# selected servo A
#META fw=tvc_char 2.1 test=K axis=0 servo_hz=333 neutral_us=1520 pulse_min=500 pulse_max=2500 win_lo=1370 win_hi=1690 pin_a=18 pin_b=19
#META imu_addr=0x69 who_am_i=0xEA gyro_cfg1=0x3F accel_cfg=0x39 gyro_div=0 gyro_lsb_per_dps=16.4000 acc_lsb_per_g=16384.0
#META i2c_err_at_start=0 deadband
#META imu_alive=1 imu_pass=0 imu_rate_hz=1908 g_mag=1.0451
#META gyro_bias_dps=2.3410,1.4072,-1.7803 gyro_noise_dps=0.1853,0.1807,0.1871 acc_noise_g=0.00391,0.00414,0.00399
#META limits_source=user axis_lo=1370 axis_hi=1690 axis_center=1520 axis_half=150
#WARN IMU health check did not pass -- see the health block above; this run is suspect
#META k_span=40 dwell_ms=250 log_hz=100
#COLS rec,t_us,phase,seq,axis,cmd_a,cmd_b,ax,ay,az,gx,gy,gz,flags
#META deadband_center=1520 idx=0
E,16446,hold,0,0,1480,1520,,,,,,,0
E,1216374,kup,0,0,1480,1520,,,,,,,0
S,1217036,kup,0,0,1480,1520,296,-1016,-17032,39,22,-33,0
S,1226990,kup,0,0,1480,1520,240,-872,-16976,46,24,-32,0
S,1236989,kup,0,0,1480,1520,240,-1096,-17024,38,25,-30,0
S,1246989,kup,0,0,1480,1520,280,-984,-17096,37,22,-29,0
S,1256989,kup,0,0,1480,1520,168,-1008,-17064,35,23,-33,0
S,1266989,kup,0,0,1480,1520,168,-984,-16960,39,24,-34,0
S,1276989,kup,0,0,1480,1520,296,-1032,-17032,40,26,-28,0
S,1286989,kup,0,0,1480,1520,336,-1008,-17056,36,24,-30,0
S,1296989,kup,0,0,1480,1520,304,-1016,-17152,41,23,-31,0
S,1306989,kup,0,0,1480,1520,336,-1048,-17048,38,25,-32,0
S,1316989,kup,0,0,1480,1520,208,-1040,-17168,40,22,-31,0
S,1326989,kup,0,0,1480,1520,256,-944,-17216,43,22,-28,0
S,1336989,kup,0,0,1480,1520,312,-952,-17072,37,22,-31,0
S,1346989,kup,0,0,1480,1520,256,-1024,-17160,33,20,-28,0
S,1356989,kup,0,0,1480,1520,248,-1024,-17088,36,21,-37,0
S,1366990,kup,0,0,1480,1520,272,-904,-17176,32,23,-29,0
S,1376989,kup,0,0,1480,1520,328,-960,-17056,32,15,-27,0
S,1386989,kup,0,0,1480,1520,272,-1032,-17192,39,26,-27,0
S,1396989,kup,0,0,1480,1520,248,-952,-17136,34,19,-24,0
S,1406989,kup,0,0,1480,1520,296,-944,-16928,36,26,-24,0
S,1416989,kup,0,0,1480,1520,280,-992,-17040,38,24,-27,0
S,1426989,kup,0,0,1480,1520,336,-872,-17096,38,23,-25,0
S,1436989,kup,0,0,1480,1520,296,-928,-17048,34,22,-24,0
S,1446989,kup,0,0,1480,1520,304,-1040,-17024,43,20,-27,0
S,1456989,kup,0,0,1480,1520,304,-1016,-17136,34,21,-33,0
S,1466990,kup,0,0,1480,1520,336,-1056,-17288,42,27,-31,0
E,1467090,kup,1,0,1481,1520,,,,,,,0
S,1467719,kup,1,0,1481,1520,336,-1056,-17288,42,27,-31,0
S,1477709,kup,1,0,1481,1520,200,-1080,-17032,34,21,-32,0
S,1487708,kup,1,0,1481,1520,1264,-936,-17160,29,-11,-21,0
S,1497708,kup,1,0,1481,1520,-224,-640,-17032,25,-13,-16,0
S,1507708,kup,1,0,1481,1520,136,-880,-17024,41,-9,-24,0
S,1517708,kup,1,0,1481,1520,80,-752,-17040,51,-1,-31,0
S,1527708,kup,1,0,1481,1520,320,-816,-17224,46,8,-28,0
S,1537708,kup,1,0,1481,1520,208,-1088,-17144,35,30,-27,0
S,1547708,kup,1,0,1481,1520,488,-928,-16624,29,36,-30,0
S,1557708,kup,1,0,1481,1520,272,-984,-17000,30,31,-26,0
S,1567708,kup,1,0,1481,1520,256,-888,-17080,42,24,-24,0
S,1577708,kup,1,0,1481,1520,280,-1032,-17200,44,18,-30,0
S,1587708,kup,1,0,1481,1520,344,-936,-17016,35,25,-31,0
S,1597708,kup,1,0,1481,1520,-8,-872,-17088,32,24,-30,0
S,1607708,kup,1,0,1481,1520,248,-984,-17224,33,21,-33,0
S,1617708,kup,1,0,1481,1520,184,-1096,-17328,40,10,-31,0
S,1627708,kup,1,0,1481,1520,296,-960,-17240,48,16,-27,0
S,1637708,kup,1,0,1481,1520,312,-832,-16856,40,24,-28,0
S,1647708,kup,1,0,1481,1520,440,-928,-16928,31,27,-31,0
S,1657708,kup,1,0,1481,1520,312,-1016,-16976,31,39,-29,0
S,1667708,kup,1,0,1481,1520,136,-792,-17304,38,27,-28,0
S,1677708,kup,1,0,1481,1520,264,-960,-17088,49,14,-29,0
S,1687708,kup,1,0,1481,1520,288,-872,-16896,42,15,-30,0
S,1697708,kup,1,0,1481,1520,272,-936,-16960,32,23,-29,0
S,1707708,kup,1,0,1481,1520,224,-1008,-17248,37,24,-28,0
S,1717708,kup,1,0,1481,1520,256,-1000,-17136,37,29,-30,0
E,1717808,kup,2,0,1482,1520,,,,,,,0
S,1718435,kup,2,0,1482,1520,232,-944,-17176,39,28,-30,0
S,1728426,kup,2,0,1482,1520,232,-1032,-17088,40,26,-34,0
S,1738425,kup,2,0,1482,1520,104,-1016,-17168,43,21,-32,0
S,1748425,kup,2,0,1482,1520,280,-960,-17128,34,22,-31,0
S,1758424,kup,2,0,1482,1520,344,-1000,-16912,35,28,-31,0
S,1768424,kup,2,0,1482,1520,304,-896,-17056,33,23,-28,0
S,1778424,kup,2,0,1482,1520,328,-1040,-17184,49,27,-29,0
S,1788424,kup,2,0,1482,1520,168,-968,-17312,43,17,-30,0
S,1798424,kup,2,0,1482,1520,168,-912,-17080,33,19,-32,0
S,1808424,kup,2,0,1482,1520,328,-920,-16856,35,25,-28,0
S,1818424,kup,2,0,1482,1520,200,-968,-17088,34,26,-30,0
S,1828424,kup,2,0,1482,1520,240,-1008,-17168,41,30,-29,0
S,1838424,kup,2,0,1482,1520,152,-984,-17144,38,23,-27,0
S,1848424,kup,2,0,1482,1520,264,-888,-17136,37,20,-28,0
S,1858424,kup,2,0,1482,1520,144,-1008,-17016,41,16,-32,0
S,1868424,kup,2,0,1482,1520,248,-944,-17104,34,27,-28,0
S,1878424,kup,2,0,1482,1520,192,-976,-17152,38,27,-30,0
S,1888424,kup,2,0,1482,1520,240,-928,-17064,41,29,-29,0
S,1898424,kup,2,0,1482,1520,232,-928,-17120,39,23,-32,0
S,1908424,kup,2,0,1482,1520,288,-1000,-17016,37,22,-31,0
S,1918424,kup,2,0,1482,1520,168,-1016,-17104,38,21,-36,0
S,1928424,kup,2,0,1482,1520,248,-1080,-17152,35,24,-31,0
S,1938424,kup,2,0,1482,1520,264,-1032,-17104,43,20,-24,0
S,1948424,kup,2,0,1482,1520,128,-960,-17056,33,27,-26,0
S,1958424,kup,2,0,1482,1520,288,-872,-17128,35,22,-29,0
S,1968424,kup,2,0,1482,1520,248,-1048,-17152,35,30,-26,0
E,1968524,kup,3,0,1483,1520,,,,,,,0
S,1969151,kup,3,0,1483,1520,248,-1048,-17152,41,23,-28,0
S,1979143,kup,3,0,1483,1520,152,-904,-17080,38,24,-31,0
S,1989141,kup,3,0,1483,1520,184,-952,-17128,38,21,-27,0
S,1999141,kup,3,0,1483,1520,168,-984,-17176,39,26,-27,0
S,2009141,kup,3,0,1483,1520,144,-1112,-17064,36,28,-27,0
S,2019141,kup,3,0,1483,1520,208,-928,-17008,41,17,-27,0
S,2029141,kup,3,0,1483,1520,96,-1056,-17168,35,25,-28,0
S,2039141,kup,3,0,1483,1520,248,-1000,-17152,40,21,-27,0
S,2049141,kup,3,0,1483,1520,80,-960,-17192,38,22,-30,0
S,2059141,kup,3,0,1483,1520,160,-984,-17024,36,25,-27,0
S,2069141,kup,3,0,1483,1520,200,-1040,-17072,38,23,-30,0
S,2079141,kup,3,0,1483,1520,240,-976,-17184,42,29,-31,0
S,2089141,kup,3,0,1483,1520,288,-1024,-17136,37,22,-30,0
S,2099141,kup,3,0,1483,1520,192,-944,-17112,40,25,-28,0
S,2109141,kup,3,0,1483,1520,304,-1096,-17120,38,20,-27,0
S,2119141,kup,3,0,1483,1520,368,-1024,-17072,38,20,-27,0
S,2129141,kup,3,0,1483,1520,200,-912,-17136,36,24,-35,0
S,2139141,kup,3,0,1483,1520,224,-1040,-17144,40,26,-33,0
S,2149141,kup,3,0,1483,1520,256,-944,-16976,40,21,-30,0
S,2159141,kup,3,0,1483,1520,328,-1080,-16952,39,25,-25,0
S,2169142,kup,3,0,1483,1520,216,-928,-17120,35,18,-23,0
S,2179141,kup,3,0,1483,1520,256,-984,-17008,38,19,-23,0
S,2189141,kup,3,0,1483,1520,192,-1024,-17088,31,27,-30,0
S,2199141,kup,3,0,1483,1520,240,-1088,-17168,40,20,-33,0
S,2209141,kup,3,0,1483,1520,184,-880,-17048,34,22,-28,0
S,2219141,kup,3,0,1483,1520,200,-1064,-17168,34,24,-25,0
E,2219246,kup,4,0,1484,1520,,,,,,,0
S,2219877,kup,4,0,1484,1520,272,-888,-17024,37,22,-26,0
S,2229868,kup,4,0,1484,1520,80,-976,-17056,40,25,-28,0
S,2239867,kup,4,0,1484,1520,224,-968,-17064,40,21,-32,0
S,2249867,kup,4,0,1484,1520,312,-872,-17064,39,22,-27,0
S,2259867,kup,4,0,1484,1520,200,-800,-17024,36,20,-25,0
S,2269867,kup,4,0,1484,1520,264,-896,-17152,39,21,-28,0
S,2279867,kup,4,0,1484,1520,232,-896,-17056,38,18,-30,0
S,2289867,kup,4,0,1484,1520,280,-1040,-16952,37,27,-28,0
S,2299867,kup,4,0,1484,1520,160,-992,-17152,41,25,-30,0
S,2309867,kup,4,0,1484,1520,328,-912,-17104,33,25,-27,0
S,2319867,kup,4,0,1484,1520,200,-1040,-17000,36,25,-30,0
S,2329867,kup,4,0,1484,1520,168,-1024,-17120,42,22,-29,0
S,2339867,kup,4,0,1484,1520,264,-1008,-17016,37,22,-31,0
S,2349867,kup,4,0,1484,1520,232,-864,-17048,37,23,-32,0
S,2359867,kup,4,0,1484,1520,176,-840,-16984,36,25,-29,0
S,2369867,kup,4,0,1484,1520,160,-1032,-16944,43,21,-32,0
S,2379867,kup,4,0,1484,1520,336,-928,-17616,41,22,-26,0
S,2389867,kup,4,0,1484,1520,-456,-920,-18744,35,24,-30,0
S,2399867,kup,4,0,1484,1520,-368,-1192,-17192,39,22,-39,0
S,2409867,kup,4,0,1484,1520,1256,-816,-16136,34,6,-31,0
S,2419867,kup,4,0,1484,1520,552,-1136,-17392,40,14,-20,0
S,2429867,kup,4,0,1484,1520,-872,-840,-17816,41,27,-34,0
S,2439867,kup,4,0,1484,1520,-256,-880,-17616,32,35,-38,0
S,2449867,kup,4,0,1484,1520,664,-968,-16672,42,17,-33,0
S,2459867,kup,4,0,1484,1520,256,-1064,-16760,35,19,-29,0
S,2469867,kup,4,0,1484,1520,-32,-1152,-17424,44,15,-24,0
E,2469967,kup,5,0,1485,1520,,,,,,,0
S,2470593,kup,5,0,1485,1520,-32,-1152,-17424,44,15,-23,0
S,2480584,kup,5,0,1485,1520,8,-1016,-17112,33,24,-27,0
S,2490584,kup,5,0,1485,1520,0,-1048,-17136,32,32,-30,0
S,2500583,kup,5,0,1485,1520,248,-1056,-16752,34,33,-25,0
S,2510583,kup,5,0,1485,1520,344,-928,-17088,32,22,-30,0
S,2520583,kup,5,0,1485,1520,304,-1120,-17008,39,19,-33,0
S,2530583,kup,5,0,1485,1520,232,-928,-16792,41,19,-34,0
S,2540583,kup,5,0,1485,1520,256,-944,-17064,36,22,-34,0
S,2550583,kup,5,0,1485,1520,208,-1152,-16944,36,23,-26,0
S,2560583,kup,5,0,1485,1520,40,-1032,-17112,34,26,-25,0
S,2570583,kup,5,0,1485,1520,72,-1048,-17112,43,21,-30,0
S,2580583,kup,5,0,1485,1520,152,-992,-17128,42,20,-28,0
S,2590583,kup,5,0,1485,1520,384,-928,-16872,39,23,-26,0
S,2600583,kup,5,0,1485,1520,432,-1024,-16928,35,26,-28,0
S,2610583,kup,5,0,1485,1520,248,-912,-17168,32,30,-24,0
S,2620583,kup,5,0,1485,1520,256,-1136,-17224,43,29,-28,0
S,2630583,kup,5,0,1485,1520,56,-1056,-17120,47,18,-31,0
S,2640583,kup,5,0,1485,1520,176,-912,-16984,39,13,-29,0
S,2650583,kup,5,0,1485,1520,344,-912,-16872,34,19,-30,0
S,2660583,kup,5,0,1485,1520,232,-904,-17136,37,30,-30,0
S,2670584,kup,5,0,1485,1520,160,-960,-17320,39,28,-30,0
S,2680583,kup,5,0,1485,1520,56,-968,-17048,38,15,-32,0
S,2690583,kup,5,0,1485,1520,256,-1080,-16912,38,15,-31,0
S,2700583,kup,5,0,1485,1520,360,-1064,-17064,31,20,-31,0
S,2710583,kup,5,0,1485,1520,192,-968,-17112,34,26,-26,0
S,2720583,kup,5,0,1485,1520,208,-1096,-17232,37,24,-32,0
E,2720683,kup,6,0,1486,1520,,,,,,,0
S,2721312,kup,6,0,1486,1520,336,-912,-17240,36,27,-31,0
S,2731303,kup,6,0,1486,1520,112,-864,-17168,47,19,-26,0
S,2741302,kup,6,0,1486,1520,256,-1080,-17032,34,13,-32,0
S,2751302,kup,6,0,1486,1520,360,-920,-16968,30,24,-26,0
S,2761302,kup,6,0,1486,1520,240,-1024,-17024,39,26,-26,0
S,2771303,kup,6,0,1486,1520,312,-896,-17096,41,25,-33,0
S,2781302,kup,6,0,1486,1520,296,-872,-17032,30,17,-29,0
S,2791302,kup,6,0,1486,1520,144,-1096,-17144,43,19,-23,0
S,2801302,kup,6,0,1486,1520,272,-952,-17232,35,24,-32,0
S,2811302,kup,6,0,1486,1520,192,-976,-16984,38,23,-32,0
S,2821302,kup,6,0,1486,1520,368,-968,-17072,37,25,-28,0
S,2831302,kup,6,0,1486,1520,208,-864,-17136,34,25,-28,0
S,2841303,kup,6,0,1486,1520,232,-1056,-17136,39,19,-30,0
S,2851302,kup,6,0,1486,1520,160,-896,-17008,33,22,-24,0
S,2861303,kup,6,0,1486,1520,272,-904,-17136,42,22,-25,0
S,2871302,kup,6,0,1486,1520,160,-1040,-17184,35,26,-31,0
S,2881302,kup,6,0,1486,1520,176,-1016,-17128,31,26,-30,0
S,2891302,kup,6,0,1486,1520,256,-1064,-17040,34,22,-29,0
S,2901302,kup,6,0,1486,1520,248,-984,-17080,42,20,-28,0
S,2911302,kup,6,0,1486,1520,176,-840,-17040,34,19,-27,0
S,2921302,kup,6,0,1486,1520,224,-960,-16992,41,20,-35,0
S,2931302,kup,6,0,1486,1520,200,-872,-17176,34,22,-27,0
S,2941302,kup,6,0,1486,1520,272,-856,-17072,40,19,-30,0
S,2951302,kup,6,0,1486,1520,256,-968,-16968,39,23,-31,0
S,2961302,kup,6,0,1486,1520,168,-1120,-17032,35,30,-23,0
S,2971302,kup,6,0,1486,1520,264,-1048,-17168,38,24,-30,0
E,2971407,kup,7,0,1487,1520,,,,,,,0
S,2972033,kup,7,0,1487,1520,232,-928,-17232,37,20,-27,0
S,2982024,kup,7,0,1487,1520,184,-960,-17160,38,24,-27,0
S,2992023,kup,7,0,1487,1520,-1872,-1480,-17504,33,20,-27,0
S,3002023,kup,7,0,1487,1520,808,-936,-17032,43,8,-30,0
S,3012023,kup,7,0,1487,1520,1016,-1248,-17056,38,2,-31,0
S,3022023,kup,7,0,1487,1520,16,-1368,-17168,32,10,-26,0
S,3032023,kup,7,0,1487,1520,176,-960,-17184,41,25,-25,0
S,3042023,kup,7,0,1487,1520,224,-816,-17216,40,30,-28,0
S,3052023,kup,7,0,1487,1520,112,-776,-17048,36,30,-32,0
S,3062023,kup,7,0,1487,1520,320,-968,-16880,24,26,-32,0
S,3072024,kup,7,0,1487,1520,240,-1088,-17088,39,23,-30,0
S,3082023,kup,7,0,1487,1520,160,-1000,-17120,40,17,-24,0
S,3092023,kup,7,0,1487,1520,160,-856,-16968,37,18,-30,0
S,3102023,kup,7,0,1487,1520,272,-1016,-17072,33,14,-23,0
S,3112023,kup,7,0,1487,1520,288,-968,-17096,36,25,-33,0
S,3122024,kup,7,0,1487,1520,192,-976,-17104,38,27,-29,0
S,3132023,kup,7,0,1487,1520,184,-776,-17160,44,33,-31,0
S,3142023,kup,7,0,1487,1520,112,-1016,-17096,41,27,-29,0
S,3152023,kup,7,0,1487,1520,208,-912,-17120,39,23,-27,0
S,3162023,kup,7,0,1487,1520,248,-936,-17024,39,14,-30,0
S,3172024,kup,7,0,1487,1520,216,-1016,-17032,38,21,-28,0
S,3182023,kup,7,0,1487,1520,176,-864,-17184,43,24,-23,0
S,3192023,kup,7,0,1487,1520,136,-992,-17008,37,29,-32,0
S,3202023,kup,7,0,1487,1520,256,-1032,-17128,36,26,-29,0
S,3212023,kup,7,0,1487,1520,240,-1040,-17064,33,25,-30,0
S,3222024,kup,7,0,1487,1520,272,-944,-17040,31,30,-27,0
E,3222123,kup,8,0,1488,1520,,,,,,,0
S,3222751,kup,8,0,1488,1520,208,-1024,-17200,37,27,-30,0
S,3232741,kup,8,0,1488,1520,216,-984,-17104,42,20,-31,0
S,3242740,kup,8,0,1488,1520,320,-1024,-17144,40,21,-25,0
S,3252740,kup,8,0,1488,1520,216,-880,-17112,31,20,-28,0
S,3262740,kup,8,0,1488,1520,176,-920,-17048,34,23,-31,0
S,3272740,kup,8,0,1488,1520,136,-960,-17024,34,25,-27,0
S,3282740,kup,8,0,1488,1520,344,-1080,-17048,36,25,-27,0
S,3292740,kup,8,0,1488,1520,264,-984,-17072,41,27,-26,0
S,3302740,kup,8,0,1488,1520,280,-832,-17136,38,17,-31,0
S,3312740,kup,8,0,1488,1520,192,-992,-17016,35,26,-33,0
S,3322740,kup,8,0,1488,1520,352,-1024,-17080,41,18,-30,0
S,3332740,kup,8,0,1488,1520,32,-1000,-17112,40,22,-26,0
S,3342740,kup,8,0,1488,1520,88,-904,-17168,41,28,-31,0
S,3352740,kup,8,0,1488,1520,288,-1000,-17040,36,29,-28,0
S,3362740,kup,8,0,1488,1520,272,-1032,-17192,40,24,-29,0
S,3372740,kup,8,0,1488,1520,272,-880,-17064,35,25,-33,0
S,3382740,kup,8,0,1488,1520,176,-992,-17176,41,22,-24,0
S,3392740,kup,8,0,1488,1520,200,-928,-17072,38,27,-28,0
S,3402740,kup,8,0,1488,1520,368,-1056,-17032,35,17,-30,0
S,3412740,kup,8,0,1488,1520,192,-928,-17072,38,20,-27,0
S,3422740,kup,8,0,1488,1520,232,-984,-17048,37,19,-30,0
S,3432740,kup,8,0,1488,1520,304,-1040,-16952,40,20,-29,0
S,3442740,kup,8,0,1488,1520,368,-992,-17160,37,30,-33,0
S,3452740,kup,8,0,1488,1520,304,-1024,-16968,31,24,-30,0
S,3462740,kup,8,0,1488,1520,208,-976,-17048,34,21,-29,0
S,3472740,kup,8,0,1488,1520,232,-1008,-17152,39,21,-29,0
E,3472840,kup,9,0,1489,1520,,,,,,,0
S,3473470,kup,9,0,1489,1520,176,-936,-17000,39,23,-24,0
S,3483461,kup,9,0,1489,1520,224,-1040,-17080,35,27,-34,0
S,3493459,kup,9,0,1489,1520,216,-976,-17072,35,23,-29,0
S,3503460,kup,9,0,1489,1520,256,-784,-17184,33,26,-24,0
S,3513459,kup,9,0,1489,1520,232,-992,-16928,38,26,-34,0
S,3523460,kup,9,0,1489,1520,224,-944,-17056,35,23,-26,0
S,3533459,kup,9,0,1489,1520,192,-816,-16984,40,24,-28,0
S,3543459,kup,9,0,1489,1520,256,-1040,-17216,38,19,-29,0
S,3553459,kup,9,0,1489,1520,176,-1056,-17128,36,18,-32,0
S,3563460,kup,9,0,1489,1520,272,-976,-17136,36,26,-32,0
S,3573459,kup,9,0,1489,1520,128,-944,-17120,33,21,-27,0
S,3583459,kup,9,0,1489,1520,176,-904,-17184,40,26,-21,0
S,3593460,kup,9,0,1489,1520,120,-984,-17160,37,27,-30,0
S,3603459,kup,9,0,1489,1520,176,-856,-17216,32,22,-31,0
S,3613459,kup,9,0,1489,1520,176,-896,-17048,37,17,-34,0
S,3623459,kup,9,0,1489,1520,184,-984,-17112,42,23,-36,0
S,3633460,kup,9,0,1489,1520,272,-984,-17128,41,25,-27,0
S,3643459,kup,9,0,1489,1520,232,-968,-17056,40,26,-25,0
S,3653459,kup,9,0,1489,1520,80,-1032,-17064,31,23,-31,0
S,3663459,kup,9,0,1489,1520,200,-944,-17168,41,22,-31,0
S,3673460,kup,9,0,1489,1520,184,-1000,-17160,34,28,-29,0
S,3683459,kup,9,0,1489,1520,168,-984,-17064,36,21,-33,0
S,3693459,kup,9,0,1489,1520,232,-1088,-17080,40,23,-32,0
S,3703459,kup,9,0,1489,1520,208,-880,-16984,40,19,-30,0
S,3713459,kup,9,0,1489,1520,144,-920,-17152,40,25,-29,0
S,3723459,kup,9,0,1489,1520,248,-880,-17160,35,21,-28,0
E,3723559,kup,10,0,1490,1520,,,,,,,0
S,3724187,kup,10,0,1490,1520,232,-1024,-17048,39,21,-25,0
S,3734178,kup,10,0,1490,1520,-352,-1024,-17120,38,18,-32,0
S,3744177,kup,10,0,1490,1520,-3152,-1248,-17552,34,-20,-22,0
S,3754177,kup,10,0,1490,1520,-1680,-2152,-16584,28,-55,-71,0
S,3764177,kup,10,0,1490,1520,472,-672,-17000,30,-75,-17,0
S,3774177,kup,10,0,1490,1520,448,-1008,-16920,38,-75,-9,0
S,3784177,kup,10,0,1490,1520,320,-960,-17176,53,-53,-15,0
S,3794177,kup,10,0,1490,1520,16,-1056,-16984,54,-11,-26,0
S,3804178,kup,10,0,1490,1520,280,-1176,-17064,38,39,-30,0
S,3814177,kup,10,0,1490,1520,240,-824,-17096,28,71,-32,0
S,3824177,kup,10,0,1490,1520,144,-832,-17216,19,65,-30,0
S,3834177,kup,10,0,1490,1520,176,-944,-17128,29,46,-31,0
S,3844177,kup,10,0,1490,1520,128,-1080,-17208,49,10,-29,0
S,3854177,kup,10,0,1490,1520,72,-984,-17048,54,-6,-28,0
S,3864177,kup,10,0,1490,1520,160,-992,-17120,47,-6,-30,0
S,3874177,kup,10,0,1490,1520,184,-856,-17128,41,5,-29,0
S,3884177,kup,10,0,1490,1520,160,-1136,-17128,32,29,-25,0
S,3894177,kup,10,0,1490,1520,184,-936,-17048,35,51,-33,0
S,3904177,kup,10,0,1490,1520,248,-968,-17144,32,35,-39,0
S,3914177,kup,10,0,1490,1520,168,-1104,-17120,35,34,-28,0
S,3924177,kup,10,0,1490,1520,160,-992,-17112,37,17,-29,0
S,3934177,kup,10,0,1490,1520,296,-1040,-17120,38,6,-25,0
S,3944177,kup,10,0,1490,1520,216,-1064,-17024,39,9,-31,0
S,3954177,kup,10,0,1490,1520,264,-1032,-17080,48,15,-24,0
S,3964177,kup,10,0,1490,1520,112,-808,-17184,36,31,-27,0
S,3974177,kup,10,0,1490,1520,152,-936,-17048,31,38,-24,0
E,3974278,kup,11,0,1491,1520,,,,,,,0
S,3974911,kup,11,0,1491,1520,24,-920,-17168,34,36,-27,0
S,3984902,kup,11,0,1491,1520,96,-976,-17240,38,31,-27,0
S,3994900,kup,11,0,1491,1520,216,-1000,-17104,39,26,-32,0
S,4004900,kup,11,0,1491,1520,160,-952,-17056,41,21,-31,0
S,4014900,kup,11,0,1491,1520,168,-944,-17096,44,12,-34,0
S,4024901,kup,11,0,1491,1520,208,-960,-17080,41,16,-27,0
S,4034900,kup,11,0,1491,1520,128,-968,-17184,36,29,-28,0
S,4044900,kup,11,0,1491,1520,0,-1048,-17216,35,28,-27,0
S,4054900,kup,11,0,1491,1520,312,-1056,-17080,37,27,-25,0
S,4064901,kup,11,0,1491,1520,104,-1016,-17152,38,31,-29,0
S,4074900,kup,11,0,1491,1520,80,-944,-17184,37,16,-29,0
S,4084901,kup,11,0,1491,1520,96,-984,-17200,44,18,-30,0
S,4094901,kup,11,0,1491,1520,96,-960,-17088,45,23,-30,0
S,4104900,kup,11,0,1491,1520,192,-992,-17160,33,23,-22,0
S,4114900,kup,11,0,1491,1520,104,-1000,-17088,38,26,-31,0
S,4124900,kup,11,0,1491,1520,80,-920,-17032,33,30,-27,0
S,4134900,kup,11,0,1491,1520,192,-944,-17280,36,27,-29,0
S,4144900,kup,11,0,1491,1520,224,-960,-17144,39,24,-30,0
S,4154901,kup,11,0,1491,1520,192,-992,-17112,36,22,-27,0
S,4164900,kup,11,0,1491,1520,16,-968,-17112,41,19,-29,0
S,4174900,kup,11,0,1491,1520,184,-960,-17144,47,23,-32,0
S,4184901,kup,11,0,1491,1520,160,-1024,-17120,40,23,-27,0
S,4194901,kup,11,0,1491,1520,88,-1000,-17112,28,25,-26,0
S,4204900,kup,11,0,1491,1520,152,-944,-17056,35,26,-25,0
S,4214900,kup,11,0,1491,1520,120,-968,-17008,36,22,-32,0
S,4224900,kup,11,0,1491,1520,200,-944,-17088,38,25,-24,0
E,4225001,kup,12,0,1492,1520,,,,,,,0
S,4225630,kup,12,0,1492,1520,176,-896,-17032,34,24,-32,0
S,4235620,kup,12,0,1492,1520,248,-888,-17064,42,14,-25,0
S,4245620,kup,12,0,1492,1520,96,-896,-17096,34,17,-30,0
S,4255619,kup,12,0,1492,1520,144,-1104,-17128,41,21,-28,0
S,4265619,kup,12,0,1492,1520,216,-960,-17104,40,26,-30,0
S,4275620,kup,12,0,1492,1520,120,-1008,-17080,41,21,-30,0
S,4285619,kup,12,0,1492,1520,184,-920,-16872,31,19,-32,0
S,4295619,kup,12,0,1492,1520,80,-864,-17112,38,15,-30,0
S,4305619,kup,12,0,1492,1520,32,-944,-17232,36,18,-28,0
S,4315619,kup,12,0,1492,1520,216,-1024,-17208,37,19,-31,0
S,4325619,kup,12,0,1492,1520,88,-936,-17008,36,18,-30,0
S,4335619,kup,12,0,1492,1520,176,-880,-17128,41,23,-29,0
S,4345619,kup,12,0,1492,1520,208,-1048,-17008,30,23,-28,0
S,4355619,kup,12,0,1492,1520,112,-968,-17008,43,24,-25,0
S,4365619,kup,12,0,1492,1520,160,-1024,-17096,36,22,-27,0
S,4375619,kup,12,0,1492,1520,128,-928,-17120,41,19,-26,0
S,4385619,kup,12,0,1492,1520,56,-1032,-17088,40,22,-30,0
S,4395619,kup,12,0,1492,1520,184,-904,-17088,37,23,-25,0
S,4405619,kup,12,0,1492,1520,64,-1016,-17080,40,25,-35,0
S,4415619,kup,12,0,1492,1520,200,-1080,-17152,36,25,-32,0
S,4425619,kup,12,0,1492,1520,48,-944,-17144,36,24,-28,0
S,4435619,kup,12,0,1492,1520,120,-984,-17024,35,23,-24,0
S,4445619,kup,12,0,1492,1520,248,-808,-16992,35,20,-28,0
S,4455619,kup,12,0,1492,1520,256,-896,-17032,36,23,-32,0
S,4465620,kup,12,0,1492,1520,280,-920,-16984,36,20,-28,0
S,4475620,kup,12,0,1492,1520,120,-904,-17040,36,24,-26,0
E,4475720,kup,13,0,1493,1520,,,,,,,0
S,4476349,kup,13,0,1493,1520,128,-928,-17160,34,25,-24,0
S,4486339,kup,13,0,1493,1520,-640,-1000,-17128,38,23,-30,0
S,4496338,kup,13,0,1493,1520,504,-1032,-17112,31,3,-27,0
S,4506338,kup,13,0,1493,1520,144,-1032,-17104,25,-3,-29,0
S,4516338,kup,13,0,1493,1520,200,-952,-17064,45,-4,-25,0
S,4526338,kup,13,0,1493,1520,168,-1008,-17040,52,7,-25,0
S,4536338,kup,13,0,1493,1520,176,-880,-17096,48,26,-32,0
S,4546338,kup,13,0,1493,1520,272,-904,-17200,31,36,-28,0
S,4556338,kup,13,0,1493,1520,184,-952,-16928,23,36,-33,0
S,4566338,kup,13,0,1493,1520,208,-1040,-17176,29,25,-30,0
S,4576338,kup,13,0,1493,1520,184,-992,-17040,44,25,-30,0
S,4586338,kup,13,0,1493,1520,40,-1056,-17120,49,17,-26,0
S,4596338,kup,13,0,1493,1520,80,-968,-17184,43,15,-33,0
S,4606338,kup,13,0,1493,1520,136,-1024,-17080,33,15,-31,0
S,4616338,kup,13,0,1493,1520,168,-944,-17112,36,26,-33,0
S,4626339,kup,13,0,1493,1520,88,-1000,-17024,36,32,-27,0
S,4636338,kup,13,0,1493,1520,88,-1048,-16944,36,34,-28,0
S,4646339,kup,13,0,1493,1520,304,-952,-17080,37,24,-34,0
S,4656338,kup,13,0,1493,1520,208,-1048,-17008,34,13,-28,0
S,4666338,kup,13,0,1493,1520,184,-968,-16976,30,18,-36,0
S,4676339,kup,13,0,1493,1520,80,-1032,-17064,40,15,-26,0
S,4686338,kup,13,0,1493,1520,216,-952,-17008,44,25,-27,0
S,4696338,kup,13,0,1493,1520,32,-888,-17112,36,29,-31,0
S,4706338,kup,13,0,1493,1520,80,-920,-17200,35,25,-29,0
S,4716338,kup,13,0,1493,1520,144,-1000,-17032,31,22,-29,0
S,4726338,kup,13,0,1493,1520,96,-872,-17032,36,23,-25,0
E,4726443,kup,14,0,1494,1520,,,,,,,0
S,4727071,kup,14,0,1494,1520,128,-896,-17024,36,23,-25,0
S,4737061,kup,14,0,1494,1520,184,-1064,-17176,47,24,-36,0
S,4747060,kup,14,0,1494,1520,208,-912,-17144,47,23,-32,0
S,4757060,kup,14,0,1494,1520,112,-920,-16976,39,21,-37,0
S,4767060,kup,14,0,1494,1520,72,-1032,-17008,31,27,-32,0
S,4777060,kup,14,0,1494,1520,176,-904,-17064,37,26,-30,0
S,4787060,kup,14,0,1494,1520,224,-960,-17136,34,24,-27,0
S,4797061,kup,14,0,1494,1520,168,-832,-17072,39,24,-26,0
S,4807060,kup,14,0,1494,1520,96,-1016,-17048,39,20,-33,0
S,4817060,kup,14,0,1494,1520,136,-888,-17160,35,18,-35,0
S,4827060,kup,14,0,1494,1520,176,-936,-17064,40,23,-28,0
S,4837060,kup,14,0,1494,1520,80,-1072,-17080,38,26,-26,0
S,4847061,kup,14,0,1494,1520,216,-984,-17152,41,30,-28,0
S,4857060,kup,14,0,1494,1520,144,-968,-16976,40,23,-27,0
S,4867060,kup,14,0,1494,1520,200,-1080,-17136,36,18,-30,0
S,4877060,kup,14,0,1494,1520,184,-1000,-17176,38,23,-31,0
S,4887060,kup,14,0,1494,1520,104,-984,-17016,39,24,-27,0
S,4897060,kup,14,0,1494,1520,144,-960,-17152,33,20,-26,0
S,4907060,kup,14,0,1494,1520,80,-944,-17016,41,21,-32,0
S,4917060,kup,14,0,1494,1520,144,-1008,-17016,33,24,-33,0
S,4927060,kup,14,0,1494,1520,216,-952,-17120,42,26,-31,0
S,4937060,kup,14,0,1494,1520,160,-1152,-17096,34,24,-31,0
S,4947060,kup,14,0,1494,1520,144,-952,-17088,47,24,-24,0
S,4957060,kup,14,0,1494,1520,152,-984,-17016,39,28,-27,0
S,4967060,kup,14,0,1494,1520,40,-968,-17104,36,17,-21,0
S,4977060,kup,14,0,1494,1520,128,-944,-17152,43,19,-33,0
E,4977161,kup,15,0,1495,1520,,,,,,,0
S,4977794,kup,15,0,1495,1520,104,-984,-17080,39,18,-29,0
S,4987785,kup,15,0,1495,1520,176,-1064,-17080,43,26,-30,0
S,4997784,kup,15,0,1495,1520,104,-936,-17016,39,21,-32,0
S,5007783,kup,15,0,1495,1520,-8,-1008,-17064,35,29,-33,0
S,5017784,kup,15,0,1495,1520,96,-856,-17040,43,24,-23,0
S,5027784,kup,15,0,1495,1520,312,-944,-17088,38,21,-28,0
S,5037784,kup,15,0,1495,1520,160,-1024,-17080,38,21,-32,0
S,5047784,kup,15,0,1495,1520,136,-1016,-17072,37,25,-30,0
S,5057784,kup,15,0,1495,1520,152,-960,-17000,36,18,-27,0
S,5067784,kup,15,0,1495,1520,184,-976,-17184,38,26,-28,0
S,5077784,kup,15,0,1495,1520,176,-1000,-17016,33,25,-30,0
S,5087784,kup,15,0,1495,1520,224,-1016,-17128,37,24,-30,0
S,5097783,kup,15,0,1495,1520,192,-968,-17064,33,25,-34,0
S,5107784,kup,15,0,1495,1520,64,-1008,-17152,37,23,-32,0
S,5117783,kup,15,0,1495,1520,40,-928,-17056,33,18,-31,0
S,5127784,kup,15,0,1495,1520,40,-976,-17096,40,24,-32,0
S,5137784,kup,15,0,1495,1520,192,-1064,-17008,36,25,-30,0
S,5147784,kup,15,0,1495,1520,168,-928,-17200,44,20,-30,0
S,5157784,kup,15,0,1495,1520,72,-808,-17064,40,33,-30,0
S,5167784,kup,15,0,1495,1520,80,-1024,-17112,36,25,-33,0
S,5177784,kup,15,0,1495,1520,176,-1008,-17176,34,20,-31,0
S,5187784,kup,15,0,1495,1520,16,-944,-17000,43,23,-31,0
S,5197784,kup,15,0,1495,1520,40,-968,-17192,40,24,-27,0
S,5207783,kup,15,0,1495,1520,232,-920,-17224,32,22,-31,0
S,5217784,kup,15,0,1495,1520,184,-1000,-17088,36,21,-32,0
S,5227784,kup,15,0,1495,1520,56,-976,-17056,34,23,-22,0
E,5227884,kup,16,0,1496,1520,,,,,,,0
S,5228512,kup,16,0,1496,1520,208,-1016,-17160,34,23,-22,0
S,5238503,kup,16,0,1496,1520,104,-992,-17056,37,29,-30,0
S,5248502,kup,16,0,1496,1520,144,-936,-17104,34,24,-27,0
S,5258502,kup,16,0,1496,1520,96,-896,-17160,42,26,-24,0
S,5268502,kup,16,0,1496,1520,104,-1000,-17032,34,20,-28,0
S,5278502,kup,16,0,1496,1520,152,-1072,-17056,29,21,-27,0
S,5288502,kup,16,0,1496,1520,56,-888,-17040,39,18,-27,0
S,5298502,kup,16,0,1496,1520,104,-896,-17128,36,24,-34,0
S,5308502,kup,16,0,1496,1520,120,-976,-16944,36,26,-29,0
S,5318502,kup,16,0,1496,1520,0,-968,-17168,38,23,-30,0
S,5328502,kup,16,0,1496,1520,136,-1064,-17072,35,26,-22,0
S,5338502,kup,16,0,1496,1520,72,-1056,-17056,40,19,-32,0
S,5348502,kup,16,0,1496,1520,64,-1000,-17056,38,19,-26,0
S,5358502,kup,16,0,1496,1520,152,-936,-17048,40,24,-24,0
S,5368502,kup,16,0,1496,1520,224,-896,-17176,40,21,-32,0
S,5378502,kup,16,0,1496,1520,56,-1016,-17072,38,19,-26,0
S,5388503,kup,16,0,1496,1520,96,-1008,-17072,39,20,-30,0
S,5398502,kup,16,0,1496,1520,56,-952,-17056,38,18,-29,0
S,5408502,kup,16,0,1496,1520,56,-1008,-17168,38,25,-31,0
S,5418502,kup,16,0,1496,1520,120,-1000,-17216,33,24,-27,0
S,5428502,kup,16,0,1496,1520,128,-968,-17112,35,25,-24,0
S,5438502,kup,16,0,1496,1520,64,-984,-17168,40,23,-27,0
S,5448502,kup,16,0,1496,1520,184,-912,-17120,45,27,-32,0
S,5458502,kup,16,0,1496,1520,48,-1072,-17104,39,24,-31,0
S,5468502,kup,16,0,1496,1520,184,-1000,-17160,39,21,-30,0
S,5478502,kup,16,0,1496,1520,160,-1040,-17080,40,24,-33,0
E,5478604,kup,17,0,1497,1520,,,,,,,0
S,5479234,kup,17,0,1497,1520,112,-872,-17128,36,20,-28,0
S,5489227,kup,17,0,1497,1520,160,-896,-17064,33,24,-29,0
S,5499227,kup,17,0,1497,1520,72,-1040,-17128,37,28,-28,0
S,5509224,kup,17,0,1497,1520,96,-1064,-17272,38,23,-21,0
S,5519227,kup,17,0,1497,1520,8,-856,-17136,38,25,-35,0
S,5529227,kup,17,0,1497,1520,88,-928,-17152,36,21,-29,0
S,5539227,kup,17,0,1497,1520,248,-856,-17048,36,23,-31,0
S,5549224,kup,17,0,1497,1520,88,-832,-17168,36,25,-29,0
S,5559227,kup,17,0,1497,1520,96,-960,-17088,39,29,-23,0
S,5569227,kup,17,0,1497,1520,232,-912,-17104,33,27,-31,0
S,5579226,kup,17,0,1497,1520,104,-992,-17088,32,21,-30,0
S,5589227,kup,17,0,1497,1520,112,-992,-17064,31,26,-27,0
S,5599224,kup,17,0,1497,1520,200,-1072,-17096,37,21,-27,0
S,5609227,kup,17,0,1497,1520,168,-992,-17128,39,24,-32,0
S,5619227,kup,17,0,1497,1520,272,-952,-17096,36,16,-28,0
S,5629226,kup,17,0,1497,1520,16,-936,-17184,33,22,-30,0
S,5639227,kup,17,0,1497,1520,224,-928,-17064,40,25,-32,0
S,5649224,kup,17,0,1497,1520,128,-1128,-17080,33,27,-29,0
S,5659227,kup,17,0,1497,1520,8,-944,-17104,39,26,-28,0
S,5669227,kup,17,0,1497,1520,8,-928,-17056,38,22,-30,0
S,5679227,kup,17,0,1497,1520,168,-1096,-17120,32,25,-27,0
S,5689224,kup,17,0,1497,1520,80,-792,-17160,37,27,-36,0
S,5699227,kup,17,0,1497,1520,40,-976,-17080,38,20,-25,0
S,5709226,kup,17,0,1497,1520,232,-1000,-17088,42,22,-24,0
S,5719227,kup,17,0,1497,1520,64,-1040,-17168,36,18,-32,0
S,5729227,kup,17,0,1497,1520,216,-952,-17112,43,19,-29,0
E,5729327,kup,18,0,1498,1520,,,,,,,0
S,5729960,kup,18,0,1498,1520,216,-952,-17112,43,19,-29,0
S,5739952,kup,18,0,1498,1520,136,-1000,-17136,41,23,-29,0
S,5749950,kup,18,0,1498,1520,232,-936,-17160,39,24,-30,0
S,5759950,kup,18,0,1498,1520,144,-944,-17040,37,22,-32,0
S,5769950,kup,18,0,1498,1520,80,-1032,-17048,35,23,-34,0
S,5779950,kup,18,0,1498,1520,160,-1040,-17104,40,26,-24,0
S,5789951,kup,18,0,1498,1520,112,-944,-17160,36,23,-30,0
S,5799950,kup,18,0,1498,1520,184,-968,-17080,37,22,-25,0
S,5809950,kup,18,0,1498,1520,144,-968,-17152,39,24,-23,0
S,5819950,kup,18,0,1498,1520,112,-928,-17016,39,23,-32,0
S,5829950,kup,18,0,1498,1520,128,-992,-17088,36,19,-25,0
S,5839951,kup,18,0,1498,1520,88,-960,-17136,38,20,-31,0
S,5849950,kup,18,0,1498,1520,216,-968,-17112,32,24,-30,0
S,5859951,kup,18,0,1498,1520,264,-976,-17104,36,19,-31,0
S,5869950,kup,18,0,1498,1520,96,-936,-17008,32,26,-24,0
S,5879950,kup,18,0,1498,1520,120,-912,-17192,36,19,-30,0
S,5889950,kup,18,0,1498,1520,136,-952,-17064,38,25,-26,0
S,5899950,kup,18,0,1498,1520,152,-1024,-17144,36,22,-31,0
S,5909950,kup,18,0,1498,1520,128,-968,-17096,43,25,-27,0
S,5919950,kup,18,0,1498,1520,200,-944,-17176,34,19,-31,0
S,5929950,kup,18,0,1498,1520,184,-880,-17112,42,24,-33,0
S,5939950,kup,18,0,1498,1520,168,-912,-17072,41,14,-28,0
S,5949950,kup,18,0,1498,1520,80,-1072,-17256,38,25,-27,0
S,5959950,kup,18,0,1498,1520,128,-928,-17104,39,23,-27,0
S,5969950,kup,18,0,1498,1520,168,-1080,-17048,41,26,-25,0
S,5979950,kup,18,0,1498,1520,104,-928,-17136,40,24,-30,0
E,5980051,kup,19,0,1499,1520,,,,,,,0
S,5980680,kup,19,0,1499,1520,152,-1016,-17080,35,20,-27,0
S,5990671,kup,19,0,1499,1520,-856,-1128,-17152,39,9,-33,0
S,6000669,kup,19,0,1499,1520,2816,808,-16488,37,-22,-57,0
S,6010669,kup,19,0,1499,1520,1080,216,-16704,34,-67,-19,0
S,6020669,kup,19,0,1499,1520,128,-840,-17056,26,-76,-18,0
S,6030669,kup,19,0,1499,1520,448,-952,-16992,43,-77,-12,0
S,6040669,kup,19,0,1499,1520,16,-1168,-17000,51,-33,-18,0
S,6050669,kup,19,0,1499,1520,-104,-968,-16968,38,12,-22,0
S,6060669,kup,19,0,1499,1520,-8,-984,-17024,29,57,-31,0
S,6070669,kup,19,0,1499,1520,48,-928,-17072,25,76,-31,0
S,6080669,kup,19,0,1499,1520,80,-1000,-17000,29,67,-33,0
S,6090669,kup,19,0,1499,1520,176,-904,-17232,32,37,-30,0
S,6100669,kup,19,0,1499,1520,200,-920,-17216,42,9,-27,0
S,6110669,kup,19,0,1499,1520,40,-880,-17088,43,-5,-30,0
S,6120669,kup,19,0,1499,1520,104,-1040,-17160,43,-7,-24,0
S,6130669,kup,19,0,1499,1520,128,-944,-17048,39,13,-29,0
S,6140669,kup,19,0,1499,1520,48,-1016,-16944,39,33,-27,0
S,6150669,kup,19,0,1499,1520,-8,-1024,-16960,39,41,-34,0
S,6160669,kup,19,0,1499,1520,88,-960,-17248,30,38,-28,0
S,6170669,kup,19,0,1499,1520,208,-984,-17072,37,25,-28,0
S,6180669,kup,19,0,1499,1520,0,-976,-17208,39,13,-28,0
S,6190669,kup,19,0,1499,1520,24,-1016,-17152,43,6,-27,0
S,6200669,kup,19,0,1499,1520,80,-976,-17080,42,11,-34,0
S,6210669,kup,19,0,1499,1520,64,-1048,-17072,41,20,-31,0
S,6220669,kup,19,0,1499,1520,16,-976,-17056,33,29,-30,0
S,6230669,kup,19,0,1499,1520,56,-840,-17096,28,38,-29,0
E,6230769,kup,20,0,1500,1520,,,,,,,0
S,6231400,kup,20,0,1500,1520,56,-840,-17096,26,37,-31,0
S,6241391,kup,20,0,1500,1520,64,-944,-17088,33,32,-29,0
S,6251390,kup,20,0,1500,1520,72,-1056,-17200,34,19,-30,0
S,6261390,kup,20,0,1500,1520,32,-1008,-17144,37,11,-31,0
S,6271389,kup,20,0,1500,1520,0,-1032,-17120,47,14,-32,0
S,6281390,kup,20,0,1500,1520,24,-1056,-17120,36,23,-26,0
S,6291389,kup,20,0,1500,1520,-8,-1072,-17088,33,25,-27,0
S,6301390,kup,20,0,1500,1520,88,-976,-17168,38,32,-35,0
S,6311390,kup,20,0,1500,1520,40,-936,-17016,39,31,-31,0
S,6321389,kup,20,0,1500,1520,120,-1032,-17120,41,25,-29,0
S,6331390,kup,20,0,1500,1520,88,-944,-17304,35,18,-28,0
S,6341389,kup,20,0,1500,1520,208,-944,-17112,41,15,-28,0
S,6351390,kup,20,0,1500,1520,80,-1000,-17136,39,19,-26,0
S,6361390,kup,20,0,1500,1520,120,-1000,-17104,37,22,-31,0
S,6371389,kup,20,0,1500,1520,48,-1112,-17192,35,30,-28,0
S,6381389,kup,20,0,1500,1520,88,-832,-17096,34,28,-28,0
S,6391390,kup,20,0,1500,1520,176,-1000,-17040,35,27,-28,0
S,6401389,kup,20,0,1500,1520,136,-992,-17008,38,25,-33,0
S,6411390,kup,20,0,1500,1520,152,-952,-17080,35,16,-28,0
S,6421389,kup,20,0,1500,1520,8,-928,-17096,39,19,-28,0
S,6431390,kup,20,0,1500,1520,64,-1000,-17128,32,18,-27,0
S,6441389,kup,20,0,1500,1520,-56,-968,-17040,37,25,-34,0
S,6451390,kup,20,0,1500,1520,128,-936,-17056,39,30,-26,0
S,6461389,kup,20,0,1500,1520,88,-1040,-17152,41,26,-27,0
S,6471390,kup,20,0,1500,1520,120,-960,-17120,32,27,-31,0
S,6481390,kup,20,0,1500,1520,56,-1104,-17136,37,21,-32,0
E,6481491,kup,21,0,1501,1520,,,,,,,0
S,6482119,kup,21,0,1501,1520,16,-952,-17040,32,20,-32,0
S,6492110,kup,21,0,1501,1520,0,-1064,-17128,41,14,-30,0
S,6502109,kup,21,0,1501,1520,144,-1056,-17056,40,23,-28,0
S,6512110,kup,21,0,1501,1520,72,-936,-17072,41,24,-33,0
S,6522109,kup,21,0,1501,1520,48,-976,-17128,40,21,-31,0
S,6532109,kup,21,0,1501,1520,72,-1000,-17120,38,20,-27,0
S,6542109,kup,21,0,1501,1520,96,-944,-17056,37,23,-32,0
S,6552109,kup,21,0,1501,1520,56,-1008,-17120,37,21,-29,0
S,6562109,kup,21,0,1501,1520,152,-1072,-17128,36,25,-23,0
S,6572109,kup,21,0,1501,1520,152,-896,-17152,41,20,-32,0
S,6582109,kup,21,0,1501,1520,-32,-1016,-17104,36,19,-26,0
S,6592109,kup,21,0,1501,1520,120,-1000,-17184,31,19,-29,0
S,6602109,kup,21,0,1501,1520,176,-880,-17176,39,25,-25,0
S,6612109,kup,21,0,1501,1520,72,-1072,-17040,37,22,-29,0
S,6622109,kup,21,0,1501,1520,16,-968,-17088,39,22,-25,0
S,6632109,kup,21,0,1501,1520,32,-888,-17096,43,25,-36,0
S,6642109,kup,21,0,1501,1520,40,-984,-17088,36,27,-24,0
S,6652109,kup,21,0,1501,1520,128,-928,-17200,34,19,-33,0
S,6662109,kup,21,0,1501,1520,120,-944,-17136,34,25,-32,0
S,6672109,kup,21,0,1501,1520,152,-888,-17056,35,22,-28,0
S,6682109,kup,21,0,1501,1520,144,-904,-17096,34,21,-30,0
S,6692109,kup,21,0,1501,1520,168,-1088,-17088,35,24,-30,0
S,6702109,kup,21,0,1501,1520,-32,-1016,-16952,38,19,-29,0
S,6712109,kup,21,0,1501,1520,80,-1016,-17112,41,23,-33,0
S,6722109,kup,21,0,1501,1520,128,-984,-17104,33,24,-33,0
S,6732109,kup,21,0,1501,1520,80,-1008,-17184,38,24,-29,0
E,6732210,kup,22,0,1502,1520,,,,,,,0
S,6732839,kup,22,0,1502,1520,80,-1008,-17184,39,22,-26,0
S,6742829,kup,22,0,1502,1520,-392,-928,-17208,40,20,-30,0
S,6752828,kup,22,0,1502,1520,616,-712,-17240,31,13,-29,0
S,6762828,kup,22,0,1502,1520,80,-1064,-17136,32,0,-26,0
S,6772828,kup,22,0,1502,1520,120,-976,-17096,39,11,-28,0
S,6782828,kup,22,0,1502,1520,104,-1064,-17144,49,16,-23,0
S,6792828,kup,22,0,1502,1520,-104,-784,-17080,42,25,-32,0
S,6802828,kup,22,0,1502,1520,24,-1048,-17064,29,27,-30,0
S,6812828,kup,22,0,1502,1520,-72,-984,-17160,31,38,-27,0
S,6822828,kup,22,0,1502,1520,16,-1040,-17128,35,28,-31,0
S,6832828,kup,22,0,1502,1520,176,-936,-17064,43,26,-30,0
S,6842828,kup,22,0,1502,1520,128,-1040,-17040,48,17,-23,0
S,6852828,kup,22,0,1502,1520,184,-952,-17072,41,18,-35,0
S,6862828,kup,22,0,1502,1520,168,-960,-17096,32,17,-24,0
S,6872828,kup,22,0,1502,1520,72,-976,-17072,31,25,-27,0
S,6882828,kup,22,0,1502,1520,136,-1024,-17216,35,27,-28,0
S,6892828,kup,22,0,1502,1520,88,-984,-17088,40,28,-31,0
S,6902828,kup,22,0,1502,1520,-48,-1008,-17000,43,23,-29,0
S,6912828,kup,22,0,1502,1520,24,-920,-17096,37,16,-28,0
S,6922828,kup,22,0,1502,1520,-56,-928,-17056,41,20,-25,0
S,6932828,kup,22,0,1502,1520,16,-992,-17200,41,22,-32,0
S,6942828,kup,22,0,1502,1520,56,-984,-17016,43,19,-26,0
S,6952828,kup,22,0,1502,1520,56,-848,-17080,41,28,-25,0
S,6962828,kup,22,0,1502,1520,32,-896,-17056,31,25,-30,0
S,6972828,kup,22,0,1502,1520,48,-1048,-16960,36,25,-30,0
S,6982828,kup,22,0,1502,1520,96,-872,-17144,37,21,-32,0
E,6982928,kup,23,0,1503,1520,,,,,,,0
S,6983557,kup,23,0,1503,1520,-48,-992,-17104,40,15,-30,0
S,6993548,kup,23,0,1503,1520,40,-800,-17080,48,22,-31,0
S,7003547,kup,23,0,1503,1520,56,-944,-17128,40,20,-30,0
S,7013547,kup,23,0,1503,1520,96,-808,-17144,41,25,-32,0
S,7023547,kup,23,0,1503,1520,24,-1016,-17200,34,25,-27,0
S,7033546,kup,23,0,1503,1520,144,-1000,-17096,42,23,-23,0
S,7043546,kup,23,0,1503,1520,72,-920,-17088,42,19,-29,0
S,7053546,kup,23,0,1503,1520,128,-984,-17024,41,26,-33,0
S,7063547,kup,23,0,1503,1520,128,-1032,-17120,36,20,-33,0
S,7073547,kup,23,0,1503,1520,96,-960,-17056,38,21,-28,0
S,7083547,kup,23,0,1503,1520,120,-888,-17136,36,21,-30,0
S,7093546,kup,23,0,1503,1520,128,-1016,-17112,36,20,-29,0
S,7103547,kup,23,0,1503,1520,128,-1000,-17088,40,26,-28,0
S,7113546,kup,23,0,1503,1520,32,-912,-17128,37,30,-33,0
S,7123547,kup,23,0,1503,1520,8,-976,-17096,35,17,-26,0
S,7133547,kup,23,0,1503,1520,168,-840,-17136,37,24,-32,0
S,7143546,kup,23,0,1503,1520,16,-976,-17080,40,23,-27,0
S,7153546,kup,23,0,1503,1520,-32,-1000,-17216,49,24,-25,0
S,7163546,kup,23,0,1503,1520,48,-936,-17088,39,19,-29,0
S,7173547,kup,23,0,1503,1520,136,-976,-17128,37,22,-29,0
S,7183546,kup,23,0,1503,1520,-8,-1072,-16968,36,25,-31,0
S,7193546,kup,23,0,1503,1520,88,-984,-17160,41,24,-32,0
S,7203547,kup,23,0,1503,1520,96,-968,-17048,44,21,-28,0
S,7213546,kup,23,0,1503,1520,64,-920,-17144,37,20,-28,0
S,7223546,kup,23,0,1503,1520,64,-976,-17144,38,27,-28,0
S,7233546,kup,23,0,1503,1520,112,-1008,-17152,38,21,-32,0
E,7233648,kup,24,0,1504,1520,,,,,,,0
S,7234276,kup,24,0,1504,1520,56,-976,-17064,41,25,-30,0
S,7244268,kup,24,0,1504,1520,48,-960,-17008,41,26,-30,0
S,7254268,kup,24,0,1504,1520,176,-1016,-17184,30,23,-28,0
S,7264268,kup,24,0,1504,1520,16,-936,-17088,41,33,-26,0
S,7274268,kup,24,0,1504,1520,64,-960,-17040,34,20,-31,0
S,7284268,kup,24,0,1504,1520,72,-904,-17056,41,24,-26,0
S,7294268,kup,24,0,1504,1520,8,-904,-17080,37,21,-28,0
S,7304268,kup,24,0,1504,1520,176,-1016,-17224,36,23,-30,0
S,7314268,kup,24,0,1504,1520,56,-1040,-17040,41,19,-36,0
S,7324268,kup,24,0,1504,1520,64,-976,-17024,36,25,-27,0
S,7334268,kup,24,0,1504,1520,-24,-880,-17096,39,20,-28,0
S,7344268,kup,24,0,1504,1520,-48,-1008,-17096,34,19,-28,0
S,7354268,kup,24,0,1504,1520,96,-1096,-17088,41,25,-27,0
S,7364268,kup,24,0,1504,1520,56,-840,-17080,44,22,-28,0
S,7374268,kup,24,0,1504,1520,144,-1104,-17024,37,18,-29,0
S,7384268,kup,24,0,1504,1520,-72,-1008,-17008,40,23,-26,0
S,7394268,kup,24,0,1504,1520,64,-968,-16968,40,22,-21,0
S,7404268,kup,24,0,1504,1520,72,-856,-17088,41,22,-29,0
S,7414268,kup,24,0,1504,1520,176,-984,-17008,34,25,-31,0
S,7424268,kup,24,0,1504,1520,40,-968,-17072,36,19,-33,0
S,7434268,kup,24,0,1504,1520,-16,-872,-16992,39,28,-33,0
S,7444268,kup,24,0,1504,1520,-16,-1088,-17080,36,18,-25,0
S,7454268,kup,24,0,1504,1520,88,-920,-17112,37,21,-38,0
S,7464268,kup,24,0,1504,1520,16,-1016,-17000,40,19,-30,0
S,7474268,kup,24,0,1504,1520,96,-800,-17144,40,23,-29,0
S,7484268,kup,24,0,1504,1520,112,-760,-17048,34,21,-25,0
E,7484372,kup,25,0,1505,1520,,,,,,,0
S,7485001,kup,25,0,1505,1520,112,-952,-17112,41,24,-28,0
S,7494991,kup,25,0,1505,1520,-1240,-1144,-17136,38,11,-35,0
S,7504990,kup,25,0,1505,1520,2640,640,-17288,28,-45,-128,0
S,7514990,kup,25,0,1505,1520,-160,-1000,-17432,19,-67,-31,0
S,7524990,kup,25,0,1505,1520,320,-1824,-17296,30,-79,-3,0
S,7534990,kup,25,0,1505,1520,72,-1592,-16776,46,-87,-19,0
S,7544990,kup,25,0,1505,1520,-264,-576,-16880,48,-67,-12,0
S,7554990,kup,25,0,1505,1520,208,-872,-17136,50,-34,-21,0
S,7564990,kup,25,0,1505,1520,0,-808,-17176,42,8,-30,0
S,7574990,kup,25,0,1505,1520,-264,-1032,-16944,34,46,-34,0
S,7584990,kup,25,0,1505,1520,-88,-984,-17104,29,69,-32,0
S,7594990,kup,25,0,1505,1520,80,-880,-17064,28,57,-31,0
S,7604990,kup,25,0,1505,1520,64,-1032,-17064,35,30,-30,0
S,7614990,kup,25,0,1505,1520,168,-984,-16984,45,2,-27,0
S,7624990,kup,25,0,1505,1520,32,-952,-17248,46,-7,-27,0
S,7634990,kup,25,0,1505,1520,-64,-920,-17120,43,1,-25,0
S,7644990,kup,25,0,1505,1520,-32,-968,-17072,36,19,-30,0
S,7654990,kup,25,0,1505,1520,24,-920,-16960,29,37,-30,0
S,7664990,kup,25,0,1505,1520,-40,-904,-17112,32,47,-30,0
S,7674990,kup,25,0,1505,1520,-8,-960,-16984,29,34,-25,0
S,7684990,kup,25,0,1505,1520,48,-928,-17040,39,24,-27,0
S,7694990,kup,25,0,1505,1520,-32,-928,-17112,47,8,-30,0
S,7704990,kup,25,0,1505,1520,-80,-1056,-17136,42,3,-26,0
S,7714990,kup,25,0,1505,1520,-112,-976,-17184,41,14,-27,0
S,7724990,kup,25,0,1505,1520,72,-968,-17176,36,29,-33,0
S,7734990,kup,25,0,1505,1520,-16,-912,-17024,38,34,-27,0
E,7735091,kup,26,0,1506,1520,,,,,,,0
S,7735720,kup,26,0,1506,1520,-40,-1000,-17040,34,38,-30,0
S,7745712,kup,26,0,1506,1520,24,-1000,-17080,36,38,-33,0
S,7755710,kup,26,0,1506,1520,-24,-952,-17040,35,25,-28,0
S,7765710,kup,26,0,1506,1520,-16,-1008,-17136,40,12,-29,0
S,7775710,kup,26,0,1506,1520,24,-1024,-16968,44,13,-27,0
S,7785710,kup,26,0,1506,1520,-24,-944,-16976,34,15,-31,0
S,7795710,kup,26,0,1506,1520,-136,-928,-17088,39,22,-30,0
S,7805711,kup,26,0,1506,1520,24,-936,-17192,36,24,-31,0
S,7815710,kup,26,0,1506,1520,-56,-1048,-17128,40,28,-31,0
S,7825710,kup,26,0,1506,1520,24,-960,-17112,36,25,-31,0
S,7835710,kup,26,0,1506,1520,8,-1008,-16976,38,26,-26,0
S,7845710,kup,26,0,1506,1520,-96,-936,-17200,38,21,-22,0
S,7855710,kup,26,0,1506,1520,-176,-912,-17104,39,18,-29,0
S,7865710,kup,26,0,1506,1520,0,-992,-17120,38,20,-27,0
S,7875710,kup,26,0,1506,1520,-88,-1040,-17168,38,24,-31,0
S,7885710,kup,26,0,1506,1520,56,-968,-16992,36,30,-31,0
S,7895710,kup,26,0,1506,1520,8,-840,-17128,35,28,-24,0
S,7905710,kup,26,0,1506,1520,64,-1088,-17200,39,24,-37,0
S,7915710,kup,26,0,1506,1520,24,-840,-17128,37,20,-31,0
S,7925710,kup,26,0,1506,1520,-24,-968,-17184,38,22,-27,0
S,7935710,kup,26,0,1506,1520,-128,-968,-17096,36,19,-35,0
S,7945710,kup,26,0,1506,1520,32,-976,-17120,35,21,-33,0
S,7955710,kup,26,0,1506,1520,-48,-1024,-17224,41,25,-33,0
S,7965710,kup,26,0,1506,1520,-40,-1128,-17056,35,30,-32,0
S,7975710,kup,26,0,1506,1520,-48,-984,-17128,38,23,-31,0
S,7985710,kup,26,0,1506,1520,-64,-1000,-17120,38,24,-29,0
E,7985811,kup,27,0,1507,1520,,,,,,,0
S,7986440,kup,27,0,1507,1520,8,-960,-17120,37,22,-26,0
S,7996431,kup,27,0,1507,1520,16,-936,-17112,36,27,-26,0
S,8006429,kup,27,0,1507,1520,-56,-1016,-17072,38,19,-23,0
S,8016430,kup,27,0,1507,1520,8,-1000,-17080,34,18,-28,0
S,8026430,kup,27,0,1507,1520,32,-920,-17120,42,26,-29,0
S,8036430,kup,27,0,1507,1520,56,-968,-17056,31,30,-25,0
S,8046429,kup,27,0,1507,1520,-8,-968,-17112,32,24,-26,0
S,8056430,kup,27,0,1507,1520,168,-912,-17072,37,23,-31,0
S,8066429,kup,27,0,1507,1520,-96,-968,-17144,42,20,-29,0
S,8076429,kup,27,0,1507,1520,-40,-1056,-17024,35,18,-33,0
S,8086430,kup,27,0,1507,1520,80,-976,-17200,44,18,-29,0
S,8096429,kup,27,0,1507,1520,-40,-1048,-17072,44,23,-22,0
S,8106429,kup,27,0,1507,1520,-8,-1032,-17056,43,25,-28,0
S,8116429,kup,27,0,1507,1520,-96,-928,-17208,37,24,-27,0
S,8126429,kup,27,0,1507,1520,-8,-1024,-17096,38,23,-25,0
S,8136429,kup,27,0,1507,1520,56,-944,-17064,36,23,-34,0
S,8146430,kup,27,0,1507,1520,24,-896,-17104,36,20,-29,0
S,8156430,kup,27,0,1507,1520,0,-904,-17152,40,22,-25,0
S,8166430,kup,27,0,1507,1520,64,-888,-17080,39,18,-27,0
S,8176430,kup,27,0,1507,1520,-152,-896,-17104,39,28,-25,0
S,8186429,kup,27,0,1507,1520,-16,-1088,-17064,41,26,-31,0
S,8196429,kup,27,0,1507,1520,-16,-944,-17128,36,24,-30,0
S,8206430,kup,27,0,1507,1520,-40,-984,-17008,33,23,-28,0
S,8216430,kup,27,0,1507,1520,-56,-840,-17152,41,22,-31,0
S,8226430,kup,27,0,1507,1520,-96,-984,-17096,35,21,-32,0
S,8236429,kup,27,0,1507,1520,-16,-1064,-17120,35,20,-30,0
E,8236531,kup,28,0,1508,1520,,,,,,,0
S,8237160,kup,28,0,1508,1520,0,-1000,-17064,41,23,-30,0
S,8247150,kup,28,0,1508,1520,32,-840,-17048,39,22,-25,0
S,8257149,kup,28,0,1508,1520,112,-984,-17192,33,20,-30,0
S,8267149,kup,28,0,1508,1520,0,-928,-17064,37,25,-33,0
S,8277149,kup,28,0,1508,1520,64,-936,-17144,38,26,-32,0
S,8287149,kup,28,0,1508,1520,64,-1016,-17056,36,20,-28,0
S,8297149,kup,28,0,1508,1520,80,-1024,-17120,39,21,-30,0
S,8307149,kup,28,0,1508,1520,32,-1064,-17096,40,21,-34,0
S,8317149,kup,28,0,1508,1520,64,-1064,-16984,43,18,-33,0
S,8327149,kup,28,0,1508,1520,-40,-960,-17200,40,26,-28,0
S,8337149,kup,28,0,1508,1520,-112,-1016,-16992,40,21,-33,0
S,8347149,kup,28,0,1508,1520,0,-1000,-17088,42,23,-28,0
S,8357149,kup,28,0,1508,1520,-32,-1032,-17144,39,26,-28,0
S,8367149,kup,28,0,1508,1520,-32,-952,-17072,39,25,-27,0
S,8377149,kup,28,0,1508,1520,16,-984,-17064,37,21,-27,0
S,8387149,kup,28,0,1508,1520,-32,-952,-17032,38,20,-31,0
S,8397149,kup,28,0,1508,1520,-72,-992,-17040,39,20,-37,0
S,8407149,kup,28,0,1508,1520,64,-1032,-17136,38,30,-24,0
S,8417149,kup,28,0,1508,1520,48,-840,-17184,39,20,-29,0
S,8427149,kup,28,0,1508,1520,-80,-992,-17008,40,28,-25,0
S,8437150,kup,28,0,1508,1520,-24,-984,-17128,38,27,-28,0
S,8447149,kup,28,0,1508,1520,-48,-1080,-17024,36,19,-27,0
S,8457149,kup,28,0,1508,1520,-32,-880,-17104,38,26,-27,0
S,8467149,kup,28,0,1508,1520,-8,-880,-17088,42,25,-27,0
S,8477149,kup,28,0,1508,1520,16,-928,-17104,35,24,-26,0
S,8487149,kup,28,0,1508,1520,-112,-1072,-17184,43,25,-29,0
E,8487252,kup,29,0,1509,1520,,,,,,,0
S,8487885,kup,29,0,1509,1520,136,-928,-16992,35,21,-27,0
S,8497875,kup,29,0,1509,1520,-48,-1064,-17144,38,26,-33,0
S,8507873,kup,29,0,1509,1520,-8,-1104,-17080,43,26,-28,0
S,8517873,kup,29,0,1509,1520,-8,-1024,-17080,38,20,-28,0
S,8527873,kup,29,0,1509,1520,0,-888,-17104,36,25,-31,0
S,8537873,kup,29,0,1509,1520,-88,-1064,-17032,40,21,-30,0
S,8547874,kup,29,0,1509,1520,-40,-960,-17152,39,21,-27,0
S,8557873,kup,29,0,1509,1520,64,-880,-17096,39,22,-24,0
S,8567874,kup,29,0,1509,1520,48,-920,-17032,35,27,-30,0
S,8577873,kup,29,0,1509,1520,-104,-1024,-16984,37,25,-30,0
S,8587873,kup,29,0,1509,1520,16,-1088,-17096,41,18,-27,0
S,8597875,kup,29,0,1509,1520,16,-944,-17208,34,20,-28,0
S,8607873,kup,29,0,1509,1520,0,-1016,-17184,37,27,-31,0
S,8617874,kup,29,0,1509,1520,-120,-912,-17176,37,25,-30,0
S,8627873,kup,29,0,1509,1520,-72,-952,-17056,44,26,-26,0
S,8637873,kup,29,0,1509,1520,0,-1056,-17224,42,24,-27,0
S,8647874,kup,29,0,1509,1520,40,-992,-17040,39,20,-25,0
S,8657874,kup,29,0,1509,1520,-80,-1144,-17192,41,25,-26,0
S,8667873,kup,29,0,1509,1520,72,-1032,-17048,42,24,-29,0
S,8677873,kup,29,0,1509,1520,-8,-952,-17096,37,25,-24,0
S,8687875,kup,29,0,1509,1520,-8,-984,-17048,43,21,-29,0
S,8697873,kup,29,0,1509,1520,48,-1024,-17088,36,27,-31,0
S,8707874,kup,29,0,1509,1520,-40,-968,-17096,31,25,-29,0
S,8717873,kup,29,0,1509,1520,-64,-984,-17152,34,19,-30,0
S,8727874,kup,29,0,1509,1520,-24,-1048,-17048,38,22,-29,0
S,8737873,kup,29,0,1509,1520,-136,-912,-17088,40,29,-27,0
E,8737975,kup,30,0,1510,1520,,,,,,,0
S,8738603,kup,30,0,1510,1520,64,-976,-17008,42,28,-31,0
S,8748594,kup,30,0,1510,1520,-32,-1056,-17104,45,22,-28,0
S,8758593,kup,30,0,1510,1520,0,-848,-17032,38,24,-29,0
S,8768593,kup,30,0,1510,1520,-88,-960,-17120,41,20,-32,0
S,8778593,kup,30,0,1510,1520,24,-1008,-17168,43,28,-28,0
S,8788593,kup,30,0,1510,1520,40,-1056,-17136,40,25,-32,0
S,8798593,kup,30,0,1510,1520,40,-992,-17104,35,24,-30,0
S,8808593,kup,30,0,1510,1520,-64,-960,-17088,37,22,-25,0
S,8818594,kup,30,0,1510,1520,32,-1024,-17016,37,25,-32,0
S,8828593,kup,30,0,1510,1520,-152,-944,-17136,40,20,-30,0
S,8838593,kup,30,0,1510,1520,8,-952,-17024,43,24,-29,0
S,8848593,kup,30,0,1510,1520,48,-944,-17040,43,22,-33,0
S,8858593,kup,30,0,1510,1520,-32,-1000,-17184,40,22,-33,0
S,8868593,kup,30,0,1510,1520,-40,-1080,-17000,35,24,-29,0
S,8878593,kup,30,0,1510,1520,-40,-1080,-17008,34,22,-28,0
S,8888593,kup,30,0,1510,1520,40,-1016,-17016,38,21,-27,0
S,8898593,kup,30,0,1510,1520,-136,-896,-17160,37,22,-27,0
S,8908593,kup,30,0,1510,1520,-8,-936,-17184,39,21,-27,0
S,8918593,kup,30,0,1510,1520,40,-880,-17088,41,22,-30,0
S,8928593,kup,30,0,1510,1520,96,-1104,-17152,42,20,-30,0
S,8938593,kup,30,0,1510,1520,-40,-840,-17200,40,23,-27,0
S,8948593,kup,30,0,1510,1520,104,-912,-17136,39,27,-31,0
S,8958593,kup,30,0,1510,1520,-24,-1088,-17048,30,21,-29,0
S,8968593,kup,30,0,1510,1520,-64,-912,-17056,37,21,-29,0
S,8978593,kup,30,0,1510,1520,-88,-936,-17080,34,23,-32,0
S,8988593,kup,30,0,1510,1520,32,-1056,-17184,38,21,-35,0
E,8988694,kup,31,0,1511,1520,,,,,,,0
S,8989323,kup,31,0,1511,1520,-32,-952,-17104,40,22,-31,0
S,8999314,kup,31,0,1511,1520,-352,-992,-17088,42,19,-32,0
S,9009313,kup,31,0,1511,1520,2160,-1192,-16824,33,-35,-23,0
S,9019313,kup,31,0,1511,1520,936,144,-17096,37,-66,-50,0
S,9029313,kup,31,0,1511,1520,2360,344,-16336,42,-159,-7,0
S,9039313,kup,31,0,1511,1520,208,-856,-16640,46,-191,-3,0
S,9049313,kup,31,0,1511,1520,176,-1400,-17008,55,-186,0,0
S,9059313,kup,31,0,1511,1520,56,-1072,-16936,58,-134,-13,0
S,9069313,kup,31,0,1511,1520,-544,-880,-16896,51,-61,-31,0
S,9079313,kup,31,0,1511,1520,208,-984,-17000,34,33,-29,0
S,9089313,kup,31,0,1511,1520,-296,-1216,-17288,22,93,-31,0
S,9099313,kup,31,0,1511,1520,-240,-1016,-17192,20,127,-33,0
S,9109313,kup,31,0,1511,1520,-192,-904,-17168,33,125,-30,0
S,9119313,kup,31,0,1511,1520,-120,-856,-17096,41,100,-38,0
S,9129313,kup,31,0,1511,1520,-160,-1112,-17128,52,63,-27,0
S,9139313,kup,31,0,1511,1520,-240,-1048,-17256,52,30,-32,0
S,9149313,kup,31,0,1511,1520,-184,-992,-17120,42,0,-27,0
S,9159313,kup,31,0,1511,1520,-136,-1016,-17128,31,-16,-30,0
S,9169313,kup,31,0,1511,1520,-160,-1024,-17096,40,-3,-24,0
S,9179313,kup,31,0,1511,1520,-136,-920,-17024,43,21,-23,0
S,9189313,kup,31,0,1511,1520,-192,-856,-17096,48,37,-27,0
S,9199313,kup,31,0,1511,1520,-208,-984,-17048,36,45,-32,0
S,9209313,kup,31,0,1511,1520,-176,-952,-16944,32,40,-31,0
S,9219313,kup,31,0,1511,1520,8,-1048,-16976,36,33,-29,0
S,9229314,kup,31,0,1511,1520,-128,-992,-17120,40,24,-32,0
S,9239313,kup,31,0,1511,1520,-72,-968,-17072,43,13,-33,0
E,9239419,kup,32,0,1512,1520,,,,,,,0
S,9240047,kup,32,0,1512,1520,-32,-1016,-17096,42,16,-36,0
S,9250038,kup,32,0,1512,1520,-216,-1008,-17032,50,18,-29,0
S,9260037,kup,32,0,1512,1520,-128,-816,-17160,37,16,-27,0
S,9270037,kup,32,0,1512,1520,-80,-960,-16968,31,26,-29,0
S,9280037,kup,32,0,1512,1520,-232,-920,-17096,33,36,-34,0
S,9290037,kup,32,0,1512,1520,-144,-1016,-16976,39,34,-30,0
S,9300037,kup,32,0,1512,1520,-200,-1000,-17136,45,29,-33,0
S,9310037,kup,32,0,1512,1520,-208,-872,-17152,41,20,-28,0
S,9320037,kup,32,0,1512,1520,-128,-848,-17104,35,12,-24,0
S,9330037,kup,32,0,1512,1520,-232,-944,-17072,37,12,-23,0
S,9340037,kup,32,0,1512,1520,-96,-920,-17088,42,17,-29,0
S,9350037,kup,32,0,1512,1520,-224,-1008,-17088,40,26,-27,0
S,9360037,kup,32,0,1512,1520,-104,-880,-17064,40,30,-32,0
S,9370037,kup,32,0,1512,1520,-120,-976,-17096,33,25,-31,0
S,9380037,kup,32,0,1512,1520,-136,-840,-17016,36,25,-35,0
S,9390037,kup,32,0,1512,1520,-72,-944,-17080,41,24,-34,0
S,9400037,kup,32,0,1512,1520,-152,-1008,-17248,44,20,-34,0
S,9410037,kup,32,0,1512,1520,-104,-848,-17064,43,19,-28,0
S,9420037,kup,32,0,1512,1520,-184,-992,-17112,39,25,-27,0
S,9430037,kup,32,0,1512,1520,-192,-1008,-17120,35,26,-25,0
S,9440037,kup,32,0,1512,1520,-80,-992,-17040,39,30,-27,0
S,9450037,kup,32,0,1512,1520,-200,-992,-17056,42,26,-28,0
S,9460037,kup,32,0,1512,1520,-176,-944,-17072,42,29,-32,0
S,9470037,kup,32,0,1512,1520,-104,-960,-17088,40,28,-27,0
S,9480037,kup,32,0,1512,1520,-184,-984,-17032,32,23,-35,0
S,9490037,kup,32,0,1512,1520,-48,-944,-17136,36,19,-28,0
E,9490138,kup,33,0,1513,1520,,,,,,,0
S,9490770,kup,33,0,1513,1520,-240,-1032,-17104,36,19,-28,0
S,9500761,kup,33,0,1513,1520,-176,-984,-17088,43,21,-29,0
S,9510760,kup,33,0,1513,1520,-40,-928,-17128,37,31,-27,0
S,9520760,kup,33,0,1513,1520,-120,-1032,-17064,32,24,-29,0
S,9530760,kup,33,0,1513,1520,-160,-928,-17176,38,25,-24,0
S,9540760,kup,33,0,1513,1520,-64,-968,-17216,38,17,-33,0
S,9550760,kup,33,0,1513,1520,-112,-960,-17128,36,27,-26,0
S,9560760,kup,33,0,1513,1520,-144,-888,-16976,42,23,-24,0
S,9570760,kup,33,0,1513,1520,-112,-960,-17152,43,20,-30,0
S,9580760,kup,33,0,1513,1520,-112,-944,-17056,35,22,-27,0
S,9590760,kup,33,0,1513,1520,-104,-904,-17008,37,24,-26,0
S,9600760,kup,33,0,1513,1520,-112,-840,-16992,40,26,-33,0
S,9610760,kup,33,0,1513,1520,-88,-968,-17184,35,27,-29,0
S,9620760,kup,33,0,1513,1520,-120,-1056,-17144,39,26,-29,0
S,9630760,kup,33,0,1513,1520,-96,-1000,-17072,38,23,-31,0
S,9640760,kup,33,0,1513,1520,-144,-1072,-17096,34,24,-26,0
S,9650760,kup,33,0,1513,1520,-96,-1016,-17120,32,25,-29,0
S,9660760,kup,33,0,1513,1520,-112,-792,-17096,43,22,-30,0
S,9670760,kup,33,0,1513,1520,-192,-968,-17168,38,31,-29,0
S,9680760,kup,33,0,1513,1520,-120,-896,-16960,35,28,-33,0
S,9690760,kup,33,0,1513,1520,-112,-944,-17112,34,28,-33,0
S,9700760,kup,33,0,1513,1520,-144,-984,-17160,36,20,-28,0
S,9710760,kup,33,0,1513,1520,-192,-904,-17008,40,21,-21,0
S,9720760,kup,33,0,1513,1520,-192,-888,-17048,40,25,-32,0
S,9730760,kup,33,0,1513,1520,-120,-968,-17120,35,18,-27,0
S,9740760,kup,33,0,1513,1520,-136,-968,-17016,44,25,-32,0
E,9740861,kup,34,0,1514,1520,,,,,,,0
S,9741490,kup,34,0,1514,1520,-72,-872,-17144,42,27,-27,0
S,9751480,kup,34,0,1514,1520,-152,-1096,-16976,34,29,-30,0
S,9761479,kup,34,0,1514,1520,-832,-568,-17264,36,-7,-18,0
S,9771479,kup,34,0,1514,1520,-32,-200,-16776,35,-38,-13,0
S,9781479,kup,34,0,1514,1520,608,952,-17136,25,-64,-30,0
S,9791479,kup,34,0,1514,1520,1168,920,-17040,35,-138,-23,0
S,9801479,kup,34,0,1514,1520,-528,-1304,-17400,47,-128,-9,0
S,9811479,kup,34,0,1514,1520,-200,-1392,-17152,64,-93,-9,0
S,9821479,kup,34,0,1514,1520,-376,-736,-17016,69,-18,-25,0
S,9831479,kup,34,0,1514,1520,-256,-936,-16912,47,53,-31,0
S,9841479,kup,34,0,1514,1520,104,-1024,-17000,28,103,-35,0
S,9851479,kup,34,0,1514,1520,-168,-824,-17048,10,114,-35,0
S,9861479,kup,34,0,1514,1520,-288,-984,-17176,19,99,-33,0
S,9871479,kup,34,0,1514,1520,-176,-1096,-17224,34,64,-27,0
S,9881479,kup,34,0,1514,1520,-320,-1016,-17160,55,27,-31,0
S,9891479,kup,34,0,1514,1520,-296,-944,-17136,55,1,-25,0
S,9901479,kup,34,0,1514,1520,-376,-912,-17184,35,-18,-25,0
S,9911479,kup,34,0,1514,1520,-120,-1168,-17032,32,-8,-28,0
S,9921479,kup,34,0,1514,1520,-120,-864,-17032,40,15,-29,0
S,9931479,kup,34,0,1514,1520,-120,-920,-17120,43,40,-26,0
S,9941479,kup,34,0,1514,1520,-160,-928,-17208,41,44,-27,0
S,9951479,kup,34,0,1514,1520,-232,-1056,-17120,36,39,-29,0
S,9961479,kup,34,0,1514,1520,-224,-1096,-16936,30,35,-29,0
S,9971479,kup,34,0,1514,1520,-104,-856,-16808,34,17,-28,0
S,9981479,kup,34,0,1514,1520,-48,-824,-17024,39,6,-29,0
S,9991479,kup,34,0,1514,1520,-288,-1048,-17040,51,12,-28,0
E,9991582,kup,35,0,1515,1520,,,,,,,0
S,9992210,kup,35,0,1515,1520,-280,-1008,-17136,51,12,-28,0
S,10002200,kup,35,0,1515,1520,-376,-960,-17448,45,15,-30,0
S,10012199,kup,35,0,1515,1520,-264,-1016,-17304,32,23,-30,0
S,10022199,kup,35,0,1515,1520,-32,-832,-16840,33,25,-33,0
S,10032199,kup,35,0,1515,1520,0,-792,-17104,35,29,-27,0
S,10042199,kup,35,0,1515,1520,-72,-1080,-16976,39,20,-28,0
S,10052199,kup,35,0,1515,1520,88,-952,-16832,45,22,-23,0
S,10062199,kup,35,0,1515,1520,-216,-920,-16976,41,18,-27,0
S,10072199,kup,35,0,1515,1520,-112,-976,-17016,33,17,-26,0
S,10082199,kup,35,0,1515,1520,-184,-968,-17024,43,24,-26,0
S,10092199,kup,35,0,1515,1520,-208,-904,-17248,39,32,-26,0
S,10102199,kup,35,0,1515,1520,-216,-1040,-17264,42,25,-21,0
S,10112199,kup,35,0,1515,1520,-96,-856,-16936,36,26,-31,0
S,10122199,kup,35,0,1515,1520,-208,-1040,-17096,35,16,-29,0
S,10132199,kup,35,0,1515,1520,16,-1160,-17384,39,17,-33,0
S,10142199,kup,35,0,1515,1520,-40,-928,-17032,39,23,-24,0
S,10152199,kup,35,0,1515,1520,-272,-928,-16784,39,24,-25,0
S,10162199,kup,35,0,1515,1520,-184,-1032,-17312,44,22,-33,0
S,10172199,kup,35,0,1515,1520,-136,-952,-17096,35,24,-24,0
S,10182199,kup,35,0,1515,1520,-200,-880,-17096,36,25,-27,0
S,10192199,kup,35,0,1515,1520,-88,-1048,-17144,39,25,-35,0
S,10202199,kup,35,0,1515,1520,-24,-872,-17072,48,25,-36,0
S,10212199,kup,35,0,1515,1520,-72,-824,-16848,45,25,-22,0
S,10222199,kup,35,0,1515,1520,-80,-848,-17072,38,22,-27,0
S,10232199,kup,35,0,1515,1520,-352,-1056,-17392,33,24,-34,0
S,10242199,kup,35,0,1515,1520,-712,-1168,-17520,39,26,-29,0
E,10242303,kup,36,0,1516,1520,,,,,,,0
S,10242936,kup,36,0,1516,1520,-648,-1088,-17472,36,23,-27,0
S,10252927,kup,36,0,1516,1520,-296,-1248,-17464,38,27,-33,0
S,10262926,kup,36,0,1516,1520,-280,-824,-17200,45,26,-28,0
S,10272926,kup,36,0,1516,1520,-144,-912,-17112,37,21,-27,0
S,10282926,kup,36,0,1516,1520,-8,-752,-17024,41,23,-27,0
S,10292926,kup,36,0,1516,1520,-200,-832,-16960,42,23,-31,0
S,10302926,kup,36,0,1516,1520,-424,-1000,-17376,39,17,-29,0
S,10312926,kup,36,0,1516,1520,-184,-1128,-17168,41,25,-26,0
S,10322926,kup,36,0,1516,1520,-392,-784,-17176,38,27,-30,0
S,10332926,kup,36,0,1516,1520,-96,-1048,-17032,33,22,-30,0
S,10342926,kup,36,0,1516,1520,-240,-928,-17072,37,27,-32,0
S,10352926,kup,36,0,1516,1520,-280,-912,-17136,36,23,-34,0
S,10362926,kup,36,0,1516,1520,32,-928,-16864,45,21,-34,0
S,10372926,kup,36,0,1516,1520,-72,-800,-16872,37,26,-33,0
S,10382926,kup,36,0,1516,1520,-216,-1056,-17128,39,25,-27,0
S,10392926,kup,36,0,1516,1520,-224,-1184,-17216,40,20,-30,0
S,10402926,kup,36,0,1516,1520,-280,-920,-17160,41,23,-32,0
S,10412926,kup,36,0,1516,1520,-160,-1096,-17112,36,24,-28,0
S,10422926,kup,36,0,1516,1520,-248,-992,-17152,44,23,-30,0
S,10432926,kup,36,0,1516,1520,-208,-1040,-16984,35,24,-28,0
S,10442926,kup,36,0,1516,1520,-200,-992,-16896,37,26,-32,0
S,10452926,kup,36,0,1516,1520,-344,-832,-17080,38,22,-31,0
S,10462926,kup,36,0,1516,1520,-288,-928,-17048,38,24,-30,0
S,10472926,kup,36,0,1516,1520,-200,-952,-17160,42,19,-33,0
S,10482926,kup,36,0,1516,1520,-56,-864,-16832,40,22,-36,0
S,10492926,kup,36,0,1516,1520,-24,-912,-16984,33,27,-25,0
E,10493027,kup,37,0,1517,1520,,,,,,,0
S,10493658,kup,37,0,1517,1520,-24,-912,-16984,33,27,-25,0
S,10503650,kup,37,0,1517,1520,-232,-968,-16952,41,18,-29,0
S,10513648,kup,37,0,1517,1520,-24,-912,-17184,42,23,-30,0
S,10523648,kup,37,0,1517,1520,-1272,-1352,-16816,45,9,-22,0
S,10533648,kup,37,0,1517,1520,3104,112,-17048,27,-28,-84,0
S,10543648,kup,37,0,1517,1520,-40,-2304,-16712,22,-69,-34,0
S,10553648,kup,37,0,1517,1520,80,-1272,-17120,30,-81,-5,0
S,10563648,kup,37,0,1517,1520,-80,-656,-17160,58,-62,-25,0
S,10573648,kup,37,0,1517,1520,-264,-1024,-17464,58,-11,-24,0
S,10583648,kup,37,0,1517,1520,160,-984,-17096,56,36,-29,0
S,10593648,kup,37,0,1517,1520,-160,-832,-16848,37,75,-27,0
S,10603648,kup,37,0,1517,1520,-216,-792,-17088,25,88,-34,0
S,10613648,kup,37,0,1517,1520,24,-904,-17104,20,69,-29,0
S,10623648,kup,37,0,1517,1520,-128,-944,-17016,39,38,-38,0
S,10633648,kup,37,0,1517,1520,-80,-696,-16800,50,1,-25,0
S,10643647,kup,37,0,1517,1520,-48,-816,-16752,56,-16,-28,0
S,10653647,kup,37,0,1517,1520,-344,-944,-17136,49,-3,-24,0
S,10663648,kup,37,0,1517,1520,-144,-824,-17192,37,23,-27,0
S,10673648,kup,37,0,1517,1520,-384,-1152,-17008,30,38,-27,0
S,10683648,kup,37,0,1517,1520,-456,-1088,-17088,25,52,-28,0
S,10693648,kup,37,0,1517,1520,-592,-1168,-17432,32,39,-32,0
S,10703648,kup,37,0,1517,1520,-520,-1152,-17408,42,21,-25,0
S,10713648,kup,37,0,1517,1520,-432,-1160,-17520,47,3,-29,0
S,10723648,kup,37,0,1517,1520,-416,-1120,-17328,45,0,-27,0
S,10733648,kup,37,0,1517,1520,64,-840,-16784,48,9,-34,0
S,10743648,kup,37,0,1517,1520,-152,-816,-16888,39,33,-31,0
E,10743750,kup,38,0,1518,1520,,,,,,,0
S,10744383,kup,38,0,1518,1520,-208,-752,-17048,37,31,-28,0
S,10754375,kup,38,0,1518,1520,-168,-1192,-17264,29,44,-28,0
S,10764374,kup,38,0,1518,1520,-176,-1032,-16824,40,44,-35,0
S,10774373,kup,38,0,1518,1520,-464,-880,-17008,43,27,-29,0
S,10784374,kup,38,0,1518,1520,-424,-1280,-17320,40,13,-36,0
S,10794374,kup,38,0,1518,1520,-408,-912,-17248,41,11,-26,0
S,10804373,kup,38,0,1518,1520,-416,-952,-17368,43,15,-30,0
S,10814374,kup,38,0,1518,1520,-200,-1128,-17256,39,25,-31,0
S,10824374,kup,38,0,1518,1520,80,-888,-16928,37,29,-31,0
S,10834374,kup,38,0,1518,1520,8,-720,-16792,29,30,-31,0
S,10844373,kup,38,0,1518,1520,-248,-952,-16920,30,31,-35,0
S,10854373,kup,38,0,1518,1520,-280,-888,-17024,37,19,-31,0
S,10864373,kup,38,0,1518,1520,-456,-1064,-17048,43,18,-30,0
S,10874373,kup,38,0,1518,1520,-400,-1008,-17256,39,17,-26,0
S,10884373,kup,38,0,1518,1520,-328,-1168,-17272,38,15,-27,0
S,10894373,kup,38,0,1518,1520,-200,-1040,-17032,37,21,-32,0
S,10904374,kup,38,0,1518,1520,-184,-832,-16880,36,32,-31,0
S,10914373,kup,38,0,1518,1520,-176,-864,-16936,35,27,-32,0
S,10924373,kup,38,0,1518,1520,-200,-1000,-17024,45,28,-26,0
S,10934373,kup,38,0,1518,1520,-368,-1056,-17080,38,16,-26,0
S,10944374,kup,38,0,1518,1520,-416,-1024,-17272,37,21,-26,0
S,10954373,kup,38,0,1518,1520,-272,-976,-17136,37,21,-30,0
S,10964373,kup,38,0,1518,1520,-208,-888,-17144,35,22,-30,0
S,10974374,kup,38,0,1518,1520,-232,-928,-16992,36,26,-31,0
S,10984373,kup,38,0,1518,1520,-320,-1008,-17016,38,27,-31,0
S,10994373,kup,38,0,1518,1520,-200,-960,-17000,37,25,-32,0
E,10994476,kup,39,0,1519,1520,,,,,,,0
S,10995105,kup,39,0,1519,1520,-200,-960,-17000,38,25,-26,0
S,11005095,kup,39,0,1519,1520,-264,-952,-17032,37,22,-28,0
S,11015094,kup,39,0,1519,1520,-216,-1024,-17176,37,15,-29,0
S,11025094,kup,39,0,1519,1520,-232,-1056,-17136,37,18,-29,0
S,11035094,kup,39,0,1519,1520,-216,-920,-17184,42,20,-31,0
S,11045094,kup,39,0,1519,1520,-104,-968,-16968,36,31,-21,0
S,11055094,kup,39,0,1519,1520,-256,-960,-17080,34,27,-28,0
S,11065094,kup,39,0,1519,1520,-352,-1040,-17088,40,25,-31,0
S,11075094,kup,39,0,1519,1520,-288,-1008,-17008,39,20,-27,0
S,11085094,kup,39,0,1519,1520,-312,-904,-17040,34,22,-24,0
S,11095094,kup,39,0,1519,1520,-280,-1080,-17112,43,14,-32,0
S,11105094,kup,39,0,1519,1520,-360,-920,-17064,40,21,-31,0
S,11115094,kup,39,0,1519,1520,-288,-848,-17024,38,28,-24,0
S,11125094,kup,39,0,1519,1520,-240,-944,-17088,38,23,-24,0
S,11135094,kup,39,0,1519,1520,-392,-936,-17024,41,21,-31,0
S,11145094,kup,39,0,1519,1520,-376,-960,-17168,39,24,-25,0
S,11155094,kup,39,0,1519,1520,-280,-824,-17072,40,24,-32,0
S,11165094,kup,39,0,1519,1520,-144,-952,-17136,38,25,-26,0
S,11175094,kup,39,0,1519,1520,-336,-1080,-17200,36,20,-31,0
S,11185094,kup,39,0,1519,1520,-232,-968,-17032,36,21,-29,0
S,11195094,kup,39,0,1519,1520,-296,-1008,-17120,38,19,-29,0
S,11205094,kup,39,0,1519,1520,-240,-1104,-17040,42,22,-27,0
S,11215094,kup,39,0,1519,1520,-280,-936,-17176,40,21,-26,0
S,11225094,kup,39,0,1519,1520,-272,-928,-16984,39,26,-29,0
S,11235094,kup,39,0,1519,1520,-368,-872,-17080,41,26,-31,0
S,11245094,kup,39,0,1519,1520,-256,-1160,-17224,38,24,-27,0
E,11245197,kup,40,0,1520,1520,,,,,,,0
S,11245827,kup,40,0,1520,1520,-248,-936,-17080,42,24,-22,0
S,11255817,kup,40,0,1520,1520,-88,-976,-17224,35,30,-31,0
S,11265816,kup,40,0,1520,1520,608,-1312,-17312,32,-14,-35,0
S,11275816,kup,40,0,1520,1520,-16,-912,-17088,22,-29,-28,0
S,11285816,kup,40,0,1520,1520,-328,-960,-17000,36,-38,-26,0
S,11295816,kup,40,0,1520,1520,-384,-888,-17024,45,-17,-30,0
S,11305816,kup,40,0,1520,1520,-328,-984,-17064,54,12,-29,0
S,11315816,kup,40,0,1520,1520,-264,-960,-17112,47,37,-27,0
S,11325816,kup,40,0,1520,1520,-344,-1032,-16992,31,51,-31,0
S,11335816,kup,40,0,1520,1520,-312,-984,-17128,24,39,-29,0
S,11345816,kup,40,0,1520,1520,-280,-968,-17048,32,27,-26,0
S,11355816,kup,40,0,1520,1520,-232,-936,-16984,46,5,-27,0
S,11365816,kup,40,0,1520,1520,-296,-1000,-17112,55,5,-26,0
S,11375816,kup,40,0,1520,1520,-312,-1024,-17080,51,5,-34,0
S,11385816,kup,40,0,1520,1520,-320,-1000,-17088,36,19,-33,0
S,11395816,kup,40,0,1520,1520,-288,-920,-17104,28,34,-27,0
S,11405816,kup,40,0,1520,1520,-240,-984,-17032,30,38,-35,0
S,11415816,kup,40,0,1520,1520,-384,-992,-17088,38,34,-31,0
S,11425816,kup,40,0,1520,1520,-232,-888,-17064,47,27,-25,0
S,11435816,kup,40,0,1520,1520,-272,-976,-17088,40,10,-33,0
S,11445816,kup,40,0,1520,1520,-408,-1120,-17000,38,9,-27,0
S,11455816,kup,40,0,1520,1520,-344,-1008,-17120,37,14,-24,0
S,11465816,kup,40,0,1520,1520,-264,-1056,-17224,36,31,-29,0
S,11475816,kup,40,0,1520,1520,-248,-1000,-17064,40,36,-32,0
S,11485816,kup,40,0,1520,1520,-400,-928,-17128,42,35,-30,0
S,11495816,kup,40,0,1520,1520,-272,-880,-17048,33,19,-28,0
E,11495919,kup,41,0,1521,1520,,,,,,,0
S,11496548,kup,41,0,1521,1520,-272,-880,-17048,36,19,-25,0
S,11506540,kup,41,0,1521,1520,-336,-1016,-17104,34,16,-25,0
S,11516538,kup,41,0,1521,1520,-304,-896,-17224,39,14,-28,0
S,11526538,kup,41,0,1521,1520,-312,-912,-17176,42,17,-28,0
S,11536538,kup,41,0,1521,1520,-304,-968,-17136,41,24,-32,0
S,11546538,kup,41,0,1521,1520,-272,-960,-17144,33,27,-28,0
S,11556538,kup,41,0,1521,1520,-216,-944,-17120,35,30,-32,0
S,11566538,kup,41,0,1521,1520,-200,-888,-17072,34,25,-28,0
S,11576538,kup,41,0,1521,1520,-304,-984,-17056,39,15,-33,0
S,11586538,kup,41,0,1521,1520,-168,-880,-17136,38,18,-28,0
S,11596538,kup,41,0,1521,1520,-216,-896,-17016,40,15,-32,0
S,11606538,kup,41,0,1521,1520,-352,-1032,-17224,34,21,-31,0
S,11616538,kup,41,0,1521,1520,-320,-904,-16984,39,23,-38,0
S,11626538,kup,41,0,1521,1520,-232,-1072,-17120,40,26,-31,0
S,11636538,kup,41,0,1521,1520,-176,-1080,-17128,44,27,-25,0
S,11646538,kup,41,0,1521,1520,-288,-792,-17128,41,23,-29,0
S,11656538,kup,41,0,1521,1520,-408,-1088,-17216,41,20,-31,0
S,11666538,kup,41,0,1521,1520,-288,-912,-17096,43,17,-24,0
S,11676538,kup,41,0,1521,1520,-208,-1008,-17072,43,22,-38,0
S,11686538,kup,41,0,1521,1520,-312,-1104,-17080,43,24,-23,0
S,11696538,kup,41,0,1521,1520,-272,-864,-17088,33,22,-31,0
S,11706538,kup,41,0,1521,1520,-296,-992,-17152,39,27,-35,0
S,11716538,kup,41,0,1521,1520,-304,-984,-17056,38,19,-32,0
S,11726538,kup,41,0,1521,1520,-224,-968,-17096,42,22,-28,0
S,11736538,kup,41,0,1521,1520,-216,-944,-17112,36,20,-30,0
S,11746538,kup,41,0,1521,1520,-272,-936,-17080,39,19,-23,0
E,11746640,kup,42,0,1522,1520,,,,,,,0
S,11747271,kup,42,0,1522,1520,-360,-1032,-17112,42,25,-25,0
S,11757263,kup,42,0,1522,1520,-328,-944,-17184,36,21,-27,0
S,11767261,kup,42,0,1522,1520,-360,-1040,-17088,41,22,-29,0
S,11777261,kup,42,0,1522,1520,-304,-960,-17072,40,20,-30,0
S,11787262,kup,42,0,1522,1520,-352,-984,-17224,41,25,-25,0
S,11797262,kup,42,0,1522,1520,-320,-944,-17184,35,19,-31,0
S,11807261,kup,42,0,1522,1520,-344,-1040,-17152,38,22,-33,0
S,11817261,kup,42,0,1522,1520,-256,-896,-17112,42,21,-30,0
S,11827261,kup,42,0,1522,1520,-288,-952,-17040,42,20,-28,0
S,11837261,kup,42,0,1522,1520,-336,-1056,-17120,37,23,-29,0
S,11847261,kup,42,0,1522,1520,-296,-920,-17072,39,25,-31,0
S,11857261,kup,42,0,1522,1520,-208,-1072,-17040,40,17,-26,0
S,11867261,kup,42,0,1522,1520,-264,-1032,-17088,32,20,-27,0
S,11877261,kup,42,0,1522,1520,-288,-984,-17120,43,20,-25,0
S,11887261,kup,42,0,1522,1520,-200,-968,-17016,37,28,-30,0
S,11897261,kup,42,0,1522,1520,-208,-912,-17096,34,20,-30,0
S,11907261,kup,42,0,1522,1520,-272,-1008,-17032,37,23,-29,0
S,11917261,kup,42,0,1522,1520,-224,-1016,-17104,34,29,-30,0
S,11927262,kup,42,0,1522,1520,-288,-960,-17016,41,23,-29,0
S,11937262,kup,42,0,1522,1520,-184,-976,-17152,41,18,-26,0
S,11947261,kup,42,0,1522,1520,-280,-960,-17088,35,21,-25,0
S,11957261,kup,42,0,1522,1520,-280,-960,-17072,41,25,-29,0
S,11967261,kup,42,0,1522,1520,-312,-952,-17016,41,27,-32,0
S,11977261,kup,42,0,1522,1520,-288,-1064,-17112,36,19,-33,0
S,11987261,kup,42,0,1522,1520,-432,-1008,-17136,40,21,-30,0
S,11997261,kup,42,0,1522,1520,-432,-952,-17088,43,20,-27,0
E,11997364,kup,43,0,1523,1520,,,,,,,0
S,11997996,kup,43,0,1523,1520,-320,-896,-17256,38,28,-29,0
S,12007987,kup,43,0,1523,1520,-176,-992,-17224,28,23,-32,0
S,12017986,kup,43,0,1523,1520,-472,-888,-17008,37,15,-30,0
S,12027986,kup,43,0,1523,1520,-928,-1424,-17312,30,-31,-82,0
S,12037986,kup,43,0,1523,1520,-192,-1272,-17208,24,-85,-35,0
S,12047986,kup,43,0,1523,1520,-600,-1032,-17168,37,-111,-19,0
S,12057986,kup,43,0,1523,1520,-496,-936,-17152,52,-115,-17,0
S,12067986,kup,43,0,1523,1520,-192,-984,-16888,60,-82,-13,0
S,12077986,kup,43,0,1523,1520,-232,-1088,-16824,61,-35,-28,0
S,12087986,kup,43,0,1523,1520,-40,-976,-17152,43,26,-29,0
S,12097986,kup,43,0,1523,1520,-368,-768,-17000,29,73,-33,0
S,12107986,kup,43,0,1523,1520,-336,-1008,-17096,17,90,-34,0
S,12117986,kup,43,0,1523,1520,-480,-1088,-17200,25,61,-32,0
S,12127986,kup,43,0,1523,1520,-448,-1096,-17120,37,25,-30,0
S,12137986,kup,43,0,1523,1520,-456,-1008,-17088,53,-10,-26,0
S,12147986,kup,43,0,1523,1520,-288,-832,-17136,57,-21,-28,0
S,12157986,kup,43,0,1523,1520,-368,-896,-17048,48,-3,-31,0
S,12167986,kup,43,0,1523,1520,-264,-928,-16936,43,27,-32,0
S,12177986,kup,43,0,1523,1520,-296,-936,-17208,32,50,-34,0
S,12187986,kup,43,0,1523,1520,-400,-888,-17176,19,47,-35,0
S,12197986,kup,43,0,1523,1520,-440,-1024,-17040,31,38,-30,0
S,12207986,kup,43,0,1523,1520,-368,-1008,-17224,45,13,-29,0
S,12217986,kup,43,0,1523,1520,-392,-928,-16992,46,0,-26,0
S,12227986,kup,43,0,1523,1520,-216,-912,-16976,48,6,-25,0
S,12237986,kup,43,0,1523,1520,-408,-976,-17024,39,16,-26,0
S,12247986,kup,43,0,1523,1520,-464,-976,-17160,37,39,-34,0
E,12248089,kup,44,0,1524,1520,,,,,,,0
S,12248719,kup,44,0,1524,1520,-416,-1072,-17184,36,35,-38,0
S,12258710,kup,44,0,1524,1520,-296,-872,-17136,32,35,-26,0
S,12268709,kup,44,0,1524,1520,-224,-1000,-17000,30,34,-29,0
S,12278709,kup,44,0,1524,1520,-240,-960,-17064,40,19,-27,0
S,12288709,kup,44,0,1524,1520,-368,-1064,-17144,42,13,-26,0
S,12298709,kup,44,0,1524,1520,-344,-992,-17096,39,7,-30,0
S,12308709,kup,44,0,1524,1520,-344,-920,-17056,45,18,-34,0
S,12318709,kup,44,0,1524,1520,-472,-880,-17176,37,24,-27,0
S,12328709,kup,44,0,1524,1520,-312,-872,-17184,38,33,-23,0
S,12338709,kup,44,0,1524,1520,-344,-944,-17064,30,39,-31,0
S,12348709,kup,44,0,1524,1520,-344,-912,-17072,37,24,-31,0
S,12358709,kup,44,0,1524,1520,-304,-1072,-17144,37,16,-31,0
S,12368709,kup,44,0,1524,1520,-448,-968,-17040,41,21,-26,0
S,12378709,kup,44,0,1524,1520,-376,-864,-17080,41,16,-29,0
S,12388709,kup,44,0,1524,1520,-480,-904,-16936,38,18,-27,0
S,12398709,kup,44,0,1524,1520,-344,-1024,-17160,36,30,-33,0
S,12408709,kup,44,0,1524,1520,-360,-888,-17040,39,27,-30,0
S,12418709,kup,44,0,1524,1520,-400,-928,-17064,38,32,-32,0
S,12428709,kup,44,0,1524,1520,-344,-888,-16992,44,20,-33,0
S,12438709,kup,44,0,1524,1520,-384,-920,-17144,39,14,-30,0
S,12448709,kup,44,0,1524,1520,-376,-984,-17064,42,18,-29,0
S,12458709,kup,44,0,1524,1520,-208,-1096,-17128,40,22,-23,0
S,12468709,kup,44,0,1524,1520,-224,-928,-17136,41,27,-27,0
S,12478709,kup,44,0,1524,1520,-368,-888,-17072,33,29,-30,0
S,12488709,kup,44,0,1524,1520,-312,-904,-17152,40,27,-27,0
S,12498709,kup,44,0,1524,1520,-360,-944,-17024,48,18,-24,0
E,12498811,kup,45,0,1525,1520,,,,,,,0
S,12499441,kup,45,0,1525,1520,-400,-896,-17144,39,21,-30,0
S,12509431,kup,45,0,1525,1520,-376,-960,-17000,39,19,-27,0
S,12519430,kup,45,0,1525,1520,-336,-976,-17104,36,21,-34,0
S,12529430,kup,45,0,1525,1520,-456,-1008,-17088,40,22,-31,0
S,12539430,kup,45,0,1525,1520,-264,-1064,-17008,36,23,-28,0
S,12549430,kup,45,0,1525,1520,-328,-1032,-17104,37,26,-25,0
S,12559430,kup,45,0,1525,1520,-368,-872,-17080,34,23,-28,0
S,12569430,kup,45,0,1525,1520,-376,-1024,-17104,38,20,-31,0
S,12579430,kup,45,0,1525,1520,-424,-968,-17040,37,19,-32,0
S,12589430,kup,45,0,1525,1520,-376,-976,-17088,38,24,-24,0
S,12599430,kup,45,0,1525,1520,-416,-984,-17064,42,24,-30,0
S,12609430,kup,45,0,1525,1520,-368,-920,-17080,30,22,-36,0
S,12619430,kup,45,0,1525,1520,-456,-912,-17040,32,23,-31,0
S,12629430,kup,45,0,1525,1520,-344,-904,-17112,31,23,-26,0
S,12639430,kup,45,0,1525,1520,-328,-968,-17200,37,21,-24,0
S,12649430,kup,45,0,1525,1520,-368,-904,-17056,45,23,-29,0
S,12659430,kup,45,0,1525,1520,-336,-912,-17008,40,21,-20,0
S,12669430,kup,45,0,1525,1520,-392,-912,-17104,44,21,-30,0
S,12679430,kup,45,0,1525,1520,-312,-944,-17192,42,23,-26,0
S,12689430,kup,45,0,1525,1520,-368,-768,-17080,34,19,-31,0
S,12699430,kup,45,0,1525,1520,-312,-936,-17088,35,25,-33,0
S,12709430,kup,45,0,1525,1520,-400,-856,-17208,39,23,-29,0
S,12719430,kup,45,0,1525,1520,-264,-944,-17176,41,24,-27,0
S,12729430,kup,45,0,1525,1520,-328,-976,-17056,32,23,-31,0
S,12739430,kup,45,0,1525,1520,-360,-1000,-17072,40,19,-29,0
S,12749430,kup,45,0,1525,1520,-440,-976,-17136,35,25,-35,0
E,12749532,kup,46,0,1526,1520,,,,,,,0
S,12750162,kup,46,0,1526,1520,-384,-896,-17056,36,26,-29,0
S,12760152,kup,46,0,1526,1520,-352,-1024,-17032,40,26,-34,0
S,12770151,kup,46,0,1526,1520,-544,-1000,-17152,37,24,-32,0
S,12780151,kup,46,0,1526,1520,-320,-944,-17144,42,20,-30,0
S,12790151,kup,46,0,1526,1520,-256,-896,-17080,37,22,-31,0
S,12800151,kup,46,0,1526,1520,-368,-1016,-17040,41,19,-34,0
S,12810151,kup,46,0,1526,1520,-288,-952,-17240,42,23,-26,0
S,12820151,kup,46,0,1526,1520,-320,-960,-17056,38,23,-30,0
S,12830151,kup,46,0,1526,1520,-296,-1048,-16992,43,24,-33,0
S,12840151,kup,46,0,1526,1520,-344,-976,-17104,35,22,-32,0
S,12850151,kup,46,0,1526,1520,-488,-920,-17008,46,31,-30,0
S,12860151,kup,46,0,1526,1520,-456,-1072,-17080,39,22,-28,0
S,12870151,kup,46,0,1526,1520,-392,-976,-17152,33,19,-32,0
S,12880151,kup,46,0,1526,1520,-312,-952,-17080,36,24,-32,0
S,12890151,kup,46,0,1526,1520,-304,-880,-17152,32,27,-28,0
S,12900151,kup,46,0,1526,1520,-464,-864,-17128,38,22,-29,0
S,12910151,kup,46,0,1526,1520,-360,-944,-17136,36,27,-32,0
S,12920151,kup,46,0,1526,1520,-264,-1096,-17056,38,26,-25,0
S,12930151,kup,46,0,1526,1520,-288,-952,-17096,40,23,-34,0
S,12940151,kup,46,0,1526,1520,-296,-992,-17056,36,26,-32,0
S,12950151,kup,46,0,1526,1520,-328,-1008,-17168,38,21,-31,0
S,12960151,kup,46,0,1526,1520,-448,-936,-17112,41,22,-30,0
S,12970151,kup,46,0,1526,1520,-288,-1120,-17168,41,22,-28,0
S,12980151,kup,46,0,1526,1520,-216,-1040,-17224,44,15,-28,0
S,12990151,kup,46,0,1526,1520,-448,-936,-17120,40,24,-27,0
S,13000151,kup,46,0,1526,1520,-440,-1040,-17048,38,24,-29,0
E,13000254,kup,47,0,1527,1520,,,,,,,0
S,13000888,kup,47,0,1527,1520,-416,-1080,-17112,37,23,-27,0
S,13010878,kup,47,0,1527,1520,-304,-864,-17200,39,21,-29,0
S,13020878,kup,47,0,1527,1520,-352,-912,-17008,35,23,-29,0
S,13030878,kup,47,0,1527,1520,-216,-968,-17152,40,26,-25,0
S,13040878,kup,47,0,1527,1520,-352,-1024,-17208,40,21,-32,0
S,13050878,kup,47,0,1527,1520,-368,-936,-17088,35,19,-29,0
S,13060878,kup,47,0,1527,1520,-216,-992,-17160,37,23,-30,0
S,13070878,kup,47,0,1527,1520,-400,-936,-17168,41,26,-28,0
S,13080878,kup,47,0,1527,1520,-352,-960,-17096,37,22,-32,0
S,13090878,kup,47,0,1527,1520,-248,-960,-17112,45,26,-27,0
S,13100878,kup,47,0,1527,1520,-416,-1072,-17072,37,23,-29,0
S,13110878,kup,47,0,1527,1520,-384,-952,-17128,46,21,-25,0
S,13120878,kup,47,0,1527,1520,-296,-1024,-17024,35,27,-28,0
S,13130878,kup,47,0,1527,1520,-368,-848,-17064,39,24,-25,0
S,13140878,kup,47,0,1527,1520,-440,-1104,-17032,40,19,-30,0
S,13150877,kup,47,0,1527,1520,-416,-1056,-17192,39,25,-28,0
S,13160878,kup,47,0,1527,1520,-272,-880,-17136,36,19,-23,0
S,13170878,kup,47,0,1527,1520,-304,-1072,-17104,37,22,-29,0
S,13180878,kup,47,0,1527,1520,-352,-1040,-17168,40,22,-37,0
S,13190878,kup,47,0,1527,1520,-336,-912,-17120,41,25,-23,0
S,13200877,kup,47,0,1527,1520,-304,-904,-17112,39,23,-30,0
S,13210878,kup,47,0,1527,1520,-320,-1008,-17136,38,22,-30,0
S,13220878,kup,47,0,1527,1520,-464,-944,-17104,37,21,-30,0
S,13230878,kup,47,0,1527,1520,-440,-856,-17232,41,20,-26,0
S,13240878,kup,47,0,1527,1520,-344,-992,-17064,39,23,-33,0
S,13250877,kup,47,0,1527,1520,-264,-944,-17272,39,20,-27,0
E,13250980,kup,48,0,1528,1520,,,,,,,0
S,13251609,kup,48,0,1528,1520,-320,-1024,-17176,41,18,-27,0
S,13261600,kup,48,0,1528,1520,-1064,-808,-17432,33,27,-34,0
S,13271599,kup,48,0,1528,1520,1096,-1432,-17104,27,-14,-24,0
S,13281599,kup,48,0,1528,1520,-232,-648,-16960,21,-39,-22,0
S,13291599,kup,48,0,1528,1520,-680,-664,-17080,38,-33,-23,0
S,13301599,kup,48,0,1528,1520,-168,-1088,-17056,48,-7,-26,0
S,13311599,kup,48,0,1528,1520,-448,-1160,-17088,58,23,-29,0
S,13321599,kup,48,0,1528,1520,-504,-1016,-17144,44,45,-32,0
S,13331599,kup,48,0,1528,1520,-344,-1152,-17160,24,49,-25,0
S,13341599,kup,48,0,1528,1520,-512,-944,-17064,15,30,-31,0
S,13351600,kup,48,0,1528,1520,-392,-1000,-17088,35,20,-33,0
S,13361599,kup,48,0,1528,1520,-200,-960,-17080,53,7,-29,0
S,13371599,kup,48,0,1528,1520,-408,-1080,-17032,56,3,-33,0
S,13381599,kup,48,0,1528,1520,-384,-976,-17128,40,13,-32,0
S,13391599,kup,48,0,1528,1520,-400,-960,-17088,31,28,-29,0
S,13401599,kup,48,0,1528,1520,-400,-864,-17112,26,34,-34,0
S,13411599,kup,48,0,1528,1520,-312,-1024,-17016,33,37,-27,0
S,13421599,kup,48,0,1528,1520,-384,-888,-17112,37,36,-28,0
S,13431599,kup,48,0,1528,1520,-328,-944,-17176,48,17,-26,0
S,13441599,kup,48,0,1528,1520,-376,-896,-17088,38,9,-34,0
S,13451599,kup,48,0,1528,1520,-416,-992,-17152,41,9,-30,0
S,13461599,kup,48,0,1528,1520,-424,-912,-17216,38,19,-28,0
S,13471599,kup,48,0,1528,1520,-288,-1008,-17120,40,31,-35,0
S,13481599,kup,48,0,1528,1520,-408,-888,-17128,44,34,-27,0
S,13491599,kup,48,0,1528,1520,-376,-832,-17152,35,25,-32,0
S,13501599,kup,48,0,1528,1520,-328,-992,-17120,34,18,-32,0
E,13501702,kup,49,0,1529,1520,,,,,,,0
S,13502331,kup,49,0,1529,1520,-544,-936,-17024,32,19,-31,0
S,13512322,kup,49,0,1529,1520,-464,-968,-17288,43,17,-27,0
S,13522320,kup,49,0,1529,1520,-376,-888,-17024,46,13,-28,0
S,13532320,kup,49,0,1529,1520,-504,-888,-17144,44,21,-32,0
S,13542320,kup,49,0,1529,1520,-360,-952,-17112,34,25,-31,0
S,13552320,kup,49,0,1529,1520,-320,-952,-17064,29,27,-29,0
S,13562320,kup,49,0,1529,1520,-400,-1040,-17048,34,28,-30,0
S,13572320,kup,49,0,1529,1520,-328,-920,-17184,37,21,-31,0
S,13582320,kup,49,0,1529,1520,-360,-1000,-17096,37,17,-28,0
S,13592320,kup,49,0,1529,1520,-376,-1112,-17144,38,16,-29,0
S,13602321,kup,49,0,1529,1520,-360,-1016,-17104,40,22,-29,0
S,13612320,kup,49,0,1529,1520,-328,-872,-17160,37,18,-24,0
S,13622320,kup,49,0,1529,1520,-392,-960,-17240,40,27,-27,0
S,13632320,kup,49,0,1529,1520,-360,-1024,-16928,38,31,-33,0
S,13642320,kup,49,0,1529,1520,-344,-936,-16928,38,24,-27,0
S,13652320,kup,49,0,1529,1520,-464,-952,-17072,35,27,-25,0
S,13662320,kup,49,0,1529,1520,-352,-952,-17152,38,15,-24,0
S,13672320,kup,49,0,1529,1520,-416,-888,-17024,42,17,-25,0
S,13682320,kup,49,0,1529,1520,-328,-888,-17120,39,20,-23,0
S,13692320,kup,49,0,1529,1520,-400,-960,-17136,40,21,-20,0
S,13702320,kup,49,0,1529,1520,-360,-952,-17096,40,19,-35,0
S,13712320,kup,49,0,1529,1520,-384,-952,-17072,34,27,-32,0
S,13722320,kup,49,0,1529,1520,-424,-848,-17080,44,21,-31,0
S,13732320,kup,49,0,1529,1520,-408,-1024,-17112,43,27,-27,0
S,13742320,kup,49,0,1529,1520,-392,-976,-17128,36,25,-27,0
S,13752320,kup,49,0,1529,1520,-448,-960,-17032,39,20,-37,0
E,13752427,kup,50,0,1530,1520,,,,,,,0
S,13753056,kup,50,0,1530,1520,-432,-896,-17112,37,18,-28,0
S,13763047,kup,50,0,1530,1520,-408,-840,-17040,42,25,-22,0
S,13773046,kup,50,0,1530,1520,-400,-896,-17176,37,26,-30,0
S,13783046,kup,50,0,1530,1520,-408,-968,-17120,41,25,-28,0
S,13793046,kup,50,0,1530,1520,-456,-1056,-17152,43,22,-28,0
S,13803046,kup,50,0,1530,1520,-480,-1120,-17136,36,21,-28,0
S,13813046,kup,50,0,1530,1520,-320,-1064,-17080,33,25,-32,0
S,13823046,kup,50,0,1530,1520,-392,-1032,-17104,36,23,-30,0
S,13833046,kup,50,0,1530,1520,-544,-888,-17088,38,24,-25,0
S,13843046,kup,50,0,1530,1520,-376,-1024,-17104,33,22,-30,0
S,13853046,kup,50,0,1530,1520,-360,-936,-17208,33,28,-28,0
S,13863046,kup,50,0,1530,1520,-408,-880,-17064,37,20,-32,0
S,13873046,kup,50,0,1530,1520,-504,-952,-17160,36,28,-26,0
S,13883046,kup,50,0,1530,1520,-304,-952,-17032,33,21,-30,0
S,13893046,kup,50,0,1530,1520,-456,-904,-16984,45,20,-30,0
S,13903046,kup,50,0,1530,1520,-392,-984,-16984,39,23,-25,0
S,13913046,kup,50,0,1530,1520,-392,-832,-17176,42,16,-23,0
S,13923046,kup,50,0,1530,1520,-352,-1008,-17072,44,28,-27,0
S,13933046,kup,50,0,1530,1520,-304,-952,-17048,40,28,-35,0
S,13943046,kup,50,0,1530,1520,-328,-936,-17200,46,24,-29,0
S,13953046,kup,50,0,1530,1520,-344,-984,-17096,36,25,-30,0
S,13963046,kup,50,0,1530,1520,-360,-1008,-17072,42,19,-27,0
S,13973046,kup,50,0,1530,1520,-344,-968,-17216,43,19,-27,0
S,13983046,kup,50,0,1530,1520,-344,-1032,-17104,34,25,-26,0
S,13993046,kup,50,0,1530,1520,-392,-936,-16984,38,24,-25,0
S,14003046,kup,50,0,1530,1520,-408,-952,-17072,39,24,-29,0
E,14003149,kup,51,0,1531,1520,,,,,,,0
S,14003785,kup,51,0,1531,1520,-304,-960,-17136,38,22,-35,0
S,14013771,kup,51,0,1531,1520,-1032,-1056,-17168,32,17,-30,0
S,14023770,kup,51,0,1531,1520,-200,-1016,-17168,36,-36,-58,0
S,14033770,kup,51,0,1531,1520,3408,552,-16504,36,-109,-94,0
S,14043770,kup,51,0,1531,1520,952,-40,-17088,40,-164,-9,0
S,14053770,kup,51,0,1531,1520,-600,-608,-17024,44,-184,-5,0
S,14063770,kup,51,0,1531,1520,-128,-1344,-17016,48,-148,20,0
S,14073770,kup,51,0,1531,1520,-264,-1608,-16880,54,-79,-13,0
S,14083770,kup,51,0,1531,1520,-360,-744,-17024,51,23,-34,0
S,14093770,kup,51,0,1531,1520,-648,-760,-16928,37,102,-31,0
S,14103770,kup,51,0,1531,1520,-360,-856,-16952,7,131,-36,0
S,14113770,kup,51,0,1531,1520,-416,-1000,-16952,15,97,-39,0
S,14123770,kup,51,0,1531,1520,-584,-880,-17128,29,42,-36,0
S,14133770,kup,51,0,1531,1520,-448,-872,-17232,52,-6,-26,0
S,14143770,kup,51,0,1531,1520,-544,-1056,-17128,63,-29,-30,0
S,14153770,kup,51,0,1531,1520,-520,-944,-17080,49,-23,-17,0
S,14163770,kup,51,0,1531,1520,-648,-1016,-17024,44,10,-27,0
S,14173770,kup,51,0,1531,1520,-432,-1016,-16984,29,46,-31,0
S,14183770,kup,51,0,1531,1520,-400,-920,-17104,33,64,-33,0
S,14193770,kup,51,0,1531,1520,-520,-1040,-17232,28,51,-30,0
S,14203770,kup,51,0,1531,1520,-464,-864,-17168,38,26,-29,0
S,14213770,kup,51,0,1531,1520,-544,-864,-17016,44,5,-30,0
S,14223770,kup,51,0,1531,1520,-568,-976,-17048,44,-1,-22,0
S,14233770,kup,51,0,1531,1520,-520,-952,-17152,44,6,-27,0
S,14243771,kup,51,0,1531,1520,-632,-944,-17176,40,26,-27,0
S,14253770,kup,51,0,1531,1520,-504,-1024,-17056,31,36,-26,0
E,14253874,kup,52,0,1532,1520,,,,,,,0
S,14254503,kup,52,0,1532,1520,-544,-952,-17120,31,36,-26,0
S,14264494,kup,52,0,1532,1520,-488,-960,-17168,31,37,-30,0
S,14274493,kup,52,0,1532,1520,-432,-1024,-17112,35,24,-31,0
S,14284493,kup,52,0,1532,1520,-408,-976,-17000,40,17,-34,0
S,14294493,kup,52,0,1532,1520,-560,-992,-17224,46,8,-35,0
S,14304494,kup,52,0,1532,1520,-464,-968,-17120,41,14,-27,0
S,14314493,kup,52,0,1532,1520,-504,-928,-17032,38,19,-33,0
S,14324493,kup,52,0,1532,1520,-384,-872,-17024,31,29,-31,0
S,14334493,kup,52,0,1532,1520,-384,-776,-17032,34,31,-30,0
S,14344493,kup,52,0,1532,1520,-456,-920,-17120,32,35,-26,0
S,14354493,kup,52,0,1532,1520,-456,-1016,-17000,38,23,-29,0
S,14364493,kup,52,0,1532,1520,-448,-1048,-17040,44,18,-31,0
S,14374493,kup,52,0,1532,1520,-544,-896,-17080,42,17,-28,0
S,14384493,kup,52,0,1532,1520,-560,-928,-17040,32,22,-28,0
S,14394493,kup,52,0,1532,1520,-448,-928,-17072,35,28,-26,0
S,14404493,kup,52,0,1532,1520,-480,-1000,-17176,38,36,-32,0
S,14414493,kup,52,0,1532,1520,-512,-936,-17064,36,26,-33,0
S,14424493,kup,52,0,1532,1520,-680,-896,-16912,38,25,-30,0
S,14434493,kup,52,0,1532,1520,-480,-848,-17056,38,17,-30,0
S,14444493,kup,52,0,1532,1520,-488,-1072,-17144,40,16,-27,0
S,14454494,kup,52,0,1532,1520,-536,-1136,-17136,40,19,-37,0
S,14464493,kup,52,0,1532,1520,-576,-1000,-17128,39,28,-29,0
S,14474493,kup,52,0,1532,1520,-528,-888,-17008,33,26,-28,0
S,14484493,kup,52,0,1532,1520,-520,-1032,-17032,35,27,-31,0
S,14494493,kup,52,0,1532,1520,-624,-904,-17056,38,21,-25,0
S,14504493,kup,52,0,1532,1520,-496,-1024,-17072,42,15,-26,0
E,14504596,kup,53,0,1533,1520,,,,,,,0
S,14505230,kup,53,0,1533,1520,-592,-984,-17072,49,19,-31,0
S,14515216,kup,53,0,1533,1520,-560,-1008,-17080,44,20,-30,0
S,14525215,kup,53,0,1533,1520,-520,-1040,-16984,34,20,-29,0
S,14535215,kup,53,0,1533,1520,-432,-936,-16944,41,26,-34,0
S,14545215,kup,53,0,1533,1520,-464,-840,-17088,32,22,-28,0
S,14555215,kup,53,0,1533,1520,-440,-1008,-17176,42,22,-30,0
S,14565216,kup,53,0,1533,1520,-576,-952,-17128,33,20,-32,0
S,14575215,kup,53,0,1533,1520,-456,-1040,-17128,43,23,-28,0
S,14585215,kup,53,0,1533,1520,-560,-912,-17080,36,18,-29,0
S,14595215,kup,53,0,1533,1520,-472,-1056,-16984,35,23,-38,0
S,14605215,kup,53,0,1533,1520,-504,-1000,-17112,41,16,-27,0
S,14615215,kup,53,0,1533,1520,-408,-960,-17056,46,22,-32,0
S,14625215,kup,53,0,1533,1520,-352,-992,-17192,43,22,-27,0
S,14635215,kup,53,0,1533,1520,-424,-936,-17072,40,24,-34,0
S,14645215,kup,53,0,1533,1520,-432,-1000,-17184,40,25,-32,0
S,14655215,kup,53,0,1533,1520,-568,-1088,-17128,38,18,-29,0
S,14665215,kup,53,0,1533,1520,-432,-1016,-17072,40,21,-30,0
S,14675215,kup,53,0,1533,1520,-560,-1008,-17096,47,23,-33,0
S,14685215,kup,53,0,1533,1520,-544,-1024,-17064,40,20,-25,0
S,14695215,kup,53,0,1533,1520,-488,-992,-16992,36,23,-29,0
S,14705215,kup,53,0,1533,1520,-608,-1024,-17128,35,23,-34,0
S,14715216,kup,53,0,1533,1520,-464,-960,-17200,45,27,-33,0
S,14725215,kup,53,0,1533,1520,-480,-928,-17136,41,18,-29,0
S,14735215,kup,53,0,1533,1520,-424,-968,-17048,41,16,-25,0
S,14745215,kup,53,0,1533,1520,-456,-992,-17104,37,23,-35,0
S,14755216,kup,53,0,1533,1520,-464,-944,-17136,39,22,-23,0
E,14755318,kup,54,0,1534,1520,,,,,,,0
S,14755952,kup,54,0,1534,1520,-496,-1064,-17072,39,22,-23,0
S,14765943,kup,54,0,1534,1520,-512,-1016,-17072,38,23,-32,0
S,14775941,kup,54,0,1534,1520,-984,-1064,-17224,36,20,-30,0
S,14785941,kup,54,0,1534,1520,-1464,-744,-17128,34,-28,-86,0
S,14795941,kup,54,0,1534,1520,-992,-280,-17600,26,-28,-16,0
S,14805941,kup,54,0,1534,1520,-536,-1672,-17352,38,-35,-23,0
S,14815941,kup,54,0,1534,1520,-576,-1440,-17304,51,-4,-28,0
S,14825941,kup,54,0,1534,1520,-560,-720,-17216,57,30,-34,0
S,14835941,kup,54,0,1534,1520,-440,-968,-17048,44,56,-33,0
S,14845941,kup,54,0,1534,1520,-632,-944,-16968,25,55,-34,0
S,14855941,kup,54,0,1534,1520,-480,-968,-17064,20,38,-30,0
S,14865941,kup,54,0,1534,1520,-520,-984,-17128,35,18,-22,0
S,14875941,kup,54,0,1534,1520,-424,-936,-17104,52,8,-22,0
S,14885941,kup,54,0,1534,1520,-672,-976,-17136,58,4,-28,0
S,14895941,kup,54,0,1534,1520,-592,-1016,-17080,53,18,-32,0
S,14905941,kup,54,0,1534,1520,-488,-936,-16984,32,28,-32,0
S,14915941,kup,54,0,1534,1520,-608,-968,-17112,33,37,-25,0
S,14925941,kup,54,0,1534,1520,-376,-984,-17144,34,39,-33,0
S,14935941,kup,54,0,1534,1520,-432,-1040,-17168,47,31,-30,0
S,14945941,kup,54,0,1534,1520,-440,-1024,-17072,44,18,-30,0
S,14955941,kup,54,0,1534,1520,-408,-1000,-17048,42,8,-30,0
S,14965941,kup,54,0,1534,1520,-456,-904,-17000,31,9,-26,0
S,14975941,kup,54,0,1534,1520,-520,-1032,-17120,40,23,-26,0
S,14985941,kup,54,0,1534,1520,-584,-1000,-17040,44,37,-31,0
S,14995941,kup,54,0,1534,1520,-592,-808,-17048,38,36,-29,0
S,15005941,kup,54,0,1534,1520,-400,-960,-17152,35,24,-29,0
E,15006044,kup,55,0,1535,1520,,,,,,,0
S,15006673,kup,55,0,1535,1520,-576,-1032,-17128,36,24,-22,0
S,15016665,kup,55,0,1535,1520,-568,-944,-17024,30,17,-28,0
S,15026664,kup,55,0,1535,1520,-464,-1000,-17168,37,14,-33,0
S,15036663,kup,55,0,1535,1520,-536,-1040,-17048,42,14,-33,0
S,15046664,kup,55,0,1535,1520,-536,-992,-17128,39,17,-23,0
S,15056663,kup,55,0,1535,1520,-448,-976,-17016,42,28,-26,0
S,15066663,kup,55,0,1535,1520,-560,-952,-17160,30,33,-28,0
S,15076663,kup,55,0,1535,1520,-408,-1016,-17064,28,28,-27,0
S,15086663,kup,55,0,1535,1520,-528,-1048,-17096,37,20,-34,0
S,15096664,kup,55,0,1535,1520,-544,-936,-17016,43,13,-31,0
S,15106664,kup,55,0,1535,1520,-520,-896,-17096,42,16,-32,0
S,15116664,kup,55,0,1535,1520,-480,-1008,-17096,40,20,-31,0
S,15126663,kup,55,0,1535,1520,-608,-912,-17024,35,22,-28,0
S,15136663,kup,55,0,1535,1520,-536,-984,-17080,31,24,-29,0
S,15146663,kup,55,0,1535,1520,-448,-904,-17080,41,32,-32,0
S,15156664,kup,55,0,1535,1520,-504,-904,-17144,36,21,-27,0
S,15166663,kup,55,0,1535,1520,-520,-952,-16904,33,21,-25,0
S,15176663,kup,55,0,1535,1520,-496,-872,-17072,33,21,-28,0
S,15186663,kup,55,0,1535,1520,-584,-840,-17112,44,21,-30,0
S,15196663,kup,55,0,1535,1520,-552,-976,-17120,38,22,-26,0
S,15206663,kup,55,0,1535,1520,-584,-944,-17200,40,28,-30,0
S,15216663,kup,55,0,1535,1520,-520,-984,-17224,39,21,-27,0
S,15226663,kup,55,0,1535,1520,-440,-1016,-17120,37,22,-29,0
S,15236663,kup,55,0,1535,1520,-656,-952,-17160,42,22,-27,0
S,15246663,kup,55,0,1535,1520,-672,-984,-17128,38,18,-33,0
S,15256663,kup,55,0,1535,1520,-568,-928,-17040,37,17,-36,0
E,15256766,kup,56,0,1536,1520,,,,,,,0
S,15257397,kup,56,0,1536,1520,-568,-928,-17040,37,17,-36,0
S,15267388,kup,56,0,1536,1520,-536,-976,-17096,41,18,-35,0
S,15277387,kup,56,0,1536,1520,-472,-920,-16992,34,24,-32,0
S,15287387,kup,56,0,1536,1520,-504,-1000,-17064,37,22,-33,0
S,15297387,kup,56,0,1536,1520,-624,-920,-17096,38,22,-28,0
S,15307387,kup,56,0,1536,1520,-696,-944,-17176,42,22,-32,0
S,15317387,kup,56,0,1536,1520,-552,-968,-16984,38,15,-28,0
S,15327387,kup,56,0,1536,1520,-432,-968,-17064,39,27,-28,0
S,15337387,kup,56,0,1536,1520,-536,-1128,-17032,41,23,-26,0
S,15347387,kup,56,0,1536,1520,-520,-888,-17048,46,22,-25,0
S,15357387,kup,56,0,1536,1520,-440,-1064,-17200,36,20,-29,0
S,15367387,kup,56,0,1536,1520,-584,-976,-17072,40,23,-29,0
S,15377387,kup,56,0,1536,1520,-512,-1008,-17088,37,27,-27,0
S,15387387,kup,56,0,1536,1520,-528,-984,-17120,41,21,-31,0
S,15397387,kup,56,0,1536,1520,-488,-920,-17192,44,24,-27,0
S,15407388,kup,56,0,1536,1520,-568,-984,-17080,41,26,-30,0
S,15417387,kup,56,0,1536,1520,-544,-976,-17240,39,19,-28,0
S,15427387,kup,56,0,1536,1520,-480,-912,-17072,41,24,-29,0
S,15437387,kup,56,0,1536,1520,-568,-952,-17096,35,26,-28,0
S,15447387,kup,56,0,1536,1520,-488,-1096,-17144,35,22,-29,0
S,15457387,kup,56,0,1536,1520,-624,-992,-17128,42,25,-28,0
S,15467387,kup,56,0,1536,1520,-432,-1016,-17152,39,24,-29,0
S,15477387,kup,56,0,1536,1520,-512,-968,-17080,35,22,-31,0
S,15487387,kup,56,0,1536,1520,-520,-936,-17056,37,24,-31,0
S,15497387,kup,56,0,1536,1520,-608,-976,-17136,39,19,-26,0
S,15507387,kup,56,0,1536,1520,-696,-944,-16984,42,26,-24,0
E,15507490,kup,57,0,1537,1520,,,,,,,0
S,15508119,kup,57,0,1537,1520,-544,-984,-16992,45,23,-28,0
S,15518109,kup,57,0,1537,1520,-592,-872,-17016,40,21,-31,0
S,15528108,kup,57,0,1537,1520,208,-232,-17304,31,7,-35,0
S,15538108,kup,57,0,1537,1520,-840,-88,-17256,29,-17,-27,0
S,15548108,kup,57,0,1537,1520,-512,-768,-17264,31,-58,-23,0
S,15558108,kup,57,0,1537,1520,-168,-1224,-17360,40,-55,-29,0
S,15568108,kup,57,0,1537,1520,-656,-920,-17240,59,-39,-29,0
S,15578108,kup,57,0,1537,1520,-592,-824,-16896,48,-5,-32,0
S,15588108,kup,57,0,1537,1520,-560,-1024,-16936,36,29,-36,0
S,15598108,kup,57,0,1537,1520,-472,-832,-17096,27,50,-30,0
S,15608108,kup,57,0,1537,1520,-560,-944,-17056,22,56,-26,0
S,15618108,kup,57,0,1537,1520,-504,-944,-17120,32,36,-29,0
S,15628108,kup,57,0,1537,1520,-568,-952,-17128,44,11,-29,0
S,15638108,kup,57,0,1537,1520,-544,-1136,-17088,49,0,-25,0
S,15648108,kup,57,0,1537,1520,-440,-912,-16984,44,2,-23,0
S,15658108,kup,57,0,1537,1520,-584,-904,-17056,43,17,-31,0
S,15668109,kup,57,0,1537,1520,-560,-856,-17040,38,29,-31,0
S,15678108,kup,57,0,1537,1520,-592,-976,-17112,36,43,-34,0
S,15688109,kup,57,0,1537,1520,-568,-992,-17112,36,39,-24,0
S,15698109,kup,57,0,1537,1520,-408,-960,-17080,35,23,-35,0
S,15708108,kup,57,0,1537,1520,-584,-912,-17168,40,12,-30,0
S,15718108,kup,57,0,1537,1520,-464,-1016,-16976,43,5,-25,0
S,15728108,kup,57,0,1537,1520,-560,-976,-17080,41,17,-26,0
S,15738109,kup,57,0,1537,1520,-672,-1024,-17192,38,21,-31,0
S,15748108,kup,57,0,1537,1520,-544,-1000,-17056,40,33,-27,0
S,15758108,kup,57,0,1537,1520,-584,-928,-17192,32,30,-30,0
E,15758211,kup,58,0,1538,1520,,,,,,,0
S,15758840,kup,58,0,1538,1520,-584,-928,-17192,27,36,-37,0
S,15768831,kup,58,0,1538,1520,-648,-888,-16952,40,26,-34,0
S,15778830,kup,58,0,1538,1520,-528,-904,-17168,35,21,-28,0
S,15788830,kup,58,0,1538,1520,-632,-904,-17120,44,15,-30,0
S,15798830,kup,58,0,1538,1520,-528,-952,-17064,42,16,-25,0
S,15808830,kup,58,0,1538,1520,-592,-984,-17104,36,21,-29,0
S,15818830,kup,58,0,1538,1520,-592,-1064,-17072,38,32,-26,0
S,15828830,kup,58,0,1538,1520,-536,-944,-17112,34,30,-30,0
S,15838830,kup,58,0,1538,1520,-480,-1000,-16984,38,32,-33,0
S,15848831,kup,58,0,1538,1520,-504,-992,-17112,40,24,-27,0
S,15858830,kup,58,0,1538,1520,-608,-968,-17160,41,15,-32,0
S,15868830,kup,58,0,1538,1520,-552,-968,-17008,39,18,-31,0
S,15878830,kup,58,0,1538,1520,-544,-1008,-16992,39,21,-28,0
S,15888830,kup,58,0,1538,1520,-600,-920,-17152,43,21,-30,0
S,15898830,kup,58,0,1538,1520,-568,-872,-17080,41,27,-32,0
S,15908830,kup,58,0,1538,1520,-648,-888,-17088,37,21,-24,0
S,15918830,kup,58,0,1538,1520,-544,-944,-17144,33,23,-35,0
S,15928830,kup,58,0,1538,1520,-608,-1024,-17128,43,18,-24,0
S,15938830,kup,58,0,1538,1520,-592,-1024,-17104,42,18,-27,0
S,15948830,kup,58,0,1538,1520,-592,-1088,-17088,44,23,-30,0
S,15958830,kup,58,0,1538,1520,-592,-968,-17176,33,23,-32,0
S,15968830,kup,58,0,1538,1520,-536,-920,-16944,39,24,-24,0
S,15978830,kup,58,0,1538,1520,-472,-936,-16976,37,23,-39,0
S,15988830,kup,58,0,1538,1520,-576,-1024,-17056,38,21,-32,0
S,15998830,kup,58,0,1538,1520,-624,-928,-17024,42,19,-34,0
S,16008830,kup,58,0,1538,1520,-488,-880,-17144,43,19,-27,0
E,16008933,kup,59,0,1539,1520,,,,,,,0
S,16009562,kup,59,0,1539,1520,-552,-992,-17056,40,17,-32,0
S,16019554,kup,59,0,1539,1520,-624,-912,-17136,41,17,-31,0
S,16029552,kup,59,0,1539,1520,-552,-920,-17200,38,23,-35,0
S,16039552,kup,59,0,1539,1520,-600,-896,-17088,34,29,-26,0
S,16049552,kup,59,0,1539,1520,-568,-920,-17008,45,27,-31,0
S,16059552,kup,59,0,1539,1520,-488,-1016,-17136,39,25,-32,0
S,16069552,kup,59,0,1539,1520,-472,-984,-17048,36,21,-32,0
S,16079552,kup,59,0,1539,1520,-576,-992,-17128,43,16,-31,0
S,16089552,kup,59,0,1539,1520,-576,-1008,-17176,37,22,-29,0
S,16099552,kup,59,0,1539,1520,-496,-1032,-17064,40,23,-27,0
S,16109552,kup,59,0,1539,1520,-592,-944,-17088,38,17,-25,0
S,16119552,kup,59,0,1539,1520,-480,-968,-17032,32,26,-31,0
S,16129553,kup,59,0,1539,1520,-608,-992,-17032,37,28,-33,0
S,16139552,kup,59,0,1539,1520,-592,-952,-17072,40,22,-30,0
S,16149553,kup,59,0,1539,1520,-528,-888,-17016,38,25,-28,0
S,16159552,kup,59,0,1539,1520,-632,-968,-17048,43,21,-26,0
S,16169552,kup,59,0,1539,1520,-552,-1072,-17040,43,23,-31,0
S,16179553,kup,59,0,1539,1520,-568,-952,-17136,36,22,-30,0
S,16189552,kup,59,0,1539,1520,-576,-1056,-17184,33,24,-26,0
S,16199552,kup,59,0,1539,1520,-568,-952,-17024,43,22,-30,0
S,16209552,kup,59,0,1539,1520,-680,-920,-17088,33,22,-25,0
S,16219552,kup,59,0,1539,1520,-472,-952,-17016,36,29,-27,0
S,16229552,kup,59,0,1539,1520,-568,-856,-17072,38,20,-28,0
S,16239552,kup,59,0,1539,1520,-536,-920,-17160,42,19,-31,0
S,16249552,kup,59,0,1539,1520,-768,-832,-17056,39,26,-29,0
S,16259552,kup,59,0,1539,1520,-560,-904,-17120,37,22,-33,0
E,16259654,kup,60,0,1540,1520,,,,,,,0
S,16260284,kup,60,0,1540,1520,-560,-904,-17120,40,28,-34,0
S,16270275,kup,60,0,1540,1520,-640,-1128,-17024,38,21,-31,0
S,16280273,kup,60,0,1540,1520,-272,-576,-17120,36,6,-44,0
S,16290273,kup,60,0,1540,1520,-4064,-1880,-17344,27,-15,-14,0
S,16300273,kup,60,0,1540,1520,536,-1448,-16456,39,-77,-50,0
S,16310273,kup,60,0,1540,1520,-680,-928,-16696,37,-94,-26,0
S,16320274,kup,60,0,1540,1520,-648,-688,-17072,52,-98,-15,0
S,16330273,kup,60,0,1540,1520,-552,-1192,-17064,61,-61,-21,0
S,16340273,kup,60,0,1540,1520,-568,-856,-17088,48,-9,-24,0
S,16350274,kup,60,0,1540,1520,-752,-992,-17096,42,51,-29,0
S,16360273,kup,60,0,1540,1520,-560,-1000,-17152,16,75,-34,0
S,16370273,kup,60,0,1540,1520,-616,-1056,-17160,26,75,-34,0
S,16380273,kup,60,0,1540,1520,-568,-856,-17128,27,36,-37,0
S,16390273,kup,60,0,1540,1520,-464,-864,-17144,43,-1,-29,0
S,16400273,kup,60,0,1540,1520,-696,-1120,-17024,54,-14,-27,0
S,16410273,kup,60,0,1540,1520,-808,-1000,-17096,50,-10,-31,0
S,16420274,kup,60,0,1540,1520,-600,-944,-17056,45,13,-30,0
S,16430274,kup,60,0,1540,1520,-728,-1024,-17080,29,43,-33,0
S,16440273,kup,60,0,1540,1520,-648,-960,-17144,25,55,-29,0
S,16450273,kup,60,0,1540,1520,-560,-888,-17192,32,46,-29,0
S,16460273,kup,60,0,1540,1520,-688,-952,-17016,41,18,-31,0
S,16470274,kup,60,0,1540,1520,-664,-960,-17048,49,11,-30,0
S,16480274,kup,60,0,1540,1520,-688,-1032,-17112,42,1,-27,0
S,16490273,kup,60,0,1540,1520,-640,-832,-17096,41,14,-28,0
S,16500274,kup,60,0,1540,1520,-608,-968,-17040,35,30,-29,0
S,16510273,kup,60,0,1540,1520,-656,-896,-17096,30,40,-33,0
E,16510380,kup,61,0,1541,1520,,,,,,,0
S,16511009,kup,61,0,1541,1520,-568,-864,-17032,30,40,-32,0
S,16521000,kup,61,0,1541,1520,-616,-1072,-17168,37,37,-28,0
S,16530999,kup,61,0,1541,1520,-680,-1064,-17088,41,27,-28,0
S,16540999,kup,61,0,1541,1520,-616,-1064,-17016,43,12,-29,0
S,16550999,kup,61,0,1541,1520,-624,-1064,-17144,43,3,-27,0
S,16560999,kup,61,0,1541,1520,-768,-864,-17072,42,17,-30,0
S,16570999,kup,61,0,1541,1520,-728,-872,-17120,43,19,-32,0
S,16580999,kup,61,0,1541,1520,-752,-1000,-16968,36,28,-29,0
S,16590999,kup,61,0,1541,1520,-648,-928,-16968,35,32,-33,0
S,16600999,kup,61,0,1541,1520,-664,-944,-16944,34,28,-36,0
S,16610999,kup,61,0,1541,1520,-712,-1008,-17032,39,21,-27,0
S,16620999,kup,61,0,1541,1520,-760,-928,-17096,43,18,-28,0
S,16630999,kup,61,0,1541,1520,-592,-1000,-17008,42,15,-28,0
S,16640999,kup,61,0,1541,1520,-696,-1040,-17112,42,24,-31,0
S,16650999,kup,61,0,1541,1520,-744,-936,-17032,39,28,-27,0
S,16660999,kup,61,0,1541,1520,-712,-1120,-16904,35,33,-28,0
S,16670999,kup,61,0,1541,1520,-624,-1024,-17128,36,39,-28,0
S,16680999,kup,61,0,1541,1520,-768,-904,-17104,42,22,-32,0
S,16690999,kup,61,0,1541,1520,-568,-848,-16992,43,19,-31,0
S,16700999,kup,61,0,1541,1520,-608,-1088,-17056,46,19,-32,0
S,16710999,kup,61,0,1541,1520,-600,-1016,-17096,44,17,-27,0
S,16720999,kup,61,0,1541,1520,-672,-992,-17144,38,25,-31,0
S,16730999,kup,61,0,1541,1520,-560,-864,-17104,40,30,-31,0
S,16740999,kup,61,0,1541,1520,-664,-1048,-17168,36,30,-33,0
S,16750999,kup,61,0,1541,1520,-680,-904,-17160,40,24,-32,0
S,16760999,kup,61,0,1541,1520,-696,-864,-16920,43,21,-23,0
E,16761102,kup,62,0,1542,1520,,,,,,,0
S,16761732,kup,62,0,1542,1520,-720,-936,-17016,36,20,-26,0
S,16771722,kup,62,0,1542,1520,-440,-1064,-16992,43,21,-25,0
S,16781722,kup,62,0,1542,1520,-768,-912,-17056,35,22,-28,0
S,16791722,kup,62,0,1542,1520,-648,-920,-17104,36,26,-31,0
S,16801722,kup,62,0,1542,1520,-736,-1024,-17128,39,27,-29,0
S,16811721,kup,62,0,1542,1520,-608,-1032,-17128,37,27,-36,0
S,16821722,kup,62,0,1542,1520,-696,-1032,-17032,40,19,-27,0
S,16831722,kup,62,0,1542,1520,-640,-1072,-17088,39,20,-25,0
S,16841722,kup,62,0,1542,1520,-744,-1088,-17128,40,22,-28,0
S,16851721,kup,62,0,1542,1520,-680,-1136,-17096,36,18,-30,0
S,16861721,kup,62,0,1542,1520,-512,-912,-16968,37,22,-33,0
S,16871722,kup,62,0,1542,1520,-608,-1080,-17080,36,25,-24,0
S,16881722,kup,62,0,1542,1520,-624,-904,-17024,38,25,-33,0
S,16891722,kup,62,0,1542,1520,-704,-984,-17120,37,21,-30,0
S,16901721,kup,62,0,1542,1520,-648,-968,-17072,39,23,-35,0
S,16911722,kup,62,0,1542,1520,-560,-968,-17008,36,22,-29,0
S,16921721,kup,62,0,1542,1520,-680,-824,-17040,41,21,-30,0
S,16931722,kup,62,0,1542,1520,-560,-1048,-16984,31,23,-31,0
S,16941722,kup,62,0,1542,1520,-688,-1016,-17048,37,25,-26,0
S,16951721,kup,62,0,1542,1520,-736,-1096,-17160,42,22,-25,0
S,16961721,kup,62,0,1542,1520,-512,-920,-17232,44,27,-31,0
S,16971722,kup,62,0,1542,1520,-720,-960,-17136,34,26,-30,0
S,16981722,kup,62,0,1542,1520,-584,-944,-17024,34,23,-26,0
S,16991722,kup,62,0,1542,1520,-752,-848,-17096,34,26,-25,0
S,17001722,kup,62,0,1542,1520,-688,-912,-17136,31,22,-28,0
S,17011721,kup,62,0,1542,1520,-552,-928,-17032,39,19,-27,0
E,17011824,kup,63,0,1543,1520,,,,,,,0
S,17012455,kup,63,0,1543,1520,-608,-936,-17040,45,21,-26,0
S,17022447,kup,63,0,1543,1520,-632,-944,-17096,37,28,-27,0
S,17032447,kup,63,0,1543,1520,-592,-952,-16968,37,22,-30,0
S,17042447,kup,63,0,1543,1520,-640,-888,-17224,42,24,-27,0
S,17052446,kup,63,0,1543,1520,-584,-936,-17160,42,20,-29,0
S,17062446,kup,63,0,1543,1520,-648,-1048,-17104,39,22,-27,0
S,17072446,kup,63,0,1543,1520,-688,-824,-17096,40,26,-26,0
S,17082446,kup,63,0,1543,1520,-624,-896,-17008,40,22,-29,0
S,17092447,kup,63,0,1543,1520,-728,-832,-17144,43,21,-25,0
S,17102446,kup,63,0,1543,1520,-704,-904,-17176,43,25,-24,0
S,17112447,kup,63,0,1543,1520,-656,-864,-17128,39,25,-32,0
S,17122447,kup,63,0,1543,1520,-800,-912,-17040,41,26,-31,0
S,17132447,kup,63,0,1543,1520,-680,-1096,-17104,43,25,-30,0
S,17142446,kup,63,0,1543,1520,-632,-904,-17080,36,29,-33,0
S,17152447,kup,63,0,1543,1520,-624,-840,-17040,38,26,-28,0
S,17162446,kup,63,0,1543,1520,-576,-1032,-17224,32,17,-26,0
S,17172447,kup,63,0,1543,1520,-576,-1008,-17088,39,24,-30,0
S,17182447,kup,63,0,1543,1520,-720,-912,-17096,38,27,-29,0
S,17192446,kup,63,0,1543,1520,-664,-952,-17072,42,32,-32,0
S,17202447,kup,63,0,1543,1520,-496,-1032,-16976,42,25,-29,0
S,17212447,kup,63,0,1543,1520,-704,-1000,-17064,41,22,-24,0
S,17222446,kup,63,0,1543,1520,-768,-968,-17056,41,19,-32,0
S,17232446,kup,63,0,1543,1520,-664,-1048,-17152,38,23,-33,0
S,17242446,kup,63,0,1543,1520,-696,-912,-16992,40,20,-31,0
S,17252446,kup,63,0,1543,1520,-728,-928,-17016,36,22,-30,0
S,17262447,kup,63,0,1543,1520,-624,-968,-17104,39,26,-29,0
E,17262549,kup,64,0,1544,1520,,,,,,,0
S,17263178,kup,64,0,1544,1520,-688,-960,-17128,40,26,-28,0
S,17273169,kup,64,0,1544,1520,-496,-960,-17064,36,26,-31,0
S,17283168,kup,64,0,1544,1520,-624,-944,-17112,34,22,-30,0
S,17293168,kup,64,0,1544,1520,-640,-944,-17048,44,22,-38,0
S,17303169,kup,64,0,1544,1520,-624,-1000,-17112,38,20,-29,0
S,17313168,kup,64,0,1544,1520,-600,-984,-16976,44,29,-24,0
S,17323168,kup,64,0,1544,1520,-624,-976,-17096,38,26,-30,0
S,17333168,kup,64,0,1544,1520,-624,-928,-17040,38,21,-28,0
S,17343168,kup,64,0,1544,1520,-584,-928,-17104,33,25,-32,0
S,17353168,kup,64,0,1544,1520,-688,-952,-16992,41,18,-30,0
S,17363168,kup,64,0,1544,1520,-784,-968,-17064,41,21,-29,0
S,17373168,kup,64,0,1544,1520,-600,-1040,-17128,34,22,-29,0
S,17383169,kup,64,0,1544,1520,-640,-968,-17152,33,25,-29,0
S,17393168,kup,64,0,1544,1520,-680,-976,-17056,38,26,-31,0
S,17403168,kup,64,0,1544,1520,-560,-872,-17104,37,22,-29,0
S,17413168,kup,64,0,1544,1520,-584,-888,-17008,36,22,-25,0
S,17423168,kup,64,0,1544,1520,-712,-944,-17040,42,23,-29,0
S,17433168,kup,64,0,1544,1520,-680,-1008,-17104,40,21,-26,0
S,17443168,kup,64,0,1544,1520,-584,-936,-17096,41,26,-23,0
S,17453168,kup,64,0,1544,1520,-816,-856,-17160,39,18,-35,0
S,17463168,kup,64,0,1544,1520,-656,-1096,-17088,37,21,-30,0
S,17473168,kup,64,0,1544,1520,-664,-944,-16920,43,25,-31,0
S,17483168,kup,64,0,1544,1520,-688,-1064,-17192,41,23,-30,0
S,17493168,kup,64,0,1544,1520,-792,-912,-17152,36,24,-31,0
S,17503168,kup,64,0,1544,1520,-624,-992,-17104,39,22,-32,0
S,17513168,kup,64,0,1544,1520,-592,-992,-17104,38,25,-27,0
E,17513271,kup,65,0,1545,1520,,,,,,,0
S,17513903,kup,65,0,1545,1520,-640,-984,-17048,39,24,-30,0
S,17523894,kup,65,0,1545,1520,-512,-848,-17224,38,21,-26,0
S,17533894,kup,65,0,1545,1520,-544,-960,-17016,42,20,-32,0
S,17543894,kup,65,0,1545,1520,-704,-1008,-16928,43,25,-34,0
S,17553894,kup,65,0,1545,1520,-608,-992,-17144,40,18,-27,0
S,17563894,kup,65,0,1545,1520,-536,-920,-17160,40,26,-30,0
S,17573894,kup,65,0,1545,1520,-624,-912,-16912,38,24,-31,0
S,17583894,kup,65,0,1545,1520,-624,-888,-17160,35,26,-31,0
S,17593894,kup,65,0,1545,1520,-728,-856,-17056,43,17,-27,0
S,17603894,kup,65,0,1545,1520,-696,-936,-17032,43,21,-28,0
S,17613894,kup,65,0,1545,1520,-632,-1096,-17008,45,23,-32,0
S,17623894,kup,65,0,1545,1520,-536,-1024,-17160,35,22,-32,0
S,17633894,kup,65,0,1545,1520,-560,-944,-17152,36,24,-28,0
S,17643894,kup,65,0,1545,1520,-720,-1032,-16944,36,21,-28,0
S,17653894,kup,65,0,1545,1520,-776,-960,-17040,38,29,-24,0
S,17663894,kup,65,0,1545,1520,-648,-968,-17160,35,22,-28,0
S,17673894,kup,65,0,1545,1520,-704,-1040,-17040,35,21,-29,0
S,17683894,kup,65,0,1545,1520,-536,-984,-17080,38,25,-30,0
S,17693894,kup,65,0,1545,1520,-560,-1024,-17160,33,19,-31,0
S,17703894,kup,65,0,1545,1520,-752,-1000,-17104,36,26,-31,0
S,17713894,kup,65,0,1545,1520,-712,-1000,-16976,41,18,-29,0
S,17723894,kup,65,0,1545,1520,-624,-1040,-17056,34,24,-29,0
S,17733894,kup,65,0,1545,1520,-664,-1040,-17152,37,26,-34,0
S,17743894,kup,65,0,1545,1520,-664,-968,-17184,35,26,-34,0
S,17753894,kup,65,0,1545,1520,-608,-944,-17152,39,22,-33,0
S,17763895,kup,65,0,1545,1520,-680,-856,-17040,38,23,-29,0
E,17763997,kup,66,0,1546,1520,,,,,,,0
S,17764627,kup,66,0,1546,1520,-712,-936,-17064,40,18,-29,0
S,17774617,kup,66,0,1546,1520,-1752,-984,-17112,46,7,-28,0
S,17784616,kup,66,0,1546,1520,-296,-392,-17104,31,-22,-48,0
S,17794616,kup,66,0,1546,1520,-928,-736,-17232,25,-92,-52,0
S,17804616,kup,66,0,1546,1520,-408,-1272,-16872,32,-111,-8,0
S,17814616,kup,66,0,1546,1520,-816,-784,-17240,54,-88,-16,0
S,17824616,kup,66,0,1546,1520,-792,-1008,-17120,62,-32,-29,0
S,17834616,kup,66,0,1546,1520,-832,-1016,-17064,57,35,-29,0
S,17844617,kup,66,0,1546,1520,-704,-984,-17048,36,75,-35,0
S,17854616,kup,66,0,1546,1520,-608,-968,-17112,10,82,-30,0
S,17864616,kup,66,0,1546,1520,-832,-968,-17120,18,51,-38,0
S,17874616,kup,66,0,1546,1520,-720,-1040,-17032,31,17,-30,0
S,17884616,kup,66,0,1546,1520,-632,-992,-17064,55,-15,-32,0
S,17894616,kup,66,0,1546,1520,-888,-960,-17144,65,-15,-30,0
S,17904616,kup,66,0,1546,1520,-768,-864,-17080,48,0,-27,0
S,17914616,kup,66,0,1546,1520,-800,-944,-16984,36,28,-27,0
S,17924616,kup,66,0,1546,1520,-688,-920,-17000,21,53,-29,0
S,17934616,kup,66,0,1546,1520,-768,-912,-17104,21,49,-25,0
S,17944616,kup,66,0,1546,1520,-624,-896,-17008,37,35,-27,0
S,17954616,kup,66,0,1546,1520,-576,-976,-17160,46,12,-29,0
S,17964616,kup,66,0,1546,1520,-656,-1088,-17072,48,-1,-27,0
S,17974616,kup,66,0,1546,1520,-656,-1104,-17192,39,9,-27,0
S,17984616,kup,66,0,1546,1520,-776,-888,-17208,36,19,-26,0
S,17994616,kup,66,0,1546,1520,-680,-1000,-17128,34,35,-30,0
S,18004616,kup,66,0,1546,1520,-632,-944,-17064,35,38,-32,0
S,18014616,kup,66,0,1546,1520,-632,-976,-17000,29,34,-28,0
E,18014719,kup,67,0,1547,1520,,,,,,,0
S,18015348,kup,67,0,1547,1520,-728,-936,-16984,38,31,-22,0
S,18025339,kup,67,0,1547,1520,-736,-1024,-17088,41,20,-27,0
S,18035337,kup,67,0,1547,1520,-704,-888,-17112,40,8,-29,0
S,18045337,kup,67,0,1547,1520,-784,-960,-17072,43,2,-29,0
S,18055337,kup,67,0,1547,1520,-720,-1024,-17184,40,16,-29,0
S,18065337,kup,67,0,1547,1520,-944,-1208,-17336,39,33,-30,0
S,18075337,kup,67,0,1547,1520,-688,-1064,-17376,38,30,-35,0
S,18085337,kup,67,0,1547,1520,-568,-896,-17096,38,30,-32,0
S,18095337,kup,67,0,1547,1520,-584,-1024,-16848,44,28,-32,0
S,18105337,kup,67,0,1547,1520,-496,-888,-16888,44,18,-30,0
S,18115337,kup,67,0,1547,1520,-664,-928,-17168,40,13,-26,0
S,18125337,kup,67,0,1547,1520,-560,-848,-16872,49,20,-28,0
S,18135337,kup,67,0,1547,1520,-808,-904,-16944,40,22,-28,0
S,18145337,kup,67,0,1547,1520,-720,-912,-17136,25,26,-26,0
S,18155337,kup,67,0,1547,1520,-872,-1024,-17248,35,31,-29,0
S,18165337,kup,67,0,1547,1520,-848,-992,-17200,37,30,-30,0
S,18175337,kup,67,0,1547,1520,-752,-888,-17256,42,23,-28,0
S,18185337,kup,67,0,1547,1520,-608,-832,-17080,44,14,-28,0
S,18195337,kup,67,0,1547,1520,-288,-864,-16472,49,15,-26,0
S,18205337,kup,67,0,1547,1520,-1056,-864,-16912,38,30,-23,0
S,18215337,kup,67,0,1547,1520,-1448,-1192,-18016,35,30,-19,0
S,18225337,kup,67,0,1547,1520,-1008,-1768,-17880,36,22,-28,0
S,18235337,kup,67,0,1547,1520,-896,-928,-17328,42,21,-35,0
S,18245337,kup,67,0,1547,1520,-952,-848,-17296,35,22,-30,0
S,18255337,kup,67,0,1547,1520,-400,-1016,-17120,41,21,-30,0
S,18265337,kup,67,0,1547,1520,-480,-744,-16920,42,19,-32,0
E,18265444,kup,68,0,1548,1520,,,,,,,0
S,18266073,kup,68,0,1548,1520,-600,-728,-16768,43,14,-30,0
S,18276065,kup,68,0,1548,1520,-536,-968,-16872,37,22,-28,0
S,18286063,kup,68,0,1548,1520,-488,-928,-17136,38,27,-29,0
S,18296063,kup,68,0,1548,1520,-752,-936,-17000,38,21,-23,0
S,18306063,kup,68,0,1548,1520,-736,-952,-16968,40,26,-30,0
S,18316063,kup,68,0,1548,1520,-528,-928,-16952,36,21,-26,0
S,18326063,kup,68,0,1548,1520,-608,-952,-17128,40,24,-30,0
S,18336063,kup,68,0,1548,1520,-768,-872,-17104,40,19,-29,0
S,18346063,kup,68,0,1548,1520,-744,-984,-17008,40,22,-31,0
S,18356063,kup,68,0,1548,1520,-664,-904,-17064,31,21,-34,0
S,18366063,kup,68,0,1548,1520,-744,-1000,-17088,40,27,-35,0
S,18376063,kup,68,0,1548,1520,-680,-872,-17072,38,26,-32,0
S,18386063,kup,68,0,1548,1520,-680,-976,-16960,33,26,-25,0
S,18396063,kup,68,0,1548,1520,-744,-792,-17080,41,19,-25,0
S,18406063,kup,68,0,1548,1520,-632,-920,-17160,37,28,-31,0
S,18416063,kup,68,0,1548,1520,-776,-1048,-16952,33,27,-29,0
S,18426063,kup,68,0,1548,1520,-688,-1056,-17104,39,24,-30,0
S,18436063,kup,68,0,1548,1520,-592,-984,-17072,38,26,-32,0
S,18446063,kup,68,0,1548,1520,-784,-1024,-17080,39,25,-26,0
S,18456063,kup,68,0,1548,1520,-872,-864,-17096,35,27,-32,0
S,18466064,kup,68,0,1548,1520,-704,-1008,-17120,41,21,-31,0
S,18476063,kup,68,0,1548,1520,-720,-1024,-17064,39,24,-31,0
S,18486063,kup,68,0,1548,1520,-656,-976,-17000,38,17,-31,0
S,18496063,kup,68,0,1548,1520,-744,-1080,-16992,39,26,-29,0
S,18506063,kup,68,0,1548,1520,-632,-928,-16984,38,21,-25,0
S,18516063,kup,68,0,1548,1520,-680,-880,-17040,38,19,-34,0
E,18516166,kup,69,0,1549,1520,,,,,,,0
S,18516799,kup,69,0,1549,1520,-656,-1040,-16912,40,20,-30,0
S,18526789,kup,69,0,1549,1520,-792,-1072,-17152,41,22,-27,0
S,18536788,kup,69,0,1549,1520,-824,-1104,-17200,41,23,-31,0
S,18546788,kup,69,0,1549,1520,-768,-1016,-17160,40,23,-32,0
S,18556788,kup,69,0,1549,1520,-720,-960,-17016,40,23,-29,0
S,18566788,kup,69,0,1549,1520,-648,-1112,-17096,38,20,-26,0
S,18576788,kup,69,0,1549,1520,-664,-984,-17096,40,26,-28,0
S,18586788,kup,69,0,1549,1520,-696,-1080,-17072,38,20,-28,0
S,18596788,kup,69,0,1549,1520,-704,-1008,-17176,41,25,-23,0
S,18606788,kup,69,0,1549,1520,-616,-1064,-17152,33,22,-37,0
S,18616788,kup,69,0,1549,1520,-688,-968,-17048,42,18,-31,0
S,18626788,kup,69,0,1549,1520,-728,-1000,-17136,35,17,-30,0
S,18636788,kup,69,0,1549,1520,-752,-920,-17144,36,21,-26,0
S,18646788,kup,69,0,1549,1520,-600,-960,-17152,36,23,-36,0
S,18656788,kup,69,0,1549,1520,-632,-928,-17104,40,26,-29,0
S,18666789,kup,69,0,1549,1520,-680,-1048,-17096,39,21,-26,0
S,18676788,kup,69,0,1549,1520,-680,-904,-17144,40,17,-25,0
S,18686788,kup,69,0,1549,1520,-744,-1080,-17048,43,27,-31,0
S,18696788,kup,69,0,1549,1520,-624,-936,-16952,38,25,-30,0
S,18706788,kup,69,0,1549,1520,-912,-992,-17032,35,24,-28,0
S,18716788,kup,69,0,1549,1520,-608,-936,-17072,36,22,-30,0
S,18726788,kup,69,0,1549,1520,-720,-1000,-17216,39,25,-24,0
S,18736788,kup,69,0,1549,1520,-776,-952,-16880,42,21,-28,0
S,18746788,kup,69,0,1549,1520,-664,-936,-17048,37,24,-28,0
S,18756788,kup,69,0,1549,1520,-688,-856,-17040,38,22,-30,0
S,18766789,kup,69,0,1549,1520,-648,-944,-17112,34,25,-33,0
E,18766892,kup,70,0,1550,1520,,,,,,,0
S,18767521,kup,70,0,1550,1520,-720,-968,-17032,41,24,-33,0
S,18777512,kup,70,0,1550,1520,-760,-896,-17120,43,21,-30,0
S,18787511,kup,70,0,1550,1520,-672,-1016,-17048,40,28,-35,0
S,18797511,kup,70,0,1550,1520,-736,-1040,-16984,34,23,-29,0
S,18807511,kup,70,0,1550,1520,-632,-928,-17120,35,21,-32,0
S,18817511,kup,70,0,1550,1520,-784,-888,-17104,35,19,-29,0
S,18827511,kup,70,0,1550,1520,-664,-912,-17168,39,23,-27,0
S,18837511,kup,70,0,1550,1520,-648,-1008,-17144,37,24,-31,0
S,18847511,kup,70,0,1550,1520,-736,-968,-17064,36,24,-27,0
S,18857511,kup,70,0,1550,1520,-704,-1000,-16976,37,21,-27,0
S,18867512,kup,70,0,1550,1520,-656,-928,-17168,38,24,-32,0
S,18877511,kup,70,0,1550,1520,-688,-912,-17064,37,24,-32,0
S,18887511,kup,70,0,1550,1520,-736,-992,-17152,38,25,-34,0
S,18897511,kup,70,0,1550,1520,-768,-960,-17088,41,21,-30,0
S,18907511,kup,70,0,1550,1520,-616,-1000,-17128,38,21,-29,0
S,18917512,kup,70,0,1550,1520,-744,-960,-17048,42,27,-32,0
S,18927511,kup,70,0,1550,1520,-616,-1016,-17032,36,23,-24,0
S,18937511,kup,70,0,1550,1520,-680,-944,-17120,40,27,-28,0
S,18947511,kup,70,0,1550,1520,-736,-880,-17136,39,21,-26,0
S,18957511,kup,70,0,1550,1520,-816,-968,-17104,32,23,-31,0
S,18967512,kup,70,0,1550,1520,-608,-1032,-17128,41,17,-27,0
S,18977511,kup,70,0,1550,1520,-664,-984,-17080,38,21,-35,0
S,18987511,kup,70,0,1550,1520,-744,-1032,-16944,35,22,-24,0
S,18997511,kup,70,0,1550,1520,-736,-920,-17080,43,26,-30,0
S,19007511,kup,70,0,1550,1520,-640,-1000,-17104,38,24,-35,0
S,19017512,kup,70,0,1550,1520,-752,-1056,-17168,46,21,-30,0
E,19017615,kup,71,0,1551,1520,,,,,,,0
S,19018248,kup,71,0,1551,1520,-608,-1008,-17136,46,21,-30,0
S,19028240,kup,71,0,1551,1520,-552,-912,-17016,41,25,-31,0
S,19038236,kup,71,0,1551,1520,-640,-952,-16920,43,24,-28,0
S,19048236,kup,71,0,1551,1520,-720,-1040,-16960,40,34,-31,0
S,19058236,kup,71,0,1551,1520,-768,-1024,-17112,39,25,-22,0
S,19068237,kup,71,0,1551,1520,-888,-1064,-17336,37,17,-22,0
S,19078236,kup,71,0,1551,1520,-872,-920,-17064,39,19,-27,0
S,19088237,kup,71,0,1551,1520,-592,-944,-17016,37,23,-33,0
S,19098237,kup,71,0,1551,1520,-520,-920,-16984,34,22,-35,0
S,19108236,kup,71,0,1551,1520,-528,-992,-16856,36,23,-34,0
S,19118237,kup,71,0,1551,1520,-640,-880,-17128,38,18,-35,0
S,19128236,kup,71,0,1551,1520,-824,-1000,-17144,44,26,-28,0
S,19138237,kup,71,0,1551,1520,-720,-1032,-17136,40,22,-29,0
S,19148236,kup,71,0,1551,1520,-736,-936,-17064,35,26,-25,0
S,19158237,kup,71,0,1551,1520,-648,-960,-17000,39,19,-28,0
S,19168237,kup,71,0,1551,1520,-704,-1104,-17064,44,25,-33,0
S,19178237,kup,71,0,1551,1520,-760,-928,-17144,38,21,-35,0
S,19188236,kup,71,0,1551,1520,-800,-992,-17040,32,26,-28,0
S,19198236,kup,71,0,1551,1520,-848,-1008,-17112,39,23,-31,0
S,19208237,kup,71,0,1551,1520,-656,-1088,-17096,40,23,-35,0
S,19218237,kup,71,0,1551,1520,-640,-912,-17056,38,27,-30,0
S,19228237,kup,71,0,1551,1520,-664,-960,-16904,41,18,-33,0
S,19238237,kup,71,0,1551,1520,-744,-1032,-17040,38,24,-30,0
S,19248237,kup,71,0,1551,1520,-760,-968,-17080,40,24,-28,0
S,19258237,kup,71,0,1551,1520,-656,-784,-17008,36,26,-27,0
S,19268237,kup,71,0,1551,1520,-640,-992,-17088,39,24,-29,0
E,19268339,kup,72,0,1552,1520,,,,,,,0
S,19268973,kup,72,0,1552,1520,-672,-1032,-17088,43,24,-29,0
S,19278965,kup,72,0,1552,1520,-1616,-1136,-17032,36,18,-24,0
S,19288963,kup,72,0,1552,1520,-2888,-1216,-17160,31,-8,-70,0
S,19298963,kup,72,0,1552,1520,-5224,-1624,-17496,21,-82,-18,0
S,19308963,kup,72,0,1552,1520,-264,-1160,-17600,30,-120,-23,0
S,19318963,kup,72,0,1552,1520,-616,-816,-17176,53,-115,-17,0
S,19328963,kup,72,0,1552,1520,-800,-872,-17056,62,-76,-21,0
S,19338963,kup,72,0,1552,1520,-768,-1104,-17096,55,-15,-22,0
S,19348963,kup,72,0,1552,1520,-704,-1040,-17128,36,46,-32,0
S,19358963,kup,72,0,1552,1520,-832,-752,-17128,20,77,-35,0
S,19368963,kup,72,0,1552,1520,-736,-936,-17088,12,79,-28,0
S,19378963,kup,72,0,1552,1520,-712,-944,-17136,24,46,-28,0
S,19388963,kup,72,0,1552,1520,-856,-912,-17152,44,2,-28,0
S,19398963,kup,72,0,1552,1520,-856,-1016,-17144,66,-20,-28,0
S,19408963,kup,72,0,1552,1520,-872,-968,-17000,56,-16,-28,0
S,19418963,kup,72,0,1552,1520,-728,-928,-17080,42,10,-26,0
S,19428963,kup,72,0,1552,1520,-712,-904,-17120,31,42,-28,0
S,19438963,kup,72,0,1552,1520,-784,-928,-17048,24,58,-29,0
S,19448963,kup,72,0,1552,1520,-680,-976,-17144,31,47,-30,0
S,19458963,kup,72,0,1552,1520,-712,-920,-17096,41,20,-30,0
S,19468963,kup,72,0,1552,1520,-872,-992,-17016,50,5,-28,0
S,19478963,kup,72,0,1552,1520,-736,-848,-17088,51,5,-28,0
S,19488963,kup,72,0,1552,1520,-816,-968,-17128,43,3,-23,0
S,19498963,kup,72,0,1552,1520,-824,-936,-17040,34,22,-29,0
S,19508963,kup,72,0,1552,1520,-808,-992,-17032,35,41,-33,0
S,19518963,kup,72,0,1552,1520,-856,-912,-17144,40,37,-29,0
E,19519066,kup,73,0,1553,1520,,,,,,,0
S,19519695,kup,73,0,1553,1520,-912,-1000,-17032,40,37,-29,0
S,19529685,kup,73,0,1553,1520,-824,-1056,-17184,36,26,-31,0
S,19539684,kup,73,0,1553,1520,-824,-1008,-17192,41,11,-29,0
S,19549684,kup,73,0,1553,1520,-808,-952,-17144,44,11,-34,0
S,19559684,kup,73,0,1553,1520,-768,-976,-17120,40,10,-29,0
S,19569684,kup,73,0,1553,1520,-856,-976,-17160,38,25,-32,0
S,19579684,kup,73,0,1553,1520,-784,-1104,-17072,40,27,-29,0
S,19589684,kup,73,0,1553,1520,-840,-984,-17040,35,34,-31,0
S,19599684,kup,73,0,1553,1520,-792,-944,-17112,37,34,-25,0
S,19609684,kup,73,0,1553,1520,-784,-1016,-17072,38,17,-32,0
S,19619684,kup,73,0,1553,1520,-760,-1064,-17072,39,10,-28,0
S,19629684,kup,73,0,1553,1520,-896,-880,-17136,48,17,-29,0
S,19639684,kup,73,0,1553,1520,-680,-1008,-17224,38,24,-30,0
S,19649684,kup,73,0,1553,1520,-872,-872,-17088,42,24,-29,0
S,19659684,kup,73,0,1553,1520,-736,-960,-17080,36,33,-27,0
S,19669684,kup,73,0,1553,1520,-744,-856,-17080,37,26,-32,0
S,19679684,kup,73,0,1553,1520,-808,-920,-16936,42,26,-32,0
S,19689684,kup,73,0,1553,1520,-824,-1016,-17104,40,17,-25,0
S,19699684,kup,73,0,1553,1520,-760,-1008,-17112,41,14,-26,0
S,19709684,kup,73,0,1553,1520,-824,-960,-17128,46,17,-29,0
S,19719684,kup,73,0,1553,1520,-824,-952,-17048,38,15,-34,0
S,19729684,kup,73,0,1553,1520,-856,-976,-16936,39,33,-27,0
S,19739684,kup,73,0,1553,1520,-744,-888,-16992,38,26,-31,0
S,19749685,kup,73,0,1553,1520,-792,-960,-16992,34,24,-30,0
S,19759685,kup,73,0,1553,1520,-712,-1024,-16992,38,20,-31,0
S,19769684,kup,73,0,1553,1520,-792,-936,-17080,37,21,-29,0
E,19769787,kup,74,0,1554,1520,,,,,,,0
S,19770418,kup,74,0,1554,1520,-696,-944,-17056,37,18,-31,0
S,19780410,kup,74,0,1554,1520,-736,-976,-17008,37,20,-29,0
S,19790409,kup,74,0,1554,1520,-936,-992,-17064,39,23,-31,0
S,19800409,kup,74,0,1554,1520,-784,-1032,-17080,32,25,-32,0
S,19810409,kup,74,0,1554,1520,-760,-1040,-17072,37,25,-26,0
S,19820409,kup,74,0,1554,1520,-872,-808,-17136,45,23,-30,0
S,19830409,kup,74,0,1554,1520,-800,-936,-17064,42,22,-27,0
S,19840409,kup,74,0,1554,1520,-840,-984,-16976,42,22,-28,0
S,19850409,kup,74,0,1554,1520,-752,-920,-17040,41,19,-31,0
S,19860409,kup,74,0,1554,1520,-816,-1056,-17104,40,23,-28,0
S,19870409,kup,74,0,1554,1520,-800,-1104,-17040,36,28,-27,0
S,19880409,kup,74,0,1554,1520,-840,-936,-17112,37,29,-29,0
S,19890409,kup,74,0,1554,1520,-768,-1056,-17112,32,20,-29,0
S,19900409,kup,74,0,1554,1520,-800,-984,-17112,35,24,-29,0
S,19910409,kup,74,0,1554,1520,-776,-872,-16944,41,25,-30,0
S,19920409,kup,74,0,1554,1520,-808,-888,-17064,36,16,-31,0
S,19930409,kup,74,0,1554,1520,-808,-984,-17160,38,20,-31,0
S,19940409,kup,74,0,1554,1520,-856,-880,-17128,37,23,-34,0
S,19950409,kup,74,0,1554,1520,-800,-896,-16968,42,21,-28,0
S,19960409,kup,74,0,1554,1520,-808,-864,-17008,39,32,-28,0
S,19970409,kup,74,0,1554,1520,-896,-928,-17096,41,21,-33,0
S,19980409,kup,74,0,1554,1520,-864,-1112,-17064,35,22,-32,0
S,19990409,kup,74,0,1554,1520,-816,-1096,-17112,42,18,-28,0
S,20000409,kup,74,0,1554,1520,-808,-1112,-17072,39,23,-30,0
S,20010409,kup,74,0,1554,1520,-1000,-992,-17072,37,18,-32,0
S,20020409,kup,74,0,1554,1520,-784,-936,-17032,42,24,-29,0
E,20020511,kup,75,0,1555,1520,,,,,,,0
S,20021141,kup,75,0,1555,1520,-664,-872,-17160,42,24,-29,0
S,20031132,kup,75,0,1555,1520,-736,-904,-17160,34,24,-32,0
S,20041130,kup,75,0,1555,1520,-856,-880,-17160,41,22,-31,0
S,20051130,kup,75,0,1555,1520,-752,-1072,-17040,43,18,-28,0
S,20061130,kup,75,0,1555,1520,-752,-1072,-17168,37,21,-29,0
S,20071130,kup,75,0,1555,1520,-872,-904,-17120,36,18,-27,0
S,20081130,kup,75,0,1555,1520,-776,-976,-16992,38,19,-28,0
S,20091130,kup,75,0,1555,1520,-760,-936,-17136,40,21,-25,0
S,20101130,kup,75,0,1555,1520,-728,-896,-17224,34,27,-34,0
S,20111130,kup,75,0,1555,1520,-880,-1064,-16976,40,22,-24,0
S,20121130,kup,75,0,1555,1520,-864,-968,-17016,36,19,-33,0
S,20131130,kup,75,0,1555,1520,-816,-976,-17064,41,24,-25,0
S,20141130,kup,75,0,1555,1520,-824,-936,-17096,45,23,-30,0
S,20151130,kup,75,0,1555,1520,-864,-1016,-17008,39,27,-26,0
S,20161130,kup,75,0,1555,1520,-896,-920,-17040,41,21,-32,0
S,20171130,kup,75,0,1555,1520,-824,-928,-17056,38,25,-33,0
S,20181130,kup,75,0,1555,1520,-776,-896,-17136,35,20,-24,0
S,20191130,kup,75,0,1555,1520,-840,-888,-17064,38,25,-29,0
S,20201130,kup,75,0,1555,1520,-760,-984,-17024,35,16,-29,0
S,20211130,kup,75,0,1555,1520,-864,-848,-17000,36,20,-30,0
S,20221130,kup,75,0,1555,1520,-928,-1096,-17072,32,21,-29,0
S,20231130,kup,75,0,1555,1520,-800,-1024,-17208,39,23,-32,0
S,20241130,kup,75,0,1555,1520,-816,-912,-17040,45,27,-26,0
S,20251130,kup,75,0,1555,1520,-824,-864,-16984,35,19,-28,0
S,20261130,kup,75,0,1555,1520,-832,-872,-17128,39,23,-27,0
S,20271130,kup,75,0,1555,1520,-832,-1024,-17136,33,22,-32,0
E,20271235,kup,76,0,1556,1520,,,,,,,0
S,20271868,kup,76,0,1556,1520,-880,-848,-17096,38,16,-25,0
S,20281859,kup,76,0,1556,1520,-744,-952,-17088,31,21,-28,0
S,20291859,kup,76,0,1556,1520,-728,-928,-17048,35,28,-31,0
S,20301858,kup,76,0,1556,1520,-792,-1072,-17152,40,23,-26,0
S,20311858,kup,76,0,1556,1520,-880,-920,-17072,39,22,-30,0
S,20321858,kup,76,0,1556,1520,-792,-912,-17136,42,20,-30,0
S,20331858,kup,76,0,1556,1520,-728,-968,-16920,36,16,-32,0
S,20341858,kup,76,0,1556,1520,-856,-888,-17128,42,22,-27,0
S,20351858,kup,76,0,1556,1520,-776,-952,-17096,39,23,-31,0
S,20361858,kup,76,0,1556,1520,-960,-896,-17160,40,23,-33,0
S,20371858,kup,76,0,1556,1520,-776,-960,-17080,36,26,-34,0
S,20381858,kup,76,0,1556,1520,-840,-944,-17128,39,27,-36,0
S,20391858,kup,76,0,1556,1520,-832,-936,-17160,42,24,-30,0
S,20401859,kup,76,0,1556,1520,-920,-896,-17136,39,24,-30,0
S,20411858,kup,76,0,1556,1520,-824,-1088,-17104,43,22,-30,0
S,20421859,kup,76,0,1556,1520,-800,-1008,-17128,38,24,-32,0
S,20431859,kup,76,0,1556,1520,-784,-944,-17168,43,24,-31,0
S,20441858,kup,76,0,1556,1520,-776,-992,-17032,42,24,-23,0
S,20451858,kup,76,0,1556,1520,-848,-864,-17080,34,24,-27,0
S,20461858,kup,76,0,1556,1520,-864,-928,-17120,40,21,-24,0
S,20471859,kup,76,0,1556,1520,-760,-904,-17088,36,27,-25,0
S,20481858,kup,76,0,1556,1520,-808,-840,-17048,37,23,-32,0
S,20491858,kup,76,0,1556,1520,-784,-960,-17120,38,22,-29,0
S,20501858,kup,76,0,1556,1520,-856,-896,-17048,42,22,-31,0
S,20511859,kup,76,0,1556,1520,-736,-968,-17056,36,23,-32,0
S,20521859,kup,76,0,1556,1520,-840,-976,-17072,41,25,-32,0
E,20521961,kup,77,0,1557,1520,,,,,,,0
S,20522591,kup,77,0,1557,1520,-840,-976,-17072,41,25,-32,0
S,20532581,kup,77,0,1557,1520,-720,-920,-17088,36,21,-30,0
S,20542580,kup,77,0,1557,1520,-744,-1032,-17016,41,22,-29,0
S,20552580,kup,77,0,1557,1520,-792,-832,-17000,35,18,-30,0
S,20562580,kup,77,0,1557,1520,-768,-976,-17088,38,21,-31,0
S,20572580,kup,77,0,1557,1520,-856,-896,-17080,38,21,-29,0
S,20582580,kup,77,0,1557,1520,-872,-960,-17024,37,22,-28,0
S,20592580,kup,77,0,1557,1520,-776,-880,-17104,46,22,-26,0
S,20602580,kup,77,0,1557,1520,-672,-968,-17080,38,21,-25,0
S,20612580,kup,77,0,1557,1520,-808,-912,-16968,36,22,-26,0
S,20622580,kup,77,0,1557,1520,-808,-1024,-17128,45,23,-31,0
S,20632580,kup,77,0,1557,1520,-816,-952,-17072,42,23,-32,0
S,20642580,kup,77,0,1557,1520,-952,-1048,-17120,45,25,-30,0
S,20652580,kup,77,0,1557,1520,-752,-1024,-16968,41,19,-32,0
S,20662580,kup,77,0,1557,1520,-832,-952,-17176,38,24,-27,0
S,20672580,kup,77,0,1557,1520,-760,-968,-17056,47,20,-30,0
S,20682580,kup,77,0,1557,1520,-800,-984,-17160,40,20,-28,0
S,20692580,kup,77,0,1557,1520,-872,-880,-17048,34,23,-27,0
S,20702580,kup,77,0,1557,1520,-808,-840,-17096,39,22,-27,0
S,20712580,kup,77,0,1557,1520,-800,-1080,-17200,41,23,-30,0
S,20722580,kup,77,0,1557,1520,-760,-968,-17056,38,23,-25,0
S,20732580,kup,77,0,1557,1520,-816,-968,-17224,37,21,-28,0
S,20742580,kup,77,0,1557,1520,-808,-872,-16944,38,23,-26,0
S,20752580,kup,77,0,1557,1520,-784,-928,-17104,45,20,-31,0
S,20762580,kup,77,0,1557,1520,-816,-912,-17128,36,23,-33,0
S,20772580,kup,77,0,1557,1520,-776,-960,-17048,35,27,-29,0
E,20772682,kup,78,0,1558,1520,,,,,,,0
S,20773313,kup,78,0,1558,1520,-776,-992,-17128,35,23,-31,0
S,20783305,kup,78,0,1558,1520,-1280,-864,-17008,36,18,-26,0
S,20793303,kup,78,0,1558,1520,-3128,-800,-17200,24,-36,-70,0
S,20803303,kup,78,0,1558,1520,-784,-888,-16536,28,-97,-6,0
S,20813303,kup,78,0,1558,1520,-56,-136,-16880,37,-137,-21,0
S,20823303,kup,78,0,1558,1520,-680,-832,-16888,52,-150,-7,0
S,20833303,kup,78,0,1558,1520,-600,-1168,-16944,51,-111,-11,0
S,20843303,kup,78,0,1558,1520,-976,-1280,-16984,49,-51,-15,0
S,20853304,kup,78,0,1558,1520,-1008,-1048,-17128,30,16,-22,0
S,20863303,kup,78,0,1558,1520,-1024,-1104,-17000,22,70,-31,0
S,20873303,kup,78,0,1558,1520,-896,-992,-17104,20,86,-38,0
S,20883303,kup,78,0,1558,1520,-888,-968,-17112,30,70,-34,0
S,20893303,kup,78,0,1558,1520,-832,-960,-17128,40,29,-31,0
S,20903303,kup,78,0,1558,1520,-904,-896,-17136,44,-7,-29,0
S,20913303,kup,78,0,1558,1520,-1056,-1064,-17024,47,-14,-32,0
S,20923303,kup,78,0,1558,1520,-880,-1080,-17120,42,-4,-24,0
S,20933303,kup,78,0,1558,1520,-968,-1056,-16944,38,25,-33,0
S,20943303,kup,78,0,1558,1520,-992,-992,-17064,33,51,-34,0
S,20953304,kup,78,0,1558,1520,-896,-888,-16992,26,49,-31,0
S,20963303,kup,78,0,1558,1520,-760,-952,-17192,35,31,-26,0
S,20973303,kup,78,0,1558,1520,-880,-1136,-16992,48,15,-30,0
S,20983303,kup,78,0,1558,1520,-872,-864,-17120,46,4,-34,0
S,20993303,kup,78,0,1558,1520,-1000,-808,-17040,48,5,-29,0
S,21003303,kup,78,0,1558,1520,-824,-832,-17096,42,18,-29,0
S,21013303,kup,78,0,1558,1520,-920,-928,-17128,34,35,-26,0
S,21023303,kup,78,0,1558,1520,-904,-992,-17016,25,40,-22,0
E,21023410,kup,79,0,1559,1520,,,,,,,0
S,21024039,kup,79,0,1559,1520,-904,-992,-17016,27,38,-24,0
S,21034030,kup,79,0,1559,1520,-888,-936,-17088,29,30,-24,0
S,21044029,kup,79,0,1559,1520,-776,-1016,-17024,36,25,-33,0
S,21054029,kup,79,0,1559,1520,-784,-928,-17056,43,13,-28,0
S,21064029,kup,79,0,1559,1520,-896,-888,-17024,39,13,-29,0
S,21074029,kup,79,0,1559,1520,-1016,-912,-17024,40,12,-32,0
S,21084029,kup,79,0,1559,1520,-984,-992,-16984,36,26,-24,0
S,21094029,kup,79,0,1559,1520,-1016,-1016,-17080,32,32,-30,0
S,21104029,kup,79,0,1559,1520,-872,-944,-17080,36,31,-23,0
S,21114029,kup,79,0,1559,1520,-856,-992,-17008,37,28,-31,0
S,21124029,kup,79,0,1559,1520,-976,-936,-17064,36,18,-32,0
S,21134029,kup,79,0,1559,1520,-936,-968,-17088,40,12,-27,0
S,21144029,kup,79,0,1559,1520,-888,-952,-16992,39,12,-27,0
S,21154029,kup,79,0,1559,1520,-928,-1032,-17056,45,23,-31,0
S,21164029,kup,79,0,1559,1520,-992,-936,-17144,31,25,-33,0
S,21174029,kup,79,0,1559,1520,-920,-984,-17224,33,31,-28,0
S,21184029,kup,79,0,1559,1520,-896,-960,-17160,34,25,-32,0
S,21194029,kup,79,0,1559,1520,-912,-880,-16976,45,19,-27,0
S,21204029,kup,79,0,1559,1520,-920,-944,-17104,42,17,-30,0
S,21214029,kup,79,0,1559,1520,-936,-992,-17096,38,18,-30,0
S,21224029,kup,79,0,1559,1520,-856,-984,-17112,38,19,-32,0
S,21234029,kup,79,0,1559,1520,-808,-960,-17128,38,22,-32,0
S,21244029,kup,79,0,1559,1520,-912,-1024,-17000,33,31,-33,0
S,21254029,kup,79,0,1559,1520,-880,-912,-17104,34,27,-30,0
S,21264029,kup,79,0,1559,1520,-1000,-848,-17088,35,22,-31,0
S,21274029,kup,79,0,1559,1520,-880,-912,-17008,41,19,-34,0
E,21274132,kup,80,0,1560,1520,,,,,,,0
S,21274765,kup,80,0,1560,1520,-920,-928,-17160,43,21,-34,0
S,21284756,kup,80,0,1560,1520,-960,-1120,-17088,45,17,-29,0
S,21294753,kup,80,0,1560,1520,-928,-936,-17096,35,27,-27,0
S,21304753,kup,80,0,1560,1520,-720,-952,-17104,35,30,-37,0
S,21314755,kup,80,0,1560,1520,-1600,-992,-17752,39,28,-27,0
S,21324755,kup,80,0,1560,1520,-1824,-1232,-18584,47,9,-26,0
S,21334753,kup,80,0,1560,1520,-80,-1272,-17496,44,-8,-48,0
S,21344755,kup,80,0,1560,1520,-32,-736,-16368,53,23,-39,0
S,21354754,kup,80,0,1560,1520,-792,-152,-16328,40,37,-34,0
S,21364755,kup,80,0,1560,1520,-624,-680,-17024,24,32,-31,0
S,21374754,kup,80,0,1560,1520,-792,-1144,-17208,37,27,-22,0
S,21384754,kup,80,0,1560,1520,-1264,-1024,-17248,36,15,-27,0
S,21394755,kup,80,0,1560,1520,-1088,-960,-17376,47,16,-30,0
S,21404755,kup,80,0,1560,1520,-848,-1080,-16928,41,20,-32,0
S,21414754,kup,80,0,1560,1520,-920,-936,-16920,33,37,-28,0
S,21424754,kup,80,0,1560,1520,-1144,-1048,-17136,34,32,-28,0
S,21434755,kup,80,0,1560,1520,-1008,-992,-17240,34,22,-29,0
S,21444755,kup,80,0,1560,1520,-1048,-1000,-17008,36,11,-26,0
S,21454754,kup,80,0,1560,1520,-944,-1120,-16896,53,19,-32,0
S,21464755,kup,80,0,1560,1520,-944,-912,-17008,42,24,-27,0
S,21474754,kup,80,0,1560,1520,-936,-976,-17176,35,28,-31,0
S,21484753,kup,80,0,1560,1520,-1000,-992,-17032,30,23,-28,0
S,21494754,kup,80,0,1560,1520,-1008,-1016,-16984,38,22,-28,0
S,21504755,kup,80,0,1560,1520,-920,-1088,-17152,46,21,-32,0
S,21514753,kup,80,0,1560,1520,-984,-1016,-17088,43,21,-21,0
S,21524754,kup,80,0,1560,1520,-816,-976,-17000,36,28,-26,0
E,21524856,kdn,81,0,1560,1520,,,,,,,0
S,21525486,kdn,81,0,1560,1520,-816,-976,-17000,29,25,-28,0
S,21535477,kdn,81,0,1560,1520,-968,-952,-17000,30,26,-28,0
S,21545475,kdn,81,0,1560,1520,-1008,-912,-17088,34,27,-28,0
S,21555475,kdn,81,0,1560,1520,-936,-832,-17144,45,19,-32,0
S,21565475,kdn,81,0,1560,1520,-928,-928,-16912,40,23,-30,0
S,21575475,kdn,81,0,1560,1520,-824,-880,-17056,42,23,-30,0
S,21585475,kdn,81,0,1560,1520,-880,-952,-17248,34,20,-34,0
S,21595475,kdn,81,0,1560,1520,-832,-808,-17056,28,22,-31,0
S,21605475,kdn,81,0,1560,1520,-968,-968,-16920,37,25,-33,0
S,21615475,kdn,81,0,1560,1520,-1056,-992,-17144,47,24,-30,0
S,21625475,kdn,81,0,1560,1520,-848,-936,-17216,40,21,-29,0
S,21635475,kdn,81,0,1560,1520,-880,-944,-17008,33,25,-33,0
S,21645475,kdn,81,0,1560,1520,-880,-888,-17136,30,19,-28,0
S,21655475,kdn,81,0,1560,1520,-1016,-952,-17208,36,28,-29,0
S,21665475,kdn,81,0,1560,1520,-912,-1064,-17072,39,28,-29,0
S,21675475,kdn,81,0,1560,1520,-840,-976,-16904,39,20,-24,0
S,21685475,kdn,81,0,1560,1520,-808,-1000,-17096,41,17,-31,0
S,21695475,kdn,81,0,1560,1520,-888,-920,-17080,34,19,-31,0
S,21705475,kdn,81,0,1560,1520,-856,-1056,-17104,37,22,-26,0
S,21715475,kdn,81,0,1560,1520,-888,-912,-17224,32,27,-32,0
S,21725475,kdn,81,0,1560,1520,-904,-944,-17176,40,21,-28,0
S,21735475,kdn,81,0,1560,1520,-848,-1048,-17064,39,24,-32,0
S,21745475,kdn,81,0,1560,1520,-952,-904,-17104,38,19,-32,0
S,21755475,kdn,81,0,1560,1520,-896,-968,-17096,32,21,-29,0
S,21765475,kdn,81,0,1560,1520,-840,-832,-17128,37,26,-33,0
S,21775475,kdn,81,0,1560,1520,-952,-960,-17032,36,29,-30,0
E,21775577,kdn,82,0,1559,1520,,,,,,,0
S,21776207,kdn,82,0,1559,1520,-920,-936,-17056,42,29,-29,0
S,21786197,kdn,82,0,1559,1520,-944,-984,-17112,42,22,-29,0
S,21796196,kdn,82,0,1559,1520,-880,-952,-17024,35,22,-31,0
S,21806196,kdn,82,0,1559,1520,-1080,-984,-17088,36,19,-32,0
S,21816196,kdn,82,0,1559,1520,-1008,-1008,-17112,43,19,-27,0
S,21826196,kdn,82,0,1559,1520,-912,-960,-17176,39,22,-34,0
S,21836196,kdn,82,0,1559,1520,-912,-904,-17040,41,31,-28,0
S,21846196,kdn,82,0,1559,1520,-944,-800,-17136,41,21,-30,0
S,21856196,kdn,82,0,1559,1520,-896,-1048,-17144,36,18,-27,0
S,21866196,kdn,82,0,1559,1520,-872,-896,-17120,35,16,-29,0
S,21876196,kdn,82,0,1559,1520,-880,-1088,-17008,39,22,-24,0
S,21886196,kdn,82,0,1559,1520,-824,-912,-17016,39,22,-28,0
S,21896196,kdn,82,0,1559,1520,-840,-984,-17176,41,24,-29,0
S,21906196,kdn,82,0,1559,1520,-824,-984,-17152,34,19,-28,0
S,21916196,kdn,82,0,1559,1520,-976,-936,-17120,38,21,-26,0
S,21926197,kdn,82,0,1559,1520,-984,-976,-17216,40,18,-29,0
S,21936196,kdn,82,0,1559,1520,-1016,-952,-17120,42,24,-33,0
S,21946196,kdn,82,0,1559,1520,-944,-1016,-17064,41,19,-31,0
S,21956196,kdn,82,0,1559,1520,-920,-1016,-17096,34,26,-35,0
S,21966196,kdn,82,0,1559,1520,-808,-848,-17096,35,22,-26,0
S,21976196,kdn,82,0,1559,1520,-896,-1064,-17128,41,22,-29,0
S,21986196,kdn,82,0,1559,1520,-920,-1016,-17112,37,26,-31,0
S,21996196,kdn,82,0,1559,1520,-944,-1104,-17088,36,23,-28,0
S,22006196,kdn,82,0,1559,1520,-944,-1008,-17000,40,20,-33,0
S,22016196,kdn,82,0,1559,1520,-880,-992,-17152,38,22,-31,0
S,22026196,kdn,82,0,1559,1520,-920,-960,-16976,39,17,-31,0
E,22026299,kdn,83,0,1558,1520,,,,,,,0
S,22026932,kdn,83,0,1558,1520,-848,-920,-17048,40,24,-25,0
S,22036924,kdn,83,0,1558,1520,-968,-936,-17064,39,27,-30,0
S,22046922,kdn,83,0,1558,1520,-936,-1016,-17144,42,23,-21,0
S,22056922,kdn,83,0,1558,1520,-904,-1032,-16976,38,22,-31,0
S,22066922,kdn,83,0,1558,1520,-928,-856,-17080,42,25,-33,0
S,22076922,kdn,83,0,1558,1520,-864,-1024,-17080,41,23,-30,0
S,22086922,kdn,83,0,1558,1520,-920,-1016,-17056,33,19,-32,0
S,22096922,kdn,83,0,1558,1520,-976,-1064,-17136,39,26,-32,0
S,22106922,kdn,83,0,1558,1520,-848,-912,-17072,34,22,-31,0
S,22116922,kdn,83,0,1558,1520,-1016,-1048,-17240,39,22,-28,0
S,22126922,kdn,83,0,1558,1520,-928,-880,-17112,38,25,-26,0
S,22136923,kdn,83,0,1558,1520,-872,-976,-17136,36,17,-30,0
S,22146922,kdn,83,0,1558,1520,-1032,-1056,-17160,39,24,-30,0
S,22156922,kdn,83,0,1558,1520,-1056,-936,-17120,38,20,-29,0
S,22166923,kdn,83,0,1558,1520,-928,-904,-17120,33,25,-29,0
S,22176922,kdn,83,0,1558,1520,-888,-1016,-17112,43,21,-34,0
S,22186922,kdn,83,0,1558,1520,-672,-816,-16984,41,22,-29,0
S,22196922,kdn,83,0,1558,1520,-928,-904,-17056,40,23,-27,0
S,22206922,kdn,83,0,1558,1520,-1016,-1048,-17144,43,15,-26,0
S,22216923,kdn,83,0,1558,1520,-968,-952,-17008,42,16,-31,0
S,22226922,kdn,83,0,1558,1520,-944,-896,-17056,38,21,-31,0
S,22236923,kdn,83,0,1558,1520,-856,-840,-17016,43,28,-26,0
S,22246922,kdn,83,0,1558,1520,-920,-1016,-17040,39,29,-27,0
S,22256923,kdn,83,0,1558,1520,-968,-1088,-17160,28,26,-35,0
S,22266922,kdn,83,0,1558,1520,-872,-1000,-17216,39,21,-30,0
S,22276922,kdn,83,0,1558,1520,-680,-792,-16976,39,24,-30,0
E,22277025,kdn,84,0,1557,1520,,,,,,,0
S,22277658,kdn,84,0,1557,1520,-848,-808,-16792,46,24,-28,0
S,22287648,kdn,84,0,1557,1520,-752,-648,-16976,38,25,-27,0
S,22297646,kdn,84,0,1557,1520,-1752,240,-17392,37,35,-40,0
S,22307646,kdn,84,0,1557,1520,-1064,-1544,-16840,27,16,-32,0
S,22317646,kdn,84,0,1557,1520,-888,-608,-17088,35,29,-18,0
S,22327646,kdn,84,0,1557,1520,-1528,-568,-16992,54,48,-27,0
S,22337646,kdn,84,0,1557,1520,-952,-832,-17248,50,64,-27,0
S,22347646,kdn,84,0,1557,1520,-896,-1144,-17136,40,64,-25,0
S,22357646,kdn,84,0,1557,1520,-864,-1176,-17064,31,44,-28,0
S,22367646,kdn,84,0,1557,1520,-936,-872,-17064,26,32,-31,0
S,22377646,kdn,84,0,1557,1520,-984,-880,-17048,28,13,-29,0
S,22387646,kdn,84,0,1557,1520,-768,-896,-16944,46,6,-32,0
S,22397646,kdn,84,0,1557,1520,-720,-960,-17072,53,18,-36,0
S,22407646,kdn,84,0,1557,1520,-1032,-1016,-17280,45,16,-33,0
S,22417646,kdn,84,0,1557,1520,-968,-1072,-17144,37,27,-30,0
S,22427646,kdn,84,0,1557,1520,-984,-984,-17280,34,32,-28,0
S,22437646,kdn,84,0,1557,1520,-864,-1032,-17056,31,36,-34,0
S,22447646,kdn,84,0,1557,1520,-872,-872,-17040,38,23,-30,0
S,22457646,kdn,84,0,1557,1520,-848,-1048,-17200,42,21,-29,0
S,22467646,kdn,84,0,1557,1520,-976,-1032,-17296,46,14,-33,0
S,22477646,kdn,84,0,1557,1520,-912,-888,-17064,37,17,-31,0
S,22487646,kdn,84,0,1557,1520,-960,-984,-17104,33,17,-29,0
S,22497646,kdn,84,0,1557,1520,-904,-1056,-17152,34,30,-24,0
S,22507646,kdn,84,0,1557,1520,-848,-1032,-17136,33,31,-31,0
S,22517646,kdn,84,0,1557,1520,-880,-1120,-17208,39,25,-31,0
S,22527646,kdn,84,0,1557,1520,-952,-936,-17072,41,24,-33,0
E,22527748,kdn,85,0,1556,1520,,,,,,,0
S,22528382,kdn,85,0,1556,1520,-936,-816,-17104,34,24,-34,0
S,22538373,kdn,85,0,1556,1520,-928,-1016,-17120,37,19,-32,0
S,22548371,kdn,85,0,1556,1520,-840,-904,-17080,38,18,-23,0
S,22558372,kdn,85,0,1556,1520,-936,-992,-17128,34,23,-31,0
S,22568371,kdn,85,0,1556,1520,-848,-1072,-17024,39,18,-33,0
S,22578371,kdn,85,0,1556,1520,-904,-1072,-17016,43,27,-33,0
S,22588371,kdn,85,0,1556,1520,-840,-872,-17056,39,28,-22,0
S,22598371,kdn,85,0,1556,1520,-864,-880,-17144,36,26,-28,0
S,22608371,kdn,85,0,1556,1520,-920,-1048,-17008,37,17,-26,0
S,22618371,kdn,85,0,1556,1520,-912,-888,-17080,42,22,-30,0
S,22628371,kdn,85,0,1556,1520,-832,-1040,-17168,40,17,-27,0
S,22638371,kdn,85,0,1556,1520,-952,-952,-17040,41,22,-31,0
S,22648371,kdn,85,0,1556,1520,-792,-984,-17064,34,26,-29,0
S,22658371,kdn,85,0,1556,1520,-920,-1056,-17104,36,29,-24,0
S,22668371,kdn,85,0,1556,1520,-952,-1040,-17080,40,23,-24,0
S,22678372,kdn,85,0,1556,1520,-872,-1072,-17104,40,20,-31,0
S,22688371,kdn,85,0,1556,1520,-880,-992,-17160,42,18,-30,0
S,22698372,kdn,85,0,1556,1520,-936,-896,-17032,40,20,-34,0
S,22708371,kdn,85,0,1556,1520,-1032,-904,-17112,37,26,-25,0
S,22718371,kdn,85,0,1556,1520,-992,-984,-17168,35,27,-36,0
S,22728372,kdn,85,0,1556,1520,-960,-1064,-17136,34,29,-32,0
S,22738371,kdn,85,0,1556,1520,-872,-920,-17040,37,32,-27,0
S,22748371,kdn,85,0,1556,1520,-888,-1056,-17008,41,21,-26,0
S,22758371,kdn,85,0,1556,1520,-896,-1016,-17016,38,24,-33,0
S,22768371,kdn,85,0,1556,1520,-880,-872,-17128,41,21,-32,0
S,22778371,kdn,85,0,1556,1520,-992,-944,-17112,40,19,-29,0
E,22778473,kdn,86,0,1555,1520,,,,,,,0
S,22779103,kdn,86,0,1555,1520,-952,-1056,-17216,36,23,-32,0
S,22789094,kdn,86,0,1555,1520,-824,-920,-17072,41,23,-23,0
S,22799092,kdn,86,0,1555,1520,-984,-984,-17096,49,26,-33,0
S,22809092,kdn,86,0,1555,1520,-912,-1016,-17048,36,24,-23,0
S,22819092,kdn,86,0,1555,1520,-936,-1024,-17128,43,22,-29,0
S,22829092,kdn,86,0,1555,1520,-904,-896,-17088,41,27,-32,0
S,22839092,kdn,86,0,1555,1520,-856,-992,-16968,36,27,-28,0
S,22849092,kdn,86,0,1555,1520,-872,-896,-17136,33,29,-32,0
S,22859092,kdn,86,0,1555,1520,-920,-1048,-17000,37,21,-26,0
S,22869092,kdn,86,0,1555,1520,-944,-1080,-17232,34,19,-32,0
S,22879092,kdn,86,0,1555,1520,-888,-952,-17056,41,20,-26,0
S,22889092,kdn,86,0,1555,1520,-872,-952,-17048,36,25,-27,0
S,22899092,kdn,86,0,1555,1520,-872,-1072,-17072,38,25,-26,0
S,22909092,kdn,86,0,1555,1520,-1024,-1064,-17216,37,26,-26,0
S,22919092,kdn,86,0,1555,1520,-960,-928,-17264,41,19,-30,0
S,22929092,kdn,86,0,1555,1520,-912,-1040,-17088,38,21,-33,0
S,22939092,kdn,86,0,1555,1520,-832,-936,-16992,37,24,-31,0
S,22949092,kdn,86,0,1555,1520,-920,-800,-17040,40,25,-36,0
S,22959092,kdn,86,0,1555,1520,-992,-936,-17064,35,25,-27,0
S,22969092,kdn,86,0,1555,1520,-1024,-1032,-17152,43,23,-31,0
S,22979092,kdn,86,0,1555,1520,-1032,-952,-17144,37,21,-26,0
S,22989092,kdn,86,0,1555,1520,-1056,-1048,-16984,35,13,-28,0
S,22999092,kdn,86,0,1555,1520,-792,-760,-17080,35,29,-28,0
S,23009092,kdn,86,0,1555,1520,-784,-880,-16952,37,24,-28,0
S,23019092,kdn,86,0,1555,1520,-992,-984,-17016,39,23,-29,0
S,23029092,kdn,86,0,1555,1520,-952,-1096,-17240,42,20,-25,0
E,23029195,kdn,87,0,1554,1520,,,,,,,0
S,23029825,kdn,87,0,1554,1520,-968,-1128,-17176,40,18,-28,0
S,23039815,kdn,87,0,1554,1520,-744,-912,-16984,43,30,-31,0
S,23049814,kdn,87,0,1554,1520,-672,-496,-17024,39,22,-30,0
S,23059814,kdn,87,0,1554,1520,-952,-880,-17144,39,31,-24,0
S,23069814,kdn,87,0,1554,1520,-672,-1000,-17152,40,30,-26,0
S,23079814,kdn,87,0,1554,1520,-976,-1096,-17048,42,39,-33,0
S,23089814,kdn,87,0,1554,1520,-416,-1064,-16944,42,57,-26,0
S,23099814,kdn,87,0,1554,1520,-1096,-816,-17144,42,56,-31,0
S,23109814,kdn,87,0,1554,1520,-824,-1248,-16944,39,53,-29,0
S,23119814,kdn,87,0,1554,1520,-928,-992,-17248,35,34,-26,0
S,23129814,kdn,87,0,1554,1520,-872,-1016,-17152,33,13,-31,0
S,23139814,kdn,87,0,1554,1520,-888,-976,-16968,40,9,-29,0
S,23149814,kdn,87,0,1554,1520,-816,-920,-17040,47,13,-28,0
S,23159814,kdn,87,0,1554,1520,-1016,-984,-17112,44,28,-30,0
S,23169814,kdn,87,0,1554,1520,-784,-1032,-17168,42,35,-29,0
S,23179814,kdn,87,0,1554,1520,-1000,-840,-17136,31,33,-30,0
S,23189814,kdn,87,0,1554,1520,-1024,-1112,-17368,33,23,-24,0
S,23199814,kdn,87,0,1554,1520,-904,-1168,-17080,31,18,-31,0
S,23209814,kdn,87,0,1554,1520,-800,-1056,-17224,38,13,-29,0
S,23219814,kdn,87,0,1554,1520,-928,-1064,-17120,50,19,-26,0
S,23229814,kdn,87,0,1554,1520,-904,-968,-16976,40,22,-24,0
S,23239814,kdn,87,0,1554,1520,-896,-888,-17000,43,26,-26,0
S,23249814,kdn,87,0,1554,1520,-1056,-968,-17104,29,25,-27,0
S,23259814,kdn,87,0,1554,1520,-872,-1136,-17216,32,27,-29,0
S,23269814,kdn,87,0,1554,1520,-824,-1088,-17032,43,22,-35,0
S,23279814,kdn,87,0,1554,1520,-976,-832,-17152,45,25,-30,0
E,23279917,kdn,88,0,1553,1520,,,,,,,0
S,23280546,kdn,88,0,1553,1520,-784,-928,-17040,42,24,-29,0
S,23290536,kdn,88,0,1553,1520,-976,-1008,-17120,38,26,-32,0
S,23300535,kdn,88,0,1553,1520,-992,-1008,-17032,38,17,-30,0
S,23310535,kdn,88,0,1553,1520,-1008,-1040,-17096,36,18,-33,0
S,23320535,kdn,88,0,1553,1520,-936,-1032,-17104,34,27,-27,0
S,23330535,kdn,88,0,1553,1520,-864,-1048,-17064,41,33,-30,0
S,23340535,kdn,88,0,1553,1520,-1000,-888,-17096,44,25,-29,0
S,23350535,kdn,88,0,1553,1520,-760,-864,-17016,36,22,-27,0
S,23360535,kdn,88,0,1553,1520,-856,-1064,-17008,39,20,-33,0
S,23370535,kdn,88,0,1553,1520,-864,-928,-17256,44,21,-35,0
S,23380535,kdn,88,0,1553,1520,-880,-1040,-17208,38,16,-27,0
S,23390535,kdn,88,0,1553,1520,-808,-952,-16944,40,29,-35,0
S,23400535,kdn,88,0,1553,1520,-744,-808,-17088,44,24,-28,0
S,23410535,kdn,88,0,1553,1520,-728,-840,-16888,37,24,-25,0
S,23420535,kdn,88,0,1553,1520,-712,-968,-16776,34,19,-30,0
S,23430535,kdn,88,0,1553,1520,-872,-904,-16968,41,22,-24,0
S,23440535,kdn,88,0,1553,1520,-904,-984,-17048,40,20,-31,0
S,23450535,kdn,88,0,1553,1520,-856,-952,-17216,37,23,-31,0
S,23460535,kdn,88,0,1553,1520,-904,-992,-17032,33,24,-30,0
S,23470535,kdn,88,0,1553,1520,-848,-944,-16968,40,19,-29,0
S,23480535,kdn,88,0,1553,1520,-760,-896,-16952,41,21,-28,0
S,23490535,kdn,88,0,1553,1520,-928,-792,-17192,43,25,-35,0
S,23500535,kdn,88,0,1553,1520,-856,-1000,-16968,43,24,-26,0
S,23510535,kdn,88,0,1553,1520,-872,-880,-17160,40,15,-32,0
S,23520535,kdn,88,0,1553,1520,-808,-1080,-17168,40,21,-28,0
S,23530535,kdn,88,0,1553,1520,-1000,-1144,-16888,33,25,-29,0
E,23530639,kdn,89,0,1552,1520,,,,,,,0
S,23531270,kdn,89,0,1552,1520,-976,-992,-16848,37,25,-24,0
S,23541261,kdn,89,0,1552,1520,-880,-1176,-17144,38,23,-28,0
S,23551261,kdn,89,0,1552,1520,-1088,-904,-17192,41,28,-28,0
S,23561261,kdn,89,0,1552,1520,-784,-1000,-17216,48,27,-31,0
S,23571260,kdn,89,0,1552,1520,-824,-944,-16952,40,25,-31,0
S,23581260,kdn,89,0,1552,1520,-840,-824,-16976,35,19,-29,0
S,23591261,kdn,89,0,1552,1520,-592,-752,-17112,36,23,-29,0
S,23601260,kdn,89,0,1552,1520,-776,-824,-16968,39,24,-31,0
S,23611260,kdn,89,0,1552,1520,-792,-768,-17160,36,23,-35,0
S,23621261,kdn,89,0,1552,1520,-944,-976,-17304,39,23,-28,0
S,23631261,kdn,89,0,1552,1520,-816,-1064,-17048,42,25,-28,0
S,23641260,kdn,89,0,1552,1520,-872,-1064,-17000,40,23,-31,0
S,23651260,kdn,89,0,1552,1520,-856,-984,-17128,39,18,-33,0
S,23661261,kdn,89,0,1552,1520,-888,-1064,-17168,38,22,-26,0
S,23671260,kdn,89,0,1552,1520,-848,-920,-16960,37,23,-28,0
S,23681261,kdn,89,0,1552,1520,-904,-960,-17176,35,25,-21,0
S,23691261,kdn,89,0,1552,1520,-976,-1096,-17152,39,23,-31,0
S,23701261,kdn,89,0,1552,1520,-760,-992,-17168,39,17,-26,0
S,23711261,kdn,89,0,1552,1520,-784,-936,-16880,37,26,-23,0
S,23721261,kdn,89,0,1552,1520,-816,-824,-17080,39,26,-26,0
S,23731260,kdn,89,0,1552,1520,-824,-968,-16976,39,21,-33,0
S,23741261,kdn,89,0,1552,1520,-824,-944,-17056,37,24,-27,0
S,23751260,kdn,89,0,1552,1520,-880,-920,-17176,40,29,-34,0
S,23761261,kdn,89,0,1552,1520,-1040,-984,-17104,41,24,-25,0
S,23771261,kdn,89,0,1552,1520,-872,-848,-17128,41,24,-26,0
S,23781260,kdn,89,0,1552,1520,-832,-984,-17008,39,24,-28,0
E,23781363,kdn,90,0,1551,1520,,,,,,,0
S,23781996,kdn,90,0,1551,1520,-848,-936,-17016,38,22,-28,0
S,23791987,kdn,90,0,1551,1520,-776,-1104,-17024,41,20,-25,0
S,23801986,kdn,90,0,1551,1520,-1888,-728,-17176,41,36,-29,0
S,23811986,kdn,90,0,1551,1520,-552,-1024,-17104,47,57,-22,0
S,23821986,kdn,90,0,1551,1520,-1056,-992,-17112,51,68,-26,0
S,23831986,kdn,90,0,1551,1520,-808,-976,-17048,43,66,-31,0
S,23841986,kdn,90,0,1551,1520,-904,-928,-17096,29,45,-33,0
S,23851986,kdn,90,0,1551,1520,-872,-960,-16968,24,15,-28,0
S,23861986,kdn,90,0,1551,1520,-896,-896,-17216,36,1,-24,0
S,23871986,kdn,90,0,1551,1520,-784,-976,-16960,47,1,-26,0
S,23881986,kdn,90,0,1551,1520,-800,-1008,-17192,53,17,-31,0
S,23891986,kdn,90,0,1551,1520,-888,-1000,-17088,49,38,-24,0
S,23901986,kdn,90,0,1551,1520,-944,-896,-17160,30,34,-25,0
S,23911986,kdn,90,0,1551,1520,-888,-936,-17104,24,32,-31,0
S,23921986,kdn,90,0,1551,1520,-968,-968,-17096,29,20,-22,0
S,23931986,kdn,90,0,1551,1520,-944,-928,-17056,38,12,-33,0
S,23941986,kdn,90,0,1551,1520,-880,-992,-16992,48,18,-31,0
S,23951986,kdn,90,0,1551,1520,-928,-968,-17184,53,22,-34,0
S,23961986,kdn,90,0,1551,1520,-848,-872,-17160,44,22,-30,0
S,23971986,kdn,90,0,1551,1520,-888,-936,-17064,33,29,-31,0
S,23981986,kdn,90,0,1551,1520,-880,-912,-17088,31,27,-29,0
S,23991986,kdn,90,0,1551,1520,-712,-976,-17136,32,23,-32,0
S,24001986,kdn,90,0,1551,1520,-800,-824,-17048,40,22,-31,0
S,24011986,kdn,90,0,1551,1520,-888,-1016,-17072,50,19,-33,0
S,24021986,kdn,90,0,1551,1520,-944,-1064,-17056,43,17,-29,0
S,24031986,kdn,90,0,1551,1520,-784,-944,-17120,40,20,-29,0
E,24032089,kdn,91,0,1550,1520,,,,,,,0
S,24032719,kdn,91,0,1550,1520,-872,-1040,-17072,36,18,-26,0
S,24042710,kdn,91,0,1550,1520,-856,-1048,-17008,31,24,-26,0
S,24052709,kdn,91,0,1550,1520,-848,-1064,-17000,36,25,-30,0
S,24062709,kdn,91,0,1550,1520,-808,-1048,-17112,42,25,-36,0
S,24072709,kdn,91,0,1550,1520,-904,-952,-17112,41,21,-23,0
S,24082709,kdn,91,0,1550,1520,-880,-960,-17056,40,18,-28,0
S,24092709,kdn,91,0,1550,1520,-872,-936,-17128,40,15,-32,0
S,24102709,kdn,91,0,1550,1520,-848,-1024,-17104,39,23,-32,0
S,24112709,kdn,91,0,1550,1520,-920,-904,-17000,40,24,-31,0
S,24122709,kdn,91,0,1550,1520,-840,-968,-17216,40,28,-30,0
S,24132709,kdn,91,0,1550,1520,-920,-936,-17248,36,25,-23,0
S,24142709,kdn,91,0,1550,1520,-872,-1088,-17096,35,25,-33,0
S,24152709,kdn,91,0,1550,1520,-848,-1016,-17128,40,17,-31,0
S,24162710,kdn,91,0,1550,1520,-856,-1008,-17144,44,20,-31,0
S,24172709,kdn,91,0,1550,1520,-816,-936,-17112,39,21,-34,0
S,24182709,kdn,91,0,1550,1520,-824,-992,-17104,41,31,-27,0
S,24192709,kdn,91,0,1550,1520,-888,-968,-16992,35,21,-26,0
S,24202709,kdn,91,0,1550,1520,-856,-1064,-17072,36,22,-28,0
S,24212709,kdn,91,0,1550,1520,-856,-856,-17104,37,24,-29,0
S,24222709,kdn,91,0,1550,1520,-840,-944,-17096,39,20,-31,0
S,24232709,kdn,91,0,1550,1520,-872,-1096,-17096,42,26,-28,0
S,24242709,kdn,91,0,1550,1520,-888,-896,-16952,37,22,-30,0
S,24252709,kdn,91,0,1550,1520,-936,-928,-17240,37,20,-30,0
S,24262709,kdn,91,0,1550,1520,-792,-1000,-17032,35,25,-35,0
S,24272709,kdn,91,0,1550,1520,-720,-1080,-17176,40,24,-29,0
S,24282709,kdn,91,0,1550,1520,-792,-936,-17032,40,26,-31,0
E,24282812,kdn,92,0,1549,1520,,,,,,,0
S,24283441,kdn,92,0,1549,1520,-928,-1096,-17160,40,26,-31,0
S,24293431,kdn,92,0,1549,1520,-888,-976,-17152,35,23,-25,0
S,24303430,kdn,92,0,1549,1520,-928,-976,-17032,39,19,-31,0
S,24313430,kdn,92,0,1549,1520,-968,-736,-17032,43,18,-31,0
S,24323430,kdn,92,0,1549,1520,-904,-952,-17136,40,18,-31,0
S,24333430,kdn,92,0,1549,1520,-752,-880,-17040,35,27,-31,0
S,24343430,kdn,92,0,1549,1520,-888,-904,-16960,42,26,-28,0
S,24353430,kdn,92,0,1549,1520,-760,-992,-17032,38,22,-31,0
S,24363430,kdn,92,0,1549,1520,-848,-944,-16936,38,24,-29,0
S,24373430,kdn,92,0,1549,1520,-968,-856,-17176,34,20,-31,0
S,24383430,kdn,92,0,1549,1520,-704,-880,-17080,48,17,-31,0
S,24393430,kdn,92,0,1549,1520,-904,-1064,-17056,41,26,-24,0
S,24403430,kdn,92,0,1549,1520,-896,-832,-17112,31,27,-31,0
S,24413430,kdn,92,0,1549,1520,-872,-848,-17024,33,26,-29,0
S,24423430,kdn,92,0,1549,1520,-1048,-1040,-17032,37,24,-31,0
S,24433430,kdn,92,0,1549,1520,-944,-840,-17144,36,21,-32,0
S,24443430,kdn,92,0,1549,1520,-832,-976,-16992,44,17,-34,0
S,24453430,kdn,92,0,1549,1520,-728,-920,-17040,44,20,-26,0
S,24463430,kdn,92,0,1549,1520,-872,-936,-17072,31,32,-28,0
S,24473430,kdn,92,0,1549,1520,-856,-880,-17072,33,28,-31,0
S,24483430,kdn,92,0,1549,1520,-952,-928,-17160,32,23,-31,0
S,24493430,kdn,92,0,1549,1520,-1032,-832,-17072,41,20,-34,0
S,24503430,kdn,92,0,1549,1520,-760,-1096,-16952,50,22,-26,0
S,24513430,kdn,92,0,1549,1520,-824,-984,-17064,40,25,-29,0
S,24523430,kdn,92,0,1549,1520,-944,-992,-17208,36,23,-32,0
S,24533430,kdn,92,0,1549,1520,-808,-1008,-17072,32,22,-27,0
E,24533533,kdn,93,0,1548,1520,,,,,,,0
S,24534163,kdn,93,0,1548,1520,-856,-944,-17216,32,18,-31,0
S,24544153,kdn,93,0,1548,1520,-1600,-1176,-17032,34,24,-26,0
S,24554152,kdn,93,0,1548,1520,-1040,-1136,-17224,43,30,-31,0
S,24564152,kdn,93,0,1548,1520,-1008,-1016,-16936,47,39,-29,0
S,24574152,kdn,93,0,1548,1520,-816,-880,-16984,45,59,-25,0
S,24584152,kdn,93,0,1548,1520,-776,-800,-17048,39,58,-30,0
S,24594152,kdn,93,0,1548,1520,-944,-920,-17248,34,34,-31,0
S,24604152,kdn,93,0,1548,1520,-848,-896,-17032,30,20,-29,0
S,24614152,kdn,93,0,1548,1520,-888,-944,-17104,31,9,-21,0
S,24624152,kdn,93,0,1548,1520,-944,-952,-17144,50,5,-28,0
S,24634152,kdn,93,0,1548,1520,-808,-960,-17176,59,18,-34,0
S,24644152,kdn,93,0,1548,1520,-744,-1008,-17128,43,30,-31,0
S,24654152,kdn,93,0,1548,1520,-912,-912,-17000,29,30,-31,0
S,24664152,kdn,93,0,1548,1520,-752,-1032,-16992,26,28,-31,0
S,24674152,kdn,93,0,1548,1520,-784,-1088,-17048,35,15,-27,0
S,24684152,kdn,93,0,1548,1520,-752,-1040,-17200,44,15,-28,0
S,24694152,kdn,93,0,1548,1520,-840,-1048,-17080,53,17,-32,0
S,24704152,kdn,93,0,1548,1520,-928,-1008,-17120,45,19,-27,0
S,24714152,kdn,93,0,1548,1520,-880,-1176,-17096,40,23,-27,0
S,24724152,kdn,93,0,1548,1520,-784,-808,-17024,28,26,-32,0
S,24734152,kdn,93,0,1548,1520,-784,-1008,-16968,29,27,-26,0
S,24744152,kdn,93,0,1548,1520,-776,-952,-17088,38,29,-35,0
S,24754152,kdn,93,0,1548,1520,-864,-952,-17168,42,18,-30,0
S,24764152,kdn,93,0,1548,1520,-824,-984,-16992,42,21,-33,0
S,24774152,kdn,93,0,1548,1520,-856,-1016,-17104,32,14,-31,0
S,24784152,kdn,93,0,1548,1520,-896,-944,-17080,35,19,-29,0
E,24784255,kdn,94,0,1547,1520,,,,,,,0
S,24784888,kdn,94,0,1547,1520,-904,-1064,-17056,35,19,-29,0
S,24794879,kdn,94,0,1547,1520,-864,-1016,-17096,39,25,-24,0
S,24804879,kdn,94,0,1547,1520,-656,-968,-17048,40,29,-31,0
S,24814878,kdn,94,0,1547,1520,-952,-1072,-17096,36,27,-26,0
S,24824878,kdn,94,0,1547,1520,-768,-1032,-17120,42,26,-32,0
S,24834878,kdn,94,0,1547,1520,-736,-864,-17128,37,15,-28,0
S,24844878,kdn,94,0,1547,1520,-824,-960,-17104,39,17,-29,0
S,24854879,kdn,94,0,1547,1520,-832,-968,-17104,43,20,-27,0
S,24864878,kdn,94,0,1547,1520,-848,-880,-17088,43,29,-25,0
S,24874879,kdn,94,0,1547,1520,-904,-888,-16952,38,27,-28,0
S,24884879,kdn,94,0,1547,1520,-800,-1024,-17168,42,21,-27,0
S,24894878,kdn,94,0,1547,1520,-856,-848,-17104,34,21,-29,0
S,24904878,kdn,94,0,1547,1520,-856,-872,-17104,37,22,-30,0
S,24914878,kdn,94,0,1547,1520,-872,-992,-17192,44,21,-31,0
S,24924878,kdn,94,0,1547,1520,-848,-960,-17048,43,23,-29,0
S,24934878,kdn,94,0,1547,1520,-920,-952,-17096,38,22,-29,0
S,24944879,kdn,94,0,1547,1520,-960,-976,-17168,34,28,-22,0
S,24954878,kdn,94,0,1547,1520,-928,-976,-17000,31,24,-27,0
S,24964878,kdn,94,0,1547,1520,-896,-984,-17080,33,26,-33,0
S,24974878,kdn,94,0,1547,1520,-784,-952,-17128,39,22,-21,0
S,24984878,kdn,94,0,1547,1520,-744,-944,-17144,35,16,-29,0
S,24994878,kdn,94,0,1547,1520,-840,-1032,-17168,38,22,-30,0
S,25004878,kdn,94,0,1547,1520,-864,-1032,-17152,37,21,-25,0
S,25014878,kdn,94,0,1547,1520,-864,-984,-17176,43,18,-29,0
S,25024879,kdn,94,0,1547,1520,-784,-928,-17032,37,20,-31,0
S,25034878,kdn,94,0,1547,1520,-752,-976,-16952,33,24,-35,0
E,25034981,kdn,95,0,1546,1520,,,,,,,0
S,25035610,kdn,95,0,1546,1520,-688,-1024,-17016,36,26,-25,0
S,25045602,kdn,95,0,1546,1520,-872,-992,-17120,33,25,-34,0
S,25055600,kdn,95,0,1546,1520,-848,-1064,-17120,39,21,-25,0
S,25065600,kdn,95,0,1546,1520,-800,-1144,-17144,36,19,-34,0
S,25075600,kdn,95,0,1546,1520,-832,-912,-17072,41,30,-34,0
S,25085601,kdn,95,0,1546,1520,-760,-888,-17112,35,28,-28,0
S,25095600,kdn,95,0,1546,1520,-752,-1072,-17056,39,24,-33,0
S,25105600,kdn,95,0,1546,1520,-824,-928,-17104,40,19,-27,0
S,25115600,kdn,95,0,1546,1520,-816,-832,-17024,41,23,-30,0
S,25125600,kdn,95,0,1546,1520,-920,-960,-17112,45,22,-31,0
S,25135601,kdn,95,0,1546,1520,-816,-1000,-17080,37,19,-35,0
S,25145600,kdn,95,0,1546,1520,-872,-1152,-17096,43,28,-24,0
S,25155600,kdn,95,0,1546,1520,-744,-896,-17024,32,22,-25,0
S,25165600,kdn,95,0,1546,1520,-952,-960,-16952,30,22,-28,0
S,25175600,kdn,95,0,1546,1520,-952,-888,-17000,36,25,-28,0
S,25185600,kdn,95,0,1546,1520,-824,-936,-17120,40,25,-32,0
S,25195601,kdn,95,0,1546,1520,-880,-960,-17168,36,21,-30,0
S,25205601,kdn,95,0,1546,1520,-848,-952,-17208,34,18,-27,0
S,25215600,kdn,95,0,1546,1520,-904,-1040,-17064,39,23,-27,0
S,25225600,kdn,95,0,1546,1520,-1008,-928,-17080,37,26,-29,0
S,25235600,kdn,95,0,1546,1520,-824,-912,-17064,40,28,-23,0
S,25245600,kdn,95,0,1546,1520,-824,-1104,-17008,34,26,-30,0
S,25255600,kdn,95,0,1546,1520,-816,-888,-17176,33,18,-33,0
S,25265601,kdn,95,0,1546,1520,-872,-1088,-17088,41,21,-34,0
S,25275600,kdn,95,0,1546,1520,-800,-968,-17072,38,21,-30,0
S,25285600,kdn,95,0,1546,1520,-832,-840,-17056,33,23,-30,0
E,25285703,kdn,96,0,1545,1520,,,,,,,0
S,25286332,kdn,96,0,1545,1520,-832,-840,-17056,33,23,-30,0
S,25296324,kdn,96,0,1545,1520,-480,-888,-17024,44,25,-24,0
S,25306322,kdn,96,0,1545,1520,-504,-784,-17320,32,37,-26,0
S,25316322,kdn,96,0,1545,1520,-64,-312,-17208,46,49,-14,0
S,25326322,kdn,96,0,1545,1520,-1040,-248,-17024,46,47,-29,0
S,25336322,kdn,96,0,1545,1520,-928,-1128,-17136,35,44,-28,0
S,25346322,kdn,96,0,1545,1520,-720,-1088,-17096,33,31,-29,0
S,25356322,kdn,96,0,1545,1520,-736,-864,-17032,34,13,-28,0
S,25366322,kdn,96,0,1545,1520,-896,-936,-17072,42,8,-25,0
S,25376322,kdn,96,0,1545,1520,-792,-1032,-17016,52,12,-27,0
S,25386323,kdn,96,0,1545,1520,-848,-1040,-17072,46,26,-28,0
S,25396322,kdn,96,0,1545,1520,-792,-912,-17096,38,33,-33,0
S,25406322,kdn,96,0,1545,1520,-776,-960,-17064,33,36,-32,0
S,25416322,kdn,96,0,1545,1520,-792,-1040,-17080,26,28,-26,0
S,25426322,kdn,96,0,1545,1520,-816,-904,-17096,38,24,-27,0
S,25436322,kdn,96,0,1545,1520,-832,-896,-17064,47,23,-25,0
S,25446322,kdn,96,0,1545,1520,-904,-904,-17088,54,18,-27,0
S,25456322,kdn,96,0,1545,1520,-896,-960,-17104,44,21,-29,0
S,25466322,kdn,96,0,1545,1520,-896,-872,-17056,33,24,-31,0
S,25476322,kdn,96,0,1545,1520,-752,-1024,-17224,30,25,-28,0
S,25486322,kdn,96,0,1545,1520,-808,-984,-17104,32,28,-28,0
S,25496322,kdn,96,0,1545,1520,-928,-1008,-17152,42,26,-29,0
S,25506322,kdn,96,0,1545,1520,-800,-928,-17176,45,25,-27,0
S,25516322,kdn,96,0,1545,1520,-816,-904,-17112,40,17,-27,0
S,25526322,kdn,96,0,1545,1520,-728,-984,-17080,34,16,-29,0
S,25536322,kdn,96,0,1545,1520,-760,-944,-17072,39,23,-26,0
E,25536429,kdn,97,0,1544,1520,,,,,,,0
S,25537058,kdn,97,0,1544,1520,-936,-1016,-17120,36,26,-23,0
S,25547050,kdn,97,0,1544,1520,-880,-912,-17136,37,25,-32,0
S,25557049,kdn,97,0,1544,1520,-928,-976,-17104,37,31,-30,0
S,25567049,kdn,97,0,1544,1520,-920,-1080,-17048,31,26,-33,0
S,25577049,kdn,97,0,1544,1520,-816,-1048,-16984,39,20,-26,0
S,25587048,kdn,97,0,1544,1520,-872,-920,-17064,40,20,-32,0
S,25597049,kdn,97,0,1544,1520,-904,-1016,-17056,41,20,-28,0
S,25607049,kdn,97,0,1544,1520,-832,-928,-17096,38,17,-30,0
S,25617049,kdn,97,0,1544,1520,-816,-880,-17128,40,23,-25,0
S,25627048,kdn,97,0,1544,1520,-808,-1008,-17032,34,26,-33,0
S,25637048,kdn,97,0,1544,1520,-880,-1008,-17136,35,26,-24,0
S,25647048,kdn,97,0,1544,1520,-672,-968,-17144,37,29,-29,0
S,25657049,kdn,97,0,1544,1520,-824,-976,-17032,44,21,-27,0
S,25667049,kdn,97,0,1544,1520,-896,-1136,-17056,37,17,-26,0
S,25677048,kdn,97,0,1544,1520,-816,-824,-17168,37,26,-28,0
S,25687048,kdn,97,0,1544,1520,-824,-1064,-17064,33,22,-27,0
S,25697048,kdn,97,0,1544,1520,-784,-928,-16984,40,21,-30,0
S,25707048,kdn,97,0,1544,1520,-752,-984,-17176,39,28,-28,0
S,25717049,kdn,97,0,1544,1520,-752,-920,-17080,32,23,-30,0
S,25727049,kdn,97,0,1544,1520,-808,-832,-17144,43,22,-32,0
S,25737048,kdn,97,0,1544,1520,-792,-1040,-17104,29,19,-32,0
S,25747048,kdn,97,0,1544,1520,-920,-968,-17080,32,23,-33,0
S,25757049,kdn,97,0,1544,1520,-800,-1040,-17104,44,26,-30,0
S,25767048,kdn,97,0,1544,1520,-880,-912,-16968,41,28,-31,0
S,25777049,kdn,97,0,1544,1520,-784,-1096,-17080,37,23,-29,0
S,25787048,kdn,97,0,1544,1520,-832,-1088,-17064,39,23,-32,0
E,25787151,kdn,98,0,1543,1520,,,,,,,0
S,25787786,kdn,98,0,1543,1520,-832,-1088,-17064,38,21,-27,0
S,25797774,kdn,98,0,1543,1520,-920,-992,-17024,41,20,-25,0
S,25807772,kdn,98,0,1543,1520,-928,-936,-17168,45,24,-31,0
S,25817772,kdn,98,0,1543,1520,-736,-896,-17128,38,21,-35,0
S,25827772,kdn,98,0,1543,1520,-792,-1040,-17120,34,23,-33,0
S,25837772,kdn,98,0,1543,1520,-872,-1064,-17168,39,18,-24,0
S,25847772,kdn,98,0,1543,1520,-800,-976,-17120,33,27,-31,0
S,25857772,kdn,98,0,1543,1520,-760,-960,-17088,40,25,-27,0
S,25867772,kdn,98,0,1543,1520,-968,-968,-17008,40,24,-28,0
S,25877772,kdn,98,0,1543,1520,-928,-968,-17136,34,22,-22,0
S,25887772,kdn,98,0,1543,1520,-736,-1056,-17072,40,21,-27,0
S,25897772,kdn,98,0,1543,1520,-816,-1000,-17064,34,18,-27,0
S,25907772,kdn,98,0,1543,1520,-896,-992,-17096,38,24,-31,0
S,25917772,kdn,98,0,1543,1520,-848,-1048,-17144,32,25,-29,0
S,25927772,kdn,98,0,1543,1520,-880,-1016,-17064,39,22,-38,0
S,25937772,kdn,98,0,1543,1520,-872,-976,-17128,38,25,-28,0
S,25947772,kdn,98,0,1543,1520,-848,-928,-17128,40,23,-34,0
S,25957772,kdn,98,0,1543,1520,-840,-960,-17072,37,23,-29,0
S,25967772,kdn,98,0,1543,1520,-840,-1096,-17040,41,21,-31,0
S,25977772,kdn,98,0,1543,1520,-936,-1056,-17176,36,24,-30,0
S,25987772,kdn,98,0,1543,1520,-720,-968,-16960,39,27,-28,0
S,25997772,kdn,98,0,1543,1520,-888,-968,-17008,35,22,-28,0
S,26007772,kdn,98,0,1543,1520,-816,-880,-17064,39,23,-31,0
S,26017772,kdn,98,0,1543,1520,-728,-920,-17000,40,21,-25,0
S,26027772,kdn,98,0,1543,1520,-848,-976,-17080,42,28,-23,0
S,26037772,kdn,98,0,1543,1520,-744,-1040,-17136,37,23,-24,0
E,26037875,kdn,99,0,1542,1520,,,,,,,0
S,26038505,kdn,99,0,1542,1520,-776,-1016,-17088,38,21,-23,0
S,26048495,kdn,99,0,1542,1520,-592,-1056,-17168,43,24,-28,0
S,26058494,kdn,99,0,1542,1520,-968,-1264,-17264,36,38,-32,0
S,26068494,kdn,99,0,1542,1520,-1016,-1072,-17192,47,67,-20,0
S,26078494,kdn,99,0,1542,1520,-984,-832,-17072,55,71,-30,0
S,26088494,kdn,99,0,1542,1520,-808,-944,-17096,36,72,-34,0
S,26098494,kdn,99,0,1542,1520,-656,-872,-17056,27,41,-30,0
S,26108494,kdn,99,0,1542,1520,-824,-968,-17096,30,11,-37,0
S,26118494,kdn,99,0,1542,1520,-752,-1040,-17200,42,2,-30,0
S,26128494,kdn,99,0,1542,1520,-920,-1040,-17080,49,2,-30,0
S,26138494,kdn,99,0,1542,1520,-880,-1096,-17056,54,16,-29,0
S,26148494,kdn,99,0,1542,1520,-792,-968,-17152,42,31,-35,0
S,26158494,kdn,99,0,1542,1520,-800,-1048,-17080,27,39,-28,0
S,26168494,kdn,99,0,1542,1520,-816,-1008,-17128,25,34,-33,0
S,26178494,kdn,99,0,1542,1520,-800,-912,-17048,29,18,-27,0
S,26188494,kdn,99,0,1542,1520,-792,-1072,-17024,45,14,-32,0
S,26198495,kdn,99,0,1542,1520,-808,-928,-17088,49,16,-28,0
S,26208494,kdn,99,0,1542,1520,-816,-1008,-17040,43,19,-33,0
S,26218494,kdn,99,0,1542,1520,-904,-976,-17136,34,20,-32,0
S,26228494,kdn,99,0,1542,1520,-784,-1016,-17024,22,28,-29,0
S,26238494,kdn,99,0,1542,1520,-792,-1032,-17224,34,29,-24,0
S,26248494,kdn,99,0,1542,1520,-760,-944,-17032,36,24,-30,0
S,26258494,kdn,99,0,1542,1520,-736,-880,-17096,41,20,-30,0
S,26268494,kdn,99,0,1542,1520,-688,-880,-17104,42,20,-26,0
S,26278494,kdn,99,0,1542,1520,-792,-888,-17320,40,14,-34,0
S,26288494,kdn,99,0,1542,1520,-864,-928,-17120,33,24,-33,0
E,26288596,kdn,100,0,1541,1520,,,,,,,0
S,26289230,kdn,100,0,1541,1520,-864,-928,-17120,35,24,-31,0
S,26299218,kdn,100,0,1541,1520,-808,-1072,-17072,34,28,-36,0
S,26309217,kdn,100,0,1541,1520,-768,-904,-17144,40,34,-29,0
S,26319216,kdn,100,0,1541,1520,-840,-992,-17016,44,25,-29,0
S,26329217,kdn,100,0,1541,1520,-832,-1032,-17104,37,18,-30,0
S,26339217,kdn,100,0,1541,1520,-840,-936,-16992,37,16,-33,0
S,26349217,kdn,100,0,1541,1520,-808,-1048,-17192,39,17,-28,0
S,26359216,kdn,100,0,1541,1520,-800,-896,-17072,40,21,-26,0
S,26369217,kdn,100,0,1541,1520,-832,-936,-16920,35,25,-29,0
S,26379217,kdn,100,0,1541,1520,-752,-928,-17104,40,26,-30,0
S,26389217,kdn,100,0,1541,1520,-776,-1080,-17160,31,29,-27,0
S,26399217,kdn,100,0,1541,1520,-776,-960,-17056,33,23,-32,0
S,26409217,kdn,100,0,1541,1520,-824,-960,-17088,40,16,-30,0
S,26419217,kdn,100,0,1541,1520,-760,-960,-17088,38,15,-30,0
S,26429217,kdn,100,0,1541,1520,-904,-984,-17120,39,17,-29,0
S,26439217,kdn,100,0,1541,1520,-792,-936,-17256,33,21,-30,0
S,26449216,kdn,100,0,1541,1520,-784,-944,-17152,34,22,-33,0
S,26459216,kdn,100,0,1541,1520,-720,-960,-17088,36,21,-23,0
S,26469217,kdn,100,0,1541,1520,-864,-1008,-16960,36,24,-24,0
S,26479217,kdn,100,0,1541,1520,-792,-1048,-17000,41,19,-33,0
S,26489217,kdn,100,0,1541,1520,-896,-800,-17072,42,18,-35,0
S,26499217,kdn,100,0,1541,1520,-832,-1104,-17072,34,16,-30,0
S,26509217,kdn,100,0,1541,1520,-832,-1056,-17032,34,17,-28,0
S,26519216,kdn,100,0,1541,1520,-992,-1024,-17040,35,25,-30,0
S,26529217,kdn,100,0,1541,1520,-760,-848,-17064,35,25,-29,0
S,26539217,kdn,100,0,1541,1520,-920,-1064,-17160,36,23,-30,0
E,26539321,kdn,101,0,1540,1520,,,,,,,0
S,26539955,kdn,101,0,1540,1520,-704,-1000,-17112,38,21,-30,0
S,26549946,kdn,101,0,1540,1520,-688,-1056,-17128,42,23,-29,0
S,26559945,kdn,101,0,1540,1520,-800,-936,-16976,39,18,-32,0
S,26569945,kdn,101,0,1540,1520,-864,-1008,-17072,40,22,-29,0
S,26579945,kdn,101,0,1540,1520,-808,-840,-17016,41,24,-28,0
S,26589945,kdn,101,0,1540,1520,-664,-936,-17104,39,24,-27,0
S,26599945,kdn,101,0,1540,1520,-720,-944,-17040,36,25,-29,0
S,26609945,kdn,101,0,1540,1520,-760,-1032,-17144,41,25,-29,0
S,26619945,kdn,101,0,1540,1520,-784,-1064,-17056,42,23,-27,0
S,26629945,kdn,101,0,1540,1520,-792,-984,-17056,38,24,-31,0
S,26639945,kdn,101,0,1540,1520,-840,-936,-17136,36,22,-34,0
S,26649945,kdn,101,0,1540,1520,-816,-1016,-17024,33,20,-29,0
S,26659945,kdn,101,0,1540,1520,-736,-920,-17056,32,21,-36,0
S,26669945,kdn,101,0,1540,1520,-784,-968,-17072,39,26,-34,0
S,26679945,kdn,101,0,1540,1520,-728,-896,-17136,36,24,-33,0
S,26689945,kdn,101,0,1540,1520,-896,-864,-17096,37,19,-29,0
S,26699945,kdn,101,0,1540,1520,-872,-960,-16928,38,21,-21,0
S,26709945,kdn,101,0,1540,1520,-776,-880,-17024,43,16,-32,0
S,26719945,kdn,101,0,1540,1520,-864,-1136,-17088,45,24,-26,0
S,26729945,kdn,101,0,1540,1520,-792,-992,-17056,43,24,-29,0
S,26739945,kdn,101,0,1540,1520,-896,-1064,-17104,36,26,-36,0
S,26749945,kdn,101,0,1540,1520,-792,-1024,-17144,40,24,-31,0
S,26759945,kdn,101,0,1540,1520,-704,-992,-17064,30,24,-31,0
S,26769945,kdn,101,0,1540,1520,-792,-936,-17008,37,28,-28,0
S,26779945,kdn,101,0,1540,1520,-840,-1024,-17184,44,30,-27,0
S,26789945,kdn,101,0,1540,1520,-736,-888,-17232,39,20,-28,0
E,26790049,kdn,102,0,1539,1520,,,,,,,0
S,26790679,kdn,102,0,1539,1520,-920,-944,-17128,37,21,-29,0
S,26800669,kdn,102,0,1539,1520,-1584,-1080,-17056,34,24,-31,0
S,26810668,kdn,102,0,1539,1520,-976,-1592,-17024,41,23,-28,0
S,26820668,kdn,102,0,1539,1520,-736,-872,-17080,37,29,-34,0
S,26830668,kdn,102,0,1539,1520,-1024,-1376,-17200,43,62,-17,0
S,26840668,kdn,102,0,1539,1520,-1024,-1264,-16912,49,89,-25,0
S,26850668,kdn,102,0,1539,1520,-856,-784,-17192,47,92,-31,0
S,26860668,kdn,102,0,1539,1520,-744,-904,-17184,32,59,-26,0
S,26870668,kdn,102,0,1539,1520,-880,-952,-17072,16,19,-29,0
S,26880668,kdn,102,0,1539,1520,-768,-1088,-17008,28,-6,-32,0
S,26890668,kdn,102,0,1539,1520,-768,-1160,-17200,56,-6,-25,0
S,26900668,kdn,102,0,1539,1520,-744,-1080,-17008,58,10,-30,0
S,26910668,kdn,102,0,1539,1520,-760,-944,-17128,43,31,-26,0
S,26920668,kdn,102,0,1539,1520,-712,-1080,-17040,33,44,-23,0
S,26930668,kdn,102,0,1539,1520,-720,-856,-17168,20,36,-32,0
S,26940668,kdn,102,0,1539,1520,-824,-992,-17032,26,25,-29,0
S,26950668,kdn,102,0,1539,1520,-672,-1032,-17000,47,16,-31,0
S,26960668,kdn,102,0,1539,1520,-832,-1000,-17088,53,13,-29,0
S,26970668,kdn,102,0,1539,1520,-712,-1032,-17064,47,15,-26,0
S,26980668,kdn,102,0,1539,1520,-768,-968,-17112,33,22,-34,0
S,26990668,kdn,102,0,1539,1520,-768,-1048,-17056,25,24,-27,0
S,27000668,kdn,102,0,1539,1520,-736,-912,-17176,30,33,-29,0
S,27010668,kdn,102,0,1539,1520,-840,-936,-17032,38,35,-29,0
S,27020668,kdn,102,0,1539,1520,-720,-1032,-17104,47,28,-35,0
S,27030668,kdn,102,0,1539,1520,-616,-952,-16984,48,18,-28,0
S,27040668,kdn,102,0,1539,1520,-656,-784,-17000,40,10,-33,0
E,27040772,kdn,103,0,1538,1520,,,,,,,0
S,27041406,kdn,103,0,1538,1520,-776,-968,-17032,39,11,-22,0
S,27051394,kdn,103,0,1538,1520,-760,-976,-17032,34,15,-24,0
S,27061393,kdn,103,0,1538,1520,-736,-1008,-17072,34,31,-29,0
S,27071393,kdn,103,0,1538,1520,-752,-968,-17040,34,33,-26,0
S,27081394,kdn,103,0,1538,1520,-728,-904,-16944,34,28,-30,0
S,27091394,kdn,103,0,1538,1520,-696,-1016,-16952,29,22,-31,0
S,27101393,kdn,103,0,1538,1520,-824,-968,-16944,37,13,-29,0
S,27111393,kdn,103,0,1538,1520,-744,-896,-16976,39,15,-28,0
S,27121393,kdn,103,0,1538,1520,-752,-1008,-17152,43,18,-34,0
S,27131393,kdn,103,0,1538,1520,-832,-1104,-17080,41,25,-28,0
S,27141394,kdn,103,0,1538,1520,-880,-1000,-17096,32,25,-33,0
S,27151394,kdn,103,0,1538,1520,-768,-984,-17104,33,26,-29,0
S,27161393,kdn,103,0,1538,1520,-808,-1008,-17040,36,29,-28,0
S,27171394,kdn,103,0,1538,1520,-800,-912,-16920,41,18,-29,0
S,27181394,kdn,103,0,1538,1520,-760,-1080,-17136,42,22,-30,0
S,27191393,kdn,103,0,1538,1520,-928,-1104,-17096,39,21,-29,0
S,27201394,kdn,103,0,1538,1520,-864,-984,-17008,37,23,-27,0
S,27211393,kdn,103,0,1538,1520,-848,-960,-17040,35,27,-30,0
S,27221393,kdn,103,0,1538,1520,-856,-1064,-17224,36,27,-26,0
S,27231393,kdn,103,0,1538,1520,-808,-1072,-17168,38,22,-28,0
S,27241393,kdn,103,0,1538,1520,-736,-880,-17176,34,22,-33,0
S,27251393,kdn,103,0,1538,1520,-760,-1000,-17080,38,18,-28,0
S,27261393,kdn,103,0,1538,1520,-824,-936,-17176,41,12,-30,0
S,27271393,kdn,103,0,1538,1520,-848,-1000,-17088,40,22,-33,0
S,27281393,kdn,103,0,1538,1520,-776,-928,-16960,36,22,-27,0
S,27291394,kdn,103,0,1538,1520,-864,-984,-17096,37,32,-28,0
E,27291497,kdn,104,0,1537,1520,,,,,,,0
S,27292127,kdn,104,0,1537,1520,-752,-1008,-17184,43,27,-29,0
S,27302118,kdn,104,0,1537,1520,-816,-1032,-17040,38,24,-28,0
S,27312117,kdn,104,0,1537,1520,-728,-928,-17048,38,23,-26,0
S,27322117,kdn,104,0,1537,1520,-728,-1072,-17176,37,26,-32,0
S,27332117,kdn,104,0,1537,1520,-816,-992,-17176,40,25,-29,0
S,27342117,kdn,104,0,1537,1520,-776,-928,-16984,37,22,-30,0
S,27352117,kdn,104,0,1537,1520,-784,-1160,-17040,38,21,-30,0
S,27362118,kdn,104,0,1537,1520,-760,-952,-17136,34,23,-29,0
S,27372118,kdn,104,0,1537,1520,-768,-960,-17064,38,28,-25,0
S,27382117,kdn,104,0,1537,1520,-848,-1000,-17016,40,28,-30,0
S,27392117,kdn,104,0,1537,1520,-904,-1120,-17136,39,22,-29,0
S,27402117,kdn,104,0,1537,1520,-792,-1024,-17112,37,24,-31,0
S,27412117,kdn,104,0,1537,1520,-736,-1000,-16968,33,19,-30,0
S,27422118,kdn,104,0,1537,1520,-784,-1000,-17000,38,25,-30,0
S,27432118,kdn,104,0,1537,1520,-864,-1072,-17024,33,24,-29,0
S,27442117,kdn,104,0,1537,1520,-784,-984,-17136,38,23,-32,0
S,27452117,kdn,104,0,1537,1520,-744,-952,-17096,37,26,-27,0
S,27462118,kdn,104,0,1537,1520,-800,-912,-17056,36,18,-27,0
S,27472117,kdn,104,0,1537,1520,-688,-1008,-17088,37,25,-27,0
S,27482117,kdn,104,0,1537,1520,-672,-984,-17144,38,20,-32,0
S,27492117,kdn,104,0,1537,1520,-832,-1064,-17152,42,26,-24,0
S,27502117,kdn,104,0,1537,1520,-936,-936,-17120,41,21,-28,0
S,27512117,kdn,104,0,1537,1520,-808,-1016,-17136,33,20,-34,0
S,27522118,kdn,104,0,1537,1520,-808,-1064,-17136,37,20,-28,0
S,27532118,kdn,104,0,1537,1520,-840,-1120,-17072,38,22,-30,0
S,27542117,kdn,104,0,1537,1520,-776,-1056,-17080,38,21,-26,0
E,27542222,kdn,105,0,1536,1520,,,,,,,0
S,27542852,kdn,105,0,1536,1520,-832,-1032,-16952,39,25,-28,0
S,27552842,kdn,105,0,1536,1520,-208,-936,-17016,38,23,-28,0
S,27562841,kdn,105,0,1536,1520,1592,608,-16696,40,26,-35,0
S,27572842,kdn,105,0,1536,1520,648,896,-17584,23,31,-33,0
S,27582841,kdn,105,0,1536,1520,-864,-1416,-17056,36,63,-18,0
S,27592841,kdn,105,0,1536,1520,-960,-1648,-16944,63,99,-27,0
S,27602841,kdn,105,0,1536,1520,-760,-768,-17088,48,107,-30,0
S,27612841,kdn,105,0,1536,1520,-696,-984,-17192,28,70,-31,0
S,27622841,kdn,105,0,1536,1520,-960,-920,-17008,14,27,-26,0
S,27632841,kdn,105,0,1536,1520,-664,-1040,-17216,27,-13,-24,0
S,27642841,kdn,105,0,1536,1520,-648,-952,-17040,56,-14,-35,0
S,27652841,kdn,105,0,1536,1520,-824,-1008,-16920,71,-1,-32,0
S,27662841,kdn,105,0,1536,1520,-640,-1096,-16944,54,34,-30,0
S,27672841,kdn,105,0,1536,1520,-768,-984,-16984,27,42,-24,0
S,27682841,kdn,105,0,1536,1520,-760,-896,-17072,7,47,-27,0
S,27692841,kdn,105,0,1536,1520,-752,-936,-17088,25,36,-30,0
S,27702841,kdn,105,0,1536,1520,-776,-1080,-17128,44,18,-30,0
S,27712841,kdn,105,0,1536,1520,-736,-1072,-17136,55,5,-32,0
S,27722841,kdn,105,0,1536,1520,-752,-888,-17032,48,6,-36,0
S,27732841,kdn,105,0,1536,1520,-640,-1104,-17120,31,15,-26,0
S,27742841,kdn,105,0,1536,1520,-656,-920,-17056,24,29,-30,0
S,27752841,kdn,105,0,1536,1520,-776,-1152,-17104,33,44,-28,0
S,27762841,kdn,105,0,1536,1520,-672,-1064,-17184,43,40,-32,0
S,27772841,kdn,105,0,1536,1520,-640,-1016,-17008,42,23,-26,0
S,27782841,kdn,105,0,1536,1520,-648,-888,-17104,36,10,-28,0
S,27792841,kdn,105,0,1536,1520,-720,-1096,-17160,31,1,-27,0
E,27792944,kdn,106,0,1535,1520,,,,,,,0
S,27793574,kdn,106,0,1535,1520,-640,-960,-17096,35,2,-26,0
S,27803566,kdn,106,0,1535,1520,-696,-1064,-17136,41,16,-28,0
S,27813565,kdn,106,0,1535,1520,-712,-928,-17096,40,32,-31,0
S,27823565,kdn,106,0,1535,1520,-880,-936,-17176,36,37,-32,0
S,27833565,kdn,106,0,1535,1520,-608,-1032,-17128,31,29,-28,0
S,27843564,kdn,106,0,1535,1520,-632,-1040,-17096,26,20,-24,0
S,27853564,kdn,106,0,1535,1520,-760,-1096,-17080,39,11,-27,0
S,27863565,kdn,106,0,1535,1520,-704,-952,-17104,44,17,-27,0
S,27873565,kdn,106,0,1535,1520,-712,-912,-17064,43,16,-23,0
S,27883565,kdn,106,0,1535,1520,-784,-880,-16976,29,24,-29,0
S,27893564,kdn,106,0,1535,1520,-816,-968,-17112,26,24,-27,0
S,27903565,kdn,106,0,1535,1520,-632,-968,-17120,35,29,-30,0
S,27913565,kdn,106,0,1535,1520,-760,-920,-17152,39,24,-29,0
S,27923564,kdn,106,0,1535,1520,-592,-968,-17096,40,18,-33,0
S,27933564,kdn,106,0,1535,1520,-656,-1048,-17016,37,14,-30,0
S,27943564,kdn,106,0,1535,1520,-632,-928,-17136,43,19,-33,0
S,27953565,kdn,106,0,1535,1520,-728,-1120,-17136,36,26,-30,0
S,27963565,kdn,106,0,1535,1520,-704,-912,-17160,39,27,-35,0
S,27973564,kdn,106,0,1535,1520,-744,-968,-17128,41,29,-34,0
S,27983564,kdn,106,0,1535,1520,-760,-960,-17056,38,26,-22,0
S,27993564,kdn,106,0,1535,1520,-760,-1088,-17128,34,26,-31,0
S,28003564,kdn,106,0,1535,1520,-680,-904,-17088,38,18,-30,0
S,28013564,kdn,106,0,1535,1520,-752,-1040,-17168,38,20,-28,0
S,28023564,kdn,106,0,1535,1520,-792,-1008,-16984,44,23,-28,0
S,28033564,kdn,106,0,1535,1520,-696,-920,-17208,36,29,-34,0
S,28043564,kdn,106,0,1535,1520,-712,-1056,-17032,31,27,-30,0
E,28043668,kdn,107,0,1534,1520,,,,,,,0
S,28044299,kdn,107,0,1534,1520,-800,-992,-17104,34,25,-30,0
S,28054290,kdn,107,0,1534,1520,-760,-1048,-17008,30,20,-30,0
S,28064288,kdn,107,0,1534,1520,-576,-968,-17168,38,25,-29,0
S,28074288,kdn,107,0,1534,1520,-736,-880,-16992,39,18,-28,0
S,28084289,kdn,107,0,1534,1520,-680,-952,-17080,35,18,-31,0
S,28094288,kdn,107,0,1534,1520,-648,-976,-17040,33,23,-30,0
S,28104289,kdn,107,0,1534,1520,-768,-960,-17064,41,23,-34,0
S,28114288,kdn,107,0,1534,1520,-792,-992,-17136,39,24,-29,0
S,28124288,kdn,107,0,1534,1520,-816,-1072,-17088,36,23,-29,0
S,28134289,kdn,107,0,1534,1520,-664,-1080,-17072,40,24,-28,0
S,28144288,kdn,107,0,1534,1520,-784,-928,-17056,36,18,-29,0
S,28154289,kdn,107,0,1534,1520,-688,-992,-17168,35,21,-31,0
S,28164288,kdn,107,0,1534,1520,-752,-888,-17056,38,28,-27,0
S,28174289,kdn,107,0,1534,1520,-880,-1072,-17136,39,26,-35,0
S,28184289,kdn,107,0,1534,1520,-648,-1024,-17032,32,21,-27,0
S,28194288,kdn,107,0,1534,1520,-560,-808,-17104,43,21,-30,0
S,28204288,kdn,107,0,1534,1520,-696,-928,-17200,35,23,-26,0
S,28214288,kdn,107,0,1534,1520,-704,-960,-17096,37,30,-32,0
S,28224288,kdn,107,0,1534,1520,-720,-1048,-17136,44,24,-27,0
S,28234288,kdn,107,0,1534,1520,-632,-968,-17032,43,20,-26,0
S,28244288,kdn,107,0,1534,1520,-720,-1040,-17064,33,24,-32,0
S,28254289,kdn,107,0,1534,1520,-696,-1032,-17144,40,28,-25,0
S,28264289,kdn,107,0,1534,1520,-712,-1072,-17160,36,25,-31,0
S,28274288,kdn,107,0,1534,1520,-784,-1040,-17064,36,27,-29,0
S,28284288,kdn,107,0,1534,1520,-648,-984,-17056,35,23,-27,0
S,28294288,kdn,107,0,1534,1520,-664,-992,-17032,40,17,-27,0
E,28294396,kdn,108,0,1533,1520,,,,,,,0
S,28295026,kdn,108,0,1533,1520,-696,-1000,-17072,36,21,-23,0
S,28305018,kdn,108,0,1533,1520,-1400,-1216,-17144,36,22,-28,0
S,28315016,kdn,108,0,1533,1520,-384,-800,-17168,39,26,-28,0
S,28325017,kdn,108,0,1533,1520,-784,-888,-17056,40,41,-31,0
S,28335016,kdn,108,0,1533,1520,-192,-1136,-17064,50,84,-27,0
S,28345016,kdn,108,0,1533,1520,-800,-1072,-17160,42,101,-23,0
S,28355016,kdn,108,0,1533,1520,-864,-1024,-16992,25,88,-32,0
S,28365016,kdn,108,0,1533,1520,-736,-896,-17120,21,48,-32,0
S,28375016,kdn,108,0,1533,1520,-760,-1032,-17056,22,16,-32,0
S,28385016,kdn,108,0,1533,1520,-744,-1048,-17040,56,-12,-31,0
S,28395016,kdn,108,0,1533,1520,-720,-1168,-16976,66,-8,-26,0
S,28405016,kdn,108,0,1533,1520,-696,-880,-17168,55,20,-26,0
S,28415016,kdn,108,0,1533,1520,-592,-984,-17008,28,33,-30,0
S,28425016,kdn,108,0,1533,1520,-680,-984,-17144,14,48,-27,0
S,28435016,kdn,108,0,1533,1520,-768,-1008,-17168,26,42,-25,0
S,28445016,kdn,108,0,1533,1520,-544,-952,-17088,44,24,-32,0
S,28455016,kdn,108,0,1533,1520,-528,-984,-17064,52,12,-35,0
S,28465016,kdn,108,0,1533,1520,-632,-1072,-17128,49,3,-28,0
S,28475016,kdn,108,0,1533,1520,-696,-848,-17088,31,7,-31,0
S,28485016,kdn,108,0,1533,1520,-664,-904,-17040,34,28,-31,0
S,28495016,kdn,108,0,1533,1520,-576,-1064,-17112,29,44,-22,0
S,28505016,kdn,108,0,1533,1520,-728,-1080,-17024,39,45,-30,0
S,28515016,kdn,108,0,1533,1520,-816,-872,-17016,39,26,-24,0
S,28525016,kdn,108,0,1533,1520,-624,-984,-17136,36,13,-29,0
S,28535016,kdn,108,0,1533,1520,-656,-1160,-17016,39,12,-34,0
S,28545016,kdn,108,0,1533,1520,-608,-992,-17040,47,15,-23,0
E,28545119,kdn,109,0,1532,1520,,,,,,,0
S,28545750,kdn,109,0,1532,1520,-680,-1112,-16992,44,15,-30,0
S,28555742,kdn,109,0,1532,1520,-608,-992,-17120,45,23,-30,0
S,28565740,kdn,109,0,1532,1520,-848,-1064,-17192,33,33,-36,0
S,28575740,kdn,109,0,1532,1520,-680,-968,-17216,25,25,-34,0
S,28585740,kdn,109,0,1532,1520,-728,-1096,-17072,32,26,-28,0
S,28595740,kdn,109,0,1532,1520,-632,-960,-17040,43,22,-32,0
S,28605740,kdn,109,0,1532,1520,-664,-984,-17120,48,20,-30,0
S,28615740,kdn,109,0,1532,1520,-784,-1040,-17120,40,20,-34,0
S,28625740,kdn,109,0,1532,1520,-592,-1064,-17104,35,22,-25,0
S,28635740,kdn,109,0,1532,1520,-624,-1032,-17104,33,22,-30,0
S,28645740,kdn,109,0,1532,1520,-672,-888,-17112,40,34,-33,0
S,28655740,kdn,109,0,1532,1520,-640,-976,-17000,38,24,-27,0
S,28665740,kdn,109,0,1532,1520,-784,-912,-17048,42,22,-29,0
S,28675740,kdn,109,0,1532,1520,-712,-1024,-17072,38,16,-35,0
S,28685740,kdn,109,0,1532,1520,-744,-1024,-17072,35,14,-24,0
S,28695740,kdn,109,0,1532,1520,-688,-968,-17160,40,23,-36,0
S,28705740,kdn,109,0,1532,1520,-680,-936,-17152,37,29,-31,0
S,28715740,kdn,109,0,1532,1520,-720,-1104,-17056,36,25,-30,0
S,28725740,kdn,109,0,1532,1520,-656,-1024,-17088,32,26,-28,0
S,28735740,kdn,109,0,1532,1520,-704,-992,-17072,33,24,-28,0
S,28745740,kdn,109,0,1532,1520,-792,-944,-16936,33,22,-34,0
S,28755740,kdn,109,0,1532,1520,-640,-1008,-17056,43,22,-25,0
S,28765740,kdn,109,0,1532,1520,-616,-1008,-16992,36,20,-27,0
S,28775740,kdn,109,0,1532,1520,-672,-1024,-17096,35,20,-29,0
S,28785740,kdn,109,0,1532,1520,-800,-1104,-17088,30,22,-29,0
S,28795740,kdn,109,0,1532,1520,-728,-1112,-17112,36,28,-25,0
E,28795844,kdn,110,0,1531,1520,,,,,,,0
S,28796474,kdn,110,0,1531,1520,-816,-1008,-17240,35,25,-30,0
S,28806468,kdn,110,0,1531,1520,-680,-1128,-17048,39,27,-29,0
S,28816468,kdn,110,0,1531,1520,-752,-1008,-17016,41,23,-31,0
S,28826468,kdn,110,0,1531,1520,-720,-912,-17080,36,21,-24,0
S,28836468,kdn,110,0,1531,1520,-696,-976,-17208,38,21,-29,0
S,28846468,kdn,110,0,1531,1520,-456,-920,-16968,34,26,-30,0
S,28856468,kdn,110,0,1531,1520,-688,-936,-17104,40,30,-29,0
S,28866468,kdn,110,0,1531,1520,-760,-976,-17104,37,25,-35,0
S,28876468,kdn,110,0,1531,1520,-736,-1016,-17088,41,20,-32,0
S,28886468,kdn,110,0,1531,1520,-760,-880,-17144,38,18,-28,0
S,28896468,kdn,110,0,1531,1520,-632,-1016,-17104,41,20,-27,0
S,28906468,kdn,110,0,1531,1520,-704,-1144,-17072,42,21,-31,0
S,28916468,kdn,110,0,1531,1520,-592,-1072,-17024,42,24,-32,0
S,28926468,kdn,110,0,1531,1520,-736,-952,-16992,33,25,-30,0
S,28936468,kdn,110,0,1531,1520,-720,-936,-17120,41,29,-31,0
S,28946468,kdn,110,0,1531,1520,-712,-944,-17200,37,22,-31,0
S,28956468,kdn,110,0,1531,1520,-520,-1096,-17128,36,25,-28,0
S,28966468,kdn,110,0,1531,1520,-520,-904,-17048,38,25,-32,0
S,28976468,kdn,110,0,1531,1520,-704,-920,-17152,33,19,-25,0
S,28986468,kdn,110,0,1531,1520,-776,-992,-17096,35,17,-26,0
S,28996468,kdn,110,0,1531,1520,-808,-928,-17200,38,23,-28,0
S,29006468,kdn,110,0,1531,1520,-560,-1088,-16952,41,21,-32,0
S,29016468,kdn,110,0,1531,1520,-704,-968,-17112,38,20,-29,0
S,29026468,kdn,110,0,1531,1520,-616,-976,-17104,32,23,-34,0
S,29036468,kdn,110,0,1531,1520,-648,-920,-17096,38,21,-27,0
S,29046468,kdn,110,0,1531,1520,-664,-936,-17184,42,24,-27,0
E,29046571,kdn,111,0,1530,1520,,,,,,,0
S,29047201,kdn,111,0,1530,1520,-792,-1016,-17248,35,22,-27,0
S,29057192,kdn,111,0,1530,1520,-1944,-1120,-17056,37,28,-32,0
S,29067191,kdn,111,0,1530,1520,-40,-640,-17176,43,28,-28,0
S,29077191,kdn,111,0,1530,1520,-576,-928,-17096,35,40,-31,0
S,29087191,kdn,111,0,1530,1520,-824,-1064,-17192,46,75,-29,0
S,29097191,kdn,111,0,1530,1520,-912,-968,-17072,51,99,-33,0
S,29107191,kdn,111,0,1530,1520,-728,-1008,-17096,33,85,-24,0
S,29117191,kdn,111,0,1530,1520,-488,-840,-17048,18,44,-26,0
S,29127191,kdn,111,0,1530,1520,-472,-1016,-16992,29,15,-30,0
S,29137191,kdn,111,0,1530,1520,-1008,-1208,-17416,51,-5,-19,0
S,29147191,kdn,111,0,1530,1520,-1264,-1168,-17416,61,2,-31,0
S,29157191,kdn,111,0,1530,1520,-608,-952,-16992,54,13,-32,0
S,29167191,kdn,111,0,1530,1520,-640,-848,-17032,33,23,-30,0
S,29177191,kdn,111,0,1530,1520,-672,-1032,-17208,18,42,-23,0
S,29187191,kdn,111,0,1530,1520,-504,-960,-16968,24,48,-24,0
S,29197192,kdn,111,0,1530,1520,-536,-976,-17024,43,41,-34,0
S,29207191,kdn,111,0,1530,1520,-480,-912,-16984,50,18,-33,0
S,29217191,kdn,111,0,1530,1520,-744,-992,-17176,46,4,-27,0
S,29227191,kdn,111,0,1530,1520,-640,-1056,-17176,42,8,-28,0
S,29237191,kdn,111,0,1530,1520,-728,-1000,-17208,42,14,-27,0
S,29247192,kdn,111,0,1530,1520,-488,-1064,-17072,38,38,-33,0
S,29257191,kdn,111,0,1530,1520,-584,-984,-17120,42,44,-27,0
S,29267191,kdn,111,0,1530,1520,-592,-1048,-17072,28,34,-34,0
S,29277191,kdn,111,0,1530,1520,-648,-1024,-17112,33,14,-35,0
S,29287191,kdn,111,0,1530,1520,-792,-984,-17048,44,11,-27,0
S,29297191,kdn,111,0,1530,1520,-768,-1000,-16968,48,8,-22,0
E,29297294,kdn,112,0,1529,1520,,,,,,,0
S,29297928,kdn,112,0,1529,1520,-648,-1152,-16968,50,13,-28,0
S,29307920,kdn,112,0,1529,1520,-720,-832,-17120,44,30,-27,0
S,29317918,kdn,112,0,1529,1520,-544,-1088,-17064,33,32,-33,0
S,29327918,kdn,112,0,1529,1520,-616,-976,-16968,25,33,-31,0
S,29337918,kdn,112,0,1529,1520,-672,-952,-17144,29,29,-24,0
S,29347918,kdn,112,0,1529,1520,-696,-1024,-17272,41,27,-25,0
S,29357918,kdn,112,0,1529,1520,-616,-984,-17072,42,22,-25,0
S,29367918,kdn,112,0,1529,1520,-640,-936,-17032,38,15,-29,0
S,29377918,kdn,112,0,1529,1520,-768,-1024,-17024,36,20,-28,0
S,29387918,kdn,112,0,1529,1520,-672,-1048,-17024,33,27,-28,0
S,29397918,kdn,112,0,1529,1520,-600,-968,-17000,37,31,-26,0
S,29407918,kdn,112,0,1529,1520,-560,-984,-16928,43,26,-28,0
S,29417918,kdn,112,0,1529,1520,-808,-1032,-17208,39,25,-31,0
S,29427918,kdn,112,0,1529,1520,-728,-1008,-17120,34,21,-33,0
S,29437918,kdn,112,0,1529,1520,-696,-1048,-17208,42,19,-30,0
S,29447918,kdn,112,0,1529,1520,-656,-1080,-16976,40,22,-25,0
S,29457918,kdn,112,0,1529,1520,-664,-1024,-16992,37,21,-31,0
S,29467918,kdn,112,0,1529,1520,-680,-936,-17232,38,26,-28,0
S,29477918,kdn,112,0,1529,1520,-696,-976,-17136,32,26,-24,0
S,29487918,kdn,112,0,1529,1520,-576,-1000,-17296,37,23,-22,0
S,29497918,kdn,112,0,1529,1520,-712,-984,-17136,37,23,-26,0
S,29507918,kdn,112,0,1529,1520,-688,-1032,-17144,42,18,-28,0
S,29517918,kdn,112,0,1529,1520,-800,-976,-17280,37,18,-24,0
S,29527918,kdn,112,0,1529,1520,-712,-1072,-17272,35,24,-25,0
S,29537918,kdn,112,0,1529,1520,-872,-1056,-17416,37,24,-22,0
S,29547918,kdn,112,0,1529,1520,-440,-960,-16968,41,27,-22,0
E,29548021,kdn,113,0,1528,1520,,,,,,,0
S,29548656,kdn,113,0,1528,1520,-328,-864,-16856,41,27,-22,0
S,29558644,kdn,113,0,1528,1520,-424,-984,-16904,36,28,-25,0
S,29568642,kdn,113,0,1528,1520,-648,-1016,-16928,39,30,-29,0
S,29578642,kdn,113,0,1528,1520,-872,-952,-17120,43,24,-29,0
S,29588642,kdn,113,0,1528,1520,-752,-992,-17080,28,23,-29,0
S,29598642,kdn,113,0,1528,1520,-864,-1008,-17176,33,17,-32,0
S,29608643,kdn,113,0,1528,1520,-704,-840,-17224,43,18,-28,0
S,29618642,kdn,113,0,1528,1520,-568,-968,-16872,37,18,-30,0
S,29628642,kdn,113,0,1528,1520,-616,-936,-17112,44,23,-25,0
S,29638642,kdn,113,0,1528,1520,-632,-1072,-17200,36,24,-36,0
S,29648643,kdn,113,0,1528,1520,-496,-1056,-17096,36,28,-30,0
S,29658643,kdn,113,0,1528,1520,-592,-1144,-16952,40,25,-32,0
S,29668643,kdn,113,0,1528,1520,-672,-976,-17040,44,24,-24,0
S,29678642,kdn,113,0,1528,1520,-800,-1144,-17344,39,27,-31,0
S,29688642,kdn,113,0,1528,1520,-832,-1160,-17112,39,21,-28,0
S,29698642,kdn,113,0,1528,1520,-704,-952,-16808,34,23,-24,0
S,29708642,kdn,113,0,1528,1520,-680,-1064,-17288,34,23,-27,0
S,29718642,kdn,113,0,1528,1520,-696,-960,-16960,39,34,-22,0
S,29728642,kdn,113,0,1528,1520,-832,-1088,-17312,34,21,-36,0
S,29738643,kdn,113,0,1528,1520,-888,-1072,-17344,35,18,-31,0
S,29748642,kdn,113,0,1528,1520,-592,-1008,-16904,38,21,-35,0
S,29758643,kdn,113,0,1528,1520,-560,-816,-17224,43,23,-24,0
S,29768642,kdn,113,0,1528,1520,-736,-1064,-16984,37,22,-28,0
S,29778642,kdn,113,0,1528,1520,-632,-864,-17032,46,24,-30,0
S,29788642,kdn,113,0,1528,1520,-728,-1040,-16992,40,27,-29,0
S,29798643,kdn,113,0,1528,1520,-672,-992,-17120,38,25,-29,0
E,29798746,kdn,114,0,1527,1520,,,,,,,0
S,29799380,kdn,114,0,1527,1520,-832,-984,-17320,35,22,-28,0
S,29809370,kdn,114,0,1527,1520,-1144,-1408,-17120,37,23,-31,0
S,29819369,kdn,114,0,1527,1520,-1488,-1080,-17232,42,16,-22,0
S,29829369,kdn,114,0,1527,1520,-248,-1568,-17040,45,46,-32,0
S,29839369,kdn,114,0,1527,1520,-664,-944,-17048,52,93,-23,0
S,29849369,kdn,114,0,1527,1520,-672,-1336,-16920,46,117,-25,0
S,29859369,kdn,114,0,1527,1520,-736,-824,-16952,18,101,-26,0
S,29869369,kdn,114,0,1527,1520,-1640,-624,-17680,11,79,-43,0
S,29879369,kdn,114,0,1527,1520,-472,-944,-16920,36,43,-39,0
S,29889369,kdn,114,0,1527,1520,-376,-976,-16592,49,15,-29,0
S,29899369,kdn,114,0,1527,1520,-600,-992,-16992,53,0,-24,0
S,29909369,kdn,114,0,1527,1520,-608,-752,-16816,39,-9,-29,0
S,29919369,kdn,114,0,1527,1520,-616,-1104,-17224,33,15,-23,0
S,29929369,kdn,114,0,1527,1520,-1072,-1064,-17280,39,32,-28,0
S,29939369,kdn,114,0,1527,1520,-656,-888,-17120,39,49,-33,0
S,29949369,kdn,114,0,1527,1520,-792,-1056,-17112,38,44,-28,0
S,29959369,kdn,114,0,1527,1520,-664,-912,-17136,34,24,-30,0
S,29969369,kdn,114,0,1527,1520,-328,-928,-16560,34,14,-30,0
S,29979369,kdn,114,0,1527,1520,-632,-1160,-17160,39,4,-26,0
S,29989369,kdn,114,0,1527,1520,-968,-984,-17064,46,14,-28,0
S,29999369,kdn,114,0,1527,1520,-712,-840,-17176,39,23,-29,0
S,30009369,kdn,114,0,1527,1520,-640,-1008,-17128,35,35,-29,0
S,30019369,kdn,114,0,1527,1520,-816,-920,-17096,25,32,-32,0
S,30029369,kdn,114,0,1527,1520,-664,-1040,-17136,38,23,-24,0
S,30039369,kdn,114,0,1527,1520,-656,-1104,-17344,47,22,-31,0
S,30049369,kdn,114,0,1527,1520,-376,-968,-17048,45,29,-35,0
E,30049472,kdn,115,0,1526,1520,,,,,,,0
S,30050103,kdn,115,0,1526,1520,-448,-856,-16920,45,29,-35,0
S,30060093,kdn,115,0,1526,1520,-312,-912,-17032,27,21,-21,0
S,30070092,kdn,115,0,1526,1520,-640,-1040,-17040,32,13,-30,0
S,30080092,kdn,115,0,1526,1520,-448,-968,-16880,35,25,-26,0
S,30090092,kdn,115,0,1526,1520,-568,-1104,-17040,47,34,-28,0
S,30100092,kdn,115,0,1526,1520,-808,-880,-17216,38,27,-29,0
S,30110092,kdn,115,0,1526,1520,-696,-840,-16816,26,20,-25,0
S,30120092,kdn,115,0,1526,1520,-592,-1008,-17064,30,24,-29,0
S,30130092,kdn,115,0,1526,1520,-704,-984,-17208,43,15,-31,0
S,30140092,kdn,115,0,1526,1520,-512,-1000,-17072,48,14,-30,0
S,30150092,kdn,115,0,1526,1520,-424,-936,-16952,36,17,-36,0
S,30160092,kdn,115,0,1526,1520,-592,-856,-17088,33,28,-28,0
S,30170092,kdn,115,0,1526,1520,-600,-936,-17096,32,25,-33,0
S,30180092,kdn,115,0,1526,1520,-560,-992,-17168,32,28,-28,0
S,30190092,kdn,115,0,1526,1520,-584,-1144,-16960,41,20,-30,0
S,30200092,kdn,115,0,1526,1520,-504,-1008,-17024,46,22,-29,0
S,30210092,kdn,115,0,1526,1520,-632,-1008,-17000,38,13,-32,0
S,30220092,kdn,115,0,1526,1520,-576,-952,-16960,30,18,-27,0
S,30230092,kdn,115,0,1526,1520,-720,-1064,-17168,32,29,-31,0
S,30240092,kdn,115,0,1526,1520,-792,-912,-17128,38,30,-31,0
S,30250092,kdn,115,0,1526,1520,-432,-944,-17104,36,28,-33,0
S,30260092,kdn,115,0,1526,1520,-584,-832,-17120,35,19,-31,0
S,30270092,kdn,115,0,1526,1520,-568,-1080,-16840,39,25,-27,0
S,30280092,kdn,115,0,1526,1520,-464,-1056,-17008,40,17,-33,0
S,30290093,kdn,115,0,1526,1520,-696,-936,-17152,41,21,-29,0
S,30300093,kdn,115,0,1526,1520,-680,-944,-17136,37,28,-26,0
E,30300196,kdn,116,0,1525,1520,,,,,,,0
S,30300826,kdn,116,0,1525,1520,-640,-864,-17040,38,29,-30,0
S,30310817,kdn,116,0,1525,1520,-600,-1032,-16968,38,26,-30,0
S,30320816,kdn,116,0,1525,1520,-448,-1016,-17080,29,25,-28,0
S,30330816,kdn,116,0,1525,1520,-592,-1096,-17120,36,23,-33,0
S,30340816,kdn,116,0,1525,1520,-576,-936,-16968,39,26,-31,0
S,30350816,kdn,116,0,1525,1520,-600,-1032,-17168,41,27,-24,0
S,30360816,kdn,116,0,1525,1520,-600,-912,-17112,39,24,-34,0
S,30370816,kdn,116,0,1525,1520,-656,-1016,-16952,37,22,-28,0
S,30380816,kdn,116,0,1525,1520,-696,-912,-16992,32,20,-30,0
S,30390816,kdn,116,0,1525,1520,-592,-976,-17120,40,27,-29,0
S,30400816,kdn,116,0,1525,1520,-600,-920,-17072,33,30,-27,0
S,30410816,kdn,116,0,1525,1520,-512,-1048,-17048,34,33,-24,0
S,30420816,kdn,116,0,1525,1520,-688,-912,-17144,38,19,-31,0
S,30430816,kdn,116,0,1525,1520,-488,-1008,-17304,42,20,-31,0
S,30440816,kdn,116,0,1525,1520,-424,-1016,-17200,39,15,-38,0
S,30450816,kdn,116,0,1525,1520,-424,-904,-16968,41,23,-28,0
S,30460816,kdn,116,0,1525,1520,-520,-1040,-17080,36,28,-31,0
S,30470816,kdn,116,0,1525,1520,-536,-1000,-17120,35,27,-26,0
S,30480816,kdn,116,0,1525,1520,-688,-880,-16968,35,24,-26,0
S,30490816,kdn,116,0,1525,1520,-664,-944,-17104,39,28,-32,0
S,30500817,kdn,116,0,1525,1520,-744,-968,-17112,40,22,-23,0
S,30510816,kdn,116,0,1525,1520,-576,-968,-16976,37,17,-25,0
S,30520816,kdn,116,0,1525,1520,-592,-896,-17040,42,20,-35,0
S,30530816,kdn,116,0,1525,1520,-608,-1096,-17040,33,19,-26,0
S,30540816,kdn,116,0,1525,1520,-680,-1016,-17144,35,24,-27,0
S,30550816,kdn,116,0,1525,1520,-624,-904,-17104,40,28,-29,0
E,30550919,kdn,117,0,1524,1520,,,,,,,0
S,30551550,kdn,117,0,1524,1520,-624,-904,-17104,40,28,-29,0
S,30561541,kdn,117,0,1524,1520,-888,-1032,-17152,38,21,-26,0
S,30571539,kdn,117,0,1524,1520,-440,-960,-17352,39,31,-29,0
S,30581539,kdn,117,0,1524,1520,-536,-856,-17120,49,67,-25,0
S,30591539,kdn,117,0,1524,1520,-992,-1144,-16920,52,107,-32,0
S,30601539,kdn,117,0,1524,1520,-432,-888,-17104,36,106,-28,0
S,30611539,kdn,117,0,1524,1520,-1072,-2104,-16632,13,97,-34,0
S,30621539,kdn,117,0,1524,1520,-176,-568,-16832,19,77,-30,0
S,30631539,kdn,117,0,1524,1520,-768,-1296,-16904,30,47,-34,0
S,30641539,kdn,117,0,1524,1520,-504,-856,-16840,49,18,-33,0
S,30651539,kdn,117,0,1524,1520,-424,-976,-17040,49,-3,-29,0
S,30661539,kdn,117,0,1524,1520,-528,-1096,-17016,47,-12,-24,0
S,30671539,kdn,117,0,1524,1520,-440,-904,-17120,36,4,-26,0
S,30681539,kdn,117,0,1524,1520,-296,-1040,-17136,38,38,-32,0
S,30691539,kdn,117,0,1524,1520,-560,-928,-17064,35,46,-28,0
S,30701539,kdn,117,0,1524,1520,-592,-1192,-17096,32,44,-30,0
S,30711539,kdn,117,0,1524,1520,-600,-1072,-17032,31,26,-30,0
S,30721539,kdn,117,0,1524,1520,-504,-880,-17080,39,8,-35,0
S,30731539,kdn,117,0,1524,1520,-528,-968,-17048,45,4,-28,0
S,30741539,kdn,117,0,1524,1520,-528,-1048,-17040,45,15,-26,0
S,30751539,kdn,117,0,1524,1520,-432,-1008,-17104,41,22,-28,0
S,30761539,kdn,117,0,1524,1520,-632,-872,-17048,29,33,-30,0
S,30771539,kdn,117,0,1524,1520,-456,-968,-17144,29,36,-29,0
S,30781539,kdn,117,0,1524,1520,-480,-904,-17120,39,24,-28,0
S,30791539,kdn,117,0,1524,1520,-544,-1040,-17112,47,21,-28,0
S,30801539,kdn,117,0,1524,1520,-504,-992,-17112,48,10,-24,0
E,30801642,kdn,118,0,1523,1520,,,,,,,0
S,30802273,kdn,118,0,1523,1520,-568,-992,-17128,44,12,-27,0
S,30812268,kdn,118,0,1523,1520,-568,-920,-17056,39,7,-32,0
S,30822266,kdn,118,0,1523,1520,-520,-896,-17128,39,20,-30,0
S,30832266,kdn,118,0,1523,1520,-528,-1152,-16928,40,28,-23,0
S,30842266,kdn,118,0,1523,1520,-440,-944,-17176,39,34,-32,0
S,30852266,kdn,118,0,1523,1520,-608,-1104,-17144,34,30,-34,0
S,30862266,kdn,118,0,1523,1520,-544,-896,-17104,43,23,-27,0
S,30872266,kdn,118,0,1523,1520,-448,-1040,-17072,39,7,-24,0
S,30882266,kdn,118,0,1523,1520,-504,-1048,-17176,42,16,-29,0
S,30892266,kdn,118,0,1523,1520,-520,-1024,-17048,43,20,-25,0
S,30902266,kdn,118,0,1523,1520,-584,-1000,-17008,39,27,-27,0
S,30912266,kdn,118,0,1523,1520,-464,-1008,-17144,29,26,-30,0
S,30922266,kdn,118,0,1523,1520,-480,-1000,-17096,36,24,-27,0
S,30932266,kdn,118,0,1523,1520,-448,-928,-17192,40,25,-29,0
S,30942266,kdn,118,0,1523,1520,-384,-960,-17096,44,22,-31,0
S,30952266,kdn,118,0,1523,1520,-712,-1000,-17096,38,19,-24,0
S,30962266,kdn,118,0,1523,1520,-440,-976,-17088,36,21,-24,0
S,30972266,kdn,118,0,1523,1520,-496,-1096,-17024,42,25,-33,0
S,30982266,kdn,118,0,1523,1520,-520,-944,-17144,36,26,-26,0
S,30992266,kdn,118,0,1523,1520,-536,-1024,-17024,41,31,-31,0
S,31002266,kdn,118,0,1523,1520,-536,-920,-17096,38,23,-30,0
S,31012266,kdn,118,0,1523,1520,-456,-928,-17112,37,18,-30,0
S,31022266,kdn,118,0,1523,1520,-488,-1040,-17056,34,18,-32,0
S,31032266,kdn,118,0,1523,1520,-496,-992,-17176,39,22,-26,0
S,31042266,kdn,118,0,1523,1520,-592,-1040,-17032,37,26,-34,0
S,31052266,kdn,118,0,1523,1520,-576,-984,-17016,35,19,-26,0
E,31052372,kdn,119,0,1522,1520,,,,,,,0
S,31053003,kdn,119,0,1522,1520,-576,-984,-17016,38,27,-29,0
S,31062993,kdn,119,0,1522,1520,-664,-936,-17136,39,23,-27,0
S,31072992,kdn,119,0,1522,1520,1248,208,-16824,44,21,-32,0
S,31082992,kdn,119,0,1522,1520,-1128,-1808,-16904,31,34,-26,0
S,31092992,kdn,119,0,1522,1520,-744,-856,-17184,54,58,-28,0
S,31102992,kdn,119,0,1522,1520,-496,-864,-17176,48,79,-29,0
S,31112992,kdn,119,0,1522,1520,-480,-880,-17128,25,59,-28,0
S,31122992,kdn,119,0,1522,1520,-416,-904,-17008,16,29,-27,0
S,31132992,kdn,119,0,1522,1520,-392,-1232,-16952,27,10,-32,0
S,31142992,kdn,119,0,1522,1520,-472,-1048,-17056,50,-2,-31,0
S,31152992,kdn,119,0,1522,1520,-584,-864,-17128,62,7,-27,0
S,31162992,kdn,119,0,1522,1520,-512,-912,-17112,51,21,-32,0
S,31172993,kdn,119,0,1522,1520,-528,-1024,-17088,27,37,-33,0
S,31182992,kdn,119,0,1522,1520,-608,-1008,-17016,14,40,-27,0
S,31192992,kdn,119,0,1522,1520,-504,-928,-17080,33,41,-24,0
S,31202992,kdn,119,0,1522,1520,-544,-1024,-17104,56,24,-25,0
S,31212992,kdn,119,0,1522,1520,-408,-1032,-17160,51,17,-29,0
S,31222992,kdn,119,0,1522,1520,-584,-984,-17080,40,6,-31,0
S,31232992,kdn,119,0,1522,1520,-368,-1064,-17048,30,9,-28,0
S,31242992,kdn,119,0,1522,1520,-512,-880,-17008,33,26,-27,0
S,31252992,kdn,119,0,1522,1520,-584,-992,-17096,46,38,-28,0
S,31262992,kdn,119,0,1522,1520,-512,-968,-17112,43,35,-26,0
S,31272992,kdn,119,0,1522,1520,-576,-1000,-17088,25,22,-27,0
S,31282992,kdn,119,0,1522,1520,-504,-960,-17088,34,7,-27,0
S,31292992,kdn,119,0,1522,1520,-368,-1072,-17016,44,15,-32,0
S,31302992,kdn,119,0,1522,1520,-504,-960,-17104,44,16,-31,0
E,31303096,kdn,120,0,1521,1520,,,,,,,0
S,31303727,kdn,120,0,1521,1520,-512,-856,-17080,47,18,-26,0
S,31313718,kdn,120,0,1521,1520,-560,-992,-17088,38,26,-33,0
S,31323717,kdn,120,0,1521,1520,-504,-1024,-17064,32,30,-32,0
S,31333716,kdn,120,0,1521,1520,-552,-976,-17088,30,29,-26,0
S,31343717,kdn,120,0,1521,1520,-504,-1088,-17088,42,30,-26,0
S,31353717,kdn,120,0,1521,1520,-656,-1040,-17160,48,22,-29,0
S,31363717,kdn,120,0,1521,1520,-552,-960,-17072,49,25,-29,0
S,31373717,kdn,120,0,1521,1520,-544,-904,-17064,36,22,-32,0
S,31383716,kdn,120,0,1521,1520,-592,-984,-16984,30,15,-29,0
S,31393716,kdn,120,0,1521,1520,-544,-1040,-17120,36,21,-27,0
S,31403717,kdn,120,0,1521,1520,-440,-1016,-17152,47,30,-31,0
S,31413717,kdn,120,0,1521,1520,-568,-976,-16944,42,30,-30,0
S,31423717,kdn,120,0,1521,1520,-432,-984,-17168,37,22,-35,0
S,31433716,kdn,120,0,1521,1520,-448,-1056,-17160,36,17,-27,0
S,31443717,kdn,120,0,1521,1520,-672,-1008,-17080,36,26,-30,0
S,31453717,kdn,120,0,1521,1520,-480,-904,-17120,39,27,-30,0
S,31463717,kdn,120,0,1521,1520,-528,-1008,-17080,44,24,-31,0
S,31473716,kdn,120,0,1521,1520,-536,-1112,-17104,33,26,-33,0
S,31483717,kdn,120,0,1521,1520,-568,-1048,-17016,32,22,-28,0
S,31493717,kdn,120,0,1521,1520,-552,-960,-17096,34,21,-30,0
S,31503716,kdn,120,0,1521,1520,-552,-936,-17072,43,25,-24,0
S,31513716,kdn,120,0,1521,1520,-472,-936,-17128,39,23,-34,0
S,31523717,kdn,120,0,1521,1520,-648,-856,-17104,36,17,-30,0
S,31533717,kdn,120,0,1521,1520,-488,-992,-17096,27,25,-26,0
S,31543717,kdn,120,0,1521,1520,-480,-1000,-17056,34,22,-34,0
S,31553717,kdn,120,0,1521,1520,-552,-1008,-17160,37,23,-31,0
E,31553821,kdn,121,0,1520,1520,,,,,,,0
S,31554455,kdn,121,0,1520,1520,-552,-1008,-17160,38,23,-35,0
S,31564447,kdn,121,0,1520,1520,-496,-808,-17040,38,24,-27,0
S,31574441,kdn,121,0,1520,1520,-528,-976,-16992,39,21,-28,0
S,31584446,kdn,121,0,1520,1520,-552,-992,-17056,29,25,-25,0
S,31594441,kdn,121,0,1520,1520,-576,-912,-17200,38,25,-26,0
S,31604446,kdn,121,0,1520,1520,-512,-992,-17096,41,23,-24,0
S,31614445,kdn,121,0,1520,1520,-528,-1048,-17032,42,28,-27,0
S,31624446,kdn,121,0,1520,1520,-512,-912,-17080,36,23,-29,0
S,31634446,kdn,121,0,1520,1520,-424,-1016,-16952,33,16,-29,0
S,31644441,kdn,121,0,1520,1520,-600,-1120,-17144,41,25,-29,0
S,31654446,kdn,121,0,1520,1520,-544,-984,-17072,35,26,-31,0
S,31664441,kdn,121,0,1520,1520,-504,-904,-17064,37,24,-32,0
S,31674446,kdn,121,0,1520,1520,-456,-1016,-17152,36,23,-21,0
S,31684441,kdn,121,0,1520,1520,-432,-1016,-17216,33,25,-24,0
S,31694441,kdn,121,0,1520,1520,-464,-1032,-17112,43,27,-28,0
S,31704441,kdn,121,0,1520,1520,-456,-1024,-17136,42,24,-28,0
S,31714441,kdn,121,0,1520,1520,-536,-936,-17088,36,26,-30,0
S,31724441,kdn,121,0,1520,1520,-424,-1024,-17224,37,20,-21,0
S,31734446,kdn,121,0,1520,1520,-496,-856,-17144,33,26,-33,0
S,31744441,kdn,121,0,1520,1520,-496,-936,-16976,40,27,-29,0
S,31754441,kdn,121,0,1520,1520,-640,-1112,-17096,40,25,-21,0
S,31764441,kdn,121,0,1520,1520,-504,-960,-17048,37,25,-28,0
S,31774446,kdn,121,0,1520,1520,-552,-976,-17024,37,28,-29,0
S,31784441,kdn,121,0,1520,1520,-512,-912,-17032,39,23,-26,0
S,31794441,kdn,121,0,1520,1520,-400,-1000,-17056,38,29,-24,0
S,31804441,kdn,121,0,1520,1520,-488,-1008,-17008,39,25,-27,0
E,31804545,kdn,122,0,1519,1520,,,,,,,0
S,31805176,kdn,122,0,1519,1520,-704,-1096,-17056,35,16,-27,0
S,31815167,kdn,122,0,1519,1520,-848,-904,-17136,41,25,-27,0
S,31825165,kdn,122,0,1519,1520,-1176,-1840,-16784,40,22,-28,0
S,31835166,kdn,122,0,1519,1520,-1064,-1280,-17024,40,34,-19,0
S,31845165,kdn,122,0,1519,1520,-64,-1328,-16904,51,72,-27,0
S,31855166,kdn,122,0,1519,1520,-184,-1096,-16936,41,123,-13,0
S,31865165,kdn,122,0,1519,1520,-2432,-3088,-17648,37,169,-29,0
S,31875165,kdn,122,0,1519,1520,392,-1112,-17520,30,176,-43,0
S,31885165,kdn,122,0,1519,1520,-648,-1104,-16824,14,152,-43,0
S,31895165,kdn,122,0,1519,1520,-216,-1080,-16992,18,95,-42,0
S,31905165,kdn,122,0,1519,1520,-64,-936,-17048,39,33,-37,0
S,31915165,kdn,122,0,1519,1520,-280,-928,-17088,49,-18,-30,0
S,31925165,kdn,122,0,1519,1520,-336,-1000,-17160,62,-39,-24,0
S,31935165,kdn,122,0,1519,1520,-600,-1040,-17168,50,-23,-23,0
S,31945165,kdn,122,0,1519,1520,-664,-1024,-17048,36,16,-31,0
S,31955165,kdn,122,0,1519,1520,-576,-912,-17008,23,48,-32,0
S,31965165,kdn,122,0,1519,1520,-272,-968,-17040,28,64,-26,0
S,31975165,kdn,122,0,1519,1520,-296,-840,-17072,37,51,-33,0
S,31985165,kdn,122,0,1519,1520,-432,-1104,-17096,37,21,-33,0
S,31995165,kdn,122,0,1519,1520,-328,-984,-17104,54,-6,-31,0
S,32005165,kdn,122,0,1519,1520,-352,-1008,-17080,51,-11,-31,0
S,32015165,kdn,122,0,1519,1520,-464,-960,-17080,45,14,-32,0
S,32025166,kdn,122,0,1519,1520,-432,-1040,-17160,35,40,-24,0
S,32035165,kdn,122,0,1519,1520,-472,-1120,-17072,30,46,-23,0
S,32045166,kdn,122,0,1519,1520,-416,-936,-16928,27,44,-25,0
S,32055165,kdn,122,0,1519,1520,-424,-960,-17064,32,27,-30,0
E,32055269,kdn,123,0,1518,1520,,,,,,,0
S,32055903,kdn,123,0,1518,1520,-400,-1000,-16904,34,24,-26,0
S,32065893,kdn,123,0,1518,1520,-432,-1096,-16992,50,11,-25,0
S,32075892,kdn,123,0,1518,1520,-256,-936,-17032,45,-1,-24,0
S,32085892,kdn,123,0,1518,1520,-392,-848,-17040,38,20,-29,0
S,32095891,kdn,123,0,1518,1520,-448,-952,-17040,32,27,-27,0
S,32105892,kdn,123,0,1518,1520,-408,-896,-17032,35,35,-33,0
S,32115893,kdn,123,0,1518,1520,-520,-1032,-17136,36,39,-30,0
S,32125892,kdn,123,0,1518,1520,-416,-1032,-17152,36,28,-26,0
S,32135893,kdn,123,0,1518,1520,-352,-1104,-17072,46,15,-27,0
S,32145891,kdn,123,0,1518,1520,-432,-1040,-16968,42,11,-34,0
S,32155891,kdn,123,0,1518,1520,-272,-944,-17072,43,16,-30,0
S,32165891,kdn,123,0,1518,1520,-408,-968,-17064,39,18,-28,0
S,32175891,kdn,123,0,1518,1520,-432,-976,-17040,36,30,-31,0
S,32185891,kdn,123,0,1518,1520,-552,-1000,-17096,34,29,-30,0
S,32195892,kdn,123,0,1518,1520,-384,-1016,-17112,33,26,-26,0
S,32205893,kdn,123,0,1518,1520,-400,-968,-17104,33,22,-32,0
S,32215892,kdn,123,0,1518,1520,-384,-1072,-17232,39,17,-26,0
S,32225892,kdn,123,0,1518,1520,-416,-1072,-17120,45,13,-30,0
S,32235892,kdn,123,0,1518,1520,-384,-1056,-17056,38,22,-29,0
S,32245892,kdn,123,0,1518,1520,-400,-1000,-17048,34,28,-30,0
S,32255891,kdn,123,0,1518,1520,-376,-952,-16984,35,31,-26,0
S,32265892,kdn,123,0,1518,1520,-376,-1064,-17208,37,28,-29,0
S,32275892,kdn,123,0,1518,1520,-376,-968,-17016,35,22,-26,0
S,32285892,kdn,123,0,1518,1520,-360,-968,-17144,38,19,-29,0
S,32295892,kdn,123,0,1518,1520,-400,-984,-17144,41,14,-31,0
S,32305891,kdn,123,0,1518,1520,-384,-912,-16992,42,18,-26,0
E,32305994,kdn,124,0,1517,1520,,,,,,,0
S,32306624,kdn,124,0,1517,1520,-464,-984,-17008,42,19,-26,0
S,32316615,kdn,124,0,1517,1520,-432,-912,-17056,38,23,-30,0
S,32326614,kdn,124,0,1517,1520,-408,-952,-17168,40,29,-33,0
S,32336614,kdn,124,0,1517,1520,-432,-1048,-17160,38,25,-26,0
S,32346614,kdn,124,0,1517,1520,-592,-1000,-17112,37,27,-29,0
S,32356614,kdn,124,0,1517,1520,-360,-1016,-17112,34,21,-29,0
S,32366614,kdn,124,0,1517,1520,-336,-1000,-17184,35,25,-28,0
S,32376614,kdn,124,0,1517,1520,-504,-1104,-17232,38,21,-27,0
S,32386614,kdn,124,0,1517,1520,-504,-1048,-17184,32,22,-27,0
S,32396614,kdn,124,0,1517,1520,-424,-1032,-17192,34,22,-31,0
S,32406614,kdn,124,0,1517,1520,-304,-1096,-16920,42,25,-25,0
S,32416614,kdn,124,0,1517,1520,-272,-968,-17136,29,33,-29,0
S,32426614,kdn,124,0,1517,1520,-304,-800,-17104,27,30,-28,0
S,32436614,kdn,124,0,1517,1520,-448,-1056,-17152,41,17,-21,0
S,32446614,kdn,124,0,1517,1520,-336,-1048,-17208,45,16,-30,0
S,32456614,kdn,124,0,1517,1520,-392,-1064,-17176,41,19,-29,0
S,32466614,kdn,124,0,1517,1520,-472,-1016,-17072,43,20,-34,0
S,32476614,kdn,124,0,1517,1520,-480,-888,-17072,29,28,-29,0
S,32486614,kdn,124,0,1517,1520,-392,-1016,-17088,31,26,-27,0
S,32496614,kdn,124,0,1517,1520,-384,-912,-17072,44,24,-25,0
S,32506614,kdn,124,0,1517,1520,-472,-1056,-17112,45,22,-26,0
S,32516614,kdn,124,0,1517,1520,-456,-1040,-17032,45,20,-28,0
S,32526614,kdn,124,0,1517,1520,-416,-1176,-17112,37,23,-31,0
S,32536614,kdn,124,0,1517,1520,-400,-952,-17064,36,25,-24,0
S,32546614,kdn,124,0,1517,1520,-496,-952,-17112,40,27,-30,0
S,32556614,kdn,124,0,1517,1520,-328,-960,-17232,38,30,-27,0
E,32556718,kdn,125,0,1516,1520,,,,,,,0
S,32557348,kdn,125,0,1516,1520,-464,-968,-17064,45,24,-34,0
S,32567339,kdn,125,0,1516,1520,-456,-968,-17224,43,23,-33,0
S,32577337,kdn,125,0,1516,1520,296,-1120,-17296,31,28,-35,0
S,32587337,kdn,125,0,1516,1520,-248,-848,-17128,38,46,-30,0
S,32597337,kdn,125,0,1516,1520,-648,-824,-17064,59,73,-25,0
S,32607337,kdn,125,0,1516,1520,-472,-984,-17152,43,71,-30,0
S,32617337,kdn,125,0,1516,1520,-376,-1016,-17128,13,42,-31,0
S,32627337,kdn,125,0,1516,1520,-368,-1032,-17152,22,16,-30,0
S,32637337,kdn,125,0,1516,1520,-352,-1000,-17080,45,-2,-32,0
S,32647337,kdn,125,0,1516,1520,-376,-1008,-17152,56,1,-29,0
S,32657337,kdn,125,0,1516,1520,-520,-864,-16976,59,16,-22,0
S,32667337,kdn,125,0,1516,1520,-456,-1024,-17224,31,29,-29,0
S,32677337,kdn,125,0,1516,1520,-368,-976,-17128,11,38,-28,0
S,32687337,kdn,125,0,1516,1520,-368,-976,-17136,24,38,-25,0
S,32697337,kdn,125,0,1516,1520,-336,-904,-17160,43,33,-26,0
S,32707337,kdn,125,0,1516,1520,-368,-1080,-17056,50,19,-25,0
S,32717337,kdn,125,0,1516,1520,-384,-944,-17096,43,9,-33,0
S,32727337,kdn,125,0,1516,1520,-312,-912,-17120,35,10,-31,0
S,32737337,kdn,125,0,1516,1520,-400,-1080,-17048,36,22,-28,0
S,32747337,kdn,125,0,1516,1520,-344,-968,-17032,40,35,-27,0
S,32757337,kdn,125,0,1516,1520,-376,-888,-17032,38,36,-35,0
S,32767337,kdn,125,0,1516,1520,-432,-1032,-17136,31,21,-27,0
S,32777337,kdn,125,0,1516,1520,-424,-1056,-17064,33,13,-33,0
S,32787337,kdn,125,0,1516,1520,-368,-992,-17048,39,10,-24,0
S,32797337,kdn,125,0,1516,1520,-376,-1008,-17072,43,14,-26,0
S,32807337,kdn,125,0,1516,1520,-448,-936,-17200,43,23,-36,0
E,32807445,kdn,126,0,1515,1520,,,,,,,0
S,32808075,kdn,126,0,1515,1520,-480,-904,-17112,47,23,-32,0
S,32818065,kdn,126,0,1515,1520,-480,-944,-17152,37,26,-28,0
S,32828064,kdn,126,0,1515,1520,-488,-1000,-16992,23,27,-31,0
S,32838064,kdn,126,0,1515,1520,-560,-1040,-17056,28,32,-29,0
S,32848064,kdn,126,0,1515,1520,-328,-1016,-17112,44,24,-32,0
S,32858064,kdn,126,0,1515,1520,-208,-968,-17168,48,17,-31,0
S,32868064,kdn,126,0,1515,1520,-440,-888,-17088,38,18,-26,0
S,32878064,kdn,126,0,1515,1520,-392,-872,-17128,30,17,-32,0
S,32888065,kdn,126,0,1515,1520,-384,-1032,-17112,31,24,-27,0
S,32898064,kdn,126,0,1515,1520,-416,-1032,-16968,37,31,-29,0
S,32908064,kdn,126,0,1515,1520,-320,-992,-17048,35,30,-29,0
S,32918064,kdn,126,0,1515,1520,-424,-784,-17048,37,29,-31,0
S,32928064,kdn,126,0,1515,1520,-296,-1032,-17136,32,17,-31,0
S,32938064,kdn,126,0,1515,1520,-336,-1120,-17096,36,15,-32,0
S,32948064,kdn,126,0,1515,1520,-384,-968,-17000,38,21,-29,0
S,32958064,kdn,126,0,1515,1520,-424,-1056,-17064,45,25,-27,0
S,32968064,kdn,126,0,1515,1520,-544,-936,-17016,39,24,-24,0
S,32978064,kdn,126,0,1515,1520,-400,-944,-16912,37,24,-32,0
S,32988064,kdn,126,0,1515,1520,-400,-952,-17016,36,24,-27,0
S,32998064,kdn,126,0,1515,1520,-360,-936,-17112,42,28,-30,0
S,33008064,kdn,126,0,1515,1520,-312,-928,-17000,45,16,-30,0
S,33018064,kdn,126,0,1515,1520,-408,-1120,-17120,46,17,-26,0
S,33028064,kdn,126,0,1515,1520,-480,-1032,-17048,39,22,-29,0
S,33038064,kdn,126,0,1515,1520,-392,-1032,-17072,40,20,-34,0
S,33048064,kdn,126,0,1515,1520,-504,-968,-17184,38,24,-24,0
S,33058064,kdn,126,0,1515,1520,-328,-872,-16968,41,26,-29,0
E,33058167,kdn,127,0,1514,1520,,,,,,,0
S,33058800,kdn,127,0,1514,1520,-488,-1072,-16992,42,23,-25,0
S,33068792,kdn,127,0,1514,1520,-392,-984,-17128,35,23,-29,0
S,33078792,kdn,127,0,1514,1520,-328,-984,-17192,41,22,-25,0
S,33088791,kdn,127,0,1514,1520,-232,-912,-17064,38,23,-33,0
S,33098791,kdn,127,0,1514,1520,-384,-960,-17088,37,27,-30,0
S,33108791,kdn,127,0,1514,1520,-408,-1120,-17048,38,25,-32,0
S,33118791,kdn,127,0,1514,1520,-400,-936,-17112,35,19,-29,0
S,33128791,kdn,127,0,1514,1520,-416,-1128,-17096,34,24,-24,0
S,33138792,kdn,127,0,1514,1520,-376,-952,-17016,32,22,-32,0
S,33148792,kdn,127,0,1514,1520,-416,-976,-17104,41,26,-29,0
S,33158792,kdn,127,0,1514,1520,-328,-1104,-17144,37,21,-26,0
S,33168791,kdn,127,0,1514,1520,-440,-1136,-16976,41,26,-36,0
S,33178791,kdn,127,0,1514,1520,-344,-968,-16968,36,22,-30,0
S,33188792,kdn,127,0,1514,1520,-392,-1048,-17168,40,28,-31,0
S,33198791,kdn,127,0,1514,1520,-432,-1008,-17176,39,22,-28,0
S,33208792,kdn,127,0,1514,1520,-312,-952,-17048,41,28,-27,0
S,33218792,kdn,127,0,1514,1520,-416,-936,-17032,35,20,-32,0
S,33228792,kdn,127,0,1514,1520,-352,-1016,-17040,34,20,-31,0
S,33238792,kdn,127,0,1514,1520,-400,-976,-17120,35,17,-30,0
S,33248792,kdn,127,0,1514,1520,-440,-1008,-17128,35,20,-31,0
S,33258791,kdn,127,0,1514,1520,-264,-976,-17080,40,25,-29,0
S,33268791,kdn,127,0,1514,1520,-424,-1048,-16976,39,24,-30,0
S,33278792,kdn,127,0,1514,1520,-496,-984,-17096,38,22,-32,0
S,33288792,kdn,127,0,1514,1520,-416,-984,-17040,35,20,-27,0
S,33298791,kdn,127,0,1514,1520,-360,-1088,-17112,44,24,-30,0
S,33308791,kdn,127,0,1514,1520,-416,-1064,-17144,39,25,-25,0
E,33308896,kdn,128,0,1513,1520,,,,,,,0
S,33309526,kdn,128,0,1513,1520,-456,-960,-16976,36,30,-29,0
S,33319516,kdn,128,0,1513,1520,-376,-880,-17168,30,19,-33,0
S,33329515,kdn,128,0,1513,1520,-2096,0,-17392,34,21,-38,0
S,33339515,kdn,128,0,1513,1520,-576,-2584,-17168,31,10,-34,0
S,33349515,kdn,128,0,1513,1520,-208,-544,-16992,36,25,-30,0
S,33359515,kdn,128,0,1513,1520,-384,-1376,-16920,51,74,-32,0
S,33369515,kdn,128,0,1513,1520,-504,-736,-17176,59,108,-28,0
S,33379515,kdn,128,0,1513,1520,-336,-864,-17144,30,105,-31,0
S,33389515,kdn,128,0,1513,1520,-2080,192,-18432,-4,114,-25,0
S,33399515,kdn,128,0,1513,1520,-504,-1224,-17808,20,68,-33,0
S,33409515,kdn,128,0,1513,1520,-400,-920,-17304,46,43,-35,0
S,33419515,kdn,128,0,1513,1520,-96,-1224,-17056,57,12,-27,0
S,33429515,kdn,128,0,1513,1520,-136,-848,-17088,44,-9,-34,0
S,33439515,kdn,128,0,1513,1520,-352,-968,-17144,35,-5,-34,0
S,33449515,kdn,128,0,1513,1520,-472,-1048,-17072,34,14,-22,0
S,33459516,kdn,128,0,1513,1520,-472,-1168,-17152,42,40,-25,0
S,33469515,kdn,128,0,1513,1520,-360,-1008,-17080,43,54,-29,0
S,33479515,kdn,128,0,1513,1520,-336,-976,-17096,31,40,-31,0
S,33489515,kdn,128,0,1513,1520,-384,-1000,-16992,26,18,-26,0
S,33499515,kdn,128,0,1513,1520,-288,-1112,-17104,37,4,-28,0
S,33509515,kdn,128,0,1513,1520,-320,-968,-17048,52,9,-28,0
S,33519515,kdn,128,0,1513,1520,-344,-1008,-17136,53,18,-30,0
S,33529515,kdn,128,0,1513,1520,-216,-1000,-16992,42,26,-24,0
S,33539515,kdn,128,0,1513,1520,-272,-920,-17088,24,35,-28,0
S,33549515,kdn,128,0,1513,1520,-448,-928,-17088,24,27,-25,0
S,33559515,kdn,128,0,1513,1520,-320,-1040,-17208,36,28,-32,0
E,33559619,kdn,129,0,1512,1520,,,,,,,0
S,33560252,kdn,129,0,1512,1520,-296,-1152,-17192,40,22,-31,0
S,33570243,kdn,129,0,1512,1520,-272,-1048,-16976,46,18,-37,0
S,33580242,kdn,129,0,1512,1520,-392,-1064,-17136,38,6,-29,0
S,33590242,kdn,129,0,1512,1520,-176,-992,-17112,33,19,-30,0
S,33600242,kdn,129,0,1512,1520,-328,-928,-17112,32,23,-30,0
S,33610242,kdn,129,0,1512,1520,-136,-1016,-16952,38,33,-30,0
S,33620242,kdn,129,0,1512,1520,-288,-936,-17112,42,32,-27,0
S,33630242,kdn,129,0,1512,1520,-432,-920,-16920,38,33,-32,0
S,33640242,kdn,129,0,1512,1520,-368,-928,-17056,35,14,-23,0
S,33650242,kdn,129,0,1512,1520,-408,-816,-17112,35,6,-33,0
S,33660242,kdn,129,0,1512,1520,-320,-984,-17184,45,15,-31,0
S,33670242,kdn,129,0,1512,1520,-440,-888,-17168,46,23,-29,0
S,33680242,kdn,129,0,1512,1520,-392,-1000,-17136,34,26,-33,0
S,33690242,kdn,129,0,1512,1520,-320,-888,-17104,35,24,-29,0
S,33700242,kdn,129,0,1512,1520,-440,-1040,-17088,37,25,-34,0
S,33710242,kdn,129,0,1512,1520,-264,-1064,-17056,42,18,-29,0
S,33720242,kdn,129,0,1512,1520,-368,-872,-17088,43,21,-27,0
S,33730242,kdn,129,0,1512,1520,-200,-952,-17008,40,21,-28,0
S,33740242,kdn,129,0,1512,1520,-280,-1064,-17136,32,18,-30,0
S,33750242,kdn,129,0,1512,1520,-248,-968,-17128,33,26,-32,0
S,33760242,kdn,129,0,1512,1520,-248,-936,-17152,40,29,-30,0
S,33770242,kdn,129,0,1512,1520,-440,-992,-17096,38,28,-25,0
S,33780242,kdn,129,0,1512,1520,-384,-976,-17096,45,27,-29,0
S,33790242,kdn,129,0,1512,1520,-344,-1008,-17120,38,17,-26,0
S,33800242,kdn,129,0,1512,1520,-328,-952,-17040,38,16,-30,0
S,33810242,kdn,129,0,1512,1520,-272,-1064,-17096,46,24,-24,0
E,33810346,kdn,130,0,1511,1520,,,,,,,0
S,33810981,kdn,130,0,1511,1520,-240,-992,-17112,44,25,-28,0
S,33820971,kdn,130,0,1511,1520,-208,-1008,-17072,42,28,-31,0
S,33830970,kdn,130,0,1511,1520,-416,-1088,-17200,37,28,-37,0
S,33840970,kdn,130,0,1511,1520,-368,-952,-17120,33,28,-33,0
S,33850970,kdn,130,0,1511,1520,-232,-984,-17080,34,24,-26,0
S,33860970,kdn,130,0,1511,1520,-304,-920,-17128,43,26,-29,0
S,33870970,kdn,130,0,1511,1520,-280,-968,-17136,44,20,-29,0
S,33880971,kdn,130,0,1511,1520,-416,-864,-17040,34,17,-25,0
S,33890970,kdn,130,0,1511,1520,-448,-904,-17104,37,25,-30,0
S,33900970,kdn,130,0,1511,1520,-264,-1064,-17040,36,21,-33,0
S,33910970,kdn,130,0,1511,1520,-352,-1064,-17080,38,22,-27,0
S,33920970,kdn,130,0,1511,1520,-392,-1008,-17056,36,27,-28,0
S,33930970,kdn,130,0,1511,1520,-256,-936,-17152,36,30,-27,0
S,33940970,kdn,130,0,1511,1520,-392,-1008,-17152,38,17,-36,0
S,33950970,kdn,130,0,1511,1520,-336,-984,-17152,35,18,-32,0
S,33960970,kdn,130,0,1511,1520,-456,-992,-17120,39,21,-29,0
S,33970970,kdn,130,0,1511,1520,-440,-928,-17080,39,24,-29,0
S,33980971,kdn,130,0,1511,1520,-384,-1032,-17072,36,23,-32,0
S,33990970,kdn,130,0,1511,1520,-304,-952,-17144,33,23,-32,0
S,34000970,kdn,130,0,1511,1520,-320,-1096,-17088,40,22,-26,0
S,34010970,kdn,130,0,1511,1520,-336,-976,-17080,40,27,-28,0
S,34020970,kdn,130,0,1511,1520,-280,-968,-17128,36,25,-25,0
S,34030970,kdn,130,0,1511,1520,-248,-952,-17112,47,22,-29,0
S,34040971,kdn,130,0,1511,1520,-408,-1000,-17056,34,21,-28,0
S,34050970,kdn,130,0,1511,1520,-424,-992,-17064,40,22,-26,0
S,34060970,kdn,130,0,1511,1520,-264,-984,-16992,39,27,-26,0
E,34061074,kdn,131,0,1510,1520,,,,,,,0
S,34061704,kdn,131,0,1510,1520,-168,-920,-17152,37,24,-28,0
S,34071696,kdn,131,0,1510,1520,-16,-1096,-17088,38,25,-25,0
S,34081694,kdn,131,0,1510,1520,-304,-360,-17104,34,28,-31,0
S,34091695,kdn,131,0,1510,1520,-24,-1536,-17024,34,42,-33,0
S,34101694,kdn,131,0,1510,1520,-80,-840,-17040,48,71,-32,0
S,34111694,kdn,131,0,1510,1520,-32,-984,-17000,30,104,-29,0
S,34121694,kdn,131,0,1510,1520,-208,-944,-16952,32,123,-25,0
S,34131694,kdn,131,0,1510,1520,88,-568,-15776,31,135,-17,0
S,34141694,kdn,131,0,1510,1520,336,-1064,-16312,19,135,-32,0
S,34151694,kdn,131,0,1510,1520,-40,-1040,-16792,23,83,-35,0
S,34161694,kdn,131,0,1510,1520,-480,-1080,-16912,30,30,-22,0
S,34171694,kdn,131,0,1510,1520,-456,-904,-17168,44,-15,-33,0
S,34181694,kdn,131,0,1510,1520,-512,-840,-17200,54,-30,-26,0
S,34191694,kdn,131,0,1510,1520,-128,-1088,-17056,57,-13,-27,0
S,34201694,kdn,131,0,1510,1520,-184,-792,-17168,37,28,-36,0
S,34211694,kdn,131,0,1510,1520,-112,-856,-17088,27,49,-29,0
S,34221694,kdn,131,0,1510,1520,-200,-888,-17240,23,59,-30,0
S,34231694,kdn,131,0,1510,1520,-520,-1000,-17128,29,42,-31,0
S,34241694,kdn,131,0,1510,1520,-224,-984,-17064,48,14,-30,0
S,34251694,kdn,131,0,1510,1520,-256,-1032,-17080,47,-6,-30,0
S,34261694,kdn,131,0,1510,1520,-304,-1032,-17032,47,-9,-29,0
S,34271694,kdn,131,0,1510,1520,-288,-1040,-17048,29,16,-32,0
S,34281694,kdn,131,0,1510,1520,-264,-944,-17000,33,39,-27,0
S,34291694,kdn,131,0,1510,1520,-240,-1048,-17040,30,42,-22,0
S,34301694,kdn,131,0,1510,1520,-248,-1000,-17040,34,41,-26,0
S,34311694,kdn,131,0,1510,1520,-296,-1016,-17192,41,24,-30,0
E,34311798,kdn,132,0,1509,1520,,,,,,,0
S,34312429,kdn,132,0,1509,1520,-256,-920,-17120,34,24,-25,0
S,34322423,kdn,132,0,1509,1520,-264,-1032,-17152,39,6,-27,0
S,34332417,kdn,132,0,1509,1520,-280,-1104,-17096,45,4,-27,0
S,34342417,kdn,132,0,1509,1520,-248,-896,-16984,42,15,-31,0
S,34352417,kdn,132,0,1509,1520,-360,-928,-17128,36,29,-23,0
S,34362417,kdn,132,0,1509,1520,-288,-1024,-17016,24,34,-25,0
S,34372417,kdn,132,0,1509,1520,-168,-1120,-17176,30,31,-28,0
S,34382417,kdn,132,0,1509,1520,-208,-1048,-16936,33,26,-35,0
S,34392417,kdn,132,0,1509,1520,-256,-1056,-17168,45,12,-30,0
S,34402417,kdn,132,0,1509,1520,-256,-856,-17216,45,14,-29,0
S,34412417,kdn,132,0,1509,1520,-256,-1040,-17200,39,16,-24,0
S,34422417,kdn,132,0,1509,1520,-256,-1080,-16976,37,23,-29,0
S,34432417,kdn,132,0,1509,1520,-216,-1008,-17184,32,30,-29,0
S,34442417,kdn,132,0,1509,1520,-352,-960,-17128,34,31,-25,0
S,34452417,kdn,132,0,1509,1520,-256,-976,-17072,37,26,-33,0
S,34462417,kdn,132,0,1509,1520,-232,-1064,-17184,38,22,-25,0
S,34472417,kdn,132,0,1509,1520,-240,-936,-17040,49,14,-29,0
S,34482417,kdn,132,0,1509,1520,-192,-912,-17096,40,18,-26,0
S,34492417,kdn,132,0,1509,1520,-320,-1064,-17016,37,22,-26,0
S,34502417,kdn,132,0,1509,1520,-272,-992,-17088,40,29,-30,0
S,34512417,kdn,132,0,1509,1520,-216,-1008,-17152,35,28,-27,0
S,34522417,kdn,132,0,1509,1520,-280,-912,-17080,41,22,-23,0
S,34532417,kdn,132,0,1509,1520,-336,-912,-16976,41,23,-29,0
S,34542417,kdn,132,0,1509,1520,-272,-896,-17072,40,19,-29,0
S,34552417,kdn,132,0,1509,1520,-240,-976,-17112,36,16,-26,0
S,34562417,kdn,132,0,1509,1520,-280,-872,-17168,35,21,-28,0
E,34562521,kdn,133,0,1508,1520,,,,,,,0
S,34563151,kdn,133,0,1508,1520,-272,-952,-17120,33,22,-31,0
S,34573141,kdn,133,0,1508,1520,-296,-992,-17096,38,27,-29,0
S,34583140,kdn,133,0,1508,1520,-240,-992,-17096,34,27,-29,0
S,34593140,kdn,133,0,1508,1520,-392,-912,-17168,41,31,-29,0
S,34603140,kdn,133,0,1508,1520,-280,-992,-17056,39,26,-38,0
S,34613141,kdn,133,0,1508,1520,-296,-960,-17128,38,23,-31,0
S,34623140,kdn,133,0,1508,1520,-336,-976,-17088,37,20,-33,0
S,34633140,kdn,133,0,1508,1520,-240,-1064,-17072,40,24,-26,0
S,34643140,kdn,133,0,1508,1520,-264,-928,-17064,38,26,-30,0
S,34653140,kdn,133,0,1508,1520,-240,-992,-17104,39,27,-30,0
S,34663141,kdn,133,0,1508,1520,-176,-928,-17080,34,26,-33,0
S,34673140,kdn,133,0,1508,1520,-224,-1016,-17056,41,25,-25,0
S,34683140,kdn,133,0,1508,1520,-296,-968,-17080,40,17,-31,0
S,34693140,kdn,133,0,1508,1520,-336,-936,-17120,39,22,-29,0
S,34703140,kdn,133,0,1508,1520,-336,-1096,-17104,42,19,-30,0
S,34713140,kdn,133,0,1508,1520,-352,-984,-17088,42,21,-26,0
S,34723140,kdn,133,0,1508,1520,-248,-952,-17104,37,24,-29,0
S,34733140,kdn,133,0,1508,1520,-280,-984,-17136,34,24,-27,0
S,34743140,kdn,133,0,1508,1520,-240,-944,-17120,34,30,-30,0
S,34753140,kdn,133,0,1508,1520,-360,-992,-17016,42,20,-32,0
S,34763141,kdn,133,0,1508,1520,-216,-848,-17176,36,20,-23,0
S,34773140,kdn,133,0,1508,1520,-248,-1016,-16992,36,22,-26,0
S,34783140,kdn,133,0,1508,1520,-248,-1016,-17208,36,20,-30,0
S,34793140,kdn,133,0,1508,1520,-280,-1080,-17112,33,26,-31,0
S,34803140,kdn,133,0,1508,1520,-184,-824,-17088,34,23,-28,0
S,34813140,kdn,133,0,1508,1520,-408,-1008,-17088,31,24,-28,0
E,34813248,kdn,134,0,1507,1520,,,,,,,0
S,34813883,kdn,134,0,1507,1520,-192,-800,-17096,31,24,-28,0
S,34823873,kdn,134,0,1507,1520,-512,-992,-17216,37,27,-33,0
S,34833873,kdn,134,0,1507,1520,-40,-888,-17104,39,23,-29,0
S,34843873,kdn,134,0,1507,1520,-392,-1624,-16976,44,40,-20,0
S,34853873,kdn,134,0,1507,1520,344,-752,-17416,32,28,-32,0
S,34863873,kdn,134,0,1507,1520,-320,-976,-17224,25,28,-25,0
S,34873873,kdn,134,0,1507,1520,-408,-1248,-17120,38,49,-27,0
S,34883872,kdn,134,0,1507,1520,-120,-728,-17176,55,72,-35,0
S,34893873,kdn,134,0,1507,1520,-208,-928,-17072,46,62,-27,0
S,34903873,kdn,134,0,1507,1520,-336,-928,-17184,22,33,-30,0
S,34913873,kdn,134,0,1507,1520,-240,-920,-17016,20,12,-26,0
S,34923872,kdn,134,0,1507,1520,-152,-1000,-17000,49,4,-23,0
S,34933872,kdn,134,0,1507,1520,-272,-1008,-17008,56,10,-26,0
S,34943873,kdn,134,0,1507,1520,-256,-928,-17168,53,19,-26,0
S,34953873,kdn,134,0,1507,1520,-192,-928,-17112,25,33,-28,0
S,34963872,kdn,134,0,1507,1520,-88,-968,-17096,18,37,-25,0
S,34973873,kdn,134,0,1507,1520,-280,-1024,-17152,25,30,-29,0
S,34983873,kdn,134,0,1507,1520,-128,-1080,-17024,48,27,-30,0
S,34993873,kdn,134,0,1507,1520,-248,-896,-17120,46,16,-22,0
S,35003872,kdn,134,0,1507,1520,-320,-936,-17128,36,12,-35,0
S,35013873,kdn,134,0,1507,1520,-192,-928,-17168,24,14,-30,0
S,35023873,kdn,134,0,1507,1520,-216,-1008,-17024,37,27,-30,0
S,35033873,kdn,134,0,1507,1520,-200,-1096,-17144,44,40,-32,0
S,35043873,kdn,134,0,1507,1520,-288,-936,-17048,48,36,-31,0
S,35053873,kdn,134,0,1507,1520,-360,-976,-17120,36,26,-28,0
S,35063873,kdn,134,0,1507,1520,-240,-912,-17056,31,16,-28,0
E,35063976,kdn,135,0,1506,1520,,,,,,,0
S,35064606,kdn,135,0,1506,1520,-264,-928,-17120,31,12,-28,0
S,35074597,kdn,135,0,1506,1520,-304,-1000,-17184,38,11,-30,0
S,35084596,kdn,135,0,1506,1520,-184,-1016,-17200,47,22,-32,0
S,35094596,kdn,135,0,1506,1520,-272,-984,-17008,49,27,-29,0
S,35104596,kdn,135,0,1506,1520,-176,-1080,-16952,34,32,-28,0
S,35114596,kdn,135,0,1506,1520,-280,-1088,-17144,25,23,-35,0
S,35124596,kdn,135,0,1506,1520,-272,-952,-17144,33,18,-26,0
S,35134596,kdn,135,0,1506,1520,-248,-888,-17112,42,26,-30,0
S,35144596,kdn,135,0,1506,1520,-232,-1096,-17168,41,21,-26,0
S,35154596,kdn,135,0,1506,1520,-264,-864,-17032,39,22,-30,0
S,35164596,kdn,135,0,1506,1520,-184,-968,-17016,32,19,-28,0
S,35174596,kdn,135,0,1506,1520,-184,-968,-17144,42,19,-30,0
S,35184596,kdn,135,0,1506,1520,-224,-1024,-17160,40,27,-28,0
S,35194596,kdn,135,0,1506,1520,-168,-1016,-17144,47,28,-29,0
S,35204596,kdn,135,0,1506,1520,-184,-1024,-17032,40,21,-30,0
S,35214597,kdn,135,0,1506,1520,-232,-976,-17152,34,20,-34,0
S,35224596,kdn,135,0,1506,1520,-232,-1032,-17080,34,18,-27,0
S,35234596,kdn,135,0,1506,1520,-312,-1032,-17088,44,24,-30,0
S,35244596,kdn,135,0,1506,1520,-312,-976,-17144,41,22,-32,0
S,35254596,kdn,135,0,1506,1520,-280,-856,-17056,34,24,-27,0
S,35264597,kdn,135,0,1506,1520,-264,-1056,-17088,32,25,-33,0
S,35274596,kdn,135,0,1506,1520,-280,-944,-17128,34,22,-26,0
S,35284596,kdn,135,0,1506,1520,-160,-1088,-17072,43,24,-34,0
S,35294596,kdn,135,0,1506,1520,-176,-896,-17192,39,22,-30,0
S,35304596,kdn,135,0,1506,1520,-280,-1072,-17096,40,16,-26,0
S,35314596,kdn,135,0,1506,1520,-168,-992,-17096,35,19,-33,0
E,35314699,kdn,136,0,1505,1520,,,,,,,0
S,35315329,kdn,136,0,1505,1520,-120,-944,-17096,35,19,-33,0
S,35325320,kdn,136,0,1505,1520,-256,-960,-17136,36,24,-29,0
S,35335320,kdn,136,0,1505,1520,-216,-896,-17152,43,26,-27,0
S,35345319,kdn,136,0,1505,1520,-368,-976,-17120,41,26,-32,0
S,35355319,kdn,136,0,1505,1520,-344,-960,-17080,33,26,-27,0
S,35365319,kdn,136,0,1505,1520,-200,-968,-16952,35,19,-33,0
S,35375319,kdn,136,0,1505,1520,-248,-960,-17080,40,24,-31,0
S,35385319,kdn,136,0,1505,1520,-176,-944,-17152,42,22,-30,0
S,35395319,kdn,136,0,1505,1520,-248,-976,-17128,36,25,-32,0
S,35405319,kdn,136,0,1505,1520,-160,-912,-17072,37,20,-31,0
S,35415319,kdn,136,0,1505,1520,-232,-832,-17104,34,24,-30,0
S,35425319,kdn,136,0,1505,1520,-328,-1224,-17216,35,25,-27,0
S,35435319,kdn,136,0,1505,1520,-200,-968,-17128,39,24,-31,0
S,35445319,kdn,136,0,1505,1520,-216,-944,-17152,36,24,-27,0
S,35455319,kdn,136,0,1505,1520,-224,-952,-16976,32,19,-32,0
S,35465319,kdn,136,0,1505,1520,-112,-896,-17072,32,20,-29,0
S,35475319,kdn,136,0,1505,1520,-328,-1008,-17240,40,28,-23,0
S,35485319,kdn,136,0,1505,1520,-152,-992,-16968,39,22,-29,0
S,35495319,kdn,136,0,1505,1520,-304,-1056,-17008,44,22,-27,0
S,35505319,kdn,136,0,1505,1520,-272,-872,-17008,33,25,-33,0
S,35515319,kdn,136,0,1505,1520,-104,-960,-17056,42,26,-32,0
S,35525319,kdn,136,0,1505,1520,-344,-976,-17128,37,24,-33,0
S,35535319,kdn,136,0,1505,1520,-248,-920,-17120,38,23,-31,0
S,35545319,kdn,136,0,1505,1520,-232,-1000,-17064,34,23,-36,0
S,35555319,kdn,136,0,1505,1520,-296,-1024,-17136,34,19,-26,0
S,35565319,kdn,136,0,1505,1520,-272,-904,-17096,40,22,-26,0
E,35565427,kdn,137,0,1504,1520,,,,,,,0
S,35566057,kdn,137,0,1504,1520,-192,-1040,-17016,37,21,-31,0
S,35576047,kdn,137,0,1504,1520,-144,-1088,-17064,40,23,-31,0
S,35586046,kdn,137,0,1504,1520,-152,-776,-17192,37,28,-28,0
S,35596046,kdn,137,0,1504,1520,-56,-1208,-17168,44,50,-25,0
S,35606046,kdn,137,0,1504,1520,-320,-832,-17112,35,70,-18,0
S,35616046,kdn,137,0,1504,1520,-256,-992,-17192,31,84,-37,0
S,35626046,kdn,137,0,1504,1520,-112,-1040,-17128,21,66,-25,0
S,35636046,kdn,137,0,1504,1520,-1376,-1584,-16256,16,63,-50,0
S,35646046,kdn,137,0,1504,1520,-512,-208,-17592,44,45,-31,0
S,35656046,kdn,137,0,1504,1520,-344,-1368,-17536,56,41,-31,0
S,35666046,kdn,137,0,1504,1520,-200,-896,-17424,44,21,-30,0
S,35676046,kdn,137,0,1504,1520,-208,-1128,-17224,29,10,-25,0
S,35686046,kdn,137,0,1504,1520,-128,-928,-17008,27,8,-25,0
S,35696046,kdn,137,0,1504,1520,-144,-1056,-16992,48,22,-28,0
S,35706046,kdn,137,0,1504,1520,-224,-1000,-17064,53,32,-36,0
S,35716046,kdn,137,0,1504,1520,-272,-984,-17208,39,34,-28,0
S,35726046,kdn,137,0,1504,1520,-64,-872,-17048,21,20,-31,0
S,35736046,kdn,137,0,1504,1520,-176,-968,-17216,29,17,-26,0
S,35746046,kdn,137,0,1504,1520,-64,-1056,-17088,39,16,-31,0
S,35756046,kdn,137,0,1504,1520,-208,-1040,-17096,51,24,-32,0
S,35766046,kdn,137,0,1504,1520,-328,-1008,-17096,44,17,-24,0
S,35776046,kdn,137,0,1504,1520,-216,-904,-17064,33,20,-31,0
S,35786046,kdn,137,0,1504,1520,-128,-1112,-17208,30,24,-32,0
S,35796046,kdn,137,0,1504,1520,-144,-848,-17040,43,26,-32,0
S,35806046,kdn,137,0,1504,1520,-56,-936,-16992,46,25,-28,0
S,35816046,kdn,137,0,1504,1520,-248,-984,-17152,39,25,-28,0
E,35816149,kdn,138,0,1503,1520,,,,,,,0
S,35816787,kdn,138,0,1503,1520,-280,-920,-17104,39,25,-28,0
S,35826773,kdn,138,0,1503,1520,-144,-1048,-17160,34,11,-32,0
S,35836772,kdn,138,0,1503,1520,-24,-1120,-17072,32,20,-24,0
S,35846772,kdn,138,0,1503,1520,-160,-984,-17216,41,31,-31,0
S,35856772,kdn,138,0,1503,1520,-208,-904,-17104,46,34,-27,0
S,35866772,kdn,138,0,1503,1520,-104,-872,-17056,39,25,-31,0
S,35876772,kdn,138,0,1503,1520,-88,-1088,-17064,31,23,-27,0
S,35886772,kdn,138,0,1503,1520,-216,-968,-17176,33,15,-30,0
S,35896772,kdn,138,0,1503,1520,-56,-920,-17176,43,12,-29,0
S,35906772,kdn,138,0,1503,1520,-144,-944,-17056,37,25,-28,0
S,35916772,kdn,138,0,1503,1520,-152,-984,-17048,41,24,-27,0
S,35926772,kdn,138,0,1503,1520,-168,-912,-17016,29,22,-30,0
S,35936772,kdn,138,0,1503,1520,-152,-992,-17168,30,25,-31,0
S,35946772,kdn,138,0,1503,1520,-96,-968,-17088,44,28,-27,0
S,35956772,kdn,138,0,1503,1520,-128,-1024,-17056,43,26,-25,0
S,35966772,kdn,138,0,1503,1520,0,-912,-17008,40,17,-29,0
S,35976772,kdn,138,0,1503,1520,-264,-928,-17072,28,21,-32,0
S,35986772,kdn,138,0,1503,1520,-88,-968,-17176,32,19,-26,0
S,35996772,kdn,138,0,1503,1520,-216,-912,-17208,39,23,-31,0
S,36006772,kdn,138,0,1503,1520,-160,-1016,-17088,41,25,-33,0
S,36016772,kdn,138,0,1503,1520,-240,-896,-17152,39,22,-29,0
S,36026772,kdn,138,0,1503,1520,-176,-1072,-17072,34,18,-28,0
S,36036772,kdn,138,0,1503,1520,-192,-984,-17120,34,24,-29,0
S,36046772,kdn,138,0,1503,1520,-240,-1024,-17080,40,31,-30,0
S,36056772,kdn,138,0,1503,1520,-152,-984,-17032,46,21,-30,0
S,36066772,kdn,138,0,1503,1520,-160,-936,-17016,39,24,-31,0
E,36066875,kdn,139,0,1502,1520,,,,,,,0
S,36067506,kdn,139,0,1502,1520,-240,-1072,-17136,33,22,-28,0
S,36077497,kdn,139,0,1502,1520,-192,-1072,-17064,31,23,-28,0
S,36087495,kdn,139,0,1502,1520,-136,-1040,-17032,36,22,-35,0
S,36097495,kdn,139,0,1502,1520,-160,-976,-17056,35,26,-29,0
S,36107495,kdn,139,0,1502,1520,-136,-968,-17168,43,27,-28,0
S,36117495,kdn,139,0,1502,1520,-224,-904,-16992,35,18,-24,0
S,36127496,kdn,139,0,1502,1520,-280,-1008,-17088,38,20,-26,0
S,36137495,kdn,139,0,1502,1520,-144,-1048,-17008,30,26,-29,0
S,36147496,kdn,139,0,1502,1520,-240,-1024,-17152,38,33,-24,0
S,36157495,kdn,139,0,1502,1520,-256,-1048,-17056,38,27,-25,0
S,36167495,kdn,139,0,1502,1520,-224,-1072,-17032,35,18,-28,0
S,36177495,kdn,139,0,1502,1520,-256,-920,-17144,33,21,-26,0
S,36187496,kdn,139,0,1502,1520,-128,-968,-17112,38,19,-24,0
S,36197495,kdn,139,0,1502,1520,-128,-1000,-17024,45,24,-26,0
S,36207496,kdn,139,0,1502,1520,-64,-1048,-17136,40,21,-31,0
S,36217495,kdn,139,0,1502,1520,-224,-960,-17104,34,21,-32,0
S,36227496,kdn,139,0,1502,1520,-272,-952,-17104,33,18,-25,0
S,36237495,kdn,139,0,1502,1520,-280,-1104,-17200,34,21,-21,0
S,36247495,kdn,139,0,1502,1520,-168,-896,-17096,36,25,-29,0
S,36257496,kdn,139,0,1502,1520,-120,-960,-17088,35,23,-30,0
S,36267495,kdn,139,0,1502,1520,-344,-1016,-17064,38,27,-34,0
S,36277495,kdn,139,0,1502,1520,-192,-968,-17096,37,24,-31,0
S,36287495,kdn,139,0,1502,1520,-128,-1048,-17184,39,25,-27,0
S,36297495,kdn,139,0,1502,1520,-312,-1016,-17208,44,25,-28,0
S,36307495,kdn,139,0,1502,1520,-136,-1000,-17208,42,20,-33,0
S,36317495,kdn,139,0,1502,1520,-176,-936,-17096,38,23,-31,0
E,36317599,kdn,140,0,1501,1520,,,,,,,0
S,36318231,kdn,140,0,1501,1520,-176,-936,-17096,37,23,-27,0
S,36328221,kdn,140,0,1501,1520,128,-1040,-17144,35,26,-22,0
S,36338219,kdn,140,0,1501,1520,104,-984,-17264,41,37,-27,0
S,36348219,kdn,140,0,1501,1520,-272,-1144,-17040,49,65,-26,0
S,36358219,kdn,140,0,1501,1520,-392,-1312,-17200,48,91,-43,0
S,36368219,kdn,140,0,1501,1520,-120,-960,-17056,29,91,-30,0
S,36378219,kdn,140,0,1501,1520,-224,-1008,-17096,13,64,-32,0
S,36388219,kdn,140,0,1501,1520,128,-1096,-15896,29,71,-36,0
S,36398219,kdn,140,0,1501,1520,-56,-1000,-16672,48,62,-20,0
S,36408219,kdn,140,0,1501,1520,-88,-1040,-17272,52,31,-30,0
S,36418219,kdn,140,0,1501,1520,-584,-864,-17144,38,1,-28,0
S,36428219,kdn,140,0,1501,1520,-288,-1096,-17272,31,-9,-19,0
S,36438219,kdn,140,0,1501,1520,-152,-992,-17136,42,8,-28,0
S,36448219,kdn,140,0,1501,1520,-56,-976,-17032,56,32,-29,0
S,36458219,kdn,140,0,1501,1520,-104,-984,-17048,51,40,-26,0
S,36468219,kdn,140,0,1501,1520,-192,-984,-17096,25,35,-30,0
S,36478219,kdn,140,0,1501,1520,-216,-1000,-17208,13,22,-28,0
S,36488219,kdn,140,0,1501,1520,-144,-1112,-17080,33,18,-32,0
S,36498219,kdn,140,0,1501,1520,-176,-976,-17064,48,14,-28,0
S,36508219,kdn,140,0,1501,1520,-288,-848,-17160,51,17,-33,0
S,36518219,kdn,140,0,1501,1520,-224,-1080,-17080,35,23,-27,0
S,36528219,kdn,140,0,1501,1520,-224,-1056,-17208,23,30,-30,0
S,36538219,kdn,140,0,1501,1520,-152,-1016,-17120,28,32,-28,0
S,36548219,kdn,140,0,1501,1520,-104,-1008,-17040,45,34,-28,0
S,36558219,kdn,140,0,1501,1520,-240,-896,-17120,47,24,-26,0
S,36568219,kdn,140,0,1501,1520,-184,-944,-17192,41,16,-26,0
E,36568322,kdn,141,0,1500,1520,,,,,,,0
S,36568957,kdn,141,0,1500,1520,-272,-1048,-17064,40,14,-34,0
S,36578947,kdn,141,0,1500,1520,24,-1032,-17120,35,9,-24,0
S,36588946,kdn,141,0,1500,1520,-304,-1080,-17200,34,22,-26,0
S,36598946,kdn,141,0,1500,1520,-368,-1040,-17376,39,30,-35,0
S,36608947,kdn,141,0,1500,1520,-136,-968,-17176,42,31,-27,0
S,36618947,kdn,141,0,1500,1520,56,-984,-16912,34,23,-31,0
S,36628946,kdn,141,0,1500,1520,-72,-928,-17120,26,15,-29,0
S,36638946,kdn,141,0,1500,1520,-120,-1040,-17224,33,17,-27,0
S,36648946,kdn,141,0,1500,1520,-192,-1104,-17048,47,21,-31,0
S,36658946,kdn,141,0,1500,1520,-112,-864,-17120,42,17,-32,0
S,36668946,kdn,141,0,1500,1520,-168,-920,-16952,35,27,-28,0
S,36678947,kdn,141,0,1500,1520,-56,-960,-17016,30,24,-29,0
S,36688946,kdn,141,0,1500,1520,-296,-992,-17216,30,27,-28,0
S,36698947,kdn,141,0,1500,1520,-184,-1032,-17200,39,25,-30,0
S,36708946,kdn,141,0,1500,1520,-136,-1008,-17104,47,28,-31,0
S,36718946,kdn,141,0,1500,1520,24,-1072,-16992,42,17,-30,0
S,36728947,kdn,141,0,1500,1520,-144,-984,-17088,31,19,-32,0
S,36738946,kdn,141,0,1500,1520,-216,-1000,-17128,37,19,-27,0
S,36748946,kdn,141,0,1500,1520,-176,-1024,-16992,42,27,-30,0
S,36758946,kdn,141,0,1500,1520,-144,-1032,-17160,38,27,-39,0
S,36768946,kdn,141,0,1500,1520,-256,-1120,-17104,35,25,-23,0
S,36778946,kdn,141,0,1500,1520,-168,-1048,-17184,34,18,-30,0
S,36788946,kdn,141,0,1500,1520,-128,-992,-17208,37,24,-25,0
S,36798946,kdn,141,0,1500,1520,-56,-1096,-17136,45,25,-25,0
S,36808946,kdn,141,0,1500,1520,-96,-1000,-17208,44,23,-33,0
S,36818946,kdn,141,0,1500,1520,-192,-1040,-17144,37,24,-28,0
E,36819050,kdn,142,0,1499,1520,,,,,,,0
S,36819681,kdn,142,0,1499,1520,-192,-1040,-17144,37,24,-24,0
S,36829672,kdn,142,0,1499,1520,-200,-1056,-17144,28,22,-28,0
S,36839670,kdn,142,0,1499,1520,-80,-1080,-16936,36,22,-28,0
S,36849670,kdn,142,0,1499,1520,-120,-992,-17000,40,19,-28,0
S,36859670,kdn,142,0,1499,1520,-248,-1040,-17200,44,28,-28,0
S,36869670,kdn,142,0,1499,1520,-208,-952,-17128,40,19,-31,0
S,36879670,kdn,142,0,1499,1520,-136,-952,-16968,39,23,-28,0
S,36889670,kdn,142,0,1499,1520,-144,-1048,-17152,35,21,-29,0
S,36899670,kdn,142,0,1499,1520,-264,-1104,-17208,38,27,-27,0
S,36909670,kdn,142,0,1499,1520,-176,-992,-17160,40,22,-34,0
S,36919670,kdn,142,0,1499,1520,-168,-920,-17144,38,26,-27,0
S,36929671,kdn,142,0,1499,1520,-192,-952,-17224,34,21,-33,0
S,36939670,kdn,142,0,1499,1520,-72,-880,-17120,38,26,-31,0
S,36949670,kdn,142,0,1499,1520,-208,-872,-17128,32,25,-31,0
S,36959670,kdn,142,0,1499,1520,-120,-904,-17112,40,23,-24,0
S,36969670,kdn,142,0,1499,1520,-112,-824,-17104,40,20,-32,0
S,36979670,kdn,142,0,1499,1520,-128,-1072,-17200,35,24,-24,0
S,36989670,kdn,142,0,1499,1520,-112,-888,-17200,37,22,-26,0
S,36999670,kdn,142,0,1499,1520,-80,-1096,-17216,38,25,-28,0
S,37009670,kdn,142,0,1499,1520,-144,-1024,-17152,35,21,-24,0
S,37019670,kdn,142,0,1499,1520,-168,-1120,-17112,34,20,-32,0
S,37029670,kdn,142,0,1499,1520,-256,-944,-17080,38,18,-25,0
S,37039670,kdn,142,0,1499,1520,-128,-856,-17136,36,22,-27,0
S,37049670,kdn,142,0,1499,1520,-240,-1016,-17104,39,22,-26,0
S,37059670,kdn,142,0,1499,1520,-168,-864,-17208,36,22,-28,0
S,37069670,kdn,142,0,1499,1520,-176,-1144,-17152,31,20,-29,0
E,37069774,kdn,143,0,1498,1520,,,,,,,0
S,37070409,kdn,143,0,1498,1520,-136,-928,-17040,32,26,-25,0
S,37080398,kdn,143,0,1498,1520,-432,-984,-17248,37,24,-30,0
S,37090396,kdn,143,0,1498,1520,1432,-104,-16888,42,19,-34,0
S,37100396,kdn,143,0,1498,1520,8,-136,-17240,36,37,-33,0
S,37110396,kdn,143,0,1498,1520,16,-1248,-17160,51,78,-28,0
S,37120396,kdn,143,0,1498,1520,-352,-840,-17080,43,130,-28,0
S,37130396,kdn,143,0,1498,1520,4432,-40,-16664,55,166,-48,0
S,37140397,kdn,143,0,1498,1520,680,-672,-16232,16,135,-37,0
S,37150396,kdn,143,0,1498,1520,200,-744,-16880,7,111,-30,0
S,37160396,kdn,143,0,1498,1520,-56,-920,-17016,33,52,-38,0
S,37170397,kdn,143,0,1498,1520,-128,-1184,-17288,48,5,-30,0
S,37180396,kdn,143,0,1498,1520,-208,-952,-17096,57,-24,-30,0
S,37190396,kdn,143,0,1498,1520,-40,-1024,-17088,45,-22,-30,0
S,37200396,kdn,143,0,1498,1520,-40,-872,-16896,33,9,-25,0
S,37210396,kdn,143,0,1498,1520,8,-904,-17112,32,41,-26,0
S,37220396,kdn,143,0,1498,1520,104,-960,-17120,28,62,-33,0
S,37230397,kdn,143,0,1498,1520,-128,-888,-17152,28,50,-31,0
S,37240397,kdn,143,0,1498,1520,0,-864,-17184,35,19,-28,0
S,37250396,kdn,143,0,1498,1520,-72,-984,-17176,42,5,-26,0
S,37260396,kdn,143,0,1498,1520,-16,-1016,-17128,50,-6,-34,0
S,37270397,kdn,143,0,1498,1520,-96,-1040,-17080,47,4,-25,0
S,37280396,kdn,143,0,1498,1520,-32,-1056,-17080,36,24,-32,0
S,37290397,kdn,143,0,1498,1520,-56,-936,-17168,30,36,-32,0
S,37300397,kdn,143,0,1498,1520,16,-944,-17136,30,43,-23,0
S,37310396,kdn,143,0,1498,1520,-16,-1112,-17120,36,27,-28,0
S,37320396,kdn,143,0,1498,1520,-112,-920,-17120,45,21,-32,0
E,37320499,kdn,144,0,1497,1520,,,,,,,0
S,37321130,kdn,144,0,1497,1520,-112,-920,-17120,46,17,-26,0
S,37331121,kdn,144,0,1497,1520,-16,-960,-17072,44,10,-24,0
S,37341119,kdn,144,0,1497,1520,-104,-1016,-17176,41,10,-29,0
S,37351119,kdn,144,0,1497,1520,-56,-1024,-17048,38,24,-34,0
S,37361119,kdn,144,0,1497,1520,-96,-1032,-17096,33,30,-28,0
S,37371119,kdn,144,0,1497,1520,-112,-1008,-17040,35,38,-32,0
S,37381119,kdn,144,0,1497,1520,-120,-976,-16992,37,29,-30,0
S,37391119,kdn,144,0,1497,1520,-48,-992,-17136,36,15,-30,0
S,37401119,kdn,144,0,1497,1520,-88,-816,-17112,35,7,-27,0
S,37411119,kdn,144,0,1497,1520,-8,-976,-17232,44,14,-29,0
S,37421119,kdn,144,0,1497,1520,-112,-936,-17072,39,17,-30,0
S,37431119,kdn,144,0,1497,1520,-16,-960,-17112,35,22,-31,0
S,37441119,kdn,144,0,1497,1520,-64,-968,-17144,37,30,-27,0
S,37451119,kdn,144,0,1497,1520,-104,-1040,-17112,28,27,-28,0
S,37461119,kdn,144,0,1497,1520,-32,-968,-17112,35,20,-26,0
S,37471119,kdn,144,0,1497,1520,0,-992,-17144,41,22,-31,0
S,37481119,kdn,144,0,1497,1520,-72,-1008,-17080,36,18,-27,0
S,37491119,kdn,144,0,1497,1520,-8,-1000,-17024,43,21,-27,0
S,37501119,kdn,144,0,1497,1520,-168,-984,-17064,31,23,-28,0
S,37511119,kdn,144,0,1497,1520,-176,-928,-17056,40,26,-30,0
S,37521119,kdn,144,0,1497,1520,-112,-1104,-17120,36,27,-29,0
S,37531119,kdn,144,0,1497,1520,-40,-992,-17096,38,32,-31,0
S,37541119,kdn,144,0,1497,1520,-224,-1000,-17120,39,24,-28,0
S,37551119,kdn,144,0,1497,1520,-144,-1000,-17312,35,17,-31,0
S,37561119,kdn,144,0,1497,1520,-56,-976,-17040,41,17,-32,0
S,37571119,kdn,144,0,1497,1520,96,-912,-17120,38,19,-26,0
E,37571222,kdn,145,0,1496,1520,,,,,,,0
S,37571852,kdn,145,0,1496,1520,-24,-1056,-17080,39,22,-28,0
S,37581843,kdn,145,0,1496,1520,-120,-920,-17192,36,30,-30,0
S,37591841,kdn,145,0,1496,1520,-208,-888,-17176,30,25,-32,0
S,37601841,kdn,145,0,1496,1520,-48,-952,-17096,38,32,-30,0
S,37611841,kdn,145,0,1496,1520,-56,-872,-17152,43,23,-27,0
S,37621841,kdn,145,0,1496,1520,-40,-1088,-16984,42,15,-25,0
S,37631841,kdn,145,0,1496,1520,0,-1072,-17112,35,19,-26,0
S,37641841,kdn,145,0,1496,1520,-96,-1024,-17048,39,24,-34,0
S,37651841,kdn,145,0,1496,1520,-16,-912,-17096,35,23,-20,0
S,37661841,kdn,145,0,1496,1520,-168,-880,-17168,42,27,-33,0
S,37671841,kdn,145,0,1496,1520,-80,-848,-17008,36,24,-33,0
S,37681841,kdn,145,0,1496,1520,8,-1064,-17040,32,27,-30,0
S,37691841,kdn,145,0,1496,1520,-200,-936,-17144,40,23,-27,0
S,37701841,kdn,145,0,1496,1520,-80,-920,-17176,32,23,-28,0
S,37711841,kdn,145,0,1496,1520,-96,-1000,-17080,38,19,-30,0
S,37721841,kdn,145,0,1496,1520,-152,-1000,-17152,37,26,-28,0
S,37731841,kdn,145,0,1496,1520,-80,-1064,-17080,33,21,-28,0
S,37741841,kdn,145,0,1496,1520,56,-976,-17112,36,23,-24,0
S,37751841,kdn,145,0,1496,1520,-48,-1096,-17064,37,27,-28,0
S,37761841,kdn,145,0,1496,1520,16,-880,-16992,39,20,-30,0
S,37771841,kdn,145,0,1496,1520,-8,-912,-17120,35,28,-30,0
S,37781841,kdn,145,0,1496,1520,-104,-1104,-17176,37,28,-25,0
S,37791841,kdn,145,0,1496,1520,-104,-1008,-17088,36,19,-28,0
S,37801842,kdn,145,0,1496,1520,48,-984,-17112,37,19,-33,0
S,37811841,kdn,145,0,1496,1520,-40,-920,-16976,36,23,-26,0
S,37821841,kdn,145,0,1496,1520,-8,-896,-17240,38,24,-26,0
E,37821942,kdn,146,0,1495,1520,,,,,,,0
S,37822572,kdn,146,0,1495,1520,-192,-848,-17272,38,29,-28,0
S,37832562,kdn,146,0,1495,1520,-560,-944,-17080,34,25,-27,0
S,37842561,kdn,146,0,1495,1520,-800,-1128,-16720,38,0,-42,0
S,37852562,kdn,146,0,1495,1520,360,-1288,-17064,23,4,-24,0
S,37862561,kdn,146,0,1495,1520,-16,-920,-17192,44,35,-24,0
S,37872561,kdn,146,0,1495,1520,-200,-1152,-17064,68,73,-32,0
S,37882561,kdn,146,0,1495,1520,-64,-848,-16984,45,82,-34,0
S,37892561,kdn,146,0,1495,1520,-144,-968,-17120,15,64,-30,0
S,37902561,kdn,146,0,1495,1520,-88,-1000,-17144,4,22,-24,0
S,37912561,kdn,146,0,1495,1520,-112,-1024,-17096,29,7,-25,0
S,37922561,kdn,146,0,1495,1520,-112,-1024,-17216,67,2,-31,0
S,37932562,kdn,146,0,1495,1520,-112,-976,-17064,70,6,-32,0
S,37942561,kdn,146,0,1495,1520,-64,-936,-17032,38,19,-35,0
S,37952561,kdn,146,0,1495,1520,-16,-1152,-17024,11,30,-27,0
S,37962561,kdn,146,0,1495,1520,-136,-1032,-17064,17,34,-34,0
S,37972561,kdn,146,0,1495,1520,-56,-928,-17096,40,39,-29,0
S,37982561,kdn,146,0,1495,1520,-56,-872,-17080,55,24,-31,0
S,37992561,kdn,146,0,1495,1520,-32,-992,-17120,47,9,-32,0
S,38002561,kdn,146,0,1495,1520,-8,-976,-17088,30,2,-30,0
S,38012561,kdn,146,0,1495,1520,-24,-952,-17256,32,12,-31,0
S,38022561,kdn,146,0,1495,1520,-152,-1152,-17128,42,34,-28,0
S,38032561,kdn,146,0,1495,1520,64,-1000,-17088,48,40,-28,0
S,38042561,kdn,146,0,1495,1520,16,-992,-17168,41,31,-32,0
S,38052561,kdn,146,0,1495,1520,-24,-904,-17056,27,19,-21,0
S,38062561,kdn,146,0,1495,1520,-24,-904,-17168,36,14,-27,0
S,38072561,kdn,146,0,1495,1520,88,-936,-17168,46,12,-31,0
E,38072663,kdn,147,0,1494,1520,,,,,,,0
S,38073293,kdn,147,0,1494,1520,-24,-968,-17176,41,15,-31,0
S,38083284,kdn,147,0,1494,1520,-88,-904,-17136,53,18,-30,0
S,38093283,kdn,147,0,1494,1520,-64,-1048,-17152,38,27,-25,0
S,38103283,kdn,147,0,1494,1520,48,-1064,-17104,25,24,-28,0
S,38113283,kdn,147,0,1494,1520,-40,-1008,-17224,30,28,-34,0
S,38123283,kdn,147,0,1494,1520,-64,-984,-17112,39,27,-31,0
S,38133283,kdn,147,0,1494,1520,-120,-1096,-17008,43,24,-24,0
S,38143283,kdn,147,0,1494,1520,56,-960,-16984,49,21,-28,0
S,38153283,kdn,147,0,1494,1520,-80,-1048,-17088,36,11,-22,0
S,38163283,kdn,147,0,1494,1520,0,-960,-17128,32,22,-30,0
S,38173283,kdn,147,0,1494,1520,8,-992,-17176,45,30,-27,0
S,38183283,kdn,147,0,1494,1520,-16,-976,-17152,40,26,-27,0
S,38193283,kdn,147,0,1494,1520,-96,-944,-17152,37,21,-33,0
S,38203283,kdn,147,0,1494,1520,-56,-976,-17168,28,20,-26,0
S,38213283,kdn,147,0,1494,1520,0,-1064,-17152,32,13,-31,0
S,38223284,kdn,147,0,1494,1520,0,-1120,-17040,41,20,-23,0
S,38233283,kdn,147,0,1494,1520,-64,-896,-17224,41,20,-31,0
S,38243283,kdn,147,0,1494,1520,8,-1040,-17096,39,24,-27,0
S,38253283,kdn,147,0,1494,1520,-24,-904,-17232,26,23,-27,0
S,38263284,kdn,147,0,1494,1520,-24,-992,-17112,28,28,-25,0
S,38273283,kdn,147,0,1494,1520,-112,-944,-17112,40,22,-35,0
S,38283283,kdn,147,0,1494,1520,-40,-1064,-17048,42,23,-27,0
S,38293283,kdn,147,0,1494,1520,0,-992,-17112,44,20,-27,0
S,38303283,kdn,147,0,1494,1520,0,-1032,-17040,35,23,-27,0
S,38313283,kdn,147,0,1494,1520,16,-1048,-17088,35,23,-24,0
S,38323283,kdn,147,0,1494,1520,24,-928,-17152,37,20,-26,0
E,38323390,kdn,148,0,1493,1520,,,,,,,0
S,38324020,kdn,148,0,1493,1520,0,-920,-17000,40,24,-27,0
S,38334011,kdn,148,0,1493,1520,24,-984,-17088,40,32,-37,0
S,38344009,kdn,148,0,1493,1520,32,-872,-17032,32,23,-29,0
S,38354010,kdn,148,0,1493,1520,-72,-984,-17056,33,21,-27,0
S,38364009,kdn,148,0,1493,1520,-104,-968,-17248,34,19,-33,0
S,38374009,kdn,148,0,1493,1520,-64,-968,-17224,40,21,-24,0
S,38384009,kdn,148,0,1493,1520,40,-1048,-16952,35,25,-33,0
S,38394009,kdn,148,0,1493,1520,-152,-1080,-17032,35,25,-28,0
S,38404010,kdn,148,0,1493,1520,40,-928,-17064,37,26,-29,0
S,38414009,kdn,148,0,1493,1520,56,-872,-17160,33,24,-20,0
S,38424010,kdn,148,0,1493,1520,-112,-976,-17208,38,25,-35,0
S,38434009,kdn,148,0,1493,1520,16,-1056,-17168,44,21,-28,0
S,38444010,kdn,148,0,1493,1520,-72,-992,-17176,39,20,-26,0
S,38454009,kdn,148,0,1493,1520,-136,-920,-17128,37,24,-28,0
S,38464009,kdn,148,0,1493,1520,-64,-896,-17192,38,28,-24,0
S,38474009,kdn,148,0,1493,1520,-72,-960,-17080,38,27,-31,0
S,38484009,kdn,148,0,1493,1520,-16,-1016,-17096,40,23,-28,0
S,38494009,kdn,148,0,1493,1520,-32,-1000,-17056,35,23,-34,0
S,38504009,kdn,148,0,1493,1520,-96,-936,-17096,34,22,-27,0
S,38514009,kdn,148,0,1493,1520,-104,-976,-17120,36,20,-23,0
S,38524010,kdn,148,0,1493,1520,40,-952,-17112,40,22,-26,0
S,38534009,kdn,148,0,1493,1520,-168,-960,-16976,41,22,-31,0
S,38544009,kdn,148,0,1493,1520,-112,-944,-17184,40,26,-27,0
S,38554009,kdn,148,0,1493,1520,80,-1080,-17056,35,21,-32,0
S,38564009,kdn,148,0,1493,1520,-64,-992,-17224,36,28,-28,0
S,38574009,kdn,148,0,1493,1520,-56,-976,-17064,41,26,-36,0
E,38574111,kdn,149,0,1492,1520,,,,,,,0
S,38574742,kdn,149,0,1492,1520,-80,-984,-17072,41,26,-26,0
S,38584733,kdn,149,0,1492,1520,-1384,-1232,-17240,31,22,-28,0
S,38594732,kdn,149,0,1492,1520,-24,-368,-17368,28,20,-33,0
S,38604732,kdn,149,0,1492,1520,88,-744,-17168,33,35,-34,0
S,38614732,kdn,149,0,1492,1520,-120,-1144,-17048,51,65,-29,0
S,38624732,kdn,149,0,1492,1520,-72,-840,-17016,40,72,-26,0
S,38634732,kdn,149,0,1492,1520,-56,-936,-17160,21,53,-25,0
S,38644732,kdn,149,0,1492,1520,-184,-840,-17040,19,24,-32,0
S,38654732,kdn,149,0,1492,1520,16,-1208,-16992,30,3,-31,0
S,38664732,kdn,149,0,1492,1520,48,-912,-17096,60,3,-29,0
S,38674732,kdn,149,0,1492,1520,-104,-984,-17040,53,13,-28,0
S,38684732,kdn,149,0,1492,1520,64,-1048,-17176,36,23,-22,0
S,38694732,kdn,149,0,1492,1520,-104,-1008,-17016,18,35,-31,0
S,38704732,kdn,149,0,1492,1520,56,-1040,-17200,21,39,-27,0
S,38714732,kdn,149,0,1492,1520,-32,-944,-17136,43,34,-35,0
S,38724732,kdn,149,0,1492,1520,104,-1064,-17160,44,24,-34,0
S,38734732,kdn,149,0,1492,1520,120,-1064,-17008,39,11,-30,0
S,38744732,kdn,149,0,1492,1520,80,-1072,-16936,37,7,-30,0
S,38754732,kdn,149,0,1492,1520,16,-1112,-17200,30,23,-25,0
S,38764732,kdn,149,0,1492,1520,-136,-960,-17192,44,31,-30,0
S,38774732,kdn,149,0,1492,1520,-8,-992,-17264,44,35,-31,0
S,38784732,kdn,149,0,1492,1520,80,-1024,-17096,37,32,-32,0
S,38794732,kdn,149,0,1492,1520,-64,-1008,-17080,29,18,-28,0
S,38804732,kdn,149,0,1492,1520,-80,-944,-17248,37,13,-22,0
S,38814732,kdn,149,0,1492,1520,0,-1000,-17200,44,12,-31,0
S,38824732,kdn,149,0,1492,1520,8,-912,-16992,47,21,-26,0
E,38824833,kdn,150,0,1491,1520,,,,,,,0
S,38825465,kdn,150,0,1491,1520,104,-992,-17072,52,20,-30,0
S,38835456,kdn,150,0,1491,1520,-64,-936,-16936,32,25,-30,0
S,38845454,kdn,150,0,1491,1520,-136,-1000,-17008,37,35,-25,0
S,38855454,kdn,150,0,1491,1520,-64,-1024,-17112,34,31,-27,0
S,38865454,kdn,150,0,1491,1520,-144,-1056,-17184,38,30,-28,0
S,38875455,kdn,150,0,1491,1520,-16,-1040,-17096,35,20,-23,0
S,38885454,kdn,150,0,1491,1520,-104,-984,-17088,38,10,-23,0
S,38895454,kdn,150,0,1491,1520,-104,-1144,-17112,42,12,-28,0
S,38905454,kdn,150,0,1491,1520,-104,-1096,-17144,39,19,-31,0
S,38915455,kdn,150,0,1491,1520,96,-896,-17120,36,32,-32,0
S,38925455,kdn,150,0,1491,1520,-32,-832,-17136,29,39,-24,0
S,38935455,kdn,150,0,1491,1520,32,-968,-17040,36,26,-30,0
S,38945454,kdn,150,0,1491,1520,0,-936,-17176,37,21,-28,0
S,38955455,kdn,150,0,1491,1520,80,-1008,-17120,48,13,-29,0
S,38965454,kdn,150,0,1491,1520,0,-1088,-17104,36,13,-34,0
S,38975454,kdn,150,0,1491,1520,-80,-936,-17120,33,20,-29,0
S,38985454,kdn,150,0,1491,1520,-88,-1064,-17064,33,30,-27,0
S,38995454,kdn,150,0,1491,1520,-8,-1032,-17112,37,29,-27,0
S,39005454,kdn,150,0,1491,1520,24,-1144,-17136,41,28,-36,0
S,39015454,kdn,150,0,1491,1520,-192,-976,-17000,39,26,-31,0
S,39025454,kdn,150,0,1491,1520,-56,-848,-17064,35,18,-26,0
S,39035454,kdn,150,0,1491,1520,16,-992,-17040,33,20,-26,0
S,39045454,kdn,150,0,1491,1520,-32,-888,-17248,35,14,-26,0
S,39055454,kdn,150,0,1491,1520,-40,-976,-17088,44,24,-28,0
S,39065454,kdn,150,0,1491,1520,8,-1024,-17176,31,25,-34,0
S,39075454,kdn,150,0,1491,1520,64,-952,-17304,35,26,-27,0
E,39075556,kdn,151,0,1490,1520,,,,,,,0
S,39076187,kdn,151,0,1490,1520,-160,-1072,-17048,36,30,-31,0
S,39086178,kdn,151,0,1490,1520,0,-984,-17016,33,22,-30,0
S,39096176,kdn,151,0,1490,1520,48,-1072,-16976,41,22,-34,0
S,39106176,kdn,151,0,1490,1520,-16,-896,-17040,42,26,-27,0
S,39116176,kdn,151,0,1490,1520,-64,-1128,-17144,37,26,-24,0
S,39126176,kdn,151,0,1490,1520,-8,-1024,-17000,39,25,-25,0
S,39136176,kdn,151,0,1490,1520,-48,-784,-16992,36,22,-28,0
S,39146176,kdn,151,0,1490,1520,-72,-1048,-17128,40,21,-22,0
S,39156176,kdn,151,0,1490,1520,0,-1080,-17040,34,20,-24,0
S,39166176,kdn,151,0,1490,1520,8,-840,-17040,40,20,-28,0
S,39176176,kdn,151,0,1490,1520,-104,-920,-17240,36,21,-28,0
S,39186176,kdn,151,0,1490,1520,64,-912,-17184,37,17,-25,0
S,39196176,kdn,151,0,1490,1520,160,-960,-17096,37,19,-29,0
S,39206176,kdn,151,0,1490,1520,0,-960,-17064,39,20,-30,0
S,39216176,kdn,151,0,1490,1520,-120,-1048,-17136,39,28,-26,0
S,39226177,kdn,151,0,1490,1520,24,-904,-17160,35,23,-27,0
S,39236176,kdn,151,0,1490,1520,8,-936,-17104,33,22,-34,0
S,39246176,kdn,151,0,1490,1520,-16,-944,-17304,31,21,-30,0
S,39256176,kdn,151,0,1490,1520,-152,-984,-17096,40,25,-25,0
S,39266176,kdn,151,0,1490,1520,-112,-1008,-17240,38,24,-27,0
S,39276177,kdn,151,0,1490,1520,-96,-896,-17088,34,19,-28,0
S,39286176,kdn,151,0,1490,1520,8,-1088,-17016,31,25,-30,0
S,39296176,kdn,151,0,1490,1520,-56,-1032,-17064,34,29,-27,0
S,39306176,kdn,151,0,1490,1520,-64,-1016,-17240,30,24,-27,0
S,39316176,kdn,151,0,1490,1520,48,-1072,-17200,33,22,-30,0
S,39326177,kdn,151,0,1490,1520,8,-936,-16968,37,24,-25,0
E,39326277,kdn,152,0,1489,1520,,,,,,,0
S,39326912,kdn,152,0,1489,1520,200,-976,-17152,40,25,-25,0
S,39336903,kdn,152,0,1489,1520,-568,-1056,-17096,40,29,-30,0
S,39346901,kdn,152,0,1489,1520,-3136,-1432,-17256,34,25,-28,0
S,39356902,kdn,152,0,1489,1520,680,-240,-17464,33,1,-22,0
S,39366902,kdn,152,0,1489,1520,-328,-888,-17128,26,9,-30,0
S,39376902,kdn,152,0,1489,1520,464,-1264,-17112,51,58,-21,0
S,39386902,kdn,152,0,1489,1520,-248,-1088,-17088,74,119,-35,0
S,39396902,kdn,152,0,1489,1520,-56,-824,-17064,42,123,-31,0
S,39406902,kdn,152,0,1489,1520,-1216,136,-17632,-4,111,-48,0
S,39416901,kdn,152,0,1489,1520,-448,-624,-17304,4,87,-40,0
S,39426902,kdn,152,0,1489,1520,-80,-888,-16880,36,46,-33,0
S,39436902,kdn,152,0,1489,1520,104,-784,-16952,59,6,-28,0
S,39446901,kdn,152,0,1489,1520,248,-1040,-16960,52,-24,-26,0
S,39456902,kdn,152,0,1489,1520,136,-856,-17136,43,-18,-27,0
S,39466902,kdn,152,0,1489,1520,48,-1008,-17176,34,14,-24,0
S,39476902,kdn,152,0,1489,1520,40,-1168,-17112,33,41,-28,0
S,39486902,kdn,152,0,1489,1520,-48,-968,-17144,37,62,-28,0
S,39496902,kdn,152,0,1489,1520,64,-1008,-16984,36,49,-34,0
S,39506902,kdn,152,0,1489,1520,0,-1016,-16920,37,23,-30,0
S,39516902,kdn,152,0,1489,1520,112,-952,-16992,40,3,-28,0
S,39526902,kdn,152,0,1489,1520,48,-1048,-17104,40,3,-27,0
S,39536902,kdn,152,0,1489,1520,-80,-904,-17088,44,13,-29,0
S,39546902,kdn,152,0,1489,1520,72,-1056,-17264,44,28,-32,0
S,39556902,kdn,152,0,1489,1520,104,-864,-17064,30,34,-28,0
S,39566902,kdn,152,0,1489,1520,112,-1000,-17016,18,34,-36,0
S,39576901,kdn,152,0,1489,1520,-136,-1016,-17064,34,31,-34,0
E,39577005,kdn,153,0,1488,1520,,,,,,,0
S,39577637,kdn,153,0,1488,1520,8,-920,-17160,39,20,-22,0
S,39587627,kdn,153,0,1488,1520,32,-992,-17096,45,20,-26,0
S,39597626,kdn,153,0,1488,1520,48,-1024,-17112,47,8,-26,0
S,39607626,kdn,153,0,1488,1520,0,-992,-17160,33,16,-30,0
S,39617626,kdn,153,0,1488,1520,96,-984,-17160,36,22,-29,0
S,39627626,kdn,153,0,1488,1520,88,-960,-16968,32,32,-29,0
S,39637625,kdn,153,0,1488,1520,-8,-952,-17216,36,34,-31,0
S,39647626,kdn,153,0,1488,1520,24,-944,-17192,33,31,-31,0
S,39657626,kdn,153,0,1488,1520,56,-1176,-17176,36,17,-32,0
S,39667626,kdn,153,0,1488,1520,-96,-904,-17120,43,14,-30,0
S,39677625,kdn,153,0,1488,1520,-40,-992,-17112,40,15,-33,0
S,39687626,kdn,153,0,1488,1520,64,-1064,-17208,44,29,-29,0
S,39697626,kdn,153,0,1488,1520,0,-952,-17152,36,31,-29,0
S,39707626,kdn,153,0,1488,1520,-80,-1000,-17016,31,29,-29,0
S,39717626,kdn,153,0,1488,1520,120,-1024,-17112,28,24,-32,0
S,39727626,kdn,153,0,1488,1520,80,-856,-17072,41,19,-31,0
S,39737625,kdn,153,0,1488,1520,112,-896,-17008,36,15,-31,0
S,39747626,kdn,153,0,1488,1520,104,-952,-17072,43,15,-27,0
S,39757626,kdn,153,0,1488,1520,24,-1032,-17056,31,19,-28,0
S,39767626,kdn,153,0,1488,1520,24,-984,-16936,35,27,-29,0
S,39777626,kdn,153,0,1488,1520,40,-1000,-17080,31,30,-21,0
S,39787625,kdn,153,0,1488,1520,24,-1128,-16936,43,26,-27,0
S,39797626,kdn,153,0,1488,1520,0,-976,-17072,39,22,-30,0
S,39807626,kdn,153,0,1488,1520,72,-952,-17144,40,20,-25,0
S,39817626,kdn,153,0,1488,1520,16,-1008,-17072,32,23,-25,0
S,39827626,kdn,153,0,1488,1520,96,-1024,-17040,42,21,-23,0
E,39827728,kdn,154,0,1487,1520,,,,,,,0
S,39828358,kdn,154,0,1487,1520,-8,-1040,-17176,41,23,-27,0
S,39838349,kdn,154,0,1487,1520,-64,-992,-17080,32,23,-33,0
S,39848349,kdn,154,0,1487,1520,72,-952,-17032,36,26,-30,0
S,39858348,kdn,154,0,1487,1520,64,-1000,-17000,31,27,-30,0
S,39868349,kdn,154,0,1487,1520,56,-920,-17104,41,25,-29,0
S,39878348,kdn,154,0,1487,1520,8,-944,-17120,41,23,-27,0
S,39888348,kdn,154,0,1487,1520,48,-1000,-17112,45,22,-26,0
S,39898349,kdn,154,0,1487,1520,16,-976,-17088,41,25,-26,0
S,39908348,kdn,154,0,1487,1520,-24,-912,-17104,38,20,-26,0
S,39918348,kdn,154,0,1487,1520,0,-896,-17216,36,23,-24,0
S,39928349,kdn,154,0,1487,1520,24,-920,-17048,34,22,-29,0
S,39938349,kdn,154,0,1487,1520,-16,-960,-17128,36,23,-28,0
S,39948349,kdn,154,0,1487,1520,112,-1016,-17128,42,21,-27,0
S,39958348,kdn,154,0,1487,1520,80,-928,-17136,37,23,-28,0
S,39968349,kdn,154,0,1487,1520,48,-912,-17096,34,24,-22,0
S,39978348,kdn,154,0,1487,1520,-88,-928,-17136,35,23,-33,0
S,39988348,kdn,154,0,1487,1520,40,-1040,-17136,42,28,-28,0
S,39998349,kdn,154,0,1487,1520,-8,-984,-17160,38,22,-32,0
S,40008348,kdn,154,0,1487,1520,80,-872,-17088,39,21,-25,0
S,40018348,kdn,154,0,1487,1520,32,-1096,-17112,38,25,-27,0
S,40028348,kdn,154,0,1487,1520,-64,-992,-17160,42,25,-34,0
S,40038349,kdn,154,0,1487,1520,56,-848,-17184,42,19,-23,0
S,40048349,kdn,154,0,1487,1520,160,-992,-17080,35,24,-27,0
S,40058349,kdn,154,0,1487,1520,-16,-896,-17136,36,21,-32,0
S,40068348,kdn,154,0,1487,1520,16,-1000,-17048,37,27,-22,0
S,40078349,kdn,154,0,1487,1520,176,-856,-17024,39,23,-24,0
E,40078456,kdn,155,0,1486,1520,,,,,,,0
S,40079086,kdn,155,0,1486,1520,64,-944,-17048,39,23,-24,0
S,40089077,kdn,155,0,1486,1520,720,-888,-17008,40,26,-26,0
S,40099076,kdn,155,0,1486,1520,1248,-768,-16904,42,18,-27,0
S,40109076,kdn,155,0,1486,1520,368,-1832,-17240,21,36,-37,0
S,40119075,kdn,155,0,1486,1520,8,-680,-17264,61,77,-20,0
S,40129075,kdn,155,0,1486,1520,-232,-896,-16976,57,133,-31,0
S,40139075,kdn,155,0,1486,1520,-296,-336,-17928,34,164,-17,0
S,40149075,kdn,155,0,1486,1520,-648,-1096,-17584,3,124,-29,0
S,40159076,kdn,155,0,1486,1520,-152,-1120,-17360,4,70,-35,0
S,40169076,kdn,155,0,1486,1520,192,-1032,-17112,29,19,-28,0
S,40179075,kdn,155,0,1486,1520,216,-1168,-17112,63,-17,-27,0
S,40189075,kdn,155,0,1486,1520,24,-976,-16992,63,-27,-32,0
S,40199075,kdn,155,0,1486,1520,0,-1040,-17064,48,-10,-33,0
S,40209076,kdn,155,0,1486,1520,16,-1088,-17144,27,25,-31,0
S,40219076,kdn,155,0,1486,1520,80,-1136,-16944,20,54,-27,0
S,40229075,kdn,155,0,1486,1520,88,-968,-17088,27,60,-32,0
S,40239075,kdn,155,0,1486,1520,112,-952,-17112,39,46,-29,0
S,40249076,kdn,155,0,1486,1520,128,-1024,-17128,43,11,-29,0
S,40259075,kdn,155,0,1486,1520,96,-904,-17136,39,-7,-27,0
S,40269075,kdn,155,0,1486,1520,24,-1040,-17200,39,-8,-29,0
S,40279075,kdn,155,0,1486,1520,136,-1032,-17160,51,16,-30,0
S,40289076,kdn,155,0,1486,1520,40,-968,-16936,40,37,-31,0
S,40299075,kdn,155,0,1486,1520,112,-984,-17056,27,42,-25,0
S,40309076,kdn,155,0,1486,1520,24,-976,-17136,24,36,-27,0
S,40319075,kdn,155,0,1486,1520,80,-888,-17016,31,21,-28,0
S,40329075,kdn,155,0,1486,1520,192,-936,-17032,46,11,-31,0
E,40329178,kdn,156,0,1485,1520,,,,,,,0
S,40329812,kdn,156,0,1485,1520,128,-1144,-17088,47,12,-36,0
S,40339802,kdn,156,0,1485,1520,80,-1056,-17032,48,5,-27,0
S,40349801,kdn,156,0,1485,1520,112,-872,-17048,43,15,-26,0
S,40359801,kdn,156,0,1485,1520,192,-968,-17064,35,27,-31,0
S,40369801,kdn,156,0,1485,1520,32,-1048,-17096,24,36,-29,0
S,40379800,kdn,156,0,1485,1520,168,-872,-17040,37,29,-30,0
S,40389800,kdn,156,0,1485,1520,144,-1008,-17120,38,26,-23,0
S,40399800,kdn,156,0,1485,1520,200,-992,-17072,38,16,-28,0
S,40409800,kdn,156,0,1485,1520,104,-952,-17088,40,14,-33,0
S,40419800,kdn,156,0,1485,1520,16,-904,-16960,40,15,-22,0
S,40429801,kdn,156,0,1485,1520,64,-1008,-17096,36,24,-31,0
S,40439800,kdn,156,0,1485,1520,248,-952,-17056,38,30,-30,0
S,40449800,kdn,156,0,1485,1520,192,-1032,-17056,29,28,-32,0
S,40459800,kdn,156,0,1485,1520,80,-904,-17072,34,31,-31,0
S,40469800,kdn,156,0,1485,1520,128,-960,-17128,37,24,-30,0
S,40479801,kdn,156,0,1485,1520,120,-928,-17112,41,22,-33,0
S,40489800,kdn,156,0,1485,1520,56,-840,-17008,41,18,-32,0
S,40499801,kdn,156,0,1485,1520,96,-912,-17088,36,22,-29,0
S,40509800,kdn,156,0,1485,1520,88,-960,-17128,35,29,-26,0
S,40519800,kdn,156,0,1485,1520,232,-912,-17208,34,26,-39,0
S,40529801,kdn,156,0,1485,1520,248,-1016,-17080,33,25,-32,0
S,40539800,kdn,156,0,1485,1520,192,-960,-17128,37,23,-32,0
S,40549800,kdn,156,0,1485,1520,152,-928,-17192,35,21,-29,0
S,40559800,kdn,156,0,1485,1520,104,-1040,-16984,37,20,-25,0
S,40569800,kdn,156,0,1485,1520,88,-880,-17152,42,20,-27,0
S,40579801,kdn,156,0,1485,1520,128,-1048,-17072,39,22,-28,0
E,40579904,kdn,157,0,1484,1520,,,,,,,0
S,40580535,kdn,157,0,1484,1520,88,-976,-17232,39,22,-28,0
S,40590525,kdn,157,0,1484,1520,64,-1008,-17136,36,31,-27,0
S,40600524,kdn,157,0,1484,1520,176,-984,-17080,33,19,-33,0
S,40610524,kdn,157,0,1484,1520,120,-1008,-17144,36,20,-30,0
S,40620524,kdn,157,0,1484,1520,120,-1080,-17120,36,25,-32,0
S,40630524,kdn,157,0,1484,1520,96,-1000,-17096,39,15,-27,0
S,40640524,kdn,157,0,1484,1520,240,-1016,-17032,41,21,-28,0
S,40650524,kdn,157,0,1484,1520,16,-1064,-17032,33,23,-29,0
S,40660524,kdn,157,0,1484,1520,176,-1080,-17096,31,28,-27,0
S,40670524,kdn,157,0,1484,1520,48,-1016,-17032,38,26,-28,0
S,40680524,kdn,157,0,1484,1520,72,-776,-17192,43,21,-27,0
S,40690524,kdn,157,0,1484,1520,144,-968,-17040,38,24,-33,0
S,40700524,kdn,157,0,1484,1520,192,-944,-17016,35,24,-33,0
S,40710524,kdn,157,0,1484,1520,192,-984,-17224,35,21,-29,0
S,40720524,kdn,157,0,1484,1520,96,-1032,-17016,35,20,-26,0
S,40730524,kdn,157,0,1484,1520,120,-864,-16960,35,28,-32,0
S,40740524,kdn,157,0,1484,1520,40,-912,-17168,37,22,-31,0
S,40750524,kdn,157,0,1484,1520,120,-960,-17112,32,25,-33,0
S,40760524,kdn,157,0,1484,1520,160,-1032,-17104,41,22,-27,0
S,40770524,kdn,157,0,1484,1520,80,-864,-17096,38,27,-26,0
S,40780524,kdn,157,0,1484,1520,144,-1008,-17184,39,21,-29,0
S,40790524,kdn,157,0,1484,1520,160,-992,-17088,39,21,-27,0
S,40800524,kdn,157,0,1484,1520,72,-912,-17088,35,17,-31,0
S,40810524,kdn,157,0,1484,1520,144,-880,-17080,34,26,-30,0
S,40820524,kdn,157,0,1484,1520,192,-1120,-17120,34,24,-27,0
S,40830524,kdn,157,0,1484,1520,136,-992,-17144,30,24,-29,0
E,40830627,kdn,158,0,1483,1520,,,,,,,0
S,40831259,kdn,158,0,1483,1520,232,-1048,-17144,37,26,-24,0
S,40841253,kdn,158,0,1483,1520,-600,-1144,-17272,34,23,-25,0
S,40851250,kdn,158,0,1483,1520,-192,-1824,-17152,42,26,-25,0
S,40861253,kdn,158,0,1483,1520,384,-936,-17408,29,14,-22,0
S,40871250,kdn,158,0,1483,1520,88,-1256,-17256,37,22,-31,0
S,40881250,kdn,158,0,1483,1520,-464,-984,-17224,70,73,-19,0
S,40891253,kdn,158,0,1483,1520,344,-856,-17112,55,104,-28,0
S,40901250,kdn,158,0,1483,1520,96,-1056,-16960,31,93,-32,0
S,40911253,kdn,158,0,1483,1520,128,-848,-17136,-3,50,-28,0
S,40921250,kdn,158,0,1483,1520,64,-992,-17152,14,10,-24,0
S,40931250,kdn,158,0,1483,1520,208,-1072,-16880,55,-8,-28,0
S,40941253,kdn,158,0,1483,1520,144,-960,-17240,76,-3,-25,0
S,40951253,kdn,158,0,1483,1520,176,-920,-17176,61,11,-28,0
S,40961250,kdn,158,0,1483,1520,232,-928,-16976,19,23,-28,0
S,40971253,kdn,158,0,1483,1520,224,-1048,-17144,3,42,-28,0
S,40981250,kdn,158,0,1483,1520,176,-968,-17216,23,52,-27,0
S,40991253,kdn,158,0,1483,1520,144,-1056,-17112,46,42,-30,0
S,41001253,kdn,158,0,1483,1520,128,-976,-17056,53,22,-30,0
S,41011250,kdn,158,0,1483,1520,-40,-1000,-17096,42,3,-27,0
S,41021253,kdn,158,0,1483,1520,128,-1096,-17048,27,0,-28,0
S,41031253,kdn,158,0,1483,1520,136,-888,-17104,34,16,-29,0
S,41041253,kdn,158,0,1483,1520,176,-992,-17072,46,38,-30,0
S,41051250,kdn,158,0,1483,1520,152,-944,-17008,42,49,-35,0
S,41061250,kdn,158,0,1483,1520,232,-960,-17128,26,29,-33,0
S,41071253,kdn,158,0,1483,1520,256,-944,-17016,24,17,-26,0
S,41081253,kdn,158,0,1483,1520,160,-1048,-17136,37,11,-29,0
E,41081356,kdn,159,0,1482,1520,,,,,,,0
S,41081991,kdn,159,0,1482,1520,160,-1048,-17136,37,11,-29,0
S,41091982,kdn,159,0,1482,1520,232,-984,-17048,48,13,-27,0
S,41101980,kdn,159,0,1482,1520,96,-936,-17176,49,20,-31,0
S,41111980,kdn,159,0,1482,1520,160,-880,-17152,31,30,-27,0
S,41121980,kdn,159,0,1482,1520,168,-984,-17096,23,31,-30,0
S,41131980,kdn,159,0,1482,1520,184,-1048,-17088,28,32,-33,0
S,41141980,kdn,159,0,1482,1520,208,-960,-17096,47,27,-29,0
S,41151980,kdn,159,0,1482,1520,128,-896,-17080,44,19,-28,0
S,41161980,kdn,159,0,1482,1520,152,-1024,-17144,34,15,-25,0
S,41171980,kdn,159,0,1482,1520,248,-904,-17056,33,11,-30,0
S,41181981,kdn,159,0,1482,1520,184,-1104,-17264,37,19,-27,0
S,41191981,kdn,159,0,1482,1520,48,-1024,-17032,41,27,-30,0
S,41201980,kdn,159,0,1482,1520,144,-904,-17080,41,29,-31,0
S,41211980,kdn,159,0,1482,1520,64,-944,-17088,32,23,-30,0
S,41221980,kdn,159,0,1482,1520,104,-856,-17120,29,19,-25,0
S,41231981,kdn,159,0,1482,1520,128,-1008,-17136,38,16,-28,0
S,41241981,kdn,159,0,1482,1520,240,-1008,-17208,41,21,-35,0
S,41251980,kdn,159,0,1482,1520,144,-1032,-17144,48,20,-25,0
S,41261980,kdn,159,0,1482,1520,56,-928,-17176,30,25,-33,0
S,41271980,kdn,159,0,1482,1520,136,-1008,-17080,31,23,-30,0
S,41281980,kdn,159,0,1482,1520,112,-944,-17080,37,25,-26,0
S,41291980,kdn,159,0,1482,1520,136,-928,-17064,43,27,-25,0
S,41301980,kdn,159,0,1482,1520,184,-992,-17144,36,19,-30,0
S,41311980,kdn,159,0,1482,1520,64,-1104,-17032,34,19,-27,0
S,41321980,kdn,159,0,1482,1520,120,-832,-17072,37,21,-30,0
S,41331980,kdn,159,0,1482,1520,104,-944,-17048,31,20,-30,0
E,41332083,kdn,160,0,1481,1520,,,,,,,0
S,41332714,kdn,160,0,1481,1520,96,-960,-17104,36,25,-26,0
S,41342705,kdn,160,0,1481,1520,152,-1008,-17048,41,24,-28,0
S,41352703,kdn,160,0,1481,1520,32,-984,-17128,41,26,-30,0
S,41362704,kdn,160,0,1481,1520,72,-960,-17120,35,25,-27,0
S,41372704,kdn,160,0,1481,1520,-48,-1008,-17168,39,20,-30,0
S,41382703,kdn,160,0,1481,1520,152,-1088,-17136,38,21,-27,0
S,41392704,kdn,160,0,1481,1520,112,-904,-17112,40,25,-29,0
S,41402703,kdn,160,0,1481,1520,104,-976,-17192,45,20,-29,0
S,41412704,kdn,160,0,1481,1520,240,-1024,-17024,39,24,-30,0
S,41422704,kdn,160,0,1481,1520,192,-1008,-17064,36,28,-28,0
S,41432703,kdn,160,0,1481,1520,216,-952,-16944,41,24,-28,0
S,41442704,kdn,160,0,1481,1520,176,-888,-17112,41,23,-28,0
S,41452703,kdn,160,0,1481,1520,160,-872,-17008,37,25,-24,0
S,41462703,kdn,160,0,1481,1520,232,-1024,-17008,37,21,-31,0
S,41472704,kdn,160,0,1481,1520,216,-1000,-16960,34,21,-24,0
S,41482704,kdn,160,0,1481,1520,224,-976,-17080,39,22,-25,0
S,41492704,kdn,160,0,1481,1520,104,-976,-17104,38,28,-30,0
S,41502703,kdn,160,0,1481,1520,176,-920,-17136,38,20,-30,0
S,41512704,kdn,160,0,1481,1520,200,-1040,-17144,31,22,-30,0
S,41522704,kdn,160,0,1481,1520,168,-912,-17192,37,20,-26,0
S,41532703,kdn,160,0,1481,1520,216,-904,-17216,39,24,-34,0
S,41542703,kdn,160,0,1481,1520,152,-952,-17160,39,27,-26,0
S,41552703,kdn,160,0,1481,1520,96,-1128,-17000,37,24,-33,0
S,41562703,kdn,160,0,1481,1520,120,-1104,-17120,33,29,-26,0
S,41572704,kdn,160,0,1481,1520,104,-1032,-17008,34,21,-26,0
S,41582704,kdn,160,0,1481,1520,80,-920,-16968,34,26,-30,0
E,41582805,kdn,161,0,1480,1520,,,,,,,0
S,41583436,kdn,161,0,1480,1520,80,-920,-16968,33,26,-30,0
S,41593426,kdn,161,0,1480,1520,280,-912,-17168,38,27,-32,0
S,41603425,kdn,161,0,1480,1520,616,-320,-17016,40,24,-38,0
S,41613425,kdn,161,0,1480,1520,88,-1440,-16976,39,35,-32,0
S,41623425,kdn,161,0,1480,1520,160,-1008,-16896,36,49,-30,0
S,41633425,kdn,161,0,1480,1520,-136,-968,-17016,44,64,-26,0
S,41643425,kdn,161,0,1480,1520,-64,-1000,-17080,33,70,-29,0
S,41653425,kdn,161,0,1480,1520,216,-856,-16968,31,51,-31,0
S,41663425,kdn,161,0,1480,1520,232,-888,-17008,31,39,-27,0
S,41673425,kdn,161,0,1480,1520,120,-944,-17080,39,24,-26,0
S,41683425,kdn,161,0,1480,1520,48,-1024,-17032,47,12,-27,0
S,41693425,kdn,161,0,1480,1520,112,-960,-17168,45,6,-33,0
S,41703425,kdn,161,0,1480,1520,96,-1064,-17160,37,25,-29,0
S,41713425,kdn,161,0,1480,1520,168,-856,-17200,27,35,-35,0
S,41723425,kdn,161,0,1480,1520,88,-984,-17072,28,42,-27,0
S,41733425,kdn,161,0,1480,1520,200,-912,-17144,29,33,-28,0
S,41743425,kdn,161,0,1480,1520,96,-936,-17120,42,22,-29,0
S,41753425,kdn,161,0,1480,1520,136,-960,-17136,40,17,-30,0
S,41763425,kdn,161,0,1480,1520,152,-864,-16920,43,11,-27,0
S,41773425,kdn,161,0,1480,1520,208,-944,-17136,35,17,-24,0
S,41783425,kdn,161,0,1480,1520,72,-896,-17216,34,28,-33,0
S,41793425,kdn,161,0,1480,1520,184,-1024,-17232,35,32,-36,0
S,41803425,kdn,161,0,1480,1520,16,-960,-17184,33,26,-31,0
S,41813425,kdn,161,0,1480,1520,200,-984,-17016,41,26,-27,0
S,41823425,kdn,161,0,1480,1520,112,-936,-17168,36,17,-28,0
S,41833425,kdn,161,0,1480,1520,192,-952,-17072,41,17,-28,0
#META deadband_center=1420 idx=1
E,41833559,hold,1000,0,1380,1520,,,,,,,0
E,43033373,kup,1000,0,1380,1520,,,,,,,0
S,43034002,kup,1000,0,1380,1520,2264,-936,-16968,35,19,-31,0
S,43043993,kup,1000,0,1380,1520,2168,-1048,-16856,38,24,-25,0
S,43053991,kup,1000,0,1380,1520,2096,-976,-16968,38,26,-36,0
S,43063991,kup,1000,0,1380,1520,2192,-904,-16872,33,24,-28,0
S,43073991,kup,1000,0,1380,1520,2184,-888,-16848,37,26,-30,0
S,43083992,kup,1000,0,1380,1520,2160,-1016,-16968,42,24,-35,0
S,43093991,kup,1000,0,1380,1520,2240,-1008,-16944,43,29,-23,0
S,43103991,kup,1000,0,1380,1520,2112,-1016,-16976,38,24,-33,0
S,43113991,kup,1000,0,1380,1520,2152,-912,-16912,35,27,-28,0
S,43123992,kup,1000,0,1380,1520,2120,-912,-16992,36,22,-30,0
S,43133991,kup,1000,0,1380,1520,2208,-864,-17000,38,21,-22,0
S,43143992,kup,1000,0,1380,1520,2192,-968,-17056,38,25,-31,0
S,43153991,kup,1000,0,1380,1520,2088,-848,-17016,41,27,-29,0
S,43163992,kup,1000,0,1380,1520,2072,-1040,-16896,31,24,-30,0
S,43173992,kup,1000,0,1380,1520,2208,-880,-16872,43,25,-32,0
S,43183991,kup,1000,0,1380,1520,2112,-896,-16952,35,26,-31,0
S,43193991,kup,1000,0,1380,1520,2216,-944,-17024,39,25,-36,0
S,43203992,kup,1000,0,1380,1520,2144,-944,-16920,34,26,-23,0
S,43213991,kup,1000,0,1380,1520,2120,-1048,-17056,39,20,-28,0
S,43223991,kup,1000,0,1380,1520,2176,-944,-16944,34,22,-35,0
S,43233992,kup,1000,0,1380,1520,2152,-976,-16912,41,22,-26,0
S,43243992,kup,1000,0,1380,1520,2104,-904,-17008,40,22,-29,0
S,43253991,kup,1000,0,1380,1520,2144,-1032,-16960,32,19,-26,0
S,43263991,kup,1000,0,1380,1520,2120,-992,-16952,38,22,-29,0
S,43273992,kup,1000,0,1380,1520,2128,-944,-16944,40,26,-25,0
S,43283991,kup,1000,0,1380,1520,2120,-1000,-17040,41,25,-24,0
E,43284097,kup,1001,0,1381,1520,,,,,,,0
S,43284729,kup,1001,0,1381,1520,2192,-952,-17000,39,23,-30,0
S,43294720,kup,1001,0,1381,1520,2200,-936,-16872,41,21,-27,0
S,43304718,kup,1001,0,1381,1520,2152,-976,-16856,33,25,-28,0
S,43314718,kup,1001,0,1381,1520,2048,-1136,-16920,35,21,-28,0
S,43324718,kup,1001,0,1381,1520,2200,-920,-17032,36,23,-34,0
S,43334719,kup,1001,0,1381,1520,2168,-920,-16984,41,23,-29,0
S,43344719,kup,1001,0,1381,1520,2200,-920,-16936,38,24,-24,0
S,43354719,kup,1001,0,1381,1520,2088,-936,-16864,40,25,-29,0
S,43364719,kup,1001,0,1381,1520,2272,-944,-16944,28,23,-31,0
S,43374719,kup,1001,0,1381,1520,2360,-984,-17048,41,27,-23,0
S,43384719,kup,1001,0,1381,1520,2152,-936,-16992,44,25,-29,0
S,43394719,kup,1001,0,1381,1520,2176,-1016,-17000,34,23,-36,0
S,43404719,kup,1001,0,1381,1520,2240,-920,-16952,36,24,-24,0
S,43414719,kup,1001,0,1381,1520,2016,-992,-16976,39,23,-29,0
S,43424719,kup,1001,0,1381,1520,2144,-1032,-16976,35,21,-31,0
S,43434719,kup,1001,0,1381,1520,2048,-960,-16928,40,19,-31,0
S,43444719,kup,1001,0,1381,1520,2088,-1000,-16944,35,23,-29,0
S,43454718,kup,1001,0,1381,1520,2072,-856,-16936,36,17,-28,0
S,43464719,kup,1001,0,1381,1520,2192,-984,-17016,33,20,-25,0
S,43474719,kup,1001,0,1381,1520,2160,-1016,-16904,36,25,-28,0
S,43484719,kup,1001,0,1381,1520,2120,-1024,-17040,33,24,-31,0
S,43494719,kup,1001,0,1381,1520,2256,-920,-16968,37,24,-36,0
S,43504719,kup,1001,0,1381,1520,2176,-904,-16968,33,23,-30,0
S,43514719,kup,1001,0,1381,1520,2224,-864,-16928,36,23,-32,0
S,43524719,kup,1001,0,1381,1520,2112,-1064,-16944,34,22,-31,0
S,43534718,kup,1001,0,1381,1520,2152,-856,-16928,36,26,-29,0
E,43534823,kup,1002,0,1382,1520,,,,,,,0
S,43535456,kup,1002,0,1382,1520,2152,-872,-17008,36,26,-29,0
S,43545449,kup,1002,0,1382,1520,2536,-960,-16960,38,22,-24,0
S,43555447,kup,1002,0,1382,1520,2272,-2656,-16888,32,-23,-77,0
S,43565447,kup,1002,0,1382,1520,2744,-704,-17040,33,-66,-99,0
S,43575447,kup,1002,0,1382,1520,1752,-1184,-17600,40,-82,-19,0
S,43585447,kup,1002,0,1382,1520,2056,-528,-17096,40,-95,-18,0
S,43595447,kup,1002,0,1382,1520,1832,-1128,-16944,48,-65,-22,0
S,43605447,kup,1002,0,1382,1520,2112,-936,-17024,46,-18,-20,0
S,43615447,kup,1002,0,1382,1520,2152,-992,-17080,38,27,-39,0
S,43625447,kup,1002,0,1382,1520,2048,-1056,-17064,37,67,-34,0
S,43635447,kup,1002,0,1382,1520,2000,-912,-17096,27,73,-36,0
S,43645447,kup,1002,0,1382,1520,2080,-944,-16992,28,57,-34,0
S,43655447,kup,1002,0,1382,1520,2112,-928,-16880,39,24,-28,0
S,43665447,kup,1002,0,1382,1520,2008,-888,-17008,46,8,-26,0
S,43675447,kup,1002,0,1382,1520,2248,-952,-16888,39,-6,-25,0
S,43685447,kup,1002,0,1382,1520,2200,-1064,-16768,40,-7,-33,0
S,43695447,kup,1002,0,1382,1520,2112,-1048,-17040,40,11,-28,0
S,43705447,kup,1002,0,1382,1520,2152,-872,-17008,39,25,-22,0
S,43715447,kup,1002,0,1382,1520,2088,-872,-17072,36,41,-30,0
S,43725447,kup,1002,0,1382,1520,2016,-1000,-16896,36,35,-30,0
S,43735447,kup,1002,0,1382,1520,2032,-1000,-16952,32,32,-29,0
S,43745447,kup,1002,0,1382,1520,2184,-888,-16912,38,13,-29,0
S,43755447,kup,1002,0,1382,1520,2136,-1080,-17008,45,10,-27,0
S,43765447,kup,1002,0,1382,1520,2120,-880,-16824,41,19,-32,0
S,43775447,kup,1002,0,1382,1520,1968,-944,-17016,37,22,-29,0
S,43785447,kup,1002,0,1382,1520,2184,-1000,-16984,38,23,-31,0
E,43785553,kup,1003,0,1383,1520,,,,,,,0
S,43786184,kup,1003,0,1383,1520,2184,-1016,-16904,38,27,-26,0
S,43796174,kup,1003,0,1383,1520,2144,-936,-17056,33,29,-27,0
S,43806173,kup,1003,0,1383,1520,2232,-1008,-16872,40,28,-27,0
S,43816173,kup,1003,0,1383,1520,1960,-928,-16824,37,18,-33,0
S,43826173,kup,1003,0,1383,1520,2176,-976,-16952,37,17,-30,0
S,43836173,kup,1003,0,1383,1520,2144,-976,-16920,36,20,-24,0
S,43846173,kup,1003,0,1383,1520,2024,-1040,-17000,38,25,-30,0
S,43856173,kup,1003,0,1383,1520,2144,-1008,-16960,33,22,-26,0
S,43866173,kup,1003,0,1383,1520,2064,-960,-17016,37,25,-34,0
S,43876173,kup,1003,0,1383,1520,2024,-1000,-16928,39,31,-33,0
S,43886173,kup,1003,0,1383,1520,2072,-896,-17024,33,22,-30,0
S,43896173,kup,1003,0,1383,1520,2176,-936,-16824,36,25,-29,0
S,43906173,kup,1003,0,1383,1520,2096,-880,-16888,37,18,-31,0
S,43916173,kup,1003,0,1383,1520,2032,-944,-16976,37,20,-30,0
S,43926173,kup,1003,0,1383,1520,2120,-888,-16952,40,20,-24,0
S,43936173,kup,1003,0,1383,1520,2160,-920,-16880,32,25,-35,0
S,43946173,kup,1003,0,1383,1520,2072,-912,-16952,32,25,-37,0
S,43956173,kup,1003,0,1383,1520,2144,-928,-16968,39,20,-27,0
S,43966173,kup,1003,0,1383,1520,2000,-912,-16992,40,23,-24,0
S,43976173,kup,1003,0,1383,1520,2120,-1048,-17016,32,22,-31,0
S,43986174,kup,1003,0,1383,1520,2176,-952,-16992,38,20,-24,0
S,43996173,kup,1003,0,1383,1520,1992,-904,-16976,35,18,-28,0
S,44006173,kup,1003,0,1383,1520,2104,-1008,-16864,41,25,-34,0
S,44016173,kup,1003,0,1383,1520,2104,-1152,-16904,42,24,-33,0
S,44026173,kup,1003,0,1383,1520,2080,-824,-16952,36,25,-31,0
S,44036173,kup,1003,0,1383,1520,2088,-1032,-16920,35,28,-30,0
E,44036279,kup,1004,0,1384,1520,,,,,,,0
S,44036921,kup,1004,0,1384,1520,2040,-992,-16944,35,28,-30,0
S,44046908,kup,1004,0,1384,1520,2128,-1032,-16912,36,24,-26,0
S,44056908,kup,1004,0,1384,1520,2192,-968,-16912,36,23,-31,0
S,44066907,kup,1004,0,1384,1520,2120,-1024,-16952,40,23,-32,0
S,44076908,kup,1004,0,1384,1520,2072,-888,-17000,40,21,-31,0
S,44086907,kup,1004,0,1384,1520,2016,-976,-17000,40,22,-28,0
S,44096907,kup,1004,0,1384,1520,2208,-968,-16984,38,22,-29,0
S,44106907,kup,1004,0,1384,1520,2128,-1096,-16888,38,26,-20,0
S,44116907,kup,1004,0,1384,1520,2144,-1032,-16928,38,22,-28,0
S,44126907,kup,1004,0,1384,1520,2080,-816,-16904,39,20,-26,0
S,44136907,kup,1004,0,1384,1520,1992,-984,-17032,42,22,-32,0
S,44146907,kup,1004,0,1384,1520,2048,-1048,-17120,42,21,-32,0
S,44156907,kup,1004,0,1384,1520,2096,-1128,-17016,34,20,-33,0
S,44166907,kup,1004,0,1384,1520,2072,-1024,-16944,39,26,-26,0
S,44176907,kup,1004,0,1384,1520,2144,-872,-16880,39,23,-34,0
S,44186907,kup,1004,0,1384,1520,2152,-1104,-17048,42,22,-32,0
S,44196907,kup,1004,0,1384,1520,2128,-1016,-17072,39,25,-26,0
S,44206907,kup,1004,0,1384,1520,2056,-1064,-16992,39,24,-25,0
S,44216907,kup,1004,0,1384,1520,2104,-976,-17008,37,23,-32,0
S,44226907,kup,1004,0,1384,1520,2048,-968,-17016,37,21,-32,0
S,44236907,kup,1004,0,1384,1520,2136,-1088,-16920,39,20,-26,0
S,44246908,kup,1004,0,1384,1520,2112,-1000,-17024,41,24,-28,0
S,44256907,kup,1004,0,1384,1520,2112,-1056,-17080,40,20,-28,0
S,44266907,kup,1004,0,1384,1520,2104,-944,-16792,41,19,-31,0
S,44276907,kup,1004,0,1384,1520,2128,-792,-17016,32,24,-27,0
S,44286907,kup,1004,0,1384,1520,2000,-1040,-16904,37,21,-24,0
E,44287013,kup,1005,0,1385,1520,,,,,,,0
S,44287645,kup,1005,0,1385,1520,2072,-928,-16976,36,20,-22,0
S,44297636,kup,1005,0,1385,1520,2056,-1160,-16840,37,22,-27,0
S,44307635,kup,1005,0,1385,1520,2104,-880,-16872,42,21,-26,0
S,44317635,kup,1005,0,1385,1520,2024,-944,-16888,36,20,-34,0
S,44327635,kup,1005,0,1385,1520,2064,-1064,-17032,34,22,-26,0
S,44337635,kup,1005,0,1385,1520,2088,-1000,-16856,40,26,-28,0
S,44347635,kup,1005,0,1385,1520,2152,-944,-16816,36,21,-22,0
S,44357635,kup,1005,0,1385,1520,2224,-936,-17048,37,27,-30,0
S,44367634,kup,1005,0,1385,1520,2040,-960,-16888,42,20,-22,0
S,44377634,kup,1005,0,1385,1520,2008,-872,-16864,42,23,-29,0
S,44387635,kup,1005,0,1385,1520,2112,-920,-16944,34,24,-30,0
S,44397635,kup,1005,0,1385,1520,2144,-1032,-16888,35,27,-28,0
S,44407634,kup,1005,0,1385,1520,2136,-952,-16880,39,22,-26,0
S,44417635,kup,1005,0,1385,1520,2232,-1040,-16968,36,21,-26,0
S,44427635,kup,1005,0,1385,1520,2080,-1144,-16944,33,26,-29,0
S,44437635,kup,1005,0,1385,1520,2184,-1184,-16952,39,18,-27,0
S,44447634,kup,1005,0,1385,1520,2152,-1032,-16936,42,28,-32,0
S,44457634,kup,1005,0,1385,1520,2024,-1000,-16888,40,26,-32,0
S,44467634,kup,1005,0,1385,1520,2032,-928,-16912,41,22,-30,0
S,44477635,kup,1005,0,1385,1520,2176,-936,-16872,39,24,-32,0
S,44487635,kup,1005,0,1385,1520,2080,-848,-16824,40,28,-26,0
S,44497635,kup,1005,0,1385,1520,2080,-984,-16968,39,25,-26,0
S,44507634,kup,1005,0,1385,1520,2208,-872,-16936,40,24,-31,0
S,44517635,kup,1005,0,1385,1520,2040,-872,-16880,39,25,-28,0
S,44527635,kup,1005,0,1385,1520,2200,-920,-16888,35,22,-24,0
S,44537634,kup,1005,0,1385,1520,2080,-1064,-16856,42,23,-31,0
E,44537740,kup,1006,0,1386,1520,,,,,,,0
S,44538375,kup,1006,0,1386,1520,2120,-912,-17048,42,23,-31,0
S,44548363,kup,1006,0,1386,1520,2120,-928,-16912,39,19,-28,0
S,44558361,kup,1006,0,1386,1520,2160,-936,-16912,39,24,-31,0
S,44568361,kup,1006,0,1386,1520,2088,-1040,-16952,44,21,-25,0
S,44578362,kup,1006,0,1386,1520,2088,-864,-16896,39,23,-30,0
S,44588361,kup,1006,0,1386,1520,2040,-856,-16880,34,20,-33,0
S,44598361,kup,1006,0,1386,1520,2088,-968,-16904,36,22,-32,0
S,44608361,kup,1006,0,1386,1520,2184,-1032,-16960,42,28,-33,0
S,44618362,kup,1006,0,1386,1520,2144,-1072,-16888,36,24,-27,0
S,44628362,kup,1006,0,1386,1520,2048,-888,-16928,33,25,-27,0
S,44638361,kup,1006,0,1386,1520,2048,-936,-16920,38,21,-28,0
S,44648361,kup,1006,0,1386,1520,1952,-944,-17008,35,24,-34,0
S,44658361,kup,1006,0,1386,1520,2000,-960,-16816,41,23,-23,0
S,44668361,kup,1006,0,1386,1520,2048,-1040,-16848,43,20,-28,0
S,44678361,kup,1006,0,1386,1520,2160,-1000,-17016,27,21,-31,0
S,44688362,kup,1006,0,1386,1520,2192,-920,-16992,32,20,-26,0
S,44698361,kup,1006,0,1386,1520,2064,-784,-16992,37,23,-30,0
S,44708361,kup,1006,0,1386,1520,2016,-912,-16944,42,25,-25,0
S,44718361,kup,1006,0,1386,1520,2000,-984,-16904,37,18,-31,0
S,44728361,kup,1006,0,1386,1520,1992,-936,-17112,41,25,-30,0
S,44738361,kup,1006,0,1386,1520,2088,-1080,-17008,40,22,-31,0
S,44748361,kup,1006,0,1386,1520,2152,-968,-17000,36,21,-31,0
S,44758361,kup,1006,0,1386,1520,2072,-992,-17000,33,25,-35,0
S,44768361,kup,1006,0,1386,1520,2072,-928,-17056,41,24,-28,0
S,44778361,kup,1006,0,1386,1520,2040,-880,-16824,39,26,-25,0
S,44788361,kup,1006,0,1386,1520,2136,-864,-16832,34,23,-33,0
E,44788470,kup,1007,0,1387,1520,,,,,,,0
S,44789101,kup,1007,0,1387,1520,1968,-928,-16976,38,22,-32,0
S,44799092,kup,1007,0,1387,1520,2104,-952,-16928,39,22,-29,0
S,44809091,kup,1007,0,1387,1520,2152,-936,-17112,41,27,-30,0
S,44819091,kup,1007,0,1387,1520,2144,-912,-16928,31,22,-31,0
S,44829091,kup,1007,0,1387,1520,2216,-984,-16888,40,23,-26,0
S,44839091,kup,1007,0,1387,1520,2216,-1000,-16880,39,23,-28,0
S,44849091,kup,1007,0,1387,1520,2032,-952,-16952,37,22,-31,0
S,44859091,kup,1007,0,1387,1520,1992,-960,-16936,40,16,-32,0
S,44869091,kup,1007,0,1387,1520,2160,-960,-17040,38,27,-26,0
S,44879091,kup,1007,0,1387,1520,2096,-1064,-16984,43,28,-37,0
S,44889092,kup,1007,0,1387,1520,2200,-928,-16992,32,22,-27,0
S,44899091,kup,1007,0,1387,1520,2136,-960,-16976,36,23,-25,0
S,44909091,kup,1007,0,1387,1520,2120,-952,-16968,43,20,-32,0
S,44919091,kup,1007,0,1387,1520,2128,-864,-16936,31,24,-29,0
S,44929091,kup,1007,0,1387,1520,2096,-936,-17016,36,27,-28,0
S,44939091,kup,1007,0,1387,1520,2144,-1032,-16952,39,23,-30,0
S,44949091,kup,1007,0,1387,1520,1968,-960,-17024,41,18,-27,0
S,44959091,kup,1007,0,1387,1520,2136,-1096,-16984,39,24,-27,0
S,44969091,kup,1007,0,1387,1520,2192,-1048,-16920,37,21,-31,0
S,44979091,kup,1007,0,1387,1520,2208,-992,-16944,44,22,-24,0
S,44989091,kup,1007,0,1387,1520,2120,-1016,-16960,39,20,-30,0
S,44999091,kup,1007,0,1387,1520,2008,-1136,-16936,31,20,-28,0
S,45009091,kup,1007,0,1387,1520,2072,-936,-16848,43,26,-33,0
S,45019091,kup,1007,0,1387,1520,2040,-1120,-16968,42,19,-25,0
S,45029091,kup,1007,0,1387,1520,2032,-952,-16984,36,25,-31,0
S,45039091,kup,1007,0,1387,1520,2128,-968,-16904,36,23,-31,0
E,45039196,kup,1008,0,1388,1520,,,,,,,0
S,45039827,kup,1008,0,1388,1520,2128,-968,-16904,36,23,-31,0
S,45049819,kup,1008,0,1388,1520,1856,-640,-17224,40,32,-35,0
S,45059817,kup,1008,0,1388,1520,1888,-2664,-16400,41,-20,-56,0
S,45069817,kup,1008,0,1388,1520,1992,-672,-16800,32,-65,-21,0
S,45079817,kup,1008,0,1388,1520,2480,-1248,-16856,38,-83,-17,0
S,45089817,kup,1008,0,1388,1520,2176,-816,-16808,40,-60,-13,0
S,45099817,kup,1008,0,1388,1520,2184,-1048,-16792,46,-23,-24,0
S,45109817,kup,1008,0,1388,1520,2064,-928,-16872,39,29,-31,0
S,45119817,kup,1008,0,1388,1520,2208,-1128,-16984,31,61,-28,0
S,45129817,kup,1008,0,1388,1520,2064,-984,-16912,22,68,-37,0
S,45139817,kup,1008,0,1388,1520,2016,-880,-16928,30,54,-28,0
S,45149817,kup,1008,0,1388,1520,2048,-792,-17000,40,26,-31,0
S,45159817,kup,1008,0,1388,1520,1976,-912,-16992,50,3,-28,0
S,45169817,kup,1008,0,1388,1520,2000,-960,-17032,44,-12,-27,0
S,45179817,kup,1008,0,1388,1520,1984,-888,-17032,37,-3,-23,0
S,45189817,kup,1008,0,1388,1520,2200,-1048,-16912,39,20,-25,0
S,45199817,kup,1008,0,1388,1520,2096,-872,-17032,39,39,-30,0
S,45209817,kup,1008,0,1388,1520,2072,-1008,-17072,37,40,-31,0
S,45219817,kup,1008,0,1388,1520,2128,-880,-16904,34,35,-30,0
S,45229817,kup,1008,0,1388,1520,1920,-1032,-16912,37,24,-22,0
S,45239817,kup,1008,0,1388,1520,1960,-1008,-16936,35,18,-29,0
S,45249817,kup,1008,0,1388,1520,2032,-936,-16992,45,12,-26,0
S,45259817,kup,1008,0,1388,1520,2112,-992,-16944,44,10,-27,0
S,45269817,kup,1008,0,1388,1520,2040,-960,-17024,45,24,-25,0
S,45279818,kup,1008,0,1388,1520,2016,-1024,-16880,36,26,-32,0
S,45289817,kup,1008,0,1388,1520,2088,-888,-17000,32,29,-28,0
E,45289922,kup,1009,0,1389,1520,,,,,,,0
S,45290553,kup,1009,0,1389,1520,2088,-928,-17096,32,31,-27,0
S,45300544,kup,1009,0,1389,1520,2144,-872,-17024,35,35,-28,0
S,45310542,kup,1009,0,1389,1520,2120,-920,-17040,37,19,-30,0
S,45320542,kup,1009,0,1389,1520,1984,-976,-16792,42,20,-24,0
S,45330542,kup,1009,0,1389,1520,2112,-952,-16968,40,14,-29,0
S,45340542,kup,1009,0,1389,1520,1920,-1008,-16976,37,20,-29,0
S,45350542,kup,1009,0,1389,1520,2000,-856,-17136,41,25,-28,0
S,45360542,kup,1009,0,1389,1520,2048,-888,-17000,39,28,-31,0
S,45370542,kup,1009,0,1389,1520,2088,-1064,-16976,35,25,-33,0
S,45380542,kup,1009,0,1389,1520,1920,-1000,-17040,37,21,-31,0
S,45390542,kup,1009,0,1389,1520,2032,-1128,-16952,38,17,-28,0
S,45400542,kup,1009,0,1389,1520,2008,-1008,-17056,37,19,-25,0
S,45410542,kup,1009,0,1389,1520,2048,-992,-17024,43,18,-31,0
S,45420542,kup,1009,0,1389,1520,2088,-1000,-16912,36,22,-28,0
S,45430542,kup,1009,0,1389,1520,2072,-920,-16928,32,23,-35,0
S,45440542,kup,1009,0,1389,1520,1984,-952,-16992,36,23,-28,0
S,45450542,kup,1009,0,1389,1520,2160,-1016,-17000,38,26,-30,0
S,45460542,kup,1009,0,1389,1520,2056,-984,-16928,31,23,-25,0
S,45470542,kup,1009,0,1389,1520,2080,-936,-16984,39,23,-24,0
S,45480542,kup,1009,0,1389,1520,2096,-1008,-17048,37,22,-27,0
S,45490542,kup,1009,0,1389,1520,1992,-1008,-17080,37,25,-30,0
S,45500542,kup,1009,0,1389,1520,1936,-904,-17016,40,23,-28,0
S,45510542,kup,1009,0,1389,1520,2032,-1016,-16928,35,23,-26,0
S,45520542,kup,1009,0,1389,1520,2104,-888,-16888,34,24,-28,0
S,45530542,kup,1009,0,1389,1520,2024,-960,-16976,30,28,-25,0
S,45540542,kup,1009,0,1389,1520,2080,-864,-16936,38,23,-25,0
E,45540647,kup,1010,0,1390,1520,,,,,,,0
S,45541278,kup,1010,0,1390,1520,2080,-864,-16936,41,21,-29,0
S,45551269,kup,1010,0,1390,1520,1936,-872,-16960,39,20,-27,0
S,45561269,kup,1010,0,1390,1520,1976,-904,-17024,41,14,-28,0
S,45571268,kup,1010,0,1390,1520,1960,-936,-17016,38,26,-24,0
S,45581269,kup,1010,0,1390,1520,2024,-976,-16824,32,22,-31,0
S,45591268,kup,1010,0,1390,1520,2032,-928,-17024,37,27,-33,0
S,45601268,kup,1010,0,1390,1520,2032,-944,-16952,39,25,-30,0
S,45611268,kup,1010,0,1390,1520,2152,-952,-16984,35,25,-32,0
S,45621269,kup,1010,0,1390,1520,2104,-960,-16960,39,25,-26,0
S,45631269,kup,1010,0,1390,1520,1936,-992,-17048,34,25,-28,0
S,45641269,kup,1010,0,1390,1520,2080,-952,-17032,36,23,-26,0
S,45651269,kup,1010,0,1390,1520,1888,-1000,-16968,41,24,-23,0
S,45661268,kup,1010,0,1390,1520,2008,-944,-17008,37,21,-28,0
S,45671269,kup,1010,0,1390,1520,2088,-976,-16992,36,22,-29,0
S,45681269,kup,1010,0,1390,1520,2032,-1024,-17040,36,20,-27,0
S,45691268,kup,1010,0,1390,1520,1968,-856,-17040,37,25,-30,0
S,45701268,kup,1010,0,1390,1520,2048,-872,-16976,39,19,-37,0
S,45711268,kup,1010,0,1390,1520,1992,-920,-17072,39,19,-26,0
S,45721269,kup,1010,0,1390,1520,1960,-808,-16920,38,22,-34,0
S,45731269,kup,1010,0,1390,1520,2016,-992,-16992,38,25,-27,0
S,45741269,kup,1010,0,1390,1520,1992,-984,-17016,34,25,-31,0
S,45751269,kup,1010,0,1390,1520,2160,-1104,-16976,35,24,-24,0
S,45761269,kup,1010,0,1390,1520,2056,-992,-16960,40,24,-29,0
S,45771269,kup,1010,0,1390,1520,2104,-912,-16856,41,19,-30,0
S,45781269,kup,1010,0,1390,1520,2032,-976,-17032,39,19,-36,0
S,45791268,kup,1010,0,1390,1520,2096,-968,-16952,30,20,-28,0
E,45791377,kup,1011,0,1391,1520,,,,,,,0
S,45792009,kup,1011,0,1391,1520,2096,-992,-17104,32,22,-29,0
S,45801999,kup,1011,0,1391,1520,1888,-832,-17040,39,19,-27,0
S,45811998,kup,1011,0,1391,1520,5136,-760,-16696,37,-12,-15,0
S,45821998,kup,1011,0,1391,1520,1224,456,-17400,38,-70,-54,0
S,45831998,kup,1011,0,1391,1520,2344,-1584,-17408,44,-100,-15,0
S,45841998,kup,1011,0,1391,1520,1944,-560,-17240,38,-83,4,0
S,45851998,kup,1011,0,1391,1520,1960,-1176,-16936,41,-41,-20,0
S,45861998,kup,1011,0,1391,1520,1920,-936,-16896,47,16,-26,0
S,45871998,kup,1011,0,1391,1520,2120,-1128,-17096,37,74,-36,0
S,45881998,kup,1011,0,1391,1520,1976,-912,-17056,29,86,-34,0
S,45891998,kup,1011,0,1391,1520,1816,-984,-17120,24,77,-44,0
S,45901998,kup,1011,0,1391,1520,2032,-936,-16944,38,47,-36,0
S,45911998,kup,1011,0,1391,1520,1904,-1024,-17032,43,12,-29,0
S,45921998,kup,1011,0,1391,1520,1968,-872,-16952,45,-14,-29,0
S,45931998,kup,1011,0,1391,1520,1992,-1048,-17056,37,-13,-25,0
S,45941998,kup,1011,0,1391,1520,2056,-952,-17008,37,3,-23,0
S,45951998,kup,1011,0,1391,1520,2008,-1168,-17016,36,22,-27,0
S,45961998,kup,1011,0,1391,1520,1944,-896,-17008,37,41,-33,0
S,45971998,kup,1011,0,1391,1520,1928,-952,-17096,33,42,-29,0
S,45981998,kup,1011,0,1391,1520,1984,-912,-17064,39,36,-29,0
S,45991998,kup,1011,0,1391,1520,1912,-976,-16968,37,22,-33,0
S,46001998,kup,1011,0,1391,1520,1944,-1048,-16912,42,9,-22,0
S,46011998,kup,1011,0,1391,1520,2128,-1040,-16912,43,11,-26,0
S,46021998,kup,1011,0,1391,1520,2048,-968,-16960,34,15,-32,0
S,46031998,kup,1011,0,1391,1520,1976,-952,-16928,33,19,-29,0
S,46041999,kup,1011,0,1391,1520,2032,-1024,-17032,28,27,-32,0
E,46042104,kup,1012,0,1392,1520,,,,,,,0
S,46042736,kup,1012,0,1392,1520,2032,-1024,-17032,33,29,-32,0
S,46052727,kup,1012,0,1392,1520,1920,-984,-16872,35,36,-31,0
S,46062726,kup,1012,0,1392,1520,2096,-928,-17048,46,29,-27,0
S,46072726,kup,1012,0,1392,1520,1896,-872,-16912,41,20,-34,0
S,46082726,kup,1012,0,1392,1520,2032,-944,-16896,37,13,-24,0
S,46092726,kup,1012,0,1392,1520,2080,-944,-16896,35,11,-26,0
S,46102726,kup,1012,0,1392,1520,2016,-1024,-17008,41,21,-25,0
S,46112726,kup,1012,0,1392,1520,1880,-904,-17016,36,30,-29,0
S,46122726,kup,1012,0,1392,1520,2008,-1032,-16968,39,24,-29,0
S,46132726,kup,1012,0,1392,1520,2000,-968,-16912,38,28,-28,0
S,46142726,kup,1012,0,1392,1520,2048,-1064,-16936,34,25,-30,0
S,46152726,kup,1012,0,1392,1520,1960,-1072,-16880,38,20,-25,0
S,46162726,kup,1012,0,1392,1520,1944,-888,-16944,39,23,-26,0
S,46172726,kup,1012,0,1392,1520,2040,-880,-16848,40,24,-29,0
S,46182726,kup,1012,0,1392,1520,1904,-848,-16976,40,27,-30,0
S,46192726,kup,1012,0,1392,1520,1888,-968,-16984,36,22,-20,0
S,46202726,kup,1012,0,1392,1520,2096,-904,-17032,37,27,-32,0
S,46212726,kup,1012,0,1392,1520,2008,-960,-16976,36,27,-33,0
S,46222726,kup,1012,0,1392,1520,1984,-1088,-16888,35,19,-30,0
S,46232726,kup,1012,0,1392,1520,2024,-896,-17008,38,21,-28,0
S,46242726,kup,1012,0,1392,1520,1992,-904,-16848,39,20,-22,0
S,46252726,kup,1012,0,1392,1520,2000,-960,-16912,33,16,-27,0
S,46262726,kup,1012,0,1392,1520,2056,-888,-17008,37,27,-29,0
S,46272726,kup,1012,0,1392,1520,2008,-1000,-16888,40,25,-31,0
S,46282726,kup,1012,0,1392,1520,2056,-968,-16936,33,26,-33,0
S,46292726,kup,1012,0,1392,1520,2048,-1032,-17056,38,27,-31,0
E,46292831,kup,1013,0,1393,1520,,,,,,,0
S,46293470,kup,1013,0,1393,1520,1992,-992,-17008,42,24,-36,0
S,46303459,kup,1013,0,1393,1520,2112,-952,-17072,36,18,-30,0
S,46313457,kup,1013,0,1393,1520,1912,-952,-16976,39,22,-30,0
S,46323457,kup,1013,0,1393,1520,2016,-992,-16992,42,19,-27,0
S,46333457,kup,1013,0,1393,1520,2008,-960,-17048,40,21,-30,0
S,46343458,kup,1013,0,1393,1520,1976,-984,-16936,33,22,-31,0
S,46353457,kup,1013,0,1393,1520,2096,-952,-17016,42,23,-29,0
S,46363458,kup,1013,0,1393,1520,1984,-928,-17024,41,20,-28,0
S,46373458,kup,1013,0,1393,1520,2056,-1088,-17016,40,26,-29,0
S,46383458,kup,1013,0,1393,1520,1944,-992,-16944,40,20,-34,0
S,46393458,kup,1013,0,1393,1520,1904,-928,-17056,36,24,-30,0
S,46403457,kup,1013,0,1393,1520,2040,-968,-17024,39,24,-30,0
S,46413458,kup,1013,0,1393,1520,2016,-904,-16856,42,23,-30,0
S,46423458,kup,1013,0,1393,1520,2008,-912,-17032,38,24,-26,0
S,46433457,kup,1013,0,1393,1520,1984,-976,-17000,40,25,-23,0
S,46443458,kup,1013,0,1393,1520,2104,-872,-16960,39,22,-26,0
S,46453458,kup,1013,0,1393,1520,2048,-904,-16960,35,18,-29,0
S,46463458,kup,1013,0,1393,1520,1832,-856,-16960,38,20,-28,0
S,46473458,kup,1013,0,1393,1520,1984,-960,-16920,37,18,-27,0
S,46483457,kup,1013,0,1393,1520,1992,-1080,-16984,45,20,-30,0
S,46493458,kup,1013,0,1393,1520,1992,-976,-16968,44,22,-28,0
S,46503457,kup,1013,0,1393,1520,1936,-1040,-16920,35,19,-26,0
S,46513457,kup,1013,0,1393,1520,1960,-1112,-16968,41,22,-28,0
S,46523457,kup,1013,0,1393,1520,2056,-968,-16968,42,24,-29,0
S,46533457,kup,1013,0,1393,1520,2080,-872,-16952,38,21,-30,0
S,46543457,kup,1013,0,1393,1520,1984,-976,-17104,34,22,-31,0
E,46543562,kup,1014,0,1394,1520,,,,,,,0
S,46544194,kup,1014,0,1394,1520,1984,-976,-17104,36,26,-34,0
S,46554185,kup,1014,0,1394,1520,2064,-968,-17040,38,30,-26,0
S,46564183,kup,1014,0,1394,1520,2080,-1016,-16920,39,28,-29,0
S,46574183,kup,1014,0,1394,1520,1912,-1016,-16944,41,26,-27,0
S,46584183,kup,1014,0,1394,1520,2016,-880,-16904,35,19,-29,0
S,46594183,kup,1014,0,1394,1520,1832,-1032,-16968,37,27,-25,0
S,46604183,kup,1014,0,1394,1520,2000,-1024,-16920,32,26,-28,0
S,46614183,kup,1014,0,1394,1520,2080,-1096,-16952,38,21,-34,0
S,46624183,kup,1014,0,1394,1520,1904,-936,-16904,41,26,-29,0
S,46634183,kup,1014,0,1394,1520,2064,-968,-16880,40,18,-30,0
S,46644183,kup,1014,0,1394,1520,2072,-928,-16920,40,23,-32,0
S,46654183,kup,1014,0,1394,1520,1944,-960,-16984,38,22,-25,0
S,46664183,kup,1014,0,1394,1520,1976,-912,-16968,42,20,-29,0
S,46674184,kup,1014,0,1394,1520,1944,-912,-17128,40,26,-32,0
S,46684183,kup,1014,0,1394,1520,1976,-984,-16920,38,20,-25,0
S,46694183,kup,1014,0,1394,1520,1912,-872,-16952,41,21,-23,0
S,46704183,kup,1014,0,1394,1520,2000,-840,-17040,42,21,-30,0
S,46714183,kup,1014,0,1394,1520,1872,-944,-16888,33,20,-28,0
S,46724183,kup,1014,0,1394,1520,2040,-1056,-16832,34,23,-22,0
S,46734183,kup,1014,0,1394,1520,2056,-944,-16848,34,24,-32,0
S,46744183,kup,1014,0,1394,1520,1992,-856,-16968,37,19,-29,0
S,46754183,kup,1014,0,1394,1520,1952,-936,-16864,39,28,-35,0
S,46764183,kup,1014,0,1394,1520,2040,-1016,-17000,40,23,-26,0
S,46774183,kup,1014,0,1394,1520,2008,-992,-16936,35,25,-32,0
S,46784183,kup,1014,0,1394,1520,2032,-1000,-16968,37,22,-28,0
S,46794183,kup,1014,0,1394,1520,2128,-960,-17040,37,27,-33,0
E,46794288,kup,1015,0,1395,1520,,,,,,,0
S,46794923,kup,1015,0,1395,1520,2072,-944,-16968,43,27,-35,0
S,46804915,kup,1015,0,1395,1520,2000,-1008,-16968,42,25,-31,0
S,46814913,kup,1015,0,1395,1520,1968,-1008,-16976,35,22,-34,0
S,46824914,kup,1015,0,1395,1520,1872,-904,-17008,34,25,-31,0
S,46834914,kup,1015,0,1395,1520,1976,-984,-16888,43,23,-30,0
S,46844913,kup,1015,0,1395,1520,2040,-1016,-16848,39,25,-25,0
S,46854914,kup,1015,0,1395,1520,2000,-960,-17024,41,20,-31,0
S,46864913,kup,1015,0,1395,1520,1888,-904,-16936,34,25,-27,0
S,46874914,kup,1015,0,1395,1520,1936,-880,-16968,35,24,-28,0
S,46884914,kup,1015,0,1395,1520,1936,-936,-16896,38,26,-32,0
S,46894913,kup,1015,0,1395,1520,1888,-888,-17008,33,25,-33,0
S,46904914,kup,1015,0,1395,1520,2000,-1064,-16912,40,25,-29,0
S,46914913,kup,1015,0,1395,1520,1872,-912,-17016,43,24,-32,0
S,46924914,kup,1015,0,1395,1520,2048,-872,-16928,35,23,-27,0
S,46934914,kup,1015,0,1395,1520,2048,-1064,-17096,36,25,-26,0
S,46944913,kup,1015,0,1395,1520,2000,-960,-17000,37,17,-28,0
S,46954914,kup,1015,0,1395,1520,1984,-792,-16912,37,25,-26,0
S,46964914,kup,1015,0,1395,1520,2000,-944,-17016,35,21,-30,0
S,46974913,kup,1015,0,1395,1520,2104,-968,-17024,37,26,-30,0
S,46984914,kup,1015,0,1395,1520,2016,-960,-17032,39,26,-29,0
S,46994913,kup,1015,0,1395,1520,2040,-1120,-16976,42,24,-29,0
S,47004913,kup,1015,0,1395,1520,2008,-936,-16968,39,21,-32,0
S,47014913,kup,1015,0,1395,1520,1976,-976,-17008,35,23,-26,0
S,47024913,kup,1015,0,1395,1520,2104,-896,-17008,41,22,-24,0
S,47034913,kup,1015,0,1395,1520,1928,-928,-16968,41,24,-29,0
S,47044913,kup,1015,0,1395,1520,2016,-1032,-16896,33,17,-33,0
E,47045018,kup,1016,0,1396,1520,,,,,,,0
S,47045651,kup,1016,0,1396,1520,1944,-944,-17000,39,21,-32,0
S,47055642,kup,1016,0,1396,1520,1112,-1104,-17064,38,20,-29,0
S,47065641,kup,1016,0,1396,1520,4744,-480,-16384,46,-31,-23,0
S,47075641,kup,1016,0,1396,1520,-2216,-1232,-16760,38,-60,0,0
S,47085641,kup,1016,0,1396,1520,1464,-2552,-16528,48,-121,-44,0
S,47095641,kup,1016,0,1396,1520,2032,-1064,-16960,30,-140,-10,0
S,47105641,kup,1016,0,1396,1520,2152,-1136,-17024,40,-95,9,0
S,47115641,kup,1016,0,1396,1520,1856,-936,-17120,42,-35,-12,0
S,47125641,kup,1016,0,1396,1520,2128,-1176,-17136,45,51,-32,0
S,47135641,kup,1016,0,1396,1520,1816,-720,-17120,35,107,-43,0
S,47145641,kup,1016,0,1396,1520,1760,-1024,-16936,15,117,-49,0
S,47155641,kup,1016,0,1396,1520,1856,-976,-16936,29,102,-50,0
S,47165641,kup,1016,0,1396,1520,1904,-1016,-17000,48,50,-33,0
S,47175641,kup,1016,0,1396,1520,1968,-888,-16832,50,12,-28,0
S,47185641,kup,1016,0,1396,1520,1960,-944,-16848,41,-26,-22,0
S,47195641,kup,1016,0,1396,1520,1952,-912,-16968,40,-26,-19,0
S,47205641,kup,1016,0,1396,1520,1944,-920,-16944,37,-3,-24,0
S,47215640,kup,1016,0,1396,1520,1864,-1072,-17024,41,23,-28,0
S,47225641,kup,1016,0,1396,1520,1976,-1056,-16920,44,51,-26,0
S,47235641,kup,1016,0,1396,1520,1920,-888,-16864,34,44,-32,0
S,47245641,kup,1016,0,1396,1520,1912,-984,-17024,32,34,-27,0
S,47255640,kup,1016,0,1396,1520,1976,-824,-17008,38,27,-24,0
S,47265641,kup,1016,0,1396,1520,1952,-976,-16984,42,6,-29,0
S,47275641,kup,1016,0,1396,1520,1912,-864,-16984,43,6,-26,0
S,47285641,kup,1016,0,1396,1520,1808,-1016,-16944,43,11,-23,0
S,47295641,kup,1016,0,1396,1520,1888,-888,-17096,37,27,-29,0
E,47295745,kup,1017,0,1397,1520,,,,,,,0
S,47296380,kup,1017,0,1397,1520,1936,-968,-16952,41,26,-27,0
S,47306372,kup,1017,0,1397,1520,1880,-832,-17040,32,29,-33,0
S,47316370,kup,1017,0,1397,1520,1960,-928,-16832,33,38,-38,0
S,47326370,kup,1017,0,1397,1520,1896,-984,-16944,35,22,-32,0
S,47336370,kup,1017,0,1397,1520,1856,-920,-16960,42,21,-28,0
S,47346370,kup,1017,0,1397,1520,1976,-904,-16952,38,17,-31,0
S,47356370,kup,1017,0,1397,1520,1936,-936,-17064,37,15,-27,0
S,47366371,kup,1017,0,1397,1520,1848,-1000,-16944,41,23,-33,0
S,47376370,kup,1017,0,1397,1520,1992,-904,-17064,38,24,-31,0
S,47386370,kup,1017,0,1397,1520,1904,-936,-16952,36,32,-26,0
S,47396370,kup,1017,0,1397,1520,1928,-880,-16976,34,24,-29,0
S,47406370,kup,1017,0,1397,1520,1928,-896,-17064,37,22,-23,0
S,47416370,kup,1017,0,1397,1520,1944,-1016,-17024,39,27,-29,0
S,47426370,kup,1017,0,1397,1520,1896,-1072,-16936,45,20,-29,0
S,47436370,kup,1017,0,1397,1520,1920,-912,-16984,40,23,-29,0
S,47446370,kup,1017,0,1397,1520,1912,-1008,-16944,34,20,-37,0
S,47456370,kup,1017,0,1397,1520,1848,-1048,-16872,33,24,-29,0
S,47466370,kup,1017,0,1397,1520,1848,-976,-16976,39,24,-29,0
S,47476371,kup,1017,0,1397,1520,1784,-1056,-17000,41,25,-31,0
S,47486370,kup,1017,0,1397,1520,2008,-896,-16872,44,26,-26,0
S,47496371,kup,1017,0,1397,1520,1896,-928,-17040,40,17,-29,0
S,47506370,kup,1017,0,1397,1520,2040,-1000,-16816,41,17,-26,0
S,47516370,kup,1017,0,1397,1520,1952,-952,-17048,41,21,-34,0
S,47526370,kup,1017,0,1397,1520,2000,-936,-16936,43,27,-34,0
S,47536370,kup,1017,0,1397,1520,1920,-1000,-16992,34,23,-30,0
S,47546371,kup,1017,0,1397,1520,1952,-776,-17024,32,23,-29,0
E,47546475,kup,1018,0,1398,1520,,,,,,,0
S,47547107,kup,1018,0,1398,1520,1952,-1072,-17016,34,28,-32,0
S,47557097,kup,1018,0,1398,1520,1896,-896,-16960,41,27,-29,0
S,47567096,kup,1018,0,1398,1520,1904,-904,-17072,38,23,-25,0
S,47577096,kup,1018,0,1398,1520,1872,-872,-17032,42,20,-26,0
S,47587097,kup,1018,0,1398,1520,1888,-944,-16976,42,14,-30,0
S,47597096,kup,1018,0,1398,1520,2008,-832,-16968,39,25,-36,0
S,47607096,kup,1018,0,1398,1520,2008,-880,-17088,34,19,-29,0
S,47617096,kup,1018,0,1398,1520,1928,-912,-17032,38,26,-36,0
S,47627096,kup,1018,0,1398,1520,2064,-1112,-16984,40,21,-29,0
S,47637096,kup,1018,0,1398,1520,2056,-1104,-16896,37,21,-30,0
S,47647096,kup,1018,0,1398,1520,1976,-952,-16976,36,17,-33,0
S,47657096,kup,1018,0,1398,1520,1952,-1016,-17064,41,20,-25,0
S,47667097,kup,1018,0,1398,1520,1904,-1016,-16960,34,22,-27,0
S,47677096,kup,1018,0,1398,1520,2048,-896,-16936,38,22,-33,0
S,47687097,kup,1018,0,1398,1520,2040,-1016,-16888,34,24,-35,0
S,47697096,kup,1018,0,1398,1520,2000,-1064,-16968,37,22,-32,0
S,47707096,kup,1018,0,1398,1520,1896,-928,-16928,40,20,-31,0
S,47717096,kup,1018,0,1398,1520,1968,-976,-17000,40,20,-29,0
S,47727096,kup,1018,0,1398,1520,1856,-896,-16920,37,20,-32,0
S,47737096,kup,1018,0,1398,1520,2008,-1032,-16928,43,24,-21,0
S,47747096,kup,1018,0,1398,1520,1920,-992,-16736,32,22,-33,0
S,47757096,kup,1018,0,1398,1520,1920,-1048,-16960,36,23,-32,0
S,47767096,kup,1018,0,1398,1520,1872,-1056,-16928,38,23,-28,0
S,47777096,kup,1018,0,1398,1520,1920,-968,-16944,41,24,-25,0
S,47787096,kup,1018,0,1398,1520,2016,-1024,-17032,35,21,-28,0
S,47797096,kup,1018,0,1398,1520,1776,-880,-16936,35,27,-32,0
E,47797201,kup,1019,0,1399,1520,,,,,,,0
S,47797832,kup,1019,0,1399,1520,1840,-936,-17016,32,21,-29,0
S,47807824,kup,1019,0,1399,1520,1944,-984,-17144,38,22,-29,0
S,47817822,kup,1019,0,1399,1520,2192,-920,-16992,34,8,-41,0
S,47827822,kup,1019,0,1399,1520,2760,-856,-16968,37,-21,-41,0
S,47837822,kup,1019,0,1399,1520,1936,-624,-16976,40,-39,-19,0
S,47847822,kup,1019,0,1399,1520,2104,-1152,-16896,44,-32,-23,0
S,47857822,kup,1019,0,1399,1520,1944,-1144,-16944,45,-12,-25,0
S,47867822,kup,1019,0,1399,1520,1912,-952,-16912,37,17,-30,0
S,47877822,kup,1019,0,1399,1520,2016,-928,-16960,33,44,-29,0
S,47887822,kup,1019,0,1399,1520,1968,-920,-16944,34,58,-34,0
S,47897822,kup,1019,0,1399,1520,1760,-936,-17056,26,48,-31,0
S,47907822,kup,1019,0,1399,1520,1896,-864,-16928,37,28,-32,0
S,47917822,kup,1019,0,1399,1520,1944,-840,-16912,40,15,-31,0
S,47927822,kup,1019,0,1399,1520,1872,-928,-16784,44,2,-24,0
S,47937822,kup,1019,0,1399,1520,1952,-952,-16944,38,4,-25,0
S,47947822,kup,1019,0,1399,1520,1912,-1008,-16840,39,25,-33,0
S,47957822,kup,1019,0,1399,1520,1848,-1008,-16984,40,27,-34,0
S,47967822,kup,1019,0,1399,1520,1928,-848,-16920,34,39,-34,0
S,47977822,kup,1019,0,1399,1520,1856,-928,-16992,36,30,-29,0
S,47987822,kup,1019,0,1399,1520,1960,-896,-16928,36,22,-27,0
S,47997822,kup,1019,0,1399,1520,1952,-904,-17096,37,16,-26,0
S,48007822,kup,1019,0,1399,1520,1808,-976,-17120,40,16,-28,0
S,48017822,kup,1019,0,1399,1520,1976,-1016,-16840,46,17,-27,0
S,48027822,kup,1019,0,1399,1520,1752,-872,-16928,36,24,-27,0
S,48037822,kup,1019,0,1399,1520,1904,-928,-16944,37,31,-30,0
S,48047822,kup,1019,0,1399,1520,1912,-968,-17064,38,27,-33,0
E,48047927,kup,1020,0,1400,1520,,,,,,,0
S,48048558,kup,1020,0,1400,1520,1896,-912,-17064,35,21,-32,0
S,48058548,kup,1020,0,1400,1520,1840,-1016,-16888,36,23,-31,0
S,48068547,kup,1020,0,1400,1520,1896,-896,-17064,43,20,-29,0
S,48078547,kup,1020,0,1400,1520,1888,-864,-16856,36,19,-22,0
S,48088547,kup,1020,0,1400,1520,1856,-1040,-16904,39,20,-38,0
S,48098547,kup,1020,0,1400,1520,1976,-920,-16912,39,27,-28,0
S,48108547,kup,1020,0,1400,1520,1904,-1056,-17008,33,30,-28,0
S,48118547,kup,1020,0,1400,1520,1792,-1048,-17024,37,35,-25,0
S,48128547,kup,1020,0,1400,1520,1880,-928,-16968,36,25,-28,0
S,48138547,kup,1020,0,1400,1520,1816,-976,-16960,33,20,-31,0
S,48148548,kup,1020,0,1400,1520,1904,-984,-17080,41,20,-28,0
S,48158548,kup,1020,0,1400,1520,1808,-1016,-17112,39,22,-26,0
S,48168547,kup,1020,0,1400,1520,1896,-960,-17088,40,19,-29,0
S,48178547,kup,1020,0,1400,1520,1912,-968,-17048,38,20,-30,0
S,48188547,kup,1020,0,1400,1520,1952,-832,-16944,41,25,-33,0
S,48198547,kup,1020,0,1400,1520,1864,-1024,-16936,38,24,-30,0
S,48208547,kup,1020,0,1400,1520,1840,-928,-16936,40,18,-29,0
S,48218547,kup,1020,0,1400,1520,1808,-1144,-17040,42,22,-27,0
S,48228547,kup,1020,0,1400,1520,1832,-1016,-16968,40,25,-33,0
S,48238547,kup,1020,0,1400,1520,1864,-952,-16920,40,27,-27,0
S,48248548,kup,1020,0,1400,1520,1920,-896,-16896,34,24,-29,0
S,48258547,kup,1020,0,1400,1520,1760,-976,-16952,39,30,-25,0
S,48268547,kup,1020,0,1400,1520,1936,-1072,-17032,35,25,-27,0
S,48278547,kup,1020,0,1400,1520,1880,-944,-16976,34,27,-29,0
S,48288547,kup,1020,0,1400,1520,1840,-944,-17072,37,28,-29,0
S,48298547,kup,1020,0,1400,1520,1872,-896,-16976,38,22,-29,0
E,48298652,kup,1021,0,1401,1520,,,,,,,0
S,48299283,kup,1021,0,1401,1520,1800,-1024,-17104,39,23,-31,0
S,48309274,kup,1021,0,1401,1520,1864,-1008,-17016,35,20,-23,0
S,48319273,kup,1021,0,1401,1520,1896,-984,-16840,32,21,-28,0
S,48329272,kup,1021,0,1401,1520,1824,-960,-16864,30,24,-29,0
S,48339272,kup,1021,0,1401,1520,1832,-904,-16880,33,27,-34,0
S,48349272,kup,1021,0,1401,1520,1912,-1032,-16936,34,26,-31,0
S,48359273,kup,1021,0,1401,1520,1872,-928,-16936,36,26,-30,0
S,48369272,kup,1021,0,1401,1520,1864,-752,-17056,35,19,-24,0
S,48379272,kup,1021,0,1401,1520,1880,-944,-17024,39,23,-31,0
S,48389272,kup,1021,0,1401,1520,1952,-992,-17064,37,22,-34,0
S,48399272,kup,1021,0,1401,1520,1864,-888,-16888,39,24,-24,0
S,48409272,kup,1021,0,1401,1520,1896,-984,-17000,44,25,-32,0
S,48419273,kup,1021,0,1401,1520,1880,-928,-16840,38,21,-35,0
S,48429272,kup,1021,0,1401,1520,1864,-912,-17048,30,22,-32,0
S,48439273,kup,1021,0,1401,1520,1888,-928,-17024,38,19,-29,0
S,48449272,kup,1021,0,1401,1520,1872,-1152,-17000,37,22,-26,0
S,48459272,kup,1021,0,1401,1520,1920,-944,-16912,39,26,-26,0
S,48469272,kup,1021,0,1401,1520,1864,-952,-17024,38,24,-28,0
S,48479273,kup,1021,0,1401,1520,1808,-1008,-16968,37,24,-34,0
S,48489273,kup,1021,0,1401,1520,1776,-976,-16888,38,27,-31,0
S,48499273,kup,1021,0,1401,1520,1984,-928,-17024,33,29,-33,0
S,48509273,kup,1021,0,1401,1520,1808,-936,-17024,32,22,-32,0
S,48519272,kup,1021,0,1401,1520,1952,-992,-16912,37,23,-28,0
S,48529272,kup,1021,0,1401,1520,1816,-912,-17024,35,22,-30,0
S,48539272,kup,1021,0,1401,1520,1840,-944,-16920,44,18,-31,0
S,48549273,kup,1021,0,1401,1520,1880,-968,-16968,35,22,-28,0
E,48549382,kup,1022,0,1402,1520,,,,,,,0
S,48550013,kup,1022,0,1402,1520,1824,-912,-16832,38,24,-30,0
S,48560003,kup,1022,0,1402,1520,1816,-1016,-16960,36,23,-31,0
S,48570002,kup,1022,0,1402,1520,1976,-912,-17048,40,22,-26,0
S,48580002,kup,1022,0,1402,1520,1752,-1152,-16976,42,30,-26,0
S,48590002,kup,1022,0,1402,1520,1832,-952,-16896,39,19,-35,0
S,48600002,kup,1022,0,1402,1520,1856,-1048,-16984,44,26,-33,0
S,48610002,kup,1022,0,1402,1520,1952,-864,-16992,37,21,-28,0
S,48620002,kup,1022,0,1402,1520,1896,-984,-17024,34,25,-33,0
S,48630002,kup,1022,0,1402,1520,1840,-976,-16992,38,20,-25,0
S,48640002,kup,1022,0,1402,1520,1896,-992,-16992,34,21,-27,0
S,48650002,kup,1022,0,1402,1520,1936,-936,-16928,37,21,-32,0
S,48660002,kup,1022,0,1402,1520,1872,-952,-16952,37,21,-28,0
S,48670002,kup,1022,0,1402,1520,1928,-992,-17008,40,27,-28,0
S,48680002,kup,1022,0,1402,1520,1880,-976,-16840,37,24,-32,0
S,48690002,kup,1022,0,1402,1520,1816,-1024,-16880,38,16,-29,0
S,48700002,kup,1022,0,1402,1520,1872,-952,-16992,36,22,-29,0
S,48710002,kup,1022,0,1402,1520,1808,-800,-17032,37,30,-24,0
S,48720002,kup,1022,0,1402,1520,1888,-1000,-17040,40,27,-29,0
S,48730002,kup,1022,0,1402,1520,1984,-984,-16904,38,24,-35,0
S,48740002,kup,1022,0,1402,1520,2024,-944,-17008,36,25,-25,0
S,48750002,kup,1022,0,1402,1520,1952,-912,-17016,37,22,-33,0
S,48760002,kup,1022,0,1402,1520,1800,-928,-16968,34,19,-27,0
S,48770002,kup,1022,0,1402,1520,1912,-952,-17040,40,24,-24,0
S,48780002,kup,1022,0,1402,1520,1952,-1064,-16928,35,27,-31,0
S,48790002,kup,1022,0,1402,1520,1880,-976,-16856,38,19,-32,0
S,48800002,kup,1022,0,1402,1520,1944,-992,-16976,36,18,-29,0
E,48800107,kup,1023,0,1403,1520,,,,,,,0
S,48800739,kup,1023,0,1403,1520,1856,-832,-17048,38,19,-29,0
S,48810731,kup,1023,0,1403,1520,1824,-952,-16968,36,24,-29,0
S,48820730,kup,1023,0,1403,1520,1936,-944,-17048,36,22,-31,0
S,48830730,kup,1023,0,1403,1520,1936,-928,-16936,44,24,-24,0
S,48840730,kup,1023,0,1403,1520,1992,-848,-17016,41,21,-30,0
S,48850730,kup,1023,0,1403,1520,1960,-872,-16864,40,22,-28,0
S,48860730,kup,1023,0,1403,1520,1912,-936,-17024,43,20,-30,0
S,48870730,kup,1023,0,1403,1520,1848,-1032,-16928,31,22,-26,0
S,48880729,kup,1023,0,1403,1520,1992,-1112,-17056,38,20,-28,0
S,48890730,kup,1023,0,1403,1520,1880,-1016,-16976,41,16,-27,0
S,48900730,kup,1023,0,1403,1520,1928,-1048,-16952,39,28,-30,0
S,48910730,kup,1023,0,1403,1520,1904,-1048,-17048,34,20,-28,0
S,48920730,kup,1023,0,1403,1520,1848,-992,-17072,39,23,-31,0
S,48930730,kup,1023,0,1403,1520,1912,-816,-17048,34,24,-34,0
S,48940730,kup,1023,0,1403,1520,1816,-1024,-17032,39,22,-38,0
S,48950729,kup,1023,0,1403,1520,1944,-1024,-16960,39,29,-29,0
S,48960729,kup,1023,0,1403,1520,1848,-1040,-17064,38,18,-29,0
S,48970730,kup,1023,0,1403,1520,1832,-984,-17104,38,21,-32,0
S,48980730,kup,1023,0,1403,1520,2024,-920,-17048,37,20,-29,0
S,48990730,kup,1023,0,1403,1520,1968,-1032,-16888,38,26,-33,0
S,49000730,kup,1023,0,1403,1520,1840,-960,-16976,35,26,-37,0
S,49010730,kup,1023,0,1403,1520,1880,-968,-17056,37,18,-27,0
S,49020730,kup,1023,0,1403,1520,1880,-872,-16936,40,18,-30,0
S,49030730,kup,1023,0,1403,1520,1944,-920,-17032,41,22,-30,0
S,49040730,kup,1023,0,1403,1520,1856,-936,-17032,39,21,-30,0
S,49050729,kup,1023,0,1403,1520,1888,-912,-17008,31,23,-39,0
E,49050834,kup,1024,0,1404,1520,,,,,,,0
S,49051465,kup,1024,0,1404,1520,1880,-944,-16928,37,27,-31,0
S,49061458,kup,1024,0,1404,1520,1824,-928,-16944,38,25,-28,0
S,49071457,kup,1024,0,1404,1520,1960,-864,-16960,38,28,-29,0
S,49081456,kup,1024,0,1404,1520,1912,-1040,-17072,39,24,-25,0
S,49091456,kup,1024,0,1404,1520,1840,-920,-17040,40,23,-25,0
S,49101457,kup,1024,0,1404,1520,1696,-1016,-16992,35,20,-29,0
S,49111456,kup,1024,0,1404,1520,1968,-1024,-17016,36,18,-29,0
S,49121457,kup,1024,0,1404,1520,1840,-1040,-17008,39,25,-21,0
S,49131457,kup,1024,0,1404,1520,1816,-992,-16968,42,21,-30,0
S,49141457,kup,1024,0,1404,1520,1880,-1032,-16928,38,19,-28,0
S,49151456,kup,1024,0,1404,1520,1928,-904,-17032,38,20,-26,0
S,49161456,kup,1024,0,1404,1520,1872,-1000,-17008,34,22,-29,0
S,49171457,kup,1024,0,1404,1520,1920,-1080,-16992,42,20,-33,0
S,49181457,kup,1024,0,1404,1520,1808,-1064,-16960,33,25,-30,0
S,49191456,kup,1024,0,1404,1520,1936,-928,-16976,39,23,-26,0
S,49201456,kup,1024,0,1404,1520,1960,-984,-16968,38,21,-27,0
S,49211456,kup,1024,0,1404,1520,1896,-1064,-16960,37,27,-31,0
S,49221456,kup,1024,0,1404,1520,1792,-912,-16816,28,22,-33,0
S,49231457,kup,1024,0,1404,1520,1960,-1056,-17040,45,23,-26,0
S,49241457,kup,1024,0,1404,1520,1824,-1024,-17088,31,22,-31,0
S,49251456,kup,1024,0,1404,1520,1840,-944,-16744,35,24,-33,0
S,49261456,kup,1024,0,1404,1520,1872,-1000,-17112,37,22,-28,0
S,49271456,kup,1024,0,1404,1520,1968,-920,-17064,38,19,-27,0
S,49281456,kup,1024,0,1404,1520,1848,-976,-16984,38,23,-31,0
S,49291456,kup,1024,0,1404,1520,1880,-1040,-16976,36,25,-28,0
S,49301456,kup,1024,0,1404,1520,1912,-920,-16912,40,30,-32,0
E,49301561,kup,1025,0,1405,1520,,,,,,,0
S,49302192,kup,1025,0,1405,1520,1944,-920,-16888,34,28,-28,0
S,49312184,kup,1025,0,1405,1520,1000,-1208,-17128,36,18,-23,0
S,49322182,kup,1025,0,1405,1520,216,-1032,-16160,40,-19,-26,0
S,49332182,kup,1025,0,1405,1520,-464,-1000,-16192,43,-75,-21,0
S,49342182,kup,1025,0,1405,1520,3544,-904,-16112,40,-124,-17,0
S,49352182,kup,1025,0,1405,1520,3320,-504,-16224,51,-127,-4,0
S,49362182,kup,1025,0,1405,1520,1456,-1272,-17192,31,-73,0,0
S,49372182,kup,1025,0,1405,1520,1848,-936,-16952,38,5,-23,0
S,49382182,kup,1025,0,1405,1520,1888,-840,-16632,37,74,-32,0
S,49392182,kup,1025,0,1405,1520,1848,-992,-16712,35,116,-36,0
S,49402182,kup,1025,0,1405,1520,1896,-824,-16992,24,112,-42,0
S,49412182,kup,1025,0,1405,1520,1744,-904,-16960,27,73,-45,0
S,49422182,kup,1025,0,1405,1520,1792,-952,-17064,48,35,-29,0
S,49432182,kup,1025,0,1405,1520,1856,-896,-17160,46,-15,-23,0
S,49442182,kup,1025,0,1405,1520,1944,-976,-17032,42,-26,-21,0
S,49452182,kup,1025,0,1405,1520,1736,-976,-16904,34,-17,-25,0
S,49462182,kup,1025,0,1405,1520,1864,-920,-16944,41,12,-26,0
S,49472182,kup,1025,0,1405,1520,1808,-1016,-16984,42,33,-27,0
S,49482182,kup,1025,0,1405,1520,1888,-872,-17024,37,54,-34,0
S,49492182,kup,1025,0,1405,1520,1848,-936,-17136,34,50,-36,0
S,49502182,kup,1025,0,1405,1520,1912,-920,-17064,31,34,-33,0
S,49512182,kup,1025,0,1405,1520,1848,-1096,-16992,35,19,-25,0
S,49522182,kup,1025,0,1405,1520,1768,-960,-17088,38,5,-27,0
S,49532182,kup,1025,0,1405,1520,1776,-1016,-17120,46,9,-31,0
S,49542182,kup,1025,0,1405,1520,1880,-1000,-16992,41,19,-28,0
S,49552182,kup,1025,0,1405,1520,1864,-840,-17040,36,25,-32,0
E,49552287,kup,1026,0,1406,1520,,,,,,,0
S,49552922,kup,1026,0,1406,1520,1912,-936,-17024,31,22,-31,0
S,49562913,kup,1026,0,1406,1520,1936,-1000,-17048,35,35,-33,0
S,49572912,kup,1026,0,1406,1520,1856,-984,-17040,40,31,-32,0
S,49582912,kup,1026,0,1406,1520,1864,-1080,-17008,38,27,-28,0
S,49592912,kup,1026,0,1406,1520,1840,-992,-17008,40,13,-23,0
S,49602912,kup,1026,0,1406,1520,1800,-1016,-16960,39,18,-27,0
S,49612912,kup,1026,0,1406,1520,1800,-1000,-17000,40,17,-30,0
S,49622912,kup,1026,0,1406,1520,1784,-960,-17088,36,26,-31,0
S,49632912,kup,1026,0,1406,1520,1808,-960,-17048,38,34,-29,0
S,49642912,kup,1026,0,1406,1520,1744,-904,-17024,36,29,-32,0
S,49652912,kup,1026,0,1406,1520,1768,-928,-17064,35,15,-27,0
S,49662912,kup,1026,0,1406,1520,1832,-936,-16928,40,23,-34,0
S,49672912,kup,1026,0,1406,1520,1856,-888,-16984,40,18,-29,0
S,49682912,kup,1026,0,1406,1520,1808,-880,-16912,37,21,-23,0
S,49692912,kup,1026,0,1406,1520,1816,-984,-16952,38,25,-30,0
S,49702912,kup,1026,0,1406,1520,1848,-896,-17024,32,24,-31,0
S,49712912,kup,1026,0,1406,1520,1760,-920,-17032,34,21,-33,0
S,49722912,kup,1026,0,1406,1520,1872,-992,-16896,35,27,-31,0
S,49732912,kup,1026,0,1406,1520,1880,-1032,-17048,41,23,-27,0
S,49742912,kup,1026,0,1406,1520,1840,-1064,-16992,42,21,-28,0
S,49752912,kup,1026,0,1406,1520,1840,-912,-16880,35,19,-31,0
S,49762912,kup,1026,0,1406,1520,1816,-904,-17008,38,22,-29,0
S,49772912,kup,1026,0,1406,1520,1800,-1000,-16944,38,26,-23,0
S,49782912,kup,1026,0,1406,1520,1728,-1040,-17024,39,26,-28,0
S,49792912,kup,1026,0,1406,1520,1800,-912,-16984,35,26,-33,0
S,49802912,kup,1026,0,1406,1520,1864,-904,-17056,35,22,-30,0
E,49803017,kup,1027,0,1407,1520,,,,,,,0
S,49803650,kup,1027,0,1407,1520,1792,-1056,-16976,35,22,-30,0
S,49813641,kup,1027,0,1407,1520,1792,-1064,-16952,40,24,-29,0
S,49823640,kup,1027,0,1407,1520,1888,-984,-17136,39,22,-28,0
S,49833640,kup,1027,0,1407,1520,1840,-1032,-17008,35,25,-32,0
S,49843640,kup,1027,0,1407,1520,1848,-880,-17048,44,14,-30,0
S,49853640,kup,1027,0,1407,1520,1856,-904,-17056,46,25,-26,0
S,49863640,kup,1027,0,1407,1520,1880,-840,-17128,35,20,-26,0
S,49873640,kup,1027,0,1407,1520,1848,-1056,-17080,40,27,-30,0
S,49883640,kup,1027,0,1407,1520,1744,-808,-16976,37,25,-30,0
S,49893640,kup,1027,0,1407,1520,1864,-1032,-17032,38,15,-31,0
S,49903640,kup,1027,0,1407,1520,1760,-992,-17000,37,25,-29,0
S,49913640,kup,1027,0,1407,1520,1760,-1096,-16840,35,16,-26,0
S,49923640,kup,1027,0,1407,1520,1792,-1048,-16968,39,26,-30,0
S,49933640,kup,1027,0,1407,1520,1792,-920,-17056,36,28,-29,0
S,49943640,kup,1027,0,1407,1520,1904,-1064,-16976,38,24,-30,0
S,49953640,kup,1027,0,1407,1520,1800,-808,-17048,37,27,-28,0
S,49963640,kup,1027,0,1407,1520,1808,-840,-17024,37,22,-27,0
S,49973640,kup,1027,0,1407,1520,1952,-920,-16936,38,24,-27,0
S,49983640,kup,1027,0,1407,1520,1824,-1104,-17032,36,20,-32,0
S,49993640,kup,1027,0,1407,1520,1808,-920,-17056,42,26,-35,0
S,50003640,kup,1027,0,1407,1520,1880,-1064,-17016,32,24,-34,0
S,50013639,kup,1027,0,1407,1520,1816,-912,-17016,39,24,-33,0
S,50023640,kup,1027,0,1407,1520,1696,-1064,-16976,35,23,-21,0
S,50033640,kup,1027,0,1407,1520,1864,-848,-16984,35,23,-29,0
S,50043640,kup,1027,0,1407,1520,1888,-984,-16944,36,18,-28,0
S,50053639,kup,1027,0,1407,1520,1936,-856,-16888,32,21,-28,0
E,50053744,kup,1028,0,1408,1520,,,,,,,0
S,50054379,kup,1028,0,1408,1520,1880,-944,-16896,38,24,-29,0
S,50064370,kup,1028,0,1408,1520,1784,-888,-17024,33,20,-25,0
S,50074369,kup,1028,0,1408,1520,2968,-928,-16944,38,-2,-44,0
S,50084369,kup,1028,0,1408,1520,2352,-896,-16864,34,-24,-28,0
S,50094369,kup,1028,0,1408,1520,1912,-944,-17040,32,-38,-16,0
S,50104369,kup,1028,0,1408,1520,1912,-1200,-17032,46,-37,-21,0
S,50114369,kup,1028,0,1408,1520,1824,-952,-17080,46,-8,-22,0
S,50124369,kup,1028,0,1408,1520,1824,-1072,-17104,35,27,-29,0
S,50134369,kup,1028,0,1408,1520,1744,-912,-17032,36,52,-33,0
S,50144369,kup,1028,0,1408,1520,1816,-1088,-17096,26,58,-29,0
S,50154369,kup,1028,0,1408,1520,1872,-1016,-17000,35,42,-35,0
S,50164369,kup,1028,0,1408,1520,1656,-984,-16984,34,24,-30,0
S,50174369,kup,1028,0,1408,1520,1648,-952,-16968,44,1,-30,0
S,50184369,kup,1028,0,1408,1520,1872,-936,-16968,46,-3,-22,0
S,50194369,kup,1028,0,1408,1520,1888,-952,-17008,37,9,-30,0
S,50204369,kup,1028,0,1408,1520,1848,-968,-17000,33,17,-26,0
S,50214369,kup,1028,0,1408,1520,1656,-952,-17096,35,39,-29,0
S,50224369,kup,1028,0,1408,1520,1784,-960,-16984,31,35,-27,0
S,50234369,kup,1028,0,1408,1520,1784,-904,-16872,35,29,-29,0
S,50244369,kup,1028,0,1408,1520,1744,-960,-17024,39,21,-27,0
S,50254370,kup,1028,0,1408,1520,1816,-920,-17144,36,8,-24,0
S,50264369,kup,1028,0,1408,1520,1728,-912,-16952,46,10,-26,0
S,50274369,kup,1028,0,1408,1520,1760,-1120,-16984,43,16,-29,0
S,50284369,kup,1028,0,1408,1520,1872,-904,-16944,37,28,-32,0
S,50294369,kup,1028,0,1408,1520,1768,-1024,-16888,35,30,-27,0
S,50304369,kup,1028,0,1408,1520,1832,-912,-17088,34,21,-23,0
E,50304474,kup,1029,0,1409,1520,,,,,,,0
S,50305105,kup,1029,0,1409,1520,1832,-976,-16976,34,21,-23,0
S,50315095,kup,1029,0,1409,1520,1816,-920,-16888,41,23,-27,0
S,50325094,kup,1029,0,1409,1520,1856,-976,-17000,45,15,-27,0
S,50335094,kup,1029,0,1409,1520,1720,-1000,-16944,45,14,-24,0
S,50345094,kup,1029,0,1409,1520,1920,-1016,-16968,42,15,-30,0
S,50355094,kup,1029,0,1409,1520,1824,-1024,-17016,37,20,-27,0
S,50365094,kup,1029,0,1409,1520,1784,-888,-16960,39,30,-22,0
S,50375094,kup,1029,0,1409,1520,1752,-1040,-16968,33,30,-32,0
S,50385094,kup,1029,0,1409,1520,1848,-936,-17016,38,29,-30,0
S,50395094,kup,1029,0,1409,1520,1824,-968,-16968,40,24,-27,0
S,50405094,kup,1029,0,1409,1520,1792,-1048,-16920,42,20,-32,0
S,50415094,kup,1029,0,1409,1520,1768,-920,-16976,41,12,-31,0
S,50425094,kup,1029,0,1409,1520,1792,-1008,-17016,37,22,-31,0
S,50435094,kup,1029,0,1409,1520,1736,-952,-16920,39,29,-32,0
S,50445094,kup,1029,0,1409,1520,1768,-920,-17032,37,29,-22,0
S,50455094,kup,1029,0,1409,1520,1680,-936,-16952,37,26,-28,0
S,50465094,kup,1029,0,1409,1520,1736,-952,-17008,38,26,-32,0
S,50475094,kup,1029,0,1409,1520,1904,-888,-16912,38,17,-30,0
S,50485094,kup,1029,0,1409,1520,1872,-1024,-16936,38,15,-29,0
S,50495094,kup,1029,0,1409,1520,1816,-896,-16992,39,22,-30,0
S,50505094,kup,1029,0,1409,1520,1832,-968,-17000,42,25,-32,0
S,50515094,kup,1029,0,1409,1520,1880,-1048,-16960,34,25,-33,0
S,50525094,kup,1029,0,1409,1520,1864,-960,-16848,39,29,-33,0
S,50535094,kup,1029,0,1409,1520,1792,-992,-17088,39,25,-30,0
S,50545094,kup,1029,0,1409,1520,1792,-1064,-17128,34,19,-28,0
S,50555094,kup,1029,0,1409,1520,1776,-912,-16984,35,24,-34,0
E,50555199,kup,1030,0,1410,1520,,,,,,,0
S,50555830,kup,1030,0,1410,1520,1760,-984,-16952,38,22,-23,0
S,50565821,kup,1030,0,1410,1520,1864,-1072,-16976,41,23,-28,0
S,50575820,kup,1030,0,1410,1520,1648,-896,-17040,37,26,-33,0
S,50585820,kup,1030,0,1410,1520,1784,-984,-16920,40,27,-30,0
S,50595820,kup,1030,0,1410,1520,1864,-904,-17040,35,25,-28,0
S,50605820,kup,1030,0,1410,1520,1864,-888,-17008,33,25,-31,0
S,50615820,kup,1030,0,1410,1520,1688,-952,-16944,39,21,-26,0
S,50625820,kup,1030,0,1410,1520,1848,-976,-16952,31,26,-26,0
S,50635820,kup,1030,0,1410,1520,1784,-872,-16992,39,21,-31,0
S,50645820,kup,1030,0,1410,1520,1832,-1016,-17000,40,23,-27,0
S,50655820,kup,1030,0,1410,1520,1728,-984,-16976,43,18,-28,0
S,50665820,kup,1030,0,1410,1520,1776,-968,-16944,34,26,-30,0
S,50675820,kup,1030,0,1410,1520,1800,-968,-17008,35,23,-31,0
S,50685820,kup,1030,0,1410,1520,1856,-936,-17032,39,26,-29,0
S,50695820,kup,1030,0,1410,1520,1904,-1088,-17088,40,25,-31,0
S,50705820,kup,1030,0,1410,1520,1840,-912,-16952,33,27,-36,0
S,50715820,kup,1030,0,1410,1520,1696,-1032,-17008,38,15,-30,0
S,50725820,kup,1030,0,1410,1520,1720,-976,-17064,40,23,-28,0
S,50735820,kup,1030,0,1410,1520,1664,-880,-16992,36,25,-23,0
S,50745820,kup,1030,0,1410,1520,1784,-920,-16984,38,25,-27,0
S,50755820,kup,1030,0,1410,1520,1848,-928,-17040,39,21,-26,0
S,50765820,kup,1030,0,1410,1520,1848,-960,-17032,37,25,-28,0
S,50775820,kup,1030,0,1410,1520,1864,-984,-16944,36,23,-27,0
S,50785820,kup,1030,0,1410,1520,1808,-960,-17048,37,24,-29,0
S,50795820,kup,1030,0,1410,1520,1800,-1120,-17064,42,25,-32,0
S,50805820,kup,1030,0,1410,1520,1776,-1096,-16992,37,25,-32,0
E,50805926,kup,1031,0,1411,1520,,,,,,,0
S,50806557,kup,1031,0,1411,1520,1808,-904,-17032,37,25,-32,0
S,50816548,kup,1031,0,1411,1520,944,-1120,-17088,38,9,-29,0
S,50826546,kup,1031,0,1411,1520,3392,-480,-16416,33,-5,-29,0
S,50836546,kup,1031,0,1411,1520,1984,-1128,-16696,41,-55,-46,0
S,50846547,kup,1031,0,1411,1520,2128,-936,-16800,44,-80,-23,0
S,50856546,kup,1031,0,1411,1520,1880,-736,-16816,38,-74,-7,0
S,50866546,kup,1031,0,1411,1520,1840,-1096,-16920,41,-43,-17,0
S,50876547,kup,1031,0,1411,1520,1728,-1016,-16840,31,1,-26,0
S,50886546,kup,1031,0,1411,1520,1824,-1080,-17032,32,41,-25,0
S,50896547,kup,1031,0,1411,1520,1784,-792,-16952,39,66,-35,0
S,50906546,kup,1031,0,1411,1520,1744,-984,-16968,31,65,-36,0
S,50916546,kup,1031,0,1411,1520,1736,-888,-17024,35,43,-30,0
S,50926547,kup,1031,0,1411,1520,1712,-960,-16952,37,13,-31,0
S,50936546,kup,1031,0,1411,1520,1704,-888,-17136,40,-1,-24,0
S,50946547,kup,1031,0,1411,1520,1792,-1024,-17048,46,2,-24,0
S,50956546,kup,1031,0,1411,1520,1696,-976,-17072,43,16,-24,0
S,50966546,kup,1031,0,1411,1520,1672,-1048,-16984,38,30,-29,0
S,50976546,kup,1031,0,1411,1520,1800,-832,-16952,32,46,-30,0
S,50986547,kup,1031,0,1411,1520,1712,-1000,-16912,35,41,-31,0
S,50996547,kup,1031,0,1411,1520,1688,-976,-17072,36,28,-25,0
S,51006547,kup,1031,0,1411,1520,1688,-968,-17048,39,22,-27,0
S,51016547,kup,1031,0,1411,1520,1720,-832,-17104,42,11,-30,0
S,51026547,kup,1031,0,1411,1520,1688,-936,-16992,41,13,-26,0
S,51036546,kup,1031,0,1411,1520,1648,-912,-17136,36,17,-32,0
S,51046547,kup,1031,0,1411,1520,1792,-888,-16944,35,31,-29,0
S,51056546,kup,1031,0,1411,1520,1688,-912,-17056,40,33,-26,0
E,51056651,kup,1032,0,1412,1520,,,,,,,0
S,51057282,kup,1032,0,1412,1520,1680,-1040,-17000,39,30,-27,0
S,51067274,kup,1032,0,1412,1520,1712,-912,-16960,38,28,-30,0
S,51077272,kup,1032,0,1412,1520,1656,-1032,-16928,35,21,-32,0
S,51087272,kup,1032,0,1412,1520,1704,-792,-16888,35,17,-26,0
S,51097273,kup,1032,0,1412,1520,1832,-944,-16976,43,19,-30,0
S,51107272,kup,1032,0,1412,1520,1624,-872,-17080,38,16,-25,0
S,51117273,kup,1032,0,1412,1520,1736,-1024,-17032,44,27,-26,0
S,51127272,kup,1032,0,1412,1520,1800,-968,-16880,37,24,-32,0
S,51137273,kup,1032,0,1412,1520,1744,-1008,-16992,35,31,-26,0
S,51147272,kup,1032,0,1412,1520,1760,-1096,-17056,38,22,-29,0
S,51157272,kup,1032,0,1412,1520,1768,-992,-16976,42,24,-30,0
S,51167273,kup,1032,0,1412,1520,1792,-984,-17072,40,20,-27,0
S,51177273,kup,1032,0,1412,1520,1896,-928,-17040,44,23,-24,0
S,51187272,kup,1032,0,1412,1520,1704,-928,-16968,41,19,-25,0
S,51197272,kup,1032,0,1412,1520,1656,-920,-16984,40,24,-26,0
S,51207272,kup,1032,0,1412,1520,1648,-936,-17048,42,31,-27,0
S,51217273,kup,1032,0,1412,1520,1720,-896,-17000,30,25,-29,0
S,51227273,kup,1032,0,1412,1520,1680,-944,-16944,39,20,-34,0
S,51237272,kup,1032,0,1412,1520,1768,-952,-17040,36,20,-31,0
S,51247272,kup,1032,0,1412,1520,1696,-968,-17024,39,22,-35,0
S,51257273,kup,1032,0,1412,1520,1728,-1096,-16968,37,28,-27,0
S,51267273,kup,1032,0,1412,1520,1704,-944,-17024,35,25,-32,0
S,51277273,kup,1032,0,1412,1520,1696,-928,-17072,42,25,-26,0
S,51287272,kup,1032,0,1412,1520,1728,-968,-16976,35,23,-33,0
S,51297273,kup,1032,0,1412,1520,1744,-928,-17016,32,25,-30,0
S,51307272,kup,1032,0,1412,1520,1840,-944,-16920,36,23,-29,0
E,51307381,kup,1033,0,1413,1520,,,,,,,0
S,51308013,kup,1033,0,1413,1520,1840,-944,-16920,36,23,-29,0
S,51318003,kup,1033,0,1413,1520,1768,-928,-16920,41,22,-25,0
S,51328002,kup,1033,0,1413,1520,1736,-968,-16992,43,23,-32,0
S,51338002,kup,1033,0,1413,1520,1688,-1048,-16928,41,22,-28,0
S,51348002,kup,1033,0,1413,1520,1856,-984,-16976,42,25,-32,0
S,51358002,kup,1033,0,1413,1520,1664,-888,-17112,36,25,-28,0
S,51368002,kup,1033,0,1413,1520,1816,-944,-17072,41,29,-31,0
S,51378002,kup,1033,0,1413,1520,1680,-1096,-16928,36,22,-27,0
S,51388002,kup,1033,0,1413,1520,1680,-896,-16824,41,22,-33,0
S,51398002,kup,1033,0,1413,1520,1880,-952,-16976,42,26,-31,0
S,51408002,kup,1033,0,1413,1520,1656,-960,-16952,39,20,-28,0
S,51418002,kup,1033,0,1413,1520,1672,-896,-16904,40,24,-31,0
S,51428002,kup,1033,0,1413,1520,1712,-776,-16976,37,22,-29,0
S,51438002,kup,1033,0,1413,1520,1808,-1024,-17008,36,25,-28,0
S,51448002,kup,1033,0,1413,1520,1840,-952,-16896,40,20,-28,0
S,51458002,kup,1033,0,1413,1520,1752,-1016,-16952,39,25,-28,0
S,51468002,kup,1033,0,1413,1520,1728,-960,-17048,38,21,-33,0
S,51478002,kup,1033,0,1413,1520,1824,-944,-17064,41,25,-21,0
S,51488002,kup,1033,0,1413,1520,1744,-976,-16928,35,19,-27,0
S,51498002,kup,1033,0,1413,1520,1680,-1104,-16952,34,22,-30,0
S,51508002,kup,1033,0,1413,1520,1680,-1056,-16976,36,22,-31,0
S,51518002,kup,1033,0,1413,1520,1664,-1048,-17064,32,28,-31,0
S,51528002,kup,1033,0,1413,1520,1856,-904,-17104,38,21,-26,0
S,51538002,kup,1033,0,1413,1520,1760,-928,-16992,30,25,-31,0
S,51548002,kup,1033,0,1413,1520,1760,-896,-17000,34,24,-29,0
S,51558002,kup,1033,0,1413,1520,1752,-856,-17024,38,24,-22,0
E,51558107,kup,1034,0,1414,1520,,,,,,,0
S,51558739,kup,1034,0,1414,1520,1760,-848,-16928,37,24,-31,0
S,51568730,kup,1034,0,1414,1520,1736,-960,-16920,38,23,-26,0
S,51578728,kup,1034,0,1414,1520,1768,-920,-16840,41,23,-26,0
S,51588728,kup,1034,0,1414,1520,1728,-1000,-17088,40,23,-27,0
S,51598728,kup,1034,0,1414,1520,1800,-912,-16896,35,25,-29,0
S,51608728,kup,1034,0,1414,1520,1720,-864,-16904,38,26,-28,0
S,51618728,kup,1034,0,1414,1520,1816,-896,-16976,39,23,-29,0
S,51628728,kup,1034,0,1414,1520,1720,-864,-17032,37,24,-29,0
S,51638728,kup,1034,0,1414,1520,1776,-936,-16920,36,18,-32,0
S,51648728,kup,1034,0,1414,1520,1720,-960,-17152,41,31,-32,0
S,51658728,kup,1034,0,1414,1520,1704,-904,-16968,35,22,-28,0
S,51668728,kup,1034,0,1414,1520,1872,-1104,-16920,43,25,-23,0
S,51678728,kup,1034,0,1414,1520,1752,-944,-17056,38,30,-30,0
S,51688728,kup,1034,0,1414,1520,1712,-992,-17128,35,31,-30,0
S,51698728,kup,1034,0,1414,1520,1784,-1064,-17024,39,25,-24,0
S,51708728,kup,1034,0,1414,1520,1752,-928,-17104,42,21,-30,0
S,51718728,kup,1034,0,1414,1520,1712,-1008,-16968,31,16,-32,0
S,51728728,kup,1034,0,1414,1520,1712,-968,-16976,40,19,-33,0
S,51738728,kup,1034,0,1414,1520,1696,-1024,-17008,35,23,-31,0
S,51748728,kup,1034,0,1414,1520,1728,-928,-17088,42,23,-32,0
S,51758728,kup,1034,0,1414,1520,1848,-1112,-16976,37,28,-27,0
S,51768728,kup,1034,0,1414,1520,1688,-968,-16976,40,19,-28,0
S,51778728,kup,1034,0,1414,1520,1736,-840,-17008,40,19,-28,0
S,51788728,kup,1034,0,1414,1520,1672,-984,-17000,40,24,-31,0
S,51798728,kup,1034,0,1414,1520,1712,-1000,-16912,38,20,-31,0
S,51808728,kup,1034,0,1414,1520,1712,-1040,-16952,38,27,-25,0
E,51808833,kup,1035,0,1415,1520,,,,,,,0
S,51809465,kup,1035,0,1415,1520,1712,-1040,-16952,39,21,-27,0
S,51819457,kup,1035,0,1415,1520,1744,-872,-17008,38,25,-35,0
S,51829457,kup,1035,0,1415,1520,1704,-848,-16880,39,22,-30,0
S,51839456,kup,1035,0,1415,1520,1752,-960,-17032,39,30,-32,0
S,51849457,kup,1035,0,1415,1520,1832,-904,-16872,34,18,-31,0
S,51859456,kup,1035,0,1415,1520,1672,-936,-17064,39,18,-28,0
S,51869456,kup,1035,0,1415,1520,1672,-944,-16976,41,26,-34,0
S,51879456,kup,1035,0,1415,1520,1744,-920,-17104,46,27,-28,0
S,51889457,kup,1035,0,1415,1520,1728,-984,-17064,42,22,-27,0
S,51899457,kup,1035,0,1415,1520,1648,-920,-17056,39,24,-29,0
S,51909456,kup,1035,0,1415,1520,1752,-1032,-17096,42,23,-34,0
S,51919457,kup,1035,0,1415,1520,1752,-944,-17056,38,19,-31,0
S,51929457,kup,1035,0,1415,1520,1680,-928,-16936,38,26,-30,0
S,51939456,kup,1035,0,1415,1520,1720,-936,-17000,36,20,-30,0
S,51949457,kup,1035,0,1415,1520,1736,-872,-17024,39,23,-24,0
S,51959456,kup,1035,0,1415,1520,1720,-848,-16992,39,24,-26,0
S,51969456,kup,1035,0,1415,1520,1728,-1048,-16976,36,18,-34,0
S,51979457,kup,1035,0,1415,1520,1848,-880,-17032,41,18,-31,0
S,51989457,kup,1035,0,1415,1520,1632,-952,-17160,36,23,-27,0
S,51999456,kup,1035,0,1415,1520,1688,-984,-17024,40,20,-32,0
S,52009456,kup,1035,0,1415,1520,1792,-1072,-17000,38,16,-28,0
S,52019457,kup,1035,0,1415,1520,1664,-992,-16984,39,24,-28,0
S,52029456,kup,1035,0,1415,1520,1776,-1064,-16944,42,24,-30,0
S,52039457,kup,1035,0,1415,1520,1816,-800,-16984,39,20,-29,0
S,52049457,kup,1035,0,1415,1520,1864,-912,-17120,37,23,-30,0
S,52059456,kup,1035,0,1415,1520,1800,-928,-17016,32,19,-31,0
E,52059561,kup,1036,0,1416,1520,,,,,,,0
S,52060199,kup,1036,0,1416,1520,1720,-1048,-16976,36,26,-30,0
S,52070186,kup,1036,0,1416,1520,1840,-1072,-17032,43,24,-28,0
S,52080185,kup,1036,0,1416,1520,1824,-1016,-17008,39,19,-34,0
S,52090185,kup,1036,0,1416,1520,1792,-920,-17008,40,23,-30,0
S,52100185,kup,1036,0,1416,1520,1800,-1112,-16960,42,24,-32,0
S,52110185,kup,1036,0,1416,1520,1696,-944,-16848,38,24,-31,0
S,52120185,kup,1036,0,1416,1520,1800,-1112,-17024,38,17,-25,0
S,52130185,kup,1036,0,1416,1520,1768,-976,-16944,36,19,-21,0
S,52140185,kup,1036,0,1416,1520,1808,-976,-17040,36,21,-26,0
S,52150185,kup,1036,0,1416,1520,1744,-912,-17080,34,25,-23,0
S,52160186,kup,1036,0,1416,1520,1696,-912,-16920,36,21,-31,0
S,52170185,kup,1036,0,1416,1520,1752,-968,-16952,33,17,-27,0
S,52180185,kup,1036,0,1416,1520,1728,-960,-17008,39,25,-30,0
S,52190185,kup,1036,0,1416,1520,1808,-976,-17040,35,24,-26,0
S,52200185,kup,1036,0,1416,1520,1704,-832,-16912,36,33,-25,0
S,52210186,kup,1036,0,1416,1520,1664,-952,-16952,35,24,-30,0
S,52220185,kup,1036,0,1416,1520,1752,-976,-16928,34,26,-23,0
S,52230185,kup,1036,0,1416,1520,1736,-1000,-17072,37,23,-28,0
S,52240185,kup,1036,0,1416,1520,1664,-888,-17024,42,23,-26,0
S,52250185,kup,1036,0,1416,1520,1672,-880,-17000,37,18,-31,0
S,52260185,kup,1036,0,1416,1520,1720,-968,-17000,36,25,-25,0
S,52270185,kup,1036,0,1416,1520,1752,-992,-16952,38,17,-31,0
S,52280185,kup,1036,0,1416,1520,1736,-944,-16976,27,18,-23,0
S,52290185,kup,1036,0,1416,1520,1824,-960,-17016,43,24,-36,0
S,52300185,kup,1036,0,1416,1520,1808,-872,-16944,38,19,-31,0
S,52310186,kup,1036,0,1416,1520,1768,-1016,-17064,39,17,-34,0
E,52310291,kup,1037,0,1417,1520,,,,,,,0
S,52310927,kup,1037,0,1417,1520,1768,-1016,-17064,43,23,-31,0
S,52320918,kup,1037,0,1417,1520,1104,-696,-17176,32,9,-39,0
S,52330916,kup,1037,0,1417,1520,992,-392,-16536,40,-27,-45,0
S,52340916,kup,1037,0,1417,1520,2376,-1480,-16376,45,-113,-8,0
S,52350916,kup,1037,0,1417,1520,2424,-672,-16656,46,-160,-30,0
S,52360916,kup,1037,0,1417,1520,2008,-888,-16776,38,-173,1,0
S,52370916,kup,1037,0,1417,1520,1448,-1264,-17160,27,-140,1,0
S,52380916,kup,1037,0,1417,1520,1616,-920,-17024,38,-60,-11,0
S,52390916,kup,1037,0,1417,1520,1776,-1048,-16800,44,24,-27,0
S,52400916,kup,1037,0,1417,1520,1688,-896,-16792,45,86,-38,0
S,52410916,kup,1037,0,1417,1520,1792,-912,-16952,22,113,-46,0
S,52420916,kup,1037,0,1417,1520,1808,-912,-16920,21,103,-47,0
S,52430916,kup,1037,0,1417,1520,1680,-744,-17104,34,67,-34,0
S,52440916,kup,1037,0,1417,1520,1632,-952,-17160,52,24,-31,0
S,52450916,kup,1037,0,1417,1520,1536,-912,-17040,48,-12,-24,0
S,52460916,kup,1037,0,1417,1520,1600,-1040,-16872,42,-26,-19,0
S,52470916,kup,1037,0,1417,1520,1616,-880,-16800,32,-18,-21,0
S,52480916,kup,1037,0,1417,1520,1744,-992,-17024,43,14,-29,0
S,52490916,kup,1037,0,1417,1520,1616,-1000,-17024,44,40,-28,0
S,52500916,kup,1037,0,1417,1520,1624,-1032,-17032,41,47,-41,0
S,52510916,kup,1037,0,1417,1520,1568,-904,-17056,35,44,-38,0
S,52520916,kup,1037,0,1417,1520,1592,-992,-16984,32,32,-28,0
S,52530916,kup,1037,0,1417,1520,1640,-1032,-17008,42,16,-28,0
S,52540916,kup,1037,0,1417,1520,1632,-952,-17208,48,1,-30,0
S,52550916,kup,1037,0,1417,1520,1792,-904,-16968,43,8,-27,0
S,52560916,kup,1037,0,1417,1520,1744,-928,-16984,42,25,-28,0
E,52561021,kup,1038,0,1418,1520,,,,,,,0
S,52561660,kup,1038,0,1418,1520,1640,-912,-16992,41,20,-28,0
S,52571649,kup,1038,0,1418,1520,1680,-832,-16968,28,28,-35,0
S,52581648,kup,1038,0,1418,1520,1640,-984,-16992,31,30,-25,0
S,52591647,kup,1038,0,1418,1520,1656,-960,-16944,42,30,-32,0
S,52601648,kup,1038,0,1418,1520,1568,-888,-17096,41,19,-29,0
S,52611648,kup,1038,0,1418,1520,1512,-944,-16976,41,17,-31,0
S,52621647,kup,1038,0,1418,1520,1600,-920,-17008,35,12,-29,0
S,52631647,kup,1038,0,1418,1520,1624,-1040,-16944,35,19,-29,0
S,52641648,kup,1038,0,1418,1520,1768,-944,-17184,36,28,-33,0
S,52651648,kup,1038,0,1418,1520,1592,-912,-16992,41,30,-29,0
S,52661648,kup,1038,0,1418,1520,1576,-880,-17016,39,29,-29,0
S,52671647,kup,1038,0,1418,1520,1512,-976,-17096,28,20,-28,0
S,52681648,kup,1038,0,1418,1520,1744,-904,-17048,37,21,-25,0
S,52691647,kup,1038,0,1418,1520,1736,-952,-16936,46,17,-33,0
S,52701648,kup,1038,0,1418,1520,1528,-1000,-17008,42,14,-27,0
S,52711648,kup,1038,0,1418,1520,1624,-968,-16936,37,23,-30,0
S,52721648,kup,1038,0,1418,1520,1552,-1072,-17000,36,24,-34,0
S,52731648,kup,1038,0,1418,1520,1592,-944,-17008,35,28,-32,0
S,52741647,kup,1038,0,1418,1520,1712,-992,-16904,41,29,-28,0
S,52751647,kup,1038,0,1418,1520,1536,-1072,-16896,38,23,-31,0
S,52761648,kup,1038,0,1418,1520,1648,-952,-16992,41,20,-30,0
S,52771647,kup,1038,0,1418,1520,1664,-968,-16944,40,18,-31,0
S,52781647,kup,1038,0,1418,1520,1536,-936,-16896,34,25,-33,0
S,52791648,kup,1038,0,1418,1520,1656,-904,-16880,40,20,-32,0
S,52801648,kup,1038,0,1418,1520,1680,-944,-16992,42,29,-28,0
S,52811648,kup,1038,0,1418,1520,1552,-800,-17032,38,28,-29,0
E,52811752,kup,1039,0,1419,1520,,,,,,,0
S,52812387,kup,1039,0,1419,1520,1552,-800,-17032,36,29,-25,0
S,52822378,kup,1039,0,1419,1520,1568,-1032,-16912,38,26,-26,0
S,52832378,kup,1039,0,1419,1520,1584,-1024,-16984,40,21,-30,0
S,52842378,kup,1039,0,1419,1520,1616,-960,-16992,42,23,-32,0
S,52852378,kup,1039,0,1419,1520,1544,-952,-16976,40,18,-25,0
S,52862378,kup,1039,0,1419,1520,1696,-1072,-16920,39,23,-29,0
S,52872378,kup,1039,0,1419,1520,1632,-944,-17072,40,26,-29,0
S,52882377,kup,1039,0,1419,1520,1640,-896,-17016,36,26,-29,0
S,52892377,kup,1039,0,1419,1520,1608,-968,-17056,41,24,-30,0
S,52902378,kup,1039,0,1419,1520,1680,-840,-17136,43,24,-30,0
S,52912377,kup,1039,0,1419,1520,1552,-912,-17000,39,15,-26,0
S,52922377,kup,1039,0,1419,1520,1632,-976,-17008,36,23,-28,0
S,52932377,kup,1039,0,1419,1520,1656,-976,-17040,41,25,-34,0
S,52942377,kup,1039,0,1419,1520,1584,-928,-17000,40,29,-33,0
S,52952378,kup,1039,0,1419,1520,1600,-928,-17144,38,22,-32,0
S,52962377,kup,1039,0,1419,1520,1720,-992,-17040,34,28,-32,0
S,52972378,kup,1039,0,1419,1520,1576,-976,-16984,34,22,-35,0
S,52982377,kup,1039,0,1419,1520,1664,-960,-16944,38,23,-27,0
S,52992377,kup,1039,0,1419,1520,1664,-984,-16904,37,22,-30,0
S,53002377,kup,1039,0,1419,1520,1688,-1000,-17032,44,23,-19,0
S,53012377,kup,1039,0,1419,1520,1632,-864,-17048,34,22,-29,0
S,53022378,kup,1039,0,1419,1520,1616,-864,-16944,37,25,-32,0
S,53032378,kup,1039,0,1419,1520,1688,-928,-16960,36,22,-24,0
S,53042377,kup,1039,0,1419,1520,1664,-944,-16944,41,21,-27,0
S,53052377,kup,1039,0,1419,1520,1520,-984,-17000,35,17,-29,0
S,53062377,kup,1039,0,1419,1520,1520,-1008,-17000,36,26,-28,0
E,53062483,kup,1040,0,1420,1520,,,,,,,0
S,53063114,kup,1040,0,1420,1520,1776,-896,-16928,36,22,-33,0
S,53073104,kup,1040,0,1420,1520,1480,-936,-16928,47,19,-29,0
S,53083103,kup,1040,0,1420,1520,1552,-976,-17024,42,22,-28,0
S,53093103,kup,1040,0,1420,1520,1632,-968,-16856,38,22,-30,0
S,53103103,kup,1040,0,1420,1520,1704,-920,-16936,33,20,-34,0
S,53113103,kup,1040,0,1420,1520,1616,-960,-17008,33,22,-26,0
S,53123103,kup,1040,0,1420,1520,1544,-1056,-17016,32,21,-28,0
S,53133103,kup,1040,0,1420,1520,1664,-936,-16920,35,22,-28,0
S,53143103,kup,1040,0,1420,1520,1480,-880,-17048,45,20,-22,0
S,53153103,kup,1040,0,1420,1520,1624,-1000,-17128,33,22,-33,0
S,53163103,kup,1040,0,1420,1520,1656,-920,-17032,35,26,-27,0
S,53173103,kup,1040,0,1420,1520,1568,-816,-17080,39,26,-29,0
S,53183103,kup,1040,0,1420,1520,1528,-920,-17016,39,22,-24,0
S,53193103,kup,1040,0,1420,1520,1648,-1000,-16984,42,21,-30,0
S,53203103,kup,1040,0,1420,1520,1624,-872,-17104,35,21,-28,0
S,53213103,kup,1040,0,1420,1520,1608,-912,-16872,35,24,-24,0
S,53223103,kup,1040,0,1420,1520,1648,-976,-17096,37,21,-34,0
S,53233104,kup,1040,0,1420,1520,1544,-992,-16888,41,25,-32,0
S,53243103,kup,1040,0,1420,1520,1624,-1056,-17016,43,23,-32,0
S,53253103,kup,1040,0,1420,1520,1552,-992,-16944,34,19,-31,0
S,53263103,kup,1040,0,1420,1520,1640,-1048,-16904,37,24,-29,0
S,53273103,kup,1040,0,1420,1520,1576,-992,-17080,37,24,-33,0
S,53283103,kup,1040,0,1420,1520,1552,-912,-17136,33,22,-31,0
S,53293103,kup,1040,0,1420,1520,1512,-936,-17016,39,21,-31,0
S,53303103,kup,1040,0,1420,1520,1592,-832,-17040,36,19,-31,0
S,53313103,kup,1040,0,1420,1520,1632,-1024,-16992,32,15,-27,0
E,53313209,kup,1041,0,1421,1520,,,,,,,0
S,53313840,kup,1041,0,1421,1520,1608,-1040,-17040,32,22,-29,0
S,53323830,kup,1041,0,1421,1520,1552,-968,-17048,37,26,-27,0
S,53333829,kup,1041,0,1421,1520,1576,-1032,-17096,35,20,-27,0
S,53343829,kup,1041,0,1421,1520,1680,-912,-17056,33,24,-25,0
S,53353829,kup,1041,0,1421,1520,1728,-960,-17000,38,19,-27,0
S,53363829,kup,1041,0,1421,1520,1544,-968,-16976,39,25,-22,0
S,53373829,kup,1041,0,1421,1520,1584,-1000,-16992,39,27,-27,0
S,53383829,kup,1041,0,1421,1520,1592,-976,-16928,34,22,-30,0
S,53393829,kup,1041,0,1421,1520,1528,-856,-16944,38,24,-32,0
S,53403829,kup,1041,0,1421,1520,1616,-960,-16952,36,22,-29,0
S,53413829,kup,1041,0,1421,1520,1592,-904,-17120,35,26,-26,0
S,53423829,kup,1041,0,1421,1520,1600,-976,-17064,39,24,-26,0
S,53433829,kup,1041,0,1421,1520,1592,-880,-17120,36,24,-33,0
S,53443829,kup,1041,0,1421,1520,1552,-920,-17032,37,25,-30,0
S,53453829,kup,1041,0,1421,1520,1608,-976,-17048,44,25,-29,0
S,53463829,kup,1041,0,1421,1520,1648,-1016,-17048,37,22,-30,0
S,53473830,kup,1041,0,1421,1520,1552,-872,-17152,38,19,-28,0
S,53483829,kup,1041,0,1421,1520,1488,-1072,-17016,36,19,-29,0
S,53493829,kup,1041,0,1421,1520,1656,-960,-16920,32,17,-25,0
S,53503829,kup,1041,0,1421,1520,1696,-1024,-16968,40,21,-23,0
S,53513829,kup,1041,0,1421,1520,1648,-944,-17056,39,27,-36,0
S,53523829,kup,1041,0,1421,1520,1608,-992,-17096,37,31,-31,0
S,53533829,kup,1041,0,1421,1520,1616,-968,-17056,37,23,-27,0
S,53543829,kup,1041,0,1421,1520,1744,-800,-16896,39,22,-26,0
S,53553829,kup,1041,0,1421,1520,1608,-904,-17096,37,21,-30,0
S,53563829,kup,1041,0,1421,1520,1696,-960,-16968,42,20,-30,0
E,53563934,kup,1042,0,1422,1520,,,,,,,0
S,53564572,kup,1042,0,1422,1520,1704,-976,-17024,37,23,-30,0
S,53574560,kup,1042,0,1422,1520,1680,-944,-17048,34,20,-29,0
S,53584559,kup,1042,0,1422,1520,1616,-1040,-17072,38,22,-29,0
S,53594558,kup,1042,0,1422,1520,1544,-808,-16944,40,22,-21,0
S,53604558,kup,1042,0,1422,1520,1688,-944,-17032,31,19,-31,0
S,53614558,kup,1042,0,1422,1520,1528,-960,-17080,36,22,-33,0
S,53624558,kup,1042,0,1422,1520,1552,-984,-17048,41,27,-28,0
S,53634558,kup,1042,0,1422,1520,1592,-1080,-17016,41,26,-29,0
S,53644559,kup,1042,0,1422,1520,1648,-1008,-17016,40,26,-29,0
S,53654558,kup,1042,0,1422,1520,1672,-944,-17024,37,23,-27,0
S,53664558,kup,1042,0,1422,1520,1536,-1024,-16992,42,26,-30,0
S,53674558,kup,1042,0,1422,1520,1520,-936,-17016,37,23,-26,0
S,53684559,kup,1042,0,1422,1520,1576,-1000,-16968,35,21,-32,0
S,53694558,kup,1042,0,1422,1520,1656,-1008,-16984,37,23,-35,0
S,53704558,kup,1042,0,1422,1520,1752,-912,-16936,43,24,-26,0
S,53714558,kup,1042,0,1422,1520,1600,-928,-16976,31,29,-29,0
S,53724559,kup,1042,0,1422,1520,1592,-944,-16952,40,28,-28,0
S,53734558,kup,1042,0,1422,1520,1752,-952,-16968,35,24,-29,0
S,53744558,kup,1042,0,1422,1520,1584,-1064,-17024,40,20,-30,0
S,53754558,kup,1042,0,1422,1520,1640,-992,-17032,42,24,-25,0
S,53764558,kup,1042,0,1422,1520,1624,-992,-16944,37,20,-28,0
S,53774558,kup,1042,0,1422,1520,1584,-848,-16936,40,26,-25,0
S,53784559,kup,1042,0,1422,1520,1648,-944,-16992,41,26,-35,0
S,53794558,kup,1042,0,1422,1520,1704,-960,-17064,40,28,-26,0
S,53804558,kup,1042,0,1422,1520,1696,-968,-17024,40,19,-25,0
S,53814558,kup,1042,0,1422,1520,1696,-976,-16928,40,24,-27,0
E,53814663,kup,1043,0,1423,1520,,,,,,,0
S,53815294,kup,1043,0,1423,1520,1632,-864,-17008,42,29,-30,0
S,53825284,kup,1043,0,1423,1520,1760,-872,-17128,34,29,-33,0
S,53835283,kup,1043,0,1423,1520,2648,-768,-15528,43,-20,-56,0
S,53845283,kup,1043,0,1423,1520,1968,-1360,-16224,39,-86,-38,0
S,53855283,kup,1043,0,1423,1520,2792,-800,-16456,34,-121,-22,0
S,53865283,kup,1043,0,1423,1520,2072,-1248,-16648,38,-130,-5,0
S,53875283,kup,1043,0,1423,1520,1512,-944,-16840,38,-100,-13,0
S,53885283,kup,1043,0,1423,1520,1664,-992,-16928,35,-51,-10,0
S,53895283,kup,1043,0,1423,1520,1744,-968,-16864,41,21,-30,0
S,53905283,kup,1043,0,1423,1520,1656,-960,-16928,39,67,-41,0
S,53915283,kup,1043,0,1423,1520,1480,-952,-17096,32,87,-37,0
S,53925283,kup,1043,0,1423,1520,1656,-976,-17040,27,74,-36,0
S,53935283,kup,1043,0,1423,1520,1656,-888,-16912,35,48,-31,0
S,53945283,kup,1043,0,1423,1520,1568,-1008,-16984,45,24,-31,0
S,53955283,kup,1043,0,1423,1520,1472,-1072,-17016,45,-4,-25,0
S,53965283,kup,1043,0,1423,1520,1568,-992,-17024,38,-8,-21,0
S,53975283,kup,1043,0,1423,1520,1624,-920,-16840,39,5,-26,0
S,53985283,kup,1043,0,1423,1520,1520,-872,-17056,37,21,-29,0
S,53995283,kup,1043,0,1423,1520,1584,-984,-16992,40,46,-34,0
S,54005283,kup,1043,0,1423,1520,1448,-976,-16944,34,43,-33,0
S,54015284,kup,1043,0,1423,1520,1464,-960,-17048,35,36,-29,0
S,54025283,kup,1043,0,1423,1520,1536,-920,-17144,37,21,-32,0
S,54035284,kup,1043,0,1423,1520,1552,-1016,-17032,40,11,-27,0
S,54045283,kup,1043,0,1423,1520,1520,-944,-16920,44,16,-32,0
S,54055283,kup,1043,0,1423,1520,1536,-920,-17056,42,20,-31,0
S,54065283,kup,1043,0,1423,1520,1528,-856,-17016,39,24,-28,0
E,54065392,kup,1044,0,1424,1520,,,,,,,0
S,54066023,kup,1044,0,1424,1520,1520,-1024,-17056,45,28,-28,0
S,54076015,kup,1044,0,1424,1520,1480,-1120,-16968,36,29,-29,0
S,54086014,kup,1044,0,1424,1520,1600,-824,-16928,34,24,-31,0
S,54096013,kup,1044,0,1424,1520,1560,-880,-16912,38,23,-32,0
S,54106013,kup,1044,0,1424,1520,1680,-1056,-17176,33,19,-28,0
S,54116013,kup,1044,0,1424,1520,1488,-952,-17032,40,18,-32,0
S,54126013,kup,1044,0,1424,1520,1400,-1040,-17016,40,18,-30,0
S,54136013,kup,1044,0,1424,1520,1488,-920,-17064,45,25,-29,0
S,54146013,kup,1044,0,1424,1520,1504,-1000,-17024,35,24,-29,0
S,54156013,kup,1044,0,1424,1520,1544,-992,-16936,36,28,-31,0
S,54166013,kup,1044,0,1424,1520,1528,-944,-17120,39,32,-28,0
S,54176013,kup,1044,0,1424,1520,1584,-968,-17016,40,22,-33,0
S,54186013,kup,1044,0,1424,1520,1520,-1088,-17080,35,20,-28,0
S,54196013,kup,1044,0,1424,1520,1512,-880,-16960,40,20,-26,0
S,54206013,kup,1044,0,1424,1520,1400,-904,-16968,38,21,-29,0
S,54216013,kup,1044,0,1424,1520,1464,-976,-17064,35,27,-31,0
S,54226013,kup,1044,0,1424,1520,1544,-856,-17016,37,28,-28,0
S,54236013,kup,1044,0,1424,1520,1536,-976,-17072,33,28,-26,0
S,54246013,kup,1044,0,1424,1520,1608,-904,-17032,34,23,-30,0
S,54256013,kup,1044,0,1424,1520,1544,-880,-17000,39,25,-31,0
S,54266013,kup,1044,0,1424,1520,1552,-952,-17016,39,22,-30,0
S,54276013,kup,1044,0,1424,1520,1480,-968,-16960,38,21,-32,0
S,54286013,kup,1044,0,1424,1520,1448,-1064,-16960,39,25,-24,0
S,54296013,kup,1044,0,1424,1520,1504,-976,-17056,38,31,-29,0
S,54306013,kup,1044,0,1424,1520,1448,-1048,-17072,35,22,-22,0
S,54316013,kup,1044,0,1424,1520,1392,-880,-17048,35,14,-29,0
E,54316118,kup,1045,0,1425,1520,,,,,,,0
S,54316750,kup,1045,0,1425,1520,1496,-1064,-17112,37,18,-38,0
S,54326742,kup,1045,0,1425,1520,1568,-912,-16952,34,23,-27,0
S,54336740,kup,1045,0,1425,1520,1456,-960,-17088,33,21,-30,0
S,54346740,kup,1045,0,1425,1520,1576,-960,-16960,36,22,-28,0
S,54356740,kup,1045,0,1425,1520,1568,-1088,-17008,38,25,-27,0
S,54366740,kup,1045,0,1425,1520,1472,-944,-17048,40,25,-28,0
S,54376740,kup,1045,0,1425,1520,1672,-928,-17056,41,25,-30,0
S,54386740,kup,1045,0,1425,1520,1488,-912,-16976,37,22,-29,0
S,54396740,kup,1045,0,1425,1520,1504,-936,-17016,35,23,-23,0
S,54406740,kup,1045,0,1425,1520,1544,-1000,-17112,36,27,-26,0
S,54416740,kup,1045,0,1425,1520,1472,-992,-17064,35,25,-30,0
S,54426740,kup,1045,0,1425,1520,1496,-920,-17040,42,18,-27,0
S,54436740,kup,1045,0,1425,1520,1528,-880,-17096,32,25,-29,0
S,54446740,kup,1045,0,1425,1520,1448,-1088,-16960,37,21,-32,0
S,54456740,kup,1045,0,1425,1520,1480,-992,-17048,38,24,-23,0
S,54466740,kup,1045,0,1425,1520,1528,-1000,-16920,39,26,-36,0
S,54476740,kup,1045,0,1425,1520,1544,-952,-17040,37,27,-30,0
S,54486740,kup,1045,0,1425,1520,1584,-1032,-17112,39,18,-31,0
S,54496740,kup,1045,0,1425,1520,1448,-872,-17104,43,25,-26,0
S,54506740,kup,1045,0,1425,1520,1504,-960,-16976,39,29,-27,0
S,54516740,kup,1045,0,1425,1520,1584,-904,-16992,40,22,-31,0
S,54526740,kup,1045,0,1425,1520,1608,-1016,-17072,37,19,-31,0
S,54536740,kup,1045,0,1425,1520,1656,-984,-17032,40,20,-33,0
S,54546740,kup,1045,0,1425,1520,1440,-1032,-17048,42,23,-32,0
S,54556740,kup,1045,0,1425,1520,1552,-1040,-16992,34,24,-33,0
S,54566740,kup,1045,0,1425,1520,1544,-856,-17024,41,22,-33,0
E,54566845,kup,1046,0,1426,1520,,,,,,,0
S,54567476,kup,1046,0,1426,1520,1568,-832,-17032,39,26,-29,0
S,54577468,kup,1046,0,1426,1520,1200,-1024,-16928,38,22,-32,0
S,54587468,kup,1046,0,1426,1520,1008,-1000,-17104,30,0,-43,0
S,54597468,kup,1046,0,1426,1520,1488,-1312,-17416,33,-7,-24,0
S,54607468,kup,1046,0,1426,1520,1456,-872,-17088,39,-6,-27,0
S,54617468,kup,1046,0,1426,1520,1456,-1112,-17144,51,12,-32,0
S,54627468,kup,1046,0,1426,1520,1472,-960,-17072,45,28,-26,0
S,54637468,kup,1046,0,1426,1520,1576,-976,-17088,30,42,-28,0
S,54647468,kup,1046,0,1426,1520,1568,-912,-16992,31,42,-32,0
S,54657468,kup,1046,0,1426,1520,1416,-1008,-17112,38,30,-30,0
S,54667468,kup,1046,0,1426,1520,1448,-1032,-16976,41,15,-34,0
S,54677468,kup,1046,0,1426,1520,1512,-1016,-17040,46,11,-32,0
S,54687468,kup,1046,0,1426,1520,1576,-968,-17064,44,9,-27,0
S,54697468,kup,1046,0,1426,1520,1464,-1056,-17032,39,18,-27,0
S,54707468,kup,1046,0,1426,1520,1512,-928,-16968,29,29,-28,0
S,54717468,kup,1046,0,1426,1520,1496,-872,-17008,39,29,-28,0
S,54727468,kup,1046,0,1426,1520,1560,-928,-17048,39,29,-27,0
S,54737468,kup,1046,0,1426,1520,1512,-920,-17112,36,25,-29,0
S,54747468,kup,1046,0,1426,1520,1536,-1032,-17120,38,16,-30,0
S,54757468,kup,1046,0,1426,1520,1416,-1008,-17032,38,18,-26,0
S,54767468,kup,1046,0,1426,1520,1528,-904,-17000,39,17,-29,0
S,54777468,kup,1046,0,1426,1520,1472,-880,-16952,43,24,-29,0
S,54787468,kup,1046,0,1426,1520,1544,-928,-17056,36,24,-31,0
S,54797468,kup,1046,0,1426,1520,1480,-952,-17024,37,21,-25,0
S,54807468,kup,1046,0,1426,1520,1496,-976,-17088,40,26,-33,0
S,54817468,kup,1046,0,1426,1520,1464,-960,-17024,45,24,-27,0
E,54817572,kup,1047,0,1427,1520,,,,,,,0
S,54818204,kup,1047,0,1427,1520,1680,-936,-16952,41,20,-27,0
S,54828194,kup,1047,0,1427,1520,1488,-968,-17032,36,19,-24,0
S,54838193,kup,1047,0,1427,1520,1536,-912,-17064,42,15,-31,0
S,54848194,kup,1047,0,1427,1520,1488,-1008,-17208,33,19,-20,0
S,54858194,kup,1047,0,1427,1520,1592,-1024,-16872,35,27,-26,0
S,54868193,kup,1047,0,1427,1520,1424,-928,-16872,41,29,-31,0
S,54878193,kup,1047,0,1427,1520,1568,-920,-16944,39,26,-26,0
S,54888193,kup,1047,0,1427,1520,1472,-928,-17176,40,25,-25,0
S,54898194,kup,1047,0,1427,1520,1536,-1080,-17056,36,11,-24,0
S,54908193,kup,1047,0,1427,1520,1584,-1112,-16912,39,21,-34,0
S,54918193,kup,1047,0,1427,1520,1464,-1032,-16952,42,22,-25,0
S,54928193,kup,1047,0,1427,1520,1600,-944,-16920,33,21,-23,0
S,54938193,kup,1047,0,1427,1520,1520,-896,-17032,38,25,-24,0
S,54948193,kup,1047,0,1427,1520,1360,-1064,-17104,35,26,-31,0
S,54958193,kup,1047,0,1427,1520,1520,-992,-16952,42,17,-30,0
S,54968193,kup,1047,0,1427,1520,1384,-832,-16896,39,18,-23,0
S,54978193,kup,1047,0,1427,1520,1432,-928,-17032,42,25,-29,0
S,54988193,kup,1047,0,1427,1520,1504,-952,-17096,39,22,-31,0
S,54998193,kup,1047,0,1427,1520,1592,-1056,-17120,39,25,-27,0
S,55008193,kup,1047,0,1427,1520,1608,-792,-16832,35,23,-24,0
S,55018193,kup,1047,0,1427,1520,1544,-1120,-17136,41,25,-27,0
S,55028193,kup,1047,0,1427,1520,1472,-1008,-17048,42,25,-29,0
S,55038193,kup,1047,0,1427,1520,1528,-1008,-17064,33,17,-29,0
S,55048193,kup,1047,0,1427,1520,1656,-968,-16968,35,20,-33,0
S,55058193,kup,1047,0,1427,1520,1480,-936,-17096,39,20,-28,0
S,55068193,kup,1047,0,1427,1520,1504,-912,-17080,40,21,-30,0
E,55068298,kup,1048,0,1428,1520,,,,,,,0
S,55068934,kup,1048,0,1428,1520,1616,-896,-17056,36,20,-33,0
S,55078924,kup,1048,0,1428,1520,1656,-920,-16952,38,26,-29,0
S,55088923,kup,1048,0,1428,1520,1520,-960,-17056,33,25,-33,0
S,55098923,kup,1048,0,1428,1520,1520,-1032,-16984,36,22,-29,0
S,55108923,kup,1048,0,1428,1520,1560,-992,-17112,39,17,-30,0
S,55118923,kup,1048,0,1428,1520,1488,-904,-17016,41,26,-27,0
S,55128923,kup,1048,0,1428,1520,1488,-960,-17136,41,21,-27,0
S,55138923,kup,1048,0,1428,1520,1552,-848,-16976,43,26,-27,0
S,55148924,kup,1048,0,1428,1520,1480,-1008,-17072,43,24,-24,0
S,55158923,kup,1048,0,1428,1520,1520,-912,-17032,45,20,-25,0
S,55168923,kup,1048,0,1428,1520,1608,-936,-17032,42,25,-31,0
S,55178923,kup,1048,0,1428,1520,1640,-968,-16992,38,19,-29,0
S,55188923,kup,1048,0,1428,1520,1608,-1032,-17080,37,17,-28,0
S,55198923,kup,1048,0,1428,1520,1528,-976,-17016,32,19,-28,0
S,55208923,kup,1048,0,1428,1520,1560,-944,-16976,42,23,-28,0
S,55218923,kup,1048,0,1428,1520,1480,-992,-16992,45,22,-28,0
S,55228924,kup,1048,0,1428,1520,1464,-1016,-17104,37,25,-32,0
S,55238923,kup,1048,0,1428,1520,1632,-1032,-17064,44,21,-25,0
S,55248923,kup,1048,0,1428,1520,1440,-984,-16928,41,23,-31,0
S,55258923,kup,1048,0,1428,1520,1536,-936,-17008,42,26,-26,0
S,55268923,kup,1048,0,1428,1520,1600,-832,-17008,36,23,-34,0
S,55278923,kup,1048,0,1428,1520,1552,-880,-16976,35,24,-31,0
S,55288924,kup,1048,0,1428,1520,1664,-1024,-17000,36,23,-29,0
S,55298923,kup,1048,0,1428,1520,1496,-880,-17112,38,23,-26,0
S,55308924,kup,1048,0,1428,1520,1504,-960,-17136,48,22,-26,0
S,55318923,kup,1048,0,1428,1520,1520,-1056,-17104,42,22,-31,0
E,55319029,kup,1049,0,1429,1520,,,,,,,0
S,55319661,kup,1049,0,1429,1520,1600,-960,-17056,37,21,-35,0
S,55329654,kup,1049,0,1429,1520,392,-984,-17256,39,12,-29,0
S,55339653,kup,1049,0,1429,1520,1296,-888,-15968,42,-29,-63,0
S,55349653,kup,1049,0,1429,1520,1408,-1408,-17080,44,-112,-26,0
S,55359653,kup,1049,0,1429,1520,816,-648,-17344,42,-187,-25,0
S,55369653,kup,1049,0,1429,1520,2592,-592,-16840,27,-238,-13,0
S,55379653,kup,1049,0,1429,1520,1144,-872,-17144,33,-209,15,0
S,55389653,kup,1049,0,1429,1520,1624,-1024,-16944,38,-158,9,0
S,55399653,kup,1049,0,1429,1520,1576,-1024,-17120,46,-64,-16,0
S,55409653,kup,1049,0,1429,1520,1560,-856,-17136,47,28,-24,0
S,55419653,kup,1049,0,1429,1520,1480,-840,-17072,34,102,-29,0
S,55429653,kup,1049,0,1429,1520,1384,-984,-17128,20,126,-47,0
S,55439653,kup,1049,0,1429,1520,1376,-1008,-17056,23,108,-47,0
S,55449653,kup,1049,0,1429,1520,1208,-936,-16928,46,76,-45,0
S,55459653,kup,1049,0,1429,1520,1360,-896,-16960,59,34,-33,0
S,55469653,kup,1049,0,1429,1520,1472,-968,-17056,45,-7,-23,0
S,55479653,kup,1049,0,1429,1520,1456,-896,-17112,28,-25,-23,0
S,55489653,kup,1049,0,1429,1520,1288,-1024,-17064,29,-12,-29,0
S,55499653,kup,1049,0,1429,1520,1384,-920,-17024,38,5,-25,0
S,55509653,kup,1049,0,1429,1520,1344,-912,-16952,49,36,-25,0
S,55519653,kup,1049,0,1429,1520,1232,-944,-17040,34,46,-34,0
S,55529653,kup,1049,0,1429,1520,1336,-976,-17248,27,45,-32,0
S,55539653,kup,1049,0,1429,1520,1288,-1000,-17000,21,30,-31,0
S,55549653,kup,1049,0,1429,1520,1440,-1080,-17000,44,14,-26,0
S,55559653,kup,1049,0,1429,1520,1344,-1032,-17072,51,7,-32,0
S,55569653,kup,1049,0,1429,1520,1408,-968,-17088,46,13,-30,0
E,55569758,kup,1050,0,1430,1520,,,,,,,0
S,55570392,kup,1050,0,1430,1520,1368,-1000,-17072,43,10,-33,0
S,55580384,kup,1050,0,1430,1520,1368,-1008,-17112,31,17,-29,0
S,55590383,kup,1050,0,1430,1520,1368,-1104,-17048,30,25,-31,0
S,55600383,kup,1050,0,1430,1520,1440,-960,-16912,36,32,-34,0
S,55610383,kup,1050,0,1430,1520,1264,-1016,-17168,51,33,-31,0
S,55620383,kup,1050,0,1430,1520,1248,-1072,-17104,36,24,-30,0
S,55630383,kup,1050,0,1430,1520,1288,-968,-17032,30,13,-27,0
S,55640383,kup,1050,0,1430,1520,1488,-920,-17024,30,19,-30,0
S,55650383,kup,1050,0,1430,1520,1368,-1168,-17016,42,20,-29,0
S,55660383,kup,1050,0,1430,1520,1416,-1088,-16904,43,22,-28,0
S,55670383,kup,1050,0,1430,1520,1280,-872,-16976,40,31,-33,0
S,55680383,kup,1050,0,1430,1520,1360,-912,-17024,30,32,-27,0
S,55690383,kup,1050,0,1430,1520,1408,-1000,-16912,36,25,-33,0
S,55700383,kup,1050,0,1430,1520,1384,-944,-17096,42,21,-28,0
S,55710383,kup,1050,0,1430,1520,1392,-1056,-17104,39,17,-28,0
S,55720383,kup,1050,0,1430,1520,1344,-968,-17072,40,17,-31,0
S,55730383,kup,1050,0,1430,1520,1328,-976,-17024,35,28,-28,0
S,55740383,kup,1050,0,1430,1520,1496,-968,-17008,36,28,-32,0
S,55750383,kup,1050,0,1430,1520,1400,-944,-17064,39,29,-33,0
S,55760383,kup,1050,0,1430,1520,1416,-984,-17040,38,25,-27,0
S,55770383,kup,1050,0,1430,1520,1424,-976,-16920,47,17,-30,0
S,55780383,kup,1050,0,1430,1520,1384,-880,-17024,34,19,-27,0
S,55790383,kup,1050,0,1430,1520,1224,-1016,-17056,35,24,-27,0
S,55800383,kup,1050,0,1430,1520,1392,-1008,-17016,39,27,-27,0
S,55810383,kup,1050,0,1430,1520,1400,-1056,-17104,47,22,-31,0
S,55820383,kup,1050,0,1430,1520,1368,-960,-17088,38,22,-33,0
E,55820488,kup,1051,0,1431,1520,,,,,,,0
S,55821119,kup,1051,0,1431,1520,1312,-1080,-17088,36,26,-32,0
S,55831109,kup,1051,0,1431,1520,1400,-968,-17056,27,28,-33,0
S,55841109,kup,1051,0,1431,1520,1416,-936,-17024,31,25,-32,0
S,55851108,kup,1051,0,1431,1520,1240,-896,-17064,42,26,-31,0
S,55861109,kup,1051,0,1431,1520,1312,-968,-16984,37,20,-28,0
S,55871108,kup,1051,0,1431,1520,1360,-912,-17040,37,18,-29,0
S,55881109,kup,1051,0,1431,1520,1368,-1000,-17000,33,23,-27,0
S,55891109,kup,1051,0,1431,1520,1440,-1072,-17000,34,22,-31,0
S,55901109,kup,1051,0,1431,1520,1264,-928,-17088,45,25,-35,0
S,55911108,kup,1051,0,1431,1520,1448,-1024,-16992,41,28,-30,0
S,55921109,kup,1051,0,1431,1520,1376,-952,-17160,36,21,-33,0
S,55931109,kup,1051,0,1431,1520,1352,-864,-16856,37,20,-24,0
S,55941108,kup,1051,0,1431,1520,1352,-1024,-16976,42,25,-28,0
S,55951108,kup,1051,0,1431,1520,1336,-1008,-17072,42,19,-31,0
S,55961108,kup,1051,0,1431,1520,1360,-920,-16976,40,25,-31,0
S,55971108,kup,1051,0,1431,1520,1360,-944,-17016,38,30,-26,0
S,55981108,kup,1051,0,1431,1520,1432,-920,-16992,29,22,-27,0
S,55991108,kup,1051,0,1431,1520,1368,-992,-17064,35,23,-28,0
S,56001108,kup,1051,0,1431,1520,1432,-920,-17048,42,15,-27,0
S,56011108,kup,1051,0,1431,1520,1344,-864,-16960,40,23,-29,0
S,56021108,kup,1051,0,1431,1520,1288,-960,-17056,39,24,-22,0
S,56031108,kup,1051,0,1431,1520,1352,-984,-17064,34,19,-28,0
S,56041108,kup,1051,0,1431,1520,1472,-1136,-16976,34,24,-28,0
S,56051108,kup,1051,0,1431,1520,1392,-920,-17000,41,24,-25,0
S,56061109,kup,1051,0,1431,1520,1344,-904,-17000,43,21,-29,0
S,56071108,kup,1051,0,1431,1520,1472,-1064,-16992,38,28,-38,0
E,56071214,kup,1052,0,1432,1520,,,,,,,0
S,56071845,kup,1052,0,1432,1520,1296,-960,-16912,38,28,-38,0
S,56081836,kup,1052,0,1432,1520,1048,-1008,-17064,37,13,-31,0
S,56091834,kup,1052,0,1432,1520,1288,-744,-16960,37,5,-35,0
S,56101834,kup,1052,0,1432,1520,1344,-1128,-16984,42,-8,-24,0
S,56111834,kup,1052,0,1432,1520,1304,-1024,-17080,48,0,-18,0
S,56121834,kup,1052,0,1432,1520,1304,-976,-17088,45,7,-33,0
S,56131834,kup,1052,0,1432,1520,1360,-944,-17024,39,30,-29,0
S,56141834,kup,1052,0,1432,1520,1336,-952,-17112,30,36,-30,0
S,56151834,kup,1052,0,1432,1520,1376,-968,-17096,32,42,-24,0
S,56161834,kup,1052,0,1432,1520,1328,-1088,-17104,44,19,-26,0
S,56171834,kup,1052,0,1432,1520,1368,-928,-16984,42,18,-25,0
S,56181834,kup,1052,0,1432,1520,1304,-856,-17056,41,12,-29,0
S,56191834,kup,1052,0,1432,1520,1432,-920,-17024,38,11,-24,0
S,56201834,kup,1052,0,1432,1520,1440,-944,-17056,33,18,-29,0
S,56211834,kup,1052,0,1432,1520,1360,-1008,-16976,40,26,-33,0
S,56221834,kup,1052,0,1432,1520,1344,-872,-17136,36,31,-29,0
S,56231834,kup,1052,0,1432,1520,1176,-952,-17056,39,30,-32,0
S,56241834,kup,1052,0,1432,1520,1376,-1000,-17016,31,20,-31,0
S,56251834,kup,1052,0,1432,1520,1392,-928,-17040,39,21,-25,0
S,56261834,kup,1052,0,1432,1520,1424,-976,-16648,48,24,-33,0
S,56271834,kup,1052,0,1432,1520,1512,-816,-16896,44,17,-26,0
S,56281834,kup,1052,0,1432,1520,1488,-888,-16616,41,20,-32,0
S,56291834,kup,1052,0,1432,1520,1360,-1064,-16992,29,28,-32,0
S,56301834,kup,1052,0,1432,1520,1320,-1056,-16984,36,28,-25,0
S,56311834,kup,1052,0,1432,1520,1280,-1024,-17232,33,21,-31,0
S,56321834,kup,1052,0,1432,1520,1296,-968,-17008,39,17,-29,0
E,56321939,kup,1053,0,1433,1520,,,,,,,0
S,56322570,kup,1053,0,1433,1520,1304,-984,-17096,43,24,-31,0
S,56332561,kup,1053,0,1433,1520,1272,-976,-17136,42,21,-29,0
S,56342559,kup,1053,0,1433,1520,1272,-936,-16856,39,23,-29,0
S,56352559,kup,1053,0,1433,1520,1392,-968,-17168,39,21,-28,0
S,56362559,kup,1053,0,1433,1520,1352,-872,-17112,40,25,-30,0
S,56372559,kup,1053,0,1433,1520,1352,-920,-17088,41,26,-32,0
S,56382559,kup,1053,0,1433,1520,1336,-1000,-16976,38,23,-26,0
S,56392559,kup,1053,0,1433,1520,1360,-952,-17064,35,20,-31,0
S,56402559,kup,1053,0,1433,1520,1256,-1000,-16984,39,16,-29,0
S,56412560,kup,1053,0,1433,1520,1320,-1008,-16992,41,21,-31,0
S,56422559,kup,1053,0,1433,1520,1384,-896,-17208,31,21,-20,0
S,56432559,kup,1053,0,1433,1520,1336,-832,-17064,40,16,-32,0
S,56442559,kup,1053,0,1433,1520,1376,-968,-16936,39,24,-27,0
S,56452559,kup,1053,0,1433,1520,1304,-1000,-17000,41,21,-31,0
S,56462560,kup,1053,0,1433,1520,1320,-1048,-17088,40,19,-34,0
S,56472559,kup,1053,0,1433,1520,1344,-1088,-17000,38,27,-26,0
S,56482559,kup,1053,0,1433,1520,1288,-976,-17064,32,21,-30,0
S,56492560,kup,1053,0,1433,1520,1392,-992,-16872,35,20,-30,0
S,56502559,kup,1053,0,1433,1520,1336,-936,-17088,37,21,-26,0
S,56512559,kup,1053,0,1433,1520,1408,-928,-17072,39,29,-29,0
S,56522559,kup,1053,0,1433,1520,1296,-912,-17064,39,26,-28,0
S,56532560,kup,1053,0,1433,1520,1352,-1024,-16944,37,27,-28,0
S,56542560,kup,1053,0,1433,1520,1280,-1016,-17016,35,23,-26,0
S,56552559,kup,1053,0,1433,1520,1384,-928,-17080,34,19,-26,0
S,56562559,kup,1053,0,1433,1520,1328,-920,-17112,39,20,-33,0
S,56572559,kup,1053,0,1433,1520,1544,-928,-17008,41,19,-27,0
E,56572664,kup,1054,0,1434,1520,,,,,,,0
S,56573296,kup,1054,0,1434,1520,1360,-864,-16944,41,19,-27,0
S,56583286,kup,1054,0,1434,1520,1424,-920,-16920,41,18,-33,0
S,56593285,kup,1054,0,1434,1520,1216,-848,-17064,37,24,-31,0
S,56603286,kup,1054,0,1434,1520,1376,-1040,-17264,36,27,-31,0
S,56613285,kup,1054,0,1434,1520,1424,-920,-17072,38,22,-32,0
S,56623285,kup,1054,0,1434,1520,1288,-1024,-16944,35,26,-26,0
S,56633285,kup,1054,0,1434,1520,1360,-928,-17000,34,23,-32,0
S,56643286,kup,1054,0,1434,1520,1304,-1016,-17128,37,22,-38,0
S,56653286,kup,1054,0,1434,1520,1296,-1008,-17056,38,23,-33,0
S,56663285,kup,1054,0,1434,1520,1224,-1104,-17096,42,17,-33,0
S,56673286,kup,1054,0,1434,1520,1336,-1024,-17000,35,25,-31,0
S,56683286,kup,1054,0,1434,1520,1392,-1024,-17064,37,23,-30,0
S,56693286,kup,1054,0,1434,1520,1344,-1064,-17144,33,24,-32,0
S,56703285,kup,1054,0,1434,1520,1416,-992,-17160,35,20,-24,0
S,56713285,kup,1054,0,1434,1520,1328,-1032,-16952,35,23,-29,0
S,56723285,kup,1054,0,1434,1520,1248,-944,-16952,35,20,-29,0
S,56733286,kup,1054,0,1434,1520,1320,-848,-17160,35,21,-28,0
S,56743285,kup,1054,0,1434,1520,1264,-952,-17008,37,23,-28,0
S,56753285,kup,1054,0,1434,1520,1256,-928,-17064,36,24,-33,0
S,56763286,kup,1054,0,1434,1520,1280,-992,-17024,41,23,-29,0
S,56773285,kup,1054,0,1434,1520,1272,-952,-17040,33,22,-24,0
S,56783285,kup,1054,0,1434,1520,1304,-944,-17024,47,20,-29,0
S,56793286,kup,1054,0,1434,1520,1344,-1024,-16944,36,24,-33,0
S,56803286,kup,1054,0,1434,1520,1416,-1008,-16880,39,24,-24,0
S,56813286,kup,1054,0,1434,1520,1336,-872,-17104,35,19,-31,0
S,56823285,kup,1054,0,1434,1520,1448,-968,-16928,41,16,-27,0
E,56823394,kup,1055,0,1435,1520,,,,,,,0
S,56824026,kup,1055,0,1435,1520,1304,-1008,-17112,37,18,-31,0
S,56834016,kup,1055,0,1435,1520,1392,-904,-17008,37,24,-31,0
S,56844015,kup,1055,0,1435,1520,1056,-1184,-17048,36,3,-51,0
S,56854015,kup,1055,0,1435,1520,-512,-1104,-17680,39,-35,-74,0
S,56864015,kup,1055,0,1435,1520,2136,-968,-17048,40,-66,-24,0
S,56874015,kup,1055,0,1435,1520,2880,-232,-16944,47,-152,-31,0
S,56884015,kup,1055,0,1435,1520,992,-936,-17208,45,-156,-9,0
S,56894015,kup,1055,0,1435,1520,1120,-896,-17248,36,-139,3,0
S,56904015,kup,1055,0,1435,1520,1288,-968,-17032,30,-93,-10,0
S,56914015,kup,1055,0,1435,1520,1312,-840,-17192,38,-20,-21,0
S,56924015,kup,1055,0,1435,1520,1184,-992,-17288,41,48,-26,0
S,56934015,kup,1055,0,1435,1520,1320,-960,-17200,40,88,-40,0
S,56944015,kup,1055,0,1435,1520,1216,-952,-17200,33,86,-38,0
S,56954015,kup,1055,0,1435,1520,1336,-800,-17000,28,62,-37,0
S,56964015,kup,1055,0,1435,1520,1160,-888,-17056,40,27,-35,0
S,56974015,kup,1055,0,1435,1520,1416,-1056,-17096,50,-5,-23,0
S,56984015,kup,1055,0,1435,1520,1320,-880,-17096,49,-15,-22,0
S,56994015,kup,1055,0,1435,1520,1248,-976,-17176,42,0,-22,0
S,57004015,kup,1055,0,1435,1520,1192,-960,-17256,35,5,-31,0
S,57014015,kup,1055,0,1435,1520,1368,-1024,-16936,35,37,-31,0
S,57024015,kup,1055,0,1435,1520,1240,-872,-16872,33,47,-36,0
S,57034015,kup,1055,0,1435,1520,1144,-952,-17264,41,33,-37,0
S,57044015,kup,1055,0,1435,1520,1136,-1072,-17160,35,18,-27,0
S,57054015,kup,1055,0,1435,1520,1312,-1024,-16944,40,16,-30,0
S,57064016,kup,1055,0,1435,1520,1104,-936,-17048,41,21,-29,0
S,57074015,kup,1055,0,1435,1520,1128,-1080,-17080,40,18,-29,0
E,57074121,kup,1056,0,1436,1520,,,,,,,0
S,57074755,kup,1056,0,1436,1520,1136,-928,-17008,40,18,-29,0
S,57084747,kup,1056,0,1436,1520,1232,-992,-17152,39,15,-25,0
S,57094742,kup,1056,0,1436,1520,1192,-992,-17232,35,32,-35,0
S,57104742,kup,1056,0,1436,1520,1160,-888,-17008,33,30,-27,0
S,57114742,kup,1056,0,1436,1520,1248,-936,-16848,37,30,-30,0
S,57124742,kup,1056,0,1436,1520,1480,-952,-16840,40,25,-27,0
S,57134742,kup,1056,0,1436,1520,1160,-1056,-17192,38,17,-27,0
S,57144742,kup,1056,0,1436,1520,1216,-960,-17168,40,8,-24,0
S,57154742,kup,1056,0,1436,1520,1264,-968,-16960,41,16,-30,0
S,57164742,kup,1056,0,1436,1520,1352,-1016,-17024,39,25,-32,0
S,57174742,kup,1056,0,1436,1520,1232,-920,-17008,44,38,-29,0
S,57184742,kup,1056,0,1436,1520,1176,-992,-17048,35,26,-24,0
S,57194742,kup,1056,0,1436,1520,1160,-920,-17104,43,19,-24,0
S,57204742,kup,1056,0,1436,1520,1160,-936,-17168,38,18,-32,0
S,57214742,kup,1056,0,1436,1520,1136,-960,-16952,45,25,-32,0
S,57224742,kup,1056,0,1436,1520,1256,-1072,-16928,43,26,-28,0
S,57234742,kup,1056,0,1436,1520,1296,-896,-17048,31,31,-33,0
S,57244742,kup,1056,0,1436,1520,1168,-952,-16976,26,30,-31,0
S,57254742,kup,1056,0,1436,1520,1152,-1048,-16888,37,20,-27,0
S,57264742,kup,1056,0,1436,1520,1328,-960,-16672,44,13,-25,0
S,57274742,kup,1056,0,1436,1520,1336,-952,-16792,42,18,-23,0
S,57284742,kup,1056,0,1436,1520,1032,-904,-17080,42,30,-24,0
S,57294742,kup,1056,0,1436,1520,952,-992,-17232,31,20,-26,0
S,57304742,kup,1056,0,1436,1520,1224,-1104,-16888,33,22,-25,0
S,57314742,kup,1056,0,1436,1520,1024,-1016,-17296,44,30,-22,0
S,57324742,kup,1056,0,1436,1520,920,-880,-17464,39,26,-24,0
E,57324846,kup,1057,0,1437,1520,,,,,,,0
S,57325477,kup,1057,0,1437,1520,1088,-1096,-17448,37,28,-26,0
S,57335468,kup,1057,0,1437,1520,1416,-912,-17104,45,20,-36,0
S,57345468,kup,1057,0,1437,1520,1400,-848,-16952,37,23,-29,0
S,57355468,kup,1057,0,1437,1520,1320,-1000,-16464,37,16,-30,0
S,57365468,kup,1057,0,1437,1520,1448,-664,-16848,37,18,-25,0
S,57375468,kup,1057,0,1437,1520,1432,-848,-17216,42,24,-30,0
S,57385468,kup,1057,0,1437,1520,1232,-864,-16832,35,38,-31,0
S,57395468,kup,1057,0,1437,1520,1408,-976,-17112,29,32,-36,0
S,57405468,kup,1057,0,1437,1520,1360,-936,-17080,39,15,-25,0
S,57415468,kup,1057,0,1437,1520,1136,-1032,-17024,40,8,-33,0
S,57425468,kup,1057,0,1437,1520,1392,-856,-17008,46,15,-30,0
S,57435468,kup,1057,0,1437,1520,1208,-992,-16896,35,26,-26,0
S,57445468,kup,1057,0,1437,1520,1400,-888,-16808,34,30,-34,0
S,57455468,kup,1057,0,1437,1520,1464,-1008,-16944,41,29,-28,0
S,57465468,kup,1057,0,1437,1520,1160,-976,-17240,40,21,-28,0
S,57475468,kup,1057,0,1437,1520,1136,-1168,-17200,42,17,-27,0
S,57485468,kup,1057,0,1437,1520,1240,-856,-16920,40,29,-32,0
S,57495468,kup,1057,0,1437,1520,1320,-936,-16960,30,25,-33,0
S,57505468,kup,1057,0,1437,1520,1136,-864,-17048,33,24,-33,0
S,57515468,kup,1057,0,1437,1520,1104,-976,-17280,35,25,-34,0
S,57525468,kup,1057,0,1437,1520,1272,-1064,-17160,35,23,-35,0
S,57535468,kup,1057,0,1437,1520,1232,-888,-16976,37,24,-35,0
S,57545468,kup,1057,0,1437,1520,1168,-992,-16856,31,22,-33,0
S,57555468,kup,1057,0,1437,1520,1024,-1088,-17192,36,13,-27,0
S,57565468,kup,1057,0,1437,1520,1280,-992,-17248,41,11,-30,0
S,57575468,kup,1057,0,1437,1520,1256,-1080,-16864,44,27,-28,0
E,57575573,kup,1058,0,1438,1520,,,,,,,0
S,57576204,kup,1058,0,1438,1520,1256,-1080,-16864,44,27,-28,0
S,57586196,kup,1058,0,1438,1520,1128,-928,-17016,34,40,-28,0
S,57596194,kup,1058,0,1438,1520,1208,-888,-17000,30,34,-32,0
S,57606194,kup,1058,0,1438,1520,1192,-1008,-16904,32,14,-28,0
S,57616194,kup,1058,0,1438,1520,1336,-1016,-17320,47,10,-30,0
S,57626194,kup,1058,0,1438,1520,1344,-840,-17040,55,16,-28,0
S,57636194,kup,1058,0,1438,1520,1320,-896,-16888,39,18,-26,0
S,57646194,kup,1058,0,1438,1520,1320,-992,-16784,33,31,-29,0
S,57656194,kup,1058,0,1438,1520,1376,-928,-16912,35,38,-29,0
S,57666194,kup,1058,0,1438,1520,1264,-1008,-17040,38,33,-30,0
S,57676194,kup,1058,0,1438,1520,1280,-896,-17200,38,18,-31,0
S,57686194,kup,1058,0,1438,1520,1304,-976,-16856,36,12,-26,0
S,57696194,kup,1058,0,1438,1520,1280,-784,-17000,39,18,-32,0
S,57706194,kup,1058,0,1438,1520,1208,-992,-17040,34,22,-30,0
S,57716194,kup,1058,0,1438,1520,1256,-1056,-17016,35,34,-27,0
S,57726195,kup,1058,0,1438,1520,1296,-1024,-17000,43,31,-31,0
S,57736194,kup,1058,0,1438,1520,1024,-912,-17016,40,22,-31,0
S,57746194,kup,1058,0,1438,1520,1176,-936,-17000,32,18,-27,0
S,57756194,kup,1058,0,1438,1520,1384,-968,-17112,43,23,-31,0
S,57766194,kup,1058,0,1438,1520,1280,-896,-17032,40,25,-30,0
S,57776194,kup,1058,0,1438,1520,1264,-1064,-17048,39,27,-30,0
S,57786194,kup,1058,0,1438,1520,1184,-936,-17088,42,20,-31,0
S,57796194,kup,1058,0,1438,1520,1080,-1032,-17176,32,15,-25,0
S,57806194,kup,1058,0,1438,1520,1320,-960,-16968,40,22,-32,0
S,57816194,kup,1058,0,1438,1520,1016,-960,-17328,47,26,-28,0
S,57826194,kup,1058,0,1438,1520,904,-808,-17304,39,27,-29,0
E,57826298,kup,1059,0,1439,1520,,,,,,,0
S,57826941,kup,1059,0,1439,1520,1312,-1016,-17040,37,20,-38,0
S,57836928,kup,1059,0,1439,1520,1416,-960,-16936,34,22,-32,0
S,57846927,kup,1059,0,1439,1520,1320,-1136,-17040,40,23,-29,0
S,57856927,kup,1059,0,1439,1520,1352,-936,-17056,41,12,-30,0
S,57866927,kup,1059,0,1439,1520,1488,-1040,-16840,43,27,-27,0
S,57876927,kup,1059,0,1439,1520,1368,-880,-16944,41,27,-29,0
S,57886927,kup,1059,0,1439,1520,1248,-872,-16952,28,25,-31,0
S,57896927,kup,1059,0,1439,1520,1224,-1056,-17120,32,28,-27,0
S,57906927,kup,1059,0,1439,1520,1176,-1000,-17104,41,25,-31,0
S,57916927,kup,1059,0,1439,1520,1224,-960,-17128,45,23,-29,0
S,57926927,kup,1059,0,1439,1520,1232,-912,-17016,39,20,-29,0
S,57936927,kup,1059,0,1439,1520,1208,-912,-17080,35,21,-30,0
S,57946927,kup,1059,0,1439,1520,1200,-1056,-17160,34,28,-25,0
S,57956927,kup,1059,0,1439,1520,1216,-1088,-17112,40,31,-31,0
S,57966927,kup,1059,0,1439,1520,1176,-952,-17024,45,20,-27,0
S,57976927,kup,1059,0,1439,1520,1272,-976,-17016,37,21,-27,0
S,57986927,kup,1059,0,1439,1520,1312,-992,-16968,36,19,-31,0
S,57996927,kup,1059,0,1439,1520,1368,-904,-17168,40,24,-24,0
S,58006927,kup,1059,0,1439,1520,1256,-1008,-17136,38,21,-29,0
S,58016927,kup,1059,0,1439,1520,1088,-880,-16936,41,26,-32,0
S,58026927,kup,1059,0,1439,1520,1200,-944,-16928,37,23,-32,0
S,58036927,kup,1059,0,1439,1520,1168,-920,-17032,39,18,-30,0
S,58046928,kup,1059,0,1439,1520,1328,-952,-16992,40,12,-29,0
S,58056927,kup,1059,0,1439,1520,1168,-1048,-16968,39,24,-35,0
S,58066927,kup,1059,0,1439,1520,1376,-968,-17008,41,23,-31,0
S,58076927,kup,1059,0,1439,1520,1248,-928,-17120,43,25,-25,0
E,58077032,kup,1060,0,1440,1520,,,,,,,0
S,58077663,kup,1060,0,1440,1520,1248,-928,-17120,42,26,-28,0
S,58087655,kup,1060,0,1440,1520,280,-1176,-17168,35,13,-34,0
S,58097655,kup,1060,0,1440,1520,4160,-744,-15808,46,-31,-34,0
S,58107655,kup,1060,0,1440,1520,2808,-1256,-16240,39,-99,-9,0
S,58117655,kup,1060,0,1440,1520,2624,-1200,-16536,49,-159,-15,0
S,58127655,kup,1060,0,1440,1520,1448,-728,-16832,45,-162,-5,0
S,58137655,kup,1060,0,1440,1520,1144,-1256,-16912,40,-127,-1,0
S,58147655,kup,1060,0,1440,1520,1056,-960,-16880,38,-62,-11,0
S,58157655,kup,1060,0,1440,1520,1240,-888,-16816,42,12,-15,0
S,58167655,kup,1060,0,1440,1520,1256,-864,-16888,42,72,-33,0
S,58177655,kup,1060,0,1440,1520,1192,-856,-17096,34,95,-34,0
S,58187655,kup,1060,0,1440,1520,1160,-1016,-17120,29,87,-49,0
S,58197655,kup,1060,0,1440,1520,1072,-1056,-17168,29,51,-29,0
S,58207655,kup,1060,0,1440,1520,1152,-1016,-17080,41,21,-26,0
S,58217655,kup,1060,0,1440,1520,1016,-1040,-17152,47,-5,-28,0
S,58227655,kup,1060,0,1440,1520,976,-880,-17080,43,-15,-26,0
S,58237655,kup,1060,0,1440,1520,1136,-1072,-17072,40,-1,-21,0
S,58247655,kup,1060,0,1440,1520,1184,-968,-17088,35,22,-30,0
S,58257655,kup,1060,0,1440,1520,1128,-872,-17064,37,43,-33,0
S,58267655,kup,1060,0,1440,1520,1256,-952,-17120,40,53,-31,0
S,58277655,kup,1060,0,1440,1520,1096,-976,-16920,40,35,-33,0
S,58287655,kup,1060,0,1440,1520,976,-864,-17096,41,25,-22,0
S,58297655,kup,1060,0,1440,1520,1000,-1072,-17160,42,5,-32,0
S,58307655,kup,1060,0,1440,1520,1088,-1144,-17232,43,8,-24,0
S,58317655,kup,1060,0,1440,1520,1208,-912,-17032,44,6,-30,0
S,58327655,kup,1060,0,1440,1520,1056,-968,-17176,32,25,-34,0
E,58327760,kup,1061,0,1441,1520,,,,,,,0
S,58328393,kup,1061,0,1441,1520,1200,-920,-17024,35,28,-26,0
S,58338385,kup,1061,0,1441,1520,1344,-1056,-16952,33,37,-26,0
S,58348384,kup,1061,0,1441,1520,1168,-912,-16896,31,28,-28,0
S,58358384,kup,1061,0,1441,1520,1136,-1080,-17080,37,24,-26,0
S,58368384,kup,1061,0,1441,1520,1080,-960,-17104,44,11,-25,0
S,58378384,kup,1061,0,1441,1520,1136,-936,-17200,40,17,-19,0
S,58388384,kup,1061,0,1441,1520,1264,-968,-16880,36,20,-25,0
S,58398384,kup,1061,0,1441,1520,1224,-944,-17040,32,26,-33,0
S,58408384,kup,1061,0,1441,1520,1152,-1032,-17192,40,30,-29,0
S,58418384,kup,1061,0,1441,1520,1152,-1000,-17216,40,25,-31,0
S,58428384,kup,1061,0,1441,1520,968,-960,-17032,35,21,-29,0
S,58438384,kup,1061,0,1441,1520,1208,-920,-17040,39,21,-28,0
S,58448384,kup,1061,0,1441,1520,1120,-1048,-17120,37,20,-29,0
S,58458384,kup,1061,0,1441,1520,1192,-952,-16960,34,19,-36,0
S,58468384,kup,1061,0,1441,1520,1160,-936,-17040,40,21,-29,0
S,58478384,kup,1061,0,1441,1520,1088,-928,-17040,39,27,-29,0
S,58488384,kup,1061,0,1441,1520,1056,-920,-16952,40,26,-31,0
S,58498384,kup,1061,0,1441,1520,1184,-1000,-16904,34,26,-27,0
S,58508384,kup,1061,0,1441,1520,1104,-912,-17064,41,23,-21,0
S,58518384,kup,1061,0,1441,1520,1056,-824,-17120,41,20,-31,0
S,58528384,kup,1061,0,1441,1520,1128,-960,-17096,40,25,-29,0
S,58538384,kup,1061,0,1441,1520,1024,-976,-17040,36,25,-30,0
S,58548384,kup,1061,0,1441,1520,1016,-904,-17160,38,20,-28,0
S,58558384,kup,1061,0,1441,1520,1176,-1064,-16976,35,27,-24,0
S,58568384,kup,1061,0,1441,1520,1192,-1000,-17016,41,25,-26,0
S,58578384,kup,1061,0,1441,1520,1144,-840,-17112,36,20,-34,0
E,58578489,kup,1062,0,1442,1520,,,,,,,0
S,58579120,kup,1062,0,1442,1520,1144,-840,-17112,41,25,-33,0
S,58589110,kup,1062,0,1442,1520,1064,-896,-17192,39,22,-26,0
S,58599109,kup,1062,0,1442,1520,1152,-984,-16960,42,20,-27,0
S,58609109,kup,1062,0,1442,1520,1120,-896,-17080,37,20,-27,0
S,58619109,kup,1062,0,1442,1520,1224,-928,-17040,38,18,-26,0
S,58629109,kup,1062,0,1442,1520,1072,-968,-16984,35,30,-27,0
S,58639109,kup,1062,0,1442,1520,1184,-920,-17040,35,25,-29,0
S,58649109,kup,1062,0,1442,1520,1160,-904,-16968,38,31,-26,0
S,58659109,kup,1062,0,1442,1520,1168,-1048,-16960,34,20,-30,0
S,58669109,kup,1062,0,1442,1520,1192,-920,-17120,41,18,-27,0
S,58679109,kup,1062,0,1442,1520,1176,-1016,-17112,43,22,-19,0
S,58689109,kup,1062,0,1442,1520,1216,-864,-17032,36,31,-31,0
S,58699109,kup,1062,0,1442,1520,1152,-976,-16976,37,28,-31,0
S,58709109,kup,1062,0,1442,1520,1064,-944,-17008,35,31,-28,0
S,58719109,kup,1062,0,1442,1520,1088,-1008,-17016,39,20,-34,0
S,58729110,kup,1062,0,1442,1520,1064,-960,-17048,40,25,-25,0
S,58739109,kup,1062,0,1442,1520,968,-864,-17224,37,23,-32,0
S,58749109,kup,1062,0,1442,1520,1104,-944,-17048,39,22,-32,0
S,58759109,kup,1062,0,1442,1520,1272,-888,-17008,35,25,-29,0
S,58769109,kup,1062,0,1442,1520,1344,-1072,-16792,43,27,-30,0
S,58779109,kup,1062,0,1442,1520,1256,-912,-16752,37,24,-30,0
S,58789109,kup,1062,0,1442,1520,1064,-952,-17080,42,24,-24,0
S,58799109,kup,1062,0,1442,1520,1168,-976,-16888,36,21,-29,0
S,58809109,kup,1062,0,1442,1520,1088,-1096,-16912,41,26,-26,0
S,58819109,kup,1062,0,1442,1520,1040,-944,-17128,45,22,-27,0
S,58829109,kup,1062,0,1442,1520,1096,-1032,-17072,34,26,-27,0
E,58829215,kup,1063,0,1443,1520,,,,,,,0
S,58829846,kup,1063,0,1443,1520,1224,-1080,-17016,37,19,-22,0
S,58839837,kup,1063,0,1443,1520,-24,-944,-17184,39,24,-33,0
S,58849835,kup,1063,0,1443,1520,3776,-304,-16168,42,-1,-34,0
S,58859835,kup,1063,0,1443,1520,1040,-128,-16800,26,-47,-9,0
S,58869835,kup,1063,0,1443,1520,1960,-1640,-16880,44,-56,-17,0
S,58879835,kup,1063,0,1443,1520,1104,-560,-16992,42,-38,-10,0
S,58889835,kup,1063,0,1443,1520,1104,-1240,-17128,45,1,-23,0
S,58899836,kup,1063,0,1443,1520,1016,-1040,-17024,38,48,-27,0
S,58909835,kup,1063,0,1443,1520,1216,-1032,-17000,29,72,-33,0
S,58919835,kup,1063,0,1443,1520,1016,-1040,-16864,25,66,-34,0
S,58929835,kup,1063,0,1443,1520,976,-1008,-17040,31,47,-36,0
S,58939835,kup,1063,0,1443,1520,992,-968,-17176,43,19,-28,0
S,58949835,kup,1063,0,1443,1520,1072,-1040,-17136,43,-1,-26,0
S,58959836,kup,1063,0,1443,1520,1048,-816,-17384,45,2,-26,0
S,58969835,kup,1063,0,1443,1520,1040,-1128,-17264,40,12,-27,0
S,58979835,kup,1063,0,1443,1520,968,-944,-17328,33,35,-30,0
S,58989835,kup,1063,0,1443,1520,1120,-1080,-17128,37,42,-29,0
S,58999836,kup,1063,0,1443,1520,1104,-1032,-17072,35,39,-33,0
S,59009836,kup,1063,0,1443,1520,1224,-1008,-17128,34,25,-32,0
S,59019835,kup,1063,0,1443,1520,1200,-1008,-17024,36,14,-29,0
S,59029835,kup,1063,0,1443,1520,1040,-1104,-16984,47,6,-28,0
S,59039835,kup,1063,0,1443,1520,1040,-1032,-17200,41,14,-29,0
S,59049835,kup,1063,0,1443,1520,1000,-976,-17008,40,25,-30,0
S,59059835,kup,1063,0,1443,1520,1008,-1040,-17024,35,27,-28,0
S,59069835,kup,1063,0,1443,1520,992,-968,-17048,35,32,-30,0
S,59079835,kup,1063,0,1443,1520,976,-952,-17112,36,29,-31,0
E,59079939,kup,1064,0,1444,1520,,,,,,,0
S,59080577,kup,1064,0,1444,1520,976,-952,-17112,39,31,-28,0
S,59090564,kup,1064,0,1444,1520,1056,-1032,-16984,42,29,-26,0
S,59100563,kup,1064,0,1444,1520,1096,-1072,-17096,44,18,-29,0
S,59110563,kup,1064,0,1444,1520,1072,-864,-17128,33,15,-28,0
S,59120563,kup,1064,0,1444,1520,1048,-1064,-16888,36,21,-32,0
S,59130564,kup,1064,0,1444,1520,1072,-1104,-17032,41,23,-23,0
S,59140563,kup,1064,0,1444,1520,1208,-1032,-17072,43,25,-32,0
S,59150563,kup,1064,0,1444,1520,1104,-1080,-17072,31,25,-25,0
S,59160563,kup,1064,0,1444,1520,1184,-880,-17000,31,30,-33,0
S,59170563,kup,1064,0,1444,1520,1152,-920,-16904,39,23,-24,0
S,59180563,kup,1064,0,1444,1520,1016,-1088,-16960,42,12,-32,0
S,59190563,kup,1064,0,1444,1520,960,-960,-16984,38,19,-28,0
S,59200563,kup,1064,0,1444,1520,1104,-872,-17048,36,20,-25,0
S,59210563,kup,1064,0,1444,1520,1072,-896,-17048,41,25,-30,0
S,59220563,kup,1064,0,1444,1520,1032,-864,-16992,35,28,-28,0
S,59230563,kup,1064,0,1444,1520,1104,-976,-17088,44,25,-29,0
S,59240563,kup,1064,0,1444,1520,1144,-880,-17072,36,17,-30,0
S,59250563,kup,1064,0,1444,1520,1152,-968,-16952,40,17,-28,0
S,59260563,kup,1064,0,1444,1520,1152,-808,-16976,35,25,-34,0
S,59270563,kup,1064,0,1444,1520,1056,-1024,-17120,42,28,-31,0
S,59280563,kup,1064,0,1444,1520,1064,-1088,-17096,39,24,-30,0
S,59290563,kup,1064,0,1444,1520,1088,-1048,-17256,42,27,-31,0
S,59300563,kup,1064,0,1444,1520,1184,-952,-17128,41,21,-24,0
S,59310563,kup,1064,0,1444,1520,1160,-880,-17120,39,27,-29,0
S,59320563,kup,1064,0,1444,1520,1096,-792,-17056,40,24,-30,0
S,59330563,kup,1064,0,1444,1520,1128,-1104,-17120,38,23,-30,0
E,59330669,kup,1065,0,1445,1520,,,,,,,0
S,59331302,kup,1065,0,1445,1520,1048,-856,-17008,39,24,-33,0
S,59341291,kup,1065,0,1445,1520,1120,-1000,-17104,37,25,-31,0
S,59351289,kup,1065,0,1445,1520,1192,-1032,-17104,43,19,-27,0
S,59361289,kup,1065,0,1445,1520,1096,-856,-17064,40,13,-30,0
S,59371290,kup,1065,0,1445,1520,1000,-880,-17040,35,24,-27,0
S,59381289,kup,1065,0,1445,1520,1216,-952,-16960,41,28,-27,0
S,59391290,kup,1065,0,1445,1520,1056,-992,-16976,36,31,-28,0
S,59401289,kup,1065,0,1445,1520,784,-968,-17552,41,20,-27,0
S,59411290,kup,1065,0,1445,1520,1064,-928,-17008,42,6,-26,0
S,59421289,kup,1065,0,1445,1520,1160,-976,-17072,39,11,-30,0
S,59431290,kup,1065,0,1445,1520,1328,-1008,-17296,37,22,-32,0
S,59441290,kup,1065,0,1445,1520,992,-840,-16816,33,30,-27,0
S,59451289,kup,1065,0,1445,1520,1136,-1040,-16936,38,27,-31,0
S,59461289,kup,1065,0,1445,1520,1120,-1008,-17096,39,21,-27,0
S,59471289,kup,1065,0,1445,1520,968,-1000,-17328,45,8,-26,0
S,59481290,kup,1065,0,1445,1520,1152,-952,-16840,35,18,-24,0
S,59491290,kup,1065,0,1445,1520,1184,-1032,-16960,36,28,-24,0
S,59501289,kup,1065,0,1445,1520,1104,-840,-16896,36,36,-34,0
S,59511289,kup,1065,0,1445,1520,1056,-984,-17208,34,20,-35,0
S,59521289,kup,1065,0,1445,1520,1048,-1072,-17216,39,17,-33,0
S,59531290,kup,1065,0,1445,1520,1176,-936,-17152,40,17,-30,0
S,59541290,kup,1065,0,1445,1520,1080,-824,-16920,42,21,-29,0
S,59551289,kup,1065,0,1445,1520,1152,-944,-17024,36,29,-25,0
S,59561290,kup,1065,0,1445,1520,968,-976,-17104,33,30,-32,0
S,59571289,kup,1065,0,1445,1520,1128,-1008,-17240,39,23,-32,0
S,59581290,kup,1065,0,1445,1520,1064,-1088,-17040,37,19,-31,0
E,59581399,kup,1066,0,1446,1520,,,,,,,0
S,59582031,kup,1066,0,1446,1520,1120,-1024,-16936,38,25,-29,0
S,59592021,kup,1066,0,1446,1520,1152,-1016,-17008,36,21,-26,0
S,59602020,kup,1066,0,1446,1520,672,-1232,-17280,32,-8,-35,0
S,59612020,kup,1066,0,1446,1520,1680,-1224,-17224,40,-47,-55,0
S,59622020,kup,1066,0,1446,1520,904,-1960,-17032,41,-54,-35,0
S,59632020,kup,1066,0,1446,1520,1088,-1088,-16936,47,-56,-20,0
S,59642020,kup,1066,0,1446,1520,1032,-1200,-17152,44,-40,-21,0
S,59652020,kup,1066,0,1446,1520,1088,-768,-16904,34,-22,-21,0
S,59662020,kup,1066,0,1446,1520,1240,-1032,-17120,20,16,-26,0
S,59672020,kup,1066,0,1446,1520,1040,-960,-17008,30,40,-38,0
S,59682020,kup,1066,0,1446,1520,1040,-936,-17096,39,50,-32,0
S,59692020,kup,1066,0,1446,1520,1040,-1008,-17016,42,39,-29,0
S,59702020,kup,1066,0,1446,1520,1200,-904,-17024,30,18,-29,0
S,59712020,kup,1066,0,1446,1520,1040,-1056,-16960,35,6,-26,0
S,59722020,kup,1066,0,1446,1520,1080,-960,-17032,47,11,-27,0
S,59732020,kup,1066,0,1446,1520,1048,-928,-17152,52,22,-28,0
S,59742020,kup,1066,0,1446,1520,976,-952,-17120,42,26,-29,0
S,59752020,kup,1066,0,1446,1520,1000,-992,-17024,34,23,-25,0
S,59762020,kup,1066,0,1446,1520,1112,-1024,-17000,35,25,-25,0
S,59772020,kup,1066,0,1446,1520,1120,-928,-16976,39,26,-27,0
S,59782020,kup,1066,0,1446,1520,1120,-976,-17096,48,24,-28,0
S,59792020,kup,1066,0,1446,1520,936,-992,-17136,41,16,-31,0
S,59802020,kup,1066,0,1446,1520,1152,-984,-17232,47,9,-27,0
S,59812020,kup,1066,0,1446,1520,1016,-1032,-17024,33,19,-32,0
S,59822020,kup,1066,0,1446,1520,1016,-952,-16928,38,25,-35,0
S,59832020,kup,1066,0,1446,1520,1048,-904,-16928,39,33,-28,0
E,59832125,kup,1067,0,1447,1520,,,,,,,0
S,59832765,kup,1067,0,1447,1520,1072,-912,-17000,38,36,-30,0
S,59842755,kup,1067,0,1447,1520,1120,-968,-17160,39,31,-28,0
S,59852754,kup,1067,0,1447,1520,1088,-1032,-17104,33,18,-30,0
S,59862753,kup,1067,0,1447,1520,864,-1048,-17088,40,14,-28,0
S,59872754,kup,1067,0,1447,1520,1032,-960,-16968,39,14,-31,0
S,59882753,kup,1067,0,1447,1520,968,-920,-17032,44,20,-30,0
S,59892753,kup,1067,0,1447,1520,1048,-1016,-17128,38,26,-30,0
S,59902753,kup,1067,0,1447,1520,936,-1064,-17136,42,32,-28,0
S,59912753,kup,1067,0,1447,1520,1168,-928,-17112,36,22,-33,0
S,59922754,kup,1067,0,1447,1520,1088,-976,-17040,39,21,-29,0
S,59932754,kup,1067,0,1447,1520,1048,-864,-16952,42,20,-28,0
S,59942754,kup,1067,0,1447,1520,952,-1000,-17104,33,20,-33,0
S,59952753,kup,1067,0,1447,1520,936,-912,-17160,39,23,-29,0
S,59962754,kup,1067,0,1447,1520,968,-920,-17120,34,21,-26,0
S,59972753,kup,1067,0,1447,1520,984,-1048,-16976,36,25,-25,0
S,59982754,kup,1067,0,1447,1520,1152,-952,-16952,39,27,-31,0
S,59992754,kup,1067,0,1447,1520,1128,-904,-17136,35,27,-29,0
S,60002754,kup,1067,0,1447,1520,1040,-936,-17152,37,19,-31,0
S,60012754,kup,1067,0,1447,1520,1104,-936,-17080,40,17,-26,0
S,60022754,kup,1067,0,1447,1520,1136,-976,-16992,42,21,-26,0
S,60032754,kup,1067,0,1447,1520,1080,-984,-17016,39,25,-29,0
S,60042753,kup,1067,0,1447,1520,1064,-1056,-17032,37,28,-35,0
S,60052754,kup,1067,0,1447,1520,1016,-976,-17072,33,23,-34,0
S,60062753,kup,1067,0,1447,1520,992,-936,-17064,38,23,-29,0
S,60072754,kup,1067,0,1447,1520,1040,-880,-16984,40,25,-30,0
S,60082754,kup,1067,0,1447,1520,1080,-968,-17000,39,24,-31,0
E,60082858,kup,1068,0,1448,1520,,,,,,,0
S,60083489,kup,1068,0,1448,1520,1056,-952,-17080,42,28,-37,0
S,60093480,kup,1068,0,1448,1520,1048,-976,-17024,41,26,-26,0
S,60103479,kup,1068,0,1448,1520,984,-1008,-17040,40,20,-36,0
S,60113479,kup,1068,0,1448,1520,1112,-1120,-17112,38,22,-34,0
S,60123479,kup,1068,0,1448,1520,1080,-1008,-17096,42,22,-28,0
S,60133479,kup,1068,0,1448,1520,1112,-912,-17040,39,20,-29,0
S,60143479,kup,1068,0,1448,1520,1040,-992,-17224,38,20,-32,0
S,60153479,kup,1068,0,1448,1520,1152,-952,-16960,32,21,-32,0
S,60163479,kup,1068,0,1448,1520,1128,-968,-16904,38,24,-31,0
S,60173479,kup,1068,0,1448,1520,1128,-960,-17008,34,21,-29,0
S,60183480,kup,1068,0,1448,1520,1056,-960,-17088,40,18,-27,0
S,60193479,kup,1068,0,1448,1520,960,-912,-17224,38,25,-27,0
S,60203479,kup,1068,0,1448,1520,1048,-896,-17192,33,20,-28,0
S,60213479,kup,1068,0,1448,1520,936,-992,-17048,38,20,-30,0
S,60223479,kup,1068,0,1448,1520,1088,-944,-17064,35,22,-28,0
S,60233479,kup,1068,0,1448,1520,1040,-944,-17088,40,22,-24,0
S,60243479,kup,1068,0,1448,1520,1120,-880,-16976,38,27,-27,0
S,60253479,kup,1068,0,1448,1520,1136,-904,-17512,34,21,-29,0
S,60263479,kup,1068,0,1448,1520,552,-928,-16000,36,38,-25,0
S,60273479,kup,1068,0,1448,1520,920,-1064,-16408,34,27,-26,0
S,60283479,kup,1068,0,1448,1520,840,-944,-17360,41,12,-30,0
S,60293479,kup,1068,0,1448,1520,1112,-864,-17552,41,18,-29,0
S,60303479,kup,1068,0,1448,1520,1040,-952,-18080,43,37,-33,0
S,60313479,kup,1068,0,1448,1520,856,-984,-17008,35,30,-28,0
S,60323479,kup,1068,0,1448,1520,1512,-976,-16440,30,28,-32,0
S,60333479,kup,1068,0,1448,1520,1328,-944,-16560,38,20,-26,0
E,60333584,kup,1069,0,1449,1520,,,,,,,0
S,60334215,kup,1069,0,1449,1520,1352,-976,-16400,36,15,-32,0
S,60344206,kup,1069,0,1449,1520,1320,-1016,-17888,49,0,-31,0
S,60354204,kup,1069,0,1449,1520,1184,-864,-16896,30,18,-23,0
S,60364204,kup,1069,0,1449,1520,1208,-848,-16744,41,48,-33,0
S,60374204,kup,1069,0,1449,1520,1072,-1024,-17064,36,42,-30,0
S,60384204,kup,1069,0,1449,1520,920,-1032,-17008,33,17,-27,0
S,60394204,kup,1069,0,1449,1520,1016,-1040,-16776,44,4,-26,0
S,60404204,kup,1069,0,1449,1520,1176,-1112,-17080,45,24,-22,0
S,60414204,kup,1069,0,1449,1520,1016,-944,-16928,43,34,-27,0
S,60424204,kup,1069,0,1449,1520,1216,-840,-16944,27,31,-27,0
S,60434204,kup,1069,0,1449,1520,1024,-1152,-17408,28,31,-33,0
S,60444204,kup,1069,0,1449,1520,856,-1080,-17544,38,18,-35,0
S,60454204,kup,1069,0,1449,1520,952,-1032,-17024,45,11,-29,0
S,60464204,kup,1069,0,1449,1520,1008,-976,-16536,37,19,-28,0
S,60474205,kup,1069,0,1449,1520,1144,-952,-17112,34,31,-35,0
S,60484204,kup,1069,0,1449,1520,1040,-944,-16984,30,34,-33,0
S,60494204,kup,1069,0,1449,1520,1152,-968,-16976,34,28,-30,0
S,60504204,kup,1069,0,1449,1520,1136,-1192,-17160,46,29,-23,0
S,60514204,kup,1069,0,1449,1520,960,-944,-17112,43,22,-29,0
S,60524204,kup,1069,0,1449,1520,952,-1016,-17016,29,17,-29,0
S,60534204,kup,1069,0,1449,1520,1128,-1040,-17040,23,22,-25,0
S,60544204,kup,1069,0,1449,1520,960,-968,-17232,41,28,-33,0
S,60554205,kup,1069,0,1449,1520,992,-944,-17056,40,28,-29,0
S,60564204,kup,1069,0,1449,1520,944,-904,-16888,42,17,-27,0
S,60574204,kup,1069,0,1449,1520,1224,-880,-17280,37,23,-35,0
S,60584205,kup,1069,0,1449,1520,1112,-1000,-16976,30,32,-33,0
E,60584310,kup,1070,0,1450,1520,,,,,,,0
S,60584946,kup,1070,0,1450,1520,1120,-936,-16992,34,23,-31,0
S,60594937,kup,1070,0,1450,1520,1096,-1104,-16976,40,28,-29,0
S,60604936,kup,1070,0,1450,1520,1032,-976,-17168,45,25,-28,0
S,60614935,kup,1070,0,1450,1520,1080,-880,-17080,44,23,-30,0
S,60624935,kup,1070,0,1450,1520,1048,-896,-16920,31,18,-24,0
S,60634935,kup,1070,0,1450,1520,1072,-1000,-17008,35,23,-28,0
S,60644935,kup,1070,0,1450,1520,1168,-968,-17256,44,31,-31,0
S,60654935,kup,1070,0,1450,1520,992,-904,-17096,45,27,-27,0
S,60664935,kup,1070,0,1450,1520,960,-1096,-17008,36,22,-29,0
S,60674935,kup,1070,0,1450,1520,1016,-1016,-17008,35,19,-27,0
S,60684935,kup,1070,0,1450,1520,992,-1000,-17216,38,18,-27,0
S,60694935,kup,1070,0,1450,1520,976,-1040,-17056,41,24,-30,0
S,60704935,kup,1070,0,1450,1520,1016,-960,-17064,42,24,-29,0
S,60714936,kup,1070,0,1450,1520,1032,-880,-17080,33,20,-34,0
S,60724935,kup,1070,0,1450,1520,1008,-984,-17048,31,21,-30,0
S,60734935,kup,1070,0,1450,1520,1032,-1000,-17176,39,20,-27,0
S,60744935,kup,1070,0,1450,1520,1056,-1096,-17216,40,20,-28,0
S,60754935,kup,1070,0,1450,1520,1000,-1000,-17176,41,27,-30,0
S,60764935,kup,1070,0,1450,1520,1152,-936,-16992,35,24,-29,0
S,60774936,kup,1070,0,1450,1520,1112,-904,-17128,35,25,-35,0
S,60784936,kup,1070,0,1450,1520,1064,-976,-17072,37,23,-29,0
S,60794935,kup,1070,0,1450,1520,936,-1032,-16928,42,28,-30,0
S,60804936,kup,1070,0,1450,1520,1112,-976,-17096,42,17,-26,0
S,60814935,kup,1070,0,1450,1520,1016,-1032,-17016,33,23,-33,0
S,60824935,kup,1070,0,1450,1520,952,-1104,-17032,38,24,-28,0
S,60834935,kup,1070,0,1450,1520,1000,-1024,-17024,36,25,-33,0
E,60835040,kup,1071,0,1451,1520,,,,,,,0
S,60835672,kup,1071,0,1451,1520,1056,-896,-17088,41,25,-25,0
S,60845662,kup,1071,0,1451,1520,1000,-968,-17072,35,27,-27,0
S,60855661,kup,1071,0,1451,1520,1040,-936,-17128,42,26,-34,0
S,60865661,kup,1071,0,1451,1520,1000,-1184,-17040,31,23,-31,0
S,60875661,kup,1071,0,1451,1520,984,-1040,-17088,33,20,-28,0
S,60885661,kup,1071,0,1451,1520,944,-944,-17016,40,28,-29,0
S,60895661,kup,1071,0,1451,1520,1008,-976,-17040,42,24,-32,0
S,60905661,kup,1071,0,1451,1520,952,-984,-17104,37,23,-30,0
S,60915661,kup,1071,0,1451,1520,944,-920,-16960,40,23,-28,0
S,60925661,kup,1071,0,1451,1520,1072,-904,-17128,39,25,-32,0
S,60935661,kup,1071,0,1451,1520,1080,-1056,-16952,41,22,-31,0
S,60945661,kup,1071,0,1451,1520,1168,-808,-17144,39,25,-34,0
S,60955661,kup,1071,0,1451,1520,1120,-1000,-17184,39,27,-31,0
S,60965661,kup,1071,0,1451,1520,1072,-864,-17096,37,26,-33,0
S,60975661,kup,1071,0,1451,1520,960,-976,-17096,37,22,-31,0
S,60985661,kup,1071,0,1451,1520,992,-944,-17152,37,20,-28,0
S,60995661,kup,1071,0,1451,1520,1008,-968,-17040,36,29,-31,0
S,61005661,kup,1071,0,1451,1520,1032,-920,-17096,38,22,-26,0
S,61015661,kup,1071,0,1451,1520,896,-992,-17208,42,26,-31,0
S,61025661,kup,1071,0,1451,1520,992,-1032,-17016,36,19,-31,0
S,61035661,kup,1071,0,1451,1520,1128,-1008,-17088,37,21,-30,0
S,61045661,kup,1071,0,1451,1520,1192,-960,-16936,40,27,-33,0
S,61055661,kup,1071,0,1451,1520,1088,-896,-16888,38,17,-28,0
S,61065661,kup,1071,0,1451,1520,1080,-1000,-17064,41,24,-24,0
S,61075661,kup,1071,0,1451,1520,1120,-1104,-17072,42,26,-26,0
S,61085661,kup,1071,0,1451,1520,936,-984,-17248,41,21,-29,0
E,61085765,kup,1072,0,1452,1520,,,,,,,0
S,61086398,kup,1072,0,1452,1520,1088,-880,-17168,41,22,-29,0
S,61096390,kup,1072,0,1452,1520,600,-952,-17088,41,22,-33,0
S,61106388,kup,1072,0,1452,1520,2264,-400,-16000,38,-12,-48,0
S,61116388,kup,1072,0,1452,1520,1528,-760,-16928,34,-68,-16,0
S,61126389,kup,1072,0,1452,1520,208,-672,-17608,52,-132,-39,0
S,61136388,kup,1072,0,1452,1520,960,-992,-17488,42,-155,-21,0
S,61146388,kup,1072,0,1452,1520,1184,-1464,-16792,49,-154,3,0
S,61156388,kup,1072,0,1452,1520,936,-584,-17000,44,-122,-2,0
S,61166388,kup,1072,0,1452,1520,1312,-968,-17360,40,-54,-15,0
S,61176389,kup,1072,0,1452,1520,936,-1264,-17088,39,23,-27,0
S,61186388,kup,1072,0,1452,1520,848,-1248,-17128,38,89,-30,0
S,61196388,kup,1072,0,1452,1520,888,-840,-17032,29,110,-50,0
S,61206389,kup,1072,0,1452,1520,896,-992,-17064,20,87,-34,0
S,61216388,kup,1072,0,1452,1520,768,-1104,-17120,34,51,-38,0
S,61226389,kup,1072,0,1452,1520,920,-992,-17024,55,14,-30,0
S,61236388,kup,1072,0,1452,1520,936,-976,-17128,52,-12,-22,0
S,61246388,kup,1072,0,1452,1520,880,-872,-16984,42,-8,-25,0
S,61256388,kup,1072,0,1452,1520,904,-1000,-17064,36,3,-26,0
S,61266388,kup,1072,0,1452,1520,992,-888,-17024,32,27,-21,0
S,61276388,kup,1072,0,1452,1520,960,-1032,-17152,39,49,-34,0
S,61286388,kup,1072,0,1452,1520,728,-976,-16984,39,46,-33,0
S,61296388,kup,1072,0,1452,1520,800,-1048,-16976,37,42,-31,0
S,61306388,kup,1072,0,1452,1520,1000,-920,-17056,34,12,-34,0
S,61316388,kup,1072,0,1452,1520,872,-1048,-16968,39,4,-28,0
S,61326389,kup,1072,0,1452,1520,840,-944,-17088,41,7,-30,0
S,61336389,kup,1072,0,1452,1520,832,-960,-17184,41,18,-31,0
E,61336492,kup,1073,0,1453,1520,,,,,,,0
S,61337124,kup,1073,0,1453,1520,848,-1016,-17352,43,20,-22,0
S,61347114,kup,1073,0,1453,1520,896,-976,-17200,31,26,-28,0
S,61357113,kup,1073,0,1453,1520,1128,-1024,-17080,31,31,-29,0
S,61367113,kup,1073,0,1453,1520,992,-928,-17016,37,32,-28,0
S,61377113,kup,1073,0,1453,1520,888,-896,-17128,40,22,-27,0
S,61387113,kup,1073,0,1453,1520,880,-1016,-16992,38,17,-31,0
S,61397113,kup,1073,0,1453,1520,976,-952,-17128,40,12,-26,0
S,61407113,kup,1073,0,1453,1520,1040,-952,-17128,34,14,-29,0
S,61417113,kup,1073,0,1453,1520,872,-1048,-17008,37,21,-29,0
S,61427113,kup,1073,0,1453,1520,928,-992,-17072,38,24,-29,0
S,61437113,kup,1073,0,1453,1520,920,-1016,-17032,35,29,-33,0
S,61447113,kup,1073,0,1453,1520,944,-960,-16984,37,27,-29,0
S,61457113,kup,1073,0,1453,1520,992,-896,-17112,37,24,-31,0
S,61467113,kup,1073,0,1453,1520,832,-1032,-17112,39,20,-27,0
S,61477113,kup,1073,0,1453,1520,904,-936,-17144,39,16,-30,0
S,61487113,kup,1073,0,1453,1520,880,-904,-17128,37,20,-30,0
S,61497113,kup,1073,0,1453,1520,936,-912,-17024,36,24,-30,0
S,61507113,kup,1073,0,1453,1520,880,-952,-17160,36,26,-26,0
S,61517113,kup,1073,0,1453,1520,848,-976,-17200,37,29,-30,0
S,61527113,kup,1073,0,1453,1520,936,-984,-17112,38,20,-31,0
S,61537114,kup,1073,0,1453,1520,936,-992,-17008,38,20,-32,0
S,61547113,kup,1073,0,1453,1520,904,-968,-17160,38,18,-29,0
S,61557113,kup,1073,0,1453,1520,840,-968,-17008,38,21,-25,0
S,61567113,kup,1073,0,1453,1520,904,-936,-17104,40,24,-34,0
S,61577113,kup,1073,0,1453,1520,1000,-1056,-17096,37,25,-25,0
S,61587114,kup,1073,0,1453,1520,920,-1016,-17144,45,27,-28,0
E,61587218,kup,1074,0,1454,1520,,,,,,,0
S,61587850,kup,1074,0,1454,1520,1000,-1024,-17096,44,22,-24,0
S,61597841,kup,1074,0,1454,1520,872,-952,-17064,37,17,-30,0
S,61607839,kup,1074,0,1454,1520,888,-912,-17016,41,23,-30,0
S,61617839,kup,1074,0,1454,1520,840,-856,-16968,41,19,-28,0
S,61627840,kup,1074,0,1454,1520,968,-968,-17136,34,20,-28,0
S,61637839,kup,1074,0,1454,1520,1000,-968,-17096,36,26,-28,0
S,61647840,kup,1074,0,1454,1520,840,-880,-17032,34,26,-32,0
S,61657839,kup,1074,0,1454,1520,792,-920,-17096,39,14,-28,0
S,61667839,kup,1074,0,1454,1520,992,-856,-17288,37,19,-30,0
S,61677839,kup,1074,0,1454,1520,920,-880,-17120,39,21,-27,0
S,61687839,kup,1074,0,1454,1520,832,-952,-16944,37,23,-37,0
S,61697839,kup,1074,0,1454,1520,920,-960,-17016,37,30,-28,0
S,61707839,kup,1074,0,1454,1520,752,-1048,-17072,36,26,-28,0
S,61717839,kup,1074,0,1454,1520,856,-1008,-17112,45,19,-33,0
S,61727839,kup,1074,0,1454,1520,808,-904,-17128,46,18,-33,0
S,61737840,kup,1074,0,1454,1520,792,-1008,-17096,39,28,-31,0
S,61747839,kup,1074,0,1454,1520,1000,-1032,-17056,39,24,-25,0
S,61757839,kup,1074,0,1454,1520,872,-968,-17096,32,26,-23,0
S,61767839,kup,1074,0,1454,1520,856,-920,-17176,40,25,-25,0
S,61777840,kup,1074,0,1454,1520,856,-848,-17064,37,24,-26,0
S,61787839,kup,1074,0,1454,1520,944,-984,-16968,40,22,-29,0
S,61797840,kup,1074,0,1454,1520,776,-992,-17112,38,21,-26,0
S,61807839,kup,1074,0,1454,1520,928,-1040,-17040,40,17,-26,0
S,61817839,kup,1074,0,1454,1520,904,-984,-17120,39,22,-28,0
S,61827839,kup,1074,0,1454,1520,936,-880,-17144,39,23,-24,0
S,61837839,kup,1074,0,1454,1520,944,-1056,-17056,36,30,-33,0
E,61837944,kup,1075,0,1455,1520,,,,,,,0
S,61838575,kup,1075,0,1455,1520,896,-992,-17032,46,31,-31,0
S,61848566,kup,1075,0,1455,1520,920,-888,-16960,39,27,-26,0
S,61858565,kup,1075,0,1455,1520,840,-896,-17080,34,20,-27,0
S,61868565,kup,1075,0,1455,1520,888,-1000,-17136,37,21,-28,0
S,61878565,kup,1075,0,1455,1520,920,-944,-17064,44,21,-24,0
S,61888565,kup,1075,0,1455,1520,944,-1008,-16992,43,28,-36,0
S,61898565,kup,1075,0,1455,1520,888,-904,-16992,40,24,-31,0
S,61908565,kup,1075,0,1455,1520,992,-992,-17056,32,24,-32,0
S,61918565,kup,1075,0,1455,1520,904,-1104,-17096,35,28,-25,0
S,61928565,kup,1075,0,1455,1520,896,-848,-17232,42,20,-26,0
S,61938565,kup,1075,0,1455,1520,880,-920,-16936,36,26,-35,0
S,61948565,kup,1075,0,1455,1520,968,-928,-17136,39,21,-31,0
S,61958565,kup,1075,0,1455,1520,952,-984,-17176,37,23,-30,0
S,61968565,kup,1075,0,1455,1520,856,-904,-17088,36,23,-22,0
S,61978565,kup,1075,0,1455,1520,864,-1024,-17024,41,28,-30,0
S,61988566,kup,1075,0,1455,1520,936,-864,-17040,40,22,-29,0
S,61998565,kup,1075,0,1455,1520,1016,-944,-17008,36,24,-26,0
S,62008565,kup,1075,0,1455,1520,1016,-952,-17152,40,21,-30,0
S,62018565,kup,1075,0,1455,1520,984,-864,-17160,42,24,-28,0
S,62028565,kup,1075,0,1455,1520,696,-1000,-17032,41,29,-32,0
S,62038565,kup,1075,0,1455,1520,904,-968,-17080,41,23,-27,0
S,62048565,kup,1075,0,1455,1520,864,-992,-17032,38,19,-27,0
S,62058565,kup,1075,0,1455,1520,960,-912,-16992,35,22,-31,0
S,62068565,kup,1075,0,1455,1520,856,-1216,-17168,46,29,-25,0
S,62078565,kup,1075,0,1455,1520,824,-1024,-17240,41,24,-25,0
S,62088566,kup,1075,0,1455,1520,1072,-1112,-16536,35,22,-28,0
E,62088671,kup,1076,0,1456,1520,,,,,,,0
S,62089305,kup,1076,0,1456,1520,1048,-1120,-16640,33,25,-23,0
S,62099295,kup,1076,0,1456,1520,568,-1048,-17136,36,30,-28,0
S,62109293,kup,1076,0,1456,1520,576,-1008,-17640,36,22,-32,0
S,62119293,kup,1076,0,1456,1520,792,-1000,-17160,37,20,-34,0
S,62129293,kup,1076,0,1456,1520,1168,-1072,-16888,37,20,-30,0
S,62139293,kup,1076,0,1456,1520,920,-912,-17056,39,32,-26,0
S,62149293,kup,1076,0,1456,1520,768,-952,-16936,32,24,-35,0
S,62159293,kup,1076,0,1456,1520,920,-936,-17048,33,23,-32,0
S,62169293,kup,1076,0,1456,1520,872,-976,-17104,41,19,-26,0
S,62179293,kup,1076,0,1456,1520,1144,-904,-17072,45,20,-28,0
S,62189293,kup,1076,0,1456,1520,1120,-896,-16952,38,28,-30,0
S,62199293,kup,1076,0,1456,1520,984,-928,-16944,35,29,-31,0
S,62209293,kup,1076,0,1456,1520,928,-1056,-17280,36,23,-29,0
S,62219293,kup,1076,0,1456,1520,856,-920,-17176,43,22,-21,0
S,62229293,kup,1076,0,1456,1520,968,-888,-17064,35,22,-28,0
S,62239293,kup,1076,0,1456,1520,856,-1008,-17104,41,23,-28,0
S,62249293,kup,1076,0,1456,1520,880,-904,-17096,42,20,-28,0
S,62259293,kup,1076,0,1456,1520,1056,-1040,-17152,35,27,-30,0
S,62269293,kup,1076,0,1456,1520,1000,-992,-17112,43,28,-31,0
S,62279293,kup,1076,0,1456,1520,952,-936,-17000,39,26,-29,0
S,62289293,kup,1076,0,1456,1520,928,-896,-17072,44,22,-28,0
S,62299293,kup,1076,0,1456,1520,944,-1112,-17112,39,22,-31,0
S,62309293,kup,1076,0,1456,1520,816,-984,-17120,36,22,-27,0
S,62319293,kup,1076,0,1456,1520,944,-968,-16984,41,23,-26,0
S,62329293,kup,1076,0,1456,1520,872,-968,-17008,41,25,-25,0
S,62339293,kup,1076,0,1456,1520,1096,-1056,-17168,37,21,-27,0
E,62339402,kup,1077,0,1457,1520,,,,,,,0
S,62340041,kup,1077,0,1457,1520,904,-992,-17136,37,21,-27,0
S,62350028,kup,1077,0,1457,1520,960,-920,-17112,35,25,-30,0
S,62360027,kup,1077,0,1457,1520,1032,-880,-16960,34,28,-30,0
S,62370027,kup,1077,0,1457,1520,864,-1064,-17016,39,26,-28,0
S,62380028,kup,1077,0,1457,1520,864,-976,-17112,42,25,-25,0
S,62390027,kup,1077,0,1457,1520,912,-1088,-17208,41,21,-33,0
S,62400027,kup,1077,0,1457,1520,768,-896,-17152,42,19,-29,0
S,62410027,kup,1077,0,1457,1520,1008,-968,-17000,39,23,-28,0
S,62420028,kup,1077,0,1457,1520,816,-952,-17040,41,28,-34,0
S,62430027,kup,1077,0,1457,1520,928,-928,-17152,39,20,-26,0
S,62440027,kup,1077,0,1457,1520,952,-1032,-17072,38,23,-31,0
S,62450027,kup,1077,0,1457,1520,1048,-968,-17040,34,21,-28,0
S,62460028,kup,1077,0,1457,1520,952,-1000,-17104,34,23,-27,0
S,62470027,kup,1077,0,1457,1520,904,-976,-17168,41,28,-32,0
S,62480027,kup,1077,0,1457,1520,992,-1024,-17184,40,24,-29,0
S,62490027,kup,1077,0,1457,1520,952,-1112,-17024,40,26,-27,0
S,62500027,kup,1077,0,1457,1520,960,-912,-17040,36,20,-29,0
S,62510027,kup,1077,0,1457,1520,896,-1008,-17080,40,27,-27,0
S,62520028,kup,1077,0,1457,1520,888,-1056,-17048,41,24,-29,0
S,62530027,kup,1077,0,1457,1520,888,-928,-17136,39,24,-33,0
S,62540027,kup,1077,0,1457,1520,1008,-1000,-17128,33,19,-27,0
S,62550027,kup,1077,0,1457,1520,936,-976,-17160,32,15,-30,0
S,62560028,kup,1077,0,1457,1520,856,-1016,-17088,40,24,-25,0
S,62570028,kup,1077,0,1457,1520,968,-1024,-16944,45,21,-25,0
S,62580027,kup,1077,0,1457,1520,920,-928,-17016,40,26,-34,0
S,62590027,kup,1077,0,1457,1520,840,-784,-17200,34,25,-30,0
E,62590131,kup,1078,0,1458,1520,,,,,,,0
S,62590764,kup,1078,0,1458,1520,872,-944,-17144,37,23,-33,0
S,62600756,kup,1078,0,1458,1520,-824,-800,-16968,37,6,-37,0
S,62610754,kup,1078,0,1458,1520,3192,728,-17320,33,-23,-59,0
S,62620754,kup,1078,0,1458,1520,2696,-1680,-16120,48,-119,-53,0
S,62630754,kup,1078,0,1458,1520,400,120,-17200,41,-181,-6,0
S,62640755,kup,1078,0,1458,1520,1864,-1792,-16856,42,-196,23,0
S,62650755,kup,1078,0,1458,1520,704,-1096,-17136,45,-139,7,0
S,62660755,kup,1078,0,1458,1520,720,-960,-17064,39,-51,4,0
S,62670755,kup,1078,0,1458,1520,792,-1072,-17064,42,36,-36,0
S,62680755,kup,1078,0,1458,1520,776,-1080,-17008,29,104,-41,0
S,62690754,kup,1078,0,1458,1520,672,-864,-17120,20,118,-49,0
S,62700754,kup,1078,0,1458,1520,1008,-984,-17056,29,99,-37,0
S,62710755,kup,1078,0,1458,1520,808,-1016,-17032,41,63,-46,0
S,62720755,kup,1078,0,1458,1520,768,-936,-17128,49,27,-32,0
S,62730753,kup,1078,0,1458,1520,776,-960,-17160,41,-16,-26,0
S,62740754,kup,1078,0,1458,1520,776,-1080,-16928,30,-25,-26,0
S,62750755,kup,1078,0,1458,1520,888,-1096,-16952,36,-1,-29,0
S,62760755,kup,1078,0,1458,1520,872,-864,-17040,47,36,-28,0
S,62770755,kup,1078,0,1458,1520,872,-936,-17040,38,46,-29,0
S,62780754,kup,1078,0,1458,1520,800,-1016,-17080,27,40,-34,0
S,62790754,kup,1078,0,1458,1520,648,-952,-17056,27,36,-30,0
S,62800755,kup,1078,0,1458,1520,816,-984,-17040,35,17,-31,0
S,62810754,kup,1078,0,1458,1520,824,-1048,-17072,48,13,-32,0
S,62820755,kup,1078,0,1458,1520,704,-808,-16984,50,10,-25,0
S,62830754,kup,1078,0,1458,1520,792,-1040,-17192,38,18,-34,0
S,62840754,kup,1078,0,1458,1520,816,-968,-17136,28,19,-26,0
E,62840857,kup,1079,0,1459,1520,,,,,,,0
S,62841489,kup,1079,0,1459,1520,816,-936,-17000,28,19,-26,0
S,62851479,kup,1079,0,1459,1520,792,-920,-17080,31,32,-24,0
S,62861479,kup,1079,0,1459,1520,816,-912,-17024,41,34,-31,0
S,62871478,kup,1079,0,1459,1520,864,-960,-17080,45,30,-29,0
S,62881478,kup,1079,0,1459,1520,856,-904,-17112,37,15,-28,0
S,62891478,kup,1079,0,1459,1520,776,-992,-17120,40,14,-30,0
S,62901478,kup,1079,0,1459,1520,824,-904,-17064,40,13,-30,0
S,62911478,kup,1079,0,1459,1520,992,-872,-17000,46,25,-30,0
S,62921478,kup,1079,0,1459,1520,840,-976,-17120,41,29,-31,0
S,62931478,kup,1079,0,1459,1520,824,-968,-17144,35,28,-31,0
S,62941478,kup,1079,0,1459,1520,784,-1080,-17088,35,25,-26,0
S,62951479,kup,1079,0,1459,1520,728,-944,-17104,40,22,-31,0
S,62961478,kup,1079,0,1459,1520,904,-992,-17048,43,18,-32,0
S,62971478,kup,1079,0,1459,1520,800,-984,-17024,45,22,-29,0
S,62981478,kup,1079,0,1459,1520,744,-1000,-17064,35,22,-29,0
S,62991478,kup,1079,0,1459,1520,728,-968,-17136,29,23,-23,0
S,63001478,kup,1079,0,1459,1520,744,-1072,-17112,39,28,-28,0
S,63011478,kup,1079,0,1459,1520,712,-920,-17224,46,24,-29,0
S,63021479,kup,1079,0,1459,1520,808,-952,-17072,41,22,-28,0
S,63031478,kup,1079,0,1459,1520,800,-888,-16936,38,22,-27,0
S,63041478,kup,1079,0,1459,1520,912,-920,-16984,39,20,-26,0
S,63051478,kup,1079,0,1459,1520,808,-912,-17008,36,19,-29,0
S,63061478,kup,1079,0,1459,1520,808,-872,-17080,40,21,-25,0
S,63071478,kup,1079,0,1459,1520,800,-1000,-17120,38,26,-29,0
S,63081478,kup,1079,0,1459,1520,832,-1040,-16984,34,22,-26,0
S,63091478,kup,1079,0,1459,1520,776,-968,-17056,34,19,-32,0
E,63091582,kup,1080,0,1460,1520,,,,,,,0
S,63092213,kup,1080,0,1460,1520,736,-864,-16920,33,25,-29,0
S,63102204,kup,1080,0,1460,1520,760,-1040,-17088,36,17,-33,0
S,63112203,kup,1080,0,1460,1520,736,-968,-17048,46,24,-29,0
S,63122203,kup,1080,0,1460,1520,856,-888,-17184,42,20,-27,0
S,63132203,kup,1080,0,1460,1520,872,-952,-17144,33,23,-32,0
S,63142203,kup,1080,0,1460,1520,760,-1056,-17056,36,20,-24,0
S,63152203,kup,1080,0,1460,1520,776,-856,-17136,38,21,-27,0
S,63162203,kup,1080,0,1460,1520,728,-1032,-17112,38,26,-26,0
S,63172203,kup,1080,0,1460,1520,808,-952,-16992,42,21,-33,0
S,63182203,kup,1080,0,1460,1520,824,-1008,-17120,37,25,-30,0
S,63192204,kup,1080,0,1460,1520,776,-960,-17064,35,14,-28,0
S,63202203,kup,1080,0,1460,1520,808,-928,-17072,37,24,-31,0
S,63212203,kup,1080,0,1460,1520,776,-1032,-17000,40,22,-29,0
S,63222203,kup,1080,0,1460,1520,800,-952,-17160,40,24,-30,0
S,63232203,kup,1080,0,1460,1520,752,-1040,-17032,40,18,-26,0
S,63242203,kup,1080,0,1460,1520,808,-944,-17144,38,20,-26,0
S,63252203,kup,1080,0,1460,1520,832,-952,-17000,41,21,-21,0
S,63262203,kup,1080,0,1460,1520,800,-968,-16992,38,22,-30,0
S,63272203,kup,1080,0,1460,1520,784,-976,-16992,37,21,-28,0
S,63282203,kup,1080,0,1460,1520,872,-968,-17024,35,23,-22,0
S,63292203,kup,1080,0,1460,1520,816,-1048,-17040,40,25,-29,0
S,63302203,kup,1080,0,1460,1520,768,-968,-17064,41,25,-29,0
S,63312203,kup,1080,0,1460,1520,800,-1064,-16992,42,28,-25,0
S,63322203,kup,1080,0,1460,1520,904,-992,-17120,38,21,-30,0
S,63332203,kup,1080,0,1460,1520,824,-1072,-16992,38,24,-29,0
S,63342204,kup,1080,0,1460,1520,848,-1048,-17080,35,25,-32,0
E,63342308,kdn,1081,0,1460,1520,,,,,,,0
S,63342944,kdn,1081,0,1460,1520,760,-968,-16992,35,25,-32,0
S,63352934,kdn,1081,0,1460,1520,760,-1064,-17032,41,25,-31,0
S,63362933,kdn,1081,0,1460,1520,664,-960,-17016,30,26,-32,0
S,63372933,kdn,1081,0,1460,1520,856,-904,-17072,41,23,-28,0
S,63382933,kdn,1081,0,1460,1520,808,-1000,-17104,37,20,-26,0
S,63392934,kdn,1081,0,1460,1520,856,-1104,-17104,31,23,-32,0
S,63402933,kdn,1081,0,1460,1520,832,-1000,-17088,36,23,-30,0
S,63412933,kdn,1081,0,1460,1520,856,-928,-16936,39,22,-29,0
S,63422933,kdn,1081,0,1460,1520,728,-1000,-17072,35,23,-32,0
S,63432933,kdn,1081,0,1460,1520,960,-1048,-16800,38,21,-25,0
S,63442934,kdn,1081,0,1460,1520,904,-944,-16976,36,27,-27,0
S,63452933,kdn,1081,0,1460,1520,840,-952,-17184,40,24,-26,0
S,63462933,kdn,1081,0,1460,1520,760,-1024,-16928,45,24,-30,0
S,63472933,kdn,1081,0,1460,1520,840,-944,-17000,41,29,-33,0
S,63482933,kdn,1081,0,1460,1520,752,-992,-17080,39,23,-27,0
S,63492934,kdn,1081,0,1460,1520,768,-1080,-17200,31,21,-29,0
S,63502933,kdn,1081,0,1460,1520,744,-896,-17120,40,24,-26,0
S,63512933,kdn,1081,0,1460,1520,800,-920,-17056,40,26,-34,0
S,63522933,kdn,1081,0,1460,1520,848,-992,-17024,41,25,-28,0
S,63532933,kdn,1081,0,1460,1520,840,-1000,-17056,36,26,-36,0
S,63542934,kdn,1081,0,1460,1520,920,-936,-17120,39,20,-25,0
S,63552933,kdn,1081,0,1460,1520,816,-928,-17048,41,19,-28,0
S,63562933,kdn,1081,0,1460,1520,752,-1096,-16968,40,23,-33,0
S,63572933,kdn,1081,0,1460,1520,848,-1048,-17104,44,19,-27,0
S,63582933,kdn,1081,0,1460,1520,984,-824,-17192,36,29,-27,0
S,63592933,kdn,1081,0,1460,1520,784,-968,-17136,34,24,-30,0
E,63593037,kdn,1082,0,1459,1520,,,,,,,0
S,63593668,kdn,1082,0,1459,1520,872,-1048,-17112,41,21,-31,0
S,63603659,kdn,1082,0,1459,1520,840,-1056,-16976,40,21,-27,0
S,63613659,kdn,1082,0,1459,1520,936,-816,-17136,45,17,-32,0
S,63623658,kdn,1082,0,1459,1520,912,-1024,-17080,41,22,-28,0
S,63633659,kdn,1082,0,1459,1520,768,-960,-17112,40,23,-26,0
S,63643659,kdn,1082,0,1459,1520,888,-952,-17080,36,25,-31,0
S,63653659,kdn,1082,0,1459,1520,832,-960,-17064,37,18,-30,0
S,63663659,kdn,1082,0,1459,1520,928,-872,-17112,45,27,-33,0
S,63673658,kdn,1082,0,1459,1520,912,-1064,-17168,42,22,-29,0
S,63683659,kdn,1082,0,1459,1520,760,-1008,-17040,33,25,-40,0
S,63693659,kdn,1082,0,1459,1520,792,-1072,-17096,38,21,-28,0
S,63703658,kdn,1082,0,1459,1520,720,-1072,-17008,38,25,-26,0
S,63713659,kdn,1082,0,1459,1520,816,-992,-16880,45,24,-27,0
S,63723659,kdn,1082,0,1459,1520,808,-952,-17080,39,25,-31,0
S,63733659,kdn,1082,0,1459,1520,752,-1032,-17104,35,19,-26,0
S,63743659,kdn,1082,0,1459,1520,784,-944,-17104,34,20,-27,0
S,63753659,kdn,1082,0,1459,1520,840,-1016,-17128,40,24,-23,0
S,63763658,kdn,1082,0,1459,1520,760,-952,-17088,38,20,-26,0
S,63773659,kdn,1082,0,1459,1520,760,-1008,-17112,43,22,-33,0
S,63783658,kdn,1082,0,1459,1520,912,-928,-17048,31,27,-30,0
S,63793659,kdn,1082,0,1459,1520,712,-936,-17080,43,21,-29,0
S,63803659,kdn,1082,0,1459,1520,712,-984,-16976,41,19,-26,0
S,63813659,kdn,1082,0,1459,1520,808,-968,-17056,42,28,-30,0
S,63823659,kdn,1082,0,1459,1520,792,-912,-17112,37,22,-34,0
S,63833658,kdn,1082,0,1459,1520,832,-936,-17064,33,20,-29,0
S,63843659,kdn,1082,0,1459,1520,848,-1008,-17080,35,17,-29,0
E,63843763,kdn,1083,0,1458,1520,,,,,,,0
S,63844397,kdn,1083,0,1458,1520,848,-1008,-17080,35,17,-29,0
S,63854388,kdn,1083,0,1458,1520,816,-888,-16952,38,23,-27,0
S,63864387,kdn,1083,0,1458,1520,872,-984,-17104,41,20,-32,0
S,63874386,kdn,1083,0,1458,1520,840,-976,-17008,33,21,-21,0
S,63884386,kdn,1083,0,1458,1520,776,-920,-17128,34,23,-24,0
S,63894386,kdn,1083,0,1458,1520,832,-1048,-17128,39,23,-27,0
S,63904386,kdn,1083,0,1458,1520,736,-960,-17032,43,27,-33,0
S,63914386,kdn,1083,0,1458,1520,776,-968,-17064,37,26,-32,0
S,63924387,kdn,1083,0,1458,1520,712,-1016,-16976,37,24,-34,0
S,63934387,kdn,1083,0,1458,1520,840,-992,-17040,39,23,-28,0
S,63944387,kdn,1083,0,1458,1520,816,-960,-17128,35,20,-33,0
S,63954387,kdn,1083,0,1458,1520,792,-928,-17040,34,24,-28,0
S,63964387,kdn,1083,0,1458,1520,848,-1088,-17088,41,26,-30,0
S,63974386,kdn,1083,0,1458,1520,864,-984,-17048,35,22,-24,0
S,63984387,kdn,1083,0,1458,1520,944,-864,-17000,36,16,-29,0
S,63994387,kdn,1083,0,1458,1520,856,-832,-17136,38,21,-31,0
S,64004387,kdn,1083,0,1458,1520,840,-944,-17016,44,22,-29,0
S,64014386,kdn,1083,0,1458,1520,840,-1032,-17184,37,24,-27,0
S,64024387,kdn,1083,0,1458,1520,728,-952,-17112,41,25,-29,0
S,64034386,kdn,1083,0,1458,1520,808,-912,-17000,40,18,-32,0
S,64044387,kdn,1083,0,1458,1520,872,-1008,-17080,41,27,-30,0
S,64054387,kdn,1083,0,1458,1520,760,-864,-17080,42,23,-30,0
S,64064386,kdn,1083,0,1458,1520,768,-1016,-17088,36,26,-31,0
S,64074387,kdn,1083,0,1458,1520,800,-880,-17032,35,23,-27,0
S,64084387,kdn,1083,0,1458,1520,672,-1032,-16992,34,20,-22,0
S,64094387,kdn,1083,0,1458,1520,976,-1032,-17048,36,22,-25,0
E,64094491,kdn,1084,0,1457,1520,,,,,,,0
S,64095123,kdn,1084,0,1457,1520,872,-1000,-17000,39,18,-30,0
S,64105113,kdn,1084,0,1457,1520,448,-976,-17184,42,29,-32,0
S,64115112,kdn,1084,0,1457,1520,952,-584,-16984,38,36,-24,0
S,64125112,kdn,1084,0,1457,1520,664,-1008,-17328,41,52,-25,0
S,64135112,kdn,1084,0,1457,1520,872,-888,-17016,46,63,-35,0
S,64145112,kdn,1084,0,1457,1520,816,-960,-17216,33,62,-32,0
S,64155112,kdn,1084,0,1457,1520,856,-920,-17040,22,48,-32,0
S,64165112,kdn,1084,0,1457,1520,712,-1016,-17160,32,29,-25,0
S,64175112,kdn,1084,0,1457,1520,880,-1056,-17032,42,9,-31,0
S,64185112,kdn,1084,0,1457,1520,776,-880,-17184,49,5,-28,0
S,64195112,kdn,1084,0,1457,1520,688,-912,-16960,43,6,-28,0
S,64205112,kdn,1084,0,1457,1520,816,-1040,-16960,33,19,-26,0
S,64215112,kdn,1084,0,1457,1520,800,-912,-16960,28,32,-40,0
S,64225112,kdn,1084,0,1457,1520,688,-944,-17056,32,32,-24,0
S,64235112,kdn,1084,0,1457,1520,784,-1048,-17160,41,29,-29,0
S,64245112,kdn,1084,0,1457,1520,912,-976,-17184,44,23,-32,0
S,64255112,kdn,1084,0,1457,1520,912,-896,-16960,38,12,-29,0
S,64265112,kdn,1084,0,1457,1520,856,-1008,-17024,34,10,-29,0
S,64275112,kdn,1084,0,1457,1520,784,-1056,-16992,38,20,-29,0
S,64285112,kdn,1084,0,1457,1520,752,-968,-17000,39,31,-27,0
S,64295112,kdn,1084,0,1457,1520,744,-992,-17080,37,29,-27,0
S,64305112,kdn,1084,0,1457,1520,776,-880,-17056,32,25,-35,0
S,64315112,kdn,1084,0,1457,1520,800,-960,-17032,40,21,-34,0
S,64325112,kdn,1084,0,1457,1520,792,-1040,-17040,41,17,-25,0
S,64335112,kdn,1084,0,1457,1520,896,-968,-17104,43,19,-26,0
S,64345112,kdn,1084,0,1457,1520,808,-1016,-17008,36,16,-27,0
E,64345217,kdn,1085,0,1456,1520,,,,,,,0
S,64345848,kdn,1085,0,1456,1520,808,-1016,-17008,39,18,-33,0
S,64355839,kdn,1085,0,1456,1520,808,-1040,-17024,36,25,-33,0
S,64365838,kdn,1085,0,1456,1520,832,-1032,-17112,30,22,-29,0
S,64375838,kdn,1085,0,1456,1520,720,-944,-17056,36,30,-26,0
S,64385838,kdn,1085,0,1456,1520,768,-976,-17128,42,25,-28,0
S,64395838,kdn,1085,0,1456,1520,728,-976,-17224,42,19,-29,0
S,64405838,kdn,1085,0,1456,1520,896,-824,-17072,40,19,-27,0
S,64415838,kdn,1085,0,1456,1520,856,-1128,-17056,39,25,-34,0
S,64425838,kdn,1085,0,1456,1520,800,-952,-17128,41,24,-30,0
S,64435838,kdn,1085,0,1456,1520,800,-1048,-17072,36,26,-24,0
S,64445838,kdn,1085,0,1456,1520,792,-1000,-17056,37,19,-34,0
S,64455838,kdn,1085,0,1456,1520,880,-888,-17000,31,23,-25,0
S,64465838,kdn,1085,0,1456,1520,808,-872,-16992,35,21,-31,0
S,64475838,kdn,1085,0,1456,1520,784,-952,-17088,41,16,-29,0
S,64485838,kdn,1085,0,1456,1520,744,-904,-17144,41,17,-33,0
S,64495838,kdn,1085,0,1456,1520,872,-1008,-17064,35,19,-26,0
S,64505838,kdn,1085,0,1456,1520,744,-952,-17200,37,23,-25,0
S,64515838,kdn,1085,0,1456,1520,776,-1032,-17024,42,20,-26,0
S,64525838,kdn,1085,0,1456,1520,752,-944,-17088,36,28,-31,0
S,64535838,kdn,1085,0,1456,1520,904,-1024,-17128,36,25,-29,0
S,64545838,kdn,1085,0,1456,1520,784,-1040,-17048,40,17,-27,0
S,64555838,kdn,1085,0,1456,1520,800,-920,-17104,36,22,-28,0
S,64565838,kdn,1085,0,1456,1520,752,-912,-16992,35,20,-27,0
S,64575838,kdn,1085,0,1456,1520,824,-960,-17088,39,22,-28,0
S,64585838,kdn,1085,0,1456,1520,888,-1016,-17200,37,27,-27,0
S,64595838,kdn,1085,0,1456,1520,808,-1024,-17000,37,25,-23,0
E,64595943,kdn,1086,0,1455,1520,,,,,,,0
S,64596574,kdn,1086,0,1455,1520,856,-912,-16984,39,27,-24,0
S,64606566,kdn,1086,0,1455,1520,872,-1048,-17016,35,23,-29,0
S,64616565,kdn,1086,0,1455,1520,904,-952,-17176,45,23,-30,0
S,64626565,kdn,1086,0,1455,1520,904,-928,-17104,39,20,-26,0
S,64636564,kdn,1086,0,1455,1520,840,-896,-17096,41,24,-24,0
S,64646565,kdn,1086,0,1455,1520,896,-944,-17104,39,28,-25,0
S,64656564,kdn,1086,0,1455,1520,936,-896,-17128,40,22,-31,0
S,64666564,kdn,1086,0,1455,1520,872,-992,-17048,42,21,-27,0
S,64676564,kdn,1086,0,1455,1520,784,-1048,-17208,36,24,-30,0
S,64686565,kdn,1086,0,1455,1520,936,-976,-17208,41,26,-29,0
S,64696565,kdn,1086,0,1455,1520,856,-952,-17096,38,22,-24,0
S,64706564,kdn,1086,0,1455,1520,856,-952,-17008,41,26,-32,0
S,64716565,kdn,1086,0,1455,1520,816,-952,-17160,39,18,-30,0
S,64726564,kdn,1086,0,1455,1520,720,-952,-17096,36,23,-31,0
S,64736564,kdn,1086,0,1455,1520,816,-920,-17080,34,22,-31,0
S,64746564,kdn,1086,0,1455,1520,792,-1056,-17056,43,22,-28,0
S,64756565,kdn,1086,0,1455,1520,800,-944,-17064,37,24,-26,0
S,64766565,kdn,1086,0,1455,1520,912,-928,-17112,35,24,-25,0
S,64776564,kdn,1086,0,1455,1520,824,-984,-17048,35,24,-33,0
S,64786565,kdn,1086,0,1455,1520,856,-936,-17152,39,29,-31,0
S,64796564,kdn,1086,0,1455,1520,912,-928,-17120,38,26,-25,0
S,64806565,kdn,1086,0,1455,1520,784,-1056,-17128,42,21,-29,0
S,64816565,kdn,1086,0,1455,1520,768,-1048,-17104,35,21,-29,0
S,64826564,kdn,1086,0,1455,1520,768,-936,-17112,38,19,-30,0
S,64836565,kdn,1086,0,1455,1520,800,-1112,-17000,35,25,-29,0
S,64846564,kdn,1086,0,1455,1520,856,-1080,-17080,38,21,-30,0
E,64846669,kdn,1087,0,1454,1520,,,,,,,0
S,64847302,kdn,1087,0,1454,1520,856,-1080,-17080,28,21,-31,0
S,64857291,kdn,1087,0,1454,1520,824,-1000,-17168,43,29,-36,0
S,64867290,kdn,1087,0,1454,1520,-720,-2112,-17096,38,19,-26,0
S,64877291,kdn,1087,0,1454,1520,744,-832,-17216,33,17,-31,0
S,64887290,kdn,1087,0,1454,1520,560,-1232,-17152,37,26,-26,0
S,64897290,kdn,1087,0,1454,1520,864,-576,-16976,45,48,-34,0
S,64907291,kdn,1087,0,1454,1520,2104,-1136,-16952,46,68,-34,0
S,64917290,kdn,1087,0,1454,1520,864,-928,-17088,38,75,-32,0
S,64927290,kdn,1087,0,1454,1520,944,-976,-17160,32,76,-33,0
S,64937290,kdn,1087,0,1454,1520,912,-960,-17152,27,68,-30,0
S,64947291,kdn,1087,0,1454,1520,824,-1016,-17120,42,59,-32,0
S,64957290,kdn,1087,0,1454,1520,848,-936,-16960,41,47,-31,0
S,64967291,kdn,1087,0,1454,1520,880,-896,-17016,40,28,-27,0
S,64977290,kdn,1087,0,1454,1520,944,-976,-17096,31,15,-31,0
S,64987290,kdn,1087,0,1454,1520,864,-904,-16976,33,17,-27,0
S,64997290,kdn,1087,0,1454,1520,888,-968,-17096,33,13,-31,0
S,65007290,kdn,1087,0,1454,1520,792,-1096,-17056,42,25,-30,0
S,65017290,kdn,1087,0,1454,1520,912,-928,-17104,35,29,-27,0
S,65027290,kdn,1087,0,1454,1520,936,-912,-17048,39,33,-30,0
S,65037290,kdn,1087,0,1454,1520,920,-872,-17056,31,26,-29,0
S,65047291,kdn,1087,0,1454,1520,928,-944,-17112,38,20,-32,0
S,65057290,kdn,1087,0,1454,1520,848,-1048,-17064,41,21,-29,0
S,65067290,kdn,1087,0,1454,1520,760,-880,-17008,41,15,-30,0
S,65077290,kdn,1087,0,1454,1520,1008,-1080,-17008,37,26,-31,0
S,65087290,kdn,1087,0,1454,1520,840,-1088,-17104,37,20,-25,0
S,65097290,kdn,1087,0,1454,1520,952,-904,-17080,39,27,-31,0
E,65097398,kdn,1088,0,1453,1520,,,,,,,0
S,65098030,kdn,1088,0,1453,1520,984,-1008,-17024,44,22,-32,0
S,65108020,kdn,1088,0,1453,1520,768,-912,-17112,41,28,-30,0
S,65118019,kdn,1088,0,1453,1520,784,-896,-17024,42,25,-29,0
S,65128019,kdn,1088,0,1453,1520,896,-992,-17024,32,23,-26,0
S,65138019,kdn,1088,0,1453,1520,936,-1024,-17024,33,17,-26,0
S,65148019,kdn,1088,0,1453,1520,920,-1104,-17032,39,22,-28,0
S,65158019,kdn,1088,0,1453,1520,992,-872,-17016,39,19,-31,0
S,65168019,kdn,1088,0,1453,1520,904,-992,-16984,41,21,-35,0
S,65178019,kdn,1088,0,1453,1520,888,-1048,-17008,33,25,-33,0
S,65188019,kdn,1088,0,1453,1520,920,-1040,-16984,31,20,-29,0
S,65198019,kdn,1088,0,1453,1520,1016,-1000,-16992,39,26,-28,0
S,65208019,kdn,1088,0,1453,1520,888,-1032,-17272,39,25,-27,0
S,65218019,kdn,1088,0,1453,1520,824,-904,-16960,44,25,-32,0
S,65228019,kdn,1088,0,1453,1520,824,-960,-17040,33,26,-26,0
S,65238019,kdn,1088,0,1453,1520,936,-1024,-17032,34,22,-26,0
S,65248019,kdn,1088,0,1453,1520,944,-1064,-17008,40,27,-30,0
S,65258019,kdn,1088,0,1453,1520,896,-968,-17152,35,22,-29,0
S,65268019,kdn,1088,0,1453,1520,848,-976,-17088,37,23,-30,0
S,65278019,kdn,1088,0,1453,1520,824,-1000,-16992,35,23,-25,0
S,65288019,kdn,1088,0,1453,1520,896,-1000,-17048,30,25,-33,0
S,65298019,kdn,1088,0,1453,1520,832,-1064,-17048,40,21,-23,0
S,65308019,kdn,1088,0,1453,1520,856,-1048,-17072,43,24,-32,0
S,65318019,kdn,1088,0,1453,1520,904,-1024,-17048,41,24,-27,0
S,65328019,kdn,1088,0,1453,1520,864,-944,-17096,41,19,-28,0
S,65338019,kdn,1088,0,1453,1520,912,-888,-17064,39,25,-32,0
S,65348019,kdn,1088,0,1453,1520,1016,-1032,-17112,42,25,-30,0
E,65348124,kdn,1089,0,1452,1520,,,,,,,0
S,65348757,kdn,1089,0,1452,1520,864,-960,-17200,37,20,-28,0
S,65358747,kdn,1089,0,1452,1520,872,-944,-16952,39,26,-29,0
S,65368747,kdn,1089,0,1452,1520,896,-840,-17072,42,23,-30,0
S,65378747,kdn,1089,0,1452,1520,856,-880,-17064,43,22,-26,0
S,65388747,kdn,1089,0,1452,1520,808,-1040,-16992,36,23,-26,0
S,65398747,kdn,1089,0,1452,1520,904,-1008,-16984,38,22,-30,0
S,65408747,kdn,1089,0,1452,1520,1040,-952,-17040,37,21,-24,0
S,65418747,kdn,1089,0,1452,1520,856,-1048,-17072,38,25,-28,0
S,65428747,kdn,1089,0,1452,1520,824,-1032,-17072,40,25,-35,0
S,65438747,kdn,1089,0,1452,1520,752,-984,-17096,44,25,-29,0
S,65448747,kdn,1089,0,1452,1520,864,-1088,-17120,37,21,-29,0
S,65458747,kdn,1089,0,1452,1520,752,-1136,-17048,34,19,-30,0
S,65468747,kdn,1089,0,1452,1520,864,-936,-16952,35,23,-26,0
S,65478747,kdn,1089,0,1452,1520,936,-968,-17032,36,24,-32,0
S,65488747,kdn,1089,0,1452,1520,816,-976,-17080,39,23,-31,0
S,65498747,kdn,1089,0,1452,1520,960,-1072,-17048,42,27,-29,0
S,65508747,kdn,1089,0,1452,1520,912,-1032,-16984,38,26,-27,0
S,65518747,kdn,1089,0,1452,1520,960,-944,-17048,36,19,-26,0
S,65528747,kdn,1089,0,1452,1520,808,-928,-17144,38,22,-27,0
S,65538747,kdn,1089,0,1452,1520,872,-1096,-17040,37,20,-25,0
S,65548748,kdn,1089,0,1452,1520,816,-912,-17096,40,24,-29,0
S,65558747,kdn,1089,0,1452,1520,848,-1016,-17168,37,25,-27,0
S,65568747,kdn,1089,0,1452,1520,944,-960,-16944,33,26,-30,0
S,65578747,kdn,1089,0,1452,1520,952,-984,-17056,42,27,-23,0
S,65588747,kdn,1089,0,1452,1520,928,-968,-16968,35,23,-27,0
S,65598747,kdn,1089,0,1452,1520,944,-976,-17080,37,27,-30,0
E,65598851,kdn,1090,0,1451,1520,,,,,,,0
S,65599482,kdn,1090,0,1451,1520,824,-1008,-17144,39,25,-32,0
S,65609473,kdn,1090,0,1451,1520,1200,-904,-16912,47,23,-27,0
S,65619472,kdn,1090,0,1451,1520,1072,-784,-16848,42,25,-30,0
S,65629472,kdn,1090,0,1451,1520,984,-1112,-17024,32,32,-28,0
S,65639472,kdn,1090,0,1451,1520,864,-584,-17112,35,30,-23,0
S,65649472,kdn,1090,0,1451,1520,-208,-1024,-17120,39,40,-20,0
S,65659472,kdn,1090,0,1451,1520,504,-848,-17168,39,50,-22,0
S,65669472,kdn,1090,0,1451,1520,792,-912,-17024,31,52,-24,0
S,65679472,kdn,1090,0,1451,1520,920,-912,-17016,32,45,-27,0
S,65689472,kdn,1090,0,1451,1520,904,-1032,-17048,33,29,-27,0
S,65699472,kdn,1090,0,1451,1520,832,-984,-17080,35,14,-27,0
S,65709472,kdn,1090,0,1451,1520,752,-1048,-16936,39,10,-25,0
S,65719472,kdn,1090,0,1451,1520,888,-960,-17080,40,15,-26,0
S,65729472,kdn,1090,0,1451,1520,920,-968,-17056,37,23,-27,0
S,65739472,kdn,1090,0,1451,1520,808,-904,-17136,36,33,-29,0
S,65749472,kdn,1090,0,1451,1520,800,-856,-17064,31,31,-29,0
S,65759472,kdn,1090,0,1451,1520,904,-984,-17120,36,34,-31,0
S,65769472,kdn,1090,0,1451,1520,816,-1032,-17016,43,25,-28,0
S,65779472,kdn,1090,0,1451,1520,864,-976,-17072,34,19,-31,0
S,65789473,kdn,1090,0,1451,1520,792,-792,-17024,38,11,-33,0
S,65799472,kdn,1090,0,1451,1520,848,-872,-17048,38,20,-29,0
S,65809472,kdn,1090,0,1451,1520,1000,-1048,-17056,41,26,-26,0
S,65819472,kdn,1090,0,1451,1520,888,-1008,-16928,36,31,-25,0
S,65829472,kdn,1090,0,1451,1520,976,-984,-16976,32,29,-25,0
S,65839473,kdn,1090,0,1451,1520,960,-896,-17056,34,27,-31,0
S,65849472,kdn,1090,0,1451,1520,928,-960,-16912,36,21,-28,0
E,65849576,kdn,1091,0,1450,1520,,,,,,,0
S,65850207,kdn,1091,0,1450,1520,952,-952,-17160,38,21,-29,0
S,65860197,kdn,1091,0,1450,1520,904,-1088,-17144,44,21,-26,0
S,65870196,kdn,1091,0,1450,1520,888,-952,-17136,48,21,-20,0
S,65880196,kdn,1091,0,1450,1520,904,-992,-17144,38,21,-25,0
S,65890196,kdn,1091,0,1450,1520,912,-888,-17096,44,26,-26,0
S,65900196,kdn,1091,0,1450,1520,984,-912,-17024,37,21,-31,0
S,65910196,kdn,1091,0,1450,1520,888,-1064,-17120,37,20,-32,0
S,65920196,kdn,1091,0,1450,1520,928,-912,-17096,37,22,-33,0
S,65930196,kdn,1091,0,1450,1520,848,-1000,-17056,39,19,-28,0
S,65940196,kdn,1091,0,1450,1520,856,-1064,-17072,33,20,-27,0
S,65950196,kdn,1091,0,1450,1520,808,-968,-17064,35,18,-27,0
S,65960196,kdn,1091,0,1450,1520,768,-1056,-16992,37,22,-33,0
S,65970196,kdn,1091,0,1450,1520,944,-904,-16992,35,27,-32,0
S,65980196,kdn,1091,0,1450,1520,864,-936,-17072,40,26,-30,0
S,65990196,kdn,1091,0,1450,1520,856,-1144,-17072,37,20,-35,0
S,66000197,kdn,1091,0,1450,1520,824,-936,-17016,38,22,-26,0
S,66010196,kdn,1091,0,1450,1520,768,-864,-16952,34,20,-30,0
S,66020196,kdn,1091,0,1450,1520,920,-992,-17088,40,27,-26,0
S,66030196,kdn,1091,0,1450,1520,920,-960,-17144,35,27,-32,0
S,66040196,kdn,1091,0,1450,1520,752,-1024,-17056,41,17,-27,0
S,66050196,kdn,1091,0,1450,1520,872,-1008,-17136,39,25,-28,0
S,66060196,kdn,1091,0,1450,1520,840,-1032,-17040,43,25,-25,0
S,66070196,kdn,1091,0,1450,1520,784,-1120,-17272,38,28,-32,0
S,66080196,kdn,1091,0,1450,1520,752,-1056,-17112,36,24,-27,0
S,66090196,kdn,1091,0,1450,1520,880,-824,-17136,43,22,-30,0
S,66100196,kdn,1091,0,1450,1520,720,-936,-17176,37,29,-27,0
E,66100300,kdn,1092,0,1449,1520,,,,,,,0
S,66100935,kdn,1092,0,1449,1520,808,-888,-17136,40,21,-30,0
S,66110926,kdn,1092,0,1449,1520,984,-1000,-17128,39,20,-30,0
S,66120925,kdn,1092,0,1449,1520,824,-1008,-17168,38,23,-29,0
S,66130925,kdn,1092,0,1449,1520,912,-960,-16992,35,24,-32,0
S,66140925,kdn,1092,0,1449,1520,824,-1040,-17136,41,28,-30,0
S,66150926,kdn,1092,0,1449,1520,888,-1088,-16984,45,29,-32,0
S,66160925,kdn,1092,0,1449,1520,808,-992,-17056,42,24,-34,0
S,66170925,kdn,1092,0,1449,1520,784,-1040,-17048,36,28,-27,0
S,66180925,kdn,1092,0,1449,1520,864,-952,-17088,39,25,-28,0
S,66190926,kdn,1092,0,1449,1520,832,-1144,-17088,43,19,-25,0
S,66200925,kdn,1092,0,1449,1520,872,-1032,-17104,38,23,-35,0
S,66210925,kdn,1092,0,1449,1520,824,-1056,-17048,44,24,-27,0
S,66220925,kdn,1092,0,1449,1520,792,-904,-17128,35,23,-33,0
S,66230925,kdn,1092,0,1449,1520,904,-928,-17112,33,20,-30,0
S,66240925,kdn,1092,0,1449,1520,944,-880,-17136,37,21,-26,0
S,66250925,kdn,1092,0,1449,1520,848,-1008,-17024,39,25,-28,0
S,66260925,kdn,1092,0,1449,1520,880,-936,-17200,34,26,-34,0
S,66270925,kdn,1092,0,1449,1520,904,-960,-17168,38,20,-24,0
S,66280926,kdn,1092,0,1449,1520,888,-1064,-17128,33,17,-29,0
S,66290925,kdn,1092,0,1449,1520,800,-1000,-17040,44,23,-29,0
S,66300925,kdn,1092,0,1449,1520,912,-944,-17000,38,24,-35,0
S,66310925,kdn,1092,0,1449,1520,784,-1008,-16936,33,25,-28,0
S,66320925,kdn,1092,0,1449,1520,920,-968,-17112,39,20,-28,0
S,66330925,kdn,1092,0,1449,1520,816,-984,-17144,33,20,-30,0
S,66340926,kdn,1092,0,1449,1520,936,-1040,-17080,36,21,-31,0
S,66350926,kdn,1092,0,1449,1520,944,-960,-17000,42,20,-31,0
E,66351029,kdn,1093,0,1448,1520,,,,,,,0
S,66351661,kdn,1093,0,1448,1520,968,-1008,-17048,39,24,-34,0
S,66361655,kdn,1093,0,1448,1520,1552,-848,-16984,43,30,-34,0
S,66371653,kdn,1093,0,1448,1520,1328,-640,-17008,35,19,-27,0
S,66381653,kdn,1093,0,1448,1520,888,-968,-16952,40,50,-17,0
S,66391653,kdn,1093,0,1448,1520,672,-1136,-17008,40,63,-14,0
S,66401653,kdn,1093,0,1448,1520,928,-768,-17016,39,62,-33,0
S,66411653,kdn,1093,0,1448,1520,824,-1072,-17080,32,56,-32,0
S,66421654,kdn,1093,0,1448,1520,760,-904,-17160,32,42,-31,0
S,66431653,kdn,1093,0,1448,1520,936,-976,-17144,35,23,-34,0
S,66441653,kdn,1093,0,1448,1520,1040,-1032,-16960,46,3,-23,0
S,66451654,kdn,1093,0,1448,1520,888,-1080,-16992,36,7,-26,0
S,66461653,kdn,1093,0,1448,1520,880,-888,-17104,35,15,-23,0
S,66471654,kdn,1093,0,1448,1520,856,-856,-17024,31,30,-27,0
S,66481654,kdn,1093,0,1448,1520,984,-1008,-17064,42,34,-30,0
S,66491654,kdn,1093,0,1448,1520,1024,-992,-17040,36,37,-29,0
S,66501654,kdn,1093,0,1448,1520,928,-1000,-17136,35,32,-25,0
S,66511653,kdn,1093,0,1448,1520,896,-1032,-17120,36,16,-25,0
S,66521654,kdn,1093,0,1448,1520,984,-1008,-17000,33,13,-27,0
S,66531654,kdn,1093,0,1448,1520,920,-1040,-17088,41,17,-30,0
S,66541654,kdn,1093,0,1448,1520,944,-992,-17104,42,24,-33,0
S,66551654,kdn,1093,0,1448,1520,832,-984,-17096,36,30,-34,0
S,66561653,kdn,1093,0,1448,1520,968,-1024,-17152,37,26,-34,0
S,66571654,kdn,1093,0,1448,1520,1008,-904,-17048,42,25,-29,0
S,66581653,kdn,1093,0,1448,1520,856,-896,-16960,41,17,-26,0
S,66591654,kdn,1093,0,1448,1520,896,-928,-17104,38,24,-30,0
S,66601653,kdn,1093,0,1448,1520,872,-992,-17072,43,18,-30,0
E,66601757,kdn,1094,0,1447,1520,,,,,,,0
S,66602391,kdn,1094,0,1447,1520,944,-864,-17104,40,19,-27,0
S,66612383,kdn,1094,0,1447,1520,952,-1000,-17168,39,21,-29,0
S,66622382,kdn,1094,0,1447,1520,928,-1040,-17112,37,27,-23,0
S,66632382,kdn,1094,0,1447,1520,920,-904,-16960,39,27,-33,0
S,66642382,kdn,1094,0,1447,1520,912,-872,-17024,34,24,-31,0
S,66652382,kdn,1094,0,1447,1520,872,-936,-17104,40,31,-26,0
S,66662382,kdn,1094,0,1447,1520,944,-920,-16920,34,23,-32,0
S,66672382,kdn,1094,0,1447,1520,944,-1016,-16944,35,20,-30,0
S,66682382,kdn,1094,0,1447,1520,992,-928,-17104,37,21,-28,0
S,66692382,kdn,1094,0,1447,1520,936,-912,-17120,37,25,-26,0
S,66702382,kdn,1094,0,1447,1520,1008,-992,-17104,44,29,-29,0
S,66712382,kdn,1094,0,1447,1520,936,-960,-17008,39,26,-27,0
S,66722382,kdn,1094,0,1447,1520,912,-1040,-17072,35,28,-28,0
S,66732382,kdn,1094,0,1447,1520,960,-1008,-17080,37,26,-28,0
S,66742382,kdn,1094,0,1447,1520,944,-1008,-17128,38,20,-32,0
S,66752382,kdn,1094,0,1447,1520,1016,-952,-17040,41,19,-28,0
S,66762382,kdn,1094,0,1447,1520,824,-1024,-17048,41,22,-29,0
S,66772382,kdn,1094,0,1447,1520,912,-1056,-17016,36,25,-30,0
S,66782382,kdn,1094,0,1447,1520,976,-1024,-17144,39,22,-31,0
S,66792382,kdn,1094,0,1447,1520,872,-1112,-17096,37,23,-26,0
S,66802382,kdn,1094,0,1447,1520,928,-944,-17008,41,19,-27,0
S,66812382,kdn,1094,0,1447,1520,1048,-1024,-17048,39,14,-26,0
S,66822382,kdn,1094,0,1447,1520,992,-960,-17064,36,29,-22,0
S,66832382,kdn,1094,0,1447,1520,784,-944,-16992,35,26,-25,0
S,66842382,kdn,1094,0,1447,1520,880,-1040,-17000,40,23,-29,0
S,66852382,kdn,1094,0,1447,1520,912,-936,-17096,43,27,-27,0
E,66852486,kdn,1095,0,1446,1520,,,,,,,0
S,66853117,kdn,1095,0,1446,1520,968,-840,-17104,37,22,-29,0
S,66863108,kdn,1095,0,1446,1520,1024,-920,-17072,41,19,-29,0
S,66873106,kdn,1095,0,1446,1520,840,-952,-17184,40,21,-24,0
S,66883106,kdn,1095,0,1446,1520,872,-784,-16992,33,23,-34,0
S,66893107,kdn,1095,0,1446,1520,960,-992,-17056,34,22,-29,0
S,66903106,kdn,1095,0,1446,1520,848,-984,-16952,39,22,-31,0
S,66913106,kdn,1095,0,1446,1520,888,-1000,-17024,38,24,-33,0
S,66923106,kdn,1095,0,1446,1520,936,-912,-17160,41,27,-29,0
S,66933106,kdn,1095,0,1446,1520,968,-920,-17032,39,24,-31,0
S,66943106,kdn,1095,0,1446,1520,896,-864,-17032,32,25,-32,0
S,66953106,kdn,1095,0,1446,1520,920,-1088,-17096,40,24,-29,0
S,66963106,kdn,1095,0,1446,1520,832,-1008,-17040,31,27,-28,0
S,66973107,kdn,1095,0,1446,1520,1048,-968,-17032,40,21,-31,0
S,66983106,kdn,1095,0,1446,1520,912,-960,-16984,36,25,-29,0
S,66993107,kdn,1095,0,1446,1520,960,-912,-17112,40,26,-32,0
S,67003106,kdn,1095,0,1446,1520,872,-1016,-17000,36,24,-32,0
S,67013106,kdn,1095,0,1446,1520,912,-888,-17152,40,21,-32,0
S,67023106,kdn,1095,0,1446,1520,1008,-1008,-17112,45,19,-30,0
S,67033107,kdn,1095,0,1446,1520,1040,-976,-17040,35,26,-27,0
S,67043106,kdn,1095,0,1446,1520,968,-1024,-17072,43,27,-24,0
S,67053106,kdn,1095,0,1446,1520,968,-992,-17040,45,23,-25,0
S,67063106,kdn,1095,0,1446,1520,848,-944,-17168,35,29,-30,0
S,67073106,kdn,1095,0,1446,1520,904,-1024,-17064,40,17,-28,0
S,67083106,kdn,1095,0,1446,1520,880,-944,-16952,38,22,-28,0
S,67093106,kdn,1095,0,1446,1520,784,-1080,-17128,38,20,-24,0
S,67103107,kdn,1095,0,1446,1520,792,-968,-17048,34,24,-29,0
E,67103210,kdn,1096,0,1445,1520,,,,,,,0
S,67103842,kdn,1096,0,1445,1520,1008,-944,-17088,29,21,-31,0
S,67113832,kdn,1096,0,1445,1520,528,-936,-17232,38,25,-30,0
S,67123832,kdn,1096,0,1445,1520,1720,-304,-16896,39,21,-34,0
S,67133832,kdn,1096,0,1445,1520,816,-1152,-16760,34,19,-31,0
S,67143831,kdn,1096,0,1445,1520,160,-1096,-17088,37,27,-22,0
S,67153831,kdn,1096,0,1445,1520,1160,-632,-17016,46,45,-27,0
S,67163831,kdn,1096,0,1445,1520,488,-1008,-17056,41,60,-35,0
S,67173831,kdn,1096,0,1445,1520,768,-1024,-17088,28,59,-34,0
S,67183831,kdn,1096,0,1445,1520,928,-824,-17120,27,47,-30,0
S,67193832,kdn,1096,0,1445,1520,1024,-968,-16992,29,26,-31,0
S,67203831,kdn,1096,0,1445,1520,832,-1080,-16984,49,12,-33,0
S,67213832,kdn,1096,0,1445,1520,984,-824,-17048,57,7,-22,0
S,67223832,kdn,1096,0,1445,1520,896,-912,-17104,41,12,-29,0
S,67233831,kdn,1096,0,1445,1520,848,-1032,-16944,30,18,-32,0
S,67243831,kdn,1096,0,1445,1520,888,-1120,-17112,27,36,-35,0
S,67253831,kdn,1096,0,1445,1520,952,-872,-17072,38,36,-35,0
S,67263831,kdn,1096,0,1445,1520,952,-984,-17048,33,35,-26,0
S,67273831,kdn,1096,0,1445,1520,808,-896,-17072,42,21,-30,0
S,67283832,kdn,1096,0,1445,1520,1024,-952,-17080,30,13,-27,0
S,67293831,kdn,1096,0,1445,1520,960,-944,-17064,43,12,-29,0
S,67303831,kdn,1096,0,1445,1520,1040,-1040,-17080,39,21,-30,0
S,67313831,kdn,1096,0,1445,1520,824,-952,-16968,46,32,-35,0
S,67323831,kdn,1096,0,1445,1520,944,-1048,-17088,35,31,-26,0
S,67333831,kdn,1096,0,1445,1520,880,-992,-17112,31,24,-26,0
S,67343831,kdn,1096,0,1445,1520,776,-1024,-17040,41,19,-33,0
S,67353831,kdn,1096,0,1445,1520,960,-1048,-17136,41,17,-25,0
E,67353936,kdn,1097,0,1444,1520,,,,,,,0
S,67354567,kdn,1097,0,1444,1520,1008,-1032,-16984,44,17,-30,0
S,67364558,kdn,1097,0,1444,1520,880,-960,-17096,42,22,-31,0
S,67374557,kdn,1097,0,1444,1520,992,-1096,-16992,35,22,-24,0
S,67384557,kdn,1097,0,1444,1520,952,-1032,-17168,31,22,-32,0
S,67394557,kdn,1097,0,1444,1520,1016,-984,-17072,35,23,-30,0
S,67404557,kdn,1097,0,1444,1520,984,-984,-17152,40,20,-30,0
S,67414557,kdn,1097,0,1444,1520,1016,-1000,-17016,38,25,-29,0
S,67424557,kdn,1097,0,1444,1520,896,-1024,-16960,38,27,-32,0
S,67434557,kdn,1097,0,1444,1520,1048,-952,-17120,37,18,-28,0
S,67444557,kdn,1097,0,1444,1520,1016,-968,-17008,45,18,-26,0
S,67454557,kdn,1097,0,1444,1520,808,-1024,-17024,34,23,-29,0
S,67464557,kdn,1097,0,1444,1520,968,-952,-17240,34,28,-25,0
S,67474557,kdn,1097,0,1444,1520,1008,-1008,-17080,36,25,-25,0
S,67484557,kdn,1097,0,1444,1520,936,-960,-17064,39,21,-30,0
S,67494557,kdn,1097,0,1444,1520,1048,-976,-17136,36,14,-28,0
S,67504557,kdn,1097,0,1444,1520,904,-1008,-17104,40,21,-23,0
S,67514557,kdn,1097,0,1444,1520,808,-888,-17152,40,23,-33,0
S,67524557,kdn,1097,0,1444,1520,960,-992,-17032,42,19,-28,0
S,67534557,kdn,1097,0,1444,1520,952,-896,-17040,34,27,-31,0
S,67544557,kdn,1097,0,1444,1520,952,-912,-16984,41,28,-30,0
S,67554557,kdn,1097,0,1444,1520,952,-1056,-17112,40,27,-31,0
S,67564557,kdn,1097,0,1444,1520,832,-904,-17128,40,16,-32,0
S,67574557,kdn,1097,0,1444,1520,928,-792,-17016,37,23,-29,0
S,67584557,kdn,1097,0,1444,1520,984,-1008,-17112,38,23,-34,0
S,67594557,kdn,1097,0,1444,1520,888,-992,-17088,39,23,-28,0
S,67604557,kdn,1097,0,1444,1520,1096,-976,-17032,41,19,-28,0
E,67604662,kdn,1098,0,1443,1520,,,,,,,0
S,67605293,kdn,1098,0,1443,1520,936,-968,-17032,44,18,-25,0
S,67615284,kdn,1098,0,1443,1520,936,-992,-17128,38,23,-22,0
S,67625282,kdn,1098,0,1443,1520,792,-1024,-17088,39,24,-29,0
S,67635282,kdn,1098,0,1443,1520,928,-984,-17152,36,21,-27,0
S,67645282,kdn,1098,0,1443,1520,936,-984,-16992,34,22,-27,0
S,67655282,kdn,1098,0,1443,1520,1008,-1000,-17048,33,26,-28,0
S,67665282,kdn,1098,0,1443,1520,1008,-992,-16928,44,25,-32,0
S,67675282,kdn,1098,0,1443,1520,976,-952,-17104,38,24,-26,0
S,67685282,kdn,1098,0,1443,1520,936,-912,-17016,41,21,-21,0
S,67695282,kdn,1098,0,1443,1520,896,-888,-16992,39,21,-28,0
S,67705282,kdn,1098,0,1443,1520,1024,-1072,-17056,36,21,-29,0
S,67715282,kdn,1098,0,1443,1520,1024,-960,-16968,36,18,-31,0
S,67725282,kdn,1098,0,1443,1520,840,-960,-17056,38,25,-29,0
S,67735282,kdn,1098,0,1443,1520,928,-1000,-17184,36,25,-31,0
S,67745282,kdn,1098,0,1443,1520,896,-1144,-17024,38,25,-28,0
S,67755282,kdn,1098,0,1443,1520,952,-1008,-17048,36,22,-31,0
S,67765282,kdn,1098,0,1443,1520,896,-944,-17104,38,25,-25,0
S,67775282,kdn,1098,0,1443,1520,864,-1024,-17104,34,19,-33,0
S,67785283,kdn,1098,0,1443,1520,864,-912,-17128,40,24,-28,0
S,67795283,kdn,1098,0,1443,1520,1040,-1048,-17112,39,28,-27,0
S,67805282,kdn,1098,0,1443,1520,904,-952,-17160,41,22,-27,0
S,67815282,kdn,1098,0,1443,1520,832,-984,-16992,42,23,-26,0
S,67825282,kdn,1098,0,1443,1520,992,-856,-17032,42,24,-32,0
S,67835282,kdn,1098,0,1443,1520,952,-920,-17008,35,22,-31,0
S,67845282,kdn,1098,0,1443,1520,912,-968,-17048,38,25,-27,0
S,67855282,kdn,1098,0,1443,1520,952,-984,-17096,36,23,-30,0
E,67855390,kdn,1099,0,1442,1520,,,,,,,0
S,67856021,kdn,1099,0,1442,1520,928,-1000,-17192,42,27,-31,0
S,67866012,kdn,1099,0,1442,1520,1200,-1000,-17080,39,24,-26,0
S,67876011,kdn,1099,0,1442,1520,944,-1048,-16752,45,18,-29,0
S,67886011,kdn,1099,0,1442,1520,1536,-864,-17000,32,21,-39,0
S,67896011,kdn,1099,0,1442,1520,1632,-576,-16880,38,40,-25,0
S,67906011,kdn,1099,0,1442,1520,1136,-928,-16920,55,82,-20,0
S,67916011,kdn,1099,0,1442,1520,840,-728,-16984,55,113,-28,0
S,67926011,kdn,1099,0,1442,1520,944,-832,-16992,33,116,-34,0
S,67936011,kdn,1099,0,1442,1520,792,-904,-16968,11,91,-30,0
S,67946011,kdn,1099,0,1442,1520,1016,-944,-16920,17,51,-32,0
S,67956011,kdn,1099,0,1442,1520,960,-1032,-17040,53,18,-31,0
S,67966011,kdn,1099,0,1442,1520,1064,-1008,-17032,64,-16,-27,0
S,67976011,kdn,1099,0,1442,1520,1024,-952,-17080,51,-14,-21,0
S,67986011,kdn,1099,0,1442,1520,992,-1088,-16960,41,10,-26,0
S,67996011,kdn,1099,0,1442,1520,904,-960,-17096,27,36,-31,0
S,68006011,kdn,1099,0,1442,1520,904,-1080,-17128,30,49,-36,0
S,68016011,kdn,1099,0,1442,1520,1048,-984,-17128,34,45,-31,0
S,68026011,kdn,1099,0,1442,1520,1104,-1024,-17080,36,30,-30,0
S,68036011,kdn,1099,0,1442,1520,1008,-992,-17000,37,7,-28,0
S,68046011,kdn,1099,0,1442,1520,912,-912,-17168,38,6,-27,0
S,68056011,kdn,1099,0,1442,1520,872,-896,-17112,46,13,-24,0
S,68066011,kdn,1099,0,1442,1520,1040,-960,-17024,43,23,-30,0
S,68076011,kdn,1099,0,1442,1520,872,-1008,-17008,33,40,-33,0
S,68086011,kdn,1099,0,1442,1520,936,-960,-17048,23,32,-28,0
S,68096011,kdn,1099,0,1442,1520,1016,-968,-16952,39,29,-32,0
S,68106011,kdn,1099,0,1442,1520,856,-984,-17064,41,20,-37,0
E,68106115,kdn,1100,0,1441,1520,,,,,,,0
S,68106747,kdn,1100,0,1441,1520,992,-1024,-17080,41,20,-37,0
S,68116738,kdn,1100,0,1441,1520,944,-896,-17040,42,16,-26,0
S,68126737,kdn,1100,0,1441,1520,1056,-1008,-17072,42,21,-32,0
S,68136737,kdn,1100,0,1441,1520,912,-1000,-17040,32,21,-29,0
S,68146736,kdn,1100,0,1441,1520,952,-1120,-17096,37,29,-27,0
S,68156737,kdn,1100,0,1441,1520,1016,-912,-17064,39,36,-29,0
S,68166737,kdn,1100,0,1441,1520,1024,-960,-17048,43,27,-29,0
S,68176736,kdn,1100,0,1441,1520,936,-1032,-17144,41,22,-31,0
S,68186737,kdn,1100,0,1441,1520,1096,-912,-17040,38,26,-31,0
S,68196736,kdn,1100,0,1441,1520,832,-1144,-17192,39,23,-30,0
S,68206737,kdn,1100,0,1441,1520,912,-1056,-17000,41,18,-26,0
S,68216737,kdn,1100,0,1441,1520,936,-936,-16984,35,24,-30,0
S,68226737,kdn,1100,0,1441,1520,960,-984,-16944,37,22,-28,0
S,68236737,kdn,1100,0,1441,1520,1112,-952,-16976,28,23,-29,0
S,68246737,kdn,1100,0,1441,1520,912,-936,-17016,40,22,-27,0
S,68256737,kdn,1100,0,1441,1520,912,-1008,-16944,38,22,-26,0
S,68266736,kdn,1100,0,1441,1520,1024,-848,-17088,39,28,-35,0
S,68276737,kdn,1100,0,1441,1520,992,-944,-17072,36,19,-31,0
S,68286736,kdn,1100,0,1441,1520,976,-1000,-17080,35,22,-31,0
S,68296736,kdn,1100,0,1441,1520,952,-968,-17008,31,24,-29,0
S,68306737,kdn,1100,0,1441,1520,968,-1016,-16976,37,29,-29,0
S,68316737,kdn,1100,0,1441,1520,976,-920,-17016,42,25,-26,0
S,68326737,kdn,1100,0,1441,1520,1032,-1056,-17144,31,23,-28,0
S,68336737,kdn,1100,0,1441,1520,1032,-1016,-17008,34,19,-33,0
S,68346737,kdn,1100,0,1441,1520,1008,-960,-17008,39,24,-32,0
S,68356737,kdn,1100,0,1441,1520,1008,-1000,-17000,40,21,-23,0
E,68356842,kdn,1101,0,1440,1520,,,,,,,0
S,68357473,kdn,1101,0,1440,1520,1008,-944,-16928,38,22,-25,0
S,68367468,kdn,1101,0,1440,1520,1008,-1032,-17176,40,20,-30,0
S,68377462,kdn,1101,0,1440,1520,944,-952,-16960,37,22,-28,0
S,68387462,kdn,1101,0,1440,1520,1016,-968,-17072,35,24,-25,0
S,68397468,kdn,1101,0,1440,1520,1064,-1120,-17056,40,25,-30,0
S,68407462,kdn,1101,0,1440,1520,920,-984,-16880,44,25,-30,0
S,68417462,kdn,1101,0,1440,1520,1032,-1056,-17128,38,25,-28,0
S,68427462,kdn,1101,0,1440,1520,1048,-1024,-17088,38,19,-31,0
S,68437462,kdn,1101,0,1440,1520,976,-1008,-17080,37,23,-24,0
S,68447462,kdn,1101,0,1440,1520,1048,-1024,-17088,42,26,-29,0
S,68457462,kdn,1101,0,1440,1520,1048,-1056,-17080,39,21,-33,0
S,68467462,kdn,1101,0,1440,1520,1048,-880,-17120,41,24,-34,0
S,68477468,kdn,1101,0,1440,1520,784,-976,-17056,44,29,-27,0
S,68487462,kdn,1101,0,1440,1520,920,-936,-17152,35,22,-23,0
S,68497462,kdn,1101,0,1440,1520,936,-1024,-17104,38,21,-34,0
S,68507462,kdn,1101,0,1440,1520,1032,-928,-17176,39,18,-30,0
S,68517462,kdn,1101,0,1440,1520,968,-792,-17040,34,20,-34,0
S,68527462,kdn,1101,0,1440,1520,960,-1008,-17048,34,22,-23,0
S,68537462,kdn,1101,0,1440,1520,1032,-1104,-17120,35,19,-27,0
S,68547462,kdn,1101,0,1440,1520,1048,-1128,-17160,39,21,-24,0
S,68557462,kdn,1101,0,1440,1520,1032,-848,-17064,42,20,-26,0
S,68567462,kdn,1101,0,1440,1520,984,-920,-17152,34,24,-23,0
S,68577462,kdn,1101,0,1440,1520,928,-960,-17064,33,21,-27,0
S,68587462,kdn,1101,0,1440,1520,992,-872,-17032,36,26,-29,0
S,68597462,kdn,1101,0,1440,1520,1024,-1040,-17128,39,20,-31,0
S,68607462,kdn,1101,0,1440,1520,912,-880,-17120,39,23,-33,0
E,68607566,kdn,1102,0,1439,1520,,,,,,,0
S,68608197,kdn,1102,0,1439,1520,984,-944,-16928,39,23,-33,0
S,68618188,kdn,1102,0,1439,1520,1392,-1000,-17040,39,23,-29,0
S,68628187,kdn,1102,0,1439,1520,608,-1160,-17096,37,39,-26,0
S,68638188,kdn,1102,0,1439,1520,544,-1248,-17000,39,71,-21,0
S,68648187,kdn,1102,0,1439,1520,1016,-1024,-17104,45,87,-28,0
S,68658188,kdn,1102,0,1439,1520,912,-960,-17200,29,83,-33,0
S,68668187,kdn,1102,0,1439,1520,976,-1112,-17008,17,62,-37,0
S,68678187,kdn,1102,0,1439,1520,1016,-912,-17024,34,25,-32,0
S,68688187,kdn,1102,0,1439,1520,968,-960,-17008,53,5,-36,0
S,68698187,kdn,1102,0,1439,1520,1152,-1024,-17072,57,-4,-23,0
S,68708187,kdn,1102,0,1439,1520,1072,-936,-17192,47,4,-28,0
S,68718187,kdn,1102,0,1439,1520,1024,-936,-17056,25,20,-30,0
S,68728187,kdn,1102,0,1439,1520,960,-1024,-17112,29,42,-30,0
S,68738187,kdn,1102,0,1439,1520,1024,-936,-17024,34,45,-32,0
S,68748187,kdn,1102,0,1439,1520,1088,-1000,-17120,40,35,-30,0
S,68758187,kdn,1102,0,1439,1520,984,-872,-17160,44,22,-26,0
S,68768187,kdn,1102,0,1439,1520,968,-976,-17072,42,9,-24,0
S,68778187,kdn,1102,0,1439,1520,1112,-904,-17080,39,10,-23,0
S,68788187,kdn,1102,0,1439,1520,1000,-1112,-17096,46,19,-27,0
S,68798187,kdn,1102,0,1439,1520,992,-920,-17008,34,34,-27,0
S,68808187,kdn,1102,0,1439,1520,1024,-968,-17088,32,37,-35,0
S,68818187,kdn,1102,0,1439,1520,1000,-1000,-17104,25,30,-26,0
S,68828187,kdn,1102,0,1439,1520,1040,-856,-17152,37,23,-24,0
S,68838187,kdn,1102,0,1439,1520,1160,-928,-17080,42,14,-24,0
S,68848188,kdn,1102,0,1439,1520,1056,-928,-17024,45,16,-32,0
S,68858187,kdn,1102,0,1439,1520,1064,-856,-17000,42,19,-26,0
E,68858292,kdn,1103,0,1438,1520,,,,,,,0
S,68858927,kdn,1103,0,1438,1520,1008,-1104,-16872,37,20,-28,0
S,68868918,kdn,1103,0,1438,1520,1024,-1120,-17056,34,24,-29,0
S,68878917,kdn,1103,0,1438,1520,960,-960,-16960,30,29,-30,0
S,68888917,kdn,1103,0,1438,1520,1056,-920,-17200,35,33,-29,0
S,68898917,kdn,1103,0,1438,1520,1024,-992,-16992,40,17,-26,0
S,68908917,kdn,1103,0,1438,1520,1096,-896,-17016,32,20,-28,0
S,68918917,kdn,1103,0,1438,1520,952,-944,-17016,35,19,-30,0
S,68928917,kdn,1103,0,1438,1520,1024,-984,-17024,44,24,-30,0
S,68938917,kdn,1103,0,1438,1520,1176,-1000,-17072,40,26,-29,0
S,68948917,kdn,1103,0,1438,1520,952,-944,-17096,40,27,-35,0
S,68958918,kdn,1103,0,1438,1520,1040,-1000,-17112,37,23,-28,0
S,68968917,kdn,1103,0,1438,1520,1080,-928,-16912,30,25,-29,0
S,68978917,kdn,1103,0,1438,1520,1048,-928,-16992,38,23,-33,0
S,68988917,kdn,1103,0,1438,1520,1056,-808,-17000,41,18,-29,0
S,68998917,kdn,1103,0,1438,1520,1096,-944,-17192,40,22,-26,0
S,69008917,kdn,1103,0,1438,1520,1016,-1000,-17192,35,25,-22,0
S,69018917,kdn,1103,0,1438,1520,976,-1016,-17008,39,24,-27,0
S,69028917,kdn,1103,0,1438,1520,1080,-976,-17016,39,26,-26,0
S,69038917,kdn,1103,0,1438,1520,1120,-976,-17136,39,29,-22,0
S,69048917,kdn,1103,0,1438,1520,1048,-968,-17040,36,27,-27,0
S,69058917,kdn,1103,0,1438,1520,1000,-1048,-17000,34,22,-30,0
S,69068918,kdn,1103,0,1438,1520,960,-896,-17032,32,20,-30,0
S,69078917,kdn,1103,0,1438,1520,992,-896,-17112,36,23,-29,0
S,69088917,kdn,1103,0,1438,1520,1080,-936,-17032,34,33,-29,0
S,69098917,kdn,1103,0,1438,1520,1024,-1000,-17000,34,23,-28,0
S,69108917,kdn,1103,0,1438,1520,1088,-904,-17128,42,26,-27,0
E,69109022,kdn,1104,0,1437,1520,,,,,,,0
S,69109656,kdn,1104,0,1437,1520,1136,-864,-17080,42,26,-27,0
S,69119645,kdn,1104,0,1437,1520,976,-928,-17112,39,22,-33,0
S,69129644,kdn,1104,0,1437,1520,1024,-1040,-17128,35,23,-33,0
S,69139644,kdn,1104,0,1437,1520,936,-880,-17064,38,27,-32,0
S,69149644,kdn,1104,0,1437,1520,1128,-872,-17104,41,23,-27,0
S,69159643,kdn,1104,0,1437,1520,1096,-1032,-17256,36,22,-29,0
S,69169644,kdn,1104,0,1437,1520,968,-920,-17048,39,20,-33,0
S,69179644,kdn,1104,0,1437,1520,1096,-992,-17056,42,21,-29,0
S,69189644,kdn,1104,0,1437,1520,1024,-968,-17080,39,22,-32,0
S,69199644,kdn,1104,0,1437,1520,1016,-920,-17104,39,25,-33,0
S,69209644,kdn,1104,0,1437,1520,1016,-936,-17064,39,25,-31,0
S,69219644,kdn,1104,0,1437,1520,1088,-968,-17000,37,28,-27,0
S,69229644,kdn,1104,0,1437,1520,1072,-960,-17104,48,20,-32,0
S,69239644,kdn,1104,0,1437,1520,1016,-1024,-17080,36,24,-38,0
S,69249644,kdn,1104,0,1437,1520,1072,-1008,-17000,40,20,-29,0
S,69259644,kdn,1104,0,1437,1520,1104,-896,-17032,38,23,-28,0
S,69269644,kdn,1104,0,1437,1520,920,-960,-17120,33,20,-29,0
S,69279644,kdn,1104,0,1437,1520,1000,-912,-17128,42,19,-29,0
S,69289644,kdn,1104,0,1437,1520,952,-872,-17064,35,23,-28,0
S,69299644,kdn,1104,0,1437,1520,960,-1024,-17136,42,23,-28,0
S,69309644,kdn,1104,0,1437,1520,1208,-904,-17096,37,27,-26,0
S,69319644,kdn,1104,0,1437,1520,1024,-968,-17104,35,24,-33,0
S,69329644,kdn,1104,0,1437,1520,1000,-976,-16880,41,22,-31,0
S,69339644,kdn,1104,0,1437,1520,1032,-1024,-17096,43,24,-33,0
S,69349644,kdn,1104,0,1437,1520,976,-1120,-17008,40,23,-28,0
S,69359644,kdn,1104,0,1437,1520,936,-928,-17000,31,25,-28,0
E,69359747,kdn,1105,0,1436,1520,,,,,,,0
S,69360383,kdn,1105,0,1436,1520,1120,-920,-16928,39,22,-26,0
S,69370373,kdn,1105,0,1436,1520,512,-1000,-17144,33,24,-29,0
S,69380372,kdn,1105,0,1436,1520,1392,-680,-17152,42,31,-31,0
S,69390372,kdn,1105,0,1436,1520,1440,-840,-17080,40,56,-29,0
S,69400373,kdn,1105,0,1436,1520,944,-848,-17016,48,87,-27,0
S,69410373,kdn,1105,0,1436,1520,1064,-816,-16992,40,102,-27,0
S,69420372,kdn,1105,0,1436,1520,1000,-968,-16960,19,87,-35,0
S,69430372,kdn,1105,0,1436,1520,3720,-568,-16472,17,68,-33,0
S,69440373,kdn,1105,0,1436,1520,1520,-1008,-16392,43,46,-30,0
S,69450373,kdn,1105,0,1436,1520,1240,-1048,-16832,57,42,-26,0
S,69460372,kdn,1105,0,1436,1520,832,-928,-17200,49,22,-31,0
S,69470372,kdn,1105,0,1436,1520,952,-1080,-17232,28,9,-25,0
S,69480373,kdn,1105,0,1436,1520,928,-952,-17032,22,8,-28,0
S,69490372,kdn,1105,0,1436,1520,1040,-1136,-16984,41,21,-28,0
S,69500372,kdn,1105,0,1436,1520,1056,-1032,-17072,56,35,-29,0
S,69510372,kdn,1105,0,1436,1520,1032,-1024,-16992,46,31,-30,0
S,69520373,kdn,1105,0,1436,1520,1104,-936,-16976,27,17,-30,0
S,69530372,kdn,1105,0,1436,1520,1112,-976,-17168,23,19,-27,0
S,69540372,kdn,1105,0,1436,1520,1112,-1032,-17184,40,18,-26,0
S,69550372,kdn,1105,0,1436,1520,1176,-968,-17112,59,20,-27,0
S,69560372,kdn,1105,0,1436,1520,1112,-952,-16976,45,28,-30,0
S,69570372,kdn,1105,0,1436,1520,1048,-960,-17032,27,21,-32,0
S,69580372,kdn,1105,0,1436,1520,1088,-920,-17008,26,21,-32,0
S,69590372,kdn,1105,0,1436,1520,1088,-928,-17032,35,18,-31,0
S,69600372,kdn,1105,0,1436,1520,1080,-1064,-17088,48,26,-26,0
S,69610372,kdn,1105,0,1436,1520,1040,-1000,-16936,40,26,-32,0
E,69610478,kdn,1106,0,1435,1520,,,,,,,0
S,69611109,kdn,1106,0,1435,1520,1040,-1000,-16936,40,26,-32,0
S,69621101,kdn,1106,0,1435,1520,1048,-984,-17056,31,25,-29,0
S,69631099,kdn,1106,0,1435,1520,1120,-1024,-17104,33,17,-31,0
S,69641099,kdn,1106,0,1435,1520,1024,-952,-17000,46,24,-29,0
S,69651099,kdn,1106,0,1435,1520,1080,-912,-16992,44,27,-36,0
S,69661099,kdn,1106,0,1435,1520,1064,-840,-17040,43,23,-24,0
S,69671100,kdn,1106,0,1435,1520,992,-864,-17048,27,26,-26,0
S,69681100,kdn,1106,0,1435,1520,1056,-928,-17008,41,20,-32,0
S,69691100,kdn,1106,0,1435,1520,1112,-952,-17048,38,20,-32,0
S,69701100,kdn,1106,0,1435,1520,1032,-912,-17032,44,29,-23,0
S,69711100,kdn,1106,0,1435,1520,1056,-960,-17152,44,24,-28,0
S,69721100,kdn,1106,0,1435,1520,1056,-1008,-17016,36,22,-27,0
S,69731099,kdn,1106,0,1435,1520,1088,-968,-17152,33,21,-34,0
S,69741099,kdn,1106,0,1435,1520,1312,-960,-17064,40,28,-29,0
S,69751100,kdn,1106,0,1435,1520,1080,-984,-17008,47,27,-27,0
S,69761099,kdn,1106,0,1435,1520,1064,-1000,-17088,40,19,-31,0
S,69771099,kdn,1106,0,1435,1520,1072,-1016,-17104,31,31,-30,0
S,69781099,kdn,1106,0,1435,1520,1144,-1088,-17000,37,24,-30,0
S,69791100,kdn,1106,0,1435,1520,1024,-976,-16968,40,24,-29,0
S,69801100,kdn,1106,0,1435,1520,1056,-824,-16928,42,26,-33,0
S,69811099,kdn,1106,0,1435,1520,992,-1016,-17040,38,23,-26,0
S,69821099,kdn,1106,0,1435,1520,1088,-1000,-17000,28,19,-30,0
S,69831099,kdn,1106,0,1435,1520,1048,-888,-17200,37,21,-31,0
S,69841100,kdn,1106,0,1435,1520,1096,-920,-16856,45,26,-24,0
S,69851100,kdn,1106,0,1435,1520,1080,-944,-16920,42,22,-31,0
S,69861099,kdn,1106,0,1435,1520,1168,-1008,-16904,35,29,-28,0
E,69861205,kdn,1107,0,1434,1520,,,,,,,0
S,69861843,kdn,1107,0,1434,1520,1104,-880,-17024,37,22,-24,0
S,69871831,kdn,1107,0,1434,1520,232,-1016,-17136,34,24,-33,0
S,69881829,kdn,1107,0,1434,1520,1208,-712,-17056,36,34,-30,0
S,69891829,kdn,1107,0,1434,1520,1088,-904,-17112,45,65,-30,0
S,69901829,kdn,1107,0,1434,1520,920,-864,-17136,53,93,-26,0
S,69911829,kdn,1107,0,1434,1520,1192,-888,-17104,38,98,-30,0
S,69921829,kdn,1107,0,1434,1520,640,-704,-17688,15,91,-36,0
S,69931829,kdn,1107,0,1434,1520,800,-1072,-17488,30,72,-29,0
S,69941829,kdn,1107,0,1434,1520,1056,-992,-17120,42,53,-34,0
S,69951829,kdn,1107,0,1434,1520,1112,-920,-17104,46,29,-29,0
S,69961829,kdn,1107,0,1434,1520,1224,-928,-16848,36,-1,-23,0
S,69971829,kdn,1107,0,1434,1520,1312,-968,-17024,35,-5,-26,0
S,69981829,kdn,1107,0,1434,1520,1128,-968,-17144,38,12,-25,0
S,69991829,kdn,1107,0,1434,1520,1112,-944,-17152,42,28,-37,0
S,70001829,kdn,1107,0,1434,1520,1096,-1016,-17200,43,44,-30,0
S,70011829,kdn,1107,0,1434,1520,1040,-1000,-17056,31,44,-27,0
S,70021829,kdn,1107,0,1434,1520,1128,-1008,-17048,29,29,-31,0
S,70031829,kdn,1107,0,1434,1520,1144,-992,-16976,38,15,-32,0
S,70041829,kdn,1107,0,1434,1520,1088,-960,-17104,50,17,-29,0
S,70051829,kdn,1107,0,1434,1520,1176,-832,-17072,45,22,-28,0
S,70061829,kdn,1107,0,1434,1520,1160,-992,-17112,33,20,-22,0
S,70071829,kdn,1107,0,1434,1520,1080,-984,-17136,31,24,-31,0
S,70081829,kdn,1107,0,1434,1520,1176,-952,-17168,35,34,-32,0
S,70091829,kdn,1107,0,1434,1520,1192,-888,-17104,48,31,-23,0
S,70101829,kdn,1107,0,1434,1520,1080,-968,-16968,44,21,-31,0
S,70111829,kdn,1107,0,1434,1520,1184,-1080,-17024,35,16,-29,0
E,70111935,kdn,1108,0,1433,1520,,,,,,,0
S,70112566,kdn,1108,0,1433,1520,1184,-1080,-17024,33,16,-30,0
S,70122557,kdn,1108,0,1433,1520,1192,-976,-16976,34,16,-23,0
S,70132556,kdn,1108,0,1433,1520,1144,-952,-17016,35,21,-25,0
S,70142555,kdn,1108,0,1433,1520,992,-1024,-17072,38,28,-31,0
S,70152556,kdn,1108,0,1433,1520,1128,-992,-17120,43,26,-28,0
S,70162556,kdn,1108,0,1433,1520,1224,-928,-17024,36,27,-25,0
S,70172556,kdn,1108,0,1433,1520,1168,-944,-17008,32,21,-30,0
S,70182555,kdn,1108,0,1433,1520,1160,-952,-17168,40,26,-29,0
S,70192555,kdn,1108,0,1433,1520,1032,-1064,-17024,40,17,-24,0
S,70202555,kdn,1108,0,1433,1520,1168,-1000,-16936,39,24,-26,0
S,70212555,kdn,1108,0,1433,1520,1280,-856,-17064,36,20,-30,0
S,70222556,kdn,1108,0,1433,1520,1120,-1056,-17008,39,22,-28,0
S,70232555,kdn,1108,0,1433,1520,992,-1064,-17056,40,27,-21,0
S,70242556,kdn,1108,0,1433,1520,1136,-1016,-17088,42,27,-31,0
S,70252555,kdn,1108,0,1433,1520,1224,-1072,-17256,45,21,-28,0
S,70262556,kdn,1108,0,1433,1520,1160,-1040,-17144,37,21,-25,0
S,70272555,kdn,1108,0,1433,1520,1144,-952,-17064,36,26,-32,0
S,70282555,kdn,1108,0,1433,1520,1320,-960,-16928,33,27,-29,0
S,70292555,kdn,1108,0,1433,1520,1152,-904,-17096,41,27,-28,0
S,70302556,kdn,1108,0,1433,1520,1032,-968,-17064,38,25,-29,0
S,70312556,kdn,1108,0,1433,1520,1120,-1000,-17040,39,23,-27,0
S,70322555,kdn,1108,0,1433,1520,1128,-1008,-17048,39,20,-28,0
S,70332556,kdn,1108,0,1433,1520,1224,-952,-17080,45,21,-28,0
S,70342555,kdn,1108,0,1433,1520,1152,-1064,-17080,38,17,-28,0
S,70352555,kdn,1108,0,1433,1520,1016,-1032,-16968,41,21,-27,0
S,70362556,kdn,1108,0,1433,1520,1136,-896,-17008,36,20,-28,0
E,70362660,kdn,1109,0,1432,1520,,,,,,,0
S,70363299,kdn,1109,0,1432,1520,1216,-1072,-17032,33,21,-35,0
S,70373285,kdn,1109,0,1432,1520,1096,-1008,-17096,35,16,-27,0
S,70383284,kdn,1109,0,1432,1520,1032,-920,-17128,46,25,-29,0
S,70393284,kdn,1109,0,1432,1520,984,-1048,-17016,42,20,-29,0
S,70403284,kdn,1109,0,1432,1520,1104,-952,-17136,41,25,-32,0
S,70413284,kdn,1109,0,1432,1520,1104,-1088,-16992,39,22,-24,0
S,70423284,kdn,1109,0,1432,1520,1176,-992,-16952,36,23,-24,0
S,70433284,kdn,1109,0,1432,1520,1064,-992,-17080,42,24,-26,0
S,70443284,kdn,1109,0,1432,1520,1208,-984,-17024,42,25,-26,0
S,70453284,kdn,1109,0,1432,1520,1136,-944,-17120,39,23,-23,0
S,70463284,kdn,1109,0,1432,1520,1024,-856,-17144,37,20,-29,0
S,70473284,kdn,1109,0,1432,1520,1128,-992,-17112,39,27,-30,0
S,70483284,kdn,1109,0,1432,1520,1160,-984,-17088,38,31,-22,0
S,70493284,kdn,1109,0,1432,1520,1112,-976,-17152,38,25,-31,0
S,70503284,kdn,1109,0,1432,1520,1112,-968,-17048,40,21,-30,0
S,70513284,kdn,1109,0,1432,1520,1176,-888,-17096,34,15,-28,0
S,70523284,kdn,1109,0,1432,1520,1104,-944,-17064,39,26,-30,0
S,70533284,kdn,1109,0,1432,1520,1200,-960,-17000,41,23,-28,0
S,70543284,kdn,1109,0,1432,1520,1080,-944,-16992,45,25,-32,0
S,70553284,kdn,1109,0,1432,1520,1144,-1032,-17008,40,23,-29,0
S,70563284,kdn,1109,0,1432,1520,1048,-896,-17136,37,24,-31,0
S,70573284,kdn,1109,0,1432,1520,1200,-960,-17048,39,27,-27,0
S,70583284,kdn,1109,0,1432,1520,1008,-1032,-17072,39,23,-35,0
S,70593284,kdn,1109,0,1432,1520,1144,-1080,-16904,33,23,-34,0
S,70603284,kdn,1109,0,1432,1520,1184,-968,-17000,35,26,-30,0
S,70613285,kdn,1109,0,1432,1520,1128,-976,-17064,29,28,-29,0
E,70613394,kdn,1110,0,1431,1520,,,,,,,0
S,70614025,kdn,1110,0,1431,1520,1128,-976,-17064,36,24,-27,0
S,70624015,kdn,1110,0,1431,1520,1072,-1064,-17008,44,24,-29,0
S,70634014,kdn,1110,0,1431,1520,1216,-1072,-17048,38,32,-24,0
S,70644014,kdn,1110,0,1431,1520,1088,-1048,-17144,44,48,-26,0
S,70654014,kdn,1110,0,1431,1520,984,-1072,-16992,48,76,-30,0
S,70664014,kdn,1110,0,1431,1520,1168,-1112,-17048,37,75,-33,0
S,70674014,kdn,1110,0,1431,1520,1200,-984,-17088,20,64,-29,0
S,70684014,kdn,1110,0,1431,1520,1208,-1016,-17056,30,30,-31,0
S,70694014,kdn,1110,0,1431,1520,1176,-1016,-17040,48,15,-30,0
S,70704014,kdn,1110,0,1431,1520,1312,-968,-17128,46,1,-28,0
S,70714014,kdn,1110,0,1431,1520,1144,-984,-17152,46,5,-34,0
S,70724014,kdn,1110,0,1431,1520,1224,-936,-16992,34,15,-25,0
S,70734014,kdn,1110,0,1431,1520,1224,-1072,-17040,30,27,-31,0
S,70744014,kdn,1110,0,1431,1520,1136,-928,-16928,34,42,-27,0
S,70754014,kdn,1110,0,1431,1520,1104,-952,-17000,38,39,-33,0
S,70764014,kdn,1110,0,1431,1520,1160,-920,-17088,40,22,-25,0
S,70774014,kdn,1110,0,1431,1520,1144,-1056,-16952,39,8,-24,0
S,70784014,kdn,1110,0,1431,1520,1072,-992,-17024,40,9,-25,0
S,70794014,kdn,1110,0,1431,1520,1192,-960,-17048,42,13,-32,0
S,70804014,kdn,1110,0,1431,1520,1216,-960,-16952,37,23,-26,0
S,70814015,kdn,1110,0,1431,1520,1088,-888,-17128,34,32,-23,0
S,70824014,kdn,1110,0,1431,1520,1112,-1008,-16992,29,29,-26,0
S,70834014,kdn,1110,0,1431,1520,1096,-1024,-17120,39,22,-26,0
S,70844014,kdn,1110,0,1431,1520,1224,-944,-17096,38,20,-28,0
S,70854014,kdn,1110,0,1431,1520,1168,-1016,-17112,42,15,-27,0
S,70864014,kdn,1110,0,1431,1520,1152,-840,-17144,43,19,-27,0
E,70864119,kdn,1111,0,1430,1520,,,,,,,0
S,70864751,kdn,1111,0,1430,1520,1064,-944,-17032,41,21,-23,0
S,70874742,kdn,1111,0,1430,1520,1080,-1008,-17056,36,24,-28,0
S,70884741,kdn,1111,0,1430,1520,1168,-984,-16992,35,25,-32,0
S,70894741,kdn,1111,0,1430,1520,1112,-1032,-17000,38,27,-28,0
S,70904742,kdn,1111,0,1430,1520,1192,-928,-17152,43,27,-28,0
S,70914741,kdn,1111,0,1430,1520,1080,-984,-17072,36,22,-28,0
S,70924742,kdn,1111,0,1430,1520,1160,-824,-16968,37,16,-27,0
S,70934741,kdn,1111,0,1430,1520,1184,-992,-17088,31,18,-30,0
S,70944742,kdn,1111,0,1430,1520,1128,-1000,-17032,38,21,-28,0
S,70954741,kdn,1111,0,1430,1520,1184,-984,-17072,38,28,-28,0
S,70964741,kdn,1111,0,1430,1520,1168,-1040,-17128,36,26,-27,0
S,70974741,kdn,1111,0,1430,1520,1272,-928,-16960,30,26,-35,0
S,70984741,kdn,1111,0,1430,1520,1288,-952,-17024,41,23,-28,0
S,70994741,kdn,1111,0,1430,1520,1208,-1016,-17032,44,23,-34,0
S,71004742,kdn,1111,0,1430,1520,1216,-1104,-17072,45,23,-23,0
S,71014741,kdn,1111,0,1430,1520,1168,-952,-17072,41,19,-29,0
S,71024741,kdn,1111,0,1430,1520,1152,-928,-17024,40,23,-27,0
S,71034741,kdn,1111,0,1430,1520,1144,-888,-16976,36,21,-28,0
S,71044741,kdn,1111,0,1430,1520,1128,-888,-17080,38,23,-31,0
S,71054742,kdn,1111,0,1430,1520,1104,-984,-17080,44,18,-35,0
S,71064741,kdn,1111,0,1430,1520,1272,-976,-17128,39,23,-34,0
S,71074741,kdn,1111,0,1430,1520,1032,-1064,-16944,37,21,-31,0
S,71084741,kdn,1111,0,1430,1520,1128,-808,-16888,39,25,-28,0
S,71094741,kdn,1111,0,1430,1520,1240,-1016,-17032,44,25,-28,0
S,71104741,kdn,1111,0,1430,1520,1128,-1040,-16984,40,25,-21,0
S,71114741,kdn,1111,0,1430,1520,1168,-1032,-17024,35,23,-31,0
E,71114846,kdn,1112,0,1429,1520,,,,,,,0
S,71115478,kdn,1112,0,1429,1520,1168,-1032,-17024,36,25,-30,0
S,71125468,kdn,1112,0,1429,1520,1128,-888,-16992,38,24,-28,0
S,71135468,kdn,1112,0,1429,1520,1176,-1000,-17016,36,26,-33,0
S,71145468,kdn,1112,0,1429,1520,1032,-1040,-17048,36,23,-30,0
S,71155468,kdn,1112,0,1429,1520,1104,-928,-16960,43,26,-32,0
S,71165468,kdn,1112,0,1429,1520,1232,-992,-17048,35,19,-29,0
S,71175468,kdn,1112,0,1429,1520,1128,-1088,-17104,39,24,-29,0
S,71185468,kdn,1112,0,1429,1520,1128,-1080,-17016,38,22,-33,0
S,71195468,kdn,1112,0,1429,1520,1224,-1096,-16960,40,30,-27,0
S,71205468,kdn,1112,0,1429,1520,1184,-976,-17104,39,30,-28,0
S,71215468,kdn,1112,0,1429,1520,1040,-1000,-17080,30,32,-23,0
S,71225468,kdn,1112,0,1429,1520,1168,-944,-17144,34,34,-27,0
S,71235468,kdn,1112,0,1429,1520,1192,-1008,-17128,34,12,-26,0
S,71245468,kdn,1112,0,1429,1520,1152,-920,-17048,38,18,-31,0
S,71255468,kdn,1112,0,1429,1520,1176,-928,-16904,40,18,-23,0
S,71265468,kdn,1112,0,1429,1520,1120,-944,-17088,36,18,-28,0
S,71275468,kdn,1112,0,1429,1520,1216,-856,-16992,34,20,-27,0
S,71285468,kdn,1112,0,1429,1520,1128,-848,-17000,37,23,-24,0
S,71295468,kdn,1112,0,1429,1520,1216,-936,-17104,39,22,-26,0
S,71305468,kdn,1112,0,1429,1520,1312,-888,-17040,43,21,-33,0
S,71315468,kdn,1112,0,1429,1520,1120,-936,-16952,38,20,-29,0
S,71325468,kdn,1112,0,1429,1520,1072,-856,-16984,35,22,-33,0
S,71335468,kdn,1112,0,1429,1520,1304,-1088,-16984,37,23,-31,0
S,71345468,kdn,1112,0,1429,1520,1096,-992,-17184,31,23,-26,0
S,71355468,kdn,1112,0,1429,1520,1200,-968,-17104,42,25,-27,0
S,71365468,kdn,1112,0,1429,1520,1248,-976,-16968,34,25,-30,0
E,71365572,kdn,1113,0,1428,1520,,,,,,,0
S,71366211,kdn,1113,0,1428,1520,1232,-968,-17064,37,30,-36,0
S,71376199,kdn,1113,0,1428,1520,672,-976,-17088,29,27,-29,0
S,71386197,kdn,1113,0,1428,1520,1168,-864,-17120,36,32,-23,0
S,71396197,kdn,1113,0,1428,1520,1632,-992,-16840,53,31,-32,0
S,71406197,kdn,1113,0,1428,1520,1312,-824,-16936,36,45,-27,0
S,71416197,kdn,1113,0,1428,1520,1264,-928,-16872,33,57,-25,0
S,71426197,kdn,1113,0,1428,1520,1344,-1064,-17048,51,107,-30,0
S,71436197,kdn,1113,0,1428,1520,536,-1184,-16440,50,148,-46,0
S,71446197,kdn,1113,0,1428,1520,1440,-256,-16856,35,149,-34,0
S,71456197,kdn,1113,0,1428,1520,1376,-1104,-17096,14,138,-39,0
S,71466197,kdn,1113,0,1428,1520,1240,-960,-16928,17,104,-40,0
S,71476197,kdn,1113,0,1428,1520,1096,-1000,-17216,45,63,-36,0
S,71486197,kdn,1113,0,1428,1520,1104,-920,-17072,62,27,-34,0
S,71496197,kdn,1113,0,1428,1520,1248,-968,-17080,47,-11,-27,0
S,71506197,kdn,1113,0,1428,1520,1120,-896,-16992,37,-20,-24,0
S,71516197,kdn,1113,0,1428,1520,1120,-1120,-17064,32,-14,-22,0
S,71526197,kdn,1113,0,1428,1520,1256,-1024,-17112,47,13,-26,0
S,71536197,kdn,1113,0,1428,1520,1328,-920,-17120,56,41,-30,0
S,71546197,kdn,1113,0,1428,1520,1304,-960,-17096,38,53,-30,0
S,71556197,kdn,1113,0,1428,1520,1232,-928,-17008,21,39,-29,0
S,71566197,kdn,1113,0,1428,1520,1176,-1064,-17120,23,14,-28,0
S,71576197,kdn,1113,0,1428,1520,1264,-992,-16944,42,12,-28,0
S,71586197,kdn,1113,0,1428,1520,1088,-920,-17048,57,11,-31,0
S,71596197,kdn,1113,0,1428,1520,1360,-1048,-17112,50,13,-30,0
S,71606197,kdn,1113,0,1428,1520,1200,-1032,-17128,34,20,-29,0
S,71616197,kdn,1113,0,1428,1520,1192,-1016,-17112,23,31,-28,0
E,71616303,kdn,1114,0,1427,1520,,,,,,,0
S,71616939,kdn,1114,0,1427,1520,1208,-1032,-17040,24,25,-28,0
S,71626930,kdn,1114,0,1427,1520,1320,-1152,-17056,36,40,-35,0
S,71636928,kdn,1114,0,1427,1520,1344,-1016,-16944,49,38,-28,0
S,71646928,kdn,1114,0,1427,1520,1280,-1048,-17112,41,20,-30,0
S,71656928,kdn,1114,0,1427,1520,1304,-1024,-17024,31,13,-22,0
S,71666929,kdn,1114,0,1427,1520,1264,-992,-17080,38,12,-24,0
S,71676928,kdn,1114,0,1427,1520,1272,-992,-17088,41,25,-29,0
S,71686929,kdn,1114,0,1427,1520,1192,-896,-17040,48,23,-26,0
S,71696929,kdn,1114,0,1427,1520,1344,-1088,-17024,42,32,-29,0
S,71706928,kdn,1114,0,1427,1520,1280,-1016,-16984,32,28,-34,0
S,71716929,kdn,1114,0,1427,1520,1280,-1008,-17024,32,26,-28,0
S,71726929,kdn,1114,0,1427,1520,1336,-1040,-17136,36,15,-31,0
S,71736928,kdn,1114,0,1427,1520,1216,-1168,-17136,47,21,-24,0
S,71746928,kdn,1114,0,1427,1520,1280,-1000,-17128,39,16,-26,0
S,71756928,kdn,1114,0,1427,1520,1240,-944,-17072,31,21,-28,0
S,71766928,kdn,1114,0,1427,1520,1248,-1000,-17080,36,24,-26,0
S,71776929,kdn,1114,0,1427,1520,1280,-1032,-17024,38,27,-29,0
S,71786928,kdn,1114,0,1427,1520,1240,-960,-17056,45,27,-30,0
S,71796928,kdn,1114,0,1427,1520,1304,-880,-16976,35,25,-30,0
S,71806929,kdn,1114,0,1427,1520,1184,-1016,-17056,37,18,-28,0
S,71816929,kdn,1114,0,1427,1520,1264,-936,-17008,34,20,-24,0
S,71826929,kdn,1114,0,1427,1520,1400,-1000,-17024,42,21,-24,0
S,71836928,kdn,1114,0,1427,1520,1280,-952,-17048,41,26,-31,0
S,71846929,kdn,1114,0,1427,1520,1320,-928,-17008,33,26,-26,0
S,71856929,kdn,1114,0,1427,1520,1288,-928,-16992,33,29,-31,0
S,71866928,kdn,1114,0,1427,1520,1224,-1064,-17000,39,20,-30,0
E,71867034,kdn,1115,0,1426,1520,,,,,,,0
S,71867672,kdn,1115,0,1426,1520,1240,-1000,-17040,40,24,-23,0
S,71877659,kdn,1115,0,1426,1520,1176,-920,-17152,45,21,-29,0
S,71887659,kdn,1115,0,1426,1520,1232,-976,-17104,43,24,-32,0
S,71897658,kdn,1115,0,1426,1520,1160,-928,-17016,42,20,-29,0
S,71907659,kdn,1115,0,1426,1520,1160,-952,-17072,31,21,-28,0
S,71917659,kdn,1115,0,1426,1520,1216,-1088,-17024,40,23,-30,0
S,71927659,kdn,1115,0,1426,1520,1328,-1008,-17096,51,27,-26,0
S,71937658,kdn,1115,0,1426,1520,1208,-904,-17096,40,24,-24,0
S,71947659,kdn,1115,0,1426,1520,1168,-904,-17144,45,20,-22,0
S,71957658,kdn,1115,0,1426,1520,1320,-1000,-17096,44,14,-32,0
S,71967659,kdn,1115,0,1426,1520,1232,-928,-17072,37,21,-27,0
S,71977659,kdn,1115,0,1426,1520,1192,-1048,-17072,45,24,-28,0
S,71987659,kdn,1115,0,1426,1520,1184,-1040,-17128,40,25,-25,0
S,71997659,kdn,1115,0,1426,1520,1248,-1000,-17032,35,21,-28,0
S,72007659,kdn,1115,0,1426,1520,1304,-944,-17064,27,23,-32,0
S,72017659,kdn,1115,0,1426,1520,1184,-944,-16944,39,26,-33,0
S,72027659,kdn,1115,0,1426,1520,1200,-808,-17120,42,23,-29,0
S,72037659,kdn,1115,0,1426,1520,1288,-984,-17072,43,20,-24,0
S,72047658,kdn,1115,0,1426,1520,1376,-1024,-17048,39,19,-30,0
S,72057658,kdn,1115,0,1426,1520,1256,-1024,-17104,35,24,-29,0
S,72067659,kdn,1115,0,1426,1520,1408,-1056,-16968,36,28,-32,0
S,72077659,kdn,1115,0,1426,1520,1136,-992,-17008,49,25,-30,0
S,72087659,kdn,1115,0,1426,1520,1168,-1016,-17080,41,27,-30,0
S,72097659,kdn,1115,0,1426,1520,1256,-984,-17088,39,21,-30,0
S,72107658,kdn,1115,0,1426,1520,1248,-1008,-17088,34,23,-30,0
S,72117659,kdn,1115,0,1426,1520,1296,-1056,-17056,36,24,-28,0
E,72117764,kdn,1116,0,1425,1520,,,,,,,0
S,72118407,kdn,1116,0,1425,1520,1296,-1016,-17000,41,25,-33,0
S,72128392,kdn,1116,0,1425,1520,1416,-936,-17216,36,24,-26,0
S,72138391,kdn,1116,0,1425,1520,1192,-328,-17112,42,24,-45,0
S,72148391,kdn,1116,0,1425,1520,1472,-1192,-16960,36,17,-26,0
S,72158391,kdn,1116,0,1425,1520,728,-464,-17072,40,21,-35,0
S,72168390,kdn,1116,0,1425,1520,1152,-928,-17136,46,48,-25,0
S,72178391,kdn,1116,0,1425,1520,1392,-800,-17000,56,106,-27,0
S,72188390,kdn,1116,0,1425,1520,992,-1016,-17080,47,142,-32,0
S,72198390,kdn,1116,0,1425,1520,-88,-480,-18144,18,171,-34,0
S,72208390,kdn,1116,0,1425,1520,1200,-1208,-17400,13,149,-33,0
S,72218390,kdn,1116,0,1425,1520,944,-912,-17176,23,113,-32,0
S,72228390,kdn,1116,0,1425,1520,1224,-1112,-17160,49,72,-35,0
S,72238390,kdn,1116,0,1425,1520,1280,-888,-17104,56,27,-28,0
S,72248390,kdn,1116,0,1425,1520,1200,-1056,-17200,42,-6,-29,0
S,72258390,kdn,1116,0,1425,1520,1296,-872,-16976,29,-26,-30,0
S,72268390,kdn,1116,0,1425,1520,1328,-1128,-16856,31,-30,-30,0
S,72278390,kdn,1116,0,1425,1520,1416,-1032,-17096,43,-4,-25,0
S,72288391,kdn,1116,0,1425,1520,1392,-928,-17000,56,28,-26,0
S,72298391,kdn,1116,0,1425,1520,1320,-752,-17056,41,45,-32,0
S,72308391,kdn,1116,0,1425,1520,1288,-944,-16944,22,43,-35,0
S,72318391,kdn,1116,0,1425,1520,1352,-944,-17080,23,32,-30,0
S,72328391,kdn,1116,0,1425,1520,1344,-944,-17128,40,22,-31,0
S,72338391,kdn,1116,0,1425,1520,1368,-880,-16944,53,20,-25,0
S,72348391,kdn,1116,0,1425,1520,1240,-1080,-17024,53,8,-32,0
S,72358390,kdn,1116,0,1425,1520,1320,-904,-16920,38,8,-27,0
S,72368391,kdn,1116,0,1425,1520,1520,-976,-17064,33,21,-31,0
E,72368495,kdn,1117,0,1424,1520,,,,,,,0
S,72369127,kdn,1117,0,1424,1520,1344,-888,-16920,30,26,-33,0
S,72379118,kdn,1117,0,1424,1520,1360,-1088,-17016,40,33,-26,0
S,72389116,kdn,1117,0,1424,1520,1392,-1016,-17040,49,35,-29,0
S,72399117,kdn,1117,0,1424,1520,1296,-832,-17008,34,32,-34,0
S,72409116,kdn,1117,0,1424,1520,1328,-1024,-17184,31,20,-25,0
S,72419116,kdn,1117,0,1424,1520,1392,-952,-17016,33,13,-29,0
S,72429116,kdn,1117,0,1424,1520,1360,-912,-16936,41,10,-27,0
S,72439116,kdn,1117,0,1424,1520,1392,-984,-17056,45,27,-29,0
S,72449116,kdn,1117,0,1424,1520,1312,-816,-17128,39,28,-29,0
S,72459116,kdn,1117,0,1424,1520,1320,-928,-16992,27,27,-31,0
S,72469116,kdn,1117,0,1424,1520,1360,-992,-17056,29,26,-28,0
S,72479116,kdn,1117,0,1424,1520,1336,-864,-17048,37,21,-29,0
S,72489117,kdn,1117,0,1424,1520,1328,-960,-16888,45,18,-27,0
S,72499116,kdn,1117,0,1424,1520,1248,-968,-17056,43,19,-33,0
S,72509116,kdn,1117,0,1424,1520,1272,-984,-17008,39,14,-28,0
S,72519116,kdn,1117,0,1424,1520,1432,-984,-17024,33,24,-26,0
S,72529116,kdn,1117,0,1424,1520,1328,-936,-16976,40,25,-34,0
S,72539116,kdn,1117,0,1424,1520,1344,-920,-17056,43,26,-28,0
S,72549116,kdn,1117,0,1424,1520,1408,-976,-17016,39,24,-34,0
S,72559116,kdn,1117,0,1424,1520,1280,-936,-17080,29,21,-30,0
S,72569116,kdn,1117,0,1424,1520,1416,-920,-17136,38,22,-28,0
S,72579116,kdn,1117,0,1424,1520,1328,-1096,-16976,43,25,-28,0
S,72589116,kdn,1117,0,1424,1520,1400,-992,-17080,47,23,-23,0
S,72599116,kdn,1117,0,1424,1520,1232,-984,-17088,37,23,-25,0
S,72609116,kdn,1117,0,1424,1520,1328,-872,-17032,35,19,-29,0
S,72619116,kdn,1117,0,1424,1520,1440,-984,-16920,35,24,-30,0
E,72619221,kdn,1118,0,1423,1520,,,,,,,0
S,72619852,kdn,1118,0,1423,1520,1336,-944,-17072,38,18,-27,0
S,72629843,kdn,1118,0,1423,1520,1424,-1024,-17032,38,25,-32,0
S,72639842,kdn,1118,0,1423,1520,1320,-944,-17152,48,26,-27,0
S,72649842,kdn,1118,0,1423,1520,1416,-1048,-17048,39,23,-27,0
S,72659842,kdn,1118,0,1423,1520,1376,-1064,-17000,37,23,-33,0
S,72669842,kdn,1118,0,1423,1520,1312,-1024,-17072,37,23,-31,0
S,72679842,kdn,1118,0,1423,1520,1320,-1016,-17040,40,25,-31,0
S,72689842,kdn,1118,0,1423,1520,1368,-944,-16920,46,27,-28,0
S,72699842,kdn,1118,0,1423,1520,1256,-976,-17112,40,16,-24,0
S,72709842,kdn,1118,0,1423,1520,1392,-864,-17104,40,18,-24,0
S,72719842,kdn,1118,0,1423,1520,1376,-992,-17032,37,19,-30,0
S,72729842,kdn,1118,0,1423,1520,1344,-1032,-17048,35,22,-27,0
S,72739842,kdn,1118,0,1423,1520,1328,-928,-16976,44,22,-23,0
S,72749842,kdn,1118,0,1423,1520,1336,-968,-16888,34,21,-25,0
S,72759842,kdn,1118,0,1423,1520,1248,-1000,-16944,36,22,-28,0
S,72769842,kdn,1118,0,1423,1520,1336,-880,-16968,38,25,-28,0
S,72779842,kdn,1118,0,1423,1520,1280,-904,-16992,34,28,-26,0
S,72789842,kdn,1118,0,1423,1520,1272,-864,-16992,45,20,-27,0
S,72799842,kdn,1118,0,1423,1520,1304,-920,-17064,36,21,-31,0
S,72809842,kdn,1118,0,1423,1520,1448,-936,-17040,35,17,-28,0
S,72819842,kdn,1118,0,1423,1520,1280,-992,-16920,38,23,-31,0
S,72829842,kdn,1118,0,1423,1520,1280,-888,-17008,38,21,-32,0
S,72839842,kdn,1118,0,1423,1520,1440,-920,-16952,43,18,-35,0
S,72849842,kdn,1118,0,1423,1520,1440,-952,-17072,34,22,-26,0
S,72859842,kdn,1118,0,1423,1520,1256,-1040,-17056,38,23,-27,0
S,72869842,kdn,1118,0,1423,1520,1336,-1000,-16952,35,25,-35,0
E,72869948,kdn,1119,0,1422,1520,,,,,,,0
S,72870579,kdn,1119,0,1422,1520,1304,-904,-17072,42,14,-29,0
S,72880570,kdn,1119,0,1422,1520,1088,-1064,-17120,37,24,-33,0
S,72890568,kdn,1119,0,1422,1520,1560,-1024,-17128,42,46,-30,0
S,72900568,kdn,1119,0,1422,1520,1368,-1272,-16968,46,63,-27,0
S,72910568,kdn,1119,0,1422,1520,1328,-936,-17072,44,95,-26,0
S,72920568,kdn,1119,0,1422,1520,1336,-888,-16992,34,107,-37,0
S,72930568,kdn,1119,0,1422,1520,1264,-912,-16848,25,92,-39,0
S,72940568,kdn,1119,0,1422,1520,1328,-968,-16920,24,54,-33,0
S,72950568,kdn,1119,0,1422,1520,1352,-936,-16936,37,16,-26,0
S,72960568,kdn,1119,0,1422,1520,1448,-1056,-16912,51,-5,-26,0
S,72970568,kdn,1119,0,1422,1520,1376,-880,-17072,54,-7,-29,0
S,72980568,kdn,1119,0,1422,1520,1328,-888,-17112,36,3,-32,0
S,72990568,kdn,1119,0,1422,1520,1280,-992,-17072,27,22,-27,0
S,73000568,kdn,1119,0,1422,1520,1520,-1016,-16976,34,43,-28,0
S,73010568,kdn,1119,0,1422,1520,1528,-960,-16968,33,50,-26,0
S,73020568,kdn,1119,0,1422,1520,1416,-1024,-16936,38,31,-28,0
S,73030568,kdn,1119,0,1422,1520,1456,-848,-16952,32,13,-29,0
S,73040568,kdn,1119,0,1422,1520,1368,-1040,-17088,35,5,-31,0
S,73050568,kdn,1119,0,1422,1520,1400,-1136,-16976,43,7,-31,0
S,73060568,kdn,1119,0,1422,1520,1480,-888,-17056,41,19,-26,0
S,73070568,kdn,1119,0,1422,1520,1320,-872,-17024,39,31,-34,0
S,73080568,kdn,1119,0,1422,1520,1264,-1008,-17144,35,30,-31,0
S,73090568,kdn,1119,0,1422,1520,1384,-968,-16992,32,26,-25,0
S,73100568,kdn,1119,0,1422,1520,1344,-1000,-16992,34,17,-29,0
S,73110568,kdn,1119,0,1422,1520,1496,-968,-16968,44,19,-28,0
S,73120568,kdn,1119,0,1422,1520,1376,-968,-17048,45,17,-23,0
E,73120673,kdn,1120,0,1421,1520,,,,,,,0
S,73121306,kdn,1120,0,1421,1520,1352,-928,-16952,42,23,-28,0
S,73131295,kdn,1120,0,1421,1520,1320,-856,-17168,35,18,-22,0
S,73141294,kdn,1120,0,1421,1520,1376,-816,-16976,32,27,-28,0
S,73151294,kdn,1120,0,1421,1520,1432,-1016,-17080,39,29,-32,0
S,73161294,kdn,1120,0,1421,1520,1376,-880,-16952,33,24,-23,0
S,73171295,kdn,1120,0,1421,1520,1416,-944,-16928,38,23,-29,0
S,73181294,kdn,1120,0,1421,1520,1296,-1008,-17048,39,22,-26,0
S,73191294,kdn,1120,0,1421,1520,1304,-912,-16944,36,25,-25,0
S,73201294,kdn,1120,0,1421,1520,1400,-976,-17080,45,16,-23,0
S,73211294,kdn,1120,0,1421,1520,1376,-976,-16896,48,20,-27,0
S,73221294,kdn,1120,0,1421,1520,1416,-944,-16984,42,30,-32,0
S,73231294,kdn,1120,0,1421,1520,1480,-872,-17088,35,28,-29,0
S,73241294,kdn,1120,0,1421,1520,1400,-1032,-16968,43,22,-29,0
S,73251294,kdn,1120,0,1421,1520,1360,-992,-17064,43,24,-31,0
S,73261294,kdn,1120,0,1421,1520,1344,-1008,-17216,43,23,-26,0
S,73271294,kdn,1120,0,1421,1520,1408,-912,-16976,40,17,-26,0
S,73281294,kdn,1120,0,1421,1520,1424,-1040,-17128,32,21,-22,0
S,73291294,kdn,1120,0,1421,1520,1448,-984,-17080,36,25,-25,0
S,73301294,kdn,1120,0,1421,1520,1432,-1088,-17056,37,29,-27,0
S,73311294,kdn,1120,0,1421,1520,1264,-912,-17136,46,25,-29,0
S,73321294,kdn,1120,0,1421,1520,1328,-968,-17000,40,20,-30,0
S,73331294,kdn,1120,0,1421,1520,1464,-936,-17032,38,21,-26,0
S,73341294,kdn,1120,0,1421,1520,1432,-1016,-17072,32,22,-28,0
S,73351294,kdn,1120,0,1421,1520,1360,-1000,-16984,39,24,-26,0
S,73361294,kdn,1120,0,1421,1520,1352,-912,-17048,36,21,-31,0
S,73371294,kdn,1120,0,1421,1520,1352,-888,-17024,41,24,-29,0
E,73371403,kdn,1121,0,1420,1520,,,,,,,0
S,73372034,kdn,1121,0,1420,1520,1456,-1032,-17032,38,22,-31,0
S,73382026,kdn,1121,0,1420,1520,1392,-1016,-17016,35,25,-25,0
S,73392024,kdn,1121,0,1420,1520,1480,-1064,-16984,34,21,-26,0
S,73402024,kdn,1121,0,1420,1520,1512,-952,-17216,39,20,-31,0
S,73412024,kdn,1121,0,1420,1520,1424,-1048,-16944,40,22,-32,0
S,73422024,kdn,1121,0,1420,1520,1480,-896,-16976,39,24,-29,0
S,73432024,kdn,1121,0,1420,1520,1200,-944,-16944,38,20,-28,0
S,73442024,kdn,1121,0,1420,1520,1512,-984,-16960,36,24,-25,0
S,73452024,kdn,1121,0,1420,1520,1432,-880,-17176,37,28,-30,0
S,73462024,kdn,1121,0,1420,1520,1448,-960,-16936,35,21,-30,0
S,73472024,kdn,1121,0,1420,1520,1520,-912,-17016,40,24,-30,0
S,73482024,kdn,1121,0,1420,1520,1496,-944,-16944,39,26,-23,0
S,73492024,kdn,1121,0,1420,1520,1344,-936,-17016,38,24,-35,0
S,73502024,kdn,1121,0,1420,1520,1488,-1096,-16952,38,24,-25,0
S,73512024,kdn,1121,0,1420,1520,1408,-880,-17104,38,21,-34,0
S,73522024,kdn,1121,0,1420,1520,1504,-824,-17104,39,24,-32,0
S,73532024,kdn,1121,0,1420,1520,1416,-1048,-17024,36,25,-31,0
S,73542025,kdn,1121,0,1420,1520,1472,-888,-17024,35,24,-31,0
S,73552024,kdn,1121,0,1420,1520,1400,-1096,-16952,45,25,-31,0
S,73562024,kdn,1121,0,1420,1520,1448,-768,-16920,32,25,-31,0
S,73572024,kdn,1121,0,1420,1520,1504,-1008,-17016,38,17,-27,0
S,73582024,kdn,1121,0,1420,1520,1360,-1048,-16984,40,23,-29,0
S,73592024,kdn,1121,0,1420,1520,1512,-896,-17024,40,20,-32,0
S,73602024,kdn,1121,0,1420,1520,1360,-952,-17032,39,22,-27,0
S,73612024,kdn,1121,0,1420,1520,1280,-1000,-17080,39,19,-29,0
S,73622025,kdn,1121,0,1420,1520,1248,-992,-17152,40,25,-27,0
E,73622129,kdn,1122,0,1419,1520,,,,,,,0
S,73622763,kdn,1122,0,1419,1520,1360,-928,-17056,40,21,-23,0
S,73632756,kdn,1122,0,1419,1520,1464,-1168,-16960,38,25,-30,0
S,73642755,kdn,1122,0,1419,1520,1432,-1000,-17024,40,34,-34,0
S,73652755,kdn,1122,0,1419,1520,1424,-1184,-17160,39,54,-31,0
S,73662755,kdn,1122,0,1419,1520,1248,-992,-17048,48,92,-30,0
S,73672755,kdn,1122,0,1419,1520,1400,-928,-16952,39,103,-31,0
S,73682755,kdn,1122,0,1419,1520,1368,-936,-16984,19,87,-32,0
S,73692754,kdn,1122,0,1419,1520,376,-1048,-17848,23,65,-34,0
S,73702755,kdn,1122,0,1419,1520,1280,-848,-17008,43,46,-33,0
S,73712754,kdn,1122,0,1419,1520,1400,-976,-16920,53,33,-33,0
S,73722754,kdn,1122,0,1419,1520,1496,-784,-16696,39,5,-31,0
S,73732754,kdn,1122,0,1419,1520,1648,-904,-16920,29,5,-29,0
S,73742754,kdn,1122,0,1419,1520,1440,-952,-16944,33,7,-35,0
S,73752755,kdn,1122,0,1419,1520,1544,-920,-17008,41,26,-27,0
S,73762755,kdn,1122,0,1419,1520,1336,-928,-16920,54,38,-32,0
S,73772754,kdn,1122,0,1419,1520,1360,-968,-16992,32,38,-31,0
S,73782755,kdn,1122,0,1419,1520,1424,-904,-17112,25,22,-27,0
S,73792754,kdn,1122,0,1419,1520,1400,-1024,-16872,31,21,-23,0
S,73802754,kdn,1122,0,1419,1520,1528,-1024,-16968,51,12,-30,0
S,73812754,kdn,1122,0,1419,1520,1536,-1000,-16992,49,27,-31,0
S,73822754,kdn,1122,0,1419,1520,1544,-976,-16976,32,19,-24,0
S,73832755,kdn,1122,0,1419,1520,1512,-912,-17160,24,22,-28,0
S,73842755,kdn,1122,0,1419,1520,1416,-1016,-17032,35,24,-28,0
S,73852755,kdn,1122,0,1419,1520,1376,-952,-16912,40,33,-33,0
S,73862755,kdn,1122,0,1419,1520,1352,-1016,-16976,43,27,-30,0
S,73872754,kdn,1122,0,1419,1520,1320,-1016,-16984,37,24,-31,0
E,73872859,kdn,1123,0,1418,1520,,,,,,,0
S,73873490,kdn,1123,0,1418,1520,1448,-960,-17104,36,20,-29,0
S,73883482,kdn,1123,0,1418,1520,1576,-904,-17048,35,16,-21,0
S,73893480,kdn,1123,0,1418,1520,1400,-952,-17032,33,15,-26,0
S,73903480,kdn,1123,0,1418,1520,1480,-1000,-17024,40,27,-24,0
S,73913480,kdn,1123,0,1418,1520,1368,-944,-17016,46,31,-32,0
S,73923480,kdn,1123,0,1418,1520,1336,-920,-17048,31,24,-26,0
S,73933480,kdn,1123,0,1418,1520,1408,-1016,-17136,30,22,-24,0
S,73943481,kdn,1123,0,1418,1520,1448,-1048,-17192,35,21,-27,0
S,73953480,kdn,1123,0,1418,1520,1496,-944,-17056,41,23,-29,0
S,73963480,kdn,1123,0,1418,1520,1480,-984,-17024,44,24,-25,0
S,73973480,kdn,1123,0,1418,1520,1360,-904,-16936,36,21,-29,0
S,73983480,kdn,1123,0,1418,1520,1416,-912,-17072,31,22,-28,0
S,73993480,kdn,1123,0,1418,1520,1488,-960,-17072,38,25,-30,0
S,74003480,kdn,1123,0,1418,1520,1512,-1128,-17144,43,24,-30,0
S,74013481,kdn,1123,0,1418,1520,1472,-904,-17024,41,28,-33,0
S,74023480,kdn,1123,0,1418,1520,1504,-1016,-17024,33,26,-31,0
S,74033480,kdn,1123,0,1418,1520,1576,-952,-17136,32,24,-32,0
S,74043480,kdn,1123,0,1418,1520,1480,-944,-16952,35,22,-31,0
S,74053480,kdn,1123,0,1418,1520,1488,-936,-17160,43,26,-22,0
S,74063481,kdn,1123,0,1418,1520,1488,-880,-17008,38,23,-29,0
S,74073480,kdn,1123,0,1418,1520,1432,-944,-17088,37,20,-31,0
S,74083480,kdn,1123,0,1418,1520,1472,-1008,-17040,32,24,-31,0
S,74093480,kdn,1123,0,1418,1520,1464,-936,-17016,38,16,-23,0
S,74103480,kdn,1123,0,1418,1520,1528,-944,-17008,44,25,-26,0
S,74113480,kdn,1123,0,1418,1520,1488,-960,-17080,40,28,-28,0
S,74123480,kdn,1123,0,1418,1520,1536,-1064,-16960,32,21,-31,0
E,74123586,kdn,1124,0,1417,1520,,,,,,,0
S,74124217,kdn,1124,0,1417,1520,1464,-928,-17040,32,24,-25,0
S,74134207,kdn,1124,0,1417,1520,1536,-968,-17056,35,25,-20,0
S,74144206,kdn,1124,0,1417,1520,1440,-936,-17080,36,29,-29,0
S,74154206,kdn,1124,0,1417,1520,1416,-1040,-16984,38,23,-22,0
S,74164206,kdn,1124,0,1417,1520,1392,-880,-16960,36,25,-28,0
S,74174206,kdn,1124,0,1417,1520,1488,-1024,-16992,39,23,-28,0
S,74184206,kdn,1124,0,1417,1520,1424,-920,-17008,39,24,-28,0
S,74194206,kdn,1124,0,1417,1520,1480,-936,-17048,43,20,-30,0
S,74204206,kdn,1124,0,1417,1520,1344,-968,-16984,39,30,-24,0
S,74214206,kdn,1124,0,1417,1520,1544,-1080,-16984,41,26,-30,0
S,74224206,kdn,1124,0,1417,1520,1336,-984,-17136,35,24,-30,0
S,74234206,kdn,1124,0,1417,1520,1512,-968,-16944,38,16,-28,0
S,74244206,kdn,1124,0,1417,1520,1560,-968,-17040,36,28,-22,0
S,74254206,kdn,1124,0,1417,1520,1416,-896,-17016,41,25,-29,0
S,74264206,kdn,1124,0,1417,1520,1352,-888,-16960,38,20,-29,0
S,74274206,kdn,1124,0,1417,1520,1376,-1104,-17032,35,24,-25,0
S,74284206,kdn,1124,0,1417,1520,1408,-904,-16944,41,25,-30,0
S,74294206,kdn,1124,0,1417,1520,1496,-920,-16984,40,16,-34,0
S,74304206,kdn,1124,0,1417,1520,1456,-1048,-17072,40,23,-26,0
S,74314206,kdn,1124,0,1417,1520,1432,-1008,-16936,41,27,-34,0
S,74324206,kdn,1124,0,1417,1520,1528,-944,-16904,36,19,-27,0
S,74334206,kdn,1124,0,1417,1520,1408,-1016,-16960,40,21,-35,0
S,74344206,kdn,1124,0,1417,1520,1440,-896,-17024,42,22,-27,0
S,74354206,kdn,1124,0,1417,1520,1488,-968,-17152,35,20,-28,0
S,74364206,kdn,1124,0,1417,1520,1408,-960,-16992,42,17,-26,0
S,74374206,kdn,1124,0,1417,1520,1392,-856,-16896,44,24,-24,0
E,74374311,kdn,1125,0,1416,1520,,,,,,,0
S,74374946,kdn,1125,0,1416,1520,1432,-1112,-17024,44,24,-24,0
S,74384937,kdn,1125,0,1416,1520,1520,-1016,-17024,37,17,-24,0
S,74394936,kdn,1125,0,1416,1520,-1992,-1200,-17160,38,33,-25,0
S,74404936,kdn,1125,0,1416,1520,1984,-2872,-16968,37,28,-26,0
S,74414936,kdn,1125,0,1416,1520,1368,-888,-17088,47,71,-26,0
S,74424936,kdn,1125,0,1416,1520,1056,-1512,-17304,45,109,-30,0
S,74434936,kdn,1125,0,1416,1520,1720,-632,-16880,33,153,-38,0
S,74444936,kdn,1125,0,1416,1520,1576,-1128,-17040,18,146,-44,0
S,74454936,kdn,1125,0,1416,1520,1240,-952,-17112,16,124,-42,0
S,74464936,kdn,1125,0,1416,1520,1704,-984,-17200,42,82,-37,0
S,74474936,kdn,1125,0,1416,1520,1432,-976,-17072,53,49,-32,0
S,74484936,kdn,1125,0,1416,1520,1496,-992,-17152,58,6,-29,0
S,74494936,kdn,1125,0,1416,1520,1400,-896,-17048,34,-16,-32,0
S,74504936,kdn,1125,0,1416,1520,1848,-984,-16968,28,-24,-24,0
S,74514936,kdn,1125,0,1416,1520,1688,-936,-16976,48,-5,-25,0
S,74524936,kdn,1125,0,1416,1520,1624,-1072,-16888,51,19,-27,0
S,74534936,kdn,1125,0,1416,1520,1624,-960,-17024,44,39,-33,0
S,74544936,kdn,1125,0,1416,1520,1520,-976,-17024,33,44,-28,0
S,74554936,kdn,1125,0,1416,1520,1520,-1136,-17072,23,30,-26,0
S,74564936,kdn,1125,0,1416,1520,1672,-1096,-17000,32,22,-31,0
S,74574936,kdn,1125,0,1416,1520,1640,-896,-16968,51,17,-27,0
S,74584936,kdn,1125,0,1416,1520,1528,-784,-17064,54,7,-34,0
S,74594936,kdn,1125,0,1416,1520,1600,-960,-16944,36,14,-30,0
S,74604936,kdn,1125,0,1416,1520,1536,-1008,-16944,25,20,-27,0
S,74614936,kdn,1125,0,1416,1520,1488,-1048,-17056,28,32,-28,0
S,74624936,kdn,1125,0,1416,1520,1544,-840,-17040,43,31,-29,0
E,74625041,kdn,1126,0,1415,1520,,,,,,,0
S,74625672,kdn,1126,0,1415,1520,1576,-952,-17040,43,32,-34,0
S,74635663,kdn,1126,0,1415,1520,1480,-864,-17112,45,27,-28,0
S,74645661,kdn,1126,0,1415,1520,1528,-968,-16968,34,21,-31,0
S,74655661,kdn,1126,0,1415,1520,1560,-952,-17032,34,14,-25,0
S,74665661,kdn,1126,0,1415,1520,1544,-936,-17048,33,15,-29,0
S,74675661,kdn,1126,0,1415,1520,1544,-984,-17064,45,24,-32,0
S,74685662,kdn,1126,0,1415,1520,1520,-984,-16928,40,24,-25,0
S,74695661,kdn,1126,0,1415,1520,1544,-888,-16992,32,25,-33,0
S,74705661,kdn,1126,0,1415,1520,1600,-1080,-16880,31,24,-29,0
S,74715661,kdn,1126,0,1415,1520,1552,-952,-17096,37,26,-32,0
S,74725661,kdn,1126,0,1415,1520,1544,-992,-16920,43,15,-26,0
S,74735661,kdn,1126,0,1415,1520,1528,-928,-16976,51,15,-24,0
S,74745661,kdn,1126,0,1415,1520,1632,-1048,-16936,39,20,-29,0
S,74755661,kdn,1126,0,1415,1520,1624,-960,-17048,26,20,-30,0
S,74765661,kdn,1126,0,1415,1520,1592,-992,-17008,36,24,-29,0
S,74775661,kdn,1126,0,1415,1520,1528,-968,-17040,41,29,-31,0
S,74785661,kdn,1126,0,1415,1520,1552,-984,-17032,40,29,-27,0
S,74795661,kdn,1126,0,1415,1520,1440,-928,-16840,37,19,-27,0
S,74805661,kdn,1126,0,1415,1520,1392,-1024,-17144,37,15,-23,0
S,74815662,kdn,1126,0,1415,1520,1512,-960,-17112,44,24,-27,0
S,74825661,kdn,1126,0,1415,1520,1536,-1016,-17056,42,24,-24,0
S,74835661,kdn,1126,0,1415,1520,1472,-936,-17064,42,23,-31,0
S,74845661,kdn,1126,0,1415,1520,1560,-960,-16960,34,24,-27,0
S,74855661,kdn,1126,0,1415,1520,1472,-816,-16904,33,19,-27,0
S,74865661,kdn,1126,0,1415,1520,1512,-1024,-17056,41,18,-26,0
S,74875661,kdn,1126,0,1415,1520,1520,-1048,-17072,45,20,-31,0
E,74875767,kdn,1127,0,1414,1520,,,,,,,0
S,74876400,kdn,1127,0,1414,1520,1472,-984,-16984,45,20,-31,0
S,74886391,kdn,1127,0,1414,1520,1480,-928,-16912,43,23,-26,0
S,74896390,kdn,1127,0,1414,1520,1592,-1024,-17048,38,19,-33,0
S,74906389,kdn,1127,0,1414,1520,1520,-1048,-16976,34,21,-28,0
S,74916389,kdn,1127,0,1414,1520,1472,-1056,-17048,37,23,-29,0
S,74926390,kdn,1127,0,1414,1520,1432,-936,-17088,37,26,-29,0
S,74936389,kdn,1127,0,1414,1520,1528,-1048,-17104,42,20,-27,0
S,74946390,kdn,1127,0,1414,1520,1560,-944,-17080,37,23,-31,0
S,74956390,kdn,1127,0,1414,1520,1528,-1088,-17112,31,24,-33,0
S,74966389,kdn,1127,0,1414,1520,1496,-1080,-17024,39,19,-30,0
S,74976389,kdn,1127,0,1414,1520,1600,-864,-17040,43,21,-29,0
S,74986389,kdn,1127,0,1414,1520,1544,-1040,-16984,34,25,-31,0
S,74996390,kdn,1127,0,1414,1520,1464,-952,-17064,34,22,-28,0
S,75006389,kdn,1127,0,1414,1520,1616,-984,-17016,38,22,-26,0
S,75016389,kdn,1127,0,1414,1520,1592,-968,-17064,48,24,-28,0
S,75026389,kdn,1127,0,1414,1520,1544,-856,-17016,40,24,-28,0
S,75036389,kdn,1127,0,1414,1520,1656,-952,-17000,36,19,-24,0
S,75046389,kdn,1127,0,1414,1520,1552,-808,-16920,35,25,-31,0
S,75056390,kdn,1127,0,1414,1520,1568,-1024,-17032,35,22,-30,0
S,75066389,kdn,1127,0,1414,1520,1480,-888,-16944,37,24,-30,0
S,75076390,kdn,1127,0,1414,1520,1560,-976,-17056,38,25,-30,0
S,75086389,kdn,1127,0,1414,1520,1648,-984,-17024,40,23,-30,0
S,75096389,kdn,1127,0,1414,1520,1480,-1032,-17032,39,26,-27,0
S,75106389,kdn,1127,0,1414,1520,1592,-904,-17064,38,20,-27,0
S,75116389,kdn,1127,0,1414,1520,1584,-1008,-16920,44,20,-25,0
S,75126390,kdn,1127,0,1414,1520,1624,-1024,-17008,39,21,-28,0
E,75126495,kdn,1128,0,1413,1520,,,,,,,0
S,75127127,kdn,1128,0,1413,1520,1616,-1024,-17056,38,25,-26,0
S,75137117,kdn,1128,0,1413,1520,656,-992,-17032,39,24,-32,0
S,75147116,kdn,1128,0,1413,1520,1776,-1160,-17120,35,19,-29,0
S,75157116,kdn,1128,0,1413,1520,1744,-1096,-17032,36,43,-30,0
S,75167116,kdn,1128,0,1413,1520,1424,-1040,-16960,46,68,-35,0
S,75177116,kdn,1128,0,1413,1520,1608,-888,-16960,41,70,-33,0
S,75187116,kdn,1128,0,1413,1520,1504,-856,-17096,25,53,-27,0
S,75197116,kdn,1128,0,1413,1520,1400,-832,-17016,25,34,-30,0
S,75207116,kdn,1128,0,1413,1520,1480,-976,-16968,39,15,-33,0
S,75217116,kdn,1128,0,1413,1520,1568,-952,-16960,53,9,-31,0
S,75227116,kdn,1128,0,1413,1520,1568,-936,-17160,47,10,-33,0
S,75237116,kdn,1128,0,1413,1520,1672,-1120,-17016,34,20,-26,0
S,75247116,kdn,1128,0,1413,1520,1656,-960,-17008,24,33,-27,0
S,75257116,kdn,1128,0,1413,1520,1632,-1040,-17000,31,34,-29,0
S,75267116,kdn,1128,0,1413,1520,1608,-920,-16904,38,39,-30,0
S,75277116,kdn,1128,0,1413,1520,1656,-1016,-17080,41,27,-30,0
S,75287116,kdn,1128,0,1413,1520,1656,-888,-17080,40,13,-26,0
S,75297116,kdn,1128,0,1413,1520,1648,-856,-16928,35,8,-32,0
S,75307116,kdn,1128,0,1413,1520,1640,-960,-17064,41,20,-30,0
S,75317116,kdn,1128,0,1413,1520,1504,-1008,-16896,43,28,-29,0
S,75327116,kdn,1128,0,1413,1520,1600,-1032,-17000,39,35,-26,0
S,75337116,kdn,1128,0,1413,1520,1552,-896,-17016,36,29,-27,0
S,75347116,kdn,1128,0,1413,1520,1488,-1120,-17032,32,17,-29,0
S,75357116,kdn,1128,0,1413,1520,1504,-976,-16976,38,15,-19,0
S,75367116,kdn,1128,0,1413,1520,1616,-1000,-16936,41,16,-27,0
S,75377116,kdn,1128,0,1413,1520,1528,-888,-17016,37,25,-29,0
E,75377221,kdn,1129,0,1412,1520,,,,,,,0
S,75377864,kdn,1129,0,1412,1520,1552,-1024,-17008,37,25,-29,0
S,75387847,kdn,1129,0,1412,1520,1448,-920,-17056,37,20,-24,0
S,75397845,kdn,1129,0,1412,1520,1512,-1112,-17040,36,24,-27,0
S,75407845,kdn,1129,0,1412,1520,1640,-992,-17040,37,23,-29,0
S,75417845,kdn,1129,0,1412,1520,1408,-880,-17032,36,26,-29,0
S,75427845,kdn,1129,0,1412,1520,1496,-1056,-17008,32,23,-27,0
S,75437846,kdn,1129,0,1412,1520,1480,-1080,-17088,33,20,-33,0
S,75447845,kdn,1129,0,1412,1520,1504,-912,-17128,35,19,-27,0
S,75457845,kdn,1129,0,1412,1520,1448,-928,-17080,40,23,-28,0
S,75467846,kdn,1129,0,1412,1520,1600,-992,-17024,45,28,-30,0
S,75477845,kdn,1129,0,1412,1520,1448,-880,-17032,39,24,-33,0
S,75487845,kdn,1129,0,1412,1520,1632,-768,-17008,35,28,-27,0
S,75497845,kdn,1129,0,1412,1520,1512,-1000,-17096,34,26,-26,0
S,75507845,kdn,1129,0,1412,1520,1560,-864,-17112,44,27,-27,0
S,75517845,kdn,1129,0,1412,1520,1680,-1016,-16992,40,23,-25,0
S,75527845,kdn,1129,0,1412,1520,1592,-856,-16944,39,23,-26,0
S,75537845,kdn,1129,0,1412,1520,1488,-920,-16848,35,29,-23,0
S,75547845,kdn,1129,0,1412,1520,1576,-1048,-16936,38,21,-30,0
S,75557845,kdn,1129,0,1412,1520,1568,-968,-17120,41,24,-28,0
S,75567846,kdn,1129,0,1412,1520,1592,-1024,-16936,36,24,-27,0
S,75577845,kdn,1129,0,1412,1520,1640,-928,-16832,35,19,-25,0
S,75587845,kdn,1129,0,1412,1520,1640,-976,-16928,38,18,-32,0
S,75597845,kdn,1129,0,1412,1520,1712,-960,-16952,38,24,-24,0
S,75607845,kdn,1129,0,1412,1520,1504,-872,-17000,41,23,-21,0
S,75617845,kdn,1129,0,1412,1520,1552,-1024,-16888,37,22,-34,0
S,75627845,kdn,1129,0,1412,1520,1632,-1008,-17056,37,21,-29,0
E,75627951,kdn,1130,0,1411,1520,,,,,,,0
S,75628582,kdn,1130,0,1411,1520,1552,-904,-16920,37,23,-30,0
S,75638572,kdn,1130,0,1411,1520,1576,-992,-16856,41,23,-25,0
S,75648571,kdn,1130,0,1411,1520,1488,-952,-17000,36,28,-24,0
S,75658571,kdn,1130,0,1411,1520,1576,-904,-16976,45,28,-29,0
S,75668571,kdn,1130,0,1411,1520,1528,-960,-17088,37,18,-23,0
S,75678571,kdn,1130,0,1411,1520,1672,-944,-16880,42,19,-35,0
S,75688571,kdn,1130,0,1411,1520,1600,-1088,-17104,36,19,-31,0
S,75698571,kdn,1130,0,1411,1520,1576,-848,-16848,33,20,-29,0
S,75708571,kdn,1130,0,1411,1520,1568,-888,-16960,39,21,-32,0
S,75718571,kdn,1130,0,1411,1520,1520,-944,-17000,36,28,-31,0
S,75728571,kdn,1130,0,1411,1520,1488,-1088,-16944,37,27,-32,0
S,75738571,kdn,1130,0,1411,1520,1512,-840,-17040,40,24,-27,0
S,75748571,kdn,1130,0,1411,1520,1600,-1016,-17056,39,31,-24,0
S,75758571,kdn,1130,0,1411,1520,1600,-984,-17048,35,26,-34,0
S,75768572,kdn,1130,0,1411,1520,1584,-904,-16960,42,25,-30,0
S,75778571,kdn,1130,0,1411,1520,1648,-872,-17024,37,27,-30,0
S,75788571,kdn,1130,0,1411,1520,1560,-968,-17048,38,22,-22,0
S,75798571,kdn,1130,0,1411,1520,1688,-864,-16984,38,21,-28,0
S,75808571,kdn,1130,0,1411,1520,1496,-840,-17024,38,27,-30,0
S,75818571,kdn,1130,0,1411,1520,1560,-984,-17016,33,25,-35,0
S,75828571,kdn,1130,0,1411,1520,1664,-1056,-17096,41,28,-25,0
S,75838571,kdn,1130,0,1411,1520,1688,-896,-17064,37,28,-28,0
S,75848571,kdn,1130,0,1411,1520,1624,-872,-16952,38,26,-28,0
S,75858571,kdn,1130,0,1411,1520,1576,-1096,-17088,33,24,-30,0
S,75868572,kdn,1130,0,1411,1520,1488,-976,-17000,40,24,-28,0
S,75878571,kdn,1130,0,1411,1520,1640,-928,-17008,34,21,-28,0
E,75878676,kdn,1131,0,1410,1520,,,,,,,0
S,75879311,kdn,1131,0,1410,1520,1640,-928,-17008,34,21,-28,0
S,75889299,kdn,1131,0,1410,1520,1608,-1200,-16984,37,22,-23,0
S,75899297,kdn,1131,0,1410,1520,2144,-400,-16904,39,20,-40,0
S,75909297,kdn,1131,0,1410,1520,1920,-1320,-16960,34,-1,-28,0
S,75919297,kdn,1131,0,1410,1520,1560,-296,-17048,35,15,-23,0
S,75929298,kdn,1131,0,1410,1520,1368,-896,-16960,57,64,-27,0
S,75939298,kdn,1131,0,1410,1520,1680,-976,-16968,54,101,-29,0
S,75949297,kdn,1131,0,1410,1520,1600,-896,-17016,31,118,-35,0
S,75959297,kdn,1131,0,1410,1520,1632,-960,-16536,8,127,-46,0
S,75969297,kdn,1131,0,1410,1520,1784,-672,-16864,17,100,-26,0
S,75979297,kdn,1131,0,1410,1520,1800,-1072,-16872,42,66,-34,0
S,75989298,kdn,1131,0,1410,1520,1552,-1000,-17208,58,42,-34,0
S,75999297,kdn,1131,0,1410,1520,1544,-1032,-17128,43,2,-29,0
S,76009297,kdn,1131,0,1410,1520,1528,-1008,-17088,22,-16,-26,0
S,76019297,kdn,1131,0,1410,1520,1616,-1016,-17096,35,1,-25,0
S,76029297,kdn,1131,0,1410,1520,1704,-1024,-17016,50,21,-26,0
S,76039297,kdn,1131,0,1410,1520,1600,-1112,-17048,53,38,-30,0
S,76049297,kdn,1131,0,1410,1520,1688,-960,-17056,35,41,-32,0
S,76059297,kdn,1131,0,1410,1520,1624,-1008,-17056,18,35,-31,0
S,76069298,kdn,1131,0,1410,1520,1664,-944,-17096,22,21,-28,0
S,76079297,kdn,1131,0,1410,1520,1712,-896,-16944,47,15,-29,0
S,76089297,kdn,1131,0,1410,1520,1640,-880,-17016,57,18,-30,0
S,76099297,kdn,1131,0,1410,1520,1736,-920,-16904,39,19,-30,0
S,76109298,kdn,1131,0,1410,1520,1592,-912,-16968,27,19,-27,0
S,76119297,kdn,1131,0,1410,1520,1680,-1088,-16944,31,31,-31,0
S,76129297,kdn,1131,0,1410,1520,1648,-920,-16952,39,24,-32,0
E,76129406,kdn,1132,0,1409,1520,,,,,,,0
S,76130037,kdn,1132,0,1409,1520,1640,-1064,-17096,43,29,-27,0
S,76140028,kdn,1132,0,1409,1520,1544,-984,-17120,47,34,-28,0
S,76150027,kdn,1132,0,1409,1520,1656,-928,-16968,41,18,-30,0
S,76160027,kdn,1132,0,1409,1520,1720,-1048,-17072,31,10,-27,0
S,76170027,kdn,1132,0,1409,1520,1656,-968,-16920,30,19,-30,0
S,76180027,kdn,1132,0,1409,1520,1592,-1056,-17048,40,22,-31,0
S,76190028,kdn,1132,0,1409,1520,1584,-1088,-17096,39,31,-28,0
S,76200027,kdn,1132,0,1409,1520,1640,-920,-17080,37,26,-29,0
S,76210027,kdn,1132,0,1409,1520,1688,-888,-16896,31,22,-28,0
S,76220027,kdn,1132,0,1409,1520,1592,-1096,-17056,33,23,-33,0
S,76230027,kdn,1132,0,1409,1520,1696,-984,-16960,42,19,-30,0
S,76240027,kdn,1132,0,1409,1520,1640,-912,-17016,45,25,-30,0
S,76250028,kdn,1132,0,1409,1520,1664,-1016,-17008,42,18,-32,0
S,76260028,kdn,1132,0,1409,1520,1632,-872,-17096,34,21,-29,0
S,76270027,kdn,1132,0,1409,1520,1640,-984,-16984,38,28,-22,0
S,76280028,kdn,1132,0,1409,1520,1608,-952,-17144,41,29,-26,0
S,76290027,kdn,1132,0,1409,1520,1624,-960,-17048,37,24,-33,0
S,76300027,kdn,1132,0,1409,1520,1448,-840,-17000,35,20,-32,0
S,76310027,kdn,1132,0,1409,1520,1536,-944,-16984,31,21,-28,0
S,76320028,kdn,1132,0,1409,1520,1544,-880,-17048,37,25,-34,0
S,76330027,kdn,1132,0,1409,1520,1704,-1024,-17072,41,27,-34,0
S,76340027,kdn,1132,0,1409,1520,1592,-800,-17024,42,25,-30,0
S,76350027,kdn,1132,0,1409,1520,1624,-952,-16928,39,25,-31,0
S,76360028,kdn,1132,0,1409,1520,1648,-856,-16848,33,26,-31,0
S,76370028,kdn,1132,0,1409,1520,1696,-960,-17112,33,20,-29,0
S,76380027,kdn,1132,0,1409,1520,1624,-952,-17056,42,20,-35,0
E,76380132,kdn,1133,0,1408,1520,,,,,,,0
S,76380765,kdn,1133,0,1408,1520,1624,-952,-17056,40,20,-32,0
S,76390756,kdn,1133,0,1408,1520,1784,-904,-17056,38,27,-31,0
S,76400755,kdn,1133,0,1408,1520,1736,-992,-16992,35,19,-29,0
S,76410755,kdn,1133,0,1408,1520,1672,-928,-16984,34,26,-33,0
S,76420755,kdn,1133,0,1408,1520,1528,-904,-17048,39,22,-29,0
S,76430755,kdn,1133,0,1408,1520,1576,-856,-17032,44,23,-26,0
S,76440755,kdn,1133,0,1408,1520,1592,-976,-17048,37,20,-33,0
S,76450755,kdn,1133,0,1408,1520,1656,-984,-17104,39,21,-36,0
S,76460755,kdn,1133,0,1408,1520,1560,-960,-17032,31,25,-30,0
S,76470755,kdn,1133,0,1408,1520,1672,-888,-17088,38,26,-27,0
S,76480755,kdn,1133,0,1408,1520,1584,-1000,-17056,43,21,-30,0
S,76490755,kdn,1133,0,1408,1520,1656,-904,-17048,43,25,-32,0
S,76500755,kdn,1133,0,1408,1520,1592,-1032,-16912,37,22,-26,0
S,76510755,kdn,1133,0,1408,1520,1672,-968,-17016,35,28,-28,0
S,76520755,kdn,1133,0,1408,1520,1624,-1000,-17008,39,23,-27,0
S,76530755,kdn,1133,0,1408,1520,1616,-1008,-17008,41,19,-25,0
S,76540755,kdn,1133,0,1408,1520,1720,-904,-16952,40,24,-22,0
S,76550755,kdn,1133,0,1408,1520,1576,-960,-17088,38,20,-27,0
S,76560755,kdn,1133,0,1408,1520,1664,-912,-17104,41,23,-25,0
S,76570755,kdn,1133,0,1408,1520,1760,-936,-16992,37,27,-27,0
S,76580755,kdn,1133,0,1408,1520,1696,-1072,-16888,40,26,-31,0
S,76590755,kdn,1133,0,1408,1520,1552,-1016,-17040,35,23,-28,0
S,76600755,kdn,1133,0,1408,1520,1624,-960,-16992,40,23,-23,0
S,76610755,kdn,1133,0,1408,1520,1520,-976,-17040,40,19,-25,0
S,76620755,kdn,1133,0,1408,1520,1624,-1000,-16952,38,21,-25,0
S,76630755,kdn,1133,0,1408,1520,1688,-1056,-16920,39,24,-29,0
E,76630860,kdn,1134,0,1407,1520,,,,,,,0
S,76631491,kdn,1134,0,1407,1520,1648,-936,-16992,40,23,-29,0
S,76641482,kdn,1134,0,1407,1520,1720,-880,-16952,39,25,-31,0
S,76651481,kdn,1134,0,1407,1520,1720,-728,-16944,38,35,-33,0
S,76661481,kdn,1134,0,1407,1520,1496,-800,-17040,39,44,-24,0
S,76671481,kdn,1134,0,1407,1520,1640,-1040,-16856,44,61,-32,0
S,76681481,kdn,1134,0,1407,1520,1696,-760,-16968,37,62,-35,0
S,76691481,kdn,1134,0,1407,1520,1592,-904,-17024,29,46,-23,0
S,76701481,kdn,1134,0,1407,1520,1472,-880,-16896,32,20,-27,0
S,76711481,kdn,1134,0,1407,1520,1640,-936,-17040,43,7,-33,0
S,76721481,kdn,1134,0,1407,1520,1672,-912,-16976,48,8,-26,0
S,76731481,kdn,1134,0,1407,1520,1680,-944,-16984,48,16,-30,0
S,76741481,kdn,1134,0,1407,1520,1568,-1096,-17120,35,23,-30,0
S,76751481,kdn,1134,0,1407,1520,1680,-976,-17048,31,35,-35,0
S,76761481,kdn,1134,0,1407,1520,1584,-992,-17000,31,33,-26,0
S,76771481,kdn,1134,0,1407,1520,1616,-992,-16952,38,37,-30,0
S,76781481,kdn,1134,0,1407,1520,1704,-976,-17016,41,19,-26,0
S,76791481,kdn,1134,0,1407,1520,1568,-968,-17184,35,7,-26,0
S,76801481,kdn,1134,0,1407,1520,1752,-792,-16984,35,9,-23,0
S,76811481,kdn,1134,0,1407,1520,1568,-912,-17000,36,18,-30,0
S,76821481,kdn,1134,0,1407,1520,1624,-1072,-16984,36,30,-29,0
S,76831481,kdn,1134,0,1407,1520,1624,-920,-17016,36,31,-28,0
S,76841481,kdn,1134,0,1407,1520,1600,-880,-16992,31,28,-26,0
S,76851481,kdn,1134,0,1407,1520,1704,-1000,-16968,35,22,-26,0
S,76861482,kdn,1134,0,1407,1520,1672,-992,-17016,39,18,-29,0
S,76871481,kdn,1134,0,1407,1520,1704,-920,-16968,44,20,-30,0
S,76881481,kdn,1134,0,1407,1520,1600,-1024,-16936,40,21,-24,0
E,76881587,kdn,1135,0,1406,1520,,,,,,,0
S,76882219,kdn,1135,0,1406,1520,1600,-1024,-16936,44,21,-26,0
S,76892208,kdn,1135,0,1406,1520,1616,-832,-16992,34,26,-30,0
S,76902207,kdn,1135,0,1406,1520,1536,-936,-17176,38,28,-26,0
S,76912207,kdn,1135,0,1406,1520,1608,-976,-16960,39,27,-29,0
S,76922207,kdn,1135,0,1406,1520,1744,-1096,-16936,41,18,-29,0
S,76932208,kdn,1135,0,1406,1520,1768,-896,-17024,39,23,-31,0
S,76942207,kdn,1135,0,1406,1520,1608,-864,-17056,36,17,-28,0
S,76952207,kdn,1135,0,1406,1520,1584,-976,-17000,32,21,-27,0
S,76962207,kdn,1135,0,1406,1520,1536,-976,-16992,42,22,-31,0
S,76972207,kdn,1135,0,1406,1520,1624,-1024,-17080,39,20,-31,0
S,76982207,kdn,1135,0,1406,1520,1592,-1048,-17136,37,22,-29,0
S,76992208,kdn,1135,0,1406,1520,1584,-936,-16984,33,18,-28,0
S,77002207,kdn,1135,0,1406,1520,1808,-944,-17080,33,21,-31,0
S,77012208,kdn,1135,0,1406,1520,1648,-952,-16968,39,22,-29,0
S,77022207,kdn,1135,0,1406,1520,1600,-944,-16928,41,25,-28,0
S,77032207,kdn,1135,0,1406,1520,1720,-1032,-17072,32,29,-32,0
S,77042207,kdn,1135,0,1406,1520,1608,-904,-16968,35,22,-31,0
S,77052207,kdn,1135,0,1406,1520,1624,-960,-16992,41,24,-24,0
S,77062207,kdn,1135,0,1406,1520,1728,-872,-16952,37,29,-32,0
S,77072207,kdn,1135,0,1406,1520,1624,-976,-16920,41,24,-30,0
S,77082208,kdn,1135,0,1406,1520,1552,-1016,-16904,38,20,-28,0
S,77092207,kdn,1135,0,1406,1520,1616,-912,-17048,37,23,-26,0
S,77102207,kdn,1135,0,1406,1520,1664,-928,-16912,38,22,-31,0
S,77112208,kdn,1135,0,1406,1520,1760,-1024,-17136,38,24,-23,0
S,77122207,kdn,1135,0,1406,1520,1584,-984,-17000,36,21,-25,0
S,77132207,kdn,1135,0,1406,1520,1696,-1096,-16888,38,24,-27,0
E,77132313,kdn,1136,0,1405,1520,,,,,,,0
S,77132956,kdn,1136,0,1405,1520,1584,-1048,-16976,34,24,-28,0
S,77142943,kdn,1136,0,1405,1520,1720,-1064,-17000,36,22,-33,0
S,77152942,kdn,1136,0,1405,1520,1712,-984,-17032,33,23,-31,0
S,77162942,kdn,1136,0,1405,1520,1816,-888,-16920,39,23,-32,0
S,77172942,kdn,1136,0,1405,1520,1720,-976,-16888,39,24,-29,0
S,77182943,kdn,1136,0,1405,1520,1664,-888,-16992,39,22,-29,0
S,77192942,kdn,1136,0,1405,1520,1560,-912,-16824,36,18,-33,0
S,77202942,kdn,1136,0,1405,1520,1736,-944,-17152,37,26,-26,0
S,77212942,kdn,1136,0,1405,1520,1664,-1000,-17048,40,26,-31,0
S,77222942,kdn,1136,0,1405,1520,1608,-1008,-16824,40,23,-30,0
S,77232942,kdn,1136,0,1405,1520,1608,-1136,-16984,38,25,-30,0
S,77242942,kdn,1136,0,1405,1520,1648,-1016,-16992,30,24,-29,0
S,77252942,kdn,1136,0,1405,1520,1632,-880,-16992,37,20,-27,0
S,77262942,kdn,1136,0,1405,1520,1616,-992,-17016,39,20,-28,0
S,77272942,kdn,1136,0,1405,1520,1624,-1024,-16952,41,23,-21,0
S,77282943,kdn,1136,0,1405,1520,1656,-984,-17072,33,22,-30,0
S,77292942,kdn,1136,0,1405,1520,1728,-1000,-16912,34,19,-25,0
S,77302942,kdn,1136,0,1405,1520,1632,-864,-17064,37,23,-26,0
S,77312942,kdn,1136,0,1405,1520,1552,-992,-16864,42,21,-26,0
S,77322942,kdn,1136,0,1405,1520,1792,-1040,-17008,39,20,-24,0
S,77332943,kdn,1136,0,1405,1520,1576,-832,-17112,37,22,-27,0
S,77342942,kdn,1136,0,1405,1520,1688,-864,-16936,36,22,-26,0
S,77352942,kdn,1136,0,1405,1520,1576,-928,-17008,36,20,-37,0
S,77362942,kdn,1136,0,1405,1520,1640,-968,-16936,38,23,-30,0
S,77372942,kdn,1136,0,1405,1520,1576,-968,-17080,38,21,-26,0
S,77382942,kdn,1136,0,1405,1520,1664,-976,-16952,38,24,-29,0
E,77383047,kdn,1137,0,1404,1520,,,,,,,0
S,77383678,kdn,1137,0,1404,1520,1664,-976,-16952,34,24,-29,0
S,77393669,kdn,1137,0,1404,1520,328,-1144,-17104,37,29,-31,0
S,77403667,kdn,1137,0,1404,1520,1912,-1120,-17048,38,29,-28,0
S,77413667,kdn,1137,0,1404,1520,1944,-896,-17048,40,52,-24,0
S,77423667,kdn,1137,0,1404,1520,1464,-1032,-17048,51,79,-29,0
S,77433667,kdn,1137,0,1404,1520,1640,-848,-17160,42,91,-29,0
S,77443667,kdn,1137,0,1404,1520,1688,-1000,-16968,22,70,-36,0
S,77453667,kdn,1137,0,1404,1520,1400,-872,-17240,18,68,-24,0
S,77463667,kdn,1137,0,1404,1520,1512,-1080,-17160,38,59,-27,0
S,77473667,kdn,1137,0,1404,1520,1480,-840,-17168,56,51,-28,0
S,77483667,kdn,1137,0,1404,1520,1472,-920,-17120,40,33,-28,0
S,77493667,kdn,1137,0,1404,1520,1560,-1000,-17168,27,16,-31,0
S,77503667,kdn,1137,0,1404,1520,1712,-1016,-17168,25,11,-26,0
S,77513667,kdn,1137,0,1404,1520,1640,-1120,-16960,45,12,-25,0
S,77523667,kdn,1137,0,1404,1520,1608,-984,-16928,49,20,-35,0
S,77533667,kdn,1137,0,1404,1520,1704,-1016,-16816,41,27,-27,0
S,77543667,kdn,1137,0,1404,1520,1600,-960,-16936,24,31,-35,0
S,77553667,kdn,1137,0,1404,1520,1808,-856,-17016,25,23,-32,0
S,77563668,kdn,1137,0,1404,1520,1760,-976,-17112,41,23,-33,0
S,77573667,kdn,1137,0,1404,1520,1488,-1024,-17248,51,23,-28,0
S,77583667,kdn,1137,0,1404,1520,1664,-880,-17232,45,16,-26,0
S,77593667,kdn,1137,0,1404,1520,1616,-888,-17200,31,19,-29,0
S,77603667,kdn,1137,0,1404,1520,1704,-1080,-17000,30,20,-24,0
S,77613667,kdn,1137,0,1404,1520,1808,-1032,-16856,36,26,-33,0
S,77623667,kdn,1137,0,1404,1520,1872,-896,-16984,49,28,-25,0
S,77633667,kdn,1137,0,1404,1520,1648,-864,-16848,43,26,-31,0
E,77633772,kdn,1138,0,1403,1520,,,,,,,0
S,77634407,kdn,1138,0,1403,1520,1768,-1048,-16936,43,23,-25,0
S,77644396,kdn,1138,0,1403,1520,1776,-1056,-17008,31,17,-26,0
S,77654395,kdn,1138,0,1403,1520,1640,-1168,-16880,32,17,-30,0
S,77664395,kdn,1138,0,1403,1520,1632,-880,-17080,43,18,-31,0
S,77674395,kdn,1138,0,1403,1520,1648,-1080,-17048,44,20,-33,0
S,77684395,kdn,1138,0,1403,1520,1632,-984,-16968,39,23,-30,0
S,77694396,kdn,1138,0,1403,1520,1680,-952,-17136,41,21,-26,0
S,77704396,kdn,1138,0,1403,1520,1712,-1024,-17104,31,20,-29,0
S,77714395,kdn,1138,0,1403,1520,1696,-1000,-16936,40,23,-33,0
S,77724395,kdn,1138,0,1403,1520,1816,-872,-17000,50,25,-32,0
S,77734396,kdn,1138,0,1403,1520,1784,-840,-16920,39,26,-28,0
S,77744396,kdn,1138,0,1403,1520,1624,-960,-16880,30,21,-28,0
S,77754396,kdn,1138,0,1403,1520,1672,-1016,-17040,33,21,-30,0
S,77764395,kdn,1138,0,1403,1520,1608,-1096,-17016,49,19,-32,0
S,77774396,kdn,1138,0,1403,1520,1720,-936,-16992,39,28,-24,0
S,77784396,kdn,1138,0,1403,1520,1688,-896,-17112,42,24,-32,0
S,77794396,kdn,1138,0,1403,1520,1648,-920,-16952,30,17,-28,0
S,77804396,kdn,1138,0,1403,1520,1584,-1016,-17040,38,22,-28,0
S,77814395,kdn,1138,0,1403,1520,1664,-904,-17008,37,29,-30,0
S,77824396,kdn,1138,0,1403,1520,1768,-1080,-16936,45,21,-31,0
S,77834395,kdn,1138,0,1403,1520,1720,-928,-17048,33,20,-30,0
S,77844395,kdn,1138,0,1403,1520,1752,-1144,-16968,36,25,-31,0
S,77854395,kdn,1138,0,1403,1520,1720,-912,-16984,40,13,-29,0
S,77864395,kdn,1138,0,1403,1520,1760,-936,-16952,38,23,-21,0
S,77874396,kdn,1138,0,1403,1520,1528,-1144,-16616,40,26,-37,0
S,77884396,kdn,1138,0,1403,1520,1848,-1064,-16952,31,19,-27,0
E,77884501,kdn,1139,0,1402,1520,,,,,,,0
S,77885132,kdn,1139,0,1402,1520,1792,-1080,-17096,34,23,-31,0
S,77895123,kdn,1139,0,1402,1520,1712,-1008,-16832,34,22,-30,0
S,77905122,kdn,1139,0,1402,1520,1520,-968,-17008,37,25,-30,0
S,77915122,kdn,1139,0,1402,1520,1504,-952,-17088,39,23,-28,0
S,77925122,kdn,1139,0,1402,1520,1704,-1016,-17144,43,23,-29,0
S,77935122,kdn,1139,0,1402,1520,1576,-784,-17008,37,23,-27,0
S,77945122,kdn,1139,0,1402,1520,1704,-912,-17168,37,24,-36,0
S,77955122,kdn,1139,0,1402,1520,1688,-984,-17024,35,24,-29,0
S,77965122,kdn,1139,0,1402,1520,1680,-928,-16928,40,22,-32,0
S,77975122,kdn,1139,0,1402,1520,1776,-904,-17000,38,25,-31,0
S,77985122,kdn,1139,0,1402,1520,1648,-896,-17056,35,21,-31,0
S,77995122,kdn,1139,0,1402,1520,1736,-1064,-16904,35,25,-22,0
S,78005122,kdn,1139,0,1402,1520,1704,-944,-17032,43,27,-28,0
S,78015122,kdn,1139,0,1402,1520,1688,-1000,-17032,43,26,-27,0
S,78025122,kdn,1139,0,1402,1520,1720,-848,-16936,37,24,-28,0
S,78035122,kdn,1139,0,1402,1520,1720,-840,-17136,37,26,-21,0
S,78045122,kdn,1139,0,1402,1520,1688,-976,-16928,32,23,-24,0
S,78055122,kdn,1139,0,1402,1520,1688,-904,-17056,39,23,-30,0
S,78065122,kdn,1139,0,1402,1520,1672,-904,-17016,45,23,-24,0
S,78075122,kdn,1139,0,1402,1520,1744,-1032,-16936,39,24,-28,0
S,78085122,kdn,1139,0,1402,1520,1712,-856,-16904,32,22,-27,0
S,78095122,kdn,1139,0,1402,1520,1672,-920,-17064,37,20,-28,0
S,78105122,kdn,1139,0,1402,1520,1640,-896,-17016,42,24,-29,0
S,78115122,kdn,1139,0,1402,1520,1792,-952,-16984,40,24,-28,0
S,78125122,kdn,1139,0,1402,1520,1752,-888,-17008,37,28,-31,0
S,78135122,kdn,1139,0,1402,1520,1648,-1056,-17032,37,21,-27,0
E,78135231,kdn,1140,0,1401,1520,,,,,,,0
S,78135873,kdn,1140,0,1401,1520,1712,-936,-17072,36,22,-25,0
S,78145861,kdn,1140,0,1401,1520,2240,-976,-17072,36,18,-28,0
S,78155860,kdn,1140,0,1401,1520,1568,-1160,-17024,37,24,-23,0
S,78165859,kdn,1140,0,1401,1520,1888,-1048,-17032,40,45,-29,0
S,78175860,kdn,1140,0,1401,1520,1792,-1064,-17032,48,61,-32,0
S,78185860,kdn,1140,0,1401,1520,1680,-984,-16872,37,56,-25,0
S,78195860,kdn,1140,0,1401,1520,1768,-904,-17040,24,50,-30,0
S,78205860,kdn,1140,0,1401,1520,1784,-992,-16960,28,30,-32,0
S,78215860,kdn,1140,0,1401,1520,1664,-952,-17080,43,12,-32,0
S,78225859,kdn,1140,0,1401,1520,1712,-1064,-16936,57,9,-26,0
S,78235860,kdn,1140,0,1401,1520,1736,-1016,-17016,41,14,-27,0
S,78245860,kdn,1140,0,1401,1520,1656,-888,-17096,34,21,-30,0
S,78255860,kdn,1140,0,1401,1520,1720,-1112,-17040,32,26,-30,0
S,78265860,kdn,1140,0,1401,1520,1768,-992,-17080,35,37,-30,0
S,78275860,kdn,1140,0,1401,1520,1648,-984,-16832,45,35,-29,0
S,78285860,kdn,1140,0,1401,1520,1776,-856,-17336,36,22,-34,0
S,78295860,kdn,1140,0,1401,1520,1656,-896,-16984,39,11,-28,0
S,78305860,kdn,1140,0,1401,1520,1888,-1128,-16816,37,16,-26,0
S,78315860,kdn,1140,0,1401,1520,1912,-944,-16800,49,26,-29,0
S,78325860,kdn,1140,0,1401,1520,1720,-928,-17024,40,27,-24,0
S,78335860,kdn,1140,0,1401,1520,1736,-1056,-16904,34,28,-29,0
S,78345860,kdn,1140,0,1401,1520,1752,-968,-17128,33,23,-30,0
S,78355860,kdn,1140,0,1401,1520,1744,-968,-17016,38,16,-28,0
S,78365860,kdn,1140,0,1401,1520,1688,-872,-17152,44,23,-29,0
S,78375859,kdn,1140,0,1401,1520,1712,-1040,-16920,43,18,-33,0
S,78385860,kdn,1140,0,1401,1520,1744,-768,-17024,33,23,-27,0
E,78385964,kdn,1141,0,1400,1520,,,,,,,0
S,78386596,kdn,1141,0,1400,1520,1656,-1088,-16888,37,24,-32,0
S,78396586,kdn,1141,0,1400,1520,1824,-1072,-17000,32,29,-29,0
S,78406586,kdn,1141,0,1400,1520,1760,-1024,-16984,38,21,-28,0
S,78416586,kdn,1141,0,1400,1520,1752,-1024,-17032,34,24,-27,0
S,78426586,kdn,1141,0,1400,1520,1720,-928,-16976,39,29,-31,0
S,78436585,kdn,1141,0,1400,1520,1768,-848,-16968,40,18,-31,0
S,78446586,kdn,1141,0,1400,1520,1768,-936,-16944,33,26,-28,0
S,78456585,kdn,1141,0,1400,1520,1728,-1000,-17024,41,19,-34,0
S,78466585,kdn,1141,0,1400,1520,1712,-888,-17128,41,17,-33,0
S,78476585,kdn,1141,0,1400,1520,1768,-1040,-16936,34,25,-33,0
S,78486585,kdn,1141,0,1400,1520,1792,-984,-17048,33,27,-35,0
S,78496586,kdn,1141,0,1400,1520,1800,-1120,-17152,39,19,-26,0
S,78506586,kdn,1141,0,1400,1520,1736,-960,-16960,36,22,-27,0
S,78516585,kdn,1141,0,1400,1520,1696,-976,-16920,36,22,-30,0
S,78526585,kdn,1141,0,1400,1520,1624,-992,-16896,31,21,-26,0
S,78536585,kdn,1141,0,1400,1520,1720,-1008,-17064,36,18,-26,0
S,78546585,kdn,1141,0,1400,1520,1696,-1008,-16984,35,22,-31,0
S,78556585,kdn,1141,0,1400,1520,1776,-1112,-17040,34,26,-27,0
S,78566585,kdn,1141,0,1400,1520,1696,-888,-17000,40,25,-30,0
S,78576586,kdn,1141,0,1400,1520,1824,-848,-17048,37,23,-30,0
S,78586585,kdn,1141,0,1400,1520,1744,-968,-17064,42,28,-27,0
S,78596586,kdn,1141,0,1400,1520,1720,-936,-16936,35,24,-28,0
S,78606585,kdn,1141,0,1400,1520,1688,-1008,-17160,36,23,-35,0
S,78616585,kdn,1141,0,1400,1520,1728,-912,-16976,38,19,-26,0
S,78626585,kdn,1141,0,1400,1520,1776,-1000,-17040,34,26,-30,0
S,78636585,kdn,1141,0,1400,1520,1688,-1024,-17032,38,23,-26,0
E,78636691,kdn,1142,0,1399,1520,,,,,,,0
S,78637322,kdn,1142,0,1399,1520,1768,-816,-16904,41,19,-27,0
S,78647314,kdn,1142,0,1399,1520,1664,-928,-16984,40,21,-27,0
S,78657313,kdn,1142,0,1399,1520,1704,-1040,-17096,41,21,-26,0
S,78667313,kdn,1142,0,1399,1520,1680,-896,-16960,39,18,-30,0
S,78677313,kdn,1142,0,1399,1520,1768,-896,-16960,38,17,-28,0
S,78687313,kdn,1142,0,1399,1520,1776,-968,-17064,39,23,-27,0
S,78697313,kdn,1142,0,1399,1520,1736,-856,-17000,33,18,-27,0
S,78707313,kdn,1142,0,1399,1520,1896,-936,-17056,43,20,-31,0
S,78717313,kdn,1142,0,1399,1520,1736,-1128,-17016,32,25,-27,0
S,78727313,kdn,1142,0,1399,1520,1616,-1000,-16928,42,26,-29,0
S,78737313,kdn,1142,0,1399,1520,1840,-872,-17016,36,23,-30,0
S,78747313,kdn,1142,0,1399,1520,1768,-800,-17064,41,21,-31,0
S,78757313,kdn,1142,0,1399,1520,1768,-880,-17056,38,21,-32,0
S,78767313,kdn,1142,0,1399,1520,1656,-936,-16832,40,23,-27,0
S,78777313,kdn,1142,0,1399,1520,1688,-1000,-16984,35,25,-28,0
S,78787313,kdn,1142,0,1399,1520,1672,-1048,-16864,34,21,-30,0
S,78797313,kdn,1142,0,1399,1520,1624,-968,-17016,34,30,-25,0
S,78807313,kdn,1142,0,1399,1520,1640,-1072,-17120,34,25,-28,0
S,78817313,kdn,1142,0,1399,1520,1712,-912,-17000,41,30,-24,0
S,78827313,kdn,1142,0,1399,1520,1720,-936,-16928,35,24,-32,0
S,78837313,kdn,1142,0,1399,1520,1712,-960,-17040,39,20,-30,0
S,78847313,kdn,1142,0,1399,1520,1632,-1048,-17080,41,27,-28,0
S,78857313,kdn,1142,0,1399,1520,1680,-1088,-17024,37,24,-26,0
S,78867313,kdn,1142,0,1399,1520,1776,-1000,-17024,41,21,-31,0
S,78877313,kdn,1142,0,1399,1520,1680,-960,-16992,39,21,-31,0
S,78887313,kdn,1142,0,1399,1520,1752,-944,-16936,33,26,-28,0
E,78887422,kdn,1143,0,1398,1520,,,,,,,0
S,78888053,kdn,1143,0,1398,1520,1728,-816,-16960,35,26,-26,0
S,78898045,kdn,1143,0,1398,1520,424,-1048,-17144,40,24,-27,0
S,78908043,kdn,1143,0,1398,1520,2176,-736,-16952,41,28,-30,0
S,78918043,kdn,1143,0,1398,1520,1488,-912,-17088,40,53,-26,0
S,78928043,kdn,1143,0,1398,1520,1408,-992,-17120,47,90,-24,0
S,78938043,kdn,1143,0,1398,1520,1848,-840,-16776,38,115,-34,0
S,78948043,kdn,1143,0,1398,1520,1920,-1000,-16736,22,110,-33,0
S,78958043,kdn,1143,0,1398,1520,1816,-1016,-17024,21,94,-32,0
S,78968043,kdn,1143,0,1398,1520,1784,-1056,-16968,38,77,-27,0
S,78978043,kdn,1143,0,1398,1520,1696,-968,-17064,49,54,-30,0
S,78988044,kdn,1143,0,1398,1520,1664,-1024,-17112,44,19,-25,0
S,78998043,kdn,1143,0,1398,1520,1768,-816,-16768,28,6,-30,0
S,79008043,kdn,1143,0,1398,1520,1880,-1016,-16976,28,-8,-24,0
S,79018043,kdn,1143,0,1398,1520,1816,-1008,-17136,38,-1,-28,0
S,79028043,kdn,1143,0,1398,1520,1808,-1008,-17080,48,20,-27,0
S,79038044,kdn,1143,0,1398,1520,1680,-960,-16872,44,28,-32,0
S,79048043,kdn,1143,0,1398,1520,1784,-984,-17024,29,35,-36,0
S,79058043,kdn,1143,0,1398,1520,1848,-896,-16976,21,29,-32,0
S,79068043,kdn,1143,0,1398,1520,1840,-984,-17008,39,27,-29,0
S,79078044,kdn,1143,0,1398,1520,1816,-984,-16960,43,22,-25,0
S,79088044,kdn,1143,0,1398,1520,1896,-896,-17016,42,17,-30,0
S,79098043,kdn,1143,0,1398,1520,1856,-864,-17064,31,15,-23,0
S,79108043,kdn,1143,0,1398,1520,1736,-976,-17008,35,20,-26,0
S,79118043,kdn,1143,0,1398,1520,1864,-920,-16984,39,26,-25,0
S,79128043,kdn,1143,0,1398,1520,1768,-888,-16896,46,26,-24,0
S,79138043,kdn,1143,0,1398,1520,1784,-880,-16984,40,29,-27,0
E,79138148,kdn,1144,0,1397,1520,,,,,,,0
S,79138787,kdn,1144,0,1397,1520,1904,-944,-16896,33,27,-36,0
S,79148773,kdn,1144,0,1397,1520,1760,-1000,-16984,29,20,-29,0
S,79158772,kdn,1144,0,1397,1520,1808,-1008,-17040,36,17,-30,0
S,79168772,kdn,1144,0,1397,1520,1744,-960,-16984,38,20,-26,0
S,79178772,kdn,1144,0,1397,1520,1744,-816,-16912,45,18,-28,0
S,79188772,kdn,1144,0,1397,1520,1752,-960,-16936,48,20,-29,0
S,79198772,kdn,1144,0,1397,1520,1816,-1000,-16968,35,23,-27,0
S,79208772,kdn,1144,0,1397,1520,1712,-1000,-17056,37,25,-39,0
S,79218772,kdn,1144,0,1397,1520,1840,-944,-16912,34,27,-32,0
S,79228772,kdn,1144,0,1397,1520,1728,-968,-16968,37,26,-34,0
S,79238772,kdn,1144,0,1397,1520,1752,-920,-16872,41,28,-29,0
S,79248772,kdn,1144,0,1397,1520,1856,-872,-16984,35,24,-33,0
S,79258772,kdn,1144,0,1397,1520,1744,-952,-16984,30,20,-30,0
S,79268772,kdn,1144,0,1397,1520,1656,-984,-16872,37,25,-28,0
S,79278772,kdn,1144,0,1397,1520,1736,-896,-17112,40,21,-30,0
S,79288772,kdn,1144,0,1397,1520,1760,-992,-17000,41,27,-31,0
S,79298772,kdn,1144,0,1397,1520,1712,-1104,-17056,29,21,-30,0
S,79308772,kdn,1144,0,1397,1520,1872,-1056,-16984,38,21,-25,0
S,79318772,kdn,1144,0,1397,1520,1752,-872,-16832,35,18,-29,0
S,79328772,kdn,1144,0,1397,1520,1800,-960,-17008,42,25,-31,0
S,79338772,kdn,1144,0,1397,1520,1832,-1032,-16928,42,20,-33,0
S,79348772,kdn,1144,0,1397,1520,1768,-960,-17008,38,27,-27,0
S,79358772,kdn,1144,0,1397,1520,1824,-872,-16952,39,25,-29,0
S,79368772,kdn,1144,0,1397,1520,1664,-1000,-17056,37,20,-29,0
S,79378772,kdn,1144,0,1397,1520,1880,-1008,-16880,37,19,-28,0
S,79388772,kdn,1144,0,1397,1520,1912,-856,-17160,34,19,-33,0
E,79388877,kdn,1145,0,1396,1520,,,,,,,0
S,79389508,kdn,1145,0,1396,1520,1992,-968,-17152,37,21,-28,0
S,79399498,kdn,1145,0,1396,1520,1832,-944,-16872,41,26,-29,0
S,79409497,kdn,1145,0,1396,1520,1768,-936,-17016,39,19,-28,0
S,79419497,kdn,1145,0,1396,1520,1824,-952,-16872,42,20,-29,0
S,79429497,kdn,1145,0,1396,1520,1736,-912,-17096,31,30,-31,0
S,79439497,kdn,1145,0,1396,1520,1688,-936,-17088,33,18,-26,0
S,79449497,kdn,1145,0,1396,1520,1720,-1136,-17040,39,27,-25,0
S,79459497,kdn,1145,0,1396,1520,1784,-928,-16960,38,18,-34,0
S,79469497,kdn,1145,0,1396,1520,1824,-1000,-16968,37,27,-22,0
S,79479497,kdn,1145,0,1396,1520,1832,-976,-16952,41,22,-29,0
S,79489497,kdn,1145,0,1396,1520,1800,-1000,-17016,38,20,-31,0
S,79499497,kdn,1145,0,1396,1520,1808,-1008,-17032,32,26,-28,0
S,79509497,kdn,1145,0,1396,1520,1880,-872,-16960,44,24,-26,0
S,79519497,kdn,1145,0,1396,1520,1840,-944,-16984,34,25,-28,0
S,79529497,kdn,1145,0,1396,1520,1792,-1016,-17000,38,26,-30,0
S,79539497,kdn,1145,0,1396,1520,1728,-968,-17024,37,19,-27,0
S,79549497,kdn,1145,0,1396,1520,1640,-1072,-17072,36,21,-28,0
S,79559497,kdn,1145,0,1396,1520,1768,-992,-17064,35,20,-28,0
S,79569497,kdn,1145,0,1396,1520,1616,-976,-17064,39,28,-28,0
S,79579497,kdn,1145,0,1396,1520,1696,-1112,-16968,32,26,-26,0
S,79589497,kdn,1145,0,1396,1520,1624,-1008,-17048,37,31,-25,0
S,79599497,kdn,1145,0,1396,1520,1840,-992,-17016,34,25,-24,0
S,79609497,kdn,1145,0,1396,1520,1784,-1056,-17040,36,27,-30,0
S,79619497,kdn,1145,0,1396,1520,1784,-840,-16936,43,25,-21,0
S,79629497,kdn,1145,0,1396,1520,1872,-984,-16952,37,26,-26,0
S,79639497,kdn,1145,0,1396,1520,1616,-888,-16936,37,21,-27,0
E,79639602,kdn,1146,0,1395,1520,,,,,,,0
S,79640235,kdn,1146,0,1395,1520,1856,-1016,-16936,41,22,-23,0
S,79650230,kdn,1146,0,1395,1520,968,-1184,-17048,39,25,-34,0
S,79660227,kdn,1146,0,1395,1520,2896,-512,-17072,38,28,-32,0
S,79670227,kdn,1146,0,1395,1520,1880,-976,-16928,39,58,-28,0
S,79680227,kdn,1146,0,1395,1520,1600,-920,-16888,54,77,-28,0
S,79690227,kdn,1146,0,1395,1520,1832,-960,-16888,37,85,-34,0
S,79700227,kdn,1146,0,1395,1520,1752,-1072,-16832,19,66,-31,0
S,79710226,kdn,1146,0,1395,1520,1808,-1040,-16992,28,46,-31,0
S,79720227,kdn,1146,0,1395,1520,1752,-872,-16904,43,15,-23,0
S,79730227,kdn,1146,0,1395,1520,1720,-896,-16936,51,0,-24,0
S,79740227,kdn,1146,0,1395,1520,1688,-1088,-17096,44,2,-26,0
S,79750227,kdn,1146,0,1395,1520,1672,-872,-17056,36,19,-24,0
S,79760227,kdn,1146,0,1395,1520,1776,-1088,-17136,25,30,-34,0
S,79770226,kdn,1146,0,1395,1520,1840,-984,-16968,34,42,-35,0
S,79780227,kdn,1146,0,1395,1520,1840,-1088,-16960,44,38,-33,0
S,79790227,kdn,1146,0,1395,1520,1960,-936,-16904,39,29,-26,0
S,79800227,kdn,1146,0,1395,1520,1832,-1008,-17056,38,12,-29,0
S,79810227,kdn,1146,0,1395,1520,1808,-904,-16976,36,9,-28,0
S,79820227,kdn,1146,0,1395,1520,1896,-904,-17024,45,12,-26,0
S,79830227,kdn,1146,0,1395,1520,1824,-936,-17000,40,26,-24,0
S,79840226,kdn,1146,0,1395,1520,1720,-976,-17016,36,29,-27,0
S,79850227,kdn,1146,0,1395,1520,1816,-992,-17072,32,30,-33,0
S,79860227,kdn,1146,0,1395,1520,1784,-1096,-16976,33,29,-26,0
S,79870226,kdn,1146,0,1395,1520,1992,-952,-17040,38,19,-29,0
S,79880227,kdn,1146,0,1395,1520,1832,-992,-16960,42,22,-32,0
S,79890227,kdn,1146,0,1395,1520,1784,-1096,-16944,33,14,-25,0
E,79890332,kdn,1147,0,1394,1520,,,,,,,0
S,79890968,kdn,1147,0,1394,1520,1792,-976,-17032,27,19,-28,0
S,79900958,kdn,1147,0,1394,1520,1720,-968,-17056,31,25,-27,0
S,79910957,kdn,1147,0,1394,1520,1784,-1000,-17024,34,22,-32,0
S,79920957,kdn,1147,0,1394,1520,1800,-992,-16880,35,22,-33,0
S,79930957,kdn,1147,0,1394,1520,1872,-888,-16960,38,26,-30,0
S,79940957,kdn,1147,0,1394,1520,1816,-920,-17032,34,29,-25,0
S,79950957,kdn,1147,0,1394,1520,1752,-1008,-17032,33,20,-24,0
S,79960957,kdn,1147,0,1394,1520,1864,-1088,-17056,40,20,-17,0
S,79970957,kdn,1147,0,1394,1520,1736,-1080,-16920,44,19,-36,0
S,79980957,kdn,1147,0,1394,1520,1872,-976,-17000,42,27,-33,0
S,79990957,kdn,1147,0,1394,1520,1832,-1104,-17016,35,25,-28,0
S,80000957,kdn,1147,0,1394,1520,1840,-912,-17048,35,20,-29,0
S,80010957,kdn,1147,0,1394,1520,1832,-816,-17056,39,26,-25,0
S,80020957,kdn,1147,0,1394,1520,1792,-824,-17032,39,23,-24,0
S,80030957,kdn,1147,0,1394,1520,1896,-944,-16864,40,18,-28,0
S,80040957,kdn,1147,0,1394,1520,1848,-848,-17072,37,24,-34,0
S,80050957,kdn,1147,0,1394,1520,1768,-952,-16952,35,23,-28,0
S,80060957,kdn,1147,0,1394,1520,1840,-992,-16936,41,25,-30,0
S,80070957,kdn,1147,0,1394,1520,1816,-896,-17024,44,26,-30,0
S,80080957,kdn,1147,0,1394,1520,1824,-1208,-17048,33,23,-32,0
S,80090957,kdn,1147,0,1394,1520,1680,-984,-17120,40,20,-26,0
S,80100957,kdn,1147,0,1394,1520,1664,-784,-17016,34,22,-30,0
S,80110957,kdn,1147,0,1394,1520,1632,-1032,-16992,34,24,-30,0
S,80120957,kdn,1147,0,1394,1520,1792,-1024,-17040,37,24,-30,0
S,80130957,kdn,1147,0,1394,1520,1680,-840,-17000,37,28,-25,0
S,80140957,kdn,1147,0,1394,1520,1800,-888,-17088,37,23,-28,0
E,80141062,kdn,1148,0,1393,1520,,,,,,,0
S,80141693,kdn,1148,0,1393,1520,1856,-960,-16952,36,25,-27,0
S,80151685,kdn,1148,0,1393,1520,1824,-1000,-17176,35,22,-31,0
S,80161683,kdn,1148,0,1393,1520,1760,-872,-16936,42,21,-29,0
S,80171683,kdn,1148,0,1393,1520,1936,-952,-16992,42,23,-28,0
S,80181683,kdn,1148,0,1393,1520,1872,-888,-17064,40,20,-27,0
S,80191683,kdn,1148,0,1393,1520,1752,-864,-16984,36,26,-31,0
S,80201683,kdn,1148,0,1393,1520,1896,-1056,-16992,34,23,-32,0
S,80211683,kdn,1148,0,1393,1520,1864,-944,-17048,43,22,-32,0
S,80221683,kdn,1148,0,1393,1520,1784,-944,-16952,39,25,-28,0
S,80231683,kdn,1148,0,1393,1520,1736,-912,-17064,41,25,-32,0
S,80241683,kdn,1148,0,1393,1520,1816,-1056,-16992,36,20,-30,0
S,80251683,kdn,1148,0,1393,1520,1856,-992,-17072,39,20,-33,0
S,80261683,kdn,1148,0,1393,1520,1816,-968,-16992,33,20,-31,0
S,80271684,kdn,1148,0,1393,1520,1856,-912,-16960,38,19,-25,0
S,80281683,kdn,1148,0,1393,1520,1784,-976,-17064,35,22,-31,0
S,80291683,kdn,1148,0,1393,1520,1808,-984,-16960,31,22,-29,0
S,80301683,kdn,1148,0,1393,1520,1752,-1032,-17112,38,27,-28,0
S,80311684,kdn,1148,0,1393,1520,1824,-896,-16992,40,21,-34,0
S,80321683,kdn,1148,0,1393,1520,1840,-976,-17088,40,29,-32,0
S,80331683,kdn,1148,0,1393,1520,1808,-912,-16936,40,25,-30,0
S,80341683,kdn,1148,0,1393,1520,1816,-904,-16952,35,22,-28,0
S,80351683,kdn,1148,0,1393,1520,1848,-1024,-16920,37,20,-30,0
S,80361683,kdn,1148,0,1393,1520,1880,-960,-17000,41,27,-28,0
S,80371683,kdn,1148,0,1393,1520,1784,-1048,-16904,38,20,-28,0
S,80381683,kdn,1148,0,1393,1520,1664,-960,-16920,36,22,-33,0
S,80391683,kdn,1148,0,1393,1520,1808,-928,-16912,42,27,-31,0
E,80391788,kdn,1149,0,1392,1520,,,,,,,0
S,80392420,kdn,1149,0,1392,1520,1832,-832,-17032,37,20,-34,0
S,80402412,kdn,1149,0,1392,1520,1816,-1048,-17104,37,22,-25,0
S,80412411,kdn,1149,0,1392,1520,3968,1680,-16952,47,15,-34,0
S,80422410,kdn,1149,0,1392,1520,2088,-1448,-17304,33,10,-25,0
S,80432410,kdn,1149,0,1392,1520,1736,-232,-17200,31,20,-28,0
S,80442411,kdn,1149,0,1392,1520,2448,-1040,-17088,48,40,-27,0
S,80452410,kdn,1149,0,1392,1520,1768,-1000,-17048,59,77,-30,0
S,80462410,kdn,1149,0,1392,1520,1904,-1040,-17208,35,87,-31,0
S,80472411,kdn,1149,0,1392,1520,1752,-944,-17072,12,77,-28,0
S,80482411,kdn,1149,0,1392,1520,1792,-944,-16936,17,48,-29,0
S,80492410,kdn,1149,0,1392,1520,1880,-1072,-16792,44,21,-26,0
S,80502410,kdn,1149,0,1392,1520,1824,-872,-16840,59,1,-26,0
S,80512410,kdn,1149,0,1392,1520,1864,-800,-17048,47,-2,-34,0
S,80522411,kdn,1149,0,1392,1520,1864,-848,-17048,33,4,-27,0
S,80532410,kdn,1149,0,1392,1520,1864,-912,-16928,20,26,-30,0
S,80542410,kdn,1149,0,1392,1520,1832,-872,-17144,38,45,-32,0
S,80552410,kdn,1149,0,1392,1520,1712,-992,-16984,42,41,-28,0
S,80562410,kdn,1149,0,1392,1520,1936,-856,-16992,41,31,-28,0
S,80572410,kdn,1149,0,1392,1520,1864,-1024,-16992,31,14,-23,0
S,80582411,kdn,1149,0,1392,1520,1848,-976,-16920,32,7,-25,0
S,80592410,kdn,1149,0,1392,1520,1864,-1032,-16952,42,19,-26,0
S,80602410,kdn,1149,0,1392,1520,1880,-920,-17104,46,26,-29,0
S,80612410,kdn,1149,0,1392,1520,1944,-880,-17032,43,31,-28,0
S,80622410,kdn,1149,0,1392,1520,1792,-1024,-17016,30,32,-26,0
S,80632410,kdn,1149,0,1392,1520,1832,-944,-16960,30,27,-24,0
S,80642410,kdn,1149,0,1392,1520,1816,-1056,-16936,42,22,-30,0
E,80642516,kdn,1150,0,1391,1520,,,,,,,0
S,80643147,kdn,1150,0,1391,1520,1856,-1000,-16968,45,20,-30,0
S,80653139,kdn,1150,0,1391,1520,1928,-968,-16968,45,15,-31,0
S,80663137,kdn,1150,0,1391,1520,2008,-936,-16880,43,23,-29,0
S,80673137,kdn,1150,0,1391,1520,1832,-944,-16968,34,21,-21,0
S,80683137,kdn,1150,0,1391,1520,1800,-968,-16944,39,25,-27,0
S,80693137,kdn,1150,0,1391,1520,1880,-1008,-16912,45,27,-25,0
S,80703137,kdn,1150,0,1391,1520,1736,-960,-17056,46,30,-30,0
S,80713137,kdn,1150,0,1391,1520,1720,-928,-17008,35,27,-30,0
S,80723137,kdn,1150,0,1391,1520,1840,-904,-17128,36,23,-27,0
S,80733137,kdn,1150,0,1391,1520,1792,-984,-16936,37,15,-28,0
S,80743137,kdn,1150,0,1391,1520,1888,-976,-17024,42,25,-26,0
S,80753137,kdn,1150,0,1391,1520,1864,-968,-16944,39,27,-32,0
S,80763137,kdn,1150,0,1391,1520,1816,-832,-16904,34,25,-29,0
S,80773137,kdn,1150,0,1391,1520,1928,-968,-17128,33,21,-26,0
S,80783137,kdn,1150,0,1391,1520,1856,-872,-17088,39,24,-34,0
S,80793137,kdn,1150,0,1391,1520,1912,-912,-16824,40,25,-31,0
S,80803137,kdn,1150,0,1391,1520,1776,-1064,-16904,44,24,-24,0
S,80813137,kdn,1150,0,1391,1520,1864,-944,-16960,35,16,-21,0
S,80823137,kdn,1150,0,1391,1520,1872,-888,-16952,31,26,-27,0
S,80833137,kdn,1150,0,1391,1520,1808,-1056,-17072,41,25,-30,0
S,80843137,kdn,1150,0,1391,1520,1864,-1056,-16920,46,33,-30,0
S,80853137,kdn,1150,0,1391,1520,1848,-1000,-16920,36,20,-29,0
S,80863137,kdn,1150,0,1391,1520,1920,-840,-17048,34,24,-25,0
S,80873137,kdn,1150,0,1391,1520,1928,-1032,-17000,36,19,-27,0
S,80883137,kdn,1150,0,1391,1520,1936,-984,-16960,42,20,-28,0
S,80893137,kdn,1150,0,1391,1520,1872,-1016,-17008,39,28,-23,0
E,80893246,kdn,1151,0,1390,1520,,,,,,,0
S,80893889,kdn,1151,0,1390,1520,1832,-952,-16896,45,25,-30,0
S,80903876,kdn,1151,0,1390,1520,816,-1312,-16864,37,23,-23,0
S,80913873,kdn,1151,0,1390,1520,1912,-1024,-16960,37,27,-33,0
S,80923873,kdn,1151,0,1390,1520,1864,-1216,-16992,32,38,-31,0
S,80933873,kdn,1151,0,1390,1520,2088,-1048,-16936,45,63,-27,0
S,80943873,kdn,1151,0,1390,1520,1408,-1272,-16944,43,86,-32,0
S,80953873,kdn,1151,0,1390,1520,2368,-896,-16888,32,97,-33,0
S,80963873,kdn,1151,0,1390,1520,1968,-1008,-16728,17,86,-33,0
S,80973874,kdn,1151,0,1390,1520,1968,-1088,-16864,34,76,-38,0
S,80983874,kdn,1151,0,1390,1520,2016,-936,-16928,43,55,-33,0
S,80993873,kdn,1151,0,1390,1520,1784,-968,-16928,50,34,-37,0
S,81003873,kdn,1151,0,1390,1520,2000,-872,-16896,34,15,-26,0
S,81013873,kdn,1151,0,1390,1520,1952,-1112,-16936,28,-4,-30,0
S,81023873,kdn,1151,0,1390,1520,2040,-1024,-16912,33,-4,-35,0
S,81033874,kdn,1151,0,1390,1520,1984,-864,-17040,48,13,-30,0
S,81043875,kdn,1151,0,1390,1520,1960,-792,-16912,40,21,-27,0
S,81053874,kdn,1151,0,1390,1520,1840,-928,-16952,35,33,-30,0
S,81063874,kdn,1151,0,1390,1520,1888,-888,-16872,26,37,-28,0
S,81073873,kdn,1151,0,1390,1520,1784,-824,-16968,34,27,-36,0
S,81083873,kdn,1151,0,1390,1520,1896,-1048,-16936,45,21,-24,0
S,81093873,kdn,1151,0,1390,1520,1912,-984,-16992,50,16,-30,0
S,81103873,kdn,1151,0,1390,1520,1976,-888,-16976,41,16,-23,0
S,81113873,kdn,1151,0,1390,1520,2000,-904,-17088,32,19,-23,0
S,81123874,kdn,1151,0,1390,1520,1944,-960,-16920,32,29,-32,0
S,81133873,kdn,1151,0,1390,1520,1888,-984,-16904,40,34,-29,0
S,81143873,kdn,1151,0,1390,1520,2008,-904,-17048,39,29,-31,0
E,81143978,kdn,1152,0,1389,1520,,,,,,,0
S,81144609,kdn,1152,0,1389,1520,1904,-912,-16936,39,29,-31,0
S,81154599,kdn,1152,0,1389,1520,1976,-976,-16952,33,21,-23,0
S,81164598,kdn,1152,0,1389,1520,1880,-952,-16872,34,15,-27,0
S,81174598,kdn,1152,0,1389,1520,1944,-960,-16928,33,14,-23,0
S,81184598,kdn,1152,0,1389,1520,1864,-808,-17072,48,19,-29,0
S,81194598,kdn,1152,0,1389,1520,1864,-896,-17088,36,24,-31,0
S,81204598,kdn,1152,0,1389,1520,1912,-960,-17016,39,24,-27,0
S,81214598,kdn,1152,0,1389,1520,1832,-1040,-16952,37,23,-26,0
S,81224598,kdn,1152,0,1389,1520,1928,-904,-16888,35,22,-34,0
S,81234598,kdn,1152,0,1389,1520,1888,-1024,-16968,38,19,-29,0
S,81244598,kdn,1152,0,1389,1520,1912,-856,-16912,45,17,-27,0
S,81254598,kdn,1152,0,1389,1520,1976,-1024,-16896,34,26,-21,0
S,81264598,kdn,1152,0,1389,1520,1880,-840,-16912,31,24,-34,0
S,81274598,kdn,1152,0,1389,1520,1824,-928,-16888,34,27,-30,0
S,81284598,kdn,1152,0,1389,1520,1872,-1072,-16872,38,25,-26,0
S,81294598,kdn,1152,0,1389,1520,1808,-904,-17032,40,24,-27,0
S,81304598,kdn,1152,0,1389,1520,2000,-1160,-16944,36,27,-32,0
S,81314598,kdn,1152,0,1389,1520,1904,-936,-16896,41,18,-27,0
S,81324598,kdn,1152,0,1389,1520,1952,-944,-17088,37,21,-26,0
S,81334598,kdn,1152,0,1389,1520,1976,-1064,-16960,39,22,-23,0
S,81344598,kdn,1152,0,1389,1520,1992,-1016,-16984,39,22,-25,0
S,81354598,kdn,1152,0,1389,1520,1896,-1048,-16904,38,17,-26,0
S,81364598,kdn,1152,0,1389,1520,1920,-936,-16944,39,21,-25,0
S,81374598,kdn,1152,0,1389,1520,1896,-1040,-17080,38,27,-28,0
S,81384598,kdn,1152,0,1389,1520,1904,-1016,-16976,40,28,-28,0
S,81394598,kdn,1152,0,1389,1520,1840,-1104,-16888,38,24,-33,0
E,81394704,kdn,1153,0,1388,1520,,,,,,,0
S,81395335,kdn,1153,0,1388,1520,1968,-912,-16976,39,22,-35,0
S,81405325,kdn,1153,0,1388,1520,1888,-976,-16912,36,20,-29,0
S,81415324,kdn,1153,0,1388,1520,1944,-1008,-16984,38,23,-29,0
S,81425324,kdn,1153,0,1388,1520,1904,-1016,-16960,37,21,-32,0
S,81435324,kdn,1153,0,1388,1520,1856,-1064,-17000,43,24,-28,0
S,81445325,kdn,1153,0,1388,1520,1960,-1080,-16880,40,23,-28,0
S,81455325,kdn,1153,0,1388,1520,1984,-952,-17056,32,22,-31,0
S,81465324,kdn,1153,0,1388,1520,2016,-1032,-16976,32,22,-27,0
S,81475324,kdn,1153,0,1388,1520,1920,-952,-16944,37,20,-26,0
S,81485324,kdn,1153,0,1388,1520,2040,-888,-16952,40,21,-30,0
S,81495324,kdn,1153,0,1388,1520,2048,-928,-16976,43,20,-36,0
S,81505324,kdn,1153,0,1388,1520,1872,-1064,-16880,38,26,-28,0
S,81515324,kdn,1153,0,1388,1520,1856,-976,-16912,34,24,-27,0
S,81525325,kdn,1153,0,1388,1520,1992,-880,-16976,35,23,-28,0
S,81535325,kdn,1153,0,1388,1520,1856,-968,-16968,35,17,-26,0
S,81545324,kdn,1153,0,1388,1520,1856,-1016,-16880,37,20,-29,0
S,81555324,kdn,1153,0,1388,1520,1792,-1064,-16952,36,20,-34,0
S,81565324,kdn,1153,0,1388,1520,2016,-952,-16944,32,20,-30,0
S,81575324,kdn,1153,0,1388,1520,1992,-1040,-16944,39,21,-24,0
S,81585325,kdn,1153,0,1388,1520,1792,-960,-17096,42,18,-28,0
S,81595324,kdn,1153,0,1388,1520,1992,-880,-16952,35,21,-32,0
S,81605324,kdn,1153,0,1388,1520,1944,-1096,-17016,34,23,-28,0
S,81615324,kdn,1153,0,1388,1520,1888,-976,-16864,43,21,-29,0
S,81625325,kdn,1153,0,1388,1520,1944,-880,-17016,44,20,-29,0
S,81635325,kdn,1153,0,1388,1520,1872,-1016,-17032,37,26,-29,0
S,81645324,kdn,1153,0,1388,1520,1944,-936,-16904,40,25,-26,0
E,81645433,kdn,1154,0,1387,1520,,,,,,,0
S,81646065,kdn,1154,0,1387,1520,1960,-912,-16944,40,25,-26,0
S,81656055,kdn,1154,0,1387,1520,1632,-808,-17000,37,22,-21,0
S,81666054,kdn,1154,0,1387,1520,2056,-616,-16968,42,35,-28,0
S,81676054,kdn,1154,0,1387,1520,1928,-960,-17056,47,76,-17,0
S,81686055,kdn,1154,0,1387,1520,1808,-1024,-16904,53,100,-28,0
S,81696054,kdn,1154,0,1387,1520,1920,-928,-17112,29,106,-33,0
S,81706054,kdn,1154,0,1387,1520,1984,-952,-16976,16,74,-31,0
S,81716054,kdn,1154,0,1387,1520,1880,-1080,-17032,25,52,-35,0
S,81726054,kdn,1154,0,1387,1520,1896,-1040,-17008,48,32,-33,0
S,81736054,kdn,1154,0,1387,1520,1856,-944,-16792,52,12,-32,0
S,81746054,kdn,1154,0,1387,1520,1792,-920,-16912,40,6,-25,0
S,81756054,kdn,1154,0,1387,1520,2104,-816,-16960,28,8,-29,0
S,81766054,kdn,1154,0,1387,1520,1896,-960,-16952,38,20,-30,0
S,81776054,kdn,1154,0,1387,1520,1968,-984,-16920,51,36,-29,0
S,81786054,kdn,1154,0,1387,1520,1904,-984,-16856,43,39,-28,0
S,81796054,kdn,1154,0,1387,1520,1968,-968,-16992,32,30,-31,0
S,81806055,kdn,1154,0,1387,1520,1992,-1048,-16968,22,16,-25,0
S,81816054,kdn,1154,0,1387,1520,1880,-1112,-16920,34,10,-27,0
S,81826054,kdn,1154,0,1387,1520,1984,-1088,-17000,45,15,-27,0
S,81836054,kdn,1154,0,1387,1520,2016,-952,-17088,48,22,-31,0
S,81846054,kdn,1154,0,1387,1520,1936,-944,-17048,35,25,-26,0
S,81856055,kdn,1154,0,1387,1520,1920,-928,-17056,32,29,-28,0
S,81866054,kdn,1154,0,1387,1520,1968,-1072,-16992,34,25,-29,0
S,81876054,kdn,1154,0,1387,1520,1928,-968,-16992,40,26,-26,0
S,81886054,kdn,1154,0,1387,1520,1912,-992,-17032,44,20,-30,0
S,81896055,kdn,1154,0,1387,1520,2048,-880,-17032,38,15,-27,0
E,81896159,kdn,1155,0,1386,1520,,,,,,,0
S,81896795,kdn,1155,0,1386,1520,2072,-1000,-17056,36,18,-32,0
S,81906786,kdn,1155,0,1386,1520,1888,-920,-16928,26,19,-33,0
S,81916784,kdn,1155,0,1386,1520,1928,-1016,-17000,42,29,-29,0
S,81926785,kdn,1155,0,1386,1520,1960,-1024,-17008,40,32,-33,0
S,81936784,kdn,1155,0,1386,1520,1912,-992,-17056,37,27,-28,0
S,81946785,kdn,1155,0,1386,1520,1936,-968,-17080,33,19,-28,0
S,81956784,kdn,1155,0,1386,1520,2080,-1080,-16880,38,18,-27,0
S,81966784,kdn,1155,0,1386,1520,2040,-1072,-16968,42,18,-27,0
S,81976784,kdn,1155,0,1386,1520,1992,-1000,-16992,46,25,-29,0
S,81986784,kdn,1155,0,1386,1520,1944,-984,-16952,43,28,-27,0
S,81996785,kdn,1155,0,1386,1520,1872,-888,-17000,32,23,-30,0
S,82006784,kdn,1155,0,1386,1520,1880,-776,-16872,35,16,-31,0
S,82016785,kdn,1155,0,1386,1520,1960,-952,-16968,36,26,-33,0
S,82026785,kdn,1155,0,1386,1520,1832,-960,-17008,45,18,-35,0
S,82036784,kdn,1155,0,1386,1520,1944,-936,-17064,39,23,-31,0
S,82046784,kdn,1155,0,1386,1520,1920,-952,-17024,36,25,-32,0
S,82056785,kdn,1155,0,1386,1520,2000,-976,-17072,35,20,-31,0
S,82066785,kdn,1155,0,1386,1520,2000,-1040,-17176,39,25,-28,0
S,82076785,kdn,1155,0,1386,1520,1976,-1064,-17176,45,28,-30,0
S,82086784,kdn,1155,0,1386,1520,1928,-888,-16864,37,21,-34,0
S,82096785,kdn,1155,0,1386,1520,1976,-848,-16920,30,28,-27,0
S,82106784,kdn,1155,0,1386,1520,2024,-816,-16952,35,20,-30,0
S,82116784,kdn,1155,0,1386,1520,1976,-952,-16952,44,20,-32,0
S,82126785,kdn,1155,0,1386,1520,2128,-880,-16984,45,24,-27,0
S,82136785,kdn,1155,0,1386,1520,2008,-976,-16792,41,30,-32,0
S,82146785,kdn,1155,0,1386,1520,1952,-1128,-17400,36,28,-30,0
E,82146890,kdn,1156,0,1385,1520,,,,,,,0
S,82147522,kdn,1156,0,1385,1520,1800,-1120,-17632,36,28,-30,0
S,82157512,kdn,1156,0,1385,1520,1544,-1064,-17688,36,19,-24,0
S,82167511,kdn,1156,0,1385,1520,1656,-920,-17440,43,11,-27,0
S,82177511,kdn,1156,0,1385,1520,2272,-928,-16768,44,23,-33,0
S,82187511,kdn,1156,0,1385,1520,2320,-848,-16584,40,29,-30,0
S,82197511,kdn,1156,0,1385,1520,2176,-928,-16600,25,27,-28,0
S,82207511,kdn,1156,0,1385,1520,2136,-1056,-16760,32,28,-29,0
S,82217511,kdn,1156,0,1385,1520,1952,-792,-17120,44,22,-23,0
S,82227511,kdn,1156,0,1385,1520,1968,-952,-17024,40,20,-30,0
S,82237511,kdn,1156,0,1385,1520,2080,-944,-17016,32,27,-27,0
S,82247512,kdn,1156,0,1385,1520,2032,-784,-16768,35,32,-26,0
S,82257511,kdn,1156,0,1385,1520,1936,-920,-16968,41,21,-30,0
S,82267511,kdn,1156,0,1385,1520,1968,-912,-17128,48,17,-25,0
S,82277511,kdn,1156,0,1385,1520,1976,-1008,-16856,37,22,-30,0
S,82287511,kdn,1156,0,1385,1520,2040,-960,-16920,38,15,-30,0
S,82297511,kdn,1156,0,1385,1520,1936,-1008,-17056,41,20,-34,0
S,82307511,kdn,1156,0,1385,1520,1976,-864,-16952,33,24,-26,0
S,82317511,kdn,1156,0,1385,1520,2016,-1048,-17088,41,27,-34,0
S,82327511,kdn,1156,0,1385,1520,1944,-1016,-17064,41,28,-32,0
S,82337511,kdn,1156,0,1385,1520,1888,-1000,-17120,37,22,-27,0
S,82347511,kdn,1156,0,1385,1520,2120,-976,-16856,37,23,-32,0
S,82357511,kdn,1156,0,1385,1520,2072,-984,-16864,38,25,-32,0
S,82367511,kdn,1156,0,1385,1520,1912,-984,-16936,39,23,-31,0
S,82377511,kdn,1156,0,1385,1520,1896,-992,-16888,41,26,-24,0
S,82387511,kdn,1156,0,1385,1520,1864,-912,-16984,33,25,-27,0
S,82397512,kdn,1156,0,1385,1520,1976,-1064,-16864,36,24,-32,0
E,82397617,kdn,1157,0,1384,1520,,,,,,,0
S,82398257,kdn,1157,0,1384,1520,1912,-944,-16872,37,22,-28,0
S,82408246,kdn,1157,0,1384,1520,1400,-1056,-17160,40,22,-29,0
S,82418246,kdn,1157,0,1384,1520,1920,-792,-17112,40,25,-29,0
S,82428246,kdn,1157,0,1384,1520,1864,-928,-17048,45,44,-28,0
S,82438246,kdn,1157,0,1384,1520,1984,-904,-16992,41,42,-30,0
S,82448246,kdn,1157,0,1384,1520,1928,-968,-17120,34,37,-28,0
S,82458246,kdn,1157,0,1384,1520,2072,-904,-17088,33,30,-29,0
S,82468246,kdn,1157,0,1384,1520,1960,-968,-16968,36,16,-27,0
S,82478246,kdn,1157,0,1384,1520,1872,-888,-17040,43,14,-25,0
S,82488246,kdn,1157,0,1384,1520,2024,-896,-17040,43,16,-28,0
S,82498246,kdn,1157,0,1384,1520,1928,-1088,-16872,41,17,-26,0
S,82508246,kdn,1157,0,1384,1520,2048,-1048,-16912,31,28,-28,0
S,82518246,kdn,1157,0,1384,1520,2048,-1000,-16904,36,27,-32,0
S,82528246,kdn,1157,0,1384,1520,2056,-936,-16904,38,28,-25,0
S,82538246,kdn,1157,0,1384,1520,1976,-984,-16960,41,19,-25,0
S,82548246,kdn,1157,0,1384,1520,1976,-808,-17048,36,18,-32,0
S,82558246,kdn,1157,0,1384,1520,1912,-992,-17104,39,18,-30,0
S,82568246,kdn,1157,0,1384,1520,2000,-968,-17200,37,16,-31,0
S,82578246,kdn,1157,0,1384,1520,1968,-1064,-16968,35,21,-33,0
S,82588246,kdn,1157,0,1384,1520,2040,-1016,-17056,39,23,-27,0
S,82598246,kdn,1157,0,1384,1520,1864,-880,-16928,38,27,-22,0
S,82608246,kdn,1157,0,1384,1520,1904,-1080,-16952,37,17,-26,0
S,82618246,kdn,1157,0,1384,1520,2000,-984,-17008,37,22,-28,0
S,82628246,kdn,1157,0,1384,1520,1928,-960,-17008,37,19,-27,0
S,82638246,kdn,1157,0,1384,1520,1912,-856,-17056,35,21,-27,0
S,82648246,kdn,1157,0,1384,1520,2032,-984,-16888,36,19,-28,0
E,82648350,kdn,1158,0,1383,1520,,,,,,,0
S,82648986,kdn,1158,0,1383,1520,2032,-984,-16888,36,19,-28,0
S,82658976,kdn,1158,0,1383,1520,1944,-928,-16984,35,27,-29,0
S,82668975,kdn,1158,0,1383,1520,1928,-1016,-16832,37,27,-34,0
S,82678975,kdn,1158,0,1383,1520,2000,-856,-16968,41,20,-32,0
S,82688975,kdn,1158,0,1383,1520,2056,-888,-16936,35,20,-25,0
S,82698975,kdn,1158,0,1383,1520,2008,-936,-16880,36,23,-32,0
S,82708975,kdn,1158,0,1383,1520,1968,-1024,-17008,36,19,-25,0
S,82718975,kdn,1158,0,1383,1520,1984,-992,-16928,45,22,-26,0
S,82728975,kdn,1158,0,1383,1520,1920,-968,-16944,42,22,-32,0
S,82738975,kdn,1158,0,1383,1520,1992,-984,-16984,37,26,-33,0
S,82748975,kdn,1158,0,1383,1520,1928,-992,-16992,36,22,-25,0
S,82758975,kdn,1158,0,1383,1520,1960,-1040,-17088,40,19,-28,0
S,82768975,kdn,1158,0,1383,1520,1936,-1040,-16896,38,24,-24,0
S,82778975,kdn,1158,0,1383,1520,2024,-840,-17032,35,20,-28,0
S,82788975,kdn,1158,0,1383,1520,1888,-896,-16936,39,27,-24,0
S,82798975,kdn,1158,0,1383,1520,1888,-888,-17016,39,25,-32,0
S,82808975,kdn,1158,0,1383,1520,2016,-1008,-16888,38,19,-31,0
S,82818975,kdn,1158,0,1383,1520,1872,-960,-16928,36,21,-29,0
S,82828975,kdn,1158,0,1383,1520,1920,-952,-17096,39,24,-31,0
S,82838975,kdn,1158,0,1383,1520,2040,-952,-17088,44,17,-27,0
S,82848975,kdn,1158,0,1383,1520,2096,-1104,-16992,39,23,-30,0
S,82858975,kdn,1158,0,1383,1520,2056,-912,-16928,43,16,-24,0
S,82868975,kdn,1158,0,1383,1520,1984,-1008,-17040,36,25,-32,0
S,82878975,kdn,1158,0,1383,1520,1920,-1040,-16944,32,26,-33,0
S,82888975,kdn,1158,0,1383,1520,1936,-1064,-16992,39,20,-21,0
S,82898975,kdn,1158,0,1383,1520,1896,-888,-16976,38,24,-23,0
E,82899080,kdn,1159,0,1382,1520,,,,,,,0
S,82899712,kdn,1159,0,1382,1520,1928,-1008,-17016,38,26,-20,0
S,82909703,kdn,1159,0,1382,1520,1992,-960,-16952,41,18,-28,0
S,82919702,kdn,1159,0,1382,1520,2024,-1000,-16872,41,19,-26,0
S,82929702,kdn,1159,0,1382,1520,2096,-1008,-17032,43,20,-28,0
S,82939702,kdn,1159,0,1382,1520,1824,-1016,-16968,40,20,-23,0
S,82949701,kdn,1159,0,1382,1520,1984,-896,-16856,38,24,-28,0
S,82959701,kdn,1159,0,1382,1520,1920,-928,-16920,35,20,-26,0
S,82969702,kdn,1159,0,1382,1520,1864,-904,-16816,36,27,-25,0
S,82979701,kdn,1159,0,1382,1520,1992,-920,-16976,44,23,-25,0
S,82989702,kdn,1159,0,1382,1520,2072,-880,-17024,38,27,-24,0
S,82999701,kdn,1159,0,1382,1520,2024,-928,-16904,37,27,-29,0
S,83009701,kdn,1159,0,1382,1520,2000,-944,-17000,35,23,-25,0
S,83019702,kdn,1159,0,1382,1520,1928,-944,-16952,37,24,-30,0
S,83029701,kdn,1159,0,1382,1520,1872,-944,-16920,43,21,-29,0
S,83039701,kdn,1159,0,1382,1520,2064,-1016,-17024,40,23,-27,0
S,83049701,kdn,1159,0,1382,1520,1984,-952,-16984,36,24,-30,0
S,83059702,kdn,1159,0,1382,1520,1896,-912,-17024,38,23,-26,0
S,83069702,kdn,1159,0,1382,1520,1992,-952,-16912,38,22,-32,0
S,83079702,kdn,1159,0,1382,1520,1992,-920,-16952,36,20,-26,0
S,83089702,kdn,1159,0,1382,1520,2016,-912,-17048,38,20,-28,0
S,83099701,kdn,1159,0,1382,1520,2016,-976,-16968,39,23,-29,0
S,83109701,kdn,1159,0,1382,1520,2048,-864,-17032,40,22,-33,0
S,83119702,kdn,1159,0,1382,1520,1944,-872,-16920,35,24,-28,0
S,83129701,kdn,1159,0,1382,1520,2000,-880,-16944,31,21,-31,0
S,83139701,kdn,1159,0,1382,1520,1904,-976,-17016,44,23,-33,0
S,83149701,kdn,1159,0,1382,1520,2024,-832,-16944,36,20,-27,0
E,83149806,kdn,1160,0,1381,1520,,,,,,,0
S,83150437,kdn,1160,0,1381,1520,2024,-832,-16944,39,18,-30,0
S,83160428,kdn,1160,0,1381,1520,1616,-1232,-16992,40,21,-26,0
S,83170426,kdn,1160,0,1381,1520,3288,-952,-16912,37,21,-15,0
S,83180426,kdn,1160,0,1381,1520,1936,-616,-16952,37,19,-23,0
S,83190426,kdn,1160,0,1381,1520,2208,-1040,-17120,39,21,-19,0
S,83200426,kdn,1160,0,1381,1520,2264,-1096,-17048,51,80,-14,0
S,83210426,kdn,1160,0,1381,1520,1392,-1000,-17376,44,116,-23,0
S,83220426,kdn,1160,0,1381,1520,2008,-824,-16976,28,139,-36,0
S,83230426,kdn,1160,0,1381,1520,1320,-1088,-17240,7,147,-36,0
S,83240426,kdn,1160,0,1381,1520,1960,-1064,-16976,23,121,-46,0
S,83250426,kdn,1160,0,1381,1520,1928,-1008,-16944,43,104,-38,0
S,83260426,kdn,1160,0,1381,1520,2040,-792,-16976,53,79,-38,0
S,83270426,kdn,1160,0,1381,1520,1904,-1096,-17024,38,54,-30,0
S,83280426,kdn,1160,0,1381,1520,2184,-960,-17120,26,29,-28,0
S,83290426,kdn,1160,0,1381,1520,2008,-1040,-16896,22,6,-31,0
S,83300426,kdn,1160,0,1381,1520,2056,-1016,-16904,45,1,-23,0
S,83310426,kdn,1160,0,1381,1520,1976,-960,-16992,49,5,-31,0
S,83320426,kdn,1160,0,1381,1520,2104,-856,-16960,50,11,-28,0
S,83330426,kdn,1160,0,1381,1520,2136,-880,-16960,30,23,-31,0
S,83340426,kdn,1160,0,1381,1520,2032,-1000,-17000,33,27,-30,0
S,83350426,kdn,1160,0,1381,1520,2016,-888,-16912,33,30,-35,0
S,83360426,kdn,1160,0,1381,1520,1968,-1000,-16976,43,31,-30,0
S,83370427,kdn,1160,0,1381,1520,2080,-992,-16936,37,28,-28,0
S,83380426,kdn,1160,0,1381,1520,1976,-968,-17008,32,16,-24,0
S,83390426,kdn,1160,0,1381,1520,2000,-1040,-17000,31,18,-17,0
S,83400426,kdn,1160,0,1381,1520,1992,-944,-17088,32,19,-31,0
E,83400531,kdn,1161,0,1380,1520,,,,,,,0
S,83401162,kdn,1161,0,1380,1520,2024,-840,-17008,39,16,-35,0
S,83411153,kdn,1161,0,1380,1520,2120,-1064,-16832,45,19,-32,0
S,83421152,kdn,1161,0,1380,1520,2096,-960,-17016,39,17,-31,0
S,83431152,kdn,1161,0,1380,1520,2056,-872,-16968,34,24,-30,0
S,83441152,kdn,1161,0,1380,1520,2104,-1024,-16848,31,25,-30,0
S,83451152,kdn,1161,0,1380,1520,2016,-992,-16928,34,23,-28,0
S,83461152,kdn,1161,0,1380,1520,2080,-968,-16888,40,32,-31,0
S,83471152,kdn,1161,0,1380,1520,2072,-984,-17008,48,21,-28,0
S,83481152,kdn,1161,0,1380,1520,2016,-1016,-16960,34,23,-29,0
S,83491152,kdn,1161,0,1380,1520,2104,-944,-16896,40,16,-25,0
S,83501152,kdn,1161,0,1380,1520,2208,-968,-16848,35,23,-32,0
S,83511152,kdn,1161,0,1380,1520,2088,-936,-17120,40,24,-30,0
S,83521152,kdn,1161,0,1380,1520,2128,-984,-16920,43,26,-30,0
S,83531152,kdn,1161,0,1380,1520,1944,-920,-16864,36,28,-23,0
S,83541152,kdn,1161,0,1380,1520,2120,-1048,-16976,36,20,-32,0
S,83551152,kdn,1161,0,1380,1520,2072,-952,-16840,37,21,-29,0
S,83561152,kdn,1161,0,1380,1520,2184,-920,-16976,38,24,-28,0
S,83571152,kdn,1161,0,1380,1520,2088,-872,-16992,44,25,-32,0
S,83581152,kdn,1161,0,1380,1520,2072,-912,-16928,39,22,-26,0
S,83591152,kdn,1161,0,1380,1520,2112,-1008,-16976,37,18,-32,0
S,83601152,kdn,1161,0,1380,1520,2112,-1040,-16872,33,24,-31,0
S,83611152,kdn,1161,0,1380,1520,1992,-976,-16920,36,22,-28,0
S,83621152,kdn,1161,0,1380,1520,1992,-1104,-16968,34,29,-34,0
S,83631152,kdn,1161,0,1380,1520,1992,-904,-16864,30,28,-29,0
S,83641152,kdn,1161,0,1380,1520,2096,-904,-16936,38,23,-37,0
S,83651152,kdn,1161,0,1380,1520,2184,-960,-16944,38,18,-27,0
#META deadband_center=1640 idx=2
E,83651288,hold,2000,0,1600,1520,,,,,,,0
E,84851373,kup,2000,0,1600,1520,,,,,,,0
S,84852002,kup,2000,0,1600,1520,-1640,-832,-16944,37,24,-29,0
S,84861991,kup,2000,0,1600,1520,-1704,-832,-17048,40,30,-30,0
S,84871990,kup,2000,0,1600,1520,-1616,-824,-17056,41,21,-26,0
S,84881990,kup,2000,0,1600,1520,-1696,-864,-16968,32,23,-25,0
S,84891990,kup,2000,0,1600,1520,-1672,-864,-17032,37,22,-26,0
S,84901990,kup,2000,0,1600,1520,-1592,-992,-16952,35,25,-32,0
S,84911990,kup,2000,0,1600,1520,-1632,-864,-17016,36,22,-24,0
S,84921990,kup,2000,0,1600,1520,-1632,-936,-16976,38,26,-28,0
S,84931990,kup,2000,0,1600,1520,-1656,-792,-16984,35,20,-31,0
S,84941990,kup,2000,0,1600,1520,-1832,-880,-17144,36,24,-31,0
S,84951990,kup,2000,0,1600,1520,-1640,-816,-17016,38,21,-34,0
S,84961990,kup,2000,0,1600,1520,-1656,-888,-16984,36,22,-29,0
S,84971991,kup,2000,0,1600,1520,-1768,-872,-17096,37,22,-31,0
S,84981990,kup,2000,0,1600,1520,-1616,-1016,-17016,34,22,-25,0
S,84991990,kup,2000,0,1600,1520,-1728,-864,-17000,42,21,-24,0
S,85001990,kup,2000,0,1600,1520,-1688,-816,-17008,42,24,-29,0
S,85011990,kup,2000,0,1600,1520,-1712,-944,-17040,44,25,-30,0
S,85021990,kup,2000,0,1600,1520,-1696,-896,-17000,35,23,-34,0
S,85031990,kup,2000,0,1600,1520,-1688,-992,-17048,37,21,-26,0
S,85041990,kup,2000,0,1600,1520,-1648,-776,-17024,41,17,-32,0
S,85051990,kup,2000,0,1600,1520,-1592,-832,-17088,34,20,-32,0
S,85061990,kup,2000,0,1600,1520,-1688,-936,-17040,39,25,-29,0
S,85071990,kup,2000,0,1600,1520,-1736,-784,-16976,37,24,-32,0
S,85081990,kup,2000,0,1600,1520,-1640,-848,-17024,40,22,-30,0
S,85091990,kup,2000,0,1600,1520,-1664,-936,-16992,37,29,-31,0
S,85101990,kup,2000,0,1600,1520,-1672,-936,-16960,41,22,-31,0
E,85102095,kup,2001,0,1601,1520,,,,,,,0
S,85102728,kup,2001,0,1601,1520,-1704,-848,-17072,42,19,-30,0
S,85112718,kup,2001,0,1601,1520,-1600,-912,-17096,35,23,-30,0
S,85122718,kup,2001,0,1601,1520,-1720,-872,-17056,37,23,-29,0
S,85132718,kup,2001,0,1601,1520,-1632,-880,-17056,40,24,-32,0
S,85142717,kup,2001,0,1601,1520,-1640,-960,-17056,32,19,-26,0
S,85152718,kup,2001,0,1601,1520,-1664,-816,-17008,34,23,-32,0
S,85162718,kup,2001,0,1601,1520,-1688,-792,-17088,36,23,-34,0
S,85172718,kup,2001,0,1601,1520,-1576,-896,-17040,38,18,-25,0
S,85182718,kup,2001,0,1601,1520,-1640,-1048,-17136,35,24,-29,0
S,85192718,kup,2001,0,1601,1520,-1624,-896,-17016,32,22,-26,0
S,85202718,kup,2001,0,1601,1520,-1736,-824,-17032,37,24,-26,0
S,85212718,kup,2001,0,1601,1520,-1648,-1000,-17048,41,22,-29,0
S,85222717,kup,2001,0,1601,1520,-1608,-856,-17112,36,20,-23,0
S,85232718,kup,2001,0,1601,1520,-1704,-904,-17032,36,24,-25,0
S,85242718,kup,2001,0,1601,1520,-1720,-888,-17200,43,23,-31,0
S,85252718,kup,2001,0,1601,1520,-1728,-848,-16968,34,19,-33,0
S,85262718,kup,2001,0,1601,1520,-1624,-984,-16960,36,22,-30,0
S,85272717,kup,2001,0,1601,1520,-1704,-808,-16904,38,21,-32,0
S,85282718,kup,2001,0,1601,1520,-1584,-760,-17016,40,24,-29,0
S,85292718,kup,2001,0,1601,1520,-1704,-856,-17192,37,21,-26,0
S,85302718,kup,2001,0,1601,1520,-1664,-872,-17168,38,26,-28,0
S,85312717,kup,2001,0,1601,1520,-1688,-1064,-16976,37,25,-25,0
S,85322718,kup,2001,0,1601,1520,-1592,-816,-16944,39,25,-25,0
S,85332718,kup,2001,0,1601,1520,-1568,-912,-16928,37,16,-31,0
S,85342718,kup,2001,0,1601,1520,-1624,-944,-16944,38,21,-33,0
S,85352718,kup,2001,0,1601,1520,-1672,-808,-16936,43,22,-33,0
E,85352823,kup,2002,0,1602,1520,,,,,,,0
S,85353463,kup,2002,0,1602,1520,-1672,-808,-16936,37,21,-26,0
S,85363452,kup,2002,0,1602,1520,-1928,-800,-17032,32,16,-31,0
S,85373451,kup,2002,0,1602,1520,-1544,-832,-17008,39,3,-26,0
S,85383451,kup,2002,0,1602,1520,-2552,-1168,-17248,28,-51,-74,0
S,85393451,kup,2002,0,1602,1520,-1816,-728,-17472,15,-55,-32,0
S,85403451,kup,2002,0,1602,1520,-1560,-1064,-17072,28,-45,-27,0
S,85413451,kup,2002,0,1602,1520,-1568,-1216,-17144,53,-7,-29,0
S,85423451,kup,2002,0,1602,1520,-1856,-736,-17048,56,52,-31,0
S,85433451,kup,2002,0,1602,1520,-1736,-808,-17016,54,74,-28,0
S,85443451,kup,2002,0,1602,1520,-1896,-808,-17048,33,68,-33,0
S,85453451,kup,2002,0,1602,1520,-1760,-776,-16928,13,30,-28,0
S,85463451,kup,2002,0,1602,1520,-1664,-864,-16992,13,4,-28,0
S,85473451,kup,2002,0,1602,1520,-1728,-920,-16992,36,-10,-28,0
S,85483451,kup,2002,0,1602,1520,-1736,-976,-17064,60,5,-26,0
S,85493451,kup,2002,0,1602,1520,-1640,-888,-17048,65,22,-34,0
S,85503451,kup,2002,0,1602,1520,-1592,-816,-16912,38,36,-29,0
S,85513451,kup,2002,0,1602,1520,-1664,-816,-17040,17,39,-30,0
S,85523451,kup,2002,0,1602,1520,-1680,-920,-16960,16,23,-32,0
S,85533451,kup,2002,0,1602,1520,-1648,-968,-17104,30,16,-26,0
S,85543451,kup,2002,0,1602,1520,-1768,-784,-16936,41,17,-30,0
S,85553451,kup,2002,0,1602,1520,-1752,-688,-17000,56,19,-24,0
S,85563451,kup,2002,0,1602,1520,-1584,-776,-17088,54,18,-26,0
S,85573451,kup,2002,0,1602,1520,-1704,-888,-17056,40,20,-29,0
S,85583451,kup,2002,0,1602,1520,-1736,-864,-16920,23,26,-32,0
S,85593451,kup,2002,0,1602,1520,-1608,-984,-17000,25,22,-31,0
S,85603451,kup,2002,0,1602,1520,-1656,-824,-17072,31,27,-26,0
E,85603556,kup,2003,0,1603,1520,,,,,,,0
S,85604188,kup,2003,0,1603,1520,-1648,-736,-17040,33,28,-27,0
S,85614179,kup,2003,0,1603,1520,-1664,-840,-17088,47,19,-30,0
S,85624178,kup,2003,0,1603,1520,-1712,-776,-16960,49,19,-29,0
S,85634177,kup,2003,0,1603,1520,-1808,-912,-17064,43,19,-29,0
S,85644177,kup,2003,0,1603,1520,-1640,-824,-17040,34,21,-30,0
S,85654177,kup,2003,0,1603,1520,-1640,-904,-17040,28,20,-27,0
S,85664177,kup,2003,0,1603,1520,-1664,-840,-16976,39,25,-35,0
S,85674178,kup,2003,0,1603,1520,-1680,-896,-16968,34,31,-26,0
S,85684178,kup,2003,0,1603,1520,-1664,-896,-16952,40,21,-24,0
S,85694178,kup,2003,0,1603,1520,-1704,-920,-17048,34,18,-28,0
S,85704177,kup,2003,0,1603,1520,-1752,-912,-17072,40,17,-24,0
S,85714177,kup,2003,0,1603,1520,-1712,-840,-17000,33,22,-30,0
S,85724177,kup,2003,0,1603,1520,-1600,-888,-17040,41,28,-25,0
S,85734177,kup,2003,0,1603,1520,-1640,-856,-17096,41,32,-30,0
S,85744177,kup,2003,0,1603,1520,-1680,-928,-16968,35,26,-29,0
S,85754177,kup,2003,0,1603,1520,-1688,-880,-17056,32,27,-30,0
S,85764178,kup,2003,0,1603,1520,-1736,-808,-17096,33,20,-29,0
S,85774177,kup,2003,0,1603,1520,-1528,-912,-17064,44,18,-33,0
S,85784177,kup,2003,0,1603,1520,-1632,-952,-16976,41,27,-32,0
S,85794177,kup,2003,0,1603,1520,-1752,-880,-16976,45,28,-30,0
S,85804177,kup,2003,0,1603,1520,-1720,-792,-17048,35,26,-27,0
S,85814177,kup,2003,0,1603,1520,-1720,-856,-16872,33,27,-25,0
S,85824177,kup,2003,0,1603,1520,-1656,-896,-16984,33,25,-30,0
S,85834178,kup,2003,0,1603,1520,-1648,-848,-17000,39,23,-29,0
S,85844178,kup,2003,0,1603,1520,-1712,-960,-16936,42,21,-34,0
S,85854177,kup,2003,0,1603,1520,-1632,-872,-17048,38,23,-27,0
E,85854282,kup,2004,0,1604,1520,,,,,,,0
S,85854925,kup,2004,0,1604,1520,-1632,-872,-17048,41,23,-30,0
S,85864913,kup,2004,0,1604,1520,-1696,-832,-17024,39,20,-29,0
S,85874911,kup,2004,0,1604,1520,-1720,-944,-17080,38,21,-31,0
S,85884911,kup,2004,0,1604,1520,-1656,-952,-16976,36,22,-28,0
S,85894911,kup,2004,0,1604,1520,-1776,-848,-16976,38,25,-25,0
S,85904911,kup,2004,0,1604,1520,-1640,-872,-17064,41,22,-31,0
S,85914911,kup,2004,0,1604,1520,-1728,-896,-17056,32,24,-29,0
S,85924911,kup,2004,0,1604,1520,-1680,-904,-17096,39,21,-29,0
S,85934911,kup,2004,0,1604,1520,-1712,-984,-17056,33,23,-23,0
S,85944911,kup,2004,0,1604,1520,-1664,-1008,-16944,35,28,-32,0
S,85954911,kup,2004,0,1604,1520,-1760,-864,-17016,36,26,-35,0
S,85964911,kup,2004,0,1604,1520,-1752,-976,-17016,42,20,-29,0
S,85974911,kup,2004,0,1604,1520,-1600,-880,-17040,38,17,-27,0
S,85984911,kup,2004,0,1604,1520,-1648,-848,-17024,35,20,-29,0
S,85994911,kup,2004,0,1604,1520,-1728,-912,-17016,32,18,-31,0
S,86004911,kup,2004,0,1604,1520,-1624,-888,-16976,40,27,-28,0
S,86014911,kup,2004,0,1604,1520,-1640,-944,-16984,37,22,-33,0
S,86024911,kup,2004,0,1604,1520,-1640,-848,-17008,40,20,-36,0
S,86034912,kup,2004,0,1604,1520,-1792,-872,-17064,34,28,-27,0
S,86044911,kup,2004,0,1604,1520,-1792,-968,-17016,34,22,-33,0
S,86054911,kup,2004,0,1604,1520,-1552,-872,-16928,41,28,-29,0
S,86064911,kup,2004,0,1604,1520,-1832,-880,-16992,39,24,-28,0
S,86074911,kup,2004,0,1604,1520,-1536,-840,-17000,33,19,-29,0
S,86084911,kup,2004,0,1604,1520,-1560,-888,-16984,36,20,-29,0
S,86094911,kup,2004,0,1604,1520,-1712,-952,-16968,40,25,-26,0
S,86104911,kup,2004,0,1604,1520,-1616,-864,-16936,37,23,-32,0
E,86105016,kup,2005,0,1605,1520,,,,,,,0
S,86105649,kup,2005,0,1605,1520,-1624,-848,-17080,36,22,-30,0
S,86115640,kup,2005,0,1605,1520,-1824,-904,-17056,34,19,-30,0
S,86125638,kup,2005,0,1605,1520,-2136,-824,-17104,36,5,-31,0
S,86135638,kup,2005,0,1605,1520,-1312,-1080,-17096,21,-23,-34,0
S,86145639,kup,2005,0,1605,1520,-736,-440,-16896,28,-69,-49,0
S,86155639,kup,2005,0,1605,1520,-1816,-992,-16800,25,-62,-34,0
S,86165639,kup,2005,0,1605,1520,-1464,-816,-17000,49,-41,-30,0
S,86175638,kup,2005,0,1605,1520,-1672,-952,-16952,57,6,-30,0
S,86185639,kup,2005,0,1605,1520,-1896,-856,-16912,46,49,-27,0
S,86195638,kup,2005,0,1605,1520,-1776,-848,-17072,28,63,-30,0
S,86205638,kup,2005,0,1605,1520,-1896,-832,-16984,15,53,-31,0
S,86215638,kup,2005,0,1605,1520,-1616,-840,-17064,28,26,-32,0
S,86225639,kup,2005,0,1605,1520,-1664,-984,-17024,45,7,-29,0
S,86235638,kup,2005,0,1605,1520,-1664,-960,-16968,60,-1,-26,0
S,86245638,kup,2005,0,1605,1520,-1864,-824,-17040,51,9,-29,0
S,86255639,kup,2005,0,1605,1520,-1720,-896,-17072,34,25,-29,0
S,86265639,kup,2005,0,1605,1520,-1712,-800,-17008,23,41,-31,0
S,86275639,kup,2005,0,1605,1520,-1696,-920,-17000,20,40,-28,0
S,86285639,kup,2005,0,1605,1520,-1728,-896,-17120,40,35,-28,0
S,86295638,kup,2005,0,1605,1520,-1600,-864,-17112,49,19,-29,0
S,86305638,kup,2005,0,1605,1520,-1640,-904,-17040,51,7,-31,0
S,86315639,kup,2005,0,1605,1520,-1656,-896,-16992,47,10,-26,0
S,86325638,kup,2005,0,1605,1520,-1760,-808,-16992,34,15,-35,0
S,86335639,kup,2005,0,1605,1520,-1656,-880,-17064,29,33,-32,0
S,86345639,kup,2005,0,1605,1520,-1736,-928,-16976,39,38,-26,0
S,86355638,kup,2005,0,1605,1520,-1808,-912,-17056,38,33,-26,0
E,86355743,kup,2006,0,1606,1520,,,,,,,0
S,86356386,kup,2006,0,1606,1520,-1784,-904,-17080,44,33,-28,0
S,86366374,kup,2006,0,1606,1520,-1776,-840,-17032,39,20,-32,0
S,86376373,kup,2006,0,1606,1520,-1648,-880,-16992,43,12,-29,0
S,86386372,kup,2006,0,1606,1520,-1704,-904,-17104,36,10,-22,0
S,86396373,kup,2006,0,1606,1520,-1776,-1024,-17000,38,23,-24,0
S,86406373,kup,2006,0,1606,1520,-1808,-1000,-17040,44,25,-24,0
S,86416373,kup,2006,0,1606,1520,-1704,-840,-17032,34,34,-33,0
S,86426372,kup,2006,0,1606,1520,-1704,-952,-16904,35,33,-27,0
S,86436372,kup,2006,0,1606,1520,-1920,-880,-17104,36,24,-27,0
S,86446373,kup,2006,0,1606,1520,-1768,-832,-17000,36,20,-27,0
S,86456372,kup,2006,0,1606,1520,-1816,-864,-16984,41,16,-25,0
S,86466373,kup,2006,0,1606,1520,-1816,-952,-17016,43,25,-29,0
S,86476373,kup,2006,0,1606,1520,-1752,-1008,-17008,33,24,-34,0
S,86486373,kup,2006,0,1606,1520,-1768,-856,-16944,32,20,-28,0
S,86496372,kup,2006,0,1606,1520,-1792,-824,-16960,32,29,-29,0
S,86506372,kup,2006,0,1606,1520,-1760,-904,-17032,40,27,-27,0
S,86516373,kup,2006,0,1606,1520,-1784,-1040,-17080,40,22,-29,0
S,86526372,kup,2006,0,1606,1520,-1704,-864,-16896,46,15,-33,0
S,86536372,kup,2006,0,1606,1520,-1856,-816,-17072,34,21,-30,0
S,86546372,kup,2006,0,1606,1520,-1808,-880,-17088,37,27,-27,0
S,86556372,kup,2006,0,1606,1520,-1824,-832,-16944,39,32,-30,0
S,86566372,kup,2006,0,1606,1520,-1688,-920,-17056,35,26,-27,0
S,86576373,kup,2006,0,1606,1520,-1656,-864,-17008,40,24,-29,0
S,86586372,kup,2006,0,1606,1520,-1608,-912,-17024,39,23,-29,0
S,86596373,kup,2006,0,1606,1520,-1696,-888,-16936,40,18,-26,0
S,86606372,kup,2006,0,1606,1520,-1696,-840,-17040,38,17,-34,0
E,86606478,kup,2007,0,1607,1520,,,,,,,0
S,86607109,kup,2007,0,1607,1520,-1752,-720,-17096,38,18,-32,0
S,86617099,kup,2007,0,1607,1520,-1720,-848,-17120,43,21,-28,0
S,86627098,kup,2007,0,1607,1520,-1728,-784,-16952,38,25,-27,0
S,86637098,kup,2007,0,1607,1520,-1728,-760,-17032,37,23,-28,0
S,86647098,kup,2007,0,1607,1520,-1664,-784,-17032,39,20,-22,0
S,86657098,kup,2007,0,1607,1520,-1736,-896,-16928,43,23,-32,0
S,86667098,kup,2007,0,1607,1520,-1672,-928,-17088,45,28,-27,0
S,86677098,kup,2007,0,1607,1520,-1752,-856,-17024,41,20,-24,0
S,86687098,kup,2007,0,1607,1520,-1648,-912,-16992,40,21,-29,0
S,86697098,kup,2007,0,1607,1520,-1808,-912,-17032,36,22,-32,0
S,86707098,kup,2007,0,1607,1520,-1744,-800,-17000,33,26,-29,0
S,86717098,kup,2007,0,1607,1520,-1744,-840,-17024,35,22,-34,0
S,86727098,kup,2007,0,1607,1520,-1904,-776,-17056,41,21,-26,0
S,86737098,kup,2007,0,1607,1520,-1568,-920,-17024,38,22,-32,0
S,86747098,kup,2007,0,1607,1520,-1696,-784,-17032,37,21,-39,0
S,86757098,kup,2007,0,1607,1520,-1712,-832,-16920,41,22,-27,0
S,86767098,kup,2007,0,1607,1520,-1664,-936,-17080,34,26,-30,0
S,86777098,kup,2007,0,1607,1520,-1744,-824,-17016,40,24,-26,0
S,86787098,kup,2007,0,1607,1520,-1752,-768,-16896,39,25,-23,0
S,86797098,kup,2007,0,1607,1520,-1720,-920,-17104,36,24,-29,0
S,86807098,kup,2007,0,1607,1520,-1792,-816,-16936,40,28,-31,0
S,86817098,kup,2007,0,1607,1520,-1640,-840,-17032,39,24,-25,0
S,86827098,kup,2007,0,1607,1520,-1720,-952,-17088,48,20,-34,0
S,86837098,kup,2007,0,1607,1520,-1680,-984,-17032,37,25,-30,0
S,86847098,kup,2007,0,1607,1520,-1704,-920,-16944,34,24,-25,0
S,86857098,kup,2007,0,1607,1520,-1696,-840,-16960,39,22,-27,0
E,86857203,kup,2008,0,1608,1520,,,,,,,0
S,86857842,kup,2008,0,1608,1520,-1760,-848,-16984,36,21,-27,0
S,86867829,kup,2008,0,1608,1520,-1856,-816,-17064,31,22,-31,0
S,86877828,kup,2008,0,1608,1520,-1704,-904,-16968,45,21,-29,0
S,86887828,kup,2008,0,1608,1520,-1744,-936,-16992,35,24,-28,0
S,86897828,kup,2008,0,1608,1520,-1752,-792,-17048,34,23,-26,0
S,86907828,kup,2008,0,1608,1520,-1744,-872,-16960,42,23,-27,0
S,86917828,kup,2008,0,1608,1520,-1808,-848,-17008,35,22,-29,0
S,86927828,kup,2008,0,1608,1520,-1640,-984,-17240,40,20,-31,0
S,86937829,kup,2008,0,1608,1520,-1824,-872,-16896,41,27,-30,0
S,86947828,kup,2008,0,1608,1520,-1728,-888,-17096,43,24,-27,0
S,86957828,kup,2008,0,1608,1520,-1768,-824,-16960,40,21,-28,0
S,86967828,kup,2008,0,1608,1520,-1648,-824,-16984,35,22,-24,0
S,86977828,kup,2008,0,1608,1520,-1696,-896,-17048,39,24,-26,0
S,86987828,kup,2008,0,1608,1520,-1760,-864,-16928,42,25,-32,0
S,86997828,kup,2008,0,1608,1520,-1784,-976,-16912,44,26,-23,0
S,87007828,kup,2008,0,1608,1520,-1672,-768,-16984,40,25,-31,0
S,87017828,kup,2008,0,1608,1520,-1808,-856,-17024,40,21,-30,0
S,87027828,kup,2008,0,1608,1520,-1728,-888,-17040,36,20,-29,0
S,87037828,kup,2008,0,1608,1520,-1720,-760,-17000,39,26,-29,0
S,87047828,kup,2008,0,1608,1520,-1592,-832,-16920,41,24,-29,0
S,87057828,kup,2008,0,1608,1520,-1736,-872,-17040,34,19,-28,0
S,87067828,kup,2008,0,1608,1520,-1736,-1032,-17040,41,23,-25,0
S,87077828,kup,2008,0,1608,1520,-1712,-960,-16976,43,22,-31,0
S,87087828,kup,2008,0,1608,1520,-1760,-744,-16968,30,23,-30,0
S,87097828,kup,2008,0,1608,1520,-1752,-872,-17064,39,22,-29,0
S,87107828,kup,2008,0,1608,1520,-1864,-736,-16968,39,26,-32,0
E,87107933,kup,2009,0,1609,1520,,,,,,,0
S,87108572,kup,2009,0,1609,1520,-1808,-896,-17032,41,23,-25,0
S,87118558,kup,2009,0,1609,1520,-1664,-952,-16992,43,27,-30,0
S,87128557,kup,2009,0,1609,1520,-1696,-968,-16944,37,21,-26,0
S,87138557,kup,2009,0,1609,1520,-1808,-792,-16872,35,22,-29,0
S,87148557,kup,2009,0,1609,1520,-1712,-792,-17080,40,19,-35,0
S,87158557,kup,2009,0,1609,1520,-1704,-872,-16960,39,23,-23,0
S,87168557,kup,2009,0,1609,1520,-1768,-856,-17008,36,24,-31,0
S,87178557,kup,2009,0,1609,1520,-1784,-960,-16952,38,22,-28,0
S,87188557,kup,2009,0,1609,1520,-1616,-920,-16960,34,22,-32,0
S,87198557,kup,2009,0,1609,1520,-1640,-976,-17120,35,19,-27,0
S,87208557,kup,2009,0,1609,1520,-1776,-904,-16888,36,21,-32,0
S,87218557,kup,2009,0,1609,1520,-1864,-768,-16992,43,20,-29,0
S,87228558,kup,2009,0,1609,1520,-1832,-1032,-16992,35,26,-30,0
S,87238558,kup,2009,0,1609,1520,-1776,-824,-17064,38,22,-29,0
S,87248557,kup,2009,0,1609,1520,-1760,-912,-17032,30,28,-24,0
S,87258557,kup,2009,0,1609,1520,-1672,-936,-17056,38,23,-32,0
S,87268557,kup,2009,0,1609,1520,-1760,-840,-17016,35,21,-33,0
S,87278557,kup,2009,0,1609,1520,-1768,-888,-17088,41,24,-31,0
S,87288557,kup,2009,0,1609,1520,-1792,-904,-17024,40,23,-30,0
S,87298557,kup,2009,0,1609,1520,-1640,-912,-17000,39,28,-27,0
S,87308557,kup,2009,0,1609,1520,-1720,-936,-16960,35,23,-30,0
S,87318557,kup,2009,0,1609,1520,-1800,-1024,-16960,43,19,-23,0
S,87328557,kup,2009,0,1609,1520,-1776,-992,-17096,39,21,-29,0
S,87338557,kup,2009,0,1609,1520,-1864,-864,-16872,41,22,-23,0
S,87348557,kup,2009,0,1609,1520,-1752,-1032,-17040,34,23,-29,0
S,87358557,kup,2009,0,1609,1520,-1720,-928,-17048,40,24,-34,0
E,87358662,kup,2010,0,1610,1520,,,,,,,0
S,87359302,kup,2010,0,1610,1520,-1744,-904,-16976,34,21,-31,0
S,87369288,kup,2010,0,1610,1520,-1792,-896,-17072,41,27,-32,0
S,87379287,kup,2010,0,1610,1520,-1616,-984,-17064,35,26,-23,0
S,87389287,kup,2010,0,1610,1520,-1696,-872,-16976,48,20,-30,0
S,87399287,kup,2010,0,1610,1520,-1664,-824,-17072,36,25,-33,0
S,87409287,kup,2010,0,1610,1520,-1744,-824,-16976,41,26,-31,0
S,87419287,kup,2010,0,1610,1520,-1720,-992,-17088,37,21,-30,0
S,87429287,kup,2010,0,1610,1520,-1728,-840,-17032,43,28,-29,0
S,87439287,kup,2010,0,1610,1520,-1800,-952,-17096,35,22,-37,0
S,87449287,kup,2010,0,1610,1520,-1768,-928,-17104,40,18,-31,0
S,87459287,kup,2010,0,1610,1520,-1768,-880,-17048,39,27,-25,0
S,87469287,kup,2010,0,1610,1520,-1640,-872,-17152,35,24,-31,0
S,87479287,kup,2010,0,1610,1520,-1784,-944,-17088,44,25,-33,0
S,87489287,kup,2010,0,1610,1520,-1776,-792,-17040,37,25,-25,0
S,87499287,kup,2010,0,1610,1520,-1704,-912,-16944,36,29,-35,0
S,87509287,kup,2010,0,1610,1520,-1664,-976,-17064,40,22,-23,0
S,87519287,kup,2010,0,1610,1520,-1800,-976,-17144,39,17,-26,0
S,87529287,kup,2010,0,1610,1520,-1720,-952,-17120,39,25,-27,0
S,87539287,kup,2010,0,1610,1520,-1840,-936,-16976,37,18,-32,0
S,87549287,kup,2010,0,1610,1520,-1912,-880,-16984,42,25,-24,0
S,87559287,kup,2010,0,1610,1520,-1800,-936,-16968,37,21,-28,0
S,87569287,kup,2010,0,1610,1520,-1736,-872,-16960,41,27,-29,0
S,87579287,kup,2010,0,1610,1520,-1744,-904,-16856,37,21,-26,0
S,87589287,kup,2010,0,1610,1520,-1696,-1016,-17008,38,26,-28,0
S,87599287,kup,2010,0,1610,1520,-1696,-968,-17016,38,20,-29,0
S,87609287,kup,2010,0,1610,1520,-1648,-824,-17096,41,23,-25,0
E,87609396,kup,2011,0,1611,1520,,,,,,,0
S,87610028,kup,2011,0,1611,1520,-1656,-888,-16904,42,22,-25,0
S,87620018,kup,2011,0,1611,1520,-2672,-1096,-16992,39,16,-30,0
S,87630017,kup,2011,0,1611,1520,-2176,-1104,-17496,28,-51,-69,0
S,87640017,kup,2011,0,1611,1520,-2480,-1208,-17520,13,-78,-20,0
S,87650017,kup,2011,0,1611,1520,-1472,-808,-16888,39,-152,-51,0
S,87660017,kup,2011,0,1611,1520,-1824,-968,-16976,38,-155,-31,0
S,87670017,kup,2011,0,1611,1520,-1488,-896,-17184,58,-135,-21,0
S,87680017,kup,2011,0,1611,1520,-1960,-968,-16920,62,-58,-18,0
S,87690017,kup,2011,0,1611,1520,-1896,-992,-16952,42,24,-28,0
S,87700017,kup,2011,0,1611,1520,-1920,-1048,-17024,25,85,-30,0
S,87710017,kup,2011,0,1611,1520,-1872,-920,-16928,9,96,-32,0
S,87720017,kup,2011,0,1611,1520,-1800,-936,-17048,12,62,-33,0
S,87730017,kup,2011,0,1611,1520,-1672,-912,-17096,40,10,-28,0
S,87740017,kup,2011,0,1611,1520,-1800,-856,-17056,59,-23,-30,0
S,87750017,kup,2011,0,1611,1520,-1840,-936,-17056,64,-29,-24,0
S,87760017,kup,2011,0,1611,1520,-1888,-824,-17080,50,-1,-30,0
S,87770017,kup,2011,0,1611,1520,-1840,-960,-16960,34,36,-30,0
S,87780017,kup,2011,0,1611,1520,-1904,-984,-17024,12,58,-29,0
S,87790017,kup,2011,0,1611,1520,-1736,-936,-16928,20,54,-32,0
S,87800017,kup,2011,0,1611,1520,-1832,-776,-17016,38,38,-31,0
S,87810017,kup,2011,0,1611,1520,-1840,-776,-17008,51,8,-28,0
S,87820017,kup,2011,0,1611,1520,-1840,-888,-16976,48,-6,-32,0
S,87830017,kup,2011,0,1611,1520,-1896,-952,-16904,40,0,-30,0
S,87840017,kup,2011,0,1611,1520,-1928,-864,-16952,39,19,-29,0
S,87850017,kup,2011,0,1611,1520,-1792,-840,-16984,23,39,-30,0
S,87860017,kup,2011,0,1611,1520,-1920,-944,-17056,24,46,-36,0
E,87860122,kup,2012,0,1612,1520,,,,,,,0
S,87860765,kup,2012,0,1612,1520,-1880,-920,-17032,24,43,-25,0
S,87870750,kup,2012,0,1612,1520,-1904,-864,-16968,36,33,-25,0
S,87880749,kup,2012,0,1612,1520,-1880,-792,-16960,39,15,-26,0
S,87890749,kup,2012,0,1612,1520,-1736,-920,-16896,49,3,-27,0
S,87900749,kup,2012,0,1612,1520,-1856,-816,-16920,39,2,-29,0
S,87910749,kup,2012,0,1612,1520,-1744,-936,-16920,39,22,-29,0
S,87920749,kup,2012,0,1612,1520,-1768,-776,-16936,32,35,-26,0
S,87930749,kup,2012,0,1612,1520,-1816,-808,-16920,32,38,-39,0
S,87940749,kup,2012,0,1612,1520,-1680,-872,-16968,32,30,-34,0
S,87950749,kup,2012,0,1612,1520,-1816,-864,-16976,38,22,-25,0
S,87960749,kup,2012,0,1612,1520,-1912,-944,-16984,44,13,-26,0
S,87970749,kup,2012,0,1612,1520,-1920,-832,-16976,40,12,-28,0
S,87980749,kup,2012,0,1612,1520,-1768,-896,-16928,43,22,-35,0
S,87990749,kup,2012,0,1612,1520,-1872,-1016,-16952,34,31,-32,0
S,88000749,kup,2012,0,1612,1520,-1824,-984,-16872,37,36,-31,0
S,88010749,kup,2012,0,1612,1520,-1896,-960,-16992,33,26,-28,0
S,88020749,kup,2012,0,1612,1520,-1888,-952,-17056,39,23,-29,0
S,88030749,kup,2012,0,1612,1520,-1784,-912,-17072,48,12,-29,0
S,88040749,kup,2012,0,1612,1520,-1744,-864,-17000,43,15,-28,0
S,88050749,kup,2012,0,1612,1520,-1936,-840,-16952,40,28,-29,0
S,88060749,kup,2012,0,1612,1520,-1712,-840,-17016,40,20,-31,0
S,88070749,kup,2012,0,1612,1520,-1920,-944,-17032,29,29,-27,0
S,88080749,kup,2012,0,1612,1520,-1816,-736,-16968,34,22,-25,0
S,88090749,kup,2012,0,1612,1520,-1904,-848,-17000,42,22,-27,0
S,88100749,kup,2012,0,1612,1520,-1832,-800,-16960,35,19,-28,0
S,88110749,kup,2012,0,1612,1520,-1864,-928,-16920,38,18,-29,0
E,88110854,kup,2013,0,1613,1520,,,,,,,0
S,88111485,kup,2013,0,1613,1520,-1792,-872,-17168,40,15,-32,0
S,88121476,kup,2013,0,1613,1520,-1832,-872,-16952,41,17,-33,0
S,88131475,kup,2013,0,1613,1520,-1888,-888,-16984,36,23,-28,0
S,88141475,kup,2013,0,1613,1520,-1808,-848,-17032,32,31,-30,0
S,88151475,kup,2013,0,1613,1520,-1784,-888,-17000,40,25,-34,0
S,88161475,kup,2013,0,1613,1520,-1824,-864,-16936,38,27,-30,0
S,88171475,kup,2013,0,1613,1520,-1840,-928,-17040,41,24,-27,0
S,88181475,kup,2013,0,1613,1520,-1824,-816,-16968,42,23,-28,0
S,88191475,kup,2013,0,1613,1520,-1848,-864,-17072,44,25,-30,0
S,88201475,kup,2013,0,1613,1520,-1920,-920,-17032,37,22,-33,0
S,88211475,kup,2013,0,1613,1520,-1944,-808,-17128,38,26,-21,0
S,88221475,kup,2013,0,1613,1520,-1968,-944,-17128,37,22,-27,0
S,88231475,kup,2013,0,1613,1520,-1800,-848,-16960,40,21,-25,0
S,88241475,kup,2013,0,1613,1520,-1896,-864,-16944,43,26,-31,0
S,88251475,kup,2013,0,1613,1520,-1888,-856,-16992,38,29,-34,0
S,88261475,kup,2013,0,1613,1520,-1728,-920,-17024,35,20,-22,0
S,88271475,kup,2013,0,1613,1520,-1752,-936,-17024,34,25,-26,0
S,88281475,kup,2013,0,1613,1520,-1776,-912,-17136,36,24,-25,0
S,88291475,kup,2013,0,1613,1520,-1800,-816,-17096,39,17,-31,0
S,88301475,kup,2013,0,1613,1520,-1744,-912,-16920,40,22,-28,0
S,88311476,kup,2013,0,1613,1520,-1832,-984,-17056,38,23,-26,0
S,88321475,kup,2013,0,1613,1520,-1808,-1016,-17064,41,21,-30,0
S,88331475,kup,2013,0,1613,1520,-1840,-968,-16832,43,29,-32,0
S,88341475,kup,2013,0,1613,1520,-1816,-928,-17040,39,21,-29,0
S,88351475,kup,2013,0,1613,1520,-1872,-864,-17112,36,23,-29,0
S,88361475,kup,2013,0,1613,1520,-1784,-912,-17056,36,29,-31,0
E,88361580,kup,2014,0,1614,1520,,,,,,,0
S,88362219,kup,2014,0,1614,1520,-1736,-912,-16976,40,21,-35,0
S,88372206,kup,2014,0,1614,1520,-1856,-848,-16960,39,22,-32,0
S,88382204,kup,2014,0,1614,1520,-1728,-888,-16984,31,18,-30,0
S,88392204,kup,2014,0,1614,1520,-1864,-952,-16992,38,20,-25,0
S,88402204,kup,2014,0,1614,1520,-1784,-864,-17024,37,23,-30,0
S,88412204,kup,2014,0,1614,1520,-1880,-920,-17008,33,21,-30,0
S,88422204,kup,2014,0,1614,1520,-1888,-872,-16928,38,23,-29,0
S,88432204,kup,2014,0,1614,1520,-1872,-880,-16984,39,23,-30,0
S,88442204,kup,2014,0,1614,1520,-1760,-888,-17032,38,18,-24,0
S,88452205,kup,2014,0,1614,1520,-1952,-968,-16952,37,24,-32,0
S,88462205,kup,2014,0,1614,1520,-1856,-904,-16928,45,19,-31,0
S,88472204,kup,2014,0,1614,1520,-1792,-984,-17024,40,22,-25,0
S,88482204,kup,2014,0,1614,1520,-1896,-840,-17024,43,24,-32,0
S,88492204,kup,2014,0,1614,1520,-1960,-960,-17000,41,27,-31,0
S,88502205,kup,2014,0,1614,1520,-1752,-816,-17024,35,20,-29,0
S,88512204,kup,2014,0,1614,1520,-1792,-816,-17120,40,26,-25,0
S,88522204,kup,2014,0,1614,1520,-1856,-880,-16952,33,24,-27,0
S,88532204,kup,2014,0,1614,1520,-1936,-968,-17008,33,20,-30,0
S,88542204,kup,2014,0,1614,1520,-1840,-800,-17008,40,25,-30,0
S,88552204,kup,2014,0,1614,1520,-1712,-872,-17048,38,22,-25,0
S,88562204,kup,2014,0,1614,1520,-1776,-832,-17040,35,22,-27,0
S,88572204,kup,2014,0,1614,1520,-1800,-968,-16968,40,25,-31,0
S,88582204,kup,2014,0,1614,1520,-1992,-920,-16992,34,18,-30,0
S,88592204,kup,2014,0,1614,1520,-1760,-968,-17064,39,22,-26,0
S,88602204,kup,2014,0,1614,1520,-1800,-856,-16976,44,24,-32,0
S,88612205,kup,2014,0,1614,1520,-1752,-784,-16976,35,25,-29,0
E,88612310,kup,2015,0,1615,1520,,,,,,,0
S,88612952,kup,2015,0,1615,1520,-1896,-872,-16976,40,22,-29,0
S,88622940,kup,2015,0,1615,1520,-1944,-792,-17000,35,20,-29,0
S,88632938,kup,2015,0,1615,1520,-1800,-848,-17008,41,28,-34,0
S,88642938,kup,2015,0,1615,1520,-1920,-912,-16960,39,20,-24,0
S,88652938,kup,2015,0,1615,1520,-1864,-896,-17040,36,22,-29,0
S,88662938,kup,2015,0,1615,1520,-1768,-872,-16936,42,22,-30,0
S,88672938,kup,2015,0,1615,1520,-1784,-792,-16864,38,24,-29,0
S,88682938,kup,2015,0,1615,1520,-1912,-968,-16992,38,23,-23,0
S,88692938,kup,2015,0,1615,1520,-1784,-944,-16992,37,25,-27,0
S,88702938,kup,2015,0,1615,1520,-1888,-912,-16984,41,23,-30,0
S,88712938,kup,2015,0,1615,1520,-1776,-848,-17000,40,26,-31,0
S,88722938,kup,2015,0,1615,1520,-1776,-864,-17032,37,26,-30,0
S,88732938,kup,2015,0,1615,1520,-1824,-816,-16984,41,26,-32,0
S,88742938,kup,2015,0,1615,1520,-1888,-800,-17056,37,25,-26,0
S,88752938,kup,2015,0,1615,1520,-1856,-936,-17072,40,23,-29,0
S,88762938,kup,2015,0,1615,1520,-1864,-880,-17168,35,30,-30,0
S,88772938,kup,2015,0,1615,1520,-1800,-848,-17000,34,20,-28,0
S,88782938,kup,2015,0,1615,1520,-1840,-832,-17000,40,25,-32,0
S,88792938,kup,2015,0,1615,1520,-1872,-952,-17056,37,24,-25,0
S,88802938,kup,2015,0,1615,1520,-1800,-896,-17016,37,24,-29,0
S,88812938,kup,2015,0,1615,1520,-1824,-712,-17016,39,17,-32,0
S,88822938,kup,2015,0,1615,1520,-1816,-856,-17032,36,23,-31,0
S,88832938,kup,2015,0,1615,1520,-1984,-808,-16976,34,24,-29,0
S,88842938,kup,2015,0,1615,1520,-1824,-848,-16960,39,27,-32,0
S,88852938,kup,2015,0,1615,1520,-1896,-840,-17064,31,28,-29,0
S,88862938,kup,2015,0,1615,1520,-1880,-936,-16968,32,22,-29,0
E,88863043,kup,2016,0,1616,1520,,,,,,,0
S,88863674,kup,2016,0,1616,1520,-1816,-904,-16912,39,22,-29,0
S,88873666,kup,2016,0,1616,1520,-2744,-936,-16984,40,14,-27,0
S,88883664,kup,2016,0,1616,1520,-520,104,-17216,23,-22,-37,0
S,88893664,kup,2016,0,1616,1520,-2440,-1968,-16768,17,-80,-27,0
S,88903664,kup,2016,0,1616,1520,-2368,-1200,-17208,30,-107,-21,0
S,88913664,kup,2016,0,1616,1520,-2040,-944,-16984,55,-97,-22,0
S,88923664,kup,2016,0,1616,1520,-1856,-880,-17032,69,-46,-27,0
S,88933664,kup,2016,0,1616,1520,-2000,-912,-16984,58,11,-31,0
S,88943664,kup,2016,0,1616,1520,-1872,-1032,-16992,31,63,-32,0
S,88953664,kup,2016,0,1616,1520,-1920,-888,-16992,13,74,-29,0
S,88963664,kup,2016,0,1616,1520,-1768,-856,-16864,7,49,-31,0
S,88973664,kup,2016,0,1616,1520,-1824,-784,-17024,28,15,-33,0
S,88983664,kup,2016,0,1616,1520,-1920,-896,-17024,59,-4,-25,0
S,88993664,kup,2016,0,1616,1520,-1928,-728,-16992,63,-9,-25,0
S,89003664,kup,2016,0,1616,1520,-2032,-840,-17032,52,9,-27,0
S,89013664,kup,2016,0,1616,1520,-2040,-776,-17096,34,23,-31,0
S,89023664,kup,2016,0,1616,1520,-1888,-1016,-16928,18,48,-31,0
S,89033664,kup,2016,0,1616,1520,-1928,-808,-17016,19,44,-27,0
S,89043664,kup,2016,0,1616,1520,-1912,-792,-17048,31,32,-30,0
S,89053664,kup,2016,0,1616,1520,-1928,-856,-16960,50,13,-29,0
S,89063664,kup,2016,0,1616,1520,-1968,-952,-17040,58,-2,-31,0
S,89073664,kup,2016,0,1616,1520,-2096,-816,-16888,42,8,-33,0
S,89083664,kup,2016,0,1616,1520,-2016,-968,-17024,30,20,-24,0
S,89093664,kup,2016,0,1616,1520,-1728,-1064,-16960,31,44,-30,0
S,89103664,kup,2016,0,1616,1520,-1880,-1040,-16952,29,40,-26,0
S,89113664,kup,2016,0,1616,1520,-1952,-816,-16968,40,33,-29,0
E,89113769,kup,2017,0,1617,1520,,,,,,,0
S,89114411,kup,2017,0,1617,1520,-1768,-856,-16992,39,29,-28,0
S,89124397,kup,2017,0,1617,1520,-1856,-896,-17000,41,14,-30,0
S,89134396,kup,2017,0,1617,1520,-1808,-856,-16984,42,6,-29,0
S,89144395,kup,2017,0,1617,1520,-1880,-792,-16968,38,14,-29,0
S,89154396,kup,2017,0,1617,1520,-1856,-1008,-16848,41,19,-30,0
S,89164396,kup,2017,0,1617,1520,-1992,-888,-16992,39,35,-31,0
S,89174395,kup,2017,0,1617,1520,-1944,-880,-16952,37,32,-28,0
S,89184395,kup,2017,0,1617,1520,-1984,-840,-17160,36,30,-33,0
S,89194396,kup,2017,0,1617,1520,-1904,-800,-16944,36,18,-28,0
S,89204396,kup,2017,0,1617,1520,-1848,-832,-17016,46,11,-30,0
S,89214396,kup,2017,0,1617,1520,-1832,-944,-17040,42,17,-28,0
S,89224396,kup,2017,0,1617,1520,-1832,-1072,-17008,40,25,-30,0
S,89234396,kup,2017,0,1617,1520,-2056,-912,-17024,36,28,-32,0
S,89244396,kup,2017,0,1617,1520,-1856,-864,-16992,31,30,-33,0
S,89254395,kup,2017,0,1617,1520,-1896,-864,-17112,35,29,-32,0
S,89264396,kup,2017,0,1617,1520,-2008,-808,-17120,46,24,-31,0
S,89274396,kup,2017,0,1617,1520,-1968,-880,-16944,52,14,-31,0
S,89284396,kup,2017,0,1617,1520,-1952,-912,-16944,39,16,-36,0
S,89294396,kup,2017,0,1617,1520,-1992,-816,-17048,40,20,-32,0
S,89304396,kup,2017,0,1617,1520,-1912,-888,-16960,40,23,-34,0
S,89314396,kup,2017,0,1617,1520,-1960,-864,-17040,31,28,-27,0
S,89324396,kup,2017,0,1617,1520,-1944,-888,-17120,42,26,-30,0
S,89334396,kup,2017,0,1617,1520,-2032,-704,-16904,44,26,-30,0
S,89344396,kup,2017,0,1617,1520,-1912,-880,-16960,39,20,-26,0
S,89354396,kup,2017,0,1617,1520,-1952,-840,-16976,41,22,-30,0
S,89364395,kup,2017,0,1617,1520,-2016,-960,-17008,33,20,-27,0
E,89364500,kup,2018,0,1618,1520,,,,,,,0
S,89365132,kup,2018,0,1618,1520,-2024,-872,-17096,34,21,-30,0
S,89375122,kup,2018,0,1618,1520,-1968,-968,-16952,36,27,-27,0
S,89385121,kup,2018,0,1618,1520,-1944,-832,-16960,42,23,-28,0
S,89395121,kup,2018,0,1618,1520,-2032,-872,-17000,43,25,-28,0
S,89405122,kup,2018,0,1618,1520,-1952,-984,-17064,43,22,-28,0
S,89415121,kup,2018,0,1618,1520,-1880,-968,-16976,37,24,-31,0
S,89425121,kup,2018,0,1618,1520,-1928,-888,-16960,41,20,-26,0
S,89435121,kup,2018,0,1618,1520,-1912,-864,-17056,38,23,-30,0
S,89445121,kup,2018,0,1618,1520,-1944,-856,-17120,41,26,-28,0
S,89455122,kup,2018,0,1618,1520,-2024,-896,-17024,31,23,-28,0
S,89465121,kup,2018,0,1618,1520,-1888,-896,-16976,36,25,-30,0
S,89475121,kup,2018,0,1618,1520,-1944,-904,-17008,36,25,-29,0
S,89485121,kup,2018,0,1618,1520,-1984,-888,-16976,41,19,-31,0
S,89495122,kup,2018,0,1618,1520,-1896,-912,-16984,39,22,-31,0
S,89505121,kup,2018,0,1618,1520,-1944,-912,-17024,34,24,-28,0
S,89515121,kup,2018,0,1618,1520,-2000,-864,-17080,41,25,-22,0
S,89525121,kup,2018,0,1618,1520,-2080,-856,-17040,36,23,-33,0
S,89535121,kup,2018,0,1618,1520,-1928,-688,-16928,41,25,-25,0
S,89545121,kup,2018,0,1618,1520,-1848,-888,-16952,36,21,-25,0
S,89555121,kup,2018,0,1618,1520,-1976,-848,-17112,40,16,-31,0
S,89565121,kup,2018,0,1618,1520,-1920,-848,-16960,39,22,-32,0
S,89575121,kup,2018,0,1618,1520,-1896,-872,-16904,35,27,-25,0
S,89585121,kup,2018,0,1618,1520,-1888,-800,-16992,36,25,-27,0
S,89595122,kup,2018,0,1618,1520,-1928,-816,-16968,43,22,-31,0
S,89605121,kup,2018,0,1618,1520,-1872,-856,-16832,36,27,-29,0
S,89615121,kup,2018,0,1618,1520,-2016,-896,-17016,38,23,-27,0
E,89615230,kup,2019,0,1619,1520,,,,,,,0
S,89615873,kup,2019,0,1619,1520,-2080,-736,-17096,38,23,-27,0
S,89625861,kup,2019,0,1619,1520,-1904,-1040,-16936,38,19,-27,0
S,89635860,kup,2019,0,1619,1520,-1952,-872,-17008,35,25,-31,0
S,89645860,kup,2019,0,1619,1520,-1952,-960,-17064,37,24,-33,0
S,89655860,kup,2019,0,1619,1520,-1912,-888,-17088,36,18,-32,0
S,89665860,kup,2019,0,1619,1520,-1832,-896,-17080,37,23,-33,0
S,89675860,kup,2019,0,1619,1520,-1896,-848,-17008,39,25,-29,0
S,89685860,kup,2019,0,1619,1520,-1992,-760,-17024,40,23,-23,0
S,89695859,kup,2019,0,1619,1520,-1912,-896,-17016,45,27,-26,0
S,89705859,kup,2019,0,1619,1520,-1888,-840,-16952,40,25,-26,0
S,89715860,kup,2019,0,1619,1520,-1976,-912,-17088,38,21,-32,0
S,89725860,kup,2019,0,1619,1520,-1872,-912,-17128,33,21,-29,0
S,89735860,kup,2019,0,1619,1520,-1968,-824,-16896,40,25,-25,0
S,89745860,kup,2019,0,1619,1520,-1784,-968,-17064,32,23,-30,0
S,89755860,kup,2019,0,1619,1520,-1840,-1024,-16992,32,21,-34,0
S,89765860,kup,2019,0,1619,1520,-1992,-896,-16872,39,24,-27,0
S,89775859,kup,2019,0,1619,1520,-1888,-832,-16960,33,21,-29,0
S,89785859,kup,2019,0,1619,1520,-1928,-912,-17048,38,22,-28,0
S,89795860,kup,2019,0,1619,1520,-1800,-912,-17032,42,25,-30,0
S,89805860,kup,2019,0,1619,1520,-1984,-1000,-17128,38,21,-28,0
S,89815860,kup,2019,0,1619,1520,-1952,-840,-17080,40,32,-30,0
S,89825860,kup,2019,0,1619,1520,-1872,-896,-16928,36,19,-26,0
S,89835860,kup,2019,0,1619,1520,-1960,-816,-17048,35,25,-29,0
S,89845860,kup,2019,0,1619,1520,-1888,-984,-17088,41,22,-27,0
S,89855860,kup,2019,0,1619,1520,-1952,-912,-17040,43,21,-28,0
S,89865860,kup,2019,0,1619,1520,-2000,-856,-17064,31,29,-27,0
E,89865965,kup,2020,0,1620,1520,,,,,,,0
S,89866596,kup,2020,0,1620,1520,-1952,-768,-17040,32,25,-27,0
S,89876587,kup,2020,0,1620,1520,-1960,-920,-16936,37,25,-33,0
S,89886586,kup,2020,0,1620,1520,-1928,-904,-17120,38,23,-27,0
S,89896586,kup,2020,0,1620,1520,-1968,-952,-16912,41,23,-31,0
S,89906586,kup,2020,0,1620,1520,-1904,-840,-17000,37,22,-28,0
S,89916586,kup,2020,0,1620,1520,-1976,-904,-16984,36,23,-29,0
S,89926586,kup,2020,0,1620,1520,-1856,-744,-16976,36,22,-28,0
S,89936587,kup,2020,0,1620,1520,-1856,-752,-16992,33,21,-29,0
S,89946586,kup,2020,0,1620,1520,-1936,-848,-16992,39,26,-29,0
S,89956586,kup,2020,0,1620,1520,-1928,-912,-16912,37,23,-24,0
S,89966587,kup,2020,0,1620,1520,-1968,-784,-16920,35,25,-35,0
S,89976586,kup,2020,0,1620,1520,-1904,-904,-16880,32,21,-29,0
S,89986586,kup,2020,0,1620,1520,-2032,-872,-16920,38,24,-23,0
S,89996586,kup,2020,0,1620,1520,-1888,-1016,-16992,37,22,-31,0
S,90006586,kup,2020,0,1620,1520,-1920,-784,-16976,40,27,-36,0
S,90016586,kup,2020,0,1620,1520,-1944,-936,-16968,34,25,-27,0
S,90026586,kup,2020,0,1620,1520,-1800,-912,-17048,38,27,-32,0
S,90036586,kup,2020,0,1620,1520,-1968,-920,-17040,32,25,-22,0
S,90046587,kup,2020,0,1620,1520,-2016,-872,-17088,37,21,-24,0
S,90056586,kup,2020,0,1620,1520,-1856,-928,-17096,45,12,-26,0
S,90066586,kup,2020,0,1620,1520,-1872,-920,-16960,35,20,-32,0
S,90076586,kup,2020,0,1620,1520,-1960,-840,-17000,38,21,-27,0
S,90086586,kup,2020,0,1620,1520,-1952,-712,-17024,34,22,-25,0
S,90096586,kup,2020,0,1620,1520,-1864,-864,-17040,41,23,-24,0
S,90106586,kup,2020,0,1620,1520,-1832,-800,-17016,38,20,-30,0
S,90116586,kup,2020,0,1620,1520,-1912,-784,-16992,45,23,-23,0
E,90116691,kup,2021,0,1621,1520,,,,,,,0
S,90117330,kup,2021,0,1621,1520,-1832,-928,-16920,45,23,-23,0
S,90127318,kup,2021,0,1621,1520,-1912,-816,-16920,41,28,-31,0
S,90137317,kup,2021,0,1621,1520,-1864,-928,-17016,34,23,-33,0
S,90147317,kup,2021,0,1621,1520,-1888,-968,-17048,38,24,-29,0
S,90157317,kup,2021,0,1621,1520,-1936,-920,-16888,38,17,-33,0
S,90167317,kup,2021,0,1621,1520,-1880,-760,-17024,41,23,-35,0
S,90177317,kup,2021,0,1621,1520,-1880,-984,-17016,39,22,-30,0
S,90187317,kup,2021,0,1621,1520,-1936,-928,-17016,38,21,-26,0
S,90197317,kup,2021,0,1621,1520,-1976,-896,-17040,38,24,-26,0
S,90207317,kup,2021,0,1621,1520,-1904,-784,-16968,40,24,-24,0
S,90217317,kup,2021,0,1621,1520,-1872,-864,-16960,35,23,-30,0
S,90227317,kup,2021,0,1621,1520,-1944,-896,-17016,41,25,-29,0
S,90237317,kup,2021,0,1621,1520,-1848,-912,-17072,41,21,-28,0
S,90247317,kup,2021,0,1621,1520,-1856,-904,-17008,36,22,-33,0
S,90257317,kup,2021,0,1621,1520,-1944,-840,-16984,42,25,-35,0
S,90267317,kup,2021,0,1621,1520,-1808,-816,-16976,38,23,-28,0
S,90277317,kup,2021,0,1621,1520,-1888,-896,-17120,38,19,-27,0
S,90287317,kup,2021,0,1621,1520,-1984,-896,-17016,39,19,-27,0
S,90297317,kup,2021,0,1621,1520,-1856,-960,-16944,39,27,-31,0
S,90307316,kup,2021,0,1621,1520,-1904,-888,-16984,34,27,-31,0
S,90317317,kup,2021,0,1621,1520,-1808,-872,-17048,40,20,-28,0
S,90327317,kup,2021,0,1621,1520,-2072,-872,-16896,34,18,-29,0
S,90337317,kup,2021,0,1621,1520,-1856,-768,-17048,40,22,-29,0
S,90347317,kup,2021,0,1621,1520,-1896,-976,-16968,32,26,-33,0
S,90357317,kup,2021,0,1621,1520,-1864,-928,-16912,38,19,-29,0
S,90367317,kup,2021,0,1621,1520,-1840,-920,-16952,37,23,-31,0
E,90367426,kup,2022,0,1622,1520,,,,,,,0
S,90368058,kup,2022,0,1622,1520,-1864,-896,-17080,39,26,-30,0
S,90378048,kup,2022,0,1622,1520,-1440,-936,-16960,33,25,-30,0
S,90388047,kup,2022,0,1622,1520,-1288,-1240,-17000,28,-26,-34,0
S,90398047,kup,2022,0,1622,1520,-2240,-680,-16848,10,-71,-23,0
S,90408047,kup,2022,0,1622,1520,-1920,-808,-17408,33,-92,-24,0
S,90418047,kup,2022,0,1622,1520,-2168,-888,-16952,63,-71,-22,0
S,90428047,kup,2022,0,1622,1520,-1960,-792,-16952,71,-20,-26,0
S,90438047,kup,2022,0,1622,1520,-1968,-816,-17000,52,32,-30,0
S,90448047,kup,2022,0,1622,1520,-1984,-792,-16832,34,66,-30,0
S,90458047,kup,2022,0,1622,1520,-2056,-824,-16960,6,65,-31,0
S,90468047,kup,2022,0,1622,1520,-2072,-768,-16872,6,38,-34,0
S,90478047,kup,2022,0,1622,1520,-1976,-1048,-16968,35,12,-22,0
S,90488047,kup,2022,0,1622,1520,-2104,-840,-17008,70,-10,-30,0
S,90498047,kup,2022,0,1622,1520,-1944,-880,-17056,68,2,-28,0
S,90508047,kup,2022,0,1622,1520,-1856,-800,-16896,54,17,-28,0
S,90518047,kup,2022,0,1622,1520,-2088,-888,-17040,25,30,-30,0
S,90528047,kup,2022,0,1622,1520,-2016,-888,-16976,12,46,-29,0
S,90538047,kup,2022,0,1622,1520,-1960,-880,-16976,16,37,-32,0
S,90548047,kup,2022,0,1622,1520,-2016,-856,-17016,35,25,-31,0
S,90558047,kup,2022,0,1622,1520,-2072,-880,-16952,54,5,-31,0
S,90568047,kup,2022,0,1622,1520,-2104,-840,-16992,55,6,-28,0
S,90578047,kup,2022,0,1622,1520,-1984,-744,-16968,40,5,-29,0
S,90588047,kup,2022,0,1622,1520,-1848,-816,-17008,30,27,-22,0
S,90598047,kup,2022,0,1622,1520,-1968,-864,-16912,27,37,-34,0
S,90608047,kup,2022,0,1622,1520,-1856,-952,-17000,29,40,-28,0
S,90618047,kup,2022,0,1622,1520,-2048,-808,-17072,42,29,-28,0
E,90618152,kup,2023,0,1623,1520,,,,,,,0
S,90618795,kup,2023,0,1623,1520,-1960,-952,-16984,42,29,-28,0
S,90628783,kup,2023,0,1623,1520,-1976,-904,-17024,45,16,-31,0
S,90638781,kup,2023,0,1623,1520,-2056,-888,-16880,47,3,-31,0
S,90648781,kup,2023,0,1623,1520,-2040,-872,-17008,37,13,-29,0
S,90658781,kup,2023,0,1623,1520,-1952,-1024,-16920,37,26,-29,0
S,90668781,kup,2023,0,1623,1520,-1928,-824,-17008,41,40,-28,0
S,90678781,kup,2023,0,1623,1520,-1976,-904,-16952,34,34,-27,0
S,90688781,kup,2023,0,1623,1520,-1880,-720,-16928,40,26,-27,0
S,90698781,kup,2023,0,1623,1520,-1944,-944,-16936,37,16,-28,0
S,90708781,kup,2023,0,1623,1520,-1920,-800,-16928,39,12,-35,0
S,90718781,kup,2023,0,1623,1520,-2024,-896,-16976,45,22,-35,0
S,90728781,kup,2023,0,1623,1520,-2032,-928,-16960,43,26,-31,0
S,90738781,kup,2023,0,1623,1520,-2032,-856,-17008,35,24,-30,0
S,90748781,kup,2023,0,1623,1520,-2096,-768,-16992,34,27,-34,0
S,90758781,kup,2023,0,1623,1520,-1992,-936,-16976,34,22,-30,0
S,90768781,kup,2023,0,1623,1520,-2064,-880,-17024,48,20,-31,0
S,90778781,kup,2023,0,1623,1520,-2080,-832,-16936,44,20,-31,0
S,90788781,kup,2023,0,1623,1520,-2096,-912,-16992,41,13,-33,0
S,90798781,kup,2023,0,1623,1520,-2008,-800,-17112,39,24,-27,0
S,90808781,kup,2023,0,1623,1520,-1912,-888,-17008,35,23,-24,0
S,90818781,kup,2023,0,1623,1520,-1872,-864,-16928,31,24,-28,0
S,90828781,kup,2023,0,1623,1520,-1992,-928,-16976,39,19,-24,0
S,90838781,kup,2023,0,1623,1520,-1928,-752,-16960,44,23,-34,0
S,90848781,kup,2023,0,1623,1520,-2016,-872,-16968,42,14,-25,0
S,90858781,kup,2023,0,1623,1520,-2016,-864,-16976,41,17,-26,0
S,90868781,kup,2023,0,1623,1520,-2048,-952,-16944,38,25,-26,0
E,90868886,kup,2024,0,1624,1520,,,,,,,0
S,90869518,kup,2024,0,1624,1520,-1984,-984,-17016,35,22,-29,0
S,90879509,kup,2024,0,1624,1520,-2040,-824,-17016,35,25,-28,0
S,90889507,kup,2024,0,1624,1520,-1960,-928,-17016,39,25,-26,0
S,90899507,kup,2024,0,1624,1520,-2056,-856,-16960,37,28,-27,0
S,90909507,kup,2024,0,1624,1520,-1920,-944,-17032,40,14,-28,0
S,90919507,kup,2024,0,1624,1520,-1944,-872,-17136,42,20,-33,0
S,90929507,kup,2024,0,1624,1520,-2128,-904,-16960,35,24,-31,0
S,90939507,kup,2024,0,1624,1520,-1944,-928,-16920,39,25,-27,0
S,90949507,kup,2024,0,1624,1520,-2064,-952,-16936,35,17,-29,0
S,90959507,kup,2024,0,1624,1520,-2016,-848,-16976,38,23,-32,0
S,90969507,kup,2024,0,1624,1520,-2064,-872,-16928,44,22,-28,0
S,90979507,kup,2024,0,1624,1520,-2032,-752,-16992,42,20,-29,0
S,90989507,kup,2024,0,1624,1520,-2072,-920,-17136,42,23,-25,0
S,90999508,kup,2024,0,1624,1520,-1968,-784,-16992,37,27,-30,0
S,91009507,kup,2024,0,1624,1520,-1952,-960,-17000,35,20,-28,0
S,91019507,kup,2024,0,1624,1520,-1920,-920,-17008,32,23,-26,0
S,91029507,kup,2024,0,1624,1520,-1976,-832,-17072,33,20,-35,0
S,91039507,kup,2024,0,1624,1520,-1976,-832,-16944,42,26,-33,0
S,91049507,kup,2024,0,1624,1520,-1968,-968,-16976,41,27,-30,0
S,91059507,kup,2024,0,1624,1520,-1920,-968,-17072,38,22,-31,0
S,91069507,kup,2024,0,1624,1520,-2000,-784,-17080,35,15,-23,0
S,91079507,kup,2024,0,1624,1520,-2048,-864,-17096,36,24,-31,0
S,91089507,kup,2024,0,1624,1520,-1952,-904,-17056,40,28,-32,0
S,91099507,kup,2024,0,1624,1520,-1992,-856,-16992,37,23,-34,0
S,91109507,kup,2024,0,1624,1520,-2016,-816,-16960,43,27,-30,0
S,91119507,kup,2024,0,1624,1520,-1944,-848,-16880,34,25,-31,0
E,91119612,kup,2025,0,1625,1520,,,,,,,0
S,91120255,kup,2025,0,1625,1520,-1944,-848,-16880,34,25,-31,0
S,91130241,kup,2025,0,1625,1520,-1976,-936,-17008,43,25,-29,0
S,91140240,kup,2025,0,1625,1520,-1824,-720,-17040,35,10,-29,0
S,91150240,kup,2025,0,1625,1520,-1912,-568,-17152,25,-6,-30,0
S,91160240,kup,2025,0,1625,1520,-1680,-1272,-16872,26,-35,-33,0
S,91170240,kup,2025,0,1625,1520,-2288,-992,-16952,35,-44,-28,0
S,91180240,kup,2025,0,1625,1520,-1880,-640,-17256,53,-33,-27,0
S,91190240,kup,2025,0,1625,1520,-2096,-1048,-17072,57,-8,-30,0
S,91200240,kup,2025,0,1625,1520,-2104,-896,-16976,48,27,-32,0
S,91210240,kup,2025,0,1625,1520,-1968,-872,-16912,31,44,-30,0
S,91220240,kup,2025,0,1625,1520,-1992,-856,-16960,18,47,-31,0
S,91230240,kup,2025,0,1625,1520,-1920,-824,-17008,24,29,-30,0
S,91240240,kup,2025,0,1625,1520,-1968,-1096,-16920,41,12,-28,0
S,91250240,kup,2025,0,1625,1520,-2048,-952,-16936,58,3,-29,0
S,91260240,kup,2025,0,1625,1520,-2080,-888,-17016,47,15,-30,0
S,91270240,kup,2025,0,1625,1520,-2136,-920,-17000,35,18,-27,0
S,91280240,kup,2025,0,1625,1520,-1960,-944,-16896,27,31,-28,0
S,91290240,kup,2025,0,1625,1520,-2128,-912,-16976,28,37,-28,0
S,91300240,kup,2025,0,1625,1520,-2040,-992,-17056,32,33,-27,0
S,91310240,kup,2025,0,1625,1520,-2024,-968,-16992,46,23,-35,0
S,91320240,kup,2025,0,1625,1520,-2064,-816,-17032,45,7,-33,0
S,91330240,kup,2025,0,1625,1520,-2088,-960,-16920,45,8,-26,0
S,91340240,kup,2025,0,1625,1520,-2016,-1080,-16928,41,17,-33,0
S,91350240,kup,2025,0,1625,1520,-1968,-952,-16936,36,35,-27,0
S,91360240,kup,2025,0,1625,1520,-1960,-1000,-17008,31,38,-33,0
S,91370240,kup,2025,0,1625,1520,-1992,-880,-16992,39,31,-30,0
E,91370345,kup,2026,0,1626,1520,,,,,,,0
S,91370981,kup,2026,0,1626,1520,-1984,-768,-16976,38,26,-31,0
S,91380972,kup,2026,0,1626,1520,-1976,-896,-17016,42,20,-25,0
S,91390970,kup,2026,0,1626,1520,-1968,-824,-16904,43,11,-34,0
S,91400970,kup,2026,0,1626,1520,-2032,-840,-16896,44,16,-32,0
S,91410970,kup,2026,0,1626,1520,-2120,-880,-16976,35,25,-32,0
S,91420970,kup,2026,0,1626,1520,-2048,-752,-17048,42,31,-31,0
S,91430970,kup,2026,0,1626,1520,-2000,-1008,-16984,31,29,-30,0
S,91440970,kup,2026,0,1626,1520,-2080,-944,-16960,34,29,-31,0
S,91450970,kup,2026,0,1626,1520,-2008,-912,-16912,36,22,-28,0
S,91460971,kup,2026,0,1626,1520,-2056,-920,-16960,46,16,-31,0
S,91470970,kup,2026,0,1626,1520,-1944,-864,-16952,42,18,-32,0
S,91480970,kup,2026,0,1626,1520,-1984,-800,-16912,29,20,-26,0
S,91490970,kup,2026,0,1626,1520,-1952,-728,-16864,32,19,-27,0
S,91500970,kup,2026,0,1626,1520,-2048,-928,-16960,36,27,-30,0
S,91510970,kup,2026,0,1626,1520,-2056,-872,-17000,38,32,-31,0
S,91520970,kup,2026,0,1626,1520,-1984,-816,-17056,36,24,-27,0
S,91530970,kup,2026,0,1626,1520,-2088,-840,-16896,50,20,-25,0
S,91540970,kup,2026,0,1626,1520,-2072,-944,-17008,40,23,-24,0
S,91550970,kup,2026,0,1626,1520,-1928,-864,-16952,42,18,-29,0
S,91560970,kup,2026,0,1626,1520,-2048,-832,-16968,36,25,-30,0
S,91570970,kup,2026,0,1626,1520,-1968,-864,-17024,40,29,-32,0
S,91580970,kup,2026,0,1626,1520,-2008,-864,-17008,37,32,-28,0
S,91590970,kup,2026,0,1626,1520,-2072,-960,-16840,36,23,-27,0
S,91600970,kup,2026,0,1626,1520,-1992,-824,-17072,34,19,-31,0
S,91610970,kup,2026,0,1626,1520,-1984,-856,-17032,42,20,-32,0
S,91620970,kup,2026,0,1626,1520,-2056,-824,-16896,41,24,-32,0
E,91621075,kup,2027,0,1627,1520,,,,,,,0
S,91621714,kup,2027,0,1627,1520,-2056,-824,-16896,39,27,-31,0
S,91631702,kup,2027,0,1627,1520,-2032,-904,-16904,43,21,-27,0
S,91641700,kup,2027,0,1627,1520,-2104,-1016,-17056,49,26,-28,0
S,91651701,kup,2027,0,1627,1520,-1880,-992,-16920,64,30,-26,0
S,91661700,kup,2027,0,1627,1520,-1976,-856,-16832,56,26,-26,0
S,91671700,kup,2027,0,1627,1520,-1968,-864,-16872,30,16,-29,0
S,91681700,kup,2027,0,1627,1520,-2072,-1016,-17048,18,15,-32,0
S,91691700,kup,2027,0,1627,1520,-2088,-784,-16888,33,26,-28,0
S,91701700,kup,2027,0,1627,1520,-2032,-880,-16984,44,34,-31,0
S,91711700,kup,2027,0,1627,1520,-2080,-840,-16920,43,28,-32,0
S,91721700,kup,2027,0,1627,1520,-2016,-872,-17024,37,19,-25,0
S,91731700,kup,2027,0,1627,1520,-2000,-840,-16960,27,8,-26,0
S,91741700,kup,2027,0,1627,1520,-2008,-880,-16944,33,13,-32,0
S,91751700,kup,2027,0,1627,1520,-1960,-1040,-17024,43,25,-33,0
S,91761700,kup,2027,0,1627,1520,-2104,-808,-16992,47,37,-30,0
S,91771700,kup,2027,0,1627,1520,-1976,-856,-16888,44,33,-29,0
S,91781700,kup,2027,0,1627,1520,-2064,-880,-16976,26,20,-34,0
S,91791700,kup,2027,0,1627,1520,-1960,-824,-17104,36,18,-28,0
S,91801700,kup,2027,0,1627,1520,-1984,-752,-16976,46,21,-23,0
S,91811700,kup,2027,0,1627,1520,-2016,-840,-16984,49,27,-31,0
S,91821700,kup,2027,0,1627,1520,-2000,-888,-16848,36,30,-34,0
S,91831700,kup,2027,0,1627,1520,-2040,-824,-16968,31,25,-28,0
S,91841700,kup,2027,0,1627,1520,-2048,-912,-17056,29,25,-27,0
S,91851700,kup,2027,0,1627,1520,-2128,-864,-16984,42,28,-31,0
S,91861700,kup,2027,0,1627,1520,-1824,-944,-16976,50,29,-27,0
S,91871700,kup,2027,0,1627,1520,-2048,-872,-16976,45,22,-27,0
E,91871806,kup,2028,0,1628,1520,,,,,,,0
S,91872448,kup,2028,0,1628,1520,-1960,-744,-16744,43,19,-24,0
S,91882432,kup,2028,0,1628,1520,-2000,-840,-16896,35,19,-28,0
S,91892430,kup,2028,0,1628,1520,-2224,-824,-17032,30,27,-22,0
S,91902430,kup,2028,0,1628,1520,-2152,-1000,-16952,32,28,-32,0
S,91912430,kup,2028,0,1628,1520,-1952,-920,-17008,48,25,-31,0
S,91922430,kup,2028,0,1628,1520,-2096,-744,-16992,42,23,-34,0
S,91932430,kup,2028,0,1628,1520,-1968,-880,-17040,41,21,-32,0
S,91942430,kup,2028,0,1628,1520,-2040,-856,-16864,37,19,-30,0
S,91952430,kup,2028,0,1628,1520,-2064,-872,-17032,38,17,-27,0
S,91962430,kup,2028,0,1628,1520,-2040,-856,-17000,45,23,-29,0
S,91972430,kup,2028,0,1628,1520,-2040,-896,-16920,41,31,-27,0
S,91982430,kup,2028,0,1628,1520,-1928,-928,-16944,33,18,-28,0
S,91992431,kup,2028,0,1628,1520,-1880,-768,-16928,29,20,-36,0
S,92002430,kup,2028,0,1628,1520,-2080,-928,-16976,36,27,-31,0
S,92012430,kup,2028,0,1628,1520,-2000,-840,-16960,48,18,-32,0
S,92022430,kup,2028,0,1628,1520,-2104,-968,-16984,44,25,-29,0
S,92032430,kup,2028,0,1628,1520,-2072,-856,-16920,33,19,-24,0
S,92042430,kup,2028,0,1628,1520,-2000,-968,-16976,29,21,-31,0
S,92052430,kup,2028,0,1628,1520,-2056,-896,-16936,41,23,-34,0
S,92062430,kup,2028,0,1628,1520,-2008,-824,-16928,44,20,-31,0
S,92072431,kup,2028,0,1628,1520,-1920,-872,-16968,42,20,-32,0
S,92082430,kup,2028,0,1628,1520,-1984,-984,-17040,42,24,-27,0
S,92092430,kup,2028,0,1628,1520,-2008,-976,-17016,37,21,-27,0
S,92102430,kup,2028,0,1628,1520,-2000,-912,-17016,37,21,-30,0
S,92112430,kup,2028,0,1628,1520,-2064,-912,-16952,34,19,-34,0
S,92122431,kup,2028,0,1628,1520,-2096,-840,-16920,43,22,-30,0
E,92122536,kup,2029,0,1629,1520,,,,,,,0
S,92123167,kup,2029,0,1629,1520,-2096,-840,-16920,42,27,-29,0
S,92133158,kup,2029,0,1629,1520,-2208,-896,-16976,40,25,-25,0
S,92143157,kup,2029,0,1629,1520,-2040,-856,-16952,35,21,-24,0
S,92153156,kup,2029,0,1629,1520,-2008,-912,-16928,33,16,-31,0
S,92163156,kup,2029,0,1629,1520,-2072,-936,-16976,37,18,-35,0
S,92173157,kup,2029,0,1629,1520,-1992,-872,-17064,42,25,-33,0
S,92183157,kup,2029,0,1629,1520,-2072,-912,-17064,39,23,-34,0
S,92193156,kup,2029,0,1629,1520,-2008,-944,-17032,40,21,-26,0
S,92203157,kup,2029,0,1629,1520,-1944,-904,-16960,31,20,-33,0
S,92213157,kup,2029,0,1629,1520,-2040,-888,-16888,33,31,-30,0
S,92223156,kup,2029,0,1629,1520,-2056,-880,-17048,45,27,-29,0
S,92233156,kup,2029,0,1629,1520,-2024,-864,-17032,44,25,-29,0
S,92243157,kup,2029,0,1629,1520,-1944,-728,-16944,34,22,-30,0
S,92253157,kup,2029,0,1629,1520,-1976,-952,-17016,39,23,-30,0
S,92263156,kup,2029,0,1629,1520,-2104,-928,-16936,39,28,-31,0
S,92273156,kup,2029,0,1629,1520,-2096,-840,-16968,38,24,-31,0
S,92283156,kup,2029,0,1629,1520,-2016,-920,-17104,39,26,-26,0
S,92293157,kup,2029,0,1629,1520,-2072,-1048,-16976,35,21,-27,0
S,92303157,kup,2029,0,1629,1520,-1936,-936,-17016,38,27,-34,0
S,92313156,kup,2029,0,1629,1520,-1944,-904,-16984,38,23,-27,0
S,92323156,kup,2029,0,1629,1520,-1928,-888,-16944,35,17,-29,0
S,92333157,kup,2029,0,1629,1520,-2024,-960,-17024,40,26,-29,0
S,92343156,kup,2029,0,1629,1520,-1912,-920,-16992,35,19,-25,0
S,92353156,kup,2029,0,1629,1520,-2024,-792,-16928,27,21,-32,0
S,92363157,kup,2029,0,1629,1520,-1872,-856,-16992,41,17,-26,0
S,92373156,kup,2029,0,1629,1520,-2024,-792,-16984,38,22,-28,0
E,92373261,kup,2030,0,1630,1520,,,,,,,0
S,92373903,kup,2030,0,1630,1520,-2024,-856,-16872,38,22,-23,0
S,92383891,kup,2030,0,1630,1520,-1880,-936,-16960,44,25,-28,0
S,92393890,kup,2030,0,1630,1520,-1992,-912,-16920,35,26,-31,0
S,92403890,kup,2030,0,1630,1520,-2088,-888,-17048,40,23,-29,0
S,92413890,kup,2030,0,1630,1520,-2008,-840,-17000,38,23,-30,0
S,92423890,kup,2030,0,1630,1520,-2088,-904,-16888,40,20,-32,0
S,92433890,kup,2030,0,1630,1520,-2048,-904,-16920,45,26,-27,0
S,92443890,kup,2030,0,1630,1520,-2048,-936,-16912,43,25,-27,0
S,92453890,kup,2030,0,1630,1520,-2024,-928,-16944,36,26,-32,0
S,92463890,kup,2030,0,1630,1520,-1880,-992,-16832,37,22,-31,0
S,92473890,kup,2030,0,1630,1520,-1960,-984,-17056,34,25,-32,0
S,92483890,kup,2030,0,1630,1520,-2112,-808,-16992,42,21,-31,0
S,92493890,kup,2030,0,1630,1520,-1920,-832,-16984,41,26,-29,0
S,92503890,kup,2030,0,1630,1520,-1968,-784,-16928,36,19,-31,0
S,92513890,kup,2030,0,1630,1520,-2080,-784,-17024,30,14,-27,0
S,92523890,kup,2030,0,1630,1520,-2008,-888,-17024,35,23,-32,0
S,92533890,kup,2030,0,1630,1520,-2032,-936,-17048,42,26,-31,0
S,92543890,kup,2030,0,1630,1520,-2144,-1096,-16832,44,26,-28,0
S,92553890,kup,2030,0,1630,1520,-2032,-824,-17024,45,26,-29,0
S,92563890,kup,2030,0,1630,1520,-2016,-864,-16840,40,23,-29,0
S,92573890,kup,2030,0,1630,1520,-2008,-928,-16896,34,22,-32,0
S,92583890,kup,2030,0,1630,1520,-2064,-984,-17016,42,28,-32,0
S,92593890,kup,2030,0,1630,1520,-1976,-888,-16992,38,24,-28,0
S,92603890,kup,2030,0,1630,1520,-2000,-912,-17024,35,26,-23,0
S,92613890,kup,2030,0,1630,1520,-2120,-952,-16952,37,25,-24,0
S,92623890,kup,2030,0,1630,1520,-1968,-760,-16976,36,29,-29,0
E,92623995,kup,2031,0,1631,1520,,,,,,,0
S,92624627,kup,2031,0,1631,1520,-1968,-760,-16976,37,21,-31,0
S,92634618,kup,2031,0,1631,1520,-2512,-1328,-16848,41,13,-25,0
S,92644616,kup,2031,0,1631,1520,-1600,-944,-17264,26,-24,-24,0
S,92654616,kup,2031,0,1631,1520,-2008,-864,-16896,28,-62,-22,0
S,92664616,kup,2031,0,1631,1520,-2632,-648,-17136,43,-102,-25,0
S,92674616,kup,2031,0,1631,1520,-1656,-864,-17408,37,-133,-22,0
S,92684616,kup,2031,0,1631,1520,-2208,-1080,-17048,52,-121,-27,0
S,92694616,kup,2031,0,1631,1520,-1984,-832,-17184,54,-54,-21,0
S,92704616,kup,2031,0,1631,1520,-2024,-864,-16840,53,19,-25,0
S,92714616,kup,2031,0,1631,1520,-2248,-848,-16776,33,79,-31,0
S,92724616,kup,2031,0,1631,1520,-2280,-888,-16944,10,88,-32,0
S,92734616,kup,2031,0,1631,1520,-2208,-992,-17080,12,54,-32,0
S,92744616,kup,2031,0,1631,1520,-2128,-888,-16896,38,5,-24,0
S,92754616,kup,2031,0,1631,1520,-2072,-912,-17008,61,-20,-27,0
S,92764616,kup,2031,0,1631,1520,-2120,-872,-16872,76,-19,-31,0
S,92774616,kup,2031,0,1631,1520,-2064,-720,-16968,48,9,-35,0
S,92784616,kup,2031,0,1631,1520,-2152,-936,-16944,24,39,-23,0
S,92794616,kup,2031,0,1631,1520,-2064,-792,-16976,9,59,-28,0
S,92804616,kup,2031,0,1631,1520,-2120,-1040,-16984,26,45,-28,0
S,92814616,kup,2031,0,1631,1520,-2168,-912,-17016,48,25,-29,0
S,92824616,kup,2031,0,1631,1520,-2192,-952,-17040,60,-5,-28,0
S,92834616,kup,2031,0,1631,1520,-2160,-864,-16952,49,-8,-28,0
S,92844616,kup,2031,0,1631,1520,-2120,-944,-16976,39,7,-26,0
S,92854616,kup,2031,0,1631,1520,-2120,-848,-16880,29,26,-26,0
S,92864616,kup,2031,0,1631,1520,-2080,-960,-16928,32,48,-32,0
S,92874616,kup,2031,0,1631,1520,-2032,-840,-16928,34,41,-29,0
E,92874721,kup,2032,0,1632,1520,,,,,,,0
S,92875360,kup,2032,0,1632,1520,-2064,-760,-17024,34,42,-30,0
S,92885347,kup,2032,0,1632,1520,-2040,-960,-17032,41,27,-25,0
S,92895346,kup,2032,0,1632,1520,-2152,-904,-16984,42,5,-33,0
S,92905346,kup,2032,0,1632,1520,-2088,-896,-16952,37,3,-31,0
S,92915346,kup,2032,0,1632,1520,-2192,-880,-16784,37,13,-27,0
S,92925346,kup,2032,0,1632,1520,-2096,-832,-16984,42,30,-28,0
S,92935346,kup,2032,0,1632,1520,-2168,-976,-17016,35,36,-35,0
S,92945346,kup,2032,0,1632,1520,-2184,-968,-17000,28,37,-29,0
S,92955346,kup,2032,0,1632,1520,-2192,-944,-16976,38,26,-34,0
S,92965346,kup,2032,0,1632,1520,-2064,-848,-16952,39,14,-33,0
S,92975346,kup,2032,0,1632,1520,-2128,-920,-16992,46,18,-29,0
S,92985346,kup,2032,0,1632,1520,-2312,-800,-16920,45,21,-33,0
S,92995346,kup,2032,0,1632,1520,-2232,-832,-16968,36,22,-26,0
S,93005346,kup,2032,0,1632,1520,-2072,-936,-16896,29,31,-31,0
S,93015346,kup,2032,0,1632,1520,-2040,-888,-16928,40,28,-29,0
S,93025346,kup,2032,0,1632,1520,-2040,-960,-16992,42,28,-31,0
S,93035346,kup,2032,0,1632,1520,-2144,-952,-16912,43,18,-23,0
S,93045346,kup,2032,0,1632,1520,-2128,-904,-17096,47,17,-27,0
S,93055346,kup,2032,0,1632,1520,-2176,-848,-16928,36,20,-31,0
S,93065346,kup,2032,0,1632,1520,-2136,-792,-16936,29,26,-27,0
S,93075346,kup,2032,0,1632,1520,-2152,-880,-17008,33,31,-27,0
S,93085346,kup,2032,0,1632,1520,-2080,-984,-17032,35,23,-36,0
S,93095346,kup,2032,0,1632,1520,-2184,-904,-16960,38,25,-34,0
S,93105346,kup,2032,0,1632,1520,-2080,-872,-16960,39,18,-32,0
S,93115346,kup,2032,0,1632,1520,-2200,-872,-17000,33,14,-32,0
S,93125346,kup,2032,0,1632,1520,-2048,-896,-16968,40,22,-23,0
E,93125456,kup,2033,0,1633,1520,,,,,,,0
S,93126087,kup,2033,0,1633,1520,-2240,-960,-16984,39,23,-29,0
S,93136078,kup,2033,0,1633,1520,-2072,-960,-16952,43,24,-27,0
S,93146077,kup,2033,0,1633,1520,-2104,-864,-16968,38,28,-30,0
S,93156077,kup,2033,0,1633,1520,-2176,-1000,-17032,37,28,-32,0
S,93166077,kup,2033,0,1633,1520,-2192,-896,-16968,33,19,-25,0
S,93176078,kup,2033,0,1633,1520,-2200,-864,-17000,40,14,-30,0
S,93186077,kup,2033,0,1633,1520,-2144,-872,-16896,38,18,-28,0
S,93196077,kup,2033,0,1633,1520,-2080,-752,-16984,37,22,-34,0
S,93206077,kup,2033,0,1633,1520,-2160,-1032,-17048,38,22,-26,0
S,93216077,kup,2033,0,1633,1520,-2080,-992,-16944,35,23,-34,0
S,93226078,kup,2033,0,1633,1520,-2104,-912,-16872,39,22,-30,0
S,93236077,kup,2033,0,1633,1520,-2080,-1024,-16992,45,16,-24,0
S,93246077,kup,2033,0,1633,1520,-2176,-960,-16912,41,20,-29,0
S,93256077,kup,2033,0,1633,1520,-2080,-896,-16904,40,17,-31,0
S,93266077,kup,2033,0,1633,1520,-2104,-768,-16920,35,21,-29,0
S,93276077,kup,2033,0,1633,1520,-2120,-752,-17024,39,25,-31,0
S,93286077,kup,2033,0,1633,1520,-2072,-944,-17016,38,29,-31,0
S,93296077,kup,2033,0,1633,1520,-2040,-880,-17032,39,26,-27,0
S,93306077,kup,2033,0,1633,1520,-2240,-776,-16896,40,26,-28,0
S,93316077,kup,2033,0,1633,1520,-2096,-912,-16872,40,23,-34,0
S,93326078,kup,2033,0,1633,1520,-2024,-864,-16952,32,23,-25,0
S,93336077,kup,2033,0,1633,1520,-2104,-776,-16968,38,22,-35,0
S,93346077,kup,2033,0,1633,1520,-2184,-848,-16864,42,19,-28,0
S,93356077,kup,2033,0,1633,1520,-2104,-912,-16880,38,24,-26,0
S,93366077,kup,2033,0,1633,1520,-2056,-784,-17016,36,20,-32,0
S,93376077,kup,2033,0,1633,1520,-2144,-880,-17000,38,21,-30,0
E,93376182,kup,2034,0,1634,1520,,,,,,,0
S,93376821,kup,2034,0,1634,1520,-2136,-728,-16936,38,22,-27,0
S,93386809,kup,2034,0,1634,1520,-2056,-808,-16968,38,17,-33,0
S,93396809,kup,2034,0,1634,1520,-1064,-384,-16776,34,10,-29,0
S,93406809,kup,2034,0,1634,1520,-1368,1128,-16936,27,-27,-23,0
S,93416809,kup,2034,0,1634,1520,-3256,-2000,-16440,24,-68,-59,0
S,93426809,kup,2034,0,1634,1520,-1736,-632,-17200,26,-94,-14,0
S,93436809,kup,2034,0,1634,1520,-2688,-888,-16856,43,-64,-18,0
S,93446809,kup,2034,0,1634,1520,-2152,-1112,-17024,72,15,-31,0
S,93456809,kup,2034,0,1634,1520,-2176,-936,-16880,62,70,-31,0
S,93466809,kup,2034,0,1634,1520,-2016,-728,-16888,17,93,-28,0
S,93476809,kup,2034,0,1634,1520,-2128,-760,-16832,-14,71,-34,0
S,93486809,kup,2034,0,1634,1520,-2144,-696,-17064,12,15,-26,0
S,93496809,kup,2034,0,1634,1520,-2232,-1032,-16936,48,-10,-29,0
S,93506809,kup,2034,0,1634,1520,-2216,-1000,-16920,76,-18,-27,0
S,93516809,kup,2034,0,1634,1520,-2160,-896,-16944,72,-2,-32,0
S,93526809,kup,2034,0,1634,1520,-2288,-696,-16912,34,31,-26,0
S,93536809,kup,2034,0,1634,1520,-2240,-1000,-16880,6,45,-34,0
S,93546809,kup,2034,0,1634,1520,-2304,-880,-16960,12,47,-24,0
S,93556809,kup,2034,0,1634,1520,-2288,-776,-16872,35,33,-24,0
S,93566809,kup,2034,0,1634,1520,-2184,-864,-16904,60,13,-33,0
S,93576809,kup,2034,0,1634,1520,-2168,-904,-16952,61,-3,-30,0
S,93586809,kup,2034,0,1634,1520,-2288,-920,-16936,43,4,-24,0
S,93596809,kup,2034,0,1634,1520,-2168,-784,-16928,26,20,-30,0
S,93606809,kup,2034,0,1634,1520,-2264,-880,-16848,22,40,-30,0
S,93616809,kup,2034,0,1634,1520,-2144,-976,-17088,32,50,-28,0
S,93626809,kup,2034,0,1634,1520,-2112,-1040,-17024,42,39,-31,0
E,93626915,kup,2035,0,1635,1520,,,,,,,0
S,93627553,kup,2035,0,1635,1520,-2112,-856,-17080,44,39,-29,0
S,93637540,kup,2035,0,1635,1520,-1992,-808,-16928,44,13,-35,0
S,93647539,kup,2035,0,1635,1520,-2184,-848,-16792,40,-2,-31,0
S,93657539,kup,2035,0,1635,1520,-2264,-944,-16888,38,6,-30,0
S,93667539,kup,2035,0,1635,1520,-2216,-968,-16936,38,21,-27,0
S,93677539,kup,2035,0,1635,1520,-2208,-816,-17040,36,38,-31,0
S,93687539,kup,2035,0,1635,1520,-2064,-864,-16984,38,43,-23,0
S,93697540,kup,2035,0,1635,1520,-2168,-760,-17120,27,28,-30,0
S,93707539,kup,2035,0,1635,1520,-2240,-848,-17024,37,12,-32,0
S,93717539,kup,2035,0,1635,1520,-2168,-896,-16880,49,9,-29,0
S,93727539,kup,2035,0,1635,1520,-2080,-848,-16952,49,17,-28,0
S,93737539,kup,2035,0,1635,1520,-2200,-896,-16880,40,22,-27,0
S,93747539,kup,2035,0,1635,1520,-2112,-832,-16912,35,31,-27,0
S,93757539,kup,2035,0,1635,1520,-2320,-856,-16984,32,29,-29,0
S,93767539,kup,2035,0,1635,1520,-2288,-920,-16896,31,27,-32,0
S,93777539,kup,2035,0,1635,1520,-2176,-800,-17024,45,19,-32,0
S,93787539,kup,2035,0,1635,1520,-2096,-968,-17008,49,18,-30,0
S,93797539,kup,2035,0,1635,1520,-2232,-856,-16880,42,16,-26,0
S,93807539,kup,2035,0,1635,1520,-2152,-1000,-17008,31,17,-32,0
S,93817539,kup,2035,0,1635,1520,-2088,-880,-16880,27,24,-31,0
S,93827539,kup,2035,0,1635,1520,-2240,-888,-16840,34,32,-30,0
S,93837539,kup,2035,0,1635,1520,-2288,-888,-16912,41,31,-23,0
S,93847539,kup,2035,0,1635,1520,-2280,-864,-16880,40,18,-29,0
S,93857539,kup,2035,0,1635,1520,-2224,-840,-17032,43,18,-25,0
S,93867539,kup,2035,0,1635,1520,-2176,-840,-16960,37,18,-34,0
S,93877539,kup,2035,0,1635,1520,-2232,-872,-17024,42,22,-33,0
E,93877644,kup,2036,0,1636,1520,,,,,,,0
S,93878283,kup,2036,0,1636,1520,-2216,-816,-17024,34,17,-37,0
S,93888270,kup,2036,0,1636,1520,-2056,-928,-16912,37,24,-27,0
S,93898269,kup,2036,0,1636,1520,-2104,-784,-16856,39,31,-26,0
S,93908269,kup,2036,0,1636,1520,-2160,-848,-17072,37,25,-34,0
S,93918269,kup,2036,0,1636,1520,-2216,-880,-17000,33,17,-25,0
S,93928269,kup,2036,0,1636,1520,-2240,-944,-16920,47,20,-25,0
S,93938269,kup,2036,0,1636,1520,-2208,-904,-16840,43,19,-32,0
S,93948269,kup,2036,0,1636,1520,-2192,-832,-16904,38,22,-24,0
S,93958269,kup,2036,0,1636,1520,-2160,-872,-16944,33,29,-28,0
S,93968269,kup,2036,0,1636,1520,-2232,-816,-16872,33,29,-32,0
S,93978269,kup,2036,0,1636,1520,-2240,-856,-16952,35,22,-30,0
S,93988269,kup,2036,0,1636,1520,-2144,-808,-16936,41,26,-29,0
S,93998269,kup,2036,0,1636,1520,-2088,-952,-16960,40,20,-29,0
S,94008269,kup,2036,0,1636,1520,-2112,-728,-16960,43,21,-33,0
S,94018269,kup,2036,0,1636,1520,-2064,-848,-16944,32,18,-30,0
S,94028269,kup,2036,0,1636,1520,-2136,-800,-16984,36,22,-28,0
S,94038269,kup,2036,0,1636,1520,-2088,-944,-16856,41,28,-27,0
S,94048269,kup,2036,0,1636,1520,-2104,-864,-16920,42,20,-32,0
S,94058269,kup,2036,0,1636,1520,-2144,-736,-16944,37,21,-28,0
S,94068269,kup,2036,0,1636,1520,-2176,-816,-16936,38,20,-32,0
S,94078269,kup,2036,0,1636,1520,-2328,-1000,-16784,39,20,-26,0
S,94088269,kup,2036,0,1636,1520,-2112,-896,-16944,42,21,-32,0
S,94098269,kup,2036,0,1636,1520,-2200,-832,-16952,46,24,-26,0
S,94108269,kup,2036,0,1636,1520,-2136,-928,-16912,42,27,-27,0
S,94118269,kup,2036,0,1636,1520,-2160,-800,-16976,38,22,-32,0
S,94128269,kup,2036,0,1636,1520,-2136,-984,-16920,37,21,-33,0
E,94128379,kup,2037,0,1637,1520,,,,,,,0
S,94129010,kup,2037,0,1637,1520,-2168,-832,-16912,36,30,-32,0
S,94139001,kup,2037,0,1637,1520,-2408,-952,-16928,38,14,-23,0
S,94149000,kup,2037,0,1637,1520,-1896,-1088,-17024,32,7,-21,0
S,94159000,kup,2037,0,1637,1520,-2400,-800,-17200,35,-20,-26,0
S,94169001,kup,2037,0,1637,1520,-2568,-768,-16896,30,-29,-23,0
S,94179000,kup,2037,0,1637,1520,-1984,-872,-16984,47,-13,-24,0
S,94189000,kup,2037,0,1637,1520,-2088,-776,-16928,61,24,-33,0
S,94199000,kup,2037,0,1637,1520,-2272,-880,-17016,44,44,-31,0
S,94209000,kup,2037,0,1637,1520,-2280,-856,-17000,24,42,-30,0
S,94219000,kup,2037,0,1637,1520,-2216,-976,-16976,16,27,-27,0
S,94229000,kup,2037,0,1637,1520,-2208,-1008,-17048,32,17,-26,0
S,94239000,kup,2037,0,1637,1520,-2248,-968,-17032,55,12,-26,0
S,94249000,kup,2037,0,1637,1520,-2232,-1008,-16856,59,6,-34,0
S,94259000,kup,2037,0,1637,1520,-2320,-872,-16888,46,25,-32,0
S,94269000,kup,2037,0,1637,1520,-2152,-824,-17000,29,25,-25,0
S,94279000,kup,2037,0,1637,1520,-2168,-912,-16944,20,30,-23,0
S,94289000,kup,2037,0,1637,1520,-2144,-888,-16904,35,32,-27,0
S,94299000,kup,2037,0,1637,1520,-2160,-840,-16936,46,27,-32,0
S,94309001,kup,2037,0,1637,1520,-2240,-816,-16920,51,15,-31,0
S,94319001,kup,2037,0,1637,1520,-2224,-944,-17096,39,9,-30,0
S,94329000,kup,2037,0,1637,1520,-2224,-952,-16984,31,16,-27,0
S,94339000,kup,2037,0,1637,1520,-2320,-928,-16992,31,28,-30,0
S,94349000,kup,2037,0,1637,1520,-2176,-992,-16920,38,35,-26,0
S,94359000,kup,2037,0,1637,1520,-2224,-848,-16984,49,29,-24,0
S,94369001,kup,2037,0,1637,1520,-2144,-832,-16856,41,20,-30,0
S,94379001,kup,2037,0,1637,1520,-2200,-752,-17056,39,12,-30,0
E,94379106,kup,2038,0,1638,1520,,,,,,,0
S,94379745,kup,2038,0,1638,1520,-2216,-904,-16856,42,13,-31,0
S,94389732,kup,2038,0,1638,1520,-2112,-872,-16952,32,17,-25,0
S,94399731,kup,2038,0,1638,1520,-2256,-888,-16968,44,23,-30,0
S,94409731,kup,2038,0,1638,1520,-2240,-1080,-16920,44,30,-36,0
S,94419731,kup,2038,0,1638,1520,-2176,-912,-17112,34,33,-22,0
S,94429731,kup,2038,0,1638,1520,-2184,-960,-16968,28,20,-21,0
S,94439731,kup,2038,0,1638,1520,-2104,-800,-16904,34,16,-32,0
S,94449731,kup,2038,0,1638,1520,-2080,-1032,-17080,44,13,-29,0
S,94459731,kup,2038,0,1638,1520,-2240,-856,-16784,43,20,-28,0
S,94469731,kup,2038,0,1638,1520,-2240,-824,-16976,37,18,-28,0
S,94479731,kup,2038,0,1638,1520,-2144,-936,-16904,29,21,-29,0
S,94489731,kup,2038,0,1638,1520,-2080,-776,-16928,33,21,-32,0
S,94499731,kup,2038,0,1638,1520,-2120,-904,-17000,42,19,-31,0
S,94509731,kup,2038,0,1638,1520,-2096,-944,-16952,44,23,-32,0
S,94519731,kup,2038,0,1638,1520,-2160,-880,-16928,38,21,-32,0
S,94529731,kup,2038,0,1638,1520,-2184,-872,-17008,46,22,-29,0
S,94539731,kup,2038,0,1638,1520,-2104,-880,-16960,36,23,-30,0
S,94549731,kup,2038,0,1638,1520,-2152,-848,-16960,37,24,-29,0
S,94559731,kup,2038,0,1638,1520,-2128,-952,-16912,40,22,-24,0
S,94569731,kup,2038,0,1638,1520,-2256,-784,-16904,44,29,-30,0
S,94579731,kup,2038,0,1638,1520,-2128,-824,-16856,40,22,-28,0
S,94589731,kup,2038,0,1638,1520,-2232,-944,-16928,33,19,-30,0
S,94599731,kup,2038,0,1638,1520,-2216,-800,-16896,38,24,-34,0
S,94609731,kup,2038,0,1638,1520,-2224,-936,-16960,35,22,-25,0
S,94619731,kup,2038,0,1638,1520,-2256,-952,-17024,43,24,-30,0
S,94629731,kup,2038,0,1638,1520,-2264,-888,-16944,32,30,-26,0
E,94629836,kup,2039,0,1639,1520,,,,,,,0
S,94630475,kup,2039,0,1639,1520,-2184,-800,-16920,33,29,-30,0
S,94640462,kup,2039,0,1639,1520,-2104,-920,-16928,34,25,-34,0
S,94650462,kup,2039,0,1639,1520,-2312,-920,-16960,37,21,-32,0
S,94660462,kup,2039,0,1639,1520,-2168,-848,-16904,42,27,-27,0
S,94670462,kup,2039,0,1639,1520,-2184,-1008,-17008,38,24,-25,0
S,94680462,kup,2039,0,1639,1520,-2128,-880,-17024,38,26,-31,0
S,94690462,kup,2039,0,1639,1520,-2152,-832,-16960,37,22,-26,0
S,94700462,kup,2039,0,1639,1520,-2144,-904,-16984,34,19,-31,0
S,94710462,kup,2039,0,1639,1520,-2248,-768,-16960,38,19,-28,0
S,94720462,kup,2039,0,1639,1520,-2184,-848,-16920,38,26,-27,0
S,94730462,kup,2039,0,1639,1520,-2272,-840,-17032,39,22,-17,0
S,94740462,kup,2039,0,1639,1520,-2192,-784,-16928,37,18,-34,0
S,94750462,kup,2039,0,1639,1520,-2168,-880,-16904,32,21,-27,0
S,94760462,kup,2039,0,1639,1520,-2256,-920,-16952,36,25,-28,0
S,94770462,kup,2039,0,1639,1520,-2160,-912,-17000,39,25,-28,0
S,94780462,kup,2039,0,1639,1520,-2176,-944,-16960,42,24,-27,0
S,94790462,kup,2039,0,1639,1520,-2232,-760,-16952,39,27,-25,0
S,94800462,kup,2039,0,1639,1520,-2224,-792,-16992,37,21,-28,0
S,94810462,kup,2039,0,1639,1520,-2080,-712,-16952,36,23,-28,0
S,94820462,kup,2039,0,1639,1520,-2096,-872,-16848,37,20,-23,0
S,94830462,kup,2039,0,1639,1520,-2112,-752,-16992,35,26,-34,0
S,94840462,kup,2039,0,1639,1520,-2240,-736,-16976,39,18,-28,0
S,94850462,kup,2039,0,1639,1520,-2176,-896,-16952,40,21,-26,0
S,94860462,kup,2039,0,1639,1520,-2232,-880,-16920,41,28,-26,0
S,94870462,kup,2039,0,1639,1520,-2136,-824,-16808,41,21,-29,0
S,94880462,kup,2039,0,1639,1520,-2232,-840,-16976,37,22,-33,0
E,94880567,kup,2040,0,1640,1520,,,,,,,0
S,94881206,kup,2040,0,1640,1520,-2232,-928,-16952,39,24,-30,0
S,94891194,kup,2040,0,1640,1520,-2208,-848,-16920,42,23,-30,0
S,94901193,kup,2040,0,1640,1520,-2216,-928,-16808,39,25,-27,0
S,94911193,kup,2040,0,1640,1520,-2200,-960,-17000,33,28,-32,0
S,94921192,kup,2040,0,1640,1520,-2184,-840,-16896,41,20,-27,0
S,94931193,kup,2040,0,1640,1520,-2136,-928,-16880,41,25,-30,0
S,94941192,kup,2040,0,1640,1520,-2216,-976,-16968,39,19,-23,0
S,94951192,kup,2040,0,1640,1520,-2120,-952,-16848,36,23,-31,0
S,94961192,kup,2040,0,1640,1520,-2184,-888,-16936,40,23,-32,0
S,94971193,kup,2040,0,1640,1520,-2248,-904,-16960,37,25,-29,0
S,94981192,kup,2040,0,1640,1520,-2272,-816,-16976,38,22,-36,0
S,94991193,kup,2040,0,1640,1520,-2248,-856,-16992,37,22,-31,0
S,95001193,kup,2040,0,1640,1520,-2104,-984,-16992,38,24,-31,0
S,95011193,kup,2040,0,1640,1520,-2208,-832,-16896,37,24,-33,0
S,95021192,kup,2040,0,1640,1520,-2184,-1056,-16880,37,26,-27,0
S,95031192,kup,2040,0,1640,1520,-2352,-920,-16928,37,21,-23,0
S,95041192,kup,2040,0,1640,1520,-2088,-912,-17088,38,21,-30,0
S,95051192,kup,2040,0,1640,1520,-2176,-984,-16920,47,20,-27,0
S,95061192,kup,2040,0,1640,1520,-2200,-848,-16904,35,26,-30,0
S,95071193,kup,2040,0,1640,1520,-2160,-816,-16984,36,21,-26,0
S,95081192,kup,2040,0,1640,1520,-2176,-944,-16840,35,19,-36,0
S,95091192,kup,2040,0,1640,1520,-2136,-880,-16976,39,23,-25,0
S,95101193,kup,2040,0,1640,1520,-2216,-936,-16992,39,28,-28,0
S,95111192,kup,2040,0,1640,1520,-2232,-872,-16936,43,26,-31,0
S,95121192,kup,2040,0,1640,1520,-2184,-824,-16928,37,23,-28,0
S,95131192,kup,2040,0,1640,1520,-2184,-864,-17112,44,17,-31,0
E,95131298,kup,2041,0,1641,1520,,,,,,,0
S,95131940,kup,2041,0,1641,1520,-2176,-880,-17032,35,24,-32,0
S,95141927,kup,2041,0,1641,1520,-2176,-744,-16912,41,27,-30,0
S,95151926,kup,2041,0,1641,1520,-2152,-856,-16976,36,23,-29,0
S,95161926,kup,2041,0,1641,1520,-2112,-800,-16936,39,25,-34,0
S,95171926,kup,2041,0,1641,1520,-2136,-832,-16952,39,22,-28,0
S,95181927,kup,2041,0,1641,1520,-2096,-824,-16880,37,24,-26,0
S,95191926,kup,2041,0,1641,1520,-2144,-856,-16968,42,20,-23,0
S,95201926,kup,2041,0,1641,1520,-2312,-800,-16904,42,23,-25,0
S,95211926,kup,2041,0,1641,1520,-2088,-864,-16936,41,18,-31,0
S,95221926,kup,2041,0,1641,1520,-2160,-896,-16928,35,21,-33,0
S,95231926,kup,2041,0,1641,1520,-2184,-848,-16952,36,25,-24,0
S,95241926,kup,2041,0,1641,1520,-2208,-840,-16952,40,24,-29,0
S,95251926,kup,2041,0,1641,1520,-2128,-800,-17032,34,22,-32,0
S,95261927,kup,2041,0,1641,1520,-2200,-1024,-17056,40,25,-30,0
S,95271926,kup,2041,0,1641,1520,-2168,-1024,-16952,41,32,-28,0
S,95281926,kup,2041,0,1641,1520,-2144,-920,-16888,35,25,-30,0
S,95291926,kup,2041,0,1641,1520,-2152,-800,-16936,40,25,-28,0
S,95301926,kup,2041,0,1641,1520,-2104,-856,-17056,42,20,-26,0
S,95311926,kup,2041,0,1641,1520,-2240,-888,-16968,33,24,-26,0
S,95321926,kup,2041,0,1641,1520,-2208,-912,-17008,39,20,-29,0
S,95331926,kup,2041,0,1641,1520,-2160,-880,-17000,45,22,-25,0
S,95341926,kup,2041,0,1641,1520,-2264,-856,-16944,39,17,-30,0
S,95351926,kup,2041,0,1641,1520,-2048,-920,-17024,37,23,-32,0
S,95361926,kup,2041,0,1641,1520,-2280,-848,-16952,47,18,-31,0
S,95371926,kup,2041,0,1641,1520,-2200,-920,-17000,41,22,-29,0
S,95381926,kup,2041,0,1641,1520,-2256,-824,-16936,36,21,-31,0
E,95382031,kup,2042,0,1642,1520,,,,,,,0
S,95382663,kup,2042,0,1642,1520,-2240,-888,-17024,39,19,-33,0
S,95392655,kup,2042,0,1642,1520,-2136,-944,-16920,42,23,-35,0
S,95402655,kup,2042,0,1642,1520,-2232,-872,-17016,40,24,-29,0
S,95412655,kup,2042,0,1642,1520,-2184,-928,-16976,43,28,-32,0
S,95422655,kup,2042,0,1642,1520,-2152,-912,-16968,39,26,-33,0
S,95432655,kup,2042,0,1642,1520,-2240,-896,-16976,42,21,-25,0
S,95442655,kup,2042,0,1642,1520,-2256,-768,-16992,38,24,-32,0
S,95452655,kup,2042,0,1642,1520,-2200,-896,-16880,38,23,-27,0
S,95462655,kup,2042,0,1642,1520,-2152,-888,-16856,36,21,-27,0
S,95472655,kup,2042,0,1642,1520,-2128,-760,-16984,40,16,-28,0
S,95482655,kup,2042,0,1642,1520,-2192,-936,-16848,31,28,-27,0
S,95492655,kup,2042,0,1642,1520,-2200,-1016,-17040,38,23,-31,0
S,95502655,kup,2042,0,1642,1520,-2184,-912,-16904,44,22,-28,0
S,95512655,kup,2042,0,1642,1520,-2080,-840,-17008,40,23,-31,0
S,95522655,kup,2042,0,1642,1520,-2232,-944,-16800,37,23,-26,0
S,95532655,kup,2042,0,1642,1520,-2176,-848,-16896,33,18,-31,0
S,95542655,kup,2042,0,1642,1520,-2128,-912,-17032,40,27,-28,0
S,95552655,kup,2042,0,1642,1520,-2160,-880,-16984,40,22,-33,0
S,95562655,kup,2042,0,1642,1520,-2256,-944,-16904,40,26,-26,0
S,95572655,kup,2042,0,1642,1520,-2200,-928,-16864,39,21,-32,0
S,95582655,kup,2042,0,1642,1520,-2248,-888,-16904,39,25,-26,0
S,95592655,kup,2042,0,1642,1520,-2320,-960,-16968,32,25,-27,0
S,95602655,kup,2042,0,1642,1520,-2080,-960,-16880,35,29,-32,0
S,95612655,kup,2042,0,1642,1520,-2208,-856,-16976,35,25,-29,0
S,95622655,kup,2042,0,1642,1520,-2168,-952,-16816,38,21,-34,0
S,95632655,kup,2042,0,1642,1520,-2216,-992,-16920,39,22,-29,0
E,95632760,kup,2043,0,1643,1520,,,,,,,0
S,95633401,kup,2043,0,1643,1520,-2200,-936,-17032,35,21,-25,0
S,95643387,kup,2043,0,1643,1520,-3104,-1024,-16968,40,17,-21,0
S,95653387,kup,2043,0,1643,1520,-2120,-496,-17528,31,-20,-27,0
S,95663386,kup,2043,0,1643,1520,-3432,-2048,-16664,24,-92,-22,0
S,95673386,kup,2043,0,1643,1520,-3680,-1160,-16800,41,-143,-39,0
S,95683386,kup,2043,0,1643,1520,-2344,-792,-17184,48,-155,-30,0
S,95693387,kup,2043,0,1643,1520,-1848,-976,-16776,73,-118,-26,0
S,95703387,kup,2043,0,1643,1520,-2336,-848,-16752,66,-43,-28,0
S,95713386,kup,2043,0,1643,1520,-2152,-920,-17048,37,36,-27,0
S,95723387,kup,2043,0,1643,1520,-2224,-920,-17040,17,92,-30,0
S,95733386,kup,2043,0,1643,1520,-2400,-856,-16976,8,97,-35,0
S,95743387,kup,2043,0,1643,1520,-2304,-920,-16968,22,54,-32,0
S,95753387,kup,2043,0,1643,1520,-2208,-880,-16936,48,3,-30,0
S,95763387,kup,2043,0,1643,1520,-2472,-992,-16832,69,-23,-29,0
S,95773387,kup,2043,0,1643,1520,-2416,-840,-17000,62,-19,-27,0
S,95783386,kup,2043,0,1643,1520,-2328,-904,-16896,40,12,-27,0
S,95793387,kup,2043,0,1643,1520,-2400,-768,-16896,24,49,-31,0
S,95803387,kup,2043,0,1643,1520,-2192,-824,-17080,18,63,-30,0
S,95813387,kup,2043,0,1643,1520,-2360,-824,-17008,32,45,-25,0
S,95823386,kup,2043,0,1643,1520,-2176,-976,-16960,44,21,-30,0
S,95833387,kup,2043,0,1643,1520,-2352,-912,-16920,53,-5,-30,0
S,95843387,kup,2043,0,1643,1520,-2336,-936,-16824,49,-8,-31,0
S,95853387,kup,2043,0,1643,1520,-2336,-968,-16880,37,8,-29,0
S,95863387,kup,2043,0,1643,1520,-2224,-1080,-16888,31,35,-32,0
S,95873386,kup,2043,0,1643,1520,-2400,-880,-16984,31,51,-27,0
S,95883387,kup,2043,0,1643,1520,-2376,-904,-16976,28,44,-30,0
E,95883492,kup,2044,0,1644,1520,,,,,,,0
S,95884123,kup,2044,0,1644,1520,-2296,-872,-16856,36,40,-30,0
S,95894115,kup,2044,0,1644,1520,-2208,-968,-17080,39,25,-27,0
S,95904113,kup,2044,0,1644,1520,-2344,-896,-16984,44,6,-34,0
S,95914113,kup,2044,0,1644,1520,-2360,-904,-17008,46,3,-27,0
S,95924113,kup,2044,0,1644,1520,-2208,-840,-17056,44,14,-31,0
S,95934113,kup,2044,0,1644,1520,-2352,-872,-16976,41,30,-29,0
S,95944113,kup,2044,0,1644,1520,-2368,-928,-17048,27,35,-32,0
S,95954113,kup,2044,0,1644,1520,-2344,-976,-17000,32,32,-27,0
S,95964113,kup,2044,0,1644,1520,-2320,-904,-16968,37,21,-28,0
S,95974113,kup,2044,0,1644,1520,-2224,-968,-17016,44,13,-27,0
S,95984113,kup,2044,0,1644,1520,-2192,-904,-16960,42,11,-31,0
S,95994113,kup,2044,0,1644,1520,-2272,-872,-16968,43,15,-30,0
S,96004113,kup,2044,0,1644,1520,-2376,-904,-16960,33,24,-28,0
S,96014113,kup,2044,0,1644,1520,-2320,-888,-16888,33,30,-30,0
S,96024113,kup,2044,0,1644,1520,-2416,-936,-16976,36,31,-31,0
S,96034113,kup,2044,0,1644,1520,-2264,-864,-16984,43,20,-31,0
S,96044113,kup,2044,0,1644,1520,-2352,-848,-16920,46,14,-30,0
S,96054113,kup,2044,0,1644,1520,-2320,-984,-16840,40,16,-33,0
S,96064113,kup,2044,0,1644,1520,-2352,-872,-17064,40,20,-29,0
S,96074113,kup,2044,0,1644,1520,-2400,-904,-16856,40,27,-31,0
S,96084114,kup,2044,0,1644,1520,-2424,-864,-17064,35,32,-35,0
S,96094113,kup,2044,0,1644,1520,-2272,-872,-16992,30,28,-32,0
S,96104113,kup,2044,0,1644,1520,-2288,-720,-16968,38,22,-29,0
S,96114113,kup,2044,0,1644,1520,-2328,-936,-17112,40,16,-27,0
S,96124113,kup,2044,0,1644,1520,-2304,-864,-17000,43,18,-28,0
S,96134113,kup,2044,0,1644,1520,-2376,-800,-17008,46,23,-29,0
E,96134219,kup,2045,0,1645,1520,,,,,,,0
S,96134860,kup,2045,0,1645,1520,-2320,-960,-16896,42,24,-32,0
S,96144844,kup,2045,0,1645,1520,-2232,-800,-17008,38,29,-29,0
S,96154844,kup,2045,0,1645,1520,-2384,-912,-16912,34,29,-27,0
S,96164843,kup,2045,0,1645,1520,-2272,-840,-16872,36,28,-34,0
S,96174844,kup,2045,0,1645,1520,-2360,-960,-16928,35,19,-26,0
S,96184843,kup,2045,0,1645,1520,-2360,-792,-17016,37,19,-27,0
S,96194844,kup,2045,0,1645,1520,-2224,-928,-16960,38,22,-34,0
S,96204843,kup,2045,0,1645,1520,-2248,-744,-16856,36,20,-28,0
S,96214843,kup,2045,0,1645,1520,-2288,-824,-16992,33,28,-33,0
S,96224843,kup,2045,0,1645,1520,-2384,-832,-17056,32,24,-31,0
S,96234843,kup,2045,0,1645,1520,-2440,-832,-16928,33,25,-28,0
S,96244843,kup,2045,0,1645,1520,-2224,-840,-16904,43,21,-28,0
S,96254843,kup,2045,0,1645,1520,-2352,-880,-16976,35,24,-27,0
S,96264844,kup,2045,0,1645,1520,-2336,-880,-16936,36,19,-30,0
S,96274843,kup,2045,0,1645,1520,-2360,-880,-17000,39,23,-29,0
S,96284843,kup,2045,0,1645,1520,-2392,-968,-16968,41,26,-34,0
S,96294843,kup,2045,0,1645,1520,-2360,-848,-17008,41,29,-27,0
S,96304843,kup,2045,0,1645,1520,-2248,-872,-17032,36,27,-27,0
S,96314843,kup,2045,0,1645,1520,-2352,-888,-16880,40,18,-30,0
S,96324843,kup,2045,0,1645,1520,-2288,-936,-16880,37,19,-23,0
S,96334843,kup,2045,0,1645,1520,-2312,-976,-17024,36,23,-31,0
S,96344843,kup,2045,0,1645,1520,-2440,-856,-16920,37,25,-26,0
S,96354843,kup,2045,0,1645,1520,-2272,-856,-16832,40,25,-29,0
S,96364844,kup,2045,0,1645,1520,-2376,-864,-16904,32,28,-30,0
S,96374843,kup,2045,0,1645,1520,-2312,-928,-16896,39,23,-37,0
S,96384843,kup,2045,0,1645,1520,-2216,-984,-16944,43,25,-31,0
E,96384949,kup,2046,0,1646,1520,,,,,,,0
S,96385580,kup,2046,0,1646,1520,-2312,-976,-16920,41,22,-31,0
S,96395570,kup,2046,0,1646,1520,-2264,-912,-17040,41,16,-32,0
S,96405569,kup,2046,0,1646,1520,-2304,-816,-16992,35,26,-25,0
S,96415569,kup,2046,0,1646,1520,-2352,-864,-16944,37,21,-29,0
S,96425569,kup,2046,0,1646,1520,-2328,-960,-16912,35,23,-29,0
S,96435569,kup,2046,0,1646,1520,-2288,-872,-16896,38,21,-22,0
S,96445569,kup,2046,0,1646,1520,-2336,-880,-17024,38,26,-27,0
S,96455569,kup,2046,0,1646,1520,-2304,-888,-16960,38,23,-31,0
S,96465569,kup,2046,0,1646,1520,-2328,-856,-17016,38,19,-32,0
S,96475569,kup,2046,0,1646,1520,-2304,-896,-16984,41,17,-33,0
S,96485569,kup,2046,0,1646,1520,-2392,-816,-17000,40,15,-29,0
S,96495569,kup,2046,0,1646,1520,-2312,-960,-16928,40,16,-32,0
S,96505569,kup,2046,0,1646,1520,-2384,-984,-17008,38,23,-31,0
S,96515569,kup,2046,0,1646,1520,-2456,-928,-16848,35,26,-22,0
S,96525569,kup,2046,0,1646,1520,-2320,-928,-16976,37,25,-26,0
S,96535569,kup,2046,0,1646,1520,-2360,-848,-17016,38,24,-34,0
S,96545569,kup,2046,0,1646,1520,-2288,-864,-16912,42,20,-30,0
S,96555569,kup,2046,0,1646,1520,-2344,-824,-16896,39,22,-26,0
S,96565569,kup,2046,0,1646,1520,-2360,-832,-16872,43,19,-33,0
S,96575569,kup,2046,0,1646,1520,-2336,-968,-17008,37,23,-30,0
S,96585569,kup,2046,0,1646,1520,-2408,-888,-16936,34,21,-30,0
S,96595569,kup,2046,0,1646,1520,-2280,-912,-16960,42,17,-31,0
S,96605569,kup,2046,0,1646,1520,-2240,-864,-16744,40,18,-28,0
S,96615569,kup,2046,0,1646,1520,-2416,-888,-17008,41,25,-33,0
S,96625569,kup,2046,0,1646,1520,-2328,-840,-16960,39,25,-28,0
S,96635569,kup,2046,0,1646,1520,-2328,-944,-16992,38,17,-27,0
E,96635674,kup,2047,0,1647,1520,,,,,,,0
S,96636314,kup,2047,0,1647,1520,-2376,-904,-16912,41,21,-31,0
S,96646302,kup,2047,0,1647,1520,-2312,-864,-16888,38,19,-29,0
S,96656301,kup,2047,0,1647,1520,-2416,-888,-16968,41,25,-31,0
S,96666301,kup,2047,0,1647,1520,-2304,-840,-16896,42,24,-29,0
S,96676301,kup,2047,0,1647,1520,-2248,-832,-16920,43,26,-30,0
S,96686301,kup,2047,0,1647,1520,-2392,-904,-16928,30,23,-32,0
S,96696301,kup,2047,0,1647,1520,-2440,-904,-16976,41,22,-34,0
S,96706301,kup,2047,0,1647,1520,-2296,-952,-16864,26,22,-28,0
S,96716301,kup,2047,0,1647,1520,-2240,-864,-16872,39,28,-35,0
S,96726301,kup,2047,0,1647,1520,-2408,-880,-16936,39,20,-25,0
S,96736301,kup,2047,0,1647,1520,-2360,-944,-17072,34,29,-27,0
S,96746301,kup,2047,0,1647,1520,-2312,-928,-17048,37,17,-35,0
S,96756301,kup,2047,0,1647,1520,-2312,-840,-16920,42,19,-24,0
S,96766301,kup,2047,0,1647,1520,-2360,-952,-16952,41,23,-30,0
S,96776301,kup,2047,0,1647,1520,-2336,-832,-16936,43,24,-29,0
S,96786301,kup,2047,0,1647,1520,-2256,-832,-16984,40,26,-31,0
S,96796301,kup,2047,0,1647,1520,-2288,-824,-17024,41,20,-25,0
S,96806301,kup,2047,0,1647,1520,-2384,-896,-17008,40,20,-30,0
S,96816301,kup,2047,0,1647,1520,-2304,-792,-17064,35,21,-28,0
S,96826301,kup,2047,0,1647,1520,-2304,-760,-16992,36,20,-27,0
S,96836301,kup,2047,0,1647,1520,-2352,-840,-16976,39,23,-27,0
S,96846301,kup,2047,0,1647,1520,-2216,-864,-16912,41,25,-27,0
S,96856301,kup,2047,0,1647,1520,-2352,-888,-17008,39,14,-28,0
S,96866301,kup,2047,0,1647,1520,-2328,-896,-16904,43,25,-31,0
S,96876301,kup,2047,0,1647,1520,-2328,-864,-16936,39,21,-28,0
S,96886301,kup,2047,0,1647,1520,-2344,-928,-16968,40,22,-27,0
E,96886411,kup,2048,0,1648,1520,,,,,,,0
S,96887042,kup,2048,0,1648,1520,-2416,-920,-16936,40,22,-27,0
S,96897033,kup,2048,0,1648,1520,-2328,-880,-16952,40,25,-33,0
S,96907031,kup,2048,0,1648,1520,-2256,-912,-17000,37,20,-32,0
S,96917031,kup,2048,0,1648,1520,-2304,-896,-16992,37,25,-22,0
S,96927031,kup,2048,0,1648,1520,-2360,-944,-17096,36,19,-29,0
S,96937031,kup,2048,0,1648,1520,-2312,-832,-16992,37,27,-34,0
S,96947031,kup,2048,0,1648,1520,-2360,-840,-16904,37,23,-24,0
S,96957031,kup,2048,0,1648,1520,-2304,-880,-16992,39,19,-29,0
S,96967031,kup,2048,0,1648,1520,-2328,-952,-16992,42,25,-32,0
S,96977032,kup,2048,0,1648,1520,-2344,-880,-17048,37,25,-28,0
S,96987031,kup,2048,0,1648,1520,-2328,-856,-16960,33,26,-30,0
S,96997032,kup,2048,0,1648,1520,-2264,-960,-16928,35,22,-30,0
S,97007031,kup,2048,0,1648,1520,-2224,-968,-16952,37,21,-30,0
S,97017031,kup,2048,0,1648,1520,-2424,-800,-16992,36,23,-27,0
S,97027031,kup,2048,0,1648,1520,-2224,-936,-16968,37,19,-28,0
S,97037031,kup,2048,0,1648,1520,-2280,-816,-16976,42,23,-29,0
S,97047031,kup,2048,0,1648,1520,-2312,-872,-17080,38,24,-27,0
S,97057031,kup,2048,0,1648,1520,-2272,-912,-16976,32,23,-27,0
S,97067031,kup,2048,0,1648,1520,-2296,-896,-16976,39,24,-30,0
S,97077031,kup,2048,0,1648,1520,-2248,-936,-16984,34,23,-29,0
S,97087031,kup,2048,0,1648,1520,-2344,-816,-16872,37,26,-32,0
S,97097031,kup,2048,0,1648,1520,-2344,-896,-16792,38,26,-28,0
S,97107031,kup,2048,0,1648,1520,-2368,-936,-17016,38,24,-34,0
S,97117031,kup,2048,0,1648,1520,-2440,-808,-16880,37,22,-30,0
S,97127031,kup,2048,0,1648,1520,-2288,-904,-16960,42,22,-29,0
S,97137031,kup,2048,0,1648,1520,-2192,-992,-16968,37,25,-35,0
E,97137137,kup,2049,0,1649,1520,,,,,,,0
S,97137777,kup,2049,0,1649,1520,-2352,-968,-16864,35,26,-31,0
S,97147764,kup,2049,0,1649,1520,-2448,-1064,-16848,40,19,-29,0
S,97157763,kup,2049,0,1649,1520,-2440,-840,-17016,35,-1,-28,0
S,97167763,kup,2049,0,1649,1520,-2368,-984,-16896,29,-21,-30,0
S,97177763,kup,2049,0,1649,1520,-2072,-840,-16944,37,-38,-28,0
S,97187763,kup,2049,0,1649,1520,-2208,-1032,-16912,39,-28,-26,0
S,97197763,kup,2049,0,1649,1520,-2584,-1072,-16776,55,-11,-30,0
S,97207763,kup,2049,0,1649,1520,-2192,-880,-17016,44,7,-28,0
S,97217764,kup,2049,0,1649,1520,-2224,-648,-16824,35,24,-33,0
S,97227763,kup,2049,0,1649,1520,-2408,-1056,-16936,28,27,-31,0
S,97237763,kup,2049,0,1649,1520,-2408,-928,-17032,34,28,-30,0
S,97247763,kup,2049,0,1649,1520,-2368,-904,-16936,44,20,-26,0
S,97257763,kup,2049,0,1649,1520,-2304,-952,-16936,51,19,-32,0
S,97267763,kup,2049,0,1649,1520,-2384,-872,-17016,36,16,-27,0
S,97277764,kup,2049,0,1649,1520,-2352,-952,-16936,38,11,-28,0
S,97287763,kup,2049,0,1649,1520,-2336,-920,-16984,33,20,-32,0
S,97297763,kup,2049,0,1649,1520,-2288,-912,-16864,38,28,-28,0
S,97307763,kup,2049,0,1649,1520,-2400,-848,-16944,34,31,-29,0
S,97317763,kup,2049,0,1649,1520,-2280,-1064,-16880,35,23,-30,0
S,97327763,kup,2049,0,1649,1520,-2328,-856,-16960,37,16,-30,0
S,97337763,kup,2049,0,1649,1520,-2376,-864,-17000,37,15,-28,0
S,97347763,kup,2049,0,1649,1520,-2336,-792,-16984,36,22,-33,0
S,97357763,kup,2049,0,1649,1520,-2448,-792,-16912,48,22,-29,0
S,97367763,kup,2049,0,1649,1520,-2400,-888,-16856,40,26,-30,0
S,97377764,kup,2049,0,1649,1520,-2368,-832,-16936,34,28,-30,0
S,97387763,kup,2049,0,1649,1520,-2472,-864,-16896,42,21,-27,0
E,97387869,kup,2050,0,1650,1520,,,,,,,0
S,97388500,kup,2050,0,1650,1520,-2368,-880,-16960,42,21,-27,0
S,97398491,kup,2050,0,1650,1520,-2384,-784,-17008,41,17,-30,0
S,97408489,kup,2050,0,1650,1520,-2368,-992,-16936,43,23,-30,0
S,97418489,kup,2050,0,1650,1520,-2336,-880,-16984,39,19,-30,0
S,97428490,kup,2050,0,1650,1520,-2304,-816,-16904,34,23,-28,0
S,97438489,kup,2050,0,1650,1520,-2312,-768,-17016,31,20,-29,0
S,97448490,kup,2050,0,1650,1520,-2264,-1008,-16824,37,27,-27,0
S,97458489,kup,2050,0,1650,1520,-2328,-880,-16936,45,23,-29,0
S,97468489,kup,2050,0,1650,1520,-2240,-920,-16904,43,21,-28,0
S,97478489,kup,2050,0,1650,1520,-2336,-920,-16992,42,18,-29,0
S,97488489,kup,2050,0,1650,1520,-2280,-920,-16928,31,16,-30,0
S,97498489,kup,2050,0,1650,1520,-2408,-936,-16912,37,24,-24,0
S,97508489,kup,2050,0,1650,1520,-2408,-856,-16832,34,28,-26,0
S,97518489,kup,2050,0,1650,1520,-2480,-976,-16944,35,24,-30,0
S,97528489,kup,2050,0,1650,1520,-2408,-888,-16880,32,24,-28,0
S,97538489,kup,2050,0,1650,1520,-2280,-848,-16840,41,23,-30,0
S,97548489,kup,2050,0,1650,1520,-2376,-872,-17016,39,22,-32,0
S,97558490,kup,2050,0,1650,1520,-2392,-920,-16856,37,28,-27,0
S,97568490,kup,2050,0,1650,1520,-2336,-976,-16920,36,23,-34,0
S,97578489,kup,2050,0,1650,1520,-2272,-832,-16936,42,26,-29,0
S,97588489,kup,2050,0,1650,1520,-2384,-896,-16808,38,24,-32,0
S,97598489,kup,2050,0,1650,1520,-2336,-952,-16952,38,18,-31,0
S,97608489,kup,2050,0,1650,1520,-2320,-920,-16984,42,20,-27,0
S,97618489,kup,2050,0,1650,1520,-2320,-1008,-16816,43,22,-31,0
S,97628489,kup,2050,0,1650,1520,-2416,-920,-17072,46,14,-27,0
S,97638489,kup,2050,0,1650,1520,-2328,-808,-16944,38,25,-30,0
E,97638594,kup,2051,0,1651,1520,,,,,,,0
S,97639234,kup,2051,0,1651,1520,-2424,-880,-17032,38,27,-28,0
S,97649220,kup,2051,0,1651,1520,-2416,-1064,-16928,34,23,-29,0
S,97659219,kup,2051,0,1651,1520,-2384,-952,-16904,43,22,-26,0
S,97669219,kup,2051,0,1651,1520,-2328,-920,-17080,36,24,-29,0
S,97679219,kup,2051,0,1651,1520,-2400,-920,-16984,41,18,-30,0
S,97689219,kup,2051,0,1651,1520,-2328,-784,-16904,36,22,-33,0
S,97699219,kup,2051,0,1651,1520,-2400,-936,-16896,37,20,-37,0
S,97709219,kup,2051,0,1651,1520,-2368,-968,-16992,44,24,-33,0
S,97719219,kup,2051,0,1651,1520,-2280,-824,-16808,42,22,-31,0
S,97729219,kup,2051,0,1651,1520,-2536,-768,-16984,36,27,-22,0
S,97739219,kup,2051,0,1651,1520,-2272,-808,-17032,34,23,-26,0
S,97749219,kup,2051,0,1651,1520,-2368,-864,-16888,43,18,-27,0
S,97759219,kup,2051,0,1651,1520,-2416,-952,-16904,39,26,-33,0
S,97769219,kup,2051,0,1651,1520,-2312,-824,-16984,41,27,-28,0
S,97779219,kup,2051,0,1651,1520,-2328,-800,-16960,39,24,-28,0
S,97789219,kup,2051,0,1651,1520,-2288,-992,-16904,36,22,-33,0
S,97799219,kup,2051,0,1651,1520,-2384,-808,-17040,37,23,-27,0
S,97809219,kup,2051,0,1651,1520,-2312,-824,-16840,39,24,-27,0
S,97819219,kup,2051,0,1651,1520,-2344,-1008,-16992,43,22,-29,0
S,97829219,kup,2051,0,1651,1520,-2352,-816,-16872,41,23,-30,0
S,97839219,kup,2051,0,1651,1520,-2304,-808,-16944,34,27,-33,0
S,97849219,kup,2051,0,1651,1520,-2360,-872,-17048,38,18,-33,0
S,97859219,kup,2051,0,1651,1520,-2288,-840,-16880,28,22,-23,0
S,97869219,kup,2051,0,1651,1520,-2408,-872,-16976,43,23,-28,0
S,97879219,kup,2051,0,1651,1520,-2368,-888,-16944,40,26,-31,0
S,97889219,kup,2051,0,1651,1520,-2368,-968,-16960,38,22,-29,0
E,97889324,kup,2052,0,1652,1520,,,,,,,0
S,97889960,kup,2052,0,1652,1520,-2416,-816,-16864,38,22,-29,0
S,97899950,kup,2052,0,1652,1520,-3200,-1096,-16800,39,10,-21,0
S,97909949,kup,2052,0,1652,1520,-1464,-560,-17128,29,-32,-28,0
S,97919950,kup,2052,0,1652,1520,-1616,-688,-16864,35,-64,8,0
S,97929950,kup,2052,0,1652,1520,-4120,-680,-18072,28,-119,26,0
S,97939949,kup,2052,0,1652,1520,-3048,384,-17248,67,-201,-50,0
S,97949949,kup,2052,0,1652,1520,-2552,-880,-17168,52,-183,-28,0
S,97959949,kup,2052,0,1652,1520,-2168,-992,-17080,62,-143,-18,0
S,97969949,kup,2052,0,1652,1520,-2464,-1064,-16880,44,-35,-28,0
S,97979950,kup,2052,0,1652,1520,-2336,-1000,-17000,42,78,-32,0
S,97989949,kup,2052,0,1652,1520,-2416,-952,-17008,24,133,-28,0
S,97999950,kup,2052,0,1652,1520,-2512,-832,-16688,4,123,-32,0
S,98009950,kup,2052,0,1652,1520,-2560,-928,-16848,13,55,-30,0
S,98019949,kup,2052,0,1652,1520,-2368,-976,-17016,40,-12,-29,0
S,98029949,kup,2052,0,1652,1520,-2336,-832,-16848,69,-48,-29,0
S,98039949,kup,2052,0,1652,1520,-2576,-968,-16920,68,-33,-33,0
S,98049950,kup,2052,0,1652,1520,-2568,-976,-16792,49,12,-26,0
S,98059949,kup,2052,0,1652,1520,-2448,-872,-16888,22,51,-35,0
S,98069949,kup,2052,0,1652,1520,-2624,-1040,-16928,3,77,-33,0
S,98079950,kup,2052,0,1652,1520,-2448,-848,-17048,20,52,-25,0
S,98089949,kup,2052,0,1652,1520,-2472,-968,-17000,46,15,-33,0
S,98099949,kup,2052,0,1652,1520,-2504,-904,-16840,67,-7,-36,0
S,98109949,kup,2052,0,1652,1520,-2560,-840,-16880,60,-14,-31,0
S,98119950,kup,2052,0,1652,1520,-2512,-960,-16856,39,5,-31,0
S,98129950,kup,2052,0,1652,1520,-2376,-1040,-16944,18,37,-31,0
S,98139949,kup,2052,0,1652,1520,-2496,-824,-16864,19,54,-31,0
E,98140054,kup,2053,0,1653,1520,,,,,,,0
S,98140693,kup,2053,0,1653,1520,-2512,-992,-17016,22,52,-27,0
S,98150681,kup,2053,0,1653,1520,-2528,-912,-17000,27,49,-25,0
S,98160679,kup,2053,0,1653,1520,-2336,-872,-16912,48,18,-28,0
S,98170679,kup,2053,0,1653,1520,-2504,-848,-17048,47,3,-27,0
S,98180679,kup,2053,0,1653,1520,-2568,-1008,-16936,45,-1,-28,0
S,98190679,kup,2053,0,1653,1520,-2472,-976,-16960,39,10,-28,0
S,98200679,kup,2053,0,1653,1520,-2432,-960,-16896,34,38,-33,0
S,98210679,kup,2053,0,1653,1520,-2480,-808,-17040,28,46,-26,0
S,98220679,kup,2053,0,1653,1520,-2496,-840,-16912,30,38,-30,0
S,98230679,kup,2053,0,1653,1520,-2456,-896,-16992,32,26,-25,0
S,98240679,kup,2053,0,1653,1520,-2384,-832,-16976,45,10,-29,0
S,98250679,kup,2053,0,1653,1520,-2496,-872,-16968,46,8,-26,0
S,98260680,kup,2053,0,1653,1520,-2552,-992,-16840,47,17,-25,0
S,98270680,kup,2053,0,1653,1520,-2488,-976,-16904,37,33,-34,0
S,98280679,kup,2053,0,1653,1520,-2584,-848,-16888,29,32,-26,0
S,98290680,kup,2053,0,1653,1520,-2472,-944,-16952,33,29,-27,0
S,98300679,kup,2053,0,1653,1520,-2504,-976,-17128,37,22,-32,0
S,98310680,kup,2053,0,1653,1520,-2376,-928,-16928,47,15,-28,0
S,98320679,kup,2053,0,1653,1520,-2416,-912,-16864,49,15,-31,0
S,98330679,kup,2053,0,1653,1520,-2432,-880,-16864,39,22,-28,0
S,98340679,kup,2053,0,1653,1520,-2576,-928,-16984,31,30,-26,0
S,98350679,kup,2053,0,1653,1520,-2648,-960,-17048,32,30,-30,0
S,98360680,kup,2053,0,1653,1520,-2432,-800,-16944,33,28,-31,0
S,98370679,kup,2053,0,1653,1520,-2512,-904,-16968,37,20,-28,0
S,98380679,kup,2053,0,1653,1520,-2560,-1008,-16872,45,15,-27,0
S,98390679,kup,2053,0,1653,1520,-2560,-888,-16880,35,16,-27,0
E,98390784,kup,2054,0,1654,1520,,,,,,,0
S,98391426,kup,2054,0,1654,1520,-2560,-888,-16880,35,16,-27,0
S,98401413,kup,2054,0,1654,1520,-2616,-984,-16872,35,18,-33,0
S,98411412,kup,2054,0,1654,1520,-2568,-848,-16912,37,29,-27,0
S,98421411,kup,2054,0,1654,1520,-2464,-872,-16952,35,36,-27,0
S,98431411,kup,2054,0,1654,1520,-2496,-952,-16984,33,26,-31,0
S,98441412,kup,2054,0,1654,1520,-2504,-1048,-16944,36,21,-30,0
S,98451412,kup,2054,0,1654,1520,-2456,-960,-16928,36,16,-26,0
S,98461411,kup,2054,0,1654,1520,-2376,-912,-16904,39,20,-27,0
S,98471412,kup,2054,0,1654,1520,-2440,-992,-16856,44,24,-26,0
S,98481412,kup,2054,0,1654,1520,-2536,-1008,-16976,42,22,-31,0
S,98491411,kup,2054,0,1654,1520,-2504,-912,-16896,32,22,-35,0
S,98501412,kup,2054,0,1654,1520,-2432,-1048,-16944,34,30,-35,0
S,98511412,kup,2054,0,1654,1520,-2520,-816,-16944,38,23,-33,0
S,98521412,kup,2054,0,1654,1520,-2528,-912,-16952,44,16,-31,0
S,98531412,kup,2054,0,1654,1520,-2552,-856,-17080,38,22,-33,0
S,98541411,kup,2054,0,1654,1520,-2584,-832,-17072,35,22,-33,0
S,98551412,kup,2054,0,1654,1520,-2424,-864,-16768,31,24,-32,0
S,98561412,kup,2054,0,1654,1520,-2472,-920,-16912,33,31,-27,0
S,98571412,kup,2054,0,1654,1520,-2440,-928,-16920,41,24,-28,0
S,98581412,kup,2054,0,1654,1520,-2528,-920,-16992,46,21,-37,0
S,98591411,kup,2054,0,1654,1520,-2448,-904,-16872,46,23,-34,0
S,98601411,kup,2054,0,1654,1520,-2424,-784,-16952,44,15,-34,0
S,98611412,kup,2054,0,1654,1520,-2456,-944,-17040,38,20,-26,0
S,98621411,kup,2054,0,1654,1520,-2416,-928,-16936,40,22,-29,0
S,98631412,kup,2054,0,1654,1520,-2408,-952,-16872,34,23,-30,0
S,98641412,kup,2054,0,1654,1520,-2392,-784,-16896,42,27,-25,0
E,98641517,kup,2055,0,1655,1520,,,,,,,0
S,98642148,kup,2055,0,1655,1520,-2504,-912,-16888,40,24,-31,0
S,98652139,kup,2055,0,1655,1520,-2488,-816,-17000,43,24,-29,0
S,98662138,kup,2055,0,1655,1520,-2464,-912,-16944,36,22,-35,0
S,98672139,kup,2055,0,1655,1520,-2528,-864,-16904,39,21,-28,0
S,98682139,kup,2055,0,1655,1520,-2536,-984,-16984,35,23,-32,0
S,98692138,kup,2055,0,1655,1520,-2456,-920,-16896,42,22,-29,0
S,98702139,kup,2055,0,1655,1520,-2560,-920,-16880,36,19,-29,0
S,98712138,kup,2055,0,1655,1520,-2464,-896,-16864,35,25,-34,0
S,98722138,kup,2055,0,1655,1520,-2392,-976,-16872,35,21,-27,0
S,98732139,kup,2055,0,1655,1520,-2536,-800,-16856,32,21,-28,0
S,98742138,kup,2055,0,1655,1520,-2576,-928,-16976,37,19,-25,0
S,98752139,kup,2055,0,1655,1520,-2552,-960,-16880,37,21,-30,0
S,98762139,kup,2055,0,1655,1520,-2552,-944,-16832,37,23,-32,0
S,98772138,kup,2055,0,1655,1520,-2400,-1000,-16864,35,26,-27,0
S,98782138,kup,2055,0,1655,1520,-2368,-824,-16976,37,23,-22,0
S,98792138,kup,2055,0,1655,1520,-2544,-952,-16896,42,17,-29,0
S,98802139,kup,2055,0,1655,1520,-2536,-1032,-16984,43,24,-31,0
S,98812138,kup,2055,0,1655,1520,-2488,-928,-16944,34,22,-30,0
S,98822138,kup,2055,0,1655,1520,-2544,-760,-16856,37,22,-31,0
S,98832138,kup,2055,0,1655,1520,-2488,-832,-16944,37,24,-29,0
S,98842138,kup,2055,0,1655,1520,-2496,-840,-16920,42,20,-30,0
S,98852139,kup,2055,0,1655,1520,-2600,-880,-16912,36,18,-29,0
S,98862139,kup,2055,0,1655,1520,-2488,-952,-16928,40,19,-29,0
S,98872138,kup,2055,0,1655,1520,-2392,-1048,-16880,28,24,-32,0
S,98882138,kup,2055,0,1655,1520,-2464,-928,-16928,42,23,-29,0
S,98892138,kup,2055,0,1655,1520,-2448,-864,-16960,38,19,-32,0
E,98892246,kup,2056,0,1656,1520,,,,,,,0
S,98892889,kup,2056,0,1656,1520,-2448,-864,-16960,38,25,-31,0
S,98902876,kup,2056,0,1656,1520,-2624,-936,-16896,36,23,-29,0
S,98912873,kup,2056,0,1656,1520,-2496,-720,-17016,35,27,-30,0
S,98922873,kup,2056,0,1656,1520,-2520,-960,-16968,45,19,-23,0
S,98932873,kup,2056,0,1656,1520,-2496,-872,-16912,35,20,-27,0
S,98942873,kup,2056,0,1656,1520,-2472,-840,-16840,40,25,-30,0
S,98952874,kup,2056,0,1656,1520,-2456,-928,-16872,36,28,-29,0
S,98962874,kup,2056,0,1656,1520,-2504,-856,-16840,38,20,-34,0
S,98972873,kup,2056,0,1656,1520,-2408,-880,-16992,40,19,-27,0
S,98982875,kup,2056,0,1656,1520,-2512,-968,-16896,39,26,-26,0
S,98992873,kup,2056,0,1656,1520,-2488,-840,-16960,44,24,-27,0
S,99002874,kup,2056,0,1656,1520,-2392,-872,-17000,40,25,-26,0
S,99012873,kup,2056,0,1656,1520,-2520,-872,-16904,39,22,-29,0
S,99022873,kup,2056,0,1656,1520,-2504,-936,-17136,38,23,-23,0
S,99032873,kup,2056,0,1656,1520,-2584,-864,-16864,39,18,-32,0
S,99042873,kup,2056,0,1656,1520,-2456,-888,-16896,36,23,-33,0
S,99052873,kup,2056,0,1656,1520,-2440,-864,-16952,39,26,-25,0
S,99062873,kup,2056,0,1656,1520,-2504,-856,-16864,39,20,-27,0
S,99072873,kup,2056,0,1656,1520,-2448,-872,-17064,37,18,-30,0
S,99082873,kup,2056,0,1656,1520,-2496,-952,-16888,41,18,-31,0
S,99092873,kup,2056,0,1656,1520,-2448,-944,-16960,38,22,-27,0
S,99102874,kup,2056,0,1656,1520,-2552,-928,-16904,38,26,-30,0
S,99112874,kup,2056,0,1656,1520,-2392,-856,-16808,35,21,-30,0
S,99122875,kup,2056,0,1656,1520,-2552,-952,-16888,36,20,-32,0
S,99132873,kup,2056,0,1656,1520,-2464,-992,-16832,40,23,-32,0
S,99142873,kup,2056,0,1656,1520,-2456,-888,-16904,34,25,-26,0
E,99142978,kup,2057,0,1657,1520,,,,,,,0
S,99143610,kup,2057,0,1657,1520,-2496,-784,-16816,38,28,-30,0
S,99153600,kup,2057,0,1657,1520,-2944,-1072,-16952,39,7,-29,0
S,99163599,kup,2057,0,1657,1520,-2112,-1120,-17152,25,-22,-26,0
S,99173599,kup,2057,0,1657,1520,-1520,-544,-17176,18,-64,-21,0
S,99183599,kup,2057,0,1657,1520,-2840,-1152,-16816,38,-63,-32,0
S,99193599,kup,2057,0,1657,1520,-1656,-872,-16432,67,-39,-36,0
S,99203599,kup,2057,0,1657,1520,-2632,-544,-16632,59,7,-31,0
S,99213600,kup,2057,0,1657,1520,-2576,-768,-16960,36,33,-30,0
S,99223599,kup,2057,0,1657,1520,-2608,-1008,-17000,15,44,-25,0
S,99233599,kup,2057,0,1657,1520,-2648,-896,-16952,17,40,-28,0
S,99243600,kup,2057,0,1657,1520,-2504,-896,-16800,31,25,-35,0
S,99253599,kup,2057,0,1657,1520,-2368,-800,-16920,56,10,-35,0
S,99263599,kup,2057,0,1657,1520,-2424,-864,-16872,56,-7,-29,0
S,99273599,kup,2057,0,1657,1520,-2544,-1008,-16984,45,10,-31,0
S,99283599,kup,2057,0,1657,1520,-2528,-712,-16912,34,18,-31,0
S,99293599,kup,2057,0,1657,1520,-2528,-904,-16912,25,37,-27,0
S,99303599,kup,2057,0,1657,1520,-2544,-1000,-16936,38,40,-29,0
S,99313599,kup,2057,0,1657,1520,-2480,-864,-16896,43,27,-31,0
S,99323599,kup,2057,0,1657,1520,-2520,-784,-16936,48,21,-24,0
S,99333599,kup,2057,0,1657,1520,-2504,-904,-16864,43,3,-34,0
S,99343599,kup,2057,0,1657,1520,-2424,-848,-16888,38,14,-27,0
S,99353599,kup,2057,0,1657,1520,-2672,-832,-16864,46,30,-31,0
S,99363599,kup,2057,0,1657,1520,-2576,-872,-17032,36,35,-28,0
S,99373599,kup,2057,0,1657,1520,-2536,-824,-16928,38,32,-30,0
S,99383599,kup,2057,0,1657,1520,-2360,-880,-16968,38,24,-27,0
S,99393599,kup,2057,0,1657,1520,-2656,-904,-16920,35,6,-32,0
E,99393703,kup,2058,0,1658,1520,,,,,,,0
S,99394341,kup,2058,0,1658,1520,-2656,-904,-16920,29,9,-31,0
S,99404328,kup,2058,0,1658,1520,-2496,-976,-16928,38,12,-30,0
S,99414327,kup,2058,0,1658,1520,-2568,-992,-16840,35,20,-27,0
S,99424327,kup,2058,0,1658,1520,-2488,-872,-16736,46,33,-26,0
S,99434327,kup,2058,0,1658,1520,-2616,-960,-16920,36,29,-29,0
S,99444327,kup,2058,0,1658,1520,-2528,-856,-16768,32,25,-32,0
S,99454327,kup,2058,0,1658,1520,-2616,-848,-16912,37,23,-31,0
S,99464327,kup,2058,0,1658,1520,-2408,-1032,-16960,46,18,-31,0
S,99474327,kup,2058,0,1658,1520,-2544,-904,-16928,44,19,-36,0
S,99484327,kup,2058,0,1658,1520,-2584,-816,-17032,47,21,-28,0
S,99494327,kup,2058,0,1658,1520,-2616,-936,-16928,34,22,-25,0
S,99504327,kup,2058,0,1658,1520,-2456,-912,-17048,29,23,-29,0
S,99514327,kup,2058,0,1658,1520,-2568,-920,-16968,42,24,-29,0
S,99524327,kup,2058,0,1658,1520,-2616,-832,-17104,41,24,-33,0
S,99534327,kup,2058,0,1658,1520,-2528,-832,-17000,36,21,-27,0
S,99544327,kup,2058,0,1658,1520,-2592,-872,-16944,32,19,-27,0
S,99554327,kup,2058,0,1658,1520,-2416,-792,-16928,37,25,-32,0
S,99564327,kup,2058,0,1658,1520,-2456,-952,-16888,38,26,-26,0
S,99574327,kup,2058,0,1658,1520,-2472,-912,-16976,35,27,-28,0
S,99584327,kup,2058,0,1658,1520,-2448,-872,-16920,37,23,-31,0
S,99594327,kup,2058,0,1658,1520,-2536,-984,-16976,37,22,-36,0
S,99604327,kup,2058,0,1658,1520,-2488,-760,-17096,36,19,-29,0
S,99614327,kup,2058,0,1658,1520,-2408,-952,-16896,36,18,-31,0
S,99624327,kup,2058,0,1658,1520,-2600,-880,-16920,40,22,-28,0
S,99634327,kup,2058,0,1658,1520,-2552,-792,-16832,39,23,-30,0
S,99644327,kup,2058,0,1658,1520,-2464,-968,-17032,37,27,-25,0
E,99644437,kup,2059,0,1659,1520,,,,,,,0
S,99645068,kup,2059,0,1659,1520,-2392,-856,-16952,32,21,-28,0
S,99655059,kup,2059,0,1659,1520,-2472,-912,-16872,35,26,-32,0
S,99665057,kup,2059,0,1659,1520,-2456,-888,-16880,43,26,-29,0
S,99675058,kup,2059,0,1659,1520,-2496,-768,-16792,42,25,-28,0
S,99685057,kup,2059,0,1659,1520,-2640,-848,-16944,41,21,-32,0
S,99695057,kup,2059,0,1659,1520,-2592,-760,-16864,32,27,-31,0
S,99705058,kup,2059,0,1659,1520,-2488,-864,-17008,40,24,-28,0
S,99715057,kup,2059,0,1659,1520,-2616,-688,-16952,38,25,-31,0
S,99725057,kup,2059,0,1659,1520,-2424,-888,-16888,42,26,-37,0
S,99735058,kup,2059,0,1659,1520,-2480,-840,-16856,37,23,-30,0
S,99745057,kup,2059,0,1659,1520,-2488,-928,-16824,39,22,-38,0
S,99755058,kup,2059,0,1659,1520,-2536,-888,-16896,37,23,-28,0
S,99765057,kup,2059,0,1659,1520,-2416,-960,-16936,40,18,-26,0
S,99775058,kup,2059,0,1659,1520,-2512,-912,-16904,44,26,-30,0
S,99785057,kup,2059,0,1659,1520,-2464,-872,-16896,41,23,-29,0
S,99795057,kup,2059,0,1659,1520,-2472,-904,-16952,33,23,-29,0
S,99805057,kup,2059,0,1659,1520,-2520,-936,-16976,41,22,-31,0
S,99815058,kup,2059,0,1659,1520,-2504,-872,-16984,32,25,-29,0
S,99825058,kup,2059,0,1659,1520,-2520,-816,-16912,41,21,-30,0
S,99835057,kup,2059,0,1659,1520,-2640,-936,-16888,41,26,-30,0
S,99845057,kup,2059,0,1659,1520,-2584,-848,-16968,35,24,-33,0
S,99855058,kup,2059,0,1659,1520,-2600,-952,-16960,36,20,-27,0
S,99865058,kup,2059,0,1659,1520,-2592,-912,-16896,38,24,-25,0
S,99875058,kup,2059,0,1659,1520,-2472,-880,-16776,38,25,-27,0
S,99885057,kup,2059,0,1659,1520,-2584,-952,-16944,41,21,-32,0
S,99895057,kup,2059,0,1659,1520,-2656,-880,-16904,36,22,-27,0
E,99895162,kup,2060,0,1660,1520,,,,,,,0
S,99895803,kup,2060,0,1660,1520,-2656,-880,-16904,39,21,-25,0
S,99905793,kup,2060,0,1660,1520,-2864,-1168,-16896,36,17,-27,0
S,99915791,kup,2060,0,1660,1520,-2640,-1232,-17056,33,-8,-27,0
S,99925791,kup,2060,0,1660,1520,-2840,-880,-17088,17,-44,-20,0
S,99935792,kup,2060,0,1660,1520,-3264,-704,-17064,38,-90,-17,0
S,99945792,kup,2060,0,1660,1520,-2264,-1296,-17072,45,-79,-32,0
S,99955792,kup,2060,0,1660,1520,-2376,-904,-16800,66,-57,-29,0
S,99965792,kup,2060,0,1660,1520,-2544,-872,-16736,65,-2,-39,0
S,99975791,kup,2060,0,1660,1520,-2592,-944,-16936,32,39,-26,0
S,99985792,kup,2060,0,1660,1520,-2504,-720,-16960,17,57,-33,0
S,99995792,kup,2060,0,1660,1520,-2552,-840,-16880,21,55,-30,0
S,100005791,kup,2060,0,1660,1520,-2568,-984,-17000,30,29,-27,0
S,100015791,kup,2060,0,1660,1520,-2608,-800,-16840,49,0,-29,0
S,100025792,kup,2060,0,1660,1520,-2712,-832,-16936,61,-7,-26,0
S,100035792,kup,2060,0,1660,1520,-2696,-944,-16816,50,-1,-22,0
S,100045792,kup,2060,0,1660,1520,-2536,-960,-16776,30,28,-27,0
S,100055792,kup,2060,0,1660,1520,-2552,-920,-16944,17,48,-31,0
S,100065792,kup,2060,0,1660,1520,-2512,-976,-16952,23,48,-32,0
S,100075792,kup,2060,0,1660,1520,-2640,-912,-16936,38,35,-30,0
S,100085792,kup,2060,0,1660,1520,-2592,-896,-16856,58,10,-24,0
S,100095791,kup,2060,0,1660,1520,-2640,-888,-16728,44,1,-27,0
S,100105791,kup,2060,0,1660,1520,-2608,-896,-16872,43,11,-24,0
S,100115792,kup,2060,0,1660,1520,-2672,-736,-16888,30,29,-26,0
S,100125792,kup,2060,0,1660,1520,-2616,-904,-16832,31,44,-32,0
S,100135792,kup,2060,0,1660,1520,-2640,-792,-16888,36,37,-29,0
S,100145792,kup,2060,0,1660,1520,-2512,-848,-17056,31,26,-28,0
E,100145898,kup,2061,0,1661,1520,,,,,,,0
S,100146530,kup,2061,0,1661,1520,-2592,-888,-16904,37,22,-32,0
S,100156521,kup,2061,0,1661,1520,-2512,-856,-16920,43,11,-32,0
S,100166519,kup,2061,0,1661,1520,-2664,-848,-16840,45,4,-28,0
S,100176519,kup,2061,0,1661,1520,-2552,-896,-16992,42,13,-30,0
S,100186520,kup,2061,0,1661,1520,-2648,-888,-16840,40,33,-28,0
S,100196520,kup,2061,0,1661,1520,-2552,-888,-16912,30,42,-28,0
S,100206519,kup,2061,0,1661,1520,-2616,-880,-16936,30,31,-32,0
S,100216520,kup,2061,0,1661,1520,-2560,-912,-16912,36,24,-31,0
S,100226519,kup,2061,0,1661,1520,-2696,-960,-16856,44,17,-25,0
S,100236520,kup,2061,0,1661,1520,-2672,-896,-16936,42,16,-34,0
S,100246520,kup,2061,0,1661,1520,-2584,-896,-16952,42,14,-33,0
S,100256519,kup,2061,0,1661,1520,-2728,-1056,-16904,35,20,-36,0
S,100266519,kup,2061,0,1661,1520,-2632,-952,-16824,30,27,-27,0
S,100276519,kup,2061,0,1661,1520,-2528,-992,-16952,34,27,-28,0
S,100286519,kup,2061,0,1661,1520,-2576,-912,-16864,41,30,-31,0
S,100296519,kup,2061,0,1661,1520,-2568,-920,-16856,38,14,-24,0
S,100306519,kup,2061,0,1661,1520,-2528,-896,-16920,44,15,-27,0
S,100316519,kup,2061,0,1661,1520,-2680,-880,-16912,42,18,-26,0
S,100326520,kup,2061,0,1661,1520,-2536,-936,-16880,34,22,-36,0
S,100336519,kup,2061,0,1661,1520,-2632,-960,-16936,39,33,-32,0
S,100346520,kup,2061,0,1661,1520,-2624,-912,-16960,37,32,-29,0
S,100356520,kup,2061,0,1661,1520,-2624,-800,-16880,40,25,-28,0
S,100366520,kup,2061,0,1661,1520,-2600,-904,-16832,36,22,-30,0
S,100376519,kup,2061,0,1661,1520,-2672,-936,-16848,42,15,-27,0
S,100386520,kup,2061,0,1661,1520,-2400,-912,-16888,42,24,-30,0
S,100396520,kup,2061,0,1661,1520,-2480,-784,-16944,41,24,-29,0
E,100396626,kup,2062,0,1662,1520,,,,,,,0
S,100397268,kup,2062,0,1662,1520,-2600,-936,-16984,39,26,-33,0
S,100407255,kup,2062,0,1662,1520,-2696,-1056,-16968,36,33,-32,0
S,100417254,kup,2062,0,1662,1520,-2528,-856,-16824,36,26,-28,0
S,100427254,kup,2062,0,1662,1520,-2656,-1032,-16920,38,20,-29,0
S,100437254,kup,2062,0,1662,1520,-2496,-968,-16928,43,20,-29,0
S,100447254,kup,2062,0,1662,1520,-2600,-960,-16856,37,20,-27,0
S,100457254,kup,2062,0,1662,1520,-2552,-832,-16864,41,24,-34,0
S,100467254,kup,2062,0,1662,1520,-2568,-872,-16784,35,27,-30,0
S,100477254,kup,2062,0,1662,1520,-2608,-928,-16904,41,23,-25,0
S,100487254,kup,2062,0,1662,1520,-2640,-904,-16840,36,27,-28,0
S,100497254,kup,2062,0,1662,1520,-2520,-968,-17080,39,20,-30,0
S,100507254,kup,2062,0,1662,1520,-2616,-888,-16856,41,23,-35,0
S,100517254,kup,2062,0,1662,1520,-2576,-808,-17008,35,18,-26,0
S,100527254,kup,2062,0,1662,1520,-2616,-840,-16824,36,14,-27,0
S,100537254,kup,2062,0,1662,1520,-2568,-896,-16872,40,21,-26,0
S,100547254,kup,2062,0,1662,1520,-2584,-888,-16776,43,25,-27,0
S,100557254,kup,2062,0,1662,1520,-2544,-776,-16968,37,27,-29,0
S,100567254,kup,2062,0,1662,1520,-2704,-936,-16952,36,22,-25,0
S,100577254,kup,2062,0,1662,1520,-2616,-912,-16888,40,18,-30,0
S,100587254,kup,2062,0,1662,1520,-2592,-872,-16888,40,21,-26,0
S,100597254,kup,2062,0,1662,1520,-2544,-832,-16872,39,29,-31,0
S,100607254,kup,2062,0,1662,1520,-2544,-912,-17040,46,21,-33,0
S,100617254,kup,2062,0,1662,1520,-2616,-912,-16952,38,29,-30,0
S,100627254,kup,2062,0,1662,1520,-2624,-920,-16800,40,20,-28,0
S,100637254,kup,2062,0,1662,1520,-2584,-864,-16848,35,27,-31,0
S,100647254,kup,2062,0,1662,1520,-2664,-864,-16888,40,21,-28,0
E,100647360,kup,2063,0,1663,1520,,,,,,,0
S,100648004,kup,2063,0,1663,1520,-2512,-704,-16872,38,24,-33,0
S,100657992,kup,2063,0,1663,1520,-2816,-928,-16808,40,21,-28,0
S,100667990,kup,2063,0,1663,1520,-3096,-1632,-16800,40,-1,-27,0
S,100677990,kup,2063,0,1663,1520,-2160,-480,-17200,26,-30,-21,0
S,100687990,kup,2063,0,1663,1520,-2656,-1000,-16800,27,-45,-33,0
S,100697990,kup,2063,0,1663,1520,-2600,-1120,-16816,50,-16,-25,0
S,100707990,kup,2063,0,1663,1520,-2384,-552,-17240,63,13,-33,0
S,100717990,kup,2063,0,1663,1520,-2792,-976,-16832,47,27,-29,0
S,100727990,kup,2063,0,1663,1520,-2504,-664,-16872,28,29,-30,0
S,100737990,kup,2063,0,1663,1520,-2600,-880,-16912,16,31,-28,0
S,100747990,kup,2063,0,1663,1520,-2576,-1048,-16776,29,24,-29,0
S,100757990,kup,2063,0,1663,1520,-2688,-776,-16736,50,25,-36,0
S,100767990,kup,2063,0,1663,1520,-2584,-800,-16792,51,18,-34,0
S,100777990,kup,2063,0,1663,1520,-2560,-824,-16824,42,14,-32,0
S,100787990,kup,2063,0,1663,1520,-2616,-880,-16928,28,24,-28,0
S,100797990,kup,2063,0,1663,1520,-2480,-952,-16864,24,30,-34,0
S,100807990,kup,2063,0,1663,1520,-2504,-1000,-16848,41,33,-32,0
S,100817990,kup,2063,0,1663,1520,-2552,-1056,-16888,48,30,-33,0
S,100827990,kup,2063,0,1663,1520,-2632,-784,-16960,42,24,-29,0
S,100837990,kup,2063,0,1663,1520,-2592,-968,-16832,35,12,-29,0
S,100847990,kup,2063,0,1663,1520,-2632,-928,-16776,34,12,-25,0
S,100857990,kup,2063,0,1663,1520,-2608,-944,-16888,37,24,-28,0
S,100867990,kup,2063,0,1663,1520,-2592,-896,-16912,43,30,-30,0
S,100877990,kup,2063,0,1663,1520,-2592,-832,-16824,41,31,-29,0
S,100887990,kup,2063,0,1663,1520,-2656,-880,-16872,28,20,-34,0
S,100897990,kup,2063,0,1663,1520,-2800,-768,-16912,32,18,-28,0
E,100898096,kup,2064,0,1664,1520,,,,,,,0
S,100898736,kup,2064,0,1664,1520,-2680,-920,-16896,39,17,-30,0
S,100908724,kup,2064,0,1664,1520,-2784,-936,-16856,42,19,-31,0
S,100918722,kup,2064,0,1664,1520,-2640,-1040,-16848,45,20,-31,0
S,100928722,kup,2064,0,1664,1520,-2712,-784,-16944,36,24,-34,0
S,100938722,kup,2064,0,1664,1520,-2552,-848,-16832,35,23,-29,0
S,100948723,kup,2064,0,1664,1520,-2672,-824,-16872,39,18,-31,0
S,100958722,kup,2064,0,1664,1520,-2552,-920,-16800,34,23,-25,0
S,100968722,kup,2064,0,1664,1520,-2728,-880,-16904,44,23,-30,0
S,100978723,kup,2064,0,1664,1520,-2656,-952,-16864,41,20,-26,0
S,100988722,kup,2064,0,1664,1520,-2744,-920,-16808,45,22,-30,0
S,100998723,kup,2064,0,1664,1520,-2624,-872,-16968,30,21,-25,0
S,101008723,kup,2064,0,1664,1520,-2640,-928,-16960,35,25,-29,0
S,101018722,kup,2064,0,1664,1520,-2648,-944,-16880,39,27,-32,0
S,101028723,kup,2064,0,1664,1520,-2752,-744,-16824,42,25,-31,0
S,101038723,kup,2064,0,1664,1520,-2504,-808,-16728,38,19,-29,0
S,101048723,kup,2064,0,1664,1520,-2496,-744,-16944,38,17,-26,0
S,101058723,kup,2064,0,1664,1520,-2504,-832,-16904,36,22,-31,0
S,101068723,kup,2064,0,1664,1520,-2600,-776,-16936,34,24,-29,0
S,101078723,kup,2064,0,1664,1520,-2624,-856,-16896,47,23,-27,0
S,101088723,kup,2064,0,1664,1520,-2712,-824,-16728,38,28,-29,0
S,101098723,kup,2064,0,1664,1520,-2696,-776,-16976,34,22,-29,0
S,101108723,kup,2064,0,1664,1520,-2560,-944,-16872,33,27,-28,0
S,101118723,kup,2064,0,1664,1520,-2760,-872,-16904,40,23,-30,0
S,101128723,kup,2064,0,1664,1520,-2640,-976,-16880,41,30,-27,0
S,101138722,kup,2064,0,1664,1520,-2704,-824,-16904,34,29,-34,0
S,101148722,kup,2064,0,1664,1520,-2616,-848,-16744,39,20,-25,0
E,101148828,kup,2065,0,1665,1520,,,,,,,0
S,101149470,kup,2065,0,1665,1520,-2512,-864,-16848,42,21,-34,0
S,101159457,kup,2065,0,1665,1520,-2584,-848,-16800,36,20,-30,0
S,101169455,kup,2065,0,1665,1520,-2608,-840,-16848,40,23,-31,0
S,101179456,kup,2065,0,1665,1520,-2640,-816,-16944,40,16,-30,0
S,101189455,kup,2065,0,1665,1520,-2640,-848,-16904,46,20,-29,0
S,101199456,kup,2065,0,1665,1520,-2632,-784,-16896,37,20,-28,0
S,101209455,kup,2065,0,1665,1520,-2656,-920,-16912,35,26,-26,0
S,101219456,kup,2065,0,1665,1520,-2656,-880,-16864,37,18,-28,0
S,101229455,kup,2065,0,1665,1520,-2616,-944,-16784,35,22,-33,0
S,101239455,kup,2065,0,1665,1520,-2624,-872,-16896,40,19,-28,0
S,101249455,kup,2065,0,1665,1520,-2632,-984,-16888,38,23,-34,0
S,101259456,kup,2065,0,1665,1520,-2560,-896,-16864,32,23,-30,0
S,101269456,kup,2065,0,1665,1520,-2584,-928,-17016,37,22,-36,0
S,101279455,kup,2065,0,1665,1520,-2600,-936,-16800,34,22,-35,0
S,101289456,kup,2065,0,1665,1520,-2712,-952,-16776,39,27,-29,0
S,101299455,kup,2065,0,1665,1520,-2672,-952,-16976,38,27,-33,0
S,101309456,kup,2065,0,1665,1520,-2688,-840,-16928,36,17,-29,0
S,101319456,kup,2065,0,1665,1520,-2632,-832,-16896,37,20,-30,0
S,101329456,kup,2065,0,1665,1520,-2448,-944,-16832,35,18,-29,0
S,101339456,kup,2065,0,1665,1520,-2632,-928,-16848,44,27,-30,0
S,101349455,kup,2065,0,1665,1520,-2744,-832,-16904,33,26,-32,0
S,101359456,kup,2065,0,1665,1520,-2584,-952,-16856,34,26,-29,0
S,101369455,kup,2065,0,1665,1520,-2648,-784,-16816,40,19,-33,0
S,101379456,kup,2065,0,1665,1520,-2640,-824,-16928,39,21,-31,0
S,101389455,kup,2065,0,1665,1520,-2648,-848,-16840,41,28,-29,0
S,101399456,kup,2065,0,1665,1520,-2592,-1040,-16776,41,25,-29,0
E,101399638,kup,2066,0,1666,1520,,,,,,,0
S,101400278,kup,2066,0,1666,1520,-2736,-936,-16816,39,23,-30,0
S,101410268,kup,2066,0,1666,1520,-2624,-832,-16912,37,30,-31,0
S,101420267,kup,2066,0,1666,1520,-1200,-1872,-16496,42,5,-15,0
S,101430267,kup,2066,0,1666,1520,-2312,-952,-17328,32,-18,-39,0
S,101440267,kup,2066,0,1666,1520,-3360,-1112,-16840,32,-27,-28,0
S,101450267,kup,2066,0,1666,1520,-2584,-1048,-16704,53,7,-29,0
S,101460267,kup,2066,0,1666,1520,-2640,-1048,-16872,70,47,-35,0
S,101470267,kup,2066,0,1666,1520,-2576,-912,-16928,32,48,-32,0
S,101480267,kup,2066,0,1666,1520,-2520,-936,-17016,8,20,-33,0
S,101490267,kup,2066,0,1666,1520,-2608,-896,-16960,11,12,-27,0
S,101500267,kup,2066,0,1666,1520,-2720,-1136,-16856,52,13,-28,0
S,101510267,kup,2066,0,1666,1520,-2784,-984,-16832,73,22,-33,0
S,101520267,kup,2066,0,1666,1520,-2672,-784,-16832,49,27,-28,0
S,101530267,kup,2066,0,1666,1520,-2520,-800,-16864,18,14,-33,0
S,101540267,kup,2066,0,1666,1520,-2688,-920,-16928,9,24,-29,0
S,101550267,kup,2066,0,1666,1520,-2568,-904,-16944,36,39,-27,0
S,101560267,kup,2066,0,1666,1520,-2504,-928,-17008,59,29,-29,0
S,101570267,kup,2066,0,1666,1520,-2576,-888,-16944,55,16,-38,0
S,101580267,kup,2066,0,1666,1520,-2768,-864,-16864,37,4,-26,0
S,101590267,kup,2066,0,1666,1520,-2624,-816,-16872,30,16,-29,0
S,101600267,kup,2066,0,1666,1520,-2616,-824,-16736,33,31,-23,0
S,101610267,kup,2066,0,1666,1520,-2632,-856,-16936,42,36,-30,0
S,101620267,kup,2066,0,1666,1520,-2576,-888,-16944,29,26,-26,0
S,101630267,kup,2066,0,1666,1520,-2600,-832,-16976,34,12,-29,0
S,101640267,kup,2066,0,1666,1520,-2712,-1016,-16776,43,14,-33,0
S,101650267,kup,2066,0,1666,1520,-2672,-848,-16768,52,28,-28,0
E,101650377,kup,2067,0,1667,1520,,,,,,,0
S,101651017,kup,2067,0,1667,1520,-2608,-880,-16792,56,25,-28,0
S,101661003,kup,2067,0,1667,1520,-2664,-928,-16920,43,32,-29,0
S,101671002,kup,2067,0,1667,1520,-2480,-816,-16856,23,27,-31,0
S,101681002,kup,2067,0,1667,1520,-2560,-840,-16784,31,16,-27,0
S,101691002,kup,2067,0,1667,1520,-2688,-1088,-16912,40,18,-29,0
S,101701002,kup,2067,0,1667,1520,-2592,-1008,-16816,52,21,-28,0
S,101711002,kup,2067,0,1667,1520,-2656,-840,-16728,48,18,-31,0
S,101721002,kup,2067,0,1667,1520,-2664,-888,-16824,34,18,-23,0
S,101731002,kup,2067,0,1667,1520,-2680,-840,-16976,28,22,-32,0
S,101741002,kup,2067,0,1667,1520,-2624,-976,-16912,42,28,-25,0
S,101751003,kup,2067,0,1667,1520,-2672,-856,-16800,40,27,-27,0
S,101761003,kup,2067,0,1667,1520,-2504,-832,-16848,40,25,-31,0
S,101771002,kup,2067,0,1667,1520,-2616,-936,-16872,32,15,-32,0
S,101781002,kup,2067,0,1667,1520,-2688,-928,-16784,34,18,-32,0
S,101791002,kup,2067,0,1667,1520,-2664,-832,-16912,45,24,-29,0
S,101801003,kup,2067,0,1667,1520,-2736,-896,-16864,38,29,-30,0
S,101811002,kup,2067,0,1667,1520,-2720,-928,-16912,32,27,-30,0
S,101821002,kup,2067,0,1667,1520,-2544,-872,-16984,33,19,-24,0
S,101831002,kup,2067,0,1667,1520,-2712,-856,-16904,38,25,-28,0
S,101841002,kup,2067,0,1667,1520,-2560,-912,-16784,44,25,-32,0
S,101851003,kup,2067,0,1667,1520,-2576,-800,-16808,43,23,-31,0
S,101861002,kup,2067,0,1667,1520,-2688,-968,-16856,31,21,-28,0
S,101871002,kup,2067,0,1667,1520,-2624,-864,-16960,29,21,-36,0
S,101881002,kup,2067,0,1667,1520,-2608,-976,-16800,40,18,-25,0
S,101891002,kup,2067,0,1667,1520,-2600,-896,-16928,46,23,-32,0
S,101901002,kup,2067,0,1667,1520,-2592,-960,-16920,40,20,-31,0
E,101901109,kup,2068,0,1668,1520,,,,,,,0
S,101901749,kup,2068,0,1668,1520,-2592,-960,-16920,37,19,-30,0
S,101911736,kup,2068,0,1668,1520,-2624,-896,-16800,39,23,-27,0
S,101921735,kup,2068,0,1668,1520,-2624,-992,-16808,36,22,-30,0
S,101931735,kup,2068,0,1668,1520,-2648,-824,-16856,39,27,-30,0
S,101941735,kup,2068,0,1668,1520,-2656,-920,-17000,42,28,-34,0
S,101951735,kup,2068,0,1668,1520,-2656,-928,-16896,40,19,-30,0
S,101961735,kup,2068,0,1668,1520,-2656,-936,-16920,39,24,-26,0
S,101971735,kup,2068,0,1668,1520,-2728,-872,-16832,38,24,-25,0
S,101981735,kup,2068,0,1668,1520,-2664,-816,-16856,40,21,-36,0
S,101991735,kup,2068,0,1668,1520,-2664,-984,-16936,34,27,-31,0
S,102001735,kup,2068,0,1668,1520,-2728,-816,-16888,46,27,-30,0
S,102011735,kup,2068,0,1668,1520,-2600,-960,-16936,38,15,-30,0
S,102021735,kup,2068,0,1668,1520,-2720,-848,-16984,44,22,-25,0
S,102031735,kup,2068,0,1668,1520,-2696,-792,-16864,37,21,-30,0
S,102041735,kup,2068,0,1668,1520,-2656,-792,-16856,39,27,-28,0
S,102051735,kup,2068,0,1668,1520,-2456,-760,-16904,34,24,-28,0
S,102061735,kup,2068,0,1668,1520,-2696,-840,-16912,39,20,-35,0
S,102071735,kup,2068,0,1668,1520,-2496,-984,-16840,37,28,-32,0
S,102081735,kup,2068,0,1668,1520,-2600,-808,-16952,36,25,-25,0
S,102091735,kup,2068,0,1668,1520,-2632,-904,-16904,43,24,-25,0
S,102101735,kup,2068,0,1668,1520,-2496,-872,-16896,36,21,-28,0
S,102111735,kup,2068,0,1668,1520,-2792,-824,-16768,39,22,-37,0
S,102121735,kup,2068,0,1668,1520,-2608,-952,-16784,41,24,-23,0
S,102131735,kup,2068,0,1668,1520,-2616,-904,-16856,44,20,-34,0
S,102141735,kup,2068,0,1668,1520,-2672,-800,-16896,36,21,-31,0
S,102151735,kup,2068,0,1668,1520,-2680,-992,-16816,29,21,-34,0
E,102151841,kup,2069,0,1669,1520,,,,,,,0
S,102152481,kup,2069,0,1669,1520,-2584,-952,-16896,41,20,-28,0
S,102162468,kup,2069,0,1669,1520,-2760,-848,-16888,39,19,-27,0
S,102172468,kup,2069,0,1669,1520,-2456,-696,-16848,39,9,-37,0
S,102182468,kup,2069,0,1669,1520,-3424,-608,-17120,32,0,-41,0
S,102192468,kup,2069,0,1669,1520,-1832,-808,-16848,32,-33,-46,0
S,102202468,kup,2069,0,1669,1520,-2488,-392,-17520,40,-35,-24,0
S,102212468,kup,2069,0,1669,1520,-2872,-888,-16944,63,-16,-29,0
S,102222468,kup,2069,0,1669,1520,-2600,-1080,-16736,63,36,-34,0
S,102232468,kup,2069,0,1669,1520,-2624,-616,-17040,44,47,-29,0
S,102242468,kup,2069,0,1669,1520,-2712,-896,-16960,5,35,-22,0
S,102252468,kup,2069,0,1669,1520,-2784,-1056,-16984,11,22,-31,0
S,102262468,kup,2069,0,1669,1520,-2712,-976,-16816,48,15,-34,0
S,102272468,kup,2069,0,1669,1520,-2808,-928,-16896,73,13,-29,0
S,102282468,kup,2069,0,1669,1520,-2616,-744,-16864,57,13,-32,0
S,102292468,kup,2069,0,1669,1520,-2648,-856,-16984,22,22,-31,0
S,102302468,kup,2069,0,1669,1520,-2592,-792,-17000,6,23,-25,0
S,102312468,kup,2069,0,1669,1520,-2728,-768,-16960,27,39,-30,0
S,102322468,kup,2069,0,1669,1520,-2592,-832,-16944,46,29,-37,0
S,102332468,kup,2069,0,1669,1520,-2672,-816,-16920,54,14,-29,0
S,102342468,kup,2069,0,1669,1520,-2664,-808,-16896,41,4,-29,0
S,102352468,kup,2069,0,1669,1520,-2656,-912,-16840,39,12,-28,0
S,102362468,kup,2069,0,1669,1520,-2776,-1064,-16872,44,35,-26,0
S,102372468,kup,2069,0,1669,1520,-2664,-936,-17008,31,36,-32,0
S,102382468,kup,2069,0,1669,1520,-2632,-864,-16968,31,34,-29,0
S,102392468,kup,2069,0,1669,1520,-2712,-904,-16960,36,13,-25,0
S,102402468,kup,2069,0,1669,1520,-2688,-1000,-16912,38,11,-28,0
E,102402651,kup,2070,0,1670,1520,,,,,,,0
S,102403290,kup,2070,0,1670,1520,-2808,-944,-16992,46,10,-23,0
S,102413278,kup,2070,0,1670,1520,-2616,-936,-16816,54,20,-31,0
S,102423276,kup,2070,0,1670,1520,-2704,-872,-16760,39,28,-36,0
S,102433276,kup,2070,0,1670,1520,-2712,-944,-16904,33,24,-20,0
S,102443276,kup,2070,0,1670,1520,-2752,-920,-16840,24,22,-31,0
S,102453276,kup,2070,0,1670,1520,-2544,-888,-16840,38,29,-30,0
S,102463276,kup,2070,0,1670,1520,-2768,-768,-16824,54,27,-30,0
S,102473277,kup,2070,0,1670,1520,-2848,-968,-16920,45,18,-34,0
S,102483276,kup,2070,0,1670,1520,-2776,-896,-16944,31,20,-33,0
S,102493276,kup,2070,0,1670,1520,-2720,-944,-16952,32,17,-28,0
S,102503276,kup,2070,0,1670,1520,-2664,-1056,-16936,36,26,-26,0
S,102513277,kup,2070,0,1670,1520,-2720,-1008,-16760,41,25,-34,0
S,102523277,kup,2070,0,1670,1520,-2664,-792,-16896,40,21,-28,0
S,102533276,kup,2070,0,1670,1520,-2648,-968,-16912,40,19,-28,0
S,102543276,kup,2070,0,1670,1520,-2704,-944,-16800,39,25,-34,0
S,102553276,kup,2070,0,1670,1520,-2624,-936,-16712,41,27,-25,0
S,102563276,kup,2070,0,1670,1520,-2752,-808,-16968,33,25,-28,0
S,102573276,kup,2070,0,1670,1520,-2712,-944,-16944,35,27,-26,0
S,102583276,kup,2070,0,1670,1520,-2752,-936,-16952,25,23,-32,0
S,102593276,kup,2070,0,1670,1520,-2752,-920,-16896,42,19,-30,0
S,102603276,kup,2070,0,1670,1520,-2664,-920,-16904,44,20,-30,0
S,102613276,kup,2070,0,1670,1520,-2608,-928,-16864,39,22,-28,0
S,102623277,kup,2070,0,1670,1520,-2744,-848,-16976,36,25,-32,0
S,102633276,kup,2070,0,1670,1520,-2600,-840,-16976,41,23,-32,0
S,102643276,kup,2070,0,1670,1520,-2736,-968,-16856,43,24,-28,0
S,102653277,kup,2070,0,1670,1520,-2576,-1024,-16944,46,26,-27,0
E,102653464,kup,2071,0,1671,1520,,,,,,,0
S,102654103,kup,2071,0,1671,1520,-2624,-952,-16976,40,25,-28,0
S,102664090,kup,2071,0,1671,1520,-2744,-872,-16904,41,22,-35,0
S,102674089,kup,2071,0,1671,1520,-2784,-912,-16920,40,19,-32,0
S,102684089,kup,2071,0,1671,1520,-2624,-1008,-16912,39,22,-35,0
S,102694089,kup,2071,0,1671,1520,-2680,-912,-16936,34,31,-25,0
S,102704089,kup,2071,0,1671,1520,-2656,-920,-16872,40,25,-29,0
S,102714089,kup,2071,0,1671,1520,-2784,-1016,-16792,34,20,-25,0
S,102724089,kup,2071,0,1671,1520,-2808,-944,-16776,37,20,-29,0
S,102734089,kup,2071,0,1671,1520,-2808,-912,-16984,37,25,-34,0
S,102744089,kup,2071,0,1671,1520,-2736,-1000,-16880,44,24,-32,0
S,102754089,kup,2071,0,1671,1520,-2656,-848,-16912,40,22,-33,0
S,102764089,kup,2071,0,1671,1520,-2616,-992,-16904,36,29,-36,0
S,102774089,kup,2071,0,1671,1520,-2728,-936,-16920,37,25,-28,0
S,102784089,kup,2071,0,1671,1520,-2648,-888,-16992,37,19,-32,0
S,102794089,kup,2071,0,1671,1520,-2608,-768,-16928,42,19,-34,0
S,102804089,kup,2071,0,1671,1520,-2696,-864,-16832,37,22,-29,0
S,102814089,kup,2071,0,1671,1520,-2704,-848,-16952,36,24,-28,0
S,102824090,kup,2071,0,1671,1520,-2680,-848,-16992,42,23,-29,0
S,102834089,kup,2071,0,1671,1520,-2752,-856,-16856,42,19,-26,0
S,102844089,kup,2071,0,1671,1520,-2640,-904,-16880,37,21,-31,0
S,102854089,kup,2071,0,1671,1520,-2512,-880,-16856,37,24,-31,0
S,102864089,kup,2071,0,1671,1520,-2664,-888,-16936,42,23,-33,0
S,102874089,kup,2071,0,1671,1520,-2624,-912,-16904,36,23,-30,0
S,102884089,kup,2071,0,1671,1520,-2576,-920,-16880,37,20,-33,0
S,102894089,kup,2071,0,1671,1520,-2776,-784,-16760,40,22,-32,0
S,102904089,kup,2071,0,1671,1520,-2640,-912,-16840,39,23,-27,0
E,102904195,kup,2072,0,1672,1520,,,,,,,0
S,102904835,kup,2072,0,1672,1520,-2640,-912,-16840,39,23,-27,0
S,102914822,kup,2072,0,1672,1520,-3008,-832,-16848,34,27,-26,0
S,102924822,kup,2072,0,1672,1520,-4008,-1216,-17080,34,20,-34,0
S,102934821,kup,2072,0,1672,1520,-1704,-504,-17240,31,-2,-32,0
S,102944821,kup,2072,0,1672,1520,-3240,-480,-17016,33,-8,-33,0
S,102954821,kup,2072,0,1672,1520,-2488,-1416,-16944,55,26,-30,0
S,102964821,kup,2072,0,1672,1520,-2632,-760,-16880,52,45,-32,0
S,102974821,kup,2072,0,1672,1520,-2664,-1008,-16880,19,42,-27,0
S,102984821,kup,2072,0,1672,1520,-2640,-1192,-16880,16,19,-24,0
S,102994821,kup,2072,0,1672,1520,-2848,-896,-16808,28,13,-24,0
S,103004821,kup,2072,0,1672,1520,-2736,-920,-16936,59,24,-33,0
S,103014821,kup,2072,0,1672,1520,-2656,-896,-16816,60,25,-32,0
S,103024821,kup,2072,0,1672,1520,-2648,-808,-16864,35,13,-31,0
S,103034821,kup,2072,0,1672,1520,-2728,-920,-16856,15,22,-31,0
S,103044822,kup,2072,0,1672,1520,-2752,-936,-16816,25,32,-21,0
S,103054822,kup,2072,0,1672,1520,-2696,-992,-16840,45,36,-31,0
S,103064821,kup,2072,0,1672,1520,-2672,-840,-16872,46,24,-30,0
S,103074822,kup,2072,0,1672,1520,-2680,-848,-16808,42,11,-32,0
S,103084821,kup,2072,0,1672,1520,-2712,-984,-16856,29,4,-30,0
S,103094821,kup,2072,0,1672,1520,-2664,-992,-16936,41,25,-29,0
S,103104821,kup,2072,0,1672,1520,-2600,-920,-17000,46,35,-30,0
S,103114822,kup,2072,0,1672,1520,-2784,-920,-16864,43,32,-32,0
S,103124821,kup,2072,0,1672,1520,-2656,-904,-16880,34,15,-29,0
S,103134821,kup,2072,0,1672,1520,-2712,-936,-16816,29,16,-32,0
S,103144822,kup,2072,0,1672,1520,-2624,-880,-16832,53,21,-32,0
S,103154821,kup,2072,0,1672,1520,-2664,-832,-16952,49,24,-31,0
E,103154927,kup,2073,0,1673,1520,,,,,,,0
S,103155567,kup,2073,0,1673,1520,-2728,-984,-16872,42,27,-30,0
S,103165554,kup,2073,0,1673,1520,-2648,-920,-16944,31,27,-27,0
S,103175552,kup,2073,0,1673,1520,-2736,-968,-16920,31,25,-24,0
S,103185552,kup,2073,0,1673,1520,-2640,-784,-16856,35,22,-22,0
S,103195552,kup,2073,0,1673,1520,-2688,-936,-16936,47,24,-30,0
S,103205552,kup,2073,0,1673,1520,-2640,-832,-16848,51,24,-28,0
S,103215552,kup,2073,0,1673,1520,-2800,-864,-16768,35,14,-29,0
S,103225553,kup,2073,0,1673,1520,-2752,-864,-16896,31,20,-32,0
S,103235552,kup,2073,0,1673,1520,-2680,-912,-16968,42,29,-32,0
S,103245552,kup,2073,0,1673,1520,-2720,-952,-16760,38,26,-23,0
S,103255552,kup,2073,0,1673,1520,-2720,-760,-16904,38,24,-26,0
S,103265552,kup,2073,0,1673,1520,-2704,-872,-17072,40,17,-35,0
S,103275552,kup,2073,0,1673,1520,-2640,-944,-16720,34,20,-34,0
S,103285553,kup,2073,0,1673,1520,-2704,-912,-16896,32,24,-31,0
S,103295552,kup,2073,0,1673,1520,-2704,-920,-16904,40,19,-28,0
S,103305552,kup,2073,0,1673,1520,-2680,-776,-16792,35,28,-23,0
S,103315552,kup,2073,0,1673,1520,-2664,-920,-16904,33,18,-30,0
S,103325553,kup,2073,0,1673,1520,-2576,-928,-17000,44,26,-33,0
S,103335552,kup,2073,0,1673,1520,-2792,-824,-16832,43,20,-27,0
S,103345552,kup,2073,0,1673,1520,-2664,-776,-16864,39,21,-30,0
S,103355552,kup,2073,0,1673,1520,-2840,-888,-16832,34,28,-33,0
S,103365552,kup,2073,0,1673,1520,-2672,-872,-16968,37,22,-27,0
S,103375552,kup,2073,0,1673,1520,-2736,-840,-16912,45,27,-28,0
S,103385552,kup,2073,0,1673,1520,-2592,-864,-16760,48,23,-31,0
S,103395552,kup,2073,0,1673,1520,-2592,-928,-16896,44,17,-34,0
S,103405552,kup,2073,0,1673,1520,-2680,-1000,-17032,35,21,-25,0
E,103405735,kup,2074,0,1674,1520,,,,,,,0
S,103406378,kup,2074,0,1674,1520,-2720,-768,-16808,35,23,-23,0
S,103416362,kup,2074,0,1674,1520,-2616,-824,-16880,35,21,-28,0
S,103426360,kup,2074,0,1674,1520,-2680,-1016,-16872,40,32,-29,0
S,103436360,kup,2074,0,1674,1520,-2768,-1064,-16880,37,30,-29,0
S,103446361,kup,2074,0,1674,1520,-2664,-928,-16856,36,23,-27,0
S,103456361,kup,2074,0,1674,1520,-2608,-1048,-16872,35,17,-23,0
S,103466361,kup,2074,0,1674,1520,-2760,-824,-16880,40,23,-29,0
S,103476360,kup,2074,0,1674,1520,-2760,-856,-16912,41,27,-26,0
S,103486361,kup,2074,0,1674,1520,-2656,-880,-16824,37,25,-30,0
S,103496360,kup,2074,0,1674,1520,-2696,-944,-16776,33,18,-32,0
S,103506360,kup,2074,0,1674,1520,-2656,-816,-16880,29,22,-33,0
S,103516360,kup,2074,0,1674,1520,-2608,-816,-16864,38,22,-34,0
S,103526361,kup,2074,0,1674,1520,-2664,-880,-16776,36,20,-33,0
S,103536360,kup,2074,0,1674,1520,-2688,-928,-16944,40,24,-31,0
S,103546361,kup,2074,0,1674,1520,-2616,-800,-16824,35,25,-32,0
S,103556360,kup,2074,0,1674,1520,-2768,-816,-16792,31,25,-32,0
S,103566361,kup,2074,0,1674,1520,-2776,-864,-16968,41,25,-30,0
S,103576360,kup,2074,0,1674,1520,-2752,-960,-16896,39,22,-29,0
S,103586361,kup,2074,0,1674,1520,-2664,-936,-16864,39,21,-28,0
S,103596360,kup,2074,0,1674,1520,-2752,-880,-16904,43,22,-27,0
S,103606360,kup,2074,0,1674,1520,-2712,-848,-17008,35,27,-30,0
S,103616360,kup,2074,0,1674,1520,-2640,-912,-16976,39,21,-32,0
S,103626361,kup,2074,0,1674,1520,-2736,-992,-16960,36,26,-31,0
S,103636360,kup,2074,0,1674,1520,-2688,-832,-16800,38,25,-33,0
S,103646361,kup,2074,0,1674,1520,-2664,-856,-16832,40,22,-33,0
S,103656360,kup,2074,0,1674,1520,-2784,-792,-16944,41,27,-30,0
E,103656470,kup,2075,0,1675,1520,,,,,,,0
S,103657109,kup,2075,0,1675,1520,-2744,-896,-16944,39,25,-33,0
S,103667097,kup,2075,0,1675,1520,-1856,-720,-16864,45,25,-28,0
S,103677095,kup,2075,0,1675,1520,-1104,-1088,-16808,38,-10,-39,0
S,103687095,kup,2075,0,1675,1520,-2168,-1416,-16680,37,-12,-27,0
S,103697095,kup,2075,0,1675,1520,-3032,-496,-16992,51,7,-36,0
S,103707095,kup,2075,0,1675,1520,-2424,-1080,-16872,60,34,-31,0
S,103717095,kup,2075,0,1675,1520,-2688,-848,-16800,32,38,-31,0
S,103727095,kup,2075,0,1675,1520,-2864,-792,-17016,14,21,-24,0
S,103737095,kup,2075,0,1675,1520,-2752,-1072,-16936,23,19,-26,0
S,103747095,kup,2075,0,1675,1520,-2832,-984,-16872,49,20,-27,0
S,103757096,kup,2075,0,1675,1520,-2680,-912,-16920,62,20,-39,0
S,103767096,kup,2075,0,1675,1520,-2648,-944,-16872,45,21,-31,0
S,103777096,kup,2075,0,1675,1520,-2736,-856,-16992,31,14,-30,0
S,103787095,kup,2075,0,1675,1520,-2792,-920,-16840,25,25,-25,0
S,103797095,kup,2075,0,1675,1520,-2784,-968,-16744,35,32,-25,0
S,103807096,kup,2075,0,1675,1520,-2720,-960,-16936,52,32,-29,0
S,103817095,kup,2075,0,1675,1520,-2728,-944,-16752,47,15,-28,0
S,103827095,kup,2075,0,1675,1520,-2600,-968,-16888,38,11,-26,0
S,103837095,kup,2075,0,1675,1520,-2704,-992,-16768,30,14,-23,0
S,103847095,kup,2075,0,1675,1520,-2744,-920,-16808,37,32,-30,0
S,103857095,kup,2075,0,1675,1520,-2592,-872,-16936,37,36,-33,0
S,103867095,kup,2075,0,1675,1520,-2648,-760,-16984,33,21,-26,0
S,103877095,kup,2075,0,1675,1520,-2696,-976,-17064,37,18,-28,0
S,103887095,kup,2075,0,1675,1520,-2648,-992,-16928,44,18,-30,0
S,103897095,kup,2075,0,1675,1520,-2712,-936,-16888,50,28,-29,0
S,103907096,kup,2075,0,1675,1520,-2616,-936,-16872,35,23,-30,0
E,103907202,kup,2076,0,1676,1520,,,,,,,0
S,103907841,kup,2076,0,1676,1520,-2640,-880,-16832,35,23,-30,0
S,103917828,kup,2076,0,1676,1520,-2672,-904,-16904,32,27,-26,0
S,103927828,kup,2076,0,1676,1520,-2616,-952,-16896,37,19,-31,0
S,103937827,kup,2076,0,1676,1520,-2728,-880,-16864,42,23,-33,0
S,103947828,kup,2076,0,1676,1520,-2672,-760,-16944,47,19,-32,0
S,103957827,kup,2076,0,1676,1520,-2712,-1040,-16944,35,21,-25,0
S,103967827,kup,2076,0,1676,1520,-2648,-896,-16816,34,19,-31,0
S,103977827,kup,2076,0,1676,1520,-2720,-1024,-16952,28,28,-30,0
S,103987827,kup,2076,0,1676,1520,-2712,-952,-16888,35,29,-31,0
S,103997827,kup,2076,0,1676,1520,-2712,-920,-16888,37,24,-28,0
S,104007827,kup,2076,0,1676,1520,-2704,-872,-16832,38,21,-32,0
S,104017828,kup,2076,0,1676,1520,-2720,-1024,-16952,28,15,-29,0
S,104027828,kup,2076,0,1676,1520,-2744,-848,-16856,40,22,-32,0
S,104037827,kup,2076,0,1676,1520,-2712,-1000,-16944,45,25,-33,0
S,104047828,kup,2076,0,1676,1520,-2712,-904,-16840,38,23,-30,0
S,104057827,kup,2076,0,1676,1520,-2688,-864,-16992,29,23,-31,0
S,104067828,kup,2076,0,1676,1520,-2576,-920,-16904,37,18,-32,0
S,104077827,kup,2076,0,1676,1520,-2792,-848,-16952,43,27,-27,0
S,104087827,kup,2076,0,1676,1520,-2680,-816,-16936,40,25,-30,0
S,104097827,kup,2076,0,1676,1520,-2736,-856,-16832,35,19,-30,0
S,104107827,kup,2076,0,1676,1520,-2632,-944,-16792,40,14,-30,0
S,104117828,kup,2076,0,1676,1520,-2760,-928,-16856,38,27,-29,0
S,104127827,kup,2076,0,1676,1520,-2680,-832,-16896,39,23,-30,0
S,104137827,kup,2076,0,1676,1520,-2616,-856,-16824,41,30,-31,0
S,104147827,kup,2076,0,1676,1520,-2576,-952,-16872,35,21,-27,0
S,104157827,kup,2076,0,1676,1520,-2704,-912,-16904,40,23,-27,0
E,104157933,kup,2077,0,1677,1520,,,,,,,0
S,104158572,kup,2077,0,1677,1520,-2688,-936,-16856,40,19,-23,0
S,104168559,kup,2077,0,1677,1520,-2752,-936,-16912,33,27,-31,0
S,104178558,kup,2077,0,1677,1520,-2672,-880,-16880,41,27,-31,0
S,104188559,kup,2077,0,1677,1520,-2736,-856,-16800,41,19,-31,0
S,104198558,kup,2077,0,1677,1520,-2712,-944,-16744,34,25,-26,0
S,104208558,kup,2077,0,1677,1520,-2744,-904,-16800,35,20,-35,0
S,104218559,kup,2077,0,1677,1520,-2832,-944,-16952,47,26,-29,0
S,104228558,kup,2077,0,1677,1520,-2752,-944,-16896,37,19,-23,0
S,104238558,kup,2077,0,1677,1520,-2696,-880,-16840,31,23,-29,0
S,104248559,kup,2077,0,1677,1520,-2736,-888,-16872,37,21,-28,0
S,104258559,kup,2077,0,1677,1520,-2728,-952,-16880,39,23,-31,0
S,104268558,kup,2077,0,1677,1520,-2696,-904,-16968,38,25,-29,0
S,104278558,kup,2077,0,1677,1520,-2696,-840,-16912,32,21,-29,0
S,104288558,kup,2077,0,1677,1520,-2640,-1024,-16800,33,25,-30,0
S,104298559,kup,2077,0,1677,1520,-2736,-992,-16744,37,25,-31,0
S,104308558,kup,2077,0,1677,1520,-2904,-944,-16856,34,28,-27,0
S,104318559,kup,2077,0,1677,1520,-2720,-936,-16920,38,21,-34,0
S,104328558,kup,2077,0,1677,1520,-2856,-936,-16856,37,21,-27,0
S,104338558,kup,2077,0,1677,1520,-2792,-976,-16784,36,19,-28,0
S,104348558,kup,2077,0,1677,1520,-2784,-880,-16888,38,20,-29,0
S,104358558,kup,2077,0,1677,1520,-2608,-880,-16680,38,25,-28,0
S,104368558,kup,2077,0,1677,1520,-2744,-872,-16976,39,22,-28,0
S,104378558,kup,2077,0,1677,1520,-2856,-904,-16928,40,21,-27,0
S,104388558,kup,2077,0,1677,1520,-2680,-920,-16880,33,24,-27,0
S,104398559,kup,2077,0,1677,1520,-2688,-928,-16944,35,20,-27,0
S,104408558,kup,2077,0,1677,1520,-2752,-1032,-16992,36,21,-32,0
E,104408741,kup,2078,0,1678,1520,,,,,,,0
S,104409384,kup,2078,0,1678,1520,-2712,-856,-16976,36,21,-32,0
S,104419372,kup,2078,0,1678,1520,-3264,-928,-16816,40,13,-28,0
S,104429371,kup,2078,0,1678,1520,-1744,-1000,-17040,34,-19,-46,0
S,104439370,kup,2078,0,1678,1520,-5640,-2096,-16960,36,-55,-26,0
S,104449370,kup,2078,0,1678,1520,-2864,-944,-17264,66,-80,-38,0
S,104459370,kup,2078,0,1678,1520,-2616,-1168,-16600,69,-60,-40,0
S,104469370,kup,2078,0,1678,1520,-2760,-1056,-16816,76,-10,-36,0
S,104479371,kup,2078,0,1678,1520,-2768,-784,-16712,51,53,-29,0
S,104489370,kup,2078,0,1678,1520,-2712,-856,-16888,5,68,-25,0
S,104499371,kup,2078,0,1678,1520,-2744,-912,-17064,-14,51,-29,0
S,104509371,kup,2078,0,1678,1520,-2656,-944,-16952,17,14,-29,0
S,104519371,kup,2078,0,1678,1520,-2680,-1064,-16800,68,2,-36,0
S,104529370,kup,2078,0,1678,1520,-2856,-944,-16816,87,6,-32,0
S,104539370,kup,2078,0,1678,1520,-2792,-880,-16880,55,17,-30,0
S,104549370,kup,2078,0,1678,1520,-2808,-776,-16952,12,30,-30,0
S,104559370,kup,2078,0,1678,1520,-2912,-984,-16944,-1,40,-25,0
S,104569370,kup,2078,0,1678,1520,-2736,-880,-16872,22,42,-30,0
S,104579371,kup,2078,0,1678,1520,-2712,-808,-16888,53,23,-27,0
S,104589371,kup,2078,0,1678,1520,-2784,-848,-16984,59,11,-32,0
S,104599371,kup,2078,0,1678,1520,-2776,-912,-16840,48,1,-29,0
S,104609370,kup,2078,0,1678,1520,-2800,-864,-16848,28,19,-25,0
S,104619371,kup,2078,0,1678,1520,-2752,-840,-16896,27,31,-31,0
S,104629370,kup,2078,0,1678,1520,-2760,-968,-17008,29,43,-32,0
S,104639370,kup,2078,0,1678,1520,-2696,-904,-16848,33,31,-25,0
S,104649371,kup,2078,0,1678,1520,-2784,-808,-16928,36,8,-28,0
S,104659371,kup,2078,0,1678,1520,-2816,-936,-16864,48,8,-29,0
E,104659475,kup,2079,0,1679,1520,,,,,,,0
S,104660115,kup,2079,0,1679,1520,-2848,-976,-16760,48,9,-31,0
S,104670101,kup,2079,0,1679,1520,-2728,-896,-16880,49,22,-30,0
S,104680100,kup,2079,0,1679,1520,-2736,-776,-16896,39,32,-32,0
S,104690100,kup,2079,0,1679,1520,-2656,-840,-16720,18,30,-30,0
S,104700100,kup,2079,0,1679,1520,-2800,-960,-16960,23,25,-27,0
S,104710100,kup,2079,0,1679,1520,-2776,-912,-16920,34,19,-35,0
S,104720101,kup,2079,0,1679,1520,-2872,-952,-17024,53,18,-32,0
S,104730100,kup,2079,0,1679,1520,-2928,-912,-16824,51,18,-30,0
S,104740100,kup,2079,0,1679,1520,-2728,-816,-16896,31,16,-33,0
S,104750100,kup,2079,0,1679,1520,-2760,-896,-16792,29,27,-28,0
S,104760100,kup,2079,0,1679,1520,-2704,-984,-16848,31,30,-34,0
S,104770101,kup,2079,0,1679,1520,-2712,-888,-16824,32,29,-30,0
S,104780100,kup,2079,0,1679,1520,-2736,-848,-16840,43,26,-32,0
S,104790100,kup,2079,0,1679,1520,-2768,-936,-16824,38,13,-28,0
S,104800101,kup,2079,0,1679,1520,-2896,-824,-16864,39,17,-33,0
S,104810100,kup,2079,0,1679,1520,-2856,-896,-16808,34,26,-27,0
S,104820100,kup,2079,0,1679,1520,-2752,-912,-16824,33,30,-32,0
S,104830100,kup,2079,0,1679,1520,-2720,-800,-16816,35,23,-34,0
S,104840100,kup,2079,0,1679,1520,-2704,-880,-16872,43,21,-32,0
S,104850100,kup,2079,0,1679,1520,-2768,-872,-16808,43,19,-23,0
S,104860101,kup,2079,0,1679,1520,-2784,-944,-16824,45,26,-24,0
S,104870100,kup,2079,0,1679,1520,-2784,-1024,-16896,37,23,-25,0
S,104880100,kup,2079,0,1679,1520,-2888,-992,-16896,34,22,-27,0
S,104890100,kup,2079,0,1679,1520,-2768,-888,-16784,31,26,-31,0
S,104900100,kup,2079,0,1679,1520,-2728,-864,-16864,37,25,-29,0
S,104910100,kup,2079,0,1679,1520,-2736,-1120,-16952,47,23,-28,0
E,104910283,kup,2080,0,1680,1520,,,,,,,0
S,104910926,kup,2080,0,1680,1520,-2720,-920,-16880,48,24,-32,0
S,104920913,kup,2080,0,1680,1520,-2736,-904,-16856,39,16,-29,0
S,104930912,kup,2080,0,1680,1520,-2688,-984,-16832,41,20,-32,0
S,104940912,kup,2080,0,1680,1520,-2808,-944,-16864,34,24,-31,0
S,104950912,kup,2080,0,1680,1520,-2680,-880,-16904,33,30,-33,0
S,104960912,kup,2080,0,1680,1520,-2824,-880,-16816,37,26,-29,0
S,104970912,kup,2080,0,1680,1520,-2832,-808,-16800,29,21,-28,0
S,104980912,kup,2080,0,1680,1520,-2680,-1008,-16928,35,20,-30,0
S,104990912,kup,2080,0,1680,1520,-2824,-960,-16896,35,20,-31,0
S,105000912,kup,2080,0,1680,1520,-2760,-752,-16808,40,20,-30,0
S,105010912,kup,2080,0,1680,1520,-2720,-840,-16976,30,28,-30,0
S,105020912,kup,2080,0,1680,1520,-2816,-920,-16840,35,23,-29,0
S,105030912,kup,2080,0,1680,1520,-2776,-1008,-16968,31,20,-32,0
S,105040912,kup,2080,0,1680,1520,-2696,-880,-16928,39,25,-30,0
S,105050912,kup,2080,0,1680,1520,-2784,-1032,-16704,45,22,-26,0
S,105060912,kup,2080,0,1680,1520,-2752,-904,-16848,38,23,-33,0
S,105070912,kup,2080,0,1680,1520,-2760,-984,-16944,38,24,-31,0
S,105080913,kup,2080,0,1680,1520,-2808,-960,-16992,37,21,-32,0
S,105090912,kup,2080,0,1680,1520,-2760,-944,-16872,38,25,-26,0
S,105100913,kup,2080,0,1680,1520,-2736,-952,-16808,36,28,-27,0
S,105110912,kup,2080,0,1680,1520,-2712,-888,-16872,36,27,-29,0
S,105120912,kup,2080,0,1680,1520,-2776,-792,-16896,37,23,-32,0
S,105130912,kup,2080,0,1680,1520,-2784,-864,-16888,37,21,-24,0
S,105140912,kup,2080,0,1680,1520,-2752,-872,-16960,35,21,-30,0
S,105150912,kup,2080,0,1680,1520,-2688,-912,-16872,41,25,-31,0
S,105160912,kup,2080,0,1680,1520,-2768,-824,-16936,33,25,-31,0
E,105161018,kdn,2081,0,1680,1520,,,,,,,0
S,105161658,kdn,2081,0,1680,1520,-2744,-928,-16760,39,28,-28,0
S,105171646,kdn,2081,0,1680,1520,-2664,-824,-16776,35,20,-32,0
S,105181645,kdn,2081,0,1680,1520,-2688,-872,-16896,37,23,-28,0
S,105191645,kdn,2081,0,1680,1520,-2792,-936,-16952,37,23,-27,0
S,105201645,kdn,2081,0,1680,1520,-2776,-1016,-16872,39,22,-27,0
S,105211645,kdn,2081,0,1680,1520,-2752,-912,-16896,36,24,-33,0
S,105221644,kdn,2081,0,1680,1520,-2688,-944,-16928,34,30,-30,0
S,105231645,kdn,2081,0,1680,1520,-2664,-944,-16896,40,26,-26,0
S,105241645,kdn,2081,0,1680,1520,-2856,-856,-16792,36,26,-33,0
S,105251645,kdn,2081,0,1680,1520,-2832,-976,-16936,42,22,-31,0
S,105261645,kdn,2081,0,1680,1520,-2776,-968,-17000,38,22,-27,0
S,105271645,kdn,2081,0,1680,1520,-2800,-832,-16896,35,19,-29,0
S,105281645,kdn,2081,0,1680,1520,-2784,-896,-16752,49,22,-30,0
S,105291645,kdn,2081,0,1680,1520,-2816,-904,-16800,36,22,-30,0
S,105301645,kdn,2081,0,1680,1520,-2768,-1016,-16888,35,24,-31,0
S,105311645,kdn,2081,0,1680,1520,-2680,-904,-16744,40,22,-27,0
S,105321645,kdn,2081,0,1680,1520,-2784,-880,-16960,43,21,-35,0
S,105331645,kdn,2081,0,1680,1520,-2800,-1008,-16784,35,22,-28,0
S,105341645,kdn,2081,0,1680,1520,-2656,-928,-16904,34,22,-28,0
S,105351645,kdn,2081,0,1680,1520,-2744,-872,-16896,39,21,-30,0
S,105361645,kdn,2081,0,1680,1520,-2680,-896,-16864,37,22,-30,0
S,105371645,kdn,2081,0,1680,1520,-2880,-912,-16968,38,21,-36,0
S,105381644,kdn,2081,0,1680,1520,-2768,-832,-16736,40,23,-26,0
S,105391645,kdn,2081,0,1680,1520,-2712,-872,-16840,40,20,-28,0
S,105401645,kdn,2081,0,1680,1520,-2688,-936,-16896,38,26,-28,0
S,105411645,kdn,2081,0,1680,1520,-2696,-864,-16912,41,23,-35,0
E,105411751,kdn,2082,0,1679,1520,,,,,,,0
S,105412393,kdn,2082,0,1679,1520,-2784,-880,-16856,41,23,-35,0
S,105422382,kdn,2082,0,1679,1520,-2808,-880,-16856,36,23,-29,0
S,105432380,kdn,2082,0,1679,1520,-2656,-968,-16896,39,22,-35,0
S,105442380,kdn,2082,0,1679,1520,-2800,-944,-16880,38,21,-31,0
S,105452381,kdn,2082,0,1679,1520,-2776,-896,-16792,33,21,-28,0
S,105462380,kdn,2082,0,1679,1520,-2784,-1016,-16880,39,22,-27,0
S,105472380,kdn,2082,0,1679,1520,-2896,-960,-16976,38,21,-32,0
S,105482380,kdn,2082,0,1679,1520,-2680,-840,-16912,37,20,-32,0
S,105492380,kdn,2082,0,1679,1520,-2680,-840,-16872,39,26,-30,0
S,105502380,kdn,2082,0,1679,1520,-2848,-976,-16888,38,25,-27,0
S,105512380,kdn,2082,0,1679,1520,-2856,-944,-16880,36,23,-29,0
S,105522380,kdn,2082,0,1679,1520,-2728,-944,-16920,36,21,-27,0
S,105532380,kdn,2082,0,1679,1520,-2728,-936,-16832,37,26,-33,0
S,105542380,kdn,2082,0,1679,1520,-2768,-928,-16912,40,22,-26,0
S,105552380,kdn,2082,0,1679,1520,-2856,-824,-17008,34,21,-28,0
S,105562380,kdn,2082,0,1679,1520,-2776,-936,-17048,38,18,-30,0
S,105572380,kdn,2082,0,1679,1520,-2744,-912,-16904,35,22,-24,0
S,105582380,kdn,2082,0,1679,1520,-2736,-808,-16824,37,18,-33,0
S,105592380,kdn,2082,0,1679,1520,-2688,-1024,-16752,39,26,-30,0
S,105602380,kdn,2082,0,1679,1520,-2720,-1016,-16920,41,25,-35,0
S,105612380,kdn,2082,0,1679,1520,-2752,-888,-16992,44,20,-30,0
S,105622380,kdn,2082,0,1679,1520,-2728,-976,-16936,41,23,-31,0
S,105632380,kdn,2082,0,1679,1520,-2728,-976,-16656,43,24,-27,0
S,105642380,kdn,2082,0,1679,1520,-2736,-904,-16864,39,21,-28,0
S,105652380,kdn,2082,0,1679,1520,-2736,-904,-16864,35,21,-32,0
S,105662380,kdn,2082,0,1679,1520,-2712,-912,-16880,37,20,-25,0
E,105662486,kdn,2083,0,1678,1520,,,,,,,0
S,105663125,kdn,2083,0,1678,1520,-2728,-864,-16888,33,22,-27,0
S,105673112,kdn,2083,0,1678,1520,-2640,-928,-16904,39,23,-30,0
S,105683111,kdn,2083,0,1678,1520,-2696,-888,-16864,39,24,-32,0
S,105693111,kdn,2083,0,1678,1520,-2720,-936,-16944,39,22,-29,0
S,105703111,kdn,2083,0,1678,1520,-2800,-840,-16816,42,23,-33,0
S,105713112,kdn,2083,0,1678,1520,-2640,-944,-16864,35,24,-26,0
S,105723111,kdn,2083,0,1678,1520,-2720,-872,-16880,36,16,-28,0
S,105733111,kdn,2083,0,1678,1520,-2656,-1056,-16896,38,20,-31,0
S,105743111,kdn,2083,0,1678,1520,-2832,-984,-16840,42,25,-26,0
S,105753111,kdn,2083,0,1678,1520,-2840,-960,-16856,40,23,-28,0
S,105763111,kdn,2083,0,1678,1520,-2792,-976,-16888,39,26,-34,0
S,105773112,kdn,2083,0,1678,1520,-2784,-880,-16912,35,24,-30,0
S,105783111,kdn,2083,0,1678,1520,-2792,-824,-16936,38,24,-30,0
S,105793112,kdn,2083,0,1678,1520,-2848,-1056,-17000,33,29,-25,0
S,105803111,kdn,2083,0,1678,1520,-2816,-984,-16840,40,23,-26,0
S,105813111,kdn,2083,0,1678,1520,-2736,-1040,-16864,33,20,-27,0
S,105823111,kdn,2083,0,1678,1520,-2712,-816,-16800,25,24,-27,0
S,105833111,kdn,2083,0,1678,1520,-2792,-920,-16976,39,29,-32,0
S,105843112,kdn,2083,0,1678,1520,-2824,-872,-16832,42,23,-28,0
S,105853112,kdn,2083,0,1678,1520,-2792,-880,-16784,35,21,-29,0
S,105863111,kdn,2083,0,1678,1520,-2696,-936,-16880,38,23,-32,0
S,105873111,kdn,2083,0,1678,1520,-2808,-944,-16976,42,19,-28,0
S,105883111,kdn,2083,0,1678,1520,-2792,-912,-16808,34,21,-31,0
S,105893111,kdn,2083,0,1678,1520,-2760,-896,-16864,36,24,-29,0
S,105903112,kdn,2083,0,1678,1520,-2624,-936,-16776,36,20,-24,0
S,105913111,kdn,2083,0,1678,1520,-2688,-816,-16904,36,20,-25,0
E,105913217,kdn,2084,0,1677,1520,,,,,,,0
S,105913860,kdn,2084,0,1677,1520,-2760,-904,-16840,36,20,-25,0
S,105923844,kdn,2084,0,1677,1520,-2760,-808,-16856,32,21,-31,0
S,105933842,kdn,2084,0,1677,1520,-3096,-896,-16912,38,17,-32,0
S,105943842,kdn,2084,0,1677,1520,-2816,-848,-16896,36,25,-27,0
S,105953842,kdn,2084,0,1677,1520,-2704,-1000,-16816,40,18,-29,0
S,105963842,kdn,2084,0,1677,1520,-2864,-840,-17016,42,18,-28,0
S,105973843,kdn,2084,0,1677,1520,-2840,-952,-16800,37,20,-30,0
S,105983842,kdn,2084,0,1677,1520,-2752,-984,-16864,40,21,-35,0
S,105993842,kdn,2084,0,1677,1520,-2792,-840,-16832,35,24,-29,0
S,106003842,kdn,2084,0,1677,1520,-2768,-920,-16880,39,23,-32,0
S,106013842,kdn,2084,0,1677,1520,-2936,-936,-16912,42,20,-27,0
S,106023843,kdn,2084,0,1677,1520,-2760,-984,-16944,39,19,-31,0
S,106033842,kdn,2084,0,1677,1520,-2808,-992,-16800,36,24,-34,0
S,106043842,kdn,2084,0,1677,1520,-2792,-856,-16888,36,22,-33,0
S,106053842,kdn,2084,0,1677,1520,-2744,-968,-16888,38,19,-25,0
S,106063842,kdn,2084,0,1677,1520,-2856,-1000,-16944,42,22,-32,0
S,106073842,kdn,2084,0,1677,1520,-2808,-952,-16888,46,25,-30,0
S,106083842,kdn,2084,0,1677,1520,-2728,-816,-16872,42,28,-29,0
S,106093842,kdn,2084,0,1677,1520,-2816,-1008,-16896,31,21,-31,0
S,106103842,kdn,2084,0,1677,1520,-2816,-896,-16784,44,22,-26,0
S,106113843,kdn,2084,0,1677,1520,-2760,-1000,-16880,42,27,-33,0
S,106123842,kdn,2084,0,1677,1520,-2704,-1024,-16984,41,23,-26,0
S,106133842,kdn,2084,0,1677,1520,-2704,-824,-16888,32,24,-29,0
S,106143843,kdn,2084,0,1677,1520,-2768,-992,-16816,35,25,-24,0
S,106153842,kdn,2084,0,1677,1520,-2824,-1008,-16896,44,20,-27,0
S,106163842,kdn,2084,0,1677,1520,-2744,-920,-16800,36,27,-32,0
E,106163948,kdn,2085,0,1676,1520,,,,,,,0
S,106164588,kdn,2085,0,1676,1520,-2720,-1120,-16848,37,20,-25,0
S,106174576,kdn,2085,0,1676,1520,-2776,-1008,-16984,35,20,-29,0
S,106184574,kdn,2085,0,1676,1520,-2776,-992,-16752,40,21,-34,0
S,106194574,kdn,2085,0,1676,1520,-2648,-912,-16904,38,26,-26,0
S,106204574,kdn,2085,0,1676,1520,-2768,-872,-16856,39,25,-33,0
S,106214574,kdn,2085,0,1676,1520,-2776,-1040,-16896,40,24,-21,0
S,106224574,kdn,2085,0,1676,1520,-2768,-912,-16968,36,18,-34,0
S,106234574,kdn,2085,0,1676,1520,-2664,-872,-16856,37,22,-26,0
S,106244575,kdn,2085,0,1676,1520,-2736,-960,-16912,37,24,-30,0
S,106254575,kdn,2085,0,1676,1520,-2784,-960,-16976,31,28,-31,0
S,106264574,kdn,2085,0,1676,1520,-2760,-944,-16720,37,26,-31,0
S,106274574,kdn,2085,0,1676,1520,-2768,-1048,-16808,35,25,-29,0
S,106284574,kdn,2085,0,1676,1520,-2784,-1016,-16896,39,19,-32,0
S,106294574,kdn,2085,0,1676,1520,-2800,-928,-16904,37,24,-27,0
S,106304574,kdn,2085,0,1676,1520,-2712,-912,-16824,38,23,-30,0
S,106314574,kdn,2085,0,1676,1520,-2768,-984,-16872,39,23,-28,0
S,106324574,kdn,2085,0,1676,1520,-2888,-968,-16984,38,19,-24,0
S,106334574,kdn,2085,0,1676,1520,-2744,-992,-16888,40,24,-32,0
S,106344574,kdn,2085,0,1676,1520,-2696,-896,-16880,41,23,-28,0
S,106354574,kdn,2085,0,1676,1520,-2776,-856,-16856,39,21,-31,0
S,106364575,kdn,2085,0,1676,1520,-2776,-848,-16872,33,23,-29,0
S,106374574,kdn,2085,0,1676,1520,-2816,-1008,-16848,39,27,-28,0
S,106384574,kdn,2085,0,1676,1520,-2856,-784,-16880,42,24,-30,0
S,106394574,kdn,2085,0,1676,1520,-2696,-848,-16960,42,26,-33,0
S,106404574,kdn,2085,0,1676,1520,-2792,-960,-16896,38,25,-31,0
S,106414575,kdn,2085,0,1676,1520,-2792,-928,-16920,35,25,-31,0
E,106414681,kdn,2086,0,1675,1520,,,,,,,0
S,106415320,kdn,2086,0,1675,1520,-2720,-848,-16880,35,25,-31,0
S,106425310,kdn,2086,0,1675,1520,-2688,-840,-16856,37,20,-35,0
S,106435310,kdn,2086,0,1675,1520,-2816,-912,-16856,35,18,-33,0
S,106445310,kdn,2086,0,1675,1520,-2856,-936,-16912,40,23,-25,0
S,106455310,kdn,2086,0,1675,1520,-2776,-1024,-16816,34,22,-26,0
S,106465310,kdn,2086,0,1675,1520,-2880,-912,-16824,41,24,-30,0
S,106475310,kdn,2086,0,1675,1520,-2720,-888,-16984,39,23,-27,0
S,106485310,kdn,2086,0,1675,1520,-2736,-840,-16832,43,20,-30,0
S,106495310,kdn,2086,0,1675,1520,-2784,-872,-16960,38,23,-27,0
S,106505310,kdn,2086,0,1675,1520,-2792,-904,-16896,33,23,-33,0
S,106515310,kdn,2086,0,1675,1520,-2792,-928,-16896,36,23,-33,0
S,106525310,kdn,2086,0,1675,1520,-2840,-928,-16800,41,23,-26,0
S,106535310,kdn,2086,0,1675,1520,-2872,-1000,-16896,41,25,-28,0
S,106545310,kdn,2086,0,1675,1520,-2720,-1000,-16800,42,25,-29,0
S,106555310,kdn,2086,0,1675,1520,-2760,-872,-16784,40,22,-28,0
S,106565310,kdn,2086,0,1675,1520,-2648,-1056,-16960,40,23,-36,0
S,106575310,kdn,2086,0,1675,1520,-2768,-968,-16864,43,24,-25,0
S,106585310,kdn,2086,0,1675,1520,-2680,-912,-16728,37,25,-27,0
S,106595310,kdn,2086,0,1675,1520,-2792,-952,-16888,33,17,-32,0
S,106605310,kdn,2086,0,1675,1520,-2808,-808,-16880,34,22,-25,0
S,106615310,kdn,2086,0,1675,1520,-2904,-808,-16864,45,24,-26,0
S,106625310,kdn,2086,0,1675,1520,-2664,-976,-16888,38,21,-33,0
S,106635310,kdn,2086,0,1675,1520,-2632,-952,-16904,35,21,-28,0
S,106645310,kdn,2086,0,1675,1520,-2760,-864,-16856,36,23,-34,0
S,106655310,kdn,2086,0,1675,1520,-2776,-864,-16896,39,27,-28,0
S,106665310,kdn,2086,0,1675,1520,-2744,-1120,-16944,40,23,-31,0
E,106665497,kdn,2087,0,1674,1520,,,,,,,0
S,106666137,kdn,2087,0,1674,1520,-2808,-1008,-16848,39,31,-32,0
S,106676125,kdn,2087,0,1674,1520,-3104,-784,-16928,38,25,-32,0
S,106686123,kdn,2087,0,1674,1520,-2160,-1840,-16760,33,26,-26,0
S,106696123,kdn,2087,0,1674,1520,-3248,-488,-16864,37,33,-35,0
S,106706124,kdn,2087,0,1674,1520,-2856,-712,-16960,34,44,-24,0
S,106716123,kdn,2087,0,1674,1520,-2792,-976,-16824,40,55,-27,0
S,106726123,kdn,2087,0,1674,1520,-2704,-752,-16848,28,46,-29,0
S,106736123,kdn,2087,0,1674,1520,-2720,-944,-16976,21,36,-30,0
S,106746124,kdn,2087,0,1674,1520,-2776,-952,-16960,25,9,-29,0
S,106756123,kdn,2087,0,1674,1520,-2872,-960,-16912,55,12,-31,0
S,106766124,kdn,2087,0,1674,1520,-2744,-944,-16984,61,22,-27,0
S,106776123,kdn,2087,0,1674,1520,-2768,-912,-16784,36,29,-27,0
S,106786124,kdn,2087,0,1674,1520,-2744,-936,-16848,20,29,-25,0
S,106796123,kdn,2087,0,1674,1520,-2608,-904,-16776,20,25,-33,0
S,106806124,kdn,2087,0,1674,1520,-2736,-984,-16856,45,24,-28,0
S,106816123,kdn,2087,0,1674,1520,-2736,-1016,-16968,45,28,-31,0
S,106826124,kdn,2087,0,1674,1520,-2712,-960,-16832,48,17,-36,0
S,106836124,kdn,2087,0,1674,1520,-2848,-920,-16808,29,11,-27,0
S,106846123,kdn,2087,0,1674,1520,-2720,-1032,-16800,28,24,-25,0
S,106856123,kdn,2087,0,1674,1520,-2720,-1032,-16848,34,36,-27,0
S,106866124,kdn,2087,0,1674,1520,-2800,-1040,-16984,38,25,-25,0
S,106876124,kdn,2087,0,1674,1520,-2792,-832,-16880,37,20,-30,0
S,106886124,kdn,2087,0,1674,1520,-2896,-944,-16928,35,18,-33,0
S,106896123,kdn,2087,0,1674,1520,-2696,-856,-16888,46,16,-32,0
S,106906123,kdn,2087,0,1674,1520,-2776,-952,-16880,39,23,-30,0
S,106916123,kdn,2087,0,1674,1520,-2808,-936,-16880,37,27,-34,0
E,106916233,kdn,2088,0,1673,1520,,,,,,,0
S,106916875,kdn,2088,0,1673,1520,-2768,-848,-16920,40,28,-31,0
S,106926864,kdn,2088,0,1673,1520,-2792,-896,-16904,33,23,-27,0
S,106936862,kdn,2088,0,1673,1520,-2664,-976,-16904,35,25,-26,0
S,106946862,kdn,2088,0,1673,1520,-2672,-984,-16888,37,18,-31,0
S,106956862,kdn,2088,0,1673,1520,-2712,-912,-16936,51,19,-29,0
S,106966863,kdn,2088,0,1673,1520,-2720,-896,-16888,41,23,-28,0
S,106976862,kdn,2088,0,1673,1520,-2640,-832,-16776,30,25,-30,0
S,106986862,kdn,2088,0,1673,1520,-2776,-824,-16872,35,25,-25,0
S,106996862,kdn,2088,0,1673,1520,-2720,-920,-16984,38,29,-29,0
S,107006862,kdn,2088,0,1673,1520,-2688,-960,-16800,40,22,-31,0
S,107016862,kdn,2088,0,1673,1520,-2752,-776,-16832,36,26,-30,0
S,107026862,kdn,2088,0,1673,1520,-2568,-944,-16904,33,23,-28,0
S,107036862,kdn,2088,0,1673,1520,-2792,-872,-16760,37,23,-30,0
S,107046862,kdn,2088,0,1673,1520,-2640,-944,-16800,37,30,-26,0
S,107056862,kdn,2088,0,1673,1520,-2648,-888,-16856,40,20,-30,0
S,107066862,kdn,2088,0,1673,1520,-2704,-888,-16976,33,16,-30,0
S,107076862,kdn,2088,0,1673,1520,-2896,-960,-16792,38,24,-27,0
S,107086862,kdn,2088,0,1673,1520,-2760,-920,-16888,47,24,-37,0
S,107096862,kdn,2088,0,1673,1520,-2752,-944,-16816,42,22,-27,0
S,107106862,kdn,2088,0,1673,1520,-2696,-976,-16832,39,31,-34,0
S,107116862,kdn,2088,0,1673,1520,-2600,-968,-16792,31,21,-31,0
S,107126862,kdn,2088,0,1673,1520,-2712,-928,-16848,37,18,-29,0
S,107136862,kdn,2088,0,1673,1520,-2768,-1064,-16832,45,20,-30,0
S,107146863,kdn,2088,0,1673,1520,-2688,-872,-16872,40,17,-31,0
S,107156862,kdn,2088,0,1673,1520,-2664,-856,-16872,37,16,-25,0
S,107166862,kdn,2088,0,1673,1520,-2720,-1096,-16880,30,20,-31,0
E,107167045,kdn,2089,0,1672,1520,,,,,,,0
S,107167684,kdn,2089,0,1672,1520,-2824,-936,-16928,31,28,-27,0
S,107177672,kdn,2089,0,1672,1520,-2688,-912,-16944,38,21,-33,0
S,107187670,kdn,2089,0,1672,1520,-2672,-992,-16888,41,27,-26,0
S,107197670,kdn,2089,0,1672,1520,-2832,-992,-16816,42,26,-24,0
S,107207671,kdn,2089,0,1672,1520,-2712,-840,-16904,33,20,-31,0
S,107217670,kdn,2089,0,1672,1520,-2816,-856,-16888,35,22,-27,0
S,107227670,kdn,2089,0,1672,1520,-2816,-992,-16896,38,31,-30,0
S,107237670,kdn,2089,0,1672,1520,-2688,-936,-16832,36,22,-30,0
S,107247670,kdn,2089,0,1672,1520,-2672,-968,-16960,38,21,-34,0
S,107257671,kdn,2089,0,1672,1520,-2704,-1056,-16800,33,20,-24,0
S,107267670,kdn,2089,0,1672,1520,-2640,-960,-16944,38,22,-33,0
S,107277671,kdn,2089,0,1672,1520,-2864,-888,-16816,33,23,-35,0
S,107287670,kdn,2089,0,1672,1520,-2704,-984,-16968,35,31,-31,0
S,107297670,kdn,2089,0,1672,1520,-2704,-928,-16928,35,24,-30,0
S,107307670,kdn,2089,0,1672,1520,-2664,-872,-16792,33,22,-32,0
S,107317670,kdn,2089,0,1672,1520,-2624,-928,-16824,36,25,-27,0
S,107327670,kdn,2089,0,1672,1520,-2728,-752,-16688,46,23,-28,0
S,107337670,kdn,2089,0,1672,1520,-2680,-824,-16880,43,23,-29,0
S,107347670,kdn,2089,0,1672,1520,-2696,-992,-16824,35,25,-33,0
S,107357671,kdn,2089,0,1672,1520,-2720,-1024,-16872,35,20,-25,0
S,107367671,kdn,2089,0,1672,1520,-2688,-920,-16864,39,28,-27,0
S,107377670,kdn,2089,0,1672,1520,-2696,-880,-16880,43,23,-36,0
S,107387670,kdn,2089,0,1672,1520,-2728,-944,-17008,34,22,-30,0
S,107397670,kdn,2089,0,1672,1520,-2760,-952,-16880,37,21,-31,0
S,107407670,kdn,2089,0,1672,1520,-2808,-848,-16800,36,22,-27,0
S,107417670,kdn,2089,0,1672,1520,-2808,-864,-16880,43,28,-29,0
E,107417776,kdn,2090,0,1671,1520,,,,,,,0
S,107418418,kdn,2090,0,1671,1520,-2744,-952,-16880,40,30,-29,0
S,107428407,kdn,2090,0,1671,1520,-2360,-1280,-16824,38,25,-26,0
S,107438406,kdn,2090,0,1671,1520,-4616,-1128,-16944,34,46,-30,0
S,107448407,kdn,2090,0,1671,1520,-2400,-1672,-16936,33,39,-23,0
S,107458407,kdn,2090,0,1671,1520,-2552,-368,-16808,38,43,-28,0
S,107468406,kdn,2090,0,1671,1520,-2792,-1064,-16824,25,52,-25,0
S,107478407,kdn,2090,0,1671,1520,-2752,-952,-17064,26,37,-18,0
S,107488407,kdn,2090,0,1671,1520,-2832,-1080,-16952,31,20,-30,0
S,107498407,kdn,2090,0,1671,1520,-2784,-984,-16904,42,10,-34,0
S,107508406,kdn,2090,0,1671,1520,-2736,-856,-16792,49,19,-29,0
S,107518407,kdn,2090,0,1671,1520,-2672,-800,-16664,39,19,-26,0
S,107528407,kdn,2090,0,1671,1520,-2752,-856,-16856,24,25,-25,0
S,107538407,kdn,2090,0,1671,1520,-2672,-888,-16816,29,20,-26,0
S,107548407,kdn,2090,0,1671,1520,-2760,-944,-16968,42,34,-29,0
S,107558407,kdn,2090,0,1671,1520,-2704,-864,-17056,44,26,-28,0
S,107568407,kdn,2090,0,1671,1520,-2720,-936,-16896,37,19,-25,0
S,107578407,kdn,2090,0,1671,1520,-2640,-888,-16840,32,15,-37,0
S,107588407,kdn,2090,0,1671,1520,-2832,-880,-17000,38,23,-30,0
S,107598406,kdn,2090,0,1671,1520,-2880,-896,-16824,32,26,-26,0
S,107608407,kdn,2090,0,1671,1520,-2744,-960,-16952,42,28,-29,0
S,107618407,kdn,2090,0,1671,1520,-2848,-936,-16928,33,21,-26,0
S,107628407,kdn,2090,0,1671,1520,-2728,-928,-16936,39,20,-30,0
S,107638406,kdn,2090,0,1671,1520,-2704,-1008,-16952,38,25,-35,0
S,107648406,kdn,2090,0,1671,1520,-2600,-872,-16904,45,18,-24,0
S,107658407,kdn,2090,0,1671,1520,-2776,-1000,-16968,37,22,-31,0
S,107668407,kdn,2090,0,1671,1520,-2840,-912,-16848,31,24,-24,0
E,107668513,kdn,2091,0,1670,1520,,,,,,,0
S,107669152,kdn,2091,0,1670,1520,-2744,-928,-16824,29,22,-28,0
S,107679140,kdn,2091,0,1670,1520,-2792,-1048,-16960,39,25,-27,0
S,107689138,kdn,2091,0,1670,1520,-2616,-1000,-16848,38,16,-32,0
S,107699138,kdn,2091,0,1670,1520,-2632,-904,-16960,43,22,-35,0
S,107709139,kdn,2091,0,1670,1520,-2776,-880,-16728,37,23,-33,0
S,107719138,kdn,2091,0,1670,1520,-2784,-888,-16688,41,23,-27,0
S,107729139,kdn,2091,0,1670,1520,-2928,-888,-17088,40,24,-27,0
S,107739138,kdn,2091,0,1670,1520,-2784,-1008,-16896,40,30,-33,0
S,107749139,kdn,2091,0,1670,1520,-2752,-968,-16920,33,23,-29,0
S,107759138,kdn,2091,0,1670,1520,-2848,-976,-16928,36,19,-29,0
S,107769138,kdn,2091,0,1670,1520,-2656,-808,-16824,38,24,-36,0
S,107779139,kdn,2091,0,1670,1520,-2720,-888,-16784,37,24,-31,0
S,107789138,kdn,2091,0,1670,1520,-2752,-928,-16992,30,20,-30,0
S,107799138,kdn,2091,0,1670,1520,-2616,-912,-16992,35,23,-30,0
S,107809138,kdn,2091,0,1670,1520,-2648,-976,-16920,33,25,-30,0
S,107819138,kdn,2091,0,1670,1520,-2712,-904,-16944,41,26,-31,0
S,107829139,kdn,2091,0,1670,1520,-2656,-896,-16960,44,25,-27,0
S,107839139,kdn,2091,0,1670,1520,-2728,-864,-16968,39,23,-30,0
S,107849139,kdn,2091,0,1670,1520,-2640,-840,-16888,36,22,-29,0
S,107859139,kdn,2091,0,1670,1520,-2728,-792,-16864,41,21,-27,0
S,107869138,kdn,2091,0,1670,1520,-2616,-920,-16864,33,22,-24,0
S,107879139,kdn,2091,0,1670,1520,-2776,-880,-16880,42,22,-24,0
S,107889139,kdn,2091,0,1670,1520,-2712,-728,-16752,42,21,-31,0
S,107899139,kdn,2091,0,1670,1520,-2760,-912,-16856,37,18,-26,0
S,107909138,kdn,2091,0,1670,1520,-2768,-872,-16824,39,24,-29,0
S,107919138,kdn,2091,0,1670,1520,-2672,-896,-16760,42,24,-29,0
E,107919249,kdn,2092,0,1669,1520,,,,,,,0
S,107919892,kdn,2092,0,1669,1520,-2712,-864,-16952,40,24,-29,0
S,107929880,kdn,2092,0,1669,1520,-2640,-840,-16904,40,20,-28,0
S,107939878,kdn,2092,0,1669,1520,-2752,-984,-16912,36,25,-29,0
S,107949879,kdn,2092,0,1669,1520,-2784,-864,-16736,37,25,-27,0
S,107959878,kdn,2092,0,1669,1520,-2712,-864,-16864,31,20,-32,0
S,107969878,kdn,2092,0,1669,1520,-2712,-872,-16896,34,28,-27,0
S,107979879,kdn,2092,0,1669,1520,-2568,-848,-16904,40,26,-30,0
S,107989879,kdn,2092,0,1669,1520,-2672,-928,-16864,36,22,-34,0
S,107999879,kdn,2092,0,1669,1520,-2720,-896,-16824,35,20,-33,0
S,108009878,kdn,2092,0,1669,1520,-2792,-1000,-16824,36,26,-31,0
S,108019879,kdn,2092,0,1669,1520,-2760,-968,-16856,43,23,-28,0
S,108029878,kdn,2092,0,1669,1520,-2776,-904,-16904,37,25,-28,0
S,108039878,kdn,2092,0,1669,1520,-2712,-824,-16856,39,22,-28,0
S,108049879,kdn,2092,0,1669,1520,-2736,-952,-16896,41,20,-28,0
S,108059878,kdn,2092,0,1669,1520,-2760,-800,-16912,36,21,-35,0
S,108069879,kdn,2092,0,1669,1520,-2672,-1056,-16976,39,26,-27,0
S,108079879,kdn,2092,0,1669,1520,-2688,-1000,-16800,40,20,-23,0
S,108089878,kdn,2092,0,1669,1520,-2640,-912,-16992,42,22,-31,0
S,108099878,kdn,2092,0,1669,1520,-2688,-880,-16912,39,29,-26,0
S,108109878,kdn,2092,0,1669,1520,-2720,-880,-16848,38,23,-26,0
S,108119879,kdn,2092,0,1669,1520,-2840,-968,-16848,38,21,-32,0
S,108129879,kdn,2092,0,1669,1520,-2736,-888,-16832,40,20,-32,0
S,108139878,kdn,2092,0,1669,1520,-2696,-896,-16776,36,18,-26,0
S,108149879,kdn,2092,0,1669,1520,-2768,-864,-16864,38,22,-28,0
S,108159878,kdn,2092,0,1669,1520,-2688,-1032,-16880,37,22,-29,0
S,108169879,kdn,2092,0,1669,1520,-2808,-864,-16864,38,21,-23,0
E,108169985,kdn,2093,0,1668,1520,,,,,,,0
S,108170624,kdn,2093,0,1668,1520,-2576,-888,-16856,40,18,-29,0
S,108180611,kdn,2093,0,1668,1520,-2392,-528,-17112,42,23,-28,0
S,108190610,kdn,2093,0,1668,1520,-2936,-784,-16824,39,21,-31,0
S,108200610,kdn,2093,0,1668,1520,-2000,-816,-16944,34,22,-31,0
S,108210610,kdn,2093,0,1668,1520,-2656,-744,-16792,33,26,-21,0
S,108220610,kdn,2093,0,1668,1520,-2648,-1144,-16888,37,32,-32,0
S,108230610,kdn,2093,0,1668,1520,-2704,-792,-16792,37,30,-24,0
S,108240610,kdn,2093,0,1668,1520,-3056,-1296,-16864,36,53,-21,0
S,108250610,kdn,2093,0,1668,1520,-2760,-784,-16928,39,62,-27,0
S,108260611,kdn,2093,0,1668,1520,-2752,-928,-16872,25,43,-29,0
S,108270610,kdn,2093,0,1668,1520,-2728,-976,-16928,29,9,-24,0
S,108280610,kdn,2093,0,1668,1520,-2880,-864,-17016,42,3,-28,0
S,108290610,kdn,2093,0,1668,1520,-2696,-1064,-16912,49,26,-34,0
S,108300610,kdn,2093,0,1668,1520,-2720,-1040,-16760,59,24,-33,0
S,108310610,kdn,2093,0,1668,1520,-2736,-944,-16920,36,27,-28,0
S,108320610,kdn,2093,0,1668,1520,-2744,-936,-16808,22,24,-29,0
S,108330610,kdn,2093,0,1668,1520,-2672,-1104,-16928,15,22,-27,0
S,108340610,kdn,2093,0,1668,1520,-2944,-1016,-16888,41,24,-26,0
S,108350610,kdn,2093,0,1668,1520,-2584,-1000,-16888,52,24,-29,0
S,108360610,kdn,2093,0,1668,1520,-2808,-832,-16888,53,13,-37,0
S,108370611,kdn,2093,0,1668,1520,-2800,-808,-16984,36,16,-29,0
S,108380610,kdn,2093,0,1668,1520,-2616,-872,-16728,27,23,-25,0
S,108390610,kdn,2093,0,1668,1520,-2760,-880,-16760,30,26,-32,0
S,108400611,kdn,2093,0,1668,1520,-2616,-992,-16904,37,32,-34,0
S,108410610,kdn,2093,0,1668,1520,-2696,-952,-16944,44,30,-29,0
S,108420611,kdn,2093,0,1668,1520,-2624,-864,-16992,36,17,-32,0
E,108420717,kdn,2094,0,1667,1520,,,,,,,0
S,108421356,kdn,2094,0,1667,1520,-2752,-880,-16960,38,16,-32,0
S,108431344,kdn,2094,0,1667,1520,-2704,-944,-16928,31,14,-30,0
S,108441342,kdn,2094,0,1667,1520,-2672,-1064,-16840,34,26,-30,0
S,108451342,kdn,2094,0,1667,1520,-2752,-1120,-16920,39,29,-33,0
S,108461342,kdn,2094,0,1667,1520,-2672,-880,-16976,39,35,-29,0
S,108471343,kdn,2094,0,1667,1520,-2760,-840,-16848,34,24,-28,0
S,108481342,kdn,2094,0,1667,1520,-2720,-968,-16840,36,18,-32,0
S,108491342,kdn,2094,0,1667,1520,-2640,-872,-16848,41,25,-35,0
S,108501343,kdn,2094,0,1667,1520,-2864,-816,-16952,44,23,-29,0
S,108511342,kdn,2094,0,1667,1520,-2800,-880,-16848,44,26,-34,0
S,108521342,kdn,2094,0,1667,1520,-2728,-912,-16784,35,21,-25,0
S,108531343,kdn,2094,0,1667,1520,-2704,-1016,-16784,38,22,-28,0
S,108541343,kdn,2094,0,1667,1520,-2688,-848,-16896,38,21,-31,0
S,108551342,kdn,2094,0,1667,1520,-2744,-784,-16880,37,18,-30,0
S,108561343,kdn,2094,0,1667,1520,-2592,-936,-16888,40,17,-34,0
S,108571342,kdn,2094,0,1667,1520,-2680,-808,-17008,34,21,-24,0
S,108581343,kdn,2094,0,1667,1520,-2712,-880,-16920,41,23,-25,0
S,108591343,kdn,2094,0,1667,1520,-2792,-928,-16824,37,27,-30,0
S,108601342,kdn,2094,0,1667,1520,-2608,-888,-16904,38,24,-28,0
S,108611342,kdn,2094,0,1667,1520,-2696,-976,-16760,36,21,-32,0
S,108621342,kdn,2094,0,1667,1520,-2608,-1000,-16944,41,18,-27,0
S,108631342,kdn,2094,0,1667,1520,-2664,-880,-16888,39,21,-31,0
S,108641343,kdn,2094,0,1667,1520,-2696,-808,-16936,39,25,-27,0
S,108651343,kdn,2094,0,1667,1520,-2632,-768,-16872,41,21,-25,0
S,108661342,kdn,2094,0,1667,1520,-2752,-760,-16904,32,25,-36,0
S,108671343,kdn,2094,0,1667,1520,-2712,-920,-16848,35,22,-29,0
E,108671453,kdn,2095,0,1666,1520,,,,,,,0
S,108672092,kdn,2095,0,1666,1520,-2736,-984,-16920,38,25,-33,0
S,108682080,kdn,2095,0,1666,1520,-2712,-904,-16944,36,24,-27,0
S,108692078,kdn,2095,0,1666,1520,-2848,-960,-16760,39,25,-37,0
S,108702078,kdn,2095,0,1666,1520,-2640,-1032,-16864,41,20,-27,0
S,108712078,kdn,2095,0,1666,1520,-2648,-952,-16752,35,27,-32,0
S,108722078,kdn,2095,0,1666,1520,-2656,-840,-17008,39,25,-27,0
S,108732078,kdn,2095,0,1666,1520,-2696,-944,-16928,36,25,-26,0
S,108742078,kdn,2095,0,1666,1520,-2776,-736,-16824,36,25,-26,0
S,108752078,kdn,2095,0,1666,1520,-2632,-864,-16904,41,17,-29,0
S,108762078,kdn,2095,0,1666,1520,-2624,-944,-16912,36,16,-31,0
S,108772079,kdn,2095,0,1666,1520,-2832,-952,-16824,38,24,-34,0
S,108782078,kdn,2095,0,1666,1520,-2784,-848,-16872,34,21,-29,0
S,108792078,kdn,2095,0,1666,1520,-2720,-824,-16904,36,24,-28,0
S,108802079,kdn,2095,0,1666,1520,-2664,-1024,-16936,39,25,-29,0
S,108812078,kdn,2095,0,1666,1520,-2624,-896,-16888,42,19,-26,0
S,108822078,kdn,2095,0,1666,1520,-2704,-848,-16936,39,23,-26,0
S,108832078,kdn,2095,0,1666,1520,-2752,-832,-16944,35,15,-29,0
S,108842078,kdn,2095,0,1666,1520,-2696,-912,-16856,31,23,-25,0
S,108852079,kdn,2095,0,1666,1520,-2752,-848,-16896,35,19,-29,0
S,108862078,kdn,2095,0,1666,1520,-2624,-840,-16936,43,23,-27,0
S,108872079,kdn,2095,0,1666,1520,-2696,-904,-16824,38,28,-28,0
S,108882078,kdn,2095,0,1666,1520,-2640,-960,-16896,38,22,-33,0
S,108892078,kdn,2095,0,1666,1520,-2576,-872,-16864,35,21,-25,0
S,108902078,kdn,2095,0,1666,1520,-2672,-904,-16856,34,21,-24,0
S,108912078,kdn,2095,0,1666,1520,-2616,-856,-16880,39,23,-33,0
S,108922078,kdn,2095,0,1666,1520,-2648,-840,-16960,35,20,-33,0
E,108922184,kdn,2096,0,1665,1520,,,,,,,0
S,108922824,kdn,2096,0,1665,1520,-2624,-952,-16784,35,20,-33,0
S,108932811,kdn,2096,0,1665,1520,-3400,-928,-16880,38,23,-31,0
S,108942810,kdn,2096,0,1665,1520,-2608,-928,-16912,37,22,-29,0
S,108952810,kdn,2096,0,1665,1520,-2112,-640,-16880,42,55,-24,0
S,108962810,kdn,2096,0,1665,1520,-3000,-1008,-16744,40,63,-20,0
S,108972810,kdn,2096,0,1665,1520,-2768,-936,-16928,37,47,-24,0
S,108982810,kdn,2096,0,1665,1520,-2640,-816,-16952,28,24,-31,0
S,108992810,kdn,2096,0,1665,1520,-2664,-848,-16968,29,5,-24,0
S,109002810,kdn,2096,0,1665,1520,-2704,-1056,-16936,43,9,-37,0
S,109012810,kdn,2096,0,1665,1520,-2704,-952,-16888,63,28,-33,0
S,109022810,kdn,2096,0,1665,1520,-2592,-896,-17032,55,34,-27,0
S,109032810,kdn,2096,0,1665,1520,-2688,-544,-16840,33,27,-27,0
S,109042810,kdn,2096,0,1665,1520,-2552,-800,-16840,24,19,-30,0
S,109052811,kdn,2096,0,1665,1520,-2720,-936,-16832,28,17,-26,0
S,109062810,kdn,2096,0,1665,1520,-2672,-1168,-16864,39,28,-26,0
S,109072810,kdn,2096,0,1665,1520,-2800,-936,-16952,49,26,-34,0
S,109082810,kdn,2096,0,1665,1520,-2712,-936,-16904,48,23,-32,0
S,109092810,kdn,2096,0,1665,1520,-2776,-928,-16864,35,16,-31,0
S,109102810,kdn,2096,0,1665,1520,-2744,-832,-16824,28,14,-36,0
S,109112810,kdn,2096,0,1665,1520,-2736,-968,-16864,32,23,-33,0
S,109122810,kdn,2096,0,1665,1520,-2824,-936,-16792,37,32,-22,0
S,109132810,kdn,2096,0,1665,1520,-2848,-896,-16848,40,33,-27,0
S,109142810,kdn,2096,0,1665,1520,-2848,-1040,-16968,33,22,-32,0
S,109152810,kdn,2096,0,1665,1520,-2752,-960,-17016,40,12,-30,0
S,109162810,kdn,2096,0,1665,1520,-2656,-1048,-16880,38,26,-28,0
S,109172810,kdn,2096,0,1665,1520,-2768,-808,-16856,38,27,-32,0
E,109172916,kdn,2097,0,1664,1520,,,,,,,0
S,109173556,kdn,2097,0,1664,1520,-2792,-912,-16808,42,31,-29,0
S,109183543,kdn,2097,0,1664,1520,-2648,-816,-16832,35,27,-30,0
S,109193541,kdn,2097,0,1664,1520,-2592,-856,-16944,41,22,-23,0
S,109203541,kdn,2097,0,1664,1520,-2696,-840,-16872,38,15,-27,0
S,109213542,kdn,2097,0,1664,1520,-2688,-1024,-16904,36,16,-34,0
S,109223541,kdn,2097,0,1664,1520,-2648,-920,-16952,43,23,-30,0
S,109233542,kdn,2097,0,1664,1520,-2648,-816,-16920,41,29,-25,0
S,109243542,kdn,2097,0,1664,1520,-2712,-744,-16912,35,27,-29,0
S,109253541,kdn,2097,0,1664,1520,-2672,-936,-16888,31,23,-25,0
S,109263541,kdn,2097,0,1664,1520,-2712,-832,-16840,36,25,-31,0
S,109273541,kdn,2097,0,1664,1520,-2632,-912,-16752,31,23,-29,0
S,109283542,kdn,2097,0,1664,1520,-2688,-952,-16824,40,28,-28,0
S,109293541,kdn,2097,0,1664,1520,-2712,-1064,-16904,37,23,-33,0
S,109303542,kdn,2097,0,1664,1520,-2624,-848,-16824,36,22,-28,0
S,109313542,kdn,2097,0,1664,1520,-2712,-840,-16960,38,18,-27,0
S,109323541,kdn,2097,0,1664,1520,-2672,-840,-16848,31,23,-29,0
S,109333541,kdn,2097,0,1664,1520,-2744,-736,-16928,45,29,-29,0
S,109343542,kdn,2097,0,1664,1520,-2656,-936,-16872,37,25,-29,0
S,109353541,kdn,2097,0,1664,1520,-2680,-928,-16952,38,19,-25,0
S,109363541,kdn,2097,0,1664,1520,-2768,-824,-16968,35,23,-27,0
S,109373542,kdn,2097,0,1664,1520,-2760,-904,-16872,37,21,-38,0
S,109383542,kdn,2097,0,1664,1520,-2776,-968,-16816,36,25,-33,0
S,109393542,kdn,2097,0,1664,1520,-2592,-880,-16928,38,24,-33,0
S,109403542,kdn,2097,0,1664,1520,-2672,-992,-16880,32,24,-27,0
S,109413541,kdn,2097,0,1664,1520,-2592,-1008,-16880,38,24,-26,0
S,109423541,kdn,2097,0,1664,1520,-2648,-936,-16928,35,21,-28,0
E,109423647,kdn,2098,0,1663,1520,,,,,,,0
S,109424287,kdn,2098,0,1663,1520,-2664,-928,-16928,35,21,-28,0
S,109434274,kdn,2098,0,1663,1520,-2608,-880,-16864,42,22,-33,0
S,109444272,kdn,2098,0,1663,1520,-2648,-952,-16856,38,25,-29,0
S,109454273,kdn,2098,0,1663,1520,-2640,-840,-16952,37,24,-32,0
S,109464273,kdn,2098,0,1663,1520,-2704,-856,-16864,38,22,-29,0
S,109474273,kdn,2098,0,1663,1520,-2640,-936,-16920,32,23,-30,0
S,109484273,kdn,2098,0,1663,1520,-2696,-992,-16920,37,22,-32,0
S,109494272,kdn,2098,0,1663,1520,-2672,-952,-16824,40,23,-30,0
S,109504273,kdn,2098,0,1663,1520,-2648,-992,-16896,40,20,-34,0
S,109514272,kdn,2098,0,1663,1520,-2672,-824,-16800,41,21,-26,0
S,109524273,kdn,2098,0,1663,1520,-2584,-976,-16928,32,16,-27,0
S,109534272,kdn,2098,0,1663,1520,-2696,-896,-16848,36,28,-30,0
S,109544273,kdn,2098,0,1663,1520,-2840,-872,-16848,41,21,-25,0
S,109554273,kdn,2098,0,1663,1520,-2648,-992,-16880,41,24,-29,0
S,109564273,kdn,2098,0,1663,1520,-2640,-968,-16832,40,21,-26,0
S,109574272,kdn,2098,0,1663,1520,-2832,-912,-16816,37,27,-29,0
S,109584273,kdn,2098,0,1663,1520,-2664,-976,-16944,38,24,-29,0
S,109594272,kdn,2098,0,1663,1520,-2600,-968,-16696,31,23,-29,0
S,109604273,kdn,2098,0,1663,1520,-2704,-936,-16928,36,24,-26,0
S,109614273,kdn,2098,0,1663,1520,-2664,-848,-17064,35,20,-26,0
S,109624273,kdn,2098,0,1663,1520,-2664,-952,-16824,39,21,-28,0
S,109634272,kdn,2098,0,1663,1520,-2776,-952,-16816,42,26,-25,0
S,109644273,kdn,2098,0,1663,1520,-2728,-848,-16920,43,22,-31,0
S,109654273,kdn,2098,0,1663,1520,-2784,-856,-16976,40,22,-36,0
S,109664273,kdn,2098,0,1663,1520,-2640,-1000,-16840,42,22,-31,0
S,109674272,kdn,2098,0,1663,1520,-2672,-928,-16848,33,18,-28,0
E,109674383,kdn,2099,0,1662,1520,,,,,,,0
S,109675022,kdn,2099,0,1662,1520,-2720,-824,-16888,37,21,-28,0
S,109685009,kdn,2099,0,1662,1520,-2200,-888,-16832,39,25,-31,0
S,109695008,kdn,2099,0,1662,1520,-2168,-696,-16992,41,34,-32,0
S,109705008,kdn,2099,0,1662,1520,-2152,-616,-16880,35,43,-29,0
S,109715008,kdn,2099,0,1662,1520,-3552,104,-16448,39,33,-40,0
S,109725008,kdn,2099,0,1662,1520,-2936,-816,-16704,34,30,-29,0
S,109735009,kdn,2099,0,1662,1520,-2520,-1008,-16808,33,23,-24,0
S,109745008,kdn,2099,0,1662,1520,-2848,-800,-16824,42,20,-22,0
S,109755008,kdn,2099,0,1662,1520,-2688,-864,-16768,50,21,-26,0
S,109765008,kdn,2099,0,1662,1520,-2544,-968,-16768,49,24,-26,0
S,109775009,kdn,2099,0,1662,1520,-2512,-912,-16832,37,25,-23,0
S,109785008,kdn,2099,0,1662,1520,-2584,-792,-17072,28,20,-32,0
S,109795008,kdn,2099,0,1662,1520,-2760,-808,-16848,32,20,-25,0
S,109805008,kdn,2099,0,1662,1520,-2664,-912,-16792,37,26,-28,0
S,109815008,kdn,2099,0,1662,1520,-2648,-992,-16840,44,25,-21,0
S,109825008,kdn,2099,0,1662,1520,-2768,-816,-16904,43,32,-32,0
S,109835009,kdn,2099,0,1662,1520,-2600,-952,-17008,37,15,-34,0
S,109845008,kdn,2099,0,1662,1520,-2696,-928,-16872,32,20,-24,0
S,109855008,kdn,2099,0,1662,1520,-2800,-856,-16928,39,25,-32,0
S,109865009,kdn,2099,0,1662,1520,-2576,-856,-16952,34,20,-35,0
S,109875008,kdn,2099,0,1662,1520,-2784,-928,-17000,38,20,-28,0
S,109885008,kdn,2099,0,1662,1520,-2672,-904,-16784,31,22,-28,0
S,109895008,kdn,2099,0,1662,1520,-2568,-976,-16880,35,21,-30,0
S,109905008,kdn,2099,0,1662,1520,-2624,-936,-16912,42,20,-33,0
S,109915008,kdn,2099,0,1662,1520,-2688,-840,-16888,44,28,-29,0
S,109925008,kdn,2099,0,1662,1520,-2616,-960,-16936,34,31,-33,0
E,109925114,kdn,2100,0,1661,1520,,,,,,,0
S,109925755,kdn,2100,0,1661,1520,-2744,-840,-16776,34,31,-33,0
S,109935742,kdn,2100,0,1661,1520,-2736,-856,-16904,32,23,-29,0
S,109945741,kdn,2100,0,1661,1520,-2712,-864,-16944,33,26,-32,0
S,109955741,kdn,2100,0,1661,1520,-2592,-896,-16936,40,21,-29,0
S,109965741,kdn,2100,0,1661,1520,-2640,-944,-16920,43,22,-29,0
S,109975742,kdn,2100,0,1661,1520,-2640,-848,-16968,37,24,-31,0
S,109985741,kdn,2100,0,1661,1520,-2864,-952,-16992,38,19,-31,0
S,109995741,kdn,2100,0,1661,1520,-2680,-960,-16968,34,18,-27,0
S,110005742,kdn,2100,0,1661,1520,-2664,-936,-16816,38,22,-34,0
S,110015741,kdn,2100,0,1661,1520,-2736,-816,-16760,31,24,-28,0
S,110025741,kdn,2100,0,1661,1520,-2720,-928,-17032,42,25,-28,0
S,110035741,kdn,2100,0,1661,1520,-2744,-872,-16952,41,29,-27,0
S,110045741,kdn,2100,0,1661,1520,-2704,-984,-16856,41,25,-27,0
S,110055741,kdn,2100,0,1661,1520,-2696,-920,-16928,33,24,-26,0
S,110065741,kdn,2100,0,1661,1520,-2832,-1016,-16912,37,23,-25,0
S,110075741,kdn,2100,0,1661,1520,-2744,-952,-16856,38,20,-28,0
S,110085741,kdn,2100,0,1661,1520,-2696,-920,-16744,35,27,-28,0
S,110095741,kdn,2100,0,1661,1520,-2808,-928,-16760,39,19,-31,0
S,110105742,kdn,2100,0,1661,1520,-2720,-944,-16896,39,26,-31,0
S,110115742,kdn,2100,0,1661,1520,-2752,-1000,-16848,41,24,-23,0
S,110125741,kdn,2100,0,1661,1520,-2680,-1016,-16976,40,21,-32,0
S,110135741,kdn,2100,0,1661,1520,-2800,-912,-16928,34,26,-32,0
S,110145741,kdn,2100,0,1661,1520,-2720,-904,-16888,38,22,-31,0
S,110155741,kdn,2100,0,1661,1520,-2632,-976,-16840,37,28,-35,0
S,110165741,kdn,2100,0,1661,1520,-2824,-880,-16888,38,22,-33,0
S,110175741,kdn,2100,0,1661,1520,-2736,-920,-16848,36,23,-32,0
E,110175847,kdn,2101,0,1660,1520,,,,,,,0
S,110176486,kdn,2101,0,1660,1520,-2720,-920,-16816,44,22,-31,0
S,110186474,kdn,2101,0,1660,1520,-2696,-896,-16920,37,24,-23,0
S,110196472,kdn,2101,0,1660,1520,-2736,-888,-16976,42,22,-27,0
S,110206472,kdn,2101,0,1660,1520,-2640,-912,-16880,43,23,-31,0
S,110216473,kdn,2101,0,1660,1520,-2640,-904,-17112,39,19,-32,0
S,110226472,kdn,2101,0,1660,1520,-2704,-904,-16920,38,31,-30,0
S,110236472,kdn,2101,0,1660,1520,-2656,-944,-16808,34,25,-26,0
S,110246472,kdn,2101,0,1660,1520,-2696,-920,-16904,33,22,-31,0
S,110256472,kdn,2101,0,1660,1520,-2624,-904,-16944,39,24,-32,0
S,110266472,kdn,2101,0,1660,1520,-2696,-792,-16864,36,20,-34,0
S,110276473,kdn,2101,0,1660,1520,-2688,-880,-16880,41,25,-28,0
S,110286473,kdn,2101,0,1660,1520,-2792,-872,-16912,38,20,-30,0
S,110296472,kdn,2101,0,1660,1520,-2640,-880,-16880,36,24,-34,0
S,110306472,kdn,2101,0,1660,1520,-2696,-824,-16784,40,23,-27,0
S,110316473,kdn,2101,0,1660,1520,-2664,-896,-16816,40,26,-30,0
S,110326472,kdn,2101,0,1660,1520,-2648,-888,-16928,38,22,-27,0
S,110336473,kdn,2101,0,1660,1520,-2720,-912,-16816,43,17,-33,0
S,110346473,kdn,2101,0,1660,1520,-2656,-960,-16984,35,24,-28,0
S,110356472,kdn,2101,0,1660,1520,-2656,-1048,-16904,37,28,-27,0
S,110366472,kdn,2101,0,1660,1520,-2680,-896,-16904,38,22,-27,0
S,110376473,kdn,2101,0,1660,1520,-2600,-888,-16856,35,25,-26,0
S,110386472,kdn,2101,0,1660,1520,-2640,-784,-16856,35,21,-26,0
S,110396472,kdn,2101,0,1660,1520,-2752,-1008,-16880,33,23,-32,0
S,110406472,kdn,2101,0,1660,1520,-2696,-880,-16896,39,23,-33,0
S,110416472,kdn,2101,0,1660,1520,-2664,-1040,-16936,35,21,-30,0
S,110426472,kdn,2101,0,1660,1520,-2576,-992,-16904,40,22,-30,0
E,110426578,kdn,2102,0,1659,1520,,,,,,,0
S,110427218,kdn,2102,0,1659,1520,-2784,-936,-16944,40,22,-30,0
S,110437204,kdn,2102,0,1659,1520,-2616,-880,-16832,42,17,-26,0
S,110447203,kdn,2102,0,1659,1520,-2800,-1016,-16752,35,22,-26,0
S,110457203,kdn,2102,0,1659,1520,-2328,-760,-16736,31,31,-24,0
S,110467203,kdn,2102,0,1659,1520,-2712,-760,-16976,43,49,-15,0
S,110477203,kdn,2102,0,1659,1520,-2320,-992,-16968,42,73,-19,0
S,110487203,kdn,2102,0,1659,1520,-2664,-1008,-16760,39,71,-25,0
S,110497203,kdn,2102,0,1659,1520,-2712,-848,-16960,30,41,-16,0
S,110507204,kdn,2102,0,1659,1520,-2560,-888,-16984,25,7,-31,0
S,110517203,kdn,2102,0,1659,1520,-2616,-816,-16784,29,-5,-31,0
S,110527203,kdn,2102,0,1659,1520,-2672,-968,-16824,52,16,-32,0
S,110537203,kdn,2102,0,1659,1520,-2760,-1032,-16832,55,40,-22,0
S,110547203,kdn,2102,0,1659,1520,-2664,-968,-17008,46,39,-27,0
S,110557203,kdn,2102,0,1659,1520,-2664,-976,-16960,26,23,-23,0
S,110567203,kdn,2102,0,1659,1520,-2616,-840,-16880,24,11,-31,0
S,110577204,kdn,2102,0,1659,1520,-2616,-1096,-16840,27,11,-28,0
S,110587203,kdn,2102,0,1659,1520,-2616,-968,-16912,46,30,-28,0
S,110597203,kdn,2102,0,1659,1520,-2600,-1008,-16912,55,35,-27,0
S,110607203,kdn,2102,0,1659,1520,-2728,-856,-16928,41,24,-31,0
S,110617203,kdn,2102,0,1659,1520,-2736,-904,-16872,32,17,-24,0
S,110627203,kdn,2102,0,1659,1520,-2752,-888,-16848,30,18,-37,0
S,110637203,kdn,2102,0,1659,1520,-2656,-1024,-16856,33,27,-31,0
S,110647203,kdn,2102,0,1659,1520,-2600,-920,-16832,44,33,-29,0
S,110657203,kdn,2102,0,1659,1520,-2616,-808,-16880,42,30,-32,0
S,110667203,kdn,2102,0,1659,1520,-2648,-880,-16936,38,21,-21,0
S,110677204,kdn,2102,0,1659,1520,-2800,-920,-16936,40,13,-32,0
E,110677310,kdn,2103,0,1658,1520,,,,,,,0
S,110677954,kdn,2103,0,1658,1520,-2800,-960,-16896,37,14,-31,0
S,110687940,kdn,2103,0,1658,1520,-2608,-944,-16896,31,16,-29,0
S,110697939,kdn,2103,0,1658,1520,-2696,-936,-16896,33,34,-31,0
S,110707940,kdn,2103,0,1658,1520,-2704,-960,-16928,39,32,-31,0
S,110717939,kdn,2103,0,1658,1520,-2664,-832,-16856,34,27,-28,0
S,110727939,kdn,2103,0,1658,1520,-2632,-888,-16960,34,15,-35,0
S,110737939,kdn,2103,0,1658,1520,-2648,-840,-16920,35,25,-24,0
S,110747939,kdn,2103,0,1658,1520,-2648,-936,-16928,41,21,-29,0
S,110757940,kdn,2103,0,1658,1520,-2720,-880,-16912,44,26,-26,0
S,110767940,kdn,2103,0,1658,1520,-2608,-864,-16920,38,26,-27,0
S,110777940,kdn,2103,0,1658,1520,-2496,-928,-16920,34,25,-25,0
S,110787939,kdn,2103,0,1658,1520,-2640,-920,-16960,33,21,-26,0
S,110797939,kdn,2103,0,1658,1520,-2680,-888,-16896,42,30,-20,0
S,110807939,kdn,2103,0,1658,1520,-2680,-880,-16880,39,29,-22,0
S,110817940,kdn,2103,0,1658,1520,-2728,-976,-17008,43,27,-27,0
S,110827939,kdn,2103,0,1658,1520,-2624,-856,-16928,38,23,-26,0
S,110837939,kdn,2103,0,1658,1520,-2720,-976,-16776,36,20,-33,0
S,110847940,kdn,2103,0,1658,1520,-2552,-904,-16944,34,25,-29,0
S,110857939,kdn,2103,0,1658,1520,-2672,-864,-16920,40,26,-28,0
S,110867939,kdn,2103,0,1658,1520,-2728,-976,-16992,37,23,-26,0
S,110877939,kdn,2103,0,1658,1520,-2672,-928,-17048,37,19,-30,0
S,110887940,kdn,2103,0,1658,1520,-2568,-992,-16864,33,14,-32,0
S,110897939,kdn,2103,0,1658,1520,-2632,-944,-16872,36,24,-33,0
S,110907940,kdn,2103,0,1658,1520,-2672,-840,-16912,37,21,-30,0
S,110917939,kdn,2103,0,1658,1520,-2712,-872,-17008,35,25,-31,0
S,110927939,kdn,2103,0,1658,1520,-2640,-920,-16792,33,25,-27,0
E,110928045,kdn,2104,0,1657,1520,,,,,,,0
S,110928685,kdn,2104,0,1657,1520,-2640,-920,-16792,33,25,-27,0
S,110938672,kdn,2104,0,1657,1520,-2672,-936,-16856,30,18,-28,0
S,110948670,kdn,2104,0,1657,1520,-2672,-1048,-17008,34,20,-30,0
S,110958670,kdn,2104,0,1657,1520,-2704,-888,-16776,44,21,-28,0
S,110968670,kdn,2104,0,1657,1520,-2704,-864,-16968,40,24,-26,0
S,110978670,kdn,2104,0,1657,1520,-2672,-824,-16832,31,23,-26,0
S,110988670,kdn,2104,0,1657,1520,-2688,-808,-16808,34,15,-32,0
S,110998670,kdn,2104,0,1657,1520,-2568,-960,-16976,40,28,-22,0
S,111008670,kdn,2104,0,1657,1520,-2784,-992,-17016,36,22,-29,0
S,111018670,kdn,2104,0,1657,1520,-2592,-944,-16784,43,23,-25,0
S,111028670,kdn,2104,0,1657,1520,-2680,-816,-16848,39,21,-33,0
S,111038670,kdn,2104,0,1657,1520,-2840,-904,-16944,40,18,-38,0
S,111048670,kdn,2104,0,1657,1520,-2672,-1080,-16928,41,26,-23,0
S,111058670,kdn,2104,0,1657,1520,-2608,-1032,-16888,34,26,-25,0
S,111068671,kdn,2104,0,1657,1520,-2536,-1024,-16960,35,26,-32,0
S,111078670,kdn,2104,0,1657,1520,-2704,-920,-16872,35,21,-30,0
S,111088671,kdn,2104,0,1657,1520,-2656,-928,-16952,35,22,-30,0
S,111098670,kdn,2104,0,1657,1520,-2568,-936,-16744,40,26,-29,0
S,111108670,kdn,2104,0,1657,1520,-2744,-792,-16672,41,28,-23,0
S,111118670,kdn,2104,0,1657,1520,-2592,-952,-16912,37,26,-25,0
S,111128670,kdn,2104,0,1657,1520,-2744,-976,-17072,40,19,-31,0
S,111138670,kdn,2104,0,1657,1520,-2728,-1040,-16800,35,21,-31,0
S,111148670,kdn,2104,0,1657,1520,-2800,-888,-16896,38,28,-32,0
S,111158671,kdn,2104,0,1657,1520,-2712,-936,-16856,43,21,-29,0
S,111168670,kdn,2104,0,1657,1520,-2688,-952,-16872,41,28,-35,0
S,111178670,kdn,2104,0,1657,1520,-2568,-936,-17032,36,21,-26,0
E,111178776,kdn,2105,0,1656,1520,,,,,,,0
S,111179418,kdn,2105,0,1656,1520,-2568,-928,-16880,40,25,-25,0
S,111189407,kdn,2105,0,1656,1520,-2952,-1096,-16872,32,24,-29,0
S,111199407,kdn,2105,0,1656,1520,-2744,-944,-16784,36,25,-29,0
S,111209407,kdn,2105,0,1656,1520,-2688,-1056,-16888,46,33,-22,0
S,111219406,kdn,2105,0,1656,1520,-2744,-864,-16848,43,35,-26,0
S,111229406,kdn,2105,0,1656,1520,-2680,-832,-16832,35,29,-32,0
S,111239407,kdn,2105,0,1656,1520,-2632,-800,-16792,28,19,-29,0
S,111249406,kdn,2105,0,1656,1520,-2680,-960,-16832,38,20,-33,0
S,111259407,kdn,2105,0,1656,1520,-2800,-880,-16848,43,22,-30,0
S,111269407,kdn,2105,0,1656,1520,-2824,-856,-17040,44,29,-32,0
S,111279407,kdn,2105,0,1656,1520,-2656,-864,-16720,38,26,-25,0
S,111289407,kdn,2105,0,1656,1520,-2600,-904,-17024,35,19,-35,0
S,111299407,kdn,2105,0,1656,1520,-2616,-992,-16824,27,21,-31,0
S,111309407,kdn,2105,0,1656,1520,-2688,-896,-16912,33,24,-33,0
S,111319407,kdn,2105,0,1656,1520,-2624,-976,-16976,40,27,-30,0
S,111329406,kdn,2105,0,1656,1520,-2696,-936,-16776,39,28,-31,0
S,111339406,kdn,2105,0,1656,1520,-2528,-832,-16856,37,22,-33,0
S,111349406,kdn,2105,0,1656,1520,-2648,-992,-16944,36,20,-27,0
S,111359406,kdn,2105,0,1656,1520,-2688,-936,-16912,39,24,-26,0
S,111369407,kdn,2105,0,1656,1520,-2592,-888,-16936,42,25,-34,0
S,111379406,kdn,2105,0,1656,1520,-2584,-752,-16832,37,27,-36,0
S,111389406,kdn,2105,0,1656,1520,-2632,-912,-16912,39,23,-21,0
S,111399407,kdn,2105,0,1656,1520,-2656,-1056,-16912,35,18,-26,0
S,111409406,kdn,2105,0,1656,1520,-2664,-1040,-16864,36,21,-26,0
S,111419407,kdn,2105,0,1656,1520,-2648,-872,-16936,40,22,-27,0
S,111429407,kdn,2105,0,1656,1520,-2776,-968,-17072,37,25,-28,0
E,111429513,kdn,2106,0,1655,1520,,,,,,,0
S,111430152,kdn,2106,0,1655,1520,-2776,-968,-17072,37,25,-28,0
S,111440140,kdn,2106,0,1655,1520,-2584,-880,-16920,36,23,-23,0
S,111450139,kdn,2106,0,1655,1520,-2488,-776,-16816,40,16,-25,0
S,111460138,kdn,2106,0,1655,1520,-2680,-936,-16776,37,23,-27,0
S,111470139,kdn,2106,0,1655,1520,-2696,-880,-16816,38,30,-30,0
S,111480139,kdn,2106,0,1655,1520,-2664,-856,-16808,36,28,-24,0
S,111490138,kdn,2106,0,1655,1520,-2632,-880,-16896,41,17,-30,0
S,111500138,kdn,2106,0,1655,1520,-2600,-1040,-16888,30,15,-26,0
S,111510139,kdn,2106,0,1655,1520,-2768,-1008,-16760,35,23,-36,0
S,111520139,kdn,2106,0,1655,1520,-2856,-872,-16952,40,20,-29,0
S,111530138,kdn,2106,0,1655,1520,-2832,-960,-16960,38,30,-30,0
S,111540138,kdn,2106,0,1655,1520,-2656,-928,-16840,39,20,-31,0
S,111550139,kdn,2106,0,1655,1520,-2736,-832,-16832,31,25,-27,0
S,111560139,kdn,2106,0,1655,1520,-2696,-920,-16912,39,29,-25,0
S,111570138,kdn,2106,0,1655,1520,-2704,-960,-16928,41,22,-30,0
S,111580138,kdn,2106,0,1655,1520,-2800,-848,-16936,44,27,-23,0
S,111590139,kdn,2106,0,1655,1520,-2648,-976,-16888,40,19,-27,0
S,111600139,kdn,2106,0,1655,1520,-2680,-968,-16984,40,19,-26,0
S,111610138,kdn,2106,0,1655,1520,-2672,-848,-17096,37,21,-25,0
S,111620138,kdn,2106,0,1655,1520,-2568,-832,-16744,40,19,-30,0
S,111630138,kdn,2106,0,1655,1520,-2832,-904,-16848,37,28,-27,0
S,111640138,kdn,2106,0,1655,1520,-2592,-952,-16912,35,26,-28,0
S,111650139,kdn,2106,0,1655,1520,-2720,-1016,-16856,36,26,-30,0
S,111660139,kdn,2106,0,1655,1520,-2728,-984,-16760,35,20,-28,0
S,111670138,kdn,2106,0,1655,1520,-2752,-888,-16992,34,29,-33,0
S,111680138,kdn,2106,0,1655,1520,-2672,-944,-16832,39,27,-26,0
E,111680248,kdn,2107,0,1654,1520,,,,,,,0
S,111680892,kdn,2107,0,1654,1520,-2656,-888,-16744,40,26,-31,0
S,111690878,kdn,2107,0,1654,1520,-2736,-880,-16952,36,21,-29,0
S,111700878,kdn,2107,0,1654,1520,-2824,-1008,-16736,32,22,-24,0
S,111710878,kdn,2107,0,1654,1520,-2656,-896,-16856,36,26,-35,0
S,111720878,kdn,2107,0,1654,1520,-2720,-984,-16848,40,27,-24,0
S,111730878,kdn,2107,0,1654,1520,-2568,-888,-16896,41,23,-30,0
S,111740878,kdn,2107,0,1654,1520,-2776,-800,-16888,35,26,-28,0
S,111750878,kdn,2107,0,1654,1520,-2584,-912,-16824,36,24,-27,0
S,111760878,kdn,2107,0,1654,1520,-2648,-896,-16880,33,21,-31,0
S,111770878,kdn,2107,0,1654,1520,-2728,-1016,-16928,38,26,-35,0
S,111780878,kdn,2107,0,1654,1520,-2584,-888,-16808,44,28,-31,0
S,111790878,kdn,2107,0,1654,1520,-2760,-896,-16920,38,26,-23,0
S,111800878,kdn,2107,0,1654,1520,-2720,-856,-16984,40,22,-21,0
S,111810878,kdn,2107,0,1654,1520,-2608,-864,-16904,36,20,-30,0
S,111820878,kdn,2107,0,1654,1520,-2680,-824,-16880,39,25,-31,0
S,111830878,kdn,2107,0,1654,1520,-2568,-960,-16912,40,28,-36,0
S,111840878,kdn,2107,0,1654,1520,-2664,-856,-16928,38,28,-30,0
S,111850878,kdn,2107,0,1654,1520,-2792,-968,-16928,40,19,-37,0
S,111860878,kdn,2107,0,1654,1520,-2576,-864,-16888,35,26,-23,0
S,111870878,kdn,2107,0,1654,1520,-2648,-832,-16872,37,21,-26,0
S,111880878,kdn,2107,0,1654,1520,-2656,-832,-16944,36,20,-34,0
S,111890878,kdn,2107,0,1654,1520,-2600,-1024,-16904,37,26,-24,0
S,111900878,kdn,2107,0,1654,1520,-2552,-856,-16984,41,22,-28,0
S,111910878,kdn,2107,0,1654,1520,-2608,-888,-16928,40,22,-29,0
S,111920878,kdn,2107,0,1654,1520,-2720,-904,-16792,37,23,-29,0
S,111930878,kdn,2107,0,1654,1520,-2736,-784,-16920,39,19,-25,0
E,111930984,kdn,2108,0,1653,1520,,,,,,,0
S,111931623,kdn,2108,0,1653,1520,-2736,-784,-16920,35,18,-30,0
S,111941611,kdn,2108,0,1653,1520,-2752,-1248,-16928,38,15,-25,0
S,111951610,kdn,2108,0,1653,1520,-3520,-1512,-16928,40,30,-23,0
S,111961610,kdn,2108,0,1653,1520,-2760,-872,-16808,45,60,-25,0
S,111971609,kdn,2108,0,1653,1520,-2744,-896,-16712,51,84,-21,0
S,111981610,kdn,2108,0,1653,1520,-2352,-624,-17128,44,72,-16,0
S,111991609,kdn,2108,0,1653,1520,-2592,-800,-16384,33,40,-22,0
S,112001609,kdn,2108,0,1653,1520,-2728,-704,-16848,26,-1,-27,0
S,112011609,kdn,2108,0,1653,1520,-2712,-880,-16872,34,-9,-29,0
S,112021610,kdn,2108,0,1653,1520,-2544,-1112,-16840,50,10,-29,0
S,112031609,kdn,2108,0,1653,1520,-2656,-1184,-17032,48,34,-26,0
S,112041609,kdn,2108,0,1653,1520,-2824,-872,-17000,47,43,-27,0
S,112051610,kdn,2108,0,1653,1520,-2600,-640,-16672,33,32,-25,0
S,112061609,kdn,2108,0,1653,1520,-2584,-776,-16992,20,15,-33,0
S,112071610,kdn,2108,0,1653,1520,-2568,-1000,-16816,27,8,-31,0
S,112081609,kdn,2108,0,1653,1520,-2472,-944,-16864,42,15,-30,0
S,112091610,kdn,2108,0,1653,1520,-2640,-960,-16904,57,30,-32,0
S,112101610,kdn,2108,0,1653,1520,-2680,-1136,-17048,47,31,-24,0
S,112111609,kdn,2108,0,1653,1520,-2608,-1008,-16952,35,21,-29,0
S,112121609,kdn,2108,0,1653,1520,-2664,-784,-16968,20,20,-30,0
S,112131610,kdn,2108,0,1653,1520,-2680,-952,-16952,30,19,-27,0
S,112141609,kdn,2108,0,1653,1520,-2600,-816,-16848,35,29,-31,0
S,112151609,kdn,2108,0,1653,1520,-2736,-1000,-16864,49,28,-27,0
S,112161609,kdn,2108,0,1653,1520,-2720,-776,-16920,47,27,-31,0
S,112171609,kdn,2108,0,1653,1520,-2632,-720,-16856,38,17,-34,0
S,112181609,kdn,2108,0,1653,1520,-2632,-896,-16848,29,15,-30,0
E,112181715,kdn,2109,0,1652,1520,,,,,,,0
S,112182354,kdn,2109,0,1652,1520,-2696,-936,-17016,33,18,-26,0
S,112192341,kdn,2109,0,1652,1520,-2584,-1016,-16944,29,22,-27,0
S,112202340,kdn,2109,0,1652,1520,-2680,-784,-16992,38,27,-24,0
S,112212340,kdn,2109,0,1652,1520,-2624,-920,-16952,40,32,-30,0
S,112222340,kdn,2109,0,1652,1520,-2608,-992,-16840,39,25,-27,0
S,112232340,kdn,2109,0,1652,1520,-2672,-800,-16920,39,16,-30,0
S,112242340,kdn,2109,0,1652,1520,-2552,-912,-16800,38,19,-29,0
S,112252340,kdn,2109,0,1652,1520,-2536,-904,-16992,43,27,-28,0
S,112262340,kdn,2109,0,1652,1520,-2576,-1104,-16888,35,25,-30,0
S,112272340,kdn,2109,0,1652,1520,-2688,-976,-17056,36,25,-23,0
S,112282340,kdn,2109,0,1652,1520,-2624,-912,-16848,33,19,-30,0
S,112292340,kdn,2109,0,1652,1520,-2664,-912,-16888,34,24,-28,0
S,112302340,kdn,2109,0,1652,1520,-2704,-944,-16960,36,16,-29,0
S,112312340,kdn,2109,0,1652,1520,-2616,-880,-16744,41,26,-26,0
S,112322340,kdn,2109,0,1652,1520,-2632,-944,-16880,36,21,-30,0
S,112332341,kdn,2109,0,1652,1520,-2608,-832,-16920,42,28,-32,0
S,112342340,kdn,2109,0,1652,1520,-2632,-912,-16872,34,23,-30,0
S,112352340,kdn,2109,0,1652,1520,-2600,-904,-16848,32,21,-26,0
S,112362340,kdn,2109,0,1652,1520,-2776,-952,-16888,31,21,-32,0
S,112372340,kdn,2109,0,1652,1520,-2520,-928,-17000,39,18,-29,0
S,112382340,kdn,2109,0,1652,1520,-2632,-936,-16800,40,20,-26,0
S,112392340,kdn,2109,0,1652,1520,-2608,-1032,-16880,44,26,-28,0
S,112402340,kdn,2109,0,1652,1520,-2632,-1056,-16880,38,22,-35,0
S,112412340,kdn,2109,0,1652,1520,-2632,-808,-16784,35,20,-30,0
S,112422340,kdn,2109,0,1652,1520,-2584,-960,-16904,33,22,-31,0
S,112432341,kdn,2109,0,1652,1520,-2672,-872,-17032,43,29,-24,0
E,112432451,kdn,2110,0,1651,1520,,,,,,,0
S,112433090,kdn,2110,0,1651,1520,-2672,-872,-17032,40,26,-26,0
S,112443078,kdn,2110,0,1651,1520,-2608,-960,-16784,38,23,-33,0
S,112453076,kdn,2110,0,1651,1520,-2136,-320,-16936,40,24,-29,0
S,112463076,kdn,2110,0,1651,1520,-2352,-1064,-16784,41,41,-28,0
S,112473076,kdn,2110,0,1651,1520,-2488,-1064,-16904,46,62,-24,0
S,112483077,kdn,2110,0,1651,1520,-3000,-984,-16864,60,105,-22,0
S,112493076,kdn,2110,0,1651,1520,-2960,-848,-17024,45,90,-16,0
S,112503076,kdn,2110,0,1651,1520,-2760,-576,-16936,28,48,-32,0
S,112513076,kdn,2110,0,1651,1520,-2744,-928,-17000,22,6,-29,0
S,112523076,kdn,2110,0,1651,1520,-2512,-1024,-16960,34,-11,-31,0
S,112533077,kdn,2110,0,1651,1520,-2552,-976,-16904,50,2,-28,0
S,112543076,kdn,2110,0,1651,1520,-2672,-1120,-16824,59,31,-32,0
S,112553076,kdn,2110,0,1651,1520,-2520,-1056,-16880,53,47,-23,0
S,112563077,kdn,2110,0,1651,1520,-2640,-848,-16952,23,34,-23,0
S,112573076,kdn,2110,0,1651,1520,-2504,-568,-16976,9,18,-34,0
S,112583077,kdn,2110,0,1651,1520,-2544,-840,-16888,17,11,-25,0
S,112593076,kdn,2110,0,1651,1520,-2560,-1024,-16872,43,20,-32,0
S,112603076,kdn,2110,0,1651,1520,-2600,-944,-16968,64,26,-24,0
S,112613076,kdn,2110,0,1651,1520,-2664,-912,-16864,58,35,-23,0
S,112623076,kdn,2110,0,1651,1520,-2552,-520,-16928,38,31,-32,0
S,112633077,kdn,2110,0,1651,1520,-2664,-704,-16864,16,14,-26,0
S,112643077,kdn,2110,0,1651,1520,-2696,-960,-16768,16,16,-28,0
S,112653076,kdn,2110,0,1651,1520,-2528,-848,-16752,30,27,-36,0
S,112663077,kdn,2110,0,1651,1520,-2512,-800,-16760,50,30,-27,0
S,112673076,kdn,2110,0,1651,1520,-2568,-768,-16992,57,24,-31,0
S,112683077,kdn,2110,0,1651,1520,-2808,-800,-16832,36,11,-26,0
E,112683183,kdn,2111,0,1650,1520,,,,,,,0
S,112683822,kdn,2111,0,1650,1520,-2560,-928,-16920,39,8,-27,0
S,112693810,kdn,2111,0,1650,1520,-2576,-1016,-16880,28,16,-28,0
S,112703809,kdn,2111,0,1650,1520,-2600,-1032,-16904,39,25,-23,0
S,112713809,kdn,2111,0,1650,1520,-2584,-1040,-16840,39,41,-31,0
S,112723809,kdn,2111,0,1650,1520,-2616,-784,-16936,39,28,-31,0
S,112733809,kdn,2111,0,1650,1520,-2568,-936,-16984,37,17,-29,0
S,112743809,kdn,2111,0,1650,1520,-2544,-792,-16912,31,12,-31,0
S,112753809,kdn,2111,0,1650,1520,-2464,-960,-16848,37,20,-26,0
S,112763809,kdn,2111,0,1650,1520,-2440,-912,-17040,35,30,-26,0
S,112773809,kdn,2111,0,1650,1520,-2448,-720,-16912,45,31,-29,0
S,112783809,kdn,2111,0,1650,1520,-2664,-936,-16840,33,34,-35,0
S,112793809,kdn,2111,0,1650,1520,-2680,-864,-16992,31,23,-24,0
S,112803809,kdn,2111,0,1650,1520,-2688,-960,-16936,33,13,-31,0
S,112813809,kdn,2111,0,1650,1520,-2528,-984,-16864,38,16,-32,0
S,112823809,kdn,2111,0,1650,1520,-2768,-840,-16968,45,25,-30,0
S,112833809,kdn,2111,0,1650,1520,-2584,-864,-16776,38,23,-25,0
S,112843809,kdn,2111,0,1650,1520,-2696,-936,-16784,33,27,-30,0
S,112853809,kdn,2111,0,1650,1520,-2568,-936,-16832,26,29,-26,0
S,112863809,kdn,2111,0,1650,1520,-2704,-768,-17096,31,26,-30,0
S,112873809,kdn,2111,0,1650,1520,-2512,-1056,-16936,46,23,-31,0
S,112883809,kdn,2111,0,1650,1520,-2488,-880,-16848,45,21,-32,0
S,112893809,kdn,2111,0,1650,1520,-2624,-888,-16872,35,20,-31,0
S,112903809,kdn,2111,0,1650,1520,-2624,-992,-17008,31,16,-28,0
S,112913809,kdn,2111,0,1650,1520,-2640,-928,-16912,34,27,-27,0
S,112923809,kdn,2111,0,1650,1520,-2464,-952,-16888,32,29,-28,0
S,112933809,kdn,2111,0,1650,1520,-2664,-848,-17016,41,20,-26,0
E,112933915,kdn,2112,0,1649,1520,,,,,,,0
S,112934554,kdn,2112,0,1649,1520,-2664,-848,-17016,40,27,-27,0
S,112944542,kdn,2112,0,1649,1520,-2592,-944,-16936,39,20,-32,0
S,112954541,kdn,2112,0,1649,1520,-2520,-912,-16848,32,21,-29,0
S,112964540,kdn,2112,0,1649,1520,-2576,-880,-16864,39,24,-31,0
S,112974540,kdn,2112,0,1649,1520,-2520,-976,-16984,35,26,-31,0
S,112984540,kdn,2112,0,1649,1520,-2640,-1016,-16936,40,25,-32,0
S,112994540,kdn,2112,0,1649,1520,-2544,-840,-16824,37,19,-30,0
S,113004540,kdn,2112,0,1649,1520,-2648,-960,-16880,31,23,-29,0
S,113014540,kdn,2112,0,1649,1520,-2528,-976,-16992,34,23,-24,0
S,113024540,kdn,2112,0,1649,1520,-2480,-888,-16992,39,27,-25,0
S,113034540,kdn,2112,0,1649,1520,-2552,-880,-16984,37,25,-29,0
S,113044541,kdn,2112,0,1649,1520,-2600,-976,-16832,33,17,-34,0
S,113054540,kdn,2112,0,1649,1520,-2696,-1024,-16832,34,23,-30,0
S,113064540,kdn,2112,0,1649,1520,-2656,-928,-16936,41,25,-29,0
S,113074540,kdn,2112,0,1649,1520,-2696,-856,-16944,43,27,-28,0
S,113084540,kdn,2112,0,1649,1520,-2640,-904,-16864,38,21,-31,0
S,113094540,kdn,2112,0,1649,1520,-2584,-928,-17000,41,26,-28,0
S,113104540,kdn,2112,0,1649,1520,-2608,-888,-16904,40,24,-25,0
S,113114540,kdn,2112,0,1649,1520,-2576,-864,-16800,36,26,-33,0
S,113124541,kdn,2112,0,1649,1520,-2616,-888,-16840,38,24,-32,0
S,113134541,kdn,2112,0,1649,1520,-2656,-896,-16960,42,21,-36,0
S,113144541,kdn,2112,0,1649,1520,-2656,-912,-16976,33,22,-31,0
S,113154540,kdn,2112,0,1649,1520,-2552,-960,-16944,37,28,-29,0
S,113164541,kdn,2112,0,1649,1520,-2664,-1008,-16792,36,20,-28,0
S,113174540,kdn,2112,0,1649,1520,-2520,-1072,-16840,36,25,-33,0
S,113184540,kdn,2112,0,1649,1520,-2720,-952,-16944,38,24,-34,0
E,113184646,kdn,2113,0,1648,1520,,,,,,,0
S,113185286,kdn,2113,0,1648,1520,-2608,-992,-16880,37,17,-28,0
S,113195273,kdn,2113,0,1648,1520,-3032,-984,-16968,37,21,-33,0
S,113205272,kdn,2113,0,1648,1520,-2432,264,-16776,47,20,-34,0
S,113215272,kdn,2113,0,1648,1520,-2624,-880,-16872,31,27,-35,0
S,113225272,kdn,2113,0,1648,1520,-2640,-1096,-17008,50,52,-17,0
S,113235272,kdn,2113,0,1648,1520,-2568,-808,-16880,47,84,-13,0
S,113245272,kdn,2113,0,1648,1520,-3144,-1240,-16888,47,94,-23,0
S,113255272,kdn,2113,0,1648,1520,-2632,-880,-17120,28,64,-32,0
S,113265272,kdn,2113,0,1648,1520,-2480,-960,-16880,14,12,-32,0
S,113275272,kdn,2113,0,1648,1520,-2568,-848,-16848,29,-17,-26,0
S,113285272,kdn,2113,0,1648,1520,-2544,-1000,-16832,50,-12,-29,0
S,113295272,kdn,2113,0,1648,1520,-2544,-856,-16920,62,21,-32,0
S,113305272,kdn,2113,0,1648,1520,-2712,-984,-16864,53,44,-29,0
S,113315272,kdn,2113,0,1648,1520,-2392,-1288,-17128,27,48,-23,0
S,113325272,kdn,2113,0,1648,1520,-2496,-856,-17000,17,30,-24,0
S,113335272,kdn,2113,0,1648,1520,-2432,-920,-16704,25,14,-30,0
S,113345272,kdn,2113,0,1648,1520,-2384,-960,-16728,42,7,-32,0
S,113355272,kdn,2113,0,1648,1520,-2536,-968,-17096,55,18,-31,0
S,113365272,kdn,2113,0,1648,1520,-2600,-1040,-16928,60,18,-32,0
S,113375272,kdn,2113,0,1648,1520,-2720,-872,-16760,26,28,-27,0
S,113385272,kdn,2113,0,1648,1520,-2528,-872,-16856,26,33,-22,0
S,113395272,kdn,2113,0,1648,1520,-2592,-872,-16928,21,27,-29,0
S,113405272,kdn,2113,0,1648,1520,-2584,-936,-16920,43,24,-26,0
S,113415272,kdn,2113,0,1648,1520,-2448,-1080,-16928,49,15,-30,0
S,113425272,kdn,2113,0,1648,1520,-2600,-960,-16880,46,16,-29,0
S,113435272,kdn,2113,0,1648,1520,-2488,-952,-16896,37,27,-33,0
E,113435382,kdn,2114,0,1647,1520,,,,,,,0
S,113436021,kdn,2114,0,1647,1520,-2488,-952,-16896,33,26,-33,0
S,113446009,kdn,2114,0,1647,1520,-2552,-760,-16848,28,22,-30,0
S,113456008,kdn,2114,0,1647,1520,-2648,-960,-16864,34,36,-29,0
S,113466008,kdn,2114,0,1647,1520,-2608,-936,-16928,42,24,-28,0
S,113476008,kdn,2114,0,1647,1520,-2496,-984,-16944,38,22,-28,0
S,113486008,kdn,2114,0,1647,1520,-2704,-1072,-16848,42,16,-27,0
S,113496007,kdn,2114,0,1647,1520,-2424,-824,-16816,39,23,-31,0
S,113506008,kdn,2114,0,1647,1520,-2640,-936,-16864,45,25,-32,0
S,113516008,kdn,2114,0,1647,1520,-2432,-752,-16904,38,29,-24,0
S,113526008,kdn,2114,0,1647,1520,-2536,-896,-16928,38,35,-27,0
S,113536007,kdn,2114,0,1647,1520,-2592,-1016,-16984,37,23,-26,0
S,113546008,kdn,2114,0,1647,1520,-2552,-880,-16976,37,20,-33,0
S,113556008,kdn,2114,0,1647,1520,-2704,-784,-16928,38,21,-28,0
S,113566008,kdn,2114,0,1647,1520,-2568,-920,-16800,43,26,-28,0
S,113576008,kdn,2114,0,1647,1520,-2672,-952,-16944,40,31,-32,0
S,113586008,kdn,2114,0,1647,1520,-2640,-920,-16896,30,27,-26,0
S,113596007,kdn,2114,0,1647,1520,-2600,-904,-16768,27,17,-29,0
S,113606008,kdn,2114,0,1647,1520,-2528,-920,-16968,34,30,-27,0
S,113616008,kdn,2114,0,1647,1520,-2664,-912,-16968,43,34,-25,0
S,113626008,kdn,2114,0,1647,1520,-2616,-832,-16936,41,22,-29,0
S,113636007,kdn,2114,0,1647,1520,-2664,-928,-16792,35,17,-31,0
S,113646008,kdn,2114,0,1647,1520,-2528,-832,-16936,32,18,-27,0
S,113656007,kdn,2114,0,1647,1520,-2576,-848,-16968,31,23,-29,0
S,113666008,kdn,2114,0,1647,1520,-2520,-984,-16912,45,21,-35,0
S,113676007,kdn,2114,0,1647,1520,-2616,-920,-16960,41,25,-34,0
S,113686007,kdn,2114,0,1647,1520,-2616,-928,-16928,43,23,-31,0
E,113686113,kdn,2115,0,1646,1520,,,,,,,0
S,113686755,kdn,2115,0,1646,1520,-2600,-880,-17016,37,25,-34,0
S,113696741,kdn,2115,0,1646,1520,-2472,-944,-16856,36,18,-31,0
S,113706739,kdn,2115,0,1646,1520,-2632,-840,-16912,33,22,-33,0
S,113716740,kdn,2115,0,1646,1520,-2624,-856,-16864,38,26,-32,0
S,113726740,kdn,2115,0,1646,1520,-2536,-856,-16816,43,24,-30,0
S,113736740,kdn,2115,0,1646,1520,-2632,-824,-16984,34,21,-25,0
S,113746740,kdn,2115,0,1646,1520,-2632,-960,-16944,33,26,-27,0
S,113756740,kdn,2115,0,1646,1520,-2464,-848,-16952,37,23,-32,0
S,113766740,kdn,2115,0,1646,1520,-2624,-912,-16816,38,27,-32,0
S,113776740,kdn,2115,0,1646,1520,-2400,-1000,-16896,38,26,-31,0
S,113786740,kdn,2115,0,1646,1520,-2672,-952,-16912,33,25,-33,0
S,113796740,kdn,2115,0,1646,1520,-2656,-888,-16888,40,21,-27,0
S,113806739,kdn,2115,0,1646,1520,-2632,-872,-16880,35,22,-26,0
S,113816739,kdn,2115,0,1646,1520,-2632,-912,-16912,35,26,-29,0
S,113826740,kdn,2115,0,1646,1520,-2592,-848,-16880,40,24,-33,0
S,113836740,kdn,2115,0,1646,1520,-2664,-968,-16968,39,17,-23,0
S,113846740,kdn,2115,0,1646,1520,-2696,-960,-16960,41,23,-28,0
S,113856739,kdn,2115,0,1646,1520,-2712,-784,-16848,33,27,-26,0
S,113866740,kdn,2115,0,1646,1520,-2648,-808,-16848,31,23,-32,0
S,113876739,kdn,2115,0,1646,1520,-2480,-848,-16824,39,22,-29,0
S,113886740,kdn,2115,0,1646,1520,-2488,-968,-16832,36,18,-23,0
S,113896739,kdn,2115,0,1646,1520,-2552,-952,-16944,32,18,-34,0
S,113906740,kdn,2115,0,1646,1520,-2480,-872,-16952,40,23,-28,0
S,113916739,kdn,2115,0,1646,1520,-2552,-752,-16704,39,28,-31,0
S,113926740,kdn,2115,0,1646,1520,-2480,-848,-16840,37,28,-24,0
S,113936740,kdn,2115,0,1646,1520,-2496,-824,-16896,35,27,-27,0
E,113936846,kdn,2116,0,1645,1520,,,,,,,0
S,113937485,kdn,2116,0,1645,1520,-2480,-936,-16896,36,24,-28,0
S,113947472,kdn,2116,0,1645,1520,-2256,-1040,-16848,37,19,-32,0
S,113957471,kdn,2116,0,1645,1520,-2448,-664,-16928,43,15,-14,0
S,113967471,kdn,2116,0,1645,1520,-2512,-984,-16824,41,40,-34,0
S,113977471,kdn,2116,0,1645,1520,-3008,-616,-16928,47,72,-25,0
S,113987471,kdn,2116,0,1645,1520,-2248,-1288,-17024,50,90,-16,0
S,113997471,kdn,2116,0,1645,1520,-2944,-960,-16696,44,88,-31,0
S,114007471,kdn,2116,0,1645,1520,-2496,-792,-16912,31,59,-27,0
S,114017471,kdn,2116,0,1645,1520,-2480,-1024,-16880,18,9,-25,0
S,114027472,kdn,2116,0,1645,1520,-2400,-960,-16840,31,-12,-24,0
S,114037472,kdn,2116,0,1645,1520,-2592,-1040,-16944,59,1,-27,0
S,114047471,kdn,2116,0,1645,1520,-2392,-968,-16880,64,22,-26,0
S,114057471,kdn,2116,0,1645,1520,-2472,-1112,-16912,45,40,-25,0
S,114067471,kdn,2116,0,1645,1520,-2672,-536,-16912,15,43,-35,0
S,114077472,kdn,2116,0,1645,1520,-2552,-912,-16768,4,27,-27,0
S,114087471,kdn,2116,0,1645,1520,-2440,-1064,-16912,20,24,-31,0
S,114097471,kdn,2116,0,1645,1520,-2544,-840,-16968,53,15,-30,0
S,114107471,kdn,2116,0,1645,1520,-2680,-816,-16816,66,16,-36,0
S,114117471,kdn,2116,0,1645,1520,-2432,-856,-16992,47,19,-27,0
S,114127471,kdn,2116,0,1645,1520,-2752,-960,-16808,28,22,-26,0
S,114137471,kdn,2116,0,1645,1520,-2400,-712,-16928,19,30,-27,0
S,114147471,kdn,2116,0,1645,1520,-2400,-1080,-17080,27,36,-27,0
S,114157471,kdn,2116,0,1645,1520,-2560,-920,-16912,52,29,-29,0
S,114167471,kdn,2116,0,1645,1520,-2584,-920,-16944,56,25,-28,0
S,114177471,kdn,2116,0,1645,1520,-2520,-920,-16920,43,10,-27,0
S,114187471,kdn,2116,0,1645,1520,-2608,-888,-16936,22,4,-30,0
E,114187576,kdn,2117,0,1644,1520,,,,,,,0
S,114188215,kdn,2117,0,1644,1520,-2480,-880,-16920,23,6,-30,0
S,114198202,kdn,2117,0,1644,1520,-2600,-1128,-16832,27,18,-27,0
S,114208202,kdn,2117,0,1644,1520,-2616,-1016,-16808,50,31,-29,0
S,114218202,kdn,2117,0,1644,1520,-2560,-1016,-16848,47,33,-32,0
S,114228202,kdn,2117,0,1644,1520,-2472,-984,-16864,36,25,-27,0
S,114238202,kdn,2117,0,1644,1520,-2528,-888,-16984,26,17,-27,0
S,114248202,kdn,2117,0,1644,1520,-2600,-880,-16976,24,9,-32,0
S,114258202,kdn,2117,0,1644,1520,-2512,-800,-16888,47,19,-34,0
S,114268202,kdn,2117,0,1644,1520,-2560,-1016,-16880,48,21,-30,0
S,114278202,kdn,2117,0,1644,1520,-2640,-1040,-16840,45,20,-29,0
S,114288201,kdn,2117,0,1644,1520,-2376,-928,-16912,29,26,-35,0
S,114298201,kdn,2117,0,1644,1520,-2536,-992,-16944,28,24,-28,0
S,114308202,kdn,2117,0,1644,1520,-2528,-976,-16808,39,24,-29,0
S,114318202,kdn,2117,0,1644,1520,-2240,-840,-16960,47,22,-25,0
S,114328202,kdn,2117,0,1644,1520,-2616,-920,-16824,51,20,-30,0
S,114338201,kdn,2117,0,1644,1520,-2536,-928,-16872,36,19,-36,0
S,114348202,kdn,2117,0,1644,1520,-2424,-840,-16792,20,17,-30,0
S,114358202,kdn,2117,0,1644,1520,-2576,-992,-16968,32,25,-23,0
S,114368202,kdn,2117,0,1644,1520,-2728,-904,-16880,40,32,-23,0
S,114378202,kdn,2117,0,1644,1520,-2456,-832,-16928,49,26,-25,0
S,114388201,kdn,2117,0,1644,1520,-2464,-896,-16832,36,16,-26,0
S,114398202,kdn,2117,0,1644,1520,-2432,-816,-16880,30,13,-33,0
S,114408201,kdn,2117,0,1644,1520,-2720,-880,-16968,37,21,-30,0
S,114418201,kdn,2117,0,1644,1520,-2472,-888,-16912,44,27,-32,0
S,114428201,kdn,2117,0,1644,1520,-2320,-936,-16928,41,24,-29,0
S,114438201,kdn,2117,0,1644,1520,-2744,-1000,-16976,39,27,-23,0
E,114438388,kdn,2118,0,1643,1520,,,,,,,0
S,114439028,kdn,2118,0,1643,1520,-2632,-768,-16968,34,25,-28,0
S,114449015,kdn,2118,0,1643,1520,-2488,-1024,-17032,31,25,-28,0
S,114459014,kdn,2118,0,1643,1520,-2560,-1072,-16896,40,22,-31,0
S,114469013,kdn,2118,0,1643,1520,-2440,-864,-17064,48,25,-31,0
S,114479013,kdn,2118,0,1643,1520,-2544,-776,-16816,44,23,-37,0
S,114489013,kdn,2118,0,1643,1520,-2520,-1072,-16816,31,28,-28,0
S,114499013,kdn,2118,0,1643,1520,-2656,-784,-16792,26,22,-31,0
S,114509013,kdn,2118,0,1643,1520,-2488,-1040,-16968,31,23,-24,0
S,114519014,kdn,2118,0,1643,1520,-2488,-1024,-16912,47,32,-29,0
S,114529013,kdn,2118,0,1643,1520,-2552,-872,-17064,44,28,-30,0
S,114539013,kdn,2118,0,1643,1520,-2408,-712,-16816,33,18,-27,0
S,114549014,kdn,2118,0,1643,1520,-2736,-1000,-17000,31,14,-28,0
S,114559013,kdn,2118,0,1643,1520,-2496,-992,-17024,41,21,-29,0
S,114569013,kdn,2118,0,1643,1520,-2480,-912,-16864,45,26,-30,0
S,114579013,kdn,2118,0,1643,1520,-2536,-1032,-16752,42,33,-28,0
S,114589013,kdn,2118,0,1643,1520,-2408,-752,-16888,37,28,-24,0
S,114599013,kdn,2118,0,1643,1520,-2528,-1040,-17128,29,15,-32,0
S,114609014,kdn,2118,0,1643,1520,-2640,-1120,-16984,34,20,-23,0
S,114619013,kdn,2118,0,1643,1520,-2408,-928,-16856,43,19,-27,0
S,114629014,kdn,2118,0,1643,1520,-2256,-840,-16872,45,24,-29,0
S,114639014,kdn,2118,0,1643,1520,-2696,-976,-16888,35,22,-26,0
S,114649014,kdn,2118,0,1643,1520,-2560,-880,-16952,28,21,-30,0
S,114659013,kdn,2118,0,1643,1520,-2416,-928,-16920,32,20,-31,0
S,114669014,kdn,2118,0,1643,1520,-2368,-896,-16936,36,21,-32,0
S,114679014,kdn,2118,0,1643,1520,-2568,-1040,-16928,52,28,-34,0
S,114689014,kdn,2118,0,1643,1520,-2648,-904,-16880,41,26,-24,0
E,114689119,kdn,2119,0,1642,1520,,,,,,,0
S,114689760,kdn,2119,0,1642,1520,-2528,-992,-16872,42,19,-28,0
S,114699747,kdn,2119,0,1642,1520,-2584,-888,-17000,28,22,-36,0
S,114709747,kdn,2119,0,1642,1520,-2464,-536,-16584,31,12,-43,0
S,114719747,kdn,2119,0,1642,1520,-2616,-1328,-16720,33,26,-28,0
S,114729747,kdn,2119,0,1642,1520,-2456,-696,-16928,54,51,-26,0
S,114739747,kdn,2119,0,1642,1520,-2512,-568,-16800,50,71,-17,0
S,114749748,kdn,2119,0,1642,1520,-2632,-792,-16840,46,72,-27,0
S,114759747,kdn,2119,0,1642,1520,-2656,-928,-16808,21,63,-26,0
S,114769748,kdn,2119,0,1642,1520,-2264,-736,-16984,20,37,-30,0
S,114779748,kdn,2119,0,1642,1520,-2384,-696,-16992,37,13,-32,0
S,114789748,kdn,2119,0,1642,1520,-2712,-1040,-17000,58,8,-31,0
S,114799748,kdn,2119,0,1642,1520,-2320,-936,-16880,57,14,-30,0
S,114809747,kdn,2119,0,1642,1520,-2688,-776,-16952,40,23,-30,0
S,114819748,kdn,2119,0,1642,1520,-2232,-896,-16920,21,36,-27,0
S,114829747,kdn,2119,0,1642,1520,-2640,-1016,-16848,27,39,-26,0
S,114839748,kdn,2119,0,1642,1520,-2336,-1016,-16888,42,37,-27,0
S,114849747,kdn,2119,0,1642,1520,-2664,-928,-16816,50,27,-30,0
S,114859747,kdn,2119,0,1642,1520,-2480,-912,-16992,50,19,-26,0
S,114869748,kdn,2119,0,1642,1520,-2336,-968,-16880,33,15,-25,0
S,114879747,kdn,2119,0,1642,1520,-2632,-832,-17024,32,16,-29,0
S,114889748,kdn,2119,0,1642,1520,-2504,-880,-16904,37,28,-24,0
S,114899747,kdn,2119,0,1642,1520,-2560,-848,-17024,44,39,-33,0
S,114909747,kdn,2119,0,1642,1520,-2352,-848,-16912,34,34,-30,0
S,114919748,kdn,2119,0,1642,1520,-2440,-896,-16976,33,22,-26,0
S,114929747,kdn,2119,0,1642,1520,-2152,-928,-16840,30,13,-23,0
S,114939748,kdn,2119,0,1642,1520,-2432,-896,-16936,48,18,-28,0
E,114939854,kdn,2120,0,1641,1520,,,,,,,0
S,114940493,kdn,2120,0,1641,1520,-2432,-896,-16936,41,21,-26,0
S,114950480,kdn,2120,0,1641,1520,-2536,-952,-16888,49,23,-33,0
S,114960479,kdn,2120,0,1641,1520,-2352,-936,-17040,43,26,-32,0
S,114970479,kdn,2120,0,1641,1520,-2648,-952,-16960,24,22,-32,0
S,114980479,kdn,2120,0,1641,1520,-2368,-984,-16992,28,15,-22,0
S,114990479,kdn,2120,0,1641,1520,-2568,-888,-16928,38,19,-31,0
S,115000480,kdn,2120,0,1641,1520,-2632,-976,-16856,41,21,-27,0
S,115010479,kdn,2120,0,1641,1520,-2408,-944,-16928,40,18,-22,0
S,115020479,kdn,2120,0,1641,1520,-2616,-920,-16800,29,19,-29,0
S,115030479,kdn,2120,0,1641,1520,-2232,-1032,-17096,33,21,-32,0
S,115040480,kdn,2120,0,1641,1520,-2680,-1080,-16864,32,27,-30,0
S,115050479,kdn,2120,0,1641,1520,-2408,-1032,-16904,52,27,-31,0
S,115060479,kdn,2120,0,1641,1520,-2648,-888,-16968,43,26,-30,0
S,115070479,kdn,2120,0,1641,1520,-2264,-872,-16840,39,16,-28,0
S,115080479,kdn,2120,0,1641,1520,-2576,-928,-16960,32,15,-29,0
S,115090479,kdn,2120,0,1641,1520,-2320,-808,-16856,37,21,-28,0
S,115100479,kdn,2120,0,1641,1520,-2536,-912,-17008,38,25,-30,0
S,115110479,kdn,2120,0,1641,1520,-2512,-920,-16848,35,22,-24,0
S,115120479,kdn,2120,0,1641,1520,-2680,-944,-16824,35,27,-26,0
S,115130479,kdn,2120,0,1641,1520,-2400,-896,-17200,35,19,-33,0
S,115140479,kdn,2120,0,1641,1520,-2408,-824,-16808,40,19,-32,0
S,115150479,kdn,2120,0,1641,1520,-2472,-776,-16952,43,23,-27,0
S,115160479,kdn,2120,0,1641,1520,-2440,-952,-16816,38,21,-31,0
S,115170479,kdn,2120,0,1641,1520,-2744,-1000,-16928,31,18,-31,0
S,115180479,kdn,2120,0,1641,1520,-2496,-800,-17032,38,20,-24,0
S,115190479,kdn,2120,0,1641,1520,-2512,-888,-17008,46,30,-31,0
E,115190585,kdn,2121,0,1640,1520,,,,,,,0
S,115191227,kdn,2121,0,1640,1520,-2552,-912,-17000,41,27,-35,0
S,115201212,kdn,2121,0,1640,1520,-2400,-936,-16920,33,29,-30,0
S,115211211,kdn,2121,0,1640,1520,-2512,-848,-17024,32,23,-31,0
S,115221211,kdn,2121,0,1640,1520,-2384,-736,-17032,30,20,-29,0
S,115231211,kdn,2121,0,1640,1520,-2272,-1072,-17040,37,24,-31,0
S,115241210,kdn,2121,0,1640,1520,-2336,-928,-16952,50,25,-26,0
S,115251211,kdn,2121,0,1640,1520,-2328,-1056,-17040,39,25,-28,0
S,115261210,kdn,2121,0,1640,1520,-2528,-864,-16904,36,27,-34,0
S,115271211,kdn,2121,0,1640,1520,-2008,-808,-16848,29,28,-29,0
S,115281211,kdn,2121,0,1640,1520,-2528,-752,-17064,35,27,-26,0
S,115291210,kdn,2121,0,1640,1520,-2512,-1016,-16792,36,22,-32,0
S,115301210,kdn,2121,0,1640,1520,-2608,-840,-16896,38,18,-35,0
S,115311211,kdn,2121,0,1640,1520,-2296,-752,-16864,37,18,-29,0
S,115321211,kdn,2121,0,1640,1520,-2552,-1024,-16864,40,27,-35,0
S,115331211,kdn,2121,0,1640,1520,-2320,-792,-16984,41,21,-30,0
S,115341210,kdn,2121,0,1640,1520,-2448,-808,-16968,32,35,-34,0
S,115351211,kdn,2121,0,1640,1520,-2792,-768,-16960,35,21,-31,0
S,115361211,kdn,2121,0,1640,1520,-2528,-848,-16880,37,20,-25,0
S,115371211,kdn,2121,0,1640,1520,-2816,-856,-16832,40,22,-31,0
S,115381210,kdn,2121,0,1640,1520,-2416,-680,-16968,40,26,-24,0
S,115391210,kdn,2121,0,1640,1520,-2504,-704,-16976,38,28,-27,0
S,115401211,kdn,2121,0,1640,1520,-2280,-744,-16976,37,22,-28,0
S,115411211,kdn,2121,0,1640,1520,-2448,-800,-16936,30,20,-31,0
S,115421211,kdn,2121,0,1640,1520,-2472,-1088,-17024,32,26,-29,0
S,115431211,kdn,2121,0,1640,1520,-2264,-864,-16976,46,27,-29,0
S,115441211,kdn,2121,0,1640,1520,-2448,-800,-16824,40,29,-26,0
E,115441317,kdn,2122,0,1639,1520,,,,,,,0
S,115441960,kdn,2122,0,1639,1520,-2504,-1160,-16856,42,24,-26,0
S,115451948,kdn,2122,0,1639,1520,-1416,-896,-16904,34,27,-26,0
S,115461947,kdn,2122,0,1639,1520,-1960,-728,-16952,29,6,-10,0
S,115471947,kdn,2122,0,1639,1520,-2728,-296,-16736,24,15,-29,0
S,115481946,kdn,2122,0,1639,1520,-2520,-1232,-16952,48,31,-30,0
S,115491947,kdn,2122,0,1639,1520,-2536,-664,-16896,64,61,-36,0
S,115501946,kdn,2122,0,1639,1520,-2480,-848,-16528,40,68,-33,0
S,115511947,kdn,2122,0,1639,1520,-3048,-1088,-17160,17,59,-33,0
S,115521946,kdn,2122,0,1639,1520,-2688,-1352,-16648,19,47,-23,0
S,115531947,kdn,2122,0,1639,1520,-2360,-832,-17072,35,32,-24,0
S,115541947,kdn,2122,0,1639,1520,-2592,-1048,-16984,51,19,-34,0
S,115551947,kdn,2122,0,1639,1520,-2504,-1152,-16976,57,12,-26,0
S,115561947,kdn,2122,0,1639,1520,-2720,-896,-16888,39,8,-26,0
S,115571947,kdn,2122,0,1639,1520,-2632,-960,-17112,24,21,-27,0
S,115581947,kdn,2122,0,1639,1520,-2592,-816,-16792,27,30,-26,0
S,115591947,kdn,2122,0,1639,1520,-2360,-736,-16960,47,43,-33,0
S,115601946,kdn,2122,0,1639,1520,-2304,-776,-16936,43,39,-30,0
S,115611946,kdn,2122,0,1639,1520,-2144,-712,-16936,46,24,-28,0
S,115621947,kdn,2122,0,1639,1520,-2624,-1056,-16816,35,21,-32,0
S,115631946,kdn,2122,0,1639,1520,-2552,-896,-16928,35,20,-34,0
S,115641947,kdn,2122,0,1639,1520,-2576,-1080,-16896,40,23,-33,0
S,115651946,kdn,2122,0,1639,1520,-2336,-1104,-16936,43,28,-29,0
S,115661946,kdn,2122,0,1639,1520,-2328,-1000,-16928,35,26,-34,0
S,115671947,kdn,2122,0,1639,1520,-2520,-1256,-16976,29,23,-26,0
S,115681947,kdn,2122,0,1639,1520,-2296,-800,-16896,39,20,-29,0
S,115691946,kdn,2122,0,1639,1520,-2240,-1112,-16904,38,20,-28,0
E,115692129,kdn,2123,0,1638,1520,,,,,,,0
S,115692772,kdn,2123,0,1638,1520,-2544,-1072,-16920,40,20,-30,0
S,115702759,kdn,2123,0,1638,1520,-2576,-1288,-16976,42,24,-25,0
S,115712758,kdn,2123,0,1638,1520,-2296,-944,-17032,45,21,-27,0
S,115722758,kdn,2123,0,1638,1520,-2496,-984,-16912,42,22,-28,0
S,115732758,kdn,2123,0,1638,1520,-2432,-944,-16920,34,27,-29,0
S,115742757,kdn,2123,0,1638,1520,-2384,-944,-16824,35,28,-28,0
S,115752758,kdn,2123,0,1638,1520,-2488,-992,-16952,47,20,-27,0
S,115762758,kdn,2123,0,1638,1520,-2568,-1008,-16904,40,20,-27,0
S,115772758,kdn,2123,0,1638,1520,-2528,-936,-16896,36,23,-31,0
S,115782758,kdn,2123,0,1638,1520,-2376,-936,-16952,38,24,-32,0
S,115792757,kdn,2123,0,1638,1520,-2720,-968,-16904,40,26,-37,0
S,115802758,kdn,2123,0,1638,1520,-2456,-1032,-16904,43,28,-32,0
S,115812757,kdn,2123,0,1638,1520,-2384,-944,-17008,34,26,-24,0
S,115822758,kdn,2123,0,1638,1520,-2424,-1000,-16912,35,21,-27,0
S,115832757,kdn,2123,0,1638,1520,-2368,-880,-16920,33,18,-30,0
S,115842758,kdn,2123,0,1638,1520,-2448,-1056,-16928,35,22,-29,0
S,115852758,kdn,2123,0,1638,1520,-2360,-800,-16896,44,27,-34,0
S,115862757,kdn,2123,0,1638,1520,-2400,-984,-16856,33,27,-29,0
S,115872757,kdn,2123,0,1638,1520,-2320,-864,-16928,32,23,-26,0
S,115882758,kdn,2123,0,1638,1520,-2696,-1040,-17056,31,21,-31,0
S,115892758,kdn,2123,0,1638,1520,-2416,-896,-16936,44,24,-31,0
S,115902758,kdn,2123,0,1638,1520,-2528,-864,-16912,36,27,-29,0
S,115912758,kdn,2123,0,1638,1520,-2328,-936,-16960,41,17,-26,0
S,115922757,kdn,2123,0,1638,1520,-2424,-808,-16976,32,16,-25,0
S,115932757,kdn,2123,0,1638,1520,-2592,-984,-16880,33,18,-26,0
S,115942757,kdn,2123,0,1638,1520,-2336,-936,-16896,39,25,-30,0
E,115942863,kdn,2124,0,1637,1520,,,,,,,0
S,115943503,kdn,2124,0,1637,1520,-2336,-936,-16896,43,21,-28,0
S,115953491,kdn,2124,0,1637,1520,-2632,-1112,-16840,45,28,-27,0
S,115963489,kdn,2124,0,1637,1520,-2584,-920,-17008,38,22,-29,0
S,115973489,kdn,2124,0,1637,1520,-2336,-928,-16968,36,31,-30,0
S,115983490,kdn,2124,0,1637,1520,-2440,-912,-17032,34,25,-28,0
S,115993489,kdn,2124,0,1637,1520,-2464,-928,-17016,39,24,-28,0
S,116003489,kdn,2124,0,1637,1520,-2488,-976,-16768,45,21,-29,0
S,116013489,kdn,2124,0,1637,1520,-2472,-912,-16912,44,21,-32,0
S,116023489,kdn,2124,0,1637,1520,-2328,-848,-16816,40,16,-28,0
S,116033489,kdn,2124,0,1637,1520,-2424,-960,-16864,33,22,-27,0
S,116043489,kdn,2124,0,1637,1520,-2400,-848,-16840,32,24,-22,0
S,116053490,kdn,2124,0,1637,1520,-2472,-912,-16904,38,27,-27,0
S,116063489,kdn,2124,0,1637,1520,-2512,-944,-17016,42,17,-32,0
S,116073489,kdn,2124,0,1637,1520,-2424,-912,-16848,36,16,-28,0
S,116083489,kdn,2124,0,1637,1520,-2320,-856,-16920,32,17,-28,0
S,116093489,kdn,2124,0,1637,1520,-2576,-952,-16920,37,28,-31,0
S,116103489,kdn,2124,0,1637,1520,-2264,-1096,-16920,41,30,-31,0
S,116113489,kdn,2124,0,1637,1520,-2568,-976,-16936,35,30,-29,0
S,116123489,kdn,2124,0,1637,1520,-2440,-952,-16960,37,25,-33,0
S,116133489,kdn,2124,0,1637,1520,-2392,-1048,-16792,33,17,-31,0
S,116143489,kdn,2124,0,1637,1520,-2392,-928,-16896,43,18,-34,0
S,116153490,kdn,2124,0,1637,1520,-2712,-1000,-16960,47,24,-31,0
S,116163489,kdn,2124,0,1637,1520,-2384,-760,-16904,38,29,-29,0
S,116173490,kdn,2124,0,1637,1520,-2496,-872,-16920,33,25,-30,0
S,116183490,kdn,2124,0,1637,1520,-2360,-1000,-16896,32,22,-22,0
S,116193490,kdn,2124,0,1637,1520,-2480,-856,-16960,29,18,-31,0
E,116193596,kdn,2125,0,1636,1520,,,,,,,0
S,116194237,kdn,2125,0,1636,1520,-2352,-808,-16880,33,19,-34,0
S,116204227,kdn,2125,0,1636,1520,-2056,-1048,-16768,44,21,-25,0
S,116214223,kdn,2125,0,1636,1520,-456,64,-17272,40,21,-28,0
S,116224222,kdn,2125,0,1636,1520,-2760,-512,-16792,37,42,-31,0
S,116234222,kdn,2125,0,1636,1520,-2296,-1064,-17048,40,56,-26,0
S,116244223,kdn,2125,0,1636,1520,-2272,-824,-17024,42,73,-36,0
S,116254222,kdn,2125,0,1636,1520,-2496,-648,-16688,40,79,-23,0
S,116264223,kdn,2125,0,1636,1520,-2416,-912,-16768,34,61,-31,0
S,116274222,kdn,2125,0,1636,1520,-2576,-896,-17040,28,21,-30,0
S,116284223,kdn,2125,0,1636,1520,-2616,-1136,-16944,32,-4,-35,0
S,116294223,kdn,2125,0,1636,1520,-2280,-832,-16864,50,-14,-27,0
S,116304223,kdn,2125,0,1636,1520,-2304,-840,-16864,61,12,-33,0
S,116314223,kdn,2125,0,1636,1520,-2688,-984,-16888,44,34,-30,0
S,116324223,kdn,2125,0,1636,1520,-2200,-984,-16944,30,50,-29,0
S,116334223,kdn,2125,0,1636,1520,-2272,-904,-16936,19,39,-23,0
S,116344223,kdn,2125,0,1636,1520,-2408,-952,-16944,34,28,-32,0
S,116354223,kdn,2125,0,1636,1520,-2280,-944,-16936,46,14,-31,0
S,116364223,kdn,2125,0,1636,1520,-2392,-896,-16976,51,4,-31,0
S,116374223,kdn,2125,0,1636,1520,-2664,-936,-16960,44,8,-27,0
S,116384223,kdn,2125,0,1636,1520,-2368,-920,-16944,35,21,-29,0
S,116394223,kdn,2125,0,1636,1520,-2504,-792,-17032,31,38,-31,0
S,116404222,kdn,2125,0,1636,1520,-2416,-880,-16960,38,39,-30,0
S,116414223,kdn,2125,0,1636,1520,-2312,-864,-16928,47,33,-34,0
S,116424222,kdn,2125,0,1636,1520,-2520,-1032,-16984,37,17,-30,0
S,116434223,kdn,2125,0,1636,1520,-2376,-872,-16944,35,5,-29,0
S,116444223,kdn,2125,0,1636,1520,-2520,-984,-16864,36,5,-30,0
E,116444328,kdn,2126,0,1635,1520,,,,,,,0
S,116444972,kdn,2126,0,1635,1520,-2520,-984,-16864,41,7,-31,0
S,116454959,kdn,2126,0,1635,1520,-2696,-984,-16920,46,22,-30,0
S,116464957,kdn,2126,0,1635,1520,-2648,-1136,-16936,42,36,-35,0
S,116474957,kdn,2126,0,1635,1520,-2552,-848,-16872,35,36,-29,0
S,116484958,kdn,2126,0,1635,1520,-2248,-992,-17024,31,28,-30,0
S,116494957,kdn,2126,0,1635,1520,-2592,-776,-16832,31,15,-34,0
S,116504958,kdn,2126,0,1635,1520,-2488,-1040,-16944,46,12,-32,0
S,116514958,kdn,2126,0,1635,1520,-2632,-720,-16872,47,21,-31,0
S,116524957,kdn,2126,0,1635,1520,-2272,-928,-16832,41,20,-25,0
S,116534958,kdn,2126,0,1635,1520,-2392,-928,-16976,28,24,-33,0
S,116544957,kdn,2126,0,1635,1520,-2424,-880,-16944,32,29,-29,0
S,116554958,kdn,2126,0,1635,1520,-2360,-856,-16912,42,33,-31,0
S,116564957,kdn,2126,0,1635,1520,-2504,-960,-17056,41,23,-28,0
S,116574958,kdn,2126,0,1635,1520,-2496,-944,-16960,40,15,-32,0
S,116584958,kdn,2126,0,1635,1520,-2520,-936,-16968,31,9,-36,0
S,116594957,kdn,2126,0,1635,1520,-2480,-1032,-16792,40,19,-26,0
S,116604957,kdn,2126,0,1635,1520,-2328,-800,-16928,40,31,-29,0
S,116614958,kdn,2126,0,1635,1520,-2328,-992,-16968,46,38,-26,0
S,116624957,kdn,2126,0,1635,1520,-2600,-960,-16904,33,33,-26,0
S,116634958,kdn,2126,0,1635,1520,-2520,-968,-16912,24,22,-32,0
S,116644957,kdn,2126,0,1635,1520,-2408,-1056,-16944,34,14,-29,0
S,116654958,kdn,2126,0,1635,1520,-2392,-1040,-17000,48,17,-31,0
S,116664957,kdn,2126,0,1635,1520,-2544,-952,-17016,45,26,-28,0
S,116674957,kdn,2126,0,1635,1520,-2632,-1072,-16888,39,21,-27,0
S,116684957,kdn,2126,0,1635,1520,-2360,-1056,-16984,27,22,-20,0
S,116694957,kdn,2126,0,1635,1520,-2216,-808,-16912,28,27,-27,0
E,116695063,kdn,2127,0,1634,1520,,,,,,,0
S,116695703,kdn,2127,0,1634,1520,-2480,-1032,-16864,31,32,-30,0
S,116705690,kdn,2127,0,1634,1520,-2392,-1024,-16920,47,26,-29,0
S,116715689,kdn,2127,0,1634,1520,-2584,-1176,-16904,48,25,-39,0
S,116725688,kdn,2127,0,1634,1520,-2600,-952,-17016,37,18,-33,0
S,116735688,kdn,2127,0,1634,1520,-2392,-912,-16864,32,18,-27,0
S,116745688,kdn,2127,0,1634,1520,-2680,-1024,-17128,34,21,-27,0
S,116755688,kdn,2127,0,1634,1520,-2296,-896,-16864,42,26,-24,0
S,116765689,kdn,2127,0,1634,1520,-2600,-856,-16800,40,28,-28,0
S,116775688,kdn,2127,0,1634,1520,-2376,-728,-17096,42,24,-30,0
S,116785688,kdn,2127,0,1634,1520,-2272,-744,-16880,30,27,-27,0
S,116795688,kdn,2127,0,1634,1520,-2192,-816,-16912,32,18,-28,0
S,116805689,kdn,2127,0,1634,1520,-2472,-832,-16960,37,24,-33,0
S,116815688,kdn,2127,0,1634,1520,-2232,-864,-16824,45,25,-29,0
S,116825688,kdn,2127,0,1634,1520,-2376,-840,-16944,36,22,-30,0
S,116835688,kdn,2127,0,1634,1520,-2240,-864,-16848,33,25,-28,0
S,116845688,kdn,2127,0,1634,1520,-2448,-760,-16824,35,20,-23,0
S,116855689,kdn,2127,0,1634,1520,-2552,-896,-16848,42,28,-38,0
S,116865688,kdn,2127,0,1634,1520,-2520,-960,-16864,36,25,-28,0
S,116875689,kdn,2127,0,1634,1520,-2240,-872,-16992,36,19,-27,0
S,116885689,kdn,2127,0,1634,1520,-2640,-1160,-17024,41,16,-28,0
S,116895688,kdn,2127,0,1634,1520,-2248,-960,-17008,44,20,-26,0
S,116905688,kdn,2127,0,1634,1520,-2456,-864,-16904,47,22,-27,0
S,116915688,kdn,2127,0,1634,1520,-2600,-1032,-16928,37,21,-32,0
S,116925688,kdn,2127,0,1634,1520,-2424,-952,-16824,34,26,-32,0
S,116935688,kdn,2127,0,1634,1520,-2576,-944,-16832,34,18,-23,0
S,116945688,kdn,2127,0,1634,1520,-2464,-904,-16904,42,23,-29,0
E,116945794,kdn,2128,0,1633,1520,,,,,,,0
S,116946434,kdn,2128,0,1633,1520,-2464,-904,-16904,36,14,-29,0
S,116956423,kdn,2128,0,1633,1520,-3584,-1096,-17064,49,25,-33,0
S,116966423,kdn,2128,0,1633,1520,-2384,-1272,-17152,41,39,-35,0
S,116976423,kdn,2128,0,1633,1520,-2696,-448,-16904,45,54,-30,0
S,116986423,kdn,2128,0,1633,1520,-2288,-1032,-16888,37,76,-33,0
S,116996423,kdn,2128,0,1633,1520,-2312,-472,-16928,27,63,-29,0
S,117006423,kdn,2128,0,1633,1520,-2720,-920,-17024,25,41,-31,0
S,117016423,kdn,2128,0,1633,1520,-2656,-1056,-16912,35,16,-26,0
S,117026423,kdn,2128,0,1633,1520,-2416,-904,-16928,47,6,-26,0
S,117036423,kdn,2128,0,1633,1520,-2296,-872,-16960,61,8,-35,0
S,117046423,kdn,2128,0,1633,1520,-2488,-848,-16816,40,20,-27,0
S,117056423,kdn,2128,0,1633,1520,-2576,-704,-16976,29,26,-25,0
S,117066423,kdn,2128,0,1633,1520,-2456,-960,-16920,27,46,-30,0
S,117076423,kdn,2128,0,1633,1520,-2456,-984,-16952,33,41,-28,0
S,117086423,kdn,2128,0,1633,1520,-2544,-912,-17040,46,21,-31,0
S,117096423,kdn,2128,0,1633,1520,-2640,-1096,-16928,49,10,-26,0
S,117106423,kdn,2128,0,1633,1520,-2496,-768,-16976,44,11,-29,0
S,117116423,kdn,2128,0,1633,1520,-2464,-944,-16928,38,14,-25,0
S,117126423,kdn,2128,0,1633,1520,-2288,-968,-16896,36,27,-28,0
S,117136423,kdn,2128,0,1633,1520,-2392,-840,-16944,33,33,-31,0
S,117146423,kdn,2128,0,1633,1520,-2384,-872,-16944,33,36,-24,0
S,117156423,kdn,2128,0,1633,1520,-2568,-1120,-16960,31,23,-31,0
S,117166423,kdn,2128,0,1633,1520,-2472,-792,-16896,41,16,-33,0
S,117176423,kdn,2128,0,1633,1520,-2536,-800,-16960,42,10,-32,0
S,117186423,kdn,2128,0,1633,1520,-2408,-888,-17104,37,14,-27,0
S,117196423,kdn,2128,0,1633,1520,-2360,-888,-16752,36,30,-26,0
E,117196529,kdn,2129,0,1632,1520,,,,,,,0
S,117197169,kdn,2129,0,1632,1520,-2240,-848,-16736,39,23,-26,0
S,117207155,kdn,2129,0,1632,1520,-2432,-848,-16816,37,35,-34,0
S,117217154,kdn,2129,0,1632,1520,-2552,-792,-16928,41,34,-27,0
S,117227154,kdn,2129,0,1632,1520,-2480,-856,-16976,33,25,-31,0
S,117237154,kdn,2129,0,1632,1520,-2440,-1016,-16912,37,14,-28,0
S,117247154,kdn,2129,0,1632,1520,-2352,-808,-16912,47,12,-30,0
S,117257154,kdn,2129,0,1632,1520,-2496,-808,-16736,40,23,-28,0
S,117267154,kdn,2129,0,1632,1520,-2296,-800,-16912,36,24,-26,0
S,117277154,kdn,2129,0,1632,1520,-2328,-936,-16856,33,29,-26,0
S,117287154,kdn,2129,0,1632,1520,-2376,-824,-17016,31,30,-28,0
S,117297154,kdn,2129,0,1632,1520,-2496,-760,-16864,36,22,-29,0
S,117307154,kdn,2129,0,1632,1520,-2160,-968,-16880,44,17,-25,0
S,117317154,kdn,2129,0,1632,1520,-2592,-904,-16784,35,15,-27,0
S,117327154,kdn,2129,0,1632,1520,-2296,-944,-16840,35,23,-33,0
S,117337154,kdn,2129,0,1632,1520,-2400,-896,-16920,37,21,-31,0
S,117347154,kdn,2129,0,1632,1520,-2592,-952,-16992,40,30,-32,0
S,117357155,kdn,2129,0,1632,1520,-2632,-848,-16880,35,26,-31,0
S,117367155,kdn,2129,0,1632,1520,-2272,-928,-16944,35,18,-31,0
S,117377154,kdn,2129,0,1632,1520,-2512,-840,-16880,37,22,-32,0
S,117387155,kdn,2129,0,1632,1520,-2264,-1040,-16952,35,20,-27,0
S,117397154,kdn,2129,0,1632,1520,-2408,-816,-17072,44,16,-32,0
S,117407155,kdn,2129,0,1632,1520,-2312,-832,-16816,38,23,-35,0
S,117417154,kdn,2129,0,1632,1520,-2416,-792,-16944,41,28,-32,0
S,117427154,kdn,2129,0,1632,1520,-2344,-952,-16888,35,24,-31,0
S,117437155,kdn,2129,0,1632,1520,-2480,-744,-16984,34,23,-31,0
S,117447155,kdn,2129,0,1632,1520,-2464,-760,-17080,44,22,-30,0
E,117447261,kdn,2130,0,1631,1520,,,,,,,0
S,117447903,kdn,2130,0,1631,1520,-2288,-1032,-17008,35,21,-32,0
S,117457891,kdn,2130,0,1631,1520,-2536,-1088,-16784,35,21,-25,0
S,117467890,kdn,2130,0,1631,1520,-2512,-840,-16928,40,19,-24,0
S,117477890,kdn,2130,0,1631,1520,-2312,-928,-16976,28,29,-30,0
S,117487890,kdn,2130,0,1631,1520,-2472,-848,-16968,34,18,-28,0
S,117497890,kdn,2130,0,1631,1520,-2328,-1120,-17032,35,27,-28,0
S,117507890,kdn,2130,0,1631,1520,-2240,-1048,-16944,43,25,-32,0
S,117517890,kdn,2130,0,1631,1520,-2336,-1160,-16928,41,26,-28,0
S,117527890,kdn,2130,0,1631,1520,-2248,-888,-16928,39,23,-24,0
S,117537890,kdn,2130,0,1631,1520,-2368,-752,-16952,31,19,-27,0
S,117547890,kdn,2130,0,1631,1520,-2504,-1088,-17048,25,22,-26,0
S,117557890,kdn,2130,0,1631,1520,-2416,-992,-16960,43,25,-28,0
S,117567890,kdn,2130,0,1631,1520,-2416,-808,-16912,39,21,-35,0
S,117577890,kdn,2130,0,1631,1520,-2632,-960,-16808,29,21,-33,0
S,117587890,kdn,2130,0,1631,1520,-2360,-904,-16928,35,24,-35,0
S,117597890,kdn,2130,0,1631,1520,-2288,-928,-17072,38,20,-30,0
S,117607890,kdn,2130,0,1631,1520,-2360,-688,-16792,45,21,-30,0
S,117617890,kdn,2130,0,1631,1520,-2504,-776,-16824,44,27,-35,0
S,117627890,kdn,2130,0,1631,1520,-2320,-912,-16856,42,33,-32,0
S,117637890,kdn,2130,0,1631,1520,-2456,-888,-16776,34,26,-29,0
S,117647890,kdn,2130,0,1631,1520,-2496,-768,-16928,36,23,-31,0
S,117657890,kdn,2130,0,1631,1520,-2248,-776,-16832,35,15,-31,0
S,117667890,kdn,2130,0,1631,1520,-2256,-864,-16824,42,25,-31,0
S,117677890,kdn,2130,0,1631,1520,-2448,-768,-16960,43,28,-31,0
S,117687890,kdn,2130,0,1631,1520,-2520,-960,-17000,33,25,-30,0
S,117697890,kdn,2130,0,1631,1520,-2376,-760,-16832,29,20,-29,0
E,117697996,kdn,2131,0,1630,1520,,,,,,,0
S,117698637,kdn,2131,0,1630,1520,-2200,-928,-17040,32,20,-33,0
S,117708622,kdn,2131,0,1630,1520,-2088,-1208,-16784,38,20,-21,0
S,117718622,kdn,2131,0,1630,1520,-3328,-1184,-16968,43,38,-25,0
S,117728621,kdn,2131,0,1630,1520,-2096,-1352,-16968,54,47,-29,0
S,117738622,kdn,2131,0,1630,1520,-2856,-1112,-16944,43,78,-30,0
S,117748622,kdn,2131,0,1630,1520,-2408,-1000,-16896,30,88,-30,0
S,117758621,kdn,2131,0,1630,1520,-2360,-776,-16936,20,68,-26,0
S,117768622,kdn,2131,0,1630,1520,-2344,-1088,-17064,25,38,-24,0
S,117778621,kdn,2131,0,1630,1520,-2344,-1024,-17120,38,13,-25,0
S,117788622,kdn,2131,0,1630,1520,-2264,-968,-16928,57,8,-31,0
S,117798622,kdn,2131,0,1630,1520,-2440,-952,-16792,49,12,-30,0
S,117808622,kdn,2131,0,1630,1520,-2584,-968,-16976,34,24,-28,0
S,117818621,kdn,2131,0,1630,1520,-2536,-968,-16888,27,42,-29,0
S,117828621,kdn,2131,0,1630,1520,-2624,-824,-17072,26,47,-24,0
S,117838622,kdn,2131,0,1630,1520,-2584,-896,-16944,44,41,-31,0
S,117848621,kdn,2131,0,1630,1520,-2352,-992,-17064,43,28,-27,0
S,117858622,kdn,2131,0,1630,1520,-2368,-960,-16944,43,10,-23,0
S,117868621,kdn,2131,0,1630,1520,-2200,-840,-16824,35,6,-29,0
S,117878622,kdn,2131,0,1630,1520,-2472,-864,-16856,35,14,-24,0
S,117888621,kdn,2131,0,1630,1520,-2288,-912,-16912,41,30,-34,0
S,117898621,kdn,2131,0,1630,1520,-2320,-736,-16920,43,37,-29,0
S,117908621,kdn,2131,0,1630,1520,-2528,-1072,-16992,33,27,-31,0
S,117918622,kdn,2131,0,1630,1520,-2248,-808,-16832,34,20,-28,0
S,117928622,kdn,2131,0,1630,1520,-2672,-976,-16968,40,22,-29,0
S,117938621,kdn,2131,0,1630,1520,-2280,-864,-17000,47,20,-28,0
S,117948622,kdn,2131,0,1630,1520,-2352,-1016,-16904,52,25,-28,0
E,117948804,kdn,2132,0,1629,1520,,,,,,,0
S,117949444,kdn,2132,0,1629,1520,-2344,-960,-16976,49,25,-27,0
S,117959431,kdn,2132,0,1629,1520,-2512,-880,-16880,38,26,-28,0
S,117969430,kdn,2132,0,1629,1520,-2320,-904,-16976,25,26,-30,0
S,117979430,kdn,2132,0,1629,1520,-2480,-944,-16904,35,24,-34,0
S,117989429,kdn,2132,0,1629,1520,-2632,-1040,-17032,43,23,-33,0
S,117999429,kdn,2132,0,1629,1520,-2472,-928,-16800,48,21,-33,0
S,118009430,kdn,2132,0,1629,1520,-2432,-920,-16912,44,22,-27,0
S,118019429,kdn,2132,0,1629,1520,-2432,-952,-16912,31,23,-30,0
S,118029430,kdn,2132,0,1629,1520,-2400,-1048,-16864,33,17,-24,0
S,118039429,kdn,2132,0,1629,1520,-2224,-912,-16800,39,24,-26,0
S,118049430,kdn,2132,0,1629,1520,-2376,-1040,-16912,46,27,-26,0
S,118059430,kdn,2132,0,1629,1520,-2480,-1176,-16976,44,28,-31,0
S,118069429,kdn,2132,0,1629,1520,-2392,-688,-16984,36,28,-34,0
S,118079429,kdn,2132,0,1629,1520,-2448,-944,-16984,30,16,-32,0
S,118089429,kdn,2132,0,1629,1520,-2288,-1000,-16920,38,19,-32,0
S,118099430,kdn,2132,0,1629,1520,-2392,-952,-16976,43,23,-29,0
S,118109429,kdn,2132,0,1629,1520,-2360,-832,-16968,49,21,-31,0
S,118119430,kdn,2132,0,1629,1520,-2400,-848,-16960,37,27,-34,0
S,118129430,kdn,2132,0,1629,1520,-2408,-840,-16848,25,20,-23,0
S,118139429,kdn,2132,0,1629,1520,-2312,-832,-16928,29,22,-28,0
S,118149430,kdn,2132,0,1629,1520,-2136,-968,-16968,39,26,-38,0
S,118159429,kdn,2132,0,1629,1520,-2376,-1016,-16968,53,38,-34,0
S,118169430,kdn,2132,0,1629,1520,-2352,-736,-16888,42,22,-25,0
S,118179430,kdn,2132,0,1629,1520,-2320,-936,-17120,26,21,-32,0
S,118189429,kdn,2132,0,1629,1520,-2120,-776,-16968,29,20,-35,0
S,118199430,kdn,2132,0,1629,1520,-2664,-1064,-16992,42,22,-28,0
E,118199612,kdn,2133,0,1628,1520,,,,,,,0
S,118200257,kdn,2133,0,1628,1520,-2352,-968,-16968,46,22,-33,0
S,118210242,kdn,2133,0,1628,1520,-2256,-1048,-16872,48,29,-26,0
S,118220241,kdn,2133,0,1628,1520,-2560,-912,-16888,43,26,-30,0
S,118230241,kdn,2133,0,1628,1520,-2544,-936,-16992,28,16,-33,0
S,118240241,kdn,2133,0,1628,1520,-2368,-776,-16824,31,15,-29,0
S,118250241,kdn,2133,0,1628,1520,-2304,-960,-16744,38,19,-33,0
S,118260241,kdn,2133,0,1628,1520,-2336,-944,-16864,53,27,-28,0
S,118270241,kdn,2133,0,1628,1520,-2400,-840,-17080,43,32,-32,0
S,118280240,kdn,2133,0,1628,1520,-2368,-1000,-17000,30,22,-25,0
S,118290240,kdn,2133,0,1628,1520,-2512,-864,-16952,25,21,-32,0
S,118300241,kdn,2133,0,1628,1520,-2368,-1064,-16856,40,19,-33,0
S,118310240,kdn,2133,0,1628,1520,-2216,-888,-16912,55,30,-29,0
S,118320241,kdn,2133,0,1628,1520,-2080,-712,-16968,53,19,-32,0
S,118330241,kdn,2133,0,1628,1520,-2448,-856,-16856,35,16,-26,0
S,118340241,kdn,2133,0,1628,1520,-2464,-944,-16944,32,23,-24,0
S,118350241,kdn,2133,0,1628,1520,-2384,-880,-17032,34,30,-33,0
S,118360240,kdn,2133,0,1628,1520,-2544,-1112,-17024,46,28,-27,0
S,118370241,kdn,2133,0,1628,1520,-2464,-792,-17080,40,25,-29,0
S,118380241,kdn,2133,0,1628,1520,-2536,-936,-16936,39,20,-27,0
S,118390241,kdn,2133,0,1628,1520,-2336,-944,-16952,33,20,-27,0
S,118400240,kdn,2133,0,1628,1520,-2288,-888,-16968,41,22,-29,0
S,118410241,kdn,2133,0,1628,1520,-2240,-912,-16968,41,30,-31,0
S,118420241,kdn,2133,0,1628,1520,-2560,-944,-17024,46,30,-25,0
S,118430241,kdn,2133,0,1628,1520,-2256,-944,-16920,30,20,-34,0
S,118440240,kdn,2133,0,1628,1520,-2232,-792,-16944,30,24,-30,0
S,118450240,kdn,2133,0,1628,1520,-2512,-840,-16856,35,20,-24,0
E,118450346,kdn,2134,0,1627,1520,,,,,,,0
S,118450990,kdn,2134,0,1627,1520,-2512,-840,-16856,41,17,-26,0
S,118460978,kdn,2134,0,1627,1520,872,-776,-16816,45,37,-32,0
S,118470977,kdn,2134,0,1627,1520,-592,312,-16976,39,13,-37,0
S,118480976,kdn,2134,0,1627,1520,-3104,-1160,-16760,21,25,-29,0
S,118490976,kdn,2134,0,1627,1520,-2000,-848,-16992,35,42,-32,0
S,118500976,kdn,2134,0,1627,1520,-2320,-744,-17160,55,68,-32,0
S,118510976,kdn,2134,0,1627,1520,-2976,-776,-17080,48,98,-26,0
S,118520977,kdn,2134,0,1627,1520,-2600,-784,-17008,37,95,-25,0
S,118530976,kdn,2134,0,1627,1520,-2400,-1032,-17000,22,58,-22,0
S,118540977,kdn,2134,0,1627,1520,-2320,-928,-16864,23,21,-24,0
S,118550976,kdn,2134,0,1627,1520,-2272,-1112,-16792,45,-8,-30,0
S,118560977,kdn,2134,0,1627,1520,-2192,-1024,-16936,68,-11,-29,0
S,118570977,kdn,2134,0,1627,1520,-2336,-976,-16976,51,13,-27,0
S,118580977,kdn,2134,0,1627,1520,-2448,-1056,-16848,37,25,-35,0
S,118590977,kdn,2134,0,1627,1520,-2416,-944,-16912,22,43,-35,0
S,118600976,kdn,2134,0,1627,1520,-2272,-784,-16992,23,42,-29,0
S,118610977,kdn,2134,0,1627,1520,-2320,-944,-16880,34,32,-26,0
S,118620977,kdn,2134,0,1627,1520,-2328,-1096,-16944,50,18,-31,0
S,118630977,kdn,2134,0,1627,1520,-2424,-832,-16888,46,6,-25,0
S,118640977,kdn,2134,0,1627,1520,-2416,-760,-16832,36,4,-33,0
S,118650976,kdn,2134,0,1627,1520,-2336,-1032,-17024,36,27,-26,0
S,118660977,kdn,2134,0,1627,1520,-2360,-1016,-16912,36,45,-30,0
S,118670976,kdn,2134,0,1627,1520,-2352,-976,-17080,45,40,-26,0
S,118680977,kdn,2134,0,1627,1520,-2192,-888,-16904,38,36,-32,0
S,118690977,kdn,2134,0,1627,1520,-2184,-744,-16992,37,11,-31,0
S,118700976,kdn,2134,0,1627,1520,-2384,-856,-16912,36,5,-27,0
E,118701081,kdn,2135,0,1626,1520,,,,,,,0
S,118701721,kdn,2135,0,1626,1520,-2128,-776,-16944,39,7,-26,0
S,118711708,kdn,2135,0,1626,1520,-2336,-960,-16928,44,20,-25,0
S,118721707,kdn,2135,0,1626,1520,-2256,-856,-16872,54,28,-35,0
S,118731707,kdn,2135,0,1626,1520,-2088,-992,-16944,35,36,-22,0
S,118741707,kdn,2135,0,1626,1520,-2496,-992,-16928,25,32,-28,0
S,118751707,kdn,2135,0,1626,1520,-2304,-848,-17016,27,29,-28,0
S,118761707,kdn,2135,0,1626,1520,-2248,-976,-16976,45,17,-32,0
S,118771707,kdn,2135,0,1626,1520,-2256,-1000,-16912,56,14,-30,0
S,118781707,kdn,2135,0,1626,1520,-2304,-992,-16880,45,11,-28,0
S,118791707,kdn,2135,0,1626,1520,-2152,-1032,-17080,28,18,-33,0
S,118801707,kdn,2135,0,1626,1520,-2536,-848,-17000,28,24,-25,0
S,118811707,kdn,2135,0,1626,1520,-2472,-936,-16992,39,36,-27,0
S,118821707,kdn,2135,0,1626,1520,-2408,-896,-16992,46,30,-32,0
S,118831707,kdn,2135,0,1626,1520,-2408,-888,-16936,34,19,-31,0
S,118841707,kdn,2135,0,1626,1520,-2392,-840,-16976,35,12,-30,0
S,118851707,kdn,2135,0,1626,1520,-2352,-952,-17048,27,25,-30,0
S,118861707,kdn,2135,0,1626,1520,-2408,-960,-16968,45,28,-29,0
S,118871707,kdn,2135,0,1626,1520,-2440,-928,-17064,36,29,-26,0
S,118881707,kdn,2135,0,1626,1520,-2240,-1152,-16848,29,27,-24,0
S,118891707,kdn,2135,0,1626,1520,-2272,-896,-16960,35,22,-31,0
S,118901707,kdn,2135,0,1626,1520,-2352,-840,-16904,33,25,-29,0
S,118911707,kdn,2135,0,1626,1520,-2240,-1040,-16896,46,30,-27,0
S,118921707,kdn,2135,0,1626,1520,-2072,-936,-17112,40,25,-32,0
S,118931707,kdn,2135,0,1626,1520,-2048,-816,-17008,35,25,-24,0
S,118941707,kdn,2135,0,1626,1520,-2312,-888,-16904,34,25,-29,0
S,118951707,kdn,2135,0,1626,1520,-2296,-960,-17016,37,21,-29,0
E,118951813,kdn,2136,0,1625,1520,,,,,,,0
S,118952454,kdn,2136,0,1625,1520,-2296,-960,-17016,39,20,-29,0
S,118962440,kdn,2136,0,1625,1520,-2072,-888,-16928,46,23,-28,0
S,118972439,kdn,2136,0,1625,1520,-2200,-1072,-17016,39,24,-24,0
S,118982439,kdn,2136,0,1625,1520,-2424,-1024,-16960,38,26,-41,0
S,118992439,kdn,2136,0,1625,1520,-2224,-976,-16992,36,23,-30,0
S,119002438,kdn,2136,0,1625,1520,-2304,-1032,-17032,36,25,-30,0
S,119012439,kdn,2136,0,1625,1520,-2352,-904,-16872,46,19,-26,0
S,119022438,kdn,2136,0,1625,1520,-2256,-1032,-16960,40,24,-32,0
S,119032438,kdn,2136,0,1625,1520,-2392,-904,-16792,41,19,-32,0
S,119042438,kdn,2136,0,1625,1520,-2368,-928,-16984,34,17,-28,0
S,119052439,kdn,2136,0,1625,1520,-2256,-936,-16872,28,16,-29,0
S,119062438,kdn,2136,0,1625,1520,-2248,-888,-17016,42,20,-32,0
S,119072438,kdn,2136,0,1625,1520,-2352,-888,-16936,44,32,-30,0
S,119082438,kdn,2136,0,1625,1520,-2424,-888,-16936,41,26,-31,0
S,119092439,kdn,2136,0,1625,1520,-2064,-760,-16896,28,23,-30,0
S,119102439,kdn,2136,0,1625,1520,-2352,-872,-16944,32,18,-28,0
S,119112438,kdn,2136,0,1625,1520,-2088,-840,-16800,41,21,-26,0
S,119122438,kdn,2136,0,1625,1520,-2280,-952,-17016,41,21,-28,0
S,119132439,kdn,2136,0,1625,1520,-2424,-760,-16984,39,30,-28,0
S,119142439,kdn,2136,0,1625,1520,-2336,-1024,-16992,33,20,-29,0
S,119152439,kdn,2136,0,1625,1520,-2264,-896,-17048,32,20,-28,0
S,119162439,kdn,2136,0,1625,1520,-2256,-944,-16976,42,18,-28,0
S,119172438,kdn,2136,0,1625,1520,-2432,-1008,-17000,49,21,-32,0
S,119182438,kdn,2136,0,1625,1520,-2416,-872,-16968,42,23,-27,0
S,119192439,kdn,2136,0,1625,1520,-2384,-1032,-16992,31,24,-24,0
S,119202439,kdn,2136,0,1625,1520,-2256,-1056,-16992,30,19,-21,0
E,119202621,kdn,2137,0,1624,1520,,,,,,,0
S,119203263,kdn,2137,0,1624,1520,-2248,-872,-16904,31,19,-27,0
S,119213253,kdn,2137,0,1624,1520,-664,-640,-16896,35,26,-31,0
S,119223249,kdn,2137,0,1624,1520,-1216,-1560,-17216,40,18,-37,0
S,119233249,kdn,2137,0,1624,1520,-2720,-1088,-16776,33,18,-38,0
S,119243249,kdn,2137,0,1624,1520,-2320,-1128,-17024,47,54,-36,0
S,119253249,kdn,2137,0,1624,1520,-2456,-632,-16968,53,91,-25,0
S,119263249,kdn,2137,0,1624,1520,-2688,-944,-16912,43,105,-26,0
S,119273249,kdn,2137,0,1624,1520,-2352,-864,-17080,30,93,-26,0
S,119283249,kdn,2137,0,1624,1520,-2216,-744,-16992,21,50,-28,0
S,119293249,kdn,2137,0,1624,1520,-2600,-832,-16872,30,12,-31,0
S,119303249,kdn,2137,0,1624,1520,-3192,-1384,-16704,47,4,-41,0
S,119313249,kdn,2137,0,1624,1520,-1592,-936,-16824,64,11,-34,0
S,119323249,kdn,2137,0,1624,1520,-2344,-728,-16856,40,32,-23,0
S,119333249,kdn,2137,0,1624,1520,-2592,-1032,-17064,20,33,-27,0
S,119343249,kdn,2137,0,1624,1520,-2464,-1072,-16896,13,30,-30,0
S,119353249,kdn,2137,0,1624,1520,-2352,-920,-16904,39,26,-26,0
S,119363249,kdn,2137,0,1624,1520,-2376,-920,-16936,53,24,-36,0
S,119373249,kdn,2137,0,1624,1520,-1992,-976,-16928,45,12,-27,0
S,119383249,kdn,2137,0,1624,1520,-2296,-856,-16984,41,14,-29,0
S,119393249,kdn,2137,0,1624,1520,-2304,-1064,-16832,32,17,-28,0
S,119403249,kdn,2137,0,1624,1520,-2224,-952,-16920,31,26,-28,0
S,119413249,kdn,2137,0,1624,1520,-2560,-936,-16904,40,32,-24,0
S,119423249,kdn,2137,0,1624,1520,-2472,-1016,-16904,52,38,-33,0
S,119433249,kdn,2137,0,1624,1520,-2280,-864,-16952,34,21,-35,0
S,119443249,kdn,2137,0,1624,1520,-2216,-880,-16880,29,11,-24,0
S,119453249,kdn,2137,0,1624,1520,-2064,-816,-16944,32,12,-24,0
E,119453355,kdn,2138,0,1623,1520,,,,,,,0
S,119453998,kdn,2138,0,1623,1520,-2064,-816,-16944,32,12,-24,0
S,119463985,kdn,2138,0,1623,1520,-2352,-1000,-16864,47,23,-35,0
S,119473985,kdn,2138,0,1623,1520,-2024,-800,-16944,47,25,-28,0
S,119483985,kdn,2138,0,1623,1520,-2408,-824,-16912,40,30,-24,0
S,119493984,kdn,2138,0,1623,1520,-2248,-984,-16936,25,23,-30,0
S,119503985,kdn,2138,0,1623,1520,-2320,-888,-16928,24,21,-27,0
S,119513984,kdn,2138,0,1623,1520,-2376,-920,-16952,35,10,-25,0
S,119523984,kdn,2138,0,1623,1520,-2344,-936,-16728,63,25,-29,0
S,119533984,kdn,2138,0,1623,1520,-2288,-1000,-17104,47,27,-35,0
S,119543984,kdn,2138,0,1623,1520,-2384,-848,-16880,29,24,-22,0
S,119553984,kdn,2138,0,1623,1520,-2328,-936,-17032,23,17,-31,0
S,119563985,kdn,2138,0,1623,1520,-2080,-992,-16968,29,23,-25,0
S,119573984,kdn,2138,0,1623,1520,-2328,-824,-16920,53,25,-28,0
S,119583984,kdn,2138,0,1623,1520,-2416,-968,-16968,52,30,-31,0
S,119593984,kdn,2138,0,1623,1520,-2456,-896,-16960,34,21,-30,0
S,119603985,kdn,2138,0,1623,1520,-2160,-1184,-16856,28,19,-31,0
S,119613984,kdn,2138,0,1623,1520,-2288,-1008,-16976,32,24,-30,0
S,119623984,kdn,2138,0,1623,1520,-2304,-824,-16976,48,28,-29,0
S,119633984,kdn,2138,0,1623,1520,-2360,-1040,-16912,48,25,-32,0
S,119643984,kdn,2138,0,1623,1520,-2184,-944,-16992,39,14,-27,0
S,119653984,kdn,2138,0,1623,1520,-2360,-936,-16896,22,13,-26,0
S,119663984,kdn,2138,0,1623,1520,-2448,-840,-17256,38,23,-27,0
S,119673984,kdn,2138,0,1623,1520,-2096,-1104,-16936,43,26,-24,0
S,119683984,kdn,2138,0,1623,1520,-2160,-920,-16952,48,28,-27,0
S,119693985,kdn,2138,0,1623,1520,-2008,-976,-17000,30,20,-29,0
S,119703985,kdn,2138,0,1623,1520,-2416,-1008,-16912,32,21,-30,0
E,119704167,kdn,2139,0,1622,1520,,,,,,,0
S,119704806,kdn,2139,0,1622,1520,-2432,-944,-16872,31,20,-32,0
S,119714798,kdn,2139,0,1622,1520,-2096,-1176,-16880,34,29,-30,0
S,119724797,kdn,2139,0,1622,1520,-2192,-1064,-16992,47,26,-31,0
S,119734797,kdn,2139,0,1622,1520,-2352,-848,-16936,40,21,-27,0
S,119744797,kdn,2139,0,1622,1520,-2224,-992,-16944,41,20,-24,0
S,119754797,kdn,2139,0,1622,1520,-2104,-920,-16968,41,20,-29,0
S,119764797,kdn,2139,0,1622,1520,-2400,-816,-16992,33,25,-32,0
S,119774797,kdn,2139,0,1622,1520,-2320,-944,-17064,34,22,-30,0
S,119784797,kdn,2139,0,1622,1520,-2328,-904,-17032,33,21,-31,0
S,119794797,kdn,2139,0,1622,1520,-2432,-848,-16904,37,22,-33,0
S,119804797,kdn,2139,0,1622,1520,-2320,-896,-17016,39,27,-26,0
S,119814797,kdn,2139,0,1622,1520,-2352,-840,-17024,40,22,-33,0
S,119824797,kdn,2139,0,1622,1520,-2336,-872,-16896,30,13,-29,0
S,119834797,kdn,2139,0,1622,1520,-2232,-1112,-16936,40,24,-33,0
S,119844797,kdn,2139,0,1622,1520,-2320,-952,-16824,46,22,-29,0
S,119854797,kdn,2139,0,1622,1520,-2272,-856,-16888,37,29,-27,0
S,119864797,kdn,2139,0,1622,1520,-2392,-840,-16936,34,24,-30,0
S,119874797,kdn,2139,0,1622,1520,-2216,-928,-17064,35,17,-30,0
S,119884797,kdn,2139,0,1622,1520,-2192,-808,-16920,40,26,-29,0
S,119894797,kdn,2139,0,1622,1520,-2192,-952,-17008,44,30,-31,0
S,119904797,kdn,2139,0,1622,1520,-2280,-960,-16960,36,24,-26,0
S,119914797,kdn,2139,0,1622,1520,-2192,-1000,-16856,30,19,-20,0
S,119924797,kdn,2139,0,1622,1520,-2376,-1000,-16920,28,14,-29,0
S,119934797,kdn,2139,0,1622,1520,-2328,-1088,-16856,47,24,-23,0
S,119944797,kdn,2139,0,1622,1520,-2248,-896,-17016,49,33,-31,0
S,119954797,kdn,2139,0,1622,1520,-2248,-1000,-17008,37,18,-32,0
E,119954980,kdn,2140,0,1621,1520,,,,,,,0
S,119955619,kdn,2140,0,1621,1520,-2376,-864,-17000,34,24,-30,0
S,119965607,kdn,2140,0,1621,1520,-1992,-768,-16928,32,31,-37,0
S,119975605,kdn,2140,0,1621,1520,-2304,-3144,-17272,27,28,-37,0
S,119985605,kdn,2140,0,1621,1520,-2432,-1176,-16912,44,42,-33,0
S,119995605,kdn,2140,0,1621,1520,-1936,-1400,-16944,59,63,-29,0
S,120005605,kdn,2140,0,1621,1520,-2280,-1064,-17032,50,71,-27,0
S,120015605,kdn,2140,0,1621,1520,-2352,-784,-16984,19,48,-23,0
S,120025605,kdn,2140,0,1621,1520,-2032,-992,-16864,19,26,-26,0
S,120035605,kdn,2140,0,1621,1520,-2280,-696,-16936,41,10,-30,0
S,120045605,kdn,2140,0,1621,1520,-2000,-1112,-16992,60,13,-35,0
S,120055606,kdn,2140,0,1621,1520,-2344,-832,-16960,58,25,-33,0
S,120065605,kdn,2140,0,1621,1520,-2104,-960,-16824,42,34,-28,0
S,120075605,kdn,2140,0,1621,1520,-2384,-888,-16952,23,36,-29,0
S,120085605,kdn,2140,0,1621,1520,-2256,-1008,-16896,21,35,-28,0
S,120095605,kdn,2140,0,1621,1520,-2064,-888,-16920,39,31,-28,0
S,120105606,kdn,2140,0,1621,1520,-2344,-1008,-16928,54,23,-24,0
S,120115606,kdn,2140,0,1621,1520,-2160,-896,-17104,51,13,-32,0
S,120125606,kdn,2140,0,1621,1520,-2352,-1024,-17048,36,9,-26,0
S,120135605,kdn,2140,0,1621,1520,-2368,-904,-16944,23,24,-29,0
S,120145605,kdn,2140,0,1621,1520,-2048,-944,-16856,31,28,-30,0
S,120155605,kdn,2140,0,1621,1520,-2064,-984,-16976,48,33,-25,0
S,120165605,kdn,2140,0,1621,1520,-2312,-840,-16984,44,29,-25,0
S,120175605,kdn,2140,0,1621,1520,-2064,-864,-17104,37,20,-29,0
S,120185605,kdn,2140,0,1621,1520,-2568,-944,-17040,31,15,-26,0
S,120195605,kdn,2140,0,1621,1520,-2328,-920,-16936,33,21,-32,0
S,120205605,kdn,2140,0,1621,1520,-2376,-832,-16952,49,28,-29,0
E,120205711,kdn,2141,0,1620,1520,,,,,,,0
S,120206351,kdn,2141,0,1620,1520,-2280,-896,-16832,48,32,-29,0
S,120216337,kdn,2141,0,1620,1520,-2000,-920,-16840,39,34,-29,0
S,120226337,kdn,2141,0,1620,1520,-2352,-648,-16984,34,20,-34,0
S,120236336,kdn,2141,0,1620,1520,-2328,-944,-16944,23,23,-26,0
S,120246336,kdn,2141,0,1620,1520,-2320,-944,-17016,38,17,-29,0
S,120256336,kdn,2141,0,1620,1520,-2448,-1080,-16856,49,23,-27,0
S,120266337,kdn,2141,0,1620,1520,-2408,-856,-17096,49,24,-34,0
S,120276337,kdn,2141,0,1620,1520,-2496,-1064,-16928,37,21,-25,0
S,120286337,kdn,2141,0,1620,1520,-2016,-1088,-16808,26,18,-27,0
S,120296336,kdn,2141,0,1620,1520,-2208,-1040,-16936,35,22,-30,0
S,120306336,kdn,2141,0,1620,1520,-2288,-1024,-17024,44,26,-31,0
S,120316336,kdn,2141,0,1620,1520,-2072,-960,-16840,50,23,-29,0
S,120326336,kdn,2141,0,1620,1520,-1968,-888,-16920,42,23,-25,0
S,120336336,kdn,2141,0,1620,1520,-2424,-1024,-16824,36,17,-33,0
S,120346337,kdn,2141,0,1620,1520,-2440,-880,-17000,27,22,-30,0
S,120356336,kdn,2141,0,1620,1520,-2312,-912,-17048,37,27,-31,0
S,120366336,kdn,2141,0,1620,1520,-2384,-1008,-16976,42,29,-30,0
S,120376336,kdn,2141,0,1620,1520,-2072,-896,-16944,36,22,-28,0
S,120386336,kdn,2141,0,1620,1520,-2312,-912,-16992,36,21,-27,0
S,120396336,kdn,2141,0,1620,1520,-2376,-856,-16992,37,21,-31,0
S,120406336,kdn,2141,0,1620,1520,-2304,-928,-16968,39,25,-29,0
S,120416336,kdn,2141,0,1620,1520,-2448,-696,-16976,45,29,-34,0
S,120426337,kdn,2141,0,1620,1520,-2280,-880,-17104,39,27,-30,0
S,120436336,kdn,2141,0,1620,1520,-2296,-816,-16920,38,20,-28,0
S,120446337,kdn,2141,0,1620,1520,-2288,-1000,-16896,28,18,-29,0
S,120456337,kdn,2141,0,1620,1520,-2088,-792,-16960,43,21,-33,0
E,120456447,kdn,2142,0,1619,1520,,,,,,,0
S,120457086,kdn,2142,0,1619,1520,-2448,-872,-17000,43,21,-33,0
S,120467074,kdn,2142,0,1619,1520,-2320,-936,-16904,44,22,-28,0
S,120477073,kdn,2142,0,1619,1520,-2456,-880,-16928,38,23,-26,0
S,120487072,kdn,2142,0,1619,1520,-2144,-1104,-17088,46,17,-26,0
S,120497073,kdn,2142,0,1619,1520,-2248,-960,-17128,37,22,-40,0
S,120507072,kdn,2142,0,1619,1520,-2152,-1168,-16928,36,17,-31,0
S,120517072,kdn,2142,0,1619,1520,-2256,-1152,-16816,38,26,-28,0
S,120527072,kdn,2142,0,1619,1520,-2216,-1032,-16920,38,22,-36,0
S,120537072,kdn,2142,0,1619,1520,-2136,-888,-17024,39,22,-30,0
S,120547072,kdn,2142,0,1619,1520,-2280,-840,-17000,39,20,-30,0
S,120557073,kdn,2142,0,1619,1520,-2048,-912,-16904,37,23,-34,0
S,120567072,kdn,2142,0,1619,1520,-2480,-992,-16952,39,28,-30,0
S,120577073,kdn,2142,0,1619,1520,-2208,-1048,-16856,38,24,-29,0
S,120587073,kdn,2142,0,1619,1520,-2456,-992,-16960,30,22,-29,0
S,120597072,kdn,2142,0,1619,1520,-2392,-760,-17288,36,18,-28,0
S,120607072,kdn,2142,0,1619,1520,-1904,-1104,-16952,38,19,-33,0
S,120617072,kdn,2142,0,1619,1520,-2224,-952,-16912,50,30,-27,0
S,120627072,kdn,2142,0,1619,1520,-2056,-848,-16840,40,22,-30,0
S,120637073,kdn,2142,0,1619,1520,-2200,-1064,-16976,37,22,-32,0
S,120647073,kdn,2142,0,1619,1520,-2184,-912,-16896,34,22,-28,0
S,120657073,kdn,2142,0,1619,1520,-2352,-1008,-16952,41,22,-29,0
S,120667073,kdn,2142,0,1619,1520,-2480,-888,-17032,48,32,-28,0
S,120677072,kdn,2142,0,1619,1520,-1912,-904,-16944,35,28,-26,0
S,120687072,kdn,2142,0,1619,1520,-2376,-944,-16976,34,19,-32,0
S,120697072,kdn,2142,0,1619,1520,-2264,-1024,-16960,37,20,-29,0
S,120707073,kdn,2142,0,1619,1520,-2160,-1056,-17008,42,28,-28,0
E,120707255,kdn,2143,0,1618,1520,,,,,,,0
S,120707898,kdn,2143,0,1618,1520,-2344,-920,-16984,45,31,-27,0
S,120717887,kdn,2143,0,1618,1520,-1864,-1264,-17096,44,27,-29,0
S,120727886,kdn,2143,0,1618,1520,-2064,-664,-16976,34,31,-38,0
S,120737886,kdn,2143,0,1618,1520,-2160,-1328,-17024,40,47,-32,0
S,120747886,kdn,2143,0,1618,1520,-2408,-648,-16952,43,58,-24,0
S,120757886,kdn,2143,0,1618,1520,-2336,-1128,-16872,31,49,-29,0
S,120767886,kdn,2143,0,1618,1520,-2008,-1176,-17008,28,24,-25,0
S,120777886,kdn,2143,0,1618,1520,-2464,-816,-16840,35,14,-26,0
S,120787886,kdn,2143,0,1618,1520,-2016,-1136,-17056,50,6,-33,0
S,120797885,kdn,2143,0,1618,1520,-2384,-976,-16864,53,14,-30,0
S,120807885,kdn,2143,0,1618,1520,-2432,-1032,-16792,36,23,-30,0
S,120817886,kdn,2143,0,1618,1520,-2064,-968,-16984,25,31,-25,0
S,120827886,kdn,2143,0,1618,1520,-2176,-848,-17152,27,32,-29,0
S,120837886,kdn,2143,0,1618,1520,-2264,-984,-16976,38,28,-33,0
S,120847886,kdn,2143,0,1618,1520,-2296,-824,-17008,50,21,-30,0
S,120857885,kdn,2143,0,1618,1520,-2072,-1040,-16944,39,18,-32,0
S,120867886,kdn,2143,0,1618,1520,-2464,-872,-16792,37,16,-30,0
S,120877885,kdn,2143,0,1618,1520,-1912,-944,-17040,28,19,-29,0
S,120887886,kdn,2143,0,1618,1520,-2208,-808,-16944,34,29,-29,0
S,120897886,kdn,2143,0,1618,1520,-2184,-1056,-17080,35,36,-32,0
S,120907885,kdn,2143,0,1618,1520,-2040,-848,-17064,42,34,-30,0
S,120917886,kdn,2143,0,1618,1520,-2464,-1064,-17024,37,24,-29,0
S,120927886,kdn,2143,0,1618,1520,-2168,-776,-16952,37,17,-34,0
S,120937886,kdn,2143,0,1618,1520,-2296,-1032,-17000,35,10,-26,0
S,120947886,kdn,2143,0,1618,1520,-2352,-848,-17024,44,19,-34,0
S,120957886,kdn,2143,0,1618,1520,-2136,-944,-16888,46,33,-28,0
E,120957992,kdn,2144,0,1617,1520,,,,,,,0
S,120958632,kdn,2144,0,1617,1520,-2440,-840,-16904,47,33,-32,0
S,120968618,kdn,2144,0,1617,1520,-2344,-1024,-17024,38,31,-26,0
S,120978617,kdn,2144,0,1617,1520,-2080,-1128,-16832,27,27,-32,0
S,120988617,kdn,2144,0,1617,1520,-2392,-1120,-16976,28,23,-22,0
S,120998617,kdn,2144,0,1617,1520,-2160,-728,-17160,35,14,-26,0
S,121008617,kdn,2144,0,1617,1520,-2264,-864,-16960,52,14,-32,0
S,121018617,kdn,2144,0,1617,1520,-2184,-840,-16960,50,24,-29,0
S,121028617,kdn,2144,0,1617,1520,-2256,-816,-17016,32,23,-32,0
S,121038617,kdn,2144,0,1617,1520,-2112,-832,-16960,28,23,-34,0
S,121048617,kdn,2144,0,1617,1520,-2096,-864,-17016,33,31,-24,0
S,121058618,kdn,2144,0,1617,1520,-2232,-992,-17080,37,22,-30,0
S,121068618,kdn,2144,0,1617,1520,-2456,-888,-17000,48,25,-29,0
S,121078618,kdn,2144,0,1617,1520,-2160,-920,-16952,42,20,-28,0
S,121088617,kdn,2144,0,1617,1520,-2256,-864,-16888,34,17,-23,0
S,121098618,kdn,2144,0,1617,1520,-2152,-808,-17016,34,24,-30,0
S,121108617,kdn,2144,0,1617,1520,-2232,-1080,-16936,28,26,-27,0
S,121118617,kdn,2144,0,1617,1520,-2440,-1048,-17016,39,32,-33,0
S,121128618,kdn,2144,0,1617,1520,-2296,-880,-17064,43,28,-33,0
S,121138617,kdn,2144,0,1617,1520,-2088,-928,-16976,34,20,-24,0
S,121148618,kdn,2144,0,1617,1520,-2192,-1056,-16920,33,20,-27,0
S,121158618,kdn,2144,0,1617,1520,-2224,-984,-16856,38,15,-28,0
S,121168617,kdn,2144,0,1617,1520,-2360,-952,-16872,39,23,-30,0
S,121178617,kdn,2144,0,1617,1520,-2120,-1160,-17040,49,31,-29,0
S,121188618,kdn,2144,0,1617,1520,-2344,-944,-16992,37,28,-28,0
S,121198618,kdn,2144,0,1617,1520,-2248,-848,-17000,36,22,-28,0
S,121208617,kdn,2144,0,1617,1520,-2336,-1000,-16896,31,28,-25,0
E,121208800,kdn,2145,0,1616,1520,,,,,,,0
S,121209439,kdn,2145,0,1616,1520,-2208,-952,-16920,32,28,-28,0
S,121219427,kdn,2145,0,1616,1520,-1976,-896,-16984,41,18,-27,0
S,121229425,kdn,2145,0,1616,1520,-2352,-864,-17024,42,20,-33,0
S,121239425,kdn,2145,0,1616,1520,-2232,-896,-17016,45,8,-24,0
S,121249425,kdn,2145,0,1616,1520,-1856,-896,-16856,34,22,-29,0
S,121259425,kdn,2145,0,1616,1520,-2336,-944,-16952,33,20,-30,0
S,121269425,kdn,2145,0,1616,1520,-2136,-976,-16976,42,31,-32,0
S,121279426,kdn,2145,0,1616,1520,-2304,-952,-16896,43,31,-30,0
S,121289425,kdn,2145,0,1616,1520,-2328,-1104,-16952,39,30,-23,0
S,121299426,kdn,2145,0,1616,1520,-2040,-1040,-17064,35,20,-18,0
S,121309425,kdn,2145,0,1616,1520,-2112,-1056,-16976,35,13,-29,0
S,121319425,kdn,2145,0,1616,1520,-2008,-1160,-16872,45,24,-28,0
S,121329425,kdn,2145,0,1616,1520,-2272,-944,-16992,44,31,-26,0
S,121339426,kdn,2145,0,1616,1520,-2488,-832,-17000,38,25,-33,0
S,121349426,kdn,2145,0,1616,1520,-2192,-816,-16928,36,23,-23,0
S,121359426,kdn,2145,0,1616,1520,-2264,-1104,-16984,34,26,-29,0
S,121369425,kdn,2145,0,1616,1520,-1992,-952,-17024,39,24,-32,0
S,121379425,kdn,2145,0,1616,1520,-2392,-1000,-16936,38,22,-28,0
S,121389425,kdn,2145,0,1616,1520,-2128,-1000,-16904,39,18,-31,0
S,121399425,kdn,2145,0,1616,1520,-2272,-1024,-16920,34,23,-28,0
S,121409425,kdn,2145,0,1616,1520,-2384,-936,-17000,40,31,-24,0
S,121419425,kdn,2145,0,1616,1520,-2408,-1008,-17048,43,34,-26,0
S,121429425,kdn,2145,0,1616,1520,-2392,-968,-16960,37,22,-34,0
S,121439425,kdn,2145,0,1616,1520,-2000,-872,-16984,43,18,-29,0
S,121449425,kdn,2145,0,1616,1520,-2328,-936,-16944,39,19,-29,0
S,121459425,kdn,2145,0,1616,1520,-2112,-792,-17064,42,23,-31,0
E,121459531,kdn,2146,0,1615,1520,,,,,,,0
S,121460170,kdn,2146,0,1615,1520,-2216,-1048,-17120,39,19,-31,0
S,121470158,kdn,2146,0,1615,1520,-2544,-904,-16984,40,27,-29,0
S,121480157,kdn,2146,0,1615,1520,-2432,-1528,-16752,34,15,-28,0
S,121490157,kdn,2146,0,1615,1520,-2144,-2088,-16784,34,25,-28,0
S,121500157,kdn,2146,0,1615,1520,-2792,-832,-16984,54,50,-33,0
S,121510157,kdn,2146,0,1615,1520,-2424,-1360,-16984,53,80,-29,0
S,121520157,kdn,2146,0,1615,1520,-2192,-1040,-17016,41,85,-34,0
S,121530157,kdn,2146,0,1615,1520,-2104,-992,-17064,25,65,-27,0
S,121540157,kdn,2146,0,1615,1520,-2312,-1080,-17216,25,40,-31,0
S,121550156,kdn,2146,0,1615,1520,-1392,-1088,-16088,39,27,-24,0
S,121560157,kdn,2146,0,1615,1520,-1984,-776,-16856,55,34,-27,0
S,121570157,kdn,2146,0,1615,1520,-2328,-1136,-17264,48,28,-37,0
S,121580157,kdn,2146,0,1615,1520,-2560,-824,-16968,35,11,-34,0
S,121590156,kdn,2146,0,1615,1520,-2216,-1120,-16976,27,17,-24,0
S,121600157,kdn,2146,0,1615,1520,-1800,-840,-16960,41,25,-33,0
S,121610156,kdn,2146,0,1615,1520,-2320,-1024,-16968,48,35,-26,0
S,121620157,kdn,2146,0,1615,1520,-2064,-912,-17088,48,33,-29,0
S,121630157,kdn,2146,0,1615,1520,-2000,-800,-17048,36,26,-33,0
S,121640157,kdn,2146,0,1615,1520,-2424,-824,-16920,28,16,-33,0
S,121650157,kdn,2146,0,1615,1520,-2112,-968,-16976,34,21,-36,0
S,121660156,kdn,2146,0,1615,1520,-2144,-1080,-17032,43,22,-30,0
S,121670157,kdn,2146,0,1615,1520,-2216,-816,-17000,44,26,-29,0
S,121680157,kdn,2146,0,1615,1520,-2304,-888,-16928,46,24,-24,0
S,121690157,kdn,2146,0,1615,1520,-2576,-816,-16984,27,18,-27,0
S,121700157,kdn,2146,0,1615,1520,-2024,-952,-16952,37,20,-27,0
S,121710156,kdn,2146,0,1615,1520,-2112,-976,-16992,45,27,-32,0
E,121710262,kdn,2147,0,1614,1520,,,,,,,0
S,121710906,kdn,2147,0,1614,1520,-2208,-888,-17024,45,27,-34,0
S,121720893,kdn,2147,0,1614,1520,-2344,-1120,-17048,47,28,-24,0
S,121730891,kdn,2147,0,1614,1520,-2136,-1016,-17040,41,17,-30,0
S,121740891,kdn,2147,0,1614,1520,-2168,-984,-16752,34,16,-29,0
S,121750891,kdn,2147,0,1614,1520,-2224,-1160,-16888,39,25,-29,0
S,121760891,kdn,2147,0,1614,1520,-2512,-856,-17032,42,25,-29,0
S,121770891,kdn,2147,0,1614,1520,-2416,-1008,-17016,46,33,-23,0
S,121780891,kdn,2147,0,1614,1520,-2528,-896,-16984,39,30,-32,0
S,121790891,kdn,2147,0,1614,1520,-1952,-1072,-16896,33,18,-24,0
S,121800891,kdn,2147,0,1614,1520,-2136,-1104,-17016,33,20,-24,0
S,121810891,kdn,2147,0,1614,1520,-2408,-856,-17072,45,25,-31,0
S,121820891,kdn,2147,0,1614,1520,-2368,-992,-16976,45,26,-26,0
S,121830891,kdn,2147,0,1614,1520,-2160,-904,-17088,35,25,-23,0
S,121840891,kdn,2147,0,1614,1520,-2160,-1016,-16960,31,26,-34,0
S,121850891,kdn,2147,0,1614,1520,-2296,-936,-17040,34,24,-28,0
S,121860891,kdn,2147,0,1614,1520,-2320,-824,-16944,43,24,-25,0
S,121870891,kdn,2147,0,1614,1520,-2072,-912,-16888,45,23,-27,0
S,121880891,kdn,2147,0,1614,1520,-2064,-1016,-16952,41,22,-32,0
S,121890891,kdn,2147,0,1614,1520,-2216,-1000,-16912,33,23,-26,0
S,121900891,kdn,2147,0,1614,1520,-2000,-984,-16936,37,21,-31,0
S,121910891,kdn,2147,0,1614,1520,-2320,-736,-16808,31,21,-26,0
S,121920891,kdn,2147,0,1614,1520,-2176,-824,-17048,48,25,-22,0
S,121930891,kdn,2147,0,1614,1520,-2080,-904,-17088,47,25,-32,0
S,121940891,kdn,2147,0,1614,1520,-2136,-992,-16928,42,25,-31,0
S,121950891,kdn,2147,0,1614,1520,-2096,-776,-16896,38,20,-30,0
S,121960891,kdn,2147,0,1614,1520,-2344,-960,-16920,33,21,-28,0
E,121960997,kdn,2148,0,1613,1520,,,,,,,0
S,121961638,kdn,2148,0,1613,1520,-2104,-976,-16872,34,23,-27,0
S,121971624,kdn,2148,0,1613,1520,-2224,-1016,-16840,40,29,-29,0
S,121981623,kdn,2148,0,1613,1520,-2208,-944,-16968,44,26,-37,0
S,121991623,kdn,2148,0,1613,1520,-2168,-872,-16992,34,25,-29,0
S,122001623,kdn,2148,0,1613,1520,-2224,-1000,-16880,33,23,-28,0
S,122011622,kdn,2148,0,1613,1520,-2080,-784,-16952,36,22,-34,0
S,122021622,kdn,2148,0,1613,1520,-2376,-784,-17096,38,22,-21,0
S,122031623,kdn,2148,0,1613,1520,-2112,-904,-16960,47,23,-35,0
S,122041623,kdn,2148,0,1613,1520,-2304,-856,-16944,27,24,-32,0
S,122051623,kdn,2148,0,1613,1520,-1976,-1032,-17048,39,24,-26,0
S,122061622,kdn,2148,0,1613,1520,-2136,-1080,-16856,37,22,-32,0
S,122071623,kdn,2148,0,1613,1520,-2184,-984,-16912,34,32,-34,0
S,122081623,kdn,2148,0,1613,1520,-2320,-1216,-17040,40,17,-29,0
S,122091622,kdn,2148,0,1613,1520,-2040,-808,-17088,37,16,-29,0
S,122101623,kdn,2148,0,1613,1520,-2328,-872,-16864,36,19,-30,0
S,122111623,kdn,2148,0,1613,1520,-2048,-856,-17024,46,27,-28,0
S,122121623,kdn,2148,0,1613,1520,-2064,-928,-16992,42,28,-34,0
S,122131622,kdn,2148,0,1613,1520,-2152,-960,-16960,36,17,-27,0
S,122141622,kdn,2148,0,1613,1520,-2376,-1024,-16840,37,23,-31,0
S,122151622,kdn,2148,0,1613,1520,-2160,-1000,-16936,36,23,-28,0
S,122161623,kdn,2148,0,1613,1520,-2328,-984,-16952,50,21,-29,0
S,122171623,kdn,2148,0,1613,1520,-2176,-1056,-16968,38,26,-25,0
S,122181623,kdn,2148,0,1613,1520,-2048,-912,-16920,43,20,-25,0
S,122191623,kdn,2148,0,1613,1520,-2008,-960,-16992,36,26,-31,0
S,122201622,kdn,2148,0,1613,1520,-2176,-960,-16872,32,20,-30,0
S,122211623,kdn,2148,0,1613,1520,-2216,-832,-17072,36,23,-28,0
E,122211729,kdn,2149,0,1612,1520,,,,,,,0
S,122212372,kdn,2149,0,1612,1520,-2360,-1032,-16928,51,23,-25,0
S,122222356,kdn,2149,0,1612,1520,-1504,-744,-16800,40,23,-29,0
S,122232354,kdn,2149,0,1612,1520,-2736,-1000,-16800,44,22,-26,0
S,122242354,kdn,2149,0,1612,1520,-1920,-672,-17016,35,21,-32,0
S,122252354,kdn,2149,0,1612,1520,-1888,-888,-16952,41,45,-31,0
S,122262354,kdn,2149,0,1612,1520,-2272,-856,-16872,53,68,-30,0
S,122272354,kdn,2149,0,1612,1520,-1928,-832,-17016,42,73,-27,0
S,122282355,kdn,2149,0,1612,1520,-2048,-640,-16944,24,48,-31,0
S,122292354,kdn,2149,0,1612,1520,-2176,-1040,-17040,22,13,-26,0
S,122302354,kdn,2149,0,1612,1520,-2232,-912,-17136,41,-3,-29,0
S,122312354,kdn,2149,0,1612,1520,-2008,-1096,-17128,60,-2,-32,0
S,122322354,kdn,2149,0,1612,1520,-1944,-816,-16976,59,15,-34,0
S,122332354,kdn,2149,0,1612,1520,-2400,-912,-16800,34,29,-30,0
S,122342355,kdn,2149,0,1612,1520,-2480,-928,-16960,20,37,-26,0
S,122352354,kdn,2149,0,1612,1520,-2120,-1064,-16984,21,32,-26,0
S,122362355,kdn,2149,0,1612,1520,-2200,-1056,-17000,47,23,-28,0
S,122372355,kdn,2149,0,1612,1520,-2312,-936,-17032,49,21,-29,0
S,122382354,kdn,2149,0,1612,1520,-1968,-992,-16936,39,6,-31,0
S,122392355,kdn,2149,0,1612,1520,-2112,-1008,-16904,38,14,-28,0
S,122402355,kdn,2149,0,1612,1520,-2080,-944,-17080,30,28,-31,0
S,122412354,kdn,2149,0,1612,1520,-2096,-944,-16912,29,34,-30,0
S,122422355,kdn,2149,0,1612,1520,-1984,-1056,-17096,50,32,-34,0
S,122432355,kdn,2149,0,1612,1520,-2072,-976,-17000,44,30,-25,0
S,122442354,kdn,2149,0,1612,1520,-2048,-1104,-16984,36,12,-29,0
S,122452355,kdn,2149,0,1612,1520,-2040,-952,-17024,33,3,-34,0
S,122462354,kdn,2149,0,1612,1520,-2368,-776,-16968,37,12,-27,0
E,122462465,kdn,2150,0,1611,1520,,,,,,,0
S,122463104,kdn,2150,0,1611,1520,-2280,-1064,-16912,39,13,-30,0
S,122473092,kdn,2150,0,1611,1520,-2008,-1120,-16840,41,29,-30,0
S,122483090,kdn,2150,0,1611,1520,-2216,-880,-17064,37,33,-30,0
S,122493090,kdn,2150,0,1611,1520,-2072,-1088,-16904,30,29,-27,0
S,122503091,kdn,2150,0,1611,1520,-2152,-856,-17000,23,26,-26,0
S,122513090,kdn,2150,0,1611,1520,-2160,-912,-16952,37,22,-31,0
S,122523091,kdn,2150,0,1611,1520,-2056,-944,-16840,46,11,-27,0
S,122533090,kdn,2150,0,1611,1520,-2296,-1000,-16824,45,20,-37,0
S,122543091,kdn,2150,0,1611,1520,-2056,-816,-17016,30,26,-32,0
S,122553091,kdn,2150,0,1611,1520,-2080,-888,-17040,31,23,-28,0
S,122563091,kdn,2150,0,1611,1520,-2400,-1016,-17096,28,26,-24,0
S,122573091,kdn,2150,0,1611,1520,-2384,-840,-16976,42,30,-32,0
S,122583090,kdn,2150,0,1611,1520,-2024,-976,-16936,51,26,-27,0
S,122593090,kdn,2150,0,1611,1520,-2240,-952,-16984,39,18,-32,0
S,122603090,kdn,2150,0,1611,1520,-2096,-880,-16968,41,13,-26,0
S,122613090,kdn,2150,0,1611,1520,-2240,-1128,-17024,36,18,-26,0
S,122623091,kdn,2150,0,1611,1520,-2168,-1040,-16856,45,30,-33,0
S,122633090,kdn,2150,0,1611,1520,-2240,-808,-16984,43,26,-31,0
S,122643090,kdn,2150,0,1611,1520,-2216,-856,-17272,32,25,-27,0
S,122653091,kdn,2150,0,1611,1520,-2232,-808,-16944,32,16,-34,0
S,122663091,kdn,2150,0,1611,1520,-2168,-952,-16840,33,15,-35,0
S,122673090,kdn,2150,0,1611,1520,-2400,-1104,-17016,46,26,-28,0
S,122683090,kdn,2150,0,1611,1520,-2240,-1072,-17016,44,31,-26,0
S,122693091,kdn,2150,0,1611,1520,-2216,-928,-16904,36,24,-29,0
S,122703090,kdn,2150,0,1611,1520,-2072,-1048,-16984,23,20,-28,0
S,122713091,kdn,2150,0,1611,1520,-2040,-1008,-17192,36,20,-31,0
E,122713273,kdn,2151,0,1610,1520,,,,,,,0
S,122713917,kdn,2151,0,1610,1520,-2184,-888,-16920,42,19,-33,0
S,122723904,kdn,2151,0,1610,1520,-2568,-1336,-17136,47,25,-23,0
S,122733903,kdn,2151,0,1610,1520,-3208,-952,-16728,47,19,-37,0
S,122743904,kdn,2151,0,1610,1520,-1448,-1208,-16904,43,38,-22,0
S,122753903,kdn,2151,0,1610,1520,-1960,-752,-16920,38,69,-24,0
S,122763903,kdn,2151,0,1610,1520,-1952,-1544,-17160,45,85,-23,0
S,122773903,kdn,2151,0,1610,1520,-2488,-888,-16448,39,84,-19,0
S,122783904,kdn,2151,0,1610,1520,-1776,-1016,-16976,22,61,-25,0
S,122793903,kdn,2151,0,1610,1520,-2200,-1064,-16784,27,30,-27,0
S,122803903,kdn,2151,0,1610,1520,-2128,-1096,-17048,48,3,-33,0
S,122813904,kdn,2151,0,1610,1520,-1928,-864,-16904,51,0,-32,0
S,122823904,kdn,2151,0,1610,1520,-2144,-1120,-16872,54,12,-30,0
S,122833904,kdn,2151,0,1610,1520,-2112,-976,-16904,28,30,-33,0
S,122843904,kdn,2151,0,1610,1520,-2280,-1112,-16912,28,41,-24,0
S,122853903,kdn,2151,0,1610,1520,-2032,-728,-17008,28,46,-27,0
S,122863903,kdn,2151,0,1610,1520,-1984,-768,-16864,39,42,-33,0
S,122873904,kdn,2151,0,1610,1520,-2128,-1096,-16888,49,26,-24,0
S,122883904,kdn,2151,0,1610,1520,-2072,-904,-16992,49,13,-31,0
S,122893904,kdn,2151,0,1610,1520,-2016,-632,-16944,39,10,-29,0
S,122903903,kdn,2151,0,1610,1520,-2120,-1032,-16984,30,30,-29,0
S,122913903,kdn,2151,0,1610,1520,-1952,-904,-17080,35,43,-24,0
S,122923903,kdn,2151,0,1610,1520,-2496,-1256,-16936,35,60,-35,0
S,122933903,kdn,2151,0,1610,1520,-1792,-864,-17016,40,60,-35,0
S,122943904,kdn,2151,0,1610,1520,-2264,-960,-16928,37,44,-32,0
S,122953903,kdn,2151,0,1610,1520,-2344,-792,-16984,27,20,-29,0
S,122963903,kdn,2151,0,1610,1520,-2000,-872,-17040,38,7,-31,0
E,122964008,kdn,2152,0,1609,1520,,,,,,,0
S,122964649,kdn,2152,0,1609,1520,-2480,-1152,-16984,43,3,-31,0
S,122974637,kdn,2152,0,1609,1520,-2032,-1040,-16976,41,1,-27,0
S,122984635,kdn,2152,0,1609,1520,-2136,-896,-16848,47,21,-29,0
S,122994635,kdn,2152,0,1609,1520,-2128,-888,-17032,38,34,-29,0
S,123004635,kdn,2152,0,1609,1520,-1984,-1048,-17040,36,39,-25,0
S,123014635,kdn,2152,0,1609,1520,-2072,-1008,-17048,22,25,-33,0
S,123024635,kdn,2152,0,1609,1520,-2240,-952,-16840,32,21,-25,0
S,123034635,kdn,2152,0,1609,1520,-2104,-880,-16952,51,19,-33,0
S,123044635,kdn,2152,0,1609,1520,-1920,-704,-16808,50,16,-30,0
S,123054635,kdn,2152,0,1609,1520,-2200,-1032,-16864,40,19,-32,0
S,123064635,kdn,2152,0,1609,1520,-1872,-848,-17072,29,21,-33,0
S,123074635,kdn,2152,0,1609,1520,-2208,-1008,-16896,29,29,-31,0
S,123084635,kdn,2152,0,1609,1520,-1976,-992,-16944,40,35,-23,0
S,123094635,kdn,2152,0,1609,1520,-2192,-1048,-16968,49,25,-24,0
S,123104635,kdn,2152,0,1609,1520,-2000,-912,-17120,41,18,-25,0
S,123114635,kdn,2152,0,1609,1520,-2208,-896,-17040,27,8,-26,0
S,123124635,kdn,2152,0,1609,1520,-2320,-1088,-16944,35,18,-33,0
S,123134635,kdn,2152,0,1609,1520,-1992,-760,-17000,43,29,-28,0
S,123144635,kdn,2152,0,1609,1520,-2000,-768,-16952,43,33,-30,0
S,123154635,kdn,2152,0,1609,1520,-2120,-1080,-16936,39,29,-31,0
S,123164635,kdn,2152,0,1609,1520,-2104,-888,-16912,24,20,-28,0
S,123174635,kdn,2152,0,1609,1520,-2112,-1168,-17016,36,20,-26,0
S,123184635,kdn,2152,0,1609,1520,-2016,-832,-17048,44,19,-31,0
S,123194635,kdn,2152,0,1609,1520,-2088,-984,-16976,50,26,-35,0
S,123204635,kdn,2152,0,1609,1520,-2160,-656,-17144,42,26,-35,0
S,123214635,kdn,2152,0,1609,1520,-2208,-1000,-16936,32,29,-29,0
E,123214817,kdn,2153,0,1608,1520,,,,,,,0
S,123215459,kdn,2153,0,1608,1520,-2208,-1088,-16920,33,22,-27,0
S,123225447,kdn,2153,0,1608,1520,-2208,-896,-16928,27,22,-32,0
S,123235447,kdn,2153,0,1608,1520,-2312,-944,-17088,34,24,-31,0
S,123245446,kdn,2153,0,1608,1520,-2032,-992,-16976,49,19,-37,0
S,123255447,kdn,2153,0,1608,1520,-1936,-800,-16952,40,19,-28,0
S,123265446,kdn,2153,0,1608,1520,-2232,-1016,-16824,42,15,-33,0
S,123275447,kdn,2153,0,1608,1520,-2008,-992,-17072,35,26,-26,0
S,123285447,kdn,2153,0,1608,1520,-2256,-960,-16928,36,25,-27,0
S,123295447,kdn,2153,0,1608,1520,-2176,-944,-16960,37,21,-30,0
S,123305447,kdn,2153,0,1608,1520,-2376,-1088,-17016,33,19,-29,0
S,123315446,kdn,2153,0,1608,1520,-2104,-824,-16944,39,19,-26,0
S,123325447,kdn,2153,0,1608,1520,-1968,-960,-17016,44,20,-28,0
S,123335447,kdn,2153,0,1608,1520,-2008,-816,-17064,34,25,-33,0
S,123345446,kdn,2153,0,1608,1520,-2160,-872,-16848,32,22,-26,0
S,123355447,kdn,2153,0,1608,1520,-2032,-760,-16920,35,20,-31,0
S,123365447,kdn,2153,0,1608,1520,-2072,-920,-17000,42,28,-24,0
S,123375446,kdn,2153,0,1608,1520,-2240,-1096,-16872,42,23,-36,0
S,123385447,kdn,2153,0,1608,1520,-2200,-944,-16912,38,24,-24,0
S,123395446,kdn,2153,0,1608,1520,-2192,-792,-17080,37,16,-30,0
S,123405447,kdn,2153,0,1608,1520,-2136,-824,-16832,34,12,-24,0
S,123415447,kdn,2153,0,1608,1520,-2040,-936,-17008,39,22,-29,0
S,123425446,kdn,2153,0,1608,1520,-2224,-864,-17024,49,31,-31,0
S,123435447,kdn,2153,0,1608,1520,-1976,-1048,-17048,42,34,-30,0
S,123445446,kdn,2153,0,1608,1520,-1896,-896,-17040,34,23,-28,0
S,123455447,kdn,2153,0,1608,1520,-2200,-696,-17032,32,23,-28,0
S,123465447,kdn,2153,0,1608,1520,-2168,-1176,-16944,42,26,-27,0
E,123465629,kdn,2154,0,1607,1520,,,,,,,0
S,123466270,kdn,2154,0,1607,1520,-2040,-1048,-17080,46,17,-28,0
S,123476259,kdn,2154,0,1607,1520,-144,-624,-17080,42,27,-27,0
S,123486258,kdn,2154,0,1607,1520,-1456,-920,-17056,35,13,-29,0
S,123496258,kdn,2154,0,1607,1520,-2664,-624,-16752,35,15,-24,0
S,123506257,kdn,2154,0,1607,1520,-1824,-976,-16992,35,41,-35,0
S,123516258,kdn,2154,0,1607,1520,-2072,-784,-17184,58,72,-32,0
S,123526258,kdn,2154,0,1607,1520,-2176,-896,-17048,50,85,-29,0
S,123536258,kdn,2154,0,1607,1520,-2104,-848,-17008,26,58,-30,0
S,123546257,kdn,2154,0,1607,1520,-1848,-944,-16848,12,31,-34,0
S,123556257,kdn,2154,0,1607,1520,-2088,-1056,-16976,33,4,-27,0
S,123566257,kdn,2154,0,1607,1520,-2024,-888,-16976,58,2,-28,0
S,123576258,kdn,2154,0,1607,1520,-2088,-816,-16976,65,10,-32,0
S,123586258,kdn,2154,0,1607,1520,-2136,-936,-17048,51,26,-32,0
S,123596258,kdn,2154,0,1607,1520,-2128,-744,-16824,19,40,-28,0
S,123606258,kdn,2154,0,1607,1520,-2056,-968,-16872,22,40,-28,0
S,123616257,kdn,2154,0,1607,1520,-2200,-912,-17080,37,34,-25,0
S,123626258,kdn,2154,0,1607,1520,-2312,-840,-16920,58,18,-25,0
S,123636257,kdn,2154,0,1607,1520,-2096,-784,-17024,53,10,-29,0
S,123646258,kdn,2154,0,1607,1520,-2136,-760,-16952,36,2,-30,0
S,123656257,kdn,2154,0,1607,1520,-2024,-832,-17032,24,14,-30,0
S,123666257,kdn,2154,0,1607,1520,-2032,-528,-17040,32,31,-29,0
S,123676258,kdn,2154,0,1607,1520,-2272,-1016,-16824,45,44,-27,0
S,123686258,kdn,2154,0,1607,1520,-2184,-728,-16976,41,32,-34,0
S,123696257,kdn,2154,0,1607,1520,-1960,-768,-16936,33,18,-28,0
S,123706258,kdn,2154,0,1607,1520,-1960,-680,-17032,31,3,-35,0
S,123716258,kdn,2154,0,1607,1520,-2160,-1056,-16960,39,10,-27,0
E,123716445,kdn,2155,0,1606,1520,,,,,,,0
S,123717084,kdn,2155,0,1606,1520,-2160,-1056,-16960,41,8,-33,0
S,123727071,kdn,2155,0,1606,1520,-2224,-960,-16952,49,26,-28,0
S,123737071,kdn,2155,0,1606,1520,-2040,-792,-17016,45,37,-24,0
S,123747071,kdn,2155,0,1606,1520,-2096,-936,-17008,24,32,-34,0
S,123757071,kdn,2155,0,1606,1520,-2360,-984,-16928,23,24,-31,0
S,123767070,kdn,2155,0,1606,1520,-1840,-880,-17032,34,28,-28,0
S,123777070,kdn,2155,0,1606,1520,-2152,-1200,-16928,46,18,-30,0
S,123787070,kdn,2155,0,1606,1520,-1960,-792,-16928,48,18,-33,0
S,123797070,kdn,2155,0,1606,1520,-1872,-864,-16960,35,21,-28,0
S,123807070,kdn,2155,0,1606,1520,-2080,-1128,-17048,25,24,-26,0
S,123817071,kdn,2155,0,1606,1520,-2144,-832,-17144,34,29,-28,0
S,123827070,kdn,2155,0,1606,1520,-1904,-976,-16896,39,32,-31,0
S,123837070,kdn,2155,0,1606,1520,-1984,-1152,-16800,42,25,-27,0
S,123847071,kdn,2155,0,1606,1520,-1872,-616,-16888,38,20,-30,0
S,123857071,kdn,2155,0,1606,1520,-1992,-896,-17168,28,15,-23,0
S,123867071,kdn,2155,0,1606,1520,-2128,-1096,-16920,37,16,-23,0
S,123877071,kdn,2155,0,1606,1520,-1872,-664,-16928,44,26,-29,0
S,123887071,kdn,2155,0,1606,1520,-1920,-888,-17056,45,31,-27,0
S,123897071,kdn,2155,0,1606,1520,-2144,-1152,-16872,39,37,-28,0
S,123907070,kdn,2155,0,1606,1520,-1880,-1160,-17024,36,36,-25,0
S,123917070,kdn,2155,0,1606,1520,-2080,-752,-17072,30,38,-30,0
S,123927070,kdn,2155,0,1606,1520,-2144,-840,-17016,35,36,-27,0
S,123937071,kdn,2155,0,1606,1520,-1952,-856,-16952,41,33,-29,0
S,123947071,kdn,2155,0,1606,1520,-2128,-800,-16928,35,23,-21,0
S,123957071,kdn,2155,0,1606,1520,-2072,-880,-17056,37,25,-27,0
S,123967070,kdn,2155,0,1606,1520,-1944,-824,-16864,40,15,-37,0
E,123967176,kdn,2156,0,1605,1520,,,,,,,0
S,123967816,kdn,2156,0,1605,1520,-1968,-1128,-16896,40,18,-33,0
S,123977804,kdn,2156,0,1605,1520,-2048,-936,-16944,38,27,-32,0
S,123987804,kdn,2156,0,1605,1520,-1840,-944,-17088,40,31,-29,0
S,123997804,kdn,2156,0,1605,1520,-2040,-800,-17024,40,34,-23,0
S,124007804,kdn,2156,0,1605,1520,-2112,-840,-17080,31,24,-26,0
S,124017804,kdn,2156,0,1605,1520,-2312,-1056,-16856,34,42,-31,0
S,124027804,kdn,2156,0,1605,1520,-1952,-944,-17232,44,47,-22,0
S,124037804,kdn,2156,0,1605,1520,-2240,-920,-16848,38,39,-29,0
S,124047804,kdn,2156,0,1605,1520,-1872,-992,-16936,27,30,-33,0
S,124057804,kdn,2156,0,1605,1520,-1960,-680,-17032,37,20,-29,0
S,124067804,kdn,2156,0,1605,1520,-2048,-952,-17000,42,11,-30,0
S,124077804,kdn,2156,0,1605,1520,-2072,-888,-17000,43,15,-25,0
S,124087804,kdn,2156,0,1605,1520,-2112,-880,-17064,41,22,-26,0
S,124097804,kdn,2156,0,1605,1520,-2112,-712,-16984,27,20,-27,0
S,124107804,kdn,2156,0,1605,1520,-2072,-816,-16912,30,31,-27,0
S,124117804,kdn,2156,0,1605,1520,-2040,-992,-17136,38,29,-28,0
S,124127804,kdn,2156,0,1605,1520,-1864,-1128,-16968,36,26,-33,0
S,124137804,kdn,2156,0,1605,1520,-2200,-968,-16912,41,17,-32,0
S,124147804,kdn,2156,0,1605,1520,-2016,-864,-16944,40,18,-30,0
S,124157804,kdn,2156,0,1605,1520,-2160,-1200,-16968,43,19,-31,0
S,124167804,kdn,2156,0,1605,1520,-1960,-872,-17008,43,26,-35,0
S,124177804,kdn,2156,0,1605,1520,-2000,-1160,-16856,36,31,-32,0
S,124187804,kdn,2156,0,1605,1520,-2120,-1040,-16912,32,26,-29,0
S,124197804,kdn,2156,0,1605,1520,-2056,-1064,-16976,34,22,-32,0
S,124207804,kdn,2156,0,1605,1520,-2040,-960,-17040,41,19,-27,0
S,124217804,kdn,2156,0,1605,1520,-1904,-896,-17088,39,11,-30,0
E,124217910,kdn,2157,0,1604,1520,,,,,,,0
S,124218549,kdn,2157,0,1604,1520,-1904,-896,-17088,38,12,-31,0
S,124228537,kdn,2157,0,1604,1520,-1784,-1080,-16848,42,19,-27,0
S,124238536,kdn,2157,0,1604,1520,-3128,-664,-17056,41,25,-24,0
S,124248535,kdn,2157,0,1604,1520,-2416,-1384,-16752,34,26,-31,0
S,124258535,kdn,2157,0,1604,1520,-1760,-1848,-16928,32,36,-31,0
S,124268536,kdn,2157,0,1604,1520,-2216,-480,-16984,43,51,-24,0
S,124278536,kdn,2157,0,1604,1520,-2128,-1120,-17008,54,73,-29,0
S,124288535,kdn,2157,0,1604,1520,-2024,-672,-16848,46,86,-30,0
S,124298536,kdn,2157,0,1604,1520,-888,-912,-16872,29,93,-40,0
S,124308535,kdn,2157,0,1604,1520,-2248,-784,-16552,28,89,-32,0
S,124318536,kdn,2157,0,1604,1520,-2120,-784,-17040,27,93,-30,0
S,124328536,kdn,2157,0,1604,1520,-2152,-984,-17032,40,72,-31,0
S,124338535,kdn,2157,0,1604,1520,-1856,-1056,-16752,50,57,-28,0
S,124348536,kdn,2157,0,1604,1520,-2216,-784,-16864,44,35,-24,0
S,124358535,kdn,2157,0,1604,1520,-2040,-936,-17104,34,18,-25,0
S,124368535,kdn,2157,0,1604,1520,-2096,-1008,-16896,29,8,-24,0
S,124378535,kdn,2157,0,1604,1520,-2112,-912,-16928,35,3,-26,0
S,124388535,kdn,2157,0,1604,1520,-1736,-928,-16992,50,25,-31,0
S,124398535,kdn,2157,0,1604,1520,-2120,-824,-17184,52,34,-31,0
S,124408536,kdn,2157,0,1604,1520,-2048,-928,-17040,34,35,-24,0
S,124418535,kdn,2157,0,1604,1520,-2080,-992,-17000,25,26,-34,0
S,124428536,kdn,2157,0,1604,1520,-2160,-864,-16936,35,25,-31,0
S,124438536,kdn,2157,0,1604,1520,-2072,-1072,-17056,52,23,-31,0
S,124448536,kdn,2157,0,1604,1520,-2048,-712,-16984,53,24,-25,0
S,124458536,kdn,2157,0,1604,1520,-1976,-1008,-17088,34,12,-29,0
S,124468535,kdn,2157,0,1604,1520,-1936,-904,-16960,27,12,-21,0
E,124468641,kdn,2158,0,1603,1520,,,,,,,0
S,124469281,kdn,2158,0,1603,1520,-1976,-960,-17000,29,17,-24,0
S,124479268,kdn,2158,0,1603,1520,-1936,-928,-16872,33,28,-28,0
S,124489268,kdn,2158,0,1603,1520,-2024,-1024,-17056,53,31,-25,0
S,124499268,kdn,2158,0,1603,1520,-2024,-896,-16920,43,30,-35,0
S,124509268,kdn,2158,0,1603,1520,-1760,-808,-17240,30,18,-27,0
S,124519268,kdn,2158,0,1603,1520,-1712,-848,-16944,34,22,-23,0
S,124529268,kdn,2158,0,1603,1520,-2096,-1032,-17032,38,23,-30,0
S,124539268,kdn,2158,0,1603,1520,-2032,-904,-16984,39,25,-25,0
S,124549268,kdn,2158,0,1603,1520,-1960,-920,-16920,40,21,-25,0
S,124559268,kdn,2158,0,1603,1520,-2016,-864,-16912,33,24,-27,0
S,124569268,kdn,2158,0,1603,1520,-1976,-880,-16896,31,20,-29,0
S,124579268,kdn,2158,0,1603,1520,-1944,-992,-17000,40,28,-25,0
S,124589268,kdn,2158,0,1603,1520,-1864,-936,-16928,46,27,-23,0
S,124599268,kdn,2158,0,1603,1520,-1968,-928,-16912,38,26,-28,0
S,124609268,kdn,2158,0,1603,1520,-1912,-936,-16936,40,23,-30,0
S,124619268,kdn,2158,0,1603,1520,-2040,-936,-16880,37,23,-31,0
S,124629268,kdn,2158,0,1603,1520,-2056,-856,-17032,40,24,-31,0
S,124639268,kdn,2158,0,1603,1520,-2144,-944,-17000,38,29,-33,0
S,124649268,kdn,2158,0,1603,1520,-2056,-944,-16976,36,18,-30,0
S,124659268,kdn,2158,0,1603,1520,-2072,-984,-17008,33,9,-28,0
S,124669268,kdn,2158,0,1603,1520,-1992,-952,-16968,38,24,-31,0
S,124679268,kdn,2158,0,1603,1520,-1920,-896,-17056,46,29,-22,0
S,124689268,kdn,2158,0,1603,1520,-1920,-888,-16840,45,28,-29,0
S,124699268,kdn,2158,0,1603,1520,-2160,-1072,-17104,29,18,-34,0
S,124709268,kdn,2158,0,1603,1520,-1944,-992,-17000,25,18,-32,0
S,124719268,kdn,2158,0,1603,1520,-1792,-936,-16944,38,28,-25,0
E,124719378,kdn,2159,0,1602,1520,,,,,,,0
S,124720018,kdn,2159,0,1602,1520,-1792,-936,-16944,39,22,-28,0
S,124730005,kdn,2159,0,1602,1520,-1936,-848,-16944,53,33,-24,0
S,124740003,kdn,2159,0,1602,1520,-1912,-984,-16952,39,26,-31,0
S,124750003,kdn,2159,0,1602,1520,-2104,-1088,-16936,38,17,-36,0
S,124760004,kdn,2159,0,1602,1520,-1984,-968,-16896,25,14,-26,0
S,124770003,kdn,2159,0,1602,1520,-1968,-984,-16960,35,20,-29,0
S,124780004,kdn,2159,0,1602,1520,-1952,-800,-17032,53,27,-30,0
S,124790004,kdn,2159,0,1602,1520,-2008,-904,-16944,48,31,-28,0
S,124800004,kdn,2159,0,1602,1520,-1816,-912,-17048,38,20,-26,0
S,124810004,kdn,2159,0,1602,1520,-2080,-912,-16872,29,21,-28,0
S,124820003,kdn,2159,0,1602,1520,-1832,-960,-17136,37,28,-31,0
S,124830004,kdn,2159,0,1602,1520,-1880,-920,-17056,43,31,-34,0
S,124840004,kdn,2159,0,1602,1520,-1936,-872,-17096,43,23,-32,0
S,124850004,kdn,2159,0,1602,1520,-2088,-976,-16912,33,15,-25,0
S,124860004,kdn,2159,0,1602,1520,-1984,-896,-17088,32,19,-30,0
S,124870003,kdn,2159,0,1602,1520,-1920,-1256,-16568,38,22,-25,0
S,124880003,kdn,2159,0,1602,1520,-1896,-776,-17104,40,29,-27,0
S,124890003,kdn,2159,0,1602,1520,-1920,-928,-17008,35,23,-33,0
S,124900004,kdn,2159,0,1602,1520,-1912,-832,-17096,36,20,-29,0
S,124910004,kdn,2159,0,1602,1520,-1992,-1080,-16872,33,17,-29,0
S,124920003,kdn,2159,0,1602,1520,-2080,-1152,-17056,43,32,-30,0
S,124930003,kdn,2159,0,1602,1520,-2056,-832,-17024,48,33,-30,0
S,124940004,kdn,2159,0,1602,1520,-1912,-904,-17184,36,24,-29,0
S,124950004,kdn,2159,0,1602,1520,-1992,-960,-16864,25,20,-25,0
S,124960004,kdn,2159,0,1602,1520,-1848,-984,-17080,25,17,-31,0
S,124970003,kdn,2159,0,1602,1520,-2232,-1072,-16936,52,22,-33,0
E,124970186,kdn,2160,0,1601,1520,,,,,,,0
S,124970825,kdn,2160,0,1601,1520,-1976,-880,-17008,57,25,-32,0
S,124980813,kdn,2160,0,1601,1520,-2472,-840,-17008,53,22,-31,0
S,124990812,kdn,2160,0,1601,1520,-1112,-344,-17048,35,18,-23,0
S,125000812,kdn,2160,0,1601,1520,-856,-624,-16816,33,52,-27,0
S,125010811,kdn,2160,0,1601,1520,-2560,-648,-17264,33,81,-29,0
S,125020811,kdn,2160,0,1601,1520,-1976,-1424,-17064,48,97,-31,0
S,125030811,kdn,2160,0,1601,1520,-2216,-520,-16984,37,72,-29,0
S,125040812,kdn,2160,0,1601,1520,-2440,-1472,-17392,18,55,-38,0
S,125050811,kdn,2160,0,1601,1520,-1760,-744,-16848,38,34,-36,0
S,125060812,kdn,2160,0,1601,1520,-1856,-976,-16808,45,21,-26,0
S,125070811,kdn,2160,0,1601,1520,-2152,-864,-17040,42,11,-30,0
S,125080811,kdn,2160,0,1601,1520,-1728,-1080,-17016,36,9,-25,0
S,125090811,kdn,2160,0,1601,1520,-2080,-776,-16960,37,22,-30,0
S,125100811,kdn,2160,0,1601,1520,-2000,-1008,-17080,28,31,-31,0
S,125110811,kdn,2160,0,1601,1520,-1936,-936,-17080,32,34,-30,0
S,125120812,kdn,2160,0,1601,1520,-1928,-1016,-16848,33,25,-29,0
S,125130811,kdn,2160,0,1601,1520,-1832,-1160,-16976,40,24,-28,0
S,125140812,kdn,2160,0,1601,1520,-2008,-896,-17088,49,26,-24,0
S,125150811,kdn,2160,0,1601,1520,-2040,-864,-17072,45,19,-26,0
S,125160811,kdn,2160,0,1601,1520,-2064,-784,-16992,25,9,-32,0
S,125170812,kdn,2160,0,1601,1520,-1976,-888,-17120,33,18,-30,0
S,125180811,kdn,2160,0,1601,1520,-2072,-1096,-16920,55,32,-26,0
S,125190811,kdn,2160,0,1601,1520,-1776,-1096,-16960,51,44,-27,0
S,125200811,kdn,2160,0,1601,1520,-2056,-944,-16960,28,22,-26,0
S,125210812,kdn,2160,0,1601,1520,-1880,-952,-17168,23,16,-31,0
S,125220812,kdn,2160,0,1601,1520,-1920,-1008,-17048,33,14,-26,0
E,125220994,kdn,2161,0,1600,1520,,,,,,,0
S,125221635,kdn,2161,0,1600,1520,-1792,-856,-16992,33,14,-26,0
S,125231621,kdn,2161,0,1600,1520,-2152,-816,-16904,57,33,-27,0
S,125241619,kdn,2161,0,1600,1520,-1952,-896,-17000,53,33,-29,0
S,125251619,kdn,2161,0,1600,1520,-1904,-824,-16808,26,25,-22,0
S,125261619,kdn,2161,0,1600,1520,-1728,-888,-17008,15,10,-30,0
S,125271619,kdn,2161,0,1600,1520,-1944,-1168,-17048,42,13,-27,0
S,125281619,kdn,2161,0,1600,1520,-1824,-840,-17088,58,24,-31,0
S,125291620,kdn,2161,0,1600,1520,-2040,-944,-17008,48,28,-34,0
S,125301619,kdn,2161,0,1600,1520,-1920,-784,-17024,28,12,-31,0
S,125311619,kdn,2161,0,1600,1520,-1976,-1072,-16984,18,9,-24,0
S,125321620,kdn,2161,0,1600,1520,-1768,-880,-17144,38,26,-27,0
S,125331619,kdn,2161,0,1600,1520,-2120,-1072,-17008,57,39,-26,0
S,125341619,kdn,2161,0,1600,1520,-1928,-920,-16936,45,35,-24,0
S,125351619,kdn,2161,0,1600,1520,-1936,-864,-16976,29,14,-28,0
S,125361619,kdn,2161,0,1600,1520,-2008,-872,-17048,21,13,-30,0
S,125371619,kdn,2161,0,1600,1520,-1816,-1072,-16880,41,19,-25,0
S,125381619,kdn,2161,0,1600,1520,-1792,-960,-17096,55,27,-30,0
S,125391619,kdn,2161,0,1600,1520,-1912,-888,-16928,43,23,-27,0
S,125401619,kdn,2161,0,1600,1520,-1840,-784,-16848,24,17,-28,0
S,125411619,kdn,2161,0,1600,1520,-1904,-952,-17048,27,26,-22,0
S,125421619,kdn,2161,0,1600,1520,-1888,-880,-17144,46,33,-29,0
S,125431619,kdn,2161,0,1600,1520,-2032,-944,-17000,51,33,-31,0
S,125441619,kdn,2161,0,1600,1520,-1960,-928,-17112,30,21,-33,0
S,125451619,kdn,2161,0,1600,1520,-1664,-824,-16968,25,12,-31,0
S,125461619,kdn,2161,0,1600,1520,-1928,-1032,-16952,43,18,-23,0
S,125471620,kdn,2161,0,1600,1520,-1992,-1016,-16848,47,25,-35,0
#META i2c_err_at_end=0
# TEST_K_END
