rec,t_us,phase,seq,axis,cmd_a,cmd_b,ax,ay,az,gx,gy,gz,flags
E,16489,zero,-1,0,1520,1520,,,,,,,0
S,1519754,zero,-1,0,1520,1520,-368,-992,-17096,41,23,-27,0
S,1524703,zero,-1,0,1520,1520,-336,-1096,-17144,37,22,-28,0
S,1529701,zero,-1,0,1520,1520,-312,-1024,-16960,31,23,-30,0
S,1534700,zero,-1,0,1520,1520,-344,-1048,-17136,44,21,-33,0
S,1539701,zero,-1,0,1520,1520,-360,-960,-17016,39,22,-24,0
S,1544700,zero,-1,0,1520,1520,-392,-920,-17008,40,19,-29,0
S,1549702,zero,-1,0,1520,1520,-504,-1024,-17072,40,22,-31,0
S,1554700,zero,-1,0,1520,1520,-280,-816,-17056,36,19,-34,0
S,1559701,zero,-1,0,1520,1520,-488,-936,-17152,37,26,-23,0
S,1564700,zero,-1,0,1520,1520,-336,-960,-17080,37,27,-27,0
S,1569701,zero,-1,0,1520,1520,-384,-1080,-17112,40,26,-27,0
S,1574700,zero,-1,0,1520,1520,-328,-872,-17120,39,24,-27,0
S,1579701,zero,-1,0,1520,1520,-440,-976,-17048,41,22,-31,0
S,1584700,zero,-1,0,1520,1520,-296,-1072,-17096,39,25,-32,0
S,1589701,zero,-1,0,1520,1520,-248,-928,-16976,43,24,-35,0
S,1594700,zero,-1,0,1520,1520,-400,-856,-16968,37,26,-26,0
S,1599701,zero,-1,0,1520,1520,-456,-944,-16952,39,25,-25,0
S,1604700,zero,-1,0,1520,1520,-432,-976,-17136,43,24,-31,0
S,1609701,zero,-1,0,1520,1520,-336,-1048,-17120,36,25,-29,0
S,1614700,zero,-1,0,1520,1520,-400,-808,-17104,35,22,-32,0
S,1619702,zero,-1,0,1520,1520,-424,-1056,-17136,45,20,-27,0
S,1624700,zero,-1,0,1520,1520,-528,-992,-17160,38,22,-30,0
S,1629701,zero,-1,0,1520,1520,-344,-976,-17072,37,26,-30,0
S,1634700,zero,-1,0,1520,1520,-384,-952,-17176,36,22,-28,0
S,1639701,zero,-1,0,1520,1520,-384,-992,-17120,39,20,-28,0
S,1644700,zero,-1,0,1520,1520,-472,-920,-17080,39,30,-28,0
S,1649701,zero,-1,0,1520,1520,-416,-968,-17144,33,21,-25,0
S,1654700,zero,-1,0,1520,1520,-312,-920,-17144,39,23,-28,0
S,1659701,zero,-1,0,1520,1520,-432,-1032,-17016,34,20,-29,0
S,1664700,zero,-1,0,1520,1520,-512,-944,-17024,38,23,-28,0
S,1669701,zero,-1,0,1520,1520,-496,-984,-17048,46,16,-29,0
S,1674700,zero,-1,0,1520,1520,-344,-808,-17176,33,19,-32,0
S,1679701,zero,-1,0,1520,1520,-416,-960,-17032,39,26,-26,0
S,1684700,zero,-1,0,1520,1520,-408,-976,-17128,37,26,-33,0
S,1689701,zero,-1,0,1520,1520,-272,-1000,-17056,35,20,-29,0
S,1694700,zero,-1,0,1520,1520,-424,-968,-17072,41,27,-24,0
S,1699701,zero,-1,0,1520,1520,-424,-864,-17008,33,20,-35,0
S,1704700,zero,-1,0,1520,1520,-376,-968,-17128,36,19,-25,0
S,1709701,zero,-1,0,1520,1520,-368,-920,-16960,36,21,-29,0
S,1714700,zero,-1,0,1520,1520,-352,-984,-17104,34,27,-29,0
S,1719702,zero,-1,0,1520,1520,-456,-1016,-17080,38,18,-29,0
S,1724700,zero,-1,0,1520,1520,-400,-976,-17264,34,22,-29,0
S,1729701,zero,-1,0,1520,1520,-392,-960,-17168,32,26,-25,0
S,1734700,zero,-1,0,1520,1520,-328,-1016,-17080,34,16,-27,0
S,1739701,zero,-1,0,1520,1520,-280,-1048,-17192,40,16,-32,0
S,1744700,zero,-1,0,1520,1520,-352,-952,-17120,36,20,-30,0
S,1749701,zero,-1,0,1520,1520,-400,-952,-17056,31,28,-24,0
S,1754700,zero,-1,0,1520,1520,-440,-960,-17008,40,26,-28,0
S,1759702,zero,-1,0,1520,1520,-352,-984,-17168,37,23,-31,0
S,1764700,zero,-1,0,1520,1520,-352,-944,-17160,40,25,-35,0
S,1769701,zero,-1,0,1520,1520,-376,-968,-17080,37,16,-27,0
S,1774700,zero,-1,0,1520,1520,-360,-1016,-17080,31,26,-32,0
S,1779701,zero,-1,0,1520,1520,-264,-864,-16960,36,29,-30,0
S,1784700,zero,-1,0,1520,1520,-368,-992,-17064,40,22,-34,0
S,1789702,zero,-1,0,1520,1520,-440,-1048,-17104,42,19,-28,0
S,1794700,zero,-1,0,1520,1520,-336,-968,-17072,43,24,-25,0
S,1799701,zero,-1,0,1520,1520,-352,-1040,-16984,39,22,-27,0
S,1804700,zero,-1,0,1520,1520,-320,-1032,-17264,35,24,-28,0
S,1809701,zero,-1,0,1520,1520,-344,-920,-17000,45,24,-33,0
S,1814700,zero,-1,0,1520,1520,-384,-984,-17160,35,22,-33,0
S,1819701,zero,-1,0,1520,1520,-432,-1056,-17128,38,12,-28,0
S,1824700,zero,-1,0,1520,1520,-368,-976,-17056,34,23,-29,0
S,1829701,zero,-1,0,1520,1520,-416,-960,-17032,37,21,-27,0
S,1834700,zero,-1,0,1520,1520,-416,-992,-17120,41,20,-29,0
S,1839702,zero,-1,0,1520,1520,-504,-1016,-17120,33,22,-28,0
S,1844700,zero,-1,0,1520,1520,-536,-1024,-16976,38,25,-38,0
S,1849701,zero,-1,0,1520,1520,-320,-936,-17056,41,26,-33,0
S,1854700,zero,-1,0,1520,1520,-432,-1040,-17056,42,25,-27,0
S,1859701,zero,-1,0,1520,1520,-328,-976,-17192,40,24,-30,0
S,1864700,zero,-1,0,1520,1520,-368,-984,-17120,44,19,-27,0
S,1869701,zero,-1,0,1520,1520,-440,-984,-17048,39,18,-27,0
S,1874700,zero,-1,0,1520,1520,-424,-1096,-17144,40,21,-28,0
S,1879701,zero,-1,0,1520,1520,-464,-888,-17008,35,25,-32,0
S,1884700,zero,-1,0,1520,1520,-472,-928,-17104,34,24,-29,0
S,1889701,zero,-1,0,1520,1520,-352,-856,-17032,37,21,-37,0
S,1894700,zero,-1,0,1520,1520,-304,-1040,-17048,39,25,-33,0
S,1899701,zero,-1,0,1520,1520,-320,-936,-17096,38,23,-26,0
S,1904700,zero,-1,0,1520,1520,-360,-992,-17096,40,22,-32,0
S,1909702,zero,-1,0,1520,1520,-336,-960,-17104,40,25,-30,0
S,1914700,zero,-1,0,1520,1520,-512,-1064,-17176,41,25,-31,0
S,1919701,zero,-1,0,1520,1520,-248,-1032,-17104,37,25,-32,0
S,1924700,zero,-1,0,1520,1520,-352,-1128,-17120,34,23,-32,0
S,1929701,zero,-1,0,1520,1520,-328,-1096,-17144,41,24,-29,0
S,1934700,zero,-1,0,1520,1520,-416,-984,-17080,41,25,-28,0
S,1939701,zero,-1,0,1520,1520,-416,-1032,-17072,36,23,-32,0
S,1944700,zero,-1,0,1520,1520,-368,-1048,-17192,39,19,-28,0
S,1949701,zero,-1,0,1520,1520,-320,-1000,-17152,38,27,-27,0
S,1954700,zero,-1,0,1520,1520,-424,-1016,-17120,41,20,-31,0
S,1959701,zero,-1,0,1520,1520,-176,-992,-17040,32,25,-26,0
S,1964700,zero,-1,0,1520,1520,-328,-984,-17112,36,20,-28,0
S,1969701,zero,-1,0,1520,1520,-416,-1032,-17096,37,25,-31,0
S,1974700,zero,-1,0,1520,1520,-352,-1096,-17112,38,22,-28,0
S,1979702,zero,-1,0,1520,1520,-416,-1000,-17144,34,22,-25,0
S,1984700,zero,-1,0,1520,1520,-328,-968,-17088,34,19,-28,0
S,1989701,zero,-1,0,1520,1520,-272,-1040,-17176,40,27,-33,0
S,1994700,zero,-1,0,1520,1520,-432,-1072,-17112,36,21,-32,0
S,1999701,zero,-1,0,1520,1520,-512,-1128,-17152,41,21,-25,0
S,2004700,zero,-1,0,1520,1520,-440,-1024,-17248,43,21,-32,0
S,2009701,zero,-1,0,1520,1520,-432,-880,-17064,39,20,-26,0
S,2014700,zero,-1,0,1520,1520,-384,-1048,-17136,39,22,-34,0
S,2019702,zero,-1,0,1520,1520,-376,-1016,-17040,38,24,-27,0
S,2024700,zero,-1,0,1520,1520,-360,-1104,-17040,37,21,-31,0
S,2029701,zero,-1,0,1520,1520,-472,-976,-17160,38,19,-30,0
S,2034700,zero,-1,0,1520,1520,-416,-1104,-17152,41,19,-29,0
S,2039701,zero,-1,0,1520,1520,-400,-1096,-17112,36,23,-27,0
S,2044700,zero,-1,0,1520,1520,-312,-976,-17112,37,26,-32,0
S,2049701,zero,-1,0,1520,1520,-408,-960,-17112,39,21,-23,0
S,2054700,zero,-1,0,1520,1520,-328,-1080,-17128,36,20,-29,0
S,2059701,zero,-1,0,1520,1520,-408,-1008,-17152,31,28,-33,0
S,2064700,zero,-1,0,1520,1520,-432,-1016,-17168,36,25,-27,0
S,2069701,zero,-1,0,1520,1520,-480,-856,-17048,36,25,-27,0
S,2074700,zero,-1,0,1520,1520,-488,-880,-17120,31,25,-27,0
S,2079702,zero,-1,0,1520,1520,-376,-936,-17032,32,19,-35,0
S,2084700,zero,-1,0,1520,1520,-360,-952,-16952,36,21,-22,0
S,2089702,zero,-1,0,1520,1520,-464,-944,-17144,39,20,-34,0
S,2094700,zero,-1,0,1520,1520,-352,-976,-17184,35,23,-34,0
S,2099701,zero,-1,0,1520,1520,-400,-928,-17160,43,24,-27,0
S,2104700,zero,-1,0,1520,1520,-280,-920,-17208,39,23,-31,0
S,2109701,zero,-1,0,1520,1520,-376,-1000,-17040,43,23,-33,0
S,2114700,zero,-1,0,1520,1520,-368,-1112,-17016,38,23,-33,0
S,2119701,zero,-1,0,1520,1520,-352,-968,-17128,35,20,-27,0
S,2124700,zero,-1,0,1520,1520,-392,-1152,-17160,42,26,-31,0
S,2129701,zero,-1,0,1520,1520,-552,-976,-17216,38,25,-25,0
S,2134700,zero,-1,0,1520,1520,-352,-928,-17112,35,25,-27,0
S,2139701,zero,-1,0,1520,1520,-312,-928,-17128,43,24,-32,0
S,2144700,zero,-1,0,1520,1520,-352,-1096,-17064,39,20,-31,0
S,2149702,zero,-1,0,1520,1520,-488,-960,-17056,42,24,-29,0
S,2154700,zero,-1,0,1520,1520,-472,-928,-17088,37,17,-25,0
S,2159701,zero,-1,0,1520,1520,-456,-1032,-17040,42,21,-32,0
S,2164700,zero,-1,0,1520,1520,-440,-1096,-17136,36,20,-34,0
S,2169701,zero,-1,0,1520,1520,-352,-880,-17048,37,20,-32,0
S,2174700,zero,-1,0,1520,1520,-424,-936,-17056,37,20,-29,0
S,2179701,zero,-1,0,1520,1520,-384,-992,-17000,40,25,-33,0
S,2184700,zero,-1,0,1520,1520,-288,-1000,-17184,40,23,-27,0
S,2189701,zero,-1,0,1520,1520,-288,-1080,-17160,36,23,-30,0
S,2194700,zero,-1,0,1520,1520,-392,-944,-17104,37,26,-28,0
S,2199701,zero,-1,0,1520,1520,-376,-1128,-17016,38,27,-25,0
S,2204700,zero,-1,0,1520,1520,-400,-1040,-17152,46,23,-29,0
S,2209701,zero,-1,0,1520,1520,-392,-960,-17032,37,28,-27,0
S,2214700,zero,-1,0,1520,1520,-304,-1032,-17080,40,26,-27,0
S,2219702,zero,-1,0,1520,1520,-432,-896,-17144,37,19,-31,0
S,2224700,zero,-1,0,1520,1520,-424,-904,-17168,37,22,-33,0
S,2229701,zero,-1,0,1520,1520,-352,-880,-17072,37,14,-25,0
S,2234700,zero,-1,0,1520,1520,-424,-904,-17064,34,23,-31,0
S,2239701,zero,-1,0,1520,1520,-312,-952,-17096,39,21,-31,0
S,2244700,zero,-1,0,1520,1520,-320,-1000,-17064,39,26,-27,0
S,2249701,zero,-1,0,1520,1520,-336,-1056,-16992,45,16,-24,0
S,2254700,zero,-1,0,1520,1520,-472,-888,-17064,41,26,-32,0
S,2259701,zero,-1,0,1520,1520,-440,-1048,-17184,42,22,-22,0
S,2264700,zero,-1,0,1520,1520,-432,-992,-17152,40,23,-31,0
S,2269701,zero,-1,0,1520,1520,-344,-864,-17104,33,20,-30,0
S,2274700,zero,-1,0,1520,1520,-384,-1016,-16960,35,24,-31,0
S,2279701,zero,-1,0,1520,1520,-360,-1008,-17200,39,24,-25,0
S,2284700,zero,-1,0,1520,1520,-344,-936,-17128,36,24,-28,0
S,2289701,zero,-1,0,1520,1520,-456,-1056,-17144,34,26,-35,0
S,2294700,zero,-1,0,1520,1520,-496,-888,-17048,43,23,-31,0
S,2299701,zero,-1,0,1520,1520,-520,-968,-17064,43,25,-24,0
S,2304700,zero,-1,0,1520,1520,-480,-1040,-17128,43,22,-30,0
S,2309701,zero,-1,0,1520,1520,-408,-992,-17112,37,18,-28,0
S,2314700,zero,-1,0,1520,1520,-328,-1032,-17136,37,11,-27,0
S,2319701,zero,-1,0,1520,1520,-424,-992,-17144,42,26,-30,0
S,2324700,zero,-1,0,1520,1520,-416,-848,-16984,39,21,-31,0
S,2329702,zero,-1,0,1520,1520,-376,-984,-17120,39,25,-28,0
S,2334700,zero,-1,0,1520,1520,-416,-920,-17016,40,25,-23,0
S,2339701,zero,-1,0,1520,1520,-416,-1016,-17024,38,26,-33,0
S,2344700,zero,-1,0,1520,1520,-432,-888,-17136,42,18,-23,0
S,2349701,zero,-1,0,1520,1520,-336,-992,-17184,38,23,-34,0
S,2354700,zero,-1,0,1520,1520,-424,-1080,-17048,40,22,-28,0
S,2359701,zero,-1,0,1520,1520,-376,-1008,-17208,41,16,-32,0
S,2364700,zero,-1,0,1520,1520,-280,-1056,-17040,42,15,-32,0
S,2369701,zero,-1,0,1520,1520,-392,-1040,-17056,37,22,-32,0
S,2374700,zero,-1,0,1520,1520,-328,-1008,-17120,39,23,-36,0
S,2379701,zero,-1,0,1520,1520,-256,-1024,-17072,38,28,-24,0
S,2384700,zero,-1,0,1520,1520,-328,-984,-17120,39,25,-28,0
S,2389702,zero,-1,0,1520,1520,-416,-888,-17128,32,25,-23,0
S,2394700,zero,-1,0,1520,1520,-472,-1072,-17136,38,26,-32,0
S,2399701,zero,-1,0,1520,1520,-496,-1032,-17112,30,24,-27,0
S,2404700,zero,-1,0,1520,1520,-392,-1040,-17232,34,21,-27,0
S,2409701,zero,-1,0,1520,1520,-392,-1120,-17184,38,22,-30,0
S,2414700,zero,-1,0,1520,1520,-416,-1000,-17152,42,19,-27,0
S,2419701,zero,-1,0,1520,1520,-432,-1000,-17024,44,23,-26,0
S,2424700,zero,-1,0,1520,1520,-304,-992,-17184,43,22,-30,0
S,2429702,zero,-1,0,1520,1520,-352,-1000,-17072,47,23,-32,0
S,2434700,zero,-1,0,1520,1520,-248,-1040,-17040,36,25,-33,0
S,2439701,zero,-1,0,1520,1520,-384,-992,-17040,34,32,-27,0
S,2444700,zero,-1,0,1520,1520,-416,-976,-17072,41,25,-35,0
S,2449701,zero,-1,0,1520,1520,-344,-1032,-17128,36,26,-30,0
S,2454700,zero,-1,0,1520,1520,-368,-944,-17184,40,20,-31,0
S,2459701,zero,-1,0,1520,1520,-416,-1000,-17016,31,20,-26,0
S,2464700,zero,-1,0,1520,1520,-392,-1128,-17096,37,24,-27,0
S,2469702,zero,-1,0,1520,1520,-456,-1024,-17136,34,22,-32,0
S,2474700,zero,-1,0,1520,1520,-368,-976,-17112,39,23,-28,0
S,2479701,zero,-1,0,1520,1520,-320,-1000,-17056,46,22,-31,0
S,2484700,zero,-1,0,1520,1520,-312,-1096,-17072,45,21,-23,0
S,2489701,zero,-1,0,1520,1520,-456,-960,-16872,37,25,-30,0
S,2494700,zero,-1,0,1520,1520,-360,-928,-17200,35,23,-30,0
S,2499701,zero,-1,0,1520,1520,-360,-936,-17080,36,24,-33,0
S,2504700,zero,-1,0,1520,1520,-448,-1008,-17128,30,27,-30,0
S,2509701,zero,-1,0,1520,1520,-376,-1000,-17072,35,28,-29,0
S,2514700,zero,-1,0,1520,1520,-320,-968,-17144,36,27,-27,0
S,2519702,zero,-1,0,1520,1520,-384,-1096,-17168,35,28,-31,0
E,2519806,up,-1,0,1370,1520,,,,,,,0
E,4019168,up,0,0,1370,1520,,,,,,,0
S,4019794,up,0,0,1370,1520,2200,-1032,-17136,38,24,-31,0
S,4024783,up,0,0,1370,1520,2168,-952,-17072,38,27,-27,0
S,4029782,up,0,0,1370,1520,2200,-856,-16920,30,23,-31,0
S,4034782,up,0,0,1370,1520,2224,-1168,-16968,43,25,-28,0
S,4039782,up,0,0,1370,1520,2144,-832,-16896,38,28,-27,0
S,4044782,up,0,0,1370,1520,2272,-864,-17000,36,22,-29,0
S,4049782,up,0,0,1370,1520,2248,-896,-16928,40,21,-29,0
S,4054782,up,0,0,1370,1520,2256,-1064,-17080,38,26,-32,0
S,4059782,up,0,0,1370,1520,2216,-1048,-16992,34,21,-25,0
S,4064782,up,0,0,1370,1520,2248,-1008,-16944,41,19,-24,0
S,4069782,up,0,0,1370,1520,2248,-912,-16952,37,23,-34,0
S,4074782,up,0,0,1370,1520,2176,-1008,-16992,39,20,-27,0
S,4079782,up,0,0,1370,1520,2144,-912,-17040,31,23,-30,0
S,4084782,up,0,0,1370,1520,2096,-1040,-17064,37,22,-33,0
S,4089782,up,0,0,1370,1520,2208,-872,-16968,34,28,-26,0
S,4094782,up,0,0,1370,1520,2208,-896,-16848,37,25,-27,0
S,4099782,up,0,0,1370,1520,2168,-1040,-16904,38,24,-25,0
S,4104782,up,0,0,1370,1520,2208,-1032,-16944,42,29,-27,0
S,4109782,up,0,0,1370,1520,2184,-856,-17008,33,23,-30,0
S,4114782,up,0,0,1370,1520,2200,-912,-16952,35,23,-29,0
S,4119782,up,0,0,1370,1520,2136,-976,-16920,34,23,-33,0
S,4124782,up,0,0,1370,1520,2184,-984,-16920,39,20,-26,0
S,4129782,up,0,0,1370,1520,2184,-984,-17040,38,22,-29,0
S,4134782,up,0,0,1370,1520,2160,-976,-16984,36,18,-31,0
S,4139782,up,0,0,1370,1520,2224,-976,-16920,40,22,-34,0
S,4144782,up,0,0,1370,1520,2312,-944,-16832,44,22,-31,0
S,4149782,up,0,0,1370,1520,2352,-904,-16920,36,19,-28,0
S,4154782,up,0,0,1370,1520,2128,-1024,-16944,36,22,-32,0
S,4159782,up,0,0,1370,1520,2176,-992,-16904,39,27,-25,0
S,4164782,up,0,0,1370,1520,2208,-1024,-16912,35,20,-30,0
S,4169782,up,0,0,1370,1520,2112,-864,-16928,37,24,-21,0
S,4174782,up,0,0,1370,1520,2136,-1000,-16808,37,22,-30,0
S,4179782,up,0,0,1370,1520,2200,-896,-16992,39,23,-31,0
S,4184782,up,0,0,1370,1520,2248,-1096,-16896,34,24,-30,0
S,4189782,up,0,0,1370,1520,2120,-984,-17024,35,17,-34,0
S,4194782,up,0,0,1370,1520,2216,-952,-17032,36,20,-30,0
S,4199782,up,0,0,1370,1520,2160,-1016,-17104,36,29,-38,0
S,4204782,up,0,0,1370,1520,2280,-1024,-16936,42,23,-31,0
S,4209782,up,0,0,1370,1520,2120,-960,-16968,39,24,-29,0
S,4214782,up,0,0,1370,1520,2232,-1000,-16920,38,25,-32,0
S,4219782,up,0,0,1370,1520,2152,-1032,-16984,34,26,-28,0
S,4224782,up,0,0,1370,1520,2104,-1040,-16928,37,22,-24,0
S,4229782,up,0,0,1370,1520,2200,-1040,-16952,39,22,-23,0
S,4234782,up,0,0,1370,1520,2144,-944,-16992,33,21,-28,0
S,4239782,up,0,0,1370,1520,2288,-984,-16944,41,24,-31,0
S,4244782,up,0,0,1370,1520,2200,-1056,-17016,32,23,-30,0
S,4249782,up,0,0,1370,1520,2200,-872,-17040,35,19,-31,0
S,4254782,up,0,0,1370,1520,2232,-864,-16848,39,19,-29,0
S,4259782,up,0,0,1370,1520,2248,-984,-16960,42,17,-29,0
S,4264782,up,0,0,1370,1520,2128,-912,-16952,42,27,-28,0
S,4269782,up,0,0,1370,1520,2160,-968,-16816,33,23,-24,0
S,4274782,up,0,0,1370,1520,2160,-992,-16992,36,28,-24,0
S,4279782,up,0,0,1370,1520,2176,-1048,-16920,33,26,-28,0
S,4284782,up,0,0,1370,1520,2096,-944,-17072,33,24,-32,0
S,4289782,up,0,0,1370,1520,2168,-1024,-17032,39,21,-29,0
S,4294782,up,0,0,1370,1520,2256,-912,-17080,38,22,-29,0
S,4299782,up,0,0,1370,1520,2096,-976,-16880,34,22,-23,0
S,4304782,up,0,0,1370,1520,2200,-1008,-16968,39,22,-34,0
S,4309782,up,0,0,1370,1520,2240,-960,-17008,35,25,-30,0
S,4314782,up,0,0,1370,1520,2208,-864,-16968,32,25,-25,0
S,4319782,up,0,0,1370,1520,2080,-1000,-16960,34,20,-34,0
S,4324782,up,0,0,1370,1520,2256,-1024,-16896,41,22,-26,0
S,4329782,up,0,0,1370,1520,2192,-936,-16968,33,17,-26,0
S,4334782,up,0,0,1370,1520,2176,-1024,-16864,35,20,-32,0
S,4339782,up,0,0,1370,1520,2192,-1048,-16928,37,22,-29,0
S,4344782,up,0,0,1370,1520,2288,-976,-16912,38,21,-24,0
S,4349782,up,0,0,1370,1520,2168,-912,-17016,36,24,-30,0
S,4354782,up,0,0,1370,1520,2328,-904,-16936,35,25,-24,0
S,4359782,up,0,0,1370,1520,2144,-968,-16992,37,23,-25,0
S,4364782,up,0,0,1370,1520,2184,-920,-16864,37,27,-30,0
S,4369782,up,0,0,1370,1520,2224,-1048,-16808,43,28,-26,0
S,4374782,up,0,0,1370,1520,2312,-904,-16928,38,27,-25,0
S,4379782,up,0,0,1370,1520,2216,-1048,-16960,36,24,-30,0
S,4384782,up,0,0,1370,1520,2120,-960,-17096,35,17,-29,0
S,4389782,up,0,0,1370,1520,2200,-904,-16904,41,28,-24,0
S,4394782,up,0,0,1370,1520,2200,-904,-16856,42,20,-26,0
S,4399782,up,0,0,1370,1520,2000,-1096,-16896,30,17,-24,0
S,4404782,up,0,0,1370,1520,2272,-1032,-16832,41,25,-28,0
S,4409782,up,0,0,1370,1520,2256,-992,-16920,35,25,-31,0
S,4414782,up,0,0,1370,1520,2264,-928,-16952,34,29,-34,0
S,4419782,up,0,0,1370,1520,2088,-968,-16992,33,23,-29,0
S,4424782,up,0,0,1370,1520,2160,-928,-17072,37,26,-32,0
S,4429782,up,0,0,1370,1520,2232,-920,-16952,31,24,-28,0
S,4434782,up,0,0,1370,1520,2304,-1040,-16944,33,23,-31,0
S,4439782,up,0,0,1370,1520,2360,-992,-16912,38,21,-29,0
S,4444782,up,0,0,1370,1520,2248,-920,-17000,43,25,-28,0
S,4449782,up,0,0,1370,1520,2176,-888,-17112,36,19,-28,0
S,4454782,up,0,0,1370,1520,2352,-848,-17048,34,15,-26,0
S,4459782,up,0,0,1370,1520,2272,-976,-16952,36,24,-30,0
S,4464782,up,0,0,1370,1520,2184,-920,-16984,36,23,-27,0
S,4469783,up,0,0,1370,1520,2112,-880,-16944,33,23,-31,0
S,4474782,up,0,0,1370,1520,2152,-912,-17088,32,22,-29,0
S,4479782,up,0,0,1370,1520,2128,-920,-16912,32,24,-32,0
S,4484782,up,0,0,1370,1520,2104,-1080,-16816,35,21,-27,0
S,4489782,up,0,0,1370,1520,2216,-856,-16992,38,23,-27,0
S,4494782,up,0,0,1370,1520,2200,-920,-16880,42,21,-25,0
S,4499782,up,0,0,1370,1520,2160,-952,-16952,35,28,-32,0
S,4504782,up,0,0,1370,1520,2112,-952,-16872,38,24,-26,0
S,4509782,up,0,0,1370,1520,2128,-976,-17088,33,24,-31,0
S,4514783,up,0,0,1370,1520,2208,-952,-16896,38,26,-37,0
S,4519782,up,0,0,1370,1520,2144,-1064,-16888,36,21,-29,0
E,4519883,up,1,0,1380,1520,,,,,,,0
S,4520514,up,1,0,1380,1520,2296,-896,-16888,40,24,-29,0
S,4525504,up,1,0,1380,1520,2184,-976,-16880,39,27,-26,0
S,4530503,up,1,0,1380,1520,2248,-960,-16888,40,28,-31,0
S,4535503,up,1,0,1380,1520,2336,-912,-17176,39,20,-29,0
S,4540503,up,1,0,1380,1520,2904,-992,-16840,32,22,-8,0
S,4545503,up,1,0,1380,1520,2432,-2480,-16840,31,16,-61,0
S,4550503,up,1,0,1380,1520,2376,80,-17120,38,15,-13,0
S,4555503,up,1,0,1380,1520,1536,-1824,-16864,39,2,-31,0
S,4560503,up,1,0,1380,1520,280,-552,-17152,36,1,-18,0
S,4565503,up,1,0,1380,1520,560,-1168,-17048,29,-49,-184,0
S,4570503,up,1,0,1380,1520,7864,-1496,-15600,31,-13,-10,0
S,4575503,up,1,0,1380,1520,3184,-816,-17600,22,-52,10,0
S,4580503,up,1,0,1380,1520,792,-1624,-16560,31,-45,-12,0
S,4585503,up,1,0,1380,1520,984,856,-16984,38,-40,-21,0
S,4590503,up,1,0,1380,1520,3096,-1536,-16960,39,-42,-35,0
S,4595503,up,1,0,1380,1520,2336,-1880,-16888,38,-38,-15,0
S,4600503,up,1,0,1380,1520,1920,-416,-16704,45,-30,-8,0
S,4605503,up,1,0,1380,1520,2072,-856,-17112,49,-11,-19,0
S,4610503,up,1,0,1380,1520,2224,-1488,-16800,55,16,-21,0
S,4615503,up,1,0,1380,1520,2224,-984,-16984,44,38,-27,0
S,4620503,up,1,0,1380,1520,1880,-632,-16832,35,59,-32,0
S,4625503,up,1,0,1380,1520,2216,-1256,-16904,38,75,-33,0
S,4630503,up,1,0,1380,1520,2320,-928,-16936,22,75,-33,0
S,4635503,up,1,0,1380,1520,1984,-864,-17048,21,70,-33,0
S,4640503,up,1,0,1380,1520,2256,-1000,-16912,17,66,-32,0
S,4645503,up,1,0,1380,1520,1960,-904,-16848,23,55,-35,0
S,4650503,up,1,0,1380,1520,2104,-1016,-16840,34,43,-34,0
S,4655503,up,1,0,1380,1520,2216,-984,-16936,46,24,-32,0
S,4660503,up,1,0,1380,1520,2232,-872,-16976,48,10,-25,0
S,4665503,up,1,0,1380,1520,2200,-992,-17008,48,3,-31,0
S,4670502,up,1,0,1380,1520,2080,-960,-16904,47,-2,-29,0
S,4675503,up,1,0,1380,1520,2184,-944,-16872,45,-9,-26,0
S,4680502,up,1,0,1380,1520,2096,-904,-17008,37,-1,-27,0
S,4685503,up,1,0,1380,1520,2176,-1024,-16904,36,6,-31,0
S,4690503,up,1,0,1380,1520,2184,-984,-17000,35,6,-31,0
S,4695503,up,1,0,1380,1520,2144,-912,-16944,35,16,-20,0
S,4700503,up,1,0,1380,1520,2240,-920,-16912,33,26,-30,0
S,4705503,up,1,0,1380,1520,2072,-912,-16864,37,30,-35,0
S,4710503,up,1,0,1380,1520,2160,-944,-16928,35,41,-33,0
S,4715503,up,1,0,1380,1520,2264,-928,-16952,48,46,-30,0
S,4720503,up,1,0,1380,1520,2064,-976,-16928,42,39,-34,0
S,4725503,up,1,0,1380,1520,2056,-1088,-16824,37,32,-33,0
S,4730503,up,1,0,1380,1520,2080,-1072,-16960,31,26,-28,0
S,4735503,up,1,0,1380,1520,2080,-1016,-16904,30,24,-29,0
S,4740503,up,1,0,1380,1520,2232,-920,-16952,37,17,-28,0
S,4745503,up,1,0,1380,1520,2168,-1008,-16896,39,10,-29,0
S,4750503,up,1,0,1380,1520,2088,-1000,-16952,36,12,-28,0
S,4755503,up,1,0,1380,1520,2200,-1024,-16800,33,12,-27,0
S,4760503,up,1,0,1380,1520,2272,-968,-17016,48,13,-30,0
S,4765503,up,1,0,1380,1520,2240,-1000,-16960,46,14,-31,0
S,4770503,up,1,0,1380,1520,2136,-960,-16800,40,18,-36,0
S,4775503,up,1,0,1380,1520,2064,-1040,-16984,40,25,-29,0
S,4780503,up,1,0,1380,1520,2216,-1072,-16896,31,24,-34,0
S,4785503,up,1,0,1380,1520,2160,-1016,-17008,33,29,-26,0
S,4790503,up,1,0,1380,1520,2144,-1128,-16968,30,32,-32,0
S,4795503,up,1,0,1380,1520,2192,-920,-16792,30,32,-30,0
S,4800503,up,1,0,1380,1520,2120,-1048,-16952,38,29,-29,0
S,4805503,up,1,0,1380,1520,2168,-960,-16960,35,27,-24,0
S,4810503,up,1,0,1380,1520,2128,-960,-16952,36,24,-22,0
S,4815503,up,1,0,1380,1520,2128,-1040,-17000,37,18,-29,0
S,4820503,up,1,0,1380,1520,2296,-848,-16808,38,15,-32,0
S,4825503,up,1,0,1380,1520,2152,-936,-17016,44,13,-30,0
S,4830503,up,1,0,1380,1520,2024,-920,-16872,35,16,-30,0
S,4835503,up,1,0,1380,1520,2176,-768,-16944,31,17,-28,0
S,4840503,up,1,0,1380,1520,2224,-904,-16936,32,15,-30,0
S,4845503,up,1,0,1380,1520,2184,-888,-16952,31,19,-29,0
S,4850503,up,1,0,1380,1520,2096,-976,-16864,33,22,-24,0
S,4855503,up,1,0,1380,1520,2232,-1016,-16920,32,28,-30,0
S,4860503,up,1,0,1380,1520,2112,-960,-16976,39,30,-27,0
S,4865503,up,1,0,1380,1520,2176,-944,-16920,36,26,-24,0
S,4870503,up,1,0,1380,1520,2144,-1064,-16976,40,26,-35,0
S,4875503,up,1,0,1380,1520,2232,-976,-16944,35,25,-34,0
S,4880503,up,1,0,1380,1520,2112,-1008,-16896,36,24,-32,0
S,4885503,up,1,0,1380,1520,2224,-952,-16936,31,17,-31,0
S,4890503,up,1,0,1380,1520,2080,-920,-16936,41,21,-30,0
S,4895503,up,1,0,1380,1520,2160,-992,-16888,39,22,-29,0
S,4900503,up,1,0,1380,1520,2272,-960,-16944,39,17,-26,0
S,4905503,up,1,0,1380,1520,2208,-960,-16960,37,17,-27,0
S,4910503,up,1,0,1380,1520,2288,-968,-17016,36,18,-36,0
S,4915503,up,1,0,1380,1520,2008,-944,-16968,42,24,-35,0
S,4920503,up,1,0,1380,1520,2232,-1000,-16992,37,22,-29,0
S,4925503,up,1,0,1380,1520,2176,-944,-16960,35,24,-32,0
S,4930503,up,1,0,1380,1520,2104,-984,-16944,34,21,-30,0
S,4935503,up,1,0,1380,1520,2256,-920,-16832,31,22,-29,0
S,4940503,up,1,0,1380,1520,2136,-912,-16976,35,21,-31,0
S,4945503,up,1,0,1380,1520,2128,-1024,-17072,32,24,-29,0
S,4950503,up,1,0,1380,1520,2144,-1024,-17064,34,23,-31,0
S,4955503,up,1,0,1380,1520,2176,-960,-16864,36,28,-28,0
S,4960503,up,1,0,1380,1520,2224,-984,-17048,39,24,-31,0
S,4965503,up,1,0,1380,1520,2208,-968,-16928,44,22,-32,0
S,4970503,up,1,0,1380,1520,2120,-1040,-16944,37,18,-28,0
S,4975503,up,1,0,1380,1520,2152,-984,-16944,42,19,-30,0
S,4980503,up,1,0,1380,1520,2144,-944,-16808,38,23,-25,0
S,4985503,up,1,0,1380,1520,2232,-912,-17080,37,20,-29,0
S,4990503,up,1,0,1380,1520,1952,-1016,-16928,39,23,-26,0
S,4995503,up,1,0,1380,1520,2216,-1112,-16912,29,18,-26,0
S,5000503,up,1,0,1380,1520,2144,-1048,-16952,36,25,-32,0
S,5005503,up,1,0,1380,1520,2216,-872,-16936,35,26,-27,0
S,5010503,up,1,0,1380,1520,2120,-928,-16888,41,26,-20,0
S,5015503,up,1,0,1380,1520,2080,-1048,-16864,41,25,-17,0
S,5020503,up,1,0,1380,1520,2176,-832,-16936,42,25,-31,0
E,5020604,up,2,0,1390,1520,,,,,,,0
S,5021233,up,2,0,1390,1520,2104,-960,-16912,44,26,-31,0
S,5026224,up,2,0,1390,1520,2112,-936,-16912,35,20,-32,0
S,5031223,up,2,0,1390,1520,2096,-984,-16960,40,23,-24,0
S,5036223,up,2,0,1390,1520,1104,-1096,-16984,37,7,-38,0
S,5041223,up,2,0,1390,1520,1672,-1552,-17176,33,-42,-104,0
S,5046223,up,2,0,1390,1520,1048,-344,-16296,43,-40,-74,0
S,5051223,up,2,0,1390,1520,5488,-1280,-16584,43,-95,-35,0
S,5056223,up,2,0,1390,1520,2064,-632,-16536,36,-108,-1,0
S,5061223,up,2,0,1390,1520,192,80,-17600,49,-159,-22,0
S,5066223,up,2,0,1390,1520,2424,-1424,-16128,43,-167,-11,0
S,5071223,up,2,0,1390,1520,1336,-1192,-17376,35,-164,6,0
S,5076223,up,2,0,1390,1520,2808,-208,-16632,37,-166,4,0
S,5081223,up,2,0,1390,1520,2056,-1256,-17120,33,-141,-7,0
S,5086223,up,2,0,1390,1520,2288,-904,-16936,33,-105,-12,0
S,5091223,up,2,0,1390,1520,2032,-1048,-17168,37,-64,-13,0
S,5096223,up,2,0,1390,1520,2184,-968,-16664,44,-26,-19,0
S,5101223,up,2,0,1390,1520,2072,-968,-17232,47,13,-30,0
S,5106223,up,2,0,1390,1520,2120,-1048,-16744,45,59,-30,0
S,5111223,up,2,0,1390,1520,1856,-1000,-17152,44,79,-38,0
S,5116223,up,2,0,1390,1520,2216,-864,-16816,29,106,-46,0
S,5121224,up,2,0,1390,1520,1992,-1096,-17096,23,107,-46,0
S,5126223,up,2,0,1390,1520,2096,-872,-16888,21,108,-46,0
S,5131223,up,2,0,1390,1520,1968,-800,-16976,23,101,-42,0
S,5136223,up,2,0,1390,1520,2144,-952,-17024,27,78,-39,0
S,5141223,up,2,0,1390,1520,2040,-912,-16816,36,55,-32,0
S,5146223,up,2,0,1390,1520,2112,-944,-16984,48,38,-36,0
S,5151223,up,2,0,1390,1520,1864,-976,-16800,51,14,-31,0
S,5156223,up,2,0,1390,1520,2000,-992,-16992,46,-7,-27,0
S,5161223,up,2,0,1390,1520,2088,-864,-16864,51,-17,-27,0
S,5166223,up,2,0,1390,1520,2072,-848,-16984,50,-24,-21,0
S,5171223,up,2,0,1390,1520,1976,-904,-16936,36,-26,-21,0
S,5176223,up,2,0,1390,1520,2096,-936,-16952,34,-21,-20,0
S,5181223,up,2,0,1390,1520,1992,-984,-16984,35,-6,-30,0
S,5186223,up,2,0,1390,1520,2232,-1024,-16856,37,2,-27,0
S,5191223,up,2,0,1390,1520,2088,-1056,-16960,37,19,-33,0
S,5196223,up,2,0,1390,1520,2072,-888,-16832,38,32,-27,0
S,5201223,up,2,0,1390,1520,2000,-944,-17016,39,42,-34,0
S,5206223,up,2,0,1390,1520,2088,-984,-16952,35,55,-31,0
S,5211223,up,2,0,1390,1520,2088,-1064,-16904,35,50,-30,0
S,5216223,up,2,0,1390,1520,2168,-992,-17032,34,45,-33,0
S,5221223,up,2,0,1390,1520,1992,-912,-16904,32,42,-35,0
S,5226223,up,2,0,1390,1520,1968,-952,-17008,26,31,-32,0
S,5231223,up,2,0,1390,1520,2120,-944,-16912,30,23,-29,0
S,5236223,up,2,0,1390,1520,1992,-928,-16920,30,15,-24,0
S,5241223,up,2,0,1390,1520,1992,-1000,-17048,37,7,-23,0
S,5246223,up,2,0,1390,1520,2032,-944,-16912,44,8,-34,0
S,5251223,up,2,0,1390,1520,2072,-1088,-16856,50,7,-35,0
S,5256223,up,2,0,1390,1520,2008,-928,-16936,47,4,-29,0
S,5261223,up,2,0,1390,1520,2096,-888,-16984,47,11,-29,0
S,5266223,up,2,0,1390,1520,2104,-968,-16992,39,15,-32,0
S,5271223,up,2,0,1390,1520,2024,-888,-17072,33,28,-33,0
S,5276223,up,2,0,1390,1520,2000,-920,-16984,35,25,-32,0
S,5281223,up,2,0,1390,1520,2056,-936,-16952,29,30,-30,0
S,5286223,up,2,0,1390,1520,2128,-1008,-16936,37,36,-27,0
S,5291223,up,2,0,1390,1520,1960,-1080,-17032,34,37,-37,0
S,5296223,up,2,0,1390,1520,2088,-1032,-17000,33,32,-29,0
S,5301223,up,2,0,1390,1520,2104,-1008,-16952,39,29,-31,0
S,5306223,up,2,0,1390,1520,2048,-960,-17080,45,25,-30,0
S,5311223,up,2,0,1390,1520,2032,-968,-16944,41,18,-36,0
S,5316223,up,2,0,1390,1520,2032,-1008,-16984,45,18,-21,0
S,5321223,up,2,0,1390,1520,2160,-944,-17048,35,12,-28,0
S,5326223,up,2,0,1390,1520,2176,-952,-17032,36,13,-29,0
S,5331223,up,2,0,1390,1520,2024,-896,-17040,36,12,-28,0
S,5336223,up,2,0,1390,1520,2016,-1072,-17064,33,15,-28,0
S,5341223,up,2,0,1390,1520,2040,-1000,-16928,39,12,-31,0
S,5346223,up,2,0,1390,1520,2056,-848,-16952,34,20,-31,0
S,5351223,up,2,0,1390,1520,2040,-1000,-17008,44,31,-29,0
S,5356223,up,2,0,1390,1520,2096,-960,-17032,43,29,-24,0
S,5361223,up,2,0,1390,1520,1976,-1032,-17000,42,33,-30,0
S,5366223,up,2,0,1390,1520,2064,-928,-16928,37,32,-34,0
S,5371223,up,2,0,1390,1520,1984,-816,-16936,28,28,-30,0
S,5376223,up,2,0,1390,1520,1944,-992,-17032,33,22,-32,0
S,5381223,up,2,0,1390,1520,2144,-1016,-16864,34,27,-26,0
S,5386223,up,2,0,1390,1520,2072,-968,-17096,37,22,-24,0
S,5391223,up,2,0,1390,1520,1912,-1080,-16896,32,12,-25,0
S,5396223,up,2,0,1390,1520,2152,-1000,-17000,43,20,-27,0
S,5401223,up,2,0,1390,1520,1936,-1008,-16992,41,17,-33,0
S,5406223,up,2,0,1390,1520,1992,-1088,-16968,43,18,-28,0
S,5411223,up,2,0,1390,1520,2168,-1024,-16976,43,15,-22,0
S,5416223,up,2,0,1390,1520,2104,-1032,-16928,40,18,-29,0
S,5421223,up,2,0,1390,1520,2120,-776,-16920,37,23,-30,0
S,5426223,up,2,0,1390,1520,2040,-1032,-17024,36,19,-30,0
S,5431223,up,2,0,1390,1520,1976,-944,-17080,36,23,-27,0
S,5436223,up,2,0,1390,1520,2160,-824,-16888,36,24,-28,0
S,5441223,up,2,0,1390,1520,2112,-936,-17064,34,23,-36,0
S,5446223,up,2,0,1390,1520,2080,-928,-17032,42,32,-32,0
S,5451223,up,2,0,1390,1520,2000,-1056,-16952,37,26,-33,0
S,5456223,up,2,0,1390,1520,2128,-1040,-16912,36,23,-32,0
S,5461223,up,2,0,1390,1520,2072,-960,-16928,36,20,-29,0
S,5466223,up,2,0,1390,1520,2136,-960,-16840,37,25,-37,0
S,5471223,up,2,0,1390,1520,2040,-1000,-17080,36,18,-32,0
S,5476223,up,2,0,1390,1520,2024,-1024,-16968,37,17,-35,0
S,5481223,up,2,0,1390,1520,2072,-1064,-16912,29,17,-32,0
S,5486223,up,2,0,1390,1520,2168,-904,-16952,33,19,-25,0
S,5491223,up,2,0,1390,1520,2008,-920,-17024,32,18,-30,0
S,5496223,up,2,0,1390,1520,2104,-1048,-16992,40,22,-33,0
S,5501223,up,2,0,1390,1520,2080,-920,-16832,45,27,-29,0
S,5506223,up,2,0,1390,1520,2024,-944,-17016,38,27,-28,0
S,5511223,up,2,0,1390,1520,2064,-888,-16896,34,28,-28,0
S,5516223,up,2,0,1390,1520,2000,-968,-17096,39,25,-29,0
S,5521223,up,2,0,1390,1520,2008,-936,-16872,34,22,-32,0
E,5521323,up,3,0,1400,1520,,,,,,,0
S,5521952,up,3,0,1400,1520,2008,-936,-16872,38,27,-28,0
S,5526943,up,3,0,1400,1520,2072,-1048,-16936,32,22,-31,0
S,5531942,up,3,0,1400,1520,-1072,-1528,-17448,39,-17,-69,0
S,5536942,up,3,0,1400,1520,568,-1216,-16720,42,-56,-67,0
S,5541942,up,3,0,1400,1520,3808,-216,-16384,45,-66,-45,0
S,5546942,up,3,0,1400,1520,1840,-1496,-17552,61,-128,-61,0
S,5551942,up,3,0,1400,1520,1976,-1768,-16240,48,-164,-43,0
S,5556942,up,3,0,1400,1520,1056,-1216,-17704,43,-190,-2,0
S,5561942,up,3,0,1400,1520,2464,136,-17616,57,-269,-17,0
S,5566942,up,3,0,1400,1520,5048,-32,-15920,36,-241,7,0
S,5571942,up,3,0,1400,1520,-352,-2280,-18152,31,-275,-6,0
S,5576942,up,3,0,1400,1520,2608,-96,-16512,26,-295,-7,0
S,5581943,up,3,0,1400,1520,2800,-872,-16568,23,-253,26,0
S,5586942,up,3,0,1400,1520,2304,-880,-17584,21,-221,44,0
S,5591942,up,3,0,1400,1520,1624,-1120,-16968,23,-182,25,0
S,5596942,up,3,0,1400,1520,2296,-888,-16552,32,-140,40,0
S,5601942,up,3,0,1400,1520,1440,-1080,-17632,31,-80,-5,0
S,5606942,up,3,0,1400,1520,1888,-1248,-16480,51,-11,-16,0
S,5611942,up,3,0,1400,1520,2112,-1032,-17400,51,34,-31,0
S,5616942,up,3,0,1400,1520,1888,-848,-16816,54,106,-38,0
S,5621942,up,3,0,1400,1520,1728,-1056,-17144,56,148,-53,0
S,5626943,up,3,0,1400,1520,2128,-912,-16808,26,163,-50,0
S,5631942,up,3,0,1400,1520,1680,-848,-17272,24,175,-64,0
S,5636942,up,3,0,1400,1520,1792,-784,-16872,12,177,-73,0
S,5641942,up,3,0,1400,1520,2016,-1080,-17056,16,172,-58,0
S,5646943,up,3,0,1400,1520,1800,-872,-16992,31,162,-56,0
S,5651942,up,3,0,1400,1520,1704,-1120,-17032,41,138,-57,0
S,5656942,up,3,0,1400,1520,1928,-928,-16968,53,101,-46,0
S,5661942,up,3,0,1400,1520,1680,-944,-16768,66,75,-38,0
S,5666943,up,3,0,1400,1520,1904,-832,-16920,68,32,-40,0
S,5671942,up,3,0,1400,1520,2080,-856,-16656,55,1,-35,0
S,5676942,up,3,0,1400,1520,1592,-832,-17120,40,-21,-22,0
S,5681942,up,3,0,1400,1520,1968,-992,-16824,28,-46,-20,0
S,5686942,up,3,0,1400,1520,1936,-1104,-17048,26,-51,-10,0
S,5691942,up,3,0,1400,1520,1696,-1008,-17008,17,-57,-10,0
S,5696942,up,3,0,1400,1520,2040,-1040,-16832,23,-48,-18,0
S,5701942,up,3,0,1400,1520,1792,-1040,-17072,40,-31,-11,0
S,5706942,up,3,0,1400,1520,1952,-952,-17120,48,-17,-19,0
S,5711942,up,3,0,1400,1520,2008,-1000,-17048,52,1,-25,0
S,5716942,up,3,0,1400,1520,1856,-968,-17048,58,24,-32,0
S,5721942,up,3,0,1400,1520,1768,-1056,-16848,53,42,-35,0
S,5726942,up,3,0,1400,1520,1896,-976,-17016,47,52,-34,0
S,5731942,up,3,0,1400,1520,1800,-944,-16824,33,65,-29,0
S,5736942,up,3,0,1400,1520,1912,-1032,-16976,26,56,-35,0
S,5741942,up,3,0,1400,1520,1832,-688,-17048,17,56,-29,0
S,5746943,up,3,0,1400,1520,1792,-984,-17048,17,53,-30,0
S,5751942,up,3,0,1400,1520,1904,-1032,-17064,18,39,-31,0
S,5756942,up,3,0,1400,1520,1888,-944,-17016,32,33,-29,0
S,5761942,up,3,0,1400,1520,1848,-1000,-16864,40,22,-23,0
S,5766942,up,3,0,1400,1520,1800,-968,-17064,51,14,-30,0
S,5771942,up,3,0,1400,1520,1832,-1064,-16944,61,7,-36,0
S,5776942,up,3,0,1400,1520,1976,-960,-16960,53,-1,-30,0
S,5781942,up,3,0,1400,1520,2024,-880,-16928,45,6,-25,0
S,5786942,up,3,0,1400,1520,1808,-1008,-17000,35,3,-29,0
S,5791942,up,3,0,1400,1520,1880,-1032,-16952,34,9,-33,0
S,5796942,up,3,0,1400,1520,1864,-1008,-17040,28,18,-25,0
S,5801942,up,3,0,1400,1520,1832,-704,-16960,27,20,-27,0
S,5806942,up,3,0,1400,1520,1944,-1016,-17040,28,30,-30,0
S,5811942,up,3,0,1400,1520,1896,-880,-17160,42,33,-31,0
S,5816942,up,3,0,1400,1520,1800,-928,-17008,40,34,-29,0
S,5821942,up,3,0,1400,1520,1888,-1024,-16912,45,39,-28,0
S,5826942,up,3,0,1400,1520,1824,-912,-17040,40,37,-37,0
S,5831943,up,3,0,1400,1520,1808,-904,-17000,34,33,-32,0
S,5836943,up,3,0,1400,1520,1832,-1008,-17032,39,20,-25,0
S,5841942,up,3,0,1400,1520,1840,-936,-16984,32,16,-26,0
S,5846942,up,3,0,1400,1520,1856,-1048,-17096,31,14,-24,0
S,5851942,up,3,0,1400,1520,1936,-1000,-17072,33,14,-29,0
S,5856942,up,3,0,1400,1520,1880,-1032,-16968,33,10,-30,0
S,5861943,up,3,0,1400,1520,1832,-968,-16992,41,13,-26,0
S,5866942,up,3,0,1400,1520,1944,-960,-17016,48,13,-29,0
S,5871942,up,3,0,1400,1520,1848,-896,-16920,46,24,-28,0
S,5876943,up,3,0,1400,1520,1776,-1016,-16960,45,24,-31,0
S,5881942,up,3,0,1400,1520,1856,-888,-16936,37,26,-31,0
S,5886942,up,3,0,1400,1520,1800,-904,-16888,37,26,-27,0
S,5891942,up,3,0,1400,1520,1976,-1000,-17128,28,31,-30,0
S,5896942,up,3,0,1400,1520,1792,-944,-17064,30,24,-27,0
S,5901942,up,3,0,1400,1520,1816,-1056,-16912,25,31,-31,0
S,5906942,up,3,0,1400,1520,1936,-1064,-16928,37,26,-32,0
S,5911942,up,3,0,1400,1520,1784,-912,-16968,36,24,-36,0
S,5916942,up,3,0,1400,1520,1864,-952,-16952,46,18,-28,0
S,5921942,up,3,0,1400,1520,1864,-912,-17024,42,25,-32,0
S,5926942,up,3,0,1400,1520,1864,-832,-16912,39,19,-27,0
S,5931943,up,3,0,1400,1520,1912,-1008,-17064,43,15,-30,0
S,5936943,up,3,0,1400,1520,1976,-912,-16992,39,22,-30,0
S,5941942,up,3,0,1400,1520,1888,-1024,-17024,33,18,-29,0
S,5946942,up,3,0,1400,1520,1968,-920,-16968,34,22,-27,0
S,5951942,up,3,0,1400,1520,1800,-848,-17056,36,21,-26,0
S,5956942,up,3,0,1400,1520,1952,-936,-17016,36,21,-31,0
S,5961942,up,3,0,1400,1520,2000,-984,-16944,37,23,-32,0
S,5966942,up,3,0,1400,1520,1808,-1104,-16904,41,27,-27,0
S,5971942,up,3,0,1400,1520,1824,-984,-17016,44,28,-23,0
S,5976943,up,3,0,1400,1520,1776,-952,-16920,46,26,-32,0
S,5981942,up,3,0,1400,1520,1944,-928,-16976,42,28,-29,0
S,5986942,up,3,0,1400,1520,1896,-912,-17048,32,27,-29,0
S,5991943,up,3,0,1400,1520,1816,-864,-17032,37,26,-27,0
S,5996942,up,3,0,1400,1520,1776,-968,-16928,31,22,-28,0
S,6001942,up,3,0,1400,1520,1808,-936,-16936,29,22,-27,0
S,6006942,up,3,0,1400,1520,1864,-952,-16968,34,22,-22,0
S,6011942,up,3,0,1400,1520,1768,-992,-16952,39,18,-30,0
S,6016942,up,3,0,1400,1520,1808,-936,-17000,42,23,-26,0
S,6021942,up,3,0,1400,1520,1912,-872,-17088,41,20,-34,0
E,6022044,up,4,0,1410,1520,,,,,,,0
S,6022678,up,4,0,1410,1520,1872,-1032,-16912,41,20,-34,0
S,6027668,up,4,0,1410,1520,1864,-888,-17096,40,19,-28,0
S,6032668,up,4,0,1410,1520,-496,-744,-17328,39,5,-40,0
S,6037668,up,4,0,1410,1520,4432,-712,-17440,43,-35,-70,0
S,6042667,up,4,0,1410,1520,-656,-776,-16360,42,-47,-70,0
S,6047667,up,4,0,1410,1520,-2560,-2584,-17680,44,-69,-67,0
S,6052668,up,4,0,1410,1520,1696,-1144,-16712,40,-93,-35,0
S,6057668,up,4,0,1410,1520,3848,-248,-16656,43,-135,-2,0
S,6062668,up,4,0,1410,1520,1448,16,-17336,41,-155,-4,0
S,6067668,up,4,0,1410,1520,3160,-728,-16488,46,-169,-12,0
S,6072668,up,4,0,1410,1520,2408,-1696,-17192,39,-165,9,0
S,6077668,up,4,0,1410,1520,1872,-768,-16872,30,-153,16,0
S,6082668,up,4,0,1410,1520,2200,-1088,-17032,28,-120,20,0
S,6087668,up,4,0,1410,1520,2008,-1288,-17112,31,-90,0,0
S,6092668,up,4,0,1410,1520,1544,-720,-16808,30,-49,-8,0
S,6097668,up,4,0,1410,1520,1904,-1088,-17256,34,-15,-16,0
S,6102668,up,4,0,1410,1520,1832,-904,-16992,47,28,-30,0
S,6107667,up,4,0,1410,1520,1584,-1064,-17080,48,66,-37,0
S,6112668,up,4,0,1410,1520,1888,-1128,-17096,45,98,-37,0
S,6117667,up,4,0,1410,1520,1688,-824,-17040,45,114,-41,0
S,6122668,up,4,0,1410,1520,1688,-888,-16968,31,122,-50,0
S,6127667,up,4,0,1410,1520,1872,-1040,-16920,28,120,-51,0
S,6132668,up,4,0,1410,1520,1800,-968,-16920,25,105,-43,0
S,6137667,up,4,0,1410,1520,1752,-1088,-16936,24,94,-42,0
S,6142668,up,4,0,1410,1520,1816,-1048,-17096,38,67,-40,0
S,6147668,up,4,0,1410,1520,1736,-1016,-17032,45,43,-33,0
S,6152667,up,4,0,1410,1520,1736,-880,-16968,53,25,-33,0
S,6157668,up,4,0,1410,1520,1848,-1096,-17120,48,3,-26,0
S,6162668,up,4,0,1410,1520,1744,-968,-17088,43,-18,-25,0
S,6167667,up,4,0,1410,1520,1688,-1056,-17048,47,-23,-30,0
S,6172667,up,4,0,1410,1520,1840,-888,-16976,39,-29,-17,0
S,6177668,up,4,0,1410,1520,1744,-952,-17024,34,-21,-22,0
S,6182668,up,4,0,1410,1520,1944,-1016,-17008,32,-23,-16,0
S,6187667,up,4,0,1410,1520,1752,-800,-17008,35,-3,-22,0
S,6192668,up,4,0,1410,1520,1784,-1088,-17040,34,6,-23,0
S,6197668,up,4,0,1410,1520,1768,-1088,-16840,37,24,-28,0
S,6202668,up,4,0,1410,1520,1824,-1024,-17048,45,43,-28,0
S,6207668,up,4,0,1410,1520,1664,-1056,-16896,44,46,-36,0
S,6212668,up,4,0,1410,1520,1848,-1024,-17008,38,52,-27,0
S,6217668,up,4,0,1410,1520,1808,-896,-17040,34,51,-36,0
S,6222668,up,4,0,1410,1520,1768,-1112,-17048,30,43,-32,0
S,6227668,up,4,0,1410,1520,1712,-856,-16992,30,42,-32,0
S,6232668,up,4,0,1410,1520,1704,-912,-17064,27,33,-22,0
S,6237668,up,4,0,1410,1520,1848,-1072,-17120,38,20,-28,0
S,6242668,up,4,0,1410,1520,1664,-872,-16960,32,18,-27,0
S,6247667,up,4,0,1410,1520,1752,-1096,-17024,40,7,-22,0
S,6252668,up,4,0,1410,1520,1776,-928,-16992,46,13,-30,0
S,6257667,up,4,0,1410,1520,1784,-1008,-16928,45,8,-31,0
S,6262668,up,4,0,1410,1520,1720,-920,-17008,53,10,-24,0
S,6267668,up,4,0,1410,1520,1784,-1000,-17080,43,10,-34,0
S,6272668,up,4,0,1410,1520,1608,-1016,-17000,37,18,-30,0
S,6277668,up,4,0,1410,1520,1520,-968,-16952,31,21,-32,0
S,6282668,up,4,0,1410,1520,1776,-968,-17064,34,29,-28,0
S,6287668,up,4,0,1410,1520,1720,-1000,-17016,25,31,-27,0
S,6292668,up,4,0,1410,1520,1832,-968,-16888,36,33,-23,0
S,6297668,up,4,0,1410,1520,1864,-928,-17048,34,36,-32,0
S,6302668,up,4,0,1410,1520,1712,-968,-17024,37,34,-33,0
S,6307668,up,4,0,1410,1520,1680,-1080,-16944,39,29,-27,0
S,6312668,up,4,0,1410,1520,1648,-1120,-16952,39,25,-30,0
S,6317668,up,4,0,1410,1520,1688,-824,-17080,41,22,-32,0
S,6322668,up,4,0,1410,1520,1712,-1064,-16968,39,16,-32,0
S,6327667,up,4,0,1410,1520,1776,-936,-17064,38,14,-27,0
S,6332667,up,4,0,1410,1520,1912,-928,-17128,37,3,-33,0
S,6337667,up,4,0,1410,1520,1712,-912,-16976,39,17,-32,0
S,6342668,up,4,0,1410,1520,1800,-944,-17024,35,12,-24,0
S,6347667,up,4,0,1410,1520,1744,-856,-17056,35,18,-34,0
S,6352667,up,4,0,1410,1520,1864,-1048,-17040,42,26,-30,0
S,6357667,up,4,0,1410,1520,1720,-968,-16960,38,26,-32,0
S,6362667,up,4,0,1410,1520,1648,-1000,-17048,43,26,-30,0
S,6367668,up,4,0,1410,1520,1688,-904,-17104,33,31,-32,0
S,6372668,up,4,0,1410,1520,1792,-944,-17032,38,31,-33,0
S,6377668,up,4,0,1410,1520,1792,-928,-16968,42,34,-29,0
S,6382668,up,4,0,1410,1520,1824,-960,-16976,32,25,-30,0
S,6387668,up,4,0,1410,1520,1808,-1008,-16992,34,23,-30,0
S,6392668,up,4,0,1410,1520,1800,-1072,-17032,34,22,-34,0
S,6397667,up,4,0,1410,1520,1648,-976,-17032,40,19,-26,0
S,6402667,up,4,0,1410,1520,1648,-1016,-16976,37,15,-30,0
S,6407668,up,4,0,1410,1520,1824,-912,-16968,48,24,-29,0
S,6412668,up,4,0,1410,1520,1736,-992,-16952,39,19,-33,0
S,6417668,up,4,0,1410,1520,1704,-960,-17024,43,20,-26,0
S,6422668,up,4,0,1410,1520,1720,-968,-17104,35,23,-33,0
S,6427668,up,4,0,1410,1520,1872,-1000,-16960,32,20,-26,0
S,6432667,up,4,0,1410,1520,1736,-912,-16928,31,26,-25,0
S,6437668,up,4,0,1410,1520,1648,-1128,-16920,39,22,-33,0
S,6442668,up,4,0,1410,1520,1656,-1072,-17064,38,24,-28,0
S,6447668,up,4,0,1410,1520,1664,-976,-17024,33,29,-27,0
S,6452668,up,4,0,1410,1520,1792,-968,-17112,37,25,-34,0
S,6457668,up,4,0,1410,1520,1832,-1000,-17072,41,28,-34,0
S,6462668,up,4,0,1410,1520,1776,-992,-17160,46,23,-29,0
S,6467668,up,4,0,1410,1520,1696,-904,-17136,35,20,-25,0
S,6472668,up,4,0,1410,1520,1840,-936,-17008,38,13,-26,0
S,6477668,up,4,0,1410,1520,1800,-936,-17032,36,19,-29,0
S,6482668,up,4,0,1410,1520,1808,-1064,-17096,38,19,-29,0
S,6487668,up,4,0,1410,1520,1736,-992,-16960,33,23,-28,0
S,6492668,up,4,0,1410,1520,1840,-1000,-17080,30,22,-27,0
S,6497668,up,4,0,1410,1520,1736,-960,-16968,36,24,-29,0
S,6502668,up,4,0,1410,1520,1792,-880,-17008,40,25,-27,0
S,6507668,up,4,0,1410,1520,1672,-992,-17104,37,22,-26,0
S,6512667,up,4,0,1410,1520,1832,-848,-16976,44,25,-24,0
S,6517667,up,4,0,1410,1520,1784,-912,-16904,41,28,-28,0
S,6522668,up,4,0,1410,1520,1680,-1120,-16952,36,24,-31,0
E,6522769,up,5,0,1420,1520,,,,,,,0
S,6523398,up,5,0,1420,1520,1632,-1024,-16960,33,26,-33,0
S,6528389,up,5,0,1420,1520,1888,-1024,-16960,42,27,-32,0
S,6533387,up,5,0,1420,1520,1432,-1008,-17216,34,17,-27,0
S,6538387,up,5,0,1420,1520,1144,-1256,-17824,40,-39,-108,0
S,6543387,up,5,0,1420,1520,5160,-480,-15912,47,-52,-26,0
S,6548387,up,5,0,1420,1520,-3120,-1688,-17392,46,-90,-19,0
S,6553387,up,5,0,1420,1520,64,1072,-17784,55,-138,-76,0
S,6558387,up,5,0,1420,1520,2664,128,-16352,67,-176,-58,0
S,6563387,up,5,0,1420,1520,-1264,-912,-17488,54,-233,-4,0
S,6568387,up,5,0,1420,1520,1056,-1304,-16832,45,-274,-9,0
S,6573387,up,5,0,1420,1520,3120,360,-16704,40,-300,8,0
S,6578387,up,5,0,1420,1520,2000,-1216,-16936,23,-283,33,0
S,6583387,up,5,0,1420,1520,1328,-872,-17312,6,-265,32,0
S,6588387,up,5,0,1420,1520,1240,-1424,-17120,8,-265,21,0
S,6593387,up,5,0,1420,1520,2216,-832,-16984,14,-212,18,0
S,6598387,up,5,0,1420,1520,1576,-992,-17328,19,-169,14,0
S,6603387,up,5,0,1420,1520,1800,-1232,-17160,38,-114,7,0
S,6608387,up,5,0,1420,1520,1480,-1056,-17064,48,-58,-13,0
S,6613387,up,5,0,1420,1520,1696,-984,-17280,59,-1,-23,0
S,6618387,up,5,0,1420,1520,1608,-1120,-16936,62,52,-31,0
S,6623387,up,5,0,1420,1520,1384,-1016,-17112,60,89,-37,0
S,6628387,up,5,0,1420,1520,1672,-992,-17008,41,127,-45,0
S,6633387,up,5,0,1420,1520,1320,-824,-16976,25,141,-49,0
S,6638387,up,5,0,1420,1520,1512,-928,-17144,12,143,-53,0
S,6643387,up,5,0,1420,1520,1584,-1056,-16832,5,140,-59,0
S,6648387,up,5,0,1420,1520,1576,-848,-17032,7,130,-50,0
S,6653387,up,5,0,1420,1520,1432,-1048,-17016,29,118,-50,0
S,6658387,up,5,0,1420,1520,1600,-1088,-17056,48,97,-49,0
S,6663387,up,5,0,1420,1520,1600,-920,-16864,53,68,-46,0
S,6668388,up,5,0,1420,1520,1384,-928,-17136,68,45,-40,0
S,6673387,up,5,0,1420,1520,1640,-944,-16976,72,22,-37,0
S,6678387,up,5,0,1420,1520,1416,-840,-17032,49,-3,-25,0
S,6683387,up,5,0,1420,1520,1616,-872,-17096,41,-22,-24,0
S,6688387,up,5,0,1420,1520,1728,-904,-17032,27,-32,-23,0
S,6693387,up,5,0,1420,1520,1368,-816,-17200,19,-43,-19,0
S,6698387,up,5,0,1420,1520,1744,-976,-16904,23,-36,-23,0
S,6703387,up,5,0,1420,1520,1552,-912,-17040,27,-24,-22,0
S,6708387,up,5,0,1420,1520,1664,-888,-16952,43,-6,-25,0
S,6713387,up,5,0,1420,1520,1776,-1080,-17008,52,6,-24,0
S,6718387,up,5,0,1420,1520,1512,-928,-17104,53,23,-37,0
S,6723388,up,5,0,1420,1520,1544,-1080,-17064,56,45,-34,0
S,6728387,up,5,0,1420,1520,1608,-864,-17096,41,50,-28,0
S,6733387,up,5,0,1420,1520,1632,-800,-17192,41,54,-32,0
S,6738387,up,5,0,1420,1520,1472,-872,-16936,28,50,-25,0
S,6743387,up,5,0,1420,1520,1496,-984,-17096,19,46,-30,0
S,6748387,up,5,0,1420,1520,1496,-872,-17056,19,44,-24,0
S,6753387,up,5,0,1420,1520,1536,-1040,-16896,22,31,-25,0
S,6758387,up,5,0,1420,1520,1584,-880,-16944,31,25,-32,0
S,6763387,up,5,0,1420,1520,1608,-1032,-17032,45,16,-37,0
S,6768387,up,5,0,1420,1520,1648,-1024,-17000,60,18,-33,0
S,6773387,up,5,0,1420,1520,1544,-1008,-17040,62,10,-31,0
S,6778387,up,5,0,1420,1520,1632,-872,-17112,57,1,-29,0
S,6783387,up,5,0,1420,1520,1552,-1104,-17000,51,6,-28,0
S,6788387,up,5,0,1420,1520,1520,-896,-16944,43,10,-30,0
S,6793388,up,5,0,1420,1520,1568,-968,-16952,34,15,-28,0
S,6798387,up,5,0,1420,1520,1488,-1000,-16912,24,15,-30,0
S,6803387,up,5,0,1420,1520,1496,-928,-17000,19,20,-30,0
S,6808387,up,5,0,1420,1520,1496,-936,-17056,31,33,-26,0
S,6813387,up,5,0,1420,1520,1584,-1000,-16928,37,37,-34,0
S,6818387,up,5,0,1420,1520,1552,-1072,-17056,32,37,-26,0
S,6823387,up,5,0,1420,1520,1448,-1024,-17136,43,32,-31,0
S,6828388,up,5,0,1420,1520,1568,-936,-17048,48,30,-32,0
S,6833387,up,5,0,1420,1520,1528,-960,-17032,47,23,-23,0
S,6838388,up,5,0,1420,1520,1576,-952,-16992,39,21,-33,0
S,6843387,up,5,0,1420,1520,1608,-1040,-17032,36,22,-30,0
S,6848387,up,5,0,1420,1520,1536,-928,-16976,31,14,-30,0
S,6853387,up,5,0,1420,1520,1664,-1016,-17032,34,14,-29,0
S,6858387,up,5,0,1420,1520,1640,-960,-17040,37,15,-28,0
S,6863387,up,5,0,1420,1520,1512,-880,-16992,36,18,-28,0
S,6868387,up,5,0,1420,1520,1576,-1024,-16976,43,22,-26,0
S,6873387,up,5,0,1420,1520,1552,-1104,-17032,45,26,-30,0
S,6878387,up,5,0,1420,1520,1480,-1040,-17080,44,27,-30,0
S,6883387,up,5,0,1420,1520,1664,-976,-16880,43,28,-27,0
S,6888387,up,5,0,1420,1520,1568,-952,-17048,39,33,-20,0
S,6893387,up,5,0,1420,1520,1528,-888,-17000,40,29,-29,0
S,6898387,up,5,0,1420,1520,1560,-1000,-17008,31,24,-28,0
S,6903388,up,5,0,1420,1520,1536,-1000,-17040,30,22,-31,0
S,6908387,up,5,0,1420,1520,1544,-1096,-17104,33,24,-24,0
S,6913387,up,5,0,1420,1520,1488,-896,-17016,41,21,-31,0
S,6918387,up,5,0,1420,1520,1544,-1136,-16952,39,22,-28,0
S,6923387,up,5,0,1420,1520,1616,-944,-17032,47,22,-34,0
S,6928387,up,5,0,1420,1520,1600,-952,-17128,42,20,-32,0
S,6933387,up,5,0,1420,1520,1568,-960,-16920,42,18,-34,0
S,6938387,up,5,0,1420,1520,1504,-896,-17064,41,19,-26,0
S,6943388,up,5,0,1420,1520,1640,-1000,-17024,41,16,-28,0
S,6948387,up,5,0,1420,1520,1632,-1032,-16992,33,24,-28,0
S,6953387,up,5,0,1420,1520,1520,-1072,-17120,33,25,-30,0
S,6958387,up,5,0,1420,1520,1456,-960,-16952,30,21,-30,0
S,6963387,up,5,0,1420,1520,1688,-936,-17024,37,25,-30,0
S,6968387,up,5,0,1420,1520,1472,-1040,-17000,38,24,-29,0
S,6973387,up,5,0,1420,1520,1552,-1024,-17048,41,31,-29,0
S,6978387,up,5,0,1420,1520,1624,-864,-17024,41,23,-33,0
S,6983387,up,5,0,1420,1520,1600,-936,-17080,43,26,-27,0
S,6988387,up,5,0,1420,1520,1568,-1064,-16888,34,23,-29,0
S,6993387,up,5,0,1420,1520,1600,-936,-17088,36,25,-32,0
S,6998387,up,5,0,1420,1520,1448,-1032,-17032,30,22,-32,0
S,7003387,up,5,0,1420,1520,1632,-1056,-16936,40,20,-26,0
S,7008387,up,5,0,1420,1520,1512,-1024,-17096,39,23,-26,0
S,7013387,up,5,0,1420,1520,1608,-1056,-17016,36,21,-29,0
S,7018388,up,5,0,1420,1520,1432,-992,-17080,40,24,-27,0
S,7023387,up,5,0,1420,1520,1560,-856,-17024,46,23,-30,0
E,7023488,up,6,0,1430,1520,,,,,,,0
S,7024118,up,6,0,1430,1520,1512,-944,-16968,46,23,-31,0
S,7029109,up,6,0,1430,1520,1472,-1008,-17064,37,25,-23,0
S,7034108,up,6,0,1430,1520,-552,-784,-17088,43,-1,-49,0
S,7039108,up,6,0,1430,1520,704,-1352,-17408,43,-33,-48,0
S,7044108,up,6,0,1430,1520,2144,-160,-17176,40,-46,-55,0
S,7049108,up,6,0,1430,1520,1128,-1568,-16600,47,-73,-61,0
S,7054108,up,6,0,1430,1520,-1600,-2304,-17680,42,-121,-39,0
S,7059108,up,6,0,1430,1520,-1704,-1240,-16216,59,-207,-32,0
S,7064108,up,6,0,1430,1520,672,1152,-17080,55,-208,-24,0
S,7069108,up,6,0,1430,1520,2464,-2704,-17608,56,-275,-28,0
S,7074108,up,6,0,1430,1520,640,-1752,-16792,40,-298,3,0
S,7079108,up,6,0,1430,1520,2960,-568,-16912,40,-311,0,0
S,7084108,up,6,0,1430,1520,2136,-328,-17120,33,-308,9,0
S,7089108,up,6,0,1430,1520,1712,-968,-16608,19,-288,25,0
S,7094108,up,6,0,1430,1520,1112,-1016,-17616,7,-264,38,0
S,7099108,up,6,0,1430,1520,1544,-896,-16944,15,-227,24,0
S,7104108,up,6,0,1430,1520,1920,-872,-16768,24,-173,43,0
S,7109108,up,6,0,1430,1520,752,-1008,-17464,27,-111,21,0
S,7114108,up,6,0,1430,1520,1816,-1632,-16664,35,-48,-6,0
S,7119108,up,6,0,1430,1520,1392,-992,-17400,55,17,-26,0
S,7124108,up,6,0,1430,1520,1584,-784,-16840,61,80,-37,0
S,7129108,up,6,0,1430,1520,1248,-1504,-17120,63,133,-42,0
S,7134108,up,6,0,1430,1520,1736,-536,-17176,42,160,-42,0
S,7139108,up,6,0,1430,1520,1144,-784,-16992,31,178,-51,0
S,7144108,up,6,0,1430,1520,1168,-1016,-16984,9,184,-70,0
S,7149108,up,6,0,1430,1520,1520,-1016,-17064,8,172,-69,0
S,7154108,up,6,0,1430,1520,1368,-936,-17080,7,157,-58,0
S,7159108,up,6,0,1430,1520,1352,-936,-17112,22,141,-57,0
S,7164108,up,6,0,1430,1520,1584,-1104,-16968,40,114,-52,0
S,7169108,up,6,0,1430,1520,1496,-1056,-16880,63,80,-40,0
S,7174108,up,6,0,1430,1520,1184,-1080,-17056,68,46,-37,0
S,7179108,up,6,0,1430,1520,1400,-872,-16864,73,26,-32,0
S,7184108,up,6,0,1430,1520,1312,-904,-17144,52,-18,-25,0
S,7189108,up,6,0,1430,1520,1304,-912,-16896,41,-36,-21,0
S,7194108,up,6,0,1430,1520,1336,-856,-17104,23,-47,-19,0
S,7199108,up,6,0,1430,1520,1224,-744,-17016,21,-55,-14,0
S,7204108,up,6,0,1430,1520,1320,-1144,-17040,21,-49,-16,0
S,7209108,up,6,0,1430,1520,1288,-888,-16960,25,-32,-14,0
S,7214108,up,6,0,1430,1520,1208,-1016,-17136,40,-19,-23,0
S,7219108,up,6,0,1430,1520,1360,-1144,-17056,45,9,-27,0
S,7224108,up,6,0,1430,1520,1368,-888,-17104,58,20,-25,0
S,7229108,up,6,0,1430,1520,1376,-1088,-17056,56,36,-35,0
S,7234108,up,6,0,1430,1520,1424,-912,-16984,52,46,-35,0
S,7239109,up,6,0,1430,1520,1208,-864,-17056,40,64,-32,0
S,7244108,up,6,0,1430,1520,1256,-976,-16944,25,58,-35,0
S,7249108,up,6,0,1430,1520,1400,-896,-17088,17,46,-33,0
S,7254108,up,6,0,1430,1520,1304,-1016,-17104,15,39,-30,0
S,7259108,up,6,0,1430,1520,1336,-976,-16952,18,32,-29,0
S,7264108,up,6,0,1430,1520,1328,-992,-16976,30,22,-30,0
S,7269108,up,6,0,1430,1520,1312,-1160,-17016,42,20,-27,0
S,7274108,up,6,0,1430,1520,1424,-896,-17016,50,9,-28,0
S,7279108,up,6,0,1430,1520,1384,-1088,-17032,65,9,-27,0
S,7284108,up,6,0,1430,1520,1376,-1008,-17072,61,2,-29,0
S,7289108,up,6,0,1430,1520,1320,-1008,-17048,53,5,-27,0
S,7294108,up,6,0,1430,1520,1256,-928,-17088,42,2,-32,0
S,7299108,up,6,0,1430,1520,1368,-984,-17048,31,12,-36,0
S,7304108,up,6,0,1430,1520,1352,-1056,-17104,25,20,-32,0
S,7309108,up,6,0,1430,1520,1320,-1000,-17096,23,24,-30,0
S,7314108,up,6,0,1430,1520,1312,-1032,-17056,24,31,-25,0
S,7319108,up,6,0,1430,1520,1304,-960,-17040,34,35,-35,0
S,7324108,up,6,0,1430,1520,1392,-1008,-17104,35,41,-32,0
S,7329108,up,6,0,1430,1520,1416,-1016,-16984,46,36,-33,0
S,7334108,up,6,0,1430,1520,1376,-968,-17096,48,34,-32,0
S,7339108,up,6,0,1430,1520,1320,-912,-17040,39,33,-32,0
S,7344108,up,6,0,1430,1520,1272,-912,-17024,33,23,-30,0
S,7349108,up,6,0,1430,1520,1328,-1008,-16984,31,16,-29,0
S,7354108,up,6,0,1430,1520,1304,-960,-17024,30,14,-31,0
S,7359108,up,6,0,1430,1520,1376,-1168,-17072,34,6,-23,0
S,7364108,up,6,0,1430,1520,1312,-1024,-17104,40,5,-27,0
S,7369108,up,6,0,1430,1520,1440,-960,-17048,43,8,-27,0
S,7374109,up,6,0,1430,1520,1344,-976,-17040,44,24,-32,0
S,7379108,up,6,0,1430,1520,1296,-920,-17016,40,24,-28,0
S,7384108,up,6,0,1430,1520,1280,-1008,-17008,51,27,-29,0
S,7389108,up,6,0,1430,1520,1472,-1032,-17200,41,33,-30,0
S,7394108,up,6,0,1430,1520,1344,-944,-16976,40,27,-30,0
S,7399108,up,6,0,1430,1520,1336,-784,-17152,37,33,-30,0
S,7404108,up,6,0,1430,1520,1368,-920,-16928,29,27,-28,0
S,7409108,up,6,0,1430,1520,1384,-952,-17024,30,23,-33,0
S,7414108,up,6,0,1430,1520,1336,-1104,-17072,33,25,-25,0
S,7419108,up,6,0,1430,1520,1488,-992,-17128,39,25,-26,0
S,7424108,up,6,0,1430,1520,1336,-984,-17056,43,18,-29,0
S,7429108,up,6,0,1430,1520,1264,-1016,-17152,46,13,-30,0
S,7434108,up,6,0,1430,1520,1160,-712,-17072,49,21,-28,0
S,7439108,up,6,0,1430,1520,1280,-832,-17024,43,19,-32,0
S,7444108,up,6,0,1430,1520,1320,-856,-17072,42,21,-33,0
S,7449108,up,6,0,1430,1520,1280,-976,-17048,32,20,-33,0
S,7454108,up,6,0,1430,1520,1296,-968,-16984,33,25,-27,0
S,7459108,up,6,0,1430,1520,1312,-992,-17032,31,24,-31,0
S,7464108,up,6,0,1430,1520,1416,-1024,-17016,33,20,-32,0
S,7469108,up,6,0,1430,1520,1336,-992,-16960,39,25,-36,0
S,7474108,up,6,0,1430,1520,1328,-1080,-16968,37,35,-32,0
S,7479108,up,6,0,1430,1520,1408,-928,-17168,38,24,-35,0
S,7484108,up,6,0,1430,1520,1432,-712,-17064,40,24,-32,0
S,7489108,up,6,0,1430,1520,1424,-952,-17008,39,27,-25,0
S,7494108,up,6,0,1430,1520,1264,-1024,-17112,41,21,-29,0
S,7499108,up,6,0,1430,1520,1304,-960,-17008,41,26,-25,0
S,7504108,up,6,0,1430,1520,1208,-1032,-17040,32,21,-35,0
S,7509108,up,6,0,1430,1520,1296,-800,-16912,34,18,-30,0
S,7514108,up,6,0,1430,1520,1336,-1072,-17080,30,23,-33,0
S,7519108,up,6,0,1430,1520,1360,-1016,-17008,41,19,-35,0
S,7524108,up,6,0,1430,1520,1304,-968,-17160,42,24,-31,0
E,7524212,up,7,0,1440,1520,,,,,,,0
S,7524842,up,7,0,1440,1520,1328,-920,-17096,42,22,-26,0
S,7529832,up,7,0,1440,1520,1224,-1000,-17120,38,29,-31,0
S,7534831,up,7,0,1440,1520,-128,-1176,-17264,44,8,-33,0
S,7539831,up,7,0,1440,1520,4056,-848,-17872,38,-38,-80,0
S,7544832,up,7,0,1440,1520,2192,400,-17032,42,-58,-97,0
S,7549831,up,7,0,1440,1520,912,-1824,-16704,42,-95,-63,0
S,7554831,up,7,0,1440,1520,320,-1504,-17264,42,-143,-18,0
S,7559831,up,7,0,1440,1520,3480,464,-16360,45,-206,-15,0
S,7564831,up,7,0,1440,1520,-776,-768,-17696,50,-218,10,0
S,7569831,up,7,0,1440,1520,584,-1096,-17480,49,-268,-20,0
S,7574831,up,7,0,1440,1520,2416,-632,-16792,44,-278,-2,0
S,7579831,up,7,0,1440,1520,1432,-648,-16952,37,-294,17,0
S,7584832,up,7,0,1440,1520,168,-1296,-16744,34,-308,21,0
S,7589831,up,7,0,1440,1520,2216,-112,-17264,37,-294,4,0
S,7594832,up,7,0,1440,1520,2008,-976,-17072,31,-267,24,0
S,7599832,up,7,0,1440,1520,688,-1024,-17208,23,-242,28,0
S,7604832,up,7,0,1440,1520,2104,-1032,-16760,24,-207,21,0
S,7609832,up,7,0,1440,1520,1216,-1208,-17264,30,-142,31,0
S,7614831,up,7,0,1440,1520,768,-1408,-17040,37,-84,1,0
S,7619831,up,7,0,1440,1520,1424,-864,-17040,57,-22,-26,0
S,7624831,up,7,0,1440,1520,1552,-1024,-17104,57,46,-32,0
S,7629831,up,7,0,1440,1520,1104,-1280,-17176,55,109,-41,0
S,7634832,up,7,0,1440,1520,1344,-816,-16952,52,150,-42,0
S,7639832,up,7,0,1440,1520,936,-512,-17320,30,196,-39,0
S,7644831,up,7,0,1440,1520,696,-1128,-17056,18,212,-41,0
S,7649832,up,7,0,1440,1520,1032,-920,-17080,2,194,-56,0
S,7654832,up,7,0,1440,1520,1032,-872,-17168,13,180,-61,0
S,7659831,up,7,0,1440,1520,1144,-880,-16952,13,163,-64,0
S,7664832,up,7,0,1440,1520,1216,-1000,-17128,33,138,-56,0
S,7669832,up,7,0,1440,1520,1096,-952,-16968,53,107,-47,0
S,7674831,up,7,0,1440,1520,1072,-968,-17152,60,72,-40,0
S,7679831,up,7,0,1440,1520,1152,-976,-16904,69,39,-40,0
S,7684831,up,7,0,1440,1520,1096,-1008,-17128,57,9,-28,0
S,7689831,up,7,0,1440,1520,1208,-880,-16944,50,-24,-25,0
S,7694831,up,7,0,1440,1520,1112,-880,-17032,38,-46,-18,0
S,7699831,up,7,0,1440,1520,1176,-904,-17008,30,-53,-15,0
S,7704831,up,7,0,1440,1520,976,-960,-17000,23,-60,-9,0
S,7709831,up,7,0,1440,1520,1136,-976,-17056,21,-51,-12,0
S,7714831,up,7,0,1440,1520,1224,-784,-17048,30,-36,-18,0
S,7719831,up,7,0,1440,1520,1088,-936,-17184,41,-17,-25,0
S,7724831,up,7,0,1440,1520,1160,-1104,-17032,47,5,-27,0
S,7729831,up,7,0,1440,1520,1088,-976,-17080,52,25,-28,0
S,7734831,up,7,0,1440,1520,968,-944,-17008,54,49,-25,0
S,7739831,up,7,0,1440,1520,1344,-968,-17040,48,52,-38,0
S,7744832,up,7,0,1440,1520,1216,-920,-17136,34,62,-30,0
S,7749832,up,7,0,1440,1520,1072,-1008,-17032,23,57,-35,0
S,7754831,up,7,0,1440,1520,1104,-944,-16992,21,52,-32,0
S,7759831,up,7,0,1440,1520,1200,-936,-17048,14,48,-33,0
S,7764831,up,7,0,1440,1520,1064,-976,-17112,22,29,-24,0
S,7769832,up,7,0,1440,1520,1136,-920,-17032,35,22,-27,0
S,7774831,up,7,0,1440,1520,1200,-1032,-16968,39,11,-32,0
S,7779831,up,7,0,1440,1520,1056,-936,-16992,50,8,-32,0
S,7784832,up,7,0,1440,1520,1032,-896,-17072,56,11,-28,0
S,7789831,up,7,0,1440,1520,1192,-1064,-17160,58,4,-22,0
S,7794831,up,7,0,1440,1520,1120,-1016,-16944,46,1,-24,0
S,7799831,up,7,0,1440,1520,1056,-888,-16976,35,9,-31,0
S,7804831,up,7,0,1440,1520,1160,-848,-17080,28,13,-28,0
S,7809831,up,7,0,1440,1520,952,-952,-17112,23,23,-38,0
S,7814832,up,7,0,1440,1520,1104,-960,-17024,25,26,-26,0
S,7819831,up,7,0,1440,1520,1104,-1056,-16976,31,35,-25,0
S,7824831,up,7,0,1440,1520,1120,-992,-17136,31,36,-29,0
S,7829831,up,7,0,1440,1520,1184,-928,-17200,47,40,-28,0
S,7834832,up,7,0,1440,1520,1184,-928,-17056,43,38,-34,0
S,7839831,up,7,0,1440,1520,1176,-832,-17128,45,36,-31,0
S,7844831,up,7,0,1440,1520,1088,-872,-16976,40,26,-27,0
S,7849831,up,7,0,1440,1520,1248,-992,-17104,36,18,-29,0
S,7854832,up,7,0,1440,1520,1208,-944,-17112,34,16,-26,0
S,7859832,up,7,0,1440,1520,1312,-904,-17064,32,8,-28,0
S,7864831,up,7,0,1440,1520,1120,-848,-17160,32,10,-30,0
S,7869831,up,7,0,1440,1520,1096,-1008,-16984,42,9,-28,0
S,7874831,up,7,0,1440,1520,1240,-1000,-16984,42,17,-35,0
S,7879831,up,7,0,1440,1520,1096,-992,-17064,45,23,-23,0
S,7884832,up,7,0,1440,1520,1128,-976,-17072,51,27,-32,0
S,7889832,up,7,0,1440,1520,1144,-872,-17008,40,28,-29,0
S,7894832,up,7,0,1440,1520,1080,-976,-16920,42,32,-35,0
S,7899832,up,7,0,1440,1520,968,-992,-17064,33,35,-24,0
S,7904831,up,7,0,1440,1520,1032,-944,-17160,29,32,-24,0
S,7909831,up,7,0,1440,1520,1120,-864,-17000,28,29,-32,0
S,7914831,up,7,0,1440,1520,1056,-984,-17072,30,28,-29,0
S,7919831,up,7,0,1440,1520,1104,-864,-17088,33,28,-32,0
S,7924831,up,7,0,1440,1520,1184,-1056,-17088,41,17,-28,0
S,7929832,up,7,0,1440,1520,1080,-960,-17096,42,18,-30,0
S,7934831,up,7,0,1440,1520,1032,-1032,-17128,44,18,-32,0
S,7939831,up,7,0,1440,1520,1208,-896,-17064,39,18,-30,0
S,7944831,up,7,0,1440,1520,1168,-944,-17080,42,15,-29,0
S,7949831,up,7,0,1440,1520,1016,-904,-17056,36,24,-33,0
S,7954831,up,7,0,1440,1520,1064,-1008,-17120,34,19,-31,0
S,7959832,up,7,0,1440,1520,1248,-1096,-17104,35,23,-24,0
S,7964831,up,7,0,1440,1520,1056,-984,-17064,35,29,-26,0
S,7969831,up,7,0,1440,1520,1176,-944,-17032,32,29,-22,0
S,7974831,up,7,0,1440,1520,1112,-1024,-16992,38,26,-34,0
S,7979831,up,7,0,1440,1520,1176,-984,-17016,43,27,-30,0
S,7984831,up,7,0,1440,1520,1000,-1064,-17088,47,23,-25,0
S,7989831,up,7,0,1440,1520,1240,-936,-17032,45,23,-35,0
S,7994831,up,7,0,1440,1520,1096,-1040,-16968,37,24,-28,0
S,7999831,up,7,0,1440,1520,1168,-904,-16992,39,19,-32,0
S,8004831,up,7,0,1440,1520,1120,-952,-17016,34,15,-25,0
S,8009832,up,7,0,1440,1520,1120,-872,-17112,37,18,-26,0
S,8014831,up,7,0,1440,1520,1104,-960,-16928,38,22,-30,0
S,8019831,up,7,0,1440,1520,1144,-1040,-17056,38,16,-24,0
S,8024831,up,7,0,1440,1520,1144,-992,-17016,45,23,-27,0
E,8024932,up,8,0,1450,1520,,,,,,,0
S,8025565,up,8,0,1450,1520,1064,-1000,-17064,39,22,-35,0
S,8030555,up,8,0,1450,1520,1080,-920,-17040,46,21,-29,0
S,8035554,up,8,0,1450,1520,992,-800,-17144,46,22,-29,0
S,8040554,up,8,0,1450,1520,112,-824,-17064,42,-25,-105,0
S,8045554,up,8,0,1450,1520,5536,-1384,-16016,43,-42,-29,0
S,8050554,up,8,0,1450,1520,1272,-1384,-17264,28,-43,-7,0
S,8055554,up,8,0,1450,1520,-1536,-280,-17376,46,-90,-45,0
S,8060554,up,8,0,1450,1520,1304,-968,-16392,39,-118,-35,0
S,8065554,up,8,0,1450,1520,-792,-1880,-17992,35,-148,-3,0
S,8070554,up,8,0,1450,1520,1384,72,-16576,51,-167,-11,0
S,8075554,up,8,0,1450,1520,-448,-1200,-17584,51,-186,-19,0
S,8080554,up,8,0,1450,1520,2392,-696,-16616,49,-210,-19,0
S,8085554,up,8,0,1450,1520,680,-1056,-17464,33,-196,6,0
S,8090554,up,8,0,1450,1520,1144,-1032,-16560,41,-194,11,0
S,8095554,up,8,0,1450,1520,944,-1056,-17448,29,-179,18,0
S,8100555,up,8,0,1450,1520,1136,-1096,-16768,21,-158,8,0
S,8105555,up,8,0,1450,1520,1040,-824,-17304,33,-128,1,0
S,8110554,up,8,0,1450,1520,1016,-928,-16920,35,-93,-18,0
S,8115554,up,8,0,1450,1520,864,-1176,-17240,44,-46,-20,0
S,8120555,up,8,0,1450,1520,1352,-1000,-16904,47,9,-27,0
S,8125554,up,8,0,1450,1520,760,-1000,-17336,50,68,-19,0
S,8130554,up,8,0,1450,1520,896,-920,-16840,45,101,-32,0
S,8135554,up,8,0,1450,1520,880,-1008,-17176,42,116,-38,0
S,8140554,up,8,0,1450,1520,1168,-840,-17008,24,133,-36,0
S,8145555,up,8,0,1450,1520,728,-1080,-17008,19,140,-46,0
S,8150554,up,8,0,1450,1520,1072,-896,-17224,13,126,-43,0
S,8155555,up,8,0,1450,1520,872,-960,-17032,8,112,-41,0
S,8160555,up,8,0,1450,1520,992,-1016,-16992,21,84,-40,0
S,8165554,up,8,0,1450,1520,1184,-1000,-17008,30,62,-33,0
S,8170554,up,8,0,1450,1520,840,-1016,-17136,52,31,-32,0
S,8175554,up,8,0,1450,1520,1008,-1032,-16936,64,8,-31,0
S,8180554,up,8,0,1450,1520,928,-856,-17128,60,-13,-26,0
S,8185555,up,8,0,1450,1520,1024,-1024,-17056,56,-28,-26,0
S,8190554,up,8,0,1450,1520,1032,-1000,-16960,51,-32,-26,0
S,8195554,up,8,0,1450,1520,1008,-896,-17088,36,-32,-22,0
S,8200554,up,8,0,1450,1520,1008,-984,-17024,36,-26,-21,0
S,8205554,up,8,0,1450,1520,1040,-1048,-17080,30,-18,-28,0
S,8210554,up,8,0,1450,1520,912,-888,-17104,27,3,-24,0
S,8215554,up,8,0,1450,1520,960,-1064,-17128,41,16,-28,0
S,8220554,up,8,0,1450,1520,1096,-1112,-17096,42,29,-28,0
S,8225554,up,8,0,1450,1520,880,-960,-17112,46,52,-31,0
S,8230554,up,8,0,1450,1520,1040,-968,-17024,40,53,-38,0
S,8235555,up,8,0,1450,1520,1040,-960,-17048,41,61,-29,0
S,8240554,up,8,0,1450,1520,904,-848,-16928,38,50,-30,0
S,8245554,up,8,0,1450,1520,1016,-984,-16888,26,45,-40,0
S,8250554,up,8,0,1450,1520,1064,-904,-17088,24,32,-29,0
S,8255554,up,8,0,1450,1520,880,-912,-17112,26,19,-28,0
S,8260554,up,8,0,1450,1520,1088,-1000,-17192,26,7,-27,0
S,8265555,up,8,0,1450,1520,888,-1024,-17120,36,5,-29,0
S,8270554,up,8,0,1450,1520,1216,-1040,-17072,51,3,-32,0
S,8275554,up,8,0,1450,1520,1024,-1080,-17128,48,7,-24,0
S,8280554,up,8,0,1450,1520,920,-984,-17152,53,9,-31,0
S,8285554,up,8,0,1450,1520,992,-832,-17112,52,14,-27,0
S,8290555,up,8,0,1450,1520,1024,-872,-17064,42,20,-25,0
S,8295555,up,8,0,1450,1520,848,-1064,-17016,34,27,-33,0
S,8300554,up,8,0,1450,1520,1040,-888,-17160,33,29,-33,0
S,8305554,up,8,0,1450,1520,992,-832,-17088,25,31,-28,0
S,8310555,up,8,0,1450,1520,1008,-1008,-17024,32,37,-25,0
S,8315555,up,8,0,1450,1520,904,-984,-17096,31,36,-31,0
S,8320554,up,8,0,1450,1520,1144,-928,-17048,35,26,-30,0
S,8325554,up,8,0,1450,1520,1000,-960,-17000,41,32,-25,0
S,8330554,up,8,0,1450,1520,1016,-904,-17120,45,26,-30,0
S,8335554,up,8,0,1450,1520,912,-848,-17000,42,19,-27,0
S,8340554,up,8,0,1450,1520,984,-912,-17048,46,24,-24,0
S,8345555,up,8,0,1450,1520,1000,-1024,-17104,34,16,-29,0
S,8350555,up,8,0,1450,1520,848,-864,-17040,38,11,-26,0
S,8355554,up,8,0,1450,1520,800,-1000,-17088,38,16,-29,0
S,8360555,up,8,0,1450,1520,1040,-840,-17032,38,12,-24,0
S,8365555,up,8,0,1450,1520,936,-1048,-17144,38,19,-23,0
S,8370555,up,8,0,1450,1520,944,-968,-17208,41,22,-29,0
S,8375554,up,8,0,1450,1520,968,-960,-17000,35,26,-28,0
S,8380555,up,8,0,1450,1520,968,-984,-17136,48,30,-28,0
S,8385554,up,8,0,1450,1520,880,-888,-17168,39,32,-33,0
S,8390554,up,8,0,1450,1520,816,-872,-17048,41,32,-30,0
S,8395555,up,8,0,1450,1520,928,-1048,-16944,35,28,-28,0
S,8400554,up,8,0,1450,1520,968,-952,-17176,37,28,-23,0
S,8405555,up,8,0,1450,1520,1032,-888,-17016,34,24,-30,0
S,8410555,up,8,0,1450,1520,960,-1008,-17104,37,19,-28,0
S,8415554,up,8,0,1450,1520,1000,-992,-16976,35,17,-31,0
S,8420554,up,8,0,1450,1520,1000,-872,-17112,40,17,-26,0
S,8425554,up,8,0,1450,1520,1016,-1112,-17144,43,13,-34,0
S,8430554,up,8,0,1450,1520,888,-984,-17152,40,16,-28,0
S,8435554,up,8,0,1450,1520,928,-1000,-17136,42,19,-30,0
S,8440554,up,8,0,1450,1520,1008,-1000,-17168,44,24,-29,0
S,8445554,up,8,0,1450,1520,1024,-1064,-17160,43,22,-30,0
S,8450554,up,8,0,1450,1520,936,-896,-17032,33,28,-34,0
S,8455555,up,8,0,1450,1520,984,-1008,-17072,32,23,-30,0
S,8460554,up,8,0,1450,1520,872,-1064,-17040,32,21,-31,0
S,8465554,up,8,0,1450,1520,944,-960,-17192,35,26,-27,0
S,8470555,up,8,0,1450,1520,1024,-1024,-17016,40,28,-29,0
S,8475554,up,8,0,1450,1520,1008,-1056,-17032,35,25,-24,0
S,8480554,up,8,0,1450,1520,1048,-1016,-17176,43,20,-27,0
S,8485554,up,8,0,1450,1520,1128,-976,-17080,41,25,-27,0
S,8490555,up,8,0,1450,1520,1048,-904,-17016,43,22,-30,0
S,8495554,up,8,0,1450,1520,984,-1048,-17216,38,23,-27,0
S,8500554,up,8,0,1450,1520,992,-960,-17024,38,18,-24,0
S,8505554,up,8,0,1450,1520,992,-1008,-17048,44,19,-24,0
S,8510554,up,8,0,1450,1520,864,-1048,-17064,38,21,-37,0
S,8515555,up,8,0,1450,1520,904,-896,-17144,38,19,-28,0
S,8520554,up,8,0,1450,1520,976,-944,-17040,38,24,-30,0
S,8525554,up,8,0,1450,1520,1072,-1040,-17048,39,20,-28,0
E,8525655,up,9,0,1460,1520,,,,,,,0
S,8526285,up,9,0,1460,1520,976,-1144,-17144,37,25,-29,0
S,8531275,up,9,0,1460,1520,720,-1160,-17216,40,30,-26,0
S,8536274,up,9,0,1460,1520,-1056,-576,-17080,41,9,-33,0
S,8541274,up,9,0,1460,1520,1592,-1048,-17904,44,-39,-94,0
S,8546274,up,9,0,1460,1520,-1632,296,-17016,33,-35,-89,0
S,8551274,up,9,0,1460,1520,3584,-936,-16616,51,-87,-82,0
S,8556274,up,9,0,1460,1520,-2600,-1320,-16784,43,-132,24,0
S,8561274,up,9,0,1460,1520,-2488,784,-17632,46,-155,-19,0
S,8566274,up,9,0,1460,1520,2304,560,-17176,61,-211,-52,0
S,8571274,up,9,0,1460,1520,1728,-1552,-17112,52,-231,-26,0
S,8576274,up,9,0,1460,1520,-328,-1920,-17112,43,-255,0,0
S,8581274,up,9,0,1460,1520,2984,-8,-16376,36,-268,-3,0
S,8586274,up,9,0,1460,1520,1352,-1360,-17016,34,-246,44,0
S,8591274,up,9,0,1460,1520,544,-880,-17640,33,-237,11,0
S,8596274,up,9,0,1460,1520,1440,-856,-16528,32,-202,20,0
S,8601274,up,9,0,1460,1520,1272,-1384,-17360,32,-147,43,0
S,8606274,up,9,0,1460,1520,384,-656,-17368,39,-93,-5,0
S,8611274,up,9,0,1460,1520,536,-1072,-16816,48,-45,-18,0
S,8616274,up,9,0,1460,1520,1328,-1136,-17208,54,16,-30,0
S,8621274,up,9,0,1460,1520,640,-944,-17120,48,80,-37,0
S,8626274,up,9,0,1460,1520,704,-888,-16896,51,129,-35,0
S,8631274,up,9,0,1460,1520,1096,-912,-17208,35,154,-40,0
S,8636274,up,9,0,1460,1520,96,-1008,-17184,18,176,-45,0
S,8641274,up,9,0,1460,1520,696,-872,-17072,13,166,-47,0
S,8646274,up,9,0,1460,1520,720,-992,-17312,9,156,-54,0
S,8651274,up,9,0,1460,1520,832,-944,-16856,11,140,-53,0
S,8656274,up,9,0,1460,1520,688,-1112,-17048,26,109,-48,0
S,8661274,up,9,0,1460,1520,1008,-960,-17080,46,85,-47,0
S,8666274,up,9,0,1460,1520,624,-1088,-17000,54,67,-37,0
S,8671274,up,9,0,1460,1520,824,-952,-17048,64,25,-36,0
S,8676275,up,9,0,1460,1520,680,-1024,-17008,59,1,-32,0
S,8681274,up,9,0,1460,1520,720,-880,-17120,46,-20,-27,0
S,8686274,up,9,0,1460,1520,736,-1056,-16976,48,-36,-23,0
S,8691274,up,9,0,1460,1520,800,-1032,-17128,30,-46,-16,0
S,8696274,up,9,0,1460,1520,816,-984,-17224,28,-42,-21,0
S,8701274,up,9,0,1460,1520,944,-1008,-17128,30,-31,-21,0
S,8706274,up,9,0,1460,1520,744,-1136,-17176,31,-12,-24,0
S,8711274,up,9,0,1460,1520,800,-1088,-17032,44,11,-29,0
S,8716274,up,9,0,1460,1520,840,-872,-17112,48,30,-30,0
S,8721274,up,9,0,1460,1520,736,-1024,-17120,49,47,-35,0
S,8726274,up,9,0,1460,1520,728,-1040,-16968,45,58,-25,0
S,8731274,up,9,0,1460,1520,856,-1040,-17160,45,53,-34,0
S,8736274,up,9,0,1460,1520,696,-976,-17112,28,59,-31,0
S,8741274,up,9,0,1460,1520,856,-896,-17024,24,43,-29,0
S,8746274,up,9,0,1460,1520,808,-968,-16968,20,37,-28,0
S,8751274,up,9,0,1460,1520,760,-960,-17024,21,23,-29,0
S,8756274,up,9,0,1460,1520,768,-944,-17192,37,14,-36,0
S,8761274,up,9,0,1460,1520,808,-880,-17072,44,7,-29,0
S,8766274,up,9,0,1460,1520,800,-1056,-17144,49,3,-30,0
S,8771274,up,9,0,1460,1520,792,-976,-16920,54,10,-25,0
S,8776274,up,9,0,1460,1520,744,-992,-17008,56,6,-28,0
S,8781274,up,9,0,1460,1520,760,-968,-17104,50,9,-27,0
S,8786274,up,9,0,1460,1520,840,-848,-17080,45,19,-26,0
S,8791274,up,9,0,1460,1520,824,-1032,-17192,32,24,-30,0
S,8796274,up,9,0,1460,1520,776,-952,-17080,23,27,-24,0
S,8801274,up,9,0,1460,1520,800,-1016,-16960,27,35,-33,0
S,8806274,up,9,0,1460,1520,736,-968,-17056,19,38,-28,0
S,8811274,up,9,0,1460,1520,808,-1056,-17184,28,44,-27,0
S,8816274,up,9,0,1460,1520,696,-952,-17152,39,40,-31,0
S,8821274,up,9,0,1460,1520,792,-1000,-17144,45,30,-34,0
S,8826274,up,9,0,1460,1520,816,-944,-17136,44,31,-28,0
S,8831274,up,9,0,1460,1520,800,-1056,-17088,47,20,-30,0
S,8836274,up,9,0,1460,1520,752,-1008,-16888,46,20,-26,0
S,8841274,up,9,0,1460,1520,776,-872,-17000,36,11,-32,0
S,8846274,up,9,0,1460,1520,776,-1000,-17184,30,7,-25,0
S,8851274,up,9,0,1460,1520,792,-920,-17160,37,7,-28,0
S,8856274,up,9,0,1460,1520,752,-1040,-17232,34,12,-29,0
S,8861274,up,9,0,1460,1520,656,-1032,-17040,35,15,-28,0
S,8866274,up,9,0,1460,1520,728,-960,-17152,50,20,-30,0
S,8871274,up,9,0,1460,1520,728,-912,-17000,45,31,-31,0
S,8876274,up,9,0,1460,1520,744,-1096,-17160,45,38,-29,0
S,8881274,up,9,0,1460,1520,720,-1016,-17056,44,31,-25,0
S,8886274,up,9,0,1460,1520,776,-936,-16984,34,32,-27,0
S,8891274,up,9,0,1460,1520,720,-1064,-17088,35,35,-34,0
S,8896274,up,9,0,1460,1520,872,-896,-17144,28,24,-28,0
S,8901274,up,9,0,1460,1520,760,-816,-17128,34,22,-31,0
S,8906274,up,9,0,1460,1520,800,-904,-16976,34,17,-31,0
S,8911274,up,9,0,1460,1520,720,-1176,-17032,38,19,-26,0
S,8916274,up,9,0,1460,1520,704,-960,-17104,43,18,-27,0
S,8921274,up,9,0,1460,1520,832,-960,-17144,51,18,-33,0
S,8926274,up,9,0,1460,1520,832,-920,-17152,44,16,-33,0
S,8931274,up,9,0,1460,1520,672,-848,-17024,50,22,-28,0
S,8936274,up,9,0,1460,1520,744,-1056,-17088,39,25,-31,0
S,8941274,up,9,0,1460,1520,776,-920,-16984,36,20,-28,0
S,8946274,up,9,0,1460,1520,832,-872,-17136,28,27,-30,0
S,8951274,up,9,0,1460,1520,800,-944,-17104,27,27,-31,0
S,8956274,up,9,0,1460,1520,776,-1040,-17024,33,27,-27,0
S,8961274,up,9,0,1460,1520,752,-904,-17072,28,30,-32,0
S,8966274,up,9,0,1460,1520,816,-840,-17152,41,33,-32,0
S,8971274,up,9,0,1460,1520,808,-1064,-17112,42,22,-29,0
S,8976274,up,9,0,1460,1520,760,-936,-17016,42,26,-28,0
S,8981274,up,9,0,1460,1520,784,-864,-17152,40,18,-29,0
S,8986274,up,9,0,1460,1520,848,-1088,-17176,43,19,-30,0
S,8991274,up,9,0,1460,1520,744,-1080,-17072,37,22,-31,0
S,8996274,up,9,0,1460,1520,704,-856,-17016,38,19,-29,0
S,9001274,up,9,0,1460,1520,800,-1008,-17152,32,25,-34,0
S,9006274,up,9,0,1460,1520,712,-960,-17032,34,17,-29,0
S,9011274,up,9,0,1460,1520,832,-1024,-17016,41,24,-30,0
S,9016274,up,9,0,1460,1520,792,-880,-16984,38,27,-28,0
S,9021274,up,9,0,1460,1520,744,-1104,-17112,43,28,-29,0
S,9026275,up,9,0,1460,1520,808,-952,-16960,38,27,-32,0
E,9026375,up,10,0,1470,1520,,,,,,,0
S,9027006,up,10,0,1470,1520,792,-1112,-17136,38,31,-33,0
S,9031996,up,10,0,1470,1520,824,-1064,-17000,43,27,-25,0
S,9036995,up,10,0,1470,1520,-1920,-536,-17184,41,-7,-45,0
S,9041995,up,10,0,1470,1520,2832,-1048,-18096,37,-52,-124,0
S,9046995,up,10,0,1470,1520,1656,64,-16944,53,-71,-123,0
S,9051995,up,10,0,1470,1520,-392,-3600,-16416,55,-122,-71,0
S,9056995,up,10,0,1470,1520,-56,-1176,-17192,39,-153,2,0
S,9061995,up,10,0,1470,1520,1192,-72,-17128,48,-224,-35,0
S,9066995,up,10,0,1470,1520,1360,-440,-16888,47,-255,-10,0
S,9071995,up,10,0,1470,1520,40,-2224,-17480,49,-312,-10,0
S,9076995,up,10,0,1470,1520,1664,-1008,-16536,40,-334,-13,0
S,9081995,up,10,0,1470,1520,232,-472,-16976,38,-331,36,0
S,9086995,up,10,0,1470,1520,-64,-1952,-17640,42,-362,-4,0
S,9091995,up,10,0,1470,1520,1608,-576,-16536,43,-335,29,0
S,9096995,up,10,0,1470,1520,344,-624,-17440,26,-304,43,0
S,9101995,up,10,0,1470,1520,928,-1648,-17016,28,-287,20,0
S,9106995,up,10,0,1470,1520,536,-640,-16968,32,-230,41,0
S,9111995,up,10,0,1470,1520,16,-1384,-17552,40,-177,4,0
S,9116995,up,10,0,1470,1520,-8,-912,-16680,48,-130,-21,0
S,9121995,up,10,0,1470,1520,2544,-752,-17048,52,-58,-28,0
S,9126995,up,10,0,1470,1520,1168,-992,-17264,53,26,-32,0
S,9131995,up,10,0,1470,1520,784,-1928,-16704,44,69,-27,0
S,9136995,up,10,0,1470,1520,960,-856,-17336,51,113,-39,0
S,9141995,up,10,0,1470,1520,640,-688,-17032,30,163,-39,0
S,9146995,up,10,0,1470,1520,704,-1344,-16984,14,182,-32,0
S,9151996,up,10,0,1470,1520,520,-800,-17072,8,185,-38,0
S,9156995,up,10,0,1470,1520,728,-744,-17080,9,187,-36,0
S,9161995,up,10,0,1470,1520,456,-1056,-17128,22,187,-38,0
S,9166995,up,10,0,1470,1520,552,-1136,-16984,33,174,-37,0
S,9171995,up,10,0,1470,1520,464,-936,-17064,49,154,-32,0
S,9176995,up,10,0,1470,1520,496,-912,-17160,53,137,-34,0
S,9181995,up,10,0,1470,1520,504,-880,-16912,69,109,-42,0
S,9186995,up,10,0,1470,1520,328,-1040,-17104,53,81,-33,0
S,9191995,up,10,0,1470,1520,416,-808,-17128,51,54,-30,0
S,9196995,up,10,0,1470,1520,328,-936,-17008,42,30,-34,0
S,9201995,up,10,0,1470,1520,592,-1024,-17032,21,5,-28,0
S,9206995,up,10,0,1470,1520,568,-968,-17056,24,-16,-28,0
S,9211995,up,10,0,1470,1520,536,-1112,-16928,19,-28,-30,0
S,9216995,up,10,0,1470,1520,560,-1048,-17080,21,-34,-30,0
S,9221995,up,10,0,1470,1520,640,-1048,-17064,36,-37,-24,0
S,9226995,up,10,0,1470,1520,752,-792,-17128,46,-33,-26,0
S,9231995,up,10,0,1470,1520,592,-1064,-17040,56,-24,-30,0
S,9236995,up,10,0,1470,1520,544,-1040,-17232,59,-14,-35,0
S,9241995,up,10,0,1470,1520,504,-968,-17088,48,-2,-20,0
S,9246995,up,10,0,1470,1520,488,-960,-17112,50,17,-23,0
S,9251995,up,10,0,1470,1520,608,-848,-16984,33,27,-27,0
S,9256995,up,10,0,1470,1520,576,-960,-17200,27,45,-26,0
S,9261996,up,10,0,1470,1520,496,-936,-16936,24,52,-32,0
S,9266995,up,10,0,1470,1520,568,-1016,-17112,20,52,-35,0
S,9271995,up,10,0,1470,1520,392,-880,-17104,15,49,-26,0
S,9276995,up,10,0,1470,1520,528,-944,-17096,29,41,-31,0
S,9281995,up,10,0,1470,1520,632,-896,-17168,37,36,-25,0
S,9286995,up,10,0,1470,1520,536,-864,-17048,44,30,-37,0
S,9291995,up,10,0,1470,1520,520,-928,-17144,48,21,-36,0
S,9296995,up,10,0,1470,1520,504,-1096,-16984,48,11,-30,0
S,9301995,up,10,0,1470,1520,528,-896,-17080,45,6,-27,0
S,9306995,up,10,0,1470,1520,464,-880,-17040,44,-2,-34,0
S,9311995,up,10,0,1470,1520,440,-1008,-16960,34,0,-28,0
S,9316995,up,10,0,1470,1520,552,-1016,-17072,33,4,-31,0
S,9321995,up,10,0,1470,1520,496,-832,-17112,34,12,-28,0
S,9326995,up,10,0,1470,1520,408,-920,-17072,34,22,-32,0
S,9331995,up,10,0,1470,1520,576,-1024,-17008,38,35,-31,0
S,9336995,up,10,0,1470,1520,552,-1048,-17080,40,38,-31,0
S,9341995,up,10,0,1470,1520,568,-968,-17016,41,35,-31,0
S,9346995,up,10,0,1470,1520,472,-968,-16960,33,38,-31,0
S,9351995,up,10,0,1470,1520,512,-952,-17096,37,36,-25,0
S,9356995,up,10,0,1470,1520,544,-1048,-17008,39,36,-28,0
S,9361996,up,10,0,1470,1520,528,-920,-17008,27,26,-24,0
S,9366995,up,10,0,1470,1520,504,-928,-17096,35,19,-25,0
S,9371995,up,10,0,1470,1520,416,-992,-17008,34,10,-27,0
S,9376995,up,10,0,1470,1520,664,-976,-17128,39,15,-28,0
S,9381995,up,10,0,1470,1520,552,-1032,-17024,41,17,-35,0
S,9386995,up,10,0,1470,1520,528,-856,-17088,43,13,-31,0
S,9391995,up,10,0,1470,1520,624,-1040,-17080,48,17,-30,0
S,9396995,up,10,0,1470,1520,616,-904,-17168,47,19,-32,0
S,9401995,up,10,0,1470,1520,576,-904,-17008,41,24,-28,0
S,9406996,up,10,0,1470,1520,536,-912,-17176,38,30,-28,0
S,9411995,up,10,0,1470,1520,496,-1016,-17056,31,30,-33,0
S,9416995,up,10,0,1470,1520,464,-912,-17040,32,29,-32,0
S,9421995,up,10,0,1470,1520,568,-952,-17048,24,25,-33,0
S,9426995,up,10,0,1470,1520,456,-936,-17152,37,31,-27,0
S,9431995,up,10,0,1470,1520,656,-984,-17176,41,23,-34,0
S,9436995,up,10,0,1470,1520,568,-920,-17128,42,23,-33,0
S,9441995,up,10,0,1470,1520,496,-880,-17056,40,20,-35,0
S,9446995,up,10,0,1470,1520,496,-1000,-17024,42,20,-22,0
S,9451995,up,10,0,1470,1520,416,-1016,-16992,42,22,-27,0
S,9456995,up,10,0,1470,1520,592,-1008,-17136,38,15,-33,0
S,9461995,up,10,0,1470,1520,576,-1024,-17192,38,12,-27,0
S,9466995,up,10,0,1470,1520,552,-1016,-16960,38,20,-29,0
S,9471995,up,10,0,1470,1520,376,-968,-17080,44,20,-27,0
S,9476995,up,10,0,1470,1520,584,-864,-17000,33,23,-30,0
S,9481995,up,10,0,1470,1520,496,-1088,-17144,40,33,-34,0
S,9486995,up,10,0,1470,1520,552,-952,-17112,47,35,-29,0
S,9491995,up,10,0,1470,1520,552,-992,-17008,40,29,-31,0
S,9496995,up,10,0,1470,1520,480,-904,-17040,42,27,-33,0
S,9501995,up,10,0,1470,1520,592,-904,-16992,35,26,-33,0
S,9506995,up,10,0,1470,1520,424,-1008,-17144,33,24,-31,0
S,9511995,up,10,0,1470,1520,560,-992,-16984,31,21,-30,0
S,9516995,up,10,0,1470,1520,520,-920,-17168,42,23,-34,0
S,9521996,up,10,0,1470,1520,608,-1000,-17136,35,24,-23,0
S,9526996,up,10,0,1470,1520,520,-1008,-17112,40,18,-27,0
E,9527097,up,11,0,1480,1520,,,,,,,0
S,9527732,up,11,0,1480,1520,552,-1016,-17120,40,19,-24,0
S,9532724,up,11,0,1480,1520,472,-1032,-17128,38,19,-31,0
S,9537722,up,11,0,1480,1520,88,-1288,-17144,39,16,-26,0
S,9542722,up,11,0,1480,1520,-1432,-320,-17504,38,-32,-139,0
S,9547722,up,11,0,1480,1520,4808,-1376,-16192,45,-35,21,0
S,9552722,up,11,0,1480,1520,-3128,-1784,-18256,26,-83,3,0
S,9557722,up,11,0,1480,1520,-3136,1920,-17208,34,-81,-34,0
S,9562722,up,11,0,1480,1520,1272,-2168,-17440,42,-136,-88,0
S,9567722,up,11,0,1480,1520,1008,-2264,-16416,40,-166,-9,0
S,9572722,up,11,0,1480,1520,-208,-1160,-17152,42,-194,-18,0
S,9577722,up,11,0,1480,1520,216,-592,-16648,49,-202,14,0
S,9582722,up,11,0,1480,1520,600,-1136,-18040,49,-234,-38,0
S,9587722,up,11,0,1480,1520,1928,-1176,-16048,47,-237,-10,0
S,9592722,up,11,0,1480,1520,144,-1024,-17504,38,-205,23,0
S,9597722,up,11,0,1480,1520,640,-992,-16952,37,-202,6,0
S,9602722,up,11,0,1480,1520,904,-776,-16984,33,-158,20,0
S,9607722,up,11,0,1480,1520,48,-920,-17320,31,-115,19,0
S,9612722,up,11,0,1480,1520,520,-1472,-17056,28,-67,-8,0
S,9617722,up,11,0,1480,1520,256,-792,-17024,43,-17,-21,0
S,9622722,up,11,0,1480,1520,728,-848,-17160,48,42,-34,0
S,9627722,up,11,0,1480,1520,192,-1304,-17000,50,89,-35,0
S,9632722,up,11,0,1480,1520,472,-1176,-17128,42,115,-36,0
S,9637722,up,11,0,1480,1520,504,-800,-17288,36,134,-49,0
S,9642722,up,11,0,1480,1520,248,-1064,-16872,24,136,-46,0
S,9647722,up,11,0,1480,1520,352,-984,-17200,15,129,-47,0
S,9652722,up,11,0,1480,1520,416,-920,-17056,9,116,-43,0
S,9657722,up,11,0,1480,1520,152,-920,-17144,22,93,-46,0
S,9662722,up,11,0,1480,1520,376,-1056,-17072,42,58,-40,0
S,9667723,up,11,0,1480,1520,408,-1024,-17184,49,32,-30,0
S,9672723,up,11,0,1480,1520,448,-1088,-17040,58,12,-33,0
S,9677722,up,11,0,1480,1520,504,-984,-17120,59,-14,-31,0
S,9682722,up,11,0,1480,1520,400,-960,-17016,61,-29,-28,0
S,9687722,up,11,0,1480,1520,192,-960,-17064,49,-29,-22,0
S,9692722,up,11,0,1480,1520,448,-1008,-17176,46,-34,-17,0
S,9697722,up,11,0,1480,1520,264,-1008,-17000,40,-31,-23,0
S,9702722,up,11,0,1480,1520,344,-1120,-17112,31,-19,-23,0
S,9707723,up,11,0,1480,1520,512,-920,-17160,34,0,-21,0
S,9712722,up,11,0,1480,1520,272,-992,-17160,35,21,-26,0
S,9717722,up,11,0,1480,1520,464,-1064,-16888,38,40,-31,0
S,9722722,up,11,0,1480,1520,472,-1176,-17176,40,52,-26,0
S,9727722,up,11,0,1480,1520,352,-1016,-17008,41,55,-33,0
S,9732722,up,11,0,1480,1520,304,-1064,-17080,40,62,-35,0
S,9737722,up,11,0,1480,1520,296,-872,-17072,34,54,-37,0
S,9742722,up,11,0,1480,1520,312,-968,-16920,32,42,-33,0
S,9747722,up,11,0,1480,1520,400,-952,-17136,25,34,-24,0
S,9752722,up,11,0,1480,1520,328,-904,-17032,29,16,-30,0
S,9757722,up,11,0,1480,1520,392,-1128,-17152,38,7,-23,0
S,9762722,up,11,0,1480,1520,328,-920,-17192,42,-2,-28,0
S,9767722,up,11,0,1480,1520,240,-1120,-17136,47,-2,-29,0
S,9772722,up,11,0,1480,1520,336,-872,-17064,51,2,-29,0
S,9777722,up,11,0,1480,1520,400,-936,-17112,47,8,-29,0
S,9782722,up,11,0,1480,1520,416,-1032,-16944,51,12,-29,0
S,9787722,up,11,0,1480,1520,528,-1000,-17056,47,20,-32,0
S,9792722,up,11,0,1480,1520,376,-1024,-17088,34,29,-35,0
S,9797722,up,11,0,1480,1520,272,-1016,-17096,29,35,-31,0
S,9802722,up,11,0,1480,1520,360,-944,-17152,31,40,-27,0
S,9807722,up,11,0,1480,1520,352,-944,-17104,23,42,-29,0
S,9812722,up,11,0,1480,1520,328,-920,-17144,25,33,-29,0
S,9817722,up,11,0,1480,1520,392,-984,-17088,38,37,-33,0
S,9822722,up,11,0,1480,1520,376,-928,-17096,39,30,-30,0
S,9827722,up,11,0,1480,1520,368,-952,-16992,42,24,-33,0
S,9832722,up,11,0,1480,1520,344,-1000,-17176,47,15,-25,0
S,9837722,up,11,0,1480,1520,352,-1016,-17040,40,12,-29,0
S,9842722,up,11,0,1480,1520,352,-832,-17104,42,9,-32,0
S,9847722,up,11,0,1480,1520,312,-1056,-17152,38,7,-33,0
S,9852722,up,11,0,1480,1520,256,-968,-17064,29,9,-24,0
S,9857722,up,11,0,1480,1520,272,-1016,-17088,29,17,-23,0
S,9862722,up,11,0,1480,1520,352,-1040,-17104,36,19,-31,0
S,9867722,up,11,0,1480,1520,232,-968,-17256,36,34,-30,0
S,9872722,up,11,0,1480,1520,416,-992,-17168,38,34,-25,0
S,9877722,up,11,0,1480,1520,360,-1032,-17192,42,38,-25,0
S,9882723,up,11,0,1480,1520,320,-936,-17160,41,35,-29,0
S,9887722,up,11,0,1480,1520,352,-992,-17128,42,27,-32,0
S,9892722,up,11,0,1480,1520,392,-1048,-16984,36,26,-24,0
S,9897722,up,11,0,1480,1520,264,-1032,-16904,32,18,-29,0
S,9902722,up,11,0,1480,1520,352,-952,-17104,32,26,-26,0
S,9907722,up,11,0,1480,1520,360,-976,-17120,32,21,-24,0
S,9912722,up,11,0,1480,1520,352,-992,-17064,38,18,-29,0
S,9917722,up,11,0,1480,1520,296,-968,-17200,41,13,-38,0
S,9922722,up,11,0,1480,1520,400,-952,-17096,39,18,-29,0
S,9927722,up,11,0,1480,1520,384,-968,-17040,42,21,-28,0
S,9932722,up,11,0,1480,1520,336,-912,-17088,41,18,-28,0
S,9937722,up,11,0,1480,1520,344,-952,-17032,42,25,-27,0
S,9942723,up,11,0,1480,1520,408,-960,-16960,34,26,-30,0
S,9947722,up,11,0,1480,1520,464,-872,-16960,34,26,-29,0
S,9952722,up,11,0,1480,1520,304,-928,-17096,34,30,-27,0
S,9957722,up,11,0,1480,1520,352,-1016,-17272,30,29,-28,0
S,9962722,up,11,0,1480,1520,376,-1000,-17080,31,26,-23,0
S,9967722,up,11,0,1480,1520,408,-1008,-17120,41,29,-28,0
S,9972722,up,11,0,1480,1520,384,-1088,-17096,42,25,-29,0
S,9977723,up,11,0,1480,1520,384,-1040,-17048,48,28,-26,0
S,9982722,up,11,0,1480,1520,368,-1040,-17072,47,18,-28,0
S,9987722,up,11,0,1480,1520,384,-904,-17120,38,18,-31,0
S,9992722,up,11,0,1480,1520,248,-1088,-17104,37,13,-27,0
S,9997722,up,11,0,1480,1520,512,-896,-17144,38,19,-30,0
S,10002722,up,11,0,1480,1520,448,-1112,-17056,37,21,-27,0
S,10007722,up,11,0,1480,1520,320,-928,-16992,35,25,-35,0
S,10012722,up,11,0,1480,1520,344,-944,-17104,37,20,-30,0
S,10017722,up,11,0,1480,1520,360,-952,-17000,40,19,-31,0
S,10022722,up,11,0,1480,1520,304,-1008,-16968,37,26,-23,0
S,10027722,up,11,0,1480,1520,344,-1152,-17016,39,29,-33,0
E,10027826,up,12,0,1490,1520,,,,,,,0
S,10028458,up,12,0,1490,1520,344,-1152,-17016,37,29,-32,0
S,10033450,up,12,0,1490,1520,280,-1048,-17144,38,27,-22,0
S,10038450,up,12,0,1490,1520,88,-1016,-17144,39,21,-27,0
S,10043450,up,12,0,1490,1520,-632,-280,-16936,38,-27,-126,0
S,10048450,up,12,0,1490,1520,368,-1592,-17552,40,-41,-3,0
S,10053450,up,12,0,1490,1520,-4432,-304,-17656,26,-60,-37,0
S,10058450,up,12,0,1490,1520,2096,2336,-17928,52,-95,-80,0
S,10063450,up,12,0,1490,1520,2584,-1856,-16848,50,-144,-74,0
S,10068450,up,12,0,1490,1520,416,-1200,-16696,40,-187,-11,0
S,10073450,up,12,0,1490,1520,968,-280,-17600,39,-214,-1,0
S,10078450,up,12,0,1490,1520,1512,320,-16328,55,-274,0,0
S,10083450,up,12,0,1490,1520,80,-552,-17440,39,-284,-9,0
S,10088450,up,12,0,1490,1520,1200,-880,-16680,40,-291,7,0
S,10093450,up,12,0,1490,1520,-384,-816,-17456,34,-267,41,0
S,10098450,up,12,0,1490,1520,400,-976,-17120,34,-262,16,0
S,10103450,up,12,0,1490,1520,1352,-1072,-17072,39,-227,54,0
S,10108450,up,12,0,1490,1520,-1544,-704,-17624,28,-182,-15,0
S,10113450,up,12,0,1490,1520,112,-1128,-16544,56,-139,-33,0
S,10118450,up,12,0,1490,1520,1040,-1520,-17416,44,-81,-26,0
S,10123450,up,12,0,1490,1520,128,-248,-17288,32,-20,-22,0
S,10128450,up,12,0,1490,1520,-144,-1008,-16704,33,36,-30,0
S,10133450,up,12,0,1490,1520,456,-1248,-17504,36,80,-33,0
S,10138450,up,12,0,1490,1520,512,-888,-16976,31,112,-39,0
S,10143450,up,12,0,1490,1520,-488,-1216,-16752,29,140,-34,0
S,10148450,up,12,0,1490,1520,288,-960,-17152,21,151,-35,0
S,10153450,up,12,0,1490,1520,160,-1184,-17184,23,157,-36,0
S,10158450,up,12,0,1490,1520,-80,-1056,-17208,17,149,-35,0
S,10163450,up,12,0,1490,1520,272,-944,-17016,30,132,-30,0
S,10168450,up,12,0,1490,1520,-72,-920,-17168,36,117,-35,0
S,10173450,up,12,0,1490,1520,40,-1048,-17104,46,91,-34,0
S,10178450,up,12,0,1490,1520,48,-1000,-17040,48,71,-33,0
S,10183450,up,12,0,1490,1520,96,-944,-17144,50,46,-27,0
S,10188450,up,12,0,1490,1520,-40,-960,-17088,43,23,-26,0
S,10193450,up,12,0,1490,1520,64,-1024,-17192,36,0,-28,0
S,10198450,up,12,0,1490,1520,88,-1048,-17080,35,-11,-24,0
S,10203450,up,12,0,1490,1520,152,-1128,-17184,39,-22,-22,0
S,10208450,up,12,0,1490,1520,168,-928,-17128,32,-25,-27,0
S,10213450,up,12,0,1490,1520,64,-1120,-17128,41,-21,-26,0
S,10218450,up,12,0,1490,1520,240,-1088,-17000,45,-8,-25,0
S,10223450,up,12,0,1490,1520,232,-992,-17256,45,7,-26,0
S,10228450,up,12,0,1490,1520,224,-888,-17080,45,22,-27,0
S,10233450,up,12,0,1490,1520,40,-976,-17024,40,33,-32,0
S,10238450,up,12,0,1490,1520,168,-1008,-17168,43,36,-35,0
S,10243450,up,12,0,1490,1520,88,-1072,-17104,33,52,-29,0
S,10248450,up,12,0,1490,1520,168,-944,-17264,26,50,-28,0
S,10253450,up,12,0,1490,1520,312,-888,-17040,28,45,-28,0
S,10258450,up,12,0,1490,1520,48,-1024,-16976,27,39,-36,0
S,10263450,up,12,0,1490,1520,168,-952,-17152,30,40,-23,0
S,10268450,up,12,0,1490,1520,216,-1112,-17152,34,36,-32,0
S,10273450,up,12,0,1490,1520,112,-1072,-17032,43,25,-28,0
S,10278450,up,12,0,1490,1520,240,-968,-16952,47,15,-27,0
S,10283450,up,12,0,1490,1520,96,-1064,-16984,49,12,-34,0
S,10288450,up,12,0,1490,1520,88,-992,-17248,44,15,-34,0
S,10293450,up,12,0,1490,1520,152,-920,-17136,40,8,-31,0
S,10298450,up,12,0,1490,1520,112,-952,-17208,41,15,-28,0
S,10303450,up,12,0,1490,1520,216,-960,-17168,35,7,-30,0
S,10308450,up,12,0,1490,1520,176,-1064,-17096,30,12,-31,0
S,10313450,up,12,0,1490,1520,184,-1080,-16984,31,21,-29,0
S,10318450,up,12,0,1490,1520,152,-1016,-17104,33,29,-31,0
S,10323450,up,12,0,1490,1520,224,-1024,-17112,33,34,-34,0
S,10328450,up,12,0,1490,1520,112,-936,-17280,43,35,-32,0
S,10333450,up,12,0,1490,1520,144,-1000,-17104,39,45,-26,0
S,10338450,up,12,0,1490,1520,128,-960,-17048,36,35,-29,0
S,10343450,up,12,0,1490,1520,112,-1064,-17128,38,34,-35,0
S,10348450,up,12,0,1490,1520,216,-1016,-17168,32,29,-29,0
S,10353450,up,12,0,1490,1520,144,-1032,-17032,30,16,-30,0
S,10358450,up,12,0,1490,1520,200,-1080,-17160,37,20,-34,0
S,10363450,up,12,0,1490,1520,216,-952,-17192,32,14,-29,0
S,10368450,up,12,0,1490,1520,96,-1072,-17072,41,16,-34,0
S,10373450,up,12,0,1490,1520,200,-1128,-17016,34,16,-27,0
S,10378450,up,12,0,1490,1520,32,-960,-17296,43,14,-32,0
S,10383450,up,12,0,1490,1520,80,-984,-16968,44,17,-24,0
S,10388450,up,12,0,1490,1520,160,-1144,-17128,43,21,-29,0
S,10393450,up,12,0,1490,1520,56,-968,-17096,39,24,-30,0
S,10398450,up,12,0,1490,1520,240,-840,-17120,40,32,-32,0
S,10403450,up,12,0,1490,1520,152,-960,-17136,32,29,-30,0
S,10408450,up,12,0,1490,1520,184,-992,-17128,27,28,-31,0
S,10413450,up,12,0,1490,1520,168,-992,-17040,34,24,-33,0
S,10418450,up,12,0,1490,1520,248,-1056,-17184,39,26,-26,0
S,10423450,up,12,0,1490,1520,168,-880,-17112,39,24,-28,0
S,10428450,up,12,0,1490,1520,136,-960,-17112,41,28,-26,0
S,10433450,up,12,0,1490,1520,16,-920,-17240,42,21,-27,0
S,10438450,up,12,0,1490,1520,312,-952,-17024,44,19,-28,0
S,10443450,up,12,0,1490,1520,32,-1000,-17176,43,20,-24,0
S,10448450,up,12,0,1490,1520,176,-976,-17072,34,14,-29,0
S,10453450,up,12,0,1490,1520,72,-1064,-17192,33,16,-24,0
S,10458450,up,12,0,1490,1520,216,-952,-17240,38,19,-22,0
S,10463450,up,12,0,1490,1520,88,-928,-17048,36,23,-28,0
S,10468450,up,12,0,1490,1520,376,-1040,-17048,33,20,-27,0
S,10473450,up,12,0,1490,1520,272,-1072,-17080,35,23,-24,0
S,10478450,up,12,0,1490,1520,176,-936,-17112,35,25,-29,0
S,10483450,up,12,0,1490,1520,152,-984,-17104,39,27,-36,0
S,10488450,up,12,0,1490,1520,0,-1016,-17184,36,29,-29,0
S,10493450,up,12,0,1490,1520,144,-1032,-17008,39,29,-31,0
S,10498450,up,12,0,1490,1520,176,-984,-17248,41,23,-27,0
S,10503450,up,12,0,1490,1520,104,-928,-17128,38,25,-37,0
S,10508450,up,12,0,1490,1520,216,-952,-17248,33,20,-26,0
S,10513450,up,12,0,1490,1520,88,-1040,-17280,30,21,-30,0
S,10518450,up,12,0,1490,1520,176,-968,-17248,34,18,-33,0
S,10523450,up,12,0,1490,1520,168,-1088,-17200,40,22,-29,0
S,10528450,up,12,0,1490,1520,216,-888,-17128,43,18,-29,0
E,10528552,up,13,0,1500,1520,,,,,,,0
S,10529186,up,13,0,1500,1520,144,-912,-17016,43,18,-29,0
S,10534178,up,13,0,1500,1520,88,-1016,-17048,42,27,-26,0
S,10539177,up,13,0,1500,1520,192,-680,-17088,40,24,-34,0
S,10544177,up,13,0,1500,1520,1488,160,-17152,37,31,-54,0
S,10549177,up,13,0,1500,1520,-72,-3304,-17192,32,21,-35,0
S,10554177,up,13,0,1500,1520,-456,-1048,-16664,38,-18,-88,0
S,10559177,up,13,0,1500,1520,-1832,-512,-17680,27,-30,10,0
S,10564177,up,13,0,1500,1520,-1360,-1056,-17912,31,-50,-106,0
S,10569177,up,13,0,1500,1520,1304,-592,-16320,54,-55,-88,0
S,10574177,up,13,0,1500,1520,-1088,-4760,-17352,42,-73,-58,0
S,10579177,up,13,0,1500,1520,624,-872,-16472,32,-86,-29,0
S,10584177,up,13,0,1500,1520,576,-40,-17128,47,-97,-20,0
S,10589177,up,13,0,1500,1520,208,-1576,-16992,44,-93,-13,0
S,10594177,up,13,0,1500,1520,-56,-1472,-17232,40,-97,-13,0
S,10599177,up,13,0,1500,1520,232,-592,-16984,43,-92,-12,0
S,10604177,up,13,0,1500,1520,152,-752,-17128,48,-65,-19,0
S,10609177,up,13,0,1500,1520,256,-1088,-17160,37,-47,-12,0
S,10614177,up,13,0,1500,1520,216,-1152,-16880,44,-23,-19,0
S,10619177,up,13,0,1500,1520,136,-944,-17224,34,2,-24,0
S,10624177,up,13,0,1500,1520,144,-1184,-17120,31,22,-30,0
S,10629177,up,13,0,1500,1520,56,-1040,-16992,35,49,-31,0
S,10634177,up,13,0,1500,1520,80,-968,-17216,30,62,-31,0
S,10639177,up,13,0,1500,1520,0,-944,-17144,34,71,-40,0
S,10644177,up,13,0,1500,1520,8,-976,-17032,33,73,-30,0
S,10649177,up,13,0,1500,1520,8,-1000,-17112,30,61,-35,0
S,10654177,up,13,0,1500,1520,40,-912,-17064,31,45,-33,0
S,10659177,up,13,0,1500,1520,-40,-896,-17112,29,41,-26,0
S,10664177,up,13,0,1500,1520,96,-1056,-17136,32,17,-25,0
S,10669177,up,13,0,1500,1520,80,-1184,-17096,33,5,-34,0
S,10674177,up,13,0,1500,1520,72,-992,-17096,45,-6,-30,0
S,10679177,up,13,0,1500,1520,-32,-984,-17184,45,-5,-28,0
S,10684177,up,13,0,1500,1520,80,-1096,-17128,46,-5,-26,0
S,10689177,up,13,0,1500,1520,80,-1056,-17048,42,-4,-25,0
S,10694177,up,13,0,1500,1520,-24,-976,-17240,45,8,-23,0
S,10699177,up,13,0,1500,1520,40,-912,-17008,46,21,-29,0
S,10704177,up,13,0,1500,1520,96,-944,-17080,32,27,-30,0
S,10709177,up,13,0,1500,1520,-8,-1080,-17152,29,36,-27,0
S,10714177,up,13,0,1500,1520,-24,-1024,-17176,34,40,-32,0
S,10719177,up,13,0,1500,1520,0,-920,-17056,25,42,-25,0
S,10724177,up,13,0,1500,1520,136,-992,-17152,29,48,-34,0
S,10729177,up,13,0,1500,1520,64,-1032,-17152,30,36,-28,0
S,10734177,up,13,0,1500,1520,160,-968,-17192,40,32,-26,0
S,10739177,up,13,0,1500,1520,144,-1208,-17168,49,25,-26,0
S,10744177,up,13,0,1500,1520,120,-880,-17024,40,9,-28,0
S,10749177,up,13,0,1500,1520,120,-1024,-17128,42,5,-33,0
S,10754177,up,13,0,1500,1520,-72,-952,-16968,46,3,-30,0
S,10759177,up,13,0,1500,1520,136,-912,-17184,39,8,-29,0
S,10764177,up,13,0,1500,1520,0,-1136,-17072,39,12,-32,0
S,10769177,up,13,0,1500,1520,56,-1088,-17120,41,10,-29,0
S,10774177,up,13,0,1500,1520,72,-960,-17136,38,19,-32,0
S,10779177,up,13,0,1500,1520,-56,-976,-16912,35,22,-29,0
S,10784177,up,13,0,1500,1520,144,-1056,-17112,39,32,-30,0
S,10789177,up,13,0,1500,1520,24,-936,-16992,38,41,-32,0
S,10794177,up,13,0,1500,1520,136,-984,-17072,33,40,-27,0
S,10799177,up,13,0,1500,1520,104,-1000,-17088,36,34,-34,0
S,10804177,up,13,0,1500,1520,64,-1008,-17144,37,32,-24,0
S,10809177,up,13,0,1500,1520,88,-1072,-16960,39,25,-27,0
S,10814177,up,13,0,1500,1520,48,-1032,-17016,39,24,-32,0
S,10819177,up,13,0,1500,1520,152,-1016,-17080,38,8,-30,0
S,10824177,up,13,0,1500,1520,80,-1048,-17144,36,17,-35,0
S,10829177,up,13,0,1500,1520,88,-928,-17056,40,16,-26,0
S,10834177,up,13,0,1500,1520,112,-1016,-17152,43,17,-28,0
S,10839177,up,13,0,1500,1520,32,-992,-17136,41,14,-27,0
S,10844177,up,13,0,1500,1520,24,-984,-17112,43,14,-30,0
S,10849177,up,13,0,1500,1520,112,-976,-17264,37,21,-28,0
S,10854177,up,13,0,1500,1520,24,-856,-17072,39,24,-28,0
S,10859177,up,13,0,1500,1520,80,-1048,-17200,35,27,-34,0
S,10864177,up,13,0,1500,1520,104,-984,-17096,31,34,-29,0
S,10869177,up,13,0,1500,1520,88,-992,-17128,34,37,-26,0
S,10874177,up,13,0,1500,1520,24,-1072,-17232,32,35,-26,0
S,10879177,up,13,0,1500,1520,-56,-920,-17000,30,28,-30,0
S,10884177,up,13,0,1500,1520,72,-952,-17120,34,27,-25,0
S,10889177,up,13,0,1500,1520,104,-1024,-17152,39,25,-28,0
S,10894177,up,13,0,1500,1520,24,-1040,-17208,40,19,-33,0
S,10899177,up,13,0,1500,1520,56,-936,-17088,40,14,-31,0
S,10904177,up,13,0,1500,1520,40,-984,-17032,40,13,-27,0
S,10909177,up,13,0,1500,1520,200,-936,-17144,36,18,-31,0
S,10914177,up,13,0,1500,1520,152,-896,-17224,39,17,-29,0
S,10919177,up,13,0,1500,1520,96,-936,-17168,36,17,-27,0
S,10924177,up,13,0,1500,1520,104,-904,-17144,42,19,-26,0
S,10929177,up,13,0,1500,1520,112,-968,-17064,35,26,-28,0
S,10934177,up,13,0,1500,1520,32,-1096,-17176,35,28,-33,0
S,10939177,up,13,0,1500,1520,48,-1080,-17016,38,26,-30,0
S,10944177,up,13,0,1500,1520,-16,-944,-17072,36,30,-35,0
S,10949177,up,13,0,1500,1520,96,-976,-17168,34,25,-26,0
S,10954177,up,13,0,1500,1520,16,-1112,-17112,39,21,-27,0
S,10959177,up,13,0,1500,1520,0,-1048,-17192,40,22,-33,0
S,10964177,up,13,0,1500,1520,184,-1016,-17064,40,17,-29,0
S,10969177,up,13,0,1500,1520,104,-1024,-17120,39,20,-28,0
S,10974177,up,13,0,1500,1520,-24,-1024,-16992,42,27,-32,0
S,10979177,up,13,0,1500,1520,120,-1024,-17056,37,17,-31,0
S,10984177,up,13,0,1500,1520,88,-976,-17064,39,21,-28,0
S,10989177,up,13,0,1500,1520,32,-1032,-17224,42,25,-27,0
S,10994177,up,13,0,1500,1520,136,-936,-17144,37,20,-26,0
S,10999177,up,13,0,1500,1520,8,-1016,-17176,32,22,-32,0
S,11004177,up,13,0,1500,1520,0,-984,-17104,36,24,-32,0
S,11009177,up,13,0,1500,1520,0,-896,-17160,32,27,-30,0
S,11014177,up,13,0,1500,1520,-8,-1080,-17120,30,23,-29,0
S,11019177,up,13,0,1500,1520,-8,-1040,-17104,33,25,-31,0
S,11024177,up,13,0,1500,1520,192,-984,-16976,35,23,-32,0
S,11029177,up,13,0,1500,1520,-16,-1000,-16992,38,27,-29,0
E,11029280,up,14,0,1510,1520,,,,,,,0
S,11029912,up,14,0,1510,1520,168,-936,-17152,35,21,-32,0
S,11034904,up,14,0,1510,1520,24,-920,-17144,40,23,-28,0
S,11039902,up,14,0,1510,1520,-88,-1056,-17072,39,19,-31,0
S,11044902,up,14,0,1510,1520,-1376,-864,-17024,35,-11,-60,0
S,11049902,up,14,0,1510,1520,224,-1696,-17232,42,-27,-60,0
S,11054902,up,14,0,1510,1520,344,-312,-17152,32,-40,-50,0
S,11059902,up,14,0,1510,1520,-568,-872,-16824,39,-90,-58,0
S,11064902,up,14,0,1510,1520,912,-2160,-16872,35,-114,-19,0
S,11069902,up,14,0,1510,1520,-568,-1144,-17328,29,-139,-20,0
S,11074902,up,14,0,1510,1520,-1336,-256,-17088,43,-156,-12,0
S,11079902,up,14,0,1510,1520,-816,-1912,-17088,60,-212,-22,0
S,11084902,up,14,0,1510,1520,1096,-576,-17040,49,-224,-10,0
S,11089903,up,14,0,1510,1520,-216,-752,-17528,43,-222,0,0
S,11094903,up,14,0,1510,1520,480,-1144,-16784,43,-213,22,0
S,11099903,up,14,0,1510,1520,32,-736,-17376,42,-201,3,0
S,11104902,up,14,0,1510,1520,-136,-1200,-17000,46,-150,14,0
S,11109902,up,14,0,1510,1520,-1184,-984,-17192,58,-114,-20,0
S,11114902,up,14,0,1510,1520,656,-864,-17008,54,-66,-29,0
S,11119902,up,14,0,1510,1520,344,-784,-17272,51,-2,-31,0
S,11124902,up,14,0,1510,1520,-608,-1312,-17104,36,52,-16,0
S,11129902,up,14,0,1510,1520,320,-776,-17016,44,85,-33,0
S,11134902,up,14,0,1510,1520,-568,-640,-17336,24,116,-35,0
S,11139902,up,14,0,1510,1520,-72,-1064,-17136,16,140,-34,0
S,11144902,up,14,0,1510,1520,-408,-1024,-17136,14,144,-42,0
S,11149902,up,14,0,1510,1520,200,-592,-17176,15,139,-38,0
S,11154902,up,14,0,1510,1520,-32,-1096,-17168,23,124,-36,0
S,11159902,up,14,0,1510,1520,-208,-920,-17128,34,103,-32,0
S,11164902,up,14,0,1510,1520,-96,-952,-17080,45,85,-42,0
S,11169902,up,14,0,1510,1520,-200,-1120,-17256,56,55,-30,0
S,11174902,up,14,0,1510,1520,-272,-896,-17152,53,28,-27,0
S,11179902,up,14,0,1510,1520,-152,-960,-17144,63,7,-20,0
S,11184902,up,14,0,1510,1520,8,-888,-17088,45,-6,-28,0
S,11189902,up,14,0,1510,1520,-64,-888,-17048,38,-19,-29,0
S,11194902,up,14,0,1510,1520,-80,-1104,-17120,33,-26,-29,0
S,11199902,up,14,0,1510,1520,-32,-1080,-17176,28,-25,-27,0
S,11204902,up,14,0,1510,1520,-56,-1080,-16992,38,-15,-31,0
S,11209902,up,14,0,1510,1520,64,-960,-17064,39,1,-29,0
S,11214902,up,14,0,1510,1520,-96,-1000,-17064,46,14,-31,0
S,11219902,up,14,0,1510,1520,-56,-920,-17192,41,29,-27,0
S,11224902,up,14,0,1510,1520,-120,-1032,-17104,51,43,-26,0
S,11229902,up,14,0,1510,1520,-32,-1144,-17104,43,51,-29,0
S,11234902,up,14,0,1510,1520,-72,-944,-17152,35,50,-32,0
S,11239902,up,14,0,1510,1520,-160,-1016,-17112,24,46,-26,0
S,11244902,up,14,0,1510,1520,8,-984,-17184,24,46,-29,0
S,11249902,up,14,0,1510,1520,-48,-1016,-17272,21,32,-33,0
S,11254902,up,14,0,1510,1520,-168,-920,-17136,27,28,-28,0
S,11259903,up,14,0,1510,1520,8,-992,-17096,35,18,-31,0
S,11264902,up,14,0,1510,1520,-80,-856,-17040,43,13,-29,0
S,11269902,up,14,0,1510,1520,-8,-832,-17096,47,10,-27,0
S,11274902,up,14,0,1510,1520,-8,-1000,-17160,47,3,-30,0
S,11279902,up,14,0,1510,1520,-32,-928,-17200,47,12,-32,0
S,11284902,up,14,0,1510,1520,-56,-968,-17152,51,11,-27,0
S,11289902,up,14,0,1510,1520,-48,-1128,-17088,35,14,-28,0
S,11294902,up,14,0,1510,1520,-224,-1040,-17216,39,16,-26,0
S,11299902,up,14,0,1510,1520,-56,-1016,-17144,24,24,-33,0
S,11304902,up,14,0,1510,1520,-8,-1056,-17000,31,29,-30,0
S,11309902,up,14,0,1510,1520,-184,-1136,-17160,35,30,-27,0
S,11314902,up,14,0,1510,1520,-72,-1152,-17128,38,44,-32,0
S,11319902,up,14,0,1510,1520,0,-1008,-17008,43,34,-31,0
S,11324902,up,14,0,1510,1520,-192,-1000,-17160,44,35,-33,0
S,11329902,up,14,0,1510,1520,-80,-992,-17040,45,30,-35,0
S,11334902,up,14,0,1510,1520,-72,-1088,-17008,45,26,-26,0
S,11339902,up,14,0,1510,1520,-160,-1048,-17056,43,15,-33,0
S,11344902,up,14,0,1510,1520,-152,-1096,-17064,30,16,-33,0
S,11349902,up,14,0,1510,1520,-152,-1104,-17184,38,11,-26,0
S,11354902,up,14,0,1510,1520,-80,-1096,-17144,37,11,-31,0
S,11359902,up,14,0,1510,1520,-224,-1040,-17152,35,13,-31,0
S,11364902,up,14,0,1510,1520,-64,-1072,-17144,45,20,-28,0
S,11369903,up,14,0,1510,1520,-48,-992,-17088,42,19,-32,0
S,11374902,up,14,0,1510,1520,-96,-1040,-17184,44,22,-26,0
S,11379903,up,14,0,1510,1520,-96,-1072,-17080,44,29,-33,0
S,11384902,up,14,0,1510,1520,-120,-1008,-17072,35,32,-27,0
S,11389902,up,14,0,1510,1520,16,-936,-17120,37,28,-29,0
S,11394902,up,14,0,1510,1520,-32,-904,-17072,32,29,-29,0
S,11399902,up,14,0,1510,1520,16,-880,-16984,34,23,-30,0
S,11404902,up,14,0,1510,1520,-88,-1128,-17176,39,31,-30,0
S,11409902,up,14,0,1510,1520,48,-1056,-17200,39,20,-37,0
S,11414902,up,14,0,1510,1520,-56,-1088,-17152,37,22,-33,0
S,11419902,up,14,0,1510,1520,-64,-992,-17072,41,17,-30,0
S,11424902,up,14,0,1510,1520,-88,-1016,-17120,47,20,-29,0
S,11429902,up,14,0,1510,1520,-32,-1040,-17024,39,21,-26,0
S,11434902,up,14,0,1510,1520,-88,-1088,-17192,38,19,-29,0
S,11439903,up,14,0,1510,1520,24,-992,-17072,40,19,-33,0
S,11444902,up,14,0,1510,1520,-88,-1016,-17032,38,20,-34,0
S,11449902,up,14,0,1510,1520,-104,-1008,-17040,32,23,-34,0
S,11454902,up,14,0,1510,1520,0,-1120,-16984,33,27,-34,0
S,11459902,up,14,0,1510,1520,-120,-912,-17200,37,24,-30,0
S,11464902,up,14,0,1510,1520,-144,-1024,-17048,43,29,-30,0
S,11469902,up,14,0,1510,1520,-224,-1072,-17184,33,26,-31,0
S,11474902,up,14,0,1510,1520,-128,-1048,-17056,38,29,-28,0
S,11479902,up,14,0,1510,1520,-8,-992,-17152,37,27,-27,0
S,11484902,up,14,0,1510,1520,24,-984,-17192,40,25,-27,0
S,11489902,up,14,0,1510,1520,-80,-992,-17144,40,19,-31,0
S,11494902,up,14,0,1510,1520,-32,-968,-16984,37,20,-35,0
S,11499902,up,14,0,1510,1520,-88,-1072,-17152,31,25,-28,0
S,11504902,up,14,0,1510,1520,-24,-952,-17080,36,19,-29,0
S,11509902,up,14,0,1510,1520,-208,-856,-17136,34,20,-28,0
S,11514902,up,14,0,1510,1520,-120,-1088,-17040,39,21,-28,0
S,11519902,up,14,0,1510,1520,-80,-920,-17016,41,20,-21,0
S,11524902,up,14,0,1510,1520,-8,-984,-17120,38,25,-24,0
S,11529902,up,14,0,1510,1520,-184,-1024,-17200,31,25,-27,0
E,11530005,up,15,0,1520,1520,,,,,,,0
S,11530637,up,15,0,1520,1520,-160,-1040,-17096,37,22,-30,0
S,11535627,up,15,0,1520,1520,-160,-872,-17112,41,22,-30,0
S,11540627,up,15,0,1520,1520,136,-920,-17088,34,28,-22,0
S,11545626,up,15,0,1520,1520,-680,-744,-17112,38,25,-34,0
S,11550626,up,15,0,1520,1520,-200,1424,-17384,34,16,-10,0
S,11555626,up,15,0,1520,1520,-328,248,-16872,35,-7,-70,0
S,11560626,up,15,0,1520,1520,1672,-1920,-17480,35,-51,-89,0
S,11565626,up,15,0,1520,1520,-744,544,-16872,38,-56,-64,0
S,11570626,up,15,0,1520,1520,-896,-2064,-17048,41,-101,-38,0
S,11575626,up,15,0,1520,1520,-1536,-864,-17408,48,-173,-114,0
S,11580627,up,15,0,1520,1520,3368,-2488,-15240,52,-214,12,0
S,11585626,up,15,0,1520,1520,-4464,-1456,-18008,39,-247,15,0
S,11590626,up,15,0,1520,1520,-368,432,-16544,67,-286,-28,0
S,11595626,up,15,0,1520,1520,200,-2272,-17416,53,-307,-8,0
S,11600626,up,15,0,1520,1520,216,-1136,-16768,39,-319,29,0
S,11605626,up,15,0,1520,1520,-776,-536,-17456,37,-298,39,0
S,11610626,up,15,0,1520,1520,456,-1352,-16744,42,-283,21,0
S,11615627,up,15,0,1520,1520,96,-728,-17264,42,-224,74,0
S,11620626,up,15,0,1520,1520,-1256,-912,-17184,28,-191,-18,0
S,11625626,up,15,0,1520,1520,-496,-648,-16872,46,-143,-31,0
S,11630626,up,15,0,1520,1520,520,-1504,-17160,41,-85,-25,0
S,11635627,up,15,0,1520,1520,0,-1232,-17296,34,-21,-18,0
S,11640626,up,15,0,1520,1520,-24,-856,-16944,34,55,-30,0
S,11645626,up,15,0,1520,1520,-440,-760,-16968,42,96,-38,0
S,11650626,up,15,0,1520,1520,128,-928,-17176,36,125,-35,0
S,11655626,up,15,0,1520,1520,-576,-992,-16880,30,149,-35,0
S,11660626,up,15,0,1520,1520,-240,-904,-17160,22,156,-41,0
S,11665627,up,15,0,1520,1520,-256,-976,-16888,18,149,-32,0
S,11670626,up,15,0,1520,1520,-296,-896,-17096,23,130,-37,0
S,11675627,up,15,0,1520,1520,-320,-888,-17088,28,117,-35,0
S,11680626,up,15,0,1520,1520,-376,-1112,-17216,33,84,-32,0
S,11685626,up,15,0,1520,1520,-208,-976,-17008,41,61,-33,0
S,11690627,up,15,0,1520,1520,-640,-1120,-17088,54,37,-34,0
S,11695626,up,15,0,1520,1520,-128,-928,-17008,55,6,-33,0
S,11700627,up,15,0,1520,1520,-472,-992,-17192,53,-15,-33,0
S,11705626,up,15,0,1520,1520,-344,-1040,-17120,46,-23,-22,0
S,11710626,up,15,0,1520,1520,-328,-952,-17160,41,-26,-27,0
S,11715626,up,15,0,1520,1520,-400,-1016,-17192,38,-27,-26,0
S,11720626,up,15,0,1520,1520,-248,-1056,-16968,32,-20,-27,0
S,11725626,up,15,0,1520,1520,-360,-904,-17224,41,-4,-27,0
S,11730626,up,15,0,1520,1520,-232,-984,-17064,42,12,-24,0
S,11735627,up,15,0,1520,1520,-336,-1112,-17096,45,24,-27,0
S,11740626,up,15,0,1520,1520,-208,-960,-17192,37,43,-33,0
S,11745626,up,15,0,1520,1520,-360,-936,-16976,42,50,-30,0
S,11750626,up,15,0,1520,1520,-344,-936,-17216,36,54,-32,0
S,11755626,up,15,0,1520,1520,-432,-928,-17104,28,60,-28,0
S,11760626,up,15,0,1520,1520,-272,-976,-16992,31,50,-29,0
S,11765627,up,15,0,1520,1520,-304,-1000,-17144,28,41,-30,0
S,11770626,up,15,0,1520,1520,-296,-800,-17104,24,31,-37,0
S,11775626,up,15,0,1520,1520,-264,-856,-17216,33,21,-31,0
S,11780626,up,15,0,1520,1520,-240,-976,-17144,45,15,-33,0
S,11785626,up,15,0,1520,1520,-352,-1088,-17160,41,5,-31,0
S,11790626,up,15,0,1520,1520,-288,-912,-17088,54,2,-24,0
S,11795626,up,15,0,1520,1520,-304,-1112,-17160,53,5,-29,0
S,11800627,up,15,0,1520,1520,-384,-1064,-17064,50,8,-30,0
S,11805626,up,15,0,1520,1520,-336,-912,-17056,41,14,-30,0
S,11810626,up,15,0,1520,1520,-296,-936,-17160,41,20,-27,0
S,11815626,up,15,0,1520,1520,-392,-1040,-17048,36,28,-31,0
S,11820626,up,15,0,1520,1520,-264,-1136,-17048,28,31,-26,0
S,11825627,up,15,0,1520,1520,-344,-1032,-17056,27,34,-25,0
S,11830626,up,15,0,1520,1520,-224,-936,-17056,35,40,-30,0
S,11835626,up,15,0,1520,1520,-392,-968,-17056,35,35,-31,0
S,11840626,up,15,0,1520,1520,-352,-1008,-17168,44,33,-38,0
S,11845627,up,15,0,1520,1520,-328,-1048,-17112,42,31,-26,0
S,11850626,up,15,0,1520,1520,-360,-824,-17056,44,28,-27,0
S,11855626,up,15,0,1520,1520,-256,-936,-17096,39,25,-30,0
S,11860626,up,15,0,1520,1520,-360,-1016,-17184,41,16,-26,0
S,11865626,up,15,0,1520,1520,-360,-968,-17280,39,10,-30,0
S,11870627,up,15,0,1520,1520,-408,-976,-17216,38,10,-24,0
S,11875626,up,15,0,1520,1520,-448,-960,-17112,37,6,-28,0
S,11880626,up,15,0,1520,1520,-336,-984,-17208,38,14,-25,0
S,11885626,up,15,0,1520,1520,-272,-1120,-17152,39,20,-32,0
S,11890626,up,15,0,1520,1520,-392,-1016,-17184,41,22,-23,0
S,11895626,up,15,0,1520,1520,-328,-944,-17024,39,26,-26,0
S,11900626,up,15,0,1520,1520,-320,-912,-17056,41,34,-32,0
S,11905626,up,15,0,1520,1520,-408,-968,-17064,40,34,-29,0
S,11910627,up,15,0,1520,1520,-304,-880,-17184,31,32,-28,0
S,11915626,up,15,0,1520,1520,-312,-1088,-17016,31,30,-32,0
S,11920627,up,15,0,1520,1520,-328,-1024,-17128,33,24,-32,0
S,11925626,up,15,0,1520,1520,-256,-1064,-17016,41,25,-28,0
S,11930626,up,15,0,1520,1520,-384,-1184,-16992,32,24,-30,0
S,11935626,up,15,0,1520,1520,-320,-936,-16992,41,21,-33,0
S,11940626,up,15,0,1520,1520,-360,-1128,-17200,44,12,-33,0
S,11945627,up,15,0,1520,1520,-344,-960,-17168,48,18,-29,0
S,11950626,up,15,0,1520,1520,-264,-984,-17080,42,10,-30,0
S,11955626,up,15,0,1520,1520,-368,-1016,-17256,44,21,-30,0
S,11960626,up,15,0,1520,1520,-320,-936,-17096,35,25,-34,0
S,11965626,up,15,0,1520,1520,-368,-1048,-17024,39,20,-35,0
S,11970626,up,15,0,1520,1520,-392,-1040,-17104,36,28,-25,0
S,11975626,up,15,0,1520,1520,-288,-984,-17040,38,26,-27,0
S,11980626,up,15,0,1520,1520,-320,-1008,-17104,35,29,-27,0
S,11985626,up,15,0,1520,1520,-272,-912,-17000,37,29,-27,0
S,11990626,up,15,0,1520,1520,-280,-1008,-17168,39,29,-33,0
S,11995626,up,15,0,1520,1520,-440,-920,-17192,45,26,-33,0
S,12000626,up,15,0,1520,1520,-232,-936,-17024,34,23,-24,0
S,12005626,up,15,0,1520,1520,-216,-1112,-17200,41,24,-32,0
S,12010627,up,15,0,1520,1520,-352,-856,-17040,40,23,-30,0
S,12015626,up,15,0,1520,1520,-408,-1072,-17112,34,15,-27,0
S,12020627,up,15,0,1520,1520,-216,-920,-17056,40,18,-27,0
S,12025626,up,15,0,1520,1520,-272,-992,-17120,40,17,-34,0
S,12030627,up,15,0,1520,1520,-232,-1008,-17000,38,22,-33,0
E,12030731,up,16,0,1530,1520,,,,,,,0
S,12031362,up,16,0,1530,1520,-392,-1016,-17056,42,22,-35,0
S,12036353,up,16,0,1530,1520,-432,-968,-17160,36,22,-30,0
S,12041352,up,16,0,1530,1520,-448,-800,-17176,40,19,-28,0
S,12046352,up,16,0,1530,1520,-400,-896,-17144,33,14,-31,0
S,12051352,up,16,0,1530,1520,-808,-744,-17056,34,-33,-134,0
S,12056352,up,16,0,1530,1520,5632,-1192,-16544,23,-49,-23,0
S,12061352,up,16,0,1530,1520,-1888,184,-17968,21,-36,-15,0
S,12066352,up,16,0,1530,1520,920,744,-16520,47,-74,-46,0
S,12071352,up,16,0,1530,1520,-2088,-2680,-17464,35,-97,-19,0
S,12076352,up,16,0,1530,1520,-840,-944,-16840,39,-125,-42,0
S,12081352,up,16,0,1530,1520,-40,216,-17288,46,-123,-24,0
S,12086352,up,16,0,1530,1520,-360,-2136,-16960,41,-149,-20,0
S,12091352,up,16,0,1530,1520,16,-1208,-17056,48,-140,3,0
S,12096352,up,16,0,1530,1520,-848,-768,-17432,51,-124,-9,0
S,12101352,up,16,0,1530,1520,-192,-920,-17008,48,-105,-10,0
S,12106352,up,16,0,1530,1520,-488,-1096,-17168,55,-73,-8,0
S,12111352,up,16,0,1530,1520,-360,-1120,-17144,44,-45,-17,0
S,12116353,up,16,0,1530,1520,-368,-824,-17136,39,-7,-19,0
S,12121352,up,16,0,1530,1520,-592,-1056,-17072,31,27,-31,0
S,12126352,up,16,0,1530,1520,-208,-984,-17168,26,57,-32,0
S,12131352,up,16,0,1530,1520,-616,-1096,-17040,29,74,-32,0
S,12136352,up,16,0,1530,1520,-360,-968,-17216,25,90,-28,0
S,12141352,up,16,0,1530,1520,-456,-1176,-17056,22,82,-36,0
S,12146352,up,16,0,1530,1520,-488,-952,-17152,32,76,-36,0
S,12151352,up,16,0,1530,1520,-528,-896,-17088,32,60,-34,0
S,12156352,up,16,0,1530,1520,-408,-1080,-17192,35,42,-32,0
S,12161352,up,16,0,1530,1520,-320,-952,-17152,38,21,-31,0
S,12166352,up,16,0,1530,1520,-528,-968,-16952,44,0,-27,0
S,12171352,up,16,0,1530,1520,-264,-896,-17184,48,-12,-23,0
S,12176352,up,16,0,1530,1520,-400,-960,-17176,46,-18,-27,0
S,12181352,up,16,0,1530,1520,-432,-928,-17192,53,-19,-28,0
S,12186352,up,16,0,1530,1520,-328,-1088,-17168,50,-14,-18,0
S,12191352,up,16,0,1530,1520,-552,-1000,-17032,45,0,-26,0
S,12196353,up,16,0,1530,1520,-480,-896,-17088,47,14,-27,0
S,12201353,up,16,0,1530,1520,-432,-976,-17088,39,27,-32,0
S,12206352,up,16,0,1530,1520,-616,-1048,-17056,33,42,-34,0
S,12211352,up,16,0,1530,1520,-480,-1016,-17032,24,48,-35,0
S,12216352,up,16,0,1530,1520,-272,-888,-17168,24,51,-28,0
S,12221352,up,16,0,1530,1520,-608,-1024,-17008,21,51,-35,0
S,12226352,up,16,0,1530,1520,-224,-1032,-17192,28,42,-30,0
S,12231352,up,16,0,1530,1520,-488,-976,-17216,34,30,-35,0
S,12236352,up,16,0,1530,1520,-448,-1048,-17064,40,25,-31,0
S,12241352,up,16,0,1530,1520,-272,-1008,-17104,46,13,-31,0
S,12246352,up,16,0,1530,1520,-576,-1024,-17176,47,15,-28,0
S,12251352,up,16,0,1530,1520,-496,-880,-17088,54,3,-29,0
S,12256352,up,16,0,1530,1520,-424,-896,-17056,49,-3,-32,0
S,12261352,up,16,0,1530,1520,-568,-1088,-17184,47,6,-24,0
S,12266352,up,16,0,1530,1520,-480,-1032,-17104,36,9,-33,0
S,12271353,up,16,0,1530,1520,-336,-944,-17104,36,17,-27,0
S,12276352,up,16,0,1530,1520,-488,-1032,-16928,34,26,-30,0
S,12281352,up,16,0,1530,1520,-344,-1072,-17176,32,34,-26,0
S,12286352,up,16,0,1530,1520,-400,-984,-17144,35,34,-30,0
S,12291352,up,16,0,1530,1520,-400,-1000,-17008,42,36,-26,0
S,12296352,up,16,0,1530,1520,-328,-960,-17040,37,37,-31,0
S,12301353,up,16,0,1530,1520,-400,-1016,-17024,40,30,-31,0
S,12306352,up,16,0,1530,1520,-432,-1072,-16992,43,24,-29,0
S,12311352,up,16,0,1530,1520,-432,-952,-17080,40,19,-26,0
S,12316352,up,16,0,1530,1520,-496,-1048,-17000,40,17,-30,0
S,12321352,up,16,0,1530,1520,-440,-984,-17120,36,14,-27,0
S,12326352,up,16,0,1530,1520,-360,-968,-17064,47,12,-29,0
S,12331352,up,16,0,1530,1520,-488,-992,-17056,40,11,-31,0
S,12336352,up,16,0,1530,1520,-496,-1008,-17120,41,13,-28,0
S,12341352,up,16,0,1530,1520,-456,-1072,-17096,41,18,-34,0
S,12346353,up,16,0,1530,1520,-456,-936,-17112,45,22,-22,0
S,12351352,up,16,0,1530,1520,-456,-976,-17216,41,27,-30,0
S,12356352,up,16,0,1530,1520,-376,-1000,-17120,39,38,-32,0
S,12361352,up,16,0,1530,1520,-400,-1216,-17144,35,30,-30,0
S,12366352,up,16,0,1530,1520,-440,-968,-16984,39,32,-28,0
S,12371352,up,16,0,1530,1520,-472,-896,-17072,35,23,-27,0
S,12376352,up,16,0,1530,1520,-512,-976,-17080,34,26,-23,0
S,12381352,up,16,0,1530,1520,-512,-1144,-17192,41,22,-33,0
S,12386352,up,16,0,1530,1520,-512,-976,-17008,38,21,-29,0
S,12391352,up,16,0,1530,1520,-464,-1016,-17096,41,17,-30,0
S,12396352,up,16,0,1530,1520,-296,-896,-17040,42,17,-28,0
S,12401352,up,16,0,1530,1520,-472,-1056,-17120,39,12,-27,0
S,12406352,up,16,0,1530,1520,-504,-984,-17136,37,14,-33,0
S,12411353,up,16,0,1530,1520,-352,-1056,-17024,32,21,-30,0
S,12416352,up,16,0,1530,1520,-504,-1056,-17216,39,19,-27,0
S,12421352,up,16,0,1530,1520,-360,-944,-17192,38,24,-32,0
S,12426352,up,16,0,1530,1520,-392,-1072,-17128,35,27,-32,0
S,12431352,up,16,0,1530,1520,-448,-1024,-17072,37,32,-29,0
S,12436352,up,16,0,1530,1520,-408,-888,-17184,41,31,-30,0
S,12441352,up,16,0,1530,1520,-536,-992,-17104,37,32,-26,0
S,12446352,up,16,0,1530,1520,-408,-976,-17072,37,25,-25,0
S,12451352,up,16,0,1530,1520,-400,-928,-17144,42,22,-34,0
S,12456352,up,16,0,1530,1520,-480,-976,-17128,38,24,-31,0
S,12461352,up,16,0,1530,1520,-416,-880,-17048,39,19,-28,0
S,12466352,up,16,0,1530,1520,-512,-1000,-17056,44,18,-29,0
S,12471352,up,16,0,1530,1520,-592,-920,-17056,44,22,-33,0
S,12476352,up,16,0,1530,1520,-304,-968,-17024,44,14,-32,0
S,12481352,up,16,0,1530,1520,-440,-952,-17160,43,14,-31,0
S,12486352,up,16,0,1530,1520,-424,-944,-17040,36,17,-29,0
S,12491352,up,16,0,1530,1520,-400,-944,-17096,40,24,-27,0
S,12496352,up,16,0,1530,1520,-384,-1056,-17120,39,27,-27,0
S,12501352,up,16,0,1530,1520,-384,-1064,-17040,37,26,-31,0
S,12506352,up,16,0,1530,1520,-368,-984,-17048,41,30,-29,0
S,12511352,up,16,0,1530,1520,-424,-1016,-17104,34,21,-29,0
S,12516352,up,16,0,1530,1520,-376,-984,-17192,38,27,-29,0
S,12521352,up,16,0,1530,1520,-384,-1032,-17176,38,21,-30,0
S,12526352,up,16,0,1530,1520,-440,-1016,-17104,43,23,-34,0
S,12531352,up,16,0,1530,1520,-496,-1024,-17168,41,23,-37,0
E,12531455,up,17,0,1540,1520,,,,,,,0
S,12532087,up,17,0,1540,1520,-424,-1056,-17056,41,25,-29,0
S,12537078,up,17,0,1540,1520,-496,-936,-17192,42,21,-32,0
S,12542076,up,17,0,1540,1520,-2160,-872,-17168,44,0,-28,0
S,12547076,up,17,0,1540,1520,200,-840,-17832,34,-47,-106,0
S,12552076,up,17,0,1540,1520,-2440,-568,-16472,62,-90,-129,0
S,12557076,up,17,0,1540,1520,2304,-1528,-16232,31,-97,-1,0
S,12562076,up,17,0,1540,1520,-3592,-896,-17752,32,-145,15,0
S,12567076,up,17,0,1540,1520,-2336,-616,-16304,50,-213,-21,0
S,12572076,up,17,0,1540,1520,-3056,-1704,-17800,41,-248,-26,0
S,12577076,up,17,0,1540,1520,328,720,-16952,36,-285,-29,0
S,12582076,up,17,0,1540,1520,-2824,-2360,-17560,47,-316,-8,0
S,12587076,up,17,0,1540,1520,448,-984,-16432,36,-338,-15,0
S,12592076,up,17,0,1540,1520,-624,-512,-17536,44,-317,27,0
S,12597076,up,17,0,1540,1520,-328,-1296,-16784,50,-308,16,0
S,12602077,up,17,0,1540,1520,368,-1344,-17184,44,-249,44,0
S,12607077,up,17,0,1540,1520,-896,-408,-17224,44,-187,52,0
S,12612076,up,17,0,1540,1520,-816,-2360,-16984,40,-150,-14,0
S,12617076,up,17,0,1540,1520,-640,-744,-16736,46,-91,-18,0
S,12622076,up,17,0,1540,1520,816,-928,-17336,40,-20,-23,0
S,12627076,up,17,0,1540,1520,-552,-1320,-16984,26,62,-30,0
S,12632076,up,17,0,1540,1520,-616,-1376,-16816,30,109,-32,0
S,12637077,up,17,0,1540,1520,-288,-728,-17392,31,139,-38,0
S,12642076,up,17,0,1540,1520,-504,-904,-16984,23,171,-38,0
S,12647076,up,17,0,1540,1520,-424,-1184,-17176,20,168,-41,0
S,12652077,up,17,0,1540,1520,-568,-960,-17168,21,168,-35,0
S,12657076,up,17,0,1540,1520,-888,-736,-17128,29,150,-34,0
S,12662076,up,17,0,1540,1520,-704,-1056,-17160,36,129,-36,0
S,12667076,up,17,0,1540,1520,-696,-1128,-16992,44,93,-28,0
S,12672077,up,17,0,1540,1520,-776,-992,-17152,50,75,-32,0
S,12677077,up,17,0,1540,1520,-640,-896,-17104,60,40,-34,0
S,12682076,up,17,0,1540,1520,-736,-976,-17072,53,14,-34,0
S,12687076,up,17,0,1540,1520,-760,-880,-17040,48,-19,-27,0
S,12692076,up,17,0,1540,1520,-720,-1112,-17176,40,-26,-28,0
S,12697076,up,17,0,1540,1520,-736,-1088,-17200,32,-36,-27,0
S,12702076,up,17,0,1540,1520,-616,-984,-17088,37,-33,-24,0
S,12707076,up,17,0,1540,1520,-672,-992,-17144,36,-20,-29,0
S,12712076,up,17,0,1540,1520,-568,-952,-17104,45,-6,-26,0
S,12717076,up,17,0,1540,1520,-568,-1136,-17192,48,15,-24,0
S,12722076,up,17,0,1540,1520,-728,-1080,-17136,47,22,-34,0
S,12727076,up,17,0,1540,1520,-600,-968,-17096,46,39,-29,0
S,12732077,up,17,0,1540,1520,-768,-944,-17104,41,50,-23,0
S,12737076,up,17,0,1540,1520,-720,-952,-17224,34,58,-28,0
S,12742076,up,17,0,1540,1520,-664,-968,-16992,28,58,-29,0
S,12747076,up,17,0,1540,1520,-776,-960,-17128,19,50,-33,0
S,12752077,up,17,0,1540,1520,-768,-1000,-17112,19,40,-40,0
S,12757076,up,17,0,1540,1520,-600,-976,-17104,31,32,-39,0
S,12762076,up,17,0,1540,1520,-632,-1072,-17144,36,24,-37,0
S,12767076,up,17,0,1540,1520,-664,-1048,-17208,48,12,-26,0
S,12772076,up,17,0,1540,1520,-624,-1008,-17224,49,8,-25,0
S,12777076,up,17,0,1540,1520,-864,-1120,-16928,54,8,-29,0
S,12782076,up,17,0,1540,1520,-640,-992,-16968,56,2,-31,0
S,12787077,up,17,0,1540,1520,-760,-1008,-17120,46,3,-25,0
S,12792076,up,17,0,1540,1520,-800,-976,-17040,33,8,-32,0
S,12797076,up,17,0,1540,1520,-640,-1040,-17160,30,9,-33,0
S,12802076,up,17,0,1540,1520,-704,-1136,-17128,31,24,-30,0
S,12807076,up,17,0,1540,1520,-568,-1016,-17136,28,28,-29,0
S,12812076,up,17,0,1540,1520,-560,-1064,-16992,34,38,-25,0
S,12817076,up,17,0,1540,1520,-616,-1064,-17128,30,40,-32,0
S,12822077,up,17,0,1540,1520,-640,-1088,-17096,37,39,-27,0
S,12827076,up,17,0,1540,1520,-744,-1008,-17152,40,43,-30,0
S,12832076,up,17,0,1540,1520,-632,-984,-17120,41,38,-31,0
S,12837076,up,17,0,1540,1520,-592,-880,-17032,46,28,-28,0
S,12842076,up,17,0,1540,1520,-536,-976,-17168,41,15,-26,0
S,12847076,up,17,0,1540,1520,-664,-1040,-17144,38,15,-29,0
S,12852076,up,17,0,1540,1520,-688,-1104,-17048,37,10,-27,0
S,12857077,up,17,0,1540,1520,-672,-952,-17064,35,8,-30,0
S,12862077,up,17,0,1540,1520,-632,-952,-17232,37,10,-27,0
S,12867077,up,17,0,1540,1520,-592,-1032,-17160,40,10,-28,0
S,12872076,up,17,0,1540,1520,-712,-1024,-17160,43,19,-25,0
S,12877076,up,17,0,1540,1520,-632,-1072,-17072,46,24,-28,0
S,12882077,up,17,0,1540,1520,-712,-1016,-17120,41,27,-25,0
S,12887076,up,17,0,1540,1520,-592,-1064,-17104,38,28,-30,0
S,12892076,up,17,0,1540,1520,-600,-1000,-17128,32,35,-28,0
S,12897076,up,17,0,1540,1520,-696,-1024,-17208,32,33,-33,0
S,12902076,up,17,0,1540,1520,-720,-1072,-17192,33,34,-28,0
S,12907076,up,17,0,1540,1520,-720,-1000,-17072,31,27,-26,0
S,12912076,up,17,0,1540,1520,-648,-968,-17048,40,21,-27,0
S,12917076,up,17,0,1540,1520,-520,-960,-17056,36,22,-25,0
S,12922076,up,17,0,1540,1520,-696,-968,-17096,40,18,-29,0
S,12927076,up,17,0,1540,1520,-688,-1056,-17096,46,22,-29,0
S,12932077,up,17,0,1540,1520,-656,-1008,-17072,48,19,-28,0
S,12937076,up,17,0,1540,1520,-696,-928,-17048,45,16,-21,0
S,12942076,up,17,0,1540,1520,-712,-944,-17120,42,15,-34,0
S,12947076,up,17,0,1540,1520,-752,-992,-17080,36,19,-29,0
S,12952076,up,17,0,1540,1520,-648,-1016,-17104,38,16,-30,0
S,12957076,up,17,0,1540,1520,-720,-1000,-17032,29,23,-29,0
S,12962076,up,17,0,1540,1520,-832,-936,-17048,41,27,-26,0
S,12967076,up,17,0,1540,1520,-720,-1120,-17144,37,30,-35,0
S,12972076,up,17,0,1540,1520,-640,-968,-17176,36,28,-36,0
S,12977076,up,17,0,1540,1520,-688,-992,-17064,38,31,-35,0
S,12982076,up,17,0,1540,1520,-616,-952,-17016,40,29,-30,0
S,12987076,up,17,0,1540,1520,-680,-984,-17008,36,30,-22,0
S,12992076,up,17,0,1540,1520,-688,-1008,-17064,38,28,-30,0
S,12997077,up,17,0,1540,1520,-600,-1008,-17184,32,25,-28,0
S,13002076,up,17,0,1540,1520,-584,-1032,-17168,39,18,-27,0
S,13007076,up,17,0,1540,1520,-560,-904,-17096,30,17,-22,0
S,13012076,up,17,0,1540,1520,-632,-1056,-17128,34,18,-31,0
S,13017077,up,17,0,1540,1520,-728,-1008,-17112,41,21,-25,0
S,13022076,up,17,0,1540,1520,-648,-984,-17016,45,17,-36,0
S,13027076,up,17,0,1540,1520,-776,-1040,-17072,41,22,-34,0
S,13032076,up,17,0,1540,1520,-480,-1024,-17080,42,24,-29,0
E,13032185,up,18,0,1550,1520,,,,,,,0
S,13032817,up,18,0,1550,1520,-696,-1136,-17128,41,23,-26,0
S,13037808,up,18,0,1550,1520,-656,-1024,-17136,39,23,-28,0
S,13042806,up,18,0,1550,1520,-1048,-1056,-17048,40,27,-26,0
S,13047806,up,18,0,1550,1520,-1848,-904,-17048,38,24,-22,0
S,13052806,up,18,0,1550,1520,-1824,-320,-17200,36,4,-36,0
S,13057806,up,18,0,1550,1520,-1160,-1216,-17512,26,-32,-89,0
S,13062807,up,18,0,1550,1520,400,-632,-16888,32,-37,-80,0
S,13067806,up,18,0,1550,1520,-1528,-976,-17032,34,-30,-30,0
S,13072806,up,18,0,1550,1520,-1624,-1304,-17160,48,-73,-76,0
S,13077806,up,18,0,1550,1520,712,-784,-16888,45,-87,-15,0
S,13082806,up,18,0,1550,1520,-928,-1216,-17208,41,-107,11,0
S,13087806,up,18,0,1550,1520,-1856,-1072,-17112,46,-150,-25,0
S,13092806,up,18,0,1550,1520,592,-184,-16912,41,-156,-20,0
S,13097806,up,18,0,1550,1520,-528,-1264,-17616,37,-164,-17,0
S,13102806,up,18,0,1550,1520,-656,-624,-16704,39,-154,-6,0
S,13107806,up,18,0,1550,1520,-792,-1032,-17144,44,-130,-4,0
S,13112806,up,18,0,1550,1520,-416,-976,-17224,52,-90,1,0
S,13117806,up,18,0,1550,1520,-1080,-1144,-17096,47,-50,-20,0
S,13122806,up,18,0,1550,1520,-480,-1080,-17168,56,-15,-24,0
S,13127806,up,18,0,1550,1520,-792,-1064,-17040,47,26,-26,0
S,13132806,up,18,0,1550,1520,-1000,-1184,-17048,37,71,-37,0
S,13137806,up,18,0,1550,1520,-744,-816,-17056,26,89,-39,0
S,13142806,up,18,0,1550,1520,-960,-1080,-16968,26,107,-35,0
S,13147806,up,18,0,1550,1520,-680,-880,-17144,8,110,-37,0
S,13152806,up,18,0,1550,1520,-784,-1016,-17016,12,89,-40,0
S,13157806,up,18,0,1550,1520,-672,-992,-17120,12,64,-35,0
S,13162806,up,18,0,1550,1520,-864,-952,-16984,33,44,-29,0
S,13167806,up,18,0,1550,1520,-616,-1096,-17144,49,16,-32,0
S,13172806,up,18,0,1550,1520,-816,-896,-17048,48,-4,-34,0
S,13177806,up,18,0,1550,1520,-832,-984,-17096,56,-17,-36,0
S,13182806,up,18,0,1550,1520,-584,-1016,-17176,64,-27,-24,0
S,13187806,up,18,0,1550,1520,-856,-1008,-17104,54,-28,-26,0
S,13192806,up,18,0,1550,1520,-656,-920,-17080,52,-27,-22,0
S,13197806,up,18,0,1550,1520,-784,-1104,-16968,43,-6,-28,0
S,13202806,up,18,0,1550,1520,-800,-960,-17048,33,9,-26,0
S,13207807,up,18,0,1550,1520,-840,-1024,-17088,24,24,-30,0
S,13212806,up,18,0,1550,1520,-752,-1072,-17168,25,43,-24,0
S,13217806,up,18,0,1550,1520,-792,-1032,-17088,30,64,-36,0
S,13222806,up,18,0,1550,1520,-704,-1032,-17104,32,60,-30,0
S,13227806,up,18,0,1550,1520,-744,-848,-17248,33,58,-32,0
S,13232806,up,18,0,1550,1520,-912,-1040,-17000,27,49,-27,0
S,13237806,up,18,0,1550,1520,-584,-1072,-17136,43,40,-31,0
S,13242806,up,18,0,1550,1520,-768,-1072,-17048,42,22,-28,0
S,13247806,up,18,0,1550,1520,-768,-1016,-17232,44,10,-28,0
S,13252806,up,18,0,1550,1520,-760,-968,-17128,40,-1,-28,0
S,13257806,up,18,0,1550,1520,-784,-1056,-17048,43,-3,-30,0
S,13262806,up,18,0,1550,1520,-784,-968,-17096,44,-12,-34,0
S,13267806,up,18,0,1550,1520,-792,-1152,-17080,46,-5,-23,0
S,13272806,up,18,0,1550,1520,-832,-904,-17144,46,4,-30,0
S,13277806,up,18,0,1550,1520,-760,-1032,-17152,45,18,-24,0
S,13282806,up,18,0,1550,1520,-800,-1008,-17040,43,29,-32,0
S,13287806,up,18,0,1550,1520,-816,-1016,-17176,39,34,-26,0
S,13292806,up,18,0,1550,1520,-760,-984,-16968,33,40,-34,0
S,13297806,up,18,0,1550,1520,-792,-848,-17016,28,45,-31,0
S,13302806,up,18,0,1550,1520,-752,-1064,-17072,30,40,-29,0
S,13307806,up,18,0,1550,1520,-656,-1088,-17136,26,35,-29,0
S,13312806,up,18,0,1550,1520,-832,-992,-16968,35,32,-32,0
S,13317806,up,18,0,1550,1520,-648,-968,-17120,43,23,-32,0
S,13322806,up,18,0,1550,1520,-696,-888,-17048,43,13,-29,0
S,13327806,up,18,0,1550,1520,-784,-1016,-17072,47,17,-30,0
S,13332806,up,18,0,1550,1520,-776,-1008,-17048,47,10,-27,0
S,13337806,up,18,0,1550,1520,-824,-936,-17104,41,8,-29,0
S,13342806,up,18,0,1550,1520,-912,-880,-17104,42,9,-24,0
S,13347807,up,18,0,1550,1520,-768,-912,-17152,37,12,-28,0
S,13352806,up,18,0,1550,1520,-720,-1008,-17040,30,22,-31,0
S,13357806,up,18,0,1550,1520,-760,-960,-17152,35,18,-25,0
S,13362806,up,18,0,1550,1520,-664,-1056,-17008,29,37,-28,0
S,13367806,up,18,0,1550,1520,-808,-976,-17152,35,32,-29,0
S,13372806,up,18,0,1550,1520,-784,-1048,-17136,33,34,-30,0
S,13377806,up,18,0,1550,1520,-736,-816,-17200,37,34,-22,0
S,13382806,up,18,0,1550,1520,-672,-952,-17152,42,27,-34,0
S,13387806,up,18,0,1550,1520,-704,-992,-17000,45,23,-29,0
S,13392806,up,18,0,1550,1520,-784,-968,-17032,40,16,-31,0
S,13397806,up,18,0,1550,1520,-864,-968,-17160,41,16,-31,0
S,13402806,up,18,0,1550,1520,-832,-880,-17056,35,11,-25,0
S,13407806,up,18,0,1550,1520,-824,-1016,-17000,39,6,-32,0
S,13412807,up,18,0,1550,1520,-744,-1008,-17088,42,10,-28,0
S,13417806,up,18,0,1550,1520,-712,-1032,-17088,40,14,-28,0
S,13422806,up,18,0,1550,1520,-880,-904,-17096,39,18,-32,0
S,13427806,up,18,0,1550,1520,-760,-1024,-17104,38,26,-27,0
S,13432806,up,18,0,1550,1520,-584,-888,-17072,40,29,-28,0
S,13437806,up,18,0,1550,1520,-888,-880,-16984,34,33,-29,0
S,13442806,up,18,0,1550,1520,-680,-1040,-17144,38,24,-28,0
S,13447806,up,18,0,1550,1520,-840,-1072,-17160,34,33,-31,0
S,13452807,up,18,0,1550,1520,-696,-1024,-16904,41,26,-34,0
S,13457806,up,18,0,1550,1520,-744,-1128,-17168,38,28,-28,0
S,13462806,up,18,0,1550,1520,-728,-992,-17024,38,18,-32,0
S,13467806,up,18,0,1550,1520,-752,-960,-16968,44,13,-32,0
S,13472806,up,18,0,1550,1520,-872,-992,-17160,44,16,-29,0
S,13477806,up,18,0,1550,1520,-832,-1088,-17152,34,20,-27,0
S,13482806,up,18,0,1550,1520,-872,-1088,-17032,40,15,-25,0
S,13487807,up,18,0,1550,1520,-856,-968,-17000,45,25,-31,0
S,13492807,up,18,0,1550,1520,-760,-1040,-17072,42,21,-27,0
S,13497806,up,18,0,1550,1520,-808,-1112,-17064,37,20,-28,0
S,13502806,up,18,0,1550,1520,-656,-976,-17224,34,24,-32,0
S,13507806,up,18,0,1550,1520,-856,-1048,-17072,42,24,-28,0
S,13512806,up,18,0,1550,1520,-912,-928,-17008,36,27,-31,0
S,13517806,up,18,0,1550,1520,-896,-1016,-17016,42,26,-29,0
S,13522806,up,18,0,1550,1520,-784,-928,-17088,37,26,-29,0
S,13527806,up,18,0,1550,1520,-672,-976,-17024,45,27,-28,0
S,13532807,up,18,0,1550,1520,-792,-1008,-17088,35,22,-26,0
E,13532910,up,19,0,1560,1520,,,,,,,0
S,13533542,up,19,0,1560,1520,-816,-1112,-17032,37,22,-25,0
S,13538533,up,19,0,1560,1520,-784,-888,-17120,44,18,-30,0
S,13543532,up,19,0,1560,1520,-2472,-1168,-17112,41,7,-29,0
S,13548532,up,19,0,1560,1520,536,168,-17536,39,-27,-121,0
S,13553532,up,19,0,1560,1520,248,-648,-16520,39,-29,-59,0
S,13558532,up,19,0,1560,1520,-1432,-2912,-17040,30,-83,-55,0
S,13563532,up,19,0,1560,1520,-2728,-1784,-16768,25,-121,-3,0
S,13568532,up,19,0,1560,1520,-360,792,-17600,44,-147,-76,0
S,13573532,up,19,0,1560,1520,664,-672,-16736,55,-179,-54,0
S,13578532,up,19,0,1560,1520,-800,-3072,-17240,54,-208,-27,0
S,13583531,up,19,0,1560,1520,-1888,-1544,-16760,44,-236,-3,0
S,13588532,up,19,0,1560,1520,-720,-416,-17112,59,-247,-12,0
S,13593532,up,19,0,1560,1520,-608,-1272,-17088,46,-240,-4,0
S,13598532,up,19,0,1560,1520,-704,-1312,-17072,48,-222,10,0
S,13603532,up,19,0,1560,1520,-760,-832,-16960,39,-186,10,0
S,13608532,up,19,0,1560,1520,-816,-1080,-17024,38,-143,16,0
S,13613532,up,19,0,1560,1520,-904,-968,-17168,34,-103,-9,0
S,13618532,up,19,0,1560,1520,-872,-1128,-16728,35,-39,-16,0
S,13623532,up,19,0,1560,1520,-720,-1008,-17064,34,7,-19,0
S,13628532,up,19,0,1560,1520,-1032,-1056,-17224,37,67,-26,0
S,13633532,up,19,0,1560,1520,-928,-1128,-16896,40,110,-29,0
S,13638532,up,19,0,1560,1520,-904,-1048,-17072,37,140,-35,0
S,13643532,up,19,0,1560,1520,-912,-1216,-17064,35,142,-41,0
S,13648532,up,19,0,1560,1520,-1048,-912,-17040,23,132,-34,0
S,13653532,up,19,0,1560,1520,-1016,-936,-17208,16,107,-39,0
S,13658532,up,19,0,1560,1520,-1040,-936,-17016,20,82,-42,0
S,13663532,up,19,0,1560,1520,-1136,-992,-17048,24,49,-38,0
S,13668532,up,19,0,1560,1520,-984,-1000,-17064,36,18,-32,0
S,13673531,up,19,0,1560,1520,-920,-976,-17152,50,-8,-24,0
S,13678532,up,19,0,1560,1520,-824,-1040,-17008,56,-25,-31,0
S,13683532,up,19,0,1560,1520,-992,-1032,-17096,60,-35,-30,0
S,13688532,up,19,0,1560,1520,-1008,-1048,-17056,60,-35,-23,0
S,13693532,up,19,0,1560,1520,-1040,-1016,-17160,59,-31,-26,0
S,13698531,up,19,0,1560,1520,-872,-872,-17128,52,-14,-25,0
S,13703532,up,19,0,1560,1520,-1064,-1152,-16880,35,2,-27,0
S,13708532,up,19,0,1560,1520,-1000,-984,-17000,32,23,-28,0
S,13713532,up,19,0,1560,1520,-880,-976,-17040,25,49,-27,0
S,13718532,up,19,0,1560,1520,-1168,-1008,-17112,27,56,-28,0
S,13723532,up,19,0,1560,1520,-704,-1056,-17040,27,64,-34,0
S,13728532,up,19,0,1560,1520,-912,-960,-16960,29,66,-30,0
S,13733532,up,19,0,1560,1520,-880,-1064,-17032,33,62,-34,0
S,13738532,up,19,0,1560,1520,-864,-736,-17168,34,42,-33,0
S,13743532,up,19,0,1560,1520,-984,-928,-17056,44,24,-33,0
S,13748532,up,19,0,1560,1520,-912,-904,-17048,46,7,-29,0
S,13753532,up,19,0,1560,1520,-960,-896,-16928,46,-1,-27,0
S,13758532,up,19,0,1560,1520,-984,-968,-17096,45,-10,-32,0
S,13763532,up,19,0,1560,1520,-840,-976,-16984,44,-14,-28,0
S,13768532,up,19,0,1560,1520,-1008,-944,-17112,48,-1,-29,0
S,13773532,up,19,0,1560,1520,-1000,-1032,-17104,43,14,-24,0
S,13778532,up,19,0,1560,1520,-792,-1048,-17152,36,18,-28,0
S,13783532,up,19,0,1560,1520,-960,-952,-16960,38,23,-27,0
S,13788532,up,19,0,1560,1520,-1016,-1072,-17232,41,41,-30,0
S,13793532,up,19,0,1560,1520,-888,-856,-17120,36,44,-33,0
S,13798532,up,19,0,1560,1520,-1056,-1008,-17040,34,42,-32,0
S,13803532,up,19,0,1560,1520,-920,-920,-17016,28,41,-33,0
S,13808532,up,19,0,1560,1520,-1000,-960,-17040,30,38,-32,0
S,13813532,up,19,0,1560,1520,-944,-944,-17056,30,26,-29,0
S,13818532,up,19,0,1560,1520,-976,-1032,-16960,36,22,-26,0
S,13823532,up,19,0,1560,1520,-1024,-1072,-16984,38,14,-35,0
S,13828532,up,19,0,1560,1520,-984,-976,-17152,43,7,-26,0
S,13833532,up,19,0,1560,1520,-1048,-864,-17056,55,9,-31,0
S,13838532,up,19,0,1560,1520,-984,-1080,-17000,44,1,-29,0
S,13843532,up,19,0,1560,1520,-976,-1024,-17128,44,9,-26,0
S,13848532,up,19,0,1560,1520,-912,-912,-16976,42,16,-27,0
S,13853532,up,19,0,1560,1520,-1000,-1040,-17008,37,26,-29,0
S,13858532,up,19,0,1560,1520,-1000,-1088,-17104,32,23,-29,0
S,13863532,up,19,0,1560,1520,-880,-1056,-17096,30,33,-24,0
S,13868532,up,19,0,1560,1520,-992,-968,-16960,31,39,-30,0
S,13873532,up,19,0,1560,1520,-1032,-984,-17072,36,30,-36,0
S,13878532,up,19,0,1560,1520,-984,-1088,-17112,37,33,-38,0
S,13883532,up,19,0,1560,1520,-928,-968,-17096,37,29,-34,0
S,13888532,up,19,0,1560,1520,-976,-856,-17104,44,23,-29,0
S,13893532,up,19,0,1560,1520,-912,-848,-17184,43,21,-24,0
S,13898532,up,19,0,1560,1520,-824,-960,-17064,40,16,-31,0
S,13903532,up,19,0,1560,1520,-872,-992,-17016,41,9,-21,0
S,13908532,up,19,0,1560,1520,-1016,-976,-17208,41,15,-27,0
S,13913532,up,19,0,1560,1520,-1000,-1112,-17096,42,12,-25,0
S,13918532,up,19,0,1560,1520,-952,-880,-17040,34,17,-28,0
S,13923532,up,19,0,1560,1520,-896,-1072,-17144,40,17,-21,0
S,13928532,up,19,0,1560,1520,-896,-1040,-16936,35,28,-30,0
S,13933532,up,19,0,1560,1520,-912,-1160,-17000,35,28,-30,0
S,13938532,up,19,0,1560,1520,-1040,-1056,-17112,43,29,-33,0
S,13943532,up,19,0,1560,1520,-888,-1024,-17008,37,33,-26,0
S,13948532,up,19,0,1560,1520,-920,-984,-17144,33,26,-30,0
S,13953532,up,19,0,1560,1520,-1032,-920,-17136,42,31,-28,0
S,13958532,up,19,0,1560,1520,-984,-872,-16984,38,23,-28,0
S,13963532,up,19,0,1560,1520,-952,-1032,-16984,44,24,-28,0
S,13968532,up,19,0,1560,1520,-896,-1016,-17024,40,16,-25,0
S,13973532,up,19,0,1560,1520,-944,-912,-17120,42,16,-24,0
S,13978532,up,19,0,1560,1520,-960,-968,-17056,37,16,-29,0
S,13983532,up,19,0,1560,1520,-832,-1048,-17152,43,17,-29,0
S,13988532,up,19,0,1560,1520,-840,-976,-17024,44,21,-29,0
S,13993532,up,19,0,1560,1520,-1016,-912,-17040,41,23,-31,0
S,13998532,up,19,0,1560,1520,-944,-1032,-17104,35,26,-31,0
S,14003532,up,19,0,1560,1520,-1016,-1008,-17056,35,19,-30,0
S,14008532,up,19,0,1560,1520,-1008,-1160,-17128,32,25,-30,0
S,14013532,up,19,0,1560,1520,-960,-1040,-17008,34,25,-29,0
S,14018532,up,19,0,1560,1520,-784,-928,-17168,29,33,-28,0
S,14023532,up,19,0,1560,1520,-872,-960,-17184,38,27,-32,0
S,14028532,up,19,0,1560,1520,-856,-944,-16992,38,27,-28,0
S,14033532,up,19,0,1560,1520,-992,-1072,-17152,41,21,-27,0
E,14033636,up,20,0,1570,1520,,,,,,,0
S,14034268,up,20,0,1570,1520,-992,-1072,-17152,41,17,-32,0
S,14039263,up,20,0,1570,1520,-936,-776,-17072,43,21,-29,0
S,14044257,up,20,0,1570,1520,-1736,-1208,-17032,44,1,-29,0
S,14049257,up,20,0,1570,1520,48,-480,-17984,44,-43,-151,0
S,14054257,up,20,0,1570,1520,184,-1776,-16016,36,-28,-41,0
S,14059257,up,20,0,1570,1520,-4072,-3096,-17568,26,-88,-39,0
S,14064257,up,20,0,1570,1520,-1880,232,-16952,31,-151,-62,0
S,14069257,up,20,0,1570,1520,-1976,2024,-18112,47,-142,-61,0
S,14074257,up,20,0,1570,1520,-1984,-2864,-17088,45,-213,-31,0
S,14079257,up,20,0,1570,1520,-392,-736,-16664,40,-236,-3,0
S,14084257,up,20,0,1570,1520,-752,-248,-17408,52,-259,-14,0
S,14089257,up,20,0,1570,1520,-752,-1128,-17016,48,-248,2,0
S,14094257,up,20,0,1570,1520,-1488,-1352,-16824,56,-238,-4,0
S,14099257,up,20,0,1570,1520,-536,-768,-17216,61,-208,11,0
S,14104257,up,20,0,1570,1520,-672,-1032,-16880,52,-146,16,0
S,14109257,up,20,0,1570,1520,-1544,-1104,-17088,42,-114,3,0
S,14114257,up,20,0,1570,1520,-664,-848,-17104,31,-67,-11,0
S,14119257,up,20,0,1570,1520,-1424,-1192,-16952,19,-6,-22,0
S,14124257,up,20,0,1570,1520,-896,-1000,-17040,21,35,-31,0
S,14129257,up,20,0,1570,1520,-1400,-1232,-17032,20,83,-27,0
S,14134257,up,20,0,1570,1520,-880,-896,-17120,27,112,-28,0
S,14139257,up,20,0,1570,1520,-1184,-1112,-16960,23,128,-37,0
S,14144257,up,20,0,1570,1520,-1080,-952,-17168,40,117,-33,0
S,14149257,up,20,0,1570,1520,-1232,-896,-17032,34,104,-46,0
S,14154257,up,20,0,1570,1520,-1224,-920,-17040,35,70,-42,0
S,14159257,up,20,0,1570,1520,-1000,-896,-17160,43,44,-39,0
S,14164257,up,20,0,1570,1520,-1264,-1104,-17056,42,27,-31,0
S,14169257,up,20,0,1570,1520,-952,-952,-17184,49,-3,-27,0
S,14174257,up,20,0,1570,1520,-1288,-952,-17168,47,-18,-28,0
S,14179257,up,20,0,1570,1520,-1080,-992,-17136,49,-31,-28,0
S,14184257,up,20,0,1570,1520,-1184,-1040,-16944,46,-34,-25,0
S,14189257,up,20,0,1570,1520,-1328,-936,-17040,48,-23,-23,0
S,14194257,up,20,0,1570,1520,-1120,-1040,-17048,49,-7,-24,0
S,14199257,up,20,0,1570,1520,-1064,-1024,-17056,45,13,-27,0
S,14204257,up,20,0,1570,1520,-1136,-1032,-17032,45,35,-36,0
S,14209257,up,20,0,1570,1520,-1216,-1152,-17024,32,43,-30,0
S,14214257,up,20,0,1570,1520,-1064,-984,-17232,28,58,-31,0
S,14219257,up,20,0,1570,1520,-1320,-1064,-17000,26,59,-31,0
S,14224257,up,20,0,1570,1520,-1136,-1024,-17096,28,54,-33,0
S,14229257,up,20,0,1570,1520,-1184,-1016,-17088,25,49,-34,0
S,14234257,up,20,0,1570,1520,-1200,-944,-16944,36,33,-31,0
S,14239257,up,20,0,1570,1520,-1032,-1016,-17120,31,22,-32,0
S,14244257,up,20,0,1570,1520,-1272,-1048,-17080,37,14,-31,0
S,14249257,up,20,0,1570,1520,-1064,-1032,-17096,43,3,-29,0
S,14254257,up,20,0,1570,1520,-1096,-1016,-17128,56,0,-27,0
S,14259257,up,20,0,1570,1520,-1240,-1008,-17080,54,-3,-30,0
S,14264257,up,20,0,1570,1520,-1152,-968,-17104,49,3,-31,0
S,14269257,up,20,0,1570,1520,-1160,-912,-17136,40,7,-33,0
S,14274257,up,20,0,1570,1520,-1152,-1096,-16984,38,15,-30,0
S,14279257,up,20,0,1570,1520,-1104,-944,-17120,31,27,-29,0
S,14284257,up,20,0,1570,1520,-1168,-848,-17120,31,39,-35,0
S,14289257,up,20,0,1570,1520,-1200,-1072,-16976,28,40,-30,0
S,14294257,up,20,0,1570,1520,-1136,-936,-17096,35,39,-32,0
S,14299257,up,20,0,1570,1520,-1272,-1024,-16960,32,41,-29,0
S,14304257,up,20,0,1570,1520,-1048,-904,-17080,33,34,-31,0
S,14309257,up,20,0,1570,1520,-1080,-976,-17032,45,34,-28,0
S,14314257,up,20,0,1570,1520,-1216,-992,-17080,38,20,-28,0
S,14319257,up,20,0,1570,1520,-1152,-952,-17048,40,9,-24,0
S,14324257,up,20,0,1570,1520,-1048,-952,-17160,44,3,-32,0
S,14329257,up,20,0,1570,1520,-1160,-1024,-17104,45,5,-30,0
S,14334257,up,20,0,1570,1520,-1128,-888,-16936,40,7,-31,0
S,14339257,up,20,0,1570,1520,-1136,-1024,-16992,43,12,-32,0
S,14344257,up,20,0,1570,1520,-1104,-1024,-17056,45,20,-25,0
S,14349257,up,20,0,1570,1520,-1104,-1152,-16952,45,24,-31,0
S,14354257,up,20,0,1570,1520,-1264,-1000,-17080,41,25,-27,0
S,14359257,up,20,0,1570,1520,-1216,-984,-16928,38,32,-31,0
S,14364257,up,20,0,1570,1520,-1152,-1088,-17048,32,33,-27,0
S,14369257,up,20,0,1570,1520,-1064,-872,-17056,27,36,-29,0
S,14374257,up,20,0,1570,1520,-1248,-984,-17064,31,27,-25,0
S,14379257,up,20,0,1570,1520,-1080,-1040,-17080,31,26,-34,0
S,14384257,up,20,0,1570,1520,-1216,-984,-17104,42,27,-34,0
S,14389257,up,20,0,1570,1520,-1112,-1048,-17008,45,21,-26,0
S,14394257,up,20,0,1570,1520,-1136,-864,-16952,45,15,-30,0
S,14399257,up,20,0,1570,1520,-1144,-976,-17032,44,16,-29,0
S,14404257,up,20,0,1570,1520,-1208,-936,-17048,51,13,-31,0
S,14409257,up,20,0,1570,1520,-1120,-968,-17160,41,13,-26,0
S,14414257,up,20,0,1570,1520,-1048,-1064,-16968,36,17,-30,0
S,14419257,up,20,0,1570,1520,-1168,-920,-17032,31,17,-29,0
S,14424257,up,20,0,1570,1520,-1216,-864,-17032,39,25,-26,0
S,14429257,up,20,0,1570,1520,-1168,-936,-17056,33,31,-29,0
S,14434257,up,20,0,1570,1520,-1096,-960,-17096,35,31,-27,0
S,14439257,up,20,0,1570,1520,-1008,-976,-17080,32,33,-29,0
S,14444257,up,20,0,1570,1520,-1200,-1008,-17072,37,32,-27,0
S,14449257,up,20,0,1570,1520,-1064,-1072,-17008,38,28,-27,0
S,14454257,up,20,0,1570,1520,-1168,-968,-17072,36,25,-28,0
S,14459257,up,20,0,1570,1520,-1056,-1016,-17008,39,20,-29,0
S,14464257,up,20,0,1570,1520,-1080,-984,-17024,45,16,-30,0
S,14469257,up,20,0,1570,1520,-1176,-968,-17000,40,17,-27,0
S,14474257,up,20,0,1570,1520,-1176,-1032,-17112,38,13,-19,0
S,14479257,up,20,0,1570,1520,-1208,-1032,-17008,38,15,-32,0
S,14484257,up,20,0,1570,1520,-1192,-1016,-17008,32,21,-30,0
S,14489257,up,20,0,1570,1520,-1216,-1072,-16968,43,21,-29,0
S,14494257,up,20,0,1570,1520,-1120,-1032,-17088,40,29,-29,0
S,14499257,up,20,0,1570,1520,-1176,-1104,-17064,43,28,-26,0
S,14504257,up,20,0,1570,1520,-1144,-1024,-17056,36,26,-35,0
S,14509257,up,20,0,1570,1520,-1096,-992,-17112,41,24,-29,0
S,14514257,up,20,0,1570,1520,-1144,-1000,-17192,33,22,-26,0
S,14519257,up,20,0,1570,1520,-1144,-904,-17136,40,21,-29,0
S,14524257,up,20,0,1570,1520,-1032,-1080,-17096,32,27,-24,0
S,14529257,up,20,0,1570,1520,-1192,-944,-17104,33,23,-24,0
S,14534257,up,20,0,1570,1520,-1200,-992,-17104,39,19,-28,0
E,14534360,up,21,0,1580,1520,,,,,,,0
S,14534992,up,21,0,1580,1520,-1112,-1032,-17152,39,19,-28,0
S,14539983,up,21,0,1580,1520,-1208,-1072,-17120,43,23,-26,0
S,14544982,up,21,0,1580,1520,-1456,-1080,-17048,43,15,-27,0
S,14549981,up,21,0,1580,1520,-1616,-856,-16928,39,-28,-89,0
S,14554981,up,21,0,1580,1520,1080,-1344,-17184,29,-45,-3,0
S,14559981,up,21,0,1580,1520,-5696,-1272,-18192,28,-60,-33,0
S,14564982,up,21,0,1580,1520,624,1144,-16984,42,-109,-112,0
S,14569981,up,21,0,1580,1520,-464,-1176,-17272,38,-132,-60,0
S,14574981,up,21,0,1580,1520,-984,-432,-16712,26,-160,-18,0
S,14579981,up,21,0,1580,1520,-2360,-424,-17224,44,-194,-21,0
S,14584981,up,21,0,1580,1520,296,-1264,-16336,53,-223,-14,0
S,14589981,up,21,0,1580,1520,-2728,-1536,-17648,46,-229,-12,0
S,14594981,up,21,0,1580,1520,2432,656,-16640,54,-216,-23,0
S,14599981,up,21,0,1580,1520,-1768,-1160,-17464,64,-235,-23,0
S,14604981,up,21,0,1580,1520,-216,-1800,-16672,48,-216,-21,0
S,14609981,up,21,0,1580,1520,-400,-832,-17224,36,-172,1,0
S,14614982,up,21,0,1580,1520,-800,-1392,-16864,36,-127,14,0
S,14619982,up,21,0,1580,1520,-1992,-872,-17104,35,-73,34,0
S,14624981,up,21,0,1580,1520,-1144,-1560,-17048,31,-33,-17,0
S,14629981,up,21,0,1580,1520,-1552,-936,-17064,34,20,-27,0
S,14634981,up,21,0,1580,1520,-1424,-1104,-16968,38,71,-27,0
S,14639982,up,21,0,1580,1520,-1144,-1152,-17280,34,112,-33,0
S,14644981,up,21,0,1580,1520,-1320,-1008,-17080,26,144,-30,0
S,14649981,up,21,0,1580,1520,-824,-680,-16960,35,149,-33,0
S,14654982,up,21,0,1580,1520,-1488,-728,-16976,26,144,-32,0
S,14659981,up,21,0,1580,1520,-1472,-928,-17000,28,117,-34,0
S,14664981,up,21,0,1580,1520,-1328,-832,-17064,22,91,-33,0
S,14669981,up,21,0,1580,1520,-1416,-896,-17048,24,48,-43,0
S,14674981,up,21,0,1580,1520,-1064,-1016,-17120,28,13,-31,0
S,14679981,up,21,0,1580,1520,-1496,-816,-16928,40,-14,-31,0
S,14684981,up,21,0,1580,1520,-1160,-1048,-17048,52,-34,-30,0
S,14689981,up,21,0,1580,1520,-1296,-824,-17104,59,-34,-24,0
S,14694981,up,21,0,1580,1520,-1328,-952,-17080,60,-33,-26,0
S,14699981,up,21,0,1580,1520,-1248,-976,-16968,54,-28,-21,0
S,14704981,up,21,0,1580,1520,-1368,-1048,-17008,51,-17,-25,0
S,14709981,up,21,0,1580,1520,-1296,-992,-17024,43,10,-34,0
S,14714982,up,21,0,1580,1520,-1288,-952,-17048,32,27,-25,0
S,14719981,up,21,0,1580,1520,-1344,-1088,-17128,23,50,-31,0
S,14724981,up,21,0,1580,1520,-1448,-904,-16896,19,64,-32,0
S,14729982,up,21,0,1580,1520,-1224,-968,-17120,18,63,-32,0
S,14734981,up,21,0,1580,1520,-1416,-1056,-16976,21,65,-24,0
S,14739982,up,21,0,1580,1520,-1240,-1040,-17008,30,58,-28,0
S,14744982,up,21,0,1580,1520,-1392,-984,-17024,37,39,-32,0
S,14749981,up,21,0,1580,1520,-1408,-1056,-16952,41,32,-26,0
S,14754982,up,21,0,1580,1520,-1320,-952,-17128,55,11,-30,0
S,14759981,up,21,0,1580,1520,-1408,-1096,-17024,50,-3,-33,0
S,14764982,up,21,0,1580,1520,-1336,-976,-17136,56,-8,-29,0
S,14769981,up,21,0,1580,1520,-1216,-944,-17088,46,-10,-27,0
S,14774981,up,21,0,1580,1520,-1408,-968,-16984,37,-5,-27,0
S,14779982,up,21,0,1580,1520,-1328,-976,-17128,38,4,-30,0
S,14784982,up,21,0,1580,1520,-1216,-1088,-17056,35,14,-32,0
S,14789981,up,21,0,1580,1520,-1320,-1048,-17008,35,29,-27,0
S,14794982,up,21,0,1580,1520,-1400,-1056,-16960,36,41,-34,0
S,14799982,up,21,0,1580,1520,-1304,-1048,-16984,27,48,-30,0
S,14804981,up,21,0,1580,1520,-1304,-1016,-17112,42,47,-29,0
S,14809981,up,21,0,1580,1520,-1304,-1016,-17208,25,43,-33,0
S,14814982,up,21,0,1580,1520,-1408,-1048,-17032,34,39,-29,0
S,14819981,up,21,0,1580,1520,-1392,-1000,-16992,33,25,-32,0
S,14824981,up,21,0,1580,1520,-1280,-856,-17064,39,16,-32,0
S,14829981,up,21,0,1580,1520,-1344,-984,-17040,42,13,-31,0
S,14834982,up,21,0,1580,1520,-1376,-952,-17016,46,9,-27,0
S,14839981,up,21,0,1580,1520,-1176,-936,-17056,46,0,-26,0
S,14844982,up,21,0,1580,1520,-1256,-968,-17208,45,3,-28,0
S,14849981,up,21,0,1580,1520,-1328,-1040,-16976,40,7,-30,0
S,14854982,up,21,0,1580,1520,-1256,-1088,-17032,44,15,-30,0
S,14859982,up,21,0,1580,1520,-1328,-936,-17072,45,26,-30,0
S,14864981,up,21,0,1580,1520,-1432,-912,-16936,27,30,-27,0
S,14869981,up,21,0,1580,1520,-1424,-888,-16976,34,32,-26,0
S,14874981,up,21,0,1580,1520,-1248,-1000,-17120,32,39,-26,0
S,14879982,up,21,0,1580,1520,-1272,-992,-17088,25,35,-36,0
S,14884981,up,21,0,1580,1520,-1328,-976,-17016,27,30,-31,0
S,14889981,up,21,0,1580,1520,-1248,-1064,-17032,32,32,-30,0
S,14894981,up,21,0,1580,1520,-1248,-1136,-17112,40,27,-28,0
S,14899981,up,21,0,1580,1520,-1264,-984,-17064,42,14,-33,0
S,14904981,up,21,0,1580,1520,-1304,-1040,-16952,41,13,-35,0
S,14909982,up,21,0,1580,1520,-1288,-936,-17096,40,12,-32,0
S,14914982,up,21,0,1580,1520,-1384,-1008,-17048,45,6,-29,0
S,14919982,up,21,0,1580,1520,-1400,-920,-17024,36,14,-27,0
S,14924981,up,21,0,1580,1520,-1248,-1024,-16984,38,12,-23,0
S,14929982,up,21,0,1580,1520,-1336,-1056,-17016,37,21,-31,0
S,14934981,up,21,0,1580,1520,-1368,-952,-17048,34,29,-31,0
S,14939981,up,21,0,1580,1520,-1328,-1000,-17024,33,26,-29,0
S,14944982,up,21,0,1580,1520,-1272,-1024,-17040,31,40,-35,0
S,14949982,up,21,0,1580,1520,-1296,-1048,-17024,37,34,-31,0
S,14954981,up,21,0,1580,1520,-1456,-1152,-17032,38,28,-29,0
S,14959981,up,21,0,1580,1520,-1312,-912,-17104,35,25,-26,0
S,14964981,up,21,0,1580,1520,-1264,-992,-17032,42,25,-28,0
S,14969981,up,21,0,1580,1520,-1360,-984,-17128,40,21,-31,0
S,14974982,up,21,0,1580,1520,-1368,-840,-17144,39,12,-27,0
S,14979981,up,21,0,1580,1520,-1272,-992,-17016,43,15,-26,0
S,14984981,up,21,0,1580,1520,-1352,-992,-16976,37,12,-29,0
S,14989981,up,21,0,1580,1520,-1256,-1040,-17040,38,15,-33,0
S,14994981,up,21,0,1580,1520,-1352,-968,-17000,41,22,-28,0
S,14999982,up,21,0,1580,1520,-1376,-960,-17056,40,27,-30,0
S,15004981,up,21,0,1580,1520,-1320,-952,-17048,41,26,-27,0
S,15009981,up,21,0,1580,1520,-1304,-1000,-17144,35,27,-29,0
S,15014981,up,21,0,1580,1520,-1424,-992,-17080,30,33,-34,0
S,15019981,up,21,0,1580,1520,-1392,-992,-16896,33,32,-29,0
S,15024982,up,21,0,1580,1520,-1384,-1032,-17040,34,34,-31,0
S,15029982,up,21,0,1580,1520,-1312,-976,-16952,34,24,-31,0
S,15034981,up,21,0,1580,1520,-1328,-1040,-17056,39,27,-32,0
E,15035087,up,22,0,1590,1520,,,,,,,0
S,15035723,up,22,0,1590,1520,-1312,-984,-17008,36,19,-27,0
S,15040713,up,22,0,1590,1520,-1432,-1040,-17080,45,24,-27,0
S,15045712,up,22,0,1590,1520,-2168,-1192,-16832,46,-6,-37,0
S,15050712,up,22,0,1590,1520,-328,-192,-18040,32,-37,-94,0
S,15055712,up,22,0,1590,1520,-328,1168,-17488,43,-40,-102,0
S,15060712,up,22,0,1590,1520,-4128,-4656,-16480,35,-97,-71,0
S,15065713,up,22,0,1590,1520,1472,72,-16592,25,-121,4,0
S,15070712,up,22,0,1590,1520,-1680,24,-17776,31,-134,5,0
S,15075713,up,22,0,1590,1520,32,-496,-16224,41,-189,-33,0
S,15080712,up,22,0,1590,1520,-824,-1984,-17568,49,-191,-1,0
S,15085712,up,22,0,1590,1520,-1248,-648,-16728,47,-217,-7,0
S,15090712,up,22,0,1590,1520,-1256,-424,-17312,50,-226,-7,0
S,15095712,up,22,0,1590,1520,-1048,-1352,-16856,49,-212,-9,0
S,15100712,up,22,0,1590,1520,-1280,-784,-17296,45,-188,-10,0
S,15105712,up,22,0,1590,1520,-1616,-920,-16832,47,-150,-8,0
S,15110712,up,22,0,1590,1520,-1104,-1080,-17128,44,-105,-14,0
S,15115713,up,22,0,1590,1520,-760,-752,-17048,36,-47,16,0
S,15120712,up,22,0,1590,1520,-2184,-1168,-17128,33,0,-15,0
S,15125712,up,22,0,1590,1520,-1320,-1112,-16880,30,47,-34,0
S,15130712,up,22,0,1590,1520,-1672,-1248,-17072,22,77,-33,0
S,15135713,up,22,0,1590,1520,-1496,-912,-16968,19,117,-40,0
S,15140712,up,22,0,1590,1520,-1536,-1048,-16976,22,119,-39,0
S,15145712,up,22,0,1590,1520,-1448,-976,-17240,22,115,-35,0
S,15150712,up,22,0,1590,1520,-1664,-984,-16912,21,105,-34,0
S,15155712,up,22,0,1590,1520,-1376,-1016,-17056,27,68,-31,0
S,15160712,up,22,0,1590,1520,-1432,-1032,-17048,32,42,-25,0
S,15165712,up,22,0,1590,1520,-1576,-1024,-17192,36,12,-32,0
S,15170712,up,22,0,1590,1520,-1280,-944,-17024,45,-12,-35,0
S,15175712,up,22,0,1590,1520,-1584,-1120,-17152,48,-33,-31,0
S,15180712,up,22,0,1590,1520,-1552,-1016,-17120,56,-38,-26,0
S,15185712,up,22,0,1590,1520,-1512,-984,-17096,54,-37,-27,0
S,15190712,up,22,0,1590,1520,-1688,-1072,-17168,56,-24,-27,0
S,15195713,up,22,0,1590,1520,-1568,-976,-16872,54,1,-31,0
S,15200712,up,22,0,1590,1520,-1472,-1000,-17096,40,17,-27,0
S,15205712,up,22,0,1590,1520,-1584,-1072,-16912,28,41,-32,0
S,15210712,up,22,0,1590,1520,-1584,-976,-16896,28,47,-30,0
S,15215712,up,22,0,1590,1520,-1424,-944,-17160,15,65,-37,0
S,15220712,up,22,0,1590,1520,-1632,-944,-16920,16,64,-31,0
S,15225712,up,22,0,1590,1520,-1400,-864,-17120,20,54,-29,0
S,15230712,up,22,0,1590,1520,-1640,-968,-17080,28,53,-32,0
S,15235713,up,22,0,1590,1520,-1552,-968,-16984,32,32,-30,0
S,15240712,up,22,0,1590,1520,-1528,-936,-17064,45,15,-32,0
S,15245712,up,22,0,1590,1520,-1672,-1008,-17016,48,3,-34,0
S,15250712,up,22,0,1590,1520,-1328,-928,-17040,50,-2,-31,0
S,15255712,up,22,0,1590,1520,-1488,-960,-17104,50,-6,-25,0
S,15260712,up,22,0,1590,1520,-1552,-912,-16928,44,-7,-28,0
S,15265712,up,22,0,1590,1520,-1408,-1048,-17080,44,-2,-26,0
S,15270712,up,22,0,1590,1520,-1488,-912,-17096,35,5,-32,0
S,15275712,up,22,0,1590,1520,-1480,-1008,-16976,30,21,-35,0
S,15280712,up,22,0,1590,1520,-1544,-1056,-17120,33,32,-30,0
S,15285712,up,22,0,1590,1520,-1424,-1128,-17016,33,42,-29,0
S,15290712,up,22,0,1590,1520,-1600,-1032,-16968,33,55,-28,0
S,15295712,up,22,0,1590,1520,-1584,-856,-17032,34,51,-35,0
S,15300712,up,22,0,1590,1520,-1520,-1024,-16952,31,45,-31,0
S,15305712,up,22,0,1590,1520,-1584,-984,-17144,39,33,-31,0
S,15310712,up,22,0,1590,1520,-1528,-952,-17112,40,23,-27,0
S,15315712,up,22,0,1590,1520,-1544,-952,-17016,39,7,-30,0
S,15320712,up,22,0,1590,1520,-1544,-1008,-17120,40,6,-29,0
S,15325712,up,22,0,1590,1520,-1440,-1000,-16992,47,1,-25,0
S,15330712,up,22,0,1590,1520,-1536,-1048,-17072,45,5,-25,0
S,15335712,up,22,0,1590,1520,-1472,-936,-17064,44,7,-29,0
S,15340712,up,22,0,1590,1520,-1464,-1064,-17064,46,10,-24,0
S,15345713,up,22,0,1590,1520,-1600,-968,-17064,44,22,-32,0
S,15350712,up,22,0,1590,1520,-1464,-1128,-17000,37,30,-29,0
S,15355712,up,22,0,1590,1520,-1552,-904,-17032,34,35,-25,0
S,15360712,up,22,0,1590,1520,-1480,-1072,-17040,35,33,-33,0
S,15365712,up,22,0,1590,1520,-1544,-968,-17136,32,36,-34,0
S,15370712,up,22,0,1590,1520,-1568,-1024,-16936,29,37,-31,0
S,15375712,up,22,0,1590,1520,-1496,-1048,-17160,32,28,-33,0
S,15380712,up,22,0,1590,1520,-1472,-944,-17152,35,21,-31,0
S,15385713,up,22,0,1590,1520,-1568,-1056,-16992,39,22,-30,0
S,15390712,up,22,0,1590,1520,-1520,-1064,-17032,42,16,-29,0
S,15395713,up,22,0,1590,1520,-1600,-1024,-17064,44,13,-30,0
S,15400712,up,22,0,1590,1520,-1568,-944,-16968,42,7,-33,0
S,15405712,up,22,0,1590,1520,-1456,-1112,-17024,45,10,-25,0
S,15410712,up,22,0,1590,1520,-1416,-1072,-16952,35,17,-29,0
S,15415712,up,22,0,1590,1520,-1448,-952,-17040,37,20,-29,0
S,15420712,up,22,0,1590,1520,-1432,-1064,-17032,33,24,-20,0
S,15425712,up,22,0,1590,1520,-1560,-1032,-17056,37,29,-26,0
S,15430712,up,22,0,1590,1520,-1512,-1120,-17016,31,36,-39,0
S,15435712,up,22,0,1590,1520,-1496,-984,-17048,30,30,-31,0
S,15440712,up,22,0,1590,1520,-1560,-1072,-17104,41,32,-28,0
S,15445712,up,22,0,1590,1520,-1632,-976,-17184,37,30,-27,0
S,15450712,up,22,0,1590,1520,-1392,-944,-17112,37,27,-28,0
S,15455712,up,22,0,1590,1520,-1520,-1144,-17104,42,26,-30,0
S,15460712,up,22,0,1590,1520,-1440,-960,-17224,36,20,-29,0
S,15465712,up,22,0,1590,1520,-1520,-1000,-16944,42,17,-28,0
S,15470712,up,22,0,1590,1520,-1520,-1000,-16960,40,14,-30,0
S,15475712,up,22,0,1590,1520,-1456,-1128,-17048,34,16,-37,0
S,15480712,up,22,0,1590,1520,-1352,-992,-17096,43,22,-28,0
S,15485712,up,22,0,1590,1520,-1576,-1088,-17112,38,21,-28,0
S,15490712,up,22,0,1590,1520,-1504,-1072,-17080,40,25,-29,0
S,15495712,up,22,0,1590,1520,-1616,-1088,-17032,44,31,-25,0
S,15500712,up,22,0,1590,1520,-1496,-1072,-16848,38,26,-29,0
S,15505712,up,22,0,1590,1520,-1472,-1040,-17064,36,29,-28,0
S,15510712,up,22,0,1590,1520,-1568,-936,-17056,36,29,-24,0
S,15515712,up,22,0,1590,1520,-1480,-1152,-17040,34,28,-31,0
S,15520712,up,22,0,1590,1520,-1480,-1008,-17008,37,26,-31,0
S,15525712,up,22,0,1590,1520,-1496,-1104,-17040,37,17,-28,0
S,15530712,up,22,0,1590,1520,-1416,-888,-17000,34,22,-26,0
S,15535712,up,22,0,1590,1520,-1440,-1064,-16976,37,25,-28,0
E,15535816,up,23,0,1600,1520,,,,,,,0
S,15536451,up,23,0,1600,1520,-1512,-1056,-16984,36,20,-29,0
S,15541441,up,23,0,1600,1520,-1672,-1016,-17088,41,22,-25,0
S,15546439,up,23,0,1600,1520,-2240,-1128,-16992,45,8,-31,0
S,15551439,up,23,0,1600,1520,-1640,-1064,-16992,40,-25,-91,0
S,15556439,up,23,0,1600,1520,440,-1368,-16632,25,-30,-28,0
S,15561439,up,23,0,1600,1520,-4400,-1256,-17408,14,-53,-15,0
S,15566439,up,23,0,1600,1520,-2640,488,-17464,29,-109,-75,0
S,15571439,up,23,0,1600,1520,256,104,-17048,32,-100,-5,0
S,15576439,up,23,0,1600,1520,-2216,-2416,-17192,38,-136,-18,0
S,15581439,up,23,0,1600,1520,-2720,304,-16840,38,-134,-17,0
S,15586439,up,23,0,1600,1520,-2112,-2000,-16616,65,-165,-31,0
S,15591439,up,23,0,1600,1520,-248,-992,-17592,57,-156,-19,0
S,15596439,up,23,0,1600,1520,-1416,-1112,-16688,49,-145,-21,0
S,15601439,up,23,0,1600,1520,-1824,-1128,-17032,52,-129,-18,0
S,15606439,up,23,0,1600,1520,-1096,-1200,-16808,44,-96,-17,0
S,15611438,up,23,0,1600,1520,-1656,-1080,-17184,39,-57,-10,0
S,15616439,up,23,0,1600,1520,-1432,-1024,-17032,34,-22,-28,0
S,15621439,up,23,0,1600,1520,-1792,-1096,-17120,36,20,-21,0
S,15626438,up,23,0,1600,1520,-1560,-976,-16920,24,57,-31,0
S,15631439,up,23,0,1600,1520,-1680,-1184,-16976,30,89,-31,0
S,15636439,up,23,0,1600,1520,-1448,-888,-17192,32,94,-33,0
S,15641439,up,23,0,1600,1520,-1536,-1048,-16888,29,96,-34,0
S,15646439,up,23,0,1600,1520,-1664,-992,-17152,32,78,-33,0
S,15651439,up,23,0,1600,1520,-1776,-944,-16968,32,56,-29,0
S,15656439,up,23,0,1600,1520,-1680,-1016,-17032,29,36,-29,0
S,15661439,up,23,0,1600,1520,-1664,-1008,-17008,39,10,-30,0
S,15666439,up,23,0,1600,1520,-1704,-976,-16944,42,-11,-26,0
S,15671439,up,23,0,1600,1520,-1456,-832,-17032,49,-22,-28,0
S,15676439,up,23,0,1600,1520,-1680,-992,-16928,47,-31,-27,0
S,15681439,up,23,0,1600,1520,-1552,-1088,-16952,62,-21,-30,0
S,15686438,up,23,0,1600,1520,-1656,-1056,-16992,57,-8,-28,0
S,15691439,up,23,0,1600,1520,-1576,-856,-16992,52,9,-31,0
S,15696439,up,23,0,1600,1520,-1736,-1040,-17008,42,26,-29,0
S,15701439,up,23,0,1600,1520,-1560,-1024,-17008,32,42,-30,0
S,15706439,up,23,0,1600,1520,-1656,-1016,-16984,24,49,-31,0
S,15711439,up,23,0,1600,1520,-1784,-1080,-16968,17,53,-27,0
S,15716438,up,23,0,1600,1520,-1440,-1000,-17232,22,53,-27,0
S,15721439,up,23,0,1600,1520,-1704,-1016,-17064,22,56,-29,0
S,15726439,up,23,0,1600,1520,-1480,-1000,-16880,38,33,-29,0
S,15731439,up,23,0,1600,1520,-1664,-920,-17040,39,27,-33,0
S,15736439,up,23,0,1600,1520,-1680,-1064,-17032,47,21,-30,0
S,15741439,up,23,0,1600,1520,-1672,-912,-17080,54,6,-24,0
S,15746439,up,23,0,1600,1520,-1696,-880,-17040,52,0,-32,0
S,15751439,up,23,0,1600,1520,-1728,-1168,-17056,44,-6,-32,0
S,15756439,up,23,0,1600,1520,-1600,-1064,-16968,47,-6,-26,0
S,15761439,up,23,0,1600,1520,-1560,-1040,-17072,36,10,-32,0
S,15766439,up,23,0,1600,1520,-1688,-1064,-16888,34,9,-28,0
S,15771439,up,23,0,1600,1520,-1648,-1096,-16984,30,28,-31,0
S,15776439,up,23,0,1600,1520,-1792,-1120,-16944,27,34,-32,0
S,15781439,up,23,0,1600,1520,-1584,-920,-17088,36,44,-30,0
S,15786439,up,23,0,1600,1520,-1664,-920,-17032,35,52,-29,0
S,15791439,up,23,0,1600,1520,-1640,-992,-16968,38,41,-31,0
S,15796439,up,23,0,1600,1520,-1616,-976,-17000,38,34,-32,0
S,15801439,up,23,0,1600,1520,-1640,-936,-16936,37,28,-28,0
S,15806439,up,23,0,1600,1520,-1552,-1000,-16992,36,14,-27,0
S,15811439,up,23,0,1600,1520,-1688,-984,-16984,41,13,-25,0
S,15816439,up,23,0,1600,1520,-1672,-1024,-17064,48,5,-25,0
S,15821439,up,23,0,1600,1520,-1584,-1096,-17040,42,1,-26,0
S,15826439,up,23,0,1600,1520,-1640,-1032,-17080,39,10,-30,0
S,15831439,up,23,0,1600,1520,-1680,-1160,-17040,39,11,-29,0
S,15836438,up,23,0,1600,1520,-1648,-864,-16944,41,23,-33,0
S,15841439,up,23,0,1600,1520,-1720,-1024,-16960,36,24,-27,0
S,15846439,up,23,0,1600,1520,-1632,-1008,-16920,31,34,-26,0
S,15851439,up,23,0,1600,1520,-1704,-1048,-16976,34,33,-29,0
S,15856439,up,23,0,1600,1520,-1648,-1024,-16928,34,33,-32,0
S,15861439,up,23,0,1600,1520,-1672,-896,-17136,25,34,-30,0
S,15866439,up,23,0,1600,1520,-1592,-912,-17024,28,26,-35,0
S,15871439,up,23,0,1600,1520,-1592,-1032,-16992,37,20,-30,0
S,15876439,up,23,0,1600,1520,-1736,-976,-16888,44,25,-36,0
S,15881439,up,23,0,1600,1520,-1616,-1016,-17032,40,15,-33,0
S,15886439,up,23,0,1600,1520,-1744,-864,-17144,44,15,-31,0
S,15891439,up,23,0,1600,1520,-1776,-968,-17016,47,17,-38,0
S,15896439,up,23,0,1600,1520,-1616,-952,-16912,48,8,-29,0
S,15901439,up,23,0,1600,1520,-1632,-944,-16984,38,19,-29,0
S,15906439,up,23,0,1600,1520,-1736,-1056,-16904,36,17,-29,0
S,15911439,up,23,0,1600,1520,-1480,-1088,-16984,33,25,-30,0
S,15916439,up,23,0,1600,1520,-1672,-1112,-17000,29,25,-28,0
S,15921439,up,23,0,1600,1520,-1592,-904,-16976,34,33,-32,0
S,15926439,up,23,0,1600,1520,-1752,-944,-17040,34,30,-26,0
S,15931439,up,23,0,1600,1520,-1672,-888,-17120,36,31,-35,0
S,15936439,up,23,0,1600,1520,-1584,-1016,-16960,37,26,-31,0
S,15941439,up,23,0,1600,1520,-1584,-952,-17040,43,27,-30,0
S,15946439,up,23,0,1600,1520,-1632,-920,-17128,36,25,-26,0
S,15951439,up,23,0,1600,1520,-1600,-1032,-17064,39,21,-31,0
S,15956439,up,23,0,1600,1520,-1560,-1008,-17016,43,16,-30,0
S,15961439,up,23,0,1600,1520,-1536,-984,-17032,35,14,-29,0
S,15966439,up,23,0,1600,1520,-1752,-1016,-17104,41,16,-30,0
S,15971439,up,23,0,1600,1520,-1696,-1040,-17008,38,21,-28,0
S,15976439,up,23,0,1600,1520,-1640,-920,-17040,38,17,-28,0
S,15981439,up,23,0,1600,1520,-1672,-944,-17072,36,21,-29,0
S,15986439,up,23,0,1600,1520,-1584,-1040,-17008,39,29,-33,0
S,15991439,up,23,0,1600,1520,-1672,-1024,-17096,38,22,-28,0
S,15996439,up,23,0,1600,1520,-1712,-968,-17032,29,32,-32,0
S,16001439,up,23,0,1600,1520,-1712,-1040,-16968,35,26,-33,0
S,16006439,up,23,0,1600,1520,-1512,-960,-17128,37,25,-29,0
S,16011439,up,23,0,1600,1520,-1688,-912,-17104,31,26,-30,0
S,16016439,up,23,0,1600,1520,-1608,-1152,-17008,40,27,-34,0
S,16021439,up,23,0,1600,1520,-1544,-896,-16880,35,19,-23,0
S,16026439,up,23,0,1600,1520,-1656,-1000,-17032,33,20,-32,0
S,16031439,up,23,0,1600,1520,-1688,-1000,-16976,40,23,-34,0
S,16036439,up,23,0,1600,1520,-1608,-1064,-16952,38,20,-34,0
E,16036544,up,24,0,1610,1520,,,,,,,0
S,16037179,up,24,0,1610,1520,-1600,-1064,-17072,38,17,-34,0
S,16042171,up,24,0,1610,1520,-1672,-1016,-17136,46,18,-27,0
S,16047169,up,24,0,1610,1520,-1808,-1040,-16968,44,24,-29,0
S,16052170,up,24,0,1610,1520,-1936,-768,-16960,41,5,-28,0
S,16057169,up,24,0,1610,1520,-1008,-504,-17128,27,-20,-36,0
S,16062169,up,24,0,1610,1520,-3736,-1216,-17192,24,-33,-21,0
S,16067169,up,24,0,1610,1520,-3112,-824,-16896,21,-95,-64,0
S,16072170,up,24,0,1610,1520,536,-336,-16808,28,-135,-84,0
S,16077169,up,24,0,1610,1520,-1504,-1832,-17152,32,-145,-48,0
S,16082169,up,24,0,1610,1520,-552,-344,-17112,38,-181,-28,0
S,16087169,up,24,0,1610,1520,-1272,-1744,-16912,46,-201,-7,0
S,16092169,up,24,0,1610,1520,-2416,-1496,-16824,54,-227,-16,0
S,16097169,up,24,0,1610,1520,-1552,-752,-17312,50,-215,-15,0
S,16102169,up,24,0,1610,1520,-1664,-1232,-17056,51,-207,-18,0
S,16107170,up,24,0,1610,1520,-2008,-1024,-17008,53,-169,-11,0
S,16112169,up,24,0,1610,1520,-1576,-944,-16920,61,-119,-15,0
S,16117169,up,24,0,1610,1520,-1576,-1168,-16968,58,-64,-18,0
S,16122169,up,24,0,1610,1520,-1664,-864,-17048,49,-5,-23,0
S,16127169,up,24,0,1610,1520,-1848,-1128,-16920,41,51,-29,0
S,16132170,up,24,0,1610,1520,-1808,-1000,-16944,28,99,-31,0
S,16137169,up,24,0,1610,1520,-1864,-1088,-16888,17,121,-25,0
S,16142169,up,24,0,1610,1520,-1760,-952,-17104,11,133,-36,0
S,16147169,up,24,0,1610,1520,-1792,-1032,-17016,0,123,-32,0
S,16152169,up,24,0,1610,1520,-1744,-912,-17016,4,104,-33,0
S,16157169,up,24,0,1610,1520,-1840,-912,-16872,16,66,-33,0
S,16162170,up,24,0,1610,1520,-1664,-1152,-17120,33,35,-31,0
S,16167169,up,24,0,1610,1520,-1784,-1016,-16984,45,6,-30,0
S,16172169,up,24,0,1610,1520,-1696,-904,-17152,61,-28,-31,0
S,16177169,up,24,0,1610,1520,-1712,-864,-17008,67,-42,-29,0
S,16182169,up,24,0,1610,1520,-1880,-992,-16936,70,-45,-26,0
S,16187169,up,24,0,1610,1520,-1832,-920,-17016,62,-38,-28,0
S,16192169,up,24,0,1610,1520,-1832,-1088,-17112,48,-29,-30,0
S,16197169,up,24,0,1610,1520,-1760,-904,-16968,46,-4,-26,0
S,16202169,up,24,0,1610,1520,-1864,-992,-16880,33,20,-28,0
S,16207169,up,24,0,1610,1520,-1656,-1032,-17104,23,49,-29,0
S,16212169,up,24,0,1610,1520,-1816,-1032,-16920,19,60,-33,0
S,16217170,up,24,0,1610,1520,-1632,-1000,-17064,14,76,-32,0
S,16222170,up,24,0,1610,1520,-1768,-920,-17112,21,73,-30,0
S,16227169,up,24,0,1610,1520,-1872,-936,-16920,32,61,-25,0
S,16232169,up,24,0,1610,1520,-1776,-896,-17136,36,50,-33,0
S,16237170,up,24,0,1610,1520,-1856,-1088,-16968,39,30,-32,0
S,16242169,up,24,0,1610,1520,-1800,-1032,-16976,47,10,-25,0
S,16247169,up,24,0,1610,1520,-1744,-984,-17016,48,-12,-30,0
S,16252169,up,24,0,1610,1520,-1904,-1048,-16952,45,-15,-31,0
S,16257169,up,24,0,1610,1520,-1712,-920,-17080,45,-16,-23,0
S,16262169,up,24,0,1610,1520,-1896,-1080,-16968,37,-10,-26,0
S,16267169,up,24,0,1610,1520,-1800,-1032,-17064,43,-3,-33,0
S,16272169,up,24,0,1610,1520,-1720,-1088,-16904,39,13,-34,0
S,16277170,up,24,0,1610,1520,-1792,-984,-16872,32,34,-33,0
S,16282169,up,24,0,1610,1520,-1776,-960,-17008,33,44,-28,0
S,16287169,up,24,0,1610,1520,-1800,-1008,-17056,31,49,-26,0
S,16292169,up,24,0,1610,1520,-1832,-1024,-16952,27,52,-29,0
S,16297169,up,24,0,1610,1520,-1800,-1040,-16976,31,50,-23,0
S,16302169,up,24,0,1610,1520,-1872,-1032,-17000,34,40,-24,0
S,16307169,up,24,0,1610,1520,-1800,-1040,-17120,38,28,-26,0
S,16312169,up,24,0,1610,1520,-1744,-1016,-16944,42,18,-28,0
S,16317170,up,24,0,1610,1520,-1768,-1000,-16936,40,7,-26,0
S,16322170,up,24,0,1610,1520,-1736,-984,-16992,43,5,-28,0
S,16327170,up,24,0,1610,1520,-1776,-920,-17104,45,1,-32,0
S,16332170,up,24,0,1610,1520,-1800,-992,-16864,45,4,-32,0
S,16337169,up,24,0,1610,1520,-1824,-1000,-16992,46,11,-33,0
S,16342169,up,24,0,1610,1520,-1848,-984,-16976,41,17,-32,0
S,16347169,up,24,0,1610,1520,-1872,-856,-17024,38,28,-30,0
S,16352170,up,24,0,1610,1520,-1744,-928,-16880,29,31,-27,0
S,16357169,up,24,0,1610,1520,-1824,-1096,-17040,28,37,-31,0
S,16362170,up,24,0,1610,1520,-1776,-1088,-17008,25,36,-29,0
S,16367169,up,24,0,1610,1520,-1776,-912,-17088,23,38,-29,0
S,16372169,up,24,0,1610,1520,-1680,-1032,-17040,37,30,-29,0
S,16377169,up,24,0,1610,1520,-1648,-984,-16936,39,33,-31,0
S,16382170,up,24,0,1610,1520,-1728,-1072,-17056,43,23,-34,0
S,16387170,up,24,0,1610,1520,-1800,-976,-16976,49,13,-26,0
S,16392169,up,24,0,1610,1520,-1856,-968,-16984,42,17,-28,0
S,16397169,up,24,0,1610,1520,-1696,-944,-16824,39,12,-30,0
S,16402169,up,24,0,1610,1520,-1800,-920,-16992,45,13,-29,0
S,16407169,up,24,0,1610,1520,-1768,-1016,-16976,37,14,-27,0
S,16412170,up,24,0,1610,1520,-1880,-968,-17072,31,16,-29,0
S,16417170,up,24,0,1610,1520,-1848,-968,-16936,34,21,-24,0
S,16422169,up,24,0,1610,1520,-1744,-976,-16984,34,29,-28,0
S,16427169,up,24,0,1610,1520,-1728,-1016,-16952,34,32,-31,0
S,16432169,up,24,0,1610,1520,-1800,-896,-17048,36,37,-33,0
S,16437170,up,24,0,1610,1520,-1768,-968,-16984,37,34,-29,0
S,16442169,up,24,0,1610,1520,-1784,-936,-17040,37,37,-31,0
S,16447169,up,24,0,1610,1520,-1840,-920,-17056,31,32,-30,0
S,16452170,up,24,0,1610,1520,-1712,-1024,-16944,36,22,-31,0
S,16457169,up,24,0,1610,1520,-1728,-928,-17088,40,13,-32,0
S,16462170,up,24,0,1610,1520,-1856,-1064,-16960,44,8,-31,0
S,16467170,up,24,0,1610,1520,-1752,-904,-17008,41,18,-29,0
S,16472170,up,24,0,1610,1520,-1704,-1008,-17016,46,13,-31,0
S,16477169,up,24,0,1610,1520,-1752,-1152,-16936,39,18,-23,0
S,16482169,up,24,0,1610,1520,-1728,-1000,-16976,39,20,-29,0
S,16487169,up,24,0,1610,1520,-1816,-1072,-16960,36,24,-32,0
S,16492170,up,24,0,1610,1520,-1840,-960,-16968,41,31,-22,0
S,16497169,up,24,0,1610,1520,-1856,-1048,-16984,37,27,-23,0
S,16502170,up,24,0,1610,1520,-1920,-912,-16992,40,36,-25,0
S,16507169,up,24,0,1610,1520,-1904,-1152,-16960,36,28,-34,0
S,16512169,up,24,0,1610,1520,-1824,-1056,-17160,34,31,-30,0
S,16517169,up,24,0,1610,1520,-1800,-1008,-16976,34,27,-28,0
S,16522169,up,24,0,1610,1520,-1744,-1056,-17048,42,21,-28,0
S,16527170,up,24,0,1610,1520,-1664,-952,-17104,42,25,-26,0
S,16532169,up,24,0,1610,1520,-1744,-1112,-17000,41,17,-31,0
S,16537170,up,24,0,1610,1520,-1840,-1024,-17032,40,16,-26,0
E,16537274,up,25,0,1620,1520,,,,,,,0
S,16537905,up,25,0,1620,1520,-1864,-1032,-17016,41,19,-30,0
S,16542897,up,25,0,1620,1520,-2200,-976,-17056,45,14,-34,0
S,16547895,up,25,0,1620,1520,-2272,-1160,-16904,50,1,-23,0
S,16552895,up,25,0,1620,1520,-1912,-144,-17152,35,-23,-49,0
S,16557895,up,25,0,1620,1520,-1056,-560,-17488,27,-63,-85,0
S,16562895,up,25,0,1620,1520,-504,-1744,-15896,25,-113,-47,0
S,16567895,up,25,0,1620,1520,-3088,-40,-17872,6,-118,-16,0
S,16572895,up,25,0,1620,1520,-1224,-1904,-16328,30,-160,-44,0
S,16577895,up,25,0,1620,1520,-3200,-1000,-17104,35,-192,-7,0
S,16582895,up,25,0,1620,1520,-328,-152,-17032,44,-210,-13,0
S,16587895,up,25,0,1620,1520,-4384,-2304,-17224,39,-217,-11,0
S,16592895,up,25,0,1620,1520,-2704,-1768,-16440,52,-215,-36,0
S,16597895,up,25,0,1620,1520,-816,352,-17808,54,-199,-25,0
S,16602895,up,25,0,1620,1520,-1624,-1128,-16616,50,-169,-14,0
S,16607895,up,25,0,1620,1520,-1832,-1040,-17024,55,-123,-7,0
S,16612895,up,25,0,1620,1520,-1424,-768,-16824,63,-66,-11,0
S,16617895,up,25,0,1620,1520,-1736,-1176,-17048,55,7,-6,0
S,16622895,up,25,0,1620,1520,-2248,-776,-17040,58,64,-24,0
S,16627895,up,25,0,1620,1520,-2224,-1160,-17024,44,111,-33,0
S,16632895,up,25,0,1620,1520,-1792,-960,-17072,26,141,-31,0
S,16637895,up,25,0,1620,1520,-2168,-976,-16944,4,154,-35,0
S,16642895,up,25,0,1620,1520,-1848,-1032,-16952,-7,140,-40,0
S,16647895,up,25,0,1620,1520,-1920,-848,-16952,-3,111,-33,0
S,16652895,up,25,0,1620,1520,-1920,-1008,-17104,4,79,-36,0
S,16657895,up,25,0,1620,1520,-2056,-768,-17016,23,34,-29,0
S,16662895,up,25,0,1620,1520,-1880,-1032,-17016,31,5,-29,0
S,16667895,up,25,0,1620,1520,-1904,-888,-16904,47,-29,-29,0
S,16672895,up,25,0,1620,1520,-2088,-1016,-16896,67,-43,-28,0
S,16677895,up,25,0,1620,1520,-1840,-1016,-17008,71,-51,-25,0
S,16682895,up,25,0,1620,1520,-2000,-1104,-17008,76,-42,-25,0
S,16687895,up,25,0,1620,1520,-1960,-856,-16992,75,-23,-23,0
S,16692895,up,25,0,1620,1520,-1936,-1016,-17024,65,-2,-31,0
S,16697895,up,25,0,1620,1520,-1960,-1112,-16984,48,16,-25,0
S,16702896,up,25,0,1620,1520,-2048,-912,-16952,26,49,-35,0
S,16707895,up,25,0,1620,1520,-2056,-1000,-16968,18,62,-30,0
S,16712895,up,25,0,1620,1520,-1904,-992,-17048,3,74,-29,0
S,16717895,up,25,0,1620,1520,-2080,-1032,-16968,0,72,-28,0
S,16722895,up,25,0,1620,1520,-1920,-880,-16952,14,67,-38,0
S,16727895,up,25,0,1620,1520,-2008,-1152,-16960,26,54,-30,0
S,16732895,up,25,0,1620,1520,-1912,-1072,-17040,30,39,-35,0
S,16737895,up,25,0,1620,1520,-1976,-960,-16912,45,17,-30,0
S,16742895,up,25,0,1620,1520,-1920,-1080,-17112,56,-1,-35,0
S,16747895,up,25,0,1620,1520,-1904,-1032,-16920,63,-8,-25,0
S,16752895,up,25,0,1620,1520,-1848,-1000,-17008,66,-18,-23,0
S,16757895,up,25,0,1620,1520,-1856,-984,-16976,63,-10,-28,0
S,16762895,up,25,0,1620,1520,-2048,-1000,-16856,44,-7,-32,0
S,16767895,up,25,0,1620,1520,-2160,-896,-17016,36,8,-35,0
S,16772896,up,25,0,1620,1520,-1888,-1008,-16928,29,28,-25,0
S,16777895,up,25,0,1620,1520,-1944,-1104,-17032,24,35,-29,0
S,16782896,up,25,0,1620,1520,-1936,-1008,-17136,24,53,-29,0
S,16787895,up,25,0,1620,1520,-1872,-1056,-16856,23,58,-27,0
S,16792895,up,25,0,1620,1520,-1960,-1000,-17032,24,53,-31,0
S,16797896,up,25,0,1620,1520,-2096,-896,-17024,32,52,-27,0
S,16802895,up,25,0,1620,1520,-1928,-1000,-17024,37,38,-35,0
S,16807895,up,25,0,1620,1520,-1960,-1008,-17008,42,25,-33,0
S,16812895,up,25,0,1620,1520,-1872,-896,-17176,43,12,-29,0
S,16817896,up,25,0,1620,1520,-2008,-960,-16880,45,1,-30,0
S,16822895,up,25,0,1620,1520,-1968,-880,-16920,47,-2,-27,0
S,16827895,up,25,0,1620,1520,-1856,-1000,-16976,40,-5,-26,0
S,16832895,up,25,0,1620,1520,-2144,-1000,-17040,43,7,-27,0
S,16837895,up,25,0,1620,1520,-1976,-928,-16976,36,9,-32,0
S,16842895,up,25,0,1620,1520,-2016,-1104,-16896,37,19,-31,0
S,16847895,up,25,0,1620,1520,-2088,-968,-17032,38,34,-27,0
S,16852896,up,25,0,1620,1520,-2032,-944,-16880,39,42,-27,0
S,16857895,up,25,0,1620,1520,-2096,-1016,-17112,34,43,-23,0
S,16862895,up,25,0,1620,1520,-1864,-832,-16992,35,36,-32,0
S,16867895,up,25,0,1620,1520,-1944,-1000,-17008,37,38,-27,0
S,16872895,up,25,0,1620,1520,-1920,-976,-16936,25,31,-31,0
S,16877896,up,25,0,1620,1520,-1992,-928,-16960,39,18,-27,0
S,16882895,up,25,0,1620,1520,-1824,-944,-17040,38,25,-27,0
S,16887896,up,25,0,1620,1520,-1896,-952,-16952,46,4,-29,0
S,16892896,up,25,0,1620,1520,-2048,-960,-16992,40,8,-33,0
S,16897896,up,25,0,1620,1520,-2008,-1040,-16936,49,4,-33,0
S,16902895,up,25,0,1620,1520,-2016,-1000,-17032,47,9,-31,0
S,16907895,up,25,0,1620,1520,-2040,-1096,-16936,39,13,-33,0
S,16912896,up,25,0,1620,1520,-1968,-944,-16968,38,17,-31,0
S,16917895,up,25,0,1620,1520,-1936,-936,-16984,35,30,-29,0
S,16922895,up,25,0,1620,1520,-1768,-912,-16992,31,29,-31,0
S,16927895,up,25,0,1620,1520,-1904,-1024,-16928,30,41,-28,0
S,16932895,up,25,0,1620,1520,-1904,-992,-16872,32,29,-31,0
S,16937895,up,25,0,1620,1520,-2040,-1088,-16904,29,35,-32,0
S,16942895,up,25,0,1620,1520,-1976,-1048,-17024,43,27,-30,0
S,16947895,up,25,0,1620,1520,-1848,-1048,-17016,39,24,-31,0
S,16952895,up,25,0,1620,1520,-2008,-1072,-17016,42,24,-31,0
S,16957896,up,25,0,1620,1520,-1944,-1008,-17032,50,11,-31,0
S,16962896,up,25,0,1620,1520,-1928,-1080,-17056,47,21,-33,0
S,16967896,up,25,0,1620,1520,-1928,-984,-17000,43,13,-27,0
S,16972895,up,25,0,1620,1520,-1840,-1016,-17000,37,16,-32,0
S,16977895,up,25,0,1620,1520,-1920,-1040,-16912,38,15,-27,0
S,16982895,up,25,0,1620,1520,-2008,-1008,-16960,38,26,-32,0
S,16987895,up,25,0,1620,1520,-1896,-960,-17080,38,23,-31,0
S,16992896,up,25,0,1620,1520,-1928,-992,-17112,36,29,-31,0
S,16997895,up,25,0,1620,1520,-2080,-1008,-17024,34,30,-29,0
S,17002895,up,25,0,1620,1520,-1896,-1088,-17016,30,38,-29,0
S,17007895,up,25,0,1620,1520,-1760,-936,-16976,38,31,-28,0
S,17012896,up,25,0,1620,1520,-1976,-936,-17016,37,28,-32,0
S,17017895,up,25,0,1620,1520,-1864,-1088,-16968,38,29,-25,0
S,17022895,up,25,0,1620,1520,-2008,-1056,-17040,35,21,-33,0
S,17027895,up,25,0,1620,1520,-2136,-976,-17064,39,12,-29,0
S,17032895,up,25,0,1620,1520,-1928,-1040,-16968,40,15,-32,0
S,17037895,up,25,0,1620,1520,-1912,-1144,-17024,37,20,-29,0
E,17038001,up,26,0,1630,1520,,,,,,,0
S,17038632,up,26,0,1630,1520,-1976,-952,-16912,45,19,-26,0
S,17043624,up,26,0,1630,1520,-1912,-984,-16832,44,23,-29,0
S,17048622,up,26,0,1630,1520,-2792,-984,-16976,39,12,-30,0
S,17053622,up,26,0,1630,1520,-1200,-696,-16864,39,-10,-40,0
S,17058622,up,26,0,1630,1520,-1304,-928,-17272,26,-29,-37,0
S,17063622,up,26,0,1630,1520,-3256,-2336,-16744,20,-58,-38,0
S,17068622,up,26,0,1630,1520,-2048,-952,-16792,17,-75,-29,0
S,17073622,up,26,0,1630,1520,-2432,-672,-16952,19,-99,-41,0
S,17078622,up,26,0,1630,1520,-1664,-608,-16968,27,-121,-25,0
S,17083622,up,26,0,1630,1520,-1176,-1264,-17128,31,-116,-19,0
S,17088622,up,26,0,1630,1520,-3064,-688,-17048,42,-135,-11,0
S,17093622,up,26,0,1630,1520,-1624,-1208,-16528,58,-150,-27,0
S,17098622,up,26,0,1630,1520,-1232,-952,-17520,60,-129,-20,0
S,17103622,up,26,0,1630,1520,-2072,-1048,-16800,52,-110,-19,0
S,17108622,up,26,0,1630,1520,-2296,-1072,-16800,61,-90,-18,0
S,17113622,up,26,0,1630,1520,-1888,-992,-16960,56,-56,-19,0
S,17118622,up,26,0,1630,1520,-1920,-1032,-16920,48,-8,-28,0
S,17123622,up,26,0,1630,1520,-2104,-1128,-16904,53,21,-25,0
S,17128622,up,26,0,1630,1520,-1976,-1032,-17008,40,60,-34,0
S,17133623,up,26,0,1630,1520,-2184,-880,-16952,38,84,-31,0
S,17138622,up,26,0,1630,1520,-2224,-1112,-16960,18,88,-33,0
S,17143623,up,26,0,1630,1520,-1944,-736,-17016,15,86,-35,0
S,17148622,up,26,0,1630,1520,-1984,-856,-17176,18,69,-25,0
S,17153622,up,26,0,1630,1520,-2080,-1024,-17008,13,53,-33,0
S,17158622,up,26,0,1630,1520,-2056,-984,-16920,21,18,-26,0
S,17163623,up,26,0,1630,1520,-2008,-888,-17104,31,4,-27,0
S,17168622,up,26,0,1630,1520,-2048,-1168,-16944,37,-13,-28,0
S,17173622,up,26,0,1630,1520,-2104,-952,-16896,59,-19,-26,0
S,17178622,up,26,0,1630,1520,-1984,-1056,-17040,57,-18,-28,0
S,17183622,up,26,0,1630,1520,-2096,-1104,-16896,65,-9,-35,0
S,17188622,up,26,0,1630,1520,-2008,-1112,-17024,66,-3,-28,0
S,17193622,up,26,0,1630,1520,-2160,-824,-16840,63,15,-30,0
S,17198623,up,26,0,1630,1520,-2184,-1000,-16952,52,27,-28,0
S,17203623,up,26,0,1630,1520,-1944,-1016,-16976,29,35,-24,0
S,17208623,up,26,0,1630,1520,-2136,-864,-17072,21,48,-29,0
S,17213622,up,26,0,1630,1520,-2056,-1000,-16920,16,49,-30,0
S,17218622,up,26,0,1630,1520,-2088,-1000,-16864,4,49,-27,0
S,17223623,up,26,0,1630,1520,-2224,-1024,-17064,11,46,-36,0
S,17228623,up,26,0,1630,1520,-1992,-888,-16928,21,28,-28,0
S,17233622,up,26,0,1630,1520,-2104,-1000,-16992,33,20,-28,0
S,17238622,up,26,0,1630,1520,-2160,-1064,-17000,44,14,-32,0
S,17243622,up,26,0,1630,1520,-2048,-1080,-17008,57,13,-32,0
S,17248622,up,26,0,1630,1520,-2144,-952,-17048,58,3,-25,0
S,17253622,up,26,0,1630,1520,-2056,-1080,-16960,62,3,-28,0
S,17258622,up,26,0,1630,1520,-2032,-1008,-16944,72,7,-26,0
S,17263622,up,26,0,1630,1520,-2024,-888,-16928,50,10,-32,0
S,17268622,up,26,0,1630,1520,-2240,-984,-17080,44,14,-28,0
S,17273623,up,26,0,1630,1520,-2024,-1168,-16984,30,28,-29,0
S,17278622,up,26,0,1630,1520,-2080,-1064,-16776,27,30,-30,0
S,17283622,up,26,0,1630,1520,-2064,-904,-17016,20,35,-26,0
S,17288622,up,26,0,1630,1520,-2056,-1088,-16960,24,41,-27,0
S,17293622,up,26,0,1630,1520,-1992,-1064,-16944,25,41,-29,0
S,17298622,up,26,0,1630,1520,-2104,-1072,-16976,27,34,-30,0
S,17303622,up,26,0,1630,1520,-2096,-1024,-16944,37,31,-27,0
S,17308622,up,26,0,1630,1520,-1984,-952,-16976,40,25,-33,0
S,17313622,up,26,0,1630,1520,-2064,-1208,-16984,46,13,-30,0
S,17318623,up,26,0,1630,1520,-2120,-1056,-17024,53,12,-28,0
S,17323623,up,26,0,1630,1520,-1952,-816,-17008,49,11,-30,0
S,17328622,up,26,0,1630,1520,-2088,-976,-17040,44,5,-31,0
S,17333622,up,26,0,1630,1520,-2104,-1064,-16984,46,16,-30,0
S,17338622,up,26,0,1630,1520,-2120,-984,-16976,45,12,-26,0
S,17343622,up,26,0,1630,1520,-2120,-1080,-16944,38,23,-28,0
S,17348622,up,26,0,1630,1520,-2016,-896,-16824,34,25,-29,0
S,17353623,up,26,0,1630,1520,-2128,-960,-17032,32,31,-29,0
S,17358622,up,26,0,1630,1520,-2024,-1104,-16936,33,34,-31,0
S,17363622,up,26,0,1630,1520,-2088,-1072,-17040,34,32,-31,0
S,17368622,up,26,0,1630,1520,-2064,-1000,-16944,35,28,-26,0
S,17373622,up,26,0,1630,1520,-1936,-1016,-16880,30,24,-25,0
S,17378622,up,26,0,1630,1520,-2120,-912,-16936,33,23,-29,0
S,17383622,up,26,0,1630,1520,-2024,-976,-17000,40,18,-29,0
S,17388622,up,26,0,1630,1520,-1928,-984,-16952,38,20,-34,0
S,17393622,up,26,0,1630,1520,-2072,-952,-17016,44,12,-30,0
S,17398622,up,26,0,1630,1520,-2072,-968,-16984,41,15,-29,0
S,17403623,up,26,0,1630,1520,-2128,-1016,-17000,44,13,-29,0
S,17408622,up,26,0,1630,1520,-2144,-1112,-16864,34,10,-34,0
S,17413622,up,26,0,1630,1520,-2168,-992,-16904,33,21,-29,0
S,17418623,up,26,0,1630,1520,-2224,-952,-16944,31,27,-24,0
S,17423622,up,26,0,1630,1520,-2080,-1008,-16952,33,29,-30,0
S,17428622,up,26,0,1630,1520,-2168,-888,-16896,34,32,-34,0
S,17433622,up,26,0,1630,1520,-2152,-888,-17024,39,27,-29,0
S,17438622,up,26,0,1630,1520,-2136,-920,-16952,29,29,-25,0
S,17443622,up,26,0,1630,1520,-2048,-944,-16920,38,28,-34,0
S,17448623,up,26,0,1630,1520,-2088,-1152,-16952,28,25,-28,0
S,17453622,up,26,0,1630,1520,-2024,-1024,-17008,41,20,-30,0
S,17458622,up,26,0,1630,1520,-2088,-1104,-16904,37,20,-34,0
S,17463623,up,26,0,1630,1520,-2160,-1040,-16992,44,14,-26,0
S,17468622,up,26,0,1630,1520,-2136,-1032,-16968,40,19,-29,0
S,17473622,up,26,0,1630,1520,-2064,-1008,-16944,42,18,-28,0
S,17478622,up,26,0,1630,1520,-2104,-992,-16992,43,18,-31,0
S,17483623,up,26,0,1630,1520,-2160,-968,-16928,40,20,-29,0
S,17488622,up,26,0,1630,1520,-2112,-912,-17088,39,22,-23,0
S,17493623,up,26,0,1630,1520,-2112,-936,-16984,37,27,-32,0
S,17498622,up,26,0,1630,1520,-2128,-936,-16912,33,29,-27,0
S,17503622,up,26,0,1630,1520,-1976,-944,-17048,32,27,-23,0
S,17508622,up,26,0,1630,1520,-2032,-1072,-17128,36,26,-31,0
S,17513622,up,26,0,1630,1520,-2000,-1016,-16952,37,24,-25,0
S,17518622,up,26,0,1630,1520,-2096,-984,-16952,36,26,-30,0
S,17523622,up,26,0,1630,1520,-2032,-1008,-16936,41,23,-29,0
S,17528622,up,26,0,1630,1520,-2064,-1088,-17000,39,19,-32,0
S,17533622,up,26,0,1630,1520,-1960,-912,-16992,40,21,-27,0
S,17538622,up,26,0,1630,1520,-2080,-984,-16880,43,16,-28,0
E,17538725,up,27,0,1640,1520,,,,,,,0
S,17539357,up,27,0,1640,1520,-2120,-920,-16896,39,15,-29,0
S,17544348,up,27,0,1640,1520,-2016,-1016,-17112,42,17,-29,0
S,17549346,up,27,0,1640,1520,-2408,-1008,-16864,37,19,-24,0
S,17554346,up,27,0,1640,1520,-2496,-1176,-16888,44,-7,-30,0
S,17559346,up,27,0,1640,1520,-2448,-552,-17184,22,-47,-55,0
S,17564346,up,27,0,1640,1520,-5408,-2640,-16856,16,-79,-1,0
S,17569346,up,27,0,1640,1520,-2432,-8,-16824,24,-142,-72,0
S,17574346,up,27,0,1640,1520,-776,-776,-16712,13,-146,-17,0
S,17579346,up,27,0,1640,1520,-1920,-1256,-17272,15,-182,-24,0
S,17584346,up,27,0,1640,1520,-3552,-1304,-16808,24,-198,-6,0
S,17589347,up,27,0,1640,1520,-2288,-1728,-16672,41,-212,-22,0
S,17594346,up,27,0,1640,1520,-3128,-544,-17136,46,-196,-5,0
S,17599346,up,27,0,1640,1520,-2560,-1440,-16608,63,-184,-26,0
S,17604346,up,27,0,1640,1520,-1768,-440,-17168,58,-162,-17,0
S,17609346,up,27,0,1640,1520,-1728,-1080,-16848,63,-121,-20,0
S,17614346,up,27,0,1640,1520,-2048,-1256,-16928,68,-79,-14,0
S,17619346,up,27,0,1640,1520,-2200,-896,-16776,61,-31,-18,0
S,17624346,up,27,0,1640,1520,-2096,-1088,-17008,52,23,-23,0
S,17629346,up,27,0,1640,1520,-2296,-1016,-16944,52,62,-29,0
S,17634346,up,27,0,1640,1520,-2416,-976,-17000,49,90,-30,0
S,17639346,up,27,0,1640,1520,-2280,-640,-16848,31,107,-42,0
S,17644346,up,27,0,1640,1520,-2312,-1040,-16784,23,99,-35,0
S,17649346,up,27,0,1640,1520,-2160,-1080,-16976,18,90,-31,0
S,17654346,up,27,0,1640,1520,-2328,-872,-17032,14,65,-28,0
S,17659346,up,27,0,1640,1520,-2200,-864,-16968,7,39,-24,0
S,17664346,up,27,0,1640,1520,-2224,-840,-16960,10,10,-26,0
S,17669346,up,27,0,1640,1520,-2168,-784,-17080,20,-14,-30,0
S,17674346,up,27,0,1640,1520,-2176,-1016,-16856,32,-29,-28,0
S,17679346,up,27,0,1640,1520,-2264,-1024,-16928,49,-35,-28,0
S,17684346,up,27,0,1640,1520,-2168,-968,-16952,61,-21,-35,0
S,17689346,up,27,0,1640,1520,-2184,-968,-16808,68,-8,-28,0
S,17694346,up,27,0,1640,1520,-2256,-1096,-16984,73,8,-30,0
S,17699346,up,27,0,1640,1520,-2264,-1024,-16968,64,30,-27,0
S,17704346,up,27,0,1640,1520,-2256,-1016,-16992,67,42,-25,0
S,17709346,up,27,0,1640,1520,-2088,-752,-16976,48,58,-29,0
S,17714346,up,27,0,1640,1520,-2384,-768,-16848,33,52,-31,0
S,17719346,up,27,0,1640,1520,-2184,-976,-16960,13,51,-30,0
S,17724346,up,27,0,1640,1520,-2216,-928,-16952,9,35,-25,0
S,17729346,up,27,0,1640,1520,-2336,-928,-17000,2,30,-33,0
S,17734346,up,27,0,1640,1520,-2192,-832,-16872,8,17,-28,0
S,17739346,up,27,0,1640,1520,-2224,-1016,-16976,8,8,-25,0
S,17744346,up,27,0,1640,1520,-2296,-1128,-17032,25,3,-31,0
S,17749346,up,27,0,1640,1520,-2208,-1048,-16992,41,4,-33,0
S,17754346,up,27,0,1640,1520,-2224,-1040,-17064,54,9,-24,0
S,17759346,up,27,0,1640,1520,-2216,-1064,-17056,66,16,-30,0
S,17764347,up,27,0,1640,1520,-2304,-1048,-17088,70,24,-24,0
S,17769346,up,27,0,1640,1520,-2200,-1000,-16896,63,26,-30,0
S,17774346,up,27,0,1640,1520,-2264,-1072,-17032,62,31,-30,0
S,17779346,up,27,0,1640,1520,-2176,-912,-16896,49,31,-29,0
S,17784346,up,27,0,1640,1520,-2224,-1056,-16928,43,34,-31,0
S,17789346,up,27,0,1640,1520,-2152,-936,-17096,28,35,-23,0
S,17794346,up,27,0,1640,1520,-2240,-872,-16800,19,27,-27,0
S,17799346,up,27,0,1640,1520,-2248,-1088,-16968,13,25,-33,0
S,17804346,up,27,0,1640,1520,-2144,-1024,-16912,18,18,-29,0
S,17809346,up,27,0,1640,1520,-2224,-960,-16952,20,18,-31,0
S,17814346,up,27,0,1640,1520,-2296,-1048,-16928,21,14,-32,0
S,17819346,up,27,0,1640,1520,-2168,-1072,-16904,32,23,-29,0
S,17824346,up,27,0,1640,1520,-2336,-976,-16888,46,20,-30,0
S,17829346,up,27,0,1640,1520,-2168,-1048,-16968,50,23,-30,0
S,17834346,up,27,0,1640,1520,-2272,-960,-16752,55,22,-29,0
S,17839346,up,27,0,1640,1520,-2248,-968,-16856,55,22,-27,0
S,17844346,up,27,0,1640,1520,-2264,-1024,-16928,51,22,-30,0
S,17849346,up,27,0,1640,1520,-2184,-952,-16944,48,25,-35,0
S,17854346,up,27,0,1640,1520,-2400,-1008,-16840,40,25,-27,0
S,17859346,up,27,0,1640,1520,-2192,-1000,-16832,34,16,-29,0
S,17864346,up,27,0,1640,1520,-2160,-904,-16928,28,18,-27,0
S,17869346,up,27,0,1640,1520,-2216,-912,-17072,24,19,-24,0
S,17874346,up,27,0,1640,1520,-2248,-976,-17096,23,26,-27,0
S,17879346,up,27,0,1640,1520,-2280,-952,-16912,28,25,-35,0
S,17884346,up,27,0,1640,1520,-2192,-1016,-16928,31,25,-24,0
S,17889346,up,27,0,1640,1520,-2184,-968,-17016,36,27,-26,0
S,17894346,up,27,0,1640,1520,-2352,-920,-16992,46,28,-28,0
S,17899346,up,27,0,1640,1520,-2248,-944,-16952,47,25,-32,0
S,17904346,up,27,0,1640,1520,-2360,-936,-16992,48,25,-29,0
S,17909346,up,27,0,1640,1520,-2264,-1000,-16888,46,22,-29,0
S,17914346,up,27,0,1640,1520,-2296,-968,-16848,42,19,-28,0
S,17919346,up,27,0,1640,1520,-2200,-992,-16952,44,19,-32,0
S,17924346,up,27,0,1640,1520,-2336,-1040,-16912,36,15,-32,0
S,17929346,up,27,0,1640,1520,-2160,-1064,-16952,31,19,-31,0
S,17934346,up,27,0,1640,1520,-2280,-928,-16768,34,15,-24,0
S,17939347,up,27,0,1640,1520,-2184,-904,-17072,28,18,-28,0
S,17944346,up,27,0,1640,1520,-2096,-1184,-16904,36,24,-27,0
S,17949346,up,27,0,1640,1520,-2192,-1024,-16984,33,27,-30,0
S,17954346,up,27,0,1640,1520,-2272,-984,-17064,32,25,-32,0
S,17959346,up,27,0,1640,1520,-2176,-936,-17040,41,31,-31,0
S,17964346,up,27,0,1640,1520,-2184,-1000,-16816,39,28,-28,0
S,17969346,up,27,0,1640,1520,-2264,-1000,-16920,39,26,-30,0
S,17974346,up,27,0,1640,1520,-2216,-960,-16928,42,28,-29,0
S,17979346,up,27,0,1640,1520,-2216,-920,-16992,40,19,-26,0
S,17984346,up,27,0,1640,1520,-2240,-912,-16896,38,22,-34,0
S,17989346,up,27,0,1640,1520,-2256,-1016,-16968,37,14,-25,0
S,17994347,up,27,0,1640,1520,-2248,-960,-16880,34,12,-31,0
S,17999346,up,27,0,1640,1520,-2232,-1040,-17000,43,16,-23,0
S,18004346,up,27,0,1640,1520,-2264,-1032,-16984,36,21,-32,0
S,18009346,up,27,0,1640,1520,-2112,-920,-16856,38,29,-33,0
S,18014346,up,27,0,1640,1520,-2240,-1008,-17008,38,27,-23,0
S,18019346,up,27,0,1640,1520,-2184,-944,-17048,41,32,-28,0
S,18024346,up,27,0,1640,1520,-2264,-1048,-16912,41,28,-26,0
S,18029346,up,27,0,1640,1520,-2184,-968,-16912,35,30,-29,0
S,18034346,up,27,0,1640,1520,-2192,-936,-16872,34,23,-30,0
S,18039346,up,27,0,1640,1520,-2152,-1080,-16928,37,26,-29,0
E,18039451,up,28,0,1650,1520,,,,,,,0
S,18040083,up,28,0,1650,1520,-2152,-1080,-16928,33,25,-28,0
S,18045073,up,28,0,1650,1520,-2496,-1024,-16872,39,16,-29,0
S,18050072,up,28,0,1650,1520,-2872,-1592,-16896,42,-4,-29,0
S,18055072,up,28,0,1650,1520,-1640,-1040,-16792,41,-24,-38,0
S,18060072,up,28,0,1650,1520,-2016,-912,-17416,23,-36,-30,0
S,18065072,up,28,0,1650,1520,-2816,-1392,-16920,26,-70,-46,0
S,18070072,up,28,0,1650,1520,-2608,568,-17216,21,-142,-67,0
S,18075072,up,28,0,1650,1520,-360,-168,-16456,20,-159,-23,0
S,18080072,up,28,0,1650,1520,-1352,-992,-17888,6,-175,-27,0
S,18085072,up,28,0,1650,1520,-2896,-184,-16696,27,-194,-17,0
S,18090072,up,28,0,1650,1520,-1608,-1496,-16744,43,-211,-14,0
S,18095072,up,28,0,1650,1520,-2312,-864,-17368,50,-213,-11,0
S,18100072,up,28,0,1650,1520,-1712,-904,-16624,54,-199,-20,0
S,18105072,up,28,0,1650,1520,-2424,-1816,-17136,59,-165,-11,0
S,18110072,up,28,0,1650,1520,-2048,-624,-16904,60,-134,-21,0
S,18115072,up,28,0,1650,1520,-2432,-1000,-16760,68,-85,-18,0
S,18120072,up,28,0,1650,1520,-2424,-1120,-16968,65,-40,-19,0
S,18125072,up,28,0,1650,1520,-2248,-904,-16912,64,20,-24,0
S,18130072,up,28,0,1650,1520,-2400,-1120,-16936,56,58,-30,0
S,18135072,up,28,0,1650,1520,-2344,-824,-16920,41,91,-32,0
S,18140072,up,28,0,1650,1520,-2384,-1056,-16968,37,112,-31,0
S,18145072,up,28,0,1650,1520,-2416,-936,-16856,22,112,-38,0
S,18150073,up,28,0,1650,1520,-2520,-976,-16896,7,102,-34,0
S,18155072,up,28,0,1650,1520,-2336,-936,-17048,7,70,-36,0
S,18160072,up,28,0,1650,1520,-2472,-816,-16880,6,40,-34,0
S,18165072,up,28,0,1650,1520,-2424,-912,-17048,6,5,-34,0
S,18170072,up,28,0,1650,1520,-2296,-992,-16872,16,-13,-28,0
S,18175072,up,28,0,1650,1520,-2432,-1048,-16912,29,-32,-29,0
S,18180072,up,28,0,1650,1520,-2264,-1032,-16880,50,-31,-19,0
S,18185072,up,28,0,1650,1520,-2416,-1088,-16832,61,-22,-32,0
S,18190072,up,28,0,1650,1520,-2376,-1024,-16880,70,-9,-30,0
S,18195072,up,28,0,1650,1520,-2512,-1064,-16888,74,13,-28,0
S,18200072,up,28,0,1650,1520,-2568,-1016,-17000,77,34,-30,0
S,18205072,up,28,0,1650,1520,-2464,-1032,-16880,65,40,-27,0
S,18210072,up,28,0,1650,1520,-2368,-976,-16896,51,52,-33,0
S,18215073,up,28,0,1650,1520,-2416,-928,-16848,38,60,-33,0
S,18220072,up,28,0,1650,1520,-2424,-776,-16904,28,54,-26,0
S,18225073,up,28,0,1650,1520,-2352,-1000,-16936,8,46,-26,0
S,18230072,up,28,0,1650,1520,-2488,-992,-16880,3,33,-33,0
S,18235072,up,28,0,1650,1520,-2240,-1016,-17016,11,14,-28,0
S,18240072,up,28,0,1650,1520,-2408,-936,-16968,11,7,-30,0
S,18245072,up,28,0,1650,1520,-2480,-1056,-16960,20,0,-28,0
S,18250072,up,28,0,1650,1520,-2384,-1088,-16968,32,0,-29,0
S,18255072,up,28,0,1650,1520,-2376,-1112,-16952,44,5,-31,0
S,18260072,up,28,0,1650,1520,-2376,-1080,-16912,61,12,-26,0
S,18265072,up,28,0,1650,1520,-2488,-1032,-16848,68,22,-34,0
S,18270072,up,28,0,1650,1520,-2536,-1056,-16928,65,27,-31,0
S,18275072,up,28,0,1650,1520,-2368,-928,-16896,63,39,-31,0
S,18280072,up,28,0,1650,1520,-2368,-960,-16952,55,43,-26,0
S,18285072,up,28,0,1650,1520,-2504,-904,-16952,43,31,-31,0
S,18290072,up,28,0,1650,1520,-2304,-928,-17048,32,25,-32,0
S,18295073,up,28,0,1650,1520,-2456,-816,-16896,19,27,-31,0
S,18300072,up,28,0,1650,1520,-2320,-936,-16872,11,22,-28,0
S,18305072,up,28,0,1650,1520,-2328,-1016,-16904,14,18,-31,0
S,18310072,up,28,0,1650,1520,-2400,-992,-16864,18,16,-29,0
S,18315072,up,28,0,1650,1520,-2400,-984,-16896,30,11,-26,0
S,18320072,up,28,0,1650,1520,-2368,-1000,-16960,31,19,-35,0
S,18325072,up,28,0,1650,1520,-2352,-1104,-17000,43,28,-31,0
S,18330072,up,28,0,1650,1520,-2448,-1080,-16928,48,25,-29,0
S,18335073,up,28,0,1650,1520,-2448,-1000,-16976,53,29,-33,0
S,18340072,up,28,0,1650,1520,-2376,-912,-16976,57,24,-23,0
S,18345072,up,28,0,1650,1520,-2344,-880,-16952,52,28,-32,0
S,18350072,up,28,0,1650,1520,-2384,-912,-16912,48,16,-31,0
S,18355072,up,28,0,1650,1520,-2352,-912,-16968,36,23,-35,0
S,18360072,up,28,0,1650,1520,-2432,-1008,-16976,33,16,-28,0
S,18365072,up,28,0,1650,1520,-2488,-936,-16888,31,20,-28,0
S,18370072,up,28,0,1650,1520,-2480,-984,-16904,24,19,-22,0
S,18375072,up,28,0,1650,1520,-2336,-1000,-16920,31,21,-28,0
S,18380073,up,28,0,1650,1520,-2456,-912,-16824,27,16,-30,0
S,18385072,up,28,0,1650,1520,-2416,-1064,-16864,32,25,-29,0
S,18390072,up,28,0,1650,1520,-2512,-1064,-16984,41,26,-34,0
S,18395072,up,28,0,1650,1520,-2432,-952,-16944,41,26,-32,0
S,18400072,up,28,0,1650,1520,-2368,-1104,-16952,46,30,-26,0
S,18405072,up,28,0,1650,1520,-2352,-904,-17008,43,29,-33,0
S,18410072,up,28,0,1650,1520,-2368,-1056,-16864,45,20,-35,0
S,18415072,up,28,0,1650,1520,-2400,-912,-16760,38,18,-27,0
S,18420072,up,28,0,1650,1520,-2408,-928,-17064,42,18,-27,0
S,18425072,up,28,0,1650,1520,-2384,-968,-16904,33,19,-25,0
S,18430072,up,28,0,1650,1520,-2416,-944,-16880,37,16,-31,0
S,18435072,up,28,0,1650,1520,-2368,-992,-16832,35,16,-29,0
S,18440072,up,28,0,1650,1520,-2368,-1016,-16888,30,19,-29,0
S,18445072,up,28,0,1650,1520,-2480,-1168,-16984,31,25,-32,0
S,18450072,up,28,0,1650,1520,-2456,-1112,-17032,39,33,-30,0
S,18455072,up,28,0,1650,1520,-2424,-992,-16984,30,33,-31,0
S,18460073,up,28,0,1650,1520,-2336,-992,-17032,44,28,-37,0
S,18465072,up,28,0,1650,1520,-2408,-992,-16896,41,31,-29,0
S,18470072,up,28,0,1650,1520,-2352,-928,-16976,38,24,-30,0
S,18475072,up,28,0,1650,1520,-2304,-896,-16864,37,28,-31,0
S,18480072,up,28,0,1650,1520,-2304,-1032,-16976,44,21,-24,0
S,18485072,up,28,0,1650,1520,-2376,-912,-16936,35,13,-36,0
S,18490073,up,28,0,1650,1520,-2376,-1008,-16872,36,18,-28,0
S,18495072,up,28,0,1650,1520,-2352,-1000,-16848,39,14,-30,0
S,18500072,up,28,0,1650,1520,-2328,-1064,-16976,34,18,-27,0
S,18505072,up,28,0,1650,1520,-2392,-1000,-16832,34,18,-30,0
S,18510072,up,28,0,1650,1520,-2408,-952,-16944,37,28,-32,0
S,18515072,up,28,0,1650,1520,-2440,-968,-16936,39,30,-29,0
S,18520072,up,28,0,1650,1520,-2416,-1016,-16992,46,35,-32,0
S,18525072,up,28,0,1650,1520,-2304,-928,-17072,39,23,-28,0
S,18530072,up,28,0,1650,1520,-2360,-1088,-16928,43,31,-29,0
S,18535072,up,28,0,1650,1520,-2480,-896,-16808,34,27,-30,0
S,18540073,up,28,0,1650,1520,-2376,-984,-16912,36,24,-35,0
E,18540180,up,29,0,1660,1520,,,,,,,0
S,18540812,up,29,0,1660,1520,-2384,-928,-16904,36,24,-35,0
S,18545803,up,29,0,1660,1520,-2360,-920,-16832,33,19,-27,0
S,18550802,up,29,0,1660,1520,-3264,-1208,-16888,41,10,-31,0
S,18555801,up,29,0,1660,1520,-4144,-1056,-16816,46,-27,-40,0
S,18560801,up,29,0,1660,1520,-2056,-144,-17232,29,-54,-55,0
S,18565801,up,29,0,1660,1520,-3232,-1536,-16816,20,-95,-43,0
S,18570801,up,29,0,1660,1520,-3280,-344,-17064,26,-171,-53,0
S,18575801,up,29,0,1660,1520,-1632,-760,-16576,13,-216,-13,0
S,18580801,up,29,0,1660,1520,-4112,-2312,-17288,5,-267,-45,0
S,18585801,up,29,0,1660,1520,-2608,496,-16704,5,-301,-35,0
S,18590801,up,29,0,1660,1520,-1720,-1056,-16888,14,-330,-12,0
S,18595801,up,29,0,1660,1520,-2088,-1368,-16880,22,-334,7,0
S,18600801,up,29,0,1660,1520,-1296,-768,-17368,35,-324,0,0
S,18605801,up,29,0,1660,1520,-1800,-184,-16744,55,-297,-11,0
S,18610801,up,29,0,1660,1520,-2768,-1896,-16968,64,-238,-7,0
S,18615801,up,29,0,1660,1520,-1960,848,-17024,60,-171,-12,0
S,18620801,up,29,0,1660,1520,-2848,-2088,-17328,65,-58,-26,0
S,18625801,up,29,0,1660,1520,-3016,-944,-16024,78,31,-31,0
S,18630801,up,29,0,1660,1520,-2640,-1280,-16992,84,125,-23,0
S,18635801,up,29,0,1660,1520,-2456,-944,-16752,79,172,-21,0
S,18640801,up,29,0,1660,1520,-2336,-1016,-17288,52,204,-30,0
S,18645802,up,29,0,1660,1520,-2736,-984,-16760,28,197,-37,0
S,18650801,up,29,0,1660,1520,-2712,-896,-17080,9,161,-41,0
S,18655801,up,29,0,1660,1520,-2704,-744,-16880,-2,116,-44,0
S,18660801,up,29,0,1660,1520,-2520,-976,-17072,-16,45,-32,0
S,18665801,up,29,0,1660,1520,-2680,-616,-16824,-21,-19,-28,0
S,18670801,up,29,0,1660,1520,-2576,-1016,-16968,-15,-55,-26,0
S,18675801,up,29,0,1660,1520,-2672,-944,-16712,-4,-85,-27,0
S,18680801,up,29,0,1660,1520,-2584,-1456,-17016,20,-87,-20,0
S,18685801,up,29,0,1660,1520,-2408,-984,-16824,47,-78,-24,0
S,18690801,up,29,0,1660,1520,-2680,-1328,-17032,65,-52,-23,0
S,18695801,up,29,0,1660,1520,-2360,-1336,-16792,80,-13,-21,0
S,18700801,up,29,0,1660,1520,-2720,-1144,-16784,84,20,-32,0
S,18705801,up,29,0,1660,1520,-2712,-840,-16776,86,66,-27,0
S,18710802,up,29,0,1660,1520,-2576,-1024,-16888,78,86,-30,0
S,18715802,up,29,0,1660,1520,-2776,-872,-16840,62,92,-32,0
S,18720802,up,29,0,1660,1520,-2632,-992,-16896,44,89,-33,0
S,18725801,up,29,0,1660,1520,-2592,-928,-16944,21,74,-28,0
S,18730801,up,29,0,1660,1520,-2648,-744,-16912,12,46,-32,0
S,18735801,up,29,0,1660,1520,-2512,-904,-16952,-9,24,-28,0
S,18740801,up,29,0,1660,1520,-2624,-864,-16944,-12,2,-33,0
S,18745801,up,29,0,1660,1520,-2680,-920,-16856,-5,-12,-28,0
S,18750801,up,29,0,1660,1520,-2568,-1160,-16880,6,-27,-28,0
S,18755802,up,29,0,1660,1520,-2592,-984,-16896,26,-20,-28,0
S,18760801,up,29,0,1660,1520,-2496,-1048,-16984,42,-7,-27,0
S,18765801,up,29,0,1660,1520,-2664,-1008,-16920,52,3,-29,0
S,18770802,up,29,0,1660,1520,-2704,-1032,-16800,66,28,-29,0
S,18775801,up,29,0,1660,1520,-2672,-1080,-16968,72,43,-31,0
S,18780802,up,29,0,1660,1520,-2736,-944,-16936,70,60,-30,0
S,18785801,up,29,0,1660,1520,-2640,-1064,-16960,62,47,-31,0
S,18790801,up,29,0,1660,1520,-2496,-1024,-16976,53,46,-30,0
S,18795801,up,29,0,1660,1520,-2720,-920,-17064,41,44,-27,0
S,18800801,up,29,0,1660,1520,-2568,-728,-16912,20,22,-28,0
S,18805802,up,29,0,1660,1520,-2680,-1024,-16896,17,18,-27,0
S,18810802,up,29,0,1660,1520,-2672,-912,-16856,6,6,-29,0
S,18815801,up,29,0,1660,1520,-2568,-912,-16864,11,-1,-28,0
S,18820801,up,29,0,1660,1520,-2528,-1168,-16848,15,0,-29,0
S,18825802,up,29,0,1660,1520,-2536,-1088,-16784,27,4,-27,0
S,18830801,up,29,0,1660,1520,-2696,-1056,-16912,35,19,-30,0
S,18835801,up,29,0,1660,1520,-2536,-1056,-17000,41,28,-32,0
S,18840801,up,29,0,1660,1520,-2672,-1080,-16888,54,34,-30,0
S,18845801,up,29,0,1660,1520,-2680,-944,-16936,56,30,-30,0
S,18850801,up,29,0,1660,1520,-2576,-1112,-16816,54,41,-33,0
S,18855801,up,29,0,1660,1520,-2640,-912,-16896,59,32,-32,0
S,18860801,up,29,0,1660,1520,-2528,-848,-16968,44,30,-33,0
S,18865801,up,29,0,1660,1520,-2624,-808,-16888,40,26,-23,0
S,18870802,up,29,0,1660,1520,-2696,-952,-16872,27,9,-33,0
S,18875801,up,29,0,1660,1520,-2568,-848,-16880,23,14,-34,0
S,18880801,up,29,0,1660,1520,-2688,-872,-16848,18,13,-25,0
S,18885802,up,29,0,1660,1520,-2680,-1184,-16872,24,8,-30,0
S,18890801,up,29,0,1660,1520,-2600,-952,-16968,36,17,-30,0
S,18895802,up,29,0,1660,1520,-2736,-1248,-16928,37,24,-29,0
S,18900801,up,29,0,1660,1520,-2712,-1016,-16792,44,28,-32,0
S,18905801,up,29,0,1660,1520,-2680,-1072,-16776,50,34,-23,0
S,18910802,up,29,0,1660,1520,-2584,-1008,-16824,48,35,-36,0
S,18915802,up,29,0,1660,1520,-2712,-936,-16912,43,38,-32,0
S,18920801,up,29,0,1660,1520,-2632,-1040,-16976,50,32,-26,0
S,18925802,up,29,0,1660,1520,-2656,-1152,-16936,36,24,-34,0
S,18930801,up,29,0,1660,1520,-2624,-1016,-16856,34,23,-32,0
S,18935801,up,29,0,1660,1520,-2584,-1000,-16864,34,13,-22,0
S,18940801,up,29,0,1660,1520,-2688,-984,-17032,31,13,-25,0
S,18945802,up,29,0,1660,1520,-2680,-920,-16800,28,17,-27,0
S,18950801,up,29,0,1660,1520,-2728,-1048,-16888,32,14,-23,0
S,18955802,up,29,0,1660,1520,-2456,-912,-16920,36,15,-29,0
S,18960801,up,29,0,1660,1520,-2608,-904,-16936,39,31,-30,0
S,18965801,up,29,0,1660,1520,-2696,-1040,-16792,41,31,-27,0
S,18970802,up,29,0,1660,1520,-2488,-1120,-16968,45,32,-28,0
S,18975802,up,29,0,1660,1520,-2600,-912,-16984,42,31,-31,0
S,18980802,up,29,0,1660,1520,-2592,-1032,-16896,40,29,-31,0
S,18985802,up,29,0,1660,1520,-2544,-888,-16856,41,25,-31,0
S,18990801,up,29,0,1660,1520,-2760,-888,-16896,41,26,-29,0
S,18995801,up,29,0,1660,1520,-2512,-1008,-17040,31,19,-28,0
S,19000802,up,29,0,1660,1520,-2736,-1064,-16872,36,18,-30,0
S,19005802,up,29,0,1660,1520,-2632,-952,-16824,28,14,-27,0
S,19010801,up,29,0,1660,1520,-2688,-1072,-16944,33,17,-24,0
S,19015802,up,29,0,1660,1520,-2568,-1064,-16864,32,18,-30,0
S,19020802,up,29,0,1660,1520,-2680,-1072,-16824,42,24,-25,0
S,19025802,up,29,0,1660,1520,-2632,-1008,-16832,45,27,-27,0
S,19030801,up,29,0,1660,1520,-2616,-1064,-16928,43,26,-33,0
S,19035802,up,29,0,1660,1520,-2624,-1024,-16928,51,29,-33,0
S,19040801,up,29,0,1660,1520,-2576,-992,-16936,39,27,-34,0
E,19040906,up,30,0,1670,1520,,,,,,,0
S,19041538,up,30,0,1670,1520,-2728,-880,-16944,44,31,-30,0
S,19046529,up,30,0,1670,1520,-2648,-920,-16864,36,33,-30,0
S,19051529,up,30,0,1670,1520,-2400,-952,-16832,34,26,-28,0
S,19056529,up,30,0,1670,1520,-3400,-1744,-16664,36,2,-19,0
S,19061528,up,30,0,1670,1520,-4120,-448,-16664,32,-12,-35,0
S,19066528,up,30,0,1670,1520,-472,120,-17056,16,-28,-33,0
S,19071528,up,30,0,1670,1520,-4400,-2248,-16720,21,-68,-57,0
S,19076528,up,30,0,1670,1520,-1600,-944,-16768,1,-91,-52,0
S,19081528,up,30,0,1670,1520,-3336,-1456,-17088,13,-85,-34,0
S,19086528,up,30,0,1670,1520,-2248,-1288,-16528,32,-66,-45,0
S,19091528,up,30,0,1670,1520,-2384,-1288,-16976,52,-23,-28,0
S,19096528,up,30,0,1670,1520,-2840,-616,-16856,69,11,-26,0
S,19101528,up,30,0,1670,1520,-2696,-1464,-16768,71,44,-29,0
S,19106529,up,30,0,1670,1520,-2680,-792,-16872,77,58,-26,0
S,19111529,up,30,0,1670,1520,-2640,-872,-16976,64,70,-29,0
S,19116529,up,30,0,1670,1520,-2704,-1008,-16760,45,56,-29,0
S,19121529,up,30,0,1670,1520,-2544,-728,-16984,26,42,-34,0
S,19126528,up,30,0,1670,1520,-2584,-920,-17032,15,23,-31,0
S,19131528,up,30,0,1670,1520,-2592,-776,-16808,6,3,-30,0
S,19136528,up,30,0,1670,1520,-2624,-1048,-17040,-6,-10,-29,0
S,19141528,up,30,0,1670,1520,-2616,-944,-16968,7,-4,-33,0
S,19146528,up,30,0,1670,1520,-2656,-1120,-16816,17,-2,-29,0
S,19151528,up,30,0,1670,1520,-2688,-1032,-16816,36,15,-30,0
S,19156528,up,30,0,1670,1520,-2568,-1208,-17000,54,32,-26,0
S,19161529,up,30,0,1670,1520,-2688,-1000,-16760,65,38,-34,0
S,19166529,up,30,0,1670,1520,-2536,-1016,-16936,67,47,-28,0
S,19171528,up,30,0,1670,1520,-2712,-968,-16848,56,33,-28,0
S,19176529,up,30,0,1670,1520,-2664,-880,-16912,52,27,-33,0
S,19181528,up,30,0,1670,1520,-2632,-800,-16976,37,13,-34,0
S,19186529,up,30,0,1670,1520,-2656,-880,-16904,26,8,-24,0
S,19191529,up,30,0,1670,1520,-2784,-952,-16856,27,0,-31,0
S,19196528,up,30,0,1670,1520,-2632,-912,-16848,27,5,-30,0
S,19201528,up,30,0,1670,1520,-2704,-1136,-17008,18,17,-29,0
S,19206528,up,30,0,1670,1520,-2912,-1080,-16856,26,30,-27,0
S,19211528,up,30,0,1670,1520,-2584,-1032,-16960,39,38,-29,0
S,19216528,up,30,0,1670,1520,-2600,-1032,-16880,41,43,-27,0
S,19221528,up,30,0,1670,1520,-2640,-1000,-16720,48,41,-33,0
S,19226529,up,30,0,1670,1520,-2760,-992,-16984,42,34,-24,0
S,19231528,up,30,0,1670,1520,-2712,-1008,-16808,40,30,-32,0
S,19236529,up,30,0,1670,1520,-2656,-960,-16960,34,15,-25,0
S,19241528,up,30,0,1670,1520,-2720,-904,-17072,39,11,-33,0
S,19246528,up,30,0,1670,1520,-2720,-1056,-16904,33,5,-31,0
S,19251529,up,30,0,1670,1520,-2648,-904,-16920,37,12,-30,0
S,19256529,up,30,0,1670,1520,-2704,-1008,-16952,38,18,-28,0
S,19261528,up,30,0,1670,1520,-2776,-1024,-16832,38,27,-33,0
S,19266528,up,30,0,1670,1520,-2632,-816,-16888,44,30,-33,0
S,19271529,up,30,0,1670,1520,-2688,-1032,-16816,44,30,-33,0
S,19276529,up,30,0,1670,1520,-2560,-1024,-16856,38,35,-29,0
S,19281528,up,30,0,1670,1520,-2752,-944,-16920,43,32,-24,0
S,19286529,up,30,0,1670,1520,-2696,-920,-16928,33,26,-27,0
S,19291528,up,30,0,1670,1520,-2840,-968,-16920,32,18,-28,0
S,19296528,up,30,0,1670,1520,-2624,-904,-16896,32,13,-31,0
S,19301528,up,30,0,1670,1520,-2760,-920,-16928,36,20,-28,0
S,19306529,up,30,0,1670,1520,-2640,-928,-17000,33,17,-30,0
S,19311528,up,30,0,1670,1520,-2800,-976,-16952,36,18,-32,0
S,19316528,up,30,0,1670,1520,-2592,-984,-16792,36,22,-26,0
S,19321529,up,30,0,1670,1520,-2576,-1000,-16824,43,26,-24,0
S,19326528,up,30,0,1670,1520,-2760,-1024,-16816,47,29,-29,0
S,19331528,up,30,0,1670,1520,-2728,-1032,-16848,41,28,-27,0
S,19336529,up,30,0,1670,1520,-2696,-920,-16848,37,20,-27,0
S,19341528,up,30,0,1670,1520,-2672,-1056,-16872,39,27,-31,0
S,19346529,up,30,0,1670,1520,-2616,-936,-16808,36,16,-28,0
S,19351528,up,30,0,1670,1520,-2592,-952,-16856,30,13,-27,0
S,19356529,up,30,0,1670,1520,-2760,-1032,-16888,29,16,-32,0
S,19361529,up,30,0,1670,1520,-2792,-936,-16816,31,26,-29,0
S,19366528,up,30,0,1670,1520,-2736,-1128,-16912,39,20,-29,0
S,19371528,up,30,0,1670,1520,-2680,-912,-16840,37,26,-28,0
S,19376529,up,30,0,1670,1520,-2600,-944,-16880,47,28,-28,0
S,19381528,up,30,0,1670,1520,-2744,-1080,-16856,38,30,-35,0
S,19386528,up,30,0,1670,1520,-2552,-968,-16848,41,25,-30,0
S,19391528,up,30,0,1670,1520,-2640,-944,-16872,39,23,-27,0
S,19396528,up,30,0,1670,1520,-2728,-1016,-16920,37,17,-26,0
S,19401528,up,30,0,1670,1520,-2728,-968,-16928,30,15,-27,0
S,19406528,up,30,0,1670,1520,-2592,-840,-16912,32,22,-24,0
S,19411528,up,30,0,1670,1520,-2576,-1040,-16808,35,20,-30,0
S,19416528,up,30,0,1670,1520,-2640,-1120,-16984,36,20,-30,0
S,19421529,up,30,0,1670,1520,-2696,-1000,-16736,38,28,-27,0
S,19426529,up,30,0,1670,1520,-2672,-912,-16752,37,25,-27,0
S,19431529,up,30,0,1670,1520,-2664,-952,-16928,44,31,-25,0
S,19436529,up,30,0,1670,1520,-2760,-992,-16896,42,32,-29,0
S,19441528,up,30,0,1670,1520,-2520,-1008,-16952,36,27,-32,0
S,19446528,up,30,0,1670,1520,-2592,-984,-17056,40,21,-27,0
S,19451528,up,30,0,1670,1520,-2576,-1080,-16952,39,22,-26,0
S,19456529,up,30,0,1670,1520,-2792,-920,-16880,39,17,-33,0
S,19461528,up,30,0,1670,1520,-2744,-968,-16952,39,18,-30,0
S,19466528,up,30,0,1670,1520,-2728,-1032,-16816,42,19,-26,0
S,19471528,up,30,0,1670,1520,-2736,-880,-16888,37,22,-31,0
S,19476528,up,30,0,1670,1520,-2688,-984,-16840,40,24,-24,0
S,19481528,up,30,0,1670,1520,-2624,-1048,-16920,41,25,-23,0
S,19486528,up,30,0,1670,1520,-2744,-840,-16832,35,19,-31,0
S,19491528,up,30,0,1670,1520,-2656,-824,-16848,37,20,-31,0
S,19496528,up,30,0,1670,1520,-2728,-880,-16904,34,20,-27,0
S,19501529,up,30,0,1670,1520,-2696,-1008,-16832,37,24,-30,0
S,19506529,up,30,0,1670,1520,-2648,-960,-16936,31,20,-34,0
S,19511528,up,30,0,1670,1520,-2672,-936,-16832,33,19,-25,0
S,19516528,up,30,0,1670,1520,-2504,-1008,-16816,42,22,-26,0
S,19521528,up,30,0,1670,1520,-2648,-992,-16832,39,15,-28,0
S,19526529,up,30,0,1670,1520,-2664,-1024,-16888,35,21,-29,0
S,19531529,up,30,0,1670,1520,-2632,-896,-16992,39,25,-28,0
S,19536528,up,30,0,1670,1520,-2696,-992,-16904,39,20,-31,0
S,19541528,up,30,0,1670,1520,-2768,-984,-16960,33,22,-28,0
E,19541632,up,31,0,1680,1520,,,,,,,0
S,19542265,up,31,0,1680,1520,-2632,-936,-16848,36,26,-31,0
S,19547256,up,31,0,1680,1520,-2776,-1008,-16920,38,23,-29,0
S,19552255,up,31,0,1680,1520,-2880,-1008,-16840,34,18,-30,0
S,19557255,up,31,0,1680,1520,-3000,-672,-16920,48,-6,-28,0
S,19562255,up,31,0,1680,1520,-1224,-1736,-16568,34,-25,-32,0
S,19567255,up,31,0,1680,1520,-3000,-680,-17088,28,-40,-40,0
S,19572255,up,31,0,1680,1520,-3024,-1200,-16888,27,-61,-30,0
S,19577254,up,31,0,1680,1520,-3776,-1504,-17080,47,-117,-54,0
S,19582254,up,31,0,1680,1520,-384,-968,-16528,55,-125,-39,0
S,19587255,up,31,0,1680,1520,-4640,-1040,-17400,49,-104,-36,0
S,19592254,up,31,0,1680,1520,-2264,-416,-16552,75,-120,-65,0
S,19597254,up,31,0,1680,1520,-2128,-856,-16896,92,-106,-38,0
S,19602255,up,31,0,1680,1520,-3080,-1280,-17120,90,-70,-40,0
S,19607255,up,31,0,1680,1520,-2600,-840,-16656,93,-27,-36,0
S,19612255,up,31,0,1680,1520,-2800,-1192,-16656,92,10,-25,0
S,19617255,up,31,0,1680,1520,-2928,-1096,-17120,86,53,-24,0
S,19622255,up,31,0,1680,1520,-2776,-1024,-16528,66,73,-24,0
S,19627254,up,31,0,1680,1520,-2928,-1056,-17072,44,87,-28,0
S,19632255,up,31,0,1680,1520,-2832,-928,-16992,21,77,-28,0
S,19637254,up,31,0,1680,1520,-2720,-968,-16696,-2,54,-30,0
S,19642254,up,31,0,1680,1520,-2832,-1016,-17120,-19,26,-27,0
S,19647255,up,31,0,1680,1520,-2640,-1120,-16984,-26,8,-35,0
S,19652254,up,31,0,1680,1520,-2800,-864,-16776,-30,-8,-29,0
S,19657254,up,31,0,1680,1520,-2680,-1056,-16864,-13,-8,-27,0
S,19662254,up,31,0,1680,1520,-2568,-1128,-16896,12,-2,-27,0
S,19667254,up,31,0,1680,1520,-2888,-1312,-16720,38,6,-19,0
S,19672255,up,31,0,1680,1520,-2736,-840,-16816,65,27,-32,0
S,19677255,up,31,0,1680,1520,-2904,-888,-16840,73,41,-30,0
S,19682255,up,31,0,1680,1520,-2776,-1104,-16816,76,43,-29,0
S,19687255,up,31,0,1680,1520,-2832,-880,-16784,67,35,-30,0
S,19692254,up,31,0,1680,1520,-2856,-936,-16808,53,29,-24,0
S,19697255,up,31,0,1680,1520,-2552,-848,-16840,42,24,-32,0
S,19702255,up,31,0,1680,1520,-2776,-992,-16880,31,6,-29,0
S,19707255,up,31,0,1680,1520,-2816,-920,-17016,18,11,-30,0
S,19712255,up,31,0,1680,1520,-2776,-1072,-16848,17,7,-29,0
S,19717254,up,31,0,1680,1520,-2696,-1016,-16832,15,15,-30,0
S,19722255,up,31,0,1680,1520,-2784,-928,-16864,20,22,-30,0
S,19727254,up,31,0,1680,1520,-2664,-1096,-16816,33,30,-26,0
S,19732255,up,31,0,1680,1520,-2744,-1024,-16824,36,39,-26,0
S,19737255,up,31,0,1680,1520,-2832,-992,-16824,42,42,-30,0
S,19742255,up,31,0,1680,1520,-2632,-1136,-17048,47,36,-24,0
S,19747255,up,31,0,1680,1520,-2784,-880,-16944,43,30,-26,0
S,19752255,up,31,0,1680,1520,-2704,-952,-16832,41,14,-28,0
S,19757255,up,31,0,1680,1520,-2632,-880,-16872,36,11,-30,0
S,19762255,up,31,0,1680,1520,-2728,-1048,-16800,41,5,-26,0
S,19767255,up,31,0,1680,1520,-2848,-960,-16848,37,4,-31,0
S,19772255,up,31,0,1680,1520,-2752,-920,-16928,32,15,-30,0
S,19777255,up,31,0,1680,1520,-2736,-896,-16824,38,25,-30,0
S,19782255,up,31,0,1680,1520,-2688,-1104,-16944,44,32,-26,0
S,19787255,up,31,0,1680,1520,-2760,-936,-16872,37,34,-28,0
S,19792254,up,31,0,1680,1520,-2736,-896,-16872,39,38,-30,0
S,19797254,up,31,0,1680,1520,-2704,-952,-16928,37,38,-27,0
S,19802255,up,31,0,1680,1520,-2720,-960,-16976,39,27,-29,0
S,19807255,up,31,0,1680,1520,-2624,-944,-16944,32,24,-33,0
S,19812254,up,31,0,1680,1520,-2656,-1000,-16920,29,15,-33,0
S,19817255,up,31,0,1680,1520,-2712,-1008,-16928,32,13,-25,0
S,19822254,up,31,0,1680,1520,-2728,-1048,-16840,36,9,-25,0
S,19827255,up,31,0,1680,1520,-2760,-1008,-16872,38,21,-29,0
S,19832255,up,31,0,1680,1520,-2872,-1032,-16864,50,20,-28,0
S,19837254,up,31,0,1680,1520,-2824,-984,-16904,47,37,-24,0
S,19842254,up,31,0,1680,1520,-2696,-1024,-16792,47,33,-24,0
S,19847255,up,31,0,1680,1520,-2776,-960,-16840,45,29,-28,0
S,19852255,up,31,0,1680,1520,-2688,-1032,-16856,39,32,-29,0
S,19857254,up,31,0,1680,1520,-2792,-960,-16896,32,25,-30,0
S,19862254,up,31,0,1680,1520,-2664,-1032,-16976,32,20,-31,0
S,19867255,up,31,0,1680,1520,-2672,-1016,-16872,23,28,-31,0
S,19872254,up,31,0,1680,1520,-2792,-896,-16904,27,13,-25,0
S,19877255,up,31,0,1680,1520,-2808,-968,-16712,39,20,-31,0
S,19882255,up,31,0,1680,1520,-2832,-1040,-16880,30,25,-28,0
S,19887255,up,31,0,1680,1520,-2824,-1112,-16824,40,19,-28,0
S,19892255,up,31,0,1680,1520,-2760,-936,-16832,46,29,-29,0
S,19897255,up,31,0,1680,1520,-2696,-1000,-16856,46,28,-32,0
S,19902254,up,31,0,1680,1520,-2896,-976,-16888,43,25,-35,0
S,19907255,up,31,0,1680,1520,-2688,-968,-16888,46,20,-25,0
S,19912255,up,31,0,1680,1520,-2736,-912,-16768,44,21,-29,0
S,19917254,up,31,0,1680,1520,-2848,-1088,-16928,44,19,-32,0
S,19922255,up,31,0,1680,1520,-2792,-1080,-16928,31,24,-29,0
S,19927255,up,31,0,1680,1520,-2792,-912,-16976,36,20,-36,0
S,19932254,up,31,0,1680,1520,-2768,-1016,-16800,37,28,-33,0
S,19937255,up,31,0,1680,1520,-2800,-944,-16848,34,27,-30,0
S,19942255,up,31,0,1680,1520,-2696,-1008,-16896,37,26,-32,0
S,19947255,up,31,0,1680,1520,-2824,-1000,-16832,35,27,-34,0
S,19952254,up,31,0,1680,1520,-2704,-848,-16888,42,22,-35,0
S,19957255,up,31,0,1680,1520,-2696,-1024,-16864,38,23,-28,0
S,19962255,up,31,0,1680,1520,-2744,-1000,-16872,40,19,-28,0
S,19967255,up,31,0,1680,1520,-2720,-984,-16752,43,18,-28,0
S,19972255,up,31,0,1680,1520,-2808,-1040,-16928,38,13,-29,0
S,19977255,up,31,0,1680,1520,-2752,-1000,-16816,34,22,-27,0
S,19982255,up,31,0,1680,1520,-2776,-920,-16760,36,23,-33,0
S,19987255,up,31,0,1680,1520,-2776,-1000,-16872,37,17,-34,0
S,19992255,up,31,0,1680,1520,-2928,-1096,-16904,42,28,-25,0
S,19997255,up,31,0,1680,1520,-2840,-1120,-16864,38,24,-26,0
S,20002254,up,31,0,1680,1520,-2712,-880,-16944,39,28,-28,0
S,20007255,up,31,0,1680,1520,-2792,-928,-16712,39,23,-30,0
S,20012255,up,31,0,1680,1520,-2664,-1024,-16920,32,24,-33,0
S,20017254,up,31,0,1680,1520,-2776,-1048,-16840,40,22,-32,0
S,20022255,up,31,0,1680,1520,-2784,-912,-16992,36,18,-29,0
S,20027255,up,31,0,1680,1520,-2768,-936,-16768,39,24,-31,0
S,20032255,up,31,0,1680,1520,-2816,-976,-16888,34,16,-29,0
S,20037255,up,31,0,1680,1520,-2816,-1096,-16784,41,23,-29,0
S,20042254,up,31,0,1680,1520,-2704,-984,-16816,46,23,-31,0
E,20042359,up,32,0,1690,1520,,,,,,,0
S,20042990,up,32,0,1690,1520,-2752,-1088,-16816,41,22,-26,0
S,20047982,up,32,0,1690,1520,-2760,-1048,-16880,36,23,-25,0
S,20052980,up,32,0,1690,1520,-4712,-1664,-16968,43,8,-33,0
S,20057980,up,32,0,1690,1520,-2888,88,-17240,42,-31,-73,0
S,20062980,up,32,0,1690,1520,-2448,-176,-17120,30,-50,-43,0
S,20067980,up,32,0,1690,1520,-4640,-2504,-16920,31,-129,-61,0
S,20072980,up,32,0,1690,1520,-32,-8,-16632,49,-210,-85,0
S,20077980,up,32,0,1690,1520,-3288,-1288,-17528,32,-210,-29,0
S,20082980,up,32,0,1690,1520,-1848,-864,-16624,50,-228,-43,0
S,20087980,up,32,0,1690,1520,-3624,-1816,-16488,48,-205,17,0
S,20092980,up,32,0,1690,1520,-4488,-1776,-16488,87,-180,-38,0
S,20097980,up,32,0,1690,1520,-2264,-1504,-17096,83,-78,-15,0
S,20102980,up,32,0,1690,1520,-2408,-920,-16264,102,-4,-32,0
S,20107980,up,32,0,1690,1520,-3264,-1392,-16936,103,61,-24,0
S,20112980,up,32,0,1690,1520,-2864,-872,-16552,94,116,-23,0
S,20117980,up,32,0,1690,1520,-2584,-1320,-16888,76,142,-33,0
S,20122980,up,32,0,1690,1520,-2896,-576,-16944,46,138,-20,0
S,20127980,up,32,0,1690,1520,-2768,-704,-16936,17,99,-27,0
S,20132980,up,32,0,1690,1520,-2784,-752,-17064,-14,53,-36,0
S,20137980,up,32,0,1690,1520,-2864,-776,-16952,-36,0,-36,0
S,20142980,up,32,0,1690,1520,-2752,-752,-16992,-44,-37,-31,0
S,20147980,up,32,0,1690,1520,-2808,-728,-16840,-41,-55,-30,0
S,20152980,up,32,0,1690,1520,-3000,-880,-16872,-20,-48,-29,0
S,20157980,up,32,0,1690,1520,-2976,-1416,-16584,6,-21,-23,0
S,20162980,up,32,0,1690,1520,-2952,-1320,-16856,44,8,-30,0
S,20167980,up,32,0,1690,1520,-3056,-1368,-16760,66,48,-28,0
S,20172980,up,32,0,1690,1520,-2808,-1344,-16824,90,70,-30,0
S,20177980,up,32,0,1690,1520,-2824,-776,-16800,88,77,-27,0
S,20182980,up,32,0,1690,1520,-2856,-920,-16960,82,75,-22,0
S,20187980,up,32,0,1690,1520,-2776,-456,-16792,84,44,-24,0
S,20192980,up,32,0,1690,1520,-2856,-1072,-17120,74,14,-27,0
S,20197980,up,32,0,1690,1520,-2648,-728,-16784,57,-6,-30,0
S,20202980,up,32,0,1690,1520,-2744,-1048,-16952,52,-32,-28,0
S,20207980,up,32,0,1690,1520,-2808,-792,-16816,40,-32,-26,0
S,20212980,up,32,0,1690,1520,-3040,-1064,-16736,28,-22,-37,0
S,20217980,up,32,0,1690,1520,-2912,-1008,-16720,29,0,-28,0
S,20222980,up,32,0,1690,1520,-2896,-1024,-16920,39,35,-28,0
S,20227980,up,32,0,1690,1520,-3016,-1248,-16616,36,57,-32,0
S,20232980,up,32,0,1690,1520,-2784,-1032,-16904,38,70,-29,0
S,20237980,up,32,0,1690,1520,-2848,-904,-16888,37,71,-24,0
S,20242980,up,32,0,1690,1520,-2984,-1016,-16888,21,53,-27,0
S,20247980,up,32,0,1690,1520,-2752,-864,-16888,15,34,-32,0
S,20252980,up,32,0,1690,1520,-2592,-896,-16864,19,5,-31,0
S,20257980,up,32,0,1690,1520,-2696,-1080,-16856,14,-4,-32,0
S,20262980,up,32,0,1690,1520,-2728,-864,-16896,29,-17,-30,0
S,20267980,up,32,0,1690,1520,-3016,-1168,-16760,39,-8,-32,0
S,20272980,up,32,0,1690,1520,-2880,-1160,-16784,54,6,-36,0
S,20277980,up,32,0,1690,1520,-2880,-928,-16880,59,22,-35,0
S,20282980,up,32,0,1690,1520,-2848,-1072,-16800,64,34,-28,0
S,20287980,up,32,0,1690,1520,-2904,-968,-16912,58,48,-28,0
S,20292981,up,32,0,1690,1520,-3104,-864,-16760,41,46,-28,0
S,20297980,up,32,0,1690,1520,-2832,-880,-16888,22,40,-25,0
S,20302980,up,32,0,1690,1520,-2848,-920,-16808,7,27,-28,0
S,20307980,up,32,0,1690,1520,-2696,-1008,-17024,4,13,-33,0
S,20312980,up,32,0,1690,1520,-2776,-832,-16856,0,15,-38,0
S,20317980,up,32,0,1690,1520,-2752,-1032,-16840,18,9,-28,0
S,20322980,up,32,0,1690,1520,-2912,-992,-16784,41,14,-29,0
S,20327980,up,32,0,1690,1520,-2912,-1280,-16840,60,22,-37,0
S,20332980,up,32,0,1690,1520,-2792,-1040,-16744,68,26,-32,0
S,20337980,up,32,0,1690,1520,-2944,-1008,-16856,71,30,-34,0
S,20342980,up,32,0,1690,1520,-2816,-1024,-16944,54,29,-34,0
S,20347980,up,32,0,1690,1520,-2800,-824,-16760,45,15,-32,0
S,20352980,up,32,0,1690,1520,-3184,-976,-16960,27,17,-26,0
S,20357980,up,32,0,1690,1520,-2920,-992,-16744,22,8,-28,0
S,20362980,up,32,0,1690,1520,-2712,-1080,-16808,16,14,-30,0
S,20367980,up,32,0,1690,1520,-2872,-1088,-16752,24,17,-29,0
S,20372980,up,32,0,1690,1520,-2888,-1112,-16888,35,31,-29,0
S,20377980,up,32,0,1690,1520,-2816,-1072,-16872,43,45,-29,0
S,20382980,up,32,0,1690,1520,-2896,-968,-16744,54,39,-23,0
S,20387980,up,32,0,1690,1520,-2808,-1000,-16856,56,38,-29,0
S,20392980,up,32,0,1690,1520,-2840,-1032,-16864,55,29,-30,0
S,20397980,up,32,0,1690,1520,-2904,-1096,-16848,41,24,-28,0
S,20402980,up,32,0,1690,1520,-2760,-856,-16928,35,6,-29,0
S,20407980,up,32,0,1690,1520,-2912,-1072,-16904,24,1,-31,0
S,20412980,up,32,0,1690,1520,-2832,-1072,-16832,20,8,-27,0
S,20417980,up,32,0,1690,1520,-2696,-944,-16856,34,12,-34,0
S,20422980,up,32,0,1690,1520,-2832,-1144,-16808,40,26,-27,0
S,20427980,up,32,0,1690,1520,-2912,-984,-16960,50,33,-27,0
S,20432980,up,32,0,1690,1520,-2808,-1000,-16920,54,40,-27,0
S,20437980,up,32,0,1690,1520,-2936,-1000,-16840,48,46,-25,0
S,20442981,up,32,0,1690,1520,-2896,-1024,-16864,45,31,-34,0
S,20447980,up,32,0,1690,1520,-2880,-872,-16808,30,22,-33,0
S,20452980,up,32,0,1690,1520,-2696,-856,-17088,27,12,-27,0
S,20457980,up,32,0,1690,1520,-2704,-1000,-16952,14,4,-27,0
S,20462980,up,32,0,1690,1520,-3032,-1112,-16744,19,5,-31,0
S,20467980,up,32,0,1690,1520,-2968,-984,-16736,36,17,-36,0
S,20472980,up,32,0,1690,1520,-2680,-1048,-16784,38,20,-30,0
S,20477980,up,32,0,1690,1520,-2944,-1000,-16928,57,30,-31,0
S,20482980,up,32,0,1690,1520,-2928,-912,-16752,56,37,-29,0
S,20487980,up,32,0,1690,1520,-2864,-1104,-16832,56,37,-31,0
S,20492980,up,32,0,1690,1520,-2856,-856,-16904,45,28,-31,0
S,20497980,up,32,0,1690,1520,-2440,-872,-16904,30,20,-34,0
S,20502980,up,32,0,1690,1520,-2824,-1024,-16960,18,16,-22,0
S,20507980,up,32,0,1690,1520,-2640,-768,-16872,15,12,-30,0
S,20512980,up,32,0,1690,1520,-2776,-904,-16816,19,10,-32,0
S,20517980,up,32,0,1690,1520,-2976,-1160,-16864,26,20,-33,0
S,20522980,up,32,0,1690,1520,-2808,-1064,-16768,38,27,-29,0
S,20527980,up,32,0,1690,1520,-2760,-1096,-16808,56,36,-29,0
S,20532980,up,32,0,1690,1520,-2888,-1104,-16792,57,32,-30,0
S,20537980,up,32,0,1690,1520,-2848,-992,-16848,50,24,-25,0
S,20542980,up,32,0,1690,1520,-2856,-920,-16760,35,18,-22,0
E,20543084,dn,-1,0,1690,1520,,,,,,,0
E,22043168,dn,0,0,1690,1520,,,,,,,0
S,22043795,dn,0,0,1690,1520,-2768,-904,-16880,44,26,-32,0
S,22048784,dn,0,0,1690,1520,-3056,-1128,-16872,34,21,-30,0
S,22053784,dn,0,0,1690,1520,-2760,-928,-16888,29,24,-29,0
S,22058783,dn,0,0,1690,1520,-2824,-896,-16928,31,22,-26,0
S,22063783,dn,0,0,1690,1520,-2744,-968,-16856,25,17,-26,0
S,22068784,dn,0,0,1690,1520,-2680,-848,-16856,29,20,-27,0
S,22073783,dn,0,0,1690,1520,-3016,-992,-16856,42,22,-33,0
S,22078784,dn,0,0,1690,1520,-2792,-952,-16760,43,30,-34,0
S,22083784,dn,0,0,1690,1520,-2928,-968,-16904,49,27,-33,0
S,22088783,dn,0,0,1690,1520,-2888,-992,-16912,50,28,-27,0
S,22093783,dn,0,0,1690,1520,-2648,-1024,-16856,48,27,-38,0
S,22098784,dn,0,0,1690,1520,-2968,-1128,-16776,34,20,-28,0
S,22103784,dn,0,0,1690,1520,-2912,-896,-16920,28,14,-32,0
S,22108783,dn,0,0,1690,1520,-2760,-960,-16800,26,16,-32,0
S,22113783,dn,0,0,1690,1520,-2728,-1000,-16928,27,13,-30,0
S,22118784,dn,0,0,1690,1520,-2784,-960,-16856,29,15,-27,0
S,22123783,dn,0,0,1690,1520,-2944,-1024,-16832,40,22,-26,0
S,22128783,dn,0,0,1690,1520,-2816,-1104,-16768,45,32,-22,0
S,22133784,dn,0,0,1690,1520,-2912,-896,-16872,48,33,-27,0
S,22138783,dn,0,0,1690,1520,-3080,-1016,-16824,51,36,-34,0
S,22143784,dn,0,0,1690,1520,-2784,-1072,-16864,43,35,-25,0
S,22148784,dn,0,0,1690,1520,-2776,-944,-16840,38,26,-32,0
S,22153783,dn,0,0,1690,1520,-2992,-872,-16880,31,16,-28,0
S,22158784,dn,0,0,1690,1520,-2872,-1064,-16864,25,11,-23,0
S,22163784,dn,0,0,1690,1520,-2864,-1136,-16816,24,13,-27,0
S,22168783,dn,0,0,1690,1520,-2656,-1032,-17024,34,17,-29,0
S,22173783,dn,0,0,1690,1520,-2872,-936,-16768,43,16,-25,0
S,22178783,dn,0,0,1690,1520,-2896,-1096,-16960,46,27,-31,0
S,22183784,dn,0,0,1690,1520,-2840,-1032,-16784,51,28,-32,0
S,22188783,dn,0,0,1690,1520,-2824,-880,-16776,54,32,-31,0
S,22193783,dn,0,0,1690,1520,-2880,-928,-16864,45,30,-33,0
S,22198783,dn,0,0,1690,1520,-2800,-840,-16792,31,27,-25,0
S,22203784,dn,0,0,1690,1520,-2872,-936,-16912,31,31,-32,0
S,22208784,dn,0,0,1690,1520,-2864,-1000,-16848,24,18,-36,0
S,22213783,dn,0,0,1690,1520,-2864,-936,-16776,19,14,-31,0
S,22218783,dn,0,0,1690,1520,-2896,-1024,-16840,29,15,-21,0
S,22223783,dn,0,0,1690,1520,-3096,-1200,-16872,34,24,-34,0
S,22228783,dn,0,0,1690,1520,-3128,-1000,-16824,47,19,-34,0
S,22233784,dn,0,0,1690,1520,-2816,-928,-17016,44,24,-34,0
S,22238783,dn,0,0,1690,1520,-2944,-968,-16808,51,26,-30,0
S,22243784,dn,0,0,1690,1520,-2952,-848,-16776,46,25,-30,0
S,22248784,dn,0,0,1690,1520,-2816,-992,-16872,45,19,-27,0
S,22253784,dn,0,0,1690,1520,-2928,-1040,-16896,40,24,-27,0
S,22258784,dn,0,0,1690,1520,-3024,-928,-16792,32,18,-25,0
S,22263783,dn,0,0,1690,1520,-2864,-968,-16888,22,31,-26,0
S,22268783,dn,0,0,1690,1520,-3200,-1072,-16888,27,27,-25,0
S,22273783,dn,0,0,1690,1520,-2696,-872,-16792,29,24,-32,0
S,22278784,dn,0,0,1690,1520,-2824,-1064,-16880,32,21,-25,0
S,22283784,dn,0,0,1690,1520,-2816,-784,-16864,32,27,-27,0
S,22288784,dn,0,0,1690,1520,-2544,-896,-16824,40,20,-31,0
S,22293784,dn,0,0,1690,1520,-2880,-1080,-16936,45,11,-30,0
S,22298783,dn,0,0,1690,1520,-2848,-808,-16872,46,15,-34,0
S,22303783,dn,0,0,1690,1520,-2864,-1048,-16856,50,16,-30,0
S,22308784,dn,0,0,1690,1520,-2888,-1016,-16960,49,19,-27,0
S,22313784,dn,0,0,1690,1520,-2856,-1056,-16808,41,22,-31,0
S,22318784,dn,0,0,1690,1520,-2968,-968,-16896,34,25,-29,0
S,22323783,dn,0,0,1690,1520,-2848,-1120,-16800,33,33,-28,0
S,22328783,dn,0,0,1690,1520,-2840,-1056,-16800,26,27,-26,0
S,22333784,dn,0,0,1690,1520,-2840,-984,-16904,31,25,-28,0
S,22338783,dn,0,0,1690,1520,-3136,-1176,-16752,29,19,-26,0
S,22343784,dn,0,0,1690,1520,-2952,-976,-16840,32,16,-32,0
S,22348783,dn,0,0,1690,1520,-2776,-1096,-16872,41,19,-32,0
S,22353784,dn,0,0,1690,1520,-2792,-1016,-16864,48,22,-27,0
S,22358784,dn,0,0,1690,1520,-2896,-1064,-16920,54,20,-28,0
S,22363783,dn,0,0,1690,1520,-2824,-1080,-16912,52,24,-30,0
S,22368783,dn,0,0,1690,1520,-2936,-1000,-16776,42,30,-27,0
S,22373784,dn,0,0,1690,1520,-3136,-1080,-16840,41,26,-27,0
S,22378784,dn,0,0,1690,1520,-2880,-880,-16920,30,25,-26,0
S,22383784,dn,0,0,1690,1520,-3104,-936,-16856,26,15,-26,0
S,22388784,dn,0,0,1690,1520,-2984,-880,-16912,18,23,-33,0
S,22393783,dn,0,0,1690,1520,-2832,-1072,-16848,21,20,-27,0
S,22398783,dn,0,0,1690,1520,-2816,-1104,-16704,32,23,-22,0
S,22403783,dn,0,0,1690,1520,-2944,-912,-16752,37,29,-30,0
S,22408784,dn,0,0,1690,1520,-2912,-1048,-16920,42,31,-29,0
S,22413784,dn,0,0,1690,1520,-2800,-920,-16896,54,29,-28,0
S,22418783,dn,0,0,1690,1520,-3048,-1064,-16824,44,28,-37,0
S,22423783,dn,0,0,1690,1520,-2800,-984,-16880,38,13,-25,0
S,22428783,dn,0,0,1690,1520,-2656,-840,-16944,33,13,-27,0
S,22433784,dn,0,0,1690,1520,-2856,-1136,-16880,31,7,-23,0
S,22438784,dn,0,0,1690,1520,-2872,-1032,-16856,26,13,-31,0
S,22443783,dn,0,0,1690,1520,-2824,-1040,-16904,30,19,-29,0
S,22448783,dn,0,0,1690,1520,-2960,-1112,-16840,40,30,-30,0
S,22453784,dn,0,0,1690,1520,-2792,-1088,-16856,46,36,-27,0
S,22458784,dn,0,0,1690,1520,-2904,-1056,-16912,49,40,-30,0
S,22463784,dn,0,0,1690,1520,-2752,-904,-16936,53,29,-23,0
S,22468784,dn,0,0,1690,1520,-2864,-960,-16840,36,24,-35,0
S,22473783,dn,0,0,1690,1520,-2952,-1008,-16936,31,12,-27,0
S,22478783,dn,0,0,1690,1520,-2720,-848,-16848,25,7,-28,0
S,22483783,dn,0,0,1690,1520,-2872,-952,-16864,21,9,-29,0
S,22488784,dn,0,0,1690,1520,-2856,-1072,-16768,32,13,-31,0
S,22493783,dn,0,0,1690,1520,-2864,-1088,-16816,41,22,-34,0
S,22498783,dn,0,0,1690,1520,-2944,-1096,-16736,47,34,-36,0
S,22503783,dn,0,0,1690,1520,-2960,-1128,-16872,47,40,-30,0
S,22508783,dn,0,0,1690,1520,-2768,-1096,-16752,51,37,-30,0
S,22513784,dn,0,0,1690,1520,-2824,-960,-16848,39,31,-29,0
S,22518783,dn,0,0,1690,1520,-2944,-1008,-16736,30,26,-30,0
S,22523783,dn,0,0,1690,1520,-2760,-936,-16888,22,14,-27,0
S,22528784,dn,0,0,1690,1520,-2592,-1072,-16840,19,14,-27,0
S,22533784,dn,0,0,1690,1520,-2832,-1128,-16864,23,8,-29,0
S,22538784,dn,0,0,1690,1520,-3000,-1128,-16856,39,23,-33,0
S,22543784,dn,0,0,1690,1520,-2824,-960,-16880,48,19,-34,0
E,22543886,dn,1,0,1680,1520,,,,,,,0
S,22544518,dn,1,0,1680,1520,-2760,-984,-16864,44,28,-29,0
S,22549509,dn,1,0,1680,1520,-2896,-1056,-16840,58,31,-30,0
S,22554507,dn,1,0,1680,1520,-2544,-928,-16864,58,36,-32,0
S,22559508,dn,1,0,1680,1520,-2920,-968,-16816,47,32,-30,0
S,22564508,dn,1,0,1680,1520,-3120,-336,-17040,37,40,-35,0
S,22569508,dn,1,0,1680,1520,-256,-800,-16592,31,46,-35,0
S,22574508,dn,1,0,1680,1520,-3288,-1880,-16864,10,66,-27,0
S,22579508,dn,1,0,1680,1520,-1952,-1056,-16520,12,80,-30,0
S,22584508,dn,1,0,1680,1520,-2656,-560,-16968,23,102,-24,0
S,22589507,dn,1,0,1680,1520,-2888,-1712,-16832,28,113,-20,0
S,22594508,dn,1,0,1680,1520,-2896,-888,-16752,32,116,-30,0
S,22599508,dn,1,0,1680,1520,-2672,-1008,-16912,26,106,-24,0
S,22604507,dn,1,0,1680,1520,-3544,-840,-16776,21,87,-31,0
S,22609507,dn,1,0,1680,1520,-3208,-808,-17032,17,58,-26,0
S,22614508,dn,1,0,1680,1520,-2920,-1016,-17048,21,27,-32,0
S,22619508,dn,1,0,1680,1520,-2760,-736,-16864,21,-6,-28,0
S,22624507,dn,1,0,1680,1520,-2640,-880,-16984,29,-17,-32,0
S,22629508,dn,1,0,1680,1520,-2920,-1048,-16872,41,-22,-29,0
S,22634508,dn,1,0,1680,1520,-2912,-1104,-16720,59,-14,-35,0
S,22639508,dn,1,0,1680,1520,-2896,-1128,-16888,70,10,-32,0
S,22644508,dn,1,0,1680,1520,-2920,-1360,-16824,77,27,-24,0
S,22649508,dn,1,0,1680,1520,-2840,-928,-16736,65,36,-30,0
S,22654508,dn,1,0,1680,1520,-2904,-1024,-16816,63,46,-26,0
S,22659508,dn,1,0,1680,1520,-2856,-888,-16944,42,48,-28,0
S,22664508,dn,1,0,1680,1520,-2864,-800,-16760,30,40,-30,0
S,22669507,dn,1,0,1680,1520,-2912,-936,-16944,12,29,-32,0
S,22674508,dn,1,0,1680,1520,-2696,-848,-16824,6,17,-32,0
S,22679508,dn,1,0,1680,1520,-2752,-1160,-16872,2,11,-36,0
S,22684508,dn,1,0,1680,1520,-2816,-920,-16840,10,11,-29,0
S,22689508,dn,1,0,1680,1520,-2808,-1136,-16904,19,11,-24,0
S,22694507,dn,1,0,1680,1520,-2824,-872,-16880,35,17,-30,0
S,22699508,dn,1,0,1680,1520,-3032,-1136,-16864,48,26,-31,0
S,22704508,dn,1,0,1680,1520,-2824,-1088,-16864,50,38,-31,0
S,22709508,dn,1,0,1680,1520,-3000,-856,-16864,61,36,-33,0
S,22714508,dn,1,0,1680,1520,-2776,-1056,-16768,57,36,-32,0
S,22719508,dn,1,0,1680,1520,-2784,-864,-16832,51,26,-32,0
S,22724507,dn,1,0,1680,1520,-2864,-912,-16920,46,19,-28,0
S,22729508,dn,1,0,1680,1520,-2720,-880,-16920,39,12,-32,0
S,22734508,dn,1,0,1680,1520,-2744,-1144,-16872,29,16,-31,0
S,22739508,dn,1,0,1680,1520,-2928,-1040,-16808,25,12,-28,0
S,22744508,dn,1,0,1680,1520,-2848,-1104,-16808,23,18,-23,0
S,22749508,dn,1,0,1680,1520,-2824,-1112,-16816,24,22,-26,0
S,22754508,dn,1,0,1680,1520,-2920,-928,-16808,29,30,-27,0
S,22759507,dn,1,0,1680,1520,-2824,-1064,-16816,32,35,-31,0
S,22764508,dn,1,0,1680,1520,-2840,-1144,-16848,40,37,-30,0
S,22769508,dn,1,0,1680,1520,-2824,-1064,-16928,45,36,-32,0
S,22774508,dn,1,0,1680,1520,-3000,-992,-16840,42,28,-33,0
S,22779507,dn,1,0,1680,1520,-2824,-1024,-16792,39,25,-25,0
S,22784508,dn,1,0,1680,1520,-2872,-944,-16856,42,12,-28,0
S,22789508,dn,1,0,1680,1520,-2816,-968,-16944,37,15,-34,0
S,22794507,dn,1,0,1680,1520,-2808,-1048,-16920,39,14,-27,0
S,22799507,dn,1,0,1680,1520,-2904,-936,-16784,40,15,-26,0
S,22804508,dn,1,0,1680,1520,-2952,-1008,-16792,42,26,-28,0
S,22809508,dn,1,0,1680,1520,-2744,-992,-16768,39,28,-30,0
S,22814508,dn,1,0,1680,1520,-2760,-1112,-16752,41,32,-27,0
S,22819508,dn,1,0,1680,1520,-2768,-976,-16904,41,32,-22,0
S,22824508,dn,1,0,1680,1520,-2736,-912,-16856,33,31,-31,0
S,22829507,dn,1,0,1680,1520,-2848,-1016,-16872,35,28,-28,0
S,22834508,dn,1,0,1680,1520,-2736,-960,-16872,30,19,-25,0
S,22839508,dn,1,0,1680,1520,-2760,-976,-16960,38,18,-33,0
S,22844508,dn,1,0,1680,1520,-2888,-984,-16800,35,17,-31,0
S,22849508,dn,1,0,1680,1520,-2832,-1080,-16848,35,21,-28,0
S,22854507,dn,1,0,1680,1520,-2904,-1096,-16872,41,17,-26,0
S,22859508,dn,1,0,1680,1520,-2912,-1048,-16896,44,17,-30,0
S,22864508,dn,1,0,1680,1520,-2816,-944,-16944,45,25,-32,0
S,22869508,dn,1,0,1680,1520,-2832,-1120,-16856,40,29,-29,0
S,22874508,dn,1,0,1680,1520,-2896,-888,-16968,38,30,-35,0
S,22879508,dn,1,0,1680,1520,-2840,-1056,-16768,44,29,-31,0
S,22884508,dn,1,0,1680,1520,-2808,-1032,-16928,36,23,-35,0
S,22889508,dn,1,0,1680,1520,-2880,-936,-16880,30,23,-25,0
S,22894508,dn,1,0,1680,1520,-2880,-1064,-16792,26,23,-32,0
S,22899507,dn,1,0,1680,1520,-2864,-1064,-16720,27,21,-27,0
S,22904507,dn,1,0,1680,1520,-2840,-1048,-16832,28,17,-32,0
S,22909508,dn,1,0,1680,1520,-2840,-1072,-16792,33,25,-30,0
S,22914508,dn,1,0,1680,1520,-2768,-1024,-16856,38,26,-29,0
S,22919508,dn,1,0,1680,1520,-2856,-1064,-16856,40,24,-27,0
S,22924507,dn,1,0,1680,1520,-2760,-952,-16800,41,25,-28,0
S,22929508,dn,1,0,1680,1520,-2928,-808,-16872,42,26,-27,0
S,22934507,dn,1,0,1680,1520,-2720,-1016,-16816,44,23,-33,0
S,22939508,dn,1,0,1680,1520,-2760,-880,-16792,43,20,-27,0
S,22944508,dn,1,0,1680,1520,-2792,-1016,-16832,38,17,-24,0
S,22949507,dn,1,0,1680,1520,-2760,-944,-16816,38,21,-29,0
S,22954508,dn,1,0,1680,1520,-2960,-976,-17016,31,16,-28,0
S,22959508,dn,1,0,1680,1520,-2832,-1016,-16760,37,23,-30,0
S,22964508,dn,1,0,1680,1520,-2928,-928,-16864,33,24,-30,0
S,22969508,dn,1,0,1680,1520,-2792,-1048,-16880,31,27,-27,0
S,22974508,dn,1,0,1680,1520,-2928,-920,-16776,44,31,-28,0
S,22979508,dn,1,0,1680,1520,-2944,-1032,-16832,38,26,-32,0
S,22984508,dn,1,0,1680,1520,-2816,-1032,-16872,41,27,-31,0
S,22989507,dn,1,0,1680,1520,-2760,-968,-16856,38,20,-29,0
S,22994508,dn,1,0,1680,1520,-2816,-928,-16760,39,23,-32,0
S,22999508,dn,1,0,1680,1520,-2840,-1008,-16840,38,22,-22,0
S,23004508,dn,1,0,1680,1520,-2744,-904,-16744,37,19,-25,0
S,23009508,dn,1,0,1680,1520,-2872,-1008,-16880,40,20,-27,0
S,23014508,dn,1,0,1680,1520,-2744,-1000,-16864,38,18,-28,0
S,23019508,dn,1,0,1680,1520,-2848,-1032,-16944,35,26,-27,0
S,23024508,dn,1,0,1680,1520,-2960,-1056,-16928,39,26,-28,0
S,23029508,dn,1,0,1680,1520,-2816,-1032,-16880,37,25,-32,0
S,23034508,dn,1,0,1680,1520,-2880,-992,-16912,43,26,-31,0
S,23039508,dn,1,0,1680,1520,-2832,-992,-16848,33,26,-29,0
S,23044508,dn,1,0,1680,1520,-2824,-944,-16936,32,23,-25,0
E,23044609,dn,2,0,1670,1520,,,,,,,0
S,23045243,dn,2,0,1670,1520,-2816,-984,-16928,37,24,-31,0
S,23050231,dn,2,0,1670,1520,-2808,-984,-16744,34,21,-28,0
S,23055229,dn,2,0,1670,1520,-2928,-1632,-17024,38,20,-25,0
S,23060229,dn,2,0,1670,1520,-1712,-608,-16928,42,33,-34,0
S,23065229,dn,2,0,1670,1520,-2232,-912,-16936,37,21,-16,0
S,23070229,dn,2,0,1670,1520,-1776,40,-16320,41,27,-46,0
S,23075229,dn,2,0,1670,1520,-4392,-592,-16952,43,35,-27,0
S,23080229,dn,2,0,1670,1520,-1000,-400,-16680,43,36,-47,0
S,23085229,dn,2,0,1670,1520,-3000,-888,-16960,39,34,-48,0
S,23090229,dn,2,0,1670,1520,-1288,952,-17032,31,27,-42,0
S,23095230,dn,2,0,1670,1520,-3072,-536,-17168,35,45,-39,0
S,23100229,dn,2,0,1670,1520,-2800,-912,-16664,31,40,-33,0
S,23105229,dn,2,0,1670,1520,-3600,-816,-16856,34,61,-29,0
S,23110229,dn,2,0,1670,1520,-440,-464,-16912,36,83,-17,0
S,23115229,dn,2,0,1670,1520,-4312,-1728,-16824,35,101,-15,0
S,23120229,dn,2,0,1670,1520,-1416,-2992,-16456,41,111,-17,0
S,23125229,dn,2,0,1670,1520,-2240,-1312,-17168,40,132,-4,0
S,23130229,dn,2,0,1670,1520,-4080,-1176,-16640,44,123,-6,0
S,23135229,dn,2,0,1670,1520,-3144,-1384,-17000,37,106,-21,0
S,23140229,dn,2,0,1670,1520,-2760,-864,-16944,33,79,-18,0
S,23145229,dn,2,0,1670,1520,-2976,-1112,-16928,33,46,-26,0
S,23150229,dn,2,0,1670,1520,-2760,-848,-16936,19,14,-34,0
S,23155229,dn,2,0,1670,1520,-2760,-952,-16968,24,-8,-34,0
S,23160229,dn,2,0,1670,1520,-2632,-1048,-16848,22,-24,-30,0
S,23165229,dn,2,0,1670,1520,-2768,-1048,-16864,35,-24,-32,0
S,23170229,dn,2,0,1670,1520,-2872,-1128,-16856,47,-5,-34,0
S,23175229,dn,2,0,1670,1520,-2760,-1152,-16856,64,12,-28,0
S,23180229,dn,2,0,1670,1520,-2840,-1152,-16840,65,32,-29,0
S,23185229,dn,2,0,1670,1520,-2720,-904,-16848,66,49,-26,0
S,23190230,dn,2,0,1670,1520,-2632,-960,-16880,64,57,-28,0
S,23195229,dn,2,0,1670,1520,-2856,-1240,-16912,55,51,-25,0
S,23200229,dn,2,0,1670,1520,-2616,-1064,-17056,36,40,-29,0
S,23205229,dn,2,0,1670,1520,-2720,-896,-16752,18,23,-22,0
S,23210229,dn,2,0,1670,1520,-2632,-904,-16888,18,13,-28,0
S,23215229,dn,2,0,1670,1520,-2720,-832,-16752,13,1,-25,0
S,23220229,dn,2,0,1670,1520,-2808,-912,-16840,19,6,-34,0
S,23225229,dn,2,0,1670,1520,-2728,-952,-16816,19,9,-20,0
S,23230229,dn,2,0,1670,1520,-2800,-1088,-16936,30,16,-21,0
S,23235229,dn,2,0,1670,1520,-2840,-992,-16840,48,31,-26,0
S,23240229,dn,2,0,1670,1520,-2752,-1040,-16824,56,37,-27,0
S,23245229,dn,2,0,1670,1520,-2744,-1048,-16848,56,34,-31,0
S,23250229,dn,2,0,1670,1520,-2736,-1064,-16984,60,39,-28,0
S,23255229,dn,2,0,1670,1520,-2768,-936,-16920,53,26,-27,0
S,23260229,dn,2,0,1670,1520,-2896,-928,-16920,38,18,-30,0
S,23265229,dn,2,0,1670,1520,-2616,-1056,-16880,29,13,-27,0
S,23270229,dn,2,0,1670,1520,-2608,-1088,-16904,28,10,-25,0
S,23275229,dn,2,0,1670,1520,-2864,-1008,-16824,25,13,-30,0
S,23280229,dn,2,0,1670,1520,-2776,-1048,-16944,25,12,-30,0
S,23285229,dn,2,0,1670,1520,-2784,-1008,-16944,25,20,-26,0
S,23290229,dn,2,0,1670,1520,-2808,-1064,-16824,43,31,-27,0
S,23295229,dn,2,0,1670,1520,-2816,-1104,-16904,38,35,-28,0
S,23300230,dn,2,0,1670,1520,-2784,-936,-16848,46,43,-25,0
S,23305230,dn,2,0,1670,1520,-2744,-1024,-16848,44,38,-22,0
S,23310229,dn,2,0,1670,1520,-2728,-1056,-16912,41,27,-32,0
S,23315229,dn,2,0,1670,1520,-2704,-984,-16960,39,21,-31,0
S,23320229,dn,2,0,1670,1520,-2760,-832,-16936,35,11,-32,0
S,23325229,dn,2,0,1670,1520,-2744,-1032,-16936,31,15,-28,0
S,23330229,dn,2,0,1670,1520,-2824,-1072,-17024,31,19,-33,0
S,23335229,dn,2,0,1670,1520,-2800,-1008,-16872,37,17,-28,0
S,23340229,dn,2,0,1670,1520,-2792,-920,-16792,37,27,-28,0
S,23345229,dn,2,0,1670,1520,-2840,-968,-16904,36,31,-27,0
S,23350229,dn,2,0,1670,1520,-2824,-1040,-16864,41,31,-33,0
S,23355230,dn,2,0,1670,1520,-2872,-976,-16880,42,23,-28,0
S,23360230,dn,2,0,1670,1520,-2880,-992,-16872,40,32,-29,0
S,23365229,dn,2,0,1670,1520,-2816,-888,-16824,37,24,-31,0
S,23370229,dn,2,0,1670,1520,-2800,-976,-16856,37,23,-32,0
S,23375230,dn,2,0,1670,1520,-2704,-976,-16912,32,20,-28,0
S,23380229,dn,2,0,1670,1520,-2704,-952,-16960,29,16,-35,0
S,23385230,dn,2,0,1670,1520,-2728,-1016,-16928,29,17,-31,0
S,23390229,dn,2,0,1670,1520,-2768,-944,-16992,35,20,-34,0
S,23395229,dn,2,0,1670,1520,-2840,-1072,-16776,42,27,-33,0
S,23400229,dn,2,0,1670,1520,-2856,-984,-16856,42,27,-30,0
S,23405230,dn,2,0,1670,1520,-2704,-1088,-16800,45,23,-29,0
S,23410230,dn,2,0,1670,1520,-2760,-1024,-16896,47,29,-31,0
S,23415230,dn,2,0,1670,1520,-2984,-928,-16944,38,23,-33,0
S,23420230,dn,2,0,1670,1520,-2800,-984,-16888,33,28,-30,0
S,23425230,dn,2,0,1670,1520,-2840,-1008,-16872,33,26,-23,0
S,23430229,dn,2,0,1670,1520,-2864,-976,-16904,28,18,-31,0
S,23435229,dn,2,0,1670,1520,-2720,-1032,-16936,30,22,-30,0
S,23440229,dn,2,0,1670,1520,-2864,-1048,-16872,31,23,-32,0
S,23445230,dn,2,0,1670,1520,-2696,-1112,-16824,35,23,-28,0
S,23450229,dn,2,0,1670,1520,-2840,-1000,-16848,40,20,-28,0
S,23455229,dn,2,0,1670,1520,-2864,-1016,-16888,39,26,-27,0
S,23460229,dn,2,0,1670,1520,-2800,-1048,-17016,45,25,-32,0
S,23465229,dn,2,0,1670,1520,-2728,-960,-16808,44,21,-31,0
S,23470229,dn,2,0,1670,1520,-2720,-1024,-16952,41,25,-33,0
S,23475229,dn,2,0,1670,1520,-2736,-1096,-16840,35,26,-34,0
S,23480229,dn,2,0,1670,1520,-2736,-1056,-16896,39,19,-30,0
S,23485230,dn,2,0,1670,1520,-2880,-944,-16904,32,22,-31,0
S,23490229,dn,2,0,1670,1520,-2784,-960,-16832,30,22,-31,0
S,23495229,dn,2,0,1670,1520,-2648,-1008,-16856,36,24,-28,0
S,23500229,dn,2,0,1670,1520,-2880,-960,-16824,36,20,-29,0
S,23505229,dn,2,0,1670,1520,-2768,-952,-16872,34,26,-31,0
S,23510229,dn,2,0,1670,1520,-2768,-1008,-16760,38,30,-27,0
S,23515229,dn,2,0,1670,1520,-2704,-984,-16888,40,32,-34,0
S,23520230,dn,2,0,1670,1520,-2816,-1088,-16832,39,22,-31,0
S,23525229,dn,2,0,1670,1520,-2704,-880,-16912,40,21,-28,0
S,23530229,dn,2,0,1670,1520,-2784,-1008,-16872,37,23,-25,0
S,23535229,dn,2,0,1670,1520,-2728,-960,-16792,37,18,-28,0
S,23540229,dn,2,0,1670,1520,-2848,-896,-16856,30,19,-33,0
S,23545229,dn,2,0,1670,1520,-2784,-816,-16736,34,21,-33,0
E,23545332,dn,3,0,1660,1520,,,,,,,0
S,23545962,dn,3,0,1660,1520,-2800,-1080,-16816,39,21,-29,0
S,23550953,dn,3,0,1660,1520,-2776,-1128,-16824,37,24,-33,0
S,23555952,dn,3,0,1660,1520,-1216,-480,-16888,36,33,-27,0
S,23560952,dn,3,0,1660,1520,-3272,-1416,-16536,41,33,-28,0
S,23565953,dn,3,0,1660,1520,-808,120,-16832,42,33,-18,0
S,23570952,dn,3,0,1660,1520,-3384,-864,-16720,38,38,-24,0
S,23575952,dn,3,0,1660,1520,-2744,-1200,-16904,26,58,-22,0
S,23580952,dn,3,0,1660,1520,-3528,-464,-16968,35,60,-18,0
S,23585952,dn,3,0,1660,1520,-2616,-1320,-16592,44,69,-14,0
S,23590953,dn,3,0,1660,1520,-2784,-856,-16880,37,91,-12,0
S,23595952,dn,3,0,1660,1520,-3200,-648,-16792,42,92,-13,0
S,23600952,dn,3,0,1660,1520,-3416,-944,-16920,44,103,-19,0
S,23605952,dn,3,0,1660,1520,-2624,-1032,-16904,42,84,-19,0
S,23610952,dn,3,0,1660,1520,-2752,-880,-16944,33,76,-20,0
S,23615952,dn,3,0,1660,1520,-2696,-864,-16808,23,57,-24,0
S,23620953,dn,3,0,1660,1520,-2664,-1160,-17104,16,36,-32,0
S,23625952,dn,3,0,1660,1520,-2800,-864,-17008,14,5,-29,0
S,23630952,dn,3,0,1660,1520,-2680,-832,-16960,21,-8,-25,0
S,23635952,dn,3,0,1660,1520,-2768,-1160,-16792,34,-13,-32,0
S,23640952,dn,3,0,1660,1520,-2688,-1176,-16920,44,-2,-29,0
S,23645952,dn,3,0,1660,1520,-2792,-1112,-16736,55,13,-34,0
S,23650952,dn,3,0,1660,1520,-2592,-1160,-16864,63,20,-33,0
S,23655953,dn,3,0,1660,1520,-2904,-816,-16896,68,34,-27,0
S,23660952,dn,3,0,1660,1520,-2720,-928,-16728,60,42,-26,0
S,23665952,dn,3,0,1660,1520,-2512,-872,-16824,48,45,-33,0
S,23670952,dn,3,0,1660,1520,-2848,-1080,-16920,32,34,-33,0
S,23675953,dn,3,0,1660,1520,-2760,-920,-16976,27,29,-31,0
S,23680952,dn,3,0,1660,1520,-2736,-976,-16712,9,17,-24,0
S,23685953,dn,3,0,1660,1520,-2576,-976,-16800,11,10,-32,0
S,23690952,dn,3,0,1660,1520,-2848,-832,-16776,13,14,-33,0
S,23695952,dn,3,0,1660,1520,-2744,-1064,-16872,11,15,-27,0
S,23700953,dn,3,0,1660,1520,-2832,-1040,-16832,31,24,-27,0
S,23705953,dn,3,0,1660,1520,-2720,-1152,-16864,49,30,-31,0
S,23710953,dn,3,0,1660,1520,-2632,-1088,-16880,56,33,-25,0
S,23715952,dn,3,0,1660,1520,-2776,-1024,-16800,59,32,-27,0
S,23720952,dn,3,0,1660,1520,-2704,-1032,-16920,55,29,-29,0
S,23725952,dn,3,0,1660,1520,-2672,-1064,-16880,50,17,-30,0
S,23730953,dn,3,0,1660,1520,-2680,-912,-16848,43,17,-24,0
S,23735952,dn,3,0,1660,1520,-2704,-904,-16832,40,13,-30,0
S,23740952,dn,3,0,1660,1520,-2944,-904,-16912,28,12,-28,0
S,23745952,dn,3,0,1660,1520,-2792,-1200,-16792,24,13,-24,0
S,23750952,dn,3,0,1660,1520,-2656,-1184,-16896,32,18,-26,0
S,23755952,dn,3,0,1660,1520,-2736,-968,-16792,28,32,-31,0
S,23760952,dn,3,0,1660,1520,-2712,-1096,-16736,41,35,-23,0
S,23765952,dn,3,0,1660,1520,-2840,-1048,-16936,45,32,-28,0
S,23770953,dn,3,0,1660,1520,-2680,-1008,-16776,46,32,-28,0
S,23775953,dn,3,0,1660,1520,-2640,-1016,-17024,48,37,-29,0
S,23780953,dn,3,0,1660,1520,-2712,-936,-16928,35,25,-24,0
S,23785952,dn,3,0,1660,1520,-2696,-1032,-16880,32,15,-30,0
S,23790952,dn,3,0,1660,1520,-2672,-1032,-16808,36,11,-26,0
S,23795952,dn,3,0,1660,1520,-2648,-1016,-16920,37,17,-30,0
S,23800952,dn,3,0,1660,1520,-2744,-1032,-16896,36,11,-26,0
S,23805952,dn,3,0,1660,1520,-2672,-984,-16848,37,20,-26,0
S,23810952,dn,3,0,1660,1520,-2704,-920,-16896,36,32,-30,0
S,23815952,dn,3,0,1660,1520,-2744,-976,-16888,40,29,-29,0
S,23820952,dn,3,0,1660,1520,-2688,-896,-16936,40,37,-30,0
S,23825953,dn,3,0,1660,1520,-2768,-816,-16792,41,28,-28,0
S,23830952,dn,3,0,1660,1520,-2760,-904,-16824,38,25,-29,0
S,23835952,dn,3,0,1660,1520,-2656,-952,-16856,31,14,-31,0
S,23840952,dn,3,0,1660,1520,-2736,-840,-16920,27,21,-26,0
S,23845952,dn,3,0,1660,1520,-2736,-944,-16936,29,17,-25,0
S,23850952,dn,3,0,1660,1520,-2728,-1064,-16944,31,20,-27,0
S,23855952,dn,3,0,1660,1520,-2728,-1032,-16840,38,15,-30,0
S,23860953,dn,3,0,1660,1520,-2744,-1024,-16856,41,21,-31,0
S,23865952,dn,3,0,1660,1520,-2800,-1056,-16808,42,32,-35,0
S,23870952,dn,3,0,1660,1520,-2744,-920,-16880,48,28,-33,0
S,23875953,dn,3,0,1660,1520,-2688,-1016,-16752,47,22,-28,0
S,23880952,dn,3,0,1660,1520,-2696,-1032,-16888,43,23,-28,0
S,23885953,dn,3,0,1660,1520,-2784,-1016,-16848,35,19,-29,0
S,23890953,dn,3,0,1660,1520,-2720,-936,-16816,26,17,-32,0
S,23895952,dn,3,0,1660,1520,-2688,-1088,-16872,28,14,-27,0
S,23900952,dn,3,0,1660,1520,-2632,-976,-16768,27,23,-35,0
S,23905952,dn,3,0,1660,1520,-2760,-1104,-16800,30,28,-25,0
S,23910952,dn,3,0,1660,1520,-2792,-1080,-16896,39,22,-27,0
S,23915952,dn,3,0,1660,1520,-2808,-1080,-16840,41,24,-27,0
S,23920952,dn,3,0,1660,1520,-2688,-944,-16808,42,26,-26,0
S,23925952,dn,3,0,1660,1520,-2664,-976,-16760,38,26,-29,0
S,23930952,dn,3,0,1660,1520,-2680,-832,-16984,45,21,-25,0
S,23935952,dn,3,0,1660,1520,-2616,-1040,-16904,34,19,-31,0
S,23940952,dn,3,0,1660,1520,-2832,-1072,-16920,33,22,-28,0
S,23945952,dn,3,0,1660,1520,-2680,-1104,-16768,37,18,-33,0
S,23950952,dn,3,0,1660,1520,-2648,-968,-16904,36,15,-29,0
S,23955952,dn,3,0,1660,1520,-2792,-984,-16944,33,20,-27,0
S,23960952,dn,3,0,1660,1520,-2800,-1008,-16856,41,26,-31,0
S,23965952,dn,3,0,1660,1520,-2704,-1040,-16864,39,27,-24,0
S,23970952,dn,3,0,1660,1520,-2816,-992,-16936,42,29,-28,0
S,23975952,dn,3,0,1660,1520,-2776,-920,-16904,36,28,-27,0
S,23980952,dn,3,0,1660,1520,-2728,-1016,-16800,35,28,-22,0
S,23985952,dn,3,0,1660,1520,-2600,-912,-17016,36,21,-28,0
S,23990952,dn,3,0,1660,1520,-2704,-1032,-16776,39,21,-26,0
S,23995953,dn,3,0,1660,1520,-2760,-992,-16880,37,13,-35,0
S,24000952,dn,3,0,1660,1520,-2672,-808,-16808,30,24,-31,0
S,24005952,dn,3,0,1660,1520,-2672,-1016,-16904,40,19,-29,0
S,24010952,dn,3,0,1660,1520,-2656,-928,-16888,38,21,-30,0
S,24015952,dn,3,0,1660,1520,-2576,-984,-16872,39,28,-29,0
S,24020953,dn,3,0,1660,1520,-2728,-976,-16856,43,32,-31,0
S,24025952,dn,3,0,1660,1520,-2784,-1048,-16840,44,23,-27,0
S,24030953,dn,3,0,1660,1520,-2664,-992,-16776,37,24,-24,0
S,24035953,dn,3,0,1660,1520,-2616,-1008,-16912,35,19,-31,0
S,24040952,dn,3,0,1660,1520,-2680,-1032,-16912,33,22,-32,0
S,24045952,dn,3,0,1660,1520,-2776,-992,-16880,35,22,-31,0
E,24046054,dn,4,0,1650,1520,,,,,,,0
S,24046688,dn,4,0,1650,1520,-2776,-992,-16880,38,23,-29,0
S,24051679,dn,4,0,1650,1520,-2720,-904,-16976,34,22,-28,0
S,24056677,dn,4,0,1650,1520,-2200,-1024,-16848,30,25,-9,0
S,24061677,dn,4,0,1650,1520,-1920,-864,-16784,41,42,-30,0
S,24066678,dn,4,0,1650,1520,-4456,-800,-17064,36,49,-33,0
S,24071678,dn,4,0,1650,1520,-200,-256,-16776,40,75,-18,0
S,24076677,dn,4,0,1650,1520,-3720,-616,-17160,45,108,-5,0
S,24081678,dn,4,0,1650,1520,-1336,-576,-16504,53,110,-19,0
S,24086677,dn,4,0,1650,1520,-3776,-2288,-17136,50,116,-30,0
S,24091677,dn,4,0,1650,1520,-48,-592,-16768,42,108,-30,0
S,24096677,dn,4,0,1650,1520,-2840,-664,-17216,21,118,-15,0
S,24101677,dn,4,0,1650,1520,-2576,-1280,-16664,-4,110,28,0
S,24106678,dn,4,0,1650,1520,-2672,-1112,-16840,-10,91,-22,0
S,24111677,dn,4,0,1650,1520,-2320,-1168,-16848,1,99,-15,0
S,24116678,dn,4,0,1650,1520,-2728,-1224,-16816,11,94,-17,0
S,24121677,dn,4,0,1650,1520,-2160,-1032,-16808,25,102,-12,0
S,24126677,dn,4,0,1650,1520,-2624,-1152,-16848,44,106,-17,0
S,24131677,dn,4,0,1650,1520,-2656,-1048,-16880,50,104,-16,0
S,24136677,dn,4,0,1650,1520,-3104,-920,-17008,59,93,-21,0
S,24141677,dn,4,0,1650,1520,-2640,-824,-16976,57,68,-21,0
S,24146677,dn,4,0,1650,1520,-2736,-816,-16952,43,35,-29,0
S,24151678,dn,4,0,1650,1520,-2672,-728,-16912,31,5,-28,0
S,24156678,dn,4,0,1650,1520,-2560,-928,-16928,24,-11,-26,0
S,24161677,dn,4,0,1650,1520,-2600,-904,-16920,22,-21,-30,0
S,24166678,dn,4,0,1650,1520,-2712,-1096,-16848,29,-17,-29,0
S,24171677,dn,4,0,1650,1520,-2600,-1160,-16808,42,0,-28,0
S,24176677,dn,4,0,1650,1520,-2616,-1192,-16760,58,15,-34,0
S,24181678,dn,4,0,1650,1520,-2520,-1128,-16928,69,33,-31,0
S,24186678,dn,4,0,1650,1520,-2760,-1056,-16936,61,52,-31,0
S,24191678,dn,4,0,1650,1520,-2584,-936,-16864,48,50,-25,0
S,24196677,dn,4,0,1650,1520,-2592,-848,-16920,32,41,-30,0
S,24201677,dn,4,0,1650,1520,-2672,-1056,-16896,15,31,-29,0
S,24206678,dn,4,0,1650,1520,-2440,-992,-16888,8,15,-22,0
S,24211678,dn,4,0,1650,1520,-2624,-904,-16808,11,21,-31,0
S,24216678,dn,4,0,1650,1520,-2424,-1024,-16912,20,18,-26,0
S,24221677,dn,4,0,1650,1520,-2904,-1224,-16864,40,11,-25,0
S,24226677,dn,4,0,1650,1520,-2696,-1016,-16936,56,23,-32,0
S,24231678,dn,4,0,1650,1520,-2600,-888,-16864,68,30,-28,0
S,24236678,dn,4,0,1650,1520,-2568,-1064,-16736,66,30,-30,0
S,24241678,dn,4,0,1650,1520,-2680,-928,-16928,55,23,-23,0
S,24246678,dn,4,0,1650,1520,-2568,-848,-16976,39,18,-28,0
S,24251678,dn,4,0,1650,1520,-2672,-808,-16952,20,16,-28,0
S,24256678,dn,4,0,1650,1520,-2576,-792,-16888,12,15,-25,0
S,24261678,dn,4,0,1650,1520,-2640,-984,-16832,15,16,-32,0
S,24266678,dn,4,0,1650,1520,-2600,-992,-16784,17,27,-24,0
S,24271678,dn,4,0,1650,1520,-2824,-1240,-16848,31,38,-27,0
S,24276677,dn,4,0,1650,1520,-2544,-1016,-16752,44,39,-26,0
S,24281677,dn,4,0,1650,1520,-2688,-848,-16872,51,41,-30,0
S,24286678,dn,4,0,1650,1520,-2696,-984,-16992,54,32,-24,0
S,24291678,dn,4,0,1650,1520,-2624,-744,-16936,43,27,-25,0
S,24296677,dn,4,0,1650,1520,-2600,-928,-16864,37,15,-28,0
S,24301677,dn,4,0,1650,1520,-2568,-872,-16952,29,3,-28,0
S,24306677,dn,4,0,1650,1520,-2608,-1056,-16864,28,8,-29,0
S,24311677,dn,4,0,1650,1520,-2544,-984,-16776,30,6,-31,0
S,24316678,dn,4,0,1650,1520,-2720,-984,-16896,42,14,-34,0
S,24321678,dn,4,0,1650,1520,-2656,-1008,-16880,46,23,-31,0
S,24326677,dn,4,0,1650,1520,-2272,-968,-16848,49,30,-29,0
S,24331678,dn,4,0,1650,1520,-2632,-920,-16856,51,39,-29,0
S,24336678,dn,4,0,1650,1520,-2608,-952,-16928,45,36,-24,0
S,24341677,dn,4,0,1650,1520,-2640,-1072,-16968,37,29,-31,0
S,24346678,dn,4,0,1650,1520,-2464,-848,-16888,27,28,-24,0
S,24351678,dn,4,0,1650,1520,-2672,-1048,-16912,28,24,-27,0
S,24356677,dn,4,0,1650,1520,-2800,-968,-16920,24,17,-30,0
S,24361677,dn,4,0,1650,1520,-2560,-976,-16944,30,19,-28,0
S,24366677,dn,4,0,1650,1520,-2664,-1088,-17064,38,21,-30,0
S,24371678,dn,4,0,1650,1520,-2576,-944,-16816,47,18,-28,0
S,24376678,dn,4,0,1650,1520,-2672,-992,-16832,53,26,-31,0
S,24381678,dn,4,0,1650,1520,-2608,-992,-16888,53,21,-28,0
S,24386677,dn,4,0,1650,1520,-2568,-912,-16904,47,24,-28,0
S,24391677,dn,4,0,1650,1520,-2592,-904,-17016,36,18,-29,0
S,24396678,dn,4,0,1650,1520,-2648,-904,-16920,33,17,-30,0
S,24401678,dn,4,0,1650,1520,-2320,-872,-16912,26,26,-26,0
S,24406677,dn,4,0,1650,1520,-2768,-1144,-16640,31,30,-28,0
S,24411678,dn,4,0,1650,1520,-2712,-1056,-16808,33,34,-30,0
S,24416678,dn,4,0,1650,1520,-2680,-952,-16896,37,30,-26,0
S,24421678,dn,4,0,1650,1520,-2632,-880,-16808,36,33,-28,0
S,24426678,dn,4,0,1650,1520,-2720,-880,-16936,39,25,-28,0
S,24431678,dn,4,0,1650,1520,-2496,-944,-16784,41,20,-29,0
S,24436678,dn,4,0,1650,1520,-2656,-920,-16896,30,16,-24,0
S,24441678,dn,4,0,1650,1520,-2648,-1000,-16832,35,14,-27,0
S,24446678,dn,4,0,1650,1520,-2608,-1008,-16848,39,10,-35,0
S,24451678,dn,4,0,1650,1520,-2784,-952,-16968,40,10,-26,0
S,24456678,dn,4,0,1650,1520,-2656,-984,-16952,44,13,-27,0
S,24461677,dn,4,0,1650,1520,-2552,-1032,-16816,40,21,-28,0
S,24466678,dn,4,0,1650,1520,-2736,-1000,-16880,42,27,-25,0
S,24471677,dn,4,0,1650,1520,-2592,-1000,-16760,39,26,-32,0
S,24476678,dn,4,0,1650,1520,-2536,-1056,-16984,31,33,-30,0
S,24481677,dn,4,0,1650,1520,-2816,-1040,-16984,30,35,-25,0
S,24486678,dn,4,0,1650,1520,-2544,-1008,-16880,34,27,-24,0
S,24491678,dn,4,0,1650,1520,-2664,-928,-16808,30,29,-29,0
S,24496677,dn,4,0,1650,1520,-2608,-928,-16792,28,21,-28,0
S,24501677,dn,4,0,1650,1520,-2528,-1008,-16976,38,22,-28,0
S,24506678,dn,4,0,1650,1520,-2552,-888,-16840,35,17,-35,0
S,24511678,dn,4,0,1650,1520,-2648,-1000,-16904,36,14,-27,0
S,24516678,dn,4,0,1650,1520,-2752,-920,-16768,46,21,-26,0
S,24521678,dn,4,0,1650,1520,-2712,-1016,-16960,50,23,-25,0
S,24526678,dn,4,0,1650,1520,-2824,-1008,-16728,43,26,-29,0
S,24531678,dn,4,0,1650,1520,-2608,-936,-16928,41,23,-25,0
S,24536677,dn,4,0,1650,1520,-2704,-960,-16888,32,29,-32,0
S,24541677,dn,4,0,1650,1520,-2680,-896,-16824,27,22,-27,0
S,24546677,dn,4,0,1650,1520,-2584,-896,-16840,27,29,-30,0
E,24546780,dn,5,0,1640,1520,,,,,,,0
S,24547410,dn,5,0,1640,1520,-2592,-1016,-16912,27,29,-30,0
S,24552401,dn,5,0,1640,1520,-2688,-896,-16968,32,24,-29,0
S,24557400,dn,5,0,1640,1520,-3024,-944,-16864,32,18,-28,0
S,24562401,dn,5,0,1640,1520,-2824,-1160,-16824,39,31,-32,0
S,24567401,dn,5,0,1640,1520,-2352,-920,-17024,38,45,-28,0
S,24572400,dn,5,0,1640,1520,-2856,-1408,-16888,47,74,-24,0
S,24577400,dn,5,0,1640,1520,-2240,-936,-16656,65,107,-20,0
S,24582401,dn,5,0,1640,1520,-1104,-480,-16792,58,140,-18,0
S,24587400,dn,5,0,1640,1520,-3456,-1512,-16688,63,156,-11,0
S,24592401,dn,5,0,1640,1520,-736,184,-17104,50,161,-10,0
S,24597400,dn,5,0,1640,1520,-2864,-1224,-17032,28,176,-3,0
S,24602400,dn,5,0,1640,1520,-2720,-1136,-16552,30,171,-4,0
S,24607401,dn,5,0,1640,1520,-2688,-1392,-17120,26,152,-12,0
S,24612400,dn,5,0,1640,1520,-2440,-824,-16984,18,135,-18,0
S,24617400,dn,5,0,1640,1520,-2680,-1736,-17000,22,142,-9,0
S,24622401,dn,5,0,1640,1520,-3240,-1408,-16320,29,104,-43,0
S,24627400,dn,5,0,1640,1520,-3112,-1328,-16960,40,77,-24,0
S,24632400,dn,5,0,1640,1520,-1960,-1032,-16968,42,52,-33,0
S,24637401,dn,5,0,1640,1520,-2832,-920,-17144,43,30,-32,0
S,24642400,dn,5,0,1640,1520,-2440,-1040,-16696,50,6,-29,0
S,24647400,dn,5,0,1640,1520,-2704,-1040,-17096,45,-13,-30,0
S,24652401,dn,5,0,1640,1520,-2416,-904,-16888,43,-19,-25,0
S,24657400,dn,5,0,1640,1520,-2208,-1104,-16912,48,-21,-29,0
S,24662400,dn,5,0,1640,1520,-2560,-1040,-16960,40,-9,-26,0
S,24667400,dn,5,0,1640,1520,-2320,-768,-16968,45,-6,-27,0
S,24672400,dn,5,0,1640,1520,-2488,-1104,-16952,45,18,-27,0
S,24677400,dn,5,0,1640,1520,-2696,-992,-16832,43,31,-34,0
S,24682400,dn,5,0,1640,1520,-2096,-888,-16912,40,47,-26,0
S,24687400,dn,5,0,1640,1520,-2664,-1192,-16872,35,56,-29,0
S,24692400,dn,5,0,1640,1520,-2416,-952,-17024,29,57,-25,0
S,24697400,dn,5,0,1640,1520,-2688,-888,-16760,23,52,-26,0
S,24702400,dn,5,0,1640,1520,-2312,-920,-17064,19,37,-33,0
S,24707400,dn,5,0,1640,1520,-2520,-1080,-16792,30,31,-30,0
S,24712400,dn,5,0,1640,1520,-2464,-960,-16864,31,23,-30,0
S,24717401,dn,5,0,1640,1520,-2496,-816,-16928,44,12,-34,0
S,24722401,dn,5,0,1640,1520,-2592,-960,-16864,46,7,-32,0
S,24727401,dn,5,0,1640,1520,-2288,-1040,-16936,52,4,-27,0
S,24732401,dn,5,0,1640,1520,-2688,-912,-16920,57,13,-26,0
S,24737401,dn,5,0,1640,1520,-2632,-992,-16880,49,13,-30,0
S,24742401,dn,5,0,1640,1520,-2624,-1032,-16896,39,24,-33,0
S,24747400,dn,5,0,1640,1520,-2456,-848,-16920,35,29,-27,0
S,24752400,dn,5,0,1640,1520,-2456,-888,-16904,27,30,-30,0
S,24757400,dn,5,0,1640,1520,-2384,-992,-17168,30,31,-28,0
S,24762401,dn,5,0,1640,1520,-2456,-1016,-17008,25,43,-28,0
S,24767401,dn,5,0,1640,1520,-2560,-1096,-16920,30,34,-25,0
S,24772401,dn,5,0,1640,1520,-2440,-1064,-16976,37,38,-27,0
S,24777401,dn,5,0,1640,1520,-2560,-968,-16888,41,30,-35,0
S,24782401,dn,5,0,1640,1520,-2392,-872,-16952,44,24,-32,0
S,24787400,dn,5,0,1640,1520,-2200,-1024,-16856,38,17,-35,0
S,24792401,dn,5,0,1640,1520,-2432,-1024,-16920,45,13,-33,0
S,24797400,dn,5,0,1640,1520,-2616,-968,-17024,42,8,-30,0
S,24802400,dn,5,0,1640,1520,-2344,-1024,-16784,41,7,-27,0
S,24807400,dn,5,0,1640,1520,-2312,-944,-16760,36,11,-29,0
S,24812400,dn,5,0,1640,1520,-2392,-960,-16952,32,18,-30,0
S,24817400,dn,5,0,1640,1520,-2288,-896,-16864,35,17,-30,0
S,24822401,dn,5,0,1640,1520,-2808,-1072,-17024,36,33,-27,0
S,24827400,dn,5,0,1640,1520,-2600,-968,-16872,37,33,-32,0
S,24832401,dn,5,0,1640,1520,-2496,-1032,-16992,37,34,-34,0
S,24837401,dn,5,0,1640,1520,-2640,-992,-16744,40,32,-29,0
S,24842400,dn,5,0,1640,1520,-2472,-1112,-16808,38,34,-28,0
S,24847401,dn,5,0,1640,1520,-2640,-1080,-16960,40,28,-30,0
S,24852400,dn,5,0,1640,1520,-2560,-1008,-16952,37,20,-34,0
S,24857400,dn,5,0,1640,1520,-2632,-904,-16840,41,12,-31,0
S,24862400,dn,5,0,1640,1520,-2712,-1048,-16848,37,16,-30,0
S,24867401,dn,5,0,1640,1520,-2696,-1104,-16840,37,20,-29,0
S,24872400,dn,5,0,1640,1520,-2552,-1120,-16832,44,19,-26,0
S,24877401,dn,5,0,1640,1520,-2400,-1056,-16952,48,19,-28,0
S,24882400,dn,5,0,1640,1520,-2448,-1048,-16944,37,23,-32,0
S,24887400,dn,5,0,1640,1520,-2440,-1008,-16824,37,15,-31,0
S,24892400,dn,5,0,1640,1520,-2792,-856,-16952,34,28,-32,0
S,24897401,dn,5,0,1640,1520,-2560,-936,-16944,38,29,-32,0
S,24902400,dn,5,0,1640,1520,-2408,-1152,-16936,32,24,-29,0
S,24907401,dn,5,0,1640,1520,-2264,-816,-16936,34,27,-30,0
S,24912400,dn,5,0,1640,1520,-2496,-1152,-16928,33,24,-27,0
S,24917400,dn,5,0,1640,1520,-2592,-1056,-16936,41,26,-29,0
S,24922400,dn,5,0,1640,1520,-2792,-1144,-16792,40,26,-31,0
S,24927400,dn,5,0,1640,1520,-2304,-1096,-16904,43,21,-28,0
S,24932400,dn,5,0,1640,1520,-2728,-1056,-16872,46,23,-28,0
S,24937401,dn,5,0,1640,1520,-2512,-1088,-16832,36,21,-29,0
S,24942401,dn,5,0,1640,1520,-2600,-936,-17000,35,17,-30,0
S,24947401,dn,5,0,1640,1520,-2640,-888,-16936,41,21,-29,0
S,24952400,dn,5,0,1640,1520,-2464,-1120,-16872,38,20,-30,0
S,24957401,dn,5,0,1640,1520,-2600,-968,-16904,38,26,-26,0
S,24962401,dn,5,0,1640,1520,-2520,-1000,-16824,36,26,-33,0
S,24967400,dn,5,0,1640,1520,-2568,-1048,-16896,38,25,-31,0
S,24972400,dn,5,0,1640,1520,-2744,-1056,-16832,38,29,-30,0
S,24977401,dn,5,0,1640,1520,-2520,-952,-16912,38,32,-30,0
S,24982401,dn,5,0,1640,1520,-2224,-928,-16888,38,20,-30,0
S,24987400,dn,5,0,1640,1520,-2584,-1176,-16928,37,25,-26,0
S,24992400,dn,5,0,1640,1520,-2584,-1064,-16912,36,22,-23,0
S,24997400,dn,5,0,1640,1520,-2496,-1056,-16824,39,18,-26,0
S,25002400,dn,5,0,1640,1520,-2824,-1088,-16976,35,21,-28,0
S,25007400,dn,5,0,1640,1520,-2392,-1048,-16952,40,26,-31,0
S,25012400,dn,5,0,1640,1520,-2640,-1000,-16928,44,25,-30,0
S,25017401,dn,5,0,1640,1520,-2440,-960,-17016,41,27,-29,0
S,25022400,dn,5,0,1640,1520,-2528,-1024,-16800,39,22,-31,0
S,25027400,dn,5,0,1640,1520,-2776,-904,-17040,37,20,-31,0
S,25032400,dn,5,0,1640,1520,-2776,-1072,-16928,33,18,-30,0
S,25037401,dn,5,0,1640,1520,-2520,-952,-16976,40,25,-29,0
S,25042401,dn,5,0,1640,1520,-2616,-960,-16920,40,20,-28,0
S,25047401,dn,5,0,1640,1520,-2608,-1256,-16880,35,17,-35,0
E,25047503,dn,6,0,1630,1520,,,,,,,0
S,25048133,dn,6,0,1630,1520,-2584,-952,-16944,33,23,-28,0
S,25053124,dn,6,0,1630,1520,-2416,-1064,-17024,34,25,-31,0
S,25058123,dn,6,0,1630,1520,-928,-408,-17200,39,34,-20,0
S,25063123,dn,6,0,1630,1520,-1552,-472,-17312,48,49,26,0
S,25068124,dn,6,0,1630,1520,-6584,-2800,-16520,50,83,-29,0
S,25073123,dn,6,0,1630,1520,-1528,1552,-17240,68,102,-23,0
S,25078124,dn,6,0,1630,1520,-1984,-2296,-16840,69,130,-18,0
S,25083123,dn,6,0,1630,1520,-3192,-2312,-16576,54,134,-37,0
S,25088123,dn,6,0,1630,1520,-1456,-848,-17080,53,143,-13,0
S,25093124,dn,6,0,1630,1520,-2472,-1200,-16888,39,149,-29,0
S,25098123,dn,6,0,1630,1520,-3656,-416,-17360,13,166,-23,0
S,25103123,dn,6,0,1630,1520,-1800,-1600,-16304,23,149,-25,0
S,25108124,dn,6,0,1630,1520,-2856,-1664,-17000,19,139,-32,0
S,25113124,dn,6,0,1630,1520,-664,-1104,-16992,26,128,-18,0
S,25118124,dn,6,0,1630,1520,-2424,-792,-16656,29,108,-28,0
S,25123124,dn,6,0,1630,1520,-3048,-856,-17200,29,84,-31,0
S,25128123,dn,6,0,1630,1520,-2360,-1024,-16976,39,62,-23,0
S,25133123,dn,6,0,1630,1520,-3024,-992,-16840,47,40,-30,0
S,25138123,dn,6,0,1630,1520,-2264,-1144,-16960,58,23,-25,0
S,25143124,dn,6,0,1630,1520,-2456,-896,-17040,64,21,-31,0
S,25148123,dn,6,0,1630,1520,-2560,-1320,-16840,55,16,-30,0
S,25153123,dn,6,0,1630,1520,-2240,-1176,-16880,48,9,-30,0
S,25158123,dn,6,0,1630,1520,-2512,-944,-16920,38,23,-28,0
S,25163123,dn,6,0,1630,1520,-2640,-1056,-16920,32,25,-28,0
S,25168123,dn,6,0,1630,1520,-2440,-1032,-16856,26,23,-29,0
S,25173124,dn,6,0,1630,1520,-2232,-1016,-16912,24,36,-33,0
S,25178124,dn,6,0,1630,1520,-2464,-1232,-16856,26,43,-28,0
S,25183124,dn,6,0,1630,1520,-2456,-904,-16968,34,50,-31,0
S,25188123,dn,6,0,1630,1520,-2352,-968,-16840,37,50,-32,0
S,25193123,dn,6,0,1630,1520,-2504,-1016,-16848,44,52,-30,0
S,25198123,dn,6,0,1630,1520,-2344,-848,-16960,46,49,-32,0
S,25203123,dn,6,0,1630,1520,-2680,-1120,-16968,44,40,-30,0
S,25208123,dn,6,0,1630,1520,-2416,-936,-16968,54,32,-32,0
S,25213123,dn,6,0,1630,1520,-2200,-976,-17016,42,23,-32,0
S,25218123,dn,6,0,1630,1520,-2496,-1000,-16944,33,16,-29,0
S,25223124,dn,6,0,1630,1520,-2224,-1024,-16856,31,11,-25,0
S,25228124,dn,6,0,1630,1520,-2368,-1224,-17080,32,9,-29,0
S,25233124,dn,6,0,1630,1520,-2496,-992,-16968,35,6,-28,0
S,25238124,dn,6,0,1630,1520,-2432,-824,-16928,41,12,-26,0
S,25243123,dn,6,0,1630,1520,-2576,-824,-17040,48,27,-24,0
S,25248124,dn,6,0,1630,1520,-2472,-992,-16808,43,31,-35,0
S,25253124,dn,6,0,1630,1520,-2112,-1184,-16928,44,31,-30,0
S,25258124,dn,6,0,1630,1520,-2248,-1032,-16848,41,30,-30,0
S,25263123,dn,6,0,1630,1520,-2280,-1224,-17056,41,31,-29,0
S,25268124,dn,6,0,1630,1520,-2424,-992,-16944,29,30,-29,0
S,25273124,dn,6,0,1630,1520,-2488,-1040,-16848,24,28,-30,0
S,25278123,dn,6,0,1630,1520,-2544,-920,-16840,28,21,-29,0
S,25283124,dn,6,0,1630,1520,-2248,-1256,-16880,34,18,-32,0
S,25288123,dn,6,0,1630,1520,-2456,-1080,-16992,43,19,-33,0
S,25293123,dn,6,0,1630,1520,-2576,-1032,-16992,44,25,-34,0
S,25298123,dn,6,0,1630,1520,-2488,-856,-16912,55,20,-27,0
S,25303123,dn,6,0,1630,1520,-2568,-984,-17040,50,16,-34,0
S,25308124,dn,6,0,1630,1520,-2472,-960,-16856,46,20,-36,0
S,25313123,dn,6,0,1630,1520,-2360,-1128,-16936,42,20,-27,0
S,25318124,dn,6,0,1630,1520,-2144,-840,-16872,41,11,-32,0
S,25323123,dn,6,0,1630,1520,-2520,-1168,-16872,27,21,-28,0
S,25328123,dn,6,0,1630,1520,-2304,-1104,-16848,26,25,-32,0
S,25333124,dn,6,0,1630,1520,-2296,-1128,-16904,31,24,-31,0
S,25338124,dn,6,0,1630,1520,-2592,-776,-16872,35,28,-31,0
S,25343123,dn,6,0,1630,1520,-2568,-1032,-16880,44,30,-27,0
S,25348123,dn,6,0,1630,1520,-2432,-968,-16936,46,30,-30,0
S,25353123,dn,6,0,1630,1520,-2512,-912,-16976,45,32,-31,0
S,25358124,dn,6,0,1630,1520,-2536,-1072,-16920,43,27,-28,0
S,25363124,dn,6,0,1630,1520,-2360,-1000,-16976,43,24,-28,0
S,25368124,dn,6,0,1630,1520,-2624,-952,-16864,31,21,-27,0
S,25373123,dn,6,0,1630,1520,-2392,-984,-17048,31,19,-26,0
S,25378123,dn,6,0,1630,1520,-2472,-808,-17048,28,16,-29,0
S,25383123,dn,6,0,1630,1520,-2384,-1224,-16936,38,17,-28,0
S,25388123,dn,6,0,1630,1520,-2280,-792,-17000,33,17,-27,0
S,25393124,dn,6,0,1630,1520,-2304,-1320,-16864,37,17,-29,0
S,25398124,dn,6,0,1630,1520,-2416,-880,-17040,42,34,-33,0
S,25403124,dn,6,0,1630,1520,-2488,-1024,-16936,46,34,-27,0
S,25408124,dn,6,0,1630,1520,-2552,-992,-16864,40,25,-33,0
S,25413123,dn,6,0,1630,1520,-2504,-1032,-17056,41,30,-30,0
S,25418124,dn,6,0,1630,1520,-2112,-776,-16920,35,32,-31,0
S,25423124,dn,6,0,1630,1520,-2528,-992,-16952,35,24,-24,0
S,25428124,dn,6,0,1630,1520,-2584,-928,-17016,33,23,-31,0
S,25433124,dn,6,0,1630,1520,-2472,-1064,-16896,32,22,-30,0
S,25438123,dn,6,0,1630,1520,-2288,-1088,-16872,32,20,-26,0
S,25443123,dn,6,0,1630,1520,-2312,-1040,-16856,37,22,-30,0
S,25448123,dn,6,0,1630,1520,-2512,-912,-17000,44,22,-29,0
S,25453123,dn,6,0,1630,1520,-2456,-1064,-16824,44,21,-23,0
S,25458123,dn,6,0,1630,1520,-2368,-1024,-16928,49,19,-32,0
S,25463124,dn,6,0,1630,1520,-2152,-1056,-16832,39,23,-33,0
S,25468124,dn,6,0,1630,1520,-2192,-1168,-16936,36,26,-29,0
S,25473124,dn,6,0,1630,1520,-2560,-984,-16912,33,22,-30,0
S,25478124,dn,6,0,1630,1520,-2576,-928,-17040,35,23,-29,0
S,25483124,dn,6,0,1630,1520,-2424,-992,-16912,32,18,-26,0
S,25488123,dn,6,0,1630,1520,-2408,-1128,-16864,34,18,-32,0
S,25493124,dn,6,0,1630,1520,-2272,-880,-17024,40,28,-23,0
S,25498123,dn,6,0,1630,1520,-2328,-1216,-16968,38,23,-28,0
S,25503124,dn,6,0,1630,1520,-2240,-1056,-16856,40,28,-29,0
S,25508123,dn,6,0,1630,1520,-2192,-1160,-16928,48,20,-33,0
S,25513123,dn,6,0,1630,1520,-2504,-1120,-16952,43,22,-27,0
S,25518124,dn,6,0,1630,1520,-2288,-1040,-16888,42,31,-27,0
S,25523123,dn,6,0,1630,1520,-2456,-992,-16968,41,29,-26,0
S,25528123,dn,6,0,1630,1520,-2304,-880,-16760,37,22,-32,0
S,25533124,dn,6,0,1630,1520,-2168,-960,-16896,34,21,-30,0
S,25538123,dn,6,0,1630,1520,-2520,-936,-17064,34,22,-25,0
S,25543123,dn,6,0,1630,1520,-2144,-1272,-16880,33,23,-26,0
S,25548124,dn,6,0,1630,1520,-2288,-1096,-16952,38,19,-33,0
E,25548231,dn,7,0,1620,1520,,,,,,,0
S,25548862,dn,7,0,1620,1520,-2600,-944,-17008,38,22,-32,0
S,25553852,dn,7,0,1620,1520,-2352,-816,-16936,42,31,-26,0
S,25558852,dn,7,0,1620,1520,-1752,-1208,-16856,41,26,-27,0
S,25563851,dn,7,0,1620,1520,-920,-936,-16984,46,40,-28,0
S,25568851,dn,7,0,1620,1520,-2336,-760,-16632,51,41,-31,0
S,25573851,dn,7,0,1620,1520,-120,760,-17216,41,53,-29,0
S,25578851,dn,7,0,1620,1520,-1344,-464,-17048,47,65,-5,0
S,25583851,dn,7,0,1620,1520,-3728,-2296,-17040,43,103,-16,0
S,25588852,dn,7,0,1620,1520,-1616,-552,-17160,46,168,-27,0
S,25593851,dn,7,0,1620,1520,-2168,-2576,-16624,54,180,-29,0
S,25598851,dn,7,0,1620,1520,-912,-448,-16696,47,228,-34,0
S,25603851,dn,7,0,1620,1520,-3400,-1544,-17464,29,273,-17,0
S,25608851,dn,7,0,1620,1520,-2640,-664,-16288,40,273,-25,0
S,25613852,dn,7,0,1620,1520,-3000,-1024,-17064,32,265,-32,0
S,25618852,dn,7,0,1620,1520,-1464,-728,-16968,10,247,-32,0
S,25623851,dn,7,0,1620,1520,-3176,-904,-16976,-7,203,-32,0
S,25628851,dn,7,0,1620,1520,-2120,-992,-16896,-16,150,-37,0
S,25633851,dn,7,0,1620,1520,-2328,-1056,-17088,-8,88,-26,0
S,25638852,dn,7,0,1620,1520,-2336,-920,-16840,4,30,-29,0
S,25643852,dn,7,0,1620,1520,-2320,-912,-16984,27,-29,-25,0
S,25648851,dn,7,0,1620,1520,-2056,-936,-17088,41,-63,-29,0
S,25653851,dn,7,0,1620,1520,-2136,-1184,-17032,67,-77,-28,0
S,25658851,dn,7,0,1620,1520,-2168,-1056,-16944,87,-80,-33,0
S,25663852,dn,7,0,1620,1520,-2280,-792,-17112,90,-67,-33,0
S,25668851,dn,7,0,1620,1520,-2288,-1064,-17048,85,-46,-35,0
S,25673851,dn,7,0,1620,1520,-2272,-944,-17008,73,-20,-30,0
S,25678851,dn,7,0,1620,1520,-2392,-1008,-16816,55,28,-35,0
S,25683851,dn,7,0,1620,1520,-2496,-1144,-16808,34,47,-31,0
S,25688851,dn,7,0,1620,1520,-2520,-880,-16944,13,74,-30,0
S,25693851,dn,7,0,1620,1520,-2520,-824,-16816,-4,94,-28,0
S,25698851,dn,7,0,1620,1520,-2056,-1008,-16936,-11,93,-29,0
S,25703851,dn,7,0,1620,1520,-2096,-1128,-16952,-5,84,-28,0
S,25708851,dn,7,0,1620,1520,-2344,-832,-17000,8,64,-25,0
S,25713851,dn,7,0,1620,1520,-2184,-888,-16952,28,37,-28,0
S,25718852,dn,7,0,1620,1520,-2312,-1112,-16960,45,10,-28,0
S,25723851,dn,7,0,1620,1520,-2232,-1000,-16896,67,-1,-28,0
S,25728851,dn,7,0,1620,1520,-2248,-960,-16904,78,-21,-31,0
S,25733851,dn,7,0,1620,1520,-2040,-888,-16904,73,-28,-29,0
S,25738851,dn,7,0,1620,1520,-2312,-1184,-16912,69,-24,-34,0
S,25743851,dn,7,0,1620,1520,-2216,-968,-16920,51,-25,-29,0
S,25748852,dn,7,0,1620,1520,-2264,-1120,-16880,43,0,-28,0
S,25753851,dn,7,0,1620,1520,-2232,-1176,-16880,33,22,-31,0
S,25758851,dn,7,0,1620,1520,-2256,-928,-16920,17,31,-27,0
S,25763851,dn,7,0,1620,1520,-2168,-1000,-16936,22,49,-27,0
S,25768851,dn,7,0,1620,1520,-2328,-952,-16848,14,60,-28,0
S,25773852,dn,7,0,1620,1520,-2272,-984,-16944,20,64,-28,0
S,25778852,dn,7,0,1620,1520,-2040,-952,-16984,25,61,-26,0
S,25783851,dn,7,0,1620,1520,-2336,-1008,-16720,40,53,-28,0
S,25788852,dn,7,0,1620,1520,-2120,-952,-16952,47,30,-32,0
S,25793852,dn,7,0,1620,1520,-2224,-872,-17032,47,13,-27,0
S,25798851,dn,7,0,1620,1520,-2296,-904,-16912,48,-6,-32,0
S,25803851,dn,7,0,1620,1520,-2304,-896,-17016,45,-9,-28,0
S,25808851,dn,7,0,1620,1520,-2320,-1040,-16992,48,-18,-30,0
S,25813851,dn,7,0,1620,1520,-2128,-1064,-16912,36,-13,-26,0
S,25818851,dn,7,0,1620,1520,-2448,-1032,-16896,45,1,-29,0
S,25823851,dn,7,0,1620,1520,-2296,-1152,-16744,36,10,-26,0
S,25828852,dn,7,0,1620,1520,-2288,-912,-17024,39,32,-33,0
S,25833851,dn,7,0,1620,1520,-2424,-1024,-16936,37,40,-31,0
S,25838851,dn,7,0,1620,1520,-2336,-880,-16848,31,51,-36,0
S,25843851,dn,7,0,1620,1520,-2280,-1040,-17024,29,53,-29,0
S,25848851,dn,7,0,1620,1520,-2376,-920,-16936,27,42,-28,0
S,25853852,dn,7,0,1620,1520,-2336,-968,-16848,29,45,-29,0
S,25858851,dn,7,0,1620,1520,-2184,-832,-16984,34,34,-31,0
S,25863851,dn,7,0,1620,1520,-2176,-1104,-16936,37,16,-25,0
S,25868851,dn,7,0,1620,1520,-2208,-904,-17000,41,6,-30,0
S,25873851,dn,7,0,1620,1520,-2128,-976,-16824,48,4,-22,0
S,25878851,dn,7,0,1620,1520,-2304,-1120,-17056,55,10,-27,0
S,25883851,dn,7,0,1620,1520,-2408,-952,-16744,53,10,-26,0
S,25888851,dn,7,0,1620,1520,-2320,-976,-16928,44,13,-37,0
S,25893851,dn,7,0,1620,1520,-2288,-928,-16968,46,21,-28,0
S,25898852,dn,7,0,1620,1520,-2144,-1208,-16960,32,25,-35,0
S,25903851,dn,7,0,1620,1520,-2184,-1032,-16944,26,34,-31,0
S,25908851,dn,7,0,1620,1520,-2312,-1088,-16840,25,36,-24,0
S,25913851,dn,7,0,1620,1520,-2280,-1000,-17104,33,34,-30,0
S,25918851,dn,7,0,1620,1520,-2272,-1064,-16952,22,32,-29,0
S,25923852,dn,7,0,1620,1520,-2224,-1016,-16816,30,33,-32,0
S,25928851,dn,7,0,1620,1520,-2328,-872,-17008,45,24,-30,0
S,25933852,dn,7,0,1620,1520,-2264,-1080,-16880,44,19,-27,0
S,25938851,dn,7,0,1620,1520,-2240,-984,-16936,51,20,-28,0
S,25943851,dn,7,0,1620,1520,-2304,-920,-17032,50,13,-27,0
S,25948851,dn,7,0,1620,1520,-2528,-816,-16976,41,12,-35,0
S,25953851,dn,7,0,1620,1520,-2320,-992,-16904,41,6,-30,0
S,25958851,dn,7,0,1620,1520,-2184,-992,-16888,34,10,-28,0
S,25963852,dn,7,0,1620,1520,-2264,-976,-16992,34,16,-29,0
S,25968851,dn,7,0,1620,1520,-2040,-992,-17112,35,26,-26,0
S,25973852,dn,7,0,1620,1520,-2456,-952,-16896,32,31,-28,0
S,25978851,dn,7,0,1620,1520,-2344,-1088,-16968,46,35,-31,0
S,25983851,dn,7,0,1620,1520,-2064,-1016,-17048,42,34,-35,0
S,25988851,dn,7,0,1620,1520,-2232,-944,-17000,35,34,-23,0
S,25993852,dn,7,0,1620,1520,-2248,-872,-17064,36,35,-24,0
S,25998852,dn,7,0,1620,1520,-2424,-1000,-17112,36,31,-29,0
S,26003851,dn,7,0,1620,1520,-2296,-904,-17000,31,17,-28,0
S,26008851,dn,7,0,1620,1520,-2352,-920,-16952,35,19,-26,0
S,26013851,dn,7,0,1620,1520,-2160,-936,-16896,41,17,-29,0
S,26018851,dn,7,0,1620,1520,-2432,-1056,-16960,41,13,-28,0
S,26023852,dn,7,0,1620,1520,-2304,-960,-16824,45,15,-29,0
S,26028851,dn,7,0,1620,1520,-2320,-968,-16856,43,20,-29,0
S,26033851,dn,7,0,1620,1520,-2216,-848,-16816,46,24,-26,0
S,26038851,dn,7,0,1620,1520,-1984,-792,-16904,41,24,-29,0
S,26043852,dn,7,0,1620,1520,-2240,-1232,-17008,36,20,-28,0
S,26048852,dn,7,0,1620,1520,-2184,-1112,-16848,33,21,-34,0
E,26048954,dn,8,0,1610,1520,,,,,,,0
S,26049589,dn,8,0,1610,1520,-2296,-976,-17032,32,26,-30,0
S,26054580,dn,8,0,1610,1520,-2424,-936,-16888,31,21,-30,0
S,26059579,dn,8,0,1610,1520,-3456,-1008,-17096,29,40,-30,0
S,26064579,dn,8,0,1610,1520,-3296,-1152,-16936,37,40,-39,0
S,26069579,dn,8,0,1610,1520,-1520,-160,-17112,46,52,-35,0
S,26074579,dn,8,0,1610,1520,-1472,-2040,-16888,48,63,-26,0
S,26079579,dn,8,0,1610,1520,-4856,-920,-16976,50,72,-24,0
S,26084579,dn,8,0,1610,1520,-3488,-1872,-16800,49,102,-32,0
S,26089579,dn,8,0,1610,1520,-1584,1328,-17128,55,115,-23,0
S,26094579,dn,8,0,1610,1520,-2040,-2544,-17000,41,115,-19,0
S,26099578,dn,8,0,1610,1520,-2688,-496,-17096,41,116,-25,0
S,26104579,dn,8,0,1610,1520,-2712,-1048,-16928,24,112,-27,0
S,26109579,dn,8,0,1610,1520,-1696,192,-17256,28,104,-26,0
S,26114579,dn,8,0,1610,1520,-2208,-1648,-16984,16,92,-29,0
S,26119579,dn,8,0,1610,1520,-2256,-616,-17080,25,88,-28,0
S,26124579,dn,8,0,1610,1520,-2360,-912,-16792,38,85,-30,0
S,26129579,dn,8,0,1610,1520,-2152,-976,-16920,49,74,-35,0
S,26134579,dn,8,0,1610,1520,-1952,-792,-17008,58,84,-28,0
S,26139579,dn,8,0,1610,1520,-2840,-640,-17408,55,108,-20,0
S,26144579,dn,8,0,1610,1520,-2064,-1272,-15808,60,92,-37,0
S,26149579,dn,8,0,1610,1520,-2984,-1056,-17992,58,94,-9,0
S,26154579,dn,8,0,1610,1520,-1248,-552,-16416,39,88,-23,0
S,26159579,dn,8,0,1610,1520,-2976,-1080,-17184,19,82,-32,0
S,26164579,dn,8,0,1610,1520,-1960,-968,-16952,15,65,-29,0
S,26169579,dn,8,0,1610,1520,-1984,-1040,-16800,8,50,-33,0
S,26174579,dn,8,0,1610,1520,-2216,-816,-17000,22,40,-25,0
S,26179579,dn,8,0,1610,1520,-1520,-936,-16848,30,29,-30,0
S,26184579,dn,8,0,1610,1520,-2424,-1224,-17016,49,20,-28,0
S,26189579,dn,8,0,1610,1520,-1968,-648,-16944,53,20,-26,0
S,26194579,dn,8,0,1610,1520,-2104,-680,-16856,64,11,-33,0
S,26199579,dn,8,0,1610,1520,-2528,-1312,-16944,64,10,-29,0
S,26204578,dn,8,0,1610,1520,-2088,-1072,-16840,54,11,-33,0
S,26209579,dn,8,0,1610,1520,-2240,-1064,-16960,51,7,-30,0
S,26214579,dn,8,0,1610,1520,-2120,-1144,-16896,33,17,-32,0
S,26219579,dn,8,0,1610,1520,-2152,-968,-16824,26,28,-31,0
S,26224579,dn,8,0,1610,1520,-2176,-680,-17080,22,30,-25,0
S,26229579,dn,8,0,1610,1520,-2160,-936,-16944,25,37,-27,0
S,26234579,dn,8,0,1610,1520,-2272,-808,-16928,23,43,-31,0
S,26239579,dn,8,0,1610,1520,-2072,-944,-17032,42,45,-24,0
S,26244579,dn,8,0,1610,1520,-2024,-1096,-16984,39,38,-28,0
S,26249579,dn,8,0,1610,1520,-1880,-1032,-16968,44,32,-27,0
S,26254579,dn,8,0,1610,1520,-2160,-1032,-17064,46,29,-31,0
S,26259579,dn,8,0,1610,1520,-2192,-792,-16928,45,18,-35,0
S,26264579,dn,8,0,1610,1520,-2184,-928,-17024,44,13,-31,0
S,26269579,dn,8,0,1610,1520,-2152,-720,-17024,36,10,-26,0
S,26274579,dn,8,0,1610,1520,-2056,-1064,-16872,37,11,-33,0
S,26279579,dn,8,0,1610,1520,-2056,-1000,-17040,31,9,-31,0
S,26284579,dn,8,0,1610,1520,-1992,-928,-16880,33,14,-29,0
S,26289579,dn,8,0,1610,1520,-2104,-976,-16960,40,16,-34,0
S,26294579,dn,8,0,1610,1520,-2088,-936,-16904,43,26,-29,0
S,26299579,dn,8,0,1610,1520,-2088,-968,-16968,45,32,-27,0
S,26304579,dn,8,0,1610,1520,-2272,-1112,-17032,42,28,-24,0
S,26309579,dn,8,0,1610,1520,-2192,-960,-16920,39,30,-23,0
S,26314579,dn,8,0,1610,1520,-1928,-992,-16960,38,30,-35,0
S,26319579,dn,8,0,1610,1520,-2320,-1024,-16992,34,27,-27,0
S,26324579,dn,8,0,1610,1520,-2104,-1192,-17040,34,20,-31,0
S,26329579,dn,8,0,1610,1520,-1976,-800,-16920,30,18,-26,0
S,26334579,dn,8,0,1610,1520,-2152,-928,-16872,35,19,-25,0
S,26339579,dn,8,0,1610,1520,-2008,-968,-16960,34,22,-30,0
S,26344579,dn,8,0,1610,1520,-2184,-1040,-17080,39,19,-32,0
S,26349579,dn,8,0,1610,1520,-2120,-1184,-17064,49,23,-30,0
S,26354579,dn,8,0,1610,1520,-2248,-1072,-17032,49,22,-32,0
S,26359579,dn,8,0,1610,1520,-2144,-920,-16952,46,24,-33,0
S,26364579,dn,8,0,1610,1520,-2280,-1176,-16936,38,23,-29,0
S,26369579,dn,8,0,1610,1520,-2024,-920,-16960,37,25,-29,0
S,26374579,dn,8,0,1610,1520,-1992,-1032,-16800,33,20,-34,0
S,26379579,dn,8,0,1610,1520,-2144,-888,-17056,26,17,-26,0
S,26384579,dn,8,0,1610,1520,-2176,-1008,-16976,34,24,-23,0
S,26389579,dn,8,0,1610,1520,-2016,-1008,-16976,31,21,-28,0
S,26394579,dn,8,0,1610,1520,-1976,-1040,-16912,40,26,-24,0
S,26399579,dn,8,0,1610,1520,-2240,-1104,-16800,49,24,-25,0
S,26404579,dn,8,0,1610,1520,-2080,-936,-16984,45,20,-31,0
S,26409579,dn,8,0,1610,1520,-2000,-1008,-16960,49,24,-30,0
S,26414579,dn,8,0,1610,1520,-2216,-1128,-17008,38,21,-26,0
S,26419579,dn,8,0,1610,1520,-2136,-904,-16952,38,24,-29,0
S,26424579,dn,8,0,1610,1520,-2040,-880,-17000,28,15,-27,0
S,26429579,dn,8,0,1610,1520,-2192,-1048,-16960,31,16,-24,0
S,26434579,dn,8,0,1610,1520,-2248,-1032,-16936,30,17,-26,0
S,26439579,dn,8,0,1610,1520,-2176,-1000,-17040,38,22,-33,0
S,26444579,dn,8,0,1610,1520,-2112,-1000,-16960,43,28,-28,0
S,26449579,dn,8,0,1610,1520,-2048,-1216,-16912,41,27,-26,0
S,26454579,dn,8,0,1610,1520,-2176,-912,-17032,43,24,-36,0
S,26459579,dn,8,0,1610,1520,-2120,-1072,-16856,47,23,-23,0
S,26464579,dn,8,0,1610,1520,-2072,-896,-16992,46,20,-34,0
S,26469579,dn,8,0,1610,1520,-2088,-1024,-16984,39,16,-29,0
S,26474579,dn,8,0,1610,1520,-2112,-1000,-16968,29,23,-28,0
S,26479579,dn,8,0,1610,1520,-2072,-832,-16864,32,19,-25,0
S,26484579,dn,8,0,1610,1520,-2216,-880,-16968,35,26,-31,0
S,26489579,dn,8,0,1610,1520,-1928,-1128,-16912,35,26,-34,0
S,26494579,dn,8,0,1610,1520,-1968,-888,-17024,40,29,-24,0
S,26499579,dn,8,0,1610,1520,-2176,-1072,-17040,44,33,-27,0
S,26504579,dn,8,0,1610,1520,-2176,-896,-17064,42,26,-25,0
S,26509579,dn,8,0,1610,1520,-2112,-968,-17008,43,25,-26,0
S,26514579,dn,8,0,1610,1520,-2152,-976,-16928,39,22,-34,0
S,26519579,dn,8,0,1610,1520,-2112,-1024,-16912,33,21,-28,0
S,26524579,dn,8,0,1610,1520,-2088,-968,-16992,31,22,-25,0
S,26529579,dn,8,0,1610,1520,-1984,-1048,-16936,34,17,-26,0
S,26534579,dn,8,0,1610,1520,-1848,-928,-16992,28,24,-21,0
S,26539579,dn,8,0,1610,1520,-2216,-880,-16800,39,23,-32,0
S,26544579,dn,8,0,1610,1520,-2104,-944,-16968,41,23,-27,0
S,26549579,dn,8,0,1610,1520,-2080,-832,-16968,44,27,-27,0
E,26549681,dn,9,0,1600,1520,,,,,,,0
S,26550312,dn,9,0,1600,1520,-2120,-912,-16936,42,33,-22,0
S,26555302,dn,9,0,1600,1520,-2248,-1072,-16912,40,26,-33,0
S,26560301,dn,9,0,1600,1520,-1760,-1064,-16960,38,25,-32,0
S,26565301,dn,9,0,1600,1520,-2120,-272,-17136,32,42,-27,0
S,26570302,dn,9,0,1600,1520,328,136,-16536,36,43,-31,0
S,26575302,dn,9,0,1600,1520,-2216,-3216,-16536,48,54,-21,0
S,26580302,dn,9,0,1600,1520,1944,568,-17256,38,71,-23,0
S,26585302,dn,9,0,1600,1520,-1704,-1096,-16768,52,92,1,0
S,26590301,dn,9,0,1600,1520,-7024,-1632,-16904,49,122,-34,0
S,26595301,dn,9,0,1600,1520,-3504,-872,-16912,57,154,-55,0
S,26600301,dn,9,0,1600,1520,-1288,-1904,-17016,53,159,-22,0
S,26605301,dn,9,0,1600,1520,-680,-2000,-16528,22,186,-55,0
S,26610302,dn,9,0,1600,1520,-3008,-1528,-17160,21,191,-48,0
S,26615301,dn,9,0,1600,1520,-3448,-328,-16632,34,192,-28,0
S,26620301,dn,9,0,1600,1520,-1320,-648,-17432,22,198,-39,0
S,26625301,dn,9,0,1600,1520,-2592,-1376,-16992,16,220,-36,0
S,26630301,dn,9,0,1600,1520,-2448,-960,-16488,38,206,-42,0
S,26635301,dn,9,0,1600,1520,-1928,-656,-17296,40,197,-36,0
S,26640301,dn,9,0,1600,1520,-1376,-1040,-16952,36,190,-37,0
S,26645301,dn,9,0,1600,1520,-2448,-1272,-16840,34,170,-32,0
S,26650302,dn,9,0,1600,1520,-1928,-936,-16824,35,134,-32,0
S,26655302,dn,9,0,1600,1520,-1968,-864,-17136,20,103,-27,0
S,26660301,dn,9,0,1600,1520,-1928,-968,-17000,19,59,-30,0
S,26665301,dn,9,0,1600,1520,-2048,-952,-17080,19,17,-29,0
S,26670301,dn,9,0,1600,1520,-1928,-984,-17048,23,-18,-27,0
S,26675301,dn,9,0,1600,1520,-1880,-1040,-16960,28,-34,-22,0
S,26680301,dn,9,0,1600,1520,-1944,-1120,-16968,44,-52,-24,0
S,26685301,dn,9,0,1600,1520,-2016,-1104,-16944,61,-49,-26,0
S,26690301,dn,9,0,1600,1520,-1920,-1128,-16888,64,-37,-34,0
S,26695301,dn,9,0,1600,1520,-1728,-968,-16904,78,-22,-26,0
S,26700301,dn,9,0,1600,1520,-2048,-1096,-16872,64,10,-29,0
S,26705301,dn,9,0,1600,1520,-1872,-992,-16976,54,32,-32,0
S,26710302,dn,9,0,1600,1520,-1904,-952,-16864,35,56,-22,0
S,26715301,dn,9,0,1600,1520,-1952,-1000,-16928,24,69,-29,0
S,26720301,dn,9,0,1600,1520,-1896,-1040,-16968,5,68,-27,0
S,26725302,dn,9,0,1600,1520,-1832,-952,-17016,1,64,-32,0
S,26730301,dn,9,0,1600,1520,-1888,-936,-16928,6,55,-31,0
S,26735301,dn,9,0,1600,1520,-1952,-1136,-16880,19,41,-30,0
S,26740302,dn,9,0,1600,1520,-1704,-1008,-17048,35,22,-31,0
S,26745302,dn,9,0,1600,1520,-1888,-1120,-16880,49,15,-29,0
S,26750301,dn,9,0,1600,1520,-1864,-1096,-16960,69,0,-32,0
S,26755301,dn,9,0,1600,1520,-1856,-928,-17048,72,-7,-31,0
S,26760301,dn,9,0,1600,1520,-1904,-1016,-16968,63,-12,-27,0
S,26765301,dn,9,0,1600,1520,-1824,-928,-16896,57,-5,-25,0
S,26770301,dn,9,0,1600,1520,-1984,-896,-16952,41,-4,-29,0
S,26775302,dn,9,0,1600,1520,-1888,-976,-17008,30,11,-27,0
S,26780301,dn,9,0,1600,1520,-2000,-1152,-16952,19,26,-28,0
S,26785301,dn,9,0,1600,1520,-1736,-1016,-16896,20,42,-28,0
S,26790301,dn,9,0,1600,1520,-1928,-1000,-17072,16,48,-29,0
S,26795301,dn,9,0,1600,1520,-1920,-960,-17024,28,53,-29,0
S,26800302,dn,9,0,1600,1520,-1928,-1136,-16880,37,55,-26,0
S,26805302,dn,9,0,1600,1520,-1928,-952,-16960,38,49,-30,0
S,26810302,dn,9,0,1600,1520,-1824,-936,-17088,47,35,-30,0
S,26815301,dn,9,0,1600,1520,-1920,-968,-17032,53,22,-33,0
S,26820301,dn,9,0,1600,1520,-1904,-1048,-17056,49,11,-32,0
S,26825301,dn,9,0,1600,1520,-1912,-960,-16944,39,-8,-29,0
S,26830302,dn,9,0,1600,1520,-1968,-1128,-16864,40,-12,-29,0
S,26835301,dn,9,0,1600,1520,-2000,-968,-17024,38,-8,-25,0
S,26840301,dn,9,0,1600,1520,-1832,-1040,-16960,41,3,-26,0
S,26845302,dn,9,0,1600,1520,-1936,-1008,-16984,39,13,-24,0
S,26850301,dn,9,0,1600,1520,-1968,-1104,-17072,40,27,-26,0
S,26855301,dn,9,0,1600,1520,-1984,-1040,-17024,43,31,-31,0
S,26860301,dn,9,0,1600,1520,-2024,-960,-16936,43,41,-28,0
S,26865302,dn,9,0,1600,1520,-1960,-968,-16936,31,45,-31,0
S,26870301,dn,9,0,1600,1520,-1952,-1040,-16952,27,39,-28,0
S,26875301,dn,9,0,1600,1520,-2024,-920,-17008,28,36,-30,0
S,26880301,dn,9,0,1600,1520,-1928,-1048,-17112,23,31,-30,0
S,26885301,dn,9,0,1600,1520,-1840,-1080,-17000,30,19,-24,0
S,26890301,dn,9,0,1600,1520,-1864,-960,-16952,34,14,-28,0
S,26895301,dn,9,0,1600,1520,-1904,-1056,-16928,41,13,-29,0
S,26900301,dn,9,0,1600,1520,-1888,-1144,-17016,52,11,-25,0
S,26905301,dn,9,0,1600,1520,-1848,-864,-16976,56,4,-35,0
S,26910301,dn,9,0,1600,1520,-1872,-1032,-16968,52,8,-33,0
S,26915301,dn,9,0,1600,1520,-1880,-944,-17088,54,13,-27,0
S,26920302,dn,9,0,1600,1520,-1952,-936,-17032,41,17,-27,0
S,26925302,dn,9,0,1600,1520,-1808,-1056,-17016,38,28,-35,0
S,26930301,dn,9,0,1600,1520,-1992,-1112,-16960,31,34,-28,0
S,26935302,dn,9,0,1600,1520,-1936,-1008,-17080,23,32,-31,0
S,26940301,dn,9,0,1600,1520,-1984,-1064,-16992,31,32,-25,0
S,26945302,dn,9,0,1600,1520,-2032,-1080,-17040,36,37,-30,0
S,26950302,dn,9,0,1600,1520,-1912,-912,-17072,41,29,-26,0
S,26955301,dn,9,0,1600,1520,-1944,-952,-17056,39,25,-31,0
S,26960301,dn,9,0,1600,1520,-1760,-944,-17128,44,20,-30,0
S,26965301,dn,9,0,1600,1520,-2000,-880,-17080,46,19,-31,0
S,26970301,dn,9,0,1600,1520,-2192,-1000,-16896,54,22,-26,0
S,26975301,dn,9,0,1600,1520,-1872,-1112,-16968,49,19,-26,0
S,26980301,dn,9,0,1600,1520,-1856,-800,-17008,40,18,-32,0
S,26985301,dn,9,0,1600,1520,-1936,-1032,-16848,31,16,-23,0
S,26990301,dn,9,0,1600,1520,-1952,-1032,-17032,25,19,-29,0
S,26995301,dn,9,0,1600,1520,-1896,-992,-17016,29,19,-30,0
S,27000301,dn,9,0,1600,1520,-1984,-968,-17072,30,20,-29,0
S,27005302,dn,9,0,1600,1520,-2000,-1016,-16968,32,18,-29,0
S,27010302,dn,9,0,1600,1520,-1944,-1032,-16952,43,24,-27,0
S,27015301,dn,9,0,1600,1520,-1944,-880,-17080,47,28,-29,0
S,27020301,dn,9,0,1600,1520,-1920,-1008,-16960,46,22,-31,0
S,27025302,dn,9,0,1600,1520,-1832,-904,-16888,47,24,-34,0
S,27030302,dn,9,0,1600,1520,-2208,-1040,-17048,44,27,-34,0
S,27035302,dn,9,0,1600,1520,-1928,-1128,-16856,41,25,-31,0
S,27040302,dn,9,0,1600,1520,-1720,-984,-17096,41,29,-27,0
S,27045301,dn,9,0,1600,1520,-2056,-1016,-16888,29,30,-31,0
S,27050301,dn,9,0,1600,1520,-1960,-776,-17016,31,26,-32,0
E,27050403,dn,10,0,1590,1520,,,,,,,0
S,27051038,dn,10,0,1590,1520,-2024,-872,-17000,27,23,-28,0
S,27056028,dn,10,0,1590,1520,-1920,-896,-17000,35,22,-24,0
S,27061027,dn,10,0,1590,1520,-728,-808,-17040,29,16,-26,0
S,27066027,dn,10,0,1590,1520,-760,-1296,-16912,33,28,-31,0
S,27071026,dn,10,0,1590,1520,-1336,-536,-16560,47,34,-30,0
S,27076026,dn,10,0,1590,1520,-2488,-3944,-16656,57,54,-31,0
S,27081026,dn,10,0,1590,1520,960,136,-17296,57,58,4,0
S,27086026,dn,10,0,1590,1520,-5680,-2112,-16864,55,75,-20,0
S,27091027,dn,10,0,1590,1520,-2624,264,-17320,45,104,-53,0
S,27096027,dn,10,0,1590,1520,-552,136,-17184,42,112,-39,0
S,27101027,dn,10,0,1590,1520,-2600,-2464,-16816,30,117,-37,0
S,27106026,dn,10,0,1590,1520,-1096,-1000,-16944,21,126,-38,0
S,27111026,dn,10,0,1590,1520,-1440,176,-16960,26,127,-27,0
S,27116026,dn,10,0,1590,1520,-2152,-1688,-17056,28,132,-30,0
S,27121026,dn,10,0,1590,1520,-1304,-488,-17072,26,156,-26,0
S,27126026,dn,10,0,1590,1520,-1848,-1224,-16464,42,143,-38,0
S,27131026,dn,10,0,1590,1520,-1936,-1344,-17520,60,153,-31,0
S,27136027,dn,10,0,1590,1520,-1840,-832,-16680,56,144,-27,0
S,27141026,dn,10,0,1590,1520,-2320,-968,-17288,47,143,-34,0
S,27146027,dn,10,0,1590,1520,-2048,-1032,-16928,45,128,-31,0
S,27151026,dn,10,0,1590,1520,-2096,-968,-17008,34,96,-35,0
S,27156026,dn,10,0,1590,1520,-1928,-944,-16968,20,74,-27,0
S,27161027,dn,10,0,1590,1520,-1752,-800,-17192,12,42,-30,0
S,27166027,dn,10,0,1590,1520,-1912,-1088,-17032,10,20,-28,0
S,27171027,dn,10,0,1590,1520,-1760,-1176,-16936,25,-8,-31,0
S,27176027,dn,10,0,1590,1520,-1600,-992,-17040,42,-20,-29,0
S,27181026,dn,10,0,1590,1520,-1792,-1128,-16896,56,-24,-26,0
S,27186027,dn,10,0,1590,1520,-1872,-1088,-16984,68,-17,-29,0
S,27191026,dn,10,0,1590,1520,-1712,-872,-16992,72,0,-32,0
S,27196026,dn,10,0,1590,1520,-1704,-936,-17048,67,17,-33,0
S,27201026,dn,10,0,1590,1520,-1968,-984,-16920,56,28,-31,0
S,27206026,dn,10,0,1590,1520,-1776,-968,-17040,44,29,-31,0
S,27211026,dn,10,0,1590,1520,-1928,-1048,-17008,24,40,-25,0
S,27216026,dn,10,0,1590,1520,-1776,-936,-16976,8,46,-26,0
S,27221026,dn,10,0,1590,1520,-1912,-1040,-17008,7,50,-29,0
S,27226027,dn,10,0,1590,1520,-1768,-976,-17008,7,46,-28,0
S,27231026,dn,10,0,1590,1520,-1688,-1000,-17056,13,31,-29,0
S,27236026,dn,10,0,1590,1520,-1768,-872,-17120,35,33,-31,0
S,27241026,dn,10,0,1590,1520,-1840,-1032,-16992,56,24,-29,0
S,27246026,dn,10,0,1590,1520,-1912,-1080,-17016,62,9,-31,0
S,27251026,dn,10,0,1590,1520,-1896,-1048,-16976,60,6,-27,0
S,27256026,dn,10,0,1590,1520,-1768,-1040,-16984,60,-2,-31,0
S,27261027,dn,10,0,1590,1520,-1712,-984,-16984,51,2,-29,0
S,27266027,dn,10,0,1590,1520,-1808,-984,-17088,45,3,-22,0
S,27271027,dn,10,0,1590,1520,-1904,-1040,-16864,26,2,-29,0
S,27276026,dn,10,0,1590,1520,-1552,-840,-17120,24,25,-31,0
S,27281026,dn,10,0,1590,1520,-1920,-1048,-16984,27,33,-27,0
S,27286026,dn,10,0,1590,1520,-1800,-1064,-17024,30,37,-27,0
S,27291027,dn,10,0,1590,1520,-1744,-992,-17136,39,42,-27,0
S,27296026,dn,10,0,1590,1520,-1744,-984,-16936,43,49,-27,0
S,27301026,dn,10,0,1590,1520,-1800,-776,-16968,45,36,-30,0
S,27306026,dn,10,0,1590,1520,-1560,-968,-17048,42,26,-32,0
S,27311027,dn,10,0,1590,1520,-1672,-1024,-16984,40,22,-33,0
S,27316026,dn,10,0,1590,1520,-1952,-1072,-16880,39,15,-35,0
S,27321027,dn,10,0,1590,1520,-1808,-920,-17048,33,7,-35,0
S,27326027,dn,10,0,1590,1520,-1920,-1056,-16984,30,4,-29,0
S,27331026,dn,10,0,1590,1520,-1864,-960,-16904,33,4,-32,0
S,27336027,dn,10,0,1590,1520,-2008,-1152,-17032,40,6,-26,0
S,27341027,dn,10,0,1590,1520,-1720,-1000,-16840,40,15,-32,0
S,27346026,dn,10,0,1590,1520,-1920,-1256,-16976,40,21,-32,0
S,27351026,dn,10,0,1590,1520,-1704,-944,-16944,46,31,-34,0
S,27356027,dn,10,0,1590,1520,-2032,-1112,-17040,36,40,-27,0
S,27361026,dn,10,0,1590,1520,-1856,-1016,-17000,38,38,-25,0
S,27366026,dn,10,0,1590,1520,-1824,-944,-17160,37,32,-29,0
S,27371026,dn,10,0,1590,1520,-1680,-1184,-17000,30,32,-27,0
S,27376026,dn,10,0,1590,1520,-1824,-1008,-16968,22,24,-26,0
S,27381027,dn,10,0,1590,1520,-1968,-944,-16920,36,23,-29,0
S,27386027,dn,10,0,1590,1520,-1784,-1024,-17112,37,21,-26,0
S,27391026,dn,10,0,1590,1520,-1680,-944,-17096,42,11,-23,0
S,27396026,dn,10,0,1590,1520,-1800,-1104,-17008,51,13,-29,0
S,27401026,dn,10,0,1590,1520,-1784,-976,-16968,44,13,-31,0
S,27406026,dn,10,0,1590,1520,-1504,-1248,-16968,50,18,-36,0
S,27411026,dn,10,0,1590,1520,-1744,-1128,-16912,39,21,-23,0
S,27416027,dn,10,0,1590,1520,-1984,-944,-17032,36,20,-23,0
S,27421027,dn,10,0,1590,1520,-1848,-824,-17008,32,22,-29,0
S,27426026,dn,10,0,1590,1520,-1872,-976,-17000,27,30,-31,0
S,27431027,dn,10,0,1590,1520,-1904,-1232,-17000,26,27,-31,0
S,27436027,dn,10,0,1590,1520,-1832,-1040,-16976,35,29,-25,0
S,27441026,dn,10,0,1590,1520,-1720,-792,-17104,35,35,-28,0
S,27446026,dn,10,0,1590,1520,-1960,-776,-17008,40,33,-29,0
S,27451026,dn,10,0,1590,1520,-1744,-1080,-17112,45,24,-29,0
S,27456027,dn,10,0,1590,1520,-1536,-896,-17096,42,23,-30,0
S,27461027,dn,10,0,1590,1520,-1712,-1104,-17088,38,20,-33,0
S,27466026,dn,10,0,1590,1520,-1816,-912,-17024,39,17,-29,0
S,27471026,dn,10,0,1590,1520,-1848,-960,-17080,35,15,-29,0
S,27476026,dn,10,0,1590,1520,-1744,-920,-16896,39,11,-22,0
S,27481027,dn,10,0,1590,1520,-1712,-976,-17136,34,14,-28,0
S,27486027,dn,10,0,1590,1520,-1856,-1088,-17040,36,17,-30,0
S,27491026,dn,10,0,1590,1520,-1576,-984,-16944,42,28,-34,0
S,27496026,dn,10,0,1590,1520,-1736,-1048,-17096,41,28,-24,0
S,27501026,dn,10,0,1590,1520,-1992,-912,-16872,45,31,-27,0
S,27506026,dn,10,0,1590,1520,-1888,-904,-17080,40,35,-30,0
S,27511026,dn,10,0,1590,1520,-1888,-896,-17064,43,32,-32,0
S,27516027,dn,10,0,1590,1520,-1824,-1096,-17112,36,31,-30,0
S,27521026,dn,10,0,1590,1520,-1712,-1112,-16944,32,27,-27,0
S,27526026,dn,10,0,1590,1520,-1744,-1040,-16976,29,15,-25,0
S,27531026,dn,10,0,1590,1520,-1896,-920,-17048,34,18,-28,0
S,27536026,dn,10,0,1590,1520,-1752,-936,-17088,36,18,-29,0
S,27541027,dn,10,0,1590,1520,-1856,-1152,-16960,46,15,-29,0
S,27546027,dn,10,0,1590,1520,-1696,-984,-16936,45,24,-34,0
S,27551026,dn,10,0,1590,1520,-1832,-984,-17008,47,24,-25,0
E,27551130,dn,11,0,1580,1520,,,,,,,0
S,27551766,dn,11,0,1580,1520,-1848,-1152,-16960,43,20,-30,0
S,27556758,dn,11,0,1580,1520,-1864,-1008,-16912,45,27,-32,0
S,27561756,dn,11,0,1580,1520,-1192,-1304,-16888,42,32,-23,0
S,27566757,dn,11,0,1580,1520,-816,-1200,-16840,35,42,-30,0
S,27571756,dn,11,0,1580,1520,-1440,-856,-16968,37,59,-22,0
S,27576757,dn,11,0,1580,1520,-1880,-1192,-17208,39,104,-29,0
S,27581756,dn,11,0,1580,1520,-2584,-528,-17296,44,148,-41,0
S,27586756,dn,11,0,1580,1520,-2728,-1960,-16576,61,153,-30,0
S,27591757,dn,11,0,1580,1520,-1208,-2352,-17216,54,185,-33,0
S,27596757,dn,11,0,1580,1520,-1704,-440,-16744,36,214,-43,0
S,27601756,dn,11,0,1580,1520,-4432,-912,-17280,32,233,-27,0
S,27606756,dn,11,0,1580,1520,-1544,-1360,-16256,36,221,-29,0
S,27611757,dn,11,0,1580,1520,-2048,-1760,-17256,13,209,-51,0
S,27616756,dn,11,0,1580,1520,-2920,-536,-17056,4,197,-36,0
S,27621756,dn,11,0,1580,1520,-1896,-2272,-16440,2,164,-53,0
S,27626757,dn,11,0,1580,1520,-1088,-1720,-17240,5,122,-36,0
S,27631756,dn,11,0,1580,1520,-1184,-1336,-17064,4,95,-34,0
S,27636756,dn,11,0,1580,1520,-2064,-1096,-17064,27,60,-21,0
S,27641756,dn,11,0,1580,1520,-1600,-1008,-17232,46,40,-29,0
S,27646756,dn,11,0,1580,1520,-1872,-1552,-17064,63,29,-30,0
S,27651757,dn,11,0,1580,1520,-2016,-760,-17008,74,15,-30,0
S,27656757,dn,11,0,1580,1520,-1808,-976,-16944,80,13,-30,0
S,27661756,dn,11,0,1580,1520,-1672,-912,-17104,72,14,-28,0
S,27666757,dn,11,0,1580,1520,-1608,-1000,-16992,49,6,-30,0
S,27671757,dn,11,0,1580,1520,-1632,-984,-16960,28,8,-26,0
S,27676757,dn,11,0,1580,1520,-1688,-984,-17032,15,8,-24,0
S,27681757,dn,11,0,1580,1520,-1440,-1000,-17016,10,12,-24,0
S,27686757,dn,11,0,1580,1520,-1656,-1048,-17152,7,20,-22,0
S,27691756,dn,11,0,1580,1520,-1744,-976,-16984,25,32,-31,0
S,27696756,dn,11,0,1580,1520,-1608,-872,-16936,38,37,-35,0
S,27701757,dn,11,0,1580,1520,-1872,-1192,-17056,48,41,-33,0
S,27706756,dn,11,0,1580,1520,-1384,-976,-16976,59,41,-34,0
S,27711756,dn,11,0,1580,1520,-1360,-856,-17080,57,41,-37,0
S,27716757,dn,11,0,1580,1520,-1528,-936,-16920,54,28,-32,0
S,27721757,dn,11,0,1580,1520,-1816,-912,-17008,39,22,-34,0
S,27726757,dn,11,0,1580,1520,-1664,-1208,-17048,29,8,-27,0
S,27731756,dn,11,0,1580,1520,-1560,-1008,-17056,21,4,-25,0
S,27736757,dn,11,0,1580,1520,-1656,-1008,-17080,26,6,-26,0
S,27741757,dn,11,0,1580,1520,-1656,-1000,-16968,24,9,-33,0
S,27746756,dn,11,0,1580,1520,-1600,-1080,-17048,36,16,-29,0
S,27751756,dn,11,0,1580,1520,-1888,-984,-16936,48,25,-30,0
S,27756756,dn,11,0,1580,1520,-1376,-824,-17040,52,34,-36,0
S,27761757,dn,11,0,1580,1520,-1552,-920,-17048,59,44,-25,0
S,27766756,dn,11,0,1580,1520,-1720,-1024,-17136,50,38,-31,0
S,27771756,dn,11,0,1580,1520,-1664,-840,-17024,41,35,-31,0
S,27776757,dn,11,0,1580,1520,-1616,-1120,-16888,34,26,-28,0
S,27781756,dn,11,0,1580,1520,-1688,-1008,-17080,19,22,-30,0
S,27786757,dn,11,0,1580,1520,-1552,-1080,-16880,19,16,-25,0
S,27791757,dn,11,0,1580,1520,-1600,-976,-16944,27,10,-31,0
S,27796757,dn,11,0,1580,1520,-1608,-1032,-17176,35,16,-26,0
S,27801757,dn,11,0,1580,1520,-1760,-992,-17048,50,19,-29,0
S,27806756,dn,11,0,1580,1520,-1880,-1336,-16960,62,22,-34,0
S,27811756,dn,11,0,1580,1520,-1424,-792,-17200,60,20,-33,0
S,27816757,dn,11,0,1580,1520,-1488,-968,-16936,51,25,-27,0
S,27821756,dn,11,0,1580,1520,-1712,-968,-17024,43,18,-32,0
S,27826757,dn,11,0,1580,1520,-1896,-912,-17112,32,20,-31,0
S,27831757,dn,11,0,1580,1520,-1448,-904,-17064,26,23,-28,0
S,27836757,dn,11,0,1580,1520,-1664,-1136,-16880,18,20,-26,0
S,27841756,dn,11,0,1580,1520,-1648,-1016,-17008,20,29,-27,0
S,27846757,dn,11,0,1580,1520,-1432,-1008,-16976,28,23,-33,0
S,27851757,dn,11,0,1580,1520,-1744,-1232,-17008,37,31,-25,0
S,27856757,dn,11,0,1580,1520,-1296,-1136,-16944,48,30,-29,0
S,27861757,dn,11,0,1580,1520,-1672,-904,-17040,51,27,-29,0
S,27866756,dn,11,0,1580,1520,-1592,-1000,-16976,51,29,-30,0
S,27871757,dn,11,0,1580,1520,-1640,-880,-17120,40,27,-27,0
S,27876756,dn,11,0,1580,1520,-1608,-952,-17016,34,18,-28,0
S,27881757,dn,11,0,1580,1520,-1504,-1000,-17096,21,11,-29,0
S,27886757,dn,11,0,1580,1520,-1656,-1096,-16984,23,14,-32,0
S,27891757,dn,11,0,1580,1520,-1568,-1016,-17104,33,12,-23,0
S,27896756,dn,11,0,1580,1520,-1744,-1216,-16968,39,20,-29,0
S,27901756,dn,11,0,1580,1520,-1704,-1096,-17112,42,25,-33,0
S,27906757,dn,11,0,1580,1520,-1448,-1136,-17112,51,27,-28,0
S,27911757,dn,11,0,1580,1520,-1544,-1040,-16920,51,34,-25,0
S,27916756,dn,11,0,1580,1520,-1848,-1080,-16920,42,29,-31,0
S,27921757,dn,11,0,1580,1520,-1664,-896,-17096,37,33,-27,0
S,27926757,dn,11,0,1580,1520,-1840,-1168,-17032,33,22,-22,0
S,27931756,dn,11,0,1580,1520,-1720,-1192,-17048,28,16,-31,0
S,27936757,dn,11,0,1580,1520,-1432,-872,-16984,25,21,-29,0
S,27941756,dn,11,0,1580,1520,-1744,-1168,-16936,30,18,-36,0
S,27946757,dn,11,0,1580,1520,-1456,-1032,-17104,36,25,-27,0
S,27951757,dn,11,0,1580,1520,-1496,-1008,-17112,43,22,-31,0
S,27956757,dn,11,0,1580,1520,-1800,-1024,-16928,51,25,-32,0
S,27961757,dn,11,0,1580,1520,-1680,-680,-17008,50,28,-24,0
S,27966757,dn,11,0,1580,1520,-1632,-1080,-16968,46,28,-28,0
S,27971757,dn,11,0,1580,1520,-1600,-1136,-17120,38,20,-31,0
S,27976757,dn,11,0,1580,1520,-1680,-1040,-16928,34,19,-23,0
S,27981757,dn,11,0,1580,1520,-1696,-1080,-17008,22,15,-26,0
S,27986757,dn,11,0,1580,1520,-1648,-1024,-17008,24,21,-33,0
S,27991757,dn,11,0,1580,1520,-1472,-992,-17072,28,24,-34,0
S,27996756,dn,11,0,1580,1520,-1560,-1056,-17120,35,25,-31,0
S,28001757,dn,11,0,1580,1520,-1528,-1136,-16992,43,26,-28,0
S,28006757,dn,11,0,1580,1520,-1496,-1160,-16960,47,28,-29,0
S,28011757,dn,11,0,1580,1520,-1560,-896,-17000,50,24,-28,0
S,28016757,dn,11,0,1580,1520,-1704,-1192,-17016,45,27,-32,0
S,28021757,dn,11,0,1580,1520,-1560,-936,-17056,39,19,-30,0
S,28026756,dn,11,0,1580,1520,-1552,-728,-16968,31,16,-28,0
S,28031757,dn,11,0,1580,1520,-1744,-984,-17048,34,17,-24,0
S,28036756,dn,11,0,1580,1520,-1600,-896,-17104,29,15,-27,0
S,28041757,dn,11,0,1580,1520,-1616,-936,-17072,35,19,-26,0
S,28046756,dn,11,0,1580,1520,-1616,-848,-17072,37,24,-28,0
S,28051757,dn,11,0,1580,1520,-1624,-1104,-17072,42,26,-28,0
E,28051861,dn,12,0,1570,1520,,,,,,,0
S,28052492,dn,12,0,1570,1520,-1624,-1104,-17072,45,29,-28,0
S,28057484,dn,12,0,1570,1520,-1592,-1072,-16992,43,34,-28,0
S,28062482,dn,12,0,1570,1520,-1376,-1184,-16936,48,28,-28,0
S,28067482,dn,12,0,1570,1520,-3880,-720,-17520,41,38,-28,0
S,28072482,dn,12,0,1570,1520,-688,152,-16640,39,40,-26,0
S,28077483,dn,12,0,1570,1520,-2720,-2032,-17192,39,40,-31,0
S,28082482,dn,12,0,1570,1520,-1424,-1264,-17064,29,57,-34,0
S,28087482,dn,12,0,1570,1520,-3928,-1968,-16984,36,77,-41,0
S,28092483,dn,12,0,1570,1520,-1336,304,-16832,55,78,-29,0
S,28097483,dn,12,0,1570,1520,-864,-2864,-17080,48,84,-28,0
S,28102482,dn,12,0,1570,1520,-1424,-656,-17216,35,104,-28,0
S,28107483,dn,12,0,1570,1520,-1912,-936,-16760,40,111,-32,0
S,28112483,dn,12,0,1570,1520,-1744,-624,-17080,49,122,-29,0
S,28117483,dn,12,0,1570,1520,-1912,-832,-18040,38,163,-3,0
S,28122483,dn,12,0,1570,1520,-1232,-776,-15976,46,166,-25,0
S,28127483,dn,12,0,1570,1520,-2640,-1112,-17776,50,166,-33,0
S,28132482,dn,12,0,1570,1520,-800,-504,-16624,40,184,-27,0
S,28137483,dn,12,0,1570,1520,-1936,-1240,-17248,27,170,-37,0
S,28142483,dn,12,0,1570,1520,-1552,-952,-16848,17,158,-34,0
S,28147483,dn,12,0,1570,1520,-1552,-832,-17240,7,135,-32,0
S,28152482,dn,12,0,1570,1520,-1456,-976,-16968,9,120,-29,0
S,28157483,dn,12,0,1570,1520,-1736,-1048,-17080,15,89,-35,0
S,28162483,dn,12,0,1570,1520,-1640,-1216,-17160,21,67,-28,0
S,28167483,dn,12,0,1570,1520,-1328,-928,-17008,43,41,-33,0
S,28172483,dn,12,0,1570,1520,-1600,-984,-17056,53,24,-36,0
S,28177482,dn,12,0,1570,1520,-1592,-960,-17096,61,12,-28,0
S,28182483,dn,12,0,1570,1520,-1576,-848,-17024,68,3,-31,0
S,28187483,dn,12,0,1570,1520,-1672,-1048,-17144,64,0,-30,0
S,28192482,dn,12,0,1570,1520,-1496,-904,-17144,48,-8,-30,0
S,28197482,dn,12,0,1570,1520,-1320,-944,-16936,39,-3,-28,0
S,28202482,dn,12,0,1570,1520,-1480,-896,-16888,28,7,-30,0
S,28207482,dn,12,0,1570,1520,-1368,-1072,-16992,26,25,-27,0
S,28212483,dn,12,0,1570,1520,-1472,-952,-17016,25,34,-34,0
S,28217482,dn,12,0,1570,1520,-1360,-1112,-17008,32,44,-30,0
S,28222482,dn,12,0,1570,1520,-1528,-976,-17048,33,51,-36,0
S,28227483,dn,12,0,1570,1520,-1208,-904,-16952,37,48,-25,0
S,28232483,dn,12,0,1570,1520,-1640,-816,-17128,40,42,-32,0
S,28237482,dn,12,0,1570,1520,-1624,-1080,-16968,41,37,-26,0
S,28242483,dn,12,0,1570,1520,-1520,-1008,-17064,39,27,-27,0
S,28247483,dn,12,0,1570,1520,-1616,-928,-16984,40,19,-34,0
S,28252482,dn,12,0,1570,1520,-1400,-896,-17008,31,6,-32,0
S,28257483,dn,12,0,1570,1520,-1352,-1152,-17024,38,-2,-29,0
S,28262483,dn,12,0,1570,1520,-1368,-1136,-17000,35,2,-29,0
S,28267483,dn,12,0,1570,1520,-1400,-1136,-17024,43,10,-27,0
S,28272482,dn,12,0,1570,1520,-1536,-1048,-16968,47,18,-32,0
S,28277482,dn,12,0,1570,1520,-1632,-1000,-17144,52,23,-29,0
S,28282482,dn,12,0,1570,1520,-1384,-920,-16968,39,26,-27,0
S,28287483,dn,12,0,1570,1520,-1440,-1088,-16952,36,36,-37,0
S,28292482,dn,12,0,1570,1520,-1712,-968,-16936,30,39,-33,0
S,28297483,dn,12,0,1570,1520,-1432,-1064,-17072,30,33,-32,0
S,28302482,dn,12,0,1570,1520,-1656,-928,-17072,23,34,-23,0
S,28307483,dn,12,0,1570,1520,-1432,-880,-17112,28,25,-27,0
S,28312483,dn,12,0,1570,1520,-1736,-1056,-16984,32,21,-31,0
S,28317483,dn,12,0,1570,1520,-1576,-1040,-17008,44,22,-28,0
S,28322482,dn,12,0,1570,1520,-1592,-1024,-17096,46,20,-24,0
S,28327483,dn,12,0,1570,1520,-1472,-928,-17064,48,15,-31,0
S,28332483,dn,12,0,1570,1520,-1560,-952,-17032,45,15,-28,0
S,28337483,dn,12,0,1570,1520,-1544,-968,-16952,40,10,-21,0
S,28342483,dn,12,0,1570,1520,-1416,-872,-17104,38,16,-31,0
S,28347482,dn,12,0,1570,1520,-1408,-912,-16968,35,22,-26,0
S,28352482,dn,12,0,1570,1520,-1480,-1000,-17088,37,22,-26,0
S,28357483,dn,12,0,1570,1520,-1384,-1008,-17064,37,28,-25,0
S,28362482,dn,12,0,1570,1520,-1696,-1048,-16968,33,34,-29,0
S,28367483,dn,12,0,1570,1520,-1368,-1080,-17096,38,36,-30,0
S,28372483,dn,12,0,1570,1520,-1552,-1016,-17024,38,38,-29,0
S,28377483,dn,12,0,1570,1520,-1352,-1096,-17120,34,36,-24,0
S,28382482,dn,12,0,1570,1520,-1456,-992,-16912,38,29,-32,0
S,28387483,dn,12,0,1570,1520,-1304,-960,-17056,33,20,-29,0
S,28392483,dn,12,0,1570,1520,-1512,-984,-17176,36,17,-23,0
S,28397482,dn,12,0,1570,1520,-1536,-864,-16936,42,20,-26,0
S,28402482,dn,12,0,1570,1520,-1496,-936,-16992,37,13,-30,0
S,28407483,dn,12,0,1570,1520,-1512,-920,-17056,38,14,-32,0
S,28412483,dn,12,0,1570,1520,-1528,-984,-17056,38,12,-28,0
S,28417482,dn,12,0,1570,1520,-1352,-968,-17112,42,23,-27,0
S,28422482,dn,12,0,1570,1520,-1632,-808,-17016,41,18,-38,0
S,28427482,dn,12,0,1570,1520,-1552,-1024,-16976,38,27,-32,0
S,28432482,dn,12,0,1570,1520,-1504,-976,-17024,36,26,-33,0
S,28437483,dn,12,0,1570,1520,-1528,-1000,-17056,34,31,-24,0
S,28442482,dn,12,0,1570,1520,-1568,-840,-17096,38,31,-31,0
S,28447482,dn,12,0,1570,1520,-1480,-920,-17056,33,26,-26,0
S,28452482,dn,12,0,1570,1520,-1376,-1016,-17064,32,23,-27,0
S,28457482,dn,12,0,1570,1520,-1704,-904,-17176,37,12,-23,0
S,28462482,dn,12,0,1570,1520,-1616,-936,-16936,37,20,-36,0
S,28467483,dn,12,0,1570,1520,-1592,-968,-17192,47,21,-33,0
S,28472483,dn,12,0,1570,1520,-1512,-984,-16968,44,21,-26,0
S,28477482,dn,12,0,1570,1520,-1400,-952,-16944,44,16,-32,0
S,28482483,dn,12,0,1570,1520,-1504,-1104,-17080,43,14,-27,0
S,28487483,dn,12,0,1570,1520,-1304,-888,-16968,43,16,-28,0
S,28492483,dn,12,0,1570,1520,-1352,-1120,-16968,32,22,-28,0
S,28497483,dn,12,0,1570,1520,-1512,-1000,-17000,35,20,-25,0
S,28502482,dn,12,0,1570,1520,-1200,-1016,-17024,32,26,-27,0
S,28507483,dn,12,0,1570,1520,-1344,-912,-17120,38,24,-25,0
S,28512483,dn,12,0,1570,1520,-1416,-936,-17048,36,33,-32,0
S,28517482,dn,12,0,1570,1520,-1560,-1072,-16864,45,32,-31,0
S,28522483,dn,12,0,1570,1520,-1376,-1088,-17128,41,37,-29,0
S,28527483,dn,12,0,1570,1520,-1136,-888,-16928,43,30,-33,0
S,28532483,dn,12,0,1570,1520,-1440,-1008,-17056,44,24,-28,0
S,28537483,dn,12,0,1570,1520,-1616,-880,-17048,35,19,-27,0
S,28542483,dn,12,0,1570,1520,-1376,-792,-17048,40,16,-26,0
S,28547483,dn,12,0,1570,1520,-1256,-968,-17000,39,13,-25,0
S,28552482,dn,12,0,1570,1520,-1496,-928,-17032,40,12,-26,0
E,28552587,dn,13,0,1560,1520,,,,,,,0
S,28553221,dn,13,0,1560,1520,-1696,-1040,-16968,40,12,-26,0
S,28558212,dn,13,0,1560,1520,-1520,-1000,-16896,52,15,-30,0
S,28563210,dn,13,0,1560,1520,-520,-984,-16992,45,30,-34,0
S,28568211,dn,13,0,1560,1520,-1464,-736,-17200,43,47,-30,0
S,28573211,dn,13,0,1560,1520,-1840,-824,-16816,53,57,-31,0
S,28578210,dn,13,0,1560,1520,736,-1560,-17200,45,96,-37,0
S,28583211,dn,13,0,1560,1520,-936,-744,-16440,49,105,-30,0
S,28588210,dn,13,0,1560,1520,-832,-1960,-17496,47,168,-42,0
S,28593211,dn,13,0,1560,1520,1664,-1056,-15944,60,202,-56,0
S,28598211,dn,13,0,1560,1520,-3568,-4168,-16904,48,228,-55,0
S,28603211,dn,13,0,1560,1520,320,752,-17128,43,256,-35,0
S,28608211,dn,13,0,1560,1520,-56,-136,-16920,33,269,-43,0
S,28613211,dn,13,0,1560,1520,-1392,-872,-17208,13,285,-33,0
S,28618210,dn,13,0,1560,1520,136,-928,-16744,10,279,-29,0
S,28623211,dn,13,0,1560,1520,-1760,-1368,-17256,10,294,-34,0
S,28628210,dn,13,0,1560,1520,-2080,-976,-16720,16,291,-36,0
S,28633211,dn,13,0,1560,1520,-1216,-1248,-17048,23,278,-39,0
S,28638210,dn,13,0,1560,1520,-1448,-1040,-17120,38,259,-38,0
S,28643211,dn,13,0,1560,1520,-1552,-856,-16944,39,235,-35,0
S,28648211,dn,13,0,1560,1520,-1592,-1192,-17016,37,203,-41,0
S,28653211,dn,13,0,1560,1520,-1184,-992,-16920,28,154,-39,0
S,28658210,dn,13,0,1560,1520,-1488,-888,-17144,15,104,-36,0
S,28663210,dn,13,0,1560,1520,-1376,-880,-16896,17,49,-34,0
S,28668210,dn,13,0,1560,1520,-1216,-1160,-17016,20,-2,-31,0
S,28673210,dn,13,0,1560,1520,-1280,-856,-17088,25,-34,-27,0
S,28678210,dn,13,0,1560,1520,-1288,-1072,-17048,39,-64,-26,0
S,28683211,dn,13,0,1560,1520,-1184,-992,-17152,49,-62,-33,0
S,28688210,dn,13,0,1560,1520,-1240,-1240,-17048,69,-65,-27,0
S,28693211,dn,13,0,1560,1520,-1296,-1064,-16976,76,-43,-30,0
S,28698211,dn,13,0,1560,1520,-1160,-928,-17024,78,-15,-33,0
S,28703211,dn,13,0,1560,1520,-1272,-1064,-16896,68,12,-28,0
S,28708211,dn,13,0,1560,1520,-1368,-792,-17032,52,34,-36,0
S,28713211,dn,13,0,1560,1520,-1336,-1000,-16992,30,63,-30,0
S,28718210,dn,13,0,1560,1520,-1368,-1048,-16952,13,71,-26,0
S,28723211,dn,13,0,1560,1520,-1232,-976,-17112,0,85,-34,0
S,28728211,dn,13,0,1560,1520,-1264,-872,-17104,-3,82,-28,0
S,28733210,dn,13,0,1560,1520,-1176,-1128,-16896,4,69,-33,0
S,28738210,dn,13,0,1560,1520,-1144,-976,-17056,16,50,-29,0
S,28743210,dn,13,0,1560,1520,-1136,-1096,-17016,38,36,-29,0
S,28748211,dn,13,0,1560,1520,-1176,-1120,-17160,46,17,-27,0
S,28753210,dn,13,0,1560,1520,-1280,-976,-17088,63,-7,-30,0
S,28758211,dn,13,0,1560,1520,-1352,-904,-16968,69,-16,-27,0
S,28763210,dn,13,0,1560,1520,-1152,-1128,-17088,69,-23,-30,0
S,28768211,dn,13,0,1560,1520,-1200,-976,-16976,55,-15,-27,0
S,28773211,dn,13,0,1560,1520,-1264,-1000,-17288,42,-7,-28,0
S,28778211,dn,13,0,1560,1520,-1200,-952,-17040,38,7,-27,0
S,28783210,dn,13,0,1560,1520,-1200,-936,-16992,22,26,-30,0
S,28788210,dn,13,0,1560,1520,-1312,-1136,-17040,18,44,-31,0
S,28793211,dn,13,0,1560,1520,-1216,-1176,-17168,26,53,-25,0
S,28798211,dn,13,0,1560,1520,-1200,-952,-17080,23,64,-32,0
S,28803210,dn,13,0,1560,1520,-1224,-928,-17048,30,59,-28,0
S,28808210,dn,13,0,1560,1520,-1176,-976,-17104,34,50,-26,0
S,28813211,dn,13,0,1560,1520,-1256,-1096,-17056,35,39,-36,0
S,28818210,dn,13,0,1560,1520,-1264,-976,-17040,38,28,-27,0
S,28823211,dn,13,0,1560,1520,-1192,-976,-16992,47,6,-32,0
S,28828211,dn,13,0,1560,1520,-1256,-1080,-17224,45,-8,-33,0
S,28833210,dn,13,0,1560,1520,-1056,-1008,-17008,41,-6,-25,0
S,28838210,dn,13,0,1560,1520,-1224,-1032,-17048,47,-7,-28,0
S,28843210,dn,13,0,1560,1520,-1256,-1056,-17232,51,4,-27,0
S,28848210,dn,13,0,1560,1520,-1104,-1048,-16968,40,8,-30,0
S,28853211,dn,13,0,1560,1520,-1224,-1088,-17072,47,22,-25,0
S,28858211,dn,13,0,1560,1520,-1216,-872,-17048,42,30,-27,0
S,28863211,dn,13,0,1560,1520,-1320,-1008,-17064,41,44,-32,0
S,28868211,dn,13,0,1560,1520,-1240,-960,-17008,29,42,-32,0
S,28873210,dn,13,0,1560,1520,-1240,-880,-16944,24,43,-30,0
S,28878210,dn,13,0,1560,1520,-1256,-1008,-17080,28,51,-26,0
S,28883211,dn,13,0,1560,1520,-1312,-936,-17056,32,34,-25,0
S,28888211,dn,13,0,1560,1520,-1280,-1048,-16968,33,23,-27,0
S,28893211,dn,13,0,1560,1520,-1184,-1008,-17112,38,18,-24,0
S,28898211,dn,13,0,1560,1520,-1248,-952,-17128,50,12,-29,0
S,28903211,dn,13,0,1560,1520,-1232,-960,-17000,49,7,-25,0
S,28908211,dn,13,0,1560,1520,-1224,-952,-17016,51,12,-32,0
S,28913210,dn,13,0,1560,1520,-1208,-968,-17160,53,2,-29,0
S,28918211,dn,13,0,1560,1520,-1176,-880,-17056,43,14,-30,0
S,28923210,dn,13,0,1560,1520,-1168,-952,-17048,39,16,-20,0
S,28928211,dn,13,0,1560,1520,-1176,-1048,-17040,40,27,-24,0
S,28933210,dn,13,0,1560,1520,-1192,-1032,-17088,30,34,-27,0
S,28938210,dn,13,0,1560,1520,-1288,-992,-16960,30,35,-25,0
S,28943210,dn,13,0,1560,1520,-1184,-1016,-16984,31,41,-28,0
S,28948211,dn,13,0,1560,1520,-1184,-1088,-16976,32,37,-31,0
S,28953211,dn,13,0,1560,1520,-1200,-864,-17096,34,39,-36,0
S,28958211,dn,13,0,1560,1520,-1192,-1048,-17112,41,32,-29,0
S,28963210,dn,13,0,1560,1520,-1248,-1000,-17120,38,28,-34,0
S,28968210,dn,13,0,1560,1520,-1144,-1072,-17112,43,15,-29,0
S,28973211,dn,13,0,1560,1520,-1120,-904,-17040,43,15,-32,0
S,28978211,dn,13,0,1560,1520,-1168,-1008,-17088,44,9,-30,0
S,28983211,dn,13,0,1560,1520,-1144,-928,-17032,39,7,-26,0
S,28988211,dn,13,0,1560,1520,-1192,-968,-17104,39,11,-27,0
S,28993211,dn,13,0,1560,1520,-1168,-1016,-17000,40,14,-33,0
S,28998211,dn,13,0,1560,1520,-1256,-1032,-16944,44,22,-28,0
S,29003211,dn,13,0,1560,1520,-1272,-1104,-17072,40,22,-28,0
S,29008210,dn,13,0,1560,1520,-1256,-952,-16968,38,34,-31,0
S,29013210,dn,13,0,1560,1520,-1296,-992,-17000,38,36,-26,0
S,29018211,dn,13,0,1560,1520,-1232,-1072,-16976,34,34,-23,0
S,29023211,dn,13,0,1560,1520,-1304,-1032,-17056,36,33,-29,0
S,29028211,dn,13,0,1560,1520,-1200,-944,-17008,29,26,-31,0
S,29033210,dn,13,0,1560,1520,-1296,-1072,-17040,31,25,-27,0
S,29038211,dn,13,0,1560,1520,-1216,-1000,-17096,40,21,-30,0
S,29043210,dn,13,0,1560,1520,-1120,-968,-16984,42,16,-23,0
S,29048211,dn,13,0,1560,1520,-1184,-888,-17056,38,12,-26,0
S,29053211,dn,13,0,1560,1520,-1224,-960,-17080,41,15,-35,0
E,29053314,dn,14,0,1550,1520,,,,,,,0
S,29053946,dn,14,0,1550,1520,-1072,-904,-17208,50,12,-26,0
S,29058936,dn,14,0,1550,1520,-1184,-928,-17032,39,22,-27,0
S,29063936,dn,14,0,1550,1520,-424,-1176,-16984,42,16,-23,0
S,29068935,dn,14,0,1550,1520,-1112,-1256,-17008,36,28,-25,0
S,29073935,dn,14,0,1550,1520,-384,-816,-17008,43,46,-31,0
S,29078935,dn,14,0,1550,1520,-2896,-2704,-16968,40,69,-37,0
S,29083935,dn,14,0,1550,1520,-880,168,-17296,41,90,-36,0
S,29088935,dn,14,0,1550,1520,-2608,-432,-17288,46,114,-31,0
S,29093935,dn,14,0,1550,1520,-2016,-1896,-16912,45,143,-40,0
S,29098935,dn,14,0,1550,1520,-1984,-712,-17008,42,154,-32,0
S,29103935,dn,14,0,1550,1520,-992,-1728,-16904,36,167,-25,0
S,29108935,dn,14,0,1550,1520,-2928,-48,-17912,27,189,-21,0
S,29113936,dn,14,0,1550,1520,-600,232,-16440,39,185,-24,0
S,29118935,dn,14,0,1550,1520,-1856,-1976,-17656,34,189,-24,0
S,29123935,dn,14,0,1550,1520,-896,-488,-16888,27,165,-28,0
S,29128935,dn,14,0,1550,1520,-1256,-728,-17120,26,146,-31,0
S,29133935,dn,14,0,1550,1520,-920,-720,-16944,25,144,-27,0
S,29138935,dn,14,0,1550,1520,-1312,-1448,-17168,28,117,-31,0
S,29143935,dn,14,0,1550,1520,-1120,-1176,-17248,39,106,-29,0
S,29148935,dn,14,0,1550,1520,-824,-920,-16928,47,101,-37,0
S,29153936,dn,14,0,1550,1520,-960,-1216,-17120,62,105,-26,0
S,29158935,dn,14,0,1550,1520,-1336,-1136,-16912,65,91,-28,0
S,29163935,dn,14,0,1550,1520,-1472,-808,-17024,55,72,-36,0
S,29168935,dn,14,0,1550,1520,-1056,-856,-17144,40,59,-30,0
S,29173935,dn,14,0,1550,1520,-1032,-1056,-16960,28,30,-27,0
S,29178936,dn,14,0,1550,1520,-1160,-1080,-17152,7,10,-30,0
S,29183935,dn,14,0,1550,1520,-1088,-944,-17048,13,-4,-27,0
S,29188935,dn,14,0,1550,1520,-1080,-1136,-17024,19,-13,-28,0
S,29193935,dn,14,0,1550,1520,-832,-1040,-17152,36,-11,-25,0
S,29198935,dn,14,0,1550,1520,-960,-1032,-17008,53,-5,-30,0
S,29203935,dn,14,0,1550,1520,-728,-968,-17168,63,8,-31,0
S,29208935,dn,14,0,1550,1520,-824,-1272,-17120,67,24,-32,0
S,29213935,dn,14,0,1550,1520,-1240,-984,-17088,64,30,-24,0
S,29218935,dn,14,0,1550,1520,-1208,-968,-17048,53,37,-29,0
S,29223936,dn,14,0,1550,1520,-1176,-840,-17096,35,33,-27,0
S,29228935,dn,14,0,1550,1520,-912,-1000,-16984,19,36,-29,0
S,29233935,dn,14,0,1550,1520,-1312,-1064,-16912,3,39,-31,0
S,29238936,dn,14,0,1550,1520,-992,-1032,-17072,7,34,-23,0
S,29243935,dn,14,0,1550,1520,-776,-1032,-17112,13,32,-23,0
S,29248935,dn,14,0,1550,1520,-1208,-1216,-17064,27,26,-28,0
S,29253935,dn,14,0,1550,1520,-976,-968,-17104,47,27,-32,0
S,29258935,dn,14,0,1550,1520,-1024,-936,-16960,57,24,-28,0
S,29263935,dn,14,0,1550,1520,-840,-896,-17056,70,22,-29,0
S,29268935,dn,14,0,1550,1520,-1016,-1120,-17096,59,14,-29,0
S,29273935,dn,14,0,1550,1520,-1032,-968,-17064,47,10,-33,0
S,29278935,dn,14,0,1550,1520,-1264,-864,-17040,35,14,-33,0
S,29283935,dn,14,0,1550,1520,-968,-1072,-16904,29,10,-34,0
S,29288935,dn,14,0,1550,1520,-936,-1024,-17072,19,15,-29,0
S,29293935,dn,14,0,1550,1520,-1256,-944,-16944,21,28,-26,0
S,29298935,dn,14,0,1550,1520,-984,-1048,-17024,29,30,-32,0
S,29303936,dn,14,0,1550,1520,-1184,-1016,-17144,36,37,-30,0
S,29308935,dn,14,0,1550,1520,-1312,-968,-17032,38,43,-31,0
S,29313935,dn,14,0,1550,1520,-1056,-880,-17192,43,39,-28,0
S,29318935,dn,14,0,1550,1520,-848,-1048,-17080,47,37,-28,0
S,29323935,dn,14,0,1550,1520,-1056,-1016,-17024,47,27,-25,0
S,29328936,dn,14,0,1550,1520,-1016,-1024,-16952,34,24,-28,0
S,29333935,dn,14,0,1550,1520,-1160,-824,-17104,35,16,-29,0
S,29338935,dn,14,0,1550,1520,-1160,-1000,-17000,31,12,-28,0
S,29343935,dn,14,0,1550,1520,-1040,-840,-17120,27,7,-23,0
S,29348935,dn,14,0,1550,1520,-1160,-944,-17088,33,10,-33,0
S,29353936,dn,14,0,1550,1520,-1040,-1008,-16976,43,17,-32,0
S,29358935,dn,14,0,1550,1520,-1048,-1096,-17240,42,19,-31,0
S,29363936,dn,14,0,1550,1520,-1072,-800,-17056,50,24,-25,0
S,29368935,dn,14,0,1550,1520,-1152,-968,-16968,42,31,-28,0
S,29373935,dn,14,0,1550,1520,-1024,-920,-17032,41,34,-35,0
S,29378935,dn,14,0,1550,1520,-1048,-1152,-17080,34,34,-25,0
S,29383936,dn,14,0,1550,1520,-1056,-768,-17008,21,29,-28,0
S,29388936,dn,14,0,1550,1520,-1280,-1024,-17064,24,20,-29,0
S,29393935,dn,14,0,1550,1520,-1224,-1088,-17080,27,18,-27,0
S,29398935,dn,14,0,1550,1520,-960,-1208,-17128,31,23,-33,0
S,29403936,dn,14,0,1550,1520,-984,-1032,-17192,42,13,-31,0
S,29408935,dn,14,0,1550,1520,-912,-1040,-17128,43,21,-23,0
S,29413936,dn,14,0,1550,1520,-1024,-880,-17008,44,17,-24,0
S,29418936,dn,14,0,1550,1520,-1184,-984,-17048,55,22,-32,0
S,29423936,dn,14,0,1550,1520,-1128,-848,-17088,53,18,-28,0
S,29428935,dn,14,0,1550,1520,-824,-1000,-17128,40,21,-27,0
S,29433936,dn,14,0,1550,1520,-1152,-968,-17120,32,21,-26,0
S,29438935,dn,14,0,1550,1520,-984,-936,-17008,24,22,-32,0
S,29443936,dn,14,0,1550,1520,-984,-912,-17024,38,24,-24,0
S,29448935,dn,14,0,1550,1520,-1064,-1104,-16952,29,26,-30,0
S,29453935,dn,14,0,1550,1520,-824,-968,-17056,34,29,-29,0
S,29458935,dn,14,0,1550,1520,-1160,-968,-17000,37,27,-29,0
S,29463935,dn,14,0,1550,1520,-1176,-928,-17040,42,26,-31,0
S,29468935,dn,14,0,1550,1520,-904,-992,-17136,47,27,-32,0
S,29473935,dn,14,0,1550,1520,-1088,-1120,-17128,45,27,-31,0
S,29478935,dn,14,0,1550,1520,-1096,-1064,-17112,50,24,-29,0
S,29483935,dn,14,0,1550,1520,-1136,-976,-17120,37,11,-23,0
S,29488935,dn,14,0,1550,1520,-704,-760,-16936,36,16,-30,0
S,29493935,dn,14,0,1550,1520,-1128,-840,-17056,31,13,-26,0
S,29498935,dn,14,0,1550,1520,-1104,-1064,-17072,38,17,-26,0
S,29503936,dn,14,0,1550,1520,-1008,-1024,-17112,34,22,-26,0
S,29508935,dn,14,0,1550,1520,-1112,-912,-17000,42,25,-30,0
S,29513935,dn,14,0,1550,1520,-984,-1096,-16960,38,23,-28,0
S,29518935,dn,14,0,1550,1520,-1112,-936,-17040,45,30,-31,0
S,29523935,dn,14,0,1550,1520,-1064,-1024,-17168,43,30,-28,0
S,29528936,dn,14,0,1550,1520,-1176,-872,-17120,35,29,-32,0
S,29533935,dn,14,0,1550,1520,-968,-1024,-17104,39,24,-23,0
S,29538935,dn,14,0,1550,1520,-1000,-1024,-16992,27,16,-31,0
S,29543935,dn,14,0,1550,1520,-1080,-1088,-17048,28,17,-27,0
S,29548935,dn,14,0,1550,1520,-1032,-1008,-17016,39,23,-25,0
S,29553935,dn,14,0,1550,1520,-1000,-1136,-17112,44,18,-28,0
E,29554043,dn,15,0,1540,1520,,,,,,,0
S,29554679,dn,15,0,1540,1520,-1048,-936,-17016,44,18,-27,0
S,29559670,dn,15,0,1540,1520,-1088,-1064,-17224,48,23,-24,0
S,29564668,dn,15,0,1540,1520,-1808,-944,-17104,47,26,-28,0
S,29569668,dn,15,0,1540,1520,136,-936,-16952,40,31,-30,0
S,29574668,dn,15,0,1540,1520,-2112,-1744,-16760,45,39,-34,0
S,29579668,dn,15,0,1540,1520,440,-768,-16968,43,41,-10,0
S,29584668,dn,15,0,1540,1520,-1984,-2152,-16712,38,68,-13,0
S,29589668,dn,15,0,1540,1520,-2608,-64,-17384,39,88,-33,0
S,29594668,dn,15,0,1540,1520,-400,-1288,-17112,40,103,-21,0
S,29599668,dn,15,0,1540,1520,-1408,-440,-16928,36,118,-41,0
S,29604669,dn,15,0,1540,1520,-200,-24,-17480,42,152,-31,0
S,29609668,dn,15,0,1540,1520,3232,-1224,-16176,34,192,-44,0
S,29614668,dn,15,0,1540,1520,-3112,-3008,-17840,27,203,-22,0
S,29619668,dn,15,0,1540,1520,456,-216,-15584,54,205,-32,0
S,29624668,dn,15,0,1540,1520,-640,-1440,-17488,50,213,-41,0
S,29629668,dn,15,0,1540,1520,-1152,-1480,-17064,31,225,-34,0
S,29634668,dn,15,0,1540,1520,-1384,-744,-16872,13,187,-33,0
S,29639668,dn,15,0,1540,1520,-1072,-736,-17040,7,147,-34,0
S,29644668,dn,15,0,1540,1520,-720,-1088,-17088,-3,99,-35,0
S,29649668,dn,15,0,1540,1520,-1344,-1176,-17136,-4,53,-32,0
S,29654668,dn,15,0,1540,1520,-736,-736,-17144,8,15,-31,0
S,29659668,dn,15,0,1540,1520,-1016,-1008,-17112,33,-25,-29,0
S,29664668,dn,15,0,1540,1520,-728,-1016,-17064,47,-53,-30,0
S,29669668,dn,15,0,1540,1520,-944,-1104,-17072,68,-58,-31,0
S,29674668,dn,15,0,1540,1520,-984,-1000,-17184,85,-63,-31,0
S,29679668,dn,15,0,1540,1520,-840,-1032,-17056,75,-45,-30,0
S,29684668,dn,15,0,1540,1520,-840,-976,-17024,77,-27,-26,0
S,29689668,dn,15,0,1540,1520,-752,-936,-17016,59,-7,-26,0
S,29694668,dn,15,0,1540,1520,-1016,-984,-16968,42,24,-31,0
S,29699668,dn,15,0,1540,1520,-784,-912,-17072,21,45,-31,0
S,29704668,dn,15,0,1540,1520,-920,-1160,-17008,2,66,-33,0
S,29709668,dn,15,0,1540,1520,-928,-1016,-17088,-2,74,-26,0
S,29714668,dn,15,0,1540,1520,-784,-1120,-17008,1,86,-28,0
S,29719668,dn,15,0,1540,1520,-1008,-1128,-17112,9,79,-32,0
S,29724668,dn,15,0,1540,1520,-952,-1048,-17064,22,57,-34,0
S,29729669,dn,15,0,1540,1520,-1008,-1040,-17224,39,43,-30,0
S,29734668,dn,15,0,1540,1520,-888,-1024,-17248,49,23,-33,0
S,29739668,dn,15,0,1540,1520,-912,-952,-16992,55,-7,-33,0
S,29744668,dn,15,0,1540,1520,-984,-1016,-17152,60,-18,-33,0
S,29749668,dn,15,0,1540,1520,-920,-1064,-17016,53,-25,-34,0
S,29754668,dn,15,0,1540,1520,-992,-1016,-17136,55,-21,-33,0
S,29759668,dn,15,0,1540,1520,-896,-896,-17024,39,-14,-29,0
S,29764668,dn,15,0,1540,1520,-1000,-816,-17136,32,-1,-22,0
S,29769668,dn,15,0,1540,1520,-1008,-968,-17016,35,8,-27,0
S,29774668,dn,15,0,1540,1520,-1008,-920,-17016,32,43,-33,0
S,29779668,dn,15,0,1540,1520,-936,-1008,-17080,31,47,-32,0
S,29784668,dn,15,0,1540,1520,-912,-1016,-17144,28,57,-36,0
S,29789668,dn,15,0,1540,1520,-856,-984,-17200,31,52,-29,0
S,29794668,dn,15,0,1540,1520,-960,-968,-16952,27,55,-33,0
S,29799669,dn,15,0,1540,1520,-800,-1024,-17112,34,34,-29,0
S,29804668,dn,15,0,1540,1520,-736,-904,-17008,33,27,-26,0
S,29809668,dn,15,0,1540,1520,-984,-1168,-17136,36,16,-33,0
S,29814668,dn,15,0,1540,1520,-792,-1032,-16952,40,6,-25,0
S,29819668,dn,15,0,1540,1520,-880,-1032,-17000,43,3,-29,0
S,29824668,dn,15,0,1540,1520,-968,-952,-17040,50,-4,-30,0
S,29829668,dn,15,0,1540,1520,-960,-944,-17208,49,3,-25,0
S,29834668,dn,15,0,1540,1520,-1128,-1040,-17120,46,11,-31,0
S,29839668,dn,15,0,1540,1520,-912,-1096,-16984,41,20,-34,0
S,29844668,dn,15,0,1540,1520,-1056,-832,-16928,33,22,-24,0
S,29849668,dn,15,0,1540,1520,-888,-896,-17184,30,27,-33,0
S,29854668,dn,15,0,1540,1520,-920,-992,-17056,23,40,-24,0
S,29859668,dn,15,0,1540,1520,-880,-1080,-17208,27,39,-25,0
S,29864668,dn,15,0,1540,1520,-984,-952,-16992,28,41,-31,0
S,29869668,dn,15,0,1540,1520,-912,-840,-17080,38,39,-26,0
S,29874668,dn,15,0,1540,1520,-952,-904,-17008,42,28,-20,0
S,29879668,dn,15,0,1540,1520,-1104,-872,-17160,44,24,-30,0
S,29884668,dn,15,0,1540,1520,-808,-880,-17016,45,10,-28,0
S,29889668,dn,15,0,1540,1520,-720,-864,-17136,42,11,-28,0
S,29894668,dn,15,0,1540,1520,-936,-1024,-17024,44,7,-31,0
S,29899668,dn,15,0,1540,1520,-872,-1056,-17072,47,-3,-31,0
S,29904668,dn,15,0,1540,1520,-856,-904,-17016,36,8,-30,0
S,29909668,dn,15,0,1540,1520,-928,-1024,-17128,34,14,-25,0
S,29914668,dn,15,0,1540,1520,-1104,-920,-17096,34,19,-28,0
S,29919668,dn,15,0,1540,1520,-864,-1112,-17080,42,29,-23,0
S,29924668,dn,15,0,1540,1520,-1056,-1128,-17080,42,36,-26,0
S,29929668,dn,15,0,1540,1520,-920,-816,-17056,38,41,-33,0
S,29934668,dn,15,0,1540,1520,-1120,-904,-17008,43,36,-31,0
S,29939668,dn,15,0,1540,1520,-856,-1064,-17032,36,39,-29,0
S,29944668,dn,15,0,1540,1520,-808,-1072,-17080,36,30,-26,0
S,29949668,dn,15,0,1540,1520,-1016,-816,-17064,30,31,-28,0
S,29954668,dn,15,0,1540,1520,-1136,-960,-16952,26,22,-29,0
S,29959669,dn,15,0,1540,1520,-856,-1104,-17016,36,16,-23,0
S,29964668,dn,15,0,1540,1520,-888,-920,-17128,35,10,-35,0
S,29969668,dn,15,0,1540,1520,-608,-944,-17128,43,9,-33,0
S,29974668,dn,15,0,1540,1520,-952,-1016,-17048,46,11,-27,0
S,29979668,dn,15,0,1540,1520,-768,-1120,-16976,50,10,-32,0
S,29984668,dn,15,0,1540,1520,-824,-1000,-16984,47,20,-28,0
S,29989668,dn,15,0,1540,1520,-1016,-1000,-17104,42,25,-29,0
S,29994668,dn,15,0,1540,1520,-912,-944,-17176,38,28,-28,0
S,29999669,dn,15,0,1540,1520,-960,-992,-17040,34,25,-30,0
S,30004668,dn,15,0,1540,1520,-928,-976,-17216,29,33,-25,0
S,30009668,dn,15,0,1540,1520,-904,-1112,-17056,31,37,-30,0
S,30014668,dn,15,0,1540,1520,-872,-880,-17040,28,30,-30,0
S,30019668,dn,15,0,1540,1520,-960,-960,-17072,36,22,-28,0
S,30024669,dn,15,0,1540,1520,-936,-984,-17152,34,28,-32,0
S,30029668,dn,15,0,1540,1520,-968,-1048,-17064,47,18,-28,0
S,30034668,dn,15,0,1540,1520,-864,-928,-17032,40,16,-26,0
S,30039668,dn,15,0,1540,1520,-1232,-1024,-17088,49,11,-29,0
S,30044668,dn,15,0,1540,1520,-912,-920,-17160,49,11,-28,0
S,30049668,dn,15,0,1540,1520,-904,-968,-17112,39,12,-31,0
S,30054668,dn,15,0,1540,1520,-1008,-888,-17136,35,15,-34,0
E,30054771,dn,16,0,1530,1520,,,,,,,0
S,30055403,dn,16,0,1530,1520,-960,-1016,-17040,37,15,-30,0
S,30060393,dn,16,0,1530,1520,-704,-984,-16936,40,22,-27,0
S,30065393,dn,16,0,1530,1520,96,-1432,-17032,32,23,-20,0
S,30070393,dn,16,0,1530,1520,-440,-696,-17160,36,33,-21,0
S,30075393,dn,16,0,1530,1520,-760,-2048,-17336,33,70,-22,0
S,30080393,dn,16,0,1530,1520,576,888,-17080,56,88,-19,0
S,30085392,dn,16,0,1530,1520,-1240,-1336,-17184,47,127,-30,0
S,30090392,dn,16,0,1530,1520,736,368,-17264,59,156,-14,0
S,30095392,dn,16,0,1530,1520,-3128,-3424,-16800,57,181,-27,0
S,30100393,dn,16,0,1530,1520,944,416,-17328,54,203,-29,0
S,30105392,dn,16,0,1530,1520,-1528,-688,-18168,37,244,-1,0
S,30110393,dn,16,0,1530,1520,-1600,-2536,-15800,26,227,-33,0
S,30115392,dn,16,0,1530,1520,160,-696,-17640,16,227,-47,0
S,30120393,dn,16,0,1530,1520,240,-552,-16600,7,236,-35,0
S,30125393,dn,16,0,1530,1520,-2536,-880,-17256,2,211,-41,0
S,30130393,dn,16,0,1530,1520,-424,-1680,-16720,9,170,-35,0
S,30135392,dn,16,0,1530,1520,-584,-664,-17664,12,162,-35,0
S,30140393,dn,16,0,1530,1520,-1016,-784,-16728,30,133,-34,0
S,30145392,dn,16,0,1530,1520,-672,-1264,-17296,42,107,-33,0
S,30150393,dn,16,0,1530,1520,-496,-1216,-16904,53,99,-32,0
S,30155392,dn,16,0,1530,1520,-1248,-1432,-17064,62,81,-26,0
S,30160392,dn,16,0,1530,1520,-728,-864,-17000,69,56,-25,0
S,30165393,dn,16,0,1530,1520,-720,-856,-17296,56,37,-30,0
S,30170392,dn,16,0,1530,1520,-744,-944,-17056,35,18,-34,0
S,30175392,dn,16,0,1530,1520,-808,-952,-17120,19,-3,-29,0
S,30180392,dn,16,0,1530,1520,-640,-840,-17312,20,-18,-21,0
S,30185392,dn,16,0,1530,1520,-760,-960,-17016,18,-17,-29,0
S,30190392,dn,16,0,1530,1520,-656,-1288,-17056,33,-15,-32,0
S,30195393,dn,16,0,1530,1520,-592,-888,-17120,37,2,-23,0
S,30200393,dn,16,0,1530,1520,-784,-1200,-17112,59,19,-35,0
S,30205392,dn,16,0,1530,1520,-760,-1112,-17032,61,30,-33,0
S,30210393,dn,16,0,1530,1520,-480,-984,-17336,62,43,-32,0
S,30215393,dn,16,0,1530,1520,-968,-1008,-17080,54,43,-29,0
S,30220393,dn,16,0,1530,1520,-824,-1040,-17152,36,46,-33,0
S,30225393,dn,16,0,1530,1520,-616,-856,-17192,16,42,-32,0
S,30230392,dn,16,0,1530,1520,-856,-1200,-16992,14,36,-24,0
S,30235393,dn,16,0,1530,1520,-656,-1008,-17008,8,21,-29,0
S,30240393,dn,16,0,1530,1520,-688,-896,-16952,18,13,-29,0
S,30245393,dn,16,0,1530,1520,-712,-1128,-17128,23,15,-30,0
S,30250392,dn,16,0,1530,1520,-704,-1192,-17152,41,13,-30,0
S,30255392,dn,16,0,1530,1520,-704,-992,-16912,57,14,-29,0
S,30260392,dn,16,0,1530,1520,-672,-1024,-16960,63,10,-31,0
S,30265393,dn,16,0,1530,1520,-856,-1040,-17016,58,14,-29,0
S,30270393,dn,16,0,1530,1520,-816,-1032,-17016,50,17,-30,0
S,30275393,dn,16,0,1530,1520,-720,-840,-17184,40,23,-23,0
S,30280392,dn,16,0,1530,1520,-952,-1056,-16976,22,18,-29,0
S,30285392,dn,16,0,1530,1520,-744,-1120,-16960,17,17,-31,0
S,30290392,dn,16,0,1530,1520,-608,-1104,-17184,20,25,-28,0
S,30295392,dn,16,0,1530,1520,-712,-1104,-17144,23,30,-24,0
S,30300392,dn,16,0,1530,1520,-592,-1016,-17064,34,34,-28,0
S,30305392,dn,16,0,1530,1520,-792,-968,-17136,35,34,-35,0
S,30310392,dn,16,0,1530,1520,-864,-912,-17048,48,35,-26,0
S,30315393,dn,16,0,1530,1520,-760,-1008,-17104,44,32,-27,0
S,30320392,dn,16,0,1530,1520,-728,-728,-17104,42,20,-32,0
S,30325393,dn,16,0,1530,1520,-640,-1064,-17176,38,18,-30,0
S,30330393,dn,16,0,1530,1520,-800,-984,-17128,39,13,-27,0
S,30335393,dn,16,0,1530,1520,-928,-1000,-17072,30,9,-21,0
S,30340392,dn,16,0,1530,1520,-784,-1064,-17176,28,8,-27,0
S,30345392,dn,16,0,1530,1520,-544,-992,-17048,29,11,-32,0
S,30350392,dn,16,0,1530,1520,-856,-960,-17000,31,11,-27,0
S,30355392,dn,16,0,1530,1520,-592,-1072,-17032,38,24,-27,0
S,30360392,dn,16,0,1530,1520,-656,-992,-17136,45,25,-34,0
S,30365392,dn,16,0,1530,1520,-800,-1120,-17088,51,36,-30,0
S,30370393,dn,16,0,1530,1520,-736,-936,-17080,47,35,-26,0
S,30375393,dn,16,0,1530,1520,-744,-944,-17104,41,38,-34,0
S,30380392,dn,16,0,1530,1520,-840,-880,-17016,39,29,-28,0
S,30385393,dn,16,0,1530,1520,-736,-896,-17024,27,24,-28,0
S,30390393,dn,16,0,1530,1520,-712,-952,-17104,25,24,-24,0
S,30395392,dn,16,0,1530,1520,-1024,-1008,-17096,29,17,-25,0
S,30400393,dn,16,0,1530,1520,-864,-1016,-17048,31,11,-24,0
S,30405392,dn,16,0,1530,1520,-600,-1008,-17088,44,19,-27,0
S,30410392,dn,16,0,1530,1520,-704,-1096,-17192,43,22,-25,0
S,30415393,dn,16,0,1530,1520,-744,-920,-17216,52,19,-29,0
S,30420392,dn,16,0,1530,1520,-800,-904,-17112,52,18,-27,0
S,30425393,dn,16,0,1530,1520,-592,-1096,-17096,42,17,-35,0
S,30430393,dn,16,0,1530,1520,-920,-968,-17048,37,21,-27,0
S,30435392,dn,16,0,1530,1520,-760,-960,-17112,37,23,-28,0
S,30440392,dn,16,0,1530,1520,-616,-920,-17152,26,23,-24,0
S,30445393,dn,16,0,1530,1520,-640,-1024,-17048,26,26,-32,0
S,30450392,dn,16,0,1530,1520,-488,-968,-17016,32,24,-30,0
S,30455392,dn,16,0,1530,1520,-872,-896,-17032,33,28,-26,0
S,30460392,dn,16,0,1530,1520,-736,-960,-17008,43,33,-24,0
S,30465393,dn,16,0,1530,1520,-720,-944,-17120,42,31,-29,0
S,30470392,dn,16,0,1530,1520,-752,-912,-17032,47,24,-23,0
S,30475393,dn,16,0,1530,1520,-608,-920,-17152,42,22,-28,0
S,30480393,dn,16,0,1530,1520,-576,-824,-17152,37,16,-26,0
S,30485392,dn,16,0,1530,1520,-848,-976,-17112,36,17,-22,0
S,30490393,dn,16,0,1530,1520,-856,-960,-17016,35,18,-30,0
S,30495393,dn,16,0,1530,1520,-752,-960,-17136,29,14,-24,0
S,30500393,dn,16,0,1530,1520,-856,-1032,-17024,32,23,-28,0
S,30505392,dn,16,0,1530,1520,-672,-928,-16968,37,27,-32,0
S,30510392,dn,16,0,1530,1520,-856,-968,-17104,39,19,-30,0
S,30515392,dn,16,0,1530,1520,-976,-1024,-17152,41,24,-30,0
S,30520392,dn,16,0,1530,1520,-824,-1160,-17056,42,30,-26,0
S,30525393,dn,16,0,1530,1520,-584,-1056,-17120,35,32,-25,0
S,30530393,dn,16,0,1530,1520,-944,-1080,-16928,36,37,-29,0
S,30535393,dn,16,0,1530,1520,-616,-1096,-17112,33,32,-30,0
S,30540393,dn,16,0,1530,1520,-808,-928,-17136,31,24,-33,0
S,30545392,dn,16,0,1530,1520,-816,-992,-17048,27,22,-30,0
S,30550392,dn,16,0,1530,1520,-792,-928,-17000,39,21,-25,0
S,30555392,dn,16,0,1530,1520,-688,-1056,-17152,33,17,-25,0
E,30555496,dn,17,0,1520,1520,,,,,,,0
S,30556128,dn,17,0,1520,1520,-720,-1096,-17184,30,12,-21,0
S,30561120,dn,17,0,1520,1520,-728,-1056,-17112,41,17,-26,0
S,30566118,dn,17,0,1520,1520,-232,-936,-17064,42,8,-31,0
S,30571118,dn,17,0,1520,1520,936,-1000,-17056,47,24,-23,0
S,30576118,dn,17,0,1520,1520,-1032,-1032,-16808,54,30,-25,0
S,30581118,dn,17,0,1520,1520,-1088,-2776,-17032,50,54,-35,0
S,30586118,dn,17,0,1520,1520,-1128,-912,-17096,44,58,-6,0
S,30591118,dn,17,0,1520,1520,-5128,-1768,-17104,46,90,-26,0
S,30596118,dn,17,0,1520,1520,-1528,456,-17040,46,123,-49,0
S,30601118,dn,17,0,1520,1520,240,-368,-17656,38,158,-37,0
S,30606118,dn,17,0,1520,1520,-1600,-2088,-16768,32,187,-35,0
S,30611119,dn,17,0,1520,1520,3168,184,-16152,27,235,-35,0
S,30616118,dn,17,0,1520,1520,-3432,-3408,-18352,33,292,-30,0
S,30621118,dn,17,0,1520,1520,920,-184,-15536,54,304,-37,0
S,30626118,dn,17,0,1520,1520,-808,-1496,-17864,47,317,-49,0
S,30631118,dn,17,0,1520,1520,-248,-1336,-16624,29,331,-51,0
S,30636119,dn,17,0,1520,1520,-1344,-872,-17272,5,292,-52,0
S,30641118,dn,17,0,1520,1520,-744,-568,-16616,-7,257,-55,0
S,30646118,dn,17,0,1520,1520,-600,-1000,-17296,-27,206,-69,0
S,30651118,dn,17,0,1520,1520,-768,-1032,-17008,-29,153,-65,0
S,30656118,dn,17,0,1520,1520,-312,-1112,-17056,-21,94,-47,0
S,30661118,dn,17,0,1520,1520,-464,-1016,-17104,5,54,-38,0
S,30666118,dn,17,0,1520,1520,-232,-1152,-17192,28,4,-28,0
S,30671118,dn,17,0,1520,1520,-608,-1144,-16904,55,-38,-27,0
S,30676118,dn,17,0,1520,1520,-472,-1064,-17360,75,-60,-29,0
S,30681118,dn,17,0,1520,1520,-344,-920,-17096,90,-81,-23,0
S,30686118,dn,17,0,1520,1520,-696,-1056,-17096,94,-79,-24,0
S,30691118,dn,17,0,1520,1520,-448,-992,-16992,81,-64,-20,0
S,30696118,dn,17,0,1520,1520,-552,-1136,-17176,70,-55,-15,0
S,30701118,dn,17,0,1520,1520,-304,-840,-17128,47,-26,-24,0
S,30706118,dn,17,0,1520,1520,-528,-984,-16984,33,2,-27,0
S,30711118,dn,17,0,1520,1520,-544,-1032,-17040,11,29,-29,0
S,30716118,dn,17,0,1520,1520,-504,-872,-17048,10,54,-26,0
S,30721118,dn,17,0,1520,1520,-528,-1032,-17096,6,72,-31,0
S,30726118,dn,17,0,1520,1520,-376,-1000,-17064,12,89,-21,0
S,30731119,dn,17,0,1520,1520,-544,-984,-17056,19,79,-33,0
S,30736118,dn,17,0,1520,1520,-392,-800,-17064,29,76,-33,0
S,30741118,dn,17,0,1520,1520,-488,-1008,-17064,41,52,-34,0
S,30746118,dn,17,0,1520,1520,-400,-1040,-17240,52,29,-29,0
S,30751119,dn,17,0,1520,1520,-632,-1112,-17104,49,10,-26,0
S,30756118,dn,17,0,1520,1520,-424,-896,-17120,45,-15,-26,0
S,30761118,dn,17,0,1520,1520,-504,-1040,-16960,38,-18,-23,0
S,30766118,dn,17,0,1520,1520,-576,-920,-17312,46,-26,-28,0
S,30771118,dn,17,0,1520,1520,-504,-1008,-17072,40,-22,-27,0
S,30776118,dn,17,0,1520,1520,-544,-1056,-17048,45,-8,-24,0
S,30781118,dn,17,0,1520,1520,-360,-1080,-17000,48,9,-30,0
S,30786118,dn,17,0,1520,1520,-536,-1040,-17072,39,31,-31,0
S,30791118,dn,17,0,1520,1520,-504,-840,-17136,40,40,-32,0
S,30796118,dn,17,0,1520,1520,-456,-960,-17024,32,48,-36,0
S,30801118,dn,17,0,1520,1520,-640,-944,-17240,29,54,-30,0
S,30806118,dn,17,0,1520,1520,-488,-1032,-17104,22,60,-27,0
S,30811118,dn,17,0,1520,1520,-488,-920,-17160,21,46,-32,0
S,30816118,dn,17,0,1520,1520,-520,-912,-17144,27,33,-28,0
S,30821118,dn,17,0,1520,1520,-624,-1024,-17168,26,23,-28,0
S,30826118,dn,17,0,1520,1520,-408,-896,-17064,38,13,-31,0
S,30831118,dn,17,0,1520,1520,-480,-896,-17128,48,7,-31,0
S,30836119,dn,17,0,1520,1520,-560,-984,-17088,46,2,-32,0
S,30841118,dn,17,0,1520,1520,-512,-984,-17136,57,-2,-32,0
S,30846118,dn,17,0,1520,1520,-512,-984,-17088,52,-3,-36,0
S,30851118,dn,17,0,1520,1520,-480,-928,-17032,44,11,-31,0
S,30856118,dn,17,0,1520,1520,-384,-1072,-16992,31,18,-30,0
S,30861118,dn,17,0,1520,1520,-424,-1000,-17120,31,29,-27,0
S,30866118,dn,17,0,1520,1520,-520,-952,-17056,27,33,-28,0
S,30871118,dn,17,0,1520,1520,-544,-984,-17216,30,38,-30,0
S,30876118,dn,17,0,1520,1520,-688,-1000,-17144,22,46,-26,0
S,30881118,dn,17,0,1520,1520,-520,-992,-17104,32,39,-26,0
S,30886118,dn,17,0,1520,1520,-400,-936,-17176,35,37,-28,0
S,30891118,dn,17,0,1520,1520,-576,-1040,-17040,42,38,-33,0
S,30896118,dn,17,0,1520,1520,-584,-936,-17176,44,23,-25,0
S,30901118,dn,17,0,1520,1520,-560,-1000,-17088,43,14,-28,0
S,30906118,dn,17,0,1520,1520,-632,-984,-17008,40,13,-22,0
S,30911118,dn,17,0,1520,1520,-496,-1048,-17040,40,5,-21,0
S,30916118,dn,17,0,1520,1520,-528,-1056,-17104,41,7,-18,0
S,30921118,dn,17,0,1520,1520,-608,-920,-17112,36,12,-26,0
S,30926118,dn,17,0,1520,1520,-544,-872,-17088,33,13,-28,0
S,30931118,dn,17,0,1520,1520,-432,-1104,-17032,41,23,-29,0
S,30936118,dn,17,0,1520,1520,-536,-912,-17000,33,27,-34,0
S,30941118,dn,17,0,1520,1520,-440,-1016,-17184,35,34,-34,0
S,30946118,dn,17,0,1520,1520,-536,-1016,-16976,36,39,-27,0
S,30951119,dn,17,0,1520,1520,-536,-944,-17080,32,34,-27,0
S,30956119,dn,17,0,1520,1520,-448,-944,-17120,30,38,-30,0
S,30961118,dn,17,0,1520,1520,-512,-1024,-17072,32,27,-32,0
S,30966118,dn,17,0,1520,1520,-600,-952,-17080,35,24,-29,0
S,30971118,dn,17,0,1520,1520,-536,-936,-17112,32,21,-26,0
S,30976118,dn,17,0,1520,1520,-424,-968,-17000,37,17,-32,0
S,30981118,dn,17,0,1520,1520,-448,-1048,-17192,42,13,-25,0
S,30986118,dn,17,0,1520,1520,-432,-984,-16992,42,13,-32,0
S,30991118,dn,17,0,1520,1520,-424,-952,-17104,45,16,-31,0
S,30996118,dn,17,0,1520,1520,-560,-1008,-17144,41,22,-30,0
S,31001118,dn,17,0,1520,1520,-448,-1040,-17016,43,25,-27,0
S,31006118,dn,17,0,1520,1520,-504,-1016,-17104,44,25,-32,0
S,31011118,dn,17,0,1520,1520,-544,-840,-17016,33,22,-26,0
S,31016118,dn,17,0,1520,1520,-488,-1024,-17056,37,28,-27,0
S,31021118,dn,17,0,1520,1520,-336,-952,-17064,37,28,-28,0
S,31026118,dn,17,0,1520,1520,-552,-920,-17152,27,27,-28,0
S,31031118,dn,17,0,1520,1520,-440,-1000,-17104,33,24,-26,0
S,31036118,dn,17,0,1520,1520,-496,-1040,-17096,34,30,-27,0
S,31041119,dn,17,0,1520,1520,-480,-944,-17056,35,23,-26,0
S,31046118,dn,17,0,1520,1520,-512,-912,-16968,39,21,-32,0
S,31051118,dn,17,0,1520,1520,-464,-976,-17104,35,14,-25,0
S,31056118,dn,17,0,1520,1520,-592,-1040,-17016,40,18,-28,0
E,31056226,dn,18,0,1510,1520,,,,,,,0
S,31056858,dn,18,0,1510,1520,-568,-896,-17000,40,15,-26,0
S,31061848,dn,18,0,1510,1520,-552,-1064,-17112,31,17,-27,0
S,31066847,dn,18,0,1510,1520,-200,-1136,-17048,35,18,-27,0
S,31071847,dn,18,0,1510,1520,-72,-952,-17136,44,29,-28,0
S,31076847,dn,18,0,1510,1520,-848,-1520,-16920,44,53,-28,0
S,31081847,dn,18,0,1510,1520,2424,-48,-17192,50,77,-13,0
S,31086847,dn,18,0,1510,1520,-1136,-1848,-16512,55,108,-16,0
S,31091847,dn,18,0,1510,1520,1080,344,-16904,34,121,-7,0
S,31096847,dn,18,0,1510,1520,240,-1712,-17320,60,133,-6,0
S,31101847,dn,18,0,1510,1520,-3144,-2296,-16792,42,170,-40,0
S,31106847,dn,18,0,1510,1520,5200,416,-16688,24,226,-30,0
S,31111847,dn,18,0,1510,1520,-3088,-4608,-17776,25,255,-26,0
S,31116847,dn,18,0,1510,1520,-152,-656,-15952,42,295,-35,0
S,31121847,dn,18,0,1510,1520,-184,-200,-17352,51,319,-41,0
S,31126847,dn,18,0,1510,1520,176,-1504,-16816,41,353,-30,0
S,31131847,dn,18,0,1510,1520,-712,-1056,-16992,23,336,-43,0
S,31136847,dn,18,0,1510,1520,-632,-336,-17280,14,328,-49,0
S,31141847,dn,18,0,1510,1520,-328,-880,-16808,-3,295,-56,0
S,31146847,dn,18,0,1510,1520,-880,-880,-16944,-14,256,-67,0
S,31151847,dn,18,0,1510,1520,-600,-1096,-17152,-11,196,-86,0
S,31156847,dn,18,0,1510,1520,-368,-792,-17240,-4,150,-73,0
S,31161847,dn,18,0,1510,1520,-248,-1200,-17064,1,111,-59,0
S,31166847,dn,18,0,1510,1520,-296,-1144,-17064,26,65,-42,0
S,31171847,dn,18,0,1510,1520,-288,-1128,-17120,46,13,-31,0
S,31176847,dn,18,0,1510,1520,-376,-936,-16896,62,-23,-22,0
S,31181847,dn,18,0,1510,1520,-176,-760,-17144,71,-58,-23,0
S,31186847,dn,18,0,1510,1520,-168,-864,-17072,68,-67,-24,0
S,31191847,dn,18,0,1510,1520,-280,-992,-17256,65,-77,-23,0
S,31196847,dn,18,0,1510,1520,40,-968,-17056,59,-68,-14,0
S,31201847,dn,18,0,1510,1520,-272,-1008,-16984,55,-53,-8,0
S,31206847,dn,18,0,1510,1520,-304,-984,-17032,41,-38,-11,0
S,31211847,dn,18,0,1510,1520,-200,-1072,-17016,27,-14,-15,0
S,31216847,dn,18,0,1510,1520,-296,-1056,-17064,31,6,-17,0
S,31221847,dn,18,0,1510,1520,-304,-896,-17096,28,33,-23,0
S,31226847,dn,18,0,1510,1520,-256,-1040,-17232,31,47,-31,0
S,31231847,dn,18,0,1510,1520,-208,-944,-17096,36,66,-25,0
S,31236847,dn,18,0,1510,1520,-288,-1104,-17064,35,68,-30,0
S,31241847,dn,18,0,1510,1520,-168,-872,-17176,41,63,-30,0
S,31246848,dn,18,0,1510,1520,-256,-1016,-16992,31,48,-27,0
S,31251847,dn,18,0,1510,1520,-264,-944,-17096,40,44,-31,0
S,31256847,dn,18,0,1510,1520,-328,-1080,-17096,31,23,-31,0
S,31261847,dn,18,0,1510,1520,-256,-928,-17080,31,9,-32,0
S,31266847,dn,18,0,1510,1520,-112,-992,-17088,35,-6,-33,0
S,31271847,dn,18,0,1510,1520,-328,-960,-17112,45,-12,-27,0
S,31276847,dn,18,0,1510,1520,-312,-1128,-17024,48,-6,-28,0
S,31281847,dn,18,0,1510,1520,-264,-896,-17112,54,6,-24,0
S,31286847,dn,18,0,1510,1520,-296,-904,-17064,55,8,-26,0
S,31291847,dn,18,0,1510,1520,-408,-952,-17032,48,23,-32,0
S,31296847,dn,18,0,1510,1520,-288,-848,-17168,45,29,-29,0
S,31301847,dn,18,0,1510,1520,-144,-1088,-17032,36,41,-30,0
S,31306847,dn,18,0,1510,1520,-336,-1032,-17208,24,39,-30,0
S,31311847,dn,18,0,1510,1520,-320,-960,-17000,21,42,-28,0
S,31316847,dn,18,0,1510,1520,-280,-1136,-17224,22,38,-27,0
S,31321847,dn,18,0,1510,1520,-272,-992,-17104,22,33,-31,0
S,31326847,dn,18,0,1510,1520,-376,-1136,-17112,37,29,-29,0
S,31331847,dn,18,0,1510,1520,-336,-1016,-17072,41,23,-30,0
S,31336847,dn,18,0,1510,1520,-232,-984,-17128,46,15,-30,0
S,31341847,dn,18,0,1510,1520,-312,-1064,-17008,53,13,-30,0
S,31346847,dn,18,0,1510,1520,-168,-1024,-17144,57,3,-24,0
S,31351847,dn,18,0,1510,1520,-320,-960,-17160,50,-2,-32,0
S,31356847,dn,18,0,1510,1520,-264,-904,-17040,35,9,-36,0
S,31361847,dn,18,0,1510,1520,-304,-1016,-17120,36,13,-24,0
S,31366847,dn,18,0,1510,1520,-96,-1064,-17072,39,23,-28,0
S,31371847,dn,18,0,1510,1520,-272,-1064,-17016,33,24,-32,0
S,31376847,dn,18,0,1510,1520,-328,-1016,-17088,34,39,-25,0
S,31381847,dn,18,0,1510,1520,-288,-1056,-17144,37,40,-26,0
S,31386847,dn,18,0,1510,1520,-192,-1032,-17112,39,40,-30,0
S,31391847,dn,18,0,1510,1520,-200,-960,-17128,37,40,-30,0
S,31396848,dn,18,0,1510,1520,-232,-1016,-16968,36,39,-25,0
S,31401847,dn,18,0,1510,1520,-296,-968,-17168,44,25,-29,0
S,31406847,dn,18,0,1510,1520,-112,-1008,-17056,34,18,-29,0
S,31411847,dn,18,0,1510,1520,-304,-1080,-17040,33,15,-33,0
S,31416847,dn,18,0,1510,1520,-216,-904,-17048,32,9,-26,0
S,31421847,dn,18,0,1510,1520,-248,-912,-17128,38,10,-29,0
S,31426847,dn,18,0,1510,1520,-264,-920,-17096,39,13,-28,0
S,31431847,dn,18,0,1510,1520,-168,-1024,-17088,41,19,-26,0
S,31436847,dn,18,0,1510,1520,-200,-1144,-17056,39,25,-32,0
S,31441847,dn,18,0,1510,1520,-360,-1072,-17272,40,22,-36,0
S,31446847,dn,18,0,1510,1520,-304,-864,-17072,39,30,-28,0
S,31451847,dn,18,0,1510,1520,-312,-1096,-17072,41,24,-26,0
S,31456847,dn,18,0,1510,1520,-280,-928,-17112,31,31,-33,0
S,31461847,dn,18,0,1510,1520,-240,-976,-17056,33,31,-25,0
S,31466847,dn,18,0,1510,1520,-224,-976,-17056,30,29,-31,0
S,31471847,dn,18,0,1510,1520,-312,-1056,-17096,31,23,-32,0
S,31476847,dn,18,0,1510,1520,-248,-888,-17016,42,22,-33,0
S,31481847,dn,18,0,1510,1520,-272,-1000,-16976,44,22,-33,0
S,31486847,dn,18,0,1510,1520,-360,-920,-17016,45,21,-20,0
S,31491847,dn,18,0,1510,1520,-376,-952,-17120,42,21,-28,0
S,31496847,dn,18,0,1510,1520,-296,-1016,-17064,45,12,-26,0
S,31501847,dn,18,0,1510,1520,-336,-920,-17120,41,14,-29,0
S,31506847,dn,18,0,1510,1520,-312,-952,-17096,35,24,-26,0
S,31511847,dn,18,0,1510,1520,-256,-1056,-17144,36,19,-27,0
S,31516847,dn,18,0,1510,1520,-184,-1056,-17056,32,25,-29,0
S,31521847,dn,18,0,1510,1520,-256,-960,-17040,32,24,-27,0
S,31526847,dn,18,0,1510,1520,-264,-1064,-17136,34,25,-39,0
S,31531847,dn,18,0,1510,1520,-232,-1008,-17104,38,30,-29,0
S,31536847,dn,18,0,1510,1520,-264,-1056,-17080,39,25,-28,0
S,31541847,dn,18,0,1510,1520,-216,-1000,-17056,43,25,-29,0
S,31546847,dn,18,0,1510,1520,-280,-1016,-17152,37,26,-26,0
S,31551847,dn,18,0,1510,1520,-224,-1024,-17184,43,21,-33,0
S,31556848,dn,18,0,1510,1520,-160,-1032,-17096,36,19,-32,0
E,31556952,dn,19,0,1500,1520,,,,,,,0
S,31557587,dn,19,0,1500,1520,-208,-1072,-17128,36,19,-36,0
S,31562579,dn,19,0,1500,1520,-224,-952,-17072,32,20,-32,0
S,31567577,dn,19,0,1500,1520,-16,-1080,-17168,33,20,-24,0
S,31572577,dn,19,0,1500,1520,-824,-576,-17384,38,14,-9,0
S,31577578,dn,19,0,1500,1520,-2632,-1792,-16880,34,33,-31,0
S,31582578,dn,19,0,1500,1520,232,-520,-17584,51,82,14,0
S,31587578,dn,19,0,1500,1520,432,-1384,-16792,60,83,-20,0
S,31592578,dn,19,0,1500,1520,-232,-352,-17296,59,107,-24,0
S,31597577,dn,19,0,1500,1520,80,-712,-17008,63,137,-34,0
S,31602577,dn,19,0,1500,1520,184,-1272,-17136,55,158,-33,0
S,31607577,dn,19,0,1500,1520,-480,-1328,-17088,42,171,-29,0
S,31612577,dn,19,0,1500,1520,-808,-912,-16312,29,205,-48,0
S,31617577,dn,19,0,1500,1520,-1344,-2176,-16952,16,176,-66,0
S,31622577,dn,19,0,1500,1520,136,-608,-17368,9,171,-43,0
S,31627577,dn,19,0,1500,1520,128,-672,-16928,0,163,-45,0
S,31632577,dn,19,0,1500,1520,-504,-1224,-17392,-2,135,-45,0
S,31637577,dn,19,0,1500,1520,-168,-1072,-16848,17,99,-40,0
S,31642578,dn,19,0,1500,1520,-168,-1064,-17400,21,60,-40,0
S,31647578,dn,19,0,1500,1520,-48,-1088,-16896,33,37,-33,0
S,31652578,dn,19,0,1500,1520,-312,-968,-17376,49,3,-35,0
S,31657577,dn,19,0,1500,1520,152,-1112,-17024,61,-25,-28,0
S,31662577,dn,19,0,1500,1520,-184,-936,-17080,63,-45,-26,0
S,31667577,dn,19,0,1500,1520,-8,-848,-17224,58,-44,-25,0
S,31672577,dn,19,0,1500,1520,-144,-1008,-17048,57,-40,-29,0
S,31677577,dn,19,0,1500,1520,-112,-976,-17184,52,-29,-26,0
S,31682577,dn,19,0,1500,1520,-24,-1056,-17136,47,-10,-23,0
S,31687577,dn,19,0,1500,1520,-144,-1024,-17208,35,6,-29,0
S,31692577,dn,19,0,1500,1520,-168,-912,-17048,29,38,-24,0
S,31697577,dn,19,0,1500,1520,-176,-976,-17096,26,52,-31,0
S,31702577,dn,19,0,1500,1520,-184,-800,-17088,27,62,-35,0
S,31707577,dn,19,0,1500,1520,-136,-888,-16984,19,67,-35,0
S,31712577,dn,19,0,1500,1520,-184,-904,-17288,20,64,-31,0
S,31717577,dn,19,0,1500,1520,-264,-1000,-17008,33,57,-25,0
S,31722577,dn,19,0,1500,1520,-272,-952,-17200,38,41,-27,0
S,31727577,dn,19,0,1500,1520,-104,-832,-17064,45,25,-28,0
S,31732578,dn,19,0,1500,1520,-72,-1024,-17152,42,13,-32,0
S,31737577,dn,19,0,1500,1520,-56,-864,-17104,44,-10,-27,0
S,31742577,dn,19,0,1500,1520,-136,-1056,-17024,45,-12,-33,0
S,31747578,dn,19,0,1500,1520,-224,-992,-17064,42,-10,-30,0
S,31752577,dn,19,0,1500,1520,-96,-936,-16912,44,-5,-29,0
S,31757577,dn,19,0,1500,1520,-112,-992,-17128,42,2,-32,0
S,31762577,dn,19,0,1500,1520,-160,-928,-16872,40,19,-26,0
S,31767577,dn,19,0,1500,1520,-216,-1024,-17112,39,23,-30,0
S,31772578,dn,19,0,1500,1520,-112,-1016,-17000,36,37,-31,0
S,31777577,dn,19,0,1500,1520,-216,-968,-17120,30,46,-25,0
S,31782577,dn,19,0,1500,1520,-192,-1040,-17040,25,48,-30,0
S,31787577,dn,19,0,1500,1520,-264,-1104,-17136,27,43,-29,0
S,31792577,dn,19,0,1500,1520,56,-1136,-17160,30,40,-30,0
S,31797578,dn,19,0,1500,1520,-208,-880,-17064,29,33,-26,0
S,31802577,dn,19,0,1500,1520,-136,-960,-17104,35,25,-29,0
S,31807577,dn,19,0,1500,1520,-96,-1072,-17176,36,15,-25,0
S,31812578,dn,19,0,1500,1520,32,-896,-17120,42,8,-26,0
S,31817578,dn,19,0,1500,1520,-152,-912,-17120,46,2,-25,0
S,31822578,dn,19,0,1500,1520,-216,-920,-17040,49,0,-26,0
S,31827577,dn,19,0,1500,1520,-104,-968,-17192,45,4,-30,0
S,31832578,dn,19,0,1500,1520,-208,-960,-17112,40,16,-28,0
S,31837577,dn,19,0,1500,1520,-128,-952,-17016,44,14,-29,0
S,31842577,dn,19,0,1500,1520,-176,-984,-17048,30,26,-35,0
S,31847577,dn,19,0,1500,1520,-208,-1040,-17136,27,32,-29,0
S,31852578,dn,19,0,1500,1520,-112,-928,-17160,27,35,-27,0
S,31857578,dn,19,0,1500,1520,-192,-968,-17184,28,41,-25,0
S,31862578,dn,19,0,1500,1520,-96,-832,-17048,33,35,-33,0
S,31867578,dn,19,0,1500,1520,-256,-920,-17000,32,31,-28,0
S,31872578,dn,19,0,1500,1520,-144,-952,-17032,34,31,-28,0
S,31877577,dn,19,0,1500,1520,-160,-1168,-17096,35,29,-31,0
S,31882577,dn,19,0,1500,1520,-264,-856,-17096,40,15,-27,0
S,31887577,dn,19,0,1500,1520,-176,-1000,-17112,43,13,-33,0
S,31892578,dn,19,0,1500,1520,-336,-1000,-16992,45,12,-26,0
S,31897577,dn,19,0,1500,1520,-216,-944,-17184,38,13,-27,0
S,31902577,dn,19,0,1500,1520,-336,-1064,-17176,40,18,-28,0
S,31907577,dn,19,0,1500,1520,-104,-1080,-17040,39,16,-34,0
S,31912577,dn,19,0,1500,1520,-128,-1064,-17080,35,24,-20,0
S,31917578,dn,19,0,1500,1520,-216,-984,-17104,36,24,-30,0
S,31922578,dn,19,0,1500,1520,-128,-856,-17120,32,28,-25,0
S,31927578,dn,19,0,1500,1520,-184,-968,-16976,38,30,-30,0
S,31932578,dn,19,0,1500,1520,-112,-1008,-17064,33,35,-32,0
S,31937578,dn,19,0,1500,1520,-144,-1016,-17112,38,34,-30,0
S,31942577,dn,19,0,1500,1520,-200,-864,-17128,35,28,-29,0
S,31947578,dn,19,0,1500,1520,-168,-1056,-17152,38,19,-28,0
S,31952578,dn,19,0,1500,1520,-216,-976,-17088,36,21,-28,0
S,31957578,dn,19,0,1500,1520,-112,-984,-17128,43,18,-31,0
S,31962578,dn,19,0,1500,1520,-192,-920,-17112,38,13,-26,0
S,31967578,dn,19,0,1500,1520,-40,-840,-17088,41,14,-31,0
S,31972578,dn,19,0,1500,1520,-96,-960,-17072,45,16,-31,0
S,31977577,dn,19,0,1500,1520,-136,-976,-17112,45,22,-28,0
S,31982577,dn,19,0,1500,1520,-184,-976,-17128,41,13,-25,0
S,31987577,dn,19,0,1500,1520,-232,-984,-17144,48,21,-32,0
S,31992578,dn,19,0,1500,1520,-152,-1008,-17160,32,26,-28,0
S,31997578,dn,19,0,1500,1520,-176,-944,-17088,36,27,-29,0
S,32002578,dn,19,0,1500,1520,-72,-976,-17120,31,28,-31,0
S,32007578,dn,19,0,1500,1520,-168,-944,-17072,34,25,-26,0
S,32012578,dn,19,0,1500,1520,-56,-944,-17056,35,33,-27,0
S,32017578,dn,19,0,1500,1520,-184,-976,-17120,39,32,-29,0
S,32022578,dn,19,0,1500,1520,-216,-960,-17104,38,25,-28,0
S,32027577,dn,19,0,1500,1520,-216,-1096,-17088,35,22,-25,0
S,32032578,dn,19,0,1500,1520,-192,-1008,-17072,37,17,-28,0
S,32037578,dn,19,0,1500,1520,-120,-1000,-17200,35,12,-30,0
S,32042578,dn,19,0,1500,1520,-168,-832,-17208,43,12,-25,0
S,32047578,dn,19,0,1500,1520,-96,-960,-17088,38,12,-26,0
S,32052578,dn,19,0,1500,1520,-152,-912,-17168,46,22,-29,0
S,32057578,dn,19,0,1500,1520,-136,-896,-17064,38,24,-28,0
E,32057680,dn,20,0,1490,1520,,,,,,,0
S,32058311,dn,20,0,1490,1520,-136,-896,-17064,41,23,-27,0
S,32063302,dn,20,0,1490,1520,-96,-1072,-17024,40,25,-31,0
S,32068302,dn,20,0,1490,1520,672,-984,-17088,34,26,-30,0
S,32073301,dn,20,0,1490,1520,104,-1128,-17024,36,30,-36,0
S,32078301,dn,20,0,1490,1520,-192,-728,-17144,44,61,-25,0
S,32083301,dn,20,0,1490,1520,1096,-1248,-16904,49,89,-21,0
S,32088301,dn,20,0,1490,1520,-40,-488,-16648,63,90,-38,0
S,32093301,dn,20,0,1490,1520,752,-2552,-17304,48,107,-43,0
S,32098301,dn,20,0,1490,1520,-64,-264,-17216,42,135,-31,0
S,32103301,dn,20,0,1490,1520,-448,-992,-17040,32,138,-36,0
S,32108301,dn,20,0,1490,1520,-912,-1368,-16376,30,191,-62,0
S,32113301,dn,20,0,1490,1520,-832,-1160,-17680,30,192,-43,0
S,32118301,dn,20,0,1490,1520,-1664,-1288,-16632,39,218,-35,0
S,32123301,dn,20,0,1490,1520,-216,-296,-17128,46,211,-45,0
S,32128301,dn,20,0,1490,1520,-24,-1152,-17536,28,214,-46,0
S,32133301,dn,20,0,1490,1520,-360,-1144,-16816,21,185,-48,0
S,32138301,dn,20,0,1490,1520,-456,-656,-17336,7,144,-51,0
S,32143301,dn,20,0,1490,1520,144,-920,-17000,-3,110,-56,0
S,32148301,dn,20,0,1490,1520,-392,-1072,-17384,5,78,-47,0
S,32153301,dn,20,0,1490,1520,288,-816,-16976,16,37,-35,0
S,32158301,dn,20,0,1490,1520,-280,-1000,-17312,37,-1,-31,0
S,32163301,dn,20,0,1490,1520,72,-960,-17088,52,-21,-26,0
S,32168301,dn,20,0,1490,1520,56,-864,-17008,65,-43,-23,0
S,32173301,dn,20,0,1490,1520,88,-872,-17136,73,-45,-26,0
S,32178301,dn,20,0,1490,1520,-88,-912,-16992,68,-43,-26,0
S,32183301,dn,20,0,1490,1520,-96,-816,-17272,64,-37,-27,0
S,32188301,dn,20,0,1490,1520,40,-880,-16984,52,-13,-24,0
S,32193301,dn,20,0,1490,1520,-192,-992,-17096,42,3,-23,0
S,32198301,dn,20,0,1490,1520,128,-944,-17136,21,16,-27,0
S,32203301,dn,20,0,1490,1520,-112,-960,-17120,20,43,-29,0
S,32208301,dn,20,0,1490,1520,72,-1008,-17040,17,54,-30,0
S,32213301,dn,20,0,1490,1520,80,-904,-17088,24,68,-28,0
S,32218301,dn,20,0,1490,1520,-56,-976,-17160,23,68,-31,0
S,32223301,dn,20,0,1490,1520,40,-1032,-17064,32,56,-30,0
S,32228301,dn,20,0,1490,1520,0,-912,-17064,37,50,-34,0
S,32233301,dn,20,0,1490,1520,-96,-896,-16968,41,32,-34,0
S,32238301,dn,20,0,1490,1520,40,-736,-17048,43,16,-33,0
S,32243301,dn,20,0,1490,1520,56,-800,-17128,44,2,-22,0
S,32248301,dn,20,0,1490,1520,16,-1008,-17184,41,-6,-22,0
S,32253301,dn,20,0,1490,1520,48,-976,-17104,43,-11,-28,0
S,32258301,dn,20,0,1490,1520,-144,-952,-17008,42,-5,-22,0
S,32263301,dn,20,0,1490,1520,-56,-1032,-17048,42,-6,-28,0
S,32268301,dn,20,0,1490,1520,104,-1088,-17112,47,9,-32,0
S,32273301,dn,20,0,1490,1520,-160,-928,-17088,41,20,-33,0
S,32278301,dn,20,0,1490,1520,-104,-984,-17088,47,34,-32,0
S,32283301,dn,20,0,1490,1520,-64,-1056,-17136,40,44,-29,0
S,32288301,dn,20,0,1490,1520,-56,-952,-17096,30,48,-26,0
S,32293301,dn,20,0,1490,1520,8,-832,-17096,28,47,-28,0
S,32298301,dn,20,0,1490,1520,120,-968,-17264,25,41,-28,0
S,32303301,dn,20,0,1490,1520,-96,-1040,-17008,27,31,-27,0
S,32308301,dn,20,0,1490,1520,80,-1048,-17224,31,29,-25,0
S,32313301,dn,20,0,1490,1520,-24,-1000,-17184,35,23,-27,0
S,32318301,dn,20,0,1490,1520,-64,-952,-17032,45,9,-33,0
S,32323301,dn,20,0,1490,1520,0,-1152,-17064,45,6,-29,0
S,32328301,dn,20,0,1490,1520,-48,-952,-17072,49,11,-30,0
S,32333301,dn,20,0,1490,1520,-160,-808,-17120,50,4,-30,0
S,32338301,dn,20,0,1490,1520,64,-856,-17168,48,9,-26,0
S,32343301,dn,20,0,1490,1520,-32,-984,-17104,41,15,-30,0
S,32348301,dn,20,0,1490,1520,-112,-992,-17128,34,21,-34,0
S,32353301,dn,20,0,1490,1520,-152,-904,-17128,29,30,-27,0
S,32358301,dn,20,0,1490,1520,-112,-832,-17128,27,33,-31,0
S,32363301,dn,20,0,1490,1520,-48,-968,-17192,33,38,-29,0
S,32368301,dn,20,0,1490,1520,24,-1088,-17144,37,32,-31,0
S,32373301,dn,20,0,1490,1520,-80,-960,-17104,34,36,-29,0
S,32378301,dn,20,0,1490,1520,-112,-1000,-17288,37,29,-24,0
S,32383301,dn,20,0,1490,1520,88,-840,-17000,45,31,-35,0
S,32388301,dn,20,0,1490,1520,-8,-936,-17096,44,19,-32,0
S,32393301,dn,20,0,1490,1520,-24,-984,-17048,38,15,-26,0
S,32398301,dn,20,0,1490,1520,-56,-960,-17048,43,6,-25,0
S,32403301,dn,20,0,1490,1520,-192,-904,-17024,38,7,-22,0
S,32408301,dn,20,0,1490,1520,-48,-992,-17040,37,9,-25,0
S,32413301,dn,20,0,1490,1520,-24,-872,-17184,42,11,-22,0
S,32418301,dn,20,0,1490,1520,-56,-960,-17056,36,18,-26,0
S,32423301,dn,20,0,1490,1520,0,-968,-17048,42,20,-35,0
S,32428301,dn,20,0,1490,1520,-32,-960,-16968,42,27,-26,0
S,32433301,dn,20,0,1490,1520,-32,-1056,-17016,42,28,-23,0
S,32438301,dn,20,0,1490,1520,-24,-1064,-17120,35,27,-28,0
S,32443301,dn,20,0,1490,1520,-72,-952,-17064,29,32,-32,0
S,32448301,dn,20,0,1490,1520,56,-1000,-17120,30,28,-31,0
S,32453301,dn,20,0,1490,1520,88,-936,-17112,32,23,-29,0
S,32458301,dn,20,0,1490,1520,-24,-936,-16968,35,18,-26,0
S,32463301,dn,20,0,1490,1520,-16,-968,-17080,39,18,-27,0
S,32468301,dn,20,0,1490,1520,-8,-968,-17008,43,17,-28,0
S,32473301,dn,20,0,1490,1520,-8,-968,-17032,47,19,-27,0
S,32478301,dn,20,0,1490,1520,-88,-1072,-17000,42,16,-32,0
S,32483301,dn,20,0,1490,1520,-16,-1040,-17128,43,13,-28,0
S,32488301,dn,20,0,1490,1520,40,-888,-16976,41,18,-33,0
S,32493301,dn,20,0,1490,1520,152,-864,-17176,39,22,-27,0
S,32498301,dn,20,0,1490,1520,-120,-992,-17112,34,27,-28,0
S,32503301,dn,20,0,1490,1520,-144,-1024,-17064,31,24,-30,0
S,32508301,dn,20,0,1490,1520,-64,-792,-17104,38,28,-20,0
S,32513301,dn,20,0,1490,1520,120,-1136,-17200,32,28,-31,0
S,32518301,dn,20,0,1490,1520,-24,-968,-17008,35,30,-27,0
S,32523301,dn,20,0,1490,1520,24,-976,-16968,35,24,-29,0
S,32528301,dn,20,0,1490,1520,16,-880,-16992,43,29,-29,0
S,32533301,dn,20,0,1490,1520,24,-1000,-17048,38,25,-32,0
S,32538301,dn,20,0,1490,1520,-48,-936,-17024,37,17,-30,0
S,32543301,dn,20,0,1490,1520,32,-1040,-17008,42,21,-30,0
S,32548301,dn,20,0,1490,1520,-96,-1008,-17064,40,17,-27,0
S,32553301,dn,20,0,1490,1520,-64,-1032,-17040,37,20,-30,0
S,32558302,dn,20,0,1490,1520,112,-992,-17072,31,19,-30,0
E,32558404,dn,21,0,1480,1520,,,,,,,0
S,32559039,dn,21,0,1480,1520,-88,-1024,-17072,31,19,-30,0
S,32564030,dn,21,0,1480,1520,-48,-1016,-17064,36,20,-29,0
S,32569029,dn,21,0,1480,1520,-144,-1048,-17104,39,22,-20,0
S,32574029,dn,21,0,1480,1520,-3064,-1720,-17216,40,38,-15,0
S,32579028,dn,21,0,1480,1520,2672,312,-17008,47,53,-37,0
S,32584029,dn,21,0,1480,1520,1576,-648,-17144,53,69,-23,0
S,32589029,dn,21,0,1480,1520,-1688,-4120,-16584,42,87,-53,0
S,32594028,dn,21,0,1480,1520,1080,-360,-17088,42,112,-47,0
S,32599029,dn,21,0,1480,1520,-1616,-1624,-16920,56,130,-13,0
S,32604029,dn,21,0,1480,1520,-1416,-2144,-17064,50,163,-36,0
S,32609028,dn,21,0,1480,1520,-664,312,-17776,38,200,-25,0
S,32614029,dn,21,0,1480,1520,-160,-808,-16344,39,206,-29,0
S,32619028,dn,21,0,1480,1520,-200,-344,-17848,27,220,-38,0
S,32624028,dn,21,0,1480,1520,-664,-1120,-16776,16,228,-38,0
S,32629028,dn,21,0,1480,1520,-568,-376,-17264,13,202,-37,0
S,32634028,dn,21,0,1480,1520,120,-944,-17104,7,189,-41,0
S,32639028,dn,21,0,1480,1520,-40,-832,-17104,4,165,-34,0
S,32644028,dn,21,0,1480,1520,-40,-1120,-16912,12,142,-36,0
S,32649028,dn,21,0,1480,1520,-152,-1104,-17168,27,112,-33,0
S,32654028,dn,21,0,1480,1520,-40,-816,-16976,52,95,-27,0
S,32659029,dn,21,0,1480,1520,0,-1248,-17144,65,61,-37,0
S,32664029,dn,21,0,1480,1520,32,-1024,-16968,62,30,-29,0
S,32669029,dn,21,0,1480,1520,48,-808,-17208,54,1,-31,0
S,32674029,dn,21,0,1480,1520,184,-896,-17104,40,-18,-29,0
S,32679029,dn,21,0,1480,1520,80,-872,-17112,28,-35,-27,0
S,32684028,dn,21,0,1480,1520,248,-1024,-17192,26,-30,-24,0
S,32689028,dn,21,0,1480,1520,-72,-1024,-17104,25,-28,-24,0
S,32694028,dn,21,0,1480,1520,216,-1000,-17192,32,-12,-30,0
S,32699029,dn,21,0,1480,1520,192,-984,-16952,47,10,-27,0
S,32704029,dn,21,0,1480,1520,184,-1112,-17064,53,30,-26,0
S,32709029,dn,21,0,1480,1520,128,-960,-17168,61,49,-34,0
S,32714029,dn,21,0,1480,1520,88,-1048,-17032,51,59,-26,0
S,32719029,dn,21,0,1480,1520,240,-728,-17056,34,58,-40,0
S,32724029,dn,21,0,1480,1520,40,-920,-17008,26,58,-26,0
S,32729029,dn,21,0,1480,1520,64,-880,-16976,18,34,-26,0
S,32734029,dn,21,0,1480,1520,96,-1000,-17120,10,35,-26,0
S,32739028,dn,21,0,1480,1520,216,-992,-17120,21,19,-25,0
S,32744028,dn,21,0,1480,1520,176,-976,-17048,32,13,-28,0
S,32749028,dn,21,0,1480,1520,120,-976,-17016,50,10,-30,0
S,32754028,dn,21,0,1480,1520,224,-1048,-17152,56,0,-28,0
S,32759028,dn,21,0,1480,1520,152,-888,-17064,63,5,-28,0
S,32764029,dn,21,0,1480,1520,112,-1000,-17080,64,5,-31,0
S,32769028,dn,21,0,1480,1520,96,-912,-17104,56,17,-27,0
S,32774029,dn,21,0,1480,1520,136,-888,-17096,41,15,-28,0
S,32779029,dn,21,0,1480,1520,184,-912,-17064,28,22,-30,0
S,32784029,dn,21,0,1480,1520,-40,-920,-17168,26,28,-30,0
S,32789028,dn,21,0,1480,1520,8,-944,-17048,12,32,-29,0
S,32794029,dn,21,0,1480,1520,96,-1048,-17112,20,38,-29,0
S,32799029,dn,21,0,1480,1520,160,-864,-16976,22,40,-29,0
S,32804029,dn,21,0,1480,1520,184,-1016,-17000,36,37,-27,0
S,32809029,dn,21,0,1480,1520,240,-944,-17072,45,33,-28,0
S,32814029,dn,21,0,1480,1520,72,-1024,-17088,48,26,-29,0
S,32819028,dn,21,0,1480,1520,224,-912,-17104,50,23,-28,0
S,32824028,dn,21,0,1480,1520,160,-960,-17088,39,15,-28,0
S,32829029,dn,21,0,1480,1520,176,-768,-17128,36,4,-28,0
S,32834028,dn,21,0,1480,1520,296,-1000,-17136,33,5,-27,0
S,32839029,dn,21,0,1480,1520,120,-1056,-17000,29,10,-23,0
S,32844029,dn,21,0,1480,1520,104,-976,-17224,34,10,-31,0
S,32849028,dn,21,0,1480,1520,88,-1032,-17112,40,15,-27,0
S,32854028,dn,21,0,1480,1520,120,-1080,-17112,43,26,-25,0
S,32859029,dn,21,0,1480,1520,48,-1032,-17072,45,30,-28,0
S,32864029,dn,21,0,1480,1520,16,-1032,-17128,49,42,-32,0
S,32869028,dn,21,0,1480,1520,192,-1032,-17120,39,38,-28,0
S,32874029,dn,21,0,1480,1520,136,-1008,-17128,39,34,-29,0
S,32879029,dn,21,0,1480,1520,168,-928,-17128,28,28,-31,0
S,32884029,dn,21,0,1480,1520,120,-904,-17016,29,24,-29,0
S,32889028,dn,21,0,1480,1520,152,-976,-17224,29,20,-28,0
S,32894029,dn,21,0,1480,1520,136,-1128,-17088,38,18,-30,0
S,32899029,dn,21,0,1480,1520,232,-1088,-17096,42,18,-30,0
S,32904028,dn,21,0,1480,1520,104,-912,-17184,50,23,-29,0
S,32909028,dn,21,0,1480,1520,152,-872,-17248,55,25,-31,0
S,32914029,dn,21,0,1480,1520,152,-848,-17160,44,22,-25,0
S,32919029,dn,21,0,1480,1520,152,-928,-17128,42,21,-27,0
S,32924029,dn,21,0,1480,1520,-32,-944,-17136,36,23,-31,0
S,32929028,dn,21,0,1480,1520,232,-1000,-17192,32,22,-26,0
S,32934029,dn,21,0,1480,1520,56,-976,-17072,29,22,-21,0
S,32939029,dn,21,0,1480,1520,72,-968,-17032,27,16,-33,0
S,32944029,dn,21,0,1480,1520,208,-1032,-17128,34,26,-27,0
S,32949029,dn,21,0,1480,1520,160,-968,-17096,35,24,-36,0
S,32954028,dn,21,0,1480,1520,152,-1056,-17016,41,28,-21,0
S,32959029,dn,21,0,1480,1520,72,-920,-17032,45,25,-30,0
S,32964029,dn,21,0,1480,1520,168,-912,-17040,43,31,-28,0
S,32969028,dn,21,0,1480,1520,104,-872,-17080,40,25,-31,0
S,32974029,dn,21,0,1480,1520,256,-872,-17032,33,17,-28,0
S,32979029,dn,21,0,1480,1520,104,-1024,-17136,34,20,-24,0
S,32984029,dn,21,0,1480,1520,120,-912,-17136,32,16,-25,0
S,32989029,dn,21,0,1480,1520,232,-960,-17184,28,18,-32,0
S,32994029,dn,21,0,1480,1520,88,-952,-17152,37,22,-31,0
S,32999029,dn,21,0,1480,1520,152,-1032,-17120,37,22,-30,0
S,33004028,dn,21,0,1480,1520,120,-1008,-17200,42,24,-26,0
S,33009029,dn,21,0,1480,1520,72,-1096,-17152,43,25,-30,0
S,33014028,dn,21,0,1480,1520,104,-848,-17128,47,26,-26,0
S,33019029,dn,21,0,1480,1520,72,-992,-17144,41,26,-27,0
S,33024029,dn,21,0,1480,1520,128,-872,-17152,39,22,-21,0
S,33029029,dn,21,0,1480,1520,160,-944,-17152,31,24,-24,0
S,33034028,dn,21,0,1480,1520,176,-976,-17064,35,18,-21,0
S,33039028,dn,21,0,1480,1520,192,-1024,-17136,31,21,-33,0
S,33044029,dn,21,0,1480,1520,88,-1040,-17080,34,22,-27,0
S,33049029,dn,21,0,1480,1520,144,-1144,-17160,37,22,-32,0
S,33054028,dn,21,0,1480,1520,144,-1072,-17208,39,27,-35,0
S,33059029,dn,21,0,1480,1520,112,-1064,-17032,44,28,-31,0
E,33059131,dn,22,0,1470,1520,,,,,,,0
S,33059768,dn,22,0,1470,1520,184,-960,-17168,45,27,-28,0
S,33064759,dn,22,0,1470,1520,0,-1040,-17144,43,21,-28,0
S,33069757,dn,22,0,1470,1520,312,-992,-17152,47,25,-30,0
S,33074757,dn,22,0,1470,1520,696,-1120,-17168,37,26,-19,0
S,33079757,dn,22,0,1470,1520,168,-824,-17056,34,33,-39,0
S,33084757,dn,22,0,1470,1520,728,48,-17536,29,63,-41,0
S,33089757,dn,22,0,1470,1520,976,-1600,-17040,44,81,-29,0
S,33094757,dn,22,0,1470,1520,376,-1248,-17232,47,116,-27,0
S,33099757,dn,22,0,1470,1520,424,-1024,-17032,63,152,-24,0
S,33104757,dn,22,0,1470,1520,256,-824,-17048,61,189,-22,0
S,33109757,dn,22,0,1470,1520,-376,-1728,-17528,49,218,-27,0
S,33114757,dn,22,0,1470,1520,856,-696,-16720,42,237,-30,0
S,33119757,dn,22,0,1470,1520,248,-824,-17336,29,252,-32,0
S,33124757,dn,22,0,1470,1520,-152,-1528,-16576,17,249,-38,0
S,33129757,dn,22,0,1470,1520,48,-992,-17256,6,230,-48,0
S,33134757,dn,22,0,1470,1520,208,-632,-17176,-1,200,-50,0
S,33139757,dn,22,0,1470,1520,-48,-1080,-17072,-3,171,-46,0
S,33144757,dn,22,0,1470,1520,-24,-1088,-17048,-5,122,-54,0
S,33149757,dn,22,0,1470,1520,312,-952,-17104,17,85,-46,0
S,33154757,dn,22,0,1470,1520,200,-904,-17144,30,46,-38,0
S,33159757,dn,22,0,1470,1520,328,-1016,-17056,47,6,-31,0
S,33164757,dn,22,0,1470,1520,288,-1048,-17144,57,-32,-27,0
S,33169757,dn,22,0,1470,1520,328,-976,-17088,61,-56,-22,0
S,33174757,dn,22,0,1470,1520,328,-1008,-17136,63,-57,-23,0
S,33179757,dn,22,0,1470,1520,336,-1048,-17024,61,-58,-21,0
S,33184757,dn,22,0,1470,1520,320,-920,-17032,55,-50,-22,0
S,33189757,dn,22,0,1470,1520,240,-960,-17168,47,-26,-20,0
S,33194757,dn,22,0,1470,1520,384,-912,-17192,37,-9,-21,0
S,33199757,dn,22,0,1470,1520,336,-944,-16952,30,15,-27,0
S,33204757,dn,22,0,1470,1520,400,-1032,-16992,31,39,-29,0
S,33209757,dn,22,0,1470,1520,344,-1032,-17080,24,50,-26,0
S,33214757,dn,22,0,1470,1520,184,-928,-16976,22,65,-29,0
S,33219757,dn,22,0,1470,1520,408,-904,-17104,29,71,-28,0
S,33224757,dn,22,0,1470,1520,368,-1040,-17120,37,68,-29,0
S,33229757,dn,22,0,1470,1520,464,-952,-17128,30,56,-26,0
S,33234757,dn,22,0,1470,1520,248,-1064,-17080,32,32,-30,0
S,33239757,dn,22,0,1470,1520,360,-928,-17136,33,26,-26,0
S,33244757,dn,22,0,1470,1520,368,-824,-17032,42,5,-25,0
S,33249757,dn,22,0,1470,1520,272,-1016,-17080,41,3,-31,0
S,33254757,dn,22,0,1470,1520,280,-1128,-17128,41,-4,-30,0
S,33259757,dn,22,0,1470,1520,184,-1064,-17048,44,-8,-30,0
S,33264757,dn,22,0,1470,1520,328,-1000,-17064,40,-3,-27,0
S,33269757,dn,22,0,1470,1520,304,-880,-17120,54,1,-26,0
S,33274757,dn,22,0,1470,1520,296,-888,-17144,46,16,-32,0
S,33279757,dn,22,0,1470,1520,296,-960,-17176,37,28,-30,0
S,33284757,dn,22,0,1470,1520,176,-952,-17072,36,37,-31,0
S,33289757,dn,22,0,1470,1520,248,-952,-17008,24,37,-26,0
S,33294757,dn,22,0,1470,1520,256,-1008,-17120,23,43,-37,0
S,33299757,dn,22,0,1470,1520,264,-952,-17032,25,41,-28,0
S,33304757,dn,22,0,1470,1520,272,-904,-17232,33,39,-28,0
S,33309757,dn,22,0,1470,1520,408,-968,-17152,31,27,-28,0
S,33314757,dn,22,0,1470,1520,264,-1064,-17136,40,23,-30,0
S,33319757,dn,22,0,1470,1520,360,-920,-17096,47,12,-29,0
S,33324758,dn,22,0,1470,1520,376,-1056,-17024,44,14,-23,0
S,33329757,dn,22,0,1470,1520,296,-1040,-17064,46,10,-30,0
S,33334757,dn,22,0,1470,1520,376,-888,-16936,46,13,-28,0
S,33339757,dn,22,0,1470,1520,304,-872,-17080,38,3,-31,0
S,33344757,dn,22,0,1470,1520,328,-928,-17032,36,16,-35,0
S,33349757,dn,22,0,1470,1520,256,-1064,-17048,34,18,-27,0
S,33354757,dn,22,0,1470,1520,432,-1016,-17016,36,30,-28,0
S,33359757,dn,22,0,1470,1520,144,-984,-17128,31,31,-28,0
S,33364758,dn,22,0,1470,1520,160,-984,-17112,34,34,-32,0
S,33369757,dn,22,0,1470,1520,248,-1040,-17216,32,39,-24,0
S,33374757,dn,22,0,1470,1520,504,-912,-16984,36,36,-29,0
S,33379757,dn,22,0,1470,1520,224,-920,-17048,37,33,-35,0
S,33384757,dn,22,0,1470,1520,328,-968,-17128,40,25,-31,0
S,33389757,dn,22,0,1470,1520,320,-896,-17064,36,18,-28,0
S,33394757,dn,22,0,1470,1520,216,-1008,-17160,34,17,-27,0
S,33399758,dn,22,0,1470,1520,256,-952,-17136,43,9,-27,0
S,33404757,dn,22,0,1470,1520,272,-872,-17088,39,8,-28,0
S,33409757,dn,22,0,1470,1520,336,-1000,-17128,46,9,-28,0
S,33414757,dn,22,0,1470,1520,376,-984,-17104,44,14,-25,0
S,33419757,dn,22,0,1470,1520,304,-928,-17040,42,15,-29,0
S,33424757,dn,22,0,1470,1520,304,-944,-17056,39,26,-33,0
S,33429757,dn,22,0,1470,1520,336,-1016,-17096,44,30,-28,0
S,33434757,dn,22,0,1470,1520,360,-1064,-16944,36,32,-31,0
S,33439757,dn,22,0,1470,1520,360,-904,-16976,29,30,-24,0
S,33444757,dn,22,0,1470,1520,208,-1016,-17064,35,35,-29,0
S,33449757,dn,22,0,1470,1520,280,-992,-16960,33,27,-24,0
S,33454757,dn,22,0,1470,1520,320,-1040,-17064,36,28,-25,0
S,33459757,dn,22,0,1470,1520,376,-1024,-17176,33,27,-31,0
S,33464757,dn,22,0,1470,1520,304,-1056,-17176,43,20,-33,0
S,33469757,dn,22,0,1470,1520,336,-936,-17120,41,19,-35,0
S,33474757,dn,22,0,1470,1520,376,-1032,-17168,43,23,-29,0
S,33479757,dn,22,0,1470,1520,440,-976,-16936,44,16,-33,0
S,33484757,dn,22,0,1470,1520,352,-800,-17200,44,19,-25,0
S,33489757,dn,22,0,1470,1520,240,-976,-17080,39,21,-26,0
S,33494757,dn,22,0,1470,1520,376,-976,-17088,39,17,-27,0
S,33499757,dn,22,0,1470,1520,232,-944,-17088,34,21,-27,0
S,33504757,dn,22,0,1470,1520,328,-912,-17104,43,28,-31,0
S,33509758,dn,22,0,1470,1520,344,-1024,-16952,33,26,-28,0
S,33514757,dn,22,0,1470,1520,288,-864,-17128,29,26,-30,0
S,33519757,dn,22,0,1470,1520,368,-1016,-17064,40,29,-26,0
S,33524757,dn,22,0,1470,1520,168,-984,-17032,40,30,-31,0
S,33529757,dn,22,0,1470,1520,264,-944,-17056,37,28,-27,0
S,33534757,dn,22,0,1470,1520,328,-936,-17048,37,23,-27,0
S,33539757,dn,22,0,1470,1520,192,-776,-17152,34,20,-28,0
S,33544758,dn,22,0,1470,1520,352,-968,-17224,40,19,-26,0
S,33549757,dn,22,0,1470,1520,272,-928,-17208,37,15,-30,0
S,33554757,dn,22,0,1470,1520,288,-1000,-17016,44,19,-33,0
S,33559757,dn,22,0,1470,1520,352,-936,-17120,41,16,-34,0
E,33559860,dn,23,0,1460,1520,,,,,,,0
S,33560492,dn,23,0,1460,1520,312,-912,-17128,40,21,-32,0
S,33565483,dn,23,0,1460,1520,256,-920,-17168,40,18,-31,0
S,33570481,dn,23,0,1460,1520,848,-1056,-17112,42,25,-26,0
S,33575482,dn,23,0,1460,1520,776,-1000,-17072,45,32,-21,0
S,33580481,dn,23,0,1460,1520,3008,-384,-17224,44,72,-2,0
S,33585481,dn,23,0,1460,1520,992,-2840,-16432,41,78,-45,0
S,33590481,dn,23,0,1460,1520,3512,1336,-17248,61,89,-18,0
S,33595481,dn,23,0,1460,1520,-136,-2320,-16768,51,110,-10,0
S,33600481,dn,23,0,1460,1520,712,-600,-16936,45,149,-39,0
S,33605481,dn,23,0,1460,1520,1304,-1824,-17144,40,171,-23,0
S,33610481,dn,23,0,1460,1520,-184,-664,-16848,37,189,-33,0
S,33615481,dn,23,0,1460,1520,16,-1600,-17184,23,219,-31,0
S,33620481,dn,23,0,1460,1520,992,-448,-16944,31,223,-29,0
S,33625481,dn,23,0,1460,1520,1144,-1584,-17024,21,232,-41,0
S,33630481,dn,23,0,1460,1520,-208,-1256,-16968,24,213,-37,0
S,33635481,dn,23,0,1460,1520,864,-1176,-16864,19,200,-46,0
S,33640481,dn,23,0,1460,1520,936,-1064,-17160,19,184,-36,0
S,33645481,dn,23,0,1460,1520,456,-600,-17040,14,158,-38,0
S,33650481,dn,23,0,1460,1520,432,-1104,-17160,25,128,-33,0
S,33655481,dn,23,0,1460,1520,656,-960,-17024,36,121,-36,0
S,33660481,dn,23,0,1460,1520,560,-992,-17160,48,113,-27,0
S,33665481,dn,23,0,1460,1520,480,-1104,-17064,63,101,-32,0
S,33670482,dn,23,0,1460,1520,528,-1152,-17000,64,100,-33,0
S,33675481,dn,23,0,1460,1520,24,-1088,-16960,55,83,-32,0
S,33680481,dn,23,0,1460,1520,584,-960,-17040,52,71,-30,0
S,33685481,dn,23,0,1460,1520,368,-1096,-17096,31,52,-34,0
S,33690481,dn,23,0,1460,1520,520,-840,-16904,18,37,-25,0
S,33695481,dn,23,0,1460,1520,592,-1080,-17000,10,28,-24,0
S,33700481,dn,23,0,1460,1520,632,-904,-17176,10,13,-29,0
S,33705481,dn,23,0,1460,1520,536,-992,-17048,23,0,-26,0
S,33710481,dn,23,0,1460,1520,656,-1048,-17192,39,-4,-28,0
S,33715481,dn,23,0,1460,1520,624,-920,-17064,51,5,-25,0
S,33720481,dn,23,0,1460,1520,408,-824,-17008,66,8,-31,0
S,33725481,dn,23,0,1460,1520,616,-944,-17136,67,18,-32,0
S,33730481,dn,23,0,1460,1520,520,-912,-17072,58,20,-30,0
S,33735481,dn,23,0,1460,1520,512,-1032,-17072,52,26,-29,0
S,33740481,dn,23,0,1460,1520,504,-840,-17024,30,26,-29,0
S,33745481,dn,23,0,1460,1520,504,-816,-17064,17,31,-30,0
S,33750481,dn,23,0,1460,1520,648,-976,-17008,17,33,-28,0
S,33755481,dn,23,0,1460,1520,488,-1008,-17112,16,32,-31,0
S,33760481,dn,23,0,1460,1520,544,-984,-17144,18,37,-27,0
S,33765481,dn,23,0,1460,1520,504,-992,-17120,32,36,-25,0
S,33770481,dn,23,0,1460,1520,600,-992,-17080,41,36,-25,0
S,33775481,dn,23,0,1460,1520,568,-1048,-17024,54,32,-27,0
S,33780481,dn,23,0,1460,1520,584,-960,-17064,57,22,-36,0
S,33785481,dn,23,0,1460,1520,320,-944,-17016,47,19,-28,0
S,33790481,dn,23,0,1460,1520,472,-848,-17024,44,10,-23,0
S,33795481,dn,23,0,1460,1520,448,-904,-17120,34,6,-30,0
S,33800482,dn,23,0,1460,1520,544,-904,-17024,31,4,-28,0
S,33805481,dn,23,0,1460,1520,504,-976,-16984,22,18,-28,0
S,33810481,dn,23,0,1460,1520,544,-1128,-17080,34,21,-29,0
S,33815481,dn,23,0,1460,1520,528,-1008,-17064,39,28,-27,0
S,33820481,dn,23,0,1460,1520,616,-1008,-17024,53,34,-33,0
S,33825481,dn,23,0,1460,1520,608,-992,-17144,41,34,-33,0
S,33830481,dn,23,0,1460,1520,528,-984,-17072,47,39,-28,0
S,33835481,dn,23,0,1460,1520,416,-1032,-17152,39,32,-25,0
S,33840481,dn,23,0,1460,1520,536,-912,-17064,36,29,-30,0
S,33845481,dn,23,0,1460,1520,456,-944,-17144,25,24,-29,0
S,33850481,dn,23,0,1460,1520,528,-1080,-17080,28,18,-27,0
S,33855481,dn,23,0,1460,1520,592,-1080,-17168,26,10,-29,0
S,33860481,dn,23,0,1460,1520,568,-944,-17008,33,15,-23,0
S,33865481,dn,23,0,1460,1520,600,-992,-17016,44,15,-26,0
S,33870481,dn,23,0,1460,1520,464,-1040,-17104,48,25,-30,0
S,33875481,dn,23,0,1460,1520,352,-1048,-17096,48,26,-30,0
S,33880481,dn,23,0,1460,1520,504,-848,-17104,49,31,-29,0
S,33885481,dn,23,0,1460,1520,504,-1088,-17224,49,24,-29,0
S,33890481,dn,23,0,1460,1520,480,-1136,-17176,31,25,-31,0
S,33895481,dn,23,0,1460,1520,536,-952,-17152,34,28,-30,0
S,33900481,dn,23,0,1460,1520,504,-936,-17048,24,28,-27,0
S,33905481,dn,23,0,1460,1520,528,-968,-17064,27,29,-28,0
S,33910482,dn,23,0,1460,1520,528,-1048,-17112,28,26,-28,0
S,33915481,dn,23,0,1460,1520,568,-904,-17008,43,24,-26,0
S,33920481,dn,23,0,1460,1520,552,-1048,-17200,40,26,-31,0
S,33925481,dn,23,0,1460,1520,656,-896,-17056,41,26,-32,0
S,33930481,dn,23,0,1460,1520,456,-992,-17064,43,28,-31,0
S,33935481,dn,23,0,1460,1520,512,-968,-17136,50,19,-28,0
S,33940481,dn,23,0,1460,1520,528,-936,-17008,31,14,-30,0
S,33945481,dn,23,0,1460,1520,552,-1080,-17184,34,17,-28,0
S,33950481,dn,23,0,1460,1520,528,-968,-17112,27,20,-26,0
S,33955481,dn,23,0,1460,1520,568,-1088,-17032,32,23,-29,0
S,33960481,dn,23,0,1460,1520,624,-1024,-17144,34,25,-30,0
S,33965481,dn,23,0,1460,1520,544,-1024,-17224,47,26,-29,0
S,33970481,dn,23,0,1460,1520,480,-1016,-17128,44,25,-24,0
S,33975481,dn,23,0,1460,1520,496,-904,-17064,49,26,-30,0
S,33980481,dn,23,0,1460,1520,496,-896,-17128,46,28,-33,0
S,33985481,dn,23,0,1460,1520,528,-904,-17008,43,26,-29,0
S,33990481,dn,23,0,1460,1520,560,-880,-17008,34,22,-30,0
S,33995481,dn,23,0,1460,1520,392,-1032,-17064,28,24,-31,0
S,34000481,dn,23,0,1460,1520,520,-1088,-17112,31,18,-27,0
S,34005481,dn,23,0,1460,1520,544,-936,-17024,37,19,-28,0
S,34010481,dn,23,0,1460,1520,488,-1048,-17088,37,22,-25,0
S,34015481,dn,23,0,1460,1520,464,-1008,-16904,34,19,-28,0
S,34020481,dn,23,0,1460,1520,408,-1048,-17064,40,25,-32,0
S,34025481,dn,23,0,1460,1520,472,-912,-17088,43,25,-26,0
S,34030481,dn,23,0,1460,1520,552,-888,-17088,42,25,-29,0
S,34035481,dn,23,0,1460,1520,544,-920,-17056,39,23,-27,0
S,34040481,dn,23,0,1460,1520,488,-896,-17128,41,23,-32,0
S,34045482,dn,23,0,1460,1520,384,-944,-17080,33,18,-28,0
S,34050481,dn,23,0,1460,1520,464,-1064,-17008,27,22,-30,0
S,34055481,dn,23,0,1460,1520,448,-944,-17120,33,24,-29,0
S,34060482,dn,23,0,1460,1520,576,-1088,-17040,34,21,-27,0
E,34060584,dn,24,0,1450,1520,,,,,,,0
S,34061215,dn,24,0,1450,1520,384,-992,-17072,35,25,-26,0
S,34066209,dn,24,0,1450,1520,560,-904,-16976,42,23,-23,0
S,34071208,dn,24,0,1450,1520,1136,-960,-16984,46,26,-36,0
S,34076207,dn,24,0,1450,1520,312,-1632,-17032,41,34,-29,0
S,34081207,dn,24,0,1450,1520,1456,-640,-17048,43,56,-28,0
S,34086207,dn,24,0,1450,1520,-1304,-1016,-17104,43,84,-44,0
S,34091207,dn,24,0,1450,1520,944,968,-17296,54,112,-42,0
S,34096207,dn,24,0,1450,1520,2648,264,-17072,59,122,-31,0
S,34101208,dn,24,0,1450,1520,240,-3024,-17000,42,154,-37,0
S,34106208,dn,24,0,1450,1520,1112,144,-17384,40,177,-23,0
S,34111207,dn,24,0,1450,1520,192,-440,-17096,33,206,-14,0
S,34116207,dn,24,0,1450,1520,1520,-1552,-16752,37,224,-35,0
S,34121207,dn,24,0,1450,1520,176,-1560,-17000,38,218,-40,0
S,34126207,dn,24,0,1450,1520,1144,-512,-17056,29,212,-38,0
S,34131207,dn,24,0,1450,1520,768,-904,-17296,16,208,-40,0
S,34136207,dn,24,0,1450,1520,448,-840,-16920,12,179,-36,0
S,34141207,dn,24,0,1450,1520,864,-1096,-17056,15,162,-35,0
S,34146207,dn,24,0,1450,1520,1168,-928,-17008,22,136,-34,0
S,34151207,dn,24,0,1450,1520,536,-1064,-17176,41,123,-38,0
S,34156207,dn,24,0,1450,1520,664,-1080,-17008,53,108,-38,0
S,34161208,dn,24,0,1450,1520,408,-1152,-17136,57,84,-32,0
S,34166207,dn,24,0,1450,1520,656,-680,-17056,63,62,-33,0
S,34171207,dn,24,0,1450,1520,552,-1000,-17200,50,41,-30,0
S,34176207,dn,24,0,1450,1520,672,-832,-17056,29,18,-32,0
S,34181207,dn,24,0,1450,1520,648,-1016,-17080,24,-3,-30,0
S,34186207,dn,24,0,1450,1520,704,-888,-17048,18,-14,-25,0
S,34191207,dn,24,0,1450,1520,680,-1056,-17056,26,-25,-27,0
S,34196207,dn,24,0,1450,1520,680,-976,-17136,40,-17,-22,0
S,34201207,dn,24,0,1450,1520,800,-1048,-17104,46,-8,-22,0
S,34206207,dn,24,0,1450,1520,648,-840,-17016,64,16,-23,0
S,34211208,dn,24,0,1450,1520,672,-1008,-17240,64,26,-30,0
S,34216207,dn,24,0,1450,1520,592,-984,-17072,64,40,-34,0
S,34221208,dn,24,0,1450,1520,848,-928,-17112,47,50,-27,0
S,34226207,dn,24,0,1450,1520,600,-952,-17016,31,50,-24,0
S,34231207,dn,24,0,1450,1520,600,-912,-17112,16,42,-33,0
S,34236207,dn,24,0,1450,1520,744,-936,-17040,6,41,-25,0
S,34241207,dn,24,0,1450,1520,768,-936,-17056,13,30,-28,0
S,34246207,dn,24,0,1450,1520,696,-1064,-17064,20,28,-28,0
S,34251208,dn,24,0,1450,1520,664,-1016,-17152,37,24,-32,0
S,34256208,dn,24,0,1450,1520,704,-952,-17000,44,18,-27,0
S,34261208,dn,24,0,1450,1520,840,-896,-17032,58,13,-25,0
S,34266207,dn,24,0,1450,1520,744,-1072,-17104,62,14,-32,0
S,34271207,dn,24,0,1450,1520,776,-968,-17112,59,9,-26,0
S,34276207,dn,24,0,1450,1520,592,-1016,-17136,45,9,-31,0
S,34281207,dn,24,0,1450,1520,648,-928,-17136,35,10,-32,0
S,34286207,dn,24,0,1450,1520,824,-912,-16960,20,18,-24,0
S,34291207,dn,24,0,1450,1520,728,-904,-17088,25,25,-26,0
S,34296207,dn,24,0,1450,1520,672,-960,-17024,20,30,-26,0
S,34301207,dn,24,0,1450,1520,736,-936,-17232,31,34,-31,0
S,34306207,dn,24,0,1450,1520,808,-1024,-17016,36,38,-29,0
S,34311208,dn,24,0,1450,1520,784,-952,-17040,39,39,-31,0
S,34316207,dn,24,0,1450,1520,760,-928,-17104,49,39,-27,0
S,34321207,dn,24,0,1450,1520,728,-960,-16968,50,29,-28,0
S,34326207,dn,24,0,1450,1520,736,-936,-17120,44,23,-29,0
S,34331207,dn,24,0,1450,1520,672,-904,-17136,31,17,-33,0
S,34336207,dn,24,0,1450,1520,672,-984,-17112,34,9,-30,0
S,34341208,dn,24,0,1450,1520,624,-952,-16960,23,15,-26,0
S,34346208,dn,24,0,1450,1520,808,-960,-16968,35,10,-30,0
S,34351208,dn,24,0,1450,1520,720,-1080,-17016,35,12,-30,0
S,34356207,dn,24,0,1450,1520,776,-1032,-17136,43,23,-25,0
S,34361207,dn,24,0,1450,1520,656,-1040,-17008,43,27,-25,0
S,34366207,dn,24,0,1450,1520,704,-1024,-17048,43,32,-27,0
S,34371207,dn,24,0,1450,1520,736,-888,-17000,42,31,-29,0
S,34376207,dn,24,0,1450,1520,784,-1048,-17016,40,29,-27,0
S,34381208,dn,24,0,1450,1520,648,-1040,-17248,35,28,-29,0
S,34386207,dn,24,0,1450,1520,632,-1048,-17168,33,28,-25,0
S,34391207,dn,24,0,1450,1520,592,-1000,-17008,28,22,-34,0
S,34396207,dn,24,0,1450,1520,704,-968,-16984,29,24,-27,0
S,34401207,dn,24,0,1450,1520,760,-1008,-17056,34,20,-27,0
S,34406207,dn,24,0,1450,1520,616,-976,-17040,38,25,-29,0
S,34411208,dn,24,0,1450,1520,672,-1000,-17048,42,24,-30,0
S,34416208,dn,24,0,1450,1520,776,-992,-17096,55,18,-23,0
S,34421208,dn,24,0,1450,1520,776,-984,-17152,43,20,-26,0
S,34426208,dn,24,0,1450,1520,672,-936,-17008,41,20,-27,0
S,34431207,dn,24,0,1450,1520,656,-976,-17024,38,20,-31,0
S,34436207,dn,24,0,1450,1520,768,-1016,-17056,30,27,-26,0
S,34441207,dn,24,0,1450,1520,744,-1000,-17104,26,26,-32,0
S,34446207,dn,24,0,1450,1520,768,-1088,-17000,28,18,-25,0
S,34451208,dn,24,0,1450,1520,744,-1048,-17008,32,21,-30,0
S,34456207,dn,24,0,1450,1520,712,-1016,-17040,45,31,-26,0
S,34461208,dn,24,0,1450,1520,648,-1032,-17104,45,34,-34,0
S,34466207,dn,24,0,1450,1520,776,-944,-16944,43,27,-29,0
S,34471207,dn,24,0,1450,1520,808,-848,-17184,44,27,-31,0
S,34476207,dn,24,0,1450,1520,736,-936,-17088,41,22,-33,0
S,34481207,dn,24,0,1450,1520,624,-840,-17184,37,20,-27,0
S,34486207,dn,24,0,1450,1520,688,-944,-17200,35,18,-36,0
S,34491207,dn,24,0,1450,1520,720,-880,-17040,37,23,-24,0
S,34496207,dn,24,0,1450,1520,752,-992,-17040,33,19,-26,0
S,34501207,dn,24,0,1450,1520,672,-952,-17136,36,24,-30,0
S,34506208,dn,24,0,1450,1520,672,-1000,-17128,41,18,-31,0
S,34511208,dn,24,0,1450,1520,640,-992,-16920,42,28,-26,0
S,34516207,dn,24,0,1450,1520,704,-984,-17072,43,20,-26,0
S,34521207,dn,24,0,1450,1520,776,-960,-17096,46,26,-34,0
S,34526208,dn,24,0,1450,1520,672,-904,-17248,35,31,-29,0
S,34531207,dn,24,0,1450,1520,792,-1032,-17016,35,24,-28,0
S,34536207,dn,24,0,1450,1520,688,-1000,-17136,33,24,-25,0
S,34541207,dn,24,0,1450,1520,800,-1064,-17144,31,24,-28,0
S,34546207,dn,24,0,1450,1520,672,-1048,-17056,36,21,-33,0
S,34551207,dn,24,0,1450,1520,728,-1048,-17072,43,20,-27,0
S,34556207,dn,24,0,1450,1520,712,-904,-17072,38,29,-29,0
S,34561207,dn,24,0,1450,1520,712,-968,-17080,35,26,-28,0
E,34561310,dn,25,0,1440,1520,,,,,,,0
S,34561942,dn,25,0,1440,1520,808,-1016,-17032,41,21,-24,0
S,34566933,dn,25,0,1440,1520,1232,-856,-17000,40,22,-27,0
S,34571931,dn,25,0,1440,1520,1800,-1144,-17008,39,20,-28,0
S,34576931,dn,25,0,1440,1520,1664,-512,-16968,38,39,-26,0
S,34581931,dn,25,0,1440,1520,-728,-2104,-17064,44,52,-32,0
S,34586932,dn,25,0,1440,1520,2848,0,-17296,39,68,-24,0
S,34591931,dn,25,0,1440,1520,-3080,-2616,-17096,39,94,-21,0
S,34596932,dn,25,0,1440,1520,-680,328,-16960,41,122,-54,0
S,34601931,dn,25,0,1440,1520,2448,-824,-17520,53,161,-20,0
S,34606931,dn,25,0,1440,1520,1072,-1608,-16936,42,175,-20,0
S,34611931,dn,25,0,1440,1520,536,-16,-16600,47,218,-32,0
S,34616931,dn,25,0,1440,1520,568,-1088,-16992,52,242,-48,0
S,34621931,dn,25,0,1440,1520,992,-1208,-17344,44,261,-33,0
S,34626931,dn,25,0,1440,1520,1048,-1240,-16696,32,261,-43,0
S,34631932,dn,25,0,1440,1520,640,-592,-17208,24,260,-46,0
S,34636931,dn,25,0,1440,1520,1008,-1096,-16808,6,236,-41,0
S,34641931,dn,25,0,1440,1520,504,-1088,-17176,-1,211,-46,0
S,34646931,dn,25,0,1440,1520,616,-792,-16904,6,175,-44,0
S,34651931,dn,25,0,1440,1520,608,-976,-16968,6,132,-57,0
S,34656931,dn,25,0,1440,1520,936,-1024,-17096,21,88,-46,0
S,34661932,dn,25,0,1440,1520,912,-1224,-17144,33,46,-39,0
S,34666931,dn,25,0,1440,1520,880,-864,-17040,49,13,-35,0
S,34671931,dn,25,0,1440,1520,808,-920,-17200,53,-19,-30,0
S,34676931,dn,25,0,1440,1520,1024,-1048,-17144,60,-41,-29,0
S,34681931,dn,25,0,1440,1520,904,-920,-17072,54,-49,-28,0
S,34686931,dn,25,0,1440,1520,968,-928,-17208,56,-44,-26,0
S,34691931,dn,25,0,1440,1520,968,-968,-17104,56,-36,-23,0
S,34696931,dn,25,0,1440,1520,792,-864,-17048,50,-24,-19,0
S,34701931,dn,25,0,1440,1520,976,-1040,-16968,45,-8,-28,0
S,34706932,dn,25,0,1440,1520,904,-1008,-17048,34,20,-29,0
S,34711931,dn,25,0,1440,1520,904,-960,-17128,33,39,-28,0
S,34716931,dn,25,0,1440,1520,936,-1008,-16992,28,54,-27,0
S,34721931,dn,25,0,1440,1520,904,-864,-17096,26,62,-35,0
S,34726931,dn,25,0,1440,1520,952,-1000,-17088,28,64,-22,0
S,34731931,dn,25,0,1440,1520,824,-968,-17096,23,57,-34,0
S,34736932,dn,25,0,1440,1520,888,-960,-16944,30,46,-31,0
S,34741931,dn,25,0,1440,1520,832,-872,-16992,33,36,-32,0
S,34746931,dn,25,0,1440,1520,904,-920,-16960,30,19,-31,0
S,34751931,dn,25,0,1440,1520,848,-928,-17016,42,13,-31,0
S,34756931,dn,25,0,1440,1520,1000,-856,-17120,47,1,-28,0
S,34761931,dn,25,0,1440,1520,912,-960,-17016,46,-3,-25,0
S,34766931,dn,25,0,1440,1520,928,-1008,-17104,47,-6,-30,0
S,34771931,dn,25,0,1440,1520,976,-920,-17024,46,6,-30,0
S,34776931,dn,25,0,1440,1520,736,-896,-17160,46,9,-33,0
S,34781932,dn,25,0,1440,1520,952,-944,-17000,42,22,-33,0
S,34786931,dn,25,0,1440,1520,992,-936,-17032,39,29,-29,0
S,34791931,dn,25,0,1440,1520,880,-968,-17072,25,39,-30,0
S,34796931,dn,25,0,1440,1520,856,-968,-17048,23,41,-29,0
S,34801932,dn,25,0,1440,1520,896,-928,-16960,23,40,-28,0
S,34806931,dn,25,0,1440,1520,904,-960,-16976,29,46,-34,0
S,34811931,dn,25,0,1440,1520,792,-1040,-17136,27,31,-25,0
S,34816931,dn,25,0,1440,1520,928,-976,-16904,40,32,-28,0
S,34821931,dn,25,0,1440,1520,960,-992,-16928,38,20,-27,0
S,34826931,dn,25,0,1440,1520,992,-864,-17072,40,16,-27,0
S,34831931,dn,25,0,1440,1520,968,-944,-16904,53,10,-29,0
S,34836931,dn,25,0,1440,1520,832,-1008,-17160,41,7,-26,0
S,34841931,dn,25,0,1440,1520,816,-976,-17096,42,8,-30,0
S,34846931,dn,25,0,1440,1520,744,-1000,-17232,41,11,-38,0
S,34851931,dn,25,0,1440,1520,904,-920,-17048,39,21,-26,0
S,34856931,dn,25,0,1440,1520,856,-1096,-17048,37,25,-30,0
S,34861931,dn,25,0,1440,1520,880,-1048,-17080,36,32,-24,0
S,34866931,dn,25,0,1440,1520,936,-1000,-17056,38,36,-30,0
S,34871931,dn,25,0,1440,1520,960,-976,-17016,29,32,-32,0
S,34876931,dn,25,0,1440,1520,928,-936,-17072,33,39,-27,0
S,34881931,dn,25,0,1440,1520,792,-880,-17120,35,33,-25,0
S,34886931,dn,25,0,1440,1520,904,-960,-17048,36,32,-28,0
S,34891931,dn,25,0,1440,1520,816,-1024,-17072,41,25,-25,0
S,34896931,dn,25,0,1440,1520,968,-952,-16992,39,17,-28,0
S,34901931,dn,25,0,1440,1520,848,-1016,-17096,34,16,-32,0
S,34906931,dn,25,0,1440,1520,848,-1048,-17096,37,14,-32,0
S,34911931,dn,25,0,1440,1520,904,-984,-17056,37,16,-26,0
S,34916931,dn,25,0,1440,1520,952,-936,-17024,40,12,-27,0
S,34921931,dn,25,0,1440,1520,928,-904,-17040,37,18,-33,0
S,34926931,dn,25,0,1440,1520,928,-984,-17040,39,21,-29,0
S,34931931,dn,25,0,1440,1520,872,-976,-16976,36,21,-29,0
S,34936931,dn,25,0,1440,1520,952,-936,-17088,34,30,-33,0
S,34941931,dn,25,0,1440,1520,880,-904,-17072,35,30,-30,0
S,34946931,dn,25,0,1440,1520,896,-1064,-16960,42,30,-29,0
S,34951931,dn,25,0,1440,1520,808,-912,-17088,34,29,-27,0
S,34956931,dn,25,0,1440,1520,848,-880,-17152,30,27,-27,0
S,34961931,dn,25,0,1440,1520,952,-912,-17072,33,24,-28,0
S,34966931,dn,25,0,1440,1520,1008,-1008,-16952,41,28,-25,0
S,34971931,dn,25,0,1440,1520,856,-904,-17064,41,25,-27,0
S,34976931,dn,25,0,1440,1520,912,-936,-17040,35,24,-32,0
S,34981931,dn,25,0,1440,1520,840,-1040,-17200,41,16,-28,0
S,34986931,dn,25,0,1440,1520,856,-968,-17128,39,14,-27,0
S,34991931,dn,25,0,1440,1520,856,-968,-17032,38,15,-25,0
S,34996931,dn,25,0,1440,1520,800,-976,-17064,33,22,-30,0
S,35001931,dn,25,0,1440,1520,936,-888,-17088,36,21,-23,0
S,35006931,dn,25,0,1440,1520,808,-968,-17112,39,27,-26,0
S,35011932,dn,25,0,1440,1520,896,-1096,-17104,34,29,-27,0
S,35016931,dn,25,0,1440,1520,872,-976,-17040,32,25,-36,0
S,35021931,dn,25,0,1440,1520,832,-1000,-17064,37,32,-31,0
S,35026932,dn,25,0,1440,1520,872,-1008,-17016,37,29,-28,0
S,35031931,dn,25,0,1440,1520,912,-976,-17056,33,26,-32,0
S,35036932,dn,25,0,1440,1520,856,-936,-17136,35,22,-34,0
S,35041932,dn,25,0,1440,1520,944,-1056,-17144,36,19,-28,0
S,35046931,dn,25,0,1440,1520,888,-1016,-17112,36,20,-30,0
S,35051932,dn,25,0,1440,1520,936,-888,-17056,36,24,-31,0
S,35056931,dn,25,0,1440,1520,808,-992,-17112,34,25,-27,0
S,35061931,dn,25,0,1440,1520,904,-992,-17032,43,13,-33,0
E,35062034,dn,26,0,1430,1520,,,,,,,0
S,35062670,dn,26,0,1430,1520,992,-808,-17120,34,12,-29,0
S,35067661,dn,26,0,1430,1520,760,-984,-17136,38,22,-30,0
S,35072660,dn,26,0,1430,1520,1360,-880,-17032,36,28,-20,0
S,35077660,dn,26,0,1430,1520,1312,-616,-17048,35,38,-22,0
S,35082660,dn,26,0,1430,1520,1744,-1032,-17280,44,68,10,0
S,35087660,dn,26,0,1430,1520,-1056,-2320,-16344,55,76,-51,0
S,35092660,dn,26,0,1430,1520,480,-1632,-17312,59,96,-1,0
S,35097660,dn,26,0,1430,1520,1240,-936,-16720,54,119,-21,0
S,35102659,dn,26,0,1430,1520,320,-920,-16928,49,155,-27,0
S,35107660,dn,26,0,1430,1520,1336,-1296,-16888,41,179,-34,0
S,35112660,dn,26,0,1430,1520,1080,-944,-17424,29,216,-16,0
S,35117660,dn,26,0,1430,1520,536,-976,-16584,33,241,-34,0
S,35122660,dn,26,0,1430,1520,272,-584,-17392,44,269,-34,0
S,35127660,dn,26,0,1430,1520,1568,-1184,-16648,36,278,-38,0
S,35132660,dn,26,0,1430,1520,1032,-824,-17288,24,282,-48,0
S,35137660,dn,26,0,1430,1520,712,-1152,-16776,21,273,-54,0
S,35142660,dn,26,0,1430,1520,760,-904,-17232,13,257,-52,0
S,35147660,dn,26,0,1430,1520,752,-1208,-16864,7,224,-54,0
S,35152660,dn,26,0,1430,1520,736,-848,-17088,12,182,-71,0
S,35157660,dn,26,0,1430,1520,1264,-960,-17152,12,146,-71,0
S,35162660,dn,26,0,1430,1520,928,-992,-17384,18,100,-48,0
S,35167659,dn,26,0,1430,1520,1120,-864,-17040,29,61,-38,0
S,35172660,dn,26,0,1430,1520,984,-1000,-17208,44,26,-34,0
S,35177660,dn,26,0,1430,1520,1288,-920,-16936,57,-20,-27,0
S,35182660,dn,26,0,1430,1520,1056,-968,-17096,56,-39,-24,0
S,35187660,dn,26,0,1430,1520,1112,-800,-17200,53,-61,-30,0
S,35192660,dn,26,0,1430,1520,1136,-976,-17112,46,-58,-20,0
S,35197660,dn,26,0,1430,1520,1048,-912,-17112,47,-43,-24,0
S,35202659,dn,26,0,1430,1520,1104,-968,-17032,45,-29,-21,0
S,35207660,dn,26,0,1430,1520,1168,-920,-17104,47,-14,-19,0
S,35212659,dn,26,0,1430,1520,1128,-840,-16976,42,7,-20,0
S,35217660,dn,26,0,1430,1520,984,-992,-17008,40,27,-21,0
S,35222660,dn,26,0,1430,1520,1176,-968,-17056,33,39,-30,0
S,35227659,dn,26,0,1430,1520,992,-1152,-17056,23,52,-28,0
S,35232659,dn,26,0,1430,1520,1136,-1032,-17024,27,51,-29,0
S,35237660,dn,26,0,1430,1520,1176,-1064,-17032,27,64,-29,0
S,35242660,dn,26,0,1430,1520,1128,-888,-16968,28,53,-33,0
S,35247660,dn,26,0,1430,1520,1144,-928,-17112,30,44,-37,0
S,35252660,dn,26,0,1430,1520,1232,-904,-17040,32,26,-25,0
S,35257660,dn,26,0,1430,1520,1088,-984,-17080,32,15,-28,0
S,35262660,dn,26,0,1430,1520,1160,-896,-17056,43,10,-32,0
S,35267659,dn,26,0,1430,1520,1192,-888,-17040,45,-5,-30,0
S,35272660,dn,26,0,1430,1520,1200,-856,-17128,41,2,-25,0
S,35277660,dn,26,0,1430,1520,1104,-936,-17104,48,4,-28,0
S,35282660,dn,26,0,1430,1520,1056,-1032,-17008,41,4,-30,0
S,35287660,dn,26,0,1430,1520,1120,-1008,-16936,42,16,-27,0
S,35292660,dn,26,0,1430,1520,1080,-960,-17056,38,25,-32,0
S,35297660,dn,26,0,1430,1520,1096,-1016,-17112,35,29,-27,0
S,35302660,dn,26,0,1430,1520,1136,-864,-17120,34,34,-30,0
S,35307660,dn,26,0,1430,1520,1208,-984,-16960,26,40,-29,0
S,35312660,dn,26,0,1430,1520,1208,-992,-17152,31,38,-33,0
S,35317660,dn,26,0,1430,1520,1144,-960,-17072,32,36,-30,0
S,35322660,dn,26,0,1430,1520,1080,-1144,-17104,37,31,-27,0
S,35327660,dn,26,0,1430,1520,1192,-952,-17096,41,27,-32,0
S,35332660,dn,26,0,1430,1520,1192,-840,-17160,41,19,-29,0
S,35337660,dn,26,0,1430,1520,1128,-936,-17064,37,14,-24,0
S,35342660,dn,26,0,1430,1520,1136,-1080,-17088,42,11,-25,0
S,35347660,dn,26,0,1430,1520,1232,-936,-17072,41,10,-23,0
S,35352660,dn,26,0,1430,1520,1072,-992,-17008,41,12,-25,0
S,35357660,dn,26,0,1430,1520,1120,-1000,-16976,39,15,-36,0
S,35362660,dn,26,0,1430,1520,1056,-968,-17104,41,26,-28,0
S,35367660,dn,26,0,1430,1520,1040,-976,-17040,32,21,-36,0
S,35372660,dn,26,0,1430,1520,1152,-952,-17080,33,27,-25,0
S,35377660,dn,26,0,1430,1520,1176,-1024,-17040,33,37,-32,0
S,35382660,dn,26,0,1430,1520,1232,-984,-17032,34,35,-29,0
S,35387660,dn,26,0,1430,1520,1088,-880,-17024,34,37,-28,0
S,35392659,dn,26,0,1430,1520,1008,-888,-17096,30,34,-31,0
S,35397660,dn,26,0,1430,1520,1104,-960,-17016,37,27,-27,0
S,35402660,dn,26,0,1430,1520,1064,-992,-17120,33,26,-31,0
S,35407660,dn,26,0,1430,1520,1040,-1008,-17104,37,18,-31,0
S,35412660,dn,26,0,1430,1520,1168,-936,-17032,40,16,-29,0
S,35417660,dn,26,0,1430,1520,1008,-912,-17192,46,15,-29,0
S,35422660,dn,26,0,1430,1520,1048,-880,-17008,43,11,-25,0
S,35427660,dn,26,0,1430,1520,1032,-968,-17104,39,15,-29,0
S,35432660,dn,26,0,1430,1520,1112,-824,-16976,36,22,-25,0
S,35437659,dn,26,0,1430,1520,1000,-864,-17032,39,20,-27,0
S,35442660,dn,26,0,1430,1520,1152,-1000,-17064,42,21,-33,0
S,35447660,dn,26,0,1430,1520,1192,-968,-16984,36,29,-26,0
S,35452660,dn,26,0,1430,1520,1072,-920,-17032,31,26,-24,0
S,35457659,dn,26,0,1430,1520,1016,-896,-16936,34,29,-31,0
S,35462660,dn,26,0,1430,1520,1160,-936,-17040,33,31,-28,0
S,35467659,dn,26,0,1430,1520,1208,-968,-17016,37,27,-25,0
S,35472660,dn,26,0,1430,1520,1128,-1016,-17040,38,27,-33,0
S,35477660,dn,26,0,1430,1520,1160,-808,-17088,38,24,-33,0
S,35482660,dn,26,0,1430,1520,1088,-1040,-17016,40,25,-32,0
S,35487660,dn,26,0,1430,1520,1168,-1000,-17032,35,17,-28,0
S,35492660,dn,26,0,1430,1520,1088,-880,-16928,43,20,-24,0
S,35497660,dn,26,0,1430,1520,1072,-856,-17016,42,24,-25,0
S,35502660,dn,26,0,1430,1520,1144,-968,-16936,35,20,-27,0
S,35507660,dn,26,0,1430,1520,1040,-912,-17088,38,24,-27,0
S,35512660,dn,26,0,1430,1520,984,-1056,-17168,36,25,-28,0
S,35517660,dn,26,0,1430,1520,1024,-952,-16960,38,26,-26,0
S,35522660,dn,26,0,1430,1520,1136,-1024,-17024,38,24,-29,0
S,35527660,dn,26,0,1430,1520,1176,-880,-17016,36,26,-31,0
S,35532660,dn,26,0,1430,1520,1208,-1016,-17048,34,28,-30,0
S,35537660,dn,26,0,1430,1520,1024,-936,-17000,40,23,-27,0
S,35542660,dn,26,0,1430,1520,1056,-896,-17064,38,23,-21,0
S,35547660,dn,26,0,1430,1520,1128,-912,-17032,30,24,-27,0
S,35552660,dn,26,0,1430,1520,1144,-880,-17008,40,23,-33,0
S,35557660,dn,26,0,1430,1520,1176,-848,-17128,29,20,-28,0
S,35562660,dn,26,0,1430,1520,1160,-984,-17016,36,23,-28,0
E,35562763,dn,27,0,1420,1520,,,,,,,0
S,35563395,dn,27,0,1420,1520,1064,-960,-16992,38,18,-29,0
S,35568385,dn,27,0,1420,1520,1064,-992,-17080,38,21,-26,0
S,35573384,dn,27,0,1420,1520,1648,-1048,-16920,30,24,-27,0
S,35578384,dn,27,0,1420,1520,-1560,-1520,-17152,34,31,-16,0
S,35583384,dn,27,0,1420,1520,504,512,-17224,38,51,-34,0
S,35588384,dn,27,0,1420,1520,2960,1072,-16992,51,54,-45,0
S,35593384,dn,27,0,1420,1520,2424,-2112,-16808,57,63,-45,0
S,35598384,dn,27,0,1420,1520,5640,600,-17136,40,77,-22,0
S,35603384,dn,27,0,1420,1520,2888,-440,-16688,46,92,-9,0
S,35608384,dn,27,0,1420,1520,168,-1400,-17208,45,135,-7,0
S,35613384,dn,27,0,1420,1520,1056,-984,-16912,44,160,-20,0
S,35618384,dn,27,0,1420,1520,2752,-664,-16712,52,201,-30,0
S,35623385,dn,27,0,1420,1520,-376,-1144,-18072,52,247,-24,0
S,35628384,dn,27,0,1420,1520,1560,-632,-16112,53,268,-38,0
S,35633385,dn,27,0,1420,1520,1232,-1000,-17632,42,278,-34,0
S,35638384,dn,27,0,1420,1520,1824,-784,-16616,20,286,-46,0
S,35643384,dn,27,0,1420,1520,832,-752,-17232,0,286,-50,0
S,35648384,dn,27,0,1420,1520,1176,-888,-17072,-6,264,-56,0
S,35653384,dn,27,0,1420,1520,1008,-960,-17104,-10,244,-50,0
S,35658384,dn,27,0,1420,1520,1048,-1024,-17128,0,215,-50,0
S,35663384,dn,27,0,1420,1520,1232,-1008,-17056,17,188,-54,0
S,35668384,dn,27,0,1420,1520,1128,-1048,-16888,36,147,-48,0
S,35673384,dn,27,0,1420,1520,1248,-1176,-17280,47,107,-58,0
S,35678384,dn,27,0,1420,1520,1312,-968,-16864,59,67,-45,0
S,35683384,dn,27,0,1420,1520,1232,-800,-17128,55,24,-27,0
S,35688384,dn,27,0,1420,1520,1304,-928,-17024,53,-4,-27,0
S,35693384,dn,27,0,1420,1520,1336,-880,-17000,39,-37,-24,0
S,35698384,dn,27,0,1420,1520,1360,-888,-17016,35,-49,-17,0
S,35703384,dn,27,0,1420,1520,1208,-1064,-17040,32,-53,-17,0
S,35708384,dn,27,0,1420,1520,1448,-1112,-17096,39,-45,-22,0
S,35713384,dn,27,0,1420,1520,1456,-896,-17024,43,-36,-20,0
S,35718384,dn,27,0,1420,1520,1360,-976,-17104,51,-17,-29,0
S,35723384,dn,27,0,1420,1520,1384,-992,-17016,60,17,-25,0
S,35728384,dn,27,0,1420,1520,1176,-856,-17168,56,28,-27,0
S,35733385,dn,27,0,1420,1520,1392,-944,-17008,44,51,-26,0
S,35738384,dn,27,0,1420,1520,1248,-968,-17000,33,59,-32,0
S,35743384,dn,27,0,1420,1520,1288,-856,-17152,24,61,-36,0
S,35748385,dn,27,0,1420,1520,1288,-864,-16856,14,55,-29,0
S,35753384,dn,27,0,1420,1520,1376,-944,-17096,11,43,-27,0
S,35758385,dn,27,0,1420,1520,1328,-1024,-16920,21,33,-35,0
S,35763384,dn,27,0,1420,1520,1288,-1024,-17040,32,28,-31,0
S,35768384,dn,27,0,1420,1520,1400,-1008,-17056,45,20,-31,0
S,35773384,dn,27,0,1420,1520,1448,-1032,-16864,49,10,-30,0
S,35778384,dn,27,0,1420,1520,1368,-1064,-17032,60,2,-23,0
S,35783384,dn,27,0,1420,1520,1336,-896,-16992,56,5,-29,0
S,35788385,dn,27,0,1420,1520,1376,-920,-17112,50,1,-27,0
S,35793384,dn,27,0,1420,1520,1384,-984,-17072,44,7,-19,0
S,35798384,dn,27,0,1420,1520,1248,-784,-17064,36,12,-28,0
S,35803384,dn,27,0,1420,1520,1448,-1008,-17088,24,16,-29,0
S,35808384,dn,27,0,1420,1520,1272,-800,-17016,22,29,-26,0
S,35813384,dn,27,0,1420,1520,1408,-984,-17040,28,38,-31,0
S,35818384,dn,27,0,1420,1520,1448,-1032,-17144,30,43,-31,0
S,35823385,dn,27,0,1420,1520,1280,-944,-17096,39,37,-30,0
S,35828384,dn,27,0,1420,1520,1240,-928,-17008,41,38,-32,0
S,35833384,dn,27,0,1420,1520,1376,-984,-16976,42,32,-23,0
S,35838384,dn,27,0,1420,1520,1208,-1016,-16904,37,23,-30,0
S,35843385,dn,27,0,1420,1520,1256,-864,-16864,40,15,-29,0
S,35848384,dn,27,0,1420,1520,1304,-952,-17096,35,15,-25,0
S,35853384,dn,27,0,1420,1520,1424,-992,-16992,36,4,-27,0
S,35858385,dn,27,0,1420,1520,1320,-968,-17072,32,6,-30,0
S,35863384,dn,27,0,1420,1520,1408,-1048,-16992,38,12,-30,0
S,35868385,dn,27,0,1420,1520,1376,-992,-17048,39,11,-29,0
S,35873384,dn,27,0,1420,1520,1344,-1064,-17144,44,24,-32,0
S,35878385,dn,27,0,1420,1520,1312,-960,-17128,43,27,-30,0
S,35883384,dn,27,0,1420,1520,1480,-872,-16936,41,31,-33,0
S,35888384,dn,27,0,1420,1520,1288,-960,-17024,38,31,-30,0
S,35893384,dn,27,0,1420,1520,1360,-1008,-16976,32,33,-27,0
S,35898385,dn,27,0,1420,1520,1352,-952,-17008,30,27,-27,0
S,35903384,dn,27,0,1420,1520,1344,-936,-17088,24,29,-28,0
S,35908384,dn,27,0,1420,1520,1544,-1056,-17048,34,22,-26,0
S,35913384,dn,27,0,1420,1520,1416,-896,-17056,35,25,-31,0
S,35918384,dn,27,0,1420,1520,1344,-912,-17048,42,19,-30,0
S,35923384,dn,27,0,1420,1520,1384,-960,-17056,50,18,-31,0
S,35928384,dn,27,0,1420,1520,1456,-912,-16976,39,17,-30,0
S,35933385,dn,27,0,1420,1520,1320,-936,-16944,46,17,-24,0
S,35938384,dn,27,0,1420,1520,1424,-776,-17000,40,18,-26,0
S,35943384,dn,27,0,1420,1520,1400,-912,-16992,40,16,-33,0
S,35948384,dn,27,0,1420,1520,1248,-1000,-17056,36,21,-26,0
S,35953384,dn,27,0,1420,1520,1288,-952,-17080,29,17,-28,0
S,35958385,dn,27,0,1420,1520,1352,-960,-17008,32,24,-29,0
S,35963385,dn,27,0,1420,1520,1232,-992,-17120,32,26,-30,0
S,35968384,dn,27,0,1420,1520,1416,-1080,-17064,34,25,-35,0
S,35973384,dn,27,0,1420,1520,1224,-1000,-17088,37,31,-30,0
S,35978384,dn,27,0,1420,1520,1336,-1072,-16968,39,30,-32,0
S,35983385,dn,27,0,1420,1520,1400,-992,-17048,37,24,-25,0
S,35988384,dn,27,0,1420,1520,1232,-944,-17168,39,23,-30,0
S,35993384,dn,27,0,1420,1520,1416,-952,-16976,40,18,-27,0
S,35998384,dn,27,0,1420,1520,1336,-968,-17024,34,20,-27,0
S,36003384,dn,27,0,1420,1520,1336,-832,-16976,32,17,-29,0
S,36008384,dn,27,0,1420,1520,1256,-904,-17176,37,15,-25,0
S,36013385,dn,27,0,1420,1520,1352,-936,-17184,46,21,-28,0
S,36018384,dn,27,0,1420,1520,1280,-984,-17048,37,17,-30,0
S,36023384,dn,27,0,1420,1520,1304,-904,-17056,46,29,-27,0
S,36028385,dn,27,0,1420,1520,1232,-976,-17096,33,25,-23,0
S,36033384,dn,27,0,1420,1520,1384,-1120,-17104,41,25,-33,0
S,36038384,dn,27,0,1420,1520,1304,-1056,-17056,33,28,-23,0
S,36043384,dn,27,0,1420,1520,1312,-992,-17072,31,21,-33,0
S,36048384,dn,27,0,1420,1520,1384,-1032,-16968,32,19,-30,0
S,36053384,dn,27,0,1420,1520,1312,-872,-17016,30,24,-30,0
S,36058384,dn,27,0,1420,1520,1272,-960,-17080,37,18,-31,0
S,36063384,dn,27,0,1420,1520,1264,-912,-17080,34,23,-31,0
E,36063487,dn,28,0,1410,1520,,,,,,,0
S,36064118,dn,28,0,1410,1520,1264,-912,-17080,30,21,-33,0
S,36069110,dn,28,0,1410,1520,1360,-976,-16968,36,16,-28,0
S,36074109,dn,28,0,1410,1520,1728,-880,-17032,36,25,-27,0
S,36079109,dn,28,0,1410,1520,1816,-472,-16912,39,25,-24,0
S,36084109,dn,28,0,1410,1520,2856,-1256,-17008,41,52,-30,0
S,36089109,dn,28,0,1410,1520,616,-1048,-17336,50,73,-9,0
S,36094109,dn,28,0,1410,1520,-312,1032,-18000,48,88,74,0
S,36099109,dn,28,0,1410,1520,-1824,-4248,-16384,45,105,-20,0
S,36104109,dn,28,0,1410,1520,2032,1528,-17896,70,126,-24,0
S,36109109,dn,28,0,1410,1520,2512,-2856,-17000,43,156,-14,0
S,36114109,dn,28,0,1410,1520,3368,160,-16448,32,190,-15,0
S,36119109,dn,28,0,1410,1520,-504,-424,-17976,26,224,-30,0
S,36124109,dn,28,0,1410,1520,2336,-760,-16416,42,252,-27,0
S,36129109,dn,28,0,1410,1520,688,-1624,-17568,33,290,-32,0
S,36134109,dn,28,0,1410,1520,1848,-832,-16624,30,297,-43,0
S,36139109,dn,28,0,1410,1520,1208,-680,-17208,25,305,-51,0
S,36144109,dn,28,0,1410,1520,1440,-944,-16936,24,296,-57,0
S,36149109,dn,28,0,1410,1520,1336,-912,-16960,12,264,-75,0
S,36154109,dn,28,0,1410,1520,1296,-1072,-17144,-4,241,-77,0
S,36159109,dn,28,0,1410,1520,1536,-1008,-17216,3,191,-83,0
S,36164109,dn,28,0,1410,1520,1648,-960,-16880,7,153,-66,0
S,36169109,dn,28,0,1410,1520,1320,-1048,-17136,24,107,-49,0
S,36174109,dn,28,0,1410,1520,1640,-976,-16760,39,69,-42,0
S,36179109,dn,28,0,1410,1520,1376,-920,-17120,56,19,-37,0
S,36184109,dn,28,0,1410,1520,1608,-904,-16752,65,-19,-21,0
S,36189109,dn,28,0,1410,1520,1480,-840,-17080,54,-51,-23,0
S,36194109,dn,28,0,1410,1520,1720,-912,-16864,51,-63,-24,0
S,36199109,dn,28,0,1410,1520,1576,-880,-17248,43,-70,-13,0
S,36204109,dn,28,0,1410,1520,1552,-840,-17040,34,-68,-17,0
S,36209109,dn,28,0,1410,1520,1568,-912,-16952,28,-53,-7,0
S,36214109,dn,28,0,1410,1520,1456,-920,-17136,33,-38,-20,0
S,36219109,dn,28,0,1410,1520,1832,-936,-16976,37,-16,-19,0
S,36224109,dn,28,0,1410,1520,1424,-1032,-17200,46,6,-27,0
S,36229109,dn,28,0,1410,1520,1688,-992,-16992,56,23,-23,0
S,36234109,dn,28,0,1410,1520,1472,-1024,-16968,46,50,-32,0
S,36239109,dn,28,0,1410,1520,1632,-928,-17192,40,58,-30,0
S,36244109,dn,28,0,1410,1520,1488,-912,-16912,31,61,-29,0
S,36249109,dn,28,0,1410,1520,1640,-968,-17152,30,60,-27,0
S,36254109,dn,28,0,1410,1520,1568,-1016,-17040,19,58,-30,0
S,36259109,dn,28,0,1410,1520,1504,-960,-17120,19,42,-30,0
S,36264109,dn,28,0,1410,1520,1648,-968,-16992,29,26,-29,0
S,36269109,dn,28,0,1410,1520,1464,-1072,-17048,37,14,-22,0
S,36274109,dn,28,0,1410,1520,1672,-928,-17024,39,13,-26,0
S,36279109,dn,28,0,1410,1520,1504,-976,-17000,55,6,-27,0
S,36284109,dn,28,0,1410,1520,1520,-984,-17072,58,4,-28,0
S,36289109,dn,28,0,1410,1520,1648,-856,-16944,55,2,-22,0
S,36294109,dn,28,0,1410,1520,1480,-920,-17128,46,8,-35,0
S,36299109,dn,28,0,1410,1520,1560,-1008,-16880,43,18,-26,0
S,36304109,dn,28,0,1410,1520,1520,-888,-17040,33,21,-31,0
S,36309109,dn,28,0,1410,1520,1568,-1000,-17032,24,36,-30,0
S,36314109,dn,28,0,1410,1520,1560,-944,-17008,25,36,-33,0
S,36319109,dn,28,0,1410,1520,1520,-1072,-16992,28,40,-30,0
S,36324109,dn,28,0,1410,1520,1568,-984,-17000,34,37,-27,0
S,36329109,dn,28,0,1410,1520,1560,-984,-17048,39,36,-31,0
S,36334109,dn,28,0,1410,1520,1488,-888,-17016,40,32,-29,0
S,36339109,dn,28,0,1410,1520,1544,-1024,-16976,43,30,-30,0
S,36344109,dn,28,0,1410,1520,1624,-944,-17064,45,22,-27,0
S,36349109,dn,28,0,1410,1520,1592,-968,-16984,40,15,-25,0
S,36354109,dn,28,0,1410,1520,1496,-1008,-17008,35,9,-28,0
S,36359109,dn,28,0,1410,1520,1552,-936,-17064,40,9,-26,0
S,36364109,dn,28,0,1410,1520,1552,-936,-16968,38,10,-26,0
S,36369109,dn,28,0,1410,1520,1528,-952,-17088,34,13,-31,0
S,36374109,dn,28,0,1410,1520,1656,-1008,-16936,41,19,-29,0
S,36379109,dn,28,0,1410,1520,1448,-920,-16992,44,27,-28,0
S,36384109,dn,28,0,1410,1520,1488,-856,-17024,45,31,-35,0
S,36389109,dn,28,0,1410,1520,1560,-856,-16848,42,39,-33,0
S,36394109,dn,28,0,1410,1520,1688,-1024,-17016,37,34,-27,0
S,36399109,dn,28,0,1410,1520,1640,-992,-16984,35,29,-32,0
S,36404109,dn,28,0,1410,1520,1648,-1040,-16992,28,26,-29,0
S,36409109,dn,28,0,1410,1520,1624,-920,-17032,31,20,-27,0
S,36414109,dn,28,0,1410,1520,1480,-1024,-17024,29,21,-28,0
S,36419109,dn,28,0,1410,1520,1704,-872,-17016,33,19,-29,0
S,36424109,dn,28,0,1410,1520,1592,-920,-17016,38,16,-30,0
S,36429109,dn,28,0,1410,1520,1552,-720,-17008,48,21,-30,0
S,36434109,dn,28,0,1410,1520,1640,-1024,-16984,42,26,-31,0
S,36439109,dn,28,0,1410,1520,1584,-1040,-17016,44,15,-28,0
S,36444109,dn,28,0,1410,1520,1528,-984,-16920,45,17,-30,0
S,36449109,dn,28,0,1410,1520,1440,-912,-17144,37,25,-24,0
S,36454109,dn,28,0,1410,1520,1584,-1008,-16944,36,18,-26,0
S,36459109,dn,28,0,1410,1520,1504,-1064,-17096,33,25,-32,0
S,36464109,dn,28,0,1410,1520,1584,-792,-16952,29,31,-31,0
S,36469109,dn,28,0,1410,1520,1544,-840,-16968,35,32,-28,0
S,36474109,dn,28,0,1410,1520,1552,-904,-17024,40,28,-30,0
S,36479109,dn,28,0,1410,1520,1416,-896,-17040,42,29,-24,0
S,36484109,dn,28,0,1410,1520,1560,-896,-17024,38,24,-29,0
S,36489109,dn,28,0,1410,1520,1432,-1024,-16944,40,23,-33,0
S,36494109,dn,28,0,1410,1520,1512,-936,-16984,40,21,-26,0
S,36499109,dn,28,0,1410,1520,1576,-976,-16968,41,20,-22,0
S,36504109,dn,28,0,1410,1520,1528,-936,-16992,38,22,-26,0
S,36509109,dn,28,0,1410,1520,1576,-912,-16920,31,22,-33,0
S,36514109,dn,28,0,1410,1520,1640,-968,-16912,41,19,-28,0
S,36519109,dn,28,0,1410,1520,1624,-1032,-17008,39,21,-27,0
S,36524109,dn,28,0,1410,1520,1640,-1040,-17000,36,31,-25,0
S,36529109,dn,28,0,1410,1520,1496,-952,-16984,38,25,-29,0
S,36534109,dn,28,0,1410,1520,1632,-928,-16912,40,26,-28,0
S,36539109,dn,28,0,1410,1520,1592,-912,-16952,38,29,-29,0
S,36544109,dn,28,0,1410,1520,1496,-904,-17016,38,25,-28,0
S,36549109,dn,28,0,1410,1520,1608,-864,-16992,38,23,-26,0
S,36554109,dn,28,0,1410,1520,1432,-848,-16968,32,20,-31,0
S,36559109,dn,28,0,1410,1520,1528,-1128,-16952,33,19,-32,0
S,36564109,dn,28,0,1410,1520,1600,-880,-16992,38,23,-31,0
E,36564217,dn,29,0,1400,1520,,,,,,,0
S,36564849,dn,29,0,1400,1520,1640,-936,-16976,38,23,-31,0
S,36569840,dn,29,0,1400,1520,1624,-936,-16976,36,22,-29,0
S,36574838,dn,29,0,1400,1520,2720,-880,-17056,40,27,-28,0
S,36579838,dn,29,0,1400,1520,2216,-728,-16944,40,32,-24,0
S,36584838,dn,29,0,1400,1520,2392,-560,-16960,47,41,-5,0
S,36589838,dn,29,0,1400,1520,4384,-864,-16840,50,42,-15,0
S,36594838,dn,29,0,1400,1520,1824,-1072,-17176,46,90,25,0
S,36599838,dn,29,0,1400,1520,992,-688,-16704,50,106,-4,0
S,36604838,dn,29,0,1400,1520,1576,-1184,-17168,42,108,-19,0
S,36609838,dn,29,0,1400,1520,1896,-784,-16944,45,131,-17,0
S,36614838,dn,29,0,1400,1520,1224,-952,-16872,43,148,-25,0
S,36619838,dn,29,0,1400,1520,1592,-848,-17048,38,141,-46,0
S,36624838,dn,29,0,1400,1520,2176,-1184,-16672,22,153,-36,0
S,36629838,dn,29,0,1400,1520,1200,-848,-17352,12,125,-39,0
S,36634838,dn,29,0,1400,1520,1528,-800,-16840,11,115,-33,0
S,36639838,dn,29,0,1400,1520,1576,-1008,-17192,17,95,-35,0
S,36644838,dn,29,0,1400,1520,1600,-1080,-16872,23,68,-35,0
S,36649838,dn,29,0,1400,1520,1560,-1048,-16968,31,41,-36,0
S,36654838,dn,29,0,1400,1520,1704,-920,-17056,48,20,-29,0
S,36659838,dn,29,0,1400,1520,1704,-928,-16992,49,-5,-25,0
S,36664838,dn,29,0,1400,1520,1584,-960,-17080,48,-17,-25,0
S,36669838,dn,29,0,1400,1520,1648,-776,-17064,49,-23,-26,0
S,36674838,dn,29,0,1400,1520,1520,-1016,-17008,42,-16,-28,0
S,36679838,dn,29,0,1400,1520,1664,-880,-16960,44,-13,-25,0
S,36684838,dn,29,0,1400,1520,1656,-984,-17024,41,4,-26,0
S,36689838,dn,29,0,1400,1520,1592,-936,-16968,35,13,-26,0
S,36694838,dn,29,0,1400,1520,1640,-968,-16992,37,26,-28,0
S,36699838,dn,29,0,1400,1520,1592,-1000,-16976,40,38,-36,0
S,36704838,dn,29,0,1400,1520,1656,-1016,-17008,31,46,-23,0
S,36709838,dn,29,0,1400,1520,1688,-912,-16904,33,50,-27,0
S,36714839,dn,29,0,1400,1520,1656,-960,-16904,33,54,-33,0
S,36719838,dn,29,0,1400,1520,1704,-920,-16912,35,43,-26,0
S,36724838,dn,29,0,1400,1520,1704,-920,-16952,27,28,-26,0
S,36729838,dn,29,0,1400,1520,1608,-936,-16896,32,17,-31,0
S,36734838,dn,29,0,1400,1520,1624,-1032,-17024,39,16,-28,0
S,36739838,dn,29,0,1400,1520,1784,-944,-17104,41,1,-27,0
S,36744838,dn,29,0,1400,1520,1536,-888,-17040,47,3,-30,0
S,36749838,dn,29,0,1400,1520,1760,-992,-17024,45,9,-23,0
S,36754838,dn,29,0,1400,1520,1680,-1000,-16960,47,14,-28,0
S,36759838,dn,29,0,1400,1520,1600,-1024,-17056,47,18,-30,0
S,36764839,dn,29,0,1400,1520,1736,-952,-16968,38,19,-24,0
S,36769838,dn,29,0,1400,1520,1664,-912,-17160,30,29,-31,0
S,36774838,dn,29,0,1400,1520,1608,-856,-17000,33,26,-26,0
S,36779838,dn,29,0,1400,1520,1728,-920,-16944,29,33,-32,0
S,36784838,dn,29,0,1400,1520,1720,-1032,-16936,24,38,-31,0
S,36789838,dn,29,0,1400,1520,1576,-1120,-16984,29,30,-31,0
S,36794838,dn,29,0,1400,1520,1688,-1096,-17008,35,30,-28,0
S,36799838,dn,29,0,1400,1520,1552,-1000,-16976,39,26,-35,0
S,36804838,dn,29,0,1400,1520,1656,-1088,-17032,44,23,-26,0
S,36809838,dn,29,0,1400,1520,1608,-960,-17008,46,18,-25,0
S,36814839,dn,29,0,1400,1520,1584,-976,-16976,41,16,-28,0
S,36819838,dn,29,0,1400,1520,1648,-1048,-16952,42,19,-28,0
S,36824838,dn,29,0,1400,1520,1632,-848,-16968,40,11,-26,0
S,36829838,dn,29,0,1400,1520,1712,-992,-17112,39,13,-30,0
S,36834838,dn,29,0,1400,1520,1608,-904,-17104,35,17,-34,0
S,36839838,dn,29,0,1400,1520,1608,-896,-16984,33,27,-28,0
S,36844838,dn,29,0,1400,1520,1608,-920,-16920,35,26,-29,0
S,36849838,dn,29,0,1400,1520,1672,-1024,-17016,42,31,-27,0
S,36854838,dn,29,0,1400,1520,1736,-976,-17000,36,31,-29,0
S,36859838,dn,29,0,1400,1520,1696,-976,-16992,37,33,-29,0
S,36864838,dn,29,0,1400,1520,1664,-784,-17008,32,29,-31,0
S,36869838,dn,29,0,1400,1520,1672,-912,-16888,35,25,-28,0
S,36874838,dn,29,0,1400,1520,1736,-792,-17008,37,19,-26,0
S,36879838,dn,29,0,1400,1520,1608,-984,-16944,35,18,-26,0
S,36884838,dn,29,0,1400,1520,1648,-976,-16952,43,15,-27,0
S,36889838,dn,29,0,1400,1520,1656,-1008,-16984,38,18,-28,0
S,36894838,dn,29,0,1400,1520,1592,-848,-17072,36,20,-28,0
S,36899838,dn,29,0,1400,1520,1704,-928,-16992,43,16,-29,0
S,36904838,dn,29,0,1400,1520,1752,-968,-16888,41,22,-34,0
S,36909838,dn,29,0,1400,1520,1616,-1000,-17080,42,20,-30,0
S,36914839,dn,29,0,1400,1520,1736,-944,-16896,35,24,-29,0
S,36919838,dn,29,0,1400,1520,1632,-912,-17072,39,29,-26,0
S,36924838,dn,29,0,1400,1520,1624,-1000,-17112,38,30,-30,0
S,36929838,dn,29,0,1400,1520,1608,-840,-16936,35,35,-28,0
S,36934838,dn,29,0,1400,1520,1592,-920,-16960,25,24,-24,0
S,36939838,dn,29,0,1400,1520,1720,-1024,-17008,37,26,-25,0
S,36944838,dn,29,0,1400,1520,1720,-968,-16952,36,21,-30,0
S,36949838,dn,29,0,1400,1520,1600,-848,-16888,38,23,-31,0
S,36954838,dn,29,0,1400,1520,1608,-952,-17032,39,20,-29,0
S,36959838,dn,29,0,1400,1520,1712,-1056,-17104,42,19,-26,0
S,36964838,dn,29,0,1400,1520,1632,-944,-16920,38,20,-31,0
S,36969838,dn,29,0,1400,1520,1648,-1008,-17008,38,14,-24,0
S,36974838,dn,29,0,1400,1520,1672,-944,-16864,31,19,-29,0
S,36979838,dn,29,0,1400,1520,1704,-832,-16960,35,23,-25,0
S,36984838,dn,29,0,1400,1520,1608,-1056,-16952,35,22,-27,0
S,36989838,dn,29,0,1400,1520,1696,-936,-16904,33,23,-27,0
S,36994838,dn,29,0,1400,1520,1432,-816,-17048,34,28,-26,0
S,36999838,dn,29,0,1400,1520,1672,-1016,-16936,34,21,-28,0
S,37004838,dn,29,0,1400,1520,1616,-928,-17136,35,25,-27,0
S,37009838,dn,29,0,1400,1520,1664,-896,-16952,38,28,-26,0
S,37014839,dn,29,0,1400,1520,1624,-936,-17056,35,24,-30,0
S,37019838,dn,29,0,1400,1520,1784,-1000,-16976,42,31,-28,0
S,37024838,dn,29,0,1400,1520,1696,-968,-16992,40,20,-34,0
S,37029838,dn,29,0,1400,1520,1672,-808,-17032,40,23,-34,0
S,37034838,dn,29,0,1400,1520,1776,-992,-16992,36,18,-26,0
S,37039838,dn,29,0,1400,1520,1640,-968,-17000,31,23,-29,0
S,37044838,dn,29,0,1400,1520,1544,-848,-17168,41,20,-34,0
S,37049839,dn,29,0,1400,1520,1760,-896,-16888,39,20,-29,0
S,37054838,dn,29,0,1400,1520,1680,-848,-17024,42,25,-27,0
S,37059838,dn,29,0,1400,1520,1664,-920,-17000,38,27,-29,0
S,37064838,dn,29,0,1400,1520,1728,-944,-16848,37,22,-28,0
E,37064941,dn,30,0,1390,1520,,,,,,,0
S,37065580,dn,30,0,1390,1520,1624,-816,-16968,38,25,-27,0
S,37070567,dn,30,0,1390,1520,1720,-904,-17080,38,23,-34,0
S,37075565,dn,30,0,1390,1520,2056,-1088,-16880,36,26,-28,0
S,37080565,dn,30,0,1390,1520,4208,-1080,-16784,35,53,-26,0
S,37085565,dn,30,0,1390,1520,3456,-8,-16768,47,52,-36,0
S,37090565,dn,30,0,1390,1520,2456,-1400,-17088,41,71,-36,0
S,37095565,dn,30,0,1390,1520,3704,976,-17264,49,97,-10,0
S,37100565,dn,30,0,1390,1520,3008,-912,-16960,52,124,-21,0
S,37105565,dn,30,0,1390,1520,1968,-664,-17400,54,192,-7,0
S,37110565,dn,30,0,1390,1520,1712,-1584,-16368,58,215,-21,0
S,37115565,dn,30,0,1390,1520,1040,-1288,-17544,52,245,-37,0
S,37120565,dn,30,0,1390,1520,1704,-344,-16664,45,272,-32,0
S,37125565,dn,30,0,1390,1520,1624,-800,-17096,40,289,-55,0
S,37130565,dn,30,0,1390,1520,1488,-1304,-16904,17,279,-54,0
S,37135565,dn,30,0,1390,1520,1304,-576,-16936,1,251,-74,0
S,37140565,dn,30,0,1390,1520,1744,-856,-16928,-7,217,-99,0
S,37145565,dn,30,0,1390,1520,2016,-944,-17200,-3,195,-69,0
S,37150565,dn,30,0,1390,1520,1624,-920,-16824,2,151,-64,0
S,37155565,dn,30,0,1390,1520,1728,-904,-17112,24,116,-59,0
S,37160565,dn,30,0,1390,1520,1744,-992,-16840,41,79,-45,0
S,37165565,dn,30,0,1390,1520,1896,-1096,-17016,64,33,-32,0
S,37170565,dn,30,0,1390,1520,1768,-952,-17056,71,-7,-25,0
S,37175565,dn,30,0,1390,1520,1848,-768,-17056,68,-38,-31,0
S,37180565,dn,30,0,1390,1520,1928,-856,-16928,56,-54,-22,0
S,37185565,dn,30,0,1390,1520,1872,-800,-16968,39,-60,-22,0
S,37190565,dn,30,0,1390,1520,1848,-904,-17112,24,-58,-17,0
S,37195565,dn,30,0,1390,1520,1840,-976,-16936,28,-44,-18,0
S,37200565,dn,30,0,1390,1520,1960,-976,-17064,26,-30,-20,0
S,37205565,dn,30,0,1390,1520,1896,-1008,-16928,39,-7,-22,0
S,37210565,dn,30,0,1390,1520,1768,-1032,-16968,42,19,-27,0
S,37215565,dn,30,0,1390,1520,1936,-1016,-17000,51,39,-36,0
S,37220565,dn,30,0,1390,1520,1752,-1040,-16896,48,50,-29,0
S,37225565,dn,30,0,1390,1520,1896,-768,-16952,42,63,-29,0
S,37230566,dn,30,0,1390,1520,1720,-856,-16920,31,60,-25,0
S,37235565,dn,30,0,1390,1520,1784,-992,-17016,24,58,-27,0
S,37240565,dn,30,0,1390,1520,1808,-928,-16880,22,42,-32,0
S,37245565,dn,30,0,1390,1520,1824,-1024,-17072,21,30,-26,0
S,37250565,dn,30,0,1390,1520,1880,-800,-16968,22,19,-31,0
S,37255566,dn,30,0,1390,1520,1792,-880,-17040,28,9,-25,0
S,37260565,dn,30,0,1390,1520,1816,-936,-16984,48,6,-27,0
S,37265565,dn,30,0,1390,1520,1880,-816,-17032,54,2,-26,0
S,37270565,dn,30,0,1390,1520,1776,-984,-17024,57,4,-28,0
S,37275565,dn,30,0,1390,1520,1760,-952,-16976,53,14,-31,0
S,37280565,dn,30,0,1390,1520,1768,-1040,-17000,44,14,-33,0
S,37285565,dn,30,0,1390,1520,1712,-904,-17008,43,17,-30,0
S,37290565,dn,30,0,1390,1520,1760,-896,-17032,25,27,-34,0
S,37295565,dn,30,0,1390,1520,1888,-928,-17008,20,32,-25,0
S,37300565,dn,30,0,1390,1520,1808,-888,-16976,26,37,-28,0
S,37305565,dn,30,0,1390,1520,1904,-856,-16952,23,40,-31,0
S,37310565,dn,30,0,1390,1520,1808,-976,-16968,32,35,-29,0
S,37315565,dn,30,0,1390,1520,1896,-992,-16760,38,34,-30,0
S,37320565,dn,30,0,1390,1520,1912,-800,-16936,45,29,-30,0
S,37325565,dn,30,0,1390,1520,1784,-1000,-17032,47,25,-30,0
S,37330565,dn,30,0,1390,1520,1880,-904,-16936,46,18,-28,0
S,37335565,dn,30,0,1390,1520,1824,-840,-17104,41,20,-31,0
S,37340565,dn,30,0,1390,1520,1816,-872,-16928,34,10,-28,0
S,37345565,dn,30,0,1390,1520,1800,-944,-17080,32,13,-24,0
S,37350565,dn,30,0,1390,1520,1880,-928,-17032,34,16,-25,0
S,37355565,dn,30,0,1390,1520,1872,-872,-17000,37,20,-26,0
S,37360565,dn,30,0,1390,1520,1848,-1024,-17008,40,24,-25,0
S,37365565,dn,30,0,1390,1520,1792,-888,-17016,43,29,-28,0
S,37370565,dn,30,0,1390,1520,1888,-904,-17144,37,34,-29,0
S,37375565,dn,30,0,1390,1520,1792,-968,-17000,43,30,-29,0
S,37380565,dn,30,0,1390,1520,1872,-952,-16880,37,30,-29,0
S,37385565,dn,30,0,1390,1520,1808,-840,-16920,35,28,-29,0
S,37390565,dn,30,0,1390,1520,1864,-928,-16992,33,26,-29,0
S,37395565,dn,30,0,1390,1520,1904,-968,-17040,29,17,-25,0
S,37400565,dn,30,0,1390,1520,1896,-976,-16984,35,17,-28,0
S,37405565,dn,30,0,1390,1520,1968,-920,-17000,39,17,-24,0
S,37410565,dn,30,0,1390,1520,1840,-968,-17056,41,20,-24,0
S,37415565,dn,30,0,1390,1520,1840,-984,-16984,49,21,-26,0
S,37420565,dn,30,0,1390,1520,1832,-1064,-17040,44,23,-32,0
S,37425565,dn,30,0,1390,1520,1904,-952,-16936,43,27,-24,0
S,37430565,dn,30,0,1390,1520,1760,-928,-16968,45,24,-29,0
S,37435565,dn,30,0,1390,1520,1840,-928,-16984,37,26,-27,0
S,37440565,dn,30,0,1390,1520,1808,-864,-17096,37,22,-24,0
S,37445565,dn,30,0,1390,1520,1920,-880,-17032,32,27,-30,0
S,37450565,dn,30,0,1390,1520,1912,-968,-16952,38,25,-28,0
S,37455565,dn,30,0,1390,1520,1864,-984,-16984,34,21,-29,0
S,37460565,dn,30,0,1390,1520,1832,-864,-17072,40,28,-26,0
S,37465565,dn,30,0,1390,1520,1968,-1016,-16960,40,27,-31,0
S,37470565,dn,30,0,1390,1520,1824,-880,-16968,43,21,-29,0
S,37475565,dn,30,0,1390,1520,1880,-984,-16976,42,25,-27,0
S,37480565,dn,30,0,1390,1520,1808,-1008,-16896,34,24,-24,0
S,37485566,dn,30,0,1390,1520,1872,-904,-17088,39,24,-29,0
S,37490565,dn,30,0,1390,1520,1776,-808,-17056,33,17,-27,0
S,37495565,dn,30,0,1390,1520,1720,-960,-16952,32,22,-30,0
S,37500565,dn,30,0,1390,1520,1832,-896,-16880,41,24,-26,0
S,37505565,dn,30,0,1390,1520,1840,-960,-17072,33,20,-26,0
S,37510565,dn,30,0,1390,1520,1856,-928,-17112,41,22,-27,0
S,37515565,dn,30,0,1390,1520,1880,-912,-16952,38,24,-33,0
S,37520565,dn,30,0,1390,1520,1776,-1080,-16928,39,27,-27,0
S,37525565,dn,30,0,1390,1520,1872,-1016,-17064,44,28,-29,0
S,37530565,dn,30,0,1390,1520,1832,-840,-16928,37,28,-27,0
S,37535565,dn,30,0,1390,1520,1872,-872,-17088,39,23,-27,0
S,37540565,dn,30,0,1390,1520,1824,-976,-16992,29,22,-34,0
S,37545565,dn,30,0,1390,1520,1904,-960,-17000,35,21,-22,0
S,37550565,dn,30,0,1390,1520,1840,-896,-17032,31,17,-29,0
S,37555566,dn,30,0,1390,1520,1872,-1024,-16864,43,16,-32,0
S,37560565,dn,30,0,1390,1520,1824,-1024,-17032,41,23,-28,0
S,37565565,dn,30,0,1390,1520,1888,-1000,-16904,45,24,-30,0
E,37565670,dn,31,0,1380,1520,,,,,,,0
S,37566301,dn,31,0,1380,1520,1800,-872,-16968,45,26,-31,0
S,37571292,dn,31,0,1380,1520,1888,-984,-17008,42,21,-22,0
S,37576291,dn,31,0,1380,1520,1704,-736,-17072,38,23,-23,0
S,37581291,dn,31,0,1380,1520,-1784,-1672,-17312,36,37,-9,0
S,37586291,dn,31,0,1380,1520,1648,944,-17160,36,42,-33,0
S,37591291,dn,31,0,1380,1520,3168,-3112,-16776,52,51,-31,0
S,37596291,dn,31,0,1380,1520,1176,-1568,-16936,36,70,-26,0
S,37601291,dn,31,0,1380,1520,3896,-840,-16824,32,83,-10,0
S,37606291,dn,31,0,1380,1520,2816,-200,-16904,47,100,-1,0
S,37611291,dn,31,0,1380,1520,1792,-680,-17104,37,117,-2,0
S,37616291,dn,31,0,1380,1520,1936,-1144,-16896,44,122,-20,0
S,37621291,dn,31,0,1380,1520,2200,-1000,-16896,40,130,-28,0
S,37626291,dn,31,0,1380,1520,1816,-968,-16784,41,151,-28,0
S,37631291,dn,31,0,1380,1520,1376,-840,-17064,42,165,-38,0
S,37636291,dn,31,0,1380,1520,1832,-1296,-16832,39,170,-35,0
S,37641291,dn,31,0,1380,1520,1792,-760,-17064,40,160,-40,0
S,37646291,dn,31,0,1380,1520,1888,-808,-16952,25,153,-42,0
S,37651292,dn,31,0,1380,1520,1888,-984,-16936,25,134,-35,0
S,37656291,dn,31,0,1380,1520,1856,-808,-17032,22,108,-40,0
S,37661291,dn,31,0,1380,1520,1808,-1032,-16960,18,82,-44,0
S,37666291,dn,31,0,1380,1520,1920,-864,-17000,23,56,-38,0
S,37671291,dn,31,0,1380,1520,1952,-912,-17008,33,37,-35,0
S,37676291,dn,31,0,1380,1520,1936,-984,-17016,41,7,-24,0
S,37681291,dn,31,0,1380,1520,2008,-952,-16984,46,-5,-26,0
S,37686291,dn,31,0,1380,1520,2136,-840,-16936,51,-19,-23,0
S,37691291,dn,31,0,1380,1520,2000,-1128,-17008,51,-17,-27,0
S,37696291,dn,31,0,1380,1520,1864,-896,-17064,51,-9,-29,0
S,37701291,dn,31,0,1380,1520,1944,-944,-17056,43,-8,-29,0
S,37706291,dn,31,0,1380,1520,1968,-1000,-17048,34,7,-26,0
S,37711291,dn,31,0,1380,1520,1992,-896,-17024,36,17,-26,0
S,37716291,dn,31,0,1380,1520,2040,-928,-16848,29,27,-28,0
S,37721291,dn,31,0,1380,1520,1856,-920,-16928,24,43,-32,0
S,37726291,dn,31,0,1380,1520,1976,-944,-17024,36,50,-30,0
S,37731291,dn,31,0,1380,1520,2000,-960,-17048,38,50,-33,0
S,37736291,dn,31,0,1380,1520,2008,-912,-16944,31,49,-28,0
S,37741291,dn,31,0,1380,1520,1864,-984,-17032,40,35,-29,0
S,37746291,dn,31,0,1380,1520,1968,-976,-17104,41,32,-28,0
S,37751291,dn,31,0,1380,1520,2072,-1064,-17080,34,19,-27,0
S,37756291,dn,31,0,1380,1520,1880,-976,-17120,35,14,-30,0
S,37761291,dn,31,0,1380,1520,2088,-1008,-16976,40,6,-27,0
S,37766291,dn,31,0,1380,1520,1968,-952,-17088,37,5,-24,0
S,37771291,dn,31,0,1380,1520,1920,-1008,-16968,38,5,-28,0
S,37776291,dn,31,0,1380,1520,1944,-984,-16824,44,12,-24,0
S,37781291,dn,31,0,1380,1520,1896,-920,-16920,48,16,-26,0
S,37786291,dn,31,0,1380,1520,1984,-1104,-16904,42,24,-30,0
S,37791291,dn,31,0,1380,1520,1920,-968,-17064,39,28,-34,0
S,37796291,dn,31,0,1380,1520,1880,-936,-16960,41,29,-24,0
S,37801291,dn,31,0,1380,1520,1888,-896,-16984,38,27,-26,0
S,37806291,dn,31,0,1380,1520,1976,-1024,-16912,28,26,-25,0
S,37811291,dn,31,0,1380,1520,1928,-888,-17008,29,30,-28,0
S,37816291,dn,31,0,1380,1520,2008,-1024,-16944,32,26,-33,0
S,37821291,dn,31,0,1380,1520,1968,-936,-16960,37,27,-23,0
S,37826291,dn,31,0,1380,1520,1944,-880,-17112,44,25,-28,0
S,37831291,dn,31,0,1380,1520,1904,-1104,-17096,43,17,-29,0
S,37836291,dn,31,0,1380,1520,2016,-904,-16912,45,17,-29,0
S,37841291,dn,31,0,1380,1520,2072,-912,-16856,44,19,-22,0
S,37846291,dn,31,0,1380,1520,1944,-968,-17104,44,13,-23,0
S,37851291,dn,31,0,1380,1520,1952,-960,-16856,40,20,-27,0
S,37856291,dn,31,0,1380,1520,1984,-952,-16880,40,22,-27,0
S,37861291,dn,31,0,1380,1520,1968,-912,-17128,37,23,-33,0
S,37866291,dn,31,0,1380,1520,2040,-1032,-16880,44,24,-25,0
S,37871291,dn,31,0,1380,1520,1968,-976,-16920,36,29,-24,0
S,37876291,dn,31,0,1380,1520,2000,-992,-17008,38,27,-25,0
S,37881291,dn,31,0,1380,1520,1944,-928,-17000,39,27,-30,0
S,37886291,dn,31,0,1380,1520,2048,-888,-16912,48,23,-32,0
S,37891291,dn,31,0,1380,1520,1896,-856,-17000,42,29,-28,0
S,37896291,dn,31,0,1380,1520,1944,-896,-17104,40,24,-28,0
S,37901291,dn,31,0,1380,1520,2024,-920,-16904,38,16,-35,0
S,37906291,dn,31,0,1380,1520,1888,-904,-16920,45,20,-29,0
S,37911291,dn,31,0,1380,1520,1880,-960,-17080,38,21,-29,0
S,37916291,dn,31,0,1380,1520,1976,-936,-16816,40,19,-26,0
S,37921291,dn,31,0,1380,1520,1920,-928,-16984,37,19,-35,0
S,37926291,dn,31,0,1380,1520,2072,-1080,-16984,39,16,-23,0
S,37931291,dn,31,0,1380,1520,1832,-944,-16928,39,23,-33,0
S,37936291,dn,31,0,1380,1520,2056,-864,-16920,41,27,-27,0
S,37941291,dn,31,0,1380,1520,1936,-840,-17056,42,19,-26,0
S,37946291,dn,31,0,1380,1520,1952,-912,-17016,42,25,-29,0
S,37951291,dn,31,0,1380,1520,1912,-888,-17024,41,23,-31,0
S,37956291,dn,31,0,1380,1520,2056,-792,-16912,30,28,-28,0
S,37961291,dn,31,0,1380,1520,1984,-880,-17144,38,26,-25,0
S,37966291,dn,31,0,1380,1520,1904,-1016,-16952,36,23,-35,0
S,37971291,dn,31,0,1380,1520,1896,-920,-16928,35,21,-31,0
S,37976291,dn,31,0,1380,1520,1984,-1016,-17048,47,24,-23,0
S,37981291,dn,31,0,1380,1520,1936,-1016,-16888,37,18,-30,0
S,37986291,dn,31,0,1380,1520,1968,-1016,-16920,46,20,-33,0
S,37991291,dn,31,0,1380,1520,1976,-1000,-17048,42,16,-28,0
S,37996291,dn,31,0,1380,1520,1872,-1008,-16960,45,21,-28,0
S,38001291,dn,31,0,1380,1520,2096,-888,-17024,41,21,-26,0
S,38006291,dn,31,0,1380,1520,1896,-920,-16920,37,25,-31,0
S,38011291,dn,31,0,1380,1520,1992,-1000,-16984,36,28,-31,0
S,38016291,dn,31,0,1380,1520,1888,-1056,-17064,34,28,-26,0
S,38021291,dn,31,0,1380,1520,1976,-960,-17024,40,23,-26,0
S,38026291,dn,31,0,1380,1520,2056,-960,-17016,33,24,-31,0
S,38031291,dn,31,0,1380,1520,1976,-1016,-17120,43,24,-26,0
S,38036291,dn,31,0,1380,1520,2056,-984,-17024,41,31,-29,0
S,38041291,dn,31,0,1380,1520,2032,-1008,-17104,39,23,-30,0
S,38046291,dn,31,0,1380,1520,2048,-1000,-16856,40,15,-27,0
S,38051291,dn,31,0,1380,1520,1896,-1024,-16896,32,28,-21,0
S,38056291,dn,31,0,1380,1520,1952,-1016,-17008,35,21,-31,0
S,38061291,dn,31,0,1380,1520,1952,-952,-17096,35,21,-32,0
S,38066291,dn,31,0,1380,1520,1944,-1000,-16968,42,25,-27,0
E,38066394,dn,32,0,1370,1520,,,,,,,0
S,38067028,dn,32,0,1370,1520,2000,-912,-16984,38,22,-27,0
S,38072022,dn,32,0,1370,1520,2288,-816,-16872,36,25,-27,0
S,38077018,dn,32,0,1370,1520,2632,-1152,-17000,40,25,-32,0
S,38082018,dn,32,0,1370,1520,2344,-928,-17000,35,31,-15,0
S,38087017,dn,32,0,1370,1520,-96,-1592,-17104,38,43,-11,0
S,38092018,dn,32,0,1370,1520,208,-792,-17256,38,67,-35,0
S,38097018,dn,32,0,1370,1520,4440,-48,-16824,52,73,-56,0
S,38102017,dn,32,0,1370,1520,2872,-2912,-16992,46,95,-28,0
S,38107017,dn,32,0,1370,1520,1928,-2000,-17056,39,130,-31,0
S,38112018,dn,32,0,1370,1520,2352,-312,-16888,49,163,-24,0
S,38117017,dn,32,0,1370,1520,1784,-1176,-17112,51,198,-30,0
S,38122017,dn,32,0,1370,1520,2184,-1624,-16984,44,237,-31,0
S,38127017,dn,32,0,1370,1520,2048,-800,-16848,43,254,-35,0
S,38132017,dn,32,0,1370,1520,1840,-376,-17016,31,272,-47,0
S,38137017,dn,32,0,1370,1520,1800,-1024,-17040,24,265,-56,0
S,38142017,dn,32,0,1370,1520,1864,-1056,-16960,11,247,-56,0
S,38147017,dn,32,0,1370,1520,1960,-736,-16912,0,218,-73,0
S,38152017,dn,32,0,1370,1520,2168,-752,-17000,2,185,-80,0
S,38157018,dn,32,0,1370,1520,1960,-1080,-16968,9,156,-66,0
S,38162018,dn,32,0,1370,1520,2144,-1072,-17032,33,115,-41,0
S,38167018,dn,32,0,1370,1520,2008,-712,-16784,50,75,-45,0
S,38172017,dn,32,0,1370,1520,2160,-808,-17008,66,23,-36,0
S,38177017,dn,32,0,1370,1520,2224,-1128,-17000,67,-18,-29,0
S,38182017,dn,32,0,1370,1520,2128,-856,-16968,59,-41,-28,0
S,38187018,dn,32,0,1370,1520,2104,-824,-17056,42,-56,-17,0
S,38192018,dn,32,0,1370,1520,2320,-744,-16896,29,-48,-22,0
S,38197017,dn,32,0,1370,1520,2240,-1056,-17016,20,-39,-17,0
S,38202017,dn,32,0,1370,1520,2184,-936,-16984,23,-25,-15,0
S,38207017,dn,32,0,1370,1520,2120,-880,-17016,28,-9,-22,0
S,38212018,dn,32,0,1370,1520,2240,-928,-16984,41,18,-27,0
S,38217018,dn,32,0,1370,1520,2176,-1072,-16896,50,29,-31,0
S,38222018,dn,32,0,1370,1520,2016,-1168,-17104,54,49,-39,0
S,38227017,dn,32,0,1370,1520,2112,-976,-16928,50,59,-28,0
S,38232018,dn,32,0,1370,1520,2072,-832,-17024,43,57,-31,0
S,38237018,dn,32,0,1370,1520,2056,-960,-16824,32,55,-35,0
S,38242017,dn,32,0,1370,1520,2064,-920,-16912,22,45,-31,0
S,38247017,dn,32,0,1370,1520,2128,-928,-16960,17,26,-28,0
S,38252018,dn,32,0,1370,1520,2096,-1112,-16928,17,21,-31,0
S,38257018,dn,32,0,1370,1520,2128,-1032,-16912,28,12,-33,0
S,38262018,dn,32,0,1370,1520,2256,-976,-16896,37,5,-32,0
S,38267018,dn,32,0,1370,1520,2288,-944,-17024,48,3,-29,0
S,38272017,dn,32,0,1370,1520,2288,-928,-17064,63,11,-28,0
S,38277017,dn,32,0,1370,1520,2056,-936,-16912,55,13,-33,0
S,38282018,dn,32,0,1370,1520,2160,-992,-17120,55,17,-29,0
S,38287018,dn,32,0,1370,1520,2272,-816,-16952,38,18,-26,0
S,38292017,dn,32,0,1370,1520,2088,-992,-17056,27,31,-25,0
S,38297018,dn,32,0,1370,1520,2264,-904,-17000,24,34,-32,0
S,38302017,dn,32,0,1370,1520,1960,-1120,-16960,23,28,-32,0
S,38307017,dn,32,0,1370,1520,2120,-824,-16896,26,25,-25,0
S,38312018,dn,32,0,1370,1520,2256,-1024,-16992,32,32,-33,0
S,38317018,dn,32,0,1370,1520,2152,-936,-17024,38,36,-32,0
S,38322018,dn,32,0,1370,1520,2128,-1072,-16960,45,28,-26,0
S,38327018,dn,32,0,1370,1520,2104,-904,-16920,50,25,-28,0
S,38332017,dn,32,0,1370,1520,2168,-1048,-16896,43,24,-34,0
S,38337018,dn,32,0,1370,1520,2048,-960,-17048,42,14,-24,0
S,38342017,dn,32,0,1370,1520,2200,-984,-16976,37,11,-28,0
S,38347017,dn,32,0,1370,1520,2152,-960,-16896,28,11,-29,0
S,38352018,dn,32,0,1370,1520,2160,-880,-16968,33,14,-33,0
S,38357017,dn,32,0,1370,1520,2184,-928,-16952,34,16,-25,0
S,38362018,dn,32,0,1370,1520,2088,-944,-16952,38,27,-30,0
S,38367018,dn,32,0,1370,1520,2168,-1000,-16952,45,29,-33,0
S,38372018,dn,32,0,1370,1520,2208,-944,-17096,47,32,-28,0
S,38377018,dn,32,0,1370,1520,2128,-824,-17008,44,35,-35,0
S,38382017,dn,32,0,1370,1520,2112,-1000,-17064,44,29,-25,0
S,38387018,dn,32,0,1370,1520,2136,-912,-16976,33,28,-28,0
S,38392017,dn,32,0,1370,1520,2032,-1136,-16896,30,24,-29,0
S,38397017,dn,32,0,1370,1520,2168,-888,-16960,29,23,-26,0
S,38402017,dn,32,0,1370,1520,2176,-984,-16928,31,18,-32,0
S,38407018,dn,32,0,1370,1520,2176,-952,-16928,38,17,-30,0
S,38412018,dn,32,0,1370,1520,2240,-1088,-17048,36,20,-32,0
S,38417018,dn,32,0,1370,1520,2120,-952,-16904,42,15,-27,0
S,38422017,dn,32,0,1370,1520,2176,-944,-16912,43,26,-28,0
S,38427018,dn,32,0,1370,1520,2128,-1000,-17056,46,25,-27,0
S,38432018,dn,32,0,1370,1520,2120,-936,-16864,41,22,-29,0
S,38437017,dn,32,0,1370,1520,2112,-848,-17048,41,23,-28,0
S,38442018,dn,32,0,1370,1520,2168,-1008,-16992,32,28,-25,0
S,38447017,dn,32,0,1370,1520,2112,-1032,-17032,29,30,-28,0
S,38452017,dn,32,0,1370,1520,2160,-888,-16952,28,28,-22,0
S,38457017,dn,32,0,1370,1520,2056,-904,-16968,34,20,-24,0
S,38462018,dn,32,0,1370,1520,2136,-976,-16904,40,23,-26,0
S,38467018,dn,32,0,1370,1520,2216,-872,-16872,45,26,-34,0
S,38472017,dn,32,0,1370,1520,2216,-1000,-16984,46,26,-31,0
S,38477017,dn,32,0,1370,1520,2056,-992,-16952,39,18,-34,0
S,38482018,dn,32,0,1370,1520,2192,-1008,-17032,47,27,-33,0
S,38487017,dn,32,0,1370,1520,2128,-1016,-16936,33,23,-25,0
S,38492017,dn,32,0,1370,1520,2248,-936,-16936,37,21,-25,0
S,38497018,dn,32,0,1370,1520,2176,-968,-16920,33,18,-29,0
S,38502017,dn,32,0,1370,1520,2088,-976,-17032,33,22,-29,0
S,38507018,dn,32,0,1370,1520,2072,-920,-17160,37,20,-28,0
S,38512017,dn,32,0,1370,1520,2120,-848,-16960,38,26,-33,0
S,38517018,dn,32,0,1370,1520,2144,-1024,-16960,38,23,-32,0
S,38522018,dn,32,0,1370,1520,2176,-944,-17096,44,28,-27,0
S,38527018,dn,32,0,1370,1520,2096,-888,-16872,42,24,-30,0
S,38532017,dn,32,0,1370,1520,2120,-912,-16960,35,28,-31,0
S,38537017,dn,32,0,1370,1520,2072,-944,-16984,32,29,-29,0
S,38542018,dn,32,0,1370,1520,2128,-976,-17000,34,25,-29,0
S,38547018,dn,32,0,1370,1520,2120,-1016,-17056,31,15,-39,0
S,38552017,dn,32,0,1370,1520,2136,-992,-16968,31,24,-36,0
S,38557018,dn,32,0,1370,1520,2048,-1072,-17048,35,18,-29,0
S,38562017,dn,32,0,1370,1520,2152,-968,-16896,38,22,-34,0
S,38567018,dn,32,0,1370,1520,2176,-896,-17088,40,30,-31,0
E,38567123,up2,-1,0,1370,1520,,,,,,,0
E,40067168,up2,0,0,1370,1520,,,,,,,0
S,40067795,up2,0,0,1370,1520,2136,-968,-16976,43,22,-27,0
S,40072785,up2,0,0,1370,1520,2232,-1040,-17008,36,20,-35,0
S,40077783,up2,0,0,1370,1520,2120,-936,-16960,36,20,-23,0
S,40082784,up2,0,0,1370,1520,2200,-1032,-17040,38,24,-28,0
S,40087783,up2,0,0,1370,1520,2056,-968,-16984,38,19,-30,0
S,40092783,up2,0,0,1370,1520,2192,-952,-16880,38,26,-30,0
S,40097784,up2,0,0,1370,1520,2088,-1008,-16960,40,23,-27,0
S,40102783,up2,0,0,1370,1520,2112,-1104,-17016,37,23,-26,0
S,40107784,up2,0,0,1370,1520,2144,-912,-16912,37,23,-30,0
S,40112783,up2,0,0,1370,1520,2288,-1008,-16896,37,21,-25,0
S,40117784,up2,0,0,1370,1520,2104,-888,-17040,37,24,-31,0
S,40122783,up2,0,0,1370,1520,2184,-760,-16880,33,18,-29,0
S,40127783,up2,0,0,1370,1520,2168,-1080,-16976,32,23,-26,0
S,40132783,up2,0,0,1370,1520,2120,-968,-16864,40,22,-29,0
S,40137783,up2,0,0,1370,1520,2264,-960,-16984,34,22,-32,0
S,40142783,up2,0,0,1370,1520,1968,-936,-17040,34,25,-29,0
S,40147784,up2,0,0,1370,1520,2112,-992,-16928,40,27,-29,0
S,40152784,up2,0,0,1370,1520,2072,-912,-16984,39,23,-26,0
S,40157784,up2,0,0,1370,1520,2224,-1016,-16944,38,25,-30,0
S,40162783,up2,0,0,1370,1520,2152,-968,-17056,39,24,-27,0
S,40167783,up2,0,0,1370,1520,2224,-944,-16832,37,22,-23,0
S,40172784,up2,0,0,1370,1520,2168,-1008,-17016,38,23,-29,0
S,40177783,up2,0,0,1370,1520,2088,-856,-16848,39,22,-31,0
S,40182783,up2,0,0,1370,1520,2168,-1080,-16960,39,24,-26,0
S,40187784,up2,0,0,1370,1520,2224,-1032,-17056,35,24,-24,0
S,40192783,up2,0,0,1370,1520,2120,-872,-17088,38,20,-23,0
S,40197784,up2,0,0,1370,1520,2168,-960,-16880,38,25,-33,0
S,40202784,up2,0,0,1370,1520,2080,-936,-16944,36,33,-25,0
S,40207784,up2,0,0,1370,1520,2120,-1080,-16952,39,20,-27,0
S,40212783,up2,0,0,1370,1520,2216,-984,-16960,41,28,-23,0
S,40217783,up2,0,0,1370,1520,1976,-912,-16952,34,26,-35,0
S,40222784,up2,0,0,1370,1520,2216,-912,-16976,36,27,-29,0
S,40227784,up2,0,0,1370,1520,2072,-928,-17008,33,26,-30,0
S,40232784,up2,0,0,1370,1520,2184,-920,-16896,40,28,-30,0
S,40237784,up2,0,0,1370,1520,2184,-952,-17000,43,26,-30,0
S,40242784,up2,0,0,1370,1520,2128,-1000,-16928,39,21,-31,0
S,40247783,up2,0,0,1370,1520,2232,-816,-16936,33,20,-29,0
S,40252784,up2,0,0,1370,1520,2064,-904,-16944,40,26,-29,0
S,40257784,up2,0,0,1370,1520,2152,-864,-16904,37,21,-28,0
S,40262783,up2,0,0,1370,1520,2208,-984,-17048,42,23,-24,0
S,40267783,up2,0,0,1370,1520,2136,-840,-16992,33,24,-29,0
S,40272784,up2,0,0,1370,1520,2296,-880,-17096,36,23,-24,0
S,40277783,up2,0,0,1370,1520,2064,-992,-17048,34,18,-33,0
S,40282784,up2,0,0,1370,1520,2128,-872,-16968,36,21,-28,0
S,40287784,up2,0,0,1370,1520,2184,-1048,-16904,39,25,-32,0
S,40292783,up2,0,0,1370,1520,2184,-1048,-16952,29,22,-31,0
S,40297783,up2,0,0,1370,1520,2120,-880,-16824,42,23,-28,0
S,40302783,up2,0,0,1370,1520,2136,-1008,-16912,37,29,-22,0
S,40307784,up2,0,0,1370,1520,2184,-1032,-17016,36,15,-27,0
S,40312783,up2,0,0,1370,1520,2096,-1016,-17032,36,19,-26,0
S,40317783,up2,0,0,1370,1520,2176,-984,-17000,42,19,-30,0
S,40322783,up2,0,0,1370,1520,2160,-992,-16928,35,22,-28,0
S,40327783,up2,0,0,1370,1520,2208,-1040,-17040,45,25,-28,0
S,40332783,up2,0,0,1370,1520,2208,-968,-17008,41,25,-27,0
S,40337783,up2,0,0,1370,1520,2024,-1040,-16912,41,24,-32,0
S,40342783,up2,0,0,1370,1520,2136,-888,-17000,40,24,-27,0
S,40347784,up2,0,0,1370,1520,2176,-1056,-16960,42,26,-32,0
S,40352784,up2,0,0,1370,1520,2136,-1008,-16960,35,23,-26,0
S,40357784,up2,0,0,1370,1520,2088,-984,-17008,45,25,-20,0
S,40362784,up2,0,0,1370,1520,2112,-1024,-17056,39,24,-27,0
S,40367784,up2,0,0,1370,1520,2168,-1072,-17072,38,22,-30,0
S,40372784,up2,0,0,1370,1520,2192,-984,-16968,33,23,-27,0
S,40377784,up2,0,0,1370,1520,2040,-944,-17112,40,27,-27,0
S,40382783,up2,0,0,1370,1520,2216,-872,-17056,39,24,-29,0
S,40387783,up2,0,0,1370,1520,2080,-1024,-17032,36,29,-26,0
S,40392784,up2,0,0,1370,1520,2200,-912,-17008,32,25,-26,0
S,40397783,up2,0,0,1370,1520,2024,-848,-16992,33,22,-27,0
S,40402783,up2,0,0,1370,1520,2120,-864,-16856,38,22,-24,0
S,40407783,up2,0,0,1370,1520,2120,-848,-16888,36,24,-28,0
S,40412784,up2,0,0,1370,1520,2216,-928,-16968,39,22,-31,0
S,40417784,up2,0,0,1370,1520,2184,-880,-16992,37,21,-30,0
S,40422783,up2,0,0,1370,1520,2160,-808,-16944,36,23,-24,0
S,40427783,up2,0,0,1370,1520,2080,-856,-17008,40,26,-27,0
S,40432784,up2,0,0,1370,1520,2232,-920,-16944,38,24,-32,0
S,40437783,up2,0,0,1370,1520,2008,-840,-17112,40,20,-30,0
S,40442783,up2,0,0,1370,1520,2096,-928,-17008,39,16,-30,0
S,40447783,up2,0,0,1370,1520,2136,-968,-16832,39,23,-23,0
S,40452784,up2,0,0,1370,1520,2192,-960,-16904,34,20,-24,0
S,40457784,up2,0,0,1370,1520,2080,-888,-17056,37,23,-20,0
S,40462784,up2,0,0,1370,1520,2192,-1008,-16872,37,21,-28,0
S,40467783,up2,0,0,1370,1520,2144,-888,-16864,33,22,-29,0
S,40472784,up2,0,0,1370,1520,2200,-960,-16968,34,25,-37,0
S,40477783,up2,0,0,1370,1520,2104,-1096,-17072,39,26,-33,0
S,40482783,up2,0,0,1370,1520,2200,-848,-16944,37,23,-29,0
S,40487783,up2,0,0,1370,1520,2152,-1008,-16968,40,23,-27,0
S,40492783,up2,0,0,1370,1520,2168,-864,-17016,38,23,-28,0
S,40497784,up2,0,0,1370,1520,2144,-880,-16888,37,19,-25,0
S,40502783,up2,0,0,1370,1520,2064,-1016,-16936,35,21,-28,0
S,40507783,up2,0,0,1370,1520,2072,-1024,-16912,37,26,-31,0
S,40512784,up2,0,0,1370,1520,2248,-1016,-17048,34,25,-32,0
S,40517783,up2,0,0,1370,1520,2088,-976,-17016,39,23,-27,0
S,40522783,up2,0,0,1370,1520,2184,-904,-16944,35,24,-25,0
S,40527783,up2,0,0,1370,1520,2112,-888,-17032,38,20,-32,0
S,40532784,up2,0,0,1370,1520,2152,-992,-16976,41,24,-31,0
S,40537784,up2,0,0,1370,1520,2168,-960,-16864,36,23,-31,0
S,40542783,up2,0,0,1370,1520,2040,-864,-16944,41,21,-26,0
S,40547784,up2,0,0,1370,1520,2096,-904,-17032,45,17,-32,0
S,40552784,up2,0,0,1370,1520,2104,-936,-17040,41,22,-30,0
S,40557784,up2,0,0,1370,1520,2128,-952,-16888,36,20,-27,0
S,40562784,up2,0,0,1370,1520,2048,-904,-16816,43,22,-30,0
S,40567784,up2,0,0,1370,1520,2064,-1024,-16888,40,21,-25,0
E,40567886,up2,1,0,1380,1520,,,,,,,0
S,40568517,up2,1,0,1380,1520,2136,-920,-16904,35,20,-26,0
S,40573508,up2,1,0,1380,1520,2200,-896,-16976,42,18,-27,0
S,40578506,up2,1,0,1380,1520,1112,-936,-17088,46,15,-27,0
S,40583506,up2,1,0,1380,1520,2624,-592,-16744,33,-5,-49,0
S,40588506,up2,1,0,1380,1520,-2128,-1824,-16848,34,-12,-52,0
S,40593506,up2,1,0,1380,1520,1464,-736,-17256,30,-12,-34,0
S,40598506,up2,1,0,1380,1520,3392,-1544,-17008,38,-24,-35,0
S,40603507,up2,1,0,1380,1520,2552,-752,-16928,38,-27,-29,0
S,40608507,up2,1,0,1380,1520,2544,-656,-16992,36,-25,-32,0
S,40613506,up2,1,0,1380,1520,2832,952,-17008,44,-40,-32,0
S,40618506,up2,1,0,1380,1520,1608,-1464,-16808,42,-40,-35,0
S,40623506,up2,1,0,1380,1520,2224,-960,-17112,41,-41,-34,0
S,40628506,up2,1,0,1380,1520,1984,-576,-17112,42,-39,-24,0
S,40633506,up2,1,0,1380,1520,2128,-768,-16800,43,-29,-27,0
S,40638507,up2,1,0,1380,1520,2112,-1016,-17160,39,-15,-26,0
S,40643506,up2,1,0,1380,1520,2352,-1384,-16816,35,-9,-33,0
S,40648506,up2,1,0,1380,1520,1920,-648,-17104,39,-2,-32,0
S,40653507,up2,1,0,1380,1520,2224,-968,-16792,36,11,-34,0
S,40658507,up2,1,0,1380,1520,2112,-1040,-16984,36,25,-25,0
S,40663506,up2,1,0,1380,1520,2176,-880,-16936,42,30,-31,0
S,40668506,up2,1,0,1380,1520,2088,-928,-16928,37,39,-34,0
S,40673507,up2,1,0,1380,1520,2200,-896,-16848,40,42,-32,0
S,40678507,up2,1,0,1380,1520,2080,-992,-16952,34,41,-29,0
S,40683507,up2,1,0,1380,1520,1976,-864,-16928,33,36,-27,0
S,40688506,up2,1,0,1380,1520,2120,-912,-16896,37,34,-24,0
S,40693506,up2,1,0,1380,1520,2080,-1032,-16960,32,32,-27,0
S,40698506,up2,1,0,1380,1520,2184,-888,-16816,31,25,-26,0
S,40703506,up2,1,0,1380,1520,2032,-1008,-16896,38,19,-26,0
S,40708506,up2,1,0,1380,1520,2224,-1000,-16944,39,15,-30,0
S,40713507,up2,1,0,1380,1520,2160,-984,-16880,42,15,-26,0
S,40718507,up2,1,0,1380,1520,2120,-920,-16928,42,13,-32,0
S,40723506,up2,1,0,1380,1520,2136,-1000,-16952,44,17,-32,0
S,40728506,up2,1,0,1380,1520,2048,-936,-16968,40,14,-31,0
S,40733507,up2,1,0,1380,1520,2040,-1192,-16976,40,16,-28,0
S,40738506,up2,1,0,1380,1520,2128,-864,-16848,38,15,-33,0
S,40743506,up2,1,0,1380,1520,2144,-864,-17040,34,25,-33,0
S,40748507,up2,1,0,1380,1520,2168,-840,-16968,34,28,-32,0
S,40753507,up2,1,0,1380,1520,2048,-952,-17000,34,30,-31,0
S,40758507,up2,1,0,1380,1520,2080,-936,-16800,34,33,-31,0
S,40763507,up2,1,0,1380,1520,2192,-992,-16880,37,22,-35,0
S,40768507,up2,1,0,1380,1520,2112,-848,-17048,41,25,-26,0
S,40773506,up2,1,0,1380,1520,2184,-992,-17000,40,23,-27,0
S,40778506,up2,1,0,1380,1520,2176,-888,-16880,45,25,-27,0
S,40783507,up2,1,0,1380,1520,1976,-848,-17016,34,24,-28,0
S,40788506,up2,1,0,1380,1520,2168,-1000,-16984,38,23,-27,0
S,40793507,up2,1,0,1380,1520,2080,-1016,-16824,39,22,-25,0
S,40798507,up2,1,0,1380,1520,2216,-864,-16912,37,17,-22,0
S,40803507,up2,1,0,1380,1520,2040,-984,-16896,35,15,-30,0
S,40808506,up2,1,0,1380,1520,2000,-1024,-16992,44,15,-28,0
S,40813507,up2,1,0,1380,1520,2104,-856,-16960,34,16,-24,0
S,40818507,up2,1,0,1380,1520,2088,-936,-16960,40,21,-24,0
S,40823507,up2,1,0,1380,1520,2080,-1000,-16848,36,22,-26,0
S,40828506,up2,1,0,1380,1520,2168,-1032,-16944,41,28,-31,0
S,40833506,up2,1,0,1380,1520,2096,-976,-16952,30,26,-24,0
S,40838507,up2,1,0,1380,1520,2048,-968,-17064,40,23,-33,0
S,40843507,up2,1,0,1380,1520,1992,-944,-16872,34,26,-29,0
S,40848507,up2,1,0,1380,1520,2088,-952,-16936,38,26,-30,0
S,40853507,up2,1,0,1380,1520,1984,-888,-16976,40,22,-35,0
S,40858506,up2,1,0,1380,1520,2192,-992,-16928,38,18,-28,0
S,40863507,up2,1,0,1380,1520,1968,-1032,-16944,40,23,-27,0
S,40868506,up2,1,0,1380,1520,2120,-1024,-17056,41,21,-33,0
S,40873507,up2,1,0,1380,1520,2040,-912,-16936,39,21,-32,0
S,40878507,up2,1,0,1380,1520,2040,-824,-17016,40,16,-33,0
S,40883507,up2,1,0,1380,1520,2128,-1016,-17040,41,21,-25,0
S,40888506,up2,1,0,1380,1520,2176,-992,-17016,40,19,-27,0
S,40893506,up2,1,0,1380,1520,2144,-944,-17040,37,22,-32,0
S,40898506,up2,1,0,1380,1520,2112,-984,-16936,34,25,-29,0
S,40903507,up2,1,0,1380,1520,2120,-1016,-16936,37,25,-30,0
S,40908506,up2,1,0,1380,1520,2048,-984,-16976,40,26,-25,0
S,40913507,up2,1,0,1380,1520,2128,-1112,-16960,38,26,-30,0
S,40918507,up2,1,0,1380,1520,2056,-1000,-16984,39,28,-34,0
S,40923506,up2,1,0,1380,1520,2128,-944,-17024,36,24,-30,0
S,40928507,up2,1,0,1380,1520,2064,-968,-16952,38,27,-31,0
S,40933506,up2,1,0,1380,1520,2048,-952,-16984,42,26,-26,0
S,40938506,up2,1,0,1380,1520,2152,-808,-16992,33,15,-30,0
S,40943506,up2,1,0,1380,1520,2088,-904,-17040,36,23,-32,0
S,40948506,up2,1,0,1380,1520,2152,-984,-17032,40,23,-28,0
S,40953507,up2,1,0,1380,1520,1944,-992,-16968,39,21,-32,0
S,40958506,up2,1,0,1380,1520,2152,-864,-16960,34,18,-26,0
S,40963506,up2,1,0,1380,1520,2040,-912,-16912,43,27,-26,0
S,40968507,up2,1,0,1380,1520,2232,-936,-16944,38,24,-30,0
S,40973506,up2,1,0,1380,1520,2056,-968,-16848,43,21,-28,0
S,40978507,up2,1,0,1380,1520,2144,-944,-16888,43,25,-27,0
S,40983506,up2,1,0,1380,1520,2048,-904,-16912,37,28,-29,0
S,40988507,up2,1,0,1380,1520,2064,-920,-16952,38,23,-32,0
S,40993507,up2,1,0,1380,1520,2136,-936,-16920,40,23,-26,0
S,40998507,up2,1,0,1380,1520,2008,-912,-16984,36,25,-27,0
S,41003507,up2,1,0,1380,1520,2096,-816,-17000,35,25,-35,0
S,41008507,up2,1,0,1380,1520,2208,-936,-16920,41,21,-23,0
S,41013506,up2,1,0,1380,1520,2096,-912,-16856,34,24,-26,0
S,41018506,up2,1,0,1380,1520,2008,-824,-16928,38,22,-30,0
S,41023506,up2,1,0,1380,1520,2096,-952,-16968,42,23,-31,0
S,41028507,up2,1,0,1380,1520,2144,-920,-16800,37,24,-32,0
S,41033506,up2,1,0,1380,1520,2056,-944,-17080,40,22,-32,0
S,41038507,up2,1,0,1380,1520,2120,-784,-16928,34,29,-32,0
S,41043507,up2,1,0,1380,1520,2096,-856,-17040,40,25,-29,0
S,41048506,up2,1,0,1380,1520,2168,-1064,-16832,38,21,-29,0
S,41053507,up2,1,0,1380,1520,2096,-912,-16912,36,25,-26,0
S,41058507,up2,1,0,1380,1520,2048,-928,-16944,36,24,-28,0
S,41063506,up2,1,0,1380,1520,2192,-944,-16992,34,24,-28,0
S,41068506,up2,1,0,1380,1520,2064,-856,-17056,39,18,-27,0
E,41068609,up2,2,0,1390,1520,,,,,,,0
S,41069243,up2,2,0,1390,1520,2144,-976,-16896,36,20,-23,0
S,41074229,up2,2,0,1390,1520,2120,-896,-16912,37,27,-30,0
S,41079229,up2,2,0,1390,1520,1840,-848,-17000,35,22,-28,0
S,41084228,up2,2,0,1390,1520,272,-1320,-16992,38,0,-39,0
S,41089228,up2,2,0,1390,1520,1592,-1392,-17800,31,-47,-129,0
S,41094228,up2,2,0,1390,1520,1984,128,-16256,42,-10,-25,0
S,41099228,up2,2,0,1390,1520,1600,-344,-17840,48,-79,-95,0
S,41104228,up2,2,0,1390,1520,4448,-592,-15976,45,-103,15,0
S,41109228,up2,2,0,1390,1520,-2800,-2576,-17624,41,-143,33,0
S,41114228,up2,2,0,1390,1520,256,1168,-17032,41,-157,12,0
S,41119228,up2,2,0,1390,1520,3448,-1584,-17008,41,-170,-17,0
S,41124229,up2,2,0,1390,1520,2008,-1768,-16696,31,-180,1,0
S,41129228,up2,2,0,1390,1520,1472,-1048,-17072,24,-173,10,0
S,41134229,up2,2,0,1390,1520,2168,-752,-16824,27,-157,3,0
S,41139228,up2,2,0,1390,1520,2224,-1072,-17120,33,-126,3,0
S,41144228,up2,2,0,1390,1520,1864,-960,-16608,33,-89,22,0
S,41149228,up2,2,0,1390,1520,2184,-992,-17384,43,-67,-3,0
S,41154228,up2,2,0,1390,1520,2240,-960,-16656,49,-27,-24,0
S,41159228,up2,2,0,1390,1520,1872,-1144,-17136,45,17,-25,0
S,41164228,up2,2,0,1390,1520,2432,-912,-16712,48,48,-36,0
S,41169228,up2,2,0,1390,1520,1864,-824,-17160,38,86,-30,0
S,41174228,up2,2,0,1390,1520,2280,-672,-16928,33,105,-31,0
S,41179228,up2,2,0,1390,1520,2040,-1032,-17016,24,125,-37,0
S,41184228,up2,2,0,1390,1520,1488,-976,-17064,18,138,-36,0
S,41189229,up2,2,0,1390,1520,1776,-984,-16880,23,138,-31,0
S,41194228,up2,2,0,1390,1520,1632,-920,-16960,29,138,-44,0
S,41199228,up2,2,0,1390,1520,1984,-1016,-16880,36,130,-51,0
S,41204228,up2,2,0,1390,1520,1816,-944,-16912,36,115,-49,0
S,41209228,up2,2,0,1390,1520,2168,-888,-16888,49,90,-45,0
S,41214228,up2,2,0,1390,1520,1848,-920,-16904,46,70,-44,0
S,41219228,up2,2,0,1390,1520,2008,-952,-16968,42,42,-39,0
S,41224228,up2,2,0,1390,1520,2016,-864,-16904,39,19,-29,0
S,41229228,up2,2,0,1390,1520,1736,-768,-17048,35,9,-27,0
S,41234228,up2,2,0,1390,1520,2024,-944,-16936,32,-17,-22,0
S,41239228,up2,2,0,1390,1520,2000,-912,-16992,33,-30,-22,0
S,41244228,up2,2,0,1390,1520,2008,-920,-16936,35,-31,-20,0
S,41249228,up2,2,0,1390,1520,2184,-856,-16960,41,-27,-24,0
S,41254228,up2,2,0,1390,1520,2000,-936,-17128,41,-20,-26,0
S,41259228,up2,2,0,1390,1520,2024,-1024,-16824,50,-6,-28,0
S,41264228,up2,2,0,1390,1520,2096,-984,-17024,57,10,-26,0
S,41269229,up2,2,0,1390,1520,2104,-960,-17056,44,18,-26,0
S,41274228,up2,2,0,1390,1520,1976,-1008,-16896,40,33,-31,0
S,41279228,up2,2,0,1390,1520,2016,-904,-16816,31,39,-27,0
S,41284228,up2,2,0,1390,1520,1904,-864,-16872,30,46,-29,0
S,41289228,up2,2,0,1390,1520,1968,-968,-16952,25,44,-31,0
S,41294228,up2,2,0,1390,1520,1992,-952,-16976,32,47,-30,0
S,41299228,up2,2,0,1390,1520,1944,-896,-17040,27,39,-26,0
S,41304228,up2,2,0,1390,1520,1992,-888,-16880,30,32,-30,0
S,41309228,up2,2,0,1390,1520,1976,-976,-16920,42,25,-30,0
S,41314228,up2,2,0,1390,1520,1976,-824,-16800,40,18,-34,0
S,41319228,up2,2,0,1390,1520,2048,-800,-16928,40,18,-28,0
S,41324228,up2,2,0,1390,1520,1816,-896,-17008,43,12,-32,0
S,41329228,up2,2,0,1390,1520,1960,-920,-16992,42,5,-29,0
S,41334228,up2,2,0,1390,1520,1944,-1000,-17048,36,6,-32,0
S,41339228,up2,2,0,1390,1520,1992,-1000,-16896,35,14,-28,0
S,41344228,up2,2,0,1390,1520,2048,-816,-16960,38,8,-32,0
S,41349229,up2,2,0,1390,1520,2008,-960,-16832,36,20,-29,0
S,41354228,up2,2,0,1390,1520,2032,-952,-16904,33,29,-24,0
S,41359228,up2,2,0,1390,1520,2072,-896,-16968,37,31,-25,0
S,41364228,up2,2,0,1390,1520,1928,-888,-16992,38,29,-28,0
S,41369228,up2,2,0,1390,1520,1992,-1024,-17032,39,32,-28,0
S,41374229,up2,2,0,1390,1520,1976,-848,-16928,42,33,-27,0
S,41379228,up2,2,0,1390,1520,1928,-920,-16896,34,33,-33,0
S,41384229,up2,2,0,1390,1520,1968,-944,-16976,33,26,-30,0
S,41389228,up2,2,0,1390,1520,2096,-872,-16968,33,18,-29,0
S,41394229,up2,2,0,1390,1520,1920,-808,-17152,33,18,-27,0
S,41399228,up2,2,0,1390,1520,1976,-992,-16888,34,14,-27,0
S,41404228,up2,2,0,1390,1520,2160,-968,-16992,36,21,-26,0
S,41409228,up2,2,0,1390,1520,1952,-968,-16952,47,17,-36,0
S,41414228,up2,2,0,1390,1520,1944,-912,-17016,44,15,-32,0
S,41419228,up2,2,0,1390,1520,1944,-968,-17048,39,24,-30,0
S,41424228,up2,2,0,1390,1520,2016,-984,-17048,42,23,-29,0
S,41429229,up2,2,0,1390,1520,2120,-952,-16928,34,22,-38,0
S,41434228,up2,2,0,1390,1520,1912,-824,-16920,35,25,-33,0
S,41439228,up2,2,0,1390,1520,1968,-1000,-17056,37,28,-26,0
S,41444228,up2,2,0,1390,1520,2064,-880,-16928,36,27,-32,0
S,41449229,up2,2,0,1390,1520,1960,-936,-16960,32,25,-32,0
S,41454228,up2,2,0,1390,1520,1912,-1008,-16888,34,25,-27,0
S,41459228,up2,2,0,1390,1520,2032,-880,-16936,34,27,-25,0
S,41464228,up2,2,0,1390,1520,2032,-936,-17064,36,26,-31,0
S,41469228,up2,2,0,1390,1520,1976,-1096,-17032,39,24,-29,0
S,41474228,up2,2,0,1390,1520,2016,-976,-16888,38,16,-31,0
S,41479228,up2,2,0,1390,1520,1928,-936,-16920,35,23,-31,0
S,41484228,up2,2,0,1390,1520,2112,-968,-16896,32,16,-27,0
S,41489228,up2,2,0,1390,1520,1936,-1000,-16952,29,14,-29,0
S,41494228,up2,2,0,1390,1520,1904,-896,-17016,34,23,-26,0
S,41499228,up2,2,0,1390,1520,2016,-880,-17104,30,25,-26,0
S,41504228,up2,2,0,1390,1520,2008,-1032,-16872,35,23,-32,0
S,41509228,up2,2,0,1390,1520,1968,-968,-17064,40,28,-35,0
S,41514228,up2,2,0,1390,1520,2048,-928,-16912,38,25,-33,0
S,41519228,up2,2,0,1390,1520,1888,-952,-16968,43,25,-29,0
S,41524228,up2,2,0,1390,1520,2064,-960,-16992,37,23,-24,0
S,41529228,up2,2,0,1390,1520,2048,-928,-16992,38,23,-30,0
S,41534228,up2,2,0,1390,1520,1920,-1000,-16992,36,26,-30,0
S,41539228,up2,2,0,1390,1520,1976,-920,-16880,36,19,-28,0
S,41544228,up2,2,0,1390,1520,2016,-960,-17152,34,25,-31,0
S,41549228,up2,2,0,1390,1520,2040,-984,-16880,34,20,-25,0
S,41554228,up2,2,0,1390,1520,1952,-1104,-16928,40,20,-31,0
S,41559228,up2,2,0,1390,1520,1992,-968,-16952,41,23,-31,0
S,41564228,up2,2,0,1390,1520,1904,-952,-17008,40,23,-24,0
S,41569228,up2,2,0,1390,1520,1944,-944,-17136,39,21,-28,0
E,41569329,up2,3,0,1400,1520,,,,,,,0
S,41569960,up2,3,0,1400,1520,2032,-808,-16952,36,24,-28,0
S,41574950,up2,3,0,1400,1520,1896,-896,-16936,36,24,-30,0
S,41579949,up2,3,0,1400,1520,-96,-1112,-17336,34,-1,-35,0
S,41584949,up2,3,0,1400,1520,2800,-728,-17440,39,-73,-186,0
S,41589949,up2,3,0,1400,1520,-40,-976,-15408,51,-61,-94,0
S,41594949,up2,3,0,1400,1520,1152,-2072,-17064,47,-106,-58,0
S,41599949,up2,3,0,1400,1520,3216,-424,-16448,51,-159,-11,0
S,41604949,up2,3,0,1400,1520,656,-448,-16792,54,-215,6,0
S,41609949,up2,3,0,1400,1520,-40,-864,-17080,46,-232,5,0
S,41614949,up2,3,0,1400,1520,2296,-16,-18048,46,-273,-25,0
S,41619949,up2,3,0,1400,1520,3360,-872,-16336,34,-277,-10,0
S,41624949,up2,3,0,1400,1520,2304,-1040,-16872,25,-250,40,0
S,41629949,up2,3,0,1400,1520,2048,-1160,-17520,10,-252,22,0
S,41634949,up2,3,0,1400,1520,2288,-616,-16496,12,-201,33,0
S,41639949,up2,3,0,1400,1520,1280,-1016,-17648,25,-168,22,0
S,41644949,up2,3,0,1400,1520,1688,-1264,-16912,38,-119,-7,0
S,41649949,up2,3,0,1400,1520,1936,-920,-16792,54,-53,-25,0
S,41654949,up2,3,0,1400,1520,2096,-832,-17352,62,19,-35,0
S,41659949,up2,3,0,1400,1520,1904,-1040,-16864,60,70,-35,0
S,41664949,up2,3,0,1400,1520,1800,-968,-17064,58,120,-35,0
S,41669949,up2,3,0,1400,1520,2184,-920,-17048,37,162,-33,0
S,41674949,up2,3,0,1400,1520,1808,-1080,-17000,14,199,-34,0
S,41679949,up2,3,0,1400,1520,2992,-1064,-17216,7,217,-42,0
S,41684949,up2,3,0,1400,1520,1408,-808,-16992,8,232,-47,0
S,41689949,up2,3,0,1400,1520,1856,-1024,-16992,12,214,-64,0
S,41694949,up2,3,0,1400,1520,1912,-776,-16856,19,208,-72,0
S,41699949,up2,3,0,1400,1520,1608,-784,-16992,30,182,-65,0
S,41704949,up2,3,0,1400,1520,2000,-1080,-17032,50,155,-70,0
S,41709949,up2,3,0,1400,1520,1816,-944,-16968,54,118,-50,0
S,41714949,up2,3,0,1400,1520,1744,-952,-17136,63,90,-40,0
S,41719949,up2,3,0,1400,1520,1920,-968,-16784,64,47,-40,0
S,41724949,up2,3,0,1400,1520,1784,-904,-17024,52,6,-26,0
S,41729949,up2,3,0,1400,1520,1824,-888,-16968,43,-31,-10,0
S,41734949,up2,3,0,1400,1520,1824,-968,-16976,20,-56,-17,0
S,41739949,up2,3,0,1400,1520,1824,-944,-16904,18,-71,-12,0
S,41744949,up2,3,0,1400,1520,1816,-1032,-16968,18,-82,0,0
S,41749949,up2,3,0,1400,1520,1952,-1000,-17024,26,-77,-13,0
S,41754949,up2,3,0,1400,1520,1968,-1032,-16944,37,-68,-14,0
S,41759949,up2,3,0,1400,1520,1848,-1088,-17016,44,-56,-16,0
S,41764949,up2,3,0,1400,1520,1928,-848,-17024,58,-29,-24,0
S,41769949,up2,3,0,1400,1520,1824,-1000,-16944,60,-15,-23,0
S,41774949,up2,3,0,1400,1520,1816,-968,-16936,57,11,-26,0
S,41779949,up2,3,0,1400,1520,1784,-1056,-16968,49,31,-30,0
S,41784949,up2,3,0,1400,1520,1816,-1024,-16984,38,49,-31,0
S,41789949,up2,3,0,1400,1520,1840,-936,-17056,21,63,-30,0
S,41794949,up2,3,0,1400,1520,1912,-1008,-16904,19,68,-34,0
S,41799949,up2,3,0,1400,1520,1936,-976,-17008,17,71,-35,0
S,41804949,up2,3,0,1400,1520,1912,-976,-17048,18,64,-35,0
S,41809949,up2,3,0,1400,1520,1920,-872,-16976,33,60,-35,0
S,41814949,up2,3,0,1400,1520,1960,-1024,-16952,37,47,-35,0
S,41819949,up2,3,0,1400,1520,1928,-768,-17200,57,41,-38,0
S,41824949,up2,3,0,1400,1520,1880,-872,-16944,54,22,-30,0
S,41829949,up2,3,0,1400,1520,1792,-1048,-17112,49,12,-32,0
S,41834950,up2,3,0,1400,1520,1936,-984,-17008,48,0,-30,0
S,41839949,up2,3,0,1400,1520,1864,-984,-17000,37,-5,-30,0
S,41844949,up2,3,0,1400,1520,1856,-848,-16880,35,-10,-32,0
S,41849949,up2,3,0,1400,1520,1816,-1048,-17072,31,-1,-23,0
S,41854949,up2,3,0,1400,1520,1792,-1040,-17024,29,3,-26,0
S,41859949,up2,3,0,1400,1520,1840,-928,-17064,30,10,-31,0
S,41864949,up2,3,0,1400,1520,1944,-920,-16992,37,22,-27,0
S,41869949,up2,3,0,1400,1520,1808,-1160,-17016,44,27,-35,0
S,41874949,up2,3,0,1400,1520,1944,-1000,-16944,41,37,-32,0
S,41879950,up2,3,0,1400,1520,1832,-992,-16968,40,38,-33,0
S,41884949,up2,3,0,1400,1520,1752,-856,-17016,43,41,-35,0
S,41889949,up2,3,0,1400,1520,1736,-856,-17024,34,44,-26,0
S,41894949,up2,3,0,1400,1520,1776,-992,-17072,24,36,-32,0
S,41899949,up2,3,0,1400,1520,1936,-920,-16944,26,25,-29,0
S,41904949,up2,3,0,1400,1520,1768,-1048,-16936,25,25,-26,0
S,41909949,up2,3,0,1400,1520,1848,-1024,-17040,33,15,-32,0
S,41914949,up2,3,0,1400,1520,1912,-920,-16912,39,14,-29,0
S,41919949,up2,3,0,1400,1520,1872,-952,-16968,45,13,-27,0
S,41924949,up2,3,0,1400,1520,1832,-1032,-16944,48,12,-33,0
S,41929949,up2,3,0,1400,1520,1840,-1080,-17008,51,19,-28,0
S,41934949,up2,3,0,1400,1520,1728,-728,-16960,48,17,-30,0
S,41939949,up2,3,0,1400,1520,1808,-1040,-17056,41,20,-30,0
S,41944949,up2,3,0,1400,1520,1888,-936,-16984,36,20,-29,0
S,41949949,up2,3,0,1400,1520,1824,-928,-16944,35,23,-33,0
S,41954949,up2,3,0,1400,1520,1880,-888,-17048,27,26,-29,0
S,41959949,up2,3,0,1400,1520,1928,-904,-17040,33,32,-30,0
S,41964949,up2,3,0,1400,1520,1832,-848,-16944,36,26,-33,0
S,41969950,up2,3,0,1400,1520,1912,-1016,-17112,36,28,-28,0
S,41974949,up2,3,0,1400,1520,1816,-984,-17056,35,29,-30,0
S,41979949,up2,3,0,1400,1520,1768,-840,-16856,41,31,-33,0
S,41984949,up2,3,0,1400,1520,1936,-904,-16936,46,28,-36,0
S,41989949,up2,3,0,1400,1520,1856,-832,-16952,38,19,-28,0
S,41994949,up2,3,0,1400,1520,1856,-912,-16944,43,16,-28,0
S,41999949,up2,3,0,1400,1520,1736,-928,-17040,37,18,-33,0
S,42004949,up2,3,0,1400,1520,1864,-1000,-17040,33,13,-33,0
S,42009949,up2,3,0,1400,1520,1880,-976,-16976,35,19,-30,0
S,42014949,up2,3,0,1400,1520,1752,-1008,-17008,38,13,-31,0
S,42019949,up2,3,0,1400,1520,1920,-984,-16952,41,23,-30,0
S,42024949,up2,3,0,1400,1520,1824,-912,-17032,36,21,-27,0
S,42029949,up2,3,0,1400,1520,1760,-984,-17000,43,25,-28,0
S,42034949,up2,3,0,1400,1520,1792,-936,-17088,34,29,-28,0
S,42039949,up2,3,0,1400,1520,1984,-984,-16992,41,30,-26,0
S,42044949,up2,3,0,1400,1520,1760,-992,-16960,30,25,-30,0
S,42049949,up2,3,0,1400,1520,1968,-936,-17040,38,19,-34,0
S,42054949,up2,3,0,1400,1520,1872,-1008,-16936,26,29,-31,0
S,42059949,up2,3,0,1400,1520,1848,-1064,-16928,35,23,-29,0
S,42064949,up2,3,0,1400,1520,1976,-920,-16944,31,16,-26,0
S,42069949,up2,3,0,1400,1520,1832,-1032,-16984,40,21,-30,0
E,42070053,up2,4,0,1410,1520,,,,,,,0
S,42070687,up2,4,0,1410,1520,1832,-1032,-16984,32,15,-28,0
S,42075679,up2,4,0,1410,1520,2000,-936,-16896,41,19,-28,0
S,42080678,up2,4,0,1410,1520,152,-920,-17200,41,0,-31,0
S,42085678,up2,4,0,1410,1520,4424,-2688,-17760,42,-70,-169,0
S,42090677,up2,4,0,1410,1520,16,-448,-15488,54,-39,-104,0
S,42095677,up2,4,0,1410,1520,5416,-1344,-16608,51,-92,-26,0
S,42100678,up2,4,0,1410,1520,4032,-1680,-16576,40,-134,12,0
S,42105677,up2,4,0,1410,1520,2064,-1368,-16536,53,-156,-8,0
S,42110677,up2,4,0,1410,1520,2008,-128,-17104,37,-175,-14,0
S,42115677,up2,4,0,1410,1520,1680,-632,-17720,36,-212,-23,0
S,42120677,up2,4,0,1410,1520,2688,-1112,-16480,29,-196,11,0
S,42125678,up2,4,0,1410,1520,2000,-1312,-17160,19,-178,19,0
S,42130677,up2,4,0,1410,1520,2080,-1056,-17144,14,-164,20,0
S,42135677,up2,4,0,1410,1520,1488,-1184,-16968,16,-118,21,0
S,42140677,up2,4,0,1410,1520,1904,-672,-17104,31,-72,-3,0
S,42145677,up2,4,0,1410,1520,1760,-1136,-17128,43,-33,-8,0
S,42150677,up2,4,0,1410,1520,1672,-944,-16976,51,22,-26,0
S,42155678,up2,4,0,1410,1520,1784,-976,-17280,58,77,-34,0
S,42160678,up2,4,0,1410,1520,1696,-1184,-16752,59,110,-37,0
S,42165677,up2,4,0,1410,1520,1808,-912,-17176,47,135,-44,0
S,42170677,up2,4,0,1410,1520,1720,-824,-17000,29,148,-53,0
S,42175678,up2,4,0,1410,1520,1592,-976,-17088,10,150,-51,0
S,42180678,up2,4,0,1410,1520,1952,-832,-16920,12,138,-53,0
S,42185678,up2,4,0,1410,1520,1592,-912,-16848,13,121,-43,0
S,42190677,up2,4,0,1410,1520,1656,-888,-17104,20,100,-41,0
S,42195678,up2,4,0,1410,1520,1800,-968,-16784,40,79,-41,0
S,42200678,up2,4,0,1410,1520,1464,-960,-16976,50,47,-32,0
S,42205677,up2,4,0,1410,1520,1688,-920,-16880,62,25,-32,0
S,42210677,up2,4,0,1410,1520,1712,-920,-16904,63,-6,-27,0
S,42215677,up2,4,0,1410,1520,1680,-824,-16968,59,-22,-22,0
S,42220677,up2,4,0,1410,1520,1896,-816,-16920,46,-33,-16,0
S,42225677,up2,4,0,1410,1520,1688,-848,-17128,35,-41,-12,0
S,42230677,up2,4,0,1410,1520,1656,-1048,-16936,30,-35,-18,0
S,42235677,up2,4,0,1410,1520,1792,-840,-17112,28,-34,-20,0
S,42240677,up2,4,0,1410,1520,1784,-944,-17064,28,-24,-19,0
S,42245677,up2,4,0,1410,1520,1672,-1000,-16968,32,-6,-23,0
S,42250678,up2,4,0,1410,1520,1736,-944,-17024,37,13,-24,0
S,42255677,up2,4,0,1410,1520,1720,-984,-17048,46,30,-25,0
S,42260677,up2,4,0,1410,1520,1752,-952,-17048,51,41,-32,0
S,42265677,up2,4,0,1410,1520,1792,-848,-17104,47,56,-28,0
S,42270677,up2,4,0,1410,1520,1704,-1072,-16928,37,56,-34,0
S,42275678,up2,4,0,1410,1520,1736,-1040,-17024,35,53,-32,0
S,42280678,up2,4,0,1410,1520,1792,-1104,-17000,24,49,-27,0
S,42285677,up2,4,0,1410,1520,1712,-984,-16952,25,38,-28,0
S,42290678,up2,4,0,1410,1520,1712,-872,-16944,28,30,-24,0
S,42295677,up2,4,0,1410,1520,1632,-832,-17000,28,21,-27,0
S,42300677,up2,4,0,1410,1520,1744,-952,-16928,32,14,-32,0
S,42305678,up2,4,0,1410,1520,1704,-920,-17000,37,6,-24,0
S,42310678,up2,4,0,1410,1520,1800,-960,-16984,50,1,-31,0
S,42315677,up2,4,0,1410,1520,1672,-1096,-17168,54,-2,-30,0
S,42320677,up2,4,0,1410,1520,1832,-960,-17072,50,8,-28,0
S,42325677,up2,4,0,1410,1520,1712,-1040,-16984,50,9,-27,0
S,42330677,up2,4,0,1410,1520,1712,-888,-16976,48,11,-28,0
S,42335677,up2,4,0,1410,1520,1720,-976,-17152,29,15,-28,0
S,42340677,up2,4,0,1410,1520,1728,-992,-16960,27,22,-25,0
S,42345678,up2,4,0,1410,1520,1736,-888,-17024,26,26,-29,0
S,42350677,up2,4,0,1410,1520,1832,-944,-17072,32,33,-33,0
S,42355678,up2,4,0,1410,1520,1680,-952,-17024,36,35,-26,0
S,42360678,up2,4,0,1410,1520,1712,-1088,-17016,40,34,-30,0
S,42365678,up2,4,0,1410,1520,1712,-904,-16848,37,31,-30,0
S,42370677,up2,4,0,1410,1520,1712,-888,-17000,43,31,-32,0
S,42375678,up2,4,0,1410,1520,1704,-992,-16928,45,26,-29,0
S,42380678,up2,4,0,1410,1520,1744,-936,-16976,41,21,-31,0
S,42385677,up2,4,0,1410,1520,1736,-824,-16952,34,14,-22,0
S,42390677,up2,4,0,1410,1520,1736,-864,-17104,31,13,-32,0
S,42395678,up2,4,0,1410,1520,1624,-896,-16904,28,8,-23,0
S,42400678,up2,4,0,1410,1520,1736,-912,-16976,36,5,-28,0
S,42405677,up2,4,0,1410,1520,1704,-984,-16952,43,13,-25,0
S,42410678,up2,4,0,1410,1520,1800,-984,-16976,38,18,-26,0
S,42415677,up2,4,0,1410,1520,1672,-920,-17080,42,25,-28,0
S,42420678,up2,4,0,1410,1520,1648,-1000,-17008,39,26,-27,0
S,42425677,up2,4,0,1410,1520,1648,-864,-17048,40,27,-30,0
S,42430677,up2,4,0,1410,1520,1792,-784,-17024,36,33,-33,0
S,42435677,up2,4,0,1410,1520,1592,-968,-17048,35,27,-29,0
S,42440677,up2,4,0,1410,1520,1760,-1016,-16960,31,31,-33,0
S,42445677,up2,4,0,1410,1520,1760,-968,-17096,35,26,-26,0
S,42450677,up2,4,0,1410,1520,1776,-888,-16992,29,19,-27,0
S,42455677,up2,4,0,1410,1520,1832,-896,-16864,40,22,-28,0
S,42460678,up2,4,0,1410,1520,1632,-992,-17048,40,20,-28,0
S,42465677,up2,4,0,1410,1520,1776,-952,-16912,37,19,-30,0
S,42470678,up2,4,0,1410,1520,1856,-872,-16936,40,17,-31,0
S,42475677,up2,4,0,1410,1520,1760,-920,-17016,43,21,-25,0
S,42480677,up2,4,0,1410,1520,1808,-752,-17008,39,20,-26,0
S,42485677,up2,4,0,1410,1520,1688,-968,-17072,38,19,-36,0
S,42490677,up2,4,0,1410,1520,1768,-992,-16984,37,18,-30,0
S,42495677,up2,4,0,1410,1520,1768,-960,-17008,37,24,-28,0
S,42500678,up2,4,0,1410,1520,1720,-880,-16896,32,27,-28,0
S,42505677,up2,4,0,1410,1520,1624,-976,-17016,35,25,-29,0
S,42510678,up2,4,0,1410,1520,1752,-1008,-16968,39,29,-32,0
S,42515677,up2,4,0,1410,1520,1720,-848,-17032,36,27,-27,0
S,42520677,up2,4,0,1410,1520,1912,-960,-16992,40,29,-29,0
S,42525677,up2,4,0,1410,1520,1672,-1008,-16880,39,22,-31,0
S,42530678,up2,4,0,1410,1520,1800,-1008,-16920,42,21,-25,0
S,42535678,up2,4,0,1410,1520,1776,-904,-17000,38,19,-33,0
S,42540677,up2,4,0,1410,1520,1760,-952,-16912,43,23,-30,0
S,42545677,up2,4,0,1410,1520,1704,-904,-16872,40,19,-31,0
S,42550677,up2,4,0,1410,1520,1776,-840,-17104,31,14,-34,0
S,42555678,up2,4,0,1410,1520,1744,-944,-16904,37,24,-29,0
S,42560677,up2,4,0,1410,1520,1728,-960,-16936,33,20,-31,0
S,42565678,up2,4,0,1410,1520,1840,-1016,-16968,34,18,-35,0
S,42570677,up2,4,0,1410,1520,1608,-920,-16920,41,21,-26,0
E,42570778,up2,5,0,1420,1520,,,,,,,0
S,42571409,up2,5,0,1420,1520,1704,-1024,-16960,41,21,-26,0
S,42576399,up2,5,0,1420,1520,1712,-984,-17104,41,23,-32,0
S,42581399,up2,5,0,1420,1520,800,-1112,-17104,47,12,-25,0
S,42586398,up2,5,0,1420,1520,536,-2584,-18184,45,-53,-139,0
S,42591398,up2,5,0,1420,1520,5496,-1232,-15264,54,-33,-71,0
S,42596398,up2,5,0,1420,1520,5008,-3032,-16904,45,-92,-2,0
S,42601398,up2,5,0,1420,1520,-1624,-1608,-16808,42,-127,27,0
S,42606398,up2,5,0,1420,1520,-2704,-224,-17200,49,-162,-29,0
S,42611398,up2,5,0,1420,1520,5360,-264,-16672,40,-187,-32,0
S,42616398,up2,5,0,1420,1520,352,184,-17264,42,-219,-20,0
S,42621398,up2,5,0,1420,1520,-256,-1248,-16816,34,-238,-14,0
S,42626398,up2,5,0,1420,1520,3368,-448,-16896,27,-247,-6,0
S,42631399,up2,5,0,1420,1520,2136,-672,-16544,30,-217,21,0
S,42636398,up2,5,0,1420,1520,1200,-1368,-17704,22,-205,18,0
S,42641398,up2,5,0,1420,1520,1840,-784,-16536,24,-172,0,0
S,42646398,up2,5,0,1420,1520,1584,-872,-17080,30,-142,13,0
S,42651398,up2,5,0,1420,1520,1752,-1048,-17120,38,-99,-2,0
S,42656398,up2,5,0,1420,1520,1608,-992,-16888,43,-50,-20,0
S,42661398,up2,5,0,1420,1520,1728,-800,-16976,43,3,-33,0
S,42666398,up2,5,0,1420,1520,1648,-960,-17224,45,49,-32,0
S,42671398,up2,5,0,1420,1520,1472,-928,-16904,53,87,-43,0
S,42676398,up2,5,0,1420,1520,1552,-888,-17104,50,115,-41,0
S,42681398,up2,5,0,1420,1520,1576,-1056,-17000,42,130,-51,0
S,42686398,up2,5,0,1420,1520,1576,-776,-17032,26,130,-46,0
S,42691398,up2,5,0,1420,1520,1520,-904,-16872,17,121,-48,0
S,42696398,up2,5,0,1420,1520,1736,-976,-16888,25,115,-45,0
S,42701398,up2,5,0,1420,1520,1616,-872,-17096,27,102,-43,0
S,42706399,up2,5,0,1420,1520,1584,-1000,-16952,40,80,-38,0
S,42711398,up2,5,0,1420,1520,1472,-944,-17048,47,51,-35,0
S,42716399,up2,5,0,1420,1520,1608,-880,-17000,51,26,-32,0
S,42721399,up2,5,0,1420,1520,1616,-928,-17016,53,5,-29,0
S,42726398,up2,5,0,1420,1520,1560,-800,-17024,54,-13,-22,0
S,42731398,up2,5,0,1420,1520,1648,-952,-17064,41,-21,-22,0
S,42736398,up2,5,0,1420,1520,1592,-896,-17008,37,-34,-21,0
S,42741398,up2,5,0,1420,1520,1552,-808,-16936,32,-28,-18,0
S,42746398,up2,5,0,1420,1520,1544,-928,-16952,35,-21,-23,0
S,42751398,up2,5,0,1420,1520,1552,-808,-17024,29,-6,-18,0
S,42756398,up2,5,0,1420,1520,1576,-1048,-17072,34,-2,-24,0
S,42761398,up2,5,0,1420,1520,1696,-1048,-16976,40,13,-23,0
S,42766398,up2,5,0,1420,1520,1624,-896,-17088,36,33,-29,0
S,42771398,up2,5,0,1420,1520,1720,-1048,-16960,42,43,-33,0
S,42776399,up2,5,0,1420,1520,1496,-904,-17080,47,54,-27,0
S,42781398,up2,5,0,1420,1520,1504,-888,-16944,31,54,-32,0
S,42786398,up2,5,0,1420,1520,1616,-856,-17032,36,46,-35,0
S,42791398,up2,5,0,1420,1520,1584,-1016,-17032,32,43,-33,0
S,42796399,up2,5,0,1420,1520,1544,-936,-16960,29,33,-25,0
S,42801399,up2,5,0,1420,1520,1664,-864,-16944,26,25,-32,0
S,42806399,up2,5,0,1420,1520,1664,-816,-16984,34,12,-33,0
S,42811398,up2,5,0,1420,1520,1624,-888,-16928,38,8,-34,0
S,42816398,up2,5,0,1420,1520,1720,-984,-17088,42,5,-27,0
S,42821398,up2,5,0,1420,1520,1568,-936,-16952,43,9,-27,0
S,42826398,up2,5,0,1420,1520,1688,-1000,-16968,49,8,-36,0
S,42831398,up2,5,0,1420,1520,1568,-1016,-17008,44,11,-27,0
S,42836399,up2,5,0,1420,1520,1528,-936,-17056,46,16,-25,0
S,42841399,up2,5,0,1420,1520,1520,-992,-17000,37,22,-28,0
S,42846399,up2,5,0,1420,1520,1528,-928,-17088,36,23,-33,0
S,42851399,up2,5,0,1420,1520,1544,-1000,-16992,32,27,-32,0
S,42856399,up2,5,0,1420,1520,1568,-1016,-16992,25,33,-32,0
S,42861398,up2,5,0,1420,1520,1480,-960,-17040,27,33,-35,0
S,42866398,up2,5,0,1420,1520,1584,-1008,-17080,32,32,-26,0
S,42871398,up2,5,0,1420,1520,1568,-1040,-16912,39,34,-31,0
S,42876399,up2,5,0,1420,1520,1600,-888,-16976,43,32,-28,0
S,42881399,up2,5,0,1420,1520,1448,-1088,-17096,46,25,-23,0
S,42886398,up2,5,0,1420,1520,1544,-936,-17048,44,20,-30,0
S,42891398,up2,5,0,1420,1520,1544,-928,-17040,43,14,-28,0
S,42896398,up2,5,0,1420,1520,1472,-832,-16936,43,8,-25,0
S,42901398,up2,5,0,1420,1520,1624,-976,-16888,37,11,-27,0
S,42906398,up2,5,0,1420,1520,1480,-936,-16984,40,13,-28,0
S,42911399,up2,5,0,1420,1520,1672,-848,-17000,35,20,-28,0
S,42916399,up2,5,0,1420,1520,1488,-1024,-16984,35,21,-25,0
S,42921398,up2,5,0,1420,1520,1528,-936,-16864,43,24,-20,0
S,42926399,up2,5,0,1420,1520,1616,-944,-17008,39,23,-30,0
S,42931398,up2,5,0,1420,1520,1544,-920,-16992,44,28,-30,0
S,42936398,up2,5,0,1420,1520,1576,-936,-17040,44,33,-23,0
S,42941398,up2,5,0,1420,1520,1624,-1016,-17048,38,38,-35,0
S,42946398,up2,5,0,1420,1520,1504,-912,-17104,38,24,-31,0
S,42951399,up2,5,0,1420,1520,1496,-872,-17048,32,20,-32,0
S,42956399,up2,5,0,1420,1520,1552,-864,-17024,33,18,-28,0
S,42961399,up2,5,0,1420,1520,1488,-1000,-17080,39,18,-31,0
S,42966398,up2,5,0,1420,1520,1568,-904,-17136,34,17,-27,0
S,42971398,up2,5,0,1420,1520,1512,-856,-17064,35,15,-32,0
S,42976398,up2,5,0,1420,1520,1560,-848,-16968,43,19,-30,0
S,42981398,up2,5,0,1420,1520,1680,-840,-17024,43,17,-31,0
S,42986398,up2,5,0,1420,1520,1544,-960,-16952,48,16,-27,0
S,42991398,up2,5,0,1420,1520,1552,-872,-16904,39,25,-35,0
S,42996398,up2,5,0,1420,1520,1624,-976,-17048,38,22,-28,0
S,43001398,up2,5,0,1420,1520,1496,-888,-17032,45,26,-23,0
S,43006399,up2,5,0,1420,1520,1624,-920,-16960,34,29,-34,0
S,43011398,up2,5,0,1420,1520,1544,-864,-17112,34,21,-28,0
S,43016398,up2,5,0,1420,1520,1504,-984,-17040,35,25,-23,0
S,43021399,up2,5,0,1420,1520,1552,-984,-16968,36,28,-29,0
S,43026398,up2,5,0,1420,1520,1624,-960,-17016,47,24,-31,0
S,43031398,up2,5,0,1420,1520,1688,-1040,-17032,37,23,-26,0
S,43036398,up2,5,0,1420,1520,1520,-888,-16984,45,23,-34,0
S,43041398,up2,5,0,1420,1520,1504,-960,-17048,41,24,-31,0
S,43046398,up2,5,0,1420,1520,1576,-976,-17048,41,19,-28,0
S,43051399,up2,5,0,1420,1520,1608,-960,-17112,35,24,-28,0
S,43056399,up2,5,0,1420,1520,1584,-912,-17128,34,24,-26,0
S,43061399,up2,5,0,1420,1520,1744,-984,-17048,38,28,-28,0
S,43066399,up2,5,0,1420,1520,1512,-968,-17056,32,26,-27,0
S,43071399,up2,5,0,1420,1520,1592,-880,-17024,33,22,-28,0
E,43071501,up2,6,0,1430,1520,,,,,,,0
S,43072131,up2,6,0,1430,1520,1624,-928,-16984,35,23,-34,0
S,43077122,up2,6,0,1430,1520,1720,-952,-16984,38,27,-24,0
S,43082121,up2,6,0,1430,1520,1216,-976,-17064,42,27,-28,0
S,43087121,up2,6,0,1430,1520,-848,-848,-17256,33,-8,-59,0
S,43092121,up2,6,0,1430,1520,1448,-1056,-17216,48,-39,-80,0
S,43097121,up2,6,0,1430,1520,808,-512,-16312,44,-45,-11,0
S,43102121,up2,6,0,1430,1520,-2080,-1440,-18064,45,-103,-63,0
S,43107121,up2,6,0,1430,1520,3440,584,-16840,43,-133,-73,0
S,43112121,up2,6,0,1430,1520,944,-2512,-16464,54,-184,-58,0
S,43117121,up2,6,0,1430,1520,-1528,-872,-17312,38,-224,-21,0
S,43122121,up2,6,0,1430,1520,2768,-208,-16208,36,-267,-16,0
S,43127121,up2,6,0,1430,1520,1720,-504,-17296,26,-276,17,0
S,43132121,up2,6,0,1430,1520,1504,-352,-17072,27,-270,20,0
S,43137121,up2,6,0,1430,1520,1640,-1152,-16976,20,-255,24,0
S,43142121,up2,6,0,1430,1520,1384,-1088,-17136,25,-229,21,0
S,43147121,up2,6,0,1430,1520,1504,-952,-17040,34,-191,7,0
S,43152121,up2,6,0,1430,1520,1480,-1248,-17088,38,-142,0,0
S,43157121,up2,6,0,1430,1520,1688,-936,-16896,49,-85,0,0
S,43162121,up2,6,0,1430,1520,1328,-840,-17264,45,-21,-13,0
S,43167121,up2,6,0,1430,1520,1640,-984,-16984,48,21,-30,0
S,43172122,up2,6,0,1430,1520,1152,-928,-17128,44,70,-35,0
S,43177121,up2,6,0,1430,1520,1400,-984,-17040,45,108,-40,0
S,43182121,up2,6,0,1430,1520,1240,-1008,-17192,29,131,-48,0
S,43187121,up2,6,0,1430,1520,1488,-968,-17088,16,136,-50,0
S,43192121,up2,6,0,1430,1520,1144,-1088,-17056,15,142,-58,0
S,43197121,up2,6,0,1430,1520,1472,-1008,-16928,16,137,-58,0
S,43202121,up2,6,0,1430,1520,1416,-784,-17016,25,121,-47,0
S,43207121,up2,6,0,1430,1520,1248,-936,-16976,38,107,-47,0
S,43212121,up2,6,0,1430,1520,1624,-928,-17120,53,77,-41,0
S,43217121,up2,6,0,1430,1520,1208,-1000,-17056,57,53,-36,0
S,43222121,up2,6,0,1430,1520,1416,-832,-17056,65,23,-36,0
S,43227121,up2,6,0,1430,1520,1344,-784,-16968,52,2,-29,0
S,43232121,up2,6,0,1430,1520,1352,-1000,-17024,46,-20,-23,0
S,43237121,up2,6,0,1430,1520,1472,-920,-16904,30,-33,-19,0
S,43242121,up2,6,0,1430,1520,1352,-824,-17096,30,-34,-20,0
S,43247121,up2,6,0,1430,1520,1288,-1120,-17144,28,-35,-18,0
S,43252121,up2,6,0,1430,1520,1368,-816,-17072,35,-24,-18,0
S,43257121,up2,6,0,1430,1520,1400,-968,-17136,34,-11,-20,0
S,43262121,up2,6,0,1430,1520,1200,-856,-17016,47,6,-24,0
S,43267121,up2,6,0,1430,1520,1416,-896,-17040,43,20,-32,0
S,43272121,up2,6,0,1430,1520,1368,-992,-17024,47,38,-32,0
S,43277121,up2,6,0,1430,1520,1304,-880,-17048,52,50,-31,0
S,43282121,up2,6,0,1430,1520,1376,-816,-17096,40,55,-36,0
S,43287121,up2,6,0,1430,1520,1232,-840,-17000,36,54,-28,0
S,43292121,up2,6,0,1430,1520,1312,-880,-17048,26,46,-31,0
S,43297121,up2,6,0,1430,1520,1360,-904,-17056,23,39,-30,0
S,43302121,up2,6,0,1430,1520,1272,-912,-16968,21,37,-29,0
S,43307121,up2,6,0,1430,1520,1440,-1000,-17040,24,21,-32,0
S,43312121,up2,6,0,1430,1520,1376,-864,-16992,37,15,-30,0
S,43317121,up2,6,0,1430,1520,1456,-1064,-16952,45,11,-32,0
S,43322121,up2,6,0,1430,1520,1328,-920,-17008,48,6,-31,0
S,43327121,up2,6,0,1430,1520,1320,-992,-17096,55,7,-27,0
S,43332121,up2,6,0,1430,1520,1320,-976,-17080,55,6,-22,0
S,43337121,up2,6,0,1430,1520,1296,-824,-17072,46,9,-27,0
S,43342121,up2,6,0,1430,1520,1288,-992,-16992,44,9,-25,0
S,43347121,up2,6,0,1430,1520,1376,-968,-17120,34,19,-27,0
S,43352121,up2,6,0,1430,1520,1368,-888,-17040,34,21,-31,0
S,43357121,up2,6,0,1430,1520,1384,-856,-17024,30,26,-28,0
S,43362121,up2,6,0,1430,1520,1336,-968,-17032,24,35,-29,0
S,43367121,up2,6,0,1430,1520,1320,-976,-16888,26,34,-29,0
S,43372121,up2,6,0,1430,1520,1320,-968,-17000,34,39,-28,0
S,43377121,up2,6,0,1430,1520,1384,-920,-17152,43,34,-31,0
S,43382121,up2,6,0,1430,1520,1464,-856,-17024,44,29,-32,0
S,43387121,up2,6,0,1430,1520,1288,-960,-17008,51,21,-30,0
S,43392121,up2,6,0,1430,1520,1336,-848,-17032,44,14,-31,0
S,43397121,up2,6,0,1430,1520,1312,-952,-17016,40,12,-30,0
S,43402121,up2,6,0,1430,1520,1416,-888,-17096,34,11,-27,0
S,43407121,up2,6,0,1430,1520,1352,-1016,-17008,35,12,-25,0
S,43412121,up2,6,0,1430,1520,1320,-808,-17080,34,14,-27,0
S,43417121,up2,6,0,1430,1520,1440,-968,-16960,40,22,-29,0
S,43422122,up2,6,0,1430,1520,1472,-776,-17064,40,22,-34,0
S,43427121,up2,6,0,1430,1520,1224,-880,-16920,39,23,-28,0
S,43432121,up2,6,0,1430,1520,1320,-936,-17120,39,29,-31,0
S,43437121,up2,6,0,1430,1520,1296,-968,-17016,39,30,-31,0
S,43442121,up2,6,0,1430,1520,1400,-984,-17056,39,33,-30,0
S,43447121,up2,6,0,1430,1520,1336,-1032,-17056,38,30,-29,0
S,43452121,up2,6,0,1430,1520,1256,-952,-17088,33,24,-28,0
S,43457121,up2,6,0,1430,1520,1344,-1040,-16992,36,21,-34,0
S,43462121,up2,6,0,1430,1520,1408,-880,-17048,33,20,-32,0
S,43467121,up2,6,0,1430,1520,1392,-976,-17104,36,23,-30,0
S,43472121,up2,6,0,1430,1520,1368,-848,-16904,37,17,-21,0
S,43477121,up2,6,0,1430,1520,1256,-1008,-16848,46,17,-28,0
S,43482121,up2,6,0,1430,1520,1352,-928,-17096,42,17,-27,0
S,43487121,up2,6,0,1430,1520,1312,-952,-16992,42,18,-25,0
S,43492121,up2,6,0,1430,1520,1352,-904,-17056,44,22,-32,0
S,43497121,up2,6,0,1430,1520,1304,-1072,-16952,41,18,-30,0
S,43502121,up2,6,0,1430,1520,1464,-928,-17104,35,26,-29,0
S,43507121,up2,6,0,1430,1520,1384,-968,-17040,32,26,-29,0
S,43512121,up2,6,0,1430,1520,1376,-952,-16944,36,24,-31,0
S,43517121,up2,6,0,1430,1520,1336,-1008,-16976,37,27,-31,0
S,43522121,up2,6,0,1430,1520,1368,-952,-16984,31,29,-29,0
S,43527121,up2,6,0,1430,1520,1312,-1040,-17096,35,22,-31,0
S,43532121,up2,6,0,1430,1520,1328,-984,-17072,39,23,-32,0
S,43537121,up2,6,0,1430,1520,1392,-888,-17104,43,28,-33,0
S,43542121,up2,6,0,1430,1520,1320,-928,-16992,41,23,-29,0
S,43547121,up2,6,0,1430,1520,1392,-992,-16912,39,22,-32,0
S,43552121,up2,6,0,1430,1520,1368,-880,-17040,40,20,-36,0
S,43557121,up2,6,0,1430,1520,1336,-1016,-17032,44,22,-25,0
S,43562121,up2,6,0,1430,1520,1416,-944,-17056,38,16,-32,0
S,43567121,up2,6,0,1430,1520,1336,-888,-17032,36,21,-31,0
S,43572122,up2,6,0,1430,1520,1408,-984,-17008,31,19,-30,0
E,43572227,up2,7,0,1440,1520,,,,,,,0
S,43572858,up2,7,0,1440,1520,1472,-952,-17008,37,24,-29,0
S,43577848,up2,7,0,1440,1520,1368,-1056,-17080,44,20,-24,0
S,43582847,up2,7,0,1440,1520,-1432,-1440,-17288,42,-3,-27,0
S,43587847,up2,7,0,1440,1520,-1944,-944,-17584,49,-45,-39,0
S,43592847,up2,7,0,1440,1520,-224,1880,-17480,41,-49,-49,0
S,43597847,up2,7,0,1440,1520,1128,-1168,-17184,48,-102,-88,0
S,43602847,up2,7,0,1440,1520,-2792,-2816,-16816,42,-162,-52,0
S,43607847,up2,7,0,1440,1520,1624,-88,-16224,42,-216,-22,0
S,43612847,up2,7,0,1440,1520,1760,-1032,-17272,34,-241,4,0
S,43617847,up2,7,0,1440,1520,432,-1104,-17032,34,-273,8,0
S,43622847,up2,7,0,1440,1520,488,-936,-17440,35,-286,6,0
S,43627847,up2,7,0,1440,1520,1568,-808,-16752,36,-288,4,0
S,43632847,up2,7,0,1440,1520,2360,-1256,-17096,27,-282,53,0
S,43637847,up2,7,0,1440,1520,504,-1544,-17304,35,-276,8,0
S,43642847,up2,7,0,1440,1520,1728,-504,-16680,36,-234,14,0
S,43647847,up2,7,0,1440,1520,1144,-1272,-17376,37,-195,13,0
S,43652847,up2,7,0,1440,1520,1288,-1000,-16952,40,-154,12,0
S,43657847,up2,7,0,1440,1520,1424,-864,-17104,47,-108,9,0
S,43662847,up2,7,0,1440,1520,1224,-912,-17160,45,-51,-13,0
S,43667847,up2,7,0,1440,1520,1224,-1128,-16904,40,9,-23,0
S,43672847,up2,7,0,1440,1520,1168,-880,-16976,46,46,-32,0
S,43677847,up2,7,0,1440,1520,1112,-976,-16944,41,92,-37,0
S,43682847,up2,7,0,1440,1520,1040,-1136,-17176,28,117,-41,0
S,43687847,up2,7,0,1440,1520,1184,-632,-17176,29,137,-45,0
S,43692847,up2,7,0,1440,1520,1104,-808,-16856,26,138,-51,0
S,43697847,up2,7,0,1440,1520,1192,-1104,-17136,21,131,-55,0
S,43702847,up2,7,0,1440,1520,1080,-992,-17160,17,126,-49,0
S,43707847,up2,7,0,1440,1520,1152,-944,-17112,29,109,-48,0
S,43712847,up2,7,0,1440,1520,1080,-896,-17144,41,83,-41,0
S,43717847,up2,7,0,1440,1520,1120,-944,-17000,52,52,-35,0
S,43722847,up2,7,0,1440,1520,1120,-928,-17136,54,31,-34,0
S,43727847,up2,7,0,1440,1520,1080,-968,-17064,53,10,-27,0
S,43732847,up2,7,0,1440,1520,1120,-832,-17048,45,-12,-28,0
S,43737847,up2,7,0,1440,1520,1120,-784,-17032,45,-28,-22,0
S,43742847,up2,7,0,1440,1520,1104,-832,-17048,31,-29,-19,0
S,43747847,up2,7,0,1440,1520,1160,-920,-17032,29,-32,-15,0
S,43752847,up2,7,0,1440,1520,1032,-1088,-17096,31,-28,-14,0
S,43757847,up2,7,0,1440,1520,1312,-1144,-17032,34,-14,-20,0
S,43762847,up2,7,0,1440,1520,1256,-1000,-17120,38,1,-25,0
S,43767847,up2,7,0,1440,1520,1112,-920,-17080,44,23,-27,0
S,43772847,up2,7,0,1440,1520,1192,-1000,-17056,53,39,-30,0
S,43777847,up2,7,0,1440,1520,1056,-904,-17032,40,52,-31,0
S,43782847,up2,7,0,1440,1520,992,-848,-17048,45,54,-33,0
S,43787847,up2,7,0,1440,1520,1120,-928,-17024,33,57,-32,0
S,43792847,up2,7,0,1440,1520,1128,-848,-17104,30,51,-33,0
S,43797848,up2,7,0,1440,1520,1072,-1008,-17000,25,42,-32,0
S,43802847,up2,7,0,1440,1520,1232,-896,-17112,29,35,-29,0
S,43807847,up2,7,0,1440,1520,968,-848,-17104,29,23,-29,0
S,43812847,up2,7,0,1440,1520,1064,-968,-17056,35,17,-28,0
S,43817847,up2,7,0,1440,1520,1072,-896,-17048,39,8,-28,0
S,43822848,up2,7,0,1440,1520,1088,-1024,-17040,46,2,-25,0
S,43827847,up2,7,0,1440,1520,1176,-904,-17096,50,10,-28,0
S,43832847,up2,7,0,1440,1520,1200,-976,-17160,54,14,-30,0
S,43837847,up2,7,0,1440,1520,1136,-944,-17160,38,9,-27,0
S,43842847,up2,7,0,1440,1520,1160,-936,-17104,49,21,-27,0
S,43847847,up2,7,0,1440,1520,1104,-896,-16872,35,21,-30,0
S,43852847,up2,7,0,1440,1520,1216,-1016,-16912,26,26,-27,0
S,43857847,up2,7,0,1440,1520,1096,-1128,-17056,26,31,-31,0
S,43862847,up2,7,0,1440,1520,1056,-1040,-17032,25,34,-36,0
S,43867847,up2,7,0,1440,1520,1216,-944,-16976,32,33,-28,0
S,43872847,up2,7,0,1440,1520,1192,-1048,-17104,38,30,-25,0
S,43877847,up2,7,0,1440,1520,1120,-896,-17120,40,26,-30,0
S,43882847,up2,7,0,1440,1520,1112,-856,-17096,45,26,-30,0
S,43887847,up2,7,0,1440,1520,1184,-832,-17056,38,19,-25,0
S,43892847,up2,7,0,1440,1520,1152,-936,-17032,43,17,-29,0
S,43897847,up2,7,0,1440,1520,1048,-896,-16912,40,15,-31,0
S,43902847,up2,7,0,1440,1520,1104,-888,-17104,32,11,-32,0
S,43907847,up2,7,0,1440,1520,1088,-912,-17008,35,10,-28,0
S,43912847,up2,7,0,1440,1520,1096,-936,-16960,35,16,-28,0
S,43917847,up2,7,0,1440,1520,1144,-976,-17024,31,21,-28,0
S,43922847,up2,7,0,1440,1520,1080,-920,-16992,38,20,-22,0
S,43927847,up2,7,0,1440,1520,1032,-1016,-17136,42,27,-25,0
S,43932847,up2,7,0,1440,1520,1184,-904,-17040,38,28,-30,0
S,43937847,up2,7,0,1440,1520,1160,-952,-17024,39,33,-30,0
S,43942847,up2,7,0,1440,1520,1120,-848,-17016,42,27,-30,0
S,43947847,up2,7,0,1440,1520,1120,-912,-17104,32,32,-32,0
S,43952847,up2,7,0,1440,1520,1128,-928,-17096,39,27,-32,0
S,43957847,up2,7,0,1440,1520,1168,-856,-16984,29,25,-23,0
S,43962847,up2,7,0,1440,1520,1112,-1008,-17024,41,21,-30,0
S,43967847,up2,7,0,1440,1520,1176,-912,-17136,34,17,-30,0
S,43972847,up2,7,0,1440,1520,1080,-848,-17088,34,17,-27,0
S,43977847,up2,7,0,1440,1520,1264,-1056,-17024,45,15,-33,0
S,43982847,up2,7,0,1440,1520,1120,-848,-17056,39,13,-36,0
S,43987847,up2,7,0,1440,1520,1224,-936,-17032,45,21,-31,0
S,43992847,up2,7,0,1440,1520,1248,-832,-17048,43,23,-33,0
S,43997847,up2,7,0,1440,1520,1096,-888,-16952,40,22,-29,0
S,44002847,up2,7,0,1440,1520,1080,-968,-17144,37,28,-29,0
S,44007847,up2,7,0,1440,1520,1232,-944,-16968,34,28,-34,0
S,44012847,up2,7,0,1440,1520,1088,-1008,-17032,31,29,-28,0
S,44017847,up2,7,0,1440,1520,1288,-1000,-17120,30,27,-24,0
S,44022847,up2,7,0,1440,1520,1152,-1048,-16984,31,24,-31,0
S,44027847,up2,7,0,1440,1520,1112,-896,-16992,35,26,-32,0
S,44032847,up2,7,0,1440,1520,1112,-976,-17144,43,23,-30,0
S,44037847,up2,7,0,1440,1520,1104,-872,-17096,46,22,-32,0
S,44042847,up2,7,0,1440,1520,1160,-944,-17008,41,26,-24,0
S,44047847,up2,7,0,1440,1520,1144,-920,-17120,41,22,-23,0
S,44052847,up2,7,0,1440,1520,1176,-896,-16976,43,17,-31,0
S,44057847,up2,7,0,1440,1520,1168,-1008,-17008,35,18,-29,0
S,44062847,up2,7,0,1440,1520,1136,-856,-17104,39,16,-30,0
S,44067847,up2,7,0,1440,1520,1096,-1032,-17048,31,22,-31,0
S,44072847,up2,7,0,1440,1520,1200,-960,-17160,38,21,-29,0
E,44072949,up2,8,0,1450,1520,,,,,,,0
S,44073584,up2,8,0,1450,1520,1168,-944,-16992,33,22,-29,0
S,44078575,up2,8,0,1450,1520,1008,-856,-17184,37,23,-32,0
S,44083569,up2,8,0,1450,1520,496,-1248,-17112,35,18,-25,0
S,44088569,up2,8,0,1450,1520,-104,-1424,-17384,42,-34,-115,0
S,44093569,up2,8,0,1450,1520,1952,-1560,-15656,45,-25,-30,0
S,44098569,up2,8,0,1450,1520,-408,-2184,-17880,29,-49,-23,0
S,44103569,up2,8,0,1450,1520,1888,288,-16584,41,-71,-35,0
S,44108569,up2,8,0,1450,1520,336,-1992,-17584,41,-111,-23,0
S,44113569,up2,8,0,1450,1520,1048,-1392,-16832,37,-160,-13,0
S,44118569,up2,8,0,1450,1520,752,-192,-17168,41,-169,-52,0
S,44123569,up2,8,0,1450,1520,1656,-296,-17272,47,-209,-34,0
S,44128569,up2,8,0,1450,1520,1424,-1160,-17008,43,-223,-12,0
S,44133569,up2,8,0,1450,1520,1432,-1360,-16760,36,-220,5,0
S,44138569,up2,8,0,1450,1520,1160,-1168,-17368,47,-204,25,0
S,44143569,up2,8,0,1450,1520,808,-960,-16944,32,-186,22,0
S,44148569,up2,8,0,1450,1520,768,-1008,-17088,38,-145,24,0
S,44153569,up2,8,0,1450,1520,1168,-968,-17064,44,-101,15,0
S,44158569,up2,8,0,1450,1520,520,-992,-17128,41,-52,-14,0
S,44163569,up2,8,0,1450,1520,1088,-840,-16928,49,-4,-29,0
S,44168569,up2,8,0,1450,1520,1024,-1160,-17064,36,50,-35,0
S,44173569,up2,8,0,1450,1520,872,-928,-17024,45,93,-37,0
S,44178569,up2,8,0,1450,1520,992,-1032,-17184,38,125,-42,0
S,44183569,up2,8,0,1450,1520,1024,-1000,-17248,28,135,-41,0
S,44188569,up2,8,0,1450,1520,936,-840,-17080,12,140,-54,0
S,44193569,up2,8,0,1450,1520,808,-952,-17048,14,137,-54,0
S,44198569,up2,8,0,1450,1520,952,-1008,-17192,25,126,-45,0
S,44203569,up2,8,0,1450,1520,760,-976,-17168,28,102,-49,0
S,44208569,up2,8,0,1450,1520,984,-936,-17144,38,80,-48,0
S,44213569,up2,8,0,1450,1520,1064,-960,-16968,50,60,-33,0
S,44218569,up2,8,0,1450,1520,944,-968,-17168,53,27,-30,0
S,44223569,up2,8,0,1450,1520,1016,-992,-17064,61,4,-28,0
S,44228569,up2,8,0,1450,1520,768,-904,-17176,51,-9,-32,0
S,44233569,up2,8,0,1450,1520,1104,-952,-17072,52,-24,-15,0
S,44238569,up2,8,0,1450,1520,904,-880,-17208,38,-30,-18,0
S,44243569,up2,8,0,1450,1520,832,-936,-17152,30,-28,-18,0
S,44248569,up2,8,0,1450,1520,1048,-992,-17128,27,-21,-22,0
S,44253569,up2,8,0,1450,1520,1032,-928,-17152,36,-9,-23,0
S,44258569,up2,8,0,1450,1520,936,-1016,-16960,38,10,-28,0
S,44263569,up2,8,0,1450,1520,1024,-928,-17184,45,26,-29,0
S,44268569,up2,8,0,1450,1520,1112,-912,-17176,46,40,-29,0
S,44273569,up2,8,0,1450,1520,944,-1064,-16976,51,50,-30,0
S,44278569,up2,8,0,1450,1520,984,-832,-17216,34,54,-34,0
S,44283569,up2,8,0,1450,1520,896,-928,-17064,33,50,-31,0
S,44288569,up2,8,0,1450,1520,888,-976,-17056,29,46,-28,0
S,44293569,up2,8,0,1450,1520,1040,-888,-16960,22,45,-38,0
S,44298569,up2,8,0,1450,1520,792,-896,-17176,24,31,-25,0
S,44303569,up2,8,0,1450,1520,1056,-976,-17096,27,22,-28,0
S,44308569,up2,8,0,1450,1520,1080,-952,-17000,31,13,-32,0
S,44313569,up2,8,0,1450,1520,1080,-992,-17136,38,3,-29,0
S,44318569,up2,8,0,1450,1520,872,-1048,-17112,46,2,-27,0
S,44323569,up2,8,0,1450,1520,1016,-1040,-17120,53,6,-26,0
S,44328569,up2,8,0,1450,1520,1032,-920,-17168,52,9,-25,0
S,44333569,up2,8,0,1450,1520,920,-912,-17040,51,16,-34,0
S,44338569,up2,8,0,1450,1520,840,-968,-17016,41,21,-27,0
S,44343569,up2,8,0,1450,1520,1008,-968,-16960,38,20,-27,0
S,44348569,up2,8,0,1450,1520,928,-904,-17064,30,28,-30,0
S,44353569,up2,8,0,1450,1520,952,-1152,-17032,28,33,-31,0
S,44358569,up2,8,0,1450,1520,968,-1016,-17264,33,39,-28,0
S,44363569,up2,8,0,1450,1520,880,-776,-16920,27,37,-19,0
S,44368569,up2,8,0,1450,1520,880,-1032,-17056,36,32,-27,0
S,44373569,up2,8,0,1450,1520,1000,-1096,-17160,36,28,-32,0
S,44378569,up2,8,0,1450,1520,1032,-888,-17080,48,24,-31,0
S,44383569,up2,8,0,1450,1520,1016,-1008,-17152,47,24,-27,0
S,44388569,up2,8,0,1450,1520,1032,-1000,-17064,42,12,-23,0
S,44393569,up2,8,0,1450,1520,824,-824,-17112,39,16,-32,0
S,44398569,up2,8,0,1450,1520,1008,-896,-17048,40,14,-27,0
S,44403569,up2,8,0,1450,1520,1056,-936,-17072,33,14,-29,0
S,44408569,up2,8,0,1450,1520,896,-824,-17000,38,15,-34,0
S,44413569,up2,8,0,1450,1520,1024,-984,-17048,37,17,-29,0
S,44418569,up2,8,0,1450,1520,912,-1000,-17064,32,20,-28,0
S,44423569,up2,8,0,1450,1520,944,-816,-17064,37,29,-30,0
S,44428569,up2,8,0,1450,1520,1008,-936,-17024,41,29,-30,0
S,44433569,up2,8,0,1450,1520,1000,-920,-17040,33,33,-31,0
S,44438569,up2,8,0,1450,1520,1008,-952,-17144,41,37,-30,0
S,44443569,up2,8,0,1450,1520,992,-864,-17112,34,27,-26,0
S,44448569,up2,8,0,1450,1520,960,-1048,-17096,36,27,-33,0
S,44453569,up2,8,0,1450,1520,984,-968,-16984,33,26,-34,0
S,44458569,up2,8,0,1450,1520,976,-936,-17096,33,17,-31,0
S,44463569,up2,8,0,1450,1520,1056,-984,-17056,40,18,-30,0
S,44468569,up2,8,0,1450,1520,896,-1048,-17224,37,18,-34,0
S,44473569,up2,8,0,1450,1520,928,-880,-17080,39,20,-24,0
S,44478569,up2,8,0,1450,1520,1032,-984,-17096,44,17,-32,0
S,44483569,up2,8,0,1450,1520,920,-832,-16952,44,18,-28,0
S,44488569,up2,8,0,1450,1520,968,-832,-17056,45,24,-25,0
S,44493569,up2,8,0,1450,1520,976,-1000,-17064,46,24,-26,0
S,44498569,up2,8,0,1450,1520,1000,-904,-17080,36,22,-30,0
S,44503569,up2,8,0,1450,1520,984,-1088,-17192,34,29,-31,0
S,44508569,up2,8,0,1450,1520,920,-1008,-17048,29,23,-32,0
S,44513569,up2,8,0,1450,1520,1056,-968,-17200,29,28,-29,0
S,44518569,up2,8,0,1450,1520,904,-992,-17072,30,27,-29,0
S,44523569,up2,8,0,1450,1520,1000,-896,-17008,41,23,-31,0
S,44528569,up2,8,0,1450,1520,992,-904,-17072,39,23,-32,0
S,44533569,up2,8,0,1450,1520,968,-808,-17192,43,19,-32,0
S,44538569,up2,8,0,1450,1520,968,-912,-17096,48,22,-27,0
S,44543569,up2,8,0,1450,1520,1032,-984,-17040,42,17,-33,0
S,44548569,up2,8,0,1450,1520,832,-976,-17000,38,21,-33,0
S,44553569,up2,8,0,1450,1520,992,-848,-17032,38,19,-27,0
S,44558569,up2,8,0,1450,1520,944,-960,-17088,35,19,-28,0
S,44563569,up2,8,0,1450,1520,904,-992,-17064,31,20,-28,0
S,44568569,up2,8,0,1450,1520,936,-1096,-17112,38,25,-28,0
S,44573569,up2,8,0,1450,1520,960,-992,-17168,36,23,-32,0
E,44573670,up2,9,0,1460,1520,,,,,,,0
S,44574300,up2,9,0,1460,1520,768,-960,-17192,34,26,-28,0
S,44579290,up2,9,0,1460,1520,928,-1032,-17024,40,25,-22,0
S,44584289,up2,9,0,1460,1520,80,-1176,-17032,38,14,-33,0
S,44589289,up2,9,0,1460,1520,1736,-1448,-17664,39,-35,-116,0
S,44594289,up2,9,0,1460,1520,3592,-816,-15872,48,-24,-60,0
S,44599289,up2,9,0,1460,1520,2680,-2968,-16760,49,-84,-16,0
S,44604289,up2,9,0,1460,1520,-1432,512,-17296,35,-100,-54,0
S,44609289,up2,9,0,1460,1520,2896,592,-17040,54,-154,-75,0
S,44614289,up2,9,0,1460,1520,2272,-1088,-17160,35,-192,-25,0
S,44619289,up2,9,0,1460,1520,40,-368,-16832,44,-223,-19,0
S,44624289,up2,9,0,1460,1520,2744,-288,-17008,40,-235,-4,0
S,44629289,up2,9,0,1460,1520,-800,-616,-16896,41,-254,37,0
S,44634289,up2,9,0,1460,1520,-1136,-1576,-17112,34,-271,24,0
S,44639289,up2,9,0,1460,1520,2488,-24,-16848,39,-237,3,0
S,44644289,up2,9,0,1460,1520,392,-832,-17352,31,-217,9,0
S,44649289,up2,9,0,1460,1520,1264,-1704,-16864,37,-188,19,0
S,44654289,up2,9,0,1460,1520,1400,-688,-17120,40,-133,33,0
S,44659289,up2,9,0,1460,1520,496,-744,-17488,42,-76,11,0
S,44664289,up2,9,0,1460,1520,1008,-1448,-16984,41,-21,-10,0
S,44669289,up2,9,0,1460,1520,552,-848,-17216,53,34,-19,0
S,44674289,up2,9,0,1460,1520,744,-856,-17152,51,106,-36,0
S,44679289,up2,9,0,1460,1520,328,-1464,-16936,51,136,-41,0
S,44684289,up2,9,0,1460,1520,736,-656,-17168,39,167,-37,0
S,44689289,up2,9,0,1460,1520,800,-1024,-16920,25,182,-47,0
S,44694289,up2,9,0,1460,1520,624,-1080,-17096,17,172,-64,0
S,44699289,up2,9,0,1460,1520,1000,-936,-17000,18,159,-61,0
S,44704289,up2,9,0,1460,1520,600,-1016,-17176,22,141,-53,0
S,44709289,up2,9,0,1460,1520,792,-968,-17056,27,120,-56,0
S,44714290,up2,9,0,1460,1520,792,-968,-17064,39,89,-45,0
S,44719289,up2,9,0,1460,1520,680,-960,-17104,49,54,-36,0
S,44724289,up2,9,0,1460,1520,736,-936,-17184,57,22,-31,0
S,44729289,up2,9,0,1460,1520,792,-944,-17144,58,-8,-21,0
S,44734289,up2,9,0,1460,1520,792,-856,-17064,50,-32,-30,0
S,44739289,up2,9,0,1460,1520,800,-984,-17080,49,-44,-20,0
S,44744289,up2,9,0,1460,1520,832,-912,-17136,35,-48,-18,0
S,44749289,up2,9,0,1460,1520,760,-952,-17080,34,-43,-20,0
S,44754289,up2,9,0,1460,1520,824,-864,-17072,31,-38,-22,0
S,44759289,up2,9,0,1460,1520,688,-848,-17072,33,-15,-21,0
S,44764289,up2,9,0,1460,1520,904,-1024,-17072,41,-2,-28,0
S,44769289,up2,9,0,1460,1520,792,-984,-17056,38,20,-30,0
S,44774289,up2,9,0,1460,1520,720,-1024,-17024,46,42,-32,0
S,44779289,up2,9,0,1460,1520,920,-936,-17048,42,56,-31,0
S,44784289,up2,9,0,1460,1520,728,-976,-17080,39,63,-36,0
S,44789289,up2,9,0,1460,1520,784,-976,-17072,40,61,-29,0
S,44794289,up2,9,0,1460,1520,808,-984,-17032,24,52,-36,0
S,44799289,up2,9,0,1460,1520,736,-1024,-17048,29,47,-33,0
S,44804289,up2,9,0,1460,1520,768,-792,-17120,21,31,-34,0
S,44809289,up2,9,0,1460,1520,816,-976,-17176,32,21,-28,0
S,44814289,up2,9,0,1460,1520,864,-920,-17032,35,13,-25,0
S,44819289,up2,9,0,1460,1520,792,-992,-17184,43,4,-27,0
S,44824289,up2,9,0,1460,1520,800,-944,-17064,51,1,-28,0
S,44829289,up2,9,0,1460,1520,816,-928,-17192,53,4,-27,0
S,44834290,up2,9,0,1460,1520,776,-960,-17064,54,5,-24,0
S,44839289,up2,9,0,1460,1520,824,-968,-17128,52,12,-27,0
S,44844289,up2,9,0,1460,1520,752,-912,-17064,45,15,-27,0
S,44849289,up2,9,0,1460,1520,824,-928,-17144,36,26,-26,0
S,44854289,up2,9,0,1460,1520,816,-960,-17032,27,31,-28,0
S,44859289,up2,9,0,1460,1520,856,-936,-16992,27,34,-33,0
S,44864289,up2,9,0,1460,1520,872,-984,-17088,26,35,-30,0
S,44869289,up2,9,0,1460,1520,760,-896,-17160,31,43,-29,0
S,44874289,up2,9,0,1460,1520,728,-944,-16992,31,39,-34,0
S,44879289,up2,9,0,1460,1520,784,-912,-17064,44,27,-29,0
S,44884289,up2,9,0,1460,1520,848,-936,-17096,40,33,-28,0
S,44889290,up2,9,0,1460,1520,912,-968,-16928,42,20,-35,0
S,44894289,up2,9,0,1460,1520,816,-1032,-16968,38,20,-32,0
S,44899289,up2,9,0,1460,1520,784,-896,-17072,42,10,-31,0
S,44904289,up2,9,0,1460,1520,832,-1040,-17184,41,7,-27,0
S,44909289,up2,9,0,1460,1520,888,-984,-17112,35,6,-29,0
S,44914289,up2,9,0,1460,1520,864,-872,-17216,36,15,-29,0
S,44919289,up2,9,0,1460,1520,808,-968,-17040,36,15,-24,0
S,44924289,up2,9,0,1460,1520,816,-888,-17128,40,23,-24,0
S,44929289,up2,9,0,1460,1520,768,-904,-16928,40,33,-25,0
S,44934289,up2,9,0,1460,1520,888,-928,-17072,42,29,-28,0
S,44939289,up2,9,0,1460,1520,824,-920,-17072,37,40,-29,0
S,44944289,up2,9,0,1460,1520,792,-920,-17088,38,35,-26,0
S,44949289,up2,9,0,1460,1520,776,-952,-17072,34,32,-35,0
S,44954289,up2,9,0,1460,1520,760,-952,-17064,40,31,-33,0
S,44959289,up2,9,0,1460,1520,888,-920,-17176,41,21,-31,0
S,44964289,up2,9,0,1460,1520,800,-1032,-17008,34,21,-28,0
S,44969289,up2,9,0,1460,1520,800,-872,-17136,36,19,-28,0
S,44974289,up2,9,0,1460,1520,856,-920,-16960,44,13,-27,0
S,44979289,up2,9,0,1460,1520,760,-904,-17184,37,9,-31,0
S,44984289,up2,9,0,1460,1520,880,-1064,-17096,40,19,-30,0
S,44989289,up2,9,0,1460,1520,656,-952,-17072,45,19,-29,0
S,44994289,up2,9,0,1460,1520,752,-960,-17176,48,20,-28,0
S,44999289,up2,9,0,1460,1520,928,-896,-17192,42,28,-29,0
S,45004289,up2,9,0,1460,1520,784,-960,-17104,39,27,-27,0
S,45009289,up2,9,0,1460,1520,792,-920,-16960,31,25,-30,0
S,45014289,up2,9,0,1460,1520,840,-1088,-16952,31,32,-31,0
S,45019289,up2,9,0,1460,1520,664,-912,-17056,33,25,-28,0
S,45024289,up2,9,0,1460,1520,768,-832,-17000,41,29,-30,0
S,45029289,up2,9,0,1460,1520,848,-960,-17032,36,25,-24,0
S,45034289,up2,9,0,1460,1520,784,-800,-17144,33,15,-29,0
S,45039289,up2,9,0,1460,1520,864,-1136,-17048,43,21,-25,0
S,45044289,up2,9,0,1460,1520,840,-872,-16904,42,15,-31,0
S,45049289,up2,9,0,1460,1520,824,-944,-17192,38,24,-31,0
S,45054289,up2,9,0,1460,1520,760,-904,-17048,41,16,-23,0
S,45059289,up2,9,0,1460,1520,712,-1048,-17368,40,20,-25,0
S,45064289,up2,9,0,1460,1520,960,-936,-16936,42,20,-29,0
S,45069289,up2,9,0,1460,1520,768,-976,-17272,38,19,-31,0
S,45074289,up2,9,0,1460,1520,848,-1032,-16936,39,20,-28,0
E,45074391,up2,10,0,1470,1520,,,,,,,0
S,45075026,up2,10,0,1470,1520,880,-888,-17200,35,21,-31,0
S,45080015,up2,10,0,1470,1520,728,-856,-16952,34,23,-36,0
S,45085014,up2,10,0,1470,1520,-968,-696,-17184,41,18,-30,0
S,45090014,up2,10,0,1470,1520,760,-2104,-18032,43,-46,-137,0
S,45095013,up2,10,0,1470,1520,-3336,-288,-16424,46,-50,-136,0
S,45100014,up2,10,0,1470,1520,1696,-2520,-16656,37,-104,-78,0
S,45105014,up2,10,0,1470,1520,-840,-1928,-17096,30,-152,16,0
S,45110014,up2,10,0,1470,1520,3304,232,-16944,41,-224,-44,0
S,45115014,up2,10,0,1470,1520,-1352,-1248,-17400,28,-271,-18,0
S,45120013,up2,10,0,1470,1520,-8,96,-16968,36,-335,-14,0
S,45125014,up2,10,0,1470,1520,2104,-856,-16752,27,-368,11,0
S,45130014,up2,10,0,1470,1520,-2352,-1592,-16936,25,-391,26,0
S,45135014,up2,10,0,1470,1520,184,-520,-17208,25,-387,31,0
S,45140014,up2,10,0,1470,1520,2000,232,-17824,38,-399,-11,0
S,45145014,up2,10,0,1470,1520,1248,-1560,-16456,37,-373,24,0
S,45150014,up2,10,0,1470,1520,728,-336,-17304,29,-327,55,0
S,45155014,up2,10,0,1470,1520,1024,-1112,-17136,47,-280,52,0
S,45160014,up2,10,0,1470,1520,272,-864,-17320,36,-222,8,0
S,45165013,up2,10,0,1470,1520,376,-1304,-16784,53,-150,-9,0
S,45170013,up2,10,0,1470,1520,840,-1288,-16960,63,-81,-21,0
S,45175014,up2,10,0,1470,1520,240,8,-17136,59,24,-21,0
S,45180014,up2,10,0,1470,1520,760,-808,-17032,60,82,-39,0
S,45185014,up2,10,0,1470,1520,88,-968,-16920,54,138,-38,0
S,45190014,up2,10,0,1470,1520,1144,-704,-17232,45,191,-49,0
S,45195014,up2,10,0,1470,1520,640,-800,-16856,35,230,-44,0
S,45200014,up2,10,0,1470,1520,480,-864,-17008,28,247,-45,0
S,45205014,up2,10,0,1470,1520,576,-1120,-17184,25,255,-35,0
S,45210014,up2,10,0,1470,1520,648,-864,-17016,26,252,-34,0
S,45215014,up2,10,0,1470,1520,-368,-864,-17176,31,242,-40,0
S,45220014,up2,10,0,1470,1520,768,-872,-17048,37,226,-38,0
S,45225014,up2,10,0,1470,1520,56,-1072,-17344,38,196,-45,0
S,45230014,up2,10,0,1470,1520,-160,-880,-17056,40,151,-74,0
S,45235014,up2,10,0,1470,1520,376,-1008,-17112,43,97,-105,0
S,45240014,up2,10,0,1470,1520,1128,-920,-16792,55,59,-63,0
S,45245014,up2,10,0,1470,1520,672,-1000,-17072,54,16,-41,0
S,45250014,up2,10,0,1470,1520,744,-760,-17232,42,-32,-25,0
S,45255014,up2,10,0,1470,1520,600,-904,-17088,41,-59,-16,0
S,45260013,up2,10,0,1470,1520,400,-856,-17104,35,-91,-10,0
S,45265014,up2,10,0,1470,1520,664,-888,-17040,33,-100,-10,0
S,45270014,up2,10,0,1470,1520,528,-976,-17160,34,-93,-6,0
S,45275014,up2,10,0,1470,1520,616,-1024,-17096,34,-92,-9,0
S,45280014,up2,10,0,1470,1520,616,-992,-17088,44,-66,-6,0
S,45285014,up2,10,0,1470,1520,624,-832,-17040,45,-44,-4,0
S,45290014,up2,10,0,1470,1520,552,-992,-17056,45,-28,-21,0
S,45295014,up2,10,0,1470,1520,560,-1040,-17136,43,3,-22,0
S,45300014,up2,10,0,1470,1520,376,-904,-17064,38,24,-31,0
S,45305014,up2,10,0,1470,1520,496,-992,-17104,43,44,-30,0
S,45310014,up2,10,0,1470,1520,544,-1096,-17136,27,60,-33,0
S,45315014,up2,10,0,1470,1520,384,-808,-16936,27,78,-38,0
S,45320014,up2,10,0,1470,1520,480,-912,-17096,21,78,-34,0
S,45325014,up2,10,0,1470,1520,480,-920,-17128,26,61,-33,0
S,45330014,up2,10,0,1470,1520,608,-848,-17072,28,56,-34,0
S,45335014,up2,10,0,1470,1520,504,-976,-17096,26,45,-28,0
S,45340014,up2,10,0,1470,1520,576,-1040,-17200,43,27,-24,0
S,45345014,up2,10,0,1470,1520,544,-1112,-17096,38,19,-25,0
S,45350014,up2,10,0,1470,1520,536,-1072,-17088,48,6,-29,0
S,45355014,up2,10,0,1470,1520,512,-952,-17184,46,-9,-32,0
S,45360014,up2,10,0,1470,1520,512,-1072,-17040,48,-13,-26,0
S,45365014,up2,10,0,1470,1520,512,-1040,-17080,52,-3,-25,0
S,45370014,up2,10,0,1470,1520,488,-880,-17104,35,3,-26,0
S,45375014,up2,10,0,1470,1520,544,-880,-17064,42,16,-30,0
S,45380014,up2,10,0,1470,1520,616,-1048,-17048,35,18,-25,0
S,45385014,up2,10,0,1470,1520,624,-1024,-17192,32,26,-34,0
S,45390014,up2,10,0,1470,1520,560,-936,-16960,31,31,-28,0
S,45395014,up2,10,0,1470,1520,448,-904,-17088,29,38,-36,0
S,45400014,up2,10,0,1470,1520,568,-952,-17032,38,46,-28,0
S,45405014,up2,10,0,1470,1520,488,-968,-17048,31,40,-34,0
S,45410014,up2,10,0,1470,1520,528,-912,-17128,37,38,-31,0
S,45415014,up2,10,0,1470,1520,528,-992,-17040,39,31,-30,0
S,45420014,up2,10,0,1470,1520,392,-944,-17104,37,29,-24,0
S,45425014,up2,10,0,1470,1520,512,-1000,-17168,42,17,-27,0
S,45430014,up2,10,0,1470,1520,512,-896,-17056,42,13,-30,0
S,45435014,up2,10,0,1470,1520,464,-864,-17112,40,8,-26,0
S,45440014,up2,10,0,1470,1520,480,-976,-17144,39,10,-33,0
S,45445014,up2,10,0,1470,1520,600,-936,-17232,40,10,-29,0
S,45450014,up2,10,0,1470,1520,552,-1048,-17200,33,19,-27,0
S,45455014,up2,10,0,1470,1520,448,-832,-17104,41,23,-31,0
S,45460014,up2,10,0,1470,1520,568,-952,-17064,38,19,-30,0
S,45465014,up2,10,0,1470,1520,448,-912,-17064,41,29,-29,0
S,45470014,up2,10,0,1470,1520,512,-992,-17096,38,35,-26,0
S,45475014,up2,10,0,1470,1520,600,-896,-17096,38,32,-30,0
S,45480014,up2,10,0,1470,1520,376,-968,-17088,33,31,-28,0
S,45485014,up2,10,0,1470,1520,592,-1088,-17160,32,27,-30,0
S,45490014,up2,10,0,1470,1520,512,-1032,-17136,37,29,-31,0
S,45495014,up2,10,0,1470,1520,392,-1064,-17088,38,26,-26,0
S,45500014,up2,10,0,1470,1520,576,-1008,-17064,37,17,-31,0
S,45505014,up2,10,0,1470,1520,568,-920,-17000,45,22,-25,0
S,45510014,up2,10,0,1470,1520,488,-1064,-17056,43,16,-30,0
S,45515014,up2,10,0,1470,1520,528,-800,-17120,37,16,-27,0
S,45520014,up2,10,0,1470,1520,544,-888,-17040,39,19,-25,0
S,45525014,up2,10,0,1470,1520,624,-912,-17152,40,18,-31,0
S,45530014,up2,10,0,1470,1520,544,-904,-17080,34,20,-29,0
S,45535014,up2,10,0,1470,1520,408,-1024,-16992,41,23,-30,0
S,45540014,up2,10,0,1470,1520,568,-1040,-17048,36,31,-31,0
S,45545014,up2,10,0,1470,1520,584,-920,-17016,41,27,-26,0
S,45550014,up2,10,0,1470,1520,576,-872,-17096,38,29,-34,0
S,45555014,up2,10,0,1470,1520,560,-1016,-17184,37,28,-30,0
S,45560014,up2,10,0,1470,1520,520,-896,-17136,42,27,-27,0
S,45565014,up2,10,0,1470,1520,456,-1032,-17056,43,28,-33,0
S,45570014,up2,10,0,1470,1520,544,-960,-17032,36,23,-32,0
S,45575014,up2,10,0,1470,1520,440,-952,-17080,38,18,-29,0
E,45575116,up2,11,0,1480,1520,,,,,,,0
S,45575752,up2,11,0,1480,1520,504,-904,-17184,40,21,-29,0
S,45580743,up2,11,0,1480,1520,600,-1016,-16968,36,14,-26,0
S,45585742,up2,11,0,1480,1520,-952,-1008,-17096,40,6,-32,0
S,45590741,up2,11,0,1480,1520,-1384,-528,-17648,34,-54,-184,0
S,45595742,up2,11,0,1480,1520,1104,-712,-15584,49,-23,-75,0
S,45600741,up2,11,0,1480,1520,4320,-1384,-17032,26,-88,-5,0
S,45605742,up2,11,0,1480,1520,272,-1120,-16848,25,-109,-31,0
S,45610741,up2,11,0,1480,1520,272,-304,-17608,29,-134,-63,0
S,45615742,up2,11,0,1480,1520,888,272,-17056,20,-164,-36,0
S,45620741,up2,11,0,1480,1520,-2440,-1192,-17936,26,-217,-18,0
S,45625741,up2,11,0,1480,1520,1704,-1656,-15856,33,-244,-40,0
S,45630741,up2,11,0,1480,1520,88,-920,-17800,19,-222,12,0
S,45635742,up2,11,0,1480,1520,424,-864,-16976,32,-225,6,0
S,45640741,up2,11,0,1480,1520,912,-1096,-17144,35,-201,17,0
S,45645742,up2,11,0,1480,1520,264,-1120,-17184,41,-167,22,0
S,45650741,up2,11,0,1480,1520,624,-768,-17240,57,-115,35,0
S,45655741,up2,11,0,1480,1520,112,-872,-17176,52,-74,-13,0
S,45660741,up2,11,0,1480,1520,-32,-1064,-17296,57,-9,-18,0
S,45665741,up2,11,0,1480,1520,672,-1128,-16976,53,32,-35,0
S,45670742,up2,11,0,1480,1520,152,-768,-17392,53,94,-35,0
S,45675741,up2,11,0,1480,1520,608,-872,-16856,52,131,-43,0
S,45680741,up2,11,0,1480,1520,248,-976,-17208,44,145,-40,0
S,45685741,up2,11,0,1480,1520,456,-728,-17120,29,155,-55,0
S,45690741,up2,11,0,1480,1520,336,-1136,-17192,15,146,-60,0
S,45695741,up2,11,0,1480,1520,408,-984,-17248,15,132,-51,0
S,45700741,up2,11,0,1480,1520,336,-912,-17048,16,112,-49,0
S,45705741,up2,11,0,1480,1520,192,-1008,-17272,21,88,-45,0
S,45710742,up2,11,0,1480,1520,288,-1088,-17048,32,58,-40,0
S,45715741,up2,11,0,1480,1520,256,-928,-17048,45,32,-30,0
S,45720742,up2,11,0,1480,1520,320,-848,-17128,52,9,-33,0
S,45725741,up2,11,0,1480,1520,304,-832,-17152,56,-18,-24,0
S,45730741,up2,11,0,1480,1520,440,-800,-17248,49,-39,-21,0
S,45735741,up2,11,0,1480,1520,272,-896,-17184,51,-39,-21,0
S,45740741,up2,11,0,1480,1520,384,-976,-17152,46,-37,-21,0
S,45745741,up2,11,0,1480,1520,448,-896,-17056,40,-30,-23,0
S,45750741,up2,11,0,1480,1520,304,-1048,-17152,38,-14,-23,0
S,45755742,up2,11,0,1480,1520,432,-952,-16992,34,5,-29,0
S,45760741,up2,11,0,1480,1520,232,-1048,-17144,33,24,-27,0
S,45765741,up2,11,0,1480,1520,408,-928,-17152,38,37,-32,0
S,45770741,up2,11,0,1480,1520,384,-1040,-17008,28,56,-32,0
S,45775741,up2,11,0,1480,1520,256,-1032,-17040,32,57,-29,0
S,45780741,up2,11,0,1480,1520,472,-920,-17136,33,62,-39,0
S,45785742,up2,11,0,1480,1520,336,-944,-17184,32,54,-30,0
S,45790742,up2,11,0,1480,1520,512,-856,-17080,31,49,-28,0
S,45795741,up2,11,0,1480,1520,408,-1048,-17176,32,35,-31,0
S,45800741,up2,11,0,1480,1520,368,-936,-17096,36,20,-31,0
S,45805741,up2,11,0,1480,1520,312,-976,-17168,43,8,-31,0
S,45810742,up2,11,0,1480,1520,392,-928,-17056,41,1,-31,0
S,45815741,up2,11,0,1480,1520,456,-1024,-16984,41,-3,-23,0
S,45820741,up2,11,0,1480,1520,336,-912,-16976,49,-4,-31,0
S,45825741,up2,11,0,1480,1520,416,-968,-16992,44,2,-25,0
S,45830742,up2,11,0,1480,1520,424,-960,-17160,45,5,-27,0
S,45835742,up2,11,0,1480,1520,368,-968,-17048,37,19,-21,0
S,45840742,up2,11,0,1480,1520,384,-1048,-17072,41,23,-29,0
S,45845741,up2,11,0,1480,1520,408,-1024,-17176,34,28,-31,0
S,45850742,up2,11,0,1480,1520,360,-968,-17256,32,37,-30,0
S,45855741,up2,11,0,1480,1520,432,-984,-17024,32,44,-26,0
S,45860742,up2,11,0,1480,1520,328,-896,-17032,34,39,-35,0
S,45865741,up2,11,0,1480,1520,432,-912,-17208,27,38,-32,0
S,45870742,up2,11,0,1480,1520,432,-888,-17104,41,38,-34,0
S,45875741,up2,11,0,1480,1520,264,-1048,-17040,33,25,-31,0
S,45880742,up2,11,0,1480,1520,472,-992,-17088,42,19,-30,0
S,45885741,up2,11,0,1480,1520,320,-944,-17136,45,17,-31,0
S,45890742,up2,11,0,1480,1520,328,-920,-17152,38,11,-28,0
S,45895741,up2,11,0,1480,1520,288,-960,-17192,48,15,-29,0
S,45900741,up2,11,0,1480,1520,456,-952,-17040,42,14,-31,0
S,45905741,up2,11,0,1480,1520,360,-968,-17080,41,11,-30,0
S,45910741,up2,11,0,1480,1520,272,-872,-17080,40,15,-28,0
S,45915741,up2,11,0,1480,1520,312,-904,-17168,40,21,-25,0
S,45920741,up2,11,0,1480,1520,280,-984,-17056,34,28,-27,0
S,45925742,up2,11,0,1480,1520,352,-904,-17080,35,36,-29,0
S,45930741,up2,11,0,1480,1520,496,-960,-17024,34,36,-33,0
S,45935741,up2,11,0,1480,1520,288,-800,-17136,34,33,-29,0
S,45940741,up2,11,0,1480,1520,352,-936,-17152,35,34,-31,0
S,45945742,up2,11,0,1480,1520,360,-904,-17072,37,32,-28,0
S,45950741,up2,11,0,1480,1520,264,-880,-17160,38,24,-30,0
S,45955742,up2,11,0,1480,1520,264,-960,-17072,40,23,-28,0
S,45960741,up2,11,0,1480,1520,304,-968,-17096,42,17,-29,0
S,45965741,up2,11,0,1480,1520,352,-856,-17232,39,11,-29,0
S,45970741,up2,11,0,1480,1520,104,-1024,-17112,36,15,-22,0
S,45975741,up2,11,0,1480,1520,384,-792,-17168,37,18,-27,0
S,45980741,up2,11,0,1480,1520,400,-1080,-17112,34,17,-31,0
S,45985742,up2,11,0,1480,1520,328,-976,-16896,41,19,-25,0
S,45990741,up2,11,0,1480,1520,328,-880,-17032,41,27,-32,0
S,45995742,up2,11,0,1480,1520,160,-992,-17056,41,27,-27,0
S,46000741,up2,11,0,1480,1520,400,-816,-17104,41,27,-33,0
S,46005741,up2,11,0,1480,1520,328,-984,-17264,37,27,-30,0
S,46010742,up2,11,0,1480,1520,336,-1040,-16968,39,32,-27,0
S,46015741,up2,11,0,1480,1520,272,-888,-17240,38,27,-28,0
S,46020742,up2,11,0,1480,1520,312,-912,-17032,37,23,-30,0
S,46025741,up2,11,0,1480,1520,416,-1032,-16968,38,25,-29,0
S,46030741,up2,11,0,1480,1520,272,-936,-17096,33,21,-26,0
S,46035742,up2,11,0,1480,1520,312,-880,-17080,35,14,-32,0
S,46040741,up2,11,0,1480,1520,360,-992,-17144,43,18,-28,0
S,46045741,up2,11,0,1480,1520,376,-928,-17048,39,20,-26,0
S,46050741,up2,11,0,1480,1520,344,-904,-17320,42,20,-28,0
S,46055741,up2,11,0,1480,1520,376,-1064,-17240,37,15,-30,0
S,46060741,up2,11,0,1480,1520,288,-784,-17304,35,21,-33,0
S,46065742,up2,11,0,1480,1520,352,-976,-17104,32,23,-28,0
S,46070741,up2,11,0,1480,1520,504,-976,-17144,34,29,-26,0
S,46075742,up2,11,0,1480,1520,184,-1080,-17104,38,24,-25,0
E,46075845,up2,12,0,1490,1520,,,,,,,0
S,46076477,up2,12,0,1490,1520,184,-1080,-17104,36,26,-21,0
S,46081468,up2,12,0,1490,1520,352,-976,-17032,40,25,-29,0
S,46086467,up2,12,0,1490,1520,-1264,-1224,-17088,37,17,-27,0
S,46091467,up2,12,0,1490,1520,592,-1248,-17776,35,-42,-154,0
S,46096467,up2,12,0,1490,1520,5584,-1752,-15424,43,-20,-32,0
S,46101467,up2,12,0,1490,1520,1504,-4864,-16768,12,-68,-11,0
S,46106467,up2,12,0,1490,1520,-4352,-1720,-16896,21,-96,1,0
S,46111467,up2,12,0,1490,1520,5616,1176,-17472,33,-106,-70,0
S,46116467,up2,12,0,1490,1520,-896,-2616,-17296,33,-178,-59,0
S,46121467,up2,12,0,1490,1520,1792,104,-16320,29,-189,-19,0
S,46126467,up2,12,0,1490,1520,944,-1080,-17720,31,-224,-12,0
S,46131467,up2,12,0,1490,1520,40,-1464,-16792,36,-241,-12,0
S,46136467,up2,12,0,1490,1520,296,-872,-16992,46,-242,0,0
S,46141468,up2,12,0,1490,1520,800,-976,-17184,47,-233,32,0
S,46146467,up2,12,0,1490,1520,-144,-1000,-17096,46,-214,8,0
S,46151467,up2,12,0,1490,1520,584,-1192,-16784,43,-188,15,0
S,46156468,up2,12,0,1490,1520,552,-1096,-17360,55,-135,55,0
S,46161467,up2,12,0,1490,1520,-272,-760,-17200,43,-92,-28,0
S,46166467,up2,12,0,1490,1520,264,-800,-17064,56,-49,-18,0
S,46171467,up2,12,0,1490,1520,536,-1104,-16912,49,15,-25,0
S,46176467,up2,12,0,1490,1520,-224,-624,-17264,50,78,-41,0
S,46181467,up2,12,0,1490,1520,224,-1072,-16760,47,114,-35,0
S,46186467,up2,12,0,1490,1520,232,-880,-17424,41,129,-42,0
S,46191467,up2,12,0,1490,1520,0,-616,-16848,31,148,-38,0
S,46196468,up2,12,0,1490,1520,112,-1144,-17184,23,135,-59,0
S,46201467,up2,12,0,1490,1520,392,-784,-16992,22,125,-47,0
S,46206467,up2,12,0,1490,1520,-72,-840,-17048,17,113,-49,0
S,46211467,up2,12,0,1490,1520,360,-928,-17168,29,82,-43,0
S,46216467,up2,12,0,1490,1520,112,-816,-17088,31,56,-36,0
S,46221467,up2,12,0,1490,1520,184,-1104,-17192,40,35,-29,0
S,46226467,up2,12,0,1490,1520,312,-792,-16976,49,5,-28,0
S,46231467,up2,12,0,1490,1520,64,-1064,-17320,47,-12,-19,0
S,46236467,up2,12,0,1490,1520,160,-880,-17072,47,-28,-25,0
S,46241467,up2,12,0,1490,1520,224,-904,-17032,53,-32,-27,0
S,46246467,up2,12,0,1490,1520,96,-1056,-17152,50,-30,-24,0
S,46251467,up2,12,0,1490,1520,104,-928,-16888,46,-24,-22,0
S,46256467,up2,12,0,1490,1520,192,-1000,-17280,34,-8,-21,0
S,46261467,up2,12,0,1490,1520,216,-1048,-17024,44,9,-29,0
S,46266467,up2,12,0,1490,1520,208,-1088,-17160,36,26,-23,0
S,46271467,up2,12,0,1490,1520,328,-920,-17256,36,44,-29,0
S,46276467,up2,12,0,1490,1520,-8,-1048,-17024,35,56,-28,0
S,46281467,up2,12,0,1490,1520,464,-1032,-17152,33,56,-31,0
S,46286467,up2,12,0,1490,1520,96,-944,-17064,28,58,-36,0
S,46291467,up2,12,0,1490,1520,168,-912,-16992,33,46,-33,0
S,46296468,up2,12,0,1490,1520,344,-952,-17144,32,42,-29,0
S,46301467,up2,12,0,1490,1520,56,-752,-17088,37,28,-28,0
S,46306467,up2,12,0,1490,1520,272,-936,-17024,39,18,-29,0
S,46311467,up2,12,0,1490,1520,176,-936,-17152,38,3,-24,0
S,46316467,up2,12,0,1490,1520,192,-952,-17024,48,0,-23,0
S,46321467,up2,12,0,1490,1520,192,-928,-17072,48,-6,-26,0
S,46326467,up2,12,0,1490,1520,176,-1072,-17120,47,-3,-31,0
S,46331467,up2,12,0,1490,1520,168,-992,-17200,38,7,-27,0
S,46336467,up2,12,0,1490,1520,296,-936,-17040,41,15,-31,0
S,46341467,up2,12,0,1490,1520,176,-936,-16936,38,24,-32,0
S,46346467,up2,12,0,1490,1520,168,-1008,-17072,37,27,-26,0
S,46351467,up2,12,0,1490,1520,288,-920,-17088,28,35,-28,0
S,46356467,up2,12,0,1490,1520,48,-1024,-17056,28,41,-29,0
S,46361467,up2,12,0,1490,1520,312,-1088,-17128,29,40,-30,0
S,46366467,up2,12,0,1490,1520,184,-952,-17072,34,38,-31,0
S,46371467,up2,12,0,1490,1520,128,-992,-17112,35,28,-33,0
S,46376468,up2,12,0,1490,1520,304,-984,-17056,41,31,-33,0
S,46381467,up2,12,0,1490,1520,112,-1064,-17016,37,19,-28,0
S,46386467,up2,12,0,1490,1520,168,-872,-17072,39,11,-26,0
S,46391468,up2,12,0,1490,1520,160,-1080,-17096,39,11,-23,0
S,46396467,up2,12,0,1490,1520,264,-976,-17192,44,11,-31,0
S,46401467,up2,12,0,1490,1520,176,-1008,-17104,48,13,-27,0
S,46406467,up2,12,0,1490,1520,240,-960,-17208,42,17,-31,0
S,46411467,up2,12,0,1490,1520,120,-944,-17104,40,20,-26,0
S,46416467,up2,12,0,1490,1520,136,-944,-17032,36,21,-29,0
S,46421467,up2,12,0,1490,1520,112,-928,-17272,42,26,-31,0
S,46426467,up2,12,0,1490,1520,72,-944,-17232,39,26,-27,0
S,46431467,up2,12,0,1490,1520,152,-920,-16992,39,34,-28,0
S,46436467,up2,12,0,1490,1520,248,-808,-17056,32,35,-29,0
S,46441468,up2,12,0,1490,1520,248,-968,-17096,34,33,-29,0
S,46446467,up2,12,0,1490,1520,128,-992,-17080,40,25,-29,0
S,46451467,up2,12,0,1490,1520,160,-1008,-17144,40,24,-31,0
S,46456467,up2,12,0,1490,1520,168,-920,-17096,43,26,-28,0
S,46461467,up2,12,0,1490,1520,160,-904,-17256,44,18,-28,0
S,46466467,up2,12,0,1490,1520,248,-872,-17200,41,9,-23,0
S,46471468,up2,12,0,1490,1520,152,-984,-17080,42,18,-27,0
S,46476467,up2,12,0,1490,1520,232,-1000,-17080,39,13,-27,0
S,46481467,up2,12,0,1490,1520,152,-1072,-17176,39,15,-30,0
S,46486467,up2,12,0,1490,1520,296,-872,-17088,42,20,-27,0
S,46491467,up2,12,0,1490,1520,160,-1072,-17144,38,21,-29,0
S,46496467,up2,12,0,1490,1520,192,-928,-17048,35,29,-28,0
S,46501468,up2,12,0,1490,1520,152,-920,-17256,37,29,-30,0
S,46506467,up2,12,0,1490,1520,160,-936,-17064,36,28,-29,0
S,46511468,up2,12,0,1490,1520,256,-856,-17184,37,31,-35,0
S,46516467,up2,12,0,1490,1520,264,-856,-17088,35,30,-19,0
S,46521467,up2,12,0,1490,1520,176,-944,-16984,32,28,-33,0
S,46526467,up2,12,0,1490,1520,224,-1024,-17144,36,25,-22,0
S,46531468,up2,12,0,1490,1520,120,-1016,-17080,41,27,-33,0
S,46536468,up2,12,0,1490,1520,208,-952,-17176,41,17,-31,0
S,46541467,up2,12,0,1490,1520,176,-928,-17096,40,18,-31,0
S,46546467,up2,12,0,1490,1520,152,-944,-17120,40,15,-32,0
S,46551467,up2,12,0,1490,1520,216,-1000,-17040,40,18,-28,0
S,46556467,up2,12,0,1490,1520,232,-968,-17096,39,22,-30,0
S,46561467,up2,12,0,1490,1520,128,-968,-17104,41,21,-29,0
S,46566467,up2,12,0,1490,1520,120,-992,-17064,37,25,-28,0
S,46571467,up2,12,0,1490,1520,240,-864,-17112,36,25,-27,0
S,46576467,up2,12,0,1490,1520,152,-912,-16960,33,28,-27,0
E,46576569,up2,13,0,1500,1520,,,,,,,0
S,46577205,up2,13,0,1500,1520,152,-912,-16960,33,28,-27,0
S,46582193,up2,13,0,1500,1520,272,-968,-17144,31,27,-25,0
S,46587192,up2,13,0,1500,1520,-304,-1136,-17040,41,21,-26,0
S,46592192,up2,13,0,1500,1520,-864,-1448,-17200,34,-22,-119,0
S,46597192,up2,13,0,1500,1520,2504,-1896,-16704,32,-29,10,0
S,46602192,up2,13,0,1500,1520,-4176,-2504,-17928,15,-45,20,0
S,46607192,up2,13,0,1500,1520,-3088,304,-17904,30,-66,-46,0
S,46612192,up2,13,0,1500,1520,1304,392,-17296,37,-81,-41,0
S,46617192,up2,13,0,1500,1520,-2608,-2256,-17544,29,-104,-21,0
S,46622192,up2,13,0,1500,1520,472,-648,-16520,34,-104,-23,0
S,46627192,up2,13,0,1500,1520,608,-1224,-17440,43,-102,-6,0
S,46632192,up2,13,0,1500,1520,184,-840,-17176,46,-103,-2,0
S,46637192,up2,13,0,1500,1520,0,-1168,-17096,55,-84,-15,0
S,46642192,up2,13,0,1500,1520,360,-888,-17096,58,-70,-15,0
S,46647192,up2,13,0,1500,1520,248,-840,-17216,49,-46,-16,0
S,46652192,up2,13,0,1500,1520,168,-960,-16896,52,-25,-17,0
S,46657192,up2,13,0,1500,1520,104,-976,-17224,44,-1,-22,0
S,46662193,up2,13,0,1500,1520,0,-856,-17008,41,22,-29,0
S,46667193,up2,13,0,1500,1520,112,-920,-17392,38,46,-29,0
S,46672192,up2,13,0,1500,1520,176,-1024,-16952,31,53,-30,0
S,46677192,up2,13,0,1500,1520,-8,-1000,-17240,28,64,-31,0
S,46682192,up2,13,0,1500,1520,184,-864,-16992,24,67,-36,0
S,46687192,up2,13,0,1500,1520,-8,-936,-17144,25,62,-35,0
S,46692192,up2,13,0,1500,1520,64,-896,-17112,26,55,-29,0
S,46697192,up2,13,0,1500,1520,-72,-1016,-17016,27,43,-30,0
S,46702193,up2,13,0,1500,1520,176,-992,-17184,33,20,-32,0
S,46707192,up2,13,0,1500,1520,-8,-920,-17120,38,18,-28,0
S,46712192,up2,13,0,1500,1520,80,-896,-17144,45,1,-28,0
S,46717192,up2,13,0,1500,1520,128,-944,-17024,46,-12,-29,0
S,46722192,up2,13,0,1500,1520,16,-1072,-17008,50,-10,-28,0
S,46727192,up2,13,0,1500,1520,192,-840,-17000,47,-4,-25,0
S,46732192,up2,13,0,1500,1520,-16,-1048,-17168,47,3,-28,0
S,46737193,up2,13,0,1500,1520,32,-1080,-17072,44,11,-27,0
S,46742193,up2,13,0,1500,1520,160,-984,-17104,38,25,-26,0
S,46747193,up2,13,0,1500,1520,24,-848,-17168,40,31,-31,0
S,46752192,up2,13,0,1500,1520,-24,-944,-17080,34,46,-34,0
S,46757193,up2,13,0,1500,1520,184,-872,-17152,30,50,-34,0
S,46762192,up2,13,0,1500,1520,56,-1064,-17192,31,42,-28,0
S,46767192,up2,13,0,1500,1520,96,-1048,-17008,28,41,-28,0
S,46772193,up2,13,0,1500,1520,120,-976,-17240,28,37,-31,0
S,46777192,up2,13,0,1500,1520,-112,-952,-17016,36,26,-33,0
S,46782193,up2,13,0,1500,1520,120,-1008,-17112,40,18,-29,0
S,46787192,up2,13,0,1500,1520,72,-904,-17072,40,15,-26,0
S,46792192,up2,13,0,1500,1520,-56,-984,-17104,52,4,-27,0
S,46797193,up2,13,0,1500,1520,120,-1016,-17064,45,8,-28,0
S,46802192,up2,13,0,1500,1520,80,-1056,-17256,44,4,-26,0
S,46807192,up2,13,0,1500,1520,152,-928,-17096,37,9,-27,0
S,46812193,up2,13,0,1500,1520,88,-976,-17208,42,18,-29,0
S,46817193,up2,13,0,1500,1520,0,-872,-17144,39,21,-31,0
S,46822193,up2,13,0,1500,1520,104,-936,-17128,42,27,-34,0
S,46827193,up2,13,0,1500,1520,16,-1000,-17216,34,35,-27,0
S,46832193,up2,13,0,1500,1520,8,-864,-17096,32,35,-34,0
S,46837193,up2,13,0,1500,1520,40,-992,-17224,34,36,-29,0
S,46842192,up2,13,0,1500,1520,88,-1016,-17104,40,34,-30,0
S,46847192,up2,13,0,1500,1520,96,-896,-17224,35,30,-33,0
S,46852193,up2,13,0,1500,1520,112,-992,-17240,40,26,-29,0
S,46857193,up2,13,0,1500,1520,104,-904,-17128,42,22,-23,0
S,46862192,up2,13,0,1500,1520,40,-920,-17104,41,16,-27,0
S,46867193,up2,13,0,1500,1520,64,-840,-17088,43,12,-30,0
S,46872192,up2,13,0,1500,1520,152,-960,-17224,40,11,-27,0
S,46877193,up2,13,0,1500,1520,176,-1008,-17192,36,14,-27,0
S,46882192,up2,13,0,1500,1520,144,-896,-17224,37,11,-29,0
S,46887192,up2,13,0,1500,1520,16,-1144,-17208,38,16,-29,0
S,46892193,up2,13,0,1500,1520,16,-1008,-17112,41,24,-33,0
S,46897193,up2,13,0,1500,1520,96,-832,-17120,36,20,-30,0
S,46902192,up2,13,0,1500,1520,64,-920,-17136,41,25,-33,0
S,46907193,up2,13,0,1500,1520,72,-976,-17160,32,32,-36,0
S,46912192,up2,13,0,1500,1520,96,-960,-17136,38,33,-33,0
S,46917193,up2,13,0,1500,1520,64,-1096,-17120,40,32,-32,0
S,46922192,up2,13,0,1500,1520,16,-944,-17048,37,30,-32,0
S,46927192,up2,13,0,1500,1520,32,-880,-17136,36,30,-25,0
S,46932193,up2,13,0,1500,1520,40,-1040,-17016,38,22,-32,0
S,46937192,up2,13,0,1500,1520,184,-904,-17024,35,21,-30,0
S,46942192,up2,13,0,1500,1520,112,-1088,-17056,40,16,-26,0
S,46947193,up2,13,0,1500,1520,-16,-928,-17104,36,18,-30,0
S,46952192,up2,13,0,1500,1520,96,-872,-17112,46,17,-28,0
S,46957192,up2,13,0,1500,1520,128,-992,-17152,39,15,-29,0
S,46962192,up2,13,0,1500,1520,-40,-1112,-17080,38,18,-29,0
S,46967193,up2,13,0,1500,1520,56,-896,-16992,42,22,-26,0
S,46972192,up2,13,0,1500,1520,72,-864,-17096,35,23,-33,0
S,46977192,up2,13,0,1500,1520,32,-912,-17120,36,24,-28,0
S,46982192,up2,13,0,1500,1520,0,-792,-17176,28,23,-38,0
S,46987193,up2,13,0,1500,1520,24,-1016,-17096,34,23,-35,0
S,46992193,up2,13,0,1500,1520,32,-856,-17224,35,24,-35,0
S,46997192,up2,13,0,1500,1520,88,-960,-17144,39,24,-35,0
S,47002192,up2,13,0,1500,1520,80,-1088,-17200,37,25,-26,0
S,47007192,up2,13,0,1500,1520,184,-1016,-17144,34,28,-30,0
S,47012192,up2,13,0,1500,1520,144,-976,-17008,42,14,-29,0
S,47017192,up2,13,0,1500,1520,176,-1016,-17136,43,26,-30,0
S,47022193,up2,13,0,1500,1520,0,-856,-17184,42,21,-35,0
S,47027192,up2,13,0,1500,1520,-16,-872,-17176,46,24,-33,0
S,47032192,up2,13,0,1500,1520,160,-1008,-17088,43,21,-32,0
S,47037192,up2,13,0,1500,1520,72,-936,-17048,41,25,-35,0
S,47042192,up2,13,0,1500,1520,64,-1000,-17040,44,18,-28,0
S,47047192,up2,13,0,1500,1520,160,-952,-17160,37,26,-26,0
S,47052193,up2,13,0,1500,1520,128,-920,-16952,38,31,-30,0
S,47057192,up2,13,0,1500,1520,96,-928,-17000,37,24,-31,0
S,47062192,up2,13,0,1500,1520,152,-888,-17120,40,33,-32,0
S,47067192,up2,13,0,1500,1520,48,-912,-17200,35,28,-29,0
S,47072192,up2,13,0,1500,1520,136,-1008,-17104,35,23,-28,0
S,47077192,up2,13,0,1500,1520,80,-896,-17104,39,22,-29,0
E,47077295,up2,14,0,1510,1520,,,,,,,0
S,47077927,up2,14,0,1510,1520,176,-944,-17056,39,22,-29,0
S,47082918,up2,14,0,1510,1520,136,-936,-16968,33,24,-31,0
S,47087916,up2,14,0,1510,1520,-24,-952,-17144,40,19,-27,0
S,47092916,up2,14,0,1510,1520,-928,-896,-17176,40,5,-45,0
S,47097916,up2,14,0,1510,1520,1416,-672,-17472,36,-38,-91,0
S,47102916,up2,14,0,1510,1520,1384,-424,-16584,37,-35,-37,0
S,47107916,up2,14,0,1510,1520,-3288,-3448,-17408,31,-135,-83,0
S,47112916,up2,14,0,1510,1520,-1648,512,-16216,41,-139,-16,0
S,47117916,up2,14,0,1510,1520,-1624,-960,-17616,39,-165,-16,0
S,47122916,up2,14,0,1510,1520,-2000,-1424,-16872,36,-226,-28,0
S,47127916,up2,14,0,1510,1520,-416,-304,-17064,43,-239,0,0
S,47132916,up2,14,0,1510,1520,1040,-1240,-17104,44,-237,30,0
S,47137916,up2,14,0,1510,1520,-608,-1112,-17784,41,-229,24,0
S,47142917,up2,14,0,1510,1520,144,-904,-16952,50,-219,13,0
S,47147916,up2,14,0,1510,1520,800,-1208,-17584,58,-172,57,0
S,47152916,up2,14,0,1510,1520,-552,-704,-17272,44,-145,1,0
S,47157916,up2,14,0,1510,1520,248,-1616,-16776,53,-105,-7,0
S,47162916,up2,14,0,1510,1520,-224,-1008,-16768,53,-56,-20,0
S,47167916,up2,14,0,1510,1520,-8,-1000,-16992,51,14,-31,0
S,47172916,up2,14,0,1510,1520,176,-1072,-17088,43,53,-26,0
S,47177916,up2,14,0,1510,1520,-272,-632,-17040,42,93,-32,0
S,47182916,up2,14,0,1510,1520,0,-920,-17144,33,129,-31,0
S,47187916,up2,14,0,1510,1520,96,-1128,-17032,36,136,-35,0
S,47192916,up2,14,0,1510,1520,-8,-576,-17088,19,151,-36,0
S,47197916,up2,14,0,1510,1520,-240,-1048,-17072,24,143,-32,0
S,47202916,up2,14,0,1510,1520,-112,-1072,-17232,25,126,-41,0
S,47207916,up2,14,0,1510,1520,0,-784,-16968,25,124,-35,0
S,47212916,up2,14,0,1510,1520,-352,-1216,-17160,43,102,-31,0
S,47217916,up2,14,0,1510,1520,88,-888,-16968,47,67,-41,0
S,47222916,up2,14,0,1510,1520,-264,-816,-17304,51,50,-27,0
S,47227916,up2,14,0,1510,1520,0,-984,-16976,48,31,-34,0
S,47232916,up2,14,0,1510,1520,8,-928,-16960,52,0,-35,0
S,47237916,up2,14,0,1510,1520,-56,-968,-17160,39,-12,-30,0
S,47242916,up2,14,0,1510,1520,112,-968,-17256,37,-28,-23,0
S,47247916,up2,14,0,1510,1520,-72,-1032,-17136,34,-26,-24,0
S,47252916,up2,14,0,1510,1520,-24,-968,-17048,34,-18,-29,0
S,47257916,up2,14,0,1510,1520,-72,-1104,-16984,41,-7,-22,0
S,47262916,up2,14,0,1510,1520,88,-920,-17112,46,11,-31,0
S,47267916,up2,14,0,1510,1520,-64,-976,-17072,44,20,-26,0
S,47272916,up2,14,0,1510,1520,176,-984,-17144,45,38,-31,0
S,47277916,up2,14,0,1510,1520,-176,-984,-17024,43,47,-30,0
S,47282916,up2,14,0,1510,1520,-168,-936,-16952,35,51,-34,0
S,47287916,up2,14,0,1510,1520,88,-752,-17088,34,54,-34,0
S,47292916,up2,14,0,1510,1520,-120,-800,-17128,27,50,-31,0
S,47297916,up2,14,0,1510,1520,-48,-880,-17032,24,41,-31,0
S,47302916,up2,14,0,1510,1520,-24,-992,-17312,27,27,-28,0
S,47307916,up2,14,0,1510,1520,-112,-968,-17176,31,19,-32,0
S,47312916,up2,14,0,1510,1520,32,-1008,-17280,33,9,-29,0
S,47317916,up2,14,0,1510,1520,-40,-944,-17128,46,8,-32,0
S,47322916,up2,14,0,1510,1520,-32,-992,-17088,50,2,-32,0
S,47327916,up2,14,0,1510,1520,-16,-1032,-17064,49,9,-26,0
S,47332916,up2,14,0,1510,1520,-56,-1040,-16976,50,8,-27,0
S,47337916,up2,14,0,1510,1520,8,-1024,-17096,48,20,-27,0
S,47342916,up2,14,0,1510,1520,64,-832,-17080,45,23,-24,0
S,47347916,up2,14,0,1510,1520,-168,-1112,-17136,36,29,-34,0
S,47352916,up2,14,0,1510,1520,-16,-1008,-17136,36,30,-35,0
S,47357916,up2,14,0,1510,1520,-96,-1048,-17080,26,34,-27,0
S,47362916,up2,14,0,1510,1520,-96,-1016,-17168,23,35,-33,0
S,47367916,up2,14,0,1510,1520,-24,-1024,-17048,31,28,-32,0
S,47372916,up2,14,0,1510,1520,72,-984,-17080,29,27,-31,0
S,47377916,up2,14,0,1510,1520,-128,-872,-17064,35,25,-28,0
S,47382916,up2,14,0,1510,1520,-16,-1112,-17040,34,24,-33,0
S,47387916,up2,14,0,1510,1520,64,-824,-17208,43,17,-32,0
S,47392916,up2,14,0,1510,1520,-96,-912,-16952,44,19,-28,0
S,47397916,up2,14,0,1510,1520,-16,-904,-17112,43,16,-28,0
S,47402916,up2,14,0,1510,1520,-40,-880,-17072,36,14,-30,0
S,47407916,up2,14,0,1510,1520,0,-952,-17016,41,18,-25,0
S,47412916,up2,14,0,1510,1520,-96,-1048,-17088,37,18,-23,0
S,47417916,up2,14,0,1510,1520,-144,-920,-17000,40,27,-24,0
S,47422916,up2,14,0,1510,1520,-112,-1048,-17024,35,25,-30,0
S,47427916,up2,14,0,1510,1520,-48,-984,-17208,33,31,-28,0
S,47432916,up2,14,0,1510,1520,-120,-896,-17184,36,34,-30,0
S,47437916,up2,14,0,1510,1520,-96,-1096,-16896,35,35,-32,0
S,47442916,up2,14,0,1510,1520,-112,-1032,-17176,38,29,-30,0
S,47447916,up2,14,0,1510,1520,-24,-920,-17040,35,30,-30,0
S,47452916,up2,14,0,1510,1520,-64,-1024,-17048,38,26,-32,0
S,47457916,up2,14,0,1510,1520,-112,-888,-17104,40,17,-23,0
S,47462916,up2,14,0,1510,1520,16,-832,-17112,40,21,-36,0
S,47467917,up2,14,0,1510,1520,0,-952,-17168,40,14,-26,0
S,47472916,up2,14,0,1510,1520,-72,-1008,-17168,36,12,-29,0
S,47477916,up2,14,0,1510,1520,-96,-1016,-17176,44,15,-28,0
S,47482916,up2,14,0,1510,1520,24,-840,-16952,37,22,-27,0
S,47487916,up2,14,0,1510,1520,-120,-928,-17152,38,19,-28,0
S,47492917,up2,14,0,1510,1520,40,-808,-17008,35,26,-28,0
S,47497916,up2,14,0,1510,1520,-48,-992,-17080,39,29,-35,0
S,47502916,up2,14,0,1510,1520,56,-1000,-16936,37,31,-29,0
S,47507916,up2,14,0,1510,1520,56,-1016,-17120,33,36,-28,0
S,47512916,up2,14,0,1510,1520,-104,-912,-17032,40,26,-34,0
S,47517916,up2,14,0,1510,1520,32,-944,-17160,32,26,-28,0
S,47522916,up2,14,0,1510,1520,-152,-864,-17112,35,21,-30,0
S,47527916,up2,14,0,1510,1520,-192,-944,-17128,35,19,-30,0
S,47532916,up2,14,0,1510,1520,8,-1040,-16968,38,23,-31,0
S,47537916,up2,14,0,1510,1520,-56,-912,-17120,42,18,-24,0
S,47542916,up2,14,0,1510,1520,-136,-1016,-17248,42,24,-28,0
S,47547916,up2,14,0,1510,1520,-8,-952,-17048,41,16,-30,0
S,47552916,up2,14,0,1510,1520,-104,-896,-17104,42,21,-26,0
S,47557916,up2,14,0,1510,1520,-112,-840,-17104,37,23,-27,0
S,47562916,up2,14,0,1510,1520,80,-928,-17168,37,28,-27,0
S,47567916,up2,14,0,1510,1520,-40,-952,-17056,34,29,-26,0
S,47572917,up2,14,0,1510,1520,24,-904,-17008,35,27,-30,0
S,47577916,up2,14,0,1510,1520,-184,-976,-17128,43,25,-33,0
E,47578020,up2,15,0,1520,1520,,,,,,,0
S,47578655,up2,15,0,1520,1520,-120,-968,-17024,38,26,-31,0
S,47583644,up2,15,0,1520,1520,-24,-1016,-17176,35,28,-35,0
S,47588642,up2,15,0,1520,1520,-1840,-1264,-17192,37,12,-25,0
S,47593642,up2,15,0,1520,1520,-1832,144,-17736,30,-63,-252,0
S,47598643,up2,15,0,1520,1520,2560,-256,-15424,50,-13,-62,0
S,47603642,up2,15,0,1520,1520,-1376,-1912,-18184,13,-89,18,0
S,47608642,up2,15,0,1520,1520,-4768,520,-17784,38,-121,-50,0
S,47613642,up2,15,0,1520,1520,560,-1520,-16864,34,-153,-38,0
S,47618642,up2,15,0,1520,1520,1088,-1512,-17304,27,-235,-39,0
S,47623642,up2,15,0,1520,1520,-768,-152,-16456,37,-273,-20,0
S,47628642,up2,15,0,1520,1520,352,-1432,-17320,27,-327,-12,0
S,47633642,up2,15,0,1520,1520,1168,-520,-17048,35,-353,18,0
S,47638642,up2,15,0,1520,1520,-1696,-1536,-17352,40,-358,13,0
S,47643643,up2,15,0,1520,1520,1232,-176,-17088,49,-344,48,0
S,47648643,up2,15,0,1520,1520,-784,-1400,-17408,40,-320,30,0
S,47653642,up2,15,0,1520,1520,-664,-624,-16840,49,-280,43,0
S,47658642,up2,15,0,1520,1520,-1360,-1720,-17720,54,-254,-10,0
S,47663642,up2,15,0,1520,1520,-136,-544,-16528,64,-191,-5,0
S,47668642,up2,15,0,1520,1520,576,-720,-17504,55,-118,-24,0
S,47673642,up2,15,0,1520,1520,-664,-1136,-16904,45,-45,-23,0
S,47678642,up2,15,0,1520,1520,-496,-328,-17064,51,4,-38,0
S,47683642,up2,15,0,1520,1520,392,-1480,-17168,43,74,-35,0
S,47688642,up2,15,0,1520,1520,-272,-1000,-17184,43,126,-39,0
S,47693642,up2,15,0,1520,1520,-152,-912,-17048,37,157,-36,0
S,47698642,up2,15,0,1520,1520,-304,-1136,-17088,27,187,-33,0
S,47703642,up2,15,0,1520,1520,-832,-1112,-16944,21,191,-42,0
S,47708642,up2,15,0,1520,1520,-456,-1008,-17328,24,179,-46,0
S,47713643,up2,15,0,1520,1520,120,-1000,-17216,23,162,-34,0
S,47718642,up2,15,0,1520,1520,-584,-976,-17136,27,149,-31,0
S,47723642,up2,15,0,1520,1520,-392,-1104,-17176,31,111,-35,0
S,47728642,up2,15,0,1520,1520,-232,-944,-17032,45,77,-31,0
S,47733643,up2,15,0,1520,1520,-416,-760,-17216,49,56,-26,0
S,47738643,up2,15,0,1520,1520,-424,-968,-16840,52,25,-27,0
S,47743642,up2,15,0,1520,1520,-344,-904,-17200,50,-6,-27,0
S,47748642,up2,15,0,1520,1520,-312,-816,-17240,47,-20,-27,0
S,47753642,up2,15,0,1520,1520,-384,-1056,-17064,47,-28,-29,0
S,47758642,up2,15,0,1520,1520,-240,-904,-17120,40,-35,-23,0
S,47763642,up2,15,0,1520,1520,-488,-1008,-17016,41,-30,-29,0
S,47768642,up2,15,0,1520,1520,-160,-968,-17136,44,-22,-28,0
S,47773642,up2,15,0,1520,1520,-176,-976,-17168,36,-7,-29,0
S,47778642,up2,15,0,1520,1520,-520,-1024,-16984,38,15,-26,0
S,47783643,up2,15,0,1520,1520,-72,-1024,-17104,37,24,-31,0
S,47788642,up2,15,0,1520,1520,-352,-1056,-17128,43,39,-30,0
S,47793642,up2,15,0,1520,1520,-440,-968,-17064,43,52,-30,0
S,47798642,up2,15,0,1520,1520,-296,-1048,-17208,36,56,-26,0
S,47803643,up2,15,0,1520,1520,-424,-904,-17208,37,53,-36,0
S,47808642,up2,15,0,1520,1520,-400,-888,-17040,30,54,-27,0
S,47813643,up2,15,0,1520,1520,-296,-920,-17064,28,45,-29,0
S,47818642,up2,15,0,1520,1520,-240,-904,-17072,30,38,-31,0
S,47823642,up2,15,0,1520,1520,-240,-936,-17208,33,29,-25,0
S,47828642,up2,15,0,1520,1520,-208,-1000,-17288,33,20,-33,0
S,47833642,up2,15,0,1520,1520,-328,-952,-16864,42,8,-22,0
S,47838642,up2,15,0,1520,1520,-192,-904,-17016,42,1,-29,0
S,47843642,up2,15,0,1520,1520,-464,-1000,-17128,47,4,-31,0
S,47848642,up2,15,0,1520,1520,-344,-968,-17112,47,7,-28,0
S,47853642,up2,15,0,1520,1520,-336,-840,-17168,47,8,-27,0
S,47858642,up2,15,0,1520,1520,-280,-1128,-17088,42,12,-33,0
S,47863642,up2,15,0,1520,1520,-368,-904,-17128,34,19,-29,0
S,47868642,up2,15,0,1520,1520,-216,-944,-17000,32,29,-26,0
S,47873643,up2,15,0,1520,1520,-240,-856,-17208,28,33,-32,0
S,47878642,up2,15,0,1520,1520,-424,-1040,-16952,33,38,-25,0
S,47883642,up2,15,0,1520,1520,-368,-1024,-17112,36,36,-25,0
S,47888642,up2,15,0,1520,1520,-352,-992,-17192,32,35,-31,0
S,47893642,up2,15,0,1520,1520,-408,-928,-17000,37,31,-38,0
S,47898642,up2,15,0,1520,1520,-280,-1032,-17024,43,30,-29,0
S,47903642,up2,15,0,1520,1520,-464,-848,-17080,42,29,-30,0
S,47908642,up2,15,0,1520,1520,-352,-976,-17048,37,20,-27,0
S,47913642,up2,15,0,1520,1520,-376,-1032,-17168,41,16,-29,0
S,47918642,up2,15,0,1520,1520,-392,-1024,-17032,38,16,-30,0
S,47923643,up2,15,0,1520,1520,-384,-944,-17176,38,9,-30,0
S,47928642,up2,15,0,1520,1520,-336,-840,-17016,37,13,-27,0
S,47933642,up2,15,0,1520,1520,-488,-1072,-17096,34,15,-27,0
S,47938642,up2,15,0,1520,1520,-208,-960,-17000,33,18,-37,0
S,47943642,up2,15,0,1520,1520,-352,-984,-17112,36,24,-26,0
S,47948642,up2,15,0,1520,1520,-408,-864,-17136,39,26,-25,0
S,47953642,up2,15,0,1520,1520,-328,-840,-17128,40,30,-30,0
S,47958642,up2,15,0,1520,1520,-392,-912,-17088,41,31,-25,0
S,47963643,up2,15,0,1520,1520,-344,-960,-17152,38,32,-36,0
S,47968642,up2,15,0,1520,1520,-312,-864,-17168,40,29,-29,0
S,47973643,up2,15,0,1520,1520,-320,-896,-17160,38,25,-27,0
S,47978642,up2,15,0,1520,1520,-192,-928,-17168,38,28,-31,0
S,47983642,up2,15,0,1520,1520,-344,-952,-17160,34,21,-32,0
S,47988642,up2,15,0,1520,1520,-224,-1000,-17080,38,18,-31,0
S,47993642,up2,15,0,1520,1520,-224,-1128,-17080,41,19,-32,0
S,47998642,up2,15,0,1520,1520,-360,-1080,-17184,42,10,-24,0
S,48003642,up2,15,0,1520,1520,-304,-984,-17056,40,21,-26,0
S,48008642,up2,15,0,1520,1520,-304,-992,-17152,40,21,-23,0
S,48013642,up2,15,0,1520,1520,-376,-936,-17168,44,24,-33,0
S,48018642,up2,15,0,1520,1520,-344,-1016,-17048,44,22,-33,0
S,48023642,up2,15,0,1520,1520,-328,-1024,-17104,43,27,-32,0
S,48028642,up2,15,0,1520,1520,-352,-856,-17104,36,25,-32,0
S,48033643,up2,15,0,1520,1520,-328,-872,-17056,35,24,-29,0
S,48038642,up2,15,0,1520,1520,-384,-824,-16992,38,26,-28,0
S,48043642,up2,15,0,1520,1520,-296,-1032,-17112,35,31,-23,0
S,48048642,up2,15,0,1520,1520,-336,-928,-17160,38,23,-32,0
S,48053642,up2,15,0,1520,1520,-400,-952,-17096,36,23,-28,0
S,48058642,up2,15,0,1520,1520,-328,-976,-17160,38,23,-28,0
S,48063643,up2,15,0,1520,1520,-296,-920,-17168,41,23,-30,0
S,48068642,up2,15,0,1520,1520,-456,-1016,-17056,37,26,-33,0
S,48073643,up2,15,0,1520,1520,-368,-1016,-17128,37,20,-32,0
S,48078642,up2,15,0,1520,1520,-440,-864,-17072,34,23,-28,0
E,48078746,up2,16,0,1530,1520,,,,,,,0
S,48079378,up2,16,0,1530,1520,-320,-952,-17176,35,16,-29,0
S,48084368,up2,16,0,1530,1520,-368,-888,-17016,36,17,-33,0
S,48089367,up2,16,0,1530,1520,-568,-1136,-17120,42,19,-31,0
S,48094367,up2,16,0,1530,1520,-2952,-968,-17176,38,11,-40,0
S,48099367,up2,16,0,1530,1520,-1976,-1320,-17344,35,22,-7,0
S,48104367,up2,16,0,1530,1520,-1256,-1032,-16992,29,-1,-46,0
S,48109367,up2,16,0,1530,1520,816,-1360,-17528,25,-40,-86,0
S,48114367,up2,16,0,1530,1520,-808,-600,-16456,32,-20,-42,0
S,48119367,up2,16,0,1530,1520,1200,-1168,-17312,25,-48,-20,0
S,48124367,up2,16,0,1530,1520,-1216,-880,-17000,32,-47,-27,0
S,48129367,up2,16,0,1530,1520,-232,-1176,-17280,32,-66,-34,0
S,48134367,up2,16,0,1530,1520,-144,-368,-17072,33,-88,-40,0
S,48139367,up2,16,0,1530,1520,-1592,-1304,-17152,31,-90,-27,0
S,48144367,up2,16,0,1530,1520,-2088,-1464,-17360,34,-136,-42,0
S,48149367,up2,16,0,1530,1520,776,-920,-16576,47,-140,-18,0
S,48154367,up2,16,0,1530,1520,-240,-1184,-17816,29,-128,-16,0
S,48159367,up2,16,0,1530,1520,-488,-872,-16768,40,-129,-15,0
S,48164367,up2,16,0,1530,1520,-576,-1176,-17056,45,-117,-12,0
S,48169367,up2,16,0,1530,1520,-80,-888,-16992,46,-102,-16,0
S,48174367,up2,16,0,1530,1520,-440,-880,-17288,54,-64,-15,0
S,48179367,up2,16,0,1530,1520,-464,-968,-16864,53,-40,-20,0
S,48184367,up2,16,0,1530,1520,-256,-1016,-17272,57,0,-28,0
S,48189367,up2,16,0,1530,1520,-576,-1008,-16936,52,31,-23,0
S,48194367,up2,16,0,1530,1520,-560,-1008,-17184,49,60,-32,0
S,48199367,up2,16,0,1530,1520,-456,-992,-17128,41,85,-24,0
S,48204367,up2,16,0,1530,1520,-464,-944,-17200,36,90,-36,0
S,48209367,up2,16,0,1530,1520,-456,-896,-17136,24,85,-39,0
S,48214367,up2,16,0,1530,1520,-464,-912,-17080,20,67,-35,0
S,48219367,up2,16,0,1530,1520,-456,-952,-17192,17,61,-34,0
S,48224367,up2,16,0,1530,1520,-480,-976,-17024,16,28,-31,0
S,48229367,up2,16,0,1530,1520,-360,-880,-17160,22,7,-32,0
S,48234367,up2,16,0,1530,1520,-456,-952,-17008,36,-7,-30,0
S,48239367,up2,16,0,1530,1520,-416,-960,-17224,42,-17,-27,0
S,48244367,up2,16,0,1530,1520,-376,-1024,-17136,56,-18,-23,0
S,48249367,up2,16,0,1530,1520,-496,-1048,-17176,58,-23,-26,0
S,48254367,up2,16,0,1530,1520,-288,-952,-17192,63,-5,-23,0
S,48259367,up2,16,0,1530,1520,-312,-992,-17008,60,9,-28,0
S,48264367,up2,16,0,1530,1520,-344,-896,-17136,58,23,-26,0
S,48269367,up2,16,0,1530,1520,-480,-944,-17056,53,31,-29,0
S,48274367,up2,16,0,1530,1520,-464,-992,-17080,41,39,-33,0
S,48279367,up2,16,0,1530,1520,-408,-1008,-16928,29,46,-33,0
S,48284367,up2,16,0,1530,1520,-472,-840,-17192,22,45,-33,0
S,48289367,up2,16,0,1530,1520,-480,-832,-17056,20,43,-29,0
S,48294367,up2,16,0,1530,1520,-424,-1032,-17112,19,36,-32,0
S,48299367,up2,16,0,1530,1520,-344,-936,-17072,18,26,-32,0
S,48304367,up2,16,0,1530,1520,-512,-1024,-16952,27,25,-23,0
S,48309367,up2,16,0,1530,1520,-328,-984,-17048,32,13,-32,0
S,48314367,up2,16,0,1530,1520,-352,-936,-17088,40,9,-30,0
S,48319367,up2,16,0,1530,1520,-464,-1016,-17144,50,5,-34,0
S,48324367,up2,16,0,1530,1520,-432,-992,-17016,59,0,-25,0
S,48329367,up2,16,0,1530,1520,-480,-952,-17032,54,10,-31,0
S,48334367,up2,16,0,1530,1520,-568,-912,-17184,56,11,-32,0
S,48339367,up2,16,0,1530,1520,-392,-904,-16992,55,24,-26,0
S,48344367,up2,16,0,1530,1520,-496,-1128,-17080,39,24,-32,0
S,48349367,up2,16,0,1530,1520,-336,-912,-17000,38,27,-27,0
S,48354367,up2,16,0,1530,1520,-536,-1000,-17288,30,29,-24,0
S,48359367,up2,16,0,1530,1520,-360,-960,-16968,22,37,-30,0
S,48364367,up2,16,0,1530,1520,-424,-968,-17136,24,34,-26,0
S,48369367,up2,16,0,1530,1520,-480,-1096,-17160,26,34,-26,0
S,48374367,up2,16,0,1530,1520,-344,-976,-17080,31,28,-36,0
S,48379367,up2,16,0,1530,1520,-584,-984,-17184,30,29,-26,0
S,48384367,up2,16,0,1530,1520,-512,-1032,-16912,42,19,-32,0
S,48389367,up2,16,0,1530,1520,-352,-1088,-17008,39,16,-32,0
S,48394367,up2,16,0,1530,1520,-392,-896,-17096,47,16,-32,0
S,48399367,up2,16,0,1530,1520,-528,-976,-17096,52,13,-30,0
S,48404367,up2,16,0,1530,1520,-536,-960,-17216,52,15,-30,0
S,48409367,up2,16,0,1530,1520,-448,-992,-17128,45,14,-26,0
S,48414367,up2,16,0,1530,1520,-376,-1040,-17088,42,19,-30,0
S,48419367,up2,16,0,1530,1520,-448,-864,-16984,35,16,-33,0
S,48424367,up2,16,0,1530,1520,-512,-1024,-17072,38,27,-27,0
S,48429367,up2,16,0,1530,1520,-368,-968,-16968,32,31,-28,0
S,48434367,up2,16,0,1530,1520,-384,-800,-17120,29,31,-32,0
S,48439367,up2,16,0,1530,1520,-480,-952,-17256,32,30,-26,0
S,48444367,up2,16,0,1530,1520,-392,-1000,-17144,34,31,-32,0
S,48449367,up2,16,0,1530,1520,-472,-968,-17048,30,28,-31,0
S,48454367,up2,16,0,1530,1520,-464,-936,-17160,40,25,-28,0
S,48459367,up2,16,0,1530,1520,-416,-1048,-17064,42,25,-29,0
S,48464367,up2,16,0,1530,1520,-344,-1008,-17160,44,21,-32,0
S,48469367,up2,16,0,1530,1520,-328,-864,-17112,43,20,-33,0
S,48474367,up2,16,0,1530,1520,-416,-1048,-17256,40,14,-33,0
S,48479367,up2,16,0,1530,1520,-544,-856,-17048,42,15,-32,0
S,48484367,up2,16,0,1530,1520,-464,-920,-17104,39,17,-34,0
S,48489367,up2,16,0,1530,1520,-416,-1000,-17032,41,23,-30,0
S,48494367,up2,16,0,1530,1520,-424,-992,-17120,41,24,-32,0
S,48499367,up2,16,0,1530,1520,-512,-976,-17088,36,25,-32,0
S,48504367,up2,16,0,1530,1520,-432,-968,-16968,37,26,-31,0
S,48509367,up2,16,0,1530,1520,-424,-1032,-17048,32,29,-31,0
S,48514367,up2,16,0,1530,1520,-360,-848,-17088,42,23,-29,0
S,48519367,up2,16,0,1530,1520,-448,-984,-17184,34,22,-27,0
S,48524367,up2,16,0,1530,1520,-424,-960,-17288,38,26,-23,0
S,48529367,up2,16,0,1530,1520,-432,-864,-17040,36,19,-32,0
S,48534367,up2,16,0,1530,1520,-608,-1104,-17072,37,13,-28,0
S,48539367,up2,16,0,1530,1520,-448,-856,-16928,31,22,-26,0
S,48544367,up2,16,0,1530,1520,-376,-952,-17064,39,16,-31,0
S,48549367,up2,16,0,1530,1520,-304,-928,-17088,42,18,-33,0
S,48554367,up2,16,0,1530,1520,-376,-872,-17136,45,20,-26,0
S,48559367,up2,16,0,1530,1520,-504,-1112,-17064,42,28,-24,0
S,48564367,up2,16,0,1530,1520,-512,-824,-17120,38,21,-33,0
S,48569367,up2,16,0,1530,1520,-432,-1008,-17136,44,23,-33,0
S,48574367,up2,16,0,1530,1520,-328,-840,-17024,40,25,-32,0
S,48579367,up2,16,0,1530,1520,-616,-1104,-17072,34,28,-29,0
E,48579470,up2,17,0,1540,1520,,,,,,,0
S,48580106,up2,17,0,1540,1520,-504,-952,-17200,36,29,-30,0
S,48585095,up2,17,0,1540,1520,-448,-960,-17152,34,25,-29,0
S,48590093,up2,17,0,1540,1520,-904,-936,-16952,40,21,-24,0
S,48595093,up2,17,0,1540,1520,-2632,-1280,-17280,40,-39,-119,0
S,48600094,up2,17,0,1540,1520,144,-2000,-16512,31,-50,-36,0
S,48605093,up2,17,0,1540,1520,-2784,-2672,-17480,22,-121,-125,0
S,48610093,up2,17,0,1540,1520,2184,3320,-16648,48,-109,-57,0
S,48615094,up2,17,0,1540,1520,-88,-2728,-17704,27,-204,-43,0
S,48620094,up2,17,0,1540,1520,-1840,-440,-16536,27,-237,-24,0
S,48625093,up2,17,0,1540,1520,-848,-720,-17664,28,-276,-7,0
S,48630094,up2,17,0,1540,1520,-416,-2080,-16704,31,-319,-2,0
S,48635093,up2,17,0,1540,1520,-664,-976,-17152,27,-308,14,0
S,48640094,up2,17,0,1540,1520,-120,-968,-17144,33,-301,21,0
S,48645094,up2,17,0,1540,1520,-832,-1096,-17480,46,-281,15,0
S,48650093,up2,17,0,1540,1520,-312,-792,-16688,48,-236,37,0
S,48655094,up2,17,0,1540,1520,-1256,-664,-17624,56,-192,14,0
S,48660094,up2,17,0,1540,1520,-184,-1352,-16496,48,-132,-11,0
S,48665094,up2,17,0,1540,1520,-1296,-944,-17304,53,-85,-19,0
S,48670094,up2,17,0,1540,1520,0,-952,-16784,54,-14,-29,0
S,48675093,up2,17,0,1540,1520,-528,-1064,-17304,42,53,-33,0
S,48680094,up2,17,0,1540,1520,-1224,-888,-16928,47,100,-27,0
S,48685094,up2,17,0,1540,1520,-776,-1384,-17024,40,136,-34,0
S,48690094,up2,17,0,1540,1520,-544,-648,-17032,36,164,-31,0
S,48695094,up2,17,0,1540,1520,-648,-960,-16968,29,167,-41,0
S,48700094,up2,17,0,1540,1520,-448,-936,-17264,23,164,-35,0
S,48705093,up2,17,0,1540,1520,-840,-944,-17056,21,156,-32,0
S,48710094,up2,17,0,1540,1520,-592,-880,-17288,33,131,-37,0
S,48715094,up2,17,0,1540,1520,-728,-904,-17040,37,106,-35,0
S,48720094,up2,17,0,1540,1520,-960,-944,-17232,38,80,-35,0
S,48725094,up2,17,0,1540,1520,-760,-952,-17032,49,53,-35,0
S,48730094,up2,17,0,1540,1520,-632,-1096,-17176,58,32,-31,0
S,48735094,up2,17,0,1540,1520,-624,-880,-17072,54,3,-28,0
S,48740094,up2,17,0,1540,1520,-664,-944,-17032,51,-10,-28,0
S,48745094,up2,17,0,1540,1520,-696,-1080,-17104,48,-26,-27,0
S,48750093,up2,17,0,1540,1520,-656,-992,-17032,41,-29,-27,0
S,48755094,up2,17,0,1540,1520,-704,-944,-17184,39,-26,-27,0
S,48760093,up2,17,0,1540,1520,-688,-928,-17040,41,-18,-29,0
S,48765094,up2,17,0,1540,1520,-576,-968,-17152,37,-3,-26,0
S,48770094,up2,17,0,1540,1520,-520,-1032,-17224,38,16,-20,0
S,48775094,up2,17,0,1540,1520,-696,-976,-17048,39,33,-29,0
S,48780094,up2,17,0,1540,1520,-624,-888,-17200,32,43,-26,0
S,48785094,up2,17,0,1540,1520,-576,-984,-17152,35,55,-34,0
S,48790093,up2,17,0,1540,1520,-664,-936,-17072,35,62,-33,0
S,48795094,up2,17,0,1540,1520,-592,-960,-17240,35,50,-32,0
S,48800094,up2,17,0,1540,1520,-720,-840,-17072,37,58,-27,0
S,48805093,up2,17,0,1540,1520,-728,-1008,-17176,39,37,-32,0
S,48810094,up2,17,0,1540,1520,-680,-912,-17184,31,33,-30,0
S,48815093,up2,17,0,1540,1520,-840,-1000,-17048,36,20,-26,0
S,48820093,up2,17,0,1540,1520,-560,-1024,-17064,37,9,-28,0
S,48825094,up2,17,0,1540,1520,-704,-936,-17120,46,2,-31,0
S,48830094,up2,17,0,1540,1520,-648,-1088,-17056,41,1,-31,0
S,48835094,up2,17,0,1540,1520,-544,-952,-17144,45,-1,-31,0
S,48840094,up2,17,0,1540,1520,-776,-1000,-17120,48,5,-26,0
S,48845094,up2,17,0,1540,1520,-592,-944,-17144,47,10,-29,0
S,48850093,up2,17,0,1540,1520,-664,-1000,-17192,43,23,-29,0
S,48855093,up2,17,0,1540,1520,-800,-976,-17072,40,26,-31,0
S,48860094,up2,17,0,1540,1520,-656,-848,-17128,38,33,-29,0
S,48865094,up2,17,0,1540,1520,-632,-960,-17168,37,37,-30,0
S,48870094,up2,17,0,1540,1520,-640,-768,-17040,29,33,-34,0
S,48875094,up2,17,0,1540,1520,-544,-968,-17032,33,36,-29,0
S,48880094,up2,17,0,1540,1520,-720,-808,-17232,32,34,-34,0
S,48885094,up2,17,0,1540,1520,-648,-960,-17160,32,27,-28,0
S,48890094,up2,17,0,1540,1520,-800,-904,-17160,35,26,-36,0
S,48895094,up2,17,0,1540,1520,-616,-1000,-17056,44,21,-37,0
S,48900094,up2,17,0,1540,1520,-680,-976,-17040,43,13,-25,0
S,48905094,up2,17,0,1540,1520,-560,-984,-17056,41,20,-33,0
S,48910093,up2,17,0,1540,1520,-712,-904,-16960,47,19,-34,0
S,48915094,up2,17,0,1540,1520,-728,-992,-17208,44,13,-30,0
S,48920094,up2,17,0,1540,1520,-520,-920,-16976,42,15,-31,0
S,48925093,up2,17,0,1540,1520,-664,-920,-17128,46,24,-28,0
S,48930094,up2,17,0,1540,1520,-856,-968,-17064,44,23,-26,0
S,48935094,up2,17,0,1540,1520,-656,-984,-17120,39,30,-28,0
S,48940094,up2,17,0,1540,1520,-704,-912,-17032,35,29,-35,0
S,48945093,up2,17,0,1540,1520,-640,-1000,-17064,33,28,-30,0
S,48950094,up2,17,0,1540,1520,-664,-1016,-17120,33,32,-34,0
S,48955094,up2,17,0,1540,1520,-624,-928,-17160,35,31,-28,0
S,48960094,up2,17,0,1540,1520,-608,-1000,-17016,34,24,-26,0
S,48965094,up2,17,0,1540,1520,-512,-1016,-17032,43,28,-36,0
S,48970094,up2,17,0,1540,1520,-744,-1032,-17088,33,23,-22,0
S,48975093,up2,17,0,1540,1520,-624,-992,-17168,43,21,-30,0
S,48980094,up2,17,0,1540,1520,-712,-1000,-17096,42,18,-32,0
S,48985093,up2,17,0,1540,1520,-696,-968,-17168,45,11,-32,0
S,48990094,up2,17,0,1540,1520,-552,-984,-17136,40,16,-38,0
S,48995093,up2,17,0,1540,1520,-696,-792,-17136,45,14,-27,0
S,49000094,up2,17,0,1540,1520,-592,-912,-17088,39,19,-29,0
S,49005093,up2,17,0,1540,1520,-688,-960,-17056,41,21,-33,0
S,49010094,up2,17,0,1540,1520,-744,-1096,-17104,39,20,-22,0
S,49015094,up2,17,0,1540,1520,-632,-920,-17072,42,31,-27,0
S,49020093,up2,17,0,1540,1520,-640,-1016,-17168,41,27,-34,0
S,49025094,up2,17,0,1540,1520,-768,-920,-16984,37,28,-33,0
S,49030094,up2,17,0,1540,1520,-552,-1056,-17048,31,34,-26,0
S,49035094,up2,17,0,1540,1520,-680,-976,-17016,44,32,-30,0
S,49040094,up2,17,0,1540,1520,-704,-976,-17160,36,21,-24,0
S,49045094,up2,17,0,1540,1520,-736,-1000,-17264,38,24,-31,0
S,49050094,up2,17,0,1540,1520,-664,-912,-17176,40,23,-32,0
S,49055094,up2,17,0,1540,1520,-624,-1016,-17128,43,19,-25,0
S,49060094,up2,17,0,1540,1520,-624,-960,-17160,38,16,-27,0
S,49065094,up2,17,0,1540,1520,-680,-920,-17064,42,16,-29,0
S,49070094,up2,17,0,1540,1520,-720,-1032,-17200,41,15,-31,0
S,49075094,up2,17,0,1540,1520,-784,-872,-17104,39,21,-26,0
S,49080094,up2,17,0,1540,1520,-512,-984,-16992,35,21,-36,0
E,49080202,up2,18,0,1550,1520,,,,,,,0
S,49080834,up2,18,0,1550,1520,-584,-960,-17136,43,19,-32,0
S,49085824,up2,18,0,1550,1520,-688,-1032,-17208,36,22,-31,0
S,49090824,up2,18,0,1550,1520,-1528,-1440,-16968,36,18,-37,0
S,49095823,up2,18,0,1550,1520,-3768,-424,-16960,41,-13,-63,0
S,49100823,up2,18,0,1550,1520,3288,-1136,-17568,27,-43,-89,0
S,49105823,up2,18,0,1550,1520,-456,128,-17120,27,-28,-28,0
S,49110823,up2,18,0,1550,1520,-1472,-1624,-17576,16,-56,-42,0
S,49115823,up2,18,0,1550,1520,-1552,-472,-17216,21,-87,-52,0
S,49120823,up2,18,0,1550,1520,-800,-736,-16928,20,-103,-19,0
S,49125823,up2,18,0,1550,1520,-96,-736,-17088,24,-152,-23,0
S,49130823,up2,18,0,1550,1520,-672,-544,-16920,25,-138,-7,0
S,49135823,up2,18,0,1550,1520,-120,-1120,-17112,26,-159,-14,0
S,49140823,up2,18,0,1550,1520,-928,-760,-17040,30,-147,-5,0
S,49145823,up2,18,0,1550,1520,-744,-1112,-17224,42,-131,-17,0
S,49150823,up2,18,0,1550,1520,-512,-1040,-17144,51,-109,-11,0
S,49155823,up2,18,0,1550,1520,-824,-1000,-17096,55,-68,-14,0
S,49160823,up2,18,0,1550,1520,-608,-1016,-17280,57,-33,-12,0
S,49165823,up2,18,0,1550,1520,-728,-816,-17016,52,4,-12,0
S,49170823,up2,18,0,1550,1520,-1064,-1216,-16992,51,41,-31,0
S,49175823,up2,18,0,1550,1520,-752,-880,-17056,50,66,-27,0
S,49180823,up2,18,0,1550,1520,-864,-928,-17152,43,90,-29,0
S,49185823,up2,18,0,1550,1520,-768,-920,-17224,32,98,-34,0
S,49190823,up2,18,0,1550,1520,-800,-888,-17176,24,92,-37,0
S,49195823,up2,18,0,1550,1520,-736,-920,-17128,21,79,-42,0
S,49200823,up2,18,0,1550,1520,-912,-1072,-17032,15,63,-36,0
S,49205823,up2,18,0,1550,1520,-736,-1032,-17160,19,44,-34,0
S,49210823,up2,18,0,1550,1520,-832,-992,-17024,23,19,-27,0
S,49215823,up2,18,0,1550,1520,-936,-1096,-17152,34,-3,-27,0
S,49220823,up2,18,0,1550,1520,-584,-880,-17104,42,-14,-34,0
S,49225823,up2,18,0,1550,1520,-936,-1184,-17296,47,-24,-24,0
S,49230823,up2,18,0,1550,1520,-640,-1064,-17136,60,-22,-25,0
S,49235823,up2,18,0,1550,1520,-736,-1032,-17208,68,-11,-30,0
S,49240823,up2,18,0,1550,1520,-912,-1016,-17072,63,-4,-25,0
S,49245823,up2,18,0,1550,1520,-744,-1080,-17088,60,16,-26,0
S,49250823,up2,18,0,1550,1520,-800,-864,-17200,49,32,-27,0
S,49255823,up2,18,0,1550,1520,-880,-928,-16992,48,38,-24,0
S,49260824,up2,18,0,1550,1520,-712,-1136,-17064,33,45,-27,0
S,49265823,up2,18,0,1550,1520,-880,-864,-17056,31,50,-31,0
S,49270823,up2,18,0,1550,1520,-896,-960,-16960,16,52,-33,0
S,49275823,up2,18,0,1550,1520,-768,-840,-17184,15,45,-33,0
S,49280823,up2,18,0,1550,1520,-808,-976,-17072,15,33,-27,0
S,49285823,up2,18,0,1550,1520,-760,-992,-17120,24,23,-28,0
S,49290823,up2,18,0,1550,1520,-784,-872,-17168,30,9,-32,0
S,49295823,up2,18,0,1550,1520,-904,-1144,-17088,36,13,-29,0
S,49300824,up2,18,0,1550,1520,-696,-864,-17072,49,8,-35,0
S,49305823,up2,18,0,1550,1520,-712,-920,-17016,53,4,-29,0
S,49310823,up2,18,0,1550,1520,-784,-1040,-17088,58,5,-29,0
S,49315824,up2,18,0,1550,1520,-768,-1016,-17192,58,9,-30,0
S,49320823,up2,18,0,1550,1520,-760,-904,-17048,53,14,-24,0
S,49325823,up2,18,0,1550,1520,-880,-888,-17104,47,29,-30,0
S,49330823,up2,18,0,1550,1520,-776,-944,-17264,43,32,-25,0
S,49335823,up2,18,0,1550,1520,-760,-904,-17080,30,34,-32,0
S,49340823,up2,18,0,1550,1520,-920,-904,-17096,29,31,-32,0
S,49345823,up2,18,0,1550,1520,-792,-720,-17080,19,33,-28,0
S,49350823,up2,18,0,1550,1520,-928,-960,-17016,19,31,-31,0
S,49355823,up2,18,0,1550,1520,-712,-832,-17016,22,31,-39,0
S,49360823,up2,18,0,1550,1520,-616,-936,-17136,25,28,-31,0
S,49365823,up2,18,0,1550,1520,-888,-952,-17168,31,23,-30,0
S,49370823,up2,18,0,1550,1520,-784,-872,-17248,40,20,-35,0
S,49375823,up2,18,0,1550,1520,-888,-960,-17072,46,14,-26,0
S,49380823,up2,18,0,1550,1520,-872,-1008,-16976,45,18,-36,0
S,49385823,up2,18,0,1550,1520,-792,-1056,-17184,46,20,-27,0
S,49390823,up2,18,0,1550,1520,-776,-912,-17088,43,12,-30,0
S,49395823,up2,18,0,1550,1520,-824,-1000,-17080,49,14,-28,0
S,49400823,up2,18,0,1550,1520,-664,-896,-17104,45,18,-26,0
S,49405823,up2,18,0,1550,1520,-760,-832,-16984,36,26,-31,0
S,49410823,up2,18,0,1550,1520,-808,-1056,-16968,35,26,-26,0
S,49415823,up2,18,0,1550,1520,-736,-864,-17136,29,23,-28,0
S,49420824,up2,18,0,1550,1520,-760,-920,-17120,27,25,-32,0
S,49425823,up2,18,0,1550,1520,-816,-984,-17176,33,29,-33,0
S,49430823,up2,18,0,1550,1520,-688,-912,-17040,33,34,-32,0
S,49435823,up2,18,0,1550,1520,-888,-1032,-17072,42,34,-27,0
S,49440823,up2,18,0,1550,1520,-736,-912,-17040,43,24,-34,0
S,49445823,up2,18,0,1550,1520,-800,-1056,-17176,42,23,-29,0
S,49450823,up2,18,0,1550,1520,-704,-888,-17168,45,20,-33,0
S,49455824,up2,18,0,1550,1520,-808,-960,-17072,42,19,-30,0
S,49460823,up2,18,0,1550,1520,-784,-976,-17160,43,22,-33,0
S,49465823,up2,18,0,1550,1520,-824,-816,-17016,40,23,-26,0
S,49470823,up2,18,0,1550,1520,-760,-944,-17016,36,17,-28,0
S,49475823,up2,18,0,1550,1520,-848,-1040,-17120,41,19,-26,0
S,49480823,up2,18,0,1550,1520,-744,-984,-17144,34,22,-30,0
S,49485823,up2,18,0,1550,1520,-776,-936,-17136,36,20,-27,0
S,49490823,up2,18,0,1550,1520,-776,-1040,-17096,32,28,-31,0
S,49495823,up2,18,0,1550,1520,-768,-992,-17024,38,33,-27,0
S,49500823,up2,18,0,1550,1520,-744,-976,-17208,36,25,-34,0
S,49505823,up2,18,0,1550,1520,-840,-872,-17184,41,25,-30,0
S,49510823,up2,18,0,1550,1520,-584,-1000,-17168,45,28,-28,0
S,49515823,up2,18,0,1550,1520,-792,-1080,-17096,39,31,-30,0
S,49520823,up2,18,0,1550,1520,-680,-1008,-17168,39,20,-23,0
S,49525823,up2,18,0,1550,1520,-760,-1040,-17120,44,17,-27,0
S,49530823,up2,18,0,1550,1520,-768,-864,-17096,45,21,-34,0
S,49535823,up2,18,0,1550,1520,-776,-1056,-17056,46,18,-26,0
S,49540823,up2,18,0,1550,1520,-800,-928,-17152,39,22,-27,0
S,49545823,up2,18,0,1550,1520,-824,-960,-17056,44,22,-29,0
S,49550823,up2,18,0,1550,1520,-656,-984,-17160,39,26,-28,0
S,49555823,up2,18,0,1550,1520,-776,-944,-17192,39,27,-27,0
S,49560824,up2,18,0,1550,1520,-696,-960,-17104,34,21,-31,0
S,49565823,up2,18,0,1550,1520,-664,-992,-17088,34,26,-32,0
S,49570823,up2,18,0,1550,1520,-952,-1048,-17000,39,31,-32,0
S,49575823,up2,18,0,1550,1520,-736,-1032,-17040,40,31,-33,0
S,49580823,up2,18,0,1550,1520,-928,-1032,-16904,37,26,-30,0
E,49580927,up2,19,0,1560,1520,,,,,,,0
S,49581563,up2,19,0,1560,1520,-824,-928,-16872,40,27,-25,0
S,49586554,up2,19,0,1560,1520,-672,-896,-17088,42,27,-28,0
S,49591553,up2,19,0,1560,1520,-1752,-880,-17152,36,16,-32,0
S,49596553,up2,19,0,1560,1520,-720,-480,-17496,38,-35,-109,0
S,49601553,up2,19,0,1560,1520,440,-1184,-16480,35,-14,-33,0
S,49606552,up2,19,0,1560,1520,-568,-1752,-17168,21,-55,-27,0
S,49611552,up2,19,0,1560,1520,-1760,-752,-17144,31,-67,-42,0
S,49616552,up2,19,0,1560,1520,-1616,-1312,-16896,30,-129,-89,0
S,49621552,up2,19,0,1560,1520,240,-512,-16728,29,-123,-11,0
S,49626552,up2,19,0,1560,1520,-2184,-1744,-17272,31,-156,-20,0
S,49631552,up2,19,0,1560,1520,-2160,-1176,-16424,42,-172,-27,0
S,49636553,up2,19,0,1560,1520,-208,-704,-17432,46,-193,-24,0
S,49641552,up2,19,0,1560,1520,-1184,-552,-16968,53,-220,-15,0
S,49646553,up2,19,0,1560,1520,-808,-1328,-17160,44,-222,-17,0
S,49651552,up2,19,0,1560,1520,-688,-888,-17168,39,-201,-1,0
S,49656553,up2,19,0,1560,1520,-1024,-880,-17200,42,-179,0,0
S,49661552,up2,19,0,1560,1520,-768,-1248,-16912,43,-144,-4,0
S,49666553,up2,19,0,1560,1520,-696,-896,-17088,46,-96,2,0
S,49671552,up2,19,0,1560,1520,-1160,-784,-17184,39,-63,-19,0
S,49676552,up2,19,0,1560,1520,-784,-976,-17056,41,-11,-29,0
S,49681553,up2,19,0,1560,1520,-912,-1064,-17192,35,37,-29,0
S,49686553,up2,19,0,1560,1520,-1048,-952,-17080,44,68,-26,0
S,49691553,up2,19,0,1560,1520,-912,-968,-17016,33,102,-36,0
S,49696552,up2,19,0,1560,1520,-1008,-896,-17184,33,111,-36,0
S,49701553,up2,19,0,1560,1520,-984,-976,-16968,21,107,-39,0
S,49706553,up2,19,0,1560,1520,-1096,-960,-17128,22,96,-40,0
S,49711553,up2,19,0,1560,1520,-904,-744,-17216,24,70,-38,0
S,49716552,up2,19,0,1560,1520,-928,-912,-16944,17,54,-35,0
S,49721552,up2,19,0,1560,1520,-920,-920,-17064,30,17,-31,0
S,49726552,up2,19,0,1560,1520,-1128,-872,-17152,39,-3,-27,0
S,49731552,up2,19,0,1560,1520,-1016,-912,-17112,46,-18,-23,0
S,49736552,up2,19,0,1560,1520,-1008,-992,-17056,48,-22,-27,0
S,49741552,up2,19,0,1560,1520,-984,-1064,-16944,53,-33,-25,0
S,49746552,up2,19,0,1560,1520,-928,-952,-16984,58,-20,-23,0
S,49751553,up2,19,0,1560,1520,-984,-896,-17032,59,-9,-30,0
S,49756553,up2,19,0,1560,1520,-1088,-864,-17112,54,10,-24,0
S,49761553,up2,19,0,1560,1520,-1096,-944,-16928,47,23,-30,0
S,49766553,up2,19,0,1560,1520,-928,-944,-17168,38,36,-32,0
S,49771552,up2,19,0,1560,1520,-1032,-872,-17072,34,58,-30,0
S,49776552,up2,19,0,1560,1520,-1056,-808,-16992,27,51,-35,0
S,49781552,up2,19,0,1560,1520,-1016,-880,-17040,21,56,-33,0
S,49786552,up2,19,0,1560,1520,-1024,-936,-17184,16,48,-39,0
S,49791552,up2,19,0,1560,1520,-944,-968,-17112,17,41,-24,0
S,49796553,up2,19,0,1560,1520,-936,-1080,-17016,25,25,-28,0
S,49801553,up2,19,0,1560,1520,-832,-992,-17096,36,18,-29,0
S,49806553,up2,19,0,1560,1520,-976,-1104,-17064,37,10,-28,0
S,49811553,up2,19,0,1560,1520,-1064,-1000,-17168,45,1,-32,0
S,49816552,up2,19,0,1560,1520,-1000,-936,-17088,53,-2,-26,0
S,49821552,up2,19,0,1560,1520,-912,-976,-17224,55,3,-23,0
S,49826553,up2,19,0,1560,1520,-952,-952,-17072,57,14,-25,0
S,49831552,up2,19,0,1560,1520,-1032,-1088,-17096,47,15,-28,0
S,49836553,up2,19,0,1560,1520,-1000,-976,-17056,45,21,-32,0
S,49841553,up2,19,0,1560,1520,-968,-928,-17048,38,28,-25,0
S,49846552,up2,19,0,1560,1520,-888,-928,-17144,36,39,-26,0
S,49851553,up2,19,0,1560,1520,-1048,-936,-17128,23,35,-28,0
S,49856553,up2,19,0,1560,1520,-880,-912,-17080,22,38,-27,0
S,49861553,up2,19,0,1560,1520,-952,-920,-17264,22,39,-38,0
S,49866552,up2,19,0,1560,1520,-960,-896,-17104,22,39,-27,0
S,49871553,up2,19,0,1560,1520,-880,-968,-17056,28,27,-29,0
S,49876552,up2,19,0,1560,1520,-904,-984,-17008,39,18,-25,0
S,49881552,up2,19,0,1560,1520,-928,-1128,-17024,40,11,-26,0
S,49886553,up2,19,0,1560,1520,-880,-944,-17072,43,11,-31,0
S,49891552,up2,19,0,1560,1520,-896,-1016,-17216,48,7,-29,0
S,49896552,up2,19,0,1560,1520,-960,-864,-17064,50,12,-24,0
S,49901552,up2,19,0,1560,1520,-1056,-1016,-17016,47,16,-30,0
S,49906553,up2,19,0,1560,1520,-856,-896,-17104,46,17,-32,0
S,49911553,up2,19,0,1560,1520,-1024,-800,-17016,44,22,-31,0
S,49916553,up2,19,0,1560,1520,-1088,-920,-17128,35,20,-28,0
S,49921553,up2,19,0,1560,1520,-1032,-968,-17008,30,28,-23,0
S,49926553,up2,19,0,1560,1520,-1000,-1000,-17104,29,30,-32,0
S,49931552,up2,19,0,1560,1520,-936,-960,-17072,31,36,-32,0
S,49936553,up2,19,0,1560,1520,-1008,-968,-17064,34,27,-32,0
S,49941552,up2,19,0,1560,1520,-904,-896,-17040,34,29,-34,0
S,49946553,up2,19,0,1560,1520,-928,-992,-17072,38,26,-31,0
S,49951552,up2,19,0,1560,1520,-984,-904,-17168,37,30,-33,0
S,49956552,up2,19,0,1560,1520,-920,-848,-17104,49,22,-25,0
S,49961552,up2,19,0,1560,1520,-944,-976,-17080,43,17,-33,0
S,49966553,up2,19,0,1560,1520,-1144,-944,-17072,45,14,-32,0
S,49971553,up2,19,0,1560,1520,-880,-824,-17016,43,18,-29,0
S,49976552,up2,19,0,1560,1520,-1000,-832,-17144,40,16,-29,0
S,49981552,up2,19,0,1560,1520,-952,-896,-17072,36,16,-32,0
S,49986552,up2,19,0,1560,1520,-992,-1152,-16992,40,18,-24,0
S,49991553,up2,19,0,1560,1520,-976,-704,-17072,39,23,-31,0
S,49996553,up2,19,0,1560,1520,-1024,-888,-17088,32,29,-27,0
S,50001553,up2,19,0,1560,1520,-992,-1016,-17080,33,29,-26,0
S,50006553,up2,19,0,1560,1520,-960,-920,-17120,31,21,-31,0
S,50011553,up2,19,0,1560,1520,-928,-928,-17144,30,29,-29,0
S,50016552,up2,19,0,1560,1520,-912,-936,-17000,38,25,-28,0
S,50021553,up2,19,0,1560,1520,-904,-936,-17008,37,23,-31,0
S,50026552,up2,19,0,1560,1520,-960,-896,-17008,35,21,-26,0
S,50031552,up2,19,0,1560,1520,-912,-1000,-17128,40,21,-27,0
S,50036553,up2,19,0,1560,1520,-1056,-824,-17056,45,20,-31,0
S,50041553,up2,19,0,1560,1520,-1032,-912,-17088,40,9,-26,0
S,50046552,up2,19,0,1560,1520,-896,-968,-17032,45,19,-33,0
S,50051553,up2,19,0,1560,1520,-984,-968,-17032,38,15,-29,0
S,50056553,up2,19,0,1560,1520,-984,-1064,-17016,41,23,-35,0
S,50061553,up2,19,0,1560,1520,-912,-992,-17000,42,24,-31,0
S,50066552,up2,19,0,1560,1520,-1024,-976,-16920,36,26,-29,0
S,50071552,up2,19,0,1560,1520,-848,-840,-17088,31,23,-27,0
S,50076553,up2,19,0,1560,1520,-1000,-952,-17120,38,23,-30,0
S,50081553,up2,19,0,1560,1520,-904,-888,-17168,35,24,-30,0
E,50081656,up2,20,0,1570,1520,,,,,,,0
S,50082288,up2,20,0,1570,1520,-1000,-920,-17048,37,25,-24,0
S,50087278,up2,20,0,1570,1520,-1032,-712,-17064,38,23,-31,0
S,50092277,up2,20,0,1570,1520,-2072,-1368,-17048,38,8,-34,0
S,50097277,up2,20,0,1570,1520,-152,-1016,-17384,39,-36,-115,0
S,50102277,up2,20,0,1570,1520,568,-3344,-16320,37,-30,-10,0
S,50107277,up2,20,0,1570,1520,-8160,-2568,-17960,20,-108,-53,0
S,50112277,up2,20,0,1570,1520,440,5032,-17328,51,-120,-77,0
S,50117277,up2,20,0,1570,1520,344,-4392,-16992,26,-163,-32,0
S,50122277,up2,20,0,1570,1520,-4176,-1448,-16984,18,-211,-15,0
S,50127277,up2,20,0,1570,1520,-208,648,-16744,32,-254,-14,0
S,50132278,up2,20,0,1570,1520,-648,-1048,-17488,29,-283,9,0
S,50137277,up2,20,0,1570,1520,-2832,-1296,-16952,39,-293,-23,0
S,50142277,up2,20,0,1570,1520,-832,-400,-17008,42,-292,-11,0
S,50147277,up2,20,0,1570,1520,-536,-1136,-17136,50,-267,10,0
S,50152277,up2,20,0,1570,1520,-1264,-960,-16960,49,-231,7,0
S,50157277,up2,20,0,1570,1520,-848,-1304,-16960,54,-186,24,0
S,50162277,up2,20,0,1570,1520,-1080,-736,-17168,42,-135,15,0
S,50167277,up2,20,0,1570,1520,-1248,-1024,-17024,45,-82,-13,0
S,50172277,up2,20,0,1570,1520,-1000,-960,-16984,39,-29,-20,0
S,50177277,up2,20,0,1570,1520,-1120,-920,-17040,37,35,-28,0
S,50182278,up2,20,0,1570,1520,-1216,-1264,-16960,34,78,-33,0
S,50187277,up2,20,0,1570,1520,-1280,-976,-17048,28,122,-37,0
S,50192277,up2,20,0,1570,1520,-1160,-896,-17160,24,136,-37,0
S,50197277,up2,20,0,1570,1520,-1232,-976,-17016,24,132,-48,0
S,50202277,up2,20,0,1570,1520,-1128,-952,-17000,14,109,-47,0
S,50207277,up2,20,0,1570,1520,-976,-960,-17176,21,88,-50,0
S,50212277,up2,20,0,1570,1520,-1160,-1088,-17032,21,66,-40,0
S,50217277,up2,20,0,1570,1520,-1072,-840,-17112,39,37,-35,0
S,50222277,up2,20,0,1570,1520,-1360,-952,-17144,50,8,-32,0
S,50227277,up2,20,0,1570,1520,-1048,-912,-17080,51,-10,-26,0
S,50232277,up2,20,0,1570,1520,-1032,-880,-17072,56,-27,-31,0
S,50237277,up2,20,0,1570,1520,-1304,-1016,-17104,57,-34,-24,0
S,50242277,up2,20,0,1570,1520,-1136,-864,-16968,59,-29,-21,0
S,50247277,up2,20,0,1570,1520,-1248,-992,-17096,54,-20,-27,0
S,50252277,up2,20,0,1570,1520,-1328,-904,-17072,56,1,-22,0
S,50257277,up2,20,0,1570,1520,-1208,-952,-17008,41,19,-30,0
S,50262277,up2,20,0,1570,1520,-1040,-968,-17168,36,37,-32,0
S,50267277,up2,20,0,1570,1520,-1208,-952,-17000,35,49,-30,0
S,50272277,up2,20,0,1570,1520,-1168,-1000,-16968,24,57,-30,0
S,50277277,up2,20,0,1570,1520,-1184,-936,-17192,24,61,-30,0
S,50282277,up2,20,0,1570,1520,-1232,-1112,-17160,22,55,-29,0
S,50287277,up2,20,0,1570,1520,-1024,-840,-17120,24,43,-31,0
S,50292277,up2,20,0,1570,1520,-1152,-1088,-17168,28,35,-30,0
S,50297277,up2,20,0,1570,1520,-1112,-896,-16976,38,18,-25,0
S,50302277,up2,20,0,1570,1520,-1184,-1048,-17240,33,6,-27,0
S,50307277,up2,20,0,1570,1520,-1216,-1064,-16968,49,2,-28,0
S,50312277,up2,20,0,1570,1520,-1192,-1072,-17152,54,-2,-29,0
S,50317277,up2,20,0,1570,1520,-1064,-856,-17216,55,3,-33,0
S,50322277,up2,20,0,1570,1520,-1256,-1008,-17000,49,7,-31,0
S,50327277,up2,20,0,1570,1520,-1208,-992,-17024,53,12,-25,0
S,50332277,up2,20,0,1570,1520,-1200,-864,-17088,47,26,-35,0
S,50337277,up2,20,0,1570,1520,-1288,-928,-17096,44,26,-30,0
S,50342277,up2,20,0,1570,1520,-1120,-912,-16992,31,38,-34,0
S,50347277,up2,20,0,1570,1520,-1304,-952,-17152,33,37,-31,0
S,50352277,up2,20,0,1570,1520,-1200,-984,-17080,18,38,-31,0
S,50357277,up2,20,0,1570,1520,-1112,-848,-17112,22,41,-32,0
S,50362277,up2,20,0,1570,1520,-1256,-952,-17024,22,30,-24,0
S,50367277,up2,20,0,1570,1520,-1112,-968,-17104,20,24,-38,0
S,50372277,up2,20,0,1570,1520,-1144,-960,-17184,37,15,-32,0
S,50377277,up2,20,0,1570,1520,-1232,-784,-17096,36,11,-35,0
S,50382277,up2,20,0,1570,1520,-1264,-984,-17136,54,10,-31,0
S,50387277,up2,20,0,1570,1520,-1096,-848,-17056,45,12,-30,0
S,50392277,up2,20,0,1570,1520,-1216,-952,-16952,54,11,-29,0
S,50397277,up2,20,0,1570,1520,-1192,-984,-17064,52,16,-29,0
S,50402277,up2,20,0,1570,1520,-1120,-1008,-16952,52,22,-32,0
S,50407277,up2,20,0,1570,1520,-1200,-912,-16920,44,20,-31,0
S,50412277,up2,20,0,1570,1520,-1344,-944,-17040,36,31,-27,0
S,50417277,up2,20,0,1570,1520,-1184,-920,-16992,32,28,-25,0
S,50422277,up2,20,0,1570,1520,-1200,-840,-17096,34,31,-27,0
S,50427277,up2,20,0,1570,1520,-1136,-976,-17080,25,24,-30,0
S,50432277,up2,20,0,1570,1520,-1216,-920,-17112,22,30,-28,0
S,50437277,up2,20,0,1570,1520,-1160,-992,-16960,28,30,-30,0
S,50442277,up2,20,0,1570,1520,-1184,-888,-17112,34,23,-29,0
S,50447277,up2,20,0,1570,1520,-1232,-968,-17176,42,23,-29,0
S,50452277,up2,20,0,1570,1520,-1216,-880,-17112,48,18,-32,0
S,50457277,up2,20,0,1570,1520,-1064,-1016,-17120,44,18,-31,0
S,50462277,up2,20,0,1570,1520,-1192,-800,-17112,47,15,-31,0
S,50467277,up2,20,0,1570,1520,-1168,-928,-17088,50,18,-33,0
S,50472277,up2,20,0,1570,1520,-1200,-1048,-17080,44,19,-35,0
S,50477277,up2,20,0,1570,1520,-1200,-840,-16856,46,20,-30,0
S,50482278,up2,20,0,1570,1520,-1192,-976,-17176,35,26,-32,0
S,50487277,up2,20,0,1570,1520,-1176,-872,-17000,39,21,-29,0
S,50492277,up2,20,0,1570,1520,-1392,-1008,-17064,30,28,-30,0
S,50497277,up2,20,0,1570,1520,-1064,-928,-16952,37,30,-30,0
S,50502277,up2,20,0,1570,1520,-1200,-784,-17048,28,25,-24,0
S,50507277,up2,20,0,1570,1520,-1232,-912,-17104,34,23,-27,0
S,50512277,up2,20,0,1570,1520,-1088,-984,-17152,38,23,-27,0
S,50517277,up2,20,0,1570,1520,-1192,-808,-17032,38,24,-33,0
S,50522277,up2,20,0,1570,1520,-1160,-904,-17040,36,22,-34,0
S,50527277,up2,20,0,1570,1520,-1192,-968,-17072,45,18,-27,0
S,50532277,up2,20,0,1570,1520,-1104,-736,-17064,45,18,-27,0
S,50537277,up2,20,0,1570,1520,-1056,-960,-16976,46,20,-33,0
S,50542277,up2,20,0,1570,1520,-1192,-1112,-17064,43,18,-26,0
S,50547277,up2,20,0,1570,1520,-1192,-1024,-17032,34,18,-32,0
S,50552277,up2,20,0,1570,1520,-1096,-984,-17032,38,25,-29,0
S,50557277,up2,20,0,1570,1520,-1272,-760,-17048,40,25,-21,0
S,50562277,up2,20,0,1570,1520,-1224,-984,-17112,30,21,-34,0
S,50567277,up2,20,0,1570,1520,-1192,-992,-17064,37,24,-26,0
S,50572277,up2,20,0,1570,1520,-1320,-984,-16984,36,18,-27,0
S,50577277,up2,20,0,1570,1520,-1224,-928,-16984,37,33,-28,0
S,50582278,up2,20,0,1570,1520,-1000,-1000,-17128,31,22,-30,0
E,50582382,up2,21,0,1580,1520,,,,,,,0
S,50583014,up2,21,0,1580,1520,-1000,-1000,-17128,31,27,-33,0
S,50588004,up2,21,0,1580,1520,-1120,-944,-17144,36,28,-30,0
S,50593003,up2,21,0,1580,1520,-1320,-1120,-17008,38,19,-28,0
S,50598003,up2,21,0,1580,1520,-1880,-1224,-16928,46,-10,-55,0
S,50603003,up2,21,0,1580,1520,-2488,-1336,-17448,33,-28,-59,0
S,50608003,up2,21,0,1580,1520,-2680,496,-17536,30,-39,-73,0
S,50613003,up2,21,0,1580,1520,-1248,-944,-16864,29,-62,-42,0
S,50618003,up2,21,0,1580,1520,-1504,-1640,-17136,25,-110,-73,0
S,50623003,up2,21,0,1580,1520,1144,-896,-16576,27,-122,-12,0
S,50628003,up2,21,0,1580,1520,-352,-560,-17176,29,-171,1,0
S,50633003,up2,21,0,1580,1520,-1904,-1104,-16864,35,-190,3,0
S,50638003,up2,21,0,1580,1520,-888,-560,-17152,41,-200,-9,0
S,50643003,up2,21,0,1580,1520,-952,-1064,-17120,44,-195,-9,0
S,50648003,up2,21,0,1580,1520,-1192,-696,-17096,64,-176,-2,0
S,50653004,up2,21,0,1580,1520,-1088,-1112,-17160,65,-138,0,0
S,50658004,up2,21,0,1580,1520,-1080,-1016,-16952,64,-98,14,0
S,50663003,up2,21,0,1580,1520,-1432,-848,-17056,64,-55,2,0
S,50668003,up2,21,0,1580,1520,-1072,-1008,-17024,54,-5,-21,0
S,50673003,up2,21,0,1580,1520,-1392,-1112,-16904,37,39,-33,0
S,50678003,up2,21,0,1580,1520,-1392,-944,-16920,40,67,-36,0
S,50683003,up2,21,0,1580,1520,-1392,-1000,-17104,24,96,-37,0
S,50688003,up2,21,0,1580,1520,-1344,-904,-17184,16,108,-36,0
S,50693003,up2,21,0,1580,1520,-1280,-896,-16976,15,104,-41,0
S,50698003,up2,21,0,1580,1520,-1392,-992,-16992,10,90,-43,0
S,50703003,up2,21,0,1580,1520,-1312,-888,-17176,13,70,-41,0
S,50708003,up2,21,0,1580,1520,-1392,-1008,-16992,22,40,-33,0
S,50713003,up2,21,0,1580,1520,-1216,-1000,-17144,27,19,-30,0
S,50718003,up2,21,0,1580,1520,-1328,-992,-16960,45,-6,-31,0
S,50723003,up2,21,0,1580,1520,-1304,-912,-17152,47,-24,-26,0
S,50728003,up2,21,0,1580,1520,-1336,-1032,-17216,62,-27,-27,0
S,50733003,up2,21,0,1580,1520,-1320,-1160,-17000,68,-25,-29,0
S,50738003,up2,21,0,1580,1520,-1336,-1104,-16968,65,-16,-28,0
S,50743003,up2,21,0,1580,1520,-1296,-1000,-17080,59,-1,-30,0
S,50748003,up2,21,0,1580,1520,-1352,-1040,-17176,54,19,-24,0
S,50753003,up2,21,0,1580,1520,-1480,-952,-17136,44,31,-26,0
S,50758003,up2,21,0,1580,1520,-1352,-1016,-16920,39,45,-24,0
S,50763004,up2,21,0,1580,1520,-1304,-920,-17040,25,49,-30,0
S,50768003,up2,21,0,1580,1520,-1400,-728,-17024,18,54,-32,0
S,50773003,up2,21,0,1580,1520,-1472,-976,-17112,16,49,-34,0
S,50778003,up2,21,0,1580,1520,-1360,-1032,-17128,14,45,-30,0
S,50783003,up2,21,0,1580,1520,-1312,-928,-17144,20,31,-31,0
S,50788003,up2,21,0,1580,1520,-1424,-1096,-16992,18,19,-28,0
S,50793003,up2,21,0,1580,1520,-1176,-1032,-17240,34,12,-29,0
S,50798004,up2,21,0,1580,1520,-1312,-1024,-17016,39,2,-30,0
S,50803003,up2,21,0,1580,1520,-1408,-1136,-17016,57,0,-31,0
S,50808003,up2,21,0,1580,1520,-1400,-936,-17080,59,2,-29,0
S,50813003,up2,21,0,1580,1520,-1400,-968,-17128,54,9,-28,0
S,50818003,up2,21,0,1580,1520,-1496,-824,-17128,56,13,-32,0
S,50823003,up2,21,0,1580,1520,-1296,-1040,-17064,55,20,-33,0
S,50828003,up2,21,0,1580,1520,-1368,-952,-17096,39,29,-26,0
S,50833003,up2,21,0,1580,1520,-1304,-1040,-17104,34,30,-35,0
S,50838003,up2,21,0,1580,1520,-1288,-992,-17120,21,35,-29,0
S,50843003,up2,21,0,1580,1520,-1384,-856,-17168,26,38,-32,0
S,50848003,up2,21,0,1580,1520,-1280,-912,-17192,22,34,-27,0
S,50853003,up2,21,0,1580,1520,-1328,-984,-17064,14,31,-28,0
S,50858003,up2,21,0,1580,1520,-1352,-984,-16968,24,26,-31,0
S,50863003,up2,21,0,1580,1520,-1304,-864,-17024,31,19,-32,0
S,50868003,up2,21,0,1580,1520,-1384,-1024,-16960,40,18,-26,0
S,50873003,up2,21,0,1580,1520,-1184,-1016,-17128,38,14,-34,0
S,50878003,up2,21,0,1580,1520,-1272,-944,-17064,51,13,-33,0
S,50883004,up2,21,0,1580,1520,-1312,-952,-17104,52,15,-28,0
S,50888003,up2,21,0,1580,1520,-1360,-896,-17120,54,18,-32,0
S,50893003,up2,21,0,1580,1520,-1432,-1056,-17048,52,12,-31,0
S,50898003,up2,21,0,1580,1520,-1280,-912,-17048,47,21,-32,0
S,50903003,up2,21,0,1580,1520,-1224,-944,-17056,40,22,-28,0
S,50908003,up2,21,0,1580,1520,-1312,-960,-17032,33,28,-34,0
S,50913003,up2,21,0,1580,1520,-1312,-1040,-17024,26,26,-31,0
S,50918003,up2,21,0,1580,1520,-1336,-856,-17136,28,30,-35,0
S,50923003,up2,21,0,1580,1520,-1280,-992,-16928,24,31,-29,0
S,50928003,up2,21,0,1580,1520,-1328,-1016,-16968,29,25,-33,0
S,50933003,up2,21,0,1580,1520,-1344,-808,-17008,35,30,-33,0
S,50938003,up2,21,0,1580,1520,-1408,-848,-17080,43,27,-25,0
S,50943003,up2,21,0,1580,1520,-1416,-1008,-17016,43,27,-28,0
S,50948003,up2,21,0,1580,1520,-1312,-984,-17168,48,24,-33,0
S,50953003,up2,21,0,1580,1520,-1432,-1024,-17184,45,13,-25,0
S,50958004,up2,21,0,1580,1520,-1400,-872,-17072,47,16,-26,0
S,50963003,up2,21,0,1580,1520,-1376,-936,-17008,41,17,-27,0
S,50968003,up2,21,0,1580,1520,-1240,-1000,-16984,38,19,-34,0
S,50973003,up2,21,0,1580,1520,-1296,-992,-17008,43,24,-28,0
S,50978003,up2,21,0,1580,1520,-1344,-976,-17104,38,21,-30,0
S,50983003,up2,21,0,1580,1520,-1448,-960,-16960,32,22,-29,0
S,50988003,up2,21,0,1580,1520,-1328,-960,-17120,35,27,-30,0
S,50993003,up2,21,0,1580,1520,-1304,-928,-17008,30,28,-37,0
S,50998003,up2,21,0,1580,1520,-1272,-1048,-17032,38,28,-26,0
S,51003003,up2,21,0,1580,1520,-1376,-840,-17112,38,26,-35,0
S,51008003,up2,21,0,1580,1520,-1384,-824,-17168,38,32,-26,0
S,51013003,up2,21,0,1580,1520,-1248,-1000,-16984,47,29,-29,0
S,51018003,up2,21,0,1580,1520,-1352,-1032,-17048,43,23,-31,0
S,51023003,up2,21,0,1580,1520,-1296,-1024,-17048,42,24,-27,0
S,51028003,up2,21,0,1580,1520,-1384,-848,-17056,42,15,-33,0
S,51033003,up2,21,0,1580,1520,-1344,-952,-17160,42,15,-29,0
S,51038003,up2,21,0,1580,1520,-1312,-1032,-17128,40,16,-27,0
S,51043003,up2,21,0,1580,1520,-1304,-976,-17008,37,19,-24,0
S,51048003,up2,21,0,1580,1520,-1280,-1024,-17048,36,23,-28,0
S,51053003,up2,21,0,1580,1520,-1296,-976,-17000,40,22,-29,0
S,51058003,up2,21,0,1580,1520,-1432,-992,-17104,36,23,-32,0
S,51063003,up2,21,0,1580,1520,-1352,-952,-16928,40,27,-24,0
S,51068003,up2,21,0,1580,1520,-1344,-1008,-17048,33,27,-26,0
S,51073003,up2,21,0,1580,1520,-1280,-1064,-16912,37,29,-33,0
S,51078003,up2,21,0,1580,1520,-1472,-968,-16960,35,25,-26,0
S,51083003,up2,21,0,1580,1520,-1424,-928,-17040,38,24,-33,0
E,51083108,up2,22,0,1590,1520,,,,,,,0
S,51083744,up2,22,0,1590,1520,-1256,-952,-17008,38,24,-33,0
S,51088735,up2,22,0,1590,1520,-1240,-1064,-17120,35,26,-30,0
S,51093733,up2,22,0,1590,1520,-2312,-728,-17192,38,5,-29,0
S,51098733,up2,22,0,1590,1520,-360,648,-17864,34,-44,-139,0
S,51103733,up2,22,0,1590,1520,-3672,-2040,-16480,39,-45,-75,0
S,51108733,up2,22,0,1590,1520,-632,-1208,-16760,26,-112,-86,0
S,51113734,up2,22,0,1590,1520,1272,416,-16832,26,-129,7,0
S,51118734,up2,22,0,1590,1520,-1016,-1808,-17008,25,-185,4,0
S,51123733,up2,22,0,1590,1520,-1984,-440,-16960,20,-219,-40,0
S,51128733,up2,22,0,1590,1520,152,288,-17304,30,-238,-20,0
S,51133733,up2,22,0,1590,1520,-1552,-1680,-17328,38,-257,-8,0
S,51138733,up2,22,0,1590,1520,-1424,-1520,-16648,49,-262,-17,0
S,51143733,up2,22,0,1590,1520,-960,-624,-17072,56,-241,-3,0
S,51148733,up2,22,0,1590,1520,-992,-1048,-17328,56,-203,-1,0
S,51153733,up2,22,0,1590,1520,-1360,-1080,-16640,58,-138,12,0
S,51158733,up2,22,0,1590,1520,-1768,-808,-17040,64,-89,48,0
S,51163733,up2,22,0,1590,1520,-1520,-1128,-17224,54,-44,-17,0
S,51168733,up2,22,0,1590,1520,-1872,-864,-16976,54,21,-20,0
S,51173733,up2,22,0,1590,1520,-1152,-1152,-16952,49,75,-33,0
S,51178733,up2,22,0,1590,1520,-1552,-992,-17088,42,107,-33,0
S,51183733,up2,22,0,1590,1520,-1576,-840,-16984,23,133,-38,0
S,51188733,up2,22,0,1590,1520,-1352,-1144,-17080,19,131,-35,0
S,51193733,up2,22,0,1590,1520,-1640,-736,-16920,12,124,-39,0
S,51198733,up2,22,0,1590,1520,-1632,-912,-16968,10,101,-44,0
S,51203733,up2,22,0,1590,1520,-1512,-872,-17104,8,64,-40,0
S,51208733,up2,22,0,1590,1520,-1584,-736,-17024,20,35,-37,0
S,51213733,up2,22,0,1590,1520,-1472,-1040,-17112,31,-4,-30,0
S,51218733,up2,22,0,1590,1520,-1576,-936,-17200,38,-23,-24,0
S,51223733,up2,22,0,1590,1520,-1672,-920,-17040,55,-39,-23,0
S,51228733,up2,22,0,1590,1520,-1408,-1120,-16960,66,-39,-31,0
S,51233733,up2,22,0,1590,1520,-1552,-880,-17024,70,-32,-26,0
S,51238733,up2,22,0,1590,1520,-1592,-1048,-17024,65,-17,-22,0
S,51243733,up2,22,0,1590,1520,-1536,-856,-16936,67,4,-23,0
S,51248733,up2,22,0,1590,1520,-1640,-992,-17192,52,27,-25,0
S,51253733,up2,22,0,1590,1520,-1552,-848,-17032,53,45,-34,0
S,51258733,up2,22,0,1590,1520,-1440,-936,-17112,33,51,-38,0
S,51263733,up2,22,0,1590,1520,-1504,-872,-17312,25,65,-28,0
S,51268733,up2,22,0,1590,1520,-1624,-992,-16936,15,59,-30,0
S,51273733,up2,22,0,1590,1520,-1480,-1016,-17144,9,46,-35,0
S,51278733,up2,22,0,1590,1520,-1496,-968,-17064,11,43,-29,0
S,51283733,up2,22,0,1590,1520,-1520,-1000,-17008,11,28,-25,0
S,51288733,up2,22,0,1590,1520,-1536,-712,-17016,20,13,-31,0
S,51293733,up2,22,0,1590,1520,-1584,-904,-17048,36,9,-29,0
S,51298733,up2,22,0,1590,1520,-1440,-1008,-16992,42,2,-24,0
S,51303733,up2,22,0,1590,1520,-1456,-912,-16992,50,-1,-26,0
S,51308733,up2,22,0,1590,1520,-1536,-952,-17112,64,4,-31,0
S,51313733,up2,22,0,1590,1520,-1480,-960,-17152,57,9,-29,0
S,51318734,up2,22,0,1590,1520,-1568,-816,-17152,65,21,-31,0
S,51323733,up2,22,0,1590,1520,-1464,-1040,-16904,51,25,-32,0
S,51328733,up2,22,0,1590,1520,-1496,-856,-17192,54,32,-28,0
S,51333733,up2,22,0,1590,1520,-1512,-928,-16928,36,43,-27,0
S,51338733,up2,22,0,1590,1520,-1520,-792,-17080,29,38,-30,0
S,51343733,up2,22,0,1590,1520,-1568,-832,-16992,18,39,-29,0
S,51348734,up2,22,0,1590,1520,-1416,-1024,-16936,16,34,-27,0
S,51353733,up2,22,0,1590,1520,-1568,-848,-17104,16,29,-30,0
S,51358733,up2,22,0,1590,1520,-1456,-1040,-17072,19,23,-30,0
S,51363733,up2,22,0,1590,1520,-1576,-1064,-16952,24,20,-27,0
S,51368733,up2,22,0,1590,1520,-1472,-928,-17024,35,14,-23,0
S,51373733,up2,22,0,1590,1520,-1600,-1000,-17104,41,13,-31,0
S,51378733,up2,22,0,1590,1520,-1504,-872,-16912,58,12,-28,0
S,51383733,up2,22,0,1590,1520,-1560,-1056,-17040,55,19,-35,0
S,51388733,up2,22,0,1590,1520,-1512,-1008,-16952,56,15,-27,0
S,51393733,up2,22,0,1590,1520,-1504,-960,-17024,51,20,-32,0
S,51398733,up2,22,0,1590,1520,-1456,-1016,-17024,54,24,-29,0
S,51403733,up2,22,0,1590,1520,-1504,-896,-17008,41,24,-30,0
S,51408733,up2,22,0,1590,1520,-1536,-936,-17032,37,26,-36,0
S,51413733,up2,22,0,1590,1520,-1496,-920,-16936,27,27,-31,0
S,51418733,up2,22,0,1590,1520,-1536,-920,-17016,22,24,-21,0
S,51423733,up2,22,0,1590,1520,-1656,-864,-17016,22,24,-27,0
S,51428733,up2,22,0,1590,1520,-1560,-984,-16984,24,29,-27,0
S,51433733,up2,22,0,1590,1520,-1504,-1008,-17016,34,27,-29,0
S,51438733,up2,22,0,1590,1520,-1416,-960,-17064,32,24,-24,0
S,51443733,up2,22,0,1590,1520,-1504,-888,-17120,42,18,-38,0
S,51448733,up2,22,0,1590,1520,-1544,-896,-17008,44,23,-33,0
S,51453733,up2,22,0,1590,1520,-1536,-984,-17120,52,24,-33,0
S,51458733,up2,22,0,1590,1520,-1472,-992,-16896,47,19,-30,0
S,51463733,up2,22,0,1590,1520,-1560,-896,-17112,53,24,-35,0
S,51468733,up2,22,0,1590,1520,-1448,-992,-17056,43,20,-31,0
S,51473733,up2,22,0,1590,1520,-1648,-1024,-17080,40,20,-30,0
S,51478733,up2,22,0,1590,1520,-1344,-968,-17152,37,14,-27,0
S,51483733,up2,22,0,1590,1520,-1600,-904,-16976,35,23,-26,0
S,51488733,up2,22,0,1590,1520,-1616,-992,-16984,33,27,-29,0
S,51493733,up2,22,0,1590,1520,-1424,-808,-17176,29,27,-32,0
S,51498733,up2,22,0,1590,1520,-1616,-1000,-17136,32,28,-32,0
S,51503733,up2,22,0,1590,1520,-1544,-1048,-17072,30,26,-27,0
S,51508733,up2,22,0,1590,1520,-1480,-1088,-17080,36,25,-32,0
S,51513733,up2,22,0,1590,1520,-1552,-880,-17008,38,25,-30,0
S,51518733,up2,22,0,1590,1520,-1456,-992,-17008,47,26,-32,0
S,51523733,up2,22,0,1590,1520,-1464,-960,-16928,42,23,-30,0
S,51528734,up2,22,0,1590,1520,-1504,-1024,-16992,46,22,-27,0
S,51533733,up2,22,0,1590,1520,-1456,-1032,-16888,46,26,-36,0
S,51538733,up2,22,0,1590,1520,-1584,-1064,-16944,42,15,-29,0
S,51543734,up2,22,0,1590,1520,-1600,-912,-16976,39,11,-32,0
S,51548733,up2,22,0,1590,1520,-1576,-1016,-17200,33,8,-26,0
S,51553733,up2,22,0,1590,1520,-1352,-1048,-16976,36,11,-29,0
S,51558733,up2,22,0,1590,1520,-2016,-800,-17264,29,18,-27,0
S,51563733,up2,22,0,1590,1520,-992,-832,-17360,32,19,-32,0
S,51568733,up2,22,0,1590,1520,-1712,-928,-17272,35,24,-31,0
S,51573733,up2,22,0,1590,1520,-1384,-704,-16784,39,28,-31,0
S,51578733,up2,22,0,1590,1520,-1784,-944,-17144,41,27,-28,0
S,51583733,up2,22,0,1590,1520,-1248,-528,-16912,39,25,-34,0
E,51583837,up2,23,0,1600,1520,,,,,,,0
S,51584468,up2,23,0,1600,1520,-1432,-672,-17048,39,32,-31,0
S,51589459,up2,23,0,1600,1520,-1608,-1184,-17128,38,35,-35,0
S,51594458,up2,23,0,1600,1520,-1512,-640,-16864,37,30,-33,0
S,51599458,up2,23,0,1600,1520,-4184,-1016,-17168,49,-21,-67,0
S,51604458,up2,23,0,1600,1520,3264,-1248,-16768,30,-59,-72,0
S,51609458,up2,23,0,1600,1520,-4040,-1048,-17144,20,-36,-43,0
S,51614458,up2,23,0,1600,1520,-160,96,-17200,19,-58,-31,0
S,51619458,up2,23,0,1600,1520,-2136,-1176,-17168,27,-99,-24,0
S,51624458,up2,23,0,1600,1520,-1256,-688,-17024,30,-125,-33,0
S,51629458,up2,23,0,1600,1520,-1832,-1632,-17216,27,-134,-28,0
S,51634458,up2,23,0,1600,1520,-1456,-488,-16784,30,-137,-22,0
S,51639458,up2,23,0,1600,1520,-1664,-1016,-17128,46,-131,-25,0
S,51644458,up2,23,0,1600,1520,-1472,-1272,-16960,54,-113,-20,0
S,51649458,up2,23,0,1600,1520,-1392,-888,-17088,68,-92,-22,0
S,51654458,up2,23,0,1600,1520,-1304,-920,-16992,68,-55,-23,0
S,51659458,up2,23,0,1600,1520,-1632,-1088,-16872,67,-20,-18,0
S,51664459,up2,23,0,1600,1520,-1520,-1016,-17056,53,7,-23,0
S,51669458,up2,23,0,1600,1520,-1504,-968,-16984,43,45,-29,0
S,51674458,up2,23,0,1600,1520,-1664,-952,-16888,39,69,-32,0
S,51679458,up2,23,0,1600,1520,-1488,-880,-17104,35,84,-35,0
S,51684458,up2,23,0,1600,1520,-1544,-936,-17088,21,90,-36,0
S,51689458,up2,23,0,1600,1520,-1704,-920,-16912,17,77,-31,0
S,51694458,up2,23,0,1600,1520,-1560,-872,-16976,14,58,-34,0
S,51699458,up2,23,0,1600,1520,-1520,-824,-17064,9,39,-29,0
S,51704458,up2,23,0,1600,1520,-1664,-928,-17040,20,16,-30,0
S,51709458,up2,23,0,1600,1520,-1520,-792,-16928,24,3,-26,0
S,51714459,up2,23,0,1600,1520,-1528,-968,-17016,41,-16,-25,0
S,51719458,up2,23,0,1600,1520,-1712,-1072,-16968,53,-20,-31,0
S,51724458,up2,23,0,1600,1520,-1600,-984,-16992,69,-19,-28,0
S,51729458,up2,23,0,1600,1520,-1552,-1024,-17120,70,-3,-25,0
S,51734459,up2,23,0,1600,1520,-1600,-1088,-16928,64,5,-27,0
S,51739458,up2,23,0,1600,1520,-1488,-832,-17016,56,16,-28,0
S,51744458,up2,23,0,1600,1520,-1736,-1056,-17008,49,36,-31,0
S,51749458,up2,23,0,1600,1520,-1600,-976,-16976,43,39,-34,0
S,51754458,up2,23,0,1600,1520,-1664,-848,-17144,29,51,-31,0
S,51759458,up2,23,0,1600,1520,-1616,-856,-16936,18,47,-35,0
S,51764458,up2,23,0,1600,1520,-1656,-872,-17016,10,41,-32,0
S,51769458,up2,23,0,1600,1520,-1776,-992,-17008,18,35,-29,0
S,51774458,up2,23,0,1600,1520,-1568,-1008,-17024,16,28,-27,0
S,51779458,up2,23,0,1600,1520,-1584,-952,-17128,21,17,-31,0
S,51784458,up2,23,0,1600,1520,-1832,-976,-16960,25,9,-32,0
S,51789458,up2,23,0,1600,1520,-1648,-1024,-16960,44,7,-27,0
S,51794458,up2,23,0,1600,1520,-1512,-1016,-16976,51,9,-29,0
S,51799458,up2,23,0,1600,1520,-1720,-928,-16984,60,4,-27,0
S,51804458,up2,23,0,1600,1520,-1584,-912,-17160,64,5,-28,0
S,51809458,up2,23,0,1600,1520,-1688,-928,-17008,55,14,-28,0
S,51814458,up2,23,0,1600,1520,-1648,-1008,-17120,56,21,-33,0
S,51819458,up2,23,0,1600,1520,-1592,-872,-16968,47,26,-32,0
S,51824458,up2,23,0,1600,1520,-1784,-1056,-16920,37,29,-31,0
S,51829458,up2,23,0,1600,1520,-1640,-960,-17120,33,30,-29,0
S,51834458,up2,23,0,1600,1520,-1696,-1032,-17152,23,28,-31,0
S,51839459,up2,23,0,1600,1520,-1712,-952,-17096,16,27,-31,0
S,51844458,up2,23,0,1600,1520,-1480,-1000,-16976,16,30,-27,0
S,51849458,up2,23,0,1600,1520,-1600,-1000,-16976,20,25,-30,0
S,51854458,up2,23,0,1600,1520,-1728,-944,-16936,34,25,-27,0
S,51859458,up2,23,0,1600,1520,-1600,-944,-17024,41,23,-28,0
S,51864458,up2,23,0,1600,1520,-1656,-984,-17032,49,26,-34,0
S,51869458,up2,23,0,1600,1520,-1680,-872,-16992,47,17,-31,0
S,51874458,up2,23,0,1600,1520,-1704,-960,-17168,53,19,-33,0
S,51879458,up2,23,0,1600,1520,-1616,-904,-16920,45,16,-30,0
S,51884459,up2,23,0,1600,1520,-1576,-1064,-17112,42,16,-30,0
S,51889458,up2,23,0,1600,1520,-1632,-1016,-16960,41,16,-35,0
S,51894458,up2,23,0,1600,1520,-1712,-1024,-16912,36,25,-23,0
S,51899458,up2,23,0,1600,1520,-1584,-856,-16888,29,24,-31,0
S,51904458,up2,23,0,1600,1520,-1640,-1096,-17064,28,28,-24,0
S,51909459,up2,23,0,1600,1520,-1712,-896,-16928,21,30,-32,0
S,51914458,up2,23,0,1600,1520,-1544,-808,-16904,31,26,-29,0
S,51919458,up2,23,0,1600,1520,-1648,-968,-16936,25,27,-31,0
S,51924458,up2,23,0,1600,1520,-1608,-952,-17064,33,33,-34,0
S,51929458,up2,23,0,1600,1520,-1680,-960,-17040,40,27,-35,0
S,51934459,up2,23,0,1600,1520,-1560,-1088,-16936,38,21,-28,0
S,51939458,up2,23,0,1600,1520,-1656,-1080,-16856,45,28,-29,0
S,51944458,up2,23,0,1600,1520,-1576,-904,-17048,44,14,-27,0
S,51949458,up2,23,0,1600,1520,-1688,-1008,-17104,36,15,-32,0
S,51954458,up2,23,0,1600,1520,-1616,-1040,-17232,44,13,-28,0
S,51959458,up2,23,0,1600,1520,-1656,-984,-17096,40,15,-32,0
S,51964458,up2,23,0,1600,1520,-1568,-1080,-17144,36,18,-31,0
S,51969458,up2,23,0,1600,1520,-1576,-1016,-16992,35,13,-36,0
S,51974458,up2,23,0,1600,1520,-1576,-1064,-16944,32,23,-28,0
S,51979458,up2,23,0,1600,1520,-1464,-944,-16976,31,27,-36,0
S,51984458,up2,23,0,1600,1520,-1648,-1040,-16888,38,30,-33,0
S,51989458,up2,23,0,1600,1520,-1624,-912,-17056,31,33,-37,0
S,51994458,up2,23,0,1600,1520,-1576,-904,-16992,35,32,-31,0
S,51999458,up2,23,0,1600,1520,-1608,-1040,-17072,37,24,-34,0
S,52004459,up2,23,0,1600,1520,-1672,-1016,-17040,34,27,-31,0
S,52009458,up2,23,0,1600,1520,-1776,-1048,-17160,39,21,-27,0
S,52014458,up2,23,0,1600,1520,-1712,-864,-16984,40,19,-34,0
S,52019458,up2,23,0,1600,1520,-1560,-984,-17024,40,21,-23,0
S,52024458,up2,23,0,1600,1520,-1680,-832,-16944,39,9,-28,0
S,52029458,up2,23,0,1600,1520,-1648,-952,-16968,47,15,-31,0
S,52034459,up2,23,0,1600,1520,-1624,-976,-17072,44,17,-29,0
S,52039458,up2,23,0,1600,1520,-1680,-888,-17056,44,19,-27,0
S,52044458,up2,23,0,1600,1520,-1656,-864,-16944,42,25,-30,0
S,52049458,up2,23,0,1600,1520,-1576,-904,-17032,42,22,-28,0
S,52054458,up2,23,0,1600,1520,-1664,-872,-17008,36,30,-30,0
S,52059458,up2,23,0,1600,1520,-1696,-968,-17120,33,30,-29,0
S,52064458,up2,23,0,1600,1520,-1752,-888,-17088,37,23,-29,0
S,52069458,up2,23,0,1600,1520,-1664,-864,-17008,38,20,-30,0
S,52074458,up2,23,0,1600,1520,-1648,-992,-16984,35,26,-27,0
S,52079458,up2,23,0,1600,1520,-1768,-984,-17032,35,30,-30,0
S,52084458,up2,23,0,1600,1520,-1728,-960,-16912,37,21,-32,0
E,52084563,up2,24,0,1610,1520,,,,,,,0
S,52085198,up2,24,0,1610,1520,-1656,-944,-16976,36,19,-30,0
S,52090188,up2,24,0,1610,1520,-1592,-984,-16952,43,19,-27,0
S,52095187,up2,24,0,1610,1520,-1896,-1088,-16976,46,14,-25,0
S,52100186,up2,24,0,1610,1520,-1848,-1264,-16824,46,-18,-39,0
S,52105186,up2,24,0,1610,1520,-752,-320,-17032,29,-25,-30,0
S,52110186,up2,24,0,1610,1520,-5088,-1528,-17416,29,-66,-43,0
S,52115186,up2,24,0,1610,1520,2544,-168,-15920,29,-138,-53,0
S,52120187,up2,24,0,1610,1520,-3040,336,-18504,11,-121,-15,0
S,52125186,up2,24,0,1610,1520,-2352,-2032,-16464,35,-163,-40,0
S,52130186,up2,24,0,1610,1520,-1328,-792,-16680,31,-199,-10,0
S,52135186,up2,24,0,1610,1520,-2040,-664,-17112,36,-213,-17,0
S,52140187,up2,24,0,1610,1520,-3408,-1856,-17144,45,-205,-19,0
S,52145186,up2,24,0,1610,1520,-2200,-464,-16816,53,-227,-18,0
S,52150186,up2,24,0,1610,1520,-1120,-1136,-17096,57,-222,-21,0
S,52155187,up2,24,0,1610,1520,-1560,-568,-17064,52,-181,-16,0
S,52160186,up2,24,0,1610,1520,-1632,-792,-16856,53,-145,-7,0
S,52165186,up2,24,0,1610,1520,-1608,-1008,-16880,58,-98,-7,0
S,52170186,up2,24,0,1610,1520,-1240,-872,-16912,54,-40,-4,0
S,52175187,up2,24,0,1610,1520,-2024,-960,-16816,55,26,-2,0
S,52180186,up2,24,0,1610,1520,-2048,-1232,-16840,49,71,-29,0
S,52185186,up2,24,0,1610,1520,-1648,-936,-17120,46,109,-31,0
S,52190186,up2,24,0,1610,1520,-2000,-1088,-16928,41,133,-26,0
S,52195187,up2,24,0,1610,1520,-1832,-680,-17208,24,139,-31,0
S,52200186,up2,24,0,1610,1520,-1912,-952,-17024,16,125,-35,0
S,52205186,up2,24,0,1610,1520,-1944,-1024,-17016,16,100,-38,0
S,52210186,up2,24,0,1610,1520,-1816,-776,-16896,12,63,-36,0
S,52215187,up2,24,0,1610,1520,-1832,-1064,-17080,17,26,-25,0
S,52220186,up2,24,0,1610,1520,-1656,-832,-16976,26,-10,-27,0
S,52225186,up2,24,0,1610,1520,-1816,-952,-17056,38,-27,-28,0
S,52230186,up2,24,0,1610,1520,-1752,-1032,-17008,48,-44,-29,0
S,52235187,up2,24,0,1610,1520,-1784,-928,-16928,56,-40,-27,0
S,52240187,up2,24,0,1610,1520,-1792,-992,-16976,70,-36,-29,0
S,52245186,up2,24,0,1610,1520,-1800,-1032,-16888,70,-11,-29,0
S,52250187,up2,24,0,1610,1520,-1768,-1000,-16960,68,14,-29,0
S,52255187,up2,24,0,1610,1520,-1792,-1048,-17040,59,34,-25,0
S,52260187,up2,24,0,1610,1520,-1984,-1056,-16880,48,47,-30,0
S,52265187,up2,24,0,1610,1520,-1688,-792,-17016,43,57,-33,0
S,52270186,up2,24,0,1610,1520,-1968,-888,-17072,27,64,-29,0
S,52275187,up2,24,0,1610,1520,-1792,-832,-17120,11,63,-34,0
S,52280186,up2,24,0,1610,1520,-1832,-808,-17008,10,51,-30,0
S,52285186,up2,24,0,1610,1520,-1808,-992,-17040,10,34,-31,0
S,52290187,up2,24,0,1610,1520,-1672,-976,-17104,10,14,-30,0
S,52295186,up2,24,0,1610,1520,-1864,-912,-17080,21,12,-29,0
S,52300186,up2,24,0,1610,1520,-1712,-1016,-16976,32,-5,-26,0
S,52305186,up2,24,0,1610,1520,-1848,-1000,-17008,46,-8,-28,0
S,52310187,up2,24,0,1610,1520,-1912,-1080,-16944,59,3,-31,0
S,52315187,up2,24,0,1610,1520,-1720,-1072,-16968,66,4,-24,0
S,52320187,up2,24,0,1610,1520,-1744,-1056,-17048,70,16,-29,0
S,52325187,up2,24,0,1610,1520,-1776,-1000,-16928,63,28,-35,0
S,52330187,up2,24,0,1610,1520,-1816,-1072,-17088,57,30,-38,0
S,52335186,up2,24,0,1610,1520,-1736,-864,-16960,47,34,-28,0
S,52340187,up2,24,0,1610,1520,-1872,-968,-17040,29,35,-29,0
S,52345187,up2,24,0,1610,1520,-1696,-840,-17024,27,34,-31,0
S,52350186,up2,24,0,1610,1520,-1792,-1072,-17000,9,31,-32,0
S,52355186,up2,24,0,1610,1520,-1840,-928,-17000,15,30,-27,0
S,52360187,up2,24,0,1610,1520,-1744,-992,-16968,13,23,-30,0
S,52365187,up2,24,0,1610,1520,-1896,-1040,-17024,23,16,-31,0
S,52370187,up2,24,0,1610,1520,-1840,-960,-17072,29,16,-31,0
S,52375187,up2,24,0,1610,1520,-1848,-1112,-17008,34,22,-32,0
S,52380186,up2,24,0,1610,1520,-1784,-896,-16944,46,19,-26,0
S,52385186,up2,24,0,1610,1520,-1760,-944,-16952,57,23,-28,0
S,52390187,up2,24,0,1610,1520,-1744,-992,-16904,58,23,-33,0
S,52395187,up2,24,0,1610,1520,-1720,-952,-16864,63,20,-34,0
S,52400186,up2,24,0,1610,1520,-1736,-984,-17024,50,25,-28,0
S,52405187,up2,24,0,1610,1520,-1792,-872,-17000,37,23,-27,0
S,52410187,up2,24,0,1610,1520,-1944,-960,-17024,33,24,-30,0
S,52415186,up2,24,0,1610,1520,-1784,-952,-16968,28,19,-29,0
S,52420187,up2,24,0,1610,1520,-1904,-840,-16952,22,19,-32,0
S,52425186,up2,24,0,1610,1520,-1768,-816,-16984,21,22,-30,0
S,52430187,up2,24,0,1610,1520,-1704,-872,-17112,22,25,-32,0
S,52435186,up2,24,0,1610,1520,-1816,-960,-17032,24,27,-29,0
S,52440186,up2,24,0,1610,1520,-1840,-984,-16992,35,25,-32,0
S,52445186,up2,24,0,1610,1520,-1760,-920,-17120,40,27,-33,0
S,52450186,up2,24,0,1610,1520,-1808,-1016,-17008,42,27,-30,0
S,52455187,up2,24,0,1610,1520,-1768,-1024,-16976,48,29,-29,0
S,52460186,up2,24,0,1610,1520,-1816,-832,-16944,50,24,-32,0
S,52465187,up2,24,0,1610,1520,-1760,-928,-16984,49,25,-24,0
S,52470186,up2,24,0,1610,1520,-1776,-968,-17120,50,20,-30,0
S,52475187,up2,24,0,1610,1520,-1808,-808,-16944,41,16,-26,0
S,52480187,up2,24,0,1610,1520,-1728,-872,-16976,30,16,-24,0
S,52485187,up2,24,0,1610,1520,-1840,-880,-17144,23,22,-26,0
S,52490186,up2,24,0,1610,1520,-1744,-944,-16944,31,16,-29,0
S,52495187,up2,24,0,1610,1520,-1760,-1096,-16928,32,20,-34,0
S,52500187,up2,24,0,1610,1520,-1736,-872,-16912,28,32,-30,0
S,52505186,up2,24,0,1610,1520,-1896,-1032,-16960,39,32,-26,0
S,52510187,up2,24,0,1610,1520,-1752,-856,-17024,44,31,-29,0
S,52515187,up2,24,0,1610,1520,-1824,-976,-16952,38,31,-28,0
S,52520186,up2,24,0,1610,1520,-1736,-912,-17008,46,25,-30,0
S,52525186,up2,24,0,1610,1520,-1776,-936,-16944,45,23,-30,0
S,52530187,up2,24,0,1610,1520,-1768,-856,-16960,43,17,-31,0
S,52535186,up2,24,0,1610,1520,-1792,-872,-16840,39,16,-31,0
S,52540187,up2,24,0,1610,1520,-1880,-992,-16984,41,18,-30,0
S,52545187,up2,24,0,1610,1520,-1808,-928,-16960,38,12,-29,0
S,52550187,up2,24,0,1610,1520,-1696,-1024,-17032,29,15,-33,0
S,52555187,up2,24,0,1610,1520,-1680,-880,-16936,35,16,-33,0
S,52560186,up2,24,0,1610,1520,-1936,-960,-17000,36,18,-26,0
S,52565187,up2,24,0,1610,1520,-1816,-1040,-16936,36,23,-28,0
S,52570186,up2,24,0,1610,1520,-1744,-800,-16952,39,20,-29,0
S,52575186,up2,24,0,1610,1520,-1648,-968,-16960,37,26,-29,0
S,52580186,up2,24,0,1610,1520,-1872,-864,-16984,47,32,-29,0
S,52585186,up2,24,0,1610,1520,-1776,-952,-17072,44,25,-32,0
E,52585290,up2,25,0,1620,1520,,,,,,,0
S,52585922,up2,25,0,1620,1520,-1656,-1008,-16912,39,24,-32,0
S,52590913,up2,25,0,1620,1520,-1840,-912,-17008,35,22,-31,0
S,52595911,up2,25,0,1620,1520,-2344,-1096,-17024,41,5,-21,0
S,52600911,up2,25,0,1620,1520,-624,104,-17168,46,-40,-109,0
S,52605911,up2,25,0,1620,1520,-1392,-1312,-16880,24,-55,-74,0
S,52610911,up2,25,0,1620,1520,-3976,-1760,-17024,23,-106,-51,0
S,52615911,up2,25,0,1620,1520,544,-160,-16240,20,-151,-19,0
S,52620911,up2,25,0,1620,1520,-2240,-2768,-17768,8,-168,-4,0
S,52625911,up2,25,0,1620,1520,-4160,-1712,-16352,15,-209,-22,0
S,52630911,up2,25,0,1620,1520,-2848,-368,-17352,38,-219,-29,0
S,52635911,up2,25,0,1620,1520,-1976,-1032,-16856,42,-239,-15,0
S,52640911,up2,25,0,1620,1520,-1856,-1544,-16960,48,-240,-18,0
S,52645911,up2,25,0,1620,1520,-1432,-896,-16824,47,-211,-4,0
S,52650911,up2,25,0,1620,1520,-1592,-1296,-17304,60,-176,-7,0
S,52655911,up2,25,0,1620,1520,-2048,-1120,-16880,61,-114,-6,0
S,52660911,up2,25,0,1620,1520,-1904,-1072,-16944,72,-44,-9,0
S,52665911,up2,25,0,1620,1520,-1896,-824,-16800,66,11,-17,0
S,52670911,up2,25,0,1620,1520,-2064,-1160,-17056,59,65,-27,0
S,52675911,up2,25,0,1620,1520,-1832,-904,-16688,45,104,-34,0
S,52680911,up2,25,0,1620,1520,-1952,-1016,-17144,31,134,-30,0
S,52685911,up2,25,0,1620,1520,-1864,-744,-16944,20,140,-38,0
S,52690911,up2,25,0,1620,1520,-2112,-1072,-17008,7,124,-35,0
S,52695911,up2,25,0,1620,1520,-1824,-712,-17120,5,94,-41,0
S,52700911,up2,25,0,1620,1520,-2144,-936,-16928,-5,58,-36,0
S,52705911,up2,25,0,1620,1520,-2032,-976,-16976,3,27,-31,0
S,52710911,up2,25,0,1620,1520,-2000,-912,-17024,18,-13,-32,0
S,52715911,up2,25,0,1620,1520,-2000,-1040,-17064,27,-35,-28,0
S,52720911,up2,25,0,1620,1520,-1880,-1072,-16896,47,-46,-22,0
S,52725911,up2,25,0,1620,1520,-1920,-1000,-17192,59,-43,-27,0
S,52730911,up2,25,0,1620,1520,-1856,-1040,-17168,80,-26,-27,0
S,52735911,up2,25,0,1620,1520,-2008,-1000,-17008,82,-11,-27,0
S,52740911,up2,25,0,1620,1520,-2016,-952,-17008,78,9,-26,0
S,52745911,up2,25,0,1620,1520,-1992,-960,-16928,69,29,-27,0
S,52750912,up2,25,0,1620,1520,-1944,-952,-16984,57,52,-31,0
S,52755911,up2,25,0,1620,1520,-1976,-888,-16944,43,68,-34,0
S,52760911,up2,25,0,1620,1520,-2024,-848,-17080,29,64,-28,0
S,52765911,up2,25,0,1620,1520,-1904,-736,-17056,16,57,-30,0
S,52770912,up2,25,0,1620,1520,-1952,-896,-16944,7,50,-36,0
S,52775912,up2,25,0,1620,1520,-1864,-848,-16928,0,23,-29,0
S,52780911,up2,25,0,1620,1520,-1944,-840,-17080,1,21,-22,0
S,52785911,up2,25,0,1620,1520,-1952,-976,-16904,15,8,-33,0
S,52790911,up2,25,0,1620,1520,-1896,-1024,-16872,26,-5,-29,0
S,52795911,up2,25,0,1620,1520,-1968,-1136,-17024,42,-2,-30,0
S,52800912,up2,25,0,1620,1520,-1952,-1008,-17048,49,4,-26,0
S,52805911,up2,25,0,1620,1520,-1960,-1024,-17040,62,9,-29,0
S,52810911,up2,25,0,1620,1520,-2032,-904,-16968,70,20,-22,0
S,52815911,up2,25,0,1620,1520,-2016,-824,-16872,66,29,-33,0
S,52820911,up2,25,0,1620,1520,-1768,-1016,-17048,64,30,-31,0
S,52825911,up2,25,0,1620,1520,-1936,-944,-16976,47,34,-34,0
S,52830911,up2,25,0,1620,1520,-1864,-984,-17088,46,35,-31,0
S,52835911,up2,25,0,1620,1520,-1760,-856,-16920,30,30,-33,0
S,52840911,up2,25,0,1620,1520,-2040,-952,-17080,18,25,-28,0
S,52845911,up2,25,0,1620,1520,-1920,-912,-16936,14,21,-25,0
S,52850911,up2,25,0,1620,1520,-2000,-1024,-17000,9,22,-29,0
S,52855912,up2,25,0,1620,1520,-1856,-944,-17000,19,13,-26,0
S,52860911,up2,25,0,1620,1520,-1960,-960,-17096,23,15,-33,0
S,52865911,up2,25,0,1620,1520,-1936,-1048,-16904,40,13,-30,0
S,52870911,up2,25,0,1620,1520,-1944,-976,-17136,52,15,-29,0
S,52875911,up2,25,0,1620,1520,-2080,-1008,-16968,54,25,-31,0
S,52880911,up2,25,0,1620,1520,-1992,-1072,-16808,60,25,-31,0
S,52885911,up2,25,0,1620,1520,-2048,-968,-17104,56,25,-25,0
S,52890911,up2,25,0,1620,1520,-2136,-944,-16984,51,23,-33,0
S,52895911,up2,25,0,1620,1520,-1976,-832,-17088,46,24,-25,0
S,52900911,up2,25,0,1620,1520,-2016,-776,-17112,34,19,-30,0
S,52905911,up2,25,0,1620,1520,-2008,-888,-17112,34,22,-27,0
S,52910911,up2,25,0,1620,1520,-2032,-920,-17024,30,20,-27,0
S,52915911,up2,25,0,1620,1520,-2048,-1000,-17032,20,17,-27,0
S,52920911,up2,25,0,1620,1520,-1936,-1048,-16952,26,22,-26,0
S,52925911,up2,25,0,1620,1520,-2000,-928,-16864,25,24,-29,0
S,52930911,up2,25,0,1620,1520,-1960,-960,-16960,29,27,-26,0
S,52935911,up2,25,0,1620,1520,-1888,-1096,-16936,45,27,-28,0
S,52940911,up2,25,0,1620,1520,-2008,-1056,-16888,39,25,-32,0
S,52945911,up2,25,0,1620,1520,-2048,-944,-16976,50,24,-27,0
S,52950911,up2,25,0,1620,1520,-2016,-1032,-17056,54,21,-31,0
S,52955911,up2,25,0,1620,1520,-1936,-992,-16960,44,22,-32,0
S,52960911,up2,25,0,1620,1520,-2008,-848,-16928,41,23,-27,0
S,52965911,up2,25,0,1620,1520,-2048,-920,-16904,39,14,-34,0
S,52970911,up2,25,0,1620,1520,-1864,-952,-16912,32,14,-32,0
S,52975911,up2,25,0,1620,1520,-2024,-1032,-16952,34,14,-31,0
S,52980911,up2,25,0,1620,1520,-1856,-904,-16904,32,18,-29,0
S,52985911,up2,25,0,1620,1520,-1992,-1008,-17008,30,27,-29,0
S,52990911,up2,25,0,1620,1520,-2072,-1072,-16960,33,27,-34,0
S,52995912,up2,25,0,1620,1520,-2032,-936,-16952,37,24,-28,0
S,53000911,up2,25,0,1620,1520,-1976,-1016,-17040,38,31,-26,0
S,53005911,up2,25,0,1620,1520,-1984,-896,-16952,42,33,-26,0
S,53010911,up2,25,0,1620,1520,-1864,-888,-17080,40,29,-28,0
S,53015911,up2,25,0,1620,1520,-2040,-960,-16848,47,21,-25,0
S,53020911,up2,25,0,1620,1520,-1968,-808,-17016,45,15,-27,0
S,53025911,up2,25,0,1620,1520,-1992,-1040,-16968,34,21,-30,0
S,53030911,up2,25,0,1620,1520,-2000,-968,-16968,33,20,-27,0
S,53035911,up2,25,0,1620,1520,-1928,-1024,-17048,42,19,-27,0
S,53040912,up2,25,0,1620,1520,-1960,-944,-16960,34,18,-33,0
S,53045911,up2,25,0,1620,1520,-1936,-896,-16952,35,18,-29,0
S,53050911,up2,25,0,1620,1520,-2000,-928,-17016,42,23,-29,0
S,53055911,up2,25,0,1620,1520,-2008,-1072,-16968,39,26,-29,0
S,53060911,up2,25,0,1620,1520,-1976,-1016,-17000,33,22,-28,0
S,53065911,up2,25,0,1620,1520,-1960,-936,-17000,44,23,-36,0
S,53070912,up2,25,0,1620,1520,-2016,-976,-16976,39,30,-28,0
S,53075911,up2,25,0,1620,1520,-2088,-1032,-17024,39,24,-29,0
S,53080911,up2,25,0,1620,1520,-2000,-984,-16944,37,22,-28,0
S,53085911,up2,25,0,1620,1520,-1984,-920,-17072,40,22,-33,0
E,53086016,up2,26,0,1630,1520,,,,,,,0
S,53086648,up2,26,0,1630,1520,-1960,-1000,-16960,36,25,-31,0
S,53091640,up2,26,0,1630,1520,-1944,-848,-16944,36,22,-29,0
S,53096638,up2,26,0,1630,1520,-2648,-1072,-16896,38,15,-27,0
S,53101638,up2,26,0,1630,1520,-2248,-960,-17024,37,-3,-25,0
S,53106638,up2,26,0,1630,1520,-1448,-272,-17040,36,-19,-27,0
S,53111638,up2,26,0,1630,1520,-2600,-1168,-17208,21,-27,-31,0
S,53116639,up2,26,0,1630,1520,-2104,-808,-16744,24,-52,-27,0
S,53121638,up2,26,0,1630,1520,-2120,-1080,-17216,23,-52,-29,0
S,53126639,up2,26,0,1630,1520,-2320,-1064,-16936,19,-50,-27,0
S,53131638,up2,26,0,1630,1520,-2896,-1560,-16992,41,-72,-34,0
S,53136638,up2,26,0,1630,1520,-1208,-496,-16560,49,-91,-32,0
S,53141638,up2,26,0,1630,1520,-1392,-656,-17560,39,-75,-31,0
S,53146638,up2,26,0,1630,1520,-2168,-960,-16696,32,-75,-22,0
S,53151638,up2,26,0,1630,1520,-2192,-1008,-17064,41,-77,-23,0
S,53156639,up2,26,0,1630,1520,-2136,-920,-16952,55,-59,-18,0
S,53161638,up2,26,0,1630,1520,-1736,-880,-16952,55,-35,-27,0
S,53166638,up2,26,0,1630,1520,-2096,-1032,-16960,56,-7,-27,0
S,53171638,up2,26,0,1630,1520,-1888,-904,-16936,53,19,-31,0
S,53176639,up2,26,0,1630,1520,-2056,-1072,-17064,47,47,-33,0
S,53181638,up2,26,0,1630,1520,-2080,-984,-17032,36,56,-36,0
S,53186638,up2,26,0,1630,1520,-2016,-888,-17040,31,67,-28,0
S,53191639,up2,26,0,1630,1520,-2096,-952,-16880,27,66,-28,0
S,53196638,up2,26,0,1630,1520,-1960,-888,-16992,14,59,-30,0
S,53201638,up2,26,0,1630,1520,-2120,-928,-17000,15,40,-29,0
S,53206638,up2,26,0,1630,1520,-2008,-944,-17032,13,23,-32,0
S,53211639,up2,26,0,1630,1520,-2040,-928,-16976,28,9,-29,0
S,53216639,up2,26,0,1630,1520,-1976,-960,-17008,33,-3,-33,0
S,53221638,up2,26,0,1630,1520,-2160,-1048,-17000,40,-7,-34,0
S,53226638,up2,26,0,1630,1520,-2000,-896,-17008,50,-7,-33,0
S,53231638,up2,26,0,1630,1520,-1976,-928,-16992,61,8,-30,0
S,53236639,up2,26,0,1630,1520,-2048,-1064,-16952,61,3,-27,0
S,53241639,up2,26,0,1630,1520,-2088,-1080,-17072,60,20,-32,0
S,53246639,up2,26,0,1630,1520,-2080,-920,-16944,49,33,-31,0
S,53251638,up2,26,0,1630,1520,-1984,-1168,-17096,45,34,-30,0
S,53256639,up2,26,0,1630,1520,-1992,-984,-16888,28,42,-30,0
S,53261638,up2,26,0,1630,1520,-2104,-1024,-17032,21,42,-26,0
S,53266638,up2,26,0,1630,1520,-2120,-912,-17016,15,36,-28,0
S,53271639,up2,26,0,1630,1520,-1984,-1016,-16976,17,30,-38,0
S,53276638,up2,26,0,1630,1520,-2152,-896,-16984,16,30,-30,0
S,53281638,up2,26,0,1630,1520,-2112,-984,-16824,21,18,-32,0
S,53286639,up2,26,0,1630,1520,-1960,-1088,-17056,32,14,-29,0
S,53291639,up2,26,0,1630,1520,-2032,-1072,-17024,45,12,-31,0
S,53296639,up2,26,0,1630,1520,-1944,-1000,-16976,55,17,-31,0
S,53301638,up2,26,0,1630,1520,-1968,-952,-16928,59,19,-27,0
S,53306638,up2,26,0,1630,1520,-2088,-920,-17048,53,12,-30,0
S,53311638,up2,26,0,1630,1520,-2088,-816,-17080,55,19,-34,0
S,53316638,up2,26,0,1630,1520,-2064,-952,-16936,47,23,-25,0
S,53321639,up2,26,0,1630,1520,-2056,-928,-16864,40,27,-25,0
S,53326638,up2,26,0,1630,1520,-2104,-992,-17040,31,25,-32,0
S,53331638,up2,26,0,1630,1520,-2128,-944,-16928,27,34,-30,0
S,53336638,up2,26,0,1630,1520,-2072,-1008,-16808,21,28,-35,0
S,53341638,up2,26,0,1630,1520,-2120,-872,-16984,16,26,-33,0
S,53346639,up2,26,0,1630,1520,-1984,-1024,-16904,24,31,-26,0
S,53351639,up2,26,0,1630,1520,-2008,-1024,-16920,32,26,-31,0
S,53356639,up2,26,0,1630,1520,-2016,-944,-17112,36,26,-30,0
S,53361638,up2,26,0,1630,1520,-1992,-1008,-17032,48,18,-29,0
S,53366638,up2,26,0,1630,1520,-2040,-984,-17032,41,17,-29,0
S,53371638,up2,26,0,1630,1520,-2064,-896,-17072,47,16,-31,0
S,53376638,up2,26,0,1630,1520,-2088,-896,-17040,51,16,-31,0
S,53381638,up2,26,0,1630,1520,-2032,-1104,-17000,47,18,-25,0
S,53386638,up2,26,0,1630,1520,-2056,-928,-17016,43,19,-35,0
S,53391638,up2,26,0,1630,1520,-1944,-968,-16928,31,19,-32,0
S,53396638,up2,26,0,1630,1520,-2088,-952,-17000,34,20,-28,0
S,53401639,up2,26,0,1630,1520,-2064,-936,-16984,30,30,-25,0
S,53406638,up2,26,0,1630,1520,-2040,-976,-17032,33,34,-34,0
S,53411638,up2,26,0,1630,1520,-2056,-944,-16992,30,30,-32,0
S,53416639,up2,26,0,1630,1520,-1984,-896,-17048,41,39,-32,0
S,53421638,up2,26,0,1630,1520,-2048,-1080,-17016,36,29,-29,0
S,53426638,up2,26,0,1630,1520,-2096,-984,-16896,38,28,-30,0
S,53431639,up2,26,0,1630,1520,-2000,-912,-17064,42,24,-28,0
S,53436638,up2,26,0,1630,1520,-2144,-1016,-16984,40,18,-31,0
S,53441638,up2,26,0,1630,1520,-2088,-944,-16984,40,14,-34,0
S,53446639,up2,26,0,1630,1520,-2152,-944,-17088,32,14,-33,0
S,53451639,up2,26,0,1630,1520,-2088,-952,-17072,44,17,-27,0
S,53456638,up2,26,0,1630,1520,-2136,-984,-16984,41,23,-37,0
S,53461639,up2,26,0,1630,1520,-2040,-1056,-16984,37,17,-30,0
S,53466638,up2,26,0,1630,1520,-2056,-984,-17040,34,22,-35,0
S,53471638,up2,26,0,1630,1520,-2128,-840,-16944,35,25,-26,0
S,53476639,up2,26,0,1630,1520,-2000,-880,-17040,36,33,-29,0
S,53481638,up2,26,0,1630,1520,-1976,-928,-16960,41,32,-30,0
S,53486638,up2,26,0,1630,1520,-2056,-1024,-16944,38,32,-27,0
S,53491638,up2,26,0,1630,1520,-2072,-928,-17032,36,34,-26,0
S,53496638,up2,26,0,1630,1520,-2128,-904,-17072,34,24,-32,0
S,53501639,up2,26,0,1630,1520,-1976,-1000,-16856,41,26,-31,0
S,53506638,up2,26,0,1630,1520,-1984,-920,-17096,33,19,-33,0
S,53511638,up2,26,0,1630,1520,-2112,-856,-16952,38,16,-28,0
S,53516638,up2,26,0,1630,1520,-2040,-944,-16976,43,16,-28,0
S,53521639,up2,26,0,1630,1520,-2120,-1016,-17048,37,17,-36,0
S,53526638,up2,26,0,1630,1520,-2208,-1008,-16936,37,16,-29,0
S,53531638,up2,26,0,1630,1520,-2064,-1032,-17056,42,19,-30,0
S,53536638,up2,26,0,1630,1520,-1888,-912,-17016,46,22,-25,0
S,53541639,up2,26,0,1630,1520,-1952,-1040,-16896,37,22,-30,0
S,53546638,up2,26,0,1630,1520,-2128,-1016,-17016,31,25,-36,0
S,53551639,up2,26,0,1630,1520,-2104,-1104,-16984,36,26,-28,0
S,53556638,up2,26,0,1630,1520,-2056,-856,-17016,33,27,-29,0
S,53561639,up2,26,0,1630,1520,-2112,-1024,-17096,34,27,-32,0
S,53566638,up2,26,0,1630,1520,-2112,-1000,-17032,33,22,-28,0
S,53571638,up2,26,0,1630,1520,-2112,-832,-16936,33,21,-30,0
S,53576639,up2,26,0,1630,1520,-2080,-984,-16952,43,23,-29,0
S,53581638,up2,26,0,1630,1520,-2096,-960,-16976,42,25,-28,0
S,53586638,up2,26,0,1630,1520,-1992,-952,-16960,39,18,-27,0
E,53586742,up2,27,0,1640,1520,,,,,,,0
S,53587374,up2,27,0,1640,1520,-1992,-1064,-16976,38,22,-25,0
S,53592364,up2,27,0,1640,1520,-1944,-936,-17000,44,21,-34,0
S,53597363,up2,27,0,1640,1520,-2864,-1496,-16864,46,3,-29,0
S,53602363,up2,27,0,1640,1520,-2296,-1288,-17024,51,-27,-46,0
S,53607363,up2,27,0,1640,1520,-3352,-792,-17856,28,-88,-117,0
S,53612363,up2,27,0,1640,1520,208,56,-15576,38,-130,-60,0
S,53617364,up2,27,0,1640,1520,-2848,-1512,-18104,1,-151,4,0
S,53622363,up2,27,0,1640,1520,-1784,-520,-16640,15,-184,-16,0
S,53627363,up2,27,0,1640,1520,-2024,-1152,-17072,25,-220,-13,0
S,53632363,up2,27,0,1640,1520,-2192,-488,-17120,33,-225,-6,0
S,53637363,up2,27,0,1640,1520,-2272,-1216,-17224,46,-219,-11,0
S,53642363,up2,27,0,1640,1520,-1968,-928,-16712,62,-193,-9,0
S,53647363,up2,27,0,1640,1520,-1960,-1336,-17448,69,-154,-14,0
S,53652363,up2,27,0,1640,1520,-2008,-928,-16648,72,-104,-16,0
S,53657363,up2,27,0,1640,1520,-2136,-1152,-16976,70,-59,-11,0
S,53662363,up2,27,0,1640,1520,-2184,-872,-16984,65,1,-22,0
S,53667363,up2,27,0,1640,1520,-2328,-1120,-16928,55,61,-27,0
S,53672363,up2,27,0,1640,1520,-2224,-936,-16824,53,98,-30,0
S,53677363,up2,27,0,1640,1520,-2288,-896,-16992,37,115,-28,0
S,53682363,up2,27,0,1640,1520,-1984,-832,-16968,23,121,-34,0
S,53687363,up2,27,0,1640,1520,-2304,-872,-16888,11,111,-34,0
S,53692363,up2,27,0,1640,1520,-2064,-872,-17040,2,90,-31,0
S,53697363,up2,27,0,1640,1520,-2168,-816,-16992,-1,54,-29,0
S,53702364,up2,27,0,1640,1520,-2152,-928,-17104,2,10,-27,0
S,53707363,up2,27,0,1640,1520,-2112,-968,-16824,12,-11,-29,0
S,53712363,up2,27,0,1640,1520,-2264,-1096,-17032,25,-29,-25,0
S,53717363,up2,27,0,1640,1520,-2128,-984,-17080,42,-36,-31,0
S,53722363,up2,27,0,1640,1520,-2288,-1072,-16816,63,-31,-27,0
S,53727363,up2,27,0,1640,1520,-2192,-992,-17056,75,-21,-33,0
S,53732363,up2,27,0,1640,1520,-2192,-1064,-16960,75,-2,-29,0
S,53737363,up2,27,0,1640,1520,-2272,-1032,-17000,76,20,-27,0
S,53742363,up2,27,0,1640,1520,-2160,-840,-16824,63,38,-28,0
S,53747363,up2,27,0,1640,1520,-2288,-1000,-17112,56,56,-28,0
S,53752363,up2,27,0,1640,1520,-2152,-888,-16968,41,60,-33,0
S,53757364,up2,27,0,1640,1520,-2096,-840,-17032,24,60,-33,0
S,53762363,up2,27,0,1640,1520,-2120,-872,-16984,10,51,-32,0
S,53767363,up2,27,0,1640,1520,-2160,-832,-16952,7,42,-33,0
S,53772363,up2,27,0,1640,1520,-2272,-1032,-17016,1,24,-28,0
S,53777363,up2,27,0,1640,1520,-2280,-920,-17008,10,15,-25,0
S,53782363,up2,27,0,1640,1520,-2184,-904,-17008,12,3,-31,0
S,53787363,up2,27,0,1640,1520,-2200,-968,-17000,27,0,-31,0
S,53792363,up2,27,0,1640,1520,-2184,-1048,-17064,46,2,-23,0
S,53797363,up2,27,0,1640,1520,-2112,-1048,-16984,63,11,-32,0
S,53802363,up2,27,0,1640,1520,-2168,-1056,-17064,67,15,-35,0
S,53807363,up2,27,0,1640,1520,-2176,-1128,-16976,66,22,-25,0
S,53812363,up2,27,0,1640,1520,-2208,-824,-16768,62,25,-34,0
S,53817363,up2,27,0,1640,1520,-2304,-928,-17000,57,33,-25,0
S,53822363,up2,27,0,1640,1520,-2168,-960,-16712,42,32,-24,0
S,53827363,up2,27,0,1640,1520,-2336,-912,-17120,35,32,-28,0
S,53832363,up2,27,0,1640,1520,-2184,-800,-16968,26,29,-30,0
S,53837363,up2,27,0,1640,1520,-2296,-1000,-16904,13,29,-31,0
S,53842363,up2,27,0,1640,1520,-2208,-792,-16976,13,23,-29,0
S,53847363,up2,27,0,1640,1520,-2168,-1048,-16984,15,26,-27,0
S,53852363,up2,27,0,1640,1520,-2152,-936,-16984,31,17,-29,0
S,53857363,up2,27,0,1640,1520,-2160,-984,-16928,26,16,-36,0
S,53862363,up2,27,0,1640,1520,-2368,-1040,-16984,39,20,-35,0
S,53867363,up2,27,0,1640,1520,-2216,-896,-17032,48,21,-25,0
S,53872363,up2,27,0,1640,1520,-2248,-1048,-16944,59,23,-24,0
S,53877363,up2,27,0,1640,1520,-2344,-1120,-16944,55,31,-27,0
S,53882363,up2,27,0,1640,1520,-2256,-864,-16952,57,26,-29,0
S,53887363,up2,27,0,1640,1520,-2288,-1008,-16864,48,32,-37,0
S,53892364,up2,27,0,1640,1520,-2176,-936,-16864,44,25,-31,0
S,53897363,up2,27,0,1640,1520,-2272,-840,-16976,35,19,-31,0
S,53902363,up2,27,0,1640,1520,-2160,-992,-16960,30,17,-29,0
S,53907363,up2,27,0,1640,1520,-2104,-832,-16992,30,22,-30,0
S,53912363,up2,27,0,1640,1520,-2192,-984,-16952,25,21,-25,0
S,53917363,up2,27,0,1640,1520,-2168,-912,-17000,22,24,-33,0
S,53922363,up2,27,0,1640,1520,-2128,-1000,-16952,30,27,-30,0
S,53927363,up2,27,0,1640,1520,-2184,-920,-16952,35,27,-34,0
S,53932363,up2,27,0,1640,1520,-2272,-968,-16904,39,35,-34,0
S,53937363,up2,27,0,1640,1520,-2200,-1056,-16984,50,29,-30,0
S,53942363,up2,27,0,1640,1520,-2264,-880,-16984,47,28,-26,0
S,53947363,up2,27,0,1640,1520,-2216,-880,-16840,46,20,-32,0
S,53952363,up2,27,0,1640,1520,-2336,-1032,-16896,47,25,-30,0
S,53957363,up2,27,0,1640,1520,-2224,-968,-16912,41,19,-29,0
S,53962363,up2,27,0,1640,1520,-2248,-872,-16936,39,16,-31,0
S,53967363,up2,27,0,1640,1520,-2272,-1024,-16968,33,17,-29,0
S,53972363,up2,27,0,1640,1520,-2176,-952,-16944,29,15,-33,0
S,53977363,up2,27,0,1640,1520,-2120,-1048,-16936,29,21,-32,0
S,53982363,up2,27,0,1640,1520,-2208,-984,-16976,28,25,-29,0
S,53987363,up2,27,0,1640,1520,-2208,-832,-16952,34,30,-32,0
S,53992363,up2,27,0,1640,1520,-2176,-968,-16888,45,27,-27,0
S,53997363,up2,27,0,1640,1520,-2280,-848,-17056,38,31,-31,0
S,54002363,up2,27,0,1640,1520,-2208,-904,-16896,41,30,-29,0
S,54007363,up2,27,0,1640,1520,-2144,-1032,-17056,39,28,-28,0
S,54012363,up2,27,0,1640,1520,-2256,-1016,-16984,37,24,-29,0
S,54017363,up2,27,0,1640,1520,-2312,-984,-17008,40,20,-31,0
S,54022363,up2,27,0,1640,1520,-2168,-808,-17032,34,20,-34,0
S,54027363,up2,27,0,1640,1520,-2232,-968,-16848,36,16,-27,0
S,54032363,up2,27,0,1640,1520,-2192,-992,-16968,31,17,-28,0
S,54037363,up2,27,0,1640,1520,-2272,-952,-16992,41,14,-34,0
S,54042363,up2,27,0,1640,1520,-2240,-984,-16920,39,20,-30,0
S,54047363,up2,27,0,1640,1520,-2072,-1000,-16888,36,17,-25,0
S,54052363,up2,27,0,1640,1520,-2152,-984,-16968,41,24,-32,0
S,54057363,up2,27,0,1640,1520,-2168,-944,-16864,34,19,-28,0
S,54062363,up2,27,0,1640,1520,-2192,-824,-16984,42,28,-29,0
S,54067363,up2,27,0,1640,1520,-2144,-1024,-16856,39,25,-28,0
S,54072363,up2,27,0,1640,1520,-2096,-832,-16960,36,27,-31,0
S,54077363,up2,27,0,1640,1520,-2304,-1032,-16840,33,25,-32,0
S,54082363,up2,27,0,1640,1520,-2248,-936,-16920,37,20,-37,0
S,54087363,up2,27,0,1640,1520,-2088,-1080,-17040,30,16,-28,0
E,54087469,up2,28,0,1650,1520,,,,,,,0
S,54088103,up2,28,0,1650,1520,-2192,-904,-16984,29,22,-27,0
S,54093093,up2,28,0,1650,1520,-2368,-976,-17096,37,17,-29,0
S,54098092,up2,28,0,1650,1520,-2664,-1408,-16928,43,6,-26,0
S,54103091,up2,28,0,1650,1520,-1352,-584,-16880,44,-24,-42,0
S,54108091,up2,28,0,1650,1520,-2224,-832,-17280,28,-53,-33,0
S,54113091,up2,28,0,1650,1520,-1904,-1104,-16584,12,-80,-32,0
S,54118091,up2,28,0,1650,1520,-4400,-2360,-17008,21,-157,-59,0
S,54123091,up2,28,0,1650,1520,-48,1256,-16136,18,-171,-32,0
S,54128091,up2,28,0,1650,1520,-2984,-2024,-18216,13,-211,-32,0
S,54133092,up2,28,0,1650,1520,-2272,-520,-15984,22,-246,-10,0
S,54138091,up2,28,0,1650,1520,-1888,-824,-17416,26,-261,-19,0
S,54143091,up2,28,0,1650,1520,-2624,-1888,-16584,47,-262,-9,0
S,54148091,up2,28,0,1650,1520,-2168,-912,-16864,55,-242,-19,0
S,54153092,up2,28,0,1650,1520,-2184,-672,-16912,64,-204,-2,0
S,54158092,up2,28,0,1650,1520,-2104,-1160,-17024,78,-169,-7,0
S,54163091,up2,28,0,1650,1520,-2352,-720,-16792,71,-99,-3,0
S,54168091,up2,28,0,1650,1520,-2112,-1248,-17120,75,-37,-17,0
S,54173092,up2,28,0,1650,1520,-2472,-1032,-16760,73,25,-26,0
S,54178092,up2,28,0,1650,1520,-2536,-1168,-17072,68,75,-27,0
S,54183091,up2,28,0,1650,1520,-2328,-800,-16760,45,111,-32,0
S,54188092,up2,28,0,1650,1520,-2464,-1000,-17064,34,131,-28,0
S,54193092,up2,28,0,1650,1520,-2344,-640,-16976,22,126,-37,0
S,54198092,up2,28,0,1650,1520,-2464,-984,-16992,5,113,-32,0
S,54203092,up2,28,0,1650,1520,-2264,-752,-16968,0,84,-31,0
S,54208091,up2,28,0,1650,1520,-2528,-928,-16872,-7,43,-34,0
S,54213092,up2,28,0,1650,1520,-2368,-928,-16984,0,4,-31,0
S,54218091,up2,28,0,1650,1520,-2288,-920,-17064,9,-25,-24,0
S,54223091,up2,28,0,1650,1520,-2400,-1144,-17008,23,-42,-31,0
S,54228091,up2,28,0,1650,1520,-2280,-1080,-16856,46,-46,-28,0
S,54233091,up2,28,0,1650,1520,-2552,-1048,-16904,60,-33,-26,0
S,54238091,up2,28,0,1650,1520,-2200,-984,-16960,79,-18,-26,0
S,54243092,up2,28,0,1650,1520,-2384,-960,-17040,83,4,-31,0
S,54248092,up2,28,0,1650,1520,-2416,-880,-16832,77,23,-28,0
S,54253091,up2,28,0,1650,1520,-2504,-1000,-16896,72,46,-32,0
S,54258091,up2,28,0,1650,1520,-2424,-920,-17008,58,61,-30,0
S,54263091,up2,28,0,1650,1520,-2656,-880,-16992,46,68,-23,0
S,54268091,up2,28,0,1650,1520,-2440,-744,-16864,27,65,-34,0
S,54273091,up2,28,0,1650,1520,-2456,-920,-16896,18,54,-30,0
S,54278092,up2,28,0,1650,1520,-2504,-984,-16880,5,38,-26,0
S,54283091,up2,28,0,1650,1520,-2312,-824,-17016,-6,19,-28,0
S,54288091,up2,28,0,1650,1520,-2488,-920,-16984,-1,3,-27,0
S,54293091,up2,28,0,1650,1520,-2376,-1208,-16880,5,1,-28,0
S,54298091,up2,28,0,1650,1520,-2320,-872,-16976,22,-1,-26,0
S,54303091,up2,28,0,1650,1520,-2416,-1144,-16968,43,7,-27,0
S,54308091,up2,28,0,1650,1520,-2432,-872,-16952,57,5,-23,0
S,54313092,up2,28,0,1650,1520,-2416,-912,-17024,63,17,-25,0
S,54318092,up2,28,0,1650,1520,-2472,-1056,-16848,75,29,-29,0
S,54323091,up2,28,0,1650,1520,-2464,-992,-16824,70,30,-31,0
S,54328091,up2,28,0,1650,1520,-2336,-960,-17120,60,37,-32,0
S,54333092,up2,28,0,1650,1520,-2456,-816,-16792,49,41,-25,0
S,54338092,up2,28,0,1650,1520,-2400,-1024,-17000,36,35,-31,0
S,54343091,up2,28,0,1650,1520,-2472,-904,-16888,21,28,-26,0
S,54348091,up2,28,0,1650,1520,-2320,-864,-17016,21,20,-25,0
S,54353092,up2,28,0,1650,1520,-2464,-856,-16936,10,20,-27,0
S,54358091,up2,28,0,1650,1520,-2424,-928,-16912,16,14,-25,0
S,54363091,up2,28,0,1650,1520,-2296,-944,-16968,18,16,-25,0
S,54368091,up2,28,0,1650,1520,-2368,-1016,-16760,24,20,-29,0
S,54373091,up2,28,0,1650,1520,-2368,-856,-16920,38,22,-26,0
S,54378092,up2,28,0,1650,1520,-2240,-936,-16984,54,26,-28,0
S,54383091,up2,28,0,1650,1520,-2360,-992,-16928,55,28,-33,0
S,54388091,up2,28,0,1650,1520,-2432,-1008,-16912,56,31,-31,0
S,54393092,up2,28,0,1650,1520,-2472,-936,-16992,60,21,-35,0
S,54398092,up2,28,0,1650,1520,-2408,-904,-16944,45,30,-35,0
S,54403091,up2,28,0,1650,1520,-2520,-976,-16960,42,24,-28,0
S,54408091,up2,28,0,1650,1520,-2304,-856,-16904,42,16,-25,0
S,54413092,up2,28,0,1650,1520,-2424,-984,-16920,32,19,-25,0
S,54418091,up2,28,0,1650,1520,-2424,-992,-16808,25,12,-32,0
S,54423091,up2,28,0,1650,1520,-2456,-1008,-16960,23,20,-29,0
S,54428092,up2,28,0,1650,1520,-2296,-952,-16864,24,22,-32,0
S,54433091,up2,28,0,1650,1520,-2416,-1000,-16960,30,25,-25,0
S,54438091,up2,28,0,1650,1520,-2384,-1040,-16928,30,26,-26,0
S,54443091,up2,28,0,1650,1520,-2432,-912,-16912,35,32,-32,0
S,54448091,up2,28,0,1650,1520,-2416,-1000,-16896,44,27,-27,0
S,54453092,up2,28,0,1650,1520,-2448,-936,-16992,49,26,-37,0
S,54458091,up2,28,0,1650,1520,-2424,-952,-16816,46,30,-32,0
S,54463091,up2,28,0,1650,1520,-2288,-952,-16936,46,25,-36,0
S,54468091,up2,28,0,1650,1520,-2504,-936,-17000,42,17,-30,0
S,54473091,up2,28,0,1650,1520,-2424,-752,-17000,38,17,-32,0
S,54478091,up2,28,0,1650,1520,-2312,-1064,-16808,34,17,-28,0
S,54483092,up2,28,0,1650,1520,-2312,-960,-16768,33,11,-28,0
S,54488092,up2,28,0,1650,1520,-2552,-912,-16888,33,14,-26,0
S,54493092,up2,28,0,1650,1520,-2376,-976,-16984,35,24,-26,0
S,54498091,up2,28,0,1650,1520,-2400,-944,-16960,36,24,-32,0
S,54503091,up2,28,0,1650,1520,-2416,-944,-16840,37,28,-31,0
S,54508091,up2,28,0,1650,1520,-2360,-1008,-16920,37,32,-32,0
S,54513092,up2,28,0,1650,1520,-2464,-936,-16872,41,30,-26,0
S,54518091,up2,28,0,1650,1520,-2328,-976,-16992,42,30,-31,0
S,54523091,up2,28,0,1650,1520,-2432,-824,-17032,38,24,-30,0
S,54528091,up2,28,0,1650,1520,-2384,-960,-16816,46,27,-35,0
S,54533091,up2,28,0,1650,1520,-2424,-1000,-17056,37,22,-26,0
S,54538092,up2,28,0,1650,1520,-2352,-920,-16936,38,12,-29,0
S,54543091,up2,28,0,1650,1520,-2352,-1032,-16872,39,16,-25,0
S,54548092,up2,28,0,1650,1520,-2312,-944,-17016,35,23,-29,0
S,54553092,up2,28,0,1650,1520,-2424,-920,-16912,32,22,-32,0
S,54558092,up2,28,0,1650,1520,-2416,-920,-16928,37,21,-31,0
S,54563091,up2,28,0,1650,1520,-2456,-928,-16936,38,20,-32,0
S,54568091,up2,28,0,1650,1520,-2440,-888,-16976,45,24,-30,0
S,54573091,up2,28,0,1650,1520,-2376,-928,-16920,43,25,-29,0
S,54578091,up2,28,0,1650,1520,-2608,-784,-16912,41,27,-34,0
S,54583091,up2,28,0,1650,1520,-2320,-1024,-16880,43,25,-29,0
S,54588092,up2,28,0,1650,1520,-2496,-960,-16984,36,28,-26,0
E,54588200,up2,29,0,1660,1520,,,,,,,0
S,54588832,up2,29,0,1660,1520,-2496,-960,-16984,39,34,-25,0
S,54593822,up2,29,0,1660,1520,-2376,-880,-16832,40,24,-27,0
S,54598821,up2,29,0,1660,1520,-3216,-968,-16824,40,8,-27,0
S,54603821,up2,29,0,1660,1520,-1952,120,-16704,41,-30,-47,0
S,54608821,up2,29,0,1660,1520,-3000,-1000,-17256,26,-58,-59,0
S,54613821,up2,29,0,1660,1520,-3384,-1736,-16840,19,-114,-57,0
S,54618821,up2,29,0,1660,1520,-1952,240,-16480,16,-167,-42,0
S,54623821,up2,29,0,1660,1520,-1464,-504,-17224,6,-202,-26,0
S,54628821,up2,29,0,1660,1520,-3480,-1368,-17280,6,-252,-22,0
S,54633821,up2,29,0,1660,1520,-2896,-1312,-16248,13,-300,-6,0
S,54638821,up2,29,0,1660,1520,-3256,-1576,-16848,34,-338,-44,0
S,54643821,up2,29,0,1660,1520,-1352,-416,-16816,33,-327,-9,0
S,54648821,up2,29,0,1660,1520,-3032,-2288,-17048,36,-310,-2,0
S,54653821,up2,29,0,1660,1520,-3104,-896,-16680,68,-293,-12,0
S,54658821,up2,29,0,1660,1520,-1776,-624,-16728,79,-242,-5,0
S,54663821,up2,29,0,1660,1520,-1896,-1184,-17152,72,-174,-10,0
S,54668821,up2,29,0,1660,1520,-2088,-624,-17080,70,-79,-26,0
S,54673821,up2,29,0,1660,1520,-3016,-1608,-16536,81,6,-31,0
S,54678821,up2,29,0,1660,1520,-2720,-1224,-16648,85,69,-26,0
S,54683821,up2,29,0,1660,1520,-2488,-1008,-16872,83,133,-26,0
S,54688821,up2,29,0,1660,1520,-2352,-744,-17168,58,171,-22,0
S,54693821,up2,29,0,1660,1520,-2784,-768,-16928,33,175,-30,0
S,54698821,up2,29,0,1660,1520,-2520,-824,-17048,19,151,-35,0
S,54703821,up2,29,0,1660,1520,-2664,-800,-16992,-2,111,-46,0
S,54708821,up2,29,0,1660,1520,-2680,-720,-17104,-12,61,-34,0
S,54713821,up2,29,0,1660,1520,-2656,-768,-16768,-14,8,-31,0
S,54718821,up2,29,0,1660,1520,-2592,-1096,-16968,-21,-35,-28,0
S,54723821,up2,29,0,1660,1520,-2704,-896,-16888,-5,-67,-25,0
S,54728821,up2,29,0,1660,1520,-2776,-1256,-16984,13,-67,-34,0
S,54733821,up2,29,0,1660,1520,-2688,-1144,-16880,43,-64,-27,0
S,54738821,up2,29,0,1660,1520,-2784,-1120,-16808,63,-41,-30,0
S,54743821,up2,29,0,1660,1520,-2544,-1032,-17024,84,-7,-33,0
S,54748821,up2,29,0,1660,1520,-2680,-1040,-16848,81,20,-30,0
S,54753821,up2,29,0,1660,1520,-2624,-1120,-16736,87,45,-29,0
S,54758821,up2,29,0,1660,1520,-2752,-840,-16864,74,69,-32,0
S,54763821,up2,29,0,1660,1520,-2712,-760,-16888,62,80,-37,0
S,54768821,up2,29,0,1660,1520,-2584,-944,-16824,40,74,-27,0
S,54773821,up2,29,0,1660,1520,-2592,-888,-16768,29,67,-28,0
S,54778821,up2,29,0,1660,1520,-2504,-864,-16968,4,49,-28,0
S,54783821,up2,29,0,1660,1520,-2632,-816,-16880,-1,18,-25,0
S,54788821,up2,29,0,1660,1520,-2696,-920,-16952,-2,4,-36,0
S,54793821,up2,29,0,1660,1520,-2472,-1016,-16872,1,-12,-33,0
S,54798821,up2,29,0,1660,1520,-2680,-1024,-16864,6,-14,-34,0
S,54803821,up2,29,0,1660,1520,-2568,-888,-16952,25,-6,-29,0
S,54808821,up2,29,0,1660,1520,-2584,-1032,-16856,41,1,-25,0
S,54813822,up2,29,0,1660,1520,-2624,-1112,-16840,56,14,-28,0
S,54818822,up2,29,0,1660,1520,-2704,-1040,-16880,72,32,-33,0
S,54823822,up2,29,0,1660,1520,-2544,-1008,-16904,71,39,-28,0
S,54828821,up2,29,0,1660,1520,-2728,-864,-16808,69,43,-33,0
S,54833821,up2,29,0,1660,1520,-2504,-928,-17072,59,39,-28,0
S,54838821,up2,29,0,1660,1520,-2520,-744,-16752,46,41,-30,0
S,54843821,up2,29,0,1660,1520,-2680,-880,-16904,35,32,-30,0
S,54848821,up2,29,0,1660,1520,-2664,-816,-16744,20,24,-31,0
S,54853822,up2,29,0,1660,1520,-2632,-912,-16984,16,15,-32,0
S,54858821,up2,29,0,1660,1520,-2640,-920,-16872,7,9,-28,0
S,54863822,up2,29,0,1660,1520,-2560,-1008,-16944,12,5,-30,0
S,54868821,up2,29,0,1660,1520,-2712,-1056,-16792,22,5,-26,0
S,54873821,up2,29,0,1660,1520,-2704,-1072,-16816,29,16,-25,0
S,54878821,up2,29,0,1660,1520,-2624,-976,-16944,41,21,-21,0
S,54883821,up2,29,0,1660,1520,-2576,-872,-16824,54,28,-25,0
S,54888821,up2,29,0,1660,1520,-2584,-1064,-16960,53,31,-31,0
S,54893821,up2,29,0,1660,1520,-2584,-960,-16800,58,35,-36,0
S,54898821,up2,29,0,1660,1520,-2616,-784,-16840,51,36,-28,0
S,54903821,up2,29,0,1660,1520,-2736,-896,-16888,46,26,-28,0
S,54908821,up2,29,0,1660,1520,-2640,-960,-16936,35,18,-32,0
S,54913821,up2,29,0,1660,1520,-2552,-920,-16832,32,22,-30,0
S,54918821,up2,29,0,1660,1520,-2624,-832,-16920,27,14,-31,0
S,54923821,up2,29,0,1660,1520,-2536,-912,-16896,25,14,-28,0
S,54928821,up2,29,0,1660,1520,-2632,-952,-16888,25,13,-30,0
S,54933821,up2,29,0,1660,1520,-2600,-888,-16832,26,19,-28,0
S,54938821,up2,29,0,1660,1520,-2712,-1032,-16992,38,23,-33,0
S,54943821,up2,29,0,1660,1520,-2696,-1032,-16904,40,32,-31,0
S,54948821,up2,29,0,1660,1520,-2720,-976,-16936,51,34,-31,0
S,54953821,up2,29,0,1660,1520,-2640,-1016,-16992,46,29,-28,0
S,54958821,up2,29,0,1660,1520,-2680,-1008,-16960,44,36,-28,0
S,54963821,up2,29,0,1660,1520,-2632,-856,-17024,51,32,-31,0
S,54968821,up2,29,0,1660,1520,-2624,-920,-16864,38,28,-31,0
S,54973821,up2,29,0,1660,1520,-2648,-984,-16928,36,19,-23,0
S,54978821,up2,29,0,1660,1520,-2592,-824,-16904,35,16,-29,0
S,54983821,up2,29,0,1660,1520,-2728,-1000,-16896,27,18,-27,0
S,54988821,up2,29,0,1660,1520,-2608,-1008,-16808,31,13,-31,0
S,54993821,up2,29,0,1660,1520,-2576,-840,-16928,32,21,-33,0
S,54998821,up2,29,0,1660,1520,-2640,-920,-16848,40,25,-27,0
S,55003821,up2,29,0,1660,1520,-2632,-920,-16952,37,34,-34,0
S,55008821,up2,29,0,1660,1520,-2584,-1016,-16912,42,29,-29,0
S,55013821,up2,29,0,1660,1520,-2680,-952,-16936,47,33,-30,0
S,55018821,up2,29,0,1660,1520,-2560,-936,-16776,46,36,-31,0
S,55023821,up2,29,0,1660,1520,-2696,-944,-17000,45,28,-30,0
S,55028821,up2,29,0,1660,1520,-2504,-1000,-16888,43,21,-26,0
S,55033821,up2,29,0,1660,1520,-2712,-936,-16936,36,18,-29,0
S,55038821,up2,29,0,1660,1520,-2704,-808,-16864,36,16,-28,0
S,55043821,up2,29,0,1660,1520,-2496,-936,-16872,29,13,-27,0
S,55048821,up2,29,0,1660,1520,-2736,-1040,-16888,28,19,-36,0
S,55053822,up2,29,0,1660,1520,-2688,-912,-16840,34,20,-30,0
S,55058821,up2,29,0,1660,1520,-2632,-920,-16880,35,14,-28,0
S,55063821,up2,29,0,1660,1520,-2592,-984,-16880,36,23,-35,0
S,55068821,up2,29,0,1660,1520,-2688,-1032,-16864,41,28,-30,0
S,55073821,up2,29,0,1660,1520,-2648,-880,-16888,39,29,-36,0
S,55078821,up2,29,0,1660,1520,-2728,-1040,-16880,41,25,-27,0
S,55083822,up2,29,0,1660,1520,-2568,-960,-16840,38,22,-35,0
S,55088821,up2,29,0,1660,1520,-2680,-896,-16728,42,24,-35,0
E,55088926,up2,30,0,1670,1520,,,,,,,0
S,55089560,up2,30,0,1670,1520,-2624,-904,-16864,42,24,-35,0
S,55094550,up2,30,0,1670,1520,-2656,-864,-16912,37,24,-29,0
S,55099549,up2,30,0,1670,1520,-3352,-1200,-16816,33,15,-24,0
S,55104549,up2,30,0,1670,1520,-1560,-512,-16808,32,-10,-43,0
S,55109549,up2,30,0,1670,1520,-2768,-920,-17368,22,-22,-32,0
S,55114549,up2,30,0,1670,1520,-1320,472,-16728,19,-56,-32,0
S,55119549,up2,30,0,1670,1520,-2840,-2688,-16912,11,-75,-19,0
S,55124549,up2,30,0,1670,1520,-6736,-3424,-16608,18,-99,-32,0
S,55129549,up2,30,0,1670,1520,-1864,-344,-16832,36,-127,-65,0
S,55134549,up2,30,0,1670,1520,-2488,-856,-17432,37,-73,-18,0
S,55139549,up2,30,0,1670,1520,-2560,-1792,-16632,59,-51,-41,0
S,55144549,up2,30,0,1670,1520,-2736,-792,-16776,79,-25,-35,0
S,55149549,up2,30,0,1670,1520,-2720,-1088,-16888,86,9,-27,0
S,55154549,up2,30,0,1670,1520,-2984,-1088,-16760,90,49,-29,0
S,55159549,up2,30,0,1670,1520,-2720,-568,-16512,79,66,-30,0
S,55164549,up2,30,0,1670,1520,-2672,-840,-17024,67,74,-25,0
S,55169549,up2,30,0,1670,1520,-2688,-656,-16768,34,59,-30,0
S,55174549,up2,30,0,1670,1520,-2616,-872,-17016,22,38,-29,0
S,55179549,up2,30,0,1670,1520,-2752,-768,-16880,-5,21,-28,0
S,55184549,up2,30,0,1670,1520,-2608,-960,-16896,-2,6,-29,0
S,55189549,up2,30,0,1670,1520,-2648,-968,-17000,-13,-8,-31,0
S,55194548,up2,30,0,1670,1520,-2672,-952,-16912,-1,-6,-31,0
S,55199549,up2,30,0,1670,1520,-2712,-1024,-16880,16,12,-29,0
S,55204549,up2,30,0,1670,1520,-2848,-1192,-16760,39,20,-29,0
S,55209549,up2,30,0,1670,1520,-2728,-1040,-16944,63,39,-35,0
S,55214550,up2,30,0,1670,1520,-2696,-944,-16864,71,44,-33,0
S,55219549,up2,30,0,1670,1520,-2656,-976,-16896,68,43,-32,0
S,55224549,up2,30,0,1670,1520,-2584,-816,-17040,65,35,-32,0
S,55229549,up2,30,0,1670,1520,-2864,-976,-16872,51,24,-30,0
S,55234549,up2,30,0,1670,1520,-2496,-816,-16896,40,17,-29,0
S,55239549,up2,30,0,1670,1520,-2688,-1008,-16920,30,2,-33,0
S,55244549,up2,30,0,1670,1520,-2768,-944,-16992,29,8,-31,0
S,55249549,up2,30,0,1670,1520,-2592,-808,-16776,19,9,-30,0
S,55254549,up2,30,0,1670,1520,-2704,-1048,-17016,26,16,-24,0
S,55259549,up2,30,0,1670,1520,-2704,-1008,-16712,26,29,-34,0
S,55264549,up2,30,0,1670,1520,-2728,-1040,-16880,36,40,-30,0
S,55269549,up2,30,0,1670,1520,-2664,-872,-16864,36,45,-27,0
S,55274549,up2,30,0,1670,1520,-2688,-1008,-16912,43,41,-30,0
S,55279549,up2,30,0,1670,1520,-2560,-944,-17048,40,31,-31,0
S,55284549,up2,30,0,1670,1520,-2808,-872,-16840,43,25,-25,0
S,55289549,up2,30,0,1670,1520,-2600,-1000,-16968,37,11,-26,0
S,55294549,up2,30,0,1670,1520,-2568,-936,-17072,35,7,-30,0
S,55299549,up2,30,0,1670,1520,-2656,-1096,-16960,39,9,-29,0
S,55304549,up2,30,0,1670,1520,-2680,-832,-16904,36,10,-34,0
S,55309549,up2,30,0,1670,1520,-2792,-1008,-16992,44,12,-33,0
S,55314550,up2,30,0,1670,1520,-2752,-1032,-16760,41,27,-33,0
S,55319550,up2,30,0,1670,1520,-2624,-816,-16992,38,33,-30,0
S,55324549,up2,30,0,1670,1520,-2736,-912,-17040,48,35,-36,0
S,55329549,up2,30,0,1670,1520,-2640,-920,-16880,37,37,-31,0
S,55334550,up2,30,0,1670,1520,-2768,-904,-16952,38,26,-33,0
S,55339549,up2,30,0,1670,1520,-2760,-872,-16848,26,26,-33,0
S,55344550,up2,30,0,1670,1520,-2608,-896,-16880,31,14,-33,0
S,55349549,up2,30,0,1670,1520,-2680,-1000,-16968,25,17,-35,0
S,55354549,up2,30,0,1670,1520,-2744,-1144,-16824,36,15,-33,0
S,55359549,up2,30,0,1670,1520,-2688,-904,-16816,35,15,-27,0
S,55364549,up2,30,0,1670,1520,-2760,-976,-16896,43,25,-27,0
S,55369549,up2,30,0,1670,1520,-2680,-1104,-16848,48,23,-31,0
S,55374549,up2,30,0,1670,1520,-2744,-1040,-16960,47,28,-28,0
S,55379549,up2,30,0,1670,1520,-2792,-1008,-16888,49,25,-31,0
S,55384549,up2,30,0,1670,1520,-2776,-944,-16936,48,25,-25,0
S,55389549,up2,30,0,1670,1520,-2496,-952,-16968,38,27,-30,0
S,55394551,up2,30,0,1670,1520,-2816,-856,-16848,38,23,-29,0
S,55399549,up2,30,0,1670,1520,-2624,-1000,-16824,28,20,-27,0
S,55404549,up2,30,0,1670,1520,-2648,-1072,-16848,32,16,-27,0
S,55409549,up2,30,0,1670,1520,-2712,-1016,-16920,35,24,-25,0
S,55414550,up2,30,0,1670,1520,-2752,-1008,-16928,28,26,-29,0
S,55419549,up2,30,0,1670,1520,-2840,-952,-16912,38,26,-28,0
S,55424550,up2,30,0,1670,1520,-2672,-992,-16856,39,30,-37,0
S,55429549,up2,30,0,1670,1520,-2736,-976,-16976,44,28,-37,0
S,55434549,up2,30,0,1670,1520,-2728,-968,-16936,44,30,-27,0
S,55439549,up2,30,0,1670,1520,-2888,-968,-16864,49,23,-30,0
S,55444550,up2,30,0,1670,1520,-2640,-912,-16800,42,21,-29,0
S,55449549,up2,30,0,1670,1520,-2624,-984,-16824,42,20,-38,0
S,55454551,up2,30,0,1670,1520,-2664,-880,-16832,35,15,-30,0
S,55459549,up2,30,0,1670,1520,-2696,-1048,-16920,34,23,-25,0
S,55464550,up2,30,0,1670,1520,-2648,-960,-16848,32,21,-28,0
S,55469549,up2,30,0,1670,1520,-2752,-1032,-16792,35,20,-28,0
S,55474549,up2,30,0,1670,1520,-2728,-976,-16896,41,26,-30,0
S,55479549,up2,30,0,1670,1520,-2720,-1056,-17080,34,25,-35,0
S,55484550,up2,30,0,1670,1520,-2744,-968,-17016,39,28,-30,0
S,55489549,up2,30,0,1670,1520,-2568,-1000,-16880,38,24,-28,0
S,55494549,up2,30,0,1670,1520,-2648,-984,-16928,34,21,-30,0
S,55499549,up2,30,0,1670,1520,-2744,-976,-16984,43,21,-33,0
S,55504549,up2,30,0,1670,1520,-2688,-960,-16856,32,19,-33,0
S,55509551,up2,30,0,1670,1520,-2776,-920,-16888,35,23,-29,0
S,55514549,up2,30,0,1670,1520,-2648,-912,-16880,37,22,-27,0
S,55519549,up2,30,0,1670,1520,-2720,-1008,-16880,39,19,-27,0
S,55524549,up2,30,0,1670,1520,-2752,-1000,-16896,38,21,-30,0
S,55529549,up2,30,0,1670,1520,-2688,-960,-16880,42,26,-31,0
S,55534549,up2,30,0,1670,1520,-2720,-1016,-16832,33,26,-30,0
S,55539549,up2,30,0,1670,1520,-2664,-968,-16816,35,23,-30,0
S,55544549,up2,30,0,1670,1520,-2728,-968,-16800,35,25,-25,0
S,55549551,up2,30,0,1670,1520,-2784,-928,-16872,40,26,-29,0
S,55554549,up2,30,0,1670,1520,-2680,-896,-16888,32,22,-31,0
S,55559549,up2,30,0,1670,1520,-2688,-1144,-16904,38,21,-30,0
S,55564549,up2,30,0,1670,1520,-2840,-896,-16888,33,23,-29,0
S,55569549,up2,30,0,1670,1520,-2776,-968,-16824,39,22,-27,0
S,55574549,up2,30,0,1670,1520,-2800,-896,-16920,38,23,-32,0
S,55579549,up2,30,0,1670,1520,-2648,-928,-16864,39,25,-28,0
S,55584549,up2,30,0,1670,1520,-2648,-984,-16808,40,26,-31,0
S,55589549,up2,30,0,1670,1520,-2664,-912,-17080,42,24,-31,0
E,55589652,up2,31,0,1680,1520,,,,,,,0
S,55590284,up2,31,0,1680,1520,-2704,-976,-17040,40,23,-28,0
S,55595275,up2,31,0,1680,1520,-2648,-920,-16920,39,21,-23,0
S,55600274,up2,31,0,1680,1520,-3288,-1216,-16896,41,19,-33,0
S,55605273,up2,31,0,1680,1520,-3320,-1272,-16896,43,3,-33,0
S,55610273,up2,31,0,1680,1520,-1648,-568,-16744,32,-16,-39,0
S,55615273,up2,31,0,1680,1520,-3600,-888,-17232,27,-26,-42,0
S,55620273,up2,31,0,1680,1520,-3248,-1280,-16560,23,-42,-34,0
S,55625273,up2,31,0,1680,1520,-5664,-1896,-17232,33,-87,-49,0
S,55630273,up2,31,0,1680,1520,-1584,-88,-16392,57,-104,-54,0
S,55635273,up2,31,0,1680,1520,-1608,-864,-17648,49,-91,-31,0
S,55640273,up2,31,0,1680,1520,-4760,-1872,-16856,65,-81,-35,0
S,55645273,up2,31,0,1680,1520,-2304,-1072,-16536,84,-107,-47,0
S,55650273,up2,31,0,1680,1520,-1936,-888,-17064,92,-83,-28,0
S,55655273,up2,31,0,1680,1520,-2912,-1128,-16984,75,-49,-33,0
S,55660273,up2,31,0,1680,1520,-2832,-976,-16320,81,-21,-39,0
S,55665273,up2,31,0,1680,1520,-2592,-1064,-16920,81,12,-24,0
S,55670273,up2,31,0,1680,1520,-2840,-888,-16832,64,44,-28,0
S,55675273,up2,31,0,1680,1520,-2792,-984,-16872,56,64,-26,0
S,55680273,up2,31,0,1680,1520,-2656,-816,-16824,35,71,-30,0
S,55685273,up2,31,0,1680,1520,-2784,-784,-16888,15,70,-24,0
S,55690273,up2,31,0,1680,1520,-2696,-792,-16880,1,50,-30,0
S,55695273,up2,31,0,1680,1520,-2744,-840,-16952,-9,24,-31,0
S,55700273,up2,31,0,1680,1520,-2744,-952,-16944,-14,12,-31,0
S,55705273,up2,31,0,1680,1520,-2736,-1224,-16896,-12,0,-32,0
S,55710274,up2,31,0,1680,1520,-2720,-944,-17056,8,-7,-28,0
S,55715273,up2,31,0,1680,1520,-2808,-1088,-16784,29,3,-32,0
S,55720273,up2,31,0,1680,1520,-2752,-1104,-16840,57,17,-24,0
S,55725273,up2,31,0,1680,1520,-2664,-1080,-16920,70,22,-25,0
S,55730273,up2,31,0,1680,1520,-2872,-1064,-16752,79,41,-26,0
S,55735273,up2,31,0,1680,1520,-2904,-736,-16808,83,40,-28,0
S,55740274,up2,31,0,1680,1520,-2760,-896,-17000,67,38,-25,0
S,55745273,up2,31,0,1680,1520,-2776,-896,-17096,56,28,-36,0
S,55750273,up2,31,0,1680,1520,-2760,-976,-16848,38,18,-29,0
S,55755273,up2,31,0,1680,1520,-2672,-952,-16832,24,10,-35,0
S,55760273,up2,31,0,1680,1520,-2816,-920,-16752,18,15,-29,0
S,55765273,up2,31,0,1680,1520,-2848,-976,-16712,13,6,-34,0
S,55770273,up2,31,0,1680,1520,-2752,-1072,-16880,10,20,-32,0
S,55775273,up2,31,0,1680,1520,-2864,-1048,-16800,23,29,-31,0
S,55780273,up2,31,0,1680,1520,-2864,-1056,-16896,26,34,-37,0
S,55785273,up2,31,0,1680,1520,-2704,-1072,-16768,31,36,-29,0
S,55790273,up2,31,0,1680,1520,-2816,-1104,-16872,44,41,-35,0
S,55795273,up2,31,0,1680,1520,-2904,-1056,-16984,45,34,-35,0
S,55800274,up2,31,0,1680,1520,-2816,-1112,-16880,48,27,-30,0
S,55805273,up2,31,0,1680,1520,-2736,-1040,-16944,43,13,-29,0
S,55810273,up2,31,0,1680,1520,-2800,-976,-16888,44,8,-32,0
S,55815274,up2,31,0,1680,1520,-2744,-984,-16816,40,4,-35,0
S,55820273,up2,31,0,1680,1520,-2640,-848,-16888,38,4,-31,0
S,55825273,up2,31,0,1680,1520,-2832,-960,-16928,32,20,-30,0
S,55830273,up2,31,0,1680,1520,-2808,-952,-16896,38,24,-26,0
S,55835273,up2,31,0,1680,1520,-2784,-984,-16992,35,33,-30,0
S,55840274,up2,31,0,1680,1520,-2744,-1112,-16864,29,33,-30,0
S,55845274,up2,31,0,1680,1520,-2792,-1048,-16864,28,36,-23,0
S,55850273,up2,31,0,1680,1520,-2680,-952,-16888,30,31,-28,0
S,55855273,up2,31,0,1680,1520,-2776,-1024,-16800,27,31,-33,0
S,55860273,up2,31,0,1680,1520,-2800,-904,-16920,31,21,-30,0
S,55865273,up2,31,0,1680,1520,-2760,-1016,-16800,30,18,-27,0
S,55870273,up2,31,0,1680,1520,-2768,-1144,-16936,36,12,-31,0
S,55875273,up2,31,0,1680,1520,-2832,-1000,-16840,42,18,-34,0
S,55880273,up2,31,0,1680,1520,-2840,-984,-16912,45,20,-34,0
S,55885273,up2,31,0,1680,1520,-2888,-968,-16864,44,22,-28,0
S,55890273,up2,31,0,1680,1520,-2760,-904,-16800,54,23,-27,0
S,55895273,up2,31,0,1680,1520,-2784,-952,-16816,42,24,-32,0
S,55900273,up2,31,0,1680,1520,-2824,-1064,-16936,38,25,-27,0
S,55905273,up2,31,0,1680,1520,-2784,-912,-16824,33,29,-27,0
S,55910273,up2,31,0,1680,1520,-2680,-912,-16808,34,27,-31,0
S,55915273,up2,31,0,1680,1520,-2768,-984,-16760,34,18,-30,0
S,55920273,up2,31,0,1680,1520,-2704,-968,-16800,27,21,-28,0
S,55925273,up2,31,0,1680,1520,-2720,-1016,-16904,30,23,-32,0
S,55930274,up2,31,0,1680,1520,-2808,-1128,-16912,29,24,-30,0
S,55935274,up2,31,0,1680,1520,-2720,-1160,-16904,31,26,-33,0
S,55940273,up2,31,0,1680,1520,-2848,-936,-16864,41,26,-31,0
S,55945273,up2,31,0,1680,1520,-2648,-984,-16824,45,24,-25,0
S,55950273,up2,31,0,1680,1520,-2760,-808,-16832,47,23,-29,0
S,55955273,up2,31,0,1680,1520,-2728,-1000,-16840,47,27,-25,0
S,55960273,up2,31,0,1680,1520,-2704,-1000,-16912,40,18,-27,0
S,55965273,up2,31,0,1680,1520,-2832,-1032,-16888,39,15,-32,0
S,55970273,up2,31,0,1680,1520,-2696,-1008,-16872,37,22,-32,0
S,55975273,up2,31,0,1680,1520,-2728,-912,-16920,34,22,-24,0
S,55980273,up2,31,0,1680,1520,-2848,-904,-16992,30,24,-27,0
S,55985273,up2,31,0,1680,1520,-2680,-880,-16776,36,25,-28,0
S,55990273,up2,31,0,1680,1520,-2832,-1096,-16848,31,30,-29,0
S,55995274,up2,31,0,1680,1520,-2848,-928,-16840,35,23,-30,0
S,56000273,up2,31,0,1680,1520,-2784,-936,-16720,39,29,-31,0
S,56005273,up2,31,0,1680,1520,-2816,-1080,-16848,39,27,-30,0
S,56010273,up2,31,0,1680,1520,-2736,-952,-16768,40,26,-32,0
S,56015273,up2,31,0,1680,1520,-2728,-856,-16984,37,24,-30,0
S,56020273,up2,31,0,1680,1520,-2744,-976,-16792,40,23,-32,0
S,56025273,up2,31,0,1680,1520,-2872,-944,-16880,35,18,-25,0
S,56030273,up2,31,0,1680,1520,-2760,-928,-16896,33,21,-30,0
S,56035273,up2,31,0,1680,1520,-2664,-840,-16904,34,17,-27,0
S,56040273,up2,31,0,1680,1520,-2672,-976,-16864,37,17,-32,0
S,56045273,up2,31,0,1680,1520,-2760,-1024,-16864,40,23,-28,0
S,56050273,up2,31,0,1680,1520,-2784,-1040,-16816,38,26,-28,0
S,56055273,up2,31,0,1680,1520,-2744,-888,-16952,39,31,-23,0
S,56060273,up2,31,0,1680,1520,-2728,-1024,-16928,43,26,-29,0
S,56065273,up2,31,0,1680,1520,-2792,-856,-16880,35,29,-29,0
S,56070273,up2,31,0,1680,1520,-2688,-960,-16920,34,28,-31,0
S,56075273,up2,31,0,1680,1520,-2816,-992,-16984,29,22,-31,0
S,56080273,up2,31,0,1680,1520,-2752,-1072,-16856,37,22,-34,0
S,56085273,up2,31,0,1680,1520,-2704,-1024,-16880,36,18,-31,0
S,56090273,up2,31,0,1680,1520,-2672,-936,-16872,37,23,-32,0
E,56090378,up2,32,0,1690,1520,,,,,,,0
S,56091009,up2,32,0,1690,1520,-2808,-928,-16928,36,22,-34,0
S,56096000,up2,32,0,1690,1520,-2840,-880,-16928,40,21,-29,0
S,56101000,up2,32,0,1690,1520,-3792,-1544,-16904,47,4,-26,0
S,56106000,up2,32,0,1690,1520,-2032,-784,-17192,45,-22,-62,0
S,56110999,up2,32,0,1690,1520,-2856,-816,-17296,42,-61,-71,0
S,56115999,up2,32,0,1690,1520,-4952,-1792,-16384,33,-151,-90,0
S,56120999,up2,32,0,1690,1520,-872,1136,-16752,34,-171,-39,0
S,56126000,up2,32,0,1690,1520,-2664,-2392,-17536,22,-189,-32,0
S,56130999,up2,32,0,1690,1520,-2616,-832,-16672,36,-192,-69,0
S,56135999,up2,32,0,1690,1520,-776,-320,-16360,80,-202,-44,0
S,56140999,up2,32,0,1690,1520,-528,-1472,-17392,78,-156,-3,0
S,56145999,up2,32,0,1690,1520,-4040,-1848,-16688,105,-81,-25,0
S,56150999,up2,32,0,1690,1520,-4688,-1824,-15720,128,-26,-40,0
S,56155999,up2,32,0,1690,1520,-1960,-672,-17408,129,41,-13,0
S,56161000,up2,32,0,1690,1520,-3512,-1664,-16424,120,95,-27,0
S,56166000,up2,32,0,1690,1520,-2984,-960,-16912,100,120,-33,0
S,56171000,up2,32,0,1690,1520,-2616,-864,-17008,67,113,-27,0
S,56176000,up2,32,0,1690,1520,-3008,-664,-16872,26,81,-38,0
S,56180999,up2,32,0,1690,1520,-2768,-640,-16864,-13,35,-28,0
S,56185999,up2,32,0,1690,1520,-2584,-432,-16816,-35,-3,-26,0
S,56190999,up2,32,0,1690,1520,-2984,-888,-16744,-43,-22,-29,0
S,56195999,up2,32,0,1690,1520,-2832,-752,-16832,-28,-25,-33,0
S,56200999,up2,32,0,1690,1520,-2752,-1024,-16792,-8,-17,-39,0
S,56206000,up2,32,0,1690,1520,-3008,-1272,-16712,25,4,-32,0
S,56211000,up2,32,0,1690,1520,-2544,-1088,-16904,50,27,-27,0
S,56215999,up2,32,0,1690,1520,-3136,-1352,-16784,70,53,-30,0
S,56220999,up2,32,0,1690,1520,-2640,-760,-16792,69,57,-34,0
S,56226000,up2,32,0,1690,1520,-2976,-840,-16832,67,49,-35,0
S,56231000,up2,32,0,1690,1520,-2848,-888,-16808,47,33,-28,0
S,56235999,up2,32,0,1690,1520,-2776,-992,-16856,31,19,-26,0
S,56240999,up2,32,0,1690,1520,-2888,-888,-16944,16,10,-27,0
S,56245999,up2,32,0,1690,1520,-3208,-984,-17000,12,6,-37,0
S,56250999,up2,32,0,1690,1520,-3136,-1104,-16760,14,7,-28,0
S,56255999,up2,32,0,1690,1520,-2928,-1040,-16784,27,14,-24,0
S,56261000,up2,32,0,1690,1520,-3040,-1008,-16760,42,24,-28,0
S,56266000,up2,32,0,1690,1520,-2872,-920,-16720,59,32,-30,0
S,56270999,up2,32,0,1690,1520,-2800,-872,-16960,58,37,-32,0
S,56276000,up2,32,0,1690,1520,-2760,-960,-16888,60,29,-34,0
S,56281000,up2,32,0,1690,1520,-2936,-928,-16848,37,27,-26,0
S,56285999,up2,32,0,1690,1520,-2840,-912,-16872,39,15,-38,0
S,56290999,up2,32,0,1690,1520,-2952,-928,-17000,22,15,-28,0
S,56295999,up2,32,0,1690,1520,-2920,-1008,-16816,21,16,-30,0
S,56300999,up2,32,0,1690,1520,-2984,-1008,-16896,23,16,-33,0
S,56305999,up2,32,0,1690,1520,-3064,-1216,-16768,36,26,-26,0
S,56310999,up2,32,0,1690,1520,-2896,-848,-16984,43,32,-32,0
S,56315999,up2,32,0,1690,1520,-2880,-1048,-16840,48,31,-19,0
S,56320999,up2,32,0,1690,1520,-3000,-1032,-16856,45,28,-29,0
S,56326000,up2,32,0,1690,1520,-3064,-992,-16960,42,27,-27,0
S,56330999,up2,32,0,1690,1520,-2768,-992,-16920,38,24,-31,0
S,56336000,up2,32,0,1690,1520,-2800,-1016,-16848,34,17,-30,0
S,56341000,up2,32,0,1690,1520,-3104,-1120,-16896,27,14,-26,0
S,56346000,up2,32,0,1690,1520,-2984,-912,-16744,34,22,-21,0
S,56350999,up2,32,0,1690,1520,-2784,-1064,-16840,34,21,-34,0
S,56355999,up2,32,0,1690,1520,-2896,-1072,-16872,36,18,-29,0
S,56361000,up2,32,0,1690,1520,-2696,-1024,-16904,40,23,-24,0
S,56365999,up2,32,0,1690,1520,-3112,-1112,-16936,43,26,-27,0
S,56371000,up2,32,0,1690,1520,-2848,-1024,-16872,43,27,-28,0
S,56375999,up2,32,0,1690,1520,-2848,-984,-16808,38,29,-33,0
S,56380999,up2,32,0,1690,1520,-2960,-1072,-16928,41,20,-30,0
S,56386000,up2,32,0,1690,1520,-3232,-1000,-16920,41,26,-26,0
S,56391000,up2,32,0,1690,1520,-2864,-968,-16808,33,13,-30,0
S,56396000,up2,32,0,1690,1520,-2840,-944,-16808,28,10,-35,0
S,56401000,up2,32,0,1690,1520,-3056,-984,-16848,35,19,-32,0
S,56405999,up2,32,0,1690,1520,-2792,-1096,-16808,35,15,-24,0
S,56410999,up2,32,0,1690,1520,-3048,-1160,-16880,40,20,-24,0
S,56415999,up2,32,0,1690,1520,-2960,-1024,-16776,46,23,-31,0
S,56420999,up2,32,0,1690,1520,-2704,-936,-16776,51,27,-22,0
S,56425999,up2,32,0,1690,1520,-3000,-992,-16824,48,35,-31,0
S,56430999,up2,32,0,1690,1520,-2792,-976,-16928,39,29,-31,0
S,56436000,up2,32,0,1690,1520,-2928,-936,-16896,35,24,-27,0
S,56441000,up2,32,0,1690,1520,-2792,-976,-16800,30,18,-29,0
S,56445999,up2,32,0,1690,1520,-2904,-1008,-16776,26,10,-36,0
S,56450999,up2,32,0,1690,1520,-2760,-984,-16992,29,19,-35,0
S,56456000,up2,32,0,1690,1520,-3120,-1040,-16848,30,19,-30,0
S,56461000,up2,32,0,1690,1520,-2832,-1032,-16832,42,22,-32,0
S,56466000,up2,32,0,1690,1520,-2920,-1088,-16704,46,29,-31,0
S,56471000,up2,32,0,1690,1520,-3016,-1024,-16880,48,30,-29,0
S,56476000,up2,32,0,1690,1520,-3096,-1048,-16872,49,28,-31,0
S,56481000,up2,32,0,1690,1520,-3000,-1016,-16824,41,24,-31,0
S,56486000,up2,32,0,1690,1520,-2816,-872,-16952,35,14,-28,0
S,56491000,up2,32,0,1690,1520,-3000,-960,-16840,28,12,-31,0
S,56495999,up2,32,0,1690,1520,-2768,-856,-16832,23,11,-36,0
S,56501000,up2,32,0,1690,1520,-2752,-1016,-16880,24,15,-33,0
S,56506000,up2,32,0,1690,1520,-2920,-1064,-16752,39,21,-30,0
S,56511000,up2,32,0,1690,1520,-2880,-856,-16832,47,34,-32,0
S,56516000,up2,32,0,1690,1520,-2928,-1000,-16848,49,32,-25,0
S,56520999,up2,32,0,1690,1520,-2744,-1080,-16864,48,37,-35,0
S,56525999,up2,32,0,1690,1520,-2952,-808,-16896,47,36,-32,0
S,56531000,up2,32,0,1690,1520,-3104,-1056,-16848,37,24,-25,0
S,56536000,up2,32,0,1690,1520,-2920,-1024,-16936,28,14,-30,0
S,56541000,up2,32,0,1690,1520,-2672,-944,-16808,21,5,-30,0
S,56545999,up2,32,0,1690,1520,-2968,-1016,-16720,25,6,-28,0
S,56550999,up2,32,0,1690,1520,-2848,-1048,-16728,30,11,-29,0
S,56555999,up2,32,0,1690,1520,-2896,-1120,-16888,39,21,-28,0
S,56561000,up2,32,0,1690,1520,-2832,-1160,-16952,48,33,-32,0
S,56566000,up2,32,0,1690,1520,-2832,-936,-16848,52,36,-33,0
S,56571000,up2,32,0,1690,1520,-3160,-936,-16864,56,35,-31,0
S,56575999,up2,32,0,1690,1520,-2760,-1032,-16752,42,34,-31,0
S,56580999,up2,32,0,1690,1520,-2792,-840,-16800,35,16,-22,0
S,56585999,up2,32,0,1690,1520,-2848,-864,-16912,19,16,-30,0
S,56591000,up2,32,0,1690,1520,-2472,-864,-16856,18,10,-30,0
E,56591103,dn2,-1,0,1690,1520,,,,,,,0
E,58091168,dn2,0,0,1690,1520,,,,,,,0
S,58091795,dn2,0,0,1690,1520,-2872,-1040,-16952,38,23,-22,0
S,58096784,dn2,0,0,1690,1520,-2760,-872,-16752,43,19,-32,0
S,58101784,dn2,0,0,1690,1520,-2808,-1192,-16776,41,22,-29,0
S,58106784,dn2,0,0,1690,1520,-2800,-944,-16888,45,11,-31,0
S,58111784,dn2,0,0,1690,1520,-2768,-864,-16880,47,19,-26,0
S,58116783,dn2,0,0,1690,1520,-2888,-1040,-16856,47,18,-27,0
S,58121783,dn2,0,0,1690,1520,-2840,-1032,-16704,45,20,-30,0
S,58126784,dn2,0,0,1690,1520,-2776,-1000,-16672,36,16,-24,0
S,58131784,dn2,0,0,1690,1520,-2848,-872,-16920,33,29,-30,0
S,58136784,dn2,0,0,1690,1520,-3072,-1056,-16688,32,34,-26,0
S,58141784,dn2,0,0,1690,1520,-2944,-1024,-16776,32,31,-30,0
S,58146784,dn2,0,0,1690,1520,-2840,-808,-16928,30,33,-29,0
S,58151784,dn2,0,0,1690,1520,-2992,-1024,-16856,27,24,-27,0
S,58156783,dn2,0,0,1690,1520,-2632,-960,-16792,35,17,-31,0
S,58161784,dn2,0,0,1690,1520,-2944,-1192,-16936,44,17,-31,0
S,58166784,dn2,0,0,1690,1520,-2832,-1008,-16904,41,19,-24,0
S,58171784,dn2,0,0,1690,1520,-2952,-896,-16984,47,20,-28,0
S,58176783,dn2,0,0,1690,1520,-2880,-984,-16816,50,27,-33,0
S,58181784,dn2,0,0,1690,1520,-2912,-928,-16896,48,20,-28,0
S,58186783,dn2,0,0,1690,1520,-3000,-952,-16896,40,31,-28,0
S,58191784,dn2,0,0,1690,1520,-2736,-1112,-16872,35,28,-28,0
S,58196783,dn2,0,0,1690,1520,-2912,-888,-16896,31,26,-31,0
S,58201784,dn2,0,0,1690,1520,-3104,-928,-16968,19,26,-30,0
S,58206784,dn2,0,0,1690,1520,-2872,-936,-16840,27,22,-28,0
S,58211784,dn2,0,0,1690,1520,-2920,-1168,-16864,26,23,-30,0
S,58216783,dn2,0,0,1690,1520,-3000,-1016,-16800,40,21,-32,0
S,58221784,dn2,0,0,1690,1520,-2912,-848,-16744,43,31,-36,0
S,58226784,dn2,0,0,1690,1520,-2944,-944,-16832,50,27,-36,0
S,58231784,dn2,0,0,1690,1520,-2920,-968,-16864,52,28,-26,0
S,58236784,dn2,0,0,1690,1520,-2920,-792,-16928,43,21,-29,0
S,58241784,dn2,0,0,1690,1520,-2776,-944,-16864,39,19,-30,0
S,58246783,dn2,0,0,1690,1520,-2608,-1024,-16888,33,13,-32,0
S,58251783,dn2,0,0,1690,1520,-3056,-888,-16712,27,15,-30,0
S,58256784,dn2,0,0,1690,1520,-2848,-976,-16904,23,18,-30,0
S,58261784,dn2,0,0,1690,1520,-2728,-1120,-16720,36,24,-26,0
S,58266783,dn2,0,0,1690,1520,-2968,-944,-16856,38,34,-29,0
S,58271783,dn2,0,0,1690,1520,-2896,-872,-16800,44,35,-28,0
S,58276784,dn2,0,0,1690,1520,-2648,-1056,-16808,47,37,-26,0
S,58281783,dn2,0,0,1690,1520,-2912,-1120,-16824,47,28,-33,0
S,58286783,dn2,0,0,1690,1520,-2880,-928,-16856,40,32,-31,0
S,58291783,dn2,0,0,1690,1520,-2712,-968,-16848,34,15,-31,0
S,58296784,dn2,0,0,1690,1520,-2848,-840,-16888,26,10,-29,0
S,58301784,dn2,0,0,1690,1520,-2728,-888,-16944,28,11,-31,0
S,58306784,dn2,0,0,1690,1520,-3064,-1016,-16768,34,15,-28,0
S,58311783,dn2,0,0,1690,1520,-2912,-920,-16760,34,17,-30,0
S,58316784,dn2,0,0,1690,1520,-2840,-872,-16840,48,28,-27,0
S,58321784,dn2,0,0,1690,1520,-2864,-1040,-16792,51,36,-30,0
S,58326784,dn2,0,0,1690,1520,-2832,-920,-16720,42,39,-31,0
S,58331784,dn2,0,0,1690,1520,-2952,-952,-16944,38,31,-34,0
S,58336783,dn2,0,0,1690,1520,-3000,-1056,-16848,35,21,-32,0
S,58341784,dn2,0,0,1690,1520,-2464,-864,-16896,27,14,-27,0
S,58346783,dn2,0,0,1690,1520,-3008,-1104,-16832,17,18,-24,0
S,58351784,dn2,0,0,1690,1520,-2976,-1088,-16792,25,12,-31,0
S,58356783,dn2,0,0,1690,1520,-2856,-952,-16840,39,22,-26,0
S,58361783,dn2,0,0,1690,1520,-2936,-1176,-16976,46,27,-26,0
S,58366783,dn2,0,0,1690,1520,-2824,-968,-16744,50,28,-24,0
S,58371784,dn2,0,0,1690,1520,-3088,-968,-16808,54,31,-26,0
S,58376783,dn2,0,0,1690,1520,-2976,-1048,-16856,51,26,-27,0
S,58381784,dn2,0,0,1690,1520,-2536,-832,-16864,43,28,-29,0
S,58386783,dn2,0,0,1690,1520,-2824,-984,-16968,30,14,-28,0
S,58391784,dn2,0,0,1690,1520,-3136,-984,-16768,19,11,-29,0
S,58396783,dn2,0,0,1690,1520,-2880,-896,-16888,18,9,-30,0
S,58401783,dn2,0,0,1690,1520,-2920,-952,-16872,28,16,-31,0
S,58406783,dn2,0,0,1690,1520,-2904,-1056,-16784,40,31,-27,0
S,58411783,dn2,0,0,1690,1520,-2904,-1008,-16856,44,37,-24,0
S,58416784,dn2,0,0,1690,1520,-2864,-1008,-16872,54,33,-30,0
S,58421783,dn2,0,0,1690,1520,-3080,-984,-16800,51,33,-29,0
S,58426783,dn2,0,0,1690,1520,-2696,-912,-16936,45,27,-29,0
S,58431783,dn2,0,0,1690,1520,-2816,-1000,-16976,35,15,-29,0
S,58436784,dn2,0,0,1690,1520,-2720,-896,-16808,27,10,-29,0
S,58441783,dn2,0,0,1690,1520,-2976,-1096,-16952,30,4,-28,0
S,58446783,dn2,0,0,1690,1520,-2776,-1056,-16792,30,4,-29,0
S,58451783,dn2,0,0,1690,1520,-2848,-976,-16816,35,24,-26,0
S,58456784,dn2,0,0,1690,1520,-2816,-1072,-16808,52,33,-24,0
S,58461783,dn2,0,0,1690,1520,-2784,-1136,-16840,52,36,-30,0
S,58466784,dn2,0,0,1690,1520,-3016,-960,-16872,50,41,-32,0
S,58471784,dn2,0,0,1690,1520,-2888,-992,-16872,40,41,-31,0
S,58476784,dn2,0,0,1690,1520,-2864,-872,-16856,31,27,-33,0
S,58481784,dn2,0,0,1690,1520,-2864,-968,-16808,22,20,-27,0
S,58486783,dn2,0,0,1690,1520,-2936,-992,-16960,19,16,-36,0
S,58491784,dn2,0,0,1690,1520,-2816,-1080,-16928,21,15,-29,0
S,58496783,dn2,0,0,1690,1520,-2808,-1024,-16792,31,16,-29,0
S,58501784,dn2,0,0,1690,1520,-2648,-1104,-16888,45,17,-23,0
S,58506784,dn2,0,0,1690,1520,-2960,-1160,-16912,55,20,-31,0
S,58511784,dn2,0,0,1690,1520,-2800,-872,-16824,59,25,-24,0
S,58516783,dn2,0,0,1690,1520,-2872,-1080,-16896,51,21,-31,0
S,58521783,dn2,0,0,1690,1520,-3096,-976,-16832,45,25,-32,0
S,58526784,dn2,0,0,1690,1520,-2712,-936,-16832,37,28,-30,0
S,58531783,dn2,0,0,1690,1520,-2888,-968,-16840,29,26,-28,0
S,58536783,dn2,0,0,1690,1520,-2856,-1024,-16744,23,22,-28,0
S,58541784,dn2,0,0,1690,1520,-3008,-992,-16824,24,28,-26,0
S,58546783,dn2,0,0,1690,1520,-3008,-1024,-16840,29,35,-27,0
S,58551783,dn2,0,0,1690,1520,-2704,-1192,-16912,38,34,-28,0
S,58556784,dn2,0,0,1690,1520,-2840,-1048,-16896,40,28,-29,0
S,58561783,dn2,0,0,1690,1520,-2808,-944,-16824,45,24,-29,0
S,58566783,dn2,0,0,1690,1520,-3144,-1104,-16920,41,13,-29,0
S,58571783,dn2,0,0,1690,1520,-2888,-976,-16760,41,14,-32,0
S,58576783,dn2,0,0,1690,1520,-2880,-920,-16944,37,8,-33,0
S,58581784,dn2,0,0,1690,1520,-2704,-1160,-16904,40,12,-32,0
S,58586783,dn2,0,0,1690,1520,-2976,-992,-16904,37,18,-32,0
S,58591784,dn2,0,0,1690,1520,-2968,-1040,-16864,43,27,-31,0
E,58591888,dn2,1,0,1680,1520,,,,,,,0
S,58592519,dn2,1,0,1680,1520,-2944,-1072,-16928,44,26,-34,0
S,58597510,dn2,1,0,1680,1520,-2800,-1016,-16944,36,35,-30,0
S,58602509,dn2,1,0,1680,1520,-3248,-1200,-16936,33,29,-29,0
S,58607509,dn2,1,0,1680,1520,-3008,-560,-17008,30,44,-36,0
S,58612509,dn2,1,0,1680,1520,-2816,-1264,-16936,28,38,-35,0
S,58617509,dn2,1,0,1680,1520,-2168,-936,-16776,34,49,-27,0
S,58622509,dn2,1,0,1680,1520,-3344,-1088,-16920,30,53,-32,0
S,58627509,dn2,1,0,1680,1520,-1912,-712,-16888,33,60,-22,0
S,58632509,dn2,1,0,1680,1520,-3560,-1584,-16832,38,56,-21,0
S,58637509,dn2,1,0,1680,1520,-1296,-928,-17056,32,46,-22,0
S,58642509,dn2,1,0,1680,1520,-4016,-968,-16872,33,58,-22,0
S,58647509,dn2,1,0,1680,1520,-2632,-1192,-16664,35,56,-28,0
S,58652509,dn2,1,0,1680,1520,-2736,-704,-16800,31,57,-30,0
S,58657509,dn2,1,0,1680,1520,-3072,-1328,-16952,30,57,-29,0
S,58662508,dn2,1,0,1680,1520,-2560,-936,-16648,34,59,-34,0
S,58667509,dn2,1,0,1680,1520,-2856,-1048,-17008,34,52,-27,0
S,58672509,dn2,1,0,1680,1520,-2928,-976,-16808,29,42,-24,0
S,58677509,dn2,1,0,1680,1520,-2816,-768,-16872,37,31,-24,0
S,58682509,dn2,1,0,1680,1520,-2824,-1032,-16896,35,21,-29,0
S,58687509,dn2,1,0,1680,1520,-2872,-952,-16936,33,12,-32,0
S,58692509,dn2,1,0,1680,1520,-2800,-1144,-16904,41,7,-37,0
S,58697509,dn2,1,0,1680,1520,-2920,-1032,-16904,38,10,-27,0
S,58702509,dn2,1,0,1680,1520,-2768,-968,-16784,47,17,-31,0
S,58707509,dn2,1,0,1680,1520,-2784,-976,-16776,52,22,-29,0
S,58712509,dn2,1,0,1680,1520,-2896,-1048,-16800,50,27,-29,0
S,58717508,dn2,1,0,1680,1520,-2824,-800,-16928,51,40,-28,0
S,58722509,dn2,1,0,1680,1520,-2952,-1016,-16824,48,34,-25,0
S,58727509,dn2,1,0,1680,1520,-2864,-992,-16808,37,26,-33,0
S,58732509,dn2,1,0,1680,1520,-2920,-920,-16712,29,30,-29,0
S,58737509,dn2,1,0,1680,1520,-2840,-976,-16960,26,20,-29,0
S,58742509,dn2,1,0,1680,1520,-2816,-1032,-16808,27,18,-28,0
S,58747509,dn2,1,0,1680,1520,-2768,-1056,-16784,32,25,-25,0
S,58752509,dn2,1,0,1680,1520,-2712,-1064,-16752,29,19,-30,0
S,58757509,dn2,1,0,1680,1520,-2944,-1048,-16880,37,23,-33,0
S,58762509,dn2,1,0,1680,1520,-2896,-976,-16776,42,25,-30,0
S,58767509,dn2,1,0,1680,1520,-2912,-992,-16736,49,24,-34,0
S,58772509,dn2,1,0,1680,1520,-2800,-1040,-16920,44,24,-25,0
S,58777509,dn2,1,0,1680,1520,-2744,-1136,-16880,44,26,-31,0
S,58782509,dn2,1,0,1680,1520,-2696,-984,-16960,45,23,-29,0
S,58787509,dn2,1,0,1680,1520,-2984,-1048,-16904,41,13,-27,0
S,58792509,dn2,1,0,1680,1520,-2936,-1000,-16864,42,19,-31,0
S,58797509,dn2,1,0,1680,1520,-2808,-1008,-16880,34,15,-34,0
S,58802509,dn2,1,0,1680,1520,-2912,-944,-16960,33,22,-29,0
S,58807509,dn2,1,0,1680,1520,-2848,-1008,-16864,29,28,-31,0
S,58812509,dn2,1,0,1680,1520,-2848,-984,-16840,29,27,-25,0
S,58817509,dn2,1,0,1680,1520,-2832,-968,-16824,37,27,-25,0
S,58822509,dn2,1,0,1680,1520,-2840,-976,-16856,39,30,-32,0
S,58827509,dn2,1,0,1680,1520,-2840,-1064,-16840,43,31,-25,0
S,58832509,dn2,1,0,1680,1520,-2856,-952,-16848,40,22,-23,0
S,58837509,dn2,1,0,1680,1520,-2928,-1120,-16824,39,22,-31,0
S,58842509,dn2,1,0,1680,1520,-2864,-992,-16864,43,22,-32,0
S,58847509,dn2,1,0,1680,1520,-2912,-960,-16792,32,17,-33,0
S,58852509,dn2,1,0,1680,1520,-2832,-1016,-16848,37,26,-30,0
S,58857509,dn2,1,0,1680,1520,-3000,-936,-16904,39,16,-36,0
S,58862509,dn2,1,0,1680,1520,-2768,-1048,-17032,37,20,-34,0
S,58867509,dn2,1,0,1680,1520,-2912,-984,-16904,39,21,-33,0
S,58872509,dn2,1,0,1680,1520,-2816,-1032,-16904,40,26,-30,0
S,58877509,dn2,1,0,1680,1520,-2816,-872,-16840,31,28,-29,0
S,58882509,dn2,1,0,1680,1520,-2856,-976,-16784,38,35,-29,0
S,58887509,dn2,1,0,1680,1520,-2816,-928,-16752,33,33,-23,0
S,58892509,dn2,1,0,1680,1520,-2832,-1000,-16816,35,24,-28,0
S,58897509,dn2,1,0,1680,1520,-2840,-1000,-16816,33,25,-30,0
S,58902509,dn2,1,0,1680,1520,-2928,-856,-16824,31,19,-24,0
S,58907509,dn2,1,0,1680,1520,-2888,-1072,-16864,32,19,-28,0
S,58912509,dn2,1,0,1680,1520,-2784,-984,-16928,42,20,-30,0
S,58917508,dn2,1,0,1680,1520,-2784,-1000,-16784,37,22,-27,0
S,58922509,dn2,1,0,1680,1520,-2872,-1008,-16880,43,25,-31,0
S,58927509,dn2,1,0,1680,1520,-2744,-952,-16832,50,23,-32,0
S,58932509,dn2,1,0,1680,1520,-2808,-936,-16784,42,23,-29,0
S,58937509,dn2,1,0,1680,1520,-2800,-1072,-16808,43,24,-31,0
S,58942509,dn2,1,0,1680,1520,-2816,-880,-16744,35,30,-27,0
S,58947509,dn2,1,0,1680,1520,-2736,-952,-16760,38,24,-29,0
S,58952509,dn2,1,0,1680,1520,-2824,-952,-16848,33,20,-33,0
S,58957509,dn2,1,0,1680,1520,-2856,-1144,-16728,34,27,-26,0
S,58962509,dn2,1,0,1680,1520,-2800,-960,-16824,37,21,-30,0
S,58967509,dn2,1,0,1680,1520,-2840,-992,-16760,35,26,-35,0
S,58972509,dn2,1,0,1680,1520,-2784,-992,-16800,39,27,-33,0
S,58977509,dn2,1,0,1680,1520,-2808,-944,-16936,37,25,-28,0
S,58982509,dn2,1,0,1680,1520,-2856,-1080,-16864,42,23,-28,0
S,58987509,dn2,1,0,1680,1520,-2808,-968,-16768,40,25,-27,0
S,58992509,dn2,1,0,1680,1520,-2848,-1064,-16896,41,26,-31,0
S,58997509,dn2,1,0,1680,1520,-2776,-960,-16856,40,19,-23,0
S,59002509,dn2,1,0,1680,1520,-2800,-1040,-16864,40,25,-33,0
S,59007509,dn2,1,0,1680,1520,-2840,-1104,-16840,32,23,-28,0
S,59012509,dn2,1,0,1680,1520,-2776,-1032,-16872,36,23,-23,0
S,59017509,dn2,1,0,1680,1520,-2856,-984,-16864,34,26,-31,0
S,59022509,dn2,1,0,1680,1520,-2808,-944,-16776,32,24,-27,0
S,59027509,dn2,1,0,1680,1520,-2808,-872,-16776,38,27,-28,0
S,59032509,dn2,1,0,1680,1520,-2840,-1064,-16736,32,31,-29,0
S,59037509,dn2,1,0,1680,1520,-2856,-1016,-16776,35,23,-21,0
S,59042508,dn2,1,0,1680,1520,-2896,-1000,-16904,35,25,-29,0
S,59047509,dn2,1,0,1680,1520,-2720,-912,-16896,38,27,-31,0
S,59052509,dn2,1,0,1680,1520,-2776,-1008,-16920,40,17,-33,0
S,59057509,dn2,1,0,1680,1520,-2808,-984,-16712,38,19,-30,0
S,59062509,dn2,1,0,1680,1520,-2784,-968,-16912,38,24,-30,0
S,59067509,dn2,1,0,1680,1520,-2840,-976,-16848,35,20,-30,0
S,59072509,dn2,1,0,1680,1520,-2832,-992,-16824,40,19,-31,0
S,59077509,dn2,1,0,1680,1520,-2856,-880,-16856,42,23,-22,0
S,59082509,dn2,1,0,1680,1520,-2864,-944,-16880,35,29,-30,0
S,59087509,dn2,1,0,1680,1520,-2752,-1120,-16784,36,26,-30,0
S,59092509,dn2,1,0,1680,1520,-2800,-1040,-16832,33,28,-27,0
E,59092611,dn2,2,0,1670,1520,,,,,,,0
S,59093246,dn2,2,0,1670,1520,-2848,-1024,-16824,38,23,-34,0
S,59098233,dn2,2,0,1670,1520,-2800,-976,-16824,37,25,-33,0
S,59103231,dn2,2,0,1670,1520,-3560,-1256,-16808,35,30,-31,0
S,59108231,dn2,2,0,1670,1520,-2936,-1152,-16920,36,24,-28,0
S,59113231,dn2,2,0,1670,1520,-1904,-256,-16952,41,40,-24,0
S,59118231,dn2,2,0,1670,1520,-3280,-856,-16480,40,42,-28,0
S,59123231,dn2,2,0,1670,1520,-1584,-1088,-16704,36,44,-37,0
S,59128232,dn2,2,0,1670,1520,-2256,16,-16840,41,45,-43,0
S,59133231,dn2,2,0,1670,1520,-4128,-2304,-16840,32,50,-11,0
S,59138232,dn2,2,0,1670,1520,-2632,-624,-16976,32,39,-29,0
S,59143231,dn2,2,0,1670,1520,-3392,-1568,-16848,31,44,-15,0
S,59148232,dn2,2,0,1670,1520,-4200,-2504,-16600,24,47,-32,0
S,59153232,dn2,2,0,1670,1520,696,368,-17072,29,53,-32,0
S,59158232,dn2,2,0,1670,1520,-1776,216,-16856,33,60,-13,0
S,59163232,dn2,2,0,1670,1520,-1592,-1472,-17080,32,76,-18,0
S,59168232,dn2,2,0,1670,1520,-1656,-608,-16584,50,86,-7,0
S,59173231,dn2,2,0,1670,1520,-2400,-1896,-16824,45,96,-18,0
S,59178232,dn2,2,0,1670,1520,-2552,-1280,-16840,58,107,-13,0
S,59183231,dn2,2,0,1670,1520,-3160,-784,-16888,48,111,-8,0
S,59188231,dn2,2,0,1670,1520,-3112,-1144,-16808,41,96,-21,0
S,59193231,dn2,2,0,1670,1520,-2824,-536,-16928,40,63,-28,0
S,59198231,dn2,2,0,1670,1520,-2736,-784,-16920,39,44,-33,0
S,59203232,dn2,2,0,1670,1520,-2816,-1160,-16864,29,20,-29,0
S,59208232,dn2,2,0,1670,1520,-2824,-768,-16936,32,0,-32,0
S,59213231,dn2,2,0,1670,1520,-2680,-968,-16768,34,-12,-33,0
S,59218231,dn2,2,0,1670,1520,-2920,-936,-16808,31,-9,-27,0
S,59223231,dn2,2,0,1670,1520,-2760,-1072,-16888,49,-2,-25,0
S,59228232,dn2,2,0,1670,1520,-2880,-1136,-16824,54,15,-21,0
S,59233231,dn2,2,0,1670,1520,-2760,-1104,-16824,59,27,-27,0
S,59238232,dn2,2,0,1670,1520,-2792,-1080,-16800,59,42,-31,0
S,59243232,dn2,2,0,1670,1520,-2696,-1080,-16824,54,44,-27,0
S,59248231,dn2,2,0,1670,1520,-2776,-720,-16736,45,41,-26,0
S,59253231,dn2,2,0,1670,1520,-2648,-1136,-16944,38,37,-26,0
S,59258231,dn2,2,0,1670,1520,-2720,-944,-16848,25,20,-25,0
S,59263232,dn2,2,0,1670,1520,-2872,-664,-16824,19,22,-35,0
S,59268231,dn2,2,0,1670,1520,-2616,-1048,-16912,22,9,-31,0
S,59273231,dn2,2,0,1670,1520,-2856,-992,-16872,29,14,-30,0
S,59278231,dn2,2,0,1670,1520,-2760,-1096,-16840,27,12,-27,0
S,59283231,dn2,2,0,1670,1520,-2776,-1128,-16744,35,21,-29,0
S,59288231,dn2,2,0,1670,1520,-2752,-968,-16816,46,27,-33,0
S,59293231,dn2,2,0,1670,1520,-2792,-952,-16904,51,35,-29,0
S,59298231,dn2,2,0,1670,1520,-2736,-920,-16832,57,28,-32,0
S,59303231,dn2,2,0,1670,1520,-2816,-960,-16840,50,28,-30,0
S,59308231,dn2,2,0,1670,1520,-2840,-856,-16880,49,27,-30,0
S,59313231,dn2,2,0,1670,1520,-2696,-1032,-16816,33,18,-30,0
S,59318231,dn2,2,0,1670,1520,-2744,-888,-16824,31,14,-26,0
S,59323232,dn2,2,0,1670,1520,-2632,-1008,-16880,31,15,-30,0
S,59328232,dn2,2,0,1670,1520,-2792,-896,-16936,26,22,-28,0
S,59333232,dn2,2,0,1670,1520,-2816,-992,-16928,28,21,-27,0
S,59338231,dn2,2,0,1670,1520,-2824,-960,-16672,32,25,-32,0
S,59343232,dn2,2,0,1670,1520,-2760,-968,-16808,36,31,-30,0
S,59348232,dn2,2,0,1670,1520,-2720,-1048,-16832,43,33,-26,0
S,59353231,dn2,2,0,1670,1520,-2736,-872,-16944,47,33,-31,0
S,59358231,dn2,2,0,1670,1520,-2688,-1064,-16760,40,34,-30,0
S,59363232,dn2,2,0,1670,1520,-2832,-848,-16944,47,28,-29,0
S,59368231,dn2,2,0,1670,1520,-2744,-928,-16840,41,20,-32,0
S,59373231,dn2,2,0,1670,1520,-2824,-864,-16792,35,11,-28,0
S,59378231,dn2,2,0,1670,1520,-2704,-904,-16856,35,14,-27,0
S,59383231,dn2,2,0,1670,1520,-2776,-1040,-16840,30,17,-35,0
S,59388232,dn2,2,0,1670,1520,-2920,-968,-16848,37,16,-28,0
S,59393232,dn2,2,0,1670,1520,-2808,-1120,-16880,36,20,-29,0
S,59398232,dn2,2,0,1670,1520,-2776,-1072,-16824,36,32,-33,0
S,59403231,dn2,2,0,1670,1520,-2736,-968,-16864,41,35,-30,0
S,59408231,dn2,2,0,1670,1520,-2664,-984,-16984,40,32,-31,0
S,59413231,dn2,2,0,1670,1520,-2688,-976,-16784,35,33,-31,0
S,59418231,dn2,2,0,1670,1520,-2744,-928,-16920,36,26,-22,0
S,59423231,dn2,2,0,1670,1520,-2704,-832,-16888,34,22,-32,0
S,59428231,dn2,2,0,1670,1520,-2752,-992,-16824,33,17,-30,0
S,59433231,dn2,2,0,1670,1520,-2656,-936,-16904,33,20,-33,0
S,59438231,dn2,2,0,1670,1520,-2840,-1056,-16880,43,16,-30,0
S,59443231,dn2,2,0,1670,1520,-2776,-984,-16888,36,22,-31,0
S,59448231,dn2,2,0,1670,1520,-2792,-1048,-16912,38,33,-28,0
S,59453232,dn2,2,0,1670,1520,-2720,-896,-16880,45,26,-22,0
S,59458232,dn2,2,0,1670,1520,-2864,-952,-16816,42,19,-33,0
S,59463232,dn2,2,0,1670,1520,-2776,-920,-16776,42,24,-24,0
S,59468231,dn2,2,0,1670,1520,-2712,-936,-16856,37,25,-28,0
S,59473231,dn2,2,0,1670,1520,-2792,-1040,-16840,38,19,-31,0
S,59478232,dn2,2,0,1670,1520,-2712,-904,-16800,34,22,-31,0
S,59483232,dn2,2,0,1670,1520,-2688,-944,-16880,31,22,-25,0
S,59488231,dn2,2,0,1670,1520,-2720,-912,-16784,29,23,-29,0
S,59493232,dn2,2,0,1670,1520,-2712,-944,-16640,36,25,-28,0
S,59498231,dn2,2,0,1670,1520,-2752,-1088,-16800,35,25,-34,0
S,59503232,dn2,2,0,1670,1520,-2760,-1064,-16872,45,23,-26,0
S,59508231,dn2,2,0,1670,1520,-2752,-904,-16904,38,24,-27,0
S,59513231,dn2,2,0,1670,1520,-2744,-1008,-16936,40,23,-28,0
S,59518231,dn2,2,0,1670,1520,-2896,-904,-16904,44,24,-27,0
S,59523231,dn2,2,0,1670,1520,-2768,-1016,-16848,41,20,-30,0
S,59528232,dn2,2,0,1670,1520,-2792,-992,-16944,39,18,-30,0
S,59533232,dn2,2,0,1670,1520,-2824,-1040,-16696,32,19,-29,0
S,59538231,dn2,2,0,1670,1520,-2776,-1000,-16752,33,21,-24,0
S,59543232,dn2,2,0,1670,1520,-2800,-928,-16832,30,23,-30,0
S,59548231,dn2,2,0,1670,1520,-2712,-984,-16728,30,26,-28,0
S,59553231,dn2,2,0,1670,1520,-2856,-928,-16840,34,24,-32,0
S,59558232,dn2,2,0,1670,1520,-2832,-952,-16872,36,27,-27,0
S,59563231,dn2,2,0,1670,1520,-2832,-952,-16912,37,26,-24,0
S,59568231,dn2,2,0,1670,1520,-2736,-928,-16824,36,21,-29,0
S,59573231,dn2,2,0,1670,1520,-2832,-904,-16824,37,23,-35,0
S,59578231,dn2,2,0,1670,1520,-2640,-1000,-16816,35,21,-31,0
S,59583231,dn2,2,0,1670,1520,-2824,-1000,-16984,35,20,-28,0
S,59588232,dn2,2,0,1670,1520,-2728,-968,-16768,39,23,-28,0
S,59593232,dn2,2,0,1670,1520,-2832,-920,-16856,41,21,-28,0
E,59593335,dn2,3,0,1660,1520,,,,,,,0
S,59593965,dn2,3,0,1660,1520,-2816,-1032,-16832,36,19,-28,0
S,59598956,dn2,3,0,1660,1520,-2792,-1016,-16872,39,23,-35,0
S,59603955,dn2,3,0,1660,1520,-1976,-1016,-16864,36,29,-27,0
S,59608954,dn2,3,0,1660,1520,-1632,-960,-16944,38,39,-30,0
S,59613954,dn2,3,0,1660,1520,-2432,-1704,-16664,43,36,-11,0
S,59618955,dn2,3,0,1660,1520,-3608,-1248,-16664,40,54,-15,0
S,59623955,dn2,3,0,1660,1520,-1816,-608,-16680,41,69,-1,0
S,59628954,dn2,3,0,1660,1520,-3952,-1456,-16728,44,69,-19,0
S,59633955,dn2,3,0,1660,1520,-2504,-1208,-17008,37,73,-11,0
S,59638955,dn2,3,0,1660,1520,-2720,-1232,-16480,37,75,-24,0
S,59643955,dn2,3,0,1660,1520,-2624,-752,-17008,32,78,-21,0
S,59648954,dn2,3,0,1660,1520,-2840,-896,-16832,23,75,-11,0
S,59653955,dn2,3,0,1660,1520,-2904,-984,-16720,28,70,-13,0
S,59658955,dn2,3,0,1660,1520,-2920,-1000,-16808,27,66,-16,0
S,59663954,dn2,3,0,1660,1520,-2888,-888,-16792,31,66,-19,0
S,59668954,dn2,3,0,1660,1520,-2800,-1080,-16752,33,53,-22,0
S,59673954,dn2,3,0,1660,1520,-2664,-864,-16952,37,51,-27,0
S,59678954,dn2,3,0,1660,1520,-2760,-816,-16944,31,32,-17,0
S,59683954,dn2,3,0,1660,1520,-2768,-768,-16928,37,26,-25,0
S,59688954,dn2,3,0,1660,1520,-2696,-880,-16792,34,10,-31,0
S,59693955,dn2,3,0,1660,1520,-2672,-728,-16904,33,3,-29,0
S,59698954,dn2,3,0,1660,1520,-2832,-944,-16760,34,2,-28,0
S,59703955,dn2,3,0,1660,1520,-2736,-936,-16896,38,9,-29,0
S,59708954,dn2,3,0,1660,1520,-2800,-1088,-16896,45,16,-23,0
S,59713955,dn2,3,0,1660,1520,-2688,-928,-16840,52,26,-31,0
S,59718955,dn2,3,0,1660,1520,-2752,-984,-16864,50,27,-27,0
S,59723955,dn2,3,0,1660,1520,-2776,-1024,-16904,49,37,-31,0
S,59728955,dn2,3,0,1660,1520,-2744,-1064,-16872,42,35,-27,0
S,59733955,dn2,3,0,1660,1520,-2648,-1096,-16840,31,28,-27,0
S,59738955,dn2,3,0,1660,1520,-2704,-912,-16824,27,23,-27,0
S,59743954,dn2,3,0,1660,1520,-2712,-896,-16896,22,20,-23,0
S,59748954,dn2,3,0,1660,1520,-2704,-968,-17024,19,20,-35,0
S,59753955,dn2,3,0,1660,1520,-2864,-912,-16856,16,15,-29,0
S,59758955,dn2,3,0,1660,1520,-2744,-1104,-16808,31,20,-29,0
S,59763955,dn2,3,0,1660,1520,-2728,-984,-16816,41,22,-32,0
S,59768955,dn2,3,0,1660,1520,-2784,-1080,-16856,51,28,-28,0
S,59773955,dn2,3,0,1660,1520,-2832,-896,-16848,52,28,-31,0
S,59778955,dn2,3,0,1660,1520,-2768,-888,-16896,51,28,-29,0
S,59783955,dn2,3,0,1660,1520,-2792,-984,-16928,55,26,-29,0
S,59788955,dn2,3,0,1660,1520,-2704,-936,-16936,43,20,-33,0
S,59793955,dn2,3,0,1660,1520,-2648,-976,-16832,38,18,-24,0
S,59798955,dn2,3,0,1660,1520,-2704,-1168,-16888,33,17,-27,0
S,59803955,dn2,3,0,1660,1520,-2704,-888,-16840,22,12,-28,0
S,59808955,dn2,3,0,1660,1520,-2784,-992,-16752,6,18,-25,0
S,59813955,dn2,3,0,1660,1520,-2600,-1064,-16816,11,26,-25,0
S,59818955,dn2,3,0,1660,1520,-2768,-928,-16800,23,24,-32,0
S,59823955,dn2,3,0,1660,1520,-2824,-976,-16904,32,35,-27,0
S,59828955,dn2,3,0,1660,1520,-2696,-1032,-17000,45,35,-28,0
S,59833955,dn2,3,0,1660,1520,-2688,-1000,-16960,46,32,-29,0
S,59838955,dn2,3,0,1660,1520,-2672,-992,-16896,51,32,-31,0
S,59843955,dn2,3,0,1660,1520,-2776,-880,-16960,48,18,-33,0
S,59848955,dn2,3,0,1660,1520,-2736,-864,-16840,40,15,-36,0
S,59853954,dn2,3,0,1660,1520,-2736,-952,-16848,34,11,-24,0
S,59858955,dn2,3,0,1660,1520,-2768,-1008,-16912,30,12,-25,0
S,59863954,dn2,3,0,1660,1520,-2688,-952,-16856,39,16,-30,0
S,59868954,dn2,3,0,1660,1520,-2776,-1056,-16872,31,23,-25,0
S,59873955,dn2,3,0,1660,1520,-2776,-952,-16776,42,29,-27,0
S,59878955,dn2,3,0,1660,1520,-2696,-928,-16792,43,34,-30,0
S,59883954,dn2,3,0,1660,1520,-2752,-984,-16864,40,38,-26,0
S,59888955,dn2,3,0,1660,1520,-2712,-936,-16912,39,38,-29,0
S,59893955,dn2,3,0,1660,1520,-2704,-944,-16920,38,26,-30,0
S,59898955,dn2,3,0,1660,1520,-2664,-936,-16848,32,17,-25,0
S,59903955,dn2,3,0,1660,1520,-2664,-976,-16808,25,17,-26,0
S,59908955,dn2,3,0,1660,1520,-2784,-952,-16856,28,18,-30,0
S,59913955,dn2,3,0,1660,1520,-2824,-968,-16880,38,19,-29,0
S,59918955,dn2,3,0,1660,1520,-2648,-1016,-16800,42,17,-31,0
S,59923954,dn2,3,0,1660,1520,-2736,-1000,-16952,47,19,-33,0
S,59928955,dn2,3,0,1660,1520,-2680,-1008,-16840,44,22,-26,0
S,59933955,dn2,3,0,1660,1520,-2744,-1000,-16912,40,27,-26,0
S,59938954,dn2,3,0,1660,1520,-2784,-968,-16920,35,28,-31,0
S,59943955,dn2,3,0,1660,1520,-2816,-912,-16936,32,23,-23,0
S,59948955,dn2,3,0,1660,1520,-2768,-944,-16760,29,29,-32,0
S,59953955,dn2,3,0,1660,1520,-2752,-976,-16792,28,25,-26,0
S,59958955,dn2,3,0,1660,1520,-2768,-1032,-16960,26,17,-31,0
S,59963954,dn2,3,0,1660,1520,-2688,-1144,-16800,37,28,-26,0
S,59968955,dn2,3,0,1660,1520,-2664,-976,-16920,40,27,-22,0
S,59973955,dn2,3,0,1660,1520,-2800,-1008,-16856,52,22,-22,0
S,59978954,dn2,3,0,1660,1520,-2656,-968,-16808,47,25,-28,0
S,59983954,dn2,3,0,1660,1520,-2704,-1160,-16952,47,24,-30,0
S,59988955,dn2,3,0,1660,1520,-2616,-904,-16784,40,18,-32,0
S,59993955,dn2,3,0,1660,1520,-2768,-1048,-16880,38,19,-29,0
S,59998955,dn2,3,0,1660,1520,-2704,-936,-16872,31,21,-28,0
S,60003955,dn2,3,0,1660,1520,-2696,-1104,-16768,32,17,-29,0
S,60008955,dn2,3,0,1660,1520,-2752,-1024,-16864,37,23,-32,0
S,60013955,dn2,3,0,1660,1520,-2640,-984,-16912,31,28,-28,0
S,60018955,dn2,3,0,1660,1520,-2840,-992,-16832,32,29,-30,0
S,60023954,dn2,3,0,1660,1520,-2752,-1032,-16872,43,28,-31,0
S,60028955,dn2,3,0,1660,1520,-2808,-976,-16968,45,32,-31,0
S,60033955,dn2,3,0,1660,1520,-2640,-800,-16840,39,22,-35,0
S,60038955,dn2,3,0,1660,1520,-2632,-1056,-16888,36,17,-35,0
S,60043955,dn2,3,0,1660,1520,-2720,-896,-16848,35,16,-28,0
S,60048955,dn2,3,0,1660,1520,-2736,-1024,-16872,35,18,-28,0
S,60053955,dn2,3,0,1660,1520,-2728,-1056,-16816,32,23,-29,0
S,60058955,dn2,3,0,1660,1520,-2744,-1000,-16832,35,24,-29,0
S,60063954,dn2,3,0,1660,1520,-2784,-960,-16944,42,20,-31,0
S,60068954,dn2,3,0,1660,1520,-2576,-888,-16992,51,27,-32,0
S,60073955,dn2,3,0,1660,1520,-2744,-968,-16760,43,27,-33,0
S,60078955,dn2,3,0,1660,1520,-2728,-1024,-17000,31,26,-29,0
S,60083954,dn2,3,0,1660,1520,-2736,-960,-16880,32,23,-35,0
S,60088954,dn2,3,0,1660,1520,-2760,-936,-17000,30,23,-28,0
S,60093955,dn2,3,0,1660,1520,-2648,-960,-16848,35,17,-27,0
E,60094057,dn2,4,0,1650,1520,,,,,,,0
S,60094690,dn2,4,0,1650,1520,-2696,-896,-16928,33,23,-28,0
S,60099682,dn2,4,0,1650,1520,-2776,-1048,-16960,34,21,-31,0
S,60104680,dn2,4,0,1650,1520,-2680,-1104,-17000,36,16,-23,0
S,60109681,dn2,4,0,1650,1520,-1872,-648,-16840,41,32,-30,0
S,60114681,dn2,4,0,1650,1520,-1608,-1136,-17032,41,63,-20,0
S,60119681,dn2,4,0,1650,1520,-1952,-1088,-16800,47,79,-3,0
S,60124680,dn2,4,0,1650,1520,-888,-480,-16784,41,132,2,0
S,60129680,dn2,4,0,1650,1520,-5880,-1424,-16448,59,131,-21,0
S,60134681,dn2,4,0,1650,1520,-2008,-224,-17168,59,139,-16,0
S,60139681,dn2,4,0,1650,1520,-536,-600,-17000,36,154,-18,0
S,60144681,dn2,4,0,1650,1520,-4048,-808,-16920,21,158,-8,0
S,60149681,dn2,4,0,1650,1520,-2840,-1352,-16480,25,135,-19,0
S,60154680,dn2,4,0,1650,1520,-3000,-1248,-17304,14,121,-13,0
S,60159680,dn2,4,0,1650,1520,-2768,-1584,-16440,4,86,-28,0
S,60164680,dn2,4,0,1650,1520,-2040,-152,-17488,15,67,-29,0
S,60169680,dn2,4,0,1650,1520,-2280,-1848,-16880,10,43,-23,0
S,60174681,dn2,4,0,1650,1520,-2952,-808,-16768,28,28,-16,0
S,60179680,dn2,4,0,1650,1520,-2816,-704,-16896,50,25,-17,0
S,60184680,dn2,4,0,1650,1520,-2520,-1128,-16896,61,33,-24,0
S,60189681,dn2,4,0,1650,1520,-2808,-1000,-16720,77,49,-21,0
S,60194680,dn2,4,0,1650,1520,-2896,-888,-16752,79,54,-28,0
S,60199681,dn2,4,0,1650,1520,-2736,-976,-16944,71,60,-27,0
S,60204681,dn2,4,0,1650,1520,-2720,-776,-16824,53,59,-28,0
S,60209680,dn2,4,0,1650,1520,-2552,-856,-16936,35,61,-25,0
S,60214680,dn2,4,0,1650,1520,-2608,-976,-16904,17,53,-28,0
S,60219681,dn2,4,0,1650,1520,-2816,-928,-16968,4,40,-24,0
S,60224680,dn2,4,0,1650,1520,-2784,-1048,-16904,6,33,-29,0
S,60229680,dn2,4,0,1650,1520,-2616,-928,-17040,13,26,-26,0
S,60234681,dn2,4,0,1650,1520,-2680,-1072,-16776,29,21,-25,0
S,60239681,dn2,4,0,1650,1520,-2424,-936,-17136,37,18,-26,0
S,60244681,dn2,4,0,1650,1520,-2576,-992,-16888,55,20,-34,0
S,60249681,dn2,4,0,1650,1520,-2848,-1000,-16776,68,22,-39,0
S,60254681,dn2,4,0,1650,1520,-2544,-920,-17008,66,15,-31,0
S,60259681,dn2,4,0,1650,1520,-2584,-992,-16848,57,15,-31,0
S,60264681,dn2,4,0,1650,1520,-2696,-840,-16744,40,20,-33,0
S,60269680,dn2,4,0,1650,1520,-2680,-1024,-16848,33,23,-31,0
S,60274681,dn2,4,0,1650,1520,-2760,-1128,-16776,22,17,-23,0
S,60279680,dn2,4,0,1650,1520,-2752,-984,-16768,16,27,-30,0
S,60284680,dn2,4,0,1650,1520,-2616,-800,-16952,21,33,-30,0
S,60289680,dn2,4,0,1650,1520,-2664,-952,-16832,28,36,-23,0
S,60294680,dn2,4,0,1650,1520,-2784,-1056,-16880,37,38,-34,0
S,60299681,dn2,4,0,1650,1520,-2744,-928,-17024,41,32,-29,0
S,60304681,dn2,4,0,1650,1520,-2592,-920,-16800,41,29,-21,0
S,60309680,dn2,4,0,1650,1520,-2576,-888,-16944,45,20,-30,0
S,60314681,dn2,4,0,1650,1520,-2688,-1056,-16816,44,20,-36,0
S,60319681,dn2,4,0,1650,1520,-2512,-960,-16760,40,12,-32,0
S,60324680,dn2,4,0,1650,1520,-2696,-880,-16952,37,13,-30,0
S,60329681,dn2,4,0,1650,1520,-2648,-976,-16768,38,13,-33,0
S,60334681,dn2,4,0,1650,1520,-2536,-928,-16840,39,23,-26,0
S,60339681,dn2,4,0,1650,1520,-2624,-1016,-16944,35,32,-33,0
S,60344680,dn2,4,0,1650,1520,-2544,-976,-16928,35,32,-27,0
S,60349681,dn2,4,0,1650,1520,-2760,-944,-16824,37,34,-28,0
S,60354681,dn2,4,0,1650,1520,-2584,-848,-17088,38,36,-28,0
S,60359680,dn2,4,0,1650,1520,-2880,-960,-16768,35,33,-24,0
S,60364681,dn2,4,0,1650,1520,-2424,-744,-16864,31,23,-29,0
S,60369681,dn2,4,0,1650,1520,-2784,-1072,-16864,31,23,-28,0
S,60374681,dn2,4,0,1650,1520,-2576,-992,-16944,36,20,-26,0
S,60379681,dn2,4,0,1650,1520,-2472,-1000,-16944,41,19,-31,0
S,60384680,dn2,4,0,1650,1520,-2680,-920,-16880,38,10,-23,0
S,60389681,dn2,4,0,1650,1520,-2592,-1000,-16792,40,18,-33,0
S,60394680,dn2,4,0,1650,1520,-2664,-1160,-16888,38,21,-26,0
S,60399681,dn2,4,0,1650,1520,-2648,-832,-16848,37,19,-25,0
S,60404680,dn2,4,0,1650,1520,-2608,-952,-16792,42,18,-28,0
S,60409681,dn2,4,0,1650,1520,-2656,-976,-16736,36,24,-28,0
S,60414680,dn2,4,0,1650,1520,-2696,-928,-16808,34,28,-33,0
S,60419681,dn2,4,0,1650,1520,-2688,-936,-16904,36,18,-29,0
S,60424681,dn2,4,0,1650,1520,-2664,-1000,-16744,39,27,-27,0
S,60429680,dn2,4,0,1650,1520,-2664,-968,-16912,34,26,-27,0
S,60434681,dn2,4,0,1650,1520,-2672,-1088,-16776,38,22,-28,0
S,60439680,dn2,4,0,1650,1520,-2552,-864,-16856,42,25,-29,0
S,60444680,dn2,4,0,1650,1520,-2608,-1032,-16888,33,25,-32,0
S,60449680,dn2,4,0,1650,1520,-2704,-976,-16816,40,26,-25,0
S,60454681,dn2,4,0,1650,1520,-2576,-856,-16904,44,19,-36,0
S,60459680,dn2,4,0,1650,1520,-2704,-992,-16896,37,26,-30,0
S,60464681,dn2,4,0,1650,1520,-2664,-872,-16968,34,27,-24,0
S,60469680,dn2,4,0,1650,1520,-2648,-1112,-16776,32,25,-30,0
S,60474681,dn2,4,0,1650,1520,-2648,-1016,-16880,33,18,-25,0
S,60479680,dn2,4,0,1650,1520,-2568,-944,-16944,37,19,-31,0
S,60484681,dn2,4,0,1650,1520,-2632,-976,-16856,37,21,-33,0
S,60489680,dn2,4,0,1650,1520,-2616,-1016,-16928,37,21,-33,0
S,60494680,dn2,4,0,1650,1520,-2656,-848,-16784,37,24,-30,0
S,60499680,dn2,4,0,1650,1520,-2680,-1112,-16856,42,24,-31,0
S,60504681,dn2,4,0,1650,1520,-2552,-1048,-17048,31,20,-28,0
S,60509680,dn2,4,0,1650,1520,-2416,-1008,-16984,38,27,-35,0
S,60514681,dn2,4,0,1650,1520,-2600,-992,-16848,41,20,-28,0
S,60519680,dn2,4,0,1650,1520,-2608,-976,-16832,39,24,-31,0
S,60524681,dn2,4,0,1650,1520,-2552,-960,-16872,41,22,-23,0
S,60529681,dn2,4,0,1650,1520,-2616,-944,-16800,35,23,-30,0
S,60534680,dn2,4,0,1650,1520,-2600,-952,-16920,37,23,-26,0
S,60539681,dn2,4,0,1650,1520,-2568,-1032,-16880,36,24,-24,0
S,60544680,dn2,4,0,1650,1520,-2680,-960,-16832,31,30,-28,0
S,60549681,dn2,4,0,1650,1520,-2688,-976,-16856,39,23,-25,0
S,60554680,dn2,4,0,1650,1520,-2720,-992,-16856,37,22,-29,0
S,60559681,dn2,4,0,1650,1520,-2528,-968,-16832,41,22,-38,0
S,60564680,dn2,4,0,1650,1520,-2648,-920,-16912,39,22,-29,0
S,60569681,dn2,4,0,1650,1520,-2632,-976,-16840,37,23,-30,0
S,60574681,dn2,4,0,1650,1520,-2720,-904,-16872,38,25,-31,0
S,60579681,dn2,4,0,1650,1520,-2776,-960,-16824,34,16,-31,0
S,60584681,dn2,4,0,1650,1520,-2584,-944,-16832,46,25,-36,0
S,60589681,dn2,4,0,1650,1520,-2584,-864,-16952,45,24,-29,0
S,60594680,dn2,4,0,1650,1520,-2688,-1016,-16880,39,26,-36,0
E,60594784,dn2,5,0,1640,1520,,,,,,,0
S,60595415,dn2,5,0,1640,1520,-2688,-1016,-16880,30,24,-31,0
S,60600406,dn2,5,0,1640,1520,-2704,-1040,-16864,35,21,-35,0
S,60605404,dn2,5,0,1640,1520,-3864,-1256,-16904,36,26,-25,0
S,60610405,dn2,5,0,1640,1520,-2784,-520,-16872,37,30,-37,0
S,60615405,dn2,5,0,1640,1520,-3352,-1280,-17088,39,34,-27,0
S,60620405,dn2,5,0,1640,1520,-2728,-1256,-16968,37,50,-22,0
S,60625405,dn2,5,0,1640,1520,-1056,-1008,-16704,38,69,-27,0
S,60630405,dn2,5,0,1640,1520,-2264,-704,-16624,49,90,-33,0
S,60635404,dn2,5,0,1640,1520,808,-456,-16968,47,100,-9,0
S,60640405,dn2,5,0,1640,1520,-2536,-1432,-16768,50,110,5,0
S,60645405,dn2,5,0,1640,1520,-4544,-1632,-16832,35,119,-9,0
S,60650404,dn2,5,0,1640,1520,-3192,344,-16928,38,118,-10,0
S,60655405,dn2,5,0,1640,1520,-3672,-1696,-16888,29,100,-20,0
S,60660405,dn2,5,0,1640,1520,-2304,-1232,-17120,19,98,-11,0
S,60665405,dn2,5,0,1640,1520,-3024,-944,-16760,30,102,-17,0
S,60670405,dn2,5,0,1640,1520,-2704,-1184,-16960,43,95,-18,0
S,60675405,dn2,5,0,1640,1520,-2560,-1480,-16784,46,99,-20,0
S,60680405,dn2,5,0,1640,1520,-32,24,-16992,50,120,-32,0
S,60685404,dn2,5,0,1640,1520,-4632,-1752,-16928,50,114,-22,0
S,60690405,dn2,5,0,1640,1520,-2168,-368,-16088,55,90,-24,0
S,60695404,dn2,5,0,1640,1520,-2440,-888,-17440,42,75,-31,0
S,60700405,dn2,5,0,1640,1520,-2744,-760,-16888,20,65,-22,0
S,60705405,dn2,5,0,1640,1520,-2560,-1016,-16480,19,34,-24,0
S,60710405,dn2,5,0,1640,1520,-2456,-800,-17144,12,15,-26,0
S,60715405,dn2,5,0,1640,1520,-2504,-1072,-16760,18,1,-28,0
S,60720405,dn2,5,0,1640,1520,-2536,-1112,-17000,33,-11,-27,0
S,60725404,dn2,5,0,1640,1520,-2048,-1208,-16960,47,-5,-30,0
S,60730404,dn2,5,0,1640,1520,-2816,-952,-16808,62,-1,-29,0
S,60735404,dn2,5,0,1640,1520,-2464,-888,-16840,71,9,-37,0
S,60740405,dn2,5,0,1640,1520,-2664,-1016,-16816,72,24,-29,0
S,60745404,dn2,5,0,1640,1520,-2568,-848,-17072,56,28,-35,0
S,60750404,dn2,5,0,1640,1520,-2504,-968,-16816,49,38,-31,0
S,60755404,dn2,5,0,1640,1520,-2520,-896,-16808,31,43,-26,0
S,60760405,dn2,5,0,1640,1520,-2744,-976,-16968,11,39,-29,0
S,60765405,dn2,5,0,1640,1520,-2448,-936,-16808,7,44,-27,0
S,60770405,dn2,5,0,1640,1520,-2552,-928,-17080,10,33,-32,0
S,60775405,dn2,5,0,1640,1520,-2544,-1128,-16784,23,29,-24,0
S,60780405,dn2,5,0,1640,1520,-2504,-952,-16984,30,26,-27,0
S,60785405,dn2,5,0,1640,1520,-2456,-1056,-16888,48,23,-27,0
S,60790405,dn2,5,0,1640,1520,-2656,-984,-16848,56,17,-31,0
S,60795405,dn2,5,0,1640,1520,-2528,-1040,-16864,63,18,-30,0
S,60800405,dn2,5,0,1640,1520,-2408,-984,-16848,62,16,-28,0
S,60805405,dn2,5,0,1640,1520,-2592,-1040,-17080,54,12,-34,0
S,60810405,dn2,5,0,1640,1520,-2488,-920,-16800,34,13,-32,0
S,60815405,dn2,5,0,1640,1520,-2320,-864,-16920,32,21,-30,0
S,60820404,dn2,5,0,1640,1520,-2752,-1040,-16904,22,17,-29,0
S,60825405,dn2,5,0,1640,1520,-2536,-976,-16896,24,26,-31,0
S,60830405,dn2,5,0,1640,1520,-2336,-1000,-17040,26,35,-23,0
S,60835405,dn2,5,0,1640,1520,-2728,-920,-16904,34,34,-28,0
S,60840405,dn2,5,0,1640,1520,-2728,-1008,-16888,36,38,-26,0
S,60845405,dn2,5,0,1640,1520,-2448,-800,-16928,42,36,-28,0
S,60850405,dn2,5,0,1640,1520,-2520,-896,-16784,40,29,-31,0
S,60855405,dn2,5,0,1640,1520,-2288,-1000,-17016,46,19,-25,0
S,60860405,dn2,5,0,1640,1520,-2800,-984,-16896,42,15,-31,0
S,60865405,dn2,5,0,1640,1520,-2488,-808,-16896,31,7,-28,0
S,60870405,dn2,5,0,1640,1520,-2368,-936,-16864,32,12,-23,0
S,60875405,dn2,5,0,1640,1520,-2704,-912,-16912,38,16,-27,0
S,60880405,dn2,5,0,1640,1520,-2440,-864,-16952,35,18,-30,0
S,60885404,dn2,5,0,1640,1520,-2704,-904,-16960,41,24,-30,0
S,60890405,dn2,5,0,1640,1520,-2592,-1016,-16808,45,26,-21,0
S,60895404,dn2,5,0,1640,1520,-2696,-792,-16920,42,32,-36,0
S,60900405,dn2,5,0,1640,1520,-2576,-944,-16912,35,32,-28,0
S,60905405,dn2,5,0,1640,1520,-2472,-1072,-16992,34,27,-28,0
S,60910405,dn2,5,0,1640,1520,-2464,-1040,-16992,32,25,-30,0
S,60915405,dn2,5,0,1640,1520,-2376,-920,-16832,31,24,-23,0
S,60920405,dn2,5,0,1640,1520,-2368,-1056,-16984,34,18,-27,0
S,60925405,dn2,5,0,1640,1520,-2368,-768,-16808,36,13,-24,0
S,60930405,dn2,5,0,1640,1520,-2600,-1008,-16944,43,14,-31,0
S,60935404,dn2,5,0,1640,1520,-2600,-968,-16784,44,19,-28,0
S,60940405,dn2,5,0,1640,1520,-2600,-920,-16936,43,20,-30,0
S,60945405,dn2,5,0,1640,1520,-2648,-904,-16840,46,18,-33,0
S,60950405,dn2,5,0,1640,1520,-2640,-904,-16912,41,24,-31,0
S,60955405,dn2,5,0,1640,1520,-2304,-880,-16880,36,27,-29,0
S,60960405,dn2,5,0,1640,1520,-2552,-1136,-16960,27,26,-26,0
S,60965404,dn2,5,0,1640,1520,-2600,-864,-16904,30,23,-25,0
S,60970405,dn2,5,0,1640,1520,-2392,-1136,-16848,32,21,-30,0
S,60975405,dn2,5,0,1640,1520,-2832,-1080,-16896,29,32,-30,0
S,60980405,dn2,5,0,1640,1520,-2472,-1008,-16912,42,23,-25,0
S,60985405,dn2,5,0,1640,1520,-2344,-1008,-16808,42,22,-32,0
S,60990404,dn2,5,0,1640,1520,-2536,-1128,-16984,45,23,-29,0
S,60995404,dn2,5,0,1640,1520,-2312,-928,-17008,42,25,-34,0
S,61000405,dn2,5,0,1640,1520,-2552,-864,-16960,39,19,-32,0
S,61005405,dn2,5,0,1640,1520,-2536,-944,-16888,35,23,-32,0
S,61010404,dn2,5,0,1640,1520,-2440,-904,-16912,33,15,-27,0
S,61015405,dn2,5,0,1640,1520,-2648,-920,-16840,37,20,-33,0
S,61020405,dn2,5,0,1640,1520,-2696,-808,-16896,32,20,-34,0
S,61025404,dn2,5,0,1640,1520,-2592,-1064,-16776,34,26,-30,0
S,61030405,dn2,5,0,1640,1520,-2624,-976,-16904,35,24,-28,0
S,61035405,dn2,5,0,1640,1520,-2440,-1064,-16872,45,24,-29,0
S,61040404,dn2,5,0,1640,1520,-2456,-1032,-16904,43,25,-33,0
S,61045405,dn2,5,0,1640,1520,-2832,-1056,-16992,40,22,-27,0
S,61050405,dn2,5,0,1640,1520,-2344,-936,-16840,40,23,-30,0
S,61055405,dn2,5,0,1640,1520,-2384,-880,-16920,30,15,-28,0
S,61060404,dn2,5,0,1640,1520,-2288,-1032,-17056,31,21,-30,0
S,61065405,dn2,5,0,1640,1520,-2544,-864,-16928,30,18,-26,0
S,61070405,dn2,5,0,1640,1520,-2360,-912,-16824,42,19,-28,0
S,61075405,dn2,5,0,1640,1520,-2464,-1160,-16904,39,21,-27,0
S,61080405,dn2,5,0,1640,1520,-2392,-920,-16960,49,27,-35,0
S,61085404,dn2,5,0,1640,1520,-2624,-888,-16944,44,27,-30,0
S,61090405,dn2,5,0,1640,1520,-2448,-1056,-16944,40,26,-30,0
S,61095404,dn2,5,0,1640,1520,-2688,-1048,-16976,40,28,-30,0
E,61095507,dn2,6,0,1630,1520,,,,,,,0
S,61096138,dn2,6,0,1630,1520,-2360,-944,-16864,40,28,-30,0
S,61101129,dn2,6,0,1630,1520,-2536,-984,-16864,35,23,-28,0
S,61106127,dn2,6,0,1630,1520,-2112,-1600,-16920,34,21,-26,0
S,61111128,dn2,6,0,1630,1520,-3616,-1304,-16816,31,22,-19,0
S,61116127,dn2,6,0,1630,1520,-2016,-216,-17000,40,43,-27,0
S,61121128,dn2,6,0,1630,1520,-1952,-1952,-16712,46,72,-11,0
S,61126127,dn2,6,0,1630,1520,-1168,-536,-16888,54,86,-5,0
S,61131128,dn2,6,0,1630,1520,-3496,-1464,-16864,59,119,-11,0
S,61136127,dn2,6,0,1630,1520,-1904,-152,-16816,70,149,-4,0
S,61141127,dn2,6,0,1630,1520,-2304,-2136,-16296,66,155,-18,0
S,61146127,dn2,6,0,1630,1520,-1504,-448,-17280,49,178,-29,0
S,61151128,dn2,6,0,1630,1520,-2456,-896,-16488,26,193,-43,0
S,61156127,dn2,6,0,1630,1520,-4816,-2408,-16664,27,185,-28,0
S,61161128,dn2,6,0,1630,1520,-832,-888,-16888,11,140,-31,0
S,61166127,dn2,6,0,1630,1520,-2152,400,-17384,1,120,-29,0
S,61171128,dn2,6,0,1630,1520,-2672,-1240,-16560,7,99,-33,0
S,61176128,dn2,6,0,1630,1520,-2616,-1248,-17232,5,77,-28,0
S,61181127,dn2,6,0,1630,1520,-2632,-656,-16592,31,51,-32,0
S,61186128,dn2,6,0,1630,1520,-2072,-1192,-16920,59,41,-34,0
S,61191128,dn2,6,0,1630,1520,-2168,-880,-16976,75,38,-28,0
S,61196128,dn2,6,0,1630,1520,-2616,-1032,-16848,81,31,-31,0
S,61201127,dn2,6,0,1630,1520,-2472,-856,-17056,76,30,-29,0
S,61206127,dn2,6,0,1630,1520,-2160,-928,-17000,62,26,-28,0
S,61211128,dn2,6,0,1630,1520,-2448,-936,-16840,47,23,-26,0
S,61216128,dn2,6,0,1630,1520,-2528,-792,-16912,29,25,-27,0
S,61221127,dn2,6,0,1630,1520,-2384,-896,-16920,12,24,-25,0
S,61226128,dn2,6,0,1630,1520,-2592,-960,-17008,6,32,-22,0
S,61231128,dn2,6,0,1630,1520,-2552,-1144,-16832,13,35,-26,0
S,61236128,dn2,6,0,1630,1520,-2376,-944,-16928,24,28,-31,0
S,61241128,dn2,6,0,1630,1520,-2176,-1144,-16928,31,44,-26,0
S,61246127,dn2,6,0,1630,1520,-2320,-968,-16984,44,42,-34,0
S,61251128,dn2,6,0,1630,1520,-2256,-1064,-17016,57,32,-30,0
S,61256128,dn2,6,0,1630,1520,-2376,-832,-16952,55,30,-29,0
S,61261127,dn2,6,0,1630,1520,-2320,-936,-17016,54,21,-31,0
S,61266127,dn2,6,0,1630,1520,-2480,-1080,-16888,46,11,-28,0
S,61271128,dn2,6,0,1630,1520,-2296,-760,-16856,35,11,-27,0
S,61276128,dn2,6,0,1630,1520,-2432,-1000,-16904,32,8,-30,0
S,61281127,dn2,6,0,1630,1520,-2272,-976,-16872,18,6,-29,0
S,61286128,dn2,6,0,1630,1520,-2760,-1168,-16920,31,12,-30,0
S,61291127,dn2,6,0,1630,1520,-2256,-1048,-16808,33,22,-35,0
S,61296128,dn2,6,0,1630,1520,-2320,-912,-16920,37,34,-25,0
S,61301128,dn2,6,0,1630,1520,-2488,-1048,-16888,44,42,-28,0
S,61306128,dn2,6,0,1630,1520,-2336,-896,-16912,52,36,-32,0
S,61311127,dn2,6,0,1630,1520,-2328,-880,-16984,47,37,-30,0
S,61316127,dn2,6,0,1630,1520,-2240,-976,-16864,41,26,-27,0
S,61321127,dn2,6,0,1630,1520,-2568,-1104,-16872,30,23,-28,0
S,61326128,dn2,6,0,1630,1520,-2200,-896,-16880,37,17,-29,0
S,61331127,dn2,6,0,1630,1520,-2232,-1000,-16920,29,15,-25,0
S,61336128,dn2,6,0,1630,1520,-2288,-1016,-16840,33,10,-29,0
S,61341128,dn2,6,0,1630,1520,-2384,-1016,-16880,38,8,-31,0
S,61346128,dn2,6,0,1630,1520,-2232,-944,-16992,45,15,-27,0
S,61351127,dn2,6,0,1630,1520,-2464,-976,-16928,43,24,-29,0
S,61356128,dn2,6,0,1630,1520,-2448,-960,-16912,45,25,-29,0
S,61361128,dn2,6,0,1630,1520,-2400,-824,-16872,46,28,-27,0
S,61366127,dn2,6,0,1630,1520,-2424,-888,-16944,42,24,-28,0
S,61371128,dn2,6,0,1630,1520,-2328,-1144,-16776,36,26,-32,0
S,61376128,dn2,6,0,1630,1520,-2352,-984,-16888,30,24,-25,0
S,61381128,dn2,6,0,1630,1520,-2224,-880,-16888,21,25,-28,0
S,61386128,dn2,6,0,1630,1520,-2248,-936,-16984,29,31,-24,0
S,61391128,dn2,6,0,1630,1520,-2608,-952,-16896,34,23,-29,0
S,61396127,dn2,6,0,1630,1520,-2416,-1216,-16848,40,29,-29,0
S,61401128,dn2,6,0,1630,1520,-2360,-1136,-16856,38,26,-31,0
S,61406128,dn2,6,0,1630,1520,-2368,-1016,-16872,50,22,-27,0
S,61411127,dn2,6,0,1630,1520,-2392,-944,-16928,49,16,-36,0
S,61416127,dn2,6,0,1630,1520,-2360,-872,-16896,51,21,-33,0
S,61421128,dn2,6,0,1630,1520,-2592,-936,-16912,41,16,-26,0
S,61426128,dn2,6,0,1630,1520,-2120,-864,-16888,33,11,-26,0
S,61431127,dn2,6,0,1630,1520,-2280,-800,-16920,28,19,-27,0
S,61436128,dn2,6,0,1630,1520,-2288,-968,-16896,32,20,-22,0
S,61441127,dn2,6,0,1630,1520,-2272,-784,-17064,34,23,-25,0
S,61446127,dn2,6,0,1630,1520,-2552,-896,-17080,37,28,-30,0
S,61451127,dn2,6,0,1630,1520,-2568,-1016,-16944,39,35,-28,0
S,61456128,dn2,6,0,1630,1520,-2456,-912,-16992,43,25,-29,0
S,61461127,dn2,6,0,1630,1520,-2184,-776,-16896,46,30,-33,0
S,61466128,dn2,6,0,1630,1520,-2368,-1096,-16776,42,22,-29,0
S,61471127,dn2,6,0,1630,1520,-2448,-1064,-16992,43,23,-26,0
S,61476128,dn2,6,0,1630,1520,-2424,-1088,-16896,38,20,-30,0
S,61481127,dn2,6,0,1630,1520,-2536,-936,-16824,35,18,-28,0
S,61486127,dn2,6,0,1630,1520,-2288,-880,-16936,32,20,-27,0
S,61491127,dn2,6,0,1630,1520,-2576,-872,-16912,32,16,-24,0
S,61496128,dn2,6,0,1630,1520,-2376,-896,-16848,38,18,-39,0
S,61501127,dn2,6,0,1630,1520,-2176,-976,-16952,43,25,-29,0
S,61506127,dn2,6,0,1630,1520,-2320,-984,-16912,41,22,-30,0
S,61511128,dn2,6,0,1630,1520,-2488,-1200,-16952,41,26,-27,0
S,61516127,dn2,6,0,1630,1520,-2368,-984,-16944,38,30,-31,0
S,61521128,dn2,6,0,1630,1520,-2152,-928,-17048,39,20,-30,0
S,61526128,dn2,6,0,1630,1520,-2552,-936,-16944,34,22,-31,0
S,61531128,dn2,6,0,1630,1520,-2504,-1128,-16816,36,19,-25,0
S,61536128,dn2,6,0,1630,1520,-2216,-800,-17080,34,15,-32,0
S,61541128,dn2,6,0,1630,1520,-2296,-1152,-16696,40,24,-28,0
S,61546128,dn2,6,0,1630,1520,-2312,-1120,-16784,43,16,-34,0
S,61551128,dn2,6,0,1630,1520,-2216,-1072,-16872,48,21,-26,0
S,61556128,dn2,6,0,1630,1520,-2464,-1000,-17008,46,26,-32,0
S,61561127,dn2,6,0,1630,1520,-2496,-936,-16856,37,26,-29,0
S,61566128,dn2,6,0,1630,1520,-2392,-776,-17024,41,23,-32,0
S,61571127,dn2,6,0,1630,1520,-2360,-1072,-17016,35,26,-25,0
S,61576128,dn2,6,0,1630,1520,-2432,-1264,-16936,38,25,-25,0
S,61581127,dn2,6,0,1630,1520,-2344,-832,-16928,36,29,-29,0
S,61586128,dn2,6,0,1630,1520,-2368,-1144,-16936,34,28,-35,0
S,61591128,dn2,6,0,1630,1520,-2296,-1096,-16960,42,28,-27,0
S,61596128,dn2,6,0,1630,1520,-2328,-1104,-16880,37,23,-33,0
E,61596236,dn2,7,0,1620,1520,,,,,,,0
S,61596866,dn2,7,0,1620,1520,-2336,-1016,-16968,35,23,-30,0
S,61601857,dn2,7,0,1620,1520,-2488,-1008,-16928,45,27,-25,0
S,61606856,dn2,7,0,1620,1520,-2224,-408,-16960,45,25,-30,0
S,61611855,dn2,7,0,1620,1520,-680,-1464,-16864,42,33,-29,0
S,61616856,dn2,7,0,1620,1520,-3888,-1816,-16616,41,41,-35,0
S,61621856,dn2,7,0,1620,1520,-1080,-928,-17040,40,50,-11,0
S,61626855,dn2,7,0,1620,1520,-3848,-1032,-16792,42,63,-16,0
S,61631856,dn2,7,0,1620,1520,-944,-736,-16936,43,90,-33,0
S,61636856,dn2,7,0,1620,1520,-2608,-472,-16792,51,99,-16,0
S,61641855,dn2,7,0,1620,1520,-672,-280,-17240,47,116,-27,0
S,61646855,dn2,7,0,1620,1520,-3624,-1232,-16456,49,136,-21,0
S,61651855,dn2,7,0,1620,1520,-2424,-272,-16880,40,142,-39,0
S,61656855,dn2,7,0,1620,1520,-448,-832,-17160,22,162,-31,0
S,61661856,dn2,7,0,1620,1520,-6168,-1616,-17352,17,168,-8,0
S,61666855,dn2,7,0,1620,1520,-2976,-64,-16008,30,142,-42,0
S,61671856,dn2,7,0,1620,1520,-1584,-848,-17480,29,135,-33,0
S,61676856,dn2,7,0,1620,1520,-2168,-1384,-17000,17,128,-26,0
S,61681856,dn2,7,0,1620,1520,-2816,-520,-16656,25,110,-39,0
S,61686856,dn2,7,0,1620,1520,-2440,-984,-16896,35,82,-32,0
S,61691856,dn2,7,0,1620,1520,-2080,-1288,-16968,37,77,-25,0
S,61696856,dn2,7,0,1620,1520,-2608,-1096,-17032,53,60,-21,0
S,61701856,dn2,7,0,1620,1520,-1976,-888,-16720,58,44,-33,0
S,61706855,dn2,7,0,1620,1520,-2560,-824,-16984,54,28,-33,0
S,61711856,dn2,7,0,1620,1520,-2312,-1208,-17000,50,18,-25,0
S,61716856,dn2,7,0,1620,1520,-2368,-1000,-16848,42,7,-22,0
S,61721855,dn2,7,0,1620,1520,-2088,-816,-17056,28,-2,-28,0
S,61726856,dn2,7,0,1620,1520,-2376,-1112,-17032,27,4,-23,0
S,61731856,dn2,7,0,1620,1520,-2448,-992,-16920,23,1,-27,0
S,61736856,dn2,7,0,1620,1520,-1944,-1088,-16800,36,20,-24,0
S,61741855,dn2,7,0,1620,1520,-2440,-920,-16880,42,22,-29,0
S,61746856,dn2,7,0,1620,1520,-1992,-968,-17128,50,29,-26,0
S,61751856,dn2,7,0,1620,1520,-2520,-864,-16888,48,38,-30,0
S,61756856,dn2,7,0,1620,1520,-2024,-808,-16928,50,42,-32,0
S,61761856,dn2,7,0,1620,1520,-2376,-1112,-16960,35,44,-27,0
S,61766856,dn2,7,0,1620,1520,-2368,-1120,-16880,34,39,-29,0
S,61771856,dn2,7,0,1620,1520,-2320,-944,-16928,31,29,-28,0
S,61776856,dn2,7,0,1620,1520,-2200,-1024,-17008,23,27,-25,0
S,61781856,dn2,7,0,1620,1520,-2304,-1024,-17024,20,12,-31,0
S,61786856,dn2,7,0,1620,1520,-2392,-936,-16848,30,10,-26,0
S,61791855,dn2,7,0,1620,1520,-2288,-1160,-17064,31,5,-31,0
S,61796856,dn2,7,0,1620,1520,-2056,-1000,-16896,49,7,-32,0
S,61801856,dn2,7,0,1620,1520,-2088,-1000,-16944,57,11,-29,0
S,61806856,dn2,7,0,1620,1520,-2400,-968,-17032,55,16,-25,0
S,61811856,dn2,7,0,1620,1520,-2240,-720,-16936,52,30,-29,0
S,61816856,dn2,7,0,1620,1520,-2328,-1056,-16904,45,25,-28,0
S,61821856,dn2,7,0,1620,1520,-2384,-1088,-17016,35,29,-31,0
S,61826855,dn2,7,0,1620,1520,-2296,-824,-16920,26,30,-27,0
S,61831856,dn2,7,0,1620,1520,-2416,-800,-16840,20,29,-31,0
S,61836855,dn2,7,0,1620,1520,-2488,-1136,-16960,15,27,-30,0
S,61841856,dn2,7,0,1620,1520,-2312,-992,-16896,28,26,-31,0
S,61846855,dn2,7,0,1620,1520,-2304,-936,-16944,37,22,-28,0
S,61851856,dn2,7,0,1620,1520,-2224,-1040,-16752,45,21,-32,0
S,61856856,dn2,7,0,1620,1520,-2072,-1088,-17040,53,26,-29,0
S,61861856,dn2,7,0,1620,1520,-2288,-984,-16768,57,26,-28,0
S,61866856,dn2,7,0,1620,1520,-2336,-936,-16936,51,20,-31,0
S,61871856,dn2,7,0,1620,1520,-2160,-880,-16992,41,17,-28,0
S,61876856,dn2,7,0,1620,1520,-2400,-1040,-16976,33,19,-27,0
S,61881855,dn2,7,0,1620,1520,-2248,-856,-17000,34,14,-31,0
S,61886856,dn2,7,0,1620,1520,-2168,-928,-17008,22,22,-23,0
S,61891855,dn2,7,0,1620,1520,-2288,-960,-16904,28,14,-24,0
S,61896856,dn2,7,0,1620,1520,-2160,-976,-16912,39,23,-25,0
S,61901856,dn2,7,0,1620,1520,-2208,-1040,-16872,41,27,-28,0
S,61906856,dn2,7,0,1620,1520,-2104,-1072,-16848,47,37,-28,0
S,61911855,dn2,7,0,1620,1520,-2320,-976,-16904,45,32,-29,0
S,61916856,dn2,7,0,1620,1520,-2312,-1088,-16912,48,27,-30,0
S,61921856,dn2,7,0,1620,1520,-2208,-848,-16880,47,22,-30,0
S,61926856,dn2,7,0,1620,1520,-2360,-1024,-17016,35,21,-30,0
S,61931856,dn2,7,0,1620,1520,-2208,-936,-16944,24,15,-25,0
S,61936856,dn2,7,0,1620,1520,-2168,-984,-16864,35,18,-33,0
S,61941856,dn2,7,0,1620,1520,-2320,-888,-16904,29,20,-28,0
S,61946856,dn2,7,0,1620,1520,-2328,-808,-16928,41,27,-31,0
S,61951856,dn2,7,0,1620,1520,-2400,-1144,-16952,43,27,-24,0
S,61956856,dn2,7,0,1620,1520,-2416,-880,-17000,47,30,-28,0
S,61961856,dn2,7,0,1620,1520,-2128,-984,-16824,52,27,-31,0
S,61966856,dn2,7,0,1620,1520,-2224,-1024,-16928,47,27,-21,0
S,61971856,dn2,7,0,1620,1520,-2408,-1032,-16984,39,25,-29,0
S,61976856,dn2,7,0,1620,1520,-2216,-1080,-16896,37,26,-29,0
S,61981856,dn2,7,0,1620,1520,-2248,-1096,-16904,31,20,-26,0
S,61986856,dn2,7,0,1620,1520,-2232,-992,-16904,35,17,-28,0
S,61991855,dn2,7,0,1620,1520,-2312,-952,-16920,27,15,-24,0
S,61996856,dn2,7,0,1620,1520,-2320,-912,-16912,31,16,-32,0
S,62001855,dn2,7,0,1620,1520,-2208,-1000,-17072,42,26,-25,0
S,62006856,dn2,7,0,1620,1520,-2256,-1040,-16920,46,21,-35,0
S,62011856,dn2,7,0,1620,1520,-2048,-912,-16976,50,29,-27,0
S,62016856,dn2,7,0,1620,1520,-2328,-1032,-17016,42,32,-30,0
S,62021855,dn2,7,0,1620,1520,-2352,-1032,-16936,44,26,-28,0
S,62026856,dn2,7,0,1620,1520,-2256,-976,-16952,37,23,-34,0
S,62031856,dn2,7,0,1620,1520,-2320,-864,-17040,36,22,-28,0
S,62036855,dn2,7,0,1620,1520,-2256,-976,-16904,21,22,-30,0
S,62041856,dn2,7,0,1620,1520,-2440,-1040,-16952,32,17,-22,0
S,62046856,dn2,7,0,1620,1520,-2288,-1064,-16920,36,21,-27,0
S,62051855,dn2,7,0,1620,1520,-2320,-1088,-16864,39,27,-25,0
S,62056856,dn2,7,0,1620,1520,-2304,-1112,-16848,43,21,-25,0
S,62061856,dn2,7,0,1620,1520,-2280,-1120,-16928,45,21,-32,0
S,62066856,dn2,7,0,1620,1520,-2328,-968,-16928,52,26,-29,0
S,62071855,dn2,7,0,1620,1520,-2536,-968,-16832,46,19,-27,0
S,62076855,dn2,7,0,1620,1520,-2176,-960,-16856,46,26,-32,0
S,62081856,dn2,7,0,1620,1520,-2184,-936,-16752,39,25,-24,0
S,62086856,dn2,7,0,1620,1520,-2312,-1168,-16880,31,28,-29,0
S,62091856,dn2,7,0,1620,1520,-2232,-952,-17016,34,26,-36,0
S,62096856,dn2,7,0,1620,1520,-2176,-1016,-16952,25,24,-31,0
E,62096958,dn2,8,0,1610,1520,,,,,,,0
S,62097593,dn2,8,0,1610,1520,-2032,-880,-16960,25,26,-28,0
S,62102585,dn2,8,0,1610,1520,-2320,-976,-17032,35,24,-27,0
S,62107584,dn2,8,0,1610,1520,-5024,-1360,-17016,29,24,-36,0
S,62112584,dn2,8,0,1610,1520,-3168,1176,-17424,41,46,-56,0
S,62117584,dn2,8,0,1610,1520,-784,-120,-16832,52,57,-32,0
S,62122583,dn2,8,0,1610,1520,-3408,-4112,-16568,51,59,-44,0
S,62127584,dn2,8,0,1610,1520,952,1152,-17464,47,87,-34,0
S,62132584,dn2,8,0,1610,1520,-1056,-56,-16824,55,94,0,0
S,62137583,dn2,8,0,1610,1520,-5576,-1976,-16736,54,115,-24,0
S,62142584,dn2,8,0,1610,1520,-904,784,-17368,41,141,-29,0
S,62147584,dn2,8,0,1610,1520,-2368,-1576,-16760,31,143,-26,0
S,62152584,dn2,8,0,1610,1520,-3112,-1576,-17056,22,140,-30,0
S,62157583,dn2,8,0,1610,1520,-24,-560,-17216,18,153,-37,0
S,62162584,dn2,8,0,1610,1520,-4800,-1392,-17096,15,136,-43,0
S,62167584,dn2,8,0,1610,1520,-912,-128,-16600,31,128,-30,0
S,62172584,dn2,8,0,1610,1520,-1480,-1440,-17232,30,120,-38,0
S,62177583,dn2,8,0,1610,1520,-2960,-1072,-17176,25,125,-30,0
S,62182584,dn2,8,0,1610,1520,-2256,-992,-16416,49,110,-33,0
S,62187583,dn2,8,0,1610,1520,-2352,-1072,-17464,62,111,-36,0
S,62192583,dn2,8,0,1610,1520,-2384,-1104,-16728,58,110,-31,0
S,62197584,dn2,8,0,1610,1520,-2488,-768,-16992,56,108,-34,0
S,62202583,dn2,8,0,1610,1520,-2112,-1088,-16976,47,96,-35,0
S,62207583,dn2,8,0,1610,1520,-2336,-1208,-16872,32,73,-33,0
S,62212583,dn2,8,0,1610,1520,-2192,-792,-16944,19,60,-27,0
S,62217584,dn2,8,0,1610,1520,-1984,-984,-16944,14,45,-31,0
S,62222583,dn2,8,0,1610,1520,-2248,-1112,-17120,20,27,-28,0
S,62227583,dn2,8,0,1610,1520,-2112,-1112,-16808,28,19,-29,0
S,62232584,dn2,8,0,1610,1520,-1960,-944,-17088,33,11,-28,0
S,62237584,dn2,8,0,1610,1520,-2072,-1112,-16896,48,9,-27,0
S,62242584,dn2,8,0,1610,1520,-2064,-840,-16960,59,1,-31,0
S,62247583,dn2,8,0,1610,1520,-2296,-896,-17056,64,12,-31,0
S,62252583,dn2,8,0,1610,1520,-2016,-944,-16912,55,7,-29,0
S,62257583,dn2,8,0,1610,1520,-2320,-1080,-17104,56,15,-28,0
S,62262584,dn2,8,0,1610,1520,-2184,-1104,-17056,41,19,-31,0
S,62267584,dn2,8,0,1610,1520,-1912,-1000,-16992,27,20,-30,0
S,62272583,dn2,8,0,1610,1520,-2272,-1080,-17088,22,23,-31,0
S,62277583,dn2,8,0,1610,1520,-1912,-808,-16952,20,30,-29,0
S,62282583,dn2,8,0,1610,1520,-2240,-864,-16904,28,36,-26,0
S,62287583,dn2,8,0,1610,1520,-2232,-1280,-16912,39,40,-30,0
S,62292583,dn2,8,0,1610,1520,-2024,-1008,-17016,41,33,-32,0
S,62297583,dn2,8,0,1610,1520,-2160,-872,-17048,54,35,-31,0
S,62302584,dn2,8,0,1610,1520,-1848,-1040,-17056,52,29,-35,0
S,62307584,dn2,8,0,1610,1520,-2232,-928,-16824,56,24,-33,0
S,62312583,dn2,8,0,1610,1520,-2016,-872,-17000,44,9,-32,0
S,62317583,dn2,8,0,1610,1520,-1944,-928,-16976,34,8,-29,0
S,62322584,dn2,8,0,1610,1520,-2296,-1128,-17008,32,2,-27,0
S,62327584,dn2,8,0,1610,1520,-2072,-960,-17048,27,7,-28,0
S,62332583,dn2,8,0,1610,1520,-2024,-1032,-17008,29,14,-27,0
S,62337584,dn2,8,0,1610,1520,-2256,-1024,-16896,43,20,-33,0
S,62342583,dn2,8,0,1610,1520,-1896,-984,-16888,40,26,-36,0
S,62347584,dn2,8,0,1610,1520,-2152,-1008,-16936,44,30,-33,0
S,62352583,dn2,8,0,1610,1520,-2240,-1080,-16920,50,41,-28,0
S,62357584,dn2,8,0,1610,1520,-2136,-952,-17072,46,39,-29,0
S,62362584,dn2,8,0,1610,1520,-1944,-640,-17016,35,34,-23,0
S,62367583,dn2,8,0,1610,1520,-2056,-1088,-16992,34,31,-30,0
S,62372584,dn2,8,0,1610,1520,-2048,-648,-17168,27,20,-29,0
S,62377583,dn2,8,0,1610,1520,-2112,-920,-16888,24,19,-28,0
S,62382584,dn2,8,0,1610,1520,-2120,-1056,-16912,23,13,-26,0
S,62387583,dn2,8,0,1610,1520,-2120,-960,-17032,33,5,-32,0
S,62392583,dn2,8,0,1610,1520,-2104,-1040,-16992,40,8,-31,0
S,62397583,dn2,8,0,1610,1520,-2072,-904,-17024,50,14,-23,0
S,62402584,dn2,8,0,1610,1520,-2000,-1072,-16920,53,15,-29,0
S,62407584,dn2,8,0,1610,1520,-2200,-1024,-16896,57,16,-26,0
S,62412583,dn2,8,0,1610,1520,-1920,-928,-16992,49,25,-31,0
S,62417583,dn2,8,0,1610,1520,-2352,-1024,-17000,40,30,-31,0
S,62422584,dn2,8,0,1610,1520,-2056,-1040,-16896,31,27,-30,0
S,62427583,dn2,8,0,1610,1520,-1992,-992,-17048,29,36,-24,0
S,62432584,dn2,8,0,1610,1520,-2272,-968,-16984,26,34,-27,0
S,62437583,dn2,8,0,1610,1520,-2040,-1072,-16920,27,33,-26,0
S,62442583,dn2,8,0,1610,1520,-2256,-1080,-16888,29,27,-27,0
S,62447583,dn2,8,0,1610,1520,-2160,-1048,-17040,38,27,-28,0
S,62452583,dn2,8,0,1610,1520,-2072,-984,-17096,48,24,-29,0
S,62457583,dn2,8,0,1610,1520,-2216,-1080,-17008,46,19,-26,0
S,62462583,dn2,8,0,1610,1520,-1976,-864,-17000,50,12,-27,0
S,62467584,dn2,8,0,1610,1520,-2288,-944,-16952,43,12,-31,0
S,62472583,dn2,8,0,1610,1520,-2144,-1232,-16904,45,14,-27,0
S,62477583,dn2,8,0,1610,1520,-2040,-840,-16880,40,10,-29,0
S,62482583,dn2,8,0,1610,1520,-2216,-1064,-16912,34,22,-32,0
S,62487584,dn2,8,0,1610,1520,-2096,-1008,-16976,23,13,-29,0
S,62492583,dn2,8,0,1610,1520,-2120,-896,-17136,38,24,-32,0
S,62497583,dn2,8,0,1610,1520,-2440,-1112,-16936,36,29,-28,0
S,62502584,dn2,8,0,1610,1520,-2200,-1112,-17000,34,35,-27,0
S,62507584,dn2,8,0,1610,1520,-1936,-832,-17112,48,34,-36,0
S,62512583,dn2,8,0,1610,1520,-2120,-1256,-16936,45,39,-27,0
S,62517583,dn2,8,0,1610,1520,-2224,-864,-17016,48,31,-27,0
S,62522584,dn2,8,0,1610,1520,-2008,-1104,-17072,37,22,-31,0
S,62527583,dn2,8,0,1610,1520,-2208,-1072,-16976,30,17,-28,0
S,62532583,dn2,8,0,1610,1520,-2128,-1024,-16992,31,13,-34,0
S,62537584,dn2,8,0,1610,1520,-2312,-888,-16984,33,11,-29,0
S,62542584,dn2,8,0,1610,1520,-2096,-1024,-16864,33,13,-30,0
S,62547584,dn2,8,0,1610,1520,-2016,-984,-17040,37,12,-31,0
S,62552583,dn2,8,0,1610,1520,-2200,-1024,-16968,46,27,-28,0
S,62557584,dn2,8,0,1610,1520,-2296,-800,-16824,44,29,-30,0
S,62562584,dn2,8,0,1610,1520,-2256,-1032,-16984,52,28,-33,0
S,62567583,dn2,8,0,1610,1520,-2000,-976,-17048,44,33,-25,0
S,62572583,dn2,8,0,1610,1520,-2080,-1088,-16920,34,30,-30,0
S,62577584,dn2,8,0,1610,1520,-2080,-984,-17016,26,30,-29,0
S,62582584,dn2,8,0,1610,1520,-2016,-944,-16912,27,26,-29,0
S,62587584,dn2,8,0,1610,1520,-2088,-1008,-16920,31,26,-23,0
S,62592583,dn2,8,0,1610,1520,-2176,-1016,-16904,33,22,-30,0
S,62597583,dn2,8,0,1610,1520,-2088,-792,-16944,44,23,-24,0
E,62597686,dn2,9,0,1600,1520,,,,,,,0
S,62598317,dn2,9,0,1600,1520,-2280,-1152,-16952,43,23,-27,0
S,62603308,dn2,9,0,1600,1520,-2128,-976,-16896,44,19,-33,0
S,62608307,dn2,9,0,1600,1520,-1616,-1336,-16744,51,23,-24,0
S,62613306,dn2,9,0,1600,1520,-1288,-600,-16832,49,31,-33,0
S,62618307,dn2,9,0,1600,1520,-2992,-1224,-17248,41,38,-31,0
S,62623307,dn2,9,0,1600,1520,-360,-928,-17032,42,64,-35,0
S,62628306,dn2,9,0,1600,1520,-3880,216,-16856,41,83,-58,0
S,62633306,dn2,9,0,1600,1520,-16,752,-17288,48,94,-35,0
S,62638306,dn2,9,0,1600,1520,-3288,-3584,-17104,43,128,-30,0
S,62643306,dn2,9,0,1600,1520,-2896,-472,-16880,42,138,-27,0
S,62648306,dn2,9,0,1600,1520,-1432,-1320,-16472,42,156,-25,0
S,62653306,dn2,9,0,1600,1520,-2480,-1248,-17176,38,171,-23,0
S,62658307,dn2,9,0,1600,1520,320,-792,-16992,26,199,-39,0
S,62663307,dn2,9,0,1600,1520,-4816,-704,-17560,20,197,-30,0
S,62668307,dn2,9,0,1600,1520,-3344,-800,-16048,33,179,-24,0
S,62673306,dn2,9,0,1600,1520,-1944,-616,-17376,26,157,-29,0
S,62678307,dn2,9,0,1600,1520,-1736,-968,-17088,12,141,-31,0
S,62683306,dn2,9,0,1600,1520,-2432,-512,-17016,23,129,-31,0
S,62688307,dn2,9,0,1600,1520,-1704,-1000,-16928,24,105,-34,0
S,62693306,dn2,9,0,1600,1520,-1624,-1392,-17056,37,85,-34,0
S,62698307,dn2,9,0,1600,1520,-2232,-848,-17024,56,81,-37,0
S,62703307,dn2,9,0,1600,1520,-1552,-1232,-17096,62,77,-35,0
S,62708306,dn2,9,0,1600,1520,-2168,-1080,-16920,63,74,-32,0
S,62713306,dn2,9,0,1600,1520,-2096,-784,-16840,56,57,-28,0
S,62718307,dn2,9,0,1600,1520,-1928,-840,-16864,48,46,-27,0
S,62723307,dn2,9,0,1600,1520,-1952,-912,-17136,25,34,-32,0
S,62728307,dn2,9,0,1600,1520,-2328,-1008,-16928,14,19,-27,0
S,62733307,dn2,9,0,1600,1520,-1952,-1008,-16912,13,2,-29,0
S,62738307,dn2,9,0,1600,1520,-1880,-944,-17032,23,0,-22,0
S,62743307,dn2,9,0,1600,1520,-1992,-1000,-16936,29,0,-35,0
S,62748307,dn2,9,0,1600,1520,-1688,-912,-17040,44,6,-34,0
S,62753307,dn2,9,0,1600,1520,-2120,-1160,-17040,65,14,-27,0
S,62758307,dn2,9,0,1600,1520,-2272,-1136,-17000,63,21,-34,0
S,62763307,dn2,9,0,1600,1520,-2016,-968,-17064,60,33,-34,0
S,62768306,dn2,9,0,1600,1520,-1888,-752,-16928,51,28,-31,0
S,62773306,dn2,9,0,1600,1520,-1744,-912,-16928,41,29,-30,0
S,62778307,dn2,9,0,1600,1520,-1792,-800,-16968,29,28,-33,0
S,62783307,dn2,9,0,1600,1520,-2176,-1080,-16880,15,21,-27,0
S,62788306,dn2,9,0,1600,1520,-2016,-984,-16920,14,24,-27,0
S,62793306,dn2,9,0,1600,1520,-1968,-920,-17008,22,29,-29,0
S,62798307,dn2,9,0,1600,1520,-2248,-1080,-16952,32,28,-34,0
S,62803307,dn2,9,0,1600,1520,-1904,-1216,-16800,45,27,-35,0
S,62808307,dn2,9,0,1600,1520,-1704,-848,-16976,59,26,-25,0
S,62813307,dn2,9,0,1600,1520,-1912,-1048,-17000,53,25,-29,0
S,62818306,dn2,9,0,1600,1520,-2096,-872,-16960,46,17,-30,0
S,62823307,dn2,9,0,1600,1520,-1760,-808,-17088,47,16,-29,0
S,62828307,dn2,9,0,1600,1520,-1928,-1056,-16896,29,13,-30,0
S,62833307,dn2,9,0,1600,1520,-2136,-1136,-16984,27,10,-34,0
S,62838307,dn2,9,0,1600,1520,-1792,-1048,-16936,33,19,-29,0
S,62843307,dn2,9,0,1600,1520,-1840,-1040,-16928,27,20,-32,0
S,62848307,dn2,9,0,1600,1520,-2008,-976,-17008,37,24,-31,0
S,62853307,dn2,9,0,1600,1520,-2000,-992,-16912,44,34,-25,0
S,62858307,dn2,9,0,1600,1520,-1688,-944,-17120,50,30,-32,0
S,62863306,dn2,9,0,1600,1520,-2144,-1056,-16912,46,35,-34,0
S,62868306,dn2,9,0,1600,1520,-2168,-1072,-16920,43,31,-27,0
S,62873307,dn2,9,0,1600,1520,-1968,-912,-16912,46,27,-26,0
S,62878307,dn2,9,0,1600,1520,-2048,-936,-17024,39,25,-25,0
S,62883307,dn2,9,0,1600,1520,-2016,-1016,-17008,26,15,-35,0
S,62888307,dn2,9,0,1600,1520,-2032,-896,-16872,33,9,-26,0
S,62893307,dn2,9,0,1600,1520,-2072,-1096,-17000,32,14,-28,0
S,62898306,dn2,9,0,1600,1520,-1824,-1080,-16968,35,7,-31,0
S,62903307,dn2,9,0,1600,1520,-2144,-1160,-17008,39,19,-29,0
S,62908307,dn2,9,0,1600,1520,-2128,-832,-16896,46,25,-31,0
S,62913307,dn2,9,0,1600,1520,-2120,-920,-17056,55,28,-32,0
S,62918307,dn2,9,0,1600,1520,-1872,-1088,-17072,49,28,-29,0
S,62923307,dn2,9,0,1600,1520,-1848,-1008,-16968,51,24,-33,0
S,62928307,dn2,9,0,1600,1520,-1888,-1088,-17128,34,29,-35,0
S,62933307,dn2,9,0,1600,1520,-2016,-1000,-16896,30,23,-28,0
S,62938307,dn2,9,0,1600,1520,-1960,-984,-17032,26,15,-33,0
S,62943307,dn2,9,0,1600,1520,-1696,-896,-16912,24,13,-30,0
S,62948307,dn2,9,0,1600,1520,-1928,-824,-16984,25,18,-30,0
S,62953307,dn2,9,0,1600,1520,-1984,-976,-16856,41,23,-30,0
S,62958307,dn2,9,0,1600,1520,-1968,-1040,-17000,50,25,-29,0
S,62963306,dn2,9,0,1600,1520,-1952,-880,-16944,50,29,-29,0
S,62968307,dn2,9,0,1600,1520,-1904,-992,-16904,49,22,-35,0
S,62973307,dn2,9,0,1600,1520,-1968,-888,-17040,42,23,-28,0
S,62978306,dn2,9,0,1600,1520,-1664,-920,-17104,33,26,-30,0
S,62983307,dn2,9,0,1600,1520,-2216,-1096,-16872,30,23,-30,0
S,62988306,dn2,9,0,1600,1520,-2120,-928,-17048,30,22,-32,0
S,62993306,dn2,9,0,1600,1520,-1816,-960,-17008,24,25,-29,0
S,62998307,dn2,9,0,1600,1520,-1896,-1152,-16976,33,22,-22,0
S,63003307,dn2,9,0,1600,1520,-1704,-984,-16992,39,26,-27,0
S,63008306,dn2,9,0,1600,1520,-2128,-832,-17056,38,34,-29,0
S,63013307,dn2,9,0,1600,1520,-2048,-944,-16896,51,28,-34,0
S,63018307,dn2,9,0,1600,1520,-2160,-1048,-16904,48,29,-32,0
S,63023307,dn2,9,0,1600,1520,-1960,-1016,-17048,48,27,-29,0
S,63028307,dn2,9,0,1600,1520,-1928,-992,-16984,36,20,-28,0
S,63033306,dn2,9,0,1600,1520,-1968,-880,-17008,34,13,-29,0
S,63038307,dn2,9,0,1600,1520,-1984,-960,-17144,26,11,-24,0
S,63043307,dn2,9,0,1600,1520,-1952,-1112,-17200,32,19,-32,0
S,63048307,dn2,9,0,1600,1520,-2056,-1072,-16912,39,20,-29,0
S,63053307,dn2,9,0,1600,1520,-1928,-960,-17040,41,27,-31,0
S,63058306,dn2,9,0,1600,1520,-1856,-1072,-16952,45,23,-29,0
S,63063307,dn2,9,0,1600,1520,-2096,-880,-16896,45,31,-31,0
S,63068307,dn2,9,0,1600,1520,-1976,-864,-17072,47,25,-32,0
S,63073307,dn2,9,0,1600,1520,-1768,-808,-16992,34,28,-28,0
S,63078307,dn2,9,0,1600,1520,-1704,-1032,-16992,35,22,-32,0
S,63083307,dn2,9,0,1600,1520,-2000,-1024,-16968,35,32,-33,0
S,63088307,dn2,9,0,1600,1520,-2032,-960,-16912,34,27,-28,0
S,63093307,dn2,9,0,1600,1520,-1968,-1064,-17008,33,26,-28,0
S,63098306,dn2,9,0,1600,1520,-1864,-984,-17032,39,26,-27,0
E,63098408,dn2,10,0,1590,1520,,,,,,,0
S,63099043,dn2,10,0,1590,1520,-2016,-1048,-17048,42,29,-31,0
S,63104035,dn2,10,0,1590,1520,-1896,-1080,-16992,46,25,-27,0
S,63109032,dn2,10,0,1590,1520,-1512,-1128,-16960,43,25,-32,0
S,63114032,dn2,10,0,1590,1520,-544,-1056,-16808,40,35,-28,0
S,63119032,dn2,10,0,1590,1520,-2992,-1424,-16848,48,35,-28,0
S,63124032,dn2,10,0,1590,1520,-424,-1744,-17224,34,47,-23,0
S,63129032,dn2,10,0,1590,1520,-4328,-1520,-17032,49,59,-11,0
S,63134032,dn2,10,0,1590,1520,-6288,-2432,-17072,44,95,-44,0
S,63139032,dn2,10,0,1590,1520,-2008,2240,-17056,52,113,-46,0
S,63144032,dn2,10,0,1590,1520,-704,-984,-17408,51,134,-32,0
S,63149032,dn2,10,0,1590,1520,-2512,-1368,-16784,32,153,-34,0
S,63154032,dn2,10,0,1590,1520,128,496,-16392,33,197,-46,0
S,63159032,dn2,10,0,1590,1520,-2912,-1976,-17264,39,219,-47,0
S,63164032,dn2,10,0,1590,1520,-2992,-1720,-17040,43,242,-31,0
S,63169032,dn2,10,0,1590,1520,-1608,-416,-16712,39,238,-42,0
S,63174032,dn2,10,0,1590,1520,-2208,-1008,-17512,27,243,-39,0
S,63179032,dn2,10,0,1590,1520,-1968,-1256,-16656,13,228,-40,0
S,63184032,dn2,10,0,1590,1520,-2096,-920,-17160,7,191,-38,0
S,63189032,dn2,10,0,1590,1520,-1824,-936,-16992,2,151,-33,0
S,63194032,dn2,10,0,1590,1520,-1872,-840,-17128,6,101,-36,0
S,63199032,dn2,10,0,1590,1520,-1952,-1048,-17088,12,48,-31,0
S,63204032,dn2,10,0,1590,1520,-1712,-1000,-16904,17,11,-26,0
S,63209032,dn2,10,0,1590,1520,-1808,-896,-17192,35,-33,-27,0
S,63214032,dn2,10,0,1590,1520,-1704,-1112,-16984,60,-60,-27,0
S,63219032,dn2,10,0,1590,1520,-1960,-984,-17096,75,-65,-28,0
S,63224032,dn2,10,0,1590,1520,-1888,-920,-17048,82,-59,-31,0
S,63229032,dn2,10,0,1590,1520,-1688,-1136,-16960,73,-44,-28,0
S,63234032,dn2,10,0,1590,1520,-1776,-1032,-17104,64,-13,-33,0
S,63239032,dn2,10,0,1590,1520,-1904,-952,-16832,54,10,-26,0
S,63244032,dn2,10,0,1590,1520,-1784,-896,-16952,35,40,-30,0
S,63249032,dn2,10,0,1590,1520,-1856,-1008,-16952,25,67,-27,0
S,63254032,dn2,10,0,1590,1520,-1776,-824,-17040,8,80,-29,0
S,63259032,dn2,10,0,1590,1520,-1696,-1144,-17064,-2,83,-25,0
S,63264032,dn2,10,0,1590,1520,-1800,-1120,-16952,-1,78,-26,0
S,63269032,dn2,10,0,1590,1520,-1984,-992,-17104,5,62,-33,0
S,63274032,dn2,10,0,1590,1520,-1816,-912,-17112,29,35,-32,0
S,63279032,dn2,10,0,1590,1520,-1776,-1096,-16944,40,17,-28,0
S,63284032,dn2,10,0,1590,1520,-1832,-1072,-16920,60,3,-35,0
S,63289032,dn2,10,0,1590,1520,-1544,-976,-17024,66,-14,-26,0
S,63294032,dn2,10,0,1590,1520,-1800,-952,-16960,63,-21,-24,0
S,63299032,dn2,10,0,1590,1520,-1768,-976,-16984,64,-25,-36,0
S,63304032,dn2,10,0,1590,1520,-1800,-944,-16960,59,-17,-25,0
S,63309032,dn2,10,0,1590,1520,-1936,-1080,-16968,42,-1,-27,0
S,63314035,dn2,10,0,1590,1520,-1744,-832,-17032,30,17,-28,0
S,63319032,dn2,10,0,1590,1520,-2024,-1104,-16928,21,36,-28,0
S,63324032,dn2,10,0,1590,1520,-1880,-1144,-16896,15,51,-27,0
S,63329032,dn2,10,0,1590,1520,-1592,-1072,-17016,15,65,-33,0
S,63334032,dn2,10,0,1590,1520,-1816,-816,-16936,25,63,-23,0
S,63339032,dn2,10,0,1590,1520,-1936,-1136,-17136,26,50,-35,0
S,63344032,dn2,10,0,1590,1520,-1624,-968,-17016,34,46,-32,0
S,63349032,dn2,10,0,1590,1520,-1872,-1160,-16984,42,28,-26,0
S,63354032,dn2,10,0,1590,1520,-1672,-864,-16984,50,9,-30,0
S,63359032,dn2,10,0,1590,1520,-1728,-1064,-16944,48,-1,-29,0
S,63364032,dn2,10,0,1590,1520,-1680,-968,-16960,48,-8,-32,0
S,63369032,dn2,10,0,1590,1520,-1816,-896,-16944,48,-7,-25,0
S,63374032,dn2,10,0,1590,1520,-1808,-824,-17056,48,1,-28,0
S,63379032,dn2,10,0,1590,1520,-1888,-816,-17056,45,7,-33,0
S,63384032,dn2,10,0,1590,1520,-1784,-1072,-16920,41,15,-22,0
S,63389032,dn2,10,0,1590,1520,-1704,-1120,-16984,39,25,-27,0
S,63394032,dn2,10,0,1590,1520,-1888,-968,-16984,34,44,-27,0
S,63399032,dn2,10,0,1590,1520,-1592,-952,-17176,28,53,-30,0
S,63404032,dn2,10,0,1590,1520,-1856,-880,-16984,22,55,-23,0
S,63409032,dn2,10,0,1590,1520,-1824,-1032,-16904,27,50,-33,0
S,63414032,dn2,10,0,1590,1520,-1992,-768,-17080,31,38,-30,0
S,63419032,dn2,10,0,1590,1520,-1896,-920,-17000,27,28,-29,0
S,63424032,dn2,10,0,1590,1520,-1648,-784,-17088,36,10,-32,0
S,63429032,dn2,10,0,1590,1520,-2032,-992,-16984,41,11,-25,0
S,63434032,dn2,10,0,1590,1520,-1816,-1016,-17000,51,-3,-27,0
S,63439032,dn2,10,0,1590,1520,-1712,-944,-16960,52,3,-28,0
S,63444032,dn2,10,0,1590,1520,-1680,-1008,-16984,54,8,-31,0
S,63449032,dn2,10,0,1590,1520,-1712,-1072,-16976,50,4,-30,0
S,63454032,dn2,10,0,1590,1520,-2008,-928,-16976,41,22,-27,0
S,63459032,dn2,10,0,1590,1520,-1856,-984,-17032,38,26,-27,0
S,63464032,dn2,10,0,1590,1520,-1408,-904,-16984,33,34,-29,0
S,63469032,dn2,10,0,1590,1520,-1776,-1056,-17128,26,43,-28,0
S,63474032,dn2,10,0,1590,1520,-1840,-984,-16936,23,43,-35,0
S,63479032,dn2,10,0,1590,1520,-1848,-816,-17056,29,37,-31,0
S,63484032,dn2,10,0,1590,1520,-1840,-1096,-17120,34,42,-28,0
S,63489032,dn2,10,0,1590,1520,-1848,-1048,-16944,36,36,-29,0
S,63494032,dn2,10,0,1590,1520,-1744,-984,-17120,45,20,-35,0
S,63499032,dn2,10,0,1590,1520,-1656,-976,-16976,46,18,-27,0
S,63504032,dn2,10,0,1590,1520,-1440,-944,-17024,39,12,-28,0
S,63509032,dn2,10,0,1590,1520,-1680,-1088,-17032,45,9,-28,0
S,63514032,dn2,10,0,1590,1520,-1816,-1024,-16872,40,2,-31,0
S,63519032,dn2,10,0,1590,1520,-1840,-864,-17176,38,9,-32,0
S,63524032,dn2,10,0,1590,1520,-1616,-1096,-16936,32,13,-26,0
S,63529032,dn2,10,0,1590,1520,-1752,-1152,-17024,41,19,-26,0
S,63534032,dn2,10,0,1590,1520,-1680,-1144,-16976,36,27,-30,0
S,63539032,dn2,10,0,1590,1520,-1864,-920,-16928,38,33,-24,0
S,63544032,dn2,10,0,1590,1520,-1704,-984,-17064,41,42,-30,0
S,63549032,dn2,10,0,1590,1520,-1648,-1120,-16968,36,43,-34,0
S,63554032,dn2,10,0,1590,1520,-1880,-1024,-17024,32,37,-28,0
S,63559032,dn2,10,0,1590,1520,-1840,-944,-16864,36,29,-22,0
S,63564032,dn2,10,0,1590,1520,-1720,-1160,-17096,33,28,-24,0
S,63569032,dn2,10,0,1590,1520,-1696,-1032,-17032,35,18,-32,0
S,63574032,dn2,10,0,1590,1520,-1808,-1024,-17008,36,11,-29,0
S,63579032,dn2,10,0,1590,1520,-1856,-1040,-17104,41,6,-31,0
S,63584032,dn2,10,0,1590,1520,-1768,-1056,-16936,46,8,-28,0
S,63589032,dn2,10,0,1590,1520,-1920,-928,-17040,48,11,-27,0
S,63594032,dn2,10,0,1590,1520,-1768,-1056,-17016,49,19,-34,0
S,63599032,dn2,10,0,1590,1520,-1752,-1160,-16944,44,24,-28,0
E,63599137,dn2,11,0,1580,1520,,,,,,,0
S,63599773,dn2,11,0,1580,1520,-1856,-976,-17040,45,29,-30,0
S,63604765,dn2,11,0,1580,1520,-1880,-888,-17056,38,30,-28,0
S,63609764,dn2,11,0,1580,1520,-1816,-952,-17088,32,38,-29,0
S,63614764,dn2,11,0,1580,1520,-1584,-712,-16976,23,43,-32,0
S,63619764,dn2,11,0,1580,1520,-1288,-1512,-16872,32,61,-34,0
S,63624764,dn2,11,0,1580,1520,912,-816,-16848,32,75,-12,0
S,63629764,dn2,11,0,1580,1520,-2496,-608,-16784,35,98,-42,0
S,63634764,dn2,11,0,1580,1520,-688,1656,-17240,54,123,-46,0
S,63639763,dn2,11,0,1580,1520,-2376,-840,-17288,58,140,-27,0
S,63644764,dn2,11,0,1580,1520,-1232,-2008,-16984,55,156,-26,0
S,63649763,dn2,11,0,1580,1520,-1296,288,-17048,52,159,-32,0
S,63654764,dn2,11,0,1580,1520,-1504,192,-17496,41,210,-28,0
S,63659764,dn2,11,0,1580,1520,-1824,-1968,-16624,38,195,-32,0
S,63664764,dn2,11,0,1580,1520,-4224,-2072,-17432,27,189,-37,0
S,63669764,dn2,11,0,1580,1520,-1824,128,-16880,29,181,-30,0
S,63674763,dn2,11,0,1580,1520,-1944,-1640,-17344,7,182,-37,0
S,63679763,dn2,11,0,1580,1520,-1744,-1360,-16720,11,160,-33,0
S,63684763,dn2,11,0,1580,1520,-1960,-992,-17144,22,147,-29,0
S,63689764,dn2,11,0,1580,1520,-1344,-976,-17040,29,140,-34,0
S,63694764,dn2,11,0,1580,1520,-2280,-1416,-17104,38,112,-28,0
S,63699763,dn2,11,0,1580,1520,-1536,-872,-16976,49,78,-24,0
S,63704764,dn2,11,0,1580,1520,-1632,-792,-17064,53,58,-28,0
S,63709764,dn2,11,0,1580,1520,-1688,-992,-16992,41,23,-32,0
S,63714763,dn2,11,0,1580,1520,-1536,-1040,-17008,33,-6,-28,0
S,63719764,dn2,11,0,1580,1520,-1576,-880,-17120,27,-29,-25,0
S,63724763,dn2,11,0,1580,1520,-1680,-1040,-16960,34,-37,-30,0
S,63729763,dn2,11,0,1580,1520,-1552,-1080,-17064,34,-38,-30,0
S,63734763,dn2,11,0,1580,1520,-1608,-1056,-16968,50,-25,-25,0
S,63739763,dn2,11,0,1580,1520,-1632,-1048,-16904,53,-4,-32,0
S,63744763,dn2,11,0,1580,1520,-1680,-1032,-16960,58,15,-32,0
S,63749763,dn2,11,0,1580,1520,-1584,-1136,-16984,58,34,-31,0
S,63754764,dn2,11,0,1580,1520,-1696,-920,-16952,46,48,-27,0
S,63759763,dn2,11,0,1580,1520,-1696,-936,-17040,27,53,-33,0
S,63764764,dn2,11,0,1580,1520,-1688,-800,-17008,16,46,-24,0
S,63769763,dn2,11,0,1580,1520,-1712,-1008,-17072,10,49,-28,0
S,63774764,dn2,11,0,1580,1520,-1400,-1008,-17104,7,40,-26,0
S,63779763,dn2,11,0,1580,1520,-1616,-1016,-17136,23,30,-28,0
S,63784763,dn2,11,0,1580,1520,-1600,-1136,-16944,34,18,-30,0
S,63789764,dn2,11,0,1580,1520,-1592,-1024,-16928,50,11,-32,0
S,63794763,dn2,11,0,1580,1520,-1648,-1024,-17160,60,7,-29,0
S,63799764,dn2,11,0,1580,1520,-1576,-1048,-17168,64,3,-33,0
S,63804764,dn2,11,0,1580,1520,-1712,-1000,-17040,67,8,-25,0
S,63809764,dn2,11,0,1580,1520,-1728,-840,-16880,54,8,-31,0
S,63814763,dn2,11,0,1580,1520,-1568,-872,-17128,37,12,-29,0
S,63819763,dn2,11,0,1580,1520,-1696,-888,-17032,37,15,-31,0
S,63824764,dn2,11,0,1580,1520,-1680,-992,-17008,23,23,-33,0
S,63829764,dn2,11,0,1580,1520,-1688,-1016,-16840,20,33,-25,0
S,63834764,dn2,11,0,1580,1520,-1600,-904,-17088,27,41,-32,0
S,63839763,dn2,11,0,1580,1520,-1688,-992,-16952,31,40,-33,0
S,63844763,dn2,11,0,1580,1520,-1520,-976,-16992,39,44,-27,0
S,63849764,dn2,11,0,1580,1520,-1640,-936,-17064,41,36,-27,0
S,63854763,dn2,11,0,1580,1520,-1664,-896,-16944,49,32,-27,0
S,63859763,dn2,11,0,1580,1520,-1600,-1008,-16936,40,21,-32,0
S,63864763,dn2,11,0,1580,1520,-1560,-824,-17032,44,10,-27,0
S,63869764,dn2,11,0,1580,1520,-1696,-912,-17048,37,2,-28,0
S,63874764,dn2,11,0,1580,1520,-1656,-984,-16984,38,7,-24,0
S,63879763,dn2,11,0,1580,1520,-1592,-856,-17016,34,8,-33,0
S,63884764,dn2,11,0,1580,1520,-1696,-1032,-16952,39,18,-25,0
S,63889764,dn2,11,0,1580,1520,-1552,-1072,-17040,40,26,-25,0
S,63894764,dn2,11,0,1580,1520,-1592,-992,-17048,45,25,-31,0
S,63899763,dn2,11,0,1580,1520,-1624,-1048,-17064,40,38,-33,0
S,63904764,dn2,11,0,1580,1520,-1608,-928,-17112,38,37,-31,0
S,63909764,dn2,11,0,1580,1520,-1680,-1008,-17080,32,37,-26,0
S,63914764,dn2,11,0,1580,1520,-1664,-952,-17040,31,32,-32,0
S,63919764,dn2,11,0,1580,1520,-1712,-952,-17104,28,31,-28,0
S,63924764,dn2,11,0,1580,1520,-1656,-816,-17016,29,18,-33,0
S,63929764,dn2,11,0,1580,1520,-1560,-1016,-17048,33,19,-32,0
S,63934764,dn2,11,0,1580,1520,-1560,-936,-17016,41,17,-32,0
S,63939763,dn2,11,0,1580,1520,-1616,-992,-16960,45,7,-26,0
S,63944763,dn2,11,0,1580,1520,-1552,-1000,-17032,50,8,-27,0
S,63949763,dn2,11,0,1580,1520,-1680,-944,-16992,48,19,-33,0
S,63954763,dn2,11,0,1580,1520,-1536,-832,-16976,48,19,-31,0
S,63959764,dn2,11,0,1580,1520,-1560,-1032,-16952,43,18,-32,0
S,63964764,dn2,11,0,1580,1520,-1736,-976,-17112,41,17,-27,0
S,63969763,dn2,11,0,1580,1520,-1616,-984,-16984,29,29,-27,0
S,63974764,dn2,11,0,1580,1520,-1576,-912,-17000,26,29,-27,0
S,63979763,dn2,11,0,1580,1520,-1688,-1112,-17032,26,27,-33,0
S,63984763,dn2,11,0,1580,1520,-1600,-1000,-17048,31,30,-35,0
S,63989764,dn2,11,0,1580,1520,-1784,-1072,-17056,34,26,-29,0
S,63994764,dn2,11,0,1580,1520,-1536,-1008,-17048,48,32,-27,0
S,63999763,dn2,11,0,1580,1520,-1520,-976,-16936,48,29,-39,0
S,64004763,dn2,11,0,1580,1520,-1656,-1032,-17104,51,22,-27,0
S,64009763,dn2,11,0,1580,1520,-1664,-1064,-16968,45,20,-36,0
S,64014763,dn2,11,0,1580,1520,-1624,-960,-17064,45,17,-29,0
S,64019764,dn2,11,0,1580,1520,-1552,-960,-17040,37,14,-25,0
S,64024763,dn2,11,0,1580,1520,-1648,-1008,-16928,36,11,-27,0
S,64029763,dn2,11,0,1580,1520,-1656,-848,-17008,31,15,-32,0
S,64034764,dn2,11,0,1580,1520,-1688,-952,-16936,31,18,-28,0
S,64039763,dn2,11,0,1580,1520,-1600,-960,-17040,40,26,-30,0
S,64044764,dn2,11,0,1580,1520,-1712,-944,-17072,40,27,-26,0
S,64049763,dn2,11,0,1580,1520,-1688,-928,-16968,48,29,-32,0
S,64054764,dn2,11,0,1580,1520,-1544,-880,-17040,44,29,-30,0
S,64059764,dn2,11,0,1580,1520,-1576,-1016,-17104,40,28,-28,0
S,64064764,dn2,11,0,1580,1520,-1592,-904,-17040,32,23,-26,0
S,64069763,dn2,11,0,1580,1520,-1696,-960,-17072,33,15,-26,0
S,64074764,dn2,11,0,1580,1520,-1608,-896,-16936,36,19,-27,0
S,64079764,dn2,11,0,1580,1520,-1720,-912,-17000,35,17,-28,0
S,64084764,dn2,11,0,1580,1520,-1624,-920,-17040,38,17,-25,0
S,64089763,dn2,11,0,1580,1520,-1808,-1024,-17008,40,24,-25,0
S,64094764,dn2,11,0,1580,1520,-1600,-1048,-17016,45,25,-27,0
S,64099763,dn2,11,0,1580,1520,-1616,-904,-17008,46,22,-34,0
E,64099867,dn2,12,0,1570,1520,,,,,,,0
S,64100499,dn2,12,0,1570,1520,-1576,-952,-17008,43,24,-30,0
S,64105489,dn2,12,0,1570,1520,-1720,-1040,-17016,42,22,-29,0
S,64110489,dn2,12,0,1570,1520,-2632,-1128,-17088,41,29,-37,0
S,64115488,dn2,12,0,1570,1520,-1936,-264,-17056,33,30,-25,0
S,64120489,dn2,12,0,1570,1520,-1664,-2064,-16792,38,32,-25,0
S,64125488,dn2,12,0,1570,1520,-1008,-1296,-17176,35,37,-15,0
S,64130489,dn2,12,0,1570,1520,-6000,-2432,-16872,43,58,-36,0
S,64135488,dn2,12,0,1570,1520,2104,600,-17168,53,74,-30,0
S,64140489,dn2,12,0,1570,1520,-1368,-2704,-17232,51,104,-24,0
S,64145489,dn2,12,0,1570,1520,-2728,-1728,-16856,42,133,-34,0
S,64150489,dn2,12,0,1570,1520,-1712,32,-16768,56,159,-39,0
S,64155489,dn2,12,0,1570,1520,1384,-1168,-16880,58,199,-43,0
S,64160488,dn2,12,0,1570,1520,-2488,-2536,-17832,35,221,-28,0
S,64165488,dn2,12,0,1570,1520,-1928,-408,-16240,37,227,-23,0
S,64170488,dn2,12,0,1570,1520,-1424,-288,-17000,28,217,-44,0
S,64175488,dn2,12,0,1570,1520,-1560,-1152,-17280,-1,218,-41,0
S,64180488,dn2,12,0,1570,1520,-1584,-1152,-16680,5,195,-36,0
S,64185489,dn2,12,0,1570,1520,-1680,-408,-17256,-2,173,-40,0
S,64190489,dn2,12,0,1570,1520,-1512,-1136,-17072,10,150,-39,0
S,64195489,dn2,12,0,1570,1520,-2048,-1104,-17032,23,111,-36,0
S,64200488,dn2,12,0,1570,1520,-1328,-728,-16992,34,68,-33,0
S,64205489,dn2,12,0,1570,1520,-1600,-848,-17056,44,29,-28,0
S,64210489,dn2,12,0,1570,1520,-1392,-1200,-16968,52,-3,-31,0
S,64215488,dn2,12,0,1570,1520,-1512,-960,-17200,55,-33,-28,0
S,64220488,dn2,12,0,1570,1520,-1640,-720,-17160,52,-50,-28,0
S,64225488,dn2,12,0,1570,1520,-1584,-968,-16760,54,-57,-28,0
S,64230488,dn2,12,0,1570,1520,-1384,-1112,-17088,46,-48,-26,0
S,64235488,dn2,12,0,1570,1520,-1480,-888,-16944,53,-27,-27,0
S,64240489,dn2,12,0,1570,1520,-1360,-888,-16984,47,6,-32,0
S,64245489,dn2,12,0,1570,1520,-1616,-1128,-16968,46,30,-27,0
S,64250488,dn2,12,0,1570,1520,-1368,-1088,-16904,40,59,-34,0
S,64255488,dn2,12,0,1570,1520,-1416,-776,-17000,29,74,-33,0
S,64260489,dn2,12,0,1570,1520,-1456,-944,-17104,18,89,-26,0
S,64265489,dn2,12,0,1570,1520,-1528,-912,-17040,17,82,-30,0
S,64270489,dn2,12,0,1570,1520,-1496,-880,-17120,10,63,-28,0
S,64275489,dn2,12,0,1570,1520,-1392,-1016,-17088,14,36,-28,0
S,64280489,dn2,12,0,1570,1520,-1384,-928,-17096,23,18,-27,0
S,64285489,dn2,12,0,1570,1520,-1536,-1056,-17048,42,4,-29,0
S,64290489,dn2,12,0,1570,1520,-1312,-920,-17032,47,-7,-30,0
S,64295489,dn2,12,0,1570,1520,-1416,-784,-17064,59,-16,-28,0
S,64300489,dn2,12,0,1570,1520,-1592,-1096,-17128,70,-11,-25,0
S,64305489,dn2,12,0,1570,1520,-1464,-880,-16944,64,-7,-34,0
S,64310489,dn2,12,0,1570,1520,-1560,-1080,-16992,60,3,-29,0
S,64315488,dn2,12,0,1570,1520,-1328,-920,-17104,40,15,-31,0
S,64320489,dn2,12,0,1570,1520,-1616,-928,-16864,36,26,-29,0
S,64325488,dn2,12,0,1570,1520,-1464,-1136,-16928,22,40,-24,0
S,64330489,dn2,12,0,1570,1520,-1432,-1024,-16984,15,57,-28,0
S,64335489,dn2,12,0,1570,1520,-1592,-1032,-16936,7,54,-29,0
S,64340489,dn2,12,0,1570,1520,-1512,-952,-17096,30,53,-26,0
S,64345489,dn2,12,0,1570,1520,-1408,-1008,-16984,37,45,-37,0
S,64350489,dn2,12,0,1570,1520,-1576,-976,-16912,40,33,-30,0
S,64355489,dn2,12,0,1570,1520,-1360,-1056,-17056,49,19,-26,0
S,64360488,dn2,12,0,1570,1520,-1552,-720,-17032,53,8,-33,0
S,64365488,dn2,12,0,1570,1520,-1472,-912,-17064,50,-4,-29,0
S,64370488,dn2,12,0,1570,1520,-1344,-1096,-16976,46,-5,-37,0
S,64375489,dn2,12,0,1570,1520,-1512,-1016,-16936,41,-9,-30,0
S,64380488,dn2,12,0,1570,1520,-1408,-976,-16984,36,-1,-24,0
S,64385488,dn2,12,0,1570,1520,-1520,-1080,-16928,32,12,-24,0
S,64390489,dn2,12,0,1570,1520,-1344,-1080,-16960,39,29,-28,0
S,64395489,dn2,12,0,1570,1520,-1352,-1000,-16968,36,37,-26,0
S,64400488,dn2,12,0,1570,1520,-1472,-832,-17040,35,47,-30,0
S,64405488,dn2,12,0,1570,1520,-1560,-880,-17000,35,52,-28,0
S,64410489,dn2,12,0,1570,1520,-1480,-1048,-17024,36,46,-28,0
S,64415489,dn2,12,0,1570,1520,-1360,-992,-17072,30,40,-29,0
S,64420488,dn2,12,0,1570,1520,-1544,-888,-17064,37,28,-27,0
S,64425489,dn2,12,0,1570,1520,-1448,-1008,-17000,32,20,-28,0
S,64430489,dn2,12,0,1570,1520,-1480,-1016,-17096,35,14,-28,0
S,64435488,dn2,12,0,1570,1520,-1600,-952,-17024,43,5,-23,0
S,64440488,dn2,12,0,1570,1520,-1496,-944,-17088,50,5,-29,0
S,64445488,dn2,12,0,1570,1520,-1488,-1008,-17056,49,3,-29,0
S,64450489,dn2,12,0,1570,1520,-1552,-928,-17088,47,9,-37,0
S,64455488,dn2,12,0,1570,1520,-1536,-952,-17128,45,17,-29,0
S,64460489,dn2,12,0,1570,1520,-1536,-936,-17024,37,25,-31,0
S,64465489,dn2,12,0,1570,1520,-1472,-960,-16872,34,31,-38,0
S,64470489,dn2,12,0,1570,1520,-1536,-872,-17104,33,33,-22,0
S,64475489,dn2,12,0,1570,1520,-1496,-952,-17016,28,30,-24,0
S,64480489,dn2,12,0,1570,1520,-1480,-1024,-17040,33,41,-25,0
S,64485489,dn2,12,0,1570,1520,-1560,-984,-17048,27,31,-32,0
S,64490489,dn2,12,0,1570,1520,-1400,-904,-16960,32,32,-28,0
S,64495489,dn2,12,0,1570,1520,-1560,-1000,-16968,37,24,-31,0
S,64500489,dn2,12,0,1570,1520,-1480,-1008,-16952,40,23,-29,0
S,64505488,dn2,12,0,1570,1520,-1504,-1000,-17056,46,17,-35,0
S,64510488,dn2,12,0,1570,1520,-1488,-984,-17040,47,15,-27,0
S,64515489,dn2,12,0,1570,1520,-1400,-912,-16968,50,9,-27,0
S,64520488,dn2,12,0,1570,1520,-1464,-1096,-17104,38,14,-25,0
S,64525489,dn2,12,0,1570,1520,-1464,-864,-17016,39,20,-29,0
S,64530489,dn2,12,0,1570,1520,-1656,-1064,-17016,30,19,-29,0
S,64535488,dn2,12,0,1570,1520,-1440,-1000,-17016,27,20,-31,0
S,64540488,dn2,12,0,1570,1520,-1448,-968,-16936,28,31,-32,0
S,64545489,dn2,12,0,1570,1520,-1488,-1080,-16992,34,30,-33,0
S,64550489,dn2,12,0,1570,1520,-1440,-1064,-17016,42,37,-29,0
S,64555488,dn2,12,0,1570,1520,-1464,-1104,-17000,39,35,-27,0
S,64560488,dn2,12,0,1570,1520,-1552,-896,-16968,42,32,-28,0
S,64565488,dn2,12,0,1570,1520,-1360,-968,-17016,40,29,-29,0
S,64570489,dn2,12,0,1570,1520,-1584,-968,-16888,39,16,-32,0
S,64575489,dn2,12,0,1570,1520,-1400,-848,-16992,41,15,-29,0
S,64580488,dn2,12,0,1570,1520,-1432,-1008,-17072,35,10,-35,0
S,64585489,dn2,12,0,1570,1520,-1560,-960,-17056,41,13,-33,0
S,64590489,dn2,12,0,1570,1520,-1504,-968,-17056,44,9,-32,0
S,64595489,dn2,12,0,1570,1520,-1400,-944,-16960,39,24,-32,0
S,64600489,dn2,12,0,1570,1520,-1472,-1120,-16976,41,27,-31,0
E,64600594,dn2,13,0,1560,1520,,,,,,,0
S,64601226,dn2,13,0,1560,1520,-1472,-1120,-16976,42,20,-31,0
S,64606218,dn2,13,0,1560,1520,-1464,-928,-17048,41,28,-28,0
S,64611218,dn2,13,0,1560,1520,-512,-1296,-16968,39,26,-20,0
S,64616218,dn2,13,0,1560,1520,-832,-1208,-16960,40,48,-28,0
S,64621218,dn2,13,0,1560,1520,-2016,-1640,-16672,37,63,-29,0
S,64626218,dn2,13,0,1560,1520,328,-1288,-17064,45,71,-35,0
S,64631218,dn2,13,0,1560,1520,128,-80,-17104,43,102,-17,0
S,64636218,dn2,13,0,1560,1520,-3320,-2656,-16624,44,137,-26,0
S,64641218,dn2,13,0,1560,1520,-640,-648,-16936,70,155,-16,0
S,64646218,dn2,13,0,1560,1520,-5608,-2456,-16792,54,205,-52,0
S,64651218,dn2,13,0,1560,1520,-2888,-1792,-16872,48,235,-72,0
S,64656218,dn2,13,0,1560,1520,-2480,-1760,-16544,47,241,-39,0
S,64661218,dn2,13,0,1560,1520,-1240,-1792,-16960,23,246,-55,0
S,64666218,dn2,13,0,1560,1520,-200,-928,-17520,8,263,-48,0
S,64671218,dn2,13,0,1560,1520,-448,-176,-16416,10,240,-45,0
S,64676218,dn2,13,0,1560,1520,-728,-968,-17672,3,232,-38,0
S,64681218,dn2,13,0,1560,1520,-1008,-720,-16720,10,243,-28,0
S,64686218,dn2,13,0,1560,1520,-2224,-1168,-16992,36,220,-36,0
S,64691218,dn2,13,0,1560,1520,-824,-1200,-17056,41,203,-47,0
S,64696218,dn2,13,0,1560,1520,-1104,-752,-17224,48,187,-38,0
S,64701218,dn2,13,0,1560,1520,-1448,-840,-17088,51,159,-31,0
S,64706218,dn2,13,0,1560,1520,-1472,-1056,-17128,36,112,-36,0
S,64711218,dn2,13,0,1560,1520,-1328,-824,-17256,25,80,-30,0
S,64716218,dn2,13,0,1560,1520,-1632,-992,-17072,24,49,-27,0
S,64721218,dn2,13,0,1560,1520,-1424,-920,-17016,23,11,-42,0
S,64726218,dn2,13,0,1560,1520,-1232,-1080,-17136,31,-12,-24,0
S,64731218,dn2,13,0,1560,1520,-1184,-1112,-16976,30,-23,-29,0
S,64736218,dn2,13,0,1560,1520,-1176,-960,-17072,46,-31,-29,0
S,64741218,dn2,13,0,1560,1520,-1240,-1088,-16928,56,-25,-27,0
S,64746218,dn2,13,0,1560,1520,-1208,-1152,-17032,63,-7,-29,0
S,64751218,dn2,13,0,1560,1520,-1168,-992,-16960,66,1,-31,0
S,64756218,dn2,13,0,1560,1520,-1272,-944,-17112,57,21,-36,0
S,64761218,dn2,13,0,1560,1520,-1176,-1024,-17048,45,38,-32,0
S,64766218,dn2,13,0,1560,1520,-1192,-944,-17144,32,40,-32,0
S,64771218,dn2,13,0,1560,1520,-1280,-968,-17104,16,58,-31,0
S,64776218,dn2,13,0,1560,1520,-1176,-1088,-17216,12,52,-28,0
S,64781218,dn2,13,0,1560,1520,-1136,-952,-17032,11,48,-27,0
S,64786218,dn2,13,0,1560,1520,-1312,-1008,-17032,11,39,-27,0
S,64791218,dn2,13,0,1560,1520,-1080,-944,-17048,33,32,-24,0
S,64796218,dn2,13,0,1560,1520,-1160,-984,-17120,41,21,-27,0
S,64801218,dn2,13,0,1560,1520,-1232,-904,-17112,54,10,-34,0
S,64806218,dn2,13,0,1560,1520,-1232,-816,-17120,59,4,-29,0
S,64811218,dn2,13,0,1560,1520,-1288,-904,-17192,60,-3,-30,0
S,64816218,dn2,13,0,1560,1520,-1232,-1056,-17040,55,-4,-31,0
S,64821218,dn2,13,0,1560,1520,-1376,-984,-17072,46,3,-26,0
S,64826218,dn2,13,0,1560,1520,-1128,-984,-17144,32,8,-32,0
S,64831218,dn2,13,0,1560,1520,-1280,-920,-16952,33,16,-27,0
S,64836218,dn2,13,0,1560,1520,-1296,-928,-17048,21,34,-27,0
S,64841218,dn2,13,0,1560,1520,-1384,-936,-17064,27,43,-26,0
S,64846218,dn2,13,0,1560,1520,-1104,-968,-17024,31,44,-29,0
S,64851218,dn2,13,0,1560,1520,-1280,-1072,-17040,35,47,-28,0
S,64856218,dn2,13,0,1560,1520,-1160,-1048,-17008,44,45,-19,0
S,64861218,dn2,13,0,1560,1520,-1224,-912,-17040,38,40,-21,0
S,64866218,dn2,13,0,1560,1520,-1200,-1024,-17136,39,25,-32,0
S,64871218,dn2,13,0,1560,1520,-1312,-920,-17064,41,16,-25,0
S,64876218,dn2,13,0,1560,1520,-1272,-960,-17096,41,11,-28,0
S,64881218,dn2,13,0,1560,1520,-1168,-880,-17024,34,4,-25,0
S,64886218,dn2,13,0,1560,1520,-1344,-1104,-17192,39,6,-28,0
S,64891218,dn2,13,0,1560,1520,-1104,-864,-17072,41,3,-22,0
S,64896218,dn2,13,0,1560,1520,-1184,-1192,-17048,45,10,-30,0
S,64901218,dn2,13,0,1560,1520,-1160,-1016,-17128,46,24,-24,0
S,64906218,dn2,13,0,1560,1520,-1184,-1056,-17104,39,30,-28,0
S,64911218,dn2,13,0,1560,1520,-1264,-1040,-17112,38,36,-30,0
S,64916218,dn2,13,0,1560,1520,-1312,-944,-17040,38,39,-26,0
S,64921218,dn2,13,0,1560,1520,-1280,-928,-17144,31,33,-28,0
S,64926218,dn2,13,0,1560,1520,-1136,-896,-17160,31,34,-31,0
S,64931218,dn2,13,0,1560,1520,-1328,-976,-17096,22,29,-32,0
S,64936218,dn2,13,0,1560,1520,-1216,-984,-17064,29,22,-31,0
S,64941218,dn2,13,0,1560,1520,-1152,-984,-17032,37,21,-28,0
S,64946218,dn2,13,0,1560,1520,-1208,-824,-17128,42,16,-31,0
S,64951218,dn2,13,0,1560,1520,-1136,-1016,-16968,52,17,-33,0
S,64956218,dn2,13,0,1560,1520,-1200,-1000,-17040,53,15,-25,0
S,64961218,dn2,13,0,1560,1520,-1336,-928,-17080,43,13,-27,0
S,64966218,dn2,13,0,1560,1520,-1296,-904,-17176,43,13,-30,0
S,64971218,dn2,13,0,1560,1520,-1296,-984,-17032,41,16,-24,0
S,64976218,dn2,13,0,1560,1520,-1280,-1088,-17016,37,20,-25,0
S,64981218,dn2,13,0,1560,1520,-1296,-1040,-17120,34,26,-32,0
S,64986218,dn2,13,0,1560,1520,-1376,-960,-17168,26,27,-30,0
S,64991218,dn2,13,0,1560,1520,-1144,-1008,-17056,22,25,-31,0
S,64996218,dn2,13,0,1560,1520,-1088,-1208,-17144,32,30,-31,0
S,65001218,dn2,13,0,1560,1520,-1128,-888,-17040,40,30,-32,0
S,65006218,dn2,13,0,1560,1520,-1224,-960,-16952,40,37,-31,0
S,65011218,dn2,13,0,1560,1520,-1264,-928,-17008,41,32,-26,0
S,65016218,dn2,13,0,1560,1520,-1256,-848,-17048,38,26,-27,0
S,65021218,dn2,13,0,1560,1520,-1200,-944,-17192,42,11,-26,0
S,65026218,dn2,13,0,1560,1520,-1264,-1024,-17000,35,18,-25,0
S,65031218,dn2,13,0,1560,1520,-1240,-912,-16960,31,11,-33,0
S,65036218,dn2,13,0,1560,1520,-1280,-864,-17104,33,19,-31,0
S,65041218,dn2,13,0,1560,1520,-1176,-1032,-17168,37,18,-28,0
S,65046218,dn2,13,0,1560,1520,-1264,-968,-17096,34,24,-26,0
S,65051218,dn2,13,0,1560,1520,-1264,-1008,-16896,41,27,-28,0
S,65056218,dn2,13,0,1560,1520,-1192,-904,-17136,45,27,-26,0
S,65061218,dn2,13,0,1560,1520,-1144,-992,-16976,42,25,-28,0
S,65066218,dn2,13,0,1560,1520,-1208,-912,-17120,32,30,-29,0
S,65071218,dn2,13,0,1560,1520,-1200,-984,-17024,29,31,-27,0
S,65076218,dn2,13,0,1560,1520,-1288,-1080,-16992,30,25,-30,0
S,65081218,dn2,13,0,1560,1520,-1136,-968,-17136,32,23,-34,0
S,65086218,dn2,13,0,1560,1520,-1128,-1024,-17016,34,25,-32,0
S,65091218,dn2,13,0,1560,1520,-1224,-1008,-17000,41,13,-24,0
S,65096218,dn2,13,0,1560,1520,-1104,-896,-17032,38,20,-31,0
S,65101218,dn2,13,0,1560,1520,-1264,-1120,-17048,38,15,-29,0
E,65101322,dn2,14,0,1550,1520,,,,,,,0
S,65101954,dn2,14,0,1550,1520,-1168,-1064,-17120,38,15,-29,0
S,65106946,dn2,14,0,1550,1520,-1296,-936,-17032,42,20,-32,0
S,65111945,dn2,14,0,1550,1520,-1216,-632,-17056,45,17,-23,0
S,65116945,dn2,14,0,1550,1520,-1304,-1352,-17048,40,23,-34,0
S,65121944,dn2,14,0,1550,1520,-3344,-1272,-17224,40,39,-26,0
S,65126944,dn2,14,0,1550,1520,-2568,-1592,-16944,38,58,-37,0
S,65131944,dn2,14,0,1550,1520,-128,656,-17440,43,80,-41,0
S,65136945,dn2,14,0,1550,1520,-2960,-1928,-16928,49,118,-26,0
S,65141945,dn2,14,0,1550,1520,-120,-360,-16848,46,136,-33,0
S,65146945,dn2,14,0,1550,1520,-1744,-1200,-17088,51,155,-26,0
S,65151945,dn2,14,0,1550,1520,-840,-952,-16920,43,176,-36,0
S,65156945,dn2,14,0,1550,1520,-4352,-2768,-17504,30,208,-29,0
S,65161945,dn2,14,0,1550,1520,-736,112,-16456,44,197,-27,0
S,65166944,dn2,14,0,1550,1520,-192,-1960,-17352,23,200,-28,0
S,65171944,dn2,14,0,1550,1520,-1240,-976,-16840,15,184,-23,0
S,65176944,dn2,14,0,1550,1520,-1280,-632,-17088,12,164,-35,0
S,65181944,dn2,14,0,1550,1520,-1056,-872,-17232,15,156,-29,0
S,65186944,dn2,14,0,1550,1520,-1264,-1384,-17048,19,129,-38,0
S,65191944,dn2,14,0,1550,1520,-1096,-1160,-17144,38,118,-34,0
S,65196944,dn2,14,0,1550,1520,-672,-720,-17056,51,106,-34,0
S,65201945,dn2,14,0,1550,1520,-1256,-1264,-17016,58,98,-37,0
S,65206944,dn2,14,0,1550,1520,-1000,-1072,-16808,65,80,-33,0
S,65211945,dn2,14,0,1550,1520,-1176,-832,-17088,49,58,-30,0
S,65216945,dn2,14,0,1550,1520,-1080,-728,-17056,43,45,-32,0
S,65221944,dn2,14,0,1550,1520,-1104,-1144,-17040,27,14,-26,0
S,65226944,dn2,14,0,1550,1520,-1168,-808,-17240,6,-14,-31,0
S,65231944,dn2,14,0,1550,1520,-1072,-984,-17008,13,-15,-30,0
S,65236944,dn2,14,0,1550,1520,-1000,-960,-17152,17,-19,-25,0
S,65241944,dn2,14,0,1550,1520,-1000,-808,-17168,37,-18,-27,0
S,65246944,dn2,14,0,1550,1520,-1064,-1064,-17112,60,-4,-28,0
S,65251944,dn2,14,0,1550,1520,-1144,-1104,-17136,70,11,-32,0
S,65256944,dn2,14,0,1550,1520,-1192,-848,-17056,74,30,-33,0
S,65261944,dn2,14,0,1550,1520,-1064,-1072,-17016,62,42,-28,0
S,65266944,dn2,14,0,1550,1520,-1096,-824,-17120,46,44,-28,0
S,65271944,dn2,14,0,1550,1520,-1064,-968,-17144,29,43,-35,0
S,65276945,dn2,14,0,1550,1520,-1144,-952,-17096,10,45,-32,0
S,65281945,dn2,14,0,1550,1520,-896,-952,-17112,1,33,-30,0
S,65286945,dn2,14,0,1550,1520,-1080,-920,-17088,2,30,-30,0
S,65291944,dn2,14,0,1550,1520,-1096,-952,-17016,15,30,-29,0
S,65296944,dn2,14,0,1550,1520,-1000,-1000,-17008,38,20,-25,0
S,65301945,dn2,14,0,1550,1520,-1120,-720,-17048,50,17,-26,0
S,65306945,dn2,14,0,1550,1520,-976,-1040,-17272,61,17,-29,0
S,65311944,dn2,14,0,1550,1520,-992,-904,-17096,66,11,-29,0
S,65316944,dn2,14,0,1550,1520,-1224,-968,-17000,60,15,-32,0
S,65321944,dn2,14,0,1550,1520,-1136,-864,-17024,48,12,-30,0
S,65326944,dn2,14,0,1550,1520,-1040,-968,-17112,39,15,-26,0
S,65331944,dn2,14,0,1550,1520,-936,-1024,-17040,26,13,-28,0
S,65336944,dn2,14,0,1550,1520,-1216,-984,-17112,19,23,-28,0
S,65341944,dn2,14,0,1550,1520,-968,-1104,-17048,24,30,-27,0
S,65346944,dn2,14,0,1550,1520,-1088,-1000,-16968,28,33,-31,0
S,65351944,dn2,14,0,1550,1520,-1056,-936,-17032,36,39,-30,0
S,65356944,dn2,14,0,1550,1520,-1024,-992,-17064,45,36,-26,0
S,65361944,dn2,14,0,1550,1520,-1176,-896,-17120,48,39,-33,0
S,65366945,dn2,14,0,1550,1520,-1160,-1008,-17040,53,43,-28,0
S,65371944,dn2,14,0,1550,1520,-1048,-888,-17024,50,26,-30,0
S,65376944,dn2,14,0,1550,1520,-1192,-944,-17032,31,15,-30,0
S,65381945,dn2,14,0,1550,1520,-1096,-920,-17080,27,11,-26,0
S,65386945,dn2,14,0,1550,1520,-1112,-1000,-17160,25,9,-24,0
S,65391944,dn2,14,0,1550,1520,-1080,-848,-16976,27,0,-29,0
S,65396944,dn2,14,0,1550,1520,-976,-1016,-17144,34,11,-25,0
S,65401944,dn2,14,0,1550,1520,-1104,-872,-17072,41,14,-27,0
S,65406944,dn2,14,0,1550,1520,-1016,-1056,-17048,47,22,-28,0
S,65411945,dn2,14,0,1550,1520,-1040,-1000,-17064,50,29,-28,0
S,65416944,dn2,14,0,1550,1520,-1144,-1056,-17056,50,39,-29,0
S,65421944,dn2,14,0,1550,1520,-1088,-800,-17040,43,39,-29,0
S,65426944,dn2,14,0,1550,1520,-1224,-944,-17144,29,35,-32,0
S,65431944,dn2,14,0,1550,1520,-1112,-968,-17112,24,32,-27,0
S,65436945,dn2,14,0,1550,1520,-1088,-1008,-16880,24,24,-32,0
S,65441944,dn2,14,0,1550,1520,-920,-968,-17128,24,25,-25,0
S,65446944,dn2,14,0,1550,1520,-944,-1136,-17024,29,15,-22,0
S,65451944,dn2,14,0,1550,1520,-1032,-936,-17136,40,12,-34,0
S,65456944,dn2,14,0,1550,1520,-832,-944,-17080,49,19,-32,0
S,65461945,dn2,14,0,1550,1520,-832,-968,-17088,46,16,-31,0
S,65466944,dn2,14,0,1550,1520,-1136,-976,-17032,48,19,-29,0
S,65471944,dn2,14,0,1550,1520,-976,-976,-17040,49,20,-31,0
S,65476944,dn2,14,0,1550,1520,-1336,-896,-17112,44,22,-27,0
S,65481945,dn2,14,0,1550,1520,-1272,-832,-17072,34,24,-29,0
S,65486944,dn2,14,0,1550,1520,-1096,-1112,-17104,27,24,-33,0
S,65491944,dn2,14,0,1550,1520,-976,-1008,-17176,25,27,-32,0
S,65496944,dn2,14,0,1550,1520,-1048,-1200,-16960,30,25,-28,0
S,65501944,dn2,14,0,1550,1520,-1096,-1056,-17096,33,27,-27,0
S,65506944,dn2,14,0,1550,1520,-976,-920,-17024,37,24,-28,0
S,65511944,dn2,14,0,1550,1520,-1120,-1024,-16960,45,26,-29,0
S,65516944,dn2,14,0,1550,1520,-1032,-1024,-17000,44,24,-29,0
S,65521944,dn2,14,0,1550,1520,-1016,-872,-17152,46,24,-27,0
S,65526944,dn2,14,0,1550,1520,-1288,-800,-16984,43,17,-33,0
S,65531944,dn2,14,0,1550,1520,-1168,-1104,-16968,37,13,-32,0
S,65536944,dn2,14,0,1550,1520,-896,-936,-17200,31,14,-31,0
S,65541944,dn2,14,0,1550,1520,-1080,-1040,-16976,30,13,-29,0
S,65546944,dn2,14,0,1550,1520,-1168,-912,-17072,24,17,-24,0
S,65551944,dn2,14,0,1550,1520,-872,-936,-16976,35,21,-28,0
S,65556945,dn2,14,0,1550,1520,-1056,-1048,-17000,38,24,-29,0
S,65561945,dn2,14,0,1550,1520,-1224,-744,-17056,43,28,-27,0
S,65566944,dn2,14,0,1550,1520,-1064,-992,-17016,44,25,-28,0
S,65571944,dn2,14,0,1550,1520,-1032,-792,-17144,47,30,-31,0
S,65576944,dn2,14,0,1550,1520,-736,-952,-17088,36,30,-31,0
S,65581944,dn2,14,0,1550,1520,-1152,-1056,-17048,37,25,-31,0
S,65586944,dn2,14,0,1550,1520,-1192,-1080,-17120,35,23,-26,0
S,65591944,dn2,14,0,1550,1520,-936,-888,-17096,37,19,-28,0
S,65596945,dn2,14,0,1550,1520,-864,-904,-17032,33,18,-29,0
S,65601944,dn2,14,0,1550,1520,-1248,-936,-17072,38,27,-24,0
E,65602049,dn2,15,0,1540,1520,,,,,,,0
S,65602685,dn2,15,0,1540,1520,-1256,-1056,-17120,37,28,-30,0
S,65607676,dn2,15,0,1540,1520,-1032,-936,-17208,37,22,-30,0
S,65612675,dn2,15,0,1540,1520,-2080,-1152,-17024,37,26,-30,0
S,65617675,dn2,15,0,1540,1520,-520,-1080,-16944,40,30,-25,0
S,65622675,dn2,15,0,1540,1520,-968,-1248,-16936,47,34,-25,0
S,65627674,dn2,15,0,1540,1520,-968,-1272,-17296,41,39,-15,0
S,65632675,dn2,15,0,1540,1520,-1560,-2160,-16760,42,55,-20,0
S,65637675,dn2,15,0,1540,1520,-648,352,-17256,40,86,-34,0
S,65642674,dn2,15,0,1540,1520,-776,-1864,-16944,36,108,-21,0
S,65647675,dn2,15,0,1540,1520,-792,-632,-17040,46,144,-37,0
S,65652675,dn2,15,0,1540,1520,-744,208,-16528,60,131,-34,0
S,65657674,dn2,15,0,1540,1520,40,-1920,-17464,43,128,-42,0
S,65662675,dn2,15,0,1540,1520,3136,-312,-16776,13,148,-36,0
S,65667674,dn2,15,0,1540,1520,-3168,-2440,-17520,6,144,-24,0
S,65672675,dn2,15,0,1540,1520,-1384,-512,-16376,28,136,-32,0
S,65677675,dn2,15,0,1540,1520,-560,-1192,-17432,39,137,-32,0
S,65682674,dn2,15,0,1540,1520,-840,-1040,-17000,39,146,-27,0
S,65687674,dn2,15,0,1540,1520,-1568,-888,-16936,50,139,-31,0
S,65692674,dn2,15,0,1540,1520,-1112,-840,-17136,59,124,-36,0
S,65697674,dn2,15,0,1540,1520,-752,-1104,-16904,45,101,-33,0
S,65702675,dn2,15,0,1540,1520,-1376,-888,-17064,26,75,-29,0
S,65707675,dn2,15,0,1540,1520,-928,-808,-17120,23,40,-34,0
S,65712674,dn2,15,0,1540,1520,-1088,-936,-17160,17,11,-25,0
S,65717675,dn2,15,0,1540,1520,-856,-1120,-17040,13,-9,-24,0
S,65722675,dn2,15,0,1540,1520,-896,-928,-17184,26,-30,-34,0
S,65727674,dn2,15,0,1540,1520,-976,-976,-16960,42,-33,-26,0
S,65732674,dn2,15,0,1540,1520,-936,-1160,-16928,61,-20,-27,0
S,65737675,dn2,15,0,1540,1520,-792,-936,-17152,68,-19,-26,0
S,65742674,dn2,15,0,1540,1520,-1056,-752,-17008,68,3,-26,0
S,65747675,dn2,15,0,1540,1520,-1080,-1056,-16992,62,23,-28,0
S,65752674,dn2,15,0,1540,1520,-880,-1064,-17056,51,36,-28,0
S,65757675,dn2,15,0,1540,1520,-960,-840,-16968,34,47,-33,0
S,65762674,dn2,15,0,1540,1520,-936,-904,-17040,18,52,-33,0
S,65767675,dn2,15,0,1540,1520,-968,-928,-17072,0,50,-28,0
S,65772675,dn2,15,0,1540,1520,-936,-864,-17048,2,48,-28,0
S,65777675,dn2,15,0,1540,1520,-1080,-920,-17080,6,40,-27,0
S,65782675,dn2,15,0,1540,1520,-856,-984,-17024,28,30,-27,0
S,65787674,dn2,15,0,1540,1520,-944,-1128,-17072,43,28,-24,0
S,65792675,dn2,15,0,1540,1520,-728,-968,-16984,55,18,-34,0
S,65797674,dn2,15,0,1540,1520,-864,-984,-17040,65,9,-33,0
S,65802675,dn2,15,0,1540,1520,-912,-1024,-17072,59,3,-29,0
S,65807675,dn2,15,0,1540,1520,-1008,-936,-17064,53,2,-22,0
S,65812675,dn2,15,0,1540,1520,-944,-944,-17064,40,2,-31,0
S,65817675,dn2,15,0,1540,1520,-728,-784,-17072,29,3,-19,0
S,65822674,dn2,15,0,1540,1520,-920,-1064,-16976,20,13,-26,0
S,65827675,dn2,15,0,1540,1520,-992,-1096,-17128,24,22,-31,0
S,65832675,dn2,15,0,1540,1520,-872,-920,-17016,33,30,-26,0
S,65837674,dn2,15,0,1540,1520,-1008,-1048,-17096,28,40,-35,0
S,65842675,dn2,15,0,1540,1520,-1024,-896,-17128,34,45,-29,0
S,65847674,dn2,15,0,1540,1520,-1096,-904,-16976,36,46,-24,0
S,65852675,dn2,15,0,1540,1520,-696,-1000,-17120,42,39,-30,0
S,65857674,dn2,15,0,1540,1520,-920,-1128,-16968,45,37,-29,0
S,65862674,dn2,15,0,1540,1520,-984,-792,-17136,37,24,-31,0
S,65867675,dn2,15,0,1540,1520,-920,-952,-17016,30,13,-28,0
S,65872674,dn2,15,0,1540,1520,-960,-840,-17064,32,7,-27,0
S,65877674,dn2,15,0,1540,1520,-968,-1016,-17064,37,2,-27,0
S,65882675,dn2,15,0,1540,1520,-992,-1040,-17096,41,7,-32,0
S,65887675,dn2,15,0,1540,1520,-904,-976,-17064,38,6,-32,0
S,65892675,dn2,15,0,1540,1520,-920,-992,-17160,44,17,-30,0
S,65897674,dn2,15,0,1540,1520,-696,-1080,-17024,43,23,-29,0
S,65902675,dn2,15,0,1540,1520,-1128,-1008,-17216,41,28,-29,0
S,65907674,dn2,15,0,1540,1520,-680,-776,-17056,48,31,-25,0
S,65912675,dn2,15,0,1540,1520,-1024,-1056,-17096,32,30,-33,0
S,65917675,dn2,15,0,1540,1520,-976,-896,-17016,32,23,-28,0
S,65922674,dn2,15,0,1540,1520,-736,-800,-17072,30,26,-26,0
S,65927675,dn2,15,0,1540,1520,-968,-1064,-17160,30,28,-26,0
S,65932675,dn2,15,0,1540,1520,-968,-1040,-17056,30,31,-32,0
S,65937675,dn2,15,0,1540,1520,-928,-888,-17224,40,25,-28,0
S,65942675,dn2,15,0,1540,1520,-776,-944,-17120,43,22,-28,0
S,65947675,dn2,15,0,1540,1520,-816,-1112,-17168,51,15,-30,0
S,65952675,dn2,15,0,1540,1520,-952,-944,-17144,45,20,-25,0
S,65957674,dn2,15,0,1540,1520,-1080,-816,-17080,46,20,-28,0
S,65962674,dn2,15,0,1540,1520,-824,-1016,-17008,41,17,-24,0
S,65967674,dn2,15,0,1540,1520,-1088,-1072,-16976,30,18,-26,0
S,65972675,dn2,15,0,1540,1520,-1024,-824,-16928,34,18,-32,0
S,65977675,dn2,15,0,1540,1520,-1000,-752,-17008,29,31,-31,0
S,65982674,dn2,15,0,1540,1520,-720,-1032,-17184,41,33,-35,0
S,65987674,dn2,15,0,1540,1520,-848,-1256,-17048,37,29,-27,0
S,65992675,dn2,15,0,1540,1520,-1056,-952,-16960,40,34,-33,0
S,65997675,dn2,15,0,1540,1520,-768,-768,-17016,42,34,-32,0
S,66002675,dn2,15,0,1540,1520,-856,-1032,-17072,41,31,-25,0
S,66007675,dn2,15,0,1540,1520,-872,-840,-16976,33,26,-25,0
S,66012674,dn2,15,0,1540,1520,-816,-792,-17192,37,18,-27,0
S,66017675,dn2,15,0,1540,1520,-1032,-1120,-17056,40,15,-27,0
S,66022675,dn2,15,0,1540,1520,-560,-1000,-17096,37,13,-31,0
S,66027675,dn2,15,0,1540,1520,-832,-1120,-16984,43,9,-25,0
S,66032675,dn2,15,0,1540,1520,-1024,-944,-17088,40,16,-31,0
S,66037675,dn2,15,0,1540,1520,-912,-1016,-17032,44,24,-27,0
S,66042675,dn2,15,0,1540,1520,-752,-1032,-17064,42,21,-26,0
S,66047674,dn2,15,0,1540,1520,-1080,-1072,-17176,40,26,-33,0
S,66052675,dn2,15,0,1540,1520,-1032,-896,-17072,37,23,-31,0
S,66057674,dn2,15,0,1540,1520,-688,-1136,-17104,32,30,-29,0
S,66062674,dn2,15,0,1540,1520,-1072,-1160,-16992,37,33,-30,0
S,66067675,dn2,15,0,1540,1520,-976,-944,-16992,33,32,-29,0
S,66072675,dn2,15,0,1540,1520,-944,-912,-17000,33,30,-25,0
S,66077675,dn2,15,0,1540,1520,-1000,-904,-17048,33,31,-26,0
S,66082674,dn2,15,0,1540,1520,-920,-1128,-17088,36,18,-28,0
S,66087675,dn2,15,0,1540,1520,-912,-984,-16976,37,17,-22,0
S,66092675,dn2,15,0,1540,1520,-976,-928,-17008,41,17,-22,0
S,66097674,dn2,15,0,1540,1520,-872,-952,-17144,38,10,-29,0
S,66102675,dn2,15,0,1540,1520,-1096,-1024,-17104,41,13,-28,0
E,66102779,dn2,16,0,1530,1520,,,,,,,0
S,66103411,dn2,16,0,1530,1520,-1048,-992,-17016,46,10,-26,0
S,66108402,dn2,16,0,1530,1520,-904,-952,-17024,44,16,-32,0
S,66113400,dn2,16,0,1530,1520,-448,-1192,-16832,40,22,-20,0
S,66118401,dn2,16,0,1530,1520,48,-1304,-16920,44,43,-27,0
S,66123401,dn2,16,0,1530,1520,-1552,-416,-16776,52,56,-31,0
S,66128401,dn2,16,0,1530,1520,2496,184,-17584,47,82,-34,0
S,66133400,dn2,16,0,1530,1520,-1288,-1648,-16856,49,122,-30,0
S,66138400,dn2,16,0,1530,1520,-664,-3176,-16808,42,153,-40,0
S,66143401,dn2,16,0,1530,1520,1952,864,-17280,54,188,-25,0
S,66148400,dn2,16,0,1530,1520,-512,-1616,-16448,43,214,-36,0
S,66153400,dn2,16,0,1530,1520,-3424,-1992,-18024,27,256,-43,0
S,66158400,dn2,16,0,1530,1520,632,328,-16248,33,254,-29,0
S,66163400,dn2,16,0,1530,1520,-2824,-2704,-17160,24,253,-57,0
S,66168401,dn2,16,0,1530,1520,-376,40,-16936,19,251,-29,0
S,66173401,dn2,16,0,1530,1520,-1488,-1176,-16784,8,238,-34,0
S,66178400,dn2,16,0,1530,1520,-728,-272,-17008,9,193,-28,0
S,66183400,dn2,16,0,1530,1520,-888,-968,-17152,5,169,-41,0
S,66188400,dn2,16,0,1530,1520,-624,-1120,-17024,8,142,-28,0
S,66193400,dn2,16,0,1530,1520,-1032,-1048,-16976,24,104,-36,0
S,66198400,dn2,16,0,1530,1520,-896,-992,-17160,45,88,-26,0
S,66203400,dn2,16,0,1530,1520,-800,-872,-17088,56,73,-41,0
S,66208400,dn2,16,0,1530,1520,-1192,-1136,-17088,70,55,-31,0
S,66213400,dn2,16,0,1530,1520,-704,-920,-17088,71,35,-32,0
S,66218400,dn2,16,0,1530,1520,-736,-832,-17104,55,19,-32,0
S,66223400,dn2,16,0,1530,1520,-888,-936,-17224,37,0,-27,0
S,66228400,dn2,16,0,1530,1520,-688,-1112,-17008,16,-10,-29,0
S,66233400,dn2,16,0,1530,1520,-808,-952,-17008,9,-18,-27,0
S,66238400,dn2,16,0,1530,1520,-656,-936,-17000,14,-12,-28,0
S,66243400,dn2,16,0,1530,1520,-720,-1064,-17216,20,-3,-33,0
S,66248400,dn2,16,0,1530,1520,-408,-1000,-17208,32,8,-30,0
S,66253400,dn2,16,0,1530,1520,-816,-1144,-17080,51,30,-31,0
S,66258400,dn2,16,0,1530,1520,-688,-856,-17136,67,43,-33,0
S,66263400,dn2,16,0,1530,1520,-704,-1040,-17056,61,46,-34,0
S,66268400,dn2,16,0,1530,1520,-896,-848,-17064,46,51,-32,0
S,66273400,dn2,16,0,1530,1520,-696,-848,-17048,25,40,-28,0
S,66278400,dn2,16,0,1530,1520,-648,-824,-17152,18,30,-28,0
S,66283400,dn2,16,0,1530,1520,-896,-992,-17136,4,24,-29,0
S,66288400,dn2,16,0,1530,1520,-808,-1104,-17016,12,12,-25,0
S,66293401,dn2,16,0,1530,1520,-544,-864,-17152,20,11,-26,0
S,66298400,dn2,16,0,1530,1520,-496,-1000,-17016,37,11,-26,0
S,66303401,dn2,16,0,1530,1520,-800,-1000,-17048,55,21,-29,0
S,66308401,dn2,16,0,1530,1520,-648,-976,-17072,64,23,-27,0
S,66313400,dn2,16,0,1530,1520,-640,-912,-17088,64,25,-27,0
S,66318400,dn2,16,0,1530,1520,-688,-880,-17096,55,23,-28,0
S,66323400,dn2,16,0,1530,1520,-824,-912,-16976,47,24,-31,0
S,66328400,dn2,16,0,1530,1520,-728,-920,-17056,27,16,-24,0
S,66333400,dn2,16,0,1530,1520,-792,-1056,-17152,17,19,-28,0
S,66338400,dn2,16,0,1530,1520,-688,-912,-17112,9,20,-28,0
S,66343401,dn2,16,0,1530,1520,-720,-944,-17096,14,24,-31,0
S,66348401,dn2,16,0,1530,1520,-824,-1136,-17024,26,29,-31,0
S,66353400,dn2,16,0,1530,1520,-648,-888,-16984,39,33,-24,0
S,66358400,dn2,16,0,1530,1520,-400,-1080,-17136,52,33,-26,0
S,66363400,dn2,16,0,1530,1520,-880,-896,-17024,55,37,-28,0
S,66368400,dn2,16,0,1530,1520,-664,-960,-17144,51,31,-31,0
S,66373401,dn2,16,0,1530,1520,-776,-744,-17168,48,22,-26,0
S,66378400,dn2,16,0,1530,1520,-656,-976,-16944,36,18,-29,0
S,66383401,dn2,16,0,1530,1520,-664,-936,-17120,23,13,-26,0
S,66388401,dn2,16,0,1530,1520,-832,-960,-17064,14,12,-26,0
S,66393400,dn2,16,0,1530,1520,-744,-1048,-17096,20,9,-31,0
S,66398400,dn2,16,0,1530,1520,-640,-1016,-17048,32,6,-28,0
S,66403400,dn2,16,0,1530,1520,-784,-1160,-17128,48,21,-33,0
S,66408400,dn2,16,0,1530,1520,-576,-928,-17072,42,22,-27,0
S,66413400,dn2,16,0,1530,1520,-736,-968,-17128,51,25,-28,0
S,66418400,dn2,16,0,1530,1520,-600,-920,-17240,46,32,-28,0
S,66423400,dn2,16,0,1530,1520,-936,-1000,-17088,42,31,-33,0
S,66428400,dn2,16,0,1530,1520,-832,-880,-17088,37,28,-22,0
S,66433401,dn2,16,0,1530,1520,-544,-824,-17000,28,29,-24,0
S,66438400,dn2,16,0,1530,1520,-808,-976,-17048,27,27,-29,0
S,66443400,dn2,16,0,1530,1520,-712,-1064,-17184,25,23,-21,0
S,66448401,dn2,16,0,1530,1520,-752,-1024,-17120,34,24,-30,0
S,66453400,dn2,16,0,1530,1520,-832,-984,-17008,38,26,-26,0
S,66458400,dn2,16,0,1530,1520,-520,-960,-17096,37,25,-24,0
S,66463400,dn2,16,0,1530,1520,-736,-952,-17176,47,30,-32,0
S,66468400,dn2,16,0,1530,1520,-616,-912,-17104,57,17,-26,0
S,66473401,dn2,16,0,1530,1520,-664,-960,-16984,46,14,-29,0
S,66478400,dn2,16,0,1530,1520,-752,-1024,-17104,42,15,-31,0
S,66483401,dn2,16,0,1530,1520,-632,-896,-17120,35,10,-27,0
S,66488400,dn2,16,0,1530,1520,-872,-1016,-17184,27,15,-30,0
S,66493401,dn2,16,0,1530,1520,-920,-1072,-16992,34,23,-28,0
S,66498400,dn2,16,0,1530,1520,-568,-992,-17152,37,33,-29,0
S,66503401,dn2,16,0,1530,1520,-576,-936,-17032,33,32,-32,0
S,66508401,dn2,16,0,1530,1520,-688,-928,-17088,37,38,-25,0
S,66513400,dn2,16,0,1530,1520,-624,-760,-17024,38,36,-24,0
S,66518401,dn2,16,0,1530,1520,-688,-896,-17136,34,28,-28,0
S,66523400,dn2,16,0,1530,1520,-736,-896,-17104,31,25,-27,0
S,66528400,dn2,16,0,1530,1520,-896,-872,-17032,27,21,-29,0
S,66533401,dn2,16,0,1530,1520,-616,-920,-17120,41,15,-29,0
S,66538400,dn2,16,0,1530,1520,-672,-1064,-17160,39,16,-27,0
S,66543400,dn2,16,0,1530,1520,-760,-896,-17064,38,18,-33,0
S,66548401,dn2,16,0,1530,1520,-680,-992,-17072,41,16,-29,0
S,66553400,dn2,16,0,1530,1520,-656,-904,-16984,41,20,-27,0
S,66558400,dn2,16,0,1530,1520,-856,-920,-16960,46,17,-34,0
S,66563400,dn2,16,0,1530,1520,-784,-936,-17096,40,22,-26,0
S,66568400,dn2,16,0,1530,1520,-904,-1008,-17008,39,30,-27,0
S,66573400,dn2,16,0,1530,1520,-752,-1008,-17032,33,23,-28,0
S,66578400,dn2,16,0,1530,1520,-680,-960,-17192,36,25,-31,0
S,66583400,dn2,16,0,1530,1520,-976,-976,-17112,28,24,-26,0
S,66588401,dn2,16,0,1530,1520,-576,-984,-17152,29,32,-27,0
S,66593401,dn2,16,0,1530,1520,-808,-976,-16992,42,39,-30,0
S,66598400,dn2,16,0,1530,1520,-464,-880,-17128,44,38,-29,0
S,66603400,dn2,16,0,1530,1520,-648,-992,-16976,44,34,-29,0
E,66603504,dn2,17,0,1520,1520,,,,,,,0
S,66604136,dn2,17,0,1520,1520,-768,-1000,-16984,41,32,-27,0
S,66609127,dn2,17,0,1520,1520,-648,-968,-17024,39,23,-29,0
S,66614125,dn2,17,0,1520,1520,-872,-744,-17224,34,21,-25,0
S,66619126,dn2,17,0,1520,1520,696,-1248,-17032,31,27,-33,0
S,66624126,dn2,17,0,1520,1520,-1384,-1504,-16912,36,29,-24,0
S,66629125,dn2,17,0,1520,1520,-376,-1984,-17160,39,37,-18,0
S,66634125,dn2,17,0,1520,1520,-752,-928,-17064,47,46,-16,0
S,66639126,dn2,17,0,1520,1520,-1496,-912,-17344,42,98,-29,0
S,66644125,dn2,17,0,1520,1520,-64,-792,-16960,66,131,-36,0
S,66649125,dn2,17,0,1520,1520,-400,-1312,-17280,57,168,-29,0
S,66654125,dn2,17,0,1520,1520,-584,-600,-16912,65,208,-25,0
S,66659125,dn2,17,0,1520,1520,1072,-592,-17648,61,287,-13,0
S,66664126,dn2,17,0,1520,1520,-992,-2944,-15960,51,298,-51,0
S,66669125,dn2,17,0,1520,1520,-728,-312,-17448,44,321,-25,0
S,66674125,dn2,17,0,1520,1520,152,-528,-16656,19,316,-48,0
S,66679125,dn2,17,0,1520,1520,-1040,-464,-17560,-5,318,-49,0
S,66684125,dn2,17,0,1520,1520,-944,-1296,-16552,-27,258,-55,0
S,66689125,dn2,17,0,1520,1520,-680,-1008,-17080,-33,216,-71,0
S,66694125,dn2,17,0,1520,1520,-744,-984,-17104,-32,167,-67,0
S,66699125,dn2,17,0,1520,1520,-760,-936,-17360,-16,111,-58,0
S,66704125,dn2,17,0,1520,1520,-384,-1224,-16912,10,70,-44,0
S,66709126,dn2,17,0,1520,1520,-736,-1000,-17304,32,16,-30,0
S,66714125,dn2,17,0,1520,1520,-376,-896,-16848,47,-23,-29,0
S,66719125,dn2,17,0,1520,1520,-552,-1144,-17208,79,-60,-31,0
S,66724125,dn2,17,0,1520,1520,-312,-720,-17008,82,-78,-30,0
S,66729125,dn2,17,0,1520,1520,-544,-1128,-17080,84,-83,-27,0
S,66734125,dn2,17,0,1520,1520,-464,-1144,-17152,84,-74,-22,0
S,66739125,dn2,17,0,1520,1520,-680,-1072,-16872,61,-57,-15,0
S,66744125,dn2,17,0,1520,1520,-552,-1048,-17088,56,-41,-19,0
S,66749125,dn2,17,0,1520,1520,-280,-776,-17040,36,-12,-17,0
S,66754125,dn2,17,0,1520,1520,-704,-1112,-17136,20,17,-20,0
S,66759126,dn2,17,0,1520,1520,-488,-752,-17072,18,51,-31,0
S,66764125,dn2,17,0,1520,1520,-648,-960,-17096,13,68,-27,0
S,66769125,dn2,17,0,1520,1520,-480,-896,-17048,14,84,-31,0
S,66774125,dn2,17,0,1520,1520,-416,-1048,-16992,25,83,-28,0
S,66779125,dn2,17,0,1520,1520,-480,-896,-17328,34,73,-30,0
S,66784126,dn2,17,0,1520,1520,-448,-1088,-17048,39,63,-27,0
S,66789125,dn2,17,0,1520,1520,-520,-928,-17224,35,35,-28,0
S,66794125,dn2,17,0,1520,1520,-504,-1016,-17032,42,17,-30,0
S,66799125,dn2,17,0,1520,1520,-488,-976,-17232,44,-2,-27,0
S,66804125,dn2,17,0,1520,1520,-496,-920,-16984,45,-15,-25,0
S,66809125,dn2,17,0,1520,1520,-656,-992,-17088,43,-19,-24,0
S,66814125,dn2,17,0,1520,1520,-464,-880,-17088,42,-24,-35,0
S,66819125,dn2,17,0,1520,1520,-464,-1040,-17072,47,-10,-27,0
S,66824125,dn2,17,0,1520,1520,-608,-992,-17024,49,1,-26,0
S,66829125,dn2,17,0,1520,1520,-424,-928,-17104,44,19,-21,0
S,66834125,dn2,17,0,1520,1520,-624,-1112,-17056,41,35,-29,0
S,66839125,dn2,17,0,1520,1520,-432,-1088,-17136,36,42,-29,0
S,66844125,dn2,17,0,1520,1520,-568,-968,-17112,30,55,-27,0
S,66849125,dn2,17,0,1520,1520,-488,-856,-17072,28,47,-27,0
S,66854125,dn2,17,0,1520,1520,-576,-856,-17016,20,52,-29,0
S,66859125,dn2,17,0,1520,1520,-512,-936,-17136,24,38,-30,0
S,66864126,dn2,17,0,1520,1520,-544,-968,-17072,37,29,-32,0
S,66869125,dn2,17,0,1520,1520,-560,-888,-17176,41,19,-31,0
S,66874126,dn2,17,0,1520,1520,-536,-992,-17120,44,14,-32,0
S,66879125,dn2,17,0,1520,1520,-608,-1016,-17208,60,2,-28,0
S,66884125,dn2,17,0,1520,1520,-552,-1096,-17040,49,4,-30,0
S,66889125,dn2,17,0,1520,1520,-616,-1008,-17088,47,3,-26,0
S,66894125,dn2,17,0,1520,1520,-512,-880,-17072,46,6,-31,0
S,66899125,dn2,17,0,1520,1520,-504,-912,-17088,37,12,-30,0
S,66904125,dn2,17,0,1520,1520,-560,-936,-17024,32,20,-31,0
S,66909125,dn2,17,0,1520,1520,-512,-968,-16952,29,28,-31,0
S,66914126,dn2,17,0,1520,1520,-584,-1000,-17000,29,39,-32,0
S,66919125,dn2,17,0,1520,1520,-536,-912,-17104,27,38,-27,0
S,66924125,dn2,17,0,1520,1520,-416,-944,-17048,27,45,-27,0
S,66929125,dn2,17,0,1520,1520,-632,-1040,-17192,34,39,-27,0
S,66934125,dn2,17,0,1520,1520,-560,-928,-17040,37,42,-29,0
S,66939125,dn2,17,0,1520,1520,-488,-992,-17104,38,31,-28,0
S,66944125,dn2,17,0,1520,1520,-560,-952,-17000,42,21,-24,0
S,66949125,dn2,17,0,1520,1520,-512,-952,-17080,39,14,-31,0
S,66954125,dn2,17,0,1520,1520,-424,-888,-17088,45,12,-26,0
S,66959125,dn2,17,0,1520,1520,-552,-968,-17008,41,4,-31,0
S,66964125,dn2,17,0,1520,1520,-528,-984,-17080,38,8,-26,0
S,66969125,dn2,17,0,1520,1520,-520,-976,-17104,43,11,-29,0
S,66974125,dn2,17,0,1520,1520,-456,-968,-16984,43,16,-33,0
S,66979125,dn2,17,0,1520,1520,-584,-1048,-17248,41,26,-29,0
S,66984125,dn2,17,0,1520,1520,-536,-1024,-17080,36,30,-30,0
S,66989125,dn2,17,0,1520,1520,-552,-1144,-17200,39,34,-28,0
S,66994125,dn2,17,0,1520,1520,-544,-928,-17184,31,32,-31,0
S,66999125,dn2,17,0,1520,1520,-408,-912,-17024,28,38,-31,0
S,67004125,dn2,17,0,1520,1520,-632,-968,-17008,32,31,-34,0
S,67009125,dn2,17,0,1520,1520,-520,-848,-16936,34,26,-31,0
S,67014125,dn2,17,0,1520,1520,-680,-1016,-17256,30,20,-29,0
S,67019125,dn2,17,0,1520,1520,-528,-936,-17000,38,13,-26,0
S,67024125,dn2,17,0,1520,1520,-608,-952,-17144,39,19,-27,0
S,67029125,dn2,17,0,1520,1520,-480,-936,-17136,42,18,-30,0
S,67034126,dn2,17,0,1520,1520,-528,-912,-17088,47,13,-23,0
S,67039125,dn2,17,0,1520,1520,-584,-1144,-17112,43,17,-27,0
S,67044125,dn2,17,0,1520,1520,-528,-968,-17072,42,18,-26,0
S,67049125,dn2,17,0,1520,1520,-544,-992,-17064,33,17,-27,0
S,67054126,dn2,17,0,1520,1520,-536,-976,-17160,32,17,-27,0
S,67059125,dn2,17,0,1520,1520,-480,-1144,-17088,31,23,-27,0
S,67064125,dn2,17,0,1520,1520,-456,-1112,-17056,31,24,-28,0
S,67069125,dn2,17,0,1520,1520,-504,-904,-17072,32,36,-31,0
S,67074126,dn2,17,0,1520,1520,-424,-960,-17088,40,27,-30,0
S,67079125,dn2,17,0,1520,1520,-584,-1000,-17176,30,33,-37,0
S,67084125,dn2,17,0,1520,1520,-480,-968,-16992,41,26,-28,0
S,67089125,dn2,17,0,1520,1520,-568,-984,-17032,36,23,-32,0
S,67094125,dn2,17,0,1520,1520,-520,-1120,-16968,45,18,-22,0
S,67099125,dn2,17,0,1520,1520,-392,-888,-17056,40,15,-31,0
S,67104125,dn2,17,0,1520,1520,-480,-1016,-16960,38,16,-29,0
E,67104233,dn2,18,0,1510,1520,,,,,,,0
S,67104865,dn2,18,0,1510,1520,-584,-920,-17104,42,16,-29,0
S,67109856,dn2,18,0,1510,1520,-456,-1064,-17040,38,16,-30,0
S,67114854,dn2,18,0,1510,1520,-552,-920,-17224,37,20,-36,0
S,67119854,dn2,18,0,1510,1520,-360,-88,-17168,33,30,-34,0
S,67124854,dn2,18,0,1510,1520,-2168,-816,-17560,43,48,-11,0
S,67129854,dn2,18,0,1510,1520,-1752,-1464,-17320,51,82,-17,0
S,67134854,dn2,18,0,1510,1520,-368,-1096,-16960,60,100,-37,0
S,67139854,dn2,18,0,1510,1520,-248,-2024,-17520,57,149,-37,0
S,67144854,dn2,18,0,1510,1520,2192,448,-16800,59,161,-33,0
S,67149854,dn2,18,0,1510,1520,-872,-1392,-17048,50,169,-25,0
S,67154854,dn2,18,0,1510,1520,2584,240,-17224,34,175,-34,0
S,67159854,dn2,18,0,1510,1520,3128,-720,-15816,18,219,-49,0
S,67164854,dn2,18,0,1510,1520,-3776,-600,-17704,13,194,-48,0
S,67169855,dn2,18,0,1510,1520,-440,-1392,-16576,23,210,-32,0
S,67174854,dn2,18,0,1510,1520,-840,-1288,-17776,32,218,-44,0
S,67179854,dn2,18,0,1510,1520,-208,-944,-16952,28,212,-37,0
S,67184854,dn2,18,0,1510,1520,-792,-1088,-17024,28,212,-41,0
S,67189854,dn2,18,0,1510,1520,-552,-760,-17224,41,216,-42,0
S,67194854,dn2,18,0,1510,1520,-536,-1128,-17056,38,202,-36,0
S,67199855,dn2,18,0,1510,1520,-512,-992,-17144,40,198,-44,0
S,67204854,dn2,18,0,1510,1520,-32,-664,-16848,37,189,-36,0
S,67209854,dn2,18,0,1510,1520,-864,-1352,-17136,39,167,-40,0
S,67214854,dn2,18,0,1510,1520,-224,-976,-16920,35,138,-41,0
S,67219854,dn2,18,0,1510,1520,-648,-1048,-17096,20,110,-40,0
S,67224855,dn2,18,0,1510,1520,-448,-752,-17104,13,75,-39,0
S,67229854,dn2,18,0,1510,1520,-376,-1072,-16928,14,49,-31,0
S,67234854,dn2,18,0,1510,1520,-320,-1168,-17176,25,4,-32,0
S,67239854,dn2,18,0,1510,1520,-208,-888,-17080,32,-14,-23,0
S,67244854,dn2,18,0,1510,1520,-280,-1048,-17216,43,-28,-23,0
S,67249854,dn2,18,0,1510,1520,-72,-856,-17032,53,-37,-31,0
S,67254854,dn2,18,0,1510,1520,-464,-992,-17160,64,-35,-24,0
S,67259854,dn2,18,0,1510,1520,-232,-840,-17112,72,-24,-32,0
S,67264854,dn2,18,0,1510,1520,-336,-1024,-16912,66,-10,-30,0
S,67269854,dn2,18,0,1510,1520,-352,-1008,-17128,53,9,-28,0
S,67274854,dn2,18,0,1510,1520,-200,-912,-17032,42,24,-25,0
S,67279854,dn2,18,0,1510,1520,-480,-936,-17216,26,33,-32,0
S,67284854,dn2,18,0,1510,1520,-296,-848,-17168,14,54,-26,0
S,67289854,dn2,18,0,1510,1520,-384,-920,-17032,11,51,-30,0
S,67294854,dn2,18,0,1510,1520,-136,-952,-17160,13,58,-28,0
S,67299854,dn2,18,0,1510,1520,-288,-1072,-17032,27,51,-33,0
S,67304854,dn2,18,0,1510,1520,-312,-976,-17200,32,49,-28,0
S,67309854,dn2,18,0,1510,1520,-272,-992,-16968,39,33,-31,0
S,67314854,dn2,18,0,1510,1520,-168,-984,-17048,51,17,-33,0
S,67319854,dn2,18,0,1510,1520,-280,-984,-17160,54,8,-34,0
S,67324854,dn2,18,0,1510,1520,-328,-1024,-17032,53,-3,-30,0
S,67329854,dn2,18,0,1510,1520,-208,-912,-17048,45,-5,-28,0
S,67334854,dn2,18,0,1510,1520,-456,-960,-17104,38,-2,-28,0
S,67339854,dn2,18,0,1510,1520,-304,-1056,-17216,43,-3,-26,0
S,67344854,dn2,18,0,1510,1520,-256,-1024,-17088,35,7,-31,0
S,67349854,dn2,18,0,1510,1520,-328,-984,-17152,34,27,-32,0
S,67354854,dn2,18,0,1510,1520,-240,-952,-17056,34,36,-24,0
S,67359854,dn2,18,0,1510,1520,-344,-896,-17040,34,43,-29,0
S,67364854,dn2,18,0,1510,1520,-304,-1016,-17160,36,50,-30,0
S,67369854,dn2,18,0,1510,1520,-192,-800,-17040,38,45,-28,0
S,67374854,dn2,18,0,1510,1520,-304,-928,-17104,40,47,-33,0
S,67379854,dn2,18,0,1510,1520,-352,-856,-17032,30,36,-35,0
S,67384854,dn2,18,0,1510,1520,-280,-1000,-17040,36,26,-30,0
S,67389854,dn2,18,0,1510,1520,-200,-840,-17128,37,15,-28,0
S,67394854,dn2,18,0,1510,1520,-224,-976,-17112,35,5,-28,0
S,67399854,dn2,18,0,1510,1520,-160,-880,-17040,40,4,-29,0
S,67404855,dn2,18,0,1510,1520,-352,-976,-17144,45,5,-28,0
S,67409854,dn2,18,0,1510,1520,-112,-1112,-17112,48,8,-29,0
S,67414854,dn2,18,0,1510,1520,-304,-888,-17176,45,18,-24,0
S,67419854,dn2,18,0,1510,1520,-232,-872,-17144,44,24,-30,0
S,67424854,dn2,18,0,1510,1520,-320,-872,-17008,39,22,-32,0
S,67429854,dn2,18,0,1510,1520,-368,-1072,-17144,31,34,-24,0
S,67434854,dn2,18,0,1510,1520,-360,-976,-17032,26,33,-29,0
S,67439854,dn2,18,0,1510,1520,-296,-952,-17032,22,37,-28,0
S,67444855,dn2,18,0,1510,1520,-272,-1000,-17024,32,33,-23,0
S,67449854,dn2,18,0,1510,1520,-336,-1064,-17216,36,35,-27,0
S,67454854,dn2,18,0,1510,1520,-400,-912,-17112,36,24,-26,0
S,67459854,dn2,18,0,1510,1520,-336,-896,-17152,46,21,-30,0
S,67464854,dn2,18,0,1510,1520,-256,-968,-16904,49,20,-26,0
S,67469854,dn2,18,0,1510,1520,-384,-992,-17208,49,14,-28,0
S,67474854,dn2,18,0,1510,1520,-312,-872,-17120,48,16,-28,0
S,67479854,dn2,18,0,1510,1520,-336,-928,-17104,38,10,-26,0
S,67484854,dn2,18,0,1510,1520,-336,-928,-17040,39,15,-28,0
S,67489854,dn2,18,0,1510,1520,-272,-856,-17032,35,21,-27,0
S,67494854,dn2,18,0,1510,1520,-264,-1016,-17000,40,23,-26,0
S,67499854,dn2,18,0,1510,1520,-168,-952,-17040,31,23,-33,0
S,67504855,dn2,18,0,1510,1520,-232,-784,-17112,33,28,-30,0
S,67509854,dn2,18,0,1510,1520,-408,-960,-17096,33,32,-27,0
S,67514854,dn2,18,0,1510,1520,-344,-960,-17096,37,35,-31,0
S,67519854,dn2,18,0,1510,1520,-272,-904,-17192,37,32,-31,0
S,67524854,dn2,18,0,1510,1520,-392,-992,-17080,36,30,-27,0
S,67529854,dn2,18,0,1510,1520,-176,-960,-17264,36,22,-27,0
S,67534854,dn2,18,0,1510,1520,-224,-848,-16952,35,18,-28,0
S,67539854,dn2,18,0,1510,1520,-296,-960,-17176,32,18,-33,0
S,67544854,dn2,18,0,1510,1520,-368,-864,-17080,37,16,-26,0
S,67549854,dn2,18,0,1510,1520,-160,-1088,-17064,40,17,-38,0
S,67554854,dn2,18,0,1510,1520,-328,-1048,-17120,39,12,-28,0
S,67559854,dn2,18,0,1510,1520,-288,-968,-17056,43,24,-28,0
S,67564854,dn2,18,0,1510,1520,-344,-936,-17112,42,26,-28,0
S,67569854,dn2,18,0,1510,1520,-296,-920,-16992,40,33,-27,0
S,67574854,dn2,18,0,1510,1520,-120,-1000,-17088,35,26,-26,0
S,67579854,dn2,18,0,1510,1520,-280,-872,-17104,37,29,-26,0
S,67584854,dn2,18,0,1510,1520,-296,-1032,-16992,31,31,-18,0
S,67589854,dn2,18,0,1510,1520,-160,-968,-17120,28,25,-32,0
S,67594854,dn2,18,0,1510,1520,-224,-1032,-17096,33,31,-27,0
S,67599854,dn2,18,0,1510,1520,-288,-1032,-17128,35,24,-26,0
S,67604854,dn2,18,0,1510,1520,-304,-912,-17080,36,27,-26,0
E,67604958,dn2,19,0,1500,1520,,,,,,,0
S,67605594,dn2,19,0,1500,1520,-400,-920,-16968,37,23,-24,0
S,67610583,dn2,19,0,1500,1520,-328,-992,-17136,40,24,-27,0
S,67615583,dn2,19,0,1500,1520,384,-952,-17096,41,25,-30,0
S,67620583,dn2,19,0,1500,1520,-96,-936,-17176,44,34,-27,0
S,67625583,dn2,19,0,1500,1520,-1232,-1032,-17304,41,44,-32,0
S,67630583,dn2,19,0,1500,1520,184,-120,-17072,40,62,-33,0
S,67635583,dn2,19,0,1500,1520,40,-64,-16984,53,59,-34,0
S,67640583,dn2,19,0,1500,1520,704,-1376,-17160,35,70,-38,0
S,67645583,dn2,19,0,1500,1520,472,-280,-17288,29,82,-27,0
S,67650583,dn2,19,0,1500,1520,-328,-1136,-16984,29,92,-28,0
S,67655583,dn2,19,0,1500,1520,168,-1472,-17176,26,106,-27,0
S,67660583,dn2,19,0,1500,1520,64,-712,-16944,33,121,-24,0
S,67665583,dn2,19,0,1500,1520,-96,-1048,-17080,44,136,-27,0
S,67670583,dn2,19,0,1500,1520,-2032,192,-18576,37,194,2,0
S,67675583,dn2,19,0,1500,1520,-224,-1440,-16240,60,190,-24,0
S,67680583,dn2,19,0,1500,1520,-832,-1616,-17888,51,207,-30,0
S,67685583,dn2,19,0,1500,1520,56,-216,-16504,45,209,-37,0
S,67690583,dn2,19,0,1500,1520,-776,-1088,-17568,28,196,-40,0
S,67695583,dn2,19,0,1500,1520,208,-1224,-16720,10,172,-46,0
S,67700583,dn2,19,0,1500,1520,-536,-632,-17480,2,137,-46,0
S,67705583,dn2,19,0,1500,1520,-224,-728,-16784,-13,102,-42,0
S,67710583,dn2,19,0,1500,1520,-168,-1248,-17384,-4,66,-41,0
S,67715583,dn2,19,0,1500,1520,-144,-1000,-16904,10,31,-28,0
S,67720583,dn2,19,0,1500,1520,-24,-1056,-17232,34,-9,-32,0
S,67725583,dn2,19,0,1500,1520,-176,-1032,-17144,54,-23,-30,0
S,67730583,dn2,19,0,1500,1520,-88,-904,-17024,70,-38,-28,0
S,67735583,dn2,19,0,1500,1520,-88,-1008,-17128,74,-46,-31,0
S,67740583,dn2,19,0,1500,1520,-232,-1088,-17040,72,-43,-27,0
S,67745583,dn2,19,0,1500,1520,-16,-928,-17088,70,-29,-25,0
S,67750583,dn2,19,0,1500,1520,-136,-968,-17016,53,-12,-20,0
S,67755583,dn2,19,0,1500,1520,-112,-920,-17232,38,1,-33,0
S,67760583,dn2,19,0,1500,1520,-176,-992,-17064,30,25,-23,0
S,67765583,dn2,19,0,1500,1520,-240,-1056,-17208,11,43,-31,0
S,67770583,dn2,19,0,1500,1520,-88,-1024,-16976,10,57,-32,0
S,67775583,dn2,19,0,1500,1520,-160,-960,-17008,11,66,-32,0
S,67780583,dn2,19,0,1500,1520,-136,-968,-17144,24,61,-28,0
S,67785583,dn2,19,0,1500,1520,-144,-1032,-17096,26,66,-34,0
S,67790583,dn2,19,0,1500,1520,-208,-1024,-17128,36,47,-34,0
S,67795583,dn2,19,0,1500,1520,-264,-880,-17200,52,34,-34,0
S,67800583,dn2,19,0,1500,1520,-160,-896,-17152,48,16,-31,0
S,67805583,dn2,19,0,1500,1520,-40,-1024,-17112,46,0,-30,0
S,67810583,dn2,19,0,1500,1520,-80,-992,-17072,43,-14,-24,0
S,67815583,dn2,19,0,1500,1520,-80,-992,-17064,38,-15,-26,0
S,67820583,dn2,19,0,1500,1520,-176,-1112,-17120,43,-11,-29,0
S,67825584,dn2,19,0,1500,1520,8,-984,-17088,43,0,-25,0
S,67830583,dn2,19,0,1500,1520,-160,-1000,-17056,39,12,-29,0
S,67835583,dn2,19,0,1500,1520,16,-1008,-17032,48,24,-31,0
S,67840583,dn2,19,0,1500,1520,-112,-848,-17208,42,34,-30,0
S,67845583,dn2,19,0,1500,1520,-176,-992,-17104,38,46,-25,0
S,67850583,dn2,19,0,1500,1520,-168,-912,-16984,34,51,-31,0
S,67855583,dn2,19,0,1500,1520,-184,-1016,-17096,30,46,-28,0
S,67860583,dn2,19,0,1500,1520,-128,-992,-17120,21,39,-31,0
S,67865583,dn2,19,0,1500,1520,-160,-1000,-17112,28,24,-28,0
S,67870583,dn2,19,0,1500,1520,-208,-952,-17088,31,24,-27,0
S,67875583,dn2,19,0,1500,1520,-96,-1032,-17136,41,9,-24,0
S,67880583,dn2,19,0,1500,1520,-136,-1000,-17232,41,10,-22,0
S,67885583,dn2,19,0,1500,1520,-104,-872,-17008,48,9,-29,0
S,67890583,dn2,19,0,1500,1520,-224,-936,-17176,54,4,-28,0
S,67895583,dn2,19,0,1500,1520,-120,-928,-17160,54,5,-27,0
S,67900583,dn2,19,0,1500,1520,-216,-1008,-17016,41,12,-33,0
S,67905583,dn2,19,0,1500,1520,-64,-872,-17192,37,16,-22,0
S,67910583,dn2,19,0,1500,1520,-32,-1064,-17176,27,26,-22,0
S,67915583,dn2,19,0,1500,1520,-136,-928,-17000,24,34,-28,0
S,67920583,dn2,19,0,1500,1520,-160,-928,-17080,30,33,-31,0
S,67925583,dn2,19,0,1500,1520,-96,-1008,-16976,30,35,-25,0
S,67930583,dn2,19,0,1500,1520,-184,-808,-17056,33,39,-27,0
S,67935583,dn2,19,0,1500,1520,-120,-1072,-17112,40,38,-24,0
S,67940583,dn2,19,0,1500,1520,-136,-1024,-17192,39,30,-29,0
S,67945583,dn2,19,0,1500,1520,0,-920,-17248,44,23,-32,0
S,67950583,dn2,19,0,1500,1520,-88,-864,-17144,40,15,-21,0
S,67955583,dn2,19,0,1500,1520,-144,-864,-17072,41,15,-27,0
S,67960583,dn2,19,0,1500,1520,-160,-960,-17144,39,5,-28,0
S,67965583,dn2,19,0,1500,1520,-80,-912,-17160,40,16,-26,0
S,67970583,dn2,19,0,1500,1520,-144,-1024,-17024,39,14,-33,0
S,67975583,dn2,19,0,1500,1520,-216,-1008,-17056,39,22,-24,0
S,67980583,dn2,19,0,1500,1520,-256,-952,-17080,41,24,-23,0
S,67985583,dn2,19,0,1500,1520,-112,-1048,-17024,39,27,-28,0
S,67990583,dn2,19,0,1500,1520,-160,-1000,-17136,40,26,-28,0
S,67995583,dn2,19,0,1500,1520,-80,-920,-17152,40,33,-28,0
S,68000583,dn2,19,0,1500,1520,-144,-1008,-17088,32,37,-30,0
S,68005583,dn2,19,0,1500,1520,-112,-1080,-17152,27,25,-22,0
S,68010583,dn2,19,0,1500,1520,-216,-976,-17152,35,27,-26,0
S,68015583,dn2,19,0,1500,1520,-208,-888,-17208,35,20,-28,0
S,68020583,dn2,19,0,1500,1520,-144,-1072,-17096,39,22,-29,0
S,68025583,dn2,19,0,1500,1520,-256,-1008,-17040,34,14,-30,0
S,68030583,dn2,19,0,1500,1520,-168,-984,-17048,45,16,-29,0
S,68035583,dn2,19,0,1500,1520,-200,-992,-17096,42,16,-31,0
S,68040583,dn2,19,0,1500,1520,-208,-912,-17240,49,18,-27,0
S,68045583,dn2,19,0,1500,1520,-288,-944,-17208,43,13,-27,0
S,68050583,dn2,19,0,1500,1520,0,-952,-17232,40,21,-28,0
S,68055583,dn2,19,0,1500,1520,-232,-904,-17208,36,20,-24,0
S,68060583,dn2,19,0,1500,1520,-184,-912,-17136,36,28,-28,0
S,68065583,dn2,19,0,1500,1520,-192,-904,-17072,31,26,-28,0
S,68070583,dn2,19,0,1500,1520,-112,-984,-17072,36,28,-32,0
S,68075583,dn2,19,0,1500,1520,-168,-936,-17112,31,29,-31,0
S,68080583,dn2,19,0,1500,1520,-96,-928,-17048,34,21,-29,0
S,68085583,dn2,19,0,1500,1520,-136,-952,-17128,40,25,-30,0
S,68090583,dn2,19,0,1500,1520,-248,-1008,-17200,40,24,-26,0
S,68095583,dn2,19,0,1500,1520,-112,-1104,-17120,42,23,-33,0
S,68100583,dn2,19,0,1500,1520,-88,-912,-17184,41,12,-31,0
S,68105583,dn2,19,0,1500,1520,-144,-992,-17016,37,18,-29,0
E,68105686,dn2,20,0,1490,1520,,,,,,,0
S,68106318,dn2,20,0,1490,1520,-192,-944,-17200,36,13,-29,0
S,68111308,dn2,20,0,1490,1520,-40,-984,-17040,35,13,-32,0
S,68116307,dn2,20,0,1490,1520,152,-1184,-17088,36,13,-22,0
S,68121307,dn2,20,0,1490,1520,-2368,-1352,-17576,39,29,-34,0
S,68126307,dn2,20,0,1490,1520,-448,872,-17312,33,37,-42,0
S,68131307,dn2,20,0,1490,1520,1608,392,-17344,54,46,-25,0
S,68136307,dn2,20,0,1490,1520,-648,-2856,-17064,45,69,-27,0
S,68141307,dn2,20,0,1490,1520,736,288,-17160,39,84,-12,0
S,68146307,dn2,20,0,1490,1520,-232,-680,-17208,46,109,-29,0
S,68151307,dn2,20,0,1490,1520,8,-1192,-16880,58,116,-34,0
S,68156307,dn2,20,0,1490,1520,528,-1464,-17368,46,129,-33,0
S,68161307,dn2,20,0,1490,1520,96,-648,-17072,30,142,-33,0
S,68166308,dn2,20,0,1490,1520,608,0,-18184,22,180,17,0
S,68171308,dn2,20,0,1490,1520,320,-1192,-16056,33,168,-15,0
S,68176307,dn2,20,0,1490,1520,-1048,-2000,-18024,28,179,-31,0
S,68181307,dn2,20,0,1490,1520,456,-344,-16544,32,169,-32,0
S,68186307,dn2,20,0,1490,1520,-608,-872,-17640,31,158,-45,0
S,68191307,dn2,20,0,1490,1520,160,-1336,-16592,23,130,-41,0
S,68196307,dn2,20,0,1490,1520,-144,-848,-17456,21,97,-48,0
S,68201307,dn2,20,0,1490,1520,-272,-856,-16696,18,65,-30,0
S,68206307,dn2,20,0,1490,1520,-136,-1016,-17376,30,28,-37,0
S,68211307,dn2,20,0,1490,1520,0,-912,-16960,34,3,-28,0
S,68216307,dn2,20,0,1490,1520,-24,-1112,-17272,45,-22,-28,0
S,68221307,dn2,20,0,1490,1520,-24,-800,-17240,53,-36,-26,0
S,68226307,dn2,20,0,1490,1520,96,-1000,-17184,67,-41,-31,0
S,68231307,dn2,20,0,1490,1520,-48,-1096,-17432,61,-30,-22,0
S,68236307,dn2,20,0,1490,1520,112,-992,-16976,59,-27,-24,0
S,68241307,dn2,20,0,1490,1520,-184,-928,-17336,60,-7,-32,0
S,68246307,dn2,20,0,1490,1520,40,-840,-16648,45,14,-30,0
S,68251307,dn2,20,0,1490,1520,-8,-896,-17064,37,21,-28,0
S,68256307,dn2,20,0,1490,1520,8,-872,-17032,25,46,-23,0
S,68261307,dn2,20,0,1490,1520,-72,-888,-16952,20,55,-32,0
S,68266307,dn2,20,0,1490,1520,16,-904,-17176,21,62,-29,0
S,68271307,dn2,20,0,1490,1520,-136,-1016,-17128,20,57,-30,0
S,68276307,dn2,20,0,1490,1520,40,-920,-16992,30,56,-31,0
S,68281307,dn2,20,0,1490,1520,-176,-952,-16976,34,32,-29,0
S,68286307,dn2,20,0,1490,1520,96,-1072,-17256,44,28,-27,0
S,68291307,dn2,20,0,1490,1520,-128,-832,-17160,47,15,-29,0
S,68296307,dn2,20,0,1490,1520,56,-896,-17224,49,0,-27,0
S,68301307,dn2,20,0,1490,1520,-32,-960,-17008,48,-3,-28,0
S,68306307,dn2,20,0,1490,1520,8,-1064,-17104,44,-8,-33,0
S,68311307,dn2,20,0,1490,1520,192,-1048,-17112,41,-5,-31,0
S,68316307,dn2,20,0,1490,1520,-144,-1072,-17144,41,0,-26,0
S,68321307,dn2,20,0,1490,1520,-16,-968,-17176,33,20,-25,0
S,68326308,dn2,20,0,1490,1520,32,-1024,-17120,36,28,-26,0
S,68331307,dn2,20,0,1490,1520,72,-944,-17168,33,36,-26,0
S,68336308,dn2,20,0,1490,1520,48,-1008,-16944,38,43,-28,0
S,68341307,dn2,20,0,1490,1520,-48,-960,-17008,33,47,-34,0
S,68346307,dn2,20,0,1490,1520,8,-928,-17048,31,48,-33,0
S,68351307,dn2,20,0,1490,1520,64,-920,-17096,35,45,-30,0
S,68356307,dn2,20,0,1490,1520,-96,-928,-17064,32,36,-29,0
S,68361307,dn2,20,0,1490,1520,56,-960,-17120,37,20,-27,0
S,68366307,dn2,20,0,1490,1520,-48,-824,-17184,41,14,-27,0
S,68371308,dn2,20,0,1490,1520,88,-1072,-17024,45,12,-30,0
S,68376307,dn2,20,0,1490,1520,8,-968,-17104,44,5,-31,0
S,68381307,dn2,20,0,1490,1520,-128,-976,-17120,44,-1,-20,0
S,68386307,dn2,20,0,1490,1520,-16,-864,-17216,46,14,-29,0
S,68391307,dn2,20,0,1490,1520,-112,-1008,-17072,40,13,-31,0
S,68396307,dn2,20,0,1490,1520,-8,-1144,-17136,41,16,-34,0
S,68401307,dn2,20,0,1490,1520,48,-904,-17088,40,25,-33,0
S,68406307,dn2,20,0,1490,1520,-128,-936,-17200,32,29,-30,0
S,68411307,dn2,20,0,1490,1520,-72,-944,-17144,34,39,-30,0
S,68416307,dn2,20,0,1490,1520,-104,-960,-17248,33,34,-31,0
S,68421307,dn2,20,0,1490,1520,-16,-1008,-17160,24,32,-33,0
S,68426307,dn2,20,0,1490,1520,-56,-864,-17128,32,31,-29,0
S,68431308,dn2,20,0,1490,1520,8,-1032,-17104,35,21,-28,0
S,68436307,dn2,20,0,1490,1520,-16,-880,-17064,44,21,-25,0
S,68441307,dn2,20,0,1490,1520,-168,-976,-17048,50,22,-28,0
S,68446307,dn2,20,0,1490,1520,-120,-976,-17176,43,8,-30,0
S,68451307,dn2,20,0,1490,1520,-48,-840,-17152,48,16,-30,0
S,68456307,dn2,20,0,1490,1520,-176,-1064,-17104,39,14,-31,0
S,68461307,dn2,20,0,1490,1520,-72,-1056,-17144,32,9,-27,0
S,68466307,dn2,20,0,1490,1520,-120,-1048,-17080,42,16,-27,0
S,68471307,dn2,20,0,1490,1520,-64,-968,-17120,38,19,-28,0
S,68476307,dn2,20,0,1490,1520,-24,-920,-17192,38,28,-29,0
S,68481307,dn2,20,0,1490,1520,0,-1080,-17024,35,32,-31,0
S,68486307,dn2,20,0,1490,1520,-8,-896,-17136,39,32,-25,0
S,68491307,dn2,20,0,1490,1520,40,-976,-17096,40,35,-26,0
S,68496307,dn2,20,0,1490,1520,-96,-920,-17096,34,35,-27,0
S,68501307,dn2,20,0,1490,1520,-32,-904,-17072,33,25,-30,0
S,68506307,dn2,20,0,1490,1520,-32,-968,-17152,35,27,-28,0
S,68511307,dn2,20,0,1490,1520,-8,-856,-17144,45,22,-35,0
S,68516307,dn2,20,0,1490,1520,-136,-936,-17056,35,20,-33,0
S,68521307,dn2,20,0,1490,1520,-32,-1032,-17080,42,19,-31,0
S,68526308,dn2,20,0,1490,1520,16,-1024,-17192,36,20,-29,0
S,68531307,dn2,20,0,1490,1520,-152,-1048,-17160,45,17,-34,0
S,68536307,dn2,20,0,1490,1520,48,-1024,-17184,45,15,-28,0
S,68541307,dn2,20,0,1490,1520,-32,-984,-17080,46,24,-25,0
S,68546307,dn2,20,0,1490,1520,-104,-992,-17176,43,23,-31,0
S,68551307,dn2,20,0,1490,1520,-96,-1040,-17040,34,25,-28,0
S,68556307,dn2,20,0,1490,1520,-8,-888,-17024,38,29,-34,0
S,68561307,dn2,20,0,1490,1520,64,-1008,-17176,35,28,-29,0
S,68566307,dn2,20,0,1490,1520,0,-1056,-17112,31,26,-34,0
S,68571307,dn2,20,0,1490,1520,-40,-976,-17064,36,29,-26,0
S,68576307,dn2,20,0,1490,1520,-64,-1000,-16968,36,24,-35,0
S,68581307,dn2,20,0,1490,1520,-56,-840,-17152,36,28,-29,0
S,68586307,dn2,20,0,1490,1520,32,-1160,-17040,39,19,-28,0
S,68591307,dn2,20,0,1490,1520,-128,-952,-17168,41,19,-26,0
S,68596307,dn2,20,0,1490,1520,-80,-1000,-17112,49,18,-28,0
S,68601308,dn2,20,0,1490,1520,48,-1016,-16976,37,22,-31,0
S,68606307,dn2,20,0,1490,1520,32,-904,-17032,38,20,-34,0
E,68606410,dn2,21,0,1480,1520,,,,,,,0
S,68607044,dn2,21,0,1480,1520,32,-904,-17032,39,18,-28,0
S,68612036,dn2,21,0,1480,1520,-56,-976,-16992,34,22,-31,0
S,68617035,dn2,21,0,1480,1520,-104,-912,-17264,34,22,-24,0
S,68622035,dn2,21,0,1480,1520,1496,-872,-17072,38,33,-34,0
S,68627035,dn2,21,0,1480,1520,968,-1448,-17096,44,52,-22,0
S,68632035,dn2,21,0,1480,1520,1784,-432,-17128,51,66,0,0
S,68637035,dn2,21,0,1480,1520,-584,-1928,-16992,55,91,-4,0
S,68642035,dn2,21,0,1480,1520,680,-1016,-17016,51,123,-28,0
S,68647035,dn2,21,0,1480,1520,760,-1816,-17080,62,163,-20,0
S,68652035,dn2,21,0,1480,1520,872,-40,-17976,46,218,-2,0
S,68657035,dn2,21,0,1480,1520,-1272,-2016,-15960,54,236,-48,0
S,68662035,dn2,21,0,1480,1520,-296,-184,-17384,57,234,-42,0
S,68667035,dn2,21,0,1480,1520,312,-872,-17040,20,262,-35,0
S,68672035,dn2,21,0,1480,1520,-792,-960,-17128,6,251,-44,0
S,68677035,dn2,21,0,1480,1520,200,-656,-16896,1,244,-42,0
S,68682035,dn2,21,0,1480,1520,32,-1232,-17432,1,232,-45,0
S,68687035,dn2,21,0,1480,1520,-216,-1016,-16928,16,216,-37,0
S,68692035,dn2,21,0,1480,1520,-16,-1088,-17024,28,180,-53,0
S,68697035,dn2,21,0,1480,1520,152,-856,-17016,32,145,-44,0
S,68702035,dn2,21,0,1480,1520,-120,-848,-17192,39,101,-53,0
S,68707035,dn2,21,0,1480,1520,104,-912,-17112,37,50,-41,0
S,68712035,dn2,21,0,1480,1520,104,-944,-17072,41,4,-31,0
S,68717035,dn2,21,0,1480,1520,232,-720,-17104,37,-30,-26,0
S,68722035,dn2,21,0,1480,1520,128,-920,-17104,37,-56,-19,0
S,68727035,dn2,21,0,1480,1520,216,-888,-17184,42,-67,-26,0
S,68732035,dn2,21,0,1480,1520,128,-1008,-17144,57,-58,-23,0
S,68737035,dn2,21,0,1480,1520,200,-1080,-17208,58,-49,-24,0
S,68742035,dn2,21,0,1480,1520,368,-952,-17064,62,-29,-22,0
S,68747035,dn2,21,0,1480,1520,8,-1040,-17008,63,-6,-24,0
S,68752035,dn2,21,0,1480,1520,152,-1000,-17096,52,19,-31,0
S,68757035,dn2,21,0,1480,1520,112,-912,-17080,46,34,-22,0
S,68762035,dn2,21,0,1480,1520,144,-976,-17048,26,53,-35,0
S,68767035,dn2,21,0,1480,1520,216,-880,-17032,7,59,-33,0
S,68772035,dn2,21,0,1480,1520,160,-1032,-17192,11,59,-24,0
S,68777035,dn2,21,0,1480,1520,192,-1008,-17144,16,60,-30,0
S,68782035,dn2,21,0,1480,1520,176,-936,-17112,22,56,-36,0
S,68787035,dn2,21,0,1480,1520,72,-952,-17136,36,42,-32,0
S,68792035,dn2,21,0,1480,1520,176,-1072,-17056,40,30,-28,0
S,68797035,dn2,21,0,1480,1520,280,-888,-17072,53,17,-26,0
S,68802035,dn2,21,0,1480,1520,40,-832,-17040,51,4,-30,0
S,68807035,dn2,21,0,1480,1520,216,-1096,-17232,52,-12,-24,0
S,68812035,dn2,21,0,1480,1520,80,-792,-17104,53,-10,-26,0
S,68817035,dn2,21,0,1480,1520,64,-1008,-17056,43,-6,-31,0
S,68822035,dn2,21,0,1480,1520,136,-904,-17000,40,-3,-19,0
S,68827035,dn2,21,0,1480,1520,136,-1000,-17016,39,17,-28,0
S,68832035,dn2,21,0,1480,1520,120,-976,-17080,31,22,-28,0
S,68837035,dn2,21,0,1480,1520,104,-1040,-16936,31,34,-30,0
S,68842035,dn2,21,0,1480,1520,176,-896,-17056,35,53,-32,0
S,68847035,dn2,21,0,1480,1520,128,-1040,-17056,36,49,-22,0
S,68852035,dn2,21,0,1480,1520,192,-984,-17120,38,49,-32,0
S,68857035,dn2,21,0,1480,1520,-24,-880,-16992,32,41,-33,0
S,68862035,dn2,21,0,1480,1520,128,-928,-17136,34,36,-32,0
S,68867035,dn2,21,0,1480,1520,152,-1080,-17216,36,26,-32,0
S,68872035,dn2,21,0,1480,1520,152,-904,-17112,34,16,-28,0
S,68877035,dn2,21,0,1480,1520,264,-984,-17080,41,9,-24,0
S,68882035,dn2,21,0,1480,1520,296,-968,-17056,46,5,-30,0
S,68887035,dn2,21,0,1480,1520,16,-968,-17088,46,5,-31,0
S,68892035,dn2,21,0,1480,1520,216,-992,-16992,51,5,-25,0
S,68897035,dn2,21,0,1480,1520,208,-1008,-17032,43,14,-33,0
S,68902035,dn2,21,0,1480,1520,240,-936,-17080,38,24,-31,0
S,68907035,dn2,21,0,1480,1520,120,-1040,-17104,43,29,-34,0
S,68912035,dn2,21,0,1480,1520,160,-808,-17016,37,35,-32,0
S,68917035,dn2,21,0,1480,1520,160,-1008,-17088,31,39,-30,0
S,68922035,dn2,21,0,1480,1520,144,-952,-17184,29,34,-26,0
S,68927035,dn2,21,0,1480,1520,240,-1008,-17088,27,37,-27,0
S,68932035,dn2,21,0,1480,1520,112,-952,-17136,29,29,-27,0
S,68937035,dn2,21,0,1480,1520,128,-1016,-17152,31,27,-32,0
S,68942035,dn2,21,0,1480,1520,56,-936,-17208,44,19,-25,0
S,68947035,dn2,21,0,1480,1520,120,-928,-17008,46,23,-27,0
S,68952035,dn2,21,0,1480,1520,136,-960,-17128,46,13,-32,0
S,68957035,dn2,21,0,1480,1520,112,-944,-17096,46,16,-32,0
S,68962035,dn2,21,0,1480,1520,112,-832,-17112,42,13,-29,0
S,68967035,dn2,21,0,1480,1520,120,-920,-17024,38,10,-28,0
S,68972035,dn2,21,0,1480,1520,-16,-1024,-16992,38,11,-31,0
S,68977035,dn2,21,0,1480,1520,184,-936,-17152,36,20,-24,0
S,68982035,dn2,21,0,1480,1520,64,-968,-17152,32,23,-28,0
S,68987035,dn2,21,0,1480,1520,160,-928,-17064,34,31,-27,0
S,68992035,dn2,21,0,1480,1520,160,-896,-17072,39,31,-27,0
S,68997035,dn2,21,0,1480,1520,232,-920,-17032,32,33,-35,0
S,69002035,dn2,21,0,1480,1520,120,-992,-17064,41,32,-27,0
S,69007035,dn2,21,0,1480,1520,224,-824,-17080,39,32,-33,0
S,69012035,dn2,21,0,1480,1520,176,-960,-17176,39,19,-33,0
S,69017035,dn2,21,0,1480,1520,104,-1048,-17048,35,22,-30,0
S,69022035,dn2,21,0,1480,1520,168,-904,-17128,36,18,-24,0
S,69027035,dn2,21,0,1480,1520,40,-984,-16984,35,16,-28,0
S,69032035,dn2,21,0,1480,1520,240,-896,-17160,42,14,-21,0
S,69037035,dn2,21,0,1480,1520,160,-776,-17104,38,20,-30,0
S,69042035,dn2,21,0,1480,1520,128,-952,-17144,41,18,-30,0
S,69047035,dn2,21,0,1480,1520,216,-1088,-17048,40,19,-32,0
S,69052035,dn2,21,0,1480,1520,96,-1120,-16968,43,24,-25,0
S,69057035,dn2,21,0,1480,1520,144,-968,-16992,37,24,-29,0
S,69062035,dn2,21,0,1480,1520,152,-888,-17168,39,31,-35,0
S,69067035,dn2,21,0,1480,1520,248,-1024,-17088,37,24,-26,0
S,69072035,dn2,21,0,1480,1520,128,-1064,-17104,37,28,-24,0
S,69077035,dn2,21,0,1480,1520,192,-1088,-17120,36,32,-29,0
S,69082035,dn2,21,0,1480,1520,224,-1016,-17152,40,24,-32,0
S,69087035,dn2,21,0,1480,1520,120,-976,-17040,40,21,-31,0
S,69092035,dn2,21,0,1480,1520,336,-1008,-17168,44,28,-28,0
S,69097035,dn2,21,0,1480,1520,232,-960,-17104,49,24,-26,0
S,69102035,dn2,21,0,1480,1520,120,-1008,-17120,37,22,-28,0
S,69107035,dn2,21,0,1480,1520,104,-976,-17056,43,17,-24,0
E,69107137,dn2,22,0,1470,1520,,,,,,,0
S,69107773,dn2,22,0,1470,1520,240,-952,-17088,43,17,-24,0
S,69112765,dn2,22,0,1470,1520,136,-944,-17112,42,23,-31,0
S,69117763,dn2,22,0,1470,1520,1160,-1056,-17000,40,24,-25,0
S,69122763,dn2,22,0,1470,1520,888,-1232,-17104,39,28,-4,0
S,69127763,dn2,22,0,1470,1520,-2680,-576,-17176,35,36,-47,0
S,69132764,dn2,22,0,1470,1520,1376,728,-17528,40,53,-38,0
S,69137763,dn2,22,0,1470,1520,16,-2192,-17240,48,76,-3,0
S,69142763,dn2,22,0,1470,1520,336,-1024,-17208,47,93,-7,0
S,69147763,dn2,22,0,1470,1520,432,-368,-16864,54,122,-26,0
S,69152763,dn2,22,0,1470,1520,400,-960,-17200,60,157,-24,0
S,69157763,dn2,22,0,1470,1520,1464,-1640,-16984,57,194,-26,0
S,69162763,dn2,22,0,1470,1520,-304,-856,-17088,42,203,-34,0
S,69167764,dn2,22,0,1470,1520,512,-384,-16968,33,224,-40,0
S,69172763,dn2,22,0,1470,1520,552,-1384,-17368,23,237,-29,0
S,69177763,dn2,22,0,1470,1520,-176,-1216,-17072,7,239,-43,0
S,69182763,dn2,22,0,1470,1520,272,-848,-16984,15,216,-40,0
S,69187763,dn2,22,0,1470,1520,296,-968,-17208,0,193,-50,0
S,69192763,dn2,22,0,1470,1520,16,-1072,-17000,0,152,-47,0
S,69197763,dn2,22,0,1470,1520,32,-1008,-17128,11,106,-53,0
S,69202763,dn2,22,0,1470,1520,360,-960,-17096,19,65,-50,0
S,69207763,dn2,22,0,1470,1520,360,-960,-17128,30,30,-31,0
S,69212763,dn2,22,0,1470,1520,312,-960,-16960,46,-13,-28,0
S,69217763,dn2,22,0,1470,1520,352,-824,-17136,58,-40,-32,0
S,69222763,dn2,22,0,1470,1520,432,-976,-17168,59,-61,-27,0
S,69227763,dn2,22,0,1470,1520,296,-992,-17152,62,-57,-21,0
S,69232763,dn2,22,0,1470,1520,312,-904,-17136,62,-52,-22,0
S,69237763,dn2,22,0,1470,1520,272,-880,-17000,61,-40,-25,0
S,69242763,dn2,22,0,1470,1520,264,-1048,-17016,50,-23,-21,0
S,69247763,dn2,22,0,1470,1520,360,-904,-17152,41,0,-23,0
S,69252764,dn2,22,0,1470,1520,272,-1032,-17136,26,23,-22,0
S,69257763,dn2,22,0,1470,1520,352,-1104,-17024,30,39,-27,0
S,69262763,dn2,22,0,1470,1520,176,-936,-17096,22,55,-33,0
S,69267763,dn2,22,0,1470,1520,232,-944,-17120,26,68,-27,0
S,69272764,dn2,22,0,1470,1520,256,-1016,-17016,33,66,-29,0
S,69277763,dn2,22,0,1470,1520,312,-1016,-17136,28,61,-33,0
S,69282764,dn2,22,0,1470,1520,392,-928,-17136,35,52,-30,0
S,69287764,dn2,22,0,1470,1520,360,-968,-17096,36,32,-26,0
S,69292764,dn2,22,0,1470,1520,320,-928,-17096,35,21,-27,0
S,69297764,dn2,22,0,1470,1520,272,-984,-17080,44,5,-32,0
S,69302763,dn2,22,0,1470,1520,264,-896,-17136,44,-6,-25,0
S,69307763,dn2,22,0,1470,1520,264,-856,-17160,40,-5,-31,0
S,69312763,dn2,22,0,1470,1520,376,-920,-17184,46,-11,-30,0
S,69317763,dn2,22,0,1470,1520,296,-1048,-17216,45,0,-27,0
S,69322763,dn2,22,0,1470,1520,256,-912,-17176,45,7,-27,0
S,69327763,dn2,22,0,1470,1520,328,-1000,-17184,47,20,-32,0
S,69332763,dn2,22,0,1470,1520,472,-1112,-17256,44,28,-30,0
S,69337763,dn2,22,0,1470,1520,288,-968,-17064,38,41,-30,0
S,69342763,dn2,22,0,1470,1520,360,-992,-16936,31,41,-27,0
S,69347763,dn2,22,0,1470,1520,232,-920,-17128,21,39,-36,0
S,69352763,dn2,22,0,1470,1520,272,-1000,-17160,27,37,-31,0
S,69357763,dn2,22,0,1470,1520,384,-912,-17024,32,32,-30,0
S,69362763,dn2,22,0,1470,1520,336,-1016,-17152,34,29,-28,0
S,69367763,dn2,22,0,1470,1520,376,-896,-17056,38,13,-29,0
S,69372764,dn2,22,0,1470,1520,312,-904,-17112,40,14,-32,0
S,69377763,dn2,22,0,1470,1520,368,-904,-17168,52,8,-28,0
S,69382763,dn2,22,0,1470,1520,288,-944,-17144,47,4,-30,0
S,69387763,dn2,22,0,1470,1520,320,-984,-17128,47,5,-32,0
S,69392763,dn2,22,0,1470,1520,288,-848,-17144,42,10,-34,0
S,69397764,dn2,22,0,1470,1520,264,-952,-17144,33,14,-27,0
S,69402764,dn2,22,0,1470,1520,320,-960,-17072,39,22,-23,0
S,69407763,dn2,22,0,1470,1520,504,-920,-17032,33,30,-26,0
S,69412763,dn2,22,0,1470,1520,232,-952,-17064,33,34,-32,0
S,69417763,dn2,22,0,1470,1520,264,-952,-17192,31,36,-35,0
S,69422764,dn2,22,0,1470,1520,312,-920,-17056,37,34,-25,0
S,69427764,dn2,22,0,1470,1520,240,-952,-17136,40,39,-32,0
S,69432763,dn2,22,0,1470,1520,400,-984,-16904,34,29,-23,0
S,69437763,dn2,22,0,1470,1520,352,-944,-17088,39,22,-30,0
S,69442763,dn2,22,0,1470,1520,336,-840,-17008,39,21,-29,0
S,69447763,dn2,22,0,1470,1520,344,-976,-17040,37,22,-30,0
S,69452764,dn2,22,0,1470,1520,344,-888,-17248,43,16,-32,0
S,69457763,dn2,22,0,1470,1520,216,-952,-17136,42,16,-29,0
S,69462763,dn2,22,0,1470,1520,280,-944,-17112,37,12,-27,0
S,69467763,dn2,22,0,1470,1520,376,-1064,-17016,46,21,-29,0
S,69472763,dn2,22,0,1470,1520,320,-848,-17016,41,20,-29,0
S,69477763,dn2,22,0,1470,1520,352,-1048,-17152,37,21,-25,0
S,69482764,dn2,22,0,1470,1520,256,-952,-17072,44,26,-29,0
S,69487764,dn2,22,0,1470,1520,304,-952,-17096,36,22,-30,0
S,69492763,dn2,22,0,1470,1520,304,-808,-17080,33,26,-29,0
S,69497763,dn2,22,0,1470,1520,272,-920,-17056,33,31,-24,0
S,69502763,dn2,22,0,1470,1520,344,-968,-17040,37,29,-29,0
S,69507763,dn2,22,0,1470,1520,416,-952,-17080,37,28,-31,0
S,69512763,dn2,22,0,1470,1520,168,-960,-17016,40,23,-30,0
S,69517763,dn2,22,0,1470,1520,312,-952,-17080,46,24,-29,0
S,69522764,dn2,22,0,1470,1520,360,-960,-17120,40,20,-27,0
S,69527763,dn2,22,0,1470,1520,248,-1048,-17056,43,18,-30,0
S,69532763,dn2,22,0,1470,1520,240,-1024,-17080,44,15,-28,0
S,69537763,dn2,22,0,1470,1520,328,-920,-17176,36,14,-32,0
S,69542763,dn2,22,0,1470,1520,312,-928,-17136,39,19,-26,0
S,69547763,dn2,22,0,1470,1520,312,-968,-17152,44,18,-26,0
S,69552764,dn2,22,0,1470,1520,208,-968,-17104,36,28,-33,0
S,69557763,dn2,22,0,1470,1520,264,-1104,-17064,38,27,-31,0
S,69562763,dn2,22,0,1470,1520,216,-936,-17016,37,25,-28,0
S,69567763,dn2,22,0,1470,1520,272,-968,-17152,37,32,-26,0
S,69572764,dn2,22,0,1470,1520,264,-968,-17176,39,25,-35,0
S,69577763,dn2,22,0,1470,1520,248,-960,-17240,38,32,-34,0
S,69582764,dn2,22,0,1470,1520,192,-1008,-17144,38,26,-24,0
S,69587763,dn2,22,0,1470,1520,320,-920,-17136,38,24,-31,0
S,69592763,dn2,22,0,1470,1520,296,-1032,-17128,37,21,-34,0
S,69597764,dn2,22,0,1470,1520,344,-936,-17152,39,23,-28,0
S,69602763,dn2,22,0,1470,1520,320,-944,-17016,37,22,-30,0
S,69607763,dn2,22,0,1470,1520,344,-936,-17040,39,18,-30,0
E,69607866,dn2,23,0,1460,1520,,,,,,,0
S,69608498,dn2,23,0,1460,1520,352,-992,-17048,29,17,-30,0
S,69613488,dn2,23,0,1460,1520,192,-856,-17128,42,19,-33,0
S,69618487,dn2,23,0,1460,1520,552,-1136,-17080,36,18,-21,0
S,69623487,dn2,23,0,1460,1520,1680,-1336,-17096,38,52,-27,0
S,69628487,dn2,23,0,1460,1520,-1856,-176,-17072,49,69,-42,0
S,69633487,dn2,23,0,1460,1520,-1648,-344,-17608,50,80,-24,0
S,69638487,dn2,23,0,1460,1520,792,-648,-17088,48,106,-17,0
S,69643487,dn2,23,0,1460,1520,-728,-968,-16952,60,145,-30,0
S,69648487,dn2,23,0,1460,1520,2264,-952,-17208,58,160,-1,0
S,69653487,dn2,23,0,1460,1520,-3624,-3080,-17256,40,203,-11,0
S,69658487,dn2,23,0,1460,1520,600,496,-17056,32,217,-33,0
S,69663487,dn2,23,0,1460,1520,-600,-552,-17016,35,246,-23,0
S,69668487,dn2,23,0,1460,1520,512,-1136,-17104,19,236,-29,0
S,69673487,dn2,23,0,1460,1520,-56,-808,-17136,7,238,-21,0
S,69678487,dn2,23,0,1460,1520,408,56,-16944,12,230,-42,0
S,69683487,dn2,23,0,1460,1520,856,-1448,-17200,18,231,-48,0
S,69688487,dn2,23,0,1460,1520,264,-1032,-17128,29,219,-37,0
S,69693487,dn2,23,0,1460,1520,360,-832,-17120,40,216,-45,0
S,69698487,dn2,23,0,1460,1520,560,-1048,-17168,52,202,-41,0
S,69703487,dn2,23,0,1460,1520,496,-1040,-17120,53,196,-39,0
S,69708487,dn2,23,0,1460,1520,296,-1024,-17048,49,177,-36,0
S,69713487,dn2,23,0,1460,1520,368,-912,-17072,45,146,-42,0
S,69718487,dn2,23,0,1460,1520,488,-864,-17064,31,105,-39,0
S,69723487,dn2,23,0,1460,1520,392,-960,-17064,16,72,-24,0
S,69728488,dn2,23,0,1460,1520,352,-888,-17088,10,34,-30,0
S,69733487,dn2,23,0,1460,1520,672,-920,-17168,16,3,-30,0
S,69738487,dn2,23,0,1460,1520,680,-992,-17016,29,-17,-25,0
S,69743487,dn2,23,0,1460,1520,528,-1008,-17064,42,-33,-29,0
S,69748487,dn2,23,0,1460,1520,552,-1032,-17104,57,-34,-27,0
S,69753487,dn2,23,0,1460,1520,656,-1048,-17112,71,-28,-27,0
S,69758487,dn2,23,0,1460,1520,584,-968,-17176,67,-10,-26,0
S,69763487,dn2,23,0,1460,1520,584,-960,-17096,73,-2,-28,0
S,69768487,dn2,23,0,1460,1520,488,-864,-17072,53,18,-27,0
S,69773487,dn2,23,0,1460,1520,648,-944,-17016,37,33,-34,0
S,69778487,dn2,23,0,1460,1520,496,-944,-17072,23,41,-32,0
S,69783487,dn2,23,0,1460,1520,536,-1000,-17080,17,51,-34,0
S,69788487,dn2,23,0,1460,1520,512,-1056,-17176,8,56,-27,0
S,69793487,dn2,23,0,1460,1520,568,-1072,-17192,12,51,-28,0
S,69798487,dn2,23,0,1460,1520,584,-992,-17144,22,50,-29,0
S,69803487,dn2,23,0,1460,1520,552,-984,-17136,36,40,-33,0
S,69808487,dn2,23,0,1460,1520,632,-936,-17168,46,33,-27,0
S,69813487,dn2,23,0,1460,1520,576,-1000,-17128,57,27,-29,0
S,69818487,dn2,23,0,1460,1520,568,-1136,-17136,59,19,-32,0
S,69823487,dn2,23,0,1460,1520,648,-928,-17176,51,8,-26,0
S,69828487,dn2,23,0,1460,1520,504,-800,-17128,47,11,-29,0
S,69833487,dn2,23,0,1460,1520,352,-968,-17136,35,5,-25,0
S,69838487,dn2,23,0,1460,1520,568,-1056,-17128,26,11,-26,0
S,69843487,dn2,23,0,1460,1520,520,-960,-17128,23,15,-22,0
S,69848487,dn2,23,0,1460,1520,592,-1008,-17080,29,19,-31,0
S,69853488,dn2,23,0,1460,1520,664,-984,-16992,32,26,-26,0
S,69858488,dn2,23,0,1460,1520,552,-1016,-17080,40,36,-29,0
S,69863487,dn2,23,0,1460,1520,688,-1056,-17080,40,38,-31,0
S,69868487,dn2,23,0,1460,1520,720,-960,-17000,44,40,-30,0
S,69873487,dn2,23,0,1460,1520,496,-904,-17024,42,38,-30,0
S,69878487,dn2,23,0,1460,1520,568,-856,-17056,35,31,-23,0
S,69883487,dn2,23,0,1460,1520,560,-984,-17024,29,22,-25,0
S,69888487,dn2,23,0,1460,1520,552,-912,-17136,30,15,-26,0
S,69893487,dn2,23,0,1460,1520,680,-904,-17112,29,9,-28,0
S,69898487,dn2,23,0,1460,1520,608,-1056,-16920,32,14,-22,0
S,69903487,dn2,23,0,1460,1520,552,-984,-17008,36,12,-25,0
S,69908487,dn2,23,0,1460,1520,416,-1040,-17136,44,12,-28,0
S,69913487,dn2,23,0,1460,1520,600,-904,-17272,48,17,-31,0
S,69918487,dn2,23,0,1460,1520,560,-976,-17232,50,21,-29,0
S,69923487,dn2,23,0,1460,1520,624,-1104,-17256,47,23,-24,0
S,69928487,dn2,23,0,1460,1520,552,-936,-17152,41,27,-29,0
S,69933488,dn2,23,0,1460,1520,600,-928,-17080,34,25,-25,0
S,69938487,dn2,23,0,1460,1520,584,-816,-17128,29,28,-27,0
S,69943487,dn2,23,0,1460,1520,592,-984,-17096,31,31,-34,0
S,69948487,dn2,23,0,1460,1520,640,-912,-17064,30,30,-27,0
S,69953488,dn2,23,0,1460,1520,400,-936,-17064,33,29,-31,0
S,69958487,dn2,23,0,1460,1520,536,-920,-17016,43,29,-30,0
S,69963487,dn2,23,0,1460,1520,608,-1024,-17056,46,31,-21,0
S,69968487,dn2,23,0,1460,1520,608,-888,-17064,49,27,-30,0
S,69973487,dn2,23,0,1460,1520,496,-1008,-17072,49,23,-32,0
S,69978487,dn2,23,0,1460,1520,560,-1040,-17056,33,17,-27,0
S,69983487,dn2,23,0,1460,1520,576,-976,-17192,34,16,-26,0
S,69988487,dn2,23,0,1460,1520,552,-1024,-16992,33,18,-29,0
S,69993487,dn2,23,0,1460,1520,608,-1080,-17160,32,15,-27,0
S,69998487,dn2,23,0,1460,1520,568,-952,-17024,35,18,-33,0
S,70003487,dn2,23,0,1460,1520,544,-920,-17048,35,23,-32,0
S,70008487,dn2,23,0,1460,1520,584,-1056,-16928,43,24,-29,0
S,70013487,dn2,23,0,1460,1520,608,-1040,-17064,41,29,-22,0
S,70018487,dn2,23,0,1460,1520,576,-960,-17176,44,33,-32,0
S,70023487,dn2,23,0,1460,1520,416,-1032,-17080,43,25,-33,0
S,70028488,dn2,23,0,1460,1520,616,-912,-17128,35,24,-32,0
S,70033488,dn2,23,0,1460,1520,568,-992,-17032,29,18,-29,0
S,70038487,dn2,23,0,1460,1520,544,-936,-16960,31,19,-29,0
S,70043487,dn2,23,0,1460,1520,512,-880,-16976,31,19,-31,0
S,70048487,dn2,23,0,1460,1520,536,-1032,-17040,37,12,-27,0
S,70053487,dn2,23,0,1460,1520,664,-984,-17264,44,19,-23,0
S,70058487,dn2,23,0,1460,1520,528,-1000,-17064,41,18,-25,0
S,70063487,dn2,23,0,1460,1520,584,-976,-17160,51,21,-32,0
S,70068487,dn2,23,0,1460,1520,568,-968,-17224,38,24,-30,0
S,70073487,dn2,23,0,1460,1520,552,-976,-17120,40,25,-27,0
S,70078487,dn2,23,0,1460,1520,536,-848,-17016,37,18,-28,0
S,70083487,dn2,23,0,1460,1520,664,-928,-17112,38,23,-28,0
S,70088487,dn2,23,0,1460,1520,520,-1016,-17104,34,26,-27,0
S,70093487,dn2,23,0,1460,1520,584,-904,-17288,30,24,-23,0
S,70098487,dn2,23,0,1460,1520,496,-920,-17112,37,31,-29,0
S,70103487,dn2,23,0,1460,1520,472,-896,-17040,37,24,-28,0
S,70108487,dn2,23,0,1460,1520,504,-848,-17112,47,25,-28,0
E,70108589,dn2,24,0,1450,1520,,,,,,,0
S,70109221,dn2,24,0,1450,1520,552,-896,-17160,40,26,-29,0
S,70114212,dn2,24,0,1450,1520,512,-936,-17144,44,26,-27,0
S,70119213,dn2,24,0,1450,1520,560,-848,-17112,43,21,-31,0
S,70124213,dn2,24,0,1450,1520,-1488,-1416,-17296,37,32,-33,0
S,70129212,dn2,24,0,1450,1520,-240,424,-17224,39,47,-49,0
S,70134212,dn2,24,0,1450,1520,1296,-3104,-16656,51,47,-28,0
S,70139213,dn2,24,0,1450,1520,-1576,-2984,-16960,38,62,-37,0
S,70144213,dn2,24,0,1450,1520,1576,792,-17072,44,71,-38,0
S,70149213,dn2,24,0,1450,1520,1064,-256,-17216,39,107,-24,0
S,70154212,dn2,24,0,1450,1520,760,-1480,-17224,39,124,-23,0
S,70159212,dn2,24,0,1450,1520,392,-1472,-17168,41,149,-21,0
S,70164212,dn2,24,0,1450,1520,936,-568,-16872,39,161,-26,0
S,70169212,dn2,24,0,1450,1520,-64,-536,-17488,45,196,-25,0
S,70174213,dn2,24,0,1450,1520,1024,-1272,-16800,51,205,-32,0
S,70179213,dn2,24,0,1450,1520,656,-1256,-17240,34,221,-36,0
S,70184212,dn2,24,0,1450,1520,120,-664,-17088,28,220,-38,0
S,70189212,dn2,24,0,1450,1520,536,-736,-17216,27,218,-44,0
S,70194212,dn2,24,0,1450,1520,768,-1152,-17088,17,191,-45,0
S,70199212,dn2,24,0,1450,1520,488,-784,-17160,10,156,-37,0
S,70204212,dn2,24,0,1450,1520,408,-928,-17000,5,120,-40,0
S,70209213,dn2,24,0,1450,1520,608,-960,-17088,12,78,-48,0
S,70214213,dn2,24,0,1450,1520,696,-1136,-17072,17,41,-31,0
S,70219212,dn2,24,0,1450,1520,616,-1000,-17200,33,-2,-34,0
S,70224212,dn2,24,0,1450,1520,792,-880,-17208,50,-29,-28,0
S,70229212,dn2,24,0,1450,1520,768,-1064,-17096,57,-49,-27,0
S,70234212,dn2,24,0,1450,1520,864,-968,-17184,67,-49,-31,0
S,70239212,dn2,24,0,1450,1520,792,-1048,-17040,63,-44,-26,0
S,70244212,dn2,24,0,1450,1520,704,-896,-17144,61,-32,-28,0
S,70249212,dn2,24,0,1450,1520,648,-992,-16960,55,-17,-25,0
S,70254213,dn2,24,0,1450,1520,728,-1064,-17128,47,5,-26,0
S,70259212,dn2,24,0,1450,1520,768,-1016,-17120,31,35,-22,0
S,70264212,dn2,24,0,1450,1520,632,-1104,-17048,23,46,-22,0
S,70269213,dn2,24,0,1450,1520,784,-1008,-17128,16,58,-29,0
S,70274213,dn2,24,0,1450,1520,632,-1008,-16968,16,67,-30,0
S,70279212,dn2,24,0,1450,1520,768,-832,-17120,20,69,-36,0
S,70284212,dn2,24,0,1450,1520,728,-1112,-17016,27,61,-28,0
S,70289212,dn2,24,0,1450,1520,816,-976,-16984,27,47,-29,0
S,70294213,dn2,24,0,1450,1520,808,-936,-17056,45,30,-30,0
S,70299212,dn2,24,0,1450,1520,824,-856,-17128,48,13,-25,0
S,70304213,dn2,24,0,1450,1520,752,-912,-17008,50,0,-30,0
S,70309212,dn2,24,0,1450,1520,800,-1064,-17056,49,-6,-31,0
S,70314212,dn2,24,0,1450,1520,728,-1016,-17200,50,-11,-26,0
S,70319213,dn2,24,0,1450,1520,752,-960,-16984,45,-9,-26,0
S,70324213,dn2,24,0,1450,1520,800,-896,-17040,42,1,-29,0
S,70329213,dn2,24,0,1450,1520,808,-976,-17112,43,12,-30,0
S,70334213,dn2,24,0,1450,1520,680,-1000,-17024,42,28,-30,0
S,70339212,dn2,24,0,1450,1520,768,-1024,-17184,38,37,-31,0
S,70344213,dn2,24,0,1450,1520,592,-1000,-17176,26,41,-26,0
S,70349213,dn2,24,0,1450,1520,624,-1016,-17112,29,43,-33,0
S,70354213,dn2,24,0,1450,1520,656,-984,-17096,29,49,-29,0
S,70359213,dn2,24,0,1450,1520,640,-936,-17072,28,37,-33,0
S,70364213,dn2,24,0,1450,1520,704,-1048,-17016,27,33,-27,0
S,70369212,dn2,24,0,1450,1520,776,-888,-17040,31,26,-30,0
S,70374212,dn2,24,0,1450,1520,680,-1032,-17064,39,15,-26,0
S,70379213,dn2,24,0,1450,1520,816,-848,-17032,38,7,-29,0
S,70384213,dn2,24,0,1450,1520,680,-1000,-17056,48,4,-27,0
S,70389212,dn2,24,0,1450,1520,656,-872,-16992,50,5,-25,0
S,70394212,dn2,24,0,1450,1520,672,-840,-17048,43,8,-30,0
S,70399212,dn2,24,0,1450,1520,608,-824,-17152,43,10,-26,0
S,70404212,dn2,24,0,1450,1520,736,-824,-17104,43,23,-26,0
S,70409212,dn2,24,0,1450,1520,760,-944,-16952,39,25,-27,0
S,70414212,dn2,24,0,1450,1520,688,-992,-17088,32,32,-31,0
S,70419213,dn2,24,0,1450,1520,688,-976,-17144,32,30,-32,0
S,70424213,dn2,24,0,1450,1520,616,-968,-17120,34,35,-30,0
S,70429212,dn2,24,0,1450,1520,760,-976,-17144,34,38,-27,0
S,70434212,dn2,24,0,1450,1520,832,-912,-17256,39,32,-27,0
S,70439213,dn2,24,0,1450,1520,680,-856,-16976,36,24,-33,0
S,70444213,dn2,24,0,1450,1520,608,-984,-17056,39,22,-24,0
S,70449212,dn2,24,0,1450,1520,656,-904,-17072,45,22,-31,0
S,70454213,dn2,24,0,1450,1520,632,-912,-17032,43,16,-23,0
S,70459212,dn2,24,0,1450,1520,576,-984,-17088,33,13,-33,0
S,70464212,dn2,24,0,1450,1520,760,-880,-17120,41,6,-32,0
S,70469213,dn2,24,0,1450,1520,728,-1016,-16960,43,19,-28,0
S,70474213,dn2,24,0,1450,1520,600,-912,-17080,44,20,-32,0
S,70479212,dn2,24,0,1450,1520,880,-1040,-17040,38,15,-29,0
S,70484213,dn2,24,0,1450,1520,824,-1040,-17080,42,27,-27,0
S,70489212,dn2,24,0,1450,1520,648,-872,-17032,36,30,-29,0
S,70494212,dn2,24,0,1450,1520,728,-936,-17000,39,31,-25,0
S,70499212,dn2,24,0,1450,1520,720,-1040,-16984,35,29,-25,0
S,70504212,dn2,24,0,1450,1520,672,-872,-17032,36,25,-33,0
S,70509212,dn2,24,0,1450,1520,832,-928,-16984,33,34,-33,0
S,70514213,dn2,24,0,1450,1520,696,-896,-17112,33,24,-28,0
S,70519212,dn2,24,0,1450,1520,688,-864,-17072,35,26,-28,0
S,70524212,dn2,24,0,1450,1520,808,-856,-17048,38,22,-32,0
S,70529212,dn2,24,0,1450,1520,760,-920,-17120,34,22,-26,0
S,70534213,dn2,24,0,1450,1520,736,-1096,-17160,39,15,-24,0
S,70539212,dn2,24,0,1450,1520,672,-952,-17000,44,14,-29,0
S,70544213,dn2,24,0,1450,1520,752,-880,-17136,39,19,-30,0
S,70549212,dn2,24,0,1450,1520,688,-944,-17008,37,18,-28,0
S,70554213,dn2,24,0,1450,1520,616,-944,-17152,40,26,-32,0
S,70559213,dn2,24,0,1450,1520,640,-1080,-17080,37,24,-24,0
S,70564213,dn2,24,0,1450,1520,728,-992,-16992,36,20,-26,0
S,70569212,dn2,24,0,1450,1520,744,-912,-17032,32,23,-28,0
S,70574212,dn2,24,0,1450,1520,728,-840,-17040,37,23,-30,0
S,70579213,dn2,24,0,1450,1520,696,-832,-17104,40,28,-31,0
S,70584213,dn2,24,0,1450,1520,736,-936,-17104,38,22,-30,0
S,70589213,dn2,24,0,1450,1520,672,-984,-17152,35,24,-26,0
S,70594213,dn2,24,0,1450,1520,656,-984,-17088,39,24,-30,0
S,70599212,dn2,24,0,1450,1520,784,-928,-17032,36,20,-22,0
S,70604212,dn2,24,0,1450,1520,680,-1016,-17128,38,22,-30,0
S,70609212,dn2,24,0,1450,1520,792,-912,-17024,37,21,-26,0
E,70609316,dn2,25,0,1440,1520,,,,,,,0
S,70609948,dn2,25,0,1440,1520,744,-880,-17160,38,19,-30,0
S,70614939,dn2,25,0,1440,1520,848,-912,-16952,39,28,-28,0
S,70619937,dn2,25,0,1440,1520,1720,-1112,-16984,36,17,-33,0
S,70624937,dn2,25,0,1440,1520,1240,-976,-16960,35,36,-26,0
S,70629937,dn2,25,0,1440,1520,664,-2376,-16976,42,52,-27,0
S,70634938,dn2,25,0,1440,1520,2584,624,-17176,46,59,1,0
S,70639937,dn2,25,0,1440,1520,-1160,-1896,-16784,41,84,-14,0
S,70644937,dn2,25,0,1440,1520,1128,-72,-17096,52,132,-31,0
S,70649937,dn2,25,0,1440,1520,1456,-1496,-17376,51,172,-9,0
S,70654937,dn2,25,0,1440,1520,376,-1296,-16680,55,195,-17,0
S,70659937,dn2,25,0,1440,1520,1536,344,-16840,52,236,-30,0
S,70664937,dn2,25,0,1440,1520,712,-1808,-16984,44,257,-36,0
S,70669938,dn2,25,0,1440,1520,912,-1240,-17104,37,267,-39,0
S,70674937,dn2,25,0,1440,1520,680,-744,-17000,18,262,-46,0
S,70679937,dn2,25,0,1440,1520,568,-752,-17176,8,252,-52,0
S,70684937,dn2,25,0,1440,1520,680,-1144,-16864,-10,214,-50,0
S,70689937,dn2,25,0,1440,1520,600,-880,-17320,-12,177,-49,0
S,70694937,dn2,25,0,1440,1520,656,-1064,-17032,-6,138,-60,0
S,70699937,dn2,25,0,1440,1520,776,-864,-17184,7,97,-52,0
S,70704938,dn2,25,0,1440,1520,960,-976,-16960,30,48,-43,0
S,70709938,dn2,25,0,1440,1520,744,-936,-17088,46,14,-31,0
S,70714937,dn2,25,0,1440,1520,984,-856,-17008,57,-16,-31,0
S,70719937,dn2,25,0,1440,1520,992,-992,-17120,65,-47,-27,0
S,70724937,dn2,25,0,1440,1520,872,-1024,-17024,64,-56,-21,0
S,70729937,dn2,25,0,1440,1520,920,-784,-16992,57,-61,-22,0
S,70734937,dn2,25,0,1440,1520,808,-1048,-17056,49,-40,-13,0
S,70739937,dn2,25,0,1440,1520,904,-976,-17072,50,-29,-20,0
S,70744937,dn2,25,0,1440,1520,1032,-920,-16952,41,-6,-19,0
S,70749937,dn2,25,0,1440,1520,840,-912,-16856,35,6,-27,0
S,70754937,dn2,25,0,1440,1520,856,-952,-17104,28,35,-27,0
S,70759938,dn2,25,0,1440,1520,968,-944,-17064,27,51,-32,0
S,70764937,dn2,25,0,1440,1520,880,-800,-17032,25,65,-27,0
S,70769937,dn2,25,0,1440,1520,856,-976,-17024,25,67,-33,0
S,70774937,dn2,25,0,1440,1520,968,-976,-16976,30,63,-30,0
S,70779937,dn2,25,0,1440,1520,1000,-1040,-17088,29,51,-31,0
S,70784937,dn2,25,0,1440,1520,848,-936,-17056,29,41,-33,0
S,70789937,dn2,25,0,1440,1520,944,-1016,-17000,27,22,-28,0
S,70794937,dn2,25,0,1440,1520,792,-872,-17016,43,7,-28,0
S,70799937,dn2,25,0,1440,1520,880,-1008,-17112,47,0,-29,0
S,70804937,dn2,25,0,1440,1520,888,-864,-16984,47,5,-30,0
S,70809937,dn2,25,0,1440,1520,952,-928,-17064,47,-10,-31,0
S,70814938,dn2,25,0,1440,1520,976,-888,-17096,60,4,-31,0
S,70819937,dn2,25,0,1440,1520,840,-984,-17056,42,7,-24,0
S,70824937,dn2,25,0,1440,1520,920,-880,-17152,41,21,-28,0
S,70829937,dn2,25,0,1440,1520,856,-944,-17072,33,31,-26,0
S,70834937,dn2,25,0,1440,1520,920,-880,-17112,33,34,-32,0
S,70839937,dn2,25,0,1440,1520,976,-936,-17088,30,42,-26,0
S,70844937,dn2,25,0,1440,1520,832,-1080,-17136,28,43,-33,0
S,70849937,dn2,25,0,1440,1520,920,-1008,-17032,30,45,-25,0
S,70854937,dn2,25,0,1440,1520,832,-936,-17048,37,37,-33,0
S,70859937,dn2,25,0,1440,1520,840,-992,-17128,38,31,-33,0
S,70864937,dn2,25,0,1440,1520,816,-832,-17064,47,21,-32,0
S,70869937,dn2,25,0,1440,1520,896,-960,-16992,49,18,-31,0
S,70874937,dn2,25,0,1440,1520,984,-872,-17016,41,8,-25,0
S,70879937,dn2,25,0,1440,1520,720,-1032,-17072,41,11,-29,0
S,70884937,dn2,25,0,1440,1520,864,-920,-17016,42,12,-34,0
S,70889937,dn2,25,0,1440,1520,832,-864,-17008,39,8,-22,0
S,70894937,dn2,25,0,1440,1520,824,-976,-17040,32,16,-25,0
S,70899937,dn2,25,0,1440,1520,840,-992,-17104,43,17,-31,0
S,70904937,dn2,25,0,1440,1520,920,-1064,-17048,40,29,-28,0
S,70909937,dn2,25,0,1440,1520,912,-976,-17096,35,24,-24,0
S,70914938,dn2,25,0,1440,1520,880,-960,-17080,38,37,-27,0
S,70919937,dn2,25,0,1440,1520,832,-1080,-16952,37,29,-29,0
S,70924937,dn2,25,0,1440,1520,880,-944,-17136,36,35,-33,0
S,70929937,dn2,25,0,1440,1520,896,-880,-17064,32,26,-33,0
S,70934937,dn2,25,0,1440,1520,728,-1024,-17000,36,21,-28,0
S,70939937,dn2,25,0,1440,1520,928,-1096,-17112,34,17,-32,0
S,70944937,dn2,25,0,1440,1520,872,-1056,-17216,38,15,-28,0
S,70949937,dn2,25,0,1440,1520,992,-992,-17088,37,14,-26,0
S,70954937,dn2,25,0,1440,1520,840,-904,-17024,42,13,-39,0
S,70959937,dn2,25,0,1440,1520,864,-904,-17056,38,14,-32,0
S,70964937,dn2,25,0,1440,1520,904,-936,-17040,45,15,-21,0
S,70969937,dn2,25,0,1440,1520,768,-1000,-17040,40,23,-26,0
S,70974937,dn2,25,0,1440,1520,896,-1000,-17080,35,28,-31,0
S,70979937,dn2,25,0,1440,1520,920,-840,-17184,43,30,-27,0
S,70984937,dn2,25,0,1440,1520,872,-896,-17152,39,29,-30,0
S,70989937,dn2,25,0,1440,1520,840,-984,-17168,36,26,-30,0
S,70994937,dn2,25,0,1440,1520,856,-904,-17192,34,26,-27,0
S,70999937,dn2,25,0,1440,1520,928,-872,-16984,37,23,-29,0
S,71004937,dn2,25,0,1440,1520,896,-936,-17040,36,24,-23,0
S,71009938,dn2,25,0,1440,1520,1016,-992,-17072,38,23,-28,0
S,71014937,dn2,25,0,1440,1520,784,-928,-17088,48,22,-26,0
S,71019937,dn2,25,0,1440,1520,880,-1112,-17072,42,26,-26,0
S,71024937,dn2,25,0,1440,1520,912,-984,-17128,42,19,-32,0
S,71029937,dn2,25,0,1440,1520,832,-936,-17088,40,20,-29,0
S,71034937,dn2,25,0,1440,1520,936,-960,-17056,40,13,-29,0
S,71039937,dn2,25,0,1440,1520,856,-896,-17256,37,21,-25,0
S,71044937,dn2,25,0,1440,1520,896,-848,-17104,34,19,-22,0
S,71049938,dn2,25,0,1440,1520,816,-848,-16920,36,20,-28,0
S,71054937,dn2,25,0,1440,1520,856,-920,-17072,38,24,-26,0
S,71059938,dn2,25,0,1440,1520,936,-904,-17128,32,34,-29,0
S,71064937,dn2,25,0,1440,1520,952,-984,-17168,43,25,-34,0
S,71069937,dn2,25,0,1440,1520,736,-960,-17040,40,27,-29,0
S,71074937,dn2,25,0,1440,1520,856,-1008,-17200,36,26,-31,0
S,71079937,dn2,25,0,1440,1520,800,-960,-17040,38,23,-30,0
S,71084937,dn2,25,0,1440,1520,920,-800,-16984,36,20,-26,0
S,71089937,dn2,25,0,1440,1520,952,-1056,-17176,39,17,-27,0
S,71094937,dn2,25,0,1440,1520,848,-936,-17104,37,19,-27,0
S,71099937,dn2,25,0,1440,1520,768,-904,-17120,34,23,-36,0
S,71104938,dn2,25,0,1440,1520,944,-848,-17072,45,16,-33,0
S,71109938,dn2,25,0,1440,1520,984,-952,-17048,41,23,-29,0
E,71110043,dn2,26,0,1430,1520,,,,,,,0
S,71110679,dn2,26,0,1430,1520,792,-816,-17080,47,20,-33,0
S,71115668,dn2,26,0,1430,1520,888,-984,-17064,39,20,-30,0
S,71120668,dn2,26,0,1430,1520,1416,-1160,-17016,37,27,-31,0
S,71125668,dn2,26,0,1430,1520,1424,-944,-17128,37,36,-22,0
S,71130669,dn2,26,0,1430,1520,1592,-840,-17200,38,67,4,0
S,71135668,dn2,26,0,1430,1520,-1272,-2192,-16560,53,74,-43,0
S,71140668,dn2,26,0,1430,1520,2656,-176,-16960,57,89,-11,0
S,71145668,dn2,26,0,1430,1520,-456,-584,-16960,52,104,-24,0
S,71150668,dn2,26,0,1430,1520,-184,-1728,-16904,47,120,-44,0
S,71155668,dn2,26,0,1430,1520,2352,-464,-17176,34,129,-39,0
S,71160669,dn2,26,0,1430,1520,1056,-1664,-17224,24,139,-23,0
S,71165668,dn2,26,0,1430,1520,1272,-1168,-16360,22,165,-34,0
S,71170668,dn2,26,0,1430,1520,456,-624,-17488,36,186,-36,0
S,71175668,dn2,26,0,1430,1520,1032,-1192,-16896,38,210,-23,0
S,71180668,dn2,26,0,1430,1520,824,-952,-17256,51,228,-31,0
S,71185668,dn2,26,0,1430,1520,944,-912,-16944,51,247,-40,0
S,71190668,dn2,26,0,1430,1520,616,-1240,-16864,46,241,-41,0
S,71195668,dn2,26,0,1430,1520,1200,-656,-16952,30,241,-40,0
S,71200668,dn2,26,0,1430,1520,576,-848,-17024,13,217,-45,0
S,71205668,dn2,26,0,1430,1520,896,-784,-17008,7,187,-49,0
S,71210668,dn2,26,0,1430,1520,848,-1008,-17120,-6,151,-50,0
S,71215668,dn2,26,0,1430,1520,824,-1000,-17048,1,117,-57,0
S,71220668,dn2,26,0,1430,1520,1072,-904,-17048,8,74,-51,0
S,71225668,dn2,26,0,1430,1520,1104,-1000,-17064,31,45,-37,0
S,71230668,dn2,26,0,1430,1520,1016,-1072,-17072,47,11,-27,0
S,71235668,dn2,26,0,1430,1520,1088,-856,-17040,55,-9,-23,0
S,71240668,dn2,26,0,1430,1520,1096,-728,-17056,60,-34,-29,0
S,71245668,dn2,26,0,1430,1520,1160,-1024,-17064,56,-47,-28,0
S,71250668,dn2,26,0,1430,1520,1136,-1040,-16992,60,-40,-27,0
S,71255668,dn2,26,0,1430,1520,1056,-936,-17008,51,-35,-16,0
S,71260668,dn2,26,0,1430,1520,1024,-992,-17008,43,-24,-17,0
S,71265668,dn2,26,0,1430,1520,1160,-968,-17016,36,-5,-23,0
S,71270668,dn2,26,0,1430,1520,1096,-944,-17056,31,11,-27,0
S,71275668,dn2,26,0,1430,1520,1088,-912,-17072,24,38,-28,0
S,71280668,dn2,26,0,1430,1520,992,-1080,-17136,30,46,-25,0
S,71285668,dn2,26,0,1430,1520,1016,-904,-17000,30,55,-29,0
S,71290668,dn2,26,0,1430,1520,1096,-960,-17040,30,60,-32,0
S,71295668,dn2,26,0,1430,1520,1144,-920,-17096,32,56,-31,0
S,71300668,dn2,26,0,1430,1520,1064,-1064,-17080,37,50,-29,0
S,71305668,dn2,26,0,1430,1520,912,-856,-17128,35,34,-33,0
S,71310668,dn2,26,0,1430,1520,1120,-976,-17008,33,19,-29,0
S,71315668,dn2,26,0,1430,1520,1072,-784,-17048,33,12,-32,0
S,71320668,dn2,26,0,1430,1520,1152,-968,-17056,42,1,-21,0
S,71325668,dn2,26,0,1430,1520,1216,-1032,-17104,41,-3,-32,0
S,71330668,dn2,26,0,1430,1520,1080,-992,-17008,43,0,-28,0
S,71335668,dn2,26,0,1430,1520,1112,-1032,-17064,47,4,-28,0
S,71340668,dn2,26,0,1430,1520,1032,-968,-17056,46,11,-23,0
S,71345668,dn2,26,0,1430,1520,1072,-864,-17032,40,18,-25,0
S,71350668,dn2,26,0,1430,1520,1184,-816,-17096,42,33,-25,0
S,71355668,dn2,26,0,1430,1520,1144,-880,-17024,38,34,-33,0
S,71360668,dn2,26,0,1430,1520,1040,-944,-17040,28,33,-30,0
S,71365668,dn2,26,0,1430,1520,1184,-944,-17104,28,38,-34,0
S,71370668,dn2,26,0,1430,1520,1000,-944,-17056,26,36,-28,0
S,71375668,dn2,26,0,1430,1520,1112,-984,-17040,33,36,-34,0
S,71380668,dn2,26,0,1430,1520,1128,-1008,-17024,37,26,-27,0
S,71385668,dn2,26,0,1430,1520,1096,-880,-17184,41,23,-28,0
S,71390668,dn2,26,0,1430,1520,1008,-808,-17096,41,20,-28,0
S,71395668,dn2,26,0,1430,1520,880,-992,-17216,41,12,-31,0
S,71400668,dn2,26,0,1430,1520,1024,-968,-17080,46,17,-22,0
S,71405668,dn2,26,0,1430,1520,1016,-832,-17056,45,17,-27,0
S,71410668,dn2,26,0,1430,1520,1016,-992,-17080,44,16,-24,0
S,71415668,dn2,26,0,1430,1520,1008,-984,-17072,32,21,-23,0
S,71420668,dn2,26,0,1430,1520,1096,-944,-17184,35,24,-24,0
S,71425668,dn2,26,0,1430,1520,1112,-984,-17040,35,27,-25,0
S,71430668,dn2,26,0,1430,1520,1104,-976,-17168,34,28,-33,0
S,71435668,dn2,26,0,1430,1520,1152,-984,-17112,37,32,-31,0
S,71440668,dn2,26,0,1430,1520,1072,-1000,-17080,39,30,-34,0
S,71445668,dn2,26,0,1430,1520,976,-1080,-17024,37,31,-27,0
S,71450668,dn2,26,0,1430,1520,1056,-1024,-17184,41,19,-28,0
S,71455668,dn2,26,0,1430,1520,1144,-864,-17144,33,18,-32,0
S,71460668,dn2,26,0,1430,1520,1104,-1032,-17120,35,18,-33,0
S,71465668,dn2,26,0,1430,1520,928,-936,-17048,33,14,-28,0
S,71470668,dn2,26,0,1430,1520,1000,-904,-17168,34,19,-26,0
S,71475668,dn2,26,0,1430,1520,1160,-992,-17152,35,15,-32,0
S,71480668,dn2,26,0,1430,1520,960,-984,-17088,34,25,-32,0
S,71485668,dn2,26,0,1430,1520,1080,-904,-17032,40,22,-28,0
S,71490668,dn2,26,0,1430,1520,1088,-944,-17176,38,21,-28,0
S,71495668,dn2,26,0,1430,1520,1184,-984,-17112,38,25,-36,0
S,71500668,dn2,26,0,1430,1520,1136,-984,-17064,35,31,-29,0
S,71505668,dn2,26,0,1430,1520,1104,-976,-17040,36,30,-27,0
S,71510668,dn2,26,0,1430,1520,1048,-1024,-17024,32,29,-24,0
S,71515668,dn2,26,0,1430,1520,1088,-912,-17032,32,28,-28,0
S,71520668,dn2,26,0,1430,1520,1144,-936,-16984,30,24,-25,0
S,71525668,dn2,26,0,1430,1520,1056,-976,-17064,29,19,-28,0
S,71530668,dn2,26,0,1430,1520,1192,-952,-17080,39,29,-33,0
S,71535668,dn2,26,0,1430,1520,1064,-968,-17008,38,22,-23,0
S,71540668,dn2,26,0,1430,1520,1144,-992,-17040,45,16,-31,0
S,71545668,dn2,26,0,1430,1520,1208,-784,-17024,40,17,-26,0
S,71550668,dn2,26,0,1430,1520,1128,-928,-17112,36,25,-27,0
S,71555668,dn2,26,0,1430,1520,1080,-920,-17112,31,17,-28,0
S,71560668,dn2,26,0,1430,1520,1008,-888,-17208,32,22,-28,0
S,71565668,dn2,26,0,1430,1520,1016,-864,-17008,30,22,-24,0
S,71570668,dn2,26,0,1430,1520,1032,-1032,-17016,37,19,-29,0
S,71575668,dn2,26,0,1430,1520,1104,-944,-17040,36,23,-29,0
S,71580668,dn2,26,0,1430,1520,1064,-992,-17088,39,23,-32,0
S,71585668,dn2,26,0,1430,1520,1032,-872,-16952,37,27,-31,0
S,71590668,dn2,26,0,1430,1520,1096,-904,-16976,38,22,-33,0
S,71595668,dn2,26,0,1430,1520,1104,-864,-17128,40,23,-30,0
S,71600668,dn2,26,0,1430,1520,1136,-880,-17056,34,27,-30,0
S,71605668,dn2,26,0,1430,1520,1016,-832,-17144,38,23,-32,0
S,71610668,dn2,26,0,1430,1520,992,-1072,-17120,37,20,-29,0
E,71610772,dn2,27,0,1420,1520,,,,,,,0
S,71611404,dn2,27,0,1420,1520,1072,-976,-17016,35,20,-31,0
S,71616394,dn2,27,0,1420,1520,1088,-960,-17088,34,19,-29,0
S,71621394,dn2,27,0,1420,1520,1432,-984,-17088,36,22,-30,0
S,71626394,dn2,27,0,1420,1520,696,-880,-16976,31,33,-26,0
S,71631393,dn2,27,0,1420,1520,832,-192,-17448,39,35,-3,0
S,71636393,dn2,27,0,1420,1520,-2504,-2440,-17424,45,57,9,0
S,71641394,dn2,27,0,1420,1520,-1248,24,-17544,49,71,-39,0
S,71646393,dn2,27,0,1420,1520,1384,-1760,-16800,62,78,-35,0
S,71651393,dn2,27,0,1420,1520,1216,-2320,-17224,42,93,-36,0
S,71656393,dn2,27,0,1420,1520,1216,-1264,-17272,28,109,-26,0
S,71661393,dn2,27,0,1420,1520,840,-392,-16864,38,132,-36,0
S,71666393,dn2,27,0,1420,1520,1464,-1736,-17088,35,154,-27,0
S,71671393,dn2,27,0,1420,1520,2216,-648,-16936,35,207,-14,0
S,71676393,dn2,27,0,1420,1520,952,-1576,-16728,42,230,-40,0
S,71681393,dn2,27,0,1420,1520,680,-752,-17152,53,255,-36,0
S,71686393,dn2,27,0,1420,1520,1800,-648,-16736,44,266,-45,0
S,71691393,dn2,27,0,1420,1520,616,-1216,-17392,28,273,-50,0
S,71696393,dn2,27,0,1420,1520,1472,-648,-16664,23,271,-53,0
S,71701393,dn2,27,0,1420,1520,1264,-768,-17248,4,258,-51,0
S,71706393,dn2,27,0,1420,1520,1216,-1224,-16896,-2,234,-46,0
S,71711393,dn2,27,0,1420,1520,1240,-880,-17120,3,203,-41,0
S,71716393,dn2,27,0,1420,1520,1104,-1040,-16848,9,186,-50,0
S,71721394,dn2,27,0,1420,1520,960,-1016,-16944,30,144,-55,0
S,71726393,dn2,27,0,1420,1520,1208,-1016,-17032,39,107,-49,0
S,71731393,dn2,27,0,1420,1520,1280,-896,-17048,53,68,-42,0
S,71736393,dn2,27,0,1420,1520,1224,-944,-17032,53,32,-34,0
S,71741393,dn2,27,0,1420,1520,1360,-896,-17024,47,-7,-29,0
S,71746393,dn2,27,0,1420,1520,1384,-912,-17000,39,-37,-29,0
S,71751393,dn2,27,0,1420,1520,1248,-936,-17152,37,-53,-22,0
S,71756393,dn2,27,0,1420,1520,1472,-944,-16976,36,-55,-22,0
S,71761393,dn2,27,0,1420,1520,1304,-1056,-17072,36,-49,-18,0
S,71766393,dn2,27,0,1420,1520,1360,-1024,-17080,47,-25,-16,0
S,71771393,dn2,27,0,1420,1520,1400,-1000,-16968,55,-13,-24,0
S,71776393,dn2,27,0,1420,1520,1336,-928,-17040,56,13,-28,0
S,71781393,dn2,27,0,1420,1520,1200,-1040,-16944,51,27,-21,0
S,71786393,dn2,27,0,1420,1520,1280,-888,-17056,40,44,-24,0
S,71791393,dn2,27,0,1420,1520,1344,-1000,-17064,32,54,-33,0
S,71796393,dn2,27,0,1420,1520,1208,-976,-17072,27,60,-31,0
S,71801393,dn2,27,0,1420,1520,1416,-920,-17008,15,53,-32,0
S,71806393,dn2,27,0,1420,1520,1336,-984,-17064,13,48,-27,0
S,71811393,dn2,27,0,1420,1520,1352,-952,-17112,21,42,-30,0
S,71816393,dn2,27,0,1420,1520,1592,-1032,-16960,31,26,-33,0
S,71821394,dn2,27,0,1420,1520,1360,-912,-17040,44,21,-27,0
S,71826393,dn2,27,0,1420,1520,1288,-1072,-17080,51,7,-28,0
S,71831394,dn2,27,0,1420,1520,1288,-928,-17136,52,2,-33,0
S,71836393,dn2,27,0,1420,1520,1432,-920,-17008,52,-1,-24,0
S,71841393,dn2,27,0,1420,1520,1352,-1000,-17048,51,9,-33,0
S,71846393,dn2,27,0,1420,1520,1304,-944,-17064,39,-1,-23,0
S,71851393,dn2,27,0,1420,1520,1288,-912,-17000,32,14,-24,0
S,71856393,dn2,27,0,1420,1520,1400,-952,-17152,25,20,-30,0
S,71861394,dn2,27,0,1420,1520,1312,-1000,-16936,24,32,-24,0
S,71866393,dn2,27,0,1420,1520,1352,-984,-17048,29,34,-22,0
S,71871393,dn2,27,0,1420,1520,1256,-992,-16968,41,40,-31,0
S,71876394,dn2,27,0,1420,1520,1264,-1072,-17024,39,44,-31,0
S,71881393,dn2,27,0,1420,1520,1352,-1032,-16984,41,39,-29,0
S,71886393,dn2,27,0,1420,1520,1344,-1032,-17016,42,37,-27,0
S,71891393,dn2,27,0,1420,1520,1360,-952,-17032,44,23,-32,0
S,71896393,dn2,27,0,1420,1520,1424,-920,-17048,35,18,-33,0
S,71901394,dn2,27,0,1420,1520,1384,-960,-17040,33,9,-29,0
S,71906393,dn2,27,0,1420,1520,1400,-888,-17112,37,11,-25,0
S,71911393,dn2,27,0,1420,1520,1272,-992,-16992,33,9,-29,0
S,71916394,dn2,27,0,1420,1520,1320,-1024,-17016,36,12,-28,0
S,71921393,dn2,27,0,1420,1520,1328,-1048,-17072,40,14,-29,0
S,71926393,dn2,27,0,1420,1520,1200,-824,-17016,44,21,-29,0
S,71931393,dn2,27,0,1420,1520,1400,-984,-17088,45,26,-26,0
S,71936393,dn2,27,0,1420,1520,1424,-896,-16976,35,36,-23,0
S,71941393,dn2,27,0,1420,1520,1296,-920,-17120,35,33,-34,0
S,71946393,dn2,27,0,1420,1520,1336,-920,-17040,32,34,-29,0
S,71951394,dn2,27,0,1420,1520,1368,-920,-17008,25,24,-26,0
S,71956393,dn2,27,0,1420,1520,1304,-976,-17048,30,39,-34,0
S,71961393,dn2,27,0,1420,1520,1200,-1048,-17080,32,23,-31,0
S,71966393,dn2,27,0,1420,1520,1264,-952,-16992,33,23,-32,0
S,71971394,dn2,27,0,1420,1520,1320,-1152,-17088,39,20,-28,0
S,71976393,dn2,27,0,1420,1520,1256,-920,-17000,45,20,-27,0
S,71981393,dn2,27,0,1420,1520,1288,-1072,-16936,40,20,-32,0
S,71986393,dn2,27,0,1420,1520,1296,-1048,-17064,40,20,-27,0
S,71991393,dn2,27,0,1420,1520,1336,-888,-17056,39,18,-27,0
S,71996393,dn2,27,0,1420,1520,1360,-872,-16968,35,17,-33,0
S,72001393,dn2,27,0,1420,1520,1392,-920,-17024,30,15,-24,0
S,72006393,dn2,27,0,1420,1520,1376,-976,-17112,34,21,-30,0
S,72011393,dn2,27,0,1420,1520,1320,-1048,-16984,32,30,-27,0
S,72016393,dn2,27,0,1420,1520,1344,-824,-16936,36,30,-23,0
S,72021393,dn2,27,0,1420,1520,1304,-1008,-16936,34,30,-35,0
S,72026394,dn2,27,0,1420,1520,1408,-920,-17152,35,29,-30,0
S,72031393,dn2,27,0,1420,1520,1368,-944,-17008,42,26,-29,0
S,72036394,dn2,27,0,1420,1520,1360,-840,-17184,40,25,-27,0
S,72041393,dn2,27,0,1420,1520,1360,-896,-16992,36,24,-25,0
S,72046393,dn2,27,0,1420,1520,1400,-816,-17112,35,17,-34,0
S,72051393,dn2,27,0,1420,1520,1320,-912,-16976,32,19,-30,0
S,72056393,dn2,27,0,1420,1520,1376,-840,-17048,32,14,-21,0
S,72061393,dn2,27,0,1420,1520,1328,-832,-17024,40,21,-27,0
S,72066393,dn2,27,0,1420,1520,1288,-872,-17080,35,17,-28,0
S,72071393,dn2,27,0,1420,1520,1352,-912,-17024,36,24,-23,0
S,72076393,dn2,27,0,1420,1520,1272,-976,-17096,38,29,-27,0
S,72081393,dn2,27,0,1420,1520,1248,-920,-16992,38,22,-35,0
S,72086393,dn2,27,0,1420,1520,1336,-968,-17080,36,22,-28,0
S,72091393,dn2,27,0,1420,1520,1368,-1016,-17072,35,27,-30,0
S,72096393,dn2,27,0,1420,1520,1312,-1032,-17048,34,26,-26,0
S,72101393,dn2,27,0,1420,1520,1176,-992,-17008,34,20,-29,0
S,72106393,dn2,27,0,1420,1520,1320,-896,-16944,37,20,-26,0
S,72111393,dn2,27,0,1420,1520,1264,-960,-17040,34,21,-26,0
E,72111496,dn2,28,0,1410,1520,,,,,,,0
S,72112128,dn2,28,0,1410,1520,1408,-904,-17008,34,22,-28,0
S,72117119,dn2,28,0,1410,1520,1288,-968,-17128,36,27,-31,0
S,72122117,dn2,28,0,1410,1520,1592,-640,-17016,38,23,-21,0
S,72127117,dn2,28,0,1410,1520,1256,-792,-17024,42,33,-38,0
S,72132117,dn2,28,0,1410,1520,2696,720,-17088,49,44,-30,0
S,72137118,dn2,28,0,1410,1520,1120,-2440,-17504,45,87,15,0
S,72142117,dn2,28,0,1410,1520,2416,560,-16848,53,86,-27,0
S,72147117,dn2,28,0,1410,1520,1632,-3360,-16936,66,108,-45,0
S,72152117,dn2,28,0,1410,1520,2400,-1488,-17232,52,137,-42,0
S,72157117,dn2,28,0,1410,1520,2824,-248,-17040,39,160,-16,0
S,72162117,dn2,28,0,1410,1520,3952,592,-16792,40,193,-59,0
S,72167117,dn2,28,0,1410,1520,1376,-1360,-17568,25,219,-55,0
S,72172117,dn2,28,0,1410,1520,2224,-1152,-17088,33,260,-24,0
S,72177117,dn2,28,0,1410,1520,1960,-992,-16856,34,271,-38,0
S,72182117,dn2,28,0,1410,1520,1344,-680,-17064,37,294,-42,0
S,72187117,dn2,28,0,1410,1520,1896,-1120,-17112,33,299,-49,0
S,72192118,dn2,28,0,1410,1520,1816,-1264,-17104,23,296,-48,0
S,72197117,dn2,28,0,1410,1520,1040,-648,-17192,17,279,-51,0
S,72202117,dn2,28,0,1410,1520,1016,-912,-17016,19,257,-61,0
S,72207118,dn2,28,0,1410,1520,1552,-1184,-17104,12,210,-70,0
S,72212118,dn2,28,0,1410,1520,1560,-912,-17016,17,175,-67,0
S,72217117,dn2,28,0,1410,1520,1272,-1000,-17072,26,130,-60,0
S,72222117,dn2,28,0,1410,1520,1488,-1016,-16864,36,93,-52,0
S,72227117,dn2,28,0,1410,1520,1488,-848,-17032,40,50,-38,0
S,72232117,dn2,28,0,1410,1520,1480,-912,-17024,49,12,-34,0
S,72237117,dn2,28,0,1410,1520,1472,-816,-17008,47,-16,-25,0
S,72242117,dn2,28,0,1410,1520,1608,-864,-16944,50,-53,-25,0
S,72247117,dn2,28,0,1410,1520,1544,-928,-17048,46,-68,-18,0
S,72252117,dn2,28,0,1410,1520,1640,-912,-17016,41,-63,-18,0
S,72257117,dn2,28,0,1410,1520,1616,-896,-16976,43,-54,-18,0
S,72262117,dn2,28,0,1410,1520,1656,-912,-17048,42,-46,-22,0
S,72267117,dn2,28,0,1410,1520,1560,-984,-17048,45,-24,-17,0
S,72272117,dn2,28,0,1410,1520,1600,-888,-17000,41,2,-25,0
S,72277117,dn2,28,0,1410,1520,1592,-1048,-17112,40,13,-28,0
S,72282117,dn2,28,0,1410,1520,1504,-944,-17016,39,40,-29,0
S,72287117,dn2,28,0,1410,1520,1520,-936,-17064,39,50,-33,0
S,72292117,dn2,28,0,1410,1520,1536,-928,-17000,29,60,-33,0
S,72297117,dn2,28,0,1410,1520,1688,-1016,-16952,27,57,-32,0
S,72302117,dn2,28,0,1410,1520,1464,-1032,-16952,22,56,-26,0
S,72307117,dn2,28,0,1410,1520,1616,-960,-16912,29,43,-26,0
S,72312117,dn2,28,0,1410,1520,1496,-984,-17088,25,36,-30,0
S,72317117,dn2,28,0,1410,1520,1584,-1000,-17024,35,25,-31,0
S,72322118,dn2,28,0,1410,1520,1576,-896,-17040,39,9,-29,0
S,72327117,dn2,28,0,1410,1520,1592,-928,-17064,49,1,-31,0
S,72332117,dn2,28,0,1410,1520,1544,-912,-17048,46,1,-26,0
S,72337118,dn2,28,0,1410,1520,1624,-872,-17072,51,0,-31,0
S,72342117,dn2,28,0,1410,1520,1568,-872,-17088,49,4,-29,0
S,72347118,dn2,28,0,1410,1520,1528,-896,-16992,39,14,-31,0
S,72352117,dn2,28,0,1410,1520,1544,-936,-16984,38,18,-30,0
S,72357117,dn2,28,0,1410,1520,1560,-832,-16984,31,28,-26,0
S,72362118,dn2,28,0,1410,1520,1648,-944,-16920,36,30,-28,0
S,72367117,dn2,28,0,1410,1520,1600,-992,-17144,32,36,-25,0
S,72372117,dn2,28,0,1410,1520,1624,-1040,-16928,36,41,-36,0
S,72377117,dn2,28,0,1410,1520,1640,-912,-17064,37,36,-36,0
S,72382117,dn2,28,0,1410,1520,1576,-840,-17032,39,30,-37,0
S,72387117,dn2,28,0,1410,1520,1672,-776,-16968,35,30,-33,0
S,72392117,dn2,28,0,1410,1520,1592,-1008,-16976,41,30,-27,0
S,72397117,dn2,28,0,1410,1520,1640,-1008,-16952,45,15,-34,0
S,72402118,dn2,28,0,1410,1520,1624,-768,-17088,36,15,-26,0
S,72407117,dn2,28,0,1410,1520,1560,-1024,-16960,35,11,-33,0
S,72412118,dn2,28,0,1410,1520,1688,-920,-17040,40,11,-30,0
S,72417117,dn2,28,0,1410,1520,1544,-816,-17032,46,14,-26,0
S,72422117,dn2,28,0,1410,1520,1536,-960,-16968,42,17,-25,0
S,72427117,dn2,28,0,1410,1520,1496,-904,-17056,36,22,-26,0
S,72432118,dn2,28,0,1410,1520,1608,-976,-17024,47,30,-29,0
S,72437117,dn2,28,0,1410,1520,1648,-888,-17024,39,27,-34,0
S,72442118,dn2,28,0,1410,1520,1680,-912,-17000,32,32,-28,0
S,72447117,dn2,28,0,1410,1520,1640,-776,-17064,35,28,-30,0
S,72452117,dn2,28,0,1410,1520,1576,-928,-17072,36,26,-31,0
S,72457117,dn2,28,0,1410,1520,1568,-832,-17032,34,28,-30,0
S,72462117,dn2,28,0,1410,1520,1592,-888,-16992,29,26,-26,0
S,72467117,dn2,28,0,1410,1520,1536,-1112,-17008,31,19,-29,0
S,72472118,dn2,28,0,1410,1520,1592,-920,-17040,41,22,-28,0
S,72477117,dn2,28,0,1410,1520,1640,-1048,-17112,42,20,-28,0
S,72482117,dn2,28,0,1410,1520,1632,-968,-17024,49,15,-22,0
S,72487117,dn2,28,0,1410,1520,1624,-872,-17088,42,18,-27,0
S,72492117,dn2,28,0,1410,1520,1504,-832,-16952,41,24,-30,0
S,72497118,dn2,28,0,1410,1520,1512,-880,-17008,36,25,-25,0
S,72502117,dn2,28,0,1410,1520,1632,-944,-16912,38,25,-26,0
S,72507118,dn2,28,0,1410,1520,1416,-960,-16928,33,24,-26,0
S,72512118,dn2,28,0,1410,1520,1624,-896,-17128,34,25,-29,0
S,72517117,dn2,28,0,1410,1520,1560,-992,-17032,35,27,-29,0
S,72522118,dn2,28,0,1410,1520,1536,-1000,-16872,35,29,-26,0
S,72527117,dn2,28,0,1410,1520,1648,-912,-17048,39,29,-31,0
S,72532117,dn2,28,0,1410,1520,1504,-840,-16976,36,22,-31,0
S,72537117,dn2,28,0,1410,1520,1608,-1032,-17088,37,21,-32,0
S,72542117,dn2,28,0,1410,1520,1448,-840,-17160,44,25,-30,0
S,72547117,dn2,28,0,1410,1520,1544,-872,-17008,35,24,-29,0
S,72552117,dn2,28,0,1410,1520,1616,-960,-17128,40,19,-23,0
S,72557117,dn2,28,0,1410,1520,1536,-992,-17032,34,20,-25,0
S,72562117,dn2,28,0,1410,1520,1648,-800,-17008,43,17,-29,0
S,72567117,dn2,28,0,1410,1520,1584,-952,-17072,32,20,-32,0
S,72572117,dn2,28,0,1410,1520,1600,-952,-16928,39,20,-27,0
S,72577117,dn2,28,0,1410,1520,1552,-960,-17136,41,27,-34,0
S,72582118,dn2,28,0,1410,1520,1544,-1000,-16976,37,20,-31,0
S,72587118,dn2,28,0,1410,1520,1552,-776,-16984,40,24,-33,0
S,72592117,dn2,28,0,1410,1520,1584,-992,-16984,42,30,-29,0
S,72597117,dn2,28,0,1410,1520,1576,-880,-16976,38,20,-31,0
S,72602117,dn2,28,0,1410,1520,1616,-1008,-16856,38,23,-30,0
S,72607117,dn2,28,0,1410,1520,1528,-896,-17088,36,20,-26,0
S,72612117,dn2,28,0,1410,1520,1640,-976,-17016,37,24,-32,0
E,72612226,dn2,29,0,1400,1520,,,,,,,0
S,72612858,dn2,29,0,1400,1520,1640,-976,-17016,36,26,-34,0
S,72617848,dn2,29,0,1400,1520,1496,-1016,-16984,36,17,-33,0
S,72622847,dn2,29,0,1400,1520,2304,-976,-16928,45,24,-26,0
S,72627848,dn2,29,0,1400,1520,2152,-472,-17056,35,28,-6,0
S,72632847,dn2,29,0,1400,1520,-1024,-552,-17112,45,37,-33,0
S,72637847,dn2,29,0,1400,1520,1736,56,-17552,51,61,-24,0
S,72642848,dn2,29,0,1400,1520,1840,-1456,-16968,49,85,9,0
S,72647847,dn2,29,0,1400,1520,1240,-1240,-17280,36,94,1,0
S,72652847,dn2,29,0,1400,1520,1320,-296,-16992,53,111,-14,0
S,72657847,dn2,29,0,1400,1520,1144,-856,-17072,49,132,-33,0
S,72662847,dn2,29,0,1400,1520,1688,-1024,-16944,48,134,-37,0
S,72667847,dn2,29,0,1400,1520,1696,-736,-17016,34,127,-34,0
S,72672848,dn2,29,0,1400,1520,1840,-464,-16992,17,136,-31,0
S,72677847,dn2,29,0,1400,1520,1568,-1000,-16992,12,112,-37,0
S,72682847,dn2,29,0,1400,1520,1584,-1144,-17088,11,96,-31,0
S,72687847,dn2,29,0,1400,1520,1496,-864,-17040,17,79,-32,0
S,72692847,dn2,29,0,1400,1520,1480,-872,-17000,28,53,-34,0
S,72697847,dn2,29,0,1400,1520,1736,-1104,-16904,45,37,-32,0
S,72702847,dn2,29,0,1400,1520,1600,-936,-17160,47,19,-28,0
S,72707847,dn2,29,0,1400,1520,1648,-784,-16928,56,-1,-25,0
S,72712847,dn2,29,0,1400,1520,1776,-840,-17048,55,-13,-32,0
S,72717847,dn2,29,0,1400,1520,1664,-1000,-16880,44,-15,-24,0
S,72722847,dn2,29,0,1400,1520,1608,-968,-17080,43,-17,-30,0
S,72727847,dn2,29,0,1400,1520,1696,-920,-17056,40,-10,-24,0
S,72732847,dn2,29,0,1400,1520,1640,-880,-17120,30,3,-28,0
S,72737847,dn2,29,0,1400,1520,1560,-896,-17096,31,20,-27,0
S,72742847,dn2,29,0,1400,1520,1728,-1016,-16904,43,27,-30,0
S,72747847,dn2,29,0,1400,1520,1576,-1080,-17080,41,47,-25,0
S,72752847,dn2,29,0,1400,1520,1736,-952,-16944,37,51,-28,0
S,72757847,dn2,29,0,1400,1520,1608,-832,-17024,35,52,-33,0
S,72762847,dn2,29,0,1400,1520,1608,-904,-16984,31,45,-31,0
S,72767847,dn2,29,0,1400,1520,1512,-912,-16992,31,42,-32,0
S,72772847,dn2,29,0,1400,1520,1616,-824,-17072,29,32,-32,0
S,72777847,dn2,29,0,1400,1520,1576,-952,-17024,29,17,-23,0
S,72782847,dn2,29,0,1400,1520,1624,-968,-17032,31,11,-28,0
S,72787847,dn2,29,0,1400,1520,1704,-864,-17064,39,6,-30,0
S,72792847,dn2,29,0,1400,1520,1624,-832,-16936,46,2,-27,0
S,72797847,dn2,29,0,1400,1520,1792,-880,-16904,46,9,-25,0
S,72802847,dn2,29,0,1400,1520,1560,-976,-17040,49,15,-30,0
S,72807847,dn2,29,0,1400,1520,1624,-872,-16880,47,13,-28,0
S,72812847,dn2,29,0,1400,1520,1536,-960,-17024,44,21,-25,0
S,72817847,dn2,29,0,1400,1520,1528,-896,-16952,36,30,-27,0
S,72822847,dn2,29,0,1400,1520,1744,-896,-16936,27,25,-27,0
S,72827847,dn2,29,0,1400,1520,1720,-896,-17088,28,36,-29,0
S,72832847,dn2,29,0,1400,1520,1568,-984,-16992,27,28,-26,0
S,72837847,dn2,29,0,1400,1520,1624,-888,-17008,36,33,-26,0
S,72842847,dn2,29,0,1400,1520,1560,-848,-16976,36,28,-25,0
S,72847847,dn2,29,0,1400,1520,1616,-1000,-16912,36,25,-30,0
S,72852847,dn2,29,0,1400,1520,1736,-864,-17024,45,19,-26,0
S,72857847,dn2,29,0,1400,1520,1544,-944,-16968,40,20,-26,0
S,72862848,dn2,29,0,1400,1520,1656,-960,-17112,38,14,-25,0
S,72867847,dn2,29,0,1400,1520,1712,-912,-16992,41,14,-30,0
S,72872847,dn2,29,0,1400,1520,1528,-984,-17080,36,10,-29,0
S,72877848,dn2,29,0,1400,1520,1680,-928,-17024,43,18,-30,0
S,72882847,dn2,29,0,1400,1520,1656,-1000,-16888,36,18,-24,0
S,72887847,dn2,29,0,1400,1520,1608,-952,-17008,37,27,-27,0
S,72892847,dn2,29,0,1400,1520,1608,-928,-17040,43,24,-28,0
S,72897848,dn2,29,0,1400,1520,1624,-984,-16960,41,33,-24,0
S,72902847,dn2,29,0,1400,1520,1584,-968,-16904,38,30,-34,0
S,72907847,dn2,29,0,1400,1520,1616,-912,-17056,38,27,-31,0
S,72912847,dn2,29,0,1400,1520,1568,-1064,-17048,38,23,-32,0
S,72917847,dn2,29,0,1400,1520,1640,-880,-16944,26,24,-29,0
S,72922847,dn2,29,0,1400,1520,1704,-888,-16968,31,24,-32,0
S,72927847,dn2,29,0,1400,1520,1520,-840,-17160,35,18,-32,0
S,72932847,dn2,29,0,1400,1520,1656,-784,-17064,39,15,-25,0
S,72937847,dn2,29,0,1400,1520,1664,-960,-16952,37,18,-31,0
S,72942847,dn2,29,0,1400,1520,1560,-1032,-17056,41,19,-26,0
S,72947847,dn2,29,0,1400,1520,1696,-936,-16952,38,22,-31,0
S,72952847,dn2,29,0,1400,1520,1648,-952,-17000,38,24,-29,0
S,72957847,dn2,29,0,1400,1520,1584,-952,-17032,44,22,-33,0
S,72962848,dn2,29,0,1400,1520,1688,-1096,-16984,32,23,-31,0
S,72967847,dn2,29,0,1400,1520,1592,-904,-17048,30,20,-31,0
S,72972847,dn2,29,0,1400,1520,1728,-968,-16984,30,21,-28,0
S,72977847,dn2,29,0,1400,1520,1632,-1000,-17008,33,20,-31,0
S,72982848,dn2,29,0,1400,1520,1616,-928,-17088,26,29,-35,0
S,72987847,dn2,29,0,1400,1520,1672,-880,-17072,37,28,-27,0
S,72992847,dn2,29,0,1400,1520,1656,-864,-17080,35,22,-27,0
S,72997847,dn2,29,0,1400,1520,1648,-936,-17008,42,27,-28,0
S,73002847,dn2,29,0,1400,1520,1680,-952,-16928,37,19,-29,0
S,73007847,dn2,29,0,1400,1520,1680,-976,-17016,38,18,-34,0
S,73012847,dn2,29,0,1400,1520,1728,-992,-16984,38,18,-30,0
S,73017847,dn2,29,0,1400,1520,1760,-936,-17040,32,20,-23,0
S,73022847,dn2,29,0,1400,1520,1584,-944,-16992,42,22,-26,0
S,73027847,dn2,29,0,1400,1520,1592,-1000,-16992,32,19,-31,0
S,73032847,dn2,29,0,1400,1520,1728,-984,-17008,40,28,-29,0
S,73037847,dn2,29,0,1400,1520,1640,-856,-16952,39,21,-27,0
S,73042847,dn2,29,0,1400,1520,1592,-976,-16952,38,28,-29,0
S,73047847,dn2,29,0,1400,1520,1728,-952,-16984,35,28,-30,0
S,73052847,dn2,29,0,1400,1520,1624,-1024,-17104,40,25,-35,0
S,73057847,dn2,29,0,1400,1520,1680,-888,-17032,33,24,-26,0
S,73062847,dn2,29,0,1400,1520,1800,-832,-16944,38,27,-28,0
S,73067847,dn2,29,0,1400,1520,1520,-848,-16960,31,19,-23,0
S,73072847,dn2,29,0,1400,1520,1728,-944,-16928,38,22,-30,0
S,73077848,dn2,29,0,1400,1520,1536,-1024,-17024,35,18,-20,0
S,73082847,dn2,29,0,1400,1520,1568,-1088,-17112,41,18,-26,0
S,73087847,dn2,29,0,1400,1520,1616,-1040,-17048,41,17,-31,0
S,73092847,dn2,29,0,1400,1520,1648,-984,-17032,39,32,-29,0
S,73097847,dn2,29,0,1400,1520,1568,-936,-17008,39,23,-25,0
S,73102847,dn2,29,0,1400,1520,1632,-904,-17032,39,25,-31,0
S,73107847,dn2,29,0,1400,1520,1576,-1048,-17056,31,20,-31,0
S,73112848,dn2,29,0,1400,1520,1704,-1016,-17032,31,24,-31,0
E,73112951,dn2,30,0,1390,1520,,,,,,,0
S,73113587,dn2,30,0,1390,1520,1552,-880,-17000,31,24,-31,0
S,73118579,dn2,30,0,1390,1520,1696,-840,-16984,35,20,-26,0
S,73123577,dn2,30,0,1390,1520,1880,-1072,-16968,33,23,-23,0
S,73128578,dn2,30,0,1390,1520,1464,-1312,-17032,36,35,-28,0
S,73133578,dn2,30,0,1390,1520,1400,-256,-17472,39,43,-14,0
S,73138577,dn2,30,0,1390,1520,-128,-2648,-16856,47,69,-22,0
S,73143578,dn2,30,0,1390,1520,1584,40,-17120,50,108,-31,0
S,73148577,dn2,30,0,1390,1520,1344,-2544,-16952,57,138,-39,0
S,73153578,dn2,30,0,1390,1520,2560,-240,-16744,60,132,-23,0
S,73158577,dn2,30,0,1390,1520,1016,-1344,-16968,33,154,-27,0
S,73163577,dn2,30,0,1390,1520,1720,-440,-16784,27,167,-33,0
S,73168578,dn2,30,0,1390,1520,1120,-1208,-17520,13,183,-17,0
S,73173578,dn2,30,0,1390,1520,1936,-888,-16784,29,190,-32,0
S,73178578,dn2,30,0,1390,1520,1440,-1080,-17368,31,216,-34,0
S,73183578,dn2,30,0,1390,1520,1656,-1152,-16840,44,223,-42,0
S,73188578,dn2,30,0,1390,1520,1712,-808,-17264,49,225,-45,0
S,73193577,dn2,30,0,1390,1520,1784,-848,-16896,35,220,-44,0
S,73198577,dn2,30,0,1390,1520,1752,-1056,-17104,33,201,-44,0
S,73203578,dn2,30,0,1390,1520,1536,-920,-16800,31,174,-49,0
S,73208577,dn2,30,0,1390,1520,1432,-1064,-17096,20,141,-52,0
S,73213577,dn2,30,0,1390,1520,1736,-888,-16840,17,109,-59,0
S,73218578,dn2,30,0,1390,1520,1872,-880,-16984,19,68,-46,0
S,73223577,dn2,30,0,1390,1520,1808,-1016,-16904,29,37,-37,0
S,73228577,dn2,30,0,1390,1520,1608,-912,-17000,36,8,-31,0
S,73233577,dn2,30,0,1390,1520,1776,-1008,-16960,53,-19,-25,0
S,73238577,dn2,30,0,1390,1520,1784,-976,-17192,59,-33,-29,0
S,73243577,dn2,30,0,1390,1520,1920,-856,-17048,56,-30,-24,0
S,73248577,dn2,30,0,1390,1520,1840,-856,-17032,54,-34,-28,0
S,73253577,dn2,30,0,1390,1520,1760,-1008,-17016,45,-24,-25,0
S,73258577,dn2,30,0,1390,1520,1760,-1072,-16792,43,-5,-25,0
S,73263577,dn2,30,0,1390,1520,1832,-976,-17032,44,8,-26,0
S,73268577,dn2,30,0,1390,1520,1760,-904,-17016,31,27,-26,0
S,73273577,dn2,30,0,1390,1520,1656,-992,-16984,27,45,-29,0
S,73278577,dn2,30,0,1390,1520,1832,-904,-16912,29,49,-33,0
S,73283578,dn2,30,0,1390,1520,1848,-1128,-17000,31,51,-30,0
S,73288578,dn2,30,0,1390,1520,1728,-888,-17032,35,52,-29,0
S,73293578,dn2,30,0,1390,1520,1840,-944,-17056,26,45,-30,0
S,73298578,dn2,30,0,1390,1520,1736,-952,-16992,34,35,-34,0
S,73303577,dn2,30,0,1390,1520,1728,-872,-17016,35,30,-27,0
S,73308578,dn2,30,0,1390,1520,1752,-952,-17088,41,17,-31,0
S,73313578,dn2,30,0,1390,1520,1936,-1016,-17000,39,5,-27,0
S,73318577,dn2,30,0,1390,1520,1832,-928,-16888,40,-1,-27,0
S,73323578,dn2,30,0,1390,1520,1728,-912,-17032,40,0,-29,0
S,73328578,dn2,30,0,1390,1520,1904,-928,-16976,42,6,-29,0
S,73333577,dn2,30,0,1390,1520,1904,-1032,-17128,43,14,-27,0
S,73338577,dn2,30,0,1390,1520,1720,-1048,-16960,41,21,-31,0
S,73343578,dn2,30,0,1390,1520,1832,-728,-16920,36,24,-28,0
S,73348577,dn2,30,0,1390,1520,1928,-904,-17112,37,34,-29,0
S,73353577,dn2,30,0,1390,1520,1776,-952,-16824,33,38,-25,0
S,73358578,dn2,30,0,1390,1520,1792,-952,-16928,39,31,-34,0
S,73363577,dn2,30,0,1390,1520,1808,-848,-17008,32,38,-29,0
S,73368578,dn2,30,0,1390,1520,1888,-864,-17112,38,30,-27,0
S,73373577,dn2,30,0,1390,1520,1880,-992,-17032,37,28,-27,0
S,73378578,dn2,30,0,1390,1520,1888,-960,-16960,43,25,-25,0
S,73383578,dn2,30,0,1390,1520,1792,-1080,-17104,44,13,-28,0
S,73388578,dn2,30,0,1390,1520,1792,-920,-16992,43,16,-31,0
S,73393577,dn2,30,0,1390,1520,1800,-920,-16984,42,15,-28,0
S,73398578,dn2,30,0,1390,1520,1856,-1032,-17016,44,14,-30,0
S,73403578,dn2,30,0,1390,1520,1800,-792,-17024,44,16,-28,0
S,73408578,dn2,30,0,1390,1520,1864,-1048,-16992,38,17,-31,0
S,73413578,dn2,30,0,1390,1520,1800,-952,-16984,37,21,-28,0
S,73418577,dn2,30,0,1390,1520,1832,-936,-16912,42,28,-30,0
S,73423577,dn2,30,0,1390,1520,1744,-928,-16952,30,29,-40,0
S,73428578,dn2,30,0,1390,1520,1824,-896,-17024,31,28,-27,0
S,73433578,dn2,30,0,1390,1520,1808,-1080,-16960,35,31,-28,0
S,73438577,dn2,30,0,1390,1520,1832,-952,-17016,44,30,-31,0
S,73443578,dn2,30,0,1390,1520,1840,-912,-16880,41,26,-26,0
S,73448577,dn2,30,0,1390,1520,1784,-984,-17024,39,22,-33,0
S,73453577,dn2,30,0,1390,1520,1760,-896,-16952,40,22,-31,0
S,73458578,dn2,30,0,1390,1520,1808,-944,-17040,40,15,-29,0
S,73463578,dn2,30,0,1390,1520,1856,-984,-16992,38,15,-29,0
S,73468577,dn2,30,0,1390,1520,1960,-1072,-17000,43,15,-30,0
S,73473577,dn2,30,0,1390,1520,1912,-1008,-16896,40,18,-26,0
S,73478577,dn2,30,0,1390,1520,1736,-936,-17088,38,17,-27,0
S,73483578,dn2,30,0,1390,1520,1960,-904,-16896,49,19,-28,0
S,73488578,dn2,30,0,1390,1520,1688,-968,-16936,35,20,-29,0
S,73493578,dn2,30,0,1390,1520,1808,-968,-16960,39,23,-23,0
S,73498578,dn2,30,0,1390,1520,1744,-872,-16936,41,24,-27,0
S,73503578,dn2,30,0,1390,1520,1928,-904,-16936,36,27,-31,0
S,73508577,dn2,30,0,1390,1520,1784,-936,-17008,33,24,-31,0
S,73513577,dn2,30,0,1390,1520,1920,-1056,-17008,35,26,-28,0
S,73518577,dn2,30,0,1390,1520,1784,-856,-16840,36,25,-30,0
S,73523577,dn2,30,0,1390,1520,1872,-776,-17024,31,26,-29,0
S,73528578,dn2,30,0,1390,1520,1848,-888,-17176,44,23,-28,0
S,73533577,dn2,30,0,1390,1520,1880,-1000,-16912,35,20,-28,0
S,73538578,dn2,30,0,1390,1520,1872,-936,-16840,45,24,-24,0
S,73543578,dn2,30,0,1390,1520,1696,-1024,-16968,40,16,-30,0
S,73548578,dn2,30,0,1390,1520,1840,-856,-16992,40,22,-26,0
S,73553578,dn2,30,0,1390,1520,1720,-1056,-17016,35,19,-30,0
S,73558578,dn2,30,0,1390,1520,1880,-1000,-17040,35,25,-26,0
S,73563578,dn2,30,0,1390,1520,1776,-896,-17016,39,27,-30,0
S,73568578,dn2,30,0,1390,1520,1728,-960,-16968,41,23,-31,0
S,73573578,dn2,30,0,1390,1520,1896,-944,-17040,39,22,-30,0
S,73578578,dn2,30,0,1390,1520,1904,-904,-16880,32,25,-34,0
S,73583577,dn2,30,0,1390,1520,1768,-1176,-17064,44,25,-32,0
S,73588577,dn2,30,0,1390,1520,1864,-976,-16960,40,22,-26,0
S,73593578,dn2,30,0,1390,1520,1752,-1120,-16952,41,27,-34,0
S,73598578,dn2,30,0,1390,1520,1864,-968,-16968,40,20,-26,0
S,73603578,dn2,30,0,1390,1520,1808,-856,-17040,37,23,-29,0
S,73608578,dn2,30,0,1390,1520,1776,-1024,-17072,40,21,-27,0
S,73613578,dn2,30,0,1390,1520,1792,-976,-17080,34,23,-29,0
E,73613682,dn2,31,0,1380,1520,,,,,,,0
S,73614314,dn2,31,0,1380,1520,1776,-928,-16952,37,22,-25,0
S,73619305,dn2,31,0,1380,1520,1840,-888,-17032,33,16,-28,0
S,73624303,dn2,31,0,1380,1520,1568,-960,-16936,39,23,-25,0
S,73629303,dn2,31,0,1380,1520,1336,-1440,-17040,33,30,-28,0
S,73634303,dn2,31,0,1380,1520,1992,-224,-17176,40,41,-20,0
S,73639303,dn2,31,0,1380,1520,1840,-984,-17168,44,65,-28,0
S,73644303,dn2,31,0,1380,1520,4664,1376,-17128,52,59,-34,0
S,73649303,dn2,31,0,1380,1520,3912,-1040,-17008,47,88,-8,0
S,73654303,dn2,31,0,1380,1520,1656,-1760,-16920,42,94,-16,0
S,73659303,dn2,31,0,1380,1520,1824,-800,-16864,35,120,-16,0
S,73664303,dn2,31,0,1380,1520,1792,-408,-17032,50,143,-33,0
S,73669303,dn2,31,0,1380,1520,2616,-992,-16984,46,174,-24,0
S,73674304,dn2,31,0,1380,1520,1240,-1104,-17360,33,202,-30,0
S,73679303,dn2,31,0,1380,1520,1896,-584,-16824,42,213,-33,0
S,73684303,dn2,31,0,1380,1520,1440,-856,-17096,38,231,-37,0
S,73689303,dn2,31,0,1380,1520,1792,-1072,-16840,33,218,-45,0
S,73694303,dn2,31,0,1380,1520,1872,-968,-16936,16,211,-40,0
S,73699303,dn2,31,0,1380,1520,1592,-808,-17000,13,188,-55,0
S,73704303,dn2,31,0,1380,1520,1776,-952,-17056,8,149,-70,0
S,73709303,dn2,31,0,1380,1520,2080,-1032,-16848,8,119,-63,0
S,73714303,dn2,31,0,1380,1520,1896,-1080,-17024,29,86,-48,0
S,73719303,dn2,31,0,1380,1520,1848,-976,-16920,36,56,-37,0
S,73724303,dn2,31,0,1380,1520,1896,-936,-17048,56,19,-36,0
S,73729303,dn2,31,0,1380,1520,1896,-928,-16928,55,-8,-33,0
S,73734303,dn2,31,0,1380,1520,2032,-944,-17008,58,-27,-23,0
S,73739303,dn2,31,0,1380,1520,2056,-776,-16976,53,-43,-24,0
S,73744303,dn2,31,0,1380,1520,2024,-856,-17032,39,-37,-28,0
S,73749303,dn2,31,0,1380,1520,2000,-1032,-17184,34,-35,-23,0
S,73754303,dn2,31,0,1380,1520,2040,-904,-16840,31,-22,-20,0
S,73759303,dn2,31,0,1380,1520,2024,-928,-16928,40,-4,-23,0
S,73764303,dn2,31,0,1380,1520,1960,-1000,-16904,40,16,-28,0
S,73769303,dn2,31,0,1380,1520,1984,-840,-17000,39,30,-25,0
S,73774303,dn2,31,0,1380,1520,2016,-984,-16976,40,46,-29,0
S,73779303,dn2,31,0,1380,1520,1944,-1048,-16960,44,60,-31,0
S,73784303,dn2,31,0,1380,1520,2040,-848,-16928,39,57,-27,0
S,73789303,dn2,31,0,1380,1520,1992,-928,-16928,34,50,-29,0
S,73794303,dn2,31,0,1380,1520,1976,-1088,-16984,32,42,-31,0
S,73799304,dn2,31,0,1380,1520,1880,-864,-16800,25,33,-29,0
S,73804303,dn2,31,0,1380,1520,1952,-968,-16912,25,22,-28,0
S,73809303,dn2,31,0,1380,1520,2136,-904,-17024,34,14,-30,0
S,73814303,dn2,31,0,1380,1520,1920,-936,-16952,43,3,-30,0
S,73819303,dn2,31,0,1380,1520,2040,-912,-17072,48,3,-27,0
S,73824303,dn2,31,0,1380,1520,2008,-888,-17032,54,5,-24,0
S,73829303,dn2,31,0,1380,1520,2000,-856,-16936,53,12,-26,0
S,73834303,dn2,31,0,1380,1520,1888,-896,-17072,43,18,-32,0
S,73839303,dn2,31,0,1380,1520,1944,-984,-17048,36,19,-34,0
S,73844303,dn2,31,0,1380,1520,2008,-832,-17080,29,29,-27,0
S,73849303,dn2,31,0,1380,1520,2000,-944,-17040,28,30,-29,0
S,73854304,dn2,31,0,1380,1520,1976,-912,-16952,24,40,-27,0
S,73859303,dn2,31,0,1380,1520,1960,-864,-16968,30,35,-29,0
S,73864303,dn2,31,0,1380,1520,1920,-1032,-17096,34,38,-29,0
S,73869303,dn2,31,0,1380,1520,1992,-936,-16936,38,34,-24,0
S,73874304,dn2,31,0,1380,1520,1984,-904,-17064,44,23,-27,0
S,73879303,dn2,31,0,1380,1520,1984,-832,-17048,46,24,-34,0
S,73884303,dn2,31,0,1380,1520,2016,-912,-16984,38,19,-31,0
S,73889303,dn2,31,0,1380,1520,2000,-1016,-16800,42,15,-27,0
S,73894304,dn2,31,0,1380,1520,1984,-1032,-17088,40,12,-29,0
S,73899303,dn2,31,0,1380,1520,2128,-912,-17024,37,16,-25,0
S,73904304,dn2,31,0,1380,1520,1920,-976,-16960,35,19,-27,0
S,73909303,dn2,31,0,1380,1520,1968,-928,-16976,37,16,-32,0
S,73914303,dn2,31,0,1380,1520,2016,-1024,-16992,40,23,-30,0
S,73919304,dn2,31,0,1380,1520,2032,-952,-16880,41,28,-30,0
S,73924304,dn2,31,0,1380,1520,2016,-968,-16976,44,34,-30,0
S,73929303,dn2,31,0,1380,1520,2008,-856,-17064,40,34,-33,0
S,73934303,dn2,31,0,1380,1520,1976,-984,-16920,41,29,-31,0
S,73939303,dn2,31,0,1380,1520,1896,-968,-16968,37,28,-28,0
S,73944303,dn2,31,0,1380,1520,1928,-848,-16952,35,24,-33,0
S,73949303,dn2,31,0,1380,1520,2000,-968,-16960,39,20,-29,0
S,73954303,dn2,31,0,1380,1520,2040,-856,-17000,32,20,-27,0
S,73959303,dn2,31,0,1380,1520,1928,-832,-16984,41,14,-28,0
S,73964303,dn2,31,0,1380,1520,1920,-928,-16984,38,19,-18,0
S,73969303,dn2,31,0,1380,1520,1928,-968,-16992,49,21,-29,0
S,73974304,dn2,31,0,1380,1520,2024,-912,-17048,42,17,-22,0
S,73979303,dn2,31,0,1380,1520,1976,-872,-16960,47,28,-32,0
S,73984303,dn2,31,0,1380,1520,2040,-880,-16912,42,21,-27,0
S,73989303,dn2,31,0,1380,1520,2040,-848,-16872,40,24,-31,0
S,73994303,dn2,31,0,1380,1520,2024,-1032,-16928,38,22,-29,0
S,73999303,dn2,31,0,1380,1520,1872,-960,-16976,33,25,-26,0
S,74004304,dn2,31,0,1380,1520,1936,-992,-16920,41,25,-25,0
S,74009303,dn2,31,0,1380,1520,2032,-928,-17048,36,24,-24,0
S,74014303,dn2,31,0,1380,1520,2016,-944,-17040,35,27,-28,0
S,74019303,dn2,31,0,1380,1520,2008,-952,-16952,40,22,-24,0
S,74024303,dn2,31,0,1380,1520,2016,-928,-16912,38,27,-29,0
S,74029303,dn2,31,0,1380,1520,1992,-1000,-17048,48,24,-32,0
S,74034303,dn2,31,0,1380,1520,1960,-912,-16984,39,24,-25,0
S,74039303,dn2,31,0,1380,1520,1976,-1064,-17000,39,19,-31,0
S,74044303,dn2,31,0,1380,1520,1992,-960,-16920,37,24,-30,0
S,74049303,dn2,31,0,1380,1520,1968,-968,-17032,34,18,-27,0
S,74054303,dn2,31,0,1380,1520,1984,-904,-16920,34,22,-30,0
S,74059303,dn2,31,0,1380,1520,2152,-920,-16992,37,28,-29,0
S,74064303,dn2,31,0,1380,1520,1984,-1064,-16952,43,24,-34,0
S,74069303,dn2,31,0,1380,1520,1952,-920,-17016,39,23,-28,0
S,74074303,dn2,31,0,1380,1520,1992,-1048,-16856,37,32,-34,0
S,74079303,dn2,31,0,1380,1520,1848,-912,-17040,39,29,-27,0
S,74084304,dn2,31,0,1380,1520,2048,-920,-17056,40,24,-30,0
S,74089303,dn2,31,0,1380,1520,2056,-888,-16992,41,27,-31,0
S,74094304,dn2,31,0,1380,1520,2008,-920,-16976,34,26,-33,0
S,74099303,dn2,31,0,1380,1520,2096,-904,-16912,32,20,-29,0
S,74104303,dn2,31,0,1380,1520,1928,-808,-16952,35,23,-28,0
S,74109304,dn2,31,0,1380,1520,1944,-944,-17016,34,18,-28,0
S,74114303,dn2,31,0,1380,1520,1992,-1000,-17024,39,21,-28,0
E,74114407,dn2,32,0,1370,1520,,,,,,,0
S,74115043,dn2,32,0,1370,1520,1984,-976,-16944,35,23,-26,0
S,74120032,dn2,32,0,1370,1520,2368,-800,-16808,48,22,-26,0
S,74125031,dn2,32,0,1370,1520,2608,-1168,-16800,45,22,-27,0
S,74130031,dn2,32,0,1370,1520,2384,-424,-17112,45,21,-15,0
S,74135031,dn2,32,0,1370,1520,2056,-1944,-16744,39,27,-17,0
S,74140031,dn2,32,0,1370,1520,1592,-208,-17072,44,46,-29,0
S,74145031,dn2,32,0,1370,1520,2864,-1496,-17232,32,64,-9,0
S,74150031,dn2,32,0,1370,1520,1736,-1112,-17032,34,91,19,0
S,74155031,dn2,32,0,1370,1520,1696,-1080,-16872,44,96,-15,0
S,74160031,dn2,32,0,1370,1520,2112,-1112,-16952,59,132,-28,0
S,74165031,dn2,32,0,1370,1520,2288,-1264,-16968,56,158,-30,0
S,74170031,dn2,32,0,1370,1520,2344,-864,-17128,50,188,-31,0
S,74175031,dn2,32,0,1370,1520,1984,-896,-16864,48,215,-34,0
S,74180031,dn2,32,0,1370,1520,1752,-872,-17008,35,230,-37,0
S,74185031,dn2,32,0,1370,1520,1992,-1024,-17104,22,224,-50,0
S,74190031,dn2,32,0,1370,1520,1888,-824,-16952,11,210,-47,0
S,74195031,dn2,32,0,1370,1520,1864,-952,-16992,4,183,-58,0
S,74200031,dn2,32,0,1370,1520,1960,-904,-16920,5,147,-66,0
S,74205031,dn2,32,0,1370,1520,2216,-1128,-17008,13,123,-55,0
S,74210031,dn2,32,0,1370,1520,1976,-952,-16904,28,84,-42,0
S,74215031,dn2,32,0,1370,1520,2000,-960,-17056,50,58,-42,0
S,74220031,dn2,32,0,1370,1520,2000,-896,-16904,57,26,-32,0
S,74225031,dn2,32,0,1370,1520,2112,-936,-16936,64,3,-27,0
S,74230031,dn2,32,0,1370,1520,2216,-752,-17000,55,-14,-27,0
S,74235031,dn2,32,0,1370,1520,2048,-960,-17088,53,-30,-31,0
S,74240031,dn2,32,0,1370,1520,2248,-888,-16952,33,-28,-27,0
S,74245031,dn2,32,0,1370,1520,2136,-936,-17008,30,-27,-24,0
S,74250031,dn2,32,0,1370,1520,2200,-936,-16960,28,-17,-25,0
S,74255031,dn2,32,0,1370,1520,2120,-960,-16992,40,1,-27,0
S,74260031,dn2,32,0,1370,1520,2088,-960,-17040,46,20,-26,0
S,74265031,dn2,32,0,1370,1520,2128,-800,-16952,46,34,-25,0
S,74270031,dn2,32,0,1370,1520,2120,-952,-16936,49,45,-31,0
S,74275031,dn2,32,0,1370,1520,2144,-872,-17040,47,50,-26,0
S,74280031,dn2,32,0,1370,1520,2192,-816,-16872,41,56,-30,0
S,74285031,dn2,32,0,1370,1520,2144,-912,-17048,34,46,-39,0
S,74290031,dn2,32,0,1370,1520,2144,-920,-16936,24,32,-33,0
S,74295031,dn2,32,0,1370,1520,2192,-952,-16872,23,25,-22,0
S,74300031,dn2,32,0,1370,1520,2112,-1016,-16912,23,21,-34,0
S,74305031,dn2,32,0,1370,1520,2080,-968,-16992,38,8,-28,0
S,74310031,dn2,32,0,1370,1520,2048,-984,-17016,44,9,-30,0
S,74315031,dn2,32,0,1370,1520,2184,-904,-17056,47,10,-30,0
S,74320031,dn2,32,0,1370,1520,2248,-960,-16928,55,12,-24,0
S,74325031,dn2,32,0,1370,1520,2296,-928,-17024,59,17,-24,0
S,74330031,dn2,32,0,1370,1520,2216,-944,-16840,45,21,-29,0
S,74335031,dn2,32,0,1370,1520,2128,-832,-17056,35,26,-32,0
S,74340031,dn2,32,0,1370,1520,2160,-888,-16984,33,23,-30,0
S,74345031,dn2,32,0,1370,1520,2032,-936,-17040,23,30,-34,0
S,74350031,dn2,32,0,1370,1520,2096,-856,-16904,23,33,-34,0
S,74355031,dn2,32,0,1370,1520,2120,-928,-16968,30,31,-25,0
S,74360031,dn2,32,0,1370,1520,2072,-936,-16960,36,29,-37,0
S,74365031,dn2,32,0,1370,1520,2176,-1016,-16976,41,32,-30,0
S,74370031,dn2,32,0,1370,1520,2200,-944,-16880,46,24,-33,0
S,74375030,dn2,32,0,1370,1520,2128,-912,-17040,44,26,-31,0
S,74380031,dn2,32,0,1370,1520,2160,-848,-16920,49,18,-26,0
S,74385031,dn2,32,0,1370,1520,2072,-888,-16872,40,13,-26,0
S,74390031,dn2,32,0,1370,1520,2104,-832,-17040,35,9,-26,0
S,74395031,dn2,32,0,1370,1520,2136,-1016,-16904,30,15,-31,0
S,74400031,dn2,32,0,1370,1520,2008,-904,-16864,36,14,-29,0
S,74405031,dn2,32,0,1370,1520,2104,-968,-17080,34,19,-30,0
S,74410031,dn2,32,0,1370,1520,2120,-976,-16944,39,19,-32,0
S,74415031,dn2,32,0,1370,1520,2200,-1016,-16784,41,27,-31,0
S,74420031,dn2,32,0,1370,1520,1952,-1000,-16928,46,29,-29,0
S,74425031,dn2,32,0,1370,1520,2216,-1112,-17032,47,34,-30,0
S,74430031,dn2,32,0,1370,1520,2192,-760,-16896,39,32,-28,0
S,74435031,dn2,32,0,1370,1520,2064,-872,-17104,33,27,-27,0
S,74440031,dn2,32,0,1370,1520,2112,-904,-16992,33,26,-27,0
S,74445030,dn2,32,0,1370,1520,2032,-840,-16976,28,19,-25,0
S,74450031,dn2,32,0,1370,1520,2104,-1008,-16896,31,20,-30,0
S,74455031,dn2,32,0,1370,1520,2024,-936,-16960,38,19,-29,0
S,74460031,dn2,32,0,1370,1520,2136,-848,-16984,37,13,-25,0
S,74465031,dn2,32,0,1370,1520,2160,-792,-16968,43,20,-35,0
S,74470031,dn2,32,0,1370,1520,2176,-992,-16880,48,22,-25,0
S,74475031,dn2,32,0,1370,1520,2128,-952,-17072,42,24,-29,0
S,74480031,dn2,32,0,1370,1520,2104,-904,-16920,42,24,-28,0
S,74485031,dn2,32,0,1370,1520,2112,-1000,-16880,36,19,-31,0
S,74490031,dn2,32,0,1370,1520,2168,-896,-16840,34,19,-31,0
S,74495031,dn2,32,0,1370,1520,2128,-976,-16896,27,26,-26,0
S,74500031,dn2,32,0,1370,1520,2144,-960,-16920,30,23,-34,0
S,74505031,dn2,32,0,1370,1520,2144,-856,-16856,34,28,-27,0
S,74510031,dn2,32,0,1370,1520,2216,-864,-16880,36,19,-31,0
S,74515031,dn2,32,0,1370,1520,2160,-848,-17064,41,28,-28,0
S,74520031,dn2,32,0,1370,1520,2264,-904,-16896,43,21,-25,0
S,74525031,dn2,32,0,1370,1520,2080,-936,-16976,46,22,-32,0
S,74530031,dn2,32,0,1370,1520,1984,-976,-17040,35,26,-29,0
S,74535031,dn2,32,0,1370,1520,2024,-928,-16968,30,17,-27,0
S,74540031,dn2,32,0,1370,1520,2176,-856,-16888,32,25,-28,0
S,74545031,dn2,32,0,1370,1520,2120,-952,-16952,35,18,-29,0
S,74550031,dn2,32,0,1370,1520,2144,-856,-16936,30,20,-27,0
S,74555030,dn2,32,0,1370,1520,2120,-816,-16992,38,18,-22,0
S,74560031,dn2,32,0,1370,1520,2144,-992,-17032,41,26,-32,0
S,74565031,dn2,32,0,1370,1520,2168,-912,-17088,40,26,-27,0
S,74570031,dn2,32,0,1370,1520,2008,-848,-16952,44,25,-33,0
S,74575030,dn2,32,0,1370,1520,2088,-888,-16960,38,28,-30,0
S,74580031,dn2,32,0,1370,1520,2272,-960,-16968,40,19,-32,0
S,74585031,dn2,32,0,1370,1520,2248,-944,-16976,35,23,-31,0
S,74590031,dn2,32,0,1370,1520,2176,-952,-17032,36,27,-30,0
S,74595031,dn2,32,0,1370,1520,2064,-936,-16968,30,17,-26,0
S,74600031,dn2,32,0,1370,1520,2128,-928,-16856,35,23,-35,0
S,74605031,dn2,32,0,1370,1520,2096,-952,-17072,36,20,-28,0
S,74610031,dn2,32,0,1370,1520,2184,-944,-16952,42,22,-29,0
S,74615031,dn2,32,0,1370,1520,2152,-896,-17024,44,24,-28,0
E,74615135,zero,-2,0,1520,1520,,,,,,,0
S,76115711,zero,-2,0,1520,1520,-344,-968,-17096,40,28,-29,0
S,76120702,zero,-2,0,1520,1520,-440,-968,-17152,43,24,-27,0
S,76125700,zero,-2,0,1520,1520,-360,-920,-17096,37,28,-25,0
S,76130699,zero,-2,0,1520,1520,-464,-912,-17104,40,25,-30,0
S,76135701,zero,-2,0,1520,1520,-400,-896,-17064,38,22,-33,0
S,76140699,zero,-2,0,1520,1520,-400,-1008,-17112,36,20,-31,0
S,76145700,zero,-2,0,1520,1520,-272,-936,-17152,37,22,-23,0
S,76150699,zero,-2,0,1520,1520,-392,-984,-17144,39,25,-23,0
S,76155700,zero,-2,0,1520,1520,-416,-880,-17104,43,23,-28,0
S,76160699,zero,-2,0,1520,1520,-328,-880,-17168,43,22,-33,0
S,76165700,zero,-2,0,1520,1520,-264,-1024,-17184,36,27,-30,0
S,76170699,zero,-2,0,1520,1520,-352,-1024,-17128,37,25,-33,0
S,76175700,zero,-2,0,1520,1520,-344,-1080,-17032,36,20,-31,0
S,76180699,zero,-2,0,1520,1520,-848,-856,-16944,39,27,-24,0
S,76185700,zero,-2,0,1520,1520,192,-664,-17376,39,23,-34,0
S,76190699,zero,-2,0,1520,1520,-776,-1312,-17752,35,24,-24,0
S,76195701,zero,-2,0,1520,1520,160,-728,-16856,42,22,-31,0
S,76200699,zero,-2,0,1520,1520,-896,-1120,-17288,52,23,-30,0
S,76205700,zero,-2,0,1520,1520,320,-752,-16760,43,25,-26,0
S,76210699,zero,-2,0,1520,1520,-584,-1216,-16992,41,21,-28,0
S,76215700,zero,-2,0,1520,1520,-232,-928,-16928,35,23,-27,0
S,76220699,zero,-2,0,1520,1520,-416,-1032,-16984,38,27,-35,0
S,76225700,zero,-2,0,1520,1520,-384,-1080,-17248,35,26,-26,0
S,76230699,zero,-2,0,1520,1520,-216,-896,-17224,32,30,-29,0
S,76235700,zero,-2,0,1520,1520,-384,-936,-17048,31,27,-30,0
S,76240699,zero,-2,0,1520,1520,-528,-904,-17072,38,23,-32,0
S,76245700,zero,-2,0,1520,1520,-280,-1000,-17320,35,25,-34,0
S,76250699,zero,-2,0,1520,1520,-280,-800,-17128,35,22,-34,0
S,76255700,zero,-2,0,1520,1520,-352,-872,-16968,40,25,-32,0
S,76260699,zero,-2,0,1520,1520,-296,-928,-16848,40,23,-29,0
S,76265700,zero,-2,0,1520,1520,-224,-1064,-17168,40,19,-30,0
S,76270699,zero,-2,0,1520,1520,-360,-976,-17152,41,26,-23,0
S,76275700,zero,-2,0,1520,1520,-368,-1160,-17024,39,24,-30,0
S,76280699,zero,-2,0,1520,1520,-320,-904,-17088,40,26,-29,0
S,76285700,zero,-2,0,1520,1520,-368,-840,-17160,34,29,-27,0
S,76290699,zero,-2,0,1520,1520,-352,-920,-16992,36,19,-26,0
S,76295700,zero,-2,0,1520,1520,-296,-960,-17072,33,23,-32,0
S,76300699,zero,-2,0,1520,1520,-304,-1008,-17120,33,21,-30,0
S,76305700,zero,-2,0,1520,1520,-344,-1000,-17112,39,21,-31,0
S,76310699,zero,-2,0,1520,1520,-440,-920,-17168,40,24,-28,0
S,76315700,zero,-2,0,1520,1520,-304,-1024,-17008,43,21,-26,0
S,76320699,zero,-2,0,1520,1520,-352,-992,-17120,40,25,-34,0
S,76325700,zero,-2,0,1520,1520,-296,-944,-17096,40,25,-32,0
S,76330699,zero,-2,0,1520,1520,-520,-960,-17072,39,19,-31,0
S,76335700,zero,-2,0,1520,1520,-400,-960,-17160,28,20,-29,0
S,76340699,zero,-2,0,1520,1520,-424,-1008,-17120,32,21,-31,0
S,76345701,zero,-2,0,1520,1520,-448,-960,-17152,36,25,-28,0
S,76350699,zero,-2,0,1520,1520,-408,-936,-17024,31,26,-35,0
S,76355700,zero,-2,0,1520,1520,-416,-968,-16968,36,22,-33,0
S,76360699,zero,-2,0,1520,1520,-272,-968,-17128,44,28,-27,0
S,76365700,zero,-2,0,1520,1520,-344,-1048,-17160,41,27,-25,0
S,76370699,zero,-2,0,1520,1520,-432,-992,-17200,39,22,-34,0
S,76375700,zero,-2,0,1520,1520,-400,-928,-17088,36,26,-27,0
S,76380699,zero,-2,0,1520,1520,-352,-928,-17136,39,21,-28,0
S,76385700,zero,-2,0,1520,1520,-480,-968,-17024,38,28,-31,0
S,76390699,zero,-2,0,1520,1520,-376,-944,-17184,34,26,-27,0
S,76395700,zero,-2,0,1520,1520,-384,-912,-17040,34,31,-30,0
S,76400699,zero,-2,0,1520,1520,-248,-904,-17136,35,18,-32,0
S,76405700,zero,-2,0,1520,1520,-440,-1024,-17112,32,27,-29,0
S,76410699,zero,-2,0,1520,1520,-360,-920,-17112,43,20,-24,0
S,76415700,zero,-2,0,1520,1520,-376,-880,-17048,38,22,-29,0
S,76420699,zero,-2,0,1520,1520,-272,-896,-17088,41,22,-27,0
S,76425700,zero,-2,0,1520,1520,-384,-984,-17048,41,25,-31,0
S,76430699,zero,-2,0,1520,1520,-344,-952,-17008,44,24,-28,0
S,76435700,zero,-2,0,1520,1520,-336,-856,-17000,34,28,-33,0
S,76440699,zero,-2,0,1520,1520,-280,-1016,-17088,37,26,-32,0
S,76445700,zero,-2,0,1520,1520,-320,-872,-16920,42,22,-24,0
S,76450699,zero,-2,0,1520,1520,-344,-904,-17032,33,22,-30,0
S,76455700,zero,-2,0,1520,1520,-248,-936,-17192,38,24,-29,0
S,76460699,zero,-2,0,1520,1520,-472,-976,-17056,36,28,-28,0
S,76465700,zero,-2,0,1520,1520,-304,-872,-17080,38,22,-31,0
S,76470699,zero,-2,0,1520,1520,-336,-944,-17088,36,21,-28,0
S,76475700,zero,-2,0,1520,1520,-384,-984,-17056,35,23,-24,0
S,76480699,zero,-2,0,1520,1520,-256,-928,-17136,40,24,-33,0
S,76485700,zero,-2,0,1520,1520,-272,-1024,-17096,38,23,-26,0
S,76490699,zero,-2,0,1520,1520,-288,-920,-17216,35,19,-33,0
S,76495700,zero,-2,0,1520,1520,-408,-968,-17088,44,24,-28,0
S,76500699,zero,-2,0,1520,1520,-328,-912,-17040,38,24,-33,0
S,76505700,zero,-2,0,1520,1520,-240,-952,-17056,37,24,-29,0
S,76510699,zero,-2,0,1520,1520,-272,-928,-17080,35,23,-33,0
S,76515700,zero,-2,0,1520,1520,-368,-904,-17056,37,24,-35,0
S,76520699,zero,-2,0,1520,1520,-376,-952,-17168,32,22,-32,0
S,76525700,zero,-2,0,1520,1520,-280,-768,-17032,36,24,-25,0
S,76530699,zero,-2,0,1520,1520,-344,-944,-17224,41,28,-30,0
S,76535700,zero,-2,0,1520,1520,-384,-976,-17176,39,25,-30,0
S,76540699,zero,-2,0,1520,1520,-416,-984,-16984,41,24,-32,0
S,76545700,zero,-2,0,1520,1520,-384,-1008,-17080,38,23,-37,0
S,76550699,zero,-2,0,1520,1520,-280,-912,-17024,40,20,-28,0
S,76555700,zero,-2,0,1520,1520,-272,-944,-17144,36,28,-24,0
S,76560699,zero,-2,0,1520,1520,-328,-800,-17024,38,23,-28,0
S,76565700,zero,-2,0,1520,1520,-392,-904,-17088,39,25,-27,0
S,76570699,zero,-2,0,1520,1520,-464,-928,-17088,34,26,-31,0
S,76575700,zero,-2,0,1520,1520,-416,-1040,-16960,43,25,-29,0
S,76580699,zero,-2,0,1520,1520,-280,-936,-17032,39,16,-28,0
S,76585700,zero,-2,0,1520,1520,-344,-896,-17176,38,26,-31,0
S,76590699,zero,-2,0,1520,1520,-360,-816,-17120,38,28,-27,0
S,76595701,zero,-2,0,1520,1520,-368,-960,-17112,38,20,-28,0
S,76600699,zero,-2,0,1520,1520,-512,-944,-17080,36,18,-31,0
S,76605700,zero,-2,0,1520,1520,-320,-952,-17128,38,22,-27,0
S,76610699,zero,-2,0,1520,1520,-440,-904,-17096,28,22,-31,0
S,76615700,zero,-2,0,1520,1520,-328,-864,-17168,39,27,-29,0
S,76620699,zero,-2,0,1520,1520,-384,-912,-17048,35,21,-33,0
S,76625700,zero,-2,0,1520,1520,-360,-848,-17008,38,22,-35,0
S,76630699,zero,-2,0,1520,1520,-400,-912,-17104,44,24,-25,0
S,76635700,zero,-2,0,1520,1520,-536,-952,-17056,41,22,-31,0
S,76640699,zero,-2,0,1520,1520,-376,-904,-17056,42,21,-32,0
S,76645700,zero,-2,0,1520,1520,-328,-864,-17096,42,20,-28,0
S,76650699,zero,-2,0,1520,1520,-352,-880,-17216,40,27,-25,0
S,76655700,zero,-2,0,1520,1520,-456,-872,-17120,35,18,-33,0
S,76660699,zero,-2,0,1520,1520,-424,-968,-16976,36,21,-23,0
S,76665700,zero,-2,0,1520,1520,-400,-936,-16928,36,24,-34,0
S,76670699,zero,-2,0,1520,1520,-464,-992,-17040,40,25,-26,0
S,76675700,zero,-2,0,1520,1520,-400,-928,-17072,39,15,-25,0
S,76680699,zero,-2,0,1520,1520,-360,-1008,-17064,36,23,-31,0
S,76685700,zero,-2,0,1520,1520,-352,-984,-17096,46,22,-33,0
S,76690699,zero,-2,0,1520,1520,-328,-912,-17048,38,26,-32,0
S,76695700,zero,-2,0,1520,1520,-312,-912,-17048,43,27,-32,0
S,76700699,zero,-2,0,1520,1520,-440,-1072,-17200,40,26,-26,0
S,76705700,zero,-2,0,1520,1520,-464,-936,-17056,39,25,-32,0
S,76710699,zero,-2,0,1520,1520,-304,-1008,-17016,39,19,-24,0
S,76715700,zero,-2,0,1520,1520,-304,-968,-17200,32,25,-28,0
S,76720699,zero,-2,0,1520,1520,-400,-880,-17056,37,17,-25,0
S,76725700,zero,-2,0,1520,1520,-360,-896,-17024,35,16,-29,0
S,76730699,zero,-2,0,1520,1520,-360,-920,-17128,34,19,-24,0
S,76735700,zero,-2,0,1520,1520,-352,-1024,-17072,38,27,-32,0
S,76740699,zero,-2,0,1520,1520,-368,-960,-17080,39,21,-29,0
S,76745700,zero,-2,0,1520,1520,-432,-1064,-17096,36,22,-25,0
S,76750699,zero,-2,0,1520,1520,-288,-1000,-17256,46,25,-25,0
S,76755700,zero,-2,0,1520,1520,-352,-736,-17216,32,24,-31,0
S,76760699,zero,-2,0,1520,1520,-440,-888,-16984,40,26,-32,0
S,76765700,zero,-2,0,1520,1520,-392,-928,-17056,36,21,-31,0
S,76770699,zero,-2,0,1520,1520,-368,-904,-17080,37,23,-26,0
S,76775700,zero,-2,0,1520,1520,-200,-976,-17080,45,24,-25,0
S,76780699,zero,-2,0,1520,1520,-304,-928,-17096,40,22,-29,0
S,76785701,zero,-2,0,1520,1520,-448,-1008,-17032,38,23,-23,0
S,76790699,zero,-2,0,1520,1520,-384,-952,-17048,37,23,-31,0
S,76795700,zero,-2,0,1520,1520,-384,-896,-16936,39,27,-31,0
S,76800699,zero,-2,0,1520,1520,-208,-824,-17112,42,28,-24,0
S,76805700,zero,-2,0,1520,1520,-328,-968,-16992,33,24,-26,0
S,76810699,zero,-2,0,1520,1520,-352,-1056,-17080,39,17,-27,0
S,76815700,zero,-2,0,1520,1520,-368,-848,-17032,34,24,-31,0
S,76820699,zero,-2,0,1520,1520,-312,-880,-17024,37,24,-28,0
S,76825700,zero,-2,0,1520,1520,-392,-840,-17208,39,18,-27,0
S,76830699,zero,-2,0,1520,1520,-336,-888,-17024,44,22,-27,0
S,76835700,zero,-2,0,1520,1520,-216,-936,-17000,39,24,-28,0
S,76840699,zero,-2,0,1520,1520,-376,-960,-17192,33,24,-34,0
S,76845700,zero,-2,0,1520,1520,-352,-960,-17136,36,23,-30,0
S,76850699,zero,-2,0,1520,1520,-336,-1056,-17072,39,25,-29,0
S,76855700,zero,-2,0,1520,1520,-432,-1000,-17200,34,27,-28,0
S,76860699,zero,-2,0,1520,1520,-288,-1040,-17136,42,21,-28,0
S,76865700,zero,-2,0,1520,1520,-312,-936,-17104,40,22,-27,0
S,76870699,zero,-2,0,1520,1520,-416,-984,-17032,38,26,-25,0
S,76875701,zero,-2,0,1520,1520,-392,-880,-17144,39,24,-27,0
S,76880699,zero,-2,0,1520,1520,-344,-872,-17048,39,21,-30,0
S,76885700,zero,-2,0,1520,1520,-456,-912,-17088,36,27,-30,0
S,76890699,zero,-2,0,1520,1520,-320,-824,-16968,39,21,-28,0
S,76895700,zero,-2,0,1520,1520,-296,-1032,-16672,35,20,-30,0
S,76900699,zero,-2,0,1520,1520,-440,-1000,-17392,45,17,-33,0
S,76905700,zero,-2,0,1520,1520,-264,-840,-17184,36,21,-27,0
S,76910699,zero,-2,0,1520,1520,-400,-1048,-17384,33,20,-26,0
S,76915700,zero,-2,0,1520,1520,-376,-928,-16792,38,20,-27,0
S,76920699,zero,-2,0,1520,1520,-96,-936,-16880,39,23,-32,0
S,76925700,zero,-2,0,1520,1520,-432,-896,-17128,33,26,-33,0
S,76930699,zero,-2,0,1520,1520,-280,-1000,-16856,41,22,-34,0
S,76935700,zero,-2,0,1520,1520,-352,-984,-17136,41,29,-33,0
S,76940699,zero,-2,0,1520,1520,-352,-936,-17112,42,22,-29,0
S,76945700,zero,-2,0,1520,1520,-432,-984,-17344,36,18,-34,0
S,76950699,zero,-2,0,1520,1520,-392,-888,-17256,38,24,-25,0
S,76955700,zero,-2,0,1520,1520,-344,-984,-17008,34,24,-28,0
S,76960699,zero,-2,0,1520,1520,-344,-896,-17160,40,18,-32,0
S,76965700,zero,-2,0,1520,1520,-440,-784,-17280,39,22,-25,0
S,76970699,zero,-2,0,1520,1520,-416,-1000,-17024,36,26,-30,0
S,76975700,zero,-2,0,1520,1520,-448,-960,-17112,37,24,-33,0
S,76980699,zero,-2,0,1520,1520,-432,-904,-17176,43,28,-29,0
S,76985700,zero,-2,0,1520,1520,-280,-888,-17128,47,18,-34,0
S,76990699,zero,-2,0,1520,1520,-408,-888,-17080,40,30,-28,0
S,76995700,zero,-2,0,1520,1520,-368,-832,-17032,36,23,-32,0
S,77000699,zero,-2,0,1520,1520,-336,-872,-17184,40,18,-30,0
S,77005700,zero,-2,0,1520,1520,-384,-1024,-16944,35,25,-31,0
S,77010699,zero,-2,0,1520,1520,-384,-1024,-17008,43,23,-26,0
S,77015700,zero,-2,0,1520,1520,-368,-920,-16944,39,17,-27,0
S,77020699,zero,-2,0,1520,1520,-424,-808,-17216,40,20,-32,0
S,77025700,zero,-2,0,1520,1520,-320,-952,-17168,39,24,-28,0
S,77030699,zero,-2,0,1520,1520,-344,-904,-17064,39,22,-31,0
S,77035701,zero,-2,0,1520,1520,-384,-856,-17032,40,21,-35,0
S,77040699,zero,-2,0,1520,1520,-368,-1032,-17240,43,20,-24,0
S,77045700,zero,-2,0,1520,1520,-328,-1008,-17112,43,22,-28,0
S,77050699,zero,-2,0,1520,1520,-392,-1064,-17184,34,22,-32,0
S,77055700,zero,-2,0,1520,1520,-232,-888,-17136,36,23,-28,0
S,77060699,zero,-2,0,1520,1520,-392,-1008,-17144,34,23,-27,0
S,77065700,zero,-2,0,1520,1520,-320,-1040,-17032,39,20,-33,0
S,77070699,zero,-2,0,1520,1520,-344,-952,-17120,38,21,-31,0
S,77075700,zero,-2,0,1520,1520,-296,-936,-17056,43,29,-32,0
S,77080699,zero,-2,0,1520,1520,-296,-944,-17056,36,22,-33,0
S,77085700,zero,-2,0,1520,1520,-424,-912,-17096,39,23,-29,0
S,77090699,zero,-2,0,1520,1520,-376,-1032,-16968,36,23,-32,0
S,77095700,zero,-2,0,1520,1520,-336,-992,-17248,42,23,-31,0
S,77100699,zero,-2,0,1520,1520,-328,-968,-17136,41,23,-29,0
S,77105700,zero,-2,0,1520,1520,-288,-928,-16968,39,23,-25,0
S,77110699,zero,-2,0,1520,1520,-392,-976,-17040,33,27,-25,0
S,77115700,zero,-2,0,1520,1520,-344,-928,-17104,34,19,-28,0
