t_epoch,phase,sweep_idx,a_cmd_us,b_cmd_us,a_cmd_norm,b_cmd_norm,voltage_v,current_a
1785437592.1505203,idle_pre,0,1000,1000,0.0,0.0,11.201,0.0
1785437592.169466,idle_pre,0,1000,1000,0.0,0.0,11.168,0.0
1785437592.1894946,idle_pre,0,1000,1000,0.0,0.0,11.161,0.0
1785437592.2085514,idle_pre,0,1000,1000,0.0,0.0,11.169,0.0
1785437592.229422,idle_pre,0,1000,1000,0.0,0.0,11.174,0.0
1785437592.2512228,idle_pre,0,1000,1000,0.0,0.0,11.158,0.0
1785437592.2684474,idle_pre,0,1000,1000,0.0,0.0,11.163,0.0
1785437592.289397,idle_pre,0,1000,1000,0.0,0.0,11.251,0.02
1785437592.3103962,idle_pre,0,1000,1000,0.0,0.0,11.11,0.0
1785437592.3284092,idle_pre,0,1000,1000,0.0,0.0,11.166,0.0
1785437592.3525286,idle_pre,0,1000,1000,0.0,0.0,11.158,0.0
1785437592.3706229,idle_pre,0,1000,1000,0.0,0.0,11.264,0.0
1785437592.3894708,idle_pre,0,1000,1000,0.0,0.0,11.166,0.0
1785437592.4103987,idle_pre,0,1000,1000,0.0,0.0,11.166,0.0
1785437592.4284732,idle_pre,0,1000,1000,0.0,0.0,11.181,0.0
1785437592.45245,idle_pre,0,1000,1000,0.0,0.0,11.162,0.0
1785437592.470448,idle_pre,0,1000,1000,0.0,0.0,11.16,0.0
1785437592.4884079,idle_pre,0,1000,1000,0.0,0.0,11.157,0.0
1785437592.5104256,idle_pre,0,1000,1000,0.0,0.0,11.161,0.0
1785437592.5304136,idle_pre,0,1000,1000,0.0,0.0,11.161,0.0
1785437592.5514457,idle_pre,0,1000,1000,0.0,0.0,11.163,0.0
1785437592.569403,idle_pre,0,1000,1000,0.0,0.0,11.167,0.0
1785437592.5904064,idle_pre,0,1000,1000,0.0,0.0,11.157,0.0
1785437592.6094062,idle_pre,0,1000,1000,0.0,0.0,11.159,0.0
1785437592.6304257,idle_pre,0,1000,1000,0.0,0.0,11.165,0.0
1785437592.6525378,idle_pre,0,1000,1000,0.0,0.0,11.177,0.0
1785437592.6685686,idle_pre,0,1000,1000,0.0,0.0,11.169,0.0
1785437592.6894693,idle_pre,0,1000,1000,0.0,0.0,11.165,0.0
1785437592.7110286,idle_pre,0,1000,1000,0.0,0.0,11.169,0.0
1785437592.728409,idle_pre,0,1000,1000,0.0,0.0,11.175,0.0
1785437592.752453,idle_pre,0,1000,1000,0.0,0.0,11.139,0.0
1785437592.7704704,idle_pre,0,1000,1000,0.0,0.0,11.169,0.0
1785437592.789656,idle_pre,0,1000,1000,0.0,0.0,11.174,0.0
1785437592.810424,idle_pre,0,1000,1000,0.0,0.0,11.165,0.0
1785437592.8294106,idle_pre,0,1000,1000,0.0,0.0,11.159,0.0
1785437592.8518677,idle_pre,0,1000,1000,0.0,0.0,11.142,0.0
1785437592.8694108,idle_pre,0,1000,1000,0.0,0.0,11.159,0.0
1785437592.8904426,idle_pre,0,1000,1000,0.0,0.0,11.166,0.0
1785437592.9084299,idle_pre,0,1000,1000,0.0,0.0,11.163,0.0
1785437592.92993,idle_pre,0,1000,1000,0.0,0.0,11.162,0.0
1785437592.9512005,idle_pre,0,1000,1000,0.0,0.0,11.089,0.1
1785437592.9684818,idle_pre,0,1000,1000,0.0,0.0,11.155,0.0
1785437592.9904141,idle_pre,0,1000,1000,0.0,0.0,11.166,0.0
1785437593.008423,idle_pre,0,1000,1000,0.0,0.0,11.168,0.0
1785437593.0297492,idle_pre,0,1000,1000,0.0,0.0,11.168,0.0
1785437593.050471,idle_pre,0,1000,1000,0.0,0.0,11.177,0.0
1785437593.0694757,idle_pre,0,1000,1000,0.0,0.0,11.159,0.0
1785437593.0905554,idle_pre,0,1000,1000,0.0,0.0,11.162,0.0
1785437593.1084652,idle_pre,0,1000,1000,0.0,0.0,11.163,0.0
1785437593.1294575,idle_pre,0,1000,1000,0.0,0.0,11.167,0.0
1785437593.1505737,idle_pre,0,1000,1000,0.0,0.0,11.171,0.0
1785437593.1690402,idle_pre,0,1000,1000,0.0,0.0,11.172,0.0
1785437593.1904876,idle_pre,0,1000,1000,0.0,0.0,11.168,0.0
1785437593.2084599,idle_pre,0,1000,1000,0.0,0.0,11.101,0.0
1785437593.2294567,idle_pre,0,1000,1000,0.0,0.0,11.092,0.0
1785437593.2524784,idle_pre,0,1000,1000,0.0,0.0,11.12,0.0
1785437593.2704313,idle_pre,0,1000,1000,0.0,0.0,11.193,0.03
1785437593.288487,idle_pre,0,1000,1000,0.0,0.0,11.158,0.0
1785437593.309454,idle_pre,0,1000,1000,0.0,0.0,11.163,0.0
1785437593.3285067,idle_pre,0,1000,1000,0.0,0.0,11.161,0.0
1785437593.35253,idle_pre,0,1000,1000,0.0,0.0,11.165,0.0
1785437593.3709178,idle_pre,0,1000,1000,0.0,0.0,11.086,0.0
1785437593.3884284,idle_pre,0,1000,1000,0.0,0.0,11.166,0.0
1785437593.41043,idle_pre,0,1000,1000,0.0,0.0,11.162,0.0
1785437593.430055,idle_pre,0,1000,1000,0.0,0.0,11.173,0.0
1785437593.4504967,idle_pre,0,1000,1000,0.0,0.0,11.117,0.0
1785437593.4695683,idle_pre,0,1000,1000,0.0,0.0,11.125,0.0
1785437593.490487,idle_pre,0,1000,1000,0.0,0.0,11.165,0.0
1785437593.508898,idle_pre,0,1000,1000,0.0,0.0,11.168,0.0
1785437593.5294638,idle_pre,0,1000,1000,0.0,0.0,11.168,0.0
1785437593.551481,idle_pre,0,1000,1000,0.0,0.0,11.166,0.0
1785437593.5681539,idle_pre,0,1000,1000,0.0,0.0,11.161,0.0
1785437593.5884867,idle_pre,0,1000,1000,0.0,0.0,11.164,0.0
1785437593.6094992,idle_pre,0,1000,1000,0.0,0.0,11.162,0.0
1785437593.6304905,idle_pre,0,1000,1000,0.0,0.0,11.175,0.0
1785437593.6514945,idle_pre,0,1000,1000,0.0,0.0,11.163,0.0
1785437593.6706457,idle_pre,0,1000,1000,0.0,0.0,11.177,0.0
1785437593.6884642,idle_pre,0,1000,1000,0.0,0.0,11.162,0.0
1785437593.7094743,idle_pre,0,1000,1000,0.0,0.0,11.178,0.0
1785437593.7304401,idle_pre,0,1000,1000,0.0,0.0,11.171,0.0
1785437593.7515225,idle_pre,0,1000,1000,0.0,0.0,11.157,0.0
1785437593.7684412,idle_pre,0,1000,1000,0.0,0.0,11.173,0.0
1785437593.7894495,idle_pre,0,1000,1000,0.0,0.0,11.16,0.0
1785437593.8084548,idle_pre,0,1000,1000,0.0,0.0,11.171,0.0
1785437593.8304408,idle_pre,0,1000,1000,0.0,0.0,11.165,0.0
1785437593.8514779,idle_pre,0,1000,1000,0.0,0.0,11.166,0.0
1785437593.8705053,idle_pre,0,1000,1000,0.0,0.0,11.154,0.0
1785437593.8894649,idle_pre,0,1000,1000,0.0,0.0,11.191,0.0
1785437593.9104757,idle_pre,0,1000,1000,0.0,0.0,11.167,0.0
1785437593.929506,idle_pre,0,1000,1000,0.0,0.0,11.16,0.0
1785437593.950471,idle_pre,0,1000,1000,0.0,0.0,11.155,0.0
1785437593.9684467,idle_pre,0,1000,1000,0.0,0.0,11.171,0.0
1785437593.9894695,idle_pre,0,1000,1000,0.0,0.0,11.177,0.0
1785437594.0104935,idle_pre,0,1000,1000,0.0,0.0,11.172,0.0
1785437594.0284557,idle_pre,0,1000,1000,0.0,0.0,11.168,0.0
1785437594.0506144,idle_pre,0,1000,1000,0.0,0.0,11.161,0.0
1785437594.068554,idle_pre,0,1000,1000,0.0,0.0,11.164,0.0
1785437594.0901117,idle_pre,0,1000,1000,0.0,0.0,11.171,0.0
1785437594.1105325,idle_pre,0,1000,1000,0.0,0.0,11.268,0.0
1785437594.1296523,idle_pre,0,1000,1000,0.0,0.0,11.134,0.0
1785437594.151073,idle_pre,0,1000,1000,0.0,0.0,11.17,0.0
1785437594.1689188,idle_pre,0,1000,1000,0.0,0.0,11.168,0.0
1785437594.1895337,idle_pre,0,1000,1000,0.0,0.0,11.261,0.0
1785437594.2105124,idle_pre,0,1000,1000,0.0,0.0,11.166,0.0
1785437594.2286634,idle_pre,0,1000,1000,0.0,0.0,11.172,0.0
1785437594.252632,idle_pre,0,1000,1000,0.0,0.0,11.23,0.0
1785437594.2707677,idle_pre,0,1000,1000,0.0,0.0,11.159,0.0
1785437594.2884884,idle_pre,0,1000,1000,0.0,0.0,11.166,0.0
1785437594.310859,idle_pre,0,1000,1000,0.0,0.0,11.133,0.0
1785437594.3285189,idle_pre,0,1000,1000,0.0,0.0,11.166,0.0
1785437594.3528473,idle_pre,0,1000,1000,0.0,0.0,11.165,0.0
1785437594.3710024,idle_pre,0,1000,1000,0.0,0.0,11.173,0.0
1785437594.3894608,idle_pre,0,1000,1000,0.0,0.0,11.166,0.0
1785437594.4104614,idle_pre,0,1000,1000,0.0,0.0,11.166,0.0
1785437594.4284675,idle_pre,0,1000,1000,0.0,0.0,11.17,0.0
1785437594.45252,idle_pre,0,1000,1000,0.0,0.0,11.112,0.0
1785437594.4705205,idle_pre,0,1000,1000,0.0,0.0,11.165,0.0
1785437594.4887264,idle_pre,0,1000,1000,0.0,0.0,11.165,0.0
1785437594.5104666,idle_pre,0,1000,1000,0.0,0.0,11.176,0.0
1785437594.5284643,idle_pre,0,1000,1000,0.0,0.0,11.167,0.0
1785437594.552515,idle_pre,0,1000,1000,0.0,0.0,11.19,0.0
1785437594.5708978,idle_pre,0,1000,1000,0.0,0.0,11.177,0.0
1785437594.5895174,idle_pre,0,1000,1000,0.0,0.0,11.162,0.0
1785437594.6084845,idle_pre,0,1000,1000,0.0,0.0,11.172,0.0
1785437594.6297033,idle_pre,0,1000,1000,0.0,0.0,11.165,0.0
1785437594.6515162,idle_pre,0,1000,1000,0.0,0.0,11.168,0.0
1785437594.669751,idle_pre,0,1000,1000,0.0,0.0,11.166,0.0
1785437594.6910777,idle_pre,0,1000,1000,0.0,0.0,11.278,0.0
1785437594.7084885,idle_pre,0,1000,1000,0.0,0.0,11.167,0.0
1785437594.7304833,idle_pre,0,1000,1000,0.0,0.0,11.173,0.0
1785437594.7515273,idle_pre,0,1000,1000,0.0,0.0,11.162,0.0
1785437594.770313,idle_pre,0,1000,1000,0.0,0.0,11.241,0.0
1785437594.79049,idle_pre,0,1000,1000,0.0,0.0,11.17,0.0
1785437594.8084736,idle_pre,0,1000,1000,0.0,0.0,11.169,0.0
1785437594.8294895,idle_pre,0,1000,1000,0.0,0.0,11.165,0.0
1785437594.851721,idle_pre,0,1000,1000,0.0,0.0,11.16,0.0
1785437594.869479,idle_pre,0,1000,1000,0.0,0.0,11.163,0.0
1785437594.8880427,idle_pre,0,1000,1000,0.0,0.0,11.159,0.0
1785437594.9085252,idle_pre,0,1000,1000,0.0,0.0,11.171,0.0
1785437594.9295094,idle_pre,0,1000,1000,0.0,0.0,11.156,0.0
1785437594.9509332,idle_pre,0,1000,1000,0.0,0.0,11.163,0.0
1785437594.9684863,idle_pre,0,1000,1000,0.0,0.0,11.147,0.0
1785437594.9904797,idle_pre,0,1000,1000,0.0,0.0,11.157,0.0
1785437595.0095396,idle_pre,0,1000,1000,0.0,0.0,11.164,0.0
1785437595.0305803,idle_pre,0,1000,1000,0.0,0.0,11.169,0.0
1785437595.0525174,idle_pre,0,1000,1000,0.0,0.0,11.168,0.0
1785437595.0704832,idle_pre,0,1000,1000,0.0,0.0,11.167,0.0
1785437595.0884993,idle_pre,0,1000,1000,0.0,0.0,11.155,0.0
1785437595.1096942,idle_pre,0,1000,1000,0.0,0.0,11.172,0.0
1785437595.1285195,idle_pre,0,1000,1000,0.0,0.0,11.169,0.0
1785437595.1509504,idle_pre,0,1000,1000,0.0,0.0,11.105,0.0
1785437595.168673,idle_pre,0,1000,1000,0.0,0.0,11.166,0.0
1785437595.1905444,idle_pre,0,1000,1000,0.0,0.0,11.172,0.0
1785437595.208617,idle_pre,0,1000,1000,0.0,0.0,11.165,0.0
1785437595.2295299,idle_pre,0,1000,1000,0.0,0.0,11.102,0.0
1785437595.2505744,idle_pre,0,1000,1000,0.0,0.0,11.147,0.0
1785437595.269551,idle_pre,0,1000,1000,0.0,0.0,11.165,0.0
1785437595.2885163,idle_pre,0,1000,1000,0.0,0.0,11.174,0.0
1785437595.3097296,idle_pre,0,1000,1000,0.0,0.0,11.165,0.0
1785437595.3304906,idle_pre,0,1000,1000,0.0,0.0,11.164,0.0
1785437595.3516262,idle_pre,0,1000,1000,0.0,0.0,11.143,0.05
1785437595.3708277,idle_pre,0,1000,1000,0.0,0.0,11.147,0.0
1785437595.3884938,idle_pre,0,1000,1000,0.0,0.0,11.165,0.0
1785437595.4098537,idle_pre,0,1000,1000,0.0,0.0,11.158,0.0
1785437595.4306014,idle_pre,0,1000,1000,0.0,0.0,11.166,0.0
1785437595.4525793,idle_pre,0,1000,1000,0.0,0.0,11.162,0.0
1785437595.4705722,idle_pre,0,1000,1000,0.0,0.0,11.169,0.0
1785437595.4893637,idle_pre,0,1000,1000,0.0,0.0,11.162,0.0
1785437595.5089555,idle_pre,0,1000,1000,0.0,0.0,11.17,0.0
1785437595.5295203,idle_pre,0,1000,1000,0.0,0.0,11.166,0.0
1785437595.5510726,idle_pre,0,1000,1000,0.0,0.0,11.165,0.0
1785437595.5688982,idle_pre,0,1000,1000,0.0,0.0,11.213,0.0
1785437595.5895889,idle_pre,0,1000,1000,0.0,0.0,11.149,0.0
1785437595.6105244,idle_pre,0,1000,1000,0.0,0.0,11.159,0.0
1785437595.6286604,idle_pre,0,1000,1000,0.0,0.0,11.171,0.0
1785437595.6526005,idle_pre,0,1000,1000,0.0,0.0,11.16,0.0
1785437595.670623,idle_pre,0,1000,1000,0.0,0.0,11.163,0.0
1785437595.6895318,idle_pre,0,1000,1000,0.0,0.0,11.156,0.0
1785437595.708074,idle_pre,0,1000,1000,0.0,0.0,11.164,0.0
1785437595.7287097,idle_pre,0,1000,1000,0.0,0.0,11.158,0.0
1785437595.7517028,idle_pre,0,1000,1000,0.0,0.0,11.156,0.0
1785437595.7695107,idle_pre,0,1000,1000,0.0,0.0,11.178,0.0
1785437595.7905061,idle_pre,0,1000,1000,0.0,0.0,11.169,0.0
1785437595.8088932,idle_pre,0,1000,1000,0.0,0.0,11.172,0.0
1785437595.8305736,idle_pre,0,1000,1000,0.0,0.0,11.175,0.0
1785437595.8516276,idle_pre,0,1000,1000,0.0,0.0,11.196,0.0
1785437595.8696349,idle_pre,0,1000,1000,0.0,0.0,11.134,0.0
1785437595.8905272,idle_pre,0,1000,1000,0.0,0.0,11.179,0.0
1785437595.9096293,idle_pre,0,1000,1000,0.0,0.0,11.169,0.0
1785437595.9305687,idle_pre,0,1000,1000,0.0,0.0,11.157,0.0
1785437595.9516306,idle_pre,0,1000,1000,0.0,0.0,11.163,0.0
1785437595.968706,idle_pre,0,1000,1000,0.0,0.0,11.168,0.0
1785437595.989693,idle_pre,0,1000,1000,0.0,0.0,11.159,0.0
1785437596.0110528,idle_pre,0,1000,1000,0.0,0.0,11.155,0.0
1785437596.0286093,idle_pre,0,1000,1000,0.0,0.0,11.161,0.0
1785437596.0509472,idle_pre,0,1000,1000,0.0,0.0,11.159,0.0
1785437596.0695255,idle_pre,0,1000,1000,0.0,0.0,11.163,0.0
1785437596.0905926,idle_pre,0,1000,1000,0.0,0.0,11.162,0.0
1785437596.109964,idle_pre,0,1000,1000,0.0,0.0,11.166,0.0
1785437596.1305172,idle_pre,0,1000,1000,0.0,0.0,11.165,0.0
1785437596.1521277,idle_pre,0,1000,1000,0.0,0.0,11.166,0.0
1785437596.169773,idle_pre,0,1000,1000,0.0,0.0,11.177,0.0
1785437596.1911938,idle_pre,0,1000,1000,0.0,0.0,11.16,0.0
1785437596.2085907,idle_pre,0,1000,1000,0.0,0.0,11.166,0.0
1785437596.2296696,idle_pre,0,1000,1000,0.0,0.0,11.175,0.0
1785437596.2514327,idle_pre,0,1000,1000,0.0,0.0,11.166,0.0
1785437596.2700374,idle_pre,0,1000,1000,0.0,0.0,11.161,0.0
1785437596.290574,idle_pre,0,1000,1000,0.0,0.0,11.168,0.0
1785437596.3086567,idle_pre,0,1000,1000,0.0,0.0,11.177,0.0
1785437596.3297076,idle_pre,0,1000,1000,0.0,0.0,11.157,0.0
1785437596.35269,idle_pre,0,1000,1000,0.0,0.0,11.17,0.0
1785437596.3705564,idle_pre,0,1000,1000,0.0,0.0,11.169,0.0
1785437596.3892453,idle_pre,0,1000,1000,0.0,0.0,11.156,0.0
1785437596.4098442,idle_pre,0,1000,1000,0.0,0.0,11.17,0.0
1785437596.4285426,idle_pre,0,1000,1000,0.0,0.0,11.169,0.0
1785437596.4526477,idle_pre,0,1000,1000,0.0,0.0,11.17,0.0
1785437596.470579,idle_pre,0,1000,1000,0.0,0.0,11.168,0.0
1785437596.488579,idle_pre,0,1000,1000,0.0,0.0,11.176,0.0
1785437596.5097106,idle_pre,0,1000,1000,0.0,0.0,11.185,0.05
1785437596.5305297,idle_pre,0,1000,1000,0.0,0.0,11.192,0.0
1785437596.5526986,idle_pre,0,1000,1000,0.0,0.0,11.134,0.0
1785437596.570557,idle_pre,0,1000,1000,0.0,0.0,11.169,0.0
1785437596.590063,idle_pre,0,1000,1000,0.0,0.0,11.161,0.0
1785437596.6085386,idle_pre,0,1000,1000,0.0,0.0,11.169,0.0
1785437596.629627,idle_pre,0,1000,1000,0.0,0.0,11.166,0.0
1785437596.651586,idle_pre,0,1000,1000,0.0,0.0,11.179,0.0
1785437596.6716025,idle_pre,0,1000,1000,0.0,0.0,11.166,0.0
1785437596.6910088,idle_pre,0,1000,1000,0.0,0.0,11.167,0.0
1785437596.708616,idle_pre,0,1000,1000,0.0,0.0,11.136,0.0
1785437596.730628,idle_pre,0,1000,1000,0.0,0.0,11.167,0.0
1785437596.7507765,idle_pre,0,1000,1000,0.0,0.0,11.167,0.0
1785437596.7696748,idle_pre,0,1000,1000,0.0,0.0,11.16,0.0
1785437596.790647,idle_pre,0,1000,1000,0.0,0.0,11.174,0.0
1785437596.80993,idle_pre,0,1000,1000,0.0,0.0,11.17,0.0
1785437596.8287427,idle_pre,0,1000,1000,0.0,0.0,11.17,0.0
1785437596.8525772,idle_pre,0,1000,1000,0.0,0.0,11.168,0.0
1785437596.8715415,idle_pre,0,1000,1000,0.0,0.0,11.159,0.0
1785437596.8895419,idle_pre,0,1000,1000,0.0,0.0,11.177,0.0
1785437596.9086397,idle_pre,0,1000,1000,0.0,0.0,11.169,0.0
1785437596.9295604,idle_pre,0,1000,1000,0.0,0.0,11.166,0.0
1785437596.9513137,idle_pre,0,1000,1000,0.0,0.0,11.171,0.0
1785437596.968654,idle_pre,0,1000,1000,0.0,0.0,11.173,0.0
1785437596.990353,idle_pre,0,1000,1000,0.0,0.0,11.164,0.0
1785437597.0095549,idle_pre,0,1000,1000,0.0,0.0,11.062,0.0
1785437597.0296042,idle_pre,0,1000,1000,0.0,0.0,11.177,0.0
1785437597.0506713,idle_pre,0,1000,1000,0.0,0.0,11.173,0.0
1785437597.0685475,idle_pre,0,1000,1000,0.0,0.0,11.171,0.0
1785437597.0895479,idle_pre,0,1000,1000,0.0,0.0,11.149,0.0
1785437597.110663,idle_pre,0,1000,1000,0.0,0.0,11.169,0.0
1785437597.1285832,idle_pre,0,1000,1000,0.0,0.0,11.167,0.0
1785437597.1506286,idle_pre,0,1000,1000,0.0,0.0,11.174,0.0
1785437597.1686614,idle_pre,0,1000,1000,0.0,0.0,11.243,0.0
1785437597.1896338,idle_pre,0,1000,1000,0.0,0.0,11.117,0.0
1785437597.2107165,idle_pre,0,1000,1000,0.0,0.0,11.285,0.0
1785437597.2297282,idle_pre,0,1000,1000,0.0,0.0,11.134,0.0
1785437597.2509892,idle_pre,0,1000,1000,0.0,0.0,11.161,0.0
1785437597.2686028,idle_pre,0,1000,1000,0.0,0.0,11.164,0.0
1785437597.289599,idle_pre,0,1000,1000,0.0,0.0,11.165,0.0
1785437597.3086667,idle_pre,0,1000,1000,0.0,0.0,11.17,0.0
1785437597.331472,idle_pre,0,1000,1000,0.0,0.0,11.161,0.0
1785437597.3510523,idle_pre,0,1000,1000,0.0,0.0,11.13,0.0
1785437597.3685982,idle_pre,0,1000,1000,0.0,0.0,11.156,0.0
1785437597.3906865,idle_pre,0,1000,1000,0.0,0.0,11.166,0.0
1785437597.4106054,idle_pre,0,1000,1000,0.0,0.0,11.162,0.0
1785437597.4297872,idle_pre,0,1000,1000,0.0,0.0,11.176,0.0
1785437597.45071,idle_pre,0,1000,1000,0.0,0.0,11.158,0.0
1785437597.469606,idle_pre,0,1000,1000,0.0,0.0,11.173,0.0
1785437597.4895728,idle_pre,0,1000,1000,0.0,0.0,11.177,0.0
1785437597.5085692,idle_pre,0,1000,1000,0.0,0.0,11.205,0.0
1785437597.529602,idle_pre,0,1000,1000,0.0,0.0,11.166,0.0
1785437597.5521235,idle_pre,0,1000,1000,0.0,0.0,11.163,0.0
1785437597.5695968,idle_pre,0,1000,1000,0.0,0.0,11.166,0.0
1785437597.5881922,idle_pre,0,1000,1000,0.0,0.0,11.138,0.0
1785437597.6085715,idle_pre,0,1000,1000,0.0,0.0,11.159,0.0
1785437597.6305833,idle_pre,0,1000,1000,0.0,0.0,11.165,0.0
1785437597.6516283,idle_pre,0,1000,1000,0.0,0.0,11.162,0.0
1785437597.6698492,idle_pre,0,1000,1000,0.0,0.0,11.166,0.0
1785437597.6906052,idle_pre,0,1000,1000,0.0,0.0,11.139,0.0
1785437597.7085974,idle_pre,0,1000,1000,0.0,0.0,11.172,0.0
1785437597.7298226,idle_pre,0,1000,1000,0.0,0.0,11.171,0.0
1785437597.751611,idle_pre,0,1000,1000,0.0,0.0,11.109,0.0
1785437597.7695777,idle_pre,0,1000,1000,0.0,0.0,11.174,0.0
1785437597.790641,idle_pre,0,1000,1000,0.0,0.0,11.169,0.0
1785437597.808683,idle_pre,0,1000,1000,0.0,0.0,11.173,0.0
1785437597.8306613,idle_pre,0,1000,1000,0.0,0.0,11.088,0.0
1785437597.851609,idle_pre,0,1000,1000,0.0,0.0,11.094,0.0
1785437597.8696082,idle_pre,0,1000,1000,0.0,0.0,11.166,0.0
1785437597.8905962,idle_pre,0,1000,1000,0.0,0.0,11.158,0.0
1785437597.909576,idle_pre,0,1000,1000,0.0,0.0,11.169,0.0
1785437597.9296024,idle_pre,0,1000,1000,0.0,0.0,11.166,0.0
1785437597.9516048,idle_pre,0,1000,1000,0.0,0.0,11.168,0.0
1785437597.9695811,idle_pre,0,1000,1000,0.0,0.0,11.163,0.0
1785437597.9907646,idle_pre,0,1000,1000,0.0,0.0,11.172,0.0
1785437598.0085785,idle_pre,0,1000,1000,0.0,0.0,11.168,0.0
1785437598.030723,idle_pre,0,1000,1000,0.0,0.0,11.171,0.0
1785437598.0516803,idle_pre,0,1000,1000,0.0,0.0,11.173,0.0
1785437598.0701714,idle_pre,0,1000,1000,0.0,0.0,11.164,0.0
1785437598.0905929,idle_pre,0,1000,1000,0.0,0.0,11.169,0.0
1785437598.1085806,idle_pre,0,1000,1000,0.0,0.0,11.176,0.0
1785437598.1296184,idle_pre,0,1000,1000,0.0,0.0,11.163,0.0
1785437598.1521995,idle_pre,0,1000,1000,0.0,0.0,11.17,0.0
1785437598.1708124,idle_pre,0,1000,1000,0.0,0.0,11.174,0.0
1785437598.1886103,idle_pre,0,1000,1000,0.0,0.0,11.157,0.0
1785437598.2100234,idle_pre,0,1000,1000,0.0,0.0,11.155,0.0
1785437598.2287023,idle_pre,0,1000,1000,0.0,0.0,11.171,0.0
1785437598.2526999,idle_pre,0,1000,1000,0.0,0.0,11.131,0.0
1785437598.2716596,idle_pre,0,1000,1000,0.0,0.0,11.168,0.0
1785437598.2886453,idle_pre,0,1000,1000,0.0,0.0,11.162,0.0
1785437598.310619,idle_pre,0,1000,1000,0.0,0.0,11.116,0.0
1785437598.3297215,idle_pre,0,1000,1000,0.0,0.0,11.071,0.0
1785437598.3506575,idle_pre,0,1000,1000,0.0,0.0,11.173,0.0
1785437598.3686388,idle_pre,0,1000,1000,0.0,0.0,11.166,0.0
1785437598.3898866,idle_pre,0,1000,1000,0.0,0.0,11.157,0.0
1785437598.4090614,idle_pre,0,1000,1000,0.0,0.0,11.185,0.0
1785437598.4296095,idle_pre,0,1000,1000,0.0,0.0,11.158,0.0
1785437598.4506898,idle_pre,0,1000,1000,0.0,0.0,11.164,0.0
1785437598.4687524,idle_pre,0,1000,1000,0.0,0.0,11.173,0.0
1785437598.4906769,idle_pre,0,1000,1000,0.0,0.0,11.164,0.0
1785437598.5085986,idle_pre,0,1000,1000,0.0,0.0,11.161,0.0
1785437598.5296264,idle_pre,0,1000,1000,0.0,0.0,11.167,0.0
1785437598.550635,idle_pre,0,1000,1000,0.0,0.0,11.161,0.0
1785437598.5696154,idle_pre,0,1000,1000,0.0,0.0,11.09,0.0
1785437598.5896,idle_pre,0,1000,1000,0.0,0.0,11.164,0.0
1785437598.6086674,idle_pre,0,1000,1000,0.0,0.0,11.167,0.0
1785437598.6296022,idle_pre,0,1000,1000,0.0,0.0,11.159,0.0
1785437598.6506793,idle_pre,0,1000,1000,0.0,0.0,11.171,0.0
1785437598.668815,idle_pre,0,1000,1000,0.0,0.0,11.162,0.0
1785437598.6907365,idle_pre,0,1000,1000,0.0,0.0,11.177,0.0
1785437598.708732,idle_pre,0,1000,1000,0.0,0.0,11.154,0.0
1785437598.7302332,idle_pre,0,1000,1000,0.0,0.0,11.155,0.0
1785437598.75064,idle_pre,0,1000,1000,0.0,0.0,11.173,0.0
1785437598.7696085,idle_pre,0,1000,1000,0.0,0.0,11.171,0.0
1785437598.7906032,idle_pre,0,1000,1000,0.0,0.0,11.168,0.0
1785437598.8090289,idle_pre,0,1000,1000,0.0,0.0,11.159,0.0
1785437598.8296063,idle_pre,0,1000,1000,0.0,0.0,11.173,0.0
1785437598.8506744,idle_pre,0,1000,1000,0.0,0.0,11.165,0.0
1785437598.8686893,idle_pre,0,1000,1000,0.0,0.0,11.242,0.0
1785437598.889696,idle_pre,0,1000,1000,0.0,0.0,11.17,0.0
1785437598.908366,idle_pre,0,1000,1000,0.0,0.0,11.104,0.0
1785437598.9306257,idle_pre,0,1000,1000,0.0,0.0,11.167,0.0
1785437598.9516587,idle_pre,0,1000,1000,0.0,0.0,11.162,0.0
1785437598.9697847,idle_pre,0,1000,1000,0.0,0.0,11.157,0.0
1785437598.990822,idle_pre,0,1000,1000,0.0,0.0,11.099,0.0
1785437599.0096142,idle_pre,0,1000,1000,0.0,0.0,11.163,0.0
1785437599.0306103,idle_pre,0,1000,1000,0.0,0.0,11.173,0.0
1785437599.05167,idle_pre,0,1000,1000,0.0,0.0,11.171,0.0
1785437599.0696814,idle_pre,0,1000,1000,0.0,0.0,11.165,0.0
1785437599.0886397,idle_pre,0,1000,1000,0.0,0.0,11.173,0.0
1785437599.1096313,idle_pre,0,1000,1000,0.0,0.0,11.154,0.0
1785437599.1306121,idle_pre,0,1000,1000,0.0,0.0,11.172,0.0
1785437599.1506753,idle_pre,0,1000,1000,0.0,0.0,11.158,0.0
1785437599.168956,idle_pre,0,1000,1000,0.0,0.0,11.187,0.0
1785437599.190151,idle_pre,0,1000,1000,0.0,0.0,11.186,0.0
1785437599.2106495,idle_pre,0,1000,1000,0.0,0.0,11.09,0.0
1785437599.2286258,idle_pre,0,1000,1000,0.0,0.0,11.28,0.0
1785437599.2526636,idle_pre,0,1000,1000,0.0,0.0,11.166,0.0
1785437599.2686248,idle_pre,0,1000,1000,0.0,0.0,11.16,0.0
1785437599.289876,idle_pre,0,1000,1000,0.0,0.0,11.161,0.0
1785437599.3086607,idle_pre,0,1000,1000,0.0,0.0,11.169,0.0
1785437599.3312151,idle_pre,0,1000,1000,0.0,0.0,11.166,0.0
1785437599.3516831,idle_pre,0,1000,1000,0.0,0.0,11.162,0.0
1785437599.3707368,idle_pre,0,1000,1000,0.0,0.0,11.115,0.0
1785437599.390179,idle_pre,0,1000,1000,0.0,0.0,11.161,0.0
1785437599.410654,idle_pre,0,1000,1000,0.0,0.0,11.156,0.0
1785437599.4296684,idle_pre,0,1000,1000,0.0,0.0,11.155,0.0
1785437599.4507267,idle_pre,0,1000,1000,0.0,0.0,11.167,0.0
1785437599.469035,idle_pre,0,1000,1000,0.0,0.0,11.169,0.0
1785437599.4896355,idle_pre,0,1000,1000,0.0,0.0,11.169,0.0
1785437599.5107038,idle_pre,0,1000,1000,0.0,0.0,11.158,0.0
1785437599.528642,idle_pre,0,1000,1000,0.0,0.0,11.162,0.0
1785437599.5527387,idle_pre,0,1000,1000,0.0,0.0,11.174,0.0
1785437599.5683017,idle_pre,0,1000,1000,0.0,0.0,11.154,0.0
1785437599.588629,idle_pre,0,1000,1000,0.0,0.0,11.163,0.0
1785437599.6106308,idle_pre,0,1000,1000,0.0,0.0,11.137,0.0
1785437599.6286414,idle_pre,0,1000,1000,0.0,0.0,11.174,0.0
1785437599.6526709,idle_pre,0,1000,1000,0.0,0.0,11.266,0.0
1785437599.6708252,idle_pre,0,1000,1000,0.0,0.0,11.163,0.0
1785437599.6896784,idle_pre,0,1000,1000,0.0,0.0,11.174,0.0
1785437599.708734,idle_pre,0,1000,1000,0.0,0.0,11.16,0.0
1785437599.7286413,idle_pre,0,1000,1000,0.0,0.0,11.167,0.0
1785437599.7516751,idle_pre,0,1000,1000,0.0,0.0,11.171,0.0
1785437599.7696376,idle_pre,0,1000,1000,0.0,0.0,11.197,0.0
1785437599.7906368,idle_pre,0,1000,1000,0.0,0.0,11.166,0.0
1785437599.8086374,idle_pre,0,1000,1000,0.0,0.0,11.154,0.0
1785437599.8306782,idle_pre,0,1000,1000,0.0,0.0,11.158,0.0
1785437599.8526762,idle_pre,0,1000,1000,0.0,0.0,11.196,0.0
1785437599.869642,idle_pre,0,1000,1000,0.0,0.0,11.267,0.0
1785437599.8906748,idle_pre,0,1000,1000,0.0,0.0,11.255,0.0
1785437599.908642,idle_pre,0,1000,1000,0.0,0.0,11.166,0.0
1785437599.9297109,idle_pre,0,1000,1000,0.0,0.0,11.166,0.0
1785437599.9517794,idle_pre,0,1000,1000,0.0,0.0,11.166,0.0
1785437599.969682,idle_pre,0,1000,1000,0.0,0.0,11.162,0.0
1785437599.9911342,idle_pre,0,1000,1000,0.0,0.0,11.17,0.0
1785437600.008643,idle_pre,0,1000,1000,0.0,0.0,11.159,0.0
1785437600.0306618,idle_pre,0,1000,1000,0.0,0.0,11.169,0.0
1785437600.0534692,idle_pre,0,1000,1000,0.0,0.0,11.117,0.0
1785437600.07065,idle_pre,0,1000,1000,0.0,0.0,11.173,0.0
1785437600.0896738,idle_pre,0,1000,1000,0.0,0.0,11.168,0.0
1785437600.1106887,idle_pre,0,1000,1000,0.0,0.0,11.162,0.0
1785437600.1292608,idle_pre,0,1000,1000,0.0,0.0,11.138,0.0
1785437600.1527097,idle_pre,0,1000,1000,0.0,0.0,11.173,0.0
1785437600.171009,idle_pre,0,1000,1000,0.0,0.0,11.169,0.0
1785437600.1886878,idle_pre,0,1000,1000,0.0,0.0,11.175,0.0
1785437600.2106662,idle_pre,0,1000,1000,0.0,0.0,11.176,0.0
1785437600.2290826,idle_pre,0,1000,1000,0.0,0.0,11.233,0.0
1785437600.2510836,idle_pre,0,1000,1000,0.0,0.0,11.163,0.0
1785437600.2686539,idle_pre,0,1000,1000,0.0,0.0,11.172,0.0
1785437600.2896721,idle_pre,0,1000,1000,0.0,0.0,11.164,0.0
1785437600.3108613,idle_pre,0,1000,1000,0.0,0.0,11.167,0.0
1785437600.3297231,idle_pre,0,1000,1000,0.0,0.0,11.164,0.0
1785437600.3510668,idle_pre,0,1000,1000,0.0,0.0,11.171,0.0
1785437600.3686924,idle_pre,0,1000,1000,0.0,0.0,11.169,0.0
1785437600.3897662,idle_pre,0,1000,1000,0.0,0.0,11.161,0.0
1785437600.408708,idle_pre,0,1000,1000,0.0,0.0,11.173,0.0
1785437600.4296927,idle_pre,0,1000,1000,0.0,0.0,11.163,0.0
1785437600.4534743,idle_pre,0,1000,1000,0.0,0.0,11.173,0.0
1785437600.4688492,idle_pre,0,1000,1000,0.0,0.0,11.174,0.0
1785437600.48969,idle_pre,0,1000,1000,0.0,0.0,11.081,0.0
1785437600.5106714,idle_pre,0,1000,1000,0.0,0.0,11.17,0.0
1785437600.5297015,idle_pre,0,1000,1000,0.0,0.0,11.156,0.0
1785437600.5507102,idle_pre,0,1000,1000,0.0,0.0,11.16,0.0
1785437600.5687323,idle_pre,0,1000,1000,0.0,0.0,11.139,0.0
1785437600.588667,idle_pre,0,1000,1000,0.0,0.0,11.158,0.0
1785437600.60972,idle_pre,0,1000,1000,0.0,0.0,11.174,0.0
1785437600.630669,idle_pre,0,1000,1000,0.0,0.0,11.168,0.0
1785437600.6517031,idle_pre,0,1000,1000,0.0,0.0,11.166,0.0
1785437600.6709824,idle_pre,0,1000,1000,0.0,0.0,11.164,0.0
1785437600.6888535,idle_pre,0,1000,1000,0.0,0.0,11.166,0.0
1785437600.7103252,idle_pre,0,1000,1000,0.0,0.0,11.163,0.0
1785437600.7307312,idle_pre,0,1000,1000,0.0,0.0,11.292,0.02
1785437600.7527165,idle_pre,0,1000,1000,0.0,0.0,11.169,0.0
1785437600.7706792,idle_pre,0,1000,1000,0.0,0.0,11.166,0.0
1785437600.789117,idle_pre,0,1000,1000,0.0,0.0,11.173,0.0
1785437600.8096862,idle_pre,0,1000,1000,0.0,0.0,11.234,0.0
1785437600.8306735,idle_pre,0,1000,1000,0.0,0.0,11.163,0.0
1785437600.8517115,idle_pre,0,1000,1000,0.0,0.0,11.165,0.0
1785437600.8696864,idle_pre,0,1000,1000,0.0,0.0,11.146,0.0
1785437600.8883586,idle_pre,0,1000,1000,0.0,0.0,11.162,0.0
1785437600.9086897,idle_pre,0,1000,1000,0.0,0.0,11.169,0.0
1785437600.9306931,idle_pre,0,1000,1000,0.0,0.0,11.18,0.0
1785437600.9517097,idle_pre,0,1000,1000,0.0,0.0,11.162,0.0
1785437600.969677,idle_pre,0,1000,1000,0.0,0.0,11.158,0.0
1785437600.9906776,idle_pre,0,1000,1000,0.0,0.0,11.169,0.0
1785437601.0096748,idle_pre,0,1000,1000,0.0,0.0,11.193,0.0
1785437601.0306783,idle_pre,0,1000,1000,0.0,0.0,11.149,0.0
1785437601.051739,idle_pre,0,1000,1000,0.0,0.0,11.172,0.0
1785437601.069685,idle_pre,0,1000,1000,0.0,0.0,11.161,0.0
1785437601.0906794,idle_pre,0,1000,1000,0.0,0.0,11.163,0.0
1785437601.109025,idle_pre,0,1000,1000,0.0,0.0,11.166,0.0
1785437601.130715,idle_pre,0,1000,1000,0.0,0.0,11.172,0.0
1785437601.1517105,idle_pre,0,1000,1000,0.0,0.0,11.161,0.0
1785437601.1698637,idle_pre,0,1000,1000,0.0,0.0,11.086,0.0
1785437601.1907146,idle_pre,0,1000,1000,0.0,0.0,11.171,0.0
1785437601.2097363,idle_pre,0,1000,1000,0.0,0.0,11.164,0.0
1785437601.2286894,idle_pre,0,1000,1000,0.0,0.0,11.158,0.0
1785437601.252722,idle_pre,0,1000,1000,0.0,0.0,11.163,0.0
1785437601.2687635,idle_pre,0,1000,1000,0.0,0.0,11.173,0.0
1785437601.289781,idle_pre,0,1000,1000,0.0,0.0,11.18,0.0
1785437601.311252,idle_pre,0,1000,1000,0.0,0.0,11.172,0.0
1785437601.328705,idle_pre,0,1000,1000,0.0,0.0,11.154,0.0
1785437601.3527918,idle_pre,0,1000,1000,0.0,0.0,11.168,0.0
1785437601.3707495,idle_pre,0,1000,1000,0.0,0.0,11.166,0.0
1785437601.3900728,idle_pre,0,1000,1000,0.0,0.0,11.116,0.0
1785437601.4107444,idle_pre,0,1000,1000,0.0,0.0,11.163,0.0
1785437601.4287274,idle_pre,0,1000,1000,0.0,0.0,11.169,0.0
1785437601.4528594,idle_pre,0,1000,1000,0.0,0.0,11.167,0.0
1785437601.4691203,idle_pre,0,1000,1000,0.0,0.0,11.053,0.0
1785437601.4897473,idle_pre,0,1000,1000,0.0,0.0,11.172,0.0
1785437601.5107458,idle_pre,0,1000,1000,0.0,0.0,11.165,0.0
1785437601.5289145,idle_pre,0,1000,1000,0.0,0.0,11.173,0.0
1785437601.5527468,idle_pre,0,1000,1000,0.0,0.0,11.17,0.0
1785437601.5707486,idle_pre,0,1000,1000,0.0,0.0,11.166,0.0
1785437601.5893173,idle_pre,0,1000,1000,0.0,0.0,11.164,0.0
1785437601.609756,idle_pre,0,1000,1000,0.0,0.0,11.166,0.0
1785437601.6311603,idle_pre,0,1000,1000,0.0,0.0,11.129,0.0
1785437601.652754,idle_pre,0,1000,1000,0.0,0.0,11.165,0.0
1785437601.6707342,idle_pre,0,1000,1000,0.0,0.0,11.166,0.0
1785437601.6889458,idle_pre,0,1000,1000,0.0,0.0,11.166,0.0
1785437601.7099419,idle_pre,0,1000,1000,0.0,0.0,11.163,0.0
1785437601.7288475,idle_pre,0,1000,1000,0.0,0.0,11.168,0.0
1785437601.7527754,idle_pre,0,1000,1000,0.0,0.0,11.166,0.0
1785437601.770717,idle_pre,0,1000,1000,0.0,0.0,11.134,0.0
1785437601.7887945,idle_pre,0,1000,1000,0.0,0.0,11.171,0.0
1785437601.8107371,idle_pre,0,1000,1000,0.0,0.0,11.068,0.0
1785437601.829555,idle_pre,0,1000,1000,0.0,0.0,11.159,0.0
1785437601.8527315,idle_pre,0,1000,1000,0.0,0.0,11.092,0.0
1785437601.871146,idle_pre,0,1000,1000,0.0,0.0,11.155,0.0
1785437601.8888288,idle_pre,0,1000,1000,0.0,0.0,11.166,0.0
1785437601.909763,idle_pre,0,1000,1000,0.0,0.0,11.16,0.0
1785437601.929281,idle_pre,0,1000,1000,0.0,0.0,11.161,0.0
1785437601.9529023,idle_pre,0,1000,1000,0.0,0.0,11.174,0.0
1785437601.9712417,idle_pre,0,1000,1000,0.0,0.0,11.168,0.0
1785437601.989319,idle_pre,0,1000,1000,0.0,0.0,11.162,0.0
1785437602.009708,idle_pre,0,1000,1000,0.0,0.0,11.171,0.0
1785437602.0307288,idle_pre,0,1000,1000,0.0,0.0,11.166,0.0
1785437602.0531213,idle_pre,0,1000,1000,0.0,0.0,11.221,0.0
1785437602.0707273,idle_pre,0,1000,1000,0.0,0.0,11.157,0.0
1785437602.08973,idle_pre,0,1000,1000,0.0,0.0,11.159,0.0
1785437602.1094103,idle_pre,0,1000,1000,0.0,0.0,11.165,0.0
1785437602.1298375,idle_pre,0,1000,1000,0.0,0.0,11.174,0.0
1785437602.1510375,A1850_B1850,1,1850,1850,0.85,0.85,11.172,0.0
1785437602.1687922,A1850_B1850,1,1850,1850,0.85,0.85,11.186,0.0
1785437602.1900125,A1850_B1850,1,1850,1850,0.85,0.85,11.169,0.0
1785437602.2084312,A1850_B1850,1,1850,1850,0.85,0.85,11.162,0.0
1785437602.228737,A1850_B1850,1,1850,1850,0.85,0.85,11.132,1.15
1785437602.2510674,A1850_B1850,1,1850,1850,0.85,0.85,10.955,3.06
1785437602.269408,A1850_B1850,1,1850,1850,0.85,0.85,11.04,7.34
1785437602.2902656,A1850_B1850,1,1850,1850,0.85,0.85,10.943,9.61
1785437602.3108063,A1850_B1850,1,1850,1850,0.85,0.85,10.993,9.8
1785437602.3298745,A1850_B1850,1,1850,1850,0.85,0.85,10.987,8.87
1785437602.3507621,A1850_B1850,1,1850,1850,0.85,0.85,11.037,8.31
1785437602.3687947,A1850_B1850,1,1850,1850,0.85,0.85,10.938,6.5
1785437602.3899248,A1850_B1850,1,1850,1850,0.85,0.85,11.096,6.59
1785437602.4108472,A1850_B1850,1,1850,1850,0.85,0.85,10.993,7.14
1785437602.4290411,A1850_B1850,1,1850,1850,0.85,0.85,10.957,10.73
1785437602.4508388,A1850_B1850,1,1850,1850,0.85,0.85,10.808,14.6
1785437602.468813,A1850_B1850,1,1850,1850,0.85,0.85,10.712,19.38
1785437602.4908848,A1850_B1850,1,1850,1850,0.85,0.85,10.643,23.83
1785437602.5103576,A1850_B1850,1,1850,1850,0.85,0.85,10.799,27.94
1785437602.530792,A1850_B1850,1,1850,1850,0.85,0.85,10.396,32.08
1785437602.5529277,A1850_B1850,1,1850,1850,0.85,0.85,10.453,34.1
1785437602.5687768,A1850_B1850,1,1850,1850,0.85,0.85,10.718,33.93
1785437602.5899446,A1850_B1850,1,1850,1850,0.85,0.85,10.58,30.6
1785437602.6107748,A1850_B1850,1,1850,1850,0.85,0.85,10.757,28.51
1785437602.6287472,A1850_B1850,1,1850,1850,0.85,0.85,10.629,27.06
1785437602.651065,A1850_B1850,1,1850,1850,0.85,0.85,10.785,26.3
1785437602.6688778,A1850_B1850,1,1850,1850,0.85,0.85,10.684,25.99
1785437602.6902986,A1850_B1850,1,1850,1850,0.85,0.85,10.82,25.63
1785437602.7102757,A1850_B1850,1,1850,1850,0.85,0.85,10.622,24.98
1785437602.7308514,A1850_B1850,1,1850,1850,0.85,0.85,10.736,24.8
1785437602.7527733,A1850_B1850,1,1850,1850,0.85,0.85,10.638,24.73
1785437602.7699249,A1850_B1850,1,1850,1850,0.85,0.85,10.774,24.36
1785437602.7894676,A1850_B1850,1,1850,1850,0.85,0.85,10.643,24.43
1785437602.809736,A1850_B1850,1,1850,1850,0.85,0.85,10.615,24.31
1785437602.8308961,A1850_B1850,1,1850,1850,0.85,0.85,10.64,24.2
1785437602.8521376,A1850_B1850,1,1850,1850,0.85,0.85,10.704,24.13
1785437602.8697364,A1850_B1850,1,1850,1850,0.85,0.85,10.681,24.01
1785437602.890848,A1850_B1850,1,1850,1850,0.85,0.85,10.735,23.83
1785437602.9087389,A1850_B1850,1,1850,1850,0.85,0.85,10.746,23.91
1785437602.9308321,A1850_B1850,1,1850,1850,0.85,0.85,10.687,23.67
1785437602.951756,A1850_B1850,1,1850,1850,0.85,0.85,10.694,23.74
1785437602.9697409,A1850_B1850,1,1850,1850,0.85,0.85,10.796,23.57
1785437602.9908328,A1850_B1850,1,1850,1850,0.85,0.85,10.662,23.52
1785437603.0097404,A1850_B1850,1,1850,1850,0.85,0.85,10.701,23.42
1785437603.0287774,A1850_B1850,1,1850,1850,0.85,0.85,10.669,23.41
1785437603.0527785,A1850_B1850,1,1850,1850,0.85,0.85,10.778,23.25
1785437603.068763,A1850_B1850,1,1850,1850,0.85,0.85,10.619,23.27
1785437603.0890722,A1850_B1850,1,1850,1850,0.85,0.85,10.796,23.15
1785437603.1109033,A1850_B1850,1,1850,1850,0.85,0.85,10.645,23.06
1785437603.1287782,A1850_B1850,1,1850,1850,0.85,0.85,10.69,23.06
1785437603.1528041,A1850_B1850,1,1850,1850,0.85,0.85,10.701,23.12
1785437603.1710522,A1850_B1850,1,1850,1850,0.85,0.85,10.679,23.2
1785437603.1899385,A1850_B1850,1,1850,1850,0.85,0.85,10.778,22.78
1785437603.2109377,A1850_B1850,1,1850,1850,0.85,0.85,10.675,22.77
1785437603.2287836,A1850_B1850,1,1850,1850,0.85,0.85,10.826,23.02
1785437603.2527888,A1850_B1850,1,1850,1850,0.85,0.85,10.613,22.65
1785437603.2687519,A1850_B1850,1,1850,1850,0.85,0.85,10.688,22.8
1785437603.2914033,A1850_B1850,1,1850,1850,0.85,0.85,10.704,22.75
1785437603.3087697,A1850_B1850,1,1850,1850,0.85,0.85,10.661,22.69
1785437603.329781,A1850_B1850,1,1850,1850,0.85,0.85,10.647,22.68
1785437603.350807,A1850_B1850,1,1850,1850,0.85,0.85,10.694,22.8
1785437603.3702457,A1850_B1850,1,1850,1850,0.85,0.85,10.632,22.62
1785437603.3907595,A1850_B1850,1,1850,1850,0.85,0.85,10.694,22.69
1785437603.4088006,A1850_B1850,1,1850,1850,0.85,0.85,10.668,22.74
1785437603.4297612,A1850_B1850,1,1850,1850,0.85,0.85,10.692,22.81
1785437603.4524605,A1850_B1850,1,1850,1850,0.85,0.85,10.733,22.58
1785437603.4695702,A1850_B1850,1,1850,1850,0.85,0.85,10.636,22.64
1785437603.4904046,A1850_B1850,1,1850,1850,0.85,0.85,10.77,22.79
1785437603.5088255,A1850_B1850,1,1850,1850,0.85,0.85,10.664,22.71
1785437603.5308242,A1850_B1850,1,1850,1850,0.85,0.85,10.647,22.59
1785437603.551966,A1850_B1850,1,1850,1850,0.85,0.85,10.579,22.88
1785437603.5708208,A1850_B1850,1,1850,1850,0.85,0.85,10.652,22.73
1785437603.5888638,A1850_B1850,1,1850,1850,0.85,0.85,10.687,22.7
1785437603.6107974,A1850_B1850,1,1850,1850,0.85,0.85,10.604,22.56
1785437603.629794,A1850_B1850,1,1850,1850,0.85,0.85,10.658,22.67
1785437603.6508226,A1850_B1850,1,1850,1850,0.85,0.85,10.596,22.63
1785437603.6691446,A1850_B1850,1,1850,1850,0.85,0.85,10.699,22.74
1785437603.6900532,A1850_B1850,1,1850,1850,0.85,0.85,10.657,22.55
1785437603.7087908,A1850_B1850,1,1850,1850,0.85,0.85,10.661,22.73
1785437603.729802,A1850_B1850,1,1850,1850,0.85,0.85,10.714,22.83
1785437603.7508485,A1850_B1850,1,1850,1850,0.85,0.85,10.669,22.76
1785437603.7711427,A1850_B1850,1,1850,1850,0.85,0.85,10.716,22.61
1785437603.7887912,A1850_B1850,1,1850,1850,0.85,0.85,10.673,22.72
1785437603.8102055,A1850_B1850,1,1850,1850,0.85,0.85,10.761,22.84
1785437603.8308399,A1850_B1850,1,1850,1850,0.85,0.85,10.727,22.85
1785437603.8528926,A1850_B1850,1,1850,1850,0.85,0.85,10.758,22.9
1785437603.870853,A1850_B1850,1,1850,1850,0.85,0.85,10.703,22.42
1785437603.8887856,A1850_B1850,1,1850,1850,0.85,0.85,10.619,22.56
1785437603.909788,A1850_B1850,1,1850,1850,0.85,0.85,10.832,23.1
1785437603.9287703,A1850_B1850,1,1850,1850,0.85,0.85,10.591,22.64
1785437603.9528077,A1850_B1850,1,1850,1850,0.85,0.85,10.564,22.52
1785437603.971627,A1850_B1850,1,1850,1850,0.85,0.85,10.696,22.71
1785437603.9887733,A1850_B1850,1,1850,1850,0.85,0.85,10.657,22.68
1785437604.0108526,A1850_B1850,1,1850,1850,0.85,0.85,10.659,22.71
1785437604.0308833,A1850_B1850,1,1850,1850,0.85,0.85,10.645,22.7
1785437604.0532885,A1850_B1850,1,1850,1850,0.85,0.85,10.619,22.57
1785437604.0707846,A1850_B1850,1,1850,1850,0.85,0.85,10.642,22.75
1785437604.0900588,A1850_B1850,1,1850,1850,0.85,0.85,10.616,22.53
1785437604.1090548,A1850_B1850,1,1850,1850,0.85,0.85,10.741,22.84
1785437604.1297772,A1850_B1850,1,1850,1850,0.85,0.85,10.726,22.71
1785437604.151805,A1850_B1850,1,1850,1850,0.85,0.85,10.704,22.87
1785437604.169928,A1850_B1850,1,1850,1850,0.85,0.85,10.616,22.57
1785437604.1886258,A1850_B1850,1,1850,1850,0.85,0.85,10.658,22.66
1785437604.20979,A1850_B1850,1,1850,1850,0.85,0.85,10.644,22.58
1785437604.2307901,A1850_B1850,1,1850,1850,0.85,0.85,10.631,22.68
1785437604.2520194,A1850_B1850,1,1850,1850,0.85,0.85,10.744,23.21
1785437604.2698555,A1850_B1850,1,1850,1850,0.85,0.85,10.608,22.59
1785437604.290902,A1850_B1850,1,1850,1850,0.85,0.85,10.68,22.55
1785437604.3098292,A1850_B1850,1,1850,1850,0.85,0.85,10.635,22.59
1785437604.3307853,A1850_B1850,1,1850,1850,0.85,0.85,10.631,22.57
1785437604.351816,A1850_B1850,1,1850,1850,0.85,0.85,10.64,22.58
1785437604.3698328,A1850_B1850,1,1850,1850,0.85,0.85,10.533,22.39
1785437604.3908353,A1850_B1850,1,1850,1850,0.85,0.85,10.735,22.46
1785437604.4088166,A1850_B1850,1,1850,1850,0.85,0.85,10.621,22.48
1785437604.4307897,A1850_B1850,1,1850,1850,0.85,0.85,10.739,22.93
1785437604.4518716,A1850_B1850,1,1850,1850,0.85,0.85,10.601,22.35
1785437604.4698253,A1850_B1850,1,1850,1850,0.85,0.85,10.756,22.31
1785437604.4908988,A1850_B1850,1,1850,1850,0.85,0.85,10.615,22.56
1785437604.5098524,A1850_B1850,1,1850,1850,0.85,0.85,10.589,22.46
1785437604.5310326,A1850_B1850,1,1850,1850,0.85,0.85,10.674,22.82
1785437604.5518668,A1850_B1850,1,1850,1850,0.85,0.85,10.63,22.62
1785437604.569859,A1850_B1850,1,1850,1850,0.85,0.85,10.632,22.6
1785437604.5888352,A1850_B1850,1,1850,1850,0.85,0.85,10.674,22.58
1785437604.6098273,A1850_B1850,1,1850,1850,0.85,0.85,10.62,22.55
1785437604.631208,A1850_B1850,1,1850,1850,0.85,0.85,10.708,22.59
1785437604.652119,A1850_B1850,1,1850,1850,0.85,0.85,10.629,22.5
1785437604.6710281,A1850_B1850,1,1850,1850,0.85,0.85,10.721,22.6
1785437604.69034,A1850_B1850,1,1850,1850,0.85,0.85,10.614,22.54
1785437604.7108645,A1850_B1850,1,1850,1850,0.85,0.85,10.765,22.62
1785437604.728846,A1850_B1850,1,1850,1850,0.85,0.85,10.604,22.53
1785437604.7528894,A1850_B1850,1,1850,1850,0.85,0.85,10.68,22.56
1785437604.7692473,A1850_B1850,1,1850,1850,0.85,0.85,10.627,22.55
1785437604.7898028,A1850_B1850,1,1850,1850,0.85,0.85,10.629,22.59
1785437604.8108006,A1850_B1850,1,1850,1850,0.85,0.85,10.643,22.46
1785437604.828891,A1850_B1850,1,1850,1850,0.85,0.85,10.656,22.42
1785437604.85292,A1850_B1850,1,1850,1850,0.85,0.85,10.653,22.62
1785437604.868407,A1850_B1850,1,1850,1850,0.85,0.85,10.66,22.6
1785437604.888829,A1850_B1850,1,1850,1850,0.85,0.85,10.652,22.51
1785437604.9108126,A1850_B1850,1,1850,1850,0.85,0.85,10.664,22.44
1785437604.928828,A1850_B1850,1,1850,1850,0.85,0.85,10.653,22.55
1785437604.9529078,A1850_B1850,1,1850,1850,0.85,0.85,10.672,22.68
1785437604.9714103,A1850_B1850,1,1850,1850,0.85,0.85,10.65,22.41
1785437604.9888244,A1850_B1850,1,1850,1850,0.85,0.85,10.744,22.69
1785437605.0100198,A1850_B1850,1,1850,1850,0.85,0.85,10.585,22.74
1785437605.028843,A1850_B1850,1,1850,1850,0.85,0.85,10.624,22.59
1785437605.052849,A1850_B1850,1,1850,1850,0.85,0.85,10.618,22.53
1785437605.071136,A1850_B1850,1,1850,1850,0.85,0.85,10.617,22.46
1785437605.0889323,A1850_B1850,1,1850,1850,0.85,0.85,10.584,22.47
1785437605.110919,A1850_B1850,1,1850,1850,0.85,0.85,10.742,22.57
1785437605.1289573,A1850_B1850,1,1850,1850,0.85,0.85,10.605,22.48
1785437605.1528645,A1850_B1850,1,1850,1850,0.85,0.85,10.597,22.7
1785437605.1713753,A1850_B1850,1,1850,1850,0.85,0.85,10.637,22.64
1785437605.1888986,A1850_B1850,1,1850,1850,0.85,0.85,10.716,22.25
1785437605.2098267,A1850_B1850,1,1850,1850,0.85,0.85,10.613,22.44
1785437605.2292304,A1850_B1850,1,1850,1850,0.85,0.85,10.679,22.63
1785437605.2528906,A1850_B1850,1,1850,1850,0.85,0.85,10.644,22.57
1785437605.2688236,A1850_B1850,1,1850,1850,0.85,0.85,10.628,22.6
1785437605.291583,A1850_B1850,1,1850,1850,0.85,0.85,10.59,22.41
1785437605.3088748,A1850_B1850,1,1850,1850,0.85,0.85,10.76,22.6
1785437605.3308194,A1850_B1850,1,1850,1850,0.85,0.85,10.602,22.39
1785437605.35345,A1850_B1850,1,1850,1850,0.85,0.85,10.61,22.46
1785437605.370836,A1850_B1850,1,1850,1850,0.85,0.85,10.582,22.32
1785437605.3898635,A1850_B1850,1,1850,1850,0.85,0.85,10.657,22.41
1785437605.409427,A1850_B1850,1,1850,1850,0.85,0.85,10.605,22.44
1785437605.4298491,A1850_B1850,1,1850,1850,0.85,0.85,10.61,22.39
1785437605.4518816,A1850_B1850,1,1850,1850,0.85,0.85,10.639,22.57
1785437605.4698577,A1850_B1850,1,1850,1850,0.85,0.85,10.691,22.59
1785437605.4908412,A1850_B1850,1,1850,1850,0.85,0.85,10.645,22.54
1785437605.508856,A1850_B1850,1,1850,1850,0.85,0.85,10.702,22.47
1785437605.5299675,A1850_B1850,1,1850,1850,0.85,0.85,10.585,22.42
1785437605.5511732,A1850_B1850,1,1850,1850,0.85,0.85,10.678,22.48
1785437605.569297,A1850_B1850,1,1850,1850,0.85,0.85,10.615,22.4
1785437605.590003,A1850_B1850,1,1850,1850,0.85,0.85,10.747,22.52
1785437605.6110787,A1850_B1850,1,1850,1850,0.85,0.85,10.58,22.39
1785437605.6298952,A1850_B1850,1,1850,1850,0.85,0.85,10.809,22.74
1785437605.650891,A1850_B1850,1,1850,1850,0.85,0.85,10.583,22.41
1785437605.6688871,A1850_B1850,1,1850,1850,0.85,0.85,10.752,22.54
1785437605.6899145,A1850_B1850,1,1850,1850,0.85,0.85,10.568,22.39
1785437605.708863,A1850_B1850,1,1850,1850,0.85,0.85,10.738,22.62
1785437605.7298799,A1850_B1850,1,1850,1850,0.85,0.85,10.637,22.36
1785437605.751218,A1850_B1850,1,1850,1850,0.85,0.85,10.708,22.48
1785437605.7692595,A1850_B1850,1,1850,1850,0.85,0.85,10.605,22.37
1785437605.7900963,A1850_B1850,1,1850,1850,0.85,0.85,10.765,22.69
1785437605.810887,A1850_B1850,1,1850,1850,0.85,0.85,10.687,22.63
1785437605.8298538,A1850_B1850,1,1850,1850,0.85,0.85,10.6,22.42
1785437605.8509815,A1850_B1850,1,1850,1850,0.85,0.85,10.57,22.29
1785437605.8688853,A1850_B1850,1,1850,1850,0.85,0.85,10.595,22.43
1785437605.8888452,A1850_B1850,1,1850,1850,0.85,0.85,10.615,22.43
1785437605.9099166,A1850_B1850,1,1850,1850,0.85,0.85,10.655,22.58
1785437605.930858,A1850_B1850,1,1850,1850,0.85,0.85,10.612,22.41
1785437605.9518661,A1850_B1850,1,1850,1850,0.85,0.85,10.647,22.53
1785437605.9709392,A1850_B1850,1,1850,1850,0.85,0.85,10.672,22.49
1785437605.989368,A1850_B1850,1,1850,1850,0.85,0.85,10.672,22.53
1785437606.0104067,A1850_B1850,1,1850,1850,0.85,0.85,10.604,22.16
1785437606.0308585,A1850_B1850,1,1850,1850,0.85,0.85,10.714,22.54
1785437606.052877,A1850_B1850,1,1850,1850,0.85,0.85,10.594,22.3
1785437606.0694425,A1850_B1850,1,1850,1850,0.85,0.85,10.647,22.62
1785437606.0898976,A1850_B1850,1,1850,1850,0.85,0.85,10.614,22.33
1785437606.10897,A1850_B1850,1,1850,1850,0.85,0.85,10.686,22.54
1785437606.1298587,A1850_B1850,1,1850,1850,0.85,0.85,10.636,22.35
1785437606.1524503,A1850_B1850,1,1850,1850,0.85,0.85,10.661,22.35
1785437606.1702304,A1850_B1850,1,1850,1850,0.85,0.85,10.596,22.43
1785437606.1884186,A1850_B1850,1,1850,1850,0.85,0.85,10.766,22.54
1785437606.2088609,A1850_B1850,1,1850,1850,0.85,0.85,10.597,22.36
1785437606.2308493,A1850_B1850,1,1850,1850,0.85,0.85,10.672,22.59
1785437606.251881,A1850_B1850,1,1850,1850,0.85,0.85,10.586,21.95
1785437606.2698984,A1850_B1850,1,1850,1850,0.85,0.85,10.676,22.64
1785437606.2901726,A1850_B1850,1,1850,1850,0.85,0.85,10.571,22.29
1785437606.3098485,A1850_B1850,1,1850,1850,0.85,0.85,10.678,22.68
1785437606.330849,A1850_B1850,1,1850,1850,0.85,0.85,10.593,22.38
1785437606.3518956,A1850_B1850,1,1850,1850,0.85,0.85,10.682,22.59
1785437606.369878,A1850_B1850,1,1850,1850,0.85,0.85,10.546,22.33
1785437606.3908882,A1850_B1850,1,1850,1850,0.85,0.85,10.657,22.51
1785437606.408969,A1850_B1850,1,1850,1850,0.85,0.85,10.594,22.33
1785437606.4309883,A1850_B1850,1,1850,1850,0.85,0.85,10.654,22.61
1785437606.4520128,A1850_B1850,1,1850,1850,0.85,0.85,10.554,22.33
1785437606.4698884,A1850_B1850,1,1850,1850,0.85,0.85,10.631,22.55
1785437606.4908805,A1850_B1850,1,1850,1850,0.85,0.85,10.585,22.56
1785437606.50903,A1850_B1850,1,1850,1850,0.85,0.85,10.645,22.55
1785437606.5298886,A1850_B1850,1,1850,1850,0.85,0.85,10.611,22.31
1785437606.5519917,A1850_B1850,1,1850,1850,0.85,0.85,10.637,22.32
1785437606.570064,A1850_B1850,1,1850,1850,0.85,0.85,10.619,22.38
1785437606.5909762,A1850_B1850,1,1850,1850,0.85,0.85,10.715,22.62
1785437606.6089246,A1850_B1850,1,1850,1850,0.85,0.85,10.61,22.44
1785437606.6314917,A1850_B1850,1,1850,1850,0.85,0.85,10.781,22.64
1785437606.652059,A1850_B1850,1,1850,1850,0.85,0.85,10.596,22.28
1785437606.6705658,A1850_B1850,1,1850,1850,0.85,0.85,10.758,22.57
1785437606.6909022,A1850_B1850,1,1850,1850,0.85,0.85,10.531,22.18
1785437606.7108777,A1850_B1850,1,1850,1850,0.85,0.85,10.706,22.39
1785437606.7301345,A1850_B1850,1,1850,1850,0.85,0.85,10.605,22.26
1785437606.7523384,A1850_B1850,1,1850,1850,0.85,0.85,10.721,22.47
1785437606.7698832,A1850_B1850,1,1850,1850,0.85,0.85,10.692,22.42
1785437606.7889166,A1850_B1850,1,1850,1850,0.85,0.85,10.713,22.74
1785437606.8090935,A1850_B1850,1,1850,1850,0.85,0.85,10.641,22.59
1785437606.829955,A1850_B1850,1,1850,1850,0.85,0.85,10.642,22.48
1785437606.8516803,A1850_B1850,1,1850,1850,0.85,0.85,10.627,22.51
1785437606.8689752,A1850_B1850,1,1850,1850,0.85,0.85,10.575,22.31
1785437606.890889,A1850_B1850,1,1850,1850,0.85,0.85,10.633,22.42
1785437606.9089634,A1850_B1850,1,1850,1850,0.85,0.85,10.642,22.21
1785437606.929868,A1850_B1850,1,1850,1850,0.85,0.85,10.552,22.3
1785437606.9529393,A1850_B1850,1,1850,1850,0.85,0.85,10.581,22.14
1785437606.970905,A1850_B1850,1,1850,1850,0.85,0.85,10.556,22.24
1785437606.9889739,A1850_B1850,1,1850,1850,0.85,0.85,10.715,22.46
1785437607.010037,A1850_B1850,1,1850,1850,0.85,0.85,10.627,22.28
1785437607.0289772,A1850_B1850,1,1850,1850,0.85,0.85,10.638,22.27
1785437607.052908,A1850_B1850,1,1850,1850,0.85,0.85,10.559,22.22
1785437607.070882,A1850_B1850,1,1850,1850,0.85,0.85,10.678,22.32
1785437607.0889938,A1850_B1850,1,1850,1850,0.85,0.85,10.583,22.29
1785437607.1109118,A1850_B1850,1,1850,1850,0.85,0.85,10.568,22.35
1785437607.129876,A1850_B1850,1,1850,1850,0.85,0.85,10.656,22.62
1785437607.1529062,A1850_B1850,1,1850,1850,0.85,0.85,10.638,22.36
1785437607.170089,A1850_B1850,1,1850,1850,0.85,0.85,10.666,22.51
1785437607.1913488,A1850_B1850,1,1850,1850,0.85,0.85,10.533,22.2
1785437607.209009,A1850_B1850,1,1850,1850,0.85,0.85,10.672,22.38
1785437607.2299,A1850_B1850,1,1850,1850,0.85,0.85,10.601,22.19
1785437607.2509189,A1850_B1850,1,1850,1850,0.85,0.85,10.587,22.18
1785437607.2689943,A1850_B1850,1,1850,1850,0.85,0.85,10.647,22.24
1785437607.291292,A1850_B1850,1,1850,1850,0.85,0.85,10.609,22.3
1785437607.3090801,A1850_B1850,1,1850,1850,0.85,0.85,10.56,22.23
1785437607.3304334,A1850_B1850,1,1850,1850,0.85,0.85,10.582,22.29
1785437607.3509197,A1850_B1850,1,1850,1850,0.85,0.85,10.657,22.51
1785437607.3703012,A1850_B1850,1,1850,1850,0.85,0.85,10.596,22.29
1785437607.391103,A1850_B1850,1,1850,1850,0.85,0.85,10.694,22.33
1785437607.4096098,A1850_B1850,1,1850,1850,0.85,0.85,10.678,22.14
1785437607.4299889,A1850_B1850,1,1850,1850,0.85,0.85,10.475,22.26
1785437607.451969,A1850_B1850,1,1850,1850,0.85,0.85,10.594,22.5
1785437607.4719284,A1850_B1850,1,1850,1850,0.85,0.85,10.593,22.39
1785437607.4900758,A1850_B1850,1,1850,1850,0.85,0.85,10.582,22.36
1785437607.5109923,A1850_B1850,1,1850,1850,0.85,0.85,10.572,22.08
1785437607.528912,A1850_B1850,1,1850,1850,0.85,0.85,10.592,22.41
1785437607.5512123,A1850_B1850,1,1850,1850,0.85,0.85,10.565,22.24
1785437607.568949,A1850_B1850,1,1850,1850,0.85,0.85,10.704,22.68
1785437607.5900338,A1850_B1850,1,1850,1850,0.85,0.85,10.548,22.23
1785437607.6117437,A1850_B1850,1,1850,1850,0.85,0.85,10.682,22.6
1785437607.6299686,A1850_B1850,1,1850,1850,0.85,0.85,10.584,22.28
1785437607.6510022,A1850_B1850,1,1850,1850,0.85,0.85,10.633,22.45
1785437607.6700585,A1850_B1850,1,1850,1850,0.85,0.85,10.566,22.25
1785437607.6889544,A1850_B1850,1,1850,1850,0.85,0.85,10.68,22.33
1785437607.709975,A1850_B1850,1,1850,1850,0.85,0.85,10.534,22.2
1785437607.7310462,A1850_B1850,1,1850,1850,0.85,0.85,10.673,22.32
1785437607.7520099,A1850_B1850,1,1850,1850,0.85,0.85,10.526,22.16
1785437607.7711434,A1850_B1850,1,1850,1850,0.85,0.85,10.58,22.24
1785437607.7899747,A1850_B1850,1,1850,1850,0.85,0.85,10.6,22.22
1785437607.811055,A1850_B1850,1,1850,1850,0.85,0.85,10.608,22.36
1785437607.8289838,A1850_B1850,1,1850,1850,0.85,0.85,10.698,22.5
1785437607.8529625,A1850_B1850,1,1850,1850,0.85,0.85,10.58,22.22
1785437607.8689044,A1850_B1850,1,1850,1850,0.85,0.85,10.621,22.33
1785437607.8899024,A1850_B1850,1,1850,1850,0.85,0.85,10.566,22.14
1785437607.9114964,A1850_B1850,1,1850,1850,0.85,0.85,10.591,22.27
1785437607.9290128,A1850_B1850,1,1850,1850,0.85,0.85,10.627,22.19
1785437607.9513295,A1850_B1850,1,1850,1850,0.85,0.85,10.527,22.21
1785437607.9690344,A1850_B1850,1,1850,1850,0.85,0.85,10.739,22.24
1785437607.990778,A1850_B1850,1,1850,1850,0.85,0.85,10.562,22.21
1785437608.010291,A1850_B1850,1,1850,1850,0.85,0.85,10.576,22.37
1785437608.0309346,A1850_B1850,1,1850,1850,0.85,0.85,10.552,22.2
1785437608.051951,A1850_B1850,1,1850,1850,0.85,0.85,10.592,22.26
1785437608.0699856,A1850_B1850,1,1850,1850,0.85,0.85,10.557,22.21
1785437608.0890272,A1850_B1850,1,1850,1850,0.85,0.85,10.696,22.21
1785437608.1099114,A1850_B1850,1,1850,1850,0.85,0.85,10.613,22.23
1785437608.1309223,A1850_B1850,1,1850,1850,0.85,0.85,10.554,22.23
1785437608.1523073,A1850_B1850,1,1850,1850,0.85,0.85,10.603,22.21
1785437608.1701286,A1850_B1850,1,1850,1850,0.85,0.85,10.589,22.35
1785437608.1909559,A1850_B1850,1,1850,1850,0.85,0.85,10.675,22.47
1785437608.208925,A1850_B1850,1,1850,1850,0.85,0.85,10.543,22.15
1785437608.2309406,A1850_B1850,1,1850,1850,0.85,0.85,10.686,22.48
1785437608.2519515,A1850_B1850,1,1850,1850,0.85,0.85,10.53,22.13
1785437608.269955,A1850_B1850,1,1850,1850,0.85,0.85,10.624,22.35
1785437608.2911005,A1850_B1850,1,1850,1850,0.85,0.85,10.524,22.12
1785437608.3089602,A1850_B1850,1,1850,1850,0.85,0.85,10.601,22.47
1785437608.3300564,A1850_B1850,1,1850,1850,0.85,0.85,10.526,22.14
1785437608.351957,A1850_B1850,1,1850,1850,0.85,0.85,10.562,22.25
1785437608.370011,A1850_B1850,1,1850,1850,0.85,0.85,10.589,22.17
1785437608.3891249,A1850_B1850,1,1850,1850,0.85,0.85,10.504,22.52
1785437608.4109347,A1850_B1850,1,1850,1850,0.85,0.85,10.569,22.18
1785437608.4289188,A1850_B1850,1,1850,1850,0.85,0.85,10.711,22.21
1785437608.450982,A1850_B1850,1,1850,1850,0.85,0.85,10.575,22.39
1785437608.4699457,A1850_B1850,1,1850,1850,0.85,0.85,10.645,22.39
1785437608.4911861,A1850_B1850,1,1850,1850,0.85,0.85,10.561,22.24
1785437608.5089407,A1850_B1850,1,1850,1850,0.85,0.85,10.596,22.17
1785437608.5299594,A1850_B1850,1,1850,1850,0.85,0.85,10.58,22.14
1785437608.5520446,A1850_B1850,1,1850,1850,0.85,0.85,10.662,22.46
1785437608.5700202,A1850_B1850,1,1850,1850,0.85,0.85,10.59,22.24
1785437608.5914803,A1850_B1850,1,1850,1850,0.85,0.85,10.66,22.18
1785437608.6089456,A1850_B1850,1,1850,1850,0.85,0.85,10.558,22.18
1785437608.6299238,A1850_B1850,1,1850,1850,0.85,0.85,10.551,22.07
1785437608.6510103,A1850_B1850,1,1850,1850,0.85,0.85,10.616,22.23
1785437608.6706827,A1850_B1850,1,1850,1850,0.85,0.85,10.611,22.26
1785437608.69248,A1850_B1850,1,1850,1850,0.85,0.85,10.662,22.09
1785437608.708999,A1850_B1850,1,1850,1850,0.85,0.85,10.761,22.32
1785437608.7300642,A1850_B1850,1,1850,1850,0.85,0.85,10.702,22.42
1785437608.7524693,A1850_B1850,1,1850,1850,0.85,0.85,10.551,22.13
1785437608.7699728,A1850_B1850,1,1850,1850,0.85,0.85,10.558,22.14
1785437608.7886102,A1850_B1850,1,1850,1850,0.85,0.85,10.635,22.49
1785437608.8089826,A1850_B1850,1,1850,1850,0.85,0.85,10.523,22.11
1785437608.8299701,A1850_B1850,1,1850,1850,0.85,0.85,10.682,22.14
1785437608.8513398,A1850_B1850,1,1850,1850,0.85,0.85,10.533,22.17
1785437608.8690798,A1850_B1850,1,1850,1850,0.85,0.85,10.551,22.21
1785437608.8899329,A1850_B1850,1,1850,1850,0.85,0.85,10.551,22.12
1785437608.9109452,A1850_B1850,1,1850,1850,0.85,0.85,10.522,22.05
1785437608.9299948,A1850_B1850,1,1850,1850,0.85,0.85,10.634,22.24
1785437608.9510689,A1850_B1850,1,1850,1850,0.85,0.85,10.516,22.08
1785437608.9691753,A1850_B1850,1,1850,1850,0.85,0.85,10.619,22.26
1785437608.9889383,A1850_B1850,1,1850,1850,0.85,0.85,10.509,22.09
1785437609.0103629,A1850_B1850,1,1850,1850,0.85,0.85,10.616,22.09
1785437609.0290387,A1850_B1850,1,1850,1850,0.85,0.85,10.485,22.02
1785437609.0509996,A1850_B1850,1,1850,1850,0.85,0.85,10.635,22.38
1785437609.0689406,A1850_B1850,1,1850,1850,0.85,0.85,10.492,22.0
1785437609.0909414,A1850_B1850,1,1850,1850,0.85,0.85,10.672,22.48
1785437609.1099436,A1850_B1850,1,1850,1850,0.85,0.85,10.655,22.06
1785437609.131222,A1850_B1850,1,1850,1850,0.85,0.85,10.544,22.15
1785437609.1530359,A1850_B1850,1,1850,1850,0.85,0.85,10.648,22.15
1785437609.1711211,A1850_B1850,1,1850,1850,0.85,0.85,10.544,22.14
1785437609.188967,A1850_B1850,1,1850,1850,0.85,0.85,10.607,22.37
1785437609.2103922,A1850_B1850,1,1850,1850,0.85,0.85,10.557,22.15
1785437609.2309942,A1850_B1850,1,1850,1850,0.85,0.85,10.563,22.08
1785437609.2519898,A1850_B1850,1,1850,1850,0.85,0.85,10.664,22.28
1785437609.2711883,A1850_B1850,1,1850,1850,0.85,0.85,10.541,22.0
1785437609.2889595,A1850_B1850,1,1850,1850,0.85,0.85,10.553,22.13
1785437609.3106482,A1850_B1850,1,1850,1850,0.85,0.85,10.549,22.08
1785437609.3310292,A1850_B1850,1,1850,1850,0.85,0.85,10.449,22.2
1785437609.3533392,A1850_B1850,1,1850,1850,0.85,0.85,10.515,22.08
1785437609.3710978,A1850_B1850,1,1850,1850,0.85,0.85,10.53,22.07
1785437609.3894954,A1850_B1850,1,1850,1850,0.85,0.85,10.569,22.1
1785437609.4099503,A1850_B1850,1,1850,1850,0.85,0.85,10.664,22.42
1785437609.4291446,A1850_B1850,1,1850,1850,0.85,0.85,10.624,22.34
1785437609.451723,A1850_B1850,1,1850,1850,0.85,0.85,10.705,22.56
1785437609.4690137,A1850_B1850,1,1850,1850,0.85,0.85,10.498,22.05
1785437609.4899664,A1850_B1850,1,1850,1850,0.85,0.85,10.587,22.32
1785437609.5093057,A1850_B1850,1,1850,1850,0.85,0.85,10.521,22.07
1785437609.5309618,A1850_B1850,1,1850,1850,0.85,0.85,10.565,22.21
1785437609.552202,A1850_B1850,1,1850,1850,0.85,0.85,10.526,22.09
1785437609.569977,A1850_B1850,1,1850,1850,0.85,0.85,10.541,22.13
1785437609.5910327,A1850_B1850,1,1850,1850,0.85,0.85,10.496,22.03
1785437609.6100087,A1850_B1850,1,1850,1850,0.85,0.85,10.559,22.13
1785437609.631003,A1850_B1850,1,1850,1850,0.85,0.85,10.475,22.03
1785437609.6520703,A1850_B1850,1,1850,1850,0.85,0.85,10.637,22.2
1785437609.6690264,A1850_B1850,1,1850,1850,0.85,0.85,10.555,22.06
1785437609.690015,A1850_B1850,1,1850,1850,0.85,0.85,10.586,22.31
1785437609.7110019,A1850_B1850,1,1850,1850,0.85,0.85,10.599,22.26
1785437609.729096,A1850_B1850,1,1850,1850,0.85,0.85,10.649,22.2
1785437609.753029,A1850_B1850,1,1850,1850,0.85,0.85,10.525,22.16
1785437609.7710013,A1850_B1850,1,1850,1850,0.85,0.85,10.68,22.41
1785437609.790013,A1850_B1850,1,1850,1850,0.85,0.85,10.487,22.38
1785437609.8110588,A1850_B1850,1,1850,1850,0.85,0.85,10.503,22.21
1785437609.82901,A1850_B1850,1,1850,1850,0.85,0.85,10.51,22.15
1785437609.8530507,A1850_B1850,1,1850,1850,0.85,0.85,10.701,22.18
1785437609.8689992,A1850_B1850,1,1850,1850,0.85,0.85,10.542,22.15
1785437609.8901513,A1850_B1850,1,1850,1850,0.85,0.85,10.65,22.11
1785437609.911556,A1850_B1850,1,1850,1850,0.85,0.85,10.551,22.07
1785437609.929006,A1850_B1850,1,1850,1850,0.85,0.85,10.602,22.24
1785437609.9510198,A1850_B1850,1,1850,1850,0.85,0.85,10.51,22.12
1785437609.9690135,A1850_B1850,1,1850,1850,0.85,0.85,10.518,22.02
1785437609.990342,A1850_B1850,1,1850,1850,0.85,0.85,10.539,22.07
1785437610.0110059,A1850_B1850,1,1850,1850,0.85,0.85,10.588,22.15
1785437610.0289721,A1850_B1850,1,1850,1850,0.85,0.85,10.521,22.14
1785437610.0530157,A1850_B1850,1,1850,1850,0.85,0.85,10.666,22.09
1785437610.0692348,A1850_B1850,1,1850,1850,0.85,0.85,10.537,22.12
1785437610.0899925,A1850_B1850,1,1850,1850,0.85,0.85,10.54,22.08
1785437610.1119928,A1850_B1850,1,1850,1850,0.85,0.85,10.578,22.1
1785437610.129995,A1850_B1850,1,1850,1850,0.85,0.85,10.536,22.14
1785437610.1518505,A1850_B1850,1,1850,1850,0.85,0.85,10.522,22.15
1785437610.1711736,A1850_B1850,1,1850,1850,0.85,0.85,10.551,22.04
1785437610.1890225,A1850_B1850,1,1850,1850,0.85,0.85,10.612,22.28
1785437610.209994,A1850_B1850,1,1850,1850,0.85,0.85,10.513,21.98
1785437610.2310224,A1850_B1850,1,1850,1850,0.85,0.85,10.599,22.28
1785437610.253025,A1850_B1850,1,1850,1850,0.85,0.85,10.735,22.34
1785437610.271511,A1850_B1850,1,1850,1850,0.85,0.85,10.555,22.07
1785437610.2891202,A1850_B1850,1,1850,1850,0.85,0.85,10.502,22.05
1785437610.3101459,A1850_B1850,1,1850,1850,0.85,0.85,10.551,22.11
1785437610.3290145,A1850_B1850,1,1850,1850,0.85,0.85,10.536,21.94
1785437610.3537123,A1850_B1850,1,1850,1850,0.85,0.85,10.588,22.24
1785437610.370984,A1850_B1850,1,1850,1850,0.85,0.85,10.533,22.1
1785437610.3890991,A1850_B1850,1,1850,1850,0.85,0.85,10.564,22.18
1785437610.4109886,A1850_B1850,1,1850,1850,0.85,0.85,10.567,22.61
1785437610.4290242,A1850_B1850,1,1850,1850,0.85,0.85,10.509,22.56
1785437610.4530253,A1850_B1850,1,1850,1850,0.85,0.85,10.47,21.92
1785437610.4710193,A1850_B1850,1,1850,1850,0.85,0.85,10.52,22.04
1785437610.4900079,A1850_B1850,1,1850,1850,0.85,0.85,10.589,22.1
1785437610.5089881,A1850_B1850,1,1850,1850,0.85,0.85,10.516,22.09
1785437610.5300171,A1850_B1850,1,1850,1850,0.85,0.85,10.52,22.03
1785437610.5510263,A1850_B1850,1,1850,1850,0.85,0.85,10.539,22.15
1785437610.5689886,A1850_B1850,1,1850,1850,0.85,0.85,10.515,22.14
1785437610.591298,A1850_B1850,1,1850,1850,0.85,0.85,10.591,22.33
1785437610.6090586,A1850_B1850,1,1850,1850,0.85,0.85,10.53,22.06
1785437610.630194,A1850_B1850,1,1850,1850,0.85,0.85,10.608,22.1
1785437610.6510262,A1850_B1850,1,1850,1850,0.85,0.85,10.522,22.09
1785437610.6704412,A1850_B1850,1,1850,1850,0.85,0.85,10.624,22.4
1785437610.6910172,A1850_B1850,1,1850,1850,0.85,0.85,10.541,22.09
1785437610.7095604,A1850_B1850,1,1850,1850,0.85,0.85,10.627,22.31
1785437610.730046,A1850_B1850,1,1850,1850,0.85,0.85,10.602,22.31
1785437610.7510574,A1850_B1850,1,1850,1850,0.85,0.85,10.559,22.07
1785437610.7690468,A1850_B1850,1,1850,1850,0.85,0.85,10.527,22.13
1785437610.7900276,A1850_B1850,1,1850,1850,0.85,0.85,10.66,22.39
1785437610.8088138,A1850_B1850,1,1850,1850,0.85,0.85,10.515,22.0
1785437610.829022,A1850_B1850,1,1850,1850,0.85,0.85,10.604,22.17
1785437610.8512313,A1850_B1850,1,1850,1850,0.85,0.85,10.491,22.04
1785437610.8691545,A1850_B1850,1,1850,1850,0.85,0.85,10.515,21.97
1785437610.8900743,A1850_B1850,1,1850,1850,0.85,0.85,10.543,22.06
1785437610.9111211,A1850_B1850,1,1850,1850,0.85,0.85,10.529,22.04
1785437610.9300075,A1850_B1850,1,1850,1850,0.85,0.85,10.582,22.22
1785437610.9510462,A1850_B1850,1,1850,1850,0.85,0.85,10.564,21.94
1785437610.9690487,A1850_B1850,1,1850,1850,0.85,0.85,10.584,22.21
1785437610.9900033,A1850_B1850,1,1850,1850,0.85,0.85,10.515,21.92
1785437611.0110047,A1850_B1850,1,1850,1850,0.85,0.85,10.681,22.5
1785437611.0294452,A1850_B1850,1,1850,1850,0.85,0.85,10.551,22.07
1785437611.0512567,A1850_B1850,1,1850,1850,0.85,0.85,10.56,21.98
1785437611.069046,A1850_B1850,1,1850,1850,0.85,0.85,10.517,22.09
1785437611.09005,A1850_B1850,1,1850,1850,0.85,0.85,10.503,21.97
1785437611.1110065,A1850_B1850,1,1850,1850,0.85,0.85,10.556,22.07
1785437611.130094,A1850_B1850,1,1850,1850,0.85,0.85,10.594,22.2
1785437611.1511772,A1850_B1850,1,1850,1850,0.85,0.85,10.523,21.91
1785437611.1692266,A1850_B1850,1,1850,1850,0.85,0.85,10.606,22.13
1785437611.190111,A1850_B1850,1,1850,1850,0.85,0.85,10.484,21.91
1785437611.211053,A1850_B1850,1,1850,1850,0.85,0.85,10.658,21.89
1785437611.2295153,A1850_B1850,1,1850,1850,0.85,0.85,10.482,21.91
1785437611.2514145,A1850_B1850,1,1850,1850,0.85,0.85,10.514,22.01
1785437611.2690115,A1850_B1850,1,1850,1850,0.85,0.85,10.574,22.07
1785437611.2900255,A1850_B1850,1,1850,1850,0.85,0.85,10.6,22.23
1785437611.3111033,A1850_B1850,1,1850,1850,0.85,0.85,10.489,21.95
1785437611.3302503,A1850_B1850,1,1850,1850,0.85,0.85,10.524,22.06
1785437611.351193,A1850_B1850,1,1850,1850,0.85,0.85,10.499,21.94
1785437611.3695314,A1850_B1850,1,1850,1850,0.85,0.85,10.561,22.18
1785437611.3900142,A1850_B1850,1,1850,1850,0.85,0.85,10.482,21.99
1785437611.4091034,A1850_B1850,1,1850,1850,0.85,0.85,10.646,22.44
1785437611.4300227,A1850_B1850,1,1850,1850,0.85,0.85,10.491,22.04
1785437611.4520822,A1850_B1850,1,1850,1850,0.85,0.85,10.53,22.06
1785437611.4702132,A1850_B1850,1,1850,1850,0.85,0.85,10.474,21.93
1785437611.4911072,A1850_B1850,1,1850,1850,0.85,0.85,10.431,21.57
1785437611.5090396,A1850_B1850,1,1850,1850,0.85,0.85,10.513,21.93
1785437611.5310197,A1850_B1850,1,1850,1850,0.85,0.85,10.585,22.18
1785437611.5520592,A1850_B1850,1,1850,1850,0.85,0.85,10.499,21.91
1785437611.5711653,A1850_B1850,1,1850,1850,0.85,0.85,10.664,22.1
1785437611.5900877,A1850_B1850,1,1850,1850,0.85,0.85,10.584,22.47
1785437611.6110423,A1850_B1850,1,1850,1850,0.85,0.85,10.534,22.06
1785437611.6290224,A1850_B1850,1,1850,1850,0.85,0.85,10.637,22.36
1785437611.653457,A1850_B1850,1,1850,1850,0.85,0.85,10.622,22.57
1785437611.6712062,A1850_B1850,1,1850,1850,0.85,0.85,10.571,22.14
1785437611.6890607,A1850_B1850,1,1850,1850,0.85,0.85,10.593,22.33
1785437611.7110374,A1850_B1850,1,1850,1850,0.85,0.85,10.577,22.05
1785437611.7290347,A1850_B1850,1,1850,1850,0.85,0.85,10.456,22.18
1785437611.7530982,A1850_B1850,1,1850,1850,0.85,0.85,10.614,22.18
1785437611.7711291,A1850_B1850,1,1850,1850,0.85,0.85,10.605,22.22
1785437611.7910712,A1850_B1850,1,1850,1850,0.85,0.85,10.555,22.06
1785437611.8093235,A1850_B1850,1,1850,1850,0.85,0.85,10.487,21.91
1785437611.8300824,A1850_B1850,1,1850,1850,0.85,0.85,10.486,21.99
1785437611.85283,A1850_B1850,1,1850,1850,0.85,0.85,10.613,22.03
1785437611.870233,A1850_B1850,1,1850,1850,0.85,0.85,10.616,22.06
1785437611.891766,A1850_B1850,1,1850,1850,0.85,0.85,10.551,21.95
1785437611.9094684,A1850_B1850,1,1850,1850,0.85,0.85,10.564,22.11
1785437611.9315693,A1850_B1850,1,1850,1850,0.85,0.85,10.641,21.9
1785437611.9521513,A1850_B1850,1,1850,1850,0.85,0.85,10.515,22.06
1785437611.97054,A1850_B1850,1,1850,1850,0.85,0.85,10.438,21.85
1785437611.9910448,A1850_B1850,1,1850,1850,0.85,0.85,10.524,22.09
1785437612.010059,A1850_B1850,1,1850,1850,0.85,0.85,10.7,21.88
1785437612.0295615,A1850_B1850,1,1850,1850,0.85,0.85,10.551,22.17
1785437612.0530834,A1850_B1850,1,1850,1850,0.85,0.85,10.444,21.92
1785437612.06906,A1850_B1850,1,1850,1850,0.85,0.85,10.571,22.25
1785437612.0887778,A1850_B1850,1,1850,1850,0.85,0.85,10.612,22.35
1785437612.1093924,A1850_B1850,1,1850,1850,0.85,0.85,10.471,22.16
1785437612.1300824,A1850_B1850,1,1850,1850,0.85,0.85,10.583,22.14
1785437612.152023,A1850_B1850,1,1850,1850,0.85,0.85,10.721,22.19
1785437612.1712236,A1850_B1850,1,1850,1850,0.85,0.85,10.521,22.0
1785437612.1893106,A1850_B1850,1,1850,1850,0.85,0.85,10.52,21.95
1785437612.2101715,A1850_B1850,1,1850,1850,0.85,0.85,10.587,22.2
1785437612.2313135,A1850_B1850,1,1850,1850,0.85,0.85,10.606,22.26
1785437612.253101,A1850_B1850,1,1850,1850,0.85,0.85,10.509,21.96
1785437612.2710717,A1850_B1850,1,1850,1850,0.85,0.85,10.522,22.11
1785437612.2891457,A1850_B1850,1,1850,1850,0.85,0.85,10.501,21.98
1785437612.3100677,A1850_B1850,1,1850,1850,0.85,0.85,10.515,22.41
1785437612.3292897,A1850_B1850,1,1850,1850,0.85,0.85,10.524,22.01
1785437612.3531418,A1850_B1850,1,1850,1850,0.85,0.85,10.571,22.24
1785437612.371056,A1850_B1850,1,1850,1850,0.85,0.85,10.536,22.0
1785437612.3892076,A1850_B1850,1,1850,1850,0.85,0.85,10.672,22.07
1785437612.4100554,A1850_B1850,1,1850,1850,0.85,0.85,10.694,21.89
1785437612.4311569,A1850_B1850,1,1850,1850,0.85,0.85,10.481,21.9
1785437612.45311,A1850_B1850,1,1850,1850,0.85,0.85,10.604,22.32
1785437612.4712813,A1850_B1850,1,1850,1850,0.85,0.85,10.505,22.03
1785437612.489154,A1850_B1850,1,1850,1850,0.85,0.85,10.523,22.03
1785437612.5100794,A1850_B1850,1,1850,1850,0.85,0.85,10.571,22.18
1785437612.531067,A1850_B1850,1,1850,1850,0.85,0.85,10.533,22.07
1785437612.5522103,A1850_B1850,1,1850,1850,0.85,0.85,10.574,22.16
1785437612.5715318,A1850_B1850,1,1850,1850,0.85,0.85,10.581,22.13
1785437612.5894475,A1850_B1850,1,1850,1850,0.85,0.85,10.492,21.85
1785437612.610062,A1850_B1850,1,1850,1850,0.85,0.85,10.507,21.99
1785437612.631111,A1850_B1850,1,1850,1850,0.85,0.85,10.537,22.02
1785437612.6540017,A1850_B1850,1,1850,1850,0.85,0.85,10.579,22.12
1785437612.6702642,A1850_B1850,1,1850,1850,0.85,0.85,10.52,21.99
1785437612.690101,A1850_B1850,1,1850,1850,0.85,0.85,10.506,21.98
1785437612.709457,A1850_B1850,1,1850,1850,0.85,0.85,10.504,22.0
1785437612.7301812,A1850_B1850,1,1850,1850,0.85,0.85,10.548,21.99
1785437612.7512987,A1850_B1850,1,1850,1850,0.85,0.85,10.489,21.98
1785437612.7691925,A1850_B1850,1,1850,1850,0.85,0.85,10.525,22.1
1785437612.790267,A1850_B1850,1,1850,1850,0.85,0.85,10.517,22.1
1785437612.8111832,A1850_B1850,1,1850,1850,0.85,0.85,10.584,22.11
1785437612.8291445,A1850_B1850,1,1850,1850,0.85,0.85,10.491,21.86
1785437612.8522074,A1850_B1850,1,1850,1850,0.85,0.85,10.557,22.11
1785437612.8694885,A1850_B1850,1,1850,1850,0.85,0.85,10.506,21.97
1785437612.8902218,A1850_B1850,1,1850,1850,0.85,0.85,10.669,22.26
1785437612.9111195,A1850_B1850,1,1850,1850,0.85,0.85,10.508,21.91
1785437612.929114,A1850_B1850,1,1850,1850,0.85,0.85,10.672,22.23
1785437612.9536011,A1850_B1850,1,1850,1850,0.85,0.85,10.511,21.97
1785437612.9691641,A1850_B1850,1,1850,1850,0.85,0.85,10.499,22.04
1785437612.9903173,A1850_B1850,1,1850,1850,0.85,0.85,10.483,21.95
1785437613.0091197,A1850_B1850,1,1850,1850,0.85,0.85,10.613,22.1
1785437613.0310993,A1850_B1850,1,1850,1850,0.85,0.85,10.505,21.99
1785437613.052265,A1850_B1850,1,1850,1850,0.85,0.85,10.515,21.93
1785437613.0710733,A1850_B1850,1,1850,1850,0.85,0.85,10.489,22.09
1785437613.0902255,A1850_B1850,1,1850,1850,0.85,0.85,10.47,22.05
1785437613.1110969,A1850_B1850,1,1850,1850,0.85,0.85,10.569,22.13
1785437613.1301703,A1850_B1850,1,1850,1850,0.85,0.85,10.552,22.09
1785437613.1511009,A1850_B1850,1,1850,1850,0.85,0.85,10.56,22.06
1785437613.1691897,A1850_B1850,1,1850,1850,0.85,0.85,10.51,21.97
1785437613.1904135,A1850_B1850,1,1850,1850,0.85,0.85,10.523,22.02
1785437613.2111013,A1850_B1850,1,1850,1850,0.85,0.85,10.5,21.93
1785437613.2315378,A1850_B1850,1,1850,1850,0.85,0.85,10.589,21.96
1785437613.2521253,A1850_B1850,1,1850,1850,0.85,0.85,10.453,21.78
1785437613.2713232,A1850_B1850,1,1850,1850,0.85,0.85,10.531,22.05
1785437613.291182,A1850_B1850,1,1850,1850,0.85,0.85,10.475,21.91
1785437613.310323,A1850_B1850,1,1850,1850,0.85,0.85,10.471,21.93
1785437613.3311732,A1850_B1850,1,1850,1850,0.85,0.85,10.493,22.0
1785437613.3532035,A1850_B1850,1,1850,1850,0.85,0.85,10.551,21.83
1785437613.3696787,A1850_B1850,1,1850,1850,0.85,0.85,10.523,22.08
1785437613.3901184,A1850_B1850,1,1850,1850,0.85,0.85,10.632,22.37
1785437613.411236,A1850_B1850,1,1850,1850,0.85,0.85,10.484,22.0
1785437613.429174,A1850_B1850,1,1850,1850,0.85,0.85,10.534,21.97
1785437613.4512908,A1850_B1850,1,1850,1850,0.85,0.85,10.475,21.91
1785437613.4691377,A1850_B1850,1,1850,1850,0.85,0.85,10.559,22.1
1785437613.491287,A1850_B1850,1,1850,1850,0.85,0.85,10.514,21.97
1785437613.50911,A1850_B1850,1,1850,1850,0.85,0.85,10.594,22.01
1785437613.530192,A1850_B1850,1,1850,1850,0.85,0.85,10.485,21.92
1785437613.5514085,A1850_B1850,1,1850,1850,0.85,0.85,10.448,22.09
1785437613.570102,A1850_B1850,1,1850,1850,0.85,0.85,10.503,22.01
1785437613.5912168,A1850_B1850,1,1850,1850,0.85,0.85,10.525,21.94
1785437613.6091526,A1850_B1850,1,1850,1850,0.85,0.85,10.501,21.93
1785437613.6301591,A1850_B1850,1,1850,1850,0.85,0.85,10.521,22.01
1785437613.652523,A1850_B1850,1,1850,1850,0.85,0.85,10.607,22.09
1785437613.669317,A1850_B1850,1,1850,1850,0.85,0.85,10.499,21.93
1785437613.6912093,A1850_B1850,1,1850,1850,0.85,0.85,10.489,21.92
1785437613.7091112,A1850_B1850,1,1850,1850,0.85,0.85,10.486,21.92
1785437613.7301388,A1850_B1850,1,1850,1850,0.85,0.85,10.488,21.93
1785437613.7513342,A1850_B1850,1,1850,1850,0.85,0.85,10.506,21.98
1785437613.7713335,A1850_B1850,1,1850,1850,0.85,0.85,10.543,21.9
1785437613.7900958,A1850_B1850,1,1850,1850,0.85,0.85,10.448,22.16
1785437613.8112009,A1850_B1850,1,1850,1850,0.85,0.85,10.521,21.97
1785437613.83014,A1850_B1850,1,1850,1850,0.85,0.85,10.515,21.96
1785437613.85219,A1850_B1850,1,1850,1850,0.85,0.85,10.558,21.8
1785437613.8720205,A1850_B1850,1,1850,1850,0.85,0.85,10.487,21.97
1785437613.8891644,A1850_B1850,1,1850,1850,0.85,0.85,10.672,22.15
1785437613.9114008,A1850_B1850,1,1850,1850,0.85,0.85,10.475,21.89
1785437613.929314,A1850_B1850,1,1850,1850,0.85,0.85,10.642,22.06
1785437613.9537349,A1850_B1850,1,1850,1850,0.85,0.85,10.522,22.0
1785437613.9711785,A1850_B1850,1,1850,1850,0.85,0.85,10.534,22.1
1785437613.9892008,A1850_B1850,1,1850,1850,0.85,0.85,10.501,22.04
1785437614.0101714,A1850_B1850,1,1850,1850,0.85,0.85,10.503,21.92
1785437614.0295198,A1850_B1850,1,1850,1850,0.85,0.85,10.456,21.98
1785437614.0532315,A1850_B1850,1,1850,1850,0.85,0.85,10.473,22.09
1785437614.0711074,A1850_B1850,1,1850,1850,0.85,0.85,10.493,22.05
1785437614.0891216,A1850_B1850,1,1850,1850,0.85,0.85,10.472,21.88
1785437614.1101983,A1850_B1850,1,1850,1850,0.85,0.85,10.499,21.99
1785437614.1288648,A1850_B1850,1,1850,1850,0.85,0.85,10.493,22.06
1785437614.1522005,A1850_B1850,1,1850,1850,0.85,0.85,10.578,22.09
1785437614.1713014,A1850_B1850,1,1850,1850,0.85,0.85,10.501,21.91
1785437614.189145,A1850_B1850,1,1850,1850,0.85,0.85,10.468,21.87
1785437614.210145,A1850_B1850,1,1850,1850,0.85,0.85,10.505,21.96
1785437614.2311122,A1850_B1850,1,1850,1850,0.85,0.85,10.512,22.0
1785437614.2531583,A1850_B1850,1,1850,1850,0.85,0.85,10.478,21.87
1785437614.2711632,A1850_B1850,1,1850,1850,0.85,0.85,10.524,22.0
1785437614.2891326,A1850_B1850,1,1850,1850,0.85,0.85,10.532,22.03
1785437614.3101363,A1850_B1850,1,1850,1850,0.85,0.85,10.6,22.19
1785437614.331114,A1850_B1850,1,1850,1850,0.85,0.85,10.508,22.02
1785437614.352315,A1850_B1850,1,1850,1850,0.85,0.85,10.503,21.99
1785437614.3717437,A1850_B1850,1,1850,1850,0.85,0.85,10.517,21.98
1785437614.3891466,A1850_B1850,1,1850,1850,0.85,0.85,10.499,21.85
1785437614.410129,A1850_B1850,1,1850,1850,0.85,0.85,10.425,21.92
1785437614.4311528,A1850_B1850,1,1850,1850,0.85,0.85,10.559,22.02
1785437614.4531484,A1850_B1850,1,1850,1850,0.85,0.85,10.466,21.92
1785437614.471373,A1850_B1850,1,1850,1850,0.85,0.85,10.488,21.87
1785437614.4891233,A1850_B1850,1,1850,1850,0.85,0.85,10.527,22.01
1785437614.5101426,A1850_B1850,1,1850,1850,0.85,0.85,10.601,22.24
1785437614.5317822,A1850_B1850,1,1850,1850,0.85,0.85,10.532,22.03
1785437614.5518537,A1850_B1850,1,1850,1850,0.85,0.85,10.487,21.95
1785437614.569198,A1850_B1850,1,1850,1850,0.85,0.85,10.508,21.91
1785437614.5916462,A1850_B1850,1,1850,1850,0.85,0.85,10.594,22.0
1785437614.6111097,A1850_B1850,1,1850,1850,0.85,0.85,10.533,22.15
1785437614.630764,A1850_B1850,1,1850,1850,0.85,0.85,10.564,22.15
1785437614.6511664,A1850_B1850,1,1850,1850,0.85,0.85,10.393,22.02
1785437614.6708095,A1850_B1850,1,1850,1850,0.85,0.85,10.531,21.95
1785437614.689523,A1850_B1850,1,1850,1850,0.85,0.85,10.516,22.11
1785437614.7101471,A1850_B1850,1,1850,1850,0.85,0.85,10.593,22.09
1785437614.7293103,A1850_B1850,1,1850,1850,0.85,0.85,10.528,22.12
1785437614.7517362,A1850_B1850,1,1850,1850,0.85,0.85,10.565,22.15
1785437614.7692258,A1850_B1850,1,1850,1850,0.85,0.85,10.505,21.92
1785437614.7901766,A1850_B1850,1,1850,1850,0.85,0.85,10.464,21.87
1785437614.8111463,A1850_B1850,1,1850,1850,0.85,0.85,10.522,22.04
1785437614.8291361,A1850_B1850,1,1850,1850,0.85,0.85,10.529,22.09
1785437614.8509283,A1850_B1850,1,1850,1850,0.85,0.85,10.531,21.81
1785437614.8705647,A1850_B1850,1,1850,1850,0.85,0.85,10.435,21.94
1785437614.8911736,A1850_B1850,1,1850,1850,0.85,0.85,10.591,21.99
1785437614.9103227,A1850_B1850,1,1850,1850,0.85,0.85,10.564,22.04
1785437614.931183,A1850_B1850,1,1850,1850,0.85,0.85,10.51,21.86
1785437614.952216,A1850_B1850,1,1850,1850,0.85,0.85,10.555,22.13
1785437614.9701667,A1850_B1850,1,1850,1850,0.85,0.85,10.505,21.78
1785437614.991169,A1850_B1850,1,1850,1850,0.85,0.85,10.629,22.03
1785437615.0093374,A1850_B1850,1,1850,1850,0.85,0.85,10.6,22.1
1785437615.0312235,A1850_B1850,1,1850,1850,0.85,0.85,10.541,22.03
1785437615.0523221,A1850_B1850,1,1850,1850,0.85,0.85,10.486,21.94
1785437615.0701885,A1850_B1850,1,1850,1850,0.85,0.85,10.708,21.8
1785437615.0911555,A1850_B1850,1,1850,1850,0.85,0.85,10.491,22.02
1785437615.1101437,A1850_B1850,1,1850,1850,0.85,0.85,10.524,21.98
1785437615.1311805,A1850_B1850,1,1850,1850,0.85,0.85,10.58,22.16
1785437615.152174,A1850_B1850,1,1850,1850,0.85,0.85,10.623,21.8
1785437615.1703625,A1850_B1850,1,1850,1850,0.85,0.85,10.462,21.87
1785437615.1891913,A1850_B1850,1,1850,1850,0.85,0.85,10.556,21.97
1785437615.211699,A1850_B1850,1,1850,1850,0.85,0.85,10.546,21.96
1785437615.2292237,A1850_B1850,1,1850,1850,0.85,0.85,10.511,21.96
1785437615.25119,A1850_B1850,1,1850,1850,0.85,0.85,10.552,21.75
1785437615.2706885,A1850_B1850,1,1850,1850,0.85,0.85,10.478,21.87
1785437615.2911787,A1850_B1850,1,1850,1850,0.85,0.85,10.465,21.87
1785437615.310152,A1850_B1850,1,1850,1850,0.85,0.85,10.531,22.01
1785437615.3311486,A1850_B1850,1,1850,1850,0.85,0.85,10.513,21.99
1785437615.3527038,A1850_B1850,1,1850,1850,0.85,0.85,10.594,22.12
1785437615.370147,A1850_B1850,1,1850,1850,0.85,0.85,10.497,21.71
1785437615.3911476,A1850_B1850,1,1850,1850,0.85,0.85,10.523,21.87
1785437615.4091504,A1850_B1850,1,1850,1850,0.85,0.85,10.481,21.96
1785437615.4301615,A1850_B1850,1,1850,1850,0.85,0.85,10.556,22.14
1785437615.45187,A1850_B1850,1,1850,1850,0.85,0.85,10.462,21.71
1785437615.4692023,A1850_B1850,1,1850,1850,0.85,0.85,10.536,22.2
1785437615.4912038,A1850_B1850,1,1850,1850,0.85,0.85,10.53,22.24
1785437615.5092235,A1850_B1850,1,1850,1850,0.85,0.85,10.546,21.94
1785437615.530523,A1850_B1850,1,1850,1850,0.85,0.85,10.462,21.91
1785437615.5511878,A1850_B1850,1,1850,1850,0.85,0.85,10.48,21.87
1785437615.570171,A1850_B1850,1,1850,1850,0.85,0.85,10.46,21.81
1785437615.5911946,A1850_B1850,1,1850,1850,0.85,0.85,10.552,22.08
1785437615.6103334,A1850_B1850,1,1850,1850,0.85,0.85,10.514,21.83
1785437615.6291566,A1850_B1850,1,1850,1850,0.85,0.85,10.604,22.08
1785437615.6508524,A1850_B1850,1,1850,1850,0.85,0.85,10.537,21.73
1785437615.671342,A1850_B1850,1,1850,1850,0.85,0.85,10.552,22.13
1785437615.6891856,A1850_B1850,1,1850,1850,0.85,0.85,10.51,21.86
1785437615.710291,A1850_B1850,1,1850,1850,0.85,0.85,10.506,22.4
1785437615.7311609,A1850_B1850,1,1850,1850,0.85,0.85,10.512,21.89
1785437615.7532012,A1850_B1850,1,1850,1850,0.85,0.85,10.505,21.99
1785437615.7712257,A1850_B1850,1,1850,1850,0.85,0.85,10.427,21.61
1785437615.7901645,A1850_B1850,1,1850,1850,0.85,0.85,10.476,21.88
1785437615.8091874,A1850_B1850,1,1850,1850,0.85,0.85,10.566,22.11
1785437615.8301697,A1850_B1850,1,1850,1850,0.85,0.85,10.571,21.87
1785437615.8512876,A1850_B1850,1,1850,1850,0.85,0.85,10.63,22.34
1785437615.8691697,A1850_B1850,1,1850,1850,0.85,0.85,10.467,21.92
1785437615.891441,A1850_B1850,1,1850,1850,0.85,0.85,10.507,21.9
1785437615.909216,A1850_B1850,1,1850,1850,0.85,0.85,10.486,21.83
1785437615.9307365,A1850_B1850,1,1850,1850,0.85,0.85,10.472,21.97
1785437615.9512765,A1850_B1850,1,1850,1850,0.85,0.85,10.495,21.71
1785437615.970288,A1850_B1850,1,1850,1850,0.85,0.85,10.523,21.87
1785437615.9912055,A1850_B1850,1,1850,1850,0.85,0.85,10.496,21.86
1785437616.0099366,A1850_B1850,1,1850,1850,0.85,0.85,10.504,21.93
1785437616.0312932,A1850_B1850,1,1850,1850,0.85,0.85,10.443,21.87
1785437616.0522883,A1850_B1850,1,1850,1850,0.85,0.85,10.458,21.88
1785437616.071702,A1850_B1850,1,1850,1850,0.85,0.85,10.466,21.9
1785437616.089586,A1850_B1850,1,1850,1850,0.85,0.85,10.493,21.94
1785437616.1102166,A1850_B1850,1,1850,1850,0.85,0.85,10.48,21.69
1785437616.1311817,A1850_B1850,1,1850,1850,0.85,0.85,10.616,22.18
1785437616.1522324,A1850_B1850,1,1850,1850,0.85,0.85,10.513,22.02
1785437616.1713512,A1850_B1850,1,1850,1850,0.85,0.85,10.577,21.87
1785437616.1903055,A1850_B1850,1,1850,1850,0.85,0.85,10.579,22.24
1785437616.2112079,A1850_B1850,1,1850,1850,0.85,0.85,10.616,21.99
1785437616.2301817,A1850_B1850,1,1850,1850,0.85,0.85,10.466,21.83
1785437616.2512195,A1850_B1850,1,1850,1850,0.85,0.85,10.45,21.96
1785437616.269605,A1850_B1850,1,1850,1850,0.85,0.85,10.538,21.97
1785437616.2901757,A1850_B1850,1,1850,1850,0.85,0.85,10.471,21.94
1785437616.3112154,A1850_B1850,1,1850,1850,0.85,0.85,10.539,21.99
1785437616.3294396,A1850_B1850,1,1850,1850,0.85,0.85,10.525,21.92
1785437616.3512115,A1850_B1850,1,1850,1850,0.85,0.85,10.559,22.02
1785437616.3692055,A1850_B1850,1,1850,1850,0.85,0.85,10.417,21.85
1785437616.3901966,A1850_B1850,1,1850,1850,0.85,0.85,10.546,21.7
1785437616.4101796,A1850_B1850,1,1850,1850,0.85,0.85,10.491,22.04
1785437616.4312382,A1850_B1850,1,1850,1850,0.85,0.85,10.455,21.53
1785437616.452215,A1850_B1850,1,1850,1850,0.85,0.85,10.553,21.58
1785437616.470214,A1850_B1850,1,1850,1850,0.85,0.85,10.47,22.05
1785437616.4892027,A1850_B1850,1,1850,1850,0.85,0.85,10.574,21.97
1785437616.5103266,A1850_B1850,1,1850,1850,0.85,0.85,10.544,22.0
1785437616.5317314,A1850_B1850,1,1850,1850,0.85,0.85,10.482,22.0
1785437616.5522087,A1850_B1850,1,1850,1850,0.85,0.85,10.586,21.94
1785437616.571417,A1850_B1850,1,1850,1850,0.85,0.85,10.548,21.87
1785437616.5891979,A1850_B1850,1,1850,1850,0.85,0.85,10.458,21.98
1785437616.610615,A1850_B1850,1,1850,1850,0.85,0.85,10.685,21.91
1785437616.631226,A1850_B1850,1,1850,1850,0.85,0.85,10.478,21.85
1785437616.6522205,A1850_B1850,1,1850,1850,0.85,0.85,10.524,21.83
1785437616.670559,A1850_B1850,1,1850,1850,0.85,0.85,10.462,21.83
1785437616.6893978,A1850_B1850,1,1850,1850,0.85,0.85,10.499,22.05
1785437616.710268,A1850_B1850,1,1850,1850,0.85,0.85,10.559,22.03
1785437616.7288923,A1850_B1850,1,1850,1850,0.85,0.85,10.465,21.64
1785437616.752279,A1850_B1850,1,1850,1850,0.85,0.85,10.508,21.83
1785437616.7702227,A1850_B1850,1,1850,1850,0.85,0.85,10.608,21.88
1785437616.7915893,A1850_B1850,1,1850,1850,0.85,0.85,10.475,21.79
1785437616.8092365,A1850_B1850,1,1850,1850,0.85,0.85,10.512,21.91
1785437616.8307097,A1850_B1850,1,1850,1850,0.85,0.85,10.511,21.9
1785437616.8513336,A1850_B1850,1,1850,1850,0.85,0.85,10.58,21.76
1785437616.8701987,A1850_B1850,1,1850,1850,0.85,0.85,10.439,21.99
1785437616.8911948,A1850_B1850,1,1850,1850,0.85,0.85,10.441,21.74
1785437616.9092844,A1850_B1850,1,1850,1850,0.85,0.85,10.522,21.89
1785437616.930403,A1850_B1850,1,1850,1850,0.85,0.85,10.423,21.78
1785437616.952267,A1850_B1850,1,1850,1850,0.85,0.85,10.511,21.9
1785437616.9702759,A1850_B1850,1,1850,1850,0.85,0.85,10.483,21.98
1785437616.9912434,A1850_B1850,1,1850,1850,0.85,0.85,10.521,21.96
1785437617.0113316,A1850_B1850,1,1850,1850,0.85,0.85,10.483,21.95
1785437617.0292807,A1850_B1850,1,1850,1850,0.85,0.85,10.501,21.8
1785437617.0536401,A1850_B1850,1,1850,1850,0.85,0.85,10.521,22.13
1785437617.0713239,A1850_B1850,1,1850,1850,0.85,0.85,10.372,21.65
1785437617.0903192,A1850_B1850,1,1850,1850,0.85,0.85,10.619,21.99
1785437617.1113203,A1850_B1850,1,1850,1850,0.85,0.85,10.484,21.89
1785437617.1293721,A1850_B1850,1,1850,1850,0.85,0.85,10.56,21.81
1785437617.1533337,A1850_B1850,1,1850,1850,0.85,0.85,10.542,21.76
1785437617.1714685,A1850_B1850,1,1850,1850,0.85,0.85,10.571,21.86
1785437617.1892478,A1850_B1850,1,1850,1850,0.85,0.85,10.491,21.85
1785437617.2115047,A1850_B1850,1,1850,1850,0.85,0.85,10.573,21.91
1785437617.2292101,A1850_B1850,1,1850,1850,0.85,0.85,10.458,21.82
1785437617.2535288,A1850_B1850,1,1850,1850,0.85,0.85,10.558,22.02
1785437617.27129,A1850_B1850,1,1850,1850,0.85,0.85,10.452,21.76
1785437617.2902975,A1850_B1850,1,1850,1850,0.85,0.85,10.564,21.88
1785437617.3112135,A1850_B1850,1,1850,1850,0.85,0.85,10.509,22.07
1785437617.3296921,A1850_B1850,1,1850,1850,0.85,0.85,10.559,21.98
1785437617.3532476,A1850_B1850,1,1850,1850,0.85,0.85,10.472,21.82
1785437617.3692331,A1850_B1850,1,1850,1850,0.85,0.85,10.52,21.87
1785437617.3890264,A1850_B1850,1,1850,1850,0.85,0.85,10.491,21.84
1785437617.4097946,A1850_B1850,1,1850,1850,0.85,0.85,10.512,21.84
1785437617.4302096,A1850_B1850,1,1850,1850,0.85,0.85,10.494,21.84
1785437617.4522505,A1850_B1850,1,1850,1850,0.85,0.85,10.539,21.97
1785437617.4712894,A1850_B1850,1,1850,1850,0.85,0.85,10.489,21.86
1785437617.489397,A1850_B1850,1,1850,1850,0.85,0.85,10.595,21.81
1785437617.5104663,A1850_B1850,1,1850,1850,0.85,0.85,10.482,21.8
1785437617.53137,A1850_B1850,1,1850,1850,0.85,0.85,10.551,22.04
1785437617.5532548,A1850_B1850,1,1850,1850,0.85,0.85,10.51,21.94
1785437617.5712783,A1850_B1850,1,1850,1850,0.85,0.85,10.559,21.84
1785437617.5896983,A1850_B1850,1,1850,1850,0.85,0.85,10.483,21.84
1785437617.6102197,A1850_B1850,1,1850,1850,0.85,0.85,10.497,21.85
1785437617.6293187,A1850_B1850,1,1850,1850,0.85,0.85,10.508,21.87
1785437617.653256,A1850_B1850,1,1850,1850,0.85,0.85,10.512,21.87
1785437617.671333,A1850_B1850,1,1850,1850,0.85,0.85,10.499,21.97
1785437617.6912982,A1850_B1850,1,1850,1850,0.85,0.85,10.482,21.97
1785437617.709363,A1850_B1850,1,1850,1850,0.85,0.85,10.531,21.9
1785437617.730258,A1850_B1850,1,1850,1850,0.85,0.85,10.577,21.73
1785437617.7512608,A1850_B1850,1,1850,1850,0.85,0.85,10.465,21.94
1785437617.7694857,A1850_B1850,1,1850,1850,0.85,0.85,10.654,22.0
1785437617.7902331,A1850_B1850,1,1850,1850,0.85,0.85,10.583,22.01
1785437617.8094435,A1850_B1850,1,1850,1850,0.85,0.85,10.579,22.23
1785437617.8303256,A1850_B1850,1,1850,1850,0.85,0.85,10.556,21.8
1785437617.8518424,A1850_B1850,1,1850,1850,0.85,0.85,10.58,22.19
1785437617.8694513,A1850_B1850,1,1850,1850,0.85,0.85,10.453,21.8
1785437617.891771,A1850_B1850,1,1850,1850,0.85,0.85,10.539,21.98
1785437617.9093378,A1850_B1850,1,1850,1850,0.85,0.85,10.505,21.75
1785437617.93064,A1850_B1850,1,1850,1850,0.85,0.85,10.53,22.01
1785437617.9512985,A1850_B1850,1,1850,1850,0.85,0.85,10.465,21.84
1785437617.9704747,A1850_B1850,1,1850,1850,0.85,0.85,10.548,22.17
1785437617.9907956,A1850_B1850,1,1850,1850,0.85,0.85,10.458,21.88
1785437618.0096724,A1850_B1850,1,1850,1850,0.85,0.85,10.626,22.28
1785437618.0304956,A1850_B1850,1,1850,1850,0.85,0.85,10.567,21.8
1785437618.0519874,A1850_B1850,1,1850,1850,0.85,0.85,10.562,22.18
1785437618.0694222,A1850_B1850,1,1850,1850,0.85,0.85,10.471,21.91
1785437618.0910275,A1850_B1850,1,1850,1850,0.85,0.85,10.589,22.18
1785437618.111288,A1850_B1850,1,1850,1850,0.85,0.85,10.466,21.89
1785437618.1292708,A1850_B1850,1,1850,1850,0.85,0.85,10.643,22.13
1785437618.151264,A1850_B1850,1,1850,1850,0.85,0.85,10.493,21.97
1785437618.169324,A1850_B1850,1,1850,1850,0.85,0.85,10.605,22.03
1785437618.190566,A1850_B1850,1,1850,1850,0.85,0.85,10.486,22.09
1785437618.2113492,A1850_B1850,1,1850,1850,0.85,0.85,10.71,22.04
1785437618.2294056,A1850_B1850,1,1850,1850,0.85,0.85,10.472,21.91
1785437618.2535737,A1850_B1850,1,1850,1850,0.85,0.85,10.575,22.08
1785437618.269369,A1850_B1850,1,1850,1850,0.85,0.85,10.611,21.96
1785437618.2897232,A1850_B1850,1,1850,1850,0.85,0.85,10.613,22.21
1785437618.3103778,A1850_B1850,1,1850,1850,0.85,0.85,10.45,21.91
1785437618.3312414,A1850_B1850,1,1850,1850,0.85,0.85,10.548,22.08
1785437618.3522787,A1850_B1850,1,1850,1850,0.85,0.85,10.622,21.88
1785437618.3703537,A1850_B1850,1,1850,1850,0.85,0.85,10.49,21.92
1785437618.3912623,A1850_B1850,1,1850,1850,0.85,0.85,10.468,21.89
1785437618.4104183,A1850_B1850,1,1850,1850,0.85,0.85,10.403,22.07
1785437618.4314058,A1850_B1850,1,1850,1850,0.85,0.85,10.697,22.03
1785437618.452281,A1850_B1850,1,1850,1850,0.85,0.85,10.53,22.1
1785437618.4703655,A1850_B1850,1,1850,1850,0.85,0.85,10.475,22.01
1785437618.491252,A1850_B1850,1,1850,1850,0.85,0.85,10.54,22.06
1785437618.5092921,A1850_B1850,1,1850,1850,0.85,0.85,10.459,21.92
1785437618.5316765,A1850_B1850,1,1850,1850,0.85,0.85,10.552,22.13
1785437618.5523047,A1850_B1850,1,1850,1850,0.85,0.85,10.57,21.96
1785437618.5709946,A1850_B1850,1,1850,1850,0.85,0.85,10.557,22.15
1785437618.5914538,A1850_B1850,1,1850,1850,0.85,0.85,10.476,21.9
1785437618.610402,A1850_B1850,1,1850,1850,0.85,0.85,10.573,22.03
1785437618.6313598,A1850_B1850,1,1850,1850,0.85,0.85,10.545,21.85
1785437618.6528733,A1850_B1850,1,1850,1850,0.85,0.85,10.551,22.11
1785437618.6704056,A1850_B1850,1,1850,1850,0.85,0.85,10.487,21.81
1785437618.6894257,A1850_B1850,1,1850,1850,0.85,0.85,10.551,22.11
1785437618.710262,A1850_B1850,1,1850,1850,0.85,0.85,10.434,21.87
1785437618.7295392,A1850_B1850,1,1850,1850,0.85,0.85,10.564,22.12
1785437618.7533298,A1850_B1850,1,1850,1850,0.85,0.85,10.467,21.88
1785437618.7715764,A1850_B1850,1,1850,1850,0.85,0.85,10.504,21.93
1785437618.789282,A1850_B1850,1,1850,1850,0.85,0.85,10.434,21.81
1785437618.8113487,A1850_B1850,1,1850,1850,0.85,0.85,10.54,22.06
1785437618.829259,A1850_B1850,1,1850,1850,0.85,0.85,10.468,21.94
1785437618.853411,A1850_B1850,1,1850,1850,0.85,0.85,10.559,22.13
1785437618.8713937,A1850_B1850,1,1850,1850,0.85,0.85,10.433,21.89
1785437618.890268,A1850_B1850,1,1850,1850,0.85,0.85,10.545,22.06
1785437618.9092655,A1850_B1850,1,1850,1850,0.85,0.85,10.448,21.84
1785437618.930279,A1850_B1850,1,1850,1850,0.85,0.85,10.596,22.19
1785437618.951312,A1850_B1850,1,1850,1850,0.85,0.85,10.473,21.88
1785437618.9692812,A1850_B1850,1,1850,1850,0.85,0.85,10.555,22.2
1785437618.9917028,A1850_B1850,1,1850,1850,0.85,0.85,10.45,21.86
1785437619.009268,A1850_B1850,1,1850,1850,0.85,0.85,10.444,22.14
1785437619.0302675,A1850_B1850,1,1850,1850,0.85,0.85,10.521,22.1
1785437619.0514894,A1850_B1850,1,1850,1850,0.85,0.85,10.424,21.92
1785437619.0704694,A1850_B1850,1,1850,1850,0.85,0.85,10.47,22.08
1785437619.0916722,A1850_B1850,1,1850,1850,0.85,0.85,10.541,21.92
1785437619.109327,A1850_B1850,1,1850,1850,0.85,0.85,10.479,21.93
1785437619.129309,A1850_B1850,1,1850,1850,0.85,0.85,10.622,22.07
1785437619.1533413,A1850_B1850,1,1850,1850,0.85,0.85,10.499,21.95
1785437619.172061,A1850_B1850,1,1850,1850,0.85,0.85,10.611,21.96
1785437619.1893556,A1850_B1850,1,1850,1850,0.85,0.85,10.461,21.94
1785437619.211405,A1850_B1850,1,1850,1850,0.85,0.85,10.59,21.82
1785437619.229597,A1850_B1850,1,1850,1850,0.85,0.85,10.505,21.94
1785437619.2539268,A1850_B1850,1,1850,1850,0.85,0.85,10.5,22.16
1785437619.2712824,A1850_B1850,1,1850,1850,0.85,0.85,10.435,21.93
1785437619.2902818,A1850_B1850,1,1850,1850,0.85,0.85,10.474,21.93
1785437619.309842,A1850_B1850,1,1850,1850,0.85,0.85,10.498,22.05
1785437619.3302915,A1850_B1850,1,1850,1850,0.85,0.85,10.451,21.85
1785437619.352364,A1850_B1850,1,1850,1850,0.85,0.85,10.466,21.93
1785437619.370444,A1850_B1850,1,1850,1850,0.85,0.85,10.461,21.91
1785437619.3894413,A1850_B1850,1,1850,1850,0.85,0.85,10.462,21.96
1785437619.4103525,A1850_B1850,1,1850,1850,0.85,0.85,10.472,21.84
1785437619.4288352,A1850_B1850,1,1850,1850,0.85,0.85,10.562,21.97
1785437619.452315,A1850_B1850,1,1850,1850,0.85,0.85,10.492,22.04
1785437619.470353,A1850_B1850,1,1850,1850,0.85,0.85,10.575,22.25
1785437619.4913244,A1850_B1850,1,1850,1850,0.85,0.85,10.499,21.94
1785437619.5102859,A1850_B1850,1,1850,1850,0.85,0.85,10.422,21.96
1785437619.5312843,A1850_B1850,1,1850,1850,0.85,0.85,10.465,21.94
1785437619.552331,A1850_B1850,1,1850,1850,0.85,0.85,10.495,21.91
1785437619.5705051,A1850_B1850,1,1850,1850,0.85,0.85,10.536,21.97
1785437619.5894585,A1850_B1850,1,1850,1850,0.85,0.85,10.479,21.94
1785437619.6102836,A1850_B1850,1,1850,1850,0.85,0.85,10.496,22.02
1785437619.631289,A1850_B1850,1,1850,1850,0.85,0.85,10.45,21.97
1785437619.6523862,A1850_B1850,1,1850,1850,0.85,0.85,10.494,22.06
1785437619.6715045,A1850_B1850,1,1850,1850,0.85,0.85,10.498,22.2
1785437619.6893513,A1850_B1850,1,1850,1850,0.85,0.85,10.499,22.03
1785437619.7103074,A1850_B1850,1,1850,1850,0.85,0.85,10.463,22.08
1785437619.7289183,A1850_B1850,1,1850,1850,0.85,0.85,10.447,21.95
1785437619.752318,A1850_B1850,1,1850,1850,0.85,0.85,10.431,21.93
1785437619.7702842,A1850_B1850,1,1850,1850,0.85,0.85,10.502,22.12
1785437619.7893326,A1850_B1850,1,1850,1850,0.85,0.85,10.417,21.87
1785437619.8106408,A1850_B1850,1,1850,1850,0.85,0.85,10.66,22.02
1785437619.8315148,A1850_B1850,1,1850,1850,0.85,0.85,10.551,22.1
1785437619.852385,A1850_B1850,1,1850,1850,0.85,0.85,10.479,21.87
1785437619.871671,A1850_B1850,1,1850,1850,0.85,0.85,10.509,22.09
1785437619.8893502,A1850_B1850,1,1850,1850,0.85,0.85,10.417,21.83
1785437619.9113069,A1850_B1850,1,1850,1850,0.85,0.85,10.511,22.01
1785437619.931303,A1850_B1850,1,1850,1850,0.85,0.85,10.54,22.09
1785437619.9523294,A1850_B1850,1,1850,1850,0.85,0.85,10.511,22.04
1785437619.9702942,A1850_B1850,1,1850,1850,0.85,0.85,10.448,21.93
1785437619.9896097,A1850_B1850,1,1850,1850,0.85,0.85,10.502,22.1
1785437620.0103307,A1850_B1850,1,1850,1850,0.85,0.85,10.491,22.02
1785437620.0323021,A1850_B1850,1,1850,1850,0.85,0.85,10.529,22.13
1785437620.0533342,A1850_B1850,1,1850,1850,0.85,0.85,10.448,21.99
1785437620.0692601,A1850_B1850,1,1850,1850,0.85,0.85,10.518,21.96
1785437620.0904183,A1850_B1850,1,1850,1850,0.85,0.85,10.603,22.2
1785437620.1114688,A1850_B1850,1,1850,1850,0.85,0.85,10.531,22.01
1785437620.1293552,A1850_B1850,1,1850,1850,0.85,0.85,10.468,21.92
1785437620.151008,A1850_B1850,1,1850,1850,0.85,0.85,10.559,22.06
1785437620.1716063,A1850_B1850,1,1850,1850,0.85,0.85,10.529,21.78
1785437620.1904268,A1850_B1850,1,1850,1850,0.85,0.85,10.625,22.26
1785437620.2114816,A1850_B1850,1,1850,1850,0.85,0.85,10.445,22.01
1785437620.2293782,A1850_B1850,1,1850,1850,0.85,0.85,10.545,21.87
1785437620.2533982,A1850_B1850,1,1850,1850,0.85,0.85,10.405,21.96
1785437620.2695713,A1850_B1850,1,1850,1850,0.85,0.85,10.404,22.02
1785437620.290327,A1850_B1850,1,1850,1850,0.85,0.85,10.496,21.9
1785437620.3113163,A1850_B1850,1,1850,1850,0.85,0.85,10.522,22.1
1785437620.3293262,A1850_B1850,1,1850,1850,0.85,0.85,10.475,21.96
1785437620.353376,A1850_B1850,1,1850,1850,0.85,0.85,10.457,22.03
1785437620.3713076,A1850_B1850,1,1850,1850,0.85,0.85,10.571,21.98
1785437620.390386,A1850_B1850,1,1850,1850,0.85,0.85,10.525,22.01
1785437620.4114332,A1850_B1850,1,1850,1850,0.85,0.85,10.482,22.0
1785437620.429328,A1850_B1850,1,1850,1850,0.85,0.85,10.538,22.14
1785437620.4533937,A1850_B1850,1,1850,1850,0.85,0.85,10.458,22.02
1785437620.4694123,A1850_B1850,1,1850,1850,0.85,0.85,10.402,21.79
1785437620.490367,A1850_B1850,1,1850,1850,0.85,0.85,10.484,21.89
1785437620.5117867,A1850_B1850,1,1850,1850,0.85,0.85,10.508,22.18
1785437620.5293257,A1850_B1850,1,1850,1850,0.85,0.85,10.56,22.07
1785437620.5533514,A1850_B1850,1,1850,1850,0.85,0.85,10.51,22.01
1785437620.5713966,A1850_B1850,1,1850,1850,0.85,0.85,10.489,21.96
1785437620.590613,A1850_B1850,1,1850,1850,0.85,0.85,10.558,22.06
1785437620.611317,A1850_B1850,1,1850,1850,0.85,0.85,10.535,21.92
1785437620.6301847,A1850_B1850,1,1850,1850,0.85,0.85,10.516,21.97
1785437620.6527169,A1850_B1850,1,1850,1850,0.85,0.85,10.551,21.9
1785437620.6705163,A1850_B1850,1,1850,1850,0.85,0.85,10.505,22.1
1785437620.6913912,A1850_B1850,1,1850,1850,0.85,0.85,10.416,21.9
1785437620.7094615,A1850_B1850,1,1850,1850,0.85,0.85,10.559,22.19
1785437620.7304015,A1850_B1850,1,1850,1850,0.85,0.85,10.576,22.0
1785437620.751921,A1850_B1850,1,1850,1850,0.85,0.85,10.574,21.85
1785437620.7693303,A1850_B1850,1,1850,1850,0.85,0.85,10.459,21.97
1785437620.7916362,A1850_B1850,1,1850,1850,0.85,0.85,10.5,22.13
1785437620.8093243,A1850_B1850,1,1850,1850,0.85,0.85,10.441,21.92
1785437620.8303678,A1850_B1850,1,1850,1850,0.85,0.85,10.577,22.45
1785437620.851618,A1850_B1850,1,1850,1850,0.85,0.85,10.46,21.97
1785437620.8693779,A1850_B1850,1,1850,1850,0.85,0.85,10.474,22.01
1785437620.890613,A1850_B1850,1,1850,1850,0.85,0.85,10.476,22.03
1785437620.9093418,A1850_B1850,1,1850,1850,0.85,0.85,10.574,22.03
1785437620.9303286,A1850_B1850,1,1850,1850,0.85,0.85,10.491,22.01
1785437620.9514387,A1850_B1850,1,1850,1850,0.85,0.85,10.539,21.94
1785437620.9695656,A1850_B1850,1,1850,1850,0.85,0.85,10.511,21.99
1785437620.991411,A1850_B1850,1,1850,1850,0.85,0.85,10.396,21.84
1785437621.0093486,A1850_B1850,1,1850,1850,0.85,0.85,10.501,22.05
1785437621.0313482,A1850_B1850,1,1850,1850,0.85,0.85,10.482,21.62
1785437621.0534074,A1850_B1850,1,1850,1850,0.85,0.85,10.524,22.11
1785437621.0713894,A1850_B1850,1,1850,1850,0.85,0.85,10.438,21.95
1785437621.090347,A1850_B1850,1,1850,1850,0.85,0.85,10.462,21.99
1785437621.1093416,A1850_B1850,1,1850,1850,0.85,0.85,10.443,21.95
1785437621.1303544,A1850_B1850,1,1850,1850,0.85,0.85,10.456,21.98
1785437621.1514876,A1850_B1850,1,1850,1850,0.85,0.85,10.452,21.93
1785437621.1693847,A1850_B1850,1,1850,1850,0.85,0.85,10.572,22.25
1785437621.1919565,A1850_B1850,1,1850,1850,0.85,0.85,10.438,21.91
1785437621.2095263,A1850_B1850,1,1850,1850,0.85,0.85,10.619,22.16
1785437621.2312493,A1850_B1850,1,1850,1850,0.85,0.85,10.467,21.97
1785437621.2536926,A1850_B1850,1,1850,1850,0.85,0.85,10.517,22.06
1785437621.2714238,A1850_B1850,1,1850,1850,0.85,0.85,10.5,21.96
1785437621.2903767,A1850_B1850,1,1850,1850,0.85,0.85,10.471,21.96
1785437621.310467,A1850_B1850,1,1850,1850,0.85,0.85,10.508,22.09
1785437621.3298326,A1850_B1850,1,1850,1850,0.85,0.85,10.484,22.0
1785437621.353383,A1850_B1850,1,1850,1850,0.85,0.85,10.417,22.13
1785437621.3713427,A1850_B1850,1,1850,1850,0.85,0.85,10.468,21.93
1785437621.3896108,A1850_B1850,1,1850,1850,0.85,0.85,10.483,22.0
1785437621.410389,A1850_B1850,1,1850,1850,0.85,0.85,10.492,21.85
1785437621.431346,A1850_B1850,1,1850,1850,0.85,0.85,10.479,21.94
1785437621.4523923,A1850_B1850,1,1850,1850,0.85,0.85,10.552,22.12
1785437621.4713917,A1850_B1850,1,1850,1850,0.85,0.85,10.541,22.05
1785437621.4903557,A1850_B1850,1,1850,1850,0.85,0.85,10.539,22.2
1785437621.510392,A1850_B1850,1,1850,1850,0.85,0.85,10.515,21.94
1785437621.5313573,A1850_B1850,1,1850,1850,0.85,0.85,10.519,22.3
1785437621.5528362,A1850_B1850,1,1850,1850,0.85,0.85,10.512,21.88
1785437621.5704107,A1850_B1850,1,1850,1850,0.85,0.85,10.544,22.31
1785437621.5913644,A1850_B1850,1,1850,1850,0.85,0.85,10.434,21.81
1785437621.6094596,A1850_B1850,1,1850,1850,0.85,0.85,10.659,22.24
1785437621.6313941,A1850_B1850,1,1850,1850,0.85,0.85,10.416,21.79
1785437621.6523826,A1850_B1850,1,1850,1850,0.85,0.85,10.58,22.05
1785437621.6715374,A1850_B1850,1,1850,1850,0.85,0.85,10.477,21.85
1785437621.6903756,A1850_B1850,1,1850,1850,0.85,0.85,10.492,21.93
1785437621.7113657,A1850_B1850,1,1850,1850,0.85,0.85,10.571,22.13
1785437621.7308118,A1850_B1850,1,1850,1850,0.85,0.85,10.528,22.04
1785437621.751391,A1850_B1850,1,1850,1850,0.85,0.85,10.452,21.95
1785437621.7693546,A1850_B1850,1,1850,1850,0.85,0.85,10.582,22.16
1785437621.7906957,A1850_B1850,1,1850,1850,0.85,0.85,10.467,21.91
1785437621.8113534,A1850_B1850,1,1850,1850,0.85,0.85,10.543,22.13
1785437621.8295703,A1850_B1850,1,1850,1850,0.85,0.85,10.491,21.82
1785437621.8516066,A1850_B1850,1,1850,1850,0.85,0.85,10.6,21.83
1785437621.8694456,A1850_B1850,1,1850,1850,0.85,0.85,10.492,21.89
1785437621.8913133,A1850_B1850,1,1850,1850,0.85,0.85,10.495,21.85
1785437621.9109342,A1850_B1850,1,1850,1850,0.85,0.85,10.431,21.88
1785437621.9317863,A1850_B1850,1,1850,1850,0.85,0.85,10.511,21.95
1785437621.953885,A1850_B1850,1,1850,1850,0.85,0.85,10.482,21.99
1785437621.9697208,A1850_B1850,1,1850,1850,0.85,0.85,10.424,21.78
1785437621.9903758,A1850_B1850,1,1850,1850,0.85,0.85,10.6,22.34
1785437622.009435,A1850_B1850,1,1850,1850,0.85,0.85,10.425,21.85
1785437622.031469,A1850_B1850,1,1850,1850,0.85,0.85,10.509,22.05
1785437622.0524704,A1850_B1850,1,1850,1850,0.85,0.85,10.429,21.86
1785437622.0704193,A1850_B1850,1,1850,1850,0.85,0.85,10.455,21.99
1785437622.0913846,A1850_B1850,1,1850,1850,0.85,0.85,10.482,21.88
1785437622.1096559,A1850_B1850,1,1850,1850,0.85,0.85,10.531,22.17
1785437622.130805,A1850_B1850,1,1850,1850,0.85,0.85,10.453,21.86
1785437622.1515772,A1850_B1850,1,1850,1850,0.85,0.85,10.497,21.99
1785437622.1705751,A1850_B1850,1,1850,1850,0.85,0.85,10.422,21.89
1785437622.19143,A1850_B1850,1,1850,1850,0.85,0.85,10.632,22.1
1785437622.2094474,A1850_B1850,1,1850,1850,0.85,0.85,10.45,21.99
1785437622.2294233,A1850_B1850,1,1850,1850,0.85,0.85,10.552,21.97
1785437622.2534466,A1850_B1850,1,1850,1850,0.85,0.85,10.442,22.03
1785437622.2714849,A1850_B1850,1,1850,1850,0.85,0.85,10.482,21.88
1785437622.289598,A1850_B1850,1,1850,1850,0.85,0.85,10.515,22.05
1785437622.3114197,A1850_B1850,1,1850,1850,0.85,0.85,10.435,21.97
1785437622.3294427,A1850_B1850,1,1850,1850,0.85,0.85,10.434,21.95
1785437622.3519793,A1850_B1850,1,1850,1850,0.85,0.85,10.439,21.88
1785437622.3704102,A1850_B1850,1,1850,1850,0.85,0.85,10.457,21.89
1785437622.391422,A1850_B1850,1,1850,1850,0.85,0.85,10.59,21.92
1785437622.4103868,A1850_B1850,1,1850,1850,0.85,0.85,10.526,21.97
1785437622.4293818,A1850_B1850,1,1850,1850,0.85,0.85,10.512,22.14
1785437622.453424,A1850_B1850,1,1850,1850,0.85,0.85,10.441,22.01
1785437622.469432,A1850_B1850,1,1850,1850,0.85,0.85,10.52,22.15
1785437622.4919286,A1850_B1850,1,1850,1850,0.85,0.85,10.432,22.07
1785437622.5093877,A1850_B1850,1,1850,1850,0.85,0.85,10.477,22.02
1785437622.5313866,A1850_B1850,1,1850,1850,0.85,0.85,10.548,21.88
1785437622.551416,A1850_B1850,1,1850,1850,0.85,0.85,10.485,21.83
1785437622.570832,A1850_B1850,1,1850,1850,0.85,0.85,10.458,21.69
1785437622.5918229,A1850_B1850,1,1850,1850,0.85,0.85,10.466,22.03
1785437622.6103835,A1850_B1850,1,1850,1850,0.85,0.85,10.433,21.89
1785437622.629848,A1850_B1850,1,1850,1850,0.85,0.85,10.473,21.89
1785437622.653426,A1850_B1850,1,1850,1850,0.85,0.85,10.342,22.01
1785437622.671621,A1850_B1850,1,1850,1850,0.85,0.85,10.58,22.42
1785437622.6894462,A1850_B1850,1,1850,1850,0.85,0.85,10.431,21.89
1785437622.7104056,A1850_B1850,1,1850,1850,0.85,0.85,10.549,22.14
1785437622.7290413,A1850_B1850,1,1850,1850,0.85,0.85,10.401,21.81
1785437622.7524388,A1850_B1850,1,1850,1850,0.85,0.85,10.58,22.04
1785437622.771386,A1850_B1850,1,1850,1850,0.85,0.85,10.475,21.97
1785437622.7893927,A1850_B1850,1,1850,1850,0.85,0.85,10.478,21.92
1785437622.810633,A1850_B1850,1,1850,1850,0.85,0.85,10.47,21.95
1785437622.8314068,A1850_B1850,1,1850,1850,0.85,0.85,10.56,22.23
1785437622.8534303,A1850_B1850,1,1850,1850,0.85,0.85,10.451,21.85
1785437622.8714654,A1850_B1850,1,1850,1850,0.85,0.85,10.62,22.0
1785437622.8898091,A1850_B1850,1,1850,1850,0.85,0.85,10.432,21.9
1785437622.9104056,A1850_B1850,1,1850,1850,0.85,0.85,10.522,22.35
1785437622.931412,A1850_B1850,1,1850,1850,0.85,0.85,10.536,22.18
1785437622.953106,A1850_B1850,1,1850,1850,0.85,0.85,10.483,22.15
1785437622.971418,A1850_B1850,1,1850,1850,0.85,0.85,10.499,22.0
1785437622.9894886,A1850_B1850,1,1850,1850,0.85,0.85,10.442,21.88
1785437623.0104082,A1850_B1850,1,1850,1850,0.85,0.85,10.42,21.78
1785437623.031446,A1850_B1850,1,1850,1850,0.85,0.85,10.415,21.93
1785437623.0534885,A1850_B1850,1,1850,1850,0.85,0.85,10.312,22.0
1785437623.071397,A1850_B1850,1,1850,1850,0.85,0.85,10.424,21.84
1785437623.0894074,A1850_B1850,1,1850,1850,0.85,0.85,10.596,21.94
1785437623.1104355,A1850_B1850,1,1850,1850,0.85,0.85,10.451,21.94
1785437623.1294374,A1850_B1850,1,1850,1850,0.85,0.85,10.484,22.01
1785437623.152413,A1850_B1850,1,1850,1850,0.85,0.85,10.492,21.92
1785437623.1721845,A1850_B1850,1,1850,1850,0.85,0.85,10.57,21.85
1785437623.18947,A1850_B1850,1,1850,1850,0.85,0.85,10.432,21.85
1785437623.2122161,A1850_B1850,1,1850,1850,0.85,0.85,10.554,22.13
1785437623.2308238,A1850_B1850,1,1850,1850,0.85,0.85,10.385,22.03
1785437623.2516124,A1850_B1850,1,1850,1850,0.85,0.85,10.545,21.92
1785437623.270492,A1850_B1850,1,1850,1850,0.85,0.85,10.455,21.88
1785437623.2899451,A1850_B1850,1,1850,1850,0.85,0.85,10.596,22.0
1785437623.309761,A1850_B1850,1,1850,1850,0.85,0.85,10.463,21.95
1785437623.3305373,A1850_B1850,1,1850,1850,0.85,0.85,10.469,21.87
1785437623.3523345,A1850_B1850,1,1850,1850,0.85,0.85,10.48,21.91
1785437623.3714607,A1850_B1850,1,1850,1850,0.85,0.85,10.468,21.89
1785437623.3894472,A1850_B1850,1,1850,1850,0.85,0.85,10.449,21.82
1785437623.411516,A1850_B1850,1,1850,1850,0.85,0.85,10.473,21.92
1785437623.429455,A1850_B1850,1,1850,1850,0.85,0.85,10.478,21.85
1785437623.4512599,A1850_B1850,1,1850,1850,0.85,0.85,10.483,21.89
1785437623.4714577,A1850_B1850,1,1850,1850,0.85,0.85,10.45,21.81
1785437623.4905117,A1850_B1850,1,1850,1850,0.85,0.85,10.477,21.73
1785437623.511411,A1850_B1850,1,1850,1850,0.85,0.85,10.475,22.01
1785437623.5295117,A1850_B1850,1,1850,1850,0.85,0.85,10.469,21.96
1785437623.553729,A1850_B1850,1,1850,1850,0.85,0.85,10.534,21.84
1785437623.5697453,A1850_B1850,1,1850,1850,0.85,0.85,10.501,21.94
1785437623.590504,A1850_B1850,1,1850,1850,0.85,0.85,10.485,21.88
1785437623.6114256,A1850_B1850,1,1850,1850,0.85,0.85,10.448,21.78
1785437623.6294131,A1850_B1850,1,1850,1850,0.85,0.85,10.531,21.99
1785437623.6536028,A1850_B1850,1,1850,1850,0.85,0.85,10.478,21.64
1785437623.6715477,A1850_B1850,1,1850,1850,0.85,0.85,10.473,21.84
1785437623.690528,A1850_B1850,1,1850,1850,0.85,0.85,10.521,21.86
1785437623.7114265,A1850_B1850,1,1850,1850,0.85,0.85,10.441,21.82
1785437623.7294269,A1850_B1850,1,1850,1850,0.85,0.85,10.467,21.91
1785437623.7510018,A1850_B1850,1,1850,1850,0.85,0.85,10.419,21.76
1785437623.7695236,A1850_B1850,1,1850,1850,0.85,0.85,10.56,21.92
1785437623.790616,A1850_B1850,1,1850,1850,0.85,0.85,10.48,21.88
1785437623.8122537,A1850_B1850,1,1850,1850,0.85,0.85,10.498,21.79
1785437623.8294427,A1850_B1850,1,1850,1850,0.85,0.85,10.457,21.93
1785437623.8514478,A1850_B1850,1,1850,1850,0.85,0.85,10.559,21.82
1785437623.8711305,A1850_B1850,1,1850,1850,0.85,0.85,10.49,21.74
1785437623.891614,A1850_B1850,1,1850,1850,0.85,0.85,10.656,22.06
1785437623.910519,A1850_B1850,1,1850,1850,0.85,0.85,10.446,21.83
1785437623.931548,A1850_B1850,1,1850,1850,0.85,0.85,10.497,21.76
1785437623.953004,A1850_B1850,1,1850,1850,0.85,0.85,10.434,21.83
1785437623.9704244,A1850_B1850,1,1850,1850,0.85,0.85,10.411,21.77
1785437623.9915237,A1850_B1850,1,1850,1850,0.85,0.85,10.434,21.78
1785437624.009473,A1850_B1850,1,1850,1850,0.85,0.85,10.391,21.64
1785437624.031556,A1850_B1850,1,1850,1850,0.85,0.85,10.522,21.92
1785437624.0524557,A1850_B1850,1,1850,1850,0.85,0.85,10.431,21.71
1785437624.071563,A1850_B1850,1,1850,1850,0.85,0.85,10.48,21.78
1785437624.0894353,A1850_B1850,1,1850,1850,0.85,0.85,10.395,21.71
1785437624.1115556,A1850_B1850,1,1850,1850,0.85,0.85,10.488,21.98
1785437624.129462,A1850_B1850,1,1850,1850,0.85,0.85,10.673,21.91
1785437624.1534915,A1850_B1850,1,1850,1850,0.85,0.85,10.483,21.92
1785437624.1716475,A1850_B1850,1,1850,1850,0.85,0.85,10.407,21.7
1785437624.1904497,A1850_B1850,1,1850,1850,0.85,0.85,10.529,22.07
1785437624.2095044,A1850_B1850,1,1850,1850,0.85,0.85,10.424,21.74
1785437624.2294376,A1850_B1850,1,1850,1850,0.85,0.85,10.444,21.73
1785437624.2535014,A1850_B1850,1,1850,1850,0.85,0.85,10.431,21.74
1785437624.2696478,A1850_B1850,1,1850,1850,0.85,0.85,10.544,21.77
1785437624.291684,A1850_B1850,1,1850,1850,0.85,0.85,10.401,21.72
1785437624.309508,A1850_B1850,1,1850,1850,0.85,0.85,10.528,21.79
1785437624.3305373,A1850_B1850,1,1850,1850,0.85,0.85,10.423,21.95
1785437624.3515801,A1850_B1850,1,1850,1850,0.85,0.85,10.482,21.87
1785437624.3706355,A1850_B1850,1,1850,1850,0.85,0.85,10.491,22.19
1785437624.3919733,A1850_B1850,1,1850,1850,0.85,0.85,10.644,21.8
1785437624.4095514,A1850_B1850,1,1850,1850,0.85,0.85,10.453,21.83
1785437624.4305801,A1850_B1850,1,1850,1850,0.85,0.85,10.452,21.83
1785437624.452658,A1850_B1850,1,1850,1850,0.85,0.85,10.432,21.79
1785437624.4721346,A1850_B1850,1,1850,1850,0.85,0.85,10.515,22.3
1785437624.489494,A1850_B1850,1,1850,1850,0.85,0.85,10.476,21.86
1785437624.5114906,A1850_B1850,1,1850,1850,0.85,0.85,10.47,21.86
1785437624.5311265,A1850_B1850,1,1850,1850,0.85,0.85,10.456,21.82
1785437624.5542233,A1850_B1850,1,1850,1850,0.85,0.85,10.495,21.96
1785437624.5714667,A1850_B1850,1,1850,1850,0.85,0.85,10.53,22.1
1785437624.5894477,A1850_B1850,1,1850,1850,0.85,0.85,10.515,22.13
1785437624.6104994,A1850_B1850,1,1850,1850,0.85,0.85,10.511,22.06
1785437624.629702,A1850_B1850,1,1850,1850,0.85,0.85,10.41,21.81
1785437624.6535113,A1850_B1850,1,1850,1850,0.85,0.85,10.44,21.88
1785437624.671565,A1850_B1850,1,1850,1850,0.85,0.85,10.507,21.89
1785437624.6895335,A1850_B1850,1,1850,1850,0.85,0.85,10.56,21.87
1785437624.7105043,A1850_B1850,1,1850,1850,0.85,0.85,10.439,21.86
1785437624.7316306,A1850_B1850,1,1850,1850,0.85,0.85,10.416,21.76
1785437624.752527,A1850_B1850,1,1850,1850,0.85,0.85,10.434,21.75
1785437624.770994,A1850_B1850,1,1850,1850,0.85,0.85,10.557,21.9
1785437624.7894564,A1850_B1850,1,1850,1850,0.85,0.85,10.45,21.84
1785437624.8104844,A1850_B1850,1,1850,1850,0.85,0.85,10.469,21.89
1785437624.831453,A1850_B1850,1,1850,1850,0.85,0.85,10.426,21.87
1785437624.8525803,A1850_B1850,1,1850,1850,0.85,0.85,10.451,21.84
1785437624.8706517,A1850_B1850,1,1850,1850,0.85,0.85,10.439,21.97
1785437624.8894618,A1850_B1850,1,1850,1850,0.85,0.85,10.472,21.58
1785437624.9104607,A1850_B1850,1,1850,1850,0.85,0.85,10.481,21.95
1785437624.931456,A1850_B1850,1,1850,1850,0.85,0.85,10.483,21.87
1785437624.9525366,A1850_B1850,1,1850,1850,0.85,0.85,10.441,21.95
1785437624.971496,A1850_B1850,1,1850,1850,0.85,0.85,10.431,21.83
1785437624.989463,A1850_B1850,1,1850,1850,0.85,0.85,10.448,21.79
1785437625.0104566,A1850_B1850,1,1850,1850,0.85,0.85,10.513,21.99
1785437625.030544,A1850_B1850,1,1850,1850,0.85,0.85,10.482,21.9
1785437625.0515354,A1850_B1850,1,1850,1850,0.85,0.85,10.475,21.92
1785437625.0694697,A1850_B1850,1,1850,1850,0.85,0.85,10.572,21.91
1785437625.0904841,A1850_B1850,1,1850,1850,0.85,0.85,10.501,21.91
1785437625.1094975,A1850_B1850,1,1850,1850,0.85,0.85,10.578,21.76
1785437625.132058,A1850_B1850,1,1850,1850,0.85,0.85,10.462,21.67
1785437625.1527374,A1850_B1850,1,1850,1850,0.85,0.85,10.478,21.69
1785437625.171968,A1850_B1850,1,1850,1850,0.85,0.85,10.551,21.94
1785437625.1895127,A1850_B1850,1,1850,1850,0.85,0.85,10.433,21.68
1785437625.2108953,A1850_B1850,1,1850,1850,0.85,0.85,10.608,21.94
1785437625.2315276,A1850_B1850,1,1850,1850,0.85,0.85,10.41,21.76
1785437625.2527106,A1850_B1850,1,1850,1850,0.85,0.85,10.551,21.82
1785437625.2699745,A1850_B1850,1,1850,1850,0.85,0.85,10.422,21.81
1785437625.2904744,A1850_B1850,1,1850,1850,0.85,0.85,10.5,21.77
1785437625.311556,A1850_B1850,1,1850,1850,0.85,0.85,10.467,21.82
1785437625.3334022,A1850_B1850,1,1850,1850,0.85,0.85,10.47,21.92
1785437625.3520074,A1850_B1850,1,1850,1850,0.85,0.85,10.434,21.79
1785437625.3696449,A1850_B1850,1,1850,1850,0.85,0.85,10.466,21.95
1785437625.3892543,A1850_B1850,1,1850,1850,0.85,0.85,10.466,21.81
1785437625.4118001,A1850_B1850,1,1850,1850,0.85,0.85,10.434,21.74
1785437625.4295976,A1850_B1850,1,1850,1850,0.85,0.85,10.454,21.76
1785437625.4513192,A1850_B1850,1,1850,1850,0.85,0.85,10.552,21.94
1785437625.4717026,A1850_B1850,1,1850,1850,0.85,0.85,10.476,22.12
1785437625.490506,A1850_B1850,1,1850,1850,0.85,0.85,10.477,21.72
1785437625.5114775,A1850_B1850,1,1850,1850,0.85,0.85,10.481,21.81
1785437625.5295172,A1850_B1850,1,1850,1850,0.85,0.85,10.409,21.7
1785437625.552671,A1850_B1850,1,1850,1850,0.85,0.85,10.443,21.63
1785437625.56948,A1850_B1850,1,1850,1850,0.85,0.85,10.404,21.75
1785437625.5904853,A1850_B1850,1,1850,1850,0.85,0.85,10.511,21.79
1785437625.6114821,A1850_B1850,1,1850,1850,0.85,0.85,10.416,21.78
1785437625.6294801,A1850_B1850,1,1850,1850,0.85,0.85,10.488,21.86
1785437625.6515143,A1850_B1850,1,1850,1850,0.85,0.85,10.567,22.07
1785437625.6705713,A1850_B1850,1,1850,1850,0.85,0.85,10.545,21.86
1785437625.6905844,A1850_B1850,1,1850,1850,0.85,0.85,10.605,22.08
1785437625.7115996,A1850_B1850,1,1850,1850,0.85,0.85,10.464,21.87
1785437625.7305055,A1850_B1850,1,1850,1850,0.85,0.85,10.524,22.06
1785437625.7525191,A1850_B1850,1,1850,1850,0.85,0.85,10.603,22.0
1785437625.7711573,A1850_B1850,1,1850,1850,0.85,0.85,10.438,21.84
1785437625.7894878,A1850_B1850,1,1850,1850,0.85,0.85,10.608,21.78
1785437625.8118749,A1850_B1850,1,1850,1850,0.85,0.85,10.447,21.85
1785437625.829505,A1850_B1850,1,1850,1850,0.85,0.85,10.613,21.88
1785437625.8536363,A1850_B1850,1,1850,1850,0.85,0.85,10.438,21.78
1785437625.8709667,A1850_B1850,1,1850,1850,0.85,0.85,10.525,21.98
1785437625.891519,A1850_B1850,1,1850,1850,0.85,0.85,10.492,21.76
1785437625.9104862,A1850_B1850,1,1850,1850,0.85,0.85,10.411,21.92
1785437625.9303527,A1850_B1850,1,1850,1850,0.85,0.85,10.482,21.85
1785437625.9530773,A1850_B1850,1,1850,1850,0.85,0.85,10.45,21.72
1785437625.970916,A1850_B1850,1,1850,1850,0.85,0.85,10.447,21.74
1785437625.9915354,A1850_B1850,1,1850,1850,0.85,0.85,10.48,21.83
1785437626.0095968,A1850_B1850,1,1850,1850,0.85,0.85,10.503,22.05
1785437626.030519,A1850_B1850,1,1850,1850,0.85,0.85,10.423,21.74
1785437626.0519884,A1850_B1850,1,1850,1850,0.85,0.85,10.473,21.93
1785437626.0694983,A1850_B1850,1,1850,1850,0.85,0.85,10.42,21.73
1785437626.091521,A1850_B1850,1,1850,1850,0.85,0.85,10.473,21.97
1785437626.1095142,A1850_B1850,1,1850,1850,0.85,0.85,10.416,21.75
1785437626.1305134,A1850_B1850,1,1850,1850,0.85,0.85,10.49,21.98
1785437626.151549,A1850_B1850,1,1850,1850,0.85,0.85,10.44,21.81
1785437626.170689,A1850_B1850,1,1850,1850,0.85,0.85,10.568,21.88
1785437626.1898158,A1850_B1850,1,1850,1850,0.85,0.85,10.436,21.81
1785437626.2095559,A1850_B1850,1,1850,1850,0.85,0.85,10.616,21.95
1785437626.2305026,A1850_B1850,1,1850,1850,0.85,0.85,10.46,21.82
1785437626.2525434,A1850_B1850,1,1850,1850,0.85,0.85,10.574,21.76
1785437626.2715044,A1850_B1850,1,1850,1850,0.85,0.85,10.466,21.85
1785437626.2895026,A1850_B1850,1,1850,1850,0.85,0.85,10.412,21.46
1785437626.3115168,A1850_B1850,1,1850,1850,0.85,0.85,10.474,22.05
1785437626.3305075,A1850_B1850,1,1850,1850,0.85,0.85,10.533,22.07
1785437626.3515317,A1850_B1850,1,1850,1850,0.85,0.85,10.522,21.89
1785437626.370547,A1850_B1850,1,1850,1850,0.85,0.85,10.456,21.76
1785437626.389555,A1850_B1850,1,1850,1850,0.85,0.85,10.433,21.7
1785437626.4105873,A1850_B1850,1,1850,1850,0.85,0.85,10.516,21.89
1785437626.4315453,A1850_B1850,1,1850,1850,0.85,0.85,10.531,22.12
1785437626.4526155,A1850_B1850,1,1850,1850,0.85,0.85,10.419,21.69
1785437626.472005,A1850_B1850,1,1850,1850,0.85,0.85,10.5,21.85
1785437626.4895759,A1850_B1850,1,1850,1850,0.85,0.85,10.48,21.8
1785437626.5106452,A1850_B1850,1,1850,1850,0.85,0.85,10.519,21.91
1785437626.531564,A1850_B1850,1,1850,1850,0.85,0.85,10.402,21.66
1785437626.5538096,A1850_B1850,1,1850,1850,0.85,0.85,10.499,21.83
1785437626.5715177,A1850_B1850,1,1850,1850,0.85,0.85,10.449,21.79
1785437626.590125,A1850_B1850,1,1850,1850,0.85,0.85,10.576,21.82
1785437626.610528,A1850_B1850,1,1850,1850,0.85,0.85,10.459,21.83
1785437626.6296146,A1850_B1850,1,1850,1850,0.85,0.85,10.483,22.0
1785437626.6535523,A1850_B1850,1,1850,1850,0.85,0.85,10.582,21.78
1785437626.671597,A1850_B1850,1,1850,1850,0.85,0.85,10.451,21.83
1785437626.6895406,A1850_B1850,1,1850,1850,0.85,0.85,10.441,21.76
1785437626.710524,A1850_B1850,1,1850,1850,0.85,0.85,10.404,21.85
1785437626.731517,A1850_B1850,1,1850,1850,0.85,0.85,10.445,21.78
1785437626.7526298,A1850_B1850,1,1850,1850,0.85,0.85,10.493,21.86
1785437626.7706127,A1850_B1850,1,1850,1850,0.85,0.85,10.447,21.68
1785437626.7917364,A1850_B1850,1,1850,1850,0.85,0.85,10.47,21.85
1785437626.810609,A1850_B1850,1,1850,1850,0.85,0.85,10.458,21.71
1785437626.831614,A1850_B1850,1,1850,1850,0.85,0.85,10.463,21.79
1785437626.8525646,A1850_B1850,1,1850,1850,0.85,0.85,10.447,21.63
1785437626.8707938,A1850_B1850,1,1850,1850,0.85,0.85,10.522,21.77
1785437626.890178,A1850_B1850,1,1850,1850,0.85,0.85,10.446,21.81
1785437626.9115207,A1850_B1850,1,1850,1850,0.85,0.85,10.451,21.83
1785437626.9295802,A1850_B1850,1,1850,1850,0.85,0.85,10.44,21.74
1785437626.95362,A1850_B1850,1,1850,1850,0.85,0.85,10.556,21.74
1785437626.971538,A1850_B1850,1,1850,1850,0.85,0.85,10.557,21.79
1785437626.99153,A1850_B1850,1,1850,1850,0.85,0.85,10.479,21.82
1785437627.0105364,A1850_B1850,1,1850,1850,0.85,0.85,10.448,21.68
1785437627.031628,A1850_B1850,1,1850,1850,0.85,0.85,10.544,22.05
1785437627.0535524,A1850_B1850,1,1850,1850,0.85,0.85,10.518,21.66
1785437627.0705256,A1850_B1850,1,1850,1850,0.85,0.85,10.511,21.87
1785437627.089535,A1850_B1850,1,1850,1850,0.85,0.85,10.574,21.77
1785437627.11053,A1850_B1850,1,1850,1850,0.85,0.85,10.441,21.75
1785437627.1319995,A1850_B1850,1,1850,1850,0.85,0.85,10.443,21.77
1785437627.1525624,A1850_B1850,1,1850,1850,0.85,0.85,10.431,21.76
1785437627.170731,A1850_B1850,1,1850,1850,0.85,0.85,10.507,21.95
1785437627.1915698,A1850_B1850,1,1850,1850,0.85,0.85,10.462,21.86
1785437627.2112448,A1850_B1850,1,1850,1850,0.85,0.85,10.576,21.79
1785437627.23161,A1850_B1850,1,1850,1850,0.85,0.85,10.47,21.84
1785437627.2531056,A1850_B1850,1,1850,1850,0.85,0.85,10.523,21.95
1785437627.270582,A1850_B1850,1,1850,1850,0.85,0.85,10.477,21.92
1785437627.2915337,A1850_B1850,1,1850,1850,0.85,0.85,10.4,21.67
1785437627.309533,A1850_B1850,1,1850,1850,0.85,0.85,10.458,21.94
1785437627.329405,A1850_B1850,1,1850,1850,0.85,0.85,10.474,21.74
1785437627.3536417,A1850_B1850,1,1850,1850,0.85,0.85,10.539,22.0
1785437627.369413,A1850_B1850,1,1850,1850,0.85,0.85,10.468,21.83
1785437627.3915958,A1850_B1850,1,1850,1850,0.85,0.85,10.564,21.88
1785437627.4096084,A1850_B1850,1,1850,1850,0.85,0.85,10.417,21.77
1785437627.430761,A1850_B1850,1,1850,1850,0.85,0.85,10.462,21.76
1785437627.4535985,A1850_B1850,1,1850,1850,0.85,0.85,10.517,21.9
1785437627.4715874,A1850_B1850,1,1850,1850,0.85,0.85,10.561,21.79
1785437627.489584,A1850_B1850,1,1850,1850,0.85,0.85,10.431,21.77
1785437627.5107737,A1850_B1850,1,1850,1850,0.85,0.85,10.561,21.94
1785437627.5296586,A1850_B1850,1,1850,1850,0.85,0.85,10.531,21.82
1785437627.5537379,A1850_B1850,1,1850,1850,0.85,0.85,10.443,21.82
1785437627.5715783,A1850_B1850,1,1850,1850,0.85,0.85,10.443,21.8
1785437627.5896454,A1850_B1850,1,1850,1850,0.85,0.85,10.497,21.88
1785437627.611917,A1850_B1850,1,1850,1850,0.85,0.85,10.441,21.71
1785437627.6296284,A1850_B1850,1,1850,1850,0.85,0.85,10.421,21.7
1785437627.653575,A1850_B1850,1,1850,1850,0.85,0.85,10.428,22.05
1785437627.672183,A1850_B1850,1,1850,1850,0.85,0.85,10.434,21.75
1785437627.6905687,A1850_B1850,1,1850,1850,0.85,0.85,10.529,22.2
1785437627.7115955,A1850_B1850,1,1850,1850,0.85,0.85,10.409,21.74
1785437627.7295685,A1850_B1850,1,1850,1850,0.85,0.85,10.492,21.92
1785437627.7536652,A1850_B1850,1,1850,1850,0.85,0.85,10.515,21.96
1785437627.771832,A1850_B1850,1,1850,1850,0.85,0.85,10.431,21.77
1785437627.7895494,A1850_B1850,1,1850,1850,0.85,0.85,10.439,21.74
1785437627.8116431,A1850_B1850,1,1850,1850,0.85,0.85,10.564,21.82
1785437627.829664,A1850_B1850,1,1850,1850,0.85,0.85,10.525,21.8
1785437627.854124,A1850_B1850,1,1850,1850,0.85,0.85,10.448,21.66
1785437627.8715713,A1850_B1850,1,1850,1850,0.85,0.85,10.566,21.81
1785437627.8910317,A1850_B1850,1,1850,1850,0.85,0.85,10.625,21.74
1785437627.91159,A1850_B1850,1,1850,1850,0.85,0.85,10.515,21.68
1785437627.9299526,A1850_B1850,1,1850,1850,0.85,0.85,10.431,21.76
1785437627.9535825,A1850_B1850,1,1850,1850,0.85,0.85,10.48,21.73
1785437627.9725828,A1850_B1850,1,1850,1850,0.85,0.85,10.448,21.78
1785437627.9906626,A1850_B1850,1,1850,1850,0.85,0.85,10.534,21.73
1785437628.0094216,A1850_B1850,1,1850,1850,0.85,0.85,10.45,21.7
1785437628.03056,A1850_B1850,1,1850,1850,0.85,0.85,10.563,21.86
1785437628.0522082,A1850_B1850,1,1850,1850,0.85,0.85,10.452,21.66
1785437628.0701218,A1850_B1850,1,1850,1850,0.85,0.85,10.469,21.98
1785437628.0907578,A1850_B1850,1,1850,1850,0.85,0.85,10.446,21.72
1785437628.1118243,A1850_B1850,1,1850,1850,0.85,0.85,10.584,21.65
1785437628.1305587,A1850_B1850,1,1850,1850,0.85,0.85,10.515,21.89
1785437628.1515975,A1850_B1850,1,1850,1850,0.85,0.85,10.437,21.83
1785437628.1699407,A1850_B1850,1,1850,1850,0.85,0.85,10.511,22.16
1785437628.1906073,A1850_B1850,1,1850,1850,0.85,0.85,10.548,21.89
1785437628.2097044,A1850_B1850,1,1850,1850,0.85,0.85,10.484,21.77
1785437628.2305744,A1850_B1850,1,1850,1850,0.85,0.85,10.491,21.66
1785437628.2516096,A1850_B1850,1,1850,1850,0.85,0.85,10.506,22.03
1785437628.2696655,A1850_B1850,1,1850,1850,0.85,0.85,10.413,21.66
1785437628.2906568,A1850_B1850,1,1850,1850,0.85,0.85,10.477,22.04
1785437628.311615,A1850_B1850,1,1850,1850,0.85,0.85,10.478,21.92
1785437628.3305664,A1850_B1850,1,1850,1850,0.85,0.85,10.432,21.51
1785437628.3518,A1850_B1850,1,1850,1850,0.85,0.85,10.417,21.72
1785437628.369703,A1850_B1850,1,1850,1850,0.85,0.85,10.461,21.85
1785437628.3911548,A1850_B1850,1,1850,1850,0.85,0.85,10.434,21.7
1785437628.409813,A1850_B1850,1,1850,1850,0.85,0.85,10.455,21.8
1785437628.4307284,A1850_B1850,1,1850,1850,0.85,0.85,10.45,21.72
1785437628.4522169,A1850_B1850,1,1850,1850,0.85,0.85,10.494,21.71
1785437628.4697502,A1850_B1850,1,1850,1850,0.85,0.85,10.432,21.7
1785437628.490711,A1850_B1850,1,1850,1850,0.85,0.85,10.432,21.75
1785437628.5093896,A1850_B1850,1,1850,1850,0.85,0.85,10.493,21.72
1785437628.5308542,A1850_B1850,1,1850,1850,0.85,0.85,10.412,21.32
1785437628.551662,A1850_B1850,1,1850,1850,0.85,0.85,10.479,21.67
1785437628.5704443,A1850_B1850,1,1850,1850,0.85,0.85,10.51,21.65
1785437628.591361,A1850_B1850,1,1850,1850,0.85,0.85,10.461,21.68
1785437628.6100955,A1850_B1850,1,1850,1850,0.85,0.85,10.511,21.53
1785437628.6307054,A1850_B1850,1,1850,1850,0.85,0.85,10.508,21.81
1785437628.652639,A1850_B1850,1,1850,1850,0.85,0.85,10.408,21.57
1785437628.6709948,A1850_B1850,1,1850,1850,0.85,0.85,10.513,21.85
1785437628.6898086,A1850_B1850,1,1850,1850,0.85,0.85,10.467,21.84
1785437628.7116868,A1850_B1850,1,1850,1850,0.85,0.85,10.533,21.9
1785437628.7316744,A1850_B1850,1,1850,1850,0.85,0.85,10.435,21.74
1785437628.7527254,A1850_B1850,1,1850,1850,0.85,0.85,10.542,21.98
1785437628.7707226,A1850_B1850,1,1850,1850,0.85,0.85,10.454,21.65
1785437628.7915828,A1850_B1850,1,1850,1850,0.85,0.85,10.508,21.87
1785437628.8106906,A1850_B1850,1,1850,1850,0.85,0.85,10.464,21.89
1785437628.8316557,A1850_B1850,1,1850,1850,0.85,0.85,10.405,21.63
1785437628.85264,A1850_B1850,1,1850,1850,0.85,0.85,10.45,21.74
1785437628.8707824,A1850_B1850,1,1850,1850,0.85,0.85,10.505,21.59
1785437628.8896074,A1850_B1850,1,1850,1850,0.85,0.85,10.45,21.7
1785437628.9116154,A1850_B1850,1,1850,1850,0.85,0.85,10.482,21.58
1785437628.9295912,A1850_B1850,1,1850,1850,0.85,0.85,10.47,21.69
1785437628.9537377,A1850_B1850,1,1850,1850,0.85,0.85,10.414,21.68
1785437628.9716108,A1850_B1850,1,1850,1850,0.85,0.85,10.484,21.74
1785437628.9908764,A1850_B1850,1,1850,1850,0.85,0.85,10.47,21.8
1785437629.0116057,A1850_B1850,1,1850,1850,0.85,0.85,10.491,21.66
1785437629.029719,A1850_B1850,1,1850,1850,0.85,0.85,10.364,21.59
1785437629.052627,A1850_B1850,1,1850,1850,0.85,0.85,10.536,22.0
1785437629.0707257,A1850_B1850,1,1850,1850,0.85,0.85,10.364,21.59
1785437629.0915897,A1850_B1850,1,1850,1850,0.85,0.85,10.497,22.0
1785437629.1095934,A1850_B1850,1,1850,1850,0.85,0.85,10.487,21.81
1785437629.13178,A1850_B1850,1,1850,1850,0.85,0.85,10.548,22.12
1785437629.1527414,A1850_B1850,1,1850,1850,0.85,0.85,10.458,21.81
1785437629.171629,A1850_B1850,1,1850,1850,0.85,0.85,10.506,21.89
1785437629.1908662,A1850_B1850,1,1850,1850,0.85,0.85,10.406,21.65
1785437629.211701,A1850_B1850,1,1850,1850,0.85,0.85,10.514,21.83
1785437629.230281,A1850_B1850,1,1850,1850,0.85,0.85,10.433,21.76
1785437629.2534184,A1850_B1850,1,1850,1850,0.85,0.85,10.595,21.93
1785437629.270643,A1850_B1850,1,1850,1850,0.85,0.85,10.439,21.6
1785437629.291745,A1850_B1850,1,1850,1850,0.85,0.85,10.498,21.93
1785437629.3096228,A1850_B1850,1,1850,1850,0.85,0.85,10.429,21.78
1785437629.3307116,A1850_B1850,1,1850,1850,0.85,0.85,10.459,21.74
1785437629.352363,A1850_B1850,1,1850,1850,0.85,0.85,10.507,21.99
1785437629.3696456,A1850_B1850,1,1850,1850,0.85,0.85,10.476,21.88
1785437629.391712,A1850_B1850,1,1850,1850,0.85,0.85,10.477,22.0
1785437629.409607,A1850_B1850,1,1850,1850,0.85,0.85,10.555,21.88
1785437629.4306302,A1850_B1850,1,1850,1850,0.85,0.85,10.499,21.93
1785437629.4516582,A1850_B1850,1,1850,1850,0.85,0.85,10.463,21.71
1785437629.4696512,A1850_B1850,1,1850,1850,0.85,0.85,10.41,21.7
1785437629.490656,A1850_B1850,1,1850,1850,0.85,0.85,10.424,21.82
1785437629.5096602,A1850_B1850,1,1850,1850,0.85,0.85,10.534,21.9
1785437629.5306518,A1850_B1850,1,1850,1850,0.85,0.85,10.442,21.76
1785437629.551766,A1850_B1850,1,1850,1850,0.85,0.85,10.558,21.78
1785437629.5697916,A1850_B1850,1,1850,1850,0.85,0.85,10.424,21.68
1785437629.5919027,A1850_B1850,1,1850,1850,0.85,0.85,10.417,21.78
1785437629.6096442,A1850_B1850,1,1850,1850,0.85,0.85,10.474,21.81
1785437629.6306877,A1850_B1850,1,1850,1850,0.85,0.85,10.551,22.13
1785437629.651816,A1850_B1850,1,1850,1850,0.85,0.85,10.472,21.72
1785437629.6707416,A1850_B1850,1,1850,1850,0.85,0.85,10.491,21.97
1785437629.6896555,A1850_B1850,1,1850,1850,0.85,0.85,10.478,22.02
1785437629.7106466,A1850_B1850,1,1850,1850,0.85,0.85,10.443,21.7
1785437629.729727,A1850_B1850,1,1850,1850,0.85,0.85,10.507,22.06
1785437629.753694,A1850_B1850,1,1850,1850,0.85,0.85,10.473,21.92
1785437629.7721727,A1850_B1850,1,1850,1850,0.85,0.85,10.481,21.98
1785437629.78963,A1850_B1850,1,1850,1850,0.85,0.85,10.48,21.84
1785437629.8116212,A1850_B1850,1,1850,1850,0.85,0.85,10.474,21.89
1785437629.831243,A1850_B1850,1,1850,1850,0.85,0.85,10.528,21.88
1785437629.8516974,A1850_B1850,1,1850,1850,0.85,0.85,10.408,21.42
1785437629.8710635,A1850_B1850,1,1850,1850,0.85,0.85,10.439,21.65
1785437629.891616,A1850_B1850,1,1850,1850,0.85,0.85,10.531,21.94
1785437629.9107091,A1850_B1850,1,1850,1850,0.85,0.85,10.417,21.67
1785437629.9300742,A1850_B1850,1,1850,1850,0.85,0.85,10.458,21.91
1785437629.9536695,A1850_B1850,1,1850,1850,0.85,0.85,10.415,21.66
1785437629.9716623,A1850_B1850,1,1850,1850,0.85,0.85,10.474,22.07
1785437629.9896817,A1850_B1850,1,1850,1850,0.85,0.85,10.418,21.75
1785437630.010699,A1850_B1850,1,1850,1850,0.85,0.85,10.465,21.83
1785437630.0316722,A1850_B1850,1,1850,1850,0.85,0.85,10.431,21.8
1785437630.0526915,A1850_B1850,1,1850,1850,0.85,0.85,10.434,21.72
1785437630.070638,A1850_B1850,1,1850,1850,0.85,0.85,10.454,21.87
1785437630.0918717,A1850_B1850,1,1850,1850,0.85,0.85,10.465,21.87
1785437630.110641,A1850_B1850,1,1850,1850,0.85,0.85,10.419,21.71
1785437630.131629,A1850_B1850,1,1850,1850,0.85,0.85,10.468,21.8
1785437630.152693,A1850_B1850,1,1850,1850,0.85,0.85,10.482,21.85
1785437630.1709995,A1850_B1850,1,1850,1850,0.85,0.85,10.526,21.98
1785437630.1897051,A1850_B1850,1,1850,1850,0.85,0.85,10.451,21.78
1785437630.210642,A1850_B1850,1,1850,1850,0.85,0.85,10.514,21.97
1785437630.2316637,A1850_B1850,1,1850,1850,0.85,0.85,10.474,22.0
1785437630.252688,A1850_B1850,1,1850,1850,0.85,0.85,10.499,21.9
1785437630.2706451,A1850_B1850,1,1850,1850,0.85,0.85,10.497,21.68
1785437630.2916317,A1850_B1850,1,1850,1850,0.85,0.85,10.431,21.62
1785437630.3106346,A1850_B1850,1,1850,1850,0.85,0.85,10.421,21.68
1785437630.331632,A1850_B1850,1,1850,1850,0.85,0.85,10.486,21.81
1785437630.3526692,A1850_B1850,1,1850,1850,0.85,0.85,10.515,21.91
1785437630.3706346,A1850_B1850,1,1850,1850,0.85,0.85,10.448,21.88
1785437630.3897135,A1850_B1850,1,1850,1850,0.85,0.85,10.555,21.8
1785437630.410746,A1850_B1850,1,1850,1850,0.85,0.85,10.444,21.77
1785437630.4325104,A1850_B1850,1,1850,1850,0.85,0.85,10.461,21.77
1785437630.4519424,A1850_B1850,1,1850,1850,0.85,0.85,10.425,21.68
1785437630.46968,A1850_B1850,1,1850,1850,0.85,0.85,10.511,21.75
1785437630.4918265,A1850_B1850,1,1850,1850,0.85,0.85,10.438,21.77
1785437630.511303,A1850_B1850,1,1850,1850,0.85,0.85,10.779,21.93
1785437630.5323522,A1850_B1850,1,1850,1850,0.85,0.85,10.625,21.68
1785437630.5537107,A1850_B1850,1,1850,1850,0.85,0.85,10.485,21.72
1785437630.570173,A1850_B1850,1,1850,1850,0.85,0.85,10.486,21.81
1785437630.5906837,A1850_B1850,1,1850,1850,0.85,0.85,10.531,22.04
1785437630.6116776,A1850_B1850,1,1850,1850,0.85,0.85,10.468,21.83
1785437630.629692,A1850_B1850,1,1850,1850,0.85,0.85,10.391,21.63
1785437630.6537156,A1850_B1850,1,1850,1850,0.85,0.85,10.482,21.74
1785437630.6693912,A1850_B1850,1,1850,1850,0.85,0.85,10.431,21.65
1785437630.694401,A1850_B1850,1,1850,1850,0.85,0.85,10.491,21.83
1785437630.709479,A1850_B1850,1,1850,1850,0.85,0.85,10.416,21.67
1785437630.7296686,A1850_B1850,1,1850,1850,0.85,0.85,10.471,21.82
1785437630.7512848,A1850_B1850,1,1850,1850,0.85,0.85,10.408,21.7
1785437630.7716694,A1850_B1850,1,1850,1850,0.85,0.85,10.415,21.73
1785437630.7906466,A1850_B1850,1,1850,1850,0.85,0.85,10.393,21.66
1785437630.8094487,A1850_B1850,1,1850,1850,0.85,0.85,10.554,22.06
1785437630.830746,A1850_B1850,1,1850,1850,0.85,0.85,10.401,21.67
1785437630.8526852,A1850_B1850,1,1850,1850,0.85,0.85,10.529,21.97
1785437630.8716748,A1850_B1850,1,1850,1850,0.85,0.85,10.419,21.67
1785437630.8899298,A1850_B1850,1,1850,1850,0.85,0.85,10.528,22.02
1785437630.9116912,A1850_B1850,1,1850,1850,0.85,0.85,10.438,21.68
1785437630.9296513,A1850_B1850,1,1850,1850,0.85,0.85,10.564,21.8
1785437630.953723,A1850_B1850,1,1850,1850,0.85,0.85,10.494,21.84
1785437630.9716508,A1850_B1850,1,1850,1850,0.85,0.85,10.417,21.67
1785437630.9906907,A1850_B1850,1,1850,1850,0.85,0.85,10.466,21.59
1785437631.0116858,A1850_B1850,1,1850,1850,0.85,0.85,10.463,21.63
1785437631.0296805,A1850_B1850,1,1850,1850,0.85,0.85,10.435,21.7
1785437631.0537245,A1850_B1850,1,1850,1850,0.85,0.85,10.538,21.58
1785437631.0716555,A1850_B1850,1,1850,1850,0.85,0.85,10.482,21.7
1785437631.0896735,A1850_B1850,1,1850,1850,0.85,0.85,10.477,21.36
1785437631.1119223,A1850_B1850,1,1850,1850,0.85,0.85,10.614,21.77
1785437631.1296701,A1850_B1850,1,1850,1850,0.85,0.85,10.396,21.61
1785437631.1545808,A1850_B1850,1,1850,1850,0.85,0.85,10.467,21.79
1785437631.1712143,A1850_B1850,1,1850,1850,0.85,0.85,10.361,21.65
1785437631.191686,A1850_B1850,1,1850,1850,0.85,0.85,10.541,21.97
1785437631.2096822,A1850_B1850,1,1850,1850,0.85,0.85,10.364,21.63
1785437631.2306783,A1850_B1850,1,1850,1850,0.85,0.85,10.469,21.8
1785437631.2530406,A1850_B1850,1,1850,1850,0.85,0.85,10.426,21.74
1785437631.2706873,A1850_B1850,1,1850,1850,0.85,0.85,10.571,21.87
1785437631.2916815,A1850_B1850,1,1850,1850,0.85,0.85,10.431,21.72
1785437631.3096662,A1850_B1850,1,1850,1850,0.85,0.85,10.431,21.78
1785437631.330665,A1850_B1850,1,1850,1850,0.85,0.85,10.419,21.63
1785437631.3522904,A1850_B1850,1,1850,1850,0.85,0.85,10.469,21.83
1785437631.3696623,A1850_B1850,1,1850,1850,0.85,0.85,10.432,21.72
1785437631.3916674,A1850_B1850,1,1850,1850,0.85,0.85,10.442,21.75
1785437631.409886,A1850_B1850,1,1850,1850,0.85,0.85,10.431,21.68
1785437631.4306738,A1850_B1850,1,1850,1850,0.85,0.85,10.4,21.76
1785437631.4518738,A1850_B1850,1,1850,1850,0.85,0.85,10.462,21.76
1785437631.4698265,A1850_B1850,1,1850,1850,0.85,0.85,10.423,21.66
1785437631.4908206,A1850_B1850,1,1850,1850,0.85,0.85,10.472,21.85
1785437631.5100935,A1850_B1850,1,1850,1850,0.85,0.85,10.435,21.73
1785437631.530797,A1850_B1850,1,1850,1850,0.85,0.85,10.432,21.69
1785437631.5517876,A1850_B1850,1,1850,1850,0.85,0.85,10.499,21.97
1785437631.5698495,A1850_B1850,1,1850,1850,0.85,0.85,10.509,21.9
1785437631.590781,A1850_B1850,1,1850,1850,0.85,0.85,10.407,21.78
1785437631.6117268,A1850_B1850,1,1850,1850,0.85,0.85,10.452,21.76
1785437631.6307085,A1850_B1850,1,1850,1850,0.85,0.85,10.576,21.76
1785437631.6517246,A1850_B1850,1,1850,1850,0.85,0.85,10.518,21.37
1785437631.6697934,A1850_B1850,1,1850,1850,0.85,0.85,10.431,21.71
1785437631.6907816,A1850_B1850,1,1850,1850,0.85,0.85,10.459,21.68
1785437631.7097635,A1850_B1850,1,1850,1850,0.85,0.85,10.447,21.85
1785437631.7308447,A1850_B1850,1,1850,1850,0.85,0.85,10.451,21.64
1785437631.7525902,A1850_B1850,1,1850,1850,0.85,0.85,10.511,21.71
1785437631.7719898,A1850_B1850,1,1850,1850,0.85,0.85,10.439,21.62
1785437631.7897813,A1850_B1850,1,1850,1850,0.85,0.85,10.512,21.66
1785437631.81144,A1850_B1850,1,1850,1850,0.85,0.85,10.385,21.67
1785437631.8317847,A1850_B1850,1,1850,1850,0.85,0.85,10.482,21.72
1785437631.853843,A1850_B1850,1,1850,1850,0.85,0.85,10.45,21.87
1785437631.8719943,A1850_B1850,1,1850,1850,0.85,0.85,10.542,21.81
1785437631.890214,A1850_B1850,1,1850,1850,0.85,0.85,10.438,21.76
1785437631.9106987,A1850_B1850,1,1850,1850,0.85,0.85,10.419,21.85
1785437631.9297304,A1850_B1850,1,1850,1850,0.85,0.85,10.419,21.83
1785437631.9537249,A1850_B1850,1,1850,1850,0.85,0.85,10.613,21.79
1785437631.969805,A1850_B1850,1,1850,1850,0.85,0.85,10.413,21.75
1785437631.990682,A1850_B1850,1,1850,1850,0.85,0.85,10.452,21.72
1785437632.0119238,A1850_B1850,1,1850,1850,0.85,0.85,10.45,21.79
1785437632.0297303,A1850_B1850,1,1850,1850,0.85,0.85,10.42,21.76
1785437632.051382,A1850_B1850,1,1850,1850,0.85,0.85,10.469,21.84
1785437632.0717032,A1850_B1850,1,1850,1850,0.85,0.85,10.373,21.67
1785437632.0906923,A1850_B1850,1,1850,1850,0.85,0.85,10.501,21.89
1785437632.1117566,A1850_B1850,1,1850,1850,0.85,0.85,10.355,21.77
1785437632.1306849,A1850_B1850,1,1850,1850,0.85,0.85,10.492,21.95
1785437632.1527164,A1850_B1850,1,1850,1850,0.85,0.85,10.385,21.72
1785437632.1708677,A1850_B1850,1,1850,1850,0.85,0.85,10.497,21.96
1785437632.1917477,A1850_B1850,1,1850,1850,0.85,0.85,10.431,21.84
1785437632.2100022,A1850_B1850,1,1850,1850,0.85,0.85,10.477,22.02
1785437632.2316961,A1850_B1850,1,1850,1850,0.85,0.85,10.417,21.71
1785437632.2527642,A1850_B1850,1,1850,1850,0.85,0.85,10.47,21.81
1785437632.2707162,A1850_B1850,1,1850,1850,0.85,0.85,10.553,21.88
1785437632.291714,A1850_B1850,1,1850,1850,0.85,0.85,10.495,21.69
1785437632.3107958,A1850_B1850,1,1850,1850,0.85,0.85,10.329,21.76
1785437632.3317552,A1850_B1850,1,1850,1850,0.85,0.85,10.454,21.81
1785437632.352723,A1850_B1850,1,1850,1850,0.85,0.85,10.419,21.73
1785437632.3707156,A1850_B1850,1,1850,1850,0.85,0.85,10.499,21.7
1785437632.3916965,A1850_B1850,1,1850,1850,0.85,0.85,10.466,21.89
1785437632.4097102,A1850_B1850,1,1850,1850,0.85,0.85,10.469,22.24
1785437632.4323378,A1850_B1850,1,1850,1850,0.85,0.85,10.462,21.78
1785437632.4527555,A1850_B1850,1,1850,1850,0.85,0.85,10.436,21.75
1785437632.4718316,A1850_B1850,1,1850,1850,0.85,0.85,10.457,21.74
1785437632.4911604,A1850_B1850,1,1850,1850,0.85,0.85,10.386,21.66
1785437632.511736,A1850_B1850,1,1850,1850,0.85,0.85,10.359,21.98
1785437632.5307202,A1850_B1850,1,1850,1850,0.85,0.85,10.412,21.76
1785437632.5532508,A1850_B1850,1,1850,1850,0.85,0.85,10.487,21.93
1785437632.5707054,A1850_B1850,1,1850,1850,0.85,0.85,10.488,21.94
1785437632.5917048,A1850_B1850,1,1850,1850,0.85,0.85,10.403,21.66
1785437632.6098604,A1850_B1850,1,1850,1850,0.85,0.85,10.397,21.69
1785437632.6308262,A1850_B1850,1,1850,1850,0.85,0.85,10.442,21.83
1785437632.6523485,A1850_B1850,1,1850,1850,0.85,0.85,10.434,21.71
1785437632.6697538,A1850_B1850,1,1850,1850,0.85,0.85,10.475,21.83
1785437632.6917527,A1850_B1850,1,1850,1850,0.85,0.85,10.473,22.06
1785437632.709855,A1850_B1850,1,1850,1850,0.85,0.85,10.473,21.79
1785437632.7317488,A1850_B1850,1,1850,1850,0.85,0.85,10.475,21.83
1785437632.7537518,A1850_B1850,1,1850,1850,0.85,0.85,10.482,21.8
1785437632.771774,A1850_B1850,1,1850,1850,0.85,0.85,10.453,21.73
1785437632.7898517,A1850_B1850,1,1850,1850,0.85,0.85,10.467,21.68
1785437632.8109016,A1850_B1850,1,1850,1850,0.85,0.85,10.47,21.83
1785437632.8297582,A1850_B1850,1,1850,1850,0.85,0.85,10.471,21.65
1785437632.8537762,A1850_B1850,1,1850,1850,0.85,0.85,10.456,21.72
1785437632.8717356,A1850_B1850,1,1850,1850,0.85,0.85,10.466,21.56
1785437632.8897336,A1850_B1850,1,1850,1850,0.85,0.85,10.466,21.73
1785437632.9117618,A1850_B1850,1,1850,1850,0.85,0.85,10.393,21.4
1785437632.9297373,A1850_B1850,1,1850,1850,0.85,0.85,10.442,22.01
1785437632.9538329,A1850_B1850,1,1850,1850,0.85,0.85,10.469,21.46
1785437632.971719,A1850_B1850,1,1850,1850,0.85,0.85,10.472,21.82
1785437632.9897175,A1850_B1850,1,1850,1850,0.85,0.85,10.395,21.62
1785437633.0107224,A1850_B1850,1,1850,1850,0.85,0.85,10.422,21.72
1785437633.0297894,A1850_B1850,1,1850,1850,0.85,0.85,10.394,21.72
1785437633.0537622,A1850_B1850,1,1850,1850,0.85,0.85,10.488,21.83
1785437633.072348,A1850_B1850,1,1850,1850,0.85,0.85,10.564,21.98
1785437633.0897474,A1850_B1850,1,1850,1850,0.85,0.85,10.495,21.84
1785437633.1119857,A1850_B1850,1,1850,1850,0.85,0.85,10.423,21.7
1785437633.1297479,A1850_B1850,1,1850,1850,0.85,0.85,10.447,21.9
1785437633.1541798,A1850_B1850,1,1850,1850,0.85,0.85,10.453,21.81
1785437633.171823,A1850_B1850,1,1850,1850,0.85,0.85,10.48,21.85
1785437633.1909063,A1850_B1850,1,1850,1850,0.85,0.85,10.466,21.82
1785437633.2102847,A1850_B1850,1,1850,1850,0.85,0.85,10.495,21.68
1785437633.230775,A1850_B1850,1,1850,1850,0.85,0.85,10.468,21.85
1785437633.2527723,A1850_B1850,1,1850,1850,0.85,0.85,10.445,21.74
1785437633.2707412,A1850_B1850,1,1850,1850,0.85,0.85,10.536,21.99
1785437633.2917306,A1850_B1850,1,1850,1850,0.85,0.85,10.476,21.72
1785437633.3100083,A1850_B1850,1,1850,1850,0.85,0.85,10.464,21.76
1785437633.3317513,A1850_B1850,1,1850,1850,0.85,0.85,10.435,21.83
1785437633.352074,A1850_B1850,1,1850,1850,0.85,0.85,10.469,21.8
1785437633.371732,A1850_B1850,1,1850,1850,0.85,0.85,10.431,21.74
1785437633.3897521,A1850_B1850,1,1850,1850,0.85,0.85,10.479,22.14
1785437633.4107375,A1850_B1850,1,1850,1850,0.85,0.85,10.465,21.84
1785437633.4307327,A1850_B1850,1,1850,1850,0.85,0.85,10.436,21.8
1785437633.451884,A1850_B1850,1,1850,1850,0.85,0.85,10.41,21.77
1785437633.4698565,A1850_B1850,1,1850,1850,0.85,0.85,10.317,21.92
1785437633.4907522,A1850_B1850,1,1850,1850,0.85,0.85,10.454,21.85
1785437633.5117455,A1850_B1850,1,1850,1850,0.85,0.85,10.46,21.86
1785437633.529795,A1850_B1850,1,1850,1850,0.85,0.85,10.432,21.75
1785437633.5519474,A1850_B1850,1,1850,1850,0.85,0.85,10.433,21.82
1785437633.5697627,A1850_B1850,1,1850,1850,0.85,0.85,10.413,21.81
1785437633.5907762,A1850_B1850,1,1850,1850,0.85,0.85,10.454,21.86
1785437633.611781,A1850_B1850,1,1850,1850,0.85,0.85,10.488,22.11
1785437633.6312,A1850_B1850,1,1850,1850,0.85,0.85,10.41,21.97
1785437633.6520824,A1850_B1850,1,1850,1850,0.85,0.85,10.505,21.74
1785437633.6698081,A1850_B1850,1,1850,1850,0.85,0.85,10.436,21.87
1785437633.6908574,A1850_B1850,1,1850,1850,0.85,0.85,10.511,21.88
1785437633.7118523,A1850_B1850,1,1850,1850,0.85,0.85,10.548,21.98
1785437633.7298539,A1850_B1850,1,1850,1850,0.85,0.85,10.481,21.91
1785437633.7522345,A1850_B1850,1,1850,1850,0.85,0.85,10.476,21.9
1785437633.7698853,A1850_B1850,1,1850,1850,0.85,0.85,10.468,21.86
1785437633.7909613,A1850_B1850,1,1850,1850,0.85,0.85,10.491,21.73
1785437633.8114324,A1850_B1850,1,1850,1850,0.85,0.85,10.45,21.83
1785437633.83214,A1850_B1850,1,1850,1850,0.85,0.85,10.402,21.73
1785437633.8529062,A1850_B1850,1,1850,1850,0.85,0.85,10.519,22.16
1785437633.8711014,A1850_B1850,1,1850,1850,0.85,0.85,10.405,21.79
1785437633.8906019,A1850_B1850,1,1850,1850,0.85,0.85,10.405,21.72
1785437633.9107769,A1850_B1850,1,1850,1850,0.85,0.85,10.51,21.87
1785437633.9297597,A1850_B1850,1,1850,1850,0.85,0.85,10.422,21.85
1785437633.9540837,A1850_B1850,1,1850,1850,0.85,0.85,10.425,21.78
1785437633.9695795,A1850_B1850,1,1850,1850,0.85,0.85,10.487,22.11
1785437633.9898243,A1850_B1850,1,1850,1850,0.85,0.85,10.433,21.82
1785437634.0117612,A1850_B1850,1,1850,1850,0.85,0.85,10.466,21.82
1785437634.0298395,A1850_B1850,1,1850,1850,0.85,0.85,10.463,21.81
1785437634.0514178,A1850_B1850,1,1850,1850,0.85,0.85,10.465,22.07
1785437634.071965,A1850_B1850,1,1850,1850,0.85,0.85,10.473,21.89
1785437634.0908656,A1850_B1850,1,1850,1850,0.85,0.85,10.437,21.95
1785437634.1117716,A1850_B1850,1,1850,1850,0.85,0.85,10.45,21.9
1785437634.1297722,A1850_B1850,1,1850,1850,0.85,0.85,10.441,21.88
1785437634.1538992,A1850_B1850,1,1850,1850,0.85,0.85,10.419,21.8
1785437634.1718519,A1850_B1850,1,1850,1850,0.85,0.85,10.402,21.77
1785437634.1897974,A1850_B1850,1,1850,1850,0.85,0.85,10.521,22.02
1785437634.2117743,A1850_B1850,1,1850,1850,0.85,0.85,10.403,21.81
1785437634.2297716,A1850_B1850,1,1850,1850,0.85,0.85,10.47,22.05
1785437634.2539423,A1850_B1850,1,1850,1850,0.85,0.85,10.362,21.94
1785437634.2717721,A1850_B1850,1,1850,1850,0.85,0.85,10.421,21.87
1785437634.2912278,A1850_B1850,1,1850,1850,0.85,0.85,10.54,21.89
1785437634.3118908,A1850_B1850,1,1850,1850,0.85,0.85,10.431,21.92
1785437634.330431,A1850_B1850,1,1850,1850,0.85,0.85,10.465,21.6
1785437634.3539257,A1850_B1850,1,1850,1850,0.85,0.85,10.438,21.52
1785437634.3717651,A1850_B1850,1,1850,1850,0.85,0.85,10.413,21.53
1785437634.3898058,A1850_B1850,1,1850,1850,0.85,0.85,10.447,21.61
1785437634.4121628,A1850_B1850,1,1850,1850,0.85,0.85,10.463,21.77
1785437634.429789,A1850_B1850,1,1850,1850,0.85,0.85,10.468,21.79
1785437634.4545944,A1850_B1850,1,1850,1850,0.85,0.85,10.538,21.57
1785437634.4713423,A1850_B1850,1,1850,1850,0.85,0.85,10.455,21.72
1785437634.4919124,A1850_B1850,1,1850,1850,0.85,0.85,10.431,21.65
1785437634.5097709,A1850_B1850,1,1850,1850,0.85,0.85,10.39,21.58
1785437634.5308022,A1850_B1850,1,1850,1850,0.85,0.85,10.465,21.63
1785437634.5533798,A1850_B1850,1,1850,1850,0.85,0.85,10.539,21.66
1785437634.5708404,A1850_B1850,1,1850,1850,0.85,0.85,10.479,21.75
1785437634.592773,A1850_B1850,1,1850,1850,0.85,0.85,10.415,21.79
1785437634.609877,A1850_B1850,1,1850,1850,0.85,0.85,10.423,21.63
1785437634.6327796,A1850_B1850,1,1850,1850,0.85,0.85,10.558,21.6
1785437634.653844,A1850_B1850,1,1850,1850,0.85,0.85,10.401,21.55
1785437634.6721344,A1850_B1850,1,1850,1850,0.85,0.85,10.431,21.55
1785437634.6899817,A1850_B1850,1,1850,1850,0.85,0.85,10.39,21.53
1785437634.7094994,A1850_B1850,1,1850,1850,0.85,0.85,10.422,21.61
1785437634.7310603,A1850_B1850,1,1850,1850,0.85,0.85,10.431,21.65
1785437634.751862,A1850_B1850,1,1850,1850,0.85,0.85,10.472,21.76
1785437634.7698307,A1850_B1850,1,1850,1850,0.85,0.85,10.446,21.57
1785437634.7910461,A1850_B1850,1,1850,1850,0.85,0.85,10.478,21.98
1785437634.8098478,A1850_B1850,1,1850,1850,0.85,0.85,10.552,21.7
1785437634.830831,A1850_B1850,1,1850,1850,0.85,0.85,10.435,21.53
1785437634.8519852,A1850_B1850,1,1850,1850,0.85,0.85,10.513,21.81
1785437634.8698785,A1850_B1850,1,1850,1850,0.85,0.85,10.382,21.48
1785437634.8920374,A1850_B1850,1,1850,1850,0.85,0.85,10.45,21.62
1785437634.9097943,A1850_B1850,1,1850,1850,0.85,0.85,10.417,21.55
1785437634.9307826,A1850_B1850,1,1850,1850,0.85,0.85,10.532,21.63
1785437634.9518383,A1850_B1850,1,1850,1850,0.85,0.85,10.51,21.49
1785437634.9711535,A1850_B1850,1,1850,1850,0.85,0.85,10.456,21.48
1785437634.9897852,A1850_B1850,1,1850,1850,0.85,0.85,10.445,21.64
1785437635.0107975,A1850_B1850,1,1850,1850,0.85,0.85,10.604,21.59
1785437635.0318782,A1850_B1850,1,1850,1850,0.85,0.85,10.434,21.61
1785437635.0534594,A1850_B1850,1,1850,1850,0.85,0.85,10.444,21.59
1785437635.0722375,A1850_B1850,1,1850,1850,0.85,0.85,10.417,21.54
1785437635.089786,A1850_B1850,1,1850,1850,0.85,0.85,10.451,21.79
1785437635.1107917,A1850_B1850,1,1850,1850,0.85,0.85,10.454,21.73
1785437635.1318016,A1850_B1850,1,1850,1850,0.85,0.85,10.413,21.58
1785437635.1541011,A1850_B1850,1,1850,1850,0.85,0.85,10.438,21.66
1785437635.1719427,A1850_B1850,1,1850,1850,0.85,0.85,10.404,21.53
1785437635.1904137,A1850_B1850,1,1850,1850,0.85,0.85,10.466,21.66
1785437635.210836,A1850_B1850,1,1850,1850,0.85,0.85,10.535,21.77
1785437635.2301385,A1850_B1850,1,1850,1850,0.85,0.85,10.469,21.59
1785437635.251929,A1850_B1850,1,1850,1850,0.85,0.85,10.401,21.51
1785437635.270078,A1850_B1850,1,1850,1850,0.85,0.85,10.551,21.7
1785437635.290858,A1850_B1850,1,1850,1850,0.85,0.85,10.494,21.72
1785437635.3096862,A1850_B1850,1,1850,1850,0.85,0.85,10.66,21.55
1785437635.331792,A1850_B1850,1,1850,1850,0.85,0.85,10.408,21.6
1785437635.3528404,A1850_B1850,1,1850,1850,0.85,0.85,10.505,21.58
1785437635.3709042,A1850_B1850,1,1850,1850,0.85,0.85,10.447,21.61
1785437635.3920197,A1850_B1850,1,1850,1850,0.85,0.85,10.368,21.57
1785437635.4107964,A1850_B1850,1,1850,1850,0.85,0.85,10.499,21.68
1785437635.4318006,A1850_B1850,1,1850,1850,0.85,0.85,10.394,21.48
1785437635.4528441,A1850_B1850,1,1850,1850,0.85,0.85,10.492,21.63
1785437635.4698298,A1850_B1850,1,1850,1850,0.85,0.85,10.539,21.42
1785437635.4908583,A1850_B1850,1,1850,1850,0.85,0.85,10.508,21.71
1785437635.5118613,A1850_B1850,1,1850,1850,0.85,0.85,10.468,21.51
1785437635.529897,A1850_B1850,1,1850,1850,0.85,0.85,10.53,21.95
1785437635.5522723,A1850_B1850,1,1850,1850,0.85,0.85,10.403,21.56
1785437635.569854,A1850_B1850,1,1850,1850,0.85,0.85,10.459,21.46
1785437635.5918028,A1850_B1850,1,1850,1850,0.85,0.85,10.39,21.49
1785437635.610819,A1850_B1850,1,1850,1850,0.85,0.85,10.563,21.25
1785437635.6319044,A1850_B1850,1,1850,1850,0.85,0.85,10.371,21.53
1785437635.6528597,A1850_B1850,1,1850,1850,0.85,0.85,10.539,21.67
1785437635.6709888,A1850_B1850,1,1850,1850,0.85,0.85,10.431,21.54
1785437635.6898742,A1850_B1850,1,1850,1850,0.85,0.85,10.458,21.51
1785437635.7108812,A1850_B1850,1,1850,1850,0.85,0.85,10.441,21.68
1785437635.7322474,A1850_B1850,1,1850,1850,0.85,0.85,10.384,21.48
1785437635.7529016,A1850_B1850,1,1850,1850,0.85,0.85,10.465,21.56
1785437635.771861,A1850_B1850,1,1850,1850,0.85,0.85,10.42,21.51
1785437635.7913697,A1850_B1850,1,1850,1850,0.85,0.85,10.505,21.7
1785437635.8118622,A1850_B1850,1,1850,1850,0.85,0.85,10.513,21.79
1785437635.8298428,A1850_B1850,1,1850,1850,0.85,0.85,10.508,21.81
1785437635.8539088,A1850_B1850,1,1850,1850,0.85,0.85,10.506,21.67
1785437635.8702154,A1850_B1850,1,1850,1850,0.85,0.85,10.516,21.64
1785437635.8910706,A1850_B1850,1,1850,1850,0.85,0.85,10.502,21.66
1785437635.911852,A1850_B1850,1,1850,1850,0.85,0.85,10.443,21.69
1785437635.9299202,A1850_B1850,1,1850,1850,0.85,0.85,10.431,21.47
1785437635.953933,A1850_B1850,1,1850,1850,0.85,0.85,10.453,21.66
1785437635.9694731,A1850_B1850,1,1850,1850,0.85,0.85,10.448,21.66
1785437635.9898212,A1850_B1850,1,1850,1850,0.85,0.85,10.464,21.72
1785437636.0118163,A1850_B1850,1,1850,1850,0.85,0.85,10.423,21.54
1785437636.0298197,A1850_B1850,1,1850,1850,0.85,0.85,10.416,21.51
1785437636.051236,A1850_B1850,1,1850,1850,0.85,0.85,10.506,21.87
1785437636.0718203,A1850_B1850,1,1850,1850,0.85,0.85,10.483,21.52
1785437636.0898228,A1850_B1850,1,1850,1850,0.85,0.85,10.387,21.66
1785437636.1108332,A1850_B1850,1,1850,1850,0.85,0.85,10.437,21.52
1785437636.130043,A1850_B1850,1,1850,1850,0.85,0.85,10.505,21.66
1785437636.1528573,A1850_B1850,1,1850,1850,0.85,0.85,10.52,21.57
1785437636.1712043,A1850_B1850,1,1850,1850,0.85,0.85,10.459,21.61
1785437636.1918569,A1850_B1850,1,1850,1850,0.85,0.85,10.421,21.53
1785437636.209876,A1850_B1850,1,1850,1850,0.85,0.85,10.514,21.59
1785437636.230835,A1850_B1850,1,1850,1850,0.85,0.85,10.419,21.53
1785437636.2526426,A1850_B1850,1,1850,1850,0.85,0.85,10.427,21.57
1785437636.2708297,A1850_B1850,1,1850,1850,0.85,0.85,10.476,21.57
1785437636.291848,A1850_B1850,1,1850,1850,0.85,0.85,10.497,21.76
1785437636.309921,A1850_B1850,1,1850,1850,0.85,0.85,10.439,21.62
1785437636.330826,A1850_B1850,1,1850,1850,0.85,0.85,10.477,21.77
1785437636.3529253,A1850_B1850,1,1850,1850,0.85,0.85,10.45,21.62
1785437636.3718424,A1850_B1850,1,1850,1850,0.85,0.85,10.405,21.5
1785437636.3922448,A1850_B1850,1,1850,1850,0.85,0.85,10.444,21.51
1785437636.4098792,A1850_B1850,1,1850,1850,0.85,0.85,10.5,21.52
1785437636.430849,A1850_B1850,1,1850,1850,0.85,0.85,10.461,21.78
1785437636.4518838,A1850_B1850,1,1850,1850,0.85,0.85,10.511,21.55
1785437636.4718664,A1850_B1850,1,1850,1850,0.85,0.85,10.446,21.57
1785437636.4908898,A1850_B1850,1,1850,1850,0.85,0.85,10.587,21.72
1785437636.5121396,A1850_B1850,1,1850,1850,0.85,0.85,10.396,21.58
1785437636.5302432,A1850_B1850,1,1850,1850,0.85,0.85,10.452,21.62
1785437636.5538836,A1850_B1850,1,1850,1850,0.85,0.85,10.499,21.65
1785437636.569838,A1850_B1850,1,1850,1850,0.85,0.85,10.439,21.61
1785437636.5918505,A1850_B1850,1,1850,1850,0.85,0.85,10.405,21.52
1785437636.6098537,A1850_B1850,1,1850,1850,0.85,0.85,10.44,21.64
1785437636.6308527,A1850_B1850,1,1850,1850,0.85,0.85,10.431,21.7
1785437636.6522217,A1850_B1850,1,1850,1850,0.85,0.85,10.53,21.95
1785437636.6700625,A1850_B1850,1,1850,1850,0.85,0.85,10.447,21.76
1785437636.6909807,A1850_B1850,1,1850,1850,0.85,0.85,10.514,21.64
1785437636.712077,A1850_B1850,1,1850,1850,0.85,0.85,10.352,21.56
1785437636.730845,A1850_B1850,1,1850,1850,0.85,0.85,10.476,21.62
1785437636.7519221,A1850_B1850,1,1850,1850,0.85,0.85,10.511,21.83
1785437636.7699475,A1850_B1850,1,1850,1850,0.85,0.85,10.401,21.5
1785437636.7909126,A1850_B1850,1,1850,1850,0.85,0.85,10.556,21.67
1785437636.809913,A1850_B1850,1,1850,1850,0.85,0.85,10.554,21.56
1785437636.8308797,A1850_B1850,1,1850,1850,0.85,0.85,10.445,21.62
1785437636.8519213,A1850_B1850,1,1850,1850,0.85,0.85,10.413,21.59
1785437636.8699281,A1850_B1850,1,1850,1850,0.85,0.85,10.41,21.47
1785437636.8909569,A1850_B1850,1,1850,1850,0.85,0.85,10.47,21.63
1785437636.9118755,A1850_B1850,1,1850,1850,0.85,0.85,10.421,21.59
1785437636.9309196,A1850_B1850,1,1850,1850,0.85,0.85,10.461,21.87
1785437636.9519103,A1850_B1850,1,1850,1850,0.85,0.85,10.533,22.07
1785437636.9708657,A1850_B1850,1,1850,1850,0.85,0.85,10.402,21.47
1785437636.990932,A1850_B1850,1,1850,1850,0.85,0.85,10.448,21.62
1785437637.0099418,A1850_B1850,1,1850,1850,0.85,0.85,10.455,21.82
1785437637.030891,A1850_B1850,1,1850,1850,0.85,0.85,10.391,21.47
1785437637.0530412,A1850_B1850,1,1850,1850,0.85,0.85,10.406,21.51
1785437637.07209,A1850_B1850,1,1850,1850,0.85,0.85,10.373,21.49
1785437637.090028,A1850_B1850,1,1850,1850,0.85,0.85,10.515,21.88
1785437637.1114702,A1850_B1850,1,1850,1850,0.85,0.85,10.431,21.61
1785437637.1318703,A1850_B1850,1,1850,1850,0.85,0.85,10.438,21.61
1785437637.1538994,A1850_B1850,1,1850,1850,0.85,0.85,10.404,21.6
1785437637.1719353,A1850_B1850,1,1850,1850,0.85,0.85,10.569,21.75
1785437637.190255,A1850_B1850,1,1850,1850,0.85,0.85,10.459,21.6
1785437637.2108881,A1850_B1850,1,1850,1850,0.85,0.85,10.492,21.54
1785437637.2318633,A1850_B1850,1,1850,1850,0.85,0.85,10.437,21.6
1785437637.2529025,A1850_B1850,1,1850,1850,0.85,0.85,10.478,21.47
1785437637.2710397,A1850_B1850,1,1850,1850,0.85,0.85,10.484,21.66
1785437637.2895715,A1850_B1850,1,1850,1850,0.85,0.85,10.477,21.57
1785437637.3098574,A1850_B1850,1,1850,1850,0.85,0.85,10.467,21.68
1785437637.3318598,A1850_B1850,1,1850,1850,0.85,0.85,10.401,21.55
1785437637.3528984,A1850_B1850,1,1850,1850,0.85,0.85,10.501,21.78
1785437637.370859,A1850_B1850,1,1850,1850,0.85,0.85,10.419,21.48
1785437637.3918595,A1850_B1850,1,1850,1850,0.85,0.85,10.544,21.86
1785437637.4108596,A1850_B1850,1,1850,1850,0.85,0.85,10.485,21.61
1785437637.4319203,A1850_B1850,1,1850,1850,0.85,0.85,10.451,21.71
1785437637.4528978,A1850_B1850,1,1850,1850,0.85,0.85,10.424,21.54
1785437637.4709015,A1850_B1850,1,1850,1850,0.85,0.85,10.416,21.52
1785437637.4918768,A1850_B1850,1,1850,1850,0.85,0.85,10.398,21.51
1785437637.5100288,A1850_B1850,1,1850,1850,0.85,0.85,10.51,21.49
1785437637.5319722,A1850_B1850,1,1850,1850,0.85,0.85,10.483,21.59
1785437637.552895,A1850_B1850,1,1850,1850,0.85,0.85,10.483,21.52
1785437637.5708694,A1850_B1850,1,1850,1850,0.85,0.85,10.482,21.65
1785437637.5919404,A1850_B1850,1,1850,1850,0.85,0.85,10.471,21.69
1785437637.6108701,A1850_B1850,1,1850,1850,0.85,0.85,10.394,21.51
1785437637.631915,A1850_B1850,1,1850,1850,0.85,0.85,10.475,21.59
1785437637.6530342,A1850_B1850,1,1850,1850,0.85,0.85,10.437,21.71
1785437637.6710958,A1850_B1850,1,1850,1850,0.85,0.85,10.404,21.52
1785437637.6919155,A1850_B1850,1,1850,1850,0.85,0.85,10.508,21.67
1785437637.70997,A1850_B1850,1,1850,1850,0.85,0.85,10.457,21.61
1785437637.73239,A1850_B1850,1,1850,1850,0.85,0.85,10.431,21.44
1785437637.753017,A1850_B1850,1,1850,1850,0.85,0.85,10.487,21.58
1785437637.7716608,A1850_B1850,1,1850,1850,0.85,0.85,10.421,21.61
1785437637.7919083,A1850_B1850,1,1850,1850,0.85,0.85,10.501,21.75
1785437637.809938,A1850_B1850,1,1850,1850,0.85,0.85,10.404,21.47
1785437637.8309731,A1850_B1850,1,1850,1850,0.85,0.85,10.513,21.73
1785437637.853372,A1850_B1850,1,1850,1850,0.85,0.85,10.404,21.51
1785437637.8709292,A1850_B1850,1,1850,1850,0.85,0.85,10.605,21.68
1785437637.8899004,A1850_B1850,1,1850,1850,0.85,0.85,10.382,21.45
1785437637.911909,A1850_B1850,1,1850,1850,0.85,0.85,10.506,21.48
1785437637.9303703,A1850_B1850,1,1850,1850,0.85,0.85,10.435,21.61
1785437637.9551091,A1850_B1850,1,1850,1850,0.85,0.85,10.461,21.46
1785437637.970142,A1850_B1850,1,1850,1850,0.85,0.85,10.446,21.44
1785437637.9919553,A1850_B1850,1,1850,1850,0.85,0.85,10.37,21.49
1785437638.0099006,A1850_B1850,1,1850,1850,0.85,0.85,10.466,21.7
1785437638.0309985,A1850_B1850,1,1850,1850,0.85,0.85,10.463,21.51
1785437638.0539818,A1850_B1850,1,1850,1850,0.85,0.85,10.413,21.59
1785437638.0719135,A1850_B1850,1,1850,1850,0.85,0.85,10.387,21.58
1785437638.0899415,A1850_B1850,1,1850,1850,0.85,0.85,10.498,21.75
1785437638.1109548,A1850_B1850,1,1850,1850,0.85,0.85,10.355,21.44
1785437638.1299012,A1850_B1850,1,1850,1850,0.85,0.85,10.486,21.68
1785437638.1539893,A1850_B1850,1,1850,1850,0.85,0.85,10.413,21.46
1785437638.1720996,A1850_B1850,1,1850,1850,0.85,0.85,10.513,21.75
1785437638.1899292,A1850_B1850,1,1850,1850,0.85,0.85,10.405,21.54
1785437638.2119,A1850_B1850,1,1850,1850,0.85,0.85,10.347,21.26
1785437638.229902,A1850_B1850,1,1850,1850,0.85,0.85,10.482,21.71
1785437638.2539933,A1850_B1850,1,1850,1850,0.85,0.85,10.511,21.65
1785437638.2719188,A1850_B1850,1,1850,1850,0.85,0.85,10.499,21.56
1785437638.2898912,A1850_B1850,1,1850,1850,0.85,0.85,10.422,21.53
1785437638.310918,A1850_B1850,1,1850,1850,0.85,0.85,10.548,21.43
1785437638.3300507,A1850_B1850,1,1850,1850,0.85,0.85,10.375,21.46
1785437638.3540158,A1850_B1850,1,1850,1850,0.85,0.85,10.469,21.64
1785437638.3724895,A1850_B1850,1,1850,1850,0.85,0.85,10.401,21.45
1785437638.3899097,A1850_B1850,1,1850,1850,0.85,0.85,10.422,21.55
1785437638.412095,A1850_B1850,1,1850,1850,0.85,0.85,10.405,21.49
1785437638.429931,A1850_B1850,1,1850,1850,0.85,0.85,10.458,21.41
1785437638.4543867,A1850_B1850,1,1850,1850,0.85,0.85,10.396,21.68
1785437638.4719555,A1850_B1850,1,1850,1850,0.85,0.85,10.518,21.68
1785437638.4899127,A1850_B1850,1,1850,1850,0.85,0.85,10.445,21.59
1785437638.510439,A1850_B1850,1,1850,1850,0.85,0.85,10.466,21.42
1785437638.5308983,A1850_B1850,1,1850,1850,0.85,0.85,10.562,21.33
1785437638.5519521,A1850_B1850,1,1850,1850,0.85,0.85,10.371,21.48
1785437638.5701027,A1850_B1850,1,1850,1850,0.85,0.85,10.449,21.56
1785437638.590913,A1850_B1850,1,1850,1850,0.85,0.85,10.447,21.6
1785437638.6095695,A1850_B1850,1,1850,1850,0.85,0.85,10.459,21.54
1785437638.6319077,A1850_B1850,1,1850,1850,0.85,0.85,10.433,21.62
1785437638.6529403,A1850_B1850,1,1850,1850,0.85,0.85,10.45,21.63
1785437638.6715794,A1850_B1850,1,1850,1850,0.85,0.85,10.413,21.57
1785437638.6922083,A1850_B1850,1,1850,1850,0.85,0.85,10.53,21.75
1785437638.7109194,A1850_B1850,1,1850,1850,0.85,0.85,10.434,21.56
1785437638.7319422,A1850_B1850,1,1850,1850,0.85,0.85,10.535,21.55
1785437638.7530222,A1850_B1850,1,1850,1850,0.85,0.85,10.441,21.54
1785437638.7710376,A1850_B1850,1,1850,1850,0.85,0.85,10.432,21.45
1785437638.7900102,A1850_B1850,1,1850,1850,0.85,0.85,10.467,21.61
1785437638.8109276,A1850_B1850,1,1850,1850,0.85,0.85,10.372,21.44
1785437638.8319328,A1850_B1850,1,1850,1850,0.85,0.85,10.45,21.55
1785437638.8530557,A1850_B1850,1,1850,1850,0.85,0.85,10.391,21.45
1785437638.8720248,A1850_B1850,1,1850,1850,0.85,0.85,10.534,21.44
1785437638.890989,A1850_B1850,1,1850,1850,0.85,0.85,10.361,21.43
1785437638.9120576,A1850_B1850,1,1850,1850,0.85,0.85,10.507,21.52
1785437638.9310334,A1850_B1850,1,1850,1850,0.85,0.85,10.438,21.51
1785437638.9521093,A1850_B1850,1,1850,1850,0.85,0.85,10.493,21.81
1785437638.96998,A1850_B1850,1,1850,1850,0.85,0.85,10.416,21.57
1785437638.9909616,A1850_B1850,1,1850,1850,0.85,0.85,10.499,21.79
1785437639.0119848,A1850_B1850,1,1850,1850,0.85,0.85,10.459,21.6
1785437639.030085,A1850_B1850,1,1850,1850,0.85,0.85,10.401,21.44
1785437639.0522668,A1850_B1850,1,1850,1850,0.85,0.85,10.464,21.59
1785437639.0702322,A1850_B1850,1,1850,1850,0.85,0.85,10.409,21.56
1785437639.0918212,A1850_B1850,1,1850,1850,0.85,0.85,10.439,21.48
1785437639.111334,A1850_B1850,1,1850,1850,0.85,0.85,10.363,21.68
1785437639.131958,A1850_B1850,1,1850,1850,0.85,0.85,10.521,21.78
1785437639.152992,A1850_B1850,1,1850,1850,0.85,0.85,10.378,21.5
1785437639.1711195,A1850_B1850,1,1850,1850,0.85,0.85,10.498,21.68
1785437639.190441,A1850_B1850,1,1850,1850,0.85,0.85,10.417,21.57
1785437639.2109346,A1850_B1850,1,1850,1850,0.85,0.85,10.411,21.55
1785437639.2299452,A1850_B1850,1,1850,1850,0.85,0.85,10.435,21.47
1785437639.2525973,A1850_B1850,1,1850,1850,0.85,0.85,10.367,21.53
1785437639.269925,A1850_B1850,1,1850,1850,0.85,0.85,10.47,21.66
1785437639.2919254,A1850_B1850,1,1850,1850,0.85,0.85,10.5,21.69
1785437639.309937,A1850_B1850,1,1850,1850,0.85,0.85,10.402,21.58
1785437639.331183,A1850_B1850,1,1850,1850,0.85,0.85,10.435,21.41
1785437639.3519664,A1850_B1850,1,1850,1850,0.85,0.85,10.458,21.56
1785437639.371022,A1850_B1850,1,1850,1850,0.85,0.85,10.37,21.43
1785437639.3919275,A1850_B1850,1,1850,1850,0.85,0.85,10.393,21.53
1785437639.4100153,A1850_B1850,1,1850,1850,0.85,0.85,10.397,21.52
1785437639.4312005,A1850_B1850,1,1850,1850,0.85,0.85,10.412,21.55
1785437639.4529672,A1850_B1850,1,1850,1850,0.85,0.85,10.424,21.56
1785437639.4715517,A1850_B1850,1,1850,1850,0.85,0.85,10.431,21.6
1785437639.4920337,A1850_B1850,1,1850,1850,0.85,0.85,10.448,21.6
1785437639.5099669,A1850_B1850,1,1850,1850,0.85,0.85,10.441,21.63
1785437639.5319319,A1850_B1850,1,1850,1850,0.85,0.85,10.599,21.66
1785437639.5529668,A1850_B1850,1,1850,1850,0.85,0.85,10.437,21.53
1785437639.5710242,A1850_B1850,1,1850,1850,0.85,0.85,10.404,21.3
1785437639.5919333,A1850_B1850,1,1850,1850,0.85,0.85,10.391,21.55
1785437639.609934,A1850_B1850,1,1850,1850,0.85,0.85,10.431,22.22
1785437639.631029,A1850_B1850,1,1850,1850,0.85,0.85,10.415,21.68
1785437639.6529832,A1850_B1850,1,1850,1850,0.85,0.85,10.419,21.53
1785437639.6713147,A1850_B1850,1,1850,1850,0.85,0.85,10.411,21.54
1785437639.692533,A1850_B1850,1,1850,1850,0.85,0.85,10.386,21.46
1785437639.7099576,A1850_B1850,1,1850,1850,0.85,0.85,10.47,21.46
1785437639.7320862,A1850_B1850,1,1850,1850,0.85,0.85,10.466,21.7
1785437639.7547584,A1850_B1850,1,1850,1850,0.85,0.85,10.424,21.45
1785437639.7721539,A1850_B1850,1,1850,1850,0.85,0.85,10.408,21.53
1785437639.7910504,A1850_B1850,1,1850,1850,0.85,0.85,10.453,21.54
1785437639.812032,A1850_B1850,1,1850,1850,0.85,0.85,10.453,21.46
1785437639.8304315,A1850_B1850,1,1850,1850,0.85,0.85,10.526,21.44
1785437639.8539789,A1850_B1850,1,1850,1850,0.85,0.85,10.58,21.59
1785437639.8699443,A1850_B1850,1,1850,1850,0.85,0.85,10.434,21.53
1785437639.8923244,A1850_B1850,1,1850,1850,0.85,0.85,10.397,21.52
1785437639.910082,A1850_B1850,1,1850,1850,0.85,0.85,10.403,21.5
1785437639.9310288,A1850_B1850,1,1850,1850,0.85,0.85,10.42,21.5
1785437639.9524753,A1850_B1850,1,1850,1850,0.85,0.85,10.401,21.61
1785437639.9700081,A1850_B1850,1,1850,1850,0.85,0.85,10.453,21.58
1785437639.9909744,A1850_B1850,1,1850,1850,0.85,0.85,10.445,21.72
1785437640.0123906,A1850_B1850,1,1850,1850,0.85,0.85,10.482,21.86
1785437640.0310094,A1850_B1850,1,1850,1850,0.85,0.85,10.441,21.65
1785437640.052223,A1850_B1850,1,1850,1850,0.85,0.85,10.388,21.48
1785437640.0706825,A1850_B1850,1,1850,1850,0.85,0.85,10.435,21.58
1785437640.0911674,A1850_B1850,1,1850,1850,0.85,0.85,10.402,21.43
1785437640.1099563,A1850_B1850,1,1850,1850,0.85,0.85,10.437,21.6
1785437640.130978,A1850_B1850,1,1850,1850,0.85,0.85,10.455,21.6
1785437640.15201,A1850_B1850,1,1850,1850,0.85,0.85,10.423,21.51
1785437640.1723125,A1850_B1850,1,1850,1850,0.85,0.85,10.405,21.59
1785437640.190388,A1850_B1850,1,1850,1850,0.85,0.85,10.411,21.46
1785437640.2109745,A1850_B1850,1,1850,1850,0.85,0.85,10.439,21.48
1785437640.2309682,A1850_B1850,1,1850,1850,0.85,0.85,10.442,21.59
1785437640.2520854,A1850_B1850,1,1850,1850,0.85,0.85,10.627,21.76
1785437640.2714128,A1850_B1850,1,1850,1850,0.85,0.85,10.535,21.54
1785437640.2899616,A1850_B1850,1,1850,1850,0.85,0.85,10.423,21.55
1785437640.310958,A1850_B1850,1,1850,1850,0.85,0.85,10.386,21.49
1785437640.3299778,A1850_B1850,1,1850,1850,0.85,0.85,10.447,21.55
1785437640.3526583,A1850_B1850,1,1850,1850,0.85,0.85,10.559,21.53
1785437640.3700588,A1850_B1850,1,1850,1850,0.85,0.85,10.434,21.57
1785437640.3919613,A1850_B1850,1,1850,1850,0.85,0.85,10.372,21.43
1785437640.4111857,A1850_B1850,1,1850,1850,0.85,0.85,10.51,21.73
1785437640.4320755,A1850_B1850,1,1850,1850,0.85,0.85,10.397,21.46
1785437640.4544396,A1850_B1850,1,1850,1850,0.85,0.85,10.402,21.7
1785437640.4719985,A1850_B1850,1,1850,1850,0.85,0.85,10.42,21.57
1785437640.490442,A1850_B1850,1,1850,1850,0.85,0.85,10.538,21.74
1785437640.5109637,A1850_B1850,1,1850,1850,0.85,0.85,10.406,21.48
1785437640.530242,A1850_B1850,1,1850,1850,0.85,0.85,10.535,21.86
1785437640.5513384,A1850_B1850,1,1850,1850,0.85,0.85,10.42,21.54
1785437640.5700734,A1850_B1850,1,1850,1850,0.85,0.85,10.439,21.39
1785437640.5909944,A1850_B1850,1,1850,1850,0.85,0.85,10.431,21.5
1785437640.6099713,A1850_B1850,1,1850,1850,0.85,0.85,10.443,21.43
1785437640.632,A1850_B1850,1,1850,1850,0.85,0.85,10.508,21.77
1785437640.653089,A1850_B1850,1,1850,1850,0.85,0.85,10.403,21.48
1785437640.672131,A1850_B1850,1,1850,1850,0.85,0.85,10.502,21.63
1785437640.6920817,A1850_B1850,1,1850,1850,0.85,0.85,10.439,21.63
1785437640.7111175,A1850_B1850,1,1850,1850,0.85,0.85,10.454,21.67
1785437640.7320516,A1850_B1850,1,1850,1850,0.85,0.85,10.469,21.41
1785437640.7530901,A1850_B1850,1,1850,1850,0.85,0.85,10.44,21.57
1785437640.770986,A1850_B1850,1,1850,1850,0.85,0.85,10.526,21.59
1785437640.7919729,A1850_B1850,1,1850,1850,0.85,0.85,10.388,21.49
1785437640.810222,A1850_B1850,1,1850,1850,0.85,0.85,10.422,21.56
1785437640.8320453,A1850_B1850,1,1850,1850,0.85,0.85,10.446,21.67
1785437640.8530178,A1850_B1850,1,1850,1850,0.85,0.85,10.479,21.55
1785437640.8709786,A1850_B1850,1,1850,1850,0.85,0.85,10.364,21.76
1785437640.8919766,A1850_B1850,1,1850,1850,0.85,0.85,10.449,21.54
1785437640.91105,A1850_B1850,1,1850,1850,0.85,0.85,10.414,21.47
1785437640.9321628,A1850_B1850,1,1850,1850,0.85,0.85,10.587,21.73
1785437640.953105,A1850_B1850,1,1850,1850,0.85,0.85,10.465,21.48
1785437640.9710898,A1850_B1850,1,1850,1850,0.85,0.85,10.433,21.51
1785437640.9900079,A1850_B1850,1,1850,1850,0.85,0.85,10.395,21.48
1785437641.012735,A1850_B1850,1,1850,1850,0.85,0.85,10.419,21.58
1785437641.0306401,A1850_B1850,1,1850,1850,0.85,0.85,10.431,21.47
1785437641.0520744,A1850_B1850,1,1850,1850,0.85,0.85,10.442,21.66
1785437641.071029,A1850_B1850,1,1850,1850,0.85,0.85,10.492,21.63
1785437641.0921125,A1850_B1850,1,1850,1850,0.85,0.85,10.445,21.62
1785437641.1112156,A1850_B1850,1,1850,1850,0.85,0.85,10.46,21.57
1785437641.131016,A1850_B1850,1,1850,1850,0.85,0.85,10.448,21.57
1785437641.1535935,A1850_B1850,1,1850,1850,0.85,0.85,10.364,21.44
1785437641.1711934,A1850_B1850,1,1850,1850,0.85,0.85,10.45,21.69
1785437641.1900005,A1850_B1850,1,1850,1850,0.85,0.85,10.415,21.54
1785437641.2110057,A1850_B1850,1,1850,1850,0.85,0.85,10.463,21.65
1785437641.2304478,A1850_B1850,1,1850,1850,0.85,0.85,10.492,21.54
1785437641.254036,A1850_B1850,1,1850,1850,0.85,0.85,10.498,21.72
1785437641.272017,A1850_B1850,1,1850,1850,0.85,0.85,10.371,21.39
1785437641.2899938,A1850_B1850,1,1850,1850,0.85,0.85,10.465,21.74
1785437641.3110125,A1850_B1850,1,1850,1850,0.85,0.85,10.405,21.48
1785437641.3320005,A1850_B1850,1,1850,1850,0.85,0.85,10.505,21.79
1785437641.3540728,A1850_B1850,1,1850,1850,0.85,0.85,10.492,21.61
1785437641.3720093,A1850_B1850,1,1850,1850,0.85,0.85,10.402,21.45
1785437641.3900926,A1850_B1850,1,1850,1850,0.85,0.85,10.439,21.51
1785437641.411186,A1850_B1850,1,1850,1850,0.85,0.85,10.374,21.45
1785437641.429992,A1850_B1850,1,1850,1850,0.85,0.85,10.518,21.77
1785437641.4544997,A1850_B1850,1,1850,1850,0.85,0.85,10.401,21.5
1785437641.4720607,A1850_B1850,1,1850,1850,0.85,0.85,10.449,21.65
1785437641.4900968,A1850_B1850,1,1850,1850,0.85,0.85,10.382,21.45
1785437641.512042,A1850_B1850,1,1850,1850,0.85,0.85,10.427,21.87
1785437641.5300062,A1850_B1850,1,1850,1850,0.85,0.85,10.394,21.65
1785437641.5540268,A1850_B1850,1,1850,1850,0.85,0.85,10.507,21.74
1785437641.5720184,A1850_B1850,1,1850,1850,0.85,0.85,10.435,21.7
1785437641.5910456,A1850_B1850,1,1850,1850,0.85,0.85,10.42,21.74
1785437641.61,A1850_B1850,1,1850,1850,0.85,0.85,10.465,21.53
1785437641.630999,A1850_B1850,1,1850,1850,0.85,0.85,10.443,21.68
1785437641.6520567,A1850_B1850,1,1850,1850,0.85,0.85,10.443,21.56
1785437641.6706522,A1850_B1850,1,1850,1850,0.85,0.85,10.451,21.69
1785437641.692398,A1850_B1850,1,1850,1850,0.85,0.85,10.415,21.53
1785437641.7100637,A1850_B1850,1,1850,1850,0.85,0.85,10.417,21.51
1785437641.7310927,A1850_B1850,1,1850,1850,0.85,0.85,10.503,21.53
1785437641.7520576,A1850_B1850,1,1850,1850,0.85,0.85,10.507,21.7
1785437641.7712123,A1850_B1850,1,1850,1850,0.85,0.85,10.397,21.45
1785437641.7920072,A1850_B1850,1,1850,1850,0.85,0.85,10.437,21.45
1785437641.8105469,A1850_B1850,1,1850,1850,0.85,0.85,10.381,21.54
1785437641.8310275,A1850_B1850,1,1850,1850,0.85,0.85,10.503,21.53
1785437641.8530378,A1850_B1850,1,1850,1850,0.85,0.85,10.377,21.49
1785437641.8710072,A1850_B1850,1,1850,1850,0.85,0.85,10.431,21.45
1785437641.8900788,A1850_B1850,1,1850,1850,0.85,0.85,10.39,21.54
1785437641.911084,A1850_B1850,1,1850,1850,0.85,0.85,10.441,21.63
1785437641.9320478,A1850_B1850,1,1850,1850,0.85,0.85,10.534,21.6
1785437641.953082,A1850_B1850,1,1850,1850,0.85,0.85,10.434,21.78
1785437641.9720862,A1850_B1850,1,1850,1850,0.85,0.85,10.447,21.57
1785437641.99089,A1850_B1850,1,1850,1850,0.85,0.85,10.317,21.36
1785437642.0111685,A1850_B1850,1,1850,1850,0.85,0.85,10.462,21.66
1785437642.032089,A1850_B1850,1,1850,1850,0.85,0.85,10.365,21.48
1785437642.054084,A1850_B1850,1,1850,1850,0.85,0.85,10.397,21.47
1785437642.0700428,A1850_B1850,1,1850,1850,0.85,0.85,10.415,21.45
1785437642.0914946,A1850_B1850,1,1850,1850,0.85,0.85,10.625,22.0
1785437642.1121173,A1850_B1850,1,1850,1850,0.85,0.85,10.415,21.51
1785437642.132067,A1850_B1850,1,1850,1850,0.85,0.85,10.409,21.62
1785437642.1531608,A1850_B1850,1,1850,1850,0.85,0.85,10.45,21.63
1785437642.1712065,A1850_B1850,1,1850,1850,0.85,0.85,10.446,21.78
1785437642.19205,A1850_B1850,1,1850,1850,0.85,0.85,10.322,21.48
1785437642.211032,A1850_B1850,1,1850,1850,0.85,0.85,10.498,21.45
1785437642.2320502,A1850_B1850,1,1850,1850,0.85,0.85,10.499,21.69
1785437642.2530496,A1850_B1850,1,1850,1850,0.85,0.85,10.511,21.77
1785437642.2710402,A1850_B1850,1,1850,1850,0.85,0.85,10.484,21.69
1785437642.29046,A1850_B1850,1,1850,1850,0.85,0.85,10.472,21.7
1785437642.311362,A1850_B1850,1,1850,1850,0.85,0.85,10.449,21.82
1785437642.3326702,A1850_B1850,1,1850,1850,0.85,0.85,10.443,21.65
1785437642.3530934,A1850_B1850,1,1850,1850,0.85,0.85,10.452,21.47
1785437642.3721347,A1850_B1850,1,1850,1850,0.85,0.85,10.432,21.54
1785437642.3900824,A1850_B1850,1,1850,1850,0.85,0.85,10.398,21.46
1785437642.4115548,A1850_B1850,1,1850,1850,0.85,0.85,10.528,21.74
1785437642.4296758,A1850_B1850,1,1850,1850,0.85,0.85,10.386,21.57
1785437642.4541004,A1850_B1850,1,1850,1850,0.85,0.85,10.562,21.78
1785437642.4706054,A1850_B1850,1,1850,1850,0.85,0.85,10.403,21.5
1785437642.4919744,A1850_B1850,1,1850,1850,0.85,0.85,10.533,21.55
1785437642.5100703,A1850_B1850,1,1850,1850,0.85,0.85,10.392,21.46
1785437642.5325406,A1850_B1850,1,1850,1850,0.85,0.85,10.501,21.44
1785437642.5532951,A1850_B1850,1,1850,1850,0.85,0.85,10.452,21.6
1785437642.571209,A1850_B1850,1,1850,1850,0.85,0.85,10.543,21.42
1785437642.5900269,A1850_B1850,1,1850,1850,0.85,0.85,10.449,21.55
1785437642.6120806,A1850_B1850,1,1850,1850,0.85,0.85,10.447,21.47
1785437642.6301181,A1850_B1850,1,1850,1850,0.85,0.85,10.451,21.56
1785437642.6520529,A1850_B1850,1,1850,1850,0.85,0.85,10.461,21.53
1785437642.6712234,A1850_B1850,1,1850,1850,0.85,0.85,10.414,21.57
1785437642.6920562,A1850_B1850,1,1850,1850,0.85,0.85,10.493,21.71
1785437642.710238,A1850_B1850,1,1850,1850,0.85,0.85,10.507,21.73
1785437642.7313466,A1850_B1850,1,1850,1850,0.85,0.85,10.399,21.5
1785437642.7530825,A1850_B1850,1,1850,1850,0.85,0.85,10.483,21.69
1785437642.7710366,A1850_B1850,1,1850,1850,0.85,0.85,10.452,21.52
1785437642.792055,A1850_B1850,1,1850,1850,0.85,0.85,10.454,21.61
1785437642.8101513,A1850_B1850,1,1850,1850,0.85,0.85,10.449,21.54
1785437642.8321583,A1850_B1850,1,1850,1850,0.85,0.85,10.348,21.69
1785437642.853076,A1850_B1850,1,1850,1850,0.85,0.85,10.495,21.87
1785437642.871042,A1850_B1850,1,1850,1850,0.85,0.85,10.373,21.52
1785437642.8920615,A1850_B1850,1,1850,1850,0.85,0.85,10.481,21.68
1785437642.9100738,A1850_B1850,1,1850,1850,0.85,0.85,10.454,21.89
1785437642.9310422,A1850_B1850,1,1850,1850,0.85,0.85,10.455,21.69
1785437642.9531095,A1850_B1850,1,1850,1850,0.85,0.85,10.477,21.77
1785437642.9710915,A1850_B1850,1,1850,1850,0.85,0.85,10.45,21.46
1785437642.9922614,A1850_B1850,1,1850,1850,0.85,0.85,10.418,21.58
1785437643.010091,A1850_B1850,1,1850,1850,0.85,0.85,10.39,21.55
1785437643.032598,A1850_B1850,1,1850,1850,0.85,0.85,10.53,21.74
1785437643.0532446,A1850_B1850,1,1850,1850,0.85,0.85,10.444,21.61
1785437643.0715735,A1850_B1850,1,1850,1850,0.85,0.85,10.499,21.58
1785437643.092083,A1850_B1850,1,1850,1850,0.85,0.85,10.401,21.52
1785437643.1110742,A1850_B1850,1,1850,1850,0.85,0.85,10.486,21.62
1785437643.1307812,A1850_B1850,1,1850,1850,0.85,0.85,10.409,21.52
1785437643.1541228,A1850_B1850,1,1850,1850,0.85,0.85,10.48,21.52
1785437643.171393,A1850_B1850,1,1850,1850,0.85,0.85,10.434,21.59
1785437643.1911185,A1850_B1850,1,1850,1850,0.85,0.85,10.374,21.49
1785437643.2101934,A1850_B1850,1,1850,1850,0.85,0.85,10.408,21.69
1785437643.231118,A1850_B1850,1,1850,1850,0.85,0.85,10.459,21.63
1785437643.2526667,A1850_B1850,1,1850,1850,0.85,0.85,10.425,21.35
1785437643.2700949,A1850_B1850,1,1850,1850,0.85,0.85,10.378,21.42
1785437643.292096,A1850_B1850,1,1850,1850,0.85,0.85,10.499,21.77
1785437643.3100553,A1850_B1850,1,1850,1850,0.85,0.85,10.458,21.53
1785437643.331063,A1850_B1850,1,1850,1850,0.85,0.85,10.42,21.49
1785437643.3520968,A1850_B1850,1,1850,1850,0.85,0.85,10.392,21.5
1785437643.3702314,A1850_B1850,1,1850,1850,0.85,0.85,10.465,21.63
1785437643.391292,A1850_B1850,1,1850,1850,0.85,0.85,10.417,21.51
1785437643.4100664,A1850_B1850,1,1850,1850,0.85,0.85,10.487,21.59
1785437643.431139,A1850_B1850,1,1850,1850,0.85,0.85,10.39,21.56
1785437643.4521544,A1850_B1850,1,1850,1850,0.85,0.85,10.439,21.63
1785437643.4704695,A1850_B1850,1,1850,1850,0.85,0.85,10.417,21.44
1785437643.492186,A1850_B1850,1,1850,1850,0.85,0.85,10.39,21.41
1785437643.5106335,A1850_B1850,1,1850,1850,0.85,0.85,10.493,21.62
1785437643.5310745,A1850_B1850,1,1850,1850,0.85,0.85,10.469,21.98
1785437643.5521302,A1850_B1850,1,1850,1850,0.85,0.85,10.431,21.64
1785437643.5710852,A1850_B1850,1,1850,1850,0.85,0.85,10.439,21.6
1785437643.5900626,A1850_B1850,1,1850,1850,0.85,0.85,10.429,21.46
1785437643.6110651,A1850_B1850,1,1850,1850,0.85,0.85,10.385,21.53
1785437643.6304064,A1850_B1850,1,1850,1850,0.85,0.85,10.395,21.51
1785437643.6541414,A1850_B1850,1,1850,1850,0.85,0.85,10.388,21.6
1785437643.6725543,A1850_B1850,1,1850,1850,0.85,0.85,10.405,21.51
1785437643.6902156,A1850_B1850,1,1850,1850,0.85,0.85,10.464,21.59
1785437643.7110736,A1850_B1850,1,1850,1850,0.85,0.85,10.431,21.56
1785437643.7320857,A1850_B1850,1,1850,1850,0.85,0.85,10.463,21.68
1785437643.7544036,A1850_B1850,1,1850,1850,0.85,0.85,10.387,21.45
1785437643.7720683,A1850_B1850,1,1850,1850,0.85,0.85,10.381,21.42
1785437643.7910848,A1850_B1850,1,1850,1850,0.85,0.85,10.468,21.7
1785437643.8104725,A1850_B1850,1,1850,1850,0.85,0.85,10.372,21.46
1785437643.8310711,A1850_B1850,1,1850,1850,0.85,0.85,10.386,21.49
1785437643.8521185,A1850_B1850,1,1850,1850,0.85,0.85,10.401,21.48
1785437643.870162,A1850_B1850,1,1850,1850,0.85,0.85,10.475,21.79
1785437643.891152,A1850_B1850,1,1850,1850,0.85,0.85,10.404,21.51
1785437643.9096465,A1850_B1850,1,1850,1850,0.85,0.85,10.529,21.8
1785437643.9300642,A1850_B1850,1,1850,1850,0.85,0.85,10.422,21.58
1785437643.9520752,A1850_B1850,1,1850,1850,0.85,0.85,10.521,21.53
1785437643.9701092,A1850_B1850,1,1850,1850,0.85,0.85,10.427,21.6
1785437643.991117,A1850_B1850,1,1850,1850,0.85,0.85,10.521,21.47
1785437644.0120866,A1850_B1850,1,1850,1850,0.85,0.85,10.447,21.6
1785437644.0302958,A1850_B1850,1,1850,1850,0.85,0.85,10.359,21.46
1785437644.0542343,A1850_B1850,1,1850,1850,0.85,0.85,10.466,21.69
1785437644.0702672,A1850_B1850,1,1850,1850,0.85,0.85,10.362,21.37
1785437644.0911279,A1850_B1850,1,1850,1850,0.85,0.85,10.485,21.58
1785437644.1125143,A1850_B1850,1,1850,1850,0.85,0.85,10.375,21.44
1785437644.1304116,A1850_B1850,1,1850,1850,0.85,0.85,10.524,21.76
1785437644.152174,A1850_B1850,1,1850,1850,0.85,0.85,10.375,21.41
1785437644.1703844,A1850_B1850,1,1850,1850,0.85,0.85,10.443,21.6
1785437644.1912143,A1850_B1850,1,1850,1850,0.85,0.85,10.419,21.52
1785437644.2121685,A1850_B1850,1,1850,1850,0.85,0.85,10.278,21.32
1785437644.2302413,A1850_B1850,1,1850,1850,0.85,0.85,10.48,21.5
1785437644.2541804,A1850_B1850,1,1850,1850,0.85,0.85,10.472,21.56
1785437644.2702088,A1850_B1850,1,1850,1850,0.85,0.85,10.435,21.59
1785437644.2910986,A1850_B1850,1,1850,1850,0.85,0.85,10.431,21.63
1785437644.312685,A1850_B1850,1,1850,1850,0.85,0.85,10.421,21.53
1785437644.3325336,A1850_B1850,1,1850,1850,0.85,0.85,10.462,21.49
1785437644.3532908,A1850_B1850,1,1850,1850,0.85,0.85,10.412,21.46
1785437644.3720896,A1850_B1850,1,1850,1850,0.85,0.85,10.356,21.39
1785437644.3919256,A1850_B1850,1,1850,1850,0.85,0.85,10.467,21.85
1785437644.4128678,A1850_B1850,1,1850,1850,0.85,0.85,10.449,21.63
1785437644.4311793,A1850_B1850,1,1850,1850,0.85,0.85,10.486,21.61
1785437644.4538684,A1850_B1850,1,1850,1850,0.85,0.85,10.436,21.48
1785437644.470709,A1850_B1850,1,1850,1850,0.85,0.85,10.407,21.52
1785437644.4912415,A1850_B1850,1,1850,1850,0.85,0.85,10.481,21.53
1785437644.5120928,A1850_B1850,1,1850,1850,0.85,0.85,10.393,21.55
1785437644.5301335,A1850_B1850,1,1850,1850,0.85,0.85,10.459,21.65
1785437644.5548885,A1850_B1850,1,1850,1850,0.85,0.85,10.455,21.67
1785437644.569771,A1850_B1850,1,1850,1850,0.85,0.85,10.401,21.52
1785437644.5903087,A1850_B1850,1,1850,1850,0.85,0.85,10.428,21.49
1785437644.6121333,A1850_B1850,1,1850,1850,0.85,0.85,10.48,21.62
1785437644.63015,A1850_B1850,1,1850,1850,0.85,0.85,10.436,21.5
1785437644.6542788,A1850_B1850,1,1850,1850,0.85,0.85,10.391,21.3
1785437644.6723402,A1850_B1850,1,1850,1850,0.85,0.85,10.39,21.45
1785437644.6901891,A1850_B1850,1,1850,1850,0.85,0.85,10.379,21.51
1785437644.7115216,A1850_B1850,1,1850,1850,0.85,0.85,10.419,21.55
1785437644.730105,A1850_B1850,1,1850,1850,0.85,0.85,10.427,21.73
1785437644.7542624,A1850_B1850,1,1850,1850,0.85,0.85,10.416,21.53
1785437644.7700992,A1850_B1850,1,1850,1850,0.85,0.85,10.404,21.48
1785437644.7921062,A1850_B1850,1,1850,1850,0.85,0.85,10.466,21.61
1785437644.810102,A1850_B1850,1,1850,1850,0.85,0.85,10.431,21.59
1785437644.8312008,A1850_B1850,1,1850,1850,0.85,0.85,10.434,21.58
1785437644.852365,A1850_B1850,1,1850,1850,0.85,0.85,10.395,21.47
1785437644.871215,A1850_B1850,1,1850,1850,0.85,0.85,10.562,21.57
1785437644.8921185,A1850_B1850,1,1850,1850,0.85,0.85,10.373,21.23
1785437644.9101522,A1850_B1850,1,1850,1850,0.85,0.85,10.385,21.52
1785437644.931231,A1850_B1850,1,1850,1850,0.85,0.85,10.41,21.53
1785437644.9532402,A1850_B1850,1,1850,1850,0.85,0.85,10.409,21.45
1785437644.9714136,A1850_B1850,1,1850,1850,0.85,0.85,10.417,21.5
1785437644.9930015,A1850_B1850,1,1850,1850,0.85,0.85,10.463,21.53
1785437645.01234,A1850_B1850,1,1850,1850,0.85,0.85,10.446,21.6
1785437645.0303106,A1850_B1850,1,1850,1850,0.85,0.85,10.475,21.5
1785437645.0549722,A1850_B1850,1,1850,1850,0.85,0.85,10.47,21.55
1785437645.0716722,A1850_B1850,1,1850,1850,0.85,0.85,10.465,21.64
1785437645.0923097,A1850_B1850,1,1850,1850,0.85,0.85,10.377,21.46
1785437645.110841,A1850_B1850,1,1850,1850,0.85,0.85,10.409,21.46
1785437645.1312377,A1850_B1850,1,1850,1850,0.85,0.85,10.412,21.48
1785437645.153621,A1850_B1850,1,1850,1850,0.85,0.85,10.403,21.41
1785437645.1711712,A1850_B1850,1,1850,1850,0.85,0.85,10.398,21.46
1785437645.1922967,A1850_B1850,1,1850,1850,0.85,0.85,10.431,21.52
1785437645.2102013,A1850_B1850,1,1850,1850,0.85,0.85,10.434,21.67
1785437645.2311661,A1850_B1850,1,1850,1850,0.85,0.85,10.485,21.7
1785437645.2524667,A1850_B1850,1,1850,1850,0.85,0.85,10.479,21.67
1785437645.2702315,A1850_B1850,1,1850,1850,0.85,0.85,10.412,21.52
1785437645.2912977,A1850_B1850,1,1850,1850,0.85,0.85,10.501,21.63
1785437645.3124697,A1850_B1850,1,1850,1850,0.85,0.85,10.391,21.51
1785437645.3312483,A1850_B1850,1,1850,1850,0.85,0.85,10.442,21.52
1785437645.3531737,A1850_B1850,1,1850,1850,0.85,0.85,10.434,21.74
1785437645.3711357,A1850_B1850,1,1850,1850,0.85,0.85,10.373,21.45
1785437645.3901353,A1850_B1850,1,1850,1850,0.85,0.85,10.401,21.47
1785437645.4111276,A1850_B1850,1,1850,1850,0.85,0.85,10.454,21.49
1785437645.4301374,A1850_B1850,1,1850,1850,0.85,0.85,10.424,21.66
1785437645.4533017,A1850_B1850,1,1850,1850,0.85,0.85,10.44,21.68
1785437645.4723604,A1850_B1850,1,1850,1850,0.85,0.85,10.373,21.68
1785437645.4901516,A1850_B1850,1,1850,1850,0.85,0.85,10.434,21.88
1785437645.5111363,A1850_B1850,1,1850,1850,0.85,0.85,10.473,21.75
1785437645.5328043,A1850_B1850,1,1850,1850,0.85,0.85,10.431,21.59
1785437645.5531912,A1850_B1850,1,1850,1850,0.85,0.85,10.557,21.6
1785437645.571136,A1850_B1850,1,1850,1850,0.85,0.85,10.46,21.64
1785437645.5901315,A1850_B1850,1,1850,1850,0.85,0.85,10.507,21.71
1785437645.6111314,A1850_B1850,1,1850,1850,0.85,0.85,10.377,21.48
1785437645.6329966,A1850_B1850,1,1850,1850,0.85,0.85,10.387,21.47
1785437645.6526723,A1850_B1850,1,1850,1850,0.85,0.85,10.422,21.66
1785437645.670354,A1850_B1850,1,1850,1850,0.85,0.85,10.392,21.48
1785437645.6921604,A1850_B1850,1,1850,1850,0.85,0.85,10.396,21.47
1785437645.7117488,A1850_B1850,1,1850,1850,0.85,0.85,10.352,21.44
1785437645.732149,A1850_B1850,1,1850,1850,0.85,0.85,10.514,21.48
1785437645.754435,A1850_B1850,1,1850,1850,0.85,0.85,10.362,21.38
1785437645.772136,A1850_B1850,1,1850,1850,0.85,0.85,10.437,21.65
1785437645.79059,A1850_B1850,1,1850,1850,0.85,0.85,10.404,21.53
1785437645.811135,A1850_B1850,1,1850,1850,0.85,0.85,10.426,21.74
1785437645.8322005,A1850_B1850,1,1850,1850,0.85,0.85,10.398,21.44
1785437645.8532052,A1850_B1850,1,1850,1850,0.85,0.85,10.515,21.78
1785437645.8712156,A1850_B1850,1,1850,1850,0.85,0.85,10.379,21.51
1785437645.889802,A1850_B1850,1,1850,1850,0.85,0.85,10.615,21.85
1785437645.910139,A1850_B1850,1,1850,1850,0.85,0.85,10.405,21.54
1785437645.9321392,A1850_B1850,1,1850,1850,0.85,0.85,10.418,21.56
1785437645.9531918,A1850_B1850,1,1850,1850,0.85,0.85,10.408,21.52
1785437645.971158,A1850_B1850,1,1850,1850,0.85,0.85,10.571,21.37
1785437645.9911537,A1850_B1850,1,1850,1850,0.85,0.85,10.408,21.47
1785437646.011159,A1850_B1850,1,1850,1850,0.85,0.85,10.363,21.43
1785437646.032209,A1850_B1850,1,1850,1850,0.85,0.85,10.42,21.49
1785437646.0532029,A1850_B1850,1,1850,1850,0.85,0.85,10.356,21.43
1785437646.0716467,A1850_B1850,1,1850,1850,0.85,0.85,10.44,21.47
1785437646.0921853,A1850_B1850,1,1850,1850,0.85,0.85,10.365,21.46
1785437646.1121483,A1850_B1850,1,1850,1850,0.85,0.85,10.525,21.7
1785437646.1301446,A1850_B1850,1,1850,1850,0.85,0.85,10.382,21.42
1785437646.1522667,A1850_B1850,1,1850,1850,0.85,0.85,10.396,21.42
1785437646.171665,A1850_B1850,1,1850,1850,0.85,0.85,10.377,21.42
1785437646.1912057,A1850_B1850,1,1850,1850,0.85,0.85,10.401,21.61
1785437646.2121887,A1850_B1850,1,1850,1850,0.85,0.85,10.453,21.57
1785437646.2312732,A1850_B1850,1,1850,1850,0.85,0.85,10.385,21.44
1785437646.2532184,A1850_B1850,1,1850,1850,0.85,0.85,10.431,21.48
1785437646.2711763,A1850_B1850,1,1850,1850,0.85,0.85,10.496,21.49
1785437646.2902052,A1850_B1850,1,1850,1850,0.85,0.85,10.463,21.5
1785437646.3127675,A1850_B1850,1,1850,1850,0.85,0.85,10.405,21.37
1785437646.3307898,A1850_B1850,1,1850,1850,0.85,0.85,10.416,21.45
1785437646.3542,A1850_B1850,1,1850,1850,0.85,0.85,10.579,21.5
1785437646.372155,A1850_B1850,1,1850,1850,0.85,0.85,10.389,21.47
1785437646.391461,A1850_B1850,1,1850,1850,0.85,0.85,10.315,21.42
1785437646.4121792,A1850_B1850,1,1850,1850,0.85,0.85,10.385,21.48
1785437646.43129,A1850_B1850,1,1850,1850,0.85,0.85,10.392,21.47
1785437646.4536092,A1850_B1850,1,1850,1850,0.85,0.85,10.412,21.47
1785437646.471196,A1850_B1850,1,1850,1850,0.85,0.85,10.347,21.53
1785437646.4921718,A1850_B1850,1,1850,1850,0.85,0.85,10.423,21.52
1785437646.5101957,A1850_B1850,1,1850,1850,0.85,0.85,10.4,21.43
1785437646.5316005,A1850_B1850,1,1850,1850,0.85,0.85,10.463,21.63
1785437646.5529845,A1850_B1850,1,1850,1850,0.85,0.85,10.354,21.41
1785437646.5721605,A1850_B1850,1,1850,1850,0.85,0.85,10.438,21.71
1785437646.59016,A1850_B1850,1,1850,1850,0.85,0.85,10.386,21.48
1785437646.6112103,A1850_B1850,1,1850,1850,0.85,0.85,10.414,21.58
1785437646.632414,A1850_B1850,1,1850,1850,0.85,0.85,10.379,21.48
1785437646.651458,A1850_B1850,1,1850,1850,0.85,0.85,10.449,21.73
1785437646.672381,A1850_B1850,1,1850,1850,0.85,0.85,10.396,21.47
1785437646.690211,A1850_B1850,1,1850,1850,0.85,0.85,10.482,21.49
1785437646.7112713,A1850_B1850,1,1850,1850,0.85,0.85,10.377,21.5
1785437646.7301834,A1850_B1850,1,1850,1850,0.85,0.85,10.506,21.39
1785437646.7514837,A1850_B1850,1,1850,1850,0.85,0.85,10.401,21.48
1785437646.772288,A1850_B1850,1,1850,1850,0.85,0.85,10.507,21.4
1785437646.7901666,A1850_B1850,1,1850,1850,0.85,0.85,10.42,21.52
1785437646.8111668,A1850_B1850,1,1850,1850,0.85,0.85,10.521,21.59
1785437646.8322008,A1850_B1850,1,1850,1850,0.85,0.85,10.431,21.45
1785437646.8547337,A1850_B1850,1,1850,1850,0.85,0.85,10.352,21.39
1785437646.8724248,A1850_B1850,1,1850,1850,0.85,0.85,10.482,22.07
1785437646.8911703,A1850_B1850,1,1850,1850,0.85,0.85,10.45,21.56
1785437646.9101846,A1850_B1850,1,1850,1850,0.85,0.85,10.463,21.59
1785437646.9311757,A1850_B1850,1,1850,1850,0.85,0.85,10.45,21.67
1785437646.9523635,A1850_B1850,1,1850,1850,0.85,0.85,10.396,21.63
1785437646.970173,A1850_B1850,1,1850,1850,0.85,0.85,10.401,21.37
1785437646.9924877,A1850_B1850,1,1850,1850,0.85,0.85,10.412,21.5
1785437647.0103333,A1850_B1850,1,1850,1850,0.85,0.85,10.393,21.42
1785437647.031819,A1850_B1850,1,1850,1850,0.85,0.85,10.487,21.53
1785437647.052372,A1850_B1850,1,1850,1850,0.85,0.85,10.526,21.65
1785437647.0712845,A1850_B1850,1,1850,1850,0.85,0.85,10.481,21.55
1785437647.0921767,A1850_B1850,1,1850,1850,0.85,0.85,10.44,21.35
1785437647.1109304,A1850_B1850,1,1850,1850,0.85,0.85,10.457,21.42
1785437647.1311972,A1850_B1850,1,1850,1850,0.85,0.85,10.45,21.39
1785437647.152222,A1850_B1850,1,1850,1850,0.85,0.85,10.409,21.47
1785437647.1704314,A1850_B1850,1,1850,1850,0.85,0.85,10.52,21.49
1785437647.1912754,A1850_B1850,1,1850,1850,0.85,0.85,10.408,21.49
1785437647.209939,A1850_B1850,1,1850,1850,0.85,0.85,10.401,21.4
1785437647.2306168,A1850_B1850,1,1850,1850,0.85,0.85,10.464,21.55
1785437647.252341,A1850_B1850,1,1850,1850,0.85,0.85,10.404,21.53
1785437647.2703702,A1850_B1850,1,1850,1850,0.85,0.85,10.462,21.57
1785437647.2912116,A1850_B1850,1,1850,1850,0.85,0.85,10.412,21.49
1785437647.3122103,A1850_B1850,1,1850,1850,0.85,0.85,10.361,21.36
1785437647.331222,A1850_B1850,1,1850,1850,0.85,0.85,10.434,21.59
1785437647.3525908,A1850_B1850,1,1850,1850,0.85,0.85,10.378,21.48
1785437647.3702486,A1850_B1850,1,1850,1850,0.85,0.85,10.444,21.49
1785437647.3912716,A1850_B1850,1,1850,1850,0.85,0.85,10.378,21.4
1785437647.4121926,A1850_B1850,1,1850,1850,0.85,0.85,10.522,21.77
1785437647.430396,A1850_B1850,1,1850,1850,0.85,0.85,10.405,21.48
1785437647.4522386,A1850_B1850,1,1850,1850,0.85,0.85,10.571,21.68
1785437647.4702446,A1850_B1850,1,1850,1850,0.85,0.85,10.493,21.36
1785437647.4912126,A1850_B1850,1,1850,1850,0.85,0.85,10.343,21.23
1785437647.5111911,A1850_B1850,1,1850,1850,0.85,0.85,10.428,21.51
1785437647.5322003,A1850_B1850,1,1850,1850,0.85,0.85,10.377,21.72
1785437647.5532575,A1850_B1850,1,1850,1850,0.85,0.85,10.477,21.39
1785437647.5711913,A1850_B1850,1,1850,1850,0.85,0.85,10.416,21.43
1785437647.5903013,A1850_B1850,1,1850,1850,0.85,0.85,10.445,21.46
1785437647.6113546,A1850_B1850,1,1850,1850,0.85,0.85,10.397,21.46
1785437647.6327114,A1850_B1850,1,1850,1850,0.85,0.85,10.428,21.33
1785437647.6532373,A1850_B1850,1,1850,1850,0.85,0.85,10.406,21.44
1785437647.6725671,A1850_B1850,1,1850,1850,0.85,0.85,10.419,21.43
1785437647.6902182,A1850_B1850,1,1850,1850,0.85,0.85,10.424,21.45
1785437647.7116015,A1850_B1850,1,1850,1850,0.85,0.85,10.398,21.48
1785437647.7326398,A1850_B1850,1,1850,1850,0.85,0.85,10.398,21.45
1785437647.7532775,A1850_B1850,1,1850,1850,0.85,0.85,10.45,21.57
1785437647.771211,A1850_B1850,1,1850,1850,0.85,0.85,10.438,21.56
1785437647.790512,A1850_B1850,1,1850,1850,0.85,0.85,10.506,21.48
1785437647.8115757,A1850_B1850,1,1850,1850,0.85,0.85,10.51,21.72
1785437647.8299506,A1850_B1850,1,1850,1850,0.85,0.85,10.398,21.47
1785437647.8533182,A1850_B1850,1,1850,1850,0.85,0.85,10.442,21.47
1785437647.871768,A1850_B1850,1,1850,1850,0.85,0.85,10.37,21.42
1785437647.89222,A1850_B1850,1,1850,1850,0.85,0.85,10.494,21.56
1785437647.9102032,A1850_B1850,1,1850,1850,0.85,0.85,10.388,21.44
1785437647.9316688,A1850_B1850,1,1850,1850,0.85,0.85,10.38,21.45
1785437647.9522655,A1850_B1850,1,1850,1850,0.85,0.85,10.421,21.3
1785437647.9712088,A1850_B1850,1,1850,1850,0.85,0.85,10.391,21.54
1785437647.9922261,A1850_B1850,1,1850,1850,0.85,0.85,10.423,21.6
1785437648.0112054,A1850_B1850,1,1850,1850,0.85,0.85,10.414,21.57
1785437648.030467,A1850_B1850,1,1850,1850,0.85,0.85,10.404,21.74
1785437648.0515544,A1850_B1850,1,1850,1850,0.85,0.85,10.394,21.32
1785437648.0722113,A1850_B1850,1,1850,1850,0.85,0.85,10.38,21.42
1785437648.090431,A1850_B1850,1,1850,1850,0.85,0.85,10.495,21.68
1785437648.1122303,A1850_B1850,1,1850,1850,0.85,0.85,10.39,21.41
1785437648.1312103,A1850_B1850,1,1850,1850,0.85,0.85,10.545,21.44
1785437648.1527507,A1850_B1850,1,1850,1850,0.85,0.85,10.369,21.46
1785437648.1713812,A1850_B1850,1,1850,1850,0.85,0.85,10.418,21.46
1785437648.1922424,A1850_B1850,1,1850,1850,0.85,0.85,10.275,21.66
1785437648.210239,A1850_B1850,1,1850,1850,0.85,0.85,10.441,21.16
1785437648.2313128,A1850_B1850,1,1850,1850,0.85,0.85,10.466,21.5
1785437648.2535527,A1850_B1850,1,1850,1850,0.85,0.85,10.447,21.49
1785437648.2713583,A1850_B1850,1,1850,1850,0.85,0.85,10.431,21.54
1785437648.2928424,A1850_B1850,1,1850,1850,0.85,0.85,10.352,21.46
1785437648.3102448,A1850_B1850,1,1850,1850,0.85,0.85,10.434,21.61
1785437648.3323271,A1850_B1850,1,1850,1850,0.85,0.85,10.362,21.38
1785437648.354029,A1850_B1850,1,1850,1850,0.85,0.85,10.499,21.72
1785437648.3716512,A1850_B1850,1,1850,1850,0.85,0.85,10.401,21.38
1785437648.393187,A1850_B1850,1,1850,1850,0.85,0.85,10.586,21.79
1785437648.4112568,A1850_B1850,1,1850,1850,0.85,0.85,10.374,21.39
1785437648.4307566,A1850_B1850,1,1850,1850,0.85,0.85,10.432,21.34
1785437648.4542646,A1850_B1850,1,1850,1850,0.85,0.85,10.464,21.36
1785437648.4703443,A1850_B1850,1,1850,1850,0.85,0.85,10.403,21.34
1785437648.489933,A1850_B1850,1,1850,1850,0.85,0.85,10.432,21.49
1785437648.5103521,A1850_B1850,1,1850,1850,0.85,0.85,10.344,21.33
1785437648.531247,A1850_B1850,1,1850,1850,0.85,0.85,10.448,21.51
1785437648.553099,A1850_B1850,1,1850,1850,0.85,0.85,10.385,21.43
1785437648.572414,A1850_B1850,1,1850,1850,0.85,0.85,10.502,21.71
1785437648.5902734,A1850_B1850,1,1850,1850,0.85,0.85,10.373,21.38
1785437648.6112247,A1850_B1850,1,1850,1850,0.85,0.85,10.501,21.61
1785437648.6323216,A1850_B1850,1,1850,1850,0.85,0.85,10.334,21.44
1785437648.6542637,A1850_B1850,1,1850,1850,0.85,0.85,10.484,21.51
1785437648.6725998,A1850_B1850,1,1850,1850,0.85,0.85,10.387,21.47
1785437648.6902883,A1850_B1850,1,1850,1850,0.85,0.85,10.446,21.63
1785437648.7112432,A1850_B1850,1,1850,1850,0.85,0.85,10.42,21.39
1785437648.7322853,A1850_B1850,1,1850,1850,0.85,0.85,10.336,21.53
1785437648.7535114,A1850_B1850,1,1850,1850,0.85,0.85,10.461,21.56
1785437648.7722309,A1850_B1850,1,1850,1850,0.85,0.85,10.48,21.54
1785437648.79023,A1850_B1850,1,1850,1850,0.85,0.85,10.564,21.63
1785437648.8112326,A1850_B1850,1,1850,1850,0.85,0.85,10.365,21.39
1785437648.8322392,A1850_B1850,1,1850,1850,0.85,0.85,10.424,21.65
1785437648.8543932,A1850_B1850,1,1850,1850,0.85,0.85,10.51,21.45
1785437648.8723211,A1850_B1850,1,1850,1850,0.85,0.85,10.432,21.66
1785437648.890234,A1850_B1850,1,1850,1850,0.85,0.85,10.558,21.36
1785437648.9112344,A1850_B1850,1,1850,1850,0.85,0.85,10.454,21.56
1785437648.9322371,A1850_B1850,1,1850,1850,0.85,0.85,10.431,21.57
1785437648.9532728,A1850_B1850,1,1850,1850,0.85,0.85,10.41,21.13
1785437648.9726577,A1850_B1850,1,1850,1850,0.85,0.85,10.45,21.79
1785437648.990307,A1850_B1850,1,1850,1850,0.85,0.85,10.41,21.5
1785437649.0099971,A1850_B1850,1,1850,1850,0.85,0.85,10.44,21.42
1785437649.0317514,A1850_B1850,1,1850,1850,0.85,0.85,10.433,21.65
1785437649.0523944,A1850_B1850,1,1850,1850,0.85,0.85,10.373,21.37
1785437649.07146,A1850_B1850,1,1850,1850,0.85,0.85,10.481,21.73
1785437649.0912545,A1850_B1850,1,1850,1850,0.85,0.85,10.349,21.31
1785437649.11055,A1850_B1850,1,1850,1850,0.85,0.85,10.419,21.59
1785437649.1312404,A1850_B1850,1,1850,1850,0.85,0.85,10.479,21.53
1785437649.1529584,A1850_B1850,1,1850,1850,0.85,0.85,10.551,21.59
1785437649.1705694,A1850_B1850,1,1850,1850,0.85,0.85,10.39,21.43
1785437649.191279,A1850_B1850,1,1850,1850,0.85,0.85,10.533,21.73
1785437649.2098172,A1850_B1850,1,1850,1850,0.85,0.85,10.412,21.31
1785437649.2303672,A1850_B1850,1,1850,1850,0.85,0.85,10.408,21.41
1785437649.2525656,A1850_B1850,1,1850,1850,0.85,0.85,10.432,21.53
1785437649.2704196,A1850_B1850,1,1850,1850,0.85,0.85,10.356,21.34
1785437649.2913039,A1850_B1850,1,1850,1850,0.85,0.85,10.411,21.44
1785437649.3124645,A1850_B1850,1,1850,1850,0.85,0.85,10.353,21.38
1785437649.3305664,A1850_B1850,1,1850,1850,0.85,0.85,10.434,21.59
1785437649.354571,A1850_B1850,1,1850,1850,0.85,0.85,10.411,21.23
1785437649.3704221,A1850_B1850,1,1850,1850,0.85,0.85,10.436,21.46
1785437649.391302,A1850_B1850,1,1850,1850,0.85,0.85,10.401,21.43
1785437649.4123538,A1850_B1850,1,1850,1850,0.85,0.85,10.391,21.46
1785437649.430449,A1850_B1850,1,1850,1850,0.85,0.85,10.385,21.45
1785437649.4523184,A1850_B1850,1,1850,1850,0.85,0.85,10.433,21.12
1785437649.4714494,A1850_B1850,1,1850,1850,0.85,0.85,10.478,21.63
1785437649.492286,A1850_B1850,1,1850,1850,0.85,0.85,10.388,21.5
1785437649.5115943,A1850_B1850,1,1850,1850,0.85,0.85,10.48,21.74
1785437649.532353,A1850_B1850,1,1850,1850,0.85,0.85,10.369,21.31
1785437649.553408,A1850_B1850,1,1850,1850,0.85,0.85,10.46,21.49
1785437649.571275,A1850_B1850,1,1850,1850,0.85,0.85,10.356,21.31
1785437649.5922832,A1850_B1850,1,1850,1850,0.85,0.85,10.428,21.43
1785437649.6103544,A1850_B1850,1,1850,1850,0.85,0.85,10.386,21.42
1785437649.6326008,A1850_B1850,1,1850,1850,0.85,0.85,10.494,21.72
1785437649.6535964,A1850_B1850,1,1850,1850,0.85,0.85,10.371,21.35
1785437649.67172,A1850_B1850,1,1850,1850,0.85,0.85,10.521,21.68
1785437649.6926546,A1850_B1850,1,1850,1850,0.85,0.85,10.291,21.27
1785437649.7113519,A1850_B1850,1,1850,1850,0.85,0.85,10.456,21.7
1785437649.7322676,A1850_B1850,1,1850,1850,0.85,0.85,10.48,21.41
1785437649.7544398,A1850_B1850,1,1850,1850,0.85,0.85,10.398,21.3
1785437649.7707293,A1850_B1850,1,1850,1850,0.85,0.85,10.417,21.43
1785437649.7912793,A1850_B1850,1,1850,1850,0.85,0.85,10.468,21.34
1785437649.8123693,A1850_B1850,1,1850,1850,0.85,0.85,10.398,21.42
1785437649.8304226,A1850_B1850,1,1850,1850,0.85,0.85,10.345,21.31
1785437649.852532,A1850_B1850,1,1850,1850,0.85,0.85,10.457,21.56
1785437649.8702698,A1850_B1850,1,1850,1850,0.85,0.85,10.413,21.43
1785437649.8898635,A1850_B1850,1,1850,1850,0.85,0.85,10.386,21.43
1785437649.910382,A1850_B1850,1,1850,1850,0.85,0.85,10.351,21.37
1785437649.9313118,A1850_B1850,1,1850,1850,0.85,0.85,10.506,21.28
1785437649.9525237,A1850_B1850,1,1850,1850,0.85,0.85,10.571,21.61
1785437649.9712718,A1850_B1850,1,1850,1850,0.85,0.85,10.362,21.59
1785437649.9923866,A1850_B1850,1,1850,1850,0.85,0.85,10.409,21.43
1785437650.0102727,A1850_B1850,1,1850,1850,0.85,0.85,10.443,21.57
1785437650.0312757,A1850_B1850,1,1850,1850,0.85,0.85,10.383,21.31
1785437650.0523753,A1850_B1850,1,1850,1850,0.85,0.85,10.391,21.5
1785437650.070287,A1850_B1850,1,1850,1850,0.85,0.85,10.435,21.5
1785437650.0923653,A1850_B1850,1,1850,1850,0.85,0.85,10.441,21.32
1785437650.1134737,A1850_B1850,1,1850,1850,0.85,0.85,10.676,21.42
1785437650.1313195,A1850_B1850,1,1850,1850,0.85,0.85,10.452,21.34
1785437650.1524446,A1850_B1850,1,1850,1850,0.85,0.85,10.454,21.69
1785437650.1717672,A1850_B1850,1,1850,1850,0.85,0.85,10.531,21.25
1785437650.1926212,A1850_B1850,1,1850,1850,0.85,0.85,10.455,21.61
1785437650.2102928,A1850_B1850,1,1850,1850,0.85,0.85,10.396,21.46
1785437650.2312846,A1850_B1850,1,1850,1850,0.85,0.85,10.388,21.47
1785437650.2524056,A1850_B1850,1,1850,1850,0.85,0.85,10.451,21.55
1785437650.2703311,A1850_B1850,1,1850,1850,0.85,0.85,10.417,21.57
1785437650.2929285,A1850_B1850,1,1850,1850,0.85,0.85,10.47,21.54
1785437650.3103595,A1850_B1850,1,1850,1850,0.85,0.85,10.427,21.38
1785437650.3313403,A1850_B1850,1,1850,1850,0.85,0.85,10.425,21.37
1785437650.3524222,A1850_B1850,1,1850,1850,0.85,0.85,10.431,21.58
1785437650.3721087,A1850_B1850,1,1850,1850,0.85,0.85,10.359,21.43
1785437650.3923297,A1850_B1850,1,1850,1850,0.85,0.85,10.594,21.3
1785437650.4109604,A1850_B1850,1,1850,1850,0.85,0.85,10.375,21.35
1785437650.4314141,A1850_B1850,1,1850,1850,0.85,0.85,10.505,21.51
1785437650.453435,A1850_B1850,1,1850,1850,0.85,0.85,10.401,21.46
1785437650.4723852,A1850_B1850,1,1850,1850,0.85,0.85,10.574,21.55
1785437650.4905124,A1850_B1850,1,1850,1850,0.85,0.85,10.377,21.4
1785437650.511321,A1850_B1850,1,1850,1850,0.85,0.85,10.389,21.32
1785437650.5305042,A1850_B1850,1,1850,1850,0.85,0.85,10.355,21.4
1785437650.552539,A1850_B1850,1,1850,1850,0.85,0.85,10.326,21.3
1785437650.5703628,A1850_B1850,1,1850,1850,0.85,0.85,10.467,21.59
1785437650.5913866,A1850_B1850,1,1850,1850,0.85,0.85,10.409,21.39
1785437650.6113331,A1850_B1850,1,1850,1850,0.85,0.85,10.416,21.42
1785437650.6323135,A1850_B1850,1,1850,1850,0.85,0.85,10.384,21.4
1785437650.653424,A1850_B1850,1,1850,1850,0.85,0.85,10.389,21.36
1785437650.67166,A1850_B1850,1,1850,1850,0.85,0.85,10.383,21.33
1785437650.6903396,A1850_B1850,1,1850,1850,0.85,0.85,10.528,21.57
1785437650.711311,A1850_B1850,1,1850,1850,0.85,0.85,10.409,21.43
1785437650.7323382,A1850_B1850,1,1850,1850,0.85,0.85,10.482,21.53
1785437650.753404,A1850_B1850,1,1850,1850,0.85,0.85,10.46,21.53
1785437650.7723775,A1850_B1850,1,1850,1850,0.85,0.85,10.49,21.59
1785437650.790318,A1850_B1850,1,1850,1850,0.85,0.85,10.566,21.07
1785437650.8113902,A1850_B1850,1,1850,1850,0.85,0.85,10.461,21.75
1785437650.8323576,A1850_B1850,1,1850,1850,0.85,0.85,10.425,21.46
1785437650.8533518,A1850_B1850,1,1850,1850,0.85,0.85,10.408,21.45
1785437650.871331,A1850_B1850,1,1850,1850,0.85,0.85,10.424,21.37
1785437650.890806,A1850_B1850,1,1850,1850,0.85,0.85,10.372,21.29
1785437650.9113328,A1850_B1850,1,1850,1850,0.85,0.85,10.431,21.52
1785437650.930301,A1850_B1850,1,1850,1850,0.85,0.85,10.408,21.42
1785437650.9526575,A1850_B1850,1,1850,1850,0.85,0.85,10.36,21.37
1785437650.9703028,A1850_B1850,1,1850,1850,0.85,0.85,10.423,21.44
1785437650.992303,A1850_B1850,1,1850,1850,0.85,0.85,10.453,21.6
1785437651.0123174,A1850_B1850,1,1850,1850,0.85,0.85,10.476,21.6
1785437651.0316582,A1850_B1850,1,1850,1850,0.85,0.85,10.349,21.32
1785437651.0527055,A1850_B1850,1,1850,1850,0.85,0.85,10.434,21.35
1785437651.0708883,A1850_B1850,1,1850,1850,0.85,0.85,10.48,21.45
1785437651.0913086,A1850_B1850,1,1850,1850,0.85,0.85,10.41,21.31
1785437651.1103187,A1850_B1850,1,1850,1850,0.85,0.85,10.539,21.4
1785437651.131795,A1850_B1850,1,1850,1850,0.85,0.85,10.376,21.36
1785437651.153424,A1850_B1850,1,1850,1850,0.85,0.85,10.417,21.34
1785437651.1715338,A1850_B1850,1,1850,1850,0.85,0.85,10.408,21.37
1785437651.1923583,A1850_B1850,1,1850,1850,0.85,0.85,10.529,21.38
1785437651.2123568,A1850_B1850,1,1850,1850,0.85,0.85,10.33,21.3
1785437651.23041,A1850_B1850,1,1850,1850,0.85,0.85,10.432,21.36
1785437651.2520206,A1850_B1850,1,1850,1850,0.85,0.85,10.443,21.54
1785437651.2713175,A1850_B1850,1,1850,1850,0.85,0.85,10.353,21.27
1785437651.292331,A1850_B1850,1,1850,1850,0.85,0.85,10.437,21.53
1785437651.3113208,A1850_B1850,1,1850,1850,0.85,0.85,10.363,21.34
1785437651.3303163,A1850_B1850,1,1850,1850,0.85,0.85,10.439,21.55
1785437651.3534622,A1850_B1850,1,1850,1850,0.85,0.85,10.373,21.34
1785437651.3713622,A1850_B1850,1,1850,1850,0.85,0.85,10.52,21.69
1785437651.3923671,A1850_B1850,1,1850,1850,0.85,0.85,10.401,21.45
1785437651.4104185,A1850_B1850,1,1850,1850,0.85,0.85,10.456,21.36
1785437651.4328697,A1850_B1850,1,1850,1850,0.85,0.85,10.452,21.44
1785437651.4534817,A1850_B1850,1,1850,1850,0.85,0.85,10.34,21.31
1785437651.471384,A1850_B1850,1,1850,1850,0.85,0.85,10.518,21.5
1785437651.4924588,A1850_B1850,1,1850,1850,0.85,0.85,10.352,21.38
1785437651.5115042,A1850_B1850,1,1850,1850,0.85,0.85,10.408,21.44
1785437651.5303743,A1850_B1850,1,1850,1850,0.85,0.85,10.341,21.31
1785437651.5543668,A1850_B1850,1,1850,1850,0.85,0.85,10.463,21.45
1785437651.5703592,A1850_B1850,1,1850,1850,0.85,0.85,10.358,21.29
1785437651.5903223,A1850_B1850,1,1850,1850,0.85,0.85,10.52,21.6
1785437651.6127994,A1850_B1850,1,1850,1850,0.85,0.85,10.387,21.47
1785437651.630323,A1850_B1850,1,1850,1850,0.85,0.85,10.41,21.4
1785437651.6523805,A1850_B1850,1,1850,1850,0.85,0.85,10.368,21.46
1785437651.6718788,A1850_B1850,1,1850,1850,0.85,0.85,10.381,21.43
1785437651.6923628,A1850_B1850,1,1850,1850,0.85,0.85,10.393,21.39
1785437651.7113748,A1850_B1850,1,1850,1850,0.85,0.85,10.477,21.41
1785437651.7311451,A1850_B1850,1,1850,1850,0.85,0.85,10.393,21.41
1785437651.7544115,A1850_B1850,1,1850,1850,0.85,0.85,10.401,21.39
1785437651.7704027,A1850_B1850,1,1850,1850,0.85,0.85,10.408,21.34
1785437651.7913322,A1850_B1850,1,1850,1850,0.85,0.85,10.455,21.3
1785437651.8100076,A1850_B1850,1,1850,1850,0.85,0.85,10.47,21.59
1785437651.8303325,A1850_B1850,1,1850,1850,0.85,0.85,10.326,21.34
1785437651.8543677,A1850_B1850,1,1850,1850,0.85,0.85,10.419,21.49
1785437651.8723333,A1850_B1850,1,1850,1850,0.85,0.85,10.364,21.36
1785437651.8904564,A1850_B1850,1,1850,1850,0.85,0.85,10.466,21.4
1785437651.91153,A1850_B1850,1,1850,1850,0.85,0.85,10.419,21.42
1785437651.9324853,A1850_B1850,1,1850,1850,0.85,0.85,10.404,21.46
1785437651.9543762,A1850_B1850,1,1850,1850,0.85,0.85,10.381,21.37
1785437651.9723635,A1850_B1850,1,1850,1850,0.85,0.85,10.415,21.61
1785437651.9908996,A1850_B1850,1,1850,1850,0.85,0.85,10.418,21.49
1785437652.0113633,A1850_B1850,1,1850,1850,0.85,0.85,10.507,21.49
1785437652.032356,A1850_B1850,1,1850,1850,0.85,0.85,10.374,21.38
1785437652.0533757,A1850_B1850,1,1850,1850,0.85,0.85,10.442,21.71
1785437652.0723395,A1850_B1850,1,1850,1850,0.85,0.85,10.378,21.39
1785437652.0903623,A1850_B1850,1,1850,1850,0.85,0.85,10.405,21.42
1785437652.1124582,A1850_B1850,1,1850,1850,0.85,0.85,10.363,21.35
1785437652.1313636,A1850_B1850,1,1850,1850,0.85,0.85,10.401,21.39
1785437652.1523857,A1850_B1850,1,1850,1850,0.85,0.85,10.438,21.68
1785437652.1715045,A1850_B1850,1,1850,1850,0.85,0.85,10.401,21.39
1785437652.191388,A1850_B1850,1,1850,1850,0.85,0.85,10.348,21.35
1785437652.2114017,A1850_B1850,1,1850,1850,0.85,0.85,10.34,21.29
1785437652.23037,A1850_B1850,1,1850,1850,0.85,0.85,10.434,21.53
1785437652.2543874,A1850_B1850,1,1850,1850,0.85,0.85,10.346,21.3
1785437652.272872,A1850_B1850,1,1850,1850,0.85,0.85,10.432,21.5
1785437652.2903733,A1850_B1850,1,1850,1850,0.85,0.85,10.341,21.31
1785437652.3113518,A1850_B1850,1,1850,1850,0.85,0.85,10.452,21.64
1785437652.332408,A1850_B1850,1,1850,1850,0.85,0.85,10.366,21.34
1785437652.352398,A1850_B1850,1,1850,1850,0.85,0.85,10.438,21.52
1785437652.3703513,A1850_B1850,1,1850,1850,0.85,0.85,10.37,21.58
1785437652.391359,A1850_B1850,1,1850,1850,0.85,0.85,10.445,21.51
1785437652.4109807,A1850_B1850,1,1850,1850,0.85,0.85,10.39,21.38
1785437652.4318426,A1850_B1850,1,1850,1850,0.85,0.85,10.36,21.29
1785437652.4526448,A1850_B1850,1,1850,1850,0.85,0.85,10.416,21.36
1785437652.4705927,A1850_B1850,1,1850,1850,0.85,0.85,10.459,21.55
1785437652.4914792,A1850_B1850,1,1850,1850,0.85,0.85,10.437,21.49
1785437652.5125058,A1850_B1850,1,1850,1850,0.85,0.85,10.443,21.38
1785437652.5304492,A1850_B1850,1,1850,1850,0.85,0.85,10.425,21.51
1785437652.5525422,A1850_B1850,1,1850,1850,0.85,0.85,10.338,21.32
1785437652.5704284,A1850_B1850,1,1850,1850,0.85,0.85,10.432,21.63
1785437652.591388,A1850_B1850,1,1850,1850,0.85,0.85,10.348,21.67
1785437652.6123667,A1850_B1850,1,1850,1850,0.85,0.85,10.386,21.4
1785437652.6305394,A1850_B1850,1,1850,1850,0.85,0.85,10.394,21.35
1785437652.6539195,A1850_B1850,1,1850,1850,0.85,0.85,10.373,21.36
1785437652.6716068,A1850_B1850,1,1850,1850,0.85,0.85,10.423,21.5
1785437652.692399,A1850_B1850,1,1850,1850,0.85,0.85,10.351,21.37
1785437652.7103703,A1850_B1850,1,1850,1850,0.85,0.85,10.427,21.58
1785437652.7324522,A1850_B1850,1,1850,1850,0.85,0.85,10.367,21.46
1785437652.7534137,A1850_B1850,1,1850,1850,0.85,0.85,10.431,21.37
1785437652.7716854,A1850_B1850,1,1850,1850,0.85,0.85,10.492,21.6
1785437652.7924318,A1850_B1850,1,1850,1850,0.85,0.85,10.397,21.57
1785437652.811364,A1850_B1850,1,1850,1850,0.85,0.85,10.422,21.17
1785437652.830364,A1850_B1850,1,1850,1850,0.85,0.85,10.389,21.47
1785437652.8543913,A1850_B1850,1,1850,1850,0.85,0.85,10.419,21.5
1785437652.8703785,A1850_B1850,1,1850,1850,0.85,0.85,10.389,21.4
1785437652.8913662,A1850_B1850,1,1850,1850,0.85,0.85,10.544,21.52
1785437652.9123785,A1850_B1850,1,1850,1850,0.85,0.85,10.388,21.37
1785437652.9303901,A1850_B1850,1,1850,1850,0.85,0.85,10.357,21.32
1785437652.9533777,A1850_B1850,1,1850,1850,0.85,0.85,10.432,21.47
1785437652.9724283,A1850_B1850,1,1850,1850,0.85,0.85,10.32,21.27
1785437652.9919503,A1850_B1850,1,1850,1850,0.85,0.85,10.434,21.52
1785437653.0127778,A1850_B1850,1,1850,1850,0.85,0.85,10.311,21.22
1785437653.03137,A1850_B1850,1,1850,1850,0.85,0.85,10.446,21.48
1785437653.0524378,A1850_B1850,1,1850,1850,0.85,0.85,10.38,21.33
1785437653.0708961,A1850_B1850,1,1850,1850,0.85,0.85,10.485,21.49
1785437653.0913882,A1850_B1850,1,1850,1850,0.85,0.85,10.424,21.52
1785437653.1103904,A1850_B1850,1,1850,1850,0.85,0.85,10.457,21.52
1785437653.132407,A1850_B1850,1,1850,1850,0.85,0.85,10.416,21.42
1785437653.1537857,A1850_B1850,1,1850,1850,0.85,0.85,10.461,21.51
1785437653.1715677,A1850_B1850,1,1850,1850,0.85,0.85,10.484,21.39
1785437653.192395,A1850_B1850,1,1850,1850,0.85,0.85,10.468,21.37
1785437653.2106745,A1850_B1850,1,1850,1850,0.85,0.85,10.413,21.28
1785437653.23148,A1850_B1850,1,1850,1850,0.85,0.85,10.436,21.33
1785437653.2527092,A1850_B1850,1,1850,1850,0.85,0.85,10.443,21.6
1785437653.2714298,A1850_B1850,1,1850,1850,0.85,0.85,10.506,21.35
1785437653.2924206,A1850_B1850,1,1850,1850,0.85,0.85,10.416,21.38
1785437653.3104095,A1850_B1850,1,1850,1850,0.85,0.85,10.368,21.42
1785437653.3303792,A1850_B1850,1,1850,1850,0.85,0.85,10.384,21.49
1785437653.3516498,A1850_B1850,1,1850,1850,0.85,0.85,10.439,21.39
1785437653.3723872,A1850_B1850,1,1850,1850,0.85,0.85,10.401,21.47
1785437653.3905277,A1850_B1850,1,1850,1850,0.85,0.85,10.388,21.33
1785437653.4128017,A1850_B1850,1,1850,1850,0.85,0.85,10.434,21.53
1785437653.430382,A1850_B1850,1,1850,1850,0.85,0.85,10.401,21.42
1785437653.4519155,A1850_B1850,1,1850,1850,0.85,0.85,10.375,21.27
1785437653.473042,A1850_B1850,1,1850,1850,0.85,0.85,10.462,21.2
1785437653.4915156,A1850_B1850,1,1850,1850,0.85,0.85,10.545,21.45
1785437653.5124292,A1850_B1850,1,1850,1850,0.85,0.85,10.402,21.43
1785437653.530415,A1850_B1850,1,1850,1850,0.85,0.85,10.438,21.38
1785437653.5544515,A1850_B1850,1,1850,1850,0.85,0.85,10.371,21.37
1785437653.5724537,A1850_B1850,1,1850,1850,0.85,0.85,10.53,21.54
1785437653.5905304,A1850_B1850,1,1850,1850,0.85,0.85,10.352,21.3
1785437653.6125844,A1850_B1850,1,1850,1850,0.85,0.85,10.436,21.53
1785437653.6305072,A1850_B1850,1,1850,1850,0.85,0.85,10.39,21.49
1785437653.6550648,A1850_B1850,1,1850,1850,0.85,0.85,10.577,21.47
1785437653.672504,A1850_B1850,1,1850,1850,0.85,0.85,10.395,21.43
1785437653.6916242,A1850_B1850,1,1850,1850,0.85,0.85,10.559,21.57
1785437653.7110193,A1850_B1850,1,1850,1850,0.85,0.85,10.438,21.45
1785437653.731436,A1850_B1850,1,1850,1850,0.85,0.85,10.386,21.37
1785437653.7534857,A1850_B1850,1,1850,1850,0.85,0.85,10.448,21.52
1785437653.7714167,A1850_B1850,1,1850,1850,0.85,0.85,10.37,21.33
1785437653.7904136,A1850_B1850,1,1850,1850,0.85,0.85,10.436,21.46
1785437653.8114862,A1850_B1850,1,1850,1850,0.85,0.85,10.422,21.45
1785437653.8304124,A1850_B1850,1,1850,1850,0.85,0.85,10.393,21.37
1785437653.853044,A1850_B1850,1,1850,1850,0.85,0.85,10.378,21.32
1785437653.870435,A1850_B1850,1,1850,1850,0.85,0.85,10.479,21.58
1785437653.8916242,A1850_B1850,1,1850,1850,0.85,0.85,10.401,21.35
1785437653.9126596,A1850_B1850,1,1850,1850,0.85,0.85,10.382,21.31
1785437653.9314163,A1850_B1850,1,1850,1850,0.85,0.85,10.436,21.51
1785437653.9525788,A1850_B1850,1,1850,1850,0.85,0.85,10.382,21.43
1785437653.970401,A1850_B1850,1,1850,1850,0.85,0.85,10.393,21.58
1785437653.991515,A1850_B1850,1,1850,1850,0.85,0.85,10.372,21.4
1785437654.0104046,A1850_B1850,1,1850,1850,0.85,0.85,10.385,21.42
1785437654.0314176,A1850_B1850,1,1850,1850,0.85,0.85,10.346,21.38
1785437654.0525525,A1850_B1850,1,1850,1850,0.85,0.85,10.373,21.36
1785437654.0704167,A1850_B1850,1,1850,1850,0.85,0.85,10.403,21.38
1785437654.0927653,A1850_B1850,1,1850,1850,0.85,0.85,10.378,21.66
1785437654.1114185,A1850_B1850,1,1850,1850,0.85,0.85,10.419,21.48
1785437654.132422,A1850_B1850,1,1850,1850,0.85,0.85,10.336,21.56
1785437654.1544397,A1850_B1850,1,1850,1850,0.85,0.85,10.437,21.55
1785437654.172604,A1850_B1850,1,1850,1850,0.85,0.85,10.476,21.58
1785437654.1904297,A1850_B1850,1,1850,1850,0.85,0.85,10.357,21.33
1785437654.2114618,A1850_B1850,1,1850,1850,0.85,0.85,10.524,21.6
1785437654.2324119,A1850_B1850,1,1850,1850,0.85,0.85,10.36,21.4
1785437654.253443,A1850_B1850,1,1850,1850,0.85,0.85,10.401,21.39
1785437654.2725744,A1850_B1850,1,1850,1850,0.85,0.85,10.327,21.3
1785437654.2905354,A1850_B1850,1,1850,1850,0.85,0.85,10.604,21.52
1785437654.3120444,A1850_B1850,1,1850,1850,0.85,0.85,10.52,21.65
1785437654.3324409,A1850_B1850,1,1850,1850,0.85,0.85,10.453,21.61
1785437654.3545003,A1850_B1850,1,1850,1850,0.85,0.85,10.375,21.42
1785437654.3706596,A1850_B1850,1,1850,1850,0.85,0.85,10.445,21.38
1785437654.3915067,A1850_B1850,1,1850,1850,0.85,0.85,10.39,21.51
1785437654.4104877,A1850_B1850,1,1850,1850,0.85,0.85,10.373,21.08
1785437654.431434,A1850_B1850,1,1850,1850,0.85,0.85,10.469,21.63
1785437654.4530427,A1850_B1850,1,1850,1850,0.85,0.85,10.374,21.35
1785437654.470613,A1850_B1850,1,1850,1850,0.85,0.85,10.45,21.68
1785437654.4916368,A1850_B1850,1,1850,1850,0.85,0.85,10.28,21.34
1785437654.5124826,A1850_B1850,1,1850,1850,0.85,0.85,10.478,21.66
1785437654.5307493,A1850_B1850,1,1850,1850,0.85,0.85,10.355,21.3
1785437654.5522892,A1850_B1850,1,1850,1850,0.85,0.85,10.379,21.33
1785437654.5726693,A1850_B1850,1,1850,1850,0.85,0.85,10.417,21.43
1785437654.5914652,A1850_B1850,1,1850,1850,0.85,0.85,10.338,21.3
1785437654.612451,A1850_B1850,1,1850,1850,0.85,0.85,10.393,21.44
1785437654.6311722,A1850_B1850,1,1850,1850,0.85,0.85,10.387,21.29
1785437654.6546626,A1850_B1850,1,1850,1850,0.85,0.85,10.425,21.39
1785437654.670792,A1850_B1850,1,1850,1850,0.85,0.85,10.552,21.36
1785437654.6905394,A1850_B1850,1,1850,1850,0.85,0.85,10.466,21.46
1785437654.7124615,A1850_B1850,1,1850,1850,0.85,0.85,10.362,21.42
1785437654.7305462,A1850_B1850,1,1850,1850,0.85,0.85,10.409,21.35
1785437654.7524679,A1850_B1850,1,1850,1850,0.85,0.85,10.366,21.36
1785437654.7714329,A1850_B1850,1,1850,1850,0.85,0.85,10.485,21.59
1785437654.7924283,A1850_B1850,1,1850,1850,0.85,0.85,10.357,21.38
1785437654.8114355,A1850_B1850,1,1850,1850,0.85,0.85,10.462,21.5
1785437654.8324344,A1850_B1850,1,1850,1850,0.85,0.85,10.486,21.3
1785437654.8536131,A1850_B1850,1,1850,1850,0.85,0.85,10.413,21.32
1785437654.8714347,A1850_B1850,1,1850,1850,0.85,0.85,10.374,21.29
1785437654.892433,A1850_B1850,1,1850,1850,0.85,0.85,10.455,21.4
1785437654.9105248,A1850_B1850,1,1850,1850,0.85,0.85,10.366,21.3
1785437654.9327621,A1850_B1850,1,1850,1850,0.85,0.85,10.411,21.51
1785437654.9537003,A1850_B1850,1,1850,1850,0.85,0.85,10.364,21.37
1785437654.9720402,A1850_B1850,1,1850,1850,0.85,0.85,10.526,21.57
1785437654.9924724,A1850_B1850,1,1850,1850,0.85,0.85,10.343,21.4
1785437655.011454,A1850_B1850,1,1850,1850,0.85,0.85,10.493,21.51
1785437655.0312557,A1850_B1850,1,1850,1850,0.85,0.85,10.372,21.36
1785437655.0547786,A1850_B1850,1,1850,1850,0.85,0.85,10.421,21.57
1785437655.0706158,A1850_B1850,1,1850,1850,0.85,0.85,10.386,21.33
1785437655.091606,A1850_B1850,1,1850,1850,0.85,0.85,10.44,21.61
1785437655.1124396,A1850_B1850,1,1850,1850,0.85,0.85,10.431,21.41
1785437655.1304412,A1850_B1850,1,1850,1850,0.85,0.85,10.366,21.34
1785437655.1544678,A1850_B1850,1,1850,1850,0.85,0.85,10.425,21.48
1785437655.1726444,A1850_B1850,1,1850,1850,0.85,0.85,10.367,21.32
1785437655.1904645,A1850_B1850,1,1850,1850,0.85,0.85,10.476,21.7
1785437655.2132456,A1850_B1850,1,1850,1850,0.85,0.85,10.356,21.38
1785437655.231472,A1850_B1850,1,1850,1850,0.85,0.85,10.552,21.59
1785437655.2525685,A1850_B1850,1,1850,1850,0.85,0.85,10.381,21.36
1785437655.2704878,A1850_B1850,1,1850,1850,0.85,0.85,10.529,21.55
1785437655.291481,A1850_B1850,1,1850,1850,0.85,0.85,10.363,21.33
1785437655.3104744,A1850_B1850,1,1850,1850,0.85,0.85,10.299,21.24
1785437655.3314533,A1850_B1850,1,1850,1850,0.85,0.85,10.398,21.43
1785437655.35259,A1850_B1850,1,1850,1850,0.85,0.85,10.328,21.26
1785437655.3706326,A1850_B1850,1,1850,1850,0.85,0.85,10.431,21.47
1785437655.3926623,A1850_B1850,1,1850,1850,0.85,0.85,10.358,21.36
1785437655.4104638,A1850_B1850,1,1850,1850,0.85,0.85,10.354,21.35
1785437655.4315104,A1850_B1850,1,1850,1850,0.85,0.85,10.438,21.42
1785437655.452537,A1850_B1850,1,1850,1850,0.85,0.85,10.359,21.3
1785437655.4715261,A1850_B1850,1,1850,1850,0.85,0.85,10.525,21.56
1785437655.4926775,A1850_B1850,1,1850,1850,0.85,0.85,10.47,21.4
1785437655.5109608,A1850_B1850,1,1850,1850,0.85,0.85,10.504,21.64
1785437655.531533,A1850_B1850,1,1850,1850,0.85,0.85,10.304,21.31
1785437655.5525637,A1850_B1850,1,1850,1850,0.85,0.85,10.438,21.24
1785437655.5708306,A1850_B1850,1,1850,1850,0.85,0.85,10.393,21.43
1785437655.5929596,A1850_B1850,1,1850,1850,0.85,0.85,10.393,21.35
1785437655.6106057,A1850_B1850,1,1850,1850,0.85,0.85,10.373,21.31
1785437655.6321642,A1850_B1850,1,1850,1850,0.85,0.85,10.421,21.56
1785437655.6525335,A1850_B1850,1,1850,1850,0.85,0.85,10.32,21.27
1785437655.6716335,A1850_B1850,1,1850,1850,0.85,0.85,10.466,21.54
1785437655.6925082,A1850_B1850,1,1850,1850,0.85,0.85,10.353,21.32
1785437655.7109272,A1850_B1850,1,1850,1850,0.85,0.85,10.437,21.37
1785437655.7314727,A1850_B1850,1,1850,1850,0.85,0.85,10.452,21.34
1785437655.7541027,A1850_B1850,1,1850,1850,0.85,0.85,10.419,21.43
1785437655.77002,A1850_B1850,1,1850,1850,0.85,0.85,10.395,21.35
1785437655.790586,A1850_B1850,1,1850,1850,0.85,0.85,10.412,21.41
1785437655.8115659,A1850_B1850,1,1850,1850,0.85,0.85,10.438,21.48
1785437655.8325038,A1850_B1850,1,1850,1850,0.85,0.85,10.435,21.49
1785437655.8535838,A1850_B1850,1,1850,1850,0.85,0.85,10.423,21.39
1785437655.872465,A1850_B1850,1,1850,1850,0.85,0.85,10.435,21.62
1785437655.8904626,A1850_B1850,1,1850,1850,0.85,0.85,10.393,21.36
1785437655.9115164,A1850_B1850,1,1850,1850,0.85,0.85,10.479,21.37
1785437655.9325166,A1850_B1850,1,1850,1850,0.85,0.85,10.404,21.18
1785437655.9535496,A1850_B1850,1,1850,1850,0.85,0.85,10.36,21.34
1785437655.9715774,A1850_B1850,1,1850,1850,0.85,0.85,10.355,21.37
1785437655.9904668,A1850_B1850,1,1850,1850,0.85,0.85,10.369,21.49
1785437656.0115044,A1850_B1850,1,1850,1850,0.85,0.85,10.404,21.49
1785437656.0324662,A1850_B1850,1,1850,1850,0.85,0.85,10.407,21.45
1785437656.0535233,A1850_B1850,1,1850,1850,0.85,0.85,10.419,21.5
1785437656.0714798,A1850_B1850,1,1850,1850,0.85,0.85,10.338,21.46
1785437656.0924697,A1850_B1850,1,1850,1850,0.85,0.85,10.35,21.35
1785437656.111476,A1850_B1850,1,1850,1850,0.85,0.85,10.332,21.27
1785437656.132512,A1850_B1850,1,1850,1850,0.85,0.85,10.379,21.42
1785437656.1535134,A1850_B1850,1,1850,1850,0.85,0.85,10.352,21.33
1785437656.1716523,A1850_B1850,1,1850,1850,0.85,0.85,10.517,21.77
1785437656.1905951,A1850_B1850,1,1850,1850,0.85,0.85,10.369,21.32
1785437656.211595,A1850_B1850,1,1850,1850,0.85,0.85,10.483,21.61
1785437656.2332544,A1850_B1850,1,1850,1850,0.85,0.85,10.336,21.33
1785437656.253542,A1850_B1850,1,1850,1850,0.85,0.85,10.432,21.55
1785437656.2726028,A1850_B1850,1,1850,1850,0.85,0.85,10.38,21.38
1785437656.290497,A1850_B1850,1,1850,1850,0.85,0.85,10.392,21.29
1785437656.3122218,A1850_B1850,1,1850,1850,0.85,0.85,10.455,21.47
1785437656.3324835,A1850_B1850,1,1850,1850,0.85,0.85,10.392,21.31
1785437656.354606,A1850_B1850,1,1850,1850,0.85,0.85,10.416,21.41
1785437656.3710406,A1850_B1850,1,1850,1850,0.85,0.85,10.415,21.63
1785437656.3915138,A1850_B1850,1,1850,1850,0.85,0.85,10.392,21.42
1785437656.4125004,A1850_B1850,1,1850,1850,0.85,0.85,10.365,21.29
1785437656.4305642,A1850_B1850,1,1850,1850,0.85,0.85,10.371,21.33
1785437656.4545336,A1850_B1850,1,1850,1850,0.85,0.85,10.383,21.34
1785437656.470326,A1850_B1850,1,1850,1850,0.85,0.85,10.389,21.49
1785437656.492492,A1850_B1850,1,1850,1850,0.85,0.85,10.372,21.32
1785437656.5104861,A1850_B1850,1,1850,1850,0.85,0.85,10.414,21.53
1785437656.5315037,A1850_B1850,1,1850,1850,0.85,0.85,10.384,21.34
1785437656.5525248,A1850_B1850,1,1850,1850,0.85,0.85,10.354,21.4
1785437656.5715475,A1850_B1850,1,1850,1850,0.85,0.85,10.398,21.33
1785437656.5915241,A1850_B1850,1,1850,1850,0.85,0.85,10.471,21.4
1785437656.612544,A1850_B1850,1,1850,1850,0.85,0.85,10.349,21.38
1785437656.6305811,A1850_B1850,1,1850,1850,0.85,0.85,10.468,21.21
1785437656.6550329,A1850_B1850,1,1850,1850,0.85,0.85,10.446,21.46
1785437656.6726027,A1850_B1850,1,1850,1850,0.85,0.85,10.426,21.25
1785437656.6925833,A1850_B1850,1,1850,1850,0.85,0.85,10.409,21.55
1785437656.7109027,A1850_B1850,1,1850,1850,0.85,0.85,10.484,21.68
1785437656.7326486,A1850_B1850,1,1850,1850,0.85,0.85,10.335,21.38
1785437656.7545705,A1850_B1850,1,1850,1850,0.85,0.85,10.403,21.35
1785437656.771494,A1850_B1850,1,1850,1850,0.85,0.85,10.364,21.34
1785437656.7924943,A1850_B1850,1,1850,1850,0.85,0.85,10.386,21.4
1785437656.811499,A1850_B1850,1,1850,1850,0.85,0.85,10.46,21.25
1785437656.8304982,A1850_B1850,1,1850,1850,0.85,0.85,10.316,21.25
1785437656.8550377,A1850_B1850,1,1850,1850,0.85,0.85,10.431,21.43
1785437656.8724997,A1850_B1850,1,1850,1850,0.85,0.85,10.36,21.37
1785437656.8904972,A1850_B1850,1,1850,1850,0.85,0.85,10.372,21.73
1785437656.912789,A1850_B1850,1,1850,1850,0.85,0.85,10.383,21.28
1785437656.930533,A1850_B1850,1,1850,1850,0.85,0.85,10.394,21.28
1785437656.9555137,A1850_B1850,1,1850,1850,0.85,0.85,10.417,21.43
1785437656.9718769,A1850_B1850,1,1850,1850,0.85,0.85,10.426,21.65
1785437656.9925568,A1850_B1850,1,1850,1850,0.85,0.85,10.41,21.47
1785437657.0114992,A1850_B1850,1,1850,1850,0.85,0.85,10.372,21.37
1785437657.0312233,A1850_B1850,1,1850,1850,0.85,0.85,10.365,21.45
1785437657.0546172,A1850_B1850,1,1850,1850,0.85,0.85,10.356,21.32
1785437657.070502,A1850_B1850,1,1850,1850,0.85,0.85,10.434,21.39
1785437657.0900805,A1850_B1850,1,1850,1850,0.85,0.85,10.382,21.37
1785437657.110553,A1850_B1850,1,1850,1850,0.85,0.85,10.368,21.32
1785437657.131507,A1850_B1850,1,1850,1850,0.85,0.85,10.387,21.23
1785437657.1529863,A1850_B1850,1,1850,1850,0.85,0.85,10.341,21.31
1785437657.1706877,A1850_B1850,1,1850,1850,0.85,0.85,10.461,21.51
1785437657.1915798,A1850_B1850,1,1850,1850,0.85,0.85,10.401,21.36
1785437657.2125316,A1850_B1850,1,1850,1850,0.85,0.85,10.367,21.47
1785437657.2315178,A1850_B1850,1,1850,1850,0.85,0.85,10.446,21.39
1785437657.2527483,A1850_B1850,1,1850,1850,0.85,0.85,10.394,21.39
1785437657.2705963,A1850_B1850,1,1850,1850,0.85,0.85,10.353,21.3
1785437657.2917473,A1850_B1850,1,1850,1850,0.85,0.85,10.4,21.2
1785437657.3105795,A1850_B1850,1,1850,1850,0.85,0.85,10.359,21.36
1785437657.3315508,A1850_B1850,1,1850,1850,0.85,0.85,10.359,21.46
1785437657.3528738,A1850_B1850,1,1850,1850,0.85,0.85,10.528,21.24
1785437657.3705142,A1850_B1850,1,1850,1850,0.85,0.85,10.427,21.58
1785437657.3915107,A1850_B1850,1,1850,1850,0.85,0.85,10.571,21.33
1785437657.413102,A1850_B1850,1,1850,1850,0.85,0.85,10.391,21.43
1785437657.4315295,A1850_B1850,1,1850,1850,0.85,0.85,10.403,21.29
1785437657.4525347,A1850_B1850,1,1850,1850,0.85,0.85,10.515,21.74
1785437657.4705784,A1850_B1850,1,1850,1850,0.85,0.85,10.339,21.34
1785437657.4915183,A1850_B1850,1,1850,1850,0.85,0.85,10.374,21.39
1785437657.5106459,A1850_B1850,1,1850,1850,0.85,0.85,10.372,21.39
1785437657.5316374,A1850_B1850,1,1850,1850,0.85,0.85,10.348,21.27
1785437657.5530844,A1850_B1850,1,1850,1850,0.85,0.85,10.401,21.26
1785437657.5705473,A1850_B1850,1,1850,1850,0.85,0.85,10.332,21.28
1785437657.5925481,A1850_B1850,1,1850,1850,0.85,0.85,10.406,21.5
1785437657.610872,A1850_B1850,1,1850,1850,0.85,0.85,10.338,21.3
1785437657.6322196,A1850_B1850,1,1850,1850,0.85,0.85,10.469,21.35
1785437657.6525905,A1850_B1850,1,1850,1850,0.85,0.85,10.332,21.29
1785437657.6705647,A1850_B1850,1,1850,1850,0.85,0.85,10.535,21.82
1785437657.6915863,A1850_B1850,1,1850,1850,0.85,0.85,10.344,21.36
1785437657.7111976,A1850_B1850,1,1850,1850,0.85,0.85,10.454,21.21
1785437657.7326148,A1850_B1850,1,1850,1850,0.85,0.85,10.431,21.4
1785437657.7535977,A1850_B1850,1,1850,1850,0.85,0.85,10.298,21.17
1785437657.7717226,A1850_B1850,1,1850,1850,0.85,0.85,10.434,21.52
1785437657.7905674,A1850_B1850,1,1850,1850,0.85,0.85,10.315,21.29
1785437657.812824,A1850_B1850,1,1850,1850,0.85,0.85,10.437,21.58
1785437657.8305337,A1850_B1850,1,1850,1850,0.85,0.85,10.352,21.31
1785437657.8524857,A1850_B1850,1,1850,1850,0.85,0.85,10.422,21.55
1785437657.8705297,A1850_B1850,1,1850,1850,0.85,0.85,10.335,21.39
1785437657.8915281,A1850_B1850,1,1850,1850,0.85,0.85,10.372,21.38
1785437657.9125693,A1850_B1850,1,1850,1850,0.85,0.85,10.356,21.34
1785437657.930968,A1850_B1850,1,1850,1850,0.85,0.85,10.38,21.25
1785437657.9535875,A1850_B1850,1,1850,1850,0.85,0.85,10.382,21.28
1785437657.9715319,A1850_B1850,1,1850,1850,0.85,0.85,10.533,21.46
1785437657.992533,A1850_B1850,1,1850,1850,0.85,0.85,10.473,21.51
1785437658.010807,A1850_B1850,1,1850,1850,0.85,0.85,10.362,21.25
1785437658.032542,A1850_B1850,1,1850,1850,0.85,0.85,10.413,21.39
1785437658.0537992,A1850_B1850,1,1850,1850,0.85,0.85,10.462,21.34
1785437658.0715535,A1850_B1850,1,1850,1850,0.85,0.85,10.414,21.43
1785437658.0925345,A1850_B1850,1,1850,1850,0.85,0.85,10.392,21.38
1785437658.1116154,A1850_B1850,1,1850,1850,0.85,0.85,10.388,21.4
1785437658.1326454,A1850_B1850,1,1850,1850,0.85,0.85,10.328,21.68
1785437658.1535728,A1850_B1850,1,1850,1850,0.85,0.85,10.442,21.55
1785437658.171714,A1850_B1850,1,1850,1850,0.85,0.85,10.45,21.53
1785437658.1925657,A1850_B1850,1,1850,1850,0.85,0.85,10.367,21.3
1785437658.2105567,A1850_B1850,1,1850,1850,0.85,0.85,10.492,21.3
1785437658.2328727,A1850_B1850,1,1850,1850,0.85,0.85,10.479,21.35
1785437658.253962,A1850_B1850,1,1850,1850,0.85,0.85,10.31,21.38
1785437658.2718008,A1850_B1850,1,1850,1850,0.85,0.85,10.478,21.18
1785437658.292632,A1850_B1850,1,1850,1850,0.85,0.85,10.368,21.25
1785437658.3120916,A1850_B1850,1,1850,1850,0.85,0.85,10.375,21.38
1785437658.332598,A1850_B1850,1,1850,1850,0.85,0.85,10.425,21.31
1785437658.3541093,A1850_B1850,1,1850,1850,0.85,0.85,10.323,21.23
1785437658.3715425,A1850_B1850,1,1850,1850,0.85,0.85,10.413,21.41
1785437658.3908334,A1850_B1850,1,1850,1850,0.85,0.85,10.441,21.62
1785437658.4115696,A1850_B1850,1,1850,1850,0.85,0.85,10.432,21.5
1785437658.4310887,A1850_B1850,1,1850,1850,0.85,0.85,10.369,21.25
1785437658.4545884,A1850_B1850,1,1850,1850,0.85,0.85,10.401,21.44
1785437658.470301,A1850_B1850,1,1850,1850,0.85,0.85,10.342,21.16
1785437658.490555,A1850_B1850,1,1850,1850,0.85,0.85,10.369,21.4
1785437658.5116024,A1850_B1850,1,1850,1850,0.85,0.85,10.377,21.27
1785437658.5305734,A1850_B1850,1,1850,1850,0.85,0.85,10.367,21.46
1785437658.5523021,A1850_B1850,1,1850,1850,0.85,0.85,10.419,21.26
1785437658.572553,A1850_B1850,1,1850,1850,0.85,0.85,10.432,21.44
1785437658.5906715,A1850_B1850,1,1850,1850,0.85,0.85,10.385,21.22
1785437658.6117663,A1850_B1850,1,1850,1850,0.85,0.85,10.412,21.3
1785437658.6305616,A1850_B1850,1,1850,1850,0.85,0.85,10.346,21.26
1785437658.6547184,A1850_B1850,1,1850,1850,0.85,0.85,10.563,21.43
1785437658.6726277,A1850_B1850,1,1850,1850,0.85,0.85,10.344,21.3
1785437658.6906474,A1850_B1850,1,1850,1850,0.85,0.85,10.373,21.37
1785437658.712636,A1850_B1850,1,1850,1850,0.85,0.85,10.292,21.58
1785437658.7305965,A1850_B1850,1,1850,1850,0.85,0.85,10.386,21.27
1785437658.7546217,A1850_B1850,1,1850,1850,0.85,0.85,10.349,21.4
1785437658.7726474,A1850_B1850,1,1850,1850,0.85,0.85,10.378,21.41
1785437658.790655,A1850_B1850,1,1850,1850,0.85,0.85,10.226,21.1
1785437658.8117821,A1850_B1850,1,1850,1850,0.85,0.85,10.335,21.31
1785437658.8306155,A1850_B1850,1,1850,1850,0.85,0.85,10.403,21.43
1785437658.8518057,A1850_B1850,1,1850,1850,0.85,0.85,10.311,21.23
1785437658.8732653,A1850_B1850,1,1850,1850,0.85,0.85,10.481,21.48
1785437658.8905923,A1850_B1850,1,1850,1850,0.85,0.85,10.364,21.32
1785437658.9127603,A1850_B1850,1,1850,1850,0.85,0.85,10.326,21.22
1785437658.9305696,A1850_B1850,1,1850,1850,0.85,0.85,10.359,21.26
1785437658.9551165,A1850_B1850,1,1850,1850,0.85,0.85,10.334,21.26
1785437658.972565,A1850_B1850,1,1850,1850,0.85,0.85,10.433,21.35
1785437658.991632,A1850_B1850,1,1850,1850,0.85,0.85,10.31,21.24
1785437659.0110905,A1850_B1850,1,1850,1850,0.85,0.85,10.45,21.56
1785437659.0316422,A1850_B1850,1,1850,1850,0.85,0.85,10.325,21.22
1785437659.052609,A1850_B1850,1,1850,1850,0.85,0.85,10.371,21.24
1785437659.0710576,A1850_B1850,1,1850,1850,0.85,0.85,10.347,21.3
1785437659.091567,A1850_B1850,1,1850,1850,0.85,0.85,10.417,21.39
1785437659.1103501,A1850_B1850,1,1850,1850,0.85,0.85,10.349,21.26
1785437659.1306047,A1850_B1850,1,1850,1850,0.85,0.85,10.455,21.3
1785437659.153791,A1850_B1850,1,1850,1850,0.85,0.85,10.416,21.28
1785437659.1726303,A1850_B1850,1,1850,1850,0.85,0.85,10.47,21.3
1785437659.1906884,A1850_B1850,1,1850,1850,0.85,0.85,10.41,21.24
1785437659.2116013,A1850_B1850,1,1850,1850,0.85,0.85,10.375,21.28
1785437659.2326217,A1850_B1850,1,1850,1850,0.85,0.85,10.415,21.35
1785437659.253808,A1850_B1850,1,1850,1850,0.85,0.85,10.374,21.3
1785437659.2718446,A1850_B1850,1,1850,1850,0.85,0.85,10.371,21.31
1785437659.290668,A1850_B1850,1,1850,1850,0.85,0.85,10.407,21.44
1785437659.311609,A1850_B1850,1,1850,1850,0.85,0.85,10.385,21.36
1785437659.332718,A1850_B1850,1,1850,1850,0.85,0.85,10.401,21.35
1785437659.3537848,A1850_B1850,1,1850,1850,0.85,0.85,10.424,21.51
1785437659.3715935,A1850_B1850,1,1850,1850,0.85,0.85,10.383,21.13
1785437659.3927398,A1850_B1850,1,1850,1850,0.85,0.85,10.342,21.2
1785437659.4115734,A1850_B1850,1,1850,1850,0.85,0.85,10.358,21.2
1785437659.4325767,A1850_B1850,1,1850,1850,0.85,0.85,10.34,21.27
1785437659.4537404,A1850_B1850,1,1850,1850,0.85,0.85,10.434,21.53
1785437659.4716532,A1850_B1850,1,1850,1850,0.85,0.85,10.372,21.25
1785437659.4906993,A1850_B1850,1,1850,1850,0.85,0.85,10.316,21.19
1785437659.5116,A1850_B1850,1,1850,1850,0.85,0.85,10.41,21.46
1785437659.5309677,A1850_B1850,1,1850,1850,0.85,0.85,10.459,21.61
1785437659.5530393,A1850_B1850,1,1850,1850,0.85,0.85,10.348,21.31
1785437659.570747,A1850_B1850,1,1850,1850,0.85,0.85,10.397,21.45
1785437659.5916116,A1850_B1850,1,1850,1850,0.85,0.85,10.333,21.24
1785437659.6126256,A1850_B1850,1,1850,1850,0.85,0.85,10.419,21.49
1785437659.631905,A1850_B1850,1,1850,1850,0.85,0.85,10.334,21.28
1785437659.652738,A1850_B1850,1,1850,1850,0.85,0.85,10.497,21.54
1785437659.671363,A1850_B1850,1,1850,1850,0.85,0.85,10.374,21.37
1785437659.691839,A1850_B1850,1,1850,1850,0.85,0.85,10.509,21.47
1785437659.7126586,A1850_B1850,1,1850,1850,0.85,0.85,10.375,21.22
1785437659.7306967,A1850_B1850,1,1850,1850,0.85,0.85,10.371,21.63
1785437659.7549496,A1850_B1850,1,1850,1850,0.85,0.85,10.409,21.44
1785437659.7705336,A1850_B1850,1,1850,1850,0.85,0.85,10.452,21.2
1785437659.7917366,A1850_B1850,1,1850,1850,0.85,0.85,10.339,21.23
1785437659.8126543,A1850_B1850,1,1850,1850,0.85,0.85,10.331,21.36
1785437659.8307133,A1850_B1850,1,1850,1850,0.85,0.85,10.344,21.27
1785437659.8527155,A1850_B1850,1,1850,1850,0.85,0.85,10.363,21.27
1785437659.8723152,A1850_B1850,1,1850,1850,0.85,0.85,10.371,21.38
1785437659.8926346,A1850_B1850,1,1850,1850,0.85,0.85,10.34,21.25
1785437659.9117203,A1850_B1850,1,1850,1850,0.85,0.85,10.332,21.36
1785437659.9306285,A1850_B1850,1,1850,1850,0.85,0.85,10.398,21.33
1785437659.9548352,A1850_B1850,1,1850,1850,0.85,0.85,10.351,21.2
1785437659.9726083,A1850_B1850,1,1850,1850,0.85,0.85,10.452,21.46
1785437659.99062,A1850_B1850,1,1850,1850,0.85,0.85,10.313,21.26
1785437660.0125988,A1850_B1850,1,1850,1850,0.85,0.85,10.421,21.38
1785437660.0305994,A1850_B1850,1,1850,1850,0.85,0.85,10.466,21.08
1785437660.0517807,A1850_B1850,1,1850,1850,0.85,0.85,10.299,21.56
1785437660.0730274,A1850_B1850,1,1850,1850,0.85,0.85,10.372,21.45
1785437660.0922887,A1850_B1850,1,1850,1850,0.85,0.85,10.383,21.44
1785437660.112728,A1850_B1850,1,1850,1850,0.85,0.85,10.361,21.25
1785437660.1309752,A1850_B1850,1,1850,1850,0.85,0.85,10.351,21.35
1785437660.1547863,A1850_B1850,1,1850,1850,0.85,0.85,10.382,21.39
1785437660.172647,A1850_B1850,1,1850,1850,0.85,0.85,10.463,21.36
1785437660.1909919,A1850_B1850,1,1850,1850,0.85,0.85,10.358,21.32
1785437660.213103,A1850_B1850,1,1850,1850,0.85,0.85,10.41,21.29
1785437660.2306054,A1850_B1850,1,1850,1850,0.85,0.85,10.349,21.26
1785437660.2554276,A1850_B1850,1,1850,1850,0.85,0.85,10.371,21.4
1785437660.2727444,A1850_B1850,1,1850,1850,0.85,0.85,10.377,21.39
1785437660.2927184,A1850_B1850,1,1850,1850,0.85,0.85,10.356,21.27
1785437660.3116305,A1850_B1850,1,1850,1850,0.85,0.85,10.358,21.38
1785437660.3312705,A1850_B1850,1,1850,1850,0.85,0.85,10.314,21.24
1785437660.3546715,A1850_B1850,1,1850,1850,0.85,0.85,10.394,21.51
1785437660.3713017,A1850_B1850,1,1850,1850,0.85,0.85,10.331,21.23
1785437660.3916433,A1850_B1850,1,1850,1850,0.85,0.85,10.491,21.5
1785437660.411176,A1850_B1850,1,1850,1850,0.85,0.85,10.326,21.29
1785437660.4317412,A1850_B1850,1,1850,1850,0.85,0.85,10.386,21.42
1785437660.4531868,A1850_B1850,1,1850,1850,0.85,0.85,10.292,20.95
1785437660.4706469,A1850_B1850,1,1850,1850,0.85,0.85,10.453,21.36
1785437660.492712,A1850_B1850,1,1850,1850,0.85,0.85,10.358,21.35
1785437660.5106425,A1850_B1850,1,1850,1850,0.85,0.85,10.472,21.23
1785437660.5316737,A1850_B1850,1,1850,1850,0.85,0.85,10.319,21.56
1785437660.5526738,A1850_B1850,1,1850,1850,0.85,0.85,10.566,21.29
1785437660.570629,A1850_B1850,1,1850,1850,0.85,0.85,10.37,21.3
1785437660.5918825,A1850_B1850,1,1850,1850,0.85,0.85,10.449,21.68
1785437660.6106575,A1850_B1850,1,1850,1850,0.85,0.85,10.45,21.51
1785437660.6316178,A1850_B1850,1,1850,1850,0.85,0.85,10.36,21.25
1785437660.652713,A1850_B1850,1,1850,1850,0.85,0.85,10.351,21.42
1785437660.6730614,A1850_B1850,1,1850,1850,0.85,0.85,10.379,21.34
1785437660.6907182,A1850_B1850,1,1850,1850,0.85,0.85,10.462,21.45
1785437660.7117796,A1850_B1850,1,1850,1850,0.85,0.85,10.3,21.61
1785437660.7328935,A1850_B1850,1,1850,1850,0.85,0.85,10.3,21.53
1785437660.754726,A1850_B1850,1,1850,1850,0.85,0.85,10.517,21.29
1785437660.7729077,A1850_B1850,1,1850,1850,0.85,0.85,10.393,21.21
1785437660.7906525,A1850_B1850,1,1850,1850,0.85,0.85,10.433,21.43
1785437660.8116565,A1850_B1850,1,1850,1850,0.85,0.85,10.382,21.31
1785437660.830665,A1850_B1850,1,1850,1850,0.85,0.85,10.386,21.36
1785437660.853339,A1850_B1850,1,1850,1850,0.85,0.85,10.352,21.29
1785437660.87066,A1850_B1850,1,1850,1850,0.85,0.85,10.367,21.36
1785437660.8930836,A1850_B1850,1,1850,1850,0.85,0.85,10.384,21.37
1785437660.910754,A1850_B1850,1,1850,1850,0.85,0.85,10.414,21.45
1785437660.932272,A1850_B1850,1,1850,1850,0.85,0.85,10.376,21.38
1785437660.9526865,A1850_B1850,1,1850,1850,0.85,0.85,10.405,21.47
1785437660.9716873,A1850_B1850,1,1850,1850,0.85,0.85,10.376,21.39
1785437660.9912493,A1850_B1850,1,1850,1850,0.85,0.85,10.351,21.31
1785437661.0116477,A1850_B1850,1,1850,1850,0.85,0.85,10.359,21.16
1785437661.0307221,A1850_B1850,1,1850,1850,0.85,0.85,10.357,21.27
1785437661.0553634,A1850_B1850,1,1850,1850,0.85,0.85,10.439,21.31
1785437661.0707207,A1850_B1850,1,1850,1850,0.85,0.85,10.391,21.33
1785437661.091683,A1850_B1850,1,1850,1850,0.85,0.85,10.364,21.34
1785437661.1106594,A1850_B1850,1,1850,1850,0.85,0.85,10.312,21.17
1785437661.1302598,A1850_B1850,1,1850,1850,0.85,0.85,10.363,21.34
1785437661.1536758,A1850_B1850,1,1850,1850,0.85,0.85,10.32,21.19
1785437661.171822,A1850_B1850,1,1850,1850,0.85,0.85,10.484,21.59
1785437661.192815,A1850_B1850,1,1850,1850,0.85,0.85,10.347,21.28
1785437661.2116556,A1850_B1850,1,1850,1850,0.85,0.85,10.427,21.59
1785437661.2326405,A1850_B1850,1,1850,1850,0.85,0.85,10.37,21.42
1785437661.253772,A1850_B1850,1,1850,1850,0.85,0.85,10.511,21.55
1785437661.270643,A1850_B1850,1,1850,1850,0.85,0.85,10.264,21.06
1785437661.2926602,A1850_B1850,1,1850,1850,0.85,0.85,10.488,21.26
1785437661.3116515,A1850_B1850,1,1850,1850,0.85,0.85,10.376,21.36
1785437661.332649,A1850_B1850,1,1850,1850,0.85,0.85,10.319,21.24
1785437661.3536615,A1850_B1850,1,1850,1850,0.85,0.85,10.432,21.27
1785437661.3716795,A1850_B1850,1,1850,1850,0.85,0.85,10.319,21.2
1785437661.3926618,A1850_B1850,1,1850,1850,0.85,0.85,10.419,21.42
1785437661.4116602,A1850_B1850,1,1850,1850,0.85,0.85,10.266,21.34
1785437661.4327374,A1850_B1850,1,1850,1850,0.85,0.85,10.424,21.35
1785437661.453662,A1850_B1850,1,1850,1850,0.85,0.85,10.366,21.31
1785437661.4717143,A1850_B1850,1,1850,1850,0.85,0.85,10.376,21.42
1785437661.4907045,A1850_B1850,1,1850,1850,0.85,0.85,10.391,21.34
1785437661.5116935,A1850_B1850,1,1850,1850,0.85,0.85,10.438,21.37
1785437661.530653,A1850_B1850,1,1850,1850,0.85,0.85,10.394,21.51
1785437661.552775,A1850_B1850,1,1850,1850,0.85,0.85,10.436,21.21
1785437661.5707896,A1850_B1850,1,1850,1850,0.85,0.85,10.411,21.26
1785437661.5921721,A1850_B1850,1,1850,1850,0.85,0.85,10.363,21.22
1785437661.6126494,A1850_B1850,1,1850,1850,0.85,0.85,10.413,21.41
1785437661.6306498,A1850_B1850,1,1850,1850,0.85,0.85,10.31,21.33
1785437661.6546884,A1850_B1850,1,1850,1850,0.85,0.85,10.392,21.41
1785437661.6712065,A1850_B1850,1,1850,1850,0.85,0.85,10.401,21.4
1785437661.6916695,A1850_B1850,1,1850,1850,0.85,0.85,10.277,21.41
1785437661.712668,A1850_B1850,1,1850,1850,0.85,0.85,10.417,21.24
1785437661.7307494,A1850_B1850,1,1850,1850,0.85,0.85,10.353,21.26
1785437661.7547507,A1850_B1850,1,1850,1850,0.85,0.85,10.415,21.31
1785437661.770262,A1850_B1850,1,1850,1850,0.85,0.85,10.402,20.97
1785437661.790736,A1850_B1850,1,1850,1850,0.85,0.85,10.326,21.24
1785437661.8127089,A1850_B1850,1,1850,1850,0.85,0.85,10.332,21.29
1785437661.8309734,A1850_B1850,1,1850,1850,0.85,0.85,10.348,21.35
1785437661.8521366,A1850_B1850,1,1850,1850,0.85,0.85,10.357,21.35
1785437661.872693,A1850_B1850,1,1850,1850,0.85,0.85,10.39,21.35
1785437661.8906982,A1850_B1850,1,1850,1850,0.85,0.85,10.311,21.17
1785437661.912054,A1850_B1850,1,1850,1850,0.85,0.85,10.401,21.48
1785437661.9308543,A1850_B1850,1,1850,1850,0.85,0.85,10.509,21.26
1785437661.954738,A1850_B1850,1,1850,1850,0.85,0.85,10.491,21.46
1785437661.970291,A1850_B1850,1,1850,1850,0.85,0.85,10.323,21.19
1785437661.9907901,A1850_B1850,1,1850,1850,0.85,0.85,10.476,21.24
1785437662.0127337,A1850_B1850,1,1850,1850,0.85,0.85,10.38,21.37
1785437662.0307348,A1850_B1850,1,1850,1850,0.85,0.85,10.405,21.4
1785437662.0547009,A1850_B1850,1,1850,1850,0.85,0.85,10.25,21.0
1785437662.0727038,A1850_B1850,1,1850,1850,0.85,0.85,10.391,21.13
1785437662.091696,A1850_B1850,1,1850,1850,0.85,0.85,10.303,21.54
1785437662.1127222,A1850_B1850,1,1850,1850,0.85,0.85,10.322,21.24
1785437662.130667,A1850_B1850,1,1850,1850,0.85,0.85,10.401,21.36
1785437662.15478,ramp_down,1,1744,1744,0.744,0.744,10.346,21.29
1785437662.1728208,ramp_down,1,1744,1744,0.744,0.744,10.409,21.32
1785437662.193195,ramp_down,1,1744,1744,0.744,0.744,10.571,15.7
1785437662.2111242,ramp_down,1,1638,1638,0.638,0.638,10.618,11.49
1785437662.23174,ramp_down,1,1638,1638,0.638,0.638,10.662,9.81
1785437662.2528703,ramp_down,1,1638,1638,0.638,0.638,10.767,7.93
1785437662.2719903,ramp_down,1,1531,1531,0.531,0.531,10.66,8.22
1785437662.2927117,ramp_down,1,1531,1531,0.531,0.531,10.644,7.24
1785437662.311454,ramp_down,1,1425,1425,0.425,0.425,10.72,6.3
1785437662.331788,ramp_down,1,1425,1425,0.425,0.425,10.618,6.49
1785437662.354062,ramp_down,1,1425,1425,0.425,0.425,10.727,5.31
1785437662.3717165,ramp_down,1,1319,1319,0.319,0.319,10.701,4.41
1785437662.3927104,ramp_down,1,1319,1319,0.319,0.319,10.721,3.29
1785437662.4107313,ramp_down,1,1319,1319,0.319,0.319,10.771,2.5
1785437662.431735,ramp_down,1,1212,1212,0.212,0.212,10.777,2.36
1785437662.4532185,ramp_down,1,1212,1212,0.212,0.212,10.767,1.7
1785437662.4711714,ramp_down,1,1106,1106,0.106,0.106,10.779,0.89
1785437662.4918213,ramp_down,1,1106,1106,0.106,0.106,10.737,0.83
1785437662.5129256,ramp_down,1,1106,1106,0.106,0.106,10.771,0.3
1785437662.5317066,ramp_down,1,1000,1000,0.0,0.0,10.772,0.0
1785437662.5527902,ramp_down,1,1000,1000,0.0,0.0,10.813,0.0
1785437662.570701,ramp_down,1,1000,1000,0.0,0.0,10.805,0.0
1785437662.5917668,idle_post,0,1000,1000,0.0,0.0,10.807,0.0
1785437662.612716,idle_post,0,1000,1000,0.0,0.0,10.811,0.0
1785437662.6306965,idle_post,0,1000,1000,0.0,0.0,10.813,0.0
1785437662.6527224,idle_post,0,1000,1000,0.0,0.0,10.812,0.0
1785437662.6707401,idle_post,0,1000,1000,0.0,0.0,10.822,0.0
1785437662.692709,idle_post,0,1000,1000,0.0,0.0,10.816,0.0
1785437662.7116964,idle_post,0,1000,1000,0.0,0.0,10.816,0.0
1785437662.7326884,idle_post,0,1000,1000,0.0,0.0,10.775,0.0
1785437662.754728,idle_post,0,1000,1000,0.0,0.0,10.815,0.0
1785437662.7706883,idle_post,0,1000,1000,0.0,0.0,10.818,0.0
1785437662.791712,idle_post,0,1000,1000,0.0,0.0,10.816,0.0
1785437662.8107805,idle_post,0,1000,1000,0.0,0.0,10.83,0.0
1785437662.831735,idle_post,0,1000,1000,0.0,0.0,10.82,0.0
1785437662.8536544,idle_post,0,1000,1000,0.0,0.0,10.824,0.0
1785437662.8730268,idle_post,0,1000,1000,0.0,0.0,10.81,0.0
1785437662.890875,idle_post,0,1000,1000,0.0,0.0,10.818,0.0
1785437662.9125664,idle_post,0,1000,1000,0.0,0.0,10.847,0.0
1785437662.9328833,idle_post,0,1000,1000,0.0,0.0,10.75,0.0
1785437662.95485,idle_post,0,1000,1000,0.0,0.0,10.824,0.0
1785437662.9714224,idle_post,0,1000,1000,0.0,0.0,10.798,0.0
1785437662.99184,idle_post,0,1000,1000,0.0,0.0,10.823,0.0
1785437663.0111215,idle_post,0,1000,1000,0.0,0.0,10.825,0.0
1785437663.0317051,idle_post,0,1000,1000,0.0,0.0,10.834,0.0
1785437663.0531816,idle_post,0,1000,1000,0.0,0.0,10.84,0.0
1785437663.070703,idle_post,0,1000,1000,0.0,0.0,10.847,0.0
1785437663.0917,idle_post,0,1000,1000,0.0,0.0,10.818,0.0
1785437663.1127164,idle_post,0,1000,1000,0.0,0.0,10.84,0.0
1785437663.130715,idle_post,0,1000,1000,0.0,0.0,10.845,0.0
1785437663.1524067,idle_post,0,1000,1000,0.0,0.0,10.913,0.0
1785437663.1729662,idle_post,0,1000,1000,0.0,0.0,10.841,0.0
1785437663.1918266,idle_post,0,1000,1000,0.0,0.0,10.835,0.0
1785437663.211712,idle_post,0,1000,1000,0.0,0.0,10.853,0.0
1785437663.2327218,idle_post,0,1000,1000,0.0,0.0,10.843,0.0
1785437663.253776,idle_post,0,1000,1000,0.0,0.0,10.839,0.0
1785437663.2717211,idle_post,0,1000,1000,0.0,0.0,10.843,0.0
1785437663.2907093,idle_post,0,1000,1000,0.0,0.0,10.815,0.0
1785437663.3108559,idle_post,0,1000,1000,0.0,0.0,10.841,0.0
1785437663.3327239,idle_post,0,1000,1000,0.0,0.0,10.81,0.0
1785437663.3537486,idle_post,0,1000,1000,0.0,0.0,10.854,0.0
1785437663.371712,idle_post,0,1000,1000,0.0,0.0,10.803,0.0
1785437663.3932657,idle_post,0,1000,1000,0.0,0.0,10.857,0.0
1785437663.4117193,idle_post,0,1000,1000,0.0,0.0,10.857,0.0
1785437663.4327185,idle_post,0,1000,1000,0.0,0.0,10.841,0.0
1785437663.4537802,idle_post,0,1000,1000,0.0,0.0,10.846,0.0
1785437663.4717708,idle_post,0,1000,1000,0.0,0.0,10.844,0.0
1785437663.4907298,idle_post,0,1000,1000,0.0,0.0,10.783,0.0
1785437663.513178,idle_post,0,1000,1000,0.0,0.0,10.84,0.0
1785437663.5307446,idle_post,0,1000,1000,0.0,0.0,10.853,0.0
1785437663.5527494,idle_post,0,1000,1000,0.0,0.0,10.86,0.0
1785437663.5722916,idle_post,0,1000,1000,0.0,0.0,10.845,0.0
1785437663.5927174,idle_post,0,1000,1000,0.0,0.0,10.827,0.0
1785437663.6119409,idle_post,0,1000,1000,0.0,0.0,10.86,0.0
1785437663.6327326,idle_post,0,1000,1000,0.0,0.0,10.848,0.0
1785437663.65422,idle_post,0,1000,1000,0.0,0.0,10.855,0.0
1785437663.6718037,idle_post,0,1000,1000,0.0,0.0,10.883,0.0
1785437663.6927397,idle_post,0,1000,1000,0.0,0.0,10.857,0.0
1785437663.7107427,idle_post,0,1000,1000,0.0,0.0,10.856,0.0
1785437663.731798,idle_post,0,1000,1000,0.0,0.0,10.86,0.0
1785437663.753491,idle_post,0,1000,1000,0.0,0.0,10.883,0.0
1785437663.7707195,idle_post,0,1000,1000,0.0,0.0,10.789,0.0
1785437663.792721,idle_post,0,1000,1000,0.0,0.0,10.867,0.0
1785437663.810721,idle_post,0,1000,1000,0.0,0.0,10.857,0.0
1785437663.8329585,idle_post,0,1000,1000,0.0,0.0,10.863,0.0
1785437663.8519895,idle_post,0,1000,1000,0.0,0.0,10.867,0.0
1785437663.8710952,idle_post,0,1000,1000,0.0,0.0,10.812,0.0
1785437663.8917892,idle_post,0,1000,1000,0.0,0.0,10.872,0.0
1785437663.9108608,idle_post,0,1000,1000,0.0,0.0,10.857,0.0
1785437663.9317565,idle_post,0,1000,1000,0.0,0.0,10.872,0.0
1785437663.9529123,idle_post,0,1000,1000,0.0,0.0,10.866,0.0
1785437663.9710393,idle_post,0,1000,1000,0.0,0.0,10.865,0.0
1785437663.9932215,idle_post,0,1000,1000,0.0,0.0,10.875,0.0
1785437664.0109167,idle_post,0,1000,1000,0.0,0.0,10.861,0.0
1785437664.0317867,idle_post,0,1000,1000,0.0,0.0,10.793,0.0
1785437664.0528107,idle_post,0,1000,1000,0.0,0.0,10.861,0.0
1785437664.071767,idle_post,0,1000,1000,0.0,0.0,10.872,0.0
1785437664.0927498,idle_post,0,1000,1000,0.0,0.0,10.868,0.0
1785437664.1108234,idle_post,0,1000,1000,0.0,0.0,10.872,0.0
1785437664.1317601,idle_post,0,1000,1000,0.0,0.0,10.871,0.0
1785437664.1540048,idle_post,0,1000,1000,0.0,0.0,10.873,0.0
1785437664.1733162,idle_post,0,1000,1000,0.0,0.0,10.867,0.0
1785437664.1914458,idle_post,0,1000,1000,0.0,0.0,10.876,0.0
1785437664.2117715,idle_post,0,1000,1000,0.0,0.0,10.876,0.0
1785437664.2327578,idle_post,0,1000,1000,0.0,0.0,10.865,0.0
1785437664.2551794,idle_post,0,1000,1000,0.0,0.0,10.885,0.06
1785437664.2727404,idle_post,0,1000,1000,0.0,0.0,10.873,0.0
1785437664.2917938,idle_post,0,1000,1000,0.0,0.0,10.874,0.0
1785437664.3111541,idle_post,0,1000,1000,0.0,0.0,10.887,0.0
1785437664.331941,idle_post,0,1000,1000,0.0,0.0,10.964,0.0
1785437664.3528545,idle_post,0,1000,1000,0.0,0.0,10.89,0.0
1785437664.3707788,idle_post,0,1000,1000,0.0,0.0,10.872,0.0
1785437664.3918777,idle_post,0,1000,1000,0.0,0.0,10.869,0.0
1785437664.4104106,idle_post,0,1000,1000,0.0,0.0,10.877,0.0
1785437664.4307554,idle_post,0,1000,1000,0.0,0.0,10.87,0.0
1785437664.4531531,idle_post,0,1000,1000,0.0,0.0,10.861,0.0
1785437664.471133,idle_post,0,1000,1000,0.0,0.0,10.873,0.0
1785437664.4917667,idle_post,0,1000,1000,0.0,0.0,10.877,0.0
1785437664.511802,idle_post,0,1000,1000,0.0,0.0,10.881,0.0
1785437664.5328383,idle_post,0,1000,1000,0.0,0.0,10.883,0.0
1785437664.551872,idle_post,0,1000,1000,0.0,0.0,10.889,0.0
1785437664.5707483,idle_post,0,1000,1000,0.0,0.0,10.885,0.0
1785437664.5917685,idle_post,0,1000,1000,0.0,0.0,10.879,0.0
1785437664.6107502,idle_post,0,1000,1000,0.0,0.0,10.884,0.0
1785437664.632885,idle_post,0,1000,1000,0.0,0.0,10.88,0.0
1785437664.654,idle_post,0,1000,1000,0.0,0.0,10.871,0.0
1785437664.672916,idle_post,0,1000,1000,0.0,0.0,10.874,0.0
1785437664.6917715,idle_post,0,1000,1000,0.0,0.0,10.883,0.0
1785437664.7128642,idle_post,0,1000,1000,0.0,0.0,10.827,0.0
1785437664.7317939,idle_post,0,1000,1000,0.0,0.0,10.892,0.0
1785437664.753032,idle_post,0,1000,1000,0.0,0.0,10.882,0.0
1785437664.770754,idle_post,0,1000,1000,0.0,0.0,10.883,0.0
1785437664.7917995,idle_post,0,1000,1000,0.0,0.0,10.882,0.0
1785437664.8136046,idle_post,0,1000,1000,0.0,0.0,10.885,0.0
1785437664.830782,idle_post,0,1000,1000,0.0,0.0,10.922,0.0
1785437664.853114,idle_post,0,1000,1000,0.0,0.0,10.877,0.0
1785437664.870899,idle_post,0,1000,1000,0.0,0.0,10.896,0.0
1785437664.8925428,idle_post,0,1000,1000,0.0,0.0,10.877,0.0
1785437664.9128635,idle_post,0,1000,1000,0.0,0.0,10.853,0.0
1785437664.9319184,idle_post,0,1000,1000,0.0,0.0,10.886,0.0
1785437664.952865,idle_post,0,1000,1000,0.0,0.0,10.887,0.0
1785437664.971655,idle_post,0,1000,1000,0.0,0.0,10.895,0.0
1785437664.9909813,idle_post,0,1000,1000,0.0,0.0,10.875,0.0
1785437665.0118062,idle_post,0,1000,1000,0.0,0.0,10.889,0.0
1785437665.0328457,idle_post,0,1000,1000,0.0,0.0,10.74,0.0
1785437665.0540948,idle_post,0,1000,1000,0.0,0.0,10.893,0.0
1785437665.0729098,idle_post,0,1000,1000,0.0,0.0,10.899,0.0
1785437665.0908258,idle_post,0,1000,1000,0.0,0.0,10.883,0.0
1785437665.112886,idle_post,0,1000,1000,0.0,0.0,10.859,0.0
1785437665.1328604,idle_post,0,1000,1000,0.0,0.0,10.896,0.0
1785437665.1538217,idle_post,0,1000,1000,0.0,0.0,10.893,0.0
1785437665.1718588,idle_post,0,1000,1000,0.0,0.0,10.888,0.0
1785437665.1927772,idle_post,0,1000,1000,0.0,0.0,10.898,0.0
1785437665.210824,idle_post,0,1000,1000,0.0,0.0,10.906,0.0
1785437665.231857,idle_post,0,1000,1000,0.0,0.0,10.888,0.0
1785437665.253927,idle_post,0,1000,1000,0.0,0.0,10.902,0.0
1785437665.2717938,idle_post,0,1000,1000,0.0,0.0,10.897,0.0
1785437665.2928138,idle_post,0,1000,1000,0.0,0.0,10.914,0.0
1785437665.3108473,idle_post,0,1000,1000,0.0,0.0,10.89,0.0
1785437665.3327694,idle_post,0,1000,1000,0.0,0.0,10.913,0.0
1785437665.3538554,idle_post,0,1000,1000,0.0,0.0,10.901,0.0
1785437665.3717952,idle_post,0,1000,1000,0.0,0.0,10.905,0.0
1785437665.3927784,idle_post,0,1000,1000,0.0,0.0,10.901,0.0
1785437665.4107738,idle_post,0,1000,1000,0.0,0.0,10.854,0.0
1785437665.4317718,idle_post,0,1000,1000,0.0,0.0,10.878,0.0
1785437665.45389,idle_post,0,1000,1000,0.0,0.0,10.896,0.0
1785437665.471954,idle_post,0,1000,1000,0.0,0.0,10.879,0.0
1785437665.49331,idle_post,0,1000,1000,0.0,0.0,10.891,0.0
1785437665.5107796,idle_post,0,1000,1000,0.0,0.0,10.894,0.0
1785437665.5332718,idle_post,0,1000,1000,0.0,0.0,10.908,0.0
1785437665.5538192,idle_post,0,1000,1000,0.0,0.0,10.896,0.0
1785437665.572131,idle_post,0,1000,1000,0.0,0.0,11.007,0.0
1785437665.5927799,idle_post,0,1000,1000,0.0,0.0,10.913,0.0
1785437665.6107938,idle_post,0,1000,1000,0.0,0.0,10.901,0.0
1785437665.6319134,idle_post,0,1000,1000,0.0,0.0,10.899,0.0
1785437665.6547253,idle_post,0,1000,1000,0.0,0.0,10.829,0.0
1785437665.671347,idle_post,0,1000,1000,0.0,0.0,10.913,0.0
1785437665.6904948,idle_post,0,1000,1000,0.0,0.0,10.901,0.0
1785437665.7108548,idle_post,0,1000,1000,0.0,0.0,10.902,0.0
1785437665.7317863,idle_post,0,1000,1000,0.0,0.0,10.917,0.0
1785437665.753413,idle_post,0,1000,1000,0.0,0.0,10.913,0.0
1785437665.772783,idle_post,0,1000,1000,0.0,0.0,10.907,0.0
1785437665.7907863,idle_post,0,1000,1000,0.0,0.0,10.915,0.0
1785437665.8127968,idle_post,0,1000,1000,0.0,0.0,10.907,0.0
1785437665.8317873,idle_post,0,1000,1000,0.0,0.0,10.883,0.0
1785437665.8529491,idle_post,0,1000,1000,0.0,0.0,10.899,0.0
1785437665.8709264,idle_post,0,1000,1000,0.0,0.0,10.901,0.0
1785437665.8920298,idle_post,0,1000,1000,0.0,0.0,10.91,0.0
1785437665.910817,idle_post,0,1000,1000,0.0,0.0,10.865,0.0
1785437665.9317887,idle_post,0,1000,1000,0.0,0.0,10.902,0.0
1785437665.953012,idle_post,0,1000,1000,0.0,0.0,10.903,0.0
1785437665.9708714,idle_post,0,1000,1000,0.0,0.0,10.898,0.0
1785437665.9928534,idle_post,0,1000,1000,0.0,0.0,10.88,0.0
1785437666.010847,idle_post,0,1000,1000,0.0,0.0,10.889,0.0
1785437666.0318236,idle_post,0,1000,1000,0.0,0.0,10.86,0.0
1785437666.0528605,idle_post,0,1000,1000,0.0,0.0,10.913,0.0
1785437666.0708244,idle_post,0,1000,1000,0.0,0.0,10.917,0.0
1785437666.0918489,idle_post,0,1000,1000,0.0,0.0,10.908,0.0
1785437666.1111405,idle_post,0,1000,1000,0.0,0.0,10.898,0.0
1785437666.132005,idle_post,0,1000,1000,0.0,0.0,10.916,0.0
1785437666.1533513,idle_post,0,1000,1000,0.0,0.0,10.982,0.0
1785437666.1709788,idle_post,0,1000,1000,0.0,0.0,10.907,0.0
1785437666.1928363,idle_post,0,1000,1000,0.0,0.0,10.91,0.0
1785437666.2124262,idle_post,0,1000,1000,0.0,0.0,10.911,0.0
1785437666.2328901,idle_post,0,1000,1000,0.0,0.0,11.016,0.0
1785437666.2519345,idle_post,0,1000,1000,0.0,0.0,10.922,0.0
1785437666.272805,idle_post,0,1000,1000,0.0,0.0,10.913,0.0
1785437666.291286,idle_post,0,1000,1000,0.0,0.0,10.907,0.0
1785437666.3118067,idle_post,0,1000,1000,0.0,0.0,10.907,0.0
1785437666.3308034,idle_post,0,1000,1000,0.0,0.0,10.898,0.0
1785437666.3548412,idle_post,0,1000,1000,0.0,0.0,10.917,0.0
1785437666.3708842,idle_post,0,1000,1000,0.0,0.0,10.921,0.0
1785437666.3918173,idle_post,0,1000,1000,0.0,0.0,10.914,0.0
1785437666.410541,idle_post,0,1000,1000,0.0,0.0,10.922,0.0
1785437666.4308054,idle_post,0,1000,1000,0.0,0.0,10.913,0.0
1785437666.4526396,idle_post,0,1000,1000,0.0,0.0,10.905,0.0
1785437666.4728503,idle_post,0,1000,1000,0.0,0.0,10.914,0.0
1785437666.4918106,idle_post,0,1000,1000,0.0,0.0,10.906,0.0
1785437666.5118442,idle_post,0,1000,1000,0.0,0.0,10.918,0.0
1785437666.5318363,idle_post,0,1000,1000,0.0,0.0,10.913,0.0
1785437666.553873,idle_post,0,1000,1000,0.0,0.0,10.909,0.0
1785437666.5718474,idle_post,0,1000,1000,0.0,0.0,10.935,0.0
1785437666.5929582,idle_post,0,1000,1000,0.0,0.0,10.914,0.0
1785437666.6110394,idle_post,0,1000,1000,0.0,0.0,10.89,0.0
1785437666.6328294,idle_post,0,1000,1000,0.0,0.0,10.913,0.0
1785437666.6538813,idle_post,0,1000,1000,0.0,0.0,10.967,0.0
1785437666.671879,idle_post,0,1000,1000,0.0,0.0,10.943,0.0
1785437666.6928344,idle_post,0,1000,1000,0.0,0.0,11.001,0.0
1785437666.711922,idle_post,0,1000,1000,0.0,0.0,10.871,0.0
1785437666.7328537,idle_post,0,1000,1000,0.0,0.0,10.907,0.0
1785437666.753858,idle_post,0,1000,1000,0.0,0.0,10.915,0.0
1785437666.7718368,idle_post,0,1000,1000,0.0,0.0,10.914,0.0
1785437666.7909184,idle_post,0,1000,1000,0.0,0.0,10.914,0.0
1785437666.8133857,idle_post,0,1000,1000,0.0,0.0,10.862,0.0
1785437666.8313274,idle_post,0,1000,1000,0.0,0.0,10.921,0.0
1785437666.8529932,idle_post,0,1000,1000,0.0,0.0,10.922,0.0
1785437666.8724623,idle_post,0,1000,1000,0.0,0.0,10.917,0.0
1785437666.8928986,idle_post,0,1000,1000,0.0,0.0,10.923,0.0
1785437666.9119096,idle_post,0,1000,1000,0.0,0.0,10.928,0.0
1785437666.9328249,idle_post,0,1000,1000,0.0,0.0,10.919,0.0
1785437666.9543161,idle_post,0,1000,1000,0.0,0.0,10.924,0.0
1785437666.9718254,idle_post,0,1000,1000,0.0,0.0,10.914,0.0
1785437666.991015,idle_post,0,1000,1000,0.0,0.0,10.919,0.0
1785437667.0105567,idle_post,0,1000,1000,0.0,0.0,10.922,0.0
1785437667.0308855,idle_post,0,1000,1000,0.0,0.0,10.925,0.0
1785437667.0519798,idle_post,0,1000,1000,0.0,0.0,10.933,0.0
1785437667.072861,idle_post,0,1000,1000,0.0,0.0,10.893,0.0
1785437667.090863,idle_post,0,1000,1000,0.0,0.0,10.929,0.0
1785437667.1128643,idle_post,0,1000,1000,0.0,0.0,10.919,0.0
1785437667.1308732,idle_post,0,1000,1000,0.0,0.0,10.921,0.0
1785437667.1522257,idle_post,0,1000,1000,0.0,0.0,10.921,0.0
1785437667.1728709,idle_post,0,1000,1000,0.0,0.0,10.926,0.0
1785437667.1909301,idle_post,0,1000,1000,0.0,0.0,10.919,0.0
1785437667.2108471,idle_post,0,1000,1000,0.0,0.0,10.924,0.0
1785437667.2318554,idle_post,0,1000,1000,0.0,0.0,10.931,0.0
1785437667.2538872,idle_post,0,1000,1000,0.0,0.0,10.929,0.0
1785437667.2730503,idle_post,0,1000,1000,0.0,0.0,10.922,0.0
1785437667.2908595,idle_post,0,1000,1000,0.0,0.0,10.879,0.0
1785437667.312835,idle_post,0,1000,1000,0.0,0.0,10.841,0.0
1785437667.330833,idle_post,0,1000,1000,0.0,0.0,10.849,0.0
1785437667.3548777,idle_post,0,1000,1000,0.0,0.0,10.881,0.0
1785437667.3728375,idle_post,0,1000,1000,0.0,0.0,10.932,0.0
1785437667.3909154,idle_post,0,1000,1000,0.0,0.0,10.913,0.04
1785437667.411839,idle_post,0,1000,1000,0.0,0.0,10.924,0.0
1785437667.430848,idle_post,0,1000,1000,0.0,0.0,10.922,0.0
1785437667.4549847,idle_post,0,1000,1000,0.0,0.0,10.924,0.0
1785437667.4737782,idle_post,0,1000,1000,0.0,0.0,10.906,0.0
1785437667.4932618,idle_post,0,1000,1000,0.0,0.0,10.906,0.0
1785437667.511249,idle_post,0,1000,1000,0.0,0.0,10.922,0.0
1785437667.532125,idle_post,0,1000,1000,0.0,0.0,10.93,0.0
1785437667.5536501,idle_post,0,1000,1000,0.0,0.0,10.936,0.0
1785437667.5719633,idle_post,0,1000,1000,0.0,0.0,10.922,0.0
1785437667.5928812,idle_post,0,1000,1000,0.0,0.0,10.918,0.0
1785437667.6114342,idle_post,0,1000,1000,0.0,0.0,10.93,0.0
1785437667.631849,idle_post,0,1000,1000,0.0,0.0,10.918,0.0
1785437667.6529746,idle_post,0,1000,1000,0.0,0.0,10.937,0.0
1785437667.671021,idle_post,0,1000,1000,0.0,0.0,10.931,0.0
1785437667.6918986,idle_post,0,1000,1000,0.0,0.0,10.922,0.0
1785437667.7106006,idle_post,0,1000,1000,0.0,0.0,10.924,0.0
1785437667.7313144,idle_post,0,1000,1000,0.0,0.0,10.93,0.0
1785437667.7529898,idle_post,0,1000,1000,0.0,0.0,10.938,0.0
1785437667.771073,idle_post,0,1000,1000,0.0,0.0,10.933,0.0
1785437667.791908,idle_post,0,1000,1000,0.0,0.0,10.92,0.0
1785437667.8129814,idle_post,0,1000,1000,0.0,0.0,10.924,0.0
1785437667.8319447,idle_post,0,1000,1000,0.0,0.0,10.929,0.0
1785437667.8528852,idle_post,0,1000,1000,0.0,0.0,10.933,0.0
1785437667.8709638,idle_post,0,1000,1000,0.0,0.0,10.937,0.0
1785437667.8918557,idle_post,0,1000,1000,0.0,0.0,10.933,0.0
1785437667.9128804,idle_post,0,1000,1000,0.0,0.0,10.936,0.0
1785437667.931188,idle_post,0,1000,1000,0.0,0.0,10.929,0.0
1785437667.9528801,idle_post,0,1000,1000,0.0,0.0,10.905,0.0
1785437667.9709496,idle_post,0,1000,1000,0.0,0.0,10.928,0.0
1785437667.9918537,idle_post,0,1000,1000,0.0,0.0,10.932,0.0
1785437668.0128562,idle_post,0,1000,1000,0.0,0.0,10.926,0.0
1785437668.0320957,idle_post,0,1000,1000,0.0,0.0,10.932,0.0
1785437668.0542097,idle_post,0,1000,1000,0.0,0.0,10.995,0.0
1785437668.0719173,idle_post,0,1000,1000,0.0,0.0,10.937,0.0
1785437668.0911071,idle_post,0,1000,1000,0.0,0.0,10.917,0.0
1785437668.1119928,idle_post,0,1000,1000,0.0,0.0,10.938,0.0
1785437668.1335444,idle_post,0,1000,1000,0.0,0.0,10.94,0.0
1785437668.1540158,idle_post,0,1000,1000,0.0,0.0,10.938,0.0
1785437668.173028,idle_post,0,1000,1000,0.0,0.0,10.946,0.0
1785437668.1916149,idle_post,0,1000,1000,0.0,0.0,10.94,0.0
1785437668.2123883,idle_post,0,1000,1000,0.0,0.0,10.936,0.0
1785437668.2329202,idle_post,0,1000,1000,0.0,0.0,10.94,0.0
1785437668.2540376,idle_post,0,1000,1000,0.0,0.0,10.95,0.0
1785437668.2720644,idle_post,0,1000,1000,0.0,0.0,10.933,0.0
1785437668.2914498,idle_post,0,1000,1000,0.0,0.0,10.944,0.0
1785437668.31209,idle_post,0,1000,1000,0.0,0.0,10.928,0.0
1785437668.332907,idle_post,0,1000,1000,0.0,0.0,10.932,0.0
1785437668.3543131,idle_post,0,1000,1000,0.0,0.0,10.942,0.0
1785437668.3729043,idle_post,0,1000,1000,0.0,0.0,10.933,0.0
1785437668.3908744,idle_post,0,1000,1000,0.0,0.0,10.899,0.0
1785437668.410455,idle_post,0,1000,1000,0.0,0.0,10.93,0.0
1785437668.431023,idle_post,0,1000,1000,0.0,0.0,10.946,0.0
1785437668.4531937,idle_post,0,1000,1000,0.0,0.0,10.936,0.0
1785437668.4720142,idle_post,0,1000,1000,0.0,0.0,10.927,0.0
1785437668.4929018,idle_post,0,1000,1000,0.0,0.0,10.943,0.0
1785437668.5109775,idle_post,0,1000,1000,0.0,0.0,10.93,0.0
1785437668.5322762,idle_post,0,1000,1000,0.0,0.0,10.941,0.0
1785437668.553969,idle_post,0,1000,1000,0.0,0.0,10.933,0.0
1785437668.571968,idle_post,0,1000,1000,0.0,0.0,10.933,0.0
1785437668.5929122,idle_post,0,1000,1000,0.0,0.0,10.929,0.0
1785437668.6109555,idle_post,0,1000,1000,0.0,0.0,10.939,0.0
1785437668.6329336,idle_post,0,1000,1000,0.0,0.0,10.938,0.0
1785437668.6545322,idle_post,0,1000,1000,0.0,0.0,10.943,0.0
1785437668.6720097,idle_post,0,1000,1000,0.0,0.0,10.935,0.0
1785437668.6929302,idle_post,0,1000,1000,0.0,0.0,10.947,0.0
1785437668.7120416,idle_post,0,1000,1000,0.0,0.0,10.948,0.0
1785437668.7308877,idle_post,0,1000,1000,0.0,0.0,10.954,0.0
1785437668.7539167,idle_post,0,1000,1000,0.0,0.0,10.938,0.0
1785437668.7708836,idle_post,0,1000,1000,0.0,0.0,10.937,0.0
1785437668.790881,idle_post,0,1000,1000,0.0,0.0,10.931,0.0
1785437668.8132164,idle_post,0,1000,1000,0.0,0.0,10.952,0.0
1785437668.8308833,idle_post,0,1000,1000,0.0,0.0,10.94,0.0
1785437668.8535864,idle_post,0,1000,1000,0.0,0.0,10.934,0.0
1785437668.872982,idle_post,0,1000,1000,0.0,0.0,10.938,0.0
1785437668.8920724,idle_post,0,1000,1000,0.0,0.0,10.931,0.0
1785437668.9128916,idle_post,0,1000,1000,0.0,0.0,10.932,0.0
1785437668.93151,idle_post,0,1000,1000,0.0,0.0,10.933,0.0
1785437668.9520047,idle_post,0,1000,1000,0.0,0.0,10.928,0.0
1785437668.971017,idle_post,0,1000,1000,0.0,0.0,10.938,0.0
1785437668.9912531,idle_post,0,1000,1000,0.0,0.0,10.94,0.0
1785437669.0118887,idle_post,0,1000,1000,0.0,0.0,10.937,0.0
1785437669.0310965,idle_post,0,1000,1000,0.0,0.0,10.942,0.0
1785437669.052898,idle_post,0,1000,1000,0.0,0.0,10.935,0.0
1785437669.070884,idle_post,0,1000,1000,0.0,0.0,10.947,0.0
1785437669.0931747,idle_post,0,1000,1000,0.0,0.0,10.943,0.0
1785437669.110931,idle_post,0,1000,1000,0.0,0.0,10.914,0.0
1785437669.1319263,idle_post,0,1000,1000,0.0,0.0,10.956,0.0
1785437669.153001,idle_post,0,1000,1000,0.0,0.0,10.947,0.0
1785437669.1711695,idle_post,0,1000,1000,0.0,0.0,10.935,0.0
1785437669.1922848,idle_post,0,1000,1000,0.0,0.0,10.94,0.0
1785437669.2110138,idle_post,0,1000,1000,0.0,0.0,10.955,0.0
1785437669.2319603,idle_post,0,1000,1000,0.0,0.0,10.951,0.0
1785437669.2529554,idle_post,0,1000,1000,0.0,0.0,10.936,0.0
1785437669.2709818,idle_post,0,1000,1000,0.0,0.0,10.939,0.0
1785437669.29305,idle_post,0,1000,1000,0.0,0.0,10.903,0.0
1785437669.310956,idle_post,0,1000,1000,0.0,0.0,10.938,0.0
1785437669.3323941,idle_post,0,1000,1000,0.0,0.0,10.962,0.0
1785437669.3529687,idle_post,0,1000,1000,0.0,0.0,10.921,0.0
1785437669.37192,idle_post,0,1000,1000,0.0,0.0,10.932,0.0
1785437669.3909125,idle_post,0,1000,1000,0.0,0.0,10.946,0.0
1785437669.411903,idle_post,0,1000,1000,0.0,0.0,10.93,0.0
1785437669.4309127,idle_post,0,1000,1000,0.0,0.0,10.945,0.0
1785437669.4549336,idle_post,0,1000,1000,0.0,0.0,10.939,0.0
1785437669.4733663,idle_post,0,1000,1000,0.0,0.0,10.944,0.0
1785437669.4909494,idle_post,0,1000,1000,0.0,0.0,10.909,0.0
1785437669.511909,idle_post,0,1000,1000,0.0,0.0,10.955,0.0
1785437669.532384,idle_post,0,1000,1000,0.0,0.0,10.932,0.0
1785437669.5529358,idle_post,0,1000,1000,0.0,0.0,10.941,0.0
1785437669.5719218,idle_post,0,1000,1000,0.0,0.0,10.948,0.0
1785437669.5918677,idle_post,0,1000,1000,0.0,0.0,10.94,0.0
1785437669.6112142,idle_post,0,1000,1000,0.0,0.0,10.959,0.0
1785437669.6319134,idle_post,0,1000,1000,0.0,0.0,10.937,0.0
1785437669.6535113,idle_post,0,1000,1000,0.0,0.0,10.946,0.0
1785437669.6713407,idle_post,0,1000,1000,0.0,0.0,10.946,0.0
1785437669.6919544,idle_post,0,1000,1000,0.0,0.0,10.948,0.0
1785437669.710494,idle_post,0,1000,1000,0.0,0.0,10.955,0.0
1785437669.730943,idle_post,0,1000,1000,0.0,0.0,10.937,0.0
1785437669.7531378,idle_post,0,1000,1000,0.0,0.0,10.952,0.0
1785437669.770946,idle_post,0,1000,1000,0.0,0.0,10.943,0.0
1785437669.7919185,idle_post,0,1000,1000,0.0,0.0,10.945,0.0
1785437669.8129203,idle_post,0,1000,1000,0.0,0.0,10.955,0.0
1785437669.8310554,idle_post,0,1000,1000,0.0,0.0,10.946,0.0
1785437669.8551757,idle_post,0,1000,1000,0.0,0.0,10.91,0.0
1785437669.870942,idle_post,0,1000,1000,0.0,0.0,11.073,0.0
1785437669.8919532,idle_post,0,1000,1000,0.0,0.0,10.951,0.0
1785437669.9133754,idle_post,0,1000,1000,0.0,0.0,10.949,0.0
1785437669.9310193,idle_post,0,1000,1000,0.0,0.0,10.94,0.0
1785437669.9529665,idle_post,0,1000,1000,0.0,0.0,10.881,0.0
1785437669.9732542,idle_post,0,1000,1000,0.0,0.0,10.942,0.0
1785437669.991946,idle_post,0,1000,1000,0.0,0.0,10.948,0.0
1785437670.0129304,idle_post,0,1000,1000,0.0,0.0,11.091,0.04
1785437670.0319254,idle_post,0,1000,1000,0.0,0.0,10.943,0.0
1785437670.0549805,idle_post,0,1000,1000,0.0,0.0,10.945,0.0
1785437670.070953,idle_post,0,1000,1000,0.0,0.0,10.913,0.0
1785437670.0919628,idle_post,0,1000,1000,0.0,0.0,10.94,0.0
1785437670.1136763,idle_post,0,1000,1000,0.0,0.0,10.943,0.0
1785437670.1310384,idle_post,0,1000,1000,0.0,0.0,10.957,0.0
1785437670.1531386,idle_post,0,1000,1000,0.0,0.0,10.955,0.0
1785437670.1711457,idle_post,0,1000,1000,0.0,0.0,10.937,0.0
1785437670.1927512,idle_post,0,1000,1000,0.0,0.0,10.954,0.0
1785437670.212999,idle_post,0,1000,1000,0.0,0.0,10.946,0.0
1785437670.2309725,idle_post,0,1000,1000,0.0,0.0,10.948,0.0
1785437670.2551236,idle_post,0,1000,1000,0.0,0.0,10.957,0.0
1785437670.2714968,idle_post,0,1000,1000,0.0,0.0,10.958,0.0
1785437670.2919843,idle_post,0,1000,1000,0.0,0.0,10.913,0.0
1785437670.3133085,idle_post,0,1000,1000,0.0,0.0,10.952,0.0
1785437670.3310194,idle_post,0,1000,1000,0.0,0.0,10.956,0.0
1785437670.3550248,idle_post,0,1000,1000,0.0,0.0,10.956,0.0
1785437670.3729851,idle_post,0,1000,1000,0.0,0.0,10.956,0.0
1785437670.3909554,idle_post,0,1000,1000,0.0,0.0,10.958,0.0
1785437670.4119604,idle_post,0,1000,1000,0.0,0.0,10.951,0.0
1785437670.432963,idle_post,0,1000,1000,0.0,0.0,10.958,0.0
1785437670.4549968,idle_post,0,1000,1000,0.0,0.0,10.963,0.0
1785437670.4729729,idle_post,0,1000,1000,0.0,0.0,10.942,0.0
1785437670.4910843,idle_post,0,1000,1000,0.0,0.0,10.945,0.0
1785437670.512196,idle_post,0,1000,1000,0.0,0.0,10.95,0.0
1785437670.5309405,idle_post,0,1000,1000,0.0,0.0,10.959,0.0
1785437670.5520554,idle_post,0,1000,1000,0.0,0.0,10.956,0.0
1785437670.5729413,idle_post,0,1000,1000,0.0,0.0,10.959,0.0
1785437670.5929418,idle_post,0,1000,1000,0.0,0.0,10.951,0.0
1785437670.610942,idle_post,0,1000,1000,0.0,0.0,10.899,0.0
1785437670.6319475,idle_post,0,1000,1000,0.0,0.0,10.959,0.0
1785437670.6531446,idle_post,0,1000,1000,0.0,0.0,10.956,0.0
1785437670.6724474,idle_post,0,1000,1000,0.0,0.0,10.948,0.0
1785437670.6931303,idle_post,0,1000,1000,0.0,0.0,10.887,0.0
1785437670.7109807,idle_post,0,1000,1000,0.0,0.0,10.96,0.0
1785437670.7319467,idle_post,0,1000,1000,0.0,0.0,10.952,0.0
1785437670.754003,idle_post,0,1000,1000,0.0,0.0,10.951,0.0
1785437670.77196,idle_post,0,1000,1000,0.0,0.0,10.949,0.0
1785437670.7933595,idle_post,0,1000,1000,0.0,0.0,10.944,0.0
1785437670.8109505,idle_post,0,1000,1000,0.0,0.0,11.005,0.0
1785437670.8319802,idle_post,0,1000,1000,0.0,0.0,10.95,0.0
1785437670.852984,idle_post,0,1000,1000,0.0,0.0,10.955,0.0
1785437670.8728454,idle_post,0,1000,1000,0.0,0.0,10.989,0.0
1785437670.8929493,idle_post,0,1000,1000,0.0,0.0,10.941,0.0
1785437670.911536,idle_post,0,1000,1000,0.0,0.0,10.95,0.0
1785437670.9319649,idle_post,0,1000,1000,0.0,0.0,10.95,0.0
1785437670.954289,idle_post,0,1000,1000,0.0,0.0,10.955,0.0
1785437670.9719796,idle_post,0,1000,1000,0.0,0.0,10.936,0.0
1785437670.991142,idle_post,0,1000,1000,0.0,0.0,10.943,0.0
1785437671.0120044,idle_post,0,1000,1000,0.0,0.0,10.962,0.0
1785437671.0308423,idle_post,0,1000,1000,0.0,0.0,10.96,0.02
1785437671.053227,idle_post,0,1000,1000,0.0,0.0,10.957,0.0
1785437671.071146,idle_post,0,1000,1000,0.0,0.0,10.954,0.0
1785437671.0920448,idle_post,0,1000,1000,0.0,0.0,10.941,0.0
1785437671.1131337,idle_post,0,1000,1000,0.0,0.0,10.891,0.0
1785437671.1319945,idle_post,0,1000,1000,0.0,0.0,10.964,0.0
1785437671.1533635,idle_post,0,1000,1000,0.0,0.0,11.041,0.0
1785437671.1711497,idle_post,0,1000,1000,0.0,0.0,10.955,0.0
1785437671.1910338,idle_post,0,1000,1000,0.0,0.0,10.924,0.0
1785437671.2120066,idle_post,0,1000,1000,0.0,0.0,10.959,0.0
1785437671.2330384,idle_post,0,1000,1000,0.0,0.0,10.964,0.0
1785437671.2541628,idle_post,0,1000,1000,0.0,0.0,10.964,0.0
1785437671.2730958,idle_post,0,1000,1000,0.0,0.0,10.956,0.0
1785437671.2911072,idle_post,0,1000,1000,0.0,0.0,10.957,0.0
1785437671.3121047,idle_post,0,1000,1000,0.0,0.0,10.963,0.0
1785437671.333046,idle_post,0,1000,1000,0.0,0.0,10.88,0.0
1785437671.3520436,idle_post,0,1000,1000,0.0,0.0,10.963,0.0
1785437671.3710082,idle_post,0,1000,1000,0.0,0.0,10.955,0.0
1785437671.3919702,idle_post,0,1000,1000,0.0,0.0,10.959,0.0
1785437671.4110022,idle_post,0,1000,1000,0.0,0.0,10.957,0.0
1785437671.4320138,idle_post,0,1000,1000,0.0,0.0,10.971,0.0
1785437671.453499,idle_post,0,1000,1000,0.0,0.0,10.954,0.0
1785437671.4710255,idle_post,0,1000,1000,0.0,0.0,10.97,0.0
1785437671.4929965,idle_post,0,1000,1000,0.0,0.0,10.962,0.0
1785437671.512516,idle_post,0,1000,1000,0.0,0.0,10.956,0.0
1785437671.532977,idle_post,0,1000,1000,0.0,0.0,10.953,0.0
1785437671.5551243,idle_post,0,1000,1000,0.0,0.0,10.957,0.0
1785437671.5716329,idle_post,0,1000,1000,0.0,0.0,10.958,0.0
1785437671.5920038,idle_post,0,1000,1000,0.0,0.0,10.96,0.0
1785437671.6110826,idle_post,0,1000,1000,0.0,0.0,10.958,0.0
1785437671.6319761,idle_post,0,1000,1000,0.0,0.0,10.955,0.0
1785437671.6541526,idle_post,0,1000,1000,0.0,0.0,10.955,0.0
1785437671.6721091,idle_post,0,1000,1000,0.0,0.0,10.956,0.0
1785437671.6930285,idle_post,0,1000,1000,0.0,0.0,10.952,0.0
1785437671.7110064,idle_post,0,1000,1000,0.0,0.0,10.957,0.0
1785437671.732987,idle_post,0,1000,1000,0.0,0.0,10.956,0.0
1785437671.7540162,idle_post,0,1000,1000,0.0,0.0,10.966,0.0
1785437671.7719877,idle_post,0,1000,1000,0.0,0.0,10.841,0.0
1785437671.7930067,idle_post,0,1000,1000,0.0,0.0,10.952,0.0
1785437671.8120494,idle_post,0,1000,1000,0.0,0.0,10.96,0.0
1785437671.8309827,idle_post,0,1000,1000,0.0,0.0,10.952,0.0
1785437671.854299,idle_post,0,1000,1000,0.0,0.0,11.045,0.0
1785437671.8709886,idle_post,0,1000,1000,0.0,0.0,10.964,0.0
1785437671.8919883,idle_post,0,1000,1000,0.0,0.0,10.963,0.0
1785437671.9130137,idle_post,0,1000,1000,0.0,0.0,10.961,0.0
1785437671.9309843,idle_post,0,1000,1000,0.0,0.0,10.952,0.0
1785437671.9522178,idle_post,0,1000,1000,0.0,0.0,10.922,0.0
1785437671.9730287,idle_post,0,1000,1000,0.0,0.0,10.959,0.0
1785437671.9919887,idle_post,0,1000,1000,0.0,0.0,10.885,0.0
1785437672.0130048,idle_post,0,1000,1000,0.0,0.0,10.947,0.0
1785437672.0309904,idle_post,0,1000,1000,0.0,0.0,10.961,0.0
1785437672.052325,idle_post,0,1000,1000,0.0,0.0,10.939,0.0
1785437672.0710623,idle_post,0,1000,1000,0.0,0.0,10.951,0.0
1785437672.091314,idle_post,0,1000,1000,0.0,0.0,10.959,0.0
1785437672.1134005,idle_post,0,1000,1000,0.0,0.0,10.862,0.0
1785437672.13101,idle_post,0,1000,1000,0.0,0.0,10.957,0.0
1785437672.1521628,idle_post,0,1000,1000,0.0,0.0,10.971,0.0
1785437672.1730344,idle_post,0,1000,1000,0.0,0.0,10.964,0.0
1785437672.1924107,idle_post,0,1000,1000,0.0,0.0,11.018,0.0
1785437672.2130463,idle_post,0,1000,1000,0.0,0.0,10.976,0.0
1785437672.2317452,idle_post,0,1000,1000,0.0,0.0,10.955,0.0
1785437672.2523093,idle_post,0,1000,1000,0.0,0.0,10.968,0.0
1785437672.2716432,idle_post,0,1000,1000,0.0,0.0,10.967,0.0
1785437672.2920177,idle_post,0,1000,1000,0.0,0.0,10.975,0.0
1785437672.3108907,idle_post,0,1000,1000,0.0,0.0,10.958,0.0
1785437672.3311014,idle_post,0,1000,1000,0.0,0.0,10.956,0.0
1785437672.3551311,idle_post,0,1000,1000,0.0,0.0,11.022,0.0
1785437672.3710608,idle_post,0,1000,1000,0.0,0.0,10.954,0.0
1785437672.3907788,idle_post,0,1000,1000,0.0,0.0,10.948,0.0
1785437672.4114323,idle_post,0,1000,1000,0.0,0.0,10.962,0.0
1785437672.4320178,idle_post,0,1000,1000,0.0,0.0,11.072,0.0
1785437672.4530373,idle_post,0,1000,1000,0.0,0.0,10.969,0.0
1785437672.4720385,idle_post,0,1000,1000,0.0,0.0,10.962,0.0
1785437672.4930096,idle_post,0,1000,1000,0.0,0.0,10.966,0.0
1785437672.511127,idle_post,0,1000,1000,0.0,0.0,10.969,0.0
1785437672.532011,idle_post,0,1000,1000,0.0,0.0,10.962,0.0
1785437672.5531218,idle_post,0,1000,1000,0.0,0.0,10.968,0.0
1785437672.5712733,idle_post,0,1000,1000,0.0,0.0,10.963,0.0
1785437672.593025,idle_post,0,1000,1000,0.0,0.0,10.964,0.0
1785437672.6110983,idle_post,0,1000,1000,0.0,0.0,10.962,0.0
1785437672.6320076,idle_post,0,1000,1000,0.0,0.0,10.972,0.0
1785437672.653083,idle_post,0,1000,1000,0.0,0.0,10.943,0.0
1785437672.6722002,idle_post,0,1000,1000,0.0,0.0,10.97,0.0
1785437672.6912005,idle_post,0,1000,1000,0.0,0.0,10.952,0.0
1785437672.7126775,idle_post,0,1000,1000,0.0,0.0,10.948,0.0
1785437672.7311614,idle_post,0,1000,1000,0.0,0.0,10.968,0.0
1785437672.7520676,idle_post,0,1000,1000,0.0,0.0,10.963,0.0
1785437672.7737586,idle_post,0,1000,1000,0.0,0.0,10.966,0.0
1785437672.791104,idle_post,0,1000,1000,0.0,0.0,10.868,0.0
1785437672.8120096,idle_post,0,1000,1000,0.0,0.0,10.97,0.0
1785437672.833075,idle_post,0,1000,1000,0.0,0.0,10.967,0.0
1785437672.8522437,idle_post,0,1000,1000,0.0,0.0,10.966,0.0
1785437672.8730335,idle_post,0,1000,1000,0.0,0.0,10.962,0.0
1785437672.8920164,idle_post,0,1000,1000,0.0,0.0,10.963,0.0
1785437672.9114113,idle_post,0,1000,1000,0.0,0.0,10.963,0.0
1785437672.9325001,idle_post,0,1000,1000,0.0,0.0,10.97,0.0
1785437672.9530532,idle_post,0,1000,1000,0.0,0.0,10.963,0.0
1785437672.971256,idle_post,0,1000,1000,0.0,0.0,10.964,0.0
1785437672.9925604,idle_post,0,1000,1000,0.0,0.0,10.955,0.0
1785437673.0107548,idle_post,0,1000,1000,0.0,0.0,10.856,0.0
1785437673.0310812,idle_post,0,1000,1000,0.0,0.0,10.967,0.0
1785437673.0530353,idle_post,0,1000,1000,0.0,0.0,10.955,0.0
1785437673.0710313,idle_post,0,1000,1000,0.0,0.0,10.963,0.0
1785437673.0921316,idle_post,0,1000,1000,0.0,0.0,10.933,0.0
1785437673.1130364,idle_post,0,1000,1000,0.0,0.0,10.965,0.0
1785437673.1310792,idle_post,0,1000,1000,0.0,0.0,10.964,0.0
1785437673.152388,idle_post,0,1000,1000,0.0,0.0,10.96,0.0
1785437673.1712062,idle_post,0,1000,1000,0.0,0.0,10.961,0.0
1785437673.1921432,idle_post,0,1000,1000,0.0,0.0,10.972,0.0
1785437673.2130578,idle_post,0,1000,1000,0.0,0.0,10.979,0.0
1785437673.2313812,idle_post,0,1000,1000,0.0,0.0,10.976,0.0
1785437673.2532444,idle_post,0,1000,1000,0.0,0.0,10.963,0.0
1785437673.2710843,idle_post,0,1000,1000,0.0,0.0,10.966,0.0
1785437673.292159,idle_post,0,1000,1000,0.0,0.0,10.9,0.0
1785437673.3121762,idle_post,0,1000,1000,0.0,0.0,10.955,0.0
1785437673.3330884,idle_post,0,1000,1000,0.0,0.0,10.963,0.0
1785437673.3541355,idle_post,0,1000,1000,0.0,0.0,10.973,0.0
1785437673.3721595,idle_post,0,1000,1000,0.0,0.0,10.964,0.0
1785437673.3912854,idle_post,0,1000,1000,0.0,0.0,10.963,0.0
1785437673.412249,idle_post,0,1000,1000,0.0,0.0,10.964,0.0
1785437673.43355,idle_post,0,1000,1000,0.0,0.0,10.972,0.0
1785437673.4541113,idle_post,0,1000,1000,0.0,0.0,10.964,0.0
1785437673.4736204,idle_post,0,1000,1000,0.0,0.0,10.964,0.0
1785437673.4927092,idle_post,0,1000,1000,0.0,0.0,10.976,0.0
1785437673.513223,idle_post,0,1000,1000,0.0,0.0,10.929,0.0
1785437673.5320704,idle_post,0,1000,1000,0.0,0.0,10.98,0.0
1785437673.5531163,idle_post,0,1000,1000,0.0,0.0,10.962,0.0
1785437673.5713942,idle_post,0,1000,1000,0.0,0.0,10.955,0.0
1785437673.5920398,idle_post,0,1000,1000,0.0,0.0,10.941,0.08
1785437673.6110723,idle_post,0,1000,1000,0.0,0.0,10.962,0.0
1785437673.6307435,idle_post,0,1000,1000,0.0,0.0,10.964,0.0
1785437673.6540704,idle_post,0,1000,1000,0.0,0.0,10.97,0.0
1785437673.6727326,idle_post,0,1000,1000,0.0,0.0,10.859,0.0
1785437673.6931686,idle_post,0,1000,1000,0.0,0.0,10.957,0.0
1785437673.7131572,idle_post,0,1000,1000,0.0,0.0,10.964,0.0
1785437673.7310588,idle_post,0,1000,1000,0.0,0.0,10.969,0.0
1785437673.75341,idle_post,0,1000,1000,0.0,0.0,10.977,0.0
1785437673.7720542,idle_post,0,1000,1000,0.0,0.0,10.893,0.0
1785437673.7932343,idle_post,0,1000,1000,0.0,0.0,10.973,0.0
1785437673.811097,idle_post,0,1000,1000,0.0,0.0,10.935,0.0
1785437673.8321164,idle_post,0,1000,1000,0.0,0.0,10.971,0.0
1785437673.8540752,idle_post,0,1000,1000,0.0,0.0,10.973,0.0
1785437673.8724787,idle_post,0,1000,1000,0.0,0.0,10.954,0.0
1785437673.8931437,idle_post,0,1000,1000,0.0,0.0,10.977,0.0
1785437673.9110708,idle_post,0,1000,1000,0.0,0.0,10.966,0.0
1785437673.9320626,idle_post,0,1000,1000,0.0,0.0,10.957,0.0
1785437673.953294,idle_post,0,1000,1000,0.0,0.0,10.931,0.0
1785437673.9720538,idle_post,0,1000,1000,0.0,0.0,10.966,0.0
1785437673.9932544,idle_post,0,1000,1000,0.0,0.0,10.968,0.0
1785437674.0120528,idle_post,0,1000,1000,0.0,0.0,10.971,0.0
1785437674.0310519,idle_post,0,1000,1000,0.0,0.0,10.966,0.0
1785437674.0520859,idle_post,0,1000,1000,0.0,0.0,10.978,0.0
1785437674.0714834,idle_post,0,1000,1000,0.0,0.0,10.97,0.0
1785437674.0935063,idle_post,0,1000,1000,0.0,0.0,10.97,0.0
1785437674.1110735,idle_post,0,1000,1000,0.0,0.0,10.972,0.0
1785437674.1335113,idle_post,0,1000,1000,0.0,0.0,10.964,0.0
1785437674.1530895,idle_post,0,1000,1000,0.0,0.0,10.967,0.0
1785437674.172536,idle_post,0,1000,1000,0.0,0.0,10.995,0.0
1785437674.193107,idle_post,0,1000,1000,0.0,0.0,10.966,0.0
1785437674.2121115,idle_post,0,1000,1000,0.0,0.0,10.969,0.0
1785437674.231536,idle_post,0,1000,1000,0.0,0.0,10.946,0.0
1785437674.252094,idle_post,0,1000,1000,0.0,0.0,10.913,0.0
1785437674.2732103,idle_post,0,1000,1000,0.0,0.0,10.969,0.0
1785437674.291117,idle_post,0,1000,1000,0.0,0.0,10.981,0.0
1785437674.3122203,idle_post,0,1000,1000,0.0,0.0,10.972,0.0
1785437674.3307874,idle_post,0,1000,1000,0.0,0.0,10.985,0.0
1785437674.3541417,idle_post,0,1000,1000,0.0,0.0,10.963,0.0
1785437674.373125,idle_post,0,1000,1000,0.0,0.0,10.971,0.0
1785437674.3911483,idle_post,0,1000,1000,0.0,0.0,10.973,0.0
1785437674.412412,idle_post,0,1000,1000,0.0,0.0,10.969,0.0
1785437674.433161,idle_post,0,1000,1000,0.0,0.0,10.978,0.0
1785437674.4541504,idle_post,0,1000,1000,0.0,0.0,10.939,0.0
1785437674.472102,idle_post,0,1000,1000,0.0,0.0,10.974,0.0
1785437674.4915304,idle_post,0,1000,1000,0.0,0.0,10.963,0.0
1785437674.5121138,idle_post,0,1000,1000,0.0,0.0,10.97,0.0
1785437674.531073,idle_post,0,1000,1000,0.0,0.0,10.981,0.0
1785437674.5531087,idle_post,0,1000,1000,0.0,0.0,11.051,0.0
1785437674.5710728,idle_post,0,1000,1000,0.0,0.0,10.981,0.0
1785437674.5933924,idle_post,0,1000,1000,0.0,0.0,10.986,0.0
1785437674.6110725,idle_post,0,1000,1000,0.0,0.0,10.973,0.0
1785437674.6320763,idle_post,0,1000,1000,0.0,0.0,11.079,0.0
1785437674.6533885,idle_post,0,1000,1000,0.0,0.0,10.971,0.0
1785437674.6721146,idle_post,0,1000,1000,0.0,0.0,10.98,0.0
1785437674.6911113,idle_post,0,1000,1000,0.0,0.0,10.972,0.0
1785437674.7121122,idle_post,0,1000,1000,0.0,0.0,10.968,0.0
1785437674.7330902,idle_post,0,1000,1000,0.0,0.0,10.971,0.0
1785437674.7541041,idle_post,0,1000,1000,0.0,0.0,10.824,0.0
1785437674.7732997,idle_post,0,1000,1000,0.0,0.0,10.967,0.0
1785437674.7912116,idle_post,0,1000,1000,0.0,0.0,10.968,0.0
1785437674.8129296,idle_post,0,1000,1000,0.0,0.0,10.982,0.0
1785437674.8323677,idle_post,0,1000,1000,0.0,0.0,10.988,0.0
1785437674.853118,idle_post,0,1000,1000,0.0,0.0,10.965,0.0
1785437674.8720953,idle_post,0,1000,1000,0.0,0.0,10.973,0.0
1785437674.8917227,idle_post,0,1000,1000,0.0,0.0,10.965,0.0
1785437674.9121,idle_post,0,1000,1000,0.0,0.0,10.929,0.0
1785437674.93312,idle_post,0,1000,1000,0.0,0.0,10.973,0.0
1785437674.954178,idle_post,0,1000,1000,0.0,0.0,10.973,0.0
1785437674.9731288,idle_post,0,1000,1000,0.0,0.0,10.963,0.0
1785437674.991085,idle_post,0,1000,1000,0.0,0.0,10.964,0.0
1785437675.0131118,idle_post,0,1000,1000,0.0,0.0,10.973,0.0
1785437675.0311005,idle_post,0,1000,1000,0.0,0.0,10.964,0.0
1785437675.0528445,idle_post,0,1000,1000,0.0,0.0,10.979,0.0
1785437675.0733142,idle_post,0,1000,1000,0.0,0.0,10.975,0.0
1785437675.0921156,idle_post,0,1000,1000,0.0,0.0,10.965,0.0
1785437675.113127,idle_post,0,1000,1000,0.0,0.0,10.982,0.0
1785437675.1311183,idle_post,0,1000,1000,0.0,0.0,10.983,0.0
1785437675.1521683,idle_post,0,1000,1000,0.0,0.0,10.99,0.0
1785437675.1712978,idle_post,0,1000,1000,0.0,0.0,10.966,0.0
1785437675.1921105,idle_post,0,1000,1000,0.0,0.0,10.975,0.0
1785437675.213113,idle_post,0,1000,1000,0.0,0.0,10.977,0.0
1785437675.2311015,idle_post,0,1000,1000,0.0,0.0,10.981,0.0
1785437675.2522283,idle_post,0,1000,1000,0.0,0.0,10.9,0.0
1785437675.2731767,idle_post,0,1000,1000,0.0,0.0,10.967,0.0
1785437675.2921486,idle_post,0,1000,1000,0.0,0.0,10.968,0.0
1785437675.3131955,idle_post,0,1000,1000,0.0,0.0,10.877,0.0
1785437675.3312666,idle_post,0,1000,1000,0.0,0.0,11.045,0.0
1785437675.352907,idle_post,0,1000,1000,0.0,0.0,10.973,0.0
1785437675.3712506,idle_post,0,1000,1000,0.0,0.0,10.962,0.0
1785437675.3922863,idle_post,0,1000,1000,0.0,0.0,10.973,0.0
1785437675.41396,idle_post,0,1000,1000,0.0,0.0,10.976,0.0
1785437675.433488,idle_post,0,1000,1000,0.0,0.0,10.935,0.0
1785437675.454226,idle_post,0,1000,1000,0.0,0.0,10.981,0.0
1785437675.4728136,idle_post,0,1000,1000,0.0,0.0,10.97,0.0
1785437675.4936597,idle_post,0,1000,1000,0.0,0.0,10.894,0.0
1785437675.512133,idle_post,0,1000,1000,0.0,0.0,10.971,0.0
1785437675.533148,idle_post,0,1000,1000,0.0,0.0,10.95,0.0
1785437675.5546563,idle_post,0,1000,1000,0.0,0.0,10.968,0.0
1785437675.5721045,idle_post,0,1000,1000,0.0,0.0,10.952,0.0
1785437675.5931208,idle_post,0,1000,1000,0.0,0.0,10.975,0.0
1785437675.611108,idle_post,0,1000,1000,0.0,0.0,10.977,0.0
1785437675.6331096,idle_post,0,1000,1000,0.0,0.0,10.974,0.0
1785437675.6545475,idle_post,0,1000,1000,0.0,0.0,10.983,0.0
1785437675.6732075,idle_post,0,1000,1000,0.0,0.0,10.974,0.0
1785437675.6915495,idle_post,0,1000,1000,0.0,0.0,10.976,0.0
1785437675.7121782,idle_post,0,1000,1000,0.0,0.0,10.962,0.0
1785437675.7331338,idle_post,0,1000,1000,0.0,0.0,10.976,0.0
1785437675.752408,idle_post,0,1000,1000,0.0,0.0,10.955,0.0
1785437675.7731252,idle_post,0,1000,1000,0.0,0.0,10.967,0.0
1785437675.791282,idle_post,0,1000,1000,0.0,0.0,10.981,0.0
1785437675.812242,idle_post,0,1000,1000,0.0,0.0,10.965,0.0
1785437675.8311281,idle_post,0,1000,1000,0.0,0.0,10.971,0.0
1785437675.852158,idle_post,0,1000,1000,0.0,0.0,10.969,0.0
1785437675.8713531,idle_post,0,1000,1000,0.0,0.0,10.976,0.0
1785437675.8931496,idle_post,0,1000,1000,0.0,0.0,10.97,0.0
1785437675.9111128,idle_post,0,1000,1000,0.0,0.0,10.969,0.0
1785437675.9321578,idle_post,0,1000,1000,0.0,0.0,10.976,0.0
1785437675.9536567,idle_post,0,1000,1000,0.0,0.0,10.976,0.0
1785437675.9721818,idle_post,0,1000,1000,0.0,0.0,10.977,0.0
1785437675.9931397,idle_post,0,1000,1000,0.0,0.0,10.99,0.0
1785437676.0111501,idle_post,0,1000,1000,0.0,0.0,10.975,0.0
1785437676.0322034,idle_post,0,1000,1000,0.0,0.0,10.949,0.0
1785437676.054156,idle_post,0,1000,1000,0.0,0.0,10.97,0.0
1785437676.0711184,idle_post,0,1000,1000,0.0,0.0,11.096,0.0
1785437676.0943491,idle_post,0,1000,1000,0.0,0.0,10.97,0.0
1785437676.1132255,idle_post,0,1000,1000,0.0,0.0,10.966,0.0
1785437676.131457,idle_post,0,1000,1000,0.0,0.0,10.974,0.0
1785437676.152548,idle_post,0,1000,1000,0.0,0.0,10.988,0.11
1785437676.1731908,idle_post,0,1000,1000,0.0,0.0,10.977,0.0
1785437676.1921372,idle_post,0,1000,1000,0.0,0.0,10.986,0.0
1785437676.21234,idle_post,0,1000,1000,0.0,0.0,10.975,0.0
1785437676.231791,idle_post,0,1000,1000,0.0,0.0,10.986,0.0
1785437676.2522855,idle_post,0,1000,1000,0.0,0.0,10.975,0.0
1785437676.2711263,idle_post,0,1000,1000,0.0,0.0,10.976,0.0
1785437676.2921503,idle_post,0,1000,1000,0.0,0.0,10.984,0.0
1785437676.3112547,idle_post,0,1000,1000,0.0,0.0,10.991,0.0
1785437676.3343885,idle_post,0,1000,1000,0.0,0.0,10.999,0.0
1785437676.3533745,idle_post,0,1000,1000,0.0,0.0,10.978,0.0
1785437676.3713999,idle_post,0,1000,1000,0.0,0.0,10.963,0.0
1785437676.3922534,idle_post,0,1000,1000,0.0,0.0,10.982,0.0
1785437676.4121852,idle_post,0,1000,1000,0.0,0.0,10.971,0.0
1785437676.433172,idle_post,0,1000,1000,0.0,0.0,10.978,0.0
1785437676.454277,idle_post,0,1000,1000,0.0,0.0,10.983,0.0
1785437676.4724681,idle_post,0,1000,1000,0.0,0.0,10.98,0.0
1785437676.4911888,idle_post,0,1000,1000,0.0,0.0,10.944,0.0
1785437676.5123892,idle_post,0,1000,1000,0.0,0.0,10.97,0.0
1785437676.5331702,idle_post,0,1000,1000,0.0,0.0,10.984,0.0
1785437676.5541935,idle_post,0,1000,1000,0.0,0.0,10.976,0.0
1785437676.5731397,idle_post,0,1000,1000,0.0,0.0,10.894,0.0
1785437676.592137,idle_post,0,1000,1000,0.0,0.0,10.896,0.0
1785437676.6131604,idle_post,0,1000,1000,0.0,0.0,10.993,0.03
1785437676.6322038,idle_post,0,1000,1000,0.0,0.0,10.977,0.0
1785437676.6531763,idle_post,0,1000,1000,0.0,0.0,10.968,0.0
1785437676.671308,idle_post,0,1000,1000,0.0,0.0,10.979,0.0
1785437676.6921585,idle_post,0,1000,1000,0.0,0.0,10.972,0.0
1785437676.7111943,idle_post,0,1000,1000,0.0,0.0,10.94,0.0
1785437676.733831,idle_post,0,1000,1000,0.0,0.0,10.976,0.0
1785437676.7541776,idle_post,0,1000,1000,0.0,0.0,10.978,0.0
1785437676.7731442,idle_post,0,1000,1000,0.0,0.0,10.986,0.0
1785437676.791143,idle_post,0,1000,1000,0.0,0.0,10.982,0.0
1785437676.8125725,idle_post,0,1000,1000,0.0,0.0,11.071,0.0
1785437676.8331468,idle_post,0,1000,1000,0.0,0.0,10.984,0.0
1785437676.8541803,idle_post,0,1000,1000,0.0,0.0,10.968,0.0
1785437676.8718908,idle_post,0,1000,1000,0.0,0.0,10.975,0.0
1785437676.8921478,idle_post,0,1000,1000,0.0,0.0,10.962,0.0
1785437676.9131489,idle_post,0,1000,1000,0.0,0.0,10.972,0.0
1785437676.9315486,idle_post,0,1000,1000,0.0,0.0,10.987,0.0
1785437676.9522789,idle_post,0,1000,1000,0.0,0.0,10.987,0.0
1785437676.9709957,idle_post,0,1000,1000,0.0,0.0,10.982,0.0
1785437676.991158,idle_post,0,1000,1000,0.0,0.0,10.967,0.0
1785437677.0131679,idle_post,0,1000,1000,0.0,0.0,10.977,0.0
1785437677.0312986,idle_post,0,1000,1000,0.0,0.0,10.988,0.0
1785437677.0526595,idle_post,0,1000,1000,0.0,0.0,10.966,0.0
1785437677.0732093,idle_post,0,1000,1000,0.0,0.0,10.978,0.0
1785437677.0921655,idle_post,0,1000,1000,0.0,0.0,10.974,0.0
1785437677.113732,idle_post,0,1000,1000,0.0,0.0,10.989,0.0
1785437677.1311553,idle_post,0,1000,1000,0.0,0.0,10.988,0.0
1785437677.1521904,idle_post,0,1000,1000,0.0,0.0,10.977,0.0
1785437677.1732259,idle_post,0,1000,1000,0.0,0.0,10.979,0.0
1785437677.1914358,idle_post,0,1000,1000,0.0,0.0,10.981,0.0
1785437677.213199,idle_post,0,1000,1000,0.0,0.0,10.983,0.0
1785437677.231162,idle_post,0,1000,1000,0.0,0.0,10.989,0.0
1785437677.2521966,idle_post,0,1000,1000,0.0,0.0,10.977,0.0
1785437677.2731805,idle_post,0,1000,1000,0.0,0.0,10.985,0.0
1785437677.292246,idle_post,0,1000,1000,0.0,0.0,10.972,0.0
1785437677.3136666,idle_post,0,1000,1000,0.0,0.0,10.971,0.0
1785437677.331163,idle_post,0,1000,1000,0.0,0.0,10.975,0.0
1785437677.3521967,idle_post,0,1000,1000,0.0,0.0,10.977,0.0
1785437677.37116,idle_post,0,1000,1000,0.0,0.0,10.981,0.0
1785437677.3937712,idle_post,0,1000,1000,0.0,0.0,10.943,0.0
1785437677.4113653,idle_post,0,1000,1000,0.0,0.0,10.977,0.0
1785437677.433321,idle_post,0,1000,1000,0.0,0.0,10.979,0.0
1785437677.4542298,idle_post,0,1000,1000,0.0,0.0,10.979,0.0
1785437677.472649,idle_post,0,1000,1000,0.0,0.0,10.946,0.0
1785437677.493228,idle_post,0,1000,1000,0.0,0.0,11.034,0.0
1785437677.5116258,idle_post,0,1000,1000,0.0,0.0,10.973,0.0
1785437677.5322614,idle_post,0,1000,1000,0.0,0.0,10.977,0.0
1785437677.5545962,idle_post,0,1000,1000,0.0,0.0,10.983,0.0
1785437677.5722547,idle_post,0,1000,1000,0.0,0.0,10.988,0.0
1785437677.5908415,idle_post,0,1000,1000,0.0,0.0,10.973,0.0
1785437677.6116815,idle_post,0,1000,1000,0.0,0.0,10.98,0.0
1785437677.6321754,idle_post,0,1000,1000,0.0,0.0,10.982,0.0
1785437677.6536705,idle_post,0,1000,1000,0.0,0.0,10.975,0.0
1785437677.671478,idle_post,0,1000,1000,0.0,0.0,10.97,0.0
1785437677.6909635,idle_post,0,1000,1000,0.0,0.0,10.95,0.0
1785437677.7121925,idle_post,0,1000,1000,0.0,0.0,10.974,0.0
1785437677.7332263,idle_post,0,1000,1000,0.0,0.0,10.977,0.0
1785437677.7524028,idle_post,0,1000,1000,0.0,0.0,10.981,0.0
1785437677.77318,idle_post,0,1000,1000,0.0,0.0,10.976,0.0
1785437677.7913368,idle_post,0,1000,1000,0.0,0.0,10.988,0.0
1785437677.8121755,idle_post,0,1000,1000,0.0,0.0,10.987,0.0
1785437677.8331847,idle_post,0,1000,1000,0.0,0.0,10.976,0.0
1785437677.8545854,idle_post,0,1000,1000,0.0,0.0,10.969,0.0
1785437677.8731933,idle_post,0,1000,1000,0.0,0.0,10.987,0.0
1785437677.8914495,idle_post,0,1000,1000,0.0,0.0,10.956,0.0
1785437677.9122005,idle_post,0,1000,1000,0.0,0.0,10.974,0.0
1785437677.9321806,idle_post,0,1000,1000,0.0,0.0,10.978,0.0
1785437677.9532354,idle_post,0,1000,1000,0.0,0.0,10.981,0.0
1785437677.972183,idle_post,0,1000,1000,0.0,0.0,10.971,0.0
1785437677.991303,idle_post,0,1000,1000,0.0,0.0,10.978,0.0
1785437678.0113785,idle_post,0,1000,1000,0.0,0.0,10.982,0.0
1785437678.0322788,idle_post,0,1000,1000,0.0,0.0,10.98,0.0
1785437678.0537794,idle_post,0,1000,1000,0.0,0.0,11.025,0.09
1785437678.0712934,idle_post,0,1000,1000,0.0,0.0,10.982,0.0
1785437678.0933194,idle_post,0,1000,1000,0.0,0.0,10.983,0.0
1785437678.1113188,idle_post,0,1000,1000,0.0,0.0,10.984,0.0
1785437678.1327257,idle_post,0,1000,1000,0.0,0.0,10.986,0.0
1785437678.1532917,idle_post,0,1000,1000,0.0,0.0,10.993,0.0
1785437678.1723487,idle_post,0,1000,1000,0.0,0.0,10.986,0.0
1785437678.1920784,idle_post,0,1000,1000,0.0,0.0,10.971,0.0
1785437678.2114792,idle_post,0,1000,1000,0.0,0.0,10.987,0.0
1785437678.232217,idle_post,0,1000,1000,0.0,0.0,10.978,0.0
1785437678.2539103,idle_post,0,1000,1000,0.0,0.0,10.98,0.0
1785437678.2718446,idle_post,0,1000,1000,0.0,0.0,10.938,0.0
1785437678.2922049,idle_post,0,1000,1000,0.0,0.0,10.979,0.0
1785437678.3111095,idle_post,0,1000,1000,0.0,0.0,10.987,0.0
1785437678.3333,idle_post,0,1000,1000,0.0,0.0,10.977,0.0
1785437678.354304,idle_post,0,1000,1000,0.0,0.0,10.996,0.0
1785437678.3735292,idle_post,0,1000,1000,0.0,0.0,10.985,0.0
1785437678.3922513,idle_post,0,1000,1000,0.0,0.0,10.985,0.0
1785437678.4133303,idle_post,0,1000,1000,0.0,0.0,10.978,0.0
1785437678.4316747,idle_post,0,1000,1000,0.0,0.0,10.978,0.0
1785437678.4531677,idle_post,0,1000,1000,0.0,0.0,10.963,0.0
1785437678.47144,idle_post,0,1000,1000,0.0,0.0,10.966,0.0
1785437678.4922435,idle_post,0,1000,1000,0.0,0.0,10.964,0.0
1785437678.5133688,idle_post,0,1000,1000,0.0,0.0,10.988,0.0
1785437678.5313137,idle_post,0,1000,1000,0.0,0.0,10.972,0.0
1785437678.553363,idle_post,0,1000,1000,0.0,0.0,10.967,0.0
1785437678.5712404,idle_post,0,1000,1000,0.0,0.0,10.974,0.0
1785437678.5923505,idle_post,0,1000,1000,0.0,0.0,10.976,0.0
1785437678.6134405,idle_post,0,1000,1000,0.0,0.0,10.98,0.0
1785437678.6322296,idle_post,0,1000,1000,0.0,0.0,10.969,0.0
1785437678.6542275,idle_post,0,1000,1000,0.0,0.0,10.982,0.0
1785437678.6722941,idle_post,0,1000,1000,0.0,0.0,10.958,0.0
1785437678.6933436,idle_post,0,1000,1000,0.0,0.0,10.972,0.0
1785437678.7112234,idle_post,0,1000,1000,0.0,0.0,11.003,0.0
1785437678.7336035,idle_post,0,1000,1000,0.0,0.0,10.981,0.0
1785437678.7542708,idle_post,0,1000,1000,0.0,0.0,10.971,0.0
1785437678.7722225,idle_post,0,1000,1000,0.0,0.0,10.973,0.0
1785437678.7933006,idle_post,0,1000,1000,0.0,0.0,10.977,0.0
1785437678.8124826,idle_post,0,1000,1000,0.0,0.0,10.995,0.0
1785437678.8332164,idle_post,0,1000,1000,0.0,0.0,10.987,0.0
1785437678.854797,idle_post,0,1000,1000,0.0,0.0,10.984,0.0
1785437678.8722174,idle_post,0,1000,1000,0.0,0.0,10.987,0.0
1785437678.8915389,idle_post,0,1000,1000,0.0,0.0,10.979,0.0
1785437678.9122097,idle_post,0,1000,1000,0.0,0.0,10.984,0.0
1785437678.9312482,idle_post,0,1000,1000,0.0,0.0,10.992,0.0
1785437678.9522488,idle_post,0,1000,1000,0.0,0.0,10.938,0.0
1785437678.9712796,idle_post,0,1000,1000,0.0,0.0,10.973,0.0
1785437678.9932551,idle_post,0,1000,1000,0.0,0.0,10.972,0.0
1785437679.0113041,idle_post,0,1000,1000,0.0,0.0,10.976,0.0
1785437679.0324638,idle_post,0,1000,1000,0.0,0.0,10.976,0.0
1785437679.0533254,idle_post,0,1000,1000,0.0,0.0,10.98,0.0
1785437679.0722497,idle_post,0,1000,1000,0.0,0.0,10.989,0.0
1785437679.0932832,idle_post,0,1000,1000,0.0,0.0,10.933,0.0
1785437679.1113174,idle_post,0,1000,1000,0.0,0.0,10.982,0.0
1785437679.1317832,idle_post,0,1000,1000,0.0,0.0,10.985,0.0
1785437679.1522672,idle_post,0,1000,1000,0.0,0.0,10.989,0.0
1785437679.173264,idle_post,0,1000,1000,0.0,0.0,10.946,0.0
1785437679.1912649,idle_post,0,1000,1000,0.0,0.0,10.984,0.0
1785437679.2132764,idle_post,0,1000,1000,0.0,0.0,10.926,0.0
1785437679.2312753,idle_post,0,1000,1000,0.0,0.0,10.959,0.0
1785437679.2522638,idle_post,0,1000,1000,0.0,0.0,11.077,0.0
1785437679.2732303,idle_post,0,1000,1000,0.0,0.0,10.919,0.0
1785437679.291324,idle_post,0,1000,1000,0.0,0.0,10.884,0.0
1785437679.312224,idle_post,0,1000,1000,0.0,0.0,10.988,0.0
1785437679.3316438,idle_post,0,1000,1000,0.0,0.0,10.975,0.0
1785437679.3526468,idle_post,0,1000,1000,0.0,0.0,10.988,0.0
1785437679.3738453,idle_post,0,1000,1000,0.0,0.0,10.987,0.0
1785437679.3913434,idle_post,0,1000,1000,0.0,0.0,10.981,0.0
1785437679.4133346,idle_post,0,1000,1000,0.0,0.0,10.992,0.0
1785437679.4312356,idle_post,0,1000,1000,0.0,0.0,10.98,0.0
1785437679.4527144,idle_post,0,1000,1000,0.0,0.0,10.987,0.0
1785437679.4732695,idle_post,0,1000,1000,0.0,0.0,10.988,0.0
1785437679.4922752,idle_post,0,1000,1000,0.0,0.0,10.981,0.0
1785437679.5117931,idle_post,0,1000,1000,0.0,0.0,10.983,0.0
1785437679.5326176,idle_post,0,1000,1000,0.0,0.0,10.981,0.0
1785437679.554337,idle_post,0,1000,1000,0.0,0.0,10.968,0.0
1785437679.5722685,idle_post,0,1000,1000,0.0,0.0,10.982,0.0
1785437679.593268,idle_post,0,1000,1000,0.0,0.0,10.974,0.0
1785437679.6118352,idle_post,0,1000,1000,0.0,0.0,10.991,0.0
1785437679.632394,idle_post,0,1000,1000,0.0,0.0,10.974,0.0
1785437679.6536949,idle_post,0,1000,1000,0.0,0.0,10.975,0.0
1785437679.6719425,idle_post,0,1000,1000,0.0,0.0,10.98,0.0
1785437679.6925082,idle_post,0,1000,1000,0.0,0.0,10.972,0.0
1785437679.713458,idle_post,0,1000,1000,0.0,0.0,10.939,0.0
1785437679.7322676,idle_post,0,1000,1000,0.0,0.0,10.983,0.0
1785437679.7532694,idle_post,0,1000,1000,0.0,0.0,10.987,0.0
1785437679.771308,idle_post,0,1000,1000,0.0,0.0,10.986,0.0
1785437679.7922807,idle_post,0,1000,1000,0.0,0.0,10.976,0.0
1785437679.8112414,idle_post,0,1000,1000,0.0,0.0,10.983,0.0
1785437679.8322742,idle_post,0,1000,1000,0.0,0.0,10.951,0.0
1785437679.8532798,idle_post,0,1000,1000,0.0,0.0,10.976,0.0
1785437679.8712761,idle_post,0,1000,1000,0.0,0.0,10.945,0.0
1785437679.8932498,idle_post,0,1000,1000,0.0,0.0,10.985,0.0
1785437679.9122427,idle_post,0,1000,1000,0.0,0.0,10.97,0.0
1785437679.9332528,idle_post,0,1000,1000,0.0,0.0,10.979,0.0
1785437679.9542716,idle_post,0,1000,1000,0.0,0.0,10.986,0.0
1785437679.9712696,idle_post,0,1000,1000,0.0,0.0,10.987,0.0
1785437679.9922864,idle_post,0,1000,1000,0.0,0.0,10.982,0.0
1785437680.011268,idle_post,0,1000,1000,0.0,0.0,10.982,0.0
1785437680.034633,idle_post,0,1000,1000,0.0,0.0,10.993,0.0
1785437680.0536957,idle_post,0,1000,1000,0.0,0.0,10.988,0.0
1785437680.0733345,idle_post,0,1000,1000,0.0,0.0,10.97,0.0
1785437680.0913124,idle_post,0,1000,1000,0.0,0.0,10.975,0.0
1785437680.1129997,idle_post,0,1000,1000,0.0,0.0,10.987,0.0
1785437680.1332655,idle_post,0,1000,1000,0.0,0.0,10.985,0.0
1785437680.1542974,idle_post,0,1000,1000,0.0,0.0,10.995,0.0
1785437680.1723387,idle_post,0,1000,1000,0.0,0.0,10.955,0.0
1785437680.191675,idle_post,0,1000,1000,0.0,0.0,10.993,0.0
1785437680.2122927,idle_post,0,1000,1000,0.0,0.0,10.987,0.0
1785437680.233276,idle_post,0,1000,1000,0.0,0.0,10.981,0.0
1785437680.2543693,idle_post,0,1000,1000,0.0,0.0,10.969,0.0
1785437680.2723155,idle_post,0,1000,1000,0.0,0.0,10.994,0.0
1785437680.2932653,idle_post,0,1000,1000,0.0,0.0,10.984,0.0
1785437680.311258,idle_post,0,1000,1000,0.0,0.0,10.977,0.0
1785437680.3333,idle_post,0,1000,1000,0.0,0.0,11.016,0.0
1785437680.354338,idle_post,0,1000,1000,0.0,0.0,10.989,0.0
1785437680.3723087,idle_post,0,1000,1000,0.0,0.0,10.967,0.0
1785437680.3932807,idle_post,0,1000,1000,0.0,0.0,10.987,0.0
1785437680.4122705,idle_post,0,1000,1000,0.0,0.0,10.952,0.0
1785437680.4312587,idle_post,0,1000,1000,0.0,0.0,10.978,0.0
1785437680.4523206,idle_post,0,1000,1000,0.0,0.0,10.98,0.0
1785437680.4733427,idle_post,0,1000,1000,0.0,0.0,10.988,0.0
1785437680.4913073,idle_post,0,1000,1000,0.0,0.0,10.982,0.0
1785437680.513338,idle_post,0,1000,1000,0.0,0.0,10.977,0.0
1785437680.5314324,idle_post,0,1000,1000,0.0,0.0,10.971,0.0
1785437680.552623,idle_post,0,1000,1000,0.0,0.0,11.125,0.0
1785437680.5734138,idle_post,0,1000,1000,0.0,0.0,10.982,0.0
1785437680.592445,idle_post,0,1000,1000,0.0,0.0,11.105,0.0
1785437680.6134884,idle_post,0,1000,1000,0.0,0.0,11.12,0.0
1785437680.631742,idle_post,0,1000,1000,0.0,0.0,10.983,0.0
1785437680.6543214,idle_post,0,1000,1000,0.0,0.0,10.988,0.0
1785437680.6723204,idle_post,0,1000,1000,0.0,0.0,10.984,0.0
1785437680.694044,idle_post,0,1000,1000,0.0,0.0,10.981,0.0
1785437680.7113621,idle_post,0,1000,1000,0.0,0.0,10.969,0.0
1785437680.7334254,idle_post,0,1000,1000,0.0,0.0,10.976,0.0
1785437680.7523177,idle_post,0,1000,1000,0.0,0.0,10.987,0.0
1785437680.7732916,idle_post,0,1000,1000,0.0,0.0,10.982,0.0
1785437680.7927024,idle_post,0,1000,1000,0.0,0.0,10.988,0.0
1785437680.813276,idle_post,0,1000,1000,0.0,0.0,10.98,0.0
1785437680.8318064,idle_post,0,1000,1000,0.0,0.0,10.997,0.0
1785437680.8523657,idle_post,0,1000,1000,0.0,0.0,10.992,0.0
1785437680.871401,idle_post,0,1000,1000,0.0,0.0,10.976,0.0
1785437680.8922775,idle_post,0,1000,1000,0.0,0.0,10.983,0.0
1785437680.9114547,idle_post,0,1000,1000,0.0,0.0,10.987,0.0
1785437680.9323905,idle_post,0,1000,1000,0.0,0.0,10.992,0.0
1785437680.9543312,idle_post,0,1000,1000,0.0,0.0,10.94,0.0
1785437680.9712896,idle_post,0,1000,1000,0.0,0.0,10.987,0.0
1785437680.993282,idle_post,0,1000,1000,0.0,0.0,10.987,0.0
1785437681.0112944,idle_post,0,1000,1000,0.0,0.0,10.99,0.0
1785437681.0322955,idle_post,0,1000,1000,0.0,0.0,10.968,0.0
1785437681.0533073,idle_post,0,1000,1000,0.0,0.0,10.983,0.0
1785437681.0722916,idle_post,0,1000,1000,0.0,0.0,10.988,0.0
1785437681.091285,idle_post,0,1000,1000,0.0,0.0,10.985,0.0
1785437681.1122985,idle_post,0,1000,1000,0.0,0.0,10.965,0.0
1785437681.133291,idle_post,0,1000,1000,0.0,0.0,10.99,0.0
1785437681.1548479,idle_post,0,1000,1000,0.0,0.0,10.955,0.0
1785437681.1733265,idle_post,0,1000,1000,0.0,0.0,10.982,0.0
1785437681.1913118,idle_post,0,1000,1000,0.0,0.0,10.994,0.0
1785437681.2123406,idle_post,0,1000,1000,0.0,0.0,11.07,0.0
1785437681.2333345,idle_post,0,1000,1000,0.0,0.0,11.133,0.0
1785437681.2523732,idle_post,0,1000,1000,0.0,0.0,10.993,0.0
1785437681.2733967,idle_post,0,1000,1000,0.0,0.0,10.991,0.0
1785437681.2922993,idle_post,0,1000,1000,0.0,0.0,10.987,0.0
1785437681.311302,idle_post,0,1000,1000,0.0,0.0,10.987,0.0
1785437681.332296,idle_post,0,1000,1000,0.0,0.0,10.984,0.0
1785437681.3539743,idle_post,0,1000,1000,0.0,0.0,10.99,0.0
1785437681.371334,idle_post,0,1000,1000,0.0,0.0,10.996,0.0
1785437681.3937201,idle_post,0,1000,1000,0.0,0.0,10.99,0.0
1785437681.4113612,idle_post,0,1000,1000,0.0,0.0,10.998,0.0
1785437681.4328766,idle_post,0,1000,1000,0.0,0.0,10.977,0.0
1785437681.453353,idle_post,0,1000,1000,0.0,0.0,10.979,0.0
1785437681.4726033,idle_post,0,1000,1000,0.0,0.0,10.981,0.0
1785437681.4921818,idle_post,0,1000,1000,0.0,0.0,10.977,0.0
1785437681.511737,idle_post,0,1000,1000,0.0,0.0,10.993,0.0
1785437681.5323188,idle_post,0,1000,1000,0.0,0.0,10.995,0.0
1785437681.554757,idle_post,0,1000,1000,0.0,0.0,10.987,0.0
1785437681.5723708,idle_post,0,1000,1000,0.0,0.0,10.983,0.0
1785437681.5910301,idle_post,0,1000,1000,0.0,0.0,10.98,0.0
1785437681.6113584,idle_post,0,1000,1000,0.0,0.0,11.081,0.0
1785437681.6338487,idle_post,0,1000,1000,0.0,0.0,10.956,0.0
1785437681.6543684,idle_post,0,1000,1000,0.0,0.0,10.991,0.0
1785437681.6724794,idle_post,0,1000,1000,0.0,0.0,10.988,0.0
1785437681.6937811,idle_post,0,1000,1000,0.0,0.0,10.955,0.0
1785437681.7123954,idle_post,0,1000,1000,0.0,0.0,10.989,0.0
1785437681.7334828,idle_post,0,1000,1000,0.0,0.0,10.998,0.0
1785437681.7543998,idle_post,0,1000,1000,0.0,0.0,10.985,0.0
1785437681.7724373,idle_post,0,1000,1000,0.0,0.0,10.994,0.0
1785437681.7933483,idle_post,0,1000,1000,0.0,0.0,10.987,0.0
1785437681.8113344,idle_post,0,1000,1000,0.0,0.0,11.011,0.0
1785437681.833323,idle_post,0,1000,1000,0.0,0.0,10.982,0.0
1785437681.8543549,idle_post,0,1000,1000,0.0,0.0,10.992,0.0
1785437681.8723145,idle_post,0,1000,1000,0.0,0.0,10.988,0.04
1785437681.893326,idle_post,0,1000,1000,0.0,0.0,10.996,0.0
1785437681.9123218,idle_post,0,1000,1000,0.0,0.0,10.994,0.0
1785437681.9334893,idle_post,0,1000,1000,0.0,0.0,10.993,0.0
1785437681.9543347,idle_post,0,1000,1000,0.0,0.0,10.954,0.0
1785437681.9723198,idle_post,0,1000,1000,0.0,0.0,10.976,0.0
1785437681.991329,idle_post,0,1000,1000,0.0,0.0,10.987,0.0
1785437682.0123117,idle_post,0,1000,1000,0.0,0.0,10.982,0.0
1785437682.0337362,idle_post,0,1000,1000,0.0,0.0,10.985,0.0
1785437682.0543575,idle_post,0,1000,1000,0.0,0.0,10.989,0.0
1785437682.0735295,idle_post,0,1000,1000,0.0,0.0,10.984,0.0
1785437682.0929377,idle_post,0,1000,1000,0.0,0.0,10.986,0.0
1785437682.1133177,idle_post,0,1000,1000,0.0,0.0,10.986,0.0
1785437682.1313193,idle_post,0,1000,1000,0.0,0.0,10.985,0.0
1785437682.1524472,idle_post,0,1000,1000,0.0,0.0,10.991,0.0
1785437682.1717138,idle_post,0,1000,1000,0.0,0.0,10.991,0.0
1785437682.192332,idle_post,0,1000,1000,0.0,0.0,10.995,0.0
1785437682.2133484,idle_post,0,1000,1000,0.0,0.0,11.0,0.0
1785437682.2313962,idle_post,0,1000,1000,0.0,0.0,10.979,0.0
1785437682.25245,idle_post,0,1000,1000,0.0,0.0,10.947,0.0
1785437682.2733505,idle_post,0,1000,1000,0.0,0.0,10.982,0.0
1785437682.2913196,idle_post,0,1000,1000,0.0,0.0,10.99,0.0
1785437682.3133228,idle_post,0,1000,1000,0.0,0.0,10.993,0.0
1785437682.3313327,idle_post,0,1000,1000,0.0,0.0,10.986,0.0
1785437682.3527281,idle_post,0,1000,1000,0.0,0.0,11.071,0.0
1785437682.3733222,idle_post,0,1000,1000,0.0,0.0,10.984,0.0
1785437682.3913355,idle_post,0,1000,1000,0.0,0.0,10.965,0.0
1785437682.4125605,idle_post,0,1000,1000,0.0,0.0,10.992,0.0
1785437682.4313989,idle_post,0,1000,1000,0.0,0.0,10.978,0.0
1785437682.4524982,idle_post,0,1000,1000,0.0,0.0,10.993,0.0
1785437682.4734561,idle_post,0,1000,1000,0.0,0.0,10.981,0.0
1785437682.4914846,idle_post,0,1000,1000,0.0,0.0,10.983,0.0
1785437682.5134068,idle_post,0,1000,1000,0.0,0.0,10.99,0.0
1785437682.5313735,idle_post,0,1000,1000,0.0,0.0,10.985,0.0
1785437682.5523612,idle_post,0,1000,1000,0.0,0.0,11.082,0.0
1785437682.573372,idle_post,0,1000,1000,0.0,0.0,10.987,0.0
1785437682.5923462,idle_post,0,1000,1000,0.0,0.0,10.993,0.0
1785437682.6134293,idle_post,0,1000,1000,0.0,0.0,10.993,0.0
1785437682.6313653,idle_post,0,1000,1000,0.0,0.0,10.996,0.0
1785437682.6524065,idle_post,0,1000,1000,0.0,0.0,10.987,0.0
1785437682.673462,idle_post,0,1000,1000,0.0,0.0,10.99,0.0
1785437682.6913993,idle_post,0,1000,1000,0.0,0.0,10.992,0.0
1785437682.7136967,idle_post,0,1000,1000,0.0,0.0,10.986,0.0
1785437682.7314823,idle_post,0,1000,1000,0.0,0.0,10.988,0.0
1785437682.7532628,idle_post,0,1000,1000,0.0,0.0,10.982,0.0
1785437682.7727337,idle_post,0,1000,1000,0.0,0.0,10.989,0.0
1785437682.7933729,idle_post,0,1000,1000,0.0,0.0,10.992,0.0
1785437682.812005,idle_post,0,1000,1000,0.0,0.0,10.99,0.0
1785437682.832414,idle_post,0,1000,1000,0.0,0.0,10.992,0.0
1785437682.854487,idle_post,0,1000,1000,0.0,0.0,10.993,0.0
1785437682.8723412,idle_post,0,1000,1000,0.0,0.0,10.991,0.0
1785437682.893358,idle_post,0,1000,1000,0.0,0.0,10.984,0.0
1785437682.9115481,idle_post,0,1000,1000,0.0,0.0,10.983,0.0
1785437682.9323845,idle_post,0,1000,1000,0.0,0.0,11.027,0.0
1785437682.9536123,idle_post,0,1000,1000,0.0,0.0,10.991,0.0
1785437682.971556,idle_post,0,1000,1000,0.0,0.0,10.975,0.0
1785437682.9924324,idle_post,0,1000,1000,0.0,0.0,10.991,0.0
1785437683.0135539,idle_post,0,1000,1000,0.0,0.0,11.057,0.0
1785437683.0323446,idle_post,0,1000,1000,0.0,0.0,10.988,0.0
1785437683.0534172,idle_post,0,1000,1000,0.0,0.0,10.979,0.0
1785437683.0715559,idle_post,0,1000,1000,0.0,0.0,10.985,0.0
1785437683.0923834,idle_post,0,1000,1000,0.0,0.0,11.02,0.0
1785437683.1133678,idle_post,0,1000,1000,0.0,0.0,10.988,0.0
1785437683.131487,idle_post,0,1000,1000,0.0,0.0,10.999,0.0
1785437683.153715,idle_post,0,1000,1000,0.0,0.0,10.989,0.0
1785437683.1734076,idle_post,0,1000,1000,0.0,0.0,11.021,0.0
1785437683.1914606,idle_post,0,1000,1000,0.0,0.0,10.902,0.0
1785437683.2133672,idle_post,0,1000,1000,0.0,0.0,10.989,0.0
1785437683.2323494,idle_post,0,1000,1000,0.0,0.0,11.003,0.0
1785437683.2534204,idle_post,0,1000,1000,0.0,0.0,10.982,0.0
1785437683.272355,idle_post,0,1000,1000,0.0,0.0,10.993,0.0
1785437683.292408,idle_post,0,1000,1000,0.0,0.0,10.978,0.0
1785437683.3116195,idle_post,0,1000,1000,0.0,0.0,10.983,0.0
1785437683.3324022,idle_post,0,1000,1000,0.0,0.0,10.981,0.0
1785437683.3540998,idle_post,0,1000,1000,0.0,0.0,10.999,0.0
1785437683.3714664,idle_post,0,1000,1000,0.0,0.0,10.98,0.0
1785437683.3923557,idle_post,0,1000,1000,0.0,0.0,10.987,0.0
1785437683.4134543,idle_post,0,1000,1000,0.0,0.0,10.986,0.0
1785437683.4325626,idle_post,0,1000,1000,0.0,0.0,10.986,0.0
1785437683.4534135,idle_post,0,1000,1000,0.0,0.0,10.991,0.0
1785437683.4721677,idle_post,0,1000,1000,0.0,0.0,10.991,0.0
1785437683.4925702,idle_post,0,1000,1000,0.0,0.0,11.0,0.0
1785437683.5118487,idle_post,0,1000,1000,0.0,0.0,10.994,0.0
1785437683.5324767,idle_post,0,1000,1000,0.0,0.0,10.998,0.0
1785437683.5538714,idle_post,0,1000,1000,0.0,0.0,10.983,0.0
1785437683.571371,idle_post,0,1000,1000,0.0,0.0,10.987,0.0
1785437683.592483,idle_post,0,1000,1000,0.0,0.0,11.02,0.0
1785437683.6133742,idle_post,0,1000,1000,0.0,0.0,10.986,0.0
1785437683.631414,idle_post,0,1000,1000,0.0,0.0,10.996,0.0
1785437683.653317,idle_post,0,1000,1000,0.0,0.0,10.978,0.0
1785437683.6736364,idle_post,0,1000,1000,0.0,0.0,10.924,0.0
1785437683.6925611,idle_post,0,1000,1000,0.0,0.0,10.98,0.0
1785437683.71345,idle_post,0,1000,1000,0.0,0.0,10.975,0.0
1785437683.731857,idle_post,0,1000,1000,0.0,0.0,10.991,0.0
1785437683.75264,idle_post,0,1000,1000,0.0,0.0,10.98,0.0
1785437683.771418,idle_post,0,1000,1000,0.0,0.0,10.99,0.0
1785437683.792507,idle_post,0,1000,1000,0.0,0.0,10.977,0.0
1785437683.8134992,idle_post,0,1000,1000,0.0,0.0,10.987,0.0
1785437683.8314028,idle_post,0,1000,1000,0.0,0.0,10.994,0.0
1785437683.8525488,idle_post,0,1000,1000,0.0,0.0,11.0,0.0
1785437683.8734088,idle_post,0,1000,1000,0.0,0.0,10.988,0.0
1785437683.8924928,idle_post,0,1000,1000,0.0,0.0,10.987,0.0
1785437683.9133883,idle_post,0,1000,1000,0.0,0.0,11.079,0.0
1785437683.9314373,idle_post,0,1000,1000,0.0,0.0,10.986,0.0
1785437683.9524543,idle_post,0,1000,1000,0.0,0.0,11.01,0.0
1785437683.9714606,idle_post,0,1000,1000,0.0,0.0,10.995,0.0
1785437683.9944758,idle_post,0,1000,1000,0.0,0.0,11.025,0.0
1785437684.0138192,idle_post,0,1000,1000,0.0,0.0,11.0,0.0
1785437684.0314226,idle_post,0,1000,1000,0.0,0.0,10.987,0.0
1785437684.053778,idle_post,0,1000,1000,0.0,0.0,10.985,0.0
1785437684.0731418,idle_post,0,1000,1000,0.0,0.0,10.988,0.0
1785437684.093504,idle_post,0,1000,1000,0.0,0.0,10.989,0.0
1785437684.1124158,idle_post,0,1000,1000,0.0,0.0,11.003,0.0
1785437684.1335042,idle_post,0,1000,1000,0.0,0.0,10.988,0.0
1785437684.1548243,idle_post,0,1000,1000,0.0,0.0,10.99,0.0
1785437684.1724367,idle_post,0,1000,1000,0.0,0.0,10.993,0.0
1785437684.1935008,idle_post,0,1000,1000,0.0,0.0,10.999,0.0
1785437684.211416,idle_post,0,1000,1000,0.0,0.0,10.996,0.0
1785437684.2324955,idle_post,0,1000,1000,0.0,0.0,10.988,0.0
1785437684.2543848,idle_post,0,1000,1000,0.0,0.0,11.068,0.0
1785437684.2710278,idle_post,0,1000,1000,0.0,0.0,10.986,0.0
1785437684.293482,idle_post,0,1000,1000,0.0,0.0,10.988,0.0
1785437684.3113866,idle_post,0,1000,1000,0.0,0.0,11.005,0.0
1785437684.3323927,idle_post,0,1000,1000,0.0,0.0,10.992,0.0
1785437684.353444,idle_post,0,1000,1000,0.0,0.0,10.981,0.0
1785437684.372396,idle_post,0,1000,1000,0.0,0.0,10.984,0.0
1785437684.3934822,idle_post,0,1000,1000,0.0,0.0,10.995,0.0
1785437684.4113874,idle_post,0,1000,1000,0.0,0.0,10.986,0.0
1785437684.432406,idle_post,0,1000,1000,0.0,0.0,10.987,0.0
1785437684.4535127,idle_post,0,1000,1000,0.0,0.0,10.964,0.0
1785437684.471662,idle_post,0,1000,1000,0.0,0.0,10.986,0.0
1785437684.4937096,idle_post,0,1000,1000,0.0,0.0,11.003,0.0
1785437684.5113928,idle_post,0,1000,1000,0.0,0.0,11.036,0.0
1785437684.532427,idle_post,0,1000,1000,0.0,0.0,10.989,0.0
1785437684.5540512,idle_post,0,1000,1000,0.0,0.0,11.045,0.0
1785437684.5724068,idle_post,0,1000,1000,0.0,0.0,11.001,0.0
1785437684.5913975,idle_post,0,1000,1000,0.0,0.0,10.99,0.0
1785437684.6124158,idle_post,0,1000,1000,0.0,0.0,11.019,0.0
1785437684.6315243,idle_post,0,1000,1000,0.0,0.0,10.982,0.0
1785437684.6544478,idle_post,0,1000,1000,0.0,0.0,10.994,0.0
1785437684.6743367,idle_post,0,1000,1000,0.0,0.0,10.993,0.0
1785437684.693765,idle_post,0,1000,1000,0.0,0.0,11.0,0.0
1785437684.7115705,idle_post,0,1000,1000,0.0,0.0,10.971,0.0
1785437684.7335188,idle_post,0,1000,1000,0.0,0.0,10.984,0.0
1785437684.7528539,idle_post,0,1000,1000,0.0,0.0,10.97,0.0
1785437684.7734342,idle_post,0,1000,1000,0.0,0.0,11.003,0.0
1785437684.7917957,idle_post,0,1000,1000,0.0,0.0,10.994,0.0
1785437684.812535,idle_post,0,1000,1000,0.0,0.0,10.991,0.0
1785437684.8315165,idle_post,0,1000,1000,0.0,0.0,10.847,0.0
1785437684.8528838,idle_post,0,1000,1000,0.0,0.0,10.987,0.0
1785437684.8734598,idle_post,0,1000,1000,0.0,0.0,10.984,0.0
1785437684.8914618,idle_post,0,1000,1000,0.0,0.0,10.98,0.0
1785437684.9124365,idle_post,0,1000,1000,0.0,0.0,10.848,0.0
1785437684.9334526,idle_post,0,1000,1000,0.0,0.0,10.988,0.0
1785437684.9544458,idle_post,0,1000,1000,0.0,0.0,10.958,0.0
1785437684.9734209,idle_post,0,1000,1000,0.0,0.0,10.989,0.0
1785437684.9924288,idle_post,0,1000,1000,0.0,0.0,10.993,0.0
1785437685.013466,idle_post,0,1000,1000,0.0,0.0,10.993,0.0
1785437685.0324097,idle_post,0,1000,1000,0.0,0.0,10.984,0.0
1785437685.0534513,idle_post,0,1000,1000,0.0,0.0,11.006,0.0
1785437685.0714505,idle_post,0,1000,1000,0.0,0.0,10.989,0.0
1785437685.0924425,idle_post,0,1000,1000,0.0,0.0,10.986,0.0
1785437685.1114128,idle_post,0,1000,1000,0.0,0.0,10.989,0.0
1785437685.1334336,idle_post,0,1000,1000,0.0,0.0,10.996,0.0
1785437685.154451,idle_post,0,1000,1000,0.0,0.0,10.992,0.0
1785437685.1724563,idle_post,0,1000,1000,0.0,0.0,11.082,0.0
1785437685.1934745,idle_post,0,1000,1000,0.0,0.0,10.963,0.0
1785437685.2125912,idle_post,0,1000,1000,0.0,0.0,10.998,0.0
1785437685.233452,idle_post,0,1000,1000,0.0,0.0,10.988,0.0
1785437685.2545621,idle_post,0,1000,1000,0.0,0.0,10.997,0.0
1785437685.271422,idle_post,0,1000,1000,0.0,0.0,10.992,0.0
1785437685.2925107,idle_post,0,1000,1000,0.0,0.0,10.981,0.0
1785437685.3134272,idle_post,0,1000,1000,0.0,0.0,10.987,0.0
1785437685.331418,idle_post,0,1000,1000,0.0,0.0,10.977,0.0
1785437685.3537865,idle_post,0,1000,1000,0.0,0.0,10.982,0.0
1785437685.37152,idle_post,0,1000,1000,0.0,0.0,10.989,0.0
1785437685.3934588,idle_post,0,1000,1000,0.0,0.0,10.988,0.0
1785437685.413455,idle_post,0,1000,1000,0.0,0.0,10.991,0.0
1785437685.4324522,idle_post,0,1000,1000,0.0,0.0,11.001,0.0
1785437685.4534516,idle_post,0,1000,1000,0.0,0.0,10.987,0.0
1785437685.4719343,idle_post,0,1000,1000,0.0,0.0,10.988,0.0
1785437685.492443,idle_post,0,1000,1000,0.0,0.0,10.982,0.0
1785437685.51353,idle_post,0,1000,1000,0.0,0.0,10.952,0.0
1785437685.5316143,idle_post,0,1000,1000,0.0,0.0,10.853,0.0
1785437685.5529687,idle_post,0,1000,1000,0.0,0.0,10.984,0.0
1785437685.571064,idle_post,0,1000,1000,0.0,0.0,10.986,0.0
1785437685.5918536,idle_post,0,1000,1000,0.0,0.0,10.984,0.0
1785437685.6134276,idle_post,0,1000,1000,0.0,0.0,10.989,0.0
1785437685.6314278,idle_post,0,1000,1000,0.0,0.0,10.994,0.0
1785437685.6530337,idle_post,0,1000,1000,0.0,0.0,10.989,0.0
1785437685.6735165,idle_post,0,1000,1000,0.0,0.0,10.99,0.0
1785437685.691487,idle_post,0,1000,1000,0.0,0.0,10.955,0.0
1785437685.712475,idle_post,0,1000,1000,0.0,0.0,10.988,0.0
1785437685.7315168,idle_post,0,1000,1000,0.0,0.0,11.0,0.0
1785437685.752541,idle_post,0,1000,1000,0.0,0.0,10.987,0.0
1785437685.7735472,idle_post,0,1000,1000,0.0,0.0,10.987,0.0
1785437685.7917233,idle_post,0,1000,1000,0.0,0.0,10.985,0.0
1785437685.8135216,idle_post,0,1000,1000,0.0,0.0,10.971,0.0
1785437685.831498,idle_post,0,1000,1000,0.0,0.0,10.99,0.0
1785437685.8525143,idle_post,0,1000,1000,0.0,0.0,10.923,0.0
1785437685.87261,idle_post,0,1000,1000,0.0,0.0,10.987,0.0
1785437685.8935432,idle_post,0,1000,1000,0.0,0.0,11.102,0.04
1785437685.9115622,idle_post,0,1000,1000,0.0,0.0,10.922,0.0
1785437685.932514,idle_post,0,1000,1000,0.0,0.0,10.982,0.0
1785437685.9545486,idle_post,0,1000,1000,0.0,0.0,10.978,0.0
1785437685.9725592,idle_post,0,1000,1000,0.0,0.0,10.984,0.0
1785437685.9939644,idle_post,0,1000,1000,0.0,0.0,10.987,0.0
1785437686.0114505,idle_post,0,1000,1000,0.0,0.0,10.989,0.0
1785437686.0334651,idle_post,0,1000,1000,0.0,0.0,10.987,0.0
1785437686.053462,idle_post,0,1000,1000,0.0,0.0,10.992,0.0
1785437686.0728188,idle_post,0,1000,1000,0.0,0.0,11.012,0.0
1785437686.093452,idle_post,0,1000,1000,0.0,0.0,10.991,0.0
1785437686.1114597,idle_post,0,1000,1000,0.0,0.0,10.987,0.0
1785437686.1325233,idle_post,0,1000,1000,0.0,0.0,11.003,0.0
1785437686.1547067,idle_post,0,1000,1000,0.0,0.0,11.006,0.0
1785437686.1724963,idle_post,0,1000,1000,0.0,0.0,11.001,0.0
1785437686.1914048,idle_post,0,1000,1000,0.0,0.0,10.997,0.0
1785437686.212475,idle_post,0,1000,1000,0.0,0.0,10.995,0.0
1785437686.2318947,idle_post,0,1000,1000,0.0,0.0,10.989,0.0
1785437686.2547307,idle_post,0,1000,1000,0.0,0.0,10.967,0.0
1785437686.2734547,idle_post,0,1000,1000,0.0,0.0,10.998,0.0
1785437686.2914684,idle_post,0,1000,1000,0.0,0.0,10.996,0.0
1785437686.3124588,idle_post,0,1000,1000,0.0,0.0,10.992,0.0
1785437686.3334737,idle_post,0,1000,1000,0.0,0.0,10.99,0.0
1785437686.3526556,idle_post,0,1000,1000,0.0,0.0,10.995,0.0
1785437686.3735049,idle_post,0,1000,1000,0.0,0.0,10.995,0.0
1785437686.3914773,idle_post,0,1000,1000,0.0,0.0,10.991,0.0
1785437686.4114745,idle_post,0,1000,1000,0.0,0.0,10.986,0.0
1785437686.4324887,idle_post,0,1000,1000,0.0,0.0,10.992,0.0
1785437686.453489,idle_post,0,1000,1000,0.0,0.0,10.991,0.0
1785437686.4715397,idle_post,0,1000,1000,0.0,0.0,11.096,0.0
1785437686.492464,idle_post,0,1000,1000,0.0,0.0,10.992,0.0
1785437686.5134747,idle_post,0,1000,1000,0.0,0.0,10.987,0.0
1785437686.532459,idle_post,0,1000,1000,0.0,0.0,10.98,0.0
1785437686.5537443,idle_post,0,1000,1000,0.0,0.0,10.986,0.0
1785437686.5714593,idle_post,0,1000,1000,0.0,0.0,10.987,0.0
1785437686.5924644,idle_post,0,1000,1000,0.0,0.0,10.976,0.0
1785437686.6115875,idle_post,0,1000,1000,0.0,0.0,10.99,0.0
1785437686.632948,idle_post,0,1000,1000,0.0,0.0,11.003,0.0
1785437686.654073,idle_post,0,1000,1000,0.0,0.0,11.0,0.0
1785437686.6716137,idle_post,0,1000,1000,0.0,0.0,10.99,0.0
1785437686.69372,idle_post,0,1000,1000,0.0,0.0,10.986,0.0
1785437686.7118893,idle_post,0,1000,1000,0.0,0.0,10.999,0.0
1785437686.7328193,idle_post,0,1000,1000,0.0,0.0,10.943,0.0
1785437686.7526984,idle_post,0,1000,1000,0.0,0.0,10.969,0.0
1785437686.773575,idle_post,0,1000,1000,0.0,0.0,10.987,0.0
1785437686.7920067,idle_post,0,1000,1000,0.0,0.0,10.99,0.0
1785437686.812524,idle_post,0,1000,1000,0.0,0.0,10.989,0.0
1785437686.8315,idle_post,0,1000,1000,0.0,0.0,11.004,0.0
1785437686.854222,idle_post,0,1000,1000,0.0,0.0,10.987,0.0
1785437686.8716848,idle_post,0,1000,1000,0.0,0.0,10.992,0.0
1785437686.892492,idle_post,0,1000,1000,0.0,0.0,10.989,0.0
1785437686.9135325,idle_post,0,1000,1000,0.0,0.0,10.984,0.0
1785437686.9335988,idle_post,0,1000,1000,0.0,0.0,11.003,0.0
1785437686.954578,idle_post,0,1000,1000,0.0,0.0,10.978,0.0
1785437686.9727094,idle_post,0,1000,1000,0.0,0.0,10.989,0.0
1785437686.9934907,idle_post,0,1000,1000,0.0,0.0,10.992,0.0
1785437687.0115051,idle_post,0,1000,1000,0.0,0.0,10.968,0.0
1785437687.033008,idle_post,0,1000,1000,0.0,0.0,10.994,0.0
1785437687.0548701,idle_post,0,1000,1000,0.0,0.0,10.982,0.0
1785437687.0725102,idle_post,0,1000,1000,0.0,0.0,10.99,0.0
1785437687.0935214,idle_post,0,1000,1000,0.0,0.0,10.983,0.0
1785437687.1120148,idle_post,0,1000,1000,0.0,0.0,11.0,0.0
1785437687.1334765,idle_post,0,1000,1000,0.0,0.0,10.987,0.0
1785437687.1545134,idle_post,0,1000,1000,0.0,0.0,11.005,0.0
1785437687.1725278,idle_post,0,1000,1000,0.0,0.0,11.002,0.0
1785437687.1935287,idle_post,0,1000,1000,0.0,0.0,10.896,0.0
1785437687.2125854,idle_post,0,1000,1000,0.0,0.0,10.992,0.0
1785437687.2334974,idle_post,0,1000,1000,0.0,0.0,10.985,0.0
1785437687.2545254,idle_post,0,1000,1000,0.0,0.0,11.003,0.0
1785437687.2725065,idle_post,0,1000,1000,0.0,0.0,10.978,0.0
1785437687.2914836,idle_post,0,1000,1000,0.0,0.0,11.062,0.0
1785437687.3148081,idle_post,0,1000,1000,0.0,0.0,11.085,0.0
1785437687.333804,idle_post,0,1000,1000,0.0,0.0,10.99,0.0
1785437687.3545632,idle_post,0,1000,1000,0.0,0.0,10.991,0.0
1785437687.373386,idle_post,0,1000,1000,0.0,0.0,10.941,0.0
1785437687.393564,idle_post,0,1000,1000,0.0,0.0,10.938,0.04
1785437687.4130218,idle_post,0,1000,1000,0.0,0.0,10.984,0.0
1785437687.4314854,idle_post,0,1000,1000,0.0,0.0,10.975,0.0
1785437687.4526343,idle_post,0,1000,1000,0.0,0.0,10.99,0.0
1785437687.4717598,idle_post,0,1000,1000,0.0,0.0,10.993,0.0
1785437687.4925008,idle_post,0,1000,1000,0.0,0.0,10.99,0.0
1785437687.5111082,idle_post,0,1000,1000,0.0,0.0,10.996,0.0
1785437687.5314941,idle_post,0,1000,1000,0.0,0.0,11.012,0.0
1785437687.5526402,idle_post,0,1000,1000,0.0,0.0,10.988,0.0
1785437687.5734947,idle_post,0,1000,1000,0.0,0.0,10.989,0.0
1785437687.5915532,idle_post,0,1000,1000,0.0,0.0,10.989,0.0
1785437687.6135204,idle_post,0,1000,1000,0.0,0.0,10.989,0.0
1785437687.6315055,idle_post,0,1000,1000,0.0,0.0,11.005,0.0
1785437687.6527374,idle_post,0,1000,1000,0.0,0.0,11.017,0.0
1785437687.6735487,idle_post,0,1000,1000,0.0,0.0,10.989,0.0
1785437687.691594,idle_post,0,1000,1000,0.0,0.0,11.0,0.0
1785437687.7126992,idle_post,0,1000,1000,0.0,0.0,10.986,0.0
1785437687.7315512,idle_post,0,1000,1000,0.0,0.0,11.002,0.0
1785437687.7526188,idle_post,0,1000,1000,0.0,0.0,10.971,0.0
1785437687.7735054,idle_post,0,1000,1000,0.0,0.0,11.004,0.0
1785437687.791526,idle_post,0,1000,1000,0.0,0.0,10.992,0.0
1785437687.812543,idle_post,0,1000,1000,0.0,0.0,10.997,0.0
1785437687.8335688,idle_post,0,1000,1000,0.0,0.0,10.986,0.0
1785437687.8525856,idle_post,0,1000,1000,0.0,0.0,10.974,0.0
1785437687.8736222,idle_post,0,1000,1000,0.0,0.0,10.985,0.0
1785437687.892547,idle_post,0,1000,1000,0.0,0.0,10.99,0.0
1785437687.9115682,idle_post,0,1000,1000,0.0,0.0,11.0,0.0
1785437687.9325812,idle_post,0,1000,1000,0.0,0.0,10.988,0.0
1785437687.9536896,idle_post,0,1000,1000,0.0,0.0,10.992,0.0
1785437687.9715393,idle_post,0,1000,1000,0.0,0.0,11.064,0.0
1785437687.9938087,idle_post,0,1000,1000,0.0,0.0,10.971,0.0
1785437688.0115268,idle_post,0,1000,1000,0.0,0.0,11.0,0.0
1785437688.03268,idle_post,0,1000,1000,0.0,0.0,10.998,0.0
1785437688.0536587,idle_post,0,1000,1000,0.0,0.0,10.992,0.0
1785437688.0726075,idle_post,0,1000,1000,0.0,0.0,10.982,0.0
1785437688.0935264,idle_post,0,1000,1000,0.0,0.0,10.981,0.0
1785437688.1121595,idle_post,0,1000,1000,0.0,0.0,11.007,0.0
1785437688.1325097,idle_post,0,1000,1000,0.0,0.0,10.991,0.0
1785437688.1536644,idle_post,0,1000,1000,0.0,0.0,11.003,0.0
1785437688.1715753,idle_post,0,1000,1000,0.0,0.0,10.992,0.0
1785437688.1925318,idle_post,0,1000,1000,0.0,0.0,11.001,0.0
1785437688.2123063,idle_post,0,1000,1000,0.0,0.0,10.988,0.0
1785437688.2335374,idle_post,0,1000,1000,0.0,0.0,10.987,0.0
1785437688.254557,idle_post,0,1000,1000,0.0,0.0,10.995,0.0
1785437688.2727532,idle_post,0,1000,1000,0.0,0.0,10.95,0.0
1785437688.2935593,idle_post,0,1000,1000,0.0,0.0,10.994,0.0
1785437688.312624,idle_post,0,1000,1000,0.0,0.0,10.996,0.0
1785437688.3335264,idle_post,0,1000,1000,0.0,0.0,10.978,0.0
1785437688.354648,idle_post,0,1000,1000,0.0,0.0,10.999,0.0
1785437688.372906,idle_post,0,1000,1000,0.0,0.0,10.989,0.0
1785437688.3915286,idle_post,0,1000,1000,0.0,0.0,11.0,0.0
1785437688.412644,idle_post,0,1000,1000,0.0,0.0,11.001,0.0
1785437688.433518,idle_post,0,1000,1000,0.0,0.0,10.99,0.0
1785437688.4539676,idle_post,0,1000,1000,0.0,0.0,10.99,0.0
1785437688.4716554,idle_post,0,1000,1000,0.0,0.0,10.987,0.0
1785437688.4936054,idle_post,0,1000,1000,0.0,0.0,10.98,0.0
1785437688.5126162,idle_post,0,1000,1000,0.0,0.0,10.988,0.0
1785437688.5327208,idle_post,0,1000,1000,0.0,0.0,10.993,0.0
1785437688.5535936,idle_post,0,1000,1000,0.0,0.0,10.993,0.0
1785437688.5715783,idle_post,0,1000,1000,0.0,0.0,11.003,0.0
1785437688.5927987,idle_post,0,1000,1000,0.0,0.0,10.987,0.0
1785437688.6135478,idle_post,0,1000,1000,0.0,0.0,11.051,0.0
1785437688.6315255,idle_post,0,1000,1000,0.0,0.0,10.895,0.0
1785437688.6538203,idle_post,0,1000,1000,0.0,0.0,10.933,0.0
1785437688.671627,idle_post,0,1000,1000,0.0,0.0,10.991,0.0
1785437688.693276,idle_post,0,1000,1000,0.0,0.0,10.981,0.0
1785437688.713725,idle_post,0,1000,1000,0.0,0.0,11.0,0.0
1785437688.7330472,idle_post,0,1000,1000,0.0,0.0,10.999,0.0
1785437688.753662,idle_post,0,1000,1000,0.0,0.0,10.989,0.0
1785437688.7721062,idle_post,0,1000,1000,0.0,0.0,11.003,0.0
1785437688.7925305,idle_post,0,1000,1000,0.0,0.0,10.993,0.0
1785437688.8137898,idle_post,0,1000,1000,0.0,0.0,10.999,0.0
1785437688.8315327,idle_post,0,1000,1000,0.0,0.0,10.988,0.0
1785437688.8526118,idle_post,0,1000,1000,0.0,0.0,10.991,0.0
1785437688.871434,idle_post,0,1000,1000,0.0,0.0,10.989,0.0
1785437688.8926966,idle_post,0,1000,1000,0.0,0.0,11.023,0.0
1785437688.9136975,idle_post,0,1000,1000,0.0,0.0,10.959,0.0
1785437688.9316418,idle_post,0,1000,1000,0.0,0.0,10.992,0.0
1785437688.9531448,idle_post,0,1000,1000,0.0,0.0,10.992,0.0
1785437688.9737568,idle_post,0,1000,1000,0.0,0.0,10.998,0.0
1785437688.9926014,idle_post,0,1000,1000,0.0,0.0,10.994,0.0
1785437689.0141153,idle_post,0,1000,1000,0.0,0.0,10.99,0.0
1785437689.0318055,idle_post,0,1000,1000,0.0,0.0,10.964,0.0
1785437689.0525968,idle_post,0,1000,1000,0.0,0.0,11.017,0.0
1785437689.0736382,idle_post,0,1000,1000,0.0,0.0,11.002,0.0
1785437689.0918703,idle_post,0,1000,1000,0.0,0.0,11.001,0.0
1785437689.1136622,idle_post,0,1000,1000,0.0,0.0,10.986,0.0
1785437689.1315415,idle_post,0,1000,1000,0.0,0.0,10.914,0.0
1785437689.152703,idle_post,0,1000,1000,0.0,0.0,11.001,0.0
1785437689.1737103,idle_post,0,1000,1000,0.0,0.0,10.999,0.0
1785437689.192688,idle_post,0,1000,1000,0.0,0.0,11.01,0.0
1785437689.2137651,idle_post,0,1000,1000,0.0,0.0,11.011,0.0
1785437689.2315469,idle_post,0,1000,1000,0.0,0.0,11.003,0.0
1785437689.2525978,idle_post,0,1000,1000,0.0,0.0,10.997,0.0
1785437689.2715511,idle_post,0,1000,1000,0.0,0.0,10.993,0.0
1785437689.2942019,idle_post,0,1000,1000,0.0,0.0,11.004,0.0
1785437689.3115888,idle_post,0,1000,1000,0.0,0.0,10.989,0.0
1785437689.3336656,idle_post,0,1000,1000,0.0,0.0,10.994,0.0
1785437689.354597,idle_post,0,1000,1000,0.0,0.0,10.996,0.0
1785437689.3730736,idle_post,0,1000,1000,0.0,0.0,10.994,0.0
1785437689.3935888,idle_post,0,1000,1000,0.0,0.0,10.997,0.0
1785437689.4115517,idle_post,0,1000,1000,0.0,0.0,10.992,0.0
1785437689.4325535,idle_post,0,1000,1000,0.0,0.0,10.995,0.0
1785437689.454804,idle_post,0,1000,1000,0.0,0.0,10.991,0.0
1785437689.4725876,idle_post,0,1000,1000,0.0,0.0,10.973,0.0
1785437689.4935591,idle_post,0,1000,1000,0.0,0.0,10.992,0.0
1785437689.5116508,idle_post,0,1000,1000,0.0,0.0,10.997,0.0
1785437689.5325623,idle_post,0,1000,1000,0.0,0.0,10.988,0.0
1785437689.5540662,idle_post,0,1000,1000,0.0,0.0,11.006,0.0
1785437689.5715723,idle_post,0,1000,1000,0.0,0.0,10.967,0.0
1785437689.5925784,idle_post,0,1000,1000,0.0,0.0,10.989,0.0
1785437689.6135597,idle_post,0,1000,1000,0.0,0.0,10.997,0.0
1785437689.6325767,idle_post,0,1000,1000,0.0,0.0,11.036,0.0
1785437689.653621,idle_post,0,1000,1000,0.0,0.0,10.998,0.0
1785437689.671744,idle_post,0,1000,1000,0.0,0.0,10.992,0.0
1785437689.6927967,idle_post,0,1000,1000,0.0,0.0,10.995,0.0
1785437689.711576,idle_post,0,1000,1000,0.0,0.0,10.992,0.0
1785437689.7326035,idle_post,0,1000,1000,0.0,0.0,10.989,0.0
1785437689.7536318,idle_post,0,1000,1000,0.0,0.0,10.991,0.0
1785437689.771582,idle_post,0,1000,1000,0.0,0.0,10.989,0.0
1785437689.7936542,idle_post,0,1000,1000,0.0,0.0,10.889,0.0
1785437689.8125741,idle_post,0,1000,1000,0.0,0.0,10.982,0.0
1785437689.8335655,idle_post,0,1000,1000,0.0,0.0,10.916,0.02
1785437689.852676,idle_post,0,1000,1000,0.0,0.0,11.011,0.0
1785437689.87365,idle_post,0,1000,1000,0.0,0.0,10.994,0.0
1785437689.891623,idle_post,0,1000,1000,0.0,0.0,10.996,0.0
1785437689.912609,idle_post,0,1000,1000,0.0,0.0,11.0,0.0
1785437689.9336233,idle_post,0,1000,1000,0.0,0.0,10.984,0.0
1785437689.9546518,idle_post,0,1000,1000,0.0,0.0,10.996,0.0
1785437689.9740372,idle_post,0,1000,1000,0.0,0.0,10.989,0.0
1785437689.9915988,idle_post,0,1000,1000,0.0,0.0,10.986,0.0
1785437690.0126185,idle_post,0,1000,1000,0.0,0.0,11.003,0.0
1785437690.0337088,idle_post,0,1000,1000,0.0,0.0,11.001,0.0
1785437690.0529723,idle_post,0,1000,1000,0.0,0.0,10.992,0.0
1785437690.073608,idle_post,0,1000,1000,0.0,0.0,10.992,0.0
1785437690.0921178,idle_post,0,1000,1000,0.0,0.0,10.983,0.0
1785437690.1125965,idle_post,0,1000,1000,0.0,0.0,11.003,0.0
1785437690.1316187,idle_post,0,1000,1000,0.0,0.0,10.993,0.0
1785437690.1526515,idle_post,0,1000,1000,0.0,0.0,10.993,0.0
1785437690.1713333,idle_post,0,1000,1000,0.0,0.0,10.995,0.0
1785437690.1916401,idle_post,0,1000,1000,0.0,0.0,11.0,0.0
1785437690.2125854,idle_post,0,1000,1000,0.0,0.0,10.96,0.0
1785437690.2335827,idle_post,0,1000,1000,0.0,0.0,10.989,0.0
1785437690.2546864,idle_post,0,1000,1000,0.0,0.0,11.005,0.0
1785437690.2735853,idle_post,0,1000,1000,0.0,0.0,10.995,0.0
1785437690.2925832,idle_post,0,1000,1000,0.0,0.0,10.994,0.0
1785437690.3135881,idle_post,0,1000,1000,0.0,0.0,10.989,0.0
1785437690.3325825,idle_post,0,1000,1000,0.0,0.0,11.003,0.0
1785437690.3546176,idle_post,0,1000,1000,0.0,0.0,10.995,0.0
1785437690.3725967,idle_post,0,1000,1000,0.0,0.0,11.003,0.0
1785437690.3936148,idle_post,0,1000,1000,0.0,0.0,11.0,0.0
1785437690.4116013,idle_post,0,1000,1000,0.0,0.0,10.872,0.0
1785437690.4335935,idle_post,0,1000,1000,0.0,0.0,11.003,0.0
1785437690.4546201,idle_post,0,1000,1000,0.0,0.0,10.986,0.0
1785437690.4726243,idle_post,0,1000,1000,0.0,0.0,11.014,0.0
1785437690.4926162,idle_post,0,1000,1000,0.0,0.0,10.952,0.0
1785437690.5136,idle_post,0,1000,1000,0.0,0.0,10.993,0.0
1785437690.5325956,idle_post,0,1000,1000,0.0,0.0,10.992,0.0
1785437690.5548713,idle_post,0,1000,1000,0.0,0.0,10.991,0.0
1785437690.5726008,idle_post,0,1000,1000,0.0,0.0,10.995,0.0
1785437690.5916371,idle_post,0,1000,1000,0.0,0.0,10.991,0.0
1785437690.6141682,idle_post,0,1000,1000,0.0,0.0,10.993,0.0
1785437690.631605,idle_post,0,1000,1000,0.0,0.0,10.997,0.0
1785437690.6537085,idle_post,0,1000,1000,0.0,0.0,10.987,0.0
1785437690.671659,idle_post,0,1000,1000,0.0,0.0,10.981,0.0
1785437690.6930852,idle_post,0,1000,1000,0.0,0.0,10.982,0.0
1785437690.713646,idle_post,0,1000,1000,0.0,0.0,11.0,0.0
1785437690.731594,idle_post,0,1000,1000,0.0,0.0,10.982,0.0
1785437690.7526524,idle_post,0,1000,1000,0.0,0.0,10.989,0.0
1785437690.7719557,idle_post,0,1000,1000,0.0,0.0,11.003,0.0
1785437690.792892,idle_post,0,1000,1000,0.0,0.0,10.998,0.0
1785437690.8136134,idle_post,0,1000,1000,0.0,0.0,11.003,0.0
1785437690.8318403,idle_post,0,1000,1000,0.0,0.0,11.0,0.0
1785437690.8526595,idle_post,0,1000,1000,0.0,0.0,10.991,0.0
1785437690.8736248,idle_post,0,1000,1000,0.0,0.0,10.996,0.0
1785437690.8916233,idle_post,0,1000,1000,0.0,0.0,10.997,0.0
1785437690.9136307,idle_post,0,1000,1000,0.0,0.0,11.005,0.0
1785437690.9316976,idle_post,0,1000,1000,0.0,0.0,11.003,0.0
1785437690.9531956,idle_post,0,1000,1000,0.0,0.0,10.989,0.0
1785437690.9737232,idle_post,0,1000,1000,0.0,0.0,10.991,0.0
1785437690.9917903,idle_post,0,1000,1000,0.0,0.0,10.981,0.0
1785437691.0129285,idle_post,0,1000,1000,0.0,0.0,10.973,0.0
1785437691.0316725,idle_post,0,1000,1000,0.0,0.0,11.072,0.0
1785437691.0527515,idle_post,0,1000,1000,0.0,0.0,10.999,0.0
1785437691.0737092,idle_post,0,1000,1000,0.0,0.0,10.999,0.0
1785437691.0936873,idle_post,0,1000,1000,0.0,0.0,11.001,0.0
1785437691.1116533,idle_post,0,1000,1000,0.0,0.0,11.105,0.0
1785437691.13269,idle_post,0,1000,1000,0.0,0.0,10.997,0.0
1785437691.1538787,idle_post,0,1000,1000,0.0,0.0,10.943,0.0
1785437691.1727772,idle_post,0,1000,1000,0.0,0.0,11.013,0.02
1785437691.19374,idle_post,0,1000,1000,0.0,0.0,11.001,0.0
1785437691.2116215,idle_post,0,1000,1000,0.0,0.0,10.999,0.0
1785437691.232655,idle_post,0,1000,1000,0.0,0.0,10.989,0.0
1785437691.253655,idle_post,0,1000,1000,0.0,0.0,11.006,0.0
1785437691.2716928,idle_post,0,1000,1000,0.0,0.0,10.986,0.0
1785437691.2940342,idle_post,0,1000,1000,0.0,0.0,10.977,0.0
1785437691.311619,idle_post,0,1000,1000,0.0,0.0,10.997,0.0
1785437691.3326683,idle_post,0,1000,1000,0.0,0.0,10.985,0.0
1785437691.3536506,idle_post,0,1000,1000,0.0,0.0,11.004,0.0
1785437691.3728983,idle_post,0,1000,1000,0.0,0.0,10.996,0.0
1785437691.3936167,idle_post,0,1000,1000,0.0,0.0,11.001,0.0
1785437691.4123638,idle_post,0,1000,1000,0.0,0.0,10.996,0.0
1785437691.4326205,idle_post,0,1000,1000,0.0,0.0,10.995,0.0
1785437691.4546454,idle_post,0,1000,1000,0.0,0.0,11.011,0.0
1785437691.472649,idle_post,0,1000,1000,0.0,0.0,10.99,0.0
1785437691.4918501,idle_post,0,1000,1000,0.0,0.0,11.003,0.0
1785437691.51265,idle_post,0,1000,1000,0.0,0.0,11.003,0.0
1785437691.5318203,idle_post,0,1000,1000,0.0,0.0,10.995,0.0
1785437691.554192,idle_post,0,1000,1000,0.0,0.0,11.003,0.0
1785437691.571711,idle_post,0,1000,1000,0.0,0.0,10.989,0.0
1785437691.5926998,idle_post,0,1000,1000,0.0,0.0,10.987,0.0
1785437691.61382,idle_post,0,1000,1000,0.0,0.0,10.996,0.0
1785437691.6326594,idle_post,0,1000,1000,0.0,0.0,10.987,0.0
1785437691.6538,idle_post,0,1000,1000,0.0,0.0,11.057,0.0
1785437691.6717482,idle_post,0,1000,1000,0.0,0.0,11.006,0.0
1785437691.692656,idle_post,0,1000,1000,0.0,0.0,11.085,0.02
1785437691.711691,idle_post,0,1000,1000,0.0,0.0,10.995,0.0
1785437691.7326512,idle_post,0,1000,1000,0.0,0.0,10.998,0.0
1785437691.7536812,idle_post,0,1000,1000,0.0,0.0,10.963,0.0
1785437691.7716296,idle_post,0,1000,1000,0.0,0.0,11.036,0.0
1785437691.7926288,idle_post,0,1000,1000,0.0,0.0,10.994,0.04
1785437691.8136287,idle_post,0,1000,1000,0.0,0.0,11.009,0.0
1785437691.832645,idle_post,0,1000,1000,0.0,0.0,10.977,0.0
1785437691.853692,idle_post,0,1000,1000,0.0,0.0,10.997,0.0
1785437691.8716486,idle_post,0,1000,1000,0.0,0.0,10.996,0.0
1785437691.8926377,idle_post,0,1000,1000,0.0,0.0,10.983,0.0
1785437691.9136314,idle_post,0,1000,1000,0.0,0.0,11.001,0.0
1785437691.9316423,idle_post,0,1000,1000,0.0,0.0,10.999,0.0
1785437691.9540915,idle_post,0,1000,1000,0.0,0.0,10.994,0.0
1785437691.9716508,idle_post,0,1000,1000,0.0,0.0,10.974,0.0
1785437691.9927988,idle_post,0,1000,1000,0.0,0.0,10.992,0.0
1785437692.0144734,idle_post,0,1000,1000,0.0,0.0,10.997,0.0
1785437692.0329971,idle_post,0,1000,1000,0.0,0.0,10.996,0.0
1785437692.0537965,idle_post,0,1000,1000,0.0,0.0,10.986,0.0
1785437692.0726714,idle_post,0,1000,1000,0.0,0.0,10.997,0.0
1785437692.0927,idle_post,0,1000,1000,0.0,0.0,10.993,0.0
1785437692.1116877,idle_post,0,1000,1000,0.0,0.0,10.987,0.0
1785437692.1327035,idle_post,0,1000,1000,0.0,0.0,11.007,0.0
1785437692.1549687,idle_post,0,1000,1000,0.0,0.0,10.988,0.0
1785437692.1730251,idle_post,0,1000,1000,0.0,0.0,11.006,0.0
1785437692.191803,idle_post,0,1000,1000,0.0,0.0,10.991,0.0
1785437692.2137098,idle_post,0,1000,1000,0.0,0.0,11.003,0.0
1785437692.2336712,idle_post,0,1000,1000,0.0,0.0,10.992,0.0
1785437692.2546916,idle_post,0,1000,1000,0.0,0.0,10.989,0.0
1785437692.272686,idle_post,0,1000,1000,0.0,0.0,10.926,0.0
1785437692.2936506,idle_post,0,1000,1000,0.0,0.0,10.991,0.0
1785437692.31166,idle_post,0,1000,1000,0.0,0.0,11.006,0.0
1785437692.332874,idle_post,0,1000,1000,0.0,0.0,10.987,0.0
1785437692.3550725,idle_post,0,1000,1000,0.0,0.0,10.983,0.0
1785437692.3726552,idle_post,0,1000,1000,0.0,0.0,10.998,0.0
1785437692.391649,idle_post,0,1000,1000,0.0,0.0,10.956,0.0
1785437692.4136486,idle_post,0,1000,1000,0.0,0.0,11.007,0.0
1785437692.4316823,idle_post,0,1000,1000,0.0,0.0,11.0,0.0
1785437692.4546182,idle_post,0,1000,1000,0.0,0.0,11.003,0.0
1785437692.4727027,idle_post,0,1000,1000,0.0,0.0,11.052,0.0
1785437692.4936655,idle_post,0,1000,1000,0.0,0.0,10.999,0.0
1785437692.5126698,idle_post,0,1000,1000,0.0,0.0,11.0,0.0
1785437692.5336804,idle_post,0,1000,1000,0.0,0.0,10.995,0.0
1785437692.5546887,idle_post,0,1000,1000,0.0,0.0,11.094,0.0
1785437692.57271,idle_post,0,1000,1000,0.0,0.0,10.979,0.0
1785437692.5942183,idle_post,0,1000,1000,0.0,0.0,10.999,0.0
1785437692.6140592,idle_post,0,1000,1000,0.0,0.0,10.998,0.0
1785437692.6316562,idle_post,0,1000,1000,0.0,0.0,10.992,0.0
1785437692.6542978,idle_post,0,1000,1000,0.0,0.0,11.005,0.0
1785437692.6735785,idle_post,0,1000,1000,0.0,0.0,10.99,0.0
1785437692.692987,idle_post,0,1000,1000,0.0,0.0,11.001,0.0
1785437692.7136648,idle_post,0,1000,1000,0.0,0.0,10.998,0.0
1785437692.7327123,idle_post,0,1000,1000,0.0,0.0,11.002,0.0
1785437692.7559512,idle_post,0,1000,1000,0.0,0.0,11.003,0.0
1785437692.771707,idle_post,0,1000,1000,0.0,0.0,10.999,0.0
1785437692.7926676,idle_post,0,1000,1000,0.0,0.0,11.003,0.0
1785437692.8136625,idle_post,0,1000,1000,0.0,0.0,10.986,0.0
1785437692.8317564,idle_post,0,1000,1000,0.0,0.0,11.001,0.0
1785437692.8531976,idle_post,0,1000,1000,0.0,0.0,11.0,0.0
1785437692.8715765,idle_post,0,1000,1000,0.0,0.0,10.992,0.0
1785437692.8927557,idle_post,0,1000,1000,0.0,0.0,11.002,0.0
1785437692.9136827,idle_post,0,1000,1000,0.0,0.0,10.995,0.0
1785437692.9327064,idle_post,0,1000,1000,0.0,0.0,10.98,0.0
1785437692.9537542,idle_post,0,1000,1000,0.0,0.0,11.004,0.0
1785437692.972668,idle_post,0,1000,1000,0.0,0.0,10.999,0.0
1785437692.9936686,idle_post,0,1000,1000,0.0,0.0,10.996,0.0
1785437693.0117917,idle_post,0,1000,1000,0.0,0.0,11.009,0.0
1785437693.0328646,idle_post,0,1000,1000,0.0,0.0,11.004,0.0
1785437693.0539236,idle_post,0,1000,1000,0.0,0.0,11.001,0.0
1785437693.0719612,idle_post,0,1000,1000,0.0,0.0,10.993,0.0
1785437693.093805,idle_post,0,1000,1000,0.0,0.0,10.993,0.0
1785437693.1117818,idle_post,0,1000,1000,0.0,0.0,11.02,0.0
1785437693.1326997,idle_post,0,1000,1000,0.0,0.0,10.992,0.0
1785437693.153744,idle_post,0,1000,1000,0.0,0.0,11.003,0.0
1785437693.1718154,idle_post,0,1000,1000,0.0,0.0,11.106,0.0
1785437693.1934037,idle_post,0,1000,1000,0.0,0.0,10.948,0.0
1785437693.2118075,idle_post,0,1000,1000,0.0,0.0,11.004,0.0
1785437693.2326837,idle_post,0,1000,1000,0.0,0.0,11.0,0.0
1785437693.2537446,idle_post,0,1000,1000,0.0,0.0,11.003,0.0
1785437693.2717803,idle_post,0,1000,1000,0.0,0.0,10.998,0.0
1785437693.2943022,idle_post,0,1000,1000,0.0,0.0,10.998,0.0
1785437693.3120248,idle_post,0,1000,1000,0.0,0.0,10.996,0.0
1785437693.3331687,idle_post,0,1000,1000,0.0,0.0,11.071,0.0
1785437693.3537588,idle_post,0,1000,1000,0.0,0.0,11.003,0.0
1785437693.3727195,idle_post,0,1000,1000,0.0,0.0,10.994,0.0
1785437693.3925354,idle_post,0,1000,1000,0.0,0.0,11.008,0.0
1785437693.4128869,idle_post,0,1000,1000,0.0,0.0,10.995,0.0
1785437693.4320128,idle_post,0,1000,1000,0.0,0.0,10.997,0.0
1785437693.452739,idle_post,0,1000,1000,0.0,0.0,10.986,0.0
1785437693.4712942,idle_post,0,1000,1000,0.0,0.0,11.003,0.0
1785437693.49171,idle_post,0,1000,1000,0.0,0.0,11.005,0.0
1785437693.512824,idle_post,0,1000,1000,0.0,0.0,10.939,0.0
1785437693.5313537,idle_post,0,1000,1000,0.0,0.0,11.003,0.0
1785437693.5547383,idle_post,0,1000,1000,0.0,0.0,10.987,0.0
1785437693.5729084,idle_post,0,1000,1000,0.0,0.0,11.0,0.0
1785437693.593886,idle_post,0,1000,1000,0.0,0.0,11.019,0.0
1785437693.6132731,idle_post,0,1000,1000,0.0,0.0,11.003,0.0
1785437693.6337495,idle_post,0,1000,1000,0.0,0.0,10.995,0.0
1785437693.654727,idle_post,0,1000,1000,0.0,0.0,10.998,0.0
1785437693.6717908,idle_post,0,1000,1000,0.0,0.0,10.991,0.0
1785437693.6929147,idle_post,0,1000,1000,0.0,0.0,10.971,0.0
1785437693.713738,idle_post,0,1000,1000,0.0,0.0,10.991,0.0
1785437693.7318091,idle_post,0,1000,1000,0.0,0.0,11.003,0.0
1785437693.753749,idle_post,0,1000,1000,0.0,0.0,10.992,0.0
1785437693.7717226,idle_post,0,1000,1000,0.0,0.0,10.992,0.0
1785437693.7927902,idle_post,0,1000,1000,0.0,0.0,11.07,0.0
1785437693.8137403,idle_post,0,1000,1000,0.0,0.0,11.005,0.0
1785437693.83302,idle_post,0,1000,1000,0.0,0.0,11.035,0.0
1785437693.8538253,idle_post,0,1000,1000,0.0,0.0,11.002,0.0
1785437693.8717868,idle_post,0,1000,1000,0.0,0.0,11.003,0.0
1785437693.8928366,idle_post,0,1000,1000,0.0,0.0,10.989,0.0
1785437693.9137285,idle_post,0,1000,1000,0.0,0.0,11.039,0.0
1785437693.9319534,idle_post,0,1000,1000,0.0,0.0,10.974,0.0
1785437693.954215,idle_post,0,1000,1000,0.0,0.0,10.996,0.0
1785437693.9731863,idle_post,0,1000,1000,0.0,0.0,11.007,0.0
1785437693.9933395,idle_post,0,1000,1000,0.0,0.0,10.988,0.0
1785437694.0138054,idle_post,0,1000,1000,0.0,0.0,10.998,0.0
1785437694.032928,idle_post,0,1000,1000,0.0,0.0,11.0,0.0
1785437694.0553794,idle_post,0,1000,1000,0.0,0.0,11.003,0.0
1785437694.072978,idle_post,0,1000,1000,0.0,0.0,10.992,0.0
1785437694.0921378,idle_post,0,1000,1000,0.0,0.0,11.003,0.0
1785437694.1127787,idle_post,0,1000,1000,0.0,0.0,11.019,0.0
1785437694.133986,idle_post,0,1000,1000,0.0,0.0,11.004,0.02
1785437694.1548336,idle_post,0,1000,1000,0.0,0.0,10.998,0.0
1785437694.1730425,idle_post,0,1000,1000,0.0,0.0,10.914,0.05
1785437694.193909,idle_post,0,1000,1000,0.0,0.0,11.004,0.0
1785437694.2117832,idle_post,0,1000,1000,0.0,0.0,11.004,0.0
1785437694.23288,idle_post,0,1000,1000,0.0,0.0,11.0,0.0
1785437694.2557998,idle_post,0,1000,1000,0.0,0.0,10.988,0.0
1785437694.274255,idle_post,0,1000,1000,0.0,0.0,10.999,0.0
1785437694.2927227,idle_post,0,1000,1000,0.0,0.0,10.997,0.0
1785437694.3117437,idle_post,0,1000,1000,0.0,0.0,11.003,0.0
1785437694.331772,idle_post,0,1000,1000,0.0,0.0,10.999,0.0
1785437694.3547504,idle_post,0,1000,1000,0.0,0.0,10.999,0.0
1785437694.372759,idle_post,0,1000,1000,0.0,0.0,11.0,0.0
1785437694.3938088,idle_post,0,1000,1000,0.0,0.0,10.998,0.0
1785437694.4139671,idle_post,0,1000,1000,0.0,0.0,11.001,0.0
1785437694.433809,idle_post,0,1000,1000,0.0,0.0,11.01,0.0
1785437694.452776,idle_post,0,1000,1000,0.0,0.0,10.99,0.0
1785437694.4743063,idle_post,0,1000,1000,0.0,0.0,11.006,0.0
1785437694.49273,idle_post,0,1000,1000,0.0,0.0,10.992,0.0
1785437694.5138156,idle_post,0,1000,1000,0.0,0.0,10.982,0.0
1785437694.532757,idle_post,0,1000,1000,0.0,0.0,10.996,0.0
1785437694.554836,idle_post,0,1000,1000,0.0,0.0,10.995,0.0
1785437694.574493,idle_post,0,1000,1000,0.0,0.0,10.998,0.0
1785437694.5917208,idle_post,0,1000,1000,0.0,0.0,10.996,0.0
1785437694.6138775,idle_post,0,1000,1000,0.0,0.0,10.995,0.0
1785437694.6318629,idle_post,0,1000,1000,0.0,0.0,11.004,0.0
1785437694.6532397,idle_post,0,1000,1000,0.0,0.0,11.008,0.0
1785437694.6737595,idle_post,0,1000,1000,0.0,0.0,11.006,0.0
1785437694.692797,idle_post,0,1000,1000,0.0,0.0,10.922,0.0
1785437694.713746,idle_post,0,1000,1000,0.0,0.0,10.997,0.0
1785437694.7322626,idle_post,0,1000,1000,0.0,0.0,11.0,0.0
1785437694.7527816,idle_post,0,1000,1000,0.0,0.0,10.909,0.0
1785437694.7717307,idle_post,0,1000,1000,0.0,0.0,10.992,0.0
1785437694.792193,idle_post,0,1000,1000,0.0,0.0,10.998,0.0
1785437694.8127985,idle_post,0,1000,1000,0.0,0.0,10.981,0.0
1785437694.8314087,idle_post,0,1000,1000,0.0,0.0,10.937,0.0
1785437694.8547645,idle_post,0,1000,1000,0.0,0.0,11.003,0.0
1785437694.872004,idle_post,0,1000,1000,0.0,0.0,11.001,0.0
1785437694.893048,idle_post,0,1000,1000,0.0,0.0,11.003,0.0
1785437694.9139738,idle_post,0,1000,1000,0.0,0.0,10.997,0.0
1785437694.932751,idle_post,0,1000,1000,0.0,0.0,10.993,0.0
1785437694.953824,idle_post,0,1000,1000,0.0,0.0,11.011,0.0
1785437694.9717307,idle_post,0,1000,1000,0.0,0.0,11.0,0.0
1785437694.992775,idle_post,0,1000,1000,0.0,0.0,10.995,0.0
1785437695.0117464,idle_post,0,1000,1000,0.0,0.0,10.989,0.0
1785437695.032782,idle_post,0,1000,1000,0.0,0.0,10.988,0.0
1785437695.0537853,idle_post,0,1000,1000,0.0,0.0,11.0,0.0
1785437695.0721624,idle_post,0,1000,1000,0.0,0.0,10.991,0.0
1785437695.093739,idle_post,0,1000,1000,0.0,0.0,10.987,0.0
1785437695.1129293,idle_post,0,1000,1000,0.0,0.0,10.999,0.0
1785437695.1338422,idle_post,0,1000,1000,0.0,0.0,11.007,0.0
1785437695.1527863,idle_post,0,1000,1000,0.0,0.0,11.003,0.0
1785437695.1717758,idle_post,0,1000,1000,0.0,0.0,11.001,0.0
1785437695.1927743,idle_post,0,1000,1000,0.0,0.0,11.002,0.0
1785437695.2118535,idle_post,0,1000,1000,0.0,0.0,11.016,0.0
1785437695.2328753,idle_post,0,1000,1000,0.0,0.0,11.007,0.0
1785437695.2543433,idle_post,0,1000,1000,0.0,0.0,11.001,0.0
1785437695.2719777,idle_post,0,1000,1000,0.0,0.0,10.995,0.0
1785437695.29389,idle_post,0,1000,1000,0.0,0.0,10.998,0.0
1785437695.3133023,idle_post,0,1000,1000,0.0,0.0,11.044,0.0
1785437695.3337505,idle_post,0,1000,1000,0.0,0.0,10.991,0.0
1785437695.3531115,idle_post,0,1000,1000,0.0,0.0,10.995,0.0
1785437695.3723369,idle_post,0,1000,1000,0.0,0.0,10.995,0.0
1785437695.3924053,idle_post,0,1000,1000,0.0,0.0,11.007,0.0
1785437695.4119473,idle_post,0,1000,1000,0.0,0.0,10.913,0.0
1785437695.4327686,idle_post,0,1000,1000,0.0,0.0,10.989,0.0
1785437695.4542403,idle_post,0,1000,1000,0.0,0.0,10.993,0.0
1785437695.472056,idle_post,0,1000,1000,0.0,0.0,10.97,0.0
1785437695.4927564,idle_post,0,1000,1000,0.0,0.0,10.89,0.0
1785437695.5137897,idle_post,0,1000,1000,0.0,0.0,10.992,0.0
1785437695.5318244,idle_post,0,1000,1000,0.0,0.0,11.002,0.0
1785437695.553819,idle_post,0,1000,1000,0.0,0.0,11.011,0.0
1785437695.5727603,idle_post,0,1000,1000,0.0,0.0,11.003,0.0
1785437695.5938222,idle_post,0,1000,1000,0.0,0.0,10.984,0.0
1785437695.6118624,idle_post,0,1000,1000,0.0,0.0,11.003,0.0
1785437695.6327949,idle_post,0,1000,1000,0.0,0.0,11.004,0.0
1785437695.6548038,idle_post,0,1000,1000,0.0,0.0,10.915,0.0
1785437695.6729145,idle_post,0,1000,1000,0.0,0.0,11.0,0.0
1785437695.6937947,idle_post,0,1000,1000,0.0,0.0,10.999,0.0
1785437695.7119458,idle_post,0,1000,1000,0.0,0.0,10.995,0.0
1785437695.7338207,idle_post,0,1000,1000,0.0,0.0,11.013,0.0
1785437695.7547972,idle_post,0,1000,1000,0.0,0.0,10.993,0.0
1785437695.7727602,idle_post,0,1000,1000,0.0,0.0,11.008,0.0
1785437695.7927597,idle_post,0,1000,1000,0.0,0.0,11.003,0.0
1785437695.8137949,idle_post,0,1000,1000,0.0,0.0,11.036,0.0
1785437695.8317983,idle_post,0,1000,1000,0.0,0.0,11.009,0.0
1785437695.852863,idle_post,0,1000,1000,0.0,0.0,10.999,0.0
1785437695.8718374,idle_post,0,1000,1000,0.0,0.0,10.997,0.0
1785437695.8928337,idle_post,0,1000,1000,0.0,0.0,10.993,0.0
1785437695.9142215,idle_post,0,1000,1000,0.0,0.0,10.993,0.0
1785437695.9318032,idle_post,0,1000,1000,0.0,0.0,10.915,0.08
1785437695.9538827,idle_post,0,1000,1000,0.0,0.0,10.999,0.0
1785437695.973509,idle_post,0,1000,1000,0.0,0.0,10.986,0.0
1785437695.993901,idle_post,0,1000,1000,0.0,0.0,10.997,0.0
1785437696.012814,idle_post,0,1000,1000,0.0,0.0,10.992,0.0
1785437696.0337698,idle_post,0,1000,1000,0.0,0.0,11.003,0.0
1785437696.0553012,idle_post,0,1000,1000,0.0,0.0,11.007,0.0
1785437696.07281,idle_post,0,1000,1000,0.0,0.0,10.913,0.0
1785437696.0926838,idle_post,0,1000,1000,0.0,0.0,11.004,0.0
1785437696.1137938,idle_post,0,1000,1000,0.0,0.0,10.993,0.0
1785437696.1319985,idle_post,0,1000,1000,0.0,0.0,11.003,0.0
1785437696.152928,idle_post,0,1000,1000,0.0,0.0,10.993,0.0
1785437696.171587,idle_post,0,1000,1000,0.0,0.0,11.003,0.0
1785437696.1918857,idle_post,0,1000,1000,0.0,0.0,11.001,0.0
1785437696.213183,idle_post,0,1000,1000,0.0,0.0,11.0,0.0
1785437696.2341807,idle_post,0,1000,1000,0.0,0.0,11.004,0.0
1785437696.253018,idle_post,0,1000,1000,0.0,0.0,11.034,0.0
1785437696.2738113,idle_post,0,1000,1000,0.0,0.0,10.987,0.0
1785437696.2918599,idle_post,0,1000,1000,0.0,0.0,11.005,0.0
1785437696.3118064,idle_post,0,1000,1000,0.0,0.0,10.994,0.0
1785437696.3328085,idle_post,0,1000,1000,0.0,0.0,10.999,0.0
1785437696.353953,idle_post,0,1000,1000,0.0,0.0,11.008,0.0
1785437696.3720145,idle_post,0,1000,1000,0.0,0.0,10.99,0.0
1785437696.3939986,idle_post,0,1000,1000,0.0,0.0,11.0,0.0
1785437696.411779,idle_post,0,1000,1000,0.0,0.0,10.991,0.0
1785437696.4327796,idle_post,0,1000,1000,0.0,0.0,11.136,0.0
1785437696.4538555,idle_post,0,1000,1000,0.0,0.0,11.008,0.0
1785437696.4728312,idle_post,0,1000,1000,0.0,0.0,11.002,0.0
1785437696.491811,idle_post,0,1000,1000,0.0,0.0,11.007,0.0
1785437696.511884,idle_post,0,1000,1000,0.0,0.0,10.991,0.0
1785437696.5328166,idle_post,0,1000,1000,0.0,0.0,10.999,0.0
1785437696.5539093,idle_post,0,1000,1000,0.0,0.0,11.006,0.0
1785437696.571808,idle_post,0,1000,1000,0.0,0.0,10.996,0.0
1785437696.5941074,idle_post,0,1000,1000,0.0,0.0,11.014,0.0
1785437696.6117961,idle_post,0,1000,1000,0.0,0.0,10.973,0.0
1785437696.6335573,idle_post,0,1000,1000,0.0,0.0,11.002,0.0
1785437696.6538622,idle_post,0,1000,1000,0.0,0.0,10.9,0.0
1785437696.6730042,idle_post,0,1000,1000,0.0,0.0,10.996,0.0
1785437696.6938171,idle_post,0,1000,1000,0.0,0.0,11.008,0.0
1785437696.7122552,idle_post,0,1000,1000,0.0,0.0,11.006,0.0
1785437696.7327936,idle_post,0,1000,1000,0.0,0.0,11.109,0.0
1785437696.7538438,idle_post,0,1000,1000,0.0,0.0,10.997,0.0
1785437696.771863,idle_post,0,1000,1000,0.0,0.0,11.01,0.0
1785437696.792809,idle_post,0,1000,1000,0.0,0.0,10.993,0.0
1785437696.811642,idle_post,0,1000,1000,0.0,0.0,11.0,0.0
1785437696.831791,idle_post,0,1000,1000,0.0,0.0,10.997,0.0
1785437696.8539445,idle_post,0,1000,1000,0.0,0.0,10.969,0.0
1785437696.873253,idle_post,0,1000,1000,0.0,0.0,10.973,0.0
1785437696.8918085,idle_post,0,1000,1000,0.0,0.0,10.99,0.0
1785437696.913836,idle_post,0,1000,1000,0.0,0.0,11.007,0.0
1785437696.932795,idle_post,0,1000,1000,0.0,0.0,10.995,0.0
1785437696.9549065,idle_post,0,1000,1000,0.0,0.0,11.011,0.0
1785437696.97289,idle_post,0,1000,1000,0.0,0.0,11.007,0.0
1785437696.9918377,idle_post,0,1000,1000,0.0,0.0,11.004,0.0
1785437697.012835,idle_post,0,1000,1000,0.0,0.0,10.997,0.0
1785437697.0338192,idle_post,0,1000,1000,0.0,0.0,10.999,0.0
1785437697.0548341,idle_post,0,1000,1000,0.0,0.0,11.004,0.0
1785437697.0714803,idle_post,0,1000,1000,0.0,0.0,11.011,0.0
1785437697.0932508,idle_post,0,1000,1000,0.0,0.0,10.981,0.0
1785437697.1139495,idle_post,0,1000,1000,0.0,0.0,10.974,0.0
1785437697.1328447,idle_post,0,1000,1000,0.0,0.0,11.109,0.0
1785437697.1538606,idle_post,0,1000,1000,0.0,0.0,10.995,0.0
1785437697.1719682,idle_post,0,1000,1000,0.0,0.0,11.014,0.0
1785437697.1928604,idle_post,0,1000,1000,0.0,0.0,10.997,0.0
1785437697.2138708,idle_post,0,1000,1000,0.0,0.0,11.013,0.0
1785437697.231898,idle_post,0,1000,1000,0.0,0.0,10.944,0.0
1785437697.2540393,idle_post,0,1000,1000,0.0,0.0,10.978,0.0
1785437697.2719696,idle_post,0,1000,1000,0.0,0.0,10.995,0.0
1785437697.2938693,idle_post,0,1000,1000,0.0,0.0,10.992,0.0
1785437697.3139112,idle_post,0,1000,1000,0.0,0.0,11.022,0.0
1785437697.3336234,idle_post,0,1000,1000,0.0,0.0,10.99,0.0
1785437697.353914,idle_post,0,1000,1000,0.0,0.0,11.009,0.0
1785437697.3722317,idle_post,0,1000,1000,0.0,0.0,11.0,0.0
1785437697.3928201,idle_post,0,1000,1000,0.0,0.0,11.013,0.0
1785437697.412338,idle_post,0,1000,1000,0.0,0.0,11.007,0.0
1785437697.4314494,idle_post,0,1000,1000,0.0,0.0,10.996,0.0
1785437697.4548316,idle_post,0,1000,1000,0.0,0.0,11.034,0.0
1785437697.4728725,idle_post,0,1000,1000,0.0,0.0,10.997,0.0
1785437697.491984,idle_post,0,1000,1000,0.0,0.0,10.998,0.0
1785437697.5141063,idle_post,0,1000,1000,0.0,0.0,10.999,0.0
1785437697.533822,idle_post,0,1000,1000,0.0,0.0,10.995,0.0
1785437697.555884,idle_post,0,1000,1000,0.0,0.0,11.01,0.0
1785437697.5739486,idle_post,0,1000,1000,0.0,0.0,10.996,0.0
1785437697.5928965,idle_post,0,1000,1000,0.0,0.0,10.986,0.0
1785437697.6138492,idle_post,0,1000,1000,0.0,0.0,11.008,0.0
1785437697.631876,idle_post,0,1000,1000,0.0,0.0,10.993,0.0
1785437697.6536586,idle_post,0,1000,1000,0.0,0.0,11.009,0.0
1785437697.6719453,idle_post,0,1000,1000,0.0,0.0,11.008,0.0
1785437697.6938365,idle_post,0,1000,1000,0.0,0.0,10.992,0.0
1785437697.7118285,idle_post,0,1000,1000,0.0,0.0,11.003,0.0
1785437697.7332098,idle_post,0,1000,1000,0.0,0.0,10.931,0.0
1785437697.7538714,idle_post,0,1000,1000,0.0,0.0,11.008,0.0
1785437697.7729404,idle_post,0,1000,1000,0.0,0.0,11.106,0.0
1785437697.7938423,idle_post,0,1000,1000,0.0,0.0,10.943,0.0
1785437697.812179,idle_post,0,1000,1000,0.0,0.0,10.955,0.0
1785437697.8328953,idle_post,0,1000,1000,0.0,0.0,11.006,0.0
1785437697.855005,idle_post,0,1000,1000,0.0,0.0,10.999,0.0
1785437697.8729305,idle_post,0,1000,1000,0.0,0.0,11.009,0.0
1785437697.8946097,idle_post,0,1000,1000,0.0,0.0,11.101,0.0
1785437697.9118268,idle_post,0,1000,1000,0.0,0.0,10.998,0.0
1785437697.9338255,idle_post,0,1000,1000,0.0,0.0,11.003,0.0
1785437697.9548554,idle_post,0,1000,1000,0.0,0.0,10.986,0.0
1785437697.973296,idle_post,0,1000,1000,0.0,0.0,10.939,0.0
1785437697.9938295,idle_post,0,1000,1000,0.0,0.0,10.993,0.0
1785437698.0118265,idle_post,0,1000,1000,0.0,0.0,10.995,0.0
1785437698.0328484,idle_post,0,1000,1000,0.0,0.0,10.973,0.0
1785437698.0550327,idle_post,0,1000,1000,0.0,0.0,10.993,0.0
1785437698.072831,idle_post,0,1000,1000,0.0,0.0,10.999,0.0
1785437698.0913928,idle_post,0,1000,1000,0.0,0.0,11.003,0.0
1785437698.1118326,idle_post,0,1000,1000,0.0,0.0,11.004,0.0
1785437698.1328323,idle_post,0,1000,1000,0.0,0.0,10.999,0.0
1785437698.1543043,idle_post,0,1000,1000,0.0,0.0,10.998,0.0
1785437698.1720698,idle_post,0,1000,1000,0.0,0.0,10.999,0.0
1785437698.1938524,idle_post,0,1000,1000,0.0,0.0,11.019,0.0
1785437698.21184,idle_post,0,1000,1000,0.0,0.0,11.007,0.0
1785437698.233052,idle_post,0,1000,1000,0.0,0.0,11.006,0.0
1785437698.254121,idle_post,0,1000,1000,0.0,0.0,10.998,0.0
1785437698.2719567,idle_post,0,1000,1000,0.0,0.0,11.013,0.0
1785437698.2931373,idle_post,0,1000,1000,0.0,0.0,10.996,0.0
1785437698.3118746,idle_post,0,1000,1000,0.0,0.0,10.992,0.0
1785437698.332892,idle_post,0,1000,1000,0.0,0.0,10.963,0.0
1785437698.354037,idle_post,0,1000,1000,0.0,0.0,10.996,0.0
1785437698.37195,idle_post,0,1000,1000,0.0,0.0,11.012,0.0
1785437698.394316,idle_post,0,1000,1000,0.0,0.0,11.011,0.0
1785437698.4118798,idle_post,0,1000,1000,0.0,0.0,11.012,0.0
1785437698.4328637,idle_post,0,1000,1000,0.0,0.0,10.992,0.0
1785437698.4540002,idle_post,0,1000,1000,0.0,0.0,11.001,0.0
1785437698.471877,idle_post,0,1000,1000,0.0,0.0,11.001,0.0
1785437698.4928813,idle_post,0,1000,1000,0.0,0.0,10.989,0.0
1785437698.5118601,idle_post,0,1000,1000,0.0,0.0,10.995,0.0
1785437698.5329497,idle_post,0,1000,1000,0.0,0.0,11.002,0.0
1785437698.5544765,idle_post,0,1000,1000,0.0,0.0,11.003,0.0
1785437698.5718648,idle_post,0,1000,1000,0.0,0.0,11.011,0.0
1785437698.5938933,idle_post,0,1000,1000,0.0,0.0,11.003,0.0
1785437698.61191,idle_post,0,1000,1000,0.0,0.0,10.989,0.0
1785437698.6332343,idle_post,0,1000,1000,0.0,0.0,11.035,0.0
1785437698.6539927,idle_post,0,1000,1000,0.0,0.0,10.997,0.0
1785437698.6729267,idle_post,0,1000,1000,0.0,0.0,10.977,0.0
1785437698.69239,idle_post,0,1000,1000,0.0,0.0,11.0,0.0
1785437698.7132924,idle_post,0,1000,1000,0.0,0.0,10.998,0.0
1785437698.7318568,idle_post,0,1000,1000,0.0,0.0,11.003,0.0
1785437698.7548792,idle_post,0,1000,1000,0.0,0.0,11.004,0.0
1785437698.7728605,idle_post,0,1000,1000,0.0,0.0,11.003,0.0
1785437698.7919252,idle_post,0,1000,1000,0.0,0.0,10.828,0.0
1785437698.813893,idle_post,0,1000,1000,0.0,0.0,11.006,0.0
1785437698.8322012,idle_post,0,1000,1000,0.0,0.0,11.014,0.0
1785437698.853813,idle_post,0,1000,1000,0.0,0.0,11.004,0.0
1785437698.8720484,idle_post,0,1000,1000,0.0,0.0,11.002,0.0
1785437698.8928676,idle_post,0,1000,1000,0.0,0.0,11.008,0.0
1785437698.9138803,idle_post,0,1000,1000,0.0,0.0,10.996,0.0
1785437698.932125,idle_post,0,1000,1000,0.0,0.0,10.995,0.0
1785437698.9530473,idle_post,0,1000,1000,0.0,0.0,11.004,0.0
1785437698.9719532,idle_post,0,1000,1000,0.0,0.0,10.996,0.0
1785437698.9928617,idle_post,0,1000,1000,0.0,0.0,11.0,0.0
1785437699.0138688,idle_post,0,1000,1000,0.0,0.0,11.003,0.0
1785437699.03197,idle_post,0,1000,1000,0.0,0.0,11.003,0.0
1785437699.0528972,idle_post,0,1000,1000,0.0,0.0,11.021,0.0
1785437699.0738645,idle_post,0,1000,1000,0.0,0.0,11.001,0.0
1785437699.092862,idle_post,0,1000,1000,0.0,0.0,11.004,0.0
1785437699.1138651,idle_post,0,1000,1000,0.0,0.0,10.996,0.0
1785437699.1319833,idle_post,0,1000,1000,0.0,0.0,11.006,0.0
1785437699.1530688,idle_post,0,1000,1000,0.0,0.0,11.005,0.0
1785437699.1722345,idle_post,0,1000,1000,0.0,0.0,11.01,0.0
1785437699.1929739,idle_post,0,1000,1000,0.0,0.0,11.009,0.0
1785437699.2144551,idle_post,0,1000,1000,0.0,0.0,10.951,0.0
1785437699.2319715,idle_post,0,1000,1000,0.0,0.0,11.011,0.0
1785437699.2541544,idle_post,0,1000,1000,0.0,0.0,11.006,0.0
1785437699.2735965,idle_post,0,1000,1000,0.0,0.0,11.004,0.0
1785437699.2939904,idle_post,0,1000,1000,0.0,0.0,10.99,0.0
1785437699.3130493,idle_post,0,1000,1000,0.0,0.0,10.998,0.0
1785437699.3339157,idle_post,0,1000,1000,0.0,0.0,10.95,0.0
1785437699.3554265,idle_post,0,1000,1000,0.0,0.0,11.01,0.0
1785437699.373986,idle_post,0,1000,1000,0.0,0.0,11.004,0.0
1785437699.3924901,idle_post,0,1000,1000,0.0,0.0,10.997,0.0
1785437699.4130204,idle_post,0,1000,1000,0.0,0.0,11.013,0.0
1785437699.4326923,idle_post,0,1000,1000,0.0,0.0,11.003,0.0
1785437699.4530125,idle_post,0,1000,1000,0.0,0.0,11.004,0.0
1785437699.471732,idle_post,0,1000,1000,0.0,0.0,11.009,0.0
1785437699.4938982,idle_post,0,1000,1000,0.0,0.0,10.996,0.0
1785437699.5119658,idle_post,0,1000,1000,0.0,0.0,11.015,0.0
1785437699.533009,idle_post,0,1000,1000,0.0,0.0,11.008,0.0
1785437699.5539594,idle_post,0,1000,1000,0.0,0.0,10.99,0.0
1785437699.5730205,idle_post,0,1000,1000,0.0,0.0,11.0,0.0
1785437699.5941024,idle_post,0,1000,1000,0.0,0.0,11.036,0.0
1785437699.611944,idle_post,0,1000,1000,0.0,0.0,11.004,0.0
1785437699.6333187,idle_post,0,1000,1000,0.0,0.0,11.001,0.0
1785437699.6539464,idle_post,0,1000,1000,0.0,0.0,11.004,0.0
1785437699.672269,idle_post,0,1000,1000,0.0,0.0,11.015,0.0
1785437699.6939018,idle_post,0,1000,1000,0.0,0.0,11.0,0.0
1785437699.7119057,idle_post,0,1000,1000,0.0,0.0,11.003,0.0
1785437699.7329915,idle_post,0,1000,1000,0.0,0.0,10.983,0.0
1785437699.753994,idle_post,0,1000,1000,0.0,0.0,10.996,0.0
1785437699.7730558,idle_post,0,1000,1000,0.0,0.0,11.02,0.0
1785437699.7939425,idle_post,0,1000,1000,0.0,0.0,10.971,0.0
1785437699.8118865,idle_post,0,1000,1000,0.0,0.0,10.997,0.0
1785437699.832983,idle_post,0,1000,1000,0.0,0.0,11.011,0.0
1785437699.8539255,idle_post,0,1000,1000,0.0,0.0,10.998,0.0
1785437699.871958,idle_post,0,1000,1000,0.0,0.0,10.931,0.0
1785437699.8942072,idle_post,0,1000,1000,0.0,0.0,11.006,0.0
1785437699.9119196,idle_post,0,1000,1000,0.0,0.0,11.001,0.0
1785437699.9339182,idle_post,0,1000,1000,0.0,0.0,11.019,0.0
1785437699.9540875,idle_post,0,1000,1000,0.0,0.0,11.003,0.0
1785437699.9730883,idle_post,0,1000,1000,0.0,0.0,10.981,0.0
1785437699.9942498,idle_post,0,1000,1000,0.0,0.0,11.001,0.0
1785437700.0126681,idle_post,0,1000,1000,0.0,0.0,10.994,0.0
1785437700.0329247,idle_post,0,1000,1000,0.0,0.0,11.013,0.0
1785437700.054243,idle_post,0,1000,1000,0.0,0.0,11.013,0.0
1785437700.0719194,idle_post,0,1000,1000,0.0,0.0,10.998,0.0
1785437700.0915382,idle_post,0,1000,1000,0.0,0.0,11.0,0.0
1785437700.1119447,idle_post,0,1000,1000,0.0,0.0,10.992,0.0
1785437700.1341538,idle_post,0,1000,1000,0.0,0.0,10.988,0.0
1785437700.1549509,idle_post,0,1000,1000,0.0,0.0,11.044,0.0
1785437700.1729426,idle_post,0,1000,1000,0.0,0.0,11.012,0.0
1785437700.1942601,idle_post,0,1000,1000,0.0,0.0,11.008,0.0
1785437700.21299,idle_post,0,1000,1000,0.0,0.0,10.996,0.0
1785437700.2340424,idle_post,0,1000,1000,0.0,0.0,10.991,0.0
1785437700.252668,idle_post,0,1000,1000,0.0,0.0,11.008,0.0
1785437700.273201,idle_post,0,1000,1000,0.0,0.0,11.003,0.0
1785437700.2922184,idle_post,0,1000,1000,0.0,0.0,11.003,0.0
1785437700.3129997,idle_post,0,1000,1000,0.0,0.0,11.007,0.0
1785437700.3340628,idle_post,0,1000,1000,0.0,0.0,10.995,0.0
1785437700.3554168,idle_post,0,1000,1000,0.0,0.0,11.003,0.0
1785437700.3740637,idle_post,0,1000,1000,0.0,0.0,10.939,0.0
1785437700.3919537,idle_post,0,1000,1000,0.0,0.0,11.001,0.0
1785437700.4129484,idle_post,0,1000,1000,0.0,0.0,11.02,0.0
1785437700.4343123,idle_post,0,1000,1000,0.0,0.0,11.012,0.0
1785437700.4549844,idle_post,0,1000,1000,0.0,0.0,11.027,0.0
1785437700.4731534,idle_post,0,1000,1000,0.0,0.0,11.007,0.0
1785437700.4919548,idle_post,0,1000,1000,0.0,0.0,10.997,0.0
1785437700.5130568,idle_post,0,1000,1000,0.0,0.0,11.0,0.0
1785437700.5319145,idle_post,0,1000,1000,0.0,0.0,11.003,0.0
1785437700.5549505,idle_post,0,1000,1000,0.0,0.0,11.114,0.0
1785437700.5741358,idle_post,0,1000,1000,0.0,0.0,10.971,0.0
1785437700.5919352,idle_post,0,1000,1000,0.0,0.0,10.998,0.0
1785437700.6136,idle_post,0,1000,1000,0.0,0.0,10.994,0.0
1785437700.633931,idle_post,0,1000,1000,0.0,0.0,11.006,0.0
1785437700.6549735,idle_post,0,1000,1000,0.0,0.0,10.999,0.0
1785437700.6730137,idle_post,0,1000,1000,0.0,0.0,11.003,0.0
1785437700.6924453,idle_post,0,1000,1000,0.0,0.0,11.019,0.0
1785437700.7129326,idle_post,0,1000,1000,0.0,0.0,10.982,0.0
1785437700.7339485,idle_post,0,1000,1000,0.0,0.0,11.014,0.0
1785437700.7550862,idle_post,0,1000,1000,0.0,0.0,10.997,0.0
1785437700.7729218,idle_post,0,1000,1000,0.0,0.0,11.003,0.0
1785437700.7939205,idle_post,0,1000,1000,0.0,0.0,11.006,0.0
1785437700.81192,idle_post,0,1000,1000,0.0,0.0,10.989,0.0
1785437700.832919,idle_post,0,1000,1000,0.0,0.0,11.041,0.03
1785437700.8541286,idle_post,0,1000,1000,0.0,0.0,10.991,0.0
1785437700.8730555,idle_post,0,1000,1000,0.0,0.0,10.993,0.0
1785437700.8942416,idle_post,0,1000,1000,0.0,0.0,10.993,0.0
1785437700.9120116,idle_post,0,1000,1000,0.0,0.0,11.006,0.0
1785437700.9331868,idle_post,0,1000,1000,0.0,0.0,10.987,0.0
1785437700.954976,idle_post,0,1000,1000,0.0,0.0,11.007,0.0
1785437700.9729671,idle_post,0,1000,1000,0.0,0.0,11.011,0.0
1785437700.9939606,idle_post,0,1000,1000,0.0,0.0,11.004,0.0
1785437701.0139306,idle_post,0,1000,1000,0.0,0.0,11.012,0.0
1785437701.0319276,idle_post,0,1000,1000,0.0,0.0,11.144,0.0
1785437701.0530481,idle_post,0,1000,1000,0.0,0.0,11.015,0.0
1785437701.0739489,idle_post,0,1000,1000,0.0,0.0,11.003,0.0
1785437701.0930803,idle_post,0,1000,1000,0.0,0.0,11.004,0.0
1785437701.1140616,idle_post,0,1000,1000,0.0,0.0,11.02,0.0
1785437701.1319811,idle_post,0,1000,1000,0.0,0.0,11.03,0.0
1785437701.153018,idle_post,0,1000,1000,0.0,0.0,11.016,0.0
1785437701.1719728,idle_post,0,1000,1000,0.0,0.0,11.006,0.0
1785437701.1919718,idle_post,0,1000,1000,0.0,0.0,10.998,0.0
1785437701.2149289,idle_post,0,1000,1000,0.0,0.0,11.005,0.0
1785437701.2343724,idle_post,0,1000,1000,0.0,0.0,11.0,0.0
1785437701.255078,idle_post,0,1000,1000,0.0,0.0,11.0,0.0
1785437701.2734377,idle_post,0,1000,1000,0.0,0.0,11.011,0.0
1785437701.293968,idle_post,0,1000,1000,0.0,0.0,10.982,0.0
1785437701.3119657,idle_post,0,1000,1000,0.0,0.0,11.003,0.0
1785437701.3329742,idle_post,0,1000,1000,0.0,0.0,11.003,0.0
1785437701.355417,idle_post,0,1000,1000,0.0,0.0,10.992,0.0
1785437701.3729906,idle_post,0,1000,1000,0.0,0.0,10.988,0.0
1785437701.3927953,idle_post,0,1000,1000,0.0,0.0,11.0,0.0
1785437701.413003,idle_post,0,1000,1000,0.0,0.0,10.998,0.0
1785437701.4318376,idle_post,0,1000,1000,0.0,0.0,11.005,0.0
1785437701.4550388,idle_post,0,1000,1000,0.0,0.0,10.924,0.0
1785437701.4739957,idle_post,0,1000,1000,0.0,0.0,10.996,0.0
1785437701.4920743,idle_post,0,1000,1000,0.0,0.0,11.007,0.0
1785437701.5130227,idle_post,0,1000,1000,0.0,0.0,11.003,0.0
1785437701.5330172,idle_post,0,1000,1000,0.0,0.0,10.964,0.0
1785437701.5540514,idle_post,0,1000,1000,0.0,0.0,10.994,0.0
1785437701.572084,idle_post,0,1000,1000,0.0,0.0,11.004,0.0
1785437701.5931957,idle_post,0,1000,1000,0.0,0.0,10.959,0.0
1785437701.6119993,idle_post,0,1000,1000,0.0,0.0,11.006,0.0
1785437701.6329517,idle_post,0,1000,1000,0.0,0.0,10.991,0.0
1785437701.6539767,idle_post,0,1000,1000,0.0,0.0,11.003,0.0
1785437701.672111,idle_post,0,1000,1000,0.0,0.0,11.003,0.0
1785437701.694061,idle_post,0,1000,1000,0.0,0.0,10.995,0.0
1785437701.7119784,idle_post,0,1000,1000,0.0,0.0,11.002,0.0
1785437701.7329526,idle_post,0,1000,1000,0.0,0.0,11.008,0.0
1785437701.7539916,idle_post,0,1000,1000,0.0,0.0,10.996,0.0
1785437701.7719522,idle_post,0,1000,1000,0.0,0.0,11.007,0.0
1785437701.7929525,idle_post,0,1000,1000,0.0,0.0,11.006,0.0
1785437701.8119595,idle_post,0,1000,1000,0.0,0.0,11.001,0.0
1785437701.8336453,idle_post,0,1000,1000,0.0,0.0,11.007,0.0
1785437701.854583,idle_post,0,1000,1000,0.0,0.0,11.004,0.0
1785437701.872187,idle_post,0,1000,1000,0.0,0.0,10.997,0.0
1785437701.8941095,idle_post,0,1000,1000,0.0,0.0,11.006,0.0
1785437701.912048,idle_post,0,1000,1000,0.0,0.0,10.999,0.0
1785437701.9334452,idle_post,0,1000,1000,0.0,0.0,10.999,0.0
1785437701.953999,idle_post,0,1000,1000,0.0,0.0,11.003,0.0
1785437701.9729578,idle_post,0,1000,1000,0.0,0.0,10.993,0.0
1785437701.9925802,idle_post,0,1000,1000,0.0,0.0,11.008,0.0
1785437702.012957,idle_post,0,1000,1000,0.0,0.0,11.001,0.0
1785437702.032,idle_post,0,1000,1000,0.0,0.0,11.006,0.0
1785437702.0530303,idle_post,0,1000,1000,0.0,0.0,11.009,0.0
1785437702.0721846,idle_post,0,1000,1000,0.0,0.0,10.996,0.0
1785437702.0930312,idle_post,0,1000,1000,0.0,0.0,11.003,0.0
1785437702.1139934,idle_post,0,1000,1000,0.0,0.0,10.998,0.0
1785437702.1319683,idle_post,0,1000,1000,0.0,0.0,11.003,0.0
1785437702.1539655,idle_post,0,1000,1000,0.0,0.0,11.014,0.0
1785437702.1720743,idle_post,0,1000,1000,0.0,0.0,11.009,0.0
1785437702.1929882,idle_post,0,1000,1000,0.0,0.0,11.016,0.0
1785437702.2139833,idle_post,0,1000,1000,0.0,0.0,10.987,0.0
1785437702.2329874,idle_post,0,1000,1000,0.0,0.0,11.007,0.0
1785437702.255011,idle_post,0,1000,1000,0.0,0.0,11.002,0.0
1785437702.2730134,idle_post,0,1000,1000,0.0,0.0,10.973,0.0
1785437702.2919786,idle_post,0,1000,1000,0.0,0.0,11.005,0.0
1785437702.3139987,idle_post,0,1000,1000,0.0,0.0,10.994,0.0
1785437702.332071,idle_post,0,1000,1000,0.0,0.0,10.972,0.0
1785437702.3530583,idle_post,0,1000,1000,0.0,0.0,10.928,0.0
1785437702.3739731,idle_post,0,1000,1000,0.0,0.0,11.073,0.0
1785437702.3930457,idle_post,0,1000,1000,0.0,0.0,11.001,0.0
1785437702.4140556,idle_post,0,1000,1000,0.0,0.0,11.003,0.0
1785437702.4320786,idle_post,0,1000,1000,0.0,0.0,10.995,0.0
1785437702.4533384,idle_post,0,1000,1000,0.0,0.0,11.0,0.0
1785437702.4720213,idle_post,0,1000,1000,0.0,0.0,10.997,0.0
1785437702.4930851,idle_post,0,1000,1000,0.0,0.0,11.005,0.0
1785437702.514672,idle_post,0,1000,1000,0.0,0.0,10.998,0.0
1785437702.53205,idle_post,0,1000,1000,0.0,0.0,11.015,0.0
1785437702.5542731,idle_post,0,1000,1000,0.0,0.0,11.001,0.0
1785437702.5720627,idle_post,0,1000,1000,0.0,0.0,11.003,0.0
1785437702.5938466,idle_post,0,1000,1000,0.0,0.0,11.0,0.0
1785437702.613999,idle_post,0,1000,1000,0.0,0.0,10.996,0.0
1785437702.6320019,idle_post,0,1000,1000,0.0,0.0,10.988,0.0
1785437702.6530156,idle_post,0,1000,1000,0.0,0.0,10.999,0.0
1785437702.6722863,idle_post,0,1000,1000,0.0,0.0,10.993,0.0
1785437702.6929963,idle_post,0,1000,1000,0.0,0.0,10.995,0.0
1785437702.7140086,idle_post,0,1000,1000,0.0,0.0,10.976,0.0
1785437702.7320592,idle_post,0,1000,1000,0.0,0.0,11.011,0.0
1785437702.7530453,idle_post,0,1000,1000,0.0,0.0,11.065,0.0
1785437702.7719696,idle_post,0,1000,1000,0.0,0.0,11.008,0.0
1785437702.7939832,idle_post,0,1000,1000,0.0,0.0,11.013,0.0
1785437702.8140025,idle_post,0,1000,1000,0.0,0.0,11.007,0.0
1785437702.8319967,idle_post,0,1000,1000,0.0,0.0,10.997,0.0
1785437702.854148,idle_post,0,1000,1000,0.0,0.0,10.992,0.0
1785437702.872999,idle_post,0,1000,1000,0.0,0.0,11.005,0.0
1785437702.8940618,idle_post,0,1000,1000,0.0,0.0,11.052,0.0
1785437702.9120336,idle_post,0,1000,1000,0.0,0.0,11.004,0.0
1785437702.9330125,idle_post,0,1000,1000,0.0,0.0,10.976,0.0
1785437702.9540336,idle_post,0,1000,1000,0.0,0.0,11.007,0.0
1785437702.9720044,idle_post,0,1000,1000,0.0,0.0,11.117,0.0
1785437702.9939907,idle_post,0,1000,1000,0.0,0.0,11.007,0.0
1785437703.01199,idle_post,0,1000,1000,0.0,0.0,10.988,0.0
1785437703.03308,idle_post,0,1000,1000,0.0,0.0,10.93,0.0
1785437703.0541902,idle_post,0,1000,1000,0.0,0.0,11.007,0.0
1785437703.073012,idle_post,0,1000,1000,0.0,0.0,11.009,0.0
1785437703.0941167,idle_post,0,1000,1000,0.0,0.0,11.064,0.0
1785437703.111995,idle_post,0,1000,1000,0.0,0.0,10.973,0.0
1785437703.1319935,idle_post,0,1000,1000,0.0,0.0,11.012,0.0
1785437703.1535268,idle_post,0,1000,1000,0.0,0.0,11.015,0.0
1785437703.1743426,idle_post,0,1000,1000,0.0,0.0,11.006,0.0
1785437703.1920607,idle_post,0,1000,1000,0.0,0.0,10.997,0.0
1785437703.2142367,idle_post,0,1000,1000,0.0,0.0,11.007,0.0
1785437703.2320924,idle_post,0,1000,1000,0.0,0.0,11.008,0.0
1785437703.2535303,idle_post,0,1000,1000,0.0,0.0,11.005,0.0
1785437703.2740083,idle_post,0,1000,1000,0.0,0.0,10.994,0.0
1785437703.293035,idle_post,0,1000,1000,0.0,0.0,11.011,0.0
1785437703.3125734,idle_post,0,1000,1000,0.0,0.0,10.87,0.01
1785437703.3330114,idle_post,0,1000,1000,0.0,0.0,10.997,0.0
1785437703.355052,idle_post,0,1000,1000,0.0,0.0,10.997,0.0
1785437703.3730068,idle_post,0,1000,1000,0.0,0.0,11.003,0.0
1785437703.3940032,idle_post,0,1000,1000,0.0,0.0,11.011,0.0
1785437703.4120944,idle_post,0,1000,1000,0.0,0.0,11.003,0.0
1785437703.4330225,idle_post,0,1000,1000,0.0,0.0,10.995,0.0
1785437703.4543893,idle_post,0,1000,1000,0.0,0.0,11.007,0.0
1785437703.4721742,idle_post,0,1000,1000,0.0,0.0,11.004,0.0
1785437703.4940937,idle_post,0,1000,1000,0.0,0.0,11.006,0.0
1785437703.5130453,idle_post,0,1000,1000,0.0,0.0,10.94,0.0
1785437703.5340493,idle_post,0,1000,1000,0.0,0.0,11.003,0.0
1785437703.5532718,idle_post,0,1000,1000,0.0,0.0,10.996,0.0
1785437703.5740578,idle_post,0,1000,1000,0.0,0.0,11.002,0.0
1785437703.5920477,idle_post,0,1000,1000,0.0,0.0,11.015,0.0
1785437703.6130602,idle_post,0,1000,1000,0.0,0.0,10.999,0.0
1785437703.6320403,idle_post,0,1000,1000,0.0,0.0,10.98,0.0
1785437703.6551971,idle_post,0,1000,1000,0.0,0.0,10.999,0.0
1785437703.6741388,idle_post,0,1000,1000,0.0,0.0,11.004,0.0
1785437703.6920447,idle_post,0,1000,1000,0.0,0.0,11.006,0.0
1785437703.713035,idle_post,0,1000,1000,0.0,0.0,11.026,0.11
1785437703.7330337,idle_post,0,1000,1000,0.0,0.0,10.99,0.0
1785437703.754724,idle_post,0,1000,1000,0.0,0.0,10.976,0.0
1785437703.772038,idle_post,0,1000,1000,0.0,0.0,11.006,0.0
1785437703.7930186,idle_post,0,1000,1000,0.0,0.0,11.004,0.0
1785437703.812068,idle_post,0,1000,1000,0.0,0.0,11.003,0.0
1785437703.8330219,idle_post,0,1000,1000,0.0,0.0,10.997,0.0
1785437703.8544786,idle_post,0,1000,1000,0.0,0.0,10.988,0.0
1785437703.8720207,idle_post,0,1000,1000,0.0,0.0,11.004,0.0
1785437703.893042,idle_post,0,1000,1000,0.0,0.0,10.996,0.0
1785437703.9140432,idle_post,0,1000,1000,0.0,0.0,10.998,0.0
1785437703.9332173,idle_post,0,1000,1000,0.0,0.0,11.049,0.0
1785437703.9547806,idle_post,0,1000,1000,0.0,0.0,11.006,0.0
1785437703.972617,idle_post,0,1000,1000,0.0,0.0,10.992,0.0
1785437703.9930573,idle_post,0,1000,1000,0.0,0.0,10.933,0.0
1785437704.0121462,idle_post,0,1000,1000,0.0,0.0,11.004,0.0
1785437704.0330253,idle_post,0,1000,1000,0.0,0.0,11.008,0.0
1785437704.0545423,idle_post,0,1000,1000,0.0,0.0,11.008,0.0
1785437704.0720458,idle_post,0,1000,1000,0.0,0.0,11.016,0.0
1785437704.0930269,idle_post,0,1000,1000,0.0,0.0,10.986,0.0
1785437704.1140304,idle_post,0,1000,1000,0.0,0.0,11.008,0.0
1785437704.132041,idle_post,0,1000,1000,0.0,0.0,11.016,0.0
1785437704.1537647,idle_post,0,1000,1000,0.0,0.0,11.006,0.0
1785437704.1742704,idle_post,0,1000,1000,0.0,0.0,11.083,0.06
1785437704.1935456,idle_post,0,1000,1000,0.0,0.0,11.008,0.0
1785437704.2140534,idle_post,0,1000,1000,0.0,0.0,11.013,0.0
1785437704.2320626,idle_post,0,1000,1000,0.0,0.0,11.008,0.0
1785437704.2535565,idle_post,0,1000,1000,0.0,0.0,11.027,0.0
1785437704.2740364,idle_post,0,1000,1000,0.0,0.0,11.007,0.0
1785437704.292031,idle_post,0,1000,1000,0.0,0.0,10.989,0.0
1785437704.3140385,idle_post,0,1000,1000,0.0,0.0,11.0,0.0
1785437704.3320324,idle_post,0,1000,1000,0.0,0.0,11.008,0.0
1785437704.3532255,idle_post,0,1000,1000,0.0,0.0,11.133,0.0
1785437704.3740473,idle_post,0,1000,1000,0.0,0.0,11.074,0.0
1785437704.393049,idle_post,0,1000,1000,0.0,0.0,10.994,0.0
1785437704.4141593,idle_post,0,1000,1000,0.0,0.0,10.999,0.0
1785437704.4320707,idle_post,0,1000,1000,0.0,0.0,11.012,0.0
1785437704.4531476,idle_post,0,1000,1000,0.0,0.0,10.971,0.0
1785437704.4721627,idle_post,0,1000,1000,0.0,0.0,11.004,0.0
1785437704.493169,idle_post,0,1000,1000,0.0,0.0,11.101,0.0
1785437704.5146017,idle_post,0,1000,1000,0.0,0.0,11.0,0.0
1785437704.53208,idle_post,0,1000,1000,0.0,0.0,10.962,0.0
1785437704.5531182,idle_post,0,1000,1000,0.0,0.0,11.013,0.0
1785437704.5740743,idle_post,0,1000,1000,0.0,0.0,11.003,0.0
1785437704.5933564,idle_post,0,1000,1000,0.0,0.0,11.003,0.0
1785437704.6142979,idle_post,0,1000,1000,0.0,0.0,11.0,0.0
1785437704.633209,idle_post,0,1000,1000,0.0,0.0,11.005,0.0
1785437704.655683,idle_post,0,1000,1000,0.0,0.0,11.003,0.0
1785437704.6731124,idle_post,0,1000,1000,0.0,0.0,10.998,0.0
1785437704.6941166,idle_post,0,1000,1000,0.0,0.0,10.991,0.0
1785437704.7122772,idle_post,0,1000,1000,0.0,0.0,11.012,0.0
1785437704.7331333,idle_post,0,1000,1000,0.0,0.0,11.006,0.0
1785437704.7545912,idle_post,0,1000,1000,0.0,0.0,10.999,0.0
1785437704.7721558,idle_post,0,1000,1000,0.0,0.0,11.02,0.0
1785437704.7940488,idle_post,0,1000,1000,0.0,0.0,10.994,0.0
1785437704.8121657,idle_post,0,1000,1000,0.0,0.0,11.013,0.0
1785437704.833083,idle_post,0,1000,1000,0.0,0.0,10.889,0.0
1785437704.8540814,idle_post,0,1000,1000,0.0,0.0,11.003,0.0
1785437704.873071,idle_post,0,1000,1000,0.0,0.0,10.986,0.0
1785437704.8941247,idle_post,0,1000,1000,0.0,0.0,11.007,0.0
1785437704.912199,idle_post,0,1000,1000,0.0,0.0,11.006,0.0
1785437704.9330533,idle_post,0,1000,1000,0.0,0.0,10.973,0.0
1785437704.9541686,idle_post,0,1000,1000,0.0,0.0,11.007,0.0
1785437704.9723876,idle_post,0,1000,1000,0.0,0.0,10.972,0.0
1785437704.994139,idle_post,0,1000,1000,0.0,0.0,11.007,0.0
1785437705.0122902,idle_post,0,1000,1000,0.0,0.0,10.999,0.0
1785437705.0330892,idle_post,0,1000,1000,0.0,0.0,11.019,0.0
1785437705.0540838,idle_post,0,1000,1000,0.0,0.0,10.971,0.0
1785437705.0730586,idle_post,0,1000,1000,0.0,0.0,11.006,0.0
1785437705.092807,idle_post,0,1000,1000,0.0,0.0,11.006,0.0
1785437705.1130862,idle_post,0,1000,1000,0.0,0.0,10.922,0.0
1785437705.1326241,idle_post,0,1000,1000,0.0,0.0,11.013,0.0
1785437705.1531117,idle_post,0,1000,1000,0.0,0.0,11.004,0.0
1785437705.1722198,idle_post,0,1000,1000,0.0,0.0,11.103,0.0
1785437705.1942742,idle_post,0,1000,1000,0.0,0.0,11.003,0.0
1785437705.2122755,idle_post,0,1000,1000,0.0,0.0,11.012,0.0
1785437705.2338877,idle_post,0,1000,1000,0.0,0.0,11.001,0.0
1785437705.2540948,idle_post,0,1000,1000,0.0,0.0,11.002,0.0
1785437705.273115,idle_post,0,1000,1000,0.0,0.0,10.965,0.0
1785437705.2930713,idle_post,0,1000,1000,0.0,0.0,11.007,0.0
1785437705.3127124,idle_post,0,1000,1000,0.0,0.0,11.009,0.0
1785437705.333309,idle_post,0,1000,1000,0.0,0.0,11.011,0.0
1785437705.3541474,idle_post,0,1000,1000,0.0,0.0,11.015,0.0
1785437705.3720815,idle_post,0,1000,1000,0.0,0.0,11.007,0.0
1785437705.3941057,idle_post,0,1000,1000,0.0,0.0,11.005,0.0
1785437705.4131973,idle_post,0,1000,1000,0.0,0.0,10.992,0.0
1785437705.4340692,idle_post,0,1000,1000,0.0,0.0,11.004,0.0
1785437705.4551206,idle_post,0,1000,1000,0.0,0.0,11.0,0.0
1785437705.4733136,idle_post,0,1000,1000,0.0,0.0,11.013,0.0
1785437705.4942884,idle_post,0,1000,1000,0.0,0.0,11.014,0.0
1785437705.5132782,idle_post,0,1000,1000,0.0,0.0,10.999,0.0
1785437705.533231,idle_post,0,1000,1000,0.0,0.0,11.006,0.0
1785437705.5575879,idle_post,0,1000,1000,0.0,0.0,11.011,0.0
1785437705.572165,idle_post,0,1000,1000,0.0,0.0,10.974,0.0
1785437705.5932598,idle_post,0,1000,1000,0.0,0.0,10.995,0.0
1785437705.6174297,idle_post,0,1000,1000,0.0,0.0,10.999,0.0
1785437705.634254,idle_post,0,1000,1000,0.0,0.0,10.988,0.0
1785437705.6552565,idle_post,0,1000,1000,0.0,0.0,11.01,0.0
1785437705.6733482,idle_post,0,1000,1000,0.0,0.0,10.955,0.0
1785437705.694207,idle_post,0,1000,1000,0.0,0.0,10.997,0.0
1785437705.7134295,idle_post,0,1000,1000,0.0,0.0,11.002,0.0
1785437705.734652,idle_post,0,1000,1000,0.0,0.0,11.004,0.0
1785437705.7551842,idle_post,0,1000,1000,0.0,0.0,11.004,0.0
1785437705.772085,idle_post,0,1000,1000,0.0,0.0,11.01,0.0
1785437705.793195,idle_post,0,1000,1000,0.0,0.0,11.003,0.0
1785437705.8140843,idle_post,0,1000,1000,0.0,0.0,11.003,0.0
1785437705.8321009,idle_post,0,1000,1000,0.0,0.0,11.008,0.0
1785437705.8543692,idle_post,0,1000,1000,0.0,0.0,11.0,0.0
1785437705.872216,idle_post,0,1000,1000,0.0,0.0,11.003,0.0
1785437705.893926,idle_post,0,1000,1000,0.0,0.0,11.011,0.0
1785437705.914182,idle_post,0,1000,1000,0.0,0.0,10.998,0.0
1785437705.9331083,idle_post,0,1000,1000,0.0,0.0,11.005,0.0
1785437705.9542854,idle_post,0,1000,1000,0.0,0.0,11.001,0.0
1785437705.9729104,idle_post,0,1000,1000,0.0,0.0,11.004,0.0
1785437705.9931128,idle_post,0,1000,1000,0.0,0.0,10.981,0.0
1785437706.0142453,idle_post,0,1000,1000,0.0,0.0,11.015,0.0
1785437706.032109,idle_post,0,1000,1000,0.0,0.0,11.003,0.0
1785437706.053278,idle_post,0,1000,1000,0.0,0.0,10.984,0.0
1785437706.0717769,idle_post,0,1000,1000,0.0,0.0,10.921,0.06
1785437706.0924335,idle_post,0,1000,1000,0.0,0.0,11.003,0.0
1785437706.1142335,idle_post,0,1000,1000,0.0,0.0,11.012,0.0
1785437706.132093,idle_post,0,1000,1000,0.0,0.0,11.003,0.0
1785437706.1535463,idle_post,0,1000,1000,0.0,0.0,11.011,0.0
1785437706.1742623,idle_post,0,1000,1000,0.0,0.0,11.006,0.0
1785437706.1931334,idle_post,0,1000,1000,0.0,0.0,11.003,0.0
1785437706.2142541,idle_post,0,1000,1000,0.0,0.0,11.005,0.0
1785437706.2320974,idle_post,0,1000,1000,0.0,0.0,11.001,0.0
1785437706.2532125,idle_post,0,1000,1000,0.0,0.0,11.015,0.0
1785437706.2721043,idle_post,0,1000,1000,0.0,0.0,11.003,0.0
1785437706.294229,idle_post,0,1000,1000,0.0,0.0,11.012,0.0
1785437706.314367,idle_post,0,1000,1000,0.0,0.0,11.009,0.0
1785437706.3321054,idle_post,0,1000,1000,0.0,0.0,11.051,0.03
1785437706.3531399,idle_post,0,1000,1000,0.0,0.0,10.954,0.0
1785437706.3742144,idle_post,0,1000,1000,0.0,0.0,11.008,0.0
1785437706.392128,idle_post,0,1000,1000,0.0,0.0,11.094,0.0
1785437706.4131322,idle_post,0,1000,1000,0.0,0.0,10.946,0.0
1785437706.4323351,idle_post,0,1000,1000,0.0,0.0,11.011,0.0
1785437706.4531407,idle_post,0,1000,1000,0.0,0.0,10.92,0.0
1785437706.4748392,idle_post,0,1000,1000,0.0,0.0,10.989,0.0
1785437706.492265,idle_post,0,1000,1000,0.0,0.0,11.007,0.0
1785437706.5147717,idle_post,0,1000,1000,0.0,0.0,11.009,0.0
1785437706.532251,idle_post,0,1000,1000,0.0,0.0,11.0,0.0
1785437706.5537562,idle_post,0,1000,1000,0.0,0.0,11.007,0.0
1785437706.5741923,idle_post,0,1000,1000,0.0,0.0,10.994,0.0
1785437706.5933793,idle_post,0,1000,1000,0.0,0.0,10.993,0.0
1785437706.6141882,idle_post,0,1000,1000,0.0,0.0,11.012,0.0
1785437706.6326246,idle_post,0,1000,1000,0.0,0.0,10.913,0.0
1785437706.65326,idle_post,0,1000,1000,0.0,0.0,11.005,0.0
1785437706.6741526,idle_post,0,1000,1000,0.0,0.0,11.002,0.0
1785437706.6921725,idle_post,0,1000,1000,0.0,0.0,10.999,0.0
1785437706.7132509,idle_post,0,1000,1000,0.0,0.0,11.022,0.0
1785437706.7319093,idle_post,0,1000,1000,0.0,0.0,11.008,0.0
1785437706.7552092,idle_post,0,1000,1000,0.0,0.0,11.016,0.0
1785437706.7741425,idle_post,0,1000,1000,0.0,0.0,11.013,0.0
1785437706.7921202,idle_post,0,1000,1000,0.0,0.0,11.008,0.0
1785437706.8131318,idle_post,0,1000,1000,0.0,0.0,11.006,0.0
1785437706.8331583,idle_post,0,1000,1000,0.0,0.0,11.007,0.0
1785437706.8541994,idle_post,0,1000,1000,0.0,0.0,11.001,0.0
1785437706.872133,idle_post,0,1000,1000,0.0,0.0,11.007,0.0
1785437706.893232,idle_post,0,1000,1000,0.0,0.0,11.009,0.0
1785437706.9142604,idle_post,0,1000,1000,0.0,0.0,11.005,0.0
1785437706.93216,idle_post,0,1000,1000,0.0,0.0,11.001,0.0
1785437706.9541545,idle_post,0,1000,1000,0.0,0.0,11.009,0.0
1785437706.972122,idle_post,0,1000,1000,0.0,0.0,11.012,0.0
1785437706.9931474,idle_post,0,1000,1000,0.0,0.0,11.11,0.0
1785437707.014115,idle_post,0,1000,1000,0.0,0.0,11.124,0.0
1785437707.0331445,idle_post,0,1000,1000,0.0,0.0,11.062,0.0
1785437707.0541565,idle_post,0,1000,1000,0.0,0.0,11.019,0.0
1785437707.0721228,idle_post,0,1000,1000,0.0,0.0,11.003,0.0
1785437707.0932155,idle_post,0,1000,1000,0.0,0.0,11.004,0.0
1785437707.1122143,idle_post,0,1000,1000,0.0,0.0,11.007,0.0
1785437707.1331763,idle_post,0,1000,1000,0.0,0.0,11.011,0.0
1785437707.1546993,idle_post,0,1000,1000,0.0,0.0,11.004,0.0
1785437707.172242,idle_post,0,1000,1000,0.0,0.0,11.015,0.0
1785437707.1941621,idle_post,0,1000,1000,0.0,0.0,11.003,0.0
1785437707.2141407,idle_post,0,1000,1000,0.0,0.0,11.011,0.0
1785437707.23346,idle_post,0,1000,1000,0.0,0.0,11.003,0.0
1785437707.2546854,idle_post,0,1000,1000,0.0,0.0,11.058,0.0
1785437707.2731504,idle_post,0,1000,1000,0.0,0.0,11.001,0.0
1785437707.292575,idle_post,0,1000,1000,0.0,0.0,11.011,0.0
1785437707.313156,idle_post,0,1000,1000,0.0,0.0,10.982,0.0
1785437707.3321328,idle_post,0,1000,1000,0.0,0.0,11.005,0.0
1785437707.3554797,idle_post,0,1000,1000,0.0,0.0,11.003,0.0
1785437707.3732693,idle_post,0,1000,1000,0.0,0.0,11.004,0.0
1785437707.391837,idle_post,0,1000,1000,0.0,0.0,11.022,0.0
1785437707.4121358,idle_post,0,1000,1000,0.0,0.0,11.001,0.0
1785437707.4318047,idle_post,0,1000,1000,0.0,0.0,11.003,0.0
1785437707.455172,idle_post,0,1000,1000,0.0,0.0,10.996,0.0
1785437707.4731746,idle_post,0,1000,1000,0.0,0.0,11.002,0.0
1785437707.4941406,idle_post,0,1000,1000,0.0,0.0,11.016,0.0
1785437707.5131445,idle_post,0,1000,1000,0.0,0.0,11.009,0.0
1785437707.5341618,idle_post,0,1000,1000,0.0,0.0,11.011,0.0
1785437707.5532482,idle_post,0,1000,1000,0.0,0.0,11.001,0.0
1785437707.5721421,idle_post,0,1000,1000,0.0,0.0,10.988,0.0
1785437707.5931747,idle_post,0,1000,1000,0.0,0.0,11.004,0.0
1785437707.6143477,idle_post,0,1000,1000,0.0,0.0,10.999,0.0
1785437707.6321735,idle_post,0,1000,1000,0.0,0.0,10.998,0.0
1785437707.6542296,idle_post,0,1000,1000,0.0,0.0,10.953,0.0
1785437707.674251,idle_post,0,1000,1000,0.0,0.0,10.993,0.0
1785437707.6931944,idle_post,0,1000,1000,0.0,0.0,11.013,0.0
1785437707.714197,idle_post,0,1000,1000,0.0,0.0,11.01,0.0
1785437707.7321985,idle_post,0,1000,1000,0.0,0.0,11.007,0.0
1785437707.7533643,idle_post,0,1000,1000,0.0,0.0,11.008,0.0
1785437707.7724578,idle_post,0,1000,1000,0.0,0.0,11.0,0.0
1785437707.7941608,idle_post,0,1000,1000,0.0,0.0,11.003,0.0
1785437707.8121579,idle_post,0,1000,1000,0.0,0.0,10.984,0.0
1785437707.8343866,idle_post,0,1000,1000,0.0,0.0,10.991,0.0
1785437707.8552034,idle_post,0,1000,1000,0.0,0.0,11.017,0.0
1785437707.8737745,idle_post,0,1000,1000,0.0,0.0,11.005,0.0
1785437707.8941762,idle_post,0,1000,1000,0.0,0.0,11.017,0.0
1785437707.9132152,idle_post,0,1000,1000,0.0,0.0,11.019,0.0
1785437707.934221,idle_post,0,1000,1000,0.0,0.0,10.999,0.0
1785437707.9561434,idle_post,0,1000,1000,0.0,0.0,11.016,0.0
1785437707.9731925,idle_post,0,1000,1000,0.0,0.0,10.919,0.0
1785437707.9949343,idle_post,0,1000,1000,0.0,0.0,11.003,0.0
1785437708.0124016,idle_post,0,1000,1000,0.0,0.0,10.987,0.0
1785437708.0331767,idle_post,0,1000,1000,0.0,0.0,11.001,0.0
1785437708.054892,idle_post,0,1000,1000,0.0,0.0,11.013,0.0
1785437708.0722008,idle_post,0,1000,1000,0.0,0.0,11.008,0.0
1785437708.0941546,idle_post,0,1000,1000,0.0,0.0,10.996,0.0
1785437708.1121562,idle_post,0,1000,1000,0.0,0.0,11.009,0.0
1785437708.1332595,idle_post,0,1000,1000,0.0,0.0,11.005,0.0
1785437708.1542695,idle_post,0,1000,1000,0.0,0.0,11.005,0.0
1785437708.1732347,idle_post,0,1000,1000,0.0,0.0,11.01,0.0
1785437708.1946056,idle_post,0,1000,1000,0.0,0.0,11.01,0.0
1785437708.212164,idle_post,0,1000,1000,0.0,0.0,11.001,0.0
1785437708.23319,idle_post,0,1000,1000,0.0,0.0,11.004,0.0
1785437708.2543015,idle_post,0,1000,1000,0.0,0.0,11.015,0.0
1785437708.2723622,idle_post,0,1000,1000,0.0,0.0,11.008,0.0
1785437708.294176,idle_post,0,1000,1000,0.0,0.0,11.005,0.0
1785437708.3121643,idle_post,0,1000,1000,0.0,0.0,10.996,0.0
1785437708.3332086,idle_post,0,1000,1000,0.0,0.0,10.993,0.0
1785437708.3542154,idle_post,0,1000,1000,0.0,0.0,11.085,0.0
1785437708.3732197,idle_post,0,1000,1000,0.0,0.0,11.021,0.0
1785437708.3941844,idle_post,0,1000,1000,0.0,0.0,10.998,0.0
1785437708.4121668,idle_post,0,1000,1000,0.0,0.0,11.019,0.0
1785437708.4331708,idle_post,0,1000,1000,0.0,0.0,11.003,0.0
1785437708.453297,idle_post,0,1000,1000,0.0,0.0,11.005,0.0
1785437708.474799,idle_post,0,1000,1000,0.0,0.0,11.012,0.0
1785437708.4921718,idle_post,0,1000,1000,0.0,0.0,10.98,0.0
1785437708.514206,idle_post,0,1000,1000,0.0,0.0,11.009,0.0
1785437708.5338557,idle_post,0,1000,1000,0.0,0.0,11.004,0.0
1785437708.5542252,idle_post,0,1000,1000,0.0,0.0,10.941,0.0
1785437708.5741746,idle_post,0,1000,1000,0.0,0.0,11.007,0.0
1785437708.5921872,idle_post,0,1000,1000,0.0,0.0,10.998,0.0
1785437708.6136086,idle_post,0,1000,1000,0.0,0.0,11.019,0.0
1785437708.6323605,idle_post,0,1000,1000,0.0,0.0,10.939,0.0
1785437708.6536765,idle_post,0,1000,1000,0.0,0.0,11.007,0.0
1785437708.674387,idle_post,0,1000,1000,0.0,0.0,11.011,0.0
1785437708.692245,idle_post,0,1000,1000,0.0,0.0,11.008,0.0
1785437708.7132318,idle_post,0,1000,1000,0.0,0.0,10.992,0.0
1785437708.734361,idle_post,0,1000,1000,0.0,0.0,11.01,0.0
1785437708.7552502,idle_post,0,1000,1000,0.0,0.0,11.004,0.0
1785437708.7732441,idle_post,0,1000,1000,0.0,0.0,11.013,0.0
1785437708.7942476,idle_post,0,1000,1000,0.0,0.0,10.98,0.0
1785437708.8138049,idle_post,0,1000,1000,0.0,0.0,11.012,0.0
1785437708.834241,idle_post,0,1000,1000,0.0,0.0,11.012,0.0
1785437708.8531613,idle_post,0,1000,1000,0.0,0.0,10.997,0.0
1785437708.872203,idle_post,0,1000,1000,0.0,0.0,11.019,0.0
1785437708.8931851,idle_post,0,1000,1000,0.0,0.0,11.002,0.0
1785437708.9141958,idle_post,0,1000,1000,0.0,0.0,10.993,0.0
1785437708.9324875,idle_post,0,1000,1000,0.0,0.0,11.017,0.0
1785437708.95422,idle_post,0,1000,1000,0.0,0.0,11.005,0.0
1785437708.9721966,idle_post,0,1000,1000,0.0,0.0,11.072,0.0
1785437708.993206,idle_post,0,1000,1000,0.0,0.0,11.005,0.0
1785437709.0142329,idle_post,0,1000,1000,0.0,0.0,11.01,0.0
1785437709.0333483,idle_post,0,1000,1000,0.0,0.0,10.988,0.0
1785437709.0542264,idle_post,0,1000,1000,0.0,0.0,11.119,0.0
1785437709.0721927,idle_post,0,1000,1000,0.0,0.0,11.009,0.0
1785437709.0932207,idle_post,0,1000,1000,0.0,0.0,10.999,0.0
1785437709.1121893,idle_post,0,1000,1000,0.0,0.0,11.007,0.0
1785437709.1347253,idle_post,0,1000,1000,0.0,0.0,11.111,0.1
1785437709.155321,idle_post,0,1000,1000,0.0,0.0,11.014,0.0
1785437709.1744485,idle_post,0,1000,1000,0.0,0.0,11.01,0.0
1785437709.193858,idle_post,0,1000,1000,0.0,0.0,11.018,0.0
1785437709.214285,idle_post,0,1000,1000,0.0,0.0,11.12,0.0
1785437709.2332501,idle_post,0,1000,1000,0.0,0.0,10.997,0.0
1785437709.2546144,idle_post,0,1000,1000,0.0,0.0,11.01,0.0
1785437709.272754,idle_post,0,1000,1000,0.0,0.0,11.021,0.0
1785437709.2932427,idle_post,0,1000,1000,0.0,0.0,11.004,0.0
1785437709.3142242,idle_post,0,1000,1000,0.0,0.0,10.998,0.0
1785437709.3322039,idle_post,0,1000,1000,0.0,0.0,11.006,0.0
1785437709.3533196,idle_post,0,1000,1000,0.0,0.0,11.009,0.0
1785437709.3719084,idle_post,0,1000,1000,0.0,0.0,11.008,0.0
1785437709.3920715,idle_post,0,1000,1000,0.0,0.0,10.999,0.0
1785437709.414207,idle_post,0,1000,1000,0.0,0.0,11.008,0.0
1785437709.432227,idle_post,0,1000,1000,0.0,0.0,11.0,0.0
1785437709.454515,idle_post,0,1000,1000,0.0,0.0,11.003,0.0
1785437709.4742434,idle_post,0,1000,1000,0.0,0.0,10.995,0.0
1785437709.4932194,idle_post,0,1000,1000,0.0,0.0,10.985,0.0
1785437709.5142038,idle_post,0,1000,1000,0.0,0.0,11.005,0.0
1785437709.5322223,idle_post,0,1000,1000,0.0,0.0,11.007,0.0
1785437709.553241,idle_post,0,1000,1000,0.0,0.0,11.012,0.0
1785437709.5722077,idle_post,0,1000,1000,0.0,0.0,10.999,0.0
1785437709.594203,idle_post,0,1000,1000,0.0,0.0,11.003,0.0
1785437709.614203,idle_post,0,1000,1000,0.0,0.0,11.01,0.0
1785437709.634204,idle_post,0,1000,1000,0.0,0.0,11.015,0.0
1785437709.655261,idle_post,0,1000,1000,0.0,0.0,11.024,0.0
1785437709.6732533,idle_post,0,1000,1000,0.0,0.0,11.012,0.0
1785437709.6942966,idle_post,0,1000,1000,0.0,0.0,11.0,0.0
1785437709.7122514,idle_post,0,1000,1000,0.0,0.0,11.014,0.0
1785437709.7332993,idle_post,0,1000,1000,0.0,0.0,11.001,0.0
1785437709.7552867,idle_post,0,1000,1000,0.0,0.0,11.011,0.0
1785437709.7733386,idle_post,0,1000,1000,0.0,0.0,10.996,0.0
1785437709.7950797,idle_post,0,1000,1000,0.0,0.0,11.016,0.0
1785437709.8122575,idle_post,0,1000,1000,0.0,0.0,11.0,0.0
1785437709.8342755,idle_post,0,1000,1000,0.0,0.0,11.011,0.0
1785437709.8552732,idle_post,0,1000,1000,0.0,0.0,11.006,0.0
1785437709.874307,idle_post,0,1000,1000,0.0,0.0,10.981,0.0
1785437709.893384,idle_post,0,1000,1000,0.0,0.0,11.006,0.0
1785437709.9143066,idle_post,0,1000,1000,0.0,0.0,11.006,0.0
1785437709.932726,idle_post,0,1000,1000,0.0,0.0,11.017,0.0
1785437709.953253,idle_post,0,1000,1000,0.0,0.0,10.99,0.0
1785437709.9743667,idle_post,0,1000,1000,0.0,0.0,10.993,0.0
1785437709.9922519,idle_post,0,1000,1000,0.0,0.0,11.006,0.0
1785437710.0142865,idle_post,0,1000,1000,0.0,0.0,10.96,0.0
1785437710.0323794,idle_post,0,1000,1000,0.0,0.0,11.012,0.0
1785437710.0543497,idle_post,0,1000,1000,0.0,0.0,10.998,0.0
1785437710.0724018,idle_post,0,1000,1000,0.0,0.0,11.011,0.0
1785437710.0942395,idle_post,0,1000,1000,0.0,0.0,10.992,0.0
1785437710.112316,idle_post,0,1000,1000,0.0,0.0,11.003,0.0
1785437710.1332285,idle_post,0,1000,1000,0.0,0.0,11.001,0.0
1785437710.1543605,idle_post,0,1000,1000,0.0,0.0,11.008,0.0
1785437710.1725376,idle_post,0,1000,1000,0.0,0.0,11.015,0.0
1785437710.1933954,idle_post,0,1000,1000,0.0,0.0,11.01,0.0
1785437710.2123673,idle_post,0,1000,1000,0.0,0.0,11.012,0.0
1785437710.2332432,idle_post,0,1000,1000,0.0,0.0,10.975,0.0
1785437710.254282,idle_post,0,1000,1000,0.0,0.0,11.004,0.0
1785437710.272346,idle_post,0,1000,1000,0.0,0.0,10.999,0.0
1785437710.2946339,idle_post,0,1000,1000,0.0,0.0,11.003,0.0
1785437710.3124924,idle_post,0,1000,1000,0.0,0.0,11.01,0.0
1785437710.3332489,idle_post,0,1000,1000,0.0,0.0,10.99,0.0
1785437710.3543494,idle_post,0,1000,1000,0.0,0.0,11.126,0.0
1785437710.3732526,idle_post,0,1000,1000,0.0,0.0,11.007,0.0
1785437710.3923259,idle_post,0,1000,1000,0.0,0.0,11.003,0.0
1785437710.4132419,idle_post,0,1000,1000,0.0,0.0,10.999,0.0
1785437710.434661,idle_post,0,1000,1000,0.0,0.0,11.005,0.0
1785437710.4554462,idle_post,0,1000,1000,0.0,0.0,11.003,0.08
1785437710.4748998,idle_post,0,1000,1000,0.0,0.0,11.004,0.0
1785437710.492438,idle_post,0,1000,1000,0.0,0.0,11.006,0.0
1785437710.5142374,idle_post,0,1000,1000,0.0,0.0,10.994,0.0
1785437710.5340781,idle_post,0,1000,1000,0.0,0.0,11.004,0.0
1785437710.5537288,idle_post,0,1000,1000,0.0,0.0,11.011,0.0
1785437710.5742357,idle_post,0,1000,1000,0.0,0.0,10.997,0.0
1785437710.5927718,idle_post,0,1000,1000,0.0,0.0,11.005,0.0
1785437710.6140563,idle_post,0,1000,1000,0.0,0.0,11.012,0.0
1785437710.634821,idle_post,0,1000,1000,0.0,0.0,11.011,0.0
1785437710.655336,idle_post,0,1000,1000,0.0,0.0,11.004,0.0
1785437710.6742754,idle_post,0,1000,1000,0.0,0.0,11.004,0.0
1785437710.692271,idle_post,0,1000,1000,0.0,0.0,11.003,0.0
1785437710.7142756,idle_post,0,1000,1000,0.0,0.0,11.012,0.0
1785437710.732304,idle_post,0,1000,1000,0.0,0.0,11.004,0.0
1785437710.7542675,idle_post,0,1000,1000,0.0,0.0,11.011,0.0
1785437710.7722943,idle_post,0,1000,1000,0.0,0.0,11.012,0.0
1785437710.793366,idle_post,0,1000,1000,0.0,0.0,11.006,0.0
1785437710.814276,idle_post,0,1000,1000,0.0,0.0,11.004,0.0
1785437710.8334093,idle_post,0,1000,1000,0.0,0.0,11.003,0.0
1785437710.8553789,idle_post,0,1000,1000,0.0,0.0,11.008,0.0
1785437710.872304,idle_post,0,1000,1000,0.0,0.0,11.003,0.0
1785437710.893584,idle_post,0,1000,1000,0.0,0.0,11.004,0.0
1785437710.9146214,idle_post,0,1000,1000,0.0,0.0,11.014,0.0
1785437710.9323766,idle_post,0,1000,1000,0.0,0.0,11.007,0.0
1785437710.9534004,idle_post,0,1000,1000,0.0,0.0,11.079,0.0
1785437710.9745991,idle_post,0,1000,1000,0.0,0.0,11.109,0.0
1785437710.993343,idle_post,0,1000,1000,0.0,0.0,11.01,0.0
1785437711.0142474,idle_post,0,1000,1000,0.0,0.0,10.985,0.1
1785437711.032255,idle_post,0,1000,1000,0.0,0.0,11.016,0.0
1785437711.0536082,idle_post,0,1000,1000,0.0,0.0,11.007,0.0
1785437711.0723057,idle_post,0,1000,1000,0.0,0.0,11.011,0.0
1785437711.0934799,idle_post,0,1000,1000,0.0,0.0,11.011,0.0
1785437711.1148324,idle_post,0,1000,1000,0.0,0.0,10.938,0.0
1785437711.1322653,idle_post,0,1000,1000,0.0,0.0,11.026,0.0
1785437711.1543179,idle_post,0,1000,1000,0.0,0.0,11.006,0.0
1785437711.1740952,idle_post,0,1000,1000,0.0,0.0,11.001,0.0
1785437711.194522,idle_post,0,1000,1000,0.0,0.0,11.012,0.0
1785437711.2135744,idle_post,0,1000,1000,0.0,0.0,11.014,0.0
1785437711.2343724,idle_post,0,1000,1000,0.0,0.0,11.008,0.0
1785437711.2558324,idle_post,0,1000,1000,0.0,0.0,11.004,0.0
1785437711.2732775,idle_post,0,1000,1000,0.0,0.0,11.008,0.0
1785437711.2922993,idle_post,0,1000,1000,0.0,0.0,11.007,0.0
1785437711.313283,idle_post,0,1000,1000,0.0,0.0,11.016,0.0
1785437711.33232,idle_post,0,1000,1000,0.0,0.0,10.999,0.0
1785437711.3532934,idle_post,0,1000,1000,0.0,0.0,11.012,0.0
1785437711.3743744,idle_post,0,1000,1000,0.0,0.0,11.005,0.0
1785437711.39245,idle_post,0,1000,1000,0.0,0.0,11.001,0.0
1785437711.4143534,idle_post,0,1000,1000,0.0,0.0,11.014,0.0
1785437711.4323115,idle_post,0,1000,1000,0.0,0.0,11.006,0.0
1785437711.453486,idle_post,0,1000,1000,0.0,0.0,10.996,0.0
1785437711.4744537,idle_post,0,1000,1000,0.0,0.0,11.01,0.0
1785437711.4924314,idle_post,0,1000,1000,0.0,0.0,11.004,0.0
1785437711.5134757,idle_post,0,1000,1000,0.0,0.0,11.013,0.0
1785437711.5322764,idle_post,0,1000,1000,0.0,0.0,11.014,0.09
1785437711.5533304,idle_post,0,1000,1000,0.0,0.0,11.002,0.0
1785437711.5743606,idle_post,0,1000,1000,0.0,0.0,11.006,0.0
1785437711.5922842,idle_post,0,1000,1000,0.0,0.0,11.002,0.0
1785437711.6143916,idle_post,0,1000,1000,0.0,0.0,11.062,0.0
1785437711.6323104,idle_post,0,1000,1000,0.0,0.0,11.004,0.0
1785437711.6533487,idle_post,0,1000,1000,0.0,0.0,11.004,0.0
1785437711.6745882,idle_post,0,1000,1000,0.0,0.0,10.998,0.0
1785437711.6933146,idle_post,0,1000,1000,0.0,0.0,11.007,0.0
1785437711.7122984,idle_post,0,1000,1000,0.0,0.0,11.131,0.0
1785437711.7333655,idle_post,0,1000,1000,0.0,0.0,11.011,0.0
1785437711.7544446,idle_post,0,1000,1000,0.0,0.0,10.997,0.0
1785437711.7723265,idle_post,0,1000,1000,0.0,0.0,10.981,0.0
1785437711.7946384,idle_post,0,1000,1000,0.0,0.0,10.998,0.0
1785437711.8123925,idle_post,0,1000,1000,0.0,0.0,10.977,0.0
1785437711.8337781,idle_post,0,1000,1000,0.0,0.0,11.007,0.0
1785437711.85446,idle_post,0,1000,1000,0.0,0.0,11.002,0.0
1785437711.8737912,idle_post,0,1000,1000,0.0,0.0,10.995,0.0
1785437711.8943222,idle_post,0,1000,1000,0.0,0.0,11.005,0.0
1785437711.913321,idle_post,0,1000,1000,0.0,0.0,11.009,0.0
1785437711.932765,idle_post,0,1000,1000,0.0,0.0,11.009,0.0
1785437711.95343,idle_post,0,1000,1000,0.0,0.0,11.013,0.0
1785437711.9723203,idle_post,0,1000,1000,0.0,0.0,11.004,0.0
1785437711.9932904,idle_post,0,1000,1000,0.0,0.0,11.008,0.0
1785437712.0118737,idle_post,0,1000,1000,0.0,0.0,11.004,0.0
1785437712.0337133,idle_post,0,1000,1000,0.0,0.0,11.008,0.0
1785437712.0550933,idle_post,0,1000,1000,0.0,0.0,11.001,0.0
1785437712.074291,idle_post,0,1000,1000,0.0,0.0,11.005,0.0
1785437712.0923042,idle_post,0,1000,1000,0.0,0.0,11.011,0.0
1785437712.1133075,idle_post,0,1000,1000,0.0,0.0,11.057,0.0
1785437712.1333814,idle_post,0,1000,1000,0.0,0.0,11.0,0.0
1785437712.1555321,idle_post,0,1000,1000,0.0,0.0,11.041,0.0
1785437712.1735816,idle_post,0,1000,1000,0.0,0.0,10.994,0.0
1785437712.1923296,idle_post,0,1000,1000,0.0,0.0,11.007,0.0
1785437712.212078,idle_post,0,1000,1000,0.0,0.0,11.021,0.0
1785437712.2325428,idle_post,0,1000,1000,0.0,0.0,11.01,0.0
1785437712.2543726,idle_post,0,1000,1000,0.0,0.0,11.005,0.0
1785437712.2722921,idle_post,0,1000,1000,0.0,0.0,11.036,0.0
1785437712.293296,idle_post,0,1000,1000,0.0,0.0,11.003,0.0
1785437712.3142946,idle_post,0,1000,1000,0.0,0.0,11.003,0.0
1785437712.3333805,idle_post,0,1000,1000,0.0,0.0,11.049,0.05
1785437712.3545938,idle_post,0,1000,1000,0.0,0.0,11.009,0.0
1785437712.3722932,idle_post,0,1000,1000,0.0,0.0,11.008,0.0
1785437712.3932958,idle_post,0,1000,1000,0.0,0.0,11.011,0.0
1785437712.414293,idle_post,0,1000,1000,0.0,0.0,11.0,0.0
1785437712.4323168,idle_post,0,1000,1000,0.0,0.0,11.011,0.0
1785437712.454656,idle_post,0,1000,1000,0.0,0.0,11.001,0.0
1785437712.4724255,idle_post,0,1000,1000,0.0,0.0,11.014,0.0
1785437712.4933186,idle_post,0,1000,1000,0.0,0.0,11.066,0.0
1785437712.5138714,idle_post,0,1000,1000,0.0,0.0,10.999,0.0
1785437712.534304,idle_post,0,1000,1000,0.0,0.0,11.009,0.0
1785437712.5533268,idle_post,0,1000,1000,0.0,0.0,11.009,0.0
1785437712.5738761,idle_post,0,1000,1000,0.0,0.0,10.999,0.0
1785437712.5926738,idle_post,0,1000,1000,0.0,0.0,11.002,0.0
1785437712.6133013,idle_post,0,1000,1000,0.0,0.0,11.009,0.0
1785437712.6342998,idle_post,0,1000,1000,0.0,0.0,11.013,0.0
1785437712.6556487,idle_post,0,1000,1000,0.0,0.0,11.008,0.0
1785437712.6733592,idle_post,0,1000,1000,0.0,0.0,11.012,0.0
1785437712.6919148,idle_post,0,1000,1000,0.0,0.0,10.988,0.0
1785437712.7123394,idle_post,0,1000,1000,0.0,0.0,10.996,0.0
1785437712.7343347,idle_post,0,1000,1000,0.0,0.0,11.015,0.0
1785437712.7556405,idle_post,0,1000,1000,0.0,0.0,11.012,0.0
1785437712.773313,idle_post,0,1000,1000,0.0,0.0,10.987,0.0
1785437712.7943072,idle_post,0,1000,1000,0.0,0.0,11.011,0.0
1785437712.8124344,idle_post,0,1000,1000,0.0,0.0,11.008,0.0
1785437712.8337042,idle_post,0,1000,1000,0.0,0.0,11.017,0.0
1785437712.8553984,idle_post,0,1000,1000,0.0,0.0,10.982,0.0
1785437712.8733652,idle_post,0,1000,1000,0.0,0.0,11.042,0.0
1785437712.8943412,idle_post,0,1000,1000,0.0,0.0,10.989,0.0
1785437712.912404,idle_post,0,1000,1000,0.0,0.0,11.012,0.0
1785437712.9344082,idle_post,0,1000,1000,0.0,0.0,10.915,0.0
1785437712.9543812,idle_post,0,1000,1000,0.0,0.0,11.012,0.0
1785437712.9733515,idle_post,0,1000,1000,0.0,0.0,10.957,0.0
1785437712.9943485,idle_post,0,1000,1000,0.0,0.0,10.896,0.0
1785437713.0127907,idle_post,0,1000,1000,0.0,0.0,11.016,0.0
1785437713.0333605,idle_post,0,1000,1000,0.0,0.0,11.005,0.0
1785437713.0553713,idle_post,0,1000,1000,0.0,0.0,11.024,0.0
1785437713.073353,idle_post,0,1000,1000,0.0,0.0,11.007,0.0
1785437713.0923197,idle_post,0,1000,1000,0.0,0.0,11.006,0.0
1785437713.114738,idle_post,0,1000,1000,0.0,0.0,11.02,0.0
1785437713.1323187,idle_post,0,1000,1000,0.0,0.0,11.015,0.0
1785437713.1543815,idle_post,0,1000,1000,0.0,0.0,11.017,0.0
1785437713.174104,idle_post,0,1000,1000,0.0,0.0,11.015,0.0
1785437713.1935432,idle_post,0,1000,1000,0.0,0.0,11.015,0.0
1785437713.2143292,idle_post,0,1000,1000,0.0,0.0,11.007,0.0
1785437713.2328577,idle_post,0,1000,1000,0.0,0.0,11.014,0.0
1785437713.2534213,idle_post,0,1000,1000,0.0,0.0,11.003,0.0
1785437713.2723587,idle_post,0,1000,1000,0.0,0.0,11.058,0.0
1785437713.2933245,idle_post,0,1000,1000,0.0,0.0,11.016,0.0
1785437713.3124046,idle_post,0,1000,1000,0.0,0.0,11.007,0.0
1785437713.3333445,idle_post,0,1000,1000,0.0,0.0,11.007,0.0
1785437713.354946,idle_post,0,1000,1000,0.0,0.0,11.005,0.0
1785437713.3723466,idle_post,0,1000,1000,0.0,0.0,11.007,0.0
1785437713.3933425,idle_post,0,1000,1000,0.0,0.0,11.005,0.0
1785437713.414343,idle_post,0,1000,1000,0.0,0.0,11.008,0.0
1785437713.433727,idle_post,0,1000,1000,0.0,0.0,11.005,0.0
1785437713.4548552,idle_post,0,1000,1000,0.0,0.0,10.995,0.0
1785437713.4723766,idle_post,0,1000,1000,0.0,0.0,11.004,0.0
1785437713.493819,idle_post,0,1000,1000,0.0,0.0,11.005,0.0
1785437713.5123389,idle_post,0,1000,1000,0.0,0.0,11.099,0.0
1785437713.5333362,idle_post,0,1000,1000,0.0,0.0,11.001,0.0
1785437713.5543973,idle_post,0,1000,1000,0.0,0.0,11.019,0.0
1785437713.5747788,idle_post,0,1000,1000,0.0,0.0,11.008,0.0
1785437713.5923312,idle_post,0,1000,1000,0.0,0.0,10.996,0.0
1785437713.6133509,idle_post,0,1000,1000,0.0,0.0,11.012,0.0
1785437713.63436,idle_post,0,1000,1000,0.0,0.0,11.007,0.0
1785437713.653883,idle_post,0,1000,1000,0.0,0.0,11.003,0.0
1785437713.6745424,idle_post,0,1000,1000,0.0,0.0,11.007,0.0
1785437713.6924143,idle_post,0,1000,1000,0.0,0.0,11.012,0.0
1785437713.7123547,idle_post,0,1000,1000,0.0,0.0,11.003,0.0
1785437713.733367,idle_post,0,1000,1000,0.0,0.0,11.013,0.0
1785437713.7550864,idle_post,0,1000,1000,0.0,0.0,11.004,0.0
1785437713.7723923,idle_post,0,1000,1000,0.0,0.0,11.005,0.0
1785437713.7923405,idle_post,0,1000,1000,0.0,0.0,11.011,0.0
1785437713.8133404,idle_post,0,1000,1000,0.0,0.0,11.023,0.0
1785437713.8344822,idle_post,0,1000,1000,0.0,0.0,10.998,0.0
1785437713.8539877,idle_post,0,1000,1000,0.0,0.0,11.01,0.0
1785437713.8743973,idle_post,0,1000,1000,0.0,0.0,11.009,0.0
1785437713.8929644,idle_post,0,1000,1000,0.0,0.0,11.007,0.0
1785437713.913413,idle_post,0,1000,1000,0.0,0.0,11.014,0.0
1785437713.9326744,idle_post,0,1000,1000,0.0,0.0,11.015,0.0
1785437713.953445,idle_post,0,1000,1000,0.0,0.0,11.011,0.0
1785437713.974387,idle_post,0,1000,1000,0.0,0.0,11.005,0.0
1785437713.9924352,idle_post,0,1000,1000,0.0,0.0,11.013,0.0
1785437714.0134764,idle_post,0,1000,1000,0.0,0.0,11.013,0.0
1785437714.0344057,idle_post,0,1000,1000,0.0,0.0,11.087,0.0
1785437714.0554624,idle_post,0,1000,1000,0.0,0.0,11.013,0.0
1785437714.074954,idle_post,0,1000,1000,0.0,0.0,11.0,0.0
1785437714.0933967,idle_post,0,1000,1000,0.0,0.0,11.001,0.0
1785437714.11435,idle_post,0,1000,1000,0.0,0.0,11.008,0.0
1785437714.1333497,idle_post,0,1000,1000,0.0,0.0,11.019,0.0
1785437714.153678,idle_post,0,1000,1000,0.0,0.0,11.017,0.0
1785437714.1724193,idle_post,0,1000,1000,0.0,0.0,11.038,0.0
1785437714.1934104,idle_post,0,1000,1000,0.0,0.0,11.016,0.0
1785437714.2143924,idle_post,0,1000,1000,0.0,0.0,11.006,0.0
1785437714.2324126,idle_post,0,1000,1000,0.0,0.0,11.003,0.0
1785437714.254396,idle_post,0,1000,1000,0.0,0.0,11.008,0.0
1785437714.2733886,idle_post,0,1000,1000,0.0,0.0,10.993,0.0
1785437714.2943885,idle_post,0,1000,1000,0.0,0.0,11.016,0.0
1785437714.3133717,idle_post,0,1000,1000,0.0,0.0,11.004,0.0
1785437714.332428,idle_post,0,1000,1000,0.0,0.0,11.097,0.0
1785437714.3536804,idle_post,0,1000,1000,0.0,0.0,10.982,0.0
1785437714.3723578,idle_post,0,1000,1000,0.0,0.0,11.003,0.0
1785437714.3933587,idle_post,0,1000,1000,0.0,0.0,11.01,0.0
1785437714.414602,idle_post,0,1000,1000,0.0,0.0,11.008,0.0
1785437714.4325294,idle_post,0,1000,1000,0.0,0.0,11.019,0.0
1785437714.4544551,idle_post,0,1000,1000,0.0,0.0,11.02,0.0
1785437714.472453,idle_post,0,1000,1000,0.0,0.0,11.008,0.0
1785437714.49393,idle_post,0,1000,1000,0.0,0.0,11.01,0.0
1785437714.5143738,idle_post,0,1000,1000,0.0,0.0,11.004,0.0
1785437714.5333722,idle_post,0,1000,1000,0.0,0.0,11.003,0.0
1785437714.5559626,idle_post,0,1000,1000,0.0,0.0,11.02,0.0
1785437714.5734136,idle_post,0,1000,1000,0.0,0.0,11.011,0.0
1785437714.5925806,idle_post,0,1000,1000,0.0,0.0,11.019,0.0
1785437714.6124797,idle_post,0,1000,1000,0.0,0.0,11.012,0.0
1785437714.6343784,idle_post,0,1000,1000,0.0,0.0,11.014,0.0
1785437714.6557615,idle_post,0,1000,1000,0.0,0.0,11.019,0.0
1785437714.6734226,idle_post,0,1000,1000,0.0,0.0,11.012,0.0
1785437714.6919546,idle_post,0,1000,1000,0.0,0.0,10.999,0.0
1785437714.714398,idle_post,0,1000,1000,0.0,0.0,10.992,0.0
1785437714.732407,idle_post,0,1000,1000,0.0,0.0,11.013,0.0
1785437714.7538328,idle_post,0,1000,1000,0.0,0.0,11.006,0.0
1785437714.7743726,idle_post,0,1000,1000,0.0,0.0,11.003,0.0
1785437714.7933748,idle_post,0,1000,1000,0.0,0.0,11.02,0.0
1785437714.8124428,idle_post,0,1000,1000,0.0,0.0,10.971,0.0
1785437714.8334014,idle_post,0,1000,1000,0.0,0.0,10.987,0.0
1785437714.8554006,idle_post,0,1000,1000,0.0,0.0,11.002,0.0
1785437714.874378,idle_post,0,1000,1000,0.0,0.0,11.016,0.0
1785437714.8924766,idle_post,0,1000,1000,0.0,0.0,11.008,0.0
1785437714.9145682,idle_post,0,1000,1000,0.0,0.0,11.023,0.0
1785437714.932461,idle_post,0,1000,1000,0.0,0.0,11.124,0.0
1785437714.9535947,idle_post,0,1000,1000,0.0,0.0,11.041,0.06
1785437714.9744115,idle_post,0,1000,1000,0.0,0.0,11.011,0.0
1785437714.9934077,idle_post,0,1000,1000,0.0,0.0,11.016,0.0
1785437715.0144079,idle_post,0,1000,1000,0.0,0.0,11.004,0.0
1785437715.032451,idle_post,0,1000,1000,0.0,0.0,11.009,0.0
1785437715.0536263,idle_post,0,1000,1000,0.0,0.0,11.005,0.0
1785437715.0724456,idle_post,0,1000,1000,0.0,0.0,11.013,0.0
1785437715.0948038,idle_post,0,1000,1000,0.0,0.0,10.998,0.0
1785437715.1125655,idle_post,0,1000,1000,0.0,0.0,11.002,0.0
1785437715.1333883,idle_post,0,1000,1000,0.0,0.0,11.008,0.0
1785437715.1547387,idle_post,0,1000,1000,0.0,0.0,11.016,0.0
1785437715.1738174,idle_post,0,1000,1000,0.0,0.0,11.01,0.0
1785437715.1944606,idle_post,0,1000,1000,0.0,0.0,11.013,0.0
1785437715.2131536,idle_post,0,1000,1000,0.0,0.0,11.014,0.0
1785437715.2334673,idle_post,0,1000,1000,0.0,0.0,10.997,0.0
1785437715.2554116,idle_post,0,1000,1000,0.0,0.0,11.011,0.0
1785437715.2734218,idle_post,0,1000,1000,0.0,0.0,11.005,0.0
1785437715.2922924,idle_post,0,1000,1000,0.0,0.0,11.004,0.0
1785437715.3147147,idle_post,0,1000,1000,0.0,0.0,11.013,0.0
1785437715.3344085,idle_post,0,1000,1000,0.0,0.0,11.007,0.0
1785437715.3554666,idle_post,0,1000,1000,0.0,0.0,11.021,0.0
1785437715.3744457,idle_post,0,1000,1000,0.0,0.0,11.013,0.0
1785437715.3926868,idle_post,0,1000,1000,0.0,0.0,10.971,0.0
1785437715.413409,idle_post,0,1000,1000,0.0,0.0,11.025,0.0
1785437715.4344096,idle_post,0,1000,1000,0.0,0.0,11.003,0.0
1785437715.4536138,idle_post,0,1000,1000,0.0,0.0,10.988,0.0
1785437715.4750473,idle_post,0,1000,1000,0.0,0.0,11.013,0.0
1785437715.4924257,idle_post,0,1000,1000,0.0,0.0,11.008,0.0
1785437715.5134346,idle_post,0,1000,1000,0.0,0.0,11.0,0.0
1785437715.5322578,idle_post,0,1000,1000,0.0,0.0,11.019,0.0
1785437715.5547163,idle_post,0,1000,1000,0.0,0.0,11.008,0.0
1785437715.572397,idle_post,0,1000,1000,0.0,0.0,11.006,0.0
1785437715.593404,idle_post,0,1000,1000,0.0,0.0,11.101,0.0
1785437715.6143987,idle_post,0,1000,1000,0.0,0.0,11.006,0.0
1785437715.6333973,idle_post,0,1000,1000,0.0,0.0,11.012,0.0
1785437715.654585,idle_post,0,1000,1000,0.0,0.0,10.995,0.0
1785437715.67302,idle_post,0,1000,1000,0.0,0.0,11.01,0.0
1785437715.6934202,idle_post,0,1000,1000,0.0,0.0,11.011,0.0
1785437715.7124774,idle_post,0,1000,1000,0.0,0.0,11.007,0.0
1785437715.733434,idle_post,0,1000,1000,0.0,0.0,11.013,0.0
1785437715.7550995,idle_post,0,1000,1000,0.0,0.0,11.003,0.0
1785437715.7724013,idle_post,0,1000,1000,0.0,0.0,11.014,0.0
1785437715.7934828,idle_post,0,1000,1000,0.0,0.0,11.006,0.0
1785437715.8144484,idle_post,0,1000,1000,0.0,0.0,11.007,0.0
1785437715.833687,idle_post,0,1000,1000,0.0,0.0,11.014,0.0
1785437715.8546777,idle_post,0,1000,1000,0.0,0.0,10.999,0.0
1785437715.873453,idle_post,0,1000,1000,0.0,0.0,11.015,0.0
1785437715.8934734,idle_post,0,1000,1000,0.0,0.0,11.004,0.0
1785437715.9124715,idle_post,0,1000,1000,0.0,0.0,10.987,0.0
1785437715.9334834,idle_post,0,1000,1000,0.0,0.0,11.007,0.0
1785437715.9549508,idle_post,0,1000,1000,0.0,0.0,11.013,0.0
1785437715.972593,idle_post,0,1000,1000,0.0,0.0,10.984,0.0
1785437715.9934597,idle_post,0,1000,1000,0.0,0.0,10.993,0.0
1785437716.0144484,idle_post,0,1000,1000,0.0,0.0,11.004,0.0
1785437716.032633,idle_post,0,1000,1000,0.0,0.0,11.005,0.0
1785437716.0543988,idle_post,0,1000,1000,0.0,0.0,11.015,0.0
1785437716.0735776,idle_post,0,1000,1000,0.0,0.0,10.906,0.0
1785437716.0945797,idle_post,0,1000,1000,0.0,0.0,10.998,0.0
1785437716.1128097,idle_post,0,1000,1000,0.0,0.0,11.008,0.0
1785437716.133449,idle_post,0,1000,1000,0.0,0.0,11.003,0.0
1785437716.1555667,idle_post,0,1000,1000,0.0,0.0,11.025,0.0
1785437716.1734612,idle_post,0,1000,1000,0.0,0.0,10.984,0.0
1785437716.1944556,idle_post,0,1000,1000,0.0,0.0,11.012,0.0
1785437716.2127078,idle_post,0,1000,1000,0.0,0.0,11.011,0.0
1785437716.2344973,idle_post,0,1000,1000,0.0,0.0,11.026,0.0
1785437716.2555816,idle_post,0,1000,1000,0.0,0.0,11.012,0.0
1785437716.2734218,idle_post,0,1000,1000,0.0,0.0,11.014,0.0
1785437716.2944229,idle_post,0,1000,1000,0.0,0.0,11.138,0.0
1785437716.312521,idle_post,0,1000,1000,0.0,0.0,11.008,0.0
1785437716.3334842,idle_post,0,1000,1000,0.0,0.0,11.013,0.0
1785437716.3555546,idle_post,0,1000,1000,0.0,0.0,11.003,0.0
1785437716.3734403,idle_post,0,1000,1000,0.0,0.0,11.007,0.0
1785437716.3951628,idle_post,0,1000,1000,0.0,0.0,11.017,0.0
1785437716.4125152,idle_post,0,1000,1000,0.0,0.0,11.015,0.0
1785437716.4356608,idle_post,0,1000,1000,0.0,0.0,11.012,0.0
1785437716.453486,idle_post,0,1000,1000,0.0,0.0,11.002,0.0
1785437716.4744592,idle_post,0,1000,1000,0.0,0.0,11.012,0.0
1785437716.493683,idle_post,0,1000,1000,0.0,0.0,10.992,0.0
1785437716.5145314,idle_post,0,1000,1000,0.0,0.0,11.02,0.0
1785437716.5331595,idle_post,0,1000,1000,0.0,0.0,11.016,0.0
1785437716.553585,idle_post,0,1000,1000,0.0,0.0,11.004,0.0
1785437716.572521,idle_post,0,1000,1000,0.0,0.0,11.01,0.0
1785437716.5939,idle_post,0,1000,1000,0.0,0.0,11.013,0.0
1785437716.614428,idle_post,0,1000,1000,0.0,0.0,10.993,0.0
1785437716.6324425,idle_post,0,1000,1000,0.0,0.0,10.999,0.0
1785437716.6538634,idle_post,0,1000,1000,0.0,0.0,11.118,0.0
1785437716.674473,idle_post,0,1000,1000,0.0,0.0,11.0,0.0
1785437716.6924694,idle_post,0,1000,1000,0.0,0.0,11.009,0.0
1785437716.7136576,idle_post,0,1000,1000,0.0,0.0,11.005,0.0
1785437716.7335522,idle_post,0,1000,1000,0.0,0.0,11.113,0.0
1785437716.7544963,idle_post,0,1000,1000,0.0,0.0,11.015,0.0
1785437716.7735355,idle_post,0,1000,1000,0.0,0.0,11.012,0.0
1785437716.7946198,idle_post,0,1000,1000,0.0,0.0,11.009,0.0
1785437716.8124585,idle_post,0,1000,1000,0.0,0.0,11.01,0.0
1785437716.8335452,idle_post,0,1000,1000,0.0,0.0,11.007,0.0
1785437716.8554735,idle_post,0,1000,1000,0.0,0.0,11.014,0.0
1785437716.8749194,idle_post,0,1000,1000,0.0,0.0,11.017,0.0
1785437716.8924816,idle_post,0,1000,1000,0.0,0.0,11.005,0.0
1785437716.913635,idle_post,0,1000,1000,0.0,0.0,11.005,0.0
1785437716.9345012,idle_post,0,1000,1000,0.0,0.0,11.009,0.0
1785437716.9535542,idle_post,0,1000,1000,0.0,0.0,11.012,0.0
1785437716.9745872,idle_post,0,1000,1000,0.0,0.0,11.019,0.0
1785437716.9925623,idle_post,0,1000,1000,0.0,0.0,11.007,0.0
1785437717.0125406,idle_post,0,1000,1000,0.0,0.0,11.004,0.0
1785437717.033833,idle_post,0,1000,1000,0.0,0.0,11.016,0.0
1785437717.055559,idle_post,0,1000,1000,0.0,0.0,11.009,0.0
1785437717.0754726,idle_post,0,1000,1000,0.0,0.0,11.019,0.0
1785437717.092462,idle_post,0,1000,1000,0.0,0.0,11.005,0.0
1785437717.113583,idle_post,0,1000,1000,0.0,0.0,11.024,0.0
1785437717.1346881,idle_post,0,1000,1000,0.0,0.0,11.022,0.0
1785437717.1537387,idle_post,0,1000,1000,0.0,0.0,11.02,0.0
1785437717.1748745,idle_post,0,1000,1000,0.0,0.0,11.017,0.0
1785437717.1935248,idle_post,0,1000,1000,0.0,0.0,11.015,0.0
1785437717.2128706,idle_post,0,1000,1000,0.0,0.0,11.019,0.0
1785437717.2334845,idle_post,0,1000,1000,0.0,0.0,11.056,0.0
1785437717.2545955,idle_post,0,1000,1000,0.0,0.0,11.018,0.0
1785437717.272932,idle_post,0,1000,1000,0.0,0.0,11.007,0.0
1785437717.2935688,idle_post,0,1000,1000,0.0,0.0,11.003,0.0
1785437717.3121123,idle_post,0,1000,1000,0.0,0.0,10.971,0.0
1785437717.3324716,idle_post,0,1000,1000,0.0,0.0,11.008,0.0
1785437717.3546617,idle_post,0,1000,1000,0.0,0.0,11.015,0.0
1785437717.3724554,idle_post,0,1000,1000,0.0,0.0,11.0,0.0
1785437717.393457,idle_post,0,1000,1000,0.0,0.0,11.072,0.0
1785437717.4145482,idle_post,0,1000,1000,0.0,0.0,11.009,0.0
1785437717.432522,idle_post,0,1000,1000,0.0,0.0,11.016,0.0
1785437717.4534934,idle_post,0,1000,1000,0.0,0.0,11.0,0.0
1785437717.472485,idle_post,0,1000,1000,0.0,0.0,11.0,0.0
1785437717.4934766,idle_post,0,1000,1000,0.0,0.0,10.995,0.0
1785437717.514594,idle_post,0,1000,1000,0.0,0.0,11.017,0.0
1785437717.5326154,idle_post,0,1000,1000,0.0,0.0,11.011,0.0
1785437717.5550153,idle_post,0,1000,1000,0.0,0.0,11.002,0.0
1785437717.5724804,idle_post,0,1000,1000,0.0,0.0,11.013,0.0
1785437717.593461,idle_post,0,1000,1000,0.0,0.0,11.019,0.0
1785437717.6145904,idle_post,0,1000,1000,0.0,0.0,11.008,0.0
1785437717.6334643,idle_post,0,1000,1000,0.0,0.0,11.007,0.0
1785437717.6545236,idle_post,0,1000,1000,0.0,0.0,11.009,0.0
1785437717.6725118,idle_post,0,1000,1000,0.0,0.0,11.092,0.0
1785437717.6935098,idle_post,0,1000,1000,0.0,0.0,11.006,0.0
1785437717.7154274,idle_post,0,1000,1000,0.0,0.0,11.018,0.0
1785437717.732146,idle_post,0,1000,1000,0.0,0.0,10.962,0.0
1785437717.7555153,idle_post,0,1000,1000,0.0,0.0,11.003,0.0
1785437717.7734797,idle_post,0,1000,1000,0.0,0.0,11.001,0.0
1785437717.7945101,idle_post,0,1000,1000,0.0,0.0,11.002,0.0
1785437717.8138008,idle_post,0,1000,1000,0.0,0.0,11.005,0.0
1785437717.8344874,idle_post,0,1000,1000,0.0,0.0,11.005,0.0
1785437717.855691,idle_post,0,1000,1000,0.0,0.0,11.013,0.0
1785437717.8736093,idle_post,0,1000,1000,0.0,0.0,11.004,0.0
1785437717.8925862,idle_post,0,1000,1000,0.0,0.0,10.962,0.0
1785437717.9134731,idle_post,0,1000,1000,0.0,0.0,11.012,0.0
1785437717.9321115,idle_post,0,1000,1000,0.0,0.0,11.011,0.0
1785437717.9554985,idle_post,0,1000,1000,0.0,0.0,10.999,0.0
1785437717.9735305,idle_post,0,1000,1000,0.0,0.0,10.947,0.0
1785437717.994518,idle_post,0,1000,1000,0.0,0.0,11.003,0.0
1785437718.0124745,idle_post,0,1000,1000,0.0,0.0,11.004,0.0
1785437718.0335424,idle_post,0,1000,1000,0.0,0.0,11.003,0.0
1785437718.054728,idle_post,0,1000,1000,0.0,0.0,11.006,0.0
1785437718.0735166,idle_post,0,1000,1000,0.0,0.0,11.003,0.0
1785437718.0945334,idle_post,0,1000,1000,0.0,0.0,11.006,0.0
1785437718.1125193,idle_post,0,1000,1000,0.0,0.0,11.007,0.0
1785437718.1336384,idle_post,0,1000,1000,0.0,0.0,11.076,0.0
1785437718.155552,idle_post,0,1000,1000,0.0,0.0,11.016,0.0
1785437718.1735613,idle_post,0,1000,1000,0.0,0.0,11.021,0.0
1785437718.1939442,idle_post,0,1000,1000,0.0,0.0,11.011,0.0
1785437718.2145522,idle_post,0,1000,1000,0.0,0.0,11.007,0.0
1785437718.2324986,idle_post,0,1000,1000,0.0,0.0,11.131,0.0
1785437718.254751,idle_post,0,1000,1000,0.0,0.0,11.004,0.0
1785437718.2735944,idle_post,0,1000,1000,0.0,0.0,10.972,0.0
1785437718.2946224,idle_post,0,1000,1000,0.0,0.0,11.004,0.0
1785437718.312569,idle_post,0,1000,1000,0.0,0.0,11.003,0.0
1785437718.333882,idle_post,0,1000,1000,0.0,0.0,11.015,0.0
1785437718.3556256,idle_post,0,1000,1000,0.0,0.0,11.008,0.0
1785437718.373551,idle_post,0,1000,1000,0.0,0.0,11.01,0.0
1785437718.3953614,idle_post,0,1000,1000,0.0,0.0,10.998,0.0
1785437718.4147913,idle_post,0,1000,1000,0.0,0.0,11.007,0.0
1785437718.432605,idle_post,0,1000,1000,0.0,0.0,11.009,0.0
1785437718.454078,idle_post,0,1000,1000,0.0,0.0,11.016,0.0
1785437718.4745426,idle_post,0,1000,1000,0.0,0.0,10.963,0.0
1785437718.4935338,idle_post,0,1000,1000,0.0,0.0,11.015,0.0
1785437718.5145078,idle_post,0,1000,1000,0.0,0.0,11.013,0.0
1785437718.5330262,idle_post,0,1000,1000,0.0,0.0,10.997,0.0
1785437718.5535567,idle_post,0,1000,1000,0.0,0.0,10.943,0.0
1785437718.5748832,idle_post,0,1000,1000,0.0,0.0,11.013,0.0
1785437718.5925725,idle_post,0,1000,1000,0.0,0.0,11.002,0.0
1785437718.6136205,idle_post,0,1000,1000,0.0,0.0,11.012,0.0
1785437718.632196,idle_post,0,1000,1000,0.0,0.0,11.01,0.0
1785437718.6555276,idle_post,0,1000,1000,0.0,0.0,11.004,0.0
1785437718.67453,idle_post,0,1000,1000,0.0,0.0,11.003,0.0
1785437718.6925147,idle_post,0,1000,1000,0.0,0.0,11.002,0.0
1785437718.7135587,idle_post,0,1000,1000,0.0,0.0,10.993,0.0
1785437718.7345417,idle_post,0,1000,1000,0.0,0.0,11.008,0.0
1785437718.7535195,idle_post,0,1000,1000,0.0,0.0,10.999,0.0
1785437718.7725239,idle_post,0,1000,1000,0.0,0.0,11.004,0.0
1785437718.7935946,idle_post,0,1000,1000,0.0,0.0,11.012,0.0
1785437718.812542,idle_post,0,1000,1000,0.0,0.0,11.009,0.0
1785437718.83352,idle_post,0,1000,1000,0.0,0.0,11.003,0.0
1785437718.854539,idle_post,0,1000,1000,0.0,0.0,11.006,0.0
1785437718.8725433,idle_post,0,1000,1000,0.0,0.0,11.011,0.0
1785437718.8935516,idle_post,0,1000,1000,0.0,0.0,10.942,0.0
1785437718.914611,idle_post,0,1000,1000,0.0,0.0,11.004,0.0
1785437718.9335065,idle_post,0,1000,1000,0.0,0.0,11.014,0.0
1785437718.9545417,idle_post,0,1000,1000,0.0,0.0,11.129,0.0
1785437718.9725215,idle_post,0,1000,1000,0.0,0.0,11.005,0.0
1785437718.9925058,idle_post,0,1000,1000,0.0,0.0,11.002,0.0
1785437719.0135071,idle_post,0,1000,1000,0.0,0.0,11.019,0.0
1785437719.0325432,idle_post,0,1000,1000,0.0,0.0,11.012,0.0
1785437719.05509,idle_post,0,1000,1000,0.0,0.0,11.012,0.0
1785437719.072633,idle_post,0,1000,1000,0.0,0.0,10.982,0.0
1785437719.0925488,idle_post,0,1000,1000,0.0,0.0,11.005,0.0
1785437719.1141138,idle_post,0,1000,1000,0.0,0.0,11.024,0.0
1785437719.1346147,idle_post,0,1000,1000,0.0,0.0,11.004,0.0
1785437719.1538153,idle_post,0,1000,1000,0.0,0.0,11.007,0.0
1785437719.1745589,idle_post,0,1000,1000,0.0,0.0,11.011,0.0
1785437719.1931837,idle_post,0,1000,1000,0.0,0.0,10.949,0.0
1785437719.214381,idle_post,0,1000,1000,0.0,0.0,11.113,0.0
1785437719.2345676,idle_post,0,1000,1000,0.0,0.0,11.019,0.0
1785437719.2555783,idle_post,0,1000,1000,0.0,0.0,11.0,0.0
1785437719.2735357,idle_post,0,1000,1000,0.0,0.0,11.008,0.0
1785437719.2946625,idle_post,0,1000,1000,0.0,0.0,11.002,0.0
1785437719.3125255,idle_post,0,1000,1000,0.0,0.0,11.012,0.0
1785437719.3345175,idle_post,0,1000,1000,0.0,0.0,11.003,0.0
1785437719.3555577,idle_post,0,1000,1000,0.0,0.0,11.003,0.0
1785437719.3735495,idle_post,0,1000,1000,0.0,0.0,11.01,0.0
1785437719.3935492,idle_post,0,1000,1000,0.0,0.0,11.014,0.0
1785437719.4145215,idle_post,0,1000,1000,0.0,0.0,11.024,0.0
1785437719.4326303,idle_post,0,1000,1000,0.0,0.0,10.974,0.0
1785437719.4537425,idle_post,0,1000,1000,0.0,0.0,10.995,0.0
1785437719.4725733,idle_post,0,1000,1000,0.0,0.0,11.003,0.0
1785437719.493527,idle_post,0,1000,1000,0.0,0.0,11.014,0.0
1785437719.5127327,idle_post,0,1000,1000,0.0,0.0,11.021,0.0
1785437719.5345464,idle_post,0,1000,1000,0.0,0.0,11.0,0.0
1785437719.5555751,idle_post,0,1000,1000,0.0,0.0,11.013,0.0
1785437719.5736017,idle_post,0,1000,1000,0.0,0.0,11.002,0.0
1785437719.5945287,idle_post,0,1000,1000,0.0,0.0,10.995,0.0
1785437719.6135576,idle_post,0,1000,1000,0.0,0.0,10.976,0.0
1785437719.634549,idle_post,0,1000,1000,0.0,0.0,11.014,0.0
1785437719.6555676,idle_post,0,1000,1000,0.0,0.0,11.012,0.0
1785437719.673629,idle_post,0,1000,1000,0.0,0.0,11.014,0.0
1785437719.692608,idle_post,0,1000,1000,0.0,0.0,11.067,0.0
1785437719.7151356,idle_post,0,1000,1000,0.0,0.0,11.014,0.0
1785437719.7325327,idle_post,0,1000,1000,0.0,0.0,11.006,0.0
1785437719.7545688,idle_post,0,1000,1000,0.0,0.0,11.008,0.0
1785437719.7748666,idle_post,0,1000,1000,0.0,0.0,11.02,0.0
1785437719.7939634,idle_post,0,1000,1000,0.0,0.0,10.908,0.0
1785437719.8145638,idle_post,0,1000,1000,0.0,0.0,11.097,0.0
1785437719.833813,idle_post,0,1000,1000,0.0,0.0,11.004,0.0
1785437719.853625,idle_post,0,1000,1000,0.0,0.0,11.008,0.0
1785437719.8726823,idle_post,0,1000,1000,0.0,0.0,11.011,0.0
1785437719.8935368,idle_post,0,1000,1000,0.0,0.0,11.011,0.0
1785437719.9128695,idle_post,0,1000,1000,0.0,0.0,11.003,0.0
1785437719.933562,idle_post,0,1000,1000,0.0,0.0,11.012,0.0
1785437719.9559274,idle_post,0,1000,1000,0.0,0.0,11.003,0.0
1785437719.9745405,idle_post,0,1000,1000,0.0,0.0,11.019,0.0
1785437719.992539,idle_post,0,1000,1000,0.0,0.0,11.004,0.0
1785437720.0145395,idle_post,0,1000,1000,0.0,0.0,11.003,0.0
1785437720.0325713,idle_post,0,1000,1000,0.0,0.0,11.01,0.0
1785437720.0537708,idle_post,0,1000,1000,0.0,0.0,11.019,0.0
1785437720.0735428,idle_post,0,1000,1000,0.0,0.0,11.023,0.0
1785437720.0949688,idle_post,0,1000,1000,0.0,0.0,11.008,0.0
1785437720.1127644,idle_post,0,1000,1000,0.0,0.0,11.012,0.0
1785437720.1336699,idle_post,0,1000,1000,0.0,0.0,11.004,0.0
1785437720.154921,idle_post,0,1000,1000,0.0,0.0,11.013,0.0
1785437720.1728432,idle_post,0,1000,1000,0.0,0.0,10.992,0.0
1785437720.1945949,idle_post,0,1000,1000,0.0,0.0,11.021,0.0
1785437720.2125921,idle_post,0,1000,1000,0.0,0.0,11.061,0.07
1785437720.2336252,idle_post,0,1000,1000,0.0,0.0,11.035,0.0
1785437720.2549615,idle_post,0,1000,1000,0.0,0.0,11.008,0.0
1785437720.273639,idle_post,0,1000,1000,0.0,0.0,11.007,0.0
1785437720.2946663,idle_post,0,1000,1000,0.0,0.0,11.012,0.0
1785437720.3125556,idle_post,0,1000,1000,0.0,0.0,11.019,0.0
1785437720.3335714,idle_post,0,1000,1000,0.0,0.0,11.011,0.0
1785437720.3556128,idle_post,0,1000,1000,0.0,0.0,11.015,0.0
1785437720.3758614,idle_post,0,1000,1000,0.0,0.0,11.063,0.0
1785437720.395326,idle_post,0,1000,1000,0.0,0.0,11.011,0.0
1785437720.4145586,idle_post,0,1000,1000,0.0,0.0,11.003,0.0
1785437720.4342282,idle_post,0,1000,1000,0.0,0.0,11.011,0.0
1785437720.4545956,idle_post,0,1000,1000,0.0,0.0,11.008,0.0
1785437720.473685,idle_post,0,1000,1000,0.0,0.0,11.025,0.0
1785437720.4945612,idle_post,0,1000,1000,0.0,0.0,11.002,0.0
1785437720.5130508,idle_post,0,1000,1000,0.0,0.0,11.016,0.0
1785437720.5341287,idle_post,0,1000,1000,0.0,0.0,11.02,0.0
1785437720.5546267,idle_post,0,1000,1000,0.0,0.0,11.013,0.0
1785437720.5725598,idle_post,0,1000,1000,0.0,0.0,11.002,0.0
1785437720.5935726,idle_post,0,1000,1000,0.0,0.0,11.007,0.0
1785437720.6127737,idle_post,0,1000,1000,0.0,0.0,11.018,0.0
1785437720.6346352,idle_post,0,1000,1000,0.0,0.0,11.006,0.0
1785437720.655588,idle_post,0,1000,1000,0.0,0.0,11.0,0.0
1785437720.6723065,idle_post,0,1000,1000,0.0,0.0,11.011,0.0
1785437720.693584,idle_post,0,1000,1000,0.0,0.0,11.004,0.0
1785437720.7146997,idle_post,0,1000,1000,0.0,0.0,11.02,0.0
1785437720.733616,idle_post,0,1000,1000,0.0,0.0,11.019,0.0
1785437720.7546563,idle_post,0,1000,1000,0.0,0.0,11.006,0.0
1785437720.7726011,idle_post,0,1000,1000,0.0,0.0,11.009,0.0
1785437720.793703,idle_post,0,1000,1000,0.0,0.0,11.006,0.0
1785437720.8145647,idle_post,0,1000,1000,0.0,0.0,11.016,0.0
1785437720.8328605,idle_post,0,1000,1000,0.0,0.0,11.011,0.0
1785437720.8546028,idle_post,0,1000,1000,0.0,0.0,11.014,0.0
1785437720.8725653,idle_post,0,1000,1000,0.0,0.0,11.073,0.0
1785437720.8935893,idle_post,0,1000,1000,0.0,0.0,11.011,0.0
1785437720.9135673,idle_post,0,1000,1000,0.0,0.0,11.056,0.0
1785437720.9345875,idle_post,0,1000,1000,0.0,0.0,11.008,0.0
1785437720.9556007,idle_post,0,1000,1000,0.0,0.0,11.003,0.0
1785437720.9735696,idle_post,0,1000,1000,0.0,0.0,11.011,0.0
1785437720.9925818,idle_post,0,1000,1000,0.0,0.0,11.013,0.0
1785437721.0137007,idle_post,0,1000,1000,0.0,0.0,11.01,0.0
1785437721.035131,idle_post,0,1000,1000,0.0,0.0,10.993,0.0
1785437721.0555997,idle_post,0,1000,1000,0.0,0.0,11.01,0.0
1785437721.0746357,idle_post,0,1000,1000,0.0,0.0,11.004,0.0
1785437721.094156,idle_post,0,1000,1000,0.0,0.0,11.012,0.0
1785437721.1146553,idle_post,0,1000,1000,0.0,0.0,11.009,0.0
1785437721.133623,idle_post,0,1000,1000,0.0,0.0,11.022,0.0
1785437721.1547735,idle_post,0,1000,1000,0.0,0.0,11.021,0.0
1785437721.1739273,idle_post,0,1000,1000,0.0,0.0,10.987,0.0
1785437721.192882,idle_post,0,1000,1000,0.0,0.0,11.02,0.0
1785437721.2136452,idle_post,0,1000,1000,0.0,0.0,11.011,0.0
1785437721.2322574,idle_post,0,1000,1000,0.0,0.0,11.019,0.0
1785437721.255832,idle_post,0,1000,1000,0.0,0.0,11.01,0.0
1785437721.2736251,idle_post,0,1000,1000,0.0,0.0,11.008,0.0
1785437721.2946358,idle_post,0,1000,1000,0.0,0.0,11.002,0.0
1785437721.3126094,idle_post,0,1000,1000,0.0,0.0,11.003,0.0
1785437721.333626,idle_post,0,1000,1000,0.0,0.0,11.087,0.0
1785437721.354883,idle_post,0,1000,1000,0.0,0.0,11.009,0.0
1785437721.3736348,idle_post,0,1000,1000,0.0,0.0,11.018,0.0
1785437721.3946035,idle_post,0,1000,1000,0.0,0.0,10.999,0.0
1785437721.412741,idle_post,0,1000,1000,0.0,0.0,11.013,0.0
1785437721.4337978,idle_post,0,1000,1000,0.0,0.0,11.007,0.0
1785437721.4556396,idle_post,0,1000,1000,0.0,0.0,11.018,0.0
1785437721.4736667,idle_post,0,1000,1000,0.0,0.0,11.011,0.0
1785437721.4945939,idle_post,0,1000,1000,0.0,0.0,11.004,0.0
1785437721.5151155,idle_post,0,1000,1000,0.0,0.0,11.008,0.0
1785437721.532598,idle_post,0,1000,1000,0.0,0.0,11.07,0.0
1785437721.553674,idle_post,0,1000,1000,0.0,0.0,10.986,0.0
1785437721.5747972,idle_post,0,1000,1000,0.0,0.0,10.975,0.0
1785437721.5940742,idle_post,0,1000,1000,0.0,0.0,10.992,0.0
1785437721.614669,idle_post,0,1000,1000,0.0,0.0,10.951,0.07
1785437721.63267,idle_post,0,1000,1000,0.0,0.0,11.012,0.0
1785437721.654299,idle_post,0,1000,1000,0.0,0.0,11.007,0.0
1785437721.6746604,idle_post,0,1000,1000,0.0,0.0,11.036,0.0
1785437721.6926267,idle_post,0,1000,1000,0.0,0.0,11.085,0.0
1785437721.7150223,idle_post,0,1000,1000,0.0,0.0,11.014,0.0
1785437721.732635,idle_post,0,1000,1000,0.0,0.0,11.011,0.0
1785437721.7538023,idle_post,0,1000,1000,0.0,0.0,11.019,0.0
1785437721.7747216,idle_post,0,1000,1000,0.0,0.0,11.011,0.0
1785437721.7939618,idle_post,0,1000,1000,0.0,0.0,11.003,0.0
1785437721.8145993,idle_post,0,1000,1000,0.0,0.0,11.018,0.0
1785437721.8332686,idle_post,0,1000,1000,0.0,0.0,11.01,0.0
1785437721.8536348,idle_post,0,1000,1000,0.0,0.0,11.01,0.0
1785437721.8726032,idle_post,0,1000,1000,0.0,0.0,11.007,0.0
1785437721.8922877,idle_post,0,1000,1000,0.0,0.0,11.012,0.0
1785437721.9127061,idle_post,0,1000,1000,0.0,0.0,11.013,0.0
1785437721.9336667,idle_post,0,1000,1000,0.0,0.0,11.008,0.0
1785437721.9553177,idle_post,0,1000,1000,0.0,0.0,11.034,0.0
1785437721.9727092,idle_post,0,1000,1000,0.0,0.0,10.996,0.0
1785437721.994621,idle_post,0,1000,1000,0.0,0.0,11.01,0.0
1785437722.0127892,idle_post,0,1000,1000,0.0,0.0,11.008,0.0
1785437722.0336041,idle_post,0,1000,1000,0.0,0.0,11.055,0.0
1785437722.0546565,idle_post,0,1000,1000,0.0,0.0,11.012,0.0
1785437722.0736306,idle_post,0,1000,1000,0.0,0.0,11.01,0.0
1785437722.0927737,idle_post,0,1000,1000,0.0,0.0,11.014,0.0
1785437722.1140614,idle_post,0,1000,1000,0.0,0.0,11.018,0.0
1785437722.134673,idle_post,0,1000,1000,0.0,0.0,11.012,0.0
1785437722.156027,idle_post,0,1000,1000,0.0,0.0,11.021,0.0
1785437722.1746902,idle_post,0,1000,1000,0.0,0.0,11.017,0.0
1785437722.1928046,idle_post,0,1000,1000,0.0,0.0,11.015,0.0
1785437722.2136798,idle_post,0,1000,1000,0.0,0.0,10.867,0.0
1785437722.2351968,idle_post,0,1000,1000,0.0,0.0,11.007,0.0
1785437722.2537305,idle_post,0,1000,1000,0.0,0.0,11.014,0.0
1785437722.2747452,idle_post,0,1000,1000,0.0,0.0,11.007,0.0
1785437722.2927368,idle_post,0,1000,1000,0.0,0.0,11.02,0.0
1785437722.3128774,idle_post,0,1000,1000,0.0,0.0,11.027,0.0
1785437722.3338118,idle_post,0,1000,1000,0.0,0.0,11.002,0.0
1785437722.3558044,idle_post,0,1000,1000,0.0,0.0,11.021,0.0
1785437722.3749793,idle_post,0,1000,1000,0.0,0.0,11.02,0.0
1785437722.3928223,idle_post,0,1000,1000,0.0,0.0,11.004,0.0
1785437722.414707,idle_post,0,1000,1000,0.0,0.0,11.016,0.0
1785437722.4346998,idle_post,0,1000,1000,0.0,0.0,11.002,0.0
1785437722.4539423,idle_post,0,1000,1000,0.0,0.0,11.013,0.0
1785437722.4746702,idle_post,0,1000,1000,0.0,0.0,11.006,0.0
1785437722.493141,idle_post,0,1000,1000,0.0,0.0,11.002,0.0
1785437722.5137467,idle_post,0,1000,1000,0.0,0.0,11.008,0.0
1785437722.5328376,idle_post,0,1000,1000,0.0,0.0,11.01,0.0
1785437722.555231,idle_post,0,1000,1000,0.0,0.0,11.003,0.0
1785437722.5726619,idle_post,0,1000,1000,0.0,0.0,10.966,0.0
