t_epoch,t_fc_us,phase,a_cmd_us,b_cmd_us,a_cmd_norm,b_cmd_norm,servo1_raw,servo2_raw,servo3_raw,servo4_raw,servo5_raw,servo6_raw,servo7_raw,servo8_raw,voltage_v,current_a,sweep_idx
1784878914.0011733,1438846560,A1850_B1850,1850,1850,0.85,0.85,1850,1850,1000,1000,0,0,0,0,11.884,0.0,1
1784878914.0538342,1438897466,A1850_B1850,1850,1850,0.85,0.85,1850,1850,1000,1000,0,0,0,0,11.839,0.86,1
1784878914.1011267,1438943942,A1850_B1850,1850,1850,0.85,0.85,1850,1850,1000,1000,0,0,0,0,11.839,0.86,1
1784878914.1559837,1438997798,A1850_B1850,1850,1850,0.85,0.85,1850,1850,1000,1000,0,0,0,0,11.6,9.33,1
1784878914.20109,1439044274,A1850_B1850,1850,1850,0.85,0.85,1850,1850,1000,1000,0,0,0,0,11.6,9.33,1
1784878914.2558346,1439096686,A1850_B1850,1850,1850,0.85,0.85,1850,1850,1000,1000,0,0,0,0,11.572,13.01,1
1784878914.302505,1439147551,A1850_B1850,1850,1850,0.85,0.85,1850,1850,1000,1000,0,0,0,0,11.572,13.01,1
1784878914.354384,1439196981,A1850_B1850,1850,1850,0.85,0.85,1850,1850,1000,1000,0,0,0,0,11.164,35.92,1
1784878914.4035306,1439246441,A1850_B1850,1850,1850,0.85,0.85,1850,1850,1000,1000,0,0,0,0,11.164,35.92,1
1784878914.4568114,1439297340,A1850_B1850,1850,1850,0.85,0.85,1850,1850,1000,1000,0,0,0,0,11.16,28.99,1
1784878914.502582,1439346728,A1850_B1850,1850,1850,0.85,0.85,1850,1850,1000,1000,0,0,0,0,11.16,28.99,1
1784878914.5555654,1439397640,A1850_B1850,1850,1850,0.85,0.85,1850,1850,1000,1000,0,0,0,0,11.218,27.23,1
1784878914.6024973,1439447061,A1850_B1850,1850,1850,0.85,0.85,1850,1850,1000,1000,0,0,0,0,11.218,27.23,1
1784878914.655375,1439496478,A1850_B1850,1850,1850,0.85,0.85,1850,1850,1000,1000,0,0,0,0,11.267,26.78,1
1784878914.7011201,1439544405,A1850_B1850,1850,1850,0.85,0.85,1850,1850,1000,1000,0,0,0,0,11.267,26.78,1
1784878914.7541413,1439596808,A1850_B1850,1850,1850,0.85,0.85,1850,1850,1000,1000,0,0,0,0,11.265,26.08,1
1784878914.8035007,1439647732,A1850_B1850,1850,1850,0.85,0.85,1850,1850,1000,1000,0,0,0,0,11.265,26.08,1
1784878914.8538609,1439697146,A1850_B1850,1850,1850,0.85,0.85,1850,1850,1000,1000,0,0,0,0,11.268,25.84,1
1784878914.9035127,1439746563,A1850_B1850,1850,1850,0.85,0.85,1850,1850,1000,1000,0,0,0,0,11.268,25.84,1
1784878914.9560833,1439797479,A1850_B1850,1850,1850,0.85,0.85,1850,1850,1000,1000,0,0,0,0,11.317,25.5,1
1784878915.0047827,1439848408,A1850_B1850,1850,1850,0.85,0.85,1850,1850,1000,1000,0,0,0,0,11.317,25.5,1
1784878915.0557942,1439897862,A1850_B1850,1850,1850,0.85,0.85,1850,1850,1000,1000,0,0,0,0,11.273,25.14,1
1784878915.101167,1439945733,A1850_B1850,1850,1850,0.85,0.85,1850,1850,1000,1000,0,0,0,0,11.273,25.14,1
1784878915.1544993,1439998154,A1850_B1850,1850,1850,0.85,0.85,1850,1850,1000,1000,0,0,0,0,11.294,25.15,1
1784878915.20251,1440046071,A1850_B1850,1850,1850,0.85,0.85,1850,1850,1000,1000,0,0,0,0,11.294,25.15,1
1784878915.256483,1440098482,A1850_B1850,1850,1850,0.85,0.85,1850,1850,1000,1000,0,0,0,0,11.141,25.02,1
1784878915.3030322,1440147903,A1850_B1850,1850,1850,0.85,0.85,1850,1850,1000,1000,0,0,0,0,11.141,25.02,1
1784878915.3527095,1440195823,A1850_B1850,1850,1850,0.85,0.85,1850,1850,1000,1000,0,0,0,0,11.201,25.09,1
1784878915.402559,1440245239,A1850_B1850,1850,1850,0.85,0.85,1850,1850,1000,1000,0,0,0,0,11.201,25.09,1
1784878915.4524353,1440296158,A1850_B1850,1850,1850,0.85,0.85,1850,1850,1000,1000,0,0,0,0,11.359,25.0,1
1784878915.502571,1440345575,A1850_B1850,1850,1850,0.85,0.85,1850,1850,1000,1000,0,0,0,0,11.359,25.0,1
1784878915.5560415,1440397993,A1850_B1850,1850,1850,0.85,0.85,1850,1850,1000,1000,0,0,0,0,11.206,25.27,1
1784878915.6011326,1440445905,A1850_B1850,1850,1850,0.85,0.85,1850,1850,1000,1000,0,0,0,0,11.206,25.27,1
1784878915.6538613,1440495326,A1850_B1850,1850,1850,0.85,0.85,1850,1850,1000,1000,0,0,0,0,11.255,25.06,1
1784878915.701164,1440546246,A1850_B1850,1850,1850,0.85,0.85,1850,1850,1000,1000,0,0,0,0,11.255,25.06,1
1784878915.7527397,1440595662,A1850_B1850,1850,1850,0.85,0.85,1850,1850,1000,1000,0,0,0,0,11.18,24.78,1
1784878915.8035378,1440648123,A1850_B1850,1850,1850,0.85,0.85,1850,1850,1000,1000,0,0,0,0,11.18,24.78,1
1784878915.8524241,1440696005,A1850_B1850,1850,1850,0.85,0.85,1850,1850,1000,1000,0,0,0,0,11.168,25.0,1
1784878915.9025803,1440745414,A1850_B1850,1850,1850,0.85,0.85,1850,1850,1000,1000,0,0,0,0,11.168,25.0,1
1784878915.9580007,1440797828,A1850_B1850,1850,1850,0.85,0.85,1850,1850,1000,1000,0,0,0,0,11.357,25.06,1
1784878916.001162,1440844253,A1850_B1850,1850,1850,0.85,0.85,1850,1850,1000,1000,0,0,0,0,11.357,25.06,1
1784878916.0541098,1440896663,A1850_B1850,1850,1850,0.85,0.85,1850,1850,1000,1000,0,0,0,0,11.274,24.89,1
1784878916.1011474,1440944588,A1850_B1850,1850,1850,0.85,0.85,1850,1850,1000,1000,0,0,0,0,11.274,24.89,1
1784878916.154194,1440996998,A1850_B1850,1850,1850,0.85,0.85,1850,1850,1000,1000,0,0,0,0,11.299,25.44,1
1784878916.2011867,1441044927,A1850_B1850,1850,1850,0.85,0.85,1850,1850,1000,1000,0,0,0,0,11.299,25.44,1
1784878916.253893,1441097335,A1850_B1850,1850,1850,0.85,0.85,1850,1850,1000,1000,0,0,0,0,11.257,24.79,1
1784878916.3035457,1441146815,A1850_B1850,1850,1850,0.85,0.85,1850,1850,1000,1000,0,0,0,0,11.257,24.79,1
1784878916.3541937,1441197661,A1850_B1850,1850,1850,0.85,0.85,1850,1850,1000,1000,0,0,0,0,11.279,24.81,1
1784878916.4013247,1441244101,A1850_B1850,1850,1850,0.85,0.85,1850,1850,1000,1000,0,0,0,0,11.279,24.81,1
1784878916.4558408,1441298050,A1850_B1850,1850,1850,0.85,0.85,1850,1850,1000,1000,0,0,0,0,11.175,24.73,1
1784878916.501345,1441344425,A1850_B1850,1850,1850,0.85,0.85,1850,1850,1000,1000,0,0,0,0,11.175,24.73,1
1784878916.5560637,1441396838,A1850_B1850,1850,1850,0.85,0.85,1850,1850,1000,1000,0,0,0,0,11.178,24.94,1
1784878916.6011539,1441444814,A1850_B1850,1850,1850,0.85,0.85,1850,1850,1000,1000,0,0,0,0,11.178,24.94,1
1784878916.6538892,1441497170,A1850_B1850,1850,1850,0.85,0.85,1850,1850,1000,1000,0,0,0,0,11.222,24.99,1
1784878916.7035472,1441546596,A1850_B1850,1850,1850,0.85,0.85,1850,1850,1000,1000,0,0,0,0,11.222,24.99,1
1784878916.7527485,1441594520,A1850_B1850,1850,1850,0.85,0.85,1850,1850,1000,1000,0,0,0,0,11.222,24.91,1
1784878916.8025577,1441646927,A1850_B1850,1850,1850,0.85,0.85,1850,1850,1000,1000,0,0,0,0,11.222,24.91,1
1784878916.855521,1441697840,A1850_B1850,1850,1850,0.85,0.85,1850,1850,1000,1000,0,0,0,0,11.199,24.93,1
1784878916.9035528,1441747302,A1850_B1850,1850,1850,0.85,0.85,1850,1850,1000,1000,0,0,0,0,11.199,24.93,1
1784878916.9561965,1441796673,A1850_B1850,1850,1850,0.85,0.85,1850,1850,1000,1000,0,0,0,0,11.153,24.8,1
1784878917.0012474,1441846099,A1850_B1850,1850,1850,0.85,0.85,1850,1850,1000,1000,0,0,0,0,11.153,24.8,1
1784878917.0542088,1441898511,A1850_B1850,1850,1850,0.85,0.85,1850,1850,1000,1000,0,0,0,0,11.223,24.85,1
1784878917.1035616,1441947943,A1850_B1850,1850,1850,0.85,0.85,1850,1850,1000,1000,0,0,0,0,11.223,24.85,1
1784878917.1528163,1441995848,A1850_B1850,1850,1850,0.85,0.85,1850,1850,1000,1000,0,0,0,0,11.141,24.8,1
1784878917.202601,1442046808,A1850_B1850,1850,1850,0.85,0.85,1850,1850,1000,1000,0,0,0,0,11.141,24.8,1
1784878917.252458,1442096187,A1850_B1850,1850,1850,0.85,0.85,1850,1850,1000,1000,0,0,0,0,11.179,24.87,1
1784878917.3026056,1442145601,A1850_B1850,1850,1850,0.85,0.85,1850,1850,1000,1000,0,0,0,0,11.179,24.87,1
1784878917.356087,1442198043,A1850_B1850,1850,1850,0.85,0.85,1850,1850,1000,1000,0,0,0,0,11.304,24.73,1
1784878917.4011664,1442245934,A1850_B1850,1850,1850,0.85,0.85,1850,1850,1000,1000,0,0,0,0,11.304,24.73,1
1784878917.4540334,1442295356,A1850_B1850,1850,1850,0.85,0.85,1850,1850,1000,1000,0,0,0,0,11.16,24.59,1
1784878917.5036402,1442346318,A1850_B1850,1850,1850,0.85,0.85,1850,1850,1000,1000,0,0,0,0,11.16,24.59,1
1784878917.5542321,1442395688,A1850_B1850,1850,1850,0.85,0.85,1850,1850,1000,1000,0,0,0,0,11.175,24.84,1
1784878917.6035872,1442448101,A1850_B1850,1850,1850,0.85,0.85,1850,1850,1000,1000,0,0,0,0,11.175,24.84,1
1784878917.6563416,1442499025,A1850_B1850,1850,1850,0.85,0.85,1850,1850,1000,1000,0,0,0,0,11.134,24.61,1
1784878917.7030952,1442545446,A1850_B1850,1850,1850,0.85,0.85,1850,1850,1000,1000,0,0,0,0,11.134,24.61,1
1784878917.756109,1442597855,A1850_B1850,1850,1850,0.85,0.85,1850,1850,1000,1000,0,0,0,0,11.167,24.64,1
1784878917.8012443,1442645816,A1850_B1850,1850,1850,0.85,0.85,1850,1850,1000,1000,0,0,0,0,11.167,24.64,1
1784878917.8525472,1442696696,A1850_B1850,1850,1850,0.85,0.85,1850,1850,1000,1000,0,0,0,0,11.139,24.67,1
1784878917.9012024,1442746109,A1850_B1850,1850,1850,0.85,0.85,1850,1850,1000,1000,0,0,0,0,11.139,24.67,1
1784878917.9565003,1442795589,A1850_B1850,1850,1850,0.85,0.85,1850,1850,1000,1000,0,0,0,0,11.251,24.93,1
1784878918.003627,1442847990,A1850_B1850,1850,1850,0.85,0.85,1850,1850,1000,1000,0,0,0,0,11.251,24.93,1
1784878918.0524888,1442894370,A1850_B1850,1850,1850,0.85,0.85,1850,1850,1000,1000,0,0,0,0,11.18,24.7,1
1784878918.1026914,1442946773,A1850_B1850,1850,1850,0.85,0.85,1850,1850,1000,1000,0,0,0,0,11.18,24.7,1
1784878918.156348,1442999192,A1850_B1850,1850,1850,0.85,0.85,1850,1850,1000,1000,0,0,0,0,11.207,24.83,1
1784878918.2027316,1443047112,A1850_B1850,1850,1850,0.85,0.85,1850,1850,1000,1000,0,0,0,0,11.207,24.83,1
1784878918.2558873,1443098036,A1850_B1850,1850,1850,0.85,0.85,1850,1850,1000,1000,0,0,0,0,11.177,24.54,1
1784878918.3011901,1443144451,A1850_B1850,1850,1850,0.85,0.85,1850,1850,1000,1000,0,0,0,0,11.177,24.54,1
1784878918.3544536,1443196890,A1850_B1850,1850,1850,0.85,0.85,1850,1850,1000,1000,0,0,0,0,11.138,24.68,1
1784878918.4035993,1443247788,A1850_B1850,1850,1850,0.85,0.85,1850,1850,1000,1000,0,0,0,0,11.138,24.68,1
1784878918.453089,1443297245,A1850_B1850,1850,1850,0.85,0.85,1850,1850,1000,1000,0,0,0,0,11.122,24.57,1
1784878918.5036452,1443348115,A1850_B1850,1850,1850,0.85,0.85,1850,1850,1000,1000,0,0,0,0,11.122,24.57,1
1784878918.55281,1443394582,A1850_B1850,1850,1850,0.85,0.85,1850,1850,1000,1000,0,0,0,0,11.226,24.44,1
1784878918.6027598,1443446999,A1850_B1850,1850,1850,0.85,0.85,1850,1850,1000,1000,0,0,0,0,11.226,24.44,1
1784878918.6559212,1443497867,A1850_B1850,1850,1850,0.85,0.85,1850,1850,1000,1000,0,0,0,0,11.103,24.43,1
1784878918.7026253,1443547286,A1850_B1850,1850,1850,0.85,0.85,1850,1850,1000,1000,0,0,0,0,11.103,24.43,1
1784878918.7568176,1443599704,A1850_B1850,1850,1850,0.85,0.85,1850,1850,1000,1000,0,0,0,0,11.203,24.68,1
1784878918.8039036,1443647681,A1850_B1850,1850,1850,0.85,0.85,1850,1850,1000,1000,0,0,0,0,11.203,24.68,1
1784878918.8539748,1443697042,A1850_B1850,1850,1850,0.85,0.85,1850,1850,1000,1000,0,0,0,0,11.175,24.68,1
1784878918.9038472,1443747954,A1850_B1850,1850,1850,0.85,0.85,1850,1850,1000,1000,0,0,0,0,11.175,24.68,1
1784878918.9547634,1443794379,A1850_B1850,1850,1850,0.85,0.85,1850,1850,1000,1000,0,0,0,0,11.141,24.51,1
1784878919.002703,1443846791,A1850_B1850,1850,1850,0.85,0.85,1850,1850,1000,1000,0,0,0,0,11.141,24.51,1
1784878919.0559216,1443896259,A1850_B1850,1850,1850,0.85,0.85,1850,1850,1000,1000,0,0,0,0,11.218,24.77,1
1784878919.1026402,1443945664,A1850_B1850,1850,1850,0.85,0.85,1850,1850,1000,1000,0,0,0,0,11.218,24.77,1
1784878919.1561234,1443998039,A1850_B1850,1850,1850,0.85,0.85,1850,1850,1000,1000,0,0,0,0,11.116,24.51,1
1784878919.2012906,1444046009,A1850_B1850,1850,1850,0.85,0.85,1850,1850,1000,1000,0,0,0,0,11.116,24.51,1
1784878919.2542312,1444096879,A1850_B1850,1850,1850,0.85,0.85,1850,1850,1000,1000,0,0,0,0,11.197,24.64,1
1784878919.3036194,1444146380,A1850_B1850,1850,1850,0.85,0.85,1850,1850,1000,1000,0,0,0,0,11.197,24.64,1
1784878919.3528142,1444195757,A1850_B1850,1850,1850,0.85,0.85,1850,1850,1000,1000,0,0,0,0,11.102,24.35,1
1784878919.4036381,1444248213,A1850_B1850,1850,1850,0.85,0.85,1850,1850,1000,1000,0,0,0,0,11.102,24.35,1
1784878919.4525216,1444296054,A1850_B1850,1850,1850,0.85,0.85,1850,1850,1000,1000,0,0,0,0,11.162,24.61,1
1784878919.5026703,1444346962,A1850_B1850,1850,1850,0.85,0.85,1850,1850,1000,1000,0,0,0,0,11.162,24.61,1
1784878919.5561428,1444396381,A1850_B1850,1850,1850,0.85,0.85,1850,1850,1000,1000,0,0,0,0,11.073,24.47,1
1784878919.6012585,1444445801,A1850_B1850,1850,1850,0.85,0.85,1850,1850,1000,1000,0,0,0,0,11.073,24.47,1
1784878919.6559417,1444498214,A1850_B1850,1850,1850,0.85,0.85,1850,1850,1000,1000,0,0,0,0,11.108,24.57,1
1784878919.702803,1444546134,A1850_B1850,1850,1850,0.85,0.85,1850,1850,1000,1000,0,0,0,0,11.108,24.57,1
1784878919.7542713,1444595558,A1850_B1850,1850,1850,0.85,0.85,1850,1850,1000,1000,0,0,0,0,11.193,24.42,1
1784878919.8036475,1444646476,A1850_B1850,1850,1850,0.85,0.85,1850,1850,1000,1000,0,0,0,0,11.193,24.42,1
1784878919.853101,1444695890,A1850_B1850,1850,1850,0.85,0.85,1850,1850,1000,1000,0,0,0,0,11.158,24.53,1
1784878919.9036345,1444748300,A1850_B1850,1850,1850,0.85,0.85,1850,1850,1000,1000,0,0,0,0,11.158,24.53,1
1784878919.9550076,1444796218,A1850_B1850,1850,1850,0.85,0.85,1850,1850,1000,1000,0,0,0,0,11.097,24.42,1
1784878920.002709,1444847184,A1850_B1850,1850,1850,0.85,0.85,1850,1850,1000,1000,0,0,0,0,11.097,24.42,1
1784878920.0562627,1444898054,A1850_B1850,1850,1850,0.85,0.85,1850,1850,1000,1000,0,0,0,0,11.194,24.52,1
1784878920.1036808,1444947480,A1850_B1850,1850,1850,0.85,0.85,1850,1850,1000,1000,0,0,0,0,11.194,24.52,1
1784878920.1543088,1444996942,A1850_B1850,1850,1850,0.85,0.85,1850,1850,1000,1000,0,0,0,0,11.165,24.58,1
1784878920.2012863,1445044813,A1850_B1850,1850,1850,0.85,0.85,1850,1850,1000,1000,0,0,0,0,11.165,24.58,1
1784878920.2540457,1445097220,A1850_B1850,1850,1850,0.85,0.85,1850,1850,1000,1000,0,0,0,0,11.083,24.55,1
1784878920.3033972,1445145144,A1850_B1850,1850,1850,0.85,0.85,1850,1850,1000,1000,0,0,0,0,11.083,24.55,1
1784878920.3569024,1445197583,A1850_B1850,1850,1850,0.85,0.85,1850,1850,1000,1000,0,0,0,0,11.188,24.45,1
1784878920.4026954,1445246978,A1850_B1850,1850,1850,0.85,0.85,1850,1850,1000,1000,0,0,0,0,11.188,24.45,1
1784878920.4559484,1445297889,A1850_B1850,1850,1850,0.85,0.85,1850,1850,1000,1000,0,0,0,0,11.091,24.39,1
1784878920.5012898,1445345819,A1850_B1850,1850,1850,0.85,0.85,1850,1850,1000,1000,0,0,0,0,11.091,24.39,1
1784878920.5543282,1445398244,A1850_B1850,1850,1850,0.85,0.85,1850,1850,1000,1000,0,0,0,0,11.137,24.57,1
1784878920.603917,1445447647,A1850_B1850,1850,1850,0.85,0.85,1850,1850,1000,1000,0,0,0,0,11.137,24.57,1
1784878920.6540518,1445497162,A1850_B1850,1850,1850,0.85,0.85,1850,1850,1000,1000,0,0,0,0,11.093,24.33,1
1784878920.7037134,1445547986,A1850_B1850,1850,1850,0.85,0.85,1850,1850,1000,1000,0,0,0,0,11.093,24.33,1
1784878920.7528973,1445594436,A1850_B1850,1850,1850,0.85,0.85,1850,1850,1000,1000,0,0,0,0,11.106,24.52,1
1784878920.8027282,1445645319,A1850_B1850,1850,1850,0.85,0.85,1850,1850,1000,1000,0,0,0,0,11.106,24.52,1
1784878920.855981,1445697732,A1850_B1850,1850,1850,0.85,0.85,1850,1850,1000,1000,0,0,0,0,11.165,24.63,1
1784878920.9014516,1445745708,A1850_B1850,1850,1850,0.85,0.85,1850,1850,1000,1000,0,0,0,0,11.165,24.63,1
1784878920.9581757,1445798113,A1850_B1850,1850,1850,0.85,0.85,1850,1850,1000,1000,0,0,0,0,11.125,24.5,1
1784878921.0013435,1445843038,A1850_B1850,1850,1850,0.85,0.85,1850,1850,1000,1000,0,0,0,0,11.125,24.5,1
1784878921.0540137,1445896901,A1850_B1850,1850,1850,0.85,0.85,1850,1850,1000,1000,0,0,0,0,11.157,24.43,1
1784878921.103723,1445946328,A1850_B1850,1850,1850,0.85,0.85,1850,1850,1000,1000,0,0,0,0,11.157,24.43,1
1784878921.1561964,1445998735,A1850_B1850,1850,1850,0.85,0.85,1850,1850,1000,1000,0,0,0,0,11.123,24.5,1
1784878921.203721,1446046653,A1850_B1850,1850,1850,0.85,0.85,1850,1850,1000,1000,0,0,0,0,11.123,24.5,1
1784878921.254049,1446096073,A1850_B1850,1850,1850,0.85,0.85,1850,1850,1000,1000,0,0,0,0,11.057,24.38,1
1784878921.3014143,1446144003,A1850_B1850,1850,1850,0.85,0.85,1850,1850,1000,1000,0,0,0,0,11.057,24.38,1
1784878921.3562036,1446196428,A1850_B1850,1850,1850,0.85,0.85,1850,1850,1000,1000,0,0,0,0,11.177,24.44,1
1784878921.401381,1446245822,A1850_B1850,1850,1850,0.85,0.85,1850,1850,1000,1000,0,0,0,0,11.177,24.44,1
1784878921.4540355,1446296746,A1850_B1850,1850,1850,0.85,0.85,1850,1850,1000,1000,0,0,0,0,11.125,24.3,1
1784878921.5027184,1446346164,A1850_B1850,1850,1850,0.85,0.85,1850,1850,1000,1000,0,0,0,0,11.125,24.3,1
1784878921.5543623,1446397121,A1850_B1850,1850,1850,0.85,0.85,1850,1850,1000,1000,0,0,0,0,11.037,24.21,1
1784878921.6040614,1446446571,A1850_B1850,1850,1850,0.85,0.85,1850,1850,1000,1000,0,0,0,0,11.037,24.21,1
1784878921.6525898,1446495914,A1850_B1850,1850,1850,0.85,0.85,1850,1850,1000,1000,0,0,0,0,11.076,24.45,1
1784878921.7027612,1446546875,A1850_B1850,1850,1850,0.85,0.85,1850,1850,1000,1000,0,0,0,0,11.076,24.45,1
1784878921.756193,1446596253,A1850_B1850,1850,1850,0.85,0.85,1850,1850,1000,1000,0,0,0,0,11.019,24.24,1
1784878921.8013222,1446644220,A1850_B1850,1850,1850,0.85,0.85,1850,1850,1000,1000,0,0,0,0,11.019,24.24,1
1784878921.8560238,1446696626,A1850_B1850,1850,1850,0.85,0.85,1850,1850,1000,1000,0,0,0,0,11.16,24.45,1
1784878921.901287,1446746004,A1850_B1850,1850,1850,0.85,0.85,1850,1850,1000,1000,0,0,0,0,11.16,24.45,1
1784878921.9550579,1446796914,A1850_B1850,1850,1850,0.85,0.85,1850,1850,1000,1000,0,0,0,0,11.08,24.28,1
1784878922.00376,1446846381,A1850_B1850,1850,1850,0.85,0.85,1850,1850,1000,1000,0,0,0,0,11.08,24.28,1
1784878922.052654,1446895756,A1850_B1850,1850,1850,0.85,0.85,1850,1850,1000,1000,0,0,0,0,11.142,24.36,1
1784878922.1013048,1446945220,A1850_B1850,1850,1850,0.85,0.85,1850,1850,1000,1000,0,0,0,0,11.142,24.36,1
1784878922.1572018,1446997593,A1850_B1850,1850,1850,0.85,0.85,1850,1850,1000,1000,0,0,0,0,11.194,24.14,1
1784878922.2027009,1447047007,A1850_B1850,1850,1850,0.85,0.85,1850,1850,1000,1000,0,0,0,0,11.194,24.14,1
1784878922.253375,1447094921,A1850_B1850,1850,1850,0.85,0.85,1850,1850,1000,1000,0,0,0,0,11.141,24.38,1
1784878922.3015292,1447145928,A1850_B1850,1850,1850,0.85,0.85,1850,1850,1000,1000,0,0,0,0,11.141,24.38,1
1784878922.354387,1447195274,A1850_B1850,1850,1850,0.85,0.85,1850,1850,1000,1000,0,0,0,0,11.136,24.44,1
1784878922.403737,1447247669,A1850_B1850,1850,1850,0.85,0.85,1850,1850,1000,1000,0,0,0,0,11.136,24.44,1
1784878922.4540524,1447297095,A1850_B1850,1850,1850,0.85,0.85,1850,1850,1000,1000,0,0,0,0,11.141,24.32,1
1784878922.5042596,1447348085,A1850_B1850,1850,1850,0.85,0.85,1850,1850,1000,1000,0,0,0,0,11.141,24.32,1
1784878922.5530567,1447395923,A1850_B1850,1850,1850,0.85,0.85,1850,1850,1000,1000,0,0,0,0,11.081,24.17,1
1784878922.6027334,1447445390,A1850_B1850,1850,1850,0.85,0.85,1850,1850,1000,1000,0,0,0,0,11.081,24.17,1
1784878922.6560209,1447497802,A1850_B1850,1850,1850,0.85,0.85,1850,1850,1000,1000,0,0,0,0,11.103,24.36,1
1784878922.7023401,1447547184,A1850_B1850,1850,1850,0.85,0.85,1850,1850,1000,1000,0,0,0,0,11.103,24.36,1
1784878922.7562428,1447598092,A1850_B1850,1850,1850,0.85,0.85,1850,1850,1000,1000,0,0,0,0,11.199,23.8,1
1784878922.801449,1447644530,A1850_B1850,1850,1850,0.85,0.85,1850,1850,1000,1000,0,0,0,0,11.199,23.8,1
1784878922.8540547,1447695432,A1850_B1850,1850,1850,0.85,0.85,1850,1850,1000,1000,0,0,0,0,11.074,24.24,1
1784878922.9037194,1447747852,A1850_B1850,1850,1850,0.85,0.85,1850,1850,1000,1000,0,0,0,0,11.074,24.24,1
1784878922.9549682,1447795770,A1850_B1850,1850,1850,0.85,0.85,1850,1850,1000,1000,0,0,0,0,11.179,24.61,1
1784878923.0038018,1447848185,A1850_B1850,1850,1850,0.85,0.85,1850,1850,1000,1000,0,0,0,0,11.179,24.61,1
1784878923.0541122,1447896103,A1850_B1850,1850,1850,0.85,0.85,1850,1850,1000,1000,0,0,0,0,11.151,24.07,1
1784878923.1020122,1447947069,A1850_B1850,1850,1850,0.85,0.85,1850,1850,1000,1000,0,0,0,0,11.151,24.07,1
1784878923.156306,1447996435,A1850_B1850,1850,1850,0.85,0.85,1850,1850,1000,1000,0,0,0,0,11.024,24.13,1
1784878923.202826,1448047348,A1850_B1850,1850,1850,0.85,0.85,1850,1850,1000,1000,0,0,0,0,11.024,24.13,1
1784878923.2567058,1448099774,A1850_B1850,1850,1850,0.85,0.85,1850,1850,1000,1000,0,0,0,0,11.042,24.13,1
1784878923.3013394,1448146193,A1850_B1850,1850,1850,0.85,0.85,1850,1850,1000,1000,0,0,0,0,11.042,24.13,1
1784878923.3531415,1448194165,A1850_B1850,1850,1850,0.85,0.85,1850,1850,1000,1000,0,0,0,0,11.141,24.42,1
1784878923.4014,1448246566,A1850_B1850,1850,1850,0.85,0.85,1850,1850,1000,1000,0,0,0,0,11.141,24.42,1
1784878923.4541001,1448296010,A1850_B1850,1850,1850,0.85,0.85,1850,1850,1000,1000,0,0,0,0,11.044,24.04,1
1784878923.5043979,1448346853,A1850_B1850,1850,1850,0.85,0.85,1850,1850,1000,1000,0,0,0,0,11.044,24.04,1
1784878923.5529401,1448396317,A1850_B1850,1850,1850,0.85,0.85,1850,1850,1000,1000,0,0,0,0,11.192,24.4,1
1784878923.602737,1448447192,A1850_B1850,1850,1850,0.85,0.85,1850,1850,1000,1000,0,0,0,0,11.192,24.4,1
1784878923.6526453,1448496607,A1850_B1850,1850,1850,0.85,0.85,1850,1850,1000,1000,0,0,0,0,11.121,24.36,1
1784878923.7027504,1448546073,A1850_B1850,1850,1850,0.85,0.85,1850,1850,1000,1000,0,0,0,0,11.121,24.36,1
1784878923.754368,1448596954,A1850_B1850,1850,1850,0.85,0.85,1850,1850,1000,1000,0,0,0,0,11.19,24.36,1
1784878923.8037636,1448646362,A1850_B1850,1850,1850,0.85,0.85,1850,1850,1000,1000,0,0,0,0,11.19,24.36,1
1784878923.8526394,1448694279,A1850_B1850,1850,1850,0.85,0.85,1850,1850,1000,1000,0,0,0,0,11.115,24.38,1
1784878923.9027655,1448746697,A1850_B1850,1850,1850,0.85,0.85,1850,1850,1000,1000,0,0,0,0,11.115,24.38,1
1784878923.9592938,1448799103,A1850_B1850,1850,1850,0.85,0.85,1850,1850,1000,1000,0,0,0,0,11.014,24.06,1
1784878924.001502,1448844040,A1850_B1850,1850,1850,0.85,0.85,1850,1850,1000,1000,0,0,0,0,11.014,24.06,1
1784878924.0568416,1448899446,A1850_B1850,1850,1850,0.85,0.85,1850,1850,1000,1000,0,0,0,0,11.093,24.21,1
1784878924.102774,1448947387,A1850_B1850,1850,1850,0.85,0.85,1850,1850,1000,1000,0,0,0,0,11.093,24.21,1
1784878924.1562905,1448996779,A1850_B1850,1850,1850,0.85,0.85,1850,1850,1000,1000,0,0,0,0,11.033,24.1,1
1784878924.2013838,1449044703,A1850_B1850,1850,1850,0.85,0.85,1850,1850,1000,1000,0,0,0,0,11.033,24.1,1
1784878924.2540886,1449097116,A1850_B1850,1850,1850,0.85,0.85,1850,1850,1000,1000,0,0,0,0,11.144,24.34,1
1784878924.3037639,1449148103,A1850_B1850,1850,1850,0.85,0.85,1850,1850,1000,1000,0,0,0,0,11.144,24.34,1
1784878924.3529212,1449194458,A1850_B1850,1850,1850,0.85,0.85,1850,1850,1000,1000,0,0,0,0,11.017,24.15,1
1784878924.4028125,1449246892,A1850_B1850,1850,1850,0.85,0.85,1850,1850,1000,1000,0,0,0,0,11.017,24.15,1
1784878924.4556682,1449297802,A1850_B1850,1850,1850,0.85,0.85,1850,1850,1000,1000,0,0,0,0,11.093,24.28,1
1784878924.5049317,1449350199,A1850_B1850,1850,1850,0.85,0.85,1850,1850,1000,1000,0,0,0,0,11.093,24.28,1
1784878924.5544462,1449395129,A1850_B1850,1850,1850,0.85,0.85,1850,1850,1000,1000,0,0,0,0,11.068,24.12,1
1784878924.6013677,1449444586,A1850_B1850,1850,1850,0.85,0.85,1850,1850,1000,1000,0,0,0,0,11.068,24.12,1
1784878924.655918,1449497007,A1850_B1850,1850,1850,0.85,0.85,1850,1850,1000,1000,0,0,0,0,11.008,24.16,1
1784878924.7038863,1449547871,A1850_B1850,1850,1850,0.85,0.85,1850,1850,1000,1000,0,0,0,0,11.008,24.16,1
1784878924.752997,1449594341,A1850_B1850,1850,1850,0.85,0.85,1850,1850,1000,1000,0,0,0,0,11.171,24.09,1
1784878924.802823,1449646835,A1850_B1850,1850,1850,0.85,0.85,1850,1850,1000,1000,0,0,0,0,11.171,24.09,1
1784878924.856066,1449697622,A1850_B1850,1850,1850,0.85,0.85,1850,1850,1000,1000,0,0,0,0,11.145,24.08,1
1784878924.9027698,1449747042,A1850_B1850,1850,1850,0.85,0.85,1850,1850,1000,1000,0,0,0,0,11.145,24.08,1
1784878924.9580317,1449797958,A1850_B1850,1850,1850,0.85,0.85,1850,1850,1000,1000,0,0,0,0,11.177,24.09,1
1784878925.0014322,1449844386,A1850_B1850,1850,1850,0.85,0.85,1850,1850,1000,1000,0,0,0,0,11.177,24.09,1
1784878925.0541148,1449896796,A1850_B1850,1850,1850,0.85,0.85,1850,1850,1000,1000,0,0,0,0,11.048,24.13,1
1784878925.1013434,1449946264,A1850_B1850,1850,1850,0.85,0.85,1850,1850,1000,1000,0,0,0,0,11.048,24.13,1
1784878925.1564975,1449998670,A1850_B1850,1850,1850,0.85,0.85,1850,1850,1000,1000,0,0,0,0,11.06,24.1,1
1784878925.2014139,1450046549,A1850_B1850,1850,1850,0.85,0.85,1850,1850,1000,1000,0,0,0,0,11.06,24.1,1
1784878925.2541146,1450096022,A1850_B1850,1850,1850,0.85,0.85,1850,1850,1000,1000,0,0,0,0,11.072,24.22,1
1784878925.3013847,1450143895,A1850_B1850,1850,1850,0.85,0.85,1850,1850,1000,1000,0,0,0,0,11.072,24.22,1
1784878925.3562963,1450196305,A1850_B1850,1850,1850,0.85,0.85,1850,1850,1000,1000,0,0,0,0,11.036,24.06,1
1784878925.4028513,1450245766,A1850_B1850,1850,1850,0.85,0.85,1850,1850,1000,1000,0,0,0,0,11.036,24.06,1
1784878925.4560964,1450298176,A1850_B1850,1850,1850,0.85,0.85,1850,1850,1000,1000,0,0,0,0,11.148,23.98,1
1784878925.5014272,1450346055,A1850_B1850,1850,1850,0.85,0.85,1850,1850,1000,1000,0,0,0,0,11.148,23.98,1
1784878925.5574646,1450398463,A1850_B1850,1850,1850,0.85,0.85,1850,1850,1000,1000,0,0,0,0,11.134,24.22,1
1784878925.6014476,1450446386,A1850_B1850,1850,1850,0.85,0.85,1850,1850,1000,1000,0,0,0,0,11.134,24.22,1
1784878925.6541357,1450495806,A1850_B1850,1850,1850,0.85,0.85,1850,1850,1000,1000,0,0,0,0,11.021,24.03,1
1784878925.70381,1450548217,A1850_B1850,1850,1850,0.85,0.85,1850,1850,1000,1000,0,0,0,0,11.021,24.03,1
1784878925.752997,1450596169,A1850_B1850,1850,1850,0.85,0.85,1850,1850,1000,1000,0,0,0,0,11.182,24.48,1
1784878925.8027954,1450645560,A1850_B1850,1850,1850,0.85,0.85,1850,1850,1000,1000,0,0,0,0,11.182,24.48,1
1784878925.8563743,1450699472,A1850_B1850,1850,1850,0.85,0.85,1850,1850,1000,1000,0,0,0,0,11.04,24.03,1
1784878925.901938,1450745889,A1850_B1850,1850,1850,0.85,0.85,1850,1850,1000,1000,0,0,0,0,11.04,24.03,1
1784878925.9570043,1450798308,A1850_B1850,1850,1850,0.85,0.85,1850,1850,1000,1000,0,0,0,0,11.262,24.49,1
1784878926.003853,1450846228,A1850_B1850,1850,1850,0.85,0.85,1850,1850,1000,1000,0,0,0,0,11.262,24.49,1
1784878926.0527425,1450894161,A1850_B1850,1850,1850,0.85,0.85,1850,1850,1000,1000,0,0,0,0,11.036,24.25,1
1784878926.1038363,1450948058,A1850_B1850,1850,1850,0.85,0.85,1850,1850,1000,1000,0,0,0,0,11.036,24.25,1
1784878926.1530263,1450994528,A1850_B1850,1850,1850,0.85,0.85,1850,1850,1000,1000,0,0,0,0,11.075,24.1,1
1784878926.202935,1451046943,A1850_B1850,1850,1850,0.85,0.85,1850,1850,1000,1000,0,0,0,0,11.075,24.1,1
1784878926.2561328,1451097810,A1850_B1850,1850,1850,0.85,0.85,1850,1850,1000,1000,0,0,0,0,11.096,24.18,1
1784878926.301435,1451145728,A1850_B1850,1850,1850,0.85,0.85,1850,1850,1000,1000,0,0,0,0,11.096,24.18,1
1784878926.3544521,1451198156,A1850_B1850,1850,1850,0.85,0.85,1850,1850,1000,1000,0,0,0,0,11.016,24.02,1
1784878926.401462,1451244571,A1850_B1850,1850,1850,0.85,0.85,1850,1850,1000,1000,0,0,0,0,11.016,24.02,1
1784878926.4563262,1451296982,A1850_B1850,1850,1850,0.85,0.85,1850,1850,1000,1000,0,0,0,0,11.119,24.3,1
1784878926.5029025,1451344905,A1850_B1850,1850,1850,0.85,0.85,1850,1850,1000,1000,0,0,0,0,11.119,24.3,1
1784878926.5544686,1451397311,A1850_B1850,1850,1850,0.85,0.85,1850,1850,1000,1000,0,0,0,0,11.093,24.13,1
1784878926.6028464,1451445238,A1850_B1850,1850,1850,0.85,0.85,1850,1850,1000,1000,0,0,0,0,11.093,24.13,1
1784878926.6527293,1451494668,A1850_B1850,1850,1850,0.85,0.85,1850,1850,1000,1000,0,0,0,0,11.15,24.08,1
1784878926.7038348,1451547069,A1850_B1850,1850,1850,0.85,0.85,1850,1850,1000,1000,0,0,0,0,11.15,24.08,1
1784878926.7567554,1451597985,A1850_B1850,1850,1850,0.85,0.85,1850,1850,1000,1000,0,0,0,0,11.059,24.02,1
1784878926.801445,1451644408,A1850_B1850,1850,1850,0.85,0.85,1850,1850,1000,1000,0,0,0,0,11.059,24.02,1
1784878926.8527508,1451695329,A1850_B1850,1850,1850,0.85,0.85,1850,1850,1000,1000,0,0,0,0,11.141,23.93,1
1784878926.9038367,1451747736,A1850_B1850,1850,1850,0.85,0.85,1850,1850,1000,1000,0,0,0,0,11.141,23.93,1
1784878926.9550154,1451797169,A1850_B1850,1850,1850,0.85,0.85,1850,1850,1000,1000,0,0,0,0,11.093,24.09,1
1784878927.003881,1451848117,A1850_B1850,1850,1850,0.85,0.85,1850,1850,1000,1000,0,0,0,0,11.093,24.09,1
1784878927.0527637,1451894494,A1850_B1850,1850,1850,0.85,0.85,1850,1850,1000,1000,0,0,0,0,11.134,24.13,1
1784878927.1028483,1451946953,A1850_B1850,1850,1850,0.85,0.85,1850,1850,1000,1000,0,0,0,0,11.134,24.13,1
1784878927.1567461,1451996328,A1850_B1850,1850,1850,0.85,0.85,1850,1850,1000,1000,0,0,0,0,11.019,24.02,1
1784878927.201441,1452045743,A1850_B1850,1850,1850,0.85,0.85,1850,1850,1000,1000,0,0,0,0,11.019,24.02,1
1784878927.2542,1452096663,A1850_B1850,1850,1850,0.85,0.85,1850,1850,1000,1000,0,0,0,0,11.067,24.04,1
1784878927.302843,1452146077,A1850_B1850,1850,1850,0.85,0.85,1850,1850,1000,1000,0,0,0,0,11.067,24.04,1
1784878927.3563728,1452198503,A1850_B1850,1850,1850,0.85,0.85,1850,1850,1000,1000,0,0,0,0,11.126,23.98,1
1784878927.403885,1452246420,A1850_B1850,1850,1850,0.85,0.85,1850,1850,1000,1000,0,0,0,0,11.126,23.98,1
1784878927.4527602,1452295829,A1850_B1850,1850,1850,0.85,0.85,1850,1850,1000,1000,0,0,0,0,11.156,24.37,1
1784878927.502883,1452346746,A1850_B1850,1850,1850,0.85,0.85,1850,1850,1000,1000,0,0,0,0,11.156,24.37,1
1784878927.556652,1452399163,A1850_B1850,1850,1850,0.85,0.85,1850,1850,1000,1000,0,0,0,0,11.052,24.08,1
1784878927.6036623,1452448579,A1850_B1850,1850,1850,0.85,0.85,1850,1850,1000,1000,0,0,0,0,11.052,24.08,1
1784878927.656154,1452496501,A1850_B1850,1850,1850,0.85,0.85,1850,1850,1000,1000,0,0,0,0,11.19,24.32,1
1784878927.7014964,1452545925,A1850_B1850,1850,1850,0.85,0.85,1850,1850,1000,1000,0,0,0,0,11.19,24.32,1
1784878927.7544825,1452596878,A1850_B1850,1850,1850,0.85,0.85,1850,1850,1000,1000,0,0,0,0,11.039,24.08,1
1784878927.8038564,1452646254,A1850_B1850,1850,1850,0.85,0.85,1850,1850,1000,1000,0,0,0,0,11.039,24.08,1
1784878927.852748,1452694223,A1850_B1850,1850,1850,0.85,0.85,1850,1850,1000,1000,0,0,0,0,11.084,24.23,1
1784878927.9029322,1452746635,A1850_B1850,1850,1850,0.85,0.85,1850,1850,1000,1000,0,0,0,0,11.084,24.23,1
1784878927.9552197,1452796006,A1850_B1850,1850,1850,0.85,0.85,1850,1850,1000,1000,0,0,0,0,11.031,24.12,1
1784878928.0028982,1452846927,A1850_B1850,1850,1850,0.85,0.85,1850,1850,1000,1000,0,0,0,0,11.031,24.12,1
1784878928.0562315,1452896396,A1850_B1850,1850,1850,0.85,0.85,1850,1850,1000,1000,0,0,0,0,11.044,24.17,1
1784878928.1028564,1452947258,A1850_B1850,1850,1850,0.85,0.85,1850,1850,1000,1000,0,0,0,0,11.044,24.17,1
1784878928.154009,1452995181,A1850_B1850,1850,1850,0.85,0.85,1850,1850,1000,1000,0,0,0,0,11.129,24.15,1
1784878928.201833,1453044592,A1850_B1850,1850,1850,0.85,0.85,1850,1850,1000,1000,0,0,0,0,11.129,24.15,1
1784878928.256184,1453097027,A1850_B1850,1850,1850,0.85,0.85,1850,1850,1000,1000,0,0,0,0,11.071,24.08,1
1784878928.3031375,1453147931,A1850_B1850,1850,1850,0.85,0.85,1850,1850,1000,1000,0,0,0,0,11.071,24.08,1
1784878928.356388,1453197350,A1850_B1850,1850,1850,0.85,0.85,1850,1850,1000,1000,0,0,0,0,11.06,24.06,1
1784878928.4016387,1453245260,A1850_B1850,1850,1850,0.85,0.85,1850,1850,1000,1000,0,0,0,0,11.06,24.06,1
1784878928.4561715,1453297732,A1850_B1850,1850,1850,0.85,0.85,1850,1850,1000,1000,0,0,0,0,11.16,24.31,1
1784878928.5029092,1453347094,A1850_B1850,1850,1850,0.85,0.85,1850,1850,1000,1000,0,0,0,0,11.16,24.31,1
1784878928.5563936,1453398054,A1850_B1850,1850,1850,0.85,0.85,1850,1850,1000,1000,0,0,0,0,10.975,23.96,1
1784878928.6016166,1453445929,A1850_B1850,1850,1850,0.85,0.85,1850,1850,1000,1000,0,0,0,0,10.975,23.96,1
1784878928.654312,1453495394,A1850_B1850,1850,1850,0.85,0.85,1850,1850,1000,1000,0,0,0,0,11.152,24.37,1
1784878928.702998,1453547811,A1850_B1850,1850,1850,0.85,0.85,1850,1850,1000,1000,0,0,0,0,11.152,24.37,1
1784878928.7530885,1453595723,A1850_B1850,1850,1850,0.85,0.85,1850,1850,1000,1000,0,0,0,0,11.038,24.1,1
1784878928.8038845,1453648099,A1850_B1850,1850,1850,0.85,0.85,1850,1850,1000,1000,0,0,0,0,11.038,24.1,1
1784878928.8542137,1453697564,A1850_B1850,1850,1850,0.85,0.85,1850,1850,1000,1000,0,0,0,0,11.017,24.04,1
1784878928.9040258,1453748433,A1850_B1850,1850,1850,0.85,0.85,1850,1850,1000,1000,0,0,0,0,11.017,24.04,1
1784878928.9565964,1453797856,A1850_B1850,1850,1850,0.85,0.85,1850,1850,1000,1000,0,0,0,0,11.086,24.24,1
1784878929.0018852,1453845772,A1850_B1850,1850,1850,0.85,0.85,1850,1850,1000,1000,0,0,0,0,11.086,24.24,1
1784878929.0542498,1453898187,A1850_B1850,1850,1850,0.85,0.85,1850,1850,1000,1000,0,0,0,0,11.059,24.09,1
1784878929.1017036,1453946103,A1850_B1850,1850,1850,0.85,0.85,1850,1850,1000,1000,0,0,0,0,11.059,24.09,1
1784878929.1548393,1453997136,A1850_B1850,1850,1850,0.85,0.85,1850,1850,1000,1000,0,0,0,0,11.021,24.12,1
1784878929.2040367,1454046439,A1850_B1850,1850,1850,0.85,0.85,1850,1850,1000,1000,0,0,0,0,11.021,24.12,1
1784878929.2528055,1454095856,A1850_B1850,1850,1850,0.85,0.85,1850,1850,1000,1000,0,0,0,0,11.026,24.01,1
1784878929.3039002,1454146820,A1850_B1850,1850,1850,0.85,0.85,1850,1850,1000,1000,0,0,0,0,11.026,24.01,1
1784878929.3530993,1454196195,A1850_B1850,1850,1850,0.85,0.85,1850,1850,1000,1000,0,0,0,0,11.124,23.94,1
1784878929.4029214,1454247110,A1850_B1850,1850,1850,0.85,0.85,1850,1850,1000,1000,0,0,0,0,11.124,23.94,1
1784878929.4535527,1454296572,A1850_B1850,1850,1850,0.85,0.85,1850,1850,1000,1000,0,0,0,0,11.032,24.09,1
1784878929.5026984,1454345944,A1850_B1850,1850,1850,0.85,0.85,1850,1850,1000,1000,0,0,0,0,11.032,24.09,1
1784878929.5564692,1454398359,A1850_B1850,1850,1850,0.85,0.85,1850,1850,1000,1000,0,0,0,0,11.118,23.99,1
1784878929.603169,1454446324,A1850_B1850,1850,1850,0.85,0.85,1850,1850,1000,1000,0,0,0,0,11.118,23.99,1
1784878929.6534085,1454497198,A1850_B1850,1850,1850,0.85,0.85,1850,1850,1000,1000,0,0,0,0,11.127,24.38,1
1784878929.7039318,1454546620,A1850_B1850,1850,1850,0.85,0.85,1850,1850,1000,1000,0,0,0,0,11.127,24.38,1
1784878929.75742,1454599022,A1850_B1850,1850,1850,0.85,0.85,1850,1850,1000,1000,0,0,0,0,11.041,24.09,1
1784878929.8039138,1454648517,A1850_B1850,1850,1850,0.85,0.85,1850,1850,1000,1000,0,0,0,0,11.041,24.09,1
1784878929.8528137,1454696368,A1850_B1850,1850,1850,0.85,0.85,1850,1850,1000,1000,0,0,0,0,11.075,24.14,1
1784878929.9039884,1454748780,A1850_B1850,1850,1850,0.85,0.85,1850,1850,1000,1000,0,0,0,0,11.075,24.14,1
1784878929.9570286,1454796709,A1850_B1850,1850,1850,0.85,0.85,1850,1850,1000,1000,0,0,0,0,11.048,24.1,1
1784878930.0015488,1454846121,A1850_B1850,1850,1850,0.85,0.85,1850,1850,1000,1000,0,0,0,0,11.048,24.1,1
1784878930.0542574,1454897032,A1850_B1850,1850,1850,0.85,0.85,1850,1850,1000,1000,0,0,0,0,10.966,23.99,1
1784878930.101526,1454944955,A1850_B1850,1850,1850,0.85,0.85,1850,1850,1000,1000,0,0,0,0,10.966,23.99,1
1784878930.1545577,1454997366,A1850_B1850,1850,1850,0.85,0.85,1850,1850,1000,1000,0,0,0,0,11.1,24.16,1
1784878930.2029445,1455045335,A1850_B1850,1850,1850,0.85,0.85,1850,1850,1000,1000,0,0,0,0,11.1,24.16,1
1784878930.256236,1455097751,A1850_B1850,1850,1850,0.85,0.85,1850,1850,1000,1000,0,0,0,0,11.01,23.97,1
1784878930.3015444,1455145652,A1850_B1850,1850,1850,0.85,0.85,1850,1850,1000,1000,0,0,0,0,11.01,23.97,1
1784878930.3564608,1455198042,A1850_B1850,1850,1850,0.85,0.85,1850,1850,1000,1000,0,0,0,0,11.038,23.89,1
1784878930.4015741,1455245962,A1850_B1850,1850,1850,0.85,0.85,1850,1850,1000,1000,0,0,0,0,11.038,23.89,1
1784878930.4542532,1455295381,A1850_B1850,1850,1850,0.85,0.85,1850,1850,1000,1000,0,0,0,0,11.097,24.23,1
1784878930.5039856,1455347788,A1850_B1850,1850,1850,0.85,0.85,1850,1850,1000,1000,0,0,0,0,11.097,24.23,1
1784878930.5545933,1455397255,A1850_B1850,1850,1850,0.85,0.85,1850,1850,1000,1000,0,0,0,0,11.014,24.0,1
1784878930.6039505,1455448128,A1850_B1850,1850,1850,0.85,0.85,1850,1850,1000,1000,0,0,0,0,11.014,24.0,1
1784878930.6528685,1455496043,A1850_B1850,1850,1850,0.85,0.85,1850,1850,1000,1000,0,0,0,0,11.005,24.08,1
1784878930.7029517,1455545487,A1850_B1850,1850,1850,0.85,0.85,1850,1850,1000,1000,0,0,0,0,11.005,24.08,1
1784878930.7564902,1455597883,A1850_B1850,1850,1850,0.85,0.85,1850,1850,1000,1000,0,0,0,0,11.08,24.11,1
1784878930.8015842,1455645799,A1850_B1850,1850,1850,0.85,0.85,1850,1850,1000,1000,0,0,0,0,11.08,24.11,1
1784878930.854268,1455695215,A1850_B1850,1850,1850,0.85,0.85,1850,1850,1000,1000,0,0,0,0,11.067,23.93,1
1784878930.9039829,1455747623,A1850_B1850,1850,1850,0.85,0.85,1850,1850,1000,1000,0,0,0,0,11.067,23.93,1
1784878930.956528,1455795550,A1850_B1850,1850,1850,0.85,0.85,1850,1850,1000,1000,0,0,0,0,11.021,23.99,1
1784878931.0040388,1455847962,A1850_B1850,1850,1850,0.85,0.85,1850,1850,1000,1000,0,0,0,0,11.021,23.99,1
1784878931.052881,1455895884,A1850_B1850,1850,1850,0.85,0.85,1850,1850,1000,1000,0,0,0,0,11.011,24.09,1
1784878931.1029503,1455946796,A1850_B1850,1850,1850,0.85,0.85,1850,1850,1000,1000,0,0,0,0,11.011,24.09,1
1784878931.156477,1455996263,A1850_B1850,1850,1850,0.85,0.85,1850,1850,1000,1000,0,0,0,0,11.044,24.14,1
1784878931.2029562,1456047161,A1850_B1850,1850,1850,0.85,0.85,1850,1850,1000,1000,0,0,0,0,11.044,24.14,1
1784878931.256254,1456096578,A1850_B1850,1850,1850,0.85,0.85,1850,1850,1000,1000,0,0,0,0,11.262,23.74,1
1784878931.3029957,1456146020,A1850_B1850,1850,1850,0.85,0.85,1850,1850,1000,1000,0,0,0,0,11.262,23.74,1
1784878931.3531544,1456193892,A1850_B1850,1850,1850,0.85,0.85,1850,1850,1000,1000,0,0,0,0,11.03,24.04,1
1784878931.4034011,1456246302,A1850_B1850,1850,1850,0.85,0.85,1850,1850,1000,1000,0,0,0,0,11.03,24.04,1
1784878931.4528522,1456294227,A1850_B1850,1850,1850,0.85,0.85,1850,1850,1000,1000,0,0,0,0,11.036,24.08,1
1784878931.503009,1456346640,A1850_B1850,1850,1850,0.85,0.85,1850,1850,1000,1000,0,0,0,0,11.036,24.08,1
1784878931.5530381,1456396059,A1850_B1850,1850,1850,0.85,0.85,1850,1850,1000,1000,0,0,0,0,11.067,24.32,1
1784878931.6030407,1456446973,A1850_B1850,1850,1850,0.85,0.85,1850,1850,1000,1000,0,0,0,0,11.067,24.32,1
1784878931.656512,1456496391,A1850_B1850,1850,1850,0.85,0.85,1850,1850,1000,1000,0,0,0,0,11.055,23.99,1
1784878931.7015703,1456544312,A1850_B1850,1850,1850,0.85,0.85,1850,1850,1000,1000,0,0,0,0,11.055,23.99,1
1784878931.7546024,1456596724,A1850_B1850,1850,1850,0.85,0.85,1850,1850,1000,1000,0,0,0,0,11.015,23.97,1
1784878931.8015907,1456646142,A1850_B1850,1850,1850,0.85,0.85,1850,1850,1000,1000,0,0,0,0,11.015,23.97,1
1784878931.8542986,1456697062,A1850_B1850,1850,1850,0.85,0.85,1850,1850,1000,1000,0,0,0,0,11.021,24.03,1
1784878931.9042318,1456746475,A1850_B1850,1850,1850,0.85,0.85,1850,1850,1000,1000,0,0,0,0,11.021,24.03,1
1784878931.9553492,1456794398,A1850_B1850,1850,1850,0.85,0.85,1850,1850,1000,1000,0,0,0,0,11.066,24.26,1
1784878932.0030396,1456846816,A1850_B1850,1850,1850,0.85,0.85,1850,1850,1000,1000,0,0,0,0,11.066,24.26,1
1784878932.0562906,1456896233,A1850_B1850,1850,1850,0.85,0.85,1850,1850,1000,1000,0,0,0,0,10.961,23.93,1
1784878932.1014516,1456945649,A1850_B1850,1850,1850,0.85,0.85,1850,1850,1000,1000,0,0,0,0,10.961,23.93,1
1784878932.153169,1456995065,A1850_B1850,1850,1850,0.85,0.85,1850,1850,1000,1000,0,0,0,0,10.98,23.93,1
1784878932.2028868,1457047489,A1850_B1850,1850,1850,0.85,0.85,1850,1850,1000,1000,0,0,0,0,10.98,23.93,1
1784878932.2543144,1457095398,A1850_B1850,1850,1850,0.85,0.85,1850,1850,1000,1000,0,0,0,0,11.04,24.12,1
1784878932.304003,1457147812,A1850_B1850,1850,1850,0.85,0.85,1850,1850,1000,1000,0,0,0,0,11.04,24.12,1
1784878932.3532128,1457195737,A1850_B1850,1850,1850,0.85,0.85,1850,1850,1000,1000,0,0,0,0,11.103,24.16,1
1784878932.403459,1457245160,A1850_B1850,1850,1850,0.85,0.85,1850,1850,1000,1000,0,0,0,0,11.103,24.16,1
1784878932.4528935,1457296071,A1850_B1850,1850,1850,0.85,0.85,1850,1850,1000,1000,0,0,0,0,11.028,23.85,1
1784878932.5040305,1457348484,A1850_B1850,1850,1850,0.85,0.85,1850,1850,1000,1000,0,0,0,0,11.028,23.85,1
1784878932.55653,1457397902,A1850_B1850,1850,1850,0.85,0.85,1850,1850,1000,1000,0,0,0,0,11.073,24.08,1
1784878932.6016455,1457445836,A1850_B1850,1850,1850,0.85,0.85,1850,1850,1000,1000,0,0,0,0,11.073,24.08,1
1784878932.6543775,1457495242,A1850_B1850,1850,1850,0.85,0.85,1850,1850,1000,1000,0,0,0,0,10.887,24.06,1
1784878932.7040176,1457547680,A1850_B1850,1850,1850,0.85,0.85,1850,1850,1000,1000,0,0,0,0,10.887,24.06,1
1784878932.7546341,1457595580,A1850_B1850,1850,1850,0.85,0.85,1850,1850,1000,1000,0,0,0,0,11.178,24.38,1
1784878932.8040318,1457648068,A1850_B1850,1850,1850,0.85,0.85,1850,1850,1000,1000,0,0,0,0,11.178,24.38,1
1784878932.8528934,1457695958,A1850_B1850,1850,1850,0.85,0.85,1850,1850,1000,1000,0,0,0,0,11.029,24.1,1
1784878932.9031212,1457745354,A1850_B1850,1850,1850,0.85,0.85,1850,1850,1000,1000,0,0,0,0,11.029,24.1,1
1784878932.95829,1457797741,A1850_B1850,1850,1850,0.85,0.85,1850,1850,1000,1000,0,0,0,0,10.986,23.82,1
1784878933.0016654,1457845708,A1850_B1850,1850,1850,0.85,0.85,1850,1850,1000,1000,0,0,0,0,10.986,23.82,1
1784878933.0562956,1457898122,A1850_B1850,1850,1850,0.85,0.85,1850,1850,1000,1000,0,0,0,0,11.062,24.21,1
1784878933.1016452,1457944505,A1850_B1850,1850,1850,0.85,0.85,1850,1850,1000,1000,0,0,0,0,11.062,24.21,1
1784878933.154649,1457996910,A1850_B1850,1850,1850,0.85,0.85,1850,1850,1000,1000,0,0,0,0,11.043,24.04,1
1784878933.2016127,1458046327,A1850_B1850,1850,1850,0.85,0.85,1850,1850,1000,1000,0,0,0,0,11.043,24.04,1
1784878933.25482,1458097252,A1850_B1850,1850,1850,0.85,0.85,1850,1850,1000,1000,0,0,0,0,11.018,24.06,1
1784878933.3030279,1458146667,A1850_B1850,1850,1850,0.85,0.85,1850,1850,1000,1000,0,0,0,0,11.018,24.06,1
1784878933.3569994,1458199080,A1850_B1850,1850,1850,0.85,0.85,1850,1850,1000,1000,0,0,0,0,11.091,24.25,1
1784878933.4030252,1458247000,A1850_B1850,1850,1850,0.85,0.85,1850,1850,1000,1000,0,0,0,0,11.091,24.25,1
1784878933.4563951,1458296425,A1850_B1850,1850,1850,0.85,0.85,1850,1850,1000,1000,0,0,0,0,11.004,23.97,1
1784878933.501674,1458344342,A1850_B1850,1850,1850,0.85,0.85,1850,1850,1000,1000,0,0,0,0,11.004,23.97,1
1784878933.55633,1458396768,A1850_B1850,1850,1850,0.85,0.85,1850,1850,1000,1000,0,0,0,0,11.034,23.99,1
1784878933.6040678,1458447667,A1850_B1850,1850,1850,0.85,0.85,1850,1850,1000,1000,0,0,0,0,11.034,23.99,1
1784878933.65295,1458494099,A1850_B1850,1850,1850,0.85,0.85,1850,1850,1000,1000,0,0,0,0,11.039,24.09,1
1784878933.701636,1458546528,A1850_B1850,1850,1850,0.85,0.85,1850,1850,1000,1000,0,0,0,0,11.039,24.09,1
1784878933.7547715,1458597434,A1850_B1850,1850,1850,0.85,0.85,1850,1850,1000,1000,0,0,0,0,11.141,23.98,1
1784878933.8030713,1458646880,A1850_B1850,1850,1850,0.85,0.85,1850,1850,1000,1000,0,0,0,0,11.141,23.98,1
1784878933.8529367,1458696251,A1850_B1850,1850,1850,0.85,0.85,1850,1850,1000,1000,0,0,0,0,11.097,23.92,1
1784878933.9031148,1458747168,A1850_B1850,1850,1850,0.85,0.85,1850,1850,1000,1000,0,0,0,0,11.097,23.92,1
1784878933.9586163,1458796633,A1850_B1850,1850,1850,0.85,0.85,1850,1850,1000,1000,0,0,0,0,11.101,24.02,1
1784878934.0042713,1458847508,A1850_B1850,1850,1850,0.85,0.85,1850,1850,1000,1000,0,0,0,0,11.101,24.02,1
1784878934.0543733,1458896919,A1850_B1850,1850,1850,0.85,0.85,1850,1850,1000,1000,0,0,0,0,11.091,24.15,1
1784878934.1042213,1458944843,A1850_B1850,1850,1850,0.85,0.85,1850,1850,1000,1000,0,0,0,0,11.091,24.15,1
1784878934.153234,1458995755,A1850_B1850,1850,1850,0.85,0.85,1850,1850,1000,1000,0,0,0,0,10.982,23.87,1
1784878934.2036295,1459048177,A1850_B1850,1850,1850,0.85,0.85,1850,1850,1000,1000,0,0,0,0,10.982,23.87,1
1784878934.2529762,1459096136,A1850_B1850,1850,1850,0.85,0.85,1850,1850,1000,1000,0,0,0,0,11.092,23.87,1
1784878934.3032594,1459145514,A1850_B1850,1850,1850,0.85,0.85,1850,1850,1000,1000,0,0,0,0,11.092,23.87,1
1784878934.356214,1459197922,A1850_B1850,1850,1850,0.85,0.85,1850,1850,1000,1000,0,0,0,0,11.065,24.14,1
1784878934.401646,1459245891,A1850_B1850,1850,1850,0.85,0.85,1850,1850,1000,1000,0,0,0,0,11.065,24.14,1
1784878934.4543996,1459295271,A1850_B1850,1850,1850,0.85,0.85,1850,1850,1000,1000,0,0,0,0,11.009,23.88,1
1784878934.501752,1459346180,A1850_B1850,1850,1850,0.85,0.85,1850,1850,1000,1000,0,0,0,0,11.009,23.88,1
1784878934.554697,1459395645,A1850_B1850,1850,1850,0.85,0.85,1850,1850,1000,1000,0,0,0,0,11.124,24.01,1
1784878934.6040623,1459448059,A1850_B1850,1850,1850,0.85,0.85,1850,1850,1000,1000,0,0,0,0,11.124,24.01,1
1784878934.6544924,1459495930,A1850_B1850,1850,1850,0.85,0.85,1850,1850,1000,1000,0,0,0,0,10.963,23.93,1
1784878934.7040932,1459548372,A1850_B1850,1850,1850,0.85,0.85,1850,1850,1000,1000,0,0,0,0,10.963,23.93,1
1784878934.754681,1459597809,A1850_B1850,1850,1850,0.85,0.85,1850,1850,1000,1000,0,0,0,0,11.003,23.78,1
1784878934.803057,1459645684,A1850_B1850,1850,1850,0.85,0.85,1850,1850,1000,1000,0,0,0,0,11.003,23.78,1
1784878934.8559291,1459698119,A1850_B1850,1850,1850,0.85,0.85,1850,1850,1000,1000,0,0,0,0,11.006,24.01,1
1784878934.9041514,1459747564,A1850_B1850,1850,1850,0.85,0.85,1850,1850,1000,1000,0,0,0,0,11.006,24.01,1
1784878934.9566853,1459795441,A1850_B1850,1850,1850,0.85,0.85,1850,1850,1000,1000,0,0,0,0,11.053,24.01,1
1784878935.0040953,1459847852,A1850_B1850,1850,1850,0.85,0.85,1850,1850,1000,1000,0,0,0,0,11.053,24.01,1
1784878935.05298,1459895779,A1850_B1850,1850,1850,0.85,0.85,1850,1850,1000,1000,0,0,0,0,11.037,23.89,1
1784878935.1030643,1459945226,A1850_B1850,1850,1850,0.85,0.85,1850,1850,1000,1000,0,0,0,0,11.037,23.89,1
1784878935.153298,1459994656,A1850_B1850,1850,1850,0.85,0.85,1850,1850,1000,1000,0,0,0,0,10.997,24.0,1
1784878935.2031195,1460047065,A1850_B1850,1850,1850,0.85,0.85,1850,1850,1000,1000,0,0,0,0,10.997,24.0,1
1784878935.252968,1460096438,A1850_B1850,1850,1850,0.85,0.85,1850,1850,1000,1000,0,0,0,0,11.043,23.79,1
1784878935.3016722,1460144413,A1850_B1850,1850,1850,0.85,0.85,1850,1850,1000,1000,0,0,0,0,11.043,23.79,1
1784878935.3547359,1460196816,A1850_B1850,1850,1850,0.85,0.85,1850,1850,1000,1000,0,0,0,0,11.027,23.98,1
1784878935.4018424,1460244694,A1850_B1850,1850,1850,0.85,0.85,1850,1850,1000,1000,0,0,0,0,11.027,23.98,1
1784878935.454676,1460297118,A1850_B1850,1850,1850,0.85,0.85,1850,1850,1000,1000,0,0,0,0,10.995,23.85,1
1784878935.5041337,1460346572,A1850_B1850,1850,1850,0.85,0.85,1850,1850,1000,1000,0,0,0,0,10.995,23.85,1
1784878935.553289,1460394448,A1850_B1850,1850,1850,0.85,0.85,1850,1850,1000,1000,0,0,0,0,11.036,23.97,1
1784878935.6030982,1460446969,A1850_B1850,1850,1850,0.85,0.85,1850,1850,1000,1000,0,0,0,0,11.036,23.97,1
1784878935.65644,1460497790,A1850_B1850,1850,1850,0.85,0.85,1850,1850,1000,1000,0,0,0,0,11.037,23.93,1
1784878935.7016988,1460544219,A1850_B1850,1850,1850,0.85,0.85,1850,1850,1000,1000,0,0,0,0,11.037,23.93,1
1784878935.7566028,1460596619,A1850_B1850,1850,1850,0.85,0.85,1850,1850,1000,1000,0,0,0,0,10.941,23.82,1
1784878935.801971,1460644541,A1850_B1850,1850,1850,0.85,0.85,1850,1850,1000,1000,0,0,0,0,10.941,23.82,1
1784878935.8546362,1460696948,A1850_B1850,1850,1850,0.85,0.85,1850,1850,1000,1000,0,0,0,0,11.037,23.91,1
1784878935.9017072,1460746368,A1850_B1850,1850,1850,0.85,0.85,1850,1850,1000,1000,0,0,0,0,11.037,23.91,1
1784878935.9554663,1460797282,A1850_B1850,1850,1850,0.85,0.85,1850,1850,1000,1000,0,0,0,0,11.058,23.89,1
1784878936.004131,1460846736,A1850_B1850,1850,1850,0.85,0.85,1850,1850,1000,1000,0,0,0,0,11.058,23.89,1
1784878936.0531683,1460894619,A1850_B1850,1850,1850,0.85,0.85,1850,1850,1000,1000,0,0,0,0,11.052,24.11,1
1784878936.1040993,1460947033,A1850_B1850,1850,1850,0.85,0.85,1850,1850,1000,1000,0,0,0,0,11.052,24.11,1
1784878936.1548321,1460997999,A1850_B1850,1850,1850,0.85,0.85,1850,1850,1000,1000,0,0,0,0,10.966,23.85,1
1784878936.2017167,1461045872,A1850_B1850,1850,1850,0.85,0.85,1850,1850,1000,1000,0,0,0,0,10.966,23.85,1
1784878936.2544327,1461095336,A1850_B1850,1850,1850,0.85,0.85,1850,1850,1000,1000,0,0,0,0,11.031,23.99,1
1784878936.304107,1461147749,A1850_B1850,1850,1850,0.85,0.85,1850,1850,1000,1000,0,0,0,0,11.031,23.99,1
1784878936.3533266,1461195629,A1850_B1850,1850,1850,0.85,0.85,1850,1850,1000,1000,0,0,0,0,11.01,24.04,1
1784878936.4017224,1461246573,A1850_B1850,1850,1850,0.85,0.85,1850,1850,1000,1000,0,0,0,0,11.01,24.04,1
1784878936.456546,1461299012,A1850_B1850,1850,1850,0.85,0.85,1850,1850,1000,1000,0,0,0,0,11.108,23.79,1
1784878936.5041435,1461348397,A1850_B1850,1850,1850,0.85,0.85,1850,1850,1000,1000,0,0,0,0,11.108,23.79,1
1784878936.5547557,1461397790,A1850_B1850,1850,1850,0.85,0.85,1850,1850,1000,1000,0,0,0,0,11.068,24.11,1
1784878936.601947,1461445710,A1850_B1850,1850,1850,0.85,0.85,1850,1850,1000,1000,0,0,0,0,11.068,24.11,1
1784878936.6547031,1461498127,A1850_B1850,1850,1850,0.85,0.85,1850,1850,1000,1000,0,0,0,0,10.967,23.78,1
1784878936.7019434,1461546065,A1850_B1850,1850,1850,0.85,0.85,1850,1850,1000,1000,0,0,0,0,10.967,23.78,1
1784878936.754976,1461595486,A1850_B1850,1850,1850,0.85,0.85,1850,1850,1000,1000,0,0,0,0,11.033,23.79,1
1784878936.8041503,1461647869,A1850_B1850,1850,1850,0.85,0.85,1850,1850,1000,1000,0,0,0,0,11.033,23.79,1
1784878936.8530037,1461695796,A1850_B1850,1850,1850,0.85,0.85,1850,1850,1000,1000,0,0,0,0,10.967,24.09,1
1784878936.903109,1461746763,A1850_B1850,1850,1850,0.85,0.85,1850,1850,1000,1000,0,0,0,0,10.967,24.09,1
1784878936.9552715,1461796128,A1850_B1850,1850,1850,0.85,0.85,1850,1850,1000,1000,0,0,0,0,11.007,23.81,1
1784878937.003214,1461845553,A1850_B1850,1850,1850,0.85,0.85,1850,1850,1000,1000,0,0,0,0,11.007,23.81,1
1784878937.0531483,1461896511,A1850_B1850,1850,1850,0.85,0.85,1850,1850,1000,1000,0,0,0,0,10.977,23.87,1
1784878937.1031263,1461945880,A1850_B1850,1850,1850,0.85,0.85,1850,1850,1000,1000,0,0,0,0,10.977,23.87,1
1784878937.1547937,1461996795,A1850_B1850,1850,1850,0.85,0.85,1850,1850,1000,1000,0,0,0,0,11.05,24.08,1
1784878937.2041643,1462047720,A1850_B1850,1850,1850,0.85,0.85,1850,1850,1000,1000,0,0,0,0,11.05,24.08,1
1784878937.25349,1462097146,A1850_B1850,1850,1850,0.85,0.85,1850,1850,1000,1000,0,0,0,0,10.934,23.79,1
1784878937.3032403,1462145058,A1850_B1850,1850,1850,0.85,0.85,1850,1850,1000,1000,0,0,0,0,10.934,23.79,1
1784878937.3535786,1462194471,A1850_B1850,1850,1850,0.85,0.85,1850,1850,1000,1000,0,0,0,0,10.933,23.72,1
1784878937.404158,1462246885,A1850_B1850,1850,1850,0.85,0.85,1850,1850,1000,1000,0,0,0,0,10.933,23.72,1
1784878937.4544575,1462297809,A1850_B1850,1850,1850,0.85,0.85,1850,1850,1000,1000,0,0,0,0,10.997,23.94,1
1784878937.5018861,1462344246,A1850_B1850,1850,1850,0.85,0.85,1850,1850,1000,1000,0,0,0,0,10.997,23.94,1
1784878937.554779,1462395162,A1850_B1850,1850,1850,0.85,0.85,1850,1850,1000,1000,0,0,0,0,11.067,24.24,1
1784878937.6018348,1462444557,A1850_B1850,1850,1850,0.85,0.85,1850,1850,1000,1000,0,0,0,0,11.067,24.24,1
1784878937.654491,1462496983,A1850_B1850,1850,1850,0.85,0.85,1850,1850,1000,1000,0,0,0,0,11.043,24.04,1
1784878937.7042494,1462547930,A1850_B1850,1850,1850,0.85,0.85,1850,1850,1000,1000,0,0,0,0,11.043,24.04,1
1784878937.7534463,1462594391,A1850_B1850,1850,1850,0.85,0.85,1850,1850,1000,1000,0,0,0,0,10.996,23.88,1
1784878937.803192,1462646723,A1850_B1850,1850,1850,0.85,0.85,1850,1850,1000,1000,0,0,0,0,10.996,23.88,1
1784878937.8564742,1462697684,A1850_B1850,1850,1850,0.85,0.85,1850,1850,1000,1000,0,0,0,0,11.067,23.89,1
1784878937.9031386,1462747075,A1850_B1850,1850,1850,0.85,0.85,1850,1850,1000,1000,0,0,0,0,11.067,23.89,1
1784878937.9588385,1462797977,A1850_B1850,1850,1850,0.85,0.85,1850,1850,1000,1000,0,0,0,0,11.024,23.93,1
1784878938.00193,1462844397,A1850_B1850,1850,1850,0.85,0.85,1850,1850,1000,1000,0,0,0,0,11.024,23.93,1
1784878938.0545104,1462896818,A1850_B1850,1850,1850,0.85,0.85,1850,1850,1000,1000,0,0,0,0,11.067,23.78,1
1784878938.1047049,1462949224,A1850_B1850,1850,1850,0.85,0.85,1850,1850,1000,1000,0,0,0,0,11.067,23.78,1
1784878938.1535587,1462995647,A1850_B1850,1850,1850,0.85,0.85,1850,1850,1000,1000,0,0,0,0,11.041,23.85,1
1784878938.2041488,1463048060,A1850_B1850,1850,1850,0.85,0.85,1850,1850,1000,1000,0,0,0,0,11.041,23.85,1
1784878938.256653,1463095984,A1850_B1850,1850,1850,0.85,0.85,1850,1850,1000,1000,0,0,0,0,10.998,23.8,1
1784878938.3023558,1463145396,A1850_B1850,1850,1850,0.85,0.85,1850,1850,1000,1000,0,0,0,0,10.998,23.8,1
1784878938.3566656,1463196322,A1850_B1850,1850,1850,0.85,0.85,1850,1850,1000,1000,0,0,0,0,11.007,23.93,1
1784878938.4017584,1463245802,A1850_B1850,1850,1850,0.85,0.85,1850,1850,1000,1000,0,0,0,0,11.007,23.93,1
1784878938.4566581,1463298148,A1850_B1850,1850,1850,0.85,0.85,1850,1850,1000,1000,0,0,0,0,10.999,23.84,1
1784878938.5018408,1463346068,A1850_B1850,1850,1850,0.85,0.85,1850,1850,1000,1000,0,0,0,0,10.999,23.84,1
1784878938.5548446,1463395487,A1850_B1850,1850,1850,0.85,0.85,1850,1850,1000,1000,0,0,0,0,11.009,24.02,1
1784878938.604163,1463447898,A1850_B1850,1850,1850,0.85,0.85,1850,1850,1000,1000,0,0,0,0,11.009,24.02,1
1784878938.6530805,1463495822,A1850_B1850,1850,1850,0.85,0.85,1850,1850,1000,1000,0,0,0,0,11.079,23.99,1
1784878938.7031748,1463546756,A1850_B1850,1850,1850,0.85,0.85,1850,1850,1000,1000,0,0,0,0,11.079,23.99,1
1784878938.7568274,1463599169,A1850_B1850,1850,1850,0.85,0.85,1850,1850,1000,1000,0,0,0,0,11.001,23.85,1
1784878938.8032002,1463645572,A1850_B1850,1850,1850,0.85,0.85,1850,1850,1000,1000,0,0,0,0,11.001,23.85,1
1784878938.8564656,1463697990,A1850_B1850,1850,1850,0.85,0.85,1850,1850,1000,1000,0,0,0,0,11.063,23.94,1
1784878938.9033415,1463745952,A1850_B1850,1850,1850,0.85,0.85,1850,1850,1000,1000,0,0,0,0,11.063,23.94,1
1784878938.958432,1463798360,A1850_B1850,1850,1850,0.85,0.85,1850,1850,1000,1000,0,0,0,0,11.067,23.97,1
1784878939.001851,1463846240,A1850_B1850,1850,1850,0.85,0.85,1850,1850,1000,1000,0,0,0,0,11.067,23.97,1
1784878939.0536518,1463895705,A1850_B1850,1850,1850,0.85,0.85,1850,1850,1000,1000,0,0,0,0,10.975,23.79,1
1784878939.1042247,1463948115,A1850_B1850,1850,1850,0.85,0.85,1850,1850,1000,1000,0,0,0,0,10.975,23.79,1
1784878939.1533859,1463994500,A1850_B1850,1850,1850,0.85,0.85,1850,1850,1000,1000,0,0,0,0,11.091,24.09,1
1784878939.2031844,1464046913,A1850_B1850,1850,1850,0.85,0.85,1850,1850,1000,1000,0,0,0,0,11.091,24.09,1
1784878939.2570684,1464099325,A1850_B1850,1850,1850,0.85,0.85,1850,1850,1000,1000,0,0,0,0,11.089,23.85,1
1784878939.3031888,1464147236,A1850_B1850,1850,1850,0.85,0.85,1850,1850,1000,1000,0,0,0,0,11.089,23.85,1
1784878939.3567145,1464198155,A1850_B1850,1850,1850,0.85,0.85,1850,1850,1000,1000,0,0,0,0,10.998,23.77,1
1784878939.4017897,1464244586,A1850_B1850,1850,1850,0.85,0.85,1850,1850,1000,1000,0,0,0,0,10.998,23.77,1
1784878939.456649,1464296996,A1850_B1850,1850,1850,0.85,0.85,1850,1850,1000,1000,0,0,0,0,11.065,23.98,1
1784878939.5019155,1464344962,A1850_B1850,1850,1850,0.85,0.85,1850,1850,1000,1000,0,0,0,0,11.065,23.98,1
1784878939.5556357,1464397377,A1850_B1850,1850,1850,0.85,0.85,1850,1850,1000,1000,0,0,0,0,11.028,24.07,1
1784878939.6032004,1464446746,A1850_B1850,1850,1850,0.85,0.85,1850,1850,1000,1000,0,0,0,0,11.028,24.07,1
1784878939.6531093,1464494715,A1850_B1850,1850,1850,0.85,0.85,1850,1850,1000,1000,0,0,0,0,10.985,23.76,1
1784878939.7038112,1464547126,A1850_B1850,1850,1850,0.85,0.85,1850,1850,1000,1000,0,0,0,0,10.985,23.76,1
1784878939.7567575,1464598000,A1850_B1850,1850,1850,0.85,0.85,1850,1850,1000,1000,0,0,0,0,10.971,23.58,1
1784878939.8018506,1464644467,A1850_B1850,1850,1850,0.85,0.85,1850,1850,1000,1000,0,0,0,0,10.971,23.58,1
1784878939.8549647,1464696877,A1850_B1850,1850,1850,0.85,0.85,1850,1850,1000,1000,0,0,0,0,10.986,23.88,1
1784878939.904203,1464747754,A1850_B1850,1850,1850,0.85,0.85,1850,1850,1000,1000,0,0,0,0,10.986,23.88,1
1784878939.9574738,1464797256,A1850_B1850,1850,1850,0.85,0.85,1850,1850,1000,1000,0,0,0,0,11.028,24.01,1
1784878940.001894,1464845113,A1850_B1850,1850,1850,0.85,0.85,1850,1850,1000,1000,0,0,0,0,11.028,24.01,1
1784878940.0545425,1464897502,A1850_B1850,1850,1850,0.85,0.85,1850,1850,1000,1000,0,0,0,0,11.073,23.97,1
1784878940.101834,1464945423,A1850_B1850,1850,1850,0.85,0.85,1850,1850,1000,1000,0,0,0,0,11.073,23.97,1
1784878940.1568286,1464996384,A1850_B1850,1850,1850,0.85,0.85,1850,1850,1000,1000,0,0,0,0,10.959,23.72,1
1784878940.2018342,1465045753,A1850_B1850,1850,1850,0.85,0.85,1850,1850,1000,1000,0,0,0,0,10.959,23.72,1
1784878940.2545838,1465096677,A1850_B1850,1850,1850,0.85,0.85,1850,1850,1000,1000,0,0,0,0,11.016,23.84,1
1784878940.3043408,1465146139,A1850_B1850,1850,1850,0.85,0.85,1850,1850,1000,1000,0,0,0,0,11.016,23.84,1
1784878940.355606,1465198555,A1850_B1850,1850,1850,0.85,0.85,1850,1850,1000,1000,0,0,0,0,10.949,23.71,1
1784878940.4042442,1465246424,A1850_B1850,1850,1850,0.85,0.85,1850,1850,1000,1000,0,0,0,0,10.949,23.71,1
1784878940.4532304,1465295986,A1850_B1850,1850,1850,0.85,0.85,1850,1850,1000,1000,0,0,0,0,10.96,23.84,1
1784878940.5032704,1465346760,A1850_B1850,1850,1850,0.85,0.85,1850,1850,1000,1000,0,0,0,0,10.96,23.84,1
1784878940.5535069,1465396180,A1850_B1850,1850,1850,0.85,0.85,1850,1850,1000,1000,0,0,0,0,10.986,23.76,1
1784878940.6032329,1465445644,A1850_B1850,1850,1850,0.85,0.85,1850,1850,1000,1000,0,0,0,0,10.986,23.76,1
1784878940.6565588,1465498052,A1850_B1850,1850,1850,0.85,0.85,1850,1850,1000,1000,0,0,0,0,10.943,23.72,1
1784878940.701895,1465545927,A1850_B1850,1850,1850,0.85,0.85,1850,1850,1000,1000,0,0,0,0,10.943,23.72,1
1784878940.756948,1465598341,A1850_B1850,1850,1850,0.85,0.85,1850,1850,1000,1000,0,0,0,0,10.951,23.83,1
1784878940.8043537,1465646268,A1850_B1850,1850,1850,0.85,0.85,1850,1850,1000,1000,0,0,0,0,10.951,23.83,1
1784878940.854583,1465695681,A1850_B1850,1850,1850,0.85,0.85,1850,1850,1000,1000,0,0,0,0,11.037,23.99,1
1784878940.904532,1465748099,A1850_B1850,1850,1850,0.85,0.85,1850,1850,1000,1000,0,0,0,0,11.037,23.99,1
1784878940.9554987,1465796020,A1850_B1850,1850,1850,0.85,0.85,1850,1850,1000,1000,0,0,0,0,11.024,23.92,1
1784878941.0033035,1465846928,A1850_B1850,1850,1850,0.85,0.85,1850,1850,1000,1000,0,0,0,0,11.024,23.92,1
1784878941.0565455,1465896351,A1850_B1850,1850,1850,0.85,0.85,1850,1850,1000,1000,0,0,0,0,11.024,23.8,1
1784878941.1020887,1465945773,A1850_B1850,1850,1850,0.85,0.85,1850,1850,1000,1000,0,0,0,0,11.024,23.8,1
1784878941.1553438,1465998183,A1850_B1850,1850,1850,0.85,0.85,1850,1850,1000,1000,0,0,0,0,10.975,23.66,1
1784878941.2052512,1466047608,A1850_B1850,1850,1850,0.85,0.85,1850,1850,1000,1000,0,0,0,0,10.975,23.66,1
1784878941.2546947,1466097059,A1850_B1850,1850,1850,0.85,0.85,1850,1850,1000,1000,0,0,0,0,11.037,23.68,1
1784878941.3042653,1466147936,A1850_B1850,1850,1850,0.85,0.85,1850,1850,1000,1000,0,0,0,0,11.037,23.68,1
1784878941.3534498,1466194402,A1850_B1850,1850,1850,0.85,0.85,1850,1850,1000,1000,0,0,0,0,10.958,23.74,1
1784878941.4040549,1466245340,A1850_B1850,1850,1850,0.85,0.85,1850,1850,1000,1000,0,0,0,0,10.958,23.74,1
1784878941.4551554,1466297684,A1850_B1850,1850,1850,0.85,0.85,1850,1850,1000,1000,0,0,0,0,10.958,23.74,1
1784878941.503765,1466347110,A1850_B1850,1850,1850,0.85,0.85,1850,1850,1000,1000,0,0,0,0,10.958,23.74,1
1784878941.5567973,1466398015,A1850_B1850,1850,1850,0.85,0.85,1850,1850,1000,1000,0,0,0,0,11.003,23.8,1
1784878941.6018548,1466444443,A1850_B1850,1850,1850,0.85,0.85,1850,1850,1000,1000,0,0,0,0,11.003,23.8,1
1784878941.6546335,1466495360,A1850_B1850,1850,1850,0.85,0.85,1850,1850,1000,1000,0,0,0,0,11.007,23.95,1
1784878941.7042973,1466547770,A1850_B1850,1850,1850,0.85,0.85,1850,1850,1000,1000,0,0,0,0,11.007,23.95,1
1784878941.753464,1466595691,A1850_B1850,1850,1850,0.85,0.85,1850,1850,1000,1000,0,0,0,0,10.991,23.8,1
1784878941.8042727,1466648104,A1850_B1850,1850,1850,0.85,0.85,1850,1850,1000,1000,0,0,0,0,10.991,23.8,1
1784878941.8531802,1466694533,A1850_B1850,1850,1850,0.85,0.85,1850,1850,1000,1000,0,0,0,0,10.94,23.52,1
1784878941.9032755,1466746940,A1850_B1850,1850,1850,0.85,0.85,1850,1850,1000,1000,0,0,0,0,10.94,23.52,1
1784878941.958726,1466797855,A1850_B1850,1850,1850,0.85,0.85,1850,1850,1000,1000,0,0,0,0,11.052,23.79,1
1784878942.00202,1466845823,A1850_B1850,1850,1850,0.85,0.85,1850,1850,1000,1000,0,0,0,0,11.052,23.79,1
1784878942.054607,1466895198,A1850_B1850,1850,1850,0.85,0.85,1850,1850,1000,1000,0,0,0,0,10.993,23.82,1
1784878942.1019218,1466944615,A1850_B1850,1850,1850,0.85,0.85,1850,1850,1000,1000,0,0,0,0,10.993,23.82,1
1784878942.154932,1466995576,A1850_B1850,1850,1850,0.85,0.85,1850,1850,1000,1000,0,0,0,0,11.004,23.83,1
1784878942.2042737,1467046447,A1850_B1850,1850,1850,0.85,0.85,1850,1850,1000,1000,0,0,0,0,11.004,23.83,1
1784878942.2532313,1467095867,A1850_B1850,1850,1850,0.85,0.85,1850,1850,1000,1000,0,0,0,0,11.021,23.8,1
1784878942.3032773,1467146777,A1850_B1850,1850,1850,0.85,0.85,1850,1850,1000,1000,0,0,0,0,11.021,23.8,1
1784878942.3539202,1467196203,A1850_B1850,1850,1850,0.85,0.85,1850,1850,1000,1000,0,0,0,0,10.996,23.93,1
1784878942.40328,1467247117,A1850_B1850,1850,1850,0.85,0.85,1850,1850,1000,1000,0,0,0,0,10.996,23.93,1
1784878942.4569645,1467296531,A1850_B1850,1850,1850,0.85,0.85,1850,1850,1000,1000,0,0,0,0,10.936,23.71,1
1784878942.5019403,1467345954,A1850_B1850,1850,1850,0.85,0.85,1850,1850,1000,1000,0,0,0,0,10.936,23.71,1
1784878942.554946,1467396868,A1850_B1850,1850,1850,0.85,0.85,1850,1850,1000,1000,0,0,0,0,11.05,23.75,1
1784878942.6043146,1467446286,A1850_B1850,1850,1850,0.85,0.85,1850,1850,1000,1000,0,0,0,0,11.05,23.75,1
1784878942.6532109,1467494207,A1850_B1850,1850,1850,0.85,0.85,1850,1850,1000,1000,0,0,0,0,10.974,23.76,1
1784878942.704337,1467546620,A1850_B1850,1850,1850,0.85,0.85,1850,1850,1000,1000,0,0,0,0,10.974,23.76,1
1784878942.7534914,1467596132,A1850_B1850,1850,1850,0.85,0.85,1850,1850,1000,1000,0,0,0,0,11.023,23.87,1
1784878942.8050299,1467648453,A1850_B1850,1850,1850,0.85,0.85,1850,1850,1000,1000,0,0,0,0,11.023,23.87,1
1784878942.854902,1467696369,A1850_B1850,1850,1850,0.85,0.85,1850,1850,1000,1000,0,0,0,0,10.998,23.74,1
1784878942.9019697,1467745791,A1850_B1850,1850,1850,0.85,0.85,1850,1850,1000,1000,0,0,0,0,10.998,23.74,1
1784878942.9585369,1467796809,A1850_B1850,1850,1850,0.85,0.85,1850,1850,1000,1000,0,0,0,0,10.97,23.68,1
1784878943.0019531,1467846121,A1850_B1850,1850,1850,0.85,0.85,1850,1850,1000,1000,0,0,0,0,10.97,23.68,1
1784878943.0546415,1467897041,A1850_B1850,1850,1850,0.85,0.85,1850,1850,1000,1000,0,0,0,0,11.089,23.67,1
1784878943.104395,1467946507,A1850_B1850,1850,1850,0.85,0.85,1850,1850,1000,1000,0,0,0,0,11.089,23.67,1
1784878943.156718,1467995873,A1850_B1850,1850,1850,0.85,0.85,1850,1850,1000,1000,0,0,0,0,11.18,23.85,1
1784878943.2033246,1468045293,A1850_B1850,1850,1850,0.85,0.85,1850,1850,1000,1000,0,0,0,0,11.18,23.85,1
1784878943.2567172,1468097707,A1850_B1850,1850,1850,0.85,0.85,1850,1850,1000,1000,0,0,0,0,11.038,23.93,1
1784878943.3031573,1468145629,A1850_B1850,1850,1850,0.85,0.85,1850,1850,1000,1000,0,0,0,0,11.038,23.93,1
1784878943.353538,1468195052,A1850_B1850,1850,1850,0.85,0.85,1850,1850,1000,1000,0,0,0,0,10.981,23.65,1
1784878943.4019098,1468246032,A1850_B1850,1850,1850,0.85,0.85,1850,1850,1000,1000,0,0,0,0,10.981,23.65,1
1784878943.4549243,1468295381,A1850_B1850,1850,1850,0.85,0.85,1850,1850,1000,1000,0,0,0,0,11.039,23.89,1
1784878943.5044634,1468347796,A1850_B1850,1850,1850,0.85,0.85,1850,1850,1000,1000,0,0,0,0,11.039,23.89,1
1784878943.555289,1468397211,A1850_B1850,1850,1850,0.85,0.85,1850,1850,1000,1000,0,0,0,0,10.967,23.76,1
1784878943.6044304,1468448182,A1850_B1850,1850,1850,0.85,0.85,1850,1850,1000,1000,0,0,0,0,10.967,23.76,1
1784878943.6532497,1468496050,A1850_B1850,1850,1850,0.85,0.85,1850,1850,1000,1000,0,0,0,0,11.006,23.5,1
1784878943.7033412,1468545551,A1850_B1850,1850,1850,0.85,0.85,1850,1850,1000,1000,0,0,0,0,11.006,23.5,1
1784878943.7549405,1468594882,A1850_B1850,1850,1850,0.85,0.85,1850,1850,1000,1000,0,0,0,0,11.047,23.79,1
1784878943.801936,1468645798,A1850_B1850,1850,1850,0.85,0.85,1850,1850,1000,1000,0,0,0,0,11.047,23.79,1
1784878943.8546605,1468695268,A1850_B1850,1850,1850,0.85,0.85,1850,1850,1000,1000,0,0,0,0,10.979,23.67,1
1784878943.9045923,1468747676,A1850_B1850,1850,1850,0.85,0.85,1850,1850,1000,1000,0,0,0,0,10.979,23.67,1
1784878943.9571736,1468798553,A1850_B1850,1850,1850,0.85,0.85,1850,1850,1000,1000,0,0,0,0,10.955,23.63,1
1784878944.0044718,1468847969,A1850_B1850,1850,1850,0.85,0.85,1850,1850,1000,1000,0,0,0,0,10.955,23.63,1
1784878944.0532336,1468895882,A1850_B1850,1850,1850,0.85,0.85,1850,1850,1000,1000,0,0,0,0,11.028,23.83,1
1784878944.104408,1468948306,A1850_B1850,1850,1850,0.85,0.85,1850,1850,1000,1000,0,0,0,0,11.028,23.83,1
1784878944.1539617,1468994778,A1850_B1850,1850,1850,0.85,0.85,1850,1850,1000,1000,0,0,0,0,11.022,23.83,1
1784878944.204448,1469048635,A1850_B1850,1850,1850,0.85,0.85,1850,1850,1000,1000,0,0,0,0,11.022,23.83,1
1784878944.256947,1469096561,A1850_B1850,1850,1850,0.85,0.85,1850,1850,1000,1000,0,0,0,0,11.046,23.75,1
1784878944.3019366,1469145979,A1850_B1850,1850,1850,0.85,0.85,1850,1850,1000,1000,0,0,0,0,11.046,23.75,1
1784878944.3549798,1469196931,A1850_B1850,1850,1850,0.85,0.85,1850,1850,1000,1000,0,0,0,0,11.002,23.75,1
1784878944.4044273,1469246310,A1850_B1850,1850,1850,0.85,0.85,1850,1850,1000,1000,0,0,0,0,11.002,23.75,1
1784878944.4532347,1469294304,A1850_B1850,1850,1850,0.85,0.85,1850,1850,1000,1000,0,0,0,0,10.991,23.76,1
1784878944.503445,1469346682,A1850_B1850,1850,1850,0.85,0.85,1850,1850,1000,1000,0,0,0,0,10.991,23.76,1
1784878944.553532,1469396062,A1850_B1850,1850,1850,0.85,0.85,1850,1850,1000,1000,0,0,0,0,10.829,23.9,1
1784878944.6033466,1469446977,A1850_B1850,1850,1850,0.85,0.85,1850,1850,1000,1000,0,0,0,0,10.829,23.9,1
1784878944.6567762,1469496440,A1850_B1850,1850,1850,0.85,0.85,1850,1850,1000,1000,0,0,0,0,11.031,23.88,1
1784878944.701952,1469544314,A1850_B1850,1850,1850,0.85,0.85,1850,1850,1000,1000,0,0,0,0,11.031,23.88,1
1784878944.7549696,1469596724,A1850_B1850,1850,1850,0.85,0.85,1850,1850,1000,1000,0,0,0,0,10.993,23.67,1
1784878944.803355,1469646279,A1850_B1850,1850,1850,0.85,0.85,1850,1850,1000,1000,0,0,0,0,10.993,23.67,1
1784878944.8568163,1469698612,A1850_B1850,1850,1850,0.85,0.85,1850,1850,1000,1000,0,0,0,0,11.023,23.91,1
1784878944.9026396,1469746479,A1850_B1850,1850,1850,0.85,0.85,1850,1850,1000,1000,0,0,0,0,11.023,23.91,1
1784878944.9569597,1469795950,A1850_B1850,1850,1850,0.85,0.85,1850,1850,1000,1000,0,0,0,0,10.921,23.92,1
1784878945.0056021,1469849810,A1850_B1850,1850,1850,0.85,0.85,1850,1850,1000,1000,0,0,0,0,10.921,23.92,1
1784878945.053274,1469896249,A1850_B1850,1850,1850,0.85,0.85,1850,1850,1000,1000,0,0,0,0,11.051,23.9,1
1784878945.103443,1469947153,A1850_B1850,1850,1850,0.85,0.85,1850,1850,1000,1000,0,0,0,0,11.051,23.9,1
1784878945.1568663,1469996567,A1850_B1850,1850,1850,0.85,0.85,1850,1850,1000,1000,0,0,0,0,10.998,23.69,1
1784878945.201982,1470045982,A1850_B1850,1850,1850,0.85,0.85,1850,1850,1000,1000,0,0,0,0,10.998,23.69,1
1784878945.2548025,1470095444,A1850_B1850,1850,1850,0.85,0.85,1850,1850,1000,1000,0,0,0,0,11.061,23.78,1
1784878945.3043656,1470147862,A1850_B1850,1850,1850,0.85,0.85,1850,1850,1000,1000,0,0,0,0,11.061,23.78,1
1784878945.3535676,1470195732,A1850_B1850,1850,1850,0.85,0.85,1850,1850,1000,1000,0,0,0,0,10.981,23.74,1
1784878945.4033682,1470245202,A1850_B1850,1850,1850,0.85,0.85,1850,1850,1000,1000,0,0,0,0,10.981,23.74,1
1784878945.4534273,1470296069,A1850_B1850,1850,1850,0.85,0.85,1850,1850,1000,1000,0,0,0,0,11.016,23.86,1
1784878945.5034306,1470345488,A1850_B1850,1850,1850,0.85,0.85,1850,1850,1000,1000,0,0,0,0,11.016,23.86,1
1784878945.555012,1470397905,A1850_B1850,1850,1850,0.85,0.85,1850,1850,1000,1000,0,0,0,0,10.947,23.67,1
1784878945.6020987,1470445828,A1850_B1850,1850,1850,0.85,0.85,1850,1850,1000,1000,0,0,0,0,10.947,23.67,1
1784878945.6533573,1470495238,A1850_B1850,1850,1850,0.85,0.85,1850,1850,1000,1000,0,0,0,0,11.012,23.87,1
1784878945.704382,1470547678,A1850_B1850,1850,1850,0.85,0.85,1850,1850,1000,1000,0,0,0,0,11.012,23.87,1
1784878945.7551363,1470595687,A1850_B1850,1850,1850,0.85,0.85,1850,1850,1000,1000,0,0,0,0,11.073,23.92,1
1784878945.8046145,1470647993,A1850_B1850,1850,1850,0.85,0.85,1850,1850,1000,1000,0,0,0,0,11.073,23.92,1
1784878945.8532786,1470695911,A1850_B1850,1850,1850,0.85,0.85,1850,1850,1000,1000,0,0,0,0,10.991,23.78,1
1784878945.903399,1470745325,A1850_B1850,1850,1850,0.85,0.85,1850,1850,1000,1000,0,0,0,0,10.991,23.78,1
1784878945.9563038,1470796248,A1850_B1850,1850,1850,0.85,0.85,1850,1850,1000,1000,0,0,0,0,10.938,23.93,1
1784878946.004426,1470848651,A1850_B1850,1850,1850,0.85,0.85,1850,1850,1000,1000,0,0,0,0,10.938,23.93,1
1784878946.0564656,1470898074,A1850_B1850,1850,1850,0.85,0.85,1850,1850,1000,1000,0,0,0,0,10.991,23.7,1
1784878946.101983,1470945993,A1850_B1850,1850,1850,0.85,0.85,1850,1850,1000,1000,0,0,0,0,10.991,23.7,1
1784878946.1568305,1470998407,A1850_B1850,1850,1850,0.85,0.85,1850,1850,1000,1000,0,0,0,0,10.946,23.66,1
1784878946.2033968,1471046370,A1850_B1850,1850,1850,0.85,0.85,1850,1850,1000,1000,0,0,0,0,10.946,23.66,1
1784878946.2533107,1471095749,A1850_B1850,1850,1850,0.85,0.85,1850,1850,1000,1000,0,0,0,0,10.983,23.78,1
1784878946.3033986,1471146664,A1850_B1850,1850,1850,0.85,0.85,1850,1850,1000,1000,0,0,0,0,10.983,23.78,1
1784878946.3536305,1471196121,A1850_B1850,1850,1850,0.85,0.85,1850,1850,1000,1000,0,0,0,0,10.868,23.68,1
1784878946.4045832,1471248569,A1850_B1850,1850,1850,0.85,0.85,1850,1850,1000,1000,0,0,0,0,10.868,23.68,1
1784878946.4567037,1471296422,A1850_B1850,1850,1850,0.85,0.85,1850,1850,1000,1000,0,0,0,0,11.007,23.66,1
1784878946.5020485,1471345874,A1850_B1850,1850,1850,0.85,0.85,1850,1850,1000,1000,0,0,0,0,11.007,23.66,1
1784878946.55692,1471398298,A1850_B1850,1850,1850,0.85,0.85,1850,1850,1000,1000,0,0,0,0,10.911,23.57,1
1784878946.6034431,1471446176,A1850_B1850,1850,1850,0.85,0.85,1850,1850,1000,1000,0,0,0,0,10.911,23.57,1
1784878946.6567137,1471498577,A1850_B1850,1850,1850,0.85,0.85,1850,1850,1000,1000,0,0,0,0,10.891,23.47,1
1784878946.704577,1471548050,A1850_B1850,1850,1850,0.85,0.85,1850,1850,1000,1000,0,0,0,0,10.891,23.47,1
1784878946.7541611,1471595921,A1850_B1850,1850,1850,0.85,0.85,1850,1850,1000,1000,0,0,0,0,11.097,23.89,1
1784878946.8034117,1471646829,A1850_B1850,1850,1850,0.85,0.85,1850,1850,1000,1000,0,0,0,0,11.097,23.89,1
1784878946.856961,1471696252,A1850_B1850,1850,1850,0.85,0.85,1850,1850,1000,1000,0,0,0,0,10.916,23.55,1
1784878946.902636,1471745723,A1850_B1850,1850,1850,0.85,0.85,1850,1850,1000,1000,0,0,0,0,10.916,23.55,1
1784878946.958665,1471798082,A1850_B1850,1850,1850,0.85,0.85,1850,1850,1000,1000,0,0,0,0,10.917,23.47,1
1784878947.002114,1471846002,A1850_B1850,1850,1850,0.85,0.85,1850,1850,1000,1000,0,0,0,0,10.917,23.47,1
1784878947.0548067,1471896917,A1850_B1850,1850,1850,0.85,0.85,1850,1850,1000,1000,0,0,0,0,10.983,23.66,1
1784878947.1044264,1471946463,A1850_B1850,1850,1850,0.85,0.85,1850,1850,1000,1000,0,0,0,0,10.983,23.66,1
1784878947.15362,1471995752,A1850_B1850,1850,1850,0.85,0.85,1850,1850,1000,1000,0,0,0,0,10.986,23.69,1
1784878947.203425,1472046674,A1850_B1850,1850,1850,0.85,0.85,1850,1850,1000,1000,0,0,0,0,10.986,23.69,1
1784878947.25676,1472097586,A1850_B1850,1850,1850,0.85,0.85,1850,1850,1000,1000,0,0,0,0,11.007,23.57,1
1784878947.3034282,1472147133,A1850_B1850,1850,1850,0.85,0.85,1850,1850,1000,1000,0,0,0,0,11.007,23.57,1
1784878947.357086,1472197928,A1850_B1850,1850,1850,0.85,0.85,1850,1850,1000,1000,0,0,0,0,11.039,23.59,1
1784878947.40204,1472244417,A1850_B1850,1850,1850,0.85,0.85,1850,1850,1000,1000,0,0,0,0,11.039,23.59,1
1784878947.454777,1472295271,A1850_B1850,1850,1850,0.85,0.85,1850,1850,1000,1000,0,0,0,0,11.082,23.68,1
1784878947.502133,1472344682,A1850_B1850,1850,1850,0.85,0.85,1850,1850,1000,1000,0,0,0,0,11.082,23.68,1
1784878947.5551236,1472397099,A1850_B1850,1850,1850,0.85,0.85,1850,1850,1000,1000,0,0,0,0,10.942,23.55,1
1784878947.6045322,1472448009,A1850_B1850,1850,1850,0.85,0.85,1850,1850,1000,1000,0,0,0,0,10.942,23.55,1
1784878947.6534014,1472494432,A1850_B1850,1850,1850,0.85,0.85,1850,1850,1000,1000,0,0,0,0,11.082,23.84,1
1784878947.7034342,1472546838,A1850_B1850,1850,1850,0.85,0.85,1850,1850,1000,1000,0,0,0,0,11.082,23.84,1
1784878947.7536516,1472594763,A1850_B1850,1850,1850,0.85,0.85,1850,1850,1000,1000,0,0,0,0,11.034,23.92,1
1784878947.8023949,1472645678,A1850_B1850,1850,1850,0.85,0.85,1850,1850,1000,1000,0,0,0,0,11.034,23.92,1
1784878947.857103,1472698092,A1850_B1850,1850,1850,0.85,0.85,1850,1850,1000,1000,0,0,0,0,11.035,23.72,1
1784878947.9034812,1472747507,A1850_B1850,1850,1850,0.85,0.85,1850,1850,1000,1000,0,0,0,0,11.035,23.72,1
1784878947.9604983,1472799927,A1850_B1850,1850,1850,0.85,0.85,1850,1850,1000,1000,0,0,0,0,10.953,23.68,1
1784878948.0051494,1472849343,A1850_B1850,1850,1850,0.85,0.85,1850,1850,1000,1000,0,0,0,0,10.953,23.68,1
1784878948.0533664,1472895809,A1850_B1850,1850,1850,0.85,0.85,1850,1850,1000,1000,0,0,0,0,10.944,23.52,1
1784878948.1035514,1472945184,A1850_B1850,1850,1850,0.85,0.85,1850,1850,1000,1000,0,0,0,0,10.944,23.52,1
1784878948.153785,1472994605,A1850_B1850,1850,1850,0.85,0.85,1850,1850,1000,1000,0,0,0,0,10.998,23.75,1
1784878948.2034526,1473047014,A1850_B1850,1850,1850,0.85,0.85,1850,1850,1000,1000,0,0,0,0,10.998,23.75,1
1784878948.2559311,1473097988,A1850_B1850,1850,1850,0.85,0.85,1850,1850,1000,1000,0,0,0,0,11.011,23.57,1
1784878948.3034537,1473145855,A1850_B1850,1850,1850,0.85,0.85,1850,1850,1000,1000,0,0,0,0,11.011,23.57,1
1784878948.3569775,1473198272,A1850_B1850,1850,1850,0.85,0.85,1850,1850,1000,1000,0,0,0,0,10.971,23.5,1
1784878948.4034941,1473247729,A1850_B1850,1850,1850,0.85,0.85,1850,1850,1000,1000,0,0,0,0,10.971,23.5,1
1784878948.4548342,1473295608,A1850_B1850,1850,1850,0.85,0.85,1850,1850,1000,1000,0,0,0,0,11.039,23.61,1
1784878948.504561,1473348017,A1850_B1850,1850,1850,0.85,0.85,1850,1850,1000,1000,0,0,0,0,11.039,23.61,1
1784878948.5536656,1473395938,A1850_B1850,1850,1850,0.85,0.85,1850,1850,1000,1000,0,0,0,0,10.95,23.64,1
1784878948.6020849,1473445359,A1850_B1850,1850,1850,0.85,0.85,1850,1850,1000,1000,0,0,0,0,10.95,23.64,1
1784878948.657363,1473497768,A1850_B1850,1850,1850,0.85,0.85,1850,1850,1000,1000,0,0,0,0,10.92,23.59,1
1784878948.7021186,1473545709,A1850_B1850,1850,1850,0.85,0.85,1850,1850,1000,1000,0,0,0,0,10.92,23.59,1
1784878948.7570014,1473598103,A1850_B1850,1850,1850,0.85,0.85,1850,1850,1000,1000,0,0,0,0,11.022,23.57,1
1784878948.8023262,1473646022,A1850_B1850,1850,1850,0.85,0.85,1850,1850,1000,1000,0,0,0,0,11.022,23.57,1
1784878948.8548005,1473695443,A1850_B1850,1850,1850,0.85,0.85,1850,1850,1000,1000,0,0,0,0,11.027,23.62,1
1784878948.9045236,1473747874,A1850_B1850,1850,1850,0.85,0.85,1850,1850,1000,1000,0,0,0,0,11.027,23.62,1
1784878948.9556344,1473795773,A1850_B1850,1850,1850,0.85,0.85,1850,1850,1000,1000,0,0,0,0,11.105,23.71,1
1784878949.0049922,1473848191,A1850_B1850,1850,1850,0.85,0.85,1850,1850,1000,1000,0,0,0,0,11.105,23.71,1
1784878949.0534275,1473896107,A1850_B1850,1850,1850,0.85,0.85,1850,1850,1000,1000,0,0,0,0,10.945,23.56,1
1784878949.1044943,1473948592,A1850_B1850,1850,1850,0.85,0.85,1850,1850,1000,1000,0,0,0,0,10.945,23.56,1
1784878949.153678,1473996489,A1850_B1850,1850,1850,0.85,0.85,1850,1850,1000,1000,0,0,0,0,11.044,23.67,1
1784878949.203488,1474045873,A1850_B1850,1850,1850,0.85,0.85,1850,1850,1000,1000,0,0,0,0,11.044,23.67,1
1784878949.253412,1474093880,A1850_B1850,1850,1850,0.85,0.85,1850,1850,1000,1000,0,0,0,0,11.107,23.52,1
1784878949.3025882,1474144702,A1850_B1850,1850,1850,0.85,0.85,1850,1850,1000,1000,0,0,0,0,11.107,23.52,1
1784878949.3551517,1474197115,A1850_B1850,1850,1850,0.85,0.85,1850,1850,1000,1000,0,0,0,0,11.0,23.76,1
1784878949.4044886,1474246570,A1850_B1850,1850,1850,0.85,0.85,1850,1850,1000,1000,0,0,0,0,11.0,23.76,1
1784878949.4539995,1474297448,A1850_B1850,1850,1850,0.85,0.85,1850,1850,1000,1000,0,0,0,0,10.95,23.66,1
1784878949.5035365,1474346861,A1850_B1850,1850,1850,0.85,0.85,1850,1850,1000,1000,0,0,0,0,10.95,23.66,1
1784878949.5574536,1474399277,A1850_B1850,1850,1850,0.85,0.85,1850,1850,1000,1000,0,0,0,0,11.029,23.62,1
1784878949.6021507,1474444206,A1850_B1850,1850,1850,0.85,0.85,1850,1850,1000,1000,0,0,0,0,11.029,23.62,1
1784878949.6549127,1474496611,A1850_B1850,1850,1850,0.85,0.85,1850,1850,1000,1000,0,0,0,0,10.959,23.58,1
1784878949.7021313,1474544560,A1850_B1850,1850,1850,0.85,0.85,1850,1850,1000,1000,0,0,0,0,10.959,23.58,1
1784878949.7551293,1474596954,A1850_B1850,1850,1850,0.85,0.85,1850,1850,1000,1000,0,0,0,0,10.911,23.57,1
1784878949.8045082,1474647986,A1850_B1850,1850,1850,0.85,0.85,1850,1850,1000,1000,0,0,0,0,10.911,23.57,1
1784878949.8533967,1474694287,A1850_B1850,1850,1850,0.85,0.85,1850,1850,1000,1000,0,0,0,0,11.023,23.57,1
1784878949.903504,1474746699,A1850_B1850,1850,1850,0.85,0.85,1850,1850,1000,1000,0,0,0,0,11.023,23.57,1
1784878949.9558616,1474794620,A1850_B1850,1850,1850,0.85,0.85,1850,1850,1000,1000,0,0,0,0,11.0,23.67,1
1784878950.0045953,1474847039,A1850_B1850,1850,1850,0.85,0.85,1850,1850,1000,1000,0,0,0,0,11.0,23.67,1
1784878950.0568542,1474897970,A1850_B1850,1850,1850,0.85,0.85,1850,1850,1000,1000,0,0,0,0,11.007,23.65,1
1784878950.1021495,1474944373,A1850_B1850,1850,1850,0.85,0.85,1850,1850,1000,1000,0,0,0,0,11.007,23.65,1
1784878950.1551676,1474996793,A1850_B1850,1850,1850,0.85,0.85,1850,1850,1000,1000,0,0,0,0,11.021,23.62,1
1784878950.2025619,1475044755,A1850_B1850,1850,1850,0.85,0.85,1850,1850,1000,1000,0,0,0,0,11.021,23.62,1
1784878950.2548723,1475097165,A1850_B1850,1850,1850,0.85,0.85,1850,1850,1000,1000,0,0,0,0,11.007,23.69,1
1784878950.3047168,1475148035,A1850_B1850,1850,1850,0.85,0.85,1850,1850,1000,1000,0,0,0,0,11.007,23.69,1
1784878950.353765,1475195966,A1850_B1850,1850,1850,0.85,0.85,1850,1850,1000,1000,0,0,0,0,10.947,23.59,1
1784878950.4035606,1475245373,A1850_B1850,1850,1850,0.85,0.85,1850,1850,1000,1000,0,0,0,0,10.947,23.59,1
1784878950.45681,1475296297,A1850_B1850,1850,1850,0.85,0.85,1850,1850,1000,1000,0,0,0,0,10.928,23.63,1
1784878950.5021744,1475345709,A1850_B1850,1850,1850,0.85,0.85,1850,1850,1000,1000,0,0,0,0,10.928,23.63,1
1784878950.5570707,1475398127,A1850_B1850,1850,1850,0.85,0.85,1850,1850,1000,1000,0,0,0,0,11.026,23.85,1
1784878950.6035433,1475446047,A1850_B1850,1850,1850,0.85,0.85,1850,1850,1000,1000,0,0,0,0,11.026,23.85,1
1784878950.6548672,1475495466,A1850_B1850,1850,1850,0.85,0.85,1850,1850,1000,1000,0,0,0,0,11.007,23.87,1
1784878950.7040317,1475547913,A1850_B1850,1850,1850,0.85,0.85,1850,1850,1000,1000,0,0,0,0,11.007,23.87,1
1784878950.7537246,1475595794,A1850_B1850,1850,1850,0.85,0.85,1850,1850,1000,1000,0,0,0,0,10.956,23.49,1
1784878950.8045785,1475648205,A1850_B1850,1850,1850,0.85,0.85,1850,1850,1000,1000,0,0,0,0,10.956,23.49,1
1784878950.8534567,1475696176,A1850_B1850,1850,1850,0.85,0.85,1850,1850,1000,1000,0,0,0,0,11.008,23.54,1
1784878950.9035351,1475745552,A1850_B1850,1850,1850,0.85,0.85,1850,1850,1000,1000,0,0,0,0,11.008,23.54,1
1784878950.9588418,1475797963,A1850_B1850,1850,1850,0.85,0.85,1850,1850,1000,1000,0,0,0,0,10.951,23.55,1
1784878951.0021675,1475845930,A1850_B1850,1850,1850,0.85,0.85,1850,1850,1000,1000,0,0,0,0,10.951,23.55,1
1784878951.0548742,1475895339,A1850_B1850,1850,1850,0.85,0.85,1850,1850,1000,1000,0,0,0,0,10.849,23.29,1
1784878951.104585,1475946215,A1850_B1850,1850,1850,0.85,0.85,1850,1850,1000,1000,0,0,0,0,10.849,23.29,1
1784878951.153551,1475995676,A1850_B1850,1850,1850,0.85,0.85,1850,1850,1000,1000,0,0,0,0,10.925,23.5,1
1784878951.2045534,1476048091,A1850_B1850,1850,1850,0.85,0.85,1850,1850,1000,1000,0,0,0,0,10.925,23.5,1
1784878951.253472,1476096044,A1850_B1850,1850,1850,0.85,0.85,1850,1850,1000,1000,0,0,0,0,10.96,23.62,1
1784878951.303591,1476146881,A1850_B1850,1850,1850,0.85,0.85,1850,1850,1000,1000,0,0,0,0,10.96,23.62,1
1784878951.357085,1476196306,A1850_B1850,1850,1850,0.85,0.85,1850,1850,1000,1000,0,0,0,0,11.017,23.7,1
1784878951.402171,1476244225,A1850_B1850,1850,1850,0.85,0.85,1850,1850,1000,1000,0,0,0,0,11.017,23.7,1
1784878951.453467,1476296633,A1850_B1850,1850,1850,0.85,0.85,1850,1850,1000,1000,0,0,0,0,11.113,23.6,1
1784878951.5022414,1476344551,A1850_B1850,1850,1850,0.85,0.85,1850,1850,1000,1000,0,0,0,0,11.113,23.6,1
1784878951.555364,1476396968,A1850_B1850,1850,1850,0.85,0.85,1850,1850,1000,1000,0,0,0,0,10.914,23.41,1
1784878951.60456,1476446383,A1850_B1850,1850,1850,0.85,0.85,1850,1850,1000,1000,0,0,0,0,10.914,23.41,1
1784878951.6534913,1476494307,A1850_B1850,1850,1850,0.85,0.85,1850,1850,1000,1000,0,0,0,0,10.99,23.56,1
1784878951.7035754,1476546754,A1850_B1850,1850,1850,0.85,0.85,1850,1850,1000,1000,0,0,0,0,10.99,23.56,1
1784878951.7537947,1476596134,A1850_B1850,1850,1850,0.85,0.85,1850,1850,1000,1000,0,0,0,0,10.998,23.5,1
1784878951.8036213,1476647099,A1850_B1850,1850,1850,0.85,0.85,1850,1850,1000,1000,0,0,0,0,10.998,23.5,1
1784878951.856847,1476696472,A1850_B1850,1850,1850,0.85,0.85,1850,1850,1000,1000,0,0,0,0,10.959,23.52,1
1784878951.902828,1476747429,A1850_B1850,1850,1850,0.85,0.85,1850,1850,1000,1000,0,0,0,0,10.959,23.52,1
1784878951.9573698,1476796851,A1850_B1850,1850,1850,0.85,0.85,1850,1850,1000,1000,0,0,0,0,10.9,23.47,1
1784878952.0022845,1476846223,A1850_B1850,1850,1850,0.85,0.85,1850,1850,1000,1000,0,0,0,0,10.9,23.47,1
1784878952.0549192,1476897139,A1850_B1850,1850,1850,0.85,0.85,1850,1850,1000,1000,0,0,0,0,10.958,23.52,1
1784878952.104582,1476946601,A1850_B1850,1850,1850,0.85,0.85,1850,1850,1000,1000,0,0,0,0,10.958,23.52,1
1784878952.15379,1476994477,A1850_B1850,1850,1850,0.85,0.85,1850,1850,1000,1000,0,0,0,0,10.974,23.65,1
1784878952.2035832,1477046898,A1850_B1850,1850,1850,0.85,0.85,1850,1850,1000,1000,0,0,0,0,10.974,23.65,1
1784878952.2568533,1477096357,A1850_B1850,1850,1850,0.85,0.85,1850,1850,1000,1000,0,0,0,0,10.966,23.53,1
1784878952.3035798,1477145727,A1850_B1850,1850,1850,0.85,0.85,1850,1850,1000,1000,0,0,0,0,10.966,23.53,1
1784878952.3571398,1477198147,A1850_B1850,1850,1850,0.85,0.85,1850,1850,1000,1000,0,0,0,0,11.031,23.61,1
1784878952.4022708,1477246114,A1850_B1850,1850,1850,0.85,0.85,1850,1850,1000,1000,0,0,0,0,11.031,23.61,1
1784878952.45494,1477295477,A1850_B1850,1850,1850,0.85,0.85,1850,1850,1000,1000,0,0,0,0,10.975,23.52,1
1784878952.5046308,1477347889,A1850_B1850,1850,1850,0.85,0.85,1850,1850,1000,1000,0,0,0,0,10.975,23.52,1
1784878952.553881,1477395858,A1850_B1850,1850,1850,0.85,0.85,1850,1850,1000,1000,0,0,0,0,11.043,23.42,1
1784878952.6036308,1477445232,A1850_B1850,1850,1850,0.85,0.85,1850,1850,1000,1000,0,0,0,0,11.043,23.42,1
1784878952.6538231,1477496151,A1850_B1850,1850,1850,0.85,0.85,1850,1850,1000,1000,0,0,0,0,10.929,23.69,1
1784878952.7038093,1477545608,A1850_B1850,1850,1850,0.85,0.85,1850,1850,1000,1000,0,0,0,0,10.929,23.69,1
1784878952.7570953,1477598034,A1850_B1850,1850,1850,0.85,0.85,1850,1850,1000,1000,0,0,0,0,10.918,23.38,1
1784878952.8029153,1477645899,A1850_B1850,1850,1850,0.85,0.85,1850,1850,1000,1000,0,0,0,0,10.918,23.38,1
1784878952.8550432,1477695368,A1850_B1850,1850,1850,0.85,0.85,1850,1850,1000,1000,0,0,0,0,11.079,23.38,1
1784878952.9021988,1477746231,A1850_B1850,1850,1850,0.85,0.85,1850,1850,1000,1000,0,0,0,0,11.079,23.38,1
1784878952.957285,1477795653,A1850_B1850,1850,1850,0.85,0.85,1850,1850,1000,1000,0,0,0,0,10.953,23.49,1
1784878953.0046318,1477848064,A1850_B1850,1850,1850,0.85,0.85,1850,1850,1000,1000,0,0,0,0,10.953,23.49,1
1784878953.0536387,1477895985,A1850_B1850,1850,1850,0.85,0.85,1850,1850,1000,1000,0,0,0,0,10.94,23.42,1
1784878953.1035986,1477945413,A1850_B1850,1850,1850,0.85,0.85,1850,1850,1000,1000,0,0,0,0,10.94,23.42,1
1784878953.1572237,1477997811,A1850_B1850,1850,1850,0.85,0.85,1850,1850,1000,1000,0,0,0,0,10.995,23.6,1
1784878953.202222,1478045733,A1850_B1850,1850,1850,0.85,0.85,1850,1850,1000,1000,0,0,0,0,10.995,23.6,1
1784878953.2570238,1478098200,A1850_B1850,1850,1850,0.85,0.85,1850,1850,1000,1000,0,0,0,0,10.96,23.73,1
1784878953.30221,1478144621,A1850_B1850,1850,1850,0.85,0.85,1850,1850,1000,1000,0,0,0,0,10.96,23.73,1
1784878953.3555388,1478197031,A1850_B1850,1850,1850,0.85,0.85,1850,1850,1000,1000,0,0,0,0,10.904,23.35,1
1784878953.4047582,1478246410,A1850_B1850,1850,1850,0.85,0.85,1850,1850,1000,1000,0,0,0,0,10.904,23.35,1
1784878953.4535236,1478294370,A1850_B1850,1850,1850,0.85,0.85,1850,1850,1000,1000,0,0,0,0,11.052,23.44,1
1784878953.5036576,1478346794,A1850_B1850,1850,1850,0.85,0.85,1850,1850,1000,1000,0,0,0,0,11.052,23.44,1
1784878953.5572424,1478397653,A1850_B1850,1850,1850,0.85,0.85,1850,1850,1000,1000,0,0,0,0,10.927,23.4,1
1784878953.603611,1478447069,A1850_B1850,1850,1850,0.85,0.85,1850,1850,1000,1000,0,0,0,0,10.927,23.4,1
1784878953.65741,1478496539,A1850_B1850,1850,1850,0.85,0.85,1850,1850,1000,1000,0,0,0,0,10.887,23.44,1
1784878953.7022524,1478544446,A1850_B1850,1850,1850,0.85,0.85,1850,1850,1000,1000,0,0,0,0,10.887,23.44,1
1784878953.7572458,1478596895,A1850_B1850,1850,1850,0.85,0.85,1850,1850,1000,1000,0,0,0,0,11.022,23.44,1
1784878953.8036344,1478647735,A1850_B1850,1850,1850,0.85,0.85,1850,1850,1000,1000,0,0,0,0,11.022,23.44,1
1784878953.8535206,1478694180,A1850_B1850,1850,1850,0.85,0.85,1850,1850,1000,1000,0,0,0,0,11.013,23.21,1
1784878953.9046335,1478746576,A1850_B1850,1850,1850,0.85,0.85,1850,1850,1000,1000,0,0,0,0,11.013,23.21,1
1784878953.9574287,1478797491,A1850_B1850,1850,1850,0.85,0.85,1850,1850,1000,1000,0,0,0,0,10.927,23.63,1
1784878954.0044763,1478846903,A1850_B1850,1850,1850,0.85,0.85,1850,1850,1000,1000,0,0,0,0,10.927,23.63,1
1784878954.0569534,1478896327,A1850_B1850,1850,1850,0.85,0.85,1850,1850,1000,1000,0,0,0,0,11.029,23.73,1
1784878954.103647,1478947247,A1850_B1850,1850,1850,0.85,0.85,1850,1850,1000,1000,0,0,0,0,11.029,23.73,1
1784878954.155857,1478996661,A1850_B1850,1850,1850,0.85,0.85,1850,1850,1000,1000,0,0,0,0,10.927,23.54,1
1784878954.2023118,1479044582,A1850_B1850,1850,1850,0.85,0.85,1850,1850,1000,1000,0,0,0,0,10.927,23.54,1
1784878954.2536352,1479094001,A1850_B1850,1850,1850,0.85,0.85,1850,1850,1000,1000,0,0,0,0,10.911,23.39,1
1784878954.3046317,1479144918,A1850_B1850,1850,1850,0.85,0.85,1850,1850,1000,1000,0,0,0,0,10.911,23.39,1
1784878954.3552644,1479195830,A1850_B1850,1850,1850,0.85,0.85,1850,1850,1000,1000,0,0,0,0,10.97,23.68,1
1784878954.404643,1479248269,A1850_B1850,1850,1850,0.85,0.85,1850,1850,1000,1000,0,0,0,0,10.97,23.68,1
1784878954.457079,1479297708,A1850_B1850,1850,1850,0.85,0.85,1850,1850,1000,1000,0,0,0,0,10.965,23.53,1
1784878954.5036864,1479345582,A1850_B1850,1850,1850,0.85,0.85,1850,1850,1000,1000,0,0,0,0,10.965,23.53,1
1784878954.5571592,1479397999,A1850_B1850,1850,1850,0.85,0.85,1850,1850,1000,1000,0,0,0,0,10.977,23.62,1
1784878954.6022654,1479445926,A1850_B1850,1850,1850,0.85,0.85,1850,1850,1000,1000,0,0,0,0,10.977,23.62,1
1784878954.655006,1479498333,A1850_B1850,1850,1850,0.85,0.85,1850,1850,1000,1000,0,0,0,0,10.944,23.65,1
1784878954.7046697,1479547745,A1850_B1850,1850,1850,0.85,0.85,1850,1850,1000,1000,0,0,0,0,10.944,23.65,1
1784878954.7538855,1479595665,A1850_B1850,1850,1850,0.85,0.85,1850,1850,1000,1000,0,0,0,0,10.987,23.64,1
1784878954.8022876,1479646589,A1850_B1850,1850,1850,0.85,0.85,1850,1850,1000,1000,0,0,0,0,10.987,23.64,1
1784878954.8549864,1479696005,A1850_B1850,1850,1850,0.85,0.85,1850,1850,1000,1000,0,0,0,0,10.891,23.4,1
1784878954.9036698,1479745420,A1850_B1850,1850,1850,0.85,0.85,1850,1850,1000,1000,0,0,0,0,10.891,23.4,1
1784878954.9558072,1479796338,A1850_B1850,1850,1850,0.85,0.85,1850,1850,1000,1000,0,0,0,0,11.051,23.39,1
1784878955.003743,1479845751,A1850_B1850,1850,1850,0.85,0.85,1850,1850,1000,1000,0,0,0,0,11.051,23.39,1
1784878955.056987,1479898171,A1850_B1850,1850,1850,0.85,0.85,1850,1850,1000,1000,0,0,0,0,10.921,23.54,1
1784878955.1036649,1479947674,A1850_B1850,1850,1850,0.85,0.85,1850,1850,1000,1000,0,0,0,0,10.921,23.54,1
1784878955.1558712,1479998496,A1850_B1850,1850,1850,0.85,0.85,1850,1850,1000,1000,0,0,0,0,10.9,23.45,1
1784878955.2047694,1480047919,A1850_B1850,1850,1850,0.85,0.85,1850,1850,1000,1000,0,0,0,0,10.9,23.45,1
1784878955.2535887,1480095845,A1850_B1850,1850,1850,0.85,0.85,1850,1850,1000,1000,0,0,0,0,11.007,23.4,1
1784878955.3037128,1480145257,A1850_B1850,1850,1850,0.85,0.85,1850,1850,1000,1000,0,0,0,0,11.007,23.4,1
1784878955.3571734,1480197674,A1850_B1850,1850,1850,0.85,0.85,1850,1850,1000,1000,0,0,0,0,11.036,23.67,1
1784878955.4037101,1480247089,A1850_B1850,1850,1850,0.85,0.85,1850,1850,1000,1000,0,0,0,0,11.036,23.67,1
1784878955.457161,1480296506,A1850_B1850,1850,1850,0.85,0.85,1850,1850,1000,1000,0,0,0,0,10.958,23.58,1
1784878955.502318,1480344428,A1850_B1850,1850,1850,0.85,0.85,1850,1850,1000,1000,0,0,0,0,10.958,23.58,1
1784878955.5553536,1480396842,A1850_B1850,1850,1850,0.85,0.85,1850,1850,1000,1000,0,0,0,0,11.031,23.42,1
1784878955.602283,1480444764,A1850_B1850,1850,1850,0.85,0.85,1850,1850,1000,1000,0,0,0,0,11.031,23.42,1
1784878955.6569867,1480497180,A1850_B1850,1850,1850,0.85,0.85,1850,1850,1000,1000,0,0,0,0,10.971,23.6,1
1784878955.70468,1480546593,A1850_B1850,1850,1850,0.85,0.85,1850,1850,1000,1000,0,0,0,0,10.971,23.6,1
1784878955.7544863,1480597512,A1850_B1850,1850,1850,0.85,0.85,1850,1850,1000,1000,0,0,0,0,10.963,23.87,1
1784878955.8036873,1480646929,A1850_B1850,1850,1850,0.85,0.85,1850,1850,1000,1000,0,0,0,0,10.963,23.87,1
1784878955.8570144,1480697884,A1850_B1850,1850,1850,0.85,0.85,1850,1850,1000,1000,0,0,0,0,11.096,23.37,1
1784878955.9023247,1480744356,A1850_B1850,1850,1850,0.85,0.85,1850,1850,1000,1000,0,0,0,0,11.096,23.37,1
1784878955.9602733,1480799760,A1850_B1850,1850,1850,0.85,0.85,1850,1850,1000,1000,0,0,0,0,10.95,23.69,1
1784878956.0039554,1480847644,A1850_B1850,1850,1850,0.85,0.85,1850,1850,1000,1000,0,0,0,0,10.95,23.69,1
1784878956.05416,1480897037,A1850_B1850,1850,1850,0.85,0.85,1850,1850,1000,1000,0,0,0,0,10.946,23.51,1
1784878956.1046932,1480947926,A1850_B1850,1850,1850,0.85,0.85,1850,1850,1000,1000,0,0,0,0,10.946,23.51,1
1784878956.1559327,1480997398,A1850_B1850,1850,1850,0.85,0.85,1850,1850,1000,1000,0,0,0,0,10.994,23.48,1
1784878956.2058008,1481049803,A1850_B1850,1850,1850,0.85,0.85,1850,1850,1000,1000,0,0,0,0,10.994,23.48,1
1784878956.256688,1481097739,A1850_B1850,1850,1850,0.85,0.85,1850,1850,1000,1000,0,0,0,0,10.945,23.47,1
1784878956.3037422,1481147141,A1850_B1850,1850,1850,0.85,0.85,1850,1850,1000,1000,0,0,0,0,10.945,23.47,1
1784878956.3567905,1481198037,A1850_B1850,1850,1850,0.85,0.85,1850,1850,1000,1000,0,0,0,0,10.916,23.51,1
1784878956.4023182,1481245937,A1850_B1850,1850,1850,0.85,0.85,1850,1850,1000,1000,0,0,0,0,10.916,23.51,1
1784878956.455041,1481295359,A1850_B1850,1850,1850,0.85,0.85,1850,1850,1000,1000,0,0,0,0,10.863,23.4,1
1784878956.5047789,1481347763,A1850_B1850,1850,1850,0.85,0.85,1850,1850,1000,1000,0,0,0,0,10.863,23.4,1
1784878956.5553656,1481395724,A1850_B1850,1850,1850,0.85,0.85,1850,1850,1000,1000,0,0,0,0,11.056,23.7,1
1784878956.6023161,1481445107,A1850_B1850,1850,1850,0.85,0.85,1850,1850,1000,1000,0,0,0,0,11.056,23.7,1
1784878956.6581485,1481497514,A1850_B1850,1850,1850,0.85,0.85,1850,1850,1000,1000,0,0,0,0,10.97,23.53,1
1784878956.703782,1481545434,A1850_B1850,1850,1850,0.85,0.85,1850,1850,1000,1000,0,0,0,0,10.97,23.53,1
1784878956.757359,1481597846,A1850_B1850,1850,1850,0.85,0.85,1850,1850,1000,1000,0,0,0,0,10.949,23.49,1
1784878956.8024163,1481645771,A1850_B1850,1850,1850,0.85,0.85,1850,1850,1000,1000,0,0,0,0,10.949,23.49,1
1784878956.8570142,1481698184,A1850_B1850,1850,1850,0.85,0.85,1850,1850,1000,1000,0,0,0,0,10.892,23.43,1
1784878956.9042258,1481747605,A1850_B1850,1850,1850,0.85,0.85,1850,1850,1000,1000,0,0,0,0,10.892,23.43,1
1784878956.9589727,1481798568,A1850_B1850,1850,1850,0.85,0.85,1850,1850,1000,1000,0,0,0,0,10.997,23.59,1
1784878957.0047605,1481847940,A1850_B1850,1850,1850,0.85,0.85,1850,1850,1000,1000,0,0,0,0,10.997,23.59,1
1784878957.0536356,1481895930,A1850_B1850,1850,1850,0.85,0.85,1850,1850,1000,1000,0,0,0,0,10.954,23.51,1
1784878957.1037552,1481945275,A1850_B1850,1850,1850,0.85,0.85,1850,1850,1000,1000,0,0,0,0,10.954,23.51,1
1784878957.157601,1481997685,A1850_B1850,1850,1850,0.85,0.85,1850,1850,1000,1000,0,0,0,0,10.917,23.85,1
1784878957.2024508,1482045657,A1850_B1850,1850,1850,0.85,0.85,1850,1850,1000,1000,0,0,0,0,10.917,23.85,1
1784878957.26194,1482098067,A1850_B1850,1850,1850,0.85,0.85,1850,1850,1000,1000,0,0,0,0,10.981,23.36,1
1784878957.3023555,1482145950,A1850_B1850,1850,1850,0.85,0.85,1850,1850,1000,1000,0,0,0,0,10.981,23.36,1
1784878957.355414,1482196886,A1850_B1850,1850,1850,0.85,0.85,1850,1850,1000,1000,0,0,0,0,11.019,23.48,1
1784878957.404769,1482246277,A1850_B1850,1850,1850,0.85,0.85,1850,1850,1000,1000,0,0,0,0,11.019,23.48,1
1784878957.4537036,1482294193,A1850_B1850,1850,1850,0.85,0.85,1850,1850,1000,1000,0,0,0,0,10.905,23.37,1
1784878957.504774,1482346607,A1850_B1850,1850,1850,0.85,0.85,1850,1850,1000,1000,0,0,0,0,10.905,23.37,1
1784878957.5539994,1482394532,A1850_B1850,1850,1850,0.85,0.85,1850,1850,1000,1000,0,0,0,0,10.939,23.51,1
1784878957.603748,1482446940,A1850_B1850,1850,1850,0.85,0.85,1850,1850,1000,1000,0,0,0,0,10.939,23.51,1
1784878957.6566398,1482496370,A1850_B1850,1850,1850,0.85,0.85,1850,1850,1000,1000,0,0,0,0,10.888,23.45,1
1784878957.7024484,1482544284,A1850_B1850,1850,1850,0.85,0.85,1850,1850,1000,1000,0,0,0,0,10.888,23.45,1
1784878957.7553787,1482596694,A1850_B1850,1850,1850,0.85,0.85,1850,1850,1000,1000,0,0,0,0,11.029,23.65,1
1784878957.8023534,1482646114,A1850_B1850,1850,1850,0.85,0.85,1850,1850,1000,1000,0,0,0,0,11.029,23.65,1
1784878957.855077,1482697074,A1850_B1850,1850,1850,0.85,0.85,1850,1850,1000,1000,0,0,0,0,10.914,23.44,1
1784878957.9050376,1482746502,A1850_B1850,1850,1850,0.85,0.85,1850,1850,1000,1000,0,0,0,0,10.914,23.44,1
1784878957.9561234,1482794427,A1850_B1850,1850,1850,0.85,0.85,1850,1850,1000,1000,0,0,0,0,10.862,23.4,1
1784878958.004865,1482846825,A1850_B1850,1850,1850,0.85,0.85,1850,1850,1000,1000,0,0,0,0,10.862,23.4,1
1784878958.0570762,1482896238,A1850_B1850,1850,1850,0.85,0.85,1850,1850,1000,1000,0,0,0,0,11.141,23.67,1
1784878958.1047616,1482948611,A1850_B1850,1850,1850,0.85,0.85,1850,1850,1000,1000,0,0,0,0,11.141,23.67,1
1784878958.1554687,1482996579,A1850_B1850,1850,1850,0.85,0.85,1850,1850,1000,1000,0,0,0,0,11.083,23.49,1
1784878958.2024028,1483044494,A1850_B1850,1850,1850,0.85,0.85,1850,1850,1000,1000,0,0,0,0,11.083,23.49,1
1784878958.2550871,1483096862,A1850_B1850,1850,1850,0.85,0.85,1850,1850,1000,1000,0,0,0,0,10.941,23.55,1
1784878958.3048122,1483146336,A1850_B1850,1850,1850,0.85,0.85,1850,1850,1000,1000,0,0,0,0,10.941,23.55,1
1784878958.3545933,1483195730,A1850_B1850,1850,1850,0.85,0.85,1850,1850,1000,1000,0,0,0,0,10.941,23.46,1
1784878958.4047694,1483248118,A1850_B1850,1850,1850,0.85,0.85,1850,1850,1000,1000,0,0,0,0,10.941,23.46,1
1784878958.4536605,1483296081,A1850_B1850,1850,1850,0.85,0.85,1850,1850,1000,1000,0,0,0,0,11.066,23.56,1
1784878958.5038157,1483345456,A1850_B1850,1850,1850,0.85,0.85,1850,1850,1000,1000,0,0,0,0,11.066,23.56,1
1784878958.557788,1483397911,A1850_B1850,1850,1850,0.85,0.85,1850,1850,1000,1000,0,0,0,0,10.912,23.46,1
1784878958.602407,1483445898,A1850_B1850,1850,1850,0.85,0.85,1850,1850,1000,1000,0,0,0,0,10.912,23.46,1
1784878958.6571229,1483498250,A1850_B1850,1850,1850,0.85,0.85,1850,1850,1000,1000,0,0,0,0,10.904,23.41,1
1784878958.7026217,1483546118,A1850_B1850,1850,1850,0.85,0.85,1850,1850,1000,1000,0,0,0,0,10.904,23.41,1
1784878958.755468,1483595584,A1850_B1850,1850,1850,0.85,0.85,1850,1850,1000,1000,0,0,0,0,11.01,23.68,1
1784878958.8047972,1483647998,A1850_B1850,1850,1850,0.85,0.85,1850,1850,1000,1000,0,0,0,0,11.01,23.68,1
1784878958.8537076,1483695876,A1850_B1850,1850,1850,0.85,0.85,1850,1850,1000,1000,0,0,0,0,10.934,23.44,1
1784878958.9037793,1483745341,A1850_B1850,1850,1850,0.85,0.85,1850,1850,1000,1000,0,0,0,0,10.934,23.44,1
1784878958.9559386,1483796204,A1850_B1850,1850,1850,0.85,0.85,1850,1850,1000,1000,0,0,0,0,11.024,23.62,1
1784878959.0038223,1483845630,A1850_B1850,1850,1850,0.85,0.85,1850,1850,1000,1000,0,0,0,0,11.024,23.62,1
1784878959.0571072,1483898040,A1850_B1850,1850,1850,0.85,0.85,1850,1850,1000,1000,0,0,0,0,10.888,23.7,1
1784878959.1024168,1483945958,A1850_B1850,1850,1850,0.85,0.85,1850,1850,1000,1000,0,0,0,0,10.888,23.7,1
1784878959.1554272,1483995376,A1850_B1850,1850,1850,0.85,0.85,1850,1850,1000,1000,0,0,0,0,11.003,23.61,1
1784878959.2048078,1484047784,A1850_B1850,1850,1850,0.85,0.85,1850,1850,1000,1000,0,0,0,0,11.003,23.61,1
1784878959.2536867,1484095707,A1850_B1850,1850,1850,0.85,0.85,1850,1850,1000,1000,0,0,0,0,10.972,23.52,1
1784878959.3040166,1484145131,A1850_B1850,1850,1850,0.85,0.85,1850,1850,1000,1000,0,0,0,0,10.972,23.52,1
1784878959.3583205,1484196043,A1850_B1850,1850,1850,0.85,0.85,1850,1850,1000,1000,0,0,0,0,10.916,23.53,1
1784878959.4038033,1484247020,A1850_B1850,1850,1850,0.85,0.85,1850,1850,1000,1000,0,0,0,0,10.916,23.53,1
1784878959.4536953,1484296379,A1850_B1850,1850,1850,0.85,0.85,1850,1850,1000,1000,0,0,0,0,11.041,23.57,1
1784878959.5024989,1484344350,A1850_B1850,1850,1850,0.85,0.85,1850,1850,1000,1000,0,0,0,0,11.041,23.57,1
1784878959.5573192,1484396753,A1850_B1850,1850,1850,0.85,0.85,1850,1850,1000,1000,0,0,0,0,10.975,23.63,1
1784878959.6040971,1484447629,A1850_B1850,1850,1850,0.85,0.85,1850,1850,1000,1000,0,0,0,0,10.975,23.63,1
1784878959.655144,1484497042,A1850_B1850,1850,1850,0.85,0.85,1850,1850,1000,1000,0,0,0,0,10.927,23.59,1
1784878959.7048202,1484546522,A1850_B1850,1850,1850,0.85,0.85,1850,1850,1000,1000,0,0,0,0,10.927,23.59,1
1784878959.7554376,1484597373,A1850_B1850,1850,1850,0.85,0.85,1850,1850,1000,1000,0,0,0,0,10.886,23.39,1
1784878959.8048148,1484646807,A1850_B1850,1850,1850,0.85,0.85,1850,1850,1000,1000,0,0,0,0,10.886,23.39,1
1784878959.85727,1484696255,A1850_B1850,1850,1850,0.85,0.85,1850,1850,1000,1000,0,0,0,0,10.858,23.38,1
1784878959.9038281,1484747129,A1850_B1850,1850,1850,0.85,0.85,1850,1850,1000,1000,0,0,0,0,10.858,23.38,1
1784878959.9593186,1484796548,A1850_B1850,1850,1850,0.85,0.85,1850,1850,1000,1000,0,0,0,0,10.908,23.43,1
1784878960.002998,1484844477,A1850_B1850,1850,1850,0.85,0.85,1850,1850,1000,1000,0,0,0,0,10.908,23.43,1
1784878960.055175,1484896881,A1850_B1850,1850,1850,0.85,0.85,1850,1850,1000,1000,0,0,0,0,10.934,23.47,1
1784878960.1048875,1484946297,A1850_B1850,1850,1850,0.85,0.85,1850,1850,1000,1000,0,0,0,0,10.934,23.47,1
1784878960.1540499,1484994218,A1850_B1850,1850,1850,0.85,0.85,1850,1850,1000,1000,0,0,0,0,10.878,23.29,1
1784878960.2049391,1485046682,A1850_B1850,1850,1850,0.85,0.85,1850,1850,1000,1000,0,0,0,0,10.878,23.29,1
1784878960.2537172,1485094554,A1850_B1850,1850,1850,0.85,0.85,1850,1850,1000,1000,0,0,0,0,11.065,23.52,1
1784878960.3038235,1485146976,A1850_B1850,1850,1850,0.85,0.85,1850,1850,1000,1000,0,0,0,0,11.065,23.52,1
1784878960.3573973,1485196383,A1850_B1850,1850,1850,0.85,0.85,1850,1850,1000,1000,0,0,0,0,11.036,23.61,1
1784878960.4024525,1485245798,A1850_B1850,1850,1850,0.85,0.85,1850,1850,1000,1000,0,0,0,0,11.036,23.61,1
1784878960.455475,1485295270,A1850_B1850,1850,1850,0.85,0.85,1850,1850,1000,1000,0,0,0,0,10.987,24.09,1
1784878960.5048714,1485347675,A1850_B1850,1850,1850,0.85,0.85,1850,1850,1000,1000,0,0,0,0,10.987,24.09,1
1784878960.5558968,1485395551,A1850_B1850,1850,1850,0.85,0.85,1850,1850,1000,1000,0,0,0,0,10.979,23.54,1
1784878960.6048322,1485448077,A1850_B1850,1850,1850,0.85,0.85,1850,1850,1000,1000,0,0,0,0,10.979,23.54,1
1784878960.6538353,1485495887,A1850_B1850,1850,1850,0.85,0.85,1850,1850,1000,1000,0,0,0,0,10.974,23.55,1
1784878960.7039597,1485545330,A1850_B1850,1850,1850,0.85,0.85,1850,1850,1000,1000,0,0,0,0,10.974,23.55,1
1784878960.756098,1485597722,A1850_B1850,1850,1850,0.85,0.85,1850,1850,1000,1000,0,0,0,0,10.893,23.42,1
1784878960.8024614,1485645639,A1850_B1850,1850,1850,0.85,0.85,1850,1850,1000,1000,0,0,0,0,10.893,23.42,1
1784878960.8571374,1485698058,A1850_B1850,1850,1850,0.85,0.85,1850,1850,1000,1000,0,0,0,0,10.937,23.46,1
1784878960.902491,1485746041,A1850_B1850,1850,1850,0.85,0.85,1850,1850,1000,1000,0,0,0,0,10.937,23.46,1
1784878960.9592023,1485798386,A1850_B1850,1850,1850,0.85,0.85,1850,1850,1000,1000,0,0,0,0,11.064,23.74,1
1784878961.0025227,1485846322,A1850_B1850,1850,1850,0.85,0.85,1850,1850,1000,1000,0,0,0,0,11.064,23.74,1
1784878961.0551953,1485895730,A1850_B1850,1850,1850,0.85,0.85,1850,1850,1000,1000,0,0,0,0,10.925,23.44,1
1784878961.103852,1485945145,A1850_B1850,1850,1850,0.85,0.85,1850,1850,1000,1000,0,0,0,0,10.925,23.44,1
1784878961.154047,1485996061,A1850_B1850,1850,1850,0.85,0.85,1850,1850,1000,1000,0,0,0,0,10.891,23.32,1
1784878961.2024872,1486045479,A1850_B1850,1850,1850,0.85,0.85,1850,1850,1000,1000,0,0,0,0,10.891,23.32,1
1784878961.2572627,1486097889,A1850_B1850,1850,1850,0.85,0.85,1850,1850,1000,1000,0,0,0,0,10.974,23.51,1
1784878961.3025415,1486145805,A1850_B1850,1850,1850,0.85,0.85,1850,1850,1000,1000,0,0,0,0,10.974,23.51,1
1784878961.3554792,1486195269,A1850_B1850,1850,1850,0.85,0.85,1850,1850,1000,1000,0,0,0,0,11.07,23.46,1
1784878961.404893,1486247637,A1850_B1850,1850,1850,0.85,0.85,1850,1850,1000,1000,0,0,0,0,11.07,23.46,1
1784878961.4552534,1486297058,A1850_B1850,1850,1850,0.85,0.85,1850,1850,1000,1000,0,0,0,0,10.953,23.34,1
1784878961.5049183,1486346479,A1850_B1850,1850,1850,0.85,0.85,1850,1850,1000,1000,0,0,0,0,10.953,23.34,1
1784878961.5539782,1486394402,A1850_B1850,1850,1850,0.85,0.85,1850,1850,1000,1000,0,0,0,0,10.941,23.4,1
1784878961.603877,1486446809,A1850_B1850,1850,1850,0.85,0.85,1850,1850,1000,1000,0,0,0,0,10.941,23.4,1
1784878961.6538072,1486494732,A1850_B1850,1850,1850,0.85,0.85,1850,1850,1000,1000,0,0,0,0,11.055,23.65,1
1784878961.7038682,1486547143,A1850_B1850,1850,1850,0.85,0.85,1850,1850,1000,1000,0,0,0,0,11.055,23.65,1
1784878961.757356,1486596564,A1850_B1850,1850,1850,0.85,0.85,1850,1850,1000,1000,0,0,0,0,11.028,23.74,1
1784878961.8031714,1486647480,A1850_B1850,1850,1850,0.85,0.85,1850,1850,1000,1000,0,0,0,0,11.028,23.74,1
1784878961.8552296,1486696890,A1850_B1850,1850,1850,0.85,0.85,1850,1850,1000,1000,0,0,0,0,10.947,23.47,1
1784878961.9055898,1486749310,A1850_B1850,1850,1850,0.85,0.85,1850,1850,1000,1000,0,0,0,0,10.947,23.47,1
1784878961.9562385,1486794238,A1850_B1850,1850,1850,0.85,0.85,1850,1850,1000,1000,0,0,0,0,10.907,23.44,1
1784878962.0039592,1486846645,A1850_B1850,1850,1850,0.85,0.85,1850,1850,1000,1000,0,0,0,0,10.907,23.44,1
1784878962.0572999,1486897606,A1850_B1850,1850,1850,0.85,0.85,1850,1850,1000,1000,0,0,0,0,11.072,23.4,1
1784878962.1025565,1486943993,A1850_B1850,1850,1850,0.85,0.85,1850,1850,1000,1000,0,0,0,0,11.072,23.4,1
1784878962.15738,1486997895,A1850_B1850,1850,1850,0.85,0.85,1850,1850,1000,1000,0,0,0,0,10.95,23.52,1
1784878962.2025065,1487044356,A1850_B1850,1850,1850,0.85,0.85,1850,1850,1000,1000,0,0,0,0,10.95,23.52,1
1784878962.2555122,1487096810,A1850_B1850,1850,1850,0.85,0.85,1850,1850,1000,1000,0,0,0,0,10.913,23.42,1
1784878962.3025012,1487144699,A1850_B1850,1850,1850,0.85,0.85,1850,1850,1000,1000,0,0,0,0,10.913,23.42,1
1784878962.3573794,1487197113,A1850_B1850,1850,1850,0.85,0.85,1850,1850,1000,1000,0,0,0,0,10.853,22.99,1
1784878962.4040005,1487246482,A1850_B1850,1850,1850,0.85,0.85,1850,1850,1000,1000,0,0,0,0,10.853,22.99,1
1784878962.4538248,1487295898,A1850_B1850,1850,1850,0.85,0.85,1850,1850,1000,1000,0,0,0,0,11.009,23.56,1
1784878962.5039196,1487345323,A1850_B1850,1850,1850,0.85,0.85,1850,1850,1000,1000,0,0,0,0,11.009,23.56,1
1784878962.557502,1487396236,A1850_B1850,1850,1850,0.85,0.85,1850,1850,1000,1000,0,0,0,0,10.945,23.51,1
1784878962.6040595,1487445653,A1850_B1850,1850,1850,0.85,0.85,1850,1850,1000,1000,0,0,0,0,10.945,23.51,1
1784878962.6575756,1487498069,A1850_B1850,1850,1850,0.85,0.85,1850,1850,1000,1000,0,0,0,0,11.031,23.37,1
1784878962.703084,1487545988,A1850_B1850,1850,1850,0.85,0.85,1850,1850,1000,1000,0,0,0,0,11.031,23.37,1
1784878962.7574244,1487598398,A1850_B1850,1850,1850,0.85,0.85,1850,1850,1000,1000,0,0,0,0,10.944,23.72,1
1784878962.8025188,1487646363,A1850_B1850,1850,1850,0.85,0.85,1850,1850,1000,1000,0,0,0,0,10.944,23.72,1
1784878962.8552308,1487695735,A1850_B1850,1850,1850,0.85,0.85,1850,1850,1000,1000,0,0,0,0,10.991,23.57,1
1784878962.904909,1487748194,A1850_B1850,1850,1850,0.85,0.85,1850,1850,1000,1000,0,0,0,0,10.991,23.57,1
1784878962.9593925,1487796213,A1850_B1850,1850,1850,0.85,0.85,1850,1850,1000,1000,0,0,0,0,10.88,23.51,1
1784878963.0039482,1487845491,A1850_B1850,1850,1850,0.85,0.85,1850,1850,1000,1000,0,0,0,0,10.88,23.51,1
1784878963.057214,1487897901,A1850_B1850,1850,1850,0.85,0.85,1850,1850,1000,1000,0,0,0,0,10.931,23.46,1
1784878963.102511,1487945865,A1850_B1850,1850,1850,0.85,0.85,1850,1850,1000,1000,0,0,0,0,10.931,23.46,1
1784878963.155542,1487996739,A1850_B1850,1850,1850,0.85,0.85,1850,1850,1000,1000,0,0,0,0,11.023,23.7,1
1784878963.2025177,1488046182,A1850_B1850,1850,1850,0.85,0.85,1850,1850,1000,1000,0,0,0,0,11.023,23.7,1
1784878963.2554443,1488095620,A1850_B1850,1850,1850,0.85,0.85,1850,1850,1000,1000,0,0,0,0,10.991,23.62,1
1784878963.3049328,1488148044,A1850_B1850,1850,1850,0.85,0.85,1850,1850,1000,1000,0,0,0,0,10.991,23.62,1
1784878963.3541353,1488195912,A1850_B1850,1850,1850,0.85,0.85,1850,1850,1000,1000,0,0,0,0,10.927,23.35,1
1784878963.4039688,1488246878,A1850_B1850,1850,1850,0.85,0.85,1850,1850,1000,1000,0,0,0,0,10.927,23.35,1
1784878963.4572423,1488297788,A1850_B1850,1850,1850,0.85,0.85,1850,1850,1000,1000,0,0,0,0,10.994,23.34,1
1784878963.504356,1488347154,A1850_B1850,1850,1850,0.85,0.85,1850,1850,1000,1000,0,0,0,0,10.994,23.34,1
1784878963.5574615,1488396574,A1850_B1850,1850,1850,0.85,0.85,1850,1850,1000,1000,0,0,0,0,10.928,23.52,1
1784878963.602534,1488444497,A1850_B1850,1850,1850,0.85,0.85,1850,1850,1000,1000,0,0,0,0,10.928,23.52,1
1784878963.6553104,1488496913,A1850_B1850,1850,1850,0.85,0.85,1850,1850,1000,1000,0,0,0,0,10.903,23.35,1
1784878963.7049499,1488547821,A1850_B1850,1850,1850,0.85,0.85,1850,1850,1000,1000,0,0,0,0,10.903,23.35,1
1784878963.754135,1488594247,A1850_B1850,1850,1850,0.85,0.85,1850,1850,1000,1000,0,0,0,0,10.903,23.35,1
1784878963.8049366,1488646661,A1850_B1850,1850,1850,0.85,0.85,1850,1850,1000,1000,0,0,0,0,10.903,23.35,1
1784878963.8540926,1488694624,A1850_B1850,1850,1850,0.85,0.85,1850,1850,1000,1000,0,0,0,0,11.051,23.65,1
1784878963.9047465,1488747045,A1850_B1850,1850,1850,0.85,0.85,1850,1850,1000,1000,0,0,0,0,11.051,23.65,1
1784878963.957876,1488797912,A1850_B1850,1850,1850,0.85,0.85,1850,1850,1000,1000,0,0,0,0,11.007,23.69,1
1784878964.0026329,1488844384,A1850_B1850,1850,1850,0.85,0.85,1850,1850,1000,1000,0,0,0,0,11.007,23.69,1
1784878964.0552917,1488896815,A1850_B1850,1850,1850,0.85,0.85,1850,1850,1000,1000,0,0,0,0,10.925,23.52,1
1784878964.1025467,1488944670,A1850_B1850,1850,1850,0.85,0.85,1850,1850,1000,1000,0,0,0,0,10.925,23.52,1
1784878964.155579,1488997073,A1850_B1850,1850,1850,0.85,0.85,1850,1850,1000,1000,0,0,0,0,10.945,23.54,1
1784878964.2050037,1489047995,A1850_B1850,1850,1850,0.85,0.85,1850,1850,1000,1000,0,0,0,0,10.945,23.54,1
1784878964.253862,1489094417,A1850_B1850,1850,1850,0.85,0.85,1850,1850,1000,1000,0,0,0,0,10.964,23.57,1
1784878964.30501,1489146831,A1850_B1850,1850,1850,0.85,0.85,1850,1850,1000,1000,0,0,0,0,10.964,23.57,1
1784878964.354159,1489194750,A1850_B1850,1850,1850,0.85,0.85,1850,1850,1000,1000,0,0,0,0,10.921,23.42,1
1784878964.403993,1489245665,A1850_B1850,1850,1850,0.85,0.85,1850,1850,1000,1000,0,0,0,0,10.921,23.42,1
1784878964.4590878,1489298079,A1850_B1850,1850,1850,0.85,0.85,1850,1850,1000,1000,0,0,0,0,10.941,23.48,1
1784878964.5026243,1489346049,A1850_B1850,1850,1850,0.85,0.85,1850,1850,1000,1000,0,0,0,0,10.941,23.48,1
1784878964.5555942,1489395418,A1850_B1850,1850,1850,0.85,0.85,1850,1850,1000,1000,0,0,0,0,10.888,23.44,1
1784878964.604969,1489446330,A1850_B1850,1850,1850,0.85,0.85,1850,1850,1000,1000,0,0,0,0,10.888,23.44,1
1784878964.6538692,1489495801,A1850_B1850,1850,1850,0.85,0.85,1850,1850,1000,1000,0,0,0,0,10.941,23.52,1
1784878964.703982,1489546666,A1850_B1850,1850,1850,0.85,0.85,1850,1850,1000,1000,0,0,0,0,10.941,23.52,1
1784878964.7542148,1489596084,A1850_B1850,1850,1850,0.85,0.85,1850,1850,1000,1000,0,0,0,0,10.912,23.27,1
1784878964.8040285,1489645549,A1850_B1850,1850,1850,0.85,0.85,1850,1850,1000,1000,0,0,0,0,10.912,23.27,1
1784878964.8576808,1489697960,A1850_B1850,1850,1850,0.85,0.85,1850,1850,1000,1000,0,0,0,0,10.879,23.38,1
1784878964.9025915,1489745837,A1850_B1850,1850,1850,0.85,0.85,1850,1850,1000,1000,0,0,0,0,10.879,23.38,1
1784878964.9575708,1489796751,A1850_B1850,1850,1850,0.85,0.85,1850,1850,1000,1000,0,0,0,0,10.963,23.32,1
1784878965.0026038,1489846175,A1850_B1850,1850,1850,0.85,0.85,1850,1850,1000,1000,0,0,0,0,10.963,23.32,1
1784878965.0553844,1489895642,A1850_B1850,1850,1850,0.85,0.85,1850,1850,1000,1000,0,0,0,0,10.999,23.52,1
1784878965.104982,1489948002,A1850_B1850,1850,1850,0.85,0.85,1850,1850,1000,1000,0,0,0,0,10.999,23.52,1
1784878965.1541762,1489995921,A1850_B1850,1850,1850,0.85,0.85,1850,1850,1000,1000,0,0,0,0,10.82,23.45,1
1784878965.203982,1490046838,A1850_B1850,1850,1850,0.85,0.85,1850,1850,1000,1000,0,0,0,0,10.82,23.45,1
1784878965.2572749,1490096352,A1850_B1850,1850,1850,0.85,0.85,1850,1850,1000,1000,0,0,0,0,10.885,23.38,1
1784878965.304007,1490145671,A1850_B1850,1850,1850,0.85,0.85,1850,1850,1000,1000,0,0,0,0,10.885,23.38,1
1784878965.3541837,1490196594,A1850_B1850,1850,1850,0.85,0.85,1850,1850,1000,1000,0,0,0,0,10.992,23.48,1
1784878965.4040766,1490247504,A1850_B1850,1850,1850,0.85,0.85,1850,1850,1000,1000,0,0,0,0,10.992,23.48,1
1784878965.4540393,1490295423,A1850_B1850,1850,1850,0.85,0.85,1850,1850,1000,1000,0,0,0,0,10.977,23.54,1
1784878965.5050175,1490347834,A1850_B1850,1850,1850,0.85,0.85,1850,1850,1000,1000,0,0,0,0,10.977,23.54,1
1784878965.5557475,1490397249,A1850_B1850,1850,1850,0.85,0.85,1850,1850,1000,1000,0,0,0,0,10.932,23.45,1
1784878965.605451,1490448172,A1850_B1850,1850,1850,0.85,0.85,1850,1850,1000,1000,0,0,0,0,10.932,23.45,1
1784878965.654319,1490494605,A1850_B1850,1850,1850,0.85,0.85,1850,1850,1000,1000,0,0,0,0,11.033,23.51,1
1784878965.7051497,1490547058,A1850_B1850,1850,1850,0.85,0.85,1850,1850,1000,1000,0,0,0,0,11.033,23.51,1
1784878965.7573063,1490597924,A1850_B1850,1850,1850,0.85,0.85,1850,1850,1000,1000,0,0,0,0,10.952,23.58,1
1784878965.8034658,1490644345,A1850_B1850,1850,1850,0.85,0.85,1850,1850,1000,1000,0,0,0,0,10.952,23.58,1
1784878965.854889,1490696754,A1850_B1850,1850,1850,0.85,0.85,1850,1850,1000,1000,0,0,0,0,10.936,23.48,1
1784878965.9046078,1490747733,A1850_B1850,1850,1850,0.85,0.85,1850,1850,1000,1000,0,0,0,0,10.936,23.48,1
1784878965.9573715,1490797093,A1850_B1850,1850,1850,0.85,0.85,1850,1850,1000,1000,0,0,0,0,10.889,23.31,1
1784878966.0046556,1490848007,A1850_B1850,1850,1850,0.85,0.85,1850,1850,1000,1000,0,0,0,0,10.889,23.31,1
1784878966.054903,1490897423,A1850_B1850,1850,1850,0.85,0.85,1850,1850,1000,1000,0,0,0,0,10.966,23.28,1
1784878966.1046202,1490946840,A1850_B1850,1850,1850,0.85,0.85,1850,1850,1000,1000,0,0,0,0,10.966,23.28,1
1784878966.157102,1490997753,A1850_B1850,1850,1850,0.85,0.85,1850,1850,1000,1000,0,0,0,0,10.99,23.48,1
1784878966.2037492,1491047182,A1850_B1850,1850,1850,0.85,0.85,1850,1850,1000,1000,0,0,0,0,10.99,23.48,1
1784878966.257294,1491098143,A1850_B1850,1850,1850,0.85,0.85,1850,1850,1000,1000,0,0,0,0,10.953,23.52,1
1784878966.303779,1491147509,A1850_B1850,1850,1850,0.85,0.85,1850,1850,1000,1000,0,0,0,0,10.953,23.52,1
1784878966.3570974,1491196930,A1850_B1850,1850,1850,0.85,0.85,1850,1850,1000,1000,0,0,0,0,10.91,23.4,1
1784878966.404192,1491247888,A1850_B1850,1850,1850,0.85,0.85,1850,1850,1000,1000,0,0,0,0,10.91,23.4,1
1784878966.4539185,1491295760,A1850_B1850,1850,1850,0.85,0.85,1850,1850,1000,1000,0,0,0,0,10.964,23.52,1
1784878966.5036805,1491345229,A1850_B1850,1850,1850,0.85,0.85,1850,1850,1000,1000,0,0,0,0,10.964,23.52,1
1784878966.5582223,1491397640,A1850_B1850,1850,1850,0.85,0.85,1850,1850,1000,1000,0,0,0,0,10.96,23.43,1
1784878966.6037033,1491445517,A1850_B1850,1850,1850,0.85,0.85,1850,1850,1000,1000,0,0,0,0,10.96,23.43,1
1784878966.6569128,1491497932,A1850_B1850,1850,1850,0.85,0.85,1850,1850,1000,1000,0,0,0,0,10.924,23.43,1
1784878966.702632,1491545854,A1850_B1850,1850,1850,0.85,0.85,1850,1850,1000,1000,0,0,0,0,10.924,23.43,1
1784878966.7552443,1491595272,A1850_B1850,1850,1850,0.85,0.85,1850,1850,1000,1000,0,0,0,0,10.887,23.29,1
1784878966.8036432,1491647682,A1850_B1850,1850,1850,0.85,0.85,1850,1850,1000,1000,0,0,0,0,10.887,23.29,1
1784878966.8549254,1491695600,A1850_B1850,1850,1850,0.85,0.85,1850,1850,1000,1000,0,0,0,0,10.956,23.39,1
1784878966.902653,1491745108,A1850_B1850,1850,1850,0.85,0.85,1850,1850,1000,1000,0,0,0,0,10.956,23.39,1
1784878966.956186,1491795931,A1850_B1850,1850,1850,0.85,0.85,1850,1850,1000,1000,0,0,0,0,10.946,23.41,1
1784878967.0026703,1491845353,A1850_B1850,1850,1850,0.85,0.85,1850,1850,1000,1000,0,0,0,0,10.946,23.41,1
1784878967.0569224,1491897787,A1850_B1850,1850,1850,0.85,0.85,1850,1850,1000,1000,0,0,0,0,10.88,23.27,1
1784878967.1036544,1491945685,A1850_B1850,1850,1850,0.85,0.85,1850,1850,1000,1000,0,0,0,0,10.88,23.27,1
1784878967.1571827,1491998098,A1850_B1850,1850,1850,0.85,0.85,1850,1850,1000,1000,0,0,0,0,10.914,23.41,1
1784878967.2026453,1492046017,A1850_B1850,1850,1850,0.85,0.85,1850,1850,1000,1000,0,0,0,0,10.914,23.41,1
1784878967.2549374,1492095433,A1850_B1850,1850,1850,0.85,0.85,1850,1850,1000,1000,0,0,0,0,10.893,23.37,1
1784878967.304707,1492147845,A1850_B1850,1850,1850,0.85,0.85,1850,1850,1000,1000,0,0,0,0,10.893,23.37,1
1784878967.3542693,1492195776,A1850_B1850,1850,1850,0.85,0.85,1850,1850,1000,1000,0,0,0,0,10.915,23.43,1
1784878967.4043643,1492245187,A1850_B1850,1850,1850,0.85,0.85,1850,1850,1000,1000,0,0,0,0,10.915,23.43,1
1784878967.453962,1492296154,A1850_B1850,1850,1850,0.85,0.85,1850,1850,1000,1000,0,0,0,0,10.975,23.28,1
1784878967.5036967,1492347014,A1850_B1850,1850,1850,0.85,0.85,1850,1850,1000,1000,0,0,0,0,10.975,23.28,1
1784878967.5571527,1492396482,A1850_B1850,1850,1850,0.85,0.85,1850,1850,1000,1000,0,0,0,0,10.987,23.62,1
1784878967.6037645,1492445916,A1850_B1850,1850,1850,0.85,0.85,1850,1850,1000,1000,0,0,0,0,10.987,23.62,1
1784878967.654977,1492496766,A1850_B1850,1850,1850,0.85,0.85,1850,1850,1000,1000,0,0,0,0,10.998,23.41,1
1784878967.70473,1492546193,A1850_B1850,1850,1850,0.85,0.85,1850,1850,1000,1000,0,0,0,0,10.998,23.41,1
1784878967.7570179,1492597188,A1850_B1850,1850,1850,0.85,0.85,1850,1850,1000,1000,0,0,0,0,10.945,23.48,1
1784878967.8027706,1492646545,A1850_B1850,1850,1850,0.85,0.85,1850,1850,1000,1000,0,0,0,0,10.945,23.48,1
1784878967.8550494,1492695938,A1850_B1850,1850,1850,0.85,0.85,1850,1850,1000,1000,0,0,0,0,10.937,23.44,1
1784878967.903667,1492746851,A1850_B1850,1850,1850,0.85,0.85,1850,1850,1000,1000,0,0,0,0,10.937,23.44,1
1784878967.9591615,1492796272,A1850_B1850,1850,1850,0.85,0.85,1850,1850,1000,1000,0,0,0,0,10.953,23.57,1
1784878968.0027602,1492844194,A1850_B1850,1850,1850,0.85,0.85,1850,1850,1000,1000,0,0,0,0,10.953,23.57,1
1784878968.0551069,1492896604,A1850_B1850,1850,1850,0.85,0.85,1850,1850,1000,1000,0,0,0,0,10.92,23.39,1
1784878968.1026795,1492946019,A1850_B1850,1850,1850,0.85,0.85,1850,1850,1000,1000,0,0,0,0,10.92,23.39,1
1784878968.1555347,1492996945,A1850_B1850,1850,1850,0.85,0.85,1850,1850,1000,1000,0,0,0,0,10.891,23.31,1
1784878968.204713,1493046367,A1850_B1850,1850,1850,0.85,0.85,1850,1850,1000,1000,0,0,0,0,10.891,23.31,1
1784878968.2541528,1493094279,A1850_B1850,1850,1850,0.85,0.85,1850,1850,1000,1000,0,0,0,0,10.968,23.54,1
1784878968.3036907,1493146695,A1850_B1850,1850,1850,0.85,0.85,1850,1850,1000,1000,0,0,0,0,10.968,23.54,1
1784878968.354274,1493196107,A1850_B1850,1850,1850,0.85,0.85,1850,1850,1000,1000,0,0,0,0,10.872,23.55,1
1784878968.4036782,1493247067,A1850_B1850,1850,1850,0.85,0.85,1850,1850,1000,1000,0,0,0,0,10.872,23.55,1
1784878968.4573276,1493297941,A1850_B1850,1850,1850,0.85,0.85,1850,1850,1000,1000,0,0,0,0,10.84,23.44,1
1784878968.5027354,1493345859,A1850_B1850,1850,1850,0.85,0.85,1850,1850,1000,1000,0,0,0,0,10.84,23.44,1
1784878968.5553105,1493395276,A1850_B1850,1850,1850,0.85,0.85,1850,1850,1000,1000,0,0,0,0,10.97,23.35,1
1784878968.6047847,1493447692,A1850_B1850,1850,1850,0.85,0.85,1850,1850,1000,1000,0,0,0,0,10.97,23.35,1
1784878968.654997,1493495612,A1850_B1850,1850,1850,0.85,0.85,1850,1850,1000,1000,0,0,0,0,10.933,23.44,1
1784878968.7053642,1493548024,A1850_B1850,1850,1850,0.85,0.85,1850,1850,1000,1000,0,0,0,0,10.933,23.44,1
1784878968.7543027,1493595953,A1850_B1850,1850,1850,0.85,0.85,1850,1850,1000,1000,0,0,0,0,10.888,23.25,1
1784878968.8047075,1493648358,A1850_B1850,1850,1850,0.85,0.85,1850,1850,1000,1000,0,0,0,0,10.888,23.25,1
1784878968.8550582,1493697778,A1850_B1850,1850,1850,0.85,0.85,1850,1850,1000,1000,0,0,0,0,10.867,23.26,1
1784878968.9027035,1493745697,A1850_B1850,1850,1850,0.85,0.85,1850,1850,1000,1000,0,0,0,0,10.867,23.26,1
1784878968.9572582,1493795120,A1850_B1850,1850,1850,0.85,0.85,1850,1850,1000,1000,0,0,0,0,10.994,23.47,1
1784878969.0028498,1493846089,A1850_B1850,1850,1850,0.85,0.85,1850,1850,1000,1000,0,0,0,0,10.994,23.47,1
1784878969.0550168,1493895454,A1850_B1850,1850,1850,0.85,0.85,1850,1850,1000,1000,0,0,0,0,10.901,23.35,1
1784878969.1037443,1493944868,A1850_B1850,1850,1850,0.85,0.85,1850,1850,1000,1000,0,0,0,0,10.901,23.35,1
1784878969.1571817,1493997280,A1850_B1850,1850,1850,0.85,0.85,1850,1850,1000,1000,0,0,0,0,10.851,23.32,1
1784878969.2047043,1494048244,A1850_B1850,1850,1850,0.85,0.85,1850,1850,1000,1000,0,0,0,0,10.851,23.32,1
1784878969.2548234,1494097618,A1850_B1850,1850,1850,0.85,0.85,1850,1850,1000,1000,0,0,0,0,10.962,23.51,1
1784878969.3034706,1494145577,A1850_B1850,1850,1850,0.85,0.85,1850,1850,1000,1000,0,0,0,0,10.962,23.51,1
1784878969.3571925,1494197996,A1850_B1850,1850,1850,0.85,0.85,1850,1850,1000,1000,0,0,0,0,11.033,23.4,1
1784878969.402745,1494245942,A1850_B1850,1850,1850,0.85,0.85,1850,1850,1000,1000,0,0,0,0,11.033,23.4,1
1784878969.457037,1494298277,A1850_B1850,1850,1850,0.85,0.85,1850,1850,1000,1000,0,0,0,0,10.967,23.39,1
1784878969.5047488,1494346209,A1850_B1850,1850,1850,0.85,0.85,1850,1850,1000,1000,0,0,0,0,10.967,23.39,1
1784878969.5553887,1494397110,A1850_B1850,1850,1850,0.85,0.85,1850,1850,1000,1000,0,0,0,0,10.956,23.48,1
1784878969.6048183,1494446535,A1850_B1850,1850,1850,0.85,0.85,1850,1850,1000,1000,0,0,0,0,10.956,23.48,1
1784878969.654085,1494494457,A1850_B1850,1850,1850,0.85,0.85,1850,1850,1000,1000,0,0,0,0,10.91,23.57,1
1784878969.7037158,1494546861,A1850_B1850,1850,1850,0.85,0.85,1850,1850,1000,1000,0,0,0,0,10.91,23.57,1
1784878969.7542987,1494596286,A1850_B1850,1850,1850,0.85,0.85,1850,1850,1000,1000,0,0,0,0,10.958,23.44,1
1784878969.8037438,1494647242,A1850_B1850,1850,1850,0.85,0.85,1850,1850,1000,1000,0,0,0,0,10.958,23.44,1
1784878969.8569894,1494696615,A1850_B1850,1850,1850,0.85,0.85,1850,1850,1000,1000,0,0,0,0,10.859,23.23,1
1784878969.9033284,1494746038,A1850_B1850,1850,1850,0.85,0.85,1850,1850,1000,1000,0,0,0,0,10.859,23.23,1
1784878969.9574747,1494796999,A1850_B1850,1850,1850,0.85,0.85,1850,1850,1000,1000,0,0,0,0,10.91,23.38,1
1784878970.0037913,1494846372,A1850_B1850,1850,1850,0.85,0.85,1850,1850,1000,1000,0,0,0,0,10.91,23.38,1
1784878970.0550032,1494897315,A1850_B1850,1850,1850,0.85,0.85,1850,1850,1000,1000,0,0,0,0,10.927,23.5,1
1784878970.1047642,1494946745,A1850_B1850,1850,1850,0.85,0.85,1850,1850,1000,1000,0,0,0,0,10.927,23.5,1
1784878970.1542997,1494996117,A1850_B1850,1850,1850,0.85,0.85,1850,1850,1000,1000,0,0,0,0,10.95,23.49,1
1784878970.2036724,1495047033,A1850_B1850,1850,1850,0.85,0.85,1850,1850,1000,1000,0,0,0,0,10.95,23.49,1
1784878970.2569103,1495096496,A1850_B1850,1850,1850,0.85,0.85,1850,1850,1000,1000,0,0,0,0,10.916,23.43,1
1784878970.3027031,1495144381,A1850_B1850,1850,1850,0.85,0.85,1850,1850,1000,1000,0,0,0,0,10.916,23.43,1
1784878970.3575745,1495196785,A1850_B1850,1850,1850,0.85,0.85,1850,1850,1000,1000,0,0,0,0,10.886,23.35,1
1784878970.4027016,1495246249,A1850_B1850,1850,1850,0.85,0.85,1850,1850,1000,1000,0,0,0,0,10.886,23.35,1
1784878970.4571316,1495298778,A1850_B1850,1850,1850,0.85,0.85,1850,1850,1000,1000,0,0,0,0,10.895,23.35,1
1784878970.5046875,1495348038,A1850_B1850,1850,1850,0.85,0.85,1850,1850,1000,1000,0,0,0,0,10.895,23.35,1
1784878970.5542164,1495396010,A1850_B1850,1850,1850,0.85,0.85,1850,1850,1000,1000,0,0,0,0,10.99,23.45,1
1784878970.603617,1495445378,A1850_B1850,1850,1850,0.85,0.85,1850,1850,1000,1000,0,0,0,0,10.99,23.45,1
1784878970.656956,1495497783,A1850_B1850,1850,1850,0.85,0.85,1850,1850,1000,1000,0,0,0,0,10.955,23.49,1
1784878970.7026625,1495545784,A1850_B1850,1850,1850,0.85,0.85,1850,1850,1000,1000,0,0,0,0,10.955,23.49,1
1784878970.7570736,1495598161,A1850_B1850,1850,1850,0.85,0.85,1850,1850,1000,1000,0,0,0,0,10.945,23.34,1
1784878970.8025708,1495646050,A1850_B1850,1850,1850,0.85,0.85,1850,1850,1000,1000,0,0,0,0,10.945,23.34,1
1784878970.8548534,1495695502,A1850_B1850,1850,1850,0.85,0.85,1850,1850,1000,1000,0,0,0,0,10.927,23.44,1
1784878970.9045548,1495747918,A1850_B1850,1850,1850,0.85,0.85,1850,1850,1000,1000,0,0,0,0,10.927,23.44,1
1784878970.959128,1495797290,A1850_B1850,1850,1850,0.85,0.85,1850,1850,1000,1000,0,0,0,0,10.959,23.22,1
1784878971.004603,1495848208,A1850_B1850,1850,1850,0.85,0.85,1850,1850,1000,1000,0,0,0,0,10.959,23.22,1
1784878971.05382,1495896129,A1850_B1850,1850,1850,0.85,0.85,1850,1850,1000,1000,0,0,0,0,10.847,23.26,1
1784878971.1035123,1495945577,A1850_B1850,1850,1850,0.85,0.85,1850,1850,1000,1000,0,0,0,0,10.847,23.26,1
1784878971.1569455,1495997966,A1850_B1850,1850,1850,0.85,0.85,1850,1850,1000,1000,0,0,0,0,10.993,23.56,1
1784878971.202468,1496045875,A1850_B1850,1850,1850,0.85,0.85,1850,1850,1000,1000,0,0,0,0,10.993,23.56,1
1784878971.253988,1496095293,A1850_B1850,1850,1850,0.85,0.85,1850,1850,1000,1000,0,0,0,0,10.868,23.33,1
1784878971.303698,1496147735,A1850_B1850,1850,1850,0.85,0.85,1850,1850,1000,1000,0,0,0,0,10.868,23.33,1
1784878971.355167,1496195635,A1850_B1850,1850,1850,0.85,0.85,1850,1850,1000,1000,0,0,0,0,10.881,23.25,1
1784878971.4045386,1496248089,A1850_B1850,1850,1850,0.85,0.85,1850,1850,1000,1000,0,0,0,0,10.881,23.25,1
1784878971.4542315,1496295972,A1850_B1850,1850,1850,0.85,0.85,1850,1850,1000,1000,0,0,0,0,10.931,23.28,1
1784878971.5034826,1496346919,A1850_B1850,1850,1850,0.85,0.85,1850,1850,1000,1000,0,0,0,0,10.931,23.28,1
1784878971.5569804,1496396289,A1850_B1850,1850,1850,0.85,0.85,1850,1850,1000,1000,0,0,0,0,10.992,23.57,1
1784878971.6024456,1496444263,A1850_B1850,1850,1850,0.85,0.85,1850,1850,1000,1000,0,0,0,0,10.992,23.57,1
1784878971.6567855,1496496681,A1850_B1850,1850,1850,0.85,0.85,1850,1850,1000,1000,0,0,0,0,10.91,23.35,1
1784878971.7023945,1496544552,A1850_B1850,1850,1850,0.85,0.85,1850,1850,1000,1000,0,0,0,0,10.91,23.35,1
1784878971.754966,1496596974,A1850_B1850,1850,1850,0.85,0.85,1850,1850,1000,1000,0,0,0,0,10.867,23.47,1
1784878971.8049014,1496646425,A1850_B1850,1850,1850,0.85,0.85,1850,1850,1000,1000,0,0,0,0,10.867,23.47,1
1784878971.853646,1496694296,A1850_B1850,1850,1850,0.85,0.85,1850,1850,1000,1000,0,0,0,0,10.847,23.29,1
1784878971.9045932,1496746790,A1850_B1850,1850,1850,0.85,0.85,1850,1850,1000,1000,0,0,0,0,10.847,23.29,1
1784878971.956868,1496796175,A1850_B1850,1850,1850,0.85,0.85,1850,1850,1000,1000,0,0,0,0,10.869,23.36,1
1784878972.004364,1496847045,A1850_B1850,1850,1850,0.85,0.85,1850,1850,1000,1000,0,0,0,0,10.869,23.36,1
1784878972.05363,1496896464,A1850_B1850,1850,1850,0.85,0.85,1850,1850,1000,1000,0,0,0,0,10.914,23.37,1
1784878972.1033187,1496947380,A1850_B1850,1850,1850,0.85,0.85,1850,1850,1000,1000,0,0,0,0,10.914,23.37,1
1784878972.1567724,1496996794,A1850_B1850,1850,1850,0.85,0.85,1850,1850,1000,1000,0,0,0,0,10.889,23.35,1
1784878972.203314,1497046220,A1850_B1850,1850,1850,0.85,0.85,1850,1850,1000,1000,0,0,0,0,10.889,23.35,1
1784878972.2545726,1497097126,A1850_B1850,1850,1850,0.85,0.85,1850,1850,1000,1000,0,0,0,0,10.943,23.39,1
1784878972.3033578,1497146580,A1850_B1850,1850,1850,0.85,0.85,1850,1850,1000,1000,0,0,0,0,10.943,23.39,1
1784878972.3548675,1497197459,A1850_B1850,1850,1850,0.85,0.85,1850,1850,1000,1000,0,0,0,0,10.96,23.22,1
1784878972.403259,1497246876,A1850_B1850,1850,1850,0.85,0.85,1850,1850,1000,1000,0,0,0,0,10.96,23.22,1
1784878972.4536564,1497296296,A1850_B1850,1850,1850,0.85,0.85,1850,1850,1000,1000,0,0,0,0,11.038,23.4,1
1784878972.5022578,1497345723,A1850_B1850,1850,1850,0.85,0.85,1850,1850,1000,1000,0,0,0,0,11.038,23.4,1
1784878972.5548413,1497398161,A1850_B1850,1850,1850,0.85,0.85,1850,1850,1000,1000,0,0,0,0,10.97,23.32,1
1784878972.6032133,1497447598,A1850_B1850,1850,1850,0.85,0.85,1850,1850,1000,1000,0,0,0,0,10.97,23.32,1
1784878972.6545026,1497495472,A1850_B1850,1850,1850,0.85,0.85,1850,1850,1000,1000,0,0,0,0,10.941,23.29,1
1784878972.7042735,1497547883,A1850_B1850,1850,1850,0.85,0.85,1850,1850,1000,1000,0,0,0,0,10.941,23.29,1
1784878972.7537904,1497595797,A1850_B1850,1850,1850,0.85,0.85,1850,1850,1000,1000,0,0,0,0,10.943,23.46,1
1784878972.8033671,1497645225,A1850_B1850,1850,1850,0.85,0.85,1850,1850,1000,1000,0,0,0,0,10.943,23.46,1
1784878972.8573909,1497697635,A1850_B1850,1850,1850,0.85,0.85,1850,1850,1000,1000,0,0,0,0,10.98,23.28,1
1784878972.9031756,1497745555,A1850_B1850,1850,1850,0.85,0.85,1850,1850,1000,1000,0,0,0,0,10.98,23.28,1
1784878972.958354,1497797968,A1850_B1850,1850,1850,0.85,0.85,1850,1850,1000,1000,0,0,0,0,10.975,23.36,1
1784878973.0021937,1497845880,A1850_B1850,1850,1850,0.85,0.85,1850,1850,1000,1000,0,0,0,0,10.975,23.36,1
1784878973.0564525,1497898296,A1850_B1850,1850,1850,0.85,0.85,1850,1850,1000,1000,0,0,0,0,10.938,23.29,1
1784878973.1021414,1497946220,A1850_B1850,1850,1850,0.85,0.85,1850,1850,1000,1000,0,0,0,0,10.938,23.29,1
1784878973.1548922,1497995633,A1850_B1850,1850,1850,0.85,0.85,1850,1850,1000,1000,0,0,0,0,11.014,23.66,1
1784878973.2040956,1498048049,A1850_B1850,1850,1850,0.85,0.85,1850,1850,1000,1000,0,0,0,0,11.014,23.66,1
1784878973.2533789,1498095974,A1850_B1850,1850,1850,0.85,0.85,1850,1850,1000,1000,0,0,0,0,10.86,23.26,1
1784878973.3041503,1498148384,A1850_B1850,1850,1850,0.85,0.85,1850,1850,1000,1000,0,0,0,0,10.86,23.26,1
1784878973.3536608,1498196350,A1850_B1850,1850,1850,0.85,0.85,1850,1850,1000,1000,0,0,0,0,10.923,23.46,1
1784878973.4031298,1498245724,A1850_B1850,1850,1850,0.85,0.85,1850,1850,1000,1000,0,0,0,0,10.923,23.46,1
1784878973.4564314,1498298138,A1850_B1850,1850,1850,0.85,0.85,1850,1850,1000,1000,0,0,0,0,10.918,23.47,1
1784878973.5028465,1498347555,A1850_B1850,1850,1850,0.85,0.85,1850,1850,1000,1000,0,0,0,0,10.918,23.47,1
1784878973.5546446,1498396975,A1850_B1850,1850,1850,0.85,0.85,1850,1850,1000,1000,0,0,0,0,10.851,23.23,1
1784878973.6040244,1498446388,A1850_B1850,1850,1850,0.85,0.85,1850,1850,1000,1000,0,0,0,0,10.851,23.23,1
1784878973.653362,1498494308,A1850_B1850,1850,1850,0.85,0.85,1850,1850,1000,1000,0,0,0,0,10.909,23.27,1
1784878973.7030501,1498546723,A1850_B1850,1850,1850,0.85,0.85,1850,1850,1000,1000,0,0,0,0,10.909,23.27,1
1784878973.756678,1498597639,A1850_B1850,1850,1850,0.85,0.85,1850,1850,1000,1000,0,0,0,0,10.89,23.4,1
1784878973.8033504,1498647053,A1850_B1850,1850,1850,0.85,0.85,1850,1850,1000,1000,0,0,0,0,10.89,23.4,1
1784878973.8562214,1498696472,A1850_B1850,1850,1850,0.85,0.85,1850,1850,1000,1000,0,0,0,0,10.943,23.41,1
1784878973.901962,1498744394,A1850_B1850,1850,1850,0.85,0.85,1850,1850,1000,1000,0,0,0,0,10.943,23.41,1
1784878973.9567327,1498796805,A1850_B1850,1850,1850,0.85,0.85,1850,1850,1000,1000,0,0,0,0,10.948,23.48,1
