t_rel_s,t_epoch,phase,sweep_idx,a_cmd_us,b_cmd_us,servo1_raw,servo2_raw,voltage_v,current_a,power_w,Fx,Fy,Fz,Tx,Ty,Tz,thrust_N,torque_Nm,rpm
0.0,1784879854.98548,,,,,,,,,,-0.63317,0.11571,-0.05817,-0.00808,-0.04384,-0.00016,0.05817,-0.00016,44.0
0.02,1784879855.00548,,,,,,,,,,-0.29198,0.1219,0.04833,-0.00547,-0.02252,0.00052,-0.04833,0.00052,44.0
0.04,1784879855.02548,,,,,,,,,,0.13012,-0.00865,0.14676,-0.00021,0.00803,0.00207,-0.14676,0.00207,44.0
0.06,1784879855.04548,,,,,,,,,,0.37036,-0.24809,0.1228,0.01982,0.02587,-0.0029,-0.1228,-0.0029,44.0
0.08,1784879855.06548,,,,,,,,,,-0.2151,0.07789,-0.05274,-0.00085,-0.02129,-0.00061,0.05274,-0.00061,44.0
0.1,1784879855.08548,,,,,,,,,,0.60322,-0.12989,0.06991,0.01005,0.04764,0.00129,-0.06991,0.00129,44.0
0.12,1784879855.10548,,,,,,,,,,0.36213,-0.11115,0.09251,0.00618,0.03023,0.00075,-0.09251,0.00075,44.0
0.14,1784879855.12548,,,,,,,,,,-0.35242,0.15848,0.07299,-0.00737,-0.02764,-0.00025,-0.07299,-0.00025,44.0
0.16,1784879855.14548,,,,,,,,,,-0.04019,0.04955,0.18804,-0.00666,-0.00381,0.00029,-0.18804,0.00029,44.0
0.18,1784879855.16548,,,,,,,,,,-0.06329,0.13462,0.01514,-0.0125,-0.00613,0.00439,-0.01514,0.00439,44.0
0.2,1784879855.18548,,,,,,,,,,-0.04238,0.17847,-0.02527,-0.01143,-0.00842,0.00165,0.02527,0.00165,44.0
0.22,1784879855.20548,,,,,,,,,,0.12845,-0.01548,0.07349,0.0034,0.00829,-0.00025,-0.07349,-0.00025,44.0
0.24,1784879855.22548,,,,,,,,,,-0.32681,0.22099,-0.03797,-0.0173,-0.0249,0.00262,0.03797,0.00262,44.0
0.26,1784879855.24548,,,,,,,,,,0.38058,-0.07814,0.03462,0.00489,0.03138,0.00042,-0.03462,0.00042,44.0
0.28,1784879855.26548,,,,,,,,,,0.04581,-0.15944,0.11482,0.01115,0.00613,0.00029,-0.11482,0.00029,44.0
0.3,1784879855.28548,,,,,,,,,,0.12864,-0.03351,0.04035,-0.00114,0.01083,0.00284,-0.04035,0.00284,44.0
0.32,1784879855.30548,,,,,,,,,,-0.32003,-0.07449,0.09046,0.01405,-0.02732,-0.005,-0.09046,-0.005,44.0
0.34,1784879855.32548,,,,,,,,,,0.38754,-0.16375,0.10563,0.01947,0.0266,-0.00206,-0.10563,-0.00206,44.0
0.36,1784879855.34548,,,,,,,,,,0.36369,-0.11296,0.07573,0.00941,0.02745,0.00184,-0.07573,0.00184,44.0
0.38,1784879855.36548,,,,,,,,,,-0.40623,0.21724,0.00567,-0.01908,-0.03138,0.0002,-0.00567,0.0002,44.0
0.4,1784879855.38548,,,,,,,,,,-0.61137,0.12181,-0.0573,-0.00718,-0.0462,-0.00048,0.0573,-0.00048,44.0
0.42,1784879855.40548,,,,,,,,,,0.20883,-0.1476,-0.04331,0.02169,0.01596,-0.0059,0.04331,-0.0059,44.0
0.44,1784879855.42548,,,,,,,,,,-0.02371,-0.17015,0.04124,0.02692,-0.00777,-0.00825,-0.04124,-0.00825,44.0
0.46,1784879855.44548,,,,,,,,,,-0.51836,0.23485,-0.04942,-0.01456,-0.04242,-0.00074,0.04942,-0.00074,44.0
0.48,1784879855.46548,,,,,,,,,,-0.6465,0.22884,-0.11182,-0.01337,-0.05129,-0.0008,0.11182,-0.0008,44.0
0.5,1784879855.48548,,,,,,,,,,-0.4832,0.11696,-0.08324,0.00131,-0.04191,-0.0038,0.08324,-0.0038,44.0
0.52,1784879855.50548,,,,,,,,,,-0.13934,-0.21737,0.10332,0.03002,-0.01033,-0.00912,-0.10332,-0.00912,44.0
0.54,1784879855.52548,,,,,,,,,,-0.14717,-0.18841,0.08493,0.02121,-0.00971,-0.00584,-0.08493,-0.00584,44.0
0.56,1784879855.54548,,,,,,,,,,-0.23411,0.23288,0.03441,-0.02688,-0.01429,0.00713,-0.03441,0.00713,44.0
0.58,1784879855.56548,,,,,,,,,,-0.61069,0.24497,0.00934,-0.0225,-0.04903,0.002,-0.00934,0.002,44.0
0.6,1784879855.58548,,,,,,,,,,-0.61332,0.1738,-0.0163,-0.01056,-0.052,-0.00125,0.0163,-0.00125,44.0
0.62,1784879855.60548,,,,,,,,,,-0.58118,0.14534,0.01011,-0.00621,-0.04533,-0.00225,-0.01011,-0.00225,44.0
0.64,1784879855.62548,,,,,,,,,,-0.60914,0.09957,0.02192,-0.00553,-0.04784,-0.00093,-0.02192,-0.00093,44.0
0.66,1784879855.64548,,,,,,,,,,-0.29935,-0.14695,0.05511,0.01847,-0.02497,-0.00512,-0.05511,-0.00512,44.0
0.68,1784879855.66548,,,,,,,,,,-0.568,0.21577,-0.05926,-0.01556,-0.04506,0.00126,0.05926,0.00126,44.0
0.7,1784879855.68548,,,,,,,,,,-0.55429,0.16511,-0.04741,-0.01282,-0.04213,0.00275,0.04741,0.00275,44.0
0.72,1784879855.70548,,,,,,,,,,-0.67974,0.33422,-0.22847,-0.02788,-0.04981,0.00329,0.22847,0.00329,44.0
0.74,1784879855.72548,,,,,,,,,,0.03599,0.06651,0.15584,-0.00644,0.00122,0.0012,-0.15584,0.0012,44.0
0.76,1784879855.74548,,,,,,,,,,-0.48541,0.07256,-0.02039,-0.00395,-0.03948,0.00052,0.02039,0.00052,44.0
0.78,1784879855.76548,,,,,,,,,,-0.12735,-0.07544,0.0431,0.00995,-0.00952,-0.0018,-0.0431,-0.0018,44.0
0.8,1784879855.78548,,,,,,,,,,-0.41777,0.11102,0.02258,-0.01108,-0.02848,0.00062,-0.02258,0.00062,44.0
0.82,1784879855.80548,,,,,,,,,,0.15448,0.00101,0.13287,5e-05,0.0108,-0.0008,-0.13287,-0.0008,44.0
0.84,1784879855.82548,,,,,,,,,,-0.18368,-0.00341,0.111,0.00702,-0.01832,-0.00535,-0.111,-0.00535,44.0
0.86,1784879855.84548,,,,,,,,,,-0.58789,0.20722,0.03787,-0.01498,-0.04645,0.00049,-0.03787,0.00049,44.0
0.88,1784879855.86548,,,,,,,,,,-0.73149,0.23286,-0.09064,-0.01456,-0.05948,-0.00135,0.09064,-0.00135,44.0
0.9,1784879855.88548,,,,,,,,,,-0.6062,0.16709,0.05232,-0.00866,-0.04958,-0.00093,-0.05232,-0.00093,44.0
0.92,1784879855.90548,,,,,,,,,,-0.63239,0.1924,-0.00477,-0.01217,-0.04907,0.00184,0.00477,0.00184,44.0
0.94,1784879855.92548,,,,,,,,,,-0.53329,0.12719,-0.00311,-0.00889,-0.04068,0.00097,0.00311,0.00097,44.0
0.96,1784879855.94548,,,,,,,,,,-0.00308,-0.04944,0.10801,0.00331,-0.00081,-0.00025,-0.10801,-0.00025,44.0
0.98,1784879855.96548,,,,,,,,,,0.47978,-0.21284,0.16856,0.01886,0.0379,-0.00048,-0.16856,-0.00048,44.0
1.0,1784879855.98548,,,,,,,,,,0.37801,-0.31475,0.00343,0.02634,0.03055,-0.00203,-0.00343,-0.00203,44.0
1.02,1784879856.00548,,,,,,,,,,-0.11399,-0.16178,-0.15422,0.02128,-0.00726,-0.00558,0.15422,-0.00558,44.0
1.04,1784879856.02548,,,,,,,,,,-0.56252,0.10534,-0.11805,-0.00298,-0.04251,-0.00338,0.11805,-0.00338,44.0
1.06,1784879856.04548,,,,,,,,,,-0.12857,0.09042,0.07112,-0.00643,-0.00585,-0.00016,-0.07112,-0.00016,44.0
1.08,1784879856.06548,,,,,,,,,,0.37771,0.08308,0.01378,-0.0063,0.03025,0.00439,-0.01378,0.00439,44.0
1.1,1784879856.08548,,,,,,,,,,-0.46465,0.18668,-0.04836,-0.0135,-0.03728,0.0001,0.04836,0.0001,44.0
1.12,1784879856.10548,,,,,,,,,,-0.6538,0.2334,-0.07211,-0.01476,-0.05278,0.00162,0.07211,0.00162,44.0
1.14,1784879856.12548,,,,,,,,,,-0.51316,0.14649,-0.05086,-0.00989,-0.03781,-0.00058,0.05086,-0.00058,44.0
1.16,1784879856.14548,,,,,,,,,,-0.50272,0.26977,0.0224,-0.02169,-0.03861,0.00162,-0.0224,0.00162,44.0
1.18,1784879856.16548,,,,,,,,,,-0.16659,-0.0177,0.04857,0.00388,-0.01675,-0.00367,-0.04857,-0.00367,44.0
1.2,1784879856.18548,,,,,,,,,,-0.21048,0.11473,0.01422,-0.00766,-0.02003,0.00149,-0.01422,0.00149,44.0
1.22,1784879856.20548,,,,,,,,,,-0.45144,0.17696,0.03843,-0.01353,-0.03303,0.00275,-0.03843,0.00275,44.0
1.24,1784879856.22548,,,,,,,,,,-0.6558,0.2623,-0.05513,-0.01895,-0.053,0.0002,0.05513,0.0002,44.0
1.26,1784879856.24548,,,,,,,,,,-0.06144,0.02596,0.05161,0.00192,-0.01307,-0.0028,-0.05161,-0.0028,44.0
1.28,1784879856.26548,,,,,,,,,,0.07728,-0.14174,0.03974,0.0224,-0.00307,-0.00735,-0.03974,-0.00735,44.0
1.3,1784879856.28548,,,,,,,,,,0.54188,-0.15447,0.08266,0.01641,0.03706,3e-05,-0.08266,3e-05,44.0
1.32,1784879856.30548,,,,,,,,,,0.37187,0.04776,-0.02348,-0.01053,0.02968,0.00639,0.02348,0.00639,44.0
1.34,1784879856.32548,,,,,,,,,,-0.44922,0.10637,-0.01528,-0.00669,-0.03248,-0.00177,0.01528,-0.00177,44.0
1.36,1784879856.34548,,,,,,,,,,0.30972,-0.11323,0.07965,0.01273,0.02224,-0.00138,-0.07965,-0.00138,44.0
1.38,1784879856.36548,,,,,,,,,,-0.22623,0.11287,-0.06437,-0.0104,-0.01735,0.00029,0.06437,0.00029,44.0
1.4,1784879856.38548,,,,,,,,,,-0.54832,0.323,0.01742,-0.02395,-0.04116,0.00129,-0.01742,0.00129,44.0
1.42,1784879856.40548,,,,,,,,,,-0.67777,0.21717,-0.07522,-0.01547,-0.05226,0.00229,0.07522,0.00229,44.0
1.44,1784879856.42548,,,,,,,,,,-0.56143,0.03085,0.01819,-0.00092,-0.04104,-0.00058,-0.01819,-0.00058,44.0
1.46,1784879856.44548,,,,,,,,,,0.34535,-0.17086,0.13014,0.01098,0.02495,-0.00071,-0.13014,-0.00071,44.0
1.48,1784879856.46548,,,,,,,,,,-0.15876,-0.05794,-0.04656,0.00573,-0.0127,-0.00125,0.04656,-0.00125,44.0
1.5,1784879856.48548,,,,,,,,,,0.0114,-0.06249,0.05196,0.01431,-0.00265,-0.00612,-0.05196,-0.00612,44.0
1.52,1784879856.50548,,,,,,,,,,0.56594,-0.20202,0.12856,0.01902,0.04296,-0.00129,-0.12856,-0.00129,44.0
1.54,1784879856.52548,,,,,,,,,,0.42126,-0.08901,0.15463,0.00786,0.02771,0.00207,-0.15463,0.00207,44.0
1.56,1784879856.54548,,,,,,,,,,-0.25995,0.14812,0.11857,-0.0172,-0.01945,0.00407,-0.11857,0.00407,44.0
1.58,1784879856.56548,,,,,,,,,,0.09009,0.11326,0.09344,-0.01579,0.00773,0.00452,-0.09344,0.00452,44.0
1.6,1784879856.58548,,,,,,,,,,0.50281,-0.00319,0.0478,-0.00424,0.03838,0.00297,-0.0478,0.00297,44.0
1.62,1784879856.60548,,,,,,,,,,0.28746,0.10219,0.00386,-0.01159,0.027,0.00407,-0.00386,0.00407,44.0
1.64,1784879856.62548,,,,,,,,,,0.05466,-0.11251,0.00931,0.00869,0.00113,-0.0009,-0.00931,-0.0009,44.0
1.66,1784879856.64548,,,,,,,,,,0.54947,-0.32883,0.13126,0.02708,0.0407,-0.00093,-0.13126,-0.00093,44.0
1.68,1784879856.66548,,,,,,,,,,0.27458,-0.20862,0.09284,0.0235,0.02075,-0.00512,-0.09284,-0.00512,44.0
1.7,1784879856.68548,,,,,,,,,,-0.40108,0.03908,-0.01819,-0.00098,-0.03154,-0.00338,0.01819,-0.00338,44.0
1.72,1784879856.70548,,,,,,,,,,-0.66987,0.14714,-0.04904,-0.00443,-0.05248,-0.0048,0.04904,-0.0048,44.0
1.74,1784879856.72548,,,,,,,,,,-0.4329,-0.01179,0.08893,0.00576,-0.03484,-0.00238,-0.08893,-0.00238,44.0
1.76,1784879856.74548,,,,,,,,,,0.37156,-0.08717,0.09864,0.0046,0.02676,0.00084,-0.09864,0.00084,44.0
1.78,1784879856.76548,,,,,,,,,,0.22821,0.07357,-0.00483,-0.01433,0.01981,0.00616,0.00483,0.00616,44.0
1.8,1784879856.78548,,,,,,,,,,-0.03108,0.09783,0.03262,-0.01566,0.00142,0.00752,-0.03262,0.00752,44.0
1.82,1784879856.80548,,,,,,,,,,0.07057,0.02326,0.10733,0.00095,0.00887,0.00055,-0.10733,0.00055,44.0
1.84,1784879856.82548,,,,,,,,,,-0.56456,0.26136,0.0253,-0.02317,-0.0406,0.00162,-0.0253,0.00162,44.0
1.86,1784879856.84548,,,,,,,,,,-0.57518,0.16399,-0.0003,-0.01295,-0.04281,-0.00058,0.0003,-0.00058,44.0
1.88,1784879856.86548,,,,,,,,,,0.40061,-0.1279,0.06562,0.0126,0.02915,-0.00225,-0.06562,-0.00225,44.0
1.9,1784879856.88548,,,,,,,,,,-0.02868,-0.00566,-0.02377,-0.00011,0.00104,0.00216,0.02377,0.00216,44.0
1.92,1784879856.90548,,,,,,,,,,-0.08466,-0.00513,0.0429,0.00453,-0.00678,-0.0019,-0.0429,-0.0019,44.0
1.94,1784879856.92548,,,,,,,,,,-0.30777,0.29828,0.04683,-0.02427,-0.0251,0.00194,-0.04683,0.00194,44.0
1.96,1784879856.94548,,,,,,,,,,-0.40717,0.36606,-0.08502,-0.03508,-0.02633,0.00739,0.08502,0.00739,44.0
1.98,1784879856.96548,,,,,,,,,,-0.48084,0.24172,-0.04322,-0.02392,-0.03348,0.00465,0.04322,0.00465,44.0
2.0,1784879856.98548,,,,,,,,,,-0.1963,-0.02384,0.06861,0.00424,-0.01739,-0.00345,-0.06861,-0.00345,44.0
2.02,1784879857.00548,A1850_B1850,1,1850,1850,1850,1850,11.38673,0.35689,4.06386,0.22379,-0.02715,-0.03312,0.00296,0.01744,-6e-05,0.03312,-6e-05,44.0
2.04,1784879857.02548,A1850_B1850,1,1850,1850,1850,1850,11.37546,0.71382,8.12005,-0.05259,0.00089,-0.01854,-0.00108,0.00049,0.00307,0.01854,0.00307,44.0
2.06,1784879857.04548,A1850_B1850,1,1850,1850,1850,1850,11.368,0.95,10.7996,-0.21568,-0.00491,0.00279,2e-05,-0.03484,-0.04757,-0.00279,-0.04757,44.0
2.08,1784879857.06548,A1850_B1850,1,1850,1850,1850,1850,11.368,0.95,10.7996,0.04019,-0.27754,-0.0937,0.03221,-0.00814,-0.05861,0.0937,-0.05861,44.0
2.1,1784879857.08548,A1850_B1850,1,1850,1850,1850,1850,11.368,0.95,10.7996,0.64894,-0.42529,-0.29423,0.04147,0.05079,-0.03813,0.29423,-0.03813,44.0
2.12,1784879857.10548,A1850_B1850,1,1850,1850,1850,1850,11.28373,4.09358,46.19089,0.19047,-0.36335,-0.49224,0.02986,0.02323,-0.00229,0.49224,-0.00229,44.0
2.14,1784879857.12548,A1850_B1850,1,1850,1850,1850,1850,11.19864,7.26767,81.38795,-0.18975,0.35103,-0.89919,-0.02849,-0.01142,0.00575,0.89919,0.00575,44.0
2.16,1784879857.14548,A1850_B1850,1,1850,1850,1850,1850,11.153,8.97,100.04241,-0.6448,0.26698,-1.90095,-0.02054,-0.06364,-0.00299,1.90095,-0.00299,44.0
2.18,1784879857.16548,A1850_B1850,1,1850,1850,1850,1850,11.153,8.97,100.04241,-0.28138,-0.10821,-2.69725,0.02595,-0.03595,-0.00548,2.69725,-0.00548,44.0
2.2,1784879857.18548,A1850_B1850,1,1850,1850,1850,1850,11.153,8.97,100.04241,-0.06178,-0.3335,-2.08944,0.02199,0.02092,-0.00471,2.08944,-0.00471,44.0
2.22,1784879857.20548,A1850_B1850,1,1850,1850,1850,1850,11.14384,9.51207,106.00095,-0.1786,-0.24823,-3.20314,0.02057,-0.03486,-0.00835,3.20314,-0.00835,44.0
2.24,1784879857.22548,A1850_B1850,1,1850,1850,1850,1850,11.13405,10.09128,112.35685,0.05451,0.21354,-2.83872,-0.02807,0.01469,-0.01412,2.83872,-0.01412,44.0
2.26,1784879857.24548,A1850_B1850,1,1850,1850,1850,1850,11.129,10.39,115.63031,-0.47001,0.00167,-3.50853,0.02791,-0.01606,-0.02477,3.50853,-0.02477,44.0
2.28,1784879857.26548,A1850_B1850,1,1850,1850,1850,1850,11.129,10.39,115.63031,-0.25949,-0.06234,-5.49912,0.01054,-0.01936,-0.01742,5.49912,-0.01742,44.0
2.3,1784879857.28548,A1850_B1850,1,1850,1850,1850,1850,11.129,10.39,115.63031,-0.37484,1.25725,-6.60427,-0.09419,-0.01984,-0.00519,6.60427,-0.00519,44.0
2.32,1784879857.30548,A1850_B1850,1,1850,1850,1850,1850,10.96457,18.69183,204.94795,-0.20774,0.87564,-7.06347,-0.12308,-0.01633,-0.02338,7.06347,-0.02338,44.0
2.34,1784879857.32548,A1850_B1850,1,1850,1850,1850,1850,10.79172,27.41896,295.89782,-1.23009,0.18045,-8.87478,-0.01285,-0.10476,-0.02871,8.87478,-0.02871,44.0
2.36,1784879857.34548,A1850_B1850,1,1850,1850,1850,1850,10.7,32.05,342.935,-0.2737,-0.29177,-10.44367,0.04733,-0.03035,-0.02229,10.44367,-0.02229,44.0
2.38,1784879857.36548,A1850_B1850,1,1850,1850,1850,1850,10.7,32.05,342.935,0.15268,-0.05116,-11.59421,-0.03586,0.006,-0.01738,11.59421,-0.01738,44.0
2.4,1784879857.38548,A1850_B1850,1,1850,1850,1850,1850,10.7,32.05,342.935,-0.33538,-0.4408,-13.48186,0.02493,-0.00435,-0.00874,13.48186,-0.00874,44.0
2.42,1784879857.40548,A1850_B1850,1,1850,1850,1850,1850,10.72197,30.36199,325.54028,-0.93375,-0.29934,-13.03103,0.02106,-0.04744,0.00203,13.03103,0.00203,44.0
2.44,1784879857.42548,A1850_B1850,1,1850,1850,1850,1850,10.74505,28.58826,307.18232,-0.55388,-0.21176,-13.30276,0.00473,-0.02956,0.00142,13.30276,0.00142,44.0
2.46,1784879857.44548,A1850_B1850,1,1850,1850,1850,1850,10.757,27.67,297.64619,-0.77603,0.20292,-14.61778,-0.02772,-0.05193,0.00362,14.61778,0.00362,44.0
2.48,1784879857.46548,A1850_B1850,1,1850,1850,1850,1850,10.757,27.67,297.64619,-1.55712,0.10688,-14.68527,-0.01254,-0.10431,0.01613,14.68527,0.01613,44.0
2.5,1784879857.48548,A1850_B1850,1,1850,1850,1850,1850,10.757,27.67,297.64619,-1.06385,-0.14371,-14.1327,0.0084,-0.05814,0.02184,14.1327,0.02184,44.0
2.52,1784879857.50548,A1850_B1850,1,1850,1850,1850,1850,10.78007,26.91846,290.18279,-1.03588,-0.01728,-14.02381,-0.00456,-0.05181,0.02484,14.02381,0.02484,44.0
2.54,1784879857.52548,A1850_B1850,1,1850,1850,1850,1850,10.80334,26.16018,282.61736,-0.95879,0.38313,-13.97899,-0.04281,-0.05884,0.01546,13.97899,0.01546,44.0
2.56,1784879857.54548,A1850_B1850,1,1850,1850,1850,1850,10.819,25.65,277.50735,-0.77676,-0.03863,-13.99049,-0.01693,-0.05223,0.01949,13.99049,0.01949,44.0
2.58,1784879857.56548,A1850_B1850,1,1850,1850,1850,1850,10.819,25.65,277.50735,-0.69425,-0.05285,-14.60832,-0.01659,-0.02288,0.01688,14.60832,0.01688,44.0
2.6,1784879857.58548,A1850_B1850,1,1850,1850,1850,1850,10.82028,25.63972,277.42886,-0.42708,0.17104,-14.81968,-0.02959,-0.00723,0.00081,14.81968,0.00081,44.0
2.62,1784879857.60548,A1850_B1850,1,1850,1850,1850,1850,10.84683,25.42583,275.78961,-1.08161,0.01639,-14.89364,-0.01008,-0.07308,0.00271,14.89364,0.00271,44.0
2.64,1784879857.62548,A1850_B1850,1,1850,1850,1850,1850,10.87338,25.21194,274.13899,-0.79527,-0.22474,-14.17323,0.02046,-0.04266,-0.00322,14.17323,-0.00322,44.0
2.66,1784879857.64548,A1850_B1850,1,1850,1850,1850,1850,10.891,25.07,273.03737,-0.13943,-0.15975,-13.67334,0.00038,0.01847,0.00149,13.67334,0.00149,44.0
2.68,1784879857.66548,A1850_B1850,1,1850,1850,1850,1850,10.891,25.07,273.03737,-0.32719,-0.41797,-14.09118,0.02962,0.00881,-0.00577,14.09118,-0.00577,44.0
2.7,1784879857.68548,A1850_B1850,1,1850,1850,1850,1850,10.89016,25.05889,272.89527,-0.57024,-0.9918,-14.3179,0.06679,-0.015,-0.00538,14.3179,-0.00538,44.0
2.72,1784879857.70548,A1850_B1850,1,1850,1850,1850,1850,10.87345,24.8386,270.08119,-0.15971,-0.62046,-14.55657,0.05202,0.01099,0.00481,14.55657,0.00481,44.0
2.74,1784879857.72548,A1850_B1850,1,1850,1850,1850,1850,10.85673,24.61831,267.27447,-0.22719,-0.52071,-13.78038,0.03154,0.00765,0.00675,13.78038,0.00675,44.0
2.76,1784879857.74548,A1850_B1850,1,1850,1850,1850,1850,10.847,24.49,265.64303,-0.78705,-0.29623,-13.87983,-0.00039,-0.02461,0.0189,13.87983,0.0189,44.0
2.78,1784879857.76548,A1850_B1850,1,1850,1850,1850,1850,10.847,24.49,265.64303,-0.32204,-0.34792,-14.12901,0.00463,-0.02368,-0.00457,14.12901,-0.00457,44.0
2.8,1784879857.78548,A1850_B1850,1,1850,1850,1850,1850,10.847,24.49,265.64303,-0.21316,-0.37566,-13.24437,0.01157,-0.00781,0.00377,13.24437,0.00377,44.0
2.82,1784879857.80548,A1850_B1850,1,1850,1850,1850,1850,10.84892,24.26728,263.27377,-0.74744,0.01979,-13.62201,-0.02159,-0.01868,0.024,13.62201,0.024,44.0
2.84,1784879857.82548,A1850_B1850,1,1850,1850,1850,1850,10.85094,24.0332,260.78277,-0.67227,0.23986,-14.58152,-0.0176,-0.00826,0.00762,14.58152,0.00762,44.0
2.86,1784879857.84548,A1850_B1850,1,1850,1850,1850,1850,10.852,23.91,259.47132,-0.83792,0.29227,-14.40702,-0.01585,-0.0357,0.00771,14.40702,0.00771,44.0
2.88,1784879857.86548,A1850_B1850,1,1850,1850,1850,1850,10.852,23.91,259.47132,-0.58816,-0.22617,-14.4839,0.01443,-0.03336,0.01262,14.4839,0.01262,44.0
2.9,1784879857.88548,A1850_B1850,1,1850,1850,1850,1850,10.852,23.90998,259.47101,-0.73389,-0.54813,-14.01331,0.02889,-0.03848,0.00501,14.01331,0.00501,44.0
2.92,1784879857.90548,A1850_B1850,1,1850,1850,1850,1850,10.84101,23.83043,258.34597,-1.08368,-0.41551,-12.61637,0.01576,-0.07348,0.00794,12.61637,0.00794,44.0
2.94,1784879857.92548,A1850_B1850,1,1850,1850,1850,1850,10.83003,23.75088,257.22268,-1.0881,-0.13485,-13.176,-0.00246,-0.05511,0.00178,13.176,0.00178,44.0
2.96,1784879857.94548,A1850_B1850,1,1850,1850,1850,1850,10.823,23.7,256.5051,-0.06086,0.03918,-13.89818,-0.02743,0.0374,-0.00048,13.89818,-0.00048,44.0
2.98,1784879857.96548,A1850_B1850,1,1850,1850,1850,1850,10.823,23.7,256.5051,0.24953,-0.67166,-14.55826,0.03149,0.05197,-0.00125,14.55826,-0.00125,44.0
3.0,1784879857.98548,A1850_B1850,1,1850,1850,1850,1850,10.823,23.7,256.5051,0.16627,-0.65078,-14.56457,0.04505,0.03665,-0.00071,14.56457,-0.00071,44.0
3.02,1784879858.00548,A1850_B1850,1,1850,1850,1850,1850,10.86917,23.69231,257.51561,-0.42838,-0.25632,-13.13131,0.00709,-0.01728,0.0181,13.13131,0.0181,44.0
3.04,1784879858.02548,A1850_B1850,1,1850,1850,1850,1850,10.91778,23.6842,258.57896,-1.23072,0.12962,-12.61162,-0.02752,-0.06603,0.02275,12.61162,0.02275,44.0
3.06,1784879858.04548,A1850_B1850,1,1850,1850,1850,1850,10.943,23.68,259.13024,-0.43121,0.0033,-13.06679,0.00572,-0.00708,0.01091,13.06679,0.01091,44.0
3.08,1784879858.06548,A1850_B1850,1,1850,1850,1850,1850,10.943,23.68,259.13024,-0.02818,-0.2132,-13.75274,0.02676,-0.0009,-0.00332,13.75274,-0.00332,44.0
3.1,1784879858.08548,A1850_B1850,1,1850,1850,1850,1850,10.943,23.68,259.13024,0.40874,-0.70963,-14.19623,0.05966,0.04843,-0.01267,14.19623,-0.01267,44.0
3.12,1784879858.10548,A1850_B1850,1,1850,1850,1850,1850,10.93158,23.56936,257.65028,0.39105,-0.81431,-13.22369,0.04293,0.06171,0.01184,13.22369,0.01184,44.0
3.14,1784879858.12548,A1850_B1850,1,1850,1850,1850,1850,10.91855,23.44316,255.96542,-0.81411,-0.30564,-12.57562,0.00761,-0.02643,0.01642,12.57562,0.01642,44.0
3.16,1784879858.14548,A1850_B1850,1,1850,1850,1850,1850,10.911,23.37,254.99007,-0.53067,-0.60057,-13.62963,0.04513,-0.02024,0.00701,13.62963,0.00701,44.0
3.18,1784879858.16548,A1850_B1850,1,1850,1850,1850,1850,10.911,23.37,254.99007,-0.10005,-0.53126,-14.18234,0.04841,0.02773,0.00452,14.18234,0.00452,44.0
3.2,1784879858.18548,A1850_B1850,1,1850,1850,1850,1850,10.911,23.37,254.99007,-0.03292,-0.77835,-13.43195,0.05321,0.01504,0.00762,13.43195,0.00762,44.0
3.22,1784879858.20548,A1850_B1850,1,1850,1850,1850,1850,10.87676,23.37,254.18998,-0.53913,-0.87127,-13.30121,0.03612,-0.01055,0.01936,13.30121,0.01936,44.0
3.24,1784879858.22548,A1850_B1850,1,1850,1850,1850,1850,10.84068,23.37,253.34673,-0.291,-0.45832,-12.90749,0.01963,-0.009,0.00859,12.90749,0.00859,44.0
3.26,1784879858.24548,A1850_B1850,1,1850,1850,1850,1850,10.822,23.37,252.91014,-0.99514,0.61305,-14.31278,-0.04545,-0.05341,0.00142,14.31278,0.00142,44.0
3.28,1784879858.26548,A1850_B1850,1,1850,1850,1850,1850,10.822,23.37,252.91014,-0.48529,-0.10706,-13.65648,-0.00626,-0.00583,-0.0049,13.65648,-0.0049,44.0
3.3,1784879858.28548,A1850_B1850,1,1850,1850,1850,1850,10.822,23.37,252.91014,-0.7572,-0.3388,-13.62077,0.0097,-0.03828,-0.00648,13.62077,-0.00648,44.0
3.32,1784879858.30548,A1850_B1850,1,1850,1850,1850,1850,10.7998,23.35469,252.22606,-0.97016,0.06714,-13.43583,-0.01994,-0.06381,0.0059,13.43583,0.0059,44.0
3.34,1784879858.32548,A1850_B1850,1,1850,1850,1850,1850,10.77642,23.33856,251.50614,-0.4851,-0.1971,-13.72736,-0.00299,-0.00118,0.01339,13.72736,0.01339,44.0
3.36,1784879858.34548,A1850_B1850,1,1850,1850,1850,1850,10.764,23.33,251.12412,-0.18503,-0.45832,-13.74562,0.05246,0.01184,0.00755,13.74562,0.00755,44.0
3.38,1784879858.36548,A1850_B1850,1,1850,1850,1850,1850,10.764,23.33,251.12412,0.07466,-0.45054,-13.88348,0.03087,0.02551,0.01016,13.88348,0.01016,44.0
3.4,1784879858.38548,A1850_B1850,1,1850,1850,1850,1850,10.764,23.33,251.12412,-0.04206,-0.65211,-13.25573,0.04601,0.02771,0.00301,13.25573,0.00301,44.0
3.42,1784879858.40548,A1850_B1850,1,1850,1850,1850,1850,10.77744,23.29543,251.06519,-0.43427,-0.28585,-13.32464,0.02096,-0.00393,-0.00412,13.32464,-0.00412,44.0
3.44,1784879858.42548,A1850_B1850,1,1850,1850,1850,1850,10.7916,23.25904,251.00215,-0.37406,0.09346,-13.45116,-0.04193,-0.01916,0.01851,13.45116,0.01851,44.0
3.46,1784879858.44548,A1850_B1850,1,1850,1850,1850,1850,10.799,23.24,250.96876,-0.5682,0.22952,-13.75409,-0.02735,-0.04187,0.0054,13.75409,0.0054,44.0
3.48,1784879858.46548,A1850_B1850,1,1850,1850,1850,1850,10.799,23.24,250.96876,-1.21201,-0.18969,-14.39798,0.03565,-0.08048,-0.00435,14.39798,-0.00435,44.0
3.5,1784879858.48548,A1850_B1850,1,1850,1850,1850,1850,10.79896,23.24092,250.9778,-0.06608,-0.61693,-13.4376,0.0507,0.02303,0.00381,13.4376,0.00381,44.0
3.52,1784879858.50548,A1850_B1850,1,1850,1850,1850,1850,10.7982,23.25994,251.16558,-0.05478,-0.7222,-12.9577,0.04273,0.03049,0.0042,12.9577,0.0042,44.0
3.54,1784879858.52548,A1850_B1850,1,1850,1850,1850,1850,10.79744,23.27897,251.35333,0.24283,-0.47044,-13.02485,0.01029,0.05399,0.00894,13.02485,0.00894,44.0
3.56,1784879858.54548,A1850_B1850,1,1850,1850,1850,1850,10.797,23.29,251.46213,-0.53321,0.13786,-14.41339,-0.02252,-0.01437,0.01129,14.41339,0.01129,44.0
3.58,1784879858.56548,A1850_B1850,1,1850,1850,1850,1850,10.797,23.29,251.46213,-0.23028,-0.19323,-14.35508,-0.00399,-0.01143,0.00301,14.35508,0.00301,44.0
3.6,1784879858.58548,A1850_B1850,1,1850,1850,1850,1850,10.79973,23.29637,251.59454,-0.06395,-0.36404,-13.42677,0.0174,0.00996,-0.00103,13.42677,-0.00103,44.0
3.62,1784879858.60548,A1850_B1850,1,1850,1850,1850,1850,10.85561,23.42648,254.30866,-0.32355,-0.1348,-12.64334,-0.0002,0.0179,0.00316,12.64334,0.00316,44.0
3.64,1784879858.62548,A1850_B1850,1,1850,1850,1850,1850,10.91148,23.5566,257.03731,-0.27722,-0.39665,-13.96762,0.02056,0.01439,0.00065,13.96762,0.00065,44.0
3.66,1784879858.64548,A1850_B1850,1,1850,1850,1850,1850,10.943,23.63,258.58309,-0.63544,-0.66599,-13.94477,0.05246,-0.02722,0.00416,13.94477,0.00416,44.0
3.68,1784879858.66548,A1850_B1850,1,1850,1850,1850,1850,10.943,23.63,258.58309,-0.94708,-0.14058,-13.89576,0.0022,-0.05677,0.0032,13.89576,0.0032,44.0
3.7,1784879858.68548,A1850_B1850,1,1850,1850,1850,1850,10.943,23.63,258.58309,-0.82959,0.02837,-12.89723,-0.01298,-0.0403,-0.00445,12.89723,-0.00445,44.0
3.72,1784879858.70548,A1850_B1850,1,1850,1850,1850,1850,10.8886,23.51125,256.00464,-0.97354,-0.3073,-13.49309,0.02152,-0.051,0.009,13.49309,0.009,44.0
3.74,1784879858.72548,A1850_B1850,1,1850,1850,1850,1850,10.83136,23.38627,253.30499,-0.4392,-0.65384,-13.77607,0.05391,-0.00953,0.00423,13.77607,0.00423,44.0
3.76,1784879858.74548,A1850_B1850,1,1850,1850,1850,1850,10.801,23.32,251.87932,-0.73939,-0.11265,-14.30405,0.01016,-0.03467,0.00462,14.30405,0.00462,44.0
3.78,1784879858.76548,A1850_B1850,1,1850,1850,1850,1850,10.801,23.32,251.87932,-0.35585,-0.43338,-12.89146,0.01714,0.01749,0.0032,12.89146,0.0032,44.0
3.8,1784879858.78548,A1850_B1850,1,1850,1850,1850,1850,10.801,23.32,251.87932,-0.13075,-0.96406,-12.96766,0.05443,0.00739,0.01181,12.96766,0.01181,44.0
3.82,1784879858.80548,A1850_B1850,1,1850,1850,1850,1850,10.82625,23.30087,252.26105,-0.77975,-0.21808,-13.991,0.02322,-0.0505,-0.00792,13.991,-0.00792,44.0
3.84,1784879858.82548,A1850_B1850,1,1850,1850,1850,1850,10.8528,23.28075,252.66146,-0.96312,-0.07498,-14.62363,0.02385,-0.05878,-0.0021,14.62363,-0.0021,44.0
3.86,1784879858.84548,A1850_B1850,1,1850,1850,1850,1850,10.867,23.27,252.87509,-0.71106,-0.05996,-12.65017,0.00657,-0.03453,0.00152,12.65017,0.00152,44.0
3.88,1784879858.86548,A1850_B1850,1,1850,1850,1850,1850,10.867,23.27,252.87509,-0.70351,0.13702,-12.57078,-0.02352,-0.00785,0.01158,12.57078,0.01158,44.0
3.9,1784879858.88548,A1850_B1850,1,1850,1850,1850,1850,10.867,23.27,252.87509,-0.48335,-0.36122,-13.84375,0.00352,-0.01126,0.00523,13.84375,0.00523,44.0
3.92,1784879858.90548,A1850_B1850,1,1850,1850,1850,1850,10.82797,23.24109,251.65392,-0.71998,-0.49609,-14.71603,0.02508,-0.03641,-0.00832,14.71603,-0.00832,44.0
3.94,1784879858.92548,A1850_B1850,1,1850,1850,1850,1850,10.78876,23.21205,250.42933,-0.52701,-0.75077,-13.79033,0.05014,-0.01201,0.01793,13.79033,0.01793,44.0
3.96,1784879858.94548,A1850_B1850,1,1850,1850,1850,1850,10.759,23.19,249.50121,-0.48397,-0.64011,-12.58956,0.07504,-0.01458,-0.00521,12.58956,-0.00521,44.0
3.98,1784879858.96548,A1850_B1850,1,1850,1850,1850,1850,10.759,23.19,249.50121,0.10431,0.4184,-13.25239,-0.04181,0.04627,-0.00055,13.25239,-0.00055,44.0
4.0,1784879858.98548,A1850_B1850,1,1850,1850,1850,1850,10.75936,23.19085,249.51871,-0.23982,0.48638,-14.47877,-0.06747,0.00931,0.00739,14.47877,0.00739,44.0
4.02,1784879859.00548,A1850_B1850,1,1850,1850,1850,1850,10.76712,23.20934,249.89782,-1.14068,-0.13122,-13.4187,-0.02042,-0.0596,-0.00309,13.4187,-0.00309,44.0
4.04,1784879859.02548,A1850_B1850,1,1850,1850,1850,1850,10.77489,23.22783,250.27722,-1.11184,-0.63835,-13.41515,0.03968,-0.07497,-0.00029,13.41515,-0.00029,44.0
4.06,1784879859.04548,A1850_B1850,1,1850,1850,1850,1850,10.78,23.24,250.5272,-0.20055,-0.16204,-12.87674,0.01787,0.01094,0.00694,12.87674,0.00694,44.0
4.08,1784879859.06548,A1850_B1850,1,1850,1850,1850,1850,10.78,23.24,250.5272,-0.5197,-0.36102,-13.72581,0.03069,-0.01582,0.01239,13.72581,0.01239,44.0
4.1,1784879859.08548,A1850_B1850,1,1850,1850,1850,1850,10.78,23.24,250.5272,-1.0676,-0.54579,-13.53099,0.03437,-0.05187,0.01584,13.53099,0.01584,44.0
4.12,1784879859.10548,A1850_B1850,1,1850,1850,1850,1850,10.78994,23.29735,251.37704,-0.86683,-0.25805,-13.72051,0.02263,-0.0332,0.00568,13.72051,0.00568,44.0
4.14,1784879859.12548,A1850_B1850,1,1850,1850,1850,1850,10.80042,23.35784,252.27455,-0.50617,0.26291,-13.59473,-0.02077,-0.01513,-0.00367,13.59473,-0.00367,44.0
4.16,1784879859.14548,A1850_B1850,1,1850,1850,1850,1850,10.806,23.39,252.75234,-0.32302,-0.58346,-13.80337,0.03093,-0.029,-6e-05,13.80337,-6e-05,44.0
4.18,1784879859.16548,A1850_B1850,1,1850,1850,1850,1850,10.806,23.39,252.75234,-0.69959,-0.5021,-13.48173,0.01851,-0.0301,0.00616,13.48173,0.00616,44.0
4.2,1784879859.18548,A1850_B1850,1,1850,1850,1850,1850,10.806,23.39,252.75234,-1.10098,-0.09666,-14.04004,0.00483,-0.03903,0.00675,14.04004,0.00675,44.0
4.22,1784879859.20548,A1850_B1850,1,1850,1850,1850,1850,10.8241,23.33992,252.63378,-0.31051,0.13997,-13.09972,0.00502,0.00988,0.00884,13.09972,0.00884,44.0
4.24,1784879859.22548,A1850_B1850,1,1850,1850,1850,1850,10.84239,23.28934,252.51216,-0.28613,-0.2529,-13.38268,0.03565,-0.02682,-0.00364,13.38268,-0.00364,44.0
4.26,1784879859.24548,A1850_B1850,1,1850,1850,1850,1850,10.853,23.26,252.44078,-1.18548,-0.41136,-13.0903,0.01583,-0.06287,0.00258,13.0903,0.00258,44.0
4.28,1784879859.26548,A1850_B1850,1,1850,1850,1850,1850,10.853,23.26,252.44078,-0.76679,-0.5659,-14.1458,0.00283,-0.00706,0.00939,14.1458,0.00939,44.0
4.3,1784879859.28548,A1850_B1850,1,1850,1850,1850,1850,10.853,23.26,252.44078,-0.75537,-0.466,-14.15,0.01772,-0.02689,0.00665,14.15,0.00665,44.0
4.32,1784879859.30548,A1850_B1850,1,1850,1850,1850,1850,10.81628,23.22628,251.22206,-0.38903,-0.25181,-13.4171,0.03485,-0.02017,-0.00222,13.4171,-0.00222,44.0
4.34,1784879859.32548,A1850_B1850,1,1850,1850,1850,1850,10.77759,23.19075,249.94049,0.17309,-0.52413,-12.58927,0.0524,0.03379,0.00713,12.58927,0.00713,44.0
4.36,1784879859.34548,A1850_B1850,1,1850,1850,1850,1850,10.755,23.17,249.19335,-0.65739,-0.58822,-14.18064,0.04718,-0.03633,0.0051,14.18064,0.0051,44.0
4.38,1784879859.36548,A1850_B1850,1,1850,1850,1850,1850,10.755,23.17,249.19335,-1.12711,0.1357,-13.91178,-0.03292,-0.04704,0.00275,13.91178,0.00275,44.0
4.4,1784879859.38548,A1850_B1850,1,1850,1850,1850,1850,10.75514,23.17135,249.21104,-0.70035,0.06676,-14.10628,-0.01838,-0.03833,-0.00677,14.10628,-0.00677,44.0
4.42,1784879859.40548,A1850_B1850,1,1850,1850,1850,1850,10.75781,23.19808,249.56049,-0.5208,0.01424,-12.5866,-0.01217,-0.02691,0.00058,12.5866,0.00058,44.0
4.44,1784879859.42548,A1850_B1850,1,1850,1850,1850,1850,10.76048,23.22481,249.91008,-0.36091,-0.35585,-13.81212,0.01511,0.00312,0.01049,13.81212,0.01049,44.0
4.46,1784879859.44548,A1850_B1850,1,1850,1850,1850,1850,10.762,23.24,250.10888,-0.06443,-0.40526,-13.89481,0.02347,0.02883,0.00246,13.89481,0.00246,44.0
4.48,1784879859.46548,A1850_B1850,1,1850,1850,1850,1850,10.762,23.24,250.10888,-0.87122,0.27972,-13.79817,-0.01832,-0.03407,0.00184,13.79817,0.00184,44.0
4.5,1784879859.48548,A1850_B1850,1,1850,1850,1850,1850,10.762,23.24,250.10888,-1.24149,-0.35504,-12.99975,0.03448,-0.071,0.00639,12.99975,0.00639,44.0
4.52,1784879859.50548,A1850_B1850,1,1850,1850,1850,1850,10.78205,23.25891,250.77868,-1.10811,-0.18335,-13.6931,0.01632,-0.07829,0.0021,13.6931,0.0021,44.0
4.54,1784879859.52548,A1850_B1850,1,1850,1850,1850,1850,10.80343,23.27909,251.49399,-0.86757,-0.12122,-14.11067,-0.00846,-0.03021,0.00594,14.11067,0.00594,44.0
4.56,1784879859.54548,A1850_B1850,1,1850,1850,1850,1850,10.815,23.29,251.88135,-1.10172,-0.09816,-14.0257,0.00759,-0.04925,-0.00254,14.0257,-0.00254,44.0
4.58,1784879859.56548,A1850_B1850,1,1850,1850,1850,1850,10.815,23.29,251.88135,-1.36837,-0.13593,-12.4336,0.02044,-0.08064,0.00149,12.4336,0.00149,44.0
4.6,1784879859.58548,A1850_B1850,1,1850,1850,1850,1850,10.815,23.29,251.88135,-1.04151,-0.56289,-13.26486,0.04646,-0.09858,0.00507,13.26486,0.00507,44.0
4.62,1784879859.60548,A1850_B1850,1,1850,1850,1850,1850,10.815,23.28616,251.83977,-0.42978,-0.09523,-14.00878,0.00317,-0.00214,-0.00067,14.00878,-0.00067,44.0
4.64,1784879859.62548,A1850_B1850,1,1850,1850,1850,1850,10.815,23.2821,251.79593,-0.39804,-0.65939,-14.46621,0.03955,0.0131,0.00681,14.46621,0.00681,44.0
4.66,1784879859.64548,A1850_B1850,1,1850,1850,1850,1850,10.815,23.28,251.7732,-0.94537,-0.96959,-13.09024,0.06376,-0.04669,-0.00286,13.09024,-0.00286,44.0
4.68,1784879859.66548,A1850_B1850,1,1850,1850,1850,1850,10.815,23.28,251.7732,-1.15122,0.19906,-13.11733,-0.00086,-0.07458,-0.01345,13.11733,-0.01345,44.0
4.7,1784879859.68548,A1850_B1850,1,1850,1850,1850,1850,10.815,23.28,251.7732,-0.98021,0.17712,-14.2629,-0.00583,-0.06559,-0.00155,14.2629,-0.00155,44.0
4.72,1784879859.70548,A1850_B1850,1,1850,1850,1850,1850,10.78632,23.18964,250.13081,-0.359,-0.09315,-13.87581,0.00311,-0.01786,0.00794,13.87581,0.00794,44.0
4.74,1784879859.72548,A1850_B1850,1,1850,1850,1850,1850,10.7574,23.09853,248.48025,-1.06569,-0.61403,-12.20133,0.0331,-0.04367,0.01339,12.20133,0.01339,44.0
4.76,1784879859.74548,A1850_B1850,1,1850,1850,1850,1850,10.742,23.05,247.6031,-0.12868,-0.83056,-13.09223,0.04689,0.04796,0.00369,13.09223,0.00369,44.0
4.78,1784879859.76548,A1850_B1850,1,1850,1850,1850,1850,10.742,23.05,247.6031,-0.02505,-0.50437,-14.39393,0.04537,0.00683,-0.01341,14.39393,-0.01341,44.0
4.8,1784879859.78548,A1850_B1850,1,1850,1850,1850,1850,10.742,23.05,247.6031,-0.21413,-0.70422,-13.79849,0.05995,-0.03332,-0.00897,13.79849,-0.00897,44.0
4.82,1784879859.80548,A1850_B1850,1,1850,1850,1850,1850,10.7743,23.06815,248.54326,-0.44275,0.51241,-12.87852,-0.04465,0.01211,0.00513,12.87852,0.00513,44.0
4.84,1784879859.82548,A1850_B1850,1,1850,1850,1850,1850,10.80829,23.08724,249.53374,-1.40496,0.105,-12.93879,-0.01849,-0.06506,0.01084,12.93879,0.01084,44.0
4.86,1784879859.84548,A1850_B1850,1,1850,1850,1850,1850,10.831,23.1,250.1961,-1.57508,-0.88537,-14.1549,0.06116,-0.09894,-0.00473,14.1549,-0.00473,44.0
4.88,1784879859.86548,A1850_B1850,1,1850,1850,1850,1850,10.831,23.1,250.1961,-0.38434,-0.70343,-13.02264,0.0578,-0.01816,-0.01412,13.02264,-0.01412,44.0
4.9,1784879859.88548,A1850_B1850,1,1850,1850,1850,1850,10.8326,23.10298,250.26534,0.3231,-0.17369,-12.9473,0.02438,0.04086,0.00387,12.9473,0.00387,44.0
4.92,1784879859.90548,A1850_B1850,1,1850,1850,1850,1850,10.88183,23.19484,252.40237,-0.83095,-0.22056,-13.16029,0.01647,-0.03255,0.01494,13.16029,0.01494,44.0
4.94,1784879859.92548,A1850_B1850,1,1850,1850,1850,1850,10.93107,23.28669,254.54844,-1.78457,-0.57045,-14.2952,0.04046,-0.13049,-0.00051,14.2952,-0.00051,44.0
4.96,1784879859.94548,A1850_B1850,1,1850,1850,1850,1850,10.965,23.35,256.03275,-0.93241,0.18515,-13.53085,-0.02063,-0.0444,-0.00703,13.53085,-0.00703,44.0
4.98,1784879859.96548,A1850_B1850,1,1850,1850,1850,1850,10.965,23.35,256.03275,0.04443,0.28533,-12.74984,-0.03666,0.04043,0.00103,12.74984,0.00103,44.0
5.0,1784879859.98548,A1850_B1850,1,1850,1850,1850,1850,10.965,23.35,256.03275,-0.33792,-0.57076,-13.32174,0.02948,-0.00975,0.00507,13.32174,0.00507,44.0
5.02,1784879860.00548,A1850_B1850,1,1850,1850,1850,1850,10.89616,23.27853,253.6467,-0.74663,-0.09177,-13.79849,-0.00261,-0.02046,0.01171,13.79849,0.01171,44.0
5.04,1784879860.02548,A1850_B1850,1,1850,1850,1850,1850,10.8232,23.20277,251.12821,-0.42336,-0.35215,-13.5454,0.04283,-0.00094,0.00423,13.5454,0.00423,44.0
5.06,1784879860.04548,A1850_B1850,1,1850,1850,1850,1850,10.782,23.16,249.71112,-0.11038,-0.14424,-13.6558,0.01404,0.0257,0.0139,13.6558,0.0139,44.0
5.08,1784879860.06548,A1850_B1850,1,1850,1850,1850,1850,10.782,23.16,249.71112,-0.21579,-0.59054,-13.63127,0.0322,-0.01363,0.00823,13.63127,0.00823,44.0
5.1,1784879860.08548,A1850_B1850,1,1850,1850,1850,1850,10.782,23.16,249.71112,-0.70152,-0.08331,-13.74802,-0.00574,-0.03316,-0.00531,13.74802,-0.00531,44.0
5.12,1784879860.10548,A1850_B1850,1,1850,1850,1850,1850,10.77626,23.18297,249.82565,-0.22897,0.09071,-13.17726,-0.03269,0.037,-0.00229,13.17726,-0.00229,44.0
5.14,1784879860.12548,A1850_B1850,1,1850,1850,1850,1850,10.77021,23.20715,249.94593,-0.69041,-0.23966,-13.36754,0.02538,-0.03406,-0.00203,13.36754,-0.00203,44.0
5.16,1784879860.14548,A1850_B1850,1,1850,1850,1850,1850,10.767,23.22,250.00974,-1.00496,0.35281,-13.81204,-0.01767,-0.08496,0.00448,13.81204,0.00448,44.0
5.18,1784879860.16548,A1850_B1850,1,1850,1850,1850,1850,10.767,23.22,250.00974,-0.77009,-0.0361,-13.53584,-0.0216,-0.02774,0.00962,13.53584,0.00962,44.0
5.2,1784879860.18548,A1850_B1850,1,1850,1850,1850,1850,10.767,23.22,250.00974,-0.49006,-0.72071,-14.08033,0.03045,0.00109,-0.00186,14.08033,-0.00186,44.0
5.22,1784879860.20548,A1850_B1850,1,1850,1850,1850,1850,10.81488,23.15266,250.39336,-0.12504,-0.9563,-13.52151,0.07001,0.05124,-0.00471,13.52151,-0.00471,44.0
5.24,1784879860.22548,A1850_B1850,1,1850,1850,1850,1850,10.86294,23.08508,250.7719,0.01325,-0.58672,-13.4773,0.05503,0.02324,0.00326,13.4773,0.00326,44.0
5.26,1784879860.24548,A1850_B1850,1,1850,1850,1850,1850,10.895,23.04,251.0208,-1.42663,0.25992,-12.67094,-0.01808,-0.11434,0.00707,12.67094,0.00707,44.0
5.28,1784879860.26548,A1850_B1850,1,1850,1850,1850,1850,10.895,23.04,251.0208,-1.7625,-0.29254,-13.88691,-0.01664,-0.12079,0.00752,13.88691,0.00752,44.0
5.3,1784879860.28548,A1850_B1850,1,1850,1850,1850,1850,10.89318,23.03849,250.96247,-0.1423,-0.19524,-14.0546,-0.00434,0.03197,0.00829,14.0546,0.00829,44.0
5.32,1784879860.30548,A1850_B1850,1,1850,1850,1850,1850,10.85674,23.00812,249.7933,0.84897,-0.63615,-13.39489,0.05629,0.08796,1e-05,13.39489,1e-05,44.0
5.34,1784879860.32548,A1850_B1850,1,1850,1850,1850,1850,10.82031,22.97775,248.62633,-0.17688,-0.54476,-12.52172,0.02859,-0.01476,0.00216,12.52172,0.00216,44.0
5.36,1784879860.34548,A1850_B1850,1,1850,1850,1850,1850,10.799,22.96,247.94504,-0.10361,0.06854,-13.71556,-0.02787,0.02058,-0.00654,13.71556,-0.00654,44.0
5.38,1784879860.36548,A1850_B1850,1,1850,1850,1850,1850,10.799,22.96,247.94504,-0.41177,0.14921,-13.67633,-0.02273,-0.0064,0.00135,13.67633,0.00135,44.0
5.4,1784879860.38548,A1850_B1850,1,1850,1850,1850,1850,10.799,22.96,247.94504,-0.3479,-0.95295,-13.44789,0.07533,-0.00914,-0.00709,13.44789,-0.00709,44.0
5.42,1784879860.40548,A1850_B1850,1,1850,1850,1850,1850,10.799,22.99812,248.35672,-0.64229,-0.55412,-12.9574,0.03979,-0.04079,0.005,12.9574,0.005,44.0
5.44,1784879860.42548,A1850_B1850,1,1850,1850,1850,1850,10.799,23.03857,248.79356,-1.09584,0.04618,-13.93755,-0.00716,-0.05793,0.00797,13.93755,0.00797,44.0
5.46,1784879860.44548,A1850_B1850,1,1850,1850,1850,1850,10.799,23.06,249.02494,-0.82859,0.08167,-14.10863,-0.00934,-0.01818,0.00675,14.10863,0.00675,44.0
5.48,1784879860.46548,A1850_B1850,1,1850,1850,1850,1850,10.799,23.06,249.02494,-0.88533,-0.11243,-13.33054,-0.01217,-0.04931,0.01503,13.33054,0.01503,44.0
5.5,1784879860.48548,A1850_B1850,1,1850,1850,1850,1850,10.799,23.06,249.02494,-0.08611,0.24698,-12.96085,-0.04062,0.02703,0.01056,12.96085,0.01056,44.0
5.52,1784879860.50548,A1850_B1850,1,1850,1850,1850,1850,10.76946,23.02592,247.97668,-0.0753,0.04467,-13.42461,-0.01216,0.03214,0.00697,13.42461,0.00697,44.0
5.54,1784879860.52548,A1850_B1850,1,1850,1850,1850,1850,10.73784,22.98944,246.85698,-0.54382,-0.52765,-14.468,0.05574,-0.03201,-0.00354,14.468,-0.00354,44.0
5.56,1784879860.54548,A1850_B1850,1,1850,1850,1850,1850,10.721,22.97,246.26137,-0.63883,-0.75562,-13.41614,0.05235,-0.02034,0.00048,13.41614,0.00048,44.0
5.58,1784879860.56548,A1850_B1850,1,1850,1850,1850,1850,10.721,22.97,246.26137,-0.60387,-0.17082,-12.83661,0.02248,-0.01507,-0.00058,12.83661,-0.00058,44.0
5.6,1784879860.58548,A1850_B1850,1,1850,1850,1850,1850,10.721,22.97,246.26137,-0.84159,0.28232,-13.89299,-0.02245,-0.03532,0.00471,13.89299,0.00471,44.0
5.62,1784879860.60548,A1850_B1850,1,1850,1850,1850,1850,10.71988,22.9925,246.47669,-0.16673,-0.28744,-14.16113,0.00284,0.00159,0.00729,14.16113,0.00729,44.0
5.64,1784879860.62548,A1850_B1850,1,1850,1850,1850,1850,10.71875,23.015,246.69205,0.22871,-0.41162,-12.52703,0.02043,0.04731,-0.00409,12.52703,-0.00409,44.0
5.66,1784879860.64548,A1850_B1850,1,1850,1850,1850,1850,10.718,23.03,246.83554,-0.15054,-0.79326,-12.99774,0.04336,0.03304,-0.0129,12.99774,-0.0129,44.0
5.68,1784879860.66548,A1850_B1850,1,1850,1850,1850,1850,10.718,23.03,246.83554,-1.28871,-0.61401,-14.08673,0.05489,-0.10475,-0.00674,14.08673,-0.00674,44.0
5.7,1784879860.68548,A1850_B1850,1,1850,1850,1850,1850,10.718,23.03,246.83554,-1.00256,0.39736,-14.31279,-0.04181,-0.06404,0.01641,14.31279,0.01641,44.0
5.72,1784879860.70548,A1850_B1850,1,1850,1850,1850,1850,10.72322,23.01134,246.75579,-0.0153,0.14215,-12.66108,-0.02178,0.0488,0.0202,12.66108,0.0202,44.0
5.74,1784879860.72548,A1850_B1850,1,1850,1850,1850,1850,10.72847,22.99262,246.67555,-0.28493,-1.05843,-13.37192,0.08456,0.02009,-0.00602,13.37192,-0.00602,44.0
5.76,1784879860.74548,A1850_B1850,1,1850,1850,1850,1850,10.732,22.98,246.62136,-0.1611,-1.09742,-14.08334,0.08206,0.02415,-0.01967,14.08334,-0.01967,44.0
5.78,1784879860.76548,A1850_B1850,1,1850,1850,1850,1850,10.732,22.98,246.62136,-0.17282,0.43933,-13.4612,-0.05344,-0.0017,0.00483,13.4612,0.00483,44.0
5.8,1784879860.78548,A1850_B1850,1,1850,1850,1850,1850,10.73305,22.98321,246.68008,-0.27921,0.34015,-12.62157,-0.041,-0.01716,0.02568,12.62157,0.02568,44.0
5.82,1784879860.80548,A1850_B1850,1,1850,1850,1850,1850,10.75481,23.04959,247.89393,-0.83105,-0.34582,-13.51716,0.01371,-0.0476,0.02023,13.51716,0.02023,44.0
5.84,1784879860.82548,A1850_B1850,1,1850,1850,1850,1850,10.77657,23.11596,249.11068,-0.99169,-0.47818,-14.44761,0.04249,-0.0165,-0.00415,14.44761,-0.00415,44.0
5.86,1784879860.84548,A1850_B1850,1,1850,1850,1850,1850,10.791,23.16,249.91956,-0.19566,-0.2377,-13.27781,0.00259,0.01438,-0.01899,13.27781,-0.01899,44.0
5.88,1784879860.86548,A1850_B1850,1,1850,1850,1850,1850,10.791,23.16,249.91956,-0.21864,-0.09743,-12.74411,-0.01672,-0.02408,0.00715,12.74411,0.00715,44.0
5.9,1784879860.88548,A1850_B1850,1,1850,1850,1850,1850,10.79165,23.15659,249.89772,-0.72221,0.66882,-13.67922,-0.05645,-0.02459,0.02171,13.67922,0.02171,44.0
5.92,1784879860.90548,A1850_B1850,1,1850,1850,1850,1850,10.80445,23.08901,249.46404,-0.65559,-0.20839,-13.66183,-0.00021,-0.01246,0.00959,13.66183,0.00959,44.0
5.94,1784879860.92548,A1850_B1850,1,1850,1850,1850,1850,10.81726,23.02142,249.02864,-0.33175,-1.37808,-13.08588,0.10072,-0.00301,-0.01692,13.08588,-0.01692,44.0
5.96,1784879860.94548,A1850_B1850,1,1850,1850,1850,1850,10.827,22.97,248.69619,0.21777,-1.36407,-12.88768,0.10125,0.00599,-0.00181,12.88768,-0.00181,44.0
5.98,1784879860.96548,A1850_B1850,1,1850,1850,1850,1850,10.827,22.97,248.69619,-0.51353,0.46846,-14.06932,-0.04637,-0.00899,0.03083,14.06932,0.03083,44.0
6.0,1784879860.98548,A1850_B1850,1,1850,1850,1850,1850,10.827,22.97,248.69619,-0.49124,0.83302,-13.64091,-0.08676,-4e-05,0.0215,13.64091,0.0215,44.0
6.02,1784879861.00548,A1850_B1850,1,1850,1850,1850,1850,10.78765,22.93781,247.44515,-0.38264,-1.09936,-12.82141,0.06979,-0.00216,-0.02527,12.82141,-0.02527,44.0
6.04,1784879861.02548,A1850_B1850,1,1850,1850,1850,1850,10.74614,22.90384,246.1279,-0.14312,-1.21805,-13.22492,0.09303,0.01692,-0.02974,13.22492,-0.02974,44.0
6.06,1784879861.04548,A1850_B1850,1,1850,1850,1850,1850,10.717,22.88,245.20496,0.55441,-0.44137,-13.98539,0.03849,0.07643,0.01044,13.98539,0.01044,44.0
6.08,1784879861.06548,A1850_B1850,1,1850,1850,1850,1850,10.717,22.88,245.20496,-0.39209,0.11076,-13.78154,0.00667,-0.01786,0.02075,13.78154,0.02075,44.0
6.1,1784879861.08548,A1850_B1850,1,1850,1850,1850,1850,10.717,22.88,245.20496,-1.19918,-0.84201,-13.40056,0.06725,-0.10491,-0.00656,13.40056,-0.00656,44.0
6.12,1784879861.10548,A1850_B1850,1,1850,1850,1850,1850,10.76497,23.06819,248.32837,-0.33097,-1.1011,-13.3361,0.07951,0.00826,-0.00906,13.3361,-0.00906,44.0
6.14,1784879861.12548,A1850_B1850,1,1850,1850,1850,1850,10.81299,23.25657,251.47299,0.15928,0.17031,-13.54315,-0.027,0.07389,-0.00206,13.54315,-0.00206,44.0
6.16,1784879861.14548,A1850_B1850,1,1850,1850,1850,1850,10.847,23.39,253.71133,-0.73145,0.14836,-13.3362,-0.03509,-0.0472,0.01113,13.3362,0.01113,44.0
6.18,1784879861.16548,A1850_B1850,1,1850,1850,1850,1850,10.847,23.39,253.71133,-0.89552,0.03924,-13.38531,-0.01073,-0.05866,-0.00173,13.38531,-0.00173,44.0
6.2,1784879861.18548,A1850_B1850,1,1850,1850,1850,1850,10.847,23.39,253.71133,-1.30591,-0.45233,-14.11421,0.05251,-0.07109,-0.01886,14.11421,-0.01886,44.0
6.22,1784879861.20548,A1850_B1850,1,1850,1850,1850,1850,10.85786,23.35629,253.59939,0.14699,-0.95701,-13.29107,0.0656,0.03756,0.00228,13.29107,0.00228,44.0
6.24,1784879861.22548,A1850_B1850,1,1850,1850,1850,1850,10.86877,23.32245,253.48624,-0.03046,-0.77299,-13.41856,0.05518,0.01609,0.00797,13.41856,0.00797,44.0
6.26,1784879861.24548,A1850_B1850,1,1850,1850,1850,1850,10.876,23.3,253.4108,-0.70502,0.26187,-13.24934,-0.02724,-0.0317,0.0021,13.24934,0.0021,44.0
6.28,1784879861.26548,A1850_B1850,1,1850,1850,1850,1850,10.876,23.3,253.4108,-1.12453,0.788,-14.0951,-0.07065,-0.03401,-0.00025,14.0951,-0.00025,44.0
6.3,1784879861.28548,A1850_B1850,1,1850,1850,1850,1850,10.87401,23.29397,253.29882,-0.6762,-0.6329,-12.96057,0.03955,-0.02887,-0.0175,12.96057,-0.0175,44.0
6.32,1784879861.30548,A1850_B1850,1,1850,1850,1850,1850,10.82485,23.14537,250.54525,-0.10518,-0.56873,-13.10579,0.03168,0.03084,-0.00081,13.10579,-0.00081,44.0
6.34,1784879861.32548,A1850_B1850,1,1850,1850,1850,1850,10.7757,22.99677,247.80629,0.48621,-0.46806,-13.85032,0.03417,0.07202,0.00629,13.85032,0.00629,44.0
6.36,1784879861.34548,A1850_B1850,1,1850,1850,1850,1850,10.747,22.91,246.21377,-0.05669,-0.48217,-13.94689,0.0377,0.01093,-0.00199,13.94689,-0.00199,44.0
6.38,1784879861.36548,A1850_B1850,1,1850,1850,1850,1850,10.747,22.91,246.21377,-0.74224,-0.32299,-13.50134,0.02199,-0.04224,-0.00448,13.50134,-0.00448,44.0
6.4,1784879861.38548,A1850_B1850,1,1850,1850,1850,1850,10.747,22.91,246.21377,-0.36604,-0.44742,-13.25746,0.02134,0.00375,0.00171,13.25746,0.00171,44.0
6.42,1784879861.40548,A1850_B1850,1,1850,1850,1850,1850,10.78277,23.02925,248.31915,0.02461,-0.10971,-14.00783,0.00467,0.04634,-0.00809,14.00783,-0.00809,44.0
6.44,1784879861.42548,A1850_B1850,1,1850,1850,1850,1850,10.82044,23.15479,250.54488,-0.65843,-0.20069,-13.04958,-0.00517,-0.03264,0.00245,13.04958,0.00245,44.0
6.46,1784879861.44548,A1850_B1850,1,1850,1850,1850,1850,10.84,23.22,251.7048,-0.75237,-0.00272,-13.12336,-0.00885,-0.02547,0.00033,13.12336,0.00033,44.0
6.48,1784879861.46548,A1850_B1850,1,1850,1850,1850,1850,10.84,23.22,251.7048,-0.31389,-0.61223,-14.06356,0.06089,-0.00049,-0.01386,14.06356,-0.01386,44.0
6.5,1784879861.48548,A1850_B1850,1,1850,1850,1850,1850,10.84,23.22,251.7048,-0.44722,-0.38602,-13.94721,0.02266,-0.00913,-0.002,13.94721,-0.002,44.0
6.52,1784879861.50548,A1850_B1850,1,1850,1850,1850,1850,10.78418,23.23488,250.56928,-0.45627,-0.36974,-12.5782,0.01398,-0.02071,0.00252,12.5782,0.00252,44.0
6.54,1784879861.52548,A1850_B1850,1,1850,1850,1850,1850,10.72827,23.2498,249.43002,-0.63173,-0.19866,-13.22134,0.01492,-0.02761,0.00562,13.22134,0.00562,44.0
6.56,1784879861.54548,A1850_B1850,1,1850,1850,1850,1850,10.69,23.26,248.6494,-0.71326,0.05173,-13.96931,-0.00952,-0.01117,0.00265,13.96931,0.00265,44.0
6.58,1784879861.56548,A1850_B1850,1,1850,1850,1850,1850,10.69,23.26,248.6494,-0.65395,-0.7939,-13.23317,0.05002,-0.01448,-0.01164,13.23317,-0.01164,44.0
6.6,1784879861.58548,A1850_B1850,1,1850,1850,1850,1850,10.6924,23.25741,248.67764,-0.51611,-0.27662,-12.39827,0.00756,-0.01465,0.00309,12.39827,0.00309,44.0
6.62,1784879861.60548,A1850_B1850,1,1850,1850,1850,1850,10.74033,23.2058,249.23789,-0.26251,-0.26275,-13.45644,0.01887,0.00383,0.0062,13.45644,0.0062,44.0
6.64,1784879861.62548,A1850_B1850,1,1850,1850,1850,1850,10.78825,23.15419,249.7932,-0.68832,-0.57998,-13.92064,0.04991,-0.01651,-0.00763,13.92064,-0.00763,44.0
6.66,1784879861.64548,A1850_B1850,1,1850,1850,1850,1850,10.82,23.12,250.1584,-1.19751,-0.50119,-13.37878,0.02242,-0.07195,-0.00606,13.37878,-0.00606,44.0
6.68,1784879861.66548,A1850_B1850,1,1850,1850,1850,1850,10.82,23.12,250.1584,-0.74349,-0.03545,-13.40717,-0.00223,-0.03026,0.00171,13.40717,0.00171,44.0
6.7,1784879861.68548,A1850_B1850,1,1850,1850,1850,1850,10.81701,23.11624,250.04865,-0.20652,0.15802,-13.80333,-0.01117,-0.00082,0.00507,13.80333,0.00507,44.0
6.72,1784879861.70548,A1850_B1850,1,1850,1850,1850,1850,10.75655,23.04019,247.8329,-0.23601,-0.57122,-13.58282,0.04086,-0.00858,0.00242,13.58282,0.00242,44.0
6.74,1784879861.72548,A1850_B1850,1,1850,1850,1850,1850,10.69609,22.96413,245.62634,-0.58912,-0.96451,-12.74345,0.04951,0.00505,-0.00699,12.74345,-0.00699,44.0
6.76,1784879861.74548,A1850_B1850,1,1850,1850,1850,1850,10.661,22.92,244.35012,-0.73699,-0.4954,-13.67761,0.02812,-0.02324,-0.00406,13.67761,-0.00406,44.0
6.78,1784879861.76548,A1850_B1850,1,1850,1850,1850,1850,10.661,22.92,244.35012,-1.22011,0.4397,-14.20321,-0.03711,-0.11577,0.01222,14.20321,0.01222,44.0
6.8,1784879861.78548,A1850_B1850,1,1850,1850,1850,1850,10.661,22.92,244.35012,0.38999,-0.47277,-13.19828,0.03601,0.0589,0.00956,13.19828,0.00956,44.0
6.82,1784879861.80548,A1850_B1850,1,1850,1850,1850,1850,10.69597,22.95458,245.5215,-0.16581,-1.08575,-13.7334,0.0764,0.04352,-0.02111,13.7334,-0.02111,44.0
6.84,1784879861.82548,A1850_B1850,1,1850,1850,1850,1850,10.73282,22.99103,246.75864,-0.89535,-0.67681,-13.68403,0.03249,-0.02362,-0.01168,13.68403,-0.01168,44.0
6.86,1784879861.84548,A1850_B1850,1,1850,1850,1850,1850,10.752,23.01,247.40352,-1.11268,0.00981,-13.28788,-0.0032,-0.09733,0.00977,13.28788,0.00977,44.0
6.88,1784879861.86548,A1850_B1850,1,1850,1850,1850,1850,10.752,23.01,247.40352,-0.6058,0.47038,-12.80895,-0.02114,-0.02289,0.02303,12.80895,0.02303,44.0
6.9,1784879861.88548,A1850_B1850,1,1850,1850,1850,1850,10.752,23.01,247.40352,-0.12141,-0.88918,-13.56438,0.06446,0.02105,-0.01704,13.56438,-0.01704,44.0
6.92,1784879861.90548,A1850_B1850,1,1850,1850,1850,1850,10.75426,22.93106,246.6065,0.07742,-1.40061,-13.8362,0.08196,0.01442,-0.02871,13.8362,-0.02871,44.0
6.94,1784879861.92548,A1850_B1850,1,1850,1850,1850,1850,10.75652,22.85177,245.80556,-0.58892,0.71238,-13.07534,-0.06523,-0.03308,0.0017,13.07534,0.0017,44.0
6.96,1784879861.94548,A1850_B1850,1,1850,1850,1850,1850,10.758,22.8,245.2824,-0.75923,0.39202,-13.76062,-0.02396,-0.04674,0.01671,13.76062,0.01671,44.0
6.98,1784879861.96548,A1850_B1850,1,1850,1850,1850,1850,10.758,22.8,245.2824,-0.38814,-0.74719,-13.33694,0.06547,-0.00441,0.00614,13.33694,0.00614,44.0
7.0,1784879861.98548,A1850_B1850,1,1850,1850,1850,1850,10.758,22.8,245.2824,-0.84351,-1.00946,-12.95433,0.06667,-0.0353,-0.02224,12.95433,-0.02224,44.0
7.02,1784879862.00548,A1850_B1850,1,1850,1850,1850,1850,10.73026,22.82998,244.97176,0.38689,-0.37711,-13.09949,0.01272,0.06268,-0.01246,13.09949,-0.01246,44.0
7.04,1784879862.02548,A1850_B1850,1,1850,1850,1850,1850,10.70249,22.86001,244.65901,0.04004,0.02991,-13.86465,-0.01159,0.01455,0.01341,13.86465,0.01341,44.0
7.06,1784879862.04548,A1850_B1850,1,1850,1850,1850,1850,10.684,22.88,244.44992,-0.34455,-0.2892,-13.62414,-0.00679,-0.01129,0.00637,13.62414,0.00637,44.0
7.08,1784879862.06548,A1850_B1850,1,1850,1850,1850,1850,10.684,22.88,244.44992,-0.50857,-0.0973,-12.749,-0.01614,-0.01429,-0.01605,12.749,-0.01605,44.0
7.1,1784879862.08548,A1850_B1850,1,1850,1850,1850,1850,10.684,22.88,244.44992,-0.97428,-0.9973,-13.90643,0.07797,-0.03586,0.00251,13.90643,0.00251,44.0
7.12,1784879862.10548,A1850_B1850,1,1850,1850,1850,1850,10.70156,22.91362,245.21142,-1.25294,-0.27042,-14.17918,0.01826,-0.06905,0.01881,14.17918,0.01881,44.0
7.14,1784879862.12548,A1850_B1850,1,1850,1850,1850,1850,10.71915,22.94731,245.97565,-0.77287,0.19683,-12.99619,-0.02223,-0.0259,0.00527,12.99619,0.00527,44.0
7.16,1784879862.14548,A1850_B1850,1,1850,1850,1850,1850,10.731,22.97,246.49107,-0.2535,-0.14262,-13.02663,-0.00486,-0.0102,-0.01805,13.02663,-0.01805,44.0
7.18,1784879862.16548,A1850_B1850,1,1850,1850,1850,1850,10.731,22.97,246.49107,-0.1434,-0.59222,-13.72767,0.02236,0.01479,-0.00723,13.72767,-0.00723,44.0
7.2,1784879862.18548,A1850_B1850,1,1850,1850,1850,1850,10.73238,22.96848,246.50657,-0.5588,-0.15339,-14.55989,-0.00248,-0.00815,0.01067,14.55989,0.01067,44.0
7.22,1784879862.20548,A1850_B1850,1,1850,1850,1850,1850,10.76029,22.9379,246.8185,-1.58815,0.65822,-12.80245,-0.05718,-0.09977,0.00678,12.80245,0.00678,44.0
7.24,1784879862.22548,A1850_B1850,1,1850,1850,1850,1850,10.7882,22.90731,247.12873,-1.37839,-0.61286,-13.60046,0.03857,-0.09611,-0.00631,13.60046,-0.00631,44.0
7.26,1784879862.24548,A1850_B1850,1,1850,1850,1850,1850,10.804,22.89,247.30356,-0.03935,-1.3886,-13.59107,0.11148,0.0428,0.00213,13.59107,0.00213,44.0
7.28,1784879862.26548,A1850_B1850,1,1850,1850,1850,1850,10.804,22.89,247.30356,0.65197,-0.29025,-13.4389,0.00199,0.09109,0.0032,13.4389,0.0032,44.0
7.3,1784879862.28548,A1850_B1850,1,1850,1850,1850,1850,10.804,22.89,247.30356,-0.08883,0.08536,-13.23441,-0.02811,0.02207,0.00716,13.23441,0.00716,44.0
7.32,1784879862.30548,A1850_B1850,1,1850,1850,1850,1850,10.80363,22.88627,247.25471,-0.43509,-0.11091,-13.47918,-0.00873,-0.0276,-0.00773,13.47918,-0.00773,44.0
7.34,1784879862.32548,A1850_B1850,1,1850,1850,1850,1850,10.80323,22.8823,247.20278,-0.0691,-0.29188,-14.36207,-0.00585,0.01897,0.01305,14.36207,0.01305,44.0
7.36,1784879862.34548,A1850_B1850,1,1850,1850,1850,1850,10.803,22.88,247.17264,-0.71567,-0.52858,-12.57639,0.03216,-0.01759,0.01046,12.57639,0.01046,44.0
7.38,1784879862.36548,A1850_B1850,1,1850,1850,1850,1850,10.803,22.88,247.17264,-0.79767,-0.5255,-13.17724,0.04192,-0.05386,-0.00409,13.17724,-0.00409,44.0
7.4,1784879862.38548,A1850_B1850,1,1850,1850,1850,1850,10.803,22.88,247.17264,-0.92673,-0.16539,-13.60433,-0.01192,-0.03444,0.00181,13.60433,0.00181,44.0
7.42,1784879862.40548,A1850_B1850,1,1850,1850,1850,1850,10.78624,22.89905,246.99458,-0.14933,-0.09403,-13.29622,-0.00819,0.02487,-0.0009,13.29622,-0.0009,44.0
7.44,1784879862.42548,A1850_B1850,1,1850,1850,1850,1850,10.7686,22.9191,246.80647,-0.46771,-0.4003,-12.87519,0.01372,-0.01181,0.00913,12.87519,0.00913,44.0
7.46,1784879862.44548,A1850_B1850,1,1850,1850,1850,1850,10.759,22.93,246.70387,-0.74679,-0.32259,-13.62923,0.00996,-0.04786,-0.00373,13.62923,-0.00373,44.0
7.48,1784879862.46548,A1850_B1850,1,1850,1850,1850,1850,10.759,22.93,246.70387,-0.93835,-0.57308,-14.23566,0.03765,-0.05939,-0.01235,14.23566,-0.01235,44.0
7.5,1784879862.48548,A1850_B1850,1,1850,1850,1850,1850,10.759,22.93,246.70387,-0.49393,-0.63332,-12.90891,0.03641,0.00403,0.00045,12.90891,0.00045,44.0
7.52,1784879862.50548,A1850_B1850,1,1850,1850,1850,1850,10.76214,22.96487,247.15108,-0.21818,-0.28649,-13.53345,0.00329,0.01839,0.01767,13.53345,0.01767,44.0
7.54,1784879862.52548,A1850_B1850,1,1850,1850,1850,1850,10.76556,23.00286,247.63858,-0.15551,0.10896,-13.91113,-0.0241,0.01239,-0.0102,13.91113,-0.0102,44.0
7.56,1784879862.54548,A1850_B1850,1,1850,1850,1850,1850,10.768,23.03,247.98704,-0.9215,-0.03421,-13.22362,-0.00941,-0.03153,-0.01174,13.22362,-0.01174,44.0
7.58,1784879862.56548,A1850_B1850,1,1850,1850,1850,1850,10.768,23.03,247.98704,-0.3126,-1.03225,-12.93515,0.0723,0.0218,0.00522,12.93515,0.00522,44.0
7.6,1784879862.58548,A1850_B1850,1,1850,1850,1850,1850,10.76861,23.03116,248.01365,-0.01202,-0.11976,-13.65112,0.00471,0.01859,0.00023,13.65112,0.00023,44.0
7.62,1784879862.60548,A1850_B1850,1,1850,1850,1850,1850,10.79015,23.07202,248.95063,-0.16418,0.14303,-14.58313,-0.02772,-0.00809,0.00835,14.58313,0.00835,44.0
7.64,1784879862.62548,A1850_B1850,1,1850,1850,1850,1850,10.8117,23.11287,249.88936,-0.44718,-0.49113,-12.74425,0.0169,0.00305,0.00223,12.74425,0.00223,44.0
7.66,1784879862.64548,A1850_B1850,1,1850,1850,1850,1850,10.826,23.14,250.51364,-0.55496,-0.64077,-13.39193,0.03434,-0.01054,-0.0175,13.39193,-0.0175,44.0
7.68,1784879862.66548,A1850_B1850,1,1850,1850,1850,1850,10.826,23.14,250.51364,0.04477,-0.46681,-14.18816,0.03005,0.02968,-4e-05,14.18816,-4e-05,44.0
7.7,1784879862.68548,A1850_B1850,1,1850,1850,1850,1850,10.82429,23.13753,250.44742,-0.03029,-0.24972,-12.91466,0.00139,0.0322,0.01194,12.91466,0.01194,44.0
7.72,1784879862.70548,A1850_B1850,1,1850,1850,1850,1850,10.78944,23.08719,249.09774,-0.89451,-0.39075,-12.89615,0.01591,-0.04448,0.01042,12.89615,0.01042,44.0
7.74,1784879862.72548,A1850_B1850,1,1850,1850,1850,1850,10.75458,23.03684,247.75156,-0.279,-0.18796,-13.70137,0.0217,-0.02032,-0.01137,13.70137,-0.01137,44.0
7.76,1784879862.74548,A1850_B1850,1,1850,1850,1850,1850,10.736,23.01,247.03536,-0.46326,-0.58517,-14.37617,0.01296,-0.01471,-0.00355,14.37617,-0.00355,44.0
7.78,1784879862.76548,A1850_B1850,1,1850,1850,1850,1850,10.736,23.01,247.03536,-0.20803,-0.05487,-12.9808,-0.04679,0.01862,0.01367,12.9808,0.01367,44.0
7.8,1784879862.78548,A1850_B1850,1,1850,1850,1850,1850,10.736,23.01,247.03536,-0.79985,0.2497,-13.33247,-0.02484,-0.07233,-0.00105,13.33247,-0.00105,44.0
7.82,1784879862.80548,A1850_B1850,1,1850,1850,1850,1850,10.72977,22.9204,245.9305,-0.29518,-0.46044,-14.3332,0.06849,-0.00448,-0.00338,14.3332,-0.00338,44.0
7.84,1784879862.82548,A1850_B1850,1,1850,1850,1850,1850,10.72353,22.83072,244.82585,-0.38075,-1.3761,-12.82109,0.09711,0.02558,0.00139,12.82109,0.00139,44.0
7.86,1784879862.84548,A1850_B1850,1,1850,1850,1850,1850,10.72,22.78,244.2016,-0.61738,-0.7904,-12.90145,0.01181,-0.00105,0.00252,12.90145,0.00252,44.0
7.88,1784879862.86548,A1850_B1850,1,1850,1850,1850,1850,10.72,22.78,244.2016,0.15868,0.48052,-13.40766,-0.05763,-0.00433,0.0002,13.40766,0.0002,44.0
7.9,1784879862.88548,A1850_B1850,1,1850,1850,1850,1850,10.72,22.78,244.2016,0.70645,-0.49209,-13.90853,0.03625,0.06667,0.00571,13.90853,0.00571,44.0
7.92,1784879862.90548,A1850_B1850,1,1850,1850,1850,1850,10.70897,22.81309,244.30469,-0.70922,-0.8979,-13.27199,0.05973,-0.00892,-0.01337,13.27199,-0.01337,44.0
7.94,1784879862.92548,A1850_B1850,1,1850,1850,1850,1850,10.69734,22.84799,244.41263,-1.70892,-0.69849,-13.33072,0.04432,-0.10351,-0.00865,13.33072,-0.00865,44.0
7.96,1784879862.94548,A1850_B1850,1,1850,1850,1850,1850,10.69,22.87,244.4803,-0.74127,-0.02381,-14.27127,0.00256,-0.04714,0.02238,14.27127,0.02238,44.0
7.98,1784879862.96548,A1850_B1850,1,1850,1850,1850,1850,10.69,22.87,244.4803,-0.17141,0.26315,-12.78842,-0.00311,-0.00176,0.00808,12.78842,0.00808,44.0
8.0,1784879862.98548,A1850_B1850,1,1850,1850,1850,1850,10.69245,22.8734,244.57272,-0.09299,-0.43892,-12.92903,0.02168,0.01741,-0.02479,12.92903,-0.02479,44.0
8.02,1784879863.00548,A1850_B1850,1,1850,1850,1850,1850,10.74318,22.94375,246.48882,-0.39613,-0.73232,-13.70877,0.03002,-0.01147,-0.02165,13.70877,-0.02165,44.0
8.04,1784879863.02548,A1850_B1850,1,1850,1850,1850,1850,10.79391,23.0141,248.41206,-0.13963,-0.55655,-13.68487,0.0266,0.01385,0.01324,13.68487,0.01324,44.0
8.06,1784879863.04548,A1850_B1850,1,1850,1850,1850,1850,10.827,23.06,249.67062,-0.38978,0.26607,-13.44944,-0.00393,-0.02626,0.0202,13.44944,0.0202,44.0
8.08,1784879863.06547,A1850_B1850,1,1850,1850,1850,1850,10.827,23.06,249.67062,-0.48089,-0.72442,-13.04844,0.06562,-0.03555,-0.00679,13.04844,-0.00679,44.0
8.1,1784879863.08547,A1850_B1850,1,1850,1850,1850,1850,10.82579,23.05549,249.59397,-0.74831,-0.8202,-13.89733,0.0521,-0.03165,-0.0168,13.89733,-0.0168,44.0
8.12,1784879863.10547,A1850_B1850,1,1850,1850,1850,1850,10.80032,22.96044,247.98013,0.03213,0.17403,-13.11615,-0.03823,0.04718,0.00109,13.11615,0.00109,44.0
8.14,1784879863.12547,A1850_B1850,1,1850,1850,1850,1850,10.77485,22.8654,246.37113,-0.60166,0.53777,-13.40914,-0.04915,-0.03829,0.01271,13.40914,0.01271,44.0
8.16,1784879863.14547,A1850_B1850,1,1850,1850,1850,1850,10.76,22.81,245.4356,-0.47827,-0.48514,-13.87401,0.06279,-0.01581,-0.00869,13.87401,-0.00869,44.0
8.18,1784879863.16547,A1850_B1850,1,1850,1850,1850,1850,10.76,22.81,245.4356,-0.14366,-0.51772,-13.49029,0.04263,0.00777,-0.02012,13.49029,-0.02012,44.0
8.2,1784879863.18547,A1850_B1850,1,1850,1850,1850,1850,10.76,22.81,245.4356,-0.20152,-0.41728,-13.22728,0.01354,0.01622,0.00637,13.22728,0.00637,44.0
8.22,1784879863.20547,A1850_B1850,1,1850,1850,1850,1850,10.76336,22.81746,245.59253,-1.02904,-0.12047,-13.52001,-0.00291,-0.0547,0.02148,13.52001,0.02148,44.0
8.24,1784879863.22547,A1850_B1850,1,1850,1850,1850,1850,10.7669,22.82532,245.7579,-0.85042,0.52866,-13.81603,-0.03129,-0.04966,-0.00356,13.81603,-0.00356,44.0
8.26,1784879863.24547,A1850_B1850,1,1850,1850,1850,1850,10.769,22.83,245.85627,-0.29798,-0.46856,-12.80741,0.04117,-0.02417,-0.02541,12.80741,-0.02541,44.0
8.28,1784879863.26547,A1850_B1850,1,1850,1850,1850,1850,10.769,22.83,245.85627,-0.12353,-1.04981,-12.97589,0.07298,0.03442,0.01772,12.97589,0.01772,44.0
8.3,1784879863.28547,A1850_B1850,1,1850,1850,1850,1850,10.769,22.83,245.85627,-0.2952,-0.21512,-13.83985,0.01048,0.03301,0.02533,13.83985,0.02533,44.0
8.32,1784879863.30547,A1850_B1850,1,1850,1850,1850,1850,10.77722,22.84867,246.2451,-0.79208,-0.18871,-12.60218,0.02087,-0.05863,-0.01285,12.60218,-0.01285,44.0
8.34,1784879863.32547,A1850_B1850,1,1850,1850,1850,1850,10.78545,22.86739,246.63505,-0.43173,-0.37755,-13.31192,0.00935,-0.02362,-0.00568,13.31192,-0.00568,44.0
8.36,1784879863.34547,A1850_B1850,1,1850,1850,1850,1850,10.791,22.88,246.89808,-0.22505,-0.67237,-14.02098,0.03287,0.03426,0.01499,14.02098,0.01499,44.0
8.38,1784879863.36547,A1850_B1850,1,1850,1850,1850,1850,10.791,22.88,246.89808,-0.93613,-0.11936,-13.73989,0.00356,-0.04372,-0.00292,13.73989,-0.00292,44.0
8.4,1784879863.38547,A1850_B1850,1,1850,1850,1850,1850,10.78949,22.87626,246.82316,-1.31585,0.12186,-12.96541,0.0064,-0.11639,-0.0118,12.96541,-0.0118,44.0
8.42,1784879863.40547,A1850_B1850,1,1850,1850,1850,1850,10.75815,22.79885,245.27351,-0.36562,-1.08002,-13.33413,0.09094,0.00775,0.01073,13.33413,0.01073,44.0
8.44,1784879863.42547,A1850_B1850,1,1850,1850,1850,1850,10.72682,22.72144,243.72872,-0.05803,-0.34312,-14.07096,0.02549,0.03565,0.00746,14.07096,0.00746,44.0
8.46,1784879863.44547,A1850_B1850,1,1850,1850,1850,1850,10.706,22.67,242.70502,-0.45893,0.46405,-12.57411,-0.06939,-0.01362,-0.00554,12.57411,-0.00554,44.0
8.48,1784879863.46547,A1850_B1850,1,1850,1850,1850,1850,10.706,22.67,242.70502,-1.07114,-0.27622,-13.39887,0.01647,-0.07881,-0.00848,13.39887,-0.00848,44.0
8.5,1784879863.48547,A1850_B1850,1,1850,1850,1850,1850,10.70512,22.67168,242.70311,-0.19882,-0.11891,-13.92941,0.032,0.00507,-0.00229,13.92941,-0.00229,44.0
8.52,1784879863.50547,A1850_B1850,1,1850,1850,1850,1850,10.68726,22.70589,242.6637,0.04511,-0.27285,-13.47102,0.03211,0.03094,0.01113,13.47102,0.01113,44.0
8.54,1784879863.52547,A1850_B1850,1,1850,1850,1850,1850,10.6694,22.74009,242.62306,-0.29547,-0.72866,-12.8091,0.04275,0.00914,0.01375,12.8091,0.01375,44.0
8.56,1784879863.54547,A1850_B1850,1,1850,1850,1850,1850,10.659,22.76,242.59884,-0.88104,-0.05616,-13.71222,-0.0025,-0.04958,0.00501,13.71222,0.00501,44.0
8.58,1784879863.56547,A1850_B1850,1,1850,1850,1850,1850,10.659,22.76,242.59884,-0.48753,0.43412,-13.77668,-0.02581,-0.01777,-0.0176,13.77668,-0.0176,44.0
8.6,1784879863.58547,A1850_B1850,1,1850,1850,1850,1850,10.659,22.76,242.59884,-0.41561,-0.51303,-12.7251,0.0264,0.00145,0.0036,12.7251,0.0036,44.0
8.62,1784879863.60547,A1850_B1850,1,1850,1850,1850,1850,10.6824,22.81369,243.7049,-0.88848,-0.32573,-13.38775,0.02467,-0.04262,0.00533,13.38775,0.00533,44.0
8.64,1784879863.62547,A1850_B1850,1,1850,1850,1850,1850,10.70705,22.87029,244.87343,-0.48873,-0.37219,-13.80312,0.05351,-0.02038,-0.0019,13.80312,-0.0019,44.0
8.66,1784879863.64547,A1850_B1850,1,1850,1850,1850,1850,10.72,22.9,245.488,-1.0105,-0.26028,-13.25228,0.00854,-0.068,0.00503,13.25228,0.00503,44.0
8.68,1784879863.66547,A1850_B1850,1,1850,1850,1850,1850,10.72,22.9,245.488,-0.4224,-0.24235,-13.27825,-0.03461,0.00788,-0.00099,13.27825,-0.00099,44.0
8.7,1784879863.68547,A1850_B1850,1,1850,1850,1850,1850,10.72,22.9,245.488,0.01486,-0.05797,-13.87413,-0.00075,0.02188,0.00194,13.87413,0.00194,44.0
8.72,1784879863.70547,A1850_B1850,1,1850,1850,1850,1850,10.69487,22.82654,244.12683,-0.53419,0.2369,-12.96831,0.00451,-0.02839,0.00197,12.96831,0.00197,44.0
8.74,1784879863.72547,A1850_B1850,1,1850,1850,1850,1850,10.66966,22.75285,242.76519,-1.34463,-0.82535,-13.2284,0.0605,-0.09613,0.00075,13.2284,0.00075,44.0
8.76,1784879863.74547,A1850_B1850,1,1850,1850,1850,1850,10.655,22.71,241.97505,-0.86101,-0.68598,-13.76833,0.02021,-0.01912,-0.00412,13.76833,-0.00412,44.0
8.78,1784879863.76547,A1850_B1850,1,1850,1850,1850,1850,10.655,22.71,241.97505,0.00841,-0.22808,-13.41859,0.00115,0.02118,0.0038,13.41859,0.0038,44.0
8.8,1784879863.78547,A1850_B1850,1,1850,1850,1850,1850,10.655,22.71,241.97505,0.04689,-0.0462,-13.10103,0.0291,-0.01366,-0.00276,13.10103,-0.00276,44.0
8.82,1784879863.80547,A1850_B1850,1,1850,1850,1850,1850,10.68083,22.78113,243.32136,-0.99218,-0.56897,-13.62227,0.03051,-0.05669,-0.01322,13.62227,-0.01322,44.0
8.84,1784879863.82547,A1850_B1850,1,1850,1850,1850,1850,10.70678,22.85258,244.6775,-1.18347,-0.71857,-13.62947,0.01532,-0.02419,0.01237,13.62947,0.01237,44.0
8.86,1784879863.84547,A1850_B1850,1,1850,1850,1850,1850,10.724,22.9,245.5796,0.06795,-0.52662,-13.05319,0.04319,0.02053,0.00272,13.05319,0.00272,44.0
8.88,1784879863.86547,A1850_B1850,1,1850,1850,1850,1850,10.724,22.9,245.5796,0.44562,-0.13561,-13.16997,0.01997,0.03777,0.00294,13.16997,0.00294,44.0
8.9,1784879863.88547,A1850_B1850,1,1850,1850,1850,1850,10.7252,22.90166,245.62484,-0.64484,-0.38325,-13.6672,0.00583,-0.03115,-0.00786,13.6672,-0.00786,44.0
8.92,1784879863.90547,A1850_B1850,1,1850,1850,1850,1850,10.75152,22.93822,246.6208,-1.14732,-0.77763,-12.895,0.02923,-0.03882,0.00399,12.895,0.00399,44.0
8.94,1784879863.92547,A1850_B1850,1,1850,1850,1850,1850,10.77785,22.97479,247.61869,-0.37573,-0.03631,-13.17809,0.00475,-0.02336,-0.00076,13.17809,-0.00076,44.0
8.96,1784879863.94547,A1850_B1850,1,1850,1850,1850,1850,10.796,23.0,248.308,-0.15152,-0.14257,-13.65926,0.01094,-0.0014,0.00735,13.65926,0.00735,44.0
8.98,1784879863.96547,A1850_B1850,1,1850,1850,1850,1850,10.796,23.0,248.308,-0.5302,-0.68232,-13.2884,0.01392,-0.01299,0.00897,13.2884,0.00897,44.0
9.0,1784879863.98547,A1850_B1850,1,1850,1850,1850,1850,10.796,23.0,248.308,-0.8631,0.2194,-14.02978,-0.04843,-0.03499,-0.00386,14.02978,-0.00386,44.0
9.02,1784879864.00547,A1850_B1850,1,1850,1850,1850,1850,10.76923,22.96983,247.36738,-0.2283,-0.21132,-13.56453,0.03018,0.01574,-0.00361,13.56453,-0.00361,44.0
9.04,1784879864.02547,A1850_B1850,1,1850,1850,1850,1850,10.74101,22.93804,246.37765,-0.04671,-0.74339,-13.0416,0.06853,0.01423,0.00448,13.0416,0.00448,44.0
9.06,1784879864.04547,A1850_B1850,1,1850,1850,1850,1850,10.725,22.92,245.817,-0.10766,-0.39694,-12.98599,0.01344,0.02218,0.00575,12.98599,0.00575,44.0
9.08,1784879864.06547,A1850_B1850,1,1850,1850,1850,1850,10.725,22.92,245.817,-0.84537,0.02948,-13.76701,-0.01359,-0.04979,-0.00609,13.76701,-0.00609,44.0
9.1,1784879864.08547,A1850_B1850,1,1850,1850,1850,1850,10.725,22.92,245.817,-0.3625,-0.05671,-13.96609,-0.0026,-0.01704,-0.00406,13.96609,-0.00406,44.0
9.12,1784879864.10547,A1850_B1850,1,1850,1850,1850,1850,10.71994,22.90192,245.50719,-0.68561,-0.49193,-12.61914,0.02236,-0.02109,0.00758,12.61914,0.00758,44.0
9.14,1784879864.12547,A1850_B1850,1,1850,1850,1850,1850,10.71459,22.88284,245.18033,-0.12538,-0.06823,-13.71599,-0.00093,0.021,-0.00341,13.71599,-0.00341,44.0
9.16,1784879864.14547,A1850_B1850,1,1850,1850,1850,1850,10.711,22.87,244.96057,-0.35596,-0.22088,-13.75682,0.016,-0.01835,-0.00052,13.75682,-0.00052,44.0
9.18,1784879864.16547,A1850_B1850,1,1850,1850,1850,1850,10.711,22.87,244.96057,-0.71429,-0.4909,-12.64488,0.03043,-0.0154,0.01235,12.64488,0.01235,44.0
9.2,1784879864.18547,A1850_B1850,1,1850,1850,1850,1850,10.711,22.87,244.96057,-0.48672,-0.14031,-13.4358,-0.01937,0.00164,0.00237,13.4358,0.00237,44.0
9.22,1784879864.20547,A1850_B1850,1,1850,1850,1850,1850,10.71586,22.88123,245.19213,0.31207,-0.48043,-13.65646,0.01267,0.0499,0.00161,13.65646,0.00161,44.0
9.24,1784879864.22547,A1850_B1850,1,1850,1850,1850,1850,10.72075,22.89251,245.42496,-0.36925,-0.17107,-13.8636,0.01486,-0.01898,-0.00367,13.8636,-0.00367,44.0
9.26,1784879864.24547,A1850_B1850,1,1850,1850,1850,1850,10.724,22.9,245.5796,-0.81287,-0.2766,-12.92737,0.0223,-0.03136,-0.00084,12.92737,-0.00084,44.0
9.28,1784879864.26547,A1850_B1850,1,1850,1850,1850,1850,10.724,22.9,245.5796,-0.66689,-0.13418,-13.85738,-0.00703,-0.01714,0.01135,13.85738,0.01135,44.0
9.3,1784879864.28547,A1850_B1850,1,1850,1850,1850,1850,10.724,22.9,245.5796,-0.39032,-0.89948,-14.20612,0.05697,-0.00159,0.00833,14.20612,0.00833,44.0
9.32,1784879864.30547,A1850_B1850,1,1850,1850,1850,1850,10.71137,22.86555,244.92124,0.2352,-0.26481,-12.55698,0.02663,0.04304,-0.00663,12.55698,-0.00663,44.0
9.34,1784879864.32547,A1850_B1850,1,1850,1850,1850,1850,10.69861,22.83076,244.25746,-0.37264,0.16258,-13.41387,-0.04037,-0.00919,-0.00661,13.41387,-0.00661,44.0
9.36,1784879864.34547,A1850_B1850,1,1850,1850,1850,1850,10.691,22.81,243.86171,-0.91261,-0.28565,-13.97174,-0.0006,-0.05969,0.0038,13.97174,0.0038,44.0
9.38,1784879864.36547,A1850_B1850,1,1850,1850,1850,1850,10.691,22.81,243.86171,-0.17125,-0.59929,-13.3736,0.02089,0.04631,0.01813,13.3736,0.01813,44.0
9.4,1784879864.38547,A1850_B1850,1,1850,1850,1850,1850,10.6918,22.8113,243.89376,-0.52865,-0.89598,-12.70549,0.05419,0.01581,0.0014,12.70549,0.0014,44.0
9.42,1784879864.40547,A1850_B1850,1,1850,1850,1850,1850,10.70822,22.83804,244.55487,-0.95672,-0.40439,-14.11973,0.04258,-0.10742,-0.02382,14.11973,-0.02382,44.0
9.44,1784879864.42547,A1850_B1850,1,1850,1850,1850,1850,10.72465,22.86478,245.21686,-0.19725,0.43061,-13.72877,-0.04012,-0.0018,0.00766,13.72877,0.00766,44.0
9.46,1784879864.44547,A1850_B1850,1,1850,1850,1850,1850,10.734,22.88,245.59392,-0.08193,-0.2995,-12.4524,-0.01534,0.05273,0.02626,12.4524,0.02626,44.0
9.48,1784879864.46547,A1850_B1850,1,1850,1850,1850,1850,10.734,22.88,245.59392,-0.72374,-1.37967,-13.25467,0.09673,-0.04123,-0.0179,13.25467,-0.0179,44.0
9.5,1784879864.48547,A1850_B1850,1,1850,1850,1850,1850,10.734,22.88,245.59392,-0.61424,-0.01643,-13.95341,0.02799,-0.0661,-0.01755,13.95341,-0.01755,44.0
9.52,1784879864.50547,A1850_B1850,1,1850,1850,1850,1850,10.72263,22.7966,244.43951,-0.52431,0.37191,-12.52919,-0.03302,0.0093,0.03217,12.52919,0.03217,44.0
9.54,1784879864.52547,A1850_B1850,1,1850,1850,1850,1850,10.71049,22.70757,243.20911,-0.64706,-0.81192,-13.01269,0.01163,-0.02854,0.00761,13.01269,0.00761,44.0
9.56,1784879864.54547,A1850_B1850,1,1850,1850,1850,1850,10.704,22.66,242.55264,-0.55739,-0.42646,-14.48228,0.01741,-0.04288,-0.03443,14.48228,-0.03443,44.0
9.58,1784879864.56547,A1850_B1850,1,1850,1850,1850,1850,10.704,22.66,242.55264,-0.02999,-0.42407,-12.84868,0.0547,0.02147,0.01068,12.84868,0.01068,44.0
9.6,1784879864.58547,A1850_B1850,1,1850,1850,1850,1850,10.704,22.66,242.55264,-0.35457,-0.06143,-13.00494,0.01541,-0.00562,0.03426,13.00494,0.03426,44.0
9.62,1784879864.60547,A1850_B1850,1,1850,1850,1850,1850,10.69407,22.69972,242.75238,-0.3151,-0.1254,-13.98092,-0.02274,0.00966,-0.00062,13.98092,-0.00062,44.0
9.64,1784879864.62547,A1850_B1850,1,1850,1850,1850,1850,10.6841,22.73961,242.9522,-0.54744,-0.77071,-13.17133,0.04242,-0.00827,-0.02618,13.17133,-0.02618,44.0
9.66,1784879864.64547,A1850_B1850,1,1850,1850,1850,1850,10.679,22.76,243.05404,0.34587,-0.36624,-13.19047,0.03098,0.04979,0.01285,13.19047,0.01285,44.0
9.68,1784879864.66547,A1850_B1850,1,1850,1850,1850,1850,10.679,22.76,243.05404,0.41797,-0.03338,-13.23411,0.01373,0.0404,0.01237,13.23411,0.01237,44.0
9.7,1784879864.68547,A1850_B1850,1,1850,1850,1850,1850,10.679,22.76,243.05404,-0.90558,-0.291,-13.91725,0.01302,-0.05539,0.00078,13.91725,0.00078,44.0
9.72,1784879864.70547,A1850_B1850,1,1850,1850,1850,1850,10.68833,22.78239,243.50562,-0.62694,-1.70105,-12.98643,0.12488,-0.00902,-0.00612,12.98643,-0.00612,44.0
9.74,1784879864.72547,A1850_B1850,1,1850,1850,1850,1850,10.69768,22.80483,243.95872,0.69283,-0.51066,-12.73409,0.0685,0.08398,-0.01367,12.73409,-0.01367,44.0
9.76,1784879864.74547,A1850_B1850,1,1850,1850,1850,1850,10.704,22.82,244.26528,0.54692,0.17342,-13.95194,-0.01323,0.05474,-0.00233,13.95194,-0.00233,44.0
9.78,1784879864.76547,A1850_B1850,1,1850,1850,1850,1850,10.704,22.82,244.26528,-1.1793,-0.59155,-12.90493,0.01921,-0.05436,0.01467,12.90493,0.01467,44.0
9.8,1784879864.78547,A1850_B1850,1,1850,1850,1850,1850,10.70346,22.8175,244.22635,-1.24661,-0.74079,-13.18961,0.06596,-0.05257,-0.01011,13.18961,-0.01011,44.0
9.82,1784879864.80547,A1850_B1850,1,1850,1850,1850,1850,10.69232,22.76551,243.41616,-0.83496,-0.25307,-13.92236,0.0275,-0.03933,0.00241,13.92236,0.00241,44.0
9.84,1784879864.82547,A1850_B1850,1,1850,1850,1850,1850,10.68118,22.71351,242.60712,-0.32376,-0.27468,-13.36409,0.00341,-0.02791,-0.00154,13.36409,-0.00154,44.0
9.86,1784879864.84547,A1850_B1850,1,1850,1850,1850,1850,10.674,22.68,242.08632,-0.54068,-0.19352,-13.31555,0.01672,-0.01955,-0.00448,13.31555,-0.00448,44.0
9.88,1784879864.86547,A1850_B1850,1,1850,1850,1850,1850,10.674,22.68,242.08632,-0.37204,0.0873,-13.60301,-0.00716,0.00988,0.0048,13.60301,0.0048,44.0
9.9,1784879864.88547,A1850_B1850,1,1850,1850,1850,1850,10.67477,22.67871,242.0901,-0.46293,-0.47889,-13.65174,0.02547,-0.01137,0.01603,13.65174,0.01603,44.0
9.92,1784879864.90547,A1850_B1850,1,1850,1850,1850,1850,10.69686,22.6419,242.19722,-0.1071,-0.51222,-12.9963,0.02819,0.04811,0.00382,12.9963,0.00382,44.0
9.94,1784879864.92547,A1850_B1850,1,1850,1850,1850,1850,10.71894,22.6051,242.30271,0.13451,-0.37147,-13.9135,0.03243,0.04482,-0.0059,13.9135,-0.0059,44.0
9.96,1784879864.94547,A1850_B1850,1,1850,1850,1850,1850,10.734,22.58,242.37372,-0.82674,-0.31864,-13.67805,0.01203,-0.06719,-0.00361,13.67805,-0.00361,44.0
9.98,1784879864.96547,A1850_B1850,1,1850,1850,1850,1850,10.734,22.58,242.37372,-1.30882,0.02282,-13.17786,-0.02316,-0.07708,0.00526,13.17786,0.00526,44.0
10.0,1784879864.98547,A1850_B1850,1,1850,1850,1850,1850,10.73315,22.58289,242.38551,-0.5305,-0.28789,-13.37571,0.00328,-0.00985,0.01603,13.37571,0.01603,44.0
10.02,1784879865.00547,A1850_B1850,1,1850,1850,1850,1850,10.71128,22.65708,242.68638,-0.26252,-0.77798,-13.77573,0.07536,-0.00203,0.00227,13.77573,0.00227,44.0
10.04,1784879865.02547,A1850_B1850,1,1850,1850,1850,1850,10.68941,22.73128,242.984,-1.05391,-0.0787,-13.26936,-0.00788,-0.05526,0.00758,13.26936,0.00758,44.0
10.06,1784879865.04547,A1850_B1850,1,1850,1850,1850,1850,10.678,22.77,243.13806,-0.96024,0.03149,-13.24294,-0.03676,-0.04521,0.01284,13.24294,0.01284,44.0
10.08,1784879865.06547,A1850_B1850,1,1850,1850,1850,1850,10.678,22.77,243.13806,0.51725,-0.48971,-13.58116,0.05012,0.0804,0.00424,13.58116,0.00424,44.0
10.1,1784879865.08547,A1850_B1850,1,1850,1850,1850,1850,10.678,22.77,243.13806,0.6368,-0.93699,-12.74831,0.07083,0.06242,-0.00312,12.74831,-0.00312,44.0
10.12,1784879865.10547,A1850_B1850,1,1850,1850,1850,1850,10.69405,22.79612,243.78277,-0.03679,-0.42141,-13.31803,0.00448,0.01763,-0.00061,13.31803,-0.00061,44.0
10.14,1784879865.12547,A1850_B1850,1,1850,1850,1850,1850,10.71013,22.82231,244.42989,-1.53321,0.39076,-13.91618,-0.04238,-0.10315,0.00361,13.91618,0.00361,44.0
10.16,1784879865.14547,A1850_B1850,1,1850,1850,1850,1850,10.721,22.84,244.86764,-0.35309,-0.47169,-13.33472,0.05314,-0.00522,-0.00786,13.33472,-0.00786,44.0
10.18,1784879865.16547,A1850_B1850,1,1850,1850,1850,1850,10.721,22.84,244.86764,-0.19932,-0.99812,-14.05426,0.08502,0.01292,0.00167,14.05426,0.00167,44.0
10.2,1784879865.18547,A1850_B1850,1,1850,1850,1850,1850,10.72135,22.84195,244.89646,-0.87492,-0.78234,-13.70448,0.06226,-0.03088,0.00397,13.70448,0.00397,44.0
10.22,1784879865.20547,A1850_B1850,1,1850,1850,1850,1850,10.73368,22.9113,245.92247,-1.33275,0.50958,-12.86967,-0.03505,-0.07988,0.01126,12.86967,0.01126,44.0
10.24,1784879865.22547,A1850_B1850,1,1850,1850,1850,1850,10.746,22.98065,246.95019,-0.10904,-0.21796,-13.33213,0.02048,0.0127,0.00114,13.33213,0.00114,44.0
10.26,1784879865.24547,A1850_B1850,1,1850,1850,1850,1850,10.753,23.02,247.53406,0.2031,-0.1762,-13.68277,-0.00118,0.0585,-0.0048,13.68277,-0.0048,44.0
10.28,1784879865.26547,A1850_B1850,1,1850,1850,1850,1850,10.753,23.02,247.53406,-0.39541,-0.33831,-14.19127,0.02647,-0.00428,0.00612,14.19127,0.00612,44.0
10.3,1784879865.28547,A1850_B1850,1,1850,1850,1850,1850,10.75325,23.0195,247.53444,-0.83063,-0.36534,-12.66693,0.03228,-0.0495,0.00333,12.66693,0.00333,44.0
10.32,1784879865.30547,A1850_B1850,1,1850,1850,1850,1850,10.75895,23.0081,247.543,-1.51194,-0.2212,-13.69852,0.01809,-0.08946,0.01622,13.69852,0.01622,44.0
10.34,1784879865.32547,A1850_B1850,1,1850,1850,1850,1850,10.76465,22.9967,247.55143,-0.13891,0.19104,-13.88014,-0.01338,0.02868,0.00892,13.88014,0.00892,44.0
10.36,1784879865.34547,A1850_B1850,1,1850,1850,1850,1850,10.768,22.99,247.55632,0.47077,-0.51558,-12.19579,0.03185,0.08924,-0.00686,12.19579,-0.00686,44.0
10.38,1784879865.36547,A1850_B1850,1,1850,1850,1850,1850,10.768,22.99,247.55632,-0.84277,-0.68477,-13.3245,0.02581,-0.04632,-0.00197,13.3245,-0.00197,44.0
10.4,1784879865.38547,A1850_B1850,1,1850,1850,1850,1850,10.768,22.99,247.55632,-1.53912,0.67476,-14.12274,-0.04397,-0.11041,0.00052,14.12274,0.00052,44.0
10.42,1784879865.40547,A1850_B1850,1,1850,1850,1850,1850,10.7237,22.79691,244.46736,-1.03312,0.16609,-13.19047,-0.02462,-0.06049,0.01986,13.19047,0.01986,44.0
10.44,1784879865.42547,A1850_B1850,1,1850,1850,1850,1850,10.67686,22.59272,241.21932,-0.41543,-0.83699,-12.75634,0.06925,-0.00761,0.00308,12.75634,0.00308,44.0
10.46,1784879865.44547,A1850_B1850,1,1850,1850,1850,1850,10.651,22.48,239.43448,-0.19498,-0.98687,-13.83066,0.06639,0.01928,-0.01508,13.83066,-0.01508,44.0
10.48,1784879865.46547,A1850_B1850,1,1850,1850,1850,1850,10.651,22.48,239.43448,-1.07675,0.19614,-13.857,-0.00806,-0.08583,0.00318,13.857,0.00318,44.0
10.5,1784879865.48547,A1850_B1850,1,1850,1850,1850,1850,10.65245,22.48552,239.52593,-0.49228,0.76018,-12.72809,-0.06002,-0.01508,0.02654,12.72809,0.02654,44.0
10.52,1784879865.50547,A1850_B1850,1,1850,1850,1850,1850,10.68325,22.60284,241.47174,0.07137,-0.77505,-13.20013,0.03801,0.05062,-0.00794,13.20013,-0.00794,44.0
10.54,1784879865.52547,A1850_B1850,1,1850,1850,1850,1850,10.71404,22.72016,243.42479,-0.09257,-0.69257,-13.93336,0.02769,0.01229,-0.02412,13.93336,-0.02412,44.0
10.56,1784879865.54547,A1850_B1850,1,1850,1850,1850,1850,10.735,22.8,244.758,-0.61853,0.1494,-13.35805,-0.01161,-0.03214,0.01011,13.35805,0.01011,44.0
10.58,1784879865.56547,A1850_B1850,1,1850,1850,1850,1850,10.735,22.8,244.758,-1.72683,0.52963,-13.30577,-0.03191,-0.10209,0.02671,13.30577,0.02671,44.0
10.6,1784879865.58547,A1850_B1850,1,1850,1850,1850,1850,10.73586,22.79727,244.74819,-1.61408,-0.91823,-14.04247,0.08361,-0.10914,-0.00165,14.04247,-0.00165,44.0
10.62,1784879865.60547,A1850_B1850,1,1850,1850,1850,1850,10.75419,22.73877,244.53695,0.33521,-0.90328,-12.97102,0.07283,0.05262,-0.01667,12.97102,-0.01667,44.0
10.64,1784879865.62547,A1850_B1850,1,1850,1850,1850,1850,10.77251,22.68027,244.32357,0.6487,0.09064,-12.78097,-0.03104,0.09361,0.00628,12.78097,0.00628,44.0
10.66,1784879865.64547,A1850_B1850,1,1850,1850,1850,1850,10.782,22.65,244.2123,-0.76105,-0.1061,-13.82541,-0.00647,-0.0333,0.0081,13.82541,0.0081,44.0
10.68,1784879865.66547,A1850_B1850,1,1850,1850,1850,1850,10.782,22.65,244.2123,-0.54953,-0.30393,-13.09809,0.03709,-0.00731,0.00033,13.09809,0.00033,44.0
10.7,1784879865.68547,A1850_B1850,1,1850,1850,1850,1850,10.77987,22.65108,244.17576,-0.67034,-0.38761,-13.14389,0.03851,-0.0261,0.00161,13.14389,0.00161,44.0
10.72,1784879865.70547,A1850_B1850,1,1850,1850,1850,1850,10.73415,22.67433,243.38973,-0.27785,-0.58975,-13.31789,0.04498,-0.01453,0.00097,13.31789,0.00097,44.0
10.74,1784879865.72547,A1850_B1850,1,1850,1850,1850,1850,10.68844,22.69758,242.60157,0.44581,-0.54051,-13.44461,0.02039,0.05856,0.00129,13.44461,0.00129,44.0
10.76,1784879865.74547,A1850_B1850,1,1850,1850,1850,1850,10.664,22.71,242.17944,0.10359,0.27637,-13.23867,-0.01615,0.05559,0.00771,13.23867,0.00771,44.0
10.78,1784879865.76547,A1850_B1850,1,1850,1850,1850,1850,10.664,22.71,242.17944,-0.58958,0.19019,-13.18951,-0.01834,-0.01982,0.0072,13.18951,0.0072,44.0
10.8,1784879865.78547,A1850_B1850,1,1850,1850,1850,1850,10.664,22.71,242.17944,-0.40424,-0.7147,-13.43058,0.03994,-0.02063,-0.00431,13.43058,-0.00431,44.0
10.82,1784879865.80547,A1850_B1850,1,1850,1850,1850,1850,10.69243,22.78897,243.66937,0.99773,-1.04756,-12.55636,0.07272,0.13666,0.00722,12.55636,0.00722,44.0
10.84,1784879865.82547,A1850_B1850,1,1850,1850,1850,1850,10.72105,22.86848,245.17412,0.29622,-0.28941,-13.46016,0.05271,0.05725,0.00224,13.46016,0.00224,44.0
10.86,1784879865.84547,A1850_B1850,1,1850,1850,1850,1850,10.736,22.91,245.96176,-1.32635,0.26474,-13.72804,-0.01565,-0.12209,-0.01518,13.72804,-0.01518,44.0
10.88,1784879865.86547,A1850_B1850,1,1850,1850,1850,1850,10.736,22.91,245.96176,-0.95423,-0.40627,-13.0401,0.0183,-0.05489,-0.00014,13.0401,-0.00014,44.0
10.9,1784879865.88547,A1850_B1850,1,1850,1850,1850,1850,10.736,22.91,245.96176,0.18013,-0.93907,-13.42638,0.08298,0.06909,0.00165,13.42638,0.00165,44.0
10.92,1784879865.90547,A1850_B1850,1,1850,1850,1850,1850,10.74932,22.873,245.86919,0.30051,-0.50489,-13.27226,0.05028,0.06199,0.01135,13.27226,0.01135,44.0
10.94,1784879865.92547,A1850_B1850,1,1850,1850,1850,1850,10.76283,22.83548,245.77433,-1.33691,0.45547,-12.8316,-0.05946,-0.07639,0.01143,12.8316,0.01143,44.0
10.96,1784879865.94547,A1850_B1850,1,1850,1850,1850,1850,10.772,22.81,245.70932,-0.93087,0.15162,-13.90629,-0.01558,-0.02191,0.00665,13.90629,0.00665,44.0
10.98,1784879865.96547,A1850_B1850,1,1850,1850,1850,1850,10.772,22.81,245.70932,-0.06512,-0.94401,-13.84812,0.07974,0.02901,0.0001,13.84812,0.0001,44.0
11.0,1784879865.98547,A1850_B1850,1,1850,1850,1850,1850,10.7724,22.81287,245.74927,-0.00177,-0.84243,-12.56689,0.06743,0.00973,-0.01154,12.56689,-0.01154,44.0
11.02,1784879866.00547,A1850_B1850,1,1850,1850,1850,1850,10.78158,22.87901,246.67199,-1.37307,0.26865,-13.66299,-0.01989,-0.08152,0.0095,13.66299,0.0095,44.0
11.04,1784879866.02547,A1850_B1850,1,1850,1850,1850,1850,10.79077,22.94516,247.59594,-1.3073,0.41616,-14.13446,-0.03325,-0.06342,0.01652,14.13446,0.01652,44.0
11.06,1784879866.04547,A1850_B1850,1,1850,1850,1850,1850,10.797,22.99,248.22303,-0.45791,-0.1834,-12.80487,0.00892,0.01092,0.01188,12.80487,0.01188,44.0
11.08,1784879866.06547,A1850_B1850,1,1850,1850,1850,1850,10.797,22.99,248.22303,-0.43417,-0.6133,-13.17418,0.04523,-0.02435,0.00433,13.17418,0.00433,44.0
11.1,1784879866.08547,A1850_B1850,1,1850,1850,1850,1850,10.79703,22.98712,248.19275,-0.57978,-0.31079,-13.42448,0.01379,0.01186,0.00329,13.42448,0.00329,44.0
11.12,1784879866.10547,A1850_B1850,1,1850,1850,1850,1850,10.79779,22.92243,247.51169,-0.66684,0.02804,-13.50357,-0.01532,-0.0248,0.00352,13.50357,0.00352,44.0
11.14,1784879866.12547,A1850_B1850,1,1850,1850,1850,1850,10.79856,22.85773,246.83053,-0.38434,0.09151,-12.87767,-0.01125,0.00722,0.01048,12.87767,0.01048,44.0
11.16,1784879866.14547,A1850_B1850,1,1850,1850,1850,1850,10.799,22.82,246.43318,-0.03502,-0.4749,-12.96999,0.03943,0.04346,0.00324,12.96999,0.00324,44.0
11.18,1784879866.16547,A1850_B1850,1,1850,1850,1850,1850,10.799,22.82,246.43318,-0.6764,-0.6257,-14.37989,0.0643,-0.03584,-0.00876,14.37989,-0.00876,44.0
11.2,1784879866.18547,A1850_B1850,1,1850,1850,1850,1850,10.799,22.82,246.43318,-1.18434,-0.17271,-12.61006,0.00945,-0.06948,0.00554,12.61006,0.00554,44.0
11.22,1784879866.20547,A1850_B1850,1,1850,1850,1850,1850,10.75269,22.78265,244.9747,-0.61626,0.47536,-13.36546,-0.05085,-0.00699,0.02058,13.36546,0.02058,44.0
11.24,1784879866.22547,A1850_B1850,1,1850,1850,1850,1850,10.70315,22.7427,243.41867,0.22068,-0.37753,-13.82478,0.03704,0.04994,-0.00588,13.82478,-0.00588,44.0
11.26,1784879866.24547,A1850_B1850,1,1850,1850,1850,1850,10.675,22.72,242.536,-0.32619,-1.62138,-12.76742,0.11675,0.01461,-0.00984,12.76742,-0.00984,44.0
11.28,1784879866.26547,A1850_B1850,1,1850,1850,1850,1850,10.675,22.72,242.536,-1.00875,0.04852,-13.15351,-0.02248,-0.02218,0.01241,13.15351,0.01241,44.0
11.3,1784879866.28547,A1850_B1850,1,1850,1850,1850,1850,10.67546,22.723,242.57839,-0.84457,0.15754,-14.18538,-0.01725,-0.05914,0.01078,14.18538,0.01078,44.0
11.32,1784879866.30547,A1850_B1850,1,1850,1850,1850,1850,10.68582,22.79089,243.53931,-0.12989,-0.72315,-13.64529,0.06632,-0.02774,0.00233,13.64529,0.00233,44.0
11.34,1784879866.32547,A1850_B1850,1,1850,1850,1850,1850,10.69618,22.85878,244.50163,0.30801,-1.14485,-12.40068,0.0826,0.07686,-0.00335,12.40068,-0.00335,44.0
11.36,1784879866.34547,A1850_B1850,1,1850,1850,1850,1850,10.704,22.91,245.22864,-1.36735,-0.30472,-13.78904,0.00334,-0.07389,0.00248,13.78904,0.00248,44.0
11.38,1784879866.36547,A1850_B1850,1,1850,1850,1850,1850,10.704,22.91,245.22864,-0.65801,0.44441,-13.70531,-0.02572,-0.03778,0.01535,13.70531,0.01535,44.0
11.4,1784879866.38547,A1850_B1850,1,1850,1850,1850,1850,10.704,22.91,245.22864,0.49552,-0.79193,-12.45647,0.08464,0.06771,0.00227,12.45647,0.00227,44.0
11.42,1784879866.40547,A1850_B1850,1,1850,1850,1850,1850,10.68843,22.79878,243.68313,0.70916,-1.14357,-13.06716,0.07879,0.11501,-0.00867,13.06716,-0.00867,44.0
11.44,1784879866.42547,A1850_B1850,1,1850,1850,1850,1850,10.67276,22.68685,242.13123,-0.21707,-0.47549,-13.80642,0.01332,0.01837,0.00422,13.80642,0.00422,44.0
11.46,1784879866.44547,A1850_B1850,1,1850,1850,1850,1850,10.662,22.61,241.06782,-0.55844,0.04979,-12.93697,0.00366,-0.03827,0.00465,12.93697,0.00465,44.0
11.48,1784879866.46547,A1850_B1850,1,1850,1850,1850,1850,10.662,22.61,241.06782,-0.58027,-0.29876,-13.16225,0.01398,-0.02044,0.00816,13.16225,0.00816,44.0
11.5,1784879866.48547,A1850_B1850,1,1850,1850,1850,1850,10.66249,22.6107,241.08627,-0.15658,-0.85178,-13.982,0.06366,0.0172,0.00101,13.982,0.00101,44.0
11.52,1784879866.50547,A1850_B1850,1,1850,1850,1850,1850,10.67538,22.62912,241.57449,-0.35431,0.01943,-13.05338,0.0063,0.00514,-0.00225,13.05338,-0.00225,44.0
11.54,1784879866.52547,A1850_B1850,1,1850,1850,1850,1850,10.68828,22.64754,242.06319,0.05046,-0.48929,-12.4637,0.01719,0.0408,0.00526,12.4637,0.00526,44.0
11.56,1784879866.54547,A1850_B1850,1,1850,1850,1850,1850,10.697,22.66,242.39402,-0.78131,0.45941,-13.98331,-0.03928,-0.03206,0.01526,13.98331,0.01526,44.0
11.58,1784879866.56547,A1850_B1850,1,1850,1850,1850,1850,10.697,22.66,242.39402,-0.76193,0.15501,-13.2877,-0.01289,-0.03222,0.0152,13.2877,0.0152,44.0
11.6,1784879866.58547,A1850_B1850,1,1850,1850,1850,1850,10.69811,22.65878,242.4062,-0.62531,-0.38196,-13.45796,0.02445,-0.02574,0.00214,13.45796,0.00214,44.0
11.62,1784879866.60547,A1850_B1850,1,1850,1850,1850,1850,10.72261,22.63199,242.67396,-0.71361,-0.58938,-13.4024,0.04385,-0.03216,-0.01386,13.4024,-0.01386,44.0
11.64,1784879866.62547,A1850_B1850,1,1850,1850,1850,1850,10.7471,22.6052,242.9404,0.02466,-0.05337,-13.18382,-0.00436,0.03875,0.0096,13.18382,0.0096,44.0
11.66,1784879866.64547,A1850_B1850,1,1850,1850,1850,1850,10.761,22.59,243.09099,-0.29587,0.17913,-13.10955,-0.0234,0.02135,0.02216,13.10955,0.02216,44.0
11.68,1784879866.66547,A1850_B1850,1,1850,1850,1850,1850,10.761,22.59,243.09099,-0.85157,-0.16498,-13.54234,-0.01679,-0.04876,0.00418,13.54234,0.00418,44.0
11.7,1784879866.68547,A1850_B1850,1,1850,1850,1850,1850,10.761,22.59,243.09099,0.15341,-0.15072,-13.34108,-0.01144,0.05935,0.00161,13.34108,0.00161,44.0
11.72,1784879866.70547,A1850_B1850,1,1850,1850,1850,1850,10.73582,22.6396,243.05464,-0.82197,-0.11849,-12.98603,0.01113,-0.02929,0.02031,12.98603,0.02031,44.0
11.74,1784879866.72547,A1850_B1850,1,1850,1850,1850,1850,10.70922,22.69199,243.01353,-1.96315,0.17765,-13.89516,0.00587,-0.14565,0.0116,13.89516,0.0116,44.0
11.76,1784879866.74547,A1850_B1850,1,1850,1850,1850,1850,10.695,22.72,242.9904,-0.65382,-0.34962,-13.57537,0.00402,-0.04288,-0.00795,13.57537,-0.00795,44.0
11.78,1784879866.76547,A1850_B1850,1,1850,1850,1850,1850,10.695,22.72,242.9904,-0.2875,-0.5441,-13.43298,0.03387,0.00563,0.00144,13.43298,0.00144,44.0
11.8,1784879866.78547,A1850_B1850,1,1850,1850,1850,1850,10.695,22.72,242.9904,0.03738,0.18185,-13.87505,-0.01323,0.03765,0.0032,13.87505,0.0032,44.0
11.82,1784879866.80547,A1850_B1850,1,1850,1850,1850,1850,10.69303,22.71607,242.90365,-1.00694,0.05677,-13.45139,-0.02257,-0.05067,0.0149,13.45139,0.0149,44.0
11.84,1784879866.82547,A1850_B1850,1,1850,1850,1850,1850,10.69105,22.71209,242.81598,-0.3593,-0.08263,-12.39074,0.00268,0.00225,-5e-05,12.39074,-5e-05,44.0
11.86,1784879866.84547,A1850_B1850,1,1850,1850,1850,1850,10.69,22.71,242.7699,-0.11791,-0.85094,-13.52987,0.06749,0.01443,-0.00857,13.52987,-0.00857,44.0
11.88,1784879866.86547,A1850_B1850,1,1850,1850,1850,1850,10.69,22.71,242.7699,0.04951,-0.93393,-13.86846,0.0659,0.03965,0.00212,13.86846,0.00212,44.0
11.9,1784879866.88547,A1850_B1850,1,1850,1850,1850,1850,10.69,22.71,242.7699,-0.79406,-0.19178,-12.79381,0.00632,-0.03629,0.00088,12.79381,0.00088,44.0
11.92,1784879866.90547,A1850_B1850,1,1850,1850,1850,1850,10.68567,22.69918,242.55596,-0.80122,0.46304,-13.24736,-0.05594,-0.0455,0.00958,13.24736,0.00958,44.0
11.94,1784879866.92547,A1850_B1850,1,1850,1850,1850,1850,10.68132,22.68831,242.34124,-0.23065,0.11035,-14.34762,-0.01461,0.01395,0.01252,14.34762,0.01252,44.0
11.96,1784879866.94547,A1850_B1850,1,1850,1850,1850,1850,10.678,22.68,242.17704,0.06844,-0.99913,-12.52429,0.07496,0.05943,0.00943,12.52429,0.00943,44.0
11.98,1784879866.96547,A1850_B1850,1,1850,1850,1850,1850,10.678,22.68,242.17704,-0.47441,-0.52431,-13.0301,0.04309,0.01388,0.00543,13.0301,0.00543,44.0
12.0,1784879866.98547,A1850_B1850,1,1850,1850,1850,1850,10.678,22.68,242.17704,-1.21816,0.24373,-14.10908,-0.02745,-0.08397,0.00684,14.10908,0.00684,44.0
12.02,1784879867.00547,A1850_B1850,1,1850,1850,1850,1850,10.71339,22.78112,244.06307,-0.46032,0.61014,-13.63861,-0.0621,-0.02288,0.00829,13.63861,0.00829,44.0
12.04,1784879867.02547,A1850_B1850,1,1850,1850,1850,1850,10.74892,22.88262,245.96343,0.01704,-0.83398,-12.81291,0.05624,0.03065,-0.0054,12.81291,-0.0054,44.0
12.06,1784879867.04547,A1850_B1850,1,1850,1850,1850,1850,10.769,22.94,247.04086,-0.6071,-1.19163,-13.28793,0.09556,-0.02053,-0.00561,13.28793,-0.00561,44.0
12.08,1784879867.06547,A1850_B1850,1,1850,1850,1850,1850,10.769,22.94,247.04086,-1.44337,0.758,-14.30502,-0.06598,-0.07742,0.01254,14.30502,0.01254,44.0
12.1,1784879867.08547,A1850_B1850,1,1850,1850,1850,1850,10.769,22.94,247.04086,-0.63781,-0.14892,-12.64423,-0.00833,-0.0325,0.01133,12.64423,0.01133,44.0
12.12,1784879867.10547,A1850_B1850,1,1850,1850,1850,1850,10.73046,22.82989,244.97534,-0.06515,-0.83312,-12.87642,0.08358,0.03044,0.00643,12.87642,0.00643,44.0
12.14,1784879867.12547,A1850_B1850,1,1850,1850,1850,1850,10.68867,22.71048,242.74482,-0.02969,-0.55157,-13.8121,0.04345,0.05331,0.00552,13.8121,0.00552,44.0
12.16,1784879867.14547,A1850_B1850,1,1850,1850,1850,1850,10.657,22.62,241.06134,-0.29722,-0.46364,-12.7637,0.0257,0.01348,0.01171,12.7637,0.01171,44.0
12.18,1784879867.16547,A1850_B1850,1,1850,1850,1850,1850,10.657,22.62,241.06134,-0.79541,0.17133,-13.34941,-0.03023,-0.03842,-0.0004,13.34941,-0.0004,44.0
12.2,1784879867.18547,A1850_B1850,1,1850,1850,1850,1850,10.657,22.62,241.06134,-0.42598,-0.35771,-13.93086,0.04243,-0.00124,0.00171,13.93086,0.00171,44.0
12.22,1784879867.20547,A1850_B1850,1,1850,1850,1850,1850,10.6957,22.68131,242.59261,-0.44472,-0.53336,-13.20795,0.04526,-0.00708,0.0012,13.20795,0.0012,44.0
12.24,1784879867.22547,A1850_B1850,1,1850,1850,1850,1850,10.73661,22.74611,244.21614,-0.57914,-0.70596,-12.89614,0.0493,-0.01761,0.0098,12.89614,0.0098,44.0
12.26,1784879867.24547,A1850_B1850,1,1850,1850,1850,1850,10.758,22.78,245.06724,-0.58826,-0.18311,-13.67889,0.01921,0.00888,-0.00063,13.67889,-0.00063,44.0
12.28,1784879867.26547,A1850_B1850,1,1850,1850,1850,1850,10.758,22.78,245.06724,-0.90375,-0.17607,-13.07432,0.01953,-0.04176,0.00326,13.07432,0.00326,44.0
12.3,1784879867.28547,A1850_B1850,1,1850,1850,1850,1850,10.758,22.78,245.06724,0.12569,0.07674,-13.1208,-0.01234,0.01606,0.00475,13.1208,0.00475,44.0
12.32,1784879867.30547,A1850_B1850,1,1850,1850,1850,1850,10.7325,22.66201,243.21996,-0.24402,-0.50839,-13.77419,0.02543,0.02024,-0.00786,13.77419,-0.00786,44.0
12.34,1784879867.32547,A1850_B1850,1,1850,1850,1850,1850,10.7055,22.53709,241.27079,-0.68752,-0.79436,-13.18542,0.05649,-0.01669,-0.00142,13.18542,-0.00142,44.0
12.36,1784879867.34547,A1850_B1850,1,1850,1850,1850,1850,10.691,22.47,240.22677,-1.04603,0.17824,-13.29161,-0.01124,-0.05459,0.01622,13.29161,0.01622,44.0
12.38,1784879867.36547,A1850_B1850,1,1850,1850,1850,1850,10.691,22.47,240.22677,-0.31519,-0.15906,-13.60631,0.04714,-0.02197,0.00814,13.60631,0.00814,44.0
12.4,1784879867.38547,A1850_B1850,1,1850,1850,1850,1850,10.6906,22.47419,240.26249,0.08981,-0.53833,-13.02914,0.07434,0.05346,-0.00244,13.02914,-0.00244,44.0
12.42,1784879867.40547,A1850_B1850,1,1850,1850,1850,1850,10.68176,22.5663,241.0477,-0.53912,-0.97985,-12.99998,0.03989,-0.00146,-0.00061,12.99998,-0.00061,44.0
12.44,1784879867.42547,A1850_B1850,1,1850,1850,1850,1850,10.67291,22.65842,241.83128,-0.61528,-0.39003,-13.00618,0.00394,0.00256,0.00903,13.00618,0.00903,44.0
12.46,1784879867.44547,A1850_B1850,1,1850,1850,1850,1850,10.667,22.72,242.35424,-0.29948,0.45377,-13.21795,-0.01049,-0.01318,0.00224,13.21795,0.00224,44.0
12.48,1784879867.46547,A1850_B1850,1,1850,1850,1850,1850,10.667,22.72,242.35424,-0.08213,-0.36345,-13.2981,0.02847,0.01561,0.00261,13.2981,0.00261,44.0
12.5,1784879867.48547,A1850_B1850,1,1850,1850,1850,1850,10.667,22.72,242.35424,-0.44629,-0.74868,-13.85471,0.04047,0.00747,0.00661,13.85471,0.00661,44.0
12.52,1784879867.50547,A1850_B1850,1,1850,1850,1850,1850,10.66008,22.66171,241.57566,-0.94199,0.01361,-13.79904,0.0103,-0.05134,0.0052,13.79904,0.0052,44.0
12.54,1784879867.52547,A1850_B1850,1,1850,1850,1850,1850,10.65312,22.60315,240.79412,-0.96354,0.07674,-12.78627,0.00611,-0.04299,0.00839,12.78627,0.00839,44.0
12.56,1784879867.54547,A1850_B1850,1,1850,1850,1850,1850,10.648,22.56,240.21888,-0.19722,-0.21606,-13.33609,0.02371,0.01044,0.0072,13.33609,0.0072,44.0
12.58,1784879867.56547,A1850_B1850,1,1850,1850,1850,1850,10.648,22.56,240.21888,0.35444,-0.46686,-13.7099,0.01841,0.07431,0.00343,13.7099,0.00343,44.0
12.6,1784879867.58547,A1850_B1850,1,1850,1850,1850,1850,10.648,22.56,240.21888,-0.66834,-0.55189,-12.82635,0.03326,-0.01076,-0.01063,12.82635,-0.01063,44.0
12.62,1784879867.60547,A1850_B1850,1,1850,1850,1850,1850,10.65527,22.58677,240.66803,-1.38636,0.1077,-13.64243,-0.01336,-0.08019,0.01027,13.64243,0.01027,44.0
12.64,1784879867.62547,A1850_B1850,1,1850,1850,1850,1850,10.66294,22.61504,241.14273,-0.38198,0.67799,-14.539,-0.04168,-0.02622,0.02526,14.539,0.02526,44.0
12.66,1784879867.64547,A1850_B1850,1,1850,1850,1850,1850,10.667,22.63,241.39421,-0.20611,-0.51966,-12.70806,0.03337,-0.0062,-0.00265,12.70806,-0.00265,44.0
12.68,1784879867.66547,A1850_B1850,1,1850,1850,1850,1850,10.667,22.63,241.39421,-0.53825,-0.80571,-12.71802,0.05338,-0.00829,-0.01071,12.71802,-0.01071,44.0
12.7,1784879867.68547,A1850_B1850,1,1850,1850,1850,1850,10.667,22.63,241.39421,-0.66736,0.12763,-14.18883,-0.02101,-0.01361,0.01582,14.18883,0.01582,44.0
12.72,1784879867.70547,A1850_B1850,1,1850,1850,1850,1850,10.667,22.64461,241.55006,-0.33319,0.10407,-12.75139,-0.01082,0.00282,0.01114,12.75139,0.01114,44.0
12.74,1784879867.72547,A1850_B1850,1,1850,1850,1850,1850,10.667,22.65942,241.70798,-0.2315,-0.19157,-12.81192,0.01858,0.00571,-0.00872,12.81192,-0.00872,44.0
12.76,1784879867.74547,A1850_B1850,1,1850,1850,1850,1850,10.667,22.67,241.82089,-0.34598,-0.51717,-13.70091,0.04536,0.0089,-0.00574,13.70091,-0.00574,44.0
12.78,1784879867.76547,A1850_B1850,1,1850,1850,1850,1850,10.667,22.67,241.82089,-0.7477,-0.52169,-13.61491,0.04219,-0.02478,0.01044,13.61491,0.01044,44.0
12.8,1784879867.78547,A1850_B1850,1,1850,1850,1850,1850,10.667,22.67,241.82089,-1.06203,-0.07883,-13.00936,-0.00153,-0.06436,0.01297,13.00936,0.01297,44.0
12.82,1784879867.80547,A1850_B1850,1,1850,1850,1850,1850,10.68797,22.70744,242.69637,0.02773,0.10571,-13.12117,-0.00425,0.03146,-0.01301,13.12117,-0.01301,44.0
12.84,1784879867.82547,A1850_B1850,1,1850,1850,1850,1850,10.709,22.745,243.57624,-0.00215,-0.58107,-13.75379,0.03792,0.03032,0.00118,13.75379,0.00118,44.0
12.86,1784879867.84547,A1850_B1850,1,1850,1850,1850,1850,10.723,22.77,244.16271,-0.56046,-0.03632,-12.87757,-0.00622,0.00092,0.01603,12.87757,0.01603,44.0
12.88,1784879867.86547,A1850_B1850,1,1850,1850,1850,1850,10.723,22.77,244.16271,-0.53316,-0.02757,-13.50007,0.00918,0.00354,0.01465,13.50007,0.01465,44.0
12.9,1784879867.88547,A1850_B1850,1,1850,1850,1850,1850,10.72317,22.77042,244.17114,-0.89801,-0.44135,-13.62675,0.0409,-0.04425,0.00888,13.62675,0.00888,44.0
12.92,1784879867.90547,A1850_B1850,1,1850,1850,1850,1850,10.73834,22.80742,244.9138,-0.40201,0.10767,-13.31831,-0.01054,-0.02958,-0.01336,13.31831,-0.01336,44.0
12.94,1784879867.92547,A1850_B1850,1,1850,1850,1850,1850,10.75351,22.84441,245.65758,0.16448,-0.32408,-13.48251,0.01733,0.03318,-0.00246,13.48251,-0.00246,44.0
12.96,1784879867.94547,A1850_B1850,1,1850,1850,1850,1850,10.764,22.87,246.17268,-0.44574,-0.38109,-13.84579,0.03434,0.01113,0.0149,13.84579,0.0149,44.0
12.98,1784879867.96547,A1850_B1850,1,1850,1850,1850,1850,10.764,22.87,246.17268,-1.17962,-0.53314,-13.14938,0.03624,-0.0603,0.01078,13.14938,0.01078,44.0
13.0,1784879867.98547,A1850_B1850,1,1850,1850,1850,1850,10.76158,22.86569,246.07102,-0.59457,-0.2086,-13.36672,0.01945,-0.01377,-0.00386,13.36672,-0.00386,44.0
13.02,1784879868.00547,A1850_B1850,1,1850,1850,1850,1850,10.70998,22.77353,243.90396,0.35943,-0.10591,-13.69542,0.02607,0.05144,0.00799,13.69542,0.00799,44.0
13.04,1784879868.02547,A1850_B1850,1,1850,1850,1850,1850,10.65837,22.68137,241.7464,-0.11215,-0.80147,-13.07271,0.04107,0.04879,0.01793,13.07271,0.01793,44.0
13.06,1784879868.04547,A1850_B1850,1,1850,1850,1850,1850,10.624,22.62,240.31488,-1.80638,-0.00425,-13.51542,-0.00039,-0.10758,-0.01065,13.51542,-0.01065,44.0
13.08,1784879868.06547,A1850_B1850,1,1850,1850,1850,1850,10.624,22.62,240.31488,-0.61371,0.03643,-13.69412,-0.02823,-0.06379,-0.01639,13.69412,-0.01639,44.0
13.1,1784879868.08547,A1850_B1850,1,1850,1850,1850,1850,10.624,22.62,240.31488,0.1203,-0.57808,-12.87922,0.05642,0.03165,0.0201,12.87922,0.0201,44.0
13.12,1784879868.10547,A1850_B1850,1,1850,1850,1850,1850,10.65302,22.60039,240.76242,-0.78143,-0.45407,-13.50927,0.02832,-0.02841,0.01582,13.50927,0.01582,44.0
13.14,1784879868.12547,A1850_B1850,1,1850,1850,1850,1850,10.68235,22.58057,241.21358,-1.38541,0.24818,-13.4277,-0.02698,-0.0744,0.01075,13.4277,0.01075,44.0
13.16,1784879868.14547,A1850_B1850,1,1850,1850,1850,1850,10.698,22.57,241.45386,-0.29427,-0.27506,-12.37412,0.03186,0.02809,0.01129,12.37412,0.01129,44.0
13.18,1784879868.16547,A1850_B1850,1,1850,1850,1850,1850,10.698,22.57,241.45386,0.16234,-0.68793,-13.75279,0.0749,0.04997,0.01771,13.75279,0.01771,44.0
13.2,1784879868.18547,A1850_B1850,1,1850,1850,1850,1850,10.698,22.57,241.45386,-0.0128,-0.02285,-13.64899,-0.00516,0.03233,-0.00214,13.64899,-0.00214,44.0
13.22,1784879868.20547,A1850_B1850,1,1850,1850,1850,1850,10.7077,22.56612,241.63126,-1.20127,-0.19947,-12.83285,0.01047,-0.07485,0.00235,12.83285,0.00235,44.0
13.24,1784879868.22547,A1850_B1850,1,1850,1850,1850,1850,10.71746,22.56222,241.8096,-0.85391,-0.11616,-13.47824,0.00623,-0.03845,0.01093,13.47824,0.01093,44.0
13.26,1784879868.24547,A1850_B1850,1,1850,1850,1850,1850,10.723,22.56,241.91088,-0.24709,-0.11332,-13.87091,0.01849,-0.00737,0.00633,13.87091,0.00633,44.0
13.28,1784879868.26547,A1850_B1850,1,1850,1850,1850,1850,10.723,22.56,241.91088,-0.13833,-0.21603,-12.80829,0.03507,0.02001,0.00607,12.80829,0.00607,44.0
13.3,1784879868.28547,A1850_B1850,1,1850,1850,1850,1850,10.723,22.56,241.91088,-0.91191,-0.57865,-13.29039,0.03847,-0.02712,-0.00122,13.29039,-0.00122,44.0
13.32,1784879868.30547,A1850_B1850,1,1850,1850,1850,1850,10.71591,22.68207,243.05905,-0.85285,-0.41286,-13.83889,0.01062,-0.02441,0.00193,13.83889,0.00193,44.0
13.34,1784879868.32547,A1850_B1850,1,1850,1850,1850,1850,10.70879,22.80464,244.21024,0.13935,0.02737,-13.35879,0.00479,0.02899,0.00275,13.35879,0.00275,44.0
13.36,1784879868.34547,A1850_B1850,1,1850,1850,1850,1850,10.705,22.87,244.82335,0.29566,-0.12475,-12.99725,0.02558,0.02679,0.00252,12.99725,0.00252,44.0
13.38,1784879868.36547,A1850_B1850,1,1850,1850,1850,1850,10.705,22.87,244.82335,-0.74823,-0.49897,-13.42151,0.00827,-0.01974,0.00252,13.42151,0.00252,44.0
13.4,1784879868.38547,A1850_B1850,1,1850,1850,1850,1850,10.705,22.87,244.82335,-1.10483,-0.15479,-14.10307,-0.00781,-0.0428,0.01335,14.10307,0.01335,44.0
13.42,1784879868.40547,A1850_B1850,1,1850,1850,1850,1850,10.70422,22.85435,244.63792,-0.41012,0.07215,-13.50415,0.0382,-0.01735,0.00879,13.50415,0.00879,44.0
13.44,1784879868.42547,A1850_B1850,1,1850,1850,1850,1850,10.70342,22.83843,244.44936,-0.19609,-0.3857,-12.97764,0.05092,0.00727,0.00033,12.97764,0.00033,44.0
13.46,1784879868.44547,A1850_B1850,1,1850,1850,1850,1850,10.703,22.83,244.34949,-0.00113,-0.21746,-13.47703,-0.01528,0.04606,0.01012,13.47703,0.01012,44.0
13.48,1784879868.46547,A1850_B1850,1,1850,1850,1850,1850,10.703,22.83,244.34949,-0.80694,-0.10474,-12.91381,-0.01287,-0.01977,0.00579,12.91381,0.00579,44.0
13.5,1784879868.48547,A1850_B1850,1,1850,1850,1850,1850,10.703,22.83,244.34949,-0.52502,-0.30183,-13.32415,0.04065,-0.00639,0.0012,13.32415,0.0012,44.0
13.52,1784879868.50547,A1850_B1850,1,1850,1850,1850,1850,10.69091,22.73177,243.02327,-0.43038,-0.22759,-13.79127,0.03436,-0.03464,0.00207,13.79127,0.00207,44.0
13.54,1784879868.52547,A1850_B1850,1,1850,1850,1850,1850,10.67812,22.62785,241.62286,-0.61944,-0.19072,-13.22776,0.01377,-0.02277,0.0002,13.22776,0.0002,44.0
13.56,1784879868.54547,A1850_B1850,1,1850,1850,1850,1850,10.671,22.57,240.84447,-0.90619,0.19535,-13.21708,-0.03539,-0.02448,0.00571,13.21708,0.00571,44.0
13.58,1784879868.56547,A1850_B1850,1,1850,1850,1850,1850,10.671,22.57,240.84447,-0.28864,-0.54688,-13.74278,0.03501,0.02253,0.00288,13.74278,0.00288,44.0
13.6,1784879868.58547,A1850_B1850,1,1850,1850,1850,1850,10.671,22.57,240.84447,-0.04419,-0.20027,-13.11643,0.0177,0.03626,0.00539,13.11643,0.00539,44.0
13.62,1784879868.60547,A1850_B1850,1,1850,1850,1850,1850,10.65717,22.56252,240.45254,-0.0168,0.0883,-13.14765,-0.01,0.02907,0.00111,13.14765,0.00111,44.0
13.64,1784879868.62547,A1850_B1850,1,1850,1850,1850,1850,10.64328,22.55502,240.05935,-0.39692,-0.80116,-13.59212,0.03884,0.00383,0.01886,13.59212,0.01886,44.0
13.66,1784879868.64547,A1850_B1850,1,1850,1850,1850,1850,10.634,22.55,239.7967,-0.98364,-0.74963,-12.75598,0.07458,-0.04087,-0.00023,12.75598,-0.00023,44.0
13.68,1784879868.66547,A1850_B1850,1,1850,1850,1850,1850,10.634,22.55,239.7967,0.1375,-0.2849,-13.69376,0.03793,0.02074,-0.00439,13.69376,-0.00439,44.0
13.7,1784879868.68547,A1850_B1850,1,1850,1850,1850,1850,10.634,22.55,239.7967,0.3139,-0.229,-13.71371,0.00691,0.05054,0.00116,13.71371,0.00116,44.0
13.72,1784879868.70547,A1850_B1850,1,1850,1850,1850,1850,10.6377,22.58703,240.27409,-0.74415,-0.31169,-12.70966,-0.00781,-0.0104,0.00948,12.70966,0.00948,44.0
13.74,1784879868.72547,A1850_B1850,1,1850,1850,1850,1850,10.64142,22.62424,240.75409,-0.75054,-0.24864,-13.46771,0.01113,-0.0282,0.01229,13.46771,0.01229,44.0
13.76,1784879868.74547,A1850_B1850,1,1850,1850,1850,1850,10.644,22.65,241.0866,-0.8065,-0.27004,-13.68,0.04686,-0.02642,0.00246,13.68,0.00246,44.0
13.78,1784879868.76547,A1850_B1850,1,1850,1850,1850,1850,10.644,22.65,241.0866,-0.33236,-0.58351,-12.90103,0.04,0.0127,0.01499,12.90103,0.01499,44.0
13.8,1784879868.78547,A1850_B1850,1,1850,1850,1850,1850,10.64564,22.64915,241.11477,-0.02139,-0.01936,-13.32548,-0.01945,0.03022,0.00405,13.32548,0.00405,44.0
13.82,1784879868.80547,A1850_B1850,1,1850,1850,1850,1850,10.69013,22.62614,241.87644,-0.18875,-0.08365,-13.73252,0.00082,0.01656,-0.01208,13.73252,-0.01208,44.0
13.84,1784879868.82547,A1850_B1850,1,1850,1850,1850,1850,10.73462,22.60313,242.63606,-0.82928,-0.61475,-12.73133,0.03777,-0.01581,0.00618,12.73133,0.00618,44.0
13.86,1784879868.84547,A1850_B1850,1,1850,1850,1850,1850,10.76,22.59,243.0684,-0.63806,-0.38719,-13.4806,0.03774,-0.03016,0.00479,13.4806,0.00479,44.0
13.88,1784879868.86547,A1850_B1850,1,1850,1850,1850,1850,10.76,22.59,243.0684,-0.38167,-0.04549,-13.92598,0.01459,-0.00799,0.00175,13.92598,0.00175,44.0
13.9,1784879868.88547,A1850_B1850,1,1850,1850,1850,1850,10.76,22.59,243.0684,-0.38159,-0.11794,-12.78586,0.01234,0.00367,0.00848,12.78586,0.00848,44.0
13.92,1784879868.90547,A1850_B1850,1,1850,1850,1850,1850,10.72463,22.59729,242.34758,-0.47107,-0.86557,-13.26182,0.06684,0.00967,0.01052,13.26182,0.01052,44.0
13.94,1784879868.92547,A1850_B1850,1,1850,1850,1850,1850,10.68715,22.60502,241.58331,-0.23439,-0.39252,-13.72671,0.0291,0.00716,-0.00882,13.72671,-0.00882,44.0
13.96,1784879868.94547,A1850_B1850,1,1850,1850,1850,1850,10.663,22.61,241.09043,0.01089,0.09588,-13.31827,-0.00741,0.02227,-0.00133,13.31827,-0.00133,44.0
13.98,1784879868.96547,A1850_B1850,1,1850,1850,1850,1850,10.663,22.61,241.09043,-0.34866,-0.29663,-13.06879,0.0236,-0.0101,0.0002,13.06879,0.0002,44.0
14.0,1784879868.98547,A1850_B1850,1,1850,1850,1850,1850,10.663,22.61,241.09043,-0.67037,-0.63595,-13.70622,0.04375,-0.00782,0.0119,13.70622,0.0119,44.0
14.02,1784879869.00547,A1850_B1850,1,1850,1850,1850,1850,10.67449,22.64829,241.75896,-0.85944,-0.12203,-14.02383,0.01398,-0.01789,0.00546,14.02383,0.00546,44.0
14.04,1784879869.02547,A1850_B1850,1,1850,1850,1850,1850,10.68663,22.68877,242.46652,-0.39011,-0.46876,-12.36241,0.04546,-0.00341,0.0002,12.36241,0.0002,44.0
14.06,1784879869.04547,A1850_B1850,1,1850,1850,1850,1850,10.693,22.71,242.83803,-0.20437,-0.37112,-13.40847,0.02112,0.01131,0.02118,13.40847,0.02118,44.0
14.08,1784879869.06547,A1850_B1850,1,1850,1850,1850,1850,10.693,22.71,242.83803,-0.33582,0.17883,-14.19686,-0.02975,0.02718,0.00896,14.19686,0.00896,44.0
14.1,1784879869.08547,A1850_B1850,1,1850,1850,1850,1850,10.693,22.71,242.83803,-0.46258,-0.22669,-12.95345,0.01571,0.01633,-0.00808,12.95345,-0.00808,44.0
14.12,1784879869.10547,A1850_B1850,1,1850,1850,1850,1850,10.66106,22.64686,241.43947,-0.35988,-0.44905,-12.86823,0.03324,-0.03979,-0.00297,12.86823,-0.00297,44.0
14.14,1784879869.12547,A1850_B1850,1,1850,1850,1850,1850,10.62884,22.58317,240.03298,0.00235,-0.04664,-14.08996,0.00795,0.0247,0.01886,14.08996,0.01886,44.0
14.16,1784879869.14547,A1850_B1850,1,1850,1850,1850,1850,10.607,22.54,239.08178,-0.85694,-0.35189,-13.18619,0.02367,-0.01694,0.01447,13.18619,0.01447,44.0
14.18,1784879869.16547,A1850_B1850,1,1850,1850,1850,1850,10.607,22.54,239.08178,-0.94932,-0.35519,-12.96749,0.0297,-0.03442,0.00456,12.96749,0.00456,44.0
14.2,1784879869.18547,A1850_B1850,1,1850,1850,1850,1850,10.60728,22.53983,239.08639,-0.59672,-0.6048,-14.0613,0.06041,-0.01309,0.00252,14.0613,0.00252,44.0
14.22,1784879869.20547,A1850_B1850,1,1850,1850,1850,1850,10.61377,22.53602,239.19204,-0.0609,-0.46642,-13.03364,0.03931,0.02706,0.00639,13.03364,0.00639,44.0
14.24,1784879869.22547,A1850_B1850,1,1850,1850,1850,1850,10.62025,22.53221,239.29764,0.24839,-0.04329,-13.00051,-0.01207,0.06101,0.01061,13.00051,0.01061,44.0
14.26,1784879869.24547,A1850_B1850,1,1850,1850,1850,1850,10.624,22.53,239.35872,-0.9378,0.18845,-13.86106,-0.03304,-0.02556,0.00765,13.86106,0.00765,44.0
14.28,1784879869.26547,A1850_B1850,1,1850,1850,1850,1850,10.624,22.53,239.35872,-1.25487,-0.50686,-12.85415,0.02557,-0.06612,0.0042,12.85415,0.0042,44.0
14.3,1784879869.28547,A1850_B1850,1,1850,1850,1850,1850,10.62636,22.53393,239.45362,-0.92516,-0.05932,-13.37304,0.00866,-0.02588,0.00816,13.37304,0.00816,44.0
14.32,1784879869.30547,A1850_B1850,1,1850,1850,1850,1850,10.67876,22.62127,241.56712,-0.1944,0.06499,-13.78896,-0.00849,0.02493,0.02731,13.78896,0.02731,44.0
14.34,1784879869.32547,A1850_B1850,1,1850,1850,1850,1850,10.73116,22.70861,243.68978,-1.32004,0.48469,-13.34117,-0.06467,-0.08153,0.01164,13.34117,0.01164,44.0
14.36,1784879869.34547,A1850_B1850,1,1850,1850,1850,1850,10.762,22.76,244.94312,-1.55445,-0.01134,-13.09585,-0.00396,-0.07575,-0.02928,13.09585,-0.02928,44.0
14.38,1784879869.36547,A1850_B1850,1,1850,1850,1850,1850,10.762,22.76,244.94312,0.08279,-1.15966,-13.60549,0.09195,0.05823,0.01002,13.60549,0.01002,44.0
14.4,1784879869.38547,A1850_B1850,1,1850,1850,1850,1850,10.762,22.76,244.94312,0.69568,-0.55217,-12.96907,0.07093,0.05845,0.02993,12.96907,0.02993,44.0
14.42,1784879869.40547,A1850_B1850,1,1850,1850,1850,1850,10.72652,22.69896,243.48084,-1.29643,0.38459,-13.40001,-0.04827,-0.07727,0.00368,13.40001,0.00368,44.0
14.44,1784879869.42547,A1850_B1850,1,1850,1850,1850,1850,10.6888,22.63406,241.93089,-1.5839,-0.20399,-13.98267,-0.01301,-0.06834,-0.00293,13.98267,-0.00293,44.0
14.46,1784879869.44547,A1850_B1850,1,1850,1850,1850,1850,10.669,22.6,241.1194,0.24984,-0.61539,-13.13578,0.0521,0.03862,0.00757,13.13578,0.00757,44.0
14.48,1784879869.46547,A1850_B1850,1,1850,1850,1850,1850,10.669,22.6,241.1194,-0.38497,0.30614,-14.08263,-0.00337,-0.00667,0.01439,14.08263,0.01439,44.0
14.5,1784879869.48547,A1850_B1850,1,1850,1850,1850,1850,10.66986,22.60118,241.15138,-0.53565,0.34797,-13.90099,-0.04287,-0.00167,0.00701,13.90099,0.00701,44.0
14.52,1784879869.50547,A1850_B1850,1,1850,1850,1850,1850,10.68857,22.62686,241.84886,-0.37631,-0.52778,-12.61008,0.02881,0.01995,0.00761,12.61008,0.00761,44.0
14.54,1784879869.52547,A1850_B1850,1,1850,1850,1850,1850,10.70729,22.65255,242.5473,0.05282,-1.0225,-13.35503,0.09788,0.04337,-0.00618,13.35503,-0.00618,44.0
14.56,1784879869.54547,A1850_B1850,1,1850,1850,1850,1850,10.72,22.67,243.0224,0.08055,-0.21668,-13.46002,0.03954,0.02119,-0.00429,13.46002,-0.00429,44.0
14.58,1784879869.56547,A1850_B1850,1,1850,1850,1850,1850,10.72,22.67,243.0224,0.25173,-0.00403,-13.28006,-0.01866,0.02695,0.00371,13.28006,0.00371,44.0
14.6,1784879869.58547,A1850_B1850,1,1850,1850,1850,1850,10.72,22.67,243.0224,-1.29151,-0.11872,-13.27634,-0.01948,-0.06024,0.0148,13.27634,0.0148,44.0
14.62,1784879869.60547,A1850_B1850,1,1850,1850,1850,1850,10.73224,22.74504,244.10533,-0.69162,-0.43766,-13.83686,0.03838,-0.01272,0.00282,13.83686,0.00282,44.0
14.64,1784879869.62547,A1850_B1850,1,1850,1850,1850,1850,10.74459,22.82074,245.19954,0.20544,-0.36926,-13.52351,0.05602,0.04229,0.00084,13.52351,0.00084,44.0
14.66,1784879869.64547,A1850_B1850,1,1850,1850,1850,1850,10.751,22.86,245.76786,-0.62973,-0.28728,-12.55219,0.01703,-0.02454,0.02086,12.55219,0.02086,44.0
14.68,1784879869.66547,A1850_B1850,1,1850,1850,1850,1850,10.751,22.86,245.76786,-1.12559,0.50399,-13.53351,-0.05718,-0.04852,0.01879,13.53351,0.01879,44.0
14.7,1784879869.68547,A1850_B1850,1,1850,1850,1850,1850,10.751,22.86,245.76786,-0.35461,-0.42677,-13.63098,0.02115,0.01755,0.00105,13.63098,0.00105,44.0
14.72,1784879869.70547,A1850_B1850,1,1850,1850,1850,1850,10.71039,22.75664,243.73261,-0.41855,-0.52432,-13.79726,0.04715,-0.01866,-0.00657,13.79726,-0.00657,44.0
14.74,1784879869.72547,A1850_B1850,1,1850,1850,1850,1850,10.6694,22.6523,241.68647,-0.73279,0.00292,-13.07254,-0.0038,-0.03342,0.01418,13.07254,0.01418,44.0
14.76,1784879869.74547,A1850_B1850,1,1850,1850,1850,1850,10.641,22.58,240.27378,-1.3136,0.09638,-13.67084,-0.00383,-0.06468,0.00892,13.67084,0.00892,44.0
14.78,1784879869.76547,A1850_B1850,1,1850,1850,1850,1850,10.641,22.58,240.27378,-0.49616,-0.12036,-13.40394,0.01594,-0.00978,0.00397,13.40394,0.00397,44.0
14.8,1784879869.78547,A1850_B1850,1,1850,1850,1850,1850,10.641,22.58,240.27378,-0.85986,-0.78677,-12.58074,0.07306,-0.0366,0.01744,12.58074,0.01744,44.0
14.82,1784879869.80547,A1850_B1850,1,1850,1850,1850,1850,10.64367,22.58762,240.41517,-0.51274,-0.75712,-13.31074,0.07532,-0.00356,0.00064,13.31074,0.00064,44.0
14.84,1784879869.82547,A1850_B1850,1,1850,1850,1850,1850,10.64641,22.59546,240.56057,0.35914,0.42506,-13.42308,-0.05692,0.07268,0.00689,13.42308,0.00689,44.0
14.86,1784879869.84547,A1850_B1850,1,1850,1850,1850,1850,10.648,22.6,240.6448,-0.43308,0.29806,-13.16216,-0.04967,-0.00178,0.00897,13.16216,0.00897,44.0
14.88,1784879869.86547,A1850_B1850,1,1850,1850,1850,1850,10.648,22.6,240.6448,-1.41794,-0.63434,-13.34767,0.0702,-0.09626,-0.00463,13.34767,-0.00463,44.0
14.9,1784879869.88547,A1850_B1850,1,1850,1850,1850,1850,10.648,22.6,240.6448,-0.8525,-0.70676,-13.84423,0.08678,-0.02161,-0.00152,13.84423,-0.00152,44.0
14.92,1784879869.90547,A1850_B1850,1,1850,1850,1850,1850,10.6623,22.63138,241.30254,0.2426,-0.82414,-13.41231,0.06391,0.05862,0.00516,13.41231,0.00516,44.0
14.94,1784879869.92547,A1850_B1850,1,1850,1850,1850,1850,10.67693,22.6635,241.97666,-0.55435,-0.21267,-12.93926,0.02135,-0.03425,0.01735,12.93926,0.01735,44.0
14.96,1784879869.94547,A1850_B1850,1,1850,1850,1850,1850,10.689,22.69,242.53341,-0.42397,0.11595,-13.36195,0.00738,-0.00332,0.01897,13.36195,0.01897,44.0
14.98,1784879869.96547,A1850_B1850,1,1850,1850,1850,1850,10.689,22.69,242.53341,-0.46643,-0.47087,-13.52709,0.0173,0.02508,0.00305,13.52709,0.00305,44.0
15.0,1784879869.98547,A1850_B1850,1,1850,1850,1850,1850,10.689,22.69,242.53341,-1.22495,-0.31719,-13.33959,0.0282,-0.07715,-0.00612,13.33959,-0.00612,44.0
15.02,1784879870.00547,A1850_B1850,1,1850,1850,1850,1850,10.69624,22.67552,242.5428,-1.12159,0.12036,-13.13026,-0.00511,-0.07317,0.0134,13.13026,0.0134,44.0
15.04,1784879870.02547,A1850_B1850,1,1850,1850,1850,1850,10.70436,22.65928,242.55309,-0.84565,-0.32411,-13.52625,0.0185,-0.01424,0.01488,13.52625,0.01488,44.0
15.06,1784879870.04547,A1850_B1850,1,1850,1850,1850,1850,10.709,22.65,242.55885,-1.19058,-0.18718,-14.03283,0.03388,-0.0603,0.00501,14.03283,0.00501,44.0
15.08,1784879870.06547,A1850_B1850,1,1850,1850,1850,1850,10.709,22.65,242.55885,0.04212,-1.39278,-12.00722,0.11127,0.0365,0.00793,12.00722,0.00793,44.0
15.1,1784879870.08547,A1850_B1850,1,1850,1850,1850,1850,10.709,22.65,242.55885,0.46921,-0.51848,-13.21283,0.03757,0.06616,0.00488,13.21283,0.00488,44.0
15.12,1784879870.10547,A1850_B1850,1,1850,1850,1850,1850,10.70826,22.69833,243.05959,0.2372,0.40932,-13.97059,-0.03693,0.05652,0.00507,13.97059,0.00507,44.0
15.14,1784879870.12547,A1850_B1850,1,1850,1850,1850,1850,10.70751,22.74697,243.56332,-0.65408,-0.61899,-13.06787,0.04073,-0.0264,-0.00299,13.06787,-0.00299,44.0
15.16,1784879870.14547,A1850_B1850,1,1850,1850,1850,1850,10.707,22.78,243.90546,-1.28816,-0.92045,-12.90892,0.09299,-0.05925,-0.01012,12.90892,-0.01012,44.0
15.18,1784879870.16547,A1850_B1850,1,1850,1850,1850,1850,10.707,22.78,243.90546,-1.08254,-0.15233,-13.87968,0.03164,-0.06429,-0.00143,13.87968,-0.00143,44.0
15.2,1784879870.18547,A1850_B1850,1,1850,1850,1850,1850,10.707,22.78,243.90546,-0.50589,-0.12475,-13.27868,0.01766,-0.01315,0.02086,13.27868,0.02086,44.0
15.22,1784879870.20547,A1850_B1850,1,1850,1850,1850,1850,10.73586,22.73128,244.03979,-0.61663,-0.71737,-13.02781,0.03958,-0.01498,0.01569,13.02781,0.01569,44.0
15.24,1784879870.22547,A1850_B1850,1,1850,1850,1850,1850,10.76653,22.6795,244.17945,-0.44069,-0.10641,-13.96909,0.00139,0.00246,-0.01223,13.96909,-0.01223,44.0
15.26,1784879870.24547,A1850_B1850,1,1850,1850,1850,1850,10.784,22.65,244.2576,-0.4866,0.01264,-12.76487,-0.00921,0.0098,-0.00865,12.76487,-0.00865,44.0
15.28,1784879870.26547,A1850_B1850,1,1850,1850,1850,1850,10.784,22.65,244.2576,-0.32892,-0.23495,-12.89135,0.01699,0.00307,0.01386,12.89135,0.01386,44.0
15.3,1784879870.28547,A1850_B1850,1,1850,1850,1850,1850,10.784,22.65,244.2576,-0.4063,-0.32238,-13.74992,0.03839,-0.00438,0.01952,13.74992,0.01952,44.0
15.32,1784879870.30547,A1850_B1850,1,1850,1850,1850,1850,10.7324,22.61752,242.74028,-0.61178,-0.12213,-13.1305,0.01231,-0.00597,0.00869,13.1305,0.00869,44.0
15.34,1784879870.32547,A1850_B1850,1,1850,1850,1850,1850,10.6776,22.58304,241.13262,-0.54217,-0.70951,-13.25058,0.05219,-0.01834,-0.00453,13.25058,-0.00453,44.0
15.36,1784879870.34547,A1850_B1850,1,1850,1850,1850,1850,10.641,22.56,240.06096,0.50565,-0.71301,-13.38656,0.04868,0.05924,0.01108,13.38656,0.01108,44.0
15.38,1784879870.36547,A1850_B1850,1,1850,1850,1850,1850,10.641,22.56,240.06096,-0.00415,1.12814,-13.01798,-0.1058,0.06292,0.02889,13.01798,0.02889,44.0
15.4,1784879870.38547,A1850_B1850,1,1850,1850,1850,1850,10.641,22.56,240.06096,-1.17476,-0.11097,-13.26316,0.00051,-0.08063,0.00545,13.26316,0.00545,44.0
15.42,1784879870.40547,A1850_B1850,1,1850,1850,1850,1850,10.66598,22.58982,240.9425,-1.31006,-1.23838,-13.43314,0.10479,-0.08771,-0.01099,13.43314,-0.01099,44.0
15.44,1784879870.42547,A1850_B1850,1,1850,1850,1850,1850,10.6911,22.61982,241.83078,1.03444,-0.60379,-12.75866,0.05673,0.15637,0.00431,12.75866,0.00431,44.0
15.46,1784879870.44547,A1850_B1850,1,1850,1850,1850,1850,10.708,22.64,242.42912,-0.03064,0.03367,-13.08595,-0.02053,0.00771,0.00952,13.08595,0.00952,44.0
15.48,1784879870.46547,A1850_B1850,1,1850,1850,1850,1850,10.708,22.64,242.42912,-1.07182,0.22562,-13.67141,-0.03134,-0.07453,-0.00595,13.67141,-0.00595,44.0
15.5,1784879870.48547,A1850_B1850,1,1850,1850,1850,1850,10.708,22.64,242.42912,-0.80213,-0.55518,-12.51356,0.04781,-0.01346,0.00267,12.51356,0.00267,44.0
15.52,1784879870.50547,A1850_B1850,1,1850,1850,1850,1850,10.68894,22.65944,242.20555,0.41917,-0.61793,-13.49703,0.06196,0.07796,-0.00121,13.49703,-0.00121,44.0
15.54,1784879870.52547,A1850_B1850,1,1850,1850,1850,1850,10.66972,22.67906,241.97924,-0.15122,-0.16678,-13.81806,0.01152,0.02324,0.01585,13.81806,0.01585,44.0
15.56,1784879870.54547,A1850_B1850,1,1850,1850,1850,1850,10.659,22.69,241.85271,-0.81467,0.11224,-12.5688,-0.01954,-0.02913,0.01301,12.5688,0.01301,44.0
15.58,1784879870.56547,A1850_B1850,1,1850,1850,1850,1850,10.659,22.69,241.85271,-0.38494,-0.18765,-13.22719,0.01491,0.02235,-0.00108,13.22719,-0.00108,44.0
15.6,1784879870.58547,A1850_B1850,1,1850,1850,1850,1850,10.659,22.69,241.85271,0.59993,-1.26619,-13.69477,0.09375,0.09881,-0.00757,13.69477,-0.00757,44.0
15.62,1784879870.60547,A1850_B1850,1,1850,1850,1850,1850,10.62022,22.66364,240.69288,0.37979,-0.25698,-13.2564,0.01061,0.03714,0.00389,13.2564,0.00389,44.0
15.64,1784879870.62547,A1850_B1850,1,1850,1850,1850,1850,10.58,22.63631,239.49224,-0.97126,0.41881,-12.75996,-0.06593,-0.07027,0.01448,12.75996,0.01448,44.0
15.66,1784879870.64547,A1850_B1850,1,1850,1850,1850,1850,10.556,22.62,238.77672,-1.25094,0.26508,-14.01214,-0.02926,-0.03387,0.01188,14.01214,0.01188,44.0
15.68,1784879870.66547,A1850_B1850,1,1850,1850,1850,1850,10.556,22.62,238.77672,-0.56184,-1.43646,-13.50686,0.13628,-0.0005,0.00433,13.50686,0.00433,44.0
15.7,1784879870.68547,A1850_B1850,1,1850,1850,1850,1850,10.556,22.62,238.77672,-0.17315,-0.49292,-12.6585,0.04822,0.01254,0.00175,12.6585,0.00175,44.0
15.72,1784879870.70547,A1850_B1850,1,1850,1850,1850,1850,10.62114,22.72604,241.37651,-0.1745,0.6181,-13.52992,-0.07174,0.01503,0.00925,13.52992,0.00925,44.0
15.74,1784879870.72547,A1850_B1850,1,1850,1850,1850,1850,10.69018,22.83843,244.147,-0.18067,-0.06547,-13.38606,-0.02361,0.01039,0.00224,13.38606,0.00224,44.0
15.76,1784879870.74547,A1850_B1850,1,1850,1850,1850,1850,10.728,22.9,245.6712,-1.12721,-0.43213,-13.24589,0.04542,-0.0482,-0.00744,13.24589,-0.00744,44.0
15.78,1784879870.76547,A1850_B1850,1,1850,1850,1850,1850,10.728,22.9,245.6712,-0.88269,-0.34817,-13.36482,0.04246,-0.0495,0.00135,13.36482,0.00135,44.0
15.8,1784879870.78547,A1850_B1850,1,1850,1850,1850,1850,10.728,22.9,245.6712,-1.09608,-0.2417,-13.80256,0.0251,-0.0643,0.00916,13.80256,0.00916,44.0
15.82,1784879870.80547,A1850_B1850,1,1850,1850,1850,1850,10.72761,22.72725,243.80898,-1.56158,0.09823,-13.60177,-0.01411,-0.10555,0.0082,13.60177,0.0082,44.0
15.84,1784879870.82547,A1850_B1850,1,1850,1850,1850,1850,10.72721,22.55244,241.92475,-1.26048,0.67341,-13.3545,-0.03613,-0.06106,0.00133,13.3545,0.00133,44.0
15.86,1784879870.84547,A1850_B1850,1,1850,1850,1850,1850,10.727,22.46,240.92842,-0.40834,-0.21089,-13.10446,0.02389,0.01381,-0.00744,13.10446,-0.00744,44.0
15.88,1784879870.86547,A1850_B1850,1,1850,1850,1850,1850,10.727,22.46,240.92842,-0.18345,-1.06127,-13.41407,0.06258,0.01324,-0.00329,13.41407,-0.00329,44.0
15.9,1784879870.88547,A1850_B1850,1,1850,1850,1850,1850,10.727,22.46,240.92842,0.02135,-0.22088,-13.44816,-0.00809,0.04747,0.02017,13.44816,0.02017,44.0
15.92,1784879870.90547,A1850_B1850,1,1850,1850,1850,1850,10.75512,22.57178,242.76224,-0.74623,0.11668,-13.19052,0.01433,-0.033,0.01492,13.19052,0.01492,44.0
15.94,1784879870.92547,A1850_B1850,1,1850,1850,1850,1850,10.78338,22.68407,244.6109,-0.39919,-1.25319,-13.33872,0.10867,-0.02826,-0.00085,13.33872,-0.00085,44.0
15.96,1784879870.94547,A1850_B1850,1,1850,1850,1850,1850,10.805,22.77,246.02985,-0.57838,-0.99871,-13.37688,0.059,-0.01433,0.00867,13.37688,0.00867,44.0
15.98,1784879870.96547,A1850_B1850,1,1850,1850,1850,1850,10.805,22.77,246.02985,-0.99317,0.74676,-12.96802,-0.06694,-0.02302,0.01175,12.96802,0.01175,44.0
16.0,1784879870.98547,A1850_B1850,1,1850,1850,1850,1850,10.80218,22.76704,245.93353,-0.8231,0.44447,-13.43507,-0.01633,-0.04453,0.01384,13.43507,0.01384,44.0
16.02,1784879871.00547,A1850_B1850,1,1850,1850,1850,1850,10.74024,22.70204,243.82538,-0.09455,-1.13312,-13.17331,0.10414,0.02505,-0.00481,13.17331,-0.00481,44.0
16.04,1784879871.02547,A1850_B1850,1,1850,1850,1850,1850,10.6783,22.63705,241.72528,-0.53844,-0.71063,-12.64811,0.04972,0.01223,0.00344,12.64811,0.00344,44.0
16.06,1784879871.04547,A1850_B1850,1,1850,1850,1850,1850,10.643,22.6,240.5318,-0.78946,-0.17188,-13.29162,0.0247,-0.04901,0.00829,13.29162,0.00829,44.0
16.08,1784879871.06547,A1850_B1850,1,1850,1850,1850,1850,10.643,22.6,240.5318,-1.13718,0.78023,-13.94053,-0.03895,-0.0748,0.00929,13.94053,0.00929,44.0
16.1,1784879871.08547,A1850_B1850,1,1850,1850,1850,1850,10.64369,22.60229,240.57167,-0.64265,0.12722,-13.75606,-0.0119,-0.02925,0.01416,13.75606,0.01416,44.0
16.12,1784879871.10547,A1850_B1850,1,1850,1850,1850,1850,10.65959,22.65531,241.49643,-0.47182,-1.00224,-13.10781,0.08577,0.00282,-0.01387,13.10781,-0.01387,44.0
16.14,1784879871.12547,A1850_B1850,1,1850,1850,1850,1850,10.6755,22.70834,242.42287,-0.50189,-0.61815,-13.461,0.04087,-0.00976,-0.00237,13.461,-0.00237,44.0
16.16,1784879871.14547,A1850_B1850,1,1850,1850,1850,1850,10.685,22.74,242.9769,-0.65821,0.07824,-13.11126,-0.00737,-0.03276,0.01821,13.11126,0.01821,44.0
16.18,1784879871.16547,A1850_B1850,1,1850,1850,1850,1850,10.685,22.74,242.9769,-0.26301,0.2392,-13.01389,0.00535,0.03009,0.02252,13.01389,0.02252,44.0
16.2,1784879871.18547,A1850_B1850,1,1850,1850,1850,1850,10.685,22.74,242.9769,-0.2188,-1.31881,-13.20705,0.10582,0.01832,-0.00687,13.20705,-0.00687,44.0
16.22,1784879871.20547,A1850_B1850,1,1850,1850,1850,1850,10.66377,22.6771,241.82336,-0.2087,-0.63879,-13.90515,0.02675,-0.01572,-0.00156,13.90515,-0.00156,44.0
16.24,1784879871.22547,A1850_B1850,1,1850,1850,1850,1850,10.64227,22.61338,240.65766,-0.11034,0.83221,-13.4471,-0.09037,0.01415,0.02031,13.4471,0.02031,44.0
16.26,1784879871.24547,A1850_B1850,1,1850,1850,1850,1850,10.631,22.58,240.04798,-0.77279,0.33037,-12.67815,-0.02273,-0.02369,0.00696,12.67815,0.00696,44.0
16.28,1784879871.26547,A1850_B1850,1,1850,1850,1850,1850,10.631,22.58,240.04798,-0.10834,-1.17188,-13.66303,0.10346,0.0123,-0.00544,13.66303,-0.00544,44.0
16.3,1784879871.28547,A1850_B1850,1,1850,1850,1850,1850,10.631,22.58,240.04798,-0.20096,-0.71523,-12.98366,0.06751,0.0278,-0.00361,12.98366,-0.00361,44.0
16.32,1784879871.30547,A1850_B1850,1,1850,1850,1850,1850,10.67068,22.64802,241.66973,-0.52445,0.12518,-13.20123,-0.00412,0.00483,0.00835,13.20123,0.00835,44.0
16.34,1784879871.32547,A1850_B1850,1,1850,1850,1850,1850,10.71273,22.7201,243.39425,-0.21675,-0.09458,-13.53878,-0.00638,-0.00584,0.0092,13.53878,0.0092,44.0
16.36,1784879871.34547,A1850_B1850,1,1850,1850,1850,1850,10.736,22.76,244.35136,-0.66972,-0.28541,-13.18971,0.0168,-0.04486,-0.01932,13.18971,-0.01932,44.0
16.38,1784879871.36547,A1850_B1850,1,1850,1850,1850,1850,10.736,22.76,244.35136,-1.01701,-0.36617,-13.48901,0.04026,-0.06061,-0.02748,13.48901,-0.02748,44.0
16.4,1784879871.38547,A1850_B1850,1,1850,1850,1850,1850,10.736,22.76,244.35136,0.54425,-0.29447,-13.40801,0.02923,0.09579,0.01196,13.40801,0.01196,44.0
16.42,1784879871.40547,A1850_B1850,1,1850,1850,1850,1850,10.72216,22.77186,244.16357,-0.24615,-0.47256,-13.1481,0.03143,0.01211,0.02739,13.1481,0.02739,44.0
16.44,1784879871.42547,A1850_B1850,1,1850,1850,1850,1850,10.70823,22.7838,243.97426,-1.23363,0.41495,-13.53407,-0.02221,-0.05922,0.00996,13.53407,0.00996,44.0
16.46,1784879871.44547,A1850_B1850,1,1850,1850,1850,1850,10.701,22.79,243.87579,-0.23669,-0.09157,-13.26613,0.004,0.00604,-0.00708,13.26613,-0.00708,44.0
16.48,1784879871.46547,A1850_B1850,1,1850,1850,1850,1850,10.701,22.79,243.87579,0.89577,-1.2092,-12.81686,0.06442,0.09686,0.00499,12.81686,0.00499,44.0
16.5,1784879871.48547,A1850_B1850,1,1850,1850,1850,1850,10.701,22.79,243.87579,0.21782,0.51578,-13.07591,-0.06847,0.08919,0.02035,13.07591,0.02035,44.0
16.52,1784879871.50547,A1850_B1850,1,1850,1850,1850,1850,10.71356,22.69189,243.11089,-1.67794,0.35364,-13.45494,-0.01254,-0.13705,-0.00973,13.45494,-0.00973,44.0
16.54,1784879871.52547,A1850_B1850,1,1850,1850,1850,1850,10.72621,22.59307,242.33797,-0.1564,-0.88908,-13.0652,0.07447,0.02098,0.00372,13.0652,0.00372,44.0
16.56,1784879871.54547,A1850_B1850,1,1850,1850,1850,1850,10.733,22.54,241.92182,0.19827,-0.72694,-13.66517,0.05667,0.07056,0.00897,13.66517,0.00897,44.0
16.58,1784879871.56547,A1850_B1850,1,1850,1850,1850,1850,10.733,22.54,241.92182,-0.96688,0.18504,-13.52798,-0.01385,-0.026,0.01007,13.52798,0.01007,44.0
16.6,1784879871.58547,A1850_B1850,1,1850,1850,1850,1850,10.733,22.54,241.92182,-0.60332,0.10172,-12.85754,-0.0122,-0.02204,-0.00417,12.85754,-0.00417,44.0
16.62,1784879871.60547,A1850_B1850,1,1850,1850,1850,1850,10.74501,22.63757,243.24091,0.08393,-0.5578,-13.48175,0.04838,0.02492,-0.00539,13.48175,-0.00539,44.0
16.64,1784879871.62547,A1850_B1850,1,1850,1850,1850,1850,10.75772,22.74087,244.63997,0.13061,-0.73291,-13.62292,0.04668,0.05459,-0.00139,13.62292,-0.00139,44.0
16.66,1784879871.64547,A1850_B1850,1,1850,1850,1850,1850,10.765,22.8,245.442,-0.27953,-0.82975,-12.7465,0.08632,-0.00184,-0.00203,12.7465,-0.00203,44.0
16.68,1784879871.66547,A1850_B1850,1,1850,1850,1850,1850,10.765,22.8,245.442,-1.45406,0.4186,-13.16479,-0.03277,-0.09808,0.01299,13.16479,0.01299,44.0
16.7,1784879871.68547,A1850_B1850,1,1850,1850,1850,1850,10.765,22.8,245.442,-1.5683,0.13372,-14.03243,-0.01972,-0.10241,0.01597,14.03243,0.01597,44.0
16.72,1784879871.70547,A1850_B1850,1,1850,1850,1850,1850,10.72265,22.7213,243.63257,0.52028,-0.56825,-12.90313,0.05656,0.0894,0.00469,12.90313,0.00469,44.0
16.74,1784879871.72547,A1850_B1850,1,1850,1850,1850,1850,10.6778,22.63794,241.72337,0.88118,-0.92156,-12.66443,0.05514,0.11774,0.00075,12.66443,0.00075,44.0
16.76,1784879871.74547,A1850_B1850,1,1850,1850,1850,1850,10.652,22.59,240.62868,-0.46118,0.12988,-13.82742,-0.03018,-0.00133,0.0098,13.82742,0.0098,44.0
16.78,1784879871.76547,A1850_B1850,1,1850,1850,1850,1850,10.652,22.59,240.62868,-0.48495,0.29397,-12.83609,-0.00945,-0.00304,0.01175,12.83609,0.01175,44.0
16.8,1784879871.78547,A1850_B1850,1,1850,1850,1850,1850,10.652,22.59,240.62868,-0.52093,-0.82756,-12.81983,0.10014,-0.00944,-0.00163,12.81983,-0.00163,44.0
16.82,1784879871.80547,A1850_B1850,1,1850,1850,1850,1850,10.68164,22.65586,242.00167,-0.63651,-0.59565,-13.75278,0.05732,-0.03021,-0.00239,13.75278,-0.00239,44.0
16.84,1784879871.82547,A1850_B1850,1,1850,1850,1850,1850,10.71243,22.72428,243.43226,-0.5077,-0.05647,-13.22339,-0.01225,-0.00326,0.0078,13.22339,0.0078,44.0
16.86,1784879871.84547,A1850_B1850,1,1850,1850,1850,1850,10.733,22.77,244.39041,-1.16645,0.31134,-13.32297,-0.02189,-0.04037,0.00588,13.32297,0.00588,44.0
16.88,1784879871.86547,A1850_B1850,1,1850,1850,1850,1850,10.733,22.77,244.39041,-1.13509,-0.52205,-13.90173,0.03979,-0.05938,-0.00167,13.90173,-0.00167,44.0
16.9,1784879871.88547,A1850_B1850,1,1850,1850,1850,1850,10.73059,22.7656,244.28833,-1.41814,0.04911,-13.12701,0.00875,-0.08649,0.00735,13.12701,0.00735,44.0
16.92,1784879871.90547,A1850_B1850,1,1850,1850,1850,1850,10.67655,22.66701,242.00547,-0.58346,0.34255,-12.986,-0.02254,0.02048,0.01284,12.986,0.01284,44.0
16.94,1784879871.92547,A1850_B1850,1,1850,1850,1850,1850,10.62251,22.56843,239.73326,-0.77017,-1.19778,-13.60494,0.07764,-0.03954,0.00733,13.60494,0.00733,44.0
16.96,1784879871.94547,A1850_B1850,1,1850,1850,1850,1850,10.585,22.5,238.1625,-0.89235,-0.55064,-12.68888,0.0466,-0.05382,0.00784,12.68888,0.00784,44.0
16.98,1784879871.96547,A1850_B1850,1,1850,1850,1850,1850,10.585,22.5,238.1625,0.35423,0.38043,-13.53502,-0.00556,0.03819,-0.01777,13.53502,-0.01777,44.0
17.0,1784879871.98547,A1850_B1850,1,1850,1850,1850,1850,10.58617,22.49794,238.16697,0.89636,-0.74986,-13.67224,0.03319,0.1027,0.00468,13.67224,0.00468,44.0
17.02,1784879872.00547,A1850_B1850,1,1850,1850,1850,1850,10.61217,22.45205,238.265,-0.37543,-0.8202,-12.7254,0.04051,0.00035,0.01816,12.7254,0.01816,44.0
17.04,1784879872.02547,A1850_B1850,1,1850,1850,1850,1850,10.63817,22.40617,238.36065,-0.70782,-0.02854,-13.44984,0.04002,-0.0291,0.00405,13.44984,0.00405,44.0
17.06,1784879872.04547,A1850_B1850,1,1850,1850,1850,1850,10.653,22.38,238.41414,-0.25767,-0.39953,-13.41592,0.05903,0.02307,-0.00589,13.41592,-0.00589,44.0
17.08,1784879872.06547,A1850_B1850,1,1850,1850,1850,1850,10.653,22.38,238.41414,-0.64785,-1.09813,-13.02831,0.07607,-0.01069,0.01031,13.02831,0.01031,44.0
17.1,1784879872.08547,A1850_B1850,1,1850,1850,1850,1850,10.653,22.38,238.41414,-0.89771,0.22827,-13.55641,-0.04658,-0.0242,0.01243,13.55641,0.01243,44.0
17.12,1784879872.10547,A1850_B1850,1,1850,1850,1850,1850,10.69026,22.44463,239.93896,-1.07034,0.3672,-14.04959,-0.01239,-0.0696,-0.00472,14.04959,-0.00472,44.0
17.14,1784879872.12547,A1850_B1850,1,1850,1850,1850,1850,10.72969,22.51303,241.55776,-0.61449,0.04551,-13.01314,-0.0039,0.00055,0.00057,13.01314,0.00057,44.0
17.16,1784879872.14547,A1850_B1850,1,1850,1850,1850,1850,10.751,22.55,242.43505,-0.96961,-0.63586,-13.4588,0.04738,-0.03915,0.00275,13.4588,0.00275,44.0
17.18,1784879872.16547,A1850_B1850,1,1850,1850,1850,1850,10.751,22.55,242.43505,-1.32993,0.34147,-14.29345,-0.01463,-0.03941,0.01799,14.29345,0.01799,44.0
17.2,1784879872.18547,A1850_B1850,1,1850,1850,1850,1850,10.751,22.55,242.43505,-0.83262,0.10371,-12.56673,-0.02284,-0.02082,0.01943,12.56673,0.01943,44.0
17.22,1784879872.20547,A1850_B1850,1,1850,1850,1850,1850,10.71108,22.5613,241.65595,-0.22694,-0.63301,-13.19157,0.03406,-0.00305,0.00383,13.19157,0.00383,44.0
17.24,1784879872.22547,A1850_B1850,1,1850,1850,1850,1850,10.67096,22.57265,240.87186,0.34947,0.49435,-13.7905,-0.06266,0.06831,-0.00435,13.7905,-0.00435,44.0
17.26,1784879872.24547,A1850_B1850,1,1850,1850,1850,1850,10.645,22.58,240.3641,-0.23404,0.06085,-12.95499,-0.03212,0.02694,0.00767,12.95499,0.00767,44.0
17.28,1784879872.26547,A1850_B1850,1,1850,1850,1850,1850,10.645,22.58,240.3641,-0.72112,-0.74965,-12.8477,0.06071,-0.0366,0.01925,12.8477,0.01925,44.0
17.3,1784879872.28547,A1850_B1850,1,1850,1850,1850,1850,10.645,22.58,240.3641,-1.02753,-0.1611,-14.17268,0.01906,-0.05074,0.01379,14.17268,0.01379,44.0
17.32,1784879872.30547,A1850_B1850,1,1850,1850,1850,1850,10.71378,22.69154,243.11228,0.30929,-0.26496,-13.17941,0.02831,0.05807,-0.00859,13.17941,-0.00859,44.0
17.34,1784879872.32547,A1850_B1850,1,1850,1850,1850,1850,10.783,22.80378,245.89319,-0.14637,-0.72308,-12.44897,0.04807,0.01811,0.00717,12.44897,0.00717,44.0
17.36,1784879872.34547,A1850_B1850,1,1850,1850,1850,1850,10.83,22.88,247.7904,-0.55439,0.49836,-13.84332,-0.05834,0.00244,0.0228,13.84332,0.0228,44.0
17.38,1784879872.36547,A1850_B1850,1,1850,1850,1850,1850,10.83,22.88,247.7904,0.04002,0.34784,-12.85598,-0.02635,0.05739,0.00387,12.85598,0.00387,44.0
17.4,1784879872.38547,A1850_B1850,1,1850,1850,1850,1850,10.83,22.88,247.7904,-1.0817,-0.75769,-12.88691,0.07057,-0.06075,-0.01253,12.88691,-0.01253,44.0
17.42,1784879872.40547,A1850_B1850,1,1850,1850,1850,1850,10.74176,22.72452,244.10136,-0.88321,-0.46393,-13.79634,0.03625,-0.0412,0.017,13.79634,0.017,44.0
17.44,1784879872.42547,A1850_B1850,1,1850,1850,1850,1850,10.65247,22.56717,240.39602,-0.49288,0.45911,-13.12041,-0.05013,0.01238,0.02575,13.12041,0.02575,44.0
17.46,1784879872.44547,A1850_B1850,1,1850,1850,1850,1850,10.603,22.48,238.35544,-1.22113,0.28622,-13.27066,-0.02027,-0.05198,-0.00773,13.27066,-0.00773,44.0
17.48,1784879872.46547,A1850_B1850,1,1850,1850,1850,1850,10.603,22.48,238.35544,-1.28879,-0.49908,-13.71873,0.02927,-0.0817,-0.00665,13.71873,-0.00665,44.0
17.5,1784879872.48547,A1850_B1850,1,1850,1850,1850,1850,10.603,22.48,238.35544,0.23496,0.16683,-12.98233,-0.01466,0.05832,0.01044,12.98233,0.01044,44.0
17.52,1784879872.50547,A1850_B1850,1,1850,1850,1850,1850,10.63102,22.56219,239.85913,0.12387,-0.50527,-13.23099,0.04835,0.05131,0.00447,13.23099,0.00447,44.0
17.54,1784879872.52547,A1850_B1850,1,1850,1850,1850,1850,10.66157,22.65182,241.50406,-1.34006,-1.3007,-13.64451,0.0939,-0.04958,0.0108,13.64451,0.0108,44.0
17.56,1784879872.54547,A1850_B1850,1,1850,1850,1850,1850,10.678,22.7,242.3906,-1.60341,0.62114,-12.79389,-0.04955,-0.09817,-0.012,12.79389,-0.012,44.0
17.58,1784879872.56547,A1850_B1850,1,1850,1850,1850,1850,10.678,22.7,242.3906,0.64391,-0.12445,-13.04415,-0.00228,0.04428,-0.01252,13.04415,-0.01252,44.0
17.6,1784879872.58547,A1850_B1850,1,1850,1850,1850,1850,10.678,22.7,242.3906,0.3545,-0.83381,-13.8864,0.05308,0.0803,0.022,13.8864,0.022,44.0
17.62,1784879872.60547,A1850_B1850,1,1850,1850,1850,1850,10.65482,22.65217,241.35485,-0.87706,-0.33461,-13.00812,0.0344,-0.04724,-0.0025,13.00812,-0.0025,44.0
17.64,1784879872.62547,A1850_B1850,1,1850,1850,1850,1850,10.63115,22.60332,240.29916,0.13544,-0.15753,-13.62089,0.02802,0.04362,0.00067,13.62089,0.00067,44.0
17.66,1784879872.64547,A1850_B1850,1,1850,1850,1850,1850,10.615,22.57,239.58055,0.51837,-1.01784,-13.0598,0.09807,0.08799,0.00529,13.0598,0.00529,44.0
17.68,1784879872.66547,A1850_B1850,1,1850,1850,1850,1850,10.615,22.57,239.58055,-0.83143,-0.04629,-12.95305,-0.00448,-0.01436,0.01325,12.95305,0.01325,44.0
17.7,1784879872.68547,A1850_B1850,1,1850,1850,1850,1850,10.615,22.57,239.58055,-1.14012,0.43787,-13.45273,-0.04672,-0.05193,-0.01464,13.45273,-0.01464,44.0
17.72,1784879872.70547,A1850_B1850,1,1850,1850,1850,1850,10.65468,22.66641,241.50328,-1.12223,-0.05278,-13.89749,0.01488,-0.0733,-0.00337,13.89749,-0.00337,44.0
17.74,1784879872.72547,A1850_B1850,1,1850,1850,1850,1850,10.6946,22.76341,243.44555,-1.0781,-0.4448,-13.10453,0.03656,-0.05268,0.00948,13.10453,0.00948,44.0
17.76,1784879872.74547,A1850_B1850,1,1850,1850,1850,1850,10.722,22.83,244.78326,-0.9168,-0.4564,-13.11218,0.04288,-0.0295,0.00997,13.11218,0.00997,44.0
17.78,1784879872.76547,A1850_B1850,1,1850,1850,1850,1850,10.722,22.83,244.78326,-0.9284,-0.1672,-14.23202,0.02668,-0.03348,0.0072,14.23202,0.0072,44.0
17.8,1784879872.78547,A1850_B1850,1,1850,1850,1850,1850,10.72184,22.8248,244.7238,-0.61431,-0.58694,-12.74415,0.04003,-0.02128,0.00265,12.74415,0.00265,44.0
17.82,1784879872.80547,A1850_B1850,1,1850,1850,1850,1850,10.71815,22.70682,243.37515,-0.2917,-0.37923,-13.00329,0.03,0.01241,0.00848,13.00329,0.00848,44.0
17.84,1784879872.82547,A1850_B1850,1,1850,1850,1850,1850,10.71446,22.58884,242.02736,-0.42501,-0.07357,-13.79867,0.00846,0.01794,0.00433,13.79867,0.00433,44.0
17.86,1784879872.84547,A1850_B1850,1,1850,1850,1850,1850,10.712,22.51,241.12712,-1.13924,-0.06466,-12.79598,-0.00272,-0.05411,-0.00135,12.79598,-0.00135,44.0
17.88,1784879872.86547,A1850_B1850,1,1850,1850,1850,1850,10.712,22.51,241.12712,-0.27366,0.08685,-13.38829,-0.00685,0.00932,0.00603,13.38829,0.00603,44.0
17.9,1784879872.88547,A1850_B1850,1,1850,1850,1850,1850,10.71056,22.50984,241.09295,-0.04469,-0.38945,-13.66704,0.04351,0.02398,0.01239,13.66704,0.01239,44.0
17.92,1784879872.90547,A1850_B1850,1,1850,1850,1850,1850,10.67756,22.50617,240.31113,-0.88276,-0.30136,-13.09463,0.02599,-0.03774,-0.00117,13.09463,-0.00117,44.0
17.94,1784879872.92547,A1850_B1850,1,1850,1850,1850,1850,10.64457,22.50251,239.52955,-1.29703,-0.04945,-13.2272,-0.02606,-0.06812,0.02545,13.2272,0.02545,44.0
17.96,1784879872.94547,A1850_B1850,1,1850,1850,1850,1850,10.622,22.5,238.995,-0.6425,0.40648,-13.39118,-0.03466,0.02005,0.01055,13.39118,0.01055,44.0
17.98,1784879872.96547,A1850_B1850,1,1850,1850,1850,1850,10.622,22.5,238.995,-1.60237,-0.41184,-13.15745,0.04302,-0.09139,-0.01427,13.15745,-0.01427,44.0
18.0,1784879872.98547,A1850_B1850,1,1850,1850,1850,1850,10.622,22.5,238.995,-0.6423,-0.71424,-13.19066,0.04846,-0.01134,0.0331,13.19066,0.0331,44.0
18.02,1784879873.00547,A1850_B1850,1,1850,1850,1850,1850,10.66481,22.62017,241.23979,-0.40742,-0.00248,-13.26802,-0.00447,0.01939,0.01604,13.26802,0.01604,44.0
18.04,1784879873.02547,A1850_B1850,1,1850,1850,1850,1850,10.71013,22.74738,243.62743,-0.71341,-0.66365,-12.85455,0.0356,-0.02605,-0.01977,12.85455,-0.01977,44.0
18.06,1784879873.04547,A1850_B1850,1,1850,1850,1850,1850,10.736,22.82,244.99552,-0.57708,-0.13066,-13.81276,-0.00498,-0.03124,0.0019,13.81276,0.0019,44.0
18.08,1784879873.06547,A1850_B1850,1,1850,1850,1850,1850,10.736,22.82,244.99552,-0.19436,-0.06101,-13.28366,0.00553,0.01124,0.02057,13.28366,0.02057,44.0
18.1,1784879873.08547,A1850_B1850,1,1850,1850,1850,1850,10.736,22.82,244.99552,-0.64411,-0.52364,-13.00756,0.03744,0.00679,0.01037,13.00756,0.01037,44.0
18.12,1784879873.10547,A1850_B1850,1,1850,1850,1850,1850,10.71201,22.77812,243.9995,-0.5808,-0.51163,-13.45253,0.01199,-0.00957,0.01425,13.45253,0.01425,44.0
18.14,1784879873.12547,A1850_B1850,1,1850,1850,1850,1850,10.68661,22.73376,242.94668,-0.47838,0.20343,-13.10366,0.00866,-0.00601,0.00801,13.10366,0.00801,44.0
18.16,1784879873.14547,A1850_B1850,1,1850,1850,1850,1850,10.673,22.71,242.38383,-0.59664,-0.54255,-13.16577,0.05919,-0.01634,-0.00221,13.16577,-0.00221,44.0
18.18,1784879873.16547,A1850_B1850,1,1850,1850,1850,1850,10.673,22.71,242.38383,-0.56181,-0.61758,-13.49604,0.01702,0.01483,0.01099,13.49604,0.01099,44.0
18.2,1784879873.18547,A1850_B1850,1,1850,1850,1850,1850,10.673,22.71,242.38383,-0.65881,-0.12615,-12.95524,0.00356,-0.03219,0.00469,12.95524,0.00469,44.0
18.22,1784879873.20547,A1850_B1850,1,1850,1850,1850,1850,10.65459,22.67242,241.56528,-0.35636,-0.10224,-13.01775,0.01762,-0.01031,-3e-05,13.01775,-3e-05,44.0
18.24,1784879873.22547,A1850_B1850,1,1850,1850,1850,1850,10.63604,22.63458,240.74229,-0.39591,-0.44944,-13.91447,0.03539,0.02655,0.00803,13.91447,0.00803,44.0
18.26,1784879873.24547,A1850_B1850,1,1850,1850,1850,1850,10.624,22.61,240.20864,-0.8386,-0.73494,-12.88593,0.0588,-0.02087,0.02444,12.88593,0.02444,44.0
18.28,1784879873.26547,A1850_B1850,1,1850,1850,1850,1850,10.624,22.61,240.20864,-0.52966,-0.13181,-13.38487,0.01498,0.00556,0.00146,13.38487,0.00146,44.0
18.3,1784879873.28547,A1850_B1850,1,1850,1850,1850,1850,10.62371,22.60822,240.18308,0.22262,-0.14254,-13.93733,0.01516,0.05051,-0.01808,13.93733,-0.01808,44.0
18.32,1784879873.30547,A1850_B1850,1,1850,1850,1850,1850,10.61687,22.56643,239.58488,0.03379,-0.3702,-12.76243,0.01019,0.03374,0.01254,12.76243,0.01254,44.0
18.34,1784879873.32547,A1850_B1850,1,1850,1850,1850,1850,10.61003,22.52465,238.98726,-0.85649,-0.30187,-12.59422,0.02139,-0.01573,0.01169,12.59422,0.01169,44.0
18.36,1784879873.34547,A1850_B1850,1,1850,1850,1850,1850,10.606,22.5,238.635,-1.16592,-0.22564,-13.64394,0.02006,-0.05658,0.00156,13.64394,0.00156,44.0
18.38,1784879873.36547,A1850_B1850,1,1850,1850,1850,1850,10.606,22.5,238.635,-0.36599,-0.66962,-13.46813,0.05868,-0.00775,0.00107,13.46813,0.00107,44.0
18.4,1784879873.38547,A1850_B1850,1,1850,1850,1850,1850,10.606,22.5,238.635,-0.11135,-0.41136,-12.91616,0.0148,0.0129,-3e-05,12.91616,-3e-05,44.0
18.42,1784879873.40547,A1850_B1850,1,1850,1850,1850,1850,10.6242,22.46966,238.72225,-0.32556,-0.2531,-13.92567,0.01394,0.02718,0.00571,13.92567,0.00571,44.0
18.44,1784879873.42547,A1850_B1850,1,1850,1850,1850,1850,10.64368,22.4372,238.81439,-0.71117,0.00859,-13.45476,-0.01478,-0.00686,0.01525,13.45476,0.01525,44.0
18.46,1784879873.44547,A1850_B1850,1,1850,1850,1850,1850,10.654,22.42,238.86268,-0.6377,-0.63134,-12.88999,0.04042,-0.01488,0.00128,12.88999,0.00128,44.0
18.48,1784879873.46547,A1850_B1850,1,1850,1850,1850,1850,10.654,22.42,238.86268,-0.59082,-0.64941,-13.65712,0.06488,-0.00237,-0.01199,13.65712,-0.01199,44.0
18.5,1784879873.48547,A1850_B1850,1,1850,1850,1850,1850,10.654,22.42,238.86268,-0.17626,-0.38694,-12.93456,0.03941,0.01572,0.00176,12.93456,0.00176,44.0
18.52,1784879873.50547,A1850_B1850,1,1850,1850,1850,1850,10.63171,22.42719,238.43936,0.00581,-0.07819,-13.42552,-0.02652,0.05328,0.02585,13.42552,0.02585,44.0
18.54,1784879873.52547,A1850_B1850,1,1850,1850,1850,1850,10.6081,22.43481,237.99061,-0.96085,0.12915,-13.95883,-0.02884,-0.04059,-0.0025,13.95883,-0.0025,44.0
18.56,1784879873.54546,A1850_B1850,1,1850,1850,1850,1850,10.592,22.44,237.68448,-0.82576,-0.33324,-13.32077,0.03192,-0.03617,-0.01248,13.32077,-0.01248,44.0
18.58,1784879873.56546,A1850_B1850,1,1850,1850,1850,1850,10.592,22.44,237.68448,-0.4935,-0.67371,-13.04477,0.04383,0.00651,0.03469,13.04477,0.03469,44.0
18.6,1784879873.58546,A1850_B1850,1,1850,1850,1850,1850,10.5923,22.44062,237.69776,-1.0364,0.04052,-13.71613,0.01541,-0.05279,0.01063,13.71613,0.01063,44.0
18.62,1784879873.60546,A1850_B1850,1,1850,1850,1850,1850,10.5997,22.45621,238.02916,-0.79672,-0.44787,-12.95958,0.02603,-0.00802,-0.01826,12.95958,-0.01826,44.0
18.64,1784879873.62546,A1850_B1850,1,1850,1850,1850,1850,10.60711,22.4718,238.36079,0.17297,-0.11459,-12.83459,-0.0358,0.05665,0.00977,12.83459,0.00977,44.0
18.66,1784879873.64546,A1850_B1850,1,1850,1850,1850,1850,10.611,22.48,238.53528,0.24597,0.67711,-13.68225,-0.04161,0.01668,-0.00368,13.68225,-0.00368,44.0
18.68,1784879873.66546,A1850_B1850,1,1850,1850,1850,1850,10.611,22.48,238.53528,-0.17356,-0.74883,-12.91837,0.06144,0.04047,0.022,12.91837,0.022,44.0
18.7,1784879873.68546,A1850_B1850,1,1850,1850,1850,1850,10.61178,22.48195,238.57348,-1.07407,-0.59894,-13.19296,0.02706,-0.0539,0.00059,13.19296,0.00059,44.0
18.72,1784879873.70546,A1850_B1850,1,1850,1850,1850,1850,10.63004,22.52761,239.46944,-0.62528,0.01893,-14.01511,-0.00236,-0.05249,-0.00461,14.01511,-0.00461,44.0
18.74,1784879873.72546,A1850_B1850,1,1850,1850,1850,1850,10.64831,22.57327,240.36707,-0.25384,0.36929,-13.29188,-0.03569,0.02662,0.02204,13.29188,0.02204,44.0
18.76,1784879873.74546,A1850_B1850,1,1850,1850,1850,1850,10.659,22.6,240.8934,-0.87545,0.17634,-13.81906,-0.04298,-0.04421,0.01637,13.81906,0.01637,44.0
18.78,1784879873.76546,A1850_B1850,1,1850,1850,1850,1850,10.659,22.6,240.8934,-0.19333,-0.4484,-13.55521,0.0116,0.03032,-0.00217,13.55521,-0.00217,44.0
18.8,1784879873.78546,A1850_B1850,1,1850,1850,1850,1850,10.659,22.6,240.8934,-0.48218,-0.09442,-12.76761,0.0236,-0.00802,-0.00493,12.76761,-0.00493,44.0
18.82,1784879873.80546,A1850_B1850,1,1850,1850,1850,1850,10.66462,22.65247,241.58007,-0.21954,-0.5674,-13.42764,0.05572,0.0277,0.00944,13.42764,0.00944,44.0
18.84,1784879873.82546,A1850_B1850,1,1850,1850,1850,1850,10.67059,22.70819,242.30989,-0.04756,-0.72334,-13.7112,0.03531,0.02934,0.00501,13.7112,0.00501,44.0
18.86,1784879873.84546,A1850_B1850,1,1850,1850,1850,1850,10.674,22.74,242.72676,-0.55698,-0.31641,-13.01544,0.01178,-0.02059,0.00329,13.01544,0.00329,44.0
18.88,1784879873.86546,A1850_B1850,1,1850,1850,1850,1850,10.674,22.74,242.72676,-0.33239,0.04417,-13.11073,0.00515,-0.00381,-0.01272,13.11073,-0.01272,44.0
18.9,1784879873.88546,A1850_B1850,1,1850,1850,1850,1850,10.674,22.74,242.72676,-0.30887,-0.40324,-14.16284,0.01839,0.00348,0.00649,14.16284,0.00649,44.0
18.92,1784879873.90546,A1850_B1850,1,1850,1850,1850,1850,10.65837,22.72182,242.17759,-0.07006,-0.2407,-12.45356,-0.00073,0.05097,0.02512,12.45356,0.02512,44.0
18.94,1784879873.92546,A1850_B1850,1,1850,1850,1850,1850,10.64176,22.70251,241.59468,-0.70774,-0.22804,-13.29523,0.00639,-0.01539,0.0061,13.29523,0.0061,44.0
18.96,1784879873.94546,A1850_B1850,1,1850,1850,1850,1850,10.631,22.69,241.21739,-0.97704,-0.2398,-13.76134,0.01511,-0.04748,0.00571,13.76134,0.00571,44.0
18.98,1784879873.96546,A1850_B1850,1,1850,1850,1850,1850,10.631,22.69,241.21739,-0.44319,0.12238,-13.12975,-0.00518,-0.02368,-0.00717,13.12975,-0.00717,44.0
19.0,1784879873.98546,A1850_B1850,1,1850,1850,1850,1850,10.631,22.69,241.21739,-1.12277,-0.34227,-13.08577,0.02095,-0.04613,0.00089,13.08577,0.00089,44.0
19.02,1784879874.00546,A1850_B1850,1,1850,1850,1850,1850,10.64994,22.5953,240.63857,-1.15377,0.28471,-13.88075,-0.04608,-0.05961,0.00761,13.88075,0.00761,44.0
19.04,1784879874.02546,A1850_B1850,1,1850,1850,1850,1850,10.67,22.49499,240.02157,-0.98147,0.1882,-13.57792,-0.00899,-0.05246,0.01471,13.57792,0.01471,44.0
19.06,1784879874.04546,A1850_B1850,1,1850,1850,1850,1850,10.681,22.44,239.68164,-1.24487,-0.30197,-13.26743,0.04636,-0.06234,0.0026,13.26743,0.0026,44.0
19.08,1784879874.06546,A1850_B1850,1,1850,1850,1850,1850,10.681,22.44,239.68164,-0.59384,0.17644,-13.383,-0.02449,0.0013,0.02481,13.383,0.02481,44.0
19.1,1784879874.08546,A1850_B1850,1,1850,1850,1850,1850,10.68086,22.44251,239.70532,-0.43472,0.15575,-13.00668,-0.03925,0.00711,0.01396,13.00668,0.01396,44.0
19.12,1784879874.10546,A1850_B1850,1,1850,1850,1850,1850,10.67755,22.50125,240.25837,-1.07394,0.05917,-13.89531,-0.00251,-0.05651,-0.03169,13.89531,-0.03169,44.0
19.14,1784879874.12546,A1850_B1850,1,1850,1850,1850,1850,10.67425,22.55999,240.81103,-0.70442,-0.51375,-13.35114,0.04381,-0.01211,0.00755,13.35114,0.00755,44.0
19.16,1784879874.14546,A1850_B1850,1,1850,1850,1850,1850,10.672,22.6,241.1872,-0.00666,-0.92274,-12.69614,0.07303,0.00526,0.0202,12.69614,0.0202,44.0
19.18,1784879874.16546,A1850_B1850,1,1850,1850,1850,1850,10.672,22.6,241.1872,-1.43691,-0.2784,-13.88545,0.00656,-0.07693,0.00019,13.88545,0.00019,44.0
19.2,1784879874.18546,A1850_B1850,1,1850,1850,1850,1850,10.67278,22.59889,241.19294,-1.34965,0.14191,-13.62918,-0.01298,-0.06927,0.00071,13.62918,0.00071,44.0
19.22,1784879874.20546,A1850_B1850,1,1850,1850,1850,1850,10.69147,22.57218,241.32985,-0.11118,-0.44436,-13.92853,0.05242,0.00653,0.00329,13.92853,0.00329,44.0
19.24,1784879874.22546,A1850_B1850,1,1850,1850,1850,1850,10.71016,22.54548,241.46577,-0.8579,0.08701,-13.71572,-0.03291,-0.02732,0.01821,13.71572,0.01821,44.0
19.26,1784879874.24546,A1850_B1850,1,1850,1850,1850,1850,10.721,22.53,241.54413,-0.47129,0.24447,-12.52194,-0.03569,0.01811,0.01479,12.52194,0.01479,44.0
19.28,1784879874.26546,A1850_B1850,1,1850,1850,1850,1850,10.721,22.53,241.54413,-0.23093,-0.48662,-13.40862,0.05443,0.00355,-0.00372,13.40862,-0.00372,44.0
19.3,1784879874.28546,A1850_B1850,1,1850,1850,1850,1850,10.72315,22.53202,241.6142,-0.68366,-0.48686,-13.85364,0.05295,-0.04154,0.00621,13.85364,0.00621,44.0
19.32,1784879874.30546,A1850_B1850,1,1850,1850,1850,1850,10.77383,22.57977,243.27053,-0.59604,-0.06044,-13.17909,-0.00556,-0.0164,0.00897,13.17909,0.00897,44.0
19.34,1784879874.32546,A1850_B1850,1,1850,1850,1850,1850,10.82451,22.62751,244.9317,-1.38335,0.22134,-13.10871,-0.02594,-0.06783,0.0062,13.10871,0.0062,44.0
19.36,1784879874.34546,A1850_B1850,1,1850,1850,1850,1850,10.859,22.66,246.06494,-0.42962,-0.52921,-14.14738,0.03278,-0.01329,0.00861,14.14738,0.00861,44.0
19.38,1784879874.36546,A1850_B1850,1,1850,1850,1850,1850,10.859,22.66,246.06494,-0.21722,-0.19919,-12.83755,0.02341,0.02272,0.00411,12.83755,0.00411,44.0
19.4,1784879874.38546,A1850_B1850,1,1850,1850,1850,1850,10.859,22.66,246.06494,-0.2268,-0.05196,-12.93957,0.01006,0.02394,0.01103,12.93957,0.01103,44.0
19.42,1784879874.40546,A1850_B1850,1,1850,1850,1850,1850,10.78316,22.65619,244.30535,-0.83761,-0.24915,-13.90535,-0.00313,-0.04424,0.01584,13.90535,0.01584,44.0
19.44,1784879874.42546,A1850_B1850,1,1850,1850,1850,1850,10.70243,22.65213,242.43296,-1.17259,-0.19792,-13.29815,0.00971,-0.03691,0.00801,13.29815,0.00801,44.0
19.46,1784879874.44546,A1850_B1850,1,1850,1850,1850,1850,10.66,22.65,241.449,-1.06904,-0.32723,-12.97408,0.03689,-0.06144,0.00475,12.97408,0.00475,44.0
19.48,1784879874.46546,A1850_B1850,1,1850,1850,1850,1850,10.66,22.65,241.449,-0.21054,-0.34115,-13.55373,0.03265,0.01176,-0.00244,13.55373,-0.00244,44.0
19.5,1784879874.48546,A1850_B1850,1,1850,1850,1850,1850,10.66,22.65,241.449,-0.35269,-0.25253,-13.42808,0.00086,0.0051,0.01098,13.42808,0.01098,44.0
19.52,1784879874.50546,A1850_B1850,1,1850,1850,1850,1850,10.67182,22.65369,241.75606,-0.62223,0.267,-13.26053,-0.01217,-0.02485,0.00933,13.26053,0.00933,44.0
19.54,1784879874.52546,A1850_B1850,1,1850,1850,1850,1850,10.68377,22.65743,242.06667,-0.80922,-0.49205,-13.74076,0.06534,-0.02324,0.00675,13.74076,0.00675,44.0
19.56,1784879874.54546,A1850_B1850,1,1850,1850,1850,1850,10.692,22.66,242.28072,-0.86442,-1.14709,-13.1438,0.0846,-0.02638,0.01271,13.1438,0.01271,44.0
19.58,1784879874.56546,A1850_B1850,1,1850,1850,1850,1850,10.692,22.66,242.28072,0.88049,0.54635,-13.38236,-0.06189,0.06713,-0.00172,13.38236,-0.00172,44.0
19.6,1784879874.58546,A1850_B1850,1,1850,1850,1850,1850,10.69109,22.65859,242.24494,-0.39645,0.84,-13.76073,-0.0736,-0.00085,0.01285,13.76073,0.01285,44.0
19.62,1784879874.60546,A1850_B1850,1,1850,1850,1850,1850,10.66978,22.62551,241.40917,-1.45578,-1.28145,-13.0507,0.11253,-0.08696,0.00383,13.0507,0.00383,44.0
19.64,1784879874.62546,A1850_B1850,1,1850,1850,1850,1850,10.64846,22.59244,240.57481,-0.51689,-0.79706,-13.33557,0.06859,-0.02742,-0.00899,13.33557,-0.00899,44.0
19.66,1784879874.64546,A1850_B1850,1,1850,1850,1850,1850,10.634,22.57,240.00938,0.00785,0.37057,-13.3596,-0.00979,0.00972,0.00708,13.3596,0.00708,44.0
19.68,1784879874.66546,A1850_B1850,1,1850,1850,1850,1850,10.634,22.57,240.00938,-0.2093,-0.37086,-13.16312,0.02882,0.01558,0.02334,13.16312,0.02334,44.0
19.7,1784879874.68546,A1850_B1850,1,1850,1850,1850,1850,10.63484,22.57258,240.05579,-0.60364,-0.96913,-13.59733,0.08236,0.00289,0.00487,13.59733,0.00487,44.0
19.72,1784879874.70546,A1850_B1850,1,1850,1850,1850,1850,10.65455,22.63324,241.14703,0.16197,-0.38827,-13.26211,0.05172,0.01604,-0.01462,13.26211,-0.01462,44.0
19.74,1784879874.72546,A1850_B1850,1,1850,1850,1850,1850,10.67427,22.69389,242.24066,0.32613,0.05834,-12.86415,-0.01852,0.05196,0.00704,12.86415,0.00704,44.0
19.76,1784879874.74546,A1850_B1850,1,1850,1850,1850,1850,10.686,22.73,242.89278,-0.38764,-0.57355,-13.40309,0.02246,0.00149,0.0238,13.40309,0.0238,44.0
19.78,1784879874.76546,A1850_B1850,1,1850,1850,1850,1850,10.686,22.73,242.89278,-1.16089,-0.21829,-13.99474,0.01782,-0.05386,0.01028,13.99474,0.01028,44.0
19.8,1784879874.78546,A1850_B1850,1,1850,1850,1850,1850,10.686,22.73,242.89278,-0.69758,-0.19799,-13.04376,0.02771,-0.0294,0.00011,13.04376,0.00011,44.0
19.82,1784879874.80546,A1850_B1850,1,1850,1850,1850,1850,10.66093,22.63505,241.31072,0.08363,-0.71591,-13.30079,0.03943,0.04134,0.0163,13.30079,0.0163,44.0
19.84,1784879874.82546,A1850_B1850,1,1850,1850,1850,1850,10.63413,22.53352,239.62428,-0.56107,0.51236,-13.71118,-0.04358,-0.01983,0.0107,13.71118,0.0107,44.0
19.86,1784879874.84546,A1850_B1850,1,1850,1850,1850,1850,10.62,22.48,238.7376,-0.66465,0.38474,-12.76799,-0.03451,0.00187,0.00984,12.76799,0.00984,44.0
19.88,1784879874.86546,A1850_B1850,1,1850,1850,1850,1850,10.62,22.48,238.7376,-1.23145,-0.75775,-13.1624,0.05511,-0.06538,-0.00649,13.1624,-0.00649,44.0
19.9,1784879874.88546,A1850_B1850,1,1850,1850,1850,1850,10.62,22.48,238.7376,-0.35024,-0.41803,-13.17442,0.05373,-0.00624,0.00089,13.17442,0.00089,44.0
19.92,1784879874.90546,A1850_B1850,1,1850,1850,1850,1850,10.63565,22.49044,239.20052,0.38034,-0.43133,-13.0635,0.03874,0.05824,0.02076,13.0635,0.02076,44.0
19.94,1784879874.92546,A1850_B1850,1,1850,1850,1850,1850,10.65226,22.50151,239.69193,-1.39698,-0.07729,-13.6412,-0.00683,-0.07997,0.00619,13.6412,0.00619,44.0
19.96,1784879874.94546,A1850_B1850,1,1850,1850,1850,1850,10.665,22.51,240.06915,-0.55582,-0.585,-13.24325,0.03537,-0.02268,0.00361,13.24325,0.00361,44.0
19.98,1784879874.96546,A1850_B1850,1,1850,1850,1850,1850,10.665,22.51,240.06915,0.02924,-0.32482,-13.41173,0.02673,0.02095,-0.0063,13.41173,-0.0063,44.0
20.0,1784879874.98546,A1850_B1850,1,1850,1850,1850,1850,10.66438,22.50909,240.04554,-0.29295,0.04065,-13.35576,-0.01919,0.04436,0.02145,13.35576,0.02145,44.0
20.02,1784879875.00546,A1850_B1850,1,1850,1850,1850,1850,10.65144,22.49006,239.5515,-1.328,-0.62647,-13.14417,0.04138,-0.07445,0.02743,13.14417,0.02743,44.0
20.04,1784879875.02546,A1850_B1850,1,1850,1850,1850,1850,10.6385,22.47103,239.05796,-1.94125,0.31196,-13.26627,-0.01176,-0.12411,-0.01678,13.26627,-0.01678,44.0
20.06,1784879875.04546,A1850_B1850,1,1850,1850,1850,1850,10.631,22.46,238.77226,0.32057,-0.13031,-13.83752,-0.01884,0.07538,-0.00242,13.83752,-0.00242,44.0
20.08,1784879875.06546,A1850_B1850,1,1850,1850,1850,1850,10.631,22.46,238.77226,0.47073,-0.38182,-13.08501,-0.0068,0.04302,0.01557,13.08501,0.01557,44.0
20.1,1784879875.08546,A1850_B1850,1,1850,1850,1850,1850,10.631,22.46,238.77226,-1.36628,0.13658,-13.37686,-0.01303,-0.08989,0.00538,13.37686,0.00538,44.0
20.12,1784879875.10546,A1850_B1850,1,1850,1850,1850,1850,10.6321,22.47468,238.95311,-0.76447,-0.23825,-13.56591,0.02931,-0.02278,0.00075,13.56591,0.00075,44.0
20.14,1784879875.12546,A1850_B1850,1,1850,1850,1850,1850,10.63324,22.48984,239.13981,0.18895,-1.30419,-12.09588,0.09273,0.04392,0.00129,12.09588,0.00129,44.0
20.16,1784879875.14546,A1850_B1850,1,1850,1850,1850,1850,10.634,22.5,239.265,-0.24635,-0.41861,-13.16621,0.03788,0.00787,0.0108,13.16621,0.0108,44.0
20.18,1784879875.16546,A1850_B1850,1,1850,1850,1850,1850,10.634,22.5,239.265,-1.00683,0.5304,-13.50921,-0.06139,-0.0369,0.00888,13.50921,0.00888,44.0
20.2,1784879875.18546,A1850_B1850,1,1850,1850,1850,1850,10.634,22.5,239.265,-0.39947,-0.53752,-12.6995,0.0299,0.00583,0.00752,12.6995,0.00752,44.0
20.22,1784879875.20546,A1850_B1850,1,1850,1850,1850,1850,10.66585,22.58617,240.90059,-0.03852,-0.71861,-13.358,0.06424,0.01253,-0.00872,13.358,-0.00872,44.0
20.24,1784879875.22546,A1850_B1850,1,1850,1850,1850,1850,10.69964,22.67762,242.64237,-0.59561,-0.06442,-14.08617,0.00958,-0.041,0.0074,14.08617,0.0074,44.0
20.26,1784879875.24546,A1850_B1850,1,1850,1850,1850,1850,10.719,22.73,243.64287,-0.58339,0.08299,-13.03504,-0.01194,0.00511,0.02512,13.03504,0.02512,44.0
20.28,1784879875.26546,A1850_B1850,1,1850,1850,1850,1850,10.719,22.73,243.64287,-1.27151,-0.55399,-12.77686,0.0375,-0.07207,0.02156,12.77686,0.02156,44.0
20.3,1784879875.28546,A1850_B1850,1,1850,1850,1850,1850,10.719,22.73,243.64287,-0.42175,-0.42681,-14.03351,0.0401,-0.00874,-0.00677,14.03351,-0.00677,44.0
20.32,1784879875.30546,A1850_B1850,1,1850,1850,1850,1850,10.71148,22.65479,242.66634,0.64766,0.05505,-12.68029,-0.01456,0.09689,-0.0052,12.68029,-0.0052,44.0
20.34,1784879875.32546,A1850_B1850,1,1850,1850,1850,1850,10.70349,22.57492,241.63046,-0.02273,-0.15358,-12.92659,-0.01097,0.02107,0.0153,12.92659,0.0153,44.0
20.36,1784879875.34546,A1850_B1850,1,1850,1850,1850,1850,10.699,22.53,241.04847,-0.74375,-0.09686,-13.88863,-0.0094,-0.02189,0.02129,13.88863,0.02129,44.0
20.38,1784879875.36546,A1850_B1850,1,1850,1850,1850,1850,10.699,22.53,241.04847,-1.03081,-0.49387,-13.07424,0.05442,-0.04994,0.00064,13.07424,0.00064,44.0
20.4,1784879875.38546,A1850_B1850,1,1850,1850,1850,1850,10.699,22.53,241.04847,-0.75155,-0.35125,-13.23684,0.02167,-0.0647,-0.0078,13.23684,-0.0078,44.0
20.42,1784879875.40546,A1850_B1850,1,1850,1850,1850,1850,10.68856,22.54491,240.97267,-1.17297,-0.21496,-13.55045,0.00106,-0.06542,0.01162,13.55045,0.01162,44.0
20.44,1784879875.42546,A1850_B1850,1,1850,1850,1850,1850,10.67804,22.55994,240.896,-0.22971,0.07839,-12.83311,-0.01909,0.02162,-0.00258,12.83311,-0.00258,44.0
20.46,1784879875.44546,A1850_B1850,1,1850,1850,1850,1850,10.671,22.57,240.84447,0.30953,-0.11719,-13.1749,0.01954,0.07486,0.00466,13.1749,0.00466,44.0
20.48,1784879875.46546,A1850_B1850,1,1850,1850,1850,1850,10.671,22.57,240.84447,-0.76072,-0.90506,-13.51459,0.06804,-0.02985,0.00465,13.51459,0.00465,44.0
20.5,1784879875.48546,A1850_B1850,1,1850,1850,1850,1850,10.67057,22.56951,240.82952,-0.11623,-0.26579,-13.42932,0.01662,0.04605,0.01202,13.42932,0.01202,44.0
20.52,1784879875.50546,A1850_B1850,1,1850,1850,1850,1850,10.66069,22.5581,240.48492,0.1272,0.12177,-13.55795,-0.01777,0.03087,0.01529,13.55795,0.01529,44.0
20.54,1784879875.52546,A1850_B1850,1,1850,1850,1850,1850,10.65081,22.5467,240.14054,-0.88674,-0.50618,-13.60044,0.03004,-0.06802,-0.00845,13.60044,-0.00845,44.0
20.56,1784879875.54546,A1850_B1850,1,1850,1850,1850,1850,10.645,22.54,239.9383,-0.41198,-0.11325,-13.08966,-0.00556,0.01914,0.00617,13.08966,0.00617,44.0
20.58,1784879875.56546,A1850_B1850,1,1850,1850,1850,1850,10.645,22.54,239.9383,-0.86842,0.1114,-13.81716,-0.00816,-0.04539,0.01561,13.81716,0.01561,44.0
20.6,1784879875.58546,A1850_B1850,1,1850,1850,1850,1850,10.645,22.54,239.9383,-1.2239,-0.19735,-13.14585,-0.0053,-0.07088,0.01807,13.14585,0.01807,44.0
20.62,1784879875.60546,A1850_B1850,1,1850,1850,1850,1850,10.64537,22.5177,239.70931,-0.83809,-0.37513,-13.86148,0.04086,-0.01276,0.00615,13.86148,0.00615,44.0
20.64,1784879875.62546,A1850_B1850,1,1850,1850,1850,1850,10.64577,22.49395,239.46534,0.04695,-0.53161,-13.55531,0.04133,0.05196,-0.00753,13.55531,-0.00753,44.0
20.66,1784879875.64546,A1850_B1850,1,1850,1850,1850,1850,10.646,22.48,239.32208,0.15817,0.1579,-12.58251,-0.02284,0.02505,0.01426,12.58251,0.01426,44.0
20.68,1784879875.66546,A1850_B1850,1,1850,1850,1850,1850,10.646,22.48,239.32208,-0.6028,0.09868,-13.51276,-0.01656,-0.03027,0.01224,13.51276,0.01224,44.0
20.7,1784879875.68546,A1850_B1850,1,1850,1850,1850,1850,10.646,22.48,239.32208,-0.77862,-0.7847,-13.82657,0.04846,-0.019,-0.00362,13.82657,-0.00362,44.0
20.72,1784879875.70546,A1850_B1850,1,1850,1850,1850,1850,10.63089,22.48,238.98233,-0.8626,-0.26736,-13.33441,0.02836,-0.03903,-0.00439,13.33441,-0.00439,44.0
20.74,1784879875.72546,A1850_B1850,1,1850,1850,1850,1850,10.61471,22.48,238.61879,-0.31915,0.05179,-13.20168,-0.00804,-0.02068,0.00966,13.20168,0.00966,44.0
20.76,1784879875.74546,A1850_B1850,1,1850,1850,1850,1850,10.606,22.48,238.42288,-0.16078,-0.07403,-13.98682,-0.01166,0.01177,0.0112,13.98682,0.0112,44.0
20.78,1784879875.76546,A1850_B1850,1,1850,1850,1850,1850,10.606,22.48,238.42288,0.1906,-0.71086,-12.78454,0.04591,0.06233,-0.00726,12.78454,-0.00726,44.0
20.8,1784879875.78546,A1850_B1850,1,1850,1850,1850,1850,10.606,22.48,238.42288,-0.64642,-0.91455,-12.90715,0.06324,-0.02934,0.00066,12.90715,0.00066,44.0
20.82,1784879875.80546,A1850_B1850,1,1850,1850,1850,1850,10.61867,22.48,238.70768,0.06249,-0.06676,-13.96402,0.01476,0.05059,0.01302,13.96402,0.01302,44.0
20.84,1784879875.82546,A1850_B1850,1,1850,1850,1850,1850,10.63144,22.48,238.99477,0.16904,-0.65966,-13.07466,0.05382,0.03355,0.01165,13.07466,0.01165,44.0
20.86,1784879875.84546,A1850_B1850,1,1850,1850,1850,1850,10.64,22.48,239.1872,-0.5579,-0.51774,-12.86165,0.03159,-0.01035,-0.00649,12.86165,-0.00649,44.0
20.88,1784879875.86546,A1850_B1850,1,1850,1850,1850,1850,10.64,22.48,239.1872,-0.32023,-0.03848,-13.63597,-0.01509,-0.00119,-0.00375,13.63597,-0.00375,44.0
20.9,1784879875.88546,A1850_B1850,1,1850,1850,1850,1850,10.64333,22.48377,239.3022,-0.16931,-0.11772,-13.4295,-0.00388,0.01717,0.02326,13.4295,0.02326,44.0
20.92,1784879875.90546,A1850_B1850,1,1850,1850,1850,1850,10.72074,22.57141,241.98227,-0.75549,-0.39429,-12.64824,0.01793,-0.02922,0.01119,12.64824,0.01119,44.0
20.94,1784879875.92546,A1850_B1850,1,1850,1850,1850,1850,10.79816,22.65904,244.67591,-0.72926,-0.33338,-13.66149,0.03561,-0.0231,-0.00685,13.66149,-0.00685,44.0
20.96,1784879875.94546,A1850_B1850,1,1850,1850,1850,1850,10.852,22.72,246.55744,-0.85451,-0.27553,-13.01265,0.03328,-0.01774,0.00576,13.01265,0.00576,44.0
20.98,1784879875.96546,A1850_B1850,1,1850,1850,1850,1850,10.852,22.72,246.55744,-0.18871,-0.31115,-13.44901,0.00673,0.01682,0.01052,13.44901,0.01052,44.0
21.0,1784879875.98546,A1850_B1850,1,1850,1850,1850,1850,10.8487,22.71842,246.46538,0.49256,-0.12084,-13.75231,-0.02604,0.0796,0.00356,13.75231,0.00356,44.0
21.02,1784879876.00546,A1850_B1850,1,1850,1850,1850,1850,10.7688,22.68019,244.23857,-1.09977,0.30352,-12.64808,-0.02812,-0.04877,-0.00621,12.64808,-0.00621,44.0
21.04,1784879876.02546,A1850_B1850,1,1850,1850,1850,1850,10.68891,22.64197,242.01786,-1.21398,-0.654,-13.59207,0.0647,-0.08169,0.00698,13.59207,0.00698,44.0
21.06,1784879876.04546,A1850_B1850,1,1850,1850,1850,1850,10.643,22.62,240.74466,-0.61375,-0.25744,-13.68653,0.00952,-0.0032,0.02312,13.68653,0.02312,44.0
21.08,1784879876.06546,A1850_B1850,1,1850,1850,1850,1850,10.643,22.62,240.74466,-1.35364,1.01675,-13.1498,-0.10344,-0.05906,0.01879,13.1498,0.01879,44.0
21.1,1784879876.08546,A1850_B1850,1,1850,1850,1850,1850,10.643,22.62,240.74466,-1.30325,0.03616,-13.52589,-0.02052,-0.10207,-0.0059,13.52589,-0.0059,44.0
21.12,1784879876.10546,A1850_B1850,1,1850,1850,1850,1850,10.65211,22.63899,241.15308,-0.27007,-0.53977,-13.45351,0.04162,0.00104,-0.00011,13.45351,-0.00011,44.0
21.14,1784879876.12546,A1850_B1850,1,1850,1850,1850,1850,10.66179,22.65914,241.58685,-0.42336,0.02574,-13.07297,-0.00906,0.02916,0.01744,13.07297,0.01744,44.0
21.16,1784879876.14546,A1850_B1850,1,1850,1850,1850,1850,10.667,22.67,241.82089,-2.04935,-0.22435,-13.10101,0.0214,-0.16989,0.00374,13.10101,0.00374,44.0
21.18,1784879876.16546,A1850_B1850,1,1850,1850,1850,1850,10.667,22.67,241.82089,-0.56366,-0.28337,-13.03744,0.02774,-0.00531,-0.00457,13.03744,-0.00457,44.0
21.2,1784879876.18546,A1850_B1850,1,1850,1850,1850,1850,10.667,22.67,241.82089,-0.41599,-0.16521,-13.64932,-0.00082,-0.01342,-0.00703,13.64932,-0.00703,44.0
21.22,1784879876.20546,A1850_B1850,1,1850,1850,1850,1850,10.65104,22.5598,240.28527,-1.34564,0.51379,-13.94564,-0.05646,-0.10146,0.00566,13.94564,0.00566,44.0
21.24,1784879876.22546,A1850_B1850,1,1850,1850,1850,1850,10.63412,22.44295,238.6609,-0.47848,-0.32906,-13.32721,0.03075,-0.00732,0.01416,13.32721,0.01416,44.0
21.26,1784879876.24546,A1850_B1850,1,1850,1850,1850,1850,10.625,22.38,237.7875,0.48255,-0.54272,-13.02662,0.0597,0.07474,0.00624,13.02662,0.00624,44.0
21.28,1784879876.26546,A1850_B1850,1,1850,1850,1850,1850,10.625,22.38,237.7875,0.0943,-0.5566,-13.69871,0.04014,0.05811,0.00739,13.69871,0.00739,44.0
21.3,1784879876.28546,A1850_B1850,1,1850,1850,1850,1850,10.625,22.38,237.7875,-0.84607,-0.39677,-12.99466,0.01978,-0.02596,0.00852,12.99466,0.00852,44.0
21.32,1784879876.30546,A1850_B1850,1,1850,1850,1850,1850,10.67863,22.47617,240.01472,-0.47642,0.7839,-13.3544,-0.06957,-4e-05,0.00388,13.3544,0.00388,44.0
21.34,1784879876.32546,A1850_B1850,1,1850,1850,1850,1850,10.73265,22.57303,242.26853,0.00774,-0.25513,-13.5987,0.01371,0.02563,-0.00521,13.5987,-0.00521,44.0
21.36,1784879876.34546,A1850_B1850,1,1850,1850,1850,1850,10.77,22.64,243.8328,-0.45968,-1.17306,-13.39916,0.09031,-0.0104,-0.00052,13.39916,-0.00052,44.0
21.38,1784879876.36546,A1850_B1850,1,1850,1850,1850,1850,10.77,22.64,243.8328,-1.092,-0.25055,-12.94575,0.01611,-0.06913,0.01312,12.94575,0.01312,44.0
21.4,1784879876.38546,A1850_B1850,1,1850,1850,1850,1850,10.76699,22.63577,243.71916,-0.77105,0.86863,-13.86582,-0.07138,-0.01958,0.01961,13.86582,0.01961,44.0
21.42,1784879876.40546,A1850_B1850,1,1850,1850,1850,1850,10.69634,22.53648,241.0578,-0.65119,-0.39523,-13.61817,0.02953,-0.02494,0.01356,13.61817,0.01356,44.0
21.44,1784879876.42546,A1850_B1850,1,1850,1850,1850,1850,10.62569,22.43718,238.41047,-0.71735,-0.29964,-12.73586,0.0235,-0.01805,-0.00781,12.73586,-0.00781,44.0
21.46,1784879876.44546,A1850_B1850,1,1850,1850,1850,1850,10.585,22.38,236.8923,-0.32498,0.72194,-13.64077,-0.0844,0.02546,0.01744,13.64077,0.01744,44.0
21.48,1784879876.46546,A1850_B1850,1,1850,1850,1850,1850,10.585,22.38,236.8923,-0.67223,0.05251,-13.15509,-0.01666,-0.02095,0.02961,13.15509,0.02961,44.0
21.5,1784879876.48546,A1850_B1850,1,1850,1850,1850,1850,10.58684,22.38325,236.96781,-1.01592,-0.64284,-13.02695,0.07332,-0.05962,0.00037,13.02695,0.00037,44.0
21.52,1784879876.50546,A1850_B1850,1,1850,1850,1850,1850,10.6321,22.46312,238.83018,-0.64433,-0.04918,-13.65392,0.01261,-0.025,2e-05,13.65392,2e-05,44.0
21.54,1784879876.52546,A1850_B1850,1,1850,1850,1850,1850,10.67736,22.543,240.69978,0.16206,-0.06415,-12.87593,-0.01208,0.04037,0.01334,12.87593,0.01334,44.0
21.56,1784879876.54546,A1850_B1850,1,1850,1850,1850,1850,10.704,22.59,241.80336,-0.10546,-0.49763,-13.32544,0.02303,0.01815,0.00183,13.32544,0.00183,44.0
21.58,1784879876.56546,A1850_B1850,1,1850,1850,1850,1850,10.704,22.59,241.80336,-0.34687,0.33934,-13.8355,0.00873,7e-05,-0.01021,13.8355,-0.01021,44.0
21.6,1784879876.58546,A1850_B1850,1,1850,1850,1850,1850,10.704,22.59,241.80336,-0.4092,-0.73787,-13.2011,0.0896,-0.00738,-0.00939,13.2011,-0.00939,44.0
21.62,1784879876.60546,A1850_B1850,1,1850,1850,1850,1850,10.69764,22.54887,241.21974,0.4868,-1.66961,-13.44939,0.11547,0.06834,0.0093,13.44939,0.0093,44.0
21.64,1784879876.62546,A1850_B1850,1,1850,1850,1850,1850,10.69089,22.50514,240.59987,0.44403,0.25323,-13.73979,-0.03142,0.12505,0.01452,13.73979,0.01452,44.0
21.66,1784879876.64546,A1850_B1850,1,1850,1850,1850,1850,10.687,22.48,240.24376,-0.60127,0.31084,-13.15919,-0.015,-0.06907,-0.01254,13.15919,-0.01254,44.0
21.68,1784879876.66546,A1850_B1850,1,1850,1850,1850,1850,10.687,22.48,240.24376,0.01065,-0.96698,-13.43926,0.07591,0.02101,-0.00038,13.43926,-0.00038,44.0
21.7,1784879876.68546,A1850_B1850,1,1850,1850,1850,1850,10.687,22.48,240.24376,-0.765,-0.43858,-13.41073,0.02866,0.01478,0.01093,13.41073,0.01093,44.0
21.72,1784879876.70546,A1850_B1850,1,1850,1850,1850,1850,10.69495,22.48757,240.50349,-1.59366,0.25481,-13.33766,0.01002,-0.1314,0.00324,13.33766,0.00324,44.0
21.74,1784879876.72546,A1850_B1850,1,1850,1850,1850,1850,10.7034,22.49562,240.77948,-0.5175,-0.5292,-13.56465,0.04449,-0.0254,0.01134,13.56465,0.01134,44.0
21.76,1784879876.74546,A1850_B1850,1,1850,1850,1850,1850,10.708,22.5,240.93,-0.18201,-0.48971,-13.44476,0.02045,0.02476,0.0006,13.44476,0.0006,44.0
21.78,1784879876.76546,A1850_B1850,1,1850,1850,1850,1850,10.708,22.5,240.93,-0.41911,0.19743,-13.00131,-0.02587,0.0309,-0.00193,13.00131,-0.00193,44.0
21.8,1784879876.78546,A1850_B1850,1,1850,1850,1850,1850,10.70849,22.5025,240.96773,-0.15871,0.14067,-13.29328,-0.02648,-0.00508,0.00934,13.29328,0.00934,44.0
21.82,1784879876.80546,A1850_B1850,1,1850,1850,1850,1850,10.72364,22.58012,242.14118,-1.11237,-0.06888,-13.72164,0.00662,-0.05926,0.01097,13.72164,0.01097,44.0
21.84,1784879876.82546,A1850_B1850,1,1850,1850,1850,1850,10.7388,22.65775,243.31697,-1.08421,-0.40263,-13.20398,0.04794,-0.02868,0.00434,13.20398,0.00434,44.0
21.86,1784879876.84546,A1850_B1850,1,1850,1850,1850,1850,10.749,22.71,244.10979,0.00714,-0.78604,-13.4792,0.06134,0.03892,0.00407,13.4792,0.00407,44.0
21.88,1784879876.86546,A1850_B1850,1,1850,1850,1850,1850,10.749,22.71,244.10979,-0.02078,-0.59664,-13.97188,0.02614,0.0071,0.01225,13.97188,0.01225,44.0
21.9,1784879876.88546,A1850_B1850,1,1850,1850,1850,1850,10.749,22.71,244.10979,-0.44693,0.04199,-13.03605,0.00155,0.01081,0.00524,13.03605,0.00524,44.0
21.92,1784879876.90546,A1850_B1850,1,1850,1850,1850,1850,10.72125,22.67798,243.13639,-0.65196,-0.11214,-12.98165,-0.00485,-0.01489,-0.00521,12.98165,-0.00521,44.0
21.94,1784879876.92546,A1850_B1850,1,1850,1850,1850,1850,10.69145,22.6436,242.09291,-0.70128,-0.65997,-13.10488,0.05864,-0.0232,-0.00361,13.10488,-0.00361,44.0
21.96,1784879876.94546,A1850_B1850,1,1850,1850,1850,1850,10.671,22.62,241.37802,-0.96471,0.15208,-13.19052,-0.00602,-0.04384,0.01298,13.19052,0.01298,44.0
21.98,1784879876.96546,A1850_B1850,1,1850,1850,1850,1850,10.671,22.62,241.37802,-1.21908,0.12423,-13.53455,-0.00579,-0.06852,0.01365,13.53455,0.01365,44.0
22.0,1784879876.98546,A1850_B1850,1,1850,1850,1850,1850,10.671,22.62,241.37802,-0.55098,-0.21124,-13.00475,0.01539,-0.03454,-0.00603,13.00475,-0.00603,44.0
22.02,1784879877.00546,A1850_B1850,1,1850,1850,1850,1850,10.70014,22.69007,242.78686,-0.41294,-0.68618,-13.24892,0.05967,-0.02838,-0.00839,13.24892,-0.00839,44.0
22.04,1784879877.02546,A1850_B1850,1,1850,1850,1850,1850,10.7327,22.76838,244.36609,0.08501,0.15113,-13.4834,-0.00429,0.06589,0.00798,13.4834,0.00798,44.0
22.06,1784879877.04546,A1850_B1850,1,1850,1850,1850,1850,10.75,22.81,245.2075,-0.42426,-0.65458,-12.79025,0.03686,0.00049,0.01407,12.79025,0.01407,44.0
22.08,1784879877.06546,A1850_B1850,1,1850,1850,1850,1850,10.75,22.81,245.2075,-0.69272,-0.73142,-12.98636,0.07866,-0.02542,0.00988,12.98636,0.00988,44.0
22.1,1784879877.08546,A1850_B1850,1,1850,1850,1850,1850,10.75,22.81,245.2075,0.65616,0.02609,-13.50917,0.00816,0.08945,0.00311,13.50917,0.00311,44.0
22.12,1784879877.10546,A1850_B1850,1,1850,1850,1850,1850,10.70552,22.69879,243.00225,0.58924,-0.49677,-13.15041,0.00016,0.07587,0.01698,13.15041,0.01698,44.0
22.14,1784879877.12546,A1850_B1850,1,1850,1850,1850,1850,10.6606,22.58651,240.78574,-0.72125,0.37445,-13.76724,-0.05196,-0.01682,0.01843,13.76724,0.01843,44.0
22.16,1784879877.14546,A1850_B1850,1,1850,1850,1850,1850,10.63,22.51,239.2813,-1.79837,0.262,-14.10691,-0.00823,-0.14511,0.00283,14.10691,0.00283,44.0
22.18,1784879877.16546,A1850_B1850,1,1850,1850,1850,1850,10.63,22.51,239.2813,0.13719,-0.63979,-12.56974,0.05431,0.0374,0.00239,12.56974,0.00239,44.0
22.2,1784879877.18546,A1850_B1850,1,1850,1850,1850,1850,10.63,22.51,239.2813,0.38428,-0.787,-13.35846,0.05355,0.07684,0.01666,13.35846,0.01666,44.0
22.22,1784879877.20546,A1850_B1850,1,1850,1850,1850,1850,10.60853,22.69505,240.76124,-0.41731,-0.06995,-13.63263,-0.01083,0.02828,0.01897,13.63263,0.01897,44.0
22.24,1784879877.22546,A1850_B1850,1,1850,1850,1850,1850,10.58687,22.88179,242.24662,-0.33578,0.14365,-12.71714,-0.00998,0.00057,0.00074,12.71714,0.00074,44.0
22.26,1784879877.24546,A1850_B1850,1,1850,1850,1850,1850,10.572,23.01,243.26172,0.57623,-0.65353,-13.0795,0.05654,0.06097,-0.00371,13.0795,-0.00371,44.0
22.28,1784879877.26546,A1850_B1850,1,1850,1850,1850,1850,10.572,23.01,243.26172,0.74065,-0.85825,-13.32966,0.03195,0.10941,0.00812,13.32966,0.00812,44.0
22.3,1784879877.28546,A1850_B1850,1,1850,1850,1850,1850,10.57251,23.00106,243.17897,-0.22565,0.12235,-13.10202,-0.01223,-0.00025,0.01075,13.10202,0.01075,44.0
22.32,1784879877.30546,A1850_B1850,1,1850,1850,1850,1850,10.58468,22.78818,241.20547,-0.3904,-0.53864,-12.92813,0.05191,-0.01178,-0.00108,12.92813,-0.00108,44.0
22.34,1784879877.32546,A1850_B1850,1,1850,1850,1850,1850,10.59684,22.57529,239.22679,0.18906,-1.17124,-13.93508,0.10671,0.02286,0.00557,13.93508,0.00557,44.0
22.36,1784879877.34546,A1850_B1850,1,1850,1850,1850,1850,10.604,22.45,238.0598,-0.53024,-0.04546,-13.17721,0.01133,0.0032,0.00465,13.17721,0.00465,44.0
22.38,1784879877.36546,A1850_B1850,1,1850,1850,1850,1850,10.604,22.45,238.0598,-0.84957,-0.07634,-12.82597,-0.01103,-0.04749,0.01434,12.82597,0.01434,44.0
22.4,1784879877.38546,A1850_B1850,1,1850,1850,1850,1850,10.60577,22.4558,238.16114,-0.95331,-0.01592,-13.29215,-0.00776,-0.04374,0.01056,13.29215,0.01056,44.0
22.42,1784879877.40546,A1850_B1850,1,1850,1850,1850,1850,10.64785,22.5935,240.5721,-1.1277,0.2134,-13.38215,0.00407,-0.05211,0.00465,13.38215,0.00465,44.0
22.44,1784879877.42546,A1850_B1850,1,1850,1850,1850,1850,10.68992,22.73119,242.99465,-0.82594,-0.44871,-13.88767,0.04999,-0.05365,0.00429,13.88767,0.00429,44.0
22.46,1784879877.44546,A1850_B1850,1,1850,1850,1850,1850,10.714,22.81,244.38634,-1.01517,-0.27573,-13.14133,-0.01561,-0.0607,0.00839,13.14133,0.00839,44.0
22.48,1784879877.46546,A1850_B1850,1,1850,1850,1850,1850,10.714,22.81,244.38634,-0.81988,-0.10697,-13.24538,-0.01302,-0.02277,0.01493,13.24538,0.01493,44.0
22.5,1784879877.48546,A1850_B1850,1,1850,1850,1850,1850,10.714,22.81,244.38634,-0.69807,0.12065,-13.7322,0.01921,-0.03184,0.00647,13.7322,0.00647,44.0
22.52,1784879877.50546,A1850_B1850,1,1850,1850,1850,1850,10.67415,22.68476,242.14061,-0.56668,-0.09338,-12.93969,0.02029,-0.03642,0.0128,12.93969,0.0128,44.0
22.54,1784879877.52546,A1850_B1850,1,1850,1850,1850,1850,10.63185,22.55183,239.76776,-0.78197,-0.53078,-13.08876,0.02697,-0.01819,0.00779,13.08876,0.00779,44.0
22.56,1784879877.54546,A1850_B1850,1,1850,1850,1850,1850,10.609,22.48,238.49032,-0.04301,-0.46765,-13.34259,0.03797,0.0396,0.00552,13.34259,0.00552,44.0
22.58,1784879877.56546,A1850_B1850,1,1850,1850,1850,1850,10.609,22.48,238.49032,-0.21422,0.21938,-12.90751,-0.00823,-0.01068,0.01557,12.90751,0.01557,44.0
22.6,1784879877.58546,A1850_B1850,1,1850,1850,1850,1850,10.609,22.48,238.49032,-0.60661,-0.06264,-13.55769,-0.00088,-0.02688,-0.00158,13.55769,-0.00158,44.0
22.62,1784879877.60546,A1850_B1850,1,1850,1850,1850,1850,10.59822,22.45304,237.96222,-1.29412,-0.56837,-14.0561,0.03021,-0.06771,0.00798,14.0561,0.00798,44.0
22.64,1784879877.62546,A1850_B1850,1,1850,1850,1850,1850,10.58735,22.42586,237.43036,-0.80459,-0.00385,-12.70658,-0.00041,-0.02663,0.01175,12.70658,0.01175,44.0
22.66,1784879877.64546,A1850_B1850,1,1850,1850,1850,1850,10.581,22.41,237.12021,-0.03722,-0.65212,-13.1795,0.06964,0.01222,0.00611,13.1795,0.00611,44.0
22.68,1784879877.66546,A1850_B1850,1,1850,1850,1850,1850,10.581,22.41,237.12021,0.16451,-0.49068,-13.96089,0.06255,0.04609,-0.00089,13.96089,-0.00089,44.0
22.7,1784879877.68546,A1850_B1850,1,1850,1850,1850,1850,10.58132,22.40985,237.12575,-0.22749,-0.92468,-12.33229,0.0496,0.02002,0.00989,12.33229,0.00989,44.0
22.72,1784879877.70546,A1850_B1850,1,1850,1850,1850,1850,10.58926,22.40607,237.26362,-0.33081,-0.29039,-12.99603,-0.00796,-0.01703,0.02434,12.99603,0.02434,44.0
22.74,1784879877.72546,A1850_B1850,1,1850,1850,1850,1850,10.5972,22.40229,237.40144,-0.60712,0.05569,-13.83297,0.00794,-0.00255,-0.00804,13.83297,-0.00804,44.0
22.76,1784879877.74546,A1850_B1850,1,1850,1850,1850,1850,10.602,22.4,237.4848,-0.14837,-0.42239,-13.56282,0.04375,-0.00602,-0.0007,13.56282,-0.0007,44.0
22.78,1784879877.76546,A1850_B1850,1,1850,1850,1850,1850,10.602,22.4,237.4848,-0.40385,-0.47731,-12.6699,0.02287,-0.0051,0.01921,12.6699,0.01921,44.0
22.8,1784879877.78546,A1850_B1850,1,1850,1850,1850,1850,10.60255,22.4015,237.51312,-0.81694,-0.43162,-13.21336,0.03766,-0.05267,0.00574,13.21336,0.00574,44.0
22.82,1784879877.80546,A1850_B1850,1,1850,1850,1850,1850,10.62444,22.46085,238.63383,-0.52293,-0.15429,-13.34818,0.02746,-0.00126,0.01753,13.34818,0.01753,44.0
22.84,1784879877.82546,A1850_B1850,1,1850,1850,1850,1850,10.64632,22.52019,239.75713,-1.04617,-0.44932,-13.50925,0.02943,-0.06623,0.00319,13.50925,0.00319,44.0
22.86,1784879877.84546,A1850_B1850,1,1850,1850,1850,1850,10.661,22.56,240.51216,-0.82975,-0.25946,-13.26755,-0.01569,-0.03763,0.01607,13.26755,0.01607,44.0
22.88,1784879877.86546,A1850_B1850,1,1850,1850,1850,1850,10.661,22.56,240.51216,0.69929,-0.07864,-12.47771,-0.02721,0.10326,0.01379,12.47771,0.01379,44.0
22.9,1784879877.88546,A1850_B1850,1,1850,1850,1850,1850,10.661,22.56,240.51216,-1.01854,-0.56238,-13.77882,0.05696,-0.06405,-0.00085,13.77882,-0.00085,44.0
22.92,1784879877.90546,A1850_B1850,1,1850,1850,1850,1850,10.70265,22.53748,241.21091,-1.59734,-0.85696,-12.83534,0.06833,-0.10155,0.00789,12.83534,0.00789,44.0
22.94,1784879877.92546,A1850_B1850,1,1850,1850,1850,1850,10.7447,22.51476,241.9143,-0.47342,0.18672,-13.3143,-0.03912,0.00089,0.01229,13.3143,0.01229,44.0
22.96,1784879877.94546,A1850_B1850,1,1850,1850,1850,1850,10.772,22.5,242.37,-0.5031,0.00313,-13.86429,-0.00923,-0.04286,0.00788,13.86429,0.00788,44.0
22.98,1784879877.96546,A1850_B1850,1,1850,1850,1850,1850,10.772,22.5,242.37,-1.29241,-0.77056,-13.03876,0.05794,-0.07788,0.00652,13.03876,0.00652,44.0
23.0,1784879877.98546,A1850_B1850,1,1850,1850,1850,1850,10.772,22.5,242.37,-0.18088,-0.29964,-12.89277,0.03227,0.02007,0.00265,12.89277,0.00265,44.0
23.02,1784879878.00546,A1850_B1850,1,1850,1850,1850,1850,10.7157,22.49213,241.01892,-0.14569,-0.37255,-12.81399,0.02897,0.01061,0.00539,12.81399,0.00539,44.0
23.04,1784879878.02546,A1850_B1850,1,1850,1850,1850,1850,10.65896,22.48419,239.65804,-0.23227,-0.79517,-12.46887,0.05466,0.02068,0.0127,12.46887,0.0127,44.0
23.06,1784879878.04546,A1850_B1850,1,1850,1850,1850,1850,10.629,22.48,238.93992,-0.42076,-0.42021,-13.37926,0.02514,-0.01471,0.01065,13.37926,0.01065,44.0
23.08,1784879878.06546,A1850_B1850,1,1850,1850,1850,1850,10.629,22.48,238.93992,-0.73879,0.05201,-13.81641,0.00829,-0.04398,0.00179,13.81641,0.00179,44.0
23.1,1784879878.08546,A1850_B1850,1,1850,1850,1850,1850,10.629,22.48,238.93992,-0.42744,-0.10241,-12.72823,0.00724,-0.0165,-0.00357,12.72823,-0.00357,44.0
23.12,1784879878.10546,A1850_B1850,1,1850,1850,1850,1850,10.63604,22.46889,238.97995,-0.99917,-0.38512,-13.5227,0.00902,-0.05567,0.01639,13.5227,0.01639,44.0
23.14,1784879878.12546,A1850_B1850,1,1850,1850,1850,1850,10.64314,22.45767,239.02017,0.08504,-0.07921,-14.05284,0.00483,0.04212,0.0117,14.05284,0.0117,44.0
23.16,1784879878.14546,A1850_B1850,1,1850,1850,1850,1850,10.648,22.45,239.0476,-0.84391,-0.69959,-12.28397,0.06222,-0.0417,0.00311,12.28397,0.00311,44.0
23.18,1784879878.16546,A1850_B1850,1,1850,1850,1850,1850,10.648,22.45,239.0476,0.0364,-0.19294,-13.21228,-0.0017,0.03844,0.00925,13.21228,0.00925,44.0
23.2,1784879878.18546,A1850_B1850,1,1850,1850,1850,1850,10.647,22.44894,239.01382,0.05577,0.41594,-13.72975,-0.06264,0.04497,0.00379,13.72975,0.00379,44.0
23.22,1784879878.20546,A1850_B1850,1,1850,1850,1850,1850,10.62173,22.42214,238.16201,-0.53528,-0.79546,-12.94063,0.05711,-0.01785,-0.00312,12.94063,-0.00312,44.0
23.24,1784879878.22546,A1850_B1850,1,1850,1850,1850,1850,10.59647,22.39534,237.31156,-0.54786,-0.83135,-13.11729,0.08078,-0.04325,0.00093,13.11729,0.00093,44.0
23.26,1784879878.24546,A1850_B1850,1,1850,1850,1850,1850,10.582,22.38,236.82516,-0.46621,-0.11748,-13.60349,0.00226,0.00273,0.00561,13.60349,0.00561,44.0
23.28,1784879878.26546,A1850_B1850,1,1850,1850,1850,1850,10.582,22.38,236.82516,-1.02245,-0.0961,-13.50709,-0.00098,-0.06414,0.00652,13.50709,0.00652,44.0
23.3,1784879878.28546,A1850_B1850,1,1850,1850,1850,1850,10.58309,22.38245,236.8755,-0.23945,-0.63327,-13.29589,0.04699,-0.00989,-0.00121,13.29589,-0.00121,44.0
23.32,1784879878.30546,A1850_B1850,1,1850,1850,1850,1850,10.60889,22.44061,238.07003,-0.2527,0.14405,-13.46862,0.00072,0.02076,-0.00193,13.46862,-0.00193,44.0
23.34,1784879878.32546,A1850_B1850,1,1850,1850,1850,1850,10.6347,22.49876,239.26756,-0.56886,-0.23628,-12.84828,0.01207,-0.02412,0.0047,12.84828,0.0047,44.0
23.36,1784879878.34546,A1850_B1850,1,1850,1850,1850,1850,10.653,22.54,240.11862,-0.48112,-0.62606,-13.49153,0.03825,0.00609,0.0158,13.49153,0.0158,44.0
23.38,1784879878.36546,A1850_B1850,1,1850,1850,1850,1850,10.653,22.54,240.11862,-0.29868,-0.36746,-12.7971,0.02646,0.00975,-0.00235,12.7971,-0.00235,44.0
23.4,1784879878.38546,A1850_B1850,1,1850,1850,1850,1850,10.653,22.54,240.11862,-0.55998,-0.11207,-12.9873,0.01529,-0.0579,-0.01312,12.9873,-0.01312,44.0
23.42,1784879878.40546,A1850_B1850,1,1850,1850,1850,1850,10.62874,22.49957,239.1422,0.09514,-0.30867,-13.70416,-0.01049,0.02739,0.00639,13.70416,0.00639,44.0
23.44,1784879878.42546,A1850_B1850,1,1850,1850,1850,1850,10.6035,22.4575,238.12815,-0.52213,-0.4693,-12.73343,0.01262,-0.00768,-0.00371,12.73343,-0.00371,44.0
23.46,1784879878.44546,A1850_B1850,1,1850,1850,1850,1850,10.587,22.43,237.46641,-1.36272,-0.21712,-13.55251,0.02765,-0.08185,-0.00539,13.55251,-0.00539,44.0
23.48,1784879878.46546,A1850_B1850,1,1850,1850,1850,1850,10.587,22.43,237.46641,-0.61143,-0.66414,-13.6077,0.05653,-0.01758,0.01407,13.6077,0.01407,44.0
23.5,1784879878.48546,A1850_B1850,1,1850,1850,1850,1850,10.587,22.43,237.46641,-0.19185,-0.23191,-12.94928,-0.00124,0.00216,0.01102,12.94928,0.01102,44.0
23.52,1784879878.50546,A1850_B1850,1,1850,1850,1850,1850,10.59071,22.46337,237.90304,-0.64787,-0.0996,-13.17464,-0.02285,-0.03376,-0.01544,13.17464,-0.01544,44.0
23.54,1784879878.52546,A1850_B1850,1,1850,1850,1850,1850,10.59445,22.49702,238.34351,-0.39794,-0.34176,-13.61893,0.02981,-0.00532,0.00303,13.61893,0.00303,44.0
23.56,1784879878.54546,A1850_B1850,1,1850,1850,1850,1850,10.597,22.52,238.64444,-0.34566,-0.2432,-13.43016,0.01841,-0.01561,0.00434,13.43016,0.00434,44.0
23.58,1784879878.56546,A1850_B1850,1,1850,1850,1850,1850,10.597,22.52,238.64444,-0.40238,-0.5639,-13.71281,0.03598,-0.00264,0.00407,13.71281,0.00407,44.0
23.6,1784879878.58546,A1850_B1850,1,1850,1850,1850,1850,10.59665,22.51857,238.62146,-0.47379,-0.40803,-13.63256,0.00868,0.00303,-0.00012,13.63256,-0.00012,44.0
23.62,1784879878.60546,A1850_B1850,1,1850,1850,1850,1850,10.58827,22.4843,238.06999,-0.50619,-0.63805,-13.09737,0.05103,-0.0248,0.00857,13.09737,0.00857,44.0
23.64,1784879878.62546,A1850_B1850,1,1850,1850,1850,1850,10.5799,22.45004,237.51909,-0.2214,-0.27465,-13.41865,0.02009,0.0165,0.00456,13.41865,0.00456,44.0
23.66,1784879878.64546,A1850_B1850,1,1850,1850,1850,1850,10.575,22.43,237.19725,-0.50754,-0.39417,-12.99552,0.00106,-0.0138,0.00484,12.99552,0.00484,44.0
23.68,1784879878.66546,A1850_B1850,1,1850,1850,1850,1850,10.575,22.43,237.19725,-0.36605,-0.71963,-13.11123,0.0273,0.00472,0.0148,13.11123,0.0148,44.0
23.7,1784879878.68546,A1850_B1850,1,1850,1850,1850,1850,10.57567,22.43182,237.23148,-0.53986,-0.12862,-13.88678,0.03006,-0.00298,0.00206,13.88678,0.00206,44.0
23.72,1784879878.70546,A1850_B1850,1,1850,1850,1850,1850,10.59395,22.48133,238.16622,-0.57385,-0.12356,-13.27488,0.01301,-0.0358,-0.00944,13.27488,-0.00944,44.0
23.74,1784879878.72546,A1850_B1850,1,1850,1850,1850,1850,10.61224,22.53085,239.10276,0.18963,-0.55431,-12.8723,-0.00854,0.05266,0.0148,12.8723,0.0148,44.0
23.76,1784879878.74546,A1850_B1850,1,1850,1850,1850,1850,10.623,22.56,239.65488,-0.58281,-0.11016,-13.65383,-0.00966,-0.01018,0.00706,13.65383,0.00706,44.0
23.78,1784879878.76546,A1850_B1850,1,1850,1850,1850,1850,10.623,22.56,239.65488,-0.8544,-0.30221,-13.48153,0.03089,-0.06248,-0.00598,13.48153,-0.00598,44.0
23.8,1784879878.78546,A1850_B1850,1,1850,1850,1850,1850,10.623,22.56,239.65488,-0.71477,-0.99697,-12.67297,0.06953,-0.0406,0.01316,12.67297,0.01316,44.0
23.82,1784879878.80546,A1850_B1850,1,1850,1850,1850,1850,10.60555,22.51069,238.73821,-0.70333,0.2411,-13.60771,-0.03075,-0.00491,0.01565,13.60771,0.01565,44.0
23.84,1784879878.82546,A1850_B1850,1,1850,1850,1850,1850,10.58686,22.45788,237.75846,0.28025,-0.17846,-13.11198,0.00395,0.0525,0.00061,13.11198,0.00061,44.0
23.86,1784879878.84546,A1850_B1850,1,1850,1850,1850,1850,10.577,22.43,237.24211,-0.77118,-0.10802,-13.04773,0.00492,-0.04505,-0.00657,13.04773,-0.00657,44.0
23.88,1784879878.86546,A1850_B1850,1,1850,1850,1850,1850,10.577,22.43,237.24211,-1.19101,0.01552,-13.91358,-0.00671,-0.07024,-0.00825,13.91358,-0.00825,44.0
23.9,1784879878.88546,A1850_B1850,1,1850,1850,1850,1850,10.577,22.43,237.24211,-1.06168,-0.05888,-13.29129,-0.00235,-0.06565,-0.0023,13.29129,-0.0023,44.0
23.92,1784879878.90546,A1850_B1850,1,1850,1850,1850,1850,10.59807,22.42643,237.67692,-0.69994,-0.30911,-13.42799,0.01802,-0.0356,0.0057,13.42799,0.0057,44.0
23.94,1784879878.92546,A1850_B1850,1,1850,1850,1850,1850,10.61933,22.42283,238.11531,-0.28394,-0.65986,-13.66299,0.04898,8e-05,0.00829,13.66299,0.00829,44.0
23.96,1784879878.94546,A1850_B1850,1,1850,1850,1850,1850,10.636,22.42,238.45912,-0.39125,-0.10955,-13.28794,-0.00228,-0.00666,-0.00926,13.28794,-0.00926,44.0
23.98,1784879878.96546,A1850_B1850,1,1850,1850,1850,1850,10.636,22.42,238.45912,0.05581,-0.03007,-13.19445,-0.03035,0.0385,0.01567,13.19445,0.01567,44.0
24.0,1784879878.98546,A1850_B1850,1,1850,1850,1850,1850,10.636,22.42,238.45912,0.01744,-0.60249,-13.33149,0.05227,0.03757,0.0021,13.33149,0.0021,44.0
24.02,1784879879.00546,A1850_B1850,1,1850,1850,1850,1850,10.64957,22.48787,239.4862,-0.99987,-1.02344,-12.72782,0.08829,-0.04736,-0.01144,12.72782,-0.01144,44.0
24.04,1784879879.02546,A1850_B1850,1,1850,1850,1850,1850,10.66416,22.56081,240.59211,-0.1864,-0.1759,-13.34408,-0.0067,0.0071,0.01744,13.34408,0.01744,44.0
24.06,1784879879.04546,A1850_B1850,1,1850,1850,1850,1850,10.674,22.61,241.33914,0.61321,0.19532,-13.35469,-0.04249,0.05786,0.00256,13.35469,0.00256,44.0
24.08,1784879879.06546,A1850_B1850,1,1850,1850,1850,1850,10.674,22.61,241.33914,-0.25757,-0.84831,-12.8192,0.06523,-0.00509,-0.00757,12.8192,-0.00757,44.0
24.1,1784879879.08546,A1850_B1850,1,1850,1850,1850,1850,10.67283,22.60684,241.27895,-0.30328,-1.21519,-13.50231,0.10133,0.00031,-0.00616,13.50231,-0.00616,44.0
24.12,1784879879.10546,A1850_B1850,1,1850,1850,1850,1850,10.64476,22.53098,239.83698,-0.54101,-0.13896,-13.0284,0.0159,-0.03294,0.00148,13.0284,0.00148,44.0
24.14,1784879879.12546,A1850_B1850,1,1850,1850,1850,1850,10.6167,22.45513,238.39926,-0.44621,-0.3247,-13.45379,0.03608,0.00759,0.00429,13.45379,0.00429,44.0
24.16,1784879879.14546,A1850_B1850,1,1850,1850,1850,1850,10.6,22.41,237.546,-0.16502,-0.78723,-13.62262,0.06106,0.00602,-0.00321,13.62262,-0.00321,44.0
24.18,1784879879.16546,A1850_B1850,1,1850,1850,1850,1850,10.6,22.41,237.546,0.09861,-0.49059,-12.30566,0.02814,0.0304,-0.00084,12.30566,-0.00084,44.0
24.2,1784879879.18546,A1850_B1850,1,1850,1850,1850,1850,10.6,22.41,237.546,-0.13646,0.15232,-13.13475,-0.01963,0.00579,0.00284,13.13475,0.00284,44.0
24.22,1784879879.20546,A1850_B1850,1,1850,1850,1850,1850,10.61144,22.41762,237.88322,-0.51469,0.07803,-13.82069,-0.01507,-0.01247,0.00352,13.82069,0.00352,44.0
24.24,1784879879.22546,A1850_B1850,1,1850,1850,1850,1850,10.62359,22.42573,238.24166,-0.37556,-1.20761,-12.96277,0.07682,-0.00801,0.0097,12.96277,0.0097,44.0
24.26,1784879879.24546,A1850_B1850,1,1850,1850,1850,1850,10.63,22.43,238.4309,-0.39762,-0.27607,-13.26523,0.03445,-0.01525,0.00379,13.26523,0.00379,44.0
24.28,1784879879.26546,A1850_B1850,1,1850,1850,1850,1850,10.63,22.43,238.4309,-0.11276,0.50764,-14.43354,-0.04582,-0.01488,0.00384,14.43354,0.00384,44.0
24.3,1784879879.28546,A1850_B1850,1,1850,1850,1850,1850,10.63,22.43,238.4309,-0.36548,0.23779,-12.72284,-0.07435,0.01077,0.02616,12.72284,0.02616,44.0
24.32,1784879879.30546,A1850_B1850,1,1850,1850,1850,1850,10.67013,22.46344,239.68772,0.21836,-0.56899,-12.63374,0.0361,0.06905,-0.01231,12.63374,-0.01231,44.0
24.34,1784879879.32546,A1850_B1850,1,1850,1850,1850,1850,10.71285,22.49904,241.02896,0.02219,-0.7523,-13.55028,0.0772,0.00905,-0.0077,13.55028,-0.0077,44.0
24.36,1784879879.34546,A1850_B1850,1,1850,1850,1850,1850,10.738,22.52,241.81976,-0.3805,0.09922,-12.90063,-0.00169,-0.02998,0.02457,12.90063,0.02457,44.0
24.38,1784879879.36546,A1850_B1850,1,1850,1850,1850,1850,10.738,22.52,241.81976,0.0302,-0.13241,-13.18602,-0.03481,0.04387,-0.00072,13.18602,-0.00072,44.0
24.4,1784879879.38546,A1850_B1850,1,1850,1850,1850,1850,10.738,22.52,241.81976,-0.62761,0.01569,-13.52396,-0.00584,-0.03036,-0.01203,13.52396,-0.01203,44.0
24.42,1784879879.40546,A1850_B1850,1,1850,1850,1850,1850,10.69869,22.48257,240.53409,-0.09595,-0.15139,-13.30277,0.02975,-0.0095,0.00298,13.30277,0.00298,44.0
24.44,1784879879.42546,A1850_B1850,1,1850,1850,1850,1850,10.65694,22.4428,239.17149,-0.15495,0.02349,-13.07708,-0.01432,0.01508,0.02143,13.07708,0.02143,44.0
24.46,1784879879.44546,A1850_B1850,1,1850,1850,1850,1850,10.633,22.42,238.39186,-1.24413,-0.10514,-13.63036,0.00062,-0.08477,-0.00153,13.63036,-0.00153,44.0
24.48,1784879879.46546,A1850_B1850,1,1850,1850,1850,1850,10.633,22.42,238.39186,-0.76808,-0.28034,-13.03012,0.01024,-0.03535,0.01294,13.03012,0.01294,44.0
24.5,1784879879.48546,A1850_B1850,1,1850,1850,1850,1850,10.63306,22.42015,238.39484,-0.38768,-0.22319,-13.34425,0.01202,0.00349,-0.00444,13.34425,-0.00444,44.0
24.52,1784879879.50546,A1850_B1850,1,1850,1850,1850,1850,10.63453,22.42382,238.46673,-0.38269,0.19549,-13.18185,-0.03159,-0.00125,-0.0022,13.18185,-0.0022,44.0
24.54,1784879879.52546,A1850_B1850,1,1850,1850,1850,1850,10.63599,22.42749,238.53863,-0.93094,-0.01946,-12.75039,-0.02057,-0.04416,0.01984,12.75039,0.01984,44.0
24.56,1784879879.54546,A1850_B1850,1,1850,1850,1850,1850,10.637,22.43,238.58791,-1.76175,-0.5624,-13.9237,0.05063,-0.13327,1e-05,13.9237,1e-05,44.0
24.58,1784879879.56546,A1850_B1850,1,1850,1850,1850,1850,10.637,22.43,238.58791,-0.61763,-0.21339,-13.11708,0.03005,-0.01452,-0.0013,13.11708,-0.0013,44.0
24.6,1784879879.58546,A1850_B1850,1,1850,1850,1850,1850,10.637,22.43,238.58791,-0.80708,0.40683,-13.21099,-0.08743,-0.04408,0.02294,13.21099,0.02294,44.0
24.62,1784879879.60546,A1850_B1850,1,1850,1850,1850,1850,10.62517,22.40043,238.00843,-1.33251,0.30257,-13.57151,-0.05051,-0.09125,0.00247,13.57151,0.00247,44.0
24.64,1784879879.62546,A1850_B1850,1,1850,1850,1850,1850,10.61322,22.37056,237.42381,-0.3505,-0.56554,-12.94838,0.07073,0.01234,-0.01166,12.94838,-0.01166,44.0
24.66,1784879879.64546,A1850_B1850,1,1850,1850,1850,1850,10.605,22.35,237.02175,0.0829,-0.99805,-13.07545,0.0796,0.04271,0.01821,13.07545,0.01821,44.0
24.68,1784879879.66546,A1850_B1850,1,1850,1850,1850,1850,10.605,22.35,237.02175,-0.69356,0.48564,-13.46303,-0.04943,-0.05382,-0.00185,13.46303,-0.00185,44.0
24.7,1784879879.68546,A1850_B1850,1,1850,1850,1850,1850,10.60679,22.35045,237.06654,-0.70734,-0.2417,-12.98646,0.01573,-0.03173,-0.00893,12.98646,-0.00893,44.0
24.72,1784879879.70546,A1850_B1850,1,1850,1850,1850,1850,10.65203,22.36186,238.1992,0.41513,-1.12097,-13.36633,0.09803,0.0611,-0.00462,13.36633,-0.00462,44.0
24.74,1784879879.72546,A1850_B1850,1,1850,1850,1850,1850,10.69727,22.37326,239.33288,0.03293,-0.2857,-13.44988,0.01917,0.00442,-0.00348,13.44988,-0.00348,44.0
24.76,1784879879.74546,A1850_B1850,1,1850,1850,1850,1850,10.724,22.38,240.00312,-0.41939,-0.31749,-12.96672,0.01466,-0.01356,0.00734,12.96672,0.00734,44.0
24.78,1784879879.76546,A1850_B1850,1,1850,1850,1850,1850,10.724,22.38,240.00312,-1.0498,-0.40931,-13.75972,0.01529,-0.06221,-0.00417,13.75972,-0.00417,44.0
24.8,1784879879.78546,A1850_B1850,1,1850,1850,1850,1850,10.724,22.38,240.00312,-0.13059,-0.38057,-13.14814,0.03743,0.02815,0.00389,13.14814,0.00389,44.0
24.82,1784879879.80546,A1850_B1850,1,1850,1850,1850,1850,10.72552,22.54303,241.78564,-0.74623,0.51263,-13.077,-0.0506,-0.03063,0.00675,13.077,0.00675,44.0
24.84,1784879879.82546,A1850_B1850,1,1850,1850,1850,1850,10.72705,22.70802,243.59005,-0.68504,0.22304,-13.73607,-0.03911,-0.02373,0.01038,13.73607,0.01038,44.0
24.86,1784879879.84546,A1850_B1850,1,1850,1850,1850,1850,10.728,22.81,244.70568,-0.19616,-0.87134,-13.2278,0.05517,0.01927,-0.00162,13.2278,-0.00162,44.0
24.88,1784879879.86546,A1850_B1850,1,1850,1850,1850,1850,10.728,22.81,244.70568,-0.90855,-0.42193,-12.9236,0.04778,-0.05058,-0.01012,12.9236,-0.01012,44.0
24.9,1784879879.88546,A1850_B1850,1,1850,1850,1850,1850,10.728,22.81,244.70568,-0.54397,0.11524,-13.52644,-0.01718,-0.03764,0.00475,13.52644,0.00475,44.0
24.92,1784879879.90546,A1850_B1850,1,1850,1850,1850,1850,10.68079,22.65758,242.00074,-1.02946,-0.52292,-13.64438,0.01517,-0.04629,0.00488,13.64438,0.00488,44.0
24.94,1784879879.92546,A1850_B1850,1,1850,1850,1850,1850,10.63234,22.50117,239.24011,0.06477,-0.13473,-12.83213,0.00396,0.01682,-0.01658,12.83213,-0.01658,44.0
24.96,1784879879.94546,A1850_B1850,1,1850,1850,1850,1850,10.601,22.4,237.4624,-0.21195,-0.23489,-14.07495,0.01889,0.01693,0.00535,14.07495,0.00535,44.0
24.98,1784879879.96546,A1850_B1850,1,1850,1850,1850,1850,10.601,22.4,237.4624,-0.55059,-0.64876,-13.30802,0.04711,-0.01139,0.01507,13.30802,0.01507,44.0
25.0,1784879879.98546,A1850_B1850,1,1850,1850,1850,1850,10.601,22.4,237.4624,-0.27273,-0.12727,-12.8325,-0.00837,0.00754,0.00161,12.8325,0.00161,44.0
25.02,1784879880.00546,A1850_B1850,1,1850,1850,1850,1850,10.61359,22.44328,238.20382,-0.51628,-0.3883,-13.73552,0.02835,-0.0097,-0.00557,13.73552,-0.00557,44.0
25.04,1784879880.02546,A1850_B1850,1,1850,1850,1850,1850,10.62631,22.487,238.95383,0.19995,-0.11261,-12.67421,-0.00809,0.03559,-0.00803,12.67421,-0.00803,44.0
25.06,1784879880.04546,A1850_B1850,1,1850,1850,1850,1850,10.633,22.51,239.34883,-0.97189,-0.03359,-13.24294,-0.00807,-0.03786,0.01471,13.24294,0.01471,44.0
25.08,1784879880.06546,A1850_B1850,1,1850,1850,1850,1850,10.633,22.51,239.34883,-0.67926,-0.6081,-13.78897,0.04285,-0.03924,0.00065,13.78897,0.00065,44.0
25.1,1784879880.08546,A1850_B1850,1,1850,1850,1850,1850,10.633,22.51,239.34883,-0.12059,-0.482,-13.3524,0.02478,0.009,0.00534,13.3524,0.00534,44.0
25.12,1784879880.10546,A1850_B1850,1,1850,1850,1850,1850,10.647,22.46838,239.22083,-0.61188,0.24281,-12.89918,-0.03477,-0.02844,0.00079,12.89918,0.00079,44.0
25.14,1784879880.12546,A1850_B1850,1,1850,1850,1850,1850,10.66195,22.42394,239.08288,-1.1977,0.21418,-13.70468,-0.0248,-0.06616,0.00857,13.70468,0.00857,44.0
25.16,1784879880.14546,A1850_B1850,1,1850,1850,1850,1850,10.67,22.4,239.008,-0.11582,-0.28842,-12.78327,0.00952,0.03679,0.00456,12.78327,0.00456,44.0
25.18,1784879880.16546,A1850_B1850,1,1850,1850,1850,1850,10.67,22.4,239.008,-1.1074,-0.16465,-13.61335,0.02288,-0.0585,-0.01371,13.61335,-0.01371,44.0
25.2,1784879880.18546,A1850_B1850,1,1850,1850,1850,1850,10.67,22.4,239.008,0.05186,-0.99782,-13.51806,0.07471,0.05089,0.01244,13.51806,0.01244,44.0
25.22,1784879880.20546,A1850_B1850,1,1850,1850,1850,1850,10.67896,22.43896,239.62471,0.86559,-0.52393,-12.6974,0.01372,0.10253,0.01534,12.6974,0.01534,44.0
25.24,1784879880.22546,A1850_B1850,1,1850,1850,1850,1850,10.68809,22.47866,240.25398,-0.45633,-0.17191,-13.58269,-0.01162,-0.02405,-0.01662,13.58269,-0.01662,44.0
25.26,1784879880.24546,A1850_B1850,1,1850,1850,1850,1850,10.693,22.5,240.5925,-0.7356,-0.42225,-13.06068,0.02766,-0.03337,-0.00693,13.06068,-0.00693,44.0
25.28,1784879880.26546,A1850_B1850,1,1850,1850,1850,1850,10.693,22.5,240.5925,-0.22224,-0.53986,-13.06383,0.03019,-0.0041,0.0163,13.06383,0.0163,44.0
25.3,1784879880.28546,A1850_B1850,1,1850,1850,1850,1850,10.693,22.5,240.5925,-0.65779,0.14315,-13.79826,-0.01118,-0.02502,0.00761,13.79826,0.00761,44.0
25.32,1784879880.30546,A1850_B1850,1,1850,1850,1850,1850,10.72892,22.6481,242.98959,-0.8721,-0.4642,-13.05715,0.04008,-0.03606,0.0012,13.05715,0.0012,44.0
25.34,1784879880.32546,A1850_B1850,1,1850,1850,1850,1850,10.76516,22.79757,245.41955,-0.09867,-0.74646,-13.29407,0.04224,0.01327,-0.01417,13.29407,-0.01417,44.0
25.36,1784879880.34546,A1850_B1850,1,1850,1850,1850,1850,10.79,22.9,247.091,-0.06537,0.34278,-13.66159,-0.03982,0.0203,0.01707,13.66159,0.01707,44.0
25.38,1784879880.36546,A1850_B1850,1,1850,1850,1850,1850,10.79,22.9,247.091,-0.89487,-0.19907,-12.90379,0.0109,-0.04226,0.01824,12.90379,0.01824,44.0
25.4,1784879880.38546,A1850_B1850,1,1850,1850,1850,1850,10.78698,22.89156,246.93076,-1.04421,-0.68759,-13.02644,0.03865,-0.05533,-0.01308,13.02644,-0.01308,44.0
25.42,1784879880.40546,A1850_B1850,1,1850,1850,1850,1850,10.7112,22.68001,242.93013,-0.42094,-0.09865,-13.4472,-0.00822,-0.00991,0.00016,13.4472,0.00016,44.0
25.44,1784879880.42546,A1850_B1850,1,1850,1850,1850,1850,10.63543,22.46845,238.96156,-0.29319,-0.2849,-12.92648,0.0053,-0.0217,0.0127,12.92648,0.0127,44.0
25.46,1784879880.44546,A1850_B1850,1,1850,1850,1850,1850,10.593,22.35,236.75355,-0.52624,-0.40181,-13.60434,0.02197,-0.01197,0.00756,13.60434,0.00756,44.0
25.48,1784879880.46546,A1850_B1850,1,1850,1850,1850,1850,10.593,22.35,236.75355,0.03324,-0.43509,-13.55419,0.03606,0.03399,-0.00994,13.55419,-0.00994,44.0
25.5,1784879880.48546,A1850_B1850,1,1850,1850,1850,1850,10.59492,22.3527,236.82496,-0.79834,-0.60749,-12.32766,0.06111,-0.0189,-0.00366,12.32766,-0.00366,44.0
25.52,1784879880.50546,A1850_B1850,1,1850,1850,1850,1850,10.64224,22.41925,238.59106,-1.13978,-0.38179,-13.37151,0.02728,-0.05729,0.01111,13.37151,0.01111,44.0
25.54,1784879880.52546,A1850_B1850,1,1850,1850,1850,1850,10.68957,22.4858,240.36346,-0.31002,-0.15918,-13.69602,0.00619,0.01819,-0.0048,13.69602,-0.0048,44.0
25.56,1784879880.54546,A1850_B1850,1,1850,1850,1850,1850,10.721,22.53,241.54413,-0.57881,-0.62289,-12.79746,0.03439,-0.01053,-0.01357,12.79746,-0.01357,44.0
25.58,1784879880.56546,A1850_B1850,1,1850,1850,1850,1850,10.721,22.53,241.54413,-0.47698,-0.47846,-13.61012,0.02956,-0.01206,0.00948,13.61012,0.00948,44.0
25.6,1784879880.58546,A1850_B1850,1,1850,1850,1850,1850,10.72055,22.53158,241.55105,-0.85852,-0.14352,-13.90199,0.00074,-0.05357,0.01034,13.90199,0.01034,44.0
25.62,1784879880.60546,A1850_B1850,1,1850,1850,1850,1850,10.70909,22.57225,241.72831,-1.05897,-0.53414,-12.83034,0.05917,-0.04765,-0.00385,12.83034,-0.00385,44.0
25.64,1784879880.62546,A1850_B1850,1,1850,1850,1850,1850,10.69763,22.61291,241.90465,-0.75852,-0.84199,-13.47967,0.06456,-0.03888,0.00411,13.47967,0.00411,44.0
25.66,1784879880.64546,A1850_B1850,1,1850,1850,1850,1850,10.69,22.64,242.0216,-0.94893,0.42154,-13.59932,-0.05237,-0.0457,0.00134,13.59932,0.00134,44.0
25.68,1784879880.66546,A1850_B1850,1,1850,1850,1850,1850,10.69,22.64,242.0216,-0.11042,0.22483,-12.77772,-0.04766,0.01464,0.00802,12.77772,0.00802,44.0
25.7,1784879880.68546,A1850_B1850,1,1850,1850,1850,1850,10.69,22.64,242.0216,-0.45087,-0.56163,-13.51731,0.03999,0.00907,0.00356,13.51731,0.00356,44.0
25.72,1784879880.70546,A1850_B1850,1,1850,1850,1850,1850,10.65678,22.55116,240.32279,-0.79049,-0.36831,-13.02772,0.03233,-0.02425,0.00461,13.02772,0.00461,44.0
25.74,1784879880.72546,A1850_B1850,1,1850,1850,1850,1850,10.6225,22.45949,238.57595,-1.31206,-0.16488,-13.10261,-0.00358,-0.08298,0.0032,13.10261,0.0032,44.0
25.76,1784879880.74546,A1850_B1850,1,1850,1850,1850,1850,10.604,22.41,237.63564,-1.42831,0.23514,-13.77417,-0.03394,-0.09101,-0.00057,13.77417,-0.00057,44.0
25.78,1784879880.76546,A1850_B1850,1,1850,1850,1850,1850,10.604,22.41,237.63564,-0.15548,-0.8163,-13.0782,0.04913,0.01228,0.00161,13.0782,0.00161,44.0
25.8,1784879880.78546,A1850_B1850,1,1850,1850,1850,1850,10.604,22.41,237.63564,-0.44975,-0.00886,-13.37525,0.00745,-0.01826,-0.00444,13.37525,-0.00444,44.0
25.82,1784879880.80546,A1850_B1850,1,1850,1850,1850,1850,10.60438,22.36419,237.15844,-0.55121,-0.31368,-13.64793,0.00757,0.00268,0.01593,13.64793,0.01593,44.0
25.84,1784879880.82546,A1850_B1850,1,1850,1850,1850,1850,10.60477,22.31794,236.67656,-0.45239,-0.55109,-12.96624,0.0212,-0.01379,0.01015,12.96624,0.01015,44.0
25.86,1784879880.84546,A1850_B1850,1,1850,1850,1850,1850,10.605,22.29,236.38545,-0.98412,0.82349,-13.48833,-0.04532,-0.03202,-0.00507,13.48833,-0.00507,44.0
25.88,1784879880.86546,A1850_B1850,1,1850,1850,1850,1850,10.605,22.29,236.38545,-0.4764,-0.50664,-13.4468,0.01949,-0.02724,-0.00848,13.4468,-0.00848,44.0
25.9,1784879880.88546,A1850_B1850,1,1850,1850,1850,1850,10.60538,22.29203,236.41537,0.22675,-0.61781,-12.47252,0.01665,0.03532,0.00389,12.47252,0.00389,44.0
25.92,1784879880.90546,A1850_B1850,1,1850,1850,1850,1850,10.61463,22.34183,237.1502,-1.29086,0.12951,-13.81911,-0.00544,-0.06213,0.01525,13.81911,0.01525,44.0
25.94,1784879880.92546,A1850_B1850,1,1850,1850,1850,1850,10.62388,22.39164,237.88594,-0.8739,-0.80069,-13.61689,0.07008,-0.06969,-0.0018,13.61689,-0.0018,44.0
25.96,1784879880.94546,A1850_B1850,1,1850,1850,1850,1850,10.631,22.43,238.45333,0.26742,-0.35628,-12.91293,-0.00391,0.03,0.00025,12.91293,0.00025,44.0
25.98,1784879880.96546,A1850_B1850,1,1850,1850,1850,1850,10.631,22.43,238.45333,-0.81106,0.14343,-13.63004,-0.03098,-0.01021,0.0087,13.63004,0.0087,44.0
26.0,1784879880.98546,A1850_B1850,1,1850,1850,1850,1850,10.63188,22.43195,238.49385,-0.0944,-0.29965,-13.04658,0.01816,0.02954,0.0167,13.04658,0.0167,44.0
26.02,1784879881.00546,A1850_B1850,1,1850,1850,1850,1850,10.65465,22.48212,239.53919,-0.0421,-0.30114,-13.75338,0.01469,0.02075,0.00306,13.75338,0.00306,44.0
26.04,1784879881.02546,A1850_B1850,1,1850,1850,1850,1850,10.67742,22.53229,240.58682,-0.88303,-0.26799,-13.45682,0.01488,-0.0318,-0.0038,13.45682,-0.0038,44.0
26.06,1784879881.04546,A1850_B1850,1,1850,1850,1850,1850,10.69,22.56,241.1664,-0.16821,-0.0805,-12.74019,-0.00363,0.00295,0.0102,12.74019,0.0102,44.0
26.08,1784879881.06546,A1850_B1850,1,1850,1850,1850,1850,10.69,22.56,241.1664,0.16933,-0.51364,-13.05009,0.03221,0.04176,0.01529,13.05009,0.01529,44.0
26.1,1784879881.08546,A1850_B1850,1,1850,1850,1850,1850,10.69,22.56,241.1664,-0.11083,-0.76483,-13.8183,0.0522,0.00807,-0.00303,13.8183,-0.00303,44.0
26.12,1784879881.10546,A1850_B1850,1,1850,1850,1850,1850,10.68805,22.47797,240.24554,-1.00848,-0.00806,-12.92523,-0.01045,-0.04493,0.00466,12.92523,0.00466,44.0
26.14,1784879881.12546,A1850_B1850,1,1850,1850,1850,1850,10.68607,22.39501,239.31465,-1.52706,0.21664,-13.46707,-0.03108,-0.10334,0.01316,13.46707,0.01316,44.0
26.16,1784879881.14546,A1850_B1850,1,1850,1850,1850,1850,10.685,22.35,238.80975,-1.03911,0.1064,-14.36089,0.00634,-0.04586,0.00602,14.36089,0.00602,44.0
26.18,1784879881.16546,A1850_B1850,1,1850,1850,1850,1850,10.685,22.35,238.80975,0.02891,-0.85054,-12.2037,0.06539,0.04923,-0.01194,12.2037,-0.01194,44.0
26.2,1784879881.18546,A1850_B1850,1,1850,1850,1850,1850,10.685,22.35,238.80975,-0.00097,-0.33715,-13.27734,-0.0125,0.02852,0.00671,13.27734,0.00671,44.0
26.22,1784879881.20546,A1850_B1850,1,1850,1850,1850,1850,10.6757,22.33512,238.44304,0.18765,0.47403,-13.82863,-0.06426,0.05081,0.01816,13.82863,0.01816,44.0
26.24,1784879881.22546,A1850_B1850,1,1850,1850,1850,1850,10.66631,22.3201,238.07306,-1.23089,-0.17929,-13.00291,0.02276,-0.08736,-0.00212,13.00291,-0.00212,44.0
26.26,1784879881.24546,A1850_B1850,1,1850,1850,1850,1850,10.66,22.31,237.8246,-0.40243,-1.01652,-12.97922,0.07056,-0.00035,2e-05,12.97922,2e-05,44.0
26.28,1784879881.26546,A1850_B1850,1,1850,1850,1850,1850,10.66,22.31,237.8246,-0.94614,-0.43088,-13.9193,0.02546,-0.05085,0.00793,13.9193,0.00793,44.0
26.3,1784879881.28546,A1850_B1850,1,1850,1850,1850,1850,10.65969,22.31059,237.82397,-0.52222,0.08552,-12.94365,-0.01272,-0.00432,0.00643,12.94365,0.00643,44.0
26.32,1784879881.30546,A1850_B1850,1,1850,1850,1850,1850,10.6517,22.32581,237.80783,-0.61992,-0.92976,-13.28472,0.06549,-0.02471,-0.00375,13.28472,-0.00375,44.0
26.34,1784879881.32546,A1850_B1850,1,1850,1850,1850,1850,10.64371,22.34102,237.79144,-0.98751,-0.36846,-13.44039,0.03791,-0.05088,-0.00648,13.44039,-0.00648,44.0
26.36,1784879881.34546,A1850_B1850,1,1850,1850,1850,1850,10.639,22.35,237.78165,-0.18456,-0.00406,-12.77387,-0.00844,0.03546,0.01361,12.77387,0.01361,44.0
26.38,1784879881.36546,A1850_B1850,1,1850,1850,1850,1850,10.639,22.35,237.78165,0.22003,-0.61797,-13.73552,0.04816,0.03189,0.01179,13.73552,0.01179,44.0
26.4,1784879881.38546,A1850_B1850,1,1850,1850,1850,1850,10.639,22.35,237.78165,-0.18731,0.0103,-13.17014,-0.01523,-0.00634,0.00025,13.17014,0.00025,44.0
26.42,1784879881.40546,A1850_B1850,1,1850,1850,1850,1850,10.67355,22.38715,238.95034,-0.55213,0.0427,-13.20273,-0.01944,-0.01497,-0.00557,13.20273,-0.00557,44.0
26.44,1784879881.42546,A1850_B1850,1,1850,1850,1850,1850,10.71066,22.42705,240.20846,-0.44197,-0.19384,-13.72243,-0.00194,-0.0227,0.01052,13.72243,0.01052,44.0
26.46,1784879881.44546,A1850_B1850,1,1850,1850,1850,1850,10.732,22.45,240.9334,-0.53789,-0.41311,-12.96678,0.0177,-0.02961,0.01629,12.96678,0.01629,44.0
26.48,1784879881.46546,A1850_B1850,1,1850,1850,1850,1850,10.732,22.45,240.9334,-0.82186,0.0902,-13.21981,0.00933,-0.00624,0.00029,13.21981,0.00029,44.0
26.5,1784879881.48546,A1850_B1850,1,1850,1850,1850,1850,10.732,22.45,240.9334,-0.65214,-0.8441,-13.61695,0.06112,-0.03375,-0.00293,13.61695,-0.00293,44.0
26.52,1784879881.50546,A1850_B1850,1,1850,1850,1850,1850,10.74641,22.45758,241.33829,0.22306,0.11811,-12.8462,-0.04387,0.05187,0.00989,12.8462,0.00989,44.0
26.54,1784879881.52546,A1850_B1850,1,1850,1850,1850,1850,10.76173,22.46565,241.76915,-1.17126,0.06511,-13.22752,-0.02929,-0.05909,0.00656,13.22752,0.00656,44.0
26.56,1784879881.54546,A1850_B1850,1,1850,1850,1850,1850,10.77,22.47,242.0019,-0.20755,-0.76394,-13.56466,0.05348,-0.00336,-0.00166,13.56466,-0.00166,44.0
26.58,1784879881.56546,A1850_B1850,1,1850,1850,1850,1850,10.77,22.47,242.0019,0.55115,-0.43326,-12.8458,0.02942,0.06445,0.00116,12.8458,0.00116,44.0
26.6,1784879881.58546,A1850_B1850,1,1850,1850,1850,1850,10.77,22.47,242.0019,-0.08704,-0.36351,-13.66476,0.01647,0.00029,0.0002,13.66476,0.0002,44.0
26.62,1784879881.60546,A1850_B1850,1,1850,1850,1850,1850,10.74664,22.52192,242.03487,-0.32591,-0.03311,-13.54865,-0.00517,0.01204,0.0142,13.54865,0.0142,44.0
26.64,1784879881.62546,A1850_B1850,1,1850,1850,1850,1850,10.72299,22.57447,242.06578,-0.13001,-0.58147,-12.26279,0.0333,0.00425,0.01852,12.26279,0.01852,44.0
26.66,1784879881.64546,A1850_B1850,1,1850,1850,1850,1850,10.707,22.61,242.08527,-0.48862,-0.12265,-13.74689,0.00783,-0.00406,-0.00467,13.74689,-0.00467,44.0
26.68,1784879881.66546,A1850_B1850,1,1850,1850,1850,1850,10.707,22.61,242.08527,-0.2869,-0.24363,-13.35133,0.0127,0.00276,0.00552,13.35133,0.00552,44.0
26.7,1784879881.68546,A1850_B1850,1,1850,1850,1850,1850,10.707,22.61,242.08527,-0.37621,-0.3269,-12.39342,0.00897,-0.00424,0.02443,12.39342,0.02443,44.0
26.72,1784879881.70546,A1850_B1850,1,1850,1850,1850,1850,10.69443,22.6137,241.8406,-0.19864,-0.30121,-13.35169,0.02579,-0.01161,-0.00935,13.35169,-0.00935,44.0
26.74,1784879881.72546,A1850_B1850,1,1850,1850,1850,1850,10.68103,22.61764,241.57969,0.15468,-0.69629,-13.5587,0.05466,0.03417,-0.01198,13.5587,-0.01198,44.0
26.76,1784879881.74546,A1850_B1850,1,1850,1850,1850,1850,10.673,22.62,241.42326,-0.38674,-0.55549,-12.96835,0.01896,0.00243,0.01602,12.96835,0.01602,44.0
26.78,1784879881.76546,A1850_B1850,1,1850,1850,1850,1850,10.673,22.62,241.42326,-0.81936,0.1899,-13.59549,-0.02831,-0.05193,0.01115,13.59549,0.01115,44.0
26.8,1784879881.78546,A1850_B1850,1,1850,1850,1850,1850,10.67322,22.6197,241.42515,0.22273,-0.42026,-13.49584,0.05112,0.04809,-0.00485,13.49584,-0.00485,44.0
26.82,1784879881.80546,A1850_B1850,1,1850,1850,1850,1850,10.67893,22.6121,241.47295,-0.72085,-0.85912,-12.79325,0.07206,-0.02949,0.01007,12.79325,0.01007,44.0
26.84,1784879881.82546,A1850_B1850,1,1850,1850,1850,1850,10.68463,22.60449,241.52066,-0.90824,0.02757,-13.60387,-0.01454,-0.02796,0.01629,13.60387,0.01629,44.0
26.86,1784879881.84546,A1850_B1850,1,1850,1850,1850,1850,10.688,22.6,241.5488,-0.97175,0.50268,-12.84487,-0.06117,-0.04116,0.00879,12.84487,0.00879,44.0
26.88,1784879881.86546,A1850_B1850,1,1850,1850,1850,1850,10.688,22.6,241.5488,-1.15411,-0.42323,-13.21264,0.03217,-0.09589,-0.00971,13.21264,-0.00971,44.0
26.9,1784879881.88546,A1850_B1850,1,1850,1850,1850,1850,10.688,22.6,241.5488,-0.25617,-0.87624,-13.52424,0.08543,-0.00486,0.00716,13.52424,0.00716,44.0
26.92,1784879881.90546,A1850_B1850,1,1850,1850,1850,1850,10.671,22.53491,240.47013,0.23844,-0.54648,-12.80619,0.02291,0.0469,0.00734,12.80619,0.00734,44.0
26.94,1784879881.92546,A1850_B1850,1,1850,1850,1850,1850,10.65293,22.46569,239.32542,-0.56541,-0.06521,-13.33429,-0.01067,-0.0428,0.00707,13.33429,0.00707,44.0
26.96,1784879881.94546,A1850_B1850,1,1850,1850,1850,1850,10.641,22.42,238.57122,-0.77722,-0.14575,-13.38515,0.02025,-0.05629,0.00984,13.38515,0.00984,44.0
26.98,1784879881.96546,A1850_B1850,1,1850,1850,1850,1850,10.641,22.42,238.57122,0.24406,-0.36988,-13.40805,0.03202,0.06241,0.00279,13.40805,0.00279,44.0
27.0,1784879881.98546,A1850_B1850,1,1850,1850,1850,1850,10.641,22.42,238.57122,-0.39233,-0.30888,-13.41472,0.00619,0.00561,0.00052,13.41472,0.00052,44.0
27.02,1784879882.00546,A1850_B1850,1,1850,1850,1850,1850,10.66175,22.41608,238.99474,-0.12396,-0.39387,-12.83386,0.02629,0.01845,0.00052,12.83386,0.00052,44.0
27.04,1784879882.02546,A1850_B1850,1,1850,1850,1850,1850,10.68271,22.41213,239.42231,-0.03406,-0.58683,-13.49135,0.05611,0.00453,0.00748,13.49135,0.00748,44.0
27.06,1784879882.04546,A1850_B1850,1,1850,1850,1850,1850,10.694,22.41,239.65254,-0.63645,-0.49351,-13.82946,0.03078,-0.03002,0.00488,13.82946,0.00488,44.0
27.08,1784879882.06546,A1850_B1850,1,1850,1850,1850,1850,10.694,22.41,239.65254,-1.06099,-0.33956,-13.51889,0.01761,-0.06425,0.00816,13.51889,0.00816,44.0
27.1,1784879882.08546,A1850_B1850,1,1850,1850,1850,1850,10.694,22.41,239.65254,-0.78618,-0.16729,-13.13654,0.00333,-0.05188,0.00797,13.13654,0.00797,44.0
27.12,1784879882.10546,A1850_B1850,1,1850,1850,1850,1850,10.65,22.38412,238.3909,-0.19971,0.31489,-14.20492,-0.01599,0.00581,0.0052,14.20492,0.0052,44.0
27.14,1784879882.12546,A1850_B1850,1,1850,1850,1850,1850,10.60547,22.35792,237.11621,-0.44701,-0.68992,-12.39106,0.06448,-0.00447,0.00993,12.39106,0.00993,44.0
27.16,1784879882.14546,A1850_B1850,1,1850,1850,1850,1850,10.575,22.34,236.2455,-0.53522,-0.57438,-12.78704,0.03692,0.00117,0.00843,12.78704,0.00843,44.0
27.18,1784879882.16546,A1850_B1850,1,1850,1850,1850,1850,10.575,22.34,236.2455,-0.39535,-0.09849,-13.85219,0.00369,-0.00115,0.00597,13.85219,0.00597,44.0
27.2,1784879882.18546,A1850_B1850,1,1850,1850,1850,1850,10.575,22.34175,236.26405,-0.33177,-0.40778,-13.00293,0.03016,-0.01224,0.00707,13.00293,0.00707,44.0
27.22,1784879882.20546,A1850_B1850,1,1850,1850,1850,1850,10.575,22.39156,236.79072,0.04646,-0.48203,-12.68354,0.03947,0.0059,-0.00562,12.68354,-0.00562,44.0
27.24,1784879882.22546,A1850_B1850,1,1850,1850,1850,1850,10.575,22.44136,237.31738,-0.29429,-0.26978,-13.77364,0.01783,-0.01193,-0.0033,13.77364,-0.0033,44.0
27.26,1784879882.24546,A1850_B1850,1,1850,1850,1850,1850,10.575,22.47,237.62025,-0.35617,-0.0947,-13.35248,0.0022,-0.00274,0.01475,13.35248,0.01475,44.0
27.28,1784879882.26546,A1850_B1850,1,1850,1850,1850,1850,10.575,22.47,237.62025,-0.55885,-0.92829,-13.01229,0.05666,-0.03893,0.00638,13.01229,0.00638,44.0
27.3,1784879882.28546,A1850_B1850,1,1850,1850,1850,1850,10.575,22.47,237.62025,-0.88572,-0.25986,-13.60394,0.05492,-0.01465,0.00407,13.60394,0.00407,44.0
27.32,1784879882.30546,A1850_B1850,1,1850,1850,1850,1850,10.57537,22.39903,236.8781,-0.00573,-0.40959,-12.82468,0.02319,0.01922,0.00452,12.82468,0.00452,44.0
27.34,1784879882.32546,A1850_B1850,1,1850,1850,1850,1850,10.57578,22.32266,236.07943,0.2299,-0.4167,-13.14575,0.00388,0.04612,0.01148,13.14575,0.01148,44.0
27.36,1784879882.34546,A1850_B1850,1,1850,1850,1850,1850,10.576,22.28,235.63328,-0.17378,0.05579,-13.30794,0.01515,0.0358,-0.00116,13.30794,-0.00116,44.0
27.38,1784879882.36546,A1850_B1850,1,1850,1850,1850,1850,10.576,22.28,235.63328,-0.76147,-0.66164,-13.04914,0.06352,-0.05243,-0.00703,13.04914,-0.00703,44.0
27.4,1784879882.38546,A1850_B1850,1,1850,1850,1850,1850,10.578,22.27924,235.66979,0.0408,-0.39956,-13.55865,-0.00236,0.03432,0.01957,13.55865,0.01957,44.0
27.42,1784879882.40546,A1850_B1850,1,1850,1850,1850,1850,10.62801,22.26015,236.58113,-0.35331,-0.14971,-13.04954,-0.00389,0.00752,0.00743,13.04954,0.00743,44.0
27.44,1784879882.42546,A1850_B1850,1,1850,1850,1850,1850,10.67802,22.24106,237.49056,-0.93614,-0.36538,-13.23117,0.04188,-0.05634,-0.0093,13.23117,-0.0093,44.0
27.46,1784879882.44546,A1850_B1850,1,1850,1850,1850,1850,10.707,22.23,238.01661,-0.98845,-0.74112,-13.21202,0.0527,-0.0692,0.0022,13.21202,0.0022,44.0
27.48,1784879882.46546,A1850_B1850,1,1850,1850,1850,1850,10.707,22.23,238.01661,-0.90404,-0.37521,-12.53814,0.02233,-0.03497,0.00652,12.53814,0.00652,44.0
27.5,1784879882.48546,A1850_B1850,1,1850,1850,1850,1850,10.707,22.23,238.01661,-0.6287,-0.44774,-13.48668,0.02506,-0.0157,0.0127,13.48668,0.0127,44.0
27.52,1784879882.50546,A1850_B1850,1,1850,1850,1850,1850,10.66735,22.24101,237.25271,-0.1555,0.28452,-13.68284,-0.02331,0.00558,0.00525,13.68284,0.00525,44.0
27.54,1784879882.52546,A1850_B1850,1,1850,1850,1850,1850,10.62694,22.25224,236.47318,-0.62971,-0.49943,-12.86339,0.03412,-0.0392,0.00252,12.86339,0.00252,44.0
27.56,1784879882.54546,A1850_B1850,1,1850,1850,1850,1850,10.599,22.26,235.93374,-0.55697,-0.43981,-13.14678,0.01683,-0.0161,0.00329,13.14678,0.00329,44.0
27.58,1784879882.56546,A1850_B1850,1,1850,1850,1850,1850,10.599,22.26,235.93374,-0.58033,0.0752,-14.25879,-0.01849,-0.0127,0.00661,14.25879,0.00661,44.0
27.6,1784879882.58546,A1850_B1850,1,1850,1850,1850,1850,10.59966,22.26257,235.97579,-0.56213,-0.64599,-12.67274,0.05639,-0.04202,0.0052,12.67274,0.0052,44.0
27.62,1784879882.60546,A1850_B1850,1,1850,1850,1850,1850,10.6177,22.33252,237.12006,-0.50213,-0.34393,-13.26484,0.0426,-0.00206,0.00143,13.26484,0.00143,44.0
27.64,1784879882.62546,A1850_B1850,1,1850,1850,1850,1850,10.63574,22.40247,238.26685,-0.66161,-0.44284,-14.01772,0.02761,-0.02429,0.00593,14.01772,0.00593,44.0
27.66,1784879882.64546,A1850_B1850,1,1850,1850,1850,1850,10.648,22.45,239.0476,0.0464,-0.48462,-12.6141,0.01951,0.02685,0.00134,12.6141,0.00134,44.0
27.68,1784879882.66546,A1850_B1850,1,1850,1850,1850,1850,10.648,22.45,239.0476,-0.24674,-0.05167,-13.10282,-0.01576,0.01644,0.00802,13.10282,0.00802,44.0
27.7,1784879882.68546,A1850_B1850,1,1850,1850,1850,1850,10.64934,22.44955,239.07293,-0.74395,-0.52633,-13.51132,0.04711,-0.03757,-0.00339,13.51132,-0.00339,44.0
27.72,1784879882.70546,A1850_B1850,1,1850,1850,1850,1850,10.68356,22.43815,239.71923,-0.14302,-0.82682,-13.07589,0.06615,0.00313,-0.00671,13.07589,-0.00671,44.0
27.74,1784879882.72546,A1850_B1850,1,1850,1850,1850,1850,10.71777,22.42674,240.36474,-0.26804,-0.33557,-13.30735,0.0276,0.00126,0.00975,13.30735,0.00975,44.0
27.76,1784879882.74546,A1850_B1850,1,1850,1850,1850,1850,10.738,22.42,240.74596,-0.68776,-0.30637,-13.34376,0.01724,-0.03025,0.00756,13.34376,0.00756,44.0
27.78,1784879882.76546,A1850_B1850,1,1850,1850,1850,1850,10.738,22.42,240.74596,-0.57771,-0.41141,-13.24666,0.02983,-0.03488,-0.00144,13.24666,-0.00144,44.0
27.8,1784879882.78546,A1850_B1850,1,1850,1850,1850,1850,10.738,22.42,240.74596,-0.28334,0.70463,-13.56985,-0.05849,0.02322,0.01198,13.56985,0.01198,44.0
27.82,1784879882.80546,A1850_B1850,1,1850,1850,1850,1850,10.68805,22.42,239.62601,-0.37834,-0.55725,-13.21853,0.03503,-0.00788,0.01343,13.21853,0.01343,44.0
27.84,1784879882.82546,A1850_B1850,1,1850,1850,1850,1850,10.63441,22.42,238.42354,-0.76344,-0.59595,-13.24923,0.0496,-0.03511,-0.00062,13.24923,-0.00062,44.0
27.86,1784879882.84546,A1850_B1850,1,1850,1850,1850,1850,10.606,22.42,237.78652,-0.11984,0.17743,-13.68844,-0.01526,-0.00806,-0.00757,13.68844,-0.00757,44.0
27.88,1784879882.86546,A1850_B1850,1,1850,1850,1850,1850,10.606,22.42,237.78652,-0.26394,-0.35033,-12.64884,0.00843,-0.00206,0.01239,12.64884,0.01239,44.0
27.9,1784879882.88546,A1850_B1850,1,1850,1850,1850,1850,10.606,22.42,237.78652,-0.55674,-0.60081,-13.17803,0.03515,-0.01843,0.00925,13.17803,0.00925,44.0
27.92,1784879882.90546,A1850_B1850,1,1850,1850,1850,1850,10.62859,22.38612,237.93282,0.01679,-0.39061,-13.15365,0.02479,0.01876,0.00266,13.15365,0.00266,44.0
27.94,1784879882.92546,A1850_B1850,1,1850,1850,1850,1850,10.65141,22.35189,238.07908,-0.307,-0.1863,-12.66877,0.02279,0.00707,0.01002,12.66877,0.01002,44.0
27.96,1784879882.94546,A1850_B1850,1,1850,1850,1850,1850,10.666,22.33,238.17178,-0.59174,-0.6114,-13.32474,0.03815,-0.01929,0.02102,13.32474,0.02102,44.0
27.98,1784879882.96546,A1850_B1850,1,1850,1850,1850,1850,10.666,22.33,238.17178,-0.41821,-0.34114,-13.08949,0.00847,0.01676,0.00111,13.08949,0.00111,44.0
28.0,1784879882.98546,A1850_B1850,1,1850,1850,1850,1850,10.666,22.33,238.17178,0.17619,-0.24458,-13.101,0.02706,0.04371,-0.00084,13.101,-0.00084,44.0
28.02,1784879883.00546,A1850_B1850,1,1850,1850,1850,1850,10.65543,22.37738,238.44062,0.00483,-0.23131,-13.27655,0.01538,0.02639,0.01134,13.27655,0.01134,44.0
28.04,1784879883.02546,A1850_B1850,1,1850,1850,1850,1850,10.64445,22.42658,238.71874,-0.46167,-0.49047,-13.81463,0.02724,-0.02479,0.0037,13.81463,0.0037,44.0
28.06,1784879883.04546,A1850_B1850,1,1850,1850,1850,1850,10.637,22.46,238.90702,-1.06432,-0.39761,-12.86712,0.01933,-0.05729,0.00361,12.86712,0.00361,44.0
28.08,1784879883.06546,A1850_B1850,1,1850,1850,1850,1850,10.637,22.46,238.90702,-0.04489,-0.12174,-13.74787,0.01547,0.01586,0.00529,13.74787,0.00529,44.0
28.1,1784879883.08546,A1850_B1850,1,1850,1850,1850,1850,10.637,22.46,238.90702,-0.55102,-0.49357,-13.26601,0.03943,-0.02975,0.00475,13.26601,0.00475,44.0
28.12,1784879883.10546,A1850_B1850,1,1850,1850,1850,1850,10.62677,22.44173,238.483,-0.95428,-0.00958,-13.00804,-0.0169,-0.03451,0.00375,13.00804,0.00375,44.0
28.14,1784879883.12546,A1850_B1850,1,1850,1850,1850,1850,10.61611,22.4227,238.04198,-0.35886,-0.24361,-13.91552,-0.0023,-0.0006,0.00043,13.91552,0.00043,44.0
28.16,1784879883.14546,A1850_B1850,1,1850,1850,1850,1850,10.609,22.41,237.74769,-0.71918,-0.35844,-13.10227,0.01906,-0.03834,-0.00125,13.10227,-0.00125,44.0
28.18,1784879883.16546,A1850_B1850,1,1850,1850,1850,1850,10.609,22.41,237.74769,-0.40833,-0.60987,-12.58348,0.05493,-0.01797,0.01088,12.58348,0.01088,44.0
28.2,1784879883.18546,A1850_B1850,1,1850,1850,1850,1850,10.60924,22.40955,237.74829,-0.83904,-0.10713,-13.64262,-0.00972,-0.04815,-0.00325,13.64262,-0.00325,44.0
28.22,1784879883.20546,A1850_B1850,1,1850,1850,1850,1850,10.61532,22.39815,237.76353,-0.61702,-0.39257,-13.22798,0.02643,-0.0391,2e-05,13.22798,2e-05,44.0
28.24,1784879883.22546,A1850_B1850,1,1850,1850,1850,1850,10.6214,22.38675,237.77863,-0.12229,-0.12532,-13.02872,0.02879,0.02808,0.00407,13.02872,0.00407,44.0
28.26,1784879883.24546,A1850_B1850,1,1850,1850,1850,1850,10.625,22.38,237.7875,-0.57541,-0.32579,-13.65495,0.01906,-0.00961,0.00297,13.65495,0.00297,44.0
28.28,1784879883.26546,A1850_B1850,1,1850,1850,1850,1850,10.625,22.38,237.7875,-0.57303,-0.39776,-13.07234,0.01824,-0.00974,0.02339,13.07234,0.02339,44.0
28.3,1784879883.28546,A1850_B1850,1,1850,1850,1850,1850,10.625,22.38,237.7875,0.11714,-0.02046,-13.28171,-0.0024,0.04758,-0.00294,13.28171,-0.00294,44.0
28.32,1784879883.30546,A1850_B1850,1,1850,1850,1850,1850,10.67238,22.47401,239.85115,-0.47347,-0.52345,-13.40322,0.03629,-0.02275,-0.01248,13.40322,-0.01248,44.0
28.34,1784879883.32546,A1850_B1850,1,1850,1850,1850,1850,10.72318,22.5748,242.07352,-0.25352,-0.43834,-12.55366,0.03247,-0.00701,-0.00398,12.55366,-0.00398,44.0
28.36,1784879883.34546,A1850_B1850,1,1850,1850,1850,1850,10.751,22.63,243.29513,-0.27296,-0.32485,-13.51225,0.00815,0.00889,0.00934,13.51225,0.00934,44.0
28.38,1784879883.36546,A1850_B1850,1,1850,1850,1850,1850,10.751,22.63,243.29513,-0.74407,-0.38627,-13.32491,0.03106,-0.03247,0.00711,13.32491,0.00711,44.0
28.4,1784879883.38546,A1850_B1850,1,1850,1850,1850,1850,10.751,22.63,243.29513,-0.61217,-0.56118,-13.55565,0.0642,-0.04961,-0.00066,13.55565,-0.00066,44.0
28.42,1784879883.40546,A1850_B1850,1,1850,1850,1850,1850,10.73294,22.6042,242.60954,-0.58055,-0.10719,-13.22296,0.00269,-0.02315,0.00138,13.22296,0.00138,44.0
28.44,1784879883.42546,A1850_B1850,1,1850,1850,1850,1850,10.7145,22.57786,241.91043,-0.33694,0.26989,-12.41136,-0.03221,0.02521,0.00561,12.41136,0.00561,44.0
28.46,1784879883.44546,A1850_B1850,1,1850,1850,1850,1850,10.702,22.56,241.43712,-0.35346,-0.24585,-13.52744,0.01602,-0.00161,0.00111,13.52744,0.00111,44.0
28.48,1784879883.46546,A1850_B1850,1,1850,1850,1850,1850,10.702,22.56,241.43712,-0.59533,-0.52945,-13.58133,0.05465,-0.03615,-0.00357,13.58133,-0.00357,44.0
28.5,1784879883.48546,A1850_B1850,1,1850,1850,1850,1850,10.70203,22.56,241.4378,-0.36021,-0.07401,-12.71835,0.00042,-0.00433,0.00402,12.71835,0.00402,44.0
28.52,1784879883.50546,A1850_B1850,1,1850,1850,1850,1850,10.70279,22.56,241.45493,-0.16199,0.0016,-13.15258,-0.02062,0.02094,0.00497,13.15258,0.00497,44.0
28.54,1784879883.52546,A1850_B1850,1,1850,1850,1850,1850,10.70355,22.56,241.47207,-0.67199,-0.46043,-14.40433,0.03334,-0.04452,-0.00398,14.40433,-0.00398,44.0
28.56,1784879883.54546,A1850_B1850,1,1850,1850,1850,1850,10.704,22.56,241.48224,-0.07882,-0.24265,-12.99752,0.01624,0.02313,0.00898,12.99752,0.00898,44.0
28.58,1784879883.56546,A1850_B1850,1,1850,1850,1850,1850,10.704,22.56,241.48224,-0.5275,-0.10176,-13.2049,0.00492,-0.01434,0.00193,13.2049,0.00193,44.0
28.6,1784879883.58546,A1850_B1850,1,1850,1850,1850,1850,10.70223,22.5558,241.39743,-0.71291,-0.42964,-14.23044,0.02379,-0.03529,0.00084,14.23044,0.00084,44.0
28.62,1784879883.60546,A1850_B1850,1,1850,1850,1850,1850,10.65734,22.44908,239.24731,0.11967,-0.72027,-12.08565,0.05265,0.06603,0.00538,12.08565,0.00538,44.0
28.64,1784879883.62546,A1850_B1850,1,1850,1850,1850,1850,10.61244,22.34235,237.10678,-0.26089,-0.29497,-13.32172,0.02238,0.01257,-0.00121,13.32172,-0.00121,44.0
28.66,1784879883.64546,A1850_B1850,1,1850,1850,1850,1850,10.582,22.27,235.66114,-0.72038,0.08075,-13.77935,-0.01171,-0.03361,-0.00193,13.77935,-0.00193,44.0
28.68,1784879883.66546,A1850_B1850,1,1850,1850,1850,1850,10.582,22.27,235.66114,-0.03337,-0.3527,-12.77117,0.01393,0.03344,0.00393,12.77117,0.00393,44.0
28.7,1784879883.68546,A1850_B1850,1,1850,1850,1850,1850,10.58379,22.27088,235.71035,-0.13592,-0.23534,-13.52454,0.02038,0.00171,-0.00298,13.52454,-0.00298,44.0
28.72,1784879883.70546,A1850_B1850,1,1850,1850,1850,1850,10.62986,22.29335,236.9751,-0.59415,-0.75397,-13.34047,0.05193,-0.02479,-0.00084,13.34047,-0.00084,44.0
28.74,1784879883.72546,A1850_B1850,1,1850,1850,1850,1850,10.67592,22.31582,238.24192,-0.40453,0.00487,-13.11758,-0.01581,0.00294,0.00902,13.11758,0.00902,44.0
28.76,1784879883.74546,A1850_B1850,1,1850,1850,1850,1850,10.705,22.33,239.04265,-0.11504,-0.08901,-13.57892,0.00165,0.0128,0.01538,13.57892,0.01538,44.0
28.78,1784879883.76546,A1850_B1850,1,1850,1850,1850,1850,10.705,22.33,239.04265,-0.57712,-0.48023,-13.22297,0.03279,-0.00397,0.00338,13.22297,0.00338,44.0
28.8,1784879883.78546,A1850_B1850,1,1850,1850,1850,1850,10.705,22.33,239.04265,-0.83405,-0.28289,-12.90794,0.02842,-0.01824,-0.00666,12.90794,-0.00666,44.0
28.82,1784879883.80546,A1850_B1850,1,1850,1850,1850,1850,10.74625,22.43587,241.10162,-0.15047,-0.18263,-13.58093,0.00924,-0.0032,0.01316,13.58093,0.01316,44.0
28.84,1784879883.82546,A1850_B1850,1,1850,1850,1850,1850,10.78803,22.54309,243.19551,-0.05719,-0.06226,-12.70614,-0.02335,0.02521,0.00638,12.70614,0.00638,44.0
28.86,1784879883.84546,A1850_B1850,1,1850,1850,1850,1850,10.818,22.62,244.70316,-0.65561,-0.56469,-13.56485,0.02643,-0.02361,-0.01912,13.56485,-0.01912,44.0
28.88,1784879883.86546,A1850_B1850,1,1850,1850,1850,1850,10.818,22.62,244.70316,-0.5294,-0.23016,-13.63785,0.03574,-0.03456,-0.00616,13.63785,-0.00616,44.0
28.9,1784879883.88546,A1850_B1850,1,1850,1850,1850,1850,10.818,22.62,244.70316,-0.54009,-0.25,-13.26839,0.01647,-0.02524,0.0057,13.26839,0.0057,44.0
28.92,1784879883.90546,A1850_B1850,1,1850,1850,1850,1850,10.74842,22.53437,242.20887,-0.64268,-0.45218,-13.58214,0.01379,-0.02452,0.00829,13.58214,0.00829,44.0
28.94,1784879883.92546,A1850_B1850,1,1850,1850,1850,1850,10.67802,22.44772,239.69722,-0.39481,-0.55922,-12.92201,0.05697,0.00826,0.00157,12.92201,0.00157,44.0
28.96,1784879883.94546,A1850_B1850,1,1850,1850,1850,1850,10.623,22.38,237.74274,0.08324,-0.55035,-13.00095,0.03933,0.02421,0.00879,13.00095,0.00879,44.0
28.98,1784879883.96546,A1850_B1850,1,1850,1850,1850,1850,10.623,22.38,237.74274,-0.5197,0.01475,-13.58519,-0.02594,-0.01183,0.01847,13.58519,0.01847,44.0
29.0,1784879883.98546,A1850_B1850,1,1850,1850,1850,1850,10.62277,22.38014,237.73916,-0.53908,-0.275,-13.35562,-0.00698,0.00253,0.00738,13.35562,0.00738,44.0
29.02,1784879884.00546,A1850_B1850,1,1850,1850,1850,1850,10.61687,22.38383,237.64628,-0.44,-0.51272,-13.19903,0.04443,-0.00311,-0.00653,13.19903,-0.00653,44.0
29.04,1784879884.02545,A1850_B1850,1,1850,1850,1850,1850,10.61097,22.38752,237.55336,-0.51173,-0.20803,-13.61582,0.01706,-0.04483,-0.00407,13.61582,-0.00407,44.0
29.06,1784879884.04545,A1850_B1850,1,1850,1850,1850,1850,10.607,22.39,237.49073,-0.90047,0.47016,-13.29498,-0.05094,-0.03279,0.01761,13.29498,0.01761,44.0
29.08,1784879884.06545,A1850_B1850,1,1850,1850,1850,1850,10.607,22.39,237.49073,-0.88386,-0.52316,-12.94626,0.02906,-0.02597,0.00034,12.94626,0.00034,44.0
29.1,1784879884.08545,A1850_B1850,1,1850,1850,1850,1850,10.607,22.39,237.49073,-0.43949,-0.65753,-13.88851,0.05592,0.00108,-0.00262,13.88851,-0.00262,44.0
29.12,1784879884.10545,A1850_B1850,1,1850,1850,1850,1850,10.65829,22.35938,238.31275,-0.24995,-0.00989,-12.52687,-0.02258,0.01985,0.01938,12.52687,0.01938,44.0
29.14,1784879884.12545,A1850_B1850,1,1850,1850,1850,1850,10.7102,22.32839,239.14154,-0.99451,0.0181,-13.06792,-0.01076,-0.04729,0.01316,13.06792,0.01316,44.0
29.16,1784879884.14545,A1850_B1850,1,1850,1850,1850,1850,10.741,22.31,239.63171,-0.19176,-0.36827,-13.977,0.02111,0.01549,-0.00284,13.977,-0.00284,44.0
29.18,1784879884.16545,A1850_B1850,1,1850,1850,1850,1850,10.741,22.31,239.63171,-0.14682,-0.32876,-12.86183,0.0097,0.0153,0.00588,12.86183,0.00588,44.0
29.2,1784879884.18545,A1850_B1850,1,1850,1850,1850,1850,10.741,22.31,239.63171,-1.12429,-0.23331,-13.24332,0.0122,-0.0677,0.00643,13.24332,0.00643,44.0
29.22,1784879884.20545,A1850_B1850,1,1850,1850,1850,1850,10.72888,22.33273,239.60512,-0.71181,-0.13704,-13.91868,0.01138,-0.03047,0.00011,13.91868,0.00011,44.0
29.24,1784879884.22545,A1850_B1850,1,1850,1850,1850,1850,10.71592,22.35702,239.57609,-0.39582,-0.00676,-13.22457,-0.00344,0.00017,0.00702,13.22457,0.00702,44.0
29.26,1784879884.24545,A1850_B1850,1,1850,1850,1850,1850,10.709,22.37,239.56033,-0.64896,-0.50164,-13.10504,0.03961,-0.0377,-0.00207,13.10504,-0.00207,44.0
29.28,1784879884.26545,A1850_B1850,1,1850,1850,1850,1850,10.709,22.37,239.56033,-0.54959,-0.6394,-13.46981,0.05192,-0.00051,0.00688,13.46981,0.00688,44.0
29.3,1784879884.28545,A1850_B1850,1,1850,1850,1850,1850,10.709,22.37,239.56033,-0.43754,0.56875,-12.43975,-0.06367,-0.00761,0.00434,12.43975,0.00434,44.0
29.32,1784879884.30545,A1850_B1850,1,1850,1850,1850,1850,10.67356,22.3294,238.33425,-0.32854,-0.3671,-13.73888,0.02843,-0.00856,0.00716,13.73888,0.00716,44.0
29.34,1784879884.32545,A1850_B1850,1,1850,1850,1850,1850,10.63765,22.28824,237.09443,-0.25591,-0.74176,-13.48585,0.06083,0.03167,0.00929,13.48585,0.00929,44.0
29.36,1784879884.34545,A1850_B1850,1,1850,1850,1850,1850,10.613,22.26,236.24538,0.12764,-0.2134,-13.13285,-0.00312,0.00208,-0.00207,13.13285,-0.00207,44.0
29.38,1784879884.36545,A1850_B1850,1,1850,1850,1850,1850,10.613,22.26,236.24538,-0.73868,0.29165,-13.72681,-0.05321,-0.04242,0.01229,13.72681,0.01229,44.0
29.4,1784879884.38545,A1850_B1850,1,1850,1850,1850,1850,10.61292,22.26038,236.24772,-1.13909,-0.47935,-13.10899,0.03947,-0.05352,0.01675,13.10899,0.01675,44.0
29.42,1784879884.40545,A1850_B1850,1,1850,1850,1850,1850,10.60622,22.2939,236.45402,-0.47782,-0.44122,-13.26185,0.04783,-0.01224,0.00879,13.26185,0.00879,44.0
29.44,1784879884.42545,A1850_B1850,1,1850,1850,1850,1850,10.59952,22.32742,236.65987,-0.6645,0.20196,-13.30763,-0.02498,-0.03706,-0.00662,13.30763,-0.00662,44.0
29.46,1784879884.44545,A1850_B1850,1,1850,1850,1850,1850,10.595,22.35,236.79825,-0.87609,-0.13204,-12.62517,-0.0028,-0.04179,0.00884,12.62517,0.00884,44.0
29.48,1784879884.46545,A1850_B1850,1,1850,1850,1850,1850,10.595,22.35,236.79825,0.11086,-0.69104,-13.44499,0.04888,0.04735,0.00602,13.44499,0.00602,44.0
29.5,1784879884.48545,A1850_B1850,1,1850,1850,1850,1850,10.595,22.35,236.79825,-0.35782,-0.2939,-13.70399,0.02415,-0.00424,0.00043,13.70399,0.00043,44.0
29.52,1784879884.50545,A1850_B1850,1,1850,1850,1850,1850,10.64176,22.47323,239.15461,-0.64455,-0.05022,-12.91658,-0.0043,-0.04474,0.00261,12.91658,0.00261,44.0
29.54,1784879884.52545,A1850_B1850,1,1850,1850,1850,1850,10.69337,22.60927,241.7692,-1.14855,-0.18645,-13.46499,0.00206,-0.05924,0.01434,13.46499,0.01434,44.0
29.56,1784879884.54545,A1850_B1850,1,1850,1850,1850,1850,10.724,22.69,243.32756,0.01905,-0.65322,-13.82863,0.06033,0.04698,-0.00334,13.82863,-0.00334,44.0
29.58,1784879884.56545,A1850_B1850,1,1850,1850,1850,1850,10.724,22.69,243.32756,-0.06995,-0.50517,-12.84531,0.0332,0.00794,-0.0033,12.84531,-0.0033,44.0
29.6,1784879884.58545,A1850_B1850,1,1850,1850,1850,1850,10.724,22.69,243.32756,-0.50159,0.32414,-13.42839,-0.03826,-0.01683,0.01552,13.42839,0.01552,44.0
29.62,1784879884.60545,A1850_B1850,1,1850,1850,1850,1850,10.70954,22.56445,241.65494,-0.15787,-0.27139,-13.85376,0.01479,0.01912,0.01897,13.85376,0.01897,44.0
29.64,1784879884.62545,A1850_B1850,1,1850,1850,1850,1850,10.69411,22.43045,239.87381,0.23818,-0.92558,-12.68692,0.0687,0.05476,-0.00466,12.68692,-0.00466,44.0
29.66,1784879884.64545,A1850_B1850,1,1850,1850,1850,1850,10.686,22.36,238.93896,0.03546,-0.52582,-13.23502,0.04447,0.01567,-0.00607,13.23502,-0.00607,44.0
29.68,1784879884.66545,A1850_B1850,1,1850,1850,1850,1850,10.686,22.36,238.93896,-0.47945,0.32304,-13.14286,-0.04126,-0.00183,0.02566,13.14286,0.02566,44.0
29.7,1784879884.68545,A1850_B1850,1,1850,1850,1850,1850,10.686,22.36,238.93896,-0.50527,-0.24898,-13.20276,0.01451,-0.02152,0.00361,13.20276,0.00361,44.0
29.72,1784879884.70545,A1850_B1850,1,1850,1850,1850,1850,10.69302,22.46531,240.22207,-0.28464,-0.7664,-13.75212,0.07301,0.00548,0.01229,13.75212,0.01229,44.0
29.74,1784879884.72545,A1850_B1850,1,1850,1850,1850,1850,10.70013,22.57202,241.52362,-0.06623,-0.06168,-13.25264,0.01547,0.01503,-0.00025,13.25264,-0.00025,44.0
29.76,1784879884.74545,A1850_B1850,1,1850,1850,1850,1850,10.704,22.63,242.23152,-0.37009,-0.49548,-12.35537,0.02715,-0.00274,-0.00316,12.35537,-0.00316,44.0
29.78,1784879884.76545,A1850_B1850,1,1850,1850,1850,1850,10.704,22.63,242.23152,-0.06473,-0.18373,-13.59547,0.00865,0.05153,0.01529,13.59547,0.01529,44.0
29.8,1784879884.78545,A1850_B1850,1,1850,1850,1850,1850,10.704,22.63,242.23152,-0.75044,-0.50344,-12.67765,0.05533,-0.03065,0.00043,12.67765,0.00043,44.0
29.82,1784879884.80545,A1850_B1850,1,1850,1850,1850,1850,10.66996,22.50014,240.07557,-0.52928,-0.84849,-13.19498,0.04906,-0.00279,-0.00162,13.19498,-0.00162,44.0
29.84,1784879884.82545,A1850_B1850,1,1850,1850,1850,1850,10.63553,22.36883,237.9044,-0.03751,0.23421,-13.60712,-0.04021,0.01789,0.01961,13.60712,0.01961,44.0
29.86,1784879884.84545,A1850_B1850,1,1850,1850,1850,1850,10.607,22.26,236.11182,-0.67893,0.16725,-12.61707,-0.01508,-0.03506,0.0062,12.61707,0.0062,44.0
29.88,1784879884.86545,A1850_B1850,1,1850,1850,1850,1850,10.607,22.26,236.11182,-1.01518,-1.13673,-13.61154,0.09683,-0.03861,-0.00334,13.61154,-0.00334,44.0
29.9,1784879884.88545,A1850_B1850,1,1850,1850,1850,1850,10.60812,22.26123,236.14985,-0.65001,-0.31862,-13.26629,0.0227,-0.03188,0.01484,13.26629,0.01484,44.0
29.92,1784879884.90545,A1850_B1850,1,1850,1850,1850,1850,10.6382,22.29425,237.17066,-0.27133,0.41095,-13.14512,-0.0338,-0.00161,0.01434,13.14512,0.01434,44.0
29.94,1784879884.92545,A1850_B1850,1,1850,1850,1850,1850,10.66828,22.32726,238.19346,-0.33436,-0.5255,-13.21258,0.04192,0.01476,0.00557,13.21258,0.00557,44.0
29.96,1784879884.94545,A1850_B1850,1,1850,1850,1850,1850,10.689,22.35,238.89915,-0.01928,-0.93562,-12.48029,0.06029,0.04639,-0.00112,12.48029,-0.00112,44.0
29.98,1784879884.96545,A1850_B1850,1,1850,1850,1850,1850,10.689,22.35,238.89915,-0.27381,-0.0737,-13.86785,0.00052,0.00944,0.00447,13.86785,0.00447,44.0
30.0,1784879884.98545,A1850_B1850,1,1850,1850,1850,1850,10.689,22.35,238.89915,-0.38414,0.14533,-13.52133,-0.01653,-0.01711,0.00807,13.52133,0.00807,44.0
30.02,1784879885.00545,A1850_B1850,1,1850,1850,1850,1850,10.66017,22.35,238.25477,-0.92176,-0.49174,-13.15522,0.0252,-0.05497,-0.00153,13.15522,-0.00153,44.0
30.04,1784879885.02545,A1850_B1850,1,1850,1850,1850,1850,10.62936,22.35,237.56622,-0.29366,-0.74185,-13.29767,0.05292,0.02853,-0.00216,13.29767,-0.00216,44.0
30.06,1784879885.04545,A1850_B1850,1,1850,1850,1850,1850,10.613,22.35,237.20055,-0.03777,-0.37968,-14.28614,0.03274,0.0228,0.00547,14.28614,0.00547,44.0
30.08,1784879885.06545,A1850_B1850,1,1850,1850,1850,1850,10.613,22.35,237.20055,-1.08215,0.01,-12.71928,-0.00698,-0.06733,0.01679,12.71928,0.01679,44.0
30.1,1784879885.08545,A1850_B1850,1,1850,1850,1850,1850,10.613,22.35,237.20055,-1.05692,0.00583,-13.5018,0.00201,-0.03534,0.0002,13.5018,0.0002,44.0
30.12,1784879885.10545,A1850_B1850,1,1850,1850,1850,1850,10.62049,22.35749,237.44734,-0.02741,-0.96363,-13.62791,0.07701,0.04053,-0.00084,13.62791,-0.00084,44.0
30.14,1784879885.12545,A1850_B1850,1,1850,1850,1850,1850,10.62855,22.36555,237.71331,-0.29052,-0.41926,-12.18969,0.02793,8e-05,0.0067,12.18969,0.0067,44.0
30.16,1784879885.14545,A1850_B1850,1,1850,1850,1850,1850,10.633,22.37,237.86021,-0.34728,-0.07077,-13.34096,0.00206,-0.0077,0.01625,13.34096,0.01625,44.0
30.18,1784879885.16545,A1850_B1850,1,1850,1850,1850,1850,10.633,22.37,237.86021,-0.23096,-0.65446,-13.76417,0.04374,0.02671,-0.00312,13.76417,-0.00312,44.0
30.2,1784879885.18545,A1850_B1850,1,1850,1850,1850,1850,10.633,22.37,237.86021,-0.37936,-0.25434,-13.07598,0.01629,-0.0111,-0.00098,13.07598,-0.00098,44.0
30.22,1784879885.20545,A1850_B1850,1,1850,1850,1850,1850,10.60635,22.36239,237.18341,-0.91111,-0.03008,-12.93899,-0.01794,-0.02652,0.02547,12.93899,0.02547,44.0
30.24,1784879885.22545,A1850_B1850,1,1850,1850,1850,1850,10.57796,22.35427,236.46256,-1.02391,-0.2578,-13.66905,0.02415,-0.05324,-0.00225,13.66905,-0.00225,44.0
30.26,1784879885.24545,A1850_B1850,1,1850,1850,1850,1850,10.563,22.35,236.08305,-0.0875,-0.95683,-12.75491,0.07633,0.05107,0.01302,12.75491,0.01302,44.0
30.28,1784879885.26545,A1850_B1850,1,1850,1850,1850,1850,10.563,22.35,236.08305,-0.87618,0.15827,-13.71557,-0.01221,-0.03728,0.00198,13.71557,0.00198,44.0
30.3,1784879885.28545,A1850_B1850,1,1850,1850,1850,1850,10.563,22.35,236.08305,-0.73802,0.08626,-13.38375,-0.01371,-0.02043,0.00425,13.38375,0.00425,44.0
30.32,1784879885.30545,A1850_B1850,1,1850,1850,1850,1850,10.58571,22.34628,236.55125,-0.87208,-0.12312,-13.11336,-0.01557,-0.03279,0.0297,13.11336,0.0297,44.0
30.34,1784879885.32545,A1850_B1850,1,1850,1850,1850,1850,10.6087,22.34251,237.025,-1.76877,0.20308,-13.77691,-0.01235,-0.13137,0.00329,13.77691,0.00329,44.0
30.36,1784879885.34545,A1850_B1850,1,1850,1850,1850,1850,10.624,22.34,237.34016,-0.56923,-0.45549,-13.31135,0.04665,-0.01039,-0.00184,13.31135,-0.00184,44.0
30.38,1784879885.36545,A1850_B1850,1,1850,1850,1850,1850,10.624,22.34,237.34016,-1.32306,0.10642,-14.08279,0.00784,-0.07205,0.00802,14.08279,0.00802,44.0
30.4,1784879885.38545,A1850_B1850,1,1850,1850,1850,1850,10.62387,22.33972,237.33439,-1.41452,0.06871,-13.07162,-0.02321,-0.10529,0.0167,13.07162,0.0167,44.0
30.42,1784879885.40545,A1850_B1850,1,1850,1850,1850,1850,10.62043,22.33207,237.17614,-0.42542,-0.10621,-13.15864,0.01342,0.00684,-0.0008,13.15864,-0.0008,44.0
30.44,1784879885.42545,A1850_B1850,1,1850,1850,1850,1850,10.61699,22.32441,237.01795,-0.87741,-0.54778,-13.72446,0.04479,-0.03028,0.00897,13.72446,0.00897,44.0
30.46,1784879885.44545,A1850_B1850,1,1850,1850,1850,1850,10.615,22.32,236.9268,-1.4318,-0.51332,-13.08004,0.03193,-0.07415,0.01507,13.08004,0.01507,44.0
30.48,1784879885.46545,A1850_B1850,1,1850,1850,1850,1850,10.615,22.32,236.9268,-0.02114,0.34546,-13.39505,-0.04693,0.02489,0.00934,13.39505,0.00934,44.0
30.5,1784879885.48545,A1850_B1850,1,1850,1850,1850,1850,10.615,22.32,236.9268,-0.60957,-0.08068,-13.89592,-0.0044,-0.02819,0.00288,13.89592,0.00288,44.0
30.52,1784879885.50545,A1850_B1850,1,1850,1850,1850,1850,10.62595,22.3691,237.69304,-0.73887,-0.46416,-13.03055,0.02915,-0.02593,-0.0008,13.03055,-0.0008,44.0
30.54,1784879885.52545,A1850_B1850,1,1850,1850,1850,1850,10.63765,22.42153,238.51233,-0.9139,0.13892,-12.79662,-0.03221,-0.03806,0.01861,12.79662,0.01861,44.0
30.56,1784879885.54545,A1850_B1850,1,1850,1850,1850,1850,10.644,22.45,238.9578,-0.69924,0.36119,-14.32972,-0.02912,-0.04165,0.01448,14.32972,0.01448,44.0
30.58,1784879885.56545,A1850_B1850,1,1850,1850,1850,1850,10.644,22.45,238.9578,0.05032,-0.8721,-13.38249,0.07174,0.03707,0.02079,13.38249,0.02079,44.0
30.6,1784879885.58545,A1850_B1850,1,1850,1850,1850,1850,10.644,22.45,238.9578,-0.5903,-0.72744,-12.44235,0.05388,-0.01415,0.01193,12.44235,0.01193,44.0
30.62,1784879885.60545,A1850_B1850,1,1850,1850,1850,1850,10.66581,22.4609,239.56369,-0.26318,0.41548,-13.55435,-0.06152,0.01503,0.00543,13.55435,0.00543,44.0
30.64,1784879885.62545,A1850_B1850,1,1850,1850,1850,1850,10.68788,22.47194,240.17741,-0.10145,-0.05348,-13.34172,-0.00654,0.0138,0.01225,13.34172,0.01225,44.0
30.66,1784879885.64545,A1850_B1850,1,1850,1850,1850,1850,10.704,22.48,240.62592,-0.58101,-0.53624,-13.13927,0.05015,-0.01029,0.00911,13.13927,0.00911,44.0
30.68,1784879885.66545,A1850_B1850,1,1850,1850,1850,1850,10.704,22.48,240.62592,0.03494,-0.69585,-13.3537,0.06333,0.01571,-0.00793,13.3537,-0.00793,44.0
30.7,1784879885.68545,A1850_B1850,1,1850,1850,1850,1850,10.704,22.48,240.62592,-0.75392,-0.47237,-13.52294,0.01579,-0.01978,-0.00321,13.52294,-0.00321,44.0
30.72,1784879885.70545,A1850_B1850,1,1850,1850,1850,1850,10.70579,22.54461,241.35796,-0.78416,-0.31209,-13.46918,-0.00703,-0.02447,0.02115,13.46918,0.02115,44.0
30.74,1784879885.72545,A1850_B1850,1,1850,1850,1850,1850,10.7078,22.61688,242.17708,0.38551,-0.15273,-13.06347,0.01906,0.05916,-0.00493,13.06347,-0.00493,44.0
30.76,1784879885.74545,A1850_B1850,1,1850,1850,1850,1850,10.709,22.66,242.66594,-0.79943,-1.22759,-13.27901,0.1001,-0.03055,-0.01371,13.27901,-0.01371,44.0
30.78,1784879885.76545,A1850_B1850,1,1850,1850,1850,1850,10.709,22.66,242.66594,-1.12969,-0.59729,-13.53998,0.03493,-0.06474,0.00661,13.53998,0.00661,44.0
30.8,1784879885.78545,A1850_B1850,1,1850,1850,1850,1850,10.70786,22.65759,242.61435,-0.40883,0.3151,-13.13098,-0.02221,0.00302,0.01175,13.13098,0.01175,44.0
30.82,1784879885.80545,A1850_B1850,1,1850,1850,1850,1850,10.67727,22.59258,241.22706,-1.15765,-0.27979,-13.33792,0.02565,-0.09673,-0.01475,13.33792,-0.01475,44.0
30.84,1784879885.82545,A1850_B1850,1,1850,1850,1850,1850,10.64668,22.52757,239.84375,-1.10757,-0.2212,-13.79691,0.00306,-0.06398,-0.01862,13.79691,-0.01862,44.0
30.86,1784879885.84545,A1850_B1850,1,1850,1850,1850,1850,10.629,22.49,239.04621,-0.93246,0.07608,-13.27578,-0.01085,-0.04861,0.01729,13.27578,0.01729,44.0
30.88,1784879885.86545,A1850_B1850,1,1850,1850,1850,1850,10.629,22.49,239.04621,-1.38082,-0.41539,-13.88646,0.04178,-0.10946,0.00357,13.88646,0.00357,44.0
30.9,1784879885.88545,A1850_B1850,1,1850,1850,1850,1850,10.629,22.49,239.04621,-1.39897,-0.3721,-14.05472,0.04511,-0.08834,-0.00425,14.05472,-0.00425,44.0
30.92,1784879885.90545,A1850_B1850,1,1850,1850,1850,1850,10.6208,22.4472,238.40709,-0.97022,0.15528,-12.91041,-0.02343,-0.02211,0.0102,12.91041,0.0102,44.0
30.94,1784879885.92545,A1850_B1850,1,1850,1850,1850,1850,10.61183,22.40043,237.70961,-0.92713,-0.06591,-13.79247,-0.0209,-0.05156,0.01529,13.79247,0.01529,44.0
30.96,1784879885.94545,A1850_B1850,1,1850,1850,1850,1850,10.606,22.37,237.25622,-0.09472,-0.1065,-13.47024,0.0017,0.0177,0.00934,13.47024,0.00934,44.0
30.98,1784879885.96545,A1850_B1850,1,1850,1850,1850,1850,10.606,22.37,237.25622,0.11478,-0.76656,-12.39962,0.05978,0.03662,-0.00098,12.39962,-0.00098,44.0
31.0,1784879885.98545,A1850_B1850,1,1850,1850,1850,1850,10.606,22.37,237.25622,0.03219,-0.8675,-13.37038,0.06774,0.03426,-0.00116,13.37038,-0.00116,44.0
31.02,1784879886.00545,A1850_B1850,1,1850,1850,1850,1850,10.60448,22.39659,237.50421,-0.43123,0.10269,-13.82489,-0.01334,-0.02315,0.01961,13.82489,0.01961,44.0
31.04,1784879886.02545,A1850_B1850,1,1850,1850,1850,1850,10.60286,22.42494,237.76849,-0.21921,0.10763,-12.64783,-0.01876,0.00484,0.01084,12.64783,0.01084,44.0
31.06,1784879886.04545,A1850_B1850,1,1850,1850,1850,1850,10.602,22.44,237.90888,-0.62073,-0.23433,-13.678,0.02124,-0.01519,-0.01357,13.678,-0.01357,44.0
31.08,1784879886.06545,A1850_B1850,1,1850,1850,1850,1850,10.602,22.44,237.90888,-1.01189,-0.36471,-13.68285,0.01911,-0.06283,0.01452,13.68285,0.01452,44.0
31.1,1784879886.08545,A1850_B1850,1,1850,1850,1850,1850,10.602,22.44,237.90888,-0.77212,0.21917,-13.00191,-0.01853,-0.0222,0.02143,13.00191,0.02143,44.0
31.12,1784879886.10545,A1850_B1850,1,1850,1850,1850,1850,10.59509,22.42909,237.63827,-0.99728,-0.05717,-13.72108,0.0186,-0.05333,0.00739,13.72108,0.00739,44.0
31.14,1784879886.12545,A1850_B1850,1,1850,1850,1850,1850,10.58794,22.4178,237.35823,-0.24677,-0.27462,-13.21803,0.01856,-0.00516,-0.00112,13.21803,-0.00112,44.0
31.16,1784879886.14545,A1850_B1850,1,1850,1850,1850,1850,10.583,22.41,237.16503,-0.23029,-0.243,-13.25533,0.00211,0.00762,-0.01021,13.25533,-0.01021,44.0
31.18,1784879886.16545,A1850_B1850,1,1850,1850,1850,1850,10.583,22.41,237.16503,-0.34022,-0.12209,-13.34167,-0.01003,0.01376,0.00993,13.34167,0.00993,44.0
31.2,1784879886.18545,A1850_B1850,1,1850,1850,1850,1850,10.58302,22.40883,237.15314,-0.51166,-0.38423,-13.44716,0.02533,-0.01333,0.02116,13.44716,0.02116,44.0
31.22,1784879886.20545,A1850_B1850,1,1850,1850,1850,1850,10.58376,22.36843,236.74201,-0.80575,-0.69524,-13.30201,0.06429,-0.04206,-0.00684,13.30201,-0.00684,44.0
31.24,1784879886.22545,A1850_B1850,1,1850,1850,1850,1850,10.58449,22.32803,236.33082,-0.3956,-0.18346,-12.87721,0.02302,-0.00238,0.00152,12.87721,0.00152,44.0
31.26,1784879886.24545,A1850_B1850,1,1850,1850,1850,1850,10.585,22.3,236.0455,-0.83839,0.32734,-13.81124,-0.05102,-0.0361,0.02429,13.81124,0.02429,44.0
31.28,1784879886.26545,A1850_B1850,1,1850,1850,1850,1850,10.585,22.3,236.0455,0.14924,0.2213,-13.33494,-0.04767,0.03502,0.00711,13.33494,0.00711,44.0
31.3,1784879886.28545,A1850_B1850,1,1850,1850,1850,1850,10.585,22.3,236.0455,0.31047,-0.53478,-12.4067,0.05351,0.04149,-0.00952,12.4067,-0.00952,44.0
31.32,1784879886.30545,A1850_B1850,1,1850,1850,1850,1850,10.65178,22.34197,237.98175,-0.52287,-0.90784,-13.47163,0.07529,-0.02655,-0.00012,13.47163,-0.00012,44.0
31.34,1784879886.32545,A1850_B1850,1,1850,1850,1850,1850,10.7195,22.38454,239.95119,-0.63815,-0.18863,-14.27962,0.00471,-0.0187,0.01279,14.27962,0.01279,44.0
31.36,1784879886.34545,A1850_B1850,1,1850,1850,1850,1850,10.76,22.41,241.1316,-0.29931,-0.38657,-13.05993,0.02851,-0.01097,7e-05,13.05993,7e-05,44.0
31.38,1784879886.36545,A1850_B1850,1,1850,1850,1850,1850,10.76,22.41,241.1316,-0.49537,-0.39396,-13.30005,0.03683,-0.02024,-0.0068,13.30005,-0.0068,44.0
31.4,1784879886.38545,A1850_B1850,1,1850,1850,1850,1850,10.76,22.41,241.1316,-0.24804,-0.23423,-13.99811,0.01461,0.02416,0.01493,13.99811,0.01493,44.0
31.42,1784879886.40545,A1850_B1850,1,1850,1850,1850,1850,10.70619,22.36452,239.43875,-0.08251,-0.10005,-12.55755,-0.00389,0.0473,0.01379,12.55755,0.01379,44.0
31.44,1784879886.42545,A1850_B1850,1,1850,1850,1850,1850,10.64866,22.31591,237.63453,-0.56471,-0.43454,-13.28543,0.04115,-0.02182,0.00379,13.28543,0.00379,44.0
31.46,1784879886.44545,A1850_B1850,1,1850,1850,1850,1850,10.618,22.29,236.67522,-0.22265,-0.27175,-13.66676,0.04543,-0.0082,-0.00312,13.66676,-0.00312,44.0
31.48,1784879886.46545,A1850_B1850,1,1850,1850,1850,1850,10.618,22.29,236.67522,-0.12254,-0.22099,-12.65398,0.01697,0.03294,0.00711,12.65398,0.00711,44.0
31.5,1784879886.48545,A1850_B1850,1,1850,1850,1850,1850,10.618,22.29,236.67522,-0.25526,0.20327,-13.09435,-0.03612,0.00263,0.00434,13.09435,0.00434,44.0
31.52,1784879886.50545,A1850_B1850,1,1850,1850,1850,1850,10.63202,22.35271,237.65447,-0.30827,-0.29137,-13.72344,0.02619,-0.01592,0.01102,13.72344,0.01102,44.0
31.54,1784879886.52545,A1850_B1850,1,1850,1850,1850,1850,10.64624,22.41633,238.64952,-0.49198,-0.71701,-13.25488,0.0786,-0.00252,-0.00348,13.25488,-0.00348,44.0
31.56,1784879886.54545,A1850_B1850,1,1850,1850,1850,1850,10.656,22.46,239.33376,-0.63103,-0.21743,-13.06595,0.02875,-0.02115,0.00929,13.06595,0.00929,44.0
31.58,1784879886.56545,A1850_B1850,1,1850,1850,1850,1850,10.656,22.46,239.33376,-0.65186,-0.40017,-13.18579,0.01688,-0.02024,0.01607,13.18579,0.01607,44.0
31.6,1784879886.58545,A1850_B1850,1,1850,1850,1850,1850,10.656,22.46,239.33376,-0.41253,-0.0066,-12.97053,-7e-05,0.00057,-0.01902,12.97053,-0.01902,44.0
31.62,1784879886.60545,A1850_B1850,1,1850,1850,1850,1850,10.67819,22.43781,239.59516,-0.45917,0.00285,-13.47046,0.02074,0.00062,0.00065,13.47046,0.00065,44.0
31.64,1784879886.62545,A1850_B1850,1,1850,1850,1850,1850,10.70065,22.41535,239.85884,-0.78787,-0.78066,-12.59405,0.0447,-0.04733,0.00797,12.59405,0.00797,44.0
31.66,1784879886.64545,A1850_B1850,1,1850,1850,1850,1850,10.716,22.4,240.0384,-0.50364,-0.00117,-13.40129,-0.02084,-0.00457,0.00366,13.40129,0.00366,44.0
31.68,1784879886.66545,A1850_B1850,1,1850,1850,1850,1850,10.716,22.4,240.0384,-0.36205,0.02836,-13.80589,0.01024,-0.01578,0.00484,13.80589,0.00484,44.0
31.7,1784879886.68545,A1850_B1850,1,1850,1850,1850,1850,10.71492,22.39801,239.99278,-0.43594,-0.67522,-13.48381,0.07569,-0.00543,0.00861,13.48381,0.00861,44.0
31.72,1784879886.70545,A1850_B1850,1,1850,1850,1850,1850,10.67337,22.32178,238.2486,-1.28643,-0.51172,-13.90546,0.02325,-0.07646,0.00875,13.90546,0.00875,44.0
31.74,1784879886.72545,A1850_B1850,1,1850,1850,1850,1850,10.63182,22.24555,236.51076,-0.19905,0.20792,-12.99782,-0.02666,0.03856,0.01316,12.99782,0.01316,44.0
31.76,1784879886.74545,A1850_B1850,1,1850,1850,1850,1850,10.607,22.2,235.4754,0.19945,-0.61172,-13.09257,0.06027,0.04581,0.01529,13.09257,0.01529,44.0
31.78,1784879886.76545,A1850_B1850,1,1850,1850,1850,1850,10.607,22.2,235.4754,-0.86163,-0.57881,-13.69683,0.07534,-0.04819,-0.00457,13.69683,-0.00457,44.0
31.8,1784879886.78545,A1850_B1850,1,1850,1850,1850,1850,10.607,22.2,235.4754,-0.69702,-0.16408,-12.95784,-0.01197,-0.01966,0.00034,12.95784,0.00034,44.0
31.82,1784879886.80545,A1850_B1850,1,1850,1850,1850,1850,10.63288,22.22664,236.33306,-0.61522,-0.20561,-13.19751,-0.00717,-0.02329,0.01202,13.19751,0.01202,44.0
31.84,1784879886.82545,A1850_B1850,1,1850,1850,1850,1850,10.66047,22.25504,237.2491,-0.325,0.04201,-14.09538,0.01769,0.00193,0.01761,14.09538,0.01761,44.0
31.86,1784879886.84545,A1850_B1850,1,1850,1850,1850,1850,10.675,22.27,237.73225,-0.23914,-0.60583,-12.87549,0.07037,-0.01756,-0.0062,12.87549,-0.0062,44.0
31.88,1784879886.86545,A1850_B1850,1,1850,1850,1850,1850,10.675,22.27,237.73225,-0.67162,-0.40419,-12.62369,0.01339,-0.00897,0.00352,12.62369,0.00352,44.0
31.9,1784879886.88545,A1850_B1850,1,1850,1850,1850,1850,10.675,22.27,237.73225,-1.23657,-0.22268,-14.19335,0.00406,-0.05419,0.02938,14.19335,0.02938,44.0
31.92,1784879886.90545,A1850_B1850,1,1850,1850,1850,1850,10.66903,22.31105,238.03726,-0.3163,-0.06169,-13.17013,0.03451,0.00675,0.00693,13.17013,0.00693,44.0
31.94,1784879886.92545,A1850_B1850,1,1850,1850,1850,1850,10.66292,22.35307,238.34892,-0.6704,-0.02172,-12.5033,-0.0062,-0.02583,-0.00612,12.5033,-0.00612,44.0
31.96,1784879886.94545,A1850_B1850,1,1850,1850,1850,1850,10.659,22.38,238.54842,0.03304,-0.32217,-13.49056,-0.00199,0.04611,0.01415,13.49056,0.01415,44.0
31.98,1784879886.96545,A1850_B1850,1,1850,1850,1850,1850,10.659,22.38,238.54842,0.30909,-0.47144,-13.12614,0.03592,0.07435,0.01279,13.12614,0.01279,44.0
32.0,1784879886.98545,A1850_B1850,1,1850,1850,1850,1850,10.66135,22.38315,238.63459,-0.98007,-0.37428,-13.44814,0.07406,-0.05631,-0.00416,13.44814,-0.00416,44.0
32.02,1784879887.00545,A1850_B1850,1,1850,1850,1850,1850,10.73559,22.48288,241.36696,-0.88071,-0.58532,-13.37348,0.04461,-0.06947,-0.00771,13.37348,-0.00771,44.0
32.04,1784879887.02545,A1850_B1850,1,1850,1850,1850,1850,10.80983,22.58261,244.11414,-0.167,-0.22397,-13.39911,0.00334,0.0207,0.0072,13.39911,0.0072,44.0
32.06,1784879887.04545,A1850_B1850,1,1850,1850,1850,1850,10.86,22.65,245.979,0.18384,-0.22697,-13.41867,0.01379,0.06898,0.02079,13.41867,0.02079,44.0
32.08,1784879887.06545,A1850_B1850,1,1850,1850,1850,1850,10.86,22.65,245.979,-0.49648,-0.82091,-12.85549,0.07433,-0.02364,-0.00043,12.85549,-0.00043,44.0
32.1,1784879887.08545,A1850_B1850,1,1850,1850,1850,1850,10.85952,22.6494,245.96165,-0.92496,0.07252,-13.09524,0.01553,-0.05374,-0.00362,13.09524,-0.00362,44.0
32.12,1784879887.10545,A1850_B1850,1,1850,1850,1850,1850,10.75924,22.5226,242.32599,-0.3447,-0.53038,-13.60224,0.02051,0.01943,0.01529,13.60224,0.01529,44.0
32.14,1784879887.12545,A1850_B1850,1,1850,1850,1850,1850,10.65895,22.3958,238.71577,-0.64687,-0.33739,-12.86114,0.02306,-0.02619,0.00661,12.86114,0.00661,44.0
32.16,1784879887.14545,A1850_B1850,1,1850,1850,1850,1850,10.599,22.32,236.56968,-0.81313,0.11073,-13.40904,-0.00712,-0.04752,0.00793,13.40904,0.00793,44.0
32.18,1784879887.16545,A1850_B1850,1,1850,1850,1850,1850,10.599,22.32,236.56968,-0.04999,-0.27718,-14.01216,0.02078,0.0177,0.00797,14.01216,0.00797,44.0
32.2,1784879887.18545,A1850_B1850,1,1850,1850,1850,1850,10.60038,22.32393,236.64203,-0.16035,-0.45162,-12.8093,0.01525,0.01694,0.01679,12.8093,0.01679,44.0
32.22,1784879887.20545,A1850_B1850,1,1850,1850,1850,1850,10.6405,22.43858,238.75779,-0.45342,-0.4529,-13.54289,0.02901,0.00717,0.01488,13.54289,0.01488,44.0
32.24,1784879887.22545,A1850_B1850,1,1850,1850,1850,1850,10.68063,22.55323,240.88275,-0.17056,-0.09732,-13.2211,0.02211,0.03693,0.00502,13.2211,0.00502,44.0
32.26,1784879887.24545,A1850_B1850,1,1850,1850,1850,1850,10.704,22.62,242.12448,-0.52401,-0.2754,-12.51099,0.01074,-0.02582,0.00793,12.51099,0.00793,44.0
32.28,1784879887.26545,A1850_B1850,1,1850,1850,1850,1850,10.704,22.62,242.12448,0.146,-0.07331,-13.53738,-0.00621,0.05192,0.01029,13.53738,0.01029,44.0
32.3,1784879887.28545,A1850_B1850,1,1850,1850,1850,1850,10.70242,22.61638,242.04999,0.01783,-0.85471,-13.563,0.05978,0.05322,0.00743,13.563,0.00743,44.0
32.32,1784879887.30545,A1850_B1850,1,1850,1850,1850,1850,10.66018,22.51949,240.06167,-0.76707,-0.50832,-12.96621,0.04879,-0.06082,-0.00121,12.96621,-0.00121,44.0
32.34,1784879887.32545,A1850_B1850,1,1850,1850,1850,1850,10.61793,22.42259,238.08153,-0.60802,-0.49133,-13.68215,0.05029,-0.04484,0.00116,13.68215,0.00116,44.0
32.36,1784879887.34545,A1850_B1850,1,1850,1850,1850,1850,10.595,22.37,237.01015,-0.90811,-0.12661,-13.73476,0.0133,-0.03406,0.01256,13.73476,0.01256,44.0
32.38,1784879887.36545,A1850_B1850,1,1850,1850,1850,1850,10.595,22.37,237.01015,-0.08649,-0.07261,-12.62237,-0.00935,0.0477,0.01707,12.62237,0.01707,44.0
32.4,1784879887.38545,A1850_B1850,1,1850,1850,1850,1850,10.595,22.37,237.01015,-0.72347,-0.28168,-13.84134,0.02919,-0.0369,0.00052,13.84134,0.00052,44.0
32.42,1784879887.40545,A1850_B1850,1,1850,1850,1850,1850,10.62012,22.3543,237.40537,-0.39761,-0.05695,-12.72614,0.01907,0.02219,0.00556,12.72614,0.00556,44.0
32.44,1784879887.42545,A1850_B1850,1,1850,1850,1850,1850,10.64556,22.3384,237.80477,0.14061,-0.46422,-12.92596,0.03797,0.04053,0.02474,12.92596,0.02474,44.0
32.46,1784879887.44545,A1850_B1850,1,1850,1850,1850,1850,10.659,22.33,238.01547,-0.09244,-0.98465,-13.44952,0.05783,0.01563,0.0048,13.44952,0.0048,44.0
32.48,1784879887.46545,A1850_B1850,1,1850,1850,1850,1850,10.659,22.33,238.01547,-0.83993,0.41037,-13.00636,-0.03047,-0.04582,-0.0133,13.00636,-0.0133,44.0
32.5,1784879887.48545,A1850_B1850,1,1850,1850,1850,1850,10.659,22.33,238.01547,-0.71992,0.1181,-13.783,0.00968,-0.05347,0.00052,13.783,0.00052,44.0
32.52,1784879887.50545,A1850_B1850,1,1850,1850,1850,1850,10.63426,22.34108,237.58085,-0.97848,-0.41052,-13.35689,0.01016,-0.04247,0.02561,13.35689,0.02561,44.0
32.54,1784879887.52545,A1850_B1850,1,1850,1850,1850,1850,10.60921,22.35229,237.14017,-1.49792,0.22383,-13.23461,-0.02257,-0.06624,0.00525,13.23461,0.00525,44.0
32.56,1784879887.54545,A1850_B1850,1,1850,1850,1850,1850,10.592,22.36,236.83712,-0.15954,-0.27472,-13.64028,0.05214,0.00715,-0.00403,13.64028,-0.00403,44.0
32.58,1784879887.56545,A1850_B1850,1,1850,1850,1850,1850,10.592,22.36,236.83712,-0.29271,-0.7494,-13.01535,0.06102,0.0179,0.02256,13.01535,0.02256,44.0
32.6,1784879887.58545,A1850_B1850,1,1850,1850,1850,1850,10.59262,22.36055,236.85692,-0.67482,-0.41175,-13.59338,0.00239,-0.00142,0.00425,13.59338,0.00425,44.0
32.62,1784879887.60545,A1850_B1850,1,1850,1850,1850,1850,10.60978,22.3758,237.40223,-0.10422,-0.27395,-13.64276,0.02355,0.01334,-0.0058,13.64276,-0.0058,44.0
32.64,1784879887.62545,A1850_B1850,1,1850,1850,1850,1850,10.62693,22.39105,237.94805,0.03769,-0.29258,-13.0167,0.04683,0.0198,0.00665,13.0167,0.00665,44.0
32.66,1784879887.64545,A1850_B1850,1,1850,1850,1850,1850,10.637,22.4,238.2688,-0.79674,-0.58602,-13.33358,0.03811,-0.03173,0.00975,13.33358,0.00975,44.0
32.68,1784879887.66545,A1850_B1850,1,1850,1850,1850,1850,10.637,22.4,238.2688,-1.33517,-0.51511,-14.09755,0.04838,-0.07478,-0.00284,14.09755,-0.00284,44.0
32.7,1784879887.68545,A1850_B1850,1,1850,1850,1850,1850,10.637,22.4,238.2688,-0.90719,-0.2693,-12.78702,0.01152,-0.03739,0.01129,12.78702,0.01129,44.0
32.72,1784879887.70545,A1850_B1850,1,1850,1850,1850,1850,10.61441,22.36668,237.40914,0.2952,-0.73652,-13.46763,0.05819,0.03938,0.00261,13.46763,0.00261,44.0
32.74,1784879887.72545,A1850_B1850,1,1850,1850,1850,1850,10.5903,22.33109,236.49287,-0.24147,-0.20149,-13.33308,0.01521,0.02404,0.0047,13.33308,0.0047,44.0
32.76,1784879887.74545,A1850_B1850,1,1850,1850,1850,1850,10.576,22.31,235.95056,-1.16418,-0.64041,-12.75217,0.01756,-0.06014,0.01038,12.75217,0.01038,44.0
32.78,1784879887.76545,A1850_B1850,1,1850,1850,1850,1850,10.576,22.31,235.95056,-0.73363,-0.328,-13.41174,0.04278,-0.02325,0.00843,13.41174,0.00843,44.0
32.8,1784879887.78545,A1850_B1850,1,1850,1850,1850,1850,10.576,22.31,235.95056,-0.33141,-0.20667,-13.17159,0.03379,0.00176,0.00288,13.17159,0.00288,44.0
32.82,1784879887.80545,A1850_B1850,1,1850,1850,1850,1850,10.57486,22.29861,235.80467,-0.60202,-0.21054,-13.17996,-0.00375,-0.03074,-0.00234,13.17996,-0.00234,44.0
32.84,1784879887.82545,A1850_B1850,1,1850,1850,1850,1850,10.57364,22.28643,235.64877,-0.60702,-0.48521,-13.49457,0.03051,-0.03093,0.01043,13.49457,0.01043,44.0
32.86,1784879887.84545,A1850_B1850,1,1850,1850,1850,1850,10.573,22.28,235.56644,-0.55864,-0.52082,-13.00425,0.04965,-0.0017,0.00293,13.00425,0.00293,44.0
32.88,1784879887.86545,A1850_B1850,1,1850,1850,1850,1850,10.573,22.28,235.56644,-0.38022,-1.09686,-13.03109,0.10864,-0.00633,-0.00434,13.03109,-0.00434,44.0
32.9,1784879887.88545,A1850_B1850,1,1850,1850,1850,1850,10.573,22.28,235.56644,-0.06374,-0.18882,-13.10849,0.00341,0.0248,0.00843,13.10849,0.00843,44.0
32.92,1784879887.90545,A1850_B1850,1,1850,1850,1850,1850,10.57726,22.29065,235.77407,-0.74338,0.64026,-12.86564,-0.0812,-0.00283,0.00943,12.86564,0.00943,44.0
32.94,1784879887.92545,A1850_B1850,1,1850,1850,1850,1850,10.5816,22.30149,235.98539,-0.95723,-0.58147,-13.55105,0.03503,-0.04796,0.00234,13.55105,0.00234,44.0
32.96,1784879887.94545,A1850_B1850,1,1850,1850,1850,1850,10.585,22.31,236.15135,-1.27202,-0.11936,-13.29078,0.03407,-0.08578,0.00052,13.29078,0.00052,44.0
32.98,1784879887.96545,A1850_B1850,1,1850,1850,1850,1850,10.585,22.31,236.15135,-1.33305,-0.04595,-13.41493,7e-05,-0.09629,0.00516,13.41493,0.00516,44.0
33.0,1784879887.98545,A1850_B1850,1,1850,1850,1850,1850,10.58589,22.3109,236.18072,-0.74253,-0.13107,-13.90054,0.00892,-0.01508,0.0212,13.90054,0.0212,44.0
33.02,1784879888.00545,A1850_B1850,1,1850,1850,1850,1850,10.61134,22.33672,237.02251,-1.04044,-0.42625,-12.70859,0.04746,-0.07286,0.00234,12.70859,0.00234,44.0
33.04,1784879888.02545,A1850_B1850,1,1850,1850,1850,1850,10.63679,22.36254,237.86561,-0.96373,0.25443,-13.45111,-0.0221,-0.05525,0.00325,13.45111,0.00325,44.0
33.06,1784879888.04545,A1850_B1850,1,1850,1850,1850,1850,10.654,22.38,238.43652,-0.4161,0.1644,-13.72855,-0.02776,0.01188,0.01943,13.72855,0.01943,44.0
33.08,1784879888.06545,A1850_B1850,1,1850,1850,1850,1850,10.654,22.38,238.43652,0.0981,-0.86165,-12.37124,0.05395,0.04657,0.01579,12.37124,0.01579,44.0
33.1,1784879888.08545,A1850_B1850,1,1850,1850,1850,1850,10.654,22.38,238.43652,0.33111,-0.80575,-13.31446,0.07029,0.07752,0.00657,13.31446,0.00657,44.0
33.12,1784879888.10545,A1850_B1850,1,1850,1850,1850,1850,10.63688,22.3333,237.55649,-0.24668,-0.15757,-13.81115,0.00744,-0.00768,0.00529,13.81115,0.00529,44.0
33.14,1784879888.12545,A1850_B1850,1,1850,1850,1850,1850,10.61952,22.28597,236.66635,-0.00414,-0.25575,-12.6679,-0.00512,0.02529,0.01479,12.6679,0.01479,44.0
33.16,1784879888.14545,A1850_B1850,1,1850,1850,1850,1850,10.61,22.26,236.1786,-0.40329,-0.61438,-12.77125,0.02814,0.00518,0.00593,12.77125,0.00593,44.0
33.18,1784879888.16545,A1850_B1850,1,1850,1850,1850,1850,10.61,22.26,236.1786,-0.81708,0.29301,-14.12789,-0.00657,-0.03842,-0.00675,14.12789,-0.00675,44.0
33.2,1784879888.18545,A1850_B1850,1,1850,1850,1850,1850,10.61,22.26,236.1786,-0.43538,-0.49388,-13.32031,0.05077,-0.00548,0.00674,13.32031,0.00674,44.0
33.22,1784879888.20545,A1850_B1850,1,1850,1850,1850,1850,10.6214,22.35122,237.40128,-0.52068,-0.74264,-12.95863,0.06297,0.00085,0.02311,12.95863,0.02311,44.0
33.24,1784879888.22545,A1850_B1850,1,1850,1850,1850,1850,10.63358,22.44862,238.70914,0.59495,0.29814,-13.48337,-0.0191,0.10487,0.00875,13.48337,0.00875,44.0
33.26,1784879888.24545,A1850_B1850,1,1850,1850,1850,1850,10.64,22.5,239.4,0.14755,-0.79662,-13.26317,0.04863,0.02169,-0.01039,13.26317,-0.01039,44.0
33.28,1784879888.26545,A1850_B1850,1,1850,1850,1850,1850,10.64,22.5,239.4,-0.66591,-0.42944,-13.20262,0.03298,-0.02974,0.00252,13.20262,0.00252,44.0
33.3,1784879888.28545,A1850_B1850,1,1850,1850,1850,1850,10.64,22.5,239.4,-0.35443,-0.42289,-12.90452,0.03669,0.00366,0.01602,12.90452,0.01602,44.0
33.32,1784879888.30545,A1850_B1850,1,1850,1850,1850,1850,10.64474,22.41619,238.61443,-0.55783,-0.269,-13.57491,0.01134,-0.02592,0.01311,13.57491,0.01311,44.0
33.34,1784879888.32545,A1850_B1850,1,1850,1850,1850,1850,10.64963,22.32958,237.80181,-0.03143,-0.55745,-13.28412,0.03569,0.02306,0.00766,13.28412,0.00766,44.0
33.36,1784879888.34545,A1850_B1850,1,1850,1850,1850,1850,10.653,22.27,237.24231,0.00595,-0.19865,-13.04819,0.00453,0.03485,0.0042,13.04819,0.0042,44.0
33.38,1784879888.36545,A1850_B1850,1,1850,1850,1850,1850,10.653,22.27,237.24231,-0.74669,0.83606,-13.87165,-0.07242,-0.02955,0.0182,13.87165,0.0182,44.0
33.4,1784879888.38545,A1850_B1850,1,1850,1850,1850,1850,10.653,22.27,237.24231,-0.84889,-0.3425,-13.12792,0.00581,-0.03175,0.01634,13.12792,0.01634,44.0
33.42,1784879888.40545,A1850_B1850,1,1850,1850,1850,1850,10.61735,22.23082,236.0324,-1.00136,-0.88792,-12.96673,0.06383,-0.0401,-0.00325,12.96673,-0.00325,44.0
33.44,1784879888.42545,A1850_B1850,1,1850,1850,1850,1850,10.58112,22.19101,234.8056,-0.74185,-0.16631,-13.52377,0.0462,-0.04706,-0.00384,13.52377,-0.00384,44.0
33.46,1784879888.44545,A1850_B1850,1,1850,1850,1850,1850,10.562,22.17,234.15954,-0.73834,0.33471,-13.28627,-0.02642,-0.03715,0.00679,13.28627,0.00679,44.0
33.48,1784879888.46545,A1850_B1850,1,1850,1850,1850,1850,10.562,22.17,234.15954,-0.52347,-0.34744,-13.10264,0.00855,-0.01388,0.00488,13.10264,0.00488,44.0
33.5,1784879888.48545,A1850_B1850,1,1850,1850,1850,1850,10.562,22.17,234.15954,-0.71516,-0.56004,-13.8418,0.04224,-0.02419,0.00429,13.8418,0.00429,44.0
33.52,1784879888.50545,A1850_B1850,1,1850,1850,1850,1850,10.57064,22.20006,234.6689,-0.43327,-0.2806,-13.36239,0.01811,-0.01893,0.00684,13.36239,0.00684,44.0
33.54,1784879888.52545,A1850_B1850,1,1850,1850,1850,1850,10.5794,22.23051,235.18542,-0.02776,-0.09202,-12.70733,-0.00212,0.02497,0.02452,12.70733,0.02452,44.0
33.56,1784879888.54545,A1850_B1850,1,1850,1850,1850,1850,10.585,22.25,235.51625,-0.20603,-0.23499,-13.56193,0.00451,0.04167,0.01561,13.56193,0.01561,44.0
33.58,1784879888.56545,A1850_B1850,1,1850,1850,1850,1850,10.585,22.25,235.51625,-0.28295,-0.66649,-13.08218,0.04069,0.00595,-0.00393,13.08218,-0.00393,44.0
33.6,1784879888.58545,A1850_B1850,1,1850,1850,1850,1850,10.58491,22.25079,235.52252,0.01724,0.21353,-13.01068,-0.00979,0.01357,-0.00462,13.01068,-0.00462,44.0
33.62,1784879888.60545,A1850_B1850,1,1850,1850,1850,1850,10.58228,22.27336,235.70278,0.28704,-0.10778,-13.50755,0.00183,0.04375,0.0112,13.50755,0.0112,44.0
33.64,1784879888.62545,A1850_B1850,1,1850,1850,1850,1850,10.57964,22.29593,235.88291,-0.12919,-0.59277,-13.80031,0.03905,0.0294,0.01938,13.80031,0.01938,44.0
33.66,1784879888.64545,A1850_B1850,1,1850,1850,1850,1850,10.578,22.31,235.99518,-0.80054,-0.35408,-13.05402,0.02043,-0.02873,-0.00034,13.05402,-0.00034,44.0
33.68,1784879888.66545,A1850_B1850,1,1850,1850,1850,1850,10.578,22.31,235.99518,-0.75742,0.05934,-13.22752,0.00861,-0.02543,0.00665,13.22752,0.00665,44.0
33.7,1784879888.68545,A1850_B1850,1,1850,1850,1850,1850,10.578,22.31,235.99518,-0.18709,0.0908,-13.26706,-0.02807,0.02406,0.02134,13.26706,0.02134,44.0
33.72,1784879888.70545,A1850_B1850,1,1850,1850,1850,1850,10.66052,22.34785,238.23983,0.10719,-0.12208,-12.9228,0.00087,0.02853,0.01602,12.9228,0.01602,44.0
33.74,1784879888.72545,A1850_B1850,1,1850,1850,1850,1850,10.74444,22.38635,240.52868,-0.36191,-0.79278,-12.62909,0.05496,0.01444,-0.00348,12.62909,-0.00348,44.0
33.76,1784879888.74545,A1850_B1850,1,1850,1850,1850,1850,10.796,22.41,241.93836,-0.57894,-0.2619,-13.60172,0.03039,-0.01755,0.00929,13.60172,0.00929,44.0
33.78,1784879888.76545,A1850_B1850,1,1850,1850,1850,1850,10.796,22.41,241.93836,-0.95927,0.60888,-13.70763,-0.05855,-0.04297,0.02456,13.70763,0.02456,44.0
33.8,1784879888.78545,A1850_B1850,1,1850,1850,1850,1850,10.796,22.41,241.93836,-1.35056,-0.27948,-12.85602,0.00808,-0.09432,-0.0057,12.85602,-0.0057,44.0
33.82,1784879888.80545,A1850_B1850,1,1850,1850,1850,1850,10.72457,22.37318,239.94261,-0.7933,-0.68415,-13.54402,0.06228,-0.03844,-0.00235,13.54402,-0.00235,44.0
33.84,1784879888.82545,A1850_B1850,1,1850,1850,1850,1850,10.65206,22.3358,237.92231,-0.31712,-0.44056,-13.98767,0.04652,-0.0002,0.0077,13.98767,0.0077,44.0
33.86,1784879888.84545,A1850_B1850,1,1850,1850,1850,1850,10.602,22.31,236.53062,-0.71378,-0.08793,-12.62007,0.01166,-0.0166,0.0072,12.62007,0.0072,44.0
33.88,1784879888.86545,A1850_B1850,1,1850,1850,1850,1850,10.602,22.31,236.53062,-0.58821,-0.34113,-13.55121,0.02742,-0.0222,-0.00121,13.55121,-0.00121,44.0
33.9,1784879888.88545,A1850_B1850,1,1850,1850,1850,1850,10.602,22.31,236.53062,0.14714,-1.17174,-13.14962,0.09627,0.03751,-0.00348,13.14962,-0.00348,44.0
33.92,1784879888.90545,A1850_B1850,1,1850,1850,1850,1850,10.62073,22.32387,237.09583,-0.35167,-0.20237,-12.91208,0.01868,0.00404,-0.00348,12.91208,-0.00348,44.0
33.94,1784879888.92545,A1850_B1850,1,1850,1850,1850,1850,10.641,22.33889,237.70817,-0.49988,0.332,-13.32933,-0.02575,-0.03724,0.00425,13.32933,0.00425,44.0
33.96,1784879888.94545,A1850_B1850,1,1850,1850,1850,1850,10.656,22.35,238.1616,-0.9586,-0.55741,-13.40914,0.039,-0.05347,0.00652,13.40914,0.00652,44.0
33.98,1784879888.96545,A1850_B1850,1,1850,1850,1850,1850,10.656,22.35,238.1616,-1.20202,-0.37112,-13.29366,0.04788,-0.06601,0.00111,13.29366,0.00111,44.0
34.0,1784879888.98545,A1850_B1850,1,1850,1850,1850,1850,10.656,22.35,238.1616,-0.7659,0.23143,-13.64734,-0.0042,-0.01412,0.00725,13.64734,0.00725,44.0
34.02,1784879889.00545,A1850_B1850,1,1850,1850,1850,1850,10.59763,22.36536,237.01974,-0.58756,-0.44795,-13.08909,0.01392,-0.02733,0.01493,13.08909,0.01493,44.0
34.04,1784879889.02545,A1850_B1850,1,1850,1850,1850,1850,10.5383,22.38097,235.85742,0.73391,-0.08816,-12.87286,-0.01284,0.10154,0.00648,12.87286,0.00648,44.0
34.06,1784879889.04545,A1850_B1850,1,1850,1850,1850,1850,10.504,22.39,235.18456,0.04648,-0.14624,-13.68008,0.01587,0.04238,-0.00498,13.68008,-0.00498,44.0
34.08,1784879889.06545,A1850_B1850,1,1850,1850,1850,1850,10.504,22.39,235.18456,-1.14089,-0.84036,-13.05496,0.07073,-0.06268,0.00179,13.05496,0.00179,44.0
34.1,1784879889.08545,A1850_B1850,1,1850,1850,1850,1850,10.504,22.39,235.18456,-0.75709,0.32439,-13.46475,-0.05326,-0.04866,0.01225,13.46475,0.01225,44.0
34.12,1784879889.10545,A1850_B1850,1,1850,1850,1850,1850,10.57245,22.46107,237.46859,-0.43795,0.14609,-13.37071,-0.03327,-0.00939,0.00988,13.37071,0.00988,44.0
34.14,1784879889.12545,A1850_B1850,1,1850,1850,1850,1850,10.64564,22.53706,239.92136,-0.11908,-0.64835,-13.05828,0.054,0.00907,-0.00384,13.05828,-0.00384,44.0
34.16,1784879889.14545,A1850_B1850,1,1850,1850,1850,1850,10.687,22.58,241.31246,-0.35554,-0.53112,-13.23783,0.04125,-0.01964,0.01106,13.23783,0.01106,44.0
34.18,1784879889.16545,A1850_B1850,1,1850,1850,1850,1850,10.687,22.58,241.31246,-0.65808,0.71867,-12.35945,-0.07591,-0.01429,0.02347,12.35945,0.02347,44.0
34.2,1784879889.18545,A1850_B1850,1,1850,1850,1850,1850,10.687,22.58,241.31246,-0.9667,-0.04176,-13.82989,0.00989,-0.04551,0.01161,13.82989,0.01161,44.0
34.22,1784879889.20545,A1850_B1850,1,1850,1850,1850,1850,10.65957,22.48203,239.64879,-0.81702,-0.77737,-13.40295,0.07537,-0.03434,-0.01102,13.40295,-0.01102,44.0
34.24,1784879889.22545,A1850_B1850,1,1850,1850,1850,1850,10.63171,22.38254,237.96462,-0.82721,0.01701,-12.68353,-0.00514,-0.04574,-0.00566,12.68353,-0.00566,44.0
34.26,1784879889.24545,A1850_B1850,1,1850,1850,1850,1850,10.617,22.33,237.07761,0.20883,0.01391,-13.16677,-0.01994,0.03864,0.01452,13.16677,0.01452,44.0
34.28,1784879889.26545,A1850_B1850,1,1850,1850,1850,1850,10.617,22.33,237.07761,0.19759,-0.75547,-13.72515,0.05918,0.03799,-0.00134,13.72515,-0.00134,44.0
34.3,1784879889.28545,A1850_B1850,1,1850,1850,1850,1850,10.61688,22.32848,237.05868,0.11718,-1.07968,-12.73404,0.09847,0.02617,-0.01443,12.73404,-0.01443,44.0
34.32,1784879889.30545,A1850_B1850,1,1850,1850,1850,1850,10.61346,22.28672,236.53913,-0.60002,-0.08643,-12.81342,0.01386,-0.01669,0.0067,12.81342,0.0067,44.0
34.34,1784879889.32545,A1850_B1850,1,1850,1850,1850,1850,10.61004,22.24495,236.01988,-0.57998,-0.27084,-13.80068,0.01914,-0.03129,0.01815,13.80068,0.01815,44.0
34.36,1784879889.34545,A1850_B1850,1,1850,1850,1850,1850,10.608,22.22,235.70976,0.59316,-0.52873,-13.06143,0.0331,0.0839,0.00639,13.06143,0.00639,44.0
34.38,1784879889.36545,A1850_B1850,1,1850,1850,1850,1850,10.608,22.22,235.70976,0.50908,-0.52146,-13.04418,0.0391,0.07632,-0.01216,13.04418,-0.01216,44.0
34.4,1784879889.38545,A1850_B1850,1,1850,1850,1850,1850,10.60793,22.22112,235.72008,-0.54698,-0.38271,-12.9261,0.02348,-0.01631,0.00669,12.9261,0.00669,44.0
34.42,1784879889.40545,A1850_B1850,1,1850,1850,1850,1850,10.60602,22.25172,236.0021,-0.62861,0.24864,-13.3224,-0.01629,-0.01911,0.0282,13.3224,0.0282,44.0
34.44,1784879889.42545,A1850_B1850,1,1850,1850,1850,1850,10.60411,22.28231,236.284,-0.69201,-0.03449,-13.81252,0.0036,-0.03846,0.00935,13.81252,0.00935,44.0
34.46,1784879889.44545,A1850_B1850,1,1850,1850,1850,1850,10.603,22.3,236.4469,-0.76072,-0.71864,-13.05839,0.05805,-0.04829,-0.01138,13.05839,-0.01138,44.0
34.48,1784879889.46545,A1850_B1850,1,1850,1850,1850,1850,10.603,22.3,236.4469,-0.53798,-0.40764,-13.16306,0.02126,-0.00571,0.00306,13.16306,0.00306,44.0
34.5,1784879889.48545,A1850_B1850,1,1850,1850,1850,1850,10.60411,22.30014,236.47315,-0.09021,-0.06215,-13.55654,-0.00048,0.02711,0.01161,13.55654,0.01161,44.0
34.52,1784879889.50545,A1850_B1850,1,1850,1850,1850,1850,10.63532,22.30394,237.20948,-0.4389,-0.77698,-12.76076,0.06545,0.00059,0.01329,12.76076,0.01329,44.0
34.54,1784879889.52545,A1850_B1850,1,1850,1850,1850,1850,10.66652,22.30775,237.94604,-1.19481,-0.78215,-13.36736,0.06152,-0.05995,-0.00811,13.36736,-0.00811,44.0
34.56,1784879889.54545,A1850_B1850,1,1850,1850,1850,1850,10.685,22.31,238.38235,-0.60965,-0.27917,-13.23925,0.01121,-0.01781,-0.00444,13.23925,-0.00444,44.0
34.58,1784879889.56545,A1850_B1850,1,1850,1850,1850,1850,10.685,22.31,238.38235,-0.71567,0.53403,-13.34656,-0.05174,-0.04732,0.02092,13.34656,0.02092,44.0
34.6,1784879889.58545,A1850_B1850,1,1850,1850,1850,1850,10.685,22.31,238.38235,-0.59412,-0.73597,-13.37741,0.0532,-0.02389,-0.00415,13.37741,-0.00415,44.0
34.62,1784879889.60545,A1850_B1850,1,1850,1850,1850,1850,10.65982,22.33838,238.12298,-0.1224,-0.79861,-12.43657,0.05834,0.02874,-0.00962,12.43657,-0.00962,44.0
34.64,1784879889.62545,A1850_B1850,1,1850,1850,1850,1850,10.63287,22.36873,237.84392,-0.81206,0.02669,-13.56522,-0.0046,-0.0563,0.00388,13.56522,0.00388,44.0
34.66,1784879889.64545,A1850_B1850,1,1850,1850,1850,1850,10.614,22.39,237.64746,-1.14474,0.10396,-14.29589,-0.03289,-0.0757,0.01215,14.29589,0.01215,44.0
34.68,1784879889.66545,A1850_B1850,1,1850,1850,1850,1850,10.614,22.39,237.64746,-0.43942,-0.45605,-12.05652,0.05076,-0.02199,-0.00502,12.05652,-0.00502,44.0
34.7,1784879889.68545,A1850_B1850,1,1850,1850,1850,1850,10.614,22.39,237.64746,0.17664,-0.70982,-13.18318,0.05639,0.05097,-0.00353,13.18318,-0.00353,44.0
34.72,1784879889.70545,A1850_B1850,1,1850,1850,1850,1850,10.62193,22.40889,238.02577,-0.28718,-0.22416,-13.66873,0.01185,0.01009,0.01397,13.66873,0.01397,44.0
34.74,1784879889.72545,A1850_B1850,1,1850,1850,1850,1850,10.62999,22.42807,238.41014,-0.5033,-0.04536,-12.35664,0.00665,-0.00465,0.01389,12.35664,0.01389,44.0
34.76,1784879889.74545,A1850_B1850,1,1850,1850,1850,1850,10.635,22.44,238.6494,-0.40449,-0.63761,-12.99561,0.05096,-0.01169,-0.00061,12.99561,-0.00061,44.0
34.78,1784879889.76545,A1850_B1850,1,1850,1850,1850,1850,10.635,22.44,238.6494,-0.83499,-0.08827,-13.54437,0.01171,-0.0495,-0.00834,13.54437,-0.00834,44.0
34.8,1784879889.78545,A1850_B1850,1,1850,1850,1850,1850,10.6344,22.43833,238.61827,-0.688,0.54505,-13.02028,-0.06533,-0.03062,0.01678,13.02028,0.01678,44.0
34.82,1784879889.80545,A1850_B1850,1,1850,1850,1850,1850,10.61795,22.39243,237.7618,-1.37698,0.17653,-13.72193,-0.02173,-0.08918,0.00984,13.72193,0.00984,44.0
34.84,1784879889.82545,A1850_B1850,1,1850,1850,1850,1850,10.60151,22.34653,236.90684,-1.28933,-0.79417,-13.58644,0.06676,-0.07653,-0.00066,13.58644,-0.00066,44.0
34.86,1784879889.84545,A1850_B1850,1,1850,1850,1850,1850,10.592,22.32,236.41344,-0.94777,-0.25258,-13.07335,0.03262,-0.03375,0.00756,13.07335,0.00756,44.0
34.88,1784879889.86545,A1850_B1850,1,1850,1850,1850,1850,10.592,22.32,236.41344,-0.69452,-0.01754,-13.46468,0.00257,-0.0371,0.00666,13.46468,0.00666,44.0
34.9,1784879889.88545,A1850_B1850,1,1850,1850,1850,1850,10.59314,22.32266,236.46714,-0.75119,-0.14695,-12.7531,-0.01621,-0.00544,0.01479,12.7531,0.01479,44.0
34.92,1784879889.90545,A1850_B1850,1,1850,1850,1850,1850,10.62452,22.39562,237.94268,-0.91096,0.43103,-13.24328,-0.03057,-0.05522,-0.01106,13.24328,-0.01106,44.0
34.94,1784879889.92545,A1850_B1850,1,1850,1850,1850,1850,10.65589,22.46858,239.4228,-0.30813,-0.51829,-13.41142,0.04758,0.01277,0.01528,13.41142,0.01528,44.0
34.96,1784879889.94545,A1850_B1850,1,1850,1850,1850,1850,10.678,22.52,240.46856,-0.42153,-0.51847,-12.7792,0.02126,0.02799,0.04406,12.7792,0.04406,44.0
34.98,1784879889.96545,A1850_B1850,1,1850,1850,1850,1850,10.678,22.52,240.46856,-0.75305,0.25396,-13.42857,-0.0476,-0.05762,0.00163,13.42857,0.00163,44.0
35.0,1784879889.98545,A1850_B1850,1,1850,1850,1850,1850,10.67854,22.52066,240.48775,-0.07753,-0.60568,-13.04616,0.06161,0.00146,-0.00553,13.04616,-0.00553,44.0
35.02,1784879890.00545,A1850_B1850,1,1850,1850,1850,1850,10.69423,22.53979,241.04574,0.30549,-0.69493,-13.83548,0.04594,0.05461,0.01738,13.83548,0.01738,44.0
35.04,1784879890.02545,A1850_B1850,1,1850,1850,1850,1850,10.70992,22.55893,241.60434,-0.24053,0.00711,-13.8111,-0.01202,0.01823,0.01502,13.8111,0.01502,44.0
35.06,1784879890.04545,A1850_B1850,1,1850,1850,1850,1850,10.719,22.57,241.92783,-0.00223,-0.26038,-12.29884,0.01487,0.03052,0.00789,12.29884,0.00789,44.0
35.08,1784879890.06545,A1850_B1850,1,1850,1850,1850,1850,10.719,22.57,241.92783,0.39604,-1.34299,-13.1063,0.11839,0.07511,0.00806,13.1063,0.00806,44.0
35.1,1784879890.08545,A1850_B1850,1,1850,1850,1850,1850,10.719,22.57,241.92783,-0.06785,-0.78738,-13.60876,0.04814,0.0196,0.00311,13.60876,0.00311,44.0
35.12,1784879890.10545,A1850_B1850,1,1850,1850,1850,1850,10.67524,22.47231,239.89722,-0.27021,0.14917,-12.86018,-0.02147,-0.01465,0.01233,12.86018,0.01233,44.0
35.14,1784879890.12545,A1850_B1850,1,1850,1850,1850,1850,10.63078,22.37309,237.84341,-0.44163,-0.4801,-13.20365,0.0329,-0.00198,-0.00147,13.20365,-0.00147,44.0
35.16,1784879890.14545,A1850_B1850,1,1850,1850,1850,1850,10.607,22.32,236.74824,-0.83997,-0.92624,-14.16053,0.07333,-0.04177,-0.00262,14.16053,-0.00262,44.0
35.18,1784879890.16545,A1850_B1850,1,1850,1850,1850,1850,10.607,22.32,236.74824,-0.77433,-0.20831,-12.88689,0.01922,-0.0372,0.00238,12.88689,0.00238,44.0
35.2,1784879890.18545,A1850_B1850,1,1850,1850,1850,1850,10.60697,22.32067,236.75474,-0.19846,-0.53634,-13.29155,0.02542,0.02365,0.01897,13.29155,0.01897,44.0
35.22,1784879890.20545,A1850_B1850,1,1850,1850,1850,1850,10.60621,22.3398,236.94053,0.37671,-0.46094,-13.30966,0.0232,0.05625,0.00884,13.30966,0.00884,44.0
35.24,1784879890.22545,A1850_B1850,1,1850,1850,1850,1850,10.60544,22.35892,237.12629,0.37459,-0.66462,-13.02898,0.05523,0.06644,-0.00166,13.02898,-0.00166,44.0
35.26,1784879890.24545,A1850_B1850,1,1850,1850,1850,1850,10.605,22.37,237.23385,-0.36852,-0.20623,-13.56042,-0.00405,-0.01462,0.00502,13.56042,0.00502,44.0
35.28,1784879890.26545,A1850_B1850,1,1850,1850,1850,1850,10.605,22.37,237.23385,-0.44132,-0.1849,-12.98071,-0.00754,0.00815,0.02374,12.98071,0.02374,44.0
35.3,1784879890.28545,A1850_B1850,1,1850,1850,1850,1850,10.60519,22.36966,237.23455,-0.22615,-0.44014,-13.14849,0.02605,-0.00114,0.01539,13.14849,0.01539,44.0
35.32,1784879890.30545,A1850_B1850,1,1850,1850,1850,1850,10.61165,22.35826,237.25809,-0.18145,-0.23922,-13.51599,0.03061,0.00053,0.00225,13.51599,0.00225,44.0
35.34,1784879890.32545,A1850_B1850,1,1850,1850,1850,1850,10.61811,22.34686,237.28148,-0.43145,-0.26954,-13.05201,-0.00838,-0.00856,0.02115,13.05201,0.02115,44.0
35.36,1784879890.34545,A1850_B1850,1,1850,1850,1850,1850,10.622,22.34,237.29548,-0.73546,0.203,-13.3615,-0.04657,-0.0166,0.00975,13.3615,0.00975,44.0
35.38,1784879890.36545,A1850_B1850,1,1850,1850,1850,1850,10.622,22.34,237.29548,-0.99352,0.05421,-13.37658,-0.00587,-0.03728,0.02615,13.37658,0.02615,44.0
35.4,1784879890.38545,A1850_B1850,1,1850,1850,1850,1850,10.622,22.34,237.29548,-0.45086,-0.47524,-13.39988,0.044,-0.01748,0.00626,13.39988,0.00626,44.0
35.42,1784879890.40545,A1850_B1850,1,1850,1850,1850,1850,10.61153,22.33612,237.0204,-0.00415,-0.06546,-13.26214,-0.02432,0.04101,0.00933,13.26214,0.00933,44.0
35.44,1784879890.42545,A1850_B1850,1,1850,1850,1850,1850,10.60084,22.33216,236.73978,-0.68999,0.3207,-12.62934,-0.05912,-0.0243,0.02333,12.62934,0.02333,44.0
35.46,1784879890.44545,A1850_B1850,1,1850,1850,1850,1850,10.595,22.33,236.58635,-1.01051,-0.33154,-13.36016,0.03789,-0.07887,-0.00206,13.36016,-0.00206,44.0
35.48,1784879890.46545,A1850_B1850,1,1850,1850,1850,1850,10.595,22.33,236.58635,-0.15019,-0.51714,-13.98945,0.04275,0.02944,0.0042,13.98945,0.0042,44.0
35.5,1784879890.48545,A1850_B1850,1,1850,1850,1850,1850,10.595,22.33,236.58635,-1.00004,-0.47078,-12.45573,0.02543,-0.05184,0.00234,12.45573,0.00234,44.0
35.52,1784879890.50545,A1850_B1850,1,1850,1850,1850,1850,10.6025,22.34875,236.95254,-1.1228,-0.49107,-13.17818,0.04487,-0.06125,0.01442,13.17818,0.01442,44.0
35.54,1784879890.52545,A1850_B1850,1,1850,1850,1850,1850,10.61052,22.36881,237.34474,0.3194,-0.50194,-13.87173,0.04143,0.06653,0.00693,13.87173,0.00693,44.0
35.56,1784879890.54545,A1850_B1850,1,1850,1850,1850,1850,10.615,22.38,237.5637,-0.08611,-0.27453,-12.32533,0.01761,0.01165,-0.0127,12.32533,-0.0127,44.0
35.58,1784879890.56545,A1850_B1850,1,1850,1850,1850,1850,10.615,22.38,237.5637,-0.31469,-0.64615,-12.79745,0.01997,-0.00647,0.01342,12.79745,0.01342,44.0
35.6,1784879890.58545,A1850_B1850,1,1850,1850,1850,1850,10.615,22.38,237.5637,-0.70235,-0.31271,-13.53127,0.03792,-0.02637,0.00398,13.53127,0.00398,44.0
35.62,1784879890.60545,A1850_B1850,1,1850,1850,1850,1850,10.6139,22.37633,237.50006,-1.06777,-0.40581,-12.92596,0.05174,-0.05614,-0.00302,12.92596,-0.00302,44.0
35.64,1784879890.62545,A1850_B1850,1,1850,1850,1850,1850,10.61277,22.37256,237.43474,-0.074,-0.97084,-13.10002,0.06915,0.02277,-0.00425,13.10002,-0.00425,44.0
35.66,1784879890.64545,A1850_B1850,1,1850,1850,1850,1850,10.612,22.37,237.39044,-0.29325,-0.52108,-13.48266,0.03485,0.00168,0.01947,13.48266,0.01947,44.0
35.68,1784879890.66545,A1850_B1850,1,1850,1850,1850,1850,10.612,22.37,237.39044,-0.24735,0.02459,-13.11339,-0.01206,0.00734,0.01107,13.11339,0.01107,44.0
35.7,1784879890.68545,A1850_B1850,1,1850,1850,1850,1850,10.612,22.37,237.39044,-0.34276,-0.13443,-13.33749,-0.00708,0.01071,0.00652,13.33749,0.00652,44.0
35.72,1784879890.70545,A1850_B1850,1,1850,1850,1850,1850,10.60385,22.35447,237.04344,-1.21423,-0.64055,-12.88162,0.05695,-0.07108,0.00729,12.88162,0.00729,44.0
35.74,1784879890.72545,A1850_B1850,1,1850,1850,1850,1850,10.59554,22.33864,236.68991,-0.07949,-0.11833,-13.12965,0.00727,0.03248,0.00598,13.12965,0.00598,44.0
35.76,1784879890.74545,A1850_B1850,1,1850,1850,1850,1850,10.591,22.33,236.49703,-0.41967,-0.06798,-13.44914,-0.03339,-0.00335,0.01633,13.44914,0.01633,44.0
35.78,1784879890.76545,A1850_B1850,1,1850,1850,1850,1850,10.591,22.33,236.49703,-0.75614,-0.36353,-12.99142,-0.00245,-0.06591,-0.01524,12.99142,-0.01524,44.0
35.8,1784879890.78545,A1850_B1850,1,1850,1850,1850,1850,10.591,22.33,236.49703,0.12174,-0.25688,-13.23952,0.03628,0.01858,-0.00385,13.23952,-0.00385,44.0
35.82,1784879890.80545,A1850_B1850,1,1850,1850,1850,1850,10.58472,22.28939,235.92708,-0.24984,-0.34244,-13.09864,0.01512,-0.00395,0.02029,13.09864,0.02029,44.0
35.84,1784879890.82545,A1850_B1850,1,1850,1850,1850,1850,10.57794,22.24547,235.3112,-0.91431,0.13026,-13.79636,-0.01902,-0.04987,0.02011,13.79636,0.02011,44.0
35.86,1784879890.84545,A1850_B1850,1,1850,1850,1850,1850,10.574,22.22,234.95428,-0.75635,0.12712,-13.89463,-0.01263,-0.03503,-0.00156,13.89463,-0.00156,44.0
35.88,1784879890.86545,A1850_B1850,1,1850,1850,1850,1850,10.574,22.22,234.95428,-0.88632,-0.51162,-12.43206,0.02546,-0.04574,0.01029,12.43206,0.01029,44.0
35.9,1784879890.88545,A1850_B1850,1,1850,1850,1850,1850,10.574,22.22,234.95428,-0.17268,-0.13567,-13.22896,-0.01551,0.03013,0.01629,13.22896,0.01629,44.0
35.92,1784879890.90545,A1850_B1850,1,1850,1850,1850,1850,10.59932,22.4262,237.70257,0.21639,0.09689,-13.80445,-0.01972,0.05094,0.00262,13.80445,0.00262,44.0
35.94,1784879890.92545,A1850_B1850,1,1850,1850,1850,1850,10.62654,22.6478,240.66762,-0.55835,-0.4594,-12.40853,0.03136,-0.02026,0.0132,12.40853,0.0132,44.0
35.96,1784879890.94545,A1850_B1850,1,1850,1850,1850,1850,10.644,22.79,242.57676,-1.56751,-0.80165,-13.10613,0.04779,-0.1074,0.01443,13.10613,0.01443,44.0
35.98,1784879890.96545,A1850_B1850,1,1850,1850,1850,1850,10.644,22.79,242.57676,-0.89441,0.12625,-14.03857,-0.02491,-0.05977,-0.00116,14.03857,-0.00116,44.0
36.0,1784879890.98545,A1850_B1850,1,1850,1850,1850,1850,10.644,22.79,242.57676,0.07185,-0.25663,-12.65434,0.00754,0.03109,-0.0078,12.65434,-0.0078,44.0
36.02,1784879891.00545,A1850_B1850,1,1850,1850,1850,1850,10.6078,22.5942,239.67465,-0.10307,-0.83752,-13.14061,0.0451,0.03195,0.01469,13.14061,0.01469,44.0
36.04,1784879891.02545,A1850_B1850,1,1850,1850,1850,1850,10.57096,22.39499,236.73654,-0.04866,-0.38731,-13.2626,0.02907,0.02371,0.00839,13.2626,0.00839,44.0
36.06,1784879891.04545,A1850_B1850,1,1850,1850,1850,1850,10.546,22.26,234.75396,-0.18951,-0.56976,-12.70429,0.0356,0.01917,0.00993,12.70429,0.00993,44.0
36.08,1784879891.06545,A1850_B1850,1,1850,1850,1850,1850,10.546,22.26,234.75396,-0.08329,-0.26611,-13.57145,0.02325,0.00567,-0.00625,13.57145,-0.00625,44.0
36.1,1784879891.08545,A1850_B1850,1,1850,1850,1850,1850,10.5471,22.26384,234.81885,-0.40471,-0.74193,-12.81011,0.04473,-0.01574,-0.01225,12.81011,-0.01225,44.0
36.12,1784879891.10545,A1850_B1850,1,1850,1850,1850,1850,10.57756,22.37027,236.62288,-0.20608,-0.77914,-13.41888,0.05015,0.00684,-0.00244,13.41888,-0.00244,44.0
36.14,1784879891.12545,A1850_B1850,1,1850,1850,1850,1850,10.60802,22.47671,238.43339,-0.83924,-0.16682,-13.64715,-0.00537,-0.04908,0.0152,13.64715,0.0152,44.0
36.16,1784879891.14545,A1850_B1850,1,1850,1850,1850,1850,10.629,22.55,239.68395,-0.70955,-0.80634,-13.07209,0.04567,-0.03939,-0.00211,13.07209,-0.00211,44.0
36.18,1784879891.16545,A1850_B1850,1,1850,1850,1850,1850,10.629,22.55,239.68395,-0.87575,0.03697,-13.35594,0.02994,-0.04024,0.00233,13.35594,0.00233,44.0
36.2,1784879891.18545,A1850_B1850,1,1850,1850,1850,1850,10.62825,22.54627,239.62747,0.1091,-0.80919,-13.19875,0.04032,0.02655,0.00938,13.19875,0.00938,44.0
36.22,1784879891.20545,A1850_B1850,1,1850,1850,1850,1850,10.60606,22.43529,237.94998,-0.1429,-0.15677,-13.82942,-0.01687,0.01073,-0.00416,13.82942,-0.00416,44.0
36.24,1784879891.22545,A1850_B1850,1,1850,1850,1850,1850,10.58386,22.32431,236.27742,-0.67562,-0.16696,-13.21779,0.01004,-0.02932,0.0062,13.21779,0.0062,44.0
36.26,1784879891.24545,A1850_B1850,1,1850,1850,1850,1850,10.571,22.26,235.31046,-0.12387,-0.75615,-12.71046,0.0505,0.01146,0.00975,12.71046,0.00975,44.0
36.28,1784879891.26545,A1850_B1850,1,1850,1850,1850,1850,10.571,22.26,235.31046,0.04424,-0.39207,-13.37159,0.00517,0.04457,0.0018,13.37159,0.0018,44.0
36.3,1784879891.28545,A1850_B1850,1,1850,1850,1850,1850,10.571,22.26,235.31046,-1.06958,0.23904,-14.21196,-0.03525,-0.08282,0.00647,14.21196,0.00647,44.0
36.32,1784879891.30545,A1850_B1850,1,1850,1850,1850,1850,10.5902,22.32278,236.40286,-0.30486,-0.10293,-13.00739,0.02081,-0.00534,0.00775,13.00739,0.00775,44.0
36.34,1784879891.32545,A1850_B1850,1,1850,1850,1850,1850,10.61076,22.39,237.57495,-0.35579,-0.51342,-13.1692,0.03097,-0.01191,0.00057,13.1692,0.00057,44.0
36.36,1784879891.34545,A1850_B1850,1,1850,1850,1850,1850,10.623,22.43,238.27389,-0.65396,0.0456,-13.94605,-0.01324,-0.02088,0.00238,13.94605,0.00238,44.0
36.38,1784879891.36545,A1850_B1850,1,1850,1850,1850,1850,10.623,22.43,238.27389,-0.35961,-0.4322,-12.23922,0.00691,-0.00143,0.01511,12.23922,0.01511,44.0
36.4,1784879891.38545,A1850_B1850,1,1850,1850,1850,1850,10.623,22.43,238.27389,-0.43956,-0.17732,-13.28689,0.01724,-0.00292,0.00153,13.28689,0.00153,44.0
36.42,1784879891.40545,A1850_B1850,1,1850,1850,1850,1850,10.60328,22.37419,237.23976,-0.02311,0.19041,-13.3454,-0.02115,0.02902,0.00115,13.3454,0.00115,44.0
36.44,1784879891.42545,A1850_B1850,1,1850,1850,1850,1850,10.5822,22.31454,236.13699,0.14408,-0.48653,-12.63793,0.02385,0.02822,0.00252,12.63793,0.00252,44.0
36.46,1784879891.44545,A1850_B1850,1,1850,1850,1850,1850,10.57,22.28,235.4996,-0.56042,-0.47623,-13.22621,0.01575,0.01267,0.01102,13.22621,0.01102,44.0
36.48,1784879891.46545,A1850_B1850,1,1850,1850,1850,1850,10.57,22.28,235.4996,-0.27153,-0.47405,-13.33918,0.04323,-0.00642,-0.00193,13.33918,-0.00193,44.0
36.5,1784879891.48545,A1850_B1850,1,1850,1850,1850,1850,10.57,22.28,235.4996,-0.74319,-0.22306,-12.98663,0.02644,-0.03878,-0.00262,12.98663,-0.00262,44.0
36.52,1784879891.50545,A1850_B1850,1,1850,1850,1850,1850,10.62176,22.39012,237.82243,-1.12478,-0.29093,-13.50105,0.0007,-0.06937,0.01011,13.50105,0.01011,44.0
36.54,1784879891.52545,A1850_B1850,1,1850,1850,1850,1850,10.67441,22.50214,240.19704,0.05619,-0.07874,-13.04086,-0.01071,0.03757,-0.00811,13.04086,-0.00811,44.0
36.56,1784879891.54545,A1850_B1850,1,1850,1850,1850,1850,10.711,22.58,241.85438,-0.4907,-0.2776,-12.98525,0.00601,0.00151,0.0002,12.98525,0.0002,44.0
36.58,1784879891.56545,A1850_B1850,1,1850,1850,1850,1850,10.711,22.58,241.85438,-0.49998,-0.87899,-13.36966,0.07326,-0.04369,0.00143,13.36966,0.00143,44.0
36.6,1784879891.58545,A1850_B1850,1,1850,1850,1850,1850,10.70949,22.57619,241.77956,0.14343,-0.1766,-12.84345,-0.00431,0.05948,0.01288,12.84345,0.01288,44.0
36.62,1784879891.60545,A1850_B1850,1,1850,1850,1850,1850,10.66704,22.46911,239.67883,-0.21086,-0.14298,-13.39139,-0.01399,-0.02074,-0.00433,13.39139,-0.00433,44.0
36.64,1784879891.62545,A1850_B1850,1,1850,1850,1850,1850,10.62459,22.36202,237.5872,-0.52207,-0.31399,-13.27219,0.03472,-0.03621,-0.00198,13.27219,-0.00198,44.0
36.66,1784879891.64545,A1850_B1850,1,1850,1850,1850,1850,10.6,22.3,236.38,-0.37772,-0.40333,-13.59975,0.01966,0.0007,0.00824,13.59975,0.00824,44.0
36.68,1784879891.66545,A1850_B1850,1,1850,1850,1850,1850,10.6,22.3,236.38,-0.70615,-0.0149,-13.67751,-0.02792,-0.03477,0.01129,13.67751,0.01129,44.0
36.7,1784879891.68545,A1850_B1850,1,1850,1850,1850,1850,10.60115,22.30013,236.407,-1.01028,-0.03134,-12.38356,-0.00246,-0.04951,0.01693,12.38356,0.01693,44.0
36.72,1784879891.70545,A1850_B1850,1,1850,1850,1850,1850,10.63383,22.3038,237.17486,-0.97613,-0.33864,-13.07847,0.02778,-0.04997,0.00153,13.07847,0.00153,44.0
36.74,1784879891.72545,A1850_B1850,1,1850,1850,1850,1850,10.66651,22.30747,237.94296,-0.84137,-0.02735,-13.95592,-0.00824,-0.03143,0.00193,13.95592,0.00193,44.0
36.76,1784879891.74545,A1850_B1850,1,1850,1850,1850,1850,10.689,22.31,238.47159,0.12508,-0.43376,-12.61139,0.00032,0.02269,0.0012,12.61139,0.0012,44.0
36.78,1784879891.76545,A1850_B1850,1,1850,1850,1850,1850,10.689,22.31,238.47159,-0.24985,-0.10312,-12.87313,-0.00975,-0.00622,0.01288,12.87313,0.01288,44.0
36.8,1784879891.78545,A1850_B1850,1,1850,1850,1850,1850,10.689,22.31,238.47159,-0.69484,0.21802,-14.09476,-0.00449,-0.02438,0.00416,14.09476,0.00416,44.0
36.82,1784879891.80545,A1850_B1850,1,1850,1850,1850,1850,10.64462,22.30241,237.40083,-0.87763,-0.48093,-13.051,0.02628,-0.0476,0.00747,13.051,0.00747,44.0
36.84,1784879891.82545,A1850_B1850,1,1850,1850,1850,1850,10.59718,22.29431,236.25686,-0.33485,-0.51471,-13.07248,0.02211,-0.00994,0.00952,13.07248,0.00952,44.0
36.86,1784879891.84545,A1850_B1850,1,1850,1850,1850,1850,10.572,22.29,235.64988,-0.32384,-0.01838,-13.49508,-7e-05,0.01848,0.00643,13.49508,0.00643,44.0
36.88,1784879891.86545,A1850_B1850,1,1850,1850,1850,1850,10.572,22.29,235.64988,-0.13029,-0.65614,-12.74152,0.03154,0.01994,0.00629,12.74152,0.00629,44.0
36.9,1784879891.88545,A1850_B1850,1,1850,1850,1850,1850,10.572,22.29,235.64988,-0.42174,-0.08531,-13.25496,-0.00851,-0.00646,0.01038,13.25496,0.01038,44.0
36.92,1784879891.90545,A1850_B1850,1,1850,1850,1850,1850,10.65874,22.37887,238.53053,-0.4196,-0.00719,-12.65219,-0.01735,-0.00084,0.01384,12.65219,0.01384,44.0
36.94,1784879891.92545,A1850_B1850,1,1850,1850,1850,1850,10.74674,22.46904,241.46886,-0.97914,-0.32991,-13.41943,0.00764,-0.04717,-0.00093,13.41943,-0.00093,44.0
36.96,1784879891.94545,A1850_B1850,1,1850,1850,1850,1850,10.816,22.54,243.79264,-1.17513,-0.12331,-13.77069,0.00984,-0.08978,-0.01398,13.77069,-0.01398,44.0
36.98,1784879891.96545,A1850_B1850,1,1850,1850,1850,1850,10.816,22.54,243.79264,-0.29791,0.04424,-12.93525,0.00152,-0.00683,0.00669,12.93525,0.00669,44.0
37.0,1784879891.98545,A1850_B1850,1,1850,1850,1850,1850,10.816,22.54,243.79264,0.18649,-0.46279,-13.4475,0.01415,0.03471,0.01584,13.4475,0.01584,44.0
37.02,1784879892.00545,A1850_B1850,1,1850,1850,1850,1850,10.75036,22.48838,241.75821,-0.04563,-0.88355,-13.40902,0.05323,0.01122,0.00184,13.40902,0.00184,44.0
37.04,1784879892.02545,A1850_B1850,1,1850,1850,1850,1850,10.68347,22.43576,239.69178,-0.78384,-0.32342,-13.88442,0.04416,-0.041,-0.00248,13.88442,-0.00248,44.0
37.06,1784879892.04545,A1850_B1850,1,1850,1850,1850,1850,10.638,22.4,238.2912,0.08883,-0.41809,-13.40093,0.01221,0.02327,0.00447,13.40093,0.00447,44.0
37.08,1784879892.06545,A1850_B1850,1,1850,1850,1850,1850,10.638,22.4,238.2912,-0.17832,-0.28745,-12.53921,-0.00866,0.04062,0.00729,12.53921,0.00729,44.0
37.1,1784879892.08545,A1850_B1850,1,1850,1850,1850,1850,10.63791,22.39934,238.28206,-1.01836,-0.20123,-13.33466,0.023,-0.083,-0.00947,13.33466,-0.00947,44.0
37.12,1784879892.10545,A1850_B1850,1,1850,1850,1850,1850,10.63525,22.38036,238.02074,-0.21684,-0.46627,-13.48065,0.0381,-0.00466,0.00792,13.48065,0.00792,44.0
37.14,1784879892.12545,A1850_B1850,1,1850,1850,1850,1850,10.63259,22.36138,237.75953,-0.48941,-0.31855,-13.22114,0.0024,0.01436,0.01298,13.22114,0.01298,44.0
37.16,1784879892.14545,A1850_B1850,1,1850,1850,1850,1850,10.631,22.35,237.60285,-0.67581,-0.45376,-13.20606,0.01927,-0.04017,0.00171,13.20606,0.00171,44.0
37.18,1784879892.16545,A1850_B1850,1,1850,1850,1850,1850,10.631,22.35,237.60285,0.58362,-0.15348,-13.8769,0.00662,0.05934,0.00393,13.8769,0.00393,44.0
37.2,1784879892.18545,A1850_B1850,1,1850,1850,1850,1850,10.631,22.35,237.60285,-0.74809,-0.76955,-12.27544,0.0414,-0.04445,0.00552,12.27544,0.00552,44.0
37.22,1784879892.20545,A1850_B1850,1,1850,1850,1850,1850,10.6178,22.33492,237.14781,-0.99099,0.07882,-13.08953,-0.02068,-0.02241,0.00784,13.08953,0.00784,44.0
37.24,1784879892.22545,A1850_B1850,1,1850,1850,1850,1850,10.60356,22.31863,236.65688,-0.02243,-0.67116,-13.52556,0.05633,0.01766,0.00852,13.52556,0.00852,44.0
37.26,1784879892.24545,A1850_B1850,1,1850,1850,1850,1850,10.596,22.31,236.39676,-0.10552,-0.40977,-12.86777,0.01905,0.00395,2e-05,12.86777,2e-05,44.0
37.28,1784879892.26545,A1850_B1850,1,1850,1850,1850,1850,10.596,22.31,236.39676,-0.5651,0.04151,-13.33772,-0.02911,-0.01278,-0.00248,13.33772,-0.00248,44.0
37.3,1784879892.28545,A1850_B1850,1,1850,1850,1850,1850,10.596,22.31,236.39676,-0.44729,-0.30097,-13.37375,0.01345,-0.01443,0.00602,13.37375,0.00602,44.0
37.32,1784879892.30545,A1850_B1850,1,1850,1850,1850,1850,10.58802,22.32813,236.41075,-0.43788,-0.70213,-13.33103,0.0555,-0.00625,0.00466,13.33103,0.00466,44.0
37.34,1784879892.32545,A1850_B1850,1,1850,1850,1850,1850,10.57992,22.34655,236.42466,0.02281,-0.50381,-13.3185,0.04725,0.03542,0.00275,13.3185,0.00275,44.0
37.36,1784879892.34545,A1850_B1850,1,1850,1850,1850,1850,10.574,22.36,236.43464,-0.53702,-0.13023,-13.27964,-0.00387,-0.02016,0.00561,13.27964,0.00561,44.0
37.38,1784879892.36545,A1850_B1850,1,1850,1850,1850,1850,10.574,22.36,236.43464,-0.19436,-0.38037,-12.87319,0.01259,0.00869,0.01115,12.87319,0.01115,44.0
37.4,1784879892.38545,A1850_B1850,1,1850,1850,1850,1850,10.574,22.36,236.43464,0.29652,0.23039,-13.25225,-0.03568,0.08559,0.00016,13.25225,0.00016,44.0
37.42,1784879892.40545,A1850_B1850,1,1850,1850,1850,1850,10.58104,22.3287,236.26092,-1.20912,-0.33815,-12.91337,0.03011,-0.08983,0.00733,12.91337,0.00733,44.0
37.44,1784879892.42545,A1850_B1850,1,1850,1850,1850,1850,10.58821,22.29686,236.08375,-0.98407,-0.49094,-13.4408,0.0452,-0.08209,0.00666,13.4408,0.00666,44.0
37.46,1784879892.44545,A1850_B1850,1,1850,1850,1850,1850,10.592,22.28,235.98976,-0.19615,-0.31239,-13.18581,0.00154,0.02894,0.00011,13.18581,0.00011,44.0
37.48,1784879892.46545,A1850_B1850,1,1850,1850,1850,1850,10.592,22.28,235.98976,0.15623,-0.51664,-13.12037,0.03658,0.0205,-0.01075,13.12037,-0.01075,44.0
37.5,1784879892.48545,A1850_B1850,1,1850,1850,1850,1850,10.592,22.28,235.98976,-0.6424,-0.6908,-13.33658,0.05279,-0.05407,-0.00189,13.33658,-0.00189,44.0
37.52,1784879892.50545,A1850_B1850,1,1850,1850,1850,1850,10.60046,22.28,236.17821,-0.80854,-0.35199,-12.47917,0.00945,-0.02817,0.01542,12.47917,0.01542,44.0
37.54,1784879892.52545,A1850_B1850,1,1850,1850,1850,1850,10.60906,22.28,236.36982,-0.76728,-0.31137,-13.78807,0.01887,-0.04355,0.00871,13.78807,0.00871,44.0
37.56,1784879892.54545,A1850_B1850,1,1850,1850,1850,1850,10.615,22.28,236.5022,-0.84282,-0.60404,-13.54825,0.04941,-0.04811,0.00089,13.54825,0.00089,44.0
37.58,1784879892.56545,A1850_B1850,1,1850,1850,1850,1850,10.615,22.28,236.5022,-0.1768,-0.0866,-12.75573,-0.01304,0.004,0.00029,12.75573,0.00029,44.0
37.6,1784879892.58545,A1850_B1850,1,1850,1850,1850,1850,10.61483,22.2804,236.50258,-0.67787,-0.14982,-13.21208,0.00123,-0.02113,0.00902,13.21208,0.00902,44.0
37.62,1784879892.60545,A1850_B1850,1,1850,1850,1850,1850,10.60986,22.29187,236.51354,-0.42828,-0.4297,-13.7658,0.02537,0.00874,0.00302,13.7658,0.00302,44.0
37.64,1784879892.62545,A1850_B1850,1,1850,1850,1850,1850,10.60489,22.30334,236.52438,-0.00233,-0.85594,-12.5707,0.06654,0.00713,0.00052,12.5707,0.00052,44.0
37.66,1784879892.64545,A1850_B1850,1,1850,1850,1850,1850,10.602,22.31,236.53062,0.04411,-0.20729,-13.1495,0.02495,0.0347,0.00361,13.1495,0.00361,44.0
37.68,1784879892.66545,A1850_B1850,1,1850,1850,1850,1850,10.602,22.31,236.53062,-0.41314,-0.65556,-13.87363,0.03496,-0.01081,0.01302,13.87363,0.01302,44.0
37.7,1784879892.68545,A1850_B1850,1,1850,1850,1850,1850,10.602,22.31,236.53062,-0.66576,-0.16216,-12.57922,-0.0085,-0.00689,0.01398,12.57922,0.01398,44.0
37.72,1784879892.70545,A1850_B1850,1,1850,1850,1850,1850,10.65665,22.29141,237.55178,-0.64126,0.31501,-13.70561,-0.01658,-0.01873,-0.0027,13.70561,-0.0027,44.0
37.74,1784879892.72545,A1850_B1850,1,1850,1850,1850,1850,10.71637,22.2711,238.66539,-1.39274,-0.29332,-12.97973,0.01173,-0.08267,0.00179,12.97973,0.00179,44.0
37.76,1784879892.74545,A1850_B1850,1,1850,1850,1850,1850,10.749,22.26,239.27274,-1.13138,-0.07316,-12.87469,-0.0037,-0.04745,0.00993,12.87469,0.00993,44.0
37.78,1784879892.76545,A1850_B1850,1,1850,1850,1850,1850,10.749,22.26,239.27274,-0.68938,-0.22181,-13.60288,0.01727,-0.03197,0.00148,13.60288,0.00148,44.0
37.8,1784879892.78545,A1850_B1850,1,1850,1850,1850,1850,10.749,22.26,239.27274,-0.28253,-0.13789,-13.14609,0.00462,-0.01575,6e-05,13.14609,6e-05,44.0
37.82,1784879892.80545,A1850_B1850,1,1850,1850,1850,1850,10.68196,22.29297,238.13265,-0.0881,-0.29021,-13.68889,0.00697,0.00448,0.01056,13.68889,0.01056,44.0
37.84,1784879892.82545,A1850_B1850,1,1850,1850,1850,1850,10.61387,22.32646,236.97017,0.29909,-0.23664,-13.35473,0.00561,0.05614,0.01661,13.35473,0.01661,44.0
37.86,1784879892.84545,A1850_B1850,1,1850,1850,1850,1850,10.566,22.35,236.1501,-0.73467,-0.449,-13.53377,0.03614,-0.0381,-0.00024,13.53377,-0.00024,44.0
37.88,1784879892.86545,A1850_B1850,1,1850,1850,1850,1850,10.566,22.35,236.1501,-1.11529,-0.37002,-13.39961,0.03697,-0.03676,0.0007,13.39961,0.0007,44.0
37.9,1784879892.88545,A1850_B1850,1,1850,1850,1850,1850,10.56686,22.35012,236.17066,0.08636,0.06848,-12.88554,-0.01959,0.02709,0.00561,12.88554,0.00561,44.0
37.92,1784879892.90545,A1850_B1850,1,1850,1850,1850,1850,10.59171,22.35367,236.76368,-0.32242,-0.58927,-13.09422,0.01699,-0.01876,0.00575,13.09422,0.00575,44.0
37.94,1784879892.92545,A1850_B1850,1,1850,1850,1850,1850,10.61656,22.35722,237.35687,-1.17717,-0.23507,-13.39134,0.02166,-0.06632,-0.00375,13.39134,-0.00375,44.0
37.96,1784879892.94545,A1850_B1850,1,1850,1850,1850,1850,10.636,22.36,237.82096,-0.86126,-0.48432,-12.58285,0.03392,-0.05103,-0.0003,12.58285,-0.0003,44.0
37.98,1784879892.96545,A1850_B1850,1,1850,1850,1850,1850,10.636,22.36,237.82096,0.10902,-0.11952,-13.55694,-0.01096,0.03172,0.01156,13.55694,0.01156,44.0
38.0,1784879892.98545,A1850_B1850,1,1850,1850,1850,1850,10.63667,22.362,237.85717,-0.83788,-0.05186,-14.04838,-0.01317,-0.04405,0.0068,14.04838,0.0068,44.0
38.02,1784879893.00545,A1850_B1850,1,1850,1850,1850,1850,10.65965,22.43096,239.10618,-0.75059,-1.04598,-12.53867,0.07929,-0.01814,-0.0032,12.53867,-0.0032,44.0
38.04,1784879893.02545,A1850_B1850,1,1850,1850,1850,1850,10.68264,22.49991,240.35837,-0.40448,-0.30444,-13.38994,0.0236,-0.00969,0.00765,13.38994,0.00765,44.0
38.06,1784879893.04545,A1850_B1850,1,1850,1850,1850,1850,10.696,22.54,241.08784,-0.28798,0.28281,-13.49196,-0.03065,-0.00425,0.01615,13.49196,0.01615,44.0
38.08,1784879893.06545,A1850_B1850,1,1850,1850,1850,1850,10.696,22.54,241.08784,-0.74516,-0.54088,-12.79518,0.01839,-0.00583,0.00748,12.79518,0.00748,44.0
38.1,1784879893.08545,A1850_B1850,1,1850,1850,1850,1850,10.696,22.54,241.08784,-0.89454,-0.9814,-13.46858,0.08799,-0.06258,-0.00938,13.46858,-0.00938,44.0
38.12,1784879893.10545,A1850_B1850,1,1850,1850,1850,1850,10.68234,22.50677,240.42498,-0.10511,-0.15892,-13.26705,0.0023,0.0083,-0.00498,13.26705,-0.00498,44.0
38.14,1784879893.12545,A1850_B1850,1,1850,1850,1850,1850,10.66771,22.47118,239.71599,-0.03755,0.34033,-13.00056,-0.05611,0.02553,0.00756,13.00056,0.00756,44.0
38.16,1784879893.14545,A1850_B1850,1,1850,1850,1850,1850,10.659,22.45,239.29455,-1.15615,-0.38929,-13.51824,0.02892,-0.07196,0.00898,13.51824,0.00898,44.0
38.18,1784879893.16545,A1850_B1850,1,1850,1850,1850,1850,10.659,22.45,239.29455,-0.58566,-0.83161,-13.44916,0.0611,-0.02274,0.00234,13.44916,0.00234,44.0
38.2,1784879893.18545,A1850_B1850,1,1850,1850,1850,1850,10.659,22.45,239.29455,-0.26194,-0.05444,-12.82897,0.00841,0.00621,-0.00102,12.82897,-0.00102,44.0
38.22,1784879893.20545,A1850_B1850,1,1850,1850,1850,1850,10.63929,22.33249,237.60175,-0.37634,-0.24453,-13.61248,0.02491,-0.00973,0.01397,13.61248,0.01397,44.0
38.24,1784879893.22545,A1850_B1850,1,1850,1850,1850,1850,10.61818,22.20667,235.79451,-0.74605,-0.76187,-12.83874,0.02906,-0.01111,0.00848,12.83874,0.00848,44.0
38.26,1784879893.24545,A1850_B1850,1,1850,1850,1850,1850,10.607,22.14,234.83898,-0.9439,-0.01373,-13.02886,0.00507,-0.03777,-0.01765,13.02886,-0.01765,44.0
38.28,1784879893.26545,A1850_B1850,1,1850,1850,1850,1850,10.607,22.14,234.83898,-0.68775,-0.29075,-13.18026,0.03168,-0.04597,0.00332,13.18026,0.00332,44.0
38.3,1784879893.28545,A1850_B1850,1,1850,1850,1850,1850,10.607,22.14,234.83898,-0.188,-0.83742,-13.20611,0.0268,0.0189,0.03006,13.20611,0.03006,44.0
38.32,1784879893.30545,A1850_B1850,1,1850,1850,1850,1850,10.61693,22.24301,236.15256,-0.31496,-0.2635,-13.36555,0.01784,-0.00676,-0.00618,13.36555,-0.00618,44.0
38.34,1784879893.32545,A1850_B1850,1,1850,1850,1850,1850,10.62703,22.34774,237.49018,-0.75303,-0.60564,-12.94393,0.06899,-0.05163,-0.00767,12.94393,-0.00767,44.0
38.36,1784879893.34545,A1850_B1850,1,1850,1850,1850,1850,10.634,22.42,238.41428,-0.53459,-0.76099,-13.05894,0.0474,-0.02158,0.0156,13.05894,0.0156,44.0
38.38,1784879893.36545,A1850_B1850,1,1850,1850,1850,1850,10.634,22.42,238.41428,-0.30566,-0.05584,-12.93492,-0.01914,0.00161,0.00762,12.93492,0.00762,44.0
38.4,1784879893.38545,A1850_B1850,1,1850,1850,1850,1850,10.63423,22.41748,238.39252,-0.71289,-0.42685,-12.49797,0.02316,-0.01814,0.00661,12.49797,0.00661,44.0
38.42,1784879893.40545,A1850_B1850,1,1850,1850,1850,1850,10.64073,22.34481,237.765,-0.17723,-0.80978,-13.44908,0.07059,0.02523,0.00675,13.44908,0.00675,44.0
38.44,1784879893.42545,A1850_B1850,1,1850,1850,1850,1850,10.64723,22.27213,237.13654,-0.52574,0.10147,-13.61566,-0.00857,-0.02562,0.02042,13.61566,0.02042,44.0
38.46,1784879893.44545,A1850_B1850,1,1850,1850,1850,1850,10.651,22.23,236.77173,-0.7282,0.1824,-12.7306,-0.04303,-0.03493,0.00598,12.7306,0.00598,44.0
38.48,1784879893.46545,A1850_B1850,1,1850,1850,1850,1850,10.651,22.23,236.77173,-0.20839,-0.37113,-13.25702,0.00467,0.00819,0.00052,13.25702,0.00052,44.0
38.5,1784879893.48545,A1850_B1850,1,1850,1850,1850,1850,10.651,22.23,236.77173,-0.24921,-0.54343,-13.87,0.05731,-0.01163,0.00747,13.87,0.00747,44.0
38.52,1784879893.50545,A1850_B1850,1,1850,1850,1850,1850,10.63844,22.24047,236.60385,-1.45282,0.42247,-12.84349,-0.01571,-0.09357,0.0072,12.84349,0.0072,44.0
38.54,1784879893.52545,A1850_B1850,1,1850,1850,1850,1850,10.62458,22.25202,236.41833,-1.4391,-0.17391,-13.36388,-0.00423,-0.08794,0.02428,13.36388,0.02428,44.0
38.56,1784879893.54545,A1850_B1850,1,1850,1850,1850,1850,10.615,22.26,236.2899,-0.5717,-0.51086,-12.85028,0.03968,-0.01741,0.00249,12.85028,0.00249,44.0
38.58,1784879893.56545,A1850_B1850,1,1850,1850,1850,1850,10.615,22.26,236.2899,-0.42759,0.06436,-12.63985,-0.00614,0.0018,-0.00625,12.63985,-0.00625,44.0
38.6,1784879893.58545,A1850_B1850,1,1850,1850,1850,1850,10.61497,22.25909,236.27968,0.03659,-0.40735,-13.17496,0.02072,0.00435,0.00047,13.17496,0.00047,44.0
38.62,1784879893.60545,A1850_B1850,1,1850,1850,1850,1850,10.61421,22.23232,235.9785,-0.1176,-0.48719,-12.87652,0.01262,0.00503,0.01024,12.87652,0.01024,44.0
38.64,1784879893.62545,A1850_B1850,1,1850,1850,1850,1850,10.61344,22.20555,235.67736,0.23007,-0.36636,-13.44827,0.01805,0.05832,0.01406,13.44827,0.01406,44.0
38.66,1784879893.64545,A1850_B1850,1,1850,1850,1850,1850,10.613,22.19,235.50247,-0.83159,-0.60221,-13.35366,0.0763,-0.05571,-0.00479,13.35366,-0.00479,44.0
38.68,1784879893.66545,A1850_B1850,1,1850,1850,1850,1850,10.613,22.19,235.50247,-0.66893,-0.49637,-13.61965,0.01756,-0.04454,0.01192,13.61965,0.01192,44.0
38.7,1784879893.68545,A1850_B1850,1,1850,1850,1850,1850,10.613,22.19,235.50247,0.17292,0.43492,-13.24249,-0.06091,0.05035,0.01234,13.24249,0.01234,44.0
38.72,1784879893.70545,A1850_B1850,1,1850,1850,1850,1850,10.63753,22.22154,236.38232,-0.43749,-0.70192,-12.88416,0.04835,-0.01247,0.01361,12.88416,0.01361,44.0
38.74,1784879893.72545,A1850_B1850,1,1850,1850,1850,1850,10.6638,22.25532,237.32626,-0.70221,-1.11494,-13.14399,0.09397,-0.02098,0.00448,13.14399,0.00448,44.0
38.76,1784879893.74545,A1850_B1850,1,1850,1850,1850,1850,10.683,22.28,238.01724,-0.5033,0.17895,-13.09653,-0.03096,-0.01056,0.01002,13.09653,0.01002,44.0
38.78,1784879893.76545,A1850_B1850,1,1850,1850,1850,1850,10.683,22.28,238.01724,-0.43864,-0.27579,-12.65513,-0.00443,-0.00279,0.01561,12.65513,0.01561,44.0
38.8,1784879893.78545,A1850_B1850,1,1850,1850,1850,1850,10.68304,22.27814,237.99823,-0.13245,-0.80815,-13.30196,0.06158,0.03069,0.00571,13.30196,0.00571,44.0
38.82,1784879893.80545,A1850_B1850,1,1850,1850,1850,1850,10.68418,22.22082,237.41136,0.12586,-0.78737,-13.81624,0.05771,0.01223,-0.00752,13.81624,-0.00752,44.0
38.84,1784879893.82545,A1850_B1850,1,1850,1850,1850,1850,10.68533,22.16351,236.82437,-0.56357,-0.09996,-12.38156,-0.00313,-0.01914,0.01114,12.38156,0.01114,44.0
38.86,1784879893.84545,A1850_B1850,1,1850,1850,1850,1850,10.686,22.13,236.48118,-1.27498,-0.64547,-13.18757,0.05075,-0.08621,0.01211,13.18757,0.01211,44.0
38.88,1784879893.86545,A1850_B1850,1,1850,1850,1850,1850,10.686,22.13,236.48118,-0.02809,-0.88502,-13.78985,0.07147,0.03658,0.00898,13.78985,0.00898,44.0
38.9,1784879893.88545,A1850_B1850,1,1850,1850,1850,1850,10.68595,22.13351,236.51757,0.22959,-0.32301,-12.54631,0.01587,0.02938,-0.01465,12.54631,-0.01465,44.0
38.92,1784879893.90545,A1850_B1850,1,1850,1850,1850,1850,10.68449,22.23575,237.5776,0.08488,-0.36391,-13.14791,0.00179,0.02275,0.01482,13.14791,0.01482,44.0
38.94,1784879893.92545,A1850_B1850,1,1850,1850,1850,1850,10.68303,22.33798,238.63733,0.03928,-0.33968,-13.06099,0.02023,0.02349,0.01394,13.06099,0.01394,44.0
38.96,1784879893.94545,A1850_B1850,1,1850,1850,1850,1850,10.682,22.41,239.38362,-0.5115,-0.22404,-13.33013,0.02238,-0.0264,0.0028,13.33013,0.0028,44.0
38.98,1784879893.96545,A1850_B1850,1,1850,1850,1850,1850,10.682,22.41,239.38362,-0.45163,-0.72564,-13.60303,0.05391,-0.01935,-0.00489,13.60303,-0.00489,44.0
39.0,1784879893.98545,A1850_B1850,1,1850,1850,1850,1850,10.682,22.41,239.38362,-1.18271,-0.24968,-12.9291,0.01018,-0.07089,0.01283,12.9291,0.01283,44.0
39.02,1784879894.00545,A1850_B1850,1,1850,1850,1850,1850,10.63093,22.33057,237.39479,-0.25754,0.42622,-13.09559,-0.0341,0.00316,0.01466,13.09559,0.01466,44.0
39.04,1784879894.02545,A1850_B1850,1,1850,1850,1850,1850,10.57619,22.2454,235.27158,-0.14795,-0.54688,-13.34641,0.03547,-0.00163,0.00502,13.34641,0.00502,44.0
39.06,1784879894.04545,A1850_B1850,1,1850,1850,1850,1850,10.547,22.2,234.1434,-1.23513,-0.8903,-12.97809,0.07314,-0.05036,0.00406,12.97809,0.00406,44.0
39.08,1784879894.06545,A1850_B1850,1,1850,1850,1850,1850,10.547,22.2,234.1434,0.04612,-0.19704,-12.94312,0.02264,0.02375,0.01456,12.94312,0.01456,44.0
39.1,1784879894.08545,A1850_B1850,1,1850,1850,1850,1850,10.547,22.2,234.1434,0.25534,-0.27559,-13.05798,0.00261,0.04208,0.02215,13.05798,0.02215,44.0
39.12,1784879894.10545,A1850_B1850,1,1850,1850,1850,1850,10.60935,22.33167,236.92441,-0.27691,-0.22889,-13.08826,0.00301,0.01609,-0.01278,13.08826,-0.01278,44.0
39.14,1784879894.12545,A1850_B1850,1,1850,1850,1850,1850,10.67309,22.46627,239.78449,-0.0802,-0.57576,-13.37514,0.04981,0.01135,-0.00572,13.37514,-0.00572,44.0
39.16,1784879894.14545,A1850_B1850,1,1850,1850,1850,1850,10.708,22.54,241.35832,-0.64896,-0.44073,-12.17822,0.03335,-0.03044,0.00724,12.17822,0.00724,44.0
39.18,1784879894.16545,A1850_B1850,1,1850,1850,1850,1850,10.708,22.54,241.35832,-1.22236,-0.14808,-13.36037,0.00902,-0.08158,0.01106,13.36037,0.01106,44.0
39.2,1784879894.18545,A1850_B1850,1,1850,1850,1850,1850,10.708,22.54,241.35832,-0.77361,-0.61086,-13.70456,0.05544,-0.00879,0.00611,13.70456,0.00611,44.0
39.22,1784879894.20545,A1850_B1850,1,1850,1850,1850,1850,10.65517,22.36636,238.31732,-0.85949,-0.21578,-12.74832,0.01332,-0.04961,0.00375,12.74832,0.00375,44.0
39.24,1784879894.22545,A1850_B1850,1,1850,1850,1850,1850,10.60148,22.1899,235.24583,0.07044,0.25937,-13.2394,-0.04678,0.01907,0.01897,13.2394,0.01897,44.0
39.26,1784879894.24545,A1850_B1850,1,1850,1850,1850,1850,10.565,22.07,233.16955,0.82754,0.00099,-13.55784,-0.02169,0.09754,0.00421,13.55784,0.00421,44.0
39.28,1784879894.26545,A1850_B1850,1,1850,1850,1850,1850,10.565,22.07,233.16955,-0.42966,-1.37818,-12.71352,0.13157,-0.01362,-0.0092,12.71352,-0.0092,44.0
39.3,1784879894.28545,A1850_B1850,1,1850,1850,1850,1850,10.565,22.07,233.16955,-0.82042,-0.79371,-12.85798,0.06767,-0.06642,0.00783,12.85798,0.00783,44.0
39.32,1784879894.30545,A1850_B1850,1,1850,1850,1850,1850,10.61115,22.12769,234.80018,-0.22604,0.52134,-13.75716,-0.07087,-0.00301,0.01275,13.75716,0.01275,44.0
39.34,1784879894.32545,A1850_B1850,1,1850,1850,1850,1850,10.65743,22.18554,236.4408,-0.33592,0.2634,-13.30627,-0.04538,0.00081,0.01175,13.30627,0.01175,44.0
39.36,1784879894.34545,A1850_B1850,1,1850,1850,1850,1850,10.685,22.22,237.4207,-0.81335,-0.39278,-13.12085,0.01781,-0.04722,0.00689,13.12085,0.00689,44.0
39.38,1784879894.36545,A1850_B1850,1,1850,1850,1850,1850,10.685,22.22,237.4207,-0.56423,0.04256,-12.8999,-0.00637,0.00258,0.00089,12.8999,0.00089,44.0
39.4,1784879894.38545,A1850_B1850,1,1850,1850,1850,1850,10.68406,22.22062,237.40643,-0.78857,0.13946,-13.31374,-0.01599,-0.02762,0.02037,13.31374,0.02037,44.0
39.42,1784879894.40545,A1850_B1850,1,1850,1850,1850,1850,10.65616,22.23898,236.982,-0.95214,-0.08705,-13.42528,-0.01476,-0.04043,0.02498,13.42528,0.02498,44.0
39.44,1784879894.42545,A1850_B1850,1,1850,1850,1850,1850,10.62825,22.25733,236.55655,-0.10812,-0.281,-12.62253,0.01018,-0.00367,-0.01178,12.62253,-0.01178,44.0
39.46,1784879894.44545,A1850_B1850,1,1850,1850,1850,1850,10.609,22.27,236.26243,-0.10371,0.09739,-13.52747,-0.01033,0.01398,-0.00935,13.52747,-0.00935,44.0
39.48,1784879894.46545,A1850_B1850,1,1850,1850,1850,1850,10.609,22.27,236.26243,0.14685,-0.47056,-13.08343,0.00618,0.04924,0.04086,13.08343,0.04086,44.0
39.5,1784879894.48545,A1850_B1850,1,1850,1850,1850,1850,10.609,22.27,236.26243,-0.65177,-0.35623,-13.10515,0.03818,-0.02669,0.01668,13.10515,0.01668,44.0
39.52,1784879894.50545,A1850_B1850,1,1850,1850,1850,1850,10.63041,22.33384,237.41777,-1.07227,-0.1705,-13.77712,0.02616,-0.07437,-0.01301,13.77712,-0.01301,44.0
39.54,1784879894.52544,A1850_B1850,1,1850,1850,1850,1850,10.65339,22.40239,238.66145,0.08467,-1.15041,-12.9572,0.07453,0.04722,0.01241,12.9572,0.01241,44.0
39.56,1784879894.54544,A1850_B1850,1,1850,1850,1850,1850,10.666,22.44,239.34504,-0.27097,-0.02646,-13.28815,-0.01378,0.02016,0.00762,13.28815,0.00762,44.0
39.58,1784879894.56544,A1850_B1850,1,1850,1850,1850,1850,10.666,22.44,239.34504,-0.64885,-0.0499,-13.43688,0.00721,-0.02368,-0.00729,13.43688,-0.00729,44.0
39.6,1784879894.58544,A1850_B1850,1,1850,1850,1850,1850,10.666,22.44,239.34504,0.46295,-0.95959,-12.39314,0.07421,0.07328,-0.00507,12.39314,-0.00507,44.0
39.62,1784879894.60544,A1850_B1850,1,1850,1850,1850,1850,10.64632,22.37945,238.25876,-0.4185,-0.67663,-12.92628,0.04468,-0.03497,0.00733,12.92628,0.00733,44.0
39.64,1784879894.62544,A1850_B1850,1,1850,1850,1850,1850,10.6252,22.31447,237.09581,-0.46674,0.52021,-14.20357,-0.05502,-0.01419,0.01593,14.20357,0.01593,44.0
39.66,1784879894.64544,A1850_B1850,1,1850,1850,1850,1850,10.614,22.28,236.47992,-0.42856,-0.33516,-13.01621,0.00828,-0.00292,0.00285,13.01621,0.00285,44.0
39.68,1784879894.66544,A1850_B1850,1,1850,1850,1850,1850,10.614,22.28,236.47992,-0.83834,-0.28224,-13.29767,0.02134,-0.04281,-0.00225,13.29767,-0.00225,44.0
39.7,1784879894.68544,A1850_B1850,1,1850,1850,1850,1850,10.61625,22.28098,236.54038,-0.52514,0.05392,-14.26719,0.00434,-0.02076,0.00215,14.26719,0.00215,44.0
39.72,1784879894.70544,A1850_B1850,1,1850,1850,1850,1850,10.69237,22.31407,238.59038,-1.35067,-0.31154,-12.76136,0.02209,-0.08202,0.01974,12.76136,0.01974,44.0
39.74,1784879894.72544,A1850_B1850,1,1850,1850,1850,1850,10.7685,22.34717,240.64543,-0.38125,-0.14495,-13.07383,0.00067,0.00746,0.01294,13.07383,0.01294,44.0
39.76,1784879894.74544,A1850_B1850,1,1850,1850,1850,1850,10.821,22.37,242.06577,0.04773,-0.54414,-13.08396,0.03263,0.04003,0.00489,13.08396,0.00489,44.0
39.78,1784879894.76544,A1850_B1850,1,1850,1850,1850,1850,10.821,22.37,242.06577,-1.12838,-0.09046,-13.09031,-0.01036,-0.07967,-0.00961,13.09031,-0.00961,44.0
39.8,1784879894.78544,A1850_B1850,1,1850,1850,1850,1850,10.81874,22.37024,242.01786,-1.30675,0.15742,-13.58964,-0.05433,-0.07327,0.02127,13.58964,0.02127,44.0
39.82,1784879894.80544,A1850_B1850,1,1850,1850,1850,1850,10.75008,22.37767,240.56167,-0.53423,0.00176,-12.66239,-0.01388,-0.01386,0.01916,12.66239,0.01916,44.0
39.84,1784879894.82544,A1850_B1850,1,1850,1850,1850,1850,10.68142,22.38509,239.10446,-0.8497,-0.70139,-13.4347,0.08773,-0.05557,-0.0061,13.4347,-0.0061,44.0
39.86,1784879894.84544,A1850_B1850,1,1850,1850,1850,1850,10.636,22.39,238.14004,-1.06264,-0.59995,-13.24805,0.02235,-0.05421,0.01995,13.24805,0.01995,44.0
39.88,1784879894.86544,A1850_B1850,1,1850,1850,1850,1850,10.636,22.39,238.14004,0.19699,0.83568,-13.12157,-0.09488,0.04524,0.00713,13.12157,0.00713,44.0
39.9,1784879894.88544,A1850_B1850,1,1850,1850,1850,1850,10.63514,22.38825,238.10208,-0.63117,-0.30313,-13.47745,0.02905,-0.00883,0.00979,13.47745,0.00979,44.0
39.92,1784879894.90544,A1850_B1850,1,1850,1850,1850,1850,10.60982,22.33687,236.99009,-0.66525,-1.14097,-12.95799,0.1059,-0.02139,-0.00987,12.95799,-0.00987,44.0
39.94,1784879894.92544,A1850_B1850,1,1850,1850,1850,1850,10.58449,22.2855,235.88071,-0.05311,-0.52387,-12.99062,0.02435,0.00442,0.0036,12.99062,0.0036,44.0
39.96,1784879894.94544,A1850_B1850,1,1850,1850,1850,1850,10.567,22.25,235.11575,-0.62176,0.29008,-13.57643,-0.04423,-0.02758,0.0211,13.57643,0.0211,44.0
39.98,1784879894.96544,A1850_B1850,1,1850,1850,1850,1850,10.567,22.25,235.11575,-0.67619,-0.61915,-12.3875,0.05313,-0.0436,-0.00791,12.3875,-0.00791,44.0
40.0,1784879894.98544,A1850_B1850,1,1850,1850,1850,1850,10.56857,22.24954,235.14573,-0.59012,-0.64055,-13.14897,0.03605,0.00445,0.00414,13.14897,0.00414,44.0
40.02,1784879895.00544,A1850_B1850,1,1850,1850,1850,1850,10.61919,22.23454,236.11275,-0.81094,0.76965,-14.2827,-0.0766,-0.04043,0.00743,14.2827,0.00743,44.0
40.04,1784879895.02544,A1850_B1850,1,1850,1850,1850,1850,10.66981,22.21954,237.07825,-0.10959,-0.34315,-12.62444,0.02884,0.01539,0.02428,12.62444,0.02428,44.0
40.06,1784879895.04544,A1850_B1850,1,1850,1850,1850,1850,10.702,22.21,237.69142,-0.35433,-0.67906,-13.09037,0.06924,0.00074,-0.00523,13.09037,-0.00523,44.0
40.08,1784879895.06544,A1850_B1850,1,1850,1850,1850,1850,10.702,22.21,237.69142,-0.6742,-0.46284,-13.62793,0.02468,-0.02155,-0.01625,13.62793,-0.01625,44.0
40.1,1784879895.08544,A1850_B1850,1,1850,1850,1850,1850,10.702,22.21,237.69142,0.57832,0.02327,-12.95993,-0.04722,0.06383,0.01209,12.95993,0.01209,44.0
40.12,1784879895.10544,A1850_B1850,1,1850,1850,1850,1850,10.6713,22.21,237.00964,-0.35081,-0.05249,-13.00032,0.0042,-0.00804,0.00894,13.00032,0.00894,44.0
40.14,1784879895.12544,A1850_B1850,1,1850,1850,1850,1850,10.64008,22.21,236.3161,-1.0026,-0.78423,-13.4988,0.08547,-0.0501,-0.00297,13.4988,-0.00297,44.0
40.16,1784879895.14544,A1850_B1850,1,1850,1850,1850,1850,10.623,22.21,235.93683,-1.11525,-0.56618,-13.29598,0.03706,-0.06169,0.00147,13.29598,0.00147,44.0
40.18,1784879895.16544,A1850_B1850,1,1850,1850,1850,1850,10.623,22.21,235.93683,-1.03901,0.26318,-13.6218,-0.02732,-0.07169,0.01896,13.6218,0.01896,44.0
40.2,1784879895.18544,A1850_B1850,1,1850,1850,1850,1850,10.62251,22.20886,235.91391,-0.69689,0.42758,-13.2738,-0.03358,-0.0369,0.00885,13.2738,0.00885,44.0
40.22,1784879895.20544,A1850_B1850,1,1850,1850,1850,1850,10.60449,22.16669,235.06652,-0.45678,-0.4858,-13.02243,0.02021,-0.00049,-0.00011,13.02243,-0.00011,44.0
40.24,1784879895.22544,A1850_B1850,1,1850,1850,1850,1850,10.58648,22.12452,234.22065,-0.6081,-0.77534,-13.44269,0.05709,-0.02154,-0.01152,13.44269,-0.01152,44.0
40.26,1784879895.24544,A1850_B1850,1,1850,1850,1850,1850,10.576,22.1,233.7296,-0.54581,0.1543,-12.71847,-0.01993,-0.0153,0.01718,12.71847,0.01718,44.0
40.28,1784879895.26544,A1850_B1850,1,1850,1850,1850,1850,10.576,22.1,233.7296,-0.96533,-0.32694,-13.53955,0.00335,-0.05885,0.01185,13.53955,0.01185,44.0
40.3,1784879895.28544,A1850_B1850,1,1850,1850,1850,1850,10.57716,22.10481,233.80618,-0.26474,-0.33264,-13.2062,0.02596,-0.02278,-0.02955,13.2062,-0.02955,44.0
40.32,1784879895.30544,A1850_B1850,1,1850,1850,1850,1850,10.61284,22.25216,236.15859,-0.19843,-0.03133,-12.82444,-0.01555,0.0067,0.00971,12.82444,0.00971,44.0
40.34,1784879895.32544,A1850_B1850,1,1850,1850,1850,1850,10.64851,22.39951,238.52153,-0.63683,-0.42241,-13.71821,0.03247,-0.02681,0.02452,13.71821,0.02452,44.0
40.36,1784879895.34544,A1850_B1850,1,1850,1850,1850,1850,10.668,22.48,239.81664,-0.39374,-0.52983,-13.21616,0.03811,-0.00631,0.00444,13.21616,0.00444,44.0
40.38,1784879895.36544,A1850_B1850,1,1850,1850,1850,1850,10.668,22.48,239.81664,-0.31553,-0.4326,-13.58695,0.04451,0.00689,-0.00843,13.58695,-0.00843,44.0
40.4,1784879895.38544,A1850_B1850,1,1850,1850,1850,1850,10.668,22.48,239.81664,-0.32968,-0.77088,-13.26478,0.06523,0.00571,-0.0043,13.26478,-0.0043,44.0
40.42,1784879895.40544,A1850_B1850,1,1850,1850,1850,1850,10.63474,22.37652,237.9684,0.18201,-0.0977,-12.72744,-0.02374,0.04982,0.02532,12.72744,0.02532,44.0
40.44,1784879895.42544,A1850_B1850,1,1850,1850,1850,1850,10.59885,22.26486,235.98191,0.36207,0.12951,-13.33518,-0.02759,0.05454,-0.00277,13.33518,-0.00277,44.0
40.46,1784879895.44544,A1850_B1850,1,1850,1850,1850,1850,10.578,22.2,234.8316,-0.88047,-0.80654,-13.73373,0.07831,-0.0638,-0.00653,13.73373,-0.00653,44.0
40.48,1784879895.46544,A1850_B1850,1,1850,1850,1850,1850,10.578,22.2,234.8316,-1.06726,-0.44842,-12.84245,0.02098,-0.06322,0.02718,12.84245,0.02718,44.0
40.5,1784879895.48544,A1850_B1850,1,1850,1850,1850,1850,10.57772,22.19969,234.82217,-0.33705,0.69922,-13.13869,-0.06862,0.00031,0.01413,13.13869,0.01413,44.0
40.52,1784879895.50544,A1850_B1850,1,1850,1850,1850,1850,10.56781,22.18868,234.48582,-0.69349,-0.04906,-13.76477,-0.00182,-0.04034,-0.01024,13.76477,-0.01024,44.0
40.54,1784879895.52544,A1850_B1850,1,1850,1850,1850,1850,10.5579,22.17767,234.14968,-0.01425,-0.76498,-12.68009,0.05436,0.01484,-0.00158,12.68009,-0.00158,44.0
40.56,1784879895.54544,A1850_B1850,1,1850,1850,1850,1850,10.551,22.17,233.91567,0.0399,-0.2725,-13.44087,0.01328,0.04916,0.0141,13.44087,0.0141,44.0
40.58,1784879895.56544,A1850_B1850,1,1850,1850,1850,1850,10.551,22.17,233.91567,-0.5982,-0.347,-12.98144,0.00851,-0.02496,0.01134,12.98144,0.01134,44.0
40.6,1784879895.58544,A1850_B1850,1,1850,1850,1850,1850,10.55306,22.17339,233.99714,-0.80193,-0.04557,-12.94376,0.00684,-0.05801,0.00952,12.94376,0.00952,44.0
40.62,1784879895.60544,A1850_B1850,1,1850,1850,1850,1850,10.61538,22.276,236.4683,-0.15282,-0.48343,-13.44927,0.04176,-0.00306,-0.01056,13.44927,-0.01056,44.0
40.64,1784879895.62544,A1850_B1850,1,1850,1850,1850,1850,10.67771,22.37861,238.95225,-0.25425,0.09204,-13.39685,-0.03247,0.0094,0.0036,13.39685,0.0036,44.0
40.66,1784879895.64544,A1850_B1850,1,1850,1850,1850,1850,10.715,22.44,240.4446,-0.48358,-0.17225,-13.31074,0.00579,-0.02286,0.0072,13.31074,0.0072,44.0
40.68,1784879895.66544,A1850_B1850,1,1850,1850,1850,1850,10.715,22.44,240.4446,-0.95175,-0.30359,-13.33074,0.0515,-0.05745,-0.00197,13.33074,-0.00197,44.0
40.7,1784879895.68544,A1850_B1850,1,1850,1850,1850,1850,10.71344,22.43743,240.38204,-0.49758,-0.36526,-13.35407,0.03785,0.00453,0.01096,13.35407,0.01096,44.0
40.72,1784879895.70544,A1850_B1850,1,1850,1850,1850,1850,10.66243,22.35369,238.34454,-0.457,-0.3566,-13.12983,0.00522,-0.01435,0.0078,13.12983,0.0078,44.0
40.74,1784879895.72544,A1850_B1850,1,1850,1850,1850,1850,10.61142,22.26994,236.31559,-0.63758,0.24696,-12.43693,-0.04037,-0.03524,0.00475,12.43693,0.00475,44.0
40.76,1784879895.74544,A1850_B1850,1,1850,1850,1850,1850,10.581,22.22,235.10982,-0.06947,-0.48241,-13.3852,0.03804,0.00836,0.00143,13.3852,0.00143,44.0
40.78,1784879895.76544,A1850_B1850,1,1850,1850,1850,1850,10.581,22.22,235.10982,-0.1976,-0.48531,-13.73253,0.03049,0.01045,-0.00334,13.73253,-0.00334,44.0
40.8,1784879895.78544,A1850_B1850,1,1850,1850,1850,1850,10.581,22.22,235.10982,-0.69776,-0.33945,-12.64375,0.00811,-0.04393,0.00556,12.64375,0.00556,44.0
40.82,1784879895.80544,A1850_B1850,1,1850,1850,1850,1850,10.61771,22.24271,236.16653,-0.54823,-0.17886,-13.34919,0.01837,-0.01032,0.01315,13.34919,0.01315,44.0
40.84,1784879895.82544,A1850_B1850,1,1850,1850,1850,1850,10.65707,22.26706,237.30169,0.17087,-0.78449,-13.71109,0.06494,0.02874,0.00757,13.71109,0.00757,44.0
40.86,1784879895.84544,A1850_B1850,1,1850,1850,1850,1850,10.678,22.28,237.90584,-0.7841,-0.16925,-12.53307,-0.00129,-0.04119,0.00011,12.53307,0.00011,44.0
40.88,1784879895.86544,A1850_B1850,1,1850,1850,1850,1850,10.678,22.28,237.90584,-0.86977,0.02767,-13.51627,-0.01063,-0.02073,0.00315,13.51627,0.00315,44.0
40.9,1784879895.88544,A1850_B1850,1,1850,1850,1850,1850,10.678,22.28,237.90584,-0.35381,-0.68554,-13.10347,0.05216,-0.00334,0.00915,13.10347,0.00915,44.0
40.92,1784879895.90544,A1850_B1850,1,1850,1850,1850,1850,10.65494,22.27291,237.31654,-0.50148,-0.14802,-12.97351,0.02623,-0.01278,0.00511,12.97351,0.00511,44.0
40.94,1784879895.92544,A1850_B1850,1,1850,1850,1850,1850,10.63149,22.26569,236.71742,-0.74025,-0.67278,-13.52199,0.06443,-0.04145,-0.0127,13.52199,-0.0127,44.0
40.96,1784879895.94544,A1850_B1850,1,1850,1850,1850,1850,10.613,22.26,236.24538,-1.09537,0.11607,-12.68369,-0.03636,-0.04665,0.00955,12.68369,0.00955,44.0
40.98,1784879895.96544,A1850_B1850,1,1850,1850,1850,1850,10.613,22.26,236.24538,-0.6452,-0.0582,-13.31801,-0.01571,-0.01354,0.02756,13.31801,0.02756,44.0
41.0,1784879895.98544,A1850_B1850,1,1850,1850,1850,1850,10.613,22.26,236.24538,-0.73569,-0.22829,-13.53658,0.03908,-0.04181,-0.005,13.53658,-0.005,44.0
41.02,1784879896.00544,A1850_B1850,1,1850,1850,1850,1850,10.61942,22.25286,236.31256,-1.39558,-0.62735,-13.17446,0.04893,-0.06996,0.00923,13.17446,0.00923,44.0
41.04,1784879896.02544,A1850_B1850,1,1850,1850,1850,1850,10.62631,22.24521,236.38454,-0.36313,-0.69375,-13.16738,0.03998,0.00997,0.01498,13.16738,0.01498,44.0
41.06,1784879896.04544,A1850_B1850,1,1850,1850,1850,1850,10.631,22.24,236.43344,-0.23066,0.32366,-13.03865,-0.03048,0.03889,0.00834,13.03865,0.00834,44.0
41.08,1784879896.06544,A1850_B1850,1,1850,1850,1850,1850,10.631,22.24,236.43344,-0.70421,-0.49465,-13.33293,0.04831,-0.05649,-0.00583,13.33293,-0.00583,44.0
41.1,1784879896.08544,A1850_B1850,1,1850,1850,1850,1850,10.63084,22.24228,236.45403,-0.42606,-0.60642,-13.24576,0.03655,-0.00312,0.00287,13.24576,0.00287,44.0
41.12,1784879896.10544,A1850_B1850,1,1850,1850,1850,1850,10.6259,22.31057,237.06999,-0.40425,-0.4258,-12.68695,0.01598,0.00481,0.01733,12.68695,0.01733,44.0
41.14,1784879896.12544,A1850_B1850,1,1850,1850,1850,1850,10.62097,22.37886,237.68527,-0.50508,-0.29797,-13.53758,0.04281,-0.05557,-0.00805,13.53758,-0.00805,44.0
41.16,1784879896.14544,A1850_B1850,1,1850,1850,1850,1850,10.618,22.42,238.05556,-0.59986,-0.41093,-14.10652,0.04143,-0.01946,0.00128,14.10652,0.00128,44.0
41.18,1784879896.16544,A1850_B1850,1,1850,1850,1850,1850,10.618,22.42,238.05556,-0.66474,-0.30723,-12.45929,0.01144,-0.0086,0.00806,12.45929,0.00806,44.0
41.2,1784879896.18544,A1850_B1850,1,1850,1850,1850,1850,10.618,22.42,238.05556,-0.26439,-0.01499,-13.41343,-0.01197,0.01628,0.01006,13.41343,0.01006,44.0
41.22,1784879896.20544,A1850_B1850,1,1850,1850,1850,1850,10.62594,22.3633,237.63105,-0.18806,-0.32362,-13.29639,0.02903,0.00473,0.00666,13.29639,0.00666,44.0
41.24,1784879896.22544,A1850_B1850,1,1850,1850,1850,1850,10.63447,22.30237,237.17382,-0.50265,-0.23718,-12.49427,0.04401,0.00366,0.00243,12.49427,0.00243,44.0
41.26,1784879896.24544,A1850_B1850,1,1850,1850,1850,1850,10.639,22.27,236.93053,-0.65945,-0.40387,-13.14243,0.01127,-0.00578,0.01465,13.14243,0.01465,44.0
41.28,1784879896.26544,A1850_B1850,1,1850,1850,1850,1850,10.639,22.27,236.93053,0.48107,-0.39087,-13.24269,0.01614,0.05744,0.00462,13.24269,0.00462,44.0
41.3,1784879896.28544,A1850_B1850,1,1850,1850,1850,1850,10.639,22.27,236.93053,0.01813,-0.33265,-13.0635,0.02356,0.01757,0.0067,13.0635,0.0067,44.0
41.32,1784879896.30544,A1850_B1850,1,1850,1850,1850,1850,10.61235,22.22365,235.8451,-0.9021,-0.66447,-13.42184,0.04995,-0.05325,-0.00075,13.42184,-0.00075,44.0
41.34,1784879896.32544,A1850_B1850,1,1850,1850,1850,1850,10.58496,22.17602,234.73239,-0.75294,-0.03417,-13.3479,-0.01511,-0.01801,0.01737,13.3479,0.01737,44.0
41.36,1784879896.34544,A1850_B1850,1,1850,1850,1850,1850,10.57,22.15,234.1255,-0.20319,-0.20448,-13.02115,0.01212,0.03178,0.02429,13.02115,0.02429,44.0
41.38,1784879896.36544,A1850_B1850,1,1850,1850,1850,1850,10.57,22.15,234.1255,0.12386,-0.58402,-13.34446,0.05118,0.05516,0.00522,13.34446,0.00522,44.0
41.4,1784879896.38544,A1850_B1850,1,1850,1850,1850,1850,10.57,22.15,234.1255,-0.54046,-0.39292,-12.85417,0.01986,-0.02513,0.00184,12.85417,0.00184,44.0
41.42,1784879896.40544,A1850_B1850,1,1850,1850,1850,1850,10.5892,22.21645,235.25441,0.75684,0.16456,-13.18557,-0.02705,0.0867,0.00947,13.18557,0.00947,44.0
41.44,1784879896.42544,A1850_B1850,1,1850,1850,1850,1850,10.60873,22.28405,236.40536,0.31915,-0.64492,-12.92175,0.04046,0.07916,0.02928,12.92175,0.02928,44.0
41.46,1784879896.44544,A1850_B1850,1,1850,1850,1850,1850,10.622,22.33,237.18926,-0.74145,-0.85899,-13.18857,0.07119,-0.05851,0.00055,13.18857,0.00055,44.0
41.48,1784879896.46544,A1850_B1850,1,1850,1850,1850,1850,10.622,22.33,237.18926,-0.60609,0.04395,-13.07175,-0.00761,-0.02316,-0.0033,13.07175,-0.0033,44.0
41.5,1784879896.48544,A1850_B1850,1,1850,1850,1850,1850,10.62164,22.32844,237.16457,-0.49341,-0.10696,-12.38954,0.00939,0.00266,0.01551,12.38954,0.01551,44.0
41.52,1784879896.50544,A1850_B1850,1,1850,1850,1850,1850,10.61072,22.28111,236.4186,-0.5728,-0.58514,-13.56817,0.04309,-0.01296,0.0128,13.56817,0.0128,44.0
41.54,1784879896.52544,A1850_B1850,1,1850,1850,1850,1850,10.5998,22.23379,235.67366,-0.14093,-0.14989,-13.41499,0.02862,0.016,-0.00724,13.41499,-0.00724,44.0
41.56,1784879896.54544,A1850_B1850,1,1850,1850,1850,1850,10.592,22.2,235.1424,-0.6582,0.04512,-12.65761,0.00857,-0.0203,0.00682,12.65761,0.00682,44.0
41.58,1784879896.56544,A1850_B1850,1,1850,1850,1850,1850,10.592,22.2,235.1424,-0.60573,-0.48954,-13.42443,0.02841,-0.02316,0.02487,13.42443,0.02487,44.0
41.6,1784879896.58544,A1850_B1850,1,1850,1850,1850,1850,10.59192,22.19906,235.13063,-0.05168,0.10167,-13.76031,-0.03171,0.04257,0.00613,13.76031,0.00613,44.0
41.62,1784879896.60544,A1850_B1850,1,1850,1850,1850,1850,10.58933,22.16949,234.76004,-0.30947,0.20932,-12.53116,-0.00366,-0.00692,-0.0082,12.53116,-0.0082,44.0
41.64,1784879896.62544,A1850_B1850,1,1850,1850,1850,1850,10.58674,22.13992,234.3896,-0.84909,-0.76333,-12.97801,0.07996,-0.05863,0.00265,12.97801,0.00265,44.0
41.66,1784879896.64544,A1850_B1850,1,1850,1850,1850,1850,10.585,22.12,234.1402,-0.54959,-0.55395,-13.98359,0.03329,-0.00543,0.02351,13.98359,0.02351,44.0
41.68,1784879896.66544,A1850_B1850,1,1850,1850,1850,1850,10.585,22.12,234.1402,-0.01604,-0.13783,-12.94926,0.02042,0.03619,0.00149,12.94926,0.00149,44.0
41.7,1784879896.68544,A1850_B1850,1,1850,1850,1850,1850,10.585,22.12,234.1402,0.16009,-0.9415,-13.15805,0.09351,0.03531,0.00279,13.15805,0.00279,44.0
41.72,1784879896.70544,A1850_B1850,1,1850,1850,1850,1850,10.60666,22.22059,235.68632,-0.12772,-0.28587,-13.13791,0.01409,0.02608,0.01787,13.13791,0.01787,44.0
41.74,1784879896.72544,A1850_B1850,1,1850,1850,1850,1850,10.62885,22.32359,237.2741,-0.20746,0.34056,-12.98951,-0.04873,0.04333,0.01534,12.98951,0.01534,44.0
41.76,1784879896.74544,A1850_B1850,1,1850,1850,1850,1850,10.641,22.38,238.14558,-0.43074,-0.59139,-13.29983,0.01637,0.0027,0.01506,13.29983,0.01506,44.0
41.78,1784879896.76544,A1850_B1850,1,1850,1850,1850,1850,10.641,22.38,238.14558,-1.01715,-0.73216,-13.27122,0.08171,-0.08818,0.00239,13.27122,0.00239,44.0
41.8,1784879896.78544,A1850_B1850,1,1850,1850,1850,1850,10.64252,22.38179,238.19865,-0.75818,0.09955,-13.41254,0.00799,-0.02526,0.0047,13.41254,0.0047,44.0
41.82,1784879896.80544,A1850_B1850,1,1850,1850,1850,1850,10.68898,22.43666,239.82494,-0.1099,-0.20141,-12.93185,-0.0268,0.01702,0.0127,12.93185,0.0127,44.0
41.84,1784879896.82544,A1850_B1850,1,1850,1850,1850,1850,10.73543,22.49153,241.45632,-0.7027,-0.68424,-13.31181,0.04923,-0.04978,0.00217,13.31181,0.00217,44.0
41.86,1784879896.84544,A1850_B1850,1,1850,1850,1850,1850,10.768,22.53,242.60304,-0.51118,-0.03607,-13.3569,0.04467,0.0047,0.00084,13.3569,0.00084,44.0
41.88,1784879896.86544,A1850_B1850,1,1850,1850,1850,1850,10.768,22.53,242.60304,-0.71611,-0.43642,-12.43699,0.0272,-0.0247,0.02237,12.43699,0.02237,44.0
41.9,1784879896.88544,A1850_B1850,1,1850,1850,1850,1850,10.768,22.53,242.60304,-0.35077,-0.23874,-13.55443,-0.00642,0.01331,0.00922,13.55443,0.00922,44.0
41.92,1784879896.90544,A1850_B1850,1,1850,1850,1850,1850,10.69782,22.41069,239.74543,-0.52412,0.0203,-13.8255,0.01844,0.00895,-0.00497,13.8255,-0.00497,44.0
41.94,1784879896.92544,A1850_B1850,1,1850,1850,1850,1850,10.62611,22.28878,236.84299,-0.50045,-0.29699,-12.61176,0.04468,-0.03249,0.00333,12.61176,0.00333,44.0
41.96,1784879896.94544,A1850_B1850,1,1850,1850,1850,1850,10.568,22.19,234.50392,-1.3336,-0.03509,-13.23288,-0.00535,-0.10242,-0.00197,13.23288,-0.00197,44.0
41.98,1784879896.96544,A1850_B1850,1,1850,1850,1850,1850,10.568,22.19,234.50392,-0.43902,-0.2754,-14.05812,9e-05,0.00666,0.00787,14.05812,0.00787,44.0
42.0,1784879896.98544,A1850_B1850,1,1850,1850,1850,1850,10.568,22.19,234.50392,0.18542,-0.52665,-12.80054,0.06515,0.05098,0.01384,12.80054,0.01384,44.0
42.02,1784879897.00544,A1850_B1850,1,1850,1850,1850,1850,10.58977,22.20107,235.10429,0.01315,-1.05144,-13.2024,0.11027,0.01133,0.01066,13.2024,0.01066,44.0
42.04,1784879897.02544,A1850_B1850,1,1850,1850,1850,1850,10.6132,22.21299,235.75095,-0.33043,0.6574,-13.3641,-0.06916,-0.00329,-0.00283,13.3641,-0.00283,44.0
42.06,1784879897.04544,A1850_B1850,1,1850,1850,1850,1850,10.627,22.22,236.13194,-0.34541,0.1481,-12.63313,-0.03882,0.01919,0.00973,12.63313,0.00973,44.0
42.08,1784879897.06544,A1850_B1850,1,1850,1850,1850,1850,10.627,22.22,236.13194,-0.6145,-0.446,-13.47681,0.04129,-0.02647,0.00834,13.47681,0.00834,44.0
42.1,1784879897.08544,A1850_B1850,1,1850,1850,1850,1850,10.62661,22.21966,236.11972,-0.62769,0.14157,-13.00447,0.01037,-0.03657,0.00343,13.00447,0.00343,44.0
42.12,1784879897.10544,A1850_B1850,1,1850,1850,1850,1850,10.61412,22.20864,235.72516,-0.1718,-0.36612,-13.3108,0.00265,0.00441,0.00406,13.3108,0.00406,44.0
42.14,1784879897.12544,A1850_B1850,1,1850,1850,1850,1850,10.60163,22.19761,235.33087,0.01055,-0.26324,-13.41844,0.00138,0.03997,0.01456,13.41844,0.01456,44.0
42.16,1784879897.14544,A1850_B1850,1,1850,1850,1850,1850,10.593,22.19,235.05867,0.31991,-0.50418,-13.11463,0.05529,0.0339,-0.00796,13.11463,-0.00796,44.0
42.18,1784879897.16544,A1850_B1850,1,1850,1850,1850,1850,10.593,22.19,235.05867,0.06291,0.0678,-12.97921,0.00584,0.0447,-0.00853,12.97921,-0.00853,44.0
42.2,1784879897.18544,A1850_B1850,1,1850,1850,1850,1850,10.593,22.19,235.05867,-0.67627,-0.69723,-12.85167,0.0382,-0.02741,0.01823,12.85167,0.01823,44.0
42.22,1784879897.20544,A1850_B1850,1,1850,1850,1850,1850,10.60114,22.14736,234.78727,-0.41667,-0.25175,-13.32954,0.02567,0.00717,0.01394,13.32954,0.01394,44.0
42.24,1784879897.22544,A1850_B1850,1,1850,1850,1850,1850,10.60953,22.10339,234.50668,-0.16096,-0.10666,-13.29586,0.00357,0.04565,-0.00183,13.29586,-0.00183,44.0
42.26,1784879897.24544,A1850_B1850,1,1850,1850,1850,1850,10.614,22.08,234.35712,-0.71517,-0.09111,-12.90862,-0.00285,-0.06996,-0.01397,12.90862,-0.01397,44.0
42.28,1784879897.26544,A1850_B1850,1,1850,1850,1850,1850,10.614,22.08,234.35712,-0.32663,-0.1414,-13.04744,0.01732,0.02066,0.01286,13.04744,0.01286,44.0
42.3,1784879897.28544,A1850_B1850,1,1850,1850,1850,1850,10.614,22.08,234.35712,-0.59211,-0.86126,-13.34518,0.08215,-0.03617,-0.00164,13.34518,-0.00164,44.0
42.32,1784879897.30544,A1850_B1850,1,1850,1850,1850,1850,10.61684,22.15449,235.21062,-0.57589,-0.63061,-12.54068,0.057,-0.03463,1e-05,12.54068,1e-05,44.0
42.34,1784879897.32544,A1850_B1850,1,1850,1850,1850,1850,10.61989,22.23461,236.1291,-0.10112,0.19041,-13.43616,-0.0366,0.01881,0.01256,13.43616,0.01256,44.0
42.36,1784879897.34544,A1850_B1850,1,1850,1850,1850,1850,10.622,22.29,236.76438,0.03345,0.36758,-13.75324,-0.04277,0.0328,0.01706,13.75324,0.01706,44.0
42.38,1784879897.36544,A1850_B1850,1,1850,1850,1850,1850,10.622,22.29,236.76438,0.36287,-0.78775,-12.43073,0.05976,0.06391,-0.00178,12.43073,-0.00178,44.0
42.4,1784879897.38544,A1850_B1850,1,1850,1850,1850,1850,10.622,22.29,236.76438,-0.00994,-0.60446,-13.0971,0.05141,0.02825,-0.00825,13.0971,-0.00825,44.0
42.42,1784879897.40544,A1850_B1850,1,1850,1850,1850,1850,10.64488,22.2494,236.84227,-1.1839,0.32248,-13.1343,-0.00663,-0.05678,0.017,13.1343,0.017,44.0
42.44,1784879897.42544,A1850_B1850,1,1850,1850,1850,1850,10.66817,22.20808,236.91964,-0.47804,-0.4377,-13.24334,0.02502,-0.03396,0.0168,13.24334,0.0168,44.0
42.46,1784879897.44544,A1850_B1850,1,1850,1850,1850,1850,10.684,22.18,236.97112,0.37256,0.10139,-13.11641,-0.03411,0.06859,-0.0071,13.11641,-0.0071,44.0
42.48,1784879897.46544,A1850_B1850,1,1850,1850,1850,1850,10.684,22.18,236.97112,-1.01412,0.01614,-13.55964,0.00701,-0.05013,-0.00962,13.55964,-0.00962,44.0
42.5,1784879897.48544,A1850_B1850,1,1850,1850,1850,1850,10.684,22.18,236.97112,-1.47459,-0.14935,-13.01845,0.01234,-0.1061,0.01932,13.01845,0.01932,44.0
42.52,1784879897.50544,A1850_B1850,1,1850,1850,1850,1850,10.65975,22.26954,237.38772,-0.84392,0.19812,-13.61067,-0.01701,-0.04666,0.02134,13.61067,0.02134,44.0
42.54,1784879897.52544,A1850_B1850,1,1850,1850,1850,1850,10.63506,22.36068,237.80732,-0.61503,0.15141,-13.037,-0.0114,0.006,0.00562,13.037,0.00562,44.0
42.56,1784879897.54544,A1850_B1850,1,1850,1850,1850,1850,10.619,22.42,238.07798,-0.60327,-1.19077,-12.99297,0.10057,-0.01331,-0.01238,12.99297,-0.01238,44.0
42.58,1784879897.56544,A1850_B1850,1,1850,1850,1850,1850,10.619,22.42,238.07798,-0.35565,-0.14655,-13.42642,0.01357,-0.03818,-0.00335,13.42642,-0.00335,44.0
42.6,1784879897.58544,A1850_B1850,1,1850,1850,1850,1850,10.619,22.42,238.07798,0.12285,1.00964,-13.25404,-0.11032,0.07207,0.02523,13.25404,0.02523,44.0
42.62,1784879897.60544,A1850_B1850,1,1850,1850,1850,1850,10.59484,22.31806,236.45617,-1.03609,-1.51434,-13.60586,0.11054,-0.05148,-0.00222,13.60586,-0.00222,44.0
42.64,1784879897.62544,A1850_B1850,1,1850,1850,1850,1850,10.56891,22.2087,234.7218,-0.93326,-1.2942,-12.92216,0.13714,-0.06786,-0.01788,12.92216,-0.01788,44.0
42.66,1784879897.64544,A1850_B1850,1,1850,1850,1850,1850,10.555,22.15,233.79325,0.30719,0.57309,-13.72627,-0.04099,0.03986,0.00832,13.72627,0.00832,44.0
42.68,1784879897.66544,A1850_B1850,1,1850,1850,1850,1850,10.555,22.15,233.79325,-0.75287,0.02238,-13.50474,-0.01464,-0.02903,0.02115,13.50474,0.02115,44.0
42.7,1784879897.68544,A1850_B1850,1,1850,1850,1850,1850,10.555,22.15,233.79325,-0.73453,-0.71727,-12.29372,0.05766,-0.0155,-0.00296,12.29372,-0.00296,44.0
42.72,1784879897.70544,A1850_B1850,1,1850,1850,1850,1850,10.64157,22.17623,235.98998,0.32342,0.11695,-13.26331,0.00453,0.05648,-0.00044,13.26331,-0.00044,44.0
42.74,1784879897.72544,A1850_B1850,1,1850,1850,1850,1850,10.7349,22.20451,238.36318,0.09432,-0.07015,-13.13491,0.00146,0.03465,0.02105,13.13491,0.02105,44.0
42.76,1784879897.74544,A1850_B1850,1,1850,1850,1850,1850,10.786,22.22,239.66492,-0.05913,-0.84252,-12.74991,0.04044,0.03461,0.01571,12.74991,0.01571,44.0
42.78,1784879897.76544,A1850_B1850,1,1850,1850,1850,1850,10.786,22.22,239.66492,0.52784,-0.49743,-12.91203,0.04507,0.072,-0.01759,12.91203,-0.01759,44.0
42.8,1784879897.78544,A1850_B1850,1,1850,1850,1850,1850,10.78367,22.22143,239.62852,0.24596,-0.12653,-13.62664,0.02108,0.03956,-0.00641,13.62664,-0.00641,44.0
42.82,1784879897.80544,A1850_B1850,1,1850,1850,1850,1850,10.70911,22.26708,238.46057,-0.00663,-0.41702,-13.39738,0.00829,0.02163,0.02654,13.39738,0.02654,44.0
42.84,1784879897.82544,A1850_B1850,1,1850,1850,1850,1850,10.63455,22.31272,237.28581,0.02258,-0.38783,-13.08424,0.02654,0.04396,0.00286,13.08424,0.00286,44.0
42.86,1784879897.84544,A1850_B1850,1,1850,1850,1850,1850,10.59,22.34,236.5806,0.34184,-0.8989,-13.21833,0.1035,0.05952,-0.00108,13.21833,-0.00108,44.0
42.88,1784879897.86544,A1850_B1850,1,1850,1850,1850,1850,10.59,22.34,236.5806,0.06144,-0.95099,-12.63357,0.08278,0.02497,0.01365,12.63357,0.01365,44.0
42.9,1784879897.88544,A1850_B1850,1,1850,1850,1850,1850,10.59081,22.33777,236.57507,-0.24284,0.58253,-13.33693,-0.04611,0.00399,0.02061,13.33693,0.02061,44.0
42.92,1784879897.90544,A1850_B1850,1,1850,1850,1850,1850,10.61597,22.26848,236.40159,0.00833,0.34308,-13.03292,-0.06046,0.03732,0.00145,13.03292,0.00145,44.0
42.94,1784879897.92544,A1850_B1850,1,1850,1850,1850,1850,10.64113,22.1992,236.22462,0.02461,-0.76097,-13.15184,0.04507,0.03799,0.0017,13.15184,0.0017,44.0
42.96,1784879897.94544,A1850_B1850,1,1850,1850,1850,1850,10.659,22.15,236.09685,-0.79506,-0.6043,-13.25261,0.09532,-0.036,0.00506,13.25261,0.00506,44.0
42.98,1784879897.96544,A1850_B1850,1,1850,1850,1850,1850,10.659,22.15,236.09685,-0.47769,0.52431,-13.74381,-0.03287,-0.02145,0.01401,13.74381,0.01401,44.0
43.0,1784879897.98544,A1850_B1850,1,1850,1850,1850,1850,10.659,22.15,236.09685,-0.75922,-0.40778,-13.58165,-0.00536,-0.04031,0.01884,13.58165,0.01884,44.0
43.02,1784879898.00544,A1850_B1850,1,1850,1850,1850,1850,10.66843,22.27442,237.63298,-0.49983,-0.6847,-12.40585,0.06234,-0.00264,-0.00055,12.40585,-0.00055,44.0
43.04,1784879898.02544,A1850_B1850,1,1850,1850,1850,1850,10.67859,22.40855,239.2917,-0.64932,0.31806,-13.76931,-0.00228,-0.00673,-0.00185,13.76931,-0.00185,44.0
43.06,1784879898.04544,A1850_B1850,1,1850,1850,1850,1850,10.684,22.48,240.17632,-0.98846,-0.17166,-13.73289,-5e-05,-0.06447,0.01805,13.73289,0.01805,44.0
43.08,1784879898.06544,A1850_B1850,1,1850,1850,1850,1850,10.684,22.48,240.17632,0.10343,-0.64075,-12.53309,0.04453,0.05283,0.01503,12.53309,0.01503,44.0
43.1,1784879898.08544,A1850_B1850,1,1850,1850,1850,1850,10.684,22.48,240.17632,0.44927,-0.94302,-13.36421,0.06705,0.08122,0.00248,13.36421,0.00248,44.0
43.12,1784879898.10544,A1850_B1850,1,1850,1850,1850,1850,10.69454,22.42184,239.79129,-0.7117,-0.01002,-13.59154,0.01797,-0.05863,0.00106,13.59154,0.00106,44.0
43.14,1784879898.12544,A1850_B1850,1,1850,1850,1850,1850,10.70528,22.36259,239.39778,-1.02902,0.28251,-13.18417,-0.05003,-0.07195,0.02082,13.18417,0.02082,44.0
43.16,1784879898.14544,A1850_B1850,1,1850,1850,1850,1850,10.713,22.32,239.11416,0.2972,-0.1276,-13.12358,-0.01303,0.08504,0.02652,13.12358,0.02652,44.0
43.18,1784879898.16544,A1850_B1850,1,1850,1850,1850,1850,10.713,22.32,239.11416,0.0063,-1.04286,-13.36307,0.11365,0.02557,-0.00591,13.36307,-0.00591,44.0
43.2,1784879898.18544,A1850_B1850,1,1850,1850,1850,1850,10.713,22.32,239.11416,-1.71548,-0.67982,-12.59633,0.07158,-0.10843,0.00845,12.59633,0.00845,44.0
43.22,1784879898.20544,A1850_B1850,1,1850,1850,1850,1850,10.65484,22.26911,237.27391,-0.50841,0.69563,-13.19891,-0.06402,0.01081,0.00934,13.19891,0.00934,44.0
43.24,1784879898.22544,A1850_B1850,1,1850,1850,1850,1850,10.59448,22.21629,235.37004,0.06388,-0.45131,-13.26719,0.02523,0.03032,0.00984,13.26719,0.00984,44.0
43.26,1784879898.24544,A1850_B1850,1,1850,1850,1850,1850,10.553,22.18,234.06554,0.14177,-0.90753,-12.91924,0.07614,0.04156,-0.00569,12.91924,-0.00569,44.0
43.28,1784879898.26544,A1850_B1850,1,1850,1850,1850,1850,10.553,22.18,234.06554,-0.13743,-0.45202,-13.13968,0.05808,0.02078,-0.00122,13.13968,-0.00122,44.0
43.3,1784879898.28544,A1850_B1850,1,1850,1850,1850,1850,10.55422,22.1839,234.13368,-0.92863,-0.08323,-13.51066,0.00129,-0.03793,0.01928,13.51066,0.01928,44.0
43.32,1784879898.30544,A1850_B1850,1,1850,1850,1850,1850,10.59204,22.30508,236.25632,-0.77826,-0.29543,-13.52546,0.01735,-0.02826,0.01757,13.52546,0.01757,44.0
43.34,1784879898.32544,A1850_B1850,1,1850,1850,1850,1850,10.62986,22.42626,238.38813,0.0625,-0.4255,-12.8561,0.06044,0.05469,-0.01227,12.8561,-0.01227,44.0
43.36,1784879898.34544,A1850_B1850,1,1850,1850,1850,1850,10.656,22.51,239.86656,-0.93649,-0.09197,-13.70514,0.00639,-0.05036,-0.00504,13.70514,-0.00504,44.0
43.38,1784879898.36544,A1850_B1850,1,1850,1850,1850,1850,10.656,22.51,239.86656,-1.08859,-0.05966,-13.36927,0.006,-0.06635,0.02654,13.36927,0.02654,44.0
43.4,1784879898.38544,A1850_B1850,1,1850,1850,1850,1850,10.65754,22.51303,239.9335,-0.63143,-0.49422,-12.56947,0.06011,0.00025,-0.00022,12.56947,-0.00022,44.0
43.42,1784879898.40544,A1850_B1850,1,1850,1850,1850,1850,10.70995,22.61633,242.21974,-0.15549,-1.42706,-13.3869,0.11925,0.01108,-0.01125,13.3869,-0.01125,44.0
43.44,1784879898.42544,A1850_B1850,1,1850,1850,1850,1850,10.76236,22.71962,244.51681,0.18984,0.65132,-13.53239,-0.07907,0.04609,0.02249,13.53239,0.02249,44.0
43.46,1784879898.44544,A1850_B1850,1,1850,1850,1850,1850,10.793,22.78,245.86454,-0.56406,0.16207,-12.77656,-0.02727,-0.01786,0.02403,12.77656,0.02403,44.0
43.48,1784879898.46544,A1850_B1850,1,1850,1850,1850,1850,10.793,22.78,245.86454,-0.4539,-0.61598,-13.25276,0.06129,-0.00059,-0.0055,13.25276,-0.0055,44.0
43.5,1784879898.48544,A1850_B1850,1,1850,1850,1850,1850,10.793,22.78,245.86454,-0.67222,-0.95803,-13.91478,0.08365,-0.01831,0.00119,13.91478,0.00119,44.0
43.52,1784879898.50544,A1850_B1850,1,1850,1850,1850,1850,10.74265,22.76873,244.59647,-1.14349,-0.14974,-12.73249,0.01753,-0.0509,0.01478,12.73249,0.01478,44.0
43.54,1784879898.52544,A1850_B1850,1,1850,1850,1850,1850,10.68863,22.75663,243.23718,-0.96807,0.45966,-13.04134,-0.04499,-0.06955,0.01598,13.04134,0.01598,44.0
43.56,1784879898.54544,A1850_B1850,1,1850,1850,1850,1850,10.659,22.75,242.49225,-0.17707,-0.85467,-12.91155,0.05519,0.0081,-0.00378,12.91155,-0.00378,44.0
43.58,1784879898.56544,A1850_B1850,1,1850,1850,1850,1850,10.659,22.75,242.49225,-0.56453,-0.56388,-13.14284,0.04137,0.02431,-0.00639,13.14284,-0.00639,44.0
43.6,1784879898.58544,A1850_B1850,1,1850,1850,1850,1850,10.659,22.75,242.49225,-1.16204,0.2532,-13.42955,-0.01268,-0.08297,0.00842,13.42955,0.00842,44.0
43.62,1784879898.60544,A1850_B1850,1,1850,1850,1850,1850,10.659,22.65037,241.43031,-0.49515,-0.04684,-13.40511,0.00249,-0.0275,0.01406,13.40511,0.01406,44.0
43.64,1784879898.62544,A1850_B1850,1,1850,1850,1850,1850,10.659,22.54335,240.28956,-1.34623,-0.3791,-13.28644,0.02977,-0.08226,0.00371,13.28644,0.00371,44.0
43.66,1784879898.64544,A1850_B1850,1,1850,1850,1850,1850,10.659,22.47,239.50773,-1.03651,-0.34353,-13.28002,0.03779,-0.03957,-0.00874,13.28002,-0.00874,44.0
43.68,1784879898.66544,A1850_B1850,1,1850,1850,1850,1850,10.659,22.47,239.50773,-1.23035,0.00246,-13.8886,-0.00168,-0.08019,0.01323,13.8886,0.01323,44.0
43.7,1784879898.68544,A1850_B1850,1,1850,1850,1850,1850,10.659,22.47,239.50773,-0.32417,0.53667,-12.84656,-0.07066,0.0078,0.0267,12.84656,0.0267,44.0
43.72,1784879898.70544,A1850_B1850,1,1850,1850,1850,1850,10.6601,22.38927,238.67187,-0.89128,-0.16104,-13.03919,0.01206,-0.00575,0.01385,13.03919,0.01385,44.0
43.74,1784879898.72544,A1850_B1850,1,1850,1850,1850,1850,10.66122,22.30694,237.81926,-1.06412,-1.42682,-13.55291,0.11481,-0.0707,-0.0036,13.55291,-0.0036,44.0
43.76,1784879898.74544,A1850_B1850,1,1850,1850,1850,1850,10.662,22.25,237.2295,0.68371,0.7244,-13.39468,-0.06581,0.0862,0.01105,13.39468,0.01105,44.0
43.78,1784879898.76544,A1850_B1850,1,1850,1850,1850,1850,10.662,22.25,237.2295,-0.14855,0.37545,-12.61175,-0.06377,0.01273,0.01498,12.61175,0.01498,44.0
43.8,1784879898.78544,A1850_B1850,1,1850,1850,1850,1850,10.66147,22.25198,237.23886,-1.58136,-1.13962,-13.49739,0.09267,-0.095,-0.00401,13.49739,-0.00401,44.0
43.82,1784879898.80544,A1850_B1850,1,1850,1850,1850,1850,10.64376,22.31839,237.55167,-0.92939,-0.44496,-13.90301,0.05395,-0.04957,-0.00022,13.90301,-0.00022,44.0
43.84,1784879898.82544,A1850_B1850,1,1850,1850,1850,1850,10.62605,22.38481,237.86212,-1.02171,0.58723,-12.8836,-0.03515,-0.05004,0.02259,12.8836,0.02259,44.0
43.86,1784879898.84544,A1850_B1850,1,1850,1850,1850,1850,10.614,22.43,238.07202,-1.28073,0.02162,-13.37523,-0.02905,-0.06987,0.01926,13.37523,0.01926,44.0
43.88,1784879898.86544,A1850_B1850,1,1850,1850,1850,1850,10.614,22.43,238.07202,-0.43434,-1.03602,-13.18446,0.09428,-0.00835,-0.00819,13.18446,-0.00819,44.0
43.9,1784879898.88544,A1850_B1850,1,1850,1850,1850,1850,10.61447,22.42765,238.05759,-0.47954,0.59642,-13.12093,-0.04061,0.00949,-0.01162,13.12093,-0.01162,44.0
43.92,1784879898.90544,A1850_B1850,1,1850,1850,1850,1850,10.62913,22.35433,237.60715,-0.34893,-0.53939,-13.35557,0.02991,-0.0095,0.01036,13.35557,0.01036,44.0
43.94,1784879898.92544,A1850_B1850,1,1850,1850,1850,1850,10.6438,22.28101,237.15455,-0.30048,-0.41846,-13.07121,0.02455,-0.00416,0.02578,13.07121,0.02578,44.0
43.96,1784879898.94544,A1850_B1850,1,1850,1850,1850,1850,10.654,22.23,236.83842,-0.37035,-0.3844,-13.10582,0.04721,0.00521,-0.00545,13.10582,-0.00545,44.0
43.98,1784879898.96544,A1850_B1850,1,1850,1850,1850,1850,10.654,22.23,236.83842,0.41187,-0.9889,-13.38264,0.076,0.05721,0.00073,13.38264,0.00073,44.0
44.0,1784879898.98544,A1850_B1850,1,1850,1850,1850,1850,10.654,22.23,236.83842,-0.28566,-0.03649,-13.42538,-0.0104,0.0149,0.0225,13.42538,0.0225,44.0
44.02,1784879899.00544,A1850_B1850,1,1850,1850,1850,1850,10.69369,22.29427,238.40806,-0.94134,0.36386,-12.68551,-0.03367,-0.03671,-0.00027,12.68551,-0.00027,44.0
44.04,1784879899.02544,A1850_B1850,1,1850,1850,1850,1850,10.73629,22.36324,240.09823,-0.59645,-0.30792,-13.17581,0.03309,-0.02072,-0.00385,13.17581,-0.00385,44.0
44.06,1784879899.04544,A1850_B1850,1,1850,1850,1850,1850,10.759,22.4,241.0016,-0.58966,-1.48825,-13.03621,0.14203,-0.02841,0.00833,13.03621,0.00833,44.0
44.08,1784879899.06544,A1850_B1850,1,1850,1850,1850,1850,10.759,22.4,241.0016,-0.12336,0.78753,-13.1681,-0.07086,0.0589,0.01538,13.1681,0.01538,44.0
44.1,1784879899.08544,A1850_B1850,1,1850,1850,1850,1850,10.759,22.4,241.0016,-0.08181,0.35259,-12.95407,-0.05197,-0.0043,-0.00355,12.95407,-0.00355,44.0
44.12,1784879899.10544,A1850_B1850,1,1850,1850,1850,1850,10.73973,22.39273,240.49198,-0.2571,-1.03237,-13.58529,0.08178,-0.00318,-0.00562,13.58529,-0.00562,44.0
44.14,1784879899.12544,A1850_B1850,1,1850,1850,1850,1850,10.72008,22.38531,239.97235,0.28801,-0.75298,-13.98091,0.07641,0.08455,0.00556,13.98091,0.00556,44.0
44.16,1784879899.14544,A1850_B1850,1,1850,1850,1850,1850,10.706,22.38,239.60028,-0.87796,0.02332,-12.26824,-0.00787,-0.05873,0.01624,12.26824,0.01624,44.0
44.18,1784879899.16544,A1850_B1850,1,1850,1850,1850,1850,10.706,22.38,239.60028,-1.29975,-0.32029,-13.25802,0.02683,-0.08095,0.01466,13.25802,0.01466,44.0
44.2,1784879899.18544,A1850_B1850,1,1850,1850,1850,1850,10.70468,22.37934,239.5636,-0.58257,-0.22349,-13.79473,0.03421,-0.01893,-0.01118,13.79473,-0.01118,44.0
44.22,1784879899.20544,A1850_B1850,1,1850,1850,1850,1850,10.65837,22.35638,238.28255,-0.1616,-0.46825,-12.2843,0.04305,0.03563,-0.00922,12.2843,-0.00922,44.0
44.24,1784879899.22544,A1850_B1850,1,1850,1850,1850,1850,10.61206,22.33342,237.00362,0.13342,0.09691,-13.05637,-0.03073,0.01383,0.00819,13.05637,0.00819,44.0
44.26,1784879899.24544,A1850_B1850,1,1850,1850,1850,1850,10.585,22.32,236.2572,-0.02061,-0.10059,-13.51104,0.01364,0.03491,0.02333,13.51104,0.02333,44.0
44.28,1784879899.26544,A1850_B1850,1,1850,1850,1850,1850,10.585,22.32,236.2572,-1.20671,-0.76222,-13.64803,0.09678,-0.06328,-0.01054,13.64803,-0.01054,44.0
44.3,1784879899.28544,A1850_B1850,1,1850,1850,1850,1850,10.585,22.32,236.2572,-0.99168,-0.75664,-13.42254,0.05911,-0.07181,0.00014,13.42254,0.00014,44.0
44.32,1784879899.30544,A1850_B1850,1,1850,1850,1850,1850,10.57787,22.28622,235.74067,-0.22678,0.74632,-13.12251,-0.10344,0.02227,0.01887,13.12251,0.01887,44.0
44.34,1784879899.32544,A1850_B1850,1,1850,1850,1850,1850,10.57021,22.24993,235.18633,-0.45844,0.20904,-13.02784,-0.00139,-0.00215,0.00245,13.02784,0.00245,44.0
44.36,1784879899.34544,A1850_B1850,1,1850,1850,1850,1850,10.566,22.23,234.88218,-0.64589,-0.75809,-13.14215,0.07003,-0.02392,0.00501,13.14215,0.00501,44.0
44.38,1784879899.36544,A1850_B1850,1,1850,1850,1850,1850,10.566,22.23,234.88218,-0.37136,-0.79959,-13.41,0.06766,0.008,0.00675,13.41,0.00675,44.0
44.4,1784879899.38544,A1850_B1850,1,1850,1850,1850,1850,10.56689,22.2307,234.90942,0.12081,0.01266,-12.76969,-0.01968,0.06203,0.02428,12.76969,0.02428,44.0
44.42,1784879899.40544,A1850_B1850,1,1850,1850,1850,1850,10.59485,22.25278,235.76489,0.41266,-0.26707,-12.93328,0.01491,0.03489,0.01099,12.93328,0.01099,44.0
44.44,1784879899.42544,A1850_B1850,1,1850,1850,1850,1850,10.62281,22.27485,236.6216,-0.00974,-0.55768,-13.36533,0.03015,0.00682,-0.01841,13.36533,-0.01841,44.0
44.46,1784879899.44544,A1850_B1850,1,1850,1850,1850,1850,10.642,22.29,237.21018,-0.06612,-0.22961,-13.60245,-0.00064,0.03677,0.01158,13.60245,0.01158,44.0
44.48,1784879899.46544,A1850_B1850,1,1850,1850,1850,1850,10.642,22.29,237.21018,-0.20748,-0.27326,-12.38293,0.0144,0.00534,0.02406,12.38293,0.02406,44.0
44.5,1784879899.48544,A1850_B1850,1,1850,1850,1850,1850,10.642,22.29,237.21018,-0.16154,-0.86344,-13.42936,0.06625,0.01387,0.0029,13.42936,0.0029,44.0
44.52,1784879899.50544,A1850_B1850,1,1850,1850,1850,1850,10.62732,22.26798,236.64887,0.23321,-0.43458,-13.21072,0.05477,0.05786,-0.00811,13.21072,-0.00811,44.0
44.54,1784879899.52544,A1850_B1850,1,1850,1850,1850,1850,10.61236,22.24554,236.07769,-0.45985,-0.35073,-12.36465,0.01736,0.00341,0.00442,12.36465,0.00442,44.0
44.56,1784879899.54544,A1850_B1850,1,1850,1850,1850,1850,10.602,22.23,235.68246,-0.94586,-0.03385,-13.18637,-0.00465,-0.04067,0.01315,13.18637,0.01315,44.0
44.58,1784879899.56544,A1850_B1850,1,1850,1850,1850,1850,10.602,22.23,235.68246,0.15164,0.27836,-13.37677,-0.02165,0.05239,0.00371,13.37677,0.00371,44.0
44.6,1784879899.58544,A1850_B1850,1,1850,1850,1850,1850,10.60219,22.23076,235.69477,-0.8867,-0.97952,-13.39612,0.09953,-0.04303,-0.0126,13.39612,-0.0126,44.0
44.62,1784879899.60544,A1850_B1850,1,1850,1850,1850,1850,10.62028,22.30152,236.84832,-0.29499,-0.92704,-12.85324,0.05618,0.01421,0.02135,12.85324,0.02135,44.0
44.64,1784879899.62544,A1850_B1850,1,1850,1850,1850,1850,10.63836,22.37228,238.00443,0.00668,0.23268,-13.51907,-0.03469,0.01964,0.0109,13.51907,0.0109,44.0
44.66,1784879899.64544,A1850_B1850,1,1850,1850,1850,1850,10.648,22.41,238.62168,-0.72876,-0.06324,-12.8905,0.01649,-0.01399,0.00143,12.8905,0.00143,44.0
44.68,1784879899.66544,A1850_B1850,1,1850,1850,1850,1850,10.648,22.41,238.62168,-0.54197,-1.02012,-13.14501,0.08611,-0.02969,0.00284,13.14501,0.00284,44.0
44.7,1784879899.68544,A1850_B1850,1,1850,1850,1850,1850,10.647,22.40738,238.57135,-0.55065,-0.31628,-13.21843,0.03408,0.02053,0.00275,13.21843,0.00275,44.0
44.72,1784879899.70544,A1850_B1850,1,1850,1850,1850,1850,10.61468,22.32291,236.95045,-0.54527,-0.19943,-12.86344,0.02065,-0.02341,0.01333,12.86344,0.01333,44.0
44.74,1784879899.72544,A1850_B1850,1,1850,1850,1850,1850,10.58236,22.23843,235.33501,-0.55103,-0.66868,-13.0603,0.04331,-0.02785,0.00417,13.0603,0.00417,44.0
44.76,1784879899.74544,A1850_B1850,1,1850,1850,1850,1850,10.56,22.18,234.2208,0.20624,-0.55948,-13.37591,0.03789,0.05555,-0.01569,13.37591,-0.01569,44.0
44.78,1784879899.76544,A1850_B1850,1,1850,1850,1850,1850,10.56,22.18,234.2208,-0.33896,-0.10363,-13.65802,-0.00104,-0.00435,0.005,13.65802,0.005,44.0
44.8,1784879899.78544,A1850_B1850,1,1850,1850,1850,1850,10.56,22.18,234.2208,-0.77957,-0.46186,-12.5001,0.01626,-0.03437,0.02719,12.5001,0.02719,44.0
44.82,1784879899.80544,A1850_B1850,1,1850,1850,1850,1850,10.57056,22.20641,234.73429,-0.34996,-0.60063,-13.5869,0.06616,-0.002,0.00141,13.5869,0.00141,44.0
44.84,1784879899.82544,A1850_B1850,1,1850,1850,1850,1850,10.58193,22.23482,235.28718,-0.72714,0.03109,-13.40916,0.02057,-0.01745,0.00024,13.40916,0.00024,44.0
44.86,1784879899.84544,A1850_B1850,1,1850,1850,1850,1850,10.588,22.25,235.583,-1.12082,-0.39845,-12.35188,0.01273,-0.05739,0.02182,12.35188,0.02182,44.0
44.88,1784879899.86544,A1850_B1850,1,1850,1850,1850,1850,10.588,22.25,235.583,-0.15549,0.0673,-13.25656,-0.0185,0.01486,0.0144,13.25656,0.0144,44.0
44.9,1784879899.88544,A1850_B1850,1,1850,1850,1850,1850,10.588,22.25,235.583,0.02389,-0.09729,-13.48692,0.00621,0.03285,0.00203,13.48692,0.00203,44.0
44.92,1784879899.90544,A1850_B1850,1,1850,1850,1850,1850,10.62079,22.24302,236.23839,-1.01091,-0.80532,-12.64127,0.06433,-0.03459,0.00415,12.64127,0.00415,44.0
44.94,1784879899.92544,A1850_B1850,1,1850,1850,1850,1850,10.65421,22.23591,236.90618,-0.44242,-0.6306,-12.73799,0.03987,0.00316,0.01942,12.73799,0.01942,44.0
44.96,1784879899.94544,A1850_B1850,1,1850,1850,1850,1850,10.682,22.23,237.46086,-0.64066,0.10277,-13.97917,-0.0055,-0.02011,0.00962,13.97917,0.00962,44.0
44.98,1784879899.96544,A1850_B1850,1,1850,1850,1850,1850,10.682,22.23,237.46086,-0.93971,-0.32745,-13.46027,0.03697,-0.06825,-0.00838,13.46027,-0.00838,44.0
45.0,1784879899.98544,A1850_B1850,1,1850,1850,1850,1850,10.682,22.23,237.46086,-0.75459,-1.05828,-13.1441,0.08644,-0.03728,0.00219,13.1441,0.00219,44.0
45.02,1784879900.00544,A1850_B1850,1,1850,1850,1850,1850,10.66655,22.31459,238.01975,0.23394,-0.14579,-13.09375,0.0046,0.08388,0.01038,13.09375,0.01038,44.0
45.04,1784879900.02544,A1850_B1850,1,1850,1850,1850,1850,10.65079,22.40092,238.58747,0.03536,-0.92694,-12.87828,0.06779,0.03266,0.01229,12.87828,0.01229,44.0
45.06,1784879900.04544,A1850_B1850,1,1850,1850,1850,1850,10.64,22.46,238.9744,0.16438,-0.59598,-13.29912,0.05278,0.04817,0.00557,13.29912,0.00557,44.0
45.08,1784879900.06544,A1850_B1850,1,1850,1850,1850,1850,10.64,22.46,238.9744,0.34231,-0.46262,-12.7057,0.0397,0.07238,-0.0042,12.7057,-0.0042,44.0
45.1,1784879900.08544,A1850_B1850,1,1850,1850,1850,1850,10.64003,22.45806,238.9544,0.53902,-0.58848,-13.43253,0.01013,0.08143,0.01436,13.43253,0.01436,44.0
45.12,1784879900.10544,A1850_B1850,1,1850,1850,1850,1850,10.64113,22.38455,238.19692,-1.08437,-0.14409,-13.19572,0.00379,-0.08217,0.01048,13.19572,0.01048,44.0
45.14,1784879900.12544,A1850_B1850,1,1850,1850,1850,1850,10.64223,22.31104,237.43929,-0.33948,-0.61712,-13.71425,0.07858,0.00104,0.00443,13.71425,0.00443,44.0
45.16,1784879900.14544,A1850_B1850,1,1850,1850,1850,1850,10.643,22.26,236.91318,-0.1001,-0.48421,-13.82362,0.0364,0.04389,0.01124,13.82362,0.01124,44.0
45.18,1784879900.16544,A1850_B1850,1,1850,1850,1850,1850,10.643,22.26,236.91318,-0.55051,-0.44621,-12.18165,0.00049,-0.0121,0.0251,12.18165,0.0251,44.0
45.2,1784879900.18544,A1850_B1850,1,1850,1850,1850,1850,10.64229,22.25892,236.88595,0.27626,0.16908,-13.50002,0.00859,0.04591,-4e-05,13.50002,-4e-05,44.0
45.22,1784879900.20544,A1850_B1850,1,1850,1850,1850,1850,10.61984,22.22467,236.02232,0.23767,-1.03319,-13.69227,0.10897,0.04487,-0.00462,13.69227,-0.00462,44.0
45.24,1784879900.22544,A1850_B1850,1,1850,1850,1850,1850,10.59738,22.19041,235.16022,-0.39688,-1.05664,-12.63901,0.07185,0.0195,0.0135,12.63901,0.0135,44.0
45.26,1784879900.24544,A1850_B1850,1,1850,1850,1850,1850,10.584,22.17,234.64728,-0.96796,-0.21365,-13.34013,0.00924,-0.0624,0.00462,13.34013,0.00462,44.0
45.28,1784879900.26544,A1850_B1850,1,1850,1850,1850,1850,10.584,22.17,234.64728,-0.61705,0.05178,-14.05885,0.00805,-0.01395,0.00747,14.05885,0.00747,44.0
45.3,1784879900.28544,A1850_B1850,1,1850,1850,1850,1850,10.584,22.17,234.64728,-0.87044,-0.71618,-13.11544,0.07786,-0.04624,-0.00206,13.11544,-0.00206,44.0
45.32,1784879900.30544,A1850_B1850,1,1850,1850,1850,1850,10.60875,22.29,236.4691,-0.35502,-0.66486,-12.86656,0.04652,0.0106,0.00533,12.86656,0.00533,44.0
45.34,1784879900.32544,A1850_B1850,1,1850,1850,1850,1850,10.63539,22.41914,238.43621,-0.13299,0.16123,-13.23147,-0.03106,0.03898,0.00929,13.23147,0.00929,44.0
45.36,1784879900.34544,A1850_B1850,1,1850,1850,1850,1850,10.65,22.49,239.5185,0.70736,-0.85454,-12.5954,0.07167,0.07577,0.01338,12.5954,0.01338,44.0
45.38,1784879900.36544,A1850_B1850,1,1850,1850,1850,1850,10.65,22.49,239.5185,0.16278,-0.82724,-12.96023,0.09357,0.04357,0.00448,12.96023,0.00448,44.0
45.4,1784879900.38544,A1850_B1850,1,1850,1850,1850,1850,10.65,22.49,239.5185,-0.47655,-0.28219,-12.98032,0.00996,-0.00911,-0.01083,12.98032,-0.01083,44.0
45.42,1784879900.40544,A1850_B1850,1,1850,1850,1850,1850,10.62862,22.43654,238.46941,0.47885,-0.48734,-12.96165,0.00423,0.07012,0.01022,12.96165,0.01022,44.0
45.44,1784879900.42544,A1850_B1850,1,1850,1850,1850,1850,10.60678,22.38195,237.40036,0.38504,-0.34841,-13.13846,0.02259,0.0538,0.01906,13.13846,0.01906,44.0
45.46,1784879900.44544,A1850_B1850,1,1850,1850,1850,1850,10.594,22.35,236.7759,0.09984,-0.37721,-13.72337,0.07202,0.02559,-0.00904,13.72337,-0.00904,44.0
45.48,1784879900.46544,A1850_B1850,1,1850,1850,1850,1850,10.594,22.35,236.7759,-0.31904,-0.71364,-13.44756,0.04456,0.01022,0.00414,13.44756,0.00414,44.0
45.5,1784879900.48544,A1850_B1850,1,1850,1850,1850,1850,10.59432,22.35,236.78309,0.07328,-0.7079,-12.37143,0.04251,0.05952,0.0275,12.37143,0.0275,44.0
45.52,1784879900.50544,A1850_B1850,1,1850,1850,1850,1850,10.60459,22.35,237.01248,0.04935,-0.01937,-13.78741,0.03312,0.03026,-0.00222,13.78741,-0.00222,44.0
45.54,1784879900.52544,A1850_B1850,1,1850,1850,1850,1850,10.61485,22.35,237.24187,-0.31029,-0.54233,-13.63918,0.03796,-0.0015,-0.00553,13.63918,-0.00553,44.0
45.56,1784879900.54544,A1850_B1850,1,1850,1850,1850,1850,10.621,22.35,237.37935,-0.53737,-0.41782,-12.85453,0.01577,0.00307,0.00501,12.85453,0.00501,44.0
45.58,1784879900.56544,A1850_B1850,1,1850,1850,1850,1850,10.621,22.35,237.37935,-0.55897,0.02744,-13.26146,-0.00543,-0.00941,0.02142,13.26146,0.02142,44.0
45.6,1784879900.58544,A1850_B1850,1,1850,1850,1850,1850,10.621,22.35,237.37935,-0.00541,-0.03405,-13.73832,0.01826,0.00842,0.00699,13.73832,0.00699,44.0
45.62,1784879900.60544,A1850_B1850,1,1850,1850,1850,1850,10.59207,22.29808,236.18281,-0.03803,-0.96629,-12.81791,0.0751,0.00731,0.00152,12.81791,0.00152,44.0
45.64,1784879900.62544,A1850_B1850,1,1850,1850,1850,1850,10.56252,22.24504,234.96376,-0.95545,-0.40295,-13.07289,0.00687,-0.02199,0.01542,13.07289,0.01542,44.0
45.66,1784879900.64544,A1850_B1850,1,1850,1850,1850,1850,10.543,22.21,234.16003,-0.04694,0.41262,-14.01298,-0.02988,0.02175,0.01026,14.01298,0.01026,44.0
45.68,1784879900.66544,A1850_B1850,1,1850,1850,1850,1850,10.543,22.21,234.16003,0.01937,-0.55394,-12.63056,0.06374,0.01696,0.00752,12.63056,0.00752,44.0
45.7,1784879900.68544,A1850_B1850,1,1850,1850,1850,1850,10.543,22.21,234.16003,-0.60055,-0.80063,-13.45977,0.07935,0.00254,-0.00715,13.45977,-0.00715,44.0
45.72,1784879900.70544,A1850_B1850,1,1850,1850,1850,1850,10.61636,22.40088,237.81577,-0.52174,-0.64394,-13.02713,0.03147,-0.00769,0.01477,13.02713,0.01477,44.0
45.74,1784879900.72544,A1850_B1850,1,1850,1850,1850,1850,10.69521,22.60607,241.77669,0.74039,-0.15921,-12.70666,-0.01395,0.08112,0.00477,12.70666,0.00477,44.0
45.76,1784879900.74544,A1850_B1850,1,1850,1850,1850,1850,10.739,22.72,243.99008,-0.54172,-0.45275,-13.30482,0.05212,-0.03324,-0.01052,13.30482,-0.01052,44.0
45.78,1784879900.76544,A1850_B1850,1,1850,1850,1850,1850,10.739,22.72,243.99008,-0.4162,-0.68802,-13.27843,0.0598,-0.01167,0.00505,13.27843,0.00505,44.0
45.8,1784879900.78544,A1850_B1850,1,1850,1850,1850,1850,10.739,22.72,243.99008,0.01747,-0.6378,-12.95162,0.04003,0.03791,0.0167,12.95162,0.0167,44.0
45.82,1784879900.80544,A1850_B1850,1,1850,1850,1850,1850,10.67865,22.53319,240.62402,-0.48955,-0.00356,-12.85565,0.00073,-0.00701,0.01543,12.85565,0.01543,44.0
45.84,1784879900.82544,A1850_B1850,1,1850,1850,1850,1850,10.61707,22.34259,237.21279,0.19227,-0.27113,-13.73659,0.02907,0.03647,-0.00632,13.73659,-0.00632,44.0
45.86,1784879900.84544,A1850_B1850,1,1850,1850,1850,1850,10.571,22.2,234.6762,-0.31432,-0.41112,-13.02498,0.02272,0.01543,-0.00167,13.02498,-0.00167,44.0
45.88,1784879900.86544,A1850_B1850,1,1850,1850,1850,1850,10.571,22.2,234.6762,-0.81254,0.25896,-12.75129,-0.02421,-0.02608,0.00692,12.75129,0.00692,44.0
45.9,1784879900.88544,A1850_B1850,1,1850,1850,1850,1850,10.571,22.2,234.6762,-0.11538,-0.57217,-13.61071,0.04298,0.02215,0.0062,13.61071,0.0062,44.0
45.92,1784879900.90544,A1850_B1850,1,1850,1850,1850,1850,10.60729,22.23594,235.86311,0.10369,-0.47576,-13.61561,0.04486,0.01664,-0.00374,13.61561,-0.00374,44.0
45.94,1784879900.92544,A1850_B1850,1,1850,1850,1850,1850,10.64641,22.27466,237.14511,-0.01915,-0.37593,-12.5134,0.0238,0.01157,-0.01343,12.5134,-0.01343,44.0
45.96,1784879900.94544,A1850_B1850,1,1850,1850,1850,1850,10.672,22.3,237.9856,-0.77318,-0.03171,-13.32408,-0.02453,-0.0258,0.02157,13.32408,0.02157,44.0
45.98,1784879900.96544,A1850_B1850,1,1850,1850,1850,1850,10.672,22.3,237.9856,-0.58949,-0.23949,-13.67733,0.00879,-0.02385,0.01013,13.67733,0.01013,44.0
46.0,1784879900.98544,A1850_B1850,1,1850,1850,1850,1850,10.67202,22.30342,238.02263,-0.1699,-0.44488,-12.8013,0.03405,0.02171,0.0012,12.8013,0.0012,44.0
46.02,1784879901.00544,A1850_B1850,1,1850,1850,1850,1850,10.67279,22.41424,239.22246,-1.03307,-0.00752,-13.75543,0.00659,-0.04008,0.0067,13.75543,0.0067,44.0
46.04,1784879901.02544,A1850_B1850,1,1850,1850,1850,1850,10.67355,22.52507,240.42247,-0.63056,-0.30146,-13.13481,-0.00099,-0.02337,0.02164,13.13481,0.02164,44.0
46.06,1784879901.04544,A1850_B1850,1,1850,1850,1850,1850,10.674,22.59,241.12566,-0.19229,0.52703,-12.74968,-0.06692,0.03203,0.0124,12.74968,0.0124,44.0
46.08,1784879901.06544,A1850_B1850,1,1850,1850,1850,1850,10.674,22.59,241.12566,-0.69605,0.42672,-13.4339,-0.02477,-0.04683,-0.01078,13.4339,-0.01078,44.0
46.1,1784879901.08544,A1850_B1850,1,1850,1850,1850,1850,10.674,22.59,241.12566,-0.87168,-0.57875,-13.57415,0.03593,-0.03615,0.01363,13.57415,0.01363,44.0
46.12,1784879901.10544,A1850_B1850,1,1850,1850,1850,1850,10.6485,22.47708,239.34726,-1.00241,0.01444,-12.99452,-0.01406,-0.03732,0.02561,12.99452,0.02561,44.0
46.14,1784879901.12544,A1850_B1850,1,1850,1850,1850,1850,10.62069,22.3539,237.4138,-0.3365,-0.30363,-13.48477,0.0161,-0.01627,-0.00436,13.48477,-0.00436,44.0
46.16,1784879901.14544,A1850_B1850,1,1850,1850,1850,1850,10.604,22.28,236.25712,0.27831,-0.74875,-13.74479,0.05363,0.03271,0.00273,13.74479,0.00273,44.0
46.18,1784879901.16544,A1850_B1850,1,1850,1850,1850,1850,10.604,22.28,236.25712,0.38461,-0.00289,-12.85893,0.00103,0.05429,0.01447,12.85893,0.01447,44.0
46.2,1784879901.18544,A1850_B1850,1,1850,1850,1850,1850,10.60375,22.27933,236.24456,-0.02322,-0.44001,-12.71182,0.00354,0.04622,0.01034,12.71182,0.01034,44.0
46.22,1784879901.20544,A1850_B1850,1,1850,1850,1850,1850,10.59517,22.25593,235.80544,-0.19499,-0.52561,-13.2808,0.04575,0.00366,3e-05,13.2808,3e-05,44.0
46.24,1784879901.22544,A1850_B1850,1,1850,1850,1850,1850,10.58659,22.23253,235.36672,-0.77401,0.0752,-13.43686,0.02714,-0.05274,0.00524,13.43686,0.00524,44.0
46.26,1784879901.24544,A1850_B1850,1,1850,1850,1850,1850,10.582,22.22,235.13204,-0.10219,-0.43515,-12.54096,0.00072,0.03438,0.00829,12.54096,0.00829,44.0
46.28,1784879901.26544,A1850_B1850,1,1850,1850,1850,1850,10.582,22.22,235.13204,-0.31225,-0.22242,-13.72608,-0.00144,-0.01934,-0.00306,13.72608,-0.00306,44.0
46.3,1784879901.28544,A1850_B1850,1,1850,1850,1850,1850,10.582,22.22,235.13204,-0.89059,-0.34433,-13.88423,0.06508,-0.06404,-0.00725,13.88423,-0.00725,44.0
46.32,1784879901.30544,A1850_B1850,1,1850,1850,1850,1850,10.58919,22.26315,235.74872,-0.92655,-0.16244,-12.83563,0.02503,-0.03755,0.01259,12.83563,0.01259,44.0
46.34,1784879901.32544,A1850_B1850,1,1850,1850,1850,1850,10.5967,22.3082,236.3933,-0.91085,-0.24487,-13.34988,-0.00565,-0.04495,0.02084,13.34988,0.02084,44.0
46.36,1784879901.34544,A1850_B1850,1,1850,1850,1850,1850,10.602,22.34,236.84868,-1.28888,-0.12389,-13.32009,0.009,-0.06155,-9e-05,13.32009,-9e-05,44.0
46.38,1784879901.36544,A1850_B1850,1,1850,1850,1850,1850,10.602,22.34,236.84868,0.14356,-0.23805,-12.83306,0.033,0.03229,-0.00262,12.83306,-0.00262,44.0
46.4,1784879901.38544,A1850_B1850,1,1850,1850,1850,1850,10.6021,22.34048,236.85593,-0.21487,-0.00697,-13.75217,-0.0063,0.00622,0.00547,13.75217,0.00547,44.0
46.42,1784879901.40544,A1850_B1850,1,1850,1850,1850,1850,10.60521,22.35607,237.09093,-0.36982,-0.43309,-13.10917,-0.00564,-0.01229,0.00829,13.10917,0.00829,44.0
46.44,1784879901.42544,A1850_B1850,1,1850,1850,1850,1850,10.60833,22.37166,237.32603,0.06462,-0.24993,-12.76433,0.03552,0.04106,0.01238,12.76433,0.01238,44.0
46.46,1784879901.44544,A1850_B1850,1,1850,1850,1850,1850,10.61,22.38,237.4518,-0.9222,-0.44241,-13.9465,0.06268,-0.0657,-0.00269,13.9465,-0.00269,44.0
46.48,1784879901.46544,A1850_B1850,1,1850,1850,1850,1850,10.61,22.38,237.4518,-0.82881,-0.03206,-13.64604,-0.0159,-0.05025,0.00255,13.64604,0.00255,44.0
46.5,1784879901.48544,A1850_B1850,1,1850,1850,1850,1850,10.611,22.37725,237.44492,-0.60106,0.64491,-12.72911,-0.06909,-0.00564,0.0171,12.72911,0.0171,44.0
46.52,1784879901.50544,A1850_B1850,1,1850,1850,1850,1850,10.64407,22.286,237.21386,-0.3891,-1.03016,-13.10514,0.08766,0.01306,0.01126,13.10514,0.01126,44.0
46.54,1784879901.52544,A1850_B1850,1,1850,1850,1850,1850,10.67715,22.19475,236.97675,-0.04449,-0.68678,-13.47469,0.0778,0.03687,0.01084,13.47469,0.01084,44.0
46.56,1784879901.54544,A1850_B1850,1,1850,1850,1850,1850,10.697,22.14,236.83158,-0.03106,-0.02323,-12.7381,0.02342,0.00366,-0.00855,12.7381,-0.00855,44.0
46.58,1784879901.56544,A1850_B1850,1,1850,1850,1850,1850,10.697,22.14,236.83158,0.26939,-0.2726,-12.70255,-0.02767,0.06227,0.00945,12.70255,0.00945,44.0
46.6,1784879901.58544,A1850_B1850,1,1850,1850,1850,1850,10.697,22.14,236.83158,0.44941,-0.04948,-13.91849,-0.02023,0.06836,0.00957,13.91849,0.00957,44.0
46.62,1784879901.60544,A1850_B1850,1,1850,1850,1850,1850,10.68555,22.24342,237.68315,-0.1685,-0.37672,-13.68224,0.05494,-0.01856,-0.01255,13.68224,-0.01255,44.0
46.64,1784879901.62544,A1850_B1850,1,1850,1850,1850,1850,10.67321,22.35489,238.59838,-0.15317,-0.55489,-12.58743,0.03147,0.01492,0.01548,12.58743,0.01548,44.0
46.66,1784879901.64544,A1850_B1850,1,1850,1850,1850,1850,10.666,22.42,239.13172,-0.16969,-0.66457,-13.62973,0.03854,-0.00116,0.02089,13.62973,0.02089,44.0
46.68,1784879901.66544,A1850_B1850,1,1850,1850,1850,1850,10.666,22.42,239.13172,0.01823,-0.07565,-13.09134,0.02672,0.02222,-0.01444,13.09134,-0.01444,44.0
46.7,1784879901.68544,A1850_B1850,1,1850,1850,1850,1850,10.666,22.42,239.13172,-0.18195,-0.53485,-12.53951,0.04849,0.01659,-0.00364,12.53951,-0.00364,44.0
46.72,1784879901.70544,A1850_B1850,1,1850,1850,1850,1850,10.63186,22.30744,237.16959,-0.85232,-0.13158,-13.41997,0.0063,-0.04432,0.00638,13.41997,0.00638,44.0
46.74,1784879901.72544,A1850_B1850,1,1850,1850,1850,1850,10.59515,22.18643,235.06849,-0.96884,-0.32537,-13.34624,0.01849,-0.03858,0.00134,13.34624,0.00134,44.0
46.76,1784879901.74544,A1850_B1850,1,1850,1850,1850,1850,10.575,22.12,233.919,-0.56323,-0.30549,-12.68154,0.03033,-0.02657,-0.00125,12.68154,-0.00125,44.0
46.78,1784879901.76544,A1850_B1850,1,1850,1850,1850,1850,10.575,22.12,233.919,-0.29643,-0.70198,-12.96565,0.06466,-0.01339,0.00392,12.96565,0.00392,44.0
46.8,1784879901.78544,A1850_B1850,1,1850,1850,1850,1850,10.575,22.12,233.919,-0.61198,-0.22368,-13.52835,0.01117,-0.01923,0.01247,13.52835,0.01247,44.0
46.82,1784879901.80544,A1850_B1850,1,1850,1850,1850,1850,10.64436,22.37632,238.18161,-0.99021,0.14703,-12.98153,-0.00521,-0.05285,0.0014,12.98153,0.0014,44.0
46.84,1784879901.82544,A1850_B1850,1,1850,1850,1850,1850,10.71909,22.65249,242.81403,-0.99408,-1.09164,-13.80979,0.10662,-0.06815,-0.00788,13.80979,-0.00788,44.0
46.86,1784879901.84544,A1850_B1850,1,1850,1850,1850,1850,10.759,22.8,245.3052,-1.08651,-0.05566,-13.47041,0.02986,-0.04527,-0.0033,13.47041,-0.0033,44.0
46.88,1784879901.86544,A1850_B1850,1,1850,1850,1850,1850,10.759,22.8,245.3052,-0.31233,-0.40212,-12.7532,0.03684,0.01452,0.01782,12.7532,0.01782,44.0
46.9,1784879901.88544,A1850_B1850,1,1850,1850,1850,1850,10.759,22.8,245.3052,0.03302,-0.34048,-13.35617,0.01373,0.03852,0.01503,13.35617,0.01503,44.0
46.92,1784879901.90544,A1850_B1850,1,1850,1850,1850,1850,10.68544,22.57422,241.21552,-0.38937,-0.50704,-13.28399,0.05441,-0.01455,-0.01758,13.28399,-0.01758,44.0
46.94,1784879901.92544,A1850_B1850,1,1850,1850,1850,1850,10.60795,22.33638,236.94325,-0.88397,-0.34829,-13.2759,0.03705,-0.05799,-0.00178,13.2759,-0.00178,44.0
46.96,1784879901.94544,A1850_B1850,1,1850,1850,1850,1850,10.557,22.18,234.15426,-0.81219,-0.33343,-12.93661,0.01821,-0.05362,0.02096,12.93661,0.02096,44.0
46.98,1784879901.96544,A1850_B1850,1,1850,1850,1850,1850,10.557,22.18,234.15426,-0.24233,-0.58946,-13.57196,0.03245,0.02336,0.01471,13.57196,0.01471,44.0
47.0,1784879901.98544,A1850_B1850,1,1850,1850,1850,1850,10.55841,22.18107,234.19674,-0.10725,-0.38947,-13.16694,0.05059,0.02959,-0.00083,13.16694,-0.00083,44.0
47.02,1784879902.00544,A1850_B1850,1,1850,1850,1850,1850,10.6047,22.21607,235.5947,-0.02373,-0.71387,-12.64045,0.06065,0.00805,0.01713,12.64045,0.01713,44.0
47.04,1784879902.02544,A1850_B1850,1,1850,1850,1850,1850,10.65098,22.25108,236.9959,-0.42281,0.24339,-13.44946,-0.02707,-0.00237,0.01503,13.44946,0.01503,44.0
47.06,1784879902.04544,A1850_B1850,1,1850,1850,1850,1850,10.676,22.27,237.75452,-0.8148,-0.27822,-12.75739,0.0144,-0.01555,0.00326,12.75739,0.00326,44.0
47.08,1784879902.06544,A1850_B1850,1,1850,1850,1850,1850,10.676,22.27,237.75452,-1.09574,-0.36353,-13.19126,0.04914,-0.05756,0.00824,13.19126,0.00824,44.0
47.1,1784879902.08544,A1850_B1850,1,1850,1850,1850,1850,10.676,22.27,237.75452,-0.68619,-0.14636,-13.6504,0.02028,-0.06974,0.00589,13.6504,0.00589,44.0
47.12,1784879902.10544,A1850_B1850,1,1850,1850,1850,1850,10.64456,22.28894,237.256,-0.0149,-0.36656,-13.22554,0.00738,0.0296,0.01224,13.22554,0.01224,44.0
47.14,1784879902.12544,A1850_B1850,1,1850,1850,1850,1850,10.61135,22.30894,236.72809,0.15408,-0.72042,-12.68628,0.03889,0.0544,-0.00092,12.68628,-0.00092,44.0
47.16,1784879902.14544,A1850_B1850,1,1850,1850,1850,1850,10.593,22.32,236.43576,-0.38976,-1.01058,-13.54374,0.1025,-0.03265,-0.01551,13.54374,-0.01551,44.0
47.18,1784879902.16544,A1850_B1850,1,1850,1850,1850,1850,10.593,22.32,236.43576,-0.01041,-0.18551,-13.07264,0.03897,0.02694,0.0039,13.07264,0.0039,44.0
47.2,1784879902.18544,A1850_B1850,1,1850,1850,1850,1850,10.593,22.32,236.43576,0.03603,-0.85352,-12.4887,0.05406,0.04663,0.02055,12.4887,0.02055,44.0
47.22,1784879902.20544,A1850_B1850,1,1850,1850,1850,1850,10.61704,22.31271,236.89506,0.08895,-1.11373,-13.34571,0.09094,0.04657,-0.00041,13.34571,-0.00041,44.0
47.24,1784879902.22544,A1850_B1850,1,1850,1850,1850,1850,10.64158,22.30528,237.36337,0.4001,-0.28194,-13.18502,0.02205,0.05012,-0.01211,13.18502,-0.01211,44.0
47.26,1784879902.24544,A1850_B1850,1,1850,1850,1850,1850,10.659,22.3,237.6957,0.41735,-0.36391,-12.90057,0.0288,0.06338,0.00813,12.90057,0.00813,44.0
47.28,1784879902.26544,A1850_B1850,1,1850,1850,1850,1850,10.659,22.3,237.6957,0.21456,-0.6526,-12.81681,0.02666,0.05236,0.01915,12.81681,0.01915,44.0
47.3,1784879902.28544,A1850_B1850,1,1850,1850,1850,1850,10.65827,22.2986,237.66456,-0.16832,-0.64842,-13.78878,0.06129,0.02487,-0.00418,13.78878,-0.00418,44.0
47.32,1784879902.30544,A1850_B1850,1,1850,1850,1850,1850,10.62859,22.24151,236.39584,-0.6499,-0.54241,-13.19791,0.07865,-0.04449,-0.00453,13.19791,-0.00453,44.0
47.34,1784879902.32544,A1850_B1850,1,1850,1850,1850,1850,10.5989,22.18442,235.13052,-1.134,-0.25551,-13.06707,0.01718,-0.07069,0.02454,13.06707,0.02454,44.0
47.36,1784879902.34544,A1850_B1850,1,1850,1850,1850,1850,10.581,22.15,234.36915,-0.88227,0.49158,-13.5747,-0.06791,-0.01894,0.00782,13.5747,0.00782,44.0
47.38,1784879902.36544,A1850_B1850,1,1850,1850,1850,1850,10.581,22.15,234.36915,0.1438,-0.5176,-12.76554,0.03288,0.03717,-0.0018,12.76554,-0.0018,44.0
47.4,1784879902.38544,A1850_B1850,1,1850,1850,1850,1850,10.5813,22.15327,234.41042,0.1577,-0.35493,-13.06044,0.05226,0.04517,0.01064,13.06044,0.01064,44.0
47.42,1784879902.40544,A1850_B1850,1,1850,1850,1850,1850,10.59143,22.26231,235.78967,-0.61781,-0.06941,-13.30527,0.00193,-0.01772,0.0122,13.30527,0.0122,44.0
47.44,1784879902.42544,A1850_B1850,1,1850,1850,1850,1850,10.60155,22.37135,237.17113,-1.0167,-0.39858,-13.05802,0.0124,-0.05527,0.00303,13.05802,0.00303,44.0
47.46,1784879902.44544,A1850_B1850,1,1850,1850,1850,1850,10.607,22.43,237.91501,-0.3657,-0.70731,-12.93518,0.05189,-0.01311,-0.00643,12.93518,-0.00643,44.0
47.48,1784879902.46544,A1850_B1850,1,1850,1850,1850,1850,10.607,22.43,237.91501,-0.28154,0.08188,-14.16279,0.00975,0.00026,0.00927,14.16279,0.00927,44.0
47.5,1784879902.48544,A1850_B1850,1,1850,1850,1850,1850,10.607,22.43,237.91501,-0.99003,0.57574,-13.32297,-0.05339,-0.06172,-0.00092,13.32297,-0.00092,44.0
47.52,1784879902.50544,A1850_B1850,1,1850,1850,1850,1850,10.61298,22.38144,237.53373,-0.71843,-0.83053,-12.49324,0.04053,-0.02285,0.01845,12.49324,0.01845,44.0
47.54,1784879902.52544,A1850_B1850,1,1850,1850,1850,1850,10.61942,22.32908,237.12187,0.53739,-0.63292,-13.54671,0.07401,0.0882,0.00236,13.54671,0.00236,44.0
47.56,1784879902.54544,A1850_B1850,1,1850,1850,1850,1850,10.623,22.3,236.8929,-0.06415,-0.36281,-12.96775,0.04823,0.01955,0.00015,12.96775,0.00015,44.0
47.58,1784879902.56544,A1850_B1850,1,1850,1850,1850,1850,10.623,22.3,236.8929,-0.28238,-0.25349,-13.05363,-0.00198,-0.01129,0.00229,13.05363,0.00229,44.0
47.6,1784879902.58544,A1850_B1850,1,1850,1850,1850,1850,10.623,22.3,236.8929,-0.63213,-0.33955,-13.49847,0.02792,-0.02046,0.00252,13.49847,0.00252,44.0
47.62,1784879902.60544,A1850_B1850,1,1850,1850,1850,1850,10.62778,22.23751,236.33536,-0.72583,-0.67883,-13.47645,0.07443,-0.0222,0.00098,13.47645,0.00098,44.0
47.64,1784879902.62544,A1850_B1850,1,1850,1850,1850,1850,10.63266,22.17372,235.76559,-1.09894,-0.51855,-12.97265,0.05437,-0.06983,0.00592,12.97265,0.00592,44.0
47.66,1784879902.64544,A1850_B1850,1,1850,1850,1850,1850,10.636,22.13,235.37468,-1.37645,0.17849,-13.14237,-0.02554,-0.08783,0.01061,13.14237,0.01061,44.0
47.68,1784879902.66544,A1850_B1850,1,1850,1850,1850,1850,10.636,22.13,235.37468,-0.06008,0.21981,-13.58614,-0.03109,0.05151,0.00149,13.58614,0.00149,44.0
47.7,1784879902.68544,A1850_B1850,1,1850,1850,1850,1850,10.63497,22.13236,235.37698,0.83749,-1.12529,-12.96177,0.09002,0.11155,0.00315,12.96177,0.00315,44.0
47.72,1784879902.70544,A1850_B1850,1,1850,1850,1850,1850,10.58822,22.23943,235.47587,-0.03612,-0.42363,-13.16706,0.04651,0.01823,-0.00783,13.16706,-0.00783,44.0
47.74,1784879902.72544,A1850_B1850,1,1850,1850,1850,1850,10.54147,22.34649,235.56476,-0.55748,0.03345,-13.4697,0.00109,-0.01637,0.01013,13.4697,0.01013,44.0
47.76,1784879902.74544,A1850_B1850,1,1850,1850,1850,1850,10.505,22.43,235.62715,0.03975,-0.97381,-12.9767,0.08864,0.03452,-0.002,12.9767,-0.002,44.0
47.78,1784879902.76544,A1850_B1850,1,1850,1850,1850,1850,10.505,22.43,235.62715,-0.22993,-0.69524,-13.26462,0.06861,-0.01095,-0.0206,13.26462,-0.0206,44.0
47.8,1784879902.78544,A1850_B1850,1,1850,1850,1850,1850,10.50581,22.42803,235.62462,0.07709,-0.154,-13.39431,0.00044,0.02738,0.00794,13.39431,0.00794,44.0
47.82,1784879902.80544,A1850_B1850,1,1850,1850,1850,1850,10.53413,22.35915,235.53414,-0.01688,-0.19128,-12.9133,0.00299,0.02859,0.01289,12.9133,0.01289,44.0
47.84,1784879902.82544,A1850_B1850,1,1850,1850,1850,1850,10.56244,22.29027,235.43975,-0.04568,-1.00162,-12.88177,0.09415,0.04873,0.00535,12.88177,0.00535,44.0
47.86,1784879902.84544,A1850_B1850,1,1850,1850,1850,1850,10.579,22.25,235.38275,0.16232,-0.67344,-13.9533,0.07933,0.04754,-0.01423,13.9533,-0.01423,44.0
47.88,1784879902.86544,A1850_B1850,1,1850,1850,1850,1850,10.579,22.25,235.38275,-0.73041,-0.29483,-13.19525,0.02193,-0.03061,0.00136,13.19525,0.00136,44.0
47.9,1784879902.88544,A1850_B1850,1,1850,1850,1850,1850,10.57998,22.25036,235.40837,-0.25972,0.39611,-12.84953,-0.04556,0.00646,0.00366,12.84953,0.00366,44.0
47.92,1784879902.90544,A1850_B1850,1,1850,1850,1850,1850,10.63174,22.26911,236.75943,-1.03395,-0.33072,-13.56593,0.03186,-0.04312,-0.01215,13.56593,-0.01215,44.0
47.94,1784879902.92544,A1850_B1850,1,1850,1850,1850,1850,10.6835,22.28786,238.11243,-1.48055,-0.60966,-13.23702,0.05407,-0.10079,-0.00645,13.23702,-0.00645,44.0
47.96,1784879902.94544,A1850_B1850,1,1850,1850,1850,1850,10.717,22.3,238.9891,-1.40586,-0.09526,-13.36816,-0.01082,-0.06952,0.01736,13.36816,0.01736,44.0
47.98,1784879902.96544,A1850_B1850,1,1850,1850,1850,1850,10.717,22.3,238.9891,-0.72755,0.63031,-13.37644,-0.05269,-0.04308,0.00885,13.37644,0.00885,44.0
48.0,1784879902.98544,A1850_B1850,1,1850,1850,1850,1850,10.71536,22.29872,238.93883,-0.73895,0.08024,-12.97211,-0.01399,-0.02585,0.00761,12.97211,0.00761,44.0
48.02,1784879903.00544,A1850_B1850,1,1850,1850,1850,1850,10.66041,22.25586,237.25665,-0.92431,-0.37476,-13.01994,0.02108,-0.04281,-0.00306,13.01994,-0.00306,44.0
48.04,1784879903.02544,A1850_B1850,1,1850,1850,1850,1850,10.60547,22.21299,235.57918,-0.88586,0.3185,-13.40856,-0.02579,-0.02504,0.01976,13.40856,0.01976,44.0
48.06,1784879903.04544,A1850_B1850,1,1850,1850,1850,1850,10.576,22.19,234.68144,-0.89437,0.20653,-13.39825,-0.03458,-0.04113,0.0252,13.39825,0.0252,44.0
48.08,1784879903.06544,A1850_B1850,1,1850,1850,1850,1850,10.576,22.19,234.68144,-0.70977,-0.77871,-13.00649,0.05778,-0.02481,-0.01021,13.00649,-0.01021,44.0
48.1,1784879903.08544,A1850_B1850,1,1850,1850,1850,1850,10.576,22.19,234.68144,-0.32215,-0.03856,-13.49471,-0.00892,0.01522,0.00499,13.49471,0.00499,44.0
48.12,1784879903.10544,A1850_B1850,1,1850,1850,1850,1850,10.63322,22.29753,237.09467,-0.02305,-0.0164,-13.69587,0.00129,-0.0043,0.01406,13.69587,0.01406,44.0
48.14,1784879903.12544,A1850_B1850,1,1850,1850,1850,1850,10.69166,22.40734,239.57159,-0.11632,-0.52191,-12.93002,0.03871,0.02948,0.01143,12.93002,0.01143,44.0
48.16,1784879903.14544,A1850_B1850,1,1850,1850,1850,1850,10.725,22.47,240.99075,-0.85615,-0.58179,-13.19923,0.0565,-0.0174,-0.0026,13.19923,-0.0026,44.0
48.18,1784879903.16544,A1850_B1850,1,1850,1850,1850,1850,10.725,22.47,240.99075,-0.41933,-0.27373,-13.96155,0.01316,-0.00718,-0.00031,13.96155,-0.00031,44.0
48.2,1784879903.18544,A1850_B1850,1,1850,1850,1850,1850,10.725,22.47,240.99075,-0.81223,0.38121,-12.3404,-0.04452,-0.03525,0.02699,12.3404,0.02699,44.0
48.22,1784879903.20544,A1850_B1850,1,1850,1850,1850,1850,10.69007,22.36338,239.06624,-1.04007,0.03633,-13.22294,-0.01817,-0.04211,0.01677,13.22294,0.01677,44.0
48.24,1784879903.22544,A1850_B1850,1,1850,1850,1850,1850,10.65437,22.2544,237.10668,-0.39967,-0.89495,-13.92235,0.06757,0.01229,-0.01086,13.92235,-0.01086,44.0
48.26,1784879903.24544,A1850_B1850,1,1850,1850,1850,1850,10.63,22.18,235.7734,-0.11442,-0.62911,-12.93024,0.06709,0.00179,-0.0005,12.93024,-0.0005,44.0
48.28,1784879903.26544,A1850_B1850,1,1850,1850,1850,1850,10.63,22.18,235.7734,0.03059,-0.1289,-12.54834,0.00413,0.02799,0.02227,12.54834,0.02227,44.0
48.3,1784879903.28544,A1850_B1850,1,1850,1850,1850,1850,10.62959,22.18084,235.77325,-0.05027,-0.77231,-13.49805,0.04613,0.02259,-0.00567,13.49805,-0.00567,44.0
48.32,1784879903.30544,A1850_B1850,1,1850,1850,1850,1850,10.61471,22.21137,235.76719,-1.0848,-0.55809,-13.14764,0.0681,-0.08308,-0.01316,13.14764,-0.01316,44.0
48.34,1784879903.32544,A1850_B1850,1,1850,1850,1850,1850,10.59982,22.2419,235.76022,-0.9066,-0.14305,-13.04584,0.02316,-0.02961,-0.00013,13.04584,-0.00013,44.0
48.36,1784879903.34544,A1850_B1850,1,1850,1850,1850,1850,10.591,22.26,235.75566,0.06475,-0.10394,-13.36006,0.00484,0.04906,0.02282,13.36006,0.02282,44.0
48.38,1784879903.36544,A1850_B1850,1,1850,1850,1850,1850,10.591,22.26,235.75566,-0.5632,-0.66385,-12.9769,0.05132,-0.01833,0.01,12.9769,0.01,44.0
48.4,1784879903.38544,A1850_B1850,1,1850,1850,1850,1850,10.591,22.26,235.75566,0.10005,-0.90027,-13.01669,0.08785,0.04116,-0.02172,13.01669,-0.02172,44.0
48.42,1784879903.40544,A1850_B1850,1,1850,1850,1850,1850,10.58657,22.23415,235.3833,0.02981,0.0663,-13.40437,0.01111,0.02975,0.00911,13.40437,0.00911,44.0
48.44,1784879903.42544,A1850_B1850,1,1850,1850,1850,1850,10.58164,22.20539,234.96947,-0.72832,0.49367,-13.69327,-0.07682,-0.04889,0.01898,13.69327,0.01898,44.0
48.46,1784879903.44544,A1850_B1850,1,1850,1850,1850,1850,10.579,22.19,234.74801,-1.01589,-0.50604,-12.47898,0.03336,-0.04582,-0.00386,12.47898,-0.00386,44.0
48.48,1784879903.46544,A1850_B1850,1,1850,1850,1850,1850,10.579,22.19,234.74801,-0.89454,-0.61736,-13.48959,0.06375,-0.04514,-0.00199,13.48959,-0.00199,44.0
48.5,1784879903.48544,A1850_B1850,1,1850,1850,1850,1850,10.579,22.19,234.74801,-1.10289,0.15762,-13.88088,-0.03346,-0.05546,0.02985,13.88088,0.02985,44.0
48.52,1784879903.50544,A1850_B1850,1,1850,1850,1850,1850,10.62504,22.26308,236.54602,-1.17827,0.45218,-12.62042,-0.05536,-0.0572,0.01537,12.62042,0.01537,44.0
48.54,1784879903.52544,A1850_B1850,1,1850,1850,1850,1850,10.67218,22.3379,238.39406,0.04021,-0.40714,-13.48894,0.04295,0.04645,-0.00383,13.48894,-0.00383,44.0
48.56,1784879903.54544,A1850_B1850,1,1850,1850,1850,1850,10.705,22.39,239.68495,0.44449,-1.33062,-13.47335,0.1008,0.06314,-0.00362,13.47335,-0.00362,44.0
48.58,1784879903.56544,A1850_B1850,1,1850,1850,1850,1850,10.705,22.39,239.68495,-1.01128,0.30899,-12.51834,-0.02637,-0.04362,0.0199,12.51834,0.0199,44.0
48.6,1784879903.58544,A1850_B1850,1,1850,1850,1850,1850,10.705,22.39,239.68495,-1.18694,0.23647,-12.78806,-0.02717,-0.08014,0.01186,12.78806,0.01186,44.0
48.62,1784879903.60544,A1850_B1850,1,1850,1850,1850,1850,10.68816,22.40464,239.46446,-0.28698,-1.12241,-13.84905,0.09715,0.01451,-0.00097,13.84905,-0.00097,44.0
48.64,1784879903.62544,A1850_B1850,1,1850,1850,1850,1850,10.67097,22.41959,239.2388,-0.38618,-0.45856,-13.03918,0.04711,-0.00791,0.00192,13.03918,0.00192,44.0
48.66,1784879903.64544,A1850_B1850,1,1850,1850,1850,1850,10.659,22.43,239.08137,-1.12579,0.72046,-13.13255,-0.06397,-0.06619,0.0012,13.13255,0.0012,44.0
48.68,1784879903.66544,A1850_B1850,1,1850,1850,1850,1850,10.659,22.43,239.08137,-0.20618,-0.55607,-13.57007,0.03319,0.01519,0.01827,13.57007,0.01827,44.0
48.7,1784879903.68544,A1850_B1850,1,1850,1850,1850,1850,10.65825,22.42815,239.04481,-0.33001,-0.74258,-12.71022,0.07564,-0.0164,0.00114,12.71022,0.00114,44.0
48.72,1784879903.70544,A1850_B1850,1,1850,1850,1850,1850,10.62901,22.35599,237.62201,-0.44729,-0.50518,-13.49427,0.04428,0.01543,0.00301,13.49427,0.00301,44.0
48.74,1784879903.72544,A1850_B1850,1,1850,1850,1850,1850,10.59976,22.28384,236.20342,0.15411,-0.45377,-12.94883,0.01054,0.02617,0.00475,12.94883,0.00475,44.0
48.76,1784879903.74544,A1850_B1850,1,1850,1850,1850,1850,10.582,22.24,235.34368,-0.36104,-0.01633,-13.00081,-0.01197,-0.01125,0.00761,13.00081,0.00761,44.0
48.78,1784879903.76544,A1850_B1850,1,1850,1850,1850,1850,10.582,22.24,235.34368,0.20245,-0.99417,-13.13076,0.08844,0.06524,-0.00074,13.13076,-0.00074,44.0
48.8,1784879903.78544,A1850_B1850,1,1850,1850,1850,1850,10.582,22.24,235.34368,-1.0516,-0.33734,-13.7776,0.03766,-0.07722,-0.00965,13.7776,-0.00965,44.0
48.82,1784879903.80544,A1850_B1850,1,1850,1850,1850,1850,10.60273,22.29278,236.36439,-1.5389,0.02615,-13.54322,-0.02358,-0.09996,0.02711,13.54322,0.02711,44.0
48.84,1784879903.82544,A1850_B1850,1,1850,1850,1850,1850,10.62504,22.34956,237.46508,-0.65049,-0.11371,-12.52697,0.01023,-0.01093,0.01922,12.52697,0.01922,44.0
48.86,1784879903.84544,A1850_B1850,1,1850,1850,1850,1850,10.637,22.38,238.05606,0.27176,-0.7989,-13.46509,0.07518,0.05548,-0.005,13.46509,-0.005,44.0
48.88,1784879903.86544,A1850_B1850,1,1850,1850,1850,1850,10.637,22.38,238.05606,-1.19386,-0.2596,-13.55104,0.00712,-0.06935,0.01113,13.55104,0.01113,44.0
48.9,1784879903.88544,A1850_B1850,1,1850,1850,1850,1850,10.637,22.38,238.05606,-0.68348,0.5468,-12.55296,-0.05226,-0.00886,0.02678,12.55296,0.02678,44.0
48.92,1784879903.90544,A1850_B1850,1,1850,1850,1850,1850,10.61265,22.35135,237.20705,-0.76722,-0.43841,-13.31175,0.03703,-0.0191,0.01486,13.31175,0.01486,44.0
48.94,1784879903.92544,A1850_B1850,1,1850,1850,1850,1850,10.58635,22.32041,236.29158,-0.30297,-1.00445,-13.66348,0.07419,-0.00473,-0.01186,13.66348,-0.01186,44.0
48.96,1784879903.94544,A1850_B1850,1,1850,1850,1850,1850,10.569,22.3,235.6887,0.01646,-0.20599,-12.89557,-0.00148,0.0231,0.01085,12.89557,0.01085,44.0
48.98,1784879903.96544,A1850_B1850,1,1850,1850,1850,1850,10.569,22.3,235.6887,-0.30842,0.77509,-13.58747,-0.08627,0.00356,0.03727,13.58747,0.03727,44.0
49.0,1784879903.98544,A1850_B1850,1,1850,1850,1850,1850,10.569,22.3,235.6887,-0.57109,-0.44826,-14.06879,0.03671,-0.02635,0.00161,14.06879,0.00161,44.0
49.02,1784879904.00544,A1850_B1850,1,1850,1850,1850,1850,10.57055,22.26891,235.39477,-0.95532,-0.55928,-12.84459,0.06766,-0.03374,-0.01665,12.84459,-0.01665,44.0
49.04,1784879904.02544,A1850_B1850,1,1850,1850,1850,1850,10.57215,22.23707,235.09359,-0.46122,-0.21402,-13.33807,0.01739,0.00848,0.01934,13.33807,0.01934,44.0
49.06,1784879904.04544,A1850_B1850,1,1850,1850,1850,1850,10.573,22.22,234.93206,0.12201,-0.32077,-13.55241,0.01736,0.02335,0.02203,13.55241,0.02203,44.0
49.08,1784879904.06544,A1850_B1850,1,1850,1850,1850,1850,10.573,22.22,234.93206,-0.07857,-0.23779,-12.74445,0.01915,0.02789,-0.0129,12.74445,-0.0129,44.0
49.1,1784879904.08544,A1850_B1850,1,1850,1850,1850,1850,10.573,22.22,234.93206,-0.21904,-0.64812,-13.24569,0.04317,0.01591,-0.00087,13.24569,-0.00087,44.0
49.12,1784879904.10544,A1850_B1850,1,1850,1850,1850,1850,10.59927,22.24704,235.80248,-0.44551,-0.68107,-13.23418,0.0497,-0.00263,0.00784,13.23418,0.00784,44.0
49.14,1784879904.12544,A1850_B1850,1,1850,1850,1850,1850,10.62615,22.27471,236.6943,-0.57256,0.27166,-13.27213,-0.0308,-0.02395,0.01084,13.27213,0.01084,44.0
49.16,1784879904.14544,A1850_B1850,1,1850,1850,1850,1850,10.641,22.29,237.18789,-1.21433,-0.30822,-13.26713,0.02959,-0.06061,0.00149,13.26713,0.00149,44.0
49.18,1784879904.16544,A1850_B1850,1,1850,1850,1850,1850,10.641,22.29,237.18789,-0.7448,-1.26041,-13.49874,0.07994,-0.03833,-0.00688,13.49874,-0.00688,44.0
49.2,1784879904.18544,A1850_B1850,1,1850,1850,1850,1850,10.641,22.29,237.18789,0.03274,0.59327,-13.57812,-0.04991,0.04358,0.01622,13.57812,0.01622,44.0
49.22,1784879904.20544,A1850_B1850,1,1850,1850,1850,1850,10.637,22.33365,237.563,-0.63575,0.03875,-12.8966,0.00594,-0.0299,0.0158,12.8966,0.0158,44.0
49.24,1784879904.22544,A1850_B1850,1,1850,1850,1850,1850,10.63284,22.37902,237.95251,-1.14691,-1.08876,-13.37511,0.10162,-0.05797,-0.01504,13.37511,-0.01504,44.0
49.26,1784879904.24544,A1850_B1850,1,1850,1850,1850,1850,10.63,22.41,238.2183,-0.516,-0.00605,-13.51697,0.00184,-0.00086,-0.00419,13.51697,-0.00419,44.0
49.28,1784879904.26544,A1850_B1850,1,1850,1850,1850,1850,10.63,22.41,238.2183,-1.00188,0.41193,-13.49631,-0.03121,-0.07736,0.01387,13.49631,0.01387,44.0
49.3,1784879904.28544,A1850_B1850,1,1850,1850,1850,1850,10.63,22.41,238.2183,-1.0624,-0.15824,-13.59342,0.01346,-0.05249,0.00594,13.59342,0.00594,44.0
49.32,1784879904.30544,A1850_B1850,1,1850,1850,1850,1850,10.60976,22.32381,236.85033,-0.46922,-0.5756,-13.316,0.05271,-0.02462,-0.00288,13.316,-0.00288,44.0
49.34,1784879904.32544,A1850_B1850,1,1850,1850,1850,1850,10.58798,22.23102,235.38162,-0.65457,-0.45237,-13.25936,0.05044,-0.02097,0.00478,13.25936,0.00478,44.0
49.36,1784879904.34544,A1850_B1850,1,1850,1850,1850,1850,10.576,22.18,234.57568,-0.76059,-0.34269,-14.05198,0.02046,-0.02483,0.01138,14.05198,0.01138,44.0
49.38,1784879904.36544,A1850_B1850,1,1850,1850,1850,1850,10.576,22.18,234.57568,0.4278,-0.34824,-12.40799,0.05183,0.03654,-0.00755,12.40799,-0.00755,44.0
49.4,1784879904.38544,A1850_B1850,1,1850,1850,1850,1850,10.576,22.18,234.57568,-0.12656,-0.85991,-12.94546,0.05267,0.04577,-0.00731,12.94546,-0.00731,44.0
49.42,1784879904.40544,A1850_B1850,1,1850,1850,1850,1850,10.60525,22.23484,235.80596,-0.43386,-0.36728,-14.08416,0.0132,-0.01485,0.02539,14.08416,0.02539,44.0
49.44,1784879904.42544,A1850_B1850,1,1850,1850,1850,1850,10.6352,22.29099,237.06909,-0.94561,0.09658,-12.87987,-0.0176,-0.03583,0.01908,12.87987,0.01908,44.0
49.46,1784879904.44544,A1850_B1850,1,1850,1850,1850,1850,10.656,22.33,237.94848,-1.27641,-0.65437,-12.95714,0.05519,-0.0964,-0.01635,12.95714,-0.01635,44.0
49.48,1784879904.46544,A1850_B1850,1,1850,1850,1850,1850,10.656,22.33,237.94848,-0.07482,-0.38486,-13.7408,0.03062,0.01569,0.00385,13.7408,0.00385,44.0
49.5,1784879904.48544,A1850_B1850,1,1850,1850,1850,1850,10.656,22.33,237.94848,-0.25995,0.11104,-13.20834,-0.0337,0.02162,0.02796,13.20834,0.02796,44.0
49.52,1784879904.50544,A1850_B1850,1,1850,1850,1850,1850,10.63638,22.26461,236.81488,-0.62053,0.05825,-13.01315,-0.01689,-0.01267,0.01786,13.01315,0.01786,44.0
49.54,1784879904.52544,A1850_B1850,1,1850,1850,1850,1850,10.61635,22.19784,235.6601,-1.52436,-0.7283,-13.34332,0.06424,-0.11181,0.00657,13.34332,0.00657,44.0
49.56,1784879904.54544,A1850_B1850,1,1850,1850,1850,1850,10.602,22.15,234.8343,-1.39402,0.13077,-13.30743,0.00984,-0.07028,0.00529,13.30743,0.00529,44.0
49.58,1784879904.56544,A1850_B1850,1,1850,1850,1850,1850,10.602,22.15,234.8343,0.11773,-0.27741,-13.49916,0.01139,0.04341,0.00629,13.49916,0.00629,44.0
49.6,1784879904.58544,A1850_B1850,1,1850,1850,1850,1850,10.60223,22.14759,234.81385,0.10086,-0.37123,-12.88362,-0.00391,0.01006,0.00189,12.88362,0.00189,44.0
49.62,1784879904.60544,A1850_B1850,1,1850,1850,1850,1850,10.61026,22.06343,234.09883,-0.532,-0.25668,-13.39374,0.06202,-0.00951,-0.01492,13.39374,-0.01492,44.0
49.64,1784879904.62544,A1850_B1850,1,1850,1850,1850,1850,10.6183,21.97928,233.38246,-0.52252,-0.93725,-13.40297,0.06109,-0.00457,0.01448,13.40297,0.01448,44.0
49.66,1784879904.64544,A1850_B1850,1,1850,1850,1850,1850,10.623,21.93,232.96239,-1.01728,0.05855,-12.76304,-0.02811,-0.05931,0.0168,12.76304,0.0168,44.0
49.68,1784879904.66544,A1850_B1850,1,1850,1850,1850,1850,10.623,21.93,232.96239,0.07584,-0.23754,-13.59546,0.01075,0.01741,-0.00709,13.59546,-0.00709,44.0
49.7,1784879904.68544,A1850_B1850,1,1850,1850,1850,1850,10.623,21.93,232.96239,-0.4225,-0.18266,-12.92075,0.0233,0.00876,0.00736,12.92075,0.00736,44.0
49.72,1784879904.70544,A1850_B1850,1,1850,1850,1850,1850,10.63673,22.11929,235.27702,-1.31775,-0.0492,-13.76789,-0.00477,-0.0969,0.0058,13.76789,0.0058,44.0
49.74,1784879904.72544,A1850_B1850,1,1850,1850,1850,1850,10.65153,22.32321,237.77632,-0.30564,0.13376,-13.8711,-0.00173,0.02321,0.00584,13.8711,0.00584,44.0
49.76,1784879904.74544,A1850_B1850,1,1850,1850,1850,1850,10.66,22.44,239.2104,-0.38809,-0.33834,-12.78599,0.03929,0.00838,0.00652,12.78599,0.00652,44.0
49.78,1784879904.76544,A1850_B1850,1,1850,1850,1850,1850,10.66,22.44,239.2104,-1.07471,-0.57343,-13.45242,0.04738,-0.04293,0.00575,13.45242,0.00575,44.0
49.8,1784879904.78544,A1850_B1850,1,1850,1850,1850,1850,10.66,22.44,239.2104,-1.29584,0.16433,-13.61337,-0.03688,-0.06455,-0.00451,13.61337,-0.00451,44.0
49.82,1784879904.80544,A1850_B1850,1,1850,1850,1850,1850,10.62099,22.37248,237.61786,-0.43346,0.22907,-12.84245,-0.01985,-0.02707,0.00796,12.84245,0.00796,44.0
49.84,1784879904.82544,A1850_B1850,1,1850,1850,1850,1850,10.57872,22.29932,235.89829,-0.21209,-1.16125,-13.00433,0.11364,0.00895,0.01098,13.00433,0.01098,44.0
49.86,1784879904.84544,A1850_B1850,1,1850,1850,1850,1850,10.556,22.26,234.97656,-0.42338,-1.10615,-13.81715,0.09545,-0.01175,-0.00955,13.81715,-0.00955,44.0
49.88,1784879904.86544,A1850_B1850,1,1850,1850,1850,1850,10.556,22.26,234.97656,-0.39606,-0.13119,-13.11374,0.01156,0.02093,0.01153,13.11374,0.01153,44.0
49.9,1784879904.88544,A1850_B1850,1,1850,1850,1850,1850,10.556,22.26,234.97656,0.67754,-0.68656,-13.57911,0.04472,0.07085,0.01103,13.57911,0.01103,44.0
49.92,1784879904.90544,A1850_B1850,1,1850,1850,1850,1850,10.62207,22.25643,236.40925,-0.51201,-0.13181,-13.23765,0.01494,-0.00363,-0.0154,13.23765,-0.0154,44.0
49.94,1784879904.92544,A1850_B1850,1,1850,1850,1850,1850,10.68956,22.25278,237.87249,-0.52795,0.09565,-12.87329,-0.00393,0.00344,-0.00241,12.87329,-0.00241,44.0
49.96,1784879904.94544,A1850_B1850,1,1850,1850,1850,1850,10.741,22.25,238.98725,-0.59058,-0.44122,-13.6093,0.03151,-0.01861,0.01124,13.6093,0.01124,44.0
49.98,1784879904.96544,A1850_B1850,1,1850,1850,1850,1850,10.741,22.25,238.98725,-0.81243,0.12373,-13.27562,-0.01618,-0.03646,0.00735,13.27562,0.00735,44.0
50.0,1784879904.98544,A1850_B1850,1,1850,1850,1850,1850,10.741,22.25,238.98725,-1.10692,0.20795,-13.70628,0.00351,-0.08064,-0.0184,13.70628,-0.0184,44.0
50.02,1784879905.00543,A1850_B1850,1,1850,1850,1850,1850,10.70718,22.24632,238.19541,-1.04444,-0.67006,-13.24516,0.02759,-0.06442,-0.01082,13.24516,-0.01082,44.0
50.04,1784879905.02543,A1850_B1850,1,1850,1850,1850,1850,10.67263,22.24257,237.38673,-0.89568,-0.01468,-13.58968,-0.00094,-0.00503,0.02362,13.58968,0.02362,44.0
50.06,1784879905.04543,A1850_B1850,1,1850,1850,1850,1850,10.649,22.24,236.83376,-0.65436,-0.32081,-13.63704,0.05353,-0.03319,0.00705,13.63704,0.00705,44.0
50.08,1784879905.06543,A1850_B1850,1,1850,1850,1850,1850,10.649,22.24,236.83376,-0.69514,-0.75897,-12.74313,0.05318,-0.05137,-0.01746,12.74313,-0.01746,44.0
50.1,1784879905.08543,A1850_B1850,1,1850,1850,1850,1850,10.64891,22.24016,236.8335,-0.90917,-0.10062,-13.25474,-0.0081,-0.01979,0.00299,13.25474,0.00299,44.0
50.12,1784879905.10543,A1850_B1850,1,1850,1850,1850,1850,10.64464,22.24792,236.82119,-0.09066,0.24725,-13.15341,-0.0145,0.01704,0.00357,13.15341,0.00357,44.0
50.14,1784879905.12543,A1850_B1850,1,1850,1850,1850,1850,10.64038,22.25568,236.8088,-0.27548,-0.08483,-12.90128,0.01317,0.00265,-0.01006,12.90128,-0.01006,44.0
50.16,1784879905.14543,A1850_B1850,1,1850,1850,1850,1850,10.638,22.26,236.80188,-0.34476,-1.16216,-13.38173,0.08144,0.00375,-0.00576,13.38173,-0.00576,44.0
50.18,1784879905.16543,A1850_B1850,1,1850,1850,1850,1850,10.638,22.26,236.80188,-0.39904,0.05495,-13.73188,-0.01938,0.00912,0.01581,13.73188,0.01581,44.0
50.2,1784879905.18543,A1850_B1850,1,1850,1850,1850,1850,10.638,22.26,236.80188,-0.80097,0.11296,-13.00609,-0.01903,-0.05402,0.0138,13.00609,0.0138,44.0
50.22,1784879905.20543,A1850_B1850,1,1850,1850,1850,1850,10.64278,22.32249,237.57338,-0.90347,-0.20591,-13.83785,0.01308,-0.04827,-0.00932,13.83785,-0.00932,44.0
50.24,1784879905.22543,A1850_B1850,1,1850,1850,1850,1850,10.64794,22.38994,238.40665,-0.98848,-0.06498,-12.84508,-0.01294,-0.02939,0.00073,12.84508,0.00073,44.0
50.26,1784879905.24543,A1850_B1850,1,1850,1850,1850,1850,10.651,22.43,238.90193,-0.05446,-0.68144,-12.60966,0.04075,0.02419,0.02018,12.60966,0.02018,44.0
50.28,1784879905.26543,A1850_B1850,1,1850,1850,1850,1850,10.651,22.43,238.90193,0.11605,-0.11661,-13.66229,0.034,0.02668,-0.00866,13.66229,-0.00866,44.0
50.3,1784879905.28543,A1850_B1850,1,1850,1850,1850,1850,10.65112,22.42912,238.89516,0.23299,-0.56953,-13.31291,0.03805,0.03615,-0.00768,13.31291,-0.00768,44.0
50.32,1784879905.30543,A1850_B1850,1,1850,1850,1850,1850,10.6555,22.39626,238.6433,0.5314,-0.27417,-12.49629,0.01677,0.08633,0.01173,12.49629,0.01173,44.0
50.34,1784879905.32543,A1850_B1850,1,1850,1850,1850,1850,10.65988,22.3634,238.39114,-0.1768,-0.21229,-13.34166,-0.00288,0.02286,0.00263,13.34166,0.00263,44.0
50.36,1784879905.34543,A1850_B1850,1,1850,1850,1850,1850,10.663,22.34,238.21142,-0.54741,-0.08151,-13.63251,0.00273,-0.02544,-0.00302,13.63251,-0.00302,44.0
50.38,1784879905.36543,A1850_B1850,1,1850,1850,1850,1850,10.663,22.34,238.21142,-0.1764,-0.72146,-13.46094,0.04946,-0.00982,-0.00502,13.46094,-0.00502,44.0
50.4,1784879905.38543,A1850_B1850,1,1850,1850,1850,1850,10.663,22.34,238.21142,-0.61863,-0.55706,-13.03866,0.04318,-0.03075,0.0169,13.03866,0.0169,44.0
50.42,1784879905.40543,A1850_B1850,1,1850,1850,1850,1850,10.62858,22.29605,236.97531,-0.12413,0.44294,-13.18384,-0.0752,0.0382,0.00731,13.18384,0.00731,44.0
50.44,1784879905.42543,A1850_B1850,1,1850,1850,1850,1850,10.59333,22.25105,235.71267,-0.51192,-0.8384,-13.24088,0.04659,-0.03158,-0.00288,13.24088,-0.00288,44.0
50.46,1784879905.44543,A1850_B1850,1,1850,1850,1850,1850,10.569,22.22,234.84318,-0.9739,0.21487,-12.54779,0.01684,-0.01112,0.01173,12.54779,0.01173,44.0
50.48,1784879905.46543,A1850_B1850,1,1850,1850,1850,1850,10.569,22.22,234.84318,0.08806,-0.53458,-13.54443,0.00219,0.00766,0.01112,13.54443,0.01112,44.0
50.5,1784879905.48543,A1850_B1850,1,1850,1850,1850,1850,10.569,22.22,234.84318,0.04858,-0.00323,-13.05822,-0.04029,0.03681,0.0018,13.05822,0.0018,44.0
50.52,1784879905.50543,A1850_B1850,1,1850,1850,1850,1850,10.57594,22.26745,235.49916,-0.85298,0.2285,-12.96606,-0.00723,-0.06533,-0.01051,12.96606,-0.01051,44.0
50.54,1784879905.52543,A1850_B1850,1,1850,1850,1850,1850,10.58302,22.31593,236.16999,-0.74231,-0.42479,-13.86979,0.03888,-0.03392,0.01507,13.86979,0.01507,44.0
50.56,1784879905.54543,A1850_B1850,1,1850,1850,1850,1850,10.588,22.35,236.6418,-0.60886,-0.40858,-12.66252,0.00139,-0.01651,0.01966,12.66252,0.01966,44.0
50.58,1784879905.56543,A1850_B1850,1,1850,1850,1850,1850,10.588,22.35,236.6418,-0.69674,-0.48554,-13.45127,0.03763,-0.03626,0.00077,13.45127,0.00077,44.0
50.6,1784879905.58543,A1850_B1850,1,1850,1850,1850,1850,10.588,22.35,236.6418,-0.02787,-0.44691,-13.18499,0.03163,0.02363,0.0071,13.18499,0.0071,44.0
50.62,1784879905.60543,A1850_B1850,1,1850,1850,1850,1850,10.58955,22.29953,236.14208,-0.6619,-0.37941,-12.55875,0.01081,-0.03568,0.00975,12.55875,0.00975,44.0
50.64,1784879905.62543,A1850_B1850,1,1850,1850,1850,1850,10.59115,22.24777,235.62937,0.36283,-0.03996,-13.20089,-0.04446,0.07222,0.0018,13.20089,0.0018,44.0
50.66,1784879905.64543,A1850_B1850,1,1850,1850,1850,1850,10.592,22.22,235.35424,-0.56933,-0.31459,-13.2874,0.0516,-0.02711,-0.0028,13.2874,-0.0028,44.0
50.68,1784879905.66543,A1850_B1850,1,1850,1850,1850,1850,10.592,22.22,235.35424,-1.20654,-0.96306,-13.02778,0.08833,-0.07569,0.00424,13.02778,0.00424,44.0
50.7,1784879905.68543,A1850_B1850,1,1850,1850,1850,1850,10.592,22.22,235.35424,-0.59445,0.25588,-13.19337,-0.06024,-0.01006,0.00729,13.19337,0.00729,44.0
50.72,1784879905.70543,A1850_B1850,1,1850,1850,1850,1850,10.59574,22.23122,235.55631,-0.62533,0.25459,-13.8425,-0.04048,-0.04939,-0.00714,13.8425,-0.00714,44.0
50.74,1784879905.72543,A1850_B1850,1,1850,1850,1850,1850,10.59977,22.24332,235.77417,-0.40511,-1.11117,-12.76885,0.09114,-0.01681,0.00087,12.76885,0.00087,44.0
50.76,1784879905.74543,A1850_B1850,1,1850,1850,1850,1850,10.602,22.25,235.8945,-0.65211,-0.03166,-13.55488,0.00717,-0.0066,0.01224,13.55488,0.01224,44.0
50.78,1784879905.76543,A1850_B1850,1,1850,1850,1850,1850,10.602,22.25,235.8945,-0.90716,-0.49396,-13.08379,0.02032,-0.0535,0.00835,13.08379,0.00835,44.0
50.8,1784879905.78543,A1850_B1850,1,1850,1850,1850,1850,10.602,22.25,235.8945,-0.57459,0.10306,-13.10347,-0.02495,-0.0253,0.00112,13.10347,0.00112,44.0
50.82,1784879905.80543,A1850_B1850,1,1850,1850,1850,1850,10.67763,22.28671,237.96915,-0.64771,0.0875,-13.29461,-9e-05,-0.02763,-0.00357,13.29461,-0.00357,44.0
50.84,1784879905.82543,A1850_B1850,1,1850,1850,1850,1850,10.75492,22.32423,240.09531,-1.06289,-0.13208,-13.17715,0.00475,-0.07441,0.0071,13.17715,0.0071,44.0
50.86,1784879905.84543,A1850_B1850,1,1850,1850,1850,1850,10.808,22.35,241.5588,-0.8585,-0.17649,-13.53137,-0.01528,-0.06073,0.01361,13.53137,0.01361,44.0
50.88,1784879905.86543,A1850_B1850,1,1850,1850,1850,1850,10.808,22.35,241.5588,0.09472,-0.54087,-12.57982,0.0551,0.01957,0.00217,12.57982,0.00217,44.0
50.9,1784879905.88543,A1850_B1850,1,1850,1850,1850,1850,10.808,22.35,241.5588,-0.33114,-0.47785,-13.21028,0.06126,-0.02148,-0.01923,13.21028,-0.01923,44.0
50.92,1784879905.90543,A1850_B1850,1,1850,1850,1850,1850,10.73813,22.35699,240.07214,-0.67526,-0.12721,-13.5259,-0.03305,-0.03765,0.01488,13.5259,0.01488,44.0
50.94,1784879905.92543,A1850_B1850,1,1850,1850,1850,1850,10.66658,22.36414,238.54897,0.69086,0.10745,-12.80637,-0.01554,0.10888,0.008,12.80637,0.008,44.0
50.96,1784879905.94543,A1850_B1850,1,1850,1850,1850,1850,10.608,22.37,237.30096,-1.38741,-1.15666,-13.23709,0.12017,-0.1034,0.00252,13.23709,0.00252,44.0
50.98,1784879905.96543,A1850_B1850,1,1850,1850,1850,1850,10.608,22.37,237.30096,-1.34454,-0.2616,-13.15985,0.01448,-0.07556,0.02181,13.15985,0.02181,44.0
51.0,1784879905.98543,A1850_B1850,1,1850,1850,1850,1850,10.608,22.37,237.30096,0.34965,0.62924,-13.64683,-0.09312,0.05072,-0.0018,13.64683,-0.0018,44.0
51.02,1784879906.00543,A1850_B1850,1,1850,1850,1850,1850,10.60874,22.34427,237.04448,-0.80489,-0.47187,-13.80205,0.01866,-0.05139,-0.00045,13.80205,-0.00045,44.0
51.04,1784879906.02543,A1850_B1850,1,1850,1850,1850,1850,10.60953,22.31638,236.76631,-0.61855,-0.1934,-12.73499,0.02969,-0.03518,0.00561,12.73499,0.00561,44.0
51.06,1784879906.04543,A1850_B1850,1,1850,1850,1850,1850,10.61,22.3,236.603,-0.62437,-0.51767,-12.96213,0.03922,-0.04984,-0.00814,12.96213,-0.00814,44.0
51.08,1784879906.06543,A1850_B1850,1,1850,1850,1850,1850,10.61,22.3,236.603,-1.21829,0.19931,-14.23674,-0.03347,-0.06051,0.0099,14.23674,0.0099,44.0
51.1,1784879906.08543,A1850_B1850,1,1850,1850,1850,1850,10.61003,22.30134,236.61788,0.153,-0.7403,-12.7645,0.05922,0.01466,0.01575,12.7645,0.01575,44.0
51.12,1784879906.10543,A1850_B1850,1,1850,1850,1850,1850,10.61113,22.35278,237.18822,-0.30972,0.01452,-12.77776,0.00858,0.00616,-0.00377,12.77776,-0.00377,44.0
51.14,1784879906.12543,A1850_B1850,1,1850,1850,1850,1850,10.61223,22.40421,237.75868,-0.80506,-0.02704,-13.43328,-0.01576,-0.04078,-0.00485,13.43328,-0.00485,44.0
51.16,1784879906.14543,A1850_B1850,1,1850,1850,1850,1850,10.613,22.44,238.15572,-0.44398,-0.28379,-13.01144,0.00299,0.00745,0.03047,13.01144,0.03047,44.0
51.18,1784879906.16543,A1850_B1850,1,1850,1850,1850,1850,10.613,22.44,238.15572,-0.57447,-0.18078,-13.3203,0.03008,-0.02436,0.00425,13.3203,0.00425,44.0
51.2,1784879906.18543,A1850_B1850,1,1850,1850,1850,1850,10.613,22.44,238.15572,-0.73539,-0.3581,-13.09176,0.02567,-0.05826,-0.01111,13.09176,-0.01111,44.0
51.22,1784879906.20543,A1850_B1850,1,1850,1850,1850,1850,10.59623,22.32582,236.56945,-0.02662,-0.01749,-12.77173,-0.03386,0.02555,0.01067,12.77173,0.01067,44.0
51.24,1784879906.22543,A1850_B1850,1,1850,1850,1850,1850,10.57906,22.20895,234.94986,-0.21232,-0.54793,-13.32907,0.03899,0.01113,0.00286,13.32907,0.00286,44.0
51.26,1784879906.24543,A1850_B1850,1,1850,1850,1850,1850,10.566,22.12,233.71992,-0.21266,-0.83146,-13.29941,0.07859,-0.00637,-0.0038,13.29941,-0.0038,44.0
51.28,1784879906.26543,A1850_B1850,1,1850,1850,1850,1850,10.566,22.12,233.71992,-0.85196,-0.27963,-13.19936,0.01919,-0.05504,0.00324,13.19936,0.00324,44.0
51.3,1784879906.28543,A1850_B1850,1,1850,1850,1850,1850,10.566,22.12,233.71992,-0.20341,0.0197,-13.13901,-0.01805,0.01051,0.02327,13.13901,0.02327,44.0
51.32,1784879906.30543,A1850_B1850,1,1850,1850,1850,1850,10.60386,22.14143,234.78467,0.32145,-0.46175,-13.14446,0.02354,0.05487,0.00074,13.14446,0.00074,44.0
51.34,1784879906.32543,A1850_B1850,1,1850,1850,1850,1850,10.64471,22.16455,235.93514,-0.96878,0.11693,-13.43824,-0.00574,-0.06784,-0.00594,13.43824,-0.00594,44.0
51.36,1784879906.34543,A1850_B1850,1,1850,1850,1850,1850,10.672,22.18,236.70496,-0.78725,0.04113,-12.87905,-0.0085,-0.04115,0.0169,12.87905,0.0169,44.0
51.38,1784879906.36543,A1850_B1850,1,1850,1850,1850,1850,10.672,22.18,236.70496,-0.56874,-0.47985,-13.17919,0.01453,-0.02814,0.01657,13.17919,0.01657,44.0
51.4,1784879906.38543,A1850_B1850,1,1850,1850,1850,1850,10.67178,22.18166,236.71788,0.13284,-0.27272,-13.58523,0.01815,0.03022,-0.00246,13.58523,-0.00246,44.0
51.42,1784879906.40543,A1850_B1850,1,1850,1850,1850,1850,10.66405,22.2406,237.17476,0.62279,-0.37635,-12.88378,0.02133,0.0542,0.00255,12.88378,0.00255,44.0
51.44,1784879906.42543,A1850_B1850,1,1850,1850,1850,1850,10.65631,22.29953,237.63073,-0.03331,-0.60848,-13.67742,0.03327,0.01822,0.0225,13.67742,0.0225,44.0
51.46,1784879906.44543,A1850_B1850,1,1850,1850,1850,1850,10.651,22.34,237.94334,-0.10357,-0.84537,-12.96641,0.06194,0.01552,0.00205,12.96641,0.00205,44.0
51.48,1784879906.46543,A1850_B1850,1,1850,1850,1850,1850,10.651,22.34,237.94334,-0.15827,-0.34711,-12.99976,0.03629,0.01803,-0.00239,12.99976,-0.00239,44.0
51.5,1784879906.48543,A1850_B1850,1,1850,1850,1850,1850,10.651,22.34,237.94334,-0.68986,0.07743,-13.61311,-0.00208,-0.04602,0.01164,13.61311,0.01164,44.0
51.52,1784879906.50543,A1850_B1850,1,1850,1850,1850,1850,10.62296,22.26896,236.56224,-0.2937,-0.27908,-12.85868,0.00336,0.01065,0.00935,12.85868,0.00935,44.0
51.54,1784879906.52543,A1850_B1850,1,1850,1850,1850,1850,10.59272,22.19235,235.07737,-0.04607,-0.19905,-12.96621,-0.00333,0.02608,0.00212,12.96621,0.00212,44.0
51.56,1784879906.54543,A1850_B1850,1,1850,1850,1850,1850,10.576,22.15,234.2584,-0.80916,-0.38588,-13.67931,0.04903,-0.05854,0.00129,13.67931,0.00129,44.0
51.58,1784879906.56543,A1850_B1850,1,1850,1850,1850,1850,10.576,22.15,234.2584,-0.54245,-0.27728,-13.44995,0.02766,-0.02587,0.01155,13.44995,0.01155,44.0
51.6,1784879906.58543,A1850_B1850,1,1850,1850,1850,1850,10.576,22.15,234.2584,-0.18846,-0.02585,-12.85714,-0.00359,0.01958,0.00757,12.85714,0.00757,44.0
51.62,1784879906.60543,A1850_B1850,1,1850,1850,1850,1850,10.60461,22.15753,234.97203,-0.27412,-0.76067,-13.41884,0.04449,-0.02213,-0.00065,13.41884,-0.00065,44.0
51.64,1784879906.62543,A1850_B1850,1,1850,1850,1850,1850,10.63546,22.16565,235.74176,-0.23339,-0.49536,-13.04071,0.03964,-0.00302,0.00061,13.04071,0.00061,44.0
51.66,1784879906.64543,A1850_B1850,1,1850,1850,1850,1850,10.652,22.17,236.15484,-0.13211,0.36253,-13.16603,-0.01129,0.0024,0.00461,13.16603,0.00461,44.0
51.68,1784879906.66543,A1850_B1850,1,1850,1850,1850,1850,10.652,22.17,236.15484,-0.10178,-0.88662,-12.49431,0.06267,0.02186,0.01092,12.49431,0.01092,44.0
51.7,1784879906.68543,A1850_B1850,1,1850,1850,1850,1850,10.652,22.17,236.15484,-0.4861,-0.76666,-12.84429,0.05066,0.01028,0.0048,12.84429,0.0048,44.0
51.72,1784879906.70543,A1850_B1850,1,1850,1850,1850,1850,10.62532,22.14441,235.29136,-0.19769,0.34112,-13.55225,-0.00914,-0.01503,-0.00905,13.55225,-0.00905,44.0
51.74,1784879906.72543,A1850_B1850,1,1850,1850,1850,1850,10.59801,22.11823,234.40932,-0.21277,-0.23055,-12.73061,-0.00038,-0.00399,0.0207,12.73061,0.0207,44.0
51.76,1784879906.74543,A1850_B1850,1,1850,1850,1850,1850,10.579,22.1,233.7959,-0.54033,-0.48317,-13.39649,0.02576,-0.01054,0.01432,13.39649,0.01432,44.0
51.78,1784879906.76543,A1850_B1850,1,1850,1850,1850,1850,10.579,22.1,233.7959,-0.77752,-0.015,-13.24187,0.03456,-0.05487,-0.01209,13.24187,-0.01209,44.0
51.8,1784879906.78543,A1850_B1850,1,1850,1850,1850,1850,10.57884,22.10207,233.81434,-0.56322,-0.24757,-13.78838,0.01772,-0.02067,0.01547,13.78838,0.01547,44.0
51.82,1784879906.80543,A1850_B1850,1,1850,1850,1850,1850,10.57311,22.17859,234.49655,-0.65009,0.14418,-13.69748,-0.02071,-0.02626,0.01626,13.69748,0.01626,44.0
51.84,1784879906.82543,A1850_B1850,1,1850,1850,1850,1850,10.56737,22.25511,235.17788,0.02686,-0.19354,-12.38524,0.015,0.04211,-0.01117,12.38524,-0.01117,44.0
51.86,1784879906.84543,A1850_B1850,1,1850,1850,1850,1850,10.564,22.3,235.5772,-0.67986,-0.59976,-13.24856,0.06474,-0.04477,0.00544,13.24856,0.00544,44.0
51.88,1784879906.86543,A1850_B1850,1,1850,1850,1850,1850,10.564,22.3,235.5772,-0.63381,-0.19743,-13.70246,0.02145,-0.03839,0.01715,13.70246,0.01715,44.0
51.9,1784879906.88543,A1850_B1850,1,1850,1850,1850,1850,10.564,22.3,235.5772,0.04156,-0.38567,-12.87364,0.00856,0.03631,0.00309,12.87364,0.00309,44.0
51.92,1784879906.90543,A1850_B1850,1,1850,1850,1850,1850,10.57953,22.33882,236.33414,-0.19239,-0.27428,-13.07953,0.02567,-0.00207,-0.00534,13.07953,-0.00534,44.0
51.94,1784879906.92543,A1850_B1850,1,1850,1850,1850,1850,10.59628,22.38071,237.15234,-0.10184,-0.15916,-13.40214,0.01581,0.02116,0.00278,13.40214,0.00278,44.0
51.96,1784879906.94543,A1850_B1850,1,1850,1850,1850,1850,10.608,22.41,237.72528,0.1673,0.0526,-13.20584,-0.00551,0.03689,0.01246,13.20584,0.01246,44.0
51.98,1784879906.96543,A1850_B1850,1,1850,1850,1850,1850,10.608,22.41,237.72528,-0.78854,-0.12553,-13.53112,0.01262,-0.04454,0.00835,13.53112,0.00835,44.0
52.0,1784879906.98543,A1850_B1850,1,1850,1850,1850,1850,10.608,22.41,237.72528,-0.81093,-0.67846,-13.02204,0.07271,-0.03039,0.00112,13.02204,0.00112,44.0
52.02,1784879907.00543,A1850_B1850,1,1850,1850,1850,1850,10.64188,22.30085,237.32282,0.07556,-0.09682,-13.08179,0.02519,0.03736,-0.00048,13.08179,-0.00048,44.0
52.04,1784879907.02543,A1850_B1850,1,1850,1850,1850,1850,10.67838,22.18321,236.8808,0.20701,-0.13936,-13.26012,-0.01205,0.0332,0.00029,13.26012,0.00029,44.0
52.06,1784879907.04543,A1850_B1850,1,1850,1850,1850,1850,10.698,22.12,236.63976,0.0613,-0.18299,-12.68256,-0.00441,0.0386,0.00901,12.68256,0.00901,44.0
52.08,1784879907.06543,A1850_B1850,1,1850,1850,1850,1850,10.698,22.12,236.63976,-0.75264,-0.58778,-13.65062,0.06275,-0.03128,-0.00083,13.65062,-0.00083,44.0
52.1,1784879907.08543,A1850_B1850,1,1850,1850,1850,1850,10.698,22.12,236.63976,-1.43954,-0.15945,-13.03433,-0.00573,-0.11162,0.00169,13.03433,0.00169,44.0
52.12,1784879907.10543,A1850_B1850,1,1850,1850,1850,1850,10.68417,22.23644,237.57799,-1.01737,0.54838,-13.46826,-0.08092,-0.05721,0.01664,13.46826,0.01664,44.0
52.14,1784879907.12543,A1850_B1850,1,1850,1850,1850,1850,10.66992,22.35648,238.54185,-0.22207,-0.09059,-13.76451,0.00478,0.0003,-0.00726,13.76451,-0.00726,44.0
52.16,1784879907.14543,A1850_B1850,1,1850,1850,1850,1850,10.66,22.44,239.2104,0.00848,-1.31202,-12.98072,0.107,0.03186,0.0015,12.98072,0.0015,44.0
52.18,1784879907.16543,A1850_B1850,1,1850,1850,1850,1850,10.66,22.44,239.2104,-0.25938,-0.01536,-13.06163,-0.00425,0.00408,0.01192,13.06163,0.01192,44.0
52.2,1784879907.18543,A1850_B1850,1,1850,1850,1850,1850,10.66,22.44,239.2104,-0.39651,0.17218,-12.96735,-0.0281,0.00252,0.01121,12.96735,0.01121,44.0
52.22,1784879907.20543,A1850_B1850,1,1850,1850,1850,1850,10.65519,22.38817,238.5502,0.63771,-1.01022,-13.45155,0.06675,0.0876,-0.00028,13.45155,-0.00028,44.0
52.24,1784879907.22543,A1850_B1850,1,1850,1850,1850,1850,10.64998,22.33213,237.83679,-0.14955,-0.04367,-13.40306,0.01168,-0.01838,-0.01428,13.40306,-0.01428,44.0
52.26,1784879907.24543,A1850_B1850,1,1850,1850,1850,1850,10.647,22.3,237.4281,-0.91588,0.36175,-13.03351,-0.0488,-0.05928,0.00644,13.03351,0.00644,44.0
52.28,1784879907.26543,A1850_B1850,1,1850,1850,1850,1850,10.647,22.3,237.4281,-0.13905,-0.50876,-13.4077,0.02689,0.01256,0.01121,13.4077,0.01121,44.0
52.3,1784879907.28543,A1850_B1850,1,1850,1850,1850,1850,10.64633,22.29832,237.39521,0.20821,-0.97057,-13.77226,0.08719,0.0348,-0.00337,13.77226,-0.00337,44.0
52.32,1784879907.30543,A1850_B1850,1,1850,1850,1850,1850,10.62199,22.23749,236.20644,-0.96455,0.07228,-13.18736,0.00564,-0.05217,-0.00825,13.18736,-0.00825,44.0
52.34,1784879907.32543,A1850_B1850,1,1850,1850,1850,1850,10.59766,22.17665,235.02063,-0.06923,-0.25497,-13.00289,-0.00224,0.02543,0.0139,13.00289,0.0139,44.0
52.36,1784879907.34543,A1850_B1850,1,1850,1850,1850,1850,10.583,22.14,234.30762,-0.00738,-0.44068,-13.65974,0.01582,0.03442,0.0128,13.65974,0.0128,44.0
52.38,1784879907.36543,A1850_B1850,1,1850,1850,1850,1850,10.583,22.14,234.30762,-0.75361,-0.46541,-12.87034,0.05805,-0.03602,-0.01803,12.87034,-0.01803,44.0
52.4,1784879907.38543,A1850_B1850,1,1850,1850,1850,1850,10.583,22.14,234.30762,-0.34717,-0.48729,-13.16121,0.04709,-0.01022,-0.00024,13.16121,-0.00024,44.0
52.42,1784879907.40543,A1850_B1850,1,1850,1850,1850,1850,10.58924,22.17302,234.79531,0.13761,-0.4181,-12.9661,0.01655,0.04238,0.01909,12.9661,0.01909,44.0
52.44,1784879907.42543,A1850_B1850,1,1850,1850,1850,1850,10.59596,22.20861,235.32157,-0.52924,-0.10781,-13.32964,0.01719,-0.02082,-0.00757,13.32964,-0.00757,44.0
52.46,1784879907.44543,A1850_B1850,1,1850,1850,1850,1850,10.6,22.23,235.638,-1.27667,-0.33414,-13.55274,0.03645,-0.08232,-0.01185,13.55274,-0.01185,44.0
52.48,1784879907.46543,A1850_B1850,1,1850,1850,1850,1850,10.6,22.23,235.638,-1.20387,-0.21189,-13.15686,0.00597,-0.06851,0.01576,13.15686,0.01576,44.0
52.5,1784879907.48543,A1850_B1850,1,1850,1850,1850,1850,10.6,22.23,235.638,-0.9544,0.57462,-13.37037,-0.0354,-0.05171,0.01658,13.37037,0.01658,44.0
52.52,1784879907.50543,A1850_B1850,1,1850,1850,1850,1850,10.66852,22.22634,237.12217,-0.75621,-1.13353,-13.11854,0.09514,-0.02042,0.00603,13.11854,0.00603,44.0
52.54,1784879907.52543,A1850_B1850,1,1850,1850,1850,1850,10.74245,22.22238,238.72292,0.12912,-0.609,-13.20885,0.05005,0.01812,-0.01577,13.20885,-0.01577,44.0
52.56,1784879907.54543,A1850_B1850,1,1850,1850,1850,1850,10.787,22.22,239.68714,0.87003,0.46771,-13.5766,-0.06272,0.06021,0.00939,13.5766,0.00939,44.0
52.58,1784879907.56543,A1850_B1850,1,1850,1850,1850,1850,10.787,22.22,239.68714,0.04016,-0.44756,-13.13983,0.03262,0.03531,0.01466,13.13983,0.01466,44.0
52.6,1784879907.58543,A1850_B1850,1,1850,1850,1850,1850,10.78679,22.21992,239.68164,0.0208,-0.89783,-13.37616,0.08159,0.03275,-0.01194,13.37616,-0.01194,44.0
52.62,1784879907.60543,A1850_B1850,1,1850,1850,1850,1850,10.77687,22.21625,239.42166,0.06038,-0.05484,-13.36431,0.00676,0.0196,0.00598,13.36431,0.00598,44.0
52.64,1784879907.62543,A1850_B1850,1,1850,1850,1850,1850,10.76695,22.21258,239.16176,-1.01633,0.0904,-13.00772,-0.01884,-0.07216,0.01429,13.00772,0.01429,44.0
52.66,1784879907.64543,A1850_B1850,1,1850,1850,1850,1850,10.76,22.21,238.9796,-0.13009,-0.59928,-13.39412,0.01751,0.0224,0.01066,13.39412,0.01066,44.0
52.68,1784879907.66543,A1850_B1850,1,1850,1850,1850,1850,10.76,22.21,238.9796,0.28954,0.04072,-13.20769,0.00378,0.05109,-0.01054,13.20769,-0.01054,44.0
52.7,1784879907.68543,A1850_B1850,1,1850,1850,1850,1850,10.76,22.21,238.9796,-0.71081,-0.5905,-12.99234,0.05511,-0.01501,0.0113,12.99234,0.0113,44.0
52.72,1784879907.70543,A1850_B1850,1,1850,1850,1850,1850,10.693,22.24641,237.8809,-0.91219,0.1774,-13.70973,-0.01241,-0.06561,0.02106,13.70973,0.02106,44.0
52.74,1784879907.72543,A1850_B1850,1,1850,1850,1850,1850,10.61998,22.2861,236.67799,-0.5399,0.12434,-13.02266,-0.02055,-0.02481,-0.00626,13.02266,-0.00626,44.0
52.76,1784879907.74543,A1850_B1850,1,1850,1850,1850,1850,10.576,22.31,235.95056,-0.44544,-0.81861,-12.8051,0.06318,-0.00534,-0.01679,12.8051,-0.01679,44.0
52.78,1784879907.76543,A1850_B1850,1,1850,1850,1850,1850,10.576,22.31,235.95056,0.31563,-0.42827,-13.2934,0.05483,0.00606,0.00104,13.2934,0.00104,44.0
52.8,1784879907.78543,A1850_B1850,1,1850,1850,1850,1850,10.576,22.31,235.95056,-0.82118,0.3995,-13.7976,-0.02629,-0.05733,0.0235,13.7976,0.0235,44.0
52.82,1784879907.80543,A1850_B1850,1,1850,1850,1850,1850,10.57232,22.29159,235.67374,-0.6018,-0.26635,-13.13301,0.01111,-0.02141,0.01309,13.13301,0.01309,44.0
52.84,1784879907.82543,A1850_B1850,1,1850,1850,1850,1850,10.56834,22.2717,235.37487,-0.13432,-0.8103,-13.06875,0.07091,0.01664,0.01083,13.06875,0.01083,44.0
52.86,1784879907.84543,A1850_B1850,1,1850,1850,1850,1850,10.566,22.26,235.19916,0.07141,0.32814,-13.25475,-0.0207,0.02534,0.00612,13.25475,0.00612,44.0
52.88,1784879907.86543,A1850_B1850,1,1850,1850,1850,1850,10.566,22.26,235.19916,0.35673,-0.03394,-13.07858,-0.01526,0.05689,0.01532,13.07858,0.01532,44.0
52.9,1784879907.88543,A1850_B1850,1,1850,1850,1850,1850,10.566,22.26,235.19916,-1.10345,-1.04315,-12.89712,0.08343,-0.05743,-0.00077,12.89712,-0.00077,44.0
52.92,1784879907.90543,A1850_B1850,1,1850,1850,1850,1850,10.61969,22.37455,237.61082,-0.79824,-0.97902,-13.27984,0.09944,-0.04073,-0.01265,13.27984,-0.01265,44.0
52.94,1784879907.92543,A1850_B1850,1,1850,1850,1850,1850,10.67767,22.49822,240.22853,0.02295,0.22226,-13.04769,-0.03625,0.00512,0.02719,13.04769,0.02719,44.0
52.96,1784879907.94543,A1850_B1850,1,1850,1850,1850,1850,10.716,22.58,241.96728,-0.8468,0.03308,-13.06663,-0.02923,-0.05696,0.00171,13.06663,0.00171,44.0
52.98,1784879907.96543,A1850_B1850,1,1850,1850,1850,1850,10.716,22.58,241.96728,-0.33165,-0.74617,-13.54785,0.06935,-4e-05,-0.00562,13.54785,-0.00562,44.0
53.0,1784879907.98543,A1850_B1850,1,1850,1850,1850,1850,10.716,22.58,241.96728,-0.76343,-0.23155,-12.72647,0.02811,-0.03716,0.00555,12.72647,0.00555,44.0
53.02,1784879908.00543,A1850_B1850,1,1850,1850,1850,1850,10.71746,22.59098,242.118,-1.36319,-0.23042,-12.97681,0.00693,-0.08275,0.02395,12.97681,0.02395,44.0
53.04,1784879908.02543,A1850_B1850,1,1850,1850,1850,1850,10.71896,22.60222,242.27231,-0.50465,0.26261,-13.63517,-0.02671,-0.01072,0.02003,13.63517,0.02003,44.0
53.06,1784879908.04543,A1850_B1850,1,1850,1850,1850,1850,10.72,22.61,242.3792,-0.24096,-0.52711,-12.81426,0.04295,0.01226,-0.00563,12.81426,-0.00563,44.0
53.08,1784879908.06543,A1850_B1850,1,1850,1850,1850,1850,10.72,22.61,242.3792,-0.76548,-0.74613,-12.87076,0.06107,-0.04044,-0.00554,12.87076,-0.00554,44.0
53.1,1784879908.08543,A1850_B1850,1,1850,1850,1850,1850,10.71832,22.60533,242.29125,-0.37452,0.06272,-13.41453,-0.00843,-0.01045,0.00964,13.41453,0.00964,44.0
53.12,1784879908.10543,A1850_B1850,1,1850,1850,1850,1850,10.65569,22.43072,239.01488,-0.48587,-0.20262,-13.63259,0.01391,-0.02706,0.0058,13.63259,0.0058,44.0
53.14,1784879908.12543,A1850_B1850,1,1850,1850,1850,1850,10.59306,22.25611,235.76038,-0.27329,-0.83496,-13.16072,0.07354,0.00029,0.00043,13.16072,0.00043,44.0
53.16,1784879908.14543,A1850_B1850,1,1850,1850,1850,1850,10.555,22.15,233.79325,-1.21426,-0.35727,-13.1955,0.0404,-0.06844,0.00646,13.1955,0.00646,44.0
53.18,1784879908.16543,A1850_B1850,1,1850,1850,1850,1850,10.555,22.15,233.79325,-0.89814,0.4269,-13.24323,-0.05378,-0.04104,0.01161,13.24323,0.01161,44.0
53.2,1784879908.18543,A1850_B1850,1,1850,1850,1850,1850,10.55695,22.15517,233.89102,-0.06173,-0.3028,-12.80622,0.00194,0.01029,0.01561,12.80622,0.01561,44.0
53.22,1784879908.20543,A1850_B1850,1,1850,1850,1850,1850,10.6292,22.34686,237.52935,-0.46263,-0.55211,-13.19514,0.06482,-0.01909,-0.00586,13.19514,-0.00586,44.0
53.24,1784879908.22543,A1850_B1850,1,1850,1850,1850,1850,10.70146,22.53856,241.19539,0.18093,-0.7285,-13.12927,0.06258,0.04233,0.00527,13.12927,0.00527,44.0
53.26,1784879908.24543,A1850_B1850,1,1850,1850,1850,1850,10.751,22.67,243.72517,-0.88358,-0.07099,-12.77274,-0.01329,-0.0764,0.02055,12.77274,0.02055,44.0
53.28,1784879908.26543,A1850_B1850,1,1850,1850,1850,1850,10.751,22.67,243.72517,-0.9881,0.05858,-13.38084,-0.00521,-0.06627,0.00654,13.38084,0.00654,44.0
53.3,1784879908.28543,A1850_B1850,1,1850,1850,1850,1850,10.751,22.67,243.72517,-0.79571,-0.36431,-13.94519,0.04514,-0.0394,-0.00774,13.94519,-0.00774,44.0
53.32,1784879908.30543,A1850_B1850,1,1850,1850,1850,1850,10.67735,22.46948,239.91438,-1.20485,0.06466,-12.84848,-0.0058,-0.09152,-0.00045,12.84848,-0.00045,44.0
53.34,1784879908.32543,A1850_B1850,1,1850,1850,1850,1850,10.60176,22.2637,236.0344,-1.20047,-0.08049,-12.79563,-0.02762,-0.06399,0.02798,12.79563,0.02798,44.0
53.36,1784879908.34543,A1850_B1850,1,1850,1850,1850,1850,10.56,22.15,233.904,0.09101,-0.25396,-13.49649,0.03165,0.05242,0.017,13.49649,0.017,44.0
53.38,1784879908.36543,A1850_B1850,1,1850,1850,1850,1850,10.56,22.15,233.904,-0.04774,-1.17884,-12.75844,0.10657,0.02285,0.00998,12.75844,0.00998,44.0
53.4,1784879908.38543,A1850_B1850,1,1850,1850,1850,1850,10.56,22.15,233.904,-0.1877,-0.71394,-12.72019,0.03705,-0.0104,-0.00128,12.72019,-0.00128,44.0
53.42,1784879908.40543,A1850_B1850,1,1850,1850,1850,1850,10.59796,22.23107,235.60391,-0.32261,0.64068,-13.4491,-0.068,0.002,0.01481,13.4491,0.01481,44.0
53.44,1784879908.42543,A1850_B1850,1,1850,1850,1850,1850,10.63893,22.31859,237.44595,-0.20147,-0.62343,-13.48623,0.05739,-0.00532,0.01126,13.48623,0.01126,44.0
53.46,1784879908.44543,A1850_B1850,1,1850,1850,1850,1850,10.663,22.37,238.53131,-0.11801,-1.30264,-13.02892,0.12385,0.00029,-0.00768,13.02892,-0.00768,44.0
53.48,1784879908.46543,A1850_B1850,1,1850,1850,1850,1850,10.663,22.37,238.53131,-0.07972,-0.62345,-13.09875,0.04328,0.01306,0.00064,13.09875,0.00064,44.0
53.5,1784879908.48543,A1850_B1850,1,1850,1850,1850,1850,10.66225,22.36894,238.50319,-0.26517,-0.10348,-13.1392,-0.00413,0.01603,0.01069,13.1392,0.01069,44.0
53.52,1784879908.50543,A1850_B1850,1,1850,1850,1850,1850,10.62582,22.31742,237.14085,0.33875,-0.62318,-12.91296,0.06277,0.0222,0.00789,12.91296,0.00789,44.0
53.54,1784879908.52543,A1850_B1850,1,1850,1850,1850,1850,10.58939,22.2659,235.78226,-0.80883,-0.31036,-13.17378,0.032,-0.03384,-0.012,13.17378,-0.012,44.0
53.56,1784879908.54543,A1850_B1850,1,1850,1850,1850,1850,10.564,22.23,234.83772,-1.07456,-0.29248,-13.17472,0.01493,-0.0448,0.02187,13.17472,0.02187,44.0
53.58,1784879908.56543,A1850_B1850,1,1850,1850,1850,1850,10.564,22.23,234.83772,-0.35882,-0.28179,-12.96122,0.02219,-0.00979,0.03429,12.96122,0.03429,44.0
53.6,1784879908.58543,A1850_B1850,1,1850,1850,1850,1850,10.56567,22.2303,234.87799,0.17636,-0.27434,-13.26364,0.02216,0.03012,-0.01332,13.26364,-0.01332,44.0
53.62,1784879908.60543,A1850_B1850,1,1850,1850,1850,1850,10.62718,22.24135,236.36293,-0.00767,-1.01248,-13.78913,0.06931,0.02437,-0.00125,13.78913,-0.00125,44.0
53.64,1784879908.62543,A1850_B1850,1,1850,1850,1850,1850,10.6887,22.2524,237.84924,-0.87156,-0.13631,-12.94045,0.00168,-0.05095,0.02195,12.94045,0.02195,44.0
53.66,1784879908.64543,A1850_B1850,1,1850,1850,1850,1850,10.731,22.26,238.87206,-1.34246,0.44376,-13.11689,-0.02716,-0.09049,0.01726,13.11689,0.01726,44.0
53.68,1784879908.66543,A1850_B1850,1,1850,1850,1850,1850,10.731,22.26,238.87206,-0.75766,-0.34224,-13.96887,0.04554,-0.03887,0.00063,13.96887,0.00063,44.0
53.7,1784879908.68543,A1850_B1850,1,1850,1850,1850,1850,10.72959,22.25937,238.83394,-1.22319,-0.94461,-12.72522,0.08985,-0.06441,0.00655,12.72522,0.00655,44.0
53.72,1784879908.70543,A1850_B1850,1,1850,1850,1850,1850,10.66984,22.23273,237.21966,-0.38305,0.58679,-12.93558,-0.0509,-0.02913,0.00798,12.93558,0.00798,44.0
53.74,1784879908.72543,A1850_B1850,1,1850,1850,1850,1850,10.61009,22.20609,235.60858,-0.54562,0.49578,-13.1771,-0.04361,0.00741,0.00366,13.1771,0.00366,44.0
53.76,1784879908.74543,A1850_B1850,1,1850,1850,1850,1850,10.574,22.19,234.63706,-0.76243,-0.95212,-13.03731,0.09184,-0.03535,-0.01291,13.03731,-0.01291,44.0
53.78,1784879908.76543,A1850_B1850,1,1850,1850,1850,1850,10.574,22.19,234.63706,-0.80016,-1.00325,-13.16192,0.10201,-0.03377,-0.00822,13.16192,-0.00822,44.0
53.8,1784879908.78543,A1850_B1850,1,1850,1850,1850,1850,10.574,22.19,234.63706,-0.63861,0.16454,-13.32196,0.00034,-0.03591,0.02075,13.32196,0.02075,44.0
53.82,1784879908.80543,A1850_B1850,1,1850,1850,1850,1850,10.6349,22.38547,238.06723,-0.62345,-0.36558,-13.34437,0.00256,-0.04183,0.01077,13.34437,0.01077,44.0
53.84,1784879908.82543,A1850_B1850,1,1850,1850,1850,1850,10.70065,22.59652,241.79746,-0.78087,0.00934,-13.46022,0.01456,-0.0638,0.00012,13.46022,0.00012,44.0
53.86,1784879908.84543,A1850_B1850,1,1850,1850,1850,1850,10.736,22.71,243.81456,-0.11158,-0.26525,-13.64431,0.03167,0.01182,0.00315,13.64431,0.00315,44.0
53.88,1784879908.86543,A1850_B1850,1,1850,1850,1850,1850,10.736,22.71,243.81456,-0.6057,-0.53797,-12.92764,0.04341,-0.02724,0.01918,12.92764,0.01918,44.0
53.9,1784879908.88543,A1850_B1850,1,1850,1850,1850,1850,10.736,22.71,243.81456,-0.64553,0.25488,-12.76258,-0.02088,-0.029,0.01426,12.76258,0.01426,44.0
53.92,1784879908.90543,A1850_B1850,1,1850,1850,1850,1850,10.68898,22.54849,241.02042,-0.84317,-0.5022,-13.36678,0.05206,-0.02551,0.00072,13.36678,0.00072,44.0
53.94,1784879908.92543,A1850_B1850,1,1850,1850,1850,1850,10.63826,22.37425,238.02307,-0.60788,-0.55636,-13.49333,0.04089,-0.03523,-0.00788,13.49333,-0.00788,44.0
53.96,1784879908.94543,A1850_B1850,1,1850,1850,1850,1850,10.605,22.26,236.0673,-0.87065,0.12745,-12.61062,-0.01297,-0.05031,0.02293,12.61062,0.02293,44.0
53.98,1784879908.96543,A1850_B1850,1,1850,1850,1850,1850,10.605,22.26,236.0673,-0.32122,-0.17208,-13.25998,0.02616,-0.0069,0.00166,13.25998,0.00166,44.0
54.0,1784879908.98543,A1850_B1850,1,1850,1850,1850,1850,10.60473,22.25991,236.06039,-0.30496,-0.67626,-13.79459,0.06616,-0.00686,0.00486,13.79459,0.00486,44.0
54.02,1784879909.00543,A1850_B1850,1,1850,1850,1850,1850,10.58326,22.2525,235.50405,-1.02876,-0.03885,-12.71143,0.01329,-0.04106,0.01778,12.71143,0.01778,44.0
54.04,1784879909.02543,A1850_B1850,1,1850,1850,1850,1850,10.56179,22.2451,234.94803,-0.54776,0.0242,-13.31873,-0.00684,-0.01371,0.01589,13.31873,0.01589,44.0
54.06,1784879909.04543,A1850_B1850,1,1850,1850,1850,1850,10.547,22.24,234.56528,-0.57565,-0.24229,-13.1691,0.01562,-0.03306,0.00295,13.1691,0.00295,44.0
54.08,1784879909.06543,A1850_B1850,1,1850,1850,1850,1850,10.547,22.24,234.56528,0.40505,-0.65923,-12.92952,0.06876,0.05756,-0.00897,12.92952,-0.00897,44.0
54.1,1784879909.08543,A1850_B1850,1,1850,1850,1850,1850,10.548,22.2406,234.59387,-0.1008,-0.32362,-13.28526,0.02769,0.02453,0.01089,13.28526,0.01089,44.0
54.12,1784879909.10543,A1850_B1850,1,1850,1850,1850,1850,10.61506,22.28113,236.51546,-1.0909,0.31505,-13.52693,-0.04022,-0.07112,0.02292,13.52693,0.02292,44.0
54.14,1784879909.12543,A1850_B1850,1,1850,1850,1850,1850,10.68211,22.32166,238.44248,-1.08104,-0.11615,-13.13465,0.01159,-0.06388,0.00909,13.13465,0.00909,44.0
54.16,1784879909.14543,A1850_B1850,1,1850,1850,1850,1850,10.729,22.35,239.79315,0.14405,-0.21896,-13.15014,0.02607,0.04302,0.00221,13.15014,0.00221,44.0
54.18,1784879909.16543,A1850_B1850,1,1850,1850,1850,1850,10.729,22.35,239.79315,0.2913,-0.53634,-13.50411,0.03219,0.06509,0.01849,13.50411,0.01849,44.0
54.2,1784879909.18543,A1850_B1850,1,1850,1850,1850,1850,10.729,22.35,239.79315,-0.93076,0.0117,-12.97068,-0.01337,-0.03573,0.01503,12.97068,0.01503,44.0
54.22,1784879909.20543,A1850_B1850,1,1850,1850,1850,1850,10.69183,22.29966,238.42411,-0.27095,-0.36966,-12.63958,0.04808,-0.00942,0.00789,12.63958,0.00789,44.0
54.24,1784879909.22543,A1850_B1850,1,1850,1850,1850,1850,10.65357,22.24786,237.01919,0.03036,-0.94832,-13.49988,0.08822,0.04252,0.00729,13.49988,0.00729,44.0
54.26,1784879909.24543,A1850_B1850,1,1850,1850,1850,1850,10.633,22.22,236.26526,-0.79328,-0.25465,-13.32376,0.00783,-0.03107,0.00675,13.32376,0.00675,44.0
54.28,1784879909.26543,A1850_B1850,1,1850,1850,1850,1850,10.633,22.22,236.26526,-0.07384,0.0869,-12.80354,0.00947,0.00421,0.00652,12.80354,0.00652,44.0
54.3,1784879909.28543,A1850_B1850,1,1850,1850,1850,1850,10.633,22.22,236.26526,-0.39262,-0.5585,-13.34884,0.05219,-0.00112,0.00266,13.34884,0.00266,44.0
54.32,1784879909.30543,A1850_B1850,1,1850,1850,1850,1850,10.63071,22.18181,235.80832,-0.7289,-0.81935,-13.36694,0.06093,-0.03497,0.01232,13.36694,0.01232,44.0
54.34,1784879909.32543,A1850_B1850,1,1850,1850,1850,1850,10.62832,22.14206,235.33299,0.06625,-0.36676,-12.79901,0.02266,0.04113,0.01166,12.79901,0.01166,44.0
54.36,1784879909.34543,A1850_B1850,1,1850,1850,1850,1850,10.627,22.12,235.06924,-0.33722,-0.06846,-13.32689,0.0053,0.01434,0.01901,13.32689,0.01901,44.0
54.38,1784879909.36543,A1850_B1850,1,1850,1850,1850,1850,10.627,22.12,235.06924,-0.37311,-0.05149,-13.05313,0.00347,-0.00791,0.01612,13.05313,0.01612,44.0
54.4,1784879909.38543,A1850_B1850,1,1850,1850,1850,1850,10.627,22.12,235.06924,-0.63589,-0.10978,-12.79667,-0.01736,-0.00688,0.00372,12.79667,0.00372,44.0
54.42,1784879909.40543,A1850_B1850,1,1850,1850,1850,1850,10.60879,22.145,234.93158,-0.92733,0.36167,-13.554,-0.04668,-0.05303,0.01441,13.554,0.01441,44.0
54.44,1784879909.42543,A1850_B1850,1,1850,1850,1850,1850,10.59013,22.1706,234.78963,-0.56987,-0.02444,-13.46744,0.00279,-0.01605,0.03472,13.46744,0.03472,44.0
54.46,1784879909.44543,A1850_B1850,1,1850,1850,1850,1850,10.576,22.19,234.68144,-0.17878,-0.15594,-12.85547,0.0241,0.02681,-0.00214,12.85547,-0.00214,44.0
54.48,1784879909.46543,A1850_B1850,1,1850,1850,1850,1850,10.576,22.19,234.68144,-0.2893,-0.27647,-13.15529,0.01853,-0.00355,-0.00754,13.15529,-0.00754,44.0
54.5,1784879909.48543,A1850_B1850,1,1850,1850,1850,1850,10.576,22.19,234.68144,-0.83851,-0.32983,-13.64585,0.00104,-0.04352,0.01689,13.64585,0.01689,44.0
54.52,1784879909.50543,A1850_B1850,1,1850,1850,1850,1850,10.6169,22.30851,236.84732,-0.08566,-0.0497,-12.9544,0.01576,0.03213,0.01812,12.9544,0.01812,44.0
54.54,1784879909.52543,A1850_B1850,1,1850,1850,1850,1850,10.65942,22.43168,239.10868,-0.42516,-0.13745,-12.87116,0.04693,-0.00932,0.00572,12.87116,0.00572,44.0
54.56,1784879909.54543,A1850_B1850,1,1850,1850,1850,1850,10.683,22.5,240.3675,-1.11448,-0.65672,-13.53517,0.04213,-0.05134,0.00406,13.53517,0.00406,44.0
54.58,1784879909.56543,A1850_B1850,1,1850,1850,1850,1850,10.683,22.5,240.3675,-0.10357,-0.2993,-12.9947,0.00838,0.04079,0.02458,12.9947,0.02458,44.0
54.6,1784879909.58543,A1850_B1850,1,1850,1850,1850,1850,10.683,22.5,240.3675,-0.66604,0.26731,-12.94165,-0.00747,-0.05033,-0.00343,12.94165,-0.00343,44.0
54.62,1784879909.60543,A1850_B1850,1,1850,1850,1850,1850,10.68922,22.49268,240.42925,-0.77711,-0.51725,-13.47855,0.04216,-0.04354,-0.01039,13.47855,-0.01039,44.0
54.64,1784879909.62543,A1850_B1850,1,1850,1850,1850,1850,10.69601,22.48469,240.49652,-0.52065,-0.59583,-12.65514,0.0405,0.01146,0.02138,12.65514,0.02138,44.0
54.66,1784879909.64543,A1850_B1850,1,1850,1850,1850,1850,10.7,22.48,240.536,-1.04177,-0.03945,-12.85137,0.0077,-0.05389,0.01046,12.85137,0.01046,44.0
54.68,1784879909.66543,A1850_B1850,1,1850,1850,1850,1850,10.7,22.48,240.536,-0.37894,-0.2517,-14.03133,0.02416,-0.00522,0.00606,14.03133,0.00606,44.0
54.7,1784879909.68543,A1850_B1850,1,1850,1850,1850,1850,10.7,22.48,240.536,-0.46866,-0.3638,-12.73595,0.03919,-0.01637,-0.00814,12.73595,-0.00814,44.0
54.72,1784879909.70543,A1850_B1850,1,1850,1850,1850,1850,10.72501,22.43768,240.64429,-0.91954,0.10446,-12.516,-0.01717,-0.01903,-0.00014,12.516,-0.00014,44.0
54.74,1784879909.72543,A1850_B1850,1,1850,1850,1850,1850,10.75075,22.39411,240.75354,-0.22343,0.03915,-13.51877,-0.01524,0.01466,0.01586,13.51877,0.01586,44.0
54.76,1784879909.74543,A1850_B1850,1,1850,1850,1850,1850,10.765,22.37,240.81305,-0.19404,-0.66871,-13.18698,0.07457,-0.00452,0.00023,13.18698,0.00023,44.0
54.78,1784879909.76543,A1850_B1850,1,1850,1850,1850,1850,10.765,22.37,240.81305,0.07008,-0.34348,-13.18331,0.0308,0.03795,-0.00625,13.18331,-0.00625,44.0
54.8,1784879909.78543,A1850_B1850,1,1850,1850,1850,1850,10.765,22.37,240.81305,0.24982,-0.24055,-13.15362,-0.00342,0.04917,0.00586,13.15362,0.00586,44.0
54.82,1784879909.80543,A1850_B1850,1,1850,1850,1850,1850,10.68878,22.29671,238.32475,0.57154,-0.17053,-13.29065,-0.00213,0.06732,0.00952,13.29065,0.00952,44.0
54.84,1784879909.82543,A1850_B1850,1,1850,1850,1850,1850,10.61063,22.22157,235.78485,-0.29409,-0.25033,-13.03519,0.04576,0.00514,-0.00282,13.03519,-0.00282,44.0
54.86,1784879909.84543,A1850_B1850,1,1850,1850,1850,1850,10.557,22.17,234.04869,-1.35418,-0.47351,-13.26249,0.05716,-0.07746,0.00818,13.26249,0.00818,44.0
54.88,1784879909.86543,A1850_B1850,1,1850,1850,1850,1850,10.557,22.17,234.04869,-1.05756,-0.6415,-13.57088,0.0557,-0.04968,0.00326,13.57088,0.00326,44.0
54.9,1784879909.88543,A1850_B1850,1,1850,1850,1850,1850,10.557,22.17,234.04869,-0.0837,-0.20764,-12.50645,0.01535,0.02807,0.00052,12.50645,0.00052,44.0
54.92,1784879909.90543,A1850_B1850,1,1850,1850,1850,1850,10.5788,22.21571,235.01545,0.11298,-0.54542,-13.16688,0.04282,0.0262,-0.00642,13.16688,-0.00642,44.0
54.94,1784879909.92543,A1850_B1850,1,1850,1850,1850,1850,10.60117,22.26262,236.0098,-0.23919,-0.43797,-13.57558,0.04521,0.01077,-0.00462,13.57558,-0.00462,44.0
54.96,1784879909.94543,A1850_B1850,1,1850,1850,1850,1850,10.619,22.3,236.8037,-0.55707,-0.39526,-12.77154,0.04093,-0.01666,-0.00117,12.77154,-0.00117,44.0
54.98,1784879909.96543,A1850_B1850,1,1850,1850,1850,1850,10.619,22.3,236.8037,-0.45871,-0.13977,-13.19307,0.0181,-0.01548,0.00338,13.19307,0.00338,44.0
55.0,1784879909.98543,A1850_B1850,1,1850,1850,1850,1850,10.61886,22.29961,236.79639,-0.74842,-0.43018,-14.17294,0.03384,-0.0446,0.00452,14.17294,0.00452,44.0
55.02,1784879910.00543,A1850_B1850,1,1850,1850,1850,1850,10.61312,22.28433,236.50629,-0.38791,0.20819,-12.82357,-0.01508,0.00389,0.00375,12.82357,0.00375,44.0
55.04,1784879910.02543,A1850_B1850,1,1850,1850,1850,1850,10.60739,22.26904,236.21637,-0.18669,-0.21307,-12.54828,-0.00916,0.03029,0.01432,12.54828,0.01432,44.0
55.06,1784879910.04543,A1850_B1850,1,1850,1850,1850,1850,10.604,22.26,236.04504,-0.34572,-0.55847,-13.26967,0.01907,-0.00555,0.01521,13.26967,0.01521,44.0
55.08,1784879910.06543,A1850_B1850,1,1850,1850,1850,1850,10.604,22.26,236.04504,-0.96788,-0.33514,-13.2226,0.05787,-0.04397,-0.00014,13.2226,-0.00014,44.0
55.1,1784879910.08543,A1850_B1850,1,1850,1850,1850,1850,10.604,22.26,236.04504,-1.16196,-0.18674,-13.40731,-0.00274,-0.03808,0.00709,13.40731,0.00709,44.0
55.12,1784879910.10543,A1850_B1850,1,1850,1850,1850,1850,10.60986,22.23072,235.86473,-0.38257,0.08511,-13.03207,-0.0513,0.01078,0.01901,13.03207,0.01901,44.0
55.14,1784879910.12543,A1850_B1850,1,1850,1850,1850,1850,10.61618,22.19908,235.66949,0.39132,-0.01707,-13.29264,-0.00244,0.06955,0.00532,13.29264,0.00532,44.0
55.16,1784879910.14543,A1850_B1850,1,1850,1850,1850,1850,10.62,22.18,235.5516,-0.98996,-0.46132,-13.3037,0.05767,-0.06047,0.00129,13.3037,0.00129,44.0
55.18,1784879910.16543,A1850_B1850,1,1850,1850,1850,1850,10.62,22.18,235.5516,0.19216,-0.56197,-13.44522,0.0427,0.02818,0.01464,13.44522,0.01464,44.0
55.2,1784879910.18543,A1850_B1850,1,1850,1850,1850,1850,10.62,22.18,235.5516,-0.381,-0.29972,-13.09368,0.0121,0.02074,0.01158,13.09368,0.01158,44.0
55.22,1784879910.20543,A1850_B1850,1,1850,1850,1850,1850,10.66133,22.22885,236.98915,-0.3643,-0.47182,-12.66349,0.02244,0.0024,0.00026,12.66349,0.00026,44.0
55.24,1784879910.22543,A1850_B1850,1,1850,1850,1850,1850,10.70597,22.2816,238.54606,0.23729,-0.22137,-13.80117,0.03133,0.02572,0.00446,13.80117,0.00446,44.0
55.26,1784879910.24543,A1850_B1850,1,1850,1850,1850,1850,10.73,22.31,239.3863,-0.753,-0.13311,-13.38773,-0.01228,-0.01712,0.00729,13.38773,0.00729,44.0
55.28,1784879910.26543,A1850_B1850,1,1850,1850,1850,1850,10.73,22.31,239.3863,-0.15159,-0.63919,-12.78014,0.04313,0.00429,0.00598,12.78014,0.00598,44.0
55.3,1784879910.28543,A1850_B1850,1,1850,1850,1850,1850,10.73,22.31,239.3863,-0.2878,-0.25992,-12.90988,0.03647,-0.01583,0.00012,12.90988,0.00012,44.0
55.32,1784879910.30543,A1850_B1850,1,1850,1850,1850,1850,10.67465,22.26388,237.6592,-0.37424,-0.33254,-13.76679,0.02461,-0.01263,0.00315,13.76679,0.00315,44.0
55.34,1784879910.32543,A1850_B1850,1,1850,1850,1850,1850,10.61764,22.21636,235.88528,-0.61578,-0.05246,-12.87534,-0.00508,-0.01437,0.00915,12.87534,0.00915,44.0
55.36,1784879910.34543,A1850_B1850,1,1850,1850,1850,1850,10.586,22.19,234.90334,-0.81085,-0.28191,-13.51216,0.01193,-0.03757,0.00898,13.51216,0.00898,44.0
55.38,1784879910.36543,A1850_B1850,1,1850,1850,1850,1850,10.586,22.19,234.90334,-0.20154,-0.54704,-13.22078,0.06499,0.01929,-0.00228,13.22078,-0.00228,44.0
55.4,1784879910.38543,A1850_B1850,1,1850,1850,1850,1850,10.586,22.19,234.90334,-0.27512,-0.46679,-12.55719,0.04607,0.02106,0.01149,12.55719,0.01149,44.0
55.42,1784879910.40543,A1850_B1850,1,1850,1850,1850,1850,10.61149,22.13594,234.8952,-0.70838,-0.44614,-13.67355,0.01564,-0.0264,0.00572,13.67355,0.00572,44.0
55.44,1784879910.42543,A1850_B1850,1,1850,1850,1850,1850,10.63779,22.08014,234.88392,0.22029,-0.1104,-13.14707,-0.0021,0.04744,-0.00365,13.14707,-0.00365,44.0
55.46,1784879910.44543,A1850_B1850,1,1850,1850,1850,1850,10.652,22.05,234.8766,-0.33448,-0.63045,-13.06324,0.05387,-0.00489,-0.00162,13.06324,-0.00162,44.0
55.48,1784879910.46543,A1850_B1850,1,1850,1850,1850,1850,10.652,22.05,234.8766,-0.13741,-0.89772,-13.10428,0.07378,0.01755,0.00801,13.10428,0.00801,44.0
55.5,1784879910.48543,A1850_B1850,1,1850,1850,1850,1850,10.652,22.05,234.8766,0.33441,-0.27435,-13.4954,0.00967,0.05417,0.01283,13.4954,0.01283,44.0
55.52,1784879910.50543,A1850_B1850,1,1850,1850,1850,1850,10.63237,22.07592,234.71944,0.2478,-0.25136,-12.98055,0.01207,0.06103,0.00658,12.98055,0.00658,44.0
55.54,1784879910.52543,A1850_B1850,1,1850,1850,1850,1850,10.61092,22.10425,234.54652,0.31208,-0.72726,-13.04568,0.06707,0.03789,0.00683,13.04568,0.00683,44.0
55.56,1784879910.54543,A1850_B1850,1,1850,1850,1850,1850,10.599,22.12,234.44988,0.30815,0.45273,-13.56015,-0.04351,0.05109,0.00289,13.56015,0.00289,44.0
55.58,1784879910.56543,A1850_B1850,1,1850,1850,1850,1850,10.599,22.12,234.44988,-0.41481,-0.23817,-12.9706,0.00279,0.00997,0.00152,12.9706,0.00152,44.0
55.6,1784879910.58543,A1850_B1850,1,1850,1850,1850,1850,10.599,22.12,234.44988,0.21773,-0.96551,-12.7304,0.08456,0.05158,0.00461,12.7304,0.00461,44.0
55.62,1784879910.60543,A1850_B1850,1,1850,1850,1850,1850,10.6005,22.19507,235.27888,-0.02084,-0.33575,-13.08885,0.03512,0.00785,-0.00682,13.08885,-0.00682,44.0
55.64,1784879910.62543,A1850_B1850,1,1850,1850,1850,1850,10.60213,22.27626,236.17565,0.08677,-0.26538,-13.41033,0.00158,0.01626,0.00109,13.41033,0.00109,44.0
55.66,1784879910.64543,A1850_B1850,1,1850,1850,1850,1850,10.603,22.32,236.65896,0.16613,-0.38909,-13.11929,0.01367,0.0572,0.01841,13.11929,0.01841,44.0
55.68,1784879910.66543,A1850_B1850,1,1850,1850,1850,1850,10.603,22.32,236.65896,-0.99974,-0.25888,-13.56986,0.04316,-0.05023,-0.00294,13.56986,-0.00294,44.0
55.7,1784879910.68543,A1850_B1850,1,1850,1850,1850,1850,10.603,22.32,236.65896,-0.83401,-0.15477,-13.21828,0.03581,-0.02711,-0.00431,13.21828,-0.00431,44.0
55.72,1784879910.70543,A1850_B1850,1,1850,1850,1850,1850,10.59425,22.24341,235.65222,-1.35291,-0.36267,-12.74447,0.02067,-0.0794,0.01218,12.74447,0.01218,44.0
55.74,1784879910.72543,A1850_B1850,1,1850,1850,1850,1850,10.58528,22.16491,234.62163,-0.81165,0.07669,-13.94779,-0.01262,-0.01434,0.01806,13.94779,0.01806,44.0
55.76,1784879910.74543,A1850_B1850,1,1850,1850,1850,1850,10.579,22.11,233.90169,-0.14659,0.05379,-12.89823,-0.00456,0.02029,-0.0108,12.89823,-0.0108,44.0
55.78,1784879910.76543,A1850_B1850,1,1850,1850,1850,1850,10.579,22.11,233.90169,-0.25597,-0.40088,-12.76193,0.02747,-0.01169,0.00058,12.76193,0.00058,44.0
55.8,1784879910.78543,A1850_B1850,1,1850,1850,1850,1850,10.579,22.11,233.90169,0.43395,-0.62069,-13.25783,0.04318,0.07678,0.02041,13.25783,0.02041,44.0
55.82,1784879910.80543,A1850_B1850,1,1850,1850,1850,1850,10.57628,22.12552,234.00578,-0.68441,0.02387,-13.65019,-0.00159,-0.03592,0.00292,13.65019,0.00292,44.0
55.84,1784879910.82543,A1850_B1850,1,1850,1850,1850,1850,10.5735,22.14143,234.11238,-0.75154,-0.48383,-13.19963,0.03384,-0.05174,0.00115,13.19963,0.00115,44.0
55.86,1784879910.84543,A1850_B1850,1,1850,1850,1850,1850,10.572,22.15,234.1698,-0.63267,-0.32001,-13.21289,0.01684,-0.03471,0.00175,13.21289,0.00175,44.0
55.88,1784879910.86543,A1850_B1850,1,1850,1850,1850,1850,10.572,22.15,234.1698,-0.03093,0.515,-13.52647,-0.0527,0.04518,0.02312,13.52647,0.02312,44.0
55.9,1784879910.88543,A1850_B1850,1,1850,1850,1850,1850,10.572,22.15,234.1698,-0.02422,-0.54023,-13.0636,0.02513,0.02791,0.01563,13.0636,0.01563,44.0
55.92,1784879910.90543,A1850_B1850,1,1850,1850,1850,1850,10.57024,22.1747,234.3918,-0.20256,-0.74822,-13.07852,0.06967,0.00909,-0.01162,13.07852,-0.01162,44.0
55.94,1784879910.92543,A1850_B1850,1,1850,1850,1850,1850,10.56842,22.20008,234.61981,0.0218,0.04298,-13.34872,-0.00036,0.02323,0.00929,13.34872,0.00929,44.0
55.96,1784879910.94543,A1850_B1850,1,1850,1850,1850,1850,10.567,22.22,234.79874,-0.78537,-0.13239,-12.83866,-0.01173,-0.02906,0.01058,12.83866,0.01058,44.0
55.98,1784879910.96543,A1850_B1850,1,1850,1850,1850,1850,10.567,22.22,234.79874,-0.52368,-0.37592,-13.19222,0.01847,-0.01665,0.00312,13.19222,0.00312,44.0
56.0,1784879910.98543,A1850_B1850,1,1850,1850,1850,1850,10.567,22.22,234.79874,-0.42327,-0.63712,-13.82416,0.06196,-0.0288,-0.00157,13.82416,-0.00157,44.0
56.02,1784879911.00543,A1850_B1850,1,1850,1850,1850,1850,10.61369,22.2947,236.62892,-0.40864,-0.33773,-12.68477,0.03081,-0.00334,0.00446,12.68477,0.00446,44.0
56.04,1784879911.02543,A1850_B1850,1,1850,1850,1850,1850,10.6645,22.376,238.62876,-1.11233,-0.47704,-12.96423,0.02618,-0.06494,0.00961,12.96423,0.00961,44.0
56.06,1784879911.04543,A1850_B1850,1,1850,1850,1850,1850,10.692,22.42,239.71464,-0.07373,0.02434,-13.68091,0.00378,0.04595,0.00666,13.68091,0.00666,44.0
56.08,1784879911.06543,A1850_B1850,1,1850,1850,1850,1850,10.692,22.42,239.71464,-0.54362,-0.51669,-12.72989,0.0389,-0.02452,-0.00528,12.72989,-0.00528,44.0
56.1,1784879911.08543,A1850_B1850,1,1850,1850,1850,1850,10.692,22.42,239.71464,-0.56261,-0.14881,-12.85062,0.00904,-0.03305,0.01003,12.85062,0.01003,44.0
56.12,1784879911.10543,A1850_B1850,1,1850,1850,1850,1850,10.66364,22.36402,238.48187,-0.18515,-0.47344,-12.93634,0.02193,0.01492,0.00626,12.93634,0.00626,44.0
56.14,1784879911.12543,A1850_B1850,1,1850,1850,1850,1850,10.63299,22.30353,237.1532,-0.89272,-0.61191,-13.2495,0.04876,-0.03546,0.00738,13.2495,0.00738,44.0
56.16,1784879911.14543,A1850_B1850,1,1850,1850,1850,1850,10.616,22.27,236.41832,-0.31408,-0.50294,-13.18131,0.04753,-0.01385,-0.00305,13.18131,-0.00305,44.0
56.18,1784879911.16543,A1850_B1850,1,1850,1850,1850,1850,10.616,22.27,236.41832,-0.66343,0.03082,-13.28823,-0.00313,-0.03051,0.00972,13.28823,0.00972,44.0
56.2,1784879911.18543,A1850_B1850,1,1850,1850,1850,1850,10.616,22.27,236.41832,-0.53378,-0.00632,-13.38069,-0.01907,-0.0112,0.02223,13.38069,0.02223,44.0
56.22,1784879911.20543,A1850_B1850,1,1850,1850,1850,1850,10.60076,22.30629,236.46359,-0.50059,-0.90305,-13.20077,0.06764,-0.00143,0.00292,13.20077,0.00292,44.0
56.24,1784879911.22543,A1850_B1850,1,1850,1850,1850,1850,10.58513,22.34351,236.50886,-0.077,0.00786,-13.49055,0.02327,0.0268,0.00269,13.49055,0.00269,44.0
56.26,1784879911.24543,A1850_B1850,1,1850,1850,1850,1850,10.574,22.37,236.54038,-1.09365,0.31997,-13.32648,-0.02607,-0.07606,0.01841,13.32648,0.01841,44.0
56.28,1784879911.26543,A1850_B1850,1,1850,1850,1850,1850,10.574,22.37,236.54038,-0.18761,-0.754,-12.1342,0.02179,0.02218,0.01326,12.1342,0.01326,44.0
56.3,1784879911.28543,A1850_B1850,1,1850,1850,1850,1850,10.57439,22.37018,236.55097,-0.11628,-0.64819,-13.38588,0.0647,0.00626,-0.01262,13.38588,-0.01262,44.0
56.32,1784879911.30543,A1850_B1850,1,1850,1850,1850,1850,10.59016,22.37752,236.98153,-0.61723,-0.06439,-13.79808,0.00767,-0.03234,0.00752,13.79808,0.00752,44.0
56.34,1784879911.32543,A1850_B1850,1,1850,1850,1850,1850,10.60594,22.38485,237.41231,-0.64616,-0.32569,-12.79164,0.00467,-0.01197,0.02092,12.79164,0.02092,44.0
56.36,1784879911.34543,A1850_B1850,1,1850,1850,1850,1850,10.617,22.39,237.71463,-1.02582,-0.32768,-13.40716,0.03107,-0.06337,0.00169,13.40716,0.00169,44.0
56.38,1784879911.36543,A1850_B1850,1,1850,1850,1850,1850,10.617,22.39,237.71463,-0.0472,-0.64518,-13.93098,0.05984,0.02472,0.00092,13.93098,0.00092,44.0
56.4,1784879911.38543,A1850_B1850,1,1850,1850,1850,1850,10.617,22.39,237.71463,-0.5346,-0.59048,-12.64944,0.05567,-0.02729,0.00869,12.64944,0.00869,44.0
56.42,1784879911.40543,A1850_B1850,1,1850,1850,1850,1850,10.62536,22.36819,237.67008,-0.44532,0.41704,-12.91855,-0.04936,0.00126,0.00975,12.91855,0.00975,44.0
56.44,1784879911.42543,A1850_B1850,1,1850,1850,1850,1850,10.6344,22.34461,237.62151,-0.6013,-0.09298,-13.30795,-0.00547,-0.01537,0.00643,13.30795,0.00643,44.0
56.46,1784879911.44543,A1850_B1850,1,1850,1850,1850,1850,10.64,22.33,237.5912,-0.15809,-0.73803,-12.99025,0.07819,0.0082,0.00552,12.99025,0.00552,44.0
56.48,1784879911.46543,A1850_B1850,1,1850,1850,1850,1850,10.64,22.33,237.5912,-0.2313,-0.16896,-13.14863,0.01855,-0.00511,0.00475,13.14863,0.00475,44.0
56.5,1784879911.48543,A1850_B1850,1,1850,1850,1850,1850,10.64,22.33,237.5912,-0.39339,-0.04694,-13.08568,-0.01224,-0.0166,0.00452,13.08568,0.00452,44.0
56.52,1784879911.50543,A1850_B1850,1,1850,1850,1850,1850,10.61772,22.26791,236.43441,-0.47319,-0.51575,-13.00329,0.03021,-0.02028,0.00529,13.00329,0.00529,44.0
56.54,1784879911.52543,A1850_B1850,1,1850,1850,1850,1850,10.59365,22.20082,235.18773,-0.1861,-0.38588,-13.20046,0.05658,0.01992,-0.00142,13.20046,-0.00142,44.0
56.56,1784879911.54543,A1850_B1850,1,1850,1850,1850,1850,10.579,22.16,234.43064,-0.36342,-0.11631,-13.53858,0.0111,-0.00577,0.01041,13.53858,0.01041,44.0
56.58,1784879911.56543,A1850_B1850,1,1850,1850,1850,1850,10.579,22.16,234.43064,-0.56516,-0.12034,-13.01559,-0.00507,-0.0432,0.01761,13.01559,0.01761,44.0
56.6,1784879911.58543,A1850_B1850,1,1850,1850,1850,1850,10.579,22.16,234.43064,-0.04993,-0.46857,-12.8958,0.03844,0.04777,0.00232,12.8958,0.00232,44.0
56.62,1784879911.60543,A1850_B1850,1,1850,1850,1850,1850,10.61387,22.26498,236.31754,-0.08939,-0.7554,-13.49351,0.06767,0.02457,0.00061,13.49351,0.00061,44.0
56.64,1784879911.62543,A1850_B1850,1,1850,1850,1850,1850,10.65163,22.37868,238.36957,-0.45113,0.29946,-12.98809,-0.0309,-0.0226,0.01232,12.98809,0.01232,44.0
56.66,1784879911.64543,A1850_B1850,1,1850,1850,1850,1850,10.672,22.44,239.47968,-0.37541,-0.51003,-12.96483,0.04107,-0.0204,0.00472,12.96483,0.00472,44.0
56.68,1784879911.66543,A1850_B1850,1,1850,1850,1850,1850,10.672,22.44,239.47968,-0.12053,-0.65454,-13.40003,0.05373,0.027,0.00229,13.40003,0.00229,44.0
56.7,1784879911.68543,A1850_B1850,1,1850,1850,1850,1850,10.6712,22.43812,239.4417,-0.54936,-0.22789,-13.47329,0.0207,-0.03403,0.00792,13.47329,0.00792,44.0
56.72,1784879911.70543,A1850_B1850,1,1850,1850,1850,1850,10.63854,22.36104,237.8887,-0.89816,0.39229,-12.96923,-0.03999,-0.0444,0.01338,12.96923,0.01338,44.0
56.74,1784879911.72543,A1850_B1850,1,1850,1850,1850,1850,10.60587,22.28396,236.34074,-0.3213,-0.20314,-13.817,0.01698,0.00532,0.00681,13.817,0.00681,44.0
56.76,1784879911.74543,A1850_B1850,1,1850,1850,1850,1850,10.583,22.23,235.26009,0.25476,-1.23748,-12.5832,0.10327,0.04063,0.00529,12.5832,0.00529,44.0
56.78,1784879911.76543,A1850_B1850,1,1850,1850,1850,1850,10.583,22.23,235.26009,-0.72978,-0.31894,-12.58477,0.03684,-0.02548,0.00321,12.58477,0.00321,44.0
56.8,1784879911.78543,A1850_B1850,1,1850,1850,1850,1850,10.5832,22.23059,235.27086,-0.49313,0.33317,-13.55408,-0.03713,-0.01997,0.01023,13.55408,0.01023,44.0
56.82,1784879911.80543,A1850_B1850,1,1850,1850,1850,1850,10.60437,22.29216,236.39419,0.05613,-0.58751,-13.13411,0.03256,0.03432,0.00635,13.13411,0.00635,44.0
56.84,1784879911.82543,A1850_B1850,1,1850,1850,1850,1850,10.62553,22.35372,237.52013,-0.44455,-0.55646,-12.69803,0.0567,-0.03991,-0.01091,12.69803,-0.01091,44.0
56.86,1784879911.84543,A1850_B1850,1,1850,1850,1850,1850,10.638,22.39,238.18482,-0.60104,-0.08812,-13.06171,0.01713,-0.02354,0.01075,13.06171,0.01075,44.0
56.88,1784879911.86543,A1850_B1850,1,1850,1850,1850,1850,10.638,22.39,238.18482,-1.00081,-0.19054,-13.53214,-0.01459,-0.04491,0.02623,13.53214,0.02623,44.0
56.9,1784879911.88543,A1850_B1850,1,1850,1850,1850,1850,10.638,22.39,238.18482,-0.55142,0.17859,-13.08184,-0.0051,-0.01408,0.01849,13.08184,0.01849,44.0
56.92,1784879911.90543,A1850_B1850,1,1850,1850,1850,1850,10.67436,22.36505,238.73255,-0.28916,-0.51496,-12.94463,0.04421,-0.00583,-0.00917,12.94463,-0.00917,44.0
56.94,1784879911.92543,A1850_B1850,1,1850,1850,1850,1850,10.71383,22.33796,239.3251,-0.57701,-0.39969,-13.13985,0.01967,-0.02703,0.00049,13.13985,0.00049,44.0
56.96,1784879911.94543,A1850_B1850,1,1850,1850,1850,1850,10.74,22.32,239.7168,-0.12819,-0.03343,-12.85983,0.00076,0.0218,0.02403,12.85983,0.02403,44.0
56.98,1784879911.96543,A1850_B1850,1,1850,1850,1850,1850,10.74,22.32,239.7168,-0.48743,0.05131,-13.23019,0.00387,-0.00903,0.00715,13.23019,0.00715,44.0
57.0,1784879911.98543,A1850_B1850,1,1850,1850,1850,1850,10.74,22.32,239.7168,-0.39619,-0.44628,-13.52831,0.04713,-0.00754,-0.00102,13.52831,-0.00102,44.0
57.02,1784879912.00543,A1850_B1850,1,1850,1850,1850,1850,10.6945,22.26584,238.12207,-1.02703,0.01965,-12.82636,-0.00764,-0.07548,0.01935,12.82636,0.01935,44.0
57.04,1784879912.02543,A1850_B1850,1,1850,1850,1850,1850,10.64758,22.20997,236.48234,-0.4124,0.19311,-13.06648,-0.02367,0.00177,0.01318,13.06648,0.01318,44.0
57.06,1784879912.04543,A1850_B1850,1,1850,1850,1850,1850,10.614,22.17,235.31238,0.0097,-0.5677,-13.89382,0.03224,0.03257,0.00489,13.89382,0.00489,44.0
57.08,1784879912.06543,A1850_B1850,1,1850,1850,1850,1850,10.614,22.17,235.31238,-0.59397,-0.733,-12.42443,0.06313,-0.01403,0.00198,12.42443,0.00198,44.0
57.1,1784879912.08543,A1850_B1850,1,1850,1850,1850,1850,10.614,22.17,235.31238,-0.16057,-0.39141,-12.83326,0.04433,0.01754,0.01309,12.83326,0.01309,44.0
57.12,1784879912.10543,A1850_B1850,1,1850,1850,1850,1850,10.58706,22.1154,234.13711,-0.63559,-0.03158,-13.54881,-0.0065,-0.02605,0.02038,13.54881,0.02038,44.0
57.14,1784879912.12543,A1850_B1850,1,1850,1850,1850,1850,10.55936,22.05925,232.93169,-0.77364,-0.26273,-13.29338,0.00438,-0.026,-0.00394,13.29338,-0.00394,44.0
57.16,1784879912.14543,A1850_B1850,1,1850,1850,1850,1850,10.54,22.02,232.0908,-0.42325,-0.16926,-12.90532,0.01147,-0.00091,0.00549,12.90532,0.00549,44.0
57.18,1784879912.16543,A1850_B1850,1,1850,1850,1850,1850,10.54,22.02,232.0908,-0.29673,-0.03572,-13.14453,-0.00704,-0.00037,0.01978,13.14453,0.01978,44.0
57.2,1784879912.18543,A1850_B1850,1,1850,1850,1850,1850,10.54,22.02,232.0908,-0.90331,-0.53387,-13.24249,0.04301,-0.06831,0.01018,13.24249,0.01018,44.0
57.22,1784879912.20543,A1850_B1850,1,1850,1850,1850,1850,10.59659,22.23708,235.63728,-1.08781,0.01589,-13.29971,0.0101,-0.05866,0.00575,13.29971,0.00575,44.0
57.24,1784879912.22543,A1850_B1850,1,1850,1850,1850,1850,10.65467,22.45984,239.3022,-0.37187,-0.73888,-12.95307,0.05641,-0.02297,-0.01145,12.95307,-0.01145,44.0
57.26,1784879912.24543,A1850_B1850,1,1850,1850,1850,1850,10.686,22.58,241.28988,-0.22893,0.17976,-12.97962,-0.02967,0.02823,0.019,12.97962,0.019,44.0
57.28,1784879912.26543,A1850_B1850,1,1850,1850,1850,1850,10.686,22.58,241.28988,-0.754,-0.0543,-13.14822,0.00195,-0.05771,0.00946,13.14822,0.00946,44.0
57.3,1784879912.28543,A1850_B1850,1,1850,1850,1850,1850,10.686,22.58,241.28988,-0.93744,-0.97612,-13.01515,0.0737,-0.043,0.00121,13.01515,0.00121,44.0
57.32,1784879912.30543,A1850_B1850,1,1850,1850,1850,1850,10.65169,22.43456,238.966,0.49348,-0.26014,-13.22205,0.01927,0.0572,-0.00488,13.22205,-0.00488,44.0
57.34,1784879912.32543,A1850_B1850,1,1850,1850,1850,1850,10.61461,22.27737,236.46555,-0.54361,-0.02714,-12.62112,0.00156,-0.02265,0.0128,12.62112,0.0128,44.0
57.36,1784879912.34543,A1850_B1850,1,1850,1850,1850,1850,10.594,22.19,235.08086,-0.86719,-0.16459,-13.51269,0.00247,-0.03931,0.00849,13.51269,0.00849,44.0
57.38,1784879912.36543,A1850_B1850,1,1850,1850,1850,1850,10.594,22.19,235.08086,0.02175,-0.70975,-13.49236,0.06264,0.00437,-0.00297,13.49236,-0.00297,44.0
57.4,1784879912.38543,A1850_B1850,1,1850,1850,1850,1850,10.594,22.19,235.08086,-0.37787,-0.17695,-12.82806,0.01259,0.00292,0.0192,12.82806,0.0192,44.0
57.42,1784879912.40543,A1850_B1850,1,1850,1850,1850,1850,10.58614,22.14511,234.43137,-0.58539,-0.38864,-13.57704,0.03027,-0.02488,0.01109,13.57704,0.01109,44.0
57.44,1784879912.42543,A1850_B1850,1,1850,1850,1850,1850,10.57764,22.09652,233.72907,-0.57484,-0.17893,-13.0045,0.01833,-0.00574,-0.00197,13.0045,-0.00197,44.0
57.46,1784879912.44543,A1850_B1850,1,1850,1850,1850,1850,10.573,22.07,233.34611,-0.63838,-0.06343,-13.08687,0.01301,-0.01571,-0.00834,13.08687,-0.00834,44.0
57.48,1784879912.46543,A1850_B1850,1,1850,1850,1850,1850,10.573,22.07,233.34611,-0.09924,-0.24276,-13.39599,0.02504,0.00371,0.00363,13.39599,0.00363,44.0
57.5,1784879912.48543,A1850_B1850,1,1850,1850,1850,1850,10.573,22.07,233.34611,0.03873,-0.33828,-13.2185,0.0115,0.0334,0.01678,13.2185,0.01678,44.0
57.52,1784879912.50543,A1850_B1850,1,1850,1850,1850,1850,10.58247,22.15014,234.40317,-0.71621,-0.6443,-12.84193,0.05892,-0.02014,0.00255,12.84193,0.00255,44.0
57.54,1784879912.52543,A1850_B1850,1,1850,1850,1850,1850,10.59218,22.23231,235.48861,-0.09205,-0.21688,-13.53591,0.01739,0.01448,-0.00094,13.53591,-0.00094,44.0
57.56,1784879912.54543,A1850_B1850,1,1850,1850,1850,1850,10.599,22.29,236.25171,-0.27811,-0.20865,-13.50767,-0.00262,-0.00468,0.01572,13.50767,0.01572,44.0
57.58,1784879912.56543,A1850_B1850,1,1850,1850,1850,1850,10.599,22.29,236.25171,-0.53787,0.27469,-12.65901,-0.0367,0.00277,0.01743,12.65901,0.01743,44.0
57.6,1784879912.58543,A1850_B1850,1,1850,1850,1850,1850,10.59824,22.28817,236.2154,-1.10798,-0.53517,-13.29898,0.05375,-0.06834,0.01343,13.29898,0.01343,44.0
57.62,1784879912.60543,A1850_B1850,1,1850,1850,1850,1850,10.56654,22.21178,234.70161,-0.31825,-0.52905,-13.42758,0.04567,0.02782,0.00943,13.42758,0.00943,44.0
57.64,1784879912.62543,A1850_B1850,1,1850,1850,1850,1850,10.53484,22.13539,233.19267,-1.04415,0.19939,-13.21044,-0.02955,-0.05422,0.00852,13.21044,0.00852,44.0
57.66,1784879912.64543,A1850_B1850,1,1850,1850,1850,1850,10.516,22.09,232.29844,-0.10289,0.08336,-12.98615,-0.01767,0.00051,0.00929,12.98615,0.00929,44.0
57.68,1784879912.66543,A1850_B1850,1,1850,1850,1850,1850,10.516,22.09,232.29844,0.03231,-0.967,-13.35966,0.07478,0.03166,-0.00436,13.35966,-0.00436,44.0
57.7,1784879912.68543,A1850_B1850,1,1850,1850,1850,1850,10.51664,22.09132,232.32654,-0.33965,-0.1815,-13.11668,0.01693,-0.02328,0.00155,13.11668,0.00155,44.0
57.72,1784879912.70543,A1850_B1850,1,1850,1850,1850,1850,10.5443,22.14815,233.5368,-0.81596,0.33616,-13.31441,-0.02836,-0.05231,0.02072,13.31441,0.02072,44.0
57.74,1784879912.72543,A1850_B1850,1,1850,1850,1850,1850,10.57196,22.20499,234.75021,-0.62272,-0.8926,-13.815,0.07346,-0.02203,0.01472,13.815,0.01472,44.0
57.76,1784879912.74543,A1850_B1850,1,1850,1850,1850,1850,10.589,22.24,235.49936,-0.12807,-0.00394,-12.88115,0.01445,0.02583,-0.00622,12.88115,-0.00622,44.0
57.78,1784879912.76543,A1850_B1850,1,1850,1850,1850,1850,10.589,22.24,235.49936,-0.15275,-0.4628,-12.77282,0.00907,0.00155,-0.00145,12.77282,-0.00145,44.0
57.8,1784879912.78543,A1850_B1850,1,1850,1850,1850,1850,10.589,22.24,235.49936,-0.45931,-0.39953,-13.45205,0.02241,0.00569,0.01695,13.45205,0.01695,44.0
57.82,1784879912.80543,A1850_B1850,1,1850,1850,1850,1850,10.583,22.27748,235.76263,-0.19578,-0.23643,-12.89565,0.03064,0.01389,0.00918,12.89565,0.00918,44.0
57.84,1784879912.82543,A1850_B1850,1,1850,1850,1850,1850,10.57651,22.31809,236.04738,-0.18784,-0.86875,-12.38328,0.0587,0.02274,-0.00065,12.38328,-0.00065,44.0
57.86,1784879912.84543,A1850_B1850,1,1850,1850,1850,1850,10.573,22.34,236.20082,-0.37749,0.20727,-13.39097,-0.02841,-0.02588,0.00138,13.39097,0.00138,44.0
57.88,1784879912.86543,A1850_B1850,1,1850,1850,1850,1850,10.573,22.34,236.20082,-0.07144,0.1632,-12.93863,-0.02953,0.03154,0.01255,12.93863,0.01255,44.0
57.9,1784879912.88543,A1850_B1850,1,1850,1850,1850,1850,10.573,22.34,236.20082,-0.31362,-0.49287,-13.27921,0.04249,0.00443,-0.00376,13.27921,-0.00376,44.0
57.92,1784879912.90543,A1850_B1850,1,1850,1850,1850,1850,10.59635,22.33629,236.68317,-0.89398,-0.62649,-13.29953,0.05993,-0.0308,0.01906,13.29953,0.01906,44.0
57.94,1784879912.92543,A1850_B1850,1,1850,1850,1850,1850,10.6203,22.33249,237.17769,-0.34358,0.04783,-12.6869,-0.01458,0.02782,0.00746,12.6869,0.00746,44.0
57.96,1784879912.94543,A1850_B1850,1,1850,1850,1850,1850,10.636,22.33,237.50188,-0.21718,0.0867,-13.23654,-0.03267,0.00383,0.01309,13.23654,0.01309,44.0
57.98,1784879912.96543,A1850_B1850,1,1850,1850,1850,1850,10.636,22.33,237.50188,-0.22662,0.11057,-13.31518,-0.0107,0.03191,0.01729,13.31518,0.01729,44.0
58.0,1784879912.98543,A1850_B1850,1,1850,1850,1850,1850,10.636,22.33,237.50188,0.09993,-1.20441,-12.94525,0.08803,0.03632,-0.01565,12.94525,-0.01565,44.0
58.02,1784879913.00543,A1850_B1850,1,1850,1850,1850,1850,10.60868,22.25516,236.09789,-0.28275,-0.05304,-12.78646,-0.00178,0.00472,0.02234,12.78646,0.02234,44.0
58.04,1784879913.02543,A1850_B1850,1,1850,1850,1850,1850,10.57903,22.17393,234.57872,-0.78859,-0.01402,-13.63156,0.00898,-0.05797,-0.00128,13.63156,-0.00128,44.0
58.06,1784879913.04543,A1850_B1850,1,1850,1850,1850,1850,10.563,22.13,233.75919,-0.21538,-0.48397,-13.92674,0.03713,0.02091,-0.01325,13.92674,-0.01325,44.0
58.08,1784879913.06543,A1850_B1850,1,1850,1850,1850,1850,10.563,22.13,233.75919,-0.25571,-0.11432,-12.88471,0.01062,0.02897,0.01506,12.88471,0.01506,44.0
58.1,1784879913.08543,A1850_B1850,1,1850,1850,1850,1850,10.563,22.13,233.75919,-0.41929,-0.28217,-13.35841,0.00995,-0.01477,0.01272,13.35841,0.01272,44.0
58.12,1784879913.10543,A1850_B1850,1,1850,1850,1850,1850,10.58123,22.23368,235.2598,-0.27063,-0.11654,-13.5752,0.02018,0.02108,0.01338,13.5752,0.01338,44.0
58.14,1784879913.12543,A1850_B1850,1,1850,1850,1850,1850,10.60051,22.34331,236.8506,-0.81322,-0.33891,-12.97106,0.03404,-0.03362,0.00449,12.97106,0.00449,44.0
58.16,1784879913.14543,A1850_B1850,1,1850,1850,1850,1850,10.614,22.42,237.96588,0.36423,-0.61715,-12.90987,0.03207,0.07253,0.00615,12.90987,0.00615,44.0
58.18,1784879913.16543,A1850_B1850,1,1850,1850,1850,1850,10.614,22.42,237.96588,0.66445,0.17201,-13.05548,-0.02584,0.07609,0.01061,13.05548,0.01061,44.0
58.2,1784879913.18543,A1850_B1850,1,1850,1850,1850,1850,10.614,22.42,237.96588,-0.22479,-0.10501,-12.82614,-0.00011,0.00355,0.00226,12.82614,0.00226,44.0
58.22,1784879913.20543,A1850_B1850,1,1850,1850,1850,1850,10.59668,22.37381,237.08806,-0.72402,-1.01656,-13.56989,0.09423,-0.04582,-0.00819,13.56989,-0.00819,44.0
58.24,1784879913.22543,A1850_B1850,1,1850,1850,1850,1850,10.57883,22.3262,236.18502,-0.95077,0.0038,-13.09218,0.02282,-0.05266,0.00495,13.09218,0.00495,44.0
58.26,1784879913.24543,A1850_B1850,1,1850,1850,1850,1850,10.569,22.3,235.6887,-0.69413,0.14505,-13.11212,-0.02713,-0.02343,0.00721,13.11212,0.00721,44.0
58.28,1784879913.26543,A1850_B1850,1,1850,1850,1850,1850,10.569,22.3,235.6887,-0.16174,-0.28879,-13.32024,0.03204,0.01357,0.00806,13.32024,0.00806,44.0
58.3,1784879913.28543,A1850_B1850,1,1850,1850,1850,1850,10.56961,22.29953,235.69725,-1.06797,0.44569,-13.07291,-0.04341,-0.04199,-0.00382,13.07291,-0.00382,44.0
58.32,1784879913.30543,A1850_B1850,1,1850,1850,1850,1850,10.60968,22.2684,236.26066,-0.55246,-1.12557,-13.56823,0.0812,-3e-05,0.01258,13.56823,0.01258,44.0
58.34,1784879913.32543,A1850_B1850,1,1850,1850,1850,1850,10.64976,22.23728,236.82157,-1.09527,0.03773,-13.13258,-0.00929,-0.06759,0.01389,13.13258,0.01389,44.0
58.36,1784879913.34543,A1850_B1850,1,1850,1850,1850,1850,10.672,22.22,237.13184,-0.07892,-0.46015,-13.06347,0.01758,0.0127,-0.00676,13.06347,-0.00676,44.0
58.38,1784879913.36543,A1850_B1850,1,1850,1850,1850,1850,10.672,22.22,237.13184,0.25062,-0.59773,-13.22599,0.05598,0.061,-0.004,13.22599,-0.004,44.0
58.4,1784879913.38543,A1850_B1850,1,1850,1850,1850,1850,10.672,22.22,237.13184,-1.16843,0.05973,-13.11553,-0.01566,-0.0867,0.00623,13.11553,0.00623,44.0
58.42,1784879913.40543,A1850_B1850,1,1850,1850,1850,1850,10.64224,22.27274,237.03183,-1.01471,-0.33097,-13.68616,0.03398,-0.03478,0.00389,13.68616,0.00389,44.0
58.44,1784879913.42543,A1850_B1850,1,1850,1850,1850,1850,10.61149,22.32723,236.92522,-0.77685,-0.44101,-13.48273,0.05624,-0.03605,-0.00674,13.48273,-0.00674,44.0
58.46,1784879913.44543,A1850_B1850,1,1850,1850,1850,1850,10.593,22.36,236.85948,-0.90537,-0.31156,-13.09997,0.01405,-0.0334,0.02292,13.09997,0.02292,44.0
58.48,1784879913.46543,A1850_B1850,1,1850,1850,1850,1850,10.593,22.36,236.85948,-0.4273,0.43972,-13.89896,-0.03787,0.00166,0.00398,13.89896,0.00398,44.0
58.5,1784879913.48543,A1850_B1850,1,1850,1850,1850,1850,10.59251,22.35863,236.83396,0.23427,-0.35478,-12.31897,0.01141,0.05037,0.004,12.31897,0.004,44.0
58.52,1784879913.50543,A1850_B1850,1,1850,1850,1850,1850,10.5693,22.29394,235.63129,-0.59896,-0.64492,-12.51312,0.0557,-0.0151,-0.00274,12.51312,-0.00274,44.0
58.54,1784879913.52543,A1850_B1850,1,1850,1850,1850,1850,10.54609,22.22925,234.43162,-0.84576,-0.51821,-13.41967,0.02645,-0.02871,0.00995,13.41967,0.00995,44.0
58.56,1784879913.54543,A1850_B1850,1,1850,1850,1850,1850,10.532,22.19,233.70508,-0.21542,0.14107,-13.37811,-0.02695,0.00797,0.01992,13.37811,0.01992,44.0
58.58,1784879913.56543,A1850_B1850,1,1850,1850,1850,1850,10.532,22.19,233.70508,0.12254,-0.97257,-13.26683,0.07386,0.02266,-0.00856,13.26683,-0.00856,44.0
58.6,1784879913.58543,A1850_B1850,1,1850,1850,1850,1850,10.53259,22.19107,233.72951,0.31043,-0.22971,-13.48449,0.02879,0.0518,0.00335,13.48449,0.00335,44.0
58.62,1784879913.60543,A1850_B1850,1,1850,1850,1850,1850,10.55784,22.23698,234.77455,-0.44197,-0.30189,-13.08652,0.02475,-0.01479,0.01183,13.08652,0.01183,44.0
58.64,1784879913.62543,A1850_B1850,1,1850,1850,1850,1850,10.58309,22.28289,235.82192,-0.71067,-0.83583,-13.49836,0.06672,0.0016,0.01715,13.49836,0.01715,44.0
58.66,1784879913.64543,A1850_B1850,1,1850,1850,1850,1850,10.598,22.31,236.44138,-0.43048,0.12995,-13.11144,-0.00121,-0.01011,-0.00616,13.11144,-0.00616,44.0
58.68,1784879913.66543,A1850_B1850,1,1850,1850,1850,1850,10.598,22.31,236.44138,0.85029,-0.47454,-12.99237,0.03409,0.08253,-0.00577,12.99237,-0.00577,44.0
58.7,1784879913.68543,A1850_B1850,1,1850,1850,1850,1850,10.598,22.31,236.44138,0.33212,-0.22875,-13.15195,-0.02026,0.06806,0.00963,13.15195,0.00963,44.0
58.72,1784879913.70543,A1850_B1850,1,1850,1850,1850,1850,10.5831,22.23551,235.32067,-0.68395,0.33826,-13.8896,-0.02456,-0.04447,0.01275,13.8896,0.01275,44.0
58.74,1784879913.72543,A1850_B1850,1,1850,1850,1850,1850,10.56696,22.15482,234.1092,-0.27061,-0.7072,-13.69122,0.05375,0.01165,-0.00059,13.69122,-0.00059,44.0
58.76,1784879913.74543,A1850_B1850,1,1850,1850,1850,1850,10.558,22.11,233.43738,-1.12048,-0.41397,-12.84789,0.01531,-0.06247,0.0094,12.84789,0.0094,44.0
58.78,1784879913.76543,A1850_B1850,1,1850,1850,1850,1850,10.558,22.11,233.43738,-1.05132,0.78065,-13.46875,-0.07118,-0.06112,0.01661,13.46875,0.01661,44.0
58.8,1784879913.78543,A1850_B1850,1,1850,1850,1850,1850,10.558,22.11,233.43738,-0.88165,-0.09228,-13.84521,0.01569,-0.03114,0.00749,13.84521,0.00749,44.0
58.82,1784879913.80543,A1850_B1850,1,1850,1850,1850,1850,10.5675,22.23795,234.99962,-1.01182,-0.28436,-12.48343,0.0305,-0.0404,0.00606,12.48343,0.00606,44.0
58.84,1784879913.82543,A1850_B1850,1,1850,1850,1850,1850,10.57726,22.36928,236.60574,-0.35437,-0.32787,-13.06418,0.02238,0.00902,0.00498,13.06418,0.00498,44.0
58.86,1784879913.84543,A1850_B1850,1,1850,1850,1850,1850,10.584,22.46,237.71664,-0.72499,0.05209,-13.128,-0.01864,-0.02202,0.013,13.128,0.013,44.0
58.88,1784879913.86543,A1850_B1850,1,1850,1850,1850,1850,10.584,22.46,237.71664,-0.31338,-0.39355,-13.38413,0.02501,-0.00126,0.00626,13.38413,0.00626,44.0
58.9,1784879913.88543,A1850_B1850,1,1850,1850,1850,1850,10.584,22.46,237.71664,-0.10348,-0.77428,-13.2976,0.05381,0.02137,-0.00496,13.2976,-0.00496,44.0
58.92,1784879913.90543,A1850_B1850,1,1850,1850,1850,1850,10.61069,22.42839,237.98074,-0.5229,0.2571,-13.58432,-0.0212,-0.02511,0.0064,13.58432,0.0064,44.0
58.94,1784879913.92543,A1850_B1850,1,1850,1850,1850,1850,10.6381,22.39594,238.25017,-0.7554,-0.41417,-12.60015,0.03569,-0.03071,0.02286,12.60015,0.02286,44.0
58.96,1784879913.94543,A1850_B1850,1,1850,1850,1850,1850,10.66,22.37,238.4642,-0.58827,-0.27283,-13.33742,0.04096,0.00288,-0.00588,13.33742,-0.00588,44.0
58.98,1784879913.96543,A1850_B1850,1,1850,1850,1850,1850,10.66,22.37,238.4642,-0.78249,-0.30923,-13.62826,0.02853,-0.02808,0.00535,13.62826,0.00535,44.0
59.0,1784879913.98543,A1850_B1850,1,1850,1850,1850,1850,10.65944,22.36854,238.43607,0.22081,-0.19565,-13.0082,-0.01904,0.06647,0.01383,13.0082,0.01383,44.0
59.02,1784879914.00543,A1850_B1850,1,1850,1850,1850,1850,10.62122,22.26918,236.526,-0.12284,-0.03787,-13.37789,0.01838,0.0209,0.00681,13.37789,0.00681,44.0
59.04,1784879914.02543,A1850_B1850,1,1850,1850,1850,1850,10.58301,22.16983,234.62352,-0.6342,-0.17586,-13.53214,0.02884,-0.0174,0.01763,13.53214,0.01763,44.0
59.06,1784879914.04543,A1850_B1850,1,1850,1850,1850,1850,10.56,22.11,233.4816,-0.06494,-0.82803,-13.2039,0.05447,0.01351,-0.00702,13.2039,-0.00702,44.0
59.08,1784879914.06543,A1850_B1850,1,1850,1850,1850,1850,10.56,22.11,233.4816,-0.70693,-0.0785,-12.77033,0.00154,-0.01608,0.01306,12.77033,0.01306,44.0
59.1,1784879914.08543,A1850_B1850,1,1850,1850,1850,1850,10.56,22.11,233.4816,-0.73722,0.08322,-13.48336,0.00507,-0.04957,-8e-05,13.48336,-8e-05,44.0
59.12,1784879914.10543,A1850_B1850,1,1850,1850,1850,1850,10.55925,22.13236,233.70123,-0.03231,-0.85129,-13.12201,0.067,0.00959,-0.00262,13.12201,-0.00262,44.0
59.14,1784879914.12543,A1850_B1850,1,1850,1850,1850,1850,10.55845,22.15656,233.93887,0.28245,-0.01851,-13.18713,-0.00446,0.06914,0.01626,13.18713,0.01626,44.0
59.16,1784879914.14543,A1850_B1850,1,1850,1850,1850,1850,10.558,22.17,234.07086,-0.46569,-0.23926,-14.14101,0.01652,-0.0069,0.02075,14.14101,0.02075,44.0
59.18,1784879914.16543,A1850_B1850,1,1850,1850,1850,1850,10.558,22.17,234.07086,0.27258,-0.57649,-12.5852,0.04821,0.0403,0.00432,12.5852,0.00432,44.0
59.2,1784879914.18543,A1850_B1850,1,1850,1850,1850,1850,10.558,22.17,234.07086,0.24426,-0.18875,-13.01594,0.02262,0.04043,-0.01051,13.01594,-0.01051,44.0
59.22,1784879914.20543,A1850_B1850,1,1850,1850,1850,1850,10.59542,22.25892,235.84262,0.52381,-0.57055,-13.48543,0.02273,0.08339,0.00966,13.48543,0.00966,44.0
59.24,1784879914.22543,A1850_B1850,1,1850,1850,1850,1850,10.63592,22.35514,237.76743,-0.1291,-0.25884,-13.14218,0.01082,0.00547,0.01343,13.14218,0.01343,44.0
59.26,1784879914.24543,A1850_B1850,1,1850,1850,1850,1850,10.659,22.41,238.86819,-0.1457,-0.69602,-12.64954,0.06509,0.0004,0.00095,12.64954,0.00095,44.0
59.28,1784879914.26543,A1850_B1850,1,1850,1850,1850,1850,10.659,22.41,238.86819,0.33995,-0.79004,-13.57427,0.06859,0.06488,0.01217,13.57427,0.01217,44.0
59.3,1784879914.28543,A1850_B1850,1,1850,1850,1850,1850,10.659,22.41,238.86819,0.02277,-0.32544,-13.37774,0.00354,0.00953,0.01498,13.37774,0.01498,44.0
59.32,1784879914.30543,A1850_B1850,1,1850,1850,1850,1850,10.67393,22.46099,239.74706,0.16146,-0.14195,-13.02555,0.00861,0.04973,-0.00168,13.02555,-0.00168,44.0
59.34,1784879914.32543,A1850_B1850,1,1850,1850,1850,1850,10.68926,22.51334,240.65102,-0.33003,-0.47811,-13.44746,0.05326,0.0125,-0.00185,13.44746,-0.00185,44.0
59.36,1784879914.34543,A1850_B1850,1,1850,1850,1850,1850,10.7,22.55,241.285,-0.93528,-0.8485,-12.95022,0.07373,-0.03328,0.0188,12.95022,0.0188,44.0
59.38,1784879914.36543,A1850_B1850,1,1850,1850,1850,1850,10.7,22.55,241.285,-0.9033,0.08068,-13.26251,-0.00683,-0.03271,0.00292,13.26251,0.00292,44.0
59.4,1784879914.38543,A1850_B1850,1,1850,1850,1850,1850,10.6986,22.54598,241.21053,-0.86167,0.05257,-13.32733,-0.01302,-0.04925,-0.00117,13.32733,-0.00117,44.0
59.42,1784879914.40543,A1850_B1850,1,1850,1850,1850,1850,10.6401,22.37775,238.1016,-0.93986,-0.34289,-13.786,0.03566,-0.06962,0.00106,13.786,0.00106,44.0
59.44,1784879914.42543,A1850_B1850,1,1850,1850,1850,1850,10.58161,22.20952,235.01236,-0.21434,-0.60109,-12.42769,0.04924,0.00624,0.00152,12.42769,0.00152,44.0
59.46,1784879914.44543,A1850_B1850,1,1850,1850,1850,1850,10.547,22.11,233.19417,-0.3149,0.01577,-13.48797,-0.00529,-0.00159,0.00846,13.48797,0.00846,44.0
59.48,1784879914.46543,A1850_B1850,1,1850,1850,1850,1850,10.547,22.11,233.19417,-0.9936,-0.81377,-13.74929,0.09031,-0.05802,0.00666,13.74929,0.00666,44.0
59.5,1784879914.48543,A1850_B1850,1,1850,1850,1850,1850,10.54712,22.11099,233.20715,-0.86724,-0.14811,-12.69788,0.0286,-0.04035,-0.00374,12.69788,-0.00374,44.0
59.52,1784879914.50543,A1850_B1850,1,1850,1850,1850,1850,10.57393,22.33758,236.19595,-0.18383,0.27149,-13.43208,-0.04041,0.02996,0.0128,13.43208,0.0128,44.0
59.54,1784879914.52543,A1850_B1850,1,1850,1850,1850,1850,10.60074,22.56416,239.1969,-0.6685,-0.24628,-13.82456,0.00995,-0.02062,0.00618,13.82456,0.00618,44.0
59.56,1784879914.54543,A1850_B1850,1,1850,1850,1850,1850,10.618,22.71,241.13478,-1.26943,0.18327,-13.14004,0.00225,-0.06951,-0.00211,13.14004,-0.00211,44.0
59.58,1784879914.56543,A1850_B1850,1,1850,1850,1850,1850,10.618,22.71,241.13478,-0.28732,-0.32454,-13.02658,0.03535,-0.0101,0.00269,13.02658,0.00269,44.0
59.6,1784879914.58543,A1850_B1850,1,1850,1850,1850,1850,10.618,22.71,241.13478,0.16136,-0.79658,-13.50352,0.03976,0.03548,0.013,13.50352,0.013,44.0
59.62,1784879914.60543,A1850_B1850,1,1850,1850,1850,1850,10.63793,22.61724,240.60051,-0.48354,-0.27326,-12.69698,0.00816,0.00138,0.01398,12.69698,0.01398,44.0
59.64,1784879914.62543,A1850_B1850,1,1850,1850,1850,1850,10.65949,22.51684,240.01812,-0.56132,-0.24017,-13.56453,0.0658,-0.04491,-0.01502,13.56453,-0.01502,44.0
59.66,1784879914.64543,A1850_B1850,1,1850,1850,1850,1850,10.676,22.44,239.56944,-0.32165,-0.9629,-13.42466,0.07853,0.00519,0.00814,13.42466,0.00814,44.0
59.68,1784879914.66543,A1850_B1850,1,1850,1850,1850,1850,10.676,22.44,239.56944,-0.77826,0.06657,-12.95152,-0.00143,-0.03096,0.01598,12.95152,0.01598,44.0
59.7,1784879914.68543,A1850_B1850,1,1850,1850,1850,1850,10.676,22.44,239.56944,-1.25004,-0.12527,-13.40101,0.02637,-0.06394,-0.00145,13.40101,-0.00145,44.0
59.72,1784879914.70543,A1850_B1850,1,1850,1850,1850,1850,10.6698,22.35982,238.57488,-0.94266,-0.14771,-13.33124,0.01448,-0.05277,-0.00339,13.33124,-0.00339,44.0
59.74,1784879914.72543,A1850_B1850,1,1850,1850,1850,1850,10.66295,22.27108,237.4753,-0.44249,0.2787,-13.36344,-0.0051,-0.0256,-0.00788,13.36344,-0.00788,44.0
59.76,1784879914.74543,A1850_B1850,1,1850,1850,1850,1850,10.659,22.22,236.84298,-0.92725,-0.55145,-12.84039,0.02155,-0.0182,0.0152,12.84039,0.0152,44.0
59.78,1784879914.76543,A1850_B1850,1,1850,1850,1850,1850,10.659,22.22,236.84298,-0.52218,-0.38714,-13.60503,0.03664,-0.04265,0.00632,13.60503,0.00632,44.0
59.8,1784879914.78543,A1850_B1850,1,1850,1850,1850,1850,10.659,22.22,236.84298,0.25827,-0.48987,-13.28805,0.05929,0.05107,0.00306,13.28805,0.00306,44.0
59.82,1784879914.80543,A1850_B1850,1,1850,1850,1850,1850,10.67646,22.18726,236.88142,-0.4076,-0.36504,-12.66737,0.02074,0.01778,0.00661,12.66737,0.00661,44.0
59.84,1784879914.82543,A1850_B1850,1,1850,1850,1850,1850,10.69476,22.15295,236.92048,-0.86829,-0.16626,-13.59668,0.00747,-0.04648,0.01138,13.59668,0.01138,44.0
59.86,1784879914.84543,A1850_B1850,1,1850,1850,1850,1850,10.707,22.13,236.94591,-0.58883,0.09387,-12.9689,0.01133,-0.01755,-0.00059,12.9689,-0.00059,44.0
59.88,1784879914.86543,A1850_B1850,1,1850,1850,1850,1850,10.707,22.13,236.94591,-1.30274,-0.03422,-13.11206,0.01864,-0.06282,0.00015,13.11206,0.00015,44.0
59.9,1784879914.88543,A1850_B1850,1,1850,1850,1850,1850,10.70687,22.13021,236.94523,-0.6799,-0.55494,-13.80351,0.04129,-0.02367,0.01849,13.80351,0.01849,44.0
59.92,1784879914.90543,A1850_B1850,1,1850,1850,1850,1850,10.67464,22.18148,236.77935,0.21589,-0.52349,-12.87928,0.03127,0.04085,0.0027,12.87928,0.0027,44.0
59.94,1784879914.92543,A1850_B1850,1,1850,1850,1850,1850,10.64242,22.23274,236.61017,0.17489,-0.14098,-12.72277,0.01413,0.0504,0.00269,12.72277,0.00269,44.0
59.96,1784879914.94543,A1850_B1850,1,1850,1850,1850,1850,10.619,22.27,236.48513,-0.34238,-0.40413,-13.76503,0.03901,-0.0119,0.00838,13.76503,0.00838,44.0
59.98,1784879914.96543,A1850_B1850,1,1850,1850,1850,1850,10.619,22.27,236.48513,-0.71922,-0.33478,-13.69613,0.02665,-0.03383,0.00566,13.69613,0.00566,44.0
60.0,1784879914.98543,A1850_B1850,1,1850,1850,1850,1850,10.619,22.27,236.48513,-0.52233,-0.08727,-12.72843,0.0197,-0.00489,0.01686,12.72843,0.01686,44.0
60.02,1784879915.00543,A1850_B1850,1,1850,1850,1850,1850,10.62855,22.29938,237.00996,-0.48338,-0.83847,-13.13669,0.08117,0.00326,0.01435,13.13669,0.01435,44.0
60.04,1784879915.02543,A1850_B1850,1,1850,1850,1850,1850,10.63888,22.33118,237.57883,-0.8017,-0.01713,-13.32414,0.00615,-0.05096,-0.00676,13.32414,-0.00676,44.0
60.06,1784879915.04543,A1850_B1850,1,1850,1850,1850,1850,10.645,22.35,237.91575,0.52896,0.18499,-12.89643,-0.03387,0.08266,-0.00091,12.89643,-0.00091,44.0
60.08,1784879915.06543,A1850_B1850,1,1850,1850,1850,1850,10.645,22.35,237.91575,-0.43239,-0.73074,-13.02338,0.05734,-0.00486,0.01717,13.02338,0.01717,44.0
60.1,1784879915.08543,A1850_B1850,1,1850,1850,1850,1850,10.645,22.35,237.91575,-0.49929,-0.55278,-13.58584,0.07313,-0.0324,-0.00085,13.58584,-0.00085,44.0
60.12,1784879915.10543,A1850_B1850,1,1850,1850,1850,1850,10.61683,22.28049,236.54812,-0.12216,0.082,-13.03472,-0.01228,0.00959,-0.00362,13.03472,-0.00362,44.0
60.14,1784879915.12543,A1850_B1850,1,1850,1850,1850,1850,10.58632,22.2052,235.07139,-0.37368,-0.45868,-13.29193,0.02054,-0.00674,0.00755,13.29193,0.00755,44.0
60.16,1784879915.14543,A1850_B1850,1,1850,1850,1850,1850,10.568,22.16,234.18688,0.01648,-0.73358,-13.89756,0.06678,0.03131,0.00049,13.89756,0.00049,44.0
60.18,1784879915.16543,A1850_B1850,1,1850,1850,1850,1850,10.568,22.16,234.18688,0.33272,-0.3009,-12.217,0.03536,0.04812,-0.00865,12.217,-0.00865,44.0
60.2,1784879915.18543,A1850_B1850,1,1850,1850,1850,1850,10.568,22.16,234.18688,-0.46103,-0.49264,-13.31324,0.03195,0.00121,0.02268,13.31324,0.02268,44.0
60.22,1784879915.20543,A1850_B1850,1,1850,1850,1850,1850,10.64217,22.2148,236.41366,-0.57653,-0.78067,-13.69119,0.04758,-0.02531,0.01555,13.69119,0.01555,44.0
60.24,1784879915.22543,A1850_B1850,1,1850,1850,1850,1850,10.72307,22.27458,238.85197,-0.55655,-0.08696,-12.63748,0.01136,-0.012,-0.00799,12.63748,-0.00799,44.0
60.26,1784879915.24543,A1850_B1850,1,1850,1850,1850,1850,10.771,22.31,240.30101,-0.83553,0.06773,-12.84112,-0.00053,-0.04939,-0.00731,12.84112,-0.00731,44.0
60.28,1784879915.26543,A1850_B1850,1,1850,1850,1850,1850,10.771,22.31,240.30101,0.06994,-0.53547,-13.46187,0.04035,0.0275,0.0084,13.46187,0.0084,44.0
60.3,1784879915.28543,A1850_B1850,1,1850,1850,1850,1850,10.771,22.31,240.30101,-0.4103,-0.29423,-13.49342,0.02393,0.0039,0.01638,13.49342,0.01638,44.0
60.32,1784879915.30543,A1850_B1850,1,1850,1850,1850,1850,10.71932,22.30641,239.10961,-0.73591,-1.04215,-13.27861,0.10571,-0.06264,-0.00716,13.27861,-0.00716,44.0
60.34,1784879915.32543,A1850_B1850,1,1850,1850,1850,1850,10.66513,22.30265,237.8607,-0.21228,-0.1173,-13.53753,0.00136,0.00147,0.01329,13.53753,0.01329,44.0
60.36,1784879915.34543,A1850_B1850,1,1850,1850,1850,1850,10.627,22.3,236.9821,-0.59532,0.41947,-12.58613,-0.04524,-0.00505,0.01381,12.58613,0.01381,44.0
60.38,1784879915.36543,A1850_B1850,1,1850,1850,1850,1850,10.627,22.3,236.9821,-0.33871,-0.91442,-13.31065,0.06507,0.01688,0.00766,13.31065,0.00766,44.0
60.4,1784879915.38543,A1850_B1850,1,1850,1850,1850,1850,10.62692,22.2998,236.97812,-0.99346,-0.8328,-13.2017,0.09153,-0.05418,-0.00582,13.2017,-0.00582,44.0
60.42,1784879915.40543,A1850_B1850,1,1850,1850,1850,1850,10.60131,22.2376,235.74757,-1.02552,-0.07711,-12.88713,0.01543,-0.05406,0.00672,12.88713,0.00672,44.0
60.44,1784879915.42543,A1850_B1850,1,1850,1850,1850,1850,10.57569,22.1754,234.5202,-0.39963,-0.40542,-13.14121,0.01121,0.0101,0.0146,13.14121,0.0146,44.0
60.46,1784879915.44543,A1850_B1850,1,1850,1850,1850,1850,10.557,22.13,233.62641,-0.28009,-0.3204,-13.74859,0.00413,-0.01847,-0.01687,13.74859,-0.01687,44.0
60.48,1784879915.46543,A1850_B1850,1,1850,1850,1850,1850,10.557,22.13,233.62641,-0.62459,-0.2103,-13.51655,0.03826,-0.02889,-0.00257,13.51655,-0.00257,44.0
60.5,1784879915.48542,A1850_B1850,1,1850,1850,1850,1850,10.55705,22.13004,233.62791,-0.56902,-0.90178,-12.5332,0.06412,-0.02874,0.02766,12.5332,0.02766,44.0
60.52,1784879915.50542,A1850_B1850,1,1850,1850,1850,1850,10.57928,22.14537,234.28206,-0.66772,-0.27282,-13.36672,0.03145,-0.0282,-0.00019,13.36672,-0.00019,44.0
60.54,1784879915.52542,A1850_B1850,1,1850,1850,1850,1850,10.60151,22.1607,234.93689,-0.17294,-0.66068,-12.84203,0.04746,0.00828,-0.00817,12.84203,-0.00817,44.0
60.56,1784879915.54542,A1850_B1850,1,1850,1850,1850,1850,10.615,22.17,235.33455,-0.22251,-0.25477,-13.21048,0.01768,0.00283,0.01334,13.21048,0.01334,44.0
60.58,1784879915.56542,A1850_B1850,1,1850,1850,1850,1850,10.615,22.17,235.33455,-0.49119,0.04037,-13.78928,-0.00201,-0.00968,-0.00053,13.78928,-0.00053,44.0
60.6,1784879915.58542,A1850_B1850,1,1850,1850,1850,1850,10.615,22.17,235.33455,-0.17613,-0.96326,-12.47883,0.07645,0.0343,-0.00185,12.47883,-0.00185,44.0
60.62,1784879915.60542,A1850_B1850,1,1850,1850,1850,1850,10.60107,22.15929,234.91218,-0.13083,-0.59503,-13.18758,0.05111,0.00176,0.00338,13.18758,0.00338,44.0
60.64,1784879915.62542,A1850_B1850,1,1850,1850,1850,1850,10.58644,22.14803,234.46871,-0.7644,0.0213,-13.73318,0.00331,-0.03356,0.00375,13.73318,0.00375,44.0
60.66,1784879915.64542,A1850_B1850,1,1850,1850,1850,1850,10.576,22.14,234.15264,-0.4182,-0.14307,-13.04113,-0.00653,-0.00372,0.00044,13.04113,0.00044,44.0
60.68,1784879915.66542,A1850_B1850,1,1850,1850,1850,1850,10.576,22.14,234.15264,-0.88466,-0.49833,-12.98167,0.01892,-0.04927,0.01032,12.98167,0.01032,44.0
60.7,1784879915.68542,A1850_B1850,1,1850,1850,1850,1850,10.576,22.14,234.15264,-0.35688,-0.57532,-13.97825,0.07891,-0.02278,-0.0127,13.97825,-0.0127,44.0
60.72,1784879915.70542,A1850_B1850,1,1850,1850,1850,1850,10.59611,22.20463,235.28272,-0.02519,0.04876,-13.36785,0.01118,0.03553,0.01037,13.36785,0.01037,44.0
60.74,1784879915.72542,A1850_B1850,1,1850,1850,1850,1850,10.61722,22.27248,236.47174,0.49175,-0.80526,-12.8003,0.05357,0.06291,0.01566,12.8003,0.01566,44.0
60.76,1784879915.74542,A1850_B1850,1,1850,1850,1850,1850,10.632,22.32,237.30624,0.46946,-0.31594,-13.06131,0.03105,0.06857,-0.01402,13.06131,-0.01402,44.0
60.78,1784879915.76542,A1850_B1850,1,1850,1850,1850,1850,10.632,22.32,237.30624,-0.58134,-0.11488,-12.95948,0.0231,-0.03663,-0.0032,12.95948,-0.0032,44.0
60.8,1784879915.78542,A1850_B1850,1,1850,1850,1850,1850,10.63214,22.32036,237.31307,-0.61319,-0.39765,-13.29173,0.0291,-0.02787,0.0056,13.29173,0.0056,44.0
60.82,1784879915.80542,A1850_B1850,1,1850,1850,1850,1850,10.67231,22.42725,239.35057,-0.52216,-0.3604,-13.0706,0.0243,0.0064,0.00421,13.0706,0.00421,44.0
60.84,1784879915.82542,A1850_B1850,1,1850,1850,1850,1850,10.71249,22.53414,241.39665,-0.35886,-0.43106,-13.41694,0.05101,-0.03401,-0.00959,13.41694,-0.00959,44.0
60.86,1784879915.84542,A1850_B1850,1,1850,1850,1850,1850,10.741,22.61,242.85401,-0.49582,-0.72693,-13.13834,0.05253,-0.02869,0.00349,13.13834,0.00349,44.0
60.88,1784879915.86542,A1850_B1850,1,1850,1850,1850,1850,10.741,22.61,242.85401,-0.68469,0.20491,-13.08118,-0.03745,-0.02451,0.01469,13.08118,0.01469,44.0
60.9,1784879915.88542,A1850_B1850,1,1850,1850,1850,1850,10.74114,22.60967,242.85353,-1.1132,-0.21881,-13.65183,0.02439,-0.03962,0.00881,13.65183,0.00881,44.0
60.92,1784879915.90542,A1850_B1850,1,1850,1850,1850,1850,10.79223,22.48559,242.6696,-0.51357,-1.18689,-12.84134,0.11834,-0.02083,-0.01045,12.84134,-0.01045,44.0
60.94,1784879915.92542,A1850_B1850,1,1850,1850,1850,1850,10.84332,22.36151,242.47299,-0.37245,0.03179,-13.0375,-0.01809,0.00145,-0.0016,13.0375,-0.0016,44.0
60.96,1784879915.94542,A1850_B1850,1,1850,1850,1850,1850,10.881,22.27,242.31987,-0.17833,-0.46973,-12.77111,0.01876,0.01297,0.00792,12.77111,0.00792,44.0
60.98,1784879915.96542,A1850_B1850,1,1850,1850,1850,1850,10.881,22.27,242.31987,-0.33893,-0.68139,-12.93938,0.07432,-0.0243,-0.01053,12.93938,-0.01053,44.0
61.0,1784879915.98542,A1850_B1850,1,1850,1850,1850,1850,10.881,22.27,242.31987,-0.04997,-0.26676,-13.26756,0.02023,0.02187,0.01206,13.26756,0.01206,44.0
61.02,1784879916.00542,A1850_B1850,1,1850,1850,1850,1850,10.77266,22.27371,239.94718,-0.26687,-0.28359,-13.3849,0.0007,-0.01187,0.00818,13.3849,0.00818,44.0
61.04,1784879916.02542,A1850_B1850,1,1850,1850,1850,1850,10.65525,22.27773,237.37469,-0.68641,-0.68896,-13.03901,0.04829,-0.01849,0.00838,13.03901,0.00838,44.0
61.06,1784879916.04542,A1850_B1850,1,1850,1850,1850,1850,10.589,22.28,235.92292,0.33886,-0.29148,-13.93731,0.04627,0.05036,0.00104,13.93731,0.00104,44.0
61.08,1784879916.06542,A1850_B1850,1,1850,1850,1850,1850,10.589,22.28,235.92292,0.09539,-0.20618,-12.59346,0.00831,0.04304,0.00238,12.59346,0.00238,44.0
61.1,1784879916.08542,A1850_B1850,1,1850,1850,1850,1850,10.589,22.28,235.92292,-0.3462,-0.51538,-12.65628,0.03009,0.01035,0.012,12.65628,0.012,44.0
61.12,1784879916.10542,A1850_B1850,1,1850,1850,1850,1850,10.60934,22.25457,236.10637,0.12569,-0.60371,-13.45796,0.06415,0.0254,0.00449,13.45796,0.00449,44.0
61.14,1784879916.12542,A1850_B1850,1,1850,1850,1850,1850,10.63141,22.22699,236.30421,-0.26577,-0.67689,-13.09521,0.05913,0.00966,-2e-05,13.09521,-2e-05,44.0
61.16,1784879916.14542,A1850_B1850,1,1850,1850,1850,1850,10.645,22.21,236.42545,-0.62176,0.09055,-13.37716,-0.02859,-0.02473,0.00492,13.37716,0.00492,44.0
61.18,1784879916.16542,A1850_B1850,1,1850,1850,1850,1850,10.645,22.21,236.42545,0.2539,-0.36564,-13.04976,0.02282,0.05032,0.00266,13.04976,0.00266,44.0
61.2,1784879916.18542,A1850_B1850,1,1850,1850,1850,1850,10.64497,22.2103,236.42797,-0.77979,-0.61513,-13.18718,0.05472,-0.02754,0.00615,13.18718,0.00615,44.0
61.22,1784879916.20542,A1850_B1850,1,1850,1850,1850,1850,10.63679,22.29205,237.11601,-0.9703,-0.83509,-13.59,0.07058,-0.05797,0.00058,13.59,0.00058,44.0
61.24,1784879916.22542,A1850_B1850,1,1850,1850,1850,1850,10.62862,22.37381,237.80271,-0.28296,0.29512,-12.8494,-0.0389,0.00064,0.00623,12.8494,0.00623,44.0
61.26,1784879916.24542,A1850_B1850,1,1850,1850,1850,1850,10.624,22.42,238.19008,-0.33249,0.0324,-13.06104,-0.02086,0.01495,0.02857,13.06104,0.02857,44.0
61.28,1784879916.26542,A1850_B1850,1,1850,1850,1850,1850,10.624,22.42,238.19008,-0.61227,-0.82367,-13.05781,0.06542,0.00092,-0.00481,13.05781,-0.00481,44.0
61.3,1784879916.28542,A1850_B1850,1,1850,1850,1850,1850,10.62404,22.41972,238.18813,-0.72694,0.12108,-13.19069,-0.00145,-0.02071,0.01128,13.19069,0.01128,44.0
61.32,1784879916.30542,A1850_B1850,1,1850,1850,1850,1850,10.63729,22.33648,237.59958,-0.26743,-0.30753,-13.40898,0.01566,-0.00206,0.01952,13.40898,0.01952,44.0
61.34,1784879916.32542,A1850_B1850,1,1850,1850,1850,1850,10.65053,22.25324,237.00883,-0.49976,-0.5516,-13.21316,0.03772,0.01043,0.00024,13.21316,0.00024,44.0
61.36,1784879916.34542,A1850_B1850,1,1850,1850,1850,1850,10.659,22.2,236.6298,-0.52952,-0.11604,-13.83217,0.01039,-0.03964,-0.00085,13.83217,-0.00085,44.0
61.38,1784879916.36542,A1850_B1850,1,1850,1850,1850,1850,10.659,22.2,236.6298,-0.72915,-0.06175,-13.89473,-0.00084,-0.0488,0.0198,13.89473,0.0198,44.0
61.4,1784879916.38542,A1850_B1850,1,1850,1850,1850,1850,10.659,22.2,236.6298,-0.67982,-0.3173,-13.20845,0.02469,-0.02461,0.00547,13.20845,0.00547,44.0
61.42,1784879916.40542,A1850_B1850,1,1850,1850,1850,1850,10.65646,22.28353,237.46346,-0.48663,-0.63396,-13.85647,0.06949,-0.02722,-0.01976,13.85647,-0.01976,44.0
61.44,1784879916.42542,A1850_B1850,1,1850,1850,1850,1850,10.6537,22.37402,238.3662,-0.66083,-0.67038,-12.62007,0.04345,-0.02766,0.00151,12.62007,0.00151,44.0
61.46,1784879916.44542,A1850_B1850,1,1850,1850,1850,1850,10.652,22.43,238.92436,-0.1882,0.27067,-12.94597,-0.02691,0.0139,0.01955,12.94597,0.01955,44.0
61.48,1784879916.46542,A1850_B1850,1,1850,1850,1850,1850,10.652,22.43,238.92436,-0.18351,-0.12203,-13.81658,-0.00443,0.0322,0.00632,13.81658,0.00632,44.0
61.5,1784879916.48542,A1850_B1850,1,1850,1850,1850,1850,10.652,22.43,238.92436,-0.64518,-1.02142,-12.77579,0.08767,-0.02458,0.00075,12.77579,0.00075,44.0
61.52,1784879916.50542,A1850_B1850,1,1850,1850,1850,1850,10.61286,22.30678,236.73878,-0.18856,0.17033,-13.07672,-0.00807,0.0097,0.02057,13.07672,0.02057,44.0
61.54,1784879916.52542,A1850_B1850,1,1850,1850,1850,1850,10.56926,22.16951,234.31522,0.14314,0.0365,-13.73789,-0.02425,0.042,0.00338,13.73789,0.00338,44.0
61.56,1784879916.54542,A1850_B1850,1,1850,1850,1850,1850,10.544,22.09,232.91696,-1.06656,-0.82588,-13.62399,0.06553,-0.07328,-0.01119,13.62399,-0.01119,44.0
61.58,1784879916.56542,A1850_B1850,1,1850,1850,1850,1850,10.544,22.09,232.91696,-0.63668,-0.44035,-13.36508,0.04883,-0.02028,0.00426,13.36508,0.00426,44.0
61.6,1784879916.58542,A1850_B1850,1,1850,1850,1850,1850,10.544,22.09,232.91696,-0.3985,-0.26132,-13.58186,0.02027,-0.00322,0.01646,13.58186,0.01646,44.0
61.62,1784879916.60542,A1850_B1850,1,1850,1850,1850,1850,10.56377,22.12236,233.69562,-0.54194,-0.76861,-13.34775,0.06174,-0.02371,0.01389,13.34775,0.01389,44.0
61.64,1784879916.62542,A1850_B1850,1,1850,1850,1850,1850,10.58453,22.15632,234.51419,-0.20045,-0.35797,-13.18422,0.04848,0.01113,-0.01601,13.18422,-0.01601,44.0
61.66,1784879916.64542,A1850_B1850,1,1850,1850,1850,1850,10.599,22.18,235.08582,-0.31631,-0.24538,-13.34463,0.00731,0.0292,-0.00134,13.34463,-0.00134,44.0
61.68,1784879916.66542,A1850_B1850,1,1850,1850,1850,1850,10.599,22.18,235.08582,-0.4408,-0.39327,-12.97964,0.01675,-0.03221,0.01863,12.97964,0.01863,44.0
61.7,1784879916.68542,A1850_B1850,1,1850,1850,1850,1850,10.599,22.18,235.08582,-0.67729,-0.52726,-12.52225,0.04252,-0.02089,0.00401,12.52225,0.00401,44.0
61.72,1784879916.70542,A1850_B1850,1,1850,1850,1850,1850,10.61642,22.23679,236.07497,-0.25202,-0.67493,-13.64728,0.06929,0.01579,6e-05,13.64728,6e-05,44.0
61.74,1784879916.72542,A1850_B1850,1,1850,1850,1850,1850,10.63393,22.2939,237.07176,-0.34634,0.05308,-13.75745,-0.02324,-0.0099,0.009,13.75745,0.009,44.0
61.76,1784879916.74542,A1850_B1850,1,1850,1850,1850,1850,10.645,22.33,237.70285,-0.87559,-0.00805,-12.48629,-0.00703,-0.05853,0.01306,12.48629,0.01306,44.0
61.78,1784879916.76542,A1850_B1850,1,1850,1850,1850,1850,10.645,22.33,237.70285,-0.69069,-0.73426,-13.28973,0.07665,-0.03218,-0.00036,13.28973,-0.00036,44.0
61.8,1784879916.78542,A1850_B1850,1,1850,1850,1850,1850,10.645,22.33,237.70285,-0.30245,-0.67145,-13.4622,0.05968,0.00294,0.00555,13.4622,0.00555,44.0
61.82,1784879916.80542,A1850_B1850,1,1850,1850,1850,1850,10.65018,22.27447,237.22718,-0.57719,-0.06505,-12.78134,0.00528,0.00772,0.01238,12.78134,0.01238,44.0
61.84,1784879916.82542,A1850_B1850,1,1850,1850,1850,1850,10.65582,22.21403,236.70881,-0.45083,0.09954,-13.6139,-0.0137,-0.003,0.01044,13.6139,0.01044,44.0
61.86,1784879916.84542,A1850_B1850,1,1850,1850,1850,1850,10.659,22.18,236.41662,-0.13241,-0.98807,-12.82287,0.06005,0.00868,-0.00205,12.82287,-0.00205,44.0
61.88,1784879916.86542,A1850_B1850,1,1850,1850,1850,1850,10.659,22.18,236.41662,-0.74793,-0.28728,-12.85777,0.03466,-0.04018,-0.00162,12.85777,-0.00162,44.0
61.9,1784879916.88542,A1850_B1850,1,1850,1850,1850,1850,10.659,22.18,236.41662,-0.30625,0.02894,-13.49034,-0.00267,0.00033,0.02266,13.49034,0.02266,44.0
61.92,1784879916.90542,A1850_B1850,1,1850,1850,1850,1850,10.64231,22.18355,236.08421,-0.44765,-0.37381,-13.15593,0.02209,-0.00919,0.01024,13.15593,0.01024,44.0
61.94,1784879916.92542,A1850_B1850,1,1850,1850,1850,1850,10.62422,22.1874,235.72386,-0.47632,-0.44273,-12.71658,0.05615,-0.00694,-0.01322,12.71658,-0.01322,44.0
61.96,1784879916.94542,,,,,,,,,,-0.59663,-0.30401,-13.40906,0.01334,0.00374,0.01314,13.40906,0.01314,44.0
61.98,1784879916.96542,,,,,,,,,,0.00775,-0.86815,-13.26329,0.05245,0.02145,0.01327,13.26329,0.01327,44.0
62.0,1784879916.98542,,,,,,,,,,-0.40973,-0.46416,-12.78663,0.03839,0.01446,0.01592,12.78663,0.01592,44.0
62.02,1784879917.00542,,,,,,,,,,-0.65528,-0.63689,-12.99073,0.05338,0.00023,0.00672,12.99073,0.00672,44.0
62.04,1784879917.02542,,,,,,,,,,-0.42695,-0.39854,-13.26694,0.01497,-0.02842,0.00044,13.26694,0.00044,44.0
62.06,1784879917.04542,,,,,,,,,,0.03594,0.2216,-12.89417,-0.04711,0.0265,0.01571,12.89417,0.01571,44.0
62.08,1784879917.06542,,,,,,,,,,-0.32971,-0.63002,-13.1553,0.05877,-0.00664,-0.00493,13.1553,-0.00493,44.0
62.1,1784879917.08542,,,,,,,,,,-0.52031,-0.63536,-13.70997,0.06054,-0.02197,-0.00014,13.70997,-0.00014,44.0
62.12,1784879917.10542,,,,,,,,,,-0.61547,0.05157,-12.53096,-0.01277,-0.01503,0.01894,12.53096,0.01894,44.0
62.14,1784879917.12542,,,,,,,,,,-0.33335,-0.50532,-13.32922,0.04404,-0.00294,0.0027,13.32922,0.0027,44.0
62.16,1784879917.14542,,,,,,,,,,-0.34507,-0.77584,-13.84797,0.06261,-0.01,0.00655,13.84797,0.00655,44.0
62.18,1784879917.16542,,,,,,,,,,-0.16112,-0.06882,-12.52704,0.00209,0.03022,-0.00282,12.52704,-0.00282,44.0
62.2,1784879917.18542,,,,,,,,,,-0.91494,-0.277,-13.04734,0.0184,-0.04565,0.01588,13.04734,0.01588,44.0
62.22,1784879917.20542,,,,,,,,,,-0.13416,-0.26822,-12.32683,0.02847,0.02134,0.00093,12.32683,0.00093,44.0
62.24,1784879917.22542,,,,,,,,,,-0.41119,-0.07262,-11.28337,0.00765,-0.01729,-0.00317,11.28337,-0.00317,44.0
62.26,1784879917.24542,,,,,,,,,,-1.16573,-0.31482,-11.20021,0.02615,-0.07013,-0.00248,11.20021,-0.00248,44.0
62.28,1784879917.26542,,,,,,,,,,-0.97991,-0.01173,-10.00753,0.00108,-0.05838,-0.00171,10.00753,-0.00171,44.0
62.3,1784879917.28542,,,,,,,,,,-0.66914,0.11748,-9.18873,-0.01084,-0.01187,-0.00071,9.18873,-0.00071,44.0
62.32,1784879917.30542,,,,,,,,,,-0.43576,0.15245,-8.91636,0.01392,0.02085,0.01032,8.91636,0.01032,44.0
62.34,1784879917.32542,,,,,,,,,,-0.07758,-0.07129,-8.56617,-0.03328,-0.0231,-0.00807,8.56617,-0.00807,44.0
62.36,1784879917.34542,,,,,,,,,,-0.01966,0.68242,-8.1937,-0.04105,0.0993,-0.0114,8.1937,-0.0114,44.0
62.38,1784879917.36542,,,,,,,,,,0.67611,-0.79384,-6.99685,0.03396,0.06523,0.01111,6.99685,0.01111,44.0
62.4,1784879917.38542,,,,,,,,,,-2.38188,-0.72449,-7.43447,0.01383,-0.34409,0.02446,7.43447,0.02446,44.0
62.42,1784879917.40542,,,,,,,,,,-3.9021,-0.702,-7.00538,0.20737,-0.36103,0.03423,7.00538,0.03423,44.0
62.44,1784879917.42542,,,,,,,,,,0.72876,-0.17266,-6.23358,0.08031,0.1955,0.05888,6.23358,0.05888,44.0
62.46,1784879917.44542,,,,,,,,,,0.4727,0.36544,-5.74623,-0.12668,0.00038,0.04161,5.74623,0.04161,44.0
62.48,1784879917.46542,,,,,,,,,,1.18752,-0.02896,-4.77945,-0.01576,0.13817,-0.00789,4.77945,-0.00789,44.0
62.5,1784879917.48542,,,,,,,,,,-0.08503,0.28892,-5.36867,0.00579,0.0103,-0.00891,5.36867,-0.00891,44.0
62.52,1784879917.50542,,,,,,,,,,-0.45923,-0.56025,-4.60942,0.04782,-0.04743,-0.00085,4.60942,-0.00085,44.0
62.54,1784879917.52542,,,,,,,,,,0.11099,-0.09536,-3.71947,0.00849,0.0394,-0.01182,3.71947,-0.01182,44.0
62.56,1784879917.54542,,,,,,,,,,0.84578,0.07562,-2.26043,0.00327,0.12364,-0.00854,2.26043,-0.00854,44.0
62.58,1784879917.56542,,,,,,,,,,-0.42247,-0.35374,-3.37621,0.01958,-0.04096,-0.00108,3.37621,-0.00108,44.0
62.6,1784879917.58542,,,,,,,,,,0.3049,-0.006,-2.40843,-0.00198,0.06157,0.00052,2.40843,0.00052,44.0
62.62,1784879917.60542,,,,,,,,,,-0.25242,-0.016,-2.73432,0.00127,-0.01689,-0.00256,2.73432,-0.00256,44.0
62.64,1784879917.62542,,,,,,,,,,0.16605,-0.18532,-1.96217,0.01758,0.02854,-0.00656,1.96217,-0.00656,44.0
62.66,1784879917.64542,,,,,,,,,,-0.79647,-0.25864,-2.21568,0.01761,-0.0665,-0.00748,2.21568,-0.00748,44.0
62.68,1784879917.66542,,,,,,,,,,-0.35748,-0.30256,-2.13318,0.03498,-0.03334,-0.00671,2.13318,-0.00671,44.0
62.7,1784879917.68542,,,,,,,,,,-0.12527,0.02228,-1.64013,0.01502,0.00091,-0.00494,1.64013,-0.00494,44.0
62.72,1784879917.70542,,,,,,,,,,-0.07538,-0.17992,-1.66037,0.00978,0.00734,-0.00371,1.66037,-0.00371,44.0
62.74,1784879917.72542,,,,,,,,,,-0.18003,-0.17995,-1.85069,0.01201,-0.01279,-0.00425,1.85069,-0.00425,44.0
62.76,1784879917.74542,,,,,,,,,,-0.11294,-0.45183,-1.79646,0.03483,-0.00972,-0.00448,1.79646,-0.00448,44.0
62.78,1784879917.76542,,,,,,,,,,-0.11566,-0.07694,-1.71805,0.00908,-0.01545,-0.00679,1.71805,-0.00679,44.0
62.8,1784879917.78542,,,,,,,,,,0.15057,0.03592,-1.50445,-0.00284,0.01519,-0.00362,1.50445,-0.00362,44.0
62.82,1784879917.80542,,,,,,,,,,0.2726,-0.19272,-1.46314,0.0196,0.02503,-0.00325,1.46314,-0.00325,44.0
62.84,1784879917.82542,,,,,,,,,,-0.11263,-0.04403,-1.29798,0.00256,-0.00427,-0.00502,1.29798,-0.00502,44.0
62.86,1784879917.84542,,,,,,,,,,0.09183,-0.33512,-1.2875,0.02092,0.01325,-0.00471,1.2875,-0.00471,44.0
62.88,1784879917.86542,,,,,,,,,,0.02325,-0.06255,-1.13669,0.00534,0.01023,-0.0014,1.13669,-0.0014,44.0
62.9,1784879917.88542,,,,,,,,,,0.17808,-0.2388,-1.05678,0.01621,0.0186,-0.00511,1.05678,-0.00511,44.0
62.92,1784879917.90542,,,,,,,,,,0.08659,-0.22724,-1.06899,0.01916,0.01509,-0.00417,1.06899,-0.00417,44.0
62.94,1784879917.92542,,,,,,,,,,-0.36489,0.13627,-0.90267,0.01153,-0.02553,-0.00734,0.90267,-0.00734,44.0
62.96,1784879917.94542,,,,,,,,,,0.03887,0.27955,-1.02722,-0.01752,-0.0069,-0.00771,1.02722,-0.00771,44.0
62.98,1784879917.96542,,,,,,,,,,-0.03684,0.30956,-1.14957,-0.02939,-0.00337,-0.0044,1.14957,-0.0044,44.0
63.0,1784879917.98542,,,,,,,,,,-0.3006,-0.35937,-1.08403,0.02576,-0.01885,-0.00502,1.08403,-0.00502,44.0
63.02,1784879918.00542,,,,,,,,,,-0.2035,-0.7383,-0.77694,0.04555,-0.01372,-0.00085,0.77694,-0.00085,44.0
63.04,1784879918.02542,,,,,,,,,,-0.36339,0.54728,-0.80907,-0.03296,-0.0341,-0.00488,0.80907,-0.00488,44.0
63.06,1784879918.04542,,,,,,,,,,-0.10217,0.9338,-0.92514,-0.07735,-0.01938,-0.00956,0.92514,-0.00956,44.0
63.08,1784879918.06542,,,,,,,,,,-0.04043,-0.71345,-0.90776,0.05219,-0.00911,-0.01511,0.90776,-0.01511,44.0
63.1,1784879918.08542,,,,,,,,,,0.10604,-1.71034,-0.32092,0.13411,0.01131,0.00126,0.32092,0.00126,44.0
63.12,1784879918.10542,,,,,,,,,,0.09621,0.67558,-0.55909,-0.03937,-0.00302,-0.00196,0.55909,-0.00196,44.0
63.14,1784879918.12542,,,,,,,,,,0.17435,0.88959,-1.06442,-0.07525,0.01185,-0.00371,1.06442,-0.00371,44.0
63.16,1784879918.14542,,,,,,,,,,0.00432,-1.53055,-0.5137,0.10628,-0.00356,0.00115,0.5137,0.00115,44.0
63.18,1784879918.16542,,,,,,,,,,-0.24265,-0.52962,-0.47448,0.03124,-0.02616,0.00098,0.47448,0.00098,44.0
63.2,1784879918.18542,,,,,,,,,,0.45488,0.34291,-0.84373,-0.03815,0.05385,-0.00025,0.84373,-0.00025,44.0
63.22,1784879918.20542,,,,,,,,,,-0.59539,0.80392,-0.98335,-0.05755,-0.04512,-0.00279,0.98335,-0.00279,44.0
63.24,1784879918.22542,,,,,,,,,,-0.36971,0.05474,-0.5692,-0.01041,-0.02645,0.00192,0.5692,0.00192,44.0
63.26,1784879918.24542,,,,,,,,,,-0.31619,-0.71351,-0.40384,0.05691,-0.03233,-0.00188,0.40384,-0.00188,44.0
63.28,1784879918.26542,,,,,,,,,,-0.07667,0.35968,-0.77333,-0.04011,-0.0035,0.00192,0.77333,0.00192,44.0
63.3,1784879918.28542,,,,,,,,,,-0.38314,0.291,-0.63116,-0.02187,-0.0323,-0.00496,0.63116,-0.00496,44.0
63.32,1784879918.30542,,,,,,,,,,0.35744,-0.11654,-0.46749,0.01043,0.02389,-0.00979,0.46749,-0.00979,44.0
63.34,1784879918.32542,,,,,,,,,,-0.19662,-0.58264,-0.55552,0.04323,-0.01766,-0.00046,0.55552,-0.00046,44.0
63.36,1784879918.34542,,,,,,,,,,-0.11726,0.16955,-0.62487,-0.01485,-0.01361,-0.00288,0.62487,-0.00288,44.0
63.38,1784879918.36542,,,,,,,,,,0.12015,0.00018,-0.46267,0.00557,0.00845,-0.00602,0.46267,-0.00602,44.0
63.4,1784879918.38542,,,,,,,,,,0.04452,0.04093,-0.41063,-0.00566,0.00301,-0.00494,0.41063,-0.00494,44.0
63.42,1784879918.40542,,,,,,,,,,-0.21258,-0.2271,-0.40809,0.00983,-0.02079,-0.00294,0.40809,-0.00294,44.0
63.44,1784879918.42542,,,,,,,,,,0.48335,-0.20188,-0.55931,0.01724,0.03626,-0.00556,0.55931,-0.00556,44.0
63.46,1784879918.44542,,,,,,,,,,-0.2752,0.21067,-0.57741,-0.01954,-0.02671,-0.00185,0.57741,-0.00185,44.0
63.48,1784879918.46542,,,,,,,,,,0.21517,-0.06295,-0.47224,0.00186,0.01843,-0.00279,0.47224,-0.00279,44.0
63.5,1784879918.48542,,,,,,,,,,0.0766,0.0601,-0.3393,-0.00087,-0.00338,-0.00502,0.3393,-0.00502,44.0
63.52,1784879918.50542,,,,,,,,,,-0.09056,-0.27423,-0.44026,0.0186,-0.01057,-0.0024,0.44026,-0.0024,44.0
63.54,1784879918.52542,,,,,,,,,,-0.20157,0.05438,-0.45241,-0.00692,-0.01822,-0.00379,0.45241,-0.00379,44.0
63.56,1784879918.54542,,,,,,,,,,0.07971,0.03184,-0.48604,-0.00419,0.00139,0.00015,0.48604,0.00015,44.0
63.58,1784879918.56542,,,,,,,,,,0.2409,-0.06684,-0.45984,0.00487,0.02268,-0.00311,0.45984,-0.00311,44.0
63.6,1784879918.58542,,,,,,,,,,-0.01841,0.03558,-0.37669,-0.00433,-0.00381,-0.00371,0.37669,-0.00371,44.0
63.62,1784879918.60542,,,,,,,,,,-0.06911,-0.18849,-0.38547,0.00789,-0.01066,-0.0004,0.38547,-0.0004,44.0
63.64,1784879918.62542,,,,,,,,,,-0.11039,-0.02328,-0.47845,0.0009,-0.01228,-0.00256,0.47845,-0.00256,44.0
63.66,1784879918.64542,,,,,,,,,,-0.36917,0.23598,-0.32605,-0.01949,-0.03765,-0.00348,0.32605,-0.00348,44.0
63.68,1784879918.66542,,,,,,,,,,-0.06906,-0.22349,-0.42299,0.01634,-0.00796,-0.00502,0.42299,-0.00502,44.0
63.7,1784879918.68542,,,,,,,,,,0.17567,-0.38488,-0.45121,0.0331,0.01691,-0.00625,0.45121,-0.00625,44.0
63.72,1784879918.70542,,,,,,,,,,-0.06132,0.07449,-0.42558,-0.00794,-0.00673,-0.00417,0.42558,-0.00417,44.0
63.74,1784879918.72542,,,,,,,,,,-0.27998,-0.1485,-0.44947,0.0134,-0.02962,-0.00348,0.44947,-0.00348,44.0
63.76,1784879918.74542,,,,,,,,,,0.02958,-0.0981,-0.39903,0.00728,-0.00313,-0.00271,0.39903,-0.00271,44.0
63.78,1784879918.76542,,,,,,,,,,0.22295,0.00566,-0.40608,-0.00061,0.0122,-0.00634,0.40608,-0.00634,44.0
63.8,1784879918.78542,,,,,,,,,,-0.06279,-0.02367,-0.46352,-0.00076,-0.01296,-0.00517,0.46352,-0.00517,44.0
63.82,1784879918.80542,,,,,,,,,,0.02956,-0.15846,-0.36274,0.01104,0.00139,-0.00217,0.36274,-0.00217,44.0
63.84,1784879918.82542,,,,,,,,,,-0.18152,-0.10418,-0.30604,0.00213,-0.01125,-0.00071,0.30604,-0.00071,44.0
63.86,1784879918.84542,,,,,,,,,,-0.24739,0.00279,-0.43742,-0.00153,-0.02314,-0.00434,0.43742,-0.00434,44.0
63.88,1784879918.86542,,,,,,,,,,0.09886,-0.17388,-0.33189,0.01698,0.0051,-0.00856,0.33189,-0.00856,44.0
63.9,1784879918.88542,,,,,,,,,,-0.32306,-0.00516,-0.56522,0.00319,-0.03146,-0.00717,0.56522,-0.00717,44.0
63.92,1784879918.90542,,,,,,,,,,-0.05363,-0.14791,-0.47622,0.0152,-0.01027,-0.00571,0.47622,-0.00571,44.0
63.94,1784879918.92542,,,,,,,,,,-0.1141,0.02247,-0.48015,-0.00343,-0.01077,-0.00317,0.48015,-0.00317,44.0
