t_epoch,phase,sweep_idx,a_cmd_us,b_cmd_us,a_cmd_norm,b_cmd_norm,t_fc_us,servo1_raw,servo2_raw,servo3_raw,servo4_raw,servo5_raw,servo6_raw,servo7_raw,servo8_raw
1785436187.3009439,idle_pre,0,1000,1000,0.0,0.0,53902538,1000,1000,1000,1000,0,0,0,0
1785436187.3290403,idle_pre,0,1000,1000,0.0,0.0,53924970,1000,1000,1000,1000,0,0,0,0
1785436187.3404975,idle_pre,0,1000,1000,0.0,0.0,53944426,1000,1000,1000,1000,0,0,0,0
1785436187.3643818,idle_pre,0,1000,1000,0.0,0.0,53966936,1000,1000,1000,1000,0,0,0,0
1785436187.3840432,idle_pre,0,1000,1000,0.0,0.0,53984872,1000,1000,1000,1000,0,0,0,0
1785436187.4025588,idle_pre,0,1000,1000,0.0,0.0,54004323,1000,1000,1000,1000,0,0,0,0
1785436187.426306,idle_pre,0,1000,1000,0.0,0.0,54026789,1000,1000,1000,1000,0,0,0,0
1785436187.440542,idle_pre,0,1000,1000,0.0,0.0,54044755,1000,1000,1000,1000,0,0,0,0
1785436187.460246,idle_pre,0,1000,1000,0.0,0.0,54064217,1000,1000,1000,1000,0,0,0,0
1785436187.4805489,idle_pre,0,1000,1000,0.0,0.0,54082184,1000,1000,1000,1000,0,0,0,0
1785436187.5027978,idle_pre,0,1000,1000,0.0,0.0,54104645,1000,1000,1000,1000,0,0,0,0
1785436187.525568,idle_pre,0,1000,1000,0.0,0.0,54124113,1000,1000,1000,1000,0,0,0,0
1785436187.5415819,idle_pre,0,1000,1000,0.0,0.0,54145111,1000,1000,1000,1000,0,0,0,0
1785436187.5600731,idle_pre,0,1000,1000,0.0,0.0,54160088,1000,1000,1000,1000,0,0,0,0
1785436187.5805035,idle_pre,0,1000,1000,0.0,0.0,54184000,1000,1000,1000,1000,0,0,0,0
1785436187.604854,idle_pre,0,1000,1000,0.0,0.0,54206463,1000,1000,1000,1000,0,0,0,0
1785436187.625786,idle_pre,0,1000,1000,0.0,0.0,54223011,1000,1000,1000,1000,0,0,0,0
1785436187.6415467,idle_pre,0,1000,1000,0.0,0.0,54245385,1000,1000,1000,1000,0,0,0,0
1785436187.6648226,idle_pre,0,1000,1000,0.0,0.0,54266355,1000,1000,1000,1000,0,0,0,0
1785436187.680614,idle_pre,0,1000,1000,0.0,0.0,54282824,1000,1000,1000,1000,0,0,0,0
1785436187.701529,idle_pre,0,1000,1000,0.0,0.0,54303820,1000,1000,1000,1000,0,0,0,0
1785436187.7263472,idle_pre,0,1000,1000,0.0,0.0,54326252,1000,1000,1000,1000,0,0,0,0
1785436187.7412233,idle_pre,0,1000,1000,0.0,0.0,54344215,1000,1000,1000,1000,0,0,0,0
1785436187.7615492,idle_pre,0,1000,1000,0.0,0.0,54363722,1000,1000,1000,1000,0,0,0,0
1785436187.7841752,idle_pre,0,1000,1000,0.0,0.0,54386137,1000,1000,1000,1000,0,0,0,0
1785436187.8005326,idle_pre,0,1000,1000,0.0,0.0,54404106,1000,1000,1000,1000,0,0,0,0
1785436187.8275785,idle_pre,0,1000,1000,0.0,0.0,54426570,1000,1000,1000,1000,0,0,0,0
1785436187.8441997,idle_pre,0,1000,1000,0.0,0.0,54446036,1000,1000,1000,1000,0,0,0,0
1785436187.8605287,idle_pre,0,1000,1000,0.0,0.0,54464004,1000,1000,1000,1000,0,0,0,0
1785436187.881512,idle_pre,0,1000,1000,0.0,0.0,54483461,1000,1000,1000,1000,0,0,0,0
1785436187.9041743,idle_pre,0,1000,1000,0.0,0.0,54505923,1000,1000,1000,1000,0,0,0,0
1785436187.9261966,idle_pre,0,1000,1000,0.0,0.0,54523905,1000,1000,1000,1000,0,0,0,0
1785436187.9443102,idle_pre,0,1000,1000,0.0,0.0,54546346,1000,1000,1000,1000,0,0,0,0
1785436187.9615295,idle_pre,0,1000,1000,0.0,0.0,54562821,1000,1000,1000,1000,0,0,0,0
1785436187.9805164,idle_pre,0,1000,1000,0.0,0.0,54583785,1000,1000,1000,1000,0,0,0,0
1785436188.002686,idle_pre,0,1000,1000,0.0,0.0,54603248,1000,1000,1000,1000,0,0,0,0
1785436188.026345,idle_pre,0,1000,1000,0.0,0.0,54625711,1000,1000,1000,1000,0,0,0,0
1785436188.0405676,idle_pre,0,1000,1000,0.0,0.0,54643677,1000,1000,1000,1000,0,0,0,0
1785436188.0627477,idle_pre,0,1000,1000,0.0,0.0,54663140,1000,1000,1000,1000,0,0,0,0
1785436188.084244,idle_pre,0,1000,1000,0.0,0.0,54685606,1000,1000,1000,1000,0,0,0,0
1785436188.1006,idle_pre,0,1000,1000,0.0,0.0,54703572,1000,1000,1000,1000,0,0,0,0
1785436188.1266742,idle_pre,0,1000,1000,0.0,0.0,54726024,1000,1000,1000,1000,0,0,0,0
1785436188.1405199,idle_pre,0,1000,1000,0.0,0.0,54744041,1000,1000,1000,1000,0,0,0,0
1785436188.1616576,idle_pre,0,1000,1000,0.0,0.0,54763491,1000,1000,1000,1000,0,0,0,0
1785436188.1859028,idle_pre,0,1000,1000,0.0,0.0,54785915,1000,1000,1000,1000,0,0,0,0
1785436188.2011116,idle_pre,0,1000,1000,0.0,0.0,54803936,1000,1000,1000,1000,0,0,0,0
1785436188.2265444,idle_pre,0,1000,1000,0.0,0.0,54823360,1000,1000,1000,1000,0,0,0,0
1785436188.2442324,idle_pre,0,1000,1000,0.0,0.0,54845817,1000,1000,1000,1000,0,0,0,0
1785436188.2605507,idle_pre,0,1000,1000,0.0,0.0,54863823,1000,1000,1000,1000,0,0,0,0
1785436188.282587,idle_pre,0,1000,1000,0.0,0.0,54883243,1000,1000,1000,1000,0,0,0,0
1785436188.3042266,idle_pre,0,1000,1000,0.0,0.0,54905727,1000,1000,1000,1000,0,0,0,0
1785436188.3268511,idle_pre,0,1000,1000,0.0,0.0,54923724,1000,1000,1000,1000,0,0,0,0
1785436188.3442285,idle_pre,0,1000,1000,0.0,0.0,54946174,1000,1000,1000,1000,0,0,0,0
1785436188.360563,idle_pre,0,1000,1000,0.0,0.0,54964152,1000,1000,1000,1000,0,0,0,0
1785436188.3841968,idle_pre,0,1000,1000,0.0,0.0,54986562,1000,1000,1000,1000,0,0,0,0
1785436188.4005303,idle_pre,0,1000,1000,0.0,0.0,55003034,1000,1000,1000,1000,0,0,0,0
1785436188.424531,idle_pre,0,1000,1000,0.0,0.0,55025491,1000,1000,1000,1000,0,0,0,0
1785436188.4441946,idle_pre,0,1000,1000,0.0,0.0,55046454,1000,1000,1000,1000,0,0,0,0
1785436188.4605582,idle_pre,0,1000,1000,0.0,0.0,55062953,1000,1000,1000,1000,0,0,0,0
1785436188.4815702,idle_pre,0,1000,1000,0.0,0.0,55085379,1000,1000,1000,1000,0,0,0,0
1785436188.501563,idle_pre,0,1000,1000,0.0,0.0,55103394,1000,1000,1000,1000,0,0,0,0
1785436188.5255938,idle_pre,0,1000,1000,0.0,0.0,55122817,1000,1000,1000,1000,0,0,0,0
1785436188.5442212,idle_pre,0,1000,1000,0.0,0.0,55146773,1000,1000,1000,1000,0,0,0,0
1785436188.5615487,idle_pre,0,1000,1000,0.0,0.0,55163288,1000,1000,1000,1000,0,0,0,0
1785436188.5848808,idle_pre,0,1000,1000,0.0,0.0,55187199,1000,1000,1000,1000,0,0,0,0
1785436188.6005785,idle_pre,0,1000,1000,0.0,0.0,55202182,1000,1000,1000,1000,0,0,0,0
1785436188.6263838,idle_pre,0,1000,1000,0.0,0.0,55224632,1000,1000,1000,1000,0,0,0,0
1785436188.645205,idle_pre,0,1000,1000,0.0,0.0,55247088,1000,1000,1000,1000,0,0,0,0
1785436188.6638489,idle_pre,0,1000,1000,0.0,0.0,55265054,1000,1000,1000,1000,0,0,0,0
1785436188.6806223,idle_pre,0,1000,1000,0.0,0.0,55284528,1000,1000,1000,1000,0,0,0,0
1785436188.7025883,idle_pre,0,1000,1000,0.0,0.0,55303991,1000,1000,1000,1000,0,0,0,0
1785436188.7252388,idle_pre,0,1000,1000,0.0,0.0,55324957,1000,1000,1000,1000,0,0,0,0
1785436188.741549,idle_pre,0,1000,1000,0.0,0.0,55344418,1000,1000,1000,1000,0,0,0,0
1785436188.7642763,idle_pre,0,1000,1000,0.0,0.0,55366872,1000,1000,1000,1000,0,0,0,0
1785436188.7815645,idle_pre,0,1000,1000,0.0,0.0,55384848,1000,1000,1000,1000,0,0,0,0
1785436188.800274,idle_pre,0,1000,1000,0.0,0.0,55404314,1000,1000,1000,1000,0,0,0,0
1785436188.8258152,idle_pre,0,1000,1000,0.0,0.0,55422281,1000,1000,1000,1000,0,0,0,0
1785436188.8415487,idle_pre,0,1000,1000,0.0,0.0,55444734,1000,1000,1000,1000,0,0,0,0
1785436188.8642657,idle_pre,0,1000,1000,0.0,0.0,55464207,1000,1000,1000,1000,0,0,0,0
1785436188.880541,idle_pre,0,1000,1000,0.0,0.0,55482178,1000,1000,1000,1000,0,0,0,0
1785436188.90136,idle_pre,0,1000,1000,0.0,0.0,55504636,1000,1000,1000,1000,0,0,0,0
1785436188.927621,idle_pre,0,1000,1000,0.0,0.0,55524097,1000,1000,1000,1000,0,0,0,0
1785436188.9442222,idle_pre,0,1000,1000,0.0,0.0,55546554,1000,1000,1000,1000,0,0,0,0
1785436188.9605567,idle_pre,0,1000,1000,0.0,0.0,55564522,1000,1000,1000,1000,0,0,0,0
1785436188.9808574,idle_pre,0,1000,1000,0.0,0.0,55583991,1000,1000,1000,1000,0,0,0,0
1785436189.001548,idle_pre,0,1000,1000,0.0,0.0,55604998,1000,1000,1000,1000,0,0,0,0
1785436189.0265703,idle_pre,0,1000,1000,0.0,0.0,55624412,1000,1000,1000,1000,0,0,0,0
1785436189.041288,idle_pre,0,1000,1000,0.0,0.0,55645376,1000,1000,1000,1000,0,0,0,0
1785436189.0615513,idle_pre,0,1000,1000,0.0,0.0,55664890,1000,1000,1000,1000,0,0,0,0
1785436189.084228,idle_pre,0,1000,1000,0.0,0.0,55684383,1000,1000,1000,1000,0,0,0,0
1785436189.1007438,idle_pre,0,1000,1000,0.0,0.0,55702324,1000,1000,1000,1000,0,0,0,0
1785436189.126189,idle_pre,0,1000,1000,0.0,0.0,55724783,1000,1000,1000,1000,0,0,0,0
1785436189.1443095,idle_pre,0,1000,1000,0.0,0.0,55744199,1000,1000,1000,1000,0,0,0,0
1785436189.1607773,idle_pre,0,1000,1000,0.0,0.0,55762210,1000,1000,1000,1000,0,0,0,0
1785436189.1829042,idle_pre,0,1000,1000,0.0,0.0,55784667,1000,1000,1000,1000,0,0,0,0
1785436189.2007573,idle_pre,0,1000,1000,0.0,0.0,55804090,1000,1000,1000,1000,0,0,0,0
1785436189.2283554,idle_pre,0,1000,1000,0.0,0.0,55826585,1000,1000,1000,1000,0,0,0,0
1785436189.2418344,idle_pre,0,1000,1000,0.0,0.0,55844583,1000,1000,1000,1000,0,0,0,0
1785436189.2608936,idle_pre,0,1000,1000,0.0,0.0,55863986,1000,1000,1000,1000,0,0,0,0
1785436189.2816164,idle_pre,0,1000,1000,0.0,0.0,55884944,1000,1000,1000,1000,0,0,0,0
1785436189.3042524,idle_pre,0,1000,1000,0.0,0.0,55904458,1000,1000,1000,1000,0,0,0,0
1785436189.325859,idle_pre,0,1000,1000,0.0,0.0,55922377,1000,1000,1000,1000,0,0,0,0
1785436189.3416748,idle_pre,0,1000,1000,0.0,0.0,55944843,1000,1000,1000,1000,0,0,0,0
1785436189.3642864,idle_pre,0,1000,1000,0.0,0.0,55964344,1000,1000,1000,1000,0,0,0,0
1785436189.380897,idle_pre,0,1000,1000,0.0,0.0,55982315,1000,1000,1000,1000,0,0,0,0
1785436189.4015923,idle_pre,0,1000,1000,0.0,0.0,56004734,1000,1000,1000,1000,0,0,0,0
1785436189.426379,idle_pre,0,1000,1000,0.0,0.0,56027196,1000,1000,1000,1000,0,0,0,0
1785436189.4420002,idle_pre,0,1000,1000,0.0,0.0,56045163,1000,1000,1000,1000,0,0,0,0
1785436189.46424,idle_pre,0,1000,1000,0.0,0.0,56064625,1000,1000,1000,1000,0,0,0,0
1785436189.4807189,idle_pre,0,1000,1000,0.0,0.0,56084133,1000,1000,1000,1000,0,0,0,0
1785436189.5016038,idle_pre,0,1000,1000,0.0,0.0,56105055,1000,1000,1000,1000,0,0,0,0
1785436189.5264266,idle_pre,0,1000,1000,0.0,0.0,56124538,1000,1000,1000,1000,0,0,0,0
1785436189.5407357,idle_pre,0,1000,1000,0.0,0.0,56144027,1000,1000,1000,1000,0,0,0,0
1785436189.5615962,idle_pre,0,1000,1000,0.0,0.0,56164947,1000,1000,1000,1000,0,0,0,0
1785436189.5842898,idle_pre,0,1000,1000,0.0,0.0,56185904,1000,1000,1000,1000,0,0,0,0
1785436189.6007147,idle_pre,0,1000,1000,0.0,0.0,56203918,1000,1000,1000,1000,0,0,0,0
1785436189.6269653,idle_pre,0,1000,1000,0.0,0.0,56223372,1000,1000,1000,1000,0,0,0,0
1785436189.6406794,idle_pre,0,1000,1000,0.0,0.0,56242810,1000,1000,1000,1000,0,0,0,0
1785436189.6643186,idle_pre,0,1000,1000,0.0,0.0,56265263,1000,1000,1000,1000,0,0,0,0
1785436189.6827064,idle_pre,0,1000,1000,0.0,0.0,56283231,1000,1000,1000,1000,0,0,0,0
1785436189.7042875,idle_pre,0,1000,1000,0.0,0.0,56305689,1000,1000,1000,1000,0,0,0,0
1785436189.726676,idle_pre,0,1000,1000,0.0,0.0,56325155,1000,1000,1000,1000,0,0,0,0
1785436189.7442586,idle_pre,0,1000,1000,0.0,0.0,56346160,1000,1000,1000,1000,0,0,0,0
1785436189.7615907,idle_pre,0,1000,1000,0.0,0.0,56365586,1000,1000,1000,1000,0,0,0,0
1785436189.7843595,idle_pre,0,1000,1000,0.0,0.0,56386551,1000,1000,1000,1000,0,0,0,0
1785436189.801696,idle_pre,0,1000,1000,0.0,0.0,56403018,1000,1000,1000,1000,0,0,0,0
1785436189.825946,idle_pre,0,1000,1000,0.0,0.0,56423981,1000,1000,1000,1000,0,0,0,0
1785436189.8442833,idle_pre,0,1000,1000,0.0,0.0,56446488,1000,1000,1000,1000,0,0,0,0
1785436189.8607106,idle_pre,0,1000,1000,0.0,0.0,56462907,1000,1000,1000,1000,0,0,0,0
1785436189.8815966,idle_pre,0,1000,1000,0.0,0.0,56485366,1000,1000,1000,1000,0,0,0,0
1785436189.9006855,idle_pre,0,1000,1000,0.0,0.0,56503378,1000,1000,1000,1000,0,0,0,0
1785436189.9296901,idle_pre,0,1000,1000,0.0,0.0,56525868,1000,1000,1000,1000,0,0,0,0
1785436189.94246,idle_pre,0,1000,1000,0.0,0.0,56545259,1000,1000,1000,1000,0,0,0,0
1785436189.9647808,idle_pre,0,1000,1000,0.0,0.0,56566230,1000,1000,1000,1000,0,0,0,0
1785436189.980714,idle_pre,0,1000,1000,0.0,0.0,56582693,1000,1000,1000,1000,0,0,0,0
1785436190.0043979,idle_pre,0,1000,1000,0.0,0.0,56605154,1000,1000,1000,1000,0,0,0,0
1785436190.026541,idle_pre,0,1000,1000,0.0,0.0,56623162,1000,1000,1000,1000,0,0,0,0
1785436190.0444288,idle_pre,0,1000,1000,0.0,0.0,56645628,1000,1000,1000,1000,0,0,0,0
1785436190.06288,idle_pre,0,1000,1000,0.0,0.0,56663545,1000,1000,1000,1000,0,0,0,0
1785436190.0853095,idle_pre,0,1000,1000,0.0,0.0,56686015,1000,1000,1000,1000,0,0,0,0
1785436190.1026783,idle_pre,0,1000,1000,0.0,0.0,56705521,1000,1000,1000,1000,0,0,0,0
1785436190.1277795,idle_pre,0,1000,1000,0.0,0.0,56723465,1000,1000,1000,1000,0,0,0,0
1785436190.1442807,idle_pre,0,1000,1000,0.0,0.0,56745904,1000,1000,1000,1000,0,0,0,0
1785436190.160648,idle_pre,0,1000,1000,0.0,0.0,56763913,1000,1000,1000,1000,0,0,0,0
1785436190.1818802,idle_pre,0,1000,1000,0.0,0.0,56783337,1000,1000,1000,1000,0,0,0,0
1785436190.2006571,idle_pre,0,1000,1000,0.0,0.0,56802844,1000,1000,1000,1000,0,0,0,0
1785436190.2292082,idle_pre,0,1000,1000,0.0,0.0,56825304,1000,1000,1000,1000,0,0,0,0
1785436190.2448716,idle_pre,0,1000,1000,0.0,0.0,56846228,1000,1000,1000,1000,0,0,0,0
1785436190.2606564,idle_pre,0,1000,1000,0.0,0.0,56862734,1000,1000,1000,1000,0,0,0,0
1785436190.2817495,idle_pre,0,1000,1000,0.0,0.0,56885194,1000,1000,1000,1000,0,0,0,0
1785436190.3044188,idle_pre,0,1000,1000,0.0,0.0,56906111,1000,1000,1000,1000,0,0,0,0
1785436190.3261719,idle_pre,0,1000,1000,0.0,0.0,56922626,1000,1000,1000,1000,0,0,0,0
1785436190.3416665,idle_pre,0,1000,1000,0.0,0.0,56943551,1000,1000,1000,1000,0,0,0,0
1785436190.364443,idle_pre,0,1000,1000,0.0,0.0,56966044,1000,1000,1000,1000,0,0,0,0
1785436190.3806553,idle_pre,0,1000,1000,0.0,0.0,56983975,1000,1000,1000,1000,0,0,0,0
1785436190.4017313,idle_pre,0,1000,1000,0.0,0.0,57003439,1000,1000,1000,1000,0,0,0,0
1785436190.4266214,idle_pre,0,1000,1000,0.0,0.0,57025903,1000,1000,1000,1000,0,0,0,0
1785436190.4442854,idle_pre,0,1000,1000,0.0,0.0,57045396,1000,1000,1000,1000,0,0,0,0
1785436190.4616134,idle_pre,0,1000,1000,0.0,0.0,57063339,1000,1000,1000,1000,0,0,0,0
1785436190.480677,idle_pre,0,1000,1000,0.0,0.0,57082798,1000,1000,1000,1000,0,0,0,0
1785436190.5016546,idle_pre,0,1000,1000,0.0,0.0,57105256,1000,1000,1000,1000,0,0,0,0
1785436190.526379,idle_pre,0,1000,1000,0.0,0.0,57127723,1000,1000,1000,1000,0,0,0,0
1785436190.5447881,idle_pre,0,1000,1000,0.0,0.0,57145769,1000,1000,1000,1000,0,0,0,0
1785436190.5606387,idle_pre,0,1000,1000,0.0,0.0,57163652,1000,1000,1000,1000,0,0,0,0
1785436190.5842967,idle_pre,0,1000,1000,0.0,0.0,57186109,1000,1000,1000,1000,0,0,0,0
1785436190.601992,idle_pre,0,1000,1000,0.0,0.0,57205578,1000,1000,1000,1000,0,0,0,0
1785436190.626437,idle_pre,0,1000,1000,0.0,0.0,57225051,1000,1000,1000,1000,0,0,0,0
1785436190.6406024,idle_pre,0,1000,1000,0.0,0.0,57244558,1000,1000,1000,1000,0,0,0,0
1785436190.6616075,idle_pre,0,1000,1000,0.0,0.0,57265473,1000,1000,1000,1000,0,0,0,0
1785436190.6843219,idle_pre,0,1000,1000,0.0,0.0,57284941,1000,1000,1000,1000,0,0,0,0
1785436190.7006345,idle_pre,0,1000,1000,0.0,0.0,57304449,1000,1000,1000,1000,0,0,0,0
1785436190.7264407,idle_pre,0,1000,1000,0.0,0.0,57326905,1000,1000,1000,1000,0,0,0,0
1785436190.74093,idle_pre,0,1000,1000,0.0,0.0,57344843,1000,1000,1000,1000,0,0,0,0
1785436190.761654,idle_pre,0,1000,1000,0.0,0.0,57364346,1000,1000,1000,1000,0,0,0,0
1785436190.7806027,idle_pre,0,1000,1000,0.0,0.0,57382259,1000,1000,1000,1000,0,0,0,0
1785436190.8016496,idle_pre,0,1000,1000,0.0,0.0,57404724,1000,1000,1000,1000,0,0,0,0
1785436190.8264112,idle_pre,0,1000,1000,0.0,0.0,57425680,1000,1000,1000,1000,0,0,0,0
1785436190.8406317,idle_pre,0,1000,1000,0.0,0.0,57442152,1000,1000,1000,1000,0,0,0,0
1785436190.8629906,idle_pre,0,1000,1000,0.0,0.0,57464617,1000,1000,1000,1000,0,0,0,0
1785436190.8806262,idle_pre,0,1000,1000,0.0,0.0,57482586,1000,1000,1000,1000,0,0,0,0
1785436190.901609,idle_pre,0,1000,1000,0.0,0.0,57505037,1000,1000,1000,1000,0,0,0,0
1785436190.9264038,idle_pre,0,1000,1000,0.0,0.0,57524511,1000,1000,1000,1000,0,0,0,0
1785436190.9414356,idle_pre,0,1000,1000,0.0,0.0,57545477,1000,1000,1000,1000,0,0,0,0
1785436190.9616141,idle_pre,0,1000,1000,0.0,0.0,57564926,1000,1000,1000,1000,0,0,0,0
1785436190.9843564,idle_pre,0,1000,1000,0.0,0.0,57584402,1000,1000,1000,1000,0,0,0,0
1785436191.000643,idle_pre,0,1000,1000,0.0,0.0,57602369,1000,1000,1000,1000,0,0,0,0
1785436191.0268908,idle_pre,0,1000,1000,0.0,0.0,57624830,1000,1000,1000,1000,0,0,0,0
1785436191.044329,idle_pre,0,1000,1000,0.0,0.0,57644371,1000,1000,1000,1000,0,0,0,0
1785436191.0607145,idle_pre,0,1000,1000,0.0,0.0,57662260,1000,1000,1000,1000,0,0,0,0
1785436191.0816422,idle_pre,0,1000,1000,0.0,0.0,57684718,1000,1000,1000,1000,0,0,0,0
1785436191.104304,idle_pre,0,1000,1000,0.0,0.0,57705679,1000,1000,1000,1000,0,0,0,0
1785436191.125684,idle_pre,0,1000,1000,0.0,0.0,57722156,1000,1000,1000,1000,0,0,0,0
1785436191.1416376,idle_pre,0,1000,1000,0.0,0.0,57744604,1000,1000,1000,1000,0,0,0,0
1785436191.166517,idle_pre,0,1000,1000,0.0,0.0,57767068,1000,1000,1000,1000,0,0,0,0
1785436191.1843448,idle_pre,0,1000,1000,0.0,0.0,57785035,1000,1000,1000,1000,0,0,0,0
1785436191.200632,idle_pre,0,1000,1000,0.0,0.0,57804498,1000,1000,1000,1000,0,0,0,0
1785436191.231745,idle_pre,0,1000,1000,0.0,0.0,57826968,1000,1000,1000,1000,0,0,0,0
1785436191.2406757,idle_pre,0,1000,1000,0.0,0.0,57841946,1000,1000,1000,1000,0,0,0,0
1785436191.2642963,idle_pre,0,1000,1000,0.0,0.0,57864393,1000,1000,1000,1000,0,0,0,0
1785436191.280756,idle_pre,0,1000,1000,0.0,0.0,57882360,1000,1000,1000,1000,0,0,0,0
1785436191.3016734,idle_pre,0,1000,1000,0.0,0.0,57904823,1000,1000,1000,1000,0,0,0,0
1785436191.3264935,idle_pre,0,1000,1000,0.0,0.0,57924324,1000,1000,1000,1000,0,0,0,0
1785436191.3408751,idle_pre,0,1000,1000,0.0,0.0,57942303,1000,1000,1000,1000,0,0,0,0
1785436191.361751,idle_pre,0,1000,1000,0.0,0.0,57964718,1000,1000,1000,1000,0,0,0,0
1785436191.3864348,idle_pre,0,1000,1000,0.0,0.0,57987176,1000,1000,1000,1000,0,0,0,0
1785436191.4043539,idle_pre,0,1000,1000,0.0,0.0,58005141,1000,1000,1000,1000,0,0,0,0
1785436191.4260247,idle_pre,0,1000,1000,0.0,0.0,58024612,1000,1000,1000,1000,0,0,0,0
1785436191.446353,idle_pre,0,1000,1000,0.0,0.0,58045621,1000,1000,1000,1000,0,0,0,0
1785436191.46045,idle_pre,0,1000,1000,0.0,0.0,58062041,1000,1000,1000,1000,0,0,0,0
1785436191.4809551,idle_pre,0,1000,1000,0.0,0.0,58084495,1000,1000,1000,1000,0,0,0,0
1785436191.5017326,idle_pre,0,1000,1000,0.0,0.0,58105513,1000,1000,1000,1000,0,0,0,0
1785436191.526429,idle_pre,0,1000,1000,0.0,0.0,58124926,1000,1000,1000,1000,0,0,0,0
1785436191.5406818,idle_pre,0,1000,1000,0.0,0.0,58144395,1000,1000,1000,1000,0,0,0,0
1785436191.5616775,idle_pre,0,1000,1000,0.0,0.0,58165404,1000,1000,1000,1000,0,0,0,0
1785436191.5843198,idle_pre,0,1000,1000,0.0,0.0,58184841,1000,1000,1000,1000,0,0,0,0
1785436191.6006973,idle_pre,0,1000,1000,0.0,0.0,58202836,1000,1000,1000,1000,0,0,0,0
1785436191.626909,idle_pre,0,1000,1000,0.0,0.0,58223750,1000,1000,1000,1000,0,0,0,0
1785436191.644305,idle_pre,0,1000,1000,0.0,0.0,58246214,1000,1000,1000,1000,0,0,0,0
1785436191.6611495,idle_pre,0,1000,1000,0.0,0.0,58264208,1000,1000,1000,1000,0,0,0,0
1785436191.6817133,idle_pre,0,1000,1000,0.0,0.0,58283641,1000,1000,1000,1000,0,0,0,0
1785436191.7043068,idle_pre,0,1000,1000,0.0,0.0,58306103,1000,1000,1000,1000,0,0,0,0
1785436191.7260022,idle_pre,0,1000,1000,0.0,0.0,58324070,1000,1000,1000,1000,0,0,0,0
1785436191.7416687,idle_pre,0,1000,1000,0.0,0.0,58343533,1000,1000,1000,1000,0,0,0,0
1785436191.7643085,idle_pre,0,1000,1000,0.0,0.0,58365993,1000,1000,1000,1000,0,0,0,0
1785436191.7806334,idle_pre,0,1000,1000,0.0,0.0,58383965,1000,1000,1000,1000,0,0,0,0
1785436191.8016427,idle_pre,0,1000,1000,0.0,0.0,58403429,1000,1000,1000,1000,0,0,0,0
1785436191.8264494,idle_pre,0,1000,1000,0.0,0.0,58425888,1000,1000,1000,1000,0,0,0,0
1785436191.8406558,idle_pre,0,1000,1000,0.0,0.0,58443855,1000,1000,1000,1000,0,0,0,0
1785436191.8617678,idle_pre,0,1000,1000,0.0,0.0,58463321,1000,1000,1000,1000,0,0,0,0
1785436191.8843021,idle_pre,0,1000,1000,0.0,0.0,58485779,1000,1000,1000,1000,0,0,0,0
1785436191.9020438,idle_pre,0,1000,1000,0.0,0.0,58503748,1000,1000,1000,1000,0,0,0,0
1785436191.9264638,idle_pre,0,1000,1000,0.0,0.0,58526210,1000,1000,1000,1000,0,0,0,0
1785436191.9417095,idle_pre,0,1000,1000,0.0,0.0,58545675,1000,1000,1000,1000,0,0,0,0
1785436191.9616406,idle_pre,0,1000,1000,0.0,0.0,58563642,1000,1000,1000,1000,0,0,0,0
1785436191.9843256,idle_pre,0,1000,1000,0.0,0.0,58586193,1000,1000,1000,1000,0,0,0,0
1785436192.0007226,idle_pre,0,1000,1000,0.0,0.0,58604065,1000,1000,1000,1000,0,0,0,0
1785436192.0265174,idle_pre,0,1000,1000,0.0,0.0,58623534,1000,1000,1000,1000,0,0,0,0
1785436192.040715,idle_pre,0,1000,1000,0.0,0.0,58644547,1000,1000,1000,1000,0,0,0,0
1785436192.0603094,idle_pre,0,1000,1000,0.0,0.0,58663968,1000,1000,1000,1000,0,0,0,0
1785436192.0816622,idle_pre,0,1000,1000,0.0,0.0,58683460,1000,1000,1000,1000,0,0,0,0
1785436192.1044972,idle_pre,0,1000,1000,0.0,0.0,58705885,1000,1000,1000,1000,0,0,0,0
1785436192.125704,idle_pre,0,1000,1000,0.0,0.0,58723864,1000,1000,1000,1000,0,0,0,0
1785436192.1417484,idle_pre,0,1000,1000,0.0,0.0,58743321,1000,1000,1000,1000,0,0,0,0
1785436192.1643856,idle_pre,0,1000,1000,0.0,0.0,58765782,1000,1000,1000,1000,0,0,0,0
1785436192.180702,idle_pre,0,1000,1000,0.0,0.0,58783747,1000,1000,1000,1000,0,0,0,0
1785436192.2016587,idle_pre,0,1000,1000,0.0,0.0,58803215,1000,1000,1000,1000,0,0,0,0
1785436192.2289388,idle_pre,0,1000,1000,0.0,0.0,58825669,1000,1000,1000,1000,0,0,0,0
1785436192.2407703,idle_pre,0,1000,1000,0.0,0.0,58843641,1000,1000,1000,1000,0,0,0,0
1785436192.2643669,idle_pre,0,1000,1000,0.0,0.0,58866114,1000,1000,1000,1000,0,0,0,0
1785436192.2806635,idle_pre,0,1000,1000,0.0,0.0,58884138,1000,1000,1000,1000,0,0,0,0
1785436192.3016684,idle_pre,0,1000,1000,0.0,0.0,58903534,1000,1000,1000,1000,0,0,0,0
1785436192.326729,idle_pre,0,1000,1000,0.0,0.0,58925996,1000,1000,1000,1000,0,0,0,0
1785436192.3407075,idle_pre,0,1000,1000,0.0,0.0,58944013,1000,1000,1000,1000,0,0,0,0
1785436192.3617387,idle_pre,0,1000,1000,0.0,0.0,58963423,1000,1000,1000,1000,0,0,0,0
1785436192.384528,idle_pre,0,1000,1000,0.0,0.0,58985888,1000,1000,1000,1000,0,0,0,0
1785436192.400719,idle_pre,0,1000,1000,0.0,0.0,59003903,1000,1000,1000,1000,0,0,0,0
1785436192.4265134,idle_pre,0,1000,1000,0.0,0.0,59023324,1000,1000,1000,1000,0,0,0,0
1785436192.4443464,idle_pre,0,1000,1000,0.0,0.0,59045785,1000,1000,1000,1000,0,0,0,0
1785436192.4607203,idle_pre,0,1000,1000,0.0,0.0,59063902,1000,1000,1000,1000,0,0,0,0
1785436192.481764,idle_pre,0,1000,1000,0.0,0.0,59083212,1000,1000,1000,1000,0,0,0,0
1785436192.504706,idle_pre,0,1000,1000,0.0,0.0,59105747,1000,1000,1000,1000,0,0,0,0
1785436192.5257418,idle_pre,0,1000,1000,0.0,0.0,59123684,1000,1000,1000,1000,0,0,0,0
1785436192.5416915,idle_pre,0,1000,1000,0.0,0.0,59143102,1000,1000,1000,1000,0,0,0,0
1785436192.5606983,idle_pre,0,1000,1000,0.0,0.0,59164068,1000,1000,1000,1000,0,0,0,0
1785436192.5817742,idle_pre,0,1000,1000,0.0,0.0,59183577,1000,1000,1000,1000,0,0,0,0
1785436192.6043339,idle_pre,0,1000,1000,0.0,0.0,59206061,1000,1000,1000,1000,0,0,0,0
1785436192.6268055,idle_pre,0,1000,1000,0.0,0.0,59225466,1000,1000,1000,1000,0,0,0,0
1785436192.6402972,idle_pre,0,1000,1000,0.0,0.0,59241925,1000,1000,1000,1000,0,0,0,0
1785436192.660751,idle_pre,0,1000,1000,0.0,0.0,59264387,1000,1000,1000,1000,0,0,0,0
1785436192.6817605,idle_pre,0,1000,1000,0.0,0.0,59285351,1000,1000,1000,1000,0,0,0,0
1785436192.7043467,idle_pre,0,1000,1000,0.0,0.0,59304818,1000,1000,1000,1000,0,0,0,0
1785436192.7258399,idle_pre,0,1000,1000,0.0,0.0,59324273,1000,1000,1000,1000,0,0,0,0
1785436192.7416644,idle_pre,0,1000,1000,0.0,0.0,59345246,1000,1000,1000,1000,0,0,0,0
1785436192.7643266,idle_pre,0,1000,1000,0.0,0.0,59364707,1000,1000,1000,1000,0,0,0,0
1785436192.780803,idle_pre,0,1000,1000,0.0,0.0,59382748,1000,1000,1000,1000,0,0,0,0
1785436192.8017344,idle_pre,0,1000,1000,0.0,0.0,59405138,1000,1000,1000,1000,0,0,0,0
1785436192.8264802,idle_pre,0,1000,1000,0.0,0.0,59424625,1000,1000,1000,1000,0,0,0,0
1785436192.8416812,idle_pre,0,1000,1000,0.0,0.0,59445605,1000,1000,1000,1000,0,0,0,0
1785436192.8643517,idle_pre,0,1000,1000,0.0,0.0,59465030,1000,1000,1000,1000,0,0,0,0
1785436192.8818715,idle_pre,0,1000,1000,0.0,0.0,59484489,1000,1000,1000,1000,0,0,0,0
1785436192.9016693,idle_pre,0,1000,1000,0.0,0.0,59505504,1000,1000,1000,1000,0,0,0,0
1785436192.9264767,idle_pre,0,1000,1000,0.0,0.0,59524965,1000,1000,1000,1000,0,0,0,0
1785436192.9408805,idle_pre,0,1000,1000,0.0,0.0,59544380,1000,1000,1000,1000,0,0,0,0
1785436192.9612343,idle_pre,0,1000,1000,0.0,0.0,59562357,1000,1000,1000,1000,0,0,0,0
1785436192.981672,idle_pre,0,1000,1000,0.0,0.0,59584819,1000,1000,1000,1000,0,0,0,0
1785436193.0043511,idle_pre,0,1000,1000,0.0,0.0,59604399,1000,1000,1000,1000,0,0,0,0
1785436193.0260644,idle_pre,0,1000,1000,0.0,0.0,59622244,1000,1000,1000,1000,0,0,0,0
1785436193.041938,idle_pre,0,1000,1000,0.0,0.0,59644709,1000,1000,1000,1000,0,0,0,0
1785436193.0654764,idle_pre,0,1000,1000,0.0,0.0,59667167,1000,1000,1000,1000,0,0,0,0
1785436193.0851328,idle_pre,0,1000,1000,0.0,0.0,59685178,1000,1000,1000,1000,0,0,0,0
1785436193.100914,idle_pre,0,1000,1000,0.0,0.0,59704603,1000,1000,1000,1000,0,0,0,0
1785436193.1262949,idle_pre,0,1000,1000,0.0,0.0,59725568,1000,1000,1000,1000,0,0,0,0
1785436193.1408324,idle_pre,0,1000,1000,0.0,0.0,59742028,1000,1000,1000,1000,0,0,0,0
1785436193.1647162,idle_pre,0,1000,1000,0.0,0.0,59764498,1000,1000,1000,1000,0,0,0,0
1785436193.180814,idle_pre,0,1000,1000,0.0,0.0,59782508,1000,1000,1000,1000,0,0,0,0
1785436193.2016869,idle_pre,0,1000,1000,0.0,0.0,59805036,1000,1000,1000,1000,0,0,0,0
1785436193.2287285,idle_pre,0,1000,1000,0.0,0.0,59824391,1000,1000,1000,1000,0,0,0,0
1785436193.2417884,idle_pre,0,1000,1000,0.0,0.0,59845343,1000,1000,1000,1000,0,0,0,0
1785436193.2643561,idle_pre,0,1000,1000,0.0,0.0,59864853,1000,1000,1000,1000,0,0,0,0
1785436193.2812116,idle_pre,0,1000,1000,0.0,0.0,59884275,1000,1000,1000,1000,0,0,0,0
1785436193.304386,idle_pre,0,1000,1000,0.0,0.0,59906734,1000,1000,1000,1000,0,0,0,0
1785436193.3262916,idle_pre,0,1000,1000,0.0,0.0,59924750,1000,1000,1000,1000,0,0,0,0
1785436193.344404,idle_pre,0,1000,1000,0.0,0.0,59947212,1000,1000,1000,1000,0,0,0,0
1785436193.3617694,idle_pre,0,1000,1000,0.0,0.0,59965126,1000,1000,1000,1000,0,0,0,0
1785436193.384778,idle_pre,0,1000,1000,0.0,0.0,59984642,1000,1000,1000,1000,0,0,0,0
1785436193.4008603,idle_pre,0,1000,1000,0.0,0.0,60002565,1000,1000,1000,1000,0,0,0,0
1785436193.4246705,idle_pre,0,1000,1000,0.0,0.0,60025021,1000,1000,1000,1000,0,0,0,0
1785436193.4446938,idle_pre,0,1000,1000,0.0,0.0,60044531,1000,1000,1000,1000,0,0,0,0
1785436193.4608245,idle_pre,0,1000,1000,0.0,0.0,60062459,1000,1000,1000,1000,0,0,0,0
1785436193.4817433,idle_pre,0,1000,1000,0.0,0.0,60084927,1000,1000,1000,1000,0,0,0,0
1785436193.5044596,idle_pre,0,1000,1000,0.0,0.0,60104428,1000,1000,1000,1000,0,0,0,0
1785436193.525942,idle_pre,0,1000,1000,0.0,0.0,60122348,1000,1000,1000,1000,0,0,0,0
1785436193.5427375,idle_pre,0,1000,1000,0.0,0.0,60144834,1000,1000,1000,1000,0,0,0,0
1785436193.564355,idle_pre,0,1000,1000,0.0,0.0,60164321,1000,1000,1000,1000,0,0,0,0
1785436193.5808058,idle_pre,0,1000,1000,0.0,0.0,60182240,1000,1000,1000,1000,0,0,0,0
1785436193.6017134,idle_pre,0,1000,1000,0.0,0.0,60204696,1000,1000,1000,1000,0,0,0,0
1785436193.6264856,idle_pre,0,1000,1000,0.0,0.0,60225666,1000,1000,1000,1000,0,0,0,0
1785436193.6409793,idle_pre,0,1000,1000,0.0,0.0,60243632,1000,1000,1000,1000,0,0,0,0
1785436193.663432,idle_pre,0,1000,1000,0.0,0.0,60266093,1000,1000,1000,1000,0,0,0,0
1785436193.685368,idle_pre,0,1000,1000,0.0,0.0,60285565,1000,1000,1000,1000,0,0,0,0
1785436193.7027674,idle_pre,0,1000,1000,0.0,0.0,60303528,1000,1000,1000,1000,0,0,0,0
1785436193.7264981,idle_pre,0,1000,1000,0.0,0.0,60325984,1000,1000,1000,1000,0,0,0,0
1785436193.740695,idle_pre,0,1000,1000,0.0,0.0,60344000,1000,1000,1000,1000,0,0,0,0
1785436193.7627132,idle_pre,0,1000,1000,0.0,0.0,60363419,1000,1000,1000,1000,0,0,0,0
1785436193.7850397,idle_pre,0,1000,1000,0.0,0.0,60385880,1000,1000,1000,1000,0,0,0,0
1785436193.8006942,idle_pre,0,1000,1000,0.0,0.0,60403894,1000,1000,1000,1000,0,0,0,0
1785436193.8265305,idle_pre,0,1000,1000,0.0,0.0,60423315,1000,1000,1000,1000,0,0,0,0
1785436193.844949,idle_pre,0,1000,1000,0.0,0.0,60445769,1000,1000,1000,1000,0,0,0,0
1785436193.860736,idle_pre,0,1000,1000,0.0,0.0,60463780,1000,1000,1000,1000,0,0,0,0
1785436193.8839693,idle_pre,0,1000,1000,0.0,0.0,60486242,1000,1000,1000,1000,0,0,0,0
1785436193.900719,idle_pre,0,1000,1000,0.0,0.0,60504165,1000,1000,1000,1000,0,0,0,0
1785436193.9241865,idle_pre,0,1000,1000,0.0,0.0,60523680,1000,1000,1000,1000,0,0,0,0
1785436193.9444826,idle_pre,0,1000,1000,0.0,0.0,60546189,1000,1000,1000,1000,0,0,0,0
1785436193.9627855,idle_pre,0,1000,1000,0.0,0.0,60565561,1000,1000,1000,1000,0,0,0,0
1785436193.9845126,idle_pre,0,1000,1000,0.0,0.0,60586513,1000,1000,1000,1000,0,0,0,0
1785436194.000699,idle_pre,0,1000,1000,0.0,0.0,60602992,1000,1000,1000,1000,0,0,0,0
1785436194.0265818,idle_pre,0,1000,1000,0.0,0.0,60625447,1000,1000,1000,1000,0,0,0,0
1785436194.0414336,idle_pre,0,1000,1000,0.0,0.0,60643459,1000,1000,1000,1000,0,0,0,0
1785436194.0617025,idle_pre,0,1000,1000,0.0,0.0,60662886,1000,1000,1000,1000,0,0,0,0
1785436194.0859041,idle_pre,0,1000,1000,0.0,0.0,60688385,1000,1000,1000,1000,0,0,0,0
1785436194.101717,idle_pre,0,1000,1000,0.0,0.0,60703357,1000,1000,1000,1000,0,0,0,0
1785436194.1264896,idle_pre,0,1000,1000,0.0,0.0,60725828,1000,1000,1000,1000,0,0,0,0
1785436194.1407044,idle_pre,0,1000,1000,0.0,0.0,60743758,1000,1000,1000,1000,0,0,0,0
1785436194.1618931,idle_pre,0,1000,1000,0.0,0.0,60763250,1000,1000,1000,1000,0,0,0,0
1785436194.184395,idle_pre,0,1000,1000,0.0,0.0,60785705,1000,1000,1000,1000,0,0,0,0
1785436194.202079,idle_pre,0,1000,1000,0.0,0.0,60803629,1000,1000,1000,1000,0,0,0,0
1785436194.2289326,idle_pre,0,1000,1000,0.0,0.0,60826089,1000,1000,1000,1000,0,0,0,0
1785436194.2414672,idle_pre,0,1000,1000,0.0,0.0,60844122,1000,1000,1000,1000,0,0,0,0
1785436194.2617142,idle_pre,0,1000,1000,0.0,0.0,60863524,1000,1000,1000,1000,0,0,0,0
1785436194.2807553,idle_pre,0,1000,1000,0.0,0.0,60883033,1000,1000,1000,1000,0,0,0,0
1785436194.304036,idle_pre,0,1000,1000,0.0,0.0,60905493,1000,1000,1000,1000,0,0,0,0
1785436194.3265107,idle_pre,0,1000,1000,0.0,0.0,60926412,1000,1000,1000,1000,0,0,0,0
1785436194.3417118,idle_pre,0,1000,1000,0.0,0.0,60942926,1000,1000,1000,1000,0,0,0,0
1785436194.361433,idle_pre,0,1000,1000,0.0,0.0,60965389,1000,1000,1000,1000,0,0,0,0
1785436194.3817787,idle_pre,0,1000,1000,0.0,0.0,60983307,1000,1000,1000,1000,0,0,0,0
1785436194.404362,idle_pre,0,1000,1000,0.0,0.0,61005783,1000,1000,1000,1000,0,0,0,0
1785436194.4260771,idle_pre,0,1000,1000,0.0,0.0,61023733,1000,1000,1000,1000,0,0,0,0
1785436194.4417799,idle_pre,0,1000,1000,0.0,0.0,61043200,1000,1000,1000,1000,0,0,0,0
1785436194.4647627,idle_pre,0,1000,1000,0.0,0.0,61065732,1000,1000,1000,1000,0,0,0,0
1785436194.481869,idle_pre,0,1000,1000,0.0,0.0,61083631,1000,1000,1000,1000,0,0,0,0
1785436194.505385,idle_pre,0,1000,1000,0.0,0.0,61106090,1000,1000,1000,1000,0,0,0,0
1785436194.52954,idle_pre,0,1000,1000,0.0,0.0,61125554,1000,1000,1000,1000,0,0,0,0
1785436194.540904,idle_pre,0,1000,1000,0.0,0.0,61143518,1000,1000,1000,1000,0,0,0,0
1785436194.565334,idle_pre,0,1000,1000,0.0,0.0,61165990,1000,1000,1000,1000,0,0,0,0
1785436194.58495,idle_pre,0,1000,1000,0.0,0.0,61185445,1000,1000,1000,1000,0,0,0,0
1785436194.603911,idle_pre,0,1000,1000,0.0,0.0,61203409,1000,1000,1000,1000,0,0,0,0
1785436194.6267226,idle_pre,0,1000,1000,0.0,0.0,61225874,1000,1000,1000,1000,0,0,0,0
1785436194.640724,idle_pre,0,1000,1000,0.0,0.0,61244525,1000,1000,1000,1000,0,0,0,0
1785436194.661899,idle_pre,0,1000,1000,0.0,0.0,61264846,1000,1000,1000,1000,0,0,0,0
1785436194.6844134,idle_pre,0,1000,1000,0.0,0.0,61285770,1000,1000,1000,1000,0,0,0,0
1785436194.700735,idle_pre,0,1000,1000,0.0,0.0,61302281,1000,1000,1000,1000,0,0,0,0
1785436194.7263067,idle_pre,0,1000,1000,0.0,0.0,61324741,1000,1000,1000,1000,0,0,0,0
1785436194.740784,idle_pre,0,1000,1000,0.0,0.0,61342750,1000,1000,1000,1000,0,0,0,0
1785436194.7617795,idle_pre,0,1000,1000,0.0,0.0,61365120,1000,1000,1000,1000,0,0,0,0
1785436194.7845361,idle_pre,0,1000,1000,0.0,0.0,61384639,1000,1000,1000,1000,0,0,0,0
1785436194.8017697,idle_pre,0,1000,1000,0.0,0.0,61405558,1000,1000,1000,1000,0,0,0,0
1785436194.8265126,idle_pre,0,1000,1000,0.0,0.0,61425013,1000,1000,1000,1000,0,0,0,0
1785436194.840726,idle_pre,0,1000,1000,0.0,0.0,61444522,1000,1000,1000,1000,0,0,0,0
1785436194.8617296,idle_pre,0,1000,1000,0.0,0.0,61465443,1000,1000,1000,1000,0,0,0,0
1785436194.8850799,idle_pre,0,1000,1000,0.0,0.0,61484906,1000,1000,1000,1000,0,0,0,0
1785436194.9007294,idle_pre,0,1000,1000,0.0,0.0,61502880,1000,1000,1000,1000,0,0,0,0
1785436194.9264429,idle_pre,0,1000,1000,0.0,0.0,61525341,1000,1000,1000,1000,0,0,0,0
1785436194.945244,idle_pre,0,1000,1000,0.0,0.0,61544804,1000,1000,1000,1000,0,0,0,0
1785436194.9617496,idle_pre,0,1000,1000,0.0,0.0,61565765,1000,1000,1000,1000,0,0,0,0
1785436194.9811728,idle_pre,0,1000,1000,0.0,0.0,61582234,1000,1000,1000,1000,0,0,0,0
1785436195.0029023,idle_pre,0,1000,1000,0.0,0.0,61604693,1000,1000,1000,1000,0,0,0,0
1785436195.0265307,idle_pre,0,1000,1000,0.0,0.0,61625687,1000,1000,1000,1000,0,0,0,0
1785436195.0408874,idle_pre,0,1000,1000,0.0,0.0,61642134,1000,1000,1000,1000,0,0,0,0
1785436195.0644073,idle_pre,0,1000,1000,0.0,0.0,61664588,1000,1000,1000,1000,0,0,0,0
1785436195.0807374,idle_pre,0,1000,1000,0.0,0.0,61682554,1000,1000,1000,1000,0,0,0,0
1785436195.1017349,idle_pre,0,1000,1000,0.0,0.0,61705015,1000,1000,1000,1000,0,0,0,0
1785436195.1265314,idle_pre,0,1000,1000,0.0,0.0,61727479,1000,1000,1000,1000,0,0,0,0
1785436195.1445086,idle_pre,0,1000,1000,0.0,0.0,61745443,1000,1000,1000,1000,0,0,0,0
1785436195.1617434,idle_pre,0,1000,1000,0.0,0.0,61764906,1000,1000,1000,1000,0,0,0,0
1785436195.1844304,idle_pre,0,1000,1000,0.0,0.0,61785966,1000,1000,1000,1000,0,0,0,0
1785436195.200778,idle_pre,0,1000,1000,0.0,0.0,61802341,1000,1000,1000,1000,0,0,0,0
1785436195.2296076,idle_pre,0,1000,1000,0.0,0.0,61824808,1000,1000,1000,1000,0,0,0,0
1785436195.2444048,idle_pre,0,1000,1000,0.0,0.0,61845766,1000,1000,1000,1000,0,0,0,0
1785436195.2617433,idle_pre,0,1000,1000,0.0,0.0,61865232,1000,1000,1000,1000,0,0,0,0
1785436195.2844179,idle_pre,0,1000,1000,0.0,0.0,61884697,1000,1000,1000,1000,0,0,0,0
1785436195.300747,idle_pre,0,1000,1000,0.0,0.0,61902669,1000,1000,1000,1000,0,0,0,0
1785436195.3263621,idle_pre,0,1000,1000,0.0,0.0,61925121,1000,1000,1000,1000,0,0,0,0
1785436195.3444834,idle_pre,0,1000,1000,0.0,0.0,61944593,1000,1000,1000,1000,0,0,0,0
1785436195.3609867,idle_pre,0,1000,1000,0.0,0.0,61962554,1000,1000,1000,1000,0,0,0,0
1785436195.3817623,idle_pre,0,1000,1000,0.0,0.0,61985015,1000,1000,1000,1000,0,0,0,0
1785436195.4044447,idle_pre,0,1000,1000,0.0,0.0,62006018,1000,1000,1000,1000,0,0,0,0
1785436195.4267278,idle_pre,0,1000,1000,0.0,0.0,62025437,1000,1000,1000,1000,0,0,0,0
1785436195.4445271,idle_pre,0,1000,1000,0.0,0.0,62044906,1000,1000,1000,1000,0,0,0,0
1785436195.4607916,idle_pre,0,1000,1000,0.0,0.0,62062973,1000,1000,1000,1000,0,0,0,0
1785436195.481888,idle_pre,0,1000,1000,0.0,0.0,62085329,1000,1000,1000,1000,0,0,0,0
1785436195.5044622,idle_pre,0,1000,1000,0.0,0.0,62104829,1000,1000,1000,1000,0,0,0,0
1785436195.5258458,idle_pre,0,1000,1000,0.0,0.0,62122766,1000,1000,1000,1000,0,0,0,0
1785436195.5418165,idle_pre,0,1000,1000,0.0,0.0,62145229,1000,1000,1000,1000,0,0,0,0
1785436195.5645585,idle_pre,0,1000,1000,0.0,0.0,62164690,1000,1000,1000,1000,0,0,0,0
1785436195.5811594,idle_pre,0,1000,1000,0.0,0.0,62182661,1000,1000,1000,1000,0,0,0,0
1785436195.6017833,idle_pre,0,1000,1000,0.0,0.0,62205117,1000,1000,1000,1000,0,0,0,0
1785436195.6267478,idle_pre,0,1000,1000,0.0,0.0,62224596,1000,1000,1000,1000,0,0,0,0
1785436195.640917,idle_pre,0,1000,1000,0.0,0.0,62242592,1000,1000,1000,1000,0,0,0,0
1785436195.6630516,idle_pre,0,1000,1000,0.0,0.0,62263514,1000,1000,1000,1000,0,0,0,0
1785436195.6844308,idle_pre,0,1000,1000,0.0,0.0,62285981,1000,1000,1000,1000,0,0,0,0
1785436195.7007647,idle_pre,0,1000,1000,0.0,0.0,62303946,1000,1000,1000,1000,0,0,0,0
1785436195.7239172,idle_pre,0,1000,1000,0.0,0.0,62323411,1000,1000,1000,1000,0,0,0,0
1785436195.7445455,idle_pre,0,1000,1000,0.0,0.0,62345870,1000,1000,1000,1000,0,0,0,0
1785436195.7607558,idle_pre,0,1000,1000,0.0,0.0,62363848,1000,1000,1000,1000,0,0,0,0
1785436195.781758,idle_pre,0,1000,1000,0.0,0.0,62383303,1000,1000,1000,1000,0,0,0,0
1785436195.80442,idle_pre,0,1000,1000,0.0,0.0,62404264,1000,1000,1000,1000,0,0,0,0
1785436195.826037,idle_pre,0,1000,1000,0.0,0.0,62423741,1000,1000,1000,1000,0,0,0,0
1785436195.844012,idle_pre,0,1000,1000,0.0,0.0,62446185,1000,1000,1000,1000,0,0,0,0
1785436195.8644495,idle_pre,0,1000,1000,0.0,0.0,62464160,1000,1000,1000,1000,0,0,0,0
1785436195.8807561,idle_pre,0,1000,1000,0.0,0.0,62483621,1000,1000,1000,1000,0,0,0,0
1785436195.9044356,idle_pre,0,1000,1000,0.0,0.0,62506081,1000,1000,1000,1000,0,0,0,0
1785436195.926205,idle_pre,0,1000,1000,0.0,0.0,62524051,1000,1000,1000,1000,0,0,0,0
1785436195.944436,idle_pre,0,1000,1000,0.0,0.0,62546504,1000,1000,1000,1000,0,0,0,0
1785436195.9607818,idle_pre,0,1000,1000,0.0,0.0,62564478,1000,1000,1000,1000,0,0,0,0
1785436195.9828787,idle_pre,0,1000,1000,0.0,0.0,62583942,1000,1000,1000,1000,0,0,0,0
1785436196.004474,idle_pre,0,1000,1000,0.0,0.0,62606399,1000,1000,1000,1000,0,0,0,0
1785436196.0266013,idle_pre,0,1000,1000,0.0,0.0,62624375,1000,1000,1000,1000,0,0,0,0
1785436196.0417795,idle_pre,0,1000,1000,0.0,0.0,62643843,1000,1000,1000,1000,0,0,0,0
1785436196.0644395,idle_pre,0,1000,1000,0.0,0.0,62666291,1000,1000,1000,1000,0,0,0,0
1785436196.0808575,idle_pre,0,1000,1000,0.0,0.0,62684258,1000,1000,1000,1000,0,0,0,0
1785436196.101778,idle_pre,0,1000,1000,0.0,0.0,62703730,1000,1000,1000,1000,0,0,0,0
1785436196.126588,idle_pre,0,1000,1000,0.0,0.0,62726196,1000,1000,1000,1000,0,0,0,0
1785436196.140874,idle_pre,0,1000,1000,0.0,0.0,62744151,1000,1000,1000,1000,0,0,0,0
1785436196.1610174,idle_pre,0,1000,1000,0.0,0.0,62763617,1000,1000,1000,1000,0,0,0,0
1785436196.184486,idle_pre,0,1000,1000,0.0,0.0,62786077,1000,1000,1000,1000,0,0,0,0
1785436196.2009058,idle_pre,0,1000,1000,0.0,0.0,62804117,1000,1000,1000,1000,0,0,0,0
1785436196.2279196,idle_pre,0,1000,1000,0.0,0.0,62823509,1000,1000,1000,1000,0,0,0,0
1785436196.2444649,idle_pre,0,1000,1000,0.0,0.0,62845987,1000,1000,1000,1000,0,0,0,0
1785436196.2608974,idle_pre,0,1000,1000,0.0,0.0,62863937,1000,1000,1000,1000,0,0,0,0
1785436196.2818527,idle_pre,0,1000,1000,0.0,0.0,62883406,1000,1000,1000,1000,0,0,0,0
1785436196.3008986,idle_pre,0,1000,1000,0.0,0.0,62904416,1000,1000,1000,1000,0,0,0,0
1785436196.3264318,idle_pre,0,1000,1000,0.0,0.0,62923841,1000,1000,1000,1000,0,0,0,0
1785436196.340915,idle_pre,0,1000,1000,0.0,0.0,62943299,1000,1000,1000,1000,0,0,0,0
1785436196.3617828,idle_pre,0,1000,1000,0.0,0.0,62964307,1000,1000,1000,1000,0,0,0,0
1785436196.3811102,idle_pre,0,1000,1000,0.0,0.0,62983730,1000,1000,1000,1000,0,0,0,0
1785436196.4017816,idle_pre,0,1000,1000,0.0,0.0,63004695,1000,1000,1000,1000,0,0,0,0
1785436196.4265647,idle_pre,0,1000,1000,0.0,0.0,63027151,1000,1000,1000,1000,0,0,0,0
1785436196.4430215,idle_pre,0,1000,1000,0.0,0.0,63043620,1000,1000,1000,1000,0,0,0,0
1785436196.464453,idle_pre,0,1000,1000,0.0,0.0,63066078,1000,1000,1000,1000,0,0,0,0
1785436196.4839406,idle_pre,0,1000,1000,0.0,0.0,63084093,1000,1000,1000,1000,0,0,0,0
1785436196.5045657,idle_pre,0,1000,1000,0.0,0.0,63106563,1000,1000,1000,1000,0,0,0,0
1785436196.5292883,idle_pre,0,1000,1000,0.0,0.0,63125979,1000,1000,1000,1000,0,0,0,0
1785436196.5416863,idle_pre,0,1000,1000,0.0,0.0,63143988,1000,1000,1000,1000,0,0,0,0
1785436196.5618656,idle_pre,0,1000,1000,0.0,0.0,63163405,1000,1000,1000,1000,0,0,0,0
1785436196.5845747,idle_pre,0,1000,1000,0.0,0.0,63185862,1000,1000,1000,1000,0,0,0,0
1785436196.601134,idle_pre,0,1000,1000,0.0,0.0,63203883,1000,1000,1000,1000,0,0,0,0
1785436196.6245525,idle_pre,0,1000,1000,0.0,0.0,63223302,1000,1000,1000,1000,0,0,0,0
1785436196.6447532,idle_pre,0,1000,1000,0.0,0.0,63244266,1000,1000,1000,1000,0,0,0,0
1785436196.660861,idle_pre,0,1000,1000,0.0,0.0,63262233,1000,1000,1000,1000,0,0,0,0
1785436196.6818597,idle_pre,0,1000,1000,0.0,0.0,63284688,1000,1000,1000,1000,0,0,0,0
1785436196.7046635,idle_pre,0,1000,1000,0.0,0.0,63305650,1000,1000,1000,1000,0,0,0,0
1785436196.725847,idle_pre,0,1000,1000,0.0,0.0,63322131,1000,1000,1000,1000,0,0,0,0
1785436196.7446358,idle_pre,0,1000,1000,0.0,0.0,63344599,1000,1000,1000,1000,0,0,0,0
1785436196.76079,idle_pre,0,1000,1000,0.0,0.0,63362550,1000,1000,1000,1000,0,0,0,0
1785436196.7818005,idle_pre,0,1000,1000,0.0,0.0,63385007,1000,1000,1000,1000,0,0,0,0
1785436196.8045819,idle_pre,0,1000,1000,0.0,0.0,63404485,1000,1000,1000,1000,0,0,0,0
1785436196.8261268,idle_pre,0,1000,1000,0.0,0.0,63422443,1000,1000,1000,1000,0,0,0,0
1785436196.8443232,idle_pre,0,1000,1000,0.0,0.0,63444900,1000,1000,1000,1000,0,0,0,0
1785436196.8613946,idle_pre,0,1000,1000,0.0,0.0,63462866,1000,1000,1000,1000,0,0,0,0
1785436196.8818293,idle_pre,0,1000,1000,0.0,0.0,63485330,1000,1000,1000,1000,0,0,0,0
1785436196.9045908,idle_pre,0,1000,1000,0.0,0.0,63504801,1000,1000,1000,1000,0,0,0,0
1785436196.9269788,idle_pre,0,1000,1000,0.0,0.0,63525814,1000,1000,1000,1000,0,0,0,0
1785436196.940756,idle_pre,0,1000,1000,0.0,0.0,63542223,1000,1000,1000,1000,0,0,0,0
1785436196.964871,idle_pre,0,1000,1000,0.0,0.0,63564683,1000,1000,1000,1000,0,0,0,0
1785436196.9807892,idle_pre,0,1000,1000,0.0,0.0,63582654,1000,1000,1000,1000,0,0,0,0
1785436197.0017962,idle_pre,0,1000,1000,0.0,0.0,63605113,1000,1000,1000,1000,0,0,0,0
1785436197.026616,idle_pre,0,1000,1000,0.0,0.0,63624581,1000,1000,1000,1000,0,0,0,0
1785436197.0408955,idle_pre,0,1000,1000,0.0,0.0,63642549,1000,1000,1000,1000,0,0,0,0
1785436197.065042,idle_pre,0,1000,1000,0.0,0.0,63665008,1000,1000,1000,1000,0,0,0,0
1785436197.0851395,idle_pre,0,1000,1000,0.0,0.0,63687474,1000,1000,1000,1000,0,0,0,0
1785436197.1007946,idle_pre,0,1000,1000,0.0,0.0,63702440,1000,1000,1000,1000,0,0,0,0
1785436197.1279066,idle_pre,0,1000,1000,0.0,0.0,63724900,1000,1000,1000,1000,0,0,0,0
1785436197.1445963,idle_pre,0,1000,1000,0.0,0.0,63745967,1000,1000,1000,1000,0,0,0,0
1785436197.1607966,idle_pre,0,1000,1000,0.0,0.0,63762357,1000,1000,1000,1000,0,0,0,0
1785436197.1840975,idle_pre,0,1000,1000,0.0,0.0,63784804,1000,1000,1000,1000,0,0,0,0
1785436197.2045681,idle_pre,0,1000,1000,0.0,0.0,63805760,1000,1000,1000,1000,0,0,0,0
1785436197.2280946,idle_pre,0,1000,1000,0.0,0.0,63822288,1000,1000,1000,1000,0,0,0,0
1785436197.241803,idle_pre,0,1000,1000,0.0,0.0,63844697,1000,1000,1000,1000,0,0,0,0
1785436197.2652109,idle_pre,0,1000,1000,0.0,0.0,63867150,1000,1000,1000,1000,0,0,0,0
1785436197.280952,idle_pre,0,1000,1000,0.0,0.0,63882128,1000,1000,1000,1000,0,0,0,0
1785436197.3046136,A2000_B1000,1,2000,1000,1.0,0.0,63904583,1000,1000,1000,1000,0,0,0,0
1785436197.325872,A2000_B1000,1,2000,1000,1.0,0.0,63922597,2000,1000,1000,1000,0,0,0,0
1785436197.341814,A2000_B1000,1,2000,1000,1.0,0.0,63945056,2000,1000,1000,1000,0,0,0,0
1785436197.3644683,A2000_B1000,1,2000,1000,1.0,0.0,63964474,2000,1000,1000,1000,0,0,0,0
1785436197.3808043,A2000_B1000,1,2000,1000,1.0,0.0,63982489,2000,1000,1000,1000,0,0,0,0
1785436197.4018908,A2000_B1000,1,2000,1000,1.0,0.0,64004946,2000,1000,1000,1000,0,0,0,0
1785436197.4266064,A2000_B1000,1,2000,1000,1.0,0.0,64025860,2000,1000,1000,1000,0,0,0,0
1785436197.440834,A2000_B1000,1,2000,1000,1.0,0.0,64042380,2000,1000,1000,1000,0,0,0,0
1785436197.4619067,A2000_B1000,1,2000,1000,1.0,0.0,64064844,2000,1000,1000,1000,0,0,0,0
1785436197.4844851,A2000_B1000,1,2000,1000,1.0,0.0,64085763,2000,1000,1000,1000,0,0,0,0
1785436197.5008323,A2000_B1000,1,2000,1000,1.0,0.0,64102304,2000,1000,1000,1000,0,0,0,0
1785436197.5266314,A2000_B1000,1,2000,1000,1.0,0.0,64124737,2000,1000,1000,1000,0,0,0,0
1785436197.5408905,A2000_B1000,1,2000,1000,1.0,0.0,64142661,2000,1000,1000,1000,0,0,0,0
1785436197.561958,A2000_B1000,1,2000,1000,1.0,0.0,64165110,2000,1000,1000,1000,0,0,0,0
1785436197.5845113,A2000_B1000,1,2000,1000,1.0,0.0,64184627,2000,1000,1000,1000,0,0,0,0
1785436197.6008813,A2000_B1000,1,2000,1000,1.0,0.0,64202557,2000,1000,1000,1000,0,0,0,0
1785436197.6267135,A2000_B1000,1,2000,1000,1.0,0.0,64225006,2000,1000,1000,1000,0,0,0,0
1785436197.644494,A2000_B1000,1,2000,1000,1.0,0.0,64244578,2000,1000,1000,1000,0,0,0,0
1785436197.66108,A2000_B1000,1,2000,1000,1.0,0.0,64263933,2000,1000,1000,1000,0,0,0,0
1785436197.6819243,A2000_B1000,1,2000,1000,1.0,0.0,64283401,2000,1000,1000,1000,0,0,0,0
1785436197.7048023,A2000_B1000,1,2000,1000,1.0,0.0,64305862,2000,1000,1000,1000,0,0,0,0
1785436197.7261062,A2000_B1000,1,2000,1000,1.0,0.0,64323831,2000,1000,1000,1000,0,0,0,0
1785436197.7403207,A2000_B1000,1,2000,1000,1.0,0.0,64343294,2000,1000,1000,1000,0,0,0,0
1785436197.760851,A2000_B1000,1,2000,1000,1.0,0.0,64364304,2000,1000,1000,1000,0,0,0,0
1785436197.7855287,A2000_B1000,1,2000,1000,1.0,0.0,64386761,2000,1000,1000,1000,0,0,0,0
1785436197.8030112,A2000_B1000,1,2000,1000,1.0,0.0,64403189,2000,1000,1000,1000,0,0,0,0
1785436197.8266075,A2000_B1000,1,2000,1000,1.0,0.0,64425652,2000,1000,1000,1000,0,0,0,0
1785436197.8425708,A2000_B1000,1,2000,1000,1.0,0.0,64443613,2000,1000,1000,1000,0,0,0,0
1785436197.864521,A2000_B1000,1,2000,1000,1.0,0.0,64466079,2000,1000,1000,1000,0,0,0,0
1785436197.880839,A2000_B1000,1,2000,1000,1.0,0.0,64484093,2000,1000,1000,1000,0,0,0,0
1785436197.9018254,A2000_B1000,1,2000,1000,1.0,0.0,64503509,2000,1000,1000,1000,0,0,0,0
1785436197.927013,A2000_B1000,1,2000,1000,1.0,0.0,64525977,2000,1000,1000,1000,0,0,0,0
1785436197.9408398,A2000_B1000,1,2000,1000,1.0,0.0,64544005,2000,1000,1000,1000,0,0,0,0
1785436197.9618452,A2000_B1000,1,2000,1000,1.0,0.0,64563450,2000,1000,1000,1000,0,0,0,0
1785436197.9808605,A2000_B1000,1,2000,1000,1.0,0.0,64584382,2000,1000,1000,1000,0,0,0,0
1785436198.0018227,A2000_B1000,1,2000,1000,1.0,0.0,64603887,2000,1000,1000,1000,0,0,0,0
1785436198.0268278,A2000_B1000,1,2000,1000,1.0,0.0,64626332,2000,1000,1000,1000,0,0,0,0
1785436198.0418441,A2000_B1000,1,2000,1000,1.0,0.0,64645759,2000,1000,1000,1000,0,0,0,0
1785436198.0618262,A2000_B1000,1,2000,1000,1.0,0.0,64663775,2000,1000,1000,1000,0,0,0,0
1785436198.0845044,A2000_B1000,1,2000,1000,1.0,0.0,64686224,2000,1000,1000,1000,0,0,0,0
1785436198.1012864,A2000_B1000,1,2000,1000,1.0,0.0,64704146,2000,1000,1000,1000,0,0,0,0
1785436198.126908,A2000_B1000,1,2000,1000,1.0,0.0,64723665,2000,1000,1000,1000,0,0,0,0
1785436198.1451445,A2000_B1000,1,2000,1000,1.0,0.0,64746121,2000,1000,1000,1000,0,0,0,0
1785436198.160846,A2000_B1000,1,2000,1000,1.0,0.0,64764116,2000,1000,1000,1000,0,0,0,0
1785436198.1819088,A2000_B1000,1,2000,1000,1.0,0.0,64783561,2000,1000,1000,1000,0,0,0,0
1785436198.204529,A2000_B1000,1,2000,1000,1.0,0.0,64806012,2000,1000,1000,1000,0,0,0,0
1785436198.228276,A2000_B1000,1,2000,1000,1.0,0.0,64823933,2000,1000,1000,1000,0,0,0,0
1785436198.2418728,A2000_B1000,1,2000,1000,1.0,0.0,64843454,2000,1000,1000,1000,0,0,0,0
1785436198.260908,A2000_B1000,1,2000,1000,1.0,0.0,64864362,2000,1000,1000,1000,0,0,0,0
1785436198.2818348,A2000_B1000,1,2000,1000,1.0,0.0,64883830,2000,1000,1000,1000,0,0,0,0
1785436198.305024,A2000_B1000,1,2000,1000,1.0,0.0,64906286,2000,1000,1000,1000,0,0,0,0
1785436198.3263216,A2000_B1000,1,2000,1000,1.0,0.0,64924262,2000,1000,1000,1000,0,0,0,0
1785436198.3418775,A2000_B1000,1,2000,1000,1.0,0.0,64943724,2000,1000,1000,1000,0,0,0,0
1785436198.365406,A2000_B1000,1,2000,1000,1.0,0.0,64966182,2000,1000,1000,1000,0,0,0,0
1785436198.3848474,A2000_B1000,1,2000,1000,1.0,0.0,64985729,2000,1000,1000,1000,0,0,0,0
1785436198.403979,A2000_B1000,1,2000,1000,1.0,0.0,65006670,2000,1000,1000,1000,0,0,0,0
1785436198.426138,A2000_B1000,1,2000,1000,1.0,0.0,65024579,2000,1000,1000,1000,0,0,0,0
1785436198.443103,A2000_B1000,1,2000,1000,1.0,0.0,65044044,2000,1000,1000,1000,0,0,0,0
1785436198.4652019,A2000_B1000,1,2000,1000,1.0,0.0,65066504,2000,1000,1000,1000,0,0,0,0
1785436198.4808693,A2000_B1000,1,2000,1000,1.0,0.0,65084470,2000,1000,1000,1000,0,0,0,0
1785436198.5018437,A2000_B1000,1,2000,1000,1.0,0.0,65103934,2000,1000,1000,1000,0,0,0,0
1785436198.5270665,A2000_B1000,1,2000,1000,1.0,0.0,65126398,2000,1000,1000,1000,0,0,0,0
1785436198.541958,A2000_B1000,1,2000,1000,1.0,0.0,65145862,2000,1000,1000,1000,0,0,0,0
1785436198.5615733,A2000_B1000,1,2000,1000,1.0,0.0,65163834,2000,1000,1000,1000,0,0,0,0
1785436198.584543,A2000_B1000,1,2000,1000,1.0,0.0,65186286,2000,1000,1000,1000,0,0,0,0
1785436198.6015687,A2000_B1000,1,2000,1000,1.0,0.0,65204259,2000,1000,1000,1000,0,0,0,0
1785436198.626726,A2000_B1000,1,2000,1000,1.0,0.0,65223726,2000,1000,1000,1000,0,0,0,0
1785436198.644862,A2000_B1000,1,2000,1000,1.0,0.0,65246179,2000,1000,1000,1000,0,0,0,0
1785436198.6608977,A2000_B1000,1,2000,1000,1.0,0.0,65264147,2000,1000,1000,1000,0,0,0,0
1785436198.6822705,A2000_B1000,1,2000,1000,1.0,0.0,65285155,2000,1000,1000,1000,0,0,0,0
1785436198.7049177,A2000_B1000,1,2000,1000,1.0,0.0,65304604,2000,1000,1000,1000,0,0,0,0
1785436198.7258787,A2000_B1000,1,2000,1000,1.0,0.0,65322627,2000,1000,1000,1000,0,0,0,0
1785436198.7419262,A2000_B1000,1,2000,1000,1.0,0.0,65345050,2000,1000,1000,1000,0,0,0,0
1785436198.7645316,A2000_B1000,1,2000,1000,1.0,0.0,65364478,2000,1000,1000,1000,0,0,0,0
1785436198.7808673,A2000_B1000,1,2000,1000,1.0,0.0,65382487,2000,1000,1000,1000,0,0,0,0
1785436198.8018649,A2000_B1000,1,2000,1000,1.0,0.0,65404942,2000,1000,1000,1000,0,0,0,0
1785436198.8266442,A2000_B1000,1,2000,1000,1.0,0.0,65424365,2000,1000,1000,1000,0,0,0,0
1785436198.8408482,A2000_B1000,1,2000,1000,1.0,0.0,65442385,2000,1000,1000,1000,0,0,0,0
1785436198.8618762,A2000_B1000,1,2000,1000,1.0,0.0,65464841,2000,1000,1000,1000,0,0,0,0
1785436198.8845336,A2000_B1000,1,2000,1000,1.0,0.0,65484361,2000,1000,1000,1000,0,0,0,0
1785436198.900853,A2000_B1000,1,2000,1000,1.0,0.0,65502280,2000,1000,1000,1000,0,0,0,0
1785436198.9265313,A2000_B1000,1,2000,1000,1.0,0.0,65524726,2000,1000,1000,1000,0,0,0,0
1785436198.9445648,A2000_B1000,1,2000,1000,1.0,0.0,65545653,2000,1000,1000,1000,0,0,0,0
1785436198.9609492,A2000_B1000,1,2000,1000,1.0,0.0,65562172,2000,1000,1000,1000,0,0,0,0
1785436198.9819696,A2000_B1000,1,2000,1000,1.0,0.0,65584622,2000,1000,1000,1000,0,0,0,0
1785436199.0046775,A2000_B1000,1,2000,1000,1.0,0.0,65605538,2000,1000,1000,1000,0,0,0,0
1785436199.0263436,A2000_B1000,1,2000,1000,1.0,0.0,65625007,2000,1000,1000,1000,0,0,0,0
1785436199.0447872,A2000_B1000,1,2000,1000,1.0,0.0,65644516,2000,1000,1000,1000,0,0,0,0
1785436199.0611062,A2000_B1000,1,2000,1000,1.0,0.0,65662438,2000,1000,1000,1000,0,0,0,0
1785436199.0818677,A2000_B1000,1,2000,1000,1.0,0.0,65684894,2000,1000,1000,1000,0,0,0,0
1785436199.104542,A2000_B1000,1,2000,1000,1.0,0.0,65704411,2000,1000,1000,1000,0,0,0,0
1785436199.125912,A2000_B1000,1,2000,1000,1.0,0.0,65722330,2000,1000,1000,1000,0,0,0,0
1785436199.1445212,A2000_B1000,1,2000,1000,1.0,0.0,65744794,2000,1000,1000,1000,0,0,0,0
1785436199.1612687,A2000_B1000,1,2000,1000,1.0,0.0,65762773,2000,1000,1000,1000,0,0,0,0
1785436199.1845675,A2000_B1000,1,2000,1000,1.0,0.0,65785216,2000,1000,1000,1000,0,0,0,0
1785436199.2008832,A2000_B1000,1,2000,1000,1.0,0.0,65804685,2000,1000,1000,1000,0,0,0,0
1785436199.2286634,A2000_B1000,1,2000,1000,1.0,0.0,65825650,2000,1000,1000,1000,0,0,0,0
1785436199.240981,A2000_B1000,1,2000,1000,1.0,0.0,65842135,2000,1000,1000,1000,0,0,0,0
1785436199.261952,A2000_B1000,1,2000,1000,1.0,0.0,65864575,2000,1000,1000,1000,0,0,0,0
1785436199.281865,A2000_B1000,1,2000,1000,1.0,0.0,65885542,2000,1000,1000,1000,0,0,0,0
1785436199.3045425,A2000_B1000,1,2000,1000,1.0,0.0,65905025,2000,1000,1000,1000,0,0,0,0
1785436199.3259413,A2000_B1000,1,2000,1000,1.0,0.0,65924471,2000,1000,1000,1000,0,0,0,0
1785436199.3419192,A2000_B1000,1,2000,1000,1.0,0.0,65945435,2000,1000,1000,1000,0,0,0,0
1785436199.3608773,A2000_B1000,1,2000,1000,1.0,0.0,65961904,2000,1000,1000,1000,0,0,0,0
1785436199.381867,A2000_B1000,1,2000,1000,1.0,0.0,65984360,2000,1000,1000,1000,0,0,0,0
1785436199.4010327,A2000_B1000,1,2000,1000,1.0,0.0,66002328,2000,1000,1000,1000,0,0,0,0
1785436199.4267998,A2000_B1000,1,2000,1000,1.0,0.0,66024826,2000,1000,1000,1000,0,0,0,0
1785436199.4445665,A2000_B1000,1,2000,1000,1.0,0.0,66045762,2000,1000,1000,1000,0,0,0,0
1785436199.4608657,A2000_B1000,1,2000,1000,1.0,0.0,66062224,2000,1000,1000,1000,0,0,0,0
1785436199.4818861,A2000_B1000,1,2000,1000,1.0,0.0,66084685,2000,1000,1000,1000,0,0,0,0
1785436199.5045469,A2000_B1000,1,2000,1000,1.0,0.0,66105645,2000,1000,1000,1000,0,0,0,0
1785436199.5259228,A2000_B1000,1,2000,1000,1.0,0.0,66122121,2000,1000,1000,1000,0,0,0,0
1785436199.544561,A2000_B1000,1,2000,1000,1.0,0.0,66144576,2000,1000,1000,1000,0,0,0,0
1785436199.5609326,A2000_B1000,1,2000,1000,1.0,0.0,66162549,2000,1000,1000,1000,0,0,0,0
1785436199.5818985,A2000_B1000,1,2000,1000,1.0,0.0,66185011,2000,1000,1000,1000,0,0,0,0
1785436199.6045241,A2000_B1000,1,2000,1000,1.0,0.0,66204471,2000,1000,1000,1000,0,0,0,0
1785436199.626238,A2000_B1000,1,2000,1000,1.0,0.0,66222438,2000,1000,1000,1000,0,0,0,0
1785436199.6420527,A2000_B1000,1,2000,1000,1.0,0.0,66244902,2000,1000,1000,1000,0,0,0,0
1785436199.6646745,A2000_B1000,1,2000,1000,1.0,0.0,66264363,2000,1000,1000,1000,0,0,0,0
1785436199.680955,A2000_B1000,1,2000,1000,1.0,0.0,66282330,2000,1000,1000,1000,0,0,0,0
1785436199.704906,A2000_B1000,1,2000,1000,1.0,0.0,66306285,2000,1000,1000,1000,0,0,0,0
1785436199.724084,A2000_B1000,1,2000,1000,1.0,0.0,66324256,2000,1000,1000,1000,0,0,0,0
1785436199.7410078,A2000_B1000,1,2000,1000,1.0,0.0,66343723,2000,1000,1000,1000,0,0,0,0
1785436199.7634885,A2000_B1000,1,2000,1000,1.0,0.0,66364686,2000,1000,1000,1000,0,0,0,0
1785436199.7809777,A2000_B1000,1,2000,1000,1.0,0.0,66384149,2000,1000,1000,1000,0,0,0,0
1785436199.8019085,A2000_B1000,1,2000,1000,1.0,0.0,66403615,2000,1000,1000,1000,0,0,0,0
1785436199.8268893,A2000_B1000,1,2000,1000,1.0,0.0,66426094,2000,1000,1000,1000,0,0,0,0
1785436199.84096,A2000_B1000,1,2000,1000,1.0,0.0,66444043,2000,1000,1000,1000,0,0,0,0
1785436199.8646135,A2000_B1000,1,2000,1000,1.0,0.0,66466512,2000,1000,1000,1000,0,0,0,0
1785436199.8815846,A2000_B1000,1,2000,1000,1.0,0.0,66484473,2000,1000,1000,1000,0,0,0,0
1785436199.9019017,A2000_B1000,1,2000,1000,1.0,0.0,66503939,2000,1000,1000,1000,0,0,0,0
1785436199.9261422,A2000_B1000,1,2000,1000,1.0,0.0,66524932,2000,1000,1000,1000,0,0,0,0
1785436199.9408228,A2000_B1000,1,2000,1000,1.0,0.0,66544388,2000,1000,1000,1000,0,0,0,0
1785436199.9645634,A2000_B1000,1,2000,1000,1.0,0.0,66566821,2000,1000,1000,1000,0,0,0,0
1785436199.9809916,A2000_B1000,1,2000,1000,1.0,0.0,66584791,2000,1000,1000,1000,0,0,0,0
1785436200.0045831,A2000_B1000,1,2000,1000,1.0,0.0,66604261,2000,1000,1000,1000,0,0,0,0
1785436200.0247622,A2000_B1000,1,2000,1000,1.0,0.0,66623727,2000,1000,1000,1000,0,0,0,0
1785436200.0445638,A2000_B1000,1,2000,1000,1.0,0.0,66646181,2000,1000,1000,1000,0,0,0,0
1785436200.0610337,A2000_B1000,1,2000,1000,1.0,0.0,66664147,2000,1000,1000,1000,0,0,0,0
1785436200.0842211,A2000_B1000,1,2000,1000,1.0,0.0,66683612,2000,1000,1000,1000,0,0,0,0
1785436200.1045613,A2000_B1000,1,2000,1000,1.0,0.0,66706077,2000,1000,1000,1000,0,0,0,0
1785436200.1260226,A2000_B1000,1,2000,1000,1.0,0.0,66724126,2000,1000,1000,1000,0,0,0,0
1785436200.1443865,A2000_B1000,1,2000,1000,1.0,0.0,66746504,2000,1000,1000,1000,0,0,0,0
1785436200.160927,A2000_B1000,1,2000,1000,1.0,0.0,66764469,2000,1000,1000,1000,0,0,0,0
1785436200.18209,A2000_B1000,1,2000,1000,1.0,0.0,66783940,2000,1000,1000,1000,0,0,0,0
1785436200.2045846,A2000_B1000,1,2000,1000,1.0,0.0,66806394,2000,1000,1000,1000,0,0,0,0
1785436200.2289662,A2000_B1000,1,2000,1000,1.0,0.0,66824361,2000,1000,1000,1000,0,0,0,0
1785436200.240922,A2000_B1000,1,2000,1000,1.0,0.0,66843837,2000,1000,1000,1000,0,0,0,0
1785436200.2620313,A2000_B1000,1,2000,1000,1.0,0.0,66864877,2000,1000,1000,1000,0,0,0,0
1785436200.2845712,A2000_B1000,1,2000,1000,1.0,0.0,66884255,2000,1000,1000,1000,0,0,0,0
1785436200.3009198,A2000_B1000,1,2000,1000,1.0,0.0,66903731,2000,1000,1000,1000,0,0,0,0
1785436200.327598,A2000_B1000,1,2000,1000,1.0,0.0,66924802,2000,1000,1000,1000,0,0,0,0
1785436200.3449383,A2000_B1000,1,2000,1000,1.0,0.0,66947191,2000,1000,1000,1000,0,0,0,0
1785436200.3609834,A2000_B1000,1,2000,1000,1.0,0.0,66963616,2000,1000,1000,1000,0,0,0,0
1785436200.384575,A2000_B1000,1,2000,1000,1.0,0.0,66986075,2000,1000,1000,1000,0,0,0,0
1785436200.4009302,A2000_B1000,1,2000,1000,1.0,0.0,67004041,2000,1000,1000,1000,0,0,0,0
1785436200.427899,A2000_B1000,1,2000,1000,1.0,0.0,67025002,2000,1000,1000,1000,0,0,0,0
1785436200.4445722,A2000_B1000,1,2000,1000,1.0,0.0,67044514,2000,1000,1000,1000,0,0,0,0
1785436200.4616702,A2000_B1000,1,2000,1000,1.0,0.0,67063937,2000,1000,1000,1000,0,0,0,0
1785436200.4820464,A2000_B1000,1,2000,1000,1.0,0.0,67084898,2000,1000,1000,1000,0,0,0,0
1785436200.505117,A2000_B1000,1,2000,1000,1.0,0.0,67107367,2000,1000,1000,1000,0,0,0,0
1785436200.5259643,A2000_B1000,1,2000,1000,1.0,0.0,67123837,2000,1000,1000,1000,0,0,0,0
1785436200.5419118,A2000_B1000,1,2000,1000,1.0,0.0,67144795,2000,1000,1000,1000,0,0,0,0
1785436200.5604491,A2000_B1000,1,2000,1000,1.0,0.0,67164301,2000,1000,1000,1000,0,0,0,0
1785436200.580908,A2000_B1000,1,2000,1000,1.0,0.0,67183724,2000,1000,1000,1000,0,0,0,0
1785436200.6020112,A2000_B1000,1,2000,1000,1.0,0.0,67204684,2000,1000,1000,1000,0,0,0,0
1785436200.6273649,A2000_B1000,1,2000,1000,1.0,0.0,67228644,2000,1000,1000,1000,0,0,0,0
1785436200.644728,A2000_B1000,1,2000,1000,1.0,0.0,67246657,2000,1000,1000,1000,0,0,0,0
1785436200.6609833,A2000_B1000,1,2000,1000,1.0,0.0,67264609,2000,1000,1000,1000,0,0,0,0
1785436200.6868734,A2000_B1000,1,2000,1000,1.0,0.0,67284084,2000,1000,1000,1000,0,0,0,0
1785436200.7024398,A2000_B1000,1,2000,1000,1.0,0.0,67305009,2000,1000,1000,1000,0,0,0,0
1785436200.7269807,A2000_B1000,1,2000,1000,1.0,0.0,67325972,2000,1000,1000,1000,0,0,0,0
1785436200.740948,A2000_B1000,1,2000,1000,1.0,0.0,67342435,2000,1000,1000,1000,0,0,0,0
1785436200.761971,A2000_B1000,1,2000,1000,1.0,0.0,67364898,2000,1000,1000,1000,0,0,0,0
1785436200.7847095,A2000_B1000,1,2000,1000,1.0,0.0,67385856,2000,1000,1000,1000,0,0,0,0
1785436200.8009825,A2000_B1000,1,2000,1000,1.0,0.0,67402333,2000,1000,1000,1000,0,0,0,0
1785436200.8268332,A2000_B1000,1,2000,1000,1.0,0.0,67424799,2000,1000,1000,1000,0,0,0,0
1785436200.8446798,A2000_B1000,1,2000,1000,1.0,0.0,67445753,2000,1000,1000,1000,0,0,0,0
1785436200.8609326,A2000_B1000,1,2000,1000,1.0,0.0,67462224,2000,1000,1000,1000,0,0,0,0
1785436200.8819642,A2000_B1000,1,2000,1000,1.0,0.0,67483186,2000,1000,1000,1000,0,0,0,0
1785436200.9048514,A2000_B1000,1,2000,1000,1.0,0.0,67505647,2000,1000,1000,1000,0,0,0,0
1785436200.9263985,A2000_B1000,1,2000,1000,1.0,0.0,67525116,2000,1000,1000,1000,0,0,0,0
1785436200.942016,A2000_B1000,1,2000,1000,1.0,0.0,67543080,2000,1000,1000,1000,0,0,0,0
1785436200.9609158,A2000_B1000,1,2000,1000,1.0,0.0,67562556,2000,1000,1000,1000,0,0,0,0
1785436200.9819362,A2000_B1000,1,2000,1000,1.0,0.0,67585002,2000,1000,1000,1000,0,0,0,0
1785436201.005094,A2000_B1000,1,2000,1000,1.0,0.0,67606013,2000,1000,1000,1000,0,0,0,0
1785436201.026245,A2000_B1000,1,2000,1000,1.0,0.0,67622446,2000,1000,1000,1000,0,0,0,0
1785436201.0419312,A2000_B1000,1,2000,1000,1.0,0.0,67644893,2000,1000,1000,1000,0,0,0,0
1785436201.0647564,A2000_B1000,1,2000,1000,1.0,0.0,67665991,2000,1000,1000,1000,0,0,0,0
1785436201.0809364,A2000_B1000,1,2000,1000,1.0,0.0,67682334,2000,1000,1000,1000,0,0,0,0
1785436201.1019206,A2000_B1000,1,2000,1000,1.0,0.0,67704792,2000,1000,1000,1000,0,0,0,0
1785436201.1267576,A2000_B1000,1,2000,1000,1.0,0.0,67725801,2000,1000,1000,1000,0,0,0,0
1785436201.1414697,A2000_B1000,1,2000,1000,1.0,0.0,67742300,2000,1000,1000,1000,0,0,0,0
1785436201.1619983,A2000_B1000,1,2000,1000,1.0,0.0,67763236,2000,1000,1000,1000,0,0,0,0
1785436201.1848195,A2000_B1000,1,2000,1000,1.0,0.0,67785692,2000,1000,1000,1000,0,0,0,0
1785436201.2023685,A2000_B1000,1,2000,1000,1.0,0.0,67805113,2000,1000,1000,1000,0,0,0,0
1785436201.2290688,A2000_B1000,1,2000,1000,1.0,0.0,67826079,2000,1000,1000,1000,0,0,0,0
1785436201.2409632,A2000_B1000,1,2000,1000,1.0,0.0,67842548,2000,1000,1000,1000,0,0,0,0
1785436201.263092,A2000_B1000,1,2000,1000,1.0,0.0,67865006,2000,1000,1000,1000,0,0,0,0
1785436201.2846792,A2000_B1000,1,2000,1000,1.0,0.0,67885978,2000,1000,1000,1000,0,0,0,0
1785436201.3009372,A2000_B1000,1,2000,1000,1.0,0.0,67902440,2000,1000,1000,1000,0,0,0,0
1785436201.3265514,A2000_B1100,1,2000,1100,1.0,0.1,67924897,2000,1100,1000,1000,0,0,0,0
1785436201.3446035,A2000_B1100,1,2000,1100,1.0,0.1,67945862,2000,1100,1000,1000,0,0,0,0
1785436201.36098,A2000_B1100,1,2000,1100,1.0,0.1,67962328,2000,1100,1000,1000,0,0,0,0
1785436201.3830888,A2000_B1100,1,2000,1100,1.0,0.1,67984836,2000,1100,1000,1000,0,0,0,0
1785436201.4046047,A2000_B1100,1,2000,1100,1.0,0.1,68005775,2000,1100,1000,1000,0,0,0,0
1785436201.4262116,A2000_B1100,1,2000,1100,1.0,0.1,68022225,2000,1100,1000,1000,0,0,0,0
1785436201.44193,A2000_B1100,1,2000,1100,1.0,0.1,68043189,2000,1100,1000,1000,0,0,0,0
1785436201.4646037,A2000_B1100,1,2000,1100,1.0,0.1,68065654,2000,1100,1000,1000,0,0,0,0
1785436201.4810805,A2000_B1100,1,2000,1100,1.0,0.1,68083621,2000,1100,1000,1000,0,0,0,0
1785436201.5046191,A2000_B1100,1,2000,1100,1.0,0.1,68106070,2000,1100,1000,1000,0,0,0,0
1785436201.52601,A2000_B1100,1,2000,1100,1.0,0.1,68122593,2000,1100,1000,1000,0,0,0,0
1785436201.5446095,A2000_B1100,1,2000,1100,1.0,0.1,68145052,2000,1100,1000,1000,0,0,0,0
1785436201.5616198,A2000_B1100,1,2000,1100,1.0,0.1,68162976,2000,1100,1000,1000,0,0,0,0
1785436201.58199,A2000_B1100,1,2000,1100,1.0,0.1,68185518,2000,1100,1000,1000,0,0,0,0
1785436201.6046083,A2000_B1100,1,2000,1100,1.0,0.1,68204945,2000,1100,1000,1000,0,0,0,0
1785436201.6262164,A2000_B1100,1,2000,1100,1.0,0.1,68222864,2000,1100,1000,1000,0,0,0,0
1785436201.640989,A2000_B1100,1,2000,1100,1.0,0.1,68242405,2000,1100,1000,1000,0,0,0,0
1785436201.6620014,A2000_B1100,1,2000,1100,1.0,0.1,68264838,2000,1100,1000,1000,0,0,0,0
1785436201.6846423,A2000_B1100,1,2000,1100,1.0,0.1,68285754,2000,1100,1000,1000,0,0,0,0
1785436201.7024455,A2000_B1100,1,2000,1100,1.0,0.1,68305227,2000,1100,1000,1000,0,0,0,0
1785436201.7261813,A2000_B1100,1,2000,1100,1.0,0.1,68320191,2000,1100,1000,1000,0,0,0,0
1785436201.7433755,A2000_B1100,1,2000,1100,1.0,0.1,68345651,2000,1100,1000,1000,0,0,0,0
1785436201.7653794,A2000_B1100,1,2000,1100,1.0,0.1,68366645,2000,1100,1000,1000,0,0,0,0
1785436201.7846146,A2000_B1100,1,2000,1100,1.0,0.1,68386077,2000,1100,1000,1000,0,0,0,0
1785436201.8015566,A2000_B1100,1,2000,1100,1.0,0.1,68404048,2000,1100,1000,1000,0,0,0,0
1785436201.826721,A2000_B1100,1,2000,1100,1.0,0.1,68423505,2000,1100,1000,1000,0,0,0,0
1785436201.8414416,A2000_B1100,1,2000,1100,1.0,0.1,68442974,2000,1100,1000,1000,0,0,0,0
1785436201.862145,A2000_B1100,1,2000,1100,1.0,0.1,68465433,2000,1100,1000,1000,0,0,0,0
1785436201.884681,A2000_B1100,1,2000,1100,1.0,0.1,68486396,2000,1100,1000,1000,0,0,0,0
1785436201.9033198,A2000_B1100,1,2000,1100,1.0,0.1,68505864,2000,1100,1000,1000,0,0,0,0
1785436201.9261398,A2000_B1100,1,2000,1100,1.0,0.1,68523844,2000,1100,1000,1000,0,0,0,0
1785436201.9420455,A2000_B1100,1,2000,1100,1.0,0.1,68543297,2000,1100,1000,1000,0,0,0,0
1785436201.9646313,A2000_B1100,1,2000,1100,1.0,0.1,68565754,2000,1100,1000,1000,0,0,0,0
1785436201.984663,A2000_B1100,1,2000,1100,1.0,0.1,68586762,2000,1100,1000,1000,0,0,0,0
1785436202.0009618,A2000_B1100,1,2000,1100,1.0,0.1,68603186,2000,1100,1000,1000,0,0,0,0
1785436202.026797,A2000_B1100,1,2000,1100,1.0,0.1,68625645,2000,1100,1000,1000,0,0,0,0
1785436202.0455165,A2000_B1100,1,2000,1100,1.0,0.1,68646654,2000,1100,1000,1000,0,0,0,0
1785436202.0646322,A2000_B1100,1,2000,1100,1.0,0.1,68666080,2000,1100,1000,1000,0,0,0,0
1785436202.0809681,A2000_B1100,1,2000,1100,1.0,0.1,68684140,2000,1100,1000,1000,0,0,0,0
1785436202.1019762,A2000_B1100,1,2000,1100,1.0,0.1,68703512,2000,1100,1000,1000,0,0,0,0
1785436202.127294,A2000_B1100,1,2000,1100,1.0,0.1,68726031,2000,1100,1000,1000,0,0,0,0
1785436202.141879,A2000_B1100,1,2000,1100,1.0,0.1,68745436,2000,1100,1000,1000,0,0,0,0
1785436202.160675,A2000_B1100,1,2000,1100,1.0,0.1,68763399,2000,1100,1000,1000,0,0,0,0
1785436202.1812184,A2000_B1100,1,2000,1100,1.0,0.1,68784367,2000,1100,1000,1000,0,0,0,0
1785436202.2019644,A2000_B1100,1,2000,1100,1.0,0.1,68803888,2000,1100,1000,1000,0,0,0,0
1785436202.2291577,A2000_B1100,1,2000,1100,1.0,0.1,68826358,2000,1100,1000,1000,0,0,0,0
1785436202.2420187,A2000_B1100,1,2000,1100,1.0,0.1,68845760,2000,1100,1000,1000,0,0,0,0
1785436202.2646332,A2000_B1100,1,2000,1100,1.0,0.1,68866720,2000,1100,1000,1000,0,0,0,0
1785436202.2819617,A2000_B1100,1,2000,1100,1.0,0.1,68883189,2000,1100,1000,1000,0,0,0,0
1785436202.305051,A2000_B1100,1,2000,1100,1.0,0.1,68905657,2000,1100,1000,1000,0,0,0,0
1785436202.3240373,A2000_B1100,1,2000,1100,1.0,0.1,68923666,2000,1100,1000,1000,0,0,0,0
1785436202.3446758,A2000_B1100,1,2000,1100,1.0,0.1,68946120,2000,1100,1000,1000,0,0,0,0
1785436202.3611033,A2000_B1100,1,2000,1100,1.0,0.1,68964042,2000,1100,1000,1000,0,0,0,0
1785436202.3821335,A2000_B1100,1,2000,1100,1.0,0.1,68983563,2000,1100,1000,1000,0,0,0,0
1785436202.4046328,A2000_B1100,1,2000,1100,1.0,0.1,69006016,2000,1100,1000,1000,0,0,0,0
1785436202.427354,A2000_B1100,1,2000,1100,1.0,0.1,69025439,2000,1100,1000,1000,0,0,0,0
1785436202.4414697,A2000_B1100,1,2000,1100,1.0,0.1,69043452,2000,1100,1000,1000,0,0,0,0
1785436202.4620721,A2000_B1100,1,2000,1100,1.0,0.1,69064405,2000,1100,1000,1000,0,0,0,0
1785436202.4816148,A2000_B1100,1,2000,1100,1.0,0.1,69083835,2000,1100,1000,1000,0,0,0,0
1785436202.5021343,A2000_B1100,1,2000,1100,1.0,0.1,69103347,2000,1100,1000,1000,0,0,0,0
1785436202.5272145,A2000_B1100,1,2000,1100,1.0,0.1,69125805,2000,1100,1000,1000,0,0,0,0
1785436202.5410094,A2000_B1100,1,2000,1100,1.0,0.1,69143758,2000,1100,1000,1000,0,0,0,0
1785436202.5608003,A2000_B1100,1,2000,1100,1.0,0.1,69163240,2000,1100,1000,1000,0,0,0,0
1785436202.5809784,A2000_B1100,1,2000,1100,1.0,0.1,69184154,2000,1100,1000,1000,0,0,0,0
1785436202.6029937,A2000_B1100,1,2000,1100,1.0,0.1,69203683,2000,1100,1000,1000,0,0,0,0
1785436202.626792,A2000_B1100,1,2000,1100,1.0,0.1,69226077,2000,1100,1000,1000,0,0,0,0
1785436202.6409638,A2000_B1100,1,2000,1100,1.0,0.1,69244043,2000,1100,1000,1000,0,0,0,0
1785436202.662021,A2000_B1100,1,2000,1100,1.0,0.1,69263509,2000,1100,1000,1000,0,0,0,0
1785436202.684756,A2000_B1100,1,2000,1100,1.0,0.1,69285972,2000,1100,1000,1000,0,0,0,0
1785436202.700999,A2000_B1100,1,2000,1100,1.0,0.1,69303932,2000,1100,1000,1000,0,0,0,0
1785436202.7250865,A2000_B1100,1,2000,1100,1.0,0.1,69323405,2000,1100,1000,1000,0,0,0,0
1785436202.7447667,A2000_B1100,1,2000,1100,1.0,0.1,69345858,2000,1100,1000,1000,0,0,0,0
1785436202.7619934,A2000_B1100,1,2000,1100,1.0,0.1,69363833,2000,1100,1000,1000,0,0,0,0
1785436202.784745,A2000_B1100,1,2000,1100,1.0,0.1,69386296,2000,1100,1000,1000,0,0,0,0
1785436202.8020935,A2000_B1100,1,2000,1100,1.0,0.1,69404262,2000,1100,1000,1000,0,0,0,0
1785436202.8269079,A2000_B1100,1,2000,1100,1.0,0.1,69426718,2000,1100,1000,1000,0,0,0,0
1785436202.8419309,A2000_B1100,1,2000,1100,1.0,0.1,69444687,2000,1100,1000,1000,0,0,0,0
1785436202.8649623,A2000_B1100,1,2000,1100,1.0,0.1,69467158,2000,1100,1000,1000,0,0,0,0
1785436202.8810127,A2000_B1100,1,2000,1100,1.0,0.1,69483617,2000,1100,1000,1000,0,0,0,0
1785436202.9047813,A2000_B1100,1,2000,1100,1.0,0.1,69504575,2000,1100,1000,1000,0,0,0,0
1785436202.9261045,A2000_B1100,1,2000,1100,1.0,0.1,69524049,2000,1100,1000,1000,0,0,0,0
1785436202.9420726,A2000_B1100,1,2000,1100,1.0,0.1,69545054,2000,1100,1000,1000,0,0,0,0
1785436202.9650123,A2000_B1100,1,2000,1100,1.0,0.1,69564472,2000,1100,1000,1000,0,0,0,0
1785436202.9810274,A2000_B1100,1,2000,1100,1.0,0.1,69583940,2000,1100,1000,1000,0,0,0,0
1785436203.001983,A2000_B1100,1,2000,1100,1.0,0.1,69604951,2000,1100,1000,1000,0,0,0,0
1785436203.0267758,A2000_B1100,1,2000,1100,1.0,0.1,69624365,2000,1100,1000,1000,0,0,0,0
1785436203.0420003,A2000_B1100,1,2000,1100,1.0,0.1,69643842,2000,1100,1000,1000,0,0,0,0
1785436203.0610352,A2000_B1100,1,2000,1100,1.0,0.1,69664841,2000,1100,1000,1000,0,0,0,0
1785436203.084775,A2000_B1100,1,2000,1100,1.0,0.1,69687304,2000,1100,1000,1000,0,0,0,0
1785436203.102002,A2000_B1100,1,2000,1100,1.0,0.1,69703727,2000,1100,1000,1000,0,0,0,0
1785436203.126747,A2000_B1100,1,2000,1100,1.0,0.1,69726186,2000,1100,1000,1000,0,0,0,0
1785436203.141891,A2000_B1100,1,2000,1100,1.0,0.1,69744167,2000,1100,1000,1000,0,0,0,0
1785436203.1613414,A2000_B1100,1,2000,1100,1.0,0.1,69763624,2000,1100,1000,1000,0,0,0,0
1785436203.1821556,A2000_B1100,1,2000,1100,1.0,0.1,69784628,2000,1100,1000,1000,0,0,0,0
1785436203.2057426,A2000_B1100,1,2000,1100,1.0,0.1,69807102,2000,1100,1000,1000,0,0,0,0
1785436203.226515,A2000_B1100,1,2000,1100,1.0,0.1,69825011,2000,1100,1000,1000,0,0,0,0
1785436203.2447746,A2000_B1100,1,2000,1100,1.0,0.1,69844520,2000,1100,1000,1000,0,0,0,0
1785436203.2609863,A2000_B1100,1,2000,1100,1.0,0.1,69863936,2000,1100,1000,1000,0,0,0,0
1785436203.2820275,A2000_B1100,1,2000,1100,1.0,0.1,69884898,2000,1100,1000,1000,0,0,0,0
1785436203.3046632,A2000_B1100,1,2000,1100,1.0,0.1,69904410,2000,1100,1000,1000,0,0,0,0
1785436203.3260446,A2000_B1100,1,2000,1100,1.0,0.1,69923916,2000,1100,1000,1000,0,0,0,0
1785436203.34465,A2000_B1100,1,2000,1100,1.0,0.1,69946291,2000,1100,1000,1000,0,0,0,0
1785436203.3609865,A2000_B1100,1,2000,1100,1.0,0.1,69964306,2000,1100,1000,1000,0,0,0,0
1785436203.3846853,A2000_B1100,1,2000,1100,1.0,0.1,69986769,2000,1100,1000,1000,0,0,0,0
1785436203.401992,A2000_B1100,1,2000,1100,1.0,0.1,70004689,2000,1100,1000,1000,0,0,0,0
1785436203.4268296,A2000_B1100,1,2000,1100,1.0,0.1,70027157,2000,1100,1000,1000,0,0,0,0
1785436203.442076,A2000_B1100,1,2000,1100,1.0,0.1,70043618,2000,1100,1000,1000,0,0,0,0
1785436203.4646747,A2000_B1100,1,2000,1100,1.0,0.1,70064581,2000,1100,1000,1000,0,0,0,0
1785436203.4811106,A2000_B1100,1,2000,1100,1.0,0.1,70084092,2000,1100,1000,1000,0,0,0,0
1785436203.503301,A2000_B1100,1,2000,1100,1.0,0.1,70105013,2000,1100,1000,1000,0,0,0,0
1785436203.5267947,A2000_B1100,1,2000,1100,1.0,0.1,70124478,2000,1100,1000,1000,0,0,0,0
1785436203.5410109,A2000_B1100,1,2000,1100,1.0,0.1,70143987,2000,1100,1000,1000,0,0,0,0
1785436203.5646753,A2000_B1100,1,2000,1100,1.0,0.1,70166459,2000,1100,1000,1000,0,0,0,0
1785436203.581612,A2000_B1100,1,2000,1100,1.0,0.1,70184369,2000,1100,1000,1000,0,0,0,0
1785436203.6020389,A2000_B1100,1,2000,1100,1.0,0.1,70203892,2000,1100,1000,1000,0,0,0,0
1785436203.6267924,A2000_B1100,1,2000,1100,1.0,0.1,70226357,2000,1100,1000,1000,0,0,0,0
1785436203.6419451,A2000_B1100,1,2000,1100,1.0,0.1,70244261,2000,1100,1000,1000,0,0,0,0
1785436203.6610215,A2000_B1100,1,2000,1100,1.0,0.1,70263769,2000,1100,1000,1000,0,0,0,0
1785436203.6831863,A2000_B1100,1,2000,1100,1.0,0.1,70284694,2000,1100,1000,1000,0,0,0,0
1785436203.704677,A2000_B1100,1,2000,1100,1.0,0.1,70307151,2000,1100,1000,1000,0,0,0,0
1785436203.7266207,A2000_B1100,1,2000,1100,1.0,0.1,70323667,2000,1100,1000,1000,0,0,0,0
1785436203.7446823,A2000_B1100,1,2000,1100,1.0,0.1,70346206,2000,1100,1000,1000,0,0,0,0
1785436203.7611175,A2000_B1100,1,2000,1100,1.0,0.1,70362553,2000,1100,1000,1000,0,0,0,0
1785436203.783196,A2000_B1100,1,2000,1100,1.0,0.1,70385010,2000,1100,1000,1000,0,0,0,0
1785436203.8046653,A2000_B1100,1,2000,1100,1.0,0.1,70406015,2000,1100,1000,1000,0,0,0,0
1785436203.8286848,A2000_B1100,1,2000,1100,1.0,0.1,70422542,2000,1100,1000,1000,0,0,0,0
1785436203.8431602,A2000_B1100,1,2000,1100,1.0,0.1,70444903,2000,1100,1000,1000,0,0,0,0
1785436203.8646846,A2000_B1100,1,2000,1100,1.0,0.1,70465911,2000,1100,1000,1000,0,0,0,0
1785436203.881079,A2000_B1100,1,2000,1100,1.0,0.1,70482340,2000,1100,1000,1000,0,0,0,0
1785436203.902087,A2000_B1100,1,2000,1100,1.0,0.1,70504800,2000,1100,1000,1000,0,0,0,0
1785436203.9268308,A2000_B1100,1,2000,1100,1.0,0.1,70525810,2000,1100,1000,1000,0,0,0,0
1785436203.9411602,A2000_B1100,1,2000,1100,1.0,0.1,70543725,2000,1100,1000,1000,0,0,0,0
1785436203.962234,A2000_B1100,1,2000,1100,1.0,0.1,70563239,2000,1100,1000,1000,0,0,0,0
1785436203.9847019,A2000_B1100,1,2000,1100,1.0,0.1,70585699,2000,1100,1000,1000,0,0,0,0
1785436204.0011458,A2000_B1100,1,2000,1100,1.0,0.1,70603618,2000,1100,1000,1000,0,0,0,0
1785436204.028546,A2000_B1100,1,2000,1100,1.0,0.1,70627585,2000,1100,1000,1000,0,0,0,0
1785436204.0445402,A2000_B1100,1,2000,1100,1.0,0.1,70645596,2000,1100,1000,1000,0,0,0,0
1785436204.0625625,A2000_B1100,1,2000,1100,1.0,0.1,70665084,2000,1100,1000,1000,0,0,0,0
1785436204.0846746,A2000_B1100,1,2000,1100,1.0,0.1,70686011,2000,1100,1000,1000,0,0,0,0
1785436204.1047165,A2000_B1100,1,2000,1100,1.0,0.1,70705486,2000,1100,1000,1000,0,0,0,0
1785436204.1260746,A2000_B1100,1,2000,1100,1.0,0.1,70724900,2000,1100,1000,1000,0,0,0,0
1785436204.144688,A2000_B1100,1,2000,1100,1.0,0.1,70745867,2000,1100,1000,1000,0,0,0,0
1785436204.1610117,A2000_B1100,1,2000,1100,1.0,0.1,70762342,2000,1100,1000,1000,0,0,0,0
1785436204.182091,A2000_B1100,1,2000,1100,1.0,0.1,70784799,2000,1100,1000,1000,0,0,0,0
1785436204.2046943,A2000_B1100,1,2000,1100,1.0,0.1,70805762,2000,1100,1000,1000,0,0,0,0
1785436204.2284718,A2000_B1100,1,2000,1100,1.0,0.1,70825271,2000,1100,1000,1000,0,0,0,0
1785436204.2446904,A2000_B1100,1,2000,1100,1.0,0.1,70846183,2000,1100,1000,1000,0,0,0,0
1785436204.2613916,A2000_B1100,1,2000,1100,1.0,0.1,70862704,2000,1100,1000,1000,0,0,0,0
1785436204.2820163,A2000_B1100,1,2000,1100,1.0,0.1,70885164,2000,1100,1000,1000,0,0,0,0
1785436204.3046951,A2000_B1100,1,2000,1100,1.0,0.1,70906078,2000,1100,1000,1000,0,0,0,0
1785436204.3260999,A2000_B1100,1,2000,1100,1.0,0.1,70922596,2000,1100,1000,1000,0,0,0,0
1785436204.3430433,A2000_B1100,1,2000,1100,1.0,0.1,70945056,2000,1100,1000,1000,0,0,0,0
1785436204.3646922,A2000_B1100,1,2000,1100,1.0,0.1,70965981,2000,1100,1000,1000,0,0,0,0
1785436204.3818543,A2000_B1100,1,2000,1100,1.0,0.1,70985445,2000,1100,1000,1000,0,0,0,0
1785436204.4020662,A2000_B1100,1,2000,1100,1.0,0.1,71004955,2000,1100,1000,1000,0,0,0,0
1785436204.4263015,A2000_B1100,1,2000,1100,1.0,0.1,71022876,2000,1100,1000,1000,0,0,0,0
1785436204.442121,A2000_B1100,1,2000,1100,1.0,0.1,71045343,2000,1100,1000,1000,0,0,0,0
1785436204.4612865,A2000_B1100,1,2000,1100,1.0,0.1,71064852,2000,1100,1000,1000,0,0,0,0
1785436204.4820893,A2000_B1100,1,2000,1100,1.0,0.1,71085757,2000,1100,1000,1000,0,0,0,0
1785436204.5010254,A2000_B1100,1,2000,1100,1.0,0.1,71102279,2000,1100,1000,1000,0,0,0,0
1785436204.5245984,A2000_B1100,1,2000,1100,1.0,0.1,71123220,2000,1100,1000,1000,0,0,0,0
1785436204.5447357,A2000_B1100,1,2000,1100,1.0,0.1,71145652,2000,1100,1000,1000,0,0,0,0
1785436204.5623186,A2000_B1100,1,2000,1100,1.0,0.1,71165126,2000,1100,1000,1000,0,0,0,0
1785436204.5848238,A2000_B1100,1,2000,1100,1.0,0.1,71186084,2000,1100,1000,1000,0,0,0,0
1785436204.6010218,A2000_B1100,1,2000,1100,1.0,0.1,71202555,2000,1100,1000,1000,0,0,0,0
1785436204.624358,A2000_B1100,1,2000,1100,1.0,0.1,71225018,2000,1100,1000,1000,0,0,0,0
1785436204.64472,A2000_B1100,1,2000,1100,1.0,0.1,71245977,2000,1100,1000,1000,0,0,0,0
1785436204.6610463,A2000_B1100,1,2000,1100,1.0,0.1,71262447,2000,1100,1000,1000,0,0,0,0
1785436204.682092,A2000_B1100,1,2000,1100,1.0,0.1,71284912,2000,1100,1000,1000,0,0,0,0
1785436204.700584,A2000_B1100,1,2000,1100,1.0,0.1,71302882,2000,1100,1000,1000,0,0,0,0
1785436204.7261171,A2000_B1100,1,2000,1100,1.0,0.1,71322338,2000,1100,1000,1000,0,0,0,0
1785436204.7447631,A2000_B1100,1,2000,1100,1.0,0.1,71344806,2000,1100,1000,1000,0,0,0,0
1785436204.7611272,A2000_B1100,1,2000,1100,1.0,0.1,71364381,2000,1100,1000,1000,0,0,0,0
1785436204.7820318,A2000_B1100,1,2000,1100,1.0,0.1,71383731,2000,1100,1000,1000,0,0,0,0
1785436204.8047073,A2000_B1100,1,2000,1100,1.0,0.1,71406239,2000,1100,1000,1000,0,0,0,0
1785436204.8264453,A2000_B1100,1,2000,1100,1.0,0.1,71424200,2000,1100,1000,1000,0,0,0,0
1785436204.8420336,A2000_B1100,1,2000,1100,1.0,0.1,71443627,2000,1100,1000,1000,0,0,0,0
1785436204.8647172,A2000_B1100,1,2000,1100,1.0,0.1,71466099,2000,1100,1000,1000,0,0,0,0
1785436204.881175,A2000_B1100,1,2000,1100,1.0,0.1,71484097,2000,1100,1000,1000,0,0,0,0
1785436204.902081,A2000_B1100,1,2000,1100,1.0,0.1,71503513,2000,1100,1000,1000,0,0,0,0
1785436204.9269545,A2000_B1100,1,2000,1100,1.0,0.1,71527475,2000,1100,1000,1000,0,0,0,0
1785436204.9420774,A2000_B1100,1,2000,1100,1.0,0.1,71543995,2000,1100,1000,1000,0,0,0,0
1785436204.9647253,A2000_B1100,1,2000,1100,1.0,0.1,71566457,2000,1100,1000,1000,0,0,0,0
1785436204.9812074,A2000_B1100,1,2000,1100,1.0,0.1,71584372,2000,1100,1000,1000,0,0,0,0
1785436205.0052311,A2000_B1100,1,2000,1100,1.0,0.1,71606924,2000,1100,1000,1000,0,0,0,0
1785436205.0296667,A2000_B1100,1,2000,1100,1.0,0.1,71626348,2000,1100,1000,1000,0,0,0,0
1785436205.04145,A2000_B1100,1,2000,1100,1.0,0.1,71644265,2000,1100,1000,1000,0,0,0,0
1785436205.064251,A2000_B1100,1,2000,1100,1.0,0.1,71663775,2000,1100,1000,1000,0,0,0,0
1785436205.0847218,A2000_B1100,1,2000,1100,1.0,0.1,71686247,2000,1100,1000,1000,0,0,0,0
1785436205.101045,A2000_B1100,1,2000,1100,1.0,0.1,71704228,2000,1100,1000,1000,0,0,0,0
1785436205.1241088,A2000_B1100,1,2000,1100,1.0,0.1,71723673,2000,1100,1000,1000,0,0,0,0
1785436205.1409311,A2000_B1100,1,2000,1100,1.0,0.1,71744589,2000,1100,1000,1000,0,0,0,0
1785436205.1648757,A2000_B1100,1,2000,1100,1.0,0.1,71764060,2000,1100,1000,1000,0,0,0,0
1785436205.1822307,A2000_B1100,1,2000,1100,1.0,0.1,71783560,2000,1100,1000,1000,0,0,0,0
1785436205.2051117,A2000_B1100,1,2000,1100,1.0,0.1,71806024,2000,1100,1000,1000,0,0,0,0
1785436205.2282722,A2000_B1100,1,2000,1100,1.0,0.1,71823956,2000,1100,1000,1000,0,0,0,0
1785436205.2420907,A2000_B1100,1,2000,1100,1.0,0.1,71844903,2000,1100,1000,1000,0,0,0,0
1785436205.264808,A2000_B1100,1,2000,1100,1.0,0.1,71864372,2000,1100,1000,1000,0,0,0,0
1785436205.2811286,A2000_B1100,1,2000,1100,1.0,0.1,71883940,2000,1100,1000,1000,0,0,0,0
1785436205.3021665,A2000_B1100,1,2000,1100,1.0,0.1,71904857,2000,1100,1000,1000,0,0,0,0
1785436205.3268414,A2000_B1200,1,2000,1200,1.0,0.2,71927266,2000,1200,1000,1000,0,0,0,0
1785436205.342049,A2000_B1200,1,2000,1200,1.0,0.2,71943732,2000,1200,1000,1000,0,0,0,0
1785436205.3648834,A2000_B1200,1,2000,1200,1.0,0.2,71966193,2000,1200,1000,1000,0,0,0,0
1785436205.3810902,A2000_B1200,1,2000,1200,1.0,0.2,71984156,2000,1200,1000,1000,0,0,0,0
1785436205.4020767,A2000_B1200,1,2000,1200,1.0,0.2,72003626,2000,1200,1000,1000,0,0,0,0
1785436205.426872,A2000_B1200,1,2000,1200,1.0,0.2,72026085,2000,1200,1000,1000,0,0,0,0
1785436205.4416368,A2000_B1200,1,2000,1200,1.0,0.2,72044079,2000,1200,1000,1000,0,0,0,0
1785436205.4620903,A2000_B1200,1,2000,1200,1.0,0.2,72063523,2000,1200,1000,1000,0,0,0,0
1785436205.4810803,A2000_B1200,1,2000,1200,1.0,0.2,72084480,2000,1200,1000,1000,0,0,0,0
1785436205.5049157,A2000_B1200,1,2000,1200,1.0,0.2,72106941,2000,1200,1000,1000,0,0,0,0
1785436205.5262265,A2000_B1200,1,2000,1200,1.0,0.2,72124910,2000,1200,1000,1000,0,0,0,0
1785436205.5455475,A2000_B1200,1,2000,1200,1.0,0.2,72147412,2000,1200,1000,1000,0,0,0,0
1785436205.564433,A2000_B1200,1,2000,1200,1.0,0.2,72163845,2000,1200,1000,1000,0,0,0,0
1785436205.5848343,A2000_B1200,1,2000,1200,1.0,0.2,72186296,2000,1200,1000,1000,0,0,0,0
1785436205.601132,A2000_B1200,1,2000,1200,1.0,0.2,72204265,2000,1200,1000,1000,0,0,0,0
1785436205.6243415,A2000_B1200,1,2000,1200,1.0,0.2,72223775,2000,1200,1000,1000,0,0,0,0
1785436205.6451337,A2000_B1200,1,2000,1200,1.0,0.2,72246192,2000,1200,1000,1000,0,0,0,0
1785436205.6612139,A2000_B1200,1,2000,1200,1.0,0.2,72264161,2000,1200,1000,1000,0,0,0,0
1785436205.6821232,A2000_B1200,1,2000,1200,1.0,0.2,72283630,2000,1200,1000,1000,0,0,0,0
1785436205.7049756,A2000_B1200,1,2000,1200,1.0,0.2,72306083,2000,1200,1000,1000,0,0,0,0
1785436205.7262576,A2000_B1200,1,2000,1200,1.0,0.2,72324053,2000,1200,1000,1000,0,0,0,0
1785436205.7420907,A2000_B1200,1,2000,1200,1.0,0.2,72343520,2000,1200,1000,1000,0,0,0,0
1785436205.763209,A2000_B1200,1,2000,1200,1.0,0.2,72364485,2000,1200,1000,1000,0,0,0,0
1785436205.7816396,A2000_B1200,1,2000,1200,1.0,0.2,72382552,2000,1200,1000,1000,0,0,0,0
1785436205.802124,A2000_B1200,1,2000,1200,1.0,0.2,72404965,2000,1200,1000,1000,0,0,0,0
1785436205.8269205,A2000_B1200,1,2000,1200,1.0,0.2,72425878,2000,1200,1000,1000,0,0,0,0
1785436205.842101,A2000_B1200,1,2000,1200,1.0,0.2,72445345,2000,1200,1000,1000,0,0,0,0
1785436205.8606195,A2000_B1200,1,2000,1200,1.0,0.2,72463304,2000,1200,1000,1000,0,0,0,0
1785436205.8811347,A2000_B1200,1,2000,1200,1.0,0.2,72482778,2000,1200,1000,1000,0,0,0,0
1785436205.902294,A2000_B1200,1,2000,1200,1.0,0.2,72505229,2000,1200,1000,1000,0,0,0,0
1785436205.9270082,A2000_B1200,1,2000,1200,1.0,0.2,72524747,2000,1200,1000,1000,0,0,0,0
1785436205.9416208,A2000_B1200,1,2000,1200,1.0,0.2,72542666,2000,1200,1000,1000,0,0,0,0
1785436205.9625854,A2000_B1200,1,2000,1200,1.0,0.2,72565125,2000,1200,1000,1000,0,0,0,0
1785436205.9849575,A2000_B1200,1,2000,1200,1.0,0.2,72586085,2000,1200,1000,1000,0,0,0,0
1785436206.0013287,A2000_B1200,1,2000,1200,1.0,0.2,72602564,2000,1200,1000,1000,0,0,0,0
1785436206.0247202,A2000_B1200,1,2000,1200,1.0,0.2,72625094,2000,1200,1000,1000,0,0,0,0
1785436206.044777,A2000_B1200,1,2000,1200,1.0,0.2,72646022,2000,1200,1000,1000,0,0,0,0
1785436206.0611553,A2000_B1200,1,2000,1200,1.0,0.2,72662454,2000,1200,1000,1000,0,0,0,0
1785436206.0826414,A2000_B1200,1,2000,1200,1.0,0.2,72684910,2000,1200,1000,1000,0,0,0,0
1785436206.1047518,A2000_B1200,1,2000,1200,1.0,0.2,72705871,2000,1200,1000,1000,0,0,0,0
1785436206.126098,A2000_B1200,1,2000,1200,1.0,0.2,72722365,2000,1200,1000,1000,0,0,0,0
1785436206.1442368,A2000_B1200,1,2000,1200,1.0,0.2,72744804,2000,1200,1000,1000,0,0,0,0
1785436206.161083,A2000_B1200,1,2000,1200,1.0,0.2,72762772,2000,1200,1000,1000,0,0,0,0
1785436206.1821349,A2000_B1200,1,2000,1200,1.0,0.2,72785234,2000,1200,1000,1000,0,0,0,0
1785436206.2057931,A2000_B1200,1,2000,1200,1.0,0.2,72807720,2000,1200,1000,1000,0,0,0,0
1785436206.229251,A2000_B1200,1,2000,1200,1.0,0.2,72827159,2000,1200,1000,1000,0,0,0,0
1785436206.2421064,A2000_B1200,1,2000,1200,1.0,0.2,72845124,2000,1200,1000,1000,0,0,0,0
1785436206.264761,A2000_B1200,1,2000,1200,1.0,0.2,72866090,2000,1200,1000,1000,0,0,0,0
1785436206.2810857,A2000_B1200,1,2000,1200,1.0,0.2,72882559,2000,1200,1000,1000,0,0,0,0
1785436206.3032281,A2000_B1200,1,2000,1200,1.0,0.2,72905020,2000,1200,1000,1000,0,0,0,0
1785436206.3268626,A2000_B1200,1,2000,1200,1.0,0.2,72925992,2000,1200,1000,1000,0,0,0,0
1785436206.3411002,A2000_B1200,1,2000,1200,1.0,0.2,72942450,2000,1200,1000,1000,0,0,0,0
1785436206.3621073,A2000_B1200,1,2000,1200,1.0,0.2,72964934,2000,1200,1000,1000,0,0,0,0
1785436206.3847928,A2000_B1200,1,2000,1200,1.0,0.2,72985878,2000,1200,1000,1000,0,0,0,0
1785436206.40112,A2000_B1200,1,2000,1200,1.0,0.2,73002370,2000,1200,1000,1000,0,0,0,0
1785436206.4243743,A2000_B1200,1,2000,1200,1.0,0.2,73024807,2000,1200,1000,1000,0,0,0,0
1785436206.444758,A2000_B1200,1,2000,1200,1.0,0.2,73045770,2000,1200,1000,1000,0,0,0,0
1785436206.461849,A2000_B1200,1,2000,1200,1.0,0.2,73065237,2000,1200,1000,1000,0,0,0,0
1785436206.4821188,A2000_B1200,1,2000,1200,1.0,0.2,73084699,2000,1200,1000,1000,0,0,0,0
1785436206.5047495,A2000_B1200,1,2000,1200,1.0,0.2,73105666,2000,1200,1000,1000,0,0,0,0
1785436206.5261598,A2000_B1200,1,2000,1200,1.0,0.2,73123724,2000,1200,1000,1000,0,0,0,0
1785436206.542146,A2000_B1200,1,2000,1200,1.0,0.2,73143098,2000,1200,1000,1000,0,0,0,0
1785436206.5657623,A2000_B1200,1,2000,1200,1.0,0.2,73165588,2000,1200,1000,1000,0,0,0,0
1785436206.5820847,A2000_B1200,1,2000,1200,1.0,0.2,73185024,2000,1200,1000,1000,0,0,0,0
1785436206.6048272,A2000_B1200,1,2000,1200,1.0,0.2,73206030,2000,1200,1000,1000,0,0,0,0
1785436206.626399,A2000_B1200,1,2000,1200,1.0,0.2,73222453,2000,1200,1000,1000,0,0,0,0
1785436206.6420884,A2000_B1200,1,2000,1200,1.0,0.2,73244915,2000,1200,1000,1000,0,0,0,0
1785436206.6648555,A2000_B1200,1,2000,1200,1.0,0.2,73265920,2000,1200,1000,1000,0,0,0,0
1785436206.6811957,A2000_B1200,1,2000,1200,1.0,0.2,73282351,2000,1200,1000,1000,0,0,0,0
1785436206.7021809,A2000_B1200,1,2000,1200,1.0,0.2,73304811,2000,1200,1000,1000,0,0,0,0
1785436206.7268956,A2000_B1200,1,2000,1200,1.0,0.2,73325819,2000,1200,1000,1000,0,0,0,0
1785436206.742136,A2000_B1200,1,2000,1200,1.0,0.2,73345328,2000,1200,1000,1000,0,0,0,0
1785436206.7651827,A2000_B1200,1,2000,1200,1.0,0.2,73364699,2000,1200,1000,1000,0,0,0,0
1785436206.7811108,A2000_B1200,1,2000,1200,1.0,0.2,73384162,2000,1200,1000,1000,0,0,0,0
1785436206.8020937,A2000_B1200,1,2000,1200,1.0,0.2,73403630,2000,1200,1000,1000,0,0,0,0
1785436206.8269207,A2000_B1200,1,2000,1200,1.0,0.2,73426092,2000,1200,1000,1000,0,0,0,0
1785436206.8416553,A2000_B1200,1,2000,1200,1.0,0.2,73444056,2000,1200,1000,1000,0,0,0,0
1785436206.8621085,A2000_B1200,1,2000,1200,1.0,0.2,73463525,2000,1200,1000,1000,0,0,0,0
1785436206.885098,A2000_B1200,1,2000,1200,1.0,0.2,73485983,2000,1200,1000,1000,0,0,0,0
1785436206.9021335,A2000_B1200,1,2000,1200,1.0,0.2,73503958,2000,1200,1000,1000,0,0,0,0
1785436206.9257681,A2000_B1200,1,2000,1200,1.0,0.2,73523418,2000,1200,1000,1000,0,0,0,0
1785436206.9411879,A2000_B1200,1,2000,1200,1.0,0.2,73544376,2000,1200,1000,1000,0,0,0,0
1785436206.96519,A2000_B1200,1,2000,1200,1.0,0.2,73566946,2000,1200,1000,1000,0,0,0,0
1785436206.9813244,A2000_B1200,1,2000,1200,1.0,0.2,73584839,2000,1200,1000,1000,0,0,0,0
1785436207.0049098,A2000_B1200,1,2000,1200,1.0,0.2,73604273,2000,1200,1000,1000,0,0,0,0
1785436207.0265465,A2000_B1200,1,2000,1200,1.0,0.2,73623736,2000,1200,1000,1000,0,0,0,0
1785436207.044802,A2000_B1200,1,2000,1200,1.0,0.2,73646195,2000,1200,1000,1000,0,0,0,0
1785436207.0622118,A2000_B1200,1,2000,1200,1.0,0.2,73664201,2000,1200,1000,1000,0,0,0,0
1785436207.08482,A2000_B1200,1,2000,1200,1.0,0.2,73686629,2000,1200,1000,1000,0,0,0,0
1785436207.101206,A2000_B1200,1,2000,1200,1.0,0.2,73704596,2000,1200,1000,1000,0,0,0,0
1785436207.1267054,A2000_B1200,1,2000,1200,1.0,0.2,73724059,2000,1200,1000,1000,0,0,0,0
1785436207.1421177,A2000_B1200,1,2000,1200,1.0,0.2,73743529,2000,1200,1000,1000,0,0,0,0
1785436207.164808,A2000_B1200,1,2000,1200,1.0,0.2,73765991,2000,1200,1000,1000,0,0,0,0
1785436207.1816504,A2000_B1200,1,2000,1200,1.0,0.2,73783958,2000,1200,1000,1000,0,0,0,0
1785436207.2021148,A2000_B1200,1,2000,1200,1.0,0.2,73803418,2000,1200,1000,1000,0,0,0,0
1785436207.2290888,A2000_B1200,1,2000,1200,1.0,0.2,73824417,2000,1200,1000,1000,0,0,0,0
1785436207.241697,A2000_B1200,1,2000,1200,1.0,0.2,73843857,2000,1200,1000,1000,0,0,0,0
1785436207.2622552,A2000_B1200,1,2000,1200,1.0,0.2,73864884,2000,1200,1000,1000,0,0,0,0
1785436207.2847774,A2000_B1200,1,2000,1200,1.0,0.2,73884278,2000,1200,1000,1000,0,0,0,0
1785436207.3012366,A2000_B1200,1,2000,1200,1.0,0.2,73903789,2000,1200,1000,1000,0,0,0,0
1785436207.3241873,A2000_B1200,1,2000,1200,1.0,0.2,73924786,2000,1200,1000,1000,0,0,0,0
1785436207.3447807,A2000_B1200,1,2000,1200,1.0,0.2,73944172,2000,1200,1000,1000,0,0,0,0
1785436207.3621142,A2000_B1200,1,2000,1200,1.0,0.2,73963640,2000,1200,1000,1000,0,0,0,0
1785436207.3848124,A2000_B1200,1,2000,1200,1.0,0.2,73986096,2000,1200,1000,1000,0,0,0,0
1785436207.4012814,A2000_B1200,1,2000,1200,1.0,0.2,74004064,2000,1200,1000,1000,0,0,0,0
1785436207.4247513,A2000_B1200,1,2000,1200,1.0,0.2,74023534,2000,1200,1000,1000,0,0,0,0
1785436207.444803,A2000_B1200,1,2000,1200,1.0,0.2,74045992,2000,1200,1000,1000,0,0,0,0
1785436207.461204,A2000_B1200,1,2000,1200,1.0,0.2,74063960,2000,1200,1000,1000,0,0,0,0
1785436207.482167,A2000_B1200,1,2000,1200,1.0,0.2,74083424,2000,1200,1000,1000,0,0,0,0
1785436207.5047965,A2000_B1200,1,2000,1200,1.0,0.2,74104429,2000,1200,1000,1000,0,0,0,0
1785436207.526275,A2000_B1200,1,2000,1200,1.0,0.2,74123853,2000,1200,1000,1000,0,0,0,0
1785436207.5449781,A2000_B1200,1,2000,1200,1.0,0.2,74146305,2000,1200,1000,1000,0,0,0,0
1785436207.5612223,A2000_B1200,1,2000,1200,1.0,0.2,74164323,2000,1200,1000,1000,0,0,0,0
1785436207.5821545,A2000_B1200,1,2000,1200,1.0,0.2,74183758,2000,1200,1000,1000,0,0,0,0
1785436207.603378,A2000_B1200,1,2000,1200,1.0,0.2,74206206,2000,1200,1000,1000,0,0,0,0
1785436207.6269033,A2000_B1200,1,2000,1200,1.0,0.2,74224218,2000,1200,1000,1000,0,0,0,0
1785436207.642093,A2000_B1200,1,2000,1200,1.0,0.2,74243638,2000,1200,1000,1000,0,0,0,0
1785436207.6652994,A2000_B1200,1,2000,1200,1.0,0.2,74266101,2000,1200,1000,1000,0,0,0,0
1785436207.681346,A2000_B1200,1,2000,1200,1.0,0.2,74284106,2000,1200,1000,1000,0,0,0,0
1785436207.702149,A2000_B1200,1,2000,1200,1.0,0.2,74303535,2000,1200,1000,1000,0,0,0,0
1785436207.7277727,A2000_B1200,1,2000,1200,1.0,0.2,74325990,2000,1200,1000,1000,0,0,0,0
1785436207.7421274,A2000_B1200,1,2000,1200,1.0,0.2,74344004,2000,1200,1000,1000,0,0,0,0
1785436207.7648122,A2000_B1200,1,2000,1200,1.0,0.2,74366459,2000,1200,1000,1000,0,0,0,0
1785436207.781227,A2000_B1200,1,2000,1200,1.0,0.2,74382891,2000,1200,1000,1000,0,0,0,0
1785436207.8021238,A2000_B1200,1,2000,1200,1.0,0.2,74405368,2000,1200,1000,1000,0,0,0,0
1785436207.82692,A2000_B1200,1,2000,1200,1.0,0.2,74424815,2000,1200,1000,1000,0,0,0,0
1785436207.845118,A2000_B1200,1,2000,1200,1.0,0.2,74445773,2000,1200,1000,1000,0,0,0,0
1785436207.861237,A2000_B1200,1,2000,1200,1.0,0.2,74462247,2000,1200,1000,1000,0,0,0,0
1785436207.8821733,A2000_B1200,1,2000,1200,1.0,0.2,74484705,2000,1200,1000,1000,0,0,0,0
1785436207.9018123,A2000_B1200,1,2000,1200,1.0,0.2,74502696,2000,1200,1000,1000,0,0,0,0
1785436207.9242098,A2000_B1200,1,2000,1200,1.0,0.2,74525141,2000,1200,1000,1000,0,0,0,0
1785436207.9448133,A2000_B1200,1,2000,1200,1.0,0.2,74544600,2000,1200,1000,1000,0,0,0,0
1785436207.9612203,A2000_B1200,1,2000,1200,1.0,0.2,74562565,2000,1200,1000,1000,0,0,0,0
1785436207.9823034,A2000_B1200,1,2000,1200,1.0,0.2,74585118,2000,1200,1000,1000,0,0,0,0
1785436208.0048473,A2000_B1200,1,2000,1200,1.0,0.2,74606045,2000,1200,1000,1000,0,0,0,0
1785436208.026509,A2000_B1200,1,2000,1200,1.0,0.2,74622465,2000,1200,1000,1000,0,0,0,0
1785436208.042167,A2000_B1200,1,2000,1200,1.0,0.2,74644925,2000,1200,1000,1000,0,0,0,0
1785436208.0648134,A2000_B1200,1,2000,1200,1.0,0.2,74665935,2000,1200,1000,1000,0,0,0,0
1785436208.0813873,A2000_B1200,1,2000,1200,1.0,0.2,74682374,2000,1200,1000,1000,0,0,0,0
1785436208.1021984,A2000_B1200,1,2000,1200,1.0,0.2,74704834,2000,1200,1000,1000,0,0,0,0
1785436208.1265743,A2000_B1200,1,2000,1200,1.0,0.2,74725826,2000,1200,1000,1000,0,0,0,0
1785436208.1417172,A2000_B1200,1,2000,1200,1.0,0.2,74742250,2000,1200,1000,1000,0,0,0,0
1785436208.1609833,A2000_B1200,1,2000,1200,1.0,0.2,74763253,2000,1200,1000,1000,0,0,0,0
1785436208.1812654,A2000_B1200,1,2000,1200,1.0,0.2,74782683,2000,1200,1000,1000,0,0,0,0
1785436208.2063086,A2000_B1200,1,2000,1200,1.0,0.2,74808179,2000,1200,1000,1000,0,0,0,0
1785436208.2266471,A2000_B1200,1,2000,1200,1.0,0.2,74824605,2000,1200,1000,1000,0,0,0,0
1785436208.24519,A2000_B1200,1,2000,1200,1.0,0.2,74847063,2000,1200,1000,1000,0,0,0,0
1785436208.2649882,A2000_B1200,1,2000,1200,1.0,0.2,74865030,2000,1200,1000,1000,0,0,0,0
1785436208.2832086,A2000_B1200,1,2000,1200,1.0,0.2,74885997,2000,1200,1000,1000,0,0,0,0
1785436208.3011758,A2000_B1200,1,2000,1200,1.0,0.2,74902466,2000,1200,1000,1000,0,0,0,0
1785436208.3243062,A2000_B1200,1,2000,1200,1.0,0.2,74924922,2000,1200,1000,1000,0,0,0,0
1785436208.346268,A2000_B1200,1,2000,1200,1.0,0.2,74947385,2000,1200,1000,1000,0,0,0,0
1785436208.3621378,A2000_B1200,1,2000,1200,1.0,0.2,74965396,2000,1200,1000,1000,0,0,0,0
1785436208.3848965,A2000_B1200,1,2000,1200,1.0,0.2,74984822,2000,1200,1000,1000,0,0,0,0
1785436208.4011624,A2000_B1200,1,2000,1200,1.0,0.2,75002832,2000,1200,1000,1000,0,0,0,0
1785436208.427056,A2000_B1200,1,2000,1200,1.0,0.2,75025287,2000,1200,1000,1000,0,0,0,0
1785436208.4421844,A2000_B1200,1,2000,1200,1.0,0.2,75044709,2000,1200,1000,1000,0,0,0,0
1785436208.4650128,A2000_B1200,1,2000,1200,1.0,0.2,75065674,2000,1200,1000,1000,0,0,0,0
1785436208.4811614,A2000_B1200,1,2000,1200,1.0,0.2,75082148,2000,1200,1000,1000,0,0,0,0
1785436208.5049162,A2000_B1200,1,2000,1200,1.0,0.2,75104666,2000,1200,1000,1000,0,0,0,0
1785436208.5262184,A2000_B1200,1,2000,1200,1.0,0.2,75122620,2000,1200,1000,1000,0,0,0,0
1785436208.5436404,A2000_B1200,1,2000,1200,1.0,0.2,75145073,2000,1200,1000,1000,0,0,0,0
1785436208.564824,A2000_B1200,1,2000,1200,1.0,0.2,75166002,2000,1200,1000,1000,0,0,0,0
1785436208.5811489,A2000_B1200,1,2000,1200,1.0,0.2,75182506,2000,1200,1000,1000,0,0,0,0
1785436208.6043315,A2000_B1200,1,2000,1200,1.0,0.2,75204971,2000,1200,1000,1000,0,0,0,0
1785436208.6269593,A2000_B1200,1,2000,1200,1.0,0.2,75225891,2000,1200,1000,1000,0,0,0,0
1785436208.641212,A2000_B1200,1,2000,1200,1.0,0.2,75242405,2000,1200,1000,1000,0,0,0,0
1785436208.663536,A2000_B1200,1,2000,1200,1.0,0.2,75264865,2000,1200,1000,1000,0,0,0,0
1785436208.684841,A2000_B1200,1,2000,1200,1.0,0.2,75285788,2000,1200,1000,1000,0,0,0,0
1785436208.7011778,A2000_B1200,1,2000,1200,1.0,0.2,75302297,2000,1200,1000,1000,0,0,0,0
1785436208.72446,A2000_B1200,1,2000,1200,1.0,0.2,75324784,2000,1200,1000,1000,0,0,0,0
1785436208.7411575,A2000_B1200,1,2000,1200,1.0,0.2,75342685,2000,1200,1000,1000,0,0,0,0
1785436208.7634163,A2000_B1200,1,2000,1200,1.0,0.2,75365138,2000,1200,1000,1000,0,0,0,0
1785436208.7848387,A2000_B1200,1,2000,1200,1.0,0.2,75383105,2000,1200,1000,1000,0,0,0,0
1785436208.8012002,A2000_B1200,1,2000,1200,1.0,0.2,75404067,2000,1200,1000,1000,0,0,0,0
1785436208.8244576,A2000_B1200,1,2000,1200,1.0,0.2,75423553,2000,1200,1000,1000,0,0,0,0
1785436208.8451233,A2000_B1200,1,2000,1200,1.0,0.2,75445996,2000,1200,1000,1000,0,0,0,0
1785436208.861459,A2000_B1200,1,2000,1200,1.0,0.2,75463968,2000,1200,1000,1000,0,0,0,0
1785436208.8821552,A2000_B1200,1,2000,1200,1.0,0.2,75483437,2000,1200,1000,1000,0,0,0,0
1785436208.9048457,A2000_B1200,1,2000,1200,1.0,0.2,75505886,2000,1200,1000,1000,0,0,0,0
1785436208.9262083,A2000_B1200,1,2000,1200,1.0,0.2,75523860,2000,1200,1000,1000,0,0,0,0
1785436208.9421709,A2000_B1200,1,2000,1200,1.0,0.2,75543327,2000,1200,1000,1000,0,0,0,0
1785436208.9648216,A2000_B1200,1,2000,1200,1.0,0.2,75564330,2000,1200,1000,1000,0,0,0,0
1785436208.9814556,A2000_B1200,1,2000,1200,1.0,0.2,75583756,2000,1200,1000,1000,0,0,0,0
1785436209.0021667,A2000_B1200,1,2000,1200,1.0,0.2,75604714,2000,1200,1000,1000,0,0,0,0
1785436209.0272033,A2000_B1200,1,2000,1200,1.0,0.2,75624232,2000,1200,1000,1000,0,0,0,0
1785436209.0413375,A2000_B1200,1,2000,1200,1.0,0.2,75643648,2000,1200,1000,1000,0,0,0,0
1785436209.0623527,A2000_B1200,1,2000,1200,1.0,0.2,75664608,2000,1200,1000,1000,0,0,0,0
1785436209.0811934,A2000_B1200,1,2000,1200,1.0,0.2,75684119,2000,1200,1000,1000,0,0,0,0
1785436209.104843,A2000_B1200,1,2000,1200,1.0,0.2,75706581,2000,1200,1000,1000,0,0,0,0
1785436209.126264,A2000_B1200,1,2000,1200,1.0,0.2,75724507,2000,1200,1000,1000,0,0,0,0
1785436209.1446989,A2000_B1200,1,2000,1200,1.0,0.2,75744011,2000,1200,1000,1000,0,0,0,0
1785436209.1634748,A2000_B1200,1,2000,1200,1.0,0.2,75763430,2000,1200,1000,1000,0,0,0,0
1785436209.1848764,A2000_B1200,1,2000,1200,1.0,0.2,75785888,2000,1200,1000,1000,0,0,0,0
1785436209.2012064,A2000_B1200,1,2000,1200,1.0,0.2,75803973,2000,1200,1000,1000,0,0,0,0
1785436209.2275395,A2000_B1200,1,2000,1200,1.0,0.2,75826376,2000,1200,1000,1000,0,0,0,0
1785436209.244858,A2000_B1200,1,2000,1200,1.0,0.2,75845836,2000,1200,1000,1000,0,0,0,0
1785436209.2611847,A2000_B1200,1,2000,1200,1.0,0.2,75863800,2000,1200,1000,1000,0,0,0,0
1785436209.2821841,A2000_B1200,1,2000,1200,1.0,0.2,75884719,2000,1200,1000,1000,0,0,0,0
1785436209.304852,A2000_B1200,1,2000,1200,1.0,0.2,75904180,2000,1200,1000,1000,0,0,0,0
1785436209.3273985,A2000_B1300,1,2000,1300,1.0,0.3,75926649,2000,1300,1000,1000,0,0,0,0
1785436209.3411722,A2000_B1300,1,2000,1300,1.0,0.3,75944611,2000,1300,1000,1000,0,0,0,0
1785436209.3621738,A2000_B1300,1,2000,1300,1.0,0.3,75964078,2000,1300,1000,1000,0,0,0,0
1785436209.3848464,A2000_B1300,1,2000,1300,1.0,0.3,75986535,2000,1300,1000,1000,0,0,0,0
1785436209.4011722,A2000_B1300,1,2000,1300,1.0,0.3,76004507,2000,1300,1000,1000,0,0,0,0
1785436209.4245777,A2000_B1300,1,2000,1300,1.0,0.3,76023971,2000,1300,1000,1000,0,0,0,0
1785436209.442218,A2000_B1300,1,2000,1300,1.0,0.3,76043482,2000,1300,1000,1000,0,0,0,0
1785436209.4648361,A2000_B1300,1,2000,1300,1.0,0.3,76065936,2000,1300,1000,1000,0,0,0,0
1785436209.4811864,A2000_B1300,1,2000,1300,1.0,0.3,76083862,2000,1300,1000,1000,0,0,0,0
1785436209.502289,A2000_B1300,1,2000,1300,1.0,0.3,76103375,2000,1300,1000,1000,0,0,0,0
1785436209.527555,A2000_B1300,1,2000,1300,1.0,0.3,76125833,2000,1300,1000,1000,0,0,0,0
1785436209.54118,A2000_B1300,1,2000,1300,1.0,0.3,76143771,2000,1300,1000,1000,0,0,0,0
1785436209.5635333,A2000_B1300,1,2000,1300,1.0,0.3,76166221,2000,1300,1000,1000,0,0,0,0
1785436209.5848398,A2000_B1300,1,2000,1300,1.0,0.3,76184188,2000,1300,1000,1000,0,0,0,0
1785436209.601237,A2000_B1300,1,2000,1300,1.0,0.3,76203646,2000,1300,1000,1000,0,0,0,0
1785436209.627003,A2000_B1300,1,2000,1300,1.0,0.3,76226117,2000,1300,1000,1000,0,0,0,0
1785436209.641967,A2000_B1300,1,2000,1300,1.0,0.3,76244081,2000,1300,1000,1000,0,0,0,0
1785436209.662234,A2000_B1300,1,2000,1300,1.0,0.3,76263538,2000,1300,1000,1000,0,0,0,0
1785436209.6848936,A2000_B1300,1,2000,1300,1.0,0.3,76286006,2000,1300,1000,1000,0,0,0,0
1785436209.7012584,A2000_B1300,1,2000,1300,1.0,0.3,76303976,2000,1300,1000,1000,0,0,0,0
1785436209.7246814,A2000_B1300,1,2000,1300,1.0,0.3,76323530,2000,1300,1000,1000,0,0,0,0
1785436209.740805,A2000_B1300,1,2000,1300,1.0,0.3,76341411,2000,1300,1000,1000,0,0,0,0
1785436209.7622259,A2000_B1300,1,2000,1300,1.0,0.3,76363908,2000,1300,1000,1000,0,0,0,0
1785436209.7808642,A2000_B1300,1,2000,1300,1.0,0.3,76383331,2000,1300,1000,1000,0,0,0,0
1785436209.801229,A2000_B1300,1,2000,1300,1.0,0.3,76402841,2000,1300,1000,1000,0,0,0,0
1785436209.8251216,A2000_B1300,1,2000,1300,1.0,0.3,76425297,2000,1300,1000,1000,0,0,0,0
1785436209.8453193,A2000_B1300,1,2000,1300,1.0,0.3,76444719,2000,1300,1000,1000,0,0,0,0
1785436209.8612282,A2000_B1300,1,2000,1300,1.0,0.3,76462737,2000,1300,1000,1000,0,0,0,0
1785436209.8822997,A2000_B1300,1,2000,1300,1.0,0.3,76485189,2000,1300,1000,1000,0,0,0,0
1785436209.9048793,A2000_B1300,1,2000,1300,1.0,0.3,76504612,2000,1300,1000,1000,0,0,0,0
1785436209.9263635,A2000_B1300,1,2000,1300,1.0,0.3,76522627,2000,1300,1000,1000,0,0,0,0
1785436209.9422712,A2000_B1300,1,2000,1300,1.0,0.3,76545142,2000,1300,1000,1000,0,0,0,0
1785436209.9649339,A2000_B1300,1,2000,1300,1.0,0.3,76564506,2000,1300,1000,1000,0,0,0,0
1785436209.9812167,A2000_B1300,1,2000,1300,1.0,0.3,76582521,2000,1300,1000,1000,0,0,0,0
1785436210.0022,A2000_B1300,1,2000,1300,1.0,0.3,76604982,2000,1300,1000,1000,0,0,0,0
1785436210.0269945,A2000_B1300,1,2000,1300,1.0,0.3,76625893,2000,1300,1000,1000,0,0,0,0
1785436210.0412583,A2000_B1300,1,2000,1300,1.0,0.3,76642417,2000,1300,1000,1000,0,0,0,0
1785436210.0623171,A2000_B1300,1,2000,1300,1.0,0.3,76664876,2000,1300,1000,1000,0,0,0,0
1785436210.084882,A2000_B1300,1,2000,1300,1.0,0.3,76685801,2000,1300,1000,1000,0,0,0,0
1785436210.101288,A2000_B1300,1,2000,1300,1.0,0.3,76702310,2000,1300,1000,1000,0,0,0,0
1785436210.1242752,A2000_B1300,1,2000,1300,1.0,0.3,76724764,2000,1300,1000,1000,0,0,0,0
1785436210.1468892,A2000_B1300,1,2000,1300,1.0,0.3,76747231,2000,1300,1000,1000,0,0,0,0
1785436210.164954,A2000_B1300,1,2000,1300,1.0,0.3,76765151,2000,1300,1000,1000,0,0,0,0
1785436210.1816192,A2000_B1300,1,2000,1300,1.0,0.3,76784656,2000,1300,1000,1000,0,0,0,0
1785436210.2050376,A2000_B1300,1,2000,1300,1.0,0.3,76807128,2000,1300,1000,1000,0,0,0,0
1785436210.2277908,A2000_B1300,1,2000,1300,1.0,0.3,76825046,2000,1300,1000,1000,0,0,0,0
1785436210.242359,A2000_B1300,1,2000,1300,1.0,0.3,76844552,2000,1300,1000,1000,0,0,0,0
1785436210.2661767,A2000_B1300,1,2000,1300,1.0,0.3,76867018,2000,1300,1000,1000,0,0,0,0
1785436210.2822905,A2000_B1300,1,2000,1300,1.0,0.3,76884944,2000,1300,1000,1000,0,0,0,0
1785436210.304931,A2000_B1300,1,2000,1300,1.0,0.3,76905896,2000,1300,1000,1000,0,0,0,0
1785436210.326289,A2000_B1300,1,2000,1300,1.0,0.3,76922370,2000,1300,1000,1000,0,0,0,0
1785436210.342207,A2000_B1300,1,2000,1300,1.0,0.3,76944842,2000,1300,1000,1000,0,0,0,0
1785436210.36073,A2000_B1300,1,2000,1300,1.0,0.3,76962842,2000,1300,1000,1000,0,0,0,0
1785436210.3812475,A2000_B1300,1,2000,1300,1.0,0.3,76982265,2000,1300,1000,1000,0,0,0,0
1785436210.4048815,A2000_B1300,1,2000,1300,1.0,0.3,77004729,2000,1300,1000,1000,0,0,0,0
1785436210.426498,A2000_B1300,1,2000,1300,1.0,0.3,77022694,2000,1300,1000,1000,0,0,0,0
1785436210.4435108,A2000_B1300,1,2000,1300,1.0,0.3,77045149,2000,1300,1000,1000,0,0,0,0
1785436210.4648962,A2000_B1300,1,2000,1300,1.0,0.3,77064691,2000,1300,1000,1000,0,0,0,0
1785436210.4812756,A2000_B1300,1,2000,1300,1.0,0.3,77082589,2000,1300,1000,1000,0,0,0,0
1785436210.5022168,A2000_B1300,1,2000,1300,1.0,0.3,77105043,2000,1300,1000,1000,0,0,0,0
1785436210.5258634,A2000_B1300,1,2000,1300,1.0,0.3,77124518,2000,1300,1000,1000,0,0,0,0
1785436210.5412552,A2000_B1300,1,2000,1300,1.0,0.3,77142484,2000,1300,1000,1000,0,0,0,0
1785436210.56221,A2000_B1300,1,2000,1300,1.0,0.3,77164943,2000,1300,1000,1000,0,0,0,0
1785436210.5850933,A2000_B1300,1,2000,1300,1.0,0.3,77185902,2000,1300,1000,1000,0,0,0,0
1785436210.6013086,A2000_B1300,1,2000,1300,1.0,0.3,77202376,2000,1300,1000,1000,0,0,0,0
1785436210.6269948,A2000_B1300,1,2000,1300,1.0,0.3,77224835,2000,1300,1000,1000,0,0,0,0
1785436210.6449115,A2000_B1300,1,2000,1300,1.0,0.3,77245800,2000,1300,1000,1000,0,0,0,0
1785436210.6612105,A2000_B1300,1,2000,1300,1.0,0.3,77262270,2000,1300,1000,1000,0,0,0,0
1785436210.6823108,A2000_B1300,1,2000,1300,1.0,0.3,77284724,2000,1300,1000,1000,0,0,0,0
1785436210.7017958,A2000_B1300,1,2000,1300,1.0,0.3,77302691,2000,1300,1000,1000,0,0,0,0
1785436210.7242868,A2000_B1300,1,2000,1300,1.0,0.3,77325151,2000,1300,1000,1000,0,0,0,0
1785436210.7448916,A2000_B1300,1,2000,1300,1.0,0.3,77344619,2000,1300,1000,1000,0,0,0,0
1785436210.761509,A2000_B1300,1,2000,1300,1.0,0.3,77362640,2000,1300,1000,1000,0,0,0,0
1785436210.7822235,A2000_B1300,1,2000,1300,1.0,0.3,77385044,2000,1300,1000,1000,0,0,0,0
1785436210.8052027,A2000_B1300,1,2000,1300,1.0,0.3,77406060,2000,1300,1000,1000,0,0,0,0
1785436210.824524,A2000_B1300,1,2000,1300,1.0,0.3,77423988,2000,1300,1000,1000,0,0,0,0
1785436210.8459804,A2000_B1300,1,2000,1300,1.0,0.3,77446478,2000,1300,1000,1000,0,0,0,0
1785436210.8623884,A2000_B1300,1,2000,1300,1.0,0.3,77464404,2000,1300,1000,1000,0,0,0,0
1785436210.8813696,A2000_B1300,1,2000,1300,1.0,0.3,77483882,2000,1300,1000,1000,0,0,0,0
1785436210.9022973,A2000_B1300,1,2000,1300,1.0,0.3,77503387,2000,1300,1000,1000,0,0,0,0
1785436210.926491,A2000_B1300,1,2000,1300,1.0,0.3,77524295,2000,1300,1000,1000,0,0,0,0
1785436210.9422483,A2000_B1300,1,2000,1300,1.0,0.3,77543768,2000,1300,1000,1000,0,0,0,0
1785436210.9613428,A2000_B1300,1,2000,1300,1.0,0.3,77563312,2000,1300,1000,1000,0,0,0,0
1785436210.9822512,A2000_B1300,1,2000,1300,1.0,0.3,77585740,2000,1300,1000,1000,0,0,0,0
1785436211.0049613,A2000_B1300,1,2000,1300,1.0,0.3,77606650,2000,1300,1000,1000,0,0,0,0
1785436211.0265532,A2000_B1300,1,2000,1300,1.0,0.3,77624619,2000,1300,1000,1000,0,0,0,0
1785436211.0450394,A2000_B1300,1,2000,1300,1.0,0.3,77644089,2000,1300,1000,1000,0,0,0,0
1785436211.0622752,A2000_B1300,1,2000,1300,1.0,0.3,77663555,2000,1300,1000,1000,0,0,0,0
1785436211.0849113,A2000_B1300,1,2000,1300,1.0,0.3,77686010,2000,1300,1000,1000,0,0,0,0
1785436211.1013486,A2000_B1300,1,2000,1300,1.0,0.3,77703985,2000,1300,1000,1000,0,0,0,0
1785436211.1269977,A2000_B1300,1,2000,1300,1.0,0.3,77726438,2000,1300,1000,1000,0,0,0,0
1785436211.1413717,A2000_B1300,1,2000,1300,1.0,0.3,77744404,2000,1300,1000,1000,0,0,0,0
1785436211.1613402,A2000_B1300,1,2000,1300,1.0,0.3,77763885,2000,1300,1000,1000,0,0,0,0
1785436211.1826284,A2000_B1300,1,2000,1300,1.0,0.3,77783344,2000,1300,1000,1000,0,0,0,0
1785436211.2049499,A2000_B1300,1,2000,1300,1.0,0.3,77805858,2000,1300,1000,1000,0,0,0,0
1785436211.22847,A2000_B1300,1,2000,1300,1.0,0.3,77823767,2000,1300,1000,1000,0,0,0,0
1785436211.2422516,A2000_B1300,1,2000,1300,1.0,0.3,77843239,2000,1300,1000,1000,0,0,0,0
1785436211.2649622,A2000_B1300,1,2000,1300,1.0,0.3,77864196,2000,1300,1000,1000,0,0,0,0
1785436211.2849634,A2000_B1300,1,2000,1300,1.0,0.3,77886683,2000,1300,1000,1000,0,0,0,0
1785436211.3013523,A2000_B1300,1,2000,1300,1.0,0.3,77904622,2000,1300,1000,1000,0,0,0,0
1785436211.3267138,A2000_B1300,1,2000,1300,1.0,0.3,77924089,2000,1300,1000,1000,0,0,0,0
1785436211.3449292,A2000_B1300,1,2000,1300,1.0,0.3,77946546,2000,1300,1000,1000,0,0,0,0
1785436211.3623648,A2000_B1300,1,2000,1300,1.0,0.3,77964517,2000,1300,1000,1000,0,0,0,0
1785436211.3849673,A2000_B1300,1,2000,1300,1.0,0.3,77983984,2000,1300,1000,1000,0,0,0,0
1785436211.4012878,A2000_B1300,1,2000,1300,1.0,0.3,78003445,2000,1300,1000,1000,0,0,0,0
1785436211.4246688,A2000_B1300,1,2000,1300,1.0,0.3,78025907,2000,1300,1000,1000,0,0,0,0
1785436211.4412339,A2000_B1300,1,2000,1300,1.0,0.3,78043884,2000,1300,1000,1000,0,0,0,0
1785436211.4622748,A2000_B1300,1,2000,1300,1.0,0.3,78063344,2000,1300,1000,1000,0,0,0,0
1785436211.4849262,A2000_B1300,1,2000,1300,1.0,0.3,78085804,2000,1300,1000,1000,0,0,0,0
1785436211.5012474,A2000_B1300,1,2000,1300,1.0,0.3,78103797,2000,1300,1000,1000,0,0,0,0
1785436211.5270252,A2000_B1300,1,2000,1300,1.0,0.3,78126230,2000,1300,1000,1000,0,0,0,0
1785436211.5412931,A2000_B1300,1,2000,1300,1.0,0.3,78144195,2000,1300,1000,1000,0,0,0,0
1785436211.5622566,A2000_B1300,1,2000,1300,1.0,0.3,78163663,2000,1300,1000,1000,0,0,0,0
1785436211.5849628,A2000_B1300,1,2000,1300,1.0,0.3,78186126,2000,1300,1000,1000,0,0,0,0
1785436211.6022527,A2000_B1300,1,2000,1300,1.0,0.3,78204124,2000,1300,1000,1000,0,0,0,0
1785436211.627136,A2000_B1300,1,2000,1300,1.0,0.3,78226556,2000,1300,1000,1000,0,0,0,0
1785436211.6413698,A2000_B1300,1,2000,1300,1.0,0.3,78244576,2000,1300,1000,1000,0,0,0,0
1785436211.662364,A2000_B1300,1,2000,1300,1.0,0.3,78263992,2000,1300,1000,1000,0,0,0,0
1785436211.6813967,A2000_B1300,1,2000,1300,1.0,0.3,78283450,2000,1300,1000,1000,0,0,0,0
1785436211.705228,A2000_B1300,1,2000,1300,1.0,0.3,78305908,2000,1300,1000,1000,0,0,0,0
1785436211.7263849,A2000_B1300,1,2000,1300,1.0,0.3,78323884,2000,1300,1000,1000,0,0,0,0
1785436211.7422428,A2000_B1300,1,2000,1300,1.0,0.3,78343343,2000,1300,1000,1000,0,0,0,0
1785436211.7649531,A2000_B1300,1,2000,1300,1.0,0.3,78365809,2000,1300,1000,1000,0,0,0,0
1785436211.7813995,A2000_B1300,1,2000,1300,1.0,0.3,78383771,2000,1300,1000,1000,0,0,0,0
1785436211.802257,A2000_B1300,1,2000,1300,1.0,0.3,78401786,2000,1300,1000,1000,0,0,0,0
1785436211.8273165,A2000_B1300,1,2000,1300,1.0,0.3,78425697,2000,1300,1000,1000,0,0,0,0
1785436211.8414354,A2000_B1300,1,2000,1300,1.0,0.3,78442182,2000,1300,1000,1000,0,0,0,0
1785436211.8634436,A2000_B1300,1,2000,1300,1.0,0.3,78464625,2000,1300,1000,1000,0,0,0,0
1785436211.8815446,A2000_B1300,1,2000,1300,1.0,0.3,78482597,2000,1300,1000,1000,0,0,0,0
1785436211.902254,A2000_B1300,1,2000,1300,1.0,0.3,78505077,2000,1300,1000,1000,0,0,0,0
1785436211.9270658,A2000_B1300,1,2000,1300,1.0,0.3,78524521,2000,1300,1000,1000,0,0,0,0
1785436211.941967,A2000_B1300,1,2000,1300,1.0,0.3,78545494,2000,1300,1000,1000,0,0,0,0
1785436211.9622648,A2000_B1300,1,2000,1300,1.0,0.3,78564988,2000,1300,1000,1000,0,0,0,0
1785436211.9849112,A2000_B1300,1,2000,1300,1.0,0.3,78585925,2000,1300,1000,1000,0,0,0,0
1785436212.0014544,A2000_B1300,1,2000,1300,1.0,0.3,78602419,2000,1300,1000,1000,0,0,0,0
1785436212.0245366,A2000_B1300,1,2000,1300,1.0,0.3,78624843,2000,1300,1000,1000,0,0,0,0
1785436212.0449202,A2000_B1300,1,2000,1300,1.0,0.3,78645812,2000,1300,1000,1000,0,0,0,0
1785436212.0614097,A2000_B1300,1,2000,1300,1.0,0.3,78662277,2000,1300,1000,1000,0,0,0,0
1785436212.0823627,A2000_B1300,1,2000,1300,1.0,0.3,78684738,2000,1300,1000,1000,0,0,0,0
1785436212.105719,A2000_B1300,1,2000,1300,1.0,0.3,78707200,2000,1300,1000,1000,0,0,0,0
1785436212.1266565,A2000_B1300,1,2000,1300,1.0,0.3,78725166,2000,1300,1000,1000,0,0,0,0
1785436212.1422753,A2000_B1300,1,2000,1300,1.0,0.3,78744629,2000,1300,1000,1000,0,0,0,0
1785436212.165104,A2000_B1300,1,2000,1300,1.0,0.3,78765598,2000,1300,1000,1000,0,0,0,0
1785436212.1854768,A2000_B1300,1,2000,1300,1.0,0.3,78785061,2000,1300,1000,1000,0,0,0,0
1785436212.2063613,A2000_B1300,1,2000,1300,1.0,0.3,78807526,2000,1300,1000,1000,0,0,0,0
1785436212.2274182,A2000_B1300,1,2000,1300,1.0,0.3,78825494,2000,1300,1000,1000,0,0,0,0
1785436212.2449484,A2000_B1300,1,2000,1300,1.0,0.3,78844976,2000,1300,1000,1000,0,0,0,0
1785436212.2623587,A2000_B1300,1,2000,1300,1.0,0.3,78862923,2000,1300,1000,1000,0,0,0,0
1785436212.2850347,A2000_B1300,1,2000,1300,1.0,0.3,78885386,2000,1300,1000,1000,0,0,0,0
1785436212.3033805,A2000_B1300,1,2000,1300,1.0,0.3,78904848,2000,1300,1000,1000,0,0,0,0
1785436212.3281436,A2000_B1300,1,2000,1300,1.0,0.3,78925852,2000,1300,1000,1000,0,0,0,0
1785436212.3417187,A2000_B1300,1,2000,1300,1.0,0.3,78942277,2000,1300,1000,1000,0,0,0,0
1785436212.3649457,A2000_B1300,1,2000,1300,1.0,0.3,78964744,2000,1300,1000,1000,0,0,0,0
1785436212.381264,A2000_B1300,1,2000,1300,1.0,0.3,78982710,2000,1300,1000,1000,0,0,0,0
1785436212.4057913,A2000_B1300,1,2000,1300,1.0,0.3,79005190,2000,1300,1000,1000,0,0,0,0
1785436212.4257984,A2000_B1300,1,2000,1300,1.0,0.3,79024719,2000,1300,1000,1000,0,0,0,0
1785436212.4423828,A2000_B1300,1,2000,1300,1.0,0.3,79045650,2000,1300,1000,1000,0,0,0,0
1785436212.4649265,A2000_B1300,1,2000,1300,1.0,0.3,79065064,2000,1300,1000,1000,0,0,0,0
1785436212.4822922,A2000_B1300,1,2000,1300,1.0,0.3,79084554,2000,1300,1000,1000,0,0,0,0
1785436212.5012736,A2000_B1300,1,2000,1300,1.0,0.3,79102493,2000,1300,1000,1000,0,0,0,0
1785436212.525662,A2000_B1300,1,2000,1300,1.0,0.3,79124982,2000,1300,1000,1000,0,0,0,0
1785436212.5449486,A2000_B1300,1,2000,1300,1.0,0.3,79145919,2000,1300,1000,1000,0,0,0,0
1785436212.5618684,A2000_B1300,1,2000,1300,1.0,0.3,79162389,2000,1300,1000,1000,0,0,0,0
1785436212.5823894,A2000_B1300,1,2000,1300,1.0,0.3,79184852,2000,1300,1000,1000,0,0,0,0
1785436212.6049442,A2000_B1300,1,2000,1300,1.0,0.3,79205812,2000,1300,1000,1000,0,0,0,0
1785436212.6265407,A2000_B1300,1,2000,1300,1.0,0.3,79222279,2000,1300,1000,1000,0,0,0,0
1785436212.6423805,A2000_B1300,1,2000,1300,1.0,0.3,79244744,2000,1300,1000,1000,0,0,0,0
1785436212.6650553,A2000_B1300,1,2000,1300,1.0,0.3,79267262,2000,1300,1000,1000,0,0,0,0
1785436212.681356,A2000_B1300,1,2000,1300,1.0,0.3,79282182,2000,1300,1000,1000,0,0,0,0
1785436212.7024999,A2000_B1300,1,2000,1300,1.0,0.3,79304637,2000,1300,1000,1000,0,0,0,0
1785436212.727092,A2000_B1300,1,2000,1300,1.0,0.3,79327097,2000,1300,1000,1000,0,0,0,0
1785436212.746093,A2000_B1300,1,2000,1300,1.0,0.3,79345107,2000,1300,1000,1000,0,0,0,0
1785436212.7659678,A2000_B1300,1,2000,1300,1.0,0.3,79367571,2000,1300,1000,1000,0,0,0,0
1785436212.782308,A2000_B1300,1,2000,1300,1.0,0.3,79385492,2000,1300,1000,1000,0,0,0,0
1785436212.805897,A2000_B1300,1,2000,1300,1.0,0.3,79405004,2000,1300,1000,1000,0,0,0,0
1785436212.8277438,A2000_B1300,1,2000,1300,1.0,0.3,79425936,2000,1300,1000,1000,0,0,0,0
1785436212.8454282,A2000_B1300,1,2000,1300,1.0,0.3,79446884,2000,1300,1000,1000,0,0,0,0
1785436212.8613067,A2000_B1300,1,2000,1300,1.0,0.3,79463351,2000,1300,1000,1000,0,0,0,0
1785436212.885175,A2000_B1300,1,2000,1300,1.0,0.3,79485820,2000,1300,1000,1000,0,0,0,0
1785436212.9027324,A2000_B1300,1,2000,1300,1.0,0.3,79503782,2000,1300,1000,1000,0,0,0,0
1785436212.9270535,A2000_B1300,1,2000,1300,1.0,0.3,79526241,2000,1300,1000,1000,0,0,0,0
1785436212.9414937,A2000_B1300,1,2000,1300,1.0,0.3,79544281,2000,1300,1000,1000,0,0,0,0
1785436212.9649608,A2000_B1300,1,2000,1300,1.0,0.3,79566667,2000,1300,1000,1000,0,0,0,0
1785436212.9812844,A2000_B1300,1,2000,1300,1.0,0.3,79583138,2000,1300,1000,1000,0,0,0,0
1785436213.0047297,A2000_B1300,1,2000,1300,1.0,0.3,79604125,2000,1300,1000,1000,0,0,0,0
1785436213.0272763,A2000_B1300,1,2000,1300,1.0,0.3,79626563,2000,1300,1000,1000,0,0,0,0
1785436213.0449457,A2000_B1300,1,2000,1300,1.0,0.3,79646034,2000,1300,1000,1000,0,0,0,0
1785436213.061284,A2000_B1300,1,2000,1300,1.0,0.3,79664003,2000,1300,1000,1000,0,0,0,0
1785436213.0833564,A2000_B1300,1,2000,1300,1.0,0.3,79683480,2000,1300,1000,1000,0,0,0,0
1785436213.1023037,A2000_B1300,1,2000,1300,1.0,0.3,79704469,2000,1300,1000,1000,0,0,0,0
1785436213.1263406,A2000_B1300,1,2000,1300,1.0,0.3,79723900,2000,1300,1000,1000,0,0,0,0
1785436213.1423995,A2000_B1300,1,2000,1300,1.0,0.3,79743359,2000,1300,1000,1000,0,0,0,0
1785436213.1650205,A2000_B1300,1,2000,1300,1.0,0.3,79765897,2000,1300,1000,1000,0,0,0,0
1785436213.1814826,A2000_B1300,1,2000,1300,1.0,0.3,79783789,2000,1300,1000,1000,0,0,0,0
1785436213.2023883,A2000_B1300,1,2000,1300,1.0,0.3,79803250,2000,1300,1000,1000,0,0,0,0
1785436213.229253,A2000_B1300,1,2000,1300,1.0,0.3,79825717,2000,1300,1000,1000,0,0,0,0
1785436213.2413034,A2000_B1300,1,2000,1300,1.0,0.3,79843680,2000,1300,1000,1000,0,0,0,0
1785436213.262341,A2000_B1300,1,2000,1300,1.0,0.3,79863157,2000,1300,1000,1000,0,0,0,0
1785436213.2850165,A2000_B1300,1,2000,1300,1.0,0.3,79884151,2000,1300,1000,1000,0,0,0,0
1785436213.3014193,A2000_B1300,1,2000,1300,1.0,0.3,79903579,2000,1300,1000,1000,0,0,0,0
1785436213.3264525,A2000_B1400,1,2000,1400,1.0,0.4,79924537,2000,1300,1000,1000,0,0,0,0
1785436213.3423383,A2000_B1400,1,2000,1400,1.0,0.4,79944050,2000,1400,1000,1000,0,0,0,0
1785436213.3662548,A2000_B1400,1,2000,1400,1.0,0.4,79966562,2000,1400,1000,1000,0,0,0,0
1785436213.3852036,A2000_B1400,1,2000,1400,1.0,0.4,79985925,2000,1400,1000,1000,0,0,0,0
1785436213.4013789,A2000_B1400,1,2000,1400,1.0,0.4,80003946,2000,1400,1000,1000,0,0,0,0
1785436213.4245925,A2000_B1400,1,2000,1400,1.0,0.4,80023362,2000,1400,1000,1000,0,0,0,0
1785436213.4449754,A2000_B1400,1,2000,1400,1.0,0.4,80045838,2000,1400,1000,1000,0,0,0,0
1785436213.4613316,A2000_B1400,1,2000,1400,1.0,0.4,80063837,2000,1400,1000,1000,0,0,0,0
1785436213.483632,A2000_B1400,1,2000,1400,1.0,0.4,80083258,2000,1400,1000,1000,0,0,0,0
1785436213.5049746,A2000_B1400,1,2000,1400,1.0,0.4,80105712,2000,1400,1000,1000,0,0,0,0
1785436213.5263703,A2000_B1400,1,2000,1400,1.0,0.4,80123728,2000,1400,1000,1000,0,0,0,0
1785436213.542304,A2000_B1400,1,2000,1400,1.0,0.4,80143152,2000,1400,1000,1000,0,0,0,0
1785436213.5651078,A2000_B1400,1,2000,1400,1.0,0.4,80164111,2000,1400,1000,1000,0,0,0,0
1785436213.5814188,A2000_B1400,1,2000,1400,1.0,0.4,80183617,2000,1400,1000,1000,0,0,0,0
1785436213.6035967,A2000_B1400,1,2000,1400,1.0,0.4,80206082,2000,1400,1000,1000,0,0,0,0
1785436213.6266556,A2000_B1400,1,2000,1400,1.0,0.4,80224006,2000,1400,1000,1000,0,0,0,0
1785436213.6423352,A2000_B1400,1,2000,1400,1.0,0.4,80243586,2000,1400,1000,1000,0,0,0,0
1785436213.6650097,A2000_B1400,1,2000,1400,1.0,0.4,80265973,2000,1400,1000,1000,0,0,0,0
1785436213.6814294,A2000_B1400,1,2000,1400,1.0,0.4,80283897,2000,1400,1000,1000,0,0,0,0
1785436213.7045374,A2000_B1400,1,2000,1400,1.0,0.4,80306378,2000,1400,1000,1000,0,0,0,0
1785436213.7272942,A2000_B1400,1,2000,1400,1.0,0.4,80325866,2000,1400,1000,1000,0,0,0,0
1785436213.7413223,A2000_B1400,1,2000,1400,1.0,0.4,80343792,2000,1400,1000,1000,0,0,0,0
1785436213.7623386,A2000_B1400,1,2000,1400,1.0,0.4,80363301,2000,1400,1000,1000,0,0,0,0
1785436213.7849874,A2000_B1400,1,2000,1400,1.0,0.4,80385785,2000,1400,1000,1000,0,0,0,0
1785436213.801383,A2000_B1400,1,2000,1400,1.0,0.4,80403684,2000,1400,1000,1000,0,0,0,0
1785436213.8246112,A2000_B1400,1,2000,1400,1.0,0.4,80424649,2000,1400,1000,1000,0,0,0,0
1785436213.845998,A2000_B1400,1,2000,1400,1.0,0.4,80447105,2000,1400,1000,1000,0,0,0,0
1785436213.8623264,A2000_B1400,1,2000,1400,1.0,0.4,80465074,2000,1400,1000,1000,0,0,0,0
1785436213.885005,A2000_B1400,1,2000,1400,1.0,0.4,80484540,2000,1400,1000,1000,0,0,0,0
1785436213.901325,A2000_B1400,1,2000,1400,1.0,0.4,80502509,2000,1400,1000,1000,0,0,0,0
1785436213.9250343,A2000_B1400,1,2000,1400,1.0,0.4,80524975,2000,1400,1000,1000,0,0,0,0
1785436213.945143,A2000_B1400,1,2000,1400,1.0,0.4,80544437,2000,1400,1000,1000,0,0,0,0
1785436213.9613507,A2000_B1400,1,2000,1400,1.0,0.4,80562458,2000,1400,1000,1000,0,0,0,0
1785436213.9834456,A2000_B1400,1,2000,1400,1.0,0.4,80584864,2000,1400,1000,1000,0,0,0,0
1785436214.0013258,A2000_B1400,1,2000,1400,1.0,0.4,80602875,2000,1400,1000,1000,0,0,0,0
1785436214.025234,A2000_B1400,1,2000,1400,1.0,0.4,80625330,2000,1400,1000,1000,0,0,0,0
1785436214.0461717,A2000_B1400,1,2000,1400,1.0,0.4,80647805,2000,1400,1000,1000,0,0,0,0
1785436214.0655851,A2000_B1400,1,2000,1400,1.0,0.4,80667216,2000,1400,1000,1000,0,0,0,0
1785436214.0813155,A2000_B1400,1,2000,1400,1.0,0.4,80682195,2000,1400,1000,1000,0,0,0,0
1785436214.102339,A2000_B1400,1,2000,1400,1.0,0.4,80704648,2000,1400,1000,1000,0,0,0,0
1785436214.127091,A2000_B1400,1,2000,1400,1.0,0.4,80727111,2000,1400,1000,1000,0,0,0,0
1785436214.1435292,A2000_B1400,1,2000,1400,1.0,0.4,80745119,2000,1400,1000,1000,0,0,0,0
1785436214.1650321,A2000_B1400,1,2000,1400,1.0,0.4,80764541,2000,1400,1000,1000,0,0,0,0
1785436214.181371,A2000_B1400,1,2000,1400,1.0,0.4,80782558,2000,1400,1000,1000,0,0,0,0
1785436214.204756,A2000_B1400,1,2000,1400,1.0,0.4,80805017,2000,1400,1000,1000,0,0,0,0
1785436214.229529,A2000_B1400,1,2000,1400,1.0,0.4,80824435,2000,1400,1000,1000,0,0,0,0
1785436214.241418,A2000_B1400,1,2000,1400,1.0,0.4,80842451,2000,1400,1000,1000,0,0,0,0
1785436214.2624185,A2000_B1400,1,2000,1400,1.0,0.4,80864912,2000,1400,1000,1000,0,0,0,0
1785436214.2850323,A2000_B1400,1,2000,1400,1.0,0.4,80885832,2000,1400,1000,1000,0,0,0,0
1785436214.3013453,A2000_B1400,1,2000,1400,1.0,0.4,80902341,2000,1400,1000,1000,0,0,0,0
1785436214.324427,A2000_B1400,1,2000,1400,1.0,0.4,80924800,2000,1400,1000,1000,0,0,0,0
1785436214.345028,A2000_B1400,1,2000,1400,1.0,0.4,80945727,2000,1400,1000,1000,0,0,0,0
1785436214.3614442,A2000_B1400,1,2000,1400,1.0,0.4,80962235,2000,1400,1000,1000,0,0,0,0
1785436214.3824363,A2000_B1400,1,2000,1400,1.0,0.4,80984742,2000,1400,1000,1000,0,0,0,0
1785436214.4014034,A2000_B1400,1,2000,1400,1.0,0.4,81002621,2000,1400,1000,1000,0,0,0,0
1785436214.4246325,A2000_B1400,1,2000,1400,1.0,0.4,81025077,2000,1400,1000,1000,0,0,0,0
1785436214.4450114,A2000_B1400,1,2000,1400,1.0,0.4,81044592,2000,1400,1000,1000,0,0,0,0
1785436214.4613345,A2000_B1400,1,2000,1400,1.0,0.4,81062515,2000,1400,1000,1000,0,0,0,0
1785436214.4823756,A2000_B1400,1,2000,1400,1.0,0.4,81084972,2000,1400,1000,1000,0,0,0,0
1785436214.505648,A2000_B1400,1,2000,1400,1.0,0.4,81107442,2000,1400,1000,1000,0,0,0,0
1785436214.526501,A2000_B1400,1,2000,1400,1.0,0.4,81122408,2000,1400,1000,1000,0,0,0,0
1785436214.5423913,A2000_B1400,1,2000,1400,1.0,0.4,81144866,2000,1400,1000,1000,0,0,0,0
1785436214.5650923,A2000_B1400,1,2000,1400,1.0,0.4,81164378,2000,1400,1000,1000,0,0,0,0
1785436214.5813625,A2000_B1400,1,2000,1400,1.0,0.4,81182300,2000,1400,1000,1000,0,0,0,0
1785436214.6024215,A2000_B1400,1,2000,1400,1.0,0.4,81204762,2000,1400,1000,1000,0,0,0,0
1785436214.6266143,A2000_B1400,1,2000,1400,1.0,0.4,81222730,2000,1400,1000,1000,0,0,0,0
1785436214.6444998,A2000_B1400,1,2000,1400,1.0,0.4,81245192,2000,1400,1000,1000,0,0,0,0
1785436214.6650462,A2000_B1400,1,2000,1400,1.0,0.4,81264653,2000,1400,1000,1000,0,0,0,0
1785436214.6814475,A2000_B1400,1,2000,1400,1.0,0.4,81282693,2000,1400,1000,1000,0,0,0,0
1785436214.7024026,A2000_B1400,1,2000,1400,1.0,0.4,81305088,2000,1400,1000,1000,0,0,0,0
1785436214.7276268,A2000_B1400,1,2000,1400,1.0,0.4,81327547,2000,1400,1000,1000,0,0,0,0
1785436214.741368,A2000_B1400,1,2000,1400,1.0,0.4,81342520,2000,1400,1000,1000,0,0,0,0
1785436214.7623637,A2000_B1400,1,2000,1400,1.0,0.4,81364981,2000,1400,1000,1000,0,0,0,0
1785436214.7850168,A2000_B1400,1,2000,1400,1.0,0.4,81384448,2000,1400,1000,1000,0,0,0,0
1785436214.8013372,A2000_B1400,1,2000,1400,1.0,0.4,81402410,2000,1400,1000,1000,0,0,0,0
1785436214.8247738,A2000_B1400,1,2000,1400,1.0,0.4,81425636,2000,1400,1000,1000,0,0,0,0
1785436214.845475,A2000_B1400,1,2000,1400,1.0,0.4,81445837,2000,1400,1000,1000,0,0,0,0
1785436214.8616676,A2000_B1400,1,2000,1400,1.0,0.4,81463849,2000,1400,1000,1000,0,0,0,0
1785436214.882362,A2000_B1400,1,2000,1400,1.0,0.4,81483268,2000,1400,1000,1000,0,0,0,0
1785436214.9050596,A2000_B1400,1,2000,1400,1.0,0.4,81505727,2000,1400,1000,1000,0,0,0,0
1785436214.9263859,A2000_B1400,1,2000,1400,1.0,0.4,81523738,2000,1400,1000,1000,0,0,0,0
1785436214.945018,A2000_B1400,1,2000,1400,1.0,0.4,81546197,2000,1400,1000,1000,0,0,0,0
1785436214.961342,A2000_B1400,1,2000,1400,1.0,0.4,81564122,2000,1400,1000,1000,0,0,0,0
1785436214.9824185,A2000_B1400,1,2000,1400,1.0,0.4,81583635,2000,1400,1000,1000,0,0,0,0
1785436215.005033,A2000_B1400,1,2000,1400,1.0,0.4,81606095,2000,1400,1000,1000,0,0,0,0
1785436215.0266836,A2000_B1400,1,2000,1400,1.0,0.4,81624014,2000,1400,1000,1000,0,0,0,0
1785436215.0423462,A2000_B1400,1,2000,1400,1.0,0.4,81643525,2000,1400,1000,1000,0,0,0,0
1785436215.0650067,A2000_B1400,1,2000,1400,1.0,0.4,81665989,2000,1400,1000,1000,0,0,0,0
1785436215.081518,A2000_B1400,1,2000,1400,1.0,0.4,81683912,2000,1400,1000,1000,0,0,0,0
1785436215.1023598,A2000_B1400,1,2000,1400,1.0,0.4,81703459,2000,1400,1000,1000,0,0,0,0
1785436215.12718,A2000_B1400,1,2000,1400,1.0,0.4,81725912,2000,1400,1000,1000,0,0,0,0
1785436215.141348,A2000_B1400,1,2000,1400,1.0,0.4,81743803,2000,1400,1000,1000,0,0,0,0
1785436215.1650445,A2000_B1400,1,2000,1400,1.0,0.4,81766269,2000,1400,1000,1000,0,0,0,0
1785436215.1814742,A2000_B1400,1,2000,1400,1.0,0.4,81784232,2000,1400,1000,1000,0,0,0,0
1785436215.2023633,A2000_B1400,1,2000,1400,1.0,0.4,81803697,2000,1400,1000,1000,0,0,0,0
1785436215.2293077,A2000_B1400,1,2000,1400,1.0,0.4,81826159,2000,1400,1000,1000,0,0,0,0
1785436215.242391,A2000_B1400,1,2000,1400,1.0,0.4,81845671,2000,1400,1000,1000,0,0,0,0
1785436215.2624943,A2000_B1400,1,2000,1400,1.0,0.4,81863590,2000,1400,1000,1000,0,0,0,0
1785436215.2850485,A2000_B1400,1,2000,1400,1.0,0.4,81886053,2000,1400,1000,1000,0,0,0,0
1785436215.301434,A2000_B1400,1,2000,1400,1.0,0.4,81904023,2000,1400,1000,1000,0,0,0,0
1785436215.3245437,A2000_B1400,1,2000,1400,1.0,0.4,81923485,2000,1400,1000,1000,0,0,0,0
1785436215.3450356,A2000_B1400,1,2000,1400,1.0,0.4,81945952,2000,1400,1000,1000,0,0,0,0
1785436215.3614469,A2000_B1400,1,2000,1400,1.0,0.4,81963914,2000,1400,1000,1000,0,0,0,0
1785436215.3824358,A2000_B1400,1,2000,1400,1.0,0.4,81983378,2000,1400,1000,1000,0,0,0,0
1785436215.4050539,A2000_B1400,1,2000,1400,1.0,0.4,82005844,2000,1400,1000,1000,0,0,0,0
1785436215.427274,A2000_B1400,1,2000,1400,1.0,0.4,82023867,2000,1400,1000,1000,0,0,0,0
1785436215.4445043,A2000_B1400,1,2000,1400,1.0,0.4,82046268,2000,1400,1000,1000,0,0,0,0
1785436215.465032,A2000_B1400,1,2000,1400,1.0,0.4,82065735,2000,1400,1000,1000,0,0,0,0
1785436215.482425,A2000_B1400,1,2000,1400,1.0,0.4,82083707,2000,1400,1000,1000,0,0,0,0
1785436215.5050313,A2000_B1400,1,2000,1400,1.0,0.4,82106161,2000,1400,1000,1000,0,0,0,0
1785436215.5266438,A2000_B1400,1,2000,1400,1.0,0.4,82124124,2000,1400,1000,1000,0,0,0,0
1785436215.5424628,A2000_B1400,1,2000,1400,1.0,0.4,82143604,2000,1400,1000,1000,0,0,0,0
1785436215.5650432,A2000_B1400,1,2000,1400,1.0,0.4,82166054,2000,1400,1000,1000,0,0,0,0
1785436215.582078,A2000_B1400,1,2000,1400,1.0,0.4,82184025,2000,1400,1000,1000,0,0,0,0
1785436215.602387,A2000_B1400,1,2000,1400,1.0,0.4,82203506,2000,1400,1000,1000,0,0,0,0
1785436215.6263604,A2000_B1400,1,2000,1400,1.0,0.4,82224546,2000,1400,1000,1000,0,0,0,0
1785436215.6423628,A2000_B1400,1,2000,1400,1.0,0.4,82243917,2000,1400,1000,1000,0,0,0,0
1785436215.6613617,A2000_B1400,1,2000,1400,1.0,0.4,82263387,2000,1400,1000,1000,0,0,0,0
1785436215.680942,A2000_B1400,1,2000,1400,1.0,0.4,82281352,2000,1400,1000,1000,0,0,0,0
1785436215.701377,A2000_B1400,1,2000,1400,1.0,0.4,82303809,2000,1400,1000,1000,0,0,0,0
1785436215.724441,A2000_B1400,1,2000,1400,1.0,0.4,82323283,2000,1400,1000,1000,0,0,0,0
1785436215.7450442,A2000_B1400,1,2000,1400,1.0,0.4,82345752,2000,1400,1000,1000,0,0,0,0
1785436215.7613666,A2000_B1400,1,2000,1400,1.0,0.4,82363706,2000,1400,1000,1000,0,0,0,0
1785436215.7825048,A2000_B1400,1,2000,1400,1.0,0.4,82383174,2000,1400,1000,1000,0,0,0,0
1785436215.8050318,A2000_B1400,1,2000,1400,1.0,0.4,82407179,2000,1400,1000,1000,0,0,0,0
1785436215.8246553,A2000_B1400,1,2000,1400,1.0,0.4,82423607,2000,1400,1000,1000,0,0,0,0
1785436215.8454804,A2000_B1400,1,2000,1400,1.0,0.4,82444610,2000,1400,1000,1000,0,0,0,0
1785436215.8613708,A2000_B1400,1,2000,1400,1.0,0.4,82462526,2000,1400,1000,1000,0,0,0,0
1785436215.8823717,A2000_B1400,1,2000,1400,1.0,0.4,82485000,2000,1400,1000,1000,0,0,0,0
1785436215.9014032,A2000_B1400,1,2000,1400,1.0,0.4,82504497,2000,1400,1000,1000,0,0,0,0
1785436215.9244666,A2000_B1400,1,2000,1400,1.0,0.4,82525413,2000,1400,1000,1000,0,0,0,0
1785436215.941535,A2000_B1400,1,2000,1400,1.0,0.4,82544894,2000,1400,1000,1000,0,0,0,0
1785436215.9623747,A2000_B1400,1,2000,1400,1.0,0.4,82564392,2000,1400,1000,1000,0,0,0,0
1785436215.981553,A2000_B1400,1,2000,1400,1.0,0.4,82582319,2000,1400,1000,1000,0,0,0,0
1785436216.0025206,A2000_B1400,1,2000,1400,1.0,0.4,82604782,2000,1400,1000,1000,0,0,0,0
1785436216.0271728,A2000_B1400,1,2000,1400,1.0,0.4,82627249,2000,1400,1000,1000,0,0,0,0
1785436216.0415823,A2000_B1400,1,2000,1400,1.0,0.4,82642209,2000,1400,1000,1000,0,0,0,0
1785436216.065051,A2000_B1400,1,2000,1400,1.0,0.4,82664671,2000,1400,1000,1000,0,0,0,0
1785436216.0814924,A2000_B1400,1,2000,1400,1.0,0.4,82682640,2000,1400,1000,1000,0,0,0,0
1785436216.1035614,A2000_B1400,1,2000,1400,1.0,0.4,82705099,2000,1400,1000,1000,0,0,0,0
1785436216.127171,A2000_B1400,1,2000,1400,1.0,0.4,82724566,2000,1400,1000,1000,0,0,0,0
1785436216.14152,A2000_B1400,1,2000,1400,1.0,0.4,82742536,2000,1400,1000,1000,0,0,0,0
1785436216.1650178,A2000_B1400,1,2000,1400,1.0,0.4,82765031,2000,1400,1000,1000,0,0,0,0
1785436216.181537,A2000_B1400,1,2000,1400,1.0,0.4,82784458,2000,1400,1000,1000,0,0,0,0
1785436216.2025383,A2000_B1400,1,2000,1400,1.0,0.4,82805419,2000,1400,1000,1000,0,0,0,0
1785436216.2310023,A2000_B1400,1,2000,1400,1.0,0.4,82824892,2000,1400,1000,1000,0,0,0,0
1785436216.2451892,A2000_B1400,1,2000,1400,1.0,0.4,82844355,2000,1400,1000,1000,0,0,0,0
1785436216.2614486,A2000_B1400,1,2000,1400,1.0,0.4,82862321,2000,1400,1000,1000,0,0,0,0
1785436216.2836492,A2000_B1400,1,2000,1400,1.0,0.4,82884780,2000,1400,1000,1000,0,0,0,0
1785436216.3051982,A2000_B1400,1,2000,1400,1.0,0.4,82905743,2000,1400,1000,1000,0,0,0,0
1785436216.326594,A2000_B1400,1,2000,1400,1.0,0.4,82922217,2000,1400,1000,1000,0,0,0,0
1785436216.3424597,A2000_B1400,1,2000,1400,1.0,0.4,82944706,2000,1400,1000,1000,0,0,0,0
1785436216.3652916,A2000_B1400,1,2000,1400,1.0,0.4,82965710,2000,1400,1000,1000,0,0,0,0
1785436216.381578,A2000_B1400,1,2000,1400,1.0,0.4,82982116,2000,1400,1000,1000,0,0,0,0
1785436216.405199,A2000_B1400,1,2000,1400,1.0,0.4,83004567,2000,1400,1000,1000,0,0,0,0
1785436216.426711,A2000_B1400,1,2000,1400,1.0,0.4,83022532,2000,1400,1000,1000,0,0,0,0
1785436216.4425948,A2000_B1400,1,2000,1400,1.0,0.4,83045001,2000,1400,1000,1000,0,0,0,0
1785436216.4651003,A2000_B1400,1,2000,1400,1.0,0.4,83064461,2000,1400,1000,1000,0,0,0,0
1785436216.4816499,A2000_B1400,1,2000,1400,1.0,0.4,83082429,2000,1400,1000,1000,0,0,0,0
1785436216.5025973,A2000_B1400,1,2000,1400,1.0,0.4,83104891,2000,1400,1000,1000,0,0,0,0
1785436216.5273116,A2000_B1400,1,2000,1400,1.0,0.4,83124363,2000,1400,1000,1000,0,0,0,0
1785436216.5414057,A2000_B1400,1,2000,1400,1.0,0.4,83142322,2000,1400,1000,1000,0,0,0,0
1785436216.5623984,A2000_B1400,1,2000,1400,1.0,0.4,83164781,2000,1400,1000,1000,0,0,0,0
1785436216.582438,A2000_B1400,1,2000,1400,1.0,0.4,83185795,2000,1400,1000,1000,0,0,0,0
1785436216.605077,A2000_B1400,1,2000,1400,1.0,0.4,83205210,2000,1400,1000,1000,0,0,0,0
1785436216.6248195,A2000_B1400,1,2000,1400,1.0,0.4,83224674,2000,1400,1000,1000,0,0,0,0
1785436216.6415074,A2000_B1400,1,2000,1400,1.0,0.4,83242727,2000,1400,1000,1000,0,0,0,0
1785436216.6625144,A2000_B1400,1,2000,1400,1.0,0.4,83265102,2000,1400,1000,1000,0,0,0,0
1785436216.6854722,A2000_B1400,1,2000,1400,1.0,0.4,83284590,2000,1400,1000,1000,0,0,0,0
1785436216.7014182,A2000_B1400,1,2000,1400,1.0,0.4,83302540,2000,1400,1000,1000,0,0,0,0
1785436216.7244751,A2000_B1400,1,2000,1400,1.0,0.4,83324997,2000,1400,1000,1000,0,0,0,0
1785436216.7450798,A2000_B1400,1,2000,1400,1.0,0.4,83344472,2000,1400,1000,1000,0,0,0,0
1785436216.7614462,A2000_B1400,1,2000,1400,1.0,0.4,83362434,2000,1400,1000,1000,0,0,0,0
1785436216.782463,A2000_B1400,1,2000,1400,1.0,0.4,83384893,2000,1400,1000,1000,0,0,0,0
1785436216.8050709,A2000_B1400,1,2000,1400,1.0,0.4,83404358,2000,1400,1000,1000,0,0,0,0
1785436216.8269207,A2000_B1400,1,2000,1400,1.0,0.4,83422325,2000,1400,1000,1000,0,0,0,0
1785436216.8423998,A2000_B1400,1,2000,1400,1.0,0.4,83443312,2000,1400,1000,1000,0,0,0,0
1785436216.8650796,A2000_B1400,1,2000,1400,1.0,0.4,83465746,2000,1400,1000,1000,0,0,0,0
1785436216.8814008,A2000_B1400,1,2000,1400,1.0,0.4,83483715,2000,1400,1000,1000,0,0,0,0
1785436216.902421,A2000_B1400,1,2000,1400,1.0,0.4,83503185,2000,1400,1000,1000,0,0,0,0
1785436216.9272013,A2000_B1400,1,2000,1400,1.0,0.4,83525643,2000,1400,1000,1000,0,0,0,0
1785436216.9424317,A2000_B1400,1,2000,1400,1.0,0.4,83543613,2000,1400,1000,1000,0,0,0,0
1785436216.9650788,A2000_B1400,1,2000,1400,1.0,0.4,83566065,2000,1400,1000,1000,0,0,0,0
1785436216.9817,A2000_B1400,1,2000,1400,1.0,0.4,83584041,2000,1400,1000,1000,0,0,0,0
1785436217.0024052,A2000_B1400,1,2000,1400,1.0,0.4,83603503,2000,1400,1000,1000,0,0,0,0
1785436217.027208,A2000_B1400,1,2000,1400,1.0,0.4,83625965,2000,1400,1000,1000,0,0,0,0
1785436217.0414987,A2000_B1400,1,2000,1400,1.0,0.4,83643935,2000,1400,1000,1000,0,0,0,0
1785436217.0624373,A2000_B1400,1,2000,1400,1.0,0.4,83663397,2000,1400,1000,1000,0,0,0,0
1785436217.0850909,A2000_B1400,1,2000,1400,1.0,0.4,83685958,2000,1400,1000,1000,0,0,0,0
1785436217.101406,A2000_B1400,1,2000,1400,1.0,0.4,83703822,2000,1400,1000,1000,0,0,0,0
1785436217.1245017,A2000_B1400,1,2000,1400,1.0,0.4,83723295,2000,1400,1000,1000,0,0,0,0
1785436217.145084,A2000_B1400,1,2000,1400,1.0,0.4,83745783,2000,1400,1000,1000,0,0,0,0
1785436217.1614108,A2000_B1400,1,2000,1400,1.0,0.4,83763721,2000,1400,1000,1000,0,0,0,0
1785436217.1837468,A2000_B1400,1,2000,1400,1.0,0.4,83786184,2000,1400,1000,1000,0,0,0,0
1785436217.2051027,A2000_B1400,1,2000,1400,1.0,0.4,83805643,2000,1400,1000,1000,0,0,0,0
1785436217.2287023,A2000_B1400,1,2000,1400,1.0,0.4,83823615,2000,1400,1000,1000,0,0,0,0
1785436217.242691,A2000_B1400,1,2000,1400,1.0,0.4,83843081,2000,1400,1000,1000,0,0,0,0
1785436217.2614155,A2000_B1400,1,2000,1400,1.0,0.4,83864042,2000,1400,1000,1000,0,0,0,0
1785436217.2835913,A2000_B1400,1,2000,1400,1.0,0.4,83883504,2000,1400,1000,1000,0,0,0,0
1785436217.3050933,A2000_B1400,1,2000,1400,1.0,0.4,83905969,2000,1400,1000,1000,0,0,0,0
1785436217.3264732,A2000_B1500,1,2000,1500,1.0,0.5,83923940,2000,1500,1000,1000,0,0,0,0
1785436217.342418,A2000_B1500,1,2000,1500,1.0,0.5,83943400,2000,1500,1000,1000,0,0,0,0
1785436217.365296,A2000_B1500,1,2000,1500,1.0,0.5,83965862,2000,1500,1000,1000,0,0,0,0
1785436217.381552,A2000_B1500,1,2000,1500,1.0,0.5,83983933,2000,1500,1000,1000,0,0,0,0
1785436217.404841,A2000_B1500,1,2000,1500,1.0,0.5,84006292,2000,1500,1000,1000,0,0,0,0
1785436217.4272478,A2000_B1500,1,2000,1500,1.0,0.5,84025761,2000,1500,1000,1000,0,0,0,0
1785436217.4414408,A2000_B1500,1,2000,1500,1.0,0.5,84043724,2000,1500,1000,1000,0,0,0,0
1785436217.4624753,A2000_B1500,1,2000,1500,1.0,0.5,84063232,2000,1500,1000,1000,0,0,0,0
1785436217.48511,A2000_B1500,1,2000,1500,1.0,0.5,84085653,2000,1500,1000,1000,0,0,0,0
1785436217.5024688,A2000_B1500,1,2000,1500,1.0,0.5,84103617,2000,1500,1000,1000,0,0,0,0
1785436217.5264983,A2000_B1500,1,2000,1500,1.0,0.5,84123078,2000,1500,1000,1000,0,0,0,0
1785436217.5424578,A2000_B1500,1,2000,1500,1.0,0.5,84144095,2000,1500,1000,1000,0,0,0,0
1785436217.5651155,A2000_B1500,1,2000,1500,1.0,0.5,84166551,2000,1500,1000,1000,0,0,0,0
1785436217.5824907,A2000_B1500,1,2000,1500,1.0,0.5,84184473,2000,1500,1000,1000,0,0,0,0
1785436217.6014216,A2000_B1500,1,2000,1500,1.0,0.5,84203996,2000,1500,1000,1000,0,0,0,0
1785436217.6253617,A2000_B1500,1,2000,1500,1.0,0.5,84223407,2000,1500,1000,1000,0,0,0,0
1785436217.6457436,A2000_B1500,1,2000,1500,1.0,0.5,84245867,2000,1500,1000,1000,0,0,0,0
1785436217.6624925,A2000_B1500,1,2000,1500,1.0,0.5,84263889,2000,1500,1000,1000,0,0,0,0
1785436217.6851451,A2000_B1500,1,2000,1500,1.0,0.5,84286337,2000,1500,1000,1000,0,0,0,0
1785436217.701493,A2000_B1500,1,2000,1500,1.0,0.5,84304257,2000,1500,1000,1000,0,0,0,0
1785436217.727234,A2000_B1500,1,2000,1500,1.0,0.5,84323782,2000,1500,1000,1000,0,0,0,0
1785436217.7425895,A2000_B1500,1,2000,1500,1.0,0.5,84343189,2000,1500,1000,1000,0,0,0,0
1785436217.7651455,A2000_B1500,1,2000,1500,1.0,0.5,84365659,2000,1500,1000,1000,0,0,0,0
1785436217.7824516,A2000_B1500,1,2000,1500,1.0,0.5,84383674,2000,1500,1000,1000,0,0,0,0
1785436217.8051245,A2000_B1500,1,2000,1500,1.0,0.5,84406183,2000,1500,1000,1000,0,0,0,0
1785436217.826808,A2000_B1500,1,2000,1500,1.0,0.5,84424081,2000,1500,1000,1000,0,0,0,0
1785436217.8424604,A2000_B1500,1,2000,1500,1.0,0.5,84443568,2000,1500,1000,1000,0,0,0,0
1785436217.8651285,A2000_B1500,1,2000,1500,1.0,0.5,84466017,2000,1500,1000,1000,0,0,0,0
1785436217.8814616,A2000_B1500,1,2000,1500,1.0,0.5,84482516,2000,1500,1000,1000,0,0,0,0
1785436217.902463,A2000_B1500,1,2000,1500,1.0,0.5,84504902,2000,1500,1000,1000,0,0,0,0
1785436217.9282074,A2000_B1500,1,2000,1500,1.0,0.5,84525912,2000,1500,1000,1000,0,0,0,0
1785436217.9414554,A2000_B1500,1,2000,1500,1.0,0.5,84542344,2000,1500,1000,1000,0,0,0,0
1785436217.9625707,A2000_B1500,1,2000,1500,1.0,0.5,84564797,2000,1500,1000,1000,0,0,0,0
1785436217.9859467,A2000_B1500,1,2000,1500,1.0,0.5,84587268,2000,1500,1000,1000,0,0,0,0
1785436218.0024364,A2000_B1500,1,2000,1500,1.0,0.5,84605231,2000,1500,1000,1000,0,0,0,0
1785436218.027481,A2000_B1500,1,2000,1500,1.0,0.5,84624695,2000,1500,1000,1000,0,0,0,0
1785436218.0414379,A2000_B1500,1,2000,1500,1.0,0.5,84642658,2000,1500,1000,1000,0,0,0,0
1785436218.0636487,A2000_B1500,1,2000,1500,1.0,0.5,84665124,2000,1500,1000,1000,0,0,0,0
1785436218.0851197,A2000_B1500,1,2000,1500,1.0,0.5,84686121,2000,1500,1000,1000,0,0,0,0
1785436218.1024365,A2000_B1500,1,2000,1500,1.0,0.5,84705593,2000,1500,1000,1000,0,0,0,0
1785436218.1276462,A2000_B1500,1,2000,1500,1.0,0.5,84725075,2000,1500,1000,1000,0,0,0,0
1785436218.1415496,A2000_B1500,1,2000,1500,1.0,0.5,84743034,2000,1500,1000,1000,0,0,0,0
1785436218.1625078,A2000_B1500,1,2000,1500,1.0,0.5,84765491,2000,1500,1000,1000,0,0,0,0
1785436218.185753,A2000_B1500,1,2000,1500,1.0,0.5,84784920,2000,1500,1000,1000,0,0,0,0
1785436218.2014916,A2000_B1500,1,2000,1500,1.0,0.5,84802926,2000,1500,1000,1000,0,0,0,0
1785436218.2270036,A2000_B1500,1,2000,1500,1.0,0.5,84825386,2000,1500,1000,1000,0,0,0,0
1785436218.2451897,A2000_B1500,1,2000,1500,1.0,0.5,84844806,2000,1500,1000,1000,0,0,0,0
1785436218.2614436,A2000_B1500,1,2000,1500,1.0,0.5,84862821,2000,1500,1000,1000,0,0,0,0
1785436218.2824426,A2000_B1500,1,2000,1500,1.0,0.5,84885275,2000,1500,1000,1000,0,0,0,0
1785436218.3013518,A2000_B1500,1,2000,1500,1.0,0.5,84903197,2000,1500,1000,1000,0,0,0,0
1785436218.3245094,A2000_B1500,1,2000,1500,1.0,0.5,84925749,2000,1500,1000,1000,0,0,0,0
1785436218.3414428,A2000_B1500,1,2000,1500,1.0,0.5,84943642,2000,1500,1000,1000,0,0,0,0
1785436218.3638475,A2000_B1500,1,2000,1500,1.0,0.5,84966089,2000,1500,1000,1000,0,0,0,0
1785436218.381452,A2000_B1500,1,2000,1500,1.0,0.5,84982612,2000,1500,1000,1000,0,0,0,0
1785436218.405183,A2000_B1500,1,2000,1500,1.0,0.5,85005071,2000,1500,1000,1000,0,0,0,0
1785436218.4249234,A2000_B1500,1,2000,1500,1.0,0.5,85023069,2000,1500,1000,1000,0,0,0,0
1785436218.4452603,A2000_B1500,1,2000,1500,1.0,0.5,85045443,2000,1500,1000,1000,0,0,0,0
1785436218.4625082,A2000_B1500,1,2000,1500,1.0,0.5,85064961,2000,1500,1000,1000,0,0,0,0
1785436218.4851496,A2000_B1500,1,2000,1500,1.0,0.5,85085877,2000,1500,1000,1000,0,0,0,0
1785436218.501512,A2000_B1500,1,2000,1500,1.0,0.5,85102392,2000,1500,1000,1000,0,0,0,0
1785436218.5255299,A2000_B1500,1,2000,1500,1.0,0.5,85124850,2000,1500,1000,1000,0,0,0,0
1785436218.5451849,A2000_B1500,1,2000,1500,1.0,0.5,85145765,2000,1500,1000,1000,0,0,0,0
1785436218.5614843,A2000_B1500,1,2000,1500,1.0,0.5,85162288,2000,1500,1000,1000,0,0,0,0
1785436218.582481,A2000_B1500,1,2000,1500,1.0,0.5,85184744,2000,1500,1000,1000,0,0,0,0
1785436218.601489,A2000_B1500,1,2000,1500,1.0,0.5,85202767,2000,1500,1000,1000,0,0,0,0
1785436218.6247475,A2000_B1500,1,2000,1500,1.0,0.5,85225123,2000,1500,1000,1000,0,0,0,0
1785436218.645556,A2000_B1500,1,2000,1500,1.0,0.5,85247590,2000,1500,1000,1000,0,0,0,0
1785436218.6625154,A2000_B1500,1,2000,1500,1.0,0.5,85265558,2000,1500,1000,1000,0,0,0,0
1785436218.6852016,A2000_B1500,1,2000,1500,1.0,0.5,85285027,2000,1500,1000,1000,0,0,0,0
1785436218.701529,A2000_B1500,1,2000,1500,1.0,0.5,85303025,2000,1500,1000,1000,0,0,0,0
1785436218.7255719,A2000_B1500,1,2000,1500,1.0,0.5,85325450,2000,1500,1000,1000,0,0,0,0
1785436218.7452905,A2000_B1500,1,2000,1500,1.0,0.5,85344914,2000,1500,1000,1000,0,0,0,0
1785436218.7614548,A2000_B1500,1,2000,1500,1.0,0.5,85362881,2000,1500,1000,1000,0,0,0,0
1785436218.7825387,A2000_B1500,1,2000,1500,1.0,0.5,85385346,2000,1500,1000,1000,0,0,0,0
1785436218.8056276,A2000_B1500,1,2000,1500,1.0,0.5,85404812,2000,1500,1000,1000,0,0,0,0
1785436218.8267434,A2000_B1500,1,2000,1500,1.0,0.5,85422775,2000,1500,1000,1000,0,0,0,0
1785436218.842459,A2000_B1500,1,2000,1500,1.0,0.5,85445302,2000,1500,1000,1000,0,0,0,0
1785436218.8651597,A2000_B1500,1,2000,1500,1.0,0.5,85463208,2000,1500,1000,1000,0,0,0,0
1785436218.8815172,A2000_B1500,1,2000,1500,1.0,0.5,85484214,2000,1500,1000,1000,0,0,0,0
1785436218.9051666,A2000_B1500,1,2000,1500,1.0,0.5,85506673,2000,1500,1000,1000,0,0,0,0
1785436218.9265106,A2000_B1500,1,2000,1500,1.0,0.5,85524597,2000,1500,1000,1000,0,0,0,0
1785436218.9452817,A2000_B1500,1,2000,1500,1.0,0.5,85544107,2000,1500,1000,1000,0,0,0,0
1785436218.962722,A2000_B1500,1,2000,1500,1.0,0.5,85563532,2000,1500,1000,1000,0,0,0,0
1785436218.9851313,A2000_B1500,1,2000,1500,1.0,0.5,85585988,2000,1500,1000,1000,0,0,0,0
1785436219.0014603,A2000_B1500,1,2000,1500,1.0,0.5,85604003,2000,1500,1000,1000,0,0,0,0
1785436219.0258484,A2000_B1500,1,2000,1500,1.0,0.5,85624922,2000,1500,1000,1000,0,0,0,0
1785436219.045159,A2000_B1500,1,2000,1500,1.0,0.5,85644384,2000,1500,1000,1000,0,0,0,0
1785436219.0614605,A2000_B1500,1,2000,1500,1.0,0.5,85663896,2000,1500,1000,1000,0,0,0,0
1785436219.08248,A2000_B1500,1,2000,1500,1.0,0.5,85684814,2000,1500,1000,1000,0,0,0,0
1785436219.1051517,A2000_B1500,1,2000,1500,1.0,0.5,85704280,2000,1500,1000,1000,0,0,0,0
1785436219.1265285,A2000_B1500,1,2000,1500,1.0,0.5,85723787,2000,1500,1000,1000,0,0,0,0
1785436219.1424677,A2000_B1500,1,2000,1500,1.0,0.5,85744705,2000,1500,1000,1000,0,0,0,0
1785436219.1651888,A2000_B1500,1,2000,1500,1.0,0.5,85764185,2000,1500,1000,1000,0,0,0,0
1785436219.1816976,A2000_B1500,1,2000,1500,1.0,0.5,85783685,2000,1500,1000,1000,0,0,0,0
1785436219.205193,A2000_B1500,1,2000,1500,1.0,0.5,85806140,2000,1500,1000,1000,0,0,0,0
1785436219.22871,A2000_B1500,1,2000,1500,1.0,0.5,85824063,2000,1500,1000,1000,0,0,0,0
1785436219.2424939,A2000_B1500,1,2000,1500,1.0,0.5,85843584,2000,1500,1000,1000,0,0,0,0
1785436219.2651403,A2000_B1500,1,2000,1500,1.0,0.5,85866038,2000,1500,1000,1000,0,0,0,0
1785436219.2814918,A2000_B1500,1,2000,1500,1.0,0.5,85883963,2000,1500,1000,1000,0,0,0,0
1785436219.3024776,A2000_B1500,1,2000,1500,1.0,0.5,85903467,2000,1500,1000,1000,0,0,0,0
1785436219.326626,A2000_B1500,1,2000,1500,1.0,0.5,85924387,2000,1500,1000,1000,0,0,0,0
1785436219.3424973,A2000_B1500,1,2000,1500,1.0,0.5,85943934,2000,1500,1000,1000,0,0,0,0
1785436219.3651419,A2000_B1500,1,2000,1500,1.0,0.5,85966320,2000,1500,1000,1000,0,0,0,0
1785436219.3816175,A2000_B1500,1,2000,1500,1.0,0.5,85984278,2000,1500,1000,1000,0,0,0,0
1785436219.4053218,A2000_B1500,1,2000,1500,1.0,0.5,86006746,2000,1500,1000,1000,0,0,0,0
1785436219.424813,A2000_B1500,1,2000,1500,1.0,0.5,86024713,2000,1500,1000,1000,0,0,0,0
1785436219.4425182,A2000_B1500,1,2000,1500,1.0,0.5,86044173,2000,1500,1000,1000,0,0,0,0
1785436219.4650044,A2000_B1500,1,2000,1500,1.0,0.5,86066645,2000,1500,1000,1000,0,0,0,0
1785436219.4823449,A2000_B1500,1,2000,1500,1.0,0.5,86084608,2000,1500,1000,1000,0,0,0,0
1785436219.502639,A2000_B1500,1,2000,1500,1.0,0.5,86104072,2000,1500,1000,1000,0,0,0,0
1785436219.527127,A2000_B1500,1,2000,1500,1.0,0.5,86123537,2000,1500,1000,1000,0,0,0,0
1785436219.5412798,A2000_B1500,1,2000,1500,1.0,0.5,86144507,2000,1500,1000,1000,0,0,0,0
1785436219.5615396,A2000_B1500,1,2000,1500,1.0,0.5,86163968,2000,1500,1000,1000,0,0,0,0
1785436219.5835466,A2000_B1500,1,2000,1500,1.0,0.5,86184925,2000,1500,1000,1000,0,0,0,0
1785436219.6052027,A2000_B1500,1,2000,1500,1.0,0.5,86204400,2000,1500,1000,1000,0,0,0,0
1785436219.6268585,A2000_B1500,1,2000,1500,1.0,0.5,86223884,2000,1500,1000,1000,0,0,0,0
1785436219.642581,A2000_B1500,1,2000,1500,1.0,0.5,86244818,2000,1500,1000,1000,0,0,0,0
1785436219.6651876,A2000_B1500,1,2000,1500,1.0,0.5,86264287,2000,1500,1000,1000,0,0,0,0
1785436219.6815271,A2000_B1500,1,2000,1500,1.0,0.5,86283749,2000,1500,1000,1000,0,0,0,0
1785436219.7010746,A2000_B1500,1,2000,1500,1.0,0.5,86301720,2000,1500,1000,1000,0,0,0,0
1785436219.7265453,A2000_B1500,1,2000,1500,1.0,0.5,86324188,2000,1500,1000,1000,0,0,0,0
1785436219.7435536,A2000_B1500,1,2000,1500,1.0,0.5,86343647,2000,1500,1000,1000,0,0,0,0
1785436219.765156,A2000_B1500,1,2000,1500,1.0,0.5,86366110,2000,1500,1000,1000,0,0,0,0
1785436219.7815394,A2000_B1500,1,2000,1500,1.0,0.5,86384077,2000,1500,1000,1000,0,0,0,0
1785436219.8038247,A2000_B1500,1,2000,1500,1.0,0.5,86406537,2000,1500,1000,1000,0,0,0,0
1785436219.8274205,A2000_B1500,1,2000,1500,1.0,0.5,86426009,2000,1500,1000,1000,0,0,0,0
1785436219.8415408,A2000_B1500,1,2000,1500,1.0,0.5,86443978,2000,1500,1000,1000,0,0,0,0
1785436219.862602,A2000_B1500,1,2000,1500,1.0,0.5,86463492,2000,1500,1000,1000,0,0,0,0
1785436219.885171,A2000_B1500,1,2000,1500,1.0,0.5,86484417,2000,1500,1000,1000,0,0,0,0
1785436219.9015691,A2000_B1500,1,2000,1500,1.0,0.5,86503869,2000,1500,1000,1000,0,0,0,0
1785436219.924592,A2000_B1500,1,2000,1500,1.0,0.5,86523330,2000,1500,1000,1000,0,0,0,0
1785436219.9451833,A2000_B1500,1,2000,1500,1.0,0.5,86545789,2000,1500,1000,1000,0,0,0,0
1785436219.963509,A2000_B1500,1,2000,1500,1.0,0.5,86565251,2000,1500,1000,1000,0,0,0,0
1785436219.9852135,A2000_B1500,1,2000,1500,1.0,0.5,86586216,2000,1500,1000,1000,0,0,0,0
1785436220.0018797,A2000_B1500,1,2000,1500,1.0,0.5,86602686,2000,1500,1000,1000,0,0,0,0
1785436220.026716,A2000_B1500,1,2000,1500,1.0,0.5,86623656,2000,1500,1000,1000,0,0,0,0
1785436220.0451744,A2000_B1500,1,2000,1500,1.0,0.5,86646111,2000,1500,1000,1000,0,0,0,0
1785436220.0625443,A2000_B1500,1,2000,1500,1.0,0.5,86665585,2000,1500,1000,1000,0,0,0,0
1785436220.0813136,A2000_B1500,1,2000,1500,1.0,0.5,86683544,2000,1500,1000,1000,0,0,0,0
1785436220.1016605,A2000_B1500,1,2000,1500,1.0,0.5,86703018,2000,1500,1000,1000,0,0,0,0
1785436220.124608,A2000_B1500,1,2000,1500,1.0,0.5,86725476,2000,1500,1000,1000,0,0,0,0
1785436220.1452892,A2000_B1500,1,2000,1500,1.0,0.5,86746431,2000,1500,1000,1000,0,0,0,0
1785436220.161619,A2000_B1500,1,2000,1500,1.0,0.5,86762900,2000,1500,1000,1000,0,0,0,0
1785436220.1848366,A2000_B1500,1,2000,1500,1.0,0.5,86785363,2000,1500,1000,1000,0,0,0,0
1785436220.2052677,A2000_B1500,1,2000,1500,1.0,0.5,86806326,2000,1500,1000,1000,0,0,0,0
1785436220.228954,A2000_B1500,1,2000,1500,1.0,0.5,86822798,2000,1500,1000,1000,0,0,0,0
1785436220.2453086,A2000_B1500,1,2000,1500,1.0,0.5,86845262,2000,1500,1000,1000,0,0,0,0
1785436220.2615051,A2000_B1500,1,2000,1500,1.0,0.5,86863226,2000,1500,1000,1000,0,0,0,0
1785436220.2852602,A2000_B1500,1,2000,1500,1.0,0.5,86885685,2000,1500,1000,1000,0,0,0,0
1785436220.305306,A2000_B1500,1,2000,1500,1.0,0.5,86903656,2000,1500,1000,1000,0,0,0,0
1785436220.3273098,A2000_B1500,1,2000,1500,1.0,0.5,86926109,2000,1500,1000,1000,0,0,0,0
1785436220.3417094,A2000_B1500,1,2000,1500,1.0,0.5,86944126,2000,1500,1000,1000,0,0,0,0
1785436220.3652716,A2000_B1500,1,2000,1500,1.0,0.5,86966590,2000,1500,1000,1000,0,0,0,0
1785436220.3815606,A2000_B1500,1,2000,1500,1.0,0.5,86983052,2000,1500,1000,1000,0,0,0,0
1785436220.4025197,A2000_B1500,1,2000,1500,1.0,0.5,87005478,2000,1500,1000,1000,0,0,0,0
1785436220.4264631,A2000_B1500,1,2000,1500,1.0,0.5,87023438,2000,1500,1000,1000,0,0,0,0
1785436220.4453099,A2000_B1500,1,2000,1500,1.0,0.5,87045899,2000,1500,1000,1000,0,0,0,0
1785436220.4615114,A2000_B1500,1,2000,1500,1.0,0.5,87063913,2000,1500,1000,1000,0,0,0,0
1785436220.4826224,A2000_B1500,1,2000,1500,1.0,0.5,87083336,2000,1500,1000,1000,0,0,0,0
1785436220.505248,A2000_B1500,1,2000,1500,1.0,0.5,87105793,2000,1500,1000,1000,0,0,0,0
1785436220.5266702,A2000_B1500,1,2000,1500,1.0,0.5,87123806,2000,1500,1000,1000,0,0,0,0
1785436220.542555,A2000_B1500,1,2000,1500,1.0,0.5,87143230,2000,1500,1000,1000,0,0,0,0
1785436220.565212,A2000_B1500,1,2000,1500,1.0,0.5,87165687,2000,1500,1000,1000,0,0,0,0
1785436220.5815532,A2000_B1500,1,2000,1500,1.0,0.5,87183735,2000,1500,1000,1000,0,0,0,0
1785436220.6056092,A2000_B1500,1,2000,1500,1.0,0.5,87206161,2000,1500,1000,1000,0,0,0,0
1785436220.6267567,A2000_B1500,1,2000,1500,1.0,0.5,87224082,2000,1500,1000,1000,0,0,0,0
1785436220.6425872,A2000_B1500,1,2000,1500,1.0,0.5,87243602,2000,1500,1000,1000,0,0,0,0
1785436220.6652389,A2000_B1500,1,2000,1500,1.0,0.5,87266058,2000,1500,1000,1000,0,0,0,0
1785436220.6815705,A2000_B1500,1,2000,1500,1.0,0.5,87283982,2000,1500,1000,1000,0,0,0,0
1785436220.704966,A2000_B1500,1,2000,1500,1.0,0.5,87306448,2000,1500,1000,1000,0,0,0,0
1785436220.7273624,A2000_B1500,1,2000,1500,1.0,0.5,87325955,2000,1500,1000,1000,0,0,0,0
1785436220.7421246,A2000_B1500,1,2000,1500,1.0,0.5,87345371,2000,1500,1000,1000,0,0,0,0
1785436220.7625244,A2000_B1500,1,2000,1500,1.0,0.5,87363481,2000,1500,1000,1000,0,0,0,0
1785436220.7852,A2000_B1500,1,2000,1500,1.0,0.5,87385847,2000,1500,1000,1000,0,0,0,0
1785436220.8015857,A2000_B1500,1,2000,1500,1.0,0.5,87403770,2000,1500,1000,1000,0,0,0,0
1785436220.8249698,A2000_B1500,1,2000,1500,1.0,0.5,87423282,2000,1500,1000,1000,0,0,0,0
1785436220.8415234,A2000_B1500,1,2000,1500,1.0,0.5,87442698,2000,1500,1000,1000,0,0,0,0
1785436220.8625247,A2000_B1500,1,2000,1500,1.0,0.5,87465153,2000,1500,1000,1000,0,0,0,0
1785436220.8851914,A2000_B1500,1,2000,1500,1.0,0.5,87486121,2000,1500,1000,1000,0,0,0,0
1785436220.9025247,A2000_B1500,1,2000,1500,1.0,0.5,87504093,2000,1500,1000,1000,0,0,0,0
1785436220.9273221,A2000_B1500,1,2000,1500,1.0,0.5,87526553,2000,1500,1000,1000,0,0,0,0
1785436220.9426405,A2000_B1500,1,2000,1500,1.0,0.5,87544514,2000,1500,1000,1000,0,0,0,0
1785436220.961723,A2000_B1500,1,2000,1500,1.0,0.5,87563992,2000,1500,1000,1000,0,0,0,0
1785436220.9825475,A2000_B1500,1,2000,1500,1.0,0.5,87584946,2000,1500,1000,1000,0,0,0,0
1785436221.0052035,A2000_B1500,1,2000,1500,1.0,0.5,87604412,2000,1500,1000,1000,0,0,0,0
1785436221.0269182,A2000_B1500,1,2000,1500,1.0,0.5,87623884,2000,1500,1000,1000,0,0,0,0
1785436221.0425267,A2000_B1500,1,2000,1500,1.0,0.5,87644842,2000,1500,1000,1000,0,0,0,0
1785436221.0652122,A2000_B1500,1,2000,1500,1.0,0.5,87664307,2000,1500,1000,1000,0,0,0,0
1785436221.081528,A2000_B1500,1,2000,1500,1.0,0.5,87682355,2000,1500,1000,1000,0,0,0,0
1785436221.1025288,A2000_B1500,1,2000,1500,1.0,0.5,87704732,2000,1500,1000,1000,0,0,0,0
1785436221.1273959,A2000_B1500,1,2000,1500,1.0,0.5,87724225,2000,1500,1000,1000,0,0,0,0
1785436221.1454296,A2000_B1500,1,2000,1500,1.0,0.5,87745206,2000,1500,1000,1000,0,0,0,0
1785436221.1653955,A2000_B1500,1,2000,1500,1.0,0.5,87764646,2000,1500,1000,1000,0,0,0,0
1785436221.1816525,A2000_B1500,1,2000,1500,1.0,0.5,87784092,2000,1500,1000,1000,0,0,0,0
1785436221.202551,A2000_B1500,1,2000,1500,1.0,0.5,87805104,2000,1500,1000,1000,0,0,0,0
1785436221.2294948,A2000_B1500,1,2000,1500,1.0,0.5,87824524,2000,1500,1000,1000,0,0,0,0
1785436221.2416513,A2000_B1500,1,2000,1500,1.0,0.5,87843991,2000,1500,1000,1000,0,0,0,0
1785436221.2625768,A2000_B1500,1,2000,1500,1.0,0.5,87865000,2000,1500,1000,1000,0,0,0,0
1785436221.2852664,A2000_B1500,1,2000,1500,1.0,0.5,87884413,2000,1500,1000,1000,0,0,0,0
1785436221.3015525,A2000_B1500,1,2000,1500,1.0,0.5,87903972,2000,1500,1000,1000,0,0,0,0
1785436221.3250265,A2000_B1600,1,2000,1600,1.0,0.6,87924904,2000,1600,1000,1000,0,0,0,0
1785436221.3452528,A2000_B1600,1,2000,1600,1.0,0.6,87944311,2000,1600,1000,1000,0,0,0,0
1785436221.3615565,A2000_B1600,1,2000,1600,1.0,0.6,87962323,2000,1600,1000,1000,0,0,0,0
1785436221.3825436,A2000_B1600,1,2000,1600,1.0,0.6,87984780,2000,1600,1000,1000,0,0,0,0
1785436221.405204,A2000_B1600,1,2000,1600,1.0,0.6,88004202,2000,1600,1000,1000,0,0,0,0
1785436221.426822,A2000_B1600,1,2000,1600,1.0,0.6,88022220,2000,1600,1000,1000,0,0,0,0
1785436221.443757,A2000_B1600,1,2000,1600,1.0,0.6,88044678,2000,1600,1000,1000,0,0,0,0
1785436221.461569,A2000_B1600,1,2000,1600,1.0,0.6,88064099,2000,1600,1000,1000,0,0,0,0
1785436221.4826305,A2000_B1600,1,2000,1600,1.0,0.6,88085064,2000,1600,1000,1000,0,0,0,0
1785436221.5053082,A2000_B1600,1,2000,1600,1.0,0.6,88104650,2000,1600,1000,1000,0,0,0,0
1785436221.5267098,A2000_B1600,1,2000,1600,1.0,0.6,88123999,2000,1600,1000,1000,0,0,0,0
1785436221.542623,A2000_B1600,1,2000,1600,1.0,0.6,88144963,2000,1600,1000,1000,0,0,0,0
1785436221.565277,A2000_B1600,1,2000,1600,1.0,0.6,88164470,2000,1600,1000,1000,0,0,0,0
1785436221.5816433,A2000_B1600,1,2000,1600,1.0,0.6,88183894,2000,1600,1000,1000,0,0,0,0
1785436221.6025827,A2000_B1600,1,2000,1600,1.0,0.6,88204857,2000,1600,1000,1000,0,0,0,0
1785436221.6275,A2000_B1600,1,2000,1600,1.0,0.6,88224364,2000,1600,1000,1000,0,0,0,0
1785436221.6415906,A2000_B1600,1,2000,1600,1.0,0.6,88242281,2000,1600,1000,1000,0,0,0,0
1785436221.6626325,A2000_B1600,1,2000,1600,1.0,0.6,88264745,2000,1600,1000,1000,0,0,0,0
1785436221.6852791,A2000_B1600,1,2000,1600,1.0,0.6,88284256,2000,1600,1000,1000,0,0,0,0
1785436221.7019901,A2000_B1600,1,2000,1600,1.0,0.6,88302183,2000,1600,1000,1000,0,0,0,0
1785436221.7273533,A2000_B1600,1,2000,1600,1.0,0.6,88324654,2000,1600,1000,1000,0,0,0,0
1785436221.7416139,A2000_B1600,1,2000,1600,1.0,0.6,88344144,2000,1600,1000,1000,0,0,0,0
1785436221.7625878,A2000_B1600,1,2000,1600,1.0,0.6,88365062,2000,1600,1000,1000,0,0,0,0
1785436221.7852333,A2000_B1600,1,2000,1600,1.0,0.6,88384549,2000,1600,1000,1000,0,0,0,0
1785436221.801594,A2000_B1600,1,2000,1600,1.0,0.6,88404043,2000,1600,1000,1000,0,0,0,0
1785436221.8258593,A2000_B1600,1,2000,1600,1.0,0.6,88424961,2000,1600,1000,1000,0,0,0,0
1785436221.845232,A2000_B1600,1,2000,1600,1.0,0.6,88444460,2000,1600,1000,1000,0,0,0,0
1785436221.861617,A2000_B1600,1,2000,1600,1.0,0.6,88463938,2000,1600,1000,1000,0,0,0,0
1785436221.8826294,A2000_B1600,1,2000,1600,1.0,0.6,88484853,2000,1600,1000,1000,0,0,0,0
1785436221.9052942,A2000_B1600,1,2000,1600,1.0,0.6,88505819,2000,1600,1000,1000,0,0,0,0
1785436221.9266202,A2000_B1600,1,2000,1600,1.0,0.6,88523826,2000,1600,1000,1000,0,0,0,0
1785436221.9425783,A2000_B1600,1,2000,1600,1.0,0.6,88543249,2000,1600,1000,1000,0,0,0,0
1785436221.9652534,A2000_B1600,1,2000,1600,1.0,0.6,88565709,2000,1600,1000,1000,0,0,0,0
1785436221.9838448,A2000_B1600,1,2000,1600,1.0,0.6,88585177,2000,1600,1000,1000,0,0,0,0
1785436222.0052838,A2000_B1600,1,2000,1600,1.0,0.6,88606188,2000,1600,1000,1000,0,0,0,0
1785436222.0268698,A2000_B1600,1,2000,1600,1.0,0.6,88622608,2000,1600,1000,1000,0,0,0,0
1785436222.0425625,A2000_B1600,1,2000,1600,1.0,0.6,88645154,2000,1600,1000,1000,0,0,0,0
1785436222.0652363,A2000_B1600,1,2000,1600,1.0,0.6,88666077,2000,1600,1000,1000,0,0,0,0
1785436222.0815637,A2000_B1600,1,2000,1600,1.0,0.6,88684006,2000,1600,1000,1000,0,0,0,0
1785436222.1026125,A2000_B1600,1,2000,1600,1.0,0.6,88703509,2000,1600,1000,1000,0,0,0,0
1785436222.1263173,A2000_B1600,1,2000,1600,1.0,0.6,88722930,2000,1600,1000,1000,0,0,0,0
1785436222.1415625,A2000_B1600,1,2000,1600,1.0,0.6,88743899,2000,1600,1000,1000,0,0,0,0
1785436222.1626158,A2000_B1600,1,2000,1600,1.0,0.6,88763409,2000,1600,1000,1000,0,0,0,0
1785436222.1853979,A2000_B1600,1,2000,1600,1.0,0.6,88785869,2000,1600,1000,1000,0,0,0,0
1785436222.2018867,A2000_B1600,1,2000,1600,1.0,0.6,88803799,2000,1600,1000,1000,0,0,0,0
1785436222.2274475,A2000_B1600,1,2000,1600,1.0,0.6,88823304,2000,1600,1000,1000,0,0,0,0
1785436222.2453432,A2000_B1600,1,2000,1600,1.0,0.6,88845846,2000,1600,1000,1000,0,0,0,0
1785436222.2625666,A2000_B1600,1,2000,1600,1.0,0.6,88865177,2000,1600,1000,1000,0,0,0,0
1785436222.2852442,A2000_B1600,1,2000,1600,1.0,0.6,88886138,2000,1600,1000,1000,0,0,0,0
1785436222.3017685,A2000_B1600,1,2000,1600,1.0,0.6,88902609,2000,1600,1000,1000,0,0,0,0
1785436222.324854,A2000_B1600,1,2000,1600,1.0,0.6,88925073,2000,1600,1000,1000,0,0,0,0
1785436222.3452628,A2000_B1600,1,2000,1600,1.0,0.6,88946035,2000,1600,1000,1000,0,0,0,0
1785436222.361619,A2000_B1600,1,2000,1600,1.0,0.6,88964019,2000,1600,1000,1000,0,0,0,0
1785436222.3826218,A2000_B1600,1,2000,1600,1.0,0.6,88983473,2000,1600,1000,1000,0,0,0,0
1785436222.4052715,A2000_B1600,1,2000,1600,1.0,0.6,89005934,2000,1600,1000,1000,0,0,0,0
1785436222.4270062,A2000_B1600,1,2000,1600,1.0,0.6,89023896,2000,1600,1000,1000,0,0,0,0
1785436222.4426644,A2000_B1600,1,2000,1600,1.0,0.6,89043363,2000,1600,1000,1000,0,0,0,0
1785436222.4652472,A2000_B1600,1,2000,1600,1.0,0.6,89065824,2000,1600,1000,1000,0,0,0,0
1785436222.4815822,A2000_B1600,1,2000,1600,1.0,0.6,89083793,2000,1600,1000,1000,0,0,0,0
1785436222.502572,A2000_B1600,1,2000,1600,1.0,0.6,89103261,2000,1600,1000,1000,0,0,0,0
1785436222.5287757,A2000_B1600,1,2000,1600,1.0,0.6,89125723,2000,1600,1000,1000,0,0,0,0
1785436222.5426753,A2000_B1600,1,2000,1600,1.0,0.6,89145235,2000,1600,1000,1000,0,0,0,0
1785436222.5657747,A2000_B1600,1,2000,1600,1.0,0.6,89166142,2000,1600,1000,1000,0,0,0,0
1785436222.5816696,A2000_B1600,1,2000,1600,1.0,0.6,89182662,2000,1600,1000,1000,0,0,0,0
1785436222.6027715,A2000_B1600,1,2000,1600,1.0,0.6,89205133,2000,1600,1000,1000,0,0,0,0
1785436222.6274958,A2000_B1600,1,2000,1600,1.0,0.6,89226042,2000,1600,1000,1000,0,0,0,0
1785436222.641726,A2000_B1600,1,2000,1600,1.0,0.6,89242561,2000,1600,1000,1000,0,0,0,0
1785436222.6627498,A2000_B1600,1,2000,1600,1.0,0.6,89263472,2000,1600,1000,1000,0,0,0,0
1785436222.6852813,A2000_B1600,1,2000,1600,1.0,0.6,89285938,2000,1600,1000,1000,0,0,0,0
1785436222.7026474,A2000_B1600,1,2000,1600,1.0,0.6,89305407,2000,1600,1000,1000,0,0,0,0
1785436222.7273998,A2000_B1600,1,2000,1600,1.0,0.6,89326360,2000,1600,1000,1000,0,0,0,0
1785436222.7453449,A2000_B1600,1,2000,1600,1.0,0.6,89345844,2000,1600,1000,1000,0,0,0,0
1785436222.7625904,A2000_B1600,1,2000,1600,1.0,0.6,89365397,2000,1600,1000,1000,0,0,0,0
1785436222.786314,A2000_B1600,1,2000,1600,1.0,0.6,89387755,2000,1600,1000,1000,0,0,0,0
1785436222.8052182,A2000_B1600,1,2000,1600,1.0,0.6,89405726,2000,1600,1000,1000,0,0,0,0
1785436222.8270044,A2000_B1600,1,2000,1600,1.0,0.6,89423689,2000,1600,1000,1000,0,0,0,0
1785436222.8452604,A2000_B1600,1,2000,1600,1.0,0.6,89446149,2000,1600,1000,1000,0,0,0,0
1785436222.8617182,A2000_B1600,1,2000,1600,1.0,0.6,89462654,2000,1600,1000,1000,0,0,0,0
1785436222.8826132,A2000_B1600,1,2000,1600,1.0,0.6,89485081,2000,1600,1000,1000,0,0,0,0
1785436222.901677,A2000_B1600,1,2000,1600,1.0,0.6,89503052,2000,1600,1000,1000,0,0,0,0
1785436222.9246612,A2000_B1600,1,2000,1600,1.0,0.6,89524016,2000,1600,1000,1000,0,0,0,0
1785436222.9453163,A2000_B1600,1,2000,1600,1.0,0.6,89546476,2000,1600,1000,1000,0,0,0,0
1785436222.9616833,A2000_B1600,1,2000,1600,1.0,0.6,89564487,2000,1600,1000,1000,0,0,0,0
1785436222.9826088,A2000_B1600,1,2000,1600,1.0,0.6,89583942,2000,1600,1000,1000,0,0,0,0
1785436223.0052712,A2000_B1600,1,2000,1600,1.0,0.6,89606368,2000,1600,1000,1000,0,0,0,0
1785436223.0270674,A2000_B1600,1,2000,1600,1.0,0.6,89624382,2000,1600,1000,1000,0,0,0,0
1785436223.0426466,A2000_B1600,1,2000,1600,1.0,0.6,89643800,2000,1600,1000,1000,0,0,0,0
1785436223.0652676,A2000_B1600,1,2000,1600,1.0,0.6,89666262,2000,1600,1000,1000,0,0,0,0
1785436223.081685,A2000_B1600,1,2000,1600,1.0,0.6,89684279,2000,1600,1000,1000,0,0,0,0
1785436223.1052868,A2000_B1600,1,2000,1600,1.0,0.6,89706730,2000,1600,1000,1000,0,0,0,0
1785436223.1267304,A2000_B1600,1,2000,1600,1.0,0.6,89724659,2000,1600,1000,1000,0,0,0,0
1785436223.1425917,A2000_B1600,1,2000,1600,1.0,0.6,89744171,2000,1600,1000,1000,0,0,0,0
1785436223.1653118,A2000_B1600,1,2000,1600,1.0,0.6,89766624,2000,1600,1000,1000,0,0,0,0
1785436223.1818275,A2000_B1600,1,2000,1600,1.0,0.6,89784549,2000,1600,1000,1000,0,0,0,0
1785436223.2026489,A2000_B1600,1,2000,1600,1.0,0.6,89804068,2000,1600,1000,1000,0,0,0,0
1785436223.2295578,A2000_B1600,1,2000,1600,1.0,0.6,89826521,2000,1600,1000,1000,0,0,0,0
1785436223.2426167,A2000_B1600,1,2000,1600,1.0,0.6,89844441,2000,1600,1000,1000,0,0,0,0
1785436223.2617338,A2000_B1600,1,2000,1600,1.0,0.6,89864017,2000,1600,1000,1000,0,0,0,0
1785436223.2832882,A2000_B1600,1,2000,1600,1.0,0.6,89884942,2000,1600,1000,1000,0,0,0,0
1785436223.3053346,A2000_B1600,1,2000,1600,1.0,0.6,89904338,2000,1600,1000,1000,0,0,0,0
1785436223.3267398,A2000_B1600,1,2000,1600,1.0,0.6,89926805,2000,1600,1000,1000,0,0,0,0
1785436223.3449554,A2000_B1600,1,2000,1600,1.0,0.6,89946315,2000,1600,1000,1000,0,0,0,0
1785436223.3618968,A2000_B1600,1,2000,1600,1.0,0.6,89964228,2000,1600,1000,1000,0,0,0,0
1785436223.3853154,A2000_B1600,1,2000,1600,1.0,0.6,89986697,2000,1600,1000,1000,0,0,0,0
1785436223.4028137,A2000_B1600,1,2000,1600,1.0,0.6,90004660,2000,1600,1000,1000,0,0,0,0
1785436223.4294252,A2000_B1600,1,2000,1600,1.0,0.6,90027119,2000,1600,1000,1000,0,0,0,0
1785436223.4452782,A2000_B1600,1,2000,1600,1.0,0.6,90046587,2000,1600,1000,1000,0,0,0,0
1785436223.4616349,A2000_B1600,1,2000,1600,1.0,0.6,90064559,2000,1600,1000,1000,0,0,0,0
1785436223.4836617,A2000_B1600,1,2000,1600,1.0,0.6,90084020,2000,1600,1000,1000,0,0,0,0
1785436223.5053017,A2000_B1600,1,2000,1600,1.0,0.6,90106557,2000,1600,1000,1000,0,0,0,0
1785436223.5258255,A2000_B1600,1,2000,1600,1.0,0.6,90124447,2000,1600,1000,1000,0,0,0,0
1785436223.5427058,A2000_B1600,1,2000,1600,1.0,0.6,90143913,2000,1600,1000,1000,0,0,0,0
1785436223.565281,A2000_B1600,1,2000,1600,1.0,0.6,90166376,2000,1600,1000,1000,0,0,0,0
1785436223.583659,A2000_B1600,1,2000,1600,1.0,0.6,90184340,2000,1600,1000,1000,0,0,0,0
1785436223.601915,A2000_B1600,1,2000,1600,1.0,0.6,90203820,2000,1600,1000,1000,0,0,0,0
1785436223.6247816,A2000_B1600,1,2000,1600,1.0,0.6,90224770,2000,1600,1000,1000,0,0,0,0
1785436223.645311,A2000_B1600,1,2000,1600,1.0,0.6,90244263,2000,1600,1000,1000,0,0,0,0
1785436223.6616745,A2000_B1600,1,2000,1600,1.0,0.6,90262206,2000,1600,1000,1000,0,0,0,0
1785436223.6830676,A2000_B1600,1,2000,1600,1.0,0.6,90284664,2000,1600,1000,1000,0,0,0,0
1785436223.7054887,A2000_B1600,1,2000,1600,1.0,0.6,90307134,2000,1600,1000,1000,0,0,0,0
1785436223.725781,A2000_B1600,1,2000,1600,1.0,0.6,90325111,2000,1600,1000,1000,0,0,0,0
1785436223.7453022,A2000_B1600,1,2000,1600,1.0,0.6,90344562,2000,1600,1000,1000,0,0,0,0
1785436223.7621374,A2000_B1600,1,2000,1600,1.0,0.6,90364024,2000,1600,1000,1000,0,0,0,0
1785436223.7859619,A2000_B1600,1,2000,1600,1.0,0.6,90386484,2000,1600,1000,1000,0,0,0,0
1785436223.801616,A2000_B1600,1,2000,1600,1.0,0.6,90404505,2000,1600,1000,1000,0,0,0,0
1785436223.8271918,A2000_B1600,1,2000,1600,1.0,0.6,90426918,2000,1600,1000,1000,0,0,0,0
1785436223.8427267,A2000_B1600,1,2000,1600,1.0,0.6,90444882,2000,1600,1000,1000,0,0,0,0
1785436223.865384,A2000_B1600,1,2000,1600,1.0,0.6,90467346,2000,1600,1000,1000,0,0,0,0
1785436223.8816133,A2000_B1600,1,2000,1600,1.0,0.6,90483809,2000,1600,1000,1000,0,0,0,0
1785436223.9026327,A2000_B1600,1,2000,1600,1.0,0.6,90504777,2000,1600,1000,1000,0,0,0,0
1785436223.9273922,A2000_B1600,1,2000,1600,1.0,0.6,90525741,2000,1600,1000,1000,0,0,0,0
1785436223.941638,A2000_B1600,1,2000,1600,1.0,0.6,90543706,2000,1600,1000,1000,0,0,0,0
1785436223.9637237,A2000_B1600,1,2000,1600,1.0,0.6,90563176,2000,1600,1000,1000,0,0,0,0
1785436223.9854972,A2000_B1600,1,2000,1600,1.0,0.6,90585638,2000,1600,1000,1000,0,0,0,0
1785436224.0023167,A2000_B1600,1,2000,1600,1.0,0.6,90603605,2000,1600,1000,1000,0,0,0,0
1785436224.0258152,A2000_B1600,1,2000,1600,1.0,0.6,90626121,2000,1600,1000,1000,0,0,0,0
1785436224.041627,A2000_B1600,1,2000,1600,1.0,0.6,90642581,2000,1600,1000,1000,0,0,0,0
1785436224.0627115,A2000_B1600,1,2000,1600,1.0,0.6,90665041,2000,1600,1000,1000,0,0,0,0
1785436224.0855312,A2000_B1600,1,2000,1600,1.0,0.6,90685961,2000,1600,1000,1000,0,0,0,0
1785436224.1016192,A2000_B1600,1,2000,1600,1.0,0.6,90702514,2000,1600,1000,1000,0,0,0,0
1785436224.1246932,A2000_B1600,1,2000,1600,1.0,0.6,90723390,2000,1600,1000,1000,0,0,0,0
1785436224.1414073,A2000_B1600,1,2000,1600,1.0,0.6,90742855,2000,1600,1000,1000,0,0,0,0
1785436224.1616466,A2000_B1600,1,2000,1600,1.0,0.6,90763822,2000,1600,1000,1000,0,0,0,0
1785436224.1827679,A2000_B1600,1,2000,1600,1.0,0.6,90783283,2000,1600,1000,1000,0,0,0,0
1785436224.2057037,A2000_B1600,1,2000,1600,1.0,0.6,90805744,2000,1600,1000,1000,0,0,0,0
1785436224.2300704,A2000_B1600,1,2000,1600,1.0,0.6,90825205,2000,1600,1000,1000,0,0,0,0
1785436224.2454233,A2000_B1600,1,2000,1600,1.0,0.6,90846175,2000,1600,1000,1000,0,0,0,0
1785436224.2616494,A2000_B1600,1,2000,1600,1.0,0.6,90862642,2000,1600,1000,1000,0,0,0,0
1785436224.2852724,A2000_B1600,1,2000,1600,1.0,0.6,90885100,2000,1600,1000,1000,0,0,0,0
1785436224.3016262,A2000_B1600,1,2000,1600,1.0,0.6,90903159,2000,1600,1000,1000,0,0,0,0
1785436224.3247156,A2000_B1600,1,2000,1600,1.0,0.6,90925531,2000,1600,1000,1000,0,0,0,0
1785436224.3414533,A2000_B1600,1,2000,1600,1.0,0.6,90943497,2000,1600,1000,1000,0,0,0,0
1785436224.3654442,A2000_B1600,1,2000,1600,1.0,0.6,90965969,2000,1600,1000,1000,0,0,0,0
1785436224.381631,A2000_B1600,1,2000,1600,1.0,0.6,90983934,2000,1600,1000,1000,0,0,0,0
1785436224.4026284,A2000_B1600,1,2000,1600,1.0,0.6,91003396,2000,1600,1000,1000,0,0,0,0
1785436224.4277542,A2000_B1600,1,2000,1600,1.0,0.6,91025858,2000,1600,1000,1000,0,0,0,0
1785436224.4416323,A2000_B1600,1,2000,1600,1.0,0.6,91043824,2000,1600,1000,1000,0,0,0,0
1785436224.462632,A2000_B1600,1,2000,1600,1.0,0.6,91063289,2000,1600,1000,1000,0,0,0,0
1785436224.4855583,A2000_B1600,1,2000,1600,1.0,0.6,91085748,2000,1600,1000,1000,0,0,0,0
1785436224.5016394,A2000_B1600,1,2000,1600,1.0,0.6,91103725,2000,1600,1000,1000,0,0,0,0
1785436224.5273793,A2000_B1600,1,2000,1600,1.0,0.6,91126172,2000,1600,1000,1000,0,0,0,0
1785436224.541639,A2000_B1600,1,2000,1600,1.0,0.6,91142652,2000,1600,1000,1000,0,0,0,0
1785436224.5626576,A2000_B1600,1,2000,1600,1.0,0.6,91165120,2000,1600,1000,1000,0,0,0,0
1785436224.5862315,A2000_B1600,1,2000,1600,1.0,0.6,91187576,2000,1600,1000,1000,0,0,0,0
1785436224.603902,A2000_B1600,1,2000,1600,1.0,0.6,91205536,2000,1600,1000,1000,0,0,0,0
1785436224.6276412,A2000_B1600,1,2000,1600,1.0,0.6,91225003,2000,1600,1000,1000,0,0,0,0
1785436224.6417115,A2000_B1600,1,2000,1600,1.0,0.6,91242974,2000,1600,1000,1000,0,0,0,0
1785436224.6627154,A2000_B1600,1,2000,1600,1.0,0.6,91265436,2000,1600,1000,1000,0,0,0,0
1785436224.6853616,A2000_B1600,1,2000,1600,1.0,0.6,91286440,2000,1600,1000,1000,0,0,0,0
1785436224.7020955,A2000_B1600,1,2000,1600,1.0,0.6,91302861,2000,1600,1000,1000,0,0,0,0
1785436224.7247355,A2000_B1600,1,2000,1600,1.0,0.6,91325326,2000,1600,1000,1000,0,0,0,0
1785436224.7417176,A2000_B1600,1,2000,1600,1.0,0.6,91343300,2000,1600,1000,1000,0,0,0,0
1785436224.7653658,A2000_B1600,1,2000,1600,1.0,0.6,91365751,2000,1600,1000,1000,0,0,0,0
1785436224.7818077,A2000_B1600,1,2000,1600,1.0,0.6,91383766,2000,1600,1000,1000,0,0,0,0
1785436224.8030374,A2000_B1600,1,2000,1600,1.0,0.6,91403191,2000,1600,1000,1000,0,0,0,0
1785436224.8277555,A2000_B1600,1,2000,1600,1.0,0.6,91425649,2000,1600,1000,1000,0,0,0,0
1785436224.8426788,A2000_B1600,1,2000,1600,1.0,0.6,91445113,2000,1600,1000,1000,0,0,0,0
1785436224.8653617,A2000_B1600,1,2000,1600,1.0,0.6,91466122,2000,1600,1000,1000,0,0,0,0
1785436224.8819113,A2000_B1600,1,2000,1600,1.0,0.6,91482545,2000,1600,1000,1000,0,0,0,0
1785436224.9026883,A2000_B1600,1,2000,1600,1.0,0.6,91505013,2000,1600,1000,1000,0,0,0,0
1785436224.927438,A2000_B1600,1,2000,1600,1.0,0.6,91524473,2000,1600,1000,1000,0,0,0,0
1785436224.9416523,A2000_B1600,1,2000,1600,1.0,0.6,91543937,2000,1600,1000,1000,0,0,0,0
1785436224.9626594,A2000_B1600,1,2000,1600,1.0,0.6,91564903,2000,1600,1000,1000,0,0,0,0
1785436224.9854167,A2000_B1600,1,2000,1600,1.0,0.6,91584367,2000,1600,1000,1000,0,0,0,0
1785436225.001647,A2000_B1600,1,2000,1600,1.0,0.6,91603836,2000,1600,1000,1000,0,0,0,0
1785436225.0249362,A2000_B1600,1,2000,1600,1.0,0.6,91624797,2000,1600,1000,1000,0,0,0,0
1785436225.0456927,A2000_B1600,1,2000,1600,1.0,0.6,91644310,2000,1600,1000,1000,0,0,0,0
1785436225.0616663,A2000_B1600,1,2000,1600,1.0,0.6,91663728,2000,1600,1000,1000,0,0,0,0
1785436225.0827956,A2000_B1600,1,2000,1600,1.0,0.6,91684692,2000,1600,1000,1000,0,0,0,0
1785436225.1016908,A2000_B1600,1,2000,1600,1.0,0.6,91704153,2000,1600,1000,1000,0,0,0,0
1785436225.1250992,A2000_B1600,1,2000,1600,1.0,0.6,91725117,2000,1600,1000,1000,0,0,0,0
1785436225.141653,A2000_B1600,1,2000,1600,1.0,0.6,91744586,2000,1600,1000,1000,0,0,0,0
1785436225.1630023,A2000_B1600,1,2000,1600,1.0,0.6,91764047,2000,1600,1000,1000,0,0,0,0
1785436225.1857443,A2000_B1600,1,2000,1600,1.0,0.6,91786508,2000,1600,1000,1000,0,0,0,0
1785436225.202719,A2000_B1600,1,2000,1600,1.0,0.6,91804479,2000,1600,1000,1000,0,0,0,0
1785436225.2296343,A2000_B1600,1,2000,1600,1.0,0.6,91826940,2000,1600,1000,1000,0,0,0,0
1785436225.2417161,A2000_B1600,1,2000,1600,1.0,0.6,91841913,2000,1600,1000,1000,0,0,0,0
1785436225.2653596,A2000_B1600,1,2000,1600,1.0,0.6,91864378,2000,1600,1000,1000,0,0,0,0
1785436225.281657,A2000_B1600,1,2000,1600,1.0,0.6,91883840,2000,1600,1000,1000,0,0,0,0
1785436225.3026578,A2000_B1600,1,2000,1600,1.0,0.6,91904796,2000,1600,1000,1000,0,0,0,0
1785436225.3278854,A2000_B1700,1,2000,1700,1.0,0.7,91924270,2000,1600,1000,1000,0,0,0,0
1785436225.3454423,A2000_B1700,1,2000,1700,1.0,0.7,91946728,2000,1700,1000,1000,0,0,0,0
1785436225.3616636,A2000_B1700,1,2000,1700,1.0,0.7,91964695,2000,1700,1000,1000,0,0,0,0
1785436225.3853278,A2000_B1700,1,2000,1700,1.0,0.7,91984165,2000,1700,1000,1000,0,0,0,0
1785436225.4016807,A2000_B1700,1,2000,1700,1.0,0.7,92002135,2000,1700,1000,1000,0,0,0,0
1785436225.427579,A2000_B1700,1,2000,1700,1.0,0.7,92024588,2000,1700,1000,1000,0,0,0,0
1785436225.4426835,A2000_B1700,1,2000,1700,1.0,0.7,92044058,2000,1700,1000,1000,0,0,0,0
1785436225.465339,A2000_B1700,1,2000,1700,1.0,0.7,92066621,2000,1700,1000,1000,0,0,0,0
1785436225.481755,A2000_B1700,1,2000,1700,1.0,0.7,92084478,2000,1700,1000,1000,0,0,0,0
1785436225.502699,A2000_B1700,1,2000,1700,1.0,0.7,92103974,2000,1700,1000,1000,0,0,0,0
1785436225.5292675,A2000_B1700,1,2000,1700,1.0,0.7,92124972,2000,1700,1000,1000,0,0,0,0
1785436225.5453703,A2000_B1700,1,2000,1700,1.0,0.7,92144374,2000,1700,1000,1000,0,0,0,0
1785436225.5616922,A2000_B1700,1,2000,1700,1.0,0.7,92163869,2000,1700,1000,1000,0,0,0,0
1785436225.584883,A2000_B1700,1,2000,1700,1.0,0.7,92186303,2000,1700,1000,1000,0,0,0,0
1785436225.6053307,A2000_B1700,1,2000,1700,1.0,0.7,92204269,2000,1700,1000,1000,0,0,0,0
1785436225.626936,A2000_B1700,1,2000,1700,1.0,0.7,92223737,2000,1700,1000,1000,0,0,0,0
1785436225.6428888,A2000_B1700,1,2000,1700,1.0,0.7,92244743,2000,1700,1000,1000,0,0,0,0
1785436225.665373,A2000_B1700,1,2000,1700,1.0,0.7,92264165,2000,1700,1000,1000,0,0,0,0
1785436225.6818483,A2000_B1700,1,2000,1700,1.0,0.7,92282183,2000,1700,1000,1000,0,0,0,0
1785436225.7056236,A2000_B1700,1,2000,1700,1.0,0.7,92304633,2000,1700,1000,1000,0,0,0,0
1785436225.7281055,A2000_B1700,1,2000,1700,1.0,0.7,92324066,2000,1700,1000,1000,0,0,0,0
1785436225.7428143,A2000_B1700,1,2000,1700,1.0,0.7,92345021,2000,1700,1000,1000,0,0,0,0
1785436225.7654686,A2000_B1700,1,2000,1700,1.0,0.7,92364548,2000,1700,1000,1000,0,0,0,0
1785436225.7821157,A2000_B1700,1,2000,1700,1.0,0.7,92383974,2000,1700,1000,1000,0,0,0,0
1785436225.8037,A2000_B1700,1,2000,1700,1.0,0.7,92404927,2000,1700,1000,1000,0,0,0,0
1785436225.8276582,A2000_B1700,1,2000,1700,1.0,0.7,92424425,2000,1700,1000,1000,0,0,0,0
1785436225.8417435,A2000_B1700,1,2000,1700,1.0,0.7,92443847,2000,1700,1000,1000,0,0,0,0
1785436225.8629448,A2000_B1700,1,2000,1700,1.0,0.7,92464809,2000,1700,1000,1000,0,0,0,0
1785436225.885793,A2000_B1700,1,2000,1700,1.0,0.7,92487279,2000,1700,1000,1000,0,0,0,0
1785436225.901758,A2000_B1700,1,2000,1700,1.0,0.7,92503737,2000,1700,1000,1000,0,0,0,0
1785436225.928215,A2000_B1700,1,2000,1700,1.0,0.7,92524707,2000,1700,1000,1000,0,0,0,0
1785436225.9456325,A2000_B1700,1,2000,1700,1.0,0.7,92545666,2000,1700,1000,1000,0,0,0,0
1785436225.962707,A2000_B1700,1,2000,1700,1.0,0.7,92565136,2000,1700,1000,1000,0,0,0,0
1785436225.9854634,A2000_B1700,1,2000,1700,1.0,0.7,92586183,2000,1700,1000,1000,0,0,0,0
1785436226.0016947,A2000_B1700,1,2000,1700,1.0,0.7,92602569,2000,1700,1000,1000,0,0,0,0
1785436226.0251703,A2000_B1700,1,2000,1700,1.0,0.7,92625032,2000,1700,1000,1000,0,0,0,0
1785436226.0461185,A2000_B1700,1,2000,1700,1.0,0.7,92647486,2000,1700,1000,1000,0,0,0,0
1785436226.061745,A2000_B1700,1,2000,1700,1.0,0.7,92662496,2000,1700,1000,1000,0,0,0,0
1785436226.0827515,A2000_B1700,1,2000,1700,1.0,0.7,92683438,2000,1700,1000,1000,0,0,0,0
1785436226.1053631,A2000_B1700,1,2000,1700,1.0,0.7,92705882,2000,1700,1000,1000,0,0,0,0
1785436226.127105,A2000_B1700,1,2000,1700,1.0,0.7,92725350,2000,1700,1000,1000,0,0,0,0
1785436226.1427188,A2000_B1700,1,2000,1700,1.0,0.7,92743321,2000,1700,1000,1000,0,0,0,0
1785436226.165644,A2000_B1700,1,2000,1700,1.0,0.7,92765777,2000,1700,1000,1000,0,0,0,0
1785436226.1853676,A2000_B1700,1,2000,1700,1.0,0.7,92785240,2000,1700,1000,1000,0,0,0,0
1785436226.2016964,A2000_B1700,1,2000,1700,1.0,0.7,92803206,2000,1700,1000,1000,0,0,0,0
1785436226.2297428,A2000_B1700,1,2000,1700,1.0,0.7,92825670,2000,1700,1000,1000,0,0,0,0
1785436226.2417195,A2000_B1700,1,2000,1700,1.0,0.7,92843682,2000,1700,1000,1000,0,0,0,0
1785436226.2653718,A2000_B1700,1,2000,1700,1.0,0.7,92866144,2000,1700,1000,1000,0,0,0,0
1785436226.2851725,A2000_B1700,1,2000,1700,1.0,0.7,92885569,2000,1700,1000,1000,0,0,0,0
1785436226.3053684,A2000_B1700,1,2000,1700,1.0,0.7,92905053,2000,1700,1000,1000,0,0,0,0
1785436226.3274999,A2000_B1700,1,2000,1700,1.0,0.7,92923002,2000,1700,1000,1000,0,0,0,0
1785436226.3417659,A2000_B1700,1,2000,1700,1.0,0.7,92942467,2000,1700,1000,1000,0,0,0,0
1785436226.3626964,A2000_B1700,1,2000,1700,1.0,0.7,92963473,2000,1700,1000,1000,0,0,0,0
1785436226.3855839,A2000_B1700,1,2000,1700,1.0,0.7,92985932,2000,1700,1000,1000,0,0,0,0
1785436226.4017997,A2000_B1700,1,2000,1700,1.0,0.7,93003861,2000,1700,1000,1000,0,0,0,0
1785436226.4254572,A2000_B1700,1,2000,1700,1.0,0.7,93023370,2000,1700,1000,1000,0,0,0,0
1785436226.4453719,A2000_B1700,1,2000,1700,1.0,0.7,93045828,2000,1700,1000,1000,0,0,0,0
1785436226.4617176,A2000_B1700,1,2000,1700,1.0,0.7,93063748,2000,1700,1000,1000,0,0,0,0
1785436226.4853942,A2000_B1700,1,2000,1700,1.0,0.7,93086213,2000,1700,1000,1000,0,0,0,0
1785436226.501699,A2000_B1700,1,2000,1700,1.0,0.7,93102681,2000,1700,1000,1000,0,0,0,0
1785436226.5247617,A2000_B1700,1,2000,1700,1.0,0.7,93125143,2000,1700,1000,1000,0,0,0,0
1785436226.5453846,A2000_B1700,1,2000,1700,1.0,0.7,93146106,2000,1700,1000,1000,0,0,0,0
1785436226.5654922,A2000_B1700,1,2000,1700,1.0,0.7,93165619,2000,1700,1000,1000,0,0,0,0
1785436226.5817802,A2000_B1700,1,2000,1700,1.0,0.7,93183535,2000,1700,1000,1000,0,0,0,0
1785436226.60285,A2000_B1700,1,2000,1700,1.0,0.7,93203050,2000,1700,1000,1000,0,0,0,0
1785436226.627814,A2000_B1700,1,2000,1700,1.0,0.7,93225515,2000,1700,1000,1000,0,0,0,0
1785436226.6454456,A2000_B1700,1,2000,1700,1.0,0.7,93244931,2000,1700,1000,1000,0,0,0,0
1785436226.6627905,A2000_B1700,1,2000,1700,1.0,0.7,93262945,2000,1700,1000,1000,0,0,0,0
1785436226.6854277,A2000_B1700,1,2000,1700,1.0,0.7,93285481,2000,1700,1000,1000,0,0,0,0
1785436226.7027524,A2000_B1700,1,2000,1700,1.0,0.7,93303328,2000,1700,1000,1000,0,0,0,0
1785436226.7275975,A2000_B1700,1,2000,1700,1.0,0.7,93325790,2000,1700,1000,1000,0,0,0,0
1785436226.7418234,A2000_B1700,1,2000,1700,1.0,0.7,93343782,2000,1700,1000,1000,0,0,0,0
1785436226.7628257,A2000_B1700,1,2000,1700,1.0,0.7,93363221,2000,1700,1000,1000,0,0,0,0
1785436226.7815118,A2000_B1700,1,2000,1700,1.0,0.7,93382778,2000,1700,1000,1000,0,0,0,0
1785436226.8028057,A2000_B1700,1,2000,1700,1.0,0.7,93405188,2000,1700,1000,1000,0,0,0,0
1785436226.827533,A2000_B1700,1,2000,1700,1.0,0.7,93426106,2000,1700,1000,1000,0,0,0,0
1785436226.8418064,A2000_B1700,1,2000,1700,1.0,0.7,93442627,2000,1700,1000,1000,0,0,0,0
1785436226.8627484,A2000_B1700,1,2000,1700,1.0,0.7,93465086,2000,1700,1000,1000,0,0,0,0
1785436226.8854358,A2000_B1700,1,2000,1700,1.0,0.7,93486007,2000,1700,1000,1000,0,0,0,0
1785436226.9018474,A2000_B1700,1,2000,1700,1.0,0.7,93502516,2000,1700,1000,1000,0,0,0,0
1785436226.9248922,A2000_B1700,1,2000,1700,1.0,0.7,93524980,2000,1700,1000,1000,0,0,0,0
1785436226.9454455,A2000_B1700,1,2000,1700,1.0,0.7,93544399,2000,1700,1000,1000,0,0,0,0
1785436226.961743,A2000_B1700,1,2000,1700,1.0,0.7,93563866,2000,1700,1000,1000,0,0,0,0
1785436226.9827287,A2000_B1700,1,2000,1700,1.0,0.7,93584874,2000,1700,1000,1000,0,0,0,0
1785436227.005383,A2000_B1700,1,2000,1700,1.0,0.7,93604356,2000,1700,1000,1000,0,0,0,0
1785436227.027005,A2000_B1700,1,2000,1700,1.0,0.7,93623759,2000,1700,1000,1000,0,0,0,0
1785436227.0427392,A2000_B1700,1,2000,1700,1.0,0.7,93644766,2000,1700,1000,1000,0,0,0,0
1785436227.0654898,A2000_B1700,1,2000,1700,1.0,0.7,93664187,2000,1700,1000,1000,0,0,0,0
1785436227.0817542,A2000_B1700,1,2000,1700,1.0,0.7,93683650,2000,1700,1000,1000,0,0,0,0
1785436227.1054087,A2000_B1700,1,2000,1700,1.0,0.7,93706115,2000,1700,1000,1000,0,0,0,0
1785436227.126764,A2000_B1700,1,2000,1700,1.0,0.7,93724078,2000,1700,1000,1000,0,0,0,0
1785436227.1427183,A2000_B1700,1,2000,1700,1.0,0.7,93745053,2000,1700,1000,1000,0,0,0,0
1785436227.1659372,A2000_B1700,1,2000,1700,1.0,0.7,93764557,2000,1700,1000,1000,0,0,0,0
1785436227.1818087,A2000_B1700,1,2000,1700,1.0,0.7,93783977,2000,1700,1000,1000,0,0,0,0
1785436227.2027304,A2000_B1700,1,2000,1700,1.0,0.7,93804943,2000,1700,1000,1000,0,0,0,0
1785436227.2297533,A2000_B1700,1,2000,1700,1.0,0.7,93824453,2000,1700,1000,1000,0,0,0,0
1785436227.241722,A2000_B1700,1,2000,1700,1.0,0.7,93843875,2000,1700,1000,1000,0,0,0,0
1785436227.2627952,A2000_B1700,1,2000,1700,1.0,0.7,93864833,2000,1700,1000,1000,0,0,0,0
1785436227.2853847,A2000_B1700,1,2000,1700,1.0,0.7,93884368,2000,1700,1000,1000,0,0,0,0
1785436227.3017912,A2000_B1700,1,2000,1700,1.0,0.7,93903760,2000,1700,1000,1000,0,0,0,0
1785436227.3247983,A2000_B1700,1,2000,1700,1.0,0.7,93924732,2000,1700,1000,1000,0,0,0,0
1785436227.3474972,A2000_B1700,1,2000,1700,1.0,0.7,93948689,2000,1700,1000,1000,0,0,0,0
1785436227.365404,A2000_B1700,1,2000,1700,1.0,0.7,93966701,2000,1700,1000,1000,0,0,0,0
1785436227.3817225,A2000_B1700,1,2000,1700,1.0,0.7,93984626,2000,1700,1000,1000,0,0,0,0
1785436227.4054887,A2000_B1700,1,2000,1700,1.0,0.7,94004136,2000,1700,1000,1000,0,0,0,0
1785436227.4253051,A2000_B1700,1,2000,1700,1.0,0.7,94025052,2000,1700,1000,1000,0,0,0,0
1785436227.4453883,A2000_B1700,1,2000,1700,1.0,0.7,94044516,2000,1700,1000,1000,0,0,0,0
1785436227.4627352,A2000_B1700,1,2000,1700,1.0,0.7,94064031,2000,1700,1000,1000,0,0,0,0
1785436227.4854271,A2000_B1700,1,2000,1700,1.0,0.7,94086494,2000,1700,1000,1000,0,0,0,0
1785436227.5017595,A2000_B1700,1,2000,1700,1.0,0.7,94104408,2000,1700,1000,1000,0,0,0,0
1785436227.524802,A2000_B1700,1,2000,1700,1.0,0.7,94123924,2000,1700,1000,1000,0,0,0,0
1785436227.5417354,A2000_B1700,1,2000,1700,1.0,0.7,94141851,2000,1700,1000,1000,0,0,0,0
1785436227.5627308,A2000_B1700,1,2000,1700,1.0,0.7,94164305,2000,1700,1000,1000,0,0,0,0
1785436227.5817878,A2000_B1700,1,2000,1700,1.0,0.7,94183817,2000,1700,1000,1000,0,0,0,0
1785436227.6027327,A2000_B1700,1,2000,1700,1.0,0.7,94204730,2000,1700,1000,1000,0,0,0,0
1785436227.62701,A2000_B1700,1,2000,1700,1.0,0.7,94224196,2000,1700,1000,1000,0,0,0,0
1785436227.6427374,A2000_B1700,1,2000,1700,1.0,0.7,94243709,2000,1700,1000,1000,0,0,0,0
1785436227.6633747,A2000_B1700,1,2000,1700,1.0,0.7,94264640,2000,1700,1000,1000,0,0,0,0
1785436227.6855276,A2000_B1700,1,2000,1700,1.0,0.7,94284097,2000,1700,1000,1000,0,0,0,0
1785436227.701821,A2000_B1700,1,2000,1700,1.0,0.7,94303670,2000,1700,1000,1000,0,0,0,0
1785436227.7268121,A2000_B1700,1,2000,1700,1.0,0.7,94324631,2000,1700,1000,1000,0,0,0,0
1785436227.7417395,A2000_B1700,1,2000,1700,1.0,0.7,94343994,2000,1700,1000,1000,0,0,0,0
1785436227.762736,A2000_B1700,1,2000,1700,1.0,0.7,94364948,2000,1700,1000,1000,0,0,0,0
1785436227.785388,A2000_B1700,1,2000,1700,1.0,0.7,94384414,2000,1700,1000,1000,0,0,0,0
1785436227.8054,A2000_B1700,1,2000,1700,1.0,0.7,94403884,2000,1700,1000,1000,0,0,0,0
1785436227.8253872,A2000_B1700,1,2000,1700,1.0,0.7,94424841,2000,1700,1000,1000,0,0,0,0
1785436227.8454497,A2000_B1700,1,2000,1700,1.0,0.7,94444312,2000,1700,1000,1000,0,0,0,0
1785436227.8620572,A2000_B1700,1,2000,1700,1.0,0.7,94463776,2000,1700,1000,1000,0,0,0,0
1785436227.885168,A2000_B1700,1,2000,1700,1.0,0.7,94486237,2000,1700,1000,1000,0,0,0,0
1785436227.9018261,A2000_B1700,1,2000,1700,1.0,0.7,94504202,2000,1700,1000,1000,0,0,0,0
1785436227.9249482,A2000_B1700,1,2000,1700,1.0,0.7,94523673,2000,1700,1000,1000,0,0,0,0
1785436227.9429364,A2000_B1700,1,2000,1700,1.0,0.7,94543181,2000,1700,1000,1000,0,0,0,0
1785436227.9655063,A2000_B1700,1,2000,1700,1.0,0.7,94565645,2000,1700,1000,1000,0,0,0,0
1785436227.983031,A2000_B1700,1,2000,1700,1.0,0.7,94585061,2000,1700,1000,1000,0,0,0,0
1785436228.0054307,A2000_B1700,1,2000,1700,1.0,0.7,94606021,2000,1700,1000,1000,0,0,0,0
1785436228.0270236,A2000_B1700,1,2000,1700,1.0,0.7,94622540,2000,1700,1000,1000,0,0,0,0
1785436228.043918,A2000_B1700,1,2000,1700,1.0,0.7,94644958,2000,1700,1000,1000,0,0,0,0
1785436228.0654063,A2000_B1700,1,2000,1700,1.0,0.7,94665912,2000,1700,1000,1000,0,0,0,0
1785436228.085496,A2000_B1700,1,2000,1700,1.0,0.7,94685473,2000,1700,1000,1000,0,0,0,0
1785436228.1027503,A2000_B1700,1,2000,1700,1.0,0.7,94704850,2000,1700,1000,1000,0,0,0,0
1785436228.12764,A2000_B1700,1,2000,1700,1.0,0.7,94725810,2000,1700,1000,1000,0,0,0,0
1785436228.141751,A2000_B1700,1,2000,1700,1.0,0.7,94743779,2000,1700,1000,1000,0,0,0,0
1785436228.1633394,A2000_B1700,1,2000,1700,1.0,0.7,94763253,2000,1700,1000,1000,0,0,0,0
1785436228.1818511,A2000_B1700,1,2000,1700,1.0,0.7,94782758,2000,1700,1000,1000,0,0,0,0
1785436228.2027903,A2000_B1700,1,2000,1700,1.0,0.7,94805218,2000,1700,1000,1000,0,0,0,0
1785436228.2300406,A2000_B1700,1,2000,1700,1.0,0.7,94826136,2000,1700,1000,1000,0,0,0,0
1785436228.241759,A2000_B1700,1,2000,1700,1.0,0.7,94842649,2000,1700,1000,1000,0,0,0,0
1785436228.2627606,A2000_B1700,1,2000,1700,1.0,0.7,94865113,2000,1700,1000,1000,0,0,0,0
1785436228.2854266,A2000_B1700,1,2000,1700,1.0,0.7,94886026,2000,1700,1000,1000,0,0,0,0
1785436228.3017516,A2000_B1700,1,2000,1700,1.0,0.7,94902542,2000,1700,1000,1000,0,0,0,0
1785436228.3259168,A2000_B1700,1,2000,1700,1.0,0.7,94925009,2000,1700,1000,1000,0,0,0,0
1785436228.3454778,A2000_B1700,1,2000,1700,1.0,0.7,94945920,2000,1700,1000,1000,0,0,0,0
1785436228.3617496,A2000_B1700,1,2000,1700,1.0,0.7,94962436,2000,1700,1000,1000,0,0,0,0
1785436228.3828733,A2000_B1700,1,2000,1700,1.0,0.7,94984903,2000,1700,1000,1000,0,0,0,0
1785436228.4023829,A2000_B1700,1,2000,1700,1.0,0.7,95002832,2000,1700,1000,1000,0,0,0,0
1785436228.4250796,A2000_B1700,1,2000,1700,1.0,0.7,95025278,2000,1700,1000,1000,0,0,0,0
1785436228.4454787,A2000_B1700,1,2000,1700,1.0,0.7,95044845,2000,1700,1000,1000,0,0,0,0
1785436228.461766,A2000_B1700,1,2000,1700,1.0,0.7,95062722,2000,1700,1000,1000,0,0,0,0
1785436228.482771,A2000_B1700,1,2000,1700,1.0,0.7,95085173,2000,1700,1000,1000,0,0,0,0
1785436228.5063384,A2000_B1700,1,2000,1700,1.0,0.7,95107642,2000,1700,1000,1000,0,0,0,0
1785436228.5283897,A2000_B1700,1,2000,1700,1.0,0.7,95125609,2000,1700,1000,1000,0,0,0,0
1785436228.543791,A2000_B1700,1,2000,1700,1.0,0.7,95145070,2000,1700,1000,1000,0,0,0,0
1785436228.5657368,A2000_B1700,1,2000,1700,1.0,0.7,95166037,2000,1700,1000,1000,0,0,0,0
1785436228.5817692,A2000_B1700,1,2000,1700,1.0,0.7,95182508,2000,1700,1000,1000,0,0,0,0
1785436228.6055121,A2000_B1700,1,2000,1700,1.0,0.7,95204972,2000,1700,1000,1000,0,0,0,0
1785436228.6270494,A2000_B1700,1,2000,1700,1.0,0.7,95222933,2000,1700,1000,1000,0,0,0,0
1785436228.6427836,A2000_B1700,1,2000,1700,1.0,0.7,95245391,2000,1700,1000,1000,0,0,0,0
1785436228.66633,A2000_B1700,1,2000,1700,1.0,0.7,95264855,2000,1700,1000,1000,0,0,0,0
1785436228.6860545,A2000_B1700,1,2000,1700,1.0,0.7,95287392,2000,1700,1000,1000,0,0,0,0
1785436228.7017696,A2000_B1700,1,2000,1700,1.0,0.7,95303795,2000,1700,1000,1000,0,0,0,0
1785436228.7254608,A2000_B1700,1,2000,1700,1.0,0.7,95323258,2000,1700,1000,1000,0,0,0,0
1785436228.745415,A2000_B1700,1,2000,1700,1.0,0.7,95345719,2000,1700,1000,1000,0,0,0,0
1785436228.7617831,A2000_B1700,1,2000,1700,1.0,0.7,95363725,2000,1700,1000,1000,0,0,0,0
1785436228.782904,A2000_B1700,1,2000,1700,1.0,0.7,95383153,2000,1700,1000,1000,0,0,0,0
1785436228.8054657,A2000_B1700,1,2000,1700,1.0,0.7,95405610,2000,1700,1000,1000,0,0,0,0
1785436228.8271976,A2000_B1700,1,2000,1700,1.0,0.7,95425079,2000,1700,1000,1000,0,0,0,0
1785436228.8430994,A2000_B1700,1,2000,1700,1.0,0.7,95443046,2000,1700,1000,1000,0,0,0,0
1785436228.8618891,A2000_B1700,1,2000,1700,1.0,0.7,95462513,2000,1700,1000,1000,0,0,0,0
1785436228.8828034,A2000_B1700,1,2000,1700,1.0,0.7,95484972,2000,1700,1000,1000,0,0,0,0
1785436228.9054856,A2000_B1700,1,2000,1700,1.0,0.7,95505939,2000,1700,1000,1000,0,0,0,0
1785436228.9264975,A2000_B1700,1,2000,1700,1.0,0.7,95522406,2000,1700,1000,1000,0,0,0,0
1785436228.9428687,A2000_B1700,1,2000,1700,1.0,0.7,95543369,2000,1700,1000,1000,0,0,0,0
1785436228.9620183,A2000_B1700,1,2000,1700,1.0,0.7,95564439,2000,1700,1000,1000,0,0,0,0
1785436228.982928,A2000_B1700,1,2000,1700,1.0,0.7,95583846,2000,1700,1000,1000,0,0,0,0
1785436229.0055013,A2000_B1700,1,2000,1700,1.0,0.7,95606299,2000,1700,1000,1000,0,0,0,0
1785436229.027154,A2000_B1700,1,2000,1700,1.0,0.7,95624263,2000,1700,1000,1000,0,0,0,0
1785436229.0427856,A2000_B1700,1,2000,1700,1.0,0.7,95643740,2000,1700,1000,1000,0,0,0,0
1785436229.0654383,A2000_B1700,1,2000,1700,1.0,0.7,95666195,2000,1700,1000,1000,0,0,0,0
1785436229.0819545,A2000_B1700,1,2000,1700,1.0,0.7,95684119,2000,1700,1000,1000,0,0,0,0
1785436229.1028519,A2000_B1700,1,2000,1700,1.0,0.7,95703630,2000,1700,1000,1000,0,0,0,0
1785436229.1275756,A2000_B1700,1,2000,1700,1.0,0.7,95727546,2000,1700,1000,1000,0,0,0,0
1785436229.1427753,A2000_B1700,1,2000,1700,1.0,0.7,95744014,2000,1700,1000,1000,0,0,0,0
1785436229.1665294,A2000_B1700,1,2000,1700,1.0,0.7,95766474,2000,1700,1000,1000,0,0,0,0
1785436229.1860943,A2000_B1700,1,2000,1700,1.0,0.7,95787442,2000,1700,1000,1000,0,0,0,0
1785436229.2018824,A2000_B1700,1,2000,1700,1.0,0.7,95803904,2000,1700,1000,1000,0,0,0,0
1785436229.2270243,A2000_B1700,1,2000,1700,1.0,0.7,95824872,2000,1700,1000,1000,0,0,0,0
1785436229.2454455,A2000_B1700,1,2000,1700,1.0,0.7,95844336,2000,1700,1000,1000,0,0,0,0
1785436229.2633133,A2000_B1700,1,2000,1700,1.0,0.7,95863798,2000,1700,1000,1000,0,0,0,0
1785436229.2854435,A2000_B1700,1,2000,1700,1.0,0.7,95886261,2000,1700,1000,1000,0,0,0,0
1785436229.3018162,A2000_B1700,1,2000,1700,1.0,0.7,95904225,2000,1700,1000,1000,0,0,0,0
1785436229.3271022,A2000_B1800,1,2000,1800,1.0,0.8,95923694,2000,1700,1000,1000,0,0,0,0
1785436229.3454459,A2000_B1800,1,2000,1800,1.0,0.8,95946157,2000,1800,1000,1000,0,0,0,0
1785436229.3625653,A2000_B1800,1,2000,1800,1.0,0.8,95964120,2000,1800,1000,1000,0,0,0,0
1785436229.3828776,A2000_B1800,1,2000,1800,1.0,0.8,95985093,2000,1800,1000,1000,0,0,0,0
1785436229.4054859,A2000_B1800,1,2000,1800,1.0,0.8,96004558,2000,1800,1000,1000,0,0,0,0
1785436229.427273,A2000_B1800,1,2000,1800,1.0,0.8,96024018,2000,1800,1000,1000,0,0,0,0
1785436229.443889,A2000_B1800,1,2000,1800,1.0,0.8,96044985,2000,1800,1000,1000,0,0,0,0
1785436229.4654796,A2000_B1800,1,2000,1800,1.0,0.8,96064444,2000,1800,1000,1000,0,0,0,0
1785436229.481881,A2000_B1800,1,2000,1800,1.0,0.8,96083968,2000,1800,1000,1000,0,0,0,0
1785436229.5038767,A2000_B1800,1,2000,1800,1.0,0.8,96104898,2000,1800,1000,1000,0,0,0,0
1785436229.52757,A2000_B1800,1,2000,1800,1.0,0.8,96124353,2000,1800,1000,1000,0,0,0,0
1785436229.54182,A2000_B1800,1,2000,1800,1.0,0.8,96143802,2000,1800,1000,1000,0,0,0,0
1785436229.5629325,A2000_B1800,1,2000,1800,1.0,0.8,96164769,2000,1800,1000,1000,0,0,0,0
1785436229.585464,A2000_B1800,1,2000,1800,1.0,0.8,96184236,2000,1800,1000,1000,0,0,0,0
1785436229.6038098,A2000_B1800,1,2000,1800,1.0,0.8,96203699,2000,1800,1000,1000,0,0,0,0
1785436229.6277933,A2000_B1800,1,2000,1800,1.0,0.8,96226160,2000,1800,1000,1000,0,0,0,0
1785436229.6417887,A2000_B1800,1,2000,1800,1.0,0.8,96244129,2000,1800,1000,1000,0,0,0,0
1785436229.6632917,A2000_B1800,1,2000,1800,1.0,0.8,96265135,2000,1800,1000,1000,0,0,0,0
1785436229.6854968,A2000_B1800,1,2000,1800,1.0,0.8,96284657,2000,1800,1000,1000,0,0,0,0
1785436229.7018669,A2000_B1800,1,2000,1800,1.0,0.8,96304022,2000,1800,1000,1000,0,0,0,0
1785436229.724966,A2000_B1800,1,2000,1800,1.0,0.8,96325029,2000,1800,1000,1000,0,0,0,0
1785436229.7454855,A2000_B1800,1,2000,1800,1.0,0.8,96344457,2000,1800,1000,1000,0,0,0,0
1785436229.7618613,A2000_B1800,1,2000,1800,1.0,0.8,96363921,2000,1800,1000,1000,0,0,0,0
1785436229.782908,A2000_B1800,1,2000,1800,1.0,0.8,96384921,2000,1800,1000,1000,0,0,0,0
1785436229.8060975,A2000_B1800,1,2000,1800,1.0,0.8,96407388,2000,1800,1000,1000,0,0,0,0
1785436229.829371,A2000_B1800,1,2000,1800,1.0,0.8,96423809,2000,1800,1000,1000,0,0,0,0
1785436229.8440688,A2000_B1800,1,2000,1800,1.0,0.8,96444818,2000,1800,1000,1000,0,0,0,0
1785436229.8656178,A2000_B1800,1,2000,1800,1.0,0.8,96464248,2000,1800,1000,1000,0,0,0,0
1785436229.8823698,A2000_B1800,1,2000,1800,1.0,0.8,96483705,2000,1800,1000,1000,0,0,0,0
1785436229.9031742,A2000_B1800,1,2000,1800,1.0,0.8,96504713,2000,1800,1000,1000,0,0,0,0
1785436229.9276826,A2000_B1800,1,2000,1800,1.0,0.8,96527211,2000,1800,1000,1000,0,0,0,0
1785436229.9423387,A2000_B1800,1,2000,1800,1.0,0.8,96543603,2000,1800,1000,1000,0,0,0,0
1785436229.9641218,A2000_B1800,1,2000,1800,1.0,0.8,96566066,2000,1800,1000,1000,0,0,0,0
1785436229.9820783,A2000_B1800,1,2000,1800,1.0,0.8,96582596,2000,1800,1000,1000,0,0,0,0
1785436230.0030942,A2000_B1800,1,2000,1800,1.0,0.8,96604991,2000,1800,1000,1000,0,0,0,0
1785436230.0276442,A2000_B1800,1,2000,1800,1.0,0.8,96625960,2000,1800,1000,1000,0,0,0,0
1785436230.0419369,A2000_B1800,1,2000,1800,1.0,0.8,96642441,2000,1800,1000,1000,0,0,0,0
1785436230.06388,A2000_B1800,1,2000,1800,1.0,0.8,96664882,2000,1800,1000,1000,0,0,0,0
1785436230.085515,A2000_B1800,1,2000,1800,1.0,0.8,96685860,2000,1800,1000,1000,0,0,0,0
1785436230.1018248,A2000_B1800,1,2000,1800,1.0,0.8,96702323,2000,1800,1000,1000,0,0,0,0
1785436230.1276488,A2000_B1800,1,2000,1800,1.0,0.8,96726276,2000,1800,1000,1000,0,0,0,0
1785436230.1425226,A2000_B1800,1,2000,1800,1.0,0.8,96742749,2000,1800,1000,1000,0,0,0,0
1785436230.163454,A2000_B1800,1,2000,1800,1.0,0.8,96765256,2000,1800,1000,1000,0,0,0,0
1785436230.1855335,A2000_B1800,1,2000,1800,1.0,0.8,96786177,2000,1800,1000,1000,0,0,0,0
1785436230.202287,A2000_B1800,1,2000,1800,1.0,0.8,96802644,2000,1800,1000,1000,0,0,0,0
1785436230.227321,A2000_B1800,1,2000,1800,1.0,0.8,96825150,2000,1800,1000,1000,0,0,0,0
1785436230.2455304,A2000_B1800,1,2000,1800,1.0,0.8,96846074,2000,1800,1000,1000,0,0,0,0
1785436230.2625694,A2000_B1800,1,2000,1800,1.0,0.8,96865540,2000,1800,1000,1000,0,0,0,0
1785436230.282829,A2000_B1800,1,2000,1800,1.0,0.8,96885001,2000,1800,1000,1000,0,0,0,0
1785436230.3056638,A2000_B1800,1,2000,1800,1.0,0.8,96905962,2000,1800,1000,1000,0,0,0,0
1785436230.3268552,A2000_B1800,1,2000,1800,1.0,0.8,96922428,2000,1800,1000,1000,0,0,0,0
1785436230.3449845,A2000_B1800,1,2000,1800,1.0,0.8,96944891,2000,1800,1000,1000,0,0,0,0
1785436230.3654907,A2000_B1800,1,2000,1800,1.0,0.8,96965852,2000,1800,1000,1000,0,0,0,0
1785436230.3818867,A2000_B1800,1,2000,1800,1.0,0.8,96982324,2000,1800,1000,1000,0,0,0,0
1785436230.402873,A2000_B1800,1,2000,1800,1.0,0.8,97003297,2000,1800,1000,1000,0,0,0,0
1785436230.4276385,A2000_B1800,1,2000,1800,1.0,0.8,97025820,2000,1800,1000,1000,0,0,0,0
1785436230.4418201,A2000_B1800,1,2000,1800,1.0,0.8,97043759,2000,1800,1000,1000,0,0,0,0
1785436230.4655378,A2000_B1800,1,2000,1800,1.0,0.8,97066220,2000,1800,1000,1000,0,0,0,0
1785436230.4819133,A2000_B1800,1,2000,1800,1.0,0.8,97082647,2000,1800,1000,1000,0,0,0,0
1785436230.5038905,A2000_B1800,1,2000,1800,1.0,0.8,97105107,2000,1800,1000,1000,0,0,0,0
1785436230.5275748,A2000_B1800,1,2000,1800,1.0,0.8,97126117,2000,1800,1000,1000,0,0,0,0
1785436230.5418189,A2000_B1800,1,2000,1800,1.0,0.8,97142540,2000,1800,1000,1000,0,0,0,0
1785436230.562863,A2000_B1800,1,2000,1800,1.0,0.8,97165009,2000,1800,1000,1000,0,0,0,0
1785436230.5858257,A2000_B1800,1,2000,1800,1.0,0.8,97186015,2000,1800,1000,1000,0,0,0,0
1785436230.6018226,A2000_B1800,1,2000,1800,1.0,0.8,97202436,2000,1800,1000,1000,0,0,0,0
1785436230.62801,A2000_B1800,1,2000,1800,1.0,0.8,97224901,2000,1800,1000,1000,0,0,0,0
1785436230.6418371,A2000_B1800,1,2000,1800,1.0,0.8,97242865,2000,1800,1000,1000,0,0,0,0
1785436230.6633375,A2000_B1800,1,2000,1800,1.0,0.8,97265320,2000,1800,1000,1000,0,0,0,0
1785436230.681897,A2000_B1800,1,2000,1800,1.0,0.8,97283347,2000,1800,1000,1000,0,0,0,0
1785436230.7055087,A2000_B1800,1,2000,1800,1.0,0.8,97305799,2000,1800,1000,1000,0,0,0,0
1785436230.7268913,A2000_B1800,1,2000,1800,1.0,0.8,97323769,2000,1800,1000,1000,0,0,0,0
1785436230.7428305,A2000_B1800,1,2000,1800,1.0,0.8,97343238,2000,1800,1000,1000,0,0,0,0
1785436230.7655032,A2000_B1800,1,2000,1800,1.0,0.8,97365691,2000,1800,1000,1000,0,0,0,0
1785436230.7820294,A2000_B1800,1,2000,1800,1.0,0.8,97383613,2000,1800,1000,1000,0,0,0,0
1785436230.805164,A2000_B1800,1,2000,1800,1.0,0.8,97406080,2000,1800,1000,1000,0,0,0,0
1785436230.8272939,A2000_B1800,1,2000,1800,1.0,0.8,97422548,2000,1800,1000,1000,0,0,0,0
1785436230.8428547,A2000_B1800,1,2000,1800,1.0,0.8,97445013,2000,1800,1000,1000,0,0,0,0
1785436230.8650987,A2000_B1800,1,2000,1800,1.0,0.8,97465970,2000,1800,1000,1000,0,0,0,0
1785436230.8819237,A2000_B1800,1,2000,1800,1.0,0.8,97482450,2000,1800,1000,1000,0,0,0,0
1785436230.9034667,A2000_B1800,1,2000,1800,1.0,0.8,97504901,2000,1800,1000,1000,0,0,0,0
1785436230.9276617,A2000_B1800,1,2000,1800,1.0,0.8,97525867,2000,1800,1000,1000,0,0,0,0
1785436230.9418955,A2000_B1800,1,2000,1800,1.0,0.8,97542351,2000,1800,1000,1000,0,0,0,0
1785436230.9628599,A2000_B1800,1,2000,1800,1.0,0.8,97564795,2000,1800,1000,1000,0,0,0,0
1785436230.9851098,A2000_B1800,1,2000,1800,1.0,0.8,97584269,2000,1800,1000,1000,0,0,0,0
1785436231.0018966,A2000_B1800,1,2000,1800,1.0,0.8,97603725,2000,1800,1000,1000,0,0,0,0
1785436231.0255997,A2000_B1800,1,2000,1800,1.0,0.8,97624687,2000,1800,1000,1000,0,0,0,0
1785436231.045956,A2000_B1800,1,2000,1800,1.0,0.8,97648656,2000,1800,1000,1000,0,0,0,0
1785436231.0621476,A2000_B1800,1,2000,1800,1.0,0.8,97663622,2000,1800,1000,1000,0,0,0,0
1785436231.085381,A2000_B1800,1,2000,1800,1.0,0.8,97686111,2000,1800,1000,1000,0,0,0,0
1785436231.101851,A2000_B1800,1,2000,1800,1.0,0.8,97704058,2000,1800,1000,1000,0,0,0,0
1785436231.127115,A2000_B1800,1,2000,1800,1.0,0.8,97726513,2000,1800,1000,1000,0,0,0,0
1785436231.1446118,A2000_B1800,1,2000,1800,1.0,0.8,97746103,2000,1800,1000,1000,0,0,0,0
1785436231.1632926,A2000_B1800,1,2000,1800,1.0,0.8,97763948,2000,1800,1000,1000,0,0,0,0
1785436231.1819417,A2000_B1800,1,2000,1800,1.0,0.8,97781913,2000,1800,1000,1000,0,0,0,0
1785436231.2023103,A2000_B1800,1,2000,1800,1.0,0.8,97804373,2000,1800,1000,1000,0,0,0,0
1785436231.2301917,A2000_B1800,1,2000,1800,1.0,0.8,97823845,2000,1800,1000,1000,0,0,0,0
1785436231.2426245,A2000_B1800,1,2000,1800,1.0,0.8,97844851,2000,1800,1000,1000,0,0,0,0
1785436231.2652864,A2000_B1800,1,2000,1800,1.0,0.8,97864269,2000,1800,1000,1000,0,0,0,0
1785436231.2819421,A2000_B1800,1,2000,1800,1.0,0.8,97883736,2000,1800,1000,1000,0,0,0,0
1785436231.3029163,A2000_B1800,1,2000,1800,1.0,0.8,97904741,2000,1800,1000,1000,0,0,0,0
1785436231.3277085,A2000_B1800,1,2000,1800,1.0,0.8,97924161,2000,1800,1000,1000,0,0,0,0
1785436231.3430781,A2000_B1800,1,2000,1800,1.0,0.8,97943629,2000,1800,1000,1000,0,0,0,0
1785436231.3650835,A2000_B1800,1,2000,1800,1.0,0.8,97966087,2000,1800,1000,1000,0,0,0,0
1785436231.3818457,A2000_B1800,1,2000,1800,1.0,0.8,97984065,2000,1800,1000,1000,0,0,0,0
1785436231.404669,A2000_B1800,1,2000,1800,1.0,0.8,98003524,2000,1800,1000,1000,0,0,0,0
1785436231.4277015,A2000_B1800,1,2000,1800,1.0,0.8,98024531,2000,1800,1000,1000,0,0,0,0
1785436231.44196,A2000_B1800,1,2000,1800,1.0,0.8,98044016,2000,1800,1000,1000,0,0,0,0
1785436231.4629853,A2000_B1800,1,2000,1800,1.0,0.8,98064988,2000,1800,1000,1000,0,0,0,0
1785436231.4828937,A2000_B1800,1,2000,1800,1.0,0.8,98084422,2000,1800,1000,1000,0,0,0,0
1785436231.5051398,A2000_B1800,1,2000,1800,1.0,0.8,98106884,2000,1800,1000,1000,0,0,0,0
1785436231.5277846,A2000_B1800,1,2000,1800,1.0,0.8,98124803,2000,1800,1000,1000,0,0,0,0
1785436231.5450895,A2000_B1800,1,2000,1800,1.0,0.8,98144320,2000,1800,1000,1000,0,0,0,0
1785436231.5618887,A2000_B1800,1,2000,1800,1.0,0.8,98163735,2000,1800,1000,1000,0,0,0,0
1785436231.5828564,A2000_B1800,1,2000,1800,1.0,0.8,98184700,2000,1800,1000,1000,0,0,0,0
1785436231.605157,A2000_B1800,1,2000,1800,1.0,0.8,98207169,2000,1800,1000,1000,0,0,0,0
1785436231.6256337,A2000_B1800,1,2000,1800,1.0,0.8,98223634,2000,1800,1000,1000,0,0,0,0
1785436231.6453433,A2000_B1800,1,2000,1800,1.0,0.8,98246092,2000,1800,1000,1000,0,0,0,0
1785436231.6619167,A2000_B1800,1,2000,1800,1.0,0.8,98264105,2000,1800,1000,1000,0,0,0,0
1785436231.682911,A2000_B1800,1,2000,1800,1.0,0.8,98283522,2000,1800,1000,1000,0,0,0,0
1785436231.7059412,A2000_B1800,1,2000,1800,1.0,0.8,98307505,2000,1800,1000,1000,0,0,0,0
1785436231.7253642,A2000_B1800,1,2000,1800,1.0,0.8,98324014,2000,1800,1000,1000,0,0,0,0
1785436231.745309,A2000_B1800,1,2000,1800,1.0,0.8,98346464,2000,1800,1000,1000,0,0,0,0
1785436231.7619033,A2000_B1800,1,2000,1800,1.0,0.8,98364384,2000,1800,1000,1000,0,0,0,0
1785436231.785095,A2000_B1800,1,2000,1800,1.0,0.8,98386849,2000,1800,1000,1000,0,0,0,0
1785436231.80188,A2000_B1800,1,2000,1800,1.0,0.8,98401816,2000,1800,1000,1000,0,0,0,0
1785436231.8275867,A2000_B1800,1,2000,1800,1.0,0.8,98424287,2000,1800,1000,1000,0,0,0,0
1785436231.8418586,A2000_B1800,1,2000,1800,1.0,0.8,98443790,2000,1800,1000,1000,0,0,0,0
1785436231.8629177,A2000_B1800,1,2000,1800,1.0,0.8,98464709,2000,1800,1000,1000,0,0,0,0
1785436231.8851092,A2000_B1800,1,2000,1800,1.0,0.8,98484171,2000,1800,1000,1000,0,0,0,0
1785436231.902886,A2000_B1800,1,2000,1800,1.0,0.8,98503685,2000,1800,1000,1000,0,0,0,0
1785436231.9274924,A2000_B1800,1,2000,1800,1.0,0.8,98524612,2000,1800,1000,1000,0,0,0,0
1785436231.9420345,A2000_B1800,1,2000,1800,1.0,0.8,98544070,2000,1800,1000,1000,0,0,0,0
1785436231.9620109,A2000_B1800,1,2000,1800,1.0,0.8,98562037,2000,1800,1000,1000,0,0,0,0
1785436231.985167,A2000_B1800,1,2000,1800,1.0,0.8,98586040,2000,1800,1000,1000,0,0,0,0
1785436232.0019615,A2000_B1800,1,2000,1800,1.0,0.8,98602469,2000,1800,1000,1000,0,0,0,0
1785436232.0258865,A2000_B1800,1,2000,1800,1.0,0.8,98624920,2000,1800,1000,1000,0,0,0,0
1785436232.0451458,A2000_B1800,1,2000,1800,1.0,0.8,98645963,2000,1800,1000,1000,0,0,0,0
1785436232.0619884,A2000_B1800,1,2000,1800,1.0,0.8,98662364,2000,1800,1000,1000,0,0,0,0
1785436232.082935,A2000_B1800,1,2000,1800,1.0,0.8,98684817,2000,1800,1000,1000,0,0,0,0
1785436232.1019297,A2000_B1800,1,2000,1800,1.0,0.8,98702783,2000,1800,1000,1000,0,0,0,0
1785436232.1273046,A2000_B1800,1,2000,1800,1.0,0.8,98722267,2000,1800,1000,1000,0,0,0,0
1785436232.1433883,A2000_B1800,1,2000,1800,1.0,0.8,98743339,2000,1800,1000,1000,0,0,0,0
1785436232.1623216,A2000_B1800,1,2000,1800,1.0,0.8,98762686,2000,1800,1000,1000,0,0,0,0
1785436232.1829774,A2000_B1800,1,2000,1800,1.0,0.8,98785201,2000,1800,1000,1000,0,0,0,0
1785436232.2051475,A2000_B1800,1,2000,1800,1.0,0.8,98806131,2000,1800,1000,1000,0,0,0,0
1785436232.22933,A2000_B1800,1,2000,1800,1.0,0.8,98822574,2000,1800,1000,1000,0,0,0,0
1785436232.242875,A2000_B1800,1,2000,1800,1.0,0.8,98845050,2000,1800,1000,1000,0,0,0,0
1785436232.2618887,A2000_B1800,1,2000,1800,1.0,0.8,98863054,2000,1800,1000,1000,0,0,0,0
1785436232.2830665,A2000_B1800,1,2000,1800,1.0,0.8,98885510,2000,1800,1000,1000,0,0,0,0
1785436232.3051581,A2000_B1800,1,2000,1800,1.0,0.8,98904926,2000,1800,1000,1000,0,0,0,0
1785436232.3269393,A2000_B1800,1,2000,1800,1.0,0.8,98922945,2000,1800,1000,1000,0,0,0,0
1785436232.3423119,A2000_B1800,1,2000,1800,1.0,0.8,98942366,2000,1800,1000,1000,0,0,0,0
1785436232.3629158,A2000_B1800,1,2000,1800,1.0,0.8,98964819,2000,1800,1000,1000,0,0,0,0
1785436232.3878515,A2000_B1800,1,2000,1800,1.0,0.8,98987288,2000,1800,1000,1000,0,0,0,0
1785436232.4064867,A2000_B1800,1,2000,1800,1.0,0.8,99005300,2000,1800,1000,1000,0,0,0,0
1785436232.4256036,A2000_B1800,1,2000,1800,1.0,0.8,99024714,2000,1800,1000,1000,0,0,0,0
1785436232.4451153,A2000_B1800,1,2000,1800,1.0,0.8,99045682,2000,1800,1000,1000,0,0,0,0
1785436232.4636438,A2000_B1800,1,2000,1800,1.0,0.8,99065196,2000,1800,1000,1000,0,0,0,0
1785436232.4852002,A2000_B1800,1,2000,1800,1.0,0.8,99086110,2000,1800,1000,1000,0,0,0,0
1785436232.501887,A2000_B1800,1,2000,1800,1.0,0.8,99102624,2000,1800,1000,1000,0,0,0,0
1785436232.5256674,A2000_B1800,1,2000,1800,1.0,0.8,99125089,2000,1800,1000,1000,0,0,0,0
1785436232.5430033,A2000_B1800,1,2000,1800,1.0,0.8,99143017,2000,1800,1000,1000,0,0,0,0
1785436232.565275,A2000_B1800,1,2000,1800,1.0,0.8,99165479,2000,1800,1000,1000,0,0,0,0
1785436232.5829408,A2000_B1800,1,2000,1800,1.0,0.8,99184983,2000,1800,1000,1000,0,0,0,0
1785436232.6051285,A2000_B1800,1,2000,1800,1.0,0.8,99205900,2000,1800,1000,1000,0,0,0,0
1785436232.6271644,A2000_B1800,1,2000,1800,1.0,0.8,99222415,2000,1800,1000,1000,0,0,0,0
1785436232.6462908,A2000_B1800,1,2000,1800,1.0,0.8,99247825,2000,1800,1000,1000,0,0,0,0
1785436232.6633077,A2000_B1800,1,2000,1800,1.0,0.8,99265793,2000,1800,1000,1000,0,0,0,0
1785436232.685156,A2000_B1800,1,2000,1800,1.0,0.8,99285260,2000,1800,1000,1000,0,0,0,0
1785436232.7030244,A2000_B1800,1,2000,1800,1.0,0.8,99304772,2000,1800,1000,1000,0,0,0,0
1785436232.7276766,A2000_B1800,1,2000,1800,1.0,0.8,99325693,2000,1800,1000,1000,0,0,0,0
1785436232.7419288,A2000_B1800,1,2000,1800,1.0,0.8,99343657,2000,1800,1000,1000,0,0,0,0
1785436232.7629929,A2000_B1800,1,2000,1800,1.0,0.8,99363129,2000,1800,1000,1000,0,0,0,0
1785436232.781949,A2000_B1800,1,2000,1800,1.0,0.8,99382590,2000,1800,1000,1000,0,0,0,0
1785436232.8028874,A2000_B1800,1,2000,1800,1.0,0.8,99405051,2000,1800,1000,1000,0,0,0,0
1785436232.8276901,A2000_B1800,1,2000,1800,1.0,0.8,99426012,2000,1800,1000,1000,0,0,0,0
1785436232.8419917,A2000_B1800,1,2000,1800,1.0,0.8,99442482,2000,1800,1000,1000,0,0,0,0
1785436232.862916,A2000_B1800,1,2000,1800,1.0,0.8,99464944,2000,1800,1000,1000,0,0,0,0
1785436232.8851235,A2000_B1800,1,2000,1800,1.0,0.8,99485904,2000,1800,1000,1000,0,0,0,0
1785436232.9019027,A2000_B1800,1,2000,1800,1.0,0.8,99502376,2000,1800,1000,1000,0,0,0,0
1785436232.9253948,A2000_B1800,1,2000,1800,1.0,0.8,99524836,2000,1800,1000,1000,0,0,0,0
1785436232.9451997,A2000_B1800,1,2000,1800,1.0,0.8,99545825,2000,1800,1000,1000,0,0,0,0
1785436232.9619,A2000_B1800,1,2000,1800,1.0,0.8,99562273,2000,1800,1000,1000,0,0,0,0
1785436232.9828935,A2000_B1800,1,2000,1800,1.0,0.8,99584735,2000,1800,1000,1000,0,0,0,0
1785436233.005176,A2000_B1800,1,2000,1800,1.0,0.8,99604241,2000,1800,1000,1000,0,0,0,0
1785436233.0272107,A2000_B1800,1,2000,1800,1.0,0.8,99623657,2000,1800,1000,1000,0,0,0,0
1785436233.0454938,A2000_B1800,1,2000,1800,1.0,0.8,99646122,2000,1800,1000,1000,0,0,0,0
1785436233.061923,A2000_B1800,1,2000,1800,1.0,0.8,99664136,2000,1800,1000,1000,0,0,0,0
1785436233.0829256,A2000_B1800,1,2000,1800,1.0,0.8,99683552,2000,1800,1000,1000,0,0,0,0
1785436233.1051576,A2000_B1800,1,2000,1800,1.0,0.8,99706018,2000,1800,1000,1000,0,0,0,0
1785436233.1269853,A2000_B1800,1,2000,1800,1.0,0.8,99724032,2000,1800,1000,1000,0,0,0,0
1785436233.1429944,A2000_B1800,1,2000,1800,1.0,0.8,99743453,2000,1800,1000,1000,0,0,0,0
1785436233.166448,A2000_B1800,1,2000,1800,1.0,0.8,99764418,2000,1800,1000,1000,0,0,0,0
1785436233.1823509,A2000_B1800,1,2000,1800,1.0,0.8,99783923,2000,1800,1000,1000,0,0,0,0
1785436233.2029834,A2000_B1800,1,2000,1800,1.0,0.8,99804844,2000,1800,1000,1000,0,0,0,0
1785436233.2298782,A2000_B1800,1,2000,1800,1.0,0.8,99824338,2000,1800,1000,1000,0,0,0,0
1785436233.2419214,A2000_B1800,1,2000,1800,1.0,0.8,99843820,2000,1800,1000,1000,0,0,0,0
1785436233.2629464,A2000_B1800,1,2000,1800,1.0,0.8,99864737,2000,1800,1000,1000,0,0,0,0
1785436233.2858338,A2000_B1800,1,2000,1800,1.0,0.8,99887203,2000,1800,1000,1000,0,0,0,0
1785436233.3029056,A2000_B1800,1,2000,1800,1.0,0.8,99903718,2000,1800,1000,1000,0,0,0,0
1785436233.327072,A2000_B1900,1,2000,1900,1.0,0.9,99924632,2000,1800,1000,1000,0,0,0,0
1785436233.3419385,A2000_B1900,1,2000,1900,1.0,0.9,99944100,2000,1900,1000,1000,0,0,0,0
1785436233.3629081,A2000_B1900,1,2000,1900,1.0,0.9,99963606,2000,1900,1000,1000,0,0,0,0
1785436233.3819075,A2000_B1900,1,2000,1900,1.0,0.9,99984526,2000,1900,1000,1000,0,0,0,0
1785436233.402938,A2000_B1900,1,2000,1900,1.0,0.9,100004082,2000,1900,1000,1000,0,0,0,0
1785436233.4277048,A2000_B1900,1,2000,1900,1.0,0.9,100026447,2000,1900,1000,1000,0,0,0,0
1785436233.441965,A2000_B1900,1,2000,1900,1.0,0.9,100044413,2000,1900,1000,1000,0,0,0,0
1785436233.4652274,A2000_B1900,1,2000,1900,1.0,0.9,100066879,2000,1900,1000,1000,0,0,0,0
1785436233.481921,A2000_B1900,1,2000,1900,1.0,0.9,100081860,2000,1900,1000,1000,0,0,0,0
1785436233.505155,A2000_B1900,1,2000,1900,1.0,0.9,100104315,2000,1900,1000,1000,0,0,0,0
1785436233.5269656,A2000_B1900,1,2000,1900,1.0,0.9,100123777,2000,1900,1000,1000,0,0,0,0
1785436233.5430248,A2000_B1900,1,2000,1900,1.0,0.9,100144743,2000,1900,1000,1000,0,0,0,0
1785436233.565169,A2000_B1900,1,2000,1900,1.0,0.9,100164208,2000,1900,1000,1000,0,0,0,0
1785436233.5819554,A2000_B1900,1,2000,1900,1.0,0.9,100183677,2000,1900,1000,1000,0,0,0,0
1785436233.6029406,A2000_B1900,1,2000,1900,1.0,0.9,100204634,2000,1900,1000,1000,0,0,0,0
1785436233.6284676,A2000_B1900,1,2000,1900,1.0,0.9,100227094,2000,1900,1000,1000,0,0,0,0
1785436233.6429145,A2000_B1900,1,2000,1900,1.0,0.9,100243578,2000,1900,1000,1000,0,0,0,0
1785436233.6651807,A2000_B1900,1,2000,1900,1.0,0.9,100266033,2000,1900,1000,1000,0,0,0,0
1785436233.6819952,A2000_B1900,1,2000,1900,1.0,0.9,100284000,2000,1900,1000,1000,0,0,0,0
1785436233.7029452,A2000_B1900,1,2000,1900,1.0,0.9,100303466,2000,1900,1000,1000,0,0,0,0
1785436233.7279541,A2000_B1900,1,2000,1900,1.0,0.9,100324427,2000,1900,1000,1000,0,0,0,0
1785436233.7419794,A2000_B1900,1,2000,1900,1.0,0.9,100343894,2000,1900,1000,1000,0,0,0,0
1785436233.7646458,A2000_B1900,1,2000,1900,1.0,0.9,100364851,2000,1900,1000,1000,0,0,0,0
1785436233.7856817,A2000_B1900,1,2000,1900,1.0,0.9,100387326,2000,1900,1000,1000,0,0,0,0
1785436233.8019578,A2000_B1900,1,2000,1900,1.0,0.9,100403786,2000,1900,1000,1000,0,0,0,0
1785436233.825721,A2000_B1900,1,2000,1900,1.0,0.9,100424746,2000,1900,1000,1000,0,0,0,0
1785436233.8425186,A2000_B1900,1,2000,1900,1.0,0.9,100444210,2000,1900,1000,1000,0,0,0,0
1785436233.8629415,A2000_B1900,1,2000,1900,1.0,0.9,100463682,2000,1900,1000,1000,0,0,0,0
1785436233.8856156,A2000_B1900,1,2000,1900,1.0,0.9,100486139,2000,1900,1000,1000,0,0,0,0
1785436233.902019,A2000_B1900,1,2000,1900,1.0,0.9,100504116,2000,1900,1000,1000,0,0,0,0
1785436233.9257493,A2000_B1900,1,2000,1900,1.0,0.9,100523673,2000,1900,1000,1000,0,0,0,0
1785436233.9451714,A2000_B1900,1,2000,1900,1.0,0.9,100546031,2000,1900,1000,1000,0,0,0,0
1785436233.9619377,A2000_B1900,1,2000,1900,1.0,0.9,100564025,2000,1900,1000,1000,0,0,0,0
1785436233.9829838,A2000_B1900,1,2000,1900,1.0,0.9,100585020,2000,1900,1000,1000,0,0,0,0
1785436234.005237,A2000_B1900,1,2000,1900,1.0,0.9,100605928,2000,1900,1000,1000,0,0,0,0
1785436234.0272098,A2000_B1900,1,2000,1900,1.0,0.9,100622444,2000,1900,1000,1000,0,0,0,0
1785436234.043158,A2000_B1900,1,2000,1900,1.0,0.9,100644906,2000,1900,1000,1000,0,0,0,0
1785436234.0651798,A2000_B1900,1,2000,1900,1.0,0.9,100665817,2000,1900,1000,1000,0,0,0,0
1785436234.0819976,A2000_B1900,1,2000,1900,1.0,0.9,100682344,2000,1900,1000,1000,0,0,0,0
1785436234.1030188,A2000_B1900,1,2000,1900,1.0,0.9,100704799,2000,1900,1000,1000,0,0,0,0
1785436234.1277213,A2000_B1900,1,2000,1900,1.0,0.9,100725714,2000,1900,1000,1000,0,0,0,0
1785436234.142,A2000_B1900,1,2000,1900,1.0,0.9,100742238,2000,1900,1000,1000,0,0,0,0
1785436234.1656551,A2000_B1900,1,2000,1900,1.0,0.9,100764698,2000,1900,1000,1000,0,0,0,0
1785436234.1821847,A2000_B1900,1,2000,1900,1.0,0.9,100782632,2000,1900,1000,1000,0,0,0,0
1785436234.203005,A2000_B1900,1,2000,1900,1.0,0.9,100805083,2000,1900,1000,1000,0,0,0,0
1785436234.2302318,A2000_B1900,1,2000,1900,1.0,0.9,100826042,2000,1900,1000,1000,0,0,0,0
1785436234.2419853,A2000_B1900,1,2000,1900,1.0,0.9,100842524,2000,1900,1000,1000,0,0,0,0
1785436234.2629445,A2000_B1900,1,2000,1900,1.0,0.9,100864975,2000,1900,1000,1000,0,0,0,0
1785436234.285179,A2000_B1900,1,2000,1900,1.0,0.9,100885937,2000,1900,1000,1000,0,0,0,0
1785436234.3020992,A2000_B1900,1,2000,1900,1.0,0.9,100902413,2000,1900,1000,1000,0,0,0,0
1785436234.3254323,A2000_B1900,1,2000,1900,1.0,0.9,100924865,2000,1900,1000,1000,0,0,0,0
1785436234.345238,A2000_B1900,1,2000,1900,1.0,0.9,100947326,2000,1900,1000,1000,0,0,0,0
1785436234.3623116,A2000_B1900,1,2000,1900,1.0,0.9,100962305,2000,1900,1000,1000,0,0,0,0
1785436234.3829393,A2000_B1900,1,2000,1900,1.0,0.9,100984759,2000,1900,1000,1000,0,0,0,0
1785436234.4051824,A2000_B1900,1,2000,1900,1.0,0.9,101005724,2000,1900,1000,1000,0,0,0,0
1785436234.427234,A2000_B1900,1,2000,1900,1.0,0.9,101022283,2000,1900,1000,1000,0,0,0,0
1785436234.4431386,A2000_B1900,1,2000,1900,1.0,0.9,101043209,2000,1900,1000,1000,0,0,0,0
1785436234.46521,A2000_B1900,1,2000,1900,1.0,0.9,101065617,2000,1900,1000,1000,0,0,0,0
1785436234.4850943,A2000_B1900,1,2000,1900,1.0,0.9,101085081,2000,1900,1000,1000,0,0,0,0
1785436234.5031693,A2000_B1900,1,2000,1900,1.0,0.9,101103056,2000,1900,1000,1000,0,0,0,0
1785436234.5270605,A2000_B1900,1,2000,1900,1.0,0.9,101122517,2000,1900,1000,1000,0,0,0,0
1785436234.5435781,A2000_B1900,1,2000,1900,1.0,0.9,101144978,2000,1900,1000,1000,0,0,0,0
1785436234.5651906,A2000_B1900,1,2000,1900,1.0,0.9,101165942,2000,1900,1000,1000,0,0,0,0
1785436234.5819614,A2000_B1900,1,2000,1900,1.0,0.9,101182413,2000,1900,1000,1000,0,0,0,0
1785436234.6029427,A2000_B1900,1,2000,1900,1.0,0.9,101204872,2000,1900,1000,1000,0,0,0,0
1785436234.6278381,A2000_B1900,1,2000,1900,1.0,0.9,101227331,2000,1900,1000,1000,0,0,0,0
1785436234.6430728,A2000_B1900,1,2000,1900,1.0,0.9,101245301,2000,1900,1000,1000,0,0,0,0
1785436234.6652064,A2000_B1900,1,2000,1900,1.0,0.9,101264859,2000,1900,1000,1000,0,0,0,0
1785436234.682003,A2000_B1900,1,2000,1900,1.0,0.9,101282736,2000,1900,1000,1000,0,0,0,0
1785436234.7029798,A2000_B1900,1,2000,1900,1.0,0.9,101305193,2000,1900,1000,1000,0,0,0,0
1785436234.7277303,A2000_B1900,1,2000,1900,1.0,0.9,101326209,2000,1900,1000,1000,0,0,0,0
1785436234.7420144,A2000_B1900,1,2000,1900,1.0,0.9,101342627,2000,1900,1000,1000,0,0,0,0
1785436234.7648284,A2000_B1900,1,2000,1900,1.0,0.9,101365087,2000,1900,1000,1000,0,0,0,0
1785436234.7851937,A2000_B1900,1,2000,1900,1.0,0.9,101386096,2000,1900,1000,1000,0,0,0,0
1785436234.8050005,A2000_B1900,1,2000,1900,1.0,0.9,101405537,2000,1900,1000,1000,0,0,0,0
1785436234.8277767,A2000_B1900,1,2000,1900,1.0,0.9,101424987,2000,1900,1000,1000,0,0,0,0
1785436234.8419507,A2000_B1900,1,2000,1900,1.0,0.9,101442954,2000,1900,1000,1000,0,0,0,0
1785436234.8629706,A2000_B1900,1,2000,1900,1.0,0.9,101465527,2000,1900,1000,1000,0,0,0,0
1785436234.8820999,A2000_B1900,1,2000,1900,1.0,0.9,101484880,2000,1900,1000,1000,0,0,0,0
1785436234.9030812,A2000_B1900,1,2000,1900,1.0,0.9,101505884,2000,1900,1000,1000,0,0,0,0
1785436234.9270072,A2000_B1900,1,2000,1900,1.0,0.9,101522315,2000,1900,1000,1000,0,0,0,0
1785436234.9429643,A2000_B1900,1,2000,1900,1.0,0.9,101544768,2000,1900,1000,1000,0,0,0,0
1785436234.9652412,A2000_B1900,1,2000,1900,1.0,0.9,101565779,2000,1900,1000,1000,0,0,0,0
1785436234.9819753,A2000_B1900,1,2000,1900,1.0,0.9,101582207,2000,1900,1000,1000,0,0,0,0
1785436235.0029616,A2000_B1900,1,2000,1900,1.0,0.9,101605369,2000,1900,1000,1000,0,0,0,0
1785436235.0279624,A2000_B1900,1,2000,1900,1.0,0.9,101625699,2000,1900,1000,1000,0,0,0,0
1785436235.0420694,A2000_B1900,1,2000,1900,1.0,0.9,101643600,2000,1900,1000,1000,0,0,0,0
1785436235.0652034,A2000_B1900,1,2000,1900,1.0,0.9,101666058,2000,1900,1000,1000,0,0,0,0
1785436235.0825982,A2000_B1900,1,2000,1900,1.0,0.9,101684027,2000,1900,1000,1000,0,0,0,0
1785436235.103662,A2000_B1900,1,2000,1900,1.0,0.9,101703491,2000,1900,1000,1000,0,0,0,0
1785436235.1278715,A2000_B1900,1,2000,1900,1.0,0.9,101725956,2000,1900,1000,1000,0,0,0,0
1785436235.1422865,A2000_B1900,1,2000,1900,1.0,0.9,101743923,2000,1900,1000,1000,0,0,0,0
1785436235.1636498,A2000_B1900,1,2000,1900,1.0,0.9,101763487,2000,1900,1000,1000,0,0,0,0
1785436235.1852257,A2000_B1900,1,2000,1900,1.0,0.9,101785845,2000,1900,1000,1000,0,0,0,0
1785436235.2020624,A2000_B1900,1,2000,1900,1.0,0.9,101803820,2000,1900,1000,1000,0,0,0,0
1785436235.2277772,A2000_B1900,1,2000,1900,1.0,0.9,101823282,2000,1900,1000,1000,0,0,0,0
1785436235.2420218,A2000_B1900,1,2000,1900,1.0,0.9,101844245,2000,1900,1000,1000,0,0,0,0
1785436235.2647104,A2000_B1900,1,2000,1900,1.0,0.9,101863712,2000,1900,1000,1000,0,0,0,0
1785436235.2852151,A2000_B1900,1,2000,1900,1.0,0.9,101886173,2000,1900,1000,1000,0,0,0,0
1785436235.3019743,A2000_B1900,1,2000,1900,1.0,0.9,101904145,2000,1900,1000,1000,0,0,0,0
1785436235.327529,A2000_B1900,1,2000,1900,1.0,0.9,101926596,2000,1900,1000,1000,0,0,0,0
1785436235.3419895,A2000_B1900,1,2000,1900,1.0,0.9,101943069,2000,1900,1000,1000,0,0,0,0
1785436235.3654113,A2000_B1900,1,2000,1900,1.0,0.9,101965541,2000,1900,1000,1000,0,0,0,0
1785436235.3830476,A2000_B1900,1,2000,1900,1.0,0.9,101983500,2000,1900,1000,1000,0,0,0,0
1785436235.4023726,A2000_B1900,1,2000,1900,1.0,0.9,102002968,2000,1900,1000,1000,0,0,0,0
1785436235.4276676,A2000_B1900,1,2000,1900,1.0,0.9,102025441,2000,1900,1000,1000,0,0,0,0
1785436235.4430137,A2000_B1900,1,2000,1900,1.0,0.9,102043397,2000,1900,1000,1000,0,0,0,0
1785436235.4652026,A2000_B1900,1,2000,1900,1.0,0.9,102065856,2000,1900,1000,1000,0,0,0,0
1785436235.4823976,A2000_B1900,1,2000,1900,1.0,0.9,102083823,2000,1900,1000,1000,0,0,0,0
1785436235.502972,A2000_B1900,1,2000,1900,1.0,0.9,102103309,2000,1900,1000,1000,0,0,0,0
1785436235.5277631,A2000_B1900,1,2000,1900,1.0,0.9,102125750,2000,1900,1000,1000,0,0,0,0
1785436235.5422032,A2000_B1900,1,2000,1900,1.0,0.9,102143725,2000,1900,1000,1000,0,0,0,0
1785436235.5629869,A2000_B1900,1,2000,1900,1.0,0.9,102163183,2000,1900,1000,1000,0,0,0,0
1785436235.585241,A2000_B1900,1,2000,1900,1.0,0.9,102185649,2000,1900,1000,1000,0,0,0,0
1785436235.6047156,A2000_B1900,1,2000,1900,1.0,0.9,102203613,2000,1900,1000,1000,0,0,0,0
1785436235.6277635,A2000_B1900,1,2000,1900,1.0,0.9,102226072,2000,1900,1000,1000,0,0,0,0
1785436235.6419744,A2000_B1900,1,2000,1900,1.0,0.9,102244038,2000,1900,1000,1000,0,0,0,0
1785436235.6638746,A2000_B1900,1,2000,1900,1.0,0.9,102263510,2000,1900,1000,1000,0,0,0,0
1785436235.685292,A2000_B1900,1,2000,1900,1.0,0.9,102285973,2000,1900,1000,1000,0,0,0,0
1785436235.702072,A2000_B1900,1,2000,1900,1.0,0.9,102303944,2000,1900,1000,1000,0,0,0,0
1785436235.7268982,A2000_B1900,1,2000,1900,1.0,0.9,102326396,2000,1900,1000,1000,0,0,0,0
1785436235.7452333,A2000_B1900,1,2000,1900,1.0,0.9,102345860,2000,1900,1000,1000,0,0,0,0
1785436235.761986,A2000_B1900,1,2000,1900,1.0,0.9,102363824,2000,1900,1000,1000,0,0,0,0
1785436235.7830915,A2000_B1900,1,2000,1900,1.0,0.9,102383304,2000,1900,1000,1000,0,0,0,0
1785436235.8052583,A2000_B1900,1,2000,1900,1.0,0.9,102405755,2000,1900,1000,1000,0,0,0,0
1785436235.8273358,A2000_B1900,1,2000,1900,1.0,0.9,102423721,2000,1900,1000,1000,0,0,0,0
1785436235.8433006,A2000_B1900,1,2000,1900,1.0,0.9,102443191,2000,1900,1000,1000,0,0,0,0
1785436235.8620586,A2000_B1900,1,2000,1900,1.0,0.9,102464195,2000,1900,1000,1000,0,0,0,0
1785436235.8835752,A2000_B1900,1,2000,1900,1.0,0.9,102483701,2000,1900,1000,1000,0,0,0,0
1785436235.90526,A2000_B1900,1,2000,1900,1.0,0.9,102506076,2000,1900,1000,1000,0,0,0,0
1785436235.9294052,A2000_B1900,1,2000,1900,1.0,0.9,102524090,2000,1900,1000,1000,0,0,0,0
1785436235.9431171,A2000_B1900,1,2000,1900,1.0,0.9,102543517,2000,1900,1000,1000,0,0,0,0
1785436235.9653163,A2000_B1900,1,2000,1900,1.0,0.9,102565971,2000,1900,1000,1000,0,0,0,0
1785436235.982189,A2000_B1900,1,2000,1900,1.0,0.9,102583989,2000,1900,1000,1000,0,0,0,0
1785436236.0030794,A2000_B1900,1,2000,1900,1.0,0.9,102603407,2000,1900,1000,1000,0,0,0,0
1785436236.027229,A2000_B1900,1,2000,1900,1.0,0.9,102624370,2000,1900,1000,1000,0,0,0,0
1785436236.041998,A2000_B1900,1,2000,1900,1.0,0.9,102642348,2000,1900,1000,1000,0,0,0,0
1785436236.0636048,A2000_B1900,1,2000,1900,1.0,0.9,102664799,2000,1900,1000,1000,0,0,0,0
1785436236.081988,A2000_B1900,1,2000,1900,1.0,0.9,102684260,2000,1900,1000,1000,0,0,0,0
1785436236.1061826,A2000_B1900,1,2000,1900,1.0,0.9,102706728,2000,1900,1000,1000,0,0,0,0
1785436236.1278698,A2000_B1900,1,2000,1900,1.0,0.9,102724693,2000,1900,1000,1000,0,0,0,0
1785436236.142594,A2000_B1900,1,2000,1900,1.0,0.9,102744154,2000,1900,1000,1000,0,0,0,0
1785436236.163102,A2000_B1900,1,2000,1900,1.0,0.9,102765119,2000,1900,1000,1000,0,0,0,0
1785436236.1857543,A2000_B1900,1,2000,1900,1.0,0.9,102784594,2000,1900,1000,1000,0,0,0,0
1785436236.202052,A2000_B1900,1,2000,1900,1.0,0.9,102802584,2000,1900,1000,1000,0,0,0,0
1785436236.2283585,A2000_B1900,1,2000,1900,1.0,0.9,102825014,2000,1900,1000,1000,0,0,0,0
1785436236.2453356,A2000_B1900,1,2000,1900,1.0,0.9,102844482,2000,1900,1000,1000,0,0,0,0
1785436236.2621896,A2000_B1900,1,2000,1900,1.0,0.9,102862452,2000,1900,1000,1000,0,0,0,0
1785436236.2840035,A2000_B1900,1,2000,1900,1.0,0.9,102884907,2000,1900,1000,1000,0,0,0,0
1785436236.3070297,A2000_B1900,1,2000,1900,1.0,0.9,102907372,2000,1900,1000,1000,0,0,0,0
1785436236.327779,A2000_B1900,1,2000,1900,1.0,0.9,102926928,2000,1900,1000,1000,0,0,0,0
1785436236.3430314,A2000_B1900,1,2000,1900,1.0,0.9,102944805,2000,1900,1000,1000,0,0,0,0
1785436236.3652549,A2000_B1900,1,2000,1900,1.0,0.9,102964295,2000,1900,1000,1000,0,0,0,0
1785436236.383838,A2000_B1900,1,2000,1900,1.0,0.9,102985233,2000,1900,1000,1000,0,0,0,0
1785436236.4056222,A2000_B1900,1,2000,1900,1.0,0.9,103004694,2000,1900,1000,1000,0,0,0,0
1785436236.4272752,A2000_B1900,1,2000,1900,1.0,0.9,103024192,2000,1900,1000,1000,0,0,0,0
1785436236.4461148,A2000_B1900,1,2000,1900,1.0,0.9,103045127,2000,1900,1000,1000,0,0,0,0
1785436236.464232,A2000_B1900,1,2000,1900,1.0,0.9,103064588,2000,1900,1000,1000,0,0,0,0
1785436236.4820168,A2000_B1900,1,2000,1900,1.0,0.9,103082558,2000,1900,1000,1000,0,0,0,0
1785436236.502572,A2000_B1900,1,2000,1900,1.0,0.9,103105025,2000,1900,1000,1000,0,0,0,0
1785436236.5284863,A2000_B1900,1,2000,1900,1.0,0.9,103124488,2000,1900,1000,1000,0,0,0,0
1785436236.5420191,A2000_B1900,1,2000,1900,1.0,0.9,103142464,2000,1900,1000,1000,0,0,0,0
1785436236.5630453,A2000_B1900,1,2000,1900,1.0,0.9,103164911,2000,1900,1000,1000,0,0,0,0
1785436236.5852482,A2000_B1900,1,2000,1900,1.0,0.9,103184383,2000,1900,1000,1000,0,0,0,0
1785436236.602174,A2000_B1900,1,2000,1900,1.0,0.9,103202350,2000,1900,1000,1000,0,0,0,0
1785436236.625824,A2000_B1900,1,2000,1900,1.0,0.9,103224871,2000,1900,1000,1000,0,0,0,0
1785436236.6453505,A2000_B1900,1,2000,1900,1.0,0.9,103244277,2000,1900,1000,1000,0,0,0,0
1785436236.662084,A2000_B1900,1,2000,1900,1.0,0.9,103262249,2000,1900,1000,1000,0,0,0,0
1785436236.6830463,A2000_B1900,1,2000,1900,1.0,0.9,103284705,2000,1900,1000,1000,0,0,0,0
1785436236.705261,A2000_B1900,1,2000,1900,1.0,0.9,103304173,2000,1900,1000,1000,0,0,0,0
1785436236.7270784,A2000_B1900,1,2000,1900,1.0,0.9,103322148,2000,1900,1000,1000,0,0,0,0
1785436236.7443717,A2000_B1900,1,2000,1900,1.0,0.9,103344607,2000,1900,1000,1000,0,0,0,0
1785436236.762026,A2000_B1900,1,2000,1900,1.0,0.9,103362615,2000,1900,1000,1000,0,0,0,0
1785436236.7860625,A2000_B1900,1,2000,1900,1.0,0.9,103385072,2000,1900,1000,1000,0,0,0,0
1785436236.8055866,A2000_B1900,1,2000,1900,1.0,0.9,103404489,2000,1900,1000,1000,0,0,0,0
1785436236.827309,A2000_B1900,1,2000,1900,1.0,0.9,103422508,2000,1900,1000,1000,0,0,0,0
1785436236.8430202,A2000_B1900,1,2000,1900,1.0,0.9,103444969,2000,1900,1000,1000,0,0,0,0
1785436236.8630295,A2000_B1900,1,2000,1900,1.0,0.9,103464389,2000,1900,1000,1000,0,0,0,0
1785436236.8820786,A2000_B1900,1,2000,1900,1.0,0.9,103482416,2000,1900,1000,1000,0,0,0,0
1785436236.903019,A2000_B1900,1,2000,1900,1.0,0.9,103504858,2000,1900,1000,1000,0,0,0,0
1785436236.9278324,A2000_B1900,1,2000,1900,1.0,0.9,103524283,2000,1900,1000,1000,0,0,0,0
1785436236.9420233,A2000_B1900,1,2000,1900,1.0,0.9,103542297,2000,1900,1000,1000,0,0,0,0
1785436236.963016,A2000_B1900,1,2000,1900,1.0,0.9,103564753,2000,1900,1000,1000,0,0,0,0
1785436236.9855726,A2000_B1900,1,2000,1900,1.0,0.9,103584199,2000,1900,1000,1000,0,0,0,0
1785436237.0030158,A2000_B1900,1,2000,1900,1.0,0.9,103605147,2000,1900,1000,1000,0,0,0,0
1785436237.0283082,A2000_B1900,1,2000,1900,1.0,0.9,103626103,2000,1900,1000,1000,0,0,0,0
1785436237.0420377,A2000_B1900,1,2000,1900,1.0,0.9,103644070,2000,1900,1000,1000,0,0,0,0
1785436237.0630705,A2000_B1900,1,2000,1900,1.0,0.9,103663532,2000,1900,1000,1000,0,0,0,0
1785436237.0852692,A2000_B1900,1,2000,1900,1.0,0.9,103685996,2000,1900,1000,1000,0,0,0,0
1785436237.1025245,A2000_B1900,1,2000,1900,1.0,0.9,103703969,2000,1900,1000,1000,0,0,0,0
1785436237.1256232,A2000_B1900,1,2000,1900,1.0,0.9,103723512,2000,1900,1000,1000,0,0,0,0
1785436237.145333,A2000_B1900,1,2000,1900,1.0,0.9,103745890,2000,1900,1000,1000,0,0,0,0
1785436237.162403,A2000_B1900,1,2000,1900,1.0,0.9,103763860,2000,1900,1000,1000,0,0,0,0
1785436237.1832216,A2000_B1900,1,2000,1900,1.0,0.9,103783328,2000,1900,1000,1000,0,0,0,0
1785436237.2053463,A2000_B1900,1,2000,1900,1.0,0.9,103805783,2000,1900,1000,1000,0,0,0,0
1785436237.2293181,A2000_B1900,1,2000,1900,1.0,0.9,103823751,2000,1900,1000,1000,0,0,0,0
1785436237.2453253,A2000_B1900,1,2000,1900,1.0,0.9,103846214,2000,1900,1000,1000,0,0,0,0
1785436237.2620852,A2000_B1900,1,2000,1900,1.0,0.9,103864226,2000,1900,1000,1000,0,0,0,0
1785436237.283081,A2000_B1900,1,2000,1900,1.0,0.9,103883645,2000,1900,1000,1000,0,0,0,0
1785436237.3021653,A2000_B1900,1,2000,1900,1.0,0.9,103903113,2000,1900,1000,1000,0,0,0,0
1785436237.3271167,A2000_B2000,1,2000,2000,1.0,1.0,103924191,2000,1900,1000,1000,0,0,0,0
1785436237.3430912,A2000_B2000,1,2000,2000,1.0,1.0,103943543,2000,2000,1000,1000,0,0,0,0
1785436237.3657973,A2000_B2000,1,2000,2000,1.0,1.0,103966062,2000,2000,1000,1000,0,0,0,0
1785436237.3820527,A2000_B2000,1,2000,2000,1.0,1.0,103984014,2000,2000,1000,1000,0,0,0,0
1785436237.4021153,A2000_B2000,1,2000,2000,1.0,1.0,104003439,2000,2000,1000,1000,0,0,0,0
1785436237.4274504,A2000_B2000,1,2000,2000,1.0,1.0,104024403,2000,2000,1000,1000,0,0,0,0
1785436237.4430592,A2000_B2000,1,2000,2000,1.0,1.0,104043911,2000,2000,1000,1000,0,0,0,0
1785436237.4623458,A2000_B2000,1,2000,2000,1.0,1.0,104063331,2000,2000,1000,1000,0,0,0,0
1785436237.485288,A2000_B2000,1,2000,2000,1.0,1.0,104085788,2000,2000,1000,1000,0,0,0,0
1785436237.5021102,A2000_B2000,1,2000,2000,1.0,1.0,104103840,2000,2000,1000,1000,0,0,0,0
1785436237.5255072,A2000_B2000,1,2000,2000,1.0,1.0,104123228,2000,2000,1000,1000,0,0,0,0
1785436237.5420444,A2000_B2000,1,2000,2000,1.0,1.0,104144194,2000,2000,1000,1000,0,0,0,0
1785436237.5631106,A2000_B2000,1,2000,2000,1.0,1.0,104163697,2000,2000,1000,1000,0,0,0,0
1785436237.585279,A2000_B2000,1,2000,2000,1.0,1.0,104186162,2000,2000,1000,1000,0,0,0,0
1785436237.602037,A2000_B2000,1,2000,2000,1.0,1.0,104204103,2000,2000,1000,1000,0,0,0,0
1785436237.625734,A2000_B2000,1,2000,2000,1.0,1.0,104223593,2000,2000,1000,1000,0,0,0,0
1785436237.6453595,A2000_B2000,1,2000,2000,1.0,1.0,104246097,2000,2000,1000,1000,0,0,0,0
1785436237.662121,A2000_B2000,1,2000,2000,1.0,1.0,104264009,2000,2000,1000,1000,0,0,0,0
1785436237.683738,A2000_B2000,1,2000,2000,1.0,1.0,104283489,2000,2000,1000,1000,0,0,0,0
1785436237.7053282,A2000_B2000,1,2000,2000,1.0,1.0,104305959,2000,2000,1000,1000,0,0,0,0
1785436237.7271574,A2000_B2000,1,2000,2000,1.0,1.0,104323881,2000,2000,1000,1000,0,0,0,0
1785436237.743066,A2000_B2000,1,2000,2000,1.0,1.0,104343383,2000,2000,1000,1000,0,0,0,0
1785436237.7657146,A2000_B2000,1,2000,2000,1.0,1.0,104365847,2000,2000,1000,1000,0,0,0,0
1785436237.7821026,A2000_B2000,1,2000,2000,1.0,1.0,104383770,2000,2000,1000,1000,0,0,0,0
1785436237.8030915,A2000_B2000,1,2000,2000,1.0,1.0,104403282,2000,2000,1000,1000,0,0,0,0
1785436237.829212,A2000_B2000,1,2000,2000,1.0,1.0,104425741,2000,2000,1000,1000,0,0,0,0
1785436237.8420572,A2000_B2000,1,2000,2000,1.0,1.0,104443699,2000,2000,1000,1000,0,0,0,0
1785436237.862541,A2000_B2000,1,2000,2000,1.0,1.0,104463171,2000,2000,1000,1000,0,0,0,0
1785436237.8855827,A2000_B2000,1,2000,2000,1.0,1.0,104485638,2000,2000,1000,1000,0,0,0,0
1785436237.9053032,A2000_B2000,1,2000,2000,1.0,1.0,104506551,2000,2000,1000,1000,0,0,0,0
1785436237.9271922,A2000_B2000,1,2000,2000,1.0,1.0,104523072,2000,2000,1000,1000,0,0,0,0
1785436237.945572,A2000_B2000,1,2000,2000,1.0,1.0,104545528,2000,2000,1000,1000,0,0,0,0
1785436237.9630585,A2000_B2000,1,2000,2000,1.0,1.0,104563457,2000,2000,1000,1000,0,0,0,0
1785436237.9853,A2000_B2000,1,2000,2000,1.0,1.0,104585908,2000,2000,1000,1000,0,0,0,0
1785436238.0020876,A2000_B2000,1,2000,2000,1.0,1.0,104603879,2000,2000,1000,1000,0,0,0,0
1785436238.0257988,A2000_B2000,1,2000,2000,1.0,1.0,104624836,2000,2000,1000,1000,0,0,0,0
1785436238.0453067,A2000_B2000,1,2000,2000,1.0,1.0,104644307,2000,2000,1000,1000,0,0,0,0
1785436238.062054,A2000_B2000,1,2000,2000,1.0,1.0,104662276,2000,2000,1000,1000,0,0,0,0
1785436238.0830514,A2000_B2000,1,2000,2000,1.0,1.0,104684737,2000,2000,1000,1000,0,0,0,0
1785436238.1053498,A2000_B2000,1,2000,2000,1.0,1.0,104704202,2000,2000,1000,1000,0,0,0,0
1785436238.1271124,A2000_B2000,1,2000,2000,1.0,1.0,104722176,2000,2000,1000,1000,0,0,0,0
1785436238.1431966,A2000_B2000,1,2000,2000,1.0,1.0,104744630,2000,2000,1000,1000,0,0,0,0
1785436238.1654189,A2000_B2000,1,2000,2000,1.0,1.0,104764097,2000,2000,1000,1000,0,0,0,0
1785436238.1834497,A2000_B2000,1,2000,2000,1.0,1.0,104785111,2000,2000,1000,1000,0,0,0,0
1785436238.205372,A2000_B2000,1,2000,2000,1.0,1.0,104804527,2000,2000,1000,1000,0,0,0,0
1785436238.2294238,A2000_B2000,1,2000,2000,1.0,1.0,104822540,2000,2000,1000,1000,0,0,0,0
1785436238.244923,A2000_B2000,1,2000,2000,1.0,1.0,104845005,2000,2000,1000,1000,0,0,0,0
1785436238.2653153,A2000_B2000,1,2000,2000,1.0,1.0,104864424,2000,2000,1000,1000,0,0,0,0
1785436238.2825572,A2000_B2000,1,2000,2000,1.0,1.0,104882436,2000,2000,1000,1000,0,0,0,0
1785436238.303092,A2000_B2000,1,2000,2000,1.0,1.0,104904895,2000,2000,1000,1000,0,0,0,0
1785436238.3278804,A2000_B2000,1,2000,2000,1.0,1.0,104924316,2000,2000,1000,1000,0,0,0,0
1785436238.3421845,A2000_B2000,1,2000,2000,1.0,1.0,104942393,2000,2000,1000,1000,0,0,0,0
1785436238.363917,A2000_B2000,1,2000,2000,1.0,1.0,104964791,2000,2000,1000,1000,0,0,0,0
1785436238.3853772,A2000_B2000,1,2000,2000,1.0,1.0,104984258,2000,2000,1000,1000,0,0,0,0
1785436238.4027376,A2000_B2000,1,2000,2000,1.0,1.0,105005192,2000,2000,1000,1000,0,0,0,0
1785436238.4257805,A2000_B2000,1,2000,2000,1.0,1.0,105024686,2000,2000,1000,1000,0,0,0,0
1785436238.44537,A2000_B2000,1,2000,2000,1.0,1.0,105047150,2000,2000,1000,1000,0,0,0,0
1785436238.46306,A2000_B2000,1,2000,2000,1.0,1.0,105065084,2000,2000,1000,1000,0,0,0,0
1785436238.485485,A2000_B2000,1,2000,2000,1.0,1.0,105084588,2000,2000,1000,1000,0,0,0,0
1785436238.5022311,A2000_B2000,1,2000,2000,1.0,1.0,105102504,2000,2000,1000,1000,0,0,0,0
1785436238.5255783,A2000_B2000,1,2000,2000,1.0,1.0,105124965,2000,2000,1000,1000,0,0,0,0
1785436238.5454216,A2000_B2000,1,2000,2000,1.0,1.0,105144475,2000,2000,1000,1000,0,0,0,0
1785436238.5622041,A2000_B2000,1,2000,2000,1.0,1.0,105162399,2000,2000,1000,1000,0,0,0,0
1785436238.5831075,A2000_B2000,1,2000,2000,1.0,1.0,105184952,2000,2000,1000,1000,0,0,0,0
1785436238.6054075,A2000_B2000,1,2000,2000,1.0,1.0,105204372,2000,2000,1000,1000,0,0,0,0
1785436238.6274846,A2000_B2000,1,2000,2000,1.0,1.0,105222294,2000,2000,1000,1000,0,0,0,0
1785436238.643085,A2000_B2000,1,2000,2000,1.0,1.0,105244752,2000,2000,1000,1000,0,0,0,0
1785436238.6653314,A2000_B2000,1,2000,2000,1.0,1.0,105264268,2000,2000,1000,1000,0,0,0,0
1785436238.6823087,A2000_B2000,1,2000,2000,1.0,1.0,105282250,2000,2000,1000,1000,0,0,0,0
1785436238.7031014,A2000_B2000,1,2000,2000,1.0,1.0,105304641,2000,2000,1000,1000,0,0,0,0
1785436238.7272635,A2000_B2000,1,2000,2000,1.0,1.0,105324159,2000,2000,1000,1000,0,0,0,0
1785436238.745307,A2000_B2000,1,2000,2000,1.0,1.0,105346640,2000,2000,1000,1000,0,0,0,0
1785436238.762576,A2000_B2000,1,2000,2000,1.0,1.0,105364535,2000,2000,1000,1000,0,0,0,0
1785436238.7830741,A2000_B2000,1,2000,2000,1.0,1.0,105385505,2000,2000,1000,1000,0,0,0,0
1785436238.8053038,A2000_B2000,1,2000,2000,1.0,1.0,105404970,2000,2000,1000,1000,0,0,0,0
1785436238.8258505,A2000_B2000,1,2000,2000,1.0,1.0,105424432,2000,2000,1000,1000,0,0,0,0
1785436238.842181,A2000_B2000,1,2000,2000,1.0,1.0,105442401,2000,2000,1000,1000,0,0,0,0
1785436238.8630896,A2000_B2000,1,2000,2000,1.0,1.0,105464857,2000,2000,1000,1000,0,0,0,0
1785436238.885322,A2000_B2000,1,2000,2000,1.0,1.0,105484327,2000,2000,1000,1000,0,0,0,0
1785436238.902184,A2000_B2000,1,2000,2000,1.0,1.0,105502298,2000,2000,1000,1000,0,0,0,0
1785436238.9255698,A2000_B2000,1,2000,2000,1.0,1.0,105524760,2000,2000,1000,1000,0,0,0,0
1785436238.9457843,A2000_B2000,1,2000,2000,1.0,1.0,105547219,2000,2000,1000,1000,0,0,0,0
1785436238.9634666,A2000_B2000,1,2000,2000,1.0,1.0,105565190,2000,2000,1000,1000,0,0,0,0
1785436238.98534,A2000_B2000,1,2000,2000,1.0,1.0,105584653,2000,2000,1000,1000,0,0,0,0
1785436239.0020792,A2000_B2000,1,2000,2000,1.0,1.0,105604114,2000,2000,1000,1000,0,0,0,0
1785436239.0265431,A2000_B2000,1,2000,2000,1.0,1.0,105625081,2000,2000,1000,1000,0,0,0,0
1785436239.0461318,A2000_B2000,1,2000,2000,1.0,1.0,105646089,2000,2000,1000,1000,0,0,0,0
1785436239.0630796,A2000_B2000,1,2000,2000,1.0,1.0,105665513,2000,2000,1000,1000,0,0,0,0
1785436239.0854187,A2000_B2000,1,2000,2000,1.0,1.0,105686489,2000,2000,1000,1000,0,0,0,0
1785436239.1021066,A2000_B2000,1,2000,2000,1.0,1.0,105702945,2000,2000,1000,1000,0,0,0,0
1785436239.127515,A2000_B2000,1,2000,2000,1.0,1.0,105725438,2000,2000,1000,1000,0,0,0,0
1785436239.143659,A2000_B2000,1,2000,2000,1.0,1.0,105743427,2000,2000,1000,1000,0,0,0,0
1785436239.165504,A2000_B2000,1,2000,2000,1.0,1.0,105765877,2000,2000,1000,1000,0,0,0,0
1785436239.1821318,A2000_B2000,1,2000,2000,1.0,1.0,105783798,2000,2000,1000,1000,0,0,0,0
1785436239.203095,A2000_B2000,1,2000,2000,1.0,1.0,105803317,2000,2000,1000,1000,0,0,0,0
1785436239.2300441,A2000_B2000,1,2000,2000,1.0,1.0,105825767,2000,2000,1000,1000,0,0,0,0
1785436239.2421517,A2000_B2000,1,2000,2000,1.0,1.0,105843691,2000,2000,1000,1000,0,0,0,0
1785436239.2631805,A2000_B2000,1,2000,2000,1.0,1.0,105863213,2000,2000,1000,1000,0,0,0,0
1785436239.2885182,A2000_B2000,1,2000,2000,1.0,1.0,105885667,2000,2000,1000,1000,0,0,0,0
1785436239.3035188,A2000_B2000,1,2000,2000,1.0,1.0,105903584,2000,2000,1000,1000,0,0,0,0
1785436239.3279197,A2000_B2000,1,2000,2000,1.0,1.0,105926121,2000,2000,1000,1000,0,0,0,0
1785436239.342659,A2000_B2000,1,2000,2000,1.0,1.0,105944017,2000,2000,1000,1000,0,0,0,0
1785436239.3638773,A2000_B2000,1,2000,2000,1.0,1.0,105963483,2000,2000,1000,1000,0,0,0,0
1785436239.3854651,A2000_B2000,1,2000,2000,1.0,1.0,105985945,2000,2000,1000,1000,0,0,0,0
1785436239.402609,A2000_B2000,1,2000,2000,1.0,1.0,106003912,2000,2000,1000,1000,0,0,0,0
1785436239.4259064,A2000_B2000,1,2000,2000,1.0,1.0,106023386,2000,2000,1000,1000,0,0,0,0
1785436239.4421084,A2000_B2000,1,2000,2000,1.0,1.0,106042900,2000,2000,1000,1000,0,0,0,0
1785436239.4649532,A2000_B2000,1,2000,2000,1.0,1.0,106065347,2000,2000,1000,1000,0,0,0,0
1785436239.48551,A2000_B2000,1,2000,2000,1.0,1.0,106086267,2000,2000,1000,1000,0,0,0,0
1785436239.5032034,A2000_B2000,1,2000,2000,1.0,1.0,106105730,2000,2000,1000,1000,0,0,0,0
1785436239.5279038,A2000_B2000,1,2000,2000,1.0,1.0,106126699,2000,2000,1000,1000,0,0,0,0
1785436239.543152,A2000_B2000,1,2000,2000,1.0,1.0,106143172,2000,2000,1000,1000,0,0,0,0
1785436239.5663612,A2000_B2000,1,2000,2000,1.0,1.0,106165628,2000,2000,1000,1000,0,0,0,0
1785436239.5831547,A2000_B2000,1,2000,2000,1.0,1.0,106183597,2000,2000,1000,1000,0,0,0,0
1785436239.6056015,A2000_B2000,1,2000,2000,1.0,1.0,106206057,2000,2000,1000,1000,0,0,0,0
1785436239.6273797,A2000_B2000,1,2000,2000,1.0,1.0,106224072,2000,2000,1000,1000,0,0,0,0
1785436239.6431153,A2000_B2000,1,2000,2000,1.0,1.0,106243490,2000,2000,1000,1000,0,0,0,0
1785436239.6660182,A2000_B2000,1,2000,2000,1.0,1.0,106265953,2000,2000,1000,1000,0,0,0,0
1785436239.6821911,A2000_B2000,1,2000,2000,1.0,1.0,106283923,2000,2000,1000,1000,0,0,0,0
1785436239.7031298,A2000_B2000,1,2000,2000,1.0,1.0,106303384,2000,2000,1000,1000,0,0,0,0
1785436239.7279856,A2000_B2000,1,2000,2000,1.0,1.0,106325845,2000,2000,1000,1000,0,0,0,0
1785436239.742223,A2000_B2000,1,2000,2000,1.0,1.0,106343834,2000,2000,1000,1000,0,0,0,0
1785436239.7631333,A2000_B2000,1,2000,2000,1.0,1.0,106363280,2000,2000,1000,1000,0,0,0,0
1785436239.7854493,A2000_B2000,1,2000,2000,1.0,1.0,106385765,2000,2000,1000,1000,0,0,0,0
1785436239.802123,A2000_B2000,1,2000,2000,1.0,1.0,106403709,2000,2000,1000,1000,0,0,0,0
1785436239.8258374,A2000_B2000,1,2000,2000,1.0,1.0,106423210,2000,2000,1000,1000,0,0,0,0
1785436239.8455837,A2000_B2000,1,2000,2000,1.0,1.0,106445684,2000,2000,1000,1000,0,0,0,0
1785436239.8631048,A2000_B2000,1,2000,2000,1.0,1.0,106463608,2000,2000,1000,1000,0,0,0,0
1785436239.8854282,A2000_B2000,1,2000,2000,1.0,1.0,106486064,2000,2000,1000,1000,0,0,0,0
1785436239.902157,A2000_B2000,1,2000,2000,1.0,1.0,106504033,2000,2000,1000,1000,0,0,0,0
1785436239.9256089,A2000_B2000,1,2000,2000,1.0,1.0,106523497,2000,2000,1000,1000,0,0,0,0
1785436239.9454663,A2000_B2000,1,2000,2000,1.0,1.0,106545964,2000,2000,1000,1000,0,0,0,0
1785436239.9621391,A2000_B2000,1,2000,2000,1.0,1.0,106563929,2000,2000,1000,1000,0,0,0,0
1785436239.9831884,A2000_B2000,1,2000,2000,1.0,1.0,106583391,2000,2000,1000,1000,0,0,0,0
1785436240.0053434,A2000_B2000,1,2000,2000,1.0,1.0,106605855,2000,2000,1000,1000,0,0,0,0
1785436240.0273933,A2000_B2000,1,2000,2000,1.0,1.0,106623821,2000,2000,1000,1000,0,0,0,0
1785436240.0437725,A2000_B2000,1,2000,2000,1.0,1.0,106644781,2000,2000,1000,1000,0,0,0,0
1785436240.0653553,A2000_B2000,1,2000,2000,1.0,1.0,106664298,2000,2000,1000,1000,0,0,0,0
1785436240.08213,A2000_B2000,1,2000,2000,1.0,1.0,106682219,2000,2000,1000,1000,0,0,0,0
1785436240.1053576,A2000_B2000,1,2000,2000,1.0,1.0,106704678,2000,2000,1000,1000,0,0,0,0
1785436240.127266,A2000_B2000,1,2000,2000,1.0,1.0,106724187,2000,2000,1000,1000,0,0,0,0
1785436240.1431437,A2000_B2000,1,2000,2000,1.0,1.0,106745105,2000,2000,1000,1000,0,0,0,0
1785436240.163405,A2000_B2000,1,2000,2000,1.0,1.0,106764569,2000,2000,1000,1000,0,0,0,0
1785436240.1825466,A2000_B2000,1,2000,2000,1.0,1.0,106784084,2000,2000,1000,1000,0,0,0,0
1785436240.2031505,A2000_B2000,1,2000,2000,1.0,1.0,106805003,2000,2000,1000,1000,0,0,0,0
1785436240.2303772,A2000_B2000,1,2000,2000,1.0,1.0,106824468,2000,2000,1000,1000,0,0,0,0
1785436240.2423053,A2000_B2000,1,2000,2000,1.0,1.0,106843978,2000,2000,1000,1000,0,0,0,0
1785436240.2654507,A2000_B2000,1,2000,2000,1.0,1.0,106864891,2000,2000,1000,1000,0,0,0,0
1785436240.2821407,A2000_B2000,1,2000,2000,1.0,1.0,106884360,2000,2000,1000,1000,0,0,0,0
1785436240.3035831,A2000_B2000,1,2000,2000,1.0,1.0,106905328,2000,2000,1000,1000,0,0,0,0
1785436240.3280108,A2000_B2000,1,2000,2000,1.0,1.0,106924790,2000,2000,1000,1000,0,0,0,0
1785436240.3438787,A2000_B2000,1,2000,2000,1.0,1.0,106944319,2000,2000,1000,1000,0,0,0,0
1785436240.3653939,A2000_B2000,1,2000,2000,1.0,1.0,106966714,2000,2000,1000,1000,0,0,0,0
1785436240.3824983,A2000_B2000,1,2000,2000,1.0,1.0,106984683,2000,2000,1000,1000,0,0,0,0
1785436240.4054384,A2000_B2000,1,2000,2000,1.0,1.0,107004154,2000,2000,1000,1000,0,0,0,0
1785436240.427763,A2000_B2000,1,2000,2000,1.0,1.0,107025120,2000,2000,1000,1000,0,0,0,0
1785436240.4454854,A2000_B2000,1,2000,2000,1.0,1.0,107044587,2000,2000,1000,1000,0,0,0,0
1785436240.4624507,A2000_B2000,1,2000,2000,1.0,1.0,107064050,2000,2000,1000,1000,0,0,0,0
1785436240.4831696,A2000_B2000,1,2000,2000,1.0,1.0,107085017,2000,2000,1000,1000,0,0,0,0
1785436240.505376,A2000_B2000,1,2000,2000,1.0,1.0,107104473,2000,2000,1000,1000,0,0,0,0
1785436240.5271914,A2000_B2000,1,2000,2000,1.0,1.0,107122446,2000,2000,1000,1000,0,0,0,0
1785436240.5431435,A2000_B2000,1,2000,2000,1.0,1.0,107144906,2000,2000,1000,1000,0,0,0,0
1785436240.5621593,A2000_B2000,1,2000,2000,1.0,1.0,107164366,2000,2000,1000,1000,0,0,0,0
1785436240.5831375,A2000_B2000,1,2000,2000,1.0,1.0,107185331,2000,2000,1000,1000,0,0,0,0
1785436240.6054058,A2000_B2000,1,2000,2000,1.0,1.0,107204797,2000,2000,1000,1000,0,0,0,0
1785436240.6274135,A2000_B2000,1,2000,2000,1.0,1.0,107224261,2000,2000,1000,1000,0,0,0,0
1785436240.645418,A2000_B2000,1,2000,2000,1.0,1.0,107246731,2000,2000,1000,1000,0,0,0,0
1785436240.6633022,A2000_B2000,1,2000,2000,1.0,1.0,107264696,2000,2000,1000,1000,0,0,0,0
1785436240.6866956,A2000_B2000,1,2000,2000,1.0,1.0,107287155,2000,2000,1000,1000,0,0,0,0
1785436240.7062678,A2000_B2000,1,2000,2000,1.0,1.0,107306625,2000,2000,1000,1000,0,0,0,0
1785436240.7279272,A2000_B2000,1,2000,2000,1.0,1.0,107324621,2000,2000,1000,1000,0,0,0,0
1785436240.742156,A2000_B2000,1,2000,2000,1.0,1.0,107344049,2000,2000,1000,1000,0,0,0,0
1785436240.7636037,A2000_B2000,1,2000,2000,1.0,1.0,107365017,2000,2000,1000,1000,0,0,0,0
1785436240.78538,A2000_B2000,1,2000,2000,1.0,1.0,107384482,2000,2000,1000,1000,0,0,0,0
1785436240.8031373,A2000_B2000,1,2000,2000,1.0,1.0,107405526,2000,2000,1000,1000,0,0,0,0
1785436240.8265393,A2000_B2000,1,2000,2000,1.0,1.0,107424906,2000,2000,1000,1000,0,0,0,0
1785436240.8454213,A2000_B2000,1,2000,2000,1.0,1.0,107444381,2000,2000,1000,1000,0,0,0,0
1785436240.862201,A2000_B2000,1,2000,2000,1.0,1.0,107462349,2000,2000,1000,1000,0,0,0,0
1785436240.883811,A2000_B2000,1,2000,2000,1.0,1.0,107484815,2000,2000,1000,1000,0,0,0,0
1785436240.9057884,A2000_B2000,1,2000,2000,1.0,1.0,107504277,2000,2000,1000,1000,0,0,0,0
1785436240.927193,A2000_B2000,1,2000,2000,1.0,1.0,107522244,2000,2000,1000,1000,0,0,0,0
1785436240.943143,A2000_B2000,1,2000,2000,1.0,1.0,107544692,2000,2000,1000,1000,0,0,0,0
1785436240.962574,A2000_B2000,1,2000,2000,1.0,1.0,107564173,2000,2000,1000,1000,0,0,0,0
1785436240.9832196,A2000_B2000,1,2000,2000,1.0,1.0,107585172,2000,2000,1000,1000,0,0,0,0
1785436241.0054288,A2000_B2000,1,2000,2000,1.0,1.0,107604592,2000,2000,1000,1000,0,0,0,0
1785436241.0284069,A2000_B2000,1,2000,2000,1.0,1.0,107627059,2000,2000,1000,1000,0,0,0,0
1785436241.0431988,A2000_B2000,1,2000,2000,1.0,1.0,107643531,2000,2000,1000,1000,0,0,0,0
1785436241.065437,A2000_B2000,1,2000,2000,1.0,1.0,107665996,2000,2000,1000,1000,0,0,0,0
1785436241.0821471,A2000_B2000,1,2000,2000,1.0,1.0,107683959,2000,2000,1000,1000,0,0,0,0
1785436241.1032023,A2000_B2000,1,2000,2000,1.0,1.0,107703422,2000,2000,1000,1000,0,0,0,0
1785436241.1280353,A2000_B2000,1,2000,2000,1.0,1.0,107725884,2000,2000,1000,1000,0,0,0,0
1785436241.1421494,A2000_B2000,1,2000,2000,1.0,1.0,107743859,2000,2000,1000,1000,0,0,0,0
1785436241.1633956,A2000_B2000,1,2000,2000,1.0,1.0,107763320,2000,2000,1000,1000,0,0,0,0
1785436241.1854155,A2000_B2000,1,2000,2000,1.0,1.0,107785778,2000,2000,1000,1000,0,0,0,0
1785436241.2032454,A2000_B2000,1,2000,2000,1.0,1.0,107803741,2000,2000,1000,1000,0,0,0,0
1785436241.230113,A2000_B2000,1,2000,2000,1.0,1.0,107826200,2000,2000,1000,1000,0,0,0,0
1785436241.2421496,A2000_B2000,1,2000,2000,1.0,1.0,107844169,2000,2000,1000,1000,0,0,0,0
1785436241.2625186,A2000_B2000,1,2000,2000,1.0,1.0,107863638,2000,2000,1000,1000,0,0,0,0
1785436241.283173,A2000_B2000,1,2000,2000,1.0,1.0,107883103,2000,2000,1000,1000,0,0,0,0
1785436241.302166,A2000_B2000,1,2000,2000,1.0,1.0,107904064,2000,2000,1000,1000,0,0,0,0
1785436241.325733,ramp_down,1,1875,1875,0.875,0.875,107923537,2000,2000,1000,1000,0,0,0,0
1785436241.3454034,ramp_down,1,1875,1875,0.875,0.875,107945994,1875,1875,1000,1000,0,0,0,0
1785436241.3632734,ramp_down,1,1875,1875,0.875,0.875,107965465,1875,1875,1000,1000,0,0,0,0
1785436241.386086,ramp_down,1,1750,1750,0.75,0.75,107986418,1875,1875,1000,1000,0,0,0,0
1785436241.402173,ramp_down,1,1750,1750,0.75,0.75,108002893,1750,1750,1000,1000,0,0,0,0
1785436241.4259355,ramp_down,1,1750,1750,0.75,0.75,108025354,1750,1750,1000,1000,0,0,0,0
1785436241.4463441,ramp_down,1,1625,1625,0.625,0.625,108046321,1625,1750,1000,1000,0,0,0,0
1785436241.4658868,ramp_down,1,1625,1625,0.625,0.625,108065783,1625,1625,1000,1000,0,0,0,0
1785436241.482221,ramp_down,1,1625,1625,0.625,0.625,108083747,1625,1625,1000,1000,0,0,0,0
1785436241.503189,ramp_down,1,1500,1500,0.5,0.5,108103227,1500,1500,1000,1000,0,0,0,0
1785436241.5280457,ramp_down,1,1500,1500,0.5,0.5,108125673,1500,1500,1000,1000,0,0,0,0
1785436241.5421996,ramp_down,1,1375,1375,0.375,0.375,108143641,1500,1500,1000,1000,0,0,0,0
1785436241.5662374,ramp_down,1,1375,1375,0.375,0.375,108166101,1375,1375,1000,1000,0,0,0,0
1785436241.5831766,ramp_down,1,1375,1375,0.375,0.375,108185571,1375,1375,1000,1000,0,0,0,0
1785436241.6053894,ramp_down,1,1250,1250,0.25,0.25,108206581,1250,1250,1000,1000,0,0,0,0
1785436241.626469,ramp_down,1,1250,1250,0.25,0.25,108226003,1250,1250,1000,1000,0,0,0,0
1785436241.6455934,ramp_down,1,1125,1125,0.125,0.125,108245480,1250,1250,1000,1000,0,0,0,0
1785436241.662218,ramp_down,1,1125,1125,0.125,0.125,108263431,1125,1125,1000,1000,0,0,0,0
1785436241.6854126,ramp_down,1,1125,1125,0.125,0.125,108285896,1125,1125,1000,1000,0,0,0,0
1785436241.7024648,ramp_down,1,1000,1000,0.0,0.0,108303904,1000,1000,1000,1000,0,0,0,0
1785436241.7257457,ramp_down,1,1000,1000,0.0,0.0,108323352,1000,1000,1000,1000,0,0,0,0
1785436241.745412,idle_post,0,1000,1000,0.0,0.0,108345783,1000,1000,1000,1000,0,0,0,0
1785436241.7622302,idle_post,0,1000,1000,0.0,0.0,108363892,1000,1000,1000,1000,0,0,0,0
1785436241.7831984,idle_post,0,1000,1000,0.0,0.0,108383224,1000,1000,1000,1000,0,0,0,0
1785436241.8054683,idle_post,0,1000,1000,0.0,0.0,108405745,1000,1000,1000,1000,0,0,0,0
1785436241.826247,idle_post,0,1000,1000,0.0,0.0,108423697,1000,1000,1000,1000,0,0,0,0
1785436241.8462102,idle_post,0,1000,1000,0.0,0.0,108446157,1000,1000,1000,1000,0,0,0,0
1785436241.8622346,idle_post,0,1000,1000,0.0,0.0,108464078,1000,1000,1000,1000,0,0,0,0
1785436241.8831863,idle_post,0,1000,1000,0.0,0.0,108483591,1000,1000,1000,1000,0,0,0,0
1785436241.905772,idle_post,0,1000,1000,0.0,0.0,108506052,1000,1000,1000,1000,0,0,0,0
1785436241.9275098,idle_post,0,1000,1000,0.0,0.0,108523975,1000,1000,1000,1000,0,0,0,0
1785436241.9432945,idle_post,0,1000,1000,0.0,0.0,108543489,1000,1000,1000,1000,0,0,0,0
1785436241.9655385,idle_post,0,1000,1000,0.0,0.0,108565949,1000,1000,1000,1000,0,0,0,0
1785436241.9822457,idle_post,0,1000,1000,0.0,0.0,108583869,1000,1000,1000,1000,0,0,0,0
1785436242.0040245,idle_post,0,1000,1000,0.0,0.0,108603381,1000,1000,1000,1000,0,0,0,0
1785436242.0279698,idle_post,0,1000,1000,0.0,0.0,108625842,1000,1000,1000,1000,0,0,0,0
1785436242.0421906,idle_post,0,1000,1000,0.0,0.0,108643762,1000,1000,1000,1000,0,0,0,0
1785436242.064022,idle_post,0,1000,1000,0.0,0.0,108664726,1000,1000,1000,1000,0,0,0,0
1785436242.0854096,idle_post,0,1000,1000,0.0,0.0,108684198,1000,1000,1000,1000,0,0,0,0
1785436242.1032138,idle_post,0,1000,1000,0.0,0.0,108705153,1000,1000,1000,1000,0,0,0,0
1785436242.127966,idle_post,0,1000,1000,0.0,0.0,108724634,1000,1000,1000,1000,0,0,0,0
1785436242.1421773,idle_post,0,1000,1000,0.0,0.0,108744087,1000,1000,1000,1000,0,0,0,0
1785436242.166733,idle_post,0,1000,1000,0.0,0.0,108766551,1000,1000,1000,1000,0,0,0,0
1785436242.1833577,idle_post,0,1000,1000,0.0,0.0,108784514,1000,1000,1000,1000,0,0,0,0
1785436242.2027757,idle_post,0,1000,1000,0.0,0.0,108803988,1000,1000,1000,1000,0,0,0,0
1785436242.230146,idle_post,0,1000,1000,0.0,0.0,108824954,1000,1000,1000,1000,0,0,0,0
1785436242.2454174,idle_post,0,1000,1000,0.0,0.0,108844416,1000,1000,1000,1000,0,0,0,0
1785436242.262186,idle_post,0,1000,1000,0.0,0.0,108862384,1000,1000,1000,1000,0,0,0,0
1785436242.2840211,idle_post,0,1000,1000,0.0,0.0,108884839,1000,1000,1000,1000,0,0,0,0
1785436242.3020916,idle_post,0,1000,1000,0.0,0.0,108902850,1000,1000,1000,1000,0,0,0,0
1785436242.3272705,idle_post,0,1000,1000,0.0,0.0,108922278,1000,1000,1000,1000,0,0,0,0
1785436242.3433547,idle_post,0,1000,1000,0.0,0.0,108944729,1000,1000,1000,1000,0,0,0,0
1785436242.3654869,idle_post,0,1000,1000,0.0,0.0,108964203,1000,1000,1000,1000,0,0,0,0
1785436242.3832512,idle_post,0,1000,1000,0.0,0.0,108985214,1000,1000,1000,1000,0,0,0,0
1785436242.4054925,idle_post,0,1000,1000,0.0,0.0,109004631,1000,1000,1000,1000,0,0,0,0
1785436242.427495,idle_post,0,1000,1000,0.0,0.0,109024110,1000,1000,1000,1000,0,0,0,0
1785436242.443216,idle_post,0,1000,1000,0.0,0.0,109045102,1000,1000,1000,1000,0,0,0,0
1785436242.462558,idle_post,0,1000,1000,0.0,0.0,109064524,1000,1000,1000,1000,0,0,0,0
1785436242.4832747,idle_post,0,1000,1000,0.0,0.0,109083991,1000,1000,1000,1000,0,0,0,0
1785436242.5055912,idle_post,0,1000,1000,0.0,0.0,109106449,1000,1000,1000,1000,0,0,0,0
1785436242.528081,idle_post,0,1000,1000,0.0,0.0,109124417,1000,1000,1000,1000,0,0,0,0
1785436242.5422947,idle_post,0,1000,1000,0.0,0.0,109142433,1000,1000,1000,1000,0,0,0,0
1785436242.5632463,idle_post,0,1000,1000,0.0,0.0,109164887,1000,1000,1000,1000,0,0,0,0
1785436242.585593,idle_post,0,1000,1000,0.0,0.0,109184334,1000,1000,1000,1000,0,0,0,0
1785436242.6022115,idle_post,0,1000,1000,0.0,0.0,109202340,1000,1000,1000,1000,0,0,0,0
1785436242.6275315,idle_post,0,1000,1000,0.0,0.0,109224787,1000,1000,1000,1000,0,0,0,0
1785436242.6422,idle_post,0,1000,1000,0.0,0.0,109244206,1000,1000,1000,1000,0,0,0,0
1785436242.6633513,idle_post,0,1000,1000,0.0,0.0,109265180,1000,1000,1000,1000,0,0,0,0
1785436242.6859803,idle_post,0,1000,1000,0.0,0.0,109284681,1000,1000,1000,1000,0,0,0,0
1785436242.7022114,idle_post,0,1000,1000,0.0,0.0,109304101,1000,1000,1000,1000,0,0,0,0
1785436242.726071,idle_post,0,1000,1000,0.0,0.0,109325068,1000,1000,1000,1000,0,0,0,0
1785436242.7455032,idle_post,0,1000,1000,0.0,0.0,109344576,1000,1000,1000,1000,0,0,0,0
1785436242.762333,idle_post,0,1000,1000,0.0,0.0,109363996,1000,1000,1000,1000,0,0,0,0
1785436242.7832112,idle_post,0,1000,1000,0.0,0.0,109384967,1000,1000,1000,1000,0,0,0,0
1785436242.8023493,idle_post,0,1000,1000,0.0,0.0,109404473,1000,1000,1000,1000,0,0,0,0
1785436242.8274813,idle_post,0,1000,1000,0.0,0.0,109423958,1000,1000,1000,1000,0,0,0,0
1785436242.8432822,idle_post,0,1000,1000,0.0,0.0,109444884,1000,1000,1000,1000,0,0,0,0
1785436242.8660808,idle_post,0,1000,1000,0.0,0.0,109467315,1000,1000,1000,1000,0,0,0,0
1785436242.8822055,idle_post,0,1000,1000,0.0,0.0,109482292,1000,1000,1000,1000,0,0,0,0
1785436242.9032016,idle_post,0,1000,1000,0.0,0.0,109504751,1000,1000,1000,1000,0,0,0,0
1785436242.9280884,idle_post,0,1000,1000,0.0,0.0,109524281,1000,1000,1000,1000,0,0,0,0
1785436242.9439926,idle_post,0,1000,1000,0.0,0.0,109545179,1000,1000,1000,1000,0,0,0,0
1785436242.966051,idle_post,0,1000,1000,0.0,0.0,109564650,1000,1000,1000,1000,0,0,0,0
1785436242.9822154,idle_post,0,1000,1000,0.0,0.0,109584154,1000,1000,1000,1000,0,0,0,0
1785436243.0049193,idle_post,0,1000,1000,0.0,0.0,109605074,1000,1000,1000,1000,0,0,0,0
1785436243.0281014,idle_post,0,1000,1000,0.0,0.0,109624546,1000,1000,1000,1000,0,0,0,0
1785436243.0422642,idle_post,0,1000,1000,0.0,0.0,109644050,1000,1000,1000,1000,0,0,0,0
1785436243.0655468,idle_post,0,1000,1000,0.0,0.0,109666513,1000,1000,1000,1000,0,0,0,0
1785436243.0822022,idle_post,0,1000,1000,0.0,0.0,109682933,1000,1000,1000,1000,0,0,0,0
1785436243.1032054,idle_post,0,1000,1000,0.0,0.0,109705392,1000,1000,1000,1000,0,0,0,0
1785436243.1280951,idle_post,0,1000,1000,0.0,0.0,109727864,1000,1000,1000,1000,0,0,0,0
1785436243.1455705,idle_post,0,1000,1000,0.0,0.0,109745828,1000,1000,1000,1000,0,0,0,0
1785436243.1622465,idle_post,0,1000,1000,0.0,0.0,109762294,1000,1000,1000,1000,0,0,0,0
1785436243.1832402,idle_post,0,1000,1000,0.0,0.0,109784757,1000,1000,1000,1000,0,0,0,0
1785436243.2054596,idle_post,0,1000,1000,0.0,0.0,109805724,1000,1000,1000,1000,0,0,0,0
1785436243.2294853,idle_post,0,1000,1000,0.0,0.0,109825191,1000,1000,1000,1000,0,0,0,0
1785436243.2454548,idle_post,0,1000,1000,0.0,0.0,109844653,1000,1000,1000,1000,0,0,0,0
1785436243.262398,idle_post,0,1000,1000,0.0,0.0,109862615,1000,1000,1000,1000,0,0,0,0
1785436243.2833104,idle_post,0,1000,1000,0.0,0.0,109885085,1000,1000,1000,1000,0,0,0,0
1785436243.3054507,idle_post,0,1000,1000,0.0,0.0,109906084,1000,1000,1000,1000,0,0,0,0
1785436243.3274748,idle_post,0,1000,1000,0.0,0.0,109922588,1000,1000,1000,1000,0,0,0,0
1785436243.343215,idle_post,0,1000,1000,0.0,0.0,109944976,1000,1000,1000,1000,0,0,0,0
1785436243.3659132,idle_post,0,1000,1000,0.0,0.0,109965989,1000,1000,1000,1000,0,0,0,0
1785436243.3823044,idle_post,0,1000,1000,0.0,0.0,109982406,1000,1000,1000,1000,0,0,0,0
1785436243.403235,idle_post,0,1000,1000,0.0,0.0,110004869,1000,1000,1000,1000,0,0,0,0
1785436243.427597,idle_post,0,1000,1000,0.0,0.0,110022838,1000,1000,1000,1000,0,0,0,0
1785436243.4432964,idle_post,0,1000,1000,0.0,0.0,110045301,1000,1000,1000,1000,0,0,0,0
1785436243.4654677,idle_post,0,1000,1000,0.0,0.0,110064760,1000,1000,1000,1000,0,0,0,0
1785436243.482364,idle_post,0,1000,1000,0.0,0.0,110082733,1000,1000,1000,1000,0,0,0,0
1785436243.503241,idle_post,0,1000,1000,0.0,0.0,110105195,1000,1000,1000,1000,0,0,0,0
1785436243.5280302,idle_post,0,1000,1000,0.0,0.0,110124656,1000,1000,1000,1000,0,0,0,0
1785436243.5459588,idle_post,0,1000,1000,0.0,0.0,110145665,1000,1000,1000,1000,0,0,0,0
1785436243.565404,idle_post,0,1000,1000,0.0,0.0,110165142,1000,1000,1000,1000,0,0,0,0
1785436243.5851474,idle_post,0,1000,1000,0.0,0.0,110186070,1000,1000,1000,1000,0,0,0,0
1785436243.6022656,idle_post,0,1000,1000,0.0,0.0,110202519,1000,1000,1000,1000,0,0,0,0
1785436243.625951,idle_post,0,1000,1000,0.0,0.0,110224983,1000,1000,1000,1000,0,0,0,0
1785436243.6454773,idle_post,0,1000,1000,0.0,0.0,110245942,1000,1000,1000,1000,0,0,0,0
1785436243.6625345,idle_post,0,1000,1000,0.0,0.0,110262416,1000,1000,1000,1000,0,0,0,0
1785436243.68335,idle_post,0,1000,1000,0.0,0.0,110284880,1000,1000,1000,1000,0,0,0,0
1785436243.705729,idle_post,0,1000,1000,0.0,0.0,110305837,1000,1000,1000,1000,0,0,0,0
1785436243.7272854,idle_post,0,1000,1000,0.0,0.0,110322312,1000,1000,1000,1000,0,0,0,0
1785436243.7432544,idle_post,0,1000,1000,0.0,0.0,110344773,1000,1000,1000,1000,0,0,0,0
1785436243.7656038,idle_post,0,1000,1000,0.0,0.0,110365821,1000,1000,1000,1000,0,0,0,0
1785436243.7822287,idle_post,0,1000,1000,0.0,0.0,110382245,1000,1000,1000,1000,0,0,0,0
1785436243.8033693,idle_post,0,1000,1000,0.0,0.0,110404668,1000,1000,1000,1000,0,0,0,0
1785436243.8280294,idle_post,0,1000,1000,0.0,0.0,110427142,1000,1000,1000,1000,0,0,0,0
1785436243.8456645,idle_post,0,1000,1000,0.0,0.0,110445139,1000,1000,1000,1000,0,0,0,0
1785436243.8622265,idle_post,0,1000,1000,0.0,0.0,110463080,1000,1000,1000,1000,0,0,0,0
1785436243.8832464,idle_post,0,1000,1000,0.0,0.0,110485521,1000,1000,1000,1000,0,0,0,0
1785436243.902348,idle_post,0,1000,1000,0.0,0.0,110503489,1000,1000,1000,1000,0,0,0,0
1785436243.925758,idle_post,0,1000,1000,0.0,0.0,110522956,1000,1000,1000,1000,0,0,0,0
1785436243.9427395,idle_post,0,1000,1000,0.0,0.0,110542468,1000,1000,1000,1000,0,0,0,0
1785436243.9632347,idle_post,0,1000,1000,0.0,0.0,110564925,1000,1000,1000,1000,0,0,0,0
1785436243.9855702,idle_post,0,1000,1000,0.0,0.0,110585848,1000,1000,1000,1000,0,0,0,0
1785436244.0022824,idle_post,0,1000,1000,0.0,0.0,110602367,1000,1000,1000,1000,0,0,0,0
1785436244.0260158,idle_post,0,1000,1000,0.0,0.0,110624821,1000,1000,1000,1000,0,0,0,0
1785436244.0455606,idle_post,0,1000,1000,0.0,0.0,110645738,1000,1000,1000,1000,0,0,0,0
1785436244.062245,idle_post,0,1000,1000,0.0,0.0,110662262,1000,1000,1000,1000,0,0,0,0
1785436244.0832958,idle_post,0,1000,1000,0.0,0.0,110684718,1000,1000,1000,1000,0,0,0,0
1785436244.105701,idle_post,0,1000,1000,0.0,0.0,110704144,1000,1000,1000,1000,0,0,0,0
1785436244.12872,idle_post,0,1000,1000,0.0,0.0,110726601,1000,1000,1000,1000,0,0,0,0
1785436244.1435077,idle_post,0,1000,1000,0.0,0.0,110744610,1000,1000,1000,1000,0,0,0,0
1785436244.1632557,idle_post,0,1000,1000,0.0,0.0,110764034,1000,1000,1000,1000,0,0,0,0
1785436244.18327,idle_post,0,1000,1000,0.0,0.0,110783498,1000,1000,1000,1000,0,0,0,0
1785436244.2055914,idle_post,0,1000,1000,0.0,0.0,110805967,1000,1000,1000,1000,0,0,0,0
1785436244.229991,idle_post,0,1000,1000,0.0,0.0,110823929,1000,1000,1000,1000,0,0,0,0
1785436244.2442317,idle_post,0,1000,1000,0.0,0.0,110843394,1000,1000,1000,1000,0,0,0,0
1785436244.2656248,idle_post,0,1000,1000,0.0,0.0,110864457,1000,1000,1000,1000,0,0,0,0
1785436244.2822406,idle_post,0,1000,1000,0.0,0.0,110883822,1000,1000,1000,1000,0,0,0,0
1785436244.3032417,idle_post,0,1000,1000,0.0,0.0,110904779,1000,1000,1000,1000,0,0,0,0
1785436244.3280892,idle_post,0,1000,1000,0.0,0.0,110924295,1000,1000,1000,1000,0,0,0,0
1785436244.3422468,idle_post,0,1000,1000,0.0,0.0,110943720,1000,1000,1000,1000,0,0,0,0
1785436244.3632436,idle_post,0,1000,1000,0.0,0.0,110964682,1000,1000,1000,1000,0,0,0,0
1785436244.3821726,idle_post,0,1000,1000,0.0,0.0,110984195,1000,1000,1000,1000,0,0,0,0
1785436244.4033113,idle_post,0,1000,1000,0.0,0.0,111003614,1000,1000,1000,1000,0,0,0,0
1785436244.4280422,idle_post,0,1000,1000,0.0,0.0,111026067,1000,1000,1000,1000,0,0,0,0
1785436244.442312,idle_post,0,1000,1000,0.0,0.0,111044084,1000,1000,1000,1000,0,0,0,0
1785436244.463349,idle_post,0,1000,1000,0.0,0.0,111063509,1000,1000,1000,1000,0,0,0,0
1785436244.4856267,idle_post,0,1000,1000,0.0,0.0,111085969,1000,1000,1000,1000,0,0,0,0
1785436244.5023055,idle_post,0,1000,1000,0.0,0.0,111103983,1000,1000,1000,1000,0,0,0,0
1785436244.5258472,idle_post,0,1000,1000,0.0,0.0,111123406,1000,1000,1000,1000,0,0,0,0
1785436244.5456376,idle_post,0,1000,1000,0.0,0.0,111144366,1000,1000,1000,1000,0,0,0,0
1785436244.562285,idle_post,0,1000,1000,0.0,0.0,111163874,1000,1000,1000,1000,0,0,0,0
1785436244.5832973,idle_post,0,1000,1000,0.0,0.0,111184788,1000,1000,1000,1000,0,0,0,0
1785436244.6055512,idle_post,0,1000,1000,0.0,0.0,111204269,1000,1000,1000,1000,0,0,0,0
1785436244.6276367,idle_post,0,1000,1000,0.0,0.0,111223769,1000,1000,1000,1000,0,0,0,0
1785436244.6433487,idle_post,0,1000,1000,0.0,0.0,111244689,1000,1000,1000,1000,0,0,0,0
1785436244.6655579,idle_post,0,1000,1000,0.0,0.0,111264168,1000,1000,1000,1000,0,0,0,0
1785436244.6835253,idle_post,0,1000,1000,0.0,0.0,111283668,1000,1000,1000,1000,0,0,0,0
1785436244.705508,idle_post,0,1000,1000,0.0,0.0,111306122,1000,1000,1000,1000,0,0,0,0
1785436244.7273483,idle_post,0,1000,1000,0.0,0.0,111324047,1000,1000,1000,1000,0,0,0,0
1785436244.7435808,idle_post,0,1000,1000,0.0,0.0,111343560,1000,1000,1000,1000,0,0,0,0
1785436244.7655294,idle_post,0,1000,1000,0.0,0.0,111366018,1000,1000,1000,1000,0,0,0,0
1785436244.78226,idle_post,0,1000,1000,0.0,0.0,111384029,1000,1000,1000,1000,0,0,0,0
1785436244.8032985,idle_post,0,1000,1000,0.0,0.0,111403455,1000,1000,1000,1000,0,0,0,0
1785436244.8280544,idle_post,0,1000,1000,0.0,0.0,111425912,1000,1000,1000,1000,0,0,0,0
1785436244.8432598,idle_post,0,1000,1000,0.0,0.0,111443844,1000,1000,1000,1000,0,0,0,0
1785436244.8656864,idle_post,0,1000,1000,0.0,0.0,111466298,1000,1000,1000,1000,0,0,0,0
1785436244.8822613,idle_post,0,1000,1000,0.0,0.0,111484263,1000,1000,1000,1000,0,0,0,0
1785436244.9039614,idle_post,0,1000,1000,0.0,0.0,111503727,1000,1000,1000,1000,0,0,0,0
1785436244.928061,idle_post,0,1000,1000,0.0,0.0,111526192,1000,1000,1000,1000,0,0,0,0
1785436244.9422824,idle_post,0,1000,1000,0.0,0.0,111544156,1000,1000,1000,1000,0,0,0,0
1785436244.9655104,idle_post,0,1000,1000,0.0,0.0,111566622,1000,1000,1000,1000,0,0,0,0
1785436244.9823184,idle_post,0,1000,1000,0.0,0.0,111584592,1000,1000,1000,1000,0,0,0,0
1785436245.003262,idle_post,0,1000,1000,0.0,0.0,111604056,1000,1000,1000,1000,0,0,0,0
1785436245.0276248,idle_post,0,1000,1000,0.0,0.0,111623520,1000,1000,1000,1000,0,0,0,0
1785436245.0455065,idle_post,0,1000,1000,0.0,0.0,111645982,1000,1000,1000,1000,0,0,0,0
1785436245.062329,idle_post,0,1000,1000,0.0,0.0,111663952,1000,1000,1000,1000,0,0,0,0
1785436245.084151,idle_post,0,1000,1000,0.0,0.0,111681971,1000,1000,1000,1000,0,0,0,0
1785436245.1054966,idle_post,0,1000,1000,0.0,0.0,111705873,1000,1000,1000,1000,0,0,0,0
1785436245.1273487,idle_post,0,1000,1000,0.0,0.0,111722351,1000,1000,1000,1000,0,0,0,0
1785436245.1438863,idle_post,0,1000,1000,0.0,0.0,111744805,1000,1000,1000,1000,0,0,0,0
1785436245.1656663,idle_post,0,1000,1000,0.0,0.0,111765769,1000,1000,1000,1000,0,0,0,0
1785436245.183309,idle_post,0,1000,1000,0.0,0.0,111785290,1000,1000,1000,1000,0,0,0,0
1785436245.203281,idle_post,0,1000,1000,0.0,0.0,111804699,1000,1000,1000,1000,0,0,0,0
1785436245.229938,idle_post,0,1000,1000,0.0,0.0,111822720,1000,1000,1000,1000,0,0,0,0
1785436245.2453616,idle_post,0,1000,1000,0.0,0.0,111845175,1000,1000,1000,1000,0,0,0,0
1785436245.2622912,idle_post,0,1000,1000,0.0,0.0,111863100,1000,1000,1000,1000,0,0,0,0
1785436245.283271,idle_post,0,1000,1000,0.0,0.0,111885588,1000,1000,1000,1000,0,0,0,0
1785436245.3055036,idle_post,0,1000,1000,0.0,0.0,111905070,1000,1000,1000,1000,0,0,0,0
1785436245.328094,idle_post,0,1000,1000,0.0,0.0,111922994,1000,1000,1000,1000,0,0,0,0
1785436245.342304,idle_post,0,1000,1000,0.0,0.0,111942509,1000,1000,1000,1000,0,0,0,0
1785436245.3632762,idle_post,0,1000,1000,0.0,0.0,111964970,1000,1000,1000,1000,0,0,0,0
1785436245.3855112,idle_post,0,1000,1000,0.0,0.0,111985900,1000,1000,1000,1000,0,0,0,0
1785436245.4024324,idle_post,0,1000,1000,0.0,0.0,112002401,1000,1000,1000,1000,0,0,0,0
1785436245.426061,idle_post,0,1000,1000,0.0,0.0,112024856,1000,1000,1000,1000,0,0,0,0
1785436245.4455318,idle_post,0,1000,1000,0.0,0.0,112045780,1000,1000,1000,1000,0,0,0,0
1785436245.4623024,idle_post,0,1000,1000,0.0,0.0,112062298,1000,1000,1000,1000,0,0,0,0
1785436245.4841642,idle_post,0,1000,1000,0.0,0.0,112084755,1000,1000,1000,1000,0,0,0,0
1785436245.5069084,idle_post,0,1000,1000,0.0,0.0,112107219,1000,1000,1000,1000,0,0,0,0
1785436245.525843,idle_post,0,1000,1000,0.0,0.0,112125202,1000,1000,1000,1000,0,0,0,0
1785436245.5455818,idle_post,0,1000,1000,0.0,0.0,112146154,1000,1000,1000,1000,0,0,0,0
1785436245.5634444,idle_post,0,1000,1000,0.0,0.0,112162576,1000,1000,1000,1000,0,0,0,0
1785436245.5826573,idle_post,0,1000,1000,0.0,0.0,112183538,1000,1000,1000,1000,0,0,0,0
1785436245.605573,idle_post,0,1000,1000,0.0,0.0,112205998,1000,1000,1000,1000,0,0,0,0
1785436245.627853,idle_post,0,1000,1000,0.0,0.0,112222469,1000,1000,1000,1000,0,0,0,0
1785436245.6433356,idle_post,0,1000,1000,0.0,0.0,112244930,1000,1000,1000,1000,0,0,0,0
1785436245.6656137,idle_post,0,1000,1000,0.0,0.0,112265893,1000,1000,1000,1000,0,0,0,0
1785436245.6823375,idle_post,0,1000,1000,0.0,0.0,112282371,1000,1000,1000,1000,0,0,0,0
1785436245.7033632,idle_post,0,1000,1000,0.0,0.0,112304851,1000,1000,1000,1000,0,0,0,0
1785436245.7280905,idle_post,0,1000,1000,0.0,0.0,112325787,1000,1000,1000,1000,0,0,0,0
1785436245.7423604,idle_post,0,1000,1000,0.0,0.0,112342254,1000,1000,1000,1000,0,0,0,0
1785436245.765553,idle_post,0,1000,1000,0.0,0.0,112364725,1000,1000,1000,1000,0,0,0,0
1785436245.782286,idle_post,0,1000,1000,0.0,0.0,112382686,1000,1000,1000,1000,0,0,0,0
1785436245.8056428,idle_post,0,1000,1000,0.0,0.0,112405150,1000,1000,1000,1000,0,0,0,0
1785436245.8263142,idle_post,0,1000,1000,0.0,0.0,112423162,1000,1000,1000,1000,0,0,0,0
1785436245.8457377,idle_post,0,1000,1000,0.0,0.0,112445577,1000,1000,1000,1000,0,0,0,0
1785436245.8636599,idle_post,0,1000,1000,0.0,0.0,112465048,1000,1000,1000,1000,0,0,0,0
1785436245.8855422,idle_post,0,1000,1000,0.0,0.0,112486004,1000,1000,1000,1000,0,0,0,0
1785436245.9025333,idle_post,0,1000,1000,0.0,0.0,112502475,1000,1000,1000,1000,0,0,0,0
1785436245.9258113,idle_post,0,1000,1000,0.0,0.0,112524941,1000,1000,1000,1000,0,0,0,0
1785436245.945578,idle_post,0,1000,1000,0.0,0.0,112545895,1000,1000,1000,1000,0,0,0,0
1785436245.962293,idle_post,0,1000,1000,0.0,0.0,112562368,1000,1000,1000,1000,0,0,0,0
1785436245.9833078,idle_post,0,1000,1000,0.0,0.0,112584835,1000,1000,1000,1000,0,0,0,0
1785436246.0022197,idle_post,0,1000,1000,0.0,0.0,112602807,1000,1000,1000,1000,0,0,0,0
1785436246.0276015,idle_post,0,1000,1000,0.0,0.0,112622268,1000,1000,1000,1000,0,0,0,0
1785436246.0433602,idle_post,0,1000,1000,0.0,0.0,112644799,1000,1000,1000,1000,0,0,0,0
1785436246.065528,idle_post,0,1000,1000,0.0,0.0,112665699,1000,1000,1000,1000,0,0,0,0
1785436246.0832968,idle_post,0,1000,1000,0.0,0.0,112685155,1000,1000,1000,1000,0,0,0,0
1785436246.105545,idle_post,0,1000,1000,0.0,0.0,112706168,1000,1000,1000,1000,0,0,0,0
1785436246.1273658,idle_post,0,1000,1000,0.0,0.0,112724084,1000,1000,1000,1000,0,0,0,0
1785436246.1432965,idle_post,0,1000,1000,0.0,0.0,112743600,1000,1000,1000,1000,0,0,0,0
1785436246.1656637,idle_post,0,1000,1000,0.0,0.0,112766056,1000,1000,1000,1000,0,0,0,0
1785436246.1823795,idle_post,0,1000,1000,0.0,0.0,112783983,1000,1000,1000,1000,0,0,0,0
1785436246.205532,idle_post,0,1000,1000,0.0,0.0,112806448,1000,1000,1000,1000,0,0,0,0
1785436246.2297914,idle_post,0,1000,1000,0.0,0.0,112824410,1000,1000,1000,1000,0,0,0,0
1785436246.2433367,idle_post,0,1000,1000,0.0,0.0,112843879,1000,1000,1000,1000,0,0,0,0
1785436246.266203,idle_post,0,1000,1000,0.0,0.0,112866392,1000,1000,1000,1000,0,0,0,0
1785436246.2825072,idle_post,0,1000,1000,0.0,0.0,112884305,1000,1000,1000,1000,0,0,0,0
1785436246.3033047,idle_post,0,1000,1000,0.0,0.0,112903768,1000,1000,1000,1000,0,0,0,0
1785436246.3278346,idle_post,0,1000,1000,0.0,0.0,112924756,1000,1000,1000,1000,0,0,0,0
1785436246.3455544,idle_post,0,1000,1000,0.0,0.0,112944204,1000,1000,1000,1000,0,0,0,0
1785436246.3633323,idle_post,0,1000,1000,0.0,0.0,112963664,1000,1000,1000,1000,0,0,0,0
1785436246.3862467,idle_post,0,1000,1000,0.0,0.0,112986125,1000,1000,1000,1000,0,0,0,0
1785436246.4023254,idle_post,0,1000,1000,0.0,0.0,113004101,1000,1000,1000,1000,0,0,0,0
1785436246.4262185,idle_post,0,1000,1000,0.0,0.0,113023563,1000,1000,1000,1000,0,0,0,0
1785436246.4455462,idle_post,0,1000,1000,0.0,0.0,113046021,1000,1000,1000,1000,0,0,0,0
1785436246.4623115,idle_post,0,1000,1000,0.0,0.0,113063992,1000,1000,1000,1000,0,0,0,0
1785436246.4833665,idle_post,0,1000,1000,0.0,0.0,113083456,1000,1000,1000,1000,0,0,0,0
1785436246.50556,idle_post,0,1000,1000,0.0,0.0,113105918,1000,1000,1000,1000,0,0,0,0
1785436246.527384,idle_post,0,1000,1000,0.0,0.0,113123888,1000,1000,1000,1000,0,0,0,0
1785436246.5457032,idle_post,0,1000,1000,0.0,0.0,113146342,1000,1000,1000,1000,0,0,0,0
1785436246.5623503,idle_post,0,1000,1000,0.0,0.0,113164334,1000,1000,1000,1000,0,0,0,0
1785436246.5833743,idle_post,0,1000,1000,0.0,0.0,113183785,1000,1000,1000,1000,0,0,0,0
1785436246.6063337,idle_post,0,1000,1000,0.0,0.0,113206233,1000,1000,1000,1000,0,0,0,0
1785436246.6275895,idle_post,0,1000,1000,0.0,0.0,113224203,1000,1000,1000,1000,0,0,0,0
1785436246.6423876,idle_post,0,1000,1000,0.0,0.0,113243707,1000,1000,1000,1000,0,0,0,0
1785436246.6637146,idle_post,0,1000,1000,0.0,0.0,113264634,1000,1000,1000,1000,0,0,0,0
1785436246.6823869,idle_post,0,1000,1000,0.0,0.0,113284099,1000,1000,1000,1000,0,0,0,0
1785436246.7042785,idle_post,0,1000,1000,0.0,0.0,113303570,1000,1000,1000,1000,0,0,0,0
1785436246.7274177,idle_post,0,1000,1000,0.0,0.0,113324525,1000,1000,1000,1000,0,0,0,0
1785436246.7433228,idle_post,0,1000,1000,0.0,0.0,113344000,1000,1000,1000,1000,0,0,0,0
1785436246.7655528,idle_post,0,1000,1000,0.0,0.0,113366453,1000,1000,1000,1000,0,0,0,0
1785436246.7833889,idle_post,0,1000,1000,0.0,0.0,113384421,1000,1000,1000,1000,0,0,0,0
1785436246.8065548,idle_post,0,1000,1000,0.0,0.0,113406896,1000,1000,1000,1000,0,0,0,0
1785436246.826175,idle_post,0,1000,1000,0.0,0.0,113424896,1000,1000,1000,1000,0,0,0,0
1785436246.8455694,idle_post,0,1000,1000,0.0,0.0,113444320,1000,1000,1000,1000,0,0,0,0
1785436246.862321,idle_post,0,1000,1000,0.0,0.0,113463785,1000,1000,1000,1000,0,0,0,0
1785436246.8852346,idle_post,0,1000,1000,0.0,0.0,113486250,1000,1000,1000,1000,0,0,0,0
1785436246.9055674,idle_post,0,1000,1000,0.0,0.0,113504216,1000,1000,1000,1000,0,0,0,0
1785436246.9306633,idle_post,0,1000,1000,0.0,0.0,113526677,1000,1000,1000,1000,0,0,0,0
1785436246.9426258,idle_post,0,1000,1000,0.0,0.0,113544783,1000,1000,1000,1000,0,0,0,0
1785436246.9655585,idle_post,0,1000,1000,0.0,0.0,113564108,1000,1000,1000,1000,0,0,0,0
1785436246.983656,idle_post,0,1000,1000,0.0,0.0,113583572,1000,1000,1000,1000,0,0,0,0
1785436247.005578,idle_post,0,1000,1000,0.0,0.0,113606065,1000,1000,1000,1000,0,0,0,0
1785436247.0276334,idle_post,0,1000,1000,0.0,0.0,113624007,1000,1000,1000,1000,0,0,0,0
1785436247.0440354,idle_post,0,1000,1000,0.0,0.0,113643469,1000,1000,1000,1000,0,0,0,0
1785436247.0655856,idle_post,0,1000,1000,0.0,0.0,113665930,1000,1000,1000,1000,0,0,0,0
1785436247.082366,idle_post,0,1000,1000,0.0,0.0,113683905,1000,1000,1000,1000,0,0,0,0
1785436247.1039374,idle_post,0,1000,1000,0.0,0.0,113704864,1000,1000,1000,1000,0,0,0,0
1785436247.1281164,idle_post,0,1000,1000,0.0,0.0,113725823,1000,1000,1000,1000,0,0,0,0
1785436247.1423502,idle_post,0,1000,1000,0.0,0.0,113742298,1000,1000,1000,1000,0,0,0,0
1785436247.1634748,idle_post,0,1000,1000,0.0,0.0,113764759,1000,1000,1000,1000,0,0,0,0
1785436247.1827674,idle_post,0,1000,1000,0.0,0.0,113782731,1000,1000,1000,1000,0,0,0,0
1785436247.2033575,idle_post,0,1000,1000,0.0,0.0,113805178,1000,1000,1000,1000,0,0,0,0
1785436247.2303176,idle_post,0,1000,1000,0.0,0.0,113824659,1000,1000,1000,1000,0,0,0,0
1785436247.2424638,idle_post,0,1000,1000,0.0,0.0,113842628,1000,1000,1000,1000,0,0,0,0
1785436247.2633698,idle_post,0,1000,1000,0.0,0.0,113865076,1000,1000,1000,1000,0,0,0,0
1785436247.2855806,idle_post,0,1000,1000,0.0,0.0,113886044,1000,1000,1000,1000,0,0,0,0
1785436247.3026752,idle_post,0,1000,1000,0.0,0.0,113902532,1000,1000,1000,1000,0,0,0,0
1785436247.3260088,idle_post,0,1000,1000,0.0,0.0,113924973,1000,1000,1000,1000,0,0,0,0
1785436247.3455713,idle_post,0,1000,1000,0.0,0.0,113945946,1000,1000,1000,1000,0,0,0,0
1785436247.3623385,idle_post,0,1000,1000,0.0,0.0,113962414,1000,1000,1000,1000,0,0,0,0
1785436247.3833418,idle_post,0,1000,1000,0.0,0.0,113984863,1000,1000,1000,1000,0,0,0,0
1785436247.4055777,idle_post,0,1000,1000,0.0,0.0,114005829,1000,1000,1000,1000,0,0,0,0
1785436247.4276185,idle_post,0,1000,1000,0.0,0.0,114022312,1000,1000,1000,1000,0,0,0,0
1785436247.4433389,idle_post,0,1000,1000,0.0,0.0,114044760,1000,1000,1000,1000,0,0,0,0
1785436247.4657185,idle_post,0,1000,1000,0.0,0.0,114065726,1000,1000,1000,1000,0,0,0,0
1785436247.482351,idle_post,0,1000,1000,0.0,0.0,114082202,1000,1000,1000,1000,0,0,0,0
1785436247.5033605,idle_post,0,1000,1000,0.0,0.0,114104657,1000,1000,1000,1000,0,0,0,0
1785436247.5287952,idle_post,0,1000,1000,0.0,0.0,114127152,1000,1000,1000,1000,0,0,0,0
1785436247.5425766,idle_post,0,1000,1000,0.0,0.0,114143635,1000,1000,1000,1000,0,0,0,0
1785436247.5624387,idle_post,0,1000,1000,0.0,0.0,114163056,1000,1000,1000,1000,0,0,0,0
1785436247.585844,idle_post,0,1000,1000,0.0,0.0,114185519,1000,1000,1000,1000,0,0,0,0
1785436247.6033998,idle_post,0,1000,1000,0.0,0.0,114204986,1000,1000,1000,1000,0,0,0,0
1785436247.6282413,idle_post,0,1000,1000,0.0,0.0,114225996,1000,1000,1000,1000,0,0,0,0
1785436247.6424153,idle_post,0,1000,1000,0.0,0.0,114242413,1000,1000,1000,1000,0,0,0,0
1785436247.665182,idle_post,0,1000,1000,0.0,0.0,114264876,1000,1000,1000,1000,0,0,0,0
1785436247.6857166,idle_post,0,1000,1000,0.0,0.0,114285966,1000,1000,1000,1000,0,0,0,0
1785436247.7024128,idle_post,0,1000,1000,0.0,0.0,114302310,1000,1000,1000,1000,0,0,0,0
1785436247.7264638,idle_post,0,1000,1000,0.0,0.0,114324769,1000,1000,1000,1000,0,0,0,0
1785436247.7456179,idle_post,0,1000,1000,0.0,0.0,114345787,1000,1000,1000,1000,0,0,0,0
1785436247.7635834,idle_post,0,1000,1000,0.0,0.0,114365212,1000,1000,1000,1000,0,0,0,0
1785436247.7856355,idle_post,0,1000,1000,0.0,0.0,114384666,1000,1000,1000,1000,0,0,0,0
1785436247.8023598,idle_post,0,1000,1000,0.0,0.0,114402632,1000,1000,1000,1000,0,0,0,0
1785436247.8260658,idle_post,0,1000,1000,0.0,0.0,114425092,1000,1000,1000,1000,0,0,0,0
1785436247.8456075,idle_post,0,1000,1000,0.0,0.0,114446057,1000,1000,1000,1000,0,0,0,0
1785436247.862366,idle_post,0,1000,1000,0.0,0.0,114462531,1000,1000,1000,1000,0,0,0,0
1785436247.8834188,idle_post,0,1000,1000,0.0,0.0,114484994,1000,1000,1000,1000,0,0,0,0
1785436247.9056473,idle_post,0,1000,1000,0.0,0.0,114505957,1000,1000,1000,1000,0,0,0,0
1785436247.9274356,idle_post,0,1000,1000,0.0,0.0,114522421,1000,1000,1000,1000,0,0,0,0
1785436247.9433548,idle_post,0,1000,1000,0.0,0.0,114544884,1000,1000,1000,1000,0,0,0,0
1785436247.9655864,idle_post,0,1000,1000,0.0,0.0,114565846,1000,1000,1000,1000,0,0,0,0
1785436247.9823868,idle_post,0,1000,1000,0.0,0.0,114582319,1000,1000,1000,1000,0,0,0,0
1785436248.0034397,idle_post,0,1000,1000,0.0,0.0,114604846,1000,1000,1000,1000,0,0,0,0
1785436248.0282512,idle_post,0,1000,1000,0.0,0.0,114625799,1000,1000,1000,1000,0,0,0,0
1785436248.043356,idle_post,0,1000,1000,0.0,0.0,114645260,1000,1000,1000,1000,0,0,0,0
1785436248.062489,idle_post,0,1000,1000,0.0,0.0,114664675,1000,1000,1000,1000,0,0,0,0
1785436248.0856028,idle_post,0,1000,1000,0.0,0.0,114685638,1000,1000,1000,1000,0,0,0,0
1785436248.1025922,idle_post,0,1000,1000,0.0,0.0,114700612,1000,1000,1000,1000,0,0,0,0
1785436248.1288736,idle_post,0,1000,1000,0.0,0.0,114726066,1000,1000,1000,1000,0,0,0,0
1785436248.142494,idle_post,0,1000,1000,0.0,0.0,114744034,1000,1000,1000,1000,0,0,0,0
1785436248.1641998,idle_post,0,1000,1000,0.0,0.0,114763504,1000,1000,1000,1000,0,0,0,0
1785436248.1862147,idle_post,0,1000,1000,0.0,0.0,114785965,1000,1000,1000,1000,0,0,0,0
1785436248.2025037,idle_post,0,1000,1000,0.0,0.0,114803929,1000,1000,1000,1000,0,0,0,0
1785436248.2291121,idle_post,0,1000,1000,0.0,0.0,114823395,1000,1000,1000,1000,0,0,0,0
1785436248.2456105,idle_post,0,1000,1000,0.0,0.0,114845856,1000,1000,1000,1000,0,0,0,0
1785436248.262929,idle_post,0,1000,1000,0.0,0.0,114863860,1000,1000,1000,1000,0,0,0,0
1785436248.2833781,idle_post,0,1000,1000,0.0,0.0,114883291,1000,1000,1000,1000,0,0,0,0
1785436248.3023696,idle_post,0,1000,1000,0.0,0.0,114904257,1000,1000,1000,1000,0,0,0,0
1785436248.3277404,idle_post,0,1000,1000,0.0,0.0,114923729,1000,1000,1000,1000,0,0,0,0
1785436248.343371,idle_post,0,1000,1000,0.0,0.0,114944733,1000,1000,1000,1000,0,0,0,0
1785436248.3656354,idle_post,0,1000,1000,0.0,0.0,114964149,1000,1000,1000,1000,0,0,0,0
1785436248.3826237,idle_post,0,1000,1000,0.0,0.0,114983613,1000,1000,1000,1000,0,0,0,0
1785436248.405613,idle_post,0,1000,1000,0.0,0.0,115006078,1000,1000,1000,1000,0,0,0,0
1785436248.4286625,idle_post,0,1000,1000,0.0,0.0,115024047,1000,1000,1000,1000,0,0,0,0
1785436248.445673,idle_post,0,1000,1000,0.0,0.0,115046506,1000,1000,1000,1000,0,0,0,0
1785436248.4656057,idle_post,0,1000,1000,0.0,0.0,115065973,1000,1000,1000,1000,0,0,0,0
1785436248.4824085,idle_post,0,1000,1000,0.0,0.0,115083937,1000,1000,1000,1000,0,0,0,0
1785436248.505633,idle_post,0,1000,1000,0.0,0.0,115106419,1000,1000,1000,1000,0,0,0,0
1785436248.5274816,idle_post,0,1000,1000,0.0,0.0,115124454,1000,1000,1000,1000,0,0,0,0
1785436248.5433726,idle_post,0,1000,1000,0.0,0.0,115143845,1000,1000,1000,1000,0,0,0,0
1785436248.565733,idle_post,0,1000,1000,0.0,0.0,115166294,1000,1000,1000,1000,0,0,0,0
1785436248.5824234,idle_post,0,1000,1000,0.0,0.0,115184310,1000,1000,1000,1000,0,0,0,0
1785436248.6042087,idle_post,0,1000,1000,0.0,0.0,115203760,1000,1000,1000,1000,0,0,0,0
1785436248.6283705,idle_post,0,1000,1000,0.0,0.0,115226189,1000,1000,1000,1000,0,0,0,0
1785436248.6424584,idle_post,0,1000,1000,0.0,0.0,115244203,1000,1000,1000,1000,0,0,0,0
1785436248.663995,idle_post,0,1000,1000,0.0,0.0,115263622,1000,1000,1000,1000,0,0,0,0
1785436248.6858923,idle_post,0,1000,1000,0.0,0.0,115286085,1000,1000,1000,1000,0,0,0,0
1785436248.7024243,idle_post,0,1000,1000,0.0,0.0,115304169,1000,1000,1000,1000,0,0,0,0
1785436248.7259543,idle_post,0,1000,1000,0.0,0.0,115323517,1000,1000,1000,1000,0,0,0,0
1785436248.745745,idle_post,0,1000,1000,0.0,0.0,115346034,1000,1000,1000,1000,0,0,0,0
1785436248.7624488,idle_post,0,1000,1000,0.0,0.0,115363995,1000,1000,1000,1000,0,0,0,0
1785436248.7834802,idle_post,0,1000,1000,0.0,0.0,115383412,1000,1000,1000,1000,0,0,0,0
1785436248.8057992,idle_post,0,1000,1000,0.0,0.0,115405874,1000,1000,1000,1000,0,0,0,0
1785436248.8276722,idle_post,0,1000,1000,0.0,0.0,115423898,1000,1000,1000,1000,0,0,0,0
1785436248.8434908,idle_post,0,1000,1000,0.0,0.0,115443307,1000,1000,1000,1000,0,0,0,0
1785436248.8657095,idle_post,0,1000,1000,0.0,0.0,115464270,1000,1000,1000,1000,0,0,0,0
1785436248.8830736,idle_post,0,1000,1000,0.0,0.0,115483785,1000,1000,1000,1000,0,0,0,0
1785436248.9034147,idle_post,0,1000,1000,0.0,0.0,115504700,1000,1000,1000,1000,0,0,0,0
1785436248.9281707,idle_post,0,1000,1000,0.0,0.0,115524164,1000,1000,1000,1000,0,0,0,0
1785436248.9437475,idle_post,0,1000,1000,0.0,0.0,115543678,1000,1000,1000,1000,0,0,0,0
1785436248.965752,idle_post,0,1000,1000,0.0,0.0,115566137,1000,1000,1000,1000,0,0,0,0
1785436248.9823878,idle_post,0,1000,1000,0.0,0.0,115584057,1000,1000,1000,1000,0,0,0,0
1785436249.0041413,idle_post,0,1000,1000,0.0,0.0,115603581,1000,1000,1000,1000,0,0,0,0
1785436249.028379,idle_post,0,1000,1000,0.0,0.0,115626031,1000,1000,1000,1000,0,0,0,0
1785436249.0426369,idle_post,0,1000,1000,0.0,0.0,115643983,1000,1000,1000,1000,0,0,0,0
1785436249.063428,idle_post,0,1000,1000,0.0,0.0,115663470,1000,1000,1000,1000,0,0,0,0
1785436249.0858762,idle_post,0,1000,1000,0.0,0.0,115685922,1000,1000,1000,1000,0,0,0,0
1785436249.1024048,idle_post,0,1000,1000,0.0,0.0,115703849,1000,1000,1000,1000,0,0,0,0
1785436249.1259177,idle_post,0,1000,1000,0.0,0.0,115724811,1000,1000,1000,1000,0,0,0,0
1785436249.145742,idle_post,0,1000,1000,0.0,0.0,115745824,1000,1000,1000,1000,0,0,0,0
1785436249.1624997,idle_post,0,1000,1000,0.0,0.0,115762247,1000,1000,1000,1000,0,0,0,0
1785436249.185777,idle_post,0,1000,1000,0.0,0.0,115784708,1000,1000,1000,1000,0,0,0,0
1785436249.2023976,idle_post,0,1000,1000,0.0,0.0,115802678,1000,1000,1000,1000,0,0,0,0
1785436249.2280464,idle_post,0,1000,1000,0.0,0.0,115825136,1000,1000,1000,1000,0,0,0,0
1785436249.2457485,idle_post,0,1000,1000,0.0,0.0,115844675,1000,1000,1000,1000,0,0,0,0
1785436249.2623937,idle_post,0,1000,1000,0.0,0.0,115862566,1000,1000,1000,1000,0,0,0,0
1785436249.2834365,idle_post,0,1000,1000,0.0,0.0,115885031,1000,1000,1000,1000,0,0,0,0
1785436249.3023984,idle_post,0,1000,1000,0.0,0.0,115903051,1000,1000,1000,1000,0,0,0,0
1785436249.3274837,idle_post,0,1000,1000,0.0,0.0,115922466,1000,1000,1000,1000,0,0,0,0
1785436249.345177,idle_post,0,1000,1000,0.0,0.0,115944926,1000,1000,1000,1000,0,0,0,0
1785436249.363034,idle_post,0,1000,1000,0.0,0.0,115962942,1000,1000,1000,1000,0,0,0,0
1785436249.383473,idle_post,0,1000,1000,0.0,0.0,115985396,1000,1000,1000,1000,0,0,0,0
1785436249.4061675,idle_post,0,1000,1000,0.0,0.0,116004825,1000,1000,1000,1000,0,0,0,0
1785436249.4280593,idle_post,0,1000,1000,0.0,0.0,116022836,1000,1000,1000,1000,0,0,0,0
1785436249.443404,idle_post,0,1000,1000,0.0,0.0,116045351,1000,1000,1000,1000,0,0,0,0
1785436249.4657738,idle_post,0,1000,1000,0.0,0.0,116064718,1000,1000,1000,1000,0,0,0,0
1785436249.482418,idle_post,0,1000,1000,0.0,0.0,116082730,1000,1000,1000,1000,0,0,0,0
1785436249.505756,idle_post,0,1000,1000,0.0,0.0,116105193,1000,1000,1000,1000,0,0,0,0
1785436249.5262353,idle_post,0,1000,1000,0.0,0.0,116124609,1000,1000,1000,1000,0,0,0,0
1785436249.5427961,idle_post,0,1000,1000,0.0,0.0,116142624,1000,1000,1000,1000,0,0,0,0
1785436249.5634387,idle_post,0,1000,1000,0.0,0.0,116165115,1000,1000,1000,1000,0,0,0,0
1785436249.5857937,idle_post,0,1000,1000,0.0,0.0,116186002,1000,1000,1000,1000,0,0,0,0
1785436249.6024058,idle_post,0,1000,1000,0.0,0.0,116202522,1000,1000,1000,1000,0,0,0,0
1785436249.6261332,idle_post,0,1000,1000,0.0,0.0,116224985,1000,1000,1000,1000,0,0,0,0
1785436249.6464496,idle_post,0,1000,1000,0.0,0.0,116247440,1000,1000,1000,1000,0,0,0,0
1785436249.6626468,idle_post,0,1000,1000,0.0,0.0,116262421,1000,1000,1000,1000,0,0,0,0
1785436249.6840453,idle_post,0,1000,1000,0.0,0.0,116284877,1000,1000,1000,1000,0,0,0,0
1785436249.7059538,idle_post,0,1000,1000,0.0,0.0,116305797,1000,1000,1000,1000,0,0,0,0
1785436249.727513,idle_post,0,1000,1000,0.0,0.0,116322383,1000,1000,1000,1000,0,0,0,0
1785436249.7434611,idle_post,0,1000,1000,0.0,0.0,116344769,1000,1000,1000,1000,0,0,0,0
1785436249.7657638,idle_post,0,1000,1000,0.0,0.0,116365687,1000,1000,1000,1000,0,0,0,0
1785436249.7826443,idle_post,0,1000,1000,0.0,0.0,116382221,1000,1000,1000,1000,0,0,0,0
1785436249.8036935,idle_post,0,1000,1000,0.0,0.0,116404662,1000,1000,1000,1000,0,0,0,0
1785436249.828372,idle_post,0,1000,1000,0.0,0.0,116427125,1000,1000,1000,1000,0,0,0,0
1785436249.8434575,idle_post,0,1000,1000,0.0,0.0,116445044,1000,1000,1000,1000,0,0,0,0
1785436249.866386,idle_post,0,1000,1000,0.0,0.0,116467512,1000,1000,1000,1000,0,0,0,0
1785436249.8824458,idle_post,0,1000,1000,0.0,0.0,116482478,1000,1000,1000,1000,0,0,0,0
1785436249.903416,idle_post,0,1000,1000,0.0,0.0,116504939,1000,1000,1000,1000,0,0,0,0
1785436249.927479,idle_post,0,1000,1000,0.0,0.0,116522908,1000,1000,1000,1000,0,0,0,0
1785436249.9434156,idle_post,0,1000,1000,0.0,0.0,116545367,1000,1000,1000,1000,0,0,0,0
1785436249.9656472,idle_post,0,1000,1000,0.0,0.0,116564916,1000,1000,1000,1000,0,0,0,0
1785436249.9824672,idle_post,0,1000,1000,0.0,0.0,116582803,1000,1000,1000,1000,0,0,0,0
1785436250.002427,idle_post,0,1000,1000,0.0,0.0,116602275,1000,1000,1000,1000,0,0,0,0
1785436250.026142,idle_post,0,1000,1000,0.0,0.0,116624731,1000,1000,1000,1000,0,0,0,0
1785436250.0463762,idle_post,0,1000,1000,0.0,0.0,116647195,1000,1000,1000,1000,0,0,0,0
1785436250.0670476,idle_post,0,1000,1000,0.0,0.0,116668178,1000,1000,1000,1000,0,0,0,0
1785436250.0835283,idle_post,0,1000,1000,0.0,0.0,116684622,1000,1000,1000,1000,0,0,0,0
1785436250.103434,idle_post,0,1000,1000,0.0,0.0,116705590,1000,1000,1000,1000,0,0,0,0
1785436250.1292937,idle_post,0,1000,1000,0.0,0.0,116726600,1000,1000,1000,1000,0,0,0,0
1785436250.1431494,idle_post,0,1000,1000,0.0,0.0,116744519,1000,1000,1000,1000,0,0,0,0
1785436250.162515,idle_post,0,1000,1000,0.0,0.0,116764029,1000,1000,1000,1000,0,0,0,0
1785436250.1855373,idle_post,0,1000,1000,0.0,0.0,116786543,1000,1000,1000,1000,0,0,0,0
1785436250.2056901,idle_post,0,1000,1000,0.0,0.0,116805915,1000,1000,1000,1000,0,0,0,0
1785436250.230575,idle_post,0,1000,1000,0.0,0.0,116823929,1000,1000,1000,1000,0,0,0,0
1785436250.2424672,idle_post,0,1000,1000,0.0,0.0,116843348,1000,1000,1000,1000,0,0,0,0
1785436250.266658,idle_post,0,1000,1000,0.0,0.0,116865813,1000,1000,1000,1000,0,0,0,0
1785436250.2834253,idle_post,0,1000,1000,0.0,0.0,116883827,1000,1000,1000,1000,0,0,0,0
1785436250.3029966,idle_post,0,1000,1000,0.0,0.0,116904740,1000,1000,1000,1000,0,0,0,0
1785436250.3282237,idle_post,0,1000,1000,0.0,0.0,116927205,1000,1000,1000,1000,0,0,0,0
1785436250.3434277,idle_post,0,1000,1000,0.0,0.0,116943721,1000,1000,1000,1000,0,0,0,0
1785436250.3657157,idle_post,0,1000,1000,0.0,0.0,116966174,1000,1000,1000,1000,0,0,0,0
1785436250.3825157,idle_post,0,1000,1000,0.0,0.0,116984129,1000,1000,1000,1000,0,0,0,0
1785436250.4056761,idle_post,0,1000,1000,0.0,0.0,117006558,1000,1000,1000,1000,0,0,0,0
1785436250.4277148,idle_post,0,1000,1000,0.0,0.0,117024528,1000,1000,1000,1000,0,0,0,0
1785436250.4430912,idle_post,0,1000,1000,0.0,0.0,117043996,1000,1000,1000,1000,0,0,0,0
1785436250.4634871,idle_post,0,1000,1000,0.0,0.0,117063553,1000,1000,1000,1000,0,0,0,0
1785436250.4857063,idle_post,0,1000,1000,0.0,0.0,117085972,1000,1000,1000,1000,0,0,0,0
1785436250.502454,idle_post,0,1000,1000,0.0,0.0,117103892,1000,1000,1000,1000,0,0,0,0
1785436250.5259476,idle_post,0,1000,1000,0.0,0.0,117123401,1000,1000,1000,1000,0,0,0,0
1785436250.545681,idle_post,0,1000,1000,0.0,0.0,117145864,1000,1000,1000,1000,0,0,0,0
1785436250.5624938,idle_post,0,1000,1000,0.0,0.0,117163781,1000,1000,1000,1000,0,0,0,0
1785436250.5834677,idle_post,0,1000,1000,0.0,0.0,117183298,1000,1000,1000,1000,0,0,0,0
1785436250.605696,idle_post,0,1000,1000,0.0,0.0,117205758,1000,1000,1000,1000,0,0,0,0
1785436250.6277187,idle_post,0,1000,1000,0.0,0.0,117223678,1000,1000,1000,1000,0,0,0,0
1785436250.6434724,idle_post,0,1000,1000,0.0,0.0,117244649,1000,1000,1000,1000,0,0,0,0
1785436250.663381,idle_post,0,1000,1000,0.0,0.0,117264109,1000,1000,1000,1000,0,0,0,0
1785436250.6834931,idle_post,0,1000,1000,0.0,0.0,117283577,1000,1000,1000,1000,0,0,0,0
1785436250.7025461,idle_post,0,1000,1000,0.0,0.0,117304538,1000,1000,1000,1000,0,0,0,0
1785436250.726075,idle_post,0,1000,1000,0.0,0.0,117324004,1000,1000,1000,1000,0,0,0,0
1785436250.7459605,idle_post,0,1000,1000,0.0,0.0,117346464,1000,1000,1000,1000,0,0,0,0
1785436250.763476,idle_post,0,1000,1000,0.0,0.0,117364434,1000,1000,1000,1000,0,0,0,0
1785436250.7869482,idle_post,0,1000,1000,0.0,0.0,117386895,1000,1000,1000,1000,0,0,0,0
1785436250.8040967,idle_post,0,1000,1000,0.0,0.0,117403372,1000,1000,1000,1000,0,0,0,0
1785436250.8282537,idle_post,0,1000,1000,0.0,0.0,117425828,1000,1000,1000,1000,0,0,0,0
1785436250.842925,idle_post,0,1000,1000,0.0,0.0,117443801,1000,1000,1000,1000,0,0,0,0
1785436250.863908,idle_post,0,1000,1000,0.0,0.0,117463260,1000,1000,1000,1000,0,0,0,0
1785436250.8857753,idle_post,0,1000,1000,0.0,0.0,117484225,1000,1000,1000,1000,0,0,0,0
1785436250.9027934,idle_post,0,1000,1000,0.0,0.0,117503685,1000,1000,1000,1000,0,0,0,0
1785436250.9285674,idle_post,0,1000,1000,0.0,0.0,117526147,1000,1000,1000,1000,0,0,0,0
1785436250.9429462,idle_post,0,1000,1000,0.0,0.0,117544123,1000,1000,1000,1000,0,0,0,0
1785436250.963481,idle_post,0,1000,1000,0.0,0.0,117563585,1000,1000,1000,1000,0,0,0,0
1785436250.982653,idle_post,0,1000,1000,0.0,0.0,117584547,1000,1000,1000,1000,0,0,0,0
1785436251.0034502,idle_post,0,1000,1000,0.0,0.0,117604061,1000,1000,1000,1000,0,0,0,0
1785436251.0282547,idle_post,0,1000,1000,0.0,0.0,117626468,1000,1000,1000,1000,0,0,0,0
1785436251.043526,idle_post,0,1000,1000,0.0,0.0,117644442,1000,1000,1000,1000,0,0,0,0
1785436251.0656948,idle_post,0,1000,1000,0.0,0.0,117663907,1000,1000,1000,1000,0,0,0,0
1785436251.0842204,idle_post,0,1000,1000,0.0,0.0,117683373,1000,1000,1000,1000,0,0,0,0
1785436251.105699,idle_post,0,1000,1000,0.0,0.0,117705837,1000,1000,1000,1000,0,0,0,0
1785436251.1275177,idle_post,0,1000,1000,0.0,0.0,117723802,1000,1000,1000,1000,0,0,0,0
1785436251.1467285,idle_post,0,1000,1000,0.0,0.0,117747760,1000,1000,1000,1000,0,0,0,0
1785436251.1636055,idle_post,0,1000,1000,0.0,0.0,117764226,1000,1000,1000,1000,0,0,0,0
1785436251.186672,idle_post,0,1000,1000,0.0,0.0,117786689,1000,1000,1000,1000,0,0,0,0
1785436251.204822,idle_post,0,1000,1000,0.0,0.0,117804745,1000,1000,1000,1000,0,0,0,0
1785436251.2296708,idle_post,0,1000,1000,0.0,0.0,117824124,1000,1000,1000,1000,0,0,0,0
1785436251.2464962,idle_post,0,1000,1000,0.0,0.0,117846605,1000,1000,1000,1000,0,0,0,0
1785436251.2624843,idle_post,0,1000,1000,0.0,0.0,117864596,1000,1000,1000,1000,0,0,0,0
1785436251.2857952,idle_post,0,1000,1000,0.0,0.0,117885520,1000,1000,1000,1000,0,0,0,0
1785436251.3025544,idle_post,0,1000,1000,0.0,0.0,117902034,1000,1000,1000,1000,0,0,0,0
1785436251.3284535,idle_post,0,1000,1000,0.0,0.0,117924495,1000,1000,1000,1000,0,0,0,0
1785436251.3425202,idle_post,0,1000,1000,0.0,0.0,117942421,1000,1000,1000,1000,0,0,0,0
1785436251.3624434,idle_post,0,1000,1000,0.0,0.0,117961926,1000,1000,1000,1000,0,0,0,0
1785436251.3825014,idle_post,0,1000,1000,0.0,0.0,117984389,1000,1000,1000,1000,0,0,0,0
1785436251.403475,idle_post,0,1000,1000,0.0,0.0,118005302,1000,1000,1000,1000,0,0,0,0
1785436251.4282575,idle_post,0,1000,1000,0.0,0.0,118027767,1000,1000,1000,1000,0,0,0,0
1785436251.4464462,idle_post,0,1000,1000,0.0,0.0,118047290,1000,1000,1000,1000,0,0,0,0
1785436251.4624615,idle_post,0,1000,1000,0.0,0.0,118062209,1000,1000,1000,1000,0,0,0,0
1785436251.4842572,idle_post,0,1000,1000,0.0,0.0,118084673,1000,1000,1000,1000,0,0,0,0
1785436251.5057106,idle_post,0,1000,1000,0.0,0.0,118104180,1000,1000,1000,1000,0,0,0,0
1785436251.528079,idle_post,0,1000,1000,0.0,0.0,118125097,1000,1000,1000,1000,0,0,0,0
1785436251.546044,idle_post,0,1000,1000,0.0,0.0,118144568,1000,1000,1000,1000,0,0,0,0
1785436251.5624921,idle_post,0,1000,1000,0.0,0.0,118164072,1000,1000,1000,1000,0,0,0,0
1785436251.5834672,idle_post,0,1000,1000,0.0,0.0,118184994,1000,1000,1000,1000,0,0,0,0
1785436251.6062615,idle_post,0,1000,1000,0.0,0.0,118204458,1000,1000,1000,1000,0,0,0,0
1785436251.6277514,idle_post,0,1000,1000,0.0,0.0,118222429,1000,1000,1000,1000,0,0,0,0
1785436251.6434684,idle_post,0,1000,1000,0.0,0.0,118244888,1000,1000,1000,1000,0,0,0,0
1785436251.6657567,idle_post,0,1000,1000,0.0,0.0,118264357,1000,1000,1000,1000,0,0,0,0
1785436251.6838868,idle_post,0,1000,1000,0.0,0.0,118285310,1000,1000,1000,1000,0,0,0,0
1785436251.7025027,idle_post,0,1000,1000,0.0,0.0,118304785,1000,1000,1000,1000,0,0,0,0
1785436251.7282765,idle_post,0,1000,1000,0.0,0.0,118324319,1000,1000,1000,1000,0,0,0,0
1785436251.7425444,idle_post,0,1000,1000,0.0,0.0,118342219,1000,1000,1000,1000,0,0,0,0
1785436251.7643242,idle_post,0,1000,1000,0.0,0.0,118364672,1000,1000,1000,1000,0,0,0,0
1785436251.786772,idle_post,0,1000,1000,0.0,0.0,118387131,1000,1000,1000,1000,0,0,0,0
1785436251.8035119,idle_post,0,1000,1000,0.0,0.0,118405101,1000,1000,1000,1000,0,0,0,0
1785436251.8283033,idle_post,0,1000,1000,0.0,0.0,118424572,1000,1000,1000,1000,0,0,0,0
1785436251.8430398,idle_post,0,1000,1000,0.0,0.0,118444037,1000,1000,1000,1000,0,0,0,0
1785436251.8635306,idle_post,0,1000,1000,0.0,0.0,118464997,1000,1000,1000,1000,0,0,0,0
1785436251.8860593,idle_post,0,1000,1000,0.0,0.0,118484463,1000,1000,1000,1000,0,0,0,0
1785436251.9029348,idle_post,0,1000,1000,0.0,0.0,118502434,1000,1000,1000,1000,0,0,0,0
1785436251.9260173,idle_post,0,1000,1000,0.0,0.0,118524893,1000,1000,1000,1000,0,0,0,0
1785436251.9458613,idle_post,0,1000,1000,0.0,0.0,118544357,1000,1000,1000,1000,0,0,0,0
1785436251.96248,idle_post,0,1000,1000,0.0,0.0,118562328,1000,1000,1000,1000,0,0,0,0
1785436251.9834948,idle_post,0,1000,1000,0.0,0.0,118584788,1000,1000,1000,1000,0,0,0,0
1785436252.005725,idle_post,0,1000,1000,0.0,0.0,118604254,1000,1000,1000,1000,0,0,0,0
1785436252.0280309,idle_post,0,1000,1000,0.0,0.0,118622275,1000,1000,1000,1000,0,0,0,0
1785436252.047476,idle_post,0,1000,1000,0.0,0.0,118647687,1000,1000,1000,1000,0,0,0,0
1785436252.0634816,idle_post,0,1000,1000,0.0,0.0,118664149,1000,1000,1000,1000,0,0,0,0
1785436252.0826755,idle_post,0,1000,1000,0.0,0.0,118682119,1000,1000,1000,1000,0,0,0,0
1785436252.1024816,idle_post,0,1000,1000,0.0,0.0,118704575,1000,1000,1000,1000,0,0,0,0
1785436252.1264193,idle_post,0,1000,1000,0.0,0.0,118724051,1000,1000,1000,1000,0,0,0,0
1785436252.1458132,idle_post,0,1000,1000,0.0,0.0,118745009,1000,1000,1000,1000,0,0,0,0
1785436252.1632993,idle_post,0,1000,1000,0.0,0.0,118763024,1000,1000,1000,1000,0,0,0,0
1785436252.1855729,idle_post,0,1000,1000,0.0,0.0,118785491,1000,1000,1000,1000,0,0,0,0
1785436252.2034912,idle_post,0,1000,1000,0.0,0.0,118803414,1000,1000,1000,1000,0,0,0,0
1785436252.2306805,idle_post,0,1000,1000,0.0,0.0,118825863,1000,1000,1000,1000,0,0,0,0
1785436252.242535,idle_post,0,1000,1000,0.0,0.0,118843886,1000,1000,1000,1000,0,0,0,0
1785436252.2635012,idle_post,0,1000,1000,0.0,0.0,118863306,1000,1000,1000,1000,0,0,0,0
1785436252.2857192,idle_post,0,1000,1000,0.0,0.0,118885761,1000,1000,1000,1000,0,0,0,0
1785436252.3034885,idle_post,0,1000,1000,0.0,0.0,118905275,1000,1000,1000,1000,0,0,0,0
1785436252.3274674,idle_post,0,1000,1000,0.0,0.0,118923200,1000,1000,1000,1000,0,0,0,0
1785436252.342491,idle_post,0,1000,1000,0.0,0.0,118942709,1000,1000,1000,1000,0,0,0,0
1785436252.3634994,idle_post,0,1000,1000,0.0,0.0,118963623,1000,1000,1000,1000,0,0,0,0
1785436252.3860981,idle_post,0,1000,1000,0.0,0.0,118986081,1000,1000,1000,1000,0,0,0,0
1785436252.4034896,idle_post,0,1000,1000,0.0,0.0,119005555,1000,1000,1000,1000,0,0,0,0
1785436252.4285717,idle_post,0,1000,1000,0.0,0.0,119026511,1000,1000,1000,1000,0,0,0,0
1785436252.443924,idle_post,0,1000,1000,0.0,0.0,119045988,1000,1000,1000,1000,0,0,0,0
1785436252.4630368,idle_post,0,1000,1000,0.0,0.0,119063948,1000,1000,1000,1000,0,0,0,0
1785436252.483511,idle_post,0,1000,1000,0.0,0.0,119083415,1000,1000,1000,1000,0,0,0,0
1785436252.5057373,idle_post,0,1000,1000,0.0,0.0,119105879,1000,1000,1000,1000,0,0,0,0
1785436252.5277307,idle_post,0,1000,1000,0.0,0.0,119123845,1000,1000,1000,1000,0,0,0,0
1785436252.5435045,idle_post,0,1000,1000,0.0,0.0,119143311,1000,1000,1000,1000,0,0,0,0
1785436252.5657911,idle_post,0,1000,1000,0.0,0.0,119165791,1000,1000,1000,1000,0,0,0,0
1785436252.5825047,idle_post,0,1000,1000,0.0,0.0,119183736,1000,1000,1000,1000,0,0,0,0
1785436252.6061409,idle_post,0,1000,1000,0.0,0.0,119206201,1000,1000,1000,1000,0,0,0,0
1785436252.6273477,idle_post,0,1000,1000,0.0,0.0,119224165,1000,1000,1000,1000,0,0,0,0
1785436252.6435091,idle_post,0,1000,1000,0.0,0.0,119243639,1000,1000,1000,1000,0,0,0,0
1785436252.6657944,idle_post,0,1000,1000,0.0,0.0,119266188,1000,1000,1000,1000,0,0,0,0
1785436252.6828353,idle_post,0,1000,1000,0.0,0.0,119284060,1000,1000,1000,1000,0,0,0,0
1785436252.703553,idle_post,0,1000,1000,0.0,0.0,119303524,1000,1000,1000,1000,0,0,0,0
1785436252.7283418,idle_post,0,1000,1000,0.0,0.0,119325987,1000,1000,1000,1000,0,0,0,0
1785436252.742539,idle_post,0,1000,1000,0.0,0.0,119343959,1000,1000,1000,1000,0,0,0,0
1785436252.7642372,idle_post,0,1000,1000,0.0,0.0,119363450,1000,1000,1000,1000,0,0,0,0
1785436252.785874,idle_post,0,1000,1000,0.0,0.0,119385888,1000,1000,1000,1000,0,0,0,0
1785436252.8026052,idle_post,0,1000,1000,0.0,0.0,119403856,1000,1000,1000,1000,0,0,0,0
1785436252.8264534,idle_post,0,1000,1000,0.0,0.0,119423320,1000,1000,1000,1000,0,0,0,0
1785436252.845817,idle_post,0,1000,1000,0.0,0.0,119445783,1000,1000,1000,1000,0,0,0,0
1785436252.8631067,idle_post,0,1000,1000,0.0,0.0,119465250,1000,1000,1000,1000,0,0,0,0
1785436252.8867707,idle_post,0,1000,1000,0.0,0.0,119487804,1000,1000,1000,1000,0,0,0,0
1785436252.9059067,idle_post,0,1000,1000,0.0,0.0,119505669,1000,1000,1000,1000,0,0,0,0
1785436252.9261885,idle_post,0,1000,1000,0.0,0.0,119523643,1000,1000,1000,1000,0,0,0,0
1785436252.9429305,idle_post,0,1000,1000,0.0,0.0,119543109,1000,1000,1000,1000,0,0,0,0
1785436252.9625804,idle_post,0,1000,1000,0.0,0.0,119564143,1000,1000,1000,1000,0,0,0,0
1785436252.9826894,idle_post,0,1000,1000,0.0,0.0,119583536,1000,1000,1000,1000,0,0,0,0
1785436253.003615,idle_post,0,1000,1000,0.0,0.0,119603004,1000,1000,1000,1000,0,0,0,0
1785436253.0284758,idle_post,0,1000,1000,0.0,0.0,119625469,1000,1000,1000,1000,0,0,0,0
1785436253.0435169,idle_post,0,1000,1000,0.0,0.0,119643427,1000,1000,1000,1000,0,0,0,0
1785436253.06576,idle_post,0,1000,1000,0.0,0.0,119665897,1000,1000,1000,1000,0,0,0,0
1785436253.082604,idle_post,0,1000,1000,0.0,0.0,119683911,1000,1000,1000,1000,0,0,0,0
1785436253.103512,idle_post,0,1000,1000,0.0,0.0,119703324,1000,1000,1000,1000,0,0,0,0
1785436253.1283324,idle_post,0,1000,1000,0.0,0.0,119725793,1000,1000,1000,1000,0,0,0,0
1785436253.1429143,idle_post,0,1000,1000,0.0,0.0,119743899,1000,1000,1000,1000,0,0,0,0
1785436253.1662683,idle_post,0,1000,1000,0.0,0.0,119764721,1000,1000,1000,1000,0,0,0,0
1785436253.1826575,idle_post,0,1000,1000,0.0,0.0,119784178,1000,1000,1000,1000,0,0,0,0
1785436253.2035258,idle_post,0,1000,1000,0.0,0.0,119805146,1000,1000,1000,1000,0,0,0,0
1785436253.2304642,idle_post,0,1000,1000,0.0,0.0,119824612,1000,1000,1000,1000,0,0,0,0
1785436253.2426317,idle_post,0,1000,1000,0.0,0.0,119844077,1000,1000,1000,1000,0,0,0,0
1785436253.2635193,idle_post,0,1000,1000,0.0,0.0,119865052,1000,1000,1000,1000,0,0,0,0
1785436253.285797,idle_post,0,1000,1000,0.0,0.0,119884508,1000,1000,1000,1000,0,0,0,0
1785436253.3026628,idle_post,0,1000,1000,0.0,0.0,119902477,1000,1000,1000,1000,0,0,0,0
1785436253.326025,idle_post,0,1000,1000,0.0,0.0,119924934,1000,1000,1000,1000,0,0,0,0
1785436253.3464143,idle_post,0,1000,1000,0.0,0.0,119947402,1000,1000,1000,1000,0,0,0,0
1785436253.3626277,idle_post,0,1000,1000,0.0,0.0,119962371,1000,1000,1000,1000,0,0,0,0
1785436253.3835592,idle_post,0,1000,1000,0.0,0.0,119984831,1000,1000,1000,1000,0,0,0,0
1785436253.4070535,idle_post,0,1000,1000,0.0,0.0,120007376,1000,1000,1000,1000,0,0,0,0
1785436253.4266765,idle_post,0,1000,1000,0.0,0.0,120025266,1000,1000,1000,1000,0,0,0,0
1785436253.442444,idle_post,0,1000,1000,0.0,0.0,120041729,1000,1000,1000,1000,0,0,0,0
1785436253.4635313,idle_post,0,1000,1000,0.0,0.0,120064197,1000,1000,1000,1000,0,0,0,0
1785436253.4836848,idle_post,0,1000,1000,0.0,0.0,120085160,1000,1000,1000,1000,0,0,0,0
1785436253.5057952,idle_post,0,1000,1000,0.0,0.0,120104647,1000,1000,1000,1000,0,0,0,0
1785436253.5276847,idle_post,0,1000,1000,0.0,0.0,120124088,1000,1000,1000,1000,0,0,0,0
1785436253.5435278,idle_post,0,1000,1000,0.0,0.0,120145059,1000,1000,1000,1000,0,0,0,0
1785436253.5657616,idle_post,0,1000,1000,0.0,0.0,120164517,1000,1000,1000,1000,0,0,0,0
1785436253.5855474,idle_post,0,1000,1000,0.0,0.0,120185522,1000,1000,1000,1000,0,0,0,0
1785436253.6057985,idle_post,0,1000,1000,0.0,0.0,120204955,1000,1000,1000,1000,0,0,0,0
1785436253.6279774,idle_post,0,1000,1000,0.0,0.0,120224407,1000,1000,1000,1000,0,0,0,0
1785436253.6458054,idle_post,0,1000,1000,0.0,0.0,120246883,1000,1000,1000,1000,0,0,0,0
1785436253.663337,idle_post,0,1000,1000,0.0,0.0,120264844,1000,1000,1000,1000,0,0,0,0
1785436253.685858,idle_post,0,1000,1000,0.0,0.0,120284394,1000,1000,1000,1000,0,0,0,0
1785436253.7026503,idle_post,0,1000,1000,0.0,0.0,120302276,1000,1000,1000,1000,0,0,0,0
1785436253.7260735,idle_post,0,1000,1000,0.0,0.0,120324736,1000,1000,1000,1000,0,0,0,0
1785436253.7457778,idle_post,0,1000,1000,0.0,0.0,120344224,1000,1000,1000,1000,0,0,0,0
1785436253.7627478,idle_post,0,1000,1000,0.0,0.0,120362177,1000,1000,1000,1000,0,0,0,0
1785436253.7837138,idle_post,0,1000,1000,0.0,0.0,120384634,1000,1000,1000,1000,0,0,0,0
1785436253.806069,idle_post,0,1000,1000,0.0,0.0,120407092,1000,1000,1000,1000,0,0,0,0
1785436253.8310757,idle_post,0,1000,1000,0.0,0.0,120426598,1000,1000,1000,1000,0,0,0,0
1785436253.842906,idle_post,0,1000,1000,0.0,0.0,120444525,1000,1000,1000,1000,0,0,0,0
1785436253.863761,idle_post,0,1000,1000,0.0,0.0,120463998,1000,1000,1000,1000,0,0,0,0
1785436253.882653,idle_post,0,1000,1000,0.0,0.0,120481963,1000,1000,1000,1000,0,0,0,0
1785436253.9025567,idle_post,0,1000,1000,0.0,0.0,120504425,1000,1000,1000,1000,0,0,0,0
1785436253.9265192,idle_post,0,1000,1000,0.0,0.0,120525379,1000,1000,1000,1000,0,0,0,0
1785436253.942919,idle_post,0,1000,1000,0.0,0.0,120541852,1000,1000,1000,1000,0,0,0,0
1785436253.9658048,idle_post,0,1000,1000,0.0,0.0,120564322,1000,1000,1000,1000,0,0,0,0
1785436253.982586,idle_post,0,1000,1000,0.0,0.0,120582353,1000,1000,1000,1000,0,0,0,0
1785436254.0041409,idle_post,0,1000,1000,0.0,0.0,120604784,1000,1000,1000,1000,0,0,0,0
1785436254.0283525,idle_post,0,1000,1000,0.0,0.0,120624217,1000,1000,1000,1000,0,0,0,0
1785436254.0426028,idle_post,0,1000,1000,0.0,0.0,120642226,1000,1000,1000,1000,0,0,0,0
1785436254.0653496,idle_post,0,1000,1000,0.0,0.0,120664683,1000,1000,1000,1000,0,0,0,0
1785436254.0825434,idle_post,0,1000,1000,0.0,0.0,120684128,1000,1000,1000,1000,0,0,0,0
1785436254.103636,idle_post,0,1000,1000,0.0,0.0,120705064,1000,1000,1000,1000,0,0,0,0
1785436254.128348,idle_post,0,1000,1000,0.0,0.0,120724583,1000,1000,1000,1000,0,0,0,0
1785436254.142763,idle_post,0,1000,1000,0.0,0.0,120744003,1000,1000,1000,1000,0,0,0,0
1785436254.1638021,idle_post,0,1000,1000,0.0,0.0,120763466,1000,1000,1000,1000,0,0,0,0
1785436254.1863644,idle_post,0,1000,1000,0.0,0.0,120785931,1000,1000,1000,1000,0,0,0,0
1785436254.2025719,idle_post,0,1000,1000,0.0,0.0,120803969,1000,1000,1000,1000,0,0,0,0
1785436254.22846,idle_post,0,1000,1000,0.0,0.0,120823360,1000,1000,1000,1000,0,0,0,0
1785436254.245866,idle_post,0,1000,1000,0.0,0.0,120845827,1000,1000,1000,1000,0,0,0,0
1785436254.2625582,idle_post,0,1000,1000,0.0,0.0,120863793,1000,1000,1000,1000,0,0,0,0
1785436254.2857945,idle_post,0,1000,1000,0.0,0.0,120886249,1000,1000,1000,1000,0,0,0,0
1785436254.3025513,idle_post,0,1000,1000,0.0,0.0,120902724,1000,1000,1000,1000,0,0,0,0
1785436254.3276742,idle_post,0,1000,1000,0.0,0.0,120923690,1000,1000,1000,1000,0,0,0,0
1785436254.342553,idle_post,0,1000,1000,0.0,0.0,120943148,1000,1000,1000,1000,0,0,0,0
1785436254.3658075,idle_post,0,1000,1000,0.0,0.0,120965615,1000,1000,1000,1000,0,0,0,0
1785436254.383666,idle_post,0,1000,1000,0.0,0.0,120983585,1000,1000,1000,1000,0,0,0,0
1785436254.4058247,idle_post,0,1000,1000,0.0,0.0,121006040,1000,1000,1000,1000,0,0,0,0
1785436254.4278564,idle_post,0,1000,1000,0.0,0.0,121024053,1000,1000,1000,1000,0,0,0,0
1785436254.4435544,idle_post,0,1000,1000,0.0,0.0,121043501,1000,1000,1000,1000,0,0,0,0
1785436254.466407,idle_post,0,1000,1000,0.0,0.0,121065935,1000,1000,1000,1000,0,0,0,0
1785436254.4825668,idle_post,0,1000,1000,0.0,0.0,121083949,1000,1000,1000,1000,0,0,0,0
1785436254.5036287,idle_post,0,1000,1000,0.0,0.0,121103375,1000,1000,1000,1000,0,0,0,0
1785436254.5284524,idle_post,0,1000,1000,0.0,0.0,121125827,1000,1000,1000,1000,0,0,0,0
1785436254.5425997,idle_post,0,1000,1000,0.0,0.0,121143846,1000,1000,1000,1000,0,0,0,0
1785436254.5635688,idle_post,0,1000,1000,0.0,0.0,121163271,1000,1000,1000,1000,0,0,0,0
1785436254.5858026,idle_post,0,1000,1000,0.0,0.0,121185726,1000,1000,1000,1000,0,0,0,0
1785436254.6025999,idle_post,0,1000,1000,0.0,0.0,121203739,1000,1000,1000,1000,0,0,0,0
1785436254.6262596,idle_post,0,1000,1000,0.0,0.0,121223164,1000,1000,1000,1000,0,0,0,0
1785436254.6425605,idle_post,0,1000,1000,0.0,0.0,121244122,1000,1000,1000,1000,0,0,0,0
1785436254.665841,idle_post,0,1000,1000,0.0,0.0,121263630,1000,1000,1000,1000,0,0,0,0
1785436254.685862,idle_post,0,1000,1000,0.0,0.0,121286092,1000,1000,1000,1000,0,0,0,0
1785436254.702605,idle_post,0,1000,1000,0.0,0.0,121304018,1000,1000,1000,1000,0,0,0,0
1785436254.7264912,idle_post,0,1000,1000,0.0,0.0,121323530,1000,1000,1000,1000,0,0,0,0
1785436254.7458103,idle_post,0,1000,1000,0.0,0.0,121345995,1000,1000,1000,1000,0,0,0,0
1785436254.7626405,idle_post,0,1000,1000,0.0,0.0,121363945,1000,1000,1000,1000,0,0,0,0
1785436254.783564,idle_post,0,1000,1000,0.0,0.0,121383448,1000,1000,1000,1000,0,0,0,0
1785436254.8058267,idle_post,0,1000,1000,0.0,0.0,121405883,1000,1000,1000,1000,0,0,0,0
1785436254.8278368,idle_post,0,1000,1000,0.0,0.0,121423805,1000,1000,1000,1000,0,0,0,0
1785436254.8436236,idle_post,0,1000,1000,0.0,0.0,121443351,1000,1000,1000,1000,0,0,0,0
1785436254.8625944,idle_post,0,1000,1000,0.0,0.0,121462741,1000,1000,1000,1000,0,0,0,0
1785436254.8836944,idle_post,0,1000,1000,0.0,0.0,121483708,1000,1000,1000,1000,0,0,0,0
1785436254.905883,idle_post,0,1000,1000,0.0,0.0,121506159,1000,1000,1000,1000,0,0,0,0
1785436254.926655,idle_post,0,1000,1000,0.0,0.0,121525672,1000,1000,1000,1000,0,0,0,0
1785436254.9427369,idle_post,0,1000,1000,0.0,0.0,121543603,1000,1000,1000,1000,0,0,0,0
1785436254.96375,idle_post,0,1000,1000,0.0,0.0,121563111,1000,1000,1000,1000,0,0,0,0
1785436254.986975,idle_post,0,1000,1000,0.0,0.0,121585575,1000,1000,1000,1000,0,0,0,0
1785436255.0036178,idle_post,0,1000,1000,0.0,0.0,121603489,1000,1000,1000,1000,0,0,0,0
1785436255.028504,idle_post,0,1000,1000,0.0,0.0,121625955,1000,1000,1000,1000,0,0,0,0
1785436255.042637,idle_post,0,1000,1000,0.0,0.0,121643922,1000,1000,1000,1000,0,0,0,0
1785436255.063594,idle_post,0,1000,1000,0.0,0.0,121663406,1000,1000,1000,1000,0,0,0,0
1785436255.0858307,idle_post,0,1000,1000,0.0,0.0,121685847,1000,1000,1000,1000,0,0,0,0
1785436255.102614,idle_post,0,1000,1000,0.0,0.0,121703818,1000,1000,1000,1000,0,0,0,0
1785436255.126115,idle_post,0,1000,1000,0.0,0.0,121723282,1000,1000,1000,1000,0,0,0,0
1785436255.1426113,idle_post,0,1000,1000,0.0,0.0,121742791,1000,1000,1000,1000,0,0,0,0
1785436255.1636808,idle_post,0,1000,1000,0.0,0.0,121763709,1000,1000,1000,1000,0,0,0,0
1785436255.186271,idle_post,0,1000,1000,0.0,0.0,121784671,1000,1000,1000,1000,0,0,0,0
1785436255.202623,idle_post,0,1000,1000,0.0,0.0,121804141,1000,1000,1000,1000,0,0,0,0
1785436255.2282796,idle_post,0,1000,1000,0.0,0.0,121825145,1000,1000,1000,1000,0,0,0,0
1785436255.2461824,idle_post,0,1000,1000,0.0,0.0,121844567,1000,1000,1000,1000,0,0,0,0
1785436255.262637,idle_post,0,1000,1000,0.0,0.0,121864038,1000,1000,1000,1000,0,0,0,0
1785436255.2835991,idle_post,0,1000,1000,0.0,0.0,121885041,1000,1000,1000,1000,0,0,0,0
1785436255.3064566,idle_post,0,1000,1000,0.0,0.0,121907506,1000,1000,1000,1000,0,0,0,0
1785436255.3276448,idle_post,0,1000,1000,0.0,0.0,121923940,1000,1000,1000,1000,0,0,0,0
1785436255.343582,idle_post,0,1000,1000,0.0,0.0,121944936,1000,1000,1000,1000,0,0,0,0
1785436255.3663905,idle_post,0,1000,1000,0.0,0.0,121964392,1000,1000,1000,1000,0,0,0,0
1785436255.382582,idle_post,0,1000,1000,0.0,0.0,121982372,1000,1000,1000,1000,0,0,0,0
1785436255.4035978,idle_post,0,1000,1000,0.0,0.0,122004835,1000,1000,1000,1000,0,0,0,0
1785436255.4284058,idle_post,0,1000,1000,0.0,0.0,122024254,1000,1000,1000,1000,0,0,0,0
1785436255.4430807,idle_post,0,1000,1000,0.0,0.0,122045219,1000,1000,1000,1000,0,0,0,0
1785436255.4637249,idle_post,0,1000,1000,0.0,0.0,122064727,1000,1000,1000,1000,0,0,0,0
1785436255.4858391,idle_post,0,1000,1000,0.0,0.0,122084153,1000,1000,1000,1000,0,0,0,0
1785436255.502723,idle_post,0,1000,1000,0.0,0.0,122102168,1000,1000,1000,1000,0,0,0,0
1785436255.5263255,idle_post,0,1000,1000,0.0,0.0,122124624,1000,1000,1000,1000,0,0,0,0
1785436255.5425904,idle_post,0,1000,1000,0.0,0.0,122144045,1000,1000,1000,1000,0,0,0,0
1785436255.5636015,idle_post,0,1000,1000,0.0,0.0,122165009,1000,1000,1000,1000,0,0,0,0
1785436255.585841,idle_post,0,1000,1000,0.0,0.0,122184519,1000,1000,1000,1000,0,0,0,0
1785436255.6026518,idle_post,0,1000,1000,0.0,0.0,122203934,1000,1000,1000,1000,0,0,0,0
1785436255.626304,idle_post,0,1000,1000,0.0,0.0,122224913,1000,1000,1000,1000,0,0,0,0
1785436255.6458542,idle_post,0,1000,1000,0.0,0.0,122244473,1000,1000,1000,1000,0,0,0,0
1785436255.6633477,idle_post,0,1000,1000,0.0,0.0,122265410,1000,1000,1000,1000,0,0,0,0
1785436255.6836493,idle_post,0,1000,1000,0.0,0.0,122284794,1000,1000,1000,1000,0,0,0,0
1785436255.7058334,idle_post,0,1000,1000,0.0,0.0,122304317,1000,1000,1000,1000,0,0,0,0
1785436255.7276652,idle_post,0,1000,1000,0.0,0.0,122322231,1000,1000,1000,1000,0,0,0,0
1785436255.7435966,idle_post,0,1000,1000,0.0,0.0,122344690,1000,1000,1000,1000,0,0,0,0
1785436255.7676508,idle_post,0,1000,1000,0.0,0.0,122367163,1000,1000,1000,1000,0,0,0,0
1785436255.783671,idle_post,0,1000,1000,0.0,0.0,122385123,1000,1000,1000,1000,0,0,0,0
1785436255.805858,idle_post,0,1000,1000,0.0,0.0,122404592,1000,1000,1000,1000,0,0,0,0
1785436255.8282878,idle_post,0,1000,1000,0.0,0.0,122424098,1000,1000,1000,1000,0,0,0,0
1785436255.8436043,idle_post,0,1000,1000,0.0,0.0,122445023,1000,1000,1000,1000,0,0,0,0
1785436255.865878,idle_post,0,1000,1000,0.0,0.0,122464481,1000,1000,1000,1000,0,0,0,0
1785436255.882608,idle_post,0,1000,1000,0.0,0.0,122483996,1000,1000,1000,1000,0,0,0,0
1785436255.902684,idle_post,0,1000,1000,0.0,0.0,122501914,1000,1000,1000,1000,0,0,0,0
1785436255.9277456,idle_post,0,1000,1000,0.0,0.0,122524378,1000,1000,1000,1000,0,0,0,0
1785436255.943728,idle_post,0,1000,1000,0.0,0.0,122545338,1000,1000,1000,1000,0,0,0,0
1785436255.967071,idle_post,0,1000,1000,0.0,0.0,122567803,1000,1000,1000,1000,0,0,0,0
1785436255.983631,idle_post,0,1000,1000,0.0,0.0,122584284,1000,1000,1000,1000,0,0,0,0
1785436256.0034602,idle_post,0,1000,1000,0.0,0.0,122605260,1000,1000,1000,1000,0,0,0,0
1785436256.0263603,idle_post,0,1000,1000,0.0,0.0,122624701,1000,1000,1000,1000,0,0,0,0
1785436256.0427303,idle_post,0,1000,1000,0.0,0.0,122644164,1000,1000,1000,1000,0,0,0,0
1785436256.065882,idle_post,0,1000,1000,0.0,0.0,122666631,1000,1000,1000,1000,0,0,0,0
1785436256.0864618,idle_post,0,1000,1000,0.0,0.0,122684614,1000,1000,1000,1000,0,0,0,0
1785436256.1030154,idle_post,0,1000,1000,0.0,0.0,122704059,1000,1000,1000,1000,0,0,0,0
1785436256.1261203,idle_post,0,1000,1000,0.0,0.0,122725022,1000,1000,1000,1000,0,0,0,0
1785436256.1464148,idle_post,0,1000,1000,0.0,0.0,122744496,1000,1000,1000,1000,0,0,0,0
1785436256.1626847,idle_post,0,1000,1000,0.0,0.0,122764050,1000,1000,1000,1000,0,0,0,0
1785436256.1837091,idle_post,0,1000,1000,0.0,0.0,122783468,1000,1000,1000,1000,0,0,0,0
1785436256.2060204,idle_post,0,1000,1000,0.0,0.0,122805928,1000,1000,1000,1000,0,0,0,0
1785436256.2300794,idle_post,0,1000,1000,0.0,0.0,122825365,1000,1000,1000,1000,0,0,0,0
1785436256.2426121,idle_post,0,1000,1000,0.0,0.0,122843363,1000,1000,1000,1000,0,0,0,0
1785436256.2658677,idle_post,0,1000,1000,0.0,0.0,122865823,1000,1000,1000,1000,0,0,0,0
1785436256.2826548,idle_post,0,1000,1000,0.0,0.0,122883744,1000,1000,1000,1000,0,0,0,0
1785436256.3036122,idle_post,0,1000,1000,0.0,0.0,122903259,1000,1000,1000,1000,0,0,0,0
1785436256.3284905,idle_post,0,1000,1000,0.0,0.0,122925722,1000,1000,1000,1000,0,0,0,0
1785436256.3458612,idle_post,0,1000,1000,0.0,0.0,122945139,1000,1000,1000,1000,0,0,0,0
1785436256.3626308,idle_post,0,1000,1000,0.0,0.0,122963150,1000,1000,1000,1000,0,0,0,0
1785436256.3860724,idle_post,0,1000,1000,0.0,0.0,122985665,1000,1000,1000,1000,0,0,0,0
1785436256.40276,idle_post,0,1000,1000,0.0,0.0,123003534,1000,1000,1000,1000,0,0,0,0
1785436256.4284196,idle_post,0,1000,1000,0.0,0.0,123026008,1000,1000,1000,1000,0,0,0,0
1785436256.4432063,idle_post,0,1000,1000,0.0,0.0,123043972,1000,1000,1000,1000,0,0,0,0
1785436256.4636211,idle_post,0,1000,1000,0.0,0.0,123063437,1000,1000,1000,1000,0,0,0,0
1785436256.4858904,idle_post,0,1000,1000,0.0,0.0,123085895,1000,1000,1000,1000,0,0,0,0
1785436256.50282,idle_post,0,1000,1000,0.0,0.0,123103869,1000,1000,1000,1000,0,0,0,0
1785436256.5261722,idle_post,0,1000,1000,0.0,0.0,123123331,1000,1000,1000,1000,0,0,0,0
1785436256.5458858,idle_post,0,1000,1000,0.0,0.0,123145789,1000,1000,1000,1000,0,0,0,0
1785436256.5626369,idle_post,0,1000,1000,0.0,0.0,123163759,1000,1000,1000,1000,0,0,0,0
1785436256.5836253,idle_post,0,1000,1000,0.0,0.0,123183221,1000,1000,1000,1000,0,0,0,0
1785436256.6078722,idle_post,0,1000,1000,0.0,0.0,123208698,1000,1000,1000,1000,0,0,0,0
1785436256.6284423,idle_post,0,1000,1000,0.0,0.0,123225191,1000,1000,1000,1000,0,0,0,0
1785436256.6426294,idle_post,0,1000,1000,0.0,0.0,123243115,1000,1000,1000,1000,0,0,0,0
1785436256.6661057,idle_post,0,1000,1000,0.0,0.0,123265581,1000,1000,1000,1000,0,0,0,0
1785436256.684011,idle_post,0,1000,1000,0.0,0.0,123283618,1000,1000,1000,1000,0,0,0,0
1785436256.706248,idle_post,0,1000,1000,0.0,0.0,123306012,1000,1000,1000,1000,0,0,0,0
1785436256.7277477,idle_post,0,1000,1000,0.0,0.0,123323981,1000,1000,1000,1000,0,0,0,0
1785436256.7436426,idle_post,0,1000,1000,0.0,0.0,123343446,1000,1000,1000,1000,0,0,0,0
1785436256.764294,idle_post,0,1000,1000,0.0,0.0,123365907,1000,1000,1000,1000,0,0,0,0
1785436256.7835913,idle_post,0,1000,1000,0.0,0.0,123385376,1000,1000,1000,1000,0,0,0,0
1785436256.8036273,idle_post,0,1000,1000,0.0,0.0,123403342,1000,1000,1000,1000,0,0,0,0
1785436256.8288097,idle_post,0,1000,1000,0.0,0.0,123425793,1000,1000,1000,1000,0,0,0,0
1785436256.842645,idle_post,0,1000,1000,0.0,0.0,123443766,1000,1000,1000,1000,0,0,0,0
1785436256.8636563,idle_post,0,1000,1000,0.0,0.0,123463239,1000,1000,1000,1000,0,0,0,0
1785436256.8858604,idle_post,0,1000,1000,0.0,0.0,123485692,1000,1000,1000,1000,0,0,0,0
1785436256.9036288,idle_post,0,1000,1000,0.0,0.0,123505272,1000,1000,1000,1000,0,0,0,0
1785436256.928683,idle_post,0,1000,1000,0.0,0.0,123526161,1000,1000,1000,1000,0,0,0,0
1785436256.9430075,idle_post,0,1000,1000,0.0,0.0,123544116,1000,1000,1000,1000,0,0,0,0
1785436256.9636953,idle_post,0,1000,1000,0.0,0.0,123563551,1000,1000,1000,1000,0,0,0,0
1785436256.9860022,idle_post,0,1000,1000,0.0,0.0,123586012,1000,1000,1000,1000,0,0,0,0
1785436257.0026634,idle_post,0,1000,1000,0.0,0.0,123603988,1000,1000,1000,1000,0,0,0,0
1785436257.0265343,idle_post,0,1000,1000,0.0,0.0,123623451,1000,1000,1000,1000,0,0,0,0
1785436257.046061,idle_post,0,1000,1000,0.0,0.0,123645910,1000,1000,1000,1000,0,0,0,0
1785436257.0626936,idle_post,0,1000,1000,0.0,0.0,123663886,1000,1000,1000,1000,0,0,0,0
1785436257.0859802,idle_post,0,1000,1000,0.0,0.0,123686336,1000,1000,1000,1000,0,0,0,0
1785436257.103489,idle_post,0,1000,1000,0.0,0.0,123702812,1000,1000,1000,1000,0,0,0,0
1785436257.1263726,idle_post,0,1000,1000,0.0,0.0,123725271,1000,1000,1000,1000,0,0,0,0
1785436257.142653,idle_post,0,1000,1000,0.0,0.0,123743241,1000,1000,1000,1000,0,0,0,0
1785436257.1629224,idle_post,0,1000,1000,0.0,0.0,123762709,1000,1000,1000,1000,0,0,0,0
1785436257.1836991,idle_post,0,1000,1000,0.0,0.0,123785169,1000,1000,1000,1000,0,0,0,0
1785436257.2028584,idle_post,0,1000,1000,0.0,0.0,123801680,1000,1000,1000,1000,0,0,0,0
1785436257.2308283,idle_post,0,1000,1000,0.0,0.0,123824145,1000,1000,1000,1000,0,0,0,0
1785436257.2427719,idle_post,0,1000,1000,0.0,0.0,123842069,1000,1000,1000,1000,0,0,0,0
1785436257.2637668,idle_post,0,1000,1000,0.0,0.0,123864530,1000,1000,1000,1000,0,0,0,0
1785436257.2838829,idle_post,0,1000,1000,0.0,0.0,123884062,1000,1000,1000,1000,0,0,0,0
1785436257.305952,idle_post,0,1000,1000,0.0,0.0,123906501,1000,1000,1000,1000,0,0,0,0
1785436257.3261378,idle_post,0,1000,1000,0.0,0.0,123924424,1000,1000,1000,1000,0,0,0,0
1785436257.345874,idle_post,0,1000,1000,0.0,0.0,123943938,1000,1000,1000,1000,0,0,0,0
1785436257.3637662,idle_post,0,1000,1000,0.0,0.0,123964853,1000,1000,1000,1000,0,0,0,0
1785436257.3858864,idle_post,0,1000,1000,0.0,0.0,123984323,1000,1000,1000,1000,0,0,0,0
1785436257.4032755,idle_post,0,1000,1000,0.0,0.0,124005280,1000,1000,1000,1000,0,0,0,0
1785436257.4263554,idle_post,0,1000,1000,0.0,0.0,124024801,1000,1000,1000,1000,0,0,0,0
1785436257.4427469,idle_post,0,1000,1000,0.0,0.0,124044213,1000,1000,1000,1000,0,0,0,0
1785436257.4636705,idle_post,0,1000,1000,0.0,0.0,124065176,1000,1000,1000,1000,0,0,0,0
1785436257.4863276,idle_post,0,1000,1000,0.0,0.0,124084642,1000,1000,1000,1000,0,0,0,0
1785436257.502784,idle_post,0,1000,1000,0.0,0.0,124104111,1000,1000,1000,1000,0,0,0,0
1785436257.5261447,idle_post,0,1000,1000,0.0,0.0,124125070,1000,1000,1000,1000,0,0,0,0
1785436257.546097,idle_post,0,1000,1000,0.0,0.0,124144536,1000,1000,1000,1000,0,0,0,0
1785436257.5628357,idle_post,0,1000,1000,0.0,0.0,124164019,1000,1000,1000,1000,0,0,0,0
1785436257.583718,idle_post,0,1000,1000,0.0,0.0,124184969,1000,1000,1000,1000,0,0,0,0
1785436257.6059532,idle_post,0,1000,1000,0.0,0.0,124204430,1000,1000,1000,1000,0,0,0,0
1785436257.6280985,idle_post,0,1000,1000,0.0,0.0,124223902,1000,1000,1000,1000,0,0,0,0
1785436257.643667,idle_post,0,1000,1000,0.0,0.0,124244867,1000,1000,1000,1000,0,0,0,0
1785436257.6659446,idle_post,0,1000,1000,0.0,0.0,124264328,1000,1000,1000,1000,0,0,0,0
1785436257.6828525,idle_post,0,1000,1000,0.0,0.0,124282299,1000,1000,1000,1000,0,0,0,0
1785436257.7037182,idle_post,0,1000,1000,0.0,0.0,124304754,1000,1000,1000,1000,0,0,0,0
1785436257.7287438,idle_post,0,1000,1000,0.0,0.0,124327216,1000,1000,1000,1000,0,0,0,0
1785436257.7458975,idle_post,0,1000,1000,0.0,0.0,124346678,1000,1000,1000,1000,0,0,0,0
1785436257.7626572,idle_post,0,1000,1000,0.0,0.0,124364649,1000,1000,1000,1000,0,0,0,0
1785436257.786901,idle_post,0,1000,1000,0.0,0.0,124387113,1000,1000,1000,1000,0,0,0,0
1785436257.8042476,idle_post,0,1000,1000,0.0,0.0,124405083,1000,1000,1000,1000,0,0,0,0
1785436257.8284557,idle_post,0,1000,1000,0.0,0.0,124424543,1000,1000,1000,1000,0,0,0,0
1785436257.8426583,idle_post,0,1000,1000,0.0,0.0,124444011,1000,1000,1000,1000,0,0,0,0
1785436257.8637514,idle_post,0,1000,1000,0.0,0.0,124464981,1000,1000,1000,1000,0,0,0,0
1785436257.8827126,idle_post,0,1000,1000,0.0,0.0,124484443,1000,1000,1000,1000,0,0,0,0
1785436257.9026842,idle_post,0,1000,1000,0.0,0.0,124503903,1000,1000,1000,1000,0,0,0,0
1785436257.9267926,idle_post,0,1000,1000,0.0,0.0,124524868,1000,1000,1000,1000,0,0,0,0
1785436257.9464574,idle_post,0,1000,1000,0.0,0.0,124547332,1000,1000,1000,1000,0,0,0,0
1785436257.963076,idle_post,0,1000,1000,0.0,0.0,124562311,1000,1000,1000,1000,0,0,0,0
1785436257.9846618,idle_post,0,1000,1000,0.0,0.0,124584763,1000,1000,1000,1000,0,0,0,0
1785436258.0027475,idle_post,0,1000,1000,0.0,0.0,124604229,1000,1000,1000,1000,0,0,0,0
1785436258.0269191,idle_post,0,1000,1000,0.0,0.0,124625244,1000,1000,1000,1000,0,0,0,0
1785436258.0460262,idle_post,0,1000,1000,0.0,0.0,124644660,1000,1000,1000,1000,0,0,0,0
1785436258.0635552,idle_post,0,1000,1000,0.0,0.0,124664125,1000,1000,1000,1000,0,0,0,0
1785436258.0838552,idle_post,0,1000,1000,0.0,0.0,124685139,1000,1000,1000,1000,0,0,0,0
1785436258.1060247,idle_post,0,1000,1000,0.0,0.0,124704559,1000,1000,1000,1000,0,0,0,0
1785436258.1277459,idle_post,0,1000,1000,0.0,0.0,124724021,1000,1000,1000,1000,0,0,0,0
1785436258.1459398,idle_post,0,1000,1000,0.0,0.0,124746478,1000,1000,1000,1000,0,0,0,0
1785436258.162833,idle_post,0,1000,1000,0.0,0.0,124764446,1000,1000,1000,1000,0,0,0,0
1785436258.1832874,idle_post,0,1000,1000,0.0,0.0,124782467,1000,1000,1000,1000,0,0,0,0
1785436258.2038286,idle_post,0,1000,1000,0.0,0.0,124803385,1000,1000,1000,1000,0,0,0,0
1785436258.2308414,idle_post,0,1000,1000,0.0,0.0,124825842,1000,1000,1000,1000,0,0,0,0
1785436258.2426887,idle_post,0,1000,1000,0.0,0.0,124843806,1000,1000,1000,1000,0,0,0,0
1785436258.2643087,idle_post,0,1000,1000,0.0,0.0,124863276,1000,1000,1000,1000,0,0,0,0
1785436258.2859054,idle_post,0,1000,1000,0.0,0.0,124885736,1000,1000,1000,1000,0,0,0,0
1785436258.3026986,idle_post,0,1000,1000,0.0,0.0,124903705,1000,1000,1000,1000,0,0,0,0
1785436258.327756,idle_post,0,1000,1000,0.0,0.0,124926172,1000,1000,1000,1000,0,0,0,0
1785436258.3430932,idle_post,0,1000,1000,0.0,0.0,124944139,1000,1000,1000,1000,0,0,0,0
1785436258.3637922,idle_post,0,1000,1000,0.0,0.0,124963605,1000,1000,1000,1000,0,0,0,0
1785436258.3859804,idle_post,0,1000,1000,0.0,0.0,124986064,1000,1000,1000,1000,0,0,0,0
1785436258.4034755,idle_post,0,1000,1000,0.0,0.0,125005527,1000,1000,1000,1000,0,0,0,0
1785436258.4263978,idle_post,0,1000,1000,0.0,0.0,125023494,1000,1000,1000,1000,0,0,0,0
1785436258.4459064,idle_post,0,1000,1000,0.0,0.0,125045962,1000,1000,1000,1000,0,0,0,0
1785436258.4629242,idle_post,0,1000,1000,0.0,0.0,125063952,1000,1000,1000,1000,0,0,0,0
1785436258.4838233,idle_post,0,1000,1000,0.0,0.0,125083389,1000,1000,1000,1000,0,0,0,0
1785436258.5059266,idle_post,0,1000,1000,0.0,0.0,125105873,1000,1000,1000,1000,0,0,0,0
1785436258.5277731,idle_post,0,1000,1000,0.0,0.0,125123820,1000,1000,1000,1000,0,0,0,0
1785436258.5437741,idle_post,0,1000,1000,0.0,0.0,125143293,1000,1000,1000,1000,0,0,0,0
1785436258.5659127,idle_post,0,1000,1000,0.0,0.0,125165744,1000,1000,1000,1000,0,0,0,0
1785436258.5827277,idle_post,0,1000,1000,0.0,0.0,125183712,1000,1000,1000,1000,0,0,0,0
1785436258.606161,idle_post,0,1000,1000,0.0,0.0,125206178,1000,1000,1000,1000,0,0,0,0
1785436258.6280162,idle_post,0,1000,1000,0.0,0.0,125224194,1000,1000,1000,1000,0,0,0,0
1785436258.64416,idle_post,0,1000,1000,0.0,0.0,125243693,1000,1000,1000,1000,0,0,0,0
1785436258.6660912,idle_post,0,1000,1000,0.0,0.0,125266076,1000,1000,1000,1000,0,0,0,0
1785436258.6827226,idle_post,0,1000,1000,0.0,0.0,125284089,1000,1000,1000,1000,0,0,0,0
1785436258.7036905,idle_post,0,1000,1000,0.0,0.0,125303509,1000,1000,1000,1000,0,0,0,0
1785436258.7289,idle_post,0,1000,1000,0.0,0.0,125325978,1000,1000,1000,1000,0,0,0,0
1785436258.742695,idle_post,0,1000,1000,0.0,0.0,125343983,1000,1000,1000,1000,0,0,0,0
1785436258.763729,idle_post,0,1000,1000,0.0,0.0,125363403,1000,1000,1000,1000,0,0,0,0
1785436258.782791,idle_post,0,1000,1000,0.0,0.0,125382865,1000,1000,1000,1000,0,0,0,0
1785436258.8027072,idle_post,0,1000,1000,0.0,0.0,125403884,1000,1000,1000,1000,0,0,0,0
1785436258.8264005,idle_post,0,1000,1000,0.0,0.0,125423306,1000,1000,1000,1000,0,0,0,0
1785436258.8460145,idle_post,0,1000,1000,0.0,0.0,125445759,1000,1000,1000,1000,0,0,0,0
1785436258.8626888,idle_post,0,1000,1000,0.0,0.0,125463772,1000,1000,1000,1000,0,0,0,0
1785436258.88372,idle_post,0,1000,1000,0.0,0.0,125483193,1000,1000,1000,1000,0,0,0,0
1785436258.9062834,idle_post,0,1000,1000,0.0,0.0,125505657,1000,1000,1000,1000,0,0,0,0
1785436258.927792,idle_post,0,1000,1000,0.0,0.0,125523671,1000,1000,1000,1000,0,0,0,0
1785436258.943788,idle_post,0,1000,1000,0.0,0.0,125543088,1000,1000,1000,1000,0,0,0,0
1785436258.9626992,idle_post,0,1000,1000,0.0,0.0,125564050,1000,1000,1000,1000,0,0,0,0
1785436258.9837008,idle_post,0,1000,1000,0.0,0.0,125583561,1000,1000,1000,1000,0,0,0,0
1785436259.0062249,idle_post,0,1000,1000,0.0,0.0,125606023,1000,1000,1000,1000,0,0,0,0
1785436259.0279546,idle_post,0,1000,1000,0.0,0.0,125623948,1000,1000,1000,1000,0,0,0,0
1785436259.0439906,idle_post,0,1000,1000,0.0,0.0,125643458,1000,1000,1000,1000,0,0,0,0
1785436259.0664132,idle_post,0,1000,1000,0.0,0.0,125666006,1000,1000,1000,1000,0,0,0,0
1785436259.0827405,idle_post,0,1000,1000,0.0,0.0,125683840,1000,1000,1000,1000,0,0,0,0
1785436259.10373,idle_post,0,1000,1000,0.0,0.0,125703357,1000,1000,1000,1000,0,0,0,0
1785436259.1284769,idle_post,0,1000,1000,0.0,0.0,125725849,1000,1000,1000,1000,0,0,0,0
1785436259.1427217,idle_post,0,1000,1000,0.0,0.0,125743732,1000,1000,1000,1000,0,0,0,0
1785436259.1659434,idle_post,0,1000,1000,0.0,0.0,125766198,1000,1000,1000,1000,0,0,0,0
1785436259.1832125,idle_post,0,1000,1000,0.0,0.0,125782669,1000,1000,1000,1000,0,0,0,0
1785436259.2037606,idle_post,0,1000,1000,0.0,0.0,125805133,1000,1000,1000,1000,0,0,0,0
1785436259.230688,idle_post,0,1000,1000,0.0,0.0,125827588,1000,1000,1000,1000,0,0,0,0
1785436259.2437522,idle_post,0,1000,1000,0.0,0.0,125844057,1000,1000,1000,1000,0,0,0,0
1785436259.26736,idle_post,0,1000,1000,0.0,0.0,125866517,1000,1000,1000,1000,0,0,0,0
1785436259.2868273,idle_post,0,1000,1000,0.0,0.0,125887485,1000,1000,1000,1000,0,0,0,0
1785436259.3043754,idle_post,0,1000,1000,0.0,0.0,125903953,1000,1000,1000,1000,0,0,0,0
1785436259.3285031,idle_post,0,1000,1000,0.0,0.0,125926417,1000,1000,1000,1000,0,0,0,0
1785436259.3443341,idle_post,0,1000,1000,0.0,0.0,125944381,1000,1000,1000,1000,0,0,0,0
1785436259.3659604,idle_post,0,1000,1000,0.0,0.0,125966847,1000,1000,1000,1000,0,0,0,0
1785436259.3843472,idle_post,0,1000,1000,0.0,0.0,125984893,1000,1000,1000,1000,0,0,0,0
1785436259.4059577,idle_post,0,1000,1000,0.0,0.0,126004288,1000,1000,1000,1000,0,0,0,0
1785436259.4279668,idle_post,0,1000,1000,0.0,0.0,126022248,1000,1000,1000,1000,0,0,0,0
1785436259.4437473,idle_post,0,1000,1000,0.0,0.0,126044728,1000,1000,1000,1000,0,0,0,0
1785436259.4659731,idle_post,0,1000,1000,0.0,0.0,126067171,1000,1000,1000,1000,0,0,0,0
1785436259.4837244,idle_post,0,1000,1000,0.0,0.0,126085181,1000,1000,1000,1000,0,0,0,0
1785436259.5059826,idle_post,0,1000,1000,0.0,0.0,126104603,1000,1000,1000,1000,0,0,0,0
1785436259.527742,idle_post,0,1000,1000,0.0,0.0,126124064,1000,1000,1000,1000,0,0,0,0
1785436259.5445683,idle_post,0,1000,1000,0.0,0.0,126145075,1000,1000,1000,1000,0,0,0,0
1785436259.566068,idle_post,0,1000,1000,0.0,0.0,126164505,1000,1000,1000,1000,0,0,0,0
1785436259.5827394,idle_post,0,1000,1000,0.0,0.0,126183964,1000,1000,1000,1000,0,0,0,0
1785436259.6047642,idle_post,0,1000,1000,0.0,0.0,126204971,1000,1000,1000,1000,0,0,0,0
1785436259.6285033,idle_post,0,1000,1000,0.0,0.0,126224399,1000,1000,1000,1000,0,0,0,0
1785436259.6427946,idle_post,0,1000,1000,0.0,0.0,126243864,1000,1000,1000,1000,0,0,0,0
1785436259.6638205,idle_post,0,1000,1000,0.0,0.0,126264865,1000,1000,1000,1000,0,0,0,0
1785436259.6860237,idle_post,0,1000,1000,0.0,0.0,126284296,1000,1000,1000,1000,0,0,0,0
1785436259.7055693,idle_post,0,1000,1000,0.0,0.0,126305248,1000,1000,1000,1000,0,0,0,0
1785436259.7289488,idle_post,0,1000,1000,0.0,0.0,126324761,1000,1000,1000,1000,0,0,0,0
1785436259.745845,idle_post,0,1000,1000,0.0,0.0,126344187,1000,1000,1000,1000,0,0,0,0
1785436259.762742,idle_post,0,1000,1000,0.0,0.0,126362237,1000,1000,1000,1000,0,0,0,0
1785436259.7838542,idle_post,0,1000,1000,0.0,0.0,126384677,1000,1000,1000,1000,0,0,0,0
1785436259.8027203,idle_post,0,1000,1000,0.0,0.0,126404083,1000,1000,1000,1000,0,0,0,0
1785436259.8272426,idle_post,0,1000,1000,0.0,0.0,126425042,1000,1000,1000,1000,0,0,0,0
1785436259.8460705,idle_post,0,1000,1000,0.0,0.0,126444550,1000,1000,1000,1000,0,0,0,0
1785436259.862755,idle_post,0,1000,1000,0.0,0.0,126463975,1000,1000,1000,1000,0,0,0,0
1785436259.883723,idle_post,0,1000,1000,0.0,0.0,126484934,1000,1000,1000,1000,0,0,0,0
1785436259.9063542,idle_post,0,1000,1000,0.0,0.0,126504462,1000,1000,1000,1000,0,0,0,0
1785436259.925957,idle_post,0,1000,1000,0.0,0.0,126523873,1000,1000,1000,1000,0,0,0,0
1785436259.9437702,idle_post,0,1000,1000,0.0,0.0,126544829,1000,1000,1000,1000,0,0,0,0
1785436259.9659624,idle_post,0,1000,1000,0.0,0.0,126564348,1000,1000,1000,1000,0,0,0,0
1785436259.9844933,idle_post,0,1000,1000,0.0,0.0,126585258,1000,1000,1000,1000,0,0,0,0
1785436260.0059547,idle_post,0,1000,1000,0.0,0.0,126604725,1000,1000,1000,1000,0,0,0,0
1785436260.028424,idle_post,0,1000,1000,0.0,0.0,126624236,1000,1000,1000,1000,0,0,0,0
1785436260.0444057,idle_post,0,1000,1000,0.0,0.0,126645153,1000,1000,1000,1000,0,0,0,0
1785436260.0659602,idle_post,0,1000,1000,0.0,0.0,126664632,1000,1000,1000,1000,0,0,0,0
1785436260.083088,idle_post,0,1000,1000,0.0,0.0,126684215,1000,1000,1000,1000,0,0,0,0
1785436260.1039102,idle_post,0,1000,1000,0.0,0.0,126705164,1000,1000,1000,1000,0,0,0,0
1785436260.128544,idle_post,0,1000,1000,0.0,0.0,126724513,1000,1000,1000,1000,0,0,0,0
1785436260.1428258,idle_post,0,1000,1000,0.0,0.0,126744028,1000,1000,1000,1000,0,0,0,0
1785436260.1637952,idle_post,0,1000,1000,0.0,0.0,126764944,1000,1000,1000,1000,0,0,0,0
1785436260.186039,idle_post,0,1000,1000,0.0,0.0,126784413,1000,1000,1000,1000,0,0,0,0
1785436260.202819,idle_post,0,1000,1000,0.0,0.0,126803921,1000,1000,1000,1000,0,0,0,0
1785436260.228538,idle_post,0,1000,1000,0.0,0.0,126823359,1000,1000,1000,1000,0,0,0,0
1785436260.2437813,idle_post,0,1000,1000,0.0,0.0,126845803,1000,1000,1000,1000,0,0,0,0
1785436260.26603,idle_post,0,1000,1000,0.0,0.0,126865272,1000,1000,1000,1000,0,0,0,0
1785436260.2838738,idle_post,0,1000,1000,0.0,0.0,126883245,1000,1000,1000,1000,0,0,0,0
1785436260.306386,idle_post,0,1000,1000,0.0,0.0,126905697,1000,1000,1000,1000,0,0,0,0
1785436260.3277872,idle_post,0,1000,1000,0.0,0.0,126923710,1000,1000,1000,1000,0,0,0,0
1785436260.3437357,idle_post,0,1000,1000,0.0,0.0,126943139,1000,1000,1000,1000,0,0,0,0
1785436260.366055,idle_post,0,1000,1000,0.0,0.0,126965593,1000,1000,1000,1000,0,0,0,0
1785436260.3838093,idle_post,0,1000,1000,0.0,0.0,126983607,1000,1000,1000,1000,0,0,0,0
1785436260.405968,idle_post,0,1000,1000,0.0,0.0,127006064,1000,1000,1000,1000,0,0,0,0
1785436260.4271295,idle_post,0,1000,1000,0.0,0.0,127025492,1000,1000,1000,1000,0,0,0,0
1785436260.445984,idle_post,0,1000,1000,0.0,0.0,127046448,1000,1000,1000,1000,0,0,0,0
1785436260.4637854,idle_post,0,1000,1000,0.0,0.0,127062925,1000,1000,1000,1000,0,0,0,0
1785436260.4827788,idle_post,0,1000,1000,0.0,0.0,127083889,1000,1000,1000,1000,0,0,0,0
1785436260.5037458,idle_post,0,1000,1000,0.0,0.0,127103397,1000,1000,1000,1000,0,0,0,0
1785436260.5286372,idle_post,0,1000,1000,0.0,0.0,127125864,1000,1000,1000,1000,0,0,0,0
1785436260.5437446,idle_post,0,1000,1000,0.0,0.0,127145276,1000,1000,1000,1000,0,0,0,0
1785436260.566146,idle_post,0,1000,1000,0.0,0.0,127166241,1000,1000,1000,1000,0,0,0,0
1785436260.5828643,idle_post,0,1000,1000,0.0,0.0,127182718,1000,1000,1000,1000,0,0,0,0
1785436260.6037433,idle_post,0,1000,1000,0.0,0.0,127205178,1000,1000,1000,1000,0,0,0,0
1785436260.6287546,idle_post,0,1000,1000,0.0,0.0,127226143,1000,1000,1000,1000,0,0,0,0
1785436260.6428444,idle_post,0,1000,1000,0.0,0.0,127242612,1000,1000,1000,1000,0,0,0,0
1785436260.6638567,idle_post,0,1000,1000,0.0,0.0,127265070,1000,1000,1000,1000,0,0,0,0
1785436260.6834311,idle_post,0,1000,1000,0.0,0.0,127283084,1000,1000,1000,1000,0,0,0,0
1785436260.7057993,idle_post,0,1000,1000,0.0,0.0,127305547,1000,1000,1000,1000,0,0,0,0
1785436260.7285333,idle_post,0,1000,1000,0.0,0.0,127326463,1000,1000,1000,1000,0,0,0,0
1785436260.742851,idle_post,0,1000,1000,0.0,0.0,127342989,1000,1000,1000,1000,0,0,0,0
1785436260.763748,idle_post,0,1000,1000,0.0,0.0,127365442,1000,1000,1000,1000,0,0,0,0
1785436260.7860482,idle_post,0,1000,1000,0.0,0.0,127386364,1000,1000,1000,1000,0,0,0,0
1785436260.8027492,idle_post,0,1000,1000,0.0,0.0,127402877,1000,1000,1000,1000,0,0,0,0
1785436260.8269522,idle_post,0,1000,1000,0.0,0.0,127425442,1000,1000,1000,1000,0,0,0,0
1785436260.8459938,idle_post,0,1000,1000,0.0,0.0,127446341,1000,1000,1000,1000,0,0,0,0
1785436260.8627818,idle_post,0,1000,1000,0.0,0.0,127462770,1000,1000,1000,1000,0,0,0,0
1785436260.8843522,idle_post,0,1000,1000,0.0,0.0,127485230,1000,1000,1000,1000,0,0,0,0
1785436260.9060128,idle_post,0,1000,1000,0.0,0.0,127506151,1000,1000,1000,1000,0,0,0,0
1785436260.9262493,idle_post,0,1000,1000,0.0,0.0,127525611,1000,1000,1000,1000,0,0,0,0
1785436260.945996,idle_post,0,1000,1000,0.0,0.0,127545122,1000,1000,1000,1000,0,0,0,0
1785436260.9627526,idle_post,0,1000,1000,0.0,0.0,127563067,1000,1000,1000,1000,0,0,0,0
1785436260.9831765,idle_post,0,1000,1000,0.0,0.0,127584019,1000,1000,1000,1000,0,0,0,0
1785436261.003847,idle_post,0,1000,1000,0.0,0.0,127603487,1000,1000,1000,1000,0,0,0,0
1785436261.028554,idle_post,0,1000,1000,0.0,0.0,127625944,1000,1000,1000,1000,0,0,0,0
1785436261.0434148,idle_post,0,1000,1000,0.0,0.0,127645408,1000,1000,1000,1000,0,0,0,0
1785436261.0638628,idle_post,0,1000,1000,0.0,0.0,127663379,1000,1000,1000,1000,0,0,0,0
1785436261.0860147,idle_post,0,1000,1000,0.0,0.0,127685836,1000,1000,1000,1000,0,0,0,0
1785436261.1027675,idle_post,0,1000,1000,0.0,0.0,127703804,1000,1000,1000,1000,0,0,0,0
1785436261.1291246,idle_post,0,1000,1000,0.0,0.0,127723369,1000,1000,1000,1000,0,0,0,0
1785436261.147465,idle_post,0,1000,1000,0.0,0.0,127745730,1000,1000,1000,1000,0,0,0,0
1785436261.1628625,idle_post,0,1000,1000,0.0,0.0,127763702,1000,1000,1000,1000,0,0,0,0
1785436261.1861188,idle_post,0,1000,1000,0.0,0.0,127786160,1000,1000,1000,1000,0,0,0,0
1785436261.202842,idle_post,0,1000,1000,0.0,0.0,127801132,1000,1000,1000,1000,0,0,0,0
1785436261.228981,idle_post,0,1000,1000,0.0,0.0,127825086,1000,1000,1000,1000,0,0,0,0
1785436261.2460487,idle_post,0,1000,1000,0.0,0.0,127844600,1000,1000,1000,1000,0,0,0,0
1785436261.2633717,idle_post,0,1000,1000,0.0,0.0,127864020,1000,1000,1000,1000,0,0,0,0
1785436261.2846327,idle_post,0,1000,1000,0.0,0.0,127884985,1000,1000,1000,1000,0,0,0,0
1785436261.3060155,idle_post,0,1000,1000,0.0,0.0,127904495,1000,1000,1000,1000,0,0,0,0
1785436261.327865,idle_post,0,1000,1000,0.0,0.0,127923910,1000,1000,1000,1000,0,0,0,0
1785436261.3439069,idle_post,0,1000,1000,0.0,0.0,127944982,1000,1000,1000,1000,0,0,0,0
1785436261.3660705,idle_post,0,1000,1000,0.0,0.0,127964393,1000,1000,1000,1000,0,0,0,0
1785436261.3827794,idle_post,0,1000,1000,0.0,0.0,127982314,1000,1000,1000,1000,0,0,0,0
1785436261.4038758,idle_post,0,1000,1000,0.0,0.0,128004772,1000,1000,1000,1000,0,0,0,0
1785436261.4280753,idle_post,0,1000,1000,0.0,0.0,128024286,1000,1000,1000,1000,0,0,0,0
1785436261.442809,idle_post,0,1000,1000,0.0,0.0,128042240,1000,1000,1000,1000,0,0,0,0
1785436261.4639626,idle_post,0,1000,1000,0.0,0.0,128064668,1000,1000,1000,1000,0,0,0,0
1785436261.4860492,idle_post,0,1000,1000,0.0,0.0,128084180,1000,1000,1000,1000,0,0,0,0
1785436261.5060112,idle_post,0,1000,1000,0.0,0.0,128106638,1000,1000,1000,1000,0,0,0,0
1785436261.5274343,idle_post,0,1000,1000,0.0,0.0,128124565,1000,1000,1000,1000,0,0,0,0
1785436261.544845,idle_post,0,1000,1000,0.0,0.0,128144075,1000,1000,1000,1000,0,0,0,0
1785436261.56621,idle_post,0,1000,1000,0.0,0.0,128166599,1000,1000,1000,1000,0,0,0,0
1785436261.5845857,idle_post,0,1000,1000,0.0,0.0,128184459,1000,1000,1000,1000,0,0,0,0
1785436261.6027758,idle_post,0,1000,1000,0.0,0.0,128203973,1000,1000,1000,1000,0,0,0,0
1785436261.6269455,idle_post,0,1000,1000,0.0,0.0,128226437,1000,1000,1000,1000,0,0,0,0
1785436261.6460228,idle_post,0,1000,1000,0.0,0.0,128244389,1000,1000,1000,1000,0,0,0,0
1785436261.6633341,idle_post,0,1000,1000,0.0,0.0,128263868,1000,1000,1000,1000,0,0,0,0
1785436261.6839068,idle_post,0,1000,1000,0.0,0.0,128284795,1000,1000,1000,1000,0,0,0,0
1785436261.706029,idle_post,0,1000,1000,0.0,0.0,128304252,1000,1000,1000,1000,0,0,0,0
1785436261.7278526,idle_post,0,1000,1000,0.0,0.0,128322217,1000,1000,1000,1000,0,0,0,0
1785436261.7444675,idle_post,0,1000,1000,0.0,0.0,128344687,1000,1000,1000,1000,0,0,0,0
1785436261.766021,idle_post,0,1000,1000,0.0,0.0,128367141,1000,1000,1000,1000,0,0,0,0
1785436261.7829032,idle_post,0,1000,1000,0.0,0.0,128382120,1000,1000,1000,1000,0,0,0,0
1785436261.8028371,idle_post,0,1000,1000,0.0,0.0,128404579,1000,1000,1000,1000,0,0,0,0
1785436261.8281744,idle_post,0,1000,1000,0.0,0.0,128424041,1000,1000,1000,1000,0,0,0,0
1785436261.844653,idle_post,0,1000,1000,0.0,0.0,128445007,1000,1000,1000,1000,0,0,0,0
1785436261.866496,idle_post,0,1000,1000,0.0,0.0,128464558,1000,1000,1000,1000,0,0,0,0
1785436261.8827844,idle_post,0,1000,1000,0.0,0.0,128483933,1000,1000,1000,1000,0,0,0,0
1785436261.9038873,idle_post,0,1000,1000,0.0,0.0,128504894,1000,1000,1000,1000,0,0,0,0
1785436261.92858,idle_post,0,1000,1000,0.0,0.0,128524371,1000,1000,1000,1000,0,0,0,0
1785436261.9428034,idle_post,0,1000,1000,0.0,0.0,128542349,1000,1000,1000,1000,0,0,0,0
1785436261.9654987,idle_post,0,1000,1000,0.0,0.0,128564792,1000,1000,1000,1000,0,0,0,0
1785436261.9861262,idle_post,0,1000,1000,0.0,0.0,128584266,1000,1000,1000,1000,0,0,0,0
1785436262.0031662,idle_post,0,1000,1000,0.0,0.0,128602231,1000,1000,1000,1000,0,0,0,0
1785436262.0265088,idle_post,0,1000,1000,0.0,0.0,128624688,1000,1000,1000,1000,0,0,0,0
1785436262.0470512,idle_post,0,1000,1000,0.0,0.0,128647149,1000,1000,1000,1000,0,0,0,0
1785436262.0638142,idle_post,0,1000,1000,0.0,0.0,128665122,1000,1000,1000,1000,0,0,0,0
1785436262.0830631,idle_post,0,1000,1000,0.0,0.0,128684585,1000,1000,1000,1000,0,0,0,0
1785436262.1037984,idle_post,0,1000,1000,0.0,0.0,128704056,1000,1000,1000,1000,0,0,0,0
1785436262.1280096,idle_post,0,1000,1000,0.0,0.0,128725014,1000,1000,1000,1000,0,0,0,0
1785436262.144432,idle_post,0,1000,1000,0.0,0.0,128744484,1000,1000,1000,1000,0,0,0,0
1785436262.1629148,idle_post,0,1000,1000,0.0,0.0,128763944,1000,1000,1000,1000,0,0,0,0
1785436262.1846716,idle_post,0,1000,1000,0.0,0.0,128784905,1000,1000,1000,1000,0,0,0,0
1785436262.2061355,idle_post,0,1000,1000,0.0,0.0,128804376,1000,1000,1000,1000,0,0,0,0
1785436262.2303317,idle_post,0,1000,1000,0.0,0.0,128825393,1000,1000,1000,1000,0,0,0,0
1785436262.2438333,idle_post,0,1000,1000,0.0,0.0,128843307,1000,1000,1000,1000,0,0,0,0
1785436262.2661054,idle_post,0,1000,1000,0.0,0.0,128865772,1000,1000,1000,1000,0,0,0,0
1785436262.282812,idle_post,0,1000,1000,0.0,0.0,128883740,1000,1000,1000,1000,0,0,0,0
1785436262.3038838,idle_post,0,1000,1000,0.0,0.0,128903203,1000,1000,1000,1000,0,0,0,0
1785436262.3286288,idle_post,0,1000,1000,0.0,0.0,128925665,1000,1000,1000,1000,0,0,0,0
1785436262.3438256,idle_post,0,1000,1000,0.0,0.0,128945170,1000,1000,1000,1000,0,0,0,0
1785436262.3660364,idle_post,0,1000,1000,0.0,0.0,128966112,1000,1000,1000,1000,0,0,0,0
1785436262.3828285,idle_post,0,1000,1000,0.0,0.0,128982612,1000,1000,1000,1000,0,0,0,0
1785436262.4045842,idle_post,0,1000,1000,0.0,0.0,129005069,1000,1000,1000,1000,0,0,0,0
1785436262.42862,idle_post,0,1000,1000,0.0,0.0,129025986,1000,1000,1000,1000,0,0,0,0
1785436262.4428163,idle_post,0,1000,1000,0.0,0.0,129043956,1000,1000,1000,1000,0,0,0,0
1785436262.463803,idle_post,0,1000,1000,0.0,0.0,129063427,1000,1000,1000,1000,0,0,0,0
1785436262.4860487,idle_post,0,1000,1000,0.0,0.0,129085881,1000,1000,1000,1000,0,0,0,0
1785436262.5028625,idle_post,0,1000,1000,0.0,0.0,129103852,1000,1000,1000,1000,0,0,0,0
1785436262.5286202,idle_post,0,1000,1000,0.0,0.0,129126309,1000,1000,1000,1000,0,0,0,0
1785436262.5428386,idle_post,0,1000,1000,0.0,0.0,129142787,1000,1000,1000,1000,0,0,0,0
1785436262.563813,idle_post,0,1000,1000,0.0,0.0,129165248,1000,1000,1000,1000,0,0,0,0
1785436262.5828233,idle_post,0,1000,1000,0.0,0.0,129183245,1000,1000,1000,1000,0,0,0,0
1785436262.6060674,idle_post,0,1000,1000,0.0,0.0,129205738,1000,1000,1000,1000,0,0,0,0
1785436262.628087,idle_post,0,1000,1000,0.0,0.0,129225146,1000,1000,1000,1000,0,0,0,0
1785436262.645556,idle_post,0,1000,1000,0.0,0.0,129246101,1000,1000,1000,1000,0,0,0,0
1785436262.6636846,idle_post,0,1000,1000,0.0,0.0,129265573,1000,1000,1000,1000,0,0,0,0
1785436262.683896,idle_post,0,1000,1000,0.0,0.0,129283538,1000,1000,1000,1000,0,0,0,0
1785436262.7060678,idle_post,0,1000,1000,0.0,0.0,129305997,1000,1000,1000,1000,0,0,0,0
1785436262.7279546,idle_post,0,1000,1000,0.0,0.0,129323967,1000,1000,1000,1000,0,0,0,0
1785436262.7444499,idle_post,0,1000,1000,0.0,0.0,129343433,1000,1000,1000,1000,0,0,0,0
1785436262.7660568,idle_post,0,1000,1000,0.0,0.0,129365888,1000,1000,1000,1000,0,0,0,0
1785436262.7828505,idle_post,0,1000,1000,0.0,0.0,129383862,1000,1000,1000,1000,0,0,0,0
1785436262.8038585,idle_post,0,1000,1000,0.0,0.0,129403327,1000,1000,1000,1000,0,0,0,0
1785436262.8286533,idle_post,0,1000,1000,0.0,0.0,129425787,1000,1000,1000,1000,0,0,0,0
1785436262.8428378,idle_post,0,1000,1000,0.0,0.0,129443750,1000,1000,1000,1000,0,0,0,0
1785436262.8638146,idle_post,0,1000,1000,0.0,0.0,129463221,1000,1000,1000,1000,0,0,0,0
1785436262.8860896,idle_post,0,1000,1000,0.0,0.0,129485679,1000,1000,1000,1000,0,0,0,0
1785436262.9039664,idle_post,0,1000,1000,0.0,0.0,129505147,1000,1000,1000,1000,0,0,0,0
1785436262.928624,idle_post,0,1000,1000,0.0,0.0,129526111,1000,1000,1000,1000,0,0,0,0
1785436262.942857,idle_post,0,1000,1000,0.0,0.0,129542585,1000,1000,1000,1000,0,0,0,0
1785436262.963815,idle_post,0,1000,1000,0.0,0.0,129563551,1000,1000,1000,1000,0,0,0,0
1785436262.9860482,idle_post,0,1000,1000,0.0,0.0,129586008,1000,1000,1000,1000,0,0,0,0
1785436263.0028377,idle_post,0,1000,1000,0.0,0.0,129604016,1000,1000,1000,1000,0,0,0,0
1785436263.0272584,idle_post,0,1000,1000,0.0,0.0,129623443,1000,1000,1000,1000,0,0,0,0
1785436263.0460815,idle_post,0,1000,1000,0.0,0.0,129645905,1000,1000,1000,1000,0,0,0,0
1785436263.0628679,idle_post,0,1000,1000,0.0,0.0,129663918,1000,1000,1000,1000,0,0,0,0
1785436263.083834,idle_post,0,1000,1000,0.0,0.0,129683340,1000,1000,1000,1000,0,0,0,0
1785436263.106056,idle_post,0,1000,1000,0.0,0.0,129705794,1000,1000,1000,1000,0,0,0,0
1785436263.1279085,idle_post,0,1000,1000,0.0,0.0,129723808,1000,1000,1000,1000,0,0,0,0
1785436263.1461148,idle_post,0,1000,1000,0.0,0.0,129746274,1000,1000,1000,1000,0,0,0,0
1785436263.1632762,idle_post,0,1000,1000,0.0,0.0,129762693,1000,1000,1000,1000,0,0,0,0
1785436263.1839044,idle_post,0,1000,1000,0.0,0.0,129785153,1000,1000,1000,1000,0,0,0,0
1785436263.2091963,idle_post,0,1000,1000,0.0,0.0,129806169,1000,1000,1000,1000,0,0,0,0
1785436263.2296684,idle_post,0,1000,1000,0.0,0.0,129824090,1000,1000,1000,1000,0,0,0,0
1785436263.246336,idle_post,0,1000,1000,0.0,0.0,129846553,1000,1000,1000,1000,0,0,0,0
1785436263.264647,idle_post,0,1000,1000,0.0,0.0,129864516,1000,1000,1000,1000,0,0,0,0
1785436263.283023,idle_post,0,1000,1000,0.0,0.0,129883997,1000,1000,1000,1000,0,0,0,0
1785436263.3038666,idle_post,0,1000,1000,0.0,0.0,129904946,1000,1000,1000,1000,0,0,0,0
1785436263.3287253,idle_post,0,1000,1000,0.0,0.0,129924417,1000,1000,1000,1000,0,0,0,0
1785436263.343632,idle_post,0,1000,1000,0.0,0.0,129943886,1000,1000,1000,1000,0,0,0,0
1785436263.3644059,idle_post,0,1000,1000,0.0,0.0,129964842,1000,1000,1000,1000,0,0,0,0
1785436263.3861632,idle_post,0,1000,1000,0.0,0.0,129984310,1000,1000,1000,1000,0,0,0,0
1785436263.4028502,idle_post,0,1000,1000,0.0,0.0,130002335,1000,1000,1000,1000,0,0,0,0
1785436263.427719,idle_post,0,1000,1000,0.0,0.0,130024738,1000,1000,1000,1000,0,0,0,0
1785436263.4460819,idle_post,0,1000,1000,0.0,0.0,130044204,1000,1000,1000,1000,0,0,0,0
1785436263.463146,idle_post,0,1000,1000,0.0,0.0,130062180,1000,1000,1000,1000,0,0,0,0
1785436263.4829555,idle_post,0,1000,1000,0.0,0.0,130081644,1000,1000,1000,1000,0,0,0,0
1785436263.5028386,idle_post,0,1000,1000,0.0,0.0,130104101,1000,1000,1000,1000,0,0,0,0
1785436263.5291,idle_post,0,1000,1000,0.0,0.0,130126561,1000,1000,1000,1000,0,0,0,0
1785436263.5450745,idle_post,0,1000,1000,0.0,0.0,130144526,1000,1000,1000,1000,0,0,0,0
1785436263.563276,idle_post,0,1000,1000,0.0,0.0,130164003,1000,1000,1000,1000,0,0,0,0
1785436263.583838,idle_post,0,1000,1000,0.0,0.0,130184960,1000,1000,1000,1000,0,0,0,0
1785436263.606262,idle_post,0,1000,1000,0.0,0.0,130204423,1000,1000,1000,1000,0,0,0,0
1785436263.6281328,idle_post,0,1000,1000,0.0,0.0,130223959,1000,1000,1000,1000,0,0,0,0
1785436263.6438644,idle_post,0,1000,1000,0.0,0.0,130244880,1000,1000,1000,1000,0,0,0,0
1785436263.6662147,idle_post,0,1000,1000,0.0,0.0,130264324,1000,1000,1000,1000,0,0,0,0
1785436263.6828604,idle_post,0,1000,1000,0.0,0.0,130282290,1000,1000,1000,1000,0,0,0,0
1785436263.7058437,idle_post,0,1000,1000,0.0,0.0,130304749,1000,1000,1000,1000,0,0,0,0
1785436263.7286172,idle_post,0,1000,1000,0.0,0.0,130324217,1000,1000,1000,1000,0,0,0,0
1785436263.7438457,idle_post,0,1000,1000,0.0,0.0,130345226,1000,1000,1000,1000,0,0,0,0
1785436263.762841,idle_post,0,1000,1000,0.0,0.0,130364642,1000,1000,1000,1000,0,0,0,0
1785436263.783852,idle_post,0,1000,1000,0.0,0.0,130384105,1000,1000,1000,1000,0,0,0,0
1785436263.80301,idle_post,0,1000,1000,0.0,0.0,130402080,1000,1000,1000,1000,0,0,0,0
1785436263.8288486,idle_post,0,1000,1000,0.0,0.0,130424540,1000,1000,1000,1000,0,0,0,0
1785436263.8428445,idle_post,0,1000,1000,0.0,0.0,130444003,1000,1000,1000,1000,0,0,0,0
1785436263.8648965,idle_post,0,1000,1000,0.0,0.0,130466508,1000,1000,1000,1000,0,0,0,0
1785436263.882862,idle_post,0,1000,1000,0.0,0.0,130484433,1000,1000,1000,1000,0,0,0,0
1785436263.904507,idle_post,0,1000,1000,0.0,0.0,130503899,1000,1000,1000,1000,0,0,0,0
1785436263.9286764,idle_post,0,1000,1000,0.0,0.0,130524911,1000,1000,1000,1000,0,0,0,0
1785436263.9445126,idle_post,0,1000,1000,0.0,0.0,130544326,1000,1000,1000,1000,0,0,0,0
1785436263.963544,idle_post,0,1000,1000,0.0,0.0,130565290,1000,1000,1000,1000,0,0,0,0
1785436263.983867,idle_post,0,1000,1000,0.0,0.0,130584810,1000,1000,1000,1000,0,0,0,0
1785436264.0060966,idle_post,0,1000,1000,0.0,0.0,130604227,1000,1000,1000,1000,0,0,0,0
1785436264.0265932,idle_post,0,1000,1000,0.0,0.0,130625192,1000,1000,1000,1000,0,0,0,0
1785436264.0461235,idle_post,0,1000,1000,0.0,0.0,130644700,1000,1000,1000,1000,0,0,0,0
1785436264.0628507,idle_post,0,1000,1000,0.0,0.0,130664117,1000,1000,1000,1000,0,0,0,0
1785436264.0872567,idle_post,0,1000,1000,0.0,0.0,130686586,1000,1000,1000,1000,0,0,0,0
1785436264.1060982,idle_post,0,1000,1000,0.0,0.0,130704611,1000,1000,1000,1000,0,0,0,0
1785436264.1279337,idle_post,0,1000,1000,0.0,0.0,130724013,1000,1000,1000,1000,0,0,0,0
1785436264.1439443,idle_post,0,1000,1000,0.0,0.0,130745010,1000,1000,1000,1000,0,0,0,0
1785436264.164,idle_post,0,1000,1000,0.0,0.0,130764503,1000,1000,1000,1000,0,0,0,0
1785436264.1862094,idle_post,0,1000,1000,0.0,0.0,130783909,1000,1000,1000,1000,0,0,0,0
1785436264.2028923,idle_post,0,1000,1000,0.0,0.0,130801927,1000,1000,1000,1000,0,0,0,0
1785436264.2310743,idle_post,0,1000,1000,0.0,0.0,130825837,1000,1000,1000,1000,0,0,0,0
1785436264.2429752,idle_post,0,1000,1000,0.0,0.0,130843806,1000,1000,1000,1000,0,0,0,0
1785436264.263925,idle_post,0,1000,1000,0.0,0.0,130863273,1000,1000,1000,1000,0,0,0,0
1785436264.2863052,idle_post,0,1000,1000,0.0,0.0,130885733,1000,1000,1000,1000,0,0,0,0
1785436264.3029015,idle_post,0,1000,1000,0.0,0.0,130903699,1000,1000,1000,1000,0,0,0,0
1785436264.3263822,idle_post,0,1000,1000,0.0,0.0,130926164,1000,1000,1000,1000,0,0,0,0
1785436264.342931,idle_post,0,1000,1000,0.0,0.0,130942635,1000,1000,1000,1000,0,0,0,0
1785436264.3639264,idle_post,0,1000,1000,0.0,0.0,130965135,1000,1000,1000,1000,0,0,0,0
1785436264.3863688,idle_post,0,1000,1000,0.0,0.0,130986076,1000,1000,1000,1000,0,0,0,0
1785436264.4029305,idle_post,0,1000,1000,0.0,0.0,131004073,1000,1000,1000,1000,0,0,0,0
1785436264.4266453,idle_post,0,1000,1000,0.0,0.0,131023491,1000,1000,1000,1000,0,0,0,0
1785436264.4463093,idle_post,0,1000,1000,0.0,0.0,131045958,1000,1000,1000,1000,0,0,0,0
1785436264.4629169,idle_post,0,1000,1000,0.0,0.0,131063969,1000,1000,1000,1000,0,0,0,0
1785436264.4839208,idle_post,0,1000,1000,0.0,0.0,131083384,1000,1000,1000,1000,0,0,0,0
1785436264.5061529,idle_post,0,1000,1000,0.0,0.0,131105848,1000,1000,1000,1000,0,0,0,0
1785436264.5279427,idle_post,0,1000,1000,0.0,0.0,131123870,1000,1000,1000,1000,0,0,0,0
1785436264.5457878,idle_post,0,1000,1000,0.0,0.0,131146325,1000,1000,1000,1000,0,0,0,0
1785436264.5667853,idle_post,0,1000,1000,0.0,0.0,131165833,1000,1000,1000,1000,0,0,0,0
1785436264.5839117,idle_post,0,1000,1000,0.0,0.0,131185205,1000,1000,1000,1000,0,0,0,0
1785436264.6061132,idle_post,0,1000,1000,0.0,0.0,131206216,1000,1000,1000,1000,0,0,0,0
1785436264.62624,idle_post,0,1000,1000,0.0,0.0,131222643,1000,1000,1000,1000,0,0,0,0
1785436264.6447277,idle_post,0,1000,1000,0.0,0.0,131245103,1000,1000,1000,1000,0,0,0,0
1785436264.666232,idle_post,0,1000,1000,0.0,0.0,131266109,1000,1000,1000,1000,0,0,0,0
1785436264.682953,idle_post,0,1000,1000,0.0,0.0,131282537,1000,1000,1000,1000,0,0,0,0
1785436264.7038949,idle_post,0,1000,1000,0.0,0.0,131303553,1000,1000,1000,1000,0,0,0,0
1785436264.7287703,idle_post,0,1000,1000,0.0,0.0,131326005,1000,1000,1000,1000,0,0,0,0
1785436264.742887,idle_post,0,1000,1000,0.0,0.0,131343933,1000,1000,1000,1000,0,0,0,0
1785436264.763869,idle_post,0,1000,1000,0.0,0.0,131363445,1000,1000,1000,1000,0,0,0,0
1785436264.7834685,idle_post,0,1000,1000,0.0,0.0,131382865,1000,1000,1000,1000,0,0,0,0
1785436264.8039389,idle_post,0,1000,1000,0.0,0.0,131405328,1000,1000,1000,1000,0,0,0,0
1785436264.8289793,idle_post,0,1000,1000,0.0,0.0,131426285,1000,1000,1000,1000,0,0,0,0
1785436264.8429942,idle_post,0,1000,1000,0.0,0.0,131442850,1000,1000,1000,1000,0,0,0,0
1785436264.8633056,idle_post,0,1000,1000,0.0,0.0,131463774,1000,1000,1000,1000,0,0,0,0
1785436264.8839042,idle_post,0,1000,1000,0.0,0.0,131483236,1000,1000,1000,1000,0,0,0,0
1785436264.9061112,idle_post,0,1000,1000,0.0,0.0,131505693,1000,1000,1000,1000,0,0,0,0
1785436264.9289663,idle_post,0,1000,1000,0.0,0.0,131525117,1000,1000,1000,1000,0,0,0,0
1785436264.9461095,idle_post,0,1000,1000,0.0,0.0,131546077,1000,1000,1000,1000,0,0,0,0
1785436264.9629688,idle_post,0,1000,1000,0.0,0.0,131562544,1000,1000,1000,1000,0,0,0,0
1785436264.9860187,idle_post,0,1000,1000,0.0,0.0,131586508,1000,1000,1000,1000,0,0,0,0
1785436265.00288,idle_post,0,1000,1000,0.0,0.0,131603030,1000,1000,1000,1000,0,0,0,0
1785436265.0265908,idle_post,0,1000,1000,0.0,0.0,131625486,1000,1000,1000,1000,0,0,0,0
1785436265.0461698,idle_post,0,1000,1000,0.0,0.0,131646403,1000,1000,1000,1000,0,0,0,0
1785436265.0644975,idle_post,0,1000,1000,0.0,0.0,131665869,1000,1000,1000,1000,0,0,0,0
1785436265.086113,idle_post,0,1000,1000,0.0,0.0,131685440,1000,1000,1000,1000,0,0,0,0
1785436265.1039896,idle_post,0,1000,1000,0.0,0.0,131703306,1000,1000,1000,1000,0,0,0,0
1785436265.1290398,idle_post,0,1000,1000,0.0,0.0,131725761,1000,1000,1000,1000,0,0,0,0
1785436265.1428854,idle_post,0,1000,1000,0.0,0.0,131743729,1000,1000,1000,1000,0,0,0,0
1785436265.1671765,idle_post,0,1000,1000,0.0,0.0,131767740,1000,1000,1000,1000,0,0,0,0
1785436265.1862075,idle_post,0,1000,1000,0.0,0.0,131785656,1000,1000,1000,1000,0,0,0,0
1785436265.2061172,idle_post,0,1000,1000,0.0,0.0,131805168,1000,1000,1000,1000,0,0,0,0
1785436265.2301576,idle_post,0,1000,1000,0.0,0.0,131823089,1000,1000,1000,1000,0,0,0,0
1785436265.246507,idle_post,0,1000,1000,0.0,0.0,131847054,1000,1000,1000,1000,0,0,0,0
1785436265.2635865,idle_post,0,1000,1000,0.0,0.0,131865164,1000,1000,1000,1000,0,0,0,0
1785436265.2834249,idle_post,0,1000,1000,0.0,0.0,131884487,1000,1000,1000,1000,0,0,0,0
1785436265.3041458,idle_post,0,1000,1000,0.0,0.0,131903953,1000,1000,1000,1000,0,0,0,0
1785436265.326424,idle_post,0,1000,1000,0.0,0.0,131924962,1000,1000,1000,1000,0,0,0,0
1785436265.3429642,idle_post,0,1000,1000,0.0,0.0,131944383,1000,1000,1000,1000,0,0,0,0
1785436265.366253,idle_post,0,1000,1000,0.0,0.0,131966842,1000,1000,1000,1000,0,0,0,0
1785436265.3845983,idle_post,0,1000,1000,0.0,0.0,131984855,1000,1000,1000,1000,0,0,0,0
1785436265.4062653,idle_post,0,1000,1000,0.0,0.0,132004293,1000,1000,1000,1000,0,0,0,0
1785436265.4280138,idle_post,0,1000,1000,0.0,0.0,132022293,1000,1000,1000,1000,0,0,0,0
1785436265.4440613,idle_post,0,1000,1000,0.0,0.0,132044748,1000,1000,1000,1000,0,0,0,0
1785436265.4665694,idle_post,0,1000,1000,0.0,0.0,132067213,1000,1000,1000,1000,0,0,0,0
1785436265.4829297,idle_post,0,1000,1000,0.0,0.0,132082190,1000,1000,1000,1000,0,0,0,0
1785436265.5040028,idle_post,0,1000,1000,0.0,0.0,132104652,1000,1000,1000,1000,0,0,0,0
1785436265.5299344,idle_post,0,1000,1000,0.0,0.0,132127108,1000,1000,1000,1000,0,0,0,0
1785436265.5439062,idle_post,0,1000,1000,0.0,0.0,132145030,1000,1000,1000,1000,0,0,0,0
1785436265.566276,idle_post,0,1000,1000,0.0,0.0,132164539,1000,1000,1000,1000,0,0,0,0
1785436265.5829399,idle_post,0,1000,1000,0.0,0.0,132184047,1000,1000,1000,1000,0,0,0,0
1785436265.6062407,idle_post,0,1000,1000,0.0,0.0,132206422,1000,1000,1000,1000,0,0,0,0
1785436265.6281807,idle_post,0,1000,1000,0.0,0.0,132224434,1000,1000,1000,1000,0,0,0,0
1785436265.6439214,idle_post,0,1000,1000,0.0,0.0,132243861,1000,1000,1000,1000,0,0,0,0
1785436265.6662962,idle_post,0,1000,1000,0.0,0.0,132266317,1000,1000,1000,1000,0,0,0,0
1785436265.6829388,idle_post,0,1000,1000,0.0,0.0,132284330,1000,1000,1000,1000,0,0,0,0
1785436265.7039163,idle_post,0,1000,1000,0.0,0.0,132305250,1000,1000,1000,1000,0,0,0,0
1785436265.7291327,idle_post,0,1000,1000,0.0,0.0,132324719,1000,1000,1000,1000,0,0,0,0
1785436265.7429054,idle_post,0,1000,1000,0.0,0.0,132344223,1000,1000,1000,1000,0,0,0,0
1785436265.7629182,idle_post,0,1000,1000,0.0,0.0,132362152,1000,1000,1000,1000,0,0,0,0
1785436265.7872858,idle_post,0,1000,1000,0.0,0.0,132384615,1000,1000,1000,1000,0,0,0,0
1785436265.8029065,idle_post,0,1000,1000,0.0,0.0,132404119,1000,1000,1000,1000,0,0,0,0
1785436265.826625,idle_post,0,1000,1000,0.0,0.0,132425041,1000,1000,1000,1000,0,0,0,0
1785436265.8462656,idle_post,0,1000,1000,0.0,0.0,132444505,1000,1000,1000,1000,0,0,0,0
1785436265.8629205,idle_post,0,1000,1000,0.0,0.0,132464021,1000,1000,1000,1000,0,0,0,0
1785436265.8847053,idle_post,0,1000,1000,0.0,0.0,132484936,1000,1000,1000,1000,0,0,0,0
1785436265.9062793,idle_post,0,1000,1000,0.0,0.0,132504398,1000,1000,1000,1000,0,0,0,0
1785436265.928612,idle_post,0,1000,1000,0.0,0.0,132523910,1000,1000,1000,1000,0,0,0,0
1785436265.9439087,idle_post,0,1000,1000,0.0,0.0,132544829,1000,1000,1000,1000,0,0,0,0
1785436265.966243,idle_post,0,1000,1000,0.0,0.0,132564301,1000,1000,1000,1000,0,0,0,0
1785436265.9835107,idle_post,0,1000,1000,0.0,0.0,132583806,1000,1000,1000,1000,0,0,0,0
1785436266.0039113,idle_post,0,1000,1000,0.0,0.0,132604726,1000,1000,1000,1000,0,0,0,0
1785436266.0289135,idle_post,0,1000,1000,0.0,0.0,132627288,1000,1000,1000,1000,0,0,0,0
1785436266.042912,idle_post,0,1000,1000,0.0,0.0,132642165,1000,1000,1000,1000,0,0,0,0
1785436266.063911,idle_post,0,1000,1000,0.0,0.0,132664621,1000,1000,1000,1000,0,0,0,0
1785436266.0874937,idle_post,0,1000,1000,0.0,0.0,132687086,1000,1000,1000,1000,0,0,0,0
1785436266.1039774,idle_post,0,1000,1000,0.0,0.0,132705054,1000,1000,1000,1000,0,0,0,0
1785436266.1287613,idle_post,0,1000,1000,0.0,0.0,132727511,1000,1000,1000,1000,0,0,0,0
1785436266.1429172,idle_post,0,1000,1000,0.0,0.0,132743980,1000,1000,1000,1000,0,0,0,0
1785436266.1639688,idle_post,0,1000,1000,0.0,0.0,132764952,1000,1000,1000,1000,0,0,0,0
1785436266.186192,idle_post,0,1000,1000,0.0,0.0,132784413,1000,1000,1000,1000,0,0,0,0
1785436266.203485,idle_post,0,1000,1000,0.0,0.0,132803878,1000,1000,1000,1000,0,0,0,0
1785436266.2287998,idle_post,0,1000,1000,0.0,0.0,132824845,1000,1000,1000,1000,0,0,0,0
1785436266.2461803,idle_post,0,1000,1000,0.0,0.0,132845847,1000,1000,1000,1000,0,0,0,0
1785436266.2629461,idle_post,0,1000,1000,0.0,0.0,132863770,1000,1000,1000,1000,0,0,0,0
1785436266.2839515,idle_post,0,1000,1000,0.0,0.0,132883376,1000,1000,1000,1000,0,0,0,0
1785436266.3061554,idle_post,0,1000,1000,0.0,0.0,132905743,1000,1000,1000,1000,0,0,0,0
1785436266.3279285,idle_post,0,1000,1000,0.0,0.0,132925235,1000,1000,1000,1000,0,0,0,0
1785436266.3461974,idle_post,0,1000,1000,0.0,0.0,132946165,1000,1000,1000,1000,0,0,0,0
1785436266.3630226,idle_post,0,1000,1000,0.0,0.0,132962607,1000,1000,1000,1000,0,0,0,0
1785436266.3839774,idle_post,0,1000,1000,0.0,0.0,132985055,1000,1000,1000,1000,0,0,0,0
1785436266.4061882,idle_post,0,1000,1000,0.0,0.0,133006027,1000,1000,1000,1000,0,0,0,0
1785436266.426434,idle_post,0,1000,1000,0.0,0.0,133023992,1000,1000,1000,1000,0,0,0,0
1785436266.443948,idle_post,0,1000,1000,0.0,0.0,133043456,1000,1000,1000,1000,0,0,0,0
1785436266.4666252,idle_post,0,1000,1000,0.0,0.0,133065915,1000,1000,1000,1000,0,0,0,0
1785436266.483582,idle_post,0,1000,1000,0.0,0.0,133083889,1000,1000,1000,1000,0,0,0,0
1785436266.5039515,idle_post,0,1000,1000,0.0,0.0,133103351,1000,1000,1000,1000,0,0,0,0
1785436266.5287392,idle_post,0,1000,1000,0.0,0.0,133125813,1000,1000,1000,1000,0,0,0,0
1785436266.5429502,idle_post,0,1000,1000,0.0,0.0,133143778,1000,1000,1000,1000,0,0,0,0
1785436266.5639644,idle_post,0,1000,1000,0.0,0.0,133163250,1000,1000,1000,1000,0,0,0,0
1785436266.5832796,idle_post,0,1000,1000,0.0,0.0,133182758,1000,1000,1000,1000,0,0,0,0
1785436266.6039376,idle_post,0,1000,1000,0.0,0.0,133205219,1000,1000,1000,1000,0,0,0,0
1785436266.6287174,idle_post,0,1000,1000,0.0,0.0,133226149,1000,1000,1000,1000,0,0,0,0
1785436266.6429317,idle_post,0,1000,1000,0.0,0.0,133242655,1000,1000,1000,1000,0,0,0,0
1785436266.664036,idle_post,0,1000,1000,0.0,0.0,133265117,1000,1000,1000,1000,0,0,0,0
1785436266.6862292,idle_post,0,1000,1000,0.0,0.0,133286036,1000,1000,1000,1000,0,0,0,0
1785436266.702935,idle_post,0,1000,1000,0.0,0.0,133302551,1000,1000,1000,1000,0,0,0,0
1785436266.7286286,idle_post,0,1000,1000,0.0,0.0,133326462,1000,1000,1000,1000,0,0,0,0
1785436266.7429616,idle_post,0,1000,1000,0.0,0.0,133342933,1000,1000,1000,1000,0,0,0,0
1785436266.7657926,idle_post,0,1000,1000,0.0,0.0,133365392,1000,1000,1000,1000,0,0,0,0
1785436266.7861795,idle_post,0,1000,1000,0.0,0.0,133386354,1000,1000,1000,1000,0,0,0,0
1785436266.8029542,idle_post,0,1000,1000,0.0,0.0,133402834,1000,1000,1000,1000,0,0,0,0
1785436266.8287737,idle_post,0,1000,1000,0.0,0.0,133425288,1000,1000,1000,1000,0,0,0,0
1785436266.8429353,idle_post,0,1000,1000,0.0,0.0,133443257,1000,1000,1000,1000,0,0,0,0
1785436266.8633368,idle_post,0,1000,1000,0.0,0.0,133462728,1000,1000,1000,1000,0,0,0,0
1785436266.883938,idle_post,0,1000,1000,0.0,0.0,133485183,1000,1000,1000,1000,0,0,0,0
1785436266.9062006,idle_post,0,1000,1000,0.0,0.0,133506148,1000,1000,1000,1000,0,0,0,0
1785436266.9280164,idle_post,0,1000,1000,0.0,0.0,133522649,1000,1000,1000,1000,0,0,0,0
1785436266.9439573,idle_post,0,1000,1000,0.0,0.0,133545083,1000,1000,1000,1000,0,0,0,0
1785436266.966218,idle_post,0,1000,1000,0.0,0.0,133566065,1000,1000,1000,1000,0,0,0,0
1785436266.9829853,idle_post,0,1000,1000,0.0,0.0,133584012,1000,1000,1000,1000,0,0,0,0
1785436267.0045993,idle_post,0,1000,1000,0.0,0.0,133603486,1000,1000,1000,1000,0,0,0,0
1785436267.0287287,idle_post,0,1000,1000,0.0,0.0,133625936,1000,1000,1000,1000,0,0,0,0
1785436267.0429845,idle_post,0,1000,1000,0.0,0.0,133643904,1000,1000,1000,1000,0,0,0,0
1785436267.0662282,idle_post,0,1000,1000,0.0,0.0,133666424,1000,1000,1000,1000,0,0,0,0
1785436267.0830033,idle_post,0,1000,1000,0.0,0.0,133682838,1000,1000,1000,1000,0,0,0,0
1785436267.1066377,idle_post,0,1000,1000,0.0,0.0,133705302,1000,1000,1000,1000,0,0,0,0
1785436267.1280084,idle_post,0,1000,1000,0.0,0.0,133723270,1000,1000,1000,1000,0,0,0,0
1785436267.146191,idle_post,0,1000,1000,0.0,0.0,133745727,1000,1000,1000,1000,0,0,0,0
1785436267.163392,idle_post,0,1000,1000,0.0,0.0,133763695,1000,1000,1000,1000,0,0,0,0
1785436267.1858456,idle_post,0,1000,1000,0.0,0.0,133786163,1000,1000,1000,1000,0,0,0,0
1785436267.2039711,idle_post,0,1000,1000,0.0,0.0,133805624,1000,1000,1000,1000,0,0,0,0
1785436267.2309194,idle_post,0,1000,1000,0.0,0.0,133825098,1000,1000,1000,1000,0,0,0,0
1785436267.244714,idle_post,0,1000,1000,0.0,0.0,133846061,1000,1000,1000,1000,0,0,0,0
1785436267.2681823,idle_post,0,1000,1000,0.0,0.0,133867117,1000,1000,1000,1000,0,0,0,0
1785436267.2861922,idle_post,0,1000,1000,0.0,0.0,133884991,1000,1000,1000,1000,0,0,0,0
1785436267.3029833,idle_post,0,1000,1000,0.0,0.0,133904452,1000,1000,1000,1000,0,0,0,0
1785436267.3291495,idle_post,0,1000,1000,0.0,0.0,133925414,1000,1000,1000,1000,0,0,0,0
1785436267.343033,idle_post,0,1000,1000,0.0,0.0,133941887,1000,1000,1000,1000,0,0,0,0
1785436267.3664126,idle_post,0,1000,1000,0.0,0.0,133964396,1000,1000,1000,1000,0,0,0,0
1785436267.3829875,idle_post,0,1000,1000,0.0,0.0,133982320,1000,1000,1000,1000,0,0,0,0
1785436267.4040072,idle_post,0,1000,1000,0.0,0.0,134004778,1000,1000,1000,1000,0,0,0,0
1785436267.4288049,idle_post,0,1000,1000,0.0,0.0,134025740,1000,1000,1000,1000,0,0,0,0
1785436267.4429758,idle_post,0,1000,1000,0.0,0.0,134042211,1000,1000,1000,1000,0,0,0,0
1785436267.464052,idle_post,0,1000,1000,0.0,0.0,134064677,1000,1000,1000,1000,0,0,0,0
1785436267.486259,idle_post,0,1000,1000,0.0,0.0,134087136,1000,1000,1000,1000,0,0,0,0
1785436267.5031905,idle_post,0,1000,1000,0.0,0.0,134102116,1000,1000,1000,1000,0,0,0,0
1785436267.5280464,idle_post,0,1000,1000,0.0,0.0,134124569,1000,1000,1000,1000,0,0,0,0
1785436267.5433774,idle_post,0,1000,1000,0.0,0.0,134142542,1000,1000,1000,1000,0,0,0,0
1785436267.5662181,idle_post,0,1000,1000,0.0,0.0,134165071,1000,1000,1000,1000,0,0,0,0
1785436267.5840213,idle_post,0,1000,1000,0.0,0.0,134184471,1000,1000,1000,1000,0,0,0,0
1785436267.6029747,idle_post,0,1000,1000,0.0,0.0,134202467,1000,1000,1000,1000,0,0,0,0
1785436267.626689,idle_post,0,1000,1000,0.0,0.0,134224890,1000,1000,1000,1000,0,0,0,0
1785436267.6430225,idle_post,0,1000,1000,0.0,0.0,134244361,1000,1000,1000,1000,0,0,0,0
1785436267.6640582,idle_post,0,1000,1000,0.0,0.0,134265320,1000,1000,1000,1000,0,0,0,0
1785436267.6862102,idle_post,0,1000,1000,0.0,0.0,134284787,1000,1000,1000,1000,0,0,0,0
1785436267.7029634,idle_post,0,1000,1000,0.0,0.0,134302758,1000,1000,1000,1000,0,0,0,0
1785436267.7264829,idle_post,0,1000,1000,0.0,0.0,134325217,1000,1000,1000,1000,0,0,0,0
1785436267.7462213,idle_post,0,1000,1000,0.0,0.0,134344687,1000,1000,1000,1000,0,0,0,0
1785436267.763243,idle_post,0,1000,1000,0.0,0.0,134362652,1000,1000,1000,1000,0,0,0,0
1785436267.7839985,idle_post,0,1000,1000,0.0,0.0,134385111,1000,1000,1000,1000,0,0,0,0
1785436267.806859,idle_post,0,1000,1000,0.0,0.0,134404584,1000,1000,1000,1000,0,0,0,0
1785436267.828319,idle_post,0,1000,1000,0.0,0.0,134422546,1000,1000,1000,1000,0,0,0,0
1785436267.8440526,idle_post,0,1000,1000,0.0,0.0,134445007,1000,1000,1000,1000,0,0,0,0
1785436267.8669531,idle_post,0,1000,1000,0.0,0.0,134467473,1000,1000,1000,1000,0,0,0,0
1785436267.8836815,idle_post,0,1000,1000,0.0,0.0,134485487,1000,1000,1000,1000,0,0,0,0
1785436267.9040515,idle_post,0,1000,1000,0.0,0.0,134504900,1000,1000,1000,1000,0,0,0,0
1785436267.9287648,idle_post,0,1000,1000,0.0,0.0,134524371,1000,1000,1000,1000,0,0,0,0
1785436267.943064,idle_post,0,1000,1000,0.0,0.0,134542339,1000,1000,1000,1000,0,0,0,0
1785436267.9639676,idle_post,0,1000,1000,0.0,0.0,134564794,1000,1000,1000,1000,0,0,0,0
1785436267.9862413,idle_post,0,1000,1000,0.0,0.0,134584268,1000,1000,1000,1000,0,0,0,0
1785436268.0042062,idle_post,0,1000,1000,0.0,0.0,134605277,1000,1000,1000,1000,0,0,0,0
1785436268.0299394,idle_post,0,1000,1000,0.0,0.0,134627739,1000,1000,1000,1000,0,0,0,0
1785436268.0439904,idle_post,0,1000,1000,0.0,0.0,134645659,1000,1000,1000,1000,0,0,0,0
1785436268.0662026,idle_post,0,1000,1000,0.0,0.0,134665168,1000,1000,1000,1000,0,0,0,0
1785436268.0863097,idle_post,0,1000,1000,0.0,0.0,134684647,1000,1000,1000,1000,0,0,0,0
1785436268.1030653,idle_post,0,1000,1000,0.0,0.0,134702604,1000,1000,1000,1000,0,0,0,0
1785436268.126479,idle_post,0,1000,1000,0.0,0.0,134725061,1000,1000,1000,1000,0,0,0,0
1785436268.146234,idle_post,0,1000,1000,0.0,0.0,134744492,1000,1000,1000,1000,0,0,0,0
1785436268.1633492,idle_post,0,1000,1000,0.0,0.0,134762500,1000,1000,1000,1000,0,0,0,0
1785436268.1840096,idle_post,0,1000,1000,0.0,0.0,134784962,1000,1000,1000,1000,0,0,0,0
1785436268.2062392,idle_post,0,1000,1000,0.0,0.0,134804380,1000,1000,1000,1000,0,0,0,0
1785436268.2288697,idle_post,0,1000,1000,0.0,0.0,134825371,1000,1000,1000,1000,0,0,0,0
1785436268.2462919,idle_post,0,1000,1000,0.0,0.0,134844854,1000,1000,1000,1000,0,0,0,0
1785436268.2630155,idle_post,0,1000,1000,0.0,0.0,134864278,1000,1000,1000,1000,0,0,0,0
1785436268.2831192,idle_post,0,1000,1000,0.0,0.0,134880745,1000,1000,1000,1000,0,0,0,0
1785436268.306282,idle_post,0,1000,1000,0.0,0.0,134906261,1000,1000,1000,1000,0,0,0,0
1785436268.325932,idle_post,0,1000,1000,0.0,0.0,134924170,1000,1000,1000,1000,0,0,0,0
1785436268.3440776,idle_post,0,1000,1000,0.0,0.0,134943635,1000,1000,1000,1000,0,0,0,0
1785436268.3662527,idle_post,0,1000,1000,0.0,0.0,134966099,1000,1000,1000,1000,0,0,0,0
1785436268.383032,idle_post,0,1000,1000,0.0,0.0,134984076,1000,1000,1000,1000,0,0,0,0
1785436268.4041703,idle_post,0,1000,1000,0.0,0.0,135003531,1000,1000,1000,1000,0,0,0,0
1785436268.4283197,idle_post,0,1000,1000,0.0,0.0,135024541,1000,1000,1000,1000,0,0,0,0
1785436268.44467,idle_post,0,1000,1000,0.0,0.0,135043966,1000,1000,1000,1000,0,0,0,0
1785436268.46755,idle_post,0,1000,1000,0.0,0.0,135066425,1000,1000,1000,1000,0,0,0,0
1785436268.4863074,idle_post,0,1000,1000,0.0,0.0,135084442,1000,1000,1000,1000,0,0,0,0
1785436268.5030425,idle_post,0,1000,1000,0.0,0.0,135103860,1000,1000,1000,1000,0,0,0,0
1785436268.5267696,idle_post,0,1000,1000,0.0,0.0,135124822,1000,1000,1000,1000,0,0,0,0
1785436268.5468347,idle_post,0,1000,1000,0.0,0.0,135147283,1000,1000,1000,1000,0,0,0,0
1785436268.5633247,idle_post,0,1000,1000,0.0,0.0,135163751,1000,1000,1000,1000,0,0,0,0
1785436268.5840616,idle_post,0,1000,1000,0.0,0.0,135184724,1000,1000,1000,1000,0,0,0,0
1785436268.607239,idle_post,0,1000,1000,0.0,0.0,135207175,1000,1000,1000,1000,0,0,0,0
1785436268.6293893,idle_post,0,1000,1000,0.0,0.0,135223649,1000,1000,1000,1000,0,0,0,0
1785436268.64637,idle_post,0,1000,1000,0.0,0.0,135246105,1000,1000,1000,1000,0,0,0,0
1785436268.6634,idle_post,0,1000,1000,0.0,0.0,135264121,1000,1000,1000,1000,0,0,0,0
1785436268.6840258,idle_post,0,1000,1000,0.0,0.0,135283546,1000,1000,1000,1000,0,0,0,0
1785436268.7062402,idle_post,0,1000,1000,0.0,0.0,135306003,1000,1000,1000,1000,0,0,0,0
1785436268.7280514,idle_post,0,1000,1000,0.0,0.0,135324014,1000,1000,1000,1000,0,0,0,0
1785436268.7430093,idle_post,0,1000,1000,0.0,0.0,135341941,1000,1000,1000,1000,0,0,0,0
1785436268.7630606,idle_post,0,1000,1000,0.0,0.0,135364408,1000,1000,1000,1000,0,0,0,0
1785436268.7840106,idle_post,0,1000,1000,0.0,0.0,135383973,1000,1000,1000,1000,0,0,0,0
1785436268.8062663,idle_post,0,1000,1000,0.0,0.0,135406378,1000,1000,1000,1000,0,0,0,0
1785436268.8282866,idle_post,0,1000,1000,0.0,0.0,135424301,1000,1000,1000,1000,0,0,0,0
1785436268.8434355,idle_post,0,1000,1000,0.0,0.0,135443809,1000,1000,1000,1000,0,0,0,0
1785436268.8639987,idle_post,0,1000,1000,0.0,0.0,135464727,1000,1000,1000,1000,0,0,0,0
1785436268.8862267,idle_post,0,1000,1000,0.0,0.0,135484196,1000,1000,1000,1000,0,0,0,0
1785436268.9039981,idle_post,0,1000,1000,0.0,0.0,135503707,1000,1000,1000,1000,0,0,0,0
1785436268.9288208,idle_post,0,1000,1000,0.0,0.0,135526169,1000,1000,1000,1000,0,0,0,0
1785436268.942999,idle_post,0,1000,1000,0.0,0.0,135544092,1000,1000,1000,1000,0,0,0,0
1785436268.964016,idle_post,0,1000,1000,0.0,0.0,135563601,1000,1000,1000,1000,0,0,0,0
1785436268.9862638,idle_post,0,1000,1000,0.0,0.0,135586064,1000,1000,1000,1000,0,0,0,0
1785436269.0030065,idle_post,0,1000,1000,0.0,0.0,135603991,1000,1000,1000,1000,0,0,0,0
1785436269.0290492,idle_post,0,1000,1000,0.0,0.0,135626520,1000,1000,1000,1000,0,0,0,0
1785436269.0430367,idle_post,0,1000,1000,0.0,0.0,135644406,1000,1000,1000,1000,0,0,0,0
1785436269.0630262,idle_post,0,1000,1000,0.0,0.0,135663888,1000,1000,1000,1000,0,0,0,0
1785436269.0840063,idle_post,0,1000,1000,0.0,0.0,135684838,1000,1000,1000,1000,0,0,0,0
1785436269.1062496,idle_post,0,1000,1000,0.0,0.0,135704309,1000,1000,1000,1000,0,0,0,0
1785436269.1281655,idle_post,0,1000,1000,0.0,0.0,135723793,1000,1000,1000,1000,0,0,0,0
1785436269.145909,idle_post,0,1000,1000,0.0,0.0,135746236,1000,1000,1000,1000,0,0,0,0
1785436269.1662905,idle_post,0,1000,1000,0.0,0.0,135764227,1000,1000,1000,1000,0,0,0,0
1785436269.183035,idle_post,0,1000,1000,0.0,0.0,135783671,1000,1000,1000,1000,0,0,0,0
1785436269.2062614,idle_post,0,1000,1000,0.0,0.0,135806130,1000,1000,1000,1000,0,0,0,0
1785436269.2303107,idle_post,0,1000,1000,0.0,0.0,135824097,1000,1000,1000,1000,0,0,0,0
1785436269.2516966,idle_post,0,1000,1000,0.0,0.0,135846560,1000,1000,1000,1000,0,0,0,0
1785436269.2652664,idle_post,0,1000,1000,0.0,0.0,135866029,1000,1000,1000,1000,0,0,0,0
1785436269.28304,idle_post,0,1000,1000,0.0,0.0,135883997,1000,1000,1000,1000,0,0,0,0
1785436269.3040197,idle_post,0,1000,1000,0.0,0.0,135904967,1000,1000,1000,1000,0,0,0,0
1785436269.3288016,idle_post,0,1000,1000,0.0,0.0,135925916,1000,1000,1000,1000,0,0,0,0
1785436269.3440113,idle_post,0,1000,1000,0.0,0.0,135945434,1000,1000,1000,1000,0,0,0,0
1785436269.3662562,idle_post,0,1000,1000,0.0,0.0,135964852,1000,1000,1000,1000,0,0,0,0
1785436269.3830209,idle_post,0,1000,1000,0.0,0.0,135982867,1000,1000,1000,1000,0,0,0,0
1785436269.4058125,idle_post,0,1000,1000,0.0,0.0,136005328,1000,1000,1000,1000,0,0,0,0
1785436269.4294562,idle_post,0,1000,1000,0.0,0.0,136024747,1000,1000,1000,1000,0,0,0,0
1785436269.4431221,idle_post,0,1000,1000,0.0,0.0,136042761,1000,1000,1000,1000,0,0,0,0
1785436269.4641714,idle_post,0,1000,1000,0.0,0.0,136065230,1000,1000,1000,1000,0,0,0,0
1785436269.4864159,idle_post,0,1000,1000,0.0,0.0,136086140,1000,1000,1000,1000,0,0,0,0
1785436269.5030417,idle_post,0,1000,1000,0.0,0.0,136102662,1000,1000,1000,1000,0,0,0,0
1785436269.5288458,idle_post,0,1000,1000,0.0,0.0,136125177,1000,1000,1000,1000,0,0,0,0
1785436269.5441773,idle_post,0,1000,1000,0.0,0.0,136143047,1000,1000,1000,1000,0,0,0,0
1785436269.5631986,idle_post,0,1000,1000,0.0,0.0,136162556,1000,1000,1000,1000,0,0,0,0
1785436269.58412,idle_post,0,1000,1000,0.0,0.0,136185021,1000,1000,1000,1000,0,0,0,0
1785436269.6031415,idle_post,0,1000,1000,0.0,0.0,136202944,1000,1000,1000,1000,0,0,0,0
1785436269.628795,idle_post,0,1000,1000,0.0,0.0,136225404,1000,1000,1000,1000,0,0,0,0
1785436269.6430264,idle_post,0,1000,1000,0.0,0.0,136243372,1000,1000,1000,1000,0,0,0,0
1785436269.6642573,idle_post,0,1000,1000,0.0,0.0,136262836,1000,1000,1000,1000,0,0,0,0
1785436269.6830714,idle_post,0,1000,1000,0.0,0.0,136282343,1000,1000,1000,1000,0,0,0,0
1785436269.7040977,idle_post,0,1000,1000,0.0,0.0,136304808,1000,1000,1000,1000,0,0,0,0
1785436269.728817,idle_post,0,1000,1000,0.0,0.0,136327267,1000,1000,1000,1000,0,0,0,0
1785436269.7431233,idle_post,0,1000,1000,0.0,0.0,136342240,1000,1000,1000,1000,0,0,0,0
1785436269.764064,idle_post,0,1000,1000,0.0,0.0,136363157,1000,1000,1000,1000,0,0,0,0
1785436269.7862704,idle_post,0,1000,1000,0.0,0.0,136385616,1000,1000,1000,1000,0,0,0,0
1785436269.804787,idle_post,0,1000,1000,0.0,0.0,136405085,1000,1000,1000,1000,0,0,0,0
1785436269.8290505,idle_post,0,1000,1000,0.0,0.0,136426055,1000,1000,1000,1000,0,0,0,0
1785436269.8430824,idle_post,0,1000,1000,0.0,0.0,136442522,1000,1000,1000,1000,0,0,0,0
1785436269.864046,idle_post,0,1000,1000,0.0,0.0,136464985,1000,1000,1000,1000,0,0,0,0
1785436269.8863149,idle_post,0,1000,1000,0.0,0.0,136485940,1000,1000,1000,1000,0,0,0,0
1785436269.903029,idle_post,0,1000,1000,0.0,0.0,136502418,1000,1000,1000,1000,0,0,0,0
1785436269.926521,idle_post,0,1000,1000,0.0,0.0,136524869,1000,1000,1000,1000,0,0,0,0
1785436269.946417,idle_post,0,1000,1000,0.0,0.0,136545837,1000,1000,1000,1000,0,0,0,0
1785436269.9630332,idle_post,0,1000,1000,0.0,0.0,136562313,1000,1000,1000,1000,0,0,0,0
1785436269.9840322,idle_post,0,1000,1000,0.0,0.0,136584766,1000,1000,1000,1000,0,0,0,0
1785436270.0062847,idle_post,0,1000,1000,0.0,0.0,136605731,1000,1000,1000,1000,0,0,0,0
1785436270.0283093,idle_post,0,1000,1000,0.0,0.0,136625204,1000,1000,1000,1000,0,0,0,0
1785436270.046278,idle_post,0,1000,1000,0.0,0.0,136644740,1000,1000,1000,1000,0,0,0,0
1785436270.0630972,idle_post,0,1000,1000,0.0,0.0,136662632,1000,1000,1000,1000,0,0,0,0
1785436270.0840642,idle_post,0,1000,1000,0.0,0.0,136685090,1000,1000,1000,1000,0,0,0,0
1785436270.1062677,idle_post,0,1000,1000,0.0,0.0,136706082,1000,1000,1000,1000,0,0,0,0
1785436270.1281204,idle_post,0,1000,1000,0.0,0.0,136722529,1000,1000,1000,1000,0,0,0,0
1785436270.144038,idle_post,0,1000,1000,0.0,0.0,136744991,1000,1000,1000,1000,0,0,0,0
1785436270.1663156,idle_post,0,1000,1000,0.0,0.0,136765961,1000,1000,1000,1000,0,0,0,0
1785436270.1831658,idle_post,0,1000,1000,0.0,0.0,136782425,1000,1000,1000,1000,0,0,0,0
1785436270.206287,idle_post,0,1000,1000,0.0,0.0,136804883,1000,1000,1000,1000,0,0,0,0
1785436270.2306066,idle_post,0,1000,1000,0.0,0.0,136822852,1000,1000,1000,1000,0,0,0,0
1785436270.2440817,idle_post,0,1000,1000,0.0,0.0,136845312,1000,1000,1000,1000,0,0,0,0
1785436270.2662778,idle_post,0,1000,1000,0.0,0.0,136864778,1000,1000,1000,1000,0,0,0,0
1785436270.2830813,idle_post,0,1000,1000,0.0,0.0,136882750,1000,1000,1000,1000,0,0,0,0
1785436270.30404,idle_post,0,1000,1000,0.0,0.0,136905206,1000,1000,1000,1000,0,0,0,0
1785436270.328856,idle_post,0,1000,1000,0.0,0.0,136924676,1000,1000,1000,1000,0,0,0,0
1785436270.3431182,idle_post,0,1000,1000,0.0,0.0,136944136,1000,1000,1000,1000,0,0,0,0
1785436270.364911,idle_post,0,1000,1000,0.0,0.0,136965104,1000,1000,1000,1000,0,0,0,0
1785436270.3868952,idle_post,0,1000,1000,0.0,0.0,136984572,1000,1000,1000,1000,0,0,0,0
1785436270.4030447,idle_post,0,1000,1000,0.0,0.0,137004037,1000,1000,1000,1000,0,0,0,0
1785436270.4285812,idle_post,0,1000,1000,0.0,0.0,137026500,1000,1000,1000,1000,0,0,0,0
1785436270.443972,idle_post,0,1000,1000,0.0,0.0,137044465,1000,1000,1000,1000,0,0,0,0
1785436270.466386,idle_post,0,1000,1000,0.0,0.0,137066925,1000,1000,1000,1000,0,0,0,0
1785436270.484133,idle_post,0,1000,1000,0.0,0.0,137084892,1000,1000,1000,1000,0,0,0,0
1785436270.506432,idle_post,0,1000,1000,0.0,0.0,137104360,1000,1000,1000,1000,0,0,0,0
1785436270.5285077,idle_post,0,1000,1000,0.0,0.0,137125331,1000,1000,1000,1000,0,0,0,0
1785436270.5440767,idle_post,0,1000,1000,0.0,0.0,137144797,1000,1000,1000,1000,0,0,0,0
1785436270.5663023,idle_post,0,1000,1000,0.0,0.0,137164324,1000,1000,1000,1000,0,0,0,0
1785436270.5831037,idle_post,0,1000,1000,0.0,0.0,137182226,1000,1000,1000,1000,0,0,0,0
1785436270.6043046,idle_post,0,1000,1000,0.0,0.0,137204685,1000,1000,1000,1000,0,0,0,0
1785436270.629271,idle_post,0,1000,1000,0.0,0.0,137224154,1000,1000,1000,1000,0,0,0,0
1785436270.6463356,idle_post,0,1000,1000,0.0,0.0,137246614,1000,1000,1000,1000,0,0,0,0
1785436270.6634603,idle_post,0,1000,1000,0.0,0.0,137264580,1000,1000,1000,1000,0,0,0,0
1785436270.684127,idle_post,0,1000,1000,0.0,0.0,137284046,1000,1000,1000,1000,0,0,0,0
1785436270.7064414,idle_post,0,1000,1000,0.0,0.0,137306505,1000,1000,1000,1000,0,0,0,0
1785436270.7266917,idle_post,0,1000,1000,0.0,0.0,137324475,1000,1000,1000,1000,0,0,0,0
1785436270.7465212,idle_post,0,1000,1000,0.0,0.0,137346946,1000,1000,1000,1000,0,0,0,0
1785436270.7657773,idle_post,0,1000,1000,0.0,0.0,137365008,1000,1000,1000,1000,0,0,0,0
1785436270.7863135,idle_post,0,1000,1000,0.0,0.0,137384378,1000,1000,1000,1000,0,0,0,0
1785436270.8030536,idle_post,0,1000,1000,0.0,0.0,137402341,1000,1000,1000,1000,0,0,0,0
1785436270.8292046,idle_post,0,1000,1000,0.0,0.0,137424813,1000,1000,1000,1000,0,0,0,0
1785436270.8437092,idle_post,0,1000,1000,0.0,0.0,137444268,1000,1000,1000,1000,0,0,0,0
1785436270.864059,idle_post,0,1000,1000,0.0,0.0,137465277,1000,1000,1000,1000,0,0,0,0
1785436270.8863122,idle_post,0,1000,1000,0.0,0.0,137484704,1000,1000,1000,1000,0,0,0,0
1785436270.9031563,idle_post,0,1000,1000,0.0,0.0,137504163,1000,1000,1000,1000,0,0,0,0
1785436270.9278667,idle_post,0,1000,1000,0.0,0.0,137525175,1000,1000,1000,1000,0,0,0,0
1785436270.946346,idle_post,0,1000,1000,0.0,0.0,137544595,1000,1000,1000,1000,0,0,0,0
1785436270.9630651,idle_post,0,1000,1000,0.0,0.0,137564059,1000,1000,1000,1000,0,0,0,0
1785436270.9841876,idle_post,0,1000,1000,0.0,0.0,137585067,1000,1000,1000,1000,0,0,0,0
1785436271.0062928,idle_post,0,1000,1000,0.0,0.0,137604494,1000,1000,1000,1000,0,0,0,0
1785436271.028382,idle_post,0,1000,1000,0.0,0.0,137623953,1000,1000,1000,1000,0,0,0,0
1785436271.0442147,idle_post,0,1000,1000,0.0,0.0,137644972,1000,1000,1000,1000,0,0,0,0
1785436271.0663133,idle_post,0,1000,1000,0.0,0.0,137664387,1000,1000,1000,1000,0,0,0,0
1785436271.0831234,idle_post,0,1000,1000,0.0,0.0,137682402,1000,1000,1000,1000,0,0,0,0
1785436271.1063406,idle_post,0,1000,1000,0.0,0.0,137704857,1000,1000,1000,1000,0,0,0,0
1785436271.1281314,idle_post,0,1000,1000,0.0,0.0,137724283,1000,1000,1000,1000,0,0,0,0
1785436271.144659,idle_post,0,1000,1000,0.0,0.0,137745239,1000,1000,1000,1000,0,0,0,0
1785436271.1650352,idle_post,0,1000,1000,0.0,0.0,137764753,1000,1000,1000,1000,0,0,0,0
1785436271.1915126,idle_post,0,1000,1000,0.0,0.0,137787309,1000,1000,1000,1000,0,0,0,0
1785436271.204192,idle_post,0,1000,1000,0.0,0.0,137805140,1000,1000,1000,1000,0,0,0,0
1785436271.2310176,idle_post,0,1000,1000,0.0,0.0,137824656,1000,1000,1000,1000,0,0,0,0
1785436271.2439797,idle_post,0,1000,1000,0.0,0.0,137844075,1000,1000,1000,1000,0,0,0,0
1785436271.2643528,idle_post,0,1000,1000,0.0,0.0,137865035,1000,1000,1000,1000,0,0,0,0
1785436271.28632,idle_post,0,1000,1000,0.0,0.0,137884577,1000,1000,1000,1000,0,0,0,0
1785436271.3041666,idle_post,0,1000,1000,0.0,0.0,137903973,1000,1000,1000,1000,0,0,0,0
1785436271.3289077,idle_post,0,1000,1000,0.0,0.0,137926441,1000,1000,1000,1000,0,0,0,0
1785436271.3442266,idle_post,0,1000,1000,0.0,0.0,137945895,1000,1000,1000,1000,0,0,0,0
1785436271.3630927,idle_post,0,1000,1000,0.0,0.0,137963888,1000,1000,1000,1000,0,0,0,0
1785436271.3841953,idle_post,0,1000,1000,0.0,0.0,137983332,1000,1000,1000,1000,0,0,0,0
1785436271.406379,idle_post,0,1000,1000,0.0,0.0,138005795,1000,1000,1000,1000,0,0,0,0
1785436271.4283526,idle_post,0,1000,1000,0.0,0.0,138025256,1000,1000,1000,1000,0,0,0,0
1785436271.4463456,idle_post,0,1000,1000,0.0,0.0,138046217,1000,1000,1000,1000,0,0,0,0
1785436271.463077,idle_post,0,1000,1000,0.0,0.0,138062687,1000,1000,1000,1000,0,0,0,0
1785436271.4841995,idle_post,0,1000,1000,0.0,0.0,138085145,1000,1000,1000,1000,0,0,0,0
1785436271.5063307,idle_post,0,1000,1000,0.0,0.0,138106198,1000,1000,1000,1000,0,0,0,0
1785436271.528316,idle_post,0,1000,1000,0.0,0.0,138124122,1000,1000,1000,1000,0,0,0,0
1785436271.5442545,idle_post,0,1000,1000,0.0,0.0,138143555,1000,1000,1000,1000,0,0,0,0
1785436271.566355,idle_post,0,1000,1000,0.0,0.0,138166007,1000,1000,1000,1000,0,0,0,0
1785436271.5836263,idle_post,0,1000,1000,0.0,0.0,138184022,1000,1000,1000,1000,0,0,0,0
1785436271.6041968,idle_post,0,1000,1000,0.0,0.0,138203471,1000,1000,1000,1000,0,0,0,0
1785436271.629414,idle_post,0,1000,1000,0.0,0.0,138225902,1000,1000,1000,1000,0,0,0,0
1785436271.643123,idle_post,0,1000,1000,0.0,0.0,138243920,1000,1000,1000,1000,0,0,0,0
1785436271.664327,idle_post,0,1000,1000,0.0,0.0,138263344,1000,1000,1000,1000,0,0,0,0
1785436271.6876638,idle_post,0,1000,1000,0.0,0.0,138285801,1000,1000,1000,1000,0,0,0,0
1785436271.7031267,idle_post,0,1000,1000,0.0,0.0,138303834,1000,1000,1000,1000,0,0,0,0
1785436271.726604,idle_post,0,1000,1000,0.0,0.0,138327832,1000,1000,1000,1000,0,0,0,0
1785436271.744222,idle_post,0,1000,1000,0.0,0.0,138345693,1000,1000,1000,1000,0,0,0,0
1785436271.7663395,idle_post,0,1000,1000,0.0,0.0,138365168,1000,1000,1000,1000,0,0,0,0
1785436271.7861996,idle_post,0,1000,1000,0.0,0.0,138386173,1000,1000,1000,1000,0,0,0,0
1785436271.8039908,idle_post,0,1000,1000,0.0,0.0,138405589,1000,1000,1000,1000,0,0,0,0
1785436271.8291235,idle_post,0,1000,1000,0.0,0.0,138426550,1000,1000,1000,1000,0,0,0,0
1785436271.8448987,idle_post,0,1000,1000,0.0,0.0,138446065,1000,1000,1000,1000,0,0,0,0
1785436271.8644977,idle_post,0,1000,1000,0.0,0.0,138465491,1000,1000,1000,1000,0,0,0,0
1785436271.8871698,idle_post,0,1000,1000,0.0,0.0,138486448,1000,1000,1000,1000,0,0,0,0
1785436271.9065542,idle_post,0,1000,1000,0.0,0.0,138505960,1000,1000,1000,1000,0,0,0,0
1785436271.9281588,idle_post,0,1000,1000,0.0,0.0,138523891,1000,1000,1000,1000,0,0,0,0
1785436271.944093,idle_post,0,1000,1000,0.0,0.0,138543399,1000,1000,1000,1000,0,0,0,0
1785436271.9664772,idle_post,0,1000,1000,0.0,0.0,138565855,1000,1000,1000,1000,0,0,0,0
1785436271.9831386,idle_post,0,1000,1000,0.0,0.0,138583793,1000,1000,1000,1000,0,0,0,0
1785436272.0041578,idle_post,0,1000,1000,0.0,0.0,138603293,1000,1000,1000,1000,0,0,0,0
1785436272.0291076,idle_post,0,1000,1000,0.0,0.0,138625784,1000,1000,1000,1000,0,0,0,0
1785436272.0441127,idle_post,0,1000,1000,0.0,0.0,138645167,1000,1000,1000,1000,0,0,0,0
1785436272.0663774,idle_post,0,1000,1000,0.0,0.0,138666134,1000,1000,1000,1000,0,0,0,0
1785436272.0841982,idle_post,0,1000,1000,0.0,0.0,138685651,1000,1000,1000,1000,0,0,0,0
1785436272.1063273,idle_post,0,1000,1000,0.0,0.0,138706570,1000,1000,1000,1000,0,0,0,0
1785436272.1281633,idle_post,0,1000,1000,0.0,0.0,138723081,1000,1000,1000,1000,0,0,0,0
1785436272.1440976,idle_post,0,1000,1000,0.0,0.0,138745538,1000,1000,1000,1000,0,0,0,0
1785436272.1664317,idle_post,0,1000,1000,0.0,0.0,138766459,1000,1000,1000,1000,0,0,0,0
1785436272.1847823,idle_post,0,1000,1000,0.0,0.0,138785927,1000,1000,1000,1000,0,0,0,0
1785436272.2034543,idle_post,0,1000,1000,0.0,0.0,138803895,1000,1000,1000,1000,0,0,0,0
1785436272.228981,idle_post,0,1000,1000,0.0,0.0,138823366,1000,1000,1000,1000,0,0,0,0
1785436272.2463331,idle_post,0,1000,1000,0.0,0.0,138845822,1000,1000,1000,1000,0,0,0,0
1785436272.263121,idle_post,0,1000,1000,0.0,0.0,138863792,1000,1000,1000,1000,0,0,0,0
1785436272.2841043,idle_post,0,1000,1000,0.0,0.0,138883258,1000,1000,1000,1000,0,0,0,0
1785436272.3063483,idle_post,0,1000,1000,0.0,0.0,138905741,1000,1000,1000,1000,0,0,0,0
1785436272.3281837,idle_post,0,1000,1000,0.0,0.0,138923739,1000,1000,1000,1000,0,0,0,0
1785436272.3468444,idle_post,0,1000,1000,0.0,0.0,138944660,1000,1000,1000,1000,0,0,0,0
1785436272.3634858,idle_post,0,1000,1000,0.0,0.0,138964117,1000,1000,1000,1000,0,0,0,0
1785436272.384133,idle_post,0,1000,1000,0.0,0.0,138985121,1000,1000,1000,1000,0,0,0,0
1785436272.4063807,idle_post,0,1000,1000,0.0,0.0,139004586,1000,1000,1000,1000,0,0,0,0
1785436272.4285371,idle_post,0,1000,1000,0.0,0.0,139024013,1000,1000,1000,1000,0,0,0,0
1785436272.4441445,idle_post,0,1000,1000,0.0,0.0,139045015,1000,1000,1000,1000,0,0,0,0
1785436272.466371,idle_post,0,1000,1000,0.0,0.0,139064440,1000,1000,1000,1000,0,0,0,0
1785436272.4837368,idle_post,0,1000,1000,0.0,0.0,139085405,1000,1000,1000,1000,0,0,0,0
1785436272.5041144,idle_post,0,1000,1000,0.0,0.0,139104916,1000,1000,1000,1000,0,0,0,0
1785436272.5289526,idle_post,0,1000,1000,0.0,0.0,139124427,1000,1000,1000,1000,0,0,0,0
1785436272.5431116,idle_post,0,1000,1000,0.0,0.0,139142346,1000,1000,1000,1000,0,0,0,0
1785436272.5641723,idle_post,0,1000,1000,0.0,0.0,139164808,1000,1000,1000,1000,0,0,0,0
1785436272.5864363,idle_post,0,1000,1000,0.0,0.0,139184231,1000,1000,1000,1000,0,0,0,0
1785436272.6031687,idle_post,0,1000,1000,0.0,0.0,139202244,1000,1000,1000,1000,0,0,0,0
1785436272.6287155,idle_post,0,1000,1000,0.0,0.0,139224709,1000,1000,1000,1000,0,0,0,0
1785436272.6463625,idle_post,0,1000,1000,0.0,0.0,139244125,1000,1000,1000,1000,0,0,0,0
1785436272.663697,idle_post,0,1000,1000,0.0,0.0,139262144,1000,1000,1000,1000,0,0,0,0
1785436272.6863797,idle_post,0,1000,1000,0.0,0.0,139284602,1000,1000,1000,1000,0,0,0,0
1785436272.7031896,idle_post,0,1000,1000,0.0,0.0,139304025,1000,1000,1000,1000,0,0,0,0
1785436272.7269258,idle_post,0,1000,1000,0.0,0.0,139324988,1000,1000,1000,1000,0,0,0,0
1785436272.7471051,idle_post,0,1000,1000,0.0,0.0,139347454,1000,1000,1000,1000,0,0,0,0
1785436272.7631378,idle_post,0,1000,1000,0.0,0.0,139362418,1000,1000,1000,1000,0,0,0,0
1785436272.7837238,idle_post,0,1000,1000,0.0,0.0,139384887,1000,1000,1000,1000,0,0,0,0
1785436272.8041189,idle_post,0,1000,1000,0.0,0.0,139404388,1000,1000,1000,1000,0,0,0,0
1785436272.8284266,idle_post,0,1000,1000,0.0,0.0,139422374,1000,1000,1000,1000,0,0,0,0
1785436272.8441486,idle_post,0,1000,1000,0.0,0.0,139444775,1000,1000,1000,1000,0,0,0,0
1785436272.866351,idle_post,0,1000,1000,0.0,0.0,139464289,1000,1000,1000,1000,0,0,0,0
1785436272.8831594,idle_post,0,1000,1000,0.0,0.0,139482209,1000,1000,1000,1000,0,0,0,0
1785436272.9041772,idle_post,0,1000,1000,0.0,0.0,139504672,1000,1000,1000,1000,0,0,0,0
1785436272.9289196,idle_post,0,1000,1000,0.0,0.0,139524185,1000,1000,1000,1000,0,0,0,0
1785436272.9441228,idle_post,0,1000,1000,0.0,0.0,139545103,1000,1000,1000,1000,0,0,0,0
1785436272.9663527,idle_post,0,1000,1000,0.0,0.0,139564573,1000,1000,1000,1000,0,0,0,0
1785436272.9831784,idle_post,0,1000,1000,0.0,0.0,139584075,1000,1000,1000,1000,0,0,0,0
1785436273.004135,idle_post,0,1000,1000,0.0,0.0,139604998,1000,1000,1000,1000,0,0,0,0
1785436273.028923,idle_post,0,1000,1000,0.0,0.0,139624463,1000,1000,1000,1000,0,0,0,0
1785436273.0431426,idle_post,0,1000,1000,0.0,0.0,139643999,1000,1000,1000,1000,0,0,0,0
1785436273.064709,idle_post,0,1000,1000,0.0,0.0,139664924,1000,1000,1000,1000,0,0,0,0
1785436273.086408,idle_post,0,1000,1000,0.0,0.0,139684366,1000,1000,1000,1000,0,0,0,0
1785436273.103196,idle_post,0,1000,1000,0.0,0.0,139702328,1000,1000,1000,1000,0,0,0,0
1785436273.12665,idle_post,0,1000,1000,0.0,0.0,139724790,1000,1000,1000,1000,0,0,0,0
1785436273.146379,idle_post,0,1000,1000,0.0,0.0,139744254,1000,1000,1000,1000,0,0,0,0
1785436273.163377,idle_post,0,1000,1000,0.0,0.0,139762221,1000,1000,1000,1000,0,0,0,0
1785436273.1843534,idle_post,0,1000,1000,0.0,0.0,139784689,1000,1000,1000,1000,0,0,0,0
1785436273.2035415,idle_post,0,1000,1000,0.0,0.0,139804153,1000,1000,1000,1000,0,0,0,0
1785436273.2288294,idle_post,0,1000,1000,0.0,0.0,139825109,1000,1000,1000,1000,0,0,0,0
1785436273.2464068,idle_post,0,1000,1000,0.0,0.0,139844597,1000,1000,1000,1000,0,0,0,0
1785436273.2631388,idle_post,0,1000,1000,0.0,0.0,139864043,1000,1000,1000,1000,0,0,0,0
1785436273.2847536,idle_post,0,1000,1000,0.0,0.0,139885013,1000,1000,1000,1000,0,0,0,0
1785436273.306373,idle_post,0,1000,1000,0.0,0.0,139904483,1000,1000,1000,1000,0,0,0,0
1785436273.3282044,idle_post,0,1000,1000,0.0,0.0,139923946,1000,1000,1000,1000,0,0,0,0
1785436273.344169,idle_post,0,1000,1000,0.0,0.0,139943451,1000,1000,1000,1000,0,0,0,0
1785436273.366392,idle_post,0,1000,1000,0.0,0.0,139965912,1000,1000,1000,1000,0,0,0,0
1785436273.3832245,idle_post,0,1000,1000,0.0,0.0,139983843,1000,1000,1000,1000,0,0,0,0
1785436273.4041708,idle_post,0,1000,1000,0.0,0.0,140003347,1000,1000,1000,1000,0,0,0,0
1785436273.42893,idle_post,0,1000,1000,0.0,0.0,140025808,1000,1000,1000,1000,0,0,0,0
1785436273.4431427,idle_post,0,1000,1000,0.0,0.0,140043729,1000,1000,1000,1000,0,0,0,0
1785436273.4664323,idle_post,0,1000,1000,0.0,0.0,140066193,1000,1000,1000,1000,0,0,0,0
1785436273.48643,idle_post,0,1000,1000,0.0,0.0,140085704,1000,1000,1000,1000,0,0,0,0
1785436273.5060136,idle_post,0,1000,1000,0.0,0.0,140105120,1000,1000,1000,1000,0,0,0,0
1785436273.5289779,idle_post,0,1000,1000,0.0,0.0,140126087,1000,1000,1000,1000,0,0,0,0
1785436273.5441651,idle_post,0,1000,1000,0.0,0.0,140145597,1000,1000,1000,1000,0,0,0,0
1785436273.5632627,idle_post,0,1000,1000,0.0,0.0,140163568,1000,1000,1000,1000,0,0,0,0
1785436273.5864542,idle_post,0,1000,1000,0.0,0.0,140185986,1000,1000,1000,1000,0,0,0,0
1785436273.603223,idle_post,0,1000,1000,0.0,0.0,140203957,1000,1000,1000,1000,0,0,0,0
1785436273.628622,idle_post,0,1000,1000,0.0,0.0,140223418,1000,1000,1000,1000,0,0,0,0
1785436273.6464376,idle_post,0,1000,1000,0.0,0.0,140245885,1000,1000,1000,1000,0,0,0,0
1785436273.6632798,idle_post,0,1000,1000,0.0,0.0,140263852,1000,1000,1000,1000,0,0,0,0
1785436273.6850362,idle_post,0,1000,1000,0.0,0.0,140283313,1000,1000,1000,1000,0,0,0,0
1785436273.7064826,idle_post,0,1000,1000,0.0,0.0,140305776,1000,1000,1000,1000,0,0,0,0
1785436273.7282338,idle_post,0,1000,1000,0.0,0.0,140323745,1000,1000,1000,1000,0,0,0,0
1785436273.745028,idle_post,0,1000,1000,0.0,0.0,140346206,1000,1000,1000,1000,0,0,0,0
1785436273.7663665,idle_post,0,1000,1000,0.0,0.0,140365674,1000,1000,1000,1000,0,0,0,0
1785436273.7837865,idle_post,0,1000,1000,0.0,0.0,140385195,1000,1000,1000,1000,0,0,0,0
1785436273.8064377,idle_post,0,1000,1000,0.0,0.0,140406122,1000,1000,1000,1000,0,0,0,0
1785436273.8292441,idle_post,0,1000,1000,0.0,0.0,140425578,1000,1000,1000,1000,0,0,0,0
1785436273.847101,idle_post,0,1000,1000,0.0,0.0,140446525,1000,1000,1000,1000,0,0,0,0
1785436273.8631775,idle_post,0,1000,1000,0.0,0.0,140463002,1000,1000,1000,1000,0,0,0,0
1785436273.8842018,idle_post,0,1000,1000,0.0,0.0,140485498,1000,1000,1000,1000,0,0,0,0
1785436273.9069912,idle_post,0,1000,1000,0.0,0.0,140506422,1000,1000,1000,1000,0,0,0,0
1785436273.928262,idle_post,0,1000,1000,0.0,0.0,140522899,1000,1000,1000,1000,0,0,0,0
1785436273.9441547,idle_post,0,1000,1000,0.0,0.0,140545356,1000,1000,1000,1000,0,0,0,0
1785436273.963137,idle_post,0,1000,1000,0.0,0.0,140563328,1000,1000,1000,1000,0,0,0,0
1785436273.986506,idle_post,0,1000,1000,0.0,0.0,140585873,1000,1000,1000,1000,0,0,0,0
1785436274.0032072,idle_post,0,1000,1000,0.0,0.0,140603749,1000,1000,1000,1000,0,0,0,0
1785436274.0268686,idle_post,0,1000,1000,0.0,0.0,140623225,1000,1000,1000,1000,0,0,0,0
1785436274.0431628,idle_post,0,1000,1000,0.0,0.0,140642683,1000,1000,1000,1000,0,0,0,0
1785436274.0660481,idle_post,0,1000,1000,0.0,0.0,140665149,1000,1000,1000,1000,0,0,0,0
1785436274.0864513,idle_post,0,1000,1000,0.0,0.0,140686109,1000,1000,1000,1000,0,0,0,0
1785436274.1037521,idle_post,0,1000,1000,0.0,0.0,140704109,1000,1000,1000,1000,0,0,0,0
1785436274.1267083,idle_post,0,1000,1000,0.0,0.0,140723547,1000,1000,1000,1000,0,0,0,0
1785436274.146407,idle_post,0,1000,1000,0.0,0.0,140746009,1000,1000,1000,1000,0,0,0,0
1785436274.1634922,idle_post,0,1000,1000,0.0,0.0,140763976,1000,1000,1000,1000,0,0,0,0
1785436274.18421,idle_post,0,1000,1000,0.0,0.0,140783459,1000,1000,1000,1000,0,0,0,0
1785436274.206671,idle_post,0,1000,1000,0.0,0.0,140805898,1000,1000,1000,1000,0,0,0,0
1785436274.230605,idle_post,0,1000,1000,0.0,0.0,140823875,1000,1000,1000,1000,0,0,0,0
1785436274.244164,idle_post,0,1000,1000,0.0,0.0,140843338,1000,1000,1000,1000,0,0,0,0
1785436274.2667108,idle_post,0,1000,1000,0.0,0.0,140865795,1000,1000,1000,1000,0,0,0,0
1785436274.2832158,idle_post,0,1000,1000,0.0,0.0,140883832,1000,1000,1000,1000,0,0,0,0
1785436274.3041632,idle_post,0,1000,1000,0.0,0.0,140903235,1000,1000,1000,1000,0,0,0,0
1785436274.3289618,idle_post,0,1000,1000,0.0,0.0,140925694,1000,1000,1000,1000,0,0,0,0
1785436274.343164,idle_post,0,1000,1000,0.0,0.0,140942168,1000,1000,1000,1000,0,0,0,0
1785436274.364714,idle_post,0,1000,1000,0.0,0.0,140964623,1000,1000,1000,1000,0,0,0,0
1785436274.3831758,idle_post,0,1000,1000,0.0,0.0,140984139,1000,1000,1000,1000,0,0,0,0
1785436274.4041905,idle_post,0,1000,1000,0.0,0.0,141005058,1000,1000,1000,1000,0,0,0,0
1785436274.4290214,idle_post,0,1000,1000,0.0,0.0,141024528,1000,1000,1000,1000,0,0,0,0
1785436274.444397,idle_post,0,1000,1000,0.0,0.0,141044036,1000,1000,1000,1000,0,0,0,0
1785436274.4641845,idle_post,0,1000,1000,0.0,0.0,141064957,1000,1000,1000,1000,0,0,0,0
1785436274.4865792,idle_post,0,1000,1000,0.0,0.0,141084425,1000,1000,1000,1000,0,0,0,0
1785436274.503825,idle_post,0,1000,1000,0.0,0.0,141103929,1000,1000,1000,1000,0,0,0,0
1785436274.5267723,idle_post,0,1000,1000,0.0,0.0,141124846,1000,1000,1000,1000,0,0,0,0
1785436274.546435,idle_post,0,1000,1000,0.0,0.0,141144318,1000,1000,1000,1000,0,0,0,0
1785436274.5641968,idle_post,0,1000,1000,0.0,0.0,141165276,1000,1000,1000,1000,0,0,0,0
1785436274.58367,idle_post,0,1000,1000,0.0,0.0,141184741,1000,1000,1000,1000,0,0,0,0
1785436274.6064222,idle_post,0,1000,1000,0.0,0.0,141204209,1000,1000,1000,1000,0,0,0,0
1785436274.6299262,idle_post,0,1000,1000,0.0,0.0,141226669,1000,1000,1000,1000,0,0,0,0
1785436274.6442509,idle_post,0,1000,1000,0.0,0.0,141244638,1000,1000,1000,1000,0,0,0,0
1785436274.6665745,idle_post,0,1000,1000,0.0,0.0,141264108,1000,1000,1000,1000,0,0,0,0
1785436274.6861281,idle_post,0,1000,1000,0.0,0.0,141285066,1000,1000,1000,1000,0,0,0,0
1785436274.7064505,idle_post,0,1000,1000,0.0,0.0,141304528,1000,1000,1000,1000,0,0,0,0
1785436274.728265,idle_post,0,1000,1000,0.0,0.0,141324005,1000,1000,1000,1000,0,0,0,0
1785436274.7463422,idle_post,0,1000,1000,0.0,0.0,141346459,1000,1000,1000,1000,0,0,0,0
1785436274.7640038,idle_post,0,1000,1000,0.0,0.0,141364425,1000,1000,1000,1000,0,0,0,0
1785436274.7848377,idle_post,0,1000,1000,0.0,0.0,141383897,1000,1000,1000,1000,0,0,0,0
1785436274.8073866,idle_post,0,1000,1000,0.0,0.0,141406359,1000,1000,1000,1000,0,0,0,0
1785436274.827028,idle_post,0,1000,1000,0.0,0.0,141424353,1000,1000,1000,1000,0,0,0,0
1785436274.8464952,idle_post,0,1000,1000,0.0,0.0,141446784,1000,1000,1000,1000,0,0,0,0
1785436274.8648982,idle_post,0,1000,1000,0.0,0.0,141464752,1000,1000,1000,1000,0,0,0,0
1785436274.8864527,idle_post,0,1000,1000,0.0,0.0,141484217,1000,1000,1000,1000,0,0,0,0
1785436274.906473,idle_post,0,1000,1000,0.0,0.0,141506696,1000,1000,1000,1000,0,0,0,0
1785436274.928252,idle_post,0,1000,1000,0.0,0.0,141524643,1000,1000,1000,1000,0,0,0,0
1785436274.9443626,idle_post,0,1000,1000,0.0,0.0,141544111,1000,1000,1000,1000,0,0,0,0
1785436274.9632847,idle_post,0,1000,1000,0.0,0.0,141562090,1000,1000,1000,1000,0,0,0,0
1785436274.9865994,idle_post,0,1000,1000,0.0,0.0,141584541,1000,1000,1000,1000,0,0,0,0
1785436275.0032039,idle_post,0,1000,1000,0.0,0.0,141604091,1000,1000,1000,1000,0,0,0,0
1785436275.0269096,idle_post,0,1000,1000,0.0,0.0,141626473,1000,1000,1000,1000,0,0,0,0
1785436275.0477433,idle_post,0,1000,1000,0.0,0.0,141647439,1000,1000,1000,1000,0,0,0,0
1785436275.066742,idle_post,0,1000,1000,0.0,0.0,141666900,1000,1000,1000,1000,0,0,0,0
1785436275.0832841,idle_post,0,1000,1000,0.0,0.0,141684869,1000,1000,1000,1000,0,0,0,0
1785436275.1041913,idle_post,0,1000,1000,0.0,0.0,141704332,1000,1000,1000,1000,0,0,0,0
1785436275.1283276,idle_post,0,1000,1000,0.0,0.0,141722306,1000,1000,1000,1000,0,0,0,0
1785436275.1442566,idle_post,0,1000,1000,0.0,0.0,141744766,1000,1000,1000,1000,0,0,0,0
1785436275.1665637,idle_post,0,1000,1000,0.0,0.0,141764233,1000,1000,1000,1000,0,0,0,0
1785436275.1832602,idle_post,0,1000,1000,0.0,0.0,141782197,1000,1000,1000,1000,0,0,0,0
1785436275.2064488,idle_post,0,1000,1000,0.0,0.0,141804656,1000,1000,1000,1000,0,0,0,0
1785436275.230592,idle_post,0,1000,1000,0.0,0.0,141824131,1000,1000,1000,1000,0,0,0,0
1785436275.2432215,idle_post,0,1000,1000,0.0,0.0,141842101,1000,1000,1000,1000,0,0,0,0
1785436275.26437,idle_post,0,1000,1000,0.0,0.0,141864554,1000,1000,1000,1000,0,0,0,0
1785436275.2832336,idle_post,0,1000,1000,0.0,0.0,141884019,1000,1000,1000,1000,0,0,0,0
1785436275.3042266,idle_post,0,1000,1000,0.0,0.0,141905032,1000,1000,1000,1000,0,0,0,0
1785436275.3289998,idle_post,0,1000,1000,0.0,0.0,141924451,1000,1000,1000,1000,0,0,0,0
1785436275.3432717,idle_post,0,1000,1000,0.0,0.0,141942465,1000,1000,1000,1000,0,0,0,0
1785436275.3642979,idle_post,0,1000,1000,0.0,0.0,141963379,1000,1000,1000,1000,0,0,0,0
1785436275.3832078,idle_post,0,1000,1000,0.0,0.0,141982852,1000,1000,1000,1000,0,0,0,0
1785436275.4062774,idle_post,0,1000,1000,0.0,0.0,142005309,1000,1000,1000,1000,0,0,0,0
1785436275.428486,idle_post,0,1000,1000,0.0,0.0,142023273,1000,1000,1000,1000,0,0,0,0
1785436275.4463823,idle_post,0,1000,1000,0.0,0.0,142045736,1000,1000,1000,1000,0,0,0,0
1785436275.4659228,idle_post,0,1000,1000,0.0,0.0,142065201,1000,1000,1000,1000,0,0,0,0
1785436275.4864666,idle_post,0,1000,1000,0.0,0.0,142086165,1000,1000,1000,1000,0,0,0,0
1785436275.5042076,idle_post,0,1000,1000,0.0,0.0,142105634,1000,1000,1000,1000,0,0,0,0
1785436275.529638,idle_post,0,1000,1000,0.0,0.0,142123674,1000,1000,1000,1000,0,0,0,0
1785436275.546535,idle_post,0,1000,1000,0.0,0.0,142146067,1000,1000,1000,1000,0,0,0,0
1785436275.5634573,idle_post,0,1000,1000,0.0,0.0,142164035,1000,1000,1000,1000,0,0,0,0
1785436275.5864484,idle_post,0,1000,1000,0.0,0.0,142186502,1000,1000,1000,1000,0,0,0,0
1785436275.6040363,idle_post,0,1000,1000,0.0,0.0,142202964,1000,1000,1000,1000,0,0,0,0
1785436275.6269314,idle_post,0,1000,1000,0.0,0.0,142225427,1000,1000,1000,1000,0,0,0,0
1785436275.646851,idle_post,0,1000,1000,0.0,0.0,142246386,1000,1000,1000,1000,0,0,0,0
1785436275.6633027,idle_post,0,1000,1000,0.0,0.0,142262857,1000,1000,1000,1000,0,0,0,0
1785436275.6842566,idle_post,0,1000,1000,0.0,0.0,142285319,1000,1000,1000,1000,0,0,0,0
1785436275.7065034,idle_post,0,1000,1000,0.0,0.0,142306285,1000,1000,1000,1000,0,0,0,0
1785436275.728325,idle_post,0,1000,1000,0.0,0.0,142322754,1000,1000,1000,1000,0,0,0,0
1785436275.7442405,idle_post,0,1000,1000,0.0,0.0,142345289,1000,1000,1000,1000,0,0,0,0
1785436275.766479,idle_post,0,1000,1000,0.0,0.0,142366223,1000,1000,1000,1000,0,0,0,0
1785436275.7833414,idle_post,0,1000,1000,0.0,0.0,142382647,1000,1000,1000,1000,0,0,0,0
1785436275.80428,idle_post,0,1000,1000,0.0,0.0,142403611,1000,1000,1000,1000,0,0,0,0
1785436275.8268626,idle_post,0,1000,1000,0.0,0.0,142423082,1000,1000,1000,1000,0,0,0,0
1785436275.8437326,idle_post,0,1000,1000,0.0,0.0,142444094,1000,1000,1000,1000,0,0,0,0
1785436275.8642685,idle_post,0,1000,1000,0.0,0.0,142463510,1000,1000,1000,1000,0,0,0,0
1785436275.886484,idle_post,0,1000,1000,0.0,0.0,142485977,1000,1000,1000,1000,0,0,0,0
1785436275.903234,idle_post,0,1000,1000,0.0,0.0,142503994,1000,1000,1000,1000,0,0,0,0
1785436275.9267218,idle_post,0,1000,1000,0.0,0.0,142523406,1000,1000,1000,1000,0,0,0,0
1785436275.9464734,idle_post,0,1000,1000,0.0,0.0,142545874,1000,1000,1000,1000,0,0,0,0
1785436275.9632158,idle_post,0,1000,1000,0.0,0.0,142563885,1000,1000,1000,1000,0,0,0,0
1785436275.9842174,idle_post,0,1000,1000,0.0,0.0,142583302,1000,1000,1000,1000,0,0,0,0
1785436276.006498,idle_post,0,1000,1000,0.0,0.0,142605766,1000,1000,1000,1000,0,0,0,0
1785436276.0285072,idle_post,0,1000,1000,0.0,0.0,142623780,1000,1000,1000,1000,0,0,0,0
1785436276.0442178,idle_post,0,1000,1000,0.0,0.0,142643251,1000,1000,1000,1000,0,0,0,0
1785436276.0664608,idle_post,0,1000,1000,0.0,0.0,142665664,1000,1000,1000,1000,0,0,0,0
1785436276.0846453,idle_post,0,1000,1000,0.0,0.0,142683671,1000,1000,1000,1000,0,0,0,0
1785436276.1064508,idle_post,0,1000,1000,0.0,0.0,142706155,1000,1000,1000,1000,0,0,0,0
1785436276.1292164,idle_post,0,1000,1000,0.0,0.0,142725558,1000,1000,1000,1000,0,0,0,0
1785436276.1432786,idle_post,0,1000,1000,0.0,0.0,142743567,1000,1000,1000,1000,0,0,0,0
1785436276.1688397,idle_post,0,1000,1000,0.0,0.0,142766026,1000,1000,1000,1000,0,0,0,0
1785436276.1832743,idle_post,0,1000,1000,0.0,0.0,142783955,1000,1000,1000,1000,0,0,0,0
1785436276.2042356,idle_post,0,1000,1000,0.0,0.0,142803468,1000,1000,1000,1000,0,0,0,0
1785436276.2313976,idle_post,0,1000,1000,0.0,0.0,142825926,1000,1000,1000,1000,0,0,0,0
1785436276.2432952,idle_post,0,1000,1000,0.0,0.0,142843948,1000,1000,1000,1000,0,0,0,0
1785436276.2642808,idle_post,0,1000,1000,0.0,0.0,142863365,1000,1000,1000,1000,0,0,0,0
1785436276.2869344,idle_post,0,1000,1000,0.0,0.0,142885816,1000,1000,1000,1000,0,0,0,0
1785436276.303227,idle_post,0,1000,1000,0.0,0.0,142903743,1000,1000,1000,1000,0,0,0,0
1785436276.3267415,idle_post,0,1000,1000,0.0,0.0,142923267,1000,1000,1000,1000,0,0,0,0
1785436276.3432496,idle_post,0,1000,1000,0.0,0.0,142942673,1000,1000,1000,1000,0,0,0,0
1785436276.3643677,idle_post,0,1000,1000,0.0,0.0,142965137,1000,1000,1000,1000,0,0,0,0
1785436276.3864937,idle_post,0,1000,1000,0.0,0.0,142984602,1000,1000,1000,1000,0,0,0,0
1785436276.4032497,idle_post,0,1000,1000,0.0,0.0,143004064,1000,1000,1000,1000,0,0,0,0
1785436276.426954,idle_post,0,1000,1000,0.0,0.0,143025039,1000,1000,1000,1000,0,0,0,0
1785436276.4465272,idle_post,0,1000,1000,0.0,0.0,143044497,1000,1000,1000,1000,0,0,0,0
1785436276.4632373,idle_post,0,1000,1000,0.0,0.0,143063964,1000,1000,1000,1000,0,0,0,0
1785436276.4861126,idle_post,0,1000,1000,0.0,0.0,143084927,1000,1000,1000,1000,0,0,0,0
1785436276.5064821,idle_post,0,1000,1000,0.0,0.0,143104398,1000,1000,1000,1000,0,0,0,0
1785436276.5282907,idle_post,0,1000,1000,0.0,0.0,143123861,1000,1000,1000,1000,0,0,0,0
1785436276.5443413,idle_post,0,1000,1000,0.0,0.0,143144825,1000,1000,1000,1000,0,0,0,0
1785436276.5664752,idle_post,0,1000,1000,0.0,0.0,143164288,1000,1000,1000,1000,0,0,0,0
1785436276.5833097,idle_post,0,1000,1000,0.0,0.0,143182256,1000,1000,1000,1000,0,0,0,0
1785436276.6042833,idle_post,0,1000,1000,0.0,0.0,143204721,1000,1000,1000,1000,0,0,0,0
1785436276.6290467,idle_post,0,1000,1000,0.0,0.0,143224188,1000,1000,1000,1000,0,0,0,0
1785436276.6432555,idle_post,0,1000,1000,0.0,0.0,143242156,1000,1000,1000,1000,0,0,0,0
1785436276.6657462,idle_post,0,1000,1000,0.0,0.0,143264612,1000,1000,1000,1000,0,0,0,0
1785436276.683262,idle_post,0,1000,1000,0.0,0.0,143284075,1000,1000,1000,1000,0,0,0,0
1785436276.7043,idle_post,0,1000,1000,0.0,0.0,143305086,1000,1000,1000,1000,0,0,0,0
1785436276.729456,idle_post,0,1000,1000,0.0,0.0,143324518,1000,1000,1000,1000,0,0,0,0
1785436276.7434032,idle_post,0,1000,1000,0.0,0.0,143343993,1000,1000,1000,1000,0,0,0,0
1785436276.7643297,idle_post,0,1000,1000,0.0,0.0,143364986,1000,1000,1000,1000,0,0,0,0
1785436276.786503,idle_post,0,1000,1000,0.0,0.0,143384455,1000,1000,1000,1000,0,0,0,0
1785436276.8032587,idle_post,0,1000,1000,0.0,0.0,143403875,1000,1000,1000,1000,0,0,0,0
1785436276.8270566,idle_post,0,1000,1000,0.0,0.0,143424876,1000,1000,1000,1000,0,0,0,0
1785436276.846496,idle_post,0,1000,1000,0.0,0.0,143444306,1000,1000,1000,1000,0,0,0,0
1785436276.8633196,idle_post,0,1000,1000,0.0,0.0,143462325,1000,1000,1000,1000,0,0,0,0
1785436276.8843472,idle_post,0,1000,1000,0.0,0.0,143484771,1000,1000,1000,1000,0,0,0,0
1785436276.9033175,idle_post,0,1000,1000,0.0,0.0,143504195,1000,1000,1000,1000,0,0,0,0
1785436276.9267616,idle_post,0,1000,1000,0.0,0.0,143525154,1000,1000,1000,1000,0,0,0,0
1785436276.9467456,idle_post,0,1000,1000,0.0,0.0,143544667,1000,1000,1000,1000,0,0,0,0
1785436276.9632554,idle_post,0,1000,1000,0.0,0.0,143564097,1000,1000,1000,1000,0,0,0,0
1785436276.9842572,idle_post,0,1000,1000,0.0,0.0,143585131,1000,1000,1000,1000,0,0,0,0
1785436277.0064795,idle_post,0,1000,1000,0.0,0.0,143604566,1000,1000,1000,1000,0,0,0,0
1785436277.028489,idle_post,0,1000,1000,0.0,0.0,143624016,1000,1000,1000,1000,0,0,0,0
1785436277.0442498,idle_post,0,1000,1000,0.0,0.0,143644952,1000,1000,1000,1000,0,0,0,0
1785436277.066952,idle_post,0,1000,1000,0.0,0.0,143664460,1000,1000,1000,1000,0,0,0,0
1785436277.0839384,idle_post,0,1000,1000,0.0,0.0,143683888,1000,1000,1000,1000,0,0,0,0
1785436277.1042693,idle_post,0,1000,1000,0.0,0.0,143704845,1000,1000,1000,1000,0,0,0,0
1785436277.1290517,idle_post,0,1000,1000,0.0,0.0,143724359,1000,1000,1000,1000,0,0,0,0
1785436277.1432858,idle_post,0,1000,1000,0.0,0.0,143742280,1000,1000,1000,1000,0,0,0,0
1785436277.1652966,idle_post,0,1000,1000,0.0,0.0,143764742,1000,1000,1000,1000,0,0,0,0
1785436277.1865752,idle_post,0,1000,1000,0.0,0.0,143784252,1000,1000,1000,1000,0,0,0,0
1785436277.2032998,idle_post,0,1000,1000,0.0,0.0,143802179,1000,1000,1000,1000,0,0,0,0
1785436277.2316375,idle_post,0,1000,1000,0.0,0.0,143827688,1000,1000,1000,1000,0,0,0,0
1785436277.244298,idle_post,0,1000,1000,0.0,0.0,143844146,1000,1000,1000,1000,0,0,0,0
1785436277.2639024,idle_post,0,1000,1000,0.0,0.0,143862168,1000,1000,1000,1000,0,0,0,0
1785436277.2865078,idle_post,0,1000,1000,0.0,0.0,143884530,1000,1000,1000,1000,0,0,0,0
1785436277.303272,idle_post,0,1000,1000,0.0,0.0,143904043,1000,1000,1000,1000,0,0,0,0
1785436277.3267717,idle_post,0,1000,1000,0.0,0.0,143924966,1000,1000,1000,1000,0,0,0,0
1785436277.3465154,idle_post,0,1000,1000,0.0,0.0,143944426,1000,1000,1000,1000,0,0,0,0
1785436277.363258,idle_post,0,1000,1000,0.0,0.0,143963961,1000,1000,1000,1000,0,0,0,0
1785436277.3842614,idle_post,0,1000,1000,0.0,0.0,143984858,1000,1000,1000,1000,0,0,0,0
1785436277.4065423,idle_post,0,1000,1000,0.0,0.0,144005817,1000,1000,1000,1000,0,0,0,0
1785436277.4281106,idle_post,0,1000,1000,0.0,0.0,144022298,1000,1000,1000,1000,0,0,0,0
1785436277.44426,idle_post,0,1000,1000,0.0,0.0,144044754,1000,1000,1000,1000,0,0,0,0
1785436277.4665663,idle_post,0,1000,1000,0.0,0.0,144065719,1000,1000,1000,1000,0,0,0,0
1785436277.4832706,idle_post,0,1000,1000,0.0,0.0,144082226,1000,1000,1000,1000,0,0,0,0
1785436277.5043266,idle_post,0,1000,1000,0.0,0.0,144104707,1000,1000,1000,1000,0,0,0,0
1785436277.52905,idle_post,0,1000,1000,0.0,0.0,144125676,1000,1000,1000,1000,0,0,0,0
1785436277.5433848,idle_post,0,1000,1000,0.0,0.0,144142086,1000,1000,1000,1000,0,0,0,0
1785436277.5665185,idle_post,0,1000,1000,0.0,0.0,144166090,1000,1000,1000,1000,0,0,0,0
1785436277.5832703,idle_post,0,1000,1000,0.0,0.0,144182515,1000,1000,1000,1000,0,0,0,0
1785436277.6067016,idle_post,0,1000,1000,0.0,0.0,144204974,1000,1000,1000,1000,0,0,0,0
1785436277.627283,idle_post,0,1000,1000,0.0,0.0,144222944,1000,1000,1000,1000,0,0,0,0
1785436277.6465006,idle_post,0,1000,1000,0.0,0.0,144245400,1000,1000,1000,1000,0,0,0,0
1785436277.6633844,idle_post,0,1000,1000,0.0,0.0,144263415,1000,1000,1000,1000,0,0,0,0
1785436277.6865394,idle_post,0,1000,1000,0.0,0.0,144285911,1000,1000,1000,1000,0,0,0,0
1785436277.7033122,idle_post,0,1000,1000,0.0,0.0,144302314,1000,1000,1000,1000,0,0,0,0
1785436277.7269073,idle_post,0,1000,1000,0.0,0.0,144324765,1000,1000,1000,1000,0,0,0,0
1785436277.7465148,idle_post,0,1000,1000,0.0,0.0,144345773,1000,1000,1000,1000,0,0,0,0
1785436277.7635486,idle_post,0,1000,1000,0.0,0.0,144362203,1000,1000,1000,1000,0,0,0,0
1785436277.7845087,idle_post,0,1000,1000,0.0,0.0,144384658,1000,1000,1000,1000,0,0,0,0
1785436277.804402,idle_post,0,1000,1000,0.0,0.0,144402661,1000,1000,1000,1000,0,0,0,0
1785436277.827023,idle_post,0,1000,1000,0.0,0.0,144425088,1000,1000,1000,1000,0,0,0,0
1785436277.8465416,idle_post,0,1000,1000,0.0,0.0,144444564,1000,1000,1000,1000,0,0,0,0
1785436277.8632858,idle_post,0,1000,1000,0.0,0.0,144462522,1000,1000,1000,1000,0,0,0,0
1785436277.8843338,idle_post,0,1000,1000,0.0,0.0,144484990,1000,1000,1000,1000,0,0,0,0
1785436277.9068372,idle_post,0,1000,1000,0.0,0.0,144505957,1000,1000,1000,1000,0,0,0,0
1785436277.9285433,idle_post,0,1000,1000,0.0,0.0,144522425,1000,1000,1000,1000,0,0,0,0
1785436277.9449627,idle_post,0,1000,1000,0.0,0.0,144544881,1000,1000,1000,1000,0,0,0,0
1785436277.966801,idle_post,0,1000,1000,0.0,0.0,144565863,1000,1000,1000,1000,0,0,0,0
1785436277.9832962,idle_post,0,1000,1000,0.0,0.0,144582319,1000,1000,1000,1000,0,0,0,0
1785436278.004301,idle_post,0,1000,1000,0.0,0.0,144604773,1000,1000,1000,1000,0,0,0,0
1785436278.029436,idle_post,0,1000,1000,0.0,0.0,144625741,1000,1000,1000,1000,0,0,0,0
1785436278.0432935,idle_post,0,1000,1000,0.0,0.0,144642213,1000,1000,1000,1000,0,0,0,0
1785436278.0643418,idle_post,0,1000,1000,0.0,0.0,144664670,1000,1000,1000,1000,0,0,0,0
1785436278.0871708,idle_post,0,1000,1000,0.0,0.0,144687133,1000,1000,1000,1000,0,0,0,0
1785436278.1042938,idle_post,0,1000,1000,0.0,0.0,144705144,1000,1000,1000,1000,0,0,0,0
1785436278.129262,idle_post,0,1000,1000,0.0,0.0,144724575,1000,1000,1000,1000,0,0,0,0
1785436278.1432803,idle_post,0,1000,1000,0.0,0.0,144742586,1000,1000,1000,1000,0,0,0,0
1785436278.1650376,idle_post,0,1000,1000,0.0,0.0,144765043,1000,1000,1000,1000,0,0,0,0
1785436278.1865587,idle_post,0,1000,1000,0.0,0.0,144785960,1000,1000,1000,1000,0,0,0,0
1785436278.2032907,idle_post,0,1000,1000,0.0,0.0,144802481,1000,1000,1000,1000,0,0,0,0
1785436278.2291896,idle_post,0,1000,1000,0.0,0.0,144824984,1000,1000,1000,1000,0,0,0,0
1785436278.2472796,idle_post,0,1000,1000,0.0,0.0,144847407,1000,1000,1000,1000,0,0,0,0
1785436278.263418,idle_post,0,1000,1000,0.0,0.0,144862377,1000,1000,1000,1000,0,0,0,0
1785436278.284308,idle_post,0,1000,1000,0.0,0.0,144884837,1000,1000,1000,1000,0,0,0,0
1785436278.3065352,idle_post,0,1000,1000,0.0,0.0,144905750,1000,1000,1000,1000,0,0,0,0
1785436278.327229,idle_post,0,1000,1000,0.0,0.0,144925221,1000,1000,1000,1000,0,0,0,0
1785436278.3465507,idle_post,0,1000,1000,0.0,0.0,144944727,1000,1000,1000,1000,0,0,0,0
1785436278.363398,idle_post,0,1000,1000,0.0,0.0,144962651,1000,1000,1000,1000,0,0,0,0
1785436278.3843327,idle_post,0,1000,1000,0.0,0.0,144985117,1000,1000,1000,1000,0,0,0,0
1785436278.406537,idle_post,0,1000,1000,0.0,0.0,145006075,1000,1000,1000,1000,0,0,0,0
1785436278.4286962,idle_post,0,1000,1000,0.0,0.0,145024047,1000,1000,1000,1000,0,0,0,0
1785436278.446523,idle_post,0,1000,1000,0.0,0.0,145046595,1000,1000,1000,1000,0,0,0,0
1785436278.463721,idle_post,0,1000,1000,0.0,0.0,145062981,1000,1000,1000,1000,0,0,0,0
1785436278.486666,idle_post,0,1000,1000,0.0,0.0,145085437,1000,1000,1000,1000,0,0,0,0
1785436278.5033958,idle_post,0,1000,1000,0.0,0.0,145103409,1000,1000,1000,1000,0,0,0,0
1785436278.5291102,idle_post,0,1000,1000,0.0,0.0,145125865,1000,1000,1000,1000,0,0,0,0
1785436278.5435212,idle_post,0,1000,1000,0.0,0.0,145143865,1000,1000,1000,1000,0,0,0,0
1785436278.5642984,idle_post,0,1000,1000,0.0,0.0,145163310,1000,1000,1000,1000,0,0,0,0
1785436278.586721,idle_post,0,1000,1000,0.0,0.0,145185773,1000,1000,1000,1000,0,0,0,0
1785436278.6051288,idle_post,0,1000,1000,0.0,0.0,145203769,1000,1000,1000,1000,0,0,0,0
1785436278.6291027,idle_post,0,1000,1000,0.0,0.0,145226196,1000,1000,1000,1000,0,0,0,0
1785436278.643406,idle_post,0,1000,1000,0.0,0.0,145244212,1000,1000,1000,1000,0,0,0,0
1785436278.6693676,idle_post,0,1000,1000,0.0,0.0,145263625,1000,1000,1000,1000,0,0,0,0
1785436278.6839461,idle_post,0,1000,1000,0.0,0.0,145283096,1000,1000,1000,1000,0,0,0,0
1785436278.7035904,idle_post,0,1000,1000,0.0,0.0,145304105,1000,1000,1000,1000,0,0,0,0
1785436278.7269034,idle_post,0,1000,1000,0.0,0.0,145323624,1000,1000,1000,1000,0,0,0,0
1785436278.7465758,idle_post,0,1000,1000,0.0,0.0,145345995,1000,1000,1000,1000,0,0,0,0
1785436278.7636302,idle_post,0,1000,1000,0.0,0.0,145364004,1000,1000,1000,1000,0,0,0,0
1785436278.7845166,idle_post,0,1000,1000,0.0,0.0,145383421,1000,1000,1000,1000,0,0,0,0
1785436278.8097014,idle_post,0,1000,1000,0.0,0.0,145405884,1000,1000,1000,1000,0,0,0,0
1785436278.8288274,idle_post,0,1000,1000,0.0,0.0,145423897,1000,1000,1000,1000,0,0,0,0
1785436278.8444388,idle_post,0,1000,1000,0.0,0.0,145443321,1000,1000,1000,1000,0,0,0,0
1785436278.863463,idle_post,0,1000,1000,0.0,0.0,145462785,1000,1000,1000,1000,0,0,0,0
1785436278.8849392,idle_post,0,1000,1000,0.0,0.0,145483798,1000,1000,1000,1000,0,0,0,0
1785436278.9069395,idle_post,0,1000,1000,0.0,0.0,145506251,1000,1000,1000,1000,0,0,0,0
1785436278.928433,idle_post,0,1000,1000,0.0,0.0,145524171,1000,1000,1000,1000,0,0,0,0
1785436278.946554,idle_post,0,1000,1000,0.0,0.0,145546641,1000,1000,1000,1000,0,0,0,0
1785436278.963496,idle_post,0,1000,1000,0.0,0.0,145563105,1000,1000,1000,1000,0,0,0,0
1785436278.9873288,idle_post,0,1000,1000,0.0,0.0,145585573,1000,1000,1000,1000,0,0,0,0
1785436279.00506,idle_post,0,1000,1000,0.0,0.0,145606533,1000,1000,1000,1000,0,0,0,0
1785436279.029123,idle_post,0,1000,1000,0.0,0.0,145626051,1000,1000,1000,1000,0,0,0,0
1785436279.043593,idle_post,0,1000,1000,0.0,0.0,145643964,1000,1000,1000,1000,0,0,0,0
1785436279.066197,idle_post,0,1000,1000,0.0,0.0,145666449,1000,1000,1000,1000,0,0,0,0
1785436279.0871365,idle_post,0,1000,1000,0.0,0.0,145685941,1000,1000,1000,1000,0,0,0,0
1785436279.1033201,idle_post,0,1000,1000,0.0,0.0,145703862,1000,1000,1000,1000,0,0,0,0
1785436279.126868,idle_post,0,1000,1000,0.0,0.0,145723383,1000,1000,1000,1000,0,0,0,0
1785436279.1437147,idle_post,0,1000,1000,0.0,0.0,145742795,1000,1000,1000,1000,0,0,0,0
1785436279.1644287,idle_post,0,1000,1000,0.0,0.0,145763758,1000,1000,1000,1000,0,0,0,0
1785436279.1866796,idle_post,0,1000,1000,0.0,0.0,145786218,1000,1000,1000,1000,0,0,0,0
1785436279.2043538,idle_post,0,1000,1000,0.0,0.0,145805727,1000,1000,1000,1000,0,0,0,0
1785436279.230551,idle_post,0,1000,1000,0.0,0.0,145823673,1000,1000,1000,1000,0,0,0,0
1785436279.2444215,idle_post,0,1000,1000,0.0,0.0,145843203,1000,1000,1000,1000,0,0,0,0
1785436279.2675629,idle_post,0,1000,1000,0.0,0.0,145865624,1000,1000,1000,1000,0,0,0,0
1785436279.2843642,idle_post,0,1000,1000,0.0,0.0,145883550,1000,1000,1000,1000,0,0,0,0
1785436279.306771,idle_post,0,1000,1000,0.0,0.0,145906032,1000,1000,1000,1000,0,0,0,0
1785436279.3283918,idle_post,0,1000,1000,0.0,0.0,145923977,1000,1000,1000,1000,0,0,0,0
1785436279.3443274,idle_post,0,1000,1000,0.0,0.0,145943440,1000,1000,1000,1000,0,0,0,0
1785436279.3665543,idle_post,0,1000,1000,0.0,0.0,145965902,1000,1000,1000,1000,0,0,0,0
1785436279.3833828,idle_post,0,1000,1000,0.0,0.0,145983874,1000,1000,1000,1000,0,0,0,0
1785436279.404365,idle_post,0,1000,1000,0.0,0.0,146003343,1000,1000,1000,1000,0,0,0,0
1785436279.4291458,idle_post,0,1000,1000,0.0,0.0,146024307,1000,1000,1000,1000,0,0,0,0
1785436279.4461565,idle_post,0,1000,1000,0.0,0.0,146045313,1000,1000,1000,1000,0,0,0,0
1785436279.4665945,idle_post,0,1000,1000,0.0,0.0,146064822,1000,1000,1000,1000,0,0,0,0
1785436279.4833543,idle_post,0,1000,1000,0.0,0.0,146084202,1000,1000,1000,1000,0,0,0,0
1785436279.5043924,idle_post,0,1000,1000,0.0,0.0,146105207,1000,1000,1000,1000,0,0,0,0
1785436279.5284073,idle_post,0,1000,1000,0.0,0.0,146124627,1000,1000,1000,1000,0,0,0,0
1785436279.5443554,idle_post,0,1000,1000,0.0,0.0,146144095,1000,1000,1000,1000,0,0,0,0
1785436279.5665917,idle_post,0,1000,1000,0.0,0.0,146166579,1000,1000,1000,1000,0,0,0,0
1785436279.5833406,idle_post,0,1000,1000,0.0,0.0,146184526,1000,1000,1000,1000,0,0,0,0
1785436279.6066737,idle_post,0,1000,1000,0.0,0.0,146205489,1000,1000,1000,1000,0,0,0,0
1785436279.631556,idle_post,0,1000,1000,0.0,0.0,146224999,1000,1000,1000,1000,0,0,0,0
1785436279.6465633,idle_post,0,1000,1000,0.0,0.0,146244425,1000,1000,1000,1000,0,0,0,0
1785436279.6634073,idle_post,0,1000,1000,0.0,0.0,146262441,1000,1000,1000,1000,0,0,0,0
1785436279.6862652,idle_post,0,1000,1000,0.0,0.0,146284892,1000,1000,1000,1000,0,0,0,0
1785436279.7065861,idle_post,0,1000,1000,0.0,0.0,146304322,1000,1000,1000,1000,0,0,0,0
1785436279.7284055,idle_post,0,1000,1000,0.0,0.0,146322337,1000,1000,1000,1000,0,0,0,0
1785436279.7443395,idle_post,0,1000,1000,0.0,0.0,146344789,1000,1000,1000,1000,0,0,0,0
1785436279.7665927,idle_post,0,1000,1000,0.0,0.0,146364215,1000,1000,1000,1000,0,0,0,0
1785436279.784442,idle_post,0,1000,1000,0.0,0.0,146385174,1000,1000,1000,1000,0,0,0,0
1785436279.806605,idle_post,0,1000,1000,0.0,0.0,146404687,1000,1000,1000,1000,0,0,0,0
1785436279.8266866,idle_post,0,1000,1000,0.0,0.0,146424110,1000,1000,1000,1000,0,0,0,0
1785436279.8451374,idle_post,0,1000,1000,0.0,0.0,146445070,1000,1000,1000,1000,0,0,0,0
1785436279.868392,idle_post,0,1000,1000,0.0,0.0,146464581,1000,1000,1000,1000,0,0,0,0
1785436279.8833761,idle_post,0,1000,1000,0.0,0.0,146482504,1000,1000,1000,1000,0,0,0,0
1785436279.9043732,idle_post,0,1000,1000,0.0,0.0,146504972,1000,1000,1000,1000,0,0,0,0
1785436279.9292827,idle_post,0,1000,1000,0.0,0.0,146524479,1000,1000,1000,1000,0,0,0,0
1785436279.9434023,idle_post,0,1000,1000,0.0,0.0,146542400,1000,1000,1000,1000,0,0,0,0
1785436279.9643924,idle_post,0,1000,1000,0.0,0.0,146564856,1000,1000,1000,1000,0,0,0,0
1785436279.986616,idle_post,0,1000,1000,0.0,0.0,146584402,1000,1000,1000,1000,0,0,0,0
1785436280.0033853,idle_post,0,1000,1000,0.0,0.0,146602297,1000,1000,1000,1000,0,0,0,0
1785436280.027222,idle_post,0,1000,1000,0.0,0.0,146624753,1000,1000,1000,1000,0,0,0,0
1785436280.046974,idle_post,0,1000,1000,0.0,0.0,146647222,1000,1000,1000,1000,0,0,0,0
1785436280.0633585,idle_post,0,1000,1000,0.0,0.0,146662191,1000,1000,1000,1000,0,0,0,0
1785436280.0843685,idle_post,0,1000,1000,0.0,0.0,146684653,1000,1000,1000,1000,0,0,0,0
1785436280.1033814,idle_post,0,1000,1000,0.0,0.0,146704162,1000,1000,1000,1000,0,0,0,0
1785436280.1268473,idle_post,0,1000,1000,0.0,0.0,146725079,1000,1000,1000,1000,0,0,0,0
1785436280.1465893,idle_post,0,1000,1000,0.0,0.0,146744545,1000,1000,1000,1000,0,0,0,0
1785436280.163457,idle_post,0,1000,1000,0.0,0.0,146764151,1000,1000,1000,1000,0,0,0,0
1785436280.1850724,idle_post,0,1000,1000,0.0,0.0,146784981,1000,1000,1000,1000,0,0,0,0
1785436280.206602,idle_post,0,1000,1000,0.0,0.0,146804441,1000,1000,1000,1000,0,0,0,0
1785436280.2303605,idle_post,0,1000,1000,0.0,0.0,146822413,1000,1000,1000,1000,0,0,0,0
1785436280.244357,idle_post,0,1000,1000,0.0,0.0,146844874,1000,1000,1000,1000,0,0,0,0
1785436280.266654,idle_post,0,1000,1000,0.0,0.0,146864345,1000,1000,1000,1000,0,0,0,0
1785436280.2833564,idle_post,0,1000,1000,0.0,0.0,146882354,1000,1000,1000,1000,0,0,0,0
1785436280.3065944,idle_post,0,1000,1000,0.0,0.0,146904799,1000,1000,1000,1000,0,0,0,0
1785436280.3284147,idle_post,0,1000,1000,0.0,0.0,146924233,1000,1000,1000,1000,0,0,0,0
1785436280.344367,idle_post,0,1000,1000,0.0,0.0,146945205,1000,1000,1000,1000,0,0,0,0
1785436280.3635988,idle_post,0,1000,1000,0.0,0.0,146964666,1000,1000,1000,1000,0,0,0,0
1785436280.3871899,idle_post,0,1000,1000,0.0,0.0,146987136,1000,1000,1000,1000,0,0,0,0
1785436280.4043534,idle_post,0,1000,1000,0.0,0.0,147005098,1000,1000,1000,1000,0,0,0,0
1785436280.4286482,idle_post,0,1000,1000,0.0,0.0,147023065,1000,1000,1000,1000,0,0,0,0
1785436280.4477315,idle_post,0,1000,1000,0.0,0.0,147045521,1000,1000,1000,1000,0,0,0,0
1785436280.4644046,idle_post,0,1000,1000,0.0,0.0,147063541,1000,1000,1000,1000,0,0,0,0
1785436280.4867024,idle_post,0,1000,1000,0.0,0.0,147085998,1000,1000,1000,1000,0,0,0,0
1785436280.504377,idle_post,0,1000,1000,0.0,0.0,147105426,1000,1000,1000,1000,0,0,0,0
1785436280.5284245,idle_post,0,1000,1000,0.0,0.0,147123434,1000,1000,1000,1000,0,0,0,0
1785436280.546694,idle_post,0,1000,1000,0.0,0.0,147145893,1000,1000,1000,1000,0,0,0,0
1785436280.5633583,idle_post,0,1000,1000,0.0,0.0,147163817,1000,1000,1000,1000,0,0,0,0
1785436280.5844145,idle_post,0,1000,1000,0.0,0.0,147183329,1000,1000,1000,1000,0,0,0,0
1785436280.6066232,idle_post,0,1000,1000,0.0,0.0,147205792,1000,1000,1000,1000,0,0,0,0
1785436280.6266623,idle_post,0,1000,1000,0.0,0.0,147223710,1000,1000,1000,1000,0,0,0,0
1785436280.644371,idle_post,0,1000,1000,0.0,0.0,147243225,1000,1000,1000,1000,0,0,0,0
1785436280.6666915,idle_post,0,1000,1000,0.0,0.0,147265685,1000,1000,1000,1000,0,0,0,0
1785436280.6837752,idle_post,0,1000,1000,0.0,0.0,147283608,1000,1000,1000,1000,0,0,0,0
1785436280.7044687,idle_post,0,1000,1000,0.0,0.0,147303121,1000,1000,1000,1000,0,0,0,0
1785436280.7295406,idle_post,0,1000,1000,0.0,0.0,147325595,1000,1000,1000,1000,0,0,0,0
1785436280.7443674,idle_post,0,1000,1000,0.0,0.0,147343508,1000,1000,1000,1000,0,0,0,0
1785436280.7666197,idle_post,0,1000,1000,0.0,0.0,147365969,1000,1000,1000,1000,0,0,0,0
1785436280.7833726,idle_post,0,1000,1000,0.0,0.0,147383934,1000,1000,1000,1000,0,0,0,0
1785436280.8044462,idle_post,0,1000,1000,0.0,0.0,147403430,1000,1000,1000,1000,0,0,0,0
1785436280.8291907,idle_post,0,1000,1000,0.0,0.0,147425895,1000,1000,1000,1000,0,0,0,0
1785436280.8433664,idle_post,0,1000,1000,0.0,0.0,147443832,1000,1000,1000,1000,0,0,0,0
1785436280.864371,idle_post,0,1000,1000,0.0,0.0,147463300,1000,1000,1000,1000,0,0,0,0
1785436280.8869724,idle_post,0,1000,1000,0.0,0.0,147485759,1000,1000,1000,1000,0,0,0,0
1785436280.9043777,idle_post,0,1000,1000,0.0,0.0,147503726,1000,1000,1000,1000,0,0,0,0
1785436280.9270415,idle_post,0,1000,1000,0.0,0.0,147523193,1000,1000,1000,1000,0,0,0,0
1785436280.9466321,idle_post,0,1000,1000,0.0,0.0,147545651,1000,1000,1000,1000,0,0,0,0
1785436280.9633842,idle_post,0,1000,1000,0.0,0.0,147563618,1000,1000,1000,1000,0,0,0,0
1785436280.9866421,idle_post,0,1000,1000,0.0,0.0,147586084,1000,1000,1000,1000,0,0,0,0
1785436281.0041203,idle_post,0,1000,1000,0.0,0.0,147604056,1000,1000,1000,1000,0,0,0,0
1785436281.0272381,idle_post,0,1000,1000,0.0,0.0,147623553,1000,1000,1000,1000,0,0,0,0
1785436281.0466545,idle_post,0,1000,1000,0.0,0.0,147645987,1000,1000,1000,1000,0,0,0,0
1785436281.063444,idle_post,0,1000,1000,0.0,0.0,147663953,1000,1000,1000,1000,0,0,0,0
1785436281.0844057,idle_post,0,1000,1000,0.0,0.0,147683416,1000,1000,1000,1000,0,0,0,0
1785436281.1066182,idle_post,0,1000,1000,0.0,0.0,147705877,1000,1000,1000,1000,0,0,0,0
1785436281.1284454,idle_post,0,1000,1000,0.0,0.0,147723851,1000,1000,1000,1000,0,0,0,0
1785436281.144424,idle_post,0,1000,1000,0.0,0.0,147743310,1000,1000,1000,1000,0,0,0,0
1785436281.1686165,idle_post,0,1000,1000,0.0,0.0,147765770,1000,1000,1000,1000,0,0,0,0
1785436281.1834204,idle_post,0,1000,1000,0.0,0.0,147783741,1000,1000,1000,1000,0,0,0,0
1785436281.2043898,idle_post,0,1000,1000,0.0,0.0,147803207,1000,1000,1000,1000,0,0,0,0
1785436281.231529,idle_post,0,1000,1000,0.0,0.0,147825667,1000,1000,1000,1000,0,0,0,0
1785436281.2444139,idle_post,0,1000,1000,0.0,0.0,147843640,1000,1000,1000,1000,0,0,0,0
1785436281.266616,idle_post,0,1000,1000,0.0,0.0,147866106,1000,1000,1000,1000,0,0,0,0
1785436281.2833834,idle_post,0,1000,1000,0.0,0.0,147884064,1000,1000,1000,1000,0,0,0,0
1785436281.307526,idle_post,0,1000,1000,0.0,0.0,147906523,1000,1000,1000,1000,0,0,0,0
1785436281.3292756,idle_post,0,1000,1000,0.0,0.0,147925992,1000,1000,1000,1000,0,0,0,0
1785436281.3434014,idle_post,0,1000,1000,0.0,0.0,147943960,1000,1000,1000,1000,0,0,0,0
1785436281.3643854,idle_post,0,1000,1000,0.0,0.0,147963428,1000,1000,1000,1000,0,0,0,0
1785436281.3866687,idle_post,0,1000,1000,0.0,0.0,147985887,1000,1000,1000,1000,0,0,0,0
1785436281.4043853,idle_post,0,1000,1000,0.0,0.0,148005352,1000,1000,1000,1000,0,0,0,0
1785436281.4292557,idle_post,0,1000,1000,0.0,0.0,148024821,1000,1000,1000,1000,0,0,0,0
1785436281.4471602,idle_post,0,1000,1000,0.0,0.0,148047331,1000,1000,1000,1000,0,0,0,0
1785436281.4634814,idle_post,0,1000,1000,0.0,0.0,148062255,1000,1000,1000,1000,0,0,0,0
1785436281.4844115,idle_post,0,1000,1000,0.0,0.0,148084710,1000,1000,1000,1000,0,0,0,0
1785436281.5066404,idle_post,0,1000,1000,0.0,0.0,148104228,1000,1000,1000,1000,0,0,0,0
1785436281.529463,idle_post,0,1000,1000,0.0,0.0,148125147,1000,1000,1000,1000,0,0,0,0
1785436281.5470731,idle_post,0,1000,1000,0.0,0.0,148144610,1000,1000,1000,1000,0,0,0,0
1785436281.5636518,idle_post,0,1000,1000,0.0,0.0,148164118,1000,1000,1000,1000,0,0,0,0
1785436281.5844119,idle_post,0,1000,1000,0.0,0.0,148185048,1000,1000,1000,1000,0,0,0,0
1785436281.6066618,idle_post,0,1000,1000,0.0,0.0,148204511,1000,1000,1000,1000,0,0,0,0
1785436281.628787,idle_post,0,1000,1000,0.0,0.0,148224014,1000,1000,1000,1000,0,0,0,0
1785436281.6443923,idle_post,0,1000,1000,0.0,0.0,148244939,1000,1000,1000,1000,0,0,0,0
1785436281.66688,idle_post,0,1000,1000,0.0,0.0,148264404,1000,1000,1000,1000,0,0,0,0
1785436281.6836066,idle_post,0,1000,1000,0.0,0.0,148282369,1000,1000,1000,1000,0,0,0,0
1785436281.7044094,idle_post,0,1000,1000,0.0,0.0,148304840,1000,1000,1000,1000,0,0,0,0
1785436281.7296846,idle_post,0,1000,1000,0.0,0.0,148324299,1000,1000,1000,1000,0,0,0,0
1785436281.7436266,idle_post,0,1000,1000,0.0,0.0,148342284,1000,1000,1000,1000,0,0,0,0
1785436281.764463,idle_post,0,1000,1000,0.0,0.0,148364750,1000,1000,1000,1000,0,0,0,0
1785436281.7866387,idle_post,0,1000,1000,0.0,0.0,148384194,1000,1000,1000,1000,0,0,0,0
1785436281.8036876,idle_post,0,1000,1000,0.0,0.0,148402173,1000,1000,1000,1000,0,0,0,0
1785436281.8271096,idle_post,0,1000,1000,0.0,0.0,148424647,1000,1000,1000,1000,0,0,0,0
1785436281.8479292,idle_post,0,1000,1000,0.0,0.0,148447085,1000,1000,1000,1000,0,0,0,0
1785436281.8644915,idle_post,0,1000,1000,0.0,0.0,148465052,1000,1000,1000,1000,0,0,0,0
1785436281.8833976,idle_post,0,1000,1000,0.0,0.0,148484517,1000,1000,1000,1000,0,0,0,0
1785436281.9045243,idle_post,0,1000,1000,0.0,0.0,148505481,1000,1000,1000,1000,0,0,0,0
1785436281.9292052,idle_post,0,1000,1000,0.0,0.0,148524945,1000,1000,1000,1000,0,0,0,0
1785436281.9438496,idle_post,0,1000,1000,0.0,0.0,148544515,1000,1000,1000,1000,0,0,0,0
1785436281.9678597,idle_post,0,1000,1000,0.0,0.0,148566874,1000,1000,1000,1000,0,0,0,0
1785436281.9850194,idle_post,0,1000,1000,0.0,0.0,148584838,1000,1000,1000,1000,0,0,0,0
1785436282.006653,idle_post,0,1000,1000,0.0,0.0,148604316,1000,1000,1000,1000,0,0,0,0
1785436282.0287998,idle_post,0,1000,1000,0.0,0.0,148622282,1000,1000,1000,1000,0,0,0,0
1785436282.0445614,idle_post,0,1000,1000,0.0,0.0,148644739,1000,1000,1000,1000,0,0,0,0
1785436282.0666566,idle_post,0,1000,1000,0.0,0.0,148664235,1000,1000,1000,1000,0,0,0,0
1785436282.0835872,idle_post,0,1000,1000,0.0,0.0,148682183,1000,1000,1000,1000,0,0,0,0
1785436282.1046398,idle_post,0,1000,1000,0.0,0.0,148704634,1000,1000,1000,1000,0,0,0,0
1785436282.1292331,idle_post,0,1000,1000,0.0,0.0,148724113,1000,1000,1000,1000,0,0,0,0
1785436282.1435375,idle_post,0,1000,1000,0.0,0.0,148742083,1000,1000,1000,1000,0,0,0,0
1785436282.1679208,idle_post,0,1000,1000,0.0,0.0,148767528,1000,1000,1000,1000,0,0,0,0
1785436282.184439,idle_post,0,1000,1000,0.0,0.0,148785540,1000,1000,1000,1000,0,0,0,0
1785436282.2068627,idle_post,0,1000,1000,0.0,0.0,148804961,1000,1000,1000,1000,0,0,0,0
1785436282.2317061,idle_post,0,1000,1000,0.0,0.0,148824430,1000,1000,1000,1000,0,0,0,0
1785436282.2434106,idle_post,0,1000,1000,0.0,0.0,148842467,1000,1000,1000,1000,0,0,0,0
1785436282.2650828,idle_post,0,1000,1000,0.0,0.0,148864853,1000,1000,1000,1000,0,0,0,0
1785436282.2866793,idle_post,0,1000,1000,0.0,0.0,148884328,1000,1000,1000,1000,0,0,0,0
1785436282.3050702,idle_post,0,1000,1000,0.0,0.0,148905335,1000,1000,1000,1000,0,0,0,0
1785436282.3292286,idle_post,0,1000,1000,0.0,0.0,148924750,1000,1000,1000,1000,0,0,0,0
1785436282.3434126,idle_post,0,1000,1000,0.0,0.0,148944216,1000,1000,1000,1000,0,0,0,0
1785436282.3644152,idle_post,0,1000,1000,0.0,0.0,148965237,1000,1000,1000,1000,0,0,0,0
1785436282.384672,idle_post,0,1000,1000,0.0,0.0,148984656,1000,1000,1000,1000,0,0,0,0
1785436282.406682,idle_post,0,1000,1000,0.0,0.0,149004114,1000,1000,1000,1000,0,0,0,0
1785436282.42716,idle_post,0,1000,1000,0.0,0.0,149025178,1000,1000,1000,1000,0,0,0,0
1785436282.4438019,idle_post,0,1000,1000,0.0,0.0,149043046,1000,1000,1000,1000,0,0,0,0
1785436282.4634767,idle_post,0,1000,1000,0.0,0.0,149064088,1000,1000,1000,1000,0,0,0,0
1785436282.4846172,idle_post,0,1000,1000,0.0,0.0,149083480,1000,1000,1000,1000,0,0,0,0
1785436282.5066786,idle_post,0,1000,1000,0.0,0.0,149105945,1000,1000,1000,1000,0,0,0,0
1785436282.5265198,idle_post,0,1000,1000,0.0,0.0,149123901,1000,1000,1000,1000,0,0,0,0
1785436282.5444183,idle_post,0,1000,1000,0.0,0.0,149143375,1000,1000,1000,1000,0,0,0,0
1785436282.5666819,idle_post,0,1000,1000,0.0,0.0,149165832,1000,1000,1000,1000,0,0,0,0
1785436282.5834212,idle_post,0,1000,1000,0.0,0.0,149183797,1000,1000,1000,1000,0,0,0,0
1785436282.6044207,idle_post,0,1000,1000,0.0,0.0,149203276,1000,1000,1000,1000,0,0,0,0
1785436282.6292338,idle_post,0,1000,1000,0.0,0.0,149225725,1000,1000,1000,1000,0,0,0,0
1785436282.6437278,idle_post,0,1000,1000,0.0,0.0,149243693,1000,1000,1000,1000,0,0,0,0
1785436282.6646748,idle_post,0,1000,1000,0.0,0.0,149263167,1000,1000,1000,1000,0,0,0,0
1785436282.686705,idle_post,0,1000,1000,0.0,0.0,149285703,1000,1000,1000,1000,0,0,0,0
1785436282.7046766,idle_post,0,1000,1000,0.0,0.0,149303589,1000,1000,1000,1000,0,0,0,0
1785436282.7298338,idle_post,0,1000,1000,0.0,0.0,149326060,1000,1000,1000,1000,0,0,0,0
1785436282.743752,idle_post,0,1000,1000,0.0,0.0,149344021,1000,1000,1000,1000,0,0,0,0
1785436282.764436,idle_post,0,1000,1000,0.0,0.0,149363489,1000,1000,1000,1000,0,0,0,0
1785436282.7841234,idle_post,0,1000,1000,0.0,0.0,149382984,1000,1000,1000,1000,0,0,0,0
1785436282.8044436,idle_post,0,1000,1000,0.0,0.0,149405416,1000,1000,1000,1000,0,0,0,0
1785436282.8292687,idle_post,0,1000,1000,0.0,0.0,149427878,1000,1000,1000,1000,0,0,0,0
1785436282.84762,idle_post,0,1000,1000,0.0,0.0,149445840,1000,1000,1000,1000,0,0,0,0
1785436282.864431,idle_post,0,1000,1000,0.0,0.0,149463815,1000,1000,1000,1000,0,0,0,0
1785436282.8866885,idle_post,0,1000,1000,0.0,0.0,149486276,1000,1000,1000,1000,0,0,0,0
1785436282.9035008,idle_post,0,1000,1000,0.0,0.0,149504286,1000,1000,1000,1000,0,0,0,0
1785436282.9269245,idle_post,0,1000,1000,0.0,0.0,149523708,1000,1000,1000,1000,0,0,0,0
1785436282.9466722,idle_post,0,1000,1000,0.0,0.0,149546170,1000,1000,1000,1000,0,0,0,0
1785436282.9634526,idle_post,0,1000,1000,0.0,0.0,149564183,1000,1000,1000,1000,0,0,0,0
1785436282.9845362,idle_post,0,1000,1000,0.0,0.0,149583658,1000,1000,1000,1000,0,0,0,0
1785436283.0073237,idle_post,0,1000,1000,0.0,0.0,149606090,1000,1000,1000,1000,0,0,0,0
1785436283.0287547,idle_post,0,1000,1000,0.0,0.0,149624087,1000,1000,1000,1000,0,0,0,0
1785436283.0449016,idle_post,0,1000,1000,0.0,0.0,149643501,1000,1000,1000,1000,0,0,0,0
1785436283.0639403,idle_post,0,1000,1000,0.0,0.0,149662967,1000,1000,1000,1000,0,0,0,0
1785436283.0844646,idle_post,0,1000,1000,0.0,0.0,149685426,1000,1000,1000,1000,0,0,0,0
1785436283.1066945,idle_post,0,1000,1000,0.0,0.0,149706439,1000,1000,1000,1000,0,0,0,0
1785436283.1271038,idle_post,0,1000,1000,0.0,0.0,149725856,1000,1000,1000,1000,0,0,0,0
1785436283.1434832,idle_post,0,1000,1000,0.0,0.0,149743873,1000,1000,1000,1000,0,0,0,0
1785436283.1646318,idle_post,0,1000,1000,0.0,0.0,149763293,1000,1000,1000,1000,0,0,0,0
1785436283.1867003,idle_post,0,1000,1000,0.0,0.0,149785753,1000,1000,1000,1000,0,0,0,0
1785436283.2034686,idle_post,0,1000,1000,0.0,0.0,149803766,1000,1000,1000,1000,0,0,0,0
1785436283.2292306,idle_post,0,1000,1000,0.0,0.0,149826232,1000,1000,1000,1000,0,0,0,0
1785436283.2434425,idle_post,0,1000,1000,0.0,0.0,149844151,1000,1000,1000,1000,0,0,0,0
1785436283.2644432,idle_post,0,1000,1000,0.0,0.0,149863664,1000,1000,1000,1000,0,0,0,0
1785436283.2867131,idle_post,0,1000,1000,0.0,0.0,149886127,1000,1000,1000,1000,0,0,0,0
1785436283.3035204,idle_post,0,1000,1000,0.0,0.0,149904055,1000,1000,1000,1000,0,0,0,0
1785436283.3269477,idle_post,0,1000,1000,0.0,0.0,149923560,1000,1000,1000,1000,0,0,0,0
1785436283.346861,idle_post,0,1000,1000,0.0,0.0,149946038,1000,1000,1000,1000,0,0,0,0
1785436283.3634417,idle_post,0,1000,1000,0.0,0.0,149963954,1000,1000,1000,1000,0,0,0,0
1785436283.3844986,idle_post,0,1000,1000,0.0,0.0,149983461,1000,1000,1000,1000,0,0,0,0
1785436283.406798,idle_post,0,1000,1000,0.0,0.0,150005976,1000,1000,1000,1000,0,0,0,0
1785436283.428745,idle_post,0,1000,1000,0.0,0.0,150023848,1000,1000,1000,1000,0,0,0,0
1785436283.4466968,idle_post,0,1000,1000,0.0,0.0,150044804,1000,1000,1000,1000,0,0,0,0
1785436283.4640663,idle_post,0,1000,1000,0.0,0.0,150064267,1000,1000,1000,1000,0,0,0,0
1785436283.4844694,idle_post,0,1000,1000,0.0,0.0,150085234,1000,1000,1000,1000,0,0,0,0
1785436283.5069878,idle_post,0,1000,1000,0.0,0.0,150104697,1000,1000,1000,1000,0,0,0,0
1785436283.5286498,idle_post,0,1000,1000,0.0,0.0,150124168,1000,1000,1000,1000,0,0,0,0
1785436283.5444715,idle_post,0,1000,1000,0.0,0.0,150145128,1000,1000,1000,1000,0,0,0,0
1785436283.566683,idle_post,0,1000,1000,0.0,0.0,150164602,1000,1000,1000,1000,0,0,0,0
1785436283.5835724,idle_post,0,1000,1000,0.0,0.0,150184056,1000,1000,1000,1000,0,0,0,0
1785436283.6044922,idle_post,0,1000,1000,0.0,0.0,150205021,1000,1000,1000,1000,0,0,0,0
1785436283.6268475,idle_post,0,1000,1000,0.0,0.0,150224486,1000,1000,1000,1000,0,0,0,0
1785436283.6464972,idle_post,0,1000,1000,0.0,0.0,150245508,1000,1000,1000,1000,0,0,0,0
1785436283.6664722,idle_post,0,1000,1000,0.0,0.0,150264919,1000,1000,1000,1000,0,0,0,0
1785436283.6868021,idle_post,0,1000,1000,0.0,0.0,150284391,1000,1000,1000,1000,0,0,0,0
1785436283.703545,idle_post,0,1000,1000,0.0,0.0,150302353,1000,1000,1000,1000,0,0,0,0
1785436283.726943,idle_post,0,1000,1000,0.0,0.0,150324856,1000,1000,1000,1000,0,0,0,0
1785436283.746705,idle_post,0,1000,1000,0.0,0.0,150344299,1000,1000,1000,1000,0,0,0,0
1785436283.7634847,idle_post,0,1000,1000,0.0,0.0,150362250,1000,1000,1000,1000,0,0,0,0
1785436283.7844741,idle_post,0,1000,1000,0.0,0.0,150384709,1000,1000,1000,1000,0,0,0,0
1785436283.8066938,idle_post,0,1000,1000,0.0,0.0,150404178,1000,1000,1000,1000,0,0,0,0
1785436283.8287647,idle_post,0,1000,1000,0.0,0.0,150422149,1000,1000,1000,1000,0,0,0,0
1785436283.8457727,idle_post,0,1000,1000,0.0,0.0,150444607,1000,1000,1000,1000,0,0,0,0
1785436283.863515,idle_post,0,1000,1000,0.0,0.0,150464068,1000,1000,1000,1000,0,0,0,0
1785436283.8845937,idle_post,0,1000,1000,0.0,0.0,150485083,1000,1000,1000,1000,0,0,0,0
1785436283.9067366,idle_post,0,1000,1000,0.0,0.0,150504503,1000,1000,1000,1000,0,0,0,0
1785436283.9286,idle_post,0,1000,1000,0.0,0.0,150522517,1000,1000,1000,1000,0,0,0,0
1785436283.9444885,idle_post,0,1000,1000,0.0,0.0,150544983,1000,1000,1000,1000,0,0,0,0
1785436283.9667106,idle_post,0,1000,1000,0.0,0.0,150564398,1000,1000,1000,1000,0,0,0,0
1785436283.9835138,idle_post,0,1000,1000,0.0,0.0,150582410,1000,1000,1000,1000,0,0,0,0
1785436284.0044987,idle_post,0,1000,1000,0.0,0.0,150604875,1000,1000,1000,1000,0,0,0,0
1785436284.0295527,idle_post,0,1000,1000,0.0,0.0,150624296,1000,1000,1000,1000,0,0,0,0
1785436284.0435104,idle_post,0,1000,1000,0.0,0.0,150642310,1000,1000,1000,1000,0,0,0,0
1785436284.064681,idle_post,0,1000,1000,0.0,0.0,150664771,1000,1000,1000,1000,0,0,0,0
1785436284.083505,idle_post,0,1000,1000,0.0,0.0,150684189,1000,1000,1000,1000,0,0,0,0
1785436284.1045494,idle_post,0,1000,1000,0.0,0.0,150705152,1000,1000,1000,1000,0,0,0,0
1785436284.1292522,idle_post,0,1000,1000,0.0,0.0,150724669,1000,1000,1000,1000,0,0,0,0
1785436284.1435363,idle_post,0,1000,1000,0.0,0.0,150744086,1000,1000,1000,1000,0,0,0,0
1785436284.1645856,idle_post,0,1000,1000,0.0,0.0,150765045,1000,1000,1000,1000,0,0,0,0
1785436284.1867542,idle_post,0,1000,1000,0.0,0.0,150784565,1000,1000,1000,1000,0,0,0,0
1785436284.203529,idle_post,0,1000,1000,0.0,0.0,150802586,1000,1000,1000,1000,0,0,0,0
1785436284.2314992,idle_post,0,1000,1000,0.0,0.0,150824943,1000,1000,1000,1000,0,0,0,0
1785436284.2435873,idle_post,0,1000,1000,0.0,0.0,150844456,1000,1000,1000,1000,0,0,0,0
1785436284.263506,idle_post,0,1000,1000,0.0,0.0,150862385,1000,1000,1000,1000,0,0,0,0
1785436284.284473,idle_post,0,1000,1000,0.0,0.0,150884838,1000,1000,1000,1000,0,0,0,0
1785436284.306705,idle_post,0,1000,1000,0.0,0.0,150904359,1000,1000,1000,1000,0,0,0,0
1785436284.329191,idle_post,0,1000,1000,0.0,0.0,150925274,1000,1000,1000,1000,0,0,0,0
1785436284.3444757,idle_post,0,1000,1000,0.0,0.0,150944735,1000,1000,1000,1000,0,0,0,0
1785436284.3636255,idle_post,0,1000,1000,0.0,0.0,150964255,1000,1000,1000,1000,0,0,0,0
1785436284.384497,idle_post,0,1000,1000,0.0,0.0,150985165,1000,1000,1000,1000,0,0,0,0
1785436284.4038036,idle_post,0,1000,1000,0.0,0.0,151004633,1000,1000,1000,1000,0,0,0,0
1785436284.427724,idle_post,0,1000,1000,0.0,0.0,151024199,1000,1000,1000,1000,0,0,0,0
1785436284.4444833,idle_post,0,1000,1000,0.0,0.0,151043566,1000,1000,1000,1000,0,0,0,0
1785436284.4671485,idle_post,0,1000,1000,0.0,0.0,151066066,1000,1000,1000,1000,0,0,0,0
1785436284.4834871,idle_post,0,1000,1000,0.0,0.0,151084044,1000,1000,1000,1000,0,0,0,0
1785436284.504484,idle_post,0,1000,1000,0.0,0.0,151103459,1000,1000,1000,1000,0,0,0,0
1785436284.5292616,idle_post,0,1000,1000,0.0,0.0,151125922,1000,1000,1000,1000,0,0,0,0
1785436284.543694,idle_post,0,1000,1000,0.0,0.0,151143946,1000,1000,1000,1000,0,0,0,0
1785436284.5644808,idle_post,0,1000,1000,0.0,0.0,151163358,1000,1000,1000,1000,0,0,0,0
1785436284.5867472,idle_post,0,1000,1000,0.0,0.0,151185845,1000,1000,1000,1000,0,0,0,0
1785436284.6035163,idle_post,0,1000,1000,0.0,0.0,151203843,1000,1000,1000,1000,0,0,0,0
1785436284.6272073,idle_post,0,1000,1000,0.0,0.0,151223257,1000,1000,1000,1000,0,0,0,0
1785436284.646761,idle_post,0,1000,1000,0.0,0.0,151245719,1000,1000,1000,1000,0,0,0,0
1785436284.6635516,idle_post,0,1000,1000,0.0,0.0,151263727,1000,1000,1000,1000,0,0,0,0
1785436284.684539,idle_post,0,1000,1000,0.0,0.0,151283149,1000,1000,1000,1000,0,0,0,0
1785436284.706864,idle_post,0,1000,1000,0.0,0.0,151305613,1000,1000,1000,1000,0,0,0,0
1785436284.72999,idle_post,0,1000,1000,0.0,0.0,151323627,1000,1000,1000,1000,0,0,0,0
1785436284.7467234,idle_post,0,1000,1000,0.0,0.0,151346084,1000,1000,1000,1000,0,0,0,0
1785436284.7640264,idle_post,0,1000,1000,0.0,0.0,151364064,1000,1000,1000,1000,0,0,0,0
1785436284.7845309,idle_post,0,1000,1000,0.0,0.0,151383525,1000,1000,1000,1000,0,0,0,0
1785436284.8073275,idle_post,0,1000,1000,0.0,0.0,151405986,1000,1000,1000,1000,0,0,0,0
1785436284.828901,idle_post,0,1000,1000,0.0,0.0,151423903,1000,1000,1000,1000,0,0,0,0
1785436284.844644,idle_post,0,1000,1000,0.0,0.0,151443415,1000,1000,1000,1000,0,0,0,0
1785436284.8667452,idle_post,0,1000,1000,0.0,0.0,151465871,1000,1000,1000,1000,0,0,0,0
1785436284.8851857,idle_post,0,1000,1000,0.0,0.0,151485297,1000,1000,1000,1000,0,0,0,0
1785436284.9068453,idle_post,0,1000,1000,0.0,0.0,151506264,1000,1000,1000,1000,0,0,0,0
1785436284.9297647,idle_post,0,1000,1000,0.0,0.0,151525793,1000,1000,1000,1000,0,0,0,0
1785436284.9478133,idle_post,0,1000,1000,0.0,0.0,151546688,1000,1000,1000,1000,0,0,0,0
1785436284.964535,idle_post,0,1000,1000,0.0,0.0,151563213,1000,1000,1000,1000,0,0,0,0
1785436284.986781,idle_post,0,1000,1000,0.0,0.0,151585666,1000,1000,1000,1000,0,0,0,0
1785436285.0044982,idle_post,0,1000,1000,0.0,0.0,151603592,1000,1000,1000,1000,0,0,0,0
1785436285.0297487,idle_post,0,1000,1000,0.0,0.0,151626050,1000,1000,1000,1000,0,0,0,0
1785436285.0434968,idle_post,0,1000,1000,0.0,0.0,151644021,1000,1000,1000,1000,0,0,0,0
1785436285.0645614,idle_post,0,1000,1000,0.0,0.0,151663487,1000,1000,1000,1000,0,0,0,0
1785436285.0869627,idle_post,0,1000,1000,0.0,0.0,151685947,1000,1000,1000,1000,0,0,0,0
1785436285.1036203,idle_post,0,1000,1000,0.0,0.0,151703943,1000,1000,1000,1000,0,0,0,0
1785436285.1270344,idle_post,0,1000,1000,0.0,0.0,151723384,1000,1000,1000,1000,0,0,0,0
1785436285.146765,idle_post,0,1000,1000,0.0,0.0,151745838,1000,1000,1000,1000,0,0,0,0
1785436285.1636312,idle_post,0,1000,1000,0.0,0.0,151763811,1000,1000,1000,1000,0,0,0,0
1785436285.1864254,idle_post,0,1000,1000,0.0,0.0,151786339,1000,1000,1000,1000,0,0,0,0
1785436285.2067804,idle_post,0,1000,1000,0.0,0.0,151805752,1000,1000,1000,1000,0,0,0,0
1785436285.2307186,idle_post,0,1000,1000,0.0,0.0,151823703,1000,1000,1000,1000,0,0,0,0
1785436285.2467935,idle_post,0,1000,1000,0.0,0.0,151846169,1000,1000,1000,1000,0,0,0,0
1785436285.2641783,idle_post,0,1000,1000,0.0,0.0,151864133,1000,1000,1000,1000,0,0,0,0
1785436285.2845278,idle_post,0,1000,1000,0.0,0.0,151883605,1000,1000,1000,1000,0,0,0,0
1785436285.3042946,idle_post,0,1000,1000,0.0,0.0,151903065,1000,1000,1000,1000,0,0,0,0
1785436285.3270102,idle_post,0,1000,1000,0.0,0.0,151925532,1000,1000,1000,1000,0,0,0,0
1785436285.347384,idle_post,0,1000,1000,0.0,0.0,151946496,1000,1000,1000,1000,0,0,0,0
1785436285.3635056,idle_post,0,1000,1000,0.0,0.0,151962973,1000,1000,1000,1000,0,0,0,0
1785436285.384505,idle_post,0,1000,1000,0.0,0.0,151985424,1000,1000,1000,1000,0,0,0,0
1785436285.4067678,idle_post,0,1000,1000,0.0,0.0,152006391,1000,1000,1000,1000,0,0,0,0
1785436285.4293504,idle_post,0,1000,1000,0.0,0.0,152022855,1000,1000,1000,1000,0,0,0,0
1785436285.4435732,idle_post,0,1000,1000,0.0,0.0,152043822,1000,1000,1000,1000,0,0,0,0
1785436285.4645126,idle_post,0,1000,1000,0.0,0.0,152064829,1000,1000,1000,1000,0,0,0,0
1785436285.4868681,idle_post,0,1000,1000,0.0,0.0,152084292,1000,1000,1000,1000,0,0,0,0
1785436285.5045397,idle_post,0,1000,1000,0.0,0.0,152105218,1000,1000,1000,1000,0,0,0,0
1785436285.5293534,idle_post,0,1000,1000,0.0,0.0,152124728,1000,1000,1000,1000,0,0,0,0
1785436285.5440893,idle_post,0,1000,1000,0.0,0.0,152144152,1000,1000,1000,1000,0,0,0,0
1785436285.5645125,idle_post,0,1000,1000,0.0,0.0,152165112,1000,1000,1000,1000,0,0,0,0
1785436285.5867555,idle_post,0,1000,1000,0.0,0.0,152184624,1000,1000,1000,1000,0,0,0,0
1785436285.6038487,idle_post,0,1000,1000,0.0,0.0,152204048,1000,1000,1000,1000,0,0,0,0
1785436285.6272333,idle_post,0,1000,1000,0.0,0.0,152225011,1000,1000,1000,1000,0,0,0,0
1785436285.6467433,idle_post,0,1000,1000,0.0,0.0,152244522,1000,1000,1000,1000,0,0,0,0
1785436285.6635954,idle_post,0,1000,1000,0.0,0.0,152262445,1000,1000,1000,1000,0,0,0,0
1785436285.6852512,idle_post,0,1000,1000,0.0,0.0,152284978,1000,1000,1000,1000,0,0,0,0
1785436285.7067933,idle_post,0,1000,1000,0.0,0.0,152304418,1000,1000,1000,1000,0,0,0,0
1785436285.728585,idle_post,0,1000,1000,0.0,0.0,152322339,1000,1000,1000,1000,0,0,0,0
1785436285.745283,idle_post,0,1000,1000,0.0,0.0,152344799,1000,1000,1000,1000,0,0,0,0
1785436285.7667475,idle_post,0,1000,1000,0.0,0.0,152364313,1000,1000,1000,1000,0,0,0,0
1785436285.7835696,idle_post,0,1000,1000,0.0,0.0,152382250,1000,1000,1000,1000,0,0,0,0
1785436285.8045206,idle_post,0,1000,1000,0.0,0.0,152404694,1000,1000,1000,1000,0,0,0,0
1785436285.8288002,idle_post,0,1000,1000,0.0,0.0,152424208,1000,1000,1000,1000,0,0,0,0
1785436285.8445926,idle_post,0,1000,1000,0.0,0.0,152445125,1000,1000,1000,1000,0,0,0,0
1785436285.8667853,idle_post,0,1000,1000,0.0,0.0,152464593,1000,1000,1000,1000,0,0,0,0
1785436285.8835196,idle_post,0,1000,1000,0.0,0.0,152484100,1000,1000,1000,1000,0,0,0,0
1785436285.9045932,idle_post,0,1000,1000,0.0,0.0,152505019,1000,1000,1000,1000,0,0,0,0
1785436285.9293504,idle_post,0,1000,1000,0.0,0.0,152524487,1000,1000,1000,1000,0,0,0,0
1785436285.943525,idle_post,0,1000,1000,0.0,0.0,152542455,1000,1000,1000,1000,0,0,0,0
1785436285.9645245,idle_post,0,1000,1000,0.0,0.0,152564918,1000,1000,1000,1000,0,0,0,0
1785436285.9867547,idle_post,0,1000,1000,0.0,0.0,152584387,1000,1000,1000,1000,0,0,0,0
1785436286.003549,idle_post,0,1000,1000,0.0,0.0,152602351,1000,1000,1000,1000,0,0,0,0
1785436286.0272493,idle_post,0,1000,1000,0.0,0.0,152624811,1000,1000,1000,1000,0,0,0,0
1785436286.0467734,idle_post,0,1000,1000,0.0,0.0,152644281,1000,1000,1000,1000,0,0,0,0
1785436286.0635357,idle_post,0,1000,1000,0.0,0.0,152662248,1000,1000,1000,1000,0,0,0,0
1785436286.0845425,idle_post,0,1000,1000,0.0,0.0,152684707,1000,1000,1000,1000,0,0,0,0
1785436286.1068397,idle_post,0,1000,1000,0.0,0.0,152704178,1000,1000,1000,1000,0,0,0,0
1785436286.1282613,idle_post,0,1000,1000,0.0,0.0,152725145,1000,1000,1000,1000,0,0,0,0
1785436286.1468427,idle_post,0,1000,1000,0.0,0.0,152744607,1000,1000,1000,1000,0,0,0,0
1785436286.163938,idle_post,0,1000,1000,0.0,0.0,152764069,1000,1000,1000,1000,0,0,0,0
1785436286.185216,idle_post,0,1000,1000,0.0,0.0,152785038,1000,1000,1000,1000,0,0,0,0
1785436286.2068148,idle_post,0,1000,1000,0.0,0.0,152804554,1000,1000,1000,1000,0,0,0,0
1785436286.231263,idle_post,0,1000,1000,0.0,0.0,152825497,1000,1000,1000,1000,0,0,0,0
1785436286.2442727,idle_post,0,1000,1000,0.0,0.0,152844940,1000,1000,1000,1000,0,0,0,0
1785436286.2652225,idle_post,0,1000,1000,0.0,0.0,152864393,1000,1000,1000,1000,0,0,0,0
1785436286.283585,idle_post,0,1000,1000,0.0,0.0,152882368,1000,1000,1000,1000,0,0,0,0
1785436286.304545,idle_post,0,1000,1000,0.0,0.0,152904830,1000,1000,1000,1000,0,0,0,0
1785436286.3285499,idle_post,0,1000,1000,0.0,0.0,152924294,1000,1000,1000,1000,0,0,0,0
1785436286.3440387,idle_post,0,1000,1000,0.0,0.0,152945258,1000,1000,1000,1000,0,0,0,0
1785436286.3645513,idle_post,0,1000,1000,0.0,0.0,152964725,1000,1000,1000,1000,0,0,0,0
1785436286.3867683,idle_post,0,1000,1000,0.0,0.0,152984188,1000,1000,1000,1000,0,0,0,0
1785436286.4045644,idle_post,0,1000,1000,0.0,0.0,153005249,1000,1000,1000,1000,0,0,0,0
1785436286.4296837,idle_post,0,1000,1000,0.0,0.0,153024625,1000,1000,1000,1000,0,0,0,0
1785436286.44356,idle_post,0,1000,1000,0.0,0.0,153044080,1000,1000,1000,1000,0,0,0,0
1785436286.4668252,idle_post,0,1000,1000,0.0,0.0,153066556,1000,1000,1000,1000,0,0,0,0
1785436286.484723,idle_post,0,1000,1000,0.0,0.0,153083065,1000,1000,1000,1000,0,0,0,0
1785436286.5036452,idle_post,0,1000,1000,0.0,0.0,153103981,1000,1000,1000,1000,0,0,0,0
1785436286.5293794,idle_post,0,1000,1000,0.0,0.0,153126449,1000,1000,1000,1000,0,0,0,0
1785436286.545178,idle_post,0,1000,1000,0.0,0.0,153145906,1000,1000,1000,1000,0,0,0,0
1785436286.5635498,idle_post,0,1000,1000,0.0,0.0,153163879,1000,1000,1000,1000,0,0,0,0
1785436286.5867739,idle_post,0,1000,1000,0.0,0.0,153186338,1000,1000,1000,1000,0,0,0,0
1785436286.6041527,idle_post,0,1000,1000,0.0,0.0,153202865,1000,1000,1000,1000,0,0,0,0
1785436286.6273272,idle_post,0,1000,1000,0.0,0.0,153225311,1000,1000,1000,1000,0,0,0,0
1785436286.644549,idle_post,0,1000,1000,0.0,0.0,153243241,1000,1000,1000,1000,0,0,0,0
1785436286.666884,idle_post,0,1000,1000,0.0,0.0,153265699,1000,1000,1000,1000,0,0,0,0
1785436286.6835806,idle_post,0,1000,1000,0.0,0.0,153283669,1000,1000,1000,1000,0,0,0,0
1785436286.7035768,idle_post,0,1000,1000,0.0,0.0,153303206,1000,1000,1000,1000,0,0,0,0
1785436286.7290502,idle_post,0,1000,1000,0.0,0.0,153324134,1000,1000,1000,1000,0,0,0,0
1785436286.7445512,idle_post,0,1000,1000,0.0,0.0,153343568,1000,1000,1000,1000,0,0,0,0
1785436286.7668393,idle_post,0,1000,1000,0.0,0.0,153366027,1000,1000,1000,1000,0,0,0,0
1785436286.7845829,idle_post,0,1000,1000,0.0,0.0,153385507,1000,1000,1000,1000,0,0,0,0
1785436286.8068635,idle_post,0,1000,1000,0.0,0.0,153406455,1000,1000,1000,1000,0,0,0,0
1785436286.8264558,idle_post,0,1000,1000,0.0,0.0,153422923,1000,1000,1000,1000,0,0,0,0
1785436286.8463762,idle_post,0,1000,1000,0.0,0.0,153445389,1000,1000,1000,1000,0,0,0,0
1785436286.8636303,idle_post,0,1000,1000,0.0,0.0,153463356,1000,1000,1000,1000,0,0,0,0
1785436286.8835573,idle_post,0,1000,1000,0.0,0.0,153482828,1000,1000,1000,1000,0,0,0,0
1785436286.9045744,idle_post,0,1000,1000,0.0,0.0,153505283,1000,1000,1000,1000,0,0,0,0
1785436286.9286587,idle_post,0,1000,1000,0.0,0.0,153526248,1000,1000,1000,1000,0,0,0,0
1785436286.9435546,idle_post,0,1000,1000,0.0,0.0,153544211,1000,1000,1000,1000,0,0,0,0
1785436286.9656277,idle_post,0,1000,1000,0.0,0.0,153563685,1000,1000,1000,1000,0,0,0,0
1785436286.9836764,idle_post,0,1000,1000,0.0,0.0,153583146,1000,1000,1000,1000,0,0,0,0
1785436287.007824,idle_post,0,1000,1000,0.0,0.0,153605614,1000,1000,1000,1000,0,0,0,0
1785436287.0288775,idle_post,0,1000,1000,0.0,0.0,153626570,1000,1000,1000,1000,0,0,0,0
1785436287.043587,idle_post,0,1000,1000,0.0,0.0,153643043,1000,1000,1000,1000,0,0,0,0
1785436287.0670235,idle_post,0,1000,1000,0.0,0.0,153665512,1000,1000,1000,1000,0,0,0,0
1785436287.0868933,idle_post,0,1000,1000,0.0,0.0,153686467,1000,1000,1000,1000,0,0,0,0
1785436287.1035676,idle_post,0,1000,1000,0.0,0.0,153702937,1000,1000,1000,1000,0,0,0,0
1785436287.1286788,idle_post,0,1000,1000,0.0,0.0,153725402,1000,1000,1000,1000,0,0,0,0
1785436287.1437306,idle_post,0,1000,1000,0.0,0.0,153743371,1000,1000,1000,1000,0,0,0,0
1785436287.1668234,idle_post,0,1000,1000,0.0,0.0,153765836,1000,1000,1000,1000,0,0,0,0
1785436287.184448,idle_post,0,1000,1000,0.0,0.0,153785304,1000,1000,1000,1000,0,0,0,0
1785436287.20467,idle_post,0,1000,1000,0.0,0.0,153803270,1000,1000,1000,1000,0,0,0,0
1785436287.2315464,idle_post,0,1000,1000,0.0,0.0,153825767,1000,1000,1000,1000,0,0,0,0
1785436287.244653,idle_post,0,1000,1000,0.0,0.0,153843717,1000,1000,1000,1000,0,0,0,0
1785436287.2668674,idle_post,0,1000,1000,0.0,0.0,153866151,1000,1000,1000,1000,0,0,0,0
1785436287.2837584,idle_post,0,1000,1000,0.0,0.0,153884168,1000,1000,1000,1000,0,0,0,0
1785436287.3051393,idle_post,0,1000,1000,0.0,0.0,153903591,1000,1000,1000,1000,0,0,0,0
1785436287.3293686,idle_post,0,1000,1000,0.0,0.0,153926058,1000,1000,1000,1000,0,0,0,0
1785436287.3436594,idle_post,0,1000,1000,0.0,0.0,153944062,1000,1000,1000,1000,0,0,0,0
1785436287.3654778,idle_post,0,1000,1000,0.0,0.0,153963490,1000,1000,1000,1000,0,0,0,0
1785436287.3868127,idle_post,0,1000,1000,0.0,0.0,153985946,1000,1000,1000,1000,0,0,0,0
1785436287.4035923,idle_post,0,1000,1000,0.0,0.0,154003961,1000,1000,1000,1000,0,0,0,0
1785436287.4277284,idle_post,0,1000,1000,0.0,0.0,154023474,1000,1000,1000,1000,0,0,0,0
1785436287.4472914,idle_post,0,1000,1000,0.0,0.0,154045842,1000,1000,1000,1000,0,0,0,0
1785436287.4639084,idle_post,0,1000,1000,0.0,0.0,154062317,1000,1000,1000,1000,0,0,0,0
1785436287.4851787,idle_post,0,1000,1000,0.0,0.0,154084776,1000,1000,1000,1000,0,0,0,0
1785436287.506815,idle_post,0,1000,1000,0.0,0.0,154104240,1000,1000,1000,1000,0,0,0,0
1785436287.5286393,idle_post,0,1000,1000,0.0,0.0,154126711,1000,1000,1000,1000,0,0,0,0
1785436287.5445771,idle_post,0,1000,1000,0.0,0.0,154144672,1000,1000,1000,1000,0,0,0,0
1785436287.5648215,idle_post,0,1000,1000,0.0,0.0,154164134,1000,1000,1000,1000,0,0,0,0
1785436287.5845754,idle_post,0,1000,1000,0.0,0.0,154185105,1000,1000,1000,1000,0,0,0,0
1785436287.6069016,idle_post,0,1000,1000,0.0,0.0,154204577,1000,1000,1000,1000,0,0,0,0
1785436287.6265938,idle_post,0,1000,1000,0.0,0.0,154222545,1000,1000,1000,1000,0,0,0,0
1785436287.6446083,idle_post,0,1000,1000,0.0,0.0,154245000,1000,1000,1000,1000,0,0,0,0
1785436287.666945,idle_post,0,1000,1000,0.0,0.0,154264466,1000,1000,1000,1000,0,0,0,0
1785436287.6841545,idle_post,0,1000,1000,0.0,0.0,154282433,1000,1000,1000,1000,0,0,0,0
1785436287.7069674,idle_post,0,1000,1000,0.0,0.0,154304892,1000,1000,1000,1000,0,0,0,0
1785436287.7286875,idle_post,0,1000,1000,0.0,0.0,154324361,1000,1000,1000,1000,0,0,0,0
1785436287.7482166,idle_post,0,1000,1000,0.0,0.0,154346820,1000,1000,1000,1000,0,0,0,0
1785436287.7668452,idle_post,0,1000,1000,0.0,0.0,154364789,1000,1000,1000,1000,0,0,0,0
1785436287.783579,idle_post,0,1000,1000,0.0,0.0,154384255,1000,1000,1000,1000,0,0,0,0
1785436287.8045814,idle_post,0,1000,1000,0.0,0.0,154405214,1000,1000,1000,1000,0,0,0,0
1785436287.82932,idle_post,0,1000,1000,0.0,0.0,154424683,1000,1000,1000,1000,0,0,0,0
1785436287.8446283,idle_post,0,1000,1000,0.0,0.0,154444153,1000,1000,1000,1000,0,0,0,0
1785436287.8638172,idle_post,0,1000,1000,0.0,0.0,154462126,1000,1000,1000,1000,0,0,0,0
1785436287.8846848,idle_post,0,1000,1000,0.0,0.0,154484596,1000,1000,1000,1000,0,0,0,0
1785436287.9080725,idle_post,0,1000,1000,0.0,0.0,154507040,1000,1000,1000,1000,0,0,0,0
1785436287.9271045,idle_post,0,1000,1000,0.0,0.0,154525012,1000,1000,1000,1000,0,0,0,0
1785436287.9468176,idle_post,0,1000,1000,0.0,0.0,154544477,1000,1000,1000,1000,0,0,0,0
1785436287.9636114,idle_post,0,1000,1000,0.0,0.0,154562449,1000,1000,1000,1000,0,0,0,0
1785436287.984149,idle_post,0,1000,1000,0.0,0.0,154584920,1000,1000,1000,1000,0,0,0,0
1785436288.0068731,idle_post,0,1000,1000,0.0,0.0,154604374,1000,1000,1000,1000,0,0,0,0
1785436288.0288696,idle_post,0,1000,1000,0.0,0.0,154622336,1000,1000,1000,1000,0,0,0,0
1785436288.044593,idle_post,0,1000,1000,0.0,0.0,154644800,1000,1000,1000,1000,0,0,0,0
1785436288.066836,idle_post,0,1000,1000,0.0,0.0,154664269,1000,1000,1000,1000,0,0,0,0
1785436288.083588,idle_post,0,1000,1000,0.0,0.0,154682236,1000,1000,1000,1000,0,0,0,0
1785436288.1069384,idle_post,0,1000,1000,0.0,0.0,154704698,1000,1000,1000,1000,0,0,0,0
1785436288.128701,idle_post,0,1000,1000,0.0,0.0,154724159,1000,1000,1000,1000,0,0,0,0
1785436288.1446211,idle_post,0,1000,1000,0.0,0.0,154745169,1000,1000,1000,1000,0,0,0,0
1785436288.166918,idle_post,0,1000,1000,0.0,0.0,154764675,1000,1000,1000,1000,0,0,0,0
1785436288.183633,idle_post,0,1000,1000,0.0,0.0,154782606,1000,1000,1000,1000,0,0,0,0
1785436288.204671,idle_post,0,1000,1000,0.0,0.0,154805066,1000,1000,1000,1000,0,0,0,0
1785436288.231834,idle_post,0,1000,1000,0.0,0.0,154824490,1000,1000,1000,1000,0,0,0,0
1785436288.2436116,idle_post,0,1000,1000,0.0,0.0,154842509,1000,1000,1000,1000,0,0,0,0
1785436288.2646203,idle_post,0,1000,1000,0.0,0.0,154864969,1000,1000,1000,1000,0,0,0,0
1785436288.2920578,idle_post,0,1000,1000,0.0,0.0,154887428,1000,1000,1000,1000,0,0,0,0
1785436288.3068836,idle_post,0,1000,1000,0.0,0.0,154906844,1000,1000,1000,1000,0,0,0,0
1785436288.3272069,idle_post,0,1000,1000,0.0,0.0,154924861,1000,1000,1000,1000,0,0,0,0
1785436288.346868,idle_post,0,1000,1000,0.0,0.0,154944284,1000,1000,1000,1000,0,0,0,0
1785436288.363664,idle_post,0,1000,1000,0.0,0.0,154962311,1000,1000,1000,1000,0,0,0,0
1785436288.3846474,idle_post,0,1000,1000,0.0,0.0,154984755,1000,1000,1000,1000,0,0,0,0
1785436288.4068346,idle_post,0,1000,1000,0.0,0.0,155004177,1000,1000,1000,1000,0,0,0,0
1785436288.4270642,idle_post,0,1000,1000,0.0,0.0,155022191,1000,1000,1000,1000,0,0,0,0
1785436288.4447153,idle_post,0,1000,1000,0.0,0.0,155044652,1000,1000,1000,1000,0,0,0,0
1785436288.4668941,idle_post,0,1000,1000,0.0,0.0,155065571,1000,1000,1000,1000,0,0,0,0
1785436288.483697,idle_post,0,1000,1000,0.0,0.0,155080542,1000,1000,1000,1000,0,0,0,0
1785436288.506867,idle_post,0,1000,1000,0.0,0.0,155106001,1000,1000,1000,1000,0,0,0,0
1785436288.528668,idle_post,0,1000,1000,0.0,0.0,155123967,1000,1000,1000,1000,0,0,0,0
1785436288.5446112,idle_post,0,1000,1000,0.0,0.0,155143466,1000,1000,1000,1000,0,0,0,0
1785436288.5668485,idle_post,0,1000,1000,0.0,0.0,155165894,1000,1000,1000,1000,0,0,0,0
1785436288.5836048,idle_post,0,1000,1000,0.0,0.0,155183870,1000,1000,1000,1000,0,0,0,0
1785436288.6046295,idle_post,0,1000,1000,0.0,0.0,155203334,1000,1000,1000,1000,0,0,0,0
1785436288.6294336,idle_post,0,1000,1000,0.0,0.0,155225793,1000,1000,1000,1000,0,0,0,0
1785436288.6436083,idle_post,0,1000,1000,0.0,0.0,155243760,1000,1000,1000,1000,0,0,0,0
1785436288.6647224,idle_post,0,1000,1000,0.0,0.0,155263328,1000,1000,1000,1000,0,0,0,0
1785436288.6868672,idle_post,0,1000,1000,0.0,0.0,155284254,1000,1000,1000,1000,0,0,0,0
1785436288.7036867,idle_post,0,1000,1000,0.0,0.0,155303652,1000,1000,1000,1000,0,0,0,0
1785436288.7294269,idle_post,0,1000,1000,0.0,0.0,155326117,1000,1000,1000,1000,0,0,0,0
1785436288.743611,idle_post,0,1000,1000,0.0,0.0,155344127,1000,1000,1000,1000,0,0,0,0
1785436288.7653701,idle_post,0,1000,1000,0.0,0.0,155363552,1000,1000,1000,1000,0,0,0,0
1785436288.7868745,idle_post,0,1000,1000,0.0,0.0,155386017,1000,1000,1000,1000,0,0,0,0
1785436288.8036573,idle_post,0,1000,1000,0.0,0.0,155404027,1000,1000,1000,1000,0,0,0,0
1785436288.8282847,idle_post,0,1000,1000,0.0,0.0,155423450,1000,1000,1000,1000,0,0,0,0
1785436288.8468468,idle_post,0,1000,1000,0.0,0.0,155445908,1000,1000,1000,1000,0,0,0,0
1785436288.8636332,idle_post,0,1000,1000,0.0,0.0,155464012,1000,1000,1000,1000,0,0,0,0
1785436288.886886,idle_post,0,1000,1000,0.0,0.0,155486390,1000,1000,1000,1000,0,0,0,0
1785436288.9036458,idle_post,0,1000,1000,0.0,0.0,155504311,1000,1000,1000,1000,0,0,0,0
1785436288.9297955,idle_post,0,1000,1000,0.0,0.0,155523822,1000,1000,1000,1000,0,0,0,0
1785436288.944619,idle_post,0,1000,1000,0.0,0.0,155543240,1000,1000,1000,1000,0,0,0,0
1785436288.9639142,idle_post,0,1000,1000,0.0,0.0,155564209,1000,1000,1000,1000,0,0,0,0
1785436288.9846349,idle_post,0,1000,1000,0.0,0.0,155583724,1000,1000,1000,1000,0,0,0,0
1785436289.0038538,idle_post,0,1000,1000,0.0,0.0,155604639,1000,1000,1000,1000,0,0,0,0
1785436289.029894,idle_post,0,1000,1000,0.0,0.0,155624104,1000,1000,1000,1000,0,0,0,0
1785436289.0468512,idle_post,0,1000,1000,0.0,0.0,155646557,1000,1000,1000,1000,0,0,0,0
1785436289.063623,idle_post,0,1000,1000,0.0,0.0,155664567,1000,1000,1000,1000,0,0,0,0
1785436289.0846603,idle_post,0,1000,1000,0.0,0.0,155684000,1000,1000,1000,1000,0,0,0,0
1785436289.1037476,idle_post,0,1000,1000,0.0,0.0,155703505,1000,1000,1000,1000,0,0,0,0
1785436289.1286955,idle_post,0,1000,1000,0.0,0.0,155724419,1000,1000,1000,1000,0,0,0,0
1785436289.1446593,idle_post,0,1000,1000,0.0,0.0,155743897,1000,1000,1000,1000,0,0,0,0
1785436289.1668549,idle_post,0,1000,1000,0.0,0.0,155766348,1000,1000,1000,1000,0,0,0,0
1785436289.1869123,idle_post,0,1000,1000,0.0,0.0,155785870,1000,1000,1000,1000,0,0,0,0
1785436289.203772,idle_post,0,1000,1000,0.0,0.0,155803836,1000,1000,1000,1000,0,0,0,0
1785436289.2293882,idle_post,0,1000,1000,0.0,0.0,155823303,1000,1000,1000,1000,0,0,0,0
1785436289.2468987,idle_post,0,1000,1000,0.0,0.0,155845762,1000,1000,1000,1000,0,0,0,0
1785436289.2636743,idle_post,0,1000,1000,0.0,0.0,155863683,1000,1000,1000,1000,0,0,0,0
1785436289.2859406,idle_post,0,1000,1000,0.0,0.0,155884647,1000,1000,1000,1000,0,0,0,0
1785436289.303663,idle_post,0,1000,1000,0.0,0.0,155904116,1000,1000,1000,1000,0,0,0,0
1785436289.327152,idle_post,0,1000,1000,0.0,0.0,155923587,1000,1000,1000,1000,0,0,0,0
1785436289.3436503,idle_post,0,1000,1000,0.0,0.0,155944540,1000,1000,1000,1000,0,0,0,0
1785436289.3646963,idle_post,0,1000,1000,0.0,0.0,155964008,1000,1000,1000,1000,0,0,0,0
1785436289.386937,idle_post,0,1000,1000,0.0,0.0,155986466,1000,1000,1000,1000,0,0,0,0
1785436289.4036794,idle_post,0,1000,1000,0.0,0.0,156004516,1000,1000,1000,1000,0,0,0,0
1785436289.4275565,idle_post,0,1000,1000,0.0,0.0,156023904,1000,1000,1000,1000,0,0,0,0
1785436289.446878,idle_post,0,1000,1000,0.0,0.0,156046386,1000,1000,1000,1000,0,0,0,0
1785436289.4643123,idle_post,0,1000,1000,0.0,0.0,156064334,1000,1000,1000,1000,0,0,0,0
1785436289.4855359,idle_post,0,1000,1000,0.0,0.0,156083801,1000,1000,1000,1000,0,0,0,0
1785436289.506868,idle_post,0,1000,1000,0.0,0.0,156104764,1000,1000,1000,1000,0,0,0,0
1785436289.5282795,idle_post,0,1000,1000,0.0,0.0,156122778,1000,1000,1000,1000,0,0,0,0
1785436289.5446641,idle_post,0,1000,1000,0.0,0.0,156145246,1000,1000,1000,1000,0,0,0,0
1785436289.5669327,idle_post,0,1000,1000,0.0,0.0,156164660,1000,1000,1000,1000,0,0,0,0
1785436289.5836477,idle_post,0,1000,1000,0.0,0.0,156182674,1000,1000,1000,1000,0,0,0,0
1785436289.6046367,idle_post,0,1000,1000,0.0,0.0,156205220,1000,1000,1000,1000,0,0,0,0
1785436289.6293476,idle_post,0,1000,1000,0.0,0.0,156224561,1000,1000,1000,1000,0,0,0,0
1785436289.644637,idle_post,0,1000,1000,0.0,0.0,156245520,1000,1000,1000,1000,0,0,0,0
1785436289.6669543,idle_post,0,1000,1000,0.0,0.0,156265069,1000,1000,1000,1000,0,0,0,0
1785436289.6836867,idle_post,0,1000,1000,0.0,0.0,156282964,1000,1000,1000,1000,0,0,0,0
1785436289.7046976,idle_post,0,1000,1000,0.0,0.0,156305413,1000,1000,1000,1000,0,0,0,0
1785436289.7267342,idle_post,0,1000,1000,0.0,0.0,156323454,1000,1000,1000,1000,0,0,0,0
1785436289.7446446,idle_post,0,1000,1000,0.0,0.0,156342857,1000,1000,1000,1000,0,0,0,0
1785436289.7636704,idle_post,0,1000,1000,0.0,0.0,156362366,1000,1000,1000,1000,0,0,0,0
1785436289.7848027,idle_post,0,1000,1000,0.0,0.0,156384830,1000,1000,1000,1000,0,0,0,0
1785436289.8069117,idle_post,0,1000,1000,0.0,0.0,156405745,1000,1000,1000,1000,0,0,0,0
1785436289.828524,idle_post,0,1000,1000,0.0,0.0,156425209,1000,1000,1000,1000,0,0,0,0
1785436289.8468902,idle_post,0,1000,1000,0.0,0.0,156444725,1000,1000,1000,1000,0,0,0,0
1785436289.8668153,idle_post,0,1000,1000,0.0,0.0,156465637,1000,1000,1000,1000,0,0,0,0
1785436289.8850718,idle_post,0,1000,1000,0.0,0.0,156485110,1000,1000,1000,1000,0,0,0,0
1785436289.906895,idle_post,0,1000,1000,0.0,0.0,156504615,1000,1000,1000,1000,0,0,0,0
1785436289.9287097,idle_post,0,1000,1000,0.0,0.0,156522542,1000,1000,1000,1000,0,0,0,0
1785436289.944668,idle_post,0,1000,1000,0.0,0.0,156545031,1000,1000,1000,1000,0,0,0,0
1785436289.9669075,idle_post,0,1000,1000,0.0,0.0,156564516,1000,1000,1000,1000,0,0,0,0
1785436289.983709,idle_post,0,1000,1000,0.0,0.0,156582439,1000,1000,1000,1000,0,0,0,0
1785436290.0046632,idle_post,0,1000,1000,0.0,0.0,156604896,1000,1000,1000,1000,0,0,0,0
1785436290.029445,idle_post,0,1000,1000,0.0,0.0,156625867,1000,1000,1000,1000,0,0,0,0
1785436290.043648,idle_post,0,1000,1000,0.0,0.0,156642353,1000,1000,1000,1000,0,0,0,0
1785436290.0646715,idle_post,0,1000,1000,0.0,0.0,156664790,1000,1000,1000,1000,0,0,0,0
1785436290.0868826,idle_post,0,1000,1000,0.0,0.0,156685755,1000,1000,1000,1000,0,0,0,0
1785436290.104666,idle_post,0,1000,1000,0.0,0.0,156705217,1000,1000,1000,1000,0,0,0,0
1785436290.128633,idle_post,0,1000,1000,0.0,0.0,156723190,1000,1000,1000,1000,0,0,0,0
1785436290.1437063,idle_post,0,1000,1000,0.0,0.0,156742660,1000,1000,1000,1000,0,0,0,0
1785436290.1647713,idle_post,0,1000,1000,0.0,0.0,156765111,1000,1000,1000,1000,0,0,0,0
1785436290.1869032,idle_post,0,1000,1000,0.0,0.0,156784588,1000,1000,1000,1000,0,0,0,0
1785436290.203823,idle_post,0,1000,1000,0.0,0.0,156802552,1000,1000,1000,1000,0,0,0,0
1785436290.2297695,idle_post,0,1000,1000,0.0,0.0,156825011,1000,1000,1000,1000,0,0,0,0
1785436290.2471852,idle_post,0,1000,1000,0.0,0.0,156844484,1000,1000,1000,1000,0,0,0,0
1785436290.2637455,idle_post,0,1000,1000,0.0,0.0,156862447,1000,1000,1000,1000,0,0,0,0
1785436290.284861,idle_post,0,1000,1000,0.0,0.0,156884911,1000,1000,1000,1000,0,0,0,0
1785436290.3069727,idle_post,0,1000,1000,0.0,0.0,156905879,1000,1000,1000,1000,0,0,0,0
1785436290.3288207,idle_post,0,1000,1000,0.0,0.0,156922343,1000,1000,1000,1000,0,0,0,0
1785436290.3478196,idle_post,0,1000,1000,0.0,0.0,156944804,1000,1000,1000,1000,0,0,0,0
1785436290.3647513,idle_post,0,1000,1000,0.0,0.0,156965771,1000,1000,1000,1000,0,0,0,0
1785436290.387889,idle_post,0,1000,1000,0.0,0.0,156985235,1000,1000,1000,1000,0,0,0,0
1785436290.4073253,idle_post,0,1000,1000,0.0,0.0,157007703,1000,1000,1000,1000,0,0,0,0
1785436290.4290907,idle_post,0,1000,1000,0.0,0.0,157025667,1000,1000,1000,1000,0,0,0,0
1785436290.443892,idle_post,0,1000,1000,0.0,0.0,157042140,1000,1000,1000,1000,0,0,0,0
1785436290.4647036,idle_post,0,1000,1000,0.0,0.0,157064613,1000,1000,1000,1000,0,0,0,0
1785436290.483708,idle_post,0,1000,1000,0.0,0.0,157082566,1000,1000,1000,1000,0,0,0,0
1785436290.5046842,idle_post,0,1000,1000,0.0,0.0,157103582,1000,1000,1000,1000,0,0,0,0
1785436290.5295846,idle_post,0,1000,1000,0.0,0.0,157126035,1000,1000,1000,1000,0,0,0,0
1785436290.5445395,idle_post,0,1000,1000,0.0,0.0,157143963,1000,1000,1000,1000,0,0,0,0
1785436290.5646787,idle_post,0,1000,1000,0.0,0.0,157163471,1000,1000,1000,1000,0,0,0,0
1785436290.5869102,idle_post,0,1000,1000,0.0,0.0,157185931,1000,1000,1000,1000,0,0,0,0
1785436290.6037629,idle_post,0,1000,1000,0.0,0.0,157203857,1000,1000,1000,1000,0,0,0,0
1785436290.6274407,idle_post,0,1000,1000,0.0,0.0,157223453,1000,1000,1000,1000,0,0,0,0
1785436290.6469803,idle_post,0,1000,1000,0.0,0.0,157245827,1000,1000,1000,1000,0,0,0,0
1785436290.6644027,idle_post,0,1000,1000,0.0,0.0,157263751,1000,1000,1000,1000,0,0,0,0
1785436290.6847348,idle_post,0,1000,1000,0.0,0.0,157283268,1000,1000,1000,1000,0,0,0,0
1785436290.7069345,idle_post,0,1000,1000,0.0,0.0,157307181,1000,1000,1000,1000,0,0,0,0
1785436290.728642,idle_post,0,1000,1000,0.0,0.0,157323642,1000,1000,1000,1000,0,0,0,0
1785436290.744785,idle_post,0,1000,1000,0.0,0.0,157344609,1000,1000,1000,1000,0,0,0,0
1785436290.7681918,idle_post,0,1000,1000,0.0,0.0,157367075,1000,1000,1000,1000,0,0,0,0
1785436290.7853951,idle_post,0,1000,1000,0.0,0.0,157383541,1000,1000,1000,1000,0,0,0,0
1785436290.8069143,idle_post,0,1000,1000,0.0,0.0,157406008,1000,1000,1000,1000,0,0,0,0
1785436290.8268943,idle_post,0,1000,1000,0.0,0.0,157423978,1000,1000,1000,1000,0,0,0,0
1785436290.845348,idle_post,0,1000,1000,0.0,0.0,157443438,1000,1000,1000,1000,0,0,0,0
1785436290.863817,idle_post,0,1000,1000,0.0,0.0,157464398,1000,1000,1000,1000,0,0,0,0
1785436290.884767,idle_post,0,1000,1000,0.0,0.0,157483873,1000,1000,1000,1000,0,0,0,0
1785436290.9069176,idle_post,0,1000,1000,0.0,0.0,157506329,1000,1000,1000,1000,0,0,0,0
1785436290.928333,idle_post,0,1000,1000,0.0,0.0,157524299,1000,1000,1000,1000,0,0,0,0
1785436290.9482422,idle_post,0,1000,1000,0.0,0.0,157548260,1000,1000,1000,1000,0,0,0,0
1785436290.9649734,idle_post,0,1000,1000,0.0,0.0,157563271,1000,1000,1000,1000,0,0,0,0
1785436290.9869177,idle_post,0,1000,1000,0.0,0.0,157584198,1000,1000,1000,1000,0,0,0,0
1785436291.004835,idle_post,0,1000,1000,0.0,0.0,157603663,1000,1000,1000,1000,0,0,0,0
1785436291.0294785,idle_post,0,1000,1000,0.0,0.0,157626121,1000,1000,1000,1000,0,0,0,0
1785436291.0449443,idle_post,0,1000,1000,0.0,0.0,157644090,1000,1000,1000,1000,0,0,0,0
1785436291.0673833,idle_post,0,1000,1000,0.0,0.0,157666560,1000,1000,1000,1000,0,0,0,0
1785436291.08462,idle_post,0,1000,1000,0.0,0.0,157684525,1000,1000,1000,1000,0,0,0,0
1785436291.105449,idle_post,0,1000,1000,0.0,0.0,157703988,1000,1000,1000,1000,0,0,0,0
1785436291.1306348,idle_post,0,1000,1000,0.0,0.0,157723450,1000,1000,1000,1000,0,0,0,0
1785436291.146991,idle_post,0,1000,1000,0.0,0.0,157745915,1000,1000,1000,1000,0,0,0,0
1785436291.1649761,idle_post,0,1000,1000,0.0,0.0,157763958,1000,1000,1000,1000,0,0,0,0
1785436291.185386,idle_post,0,1000,1000,0.0,0.0,157783348,1000,1000,1000,1000,0,0,0,0
1785436291.209366,idle_post,0,1000,1000,0.0,0.0,157805825,1000,1000,1000,1000,0,0,0,0
1785436291.2308688,idle_post,0,1000,1000,0.0,0.0,157823777,1000,1000,1000,1000,0,0,0,0
1785436291.2448034,idle_post,0,1000,1000,0.0,0.0,157843245,1000,1000,1000,1000,0,0,0,0
1785436291.266925,idle_post,0,1000,1000,0.0,0.0,157864213,1000,1000,1000,1000,0,0,0,0
1785436291.2837386,idle_post,0,1000,1000,0.0,0.0,157883674,1000,1000,1000,1000,0,0,0,0
1785436291.3047168,idle_post,0,1000,1000,0.0,0.0,157904680,1000,1000,1000,1000,0,0,0,0
1785436291.3287284,idle_post,0,1000,1000,0.0,0.0,157924112,1000,1000,1000,1000,0,0,0,0
1785436291.3455625,idle_post,0,1000,1000,0.0,0.0,157943572,1000,1000,1000,1000,0,0,0,0
1785436291.3675916,idle_post,0,1000,1000,0.0,0.0,157966036,1000,1000,1000,1000,0,0,0,0
1785436291.3837278,idle_post,0,1000,1000,0.0,0.0,157984006,1000,1000,1000,1000,0,0,0,0
1785436291.405521,idle_post,0,1000,1000,0.0,0.0,158003463,1000,1000,1000,1000,0,0,0,0
1785436291.429495,idle_post,0,1000,1000,0.0,0.0,158025930,1000,1000,1000,1000,0,0,0,0
1785436291.4437318,idle_post,0,1000,1000,0.0,0.0,158043900,1000,1000,1000,1000,0,0,0,0
1785436291.4647582,idle_post,0,1000,1000,0.0,0.0,158063364,1000,1000,1000,1000,0,0,0,0
1785436291.487046,idle_post,0,1000,1000,0.0,0.0,158085827,1000,1000,1000,1000,0,0,0,0
1785436291.5066268,idle_post,0,1000,1000,0.0,0.0,158105289,1000,1000,1000,1000,0,0,0,0
1785436291.5272102,idle_post,0,1000,1000,0.0,0.0,158124774,1000,1000,1000,1000,0,0,0,0
1785436291.5471678,idle_post,0,1000,1000,0.0,0.0,158145723,1000,1000,1000,1000,0,0,0,0
1785436291.5637047,idle_post,0,1000,1000,0.0,0.0,158162188,1000,1000,1000,1000,0,0,0,0
1785436291.5847383,idle_post,0,1000,1000,0.0,0.0,158184647,1000,1000,1000,1000,0,0,0,0
1785436291.6071663,idle_post,0,1000,1000,0.0,0.0,158205622,1000,1000,1000,1000,0,0,0,0
1785436291.6290722,idle_post,0,1000,1000,0.0,0.0,158225079,1000,1000,1000,1000,0,0,0,0
1785436291.647044,idle_post,0,1000,1000,0.0,0.0,158244549,1000,1000,1000,1000,0,0,0,0
1785436291.6638632,idle_post,0,1000,1000,0.0,0.0,158262613,1000,1000,1000,1000,0,0,0,0
1785436291.685376,idle_post,0,1000,1000,0.0,0.0,158284977,1000,1000,1000,1000,0,0,0,0
1785436291.7037444,idle_post,0,1000,1000,0.0,0.0,158302949,1000,1000,1000,1000,0,0,0,0
1785436291.728815,idle_post,0,1000,1000,0.0,0.0,158325406,1000,1000,1000,1000,0,0,0,0
1785436291.7437308,idle_post,0,1000,1000,0.0,0.0,158343375,1000,1000,1000,1000,0,0,0,0
