# selected servo A
#META fw=tvc_char 2.1 test=P axis=0 servo_hz=333 neutral_us=1520 pulse_min=500 pulse_max=2500 win_lo=1370 win_hi=1690 pin_a=18 pin_b=19
#META imu_addr=0x69 who_am_i=0xEA gyro_cfg1=0x3F accel_cfg=0x39 gyro_div=0 gyro_lsb_per_dps=16.4000 acc_lsb_per_g=16384.0
#META i2c_err_at_start=0 repeatability
#META imu_alive=1 imu_pass=0 imu_rate_hz=1908 g_mag=1.0451
#META gyro_bias_dps=2.3410,1.4072,-1.7803 gyro_noise_dps=0.1853,0.1807,0.1871 acc_noise_g=0.00391,0.00414,0.00399
#META limits_source=user axis_lo=1370 axis_hi=1690 axis_center=1520 axis_half=150
#WARN IMU health check did not pass -- see the health block above; this run is suspect
#META reps=20 approach_us=75 dwell_ms=400 log_hz=100 center_us=1520
#COLS rec,t_us,phase,seq,axis,cmd_a,cmd_b,ax,ay,az,gx,gy,gz,flags
#META repeat_target=1520 idx=0
E,716256,frombelow,0,0,1520,1520,,,,,,,0
S,716929,frombelow,0,0,1520,1520,960,-968,-17056,32,29,-28,0
S,726878,frombelow,0,0,1520,1520,1880,-864,-16464,45,7,-43,0
S,736876,frombelow,0,0,1520,1520,9704,1920,-20400,75,-293,-172,0
S,746876,frombelow,0,0,1520,1520,-8152,-14408,-4496,-46,-629,440,0
S,756876,frombelow,0,0,1520,1520,-1576,-9240,-17848,46,-1388,53,0
S,766876,frombelow,0,0,1520,1520,-568,-4144,-19296,77,-1803,91,0
S,776877,frombelow,0,0,1520,1520,3232,13440,-13328,139,-1920,49,0
S,786876,frombelow,0,0,1520,1520,-3848,2768,-13480,36,-1900,-74,0
S,796876,frombelow,0,0,1520,1520,2216,-2976,-20672,-5,-1650,161,0
S,806876,frombelow,0,0,1520,1520,5280,-2456,-11760,67,-1041,144,0
S,816876,frombelow,0,0,1520,1520,3376,992,-15656,141,-306,-46,0
S,826876,frombelow,0,0,1520,1520,-1216,-2912,-15400,225,506,-45,0
S,836876,frombelow,0,0,1520,1520,-176,240,-16944,80,1016,-62,0
S,846876,frombelow,0,0,1520,1520,-1824,-96,-15776,-89,1188,-134,0
S,856876,frombelow,0,0,1520,1520,2608,-1104,-21800,-162,1016,-269,0
S,866876,frombelow,0,0,1520,1520,-1000,-1224,-17432,-193,986,-36,0
S,876876,frombelow,0,0,1520,1520,1776,-1120,-17976,-80,773,-176,0
S,886876,frombelow,0,0,1520,1520,-1216,2464,-20072,-24,397,-72,0
S,896876,frombelow,0,0,1520,1520,-488,-2728,-15760,33,3,-102,0
S,906876,frombelow,0,0,1520,1520,-400,-1840,-15920,82,-373,-87,0
S,916876,frombelow,0,0,1520,1520,-200,736,-16752,132,-589,-96,0
S,926876,frombelow,0,0,1520,1520,-3280,-1584,-18000,118,-664,81,0
S,936876,frombelow,0,0,1520,1520,568,-864,-17504,73,-604,256,0
S,946876,frombelow,0,0,1520,1520,-1320,-1808,-14840,84,-618,-22,0
S,956877,frombelow,0,0,1520,1520,3216,40,-16672,28,-427,7,0
S,966877,frombelow,0,0,1520,1520,1280,-1216,-16432,31,-251,5,0
S,976876,frombelow,0,0,1520,1520,-8,-1488,-16416,70,67,-32,0
S,986876,frombelow,0,0,1520,1520,-704,-1072,-17040,97,302,-32,0
S,996876,frombelow,0,0,1520,1520,-792,-832,-17416,48,407,-42,0
S,1006876,frombelow,0,0,1520,1520,-880,-616,-16920,-2,359,-125,0
S,1016876,frombelow,0,0,1520,1520,656,-424,-16376,-18,298,-60,0
S,1026876,frombelow,0,0,1520,1520,-576,-1312,-16640,10,206,-35,0
S,1036876,frombelow,0,0,1520,1520,-288,-1584,-16688,60,95,-25,0
S,1046876,frombelow,0,0,1520,1520,-288,-760,-16832,87,-6,-29,0
S,1056876,frombelow,0,0,1520,1520,-232,-776,-17240,62,-80,-21,0
S,1066876,frombelow,0,0,1520,1520,-520,-992,-17152,38,-110,-24,0
S,1076876,frombelow,0,0,1520,1520,-528,-1096,-17120,20,-109,-22,0
S,1086876,frombelow,0,0,1520,1520,-520,-1232,-17256,22,-57,-14,0
S,1096876,frombelow,0,0,1520,1520,-120,-824,-17200,41,2,-23,0
S,1106876,frombelow,0,0,1520,1520,-96,-744,-17168,58,56,-29,0
S,1116877,frombelow,0,0,1520,1520,-360,-1024,-16840,47,73,-35,0
E,1816257,fromabove,1,0,1520,1520,,,,,,,0
S,1816886,fromabove,1,0,1520,1520,-1624,-1016,-17120,34,19,-25,0
S,1826875,fromabove,1,0,1520,1520,40,-280,-17272,31,30,-17,0
S,1836874,fromabove,1,0,1520,1520,-3072,-2408,-18440,49,262,98,0
S,1846874,fromabove,1,0,1520,1520,-728,1112,-13616,169,562,65,0
S,1856874,fromabove,1,0,1520,1520,-2592,-2272,-15896,239,1020,-27,0
S,1866874,fromabove,1,0,1520,1520,-1192,-672,-17536,257,1369,-45,0
S,1876873,fromabove,1,0,1520,1520,-440,480,-17312,211,1546,-25,0
S,1886874,fromabove,1,0,1520,1520,-5232,-1184,-16800,99,1422,-209,0
S,1896873,fromabove,1,0,1520,1520,6792,-648,-13144,-49,1402,-124,0
S,1906873,fromabove,1,0,1520,1520,3240,464,-17736,-68,1028,-193,0
S,1916873,fromabove,1,0,1520,1520,1232,-1336,-18656,-56,668,-141,0
S,1926874,fromabove,1,0,1520,1520,792,-2840,-13968,-113,253,145,0
S,1936873,fromabove,1,0,1520,1520,32,-784,-16328,6,-155,-33,0
S,1946873,fromabove,1,0,1520,1520,-1736,-368,-15448,90,-475,-80,0
S,1956874,fromabove,1,0,1520,1520,-3256,3648,-17992,133,-574,19,0
S,1966873,fromabove,1,0,1520,1520,1432,2392,-17712,87,-581,190,0
S,1976873,fromabove,1,0,1520,1520,-688,-3160,-16424,59,-641,9,0
S,1986873,fromabove,1,0,1520,1520,2240,-344,-17048,14,-476,-3,0
S,1996873,fromabove,1,0,1520,1520,-936,-1416,-16136,8,-263,9,0
S,2006874,fromabove,1,0,1520,1520,-832,-1688,-16488,67,66,-12,0
S,2016873,fromabove,1,0,1520,1520,424,-936,-17192,109,307,-37,0
S,2026874,fromabove,1,0,1520,1520,240,-464,-16600,63,418,-65,0
S,2036873,fromabove,1,0,1520,1520,-896,-616,-16640,-26,390,-98,0
S,2046873,fromabove,1,0,1520,1520,1312,-808,-17776,-58,295,-35,0
S,2056873,fromabove,1,0,1520,1520,232,-808,-17136,-22,186,-36,0
S,2066874,fromabove,1,0,1520,1520,-80,-1024,-16736,52,59,-34,0
S,2076873,fromabove,1,0,1520,1520,-360,-1056,-16784,98,-41,-32,0
S,2086873,fromabove,1,0,1520,1520,-584,-656,-16984,100,-105,-23,0
S,2096874,fromabove,1,0,1520,1520,64,-976,-17112,52,-134,-17,0
S,2106873,fromabove,1,0,1520,1520,-304,-1000,-16808,19,-112,-14,0
S,2116873,fromabove,1,0,1520,1520,-496,-1104,-17120,10,-37,-14,0
S,2126873,fromabove,1,0,1520,1520,-200,-960,-17176,41,40,-29,0
S,2136873,fromabove,1,0,1520,1520,-424,-1000,-17128,53,91,-35,0
S,2146873,fromabove,1,0,1520,1520,-672,-1040,-16904,39,94,-42,0
S,2156874,fromabove,1,0,1520,1520,-480,-960,-17024,14,60,-30,0
S,2166873,fromabove,1,0,1520,1520,-280,-848,-17248,12,10,-25,0
S,2176873,fromabove,1,0,1520,1520,-224,-936,-17192,42,-11,-32,0
S,2186873,fromabove,1,0,1520,1520,-472,-1056,-17016,60,-6,-29,0
S,2196873,fromabove,1,0,1520,1520,-408,-928,-17192,54,9,-23,0
S,2206874,fromabove,1,0,1520,1520,-240,-912,-17216,33,30,-33,0
S,2216873,fromabove,1,0,1520,1520,-376,-920,-16944,17,36,-29,0
E,2916256,frombelow,2,0,1520,1520,,,,,,,0
S,2916883,frombelow,2,0,1520,1520,824,-976,-17040,40,18,-30,0
S,2926871,frombelow,2,0,1520,1520,-1376,832,-16160,46,1,-46,0
S,2936870,frombelow,2,0,1520,1520,-1352,-4648,-21624,84,-279,-299,0
S,2946870,frombelow,2,0,1520,1520,-1832,10472,-17352,28,-477,234,0
S,2956870,frombelow,2,0,1520,1520,-7360,-824,-17784,69,-992,101,0
S,2966871,frombelow,2,0,1520,1520,-1976,1440,-16880,58,-1528,42,0
S,2976870,frombelow,2,0,1520,1520,480,-960,-13712,134,-1778,-165,0
S,2986870,frombelow,2,0,1520,1520,-6968,472,-24008,73,-1690,207,0
S,2996870,frombelow,2,0,1520,1520,4584,-3176,-18960,19,-1624,251,0
S,3006870,frombelow,2,0,1520,1520,-3064,344,-18256,-65,-1219,-239,0
S,3016870,frombelow,2,0,1520,1520,-152,-3904,-18760,131,-595,-17,0
S,3026870,frombelow,2,0,1520,1520,-360,-4304,-17072,155,201,-30,0
S,3036870,frombelow,2,0,1520,1520,2048,-2664,-18440,137,829,-40,0
S,3046870,frombelow,2,0,1520,1520,1584,-680,-17048,-36,1071,-40,0
S,3056870,frombelow,2,0,1520,1520,-856,-2304,-17960,-154,909,-357,0
S,3066870,frombelow,2,0,1520,1520,-9080,-1368,-16056,-197,1011,-83,0
S,3076870,frombelow,2,0,1520,1520,-4720,-144,-17512,-98,777,-119,0
S,3086870,frombelow,2,0,1520,1520,-1912,-304,-18216,10,503,-99,0
S,3096870,frombelow,2,0,1520,1520,-608,3280,-13544,-13,115,159,0
S,3106870,frombelow,2,0,1520,1520,-2552,872,-16616,85,-242,-111,0
S,3116870,frombelow,2,0,1520,1520,-312,-1672,-15208,101,-499,-63,0
S,3126870,frombelow,2,0,1520,1520,-2744,2504,-18632,123,-606,27,0
S,3136870,frombelow,2,0,1520,1520,-248,-536,-17720,68,-583,174,0
S,3146870,frombelow,2,0,1520,1520,256,-2880,-16272,65,-584,-13,0
S,3156870,frombelow,2,0,1520,1520,1976,-1560,-17608,39,-474,-14,0
S,3166870,frombelow,2,0,1520,1520,-792,-856,-17144,15,-255,47,0
S,3176870,frombelow,2,0,1520,1520,-1296,-1688,-16704,49,-10,-19,0
S,3186870,frombelow,2,0,1520,1520,-704,-1792,-17000,90,254,-38,0
S,3196870,frombelow,2,0,1520,1520,336,-480,-17552,57,361,-44,0
S,3206870,frombelow,2,0,1520,1520,-1264,-464,-16880,4,323,-114,0
S,3216870,frombelow,2,0,1520,1520,-24,-1040,-17008,-24,274,-18,0
S,3226870,frombelow,2,0,1520,1520,-920,-696,-17176,7,177,-32,0
S,3236870,frombelow,2,0,1520,1520,-552,-824,-17144,56,60,-25,0
S,3246870,frombelow,2,0,1520,1520,-288,-1176,-17024,80,-38,-29,0
S,3256870,frombelow,2,0,1520,1520,-440,-912,-17128,69,-97,-23,0
S,3266870,frombelow,2,0,1520,1520,-400,-864,-17016,40,-121,-24,0
S,3276870,frombelow,2,0,1520,1520,-120,-704,-17056,14,-95,-14,0
S,3286870,frombelow,2,0,1520,1520,-504,-952,-17048,24,-31,-21,0
S,3296870,frombelow,2,0,1520,1520,-192,-1032,-17320,42,34,-23,0
S,3306870,frombelow,2,0,1520,1520,-264,-1040,-17184,50,74,-32,0
S,3316870,frombelow,2,0,1520,1520,-744,-920,-16920,34,81,-33,0
E,4016256,fromabove,3,0,1520,1520,,,,,,,0
S,4016884,fromabove,3,0,1520,1520,-1576,-928,-17040,36,26,-28,0
S,4026874,fromabove,3,0,1520,1520,8344,-2544,-16808,32,102,5,0
S,4036873,fromabove,3,0,1520,1520,1352,3640,-18288,42,297,-64,0
S,4046873,fromabove,3,0,1520,1520,1056,-2216,-18280,138,627,-73,0
S,4056872,fromabove,3,0,1520,1520,-3808,1296,-15824,201,1061,-78,0
S,4066872,fromabove,3,0,1520,1520,-640,-952,-16896,194,1401,-73,0
S,4076872,fromabove,3,0,1520,1520,-2856,-2664,-17304,123,1532,-117,0
S,4086872,fromabove,3,0,1520,1520,-1520,-1752,-17520,-25,1372,-358,0
S,4096872,fromabove,3,0,1520,1520,7664,-2528,-15296,-141,1374,-105,0
S,4106873,fromabove,3,0,1520,1520,472,-664,-17600,-81,1032,-108,0
S,4116872,fromabove,3,0,1520,1520,-792,-904,-18312,-49,685,-56,0
S,4126872,fromabove,3,0,1520,1520,-1568,-1536,-14800,-40,228,21,0
S,4136872,fromabove,3,0,1520,1520,-928,-1176,-16512,36,-162,-36,0
S,4146872,fromabove,3,0,1520,1520,-1624,-72,-15496,100,-460,-65,0
S,4156872,fromabove,3,0,1520,1520,-2664,1392,-17456,139,-594,41,0
S,4166872,fromabove,3,0,1520,1520,1168,-1008,-17232,84,-593,176,0
S,4176873,fromabove,3,0,1520,1520,1584,-2968,-15832,58,-618,10,0
S,4186872,fromabove,3,0,1520,1520,1472,232,-17008,19,-491,-17,0
S,4196873,fromabove,3,0,1520,1520,1488,-1296,-16016,12,-283,-10,0
S,4206872,fromabove,3,0,1520,1520,712,-1408,-16960,55,21,-12,0
S,4216873,fromabove,3,0,1520,1520,0,-1328,-17208,105,283,-41,0
S,4226872,fromabove,3,0,1520,1520,-160,-896,-16872,76,398,-56,0
S,4236872,fromabove,3,0,1520,1520,-1080,-608,-16824,3,361,-94,0
S,4246872,fromabove,3,0,1520,1520,512,-1152,-18088,-27,265,-42,0
S,4256872,fromabove,3,0,1520,1520,64,-752,-17224,-9,157,-34,0
S,4266872,fromabove,3,0,1520,1520,-280,-1096,-17072,44,31,-27,0
S,4276872,fromabove,3,0,1520,1520,-360,-872,-16816,75,-79,-30,0
S,4286873,fromabove,3,0,1520,1520,8,-704,-17080,82,-119,-19,0
S,4296872,fromabove,3,0,1520,1520,-120,-872,-17096,66,-115,-3,0
S,4306872,fromabove,3,0,1520,1520,-400,-768,-17000,40,-76,-12,0
S,4316873,fromabove,3,0,1520,1520,-504,-1152,-16904,17,2,-26,0
S,4326872,fromabove,3,0,1520,1520,-504,-928,-17208,23,70,-27,0
S,4336873,fromabove,3,0,1520,1520,-368,-944,-17048,40,101,-31,0
S,4346872,fromabove,3,0,1520,1520,-576,-1040,-16976,34,75,-35,0
S,4356872,fromabove,3,0,1520,1520,-512,-992,-17032,29,40,-29,0
S,4366872,fromabove,3,0,1520,1520,-232,-856,-17192,38,-6,-33,0
S,4376872,fromabove,3,0,1520,1520,-272,-1096,-17184,42,-24,-24,0
S,4386873,fromabove,3,0,1520,1520,-456,-1040,-17088,48,4,-31,0
S,4396872,fromabove,3,0,1520,1520,-464,-960,-17120,49,31,-29,0
S,4406872,fromabove,3,0,1520,1520,-352,-808,-17160,30,47,-34,0
S,4416872,fromabove,3,0,1520,1520,-456,-1080,-17056,21,47,-28,0
E,5116256,frombelow,4,0,1520,1520,,,,,,,0
S,5116883,frombelow,4,0,1520,1520,880,-984,-17064,36,17,-31,0
S,5126871,frombelow,4,0,1520,1520,2760,-1048,-16688,45,5,-15,0
S,5136870,frombelow,4,0,1520,1520,-3344,-2648,-21976,90,-298,-258,0
S,5146870,frombelow,4,0,1520,1520,432,8280,-17512,54,-440,168,0
S,5156871,frombelow,4,0,1520,1520,-8256,5544,-15832,62,-1020,33,0
S,5166871,frombelow,4,0,1520,1520,-272,1536,-14680,38,-1549,42,0
S,5176870,frombelow,4,0,1520,1520,872,-2488,-11568,118,-1752,-101,0
S,5186870,frombelow,4,0,1520,1520,1984,-9096,-21272,100,-1759,4,0
S,5196870,frombelow,4,0,1520,1520,4440,-9496,-18848,22,-1596,189,0
S,5206870,frombelow,4,0,1520,1520,-3688,-1440,-17296,-55,-1204,-211,0
S,5216870,frombelow,4,0,1520,1520,-968,-3328,-17928,108,-640,-53,0
S,5226870,frombelow,4,0,1520,1520,-48,-2624,-16840,158,195,-35,0
S,5236870,frombelow,4,0,1520,1520,2216,-2352,-18848,156,759,-27,0
S,5246870,frombelow,4,0,1520,1520,816,-1120,-17408,-17,1039,-46,0
S,5256870,frombelow,4,0,1520,1520,-4488,-3432,-17056,-147,923,-277,0
S,5266870,frombelow,4,0,1520,1520,-5032,-1384,-16088,-191,1006,-45,0
S,5276870,frombelow,4,0,1520,1520,-1648,456,-16968,-95,787,-87,0
S,5286870,frombelow,4,0,1520,1520,-1992,-2024,-17416,36,527,-102,0
S,5296870,frombelow,4,0,1520,1520,1744,-1304,-16760,52,166,-34,0
S,5306870,frombelow,4,0,1520,1520,1032,-1936,-15888,102,-207,-82,0
S,5316870,frombelow,4,0,1520,1520,-336,-744,-15768,90,-468,-16,0
S,5326870,frombelow,4,0,1520,1520,-1784,-456,-17992,119,-577,74,0
S,5336870,frombelow,4,0,1520,1520,160,-232,-18512,74,-582,145,0
S,5346870,frombelow,4,0,1520,1520,-4056,-1784,-17952,38,-581,-11,0
S,5356870,frombelow,4,0,1520,1520,-80,-1848,-18200,36,-483,-13,0
S,5366871,frombelow,4,0,1520,1520,-152,-2488,-16888,8,-268,83,0
S,5376870,frombelow,4,0,1520,1520,-1376,-1168,-16608,40,-19,-13,0
S,5386870,frombelow,4,0,1520,1520,-64,-624,-17216,86,215,-33,0
S,5396870,frombelow,4,0,1520,1520,560,-816,-17456,70,356,-53,0
S,5406870,frombelow,4,0,1520,1520,-1280,-1032,-16856,15,352,-92,0
S,5416870,frombelow,4,0,1520,1520,368,-984,-17464,-19,292,-24,0
S,5426870,frombelow,4,0,1520,1520,-680,-840,-17192,-1,192,-41,0
S,5436870,frombelow,4,0,1520,1520,-696,-968,-16976,54,75,-32,0
S,5446870,frombelow,4,0,1520,1520,-448,-1072,-17120,74,-16,-28,0
S,5456870,frombelow,4,0,1520,1520,-248,-800,-17056,73,-96,-36,0
S,5466870,frombelow,4,0,1520,1520,-240,-728,-16936,47,-128,-15,0
S,5476870,frombelow,4,0,1520,1520,-528,-912,-16832,16,-109,-20,0
S,5486870,frombelow,4,0,1520,1520,-456,-1024,-17168,22,-46,-16,0
S,5496870,frombelow,4,0,1520,1520,72,-960,-17224,46,12,-20,0
S,5506870,frombelow,4,0,1520,1520,-248,-1064,-17024,63,66,-37,0
S,5516870,frombelow,4,0,1520,1520,-848,-1016,-16872,42,91,-35,0
E,6216256,fromabove,5,0,1520,1520,,,,,,,0
S,6216884,fromabove,5,0,1520,1520,-1520,-856,-17000,36,21,-26,0
S,6226874,fromabove,5,0,1520,1520,-2952,-1552,-17032,36,48,-20,0
S,6236873,fromabove,5,0,1520,1520,-624,-1648,-18104,57,268,109,0
S,6246872,fromabove,5,0,1520,1520,-3336,-96,-13960,165,570,56,0
S,6256872,fromabove,5,0,1520,1520,-1856,-6136,-15960,236,1017,-45,0
S,6266872,fromabove,5,0,1520,1520,456,-1864,-17136,249,1365,-70,0
S,6276872,fromabove,5,0,1520,1520,272,-944,-17048,158,1533,-35,0
S,6286872,fromabove,5,0,1520,1520,-3064,824,-17768,63,1394,-290,0
S,6296872,fromabove,5,0,1520,1520,-576,-3320,-13984,-106,1350,-24,0
S,6306872,fromabove,5,0,1520,1520,3328,-1856,-18200,-129,1026,-214,0
S,6316872,fromabove,5,0,1520,1520,2728,3224,-19056,-90,704,-33,0
S,6326872,fromabove,5,0,1520,1520,-256,-2608,-14336,-107,286,68,0
S,6336872,fromabove,5,0,1520,1520,-1528,-2512,-16768,-15,-121,-32,0
S,6346872,fromabove,5,0,1520,1520,-1216,-1928,-15336,90,-454,-103,0
S,6356873,fromabove,5,0,1520,1520,1440,-112,-19352,115,-567,124,0
S,6366872,fromabove,5,0,1520,1520,3632,-504,-17216,110,-599,78,0
S,6376872,fromabove,5,0,1520,1520,-3360,-648,-17696,67,-634,-11,0
S,6386873,fromabove,5,0,1520,1520,2512,0,-18176,21,-503,-16,0
S,6396872,fromabove,5,0,1520,1520,-656,-2168,-16096,14,-281,-13,0
S,6406872,fromabove,5,0,1520,1520,-864,-1280,-17032,57,56,-11,0
S,6416872,fromabove,5,0,1520,1520,128,-1016,-17400,100,291,-35,0
S,6426872,fromabove,5,0,1520,1520,-1080,-920,-16520,51,419,-59,0
S,6436872,fromabove,5,0,1520,1520,-920,-832,-16832,-12,392,-93,0
S,6446872,fromabove,5,0,1520,1520,1320,-824,-17752,-37,287,-24,0
S,6456872,fromabove,5,0,1520,1520,-120,-1192,-17048,-4,178,-42,0
S,6466872,fromabove,5,0,1520,1520,-704,-1120,-17000,61,52,-29,0
S,6476872,fromabove,5,0,1520,1520,-320,-1048,-16976,88,-46,-29,0
S,6486872,fromabove,5,0,1520,1520,-232,-824,-16952,81,-110,-24,0
S,6496872,fromabove,5,0,1520,1520,32,-736,-17072,41,-140,-15,0
S,6506872,fromabove,5,0,1520,1520,-592,-800,-16992,13,-104,-11,0
S,6516872,fromabove,5,0,1520,1520,-376,-1024,-17280,24,-31,-12,0
S,6526872,fromabove,5,0,1520,1520,-120,-1064,-17128,41,47,-26,0
S,6536872,fromabove,5,0,1520,1520,-800,-1008,-17120,53,99,-32,0
S,6546872,fromabove,5,0,1520,1520,-632,-992,-16928,38,91,-38,0
S,6556873,fromabove,5,0,1520,1520,-264,-816,-17264,11,51,-27,0
S,6566872,fromabove,5,0,1520,1520,-72,-832,-17136,16,8,-29,0
S,6576872,fromabove,5,0,1520,1520,-448,-1056,-17008,46,-10,-25,0
S,6586872,fromabove,5,0,1520,1520,-544,-1040,-17096,58,-3,-29,0
S,6596872,fromabove,5,0,1520,1520,-488,-928,-17032,57,18,-24,0
S,6606872,fromabove,5,0,1520,1520,-432,-952,-16984,34,28,-29,0
S,6616872,fromabove,5,0,1520,1520,-424,-928,-17048,16,40,-29,0
E,7316256,frombelow,6,0,1520,1520,,,,,,,0
S,7316883,frombelow,6,0,1520,1520,880,-888,-17168,42,16,-25,0
S,7326871,frombelow,6,0,1520,1520,3608,-2544,-16536,47,0,-15,0
S,7336870,frombelow,6,0,1520,1520,-1032,-7416,-19968,38,-258,-405,0
S,7346870,frombelow,6,0,1520,1520,1360,8536,-18480,34,-440,193,0
S,7356870,frombelow,6,0,1520,1520,-3880,-2584,-16416,69,-940,126,0
S,7366870,frombelow,6,0,1520,1520,48,456,-13896,42,-1547,26,0
S,7376870,frombelow,6,0,1520,1520,936,-2504,-12464,114,-1775,-119,0
S,7386870,frombelow,6,0,1520,1520,3560,-2064,-19568,78,-1768,86,0
S,7396870,frombelow,6,0,1520,1520,-1256,-3688,-19808,23,-1584,265,0
S,7406870,frombelow,6,0,1520,1520,-4720,-2584,-17048,-28,-1228,-193,0
S,7416870,frombelow,6,0,1520,1520,-1224,-4296,-17672,118,-585,-18,0
S,7426870,frombelow,6,0,1520,1520,-1000,-2512,-16496,172,190,-29,0
S,7436870,frombelow,6,0,1520,1520,2224,-592,-18208,144,805,-30,0
S,7446870,frombelow,6,0,1520,1520,880,-1312,-17552,-74,1046,-28,0
S,7456870,frombelow,6,0,1520,1520,-1440,-2416,-18200,-140,918,-318,0
S,7466870,frombelow,6,0,1520,1520,-3912,-1720,-15840,-196,1015,-62,0
S,7476870,frombelow,6,0,1520,1520,-4216,-320,-17440,-95,780,-95,0
S,7486870,frombelow,6,0,1520,1520,-1656,-168,-17760,17,534,-95,0
S,7496870,frombelow,6,0,1520,1520,768,168,-15664,42,151,12,0
S,7506870,frombelow,6,0,1520,1520,-208,-1144,-16056,101,-202,-112,0
S,7516870,frombelow,6,0,1520,1520,-792,-1240,-15392,93,-478,-21,0
S,7526870,frombelow,6,0,1520,1520,-840,600,-18808,122,-605,54,0
S,7536870,frombelow,6,0,1520,1520,288,-440,-18056,81,-607,119,0
S,7546870,frombelow,6,0,1520,1520,-2040,-2144,-17608,54,-605,-24,0
S,7556870,frombelow,6,0,1520,1520,2664,-1840,-17968,39,-507,6,0
S,7566871,frombelow,6,0,1520,1520,-1736,-784,-16904,8,-277,25,0
S,7576870,frombelow,6,0,1520,1520,-880,-952,-16936,46,-25,-12,0
S,7586870,frombelow,6,0,1520,1520,-368,-2064,-16936,92,238,-38,0
S,7596870,frombelow,6,0,1520,1520,440,-184,-17096,69,366,-51,0
S,7606870,frombelow,6,0,1520,1520,-1144,-624,-16704,9,345,-99,0
S,7616870,frombelow,6,0,1520,1520,440,-1056,-17552,-18,289,-22,0
S,7626870,frombelow,6,0,1520,1520,-344,-760,-16984,1,190,-41,0
S,7636870,frombelow,6,0,1520,1520,-480,-960,-16912,51,87,-31,0
S,7646870,frombelow,6,0,1520,1520,-384,-912,-16808,84,-21,-24,0
S,7656870,frombelow,6,0,1520,1520,-264,-864,-17072,69,-99,-25,0
S,7666870,frombelow,6,0,1520,1520,-304,-1016,-16912,41,-123,-16,0
S,7676870,frombelow,6,0,1520,1520,208,-1024,-16992,23,-109,-17,0
S,7686870,frombelow,6,0,1520,1520,-392,-1248,-16968,12,-56,-14,0
S,7696870,frombelow,6,0,1520,1520,56,-936,-17352,45,13,-23,0
S,7706870,frombelow,6,0,1520,1520,-368,-1048,-16896,58,70,-30,0
S,7716870,frombelow,6,0,1520,1520,-824,-1120,-16768,38,87,-32,0
E,8416256,fromabove,7,0,1520,1520,,,,,,,0
S,8416884,fromabove,7,0,1520,1520,-1544,-840,-17064,36,23,-32,0
S,8426874,fromabove,7,0,1520,1520,-4952,-1208,-17528,32,66,-24,0
S,8436872,fromabove,7,0,1520,1520,-4184,-328,-18592,50,282,-27,0
S,8446873,fromabove,7,0,1520,1520,2384,-664,-16288,136,628,-98,0
S,8456872,fromabove,7,0,1520,1520,-2936,1008,-15496,233,1062,-86,0
S,8466872,fromabove,7,0,1520,1520,-400,-664,-16632,227,1423,-72,0
S,8476872,fromabove,7,0,1520,1520,-2064,-2512,-17304,154,1549,-133,0
S,8486872,fromabove,7,0,1520,1520,-4456,-1504,-18736,9,1342,-439,0
S,8496873,fromabove,7,0,1520,1520,4160,-2384,-15656,-119,1382,-122,0
S,8506872,fromabove,7,0,1520,1520,-784,1752,-17504,-100,1061,-114,0
S,8516873,fromabove,7,0,1520,1520,-1632,-2040,-19320,-65,693,-126,0
S,8526872,fromabove,7,0,1520,1520,-1344,-6576,-12664,-77,240,20,0
S,8536872,fromabove,7,0,1520,1520,472,-2312,-16216,8,-179,-13,0
S,8546872,fromabove,7,0,1520,1520,-120,-896,-14680,108,-482,-94,0
S,8556873,fromabove,7,0,1520,1520,1304,-4592,-17816,135,-588,100,0
S,8566873,fromabove,7,0,1520,1520,448,3648,-17000,131,-641,50,0
S,8576873,fromabove,7,0,1520,1520,-2000,-2208,-16160,48,-679,1,0
S,8586872,fromabove,7,0,1520,1520,1848,-1624,-17400,22,-543,-8,0
S,8596872,fromabove,7,0,1520,1520,-2280,-1464,-15976,17,-312,-41,0
S,8606872,fromabove,7,0,1520,1520,2560,-1288,-16912,52,12,-16,0
S,8616872,fromabove,7,0,1520,1520,456,-1032,-17632,107,299,-36,0
S,8626872,fromabove,7,0,1520,1520,-1032,-1072,-16872,68,427,-62,0
S,8636872,fromabove,7,0,1520,1520,-1256,-896,-16736,-15,395,-98,0
S,8646872,fromabove,7,0,1520,1520,400,-1232,-17744,-47,304,-53,0
S,8656872,fromabove,7,0,1520,1520,-320,-856,-16992,-15,194,-42,0
S,8666872,fromabove,7,0,1520,1520,-448,-1112,-16792,41,70,-29,0
S,8676872,fromabove,7,0,1520,1520,-280,-696,-16880,85,-47,-27,0
S,8686872,fromabove,7,0,1520,1520,-312,-1296,-17112,93,-111,-29,0
S,8696872,fromabove,7,0,1520,1520,-416,-864,-16944,68,-138,-17,0
S,8706872,fromabove,7,0,1520,1520,-680,-1080,-17104,24,-105,-5,0
S,8716872,fromabove,7,0,1520,1520,-352,-1000,-17200,9,-53,-15,0
S,8726872,fromabove,7,0,1520,1520,-376,-944,-16952,28,34,-21,0
S,8736872,fromabove,7,0,1520,1520,-288,-1128,-16864,48,82,-32,0
S,8746872,fromabove,7,0,1520,1520,-680,-936,-17016,38,99,-38,0
S,8756872,fromabove,7,0,1520,1520,-312,-880,-17256,28,65,-28,0
S,8766873,fromabove,7,0,1520,1520,-224,-840,-17224,17,15,-29,0
S,8776872,fromabove,7,0,1520,1520,-352,-960,-17088,29,-17,-29,0
S,8786872,fromabove,7,0,1520,1520,-536,-1048,-17056,55,-10,-21,0
S,8796872,fromabove,7,0,1520,1520,-520,-944,-17128,63,8,-23,0
S,8806872,fromabove,7,0,1520,1520,-272,-824,-17232,39,32,-32,0
S,8816872,fromabove,7,0,1520,1520,-312,-936,-17072,23,40,-26,0
E,9516256,frombelow,8,0,1520,1520,,,,,,,0
S,9516883,frombelow,8,0,1520,1520,944,-952,-17088,37,21,-29,0
S,9526871,frombelow,8,0,1520,1520,1880,1088,-16824,39,-3,-80,0
S,9536870,frombelow,8,0,1520,1520,10264,40,-20056,63,-295,-133,0
S,9546870,frombelow,8,0,1520,1520,-3224,10760,-11816,-32,-520,443,0
S,9556870,frombelow,8,0,1520,1520,-7104,3488,-16136,19,-1195,-40,0
S,9566871,frombelow,8,0,1520,1520,2264,584,-17616,39,-1642,89,0
S,9576870,frombelow,8,0,1520,1520,1728,-2944,-10752,114,-1783,-85,0
S,9586870,frombelow,8,0,1520,1520,-5560,5856,-16984,110,-1731,-28,0
S,9596870,frombelow,8,0,1520,1520,-3592,-40,-22368,42,-1571,238,0
S,9606870,frombelow,8,0,1520,1520,-824,-10608,-14712,8,-1133,-78,0
S,9616871,frombelow,8,0,1520,1520,3280,-2080,-16752,142,-453,9,0
S,9626870,frombelow,8,0,1520,1520,-520,-2296,-16024,202,385,-20,0
S,9636870,frombelow,8,0,1520,1520,1568,608,-18080,132,918,-60,0
S,9646870,frombelow,8,0,1520,1520,-800,-1664,-16400,-46,1106,-122,0
S,9656870,frombelow,8,0,1520,1520,2176,-3056,-21472,-139,945,-378,0
S,9666871,frombelow,8,0,1520,1520,-7704,1288,-18832,-191,965,-57,0
S,9676870,frombelow,8,0,1520,1520,192,-912,-17656,-75,729,-110,0
S,9686870,frombelow,8,0,1520,1520,-152,-768,-19528,19,400,-161,0
S,9696870,frombelow,8,0,1520,1520,-1080,-4424,-12888,-30,48,188,0
S,9706870,frombelow,8,0,1520,1520,-352,-824,-16360,72,-304,-49,0
S,9716870,frombelow,8,0,1520,1520,968,3800,-16568,109,-541,-18,0
S,9726870,frombelow,8,0,1520,1520,-2736,-192,-17544,90,-656,51,0
S,9736870,frombelow,8,0,1520,1520,824,-1592,-16840,66,-584,192,0
S,9746870,frombelow,8,0,1520,1520,56,-1200,-15216,71,-579,-22,0
S,9756870,frombelow,8,0,1520,1520,1944,416,-16656,16,-412,11,0
S,9766871,frombelow,8,0,1520,1520,-40,-1328,-16688,18,-238,0,0
S,9776870,frombelow,8,0,1520,1520,-600,-6824,-16128,66,56,-33,0
S,9786870,frombelow,8,0,1520,1520,-392,-2888,-16200,87,284,-43,0
S,9796870,frombelow,8,0,1520,1520,-112,-264,-17344,28,372,-42,0
S,9806870,frombelow,8,0,1520,1520,-952,-608,-16640,-12,308,-137,0
S,9816870,frombelow,8,0,1520,1520,-688,-976,-16416,-21,262,-69,0
S,9826870,frombelow,8,0,1520,1520,-536,-928,-16792,19,163,-37,0
S,9836870,frombelow,8,0,1520,1520,-320,-880,-16928,69,42,-25,0
S,9846870,frombelow,8,0,1520,1520,-376,-904,-17152,84,-43,-34,0
S,9856870,frombelow,8,0,1520,1520,-640,-984,-17160,55,-100,-21,0
S,9866870,frombelow,8,0,1520,1520,-392,-816,-17208,29,-117,-19,0
S,9876870,frombelow,8,0,1520,1520,-216,-1192,-17104,15,-92,-18,0
S,9886870,frombelow,8,0,1520,1520,-256,-1040,-16984,34,-21,-19,0
S,9896870,frombelow,8,0,1520,1520,-272,-1040,-16984,54,46,-22,0
S,9906870,frombelow,8,0,1520,1520,-168,-824,-17272,47,83,-33,0
S,9916870,frombelow,8,0,1520,1520,-488,-968,-17056,24,77,-36,0
E,10616256,fromabove,9,0,1520,1520,,,,,,,0
S,10616885,fromabove,9,0,1520,1520,-1656,-864,-17120,36,25,-25,0
S,10626875,fromabove,9,0,1520,1520,-2272,-504,-17680,36,42,-39,0
S,10636874,fromabove,9,0,1520,1520,120,3032,-18952,53,262,275,0
S,10646874,fromabove,9,0,1520,1520,4384,1136,-11560,168,532,69,0
S,10656874,fromabove,9,0,1520,1520,992,-2944,-16064,224,969,-57,0
S,10666874,fromabove,9,0,1520,1520,720,-1472,-16296,249,1339,-78,0
S,10676874,fromabove,9,0,1520,1520,960,608,-18056,180,1523,-14,0
S,10686873,fromabove,9,0,1520,1520,-3912,424,-16840,-59,1461,-177,0
S,10696874,fromabove,9,0,1520,1520,6376,584,-14168,-75,1334,-116,0
S,10706873,fromabove,9,0,1520,1520,560,-1176,-17416,-135,1055,-158,0
S,10716874,fromabove,9,0,1520,1520,-8008,520,-16896,-109,775,-100,0
S,10726874,fromabove,9,0,1520,1520,-2320,-184,-16048,-87,370,52,0
S,10736873,fromabove,9,0,1520,1520,-1592,-336,-17440,11,-22,-69,0
S,10746873,fromabove,9,0,1520,1520,-1328,-872,-15760,83,-380,-94,0
S,10756873,fromabove,9,0,1520,1520,3136,-5992,-20520,78,-560,133,0
S,10766873,fromabove,9,0,1520,1520,3192,-4768,-17056,102,-640,89,0
S,10776873,fromabove,9,0,1520,1520,-4392,-656,-18216,78,-586,-9,0
S,10786873,fromabove,9,0,1520,1520,1296,-1048,-18152,52,-572,-11,0
S,10796873,fromabove,9,0,1520,1520,-1896,-1248,-17192,-18,-325,47,0
S,10806874,fromabove,9,0,1520,1520,-248,872,-18096,36,-92,12,0
S,10816873,fromabove,9,0,1520,1520,-1016,-304,-16408,87,161,-42,0
S,10826873,fromabove,9,0,1520,1520,-320,-896,-16920,78,372,-41,0
S,10836873,fromabove,9,0,1520,1520,-224,-656,-17168,27,396,-56,0
S,10846873,fromabove,9,0,1520,1520,-432,-1088,-17560,-33,290,-144,0
S,10856873,fromabove,9,0,1520,1520,-336,-992,-17200,-27,211,-65,0
S,10866873,fromabove,9,0,1520,1520,-888,-1200,-17344,29,93,-27,0
S,10876873,fromabove,9,0,1520,1520,-784,-1208,-17216,75,-9,-27,0
S,10886873,fromabove,9,0,1520,1520,-376,-1184,-17280,91,-89,-26,0
S,10896873,fromabove,9,0,1520,1520,-600,-816,-17080,67,-127,-23,0
S,10906873,fromabove,9,0,1520,1520,-696,-856,-16944,30,-102,-8,0
S,10916873,fromabove,9,0,1520,1520,-208,-888,-17232,17,-38,-16,0
S,10926873,fromabove,9,0,1520,1520,-296,-1024,-16976,31,26,-23,0
S,10936874,fromabove,9,0,1520,1520,-504,-1072,-16856,46,90,-28,0
S,10946873,fromabove,9,0,1520,1520,-504,-728,-17120,43,99,-37,0
S,10956873,fromabove,9,0,1520,1520,-200,-832,-17232,26,59,-33,0
S,10966873,fromabove,9,0,1520,1520,-352,-976,-17080,21,10,-33,0
S,10976873,fromabove,9,0,1520,1520,-448,-1064,-16976,38,-9,-30,0
S,10986873,fromabove,9,0,1520,1520,-440,-968,-17104,58,-12,-31,0
S,10996874,fromabove,9,0,1520,1520,-184,-848,-17152,55,14,-27,0
S,11006873,fromabove,9,0,1520,1520,-448,-984,-16904,43,30,-36,0
S,11016873,fromabove,9,0,1520,1520,-672,-904,-16984,17,49,-29,0
E,11716256,frombelow,10,0,1520,1520,,,,,,,0
S,11716886,frombelow,10,0,1520,1520,1048,-968,-17112,44,19,-27,0
S,11726874,frombelow,10,0,1520,1520,2800,-1504,-16960,36,-1,-28,0
S,11736873,frombelow,10,0,1520,1520,-5712,-6200,-19504,47,-267,-545,0
S,11746874,frombelow,10,0,1520,1520,4240,5080,-19984,80,-415,52,0
S,11756873,frombelow,10,0,1520,1520,704,-4488,-16992,64,-923,129,0
S,11766873,frombelow,10,0,1520,1520,-2472,2040,-14232,61,-1531,31,0
S,11776873,frombelow,10,0,1520,1520,152,-1648,-13560,119,-1792,-91,0
S,11786873,frombelow,10,0,1520,1520,-536,-3040,-21872,59,-1769,124,0
S,11796873,frombelow,10,0,1520,1520,4376,-6392,-18232,30,-1633,234,0
S,11806873,frombelow,10,0,1520,1520,-3040,-1928,-17656,-48,-1256,-199,0
S,11816873,frombelow,10,0,1520,1520,-2096,-3488,-18072,132,-666,-17,0
S,11826873,frombelow,10,0,1520,1520,-840,-1848,-16768,139,130,-28,0
S,11836873,frombelow,10,0,1520,1520,2464,-2912,-18488,135,732,-14,0
S,11846873,frombelow,10,0,1520,1520,536,-816,-17136,10,1006,-44,0
S,11856873,frombelow,10,0,1520,1520,-3416,-1704,-16384,-142,972,-238,0
S,11866873,frombelow,10,0,1520,1520,1168,-1152,-14632,-182,1003,-110,0
S,11876873,frombelow,10,0,1520,1520,-3352,928,-17200,-87,815,-119,0
S,11886873,frombelow,10,0,1520,1520,-488,-1280,-16752,26,599,-106,0
S,11896874,frombelow,10,0,1520,1520,3056,1048,-16240,58,201,-74,0
S,11906873,frombelow,10,0,1520,1520,-168,-2616,-15072,95,-132,-110,0
S,11916873,frombelow,10,0,1520,1520,-48,-1064,-16072,96,-425,-29,0
S,11926873,frombelow,10,0,1520,1520,-576,-552,-18056,120,-561,96,0
S,11936873,frombelow,10,0,1520,1520,-328,-544,-18440,83,-579,90,0
S,11946873,frombelow,10,0,1520,1520,-4176,-912,-18544,46,-549,24,0
S,11956873,frombelow,10,0,1520,1520,-272,-952,-18448,28,-506,-24,0
S,11966873,frombelow,10,0,1520,1520,232,-1032,-17368,-4,-287,91,0
S,11976873,frombelow,10,0,1520,1520,-1064,-856,-16664,45,-71,2,0
S,11986873,frombelow,10,0,1520,1520,2624,-296,-17864,73,179,-34,0
S,11996873,frombelow,10,0,1520,1520,824,-1608,-16992,76,309,-46,0
S,12006873,frombelow,10,0,1520,1520,-1032,-1488,-16816,19,343,-74,0
S,12016873,frombelow,10,0,1520,1520,456,-1024,-18136,-15,270,-81,0
S,12026873,frombelow,10,0,1520,1520,-528,-1136,-17320,-10,183,-48,0
S,12036873,frombelow,10,0,1520,1520,-552,-1256,-17136,40,78,-30,0
S,12046873,frombelow,10,0,1520,1520,-552,-632,-17048,83,-23,-34,0
S,12056873,frombelow,10,0,1520,1520,-168,-808,-17008,72,-87,-25,0
S,12066873,frombelow,10,0,1520,1520,-416,-952,-17000,54,-120,-19,0
S,12076873,frombelow,10,0,1520,1520,-464,-1056,-17056,23,-86,-14,0
S,12086873,frombelow,10,0,1520,1520,-240,-1032,-17360,20,-41,-17,0
S,12096873,frombelow,10,0,1520,1520,-264,-832,-17256,48,28,-28,0
S,12106873,frombelow,10,0,1520,1520,-504,-1120,-16824,54,80,-34,0
S,12116873,frombelow,10,0,1520,1520,-736,-984,-16904,33,81,-37,0
E,12816256,fromabove,11,0,1520,1520,,,,,,,0
S,12816887,fromabove,11,0,1520,1520,-1576,-968,-17096,37,25,-30,0
S,12826877,fromabove,11,0,1520,1520,4504,-992,-17096,26,45,-6,0
S,12836875,fromabove,11,0,1520,1520,-1304,-1936,-18712,46,265,85,0
S,12846875,fromabove,11,0,1520,1520,1944,6456,-14240,137,601,-8,0
S,12856876,fromabove,11,0,1520,1520,-1488,-824,-15392,243,992,-31,0
S,12866875,fromabove,11,0,1520,1520,-1248,-368,-17280,215,1385,-49,0
S,12876876,fromabove,11,0,1520,1520,1368,-272,-17584,170,1503,-34,0
S,12886875,fromabove,11,0,1520,1520,-5440,184,-18424,29,1365,-372,0
S,12896876,fromabove,11,0,1520,1520,4136,-3488,-13448,-124,1355,-120,0
S,12906875,fromabove,11,0,1520,1520,5504,960,-17832,-106,1027,-158,0
S,12916875,fromabove,11,0,1520,1520,-1992,-1040,-18512,-74,711,-116,0
S,12926875,fromabove,11,0,1520,1520,-1040,-1520,-14128,-78,282,91,0
S,12936875,fromabove,11,0,1520,1520,-696,-488,-17112,13,-121,-32,0
S,12946875,fromabove,11,0,1520,1520,-1352,-616,-14928,94,-417,-83,0
S,12956875,fromabove,11,0,1520,1520,1616,-3232,-18552,139,-549,114,0
S,12966876,fromabove,11,0,1520,1520,2928,1024,-17424,125,-610,36,0
S,12976875,fromabove,11,0,1520,1520,-2176,-904,-17456,61,-617,-9,0
S,12986875,fromabove,11,0,1520,1520,3752,-1200,-17360,36,-561,-26,0
S,12996875,fromabove,11,0,1520,1520,-1592,-1136,-16472,0,-302,-17,0
S,13006875,fromabove,11,0,1520,1520,-312,-552,-18048,39,-47,-10,0
S,13016875,fromabove,11,0,1520,1520,-1224,-2416,-16880,106,232,-34,0
S,13026875,fromabove,11,0,1520,1520,0,-1176,-16888,79,381,-45,0
S,13036875,fromabove,11,0,1520,1520,-928,-504,-16912,6,367,-77,0
S,13046875,fromabove,11,0,1520,1520,-8,-1088,-17864,-42,272,-108,0
S,13056875,fromabove,11,0,1520,1520,-56,-1264,-17464,-22,175,-44,0
S,13066876,fromabove,11,0,1520,1520,-496,-1416,-17240,34,65,-28,0
S,13076876,fromabove,11,0,1520,1520,-448,-968,-17128,87,-47,-28,0
S,13086875,fromabove,11,0,1520,1520,-344,-936,-17168,88,-102,-21,0
S,13096875,fromabove,11,0,1520,1520,-128,-608,-17112,61,-116,-15,0
S,13106875,fromabove,11,0,1520,1520,-400,-1136,-17016,30,-83,-7,0
S,13116875,fromabove,11,0,1520,1520,-312,-960,-17144,17,-12,-20,0
S,13126875,fromabove,11,0,1520,1520,-264,-1016,-17176,31,56,-30,0
S,13136876,fromabove,11,0,1520,1520,-312,-1120,-16984,46,102,-35,0
S,13146875,fromabove,11,0,1520,1520,-680,-944,-17008,41,87,-42,0
S,13156876,fromabove,11,0,1520,1520,-312,-840,-17160,29,40,-31,0
S,13166876,fromabove,11,0,1520,1520,-144,-1016,-17312,31,0,-26,0
S,13176875,fromabove,11,0,1520,1520,-512,-1192,-17024,36,-13,-31,0
S,13186875,fromabove,11,0,1520,1520,-544,-1128,-17000,56,3,-26,0
S,13196875,fromabove,11,0,1520,1520,-296,-1016,-17152,52,21,-28,0
S,13206876,fromabove,11,0,1520,1520,-208,-896,-17080,37,32,-37,0
S,13216876,fromabove,11,0,1520,1520,-512,-856,-17040,17,45,-28,0
E,13916256,frombelow,12,0,1520,1520,,,,,,,0
S,13916886,frombelow,12,0,1520,1520,880,-976,-17136,39,24,-29,0
S,13926874,frombelow,12,0,1520,1520,-1368,200,-16496,39,4,-53,0
S,13936873,frombelow,12,0,1520,1520,-1928,632,-23112,50,-324,-206,0
S,13946873,frombelow,12,0,1520,1520,-1200,10384,-17280,16,-478,282,0
S,13956873,frombelow,12,0,1520,1520,-10104,9264,-17240,48,-1092,9,0
S,13966873,frombelow,12,0,1520,1520,-2320,744,-16648,41,-1581,64,0
S,13976873,frombelow,12,0,1520,1520,792,-1952,-13024,120,-1773,-124,0
S,13986873,frombelow,12,0,1520,1520,-24,-816,-20912,74,-1751,152,0
S,13996873,frombelow,12,0,1520,1520,7976,-5648,-18240,30,-1628,198,0
S,14006873,frombelow,12,0,1520,1520,-352,-728,-17160,-36,-1203,-200,0
S,14016873,frombelow,12,0,1520,1520,-904,-3464,-18112,101,-556,-9,0
S,14026873,frombelow,12,0,1520,1520,-1008,-4272,-16304,182,300,-23,0
S,14036873,frombelow,12,0,1520,1520,2408,-1920,-18368,130,896,-32,0
S,14046873,frombelow,12,0,1520,1520,1368,-1496,-17104,-9,1106,-88,0
S,14056873,frombelow,12,0,1520,1520,152,-1944,-19680,-138,958,-387,0
S,14066873,frombelow,12,0,1520,1520,-4432,-16,-18448,-200,1027,12,0
S,14076873,frombelow,12,0,1520,1520,-560,40,-18176,-83,766,-107,0
S,14086873,frombelow,12,0,1520,1520,256,-704,-19080,1,438,-95,0
S,14096873,frombelow,12,0,1520,1520,-536,-5896,-12168,-48,63,183,0
S,14106873,frombelow,12,0,1520,1520,256,-1744,-16472,40,-288,-13,0
S,14116873,frombelow,12,0,1520,1520,-32,-1408,-15000,112,-553,-115,0
S,14126873,frombelow,12,0,1520,1520,-5072,488,-18496,96,-640,41,0
S,14136873,frombelow,12,0,1520,1520,152,-624,-17496,64,-600,231,0
S,14146873,frombelow,12,0,1520,1520,-88,-1928,-15072,75,-614,-11,0
S,14156874,frombelow,12,0,1520,1520,2560,1288,-16768,38,-478,-7,0
S,14166873,frombelow,12,0,1520,1520,-40,-1456,-16512,20,-275,-14,0
S,14176873,frombelow,12,0,1520,1520,-1176,240,-16656,78,15,-35,0
S,14186873,frombelow,12,0,1520,1520,-2488,-1792,-16488,86,266,-29,0
S,14196873,frombelow,12,0,1520,1520,-624,-496,-17448,37,385,-39,0
S,14206873,frombelow,12,0,1520,1520,-1440,-488,-16392,-12,336,-108,0
S,14216873,frombelow,12,0,1520,1520,-56,-576,-16272,-4,285,-67,0
S,14226873,frombelow,12,0,1520,1520,-528,-624,-16616,10,191,-34,0
S,14236873,frombelow,12,0,1520,1520,-232,-992,-16808,64,68,-28,0
S,14246873,frombelow,12,0,1520,1520,-144,-1216,-17008,88,-26,-31,0
S,14256873,frombelow,12,0,1520,1520,-480,-784,-17200,65,-99,-26,0
S,14266873,frombelow,12,0,1520,1520,-400,-976,-17168,32,-129,-16,0
S,14276873,frombelow,12,0,1520,1520,-56,-912,-16888,19,-118,-25,0
S,14286873,frombelow,12,0,1520,1520,-512,-1048,-16920,29,-45,-22,0
S,14296873,frombelow,12,0,1520,1520,-120,-856,-17296,49,15,-20,0
S,14306873,frombelow,12,0,1520,1520,-184,-792,-17224,62,67,-35,0
S,14316873,frombelow,12,0,1520,1520,-624,-944,-17024,36,85,-33,0
E,15016256,fromabove,13,0,1520,1520,,,,,,,0
S,15016887,fromabove,13,0,1520,1520,-1640,-992,-17000,31,31,-28,0
S,15026877,fromabove,13,0,1520,1520,608,-184,-17552,31,43,-19,0
S,15036876,fromabove,13,0,1520,1520,-816,-3440,-18216,54,263,41,0
S,15046876,fromabove,13,0,1520,1520,-1336,2168,-13992,160,588,3,0
S,15056875,fromabove,13,0,1520,1520,-2024,-3352,-15600,255,1036,-33,0
S,15066876,fromabove,13,0,1520,1520,-784,112,-17208,225,1385,-69,0
S,15076876,fromabove,13,0,1520,1520,752,-2040,-17024,172,1538,-83,0
S,15086875,fromabove,13,0,1520,1520,-4488,128,-17184,50,1385,-302,0
S,15096876,fromabove,13,0,1520,1520,6856,-272,-13816,-101,1382,-112,0
S,15106875,fromabove,13,0,1520,1520,184,-2784,-17840,-131,1044,-154,0
S,15116876,fromabove,13,0,1520,1520,-1856,216,-18912,-83,705,-126,0
S,15126875,fromabove,13,0,1520,1520,-288,-3616,-14016,-121,298,88,0
S,15136875,fromabove,13,0,1520,1520,-248,-2288,-16824,-15,-112,-4,0
S,15146875,fromabove,13,0,1520,1520,-1312,-1720,-15432,102,-449,-109,0
S,15156875,fromabove,13,0,1520,1520,1200,-3800,-19864,108,-578,131,0
S,15166876,fromabove,13,0,1520,1520,3160,-2992,-16736,123,-636,72,0
S,15176875,fromabove,13,0,1520,1520,-3032,-200,-18184,78,-632,-47,0
S,15186875,fromabove,13,0,1520,1520,3240,-432,-17760,47,-564,-29,0
S,15196875,fromabove,13,0,1520,1520,-1832,-1472,-16368,4,-319,-27,0
S,15206876,fromabove,13,0,1520,1520,6120,-1792,-17856,50,-40,23,0
S,15216875,fromabove,13,0,1520,1520,-2296,-1360,-16504,94,220,-40,0
S,15226875,fromabove,13,0,1520,1520,0,-1072,-16808,66,396,-41,0
S,15236876,fromabove,13,0,1520,1520,-928,-392,-17024,12,386,-74,0
S,15246875,fromabove,13,0,1520,1520,144,-1128,-17816,-31,291,-105,0
S,15256875,fromabove,13,0,1520,1520,-128,-1304,-17544,-13,192,-48,0
S,15266876,fromabove,13,0,1520,1520,-696,-1168,-17080,41,80,-31,0
S,15276875,fromabove,13,0,1520,1520,-432,-944,-17112,80,-22,-26,0
S,15286876,fromabove,13,0,1520,1520,-368,-864,-17304,85,-93,-24,0
S,15296875,fromabove,13,0,1520,1520,-160,-904,-16992,54,-130,-20,0
S,15306876,fromabove,13,0,1520,1520,-496,-1208,-16896,27,-110,-15,0
S,15316875,fromabove,13,0,1520,1520,-400,-984,-17160,19,-43,-18,0
S,15326875,fromabove,13,0,1520,1520,-80,-984,-17160,32,29,-26,0
S,15336875,fromabove,13,0,1520,1520,-528,-1160,-16992,54,84,-31,0
S,15346875,fromabove,13,0,1520,1520,-536,-888,-17000,41,95,-39,0
S,15356875,fromabove,13,0,1520,1520,-312,-920,-17232,21,60,-26,0
S,15366876,fromabove,13,0,1520,1520,-272,-896,-17168,22,9,-31,0
S,15376875,fromabove,13,0,1520,1520,-416,-1080,-17000,43,-7,-35,0
S,15386875,fromabove,13,0,1520,1520,-400,-1032,-17240,63,-4,-20,0
S,15396876,fromabove,13,0,1520,1520,-264,-904,-17168,62,13,-26,0
S,15406876,fromabove,13,0,1520,1520,-200,-832,-16936,38,23,-29,0
S,15416875,fromabove,13,0,1520,1520,-496,-1128,-17008,15,39,-29,0
E,16116256,frombelow,14,0,1520,1520,,,,,,,0
S,16116886,frombelow,14,0,1520,1520,928,-936,-17032,40,22,-27,0
S,16126874,frombelow,14,0,1520,1520,-3680,-1072,-17408,33,-5,-25,0
S,16136873,frombelow,14,0,1520,1520,14576,-2392,-20456,59,-300,-208,0
S,16146873,frombelow,14,0,1520,1520,-9400,-15488,-5816,-32,-633,229,0
S,16156873,frombelow,14,0,1520,1520,-5056,-4888,-17752,7,-1227,26,0
S,16166873,frombelow,14,0,1520,1520,-160,-3600,-18232,27,-1635,121,0
S,16176873,frombelow,14,0,1520,1520,1296,-2264,-12464,137,-1769,-81,0
S,16186873,frombelow,14,0,1520,1520,-7328,5968,-15344,80,-1721,-42,0
S,16196873,frombelow,14,0,1520,1520,3528,1184,-21528,18,-1544,241,0
S,16206873,frombelow,14,0,1520,1520,-2712,-6432,-15920,-4,-1118,-133,0
S,16216873,frombelow,14,0,1520,1520,2832,-2152,-17080,136,-409,8,0
S,16226874,frombelow,14,0,1520,1520,192,-3576,-16064,186,306,-14,0
S,16236873,frombelow,14,0,1520,1520,744,-472,-17448,111,870,-47,0
S,16246873,frombelow,14,0,1520,1520,-352,-1208,-16968,-31,1032,-98,0
S,16256873,frombelow,14,0,1520,1520,2336,-1544,-20408,-137,884,-367,0
S,16266873,frombelow,14,0,1520,1520,-3608,-2416,-17680,-193,918,0,0
S,16276873,frombelow,14,0,1520,1520,-3024,-1400,-17568,-75,680,-161,0
S,16286873,frombelow,14,0,1520,1520,-4616,888,-18424,42,458,-38,0
S,16296873,frombelow,14,0,1520,1520,-176,-1104,-15648,106,100,-52,0
S,16306873,frombelow,14,0,1520,1520,-96,-2800,-16104,127,-220,-111,0
S,16316873,frombelow,14,0,1520,1520,-1120,-1592,-17920,85,-448,116,0
S,16326873,frombelow,14,0,1520,1520,-424,288,-16920,86,-602,82,0
S,16336873,frombelow,14,0,1520,1520,1160,-2104,-16336,78,-570,106,0
S,16346873,frombelow,14,0,1520,1520,312,-1696,-17040,59,-529,-27,0
S,16356873,frombelow,14,0,1520,1520,616,-320,-18024,19,-437,-13,0
S,16366873,frombelow,14,0,1520,1520,104,-64,-17168,-23,-228,44,0
S,16376873,frombelow,14,0,1520,1520,-1480,-1160,-16480,-6,-14,-15,0
S,16386873,frombelow,14,0,1520,1520,-4056,-2864,-16248,51,237,-22,0
S,16396873,frombelow,14,0,1520,1520,1328,-784,-17320,41,338,-30,0
S,16406873,frombelow,14,0,1520,1520,-168,-1024,-16784,19,299,-126,0
S,16416873,frombelow,14,0,1520,1520,-264,-800,-16648,8,257,-53,0
S,16426873,frombelow,14,0,1520,1520,-640,-760,-17072,22,151,-33,0
S,16436873,frombelow,14,0,1520,1520,-432,-1096,-17128,59,42,-25,0
S,16446873,frombelow,14,0,1520,1520,-504,-936,-17184,66,-53,-27,0
S,16456873,frombelow,14,0,1520,1520,-504,-952,-17264,45,-97,-23,0
S,16466873,frombelow,14,0,1520,1520,-56,-952,-17192,37,-106,-8,0
S,16476873,frombelow,14,0,1520,1520,-336,-1128,-16944,36,-65,-18,0
S,16486873,frombelow,14,0,1520,1520,-520,-1176,-17088,40,0,-28,0
S,16496873,frombelow,14,0,1520,1520,-264,-864,-17240,41,55,-30,0
S,16506873,frombelow,14,0,1520,1520,-104,-856,-17280,34,79,-28,0
S,16516873,frombelow,14,0,1520,1520,-552,-1000,-16952,22,63,-35,0
E,17216256,fromabove,15,0,1520,1520,,,,,,,0
S,17216887,fromabove,15,0,1520,1520,-1600,-824,-17104,41,30,-28,0
S,17226876,fromabove,15,0,1520,1520,-216,-48,-17152,31,51,-37,0
S,17236876,fromabove,15,0,1520,1520,-3344,-1872,-20128,-16,232,203,0
S,17246875,fromabove,15,0,1520,1520,5976,-16,-12680,141,469,55,0
S,17256875,fromabove,15,0,1520,1520,-1936,1776,-15952,234,891,-139,0
S,17266876,fromabove,15,0,1520,1520,2128,-1368,-17336,262,1327,-95,0
S,17276876,fromabove,15,0,1520,1520,-800,-2432,-17120,212,1502,-48,0
S,17286876,fromabove,15,0,1520,1520,-2720,168,-16520,108,1431,-238,0
S,17296875,fromabove,15,0,1520,1520,4200,2432,-15272,-51,1319,-119,0
S,17306876,fromabove,15,0,1520,1520,48,-1080,-18040,-121,1075,-127,0
S,17316875,fromabove,15,0,1520,1520,416,-664,-18056,-62,826,-130,0
S,17326875,fromabove,15,0,1520,1520,-376,688,-15384,-94,394,97,0
S,17336875,fromabove,15,0,1520,1520,-1408,304,-17728,4,-10,-63,0
S,17346875,fromabove,15,0,1520,1520,-888,-1680,-15320,69,-350,-98,0
S,17356876,fromabove,15,0,1520,1520,480,-3968,-20544,45,-573,196,0
S,17366875,fromabove,15,0,1520,1520,1216,-1168,-16816,88,-691,75,0
S,17376875,fromabove,15,0,1520,1520,-4440,-960,-18440,75,-589,25,0
S,17386876,fromabove,15,0,1520,1520,-1200,-768,-18008,49,-598,-11,0
S,17396875,fromabove,15,0,1520,1520,-1808,-1424,-17416,-11,-341,47,0
S,17406875,fromabove,15,0,1520,1520,-11840,-6344,-16128,46,-117,36,0
S,17416875,fromabove,15,0,1520,1520,-3728,-272,-16352,79,170,-47,0
S,17426875,fromabove,15,0,1520,1520,608,-2448,-16872,80,363,-47,0
S,17436876,fromabove,15,0,1520,1520,-408,-816,-16896,22,413,-53,0
S,17446875,fromabove,15,0,1520,1520,-768,-864,-17192,-45,313,-148,0
S,17456875,fromabove,15,0,1520,1520,-504,-1440,-16880,-38,220,-69,0
S,17466875,fromabove,15,0,1520,1520,-720,-1224,-17528,23,126,-22,0
S,17476875,fromabove,15,0,1520,1520,-584,-976,-17416,86,4,-21,0
S,17486876,fromabove,15,0,1520,1520,-440,-1216,-17296,95,-82,-29,0
S,17496875,fromabove,15,0,1520,1520,-792,-840,-17024,73,-117,-27,0
S,17506875,fromabove,15,0,1520,1520,-304,-792,-17208,23,-112,-8,0
S,17516875,fromabove,15,0,1520,1520,-184,-896,-17200,11,-74,-10,0
S,17526875,fromabove,15,0,1520,1520,-448,-800,-16960,37,5,-34,0
S,17536875,fromabove,15,0,1520,1520,-432,-1264,-16960,46,77,-27,0
S,17546876,fromabove,15,0,1520,1520,-336,-912,-17312,49,95,-38,0
S,17556876,fromabove,15,0,1520,1520,-392,-904,-17120,29,68,-42,0
S,17566875,fromabove,15,0,1520,1520,-328,-1032,-17056,12,26,-31,0
S,17576875,fromabove,15,0,1520,1520,-560,-1112,-17104,28,-2,-26,0
S,17586875,fromabove,15,0,1520,1520,-368,-976,-17248,56,-10,-25,0
S,17596875,fromabove,15,0,1520,1520,-264,-1048,-17152,63,5,-29,0
S,17606875,fromabove,15,0,1520,1520,-456,-1104,-17000,49,25,-32,0
S,17616876,fromabove,15,0,1520,1520,-592,-920,-17072,20,37,-31,0
E,18316256,frombelow,16,0,1520,1520,,,,,,,0
S,18316886,frombelow,16,0,1520,1520,968,-1064,-17128,40,21,-25,0
S,18326874,frombelow,16,0,1520,1520,2672,-2872,-16680,44,3,-18,0
S,18336873,frombelow,16,0,1520,1520,-3888,-3024,-22728,87,-303,-270,0
S,18346873,frombelow,16,0,1520,1520,616,8272,-19712,22,-437,131,0
S,18356873,frombelow,16,0,1520,1520,-8472,4800,-15920,52,-1005,51,0
S,18366873,frombelow,16,0,1520,1520,360,1920,-13752,44,-1545,26,0
S,18376873,frombelow,16,0,1520,1520,-704,-1936,-12800,113,-1781,-98,0
S,18386873,frombelow,16,0,1520,1520,-1296,-8008,-25352,64,-1740,150,0
S,18396873,frombelow,16,0,1520,1520,7032,-3688,-17424,23,-1621,193,0
S,18406873,frombelow,16,0,1520,1520,-712,-1016,-17240,-16,-1228,-206,0
S,18416873,frombelow,16,0,1520,1520,-1952,-3520,-18032,112,-625,-54,0
S,18426873,frombelow,16,0,1520,1520,-632,-2824,-17320,167,204,-27,0
S,18436873,frombelow,16,0,1520,1520,1904,-1352,-18552,149,775,-27,0
S,18446873,frombelow,16,0,1520,1520,624,-1264,-17152,8,1060,-47,0
S,18456873,frombelow,16,0,1520,1520,-4016,-3456,-16752,-151,950,-269,0
S,18466873,frombelow,16,0,1520,1520,-5704,-848,-15408,-196,1003,-97,0
S,18476873,frombelow,16,0,1520,1520,-3448,544,-16976,-99,800,-145,0
S,18486873,frombelow,16,0,1520,1520,-616,-96,-18168,15,528,-71,0
S,18496873,frombelow,16,0,1520,1520,-1088,1960,-14600,36,171,22,0
S,18506873,frombelow,16,0,1520,1520,-1672,440,-15704,122,-167,-196,0
S,18516873,frombelow,16,0,1520,1520,296,792,-17160,106,-463,-16,0
S,18526874,frombelow,16,0,1520,1520,-2304,136,-17296,100,-575,89,0
S,18536873,frombelow,16,0,1520,1520,-416,-664,-17568,67,-567,116,0
S,18546873,frombelow,16,0,1520,1520,-4552,-1384,-18368,51,-570,-36,0
S,18556873,frombelow,16,0,1520,1520,880,-1736,-18312,36,-470,-20,0
S,18566873,frombelow,16,0,1520,1520,672,-1112,-17096,6,-287,89,0
S,18576873,frombelow,16,0,1520,1520,-1024,-1168,-16528,35,-45,-7,0
S,18586873,frombelow,16,0,1520,1520,-216,-752,-17136,84,185,-30,0
S,18596873,frombelow,16,0,1520,1520,592,-648,-17280,78,336,-47,0
S,18606873,frombelow,16,0,1520,1520,-920,-816,-16728,18,338,-77,0
S,18616873,frombelow,16,0,1520,1520,696,-904,-17848,-23,271,-45,0
S,18626873,frombelow,16,0,1520,1520,-368,-1072,-17416,-9,184,-42,0
S,18636873,frombelow,16,0,1520,1520,-344,-1232,-17104,45,68,-24,0
S,18646873,frombelow,16,0,1520,1520,-504,-1008,-17024,84,-27,-26,0
S,18656873,frombelow,16,0,1520,1520,-400,-1048,-17040,75,-88,-27,0
S,18666873,frombelow,16,0,1520,1520,424,-904,-17144,49,-113,-20,0
S,18676873,frombelow,16,0,1520,1520,-808,-1240,-16872,28,-91,-23,0
S,18686873,frombelow,16,0,1520,1520,200,-560,-17360,17,-25,-18,0
S,18696873,frombelow,16,0,1520,1520,-88,-1296,-17320,32,32,-20,0
S,18706873,frombelow,16,0,1520,1520,-200,-1248,-17024,49,77,-30,0
S,18716873,frombelow,16,0,1520,1520,-728,-1024,-16888,45,78,-31,0
E,19416256,fromabove,17,0,1520,1520,,,,,,,0
S,19416887,fromabove,17,0,1520,1520,-1616,-856,-17008,40,17,-29,0
S,19426877,fromabove,17,0,1520,1520,-5976,-1176,-17384,38,19,-32,0
S,19436875,fromabove,17,0,1520,1520,-2464,-40,-18672,38,252,127,0
S,19446875,fromabove,17,0,1520,1520,720,-1104,-12536,151,536,83,0
S,19456875,fromabove,17,0,1520,1520,-192,-3152,-15232,237,1001,-31,0
S,19466876,fromabove,17,0,1520,1520,-1472,1264,-16456,244,1366,-64,0
S,19476875,fromabove,17,0,1520,1520,112,-32,-17928,170,1533,-7,0
S,19486875,fromabove,17,0,1520,1520,-4376,192,-16480,30,1428,-257,0
S,19496875,fromabove,17,0,1520,1520,7528,-552,-13408,-105,1382,-67,0
S,19506875,fromabove,17,0,1520,1520,-1128,-3576,-17384,-130,1062,-155,0
S,19516875,fromabove,17,0,1520,1520,-624,-528,-19656,-101,724,-167,0
S,19526875,fromabove,17,0,1520,1520,-528,-8024,-13288,-129,299,55,0
S,19536876,fromabove,17,0,1520,1520,88,-3016,-16128,-15,-134,-21,0
S,19546875,fromabove,17,0,1520,1520,-856,-1896,-15512,94,-479,-142,0
S,19556875,fromabove,17,0,1520,1520,3152,-5640,-21872,69,-636,155,0
S,19566876,fromabove,17,0,1520,1520,5880,-2016,-15160,101,-671,122,0
S,19576875,fromabove,17,0,1520,1520,-3840,-1184,-17456,86,-681,-86,0
S,19586875,fromabove,17,0,1520,1520,3528,-696,-18752,42,-528,31,0
S,19596875,fromabove,17,0,1520,1520,-1880,-2312,-16160,24,-268,-12,0
S,19606875,fromabove,17,0,1520,1520,25416,1992,-15656,71,88,19,0
S,19616876,fromabove,17,0,1520,1520,896,1688,-17256,58,309,-44,0
S,19626876,fromabove,17,0,1520,1520,-864,168,-16976,24,403,-54,0
S,19636875,fromabove,17,0,1520,1520,-944,-1200,-16912,-39,374,-92,0
S,19646875,fromabove,17,0,1520,1520,1152,-1136,-17248,-32,288,-21,0
S,19656875,fromabove,17,0,1520,1520,-264,-1528,-17296,18,178,-41,0
S,19666875,fromabove,17,0,1520,1520,-608,-1152,-16928,77,61,-26,0
S,19676875,fromabove,17,0,1520,1520,-688,-88,-17000,93,-39,-27,0
S,19686875,fromabove,17,0,1520,1520,-248,-1088,-16984,71,-103,-21,0
S,19696875,fromabove,17,0,1520,1520,-400,-1112,-16928,32,-114,-9,0
S,19706875,fromabove,17,0,1520,1520,-80,-280,-17104,17,-85,-14,0
S,19716875,fromabove,17,0,1520,1520,-256,-984,-17128,23,-28,-22,0
S,19726875,fromabove,17,0,1520,1520,-264,-968,-17128,45,41,-29,0
S,19736876,fromabove,17,0,1520,1520,-552,-1248,-16984,49,85,-27,0
S,19746875,fromabove,17,0,1520,1520,-544,-952,-17064,32,74,-36,0
S,19756876,fromabove,17,0,1520,1520,-368,-1024,-17072,11,44,-31,0
S,19766876,fromabove,17,0,1520,1520,-360,-1080,-17008,23,3,-28,0
S,19776875,fromabove,17,0,1520,1520,-416,-1176,-17120,50,-6,-30,0
S,19786876,fromabove,17,0,1520,1520,-360,-920,-17024,65,0,-26,0
S,19796875,fromabove,17,0,1520,1520,-488,-976,-17160,51,11,-33,0
S,19806875,fromabove,17,0,1520,1520,-464,-944,-17160,26,34,-30,0
S,19816876,fromabove,17,0,1520,1520,-408,-920,-17072,14,45,-27,0
E,20516256,frombelow,18,0,1520,1520,,,,,,,0
S,20516886,frombelow,18,0,1520,1520,936,-856,-17104,38,24,-27,0
S,20526874,frombelow,18,0,1520,1520,-208,-848,-16688,40,7,-33,0
S,20536873,frombelow,18,0,1520,1520,4168,-5568,-21392,71,-281,-294,0
S,20546873,frombelow,18,0,1520,1520,816,13784,-17368,14,-458,311,0
S,20556874,frombelow,18,0,1520,1520,-7080,3088,-16864,62,-975,99,0
S,20566873,frombelow,18,0,1520,1520,-2080,200,-16312,33,-1546,19,0
S,20576873,frombelow,18,0,1520,1520,-608,-2160,-12672,111,-1767,-89,0
S,20586873,frombelow,18,0,1520,1520,3048,-1528,-19824,94,-1726,160,0
S,20596873,frombelow,18,0,1520,1520,4208,-1888,-19088,53,-1573,256,0
S,20606873,frombelow,18,0,1520,1520,-6096,-4736,-18616,-25,-1205,-186,0
S,20616873,frombelow,18,0,1520,1520,-1240,-3584,-17776,133,-597,-9,0
S,20626873,frombelow,18,0,1520,1520,-664,-3288,-16592,150,178,-30,0
S,20636873,frombelow,18,0,1520,1520,2232,-592,-18352,132,771,-34,0
S,20646873,frombelow,18,0,1520,1520,856,-704,-17296,-61,1016,-34,0
S,20656873,frombelow,18,0,1520,1520,-3192,-2816,-17504,-148,910,-275,0
S,20666873,frombelow,18,0,1520,1520,2184,128,-15560,-198,979,-99,0
S,20676873,frombelow,18,0,1520,1520,-4168,648,-17408,-91,765,-119,0
S,20686873,frombelow,18,0,1520,1520,-3728,-1456,-17480,21,565,-80,0
S,20696873,frombelow,18,0,1520,1520,376,-200,-15832,61,167,-65,0
S,20706873,frombelow,18,0,1520,1520,-72,-2912,-15152,98,-165,-118,0
S,20716873,frombelow,18,0,1520,1520,968,200,-16888,79,-435,43,0
S,20726873,frombelow,18,0,1520,1520,-2384,1568,-17728,105,-564,50,0
S,20736873,frombelow,18,0,1520,1520,-544,-1288,-17704,72,-567,124,0
S,20746873,frombelow,18,0,1520,1520,-4960,-1448,-18216,53,-553,-27,0
S,20756873,frombelow,18,0,1520,1520,-24,-448,-18424,33,-477,15,0
S,20766873,frombelow,18,0,1520,1520,48,-2280,-17264,12,-271,63,0
S,20776873,frombelow,18,0,1520,1520,-1104,-1592,-16632,37,-57,-4,0
S,20786873,frombelow,18,0,1520,1520,-4736,-1248,-17096,87,174,-45,0
S,20796873,frombelow,18,0,1520,1520,1848,1024,-17688,70,317,-62,0
S,20806873,frombelow,18,0,1520,1520,-1152,-520,-16984,14,301,-103,0
S,20816873,frombelow,18,0,1520,1520,-64,-928,-17448,-30,256,-24,0
S,20826873,frombelow,18,0,1520,1520,-272,-768,-17104,3,157,-34,0
S,20836873,frombelow,18,0,1520,1520,-608,-632,-16952,55,58,-27,0
S,20846873,frombelow,18,0,1520,1520,-504,-1112,-17048,80,-37,-28,0
S,20856873,frombelow,18,0,1520,1520,-416,-776,-17056,80,-90,-22,0
S,20866873,frombelow,18,0,1520,1520,368,-848,-16808,55,-112,-26,0
S,20876873,frombelow,18,0,1520,1520,-904,-904,-17056,21,-67,-18,0
S,20886873,frombelow,18,0,1520,1520,-352,-936,-17136,17,-13,-21,0
S,20896873,frombelow,18,0,1520,1520,-208,-976,-17336,38,47,-24,0
S,20906873,frombelow,18,0,1520,1520,-296,-1016,-17032,45,80,-36,0
S,20916873,frombelow,18,0,1520,1520,-640,-1040,-16888,32,73,-34,0
E,21616256,fromabove,19,0,1520,1520,,,,,,,0
S,21616887,fromabove,19,0,1520,1520,-1648,-880,-17024,41,27,-33,0
S,21626877,fromabove,19,0,1520,1520,6752,-2472,-16920,34,80,-13,0
S,21636875,fromabove,19,0,1520,1520,1640,1464,-17704,48,281,2,0
S,21646875,fromabove,19,0,1520,1520,-2048,-2096,-16736,174,685,-181,0
S,21656876,fromabove,19,0,1520,1520,-3040,-3424,-15880,251,1069,-75,0
S,21666876,fromabove,19,0,1520,1520,-656,1216,-16288,218,1442,-102,0
S,21676876,fromabove,19,0,1520,1520,152,-1128,-16808,166,1528,-134,0
S,21686875,fromabove,19,0,1520,1520,1224,1128,-17968,17,1345,-404,0
S,21696875,fromabove,19,0,1520,1520,2208,-2688,-15192,-180,1369,-147,0
S,21706875,fromabove,19,0,1520,1520,3360,96,-17016,-138,1065,-108,0
S,21716875,fromabove,19,0,1520,1520,-272,776,-18576,-76,741,-109,0
S,21726875,fromabove,19,0,1520,1520,-1096,1000,-14888,-57,352,24,0
S,21736876,fromabove,19,0,1520,1520,-928,-320,-17112,14,-57,-62,0
S,21746876,fromabove,19,0,1520,1520,-832,-536,-15296,87,-391,-84,0
S,21756875,fromabove,19,0,1520,1520,-904,-5488,-19552,67,-602,162,0
S,21766876,fromabove,19,0,1520,1520,2648,-2440,-16432,98,-712,82,0
S,21776875,fromabove,19,0,1520,1520,-4880,-552,-18376,85,-619,-19,0
S,21786875,fromabove,19,0,1520,1520,-376,-1960,-18192,64,-618,15,0
S,21796876,fromabove,19,0,1520,1520,-1712,-1832,-17680,-10,-379,60,0
S,21806875,fromabove,19,0,1520,1520,-6424,264,-17336,42,-190,-31,0
S,21816875,fromabove,19,0,1520,1520,80,-1016,-16528,67,144,-38,0
S,21826875,fromabove,19,0,1520,1520,1184,-1784,-17408,94,333,-47,0
S,21836875,fromabove,19,0,1520,1520,-608,-968,-16728,34,399,-51,0
S,21846875,fromabove,19,0,1520,1520,-1432,-768,-17096,-29,322,-127,0
S,21856875,fromabove,19,0,1520,1520,-624,-752,-17008,-30,234,-59,0
S,21866875,fromabove,19,0,1520,1520,-616,-1168,-17240,16,124,-27,0
S,21876876,fromabove,19,0,1520,1520,-688,-1024,-17248,75,8,-31,0
S,21886875,fromabove,19,0,1520,1520,-352,-816,-17000,88,-73,-23,0
S,21896875,fromabove,19,0,1520,1520,-616,-1080,-17000,71,-120,-19,0
S,21906875,fromabove,19,0,1520,1520,-536,-888,-17256,31,-109,-3,0
S,21916875,fromabove,19,0,1520,1520,-128,-888,-17216,18,-59,-23,0
S,21926876,fromabove,19,0,1520,1520,-320,-1144,-16904,25,12,-21,0
S,21936875,fromabove,19,0,1520,1520,-616,-1312,-17000,43,83,-27,0
S,21946875,fromabove,19,0,1520,1520,-480,-904,-17248,40,99,-33,0
S,21956875,fromabove,19,0,1520,1520,-160,-808,-17096,27,63,-34,0
S,21966876,fromabove,19,0,1520,1520,-456,-1088,-16976,22,19,-23,0
S,21976875,fromabove,19,0,1520,1520,-632,-1056,-17024,30,-2,-28,0
S,21986876,fromabove,19,0,1520,1520,-496,-1000,-17208,49,-12,-31,0
S,21996876,fromabove,19,0,1520,1520,-224,-1024,-17088,61,4,-26,0
S,22006876,fromabove,19,0,1520,1520,-400,-968,-17000,51,23,-29,0
S,22016875,fromabove,19,0,1520,1520,-504,-992,-17008,29,42,-31,0
E,22716256,frombelow,20,0,1520,1520,,,,,,,0
S,22716886,frombelow,20,0,1520,1520,1000,-920,-17016,42,23,-30,0
S,22726874,frombelow,20,0,1520,1520,3416,-2120,-16808,41,6,-22,0
S,22736873,frombelow,20,0,1520,1520,-1680,-5064,-21904,76,-287,-309,0
S,22746873,frombelow,20,0,1520,1520,920,400,-19360,23,-426,83,0
S,22756873,frombelow,20,0,1520,1520,-8688,384,-17064,54,-991,93,0
S,22766873,frombelow,20,0,1520,1520,-360,376,-15024,47,-1531,52,0
S,22776873,frombelow,20,0,1520,1520,-232,-608,-12880,95,-1741,-64,0
S,22786873,frombelow,20,0,1520,1520,3912,-4792,-22664,84,-1727,128,0
S,22796873,frombelow,20,0,1520,1520,6896,-4056,-17304,29,-1603,209,0
S,22806873,frombelow,20,0,1520,1520,-4576,-5704,-18056,-33,-1206,-234,0
S,22816873,frombelow,20,0,1520,1520,-1760,-5208,-17952,122,-653,-43,0
S,22826873,frombelow,20,0,1520,1520,-1144,-4392,-16448,151,172,-19,0
S,22836873,frombelow,20,0,1520,1520,1408,-2200,-18608,147,706,-15,0
S,22846873,frombelow,20,0,1520,1520,696,-1440,-17296,-8,986,-68,0
S,22856873,frombelow,20,0,1520,1520,-2672,-1736,-16448,-146,913,-237,0
S,22866873,frombelow,20,0,1520,1520,1776,736,-15800,-195,971,-101,0
S,22876873,frombelow,20,0,1520,1520,-4424,8,-17240,-100,789,-95,0
S,22886873,frombelow,20,0,1520,1520,-3504,-1832,-17096,23,573,-73,0
S,22896873,frombelow,20,0,1520,1520,1240,-1232,-16984,64,194,-123,0
S,22906873,frombelow,20,0,1520,1520,-480,-3272,-14312,87,-115,-41,0
S,22916873,frombelow,20,0,1520,1520,-32,-632,-16728,86,-408,105,0
S,22926873,frombelow,20,0,1520,1520,-2512,2384,-17400,139,-518,69,0
S,22936874,frombelow,20,0,1520,1520,-896,-192,-17688,98,-540,110,0
S,22946873,frombelow,20,0,1520,1520,-3936,-160,-18264,67,-502,44,0
S,22956873,frombelow,20,0,1520,1520,816,-3344,-18288,27,-460,14,0
S,22966873,frombelow,20,0,1520,1520,1760,-1560,-17088,-22,-298,7,0
S,22976873,frombelow,20,0,1520,1520,-1384,-1224,-16368,-33,-88,8,0
S,22986873,frombelow,20,0,1520,1520,-968,1776,-16928,43,96,-60,0
S,22996873,frombelow,20,0,1520,1520,936,-1064,-16896,73,258,-58,0
S,23006873,frombelow,20,0,1520,1520,-1112,-904,-16976,49,290,-66,0
S,23016873,frombelow,20,0,1520,1520,280,-1232,-17808,10,223,-74,0
S,23026873,frombelow,20,0,1520,1520,-328,-1080,-17240,-1,164,-36,0
S,23036873,frombelow,20,0,1520,1520,-480,-912,-17008,33,55,-26,0
S,23046873,frombelow,20,0,1520,1520,-480,-936,-16984,64,-24,-29,0
S,23056873,frombelow,20,0,1520,1520,-280,-864,-16992,66,-79,-28,0
S,23066873,frombelow,20,0,1520,1520,-568,-968,-17024,57,-93,-19,0
S,23076873,frombelow,20,0,1520,1520,-440,-1040,-16928,41,-58,-14,0
S,23086873,frombelow,20,0,1520,1520,-448,-936,-17232,31,5,-23,0
S,23096873,frombelow,20,0,1520,1520,-320,-864,-17272,33,59,-30,0
S,23106873,frombelow,20,0,1520,1520,-344,-872,-16976,39,82,-27,0
S,23116873,frombelow,20,0,1520,1520,-560,-928,-16904,32,69,-34,0
E,23816256,fromabove,21,0,1520,1520,,,,,,,0
S,23816887,fromabove,21,0,1520,1520,-1672,-920,-16976,43,19,-31,0
S,23826877,fromabove,21,0,1520,1520,-3216,-1712,-17328,41,42,-36,0
S,23836875,fromabove,21,0,1520,1520,-344,-1112,-18744,51,280,211,0
S,23846876,fromabove,21,0,1520,1520,1312,-2048,-11912,168,553,78,0
S,23856875,fromabove,21,0,1520,1520,-2024,-4360,-14832,232,1015,-40,0
S,23866876,fromabove,21,0,1520,1520,464,2608,-17008,267,1365,-62,0
S,23876876,fromabove,21,0,1520,1520,-1792,-680,-17528,181,1544,-13,0
S,23886875,fromabove,21,0,1520,1520,-2680,432,-16376,93,1427,-289,0
S,23896875,fromabove,21,0,1520,1520,2880,-2064,-13360,-117,1395,-61,0
S,23906875,fromabove,21,0,1520,1520,-1040,-1472,-17880,-144,1084,-158,0
S,23916875,fromabove,21,0,1520,1520,-880,-48,-18864,-91,765,-105,0
S,23926875,fromabove,21,0,1520,1520,-2136,-488,-14696,-105,377,115,0
S,23936875,fromabove,21,0,1520,1520,-1672,56,-17536,-9,-36,-32,0
S,23946875,fromabove,21,0,1520,1520,-472,-1752,-14728,90,-393,-111,0
S,23956875,fromabove,21,0,1520,1520,4096,-7328,-20912,63,-577,187,0
S,23966876,fromabove,21,0,1520,1520,3408,-3928,-16456,107,-663,83,0
S,23976875,fromabove,21,0,1520,1520,-5176,-280,-18408,78,-603,-2,0
S,23986875,fromabove,21,0,1520,1520,-2400,-2264,-18448,45,-598,0,0
S,23996875,fromabove,21,0,1520,1520,-3592,-1808,-18040,-9,-366,46,0
S,24006875,fromabove,21,0,1520,1520,2896,-4608,-18320,27,-146,28,0
S,24016875,fromabove,21,0,1520,1520,-560,-3080,-16392,81,134,-31,0
S,24026875,fromabove,21,0,1520,1520,664,-200,-16824,81,336,-51,0
S,24036875,fromabove,21,0,1520,1520,-728,-640,-17048,32,371,-55,0
S,24046876,fromabove,21,0,1520,1520,-992,-1272,-17304,-28,294,-130,0
S,24056876,fromabove,21,0,1520,1520,-448,-896,-17096,-32,219,-65,0
S,24066876,fromabove,21,0,1520,1520,-1024,-952,-17160,19,102,-27,0
S,24076875,fromabove,21,0,1520,1520,-640,-904,-17192,65,-3,-27,0
S,24086875,fromabove,21,0,1520,1520,-416,-520,-17056,91,-87,-27,0
S,24096875,fromabove,21,0,1520,1520,184,-1208,-16976,73,-114,-15,0
S,24106875,fromabove,21,0,1520,1520,-552,-1072,-16928,39,-101,-12,0
S,24116875,fromabove,21,0,1520,1520,-152,-800,-17112,18,-46,-17,0
S,24126875,fromabove,21,0,1520,1520,-192,-1072,-17104,26,26,-25,0
S,24136875,fromabove,21,0,1520,1520,-704,-1080,-16952,37,88,-31,0
S,24146876,fromabove,21,0,1520,1520,-520,-1080,-17168,43,99,-34,0
S,24156875,fromabove,21,0,1520,1520,-160,-808,-17304,29,60,-40,0
S,24166875,fromabove,21,0,1520,1520,-464,-928,-17024,30,9,-22,0
S,24176875,fromabove,21,0,1520,1520,-488,-1032,-17056,37,-14,-29,0
S,24186875,fromabove,21,0,1520,1520,-376,-944,-17136,46,-9,-25,0
S,24196876,fromabove,21,0,1520,1520,-112,-1016,-17344,57,10,-21,0
S,24206875,fromabove,21,0,1520,1520,-424,-1064,-16976,40,32,-33,0
S,24216876,fromabove,21,0,1520,1520,-632,-920,-16960,23,48,-25,0
E,24916256,frombelow,22,0,1520,1520,,,,,,,0
S,24916885,frombelow,22,0,1520,1520,1000,-920,-17088,42,27,-35,0
S,24926875,frombelow,22,0,1520,1520,2864,-1512,-16760,38,9,-32,0
S,24936873,frombelow,22,0,1520,1520,-464,-6096,-20040,51,-267,-478,0
S,24946873,frombelow,22,0,1520,1520,4560,7032,-19392,45,-432,98,0
S,24956873,frombelow,22,0,1520,1520,-1848,-4128,-18528,57,-919,136,0
S,24966873,frombelow,22,0,1520,1520,0,1648,-14696,38,-1509,10,0
S,24976873,frombelow,22,0,1520,1520,-4784,-2464,-11088,119,-1738,-37,0
S,24986874,frombelow,22,0,1520,1520,6328,-10968,-22680,36,-1750,191,0
S,24996873,frombelow,22,0,1520,1520,480,-5552,-19360,28,-1612,189,0
S,25006873,frombelow,22,0,1520,1520,408,-2736,-18288,-44,-1241,-232,0
S,25016873,frombelow,22,0,1520,1520,-1768,-3336,-17536,117,-614,-33,0
S,25026873,frombelow,22,0,1520,1520,-768,-536,-17264,171,168,-35,0
S,25036873,frombelow,22,0,1520,1520,1560,-1448,-18624,149,773,-31,0
S,25046873,frombelow,22,0,1520,1520,800,-704,-17056,-34,1034,1,0
S,25056873,frombelow,22,0,1520,1520,-2808,-2144,-17496,-137,929,-284,0
S,25066873,frombelow,22,0,1520,1520,-1280,-392,-14776,-200,1010,-103,0
S,25076873,frombelow,22,0,1520,1520,-5024,1000,-17240,-97,778,-142,0
S,25086873,frombelow,22,0,1520,1520,-1776,-1440,-18184,23,544,-92,0
S,25096874,frombelow,22,0,1520,1520,1216,664,-15464,40,172,-3,0
S,25106873,frombelow,22,0,1520,1520,-48,-1296,-15888,105,-179,-130,0
S,25116873,frombelow,22,0,1520,1520,-616,-2248,-15904,95,-459,-21,0
S,25126873,frombelow,22,0,1520,1520,-1872,584,-18544,110,-590,84,0
S,25136873,frombelow,22,0,1520,1520,136,-544,-17848,82,-598,110,0
S,25146873,frombelow,22,0,1520,1520,-4240,-1528,-18016,47,-594,-30,0
S,25156873,frombelow,22,0,1520,1520,888,-1608,-18392,41,-511,-18,0
S,25166873,frombelow,22,0,1520,1520,-224,-920,-16888,9,-276,51,0
S,25176873,frombelow,22,0,1520,1520,-10008,-2944,-15984,55,-61,-2,0
S,25186874,frombelow,22,0,1520,1520,-1536,-496,-16536,67,186,-56,0
S,25196873,frombelow,22,0,1520,1520,1264,-1784,-17368,65,303,-49,0
S,25206873,frombelow,22,0,1520,1520,-1384,-752,-16640,7,313,-86,0
S,25216873,frombelow,22,0,1520,1520,552,-744,-17736,-19,265,-29,0
S,25226873,frombelow,22,0,1520,1520,-320,-1000,-17216,5,167,-42,0
S,25236873,frombelow,22,0,1520,1520,-624,-1080,-17024,57,77,-28,0
S,25246873,frombelow,22,0,1520,1520,-592,-832,-16952,77,-25,-30,0
S,25256873,frombelow,22,0,1520,1520,-328,-680,-17096,62,-87,-25,0
S,25266873,frombelow,22,0,1520,1520,-672,-840,-16944,45,-107,-14,0
S,25276873,frombelow,22,0,1520,1520,-784,-1352,-16840,29,-72,-23,0
S,25286873,frombelow,22,0,1520,1520,-136,-664,-17256,31,-15,-26,0
S,25296873,frombelow,22,0,1520,1520,-160,-1000,-17216,42,38,-28,0
S,25306873,frombelow,22,0,1520,1520,-424,-1048,-17096,53,71,-34,0
S,25316873,frombelow,22,0,1520,1520,-624,-928,-16872,26,66,-34,0
E,26016256,fromabove,23,0,1520,1520,,,,,,,0
S,26016887,fromabove,23,0,1520,1520,-1536,-808,-17120,41,31,-32,0
S,26026877,fromabove,23,0,1520,1520,10568,-1072,-16992,33,70,-14,0
S,26036876,fromabove,23,0,1520,1520,-3264,280,-17640,78,270,41,0
S,26046875,fromabove,23,0,1520,1520,3448,2016,-15416,151,640,-104,0
S,26056875,fromabove,23,0,1520,1520,-1536,-4912,-15360,254,1039,-31,0
S,26066876,fromabove,23,0,1520,1520,936,-840,-17168,224,1422,-59,0
S,26076876,fromabove,23,0,1520,1520,-992,-1360,-16904,163,1526,-87,0
S,26086875,fromabove,23,0,1520,1520,-7336,-184,-17400,22,1375,-308,0
S,26096875,fromabove,23,0,1520,1520,10032,1416,-13360,-131,1384,-127,0
S,26106875,fromabove,23,0,1520,1520,672,-264,-17896,-149,1026,-134,0
S,26116875,fromabove,23,0,1520,1520,-1424,1064,-18816,-97,721,-91,0
S,26126875,fromabove,23,0,1520,1520,-944,-6584,-14072,-77,246,-40,0
S,26136875,fromabove,23,0,1520,1520,328,-2520,-16352,11,-172,-40,0
S,26146876,fromabove,23,0,1520,1520,-1056,-824,-15288,118,-475,-150,0
S,26156876,fromabove,23,0,1520,1520,1704,-4912,-21328,121,-619,99,0
S,26166875,fromabove,23,0,1520,1520,5672,-3040,-15880,104,-669,119,0
S,26176875,fromabove,23,0,1520,1520,-3368,-528,-17832,82,-671,-38,0
S,26186875,fromabove,23,0,1520,1520,5104,-176,-18088,48,-564,4,0
S,26196875,fromabove,23,0,1520,1520,-4120,-4352,-15368,24,-325,-5,0
S,26206875,fromabove,23,0,1520,1520,1192,-1352,-17328,29,-13,-1,0
S,26216876,fromabove,23,0,1520,1520,616,-1344,-17368,92,249,-40,0
S,26226875,fromabove,23,0,1520,1520,-1096,-1448,-16328,59,408,-49,0
S,26236875,fromabove,23,0,1520,1520,-536,-464,-16784,-3,393,-82,0
S,26246875,fromabove,23,0,1520,1520,368,-880,-18096,-38,306,-102,0
S,26256875,fromabove,23,0,1520,1520,392,-968,-17456,-4,196,-40,0
S,26266876,fromabove,23,0,1520,1520,-168,-1424,-17336,46,82,-27,0
S,26276875,fromabove,23,0,1520,1520,-592,-944,-17144,88,-27,-27,0
S,26286875,fromabove,23,0,1520,1520,-360,-992,-17408,86,-100,-24,0
S,26296875,fromabove,23,0,1520,1520,-472,-952,-16992,56,-129,-14,0
S,26306876,fromabove,23,0,1520,1520,-416,-1056,-17080,20,-103,-16,0
S,26316875,fromabove,23,0,1520,1520,-400,-936,-17080,15,-50,-20,0
S,26326875,fromabove,23,0,1520,1520,-160,-992,-17072,26,35,-25,0
S,26336875,fromabove,23,0,1520,1520,-304,-1064,-16984,54,85,-31,0
S,26346875,fromabove,23,0,1520,1520,-680,-1032,-17016,38,92,-40,0
S,26356876,fromabove,23,0,1520,1520,-280,-824,-17208,21,66,-30,0
S,26366876,fromabove,23,0,1520,1520,-152,-1024,-17168,20,11,-34,0
S,26376875,fromabove,23,0,1520,1520,-400,-1136,-17024,45,-12,-30,0
S,26386875,fromabove,23,0,1520,1520,-408,-1032,-17088,60,-12,-29,0
S,26396875,fromabove,23,0,1520,1520,-312,-936,-17160,63,15,-27,0
S,26406875,fromabove,23,0,1520,1520,-248,-864,-17152,50,32,-35,0
S,26416875,fromabove,23,0,1520,1520,-520,-1008,-16952,23,41,-29,0
E,27116256,frombelow,24,0,1520,1520,,,,,,,0
S,27116886,frombelow,24,0,1520,1520,936,-960,-17048,46,18,-34,0
S,27126875,frombelow,24,0,1520,1520,2336,2104,-16432,37,2,-74,0
S,27136873,frombelow,24,0,1520,1520,4464,1024,-22120,41,-330,-165,0
S,27146873,frombelow,24,0,1520,1520,-2432,10648,-12272,-39,-489,483,0
S,27156873,frombelow,24,0,1520,1520,-6680,4616,-15896,14,-1155,-31,0
S,27166873,frombelow,24,0,1520,1520,592,472,-17360,31,-1608,80,0
S,27176873,frombelow,24,0,1520,1520,3408,-2368,-11000,120,-1767,-87,0
S,27186873,frombelow,24,0,1520,1520,1096,-3024,-18464,113,-1722,12,0
S,27196873,frombelow,24,0,1520,1520,-4616,-1056,-22552,36,-1542,273,0
S,27206873,frombelow,24,0,1520,1520,-896,-6544,-16136,5,-1124,-122,0
S,27216873,frombelow,24,0,1520,1520,2056,-1616,-17496,150,-497,5,0
S,27226873,frombelow,24,0,1520,1520,-184,-3408,-16432,191,337,-20,0
S,27236873,frombelow,24,0,1520,1520,1176,-32,-18120,131,845,-58,0
S,27246873,frombelow,24,0,1520,1520,-96,-1432,-16632,-65,1037,-107,0
S,27256873,frombelow,24,0,1520,1520,1384,-1464,-20336,-147,892,-364,0
S,27266873,frombelow,24,0,1520,1520,-2184,-768,-18152,-192,918,-1,0
S,27276873,frombelow,24,0,1520,1520,-2736,-1168,-17400,-79,689,-151,0
S,27286873,frombelow,24,0,1520,1520,-1104,1416,-19080,36,412,-133,0
S,27296873,frombelow,24,0,1520,1520,-1248,1120,-14152,17,94,113,0
S,27306873,frombelow,24,0,1520,1520,-1752,440,-16200,117,-236,-157,0
S,27316873,frombelow,24,0,1520,1520,192,416,-18896,77,-477,109,0
S,27326873,frombelow,24,0,1520,1520,608,-520,-17352,85,-614,70,0
S,27336873,frombelow,24,0,1520,1520,984,-1392,-16472,77,-551,125,0
S,27346873,frombelow,24,0,1520,1520,1160,-1928,-16064,63,-542,-18,0
S,27356873,frombelow,24,0,1520,1520,2032,-760,-17088,21,-415,-6,0
S,27366873,frombelow,24,0,1520,1520,104,-576,-17192,12,-231,29,0
S,27376873,frombelow,24,0,1520,1520,64,-1472,-16528,54,-22,-32,0
S,27386873,frombelow,24,0,1520,1520,-824,-1664,-16400,73,213,-32,0
S,27396873,frombelow,24,0,1520,1520,432,-168,-17416,52,307,-39,0
S,27406873,frombelow,24,0,1520,1520,-904,-648,-16744,4,266,-102,0
S,27416873,frombelow,24,0,1520,1520,-248,-920,-16544,-19,231,-48,0
S,27426873,frombelow,24,0,1520,1520,-408,-752,-16920,11,141,-25,0
S,27436873,frombelow,24,0,1520,1520,-424,-856,-16960,62,38,-30,0
S,27446873,frombelow,24,0,1520,1520,-488,-856,-17032,80,-46,-32,0
S,27456873,frombelow,24,0,1520,1520,-616,-832,-17184,60,-90,-26,0
S,27466873,frombelow,24,0,1520,1520,408,-856,-16960,31,-102,-22,0
S,27476873,frombelow,24,0,1520,1520,-296,-1128,-16880,25,-61,-22,0
S,27486873,frombelow,24,0,1520,1520,-504,-1016,-16960,34,5,-24,0
S,27496873,frombelow,24,0,1520,1520,-240,-896,-17104,53,69,-32,0
S,27506873,frombelow,24,0,1520,1520,-216,-928,-17136,39,82,-35,0
S,27516873,frombelow,24,0,1520,1520,-456,-984,-17016,26,60,-31,0
E,28216256,fromabove,25,0,1520,1520,,,,,,,0
S,28216887,fromabove,25,0,1520,1520,-1568,-912,-17040,40,30,-29,0
S,28226877,fromabove,25,0,1520,1520,-216,72,-17128,33,49,-28,0
S,28236876,fromabove,25,0,1520,1520,-3640,1680,-17600,98,276,36,0
S,28246875,fromabove,25,0,1520,1520,-824,3400,-14376,166,596,-27,0
S,28256875,fromabove,25,0,1520,1520,1288,-1256,-15800,247,1061,-47,0
S,28266875,fromabove,25,0,1520,1520,648,-3536,-16552,238,1389,-75,0
S,28276875,fromabove,25,0,1520,1520,-2776,-2608,-17392,155,1535,-128,0
S,28286876,fromabove,25,0,1520,1520,-3312,-40,-17272,34,1355,-319,0
S,28296875,fromabove,25,0,1520,1520,6680,-824,-14400,-127,1365,-134,0
S,28306876,fromabove,25,0,1520,1520,3016,-544,-17272,-141,1031,-144,0
S,28316875,fromabove,25,0,1520,1520,-848,-1096,-18824,-96,684,-104,0
S,28326875,fromabove,25,0,1520,1520,-1328,-2976,-14000,-122,288,118,0
S,28336875,fromabove,25,0,1520,1520,72,-1760,-16792,-16,-113,-12,0
S,28346875,fromabove,25,0,1520,1520,-1344,-824,-15424,103,-435,-115,0
S,28356875,fromabove,25,0,1520,1520,1056,-2488,-20152,108,-572,112,0
S,28366875,fromabove,25,0,1520,1520,4440,-3056,-16248,125,-623,82,0
S,28376875,fromabove,25,0,1520,1520,-3144,-968,-18112,82,-624,-60,0
S,28386875,fromabove,25,0,1520,1520,3024,-1216,-17416,52,-557,-27,0
S,28396875,fromabove,25,0,1520,1520,-1824,-1160,-16744,1,-317,-14,0
S,28406875,fromabove,25,0,1520,1520,416,-1304,-18448,31,-53,5,0
S,28416875,fromabove,25,0,1520,1520,-376,-1960,-16704,85,196,-37,0
S,28426875,fromabove,25,0,1520,1520,136,-1240,-16712,60,380,-42,0
S,28436875,fromabove,25,0,1520,1520,-448,-904,-17080,8,370,-68,0
S,28446875,fromabove,25,0,1520,1520,-104,-1208,-17680,-40,282,-116,0
S,28456875,fromabove,25,0,1520,1520,-592,-856,-17664,-17,183,-53,0
S,28466876,fromabove,25,0,1520,1520,-504,-1440,-17520,46,65,-30,0
S,28476875,fromabove,25,0,1520,1520,-488,-1072,-17272,86,-30,-29,0
S,28486875,fromabove,25,0,1520,1520,-528,-720,-17328,78,-101,-25,0
S,28496875,fromabove,25,0,1520,1520,24,-1032,-16904,60,-120,-9,0
S,28506875,fromabove,25,0,1520,1520,-456,-1184,-16992,31,-90,-17,0
S,28516875,fromabove,25,0,1520,1520,-328,-960,-17072,20,-21,-23,0
S,28526876,fromabove,25,0,1520,1520,-192,-1048,-17024,35,47,-30,0
S,28536875,fromabove,25,0,1520,1520,-384,-1072,-16944,51,98,-34,0
S,28546875,fromabove,25,0,1520,1520,-712,-1080,-17032,38,94,-40,0
S,28556875,fromabove,25,0,1520,1520,-432,-928,-17184,17,51,-29,0
S,28566875,fromabove,25,0,1520,1520,-264,-944,-17104,25,-3,-27,0
S,28576875,fromabove,25,0,1520,1520,-496,-1080,-16832,44,-21,-35,0
S,28586876,fromabove,25,0,1520,1520,-448,-920,-17072,62,-7,-22,0
S,28596876,fromabove,25,0,1520,1520,-384,-784,-17200,53,16,-29,0
S,28606875,fromabove,25,0,1520,1520,-224,-896,-17168,34,31,-30,0
S,28616875,fromabove,25,0,1520,1520,-504,-1040,-17144,14,42,-27,0
E,29316256,frombelow,26,0,1520,1520,,,,,,,0
S,29316886,frombelow,26,0,1520,1520,968,-888,-17040,43,23,-27,0
S,29326874,frombelow,26,0,1520,1520,2576,-1712,-16952,44,1,-19,0
S,29336873,frombelow,26,0,1520,1520,-12392,-3720,-19344,41,-255,-586,0
S,29346873,frombelow,26,0,1520,1520,2584,6728,-18552,37,-414,99,0
S,29356873,frombelow,26,0,1520,1520,-656,-6024,-17568,50,-879,108,0
S,29366873,frombelow,26,0,1520,1520,376,1728,-15848,39,-1484,55,0
S,29376873,frombelow,26,0,1520,1520,3064,-3040,-12008,84,-1755,-28,0
S,29386873,frombelow,26,0,1520,1520,4160,-14872,-27912,-42,-1748,406,0
S,29396874,frombelow,26,0,1520,1520,8896,-1424,-16496,34,-1651,122,0
S,29406873,frombelow,26,0,1520,1520,4416,2952,-18048,0,-1287,-134,0
S,29416873,frombelow,26,0,1520,1520,-1760,3600,-17088,118,-689,-69,0
S,29426873,frombelow,26,0,1520,1520,-1048,-984,-17336,168,92,-27,0
S,29436873,frombelow,26,0,1520,1520,1808,-2568,-18232,140,729,-31,0
S,29446874,frombelow,26,0,1520,1520,1504,-1096,-16296,21,1024,-2,0
S,29456873,frombelow,26,0,1520,1520,-3544,-1520,-15928,-144,974,-225,0
S,29466873,frombelow,26,0,1520,1520,4304,-576,-13688,-203,1031,-112,0
S,29476873,frombelow,26,0,1520,1520,-2856,888,-17056,-93,815,-173,0
S,29486873,frombelow,26,0,1520,1520,-4432,-1864,-18384,8,601,-99,0
S,29496873,frombelow,26,0,1520,1520,1944,-48,-16416,52,215,-70,0
S,29506873,frombelow,26,0,1520,1520,-352,-2768,-16064,100,-144,-119,0
S,29516873,frombelow,26,0,1520,1520,-864,-1216,-15072,100,-427,-28,0
S,29526873,frombelow,26,0,1520,1520,1520,-2912,-19072,125,-562,118,0
S,29536873,frombelow,26,0,1520,1520,1160,16,-17632,92,-622,64,0
S,29546873,frombelow,26,0,1520,1520,-4096,-936,-18480,49,-593,6,0
S,29556874,frombelow,26,0,1520,1520,1432,-1024,-18168,38,-552,9,0
S,29566873,frombelow,26,0,1520,1520,-320,-2072,-17008,8,-310,73,0
S,29576873,frombelow,26,0,1520,1520,-6616,1024,-16872,45,-118,-32,0
S,29586873,frombelow,26,0,1520,1520,824,-1112,-17136,67,151,-45,0
S,29596873,frombelow,26,0,1520,1520,832,-1248,-17040,81,300,-43,0
S,29606873,frombelow,26,0,1520,1520,-1400,-1072,-16808,22,346,-66,0
S,29616873,frombelow,26,0,1520,1520,320,-984,-18096,-20,276,-107,0
S,29626873,frombelow,26,0,1520,1520,56,-1552,-17472,-11,197,-45,0
S,29636873,frombelow,26,0,1520,1520,-632,-1128,-17176,40,103,-26,0
S,29646873,frombelow,26,0,1520,1520,-544,-792,-17048,83,1,-31,0
S,29656873,frombelow,26,0,1520,1520,-304,-840,-17424,75,-79,-19,0
S,29666873,frombelow,26,0,1520,1520,-456,-1160,-17112,52,-105,-27,0
S,29676873,frombelow,26,0,1520,1520,-488,-928,-16968,23,-97,-17,0
S,29686873,frombelow,26,0,1520,1520,-360,-904,-17352,17,-54,-13,0
S,29696873,frombelow,26,0,1520,1520,-80,-992,-17136,40,14,-26,0
S,29706873,frombelow,26,0,1520,1520,-656,-1056,-16784,56,67,-36,0
S,29716873,frombelow,26,0,1520,1520,-744,-816,-17168,43,91,-33,0
E,30416256,fromabove,27,0,1520,1520,,,,,,,0
S,30416887,fromabove,27,0,1520,1520,-1600,-904,-17040,49,32,-30,0
S,30426876,fromabove,27,0,1520,1520,-1008,-656,-17368,34,46,-40,0
S,30436876,fromabove,27,0,1520,1520,1656,-1216,-18912,48,233,254,0
S,30446876,fromabove,27,0,1520,1520,5024,968,-12112,170,525,50,0
S,30456875,fromabove,27,0,1520,1520,-2920,3000,-15528,231,920,-144,0
S,30466875,fromabove,27,0,1520,1520,3424,1048,-16928,238,1337,-84,0
S,30476875,fromabove,27,0,1520,1520,-3592,-800,-17096,187,1503,-41,0
S,30486875,fromabove,27,0,1520,1520,-2336,-456,-15848,92,1423,-255,0
S,30496876,fromabove,27,0,1520,1520,6696,2864,-14256,-100,1342,-89,0
S,30506875,fromabove,27,0,1520,1520,-2032,-544,-18120,-143,1063,-162,0
S,30516875,fromabove,27,0,1520,1520,-2000,-864,-18224,-95,811,-129,0
S,30526875,fromabove,27,0,1520,1520,-1288,-320,-14856,-128,381,139,0
S,30536875,fromabove,27,0,1520,1520,-2280,-256,-17928,-19,-33,-19,0
S,30546876,fromabove,27,0,1520,1520,-552,-1776,-15560,73,-368,-95,0
S,30556875,fromabove,27,0,1520,1520,-1536,-6048,-19080,51,-582,178,0
S,30566875,fromabove,27,0,1520,1520,1888,-1200,-16696,96,-690,83,0
S,30576875,fromabove,27,0,1520,1520,-3896,-1536,-18240,84,-592,23,0
S,30586875,fromabove,27,0,1520,1520,-952,-1704,-18192,66,-596,0,0
S,30596875,fromabove,27,0,1520,1520,-1320,-760,-17448,-10,-339,62,0
S,30606876,fromabove,27,0,1520,1520,1256,-4048,-17120,30,-155,13,0
S,30616875,fromabove,27,0,1520,1520,-1680,-928,-16280,75,152,-36,0
S,30626876,fromabove,27,0,1520,1520,616,-2072,-17000,89,345,-47,0
S,30636875,fromabove,27,0,1520,1520,-720,-808,-16976,24,388,-58,0
S,30646876,fromabove,27,0,1520,1520,-824,-1104,-17568,-36,300,-144,0
S,30656876,fromabove,27,0,1520,1520,-664,-1224,-17344,-31,212,-62,0
S,30666875,fromabove,27,0,1520,1520,-832,-1288,-17088,21,116,-20,0
S,30676875,fromabove,27,0,1520,1520,-768,-952,-17240,76,-8,-24,0
S,30686875,fromabove,27,0,1520,1520,-160,-1296,-17200,92,-89,-28,0
S,30696876,fromabove,27,0,1520,1520,-496,-904,-17104,65,-104,-19,0
S,30706875,fromabove,27,0,1520,1520,-1216,-1024,-17240,39,-96,-17,0
S,30716875,fromabove,27,0,1520,1520,-120,-1136,-17320,10,-43,-20,0
S,30726875,fromabove,27,0,1520,1520,-496,-896,-17096,22,29,-29,0
S,30736876,fromabove,27,0,1520,1520,-656,-1176,-16880,37,83,-30,0
S,30746875,fromabove,27,0,1520,1520,-480,-768,-17072,43,91,-32,0
S,30756875,fromabove,27,0,1520,1520,-120,-920,-17024,29,64,-36,0
S,30766876,fromabove,27,0,1520,1520,-320,-1016,-17048,22,12,-25,0
S,30776875,fromabove,27,0,1520,1520,-544,-904,-17048,30,-8,-31,0
S,30786875,fromabove,27,0,1520,1520,-328,-848,-17248,46,-12,-25,0
S,30796875,fromabove,27,0,1520,1520,-288,-976,-17120,59,14,-26,0
S,30806875,fromabove,27,0,1520,1520,-496,-1072,-16912,40,33,-29,0
S,30816876,fromabove,27,0,1520,1520,-552,-984,-17040,21,47,-28,0
E,31516256,frombelow,28,0,1520,1520,,,,,,,0
S,31516886,frombelow,28,0,1520,1520,888,-936,-17024,38,31,-27,0
S,31526875,frombelow,28,0,1520,1520,-768,-464,-16472,44,10,-54,0
S,31536873,frombelow,28,0,1520,1520,3768,664,-22384,80,-328,-215,0
S,31546873,frombelow,28,0,1520,1520,-5680,10848,-14080,-53,-457,531,0
S,31556873,frombelow,28,0,1520,1520,-4832,-48,-16192,24,-1023,49,0
S,31566873,frombelow,28,0,1520,1520,-2576,-792,-18248,36,-1560,67,0
S,31576873,frombelow,28,0,1520,1520,-624,-3280,-10336,98,-1725,-37,0
S,31586873,frombelow,28,0,1520,1520,5200,-5824,-20928,112,-1731,95,0
S,31596873,frombelow,28,0,1520,1520,6216,-4152,-18344,43,-1584,202,0
S,31606873,frombelow,28,0,1520,1520,-5136,-2416,-17672,-33,-1190,-129,0
S,31616873,frombelow,28,0,1520,1520,-536,-5344,-17296,114,-599,-25,0
S,31626873,frombelow,28,0,1520,1520,-1216,-2552,-16688,169,229,-34,0
S,31636873,frombelow,28,0,1520,1520,1704,-1496,-18728,150,782,-25,0
S,31646873,frombelow,28,0,1520,1520,224,-1408,-17088,-54,1047,-74,0
S,31656873,frombelow,28,0,1520,1520,-2184,-3704,-17848,-137,918,-295,0
S,31666873,frombelow,28,0,1520,1520,-2608,120,-16680,-196,976,-57,0
S,31676873,frombelow,28,0,1520,1520,-5264,1432,-17248,-87,758,-150,0
S,31686873,frombelow,28,0,1520,1520,-1888,688,-18656,37,495,-92,0
S,31696873,frombelow,28,0,1520,1520,1600,744,-15224,36,167,31,0
S,31706873,frombelow,28,0,1520,1520,-1376,-760,-15848,113,-183,-134,0
S,31716873,frombelow,28,0,1520,1520,600,-1024,-16104,119,-462,-18,0
S,31726874,frombelow,28,0,1520,1520,-3576,-24,-17896,128,-576,71,0
S,31736873,frombelow,28,0,1520,1520,-144,-80,-18032,103,-572,143,0
S,31746873,frombelow,28,0,1520,1520,-3960,-1496,-17624,66,-571,-24,0
S,31756873,frombelow,28,0,1520,1520,1096,-1256,-17872,47,-481,-17,0
S,31766873,frombelow,28,0,1520,1520,176,-1616,-16744,12,-273,71,0
S,31776873,frombelow,28,0,1520,1520,-2112,2584,-16552,31,-75,-97,0
S,31786873,frombelow,28,0,1520,1520,-2664,-408,-16896,31,172,-53,0
S,31796873,frombelow,28,0,1520,1520,1080,-536,-17304,25,303,-55,0
S,31806873,frombelow,28,0,1520,1520,-1416,-912,-16560,5,307,-78,0
S,31816873,frombelow,28,0,1520,1520,128,-816,-17424,10,265,-26,0
S,31826873,frombelow,28,0,1520,1520,-16,-880,-17064,26,174,-37,0
S,31836873,frombelow,28,0,1520,1520,-72,-848,-16800,65,67,-29,0
S,31846873,frombelow,28,0,1520,1520,-568,-632,-16984,65,-19,-31,0
S,31856873,frombelow,28,0,1520,1520,-56,-976,-17136,51,-80,-25,0
S,31866873,frombelow,28,0,1520,1520,-216,-864,-17136,37,-97,-11,0
S,31876873,frombelow,28,0,1520,1520,-440,-976,-17072,43,-64,-29,0
S,31886873,frombelow,28,0,1520,1520,-456,-704,-16960,32,-8,-29,0
S,31896873,frombelow,28,0,1520,1520,-216,-896,-17312,36,35,-33,0
S,31906873,frombelow,28,0,1520,1520,-136,-824,-17232,32,66,-32,0
S,31916873,frombelow,28,0,1520,1520,-680,-1064,-16912,14,64,-31,0
E,32616256,fromabove,29,0,1520,1520,,,,,,,0
S,32616887,fromabove,29,0,1520,1520,-1576,-792,-17056,37,27,-25,0
S,32626877,fromabove,29,0,1520,1520,672,16,-17328,30,52,-16,0
S,32636875,fromabove,29,0,1520,1520,-1160,-6000,-17872,61,276,62,0
S,32646876,fromabove,29,0,1520,1520,-1768,704,-13504,179,591,65,0
S,32656875,fromabove,29,0,1520,1520,-2304,-3888,-15856,247,1034,-36,0
S,32666875,fromabove,29,0,1520,1520,184,-1024,-17416,221,1396,-71,0
S,32676875,fromabove,29,0,1520,1520,288,-2344,-17400,151,1539,-78,0
S,32686876,fromabove,29,0,1520,1520,-2008,3744,-17008,64,1401,-341,0
S,32696876,fromabove,29,0,1520,1520,8480,-608,-13856,-132,1395,-123,0
S,32706875,fromabove,29,0,1520,1520,3904,-2000,-17680,-140,1049,-134,0
S,32716875,fromabove,29,0,1520,1520,152,-1088,-18960,-104,724,-105,0
S,32726876,fromabove,29,0,1520,1520,-176,-3608,-13976,-138,315,122,0
S,32736875,fromabove,29,0,1520,1520,320,-2288,-16720,-22,-98,-1,0
S,32746875,fromabove,29,0,1520,1520,-832,-2368,-15512,105,-435,-124,0
S,32756875,fromabove,29,0,1520,1520,1712,-5288,-20736,100,-594,100,0
S,32766875,fromabove,29,0,1520,1520,4616,-3536,-16272,116,-653,86,0
S,32776876,fromabove,29,0,1520,1520,-4792,-1896,-18200,85,-629,-75,0
S,32786876,fromabove,29,0,1520,1520,2272,-1288,-17736,51,-588,-36,0
S,32796875,fromabove,29,0,1520,1520,-2872,-1720,-16760,-3,-338,-24,0
S,32806875,fromabove,29,0,1520,1520,2400,-1832,-18512,36,-70,8,0
S,32816875,fromabove,29,0,1520,1520,-1616,-2248,-16432,89,188,-33,0
S,32826875,fromabove,29,0,1520,1520,200,-1448,-16784,65,383,-39,0
S,32836876,fromabove,29,0,1520,1520,-672,-344,-17008,19,384,-65,0
S,32846875,fromabove,29,0,1520,1520,-128,-1088,-17736,-40,287,-125,0
S,32856875,fromabove,29,0,1520,1520,-608,-1144,-17672,-28,201,-57,0
S,32866876,fromabove,29,0,1520,1520,-576,-1360,-17384,36,90,-32,0
S,32876875,fromabove,29,0,1520,1520,-440,-1096,-17376,87,-10,-30,0
S,32886875,fromabove,29,0,1520,1520,-424,-984,-17240,93,-90,-29,0
S,32896875,fromabove,29,0,1520,1520,-488,-624,-17056,70,-119,-19,0
S,32906875,fromabove,29,0,1520,1520,-456,-1304,-17128,30,-102,-6,0
S,32916875,fromabove,29,0,1520,1520,-360,-840,-17208,14,-50,-18,0
S,32926875,fromabove,29,0,1520,1520,-160,-1168,-17136,26,16,-27,0
S,32936875,fromabove,29,0,1520,1520,-328,-1176,-17064,52,83,-33,0
S,32946875,fromabove,29,0,1520,1520,-784,-968,-17128,44,95,-36,0
S,32956875,fromabove,29,0,1520,1520,-336,-752,-17136,24,66,-31,0
S,32966875,fromabove,29,0,1520,1520,-64,-968,-17104,18,18,-25,0
S,32976875,fromabove,29,0,1520,1520,-472,-1032,-16984,38,-7,-35,0
S,32986875,fromabove,29,0,1520,1520,-496,-1128,-17168,56,-11,-30,0
S,32996875,fromabove,29,0,1520,1520,-192,-968,-17288,64,11,-27,0
S,33006875,fromabove,29,0,1520,1520,-296,-952,-16960,45,25,-28,0
S,33016875,fromabove,29,0,1520,1520,-536,-1128,-16928,22,36,-25,0
E,33716256,frombelow,30,0,1520,1520,,,,,,,0
S,33716886,frombelow,30,0,1520,1520,1080,-1056,-17080,44,32,-25,0
S,33726874,frombelow,30,0,1520,1520,1424,-24,-16160,48,11,-56,0
S,33736873,frombelow,30,0,1520,1520,-1712,-2248,-22552,84,-279,-255,0
S,33746873,frombelow,30,0,1520,1520,-936,13296,-14288,-33,-457,475,0
S,33756873,frombelow,30,0,1520,1520,-9944,9416,-16360,43,-1031,65,0
S,33766873,frombelow,30,0,1520,1520,-2728,-696,-16488,29,-1562,40,0
S,33776873,frombelow,30,0,1520,1520,-528,-2320,-11360,100,-1789,-56,0
S,33786873,frombelow,30,0,1520,1520,144,-7352,-21744,61,-1723,284,0
S,33796873,frombelow,30,0,1520,1520,936,-2544,-20200,43,-1583,253,0
S,33806873,frombelow,30,0,1520,1520,-4896,-3728,-17328,-28,-1219,-157,0
S,33816873,frombelow,30,0,1520,1520,-1456,-3808,-18344,138,-574,-10,0
S,33826873,frombelow,30,0,1520,1520,-1240,-2168,-17336,178,204,-33,0
S,33836873,frombelow,30,0,1520,1520,1800,-664,-18800,146,827,-46,0
S,33846873,frombelow,30,0,1520,1520,568,-1160,-16976,-60,1069,-41,0
S,33856873,frombelow,30,0,1520,1520,-1408,-2888,-18480,-140,921,-345,0
S,33866873,frombelow,30,0,1520,1520,-3624,-72,-16048,-199,997,-77,0
S,33876873,frombelow,30,0,1520,1520,-2960,-232,-17504,-95,750,-157,0
S,33886873,frombelow,30,0,1520,1520,-3352,-1352,-18856,24,510,-90,0
S,33896873,frombelow,30,0,1520,1520,936,1872,-14544,20,158,101,0
S,33906873,frombelow,30,0,1520,1520,-872,64,-16504,115,-199,-142,0
S,33916873,frombelow,30,0,1520,1520,-8,-832,-16304,106,-466,-45,0
S,33926873,frombelow,30,0,1520,1520,-2216,296,-18208,105,-600,91,0
S,33936873,frombelow,30,0,1520,1520,192,-544,-17720,78,-590,122,0
S,33946873,frombelow,30,0,1520,1520,-2376,-2176,-17264,52,-592,-41,0
S,33956873,frombelow,30,0,1520,1520,792,-1376,-18072,34,-500,-19,0
S,33966873,frombelow,30,0,1520,1520,-424,-856,-16920,17,-282,32,0
S,33976873,frombelow,30,0,1520,1520,-864,-2944,-16608,56,-67,4,0
S,33986873,frombelow,30,0,1520,1520,-1296,-464,-16704,81,194,-35,0
S,33996873,frombelow,30,0,1520,1520,816,-744,-17504,64,317,-51,0
S,34006873,frombelow,30,0,1520,1520,-1368,-904,-16736,11,318,-86,0
S,34016873,frombelow,30,0,1520,1520,312,-1096,-17824,-16,274,-41,0
S,34026873,frombelow,30,0,1520,1520,-104,-760,-17032,9,177,-31,0
S,34036873,frombelow,30,0,1520,1520,-496,-1064,-16872,54,75,-34,0
S,34046873,frombelow,30,0,1520,1520,-352,-840,-16896,77,-23,-24,0
S,34056873,frombelow,30,0,1520,1520,-456,-712,-17176,68,-82,-26,0
S,34066873,frombelow,30,0,1520,1520,248,-808,-17024,47,-112,-20,0
S,34076873,frombelow,30,0,1520,1520,-728,-944,-16824,24,-85,-22,0
S,34086873,frombelow,30,0,1520,1520,136,-976,-17192,19,-20,-20,0
S,34096873,frombelow,30,0,1520,1520,-176,-960,-17192,40,38,-26,0
S,34106873,frombelow,30,0,1520,1520,-360,-928,-17072,48,74,-32,0
S,34116873,frombelow,30,0,1520,1520,-648,-1064,-16848,30,81,-34,0
E,34816256,fromabove,31,0,1520,1520,,,,,,,0
S,34816887,fromabove,31,0,1520,1520,-1656,-1008,-17080,41,25,-27,0
S,34826877,fromabove,31,0,1520,1520,984,-1816,-17288,34,111,12,0
S,34836875,fromabove,31,0,1520,1520,-5440,4216,-18368,73,291,-38,0
S,34846876,fromabove,31,0,1520,1520,-248,-2824,-17208,162,721,-151,0
S,34856875,fromabove,31,0,1520,1520,-2912,-792,-15848,253,1073,-84,0
S,34866875,fromabove,31,0,1520,1520,-1696,1704,-16896,205,1458,-115,0
S,34876875,fromabove,31,0,1520,1520,-568,-440,-17008,139,1495,-127,0
S,34886875,fromabove,31,0,1520,1520,-488,-1544,-19632,-2,1323,-372,0
S,34896875,fromabove,31,0,1520,1520,2400,-3168,-15736,-147,1336,-119,0
S,34906876,fromabove,31,0,1520,1520,-752,1400,-18248,-133,1008,-131,0
S,34916875,fromabove,31,0,1520,1520,-1368,-696,-19280,-102,666,-90,0
S,34926875,fromabove,31,0,1520,1520,-720,-5416,-13592,-90,219,40,0
S,34936875,fromabove,31,0,1520,1520,368,-2776,-16696,0,-175,-5,0
S,34946875,fromabove,31,0,1520,1520,-472,-872,-15496,111,-456,-127,0
S,34956875,fromabove,31,0,1520,1520,712,-616,-20848,127,-598,118,0
S,34966875,fromabove,31,0,1520,1520,4328,-1928,-16344,119,-630,108,0
S,34976875,fromabove,31,0,1520,1520,-3688,-2120,-16712,76,-636,-1,0
S,34986876,fromabove,31,0,1520,1520,3560,320,-17920,46,-558,-32,0
S,34996875,fromabove,31,0,1520,1520,-4304,-1936,-16208,11,-348,-45,0
S,35006875,fromabove,31,0,1520,1520,-1880,32,-17728,40,-20,-9,0
S,35016875,fromabove,31,0,1520,1520,-1104,-1640,-17344,89,251,-35,0
S,35026876,fromabove,31,0,1520,1520,-544,-304,-16720,64,408,-50,0
S,35036875,fromabove,31,0,1520,1520,-304,-632,-16696,-1,388,-83,0
S,35046876,fromabove,31,0,1520,1520,512,-1336,-17816,-33,299,-104,0
S,35056875,fromabove,31,0,1520,1520,-416,-552,-17216,-10,214,-33,0
S,35066876,fromabove,31,0,1520,1520,-352,-1384,-17376,36,96,-23,0
S,35076875,fromabove,31,0,1520,1520,-520,-824,-17088,80,-9,-27,0
S,35086876,fromabove,31,0,1520,1520,-376,-1056,-17216,86,-84,-32,0
S,35096875,fromabove,31,0,1520,1520,-480,-480,-17064,61,-108,-7,0
S,35106875,fromabove,31,0,1520,1520,-1000,-440,-17000,26,-105,-15,0
S,35116875,fromabove,31,0,1520,1520,-352,-840,-17064,17,-43,-27,0
S,35126875,fromabove,31,0,1520,1520,-104,-904,-17192,30,19,-22,0
S,35136876,fromabove,31,0,1520,1520,-408,-1024,-17120,51,66,-31,0
S,35146875,fromabove,31,0,1520,1520,-688,-1008,-17112,51,88,-39,0
S,35156876,fromabove,31,0,1520,1520,-536,-1048,-17096,29,64,-28,0
S,35166875,fromabove,31,0,1520,1520,-136,-1056,-17224,21,15,-29,0
S,35176875,fromabove,31,0,1520,1520,-352,-1056,-17136,31,-5,-25,0
S,35186875,fromabove,31,0,1520,1520,-512,-1024,-16968,56,-6,-26,0
S,35196875,fromabove,31,0,1520,1520,-344,-1008,-17224,64,16,-23,0
S,35206875,fromabove,31,0,1520,1520,-32,-848,-17160,55,33,-32,0
S,35216876,fromabove,31,0,1520,1520,-464,-880,-17016,27,38,-33,0
E,35916256,frombelow,32,0,1520,1520,,,,,,,0
S,35916886,frombelow,32,0,1520,1520,832,-960,-17200,46,28,-29,0
S,35926874,frombelow,32,0,1520,1520,-632,-1056,-17192,41,9,-21,0
S,35936873,frombelow,32,0,1520,1520,-9952,-2232,-19440,43,-246,-586,0
S,35946873,frombelow,32,0,1520,1520,5904,256,-19672,105,-389,-162,0
S,35956874,frombelow,32,0,1520,1520,-56,-4352,-17784,55,-808,63,0
S,35966873,frombelow,32,0,1520,1520,-4216,2512,-14312,42,-1462,54,0
S,35976873,frombelow,32,0,1520,1520,1840,-1808,-13576,83,-1743,-18,0
S,35986873,frombelow,32,0,1520,1520,1304,-7336,-28248,-24,-1728,323,0
S,35996873,frombelow,32,0,1520,1520,3744,-1512,-16104,13,-1660,154,0
S,36006873,frombelow,32,0,1520,1520,536,-56,-18672,-70,-1219,-287,0
S,36016873,frombelow,32,0,1520,1520,-13504,-10712,-16352,144,-705,-21,0
S,36026873,frombelow,32,0,1520,1520,-2592,-808,-17264,138,146,-29,0
S,36036873,frombelow,32,0,1520,1520,576,-2712,-17992,151,663,-22,0
S,36046873,frombelow,32,0,1520,1520,-480,-1000,-16640,-14,992,-15,0
S,36056873,frombelow,32,0,1520,1520,-3296,-1544,-16272,-131,913,-235,0
S,36066873,frombelow,32,0,1520,1520,1640,2120,-14984,-180,948,-95,0
S,36076873,frombelow,32,0,1520,1520,-3720,1072,-16752,-79,779,-97,0
S,36086873,frombelow,32,0,1520,1520,912,-1232,-17032,37,563,-85,0
S,36096873,frombelow,32,0,1520,1520,2224,-1856,-16960,79,190,-110,0
S,36106873,frombelow,32,0,1520,1520,-880,-3216,-14208,76,-116,13,0
S,36116873,frombelow,32,0,1520,1520,1112,712,-16856,76,-416,89,0
S,36126873,frombelow,32,0,1520,1520,-2288,1360,-17216,109,-525,56,0
S,36136873,frombelow,32,0,1520,1520,-504,-192,-17688,57,-559,96,0
S,36146873,frombelow,32,0,1520,1520,-3760,-448,-18656,27,-512,67,0
S,36156873,frombelow,32,0,1520,1520,-1104,-1096,-18616,18,-481,-12,0
S,36166873,frombelow,32,0,1520,1520,1608,-1232,-17032,8,-293,83,0
S,36176873,frombelow,32,0,1520,1520,-744,-840,-16680,47,-70,14,0
S,36186873,frombelow,32,0,1520,1520,-424,-840,-17056,95,141,-38,0
S,36196873,frombelow,32,0,1520,1520,248,-584,-17112,78,293,-51,0
S,36206873,frombelow,32,0,1520,1520,-1112,-1000,-16856,18,318,-63,0
S,36216873,frombelow,32,0,1520,1520,240,-1184,-17840,-15,250,-71,0
S,36226873,frombelow,32,0,1520,1520,-376,-1344,-17216,-10,176,-46,0
S,36236873,frombelow,32,0,1520,1520,-696,-1104,-16976,43,68,-29,0
S,36246873,frombelow,32,0,1520,1520,-464,-992,-16904,80,-30,-21,0
S,36256873,frombelow,32,0,1520,1520,-192,-816,-17104,83,-86,-29,0
S,36266873,frombelow,32,0,1520,1520,-640,-984,-16936,61,-106,-18,0
S,36276873,frombelow,32,0,1520,1520,-456,-1064,-16904,27,-80,-10,0
S,36286873,frombelow,32,0,1520,1520,-88,-944,-17288,20,-14,-19,0
S,36296873,frombelow,32,0,1520,1520,-112,-840,-17048,26,45,-28,0
S,36306873,frombelow,32,0,1520,1520,-536,-952,-16984,42,82,-37,0
S,36316873,frombelow,32,0,1520,1520,-728,-912,-16952,38,82,-36,0
E,37016256,fromabove,33,0,1520,1520,,,,,,,0
S,37016887,fromabove,33,0,1520,1520,-1576,-992,-17032,33,21,-27,0
S,37026876,fromabove,33,0,1520,1520,-6776,-704,-17680,32,37,-34,0
S,37036875,fromabove,33,0,1520,1520,-2000,-3200,-17744,53,270,129,0
S,37046876,fromabove,33,0,1520,1520,-184,912,-13616,171,562,84,0
S,37056876,fromabove,33,0,1520,1520,-1168,-4848,-16040,229,1019,-44,0
S,37066876,fromabove,33,0,1520,1520,688,-640,-16968,222,1349,-63,0
S,37076875,fromabove,33,0,1520,1520,-232,-1000,-17360,144,1527,-55,0
S,37086876,fromabove,33,0,1520,1520,-3952,24,-16440,32,1406,-273,0
S,37096875,fromabove,33,0,1520,1520,2464,-1080,-13400,-149,1373,-95,0
S,37106876,fromabove,33,0,1520,1520,-2288,-1024,-18696,-170,1040,-181,0
S,37116875,fromabove,33,0,1520,1520,-3288,-3072,-19248,-139,713,-62,0
S,37126875,fromabove,33,0,1520,1520,1072,-7544,-13256,-105,264,-97,0
S,37136875,fromabove,33,0,1520,1520,1072,-1976,-16064,-9,-150,-37,0
S,37146876,fromabove,33,0,1520,1520,-1432,-1760,-15568,95,-476,-134,0
S,37156876,fromabove,33,0,1520,1520,368,-4368,-21880,91,-620,95,0
S,37166876,fromabove,33,0,1520,1520,4776,-2224,-15744,97,-646,165,0
S,37176876,fromabove,33,0,1520,1520,-2824,-1024,-17176,91,-669,-71,0
S,37186875,fromabove,33,0,1520,1520,1312,944,-18824,50,-522,-3,0
S,37196876,fromabove,33,0,1520,1520,-1560,-2336,-16256,24,-282,-33,0
S,37206875,fromabove,33,0,1520,1520,2544,-1992,-17432,63,57,-12,0
S,37216875,fromabove,33,0,1520,1520,-1192,-1544,-16672,87,299,-35,0
S,37226875,fromabove,33,0,1520,1520,-672,-712,-16736,33,425,-55,0
S,37236875,fromabove,33,0,1520,1520,-1400,-136,-17008,-18,379,-107,0
S,37246875,fromabove,33,0,1520,1520,448,-848,-17288,-29,312,-23,0
S,37256875,fromabove,33,0,1520,1520,-472,-928,-17328,2,203,-28,0
S,37266876,fromabove,33,0,1520,1520,-432,-928,-16912,65,76,-24,0
S,37276875,fromabove,33,0,1520,1520,-632,-800,-16896,87,-18,-25,0
S,37286875,fromabove,33,0,1520,1520,-280,-1048,-17008,74,-89,-24,0
S,37296875,fromabove,33,0,1520,1520,-56,-1624,-17000,34,-111,-13,0
S,37306876,fromabove,33,0,1520,1520,688,-1128,-16904,23,-104,-26,0
S,37316875,fromabove,33,0,1520,1520,-280,-464,-17104,18,-40,-23,0
S,37326875,fromabove,33,0,1520,1520,-128,-1072,-17216,39,16,-25,0
S,37336875,fromabove,33,0,1520,1520,-424,-1184,-16936,58,72,-28,0
S,37346876,fromabove,33,0,1520,1520,-696,-960,-17072,35,83,-29,0
S,37356876,fromabove,33,0,1520,1520,-344,-872,-17288,15,51,-26,0
S,37366875,fromabove,33,0,1520,1520,-208,-888,-17112,17,17,-25,0
S,37376875,fromabove,33,0,1520,1520,-456,-1088,-17048,39,-3,-29,0
S,37386875,fromabove,33,0,1520,1520,-408,-1000,-17128,60,3,-21,0
S,37396875,fromabove,33,0,1520,1520,-392,-944,-17240,56,9,-35,0
S,37406875,fromabove,33,0,1520,1520,-368,-960,-17056,37,22,-38,0
S,37416875,fromabove,33,0,1520,1520,-480,-1000,-17016,25,31,-30,0
E,38116256,frombelow,34,0,1520,1520,,,,,,,0
S,38116886,frombelow,34,0,1520,1520,856,-984,-17064,39,19,-32,0
S,38126874,frombelow,34,0,1520,1520,-1304,-296,-16640,40,4,-39,0
S,38136873,frombelow,34,0,1520,1520,6104,-7464,-21544,66,-285,-382,0
S,38146873,frombelow,34,0,1520,1520,-1960,11080,-19368,62,-447,181,0
S,38156874,frombelow,34,0,1520,1520,-5760,-760,-17888,56,-952,119,0
S,38166873,frombelow,34,0,1520,1520,-1936,-304,-15568,36,-1522,23,0
S,38176873,frombelow,34,0,1520,1520,-1048,-1544,-12344,118,-1740,-86,0
S,38186873,frombelow,34,0,1520,1520,4784,-1416,-19264,102,-1744,109,0
S,38196873,frombelow,34,0,1520,1520,11176,-2600,-18624,51,-1591,189,0
S,38206873,frombelow,34,0,1520,1520,-5296,-3632,-16712,-21,-1246,-203,0
S,38216873,frombelow,34,0,1520,1520,-344,-1328,-15936,105,-627,-34,0
S,38226874,frombelow,34,0,1520,1520,-464,-1912,-15848,173,129,-32,0
S,38236873,frombelow,34,0,1520,1520,2080,-1496,-17936,145,756,-26,0
S,38246873,frombelow,34,0,1520,1520,2048,-464,-17136,-2,999,-20,0
S,38256873,frombelow,34,0,1520,1520,-3112,-2488,-16680,-152,922,-245,0
S,38266873,frombelow,34,0,1520,1520,3528,-544,-14744,-200,978,-120,0
S,38276873,frombelow,34,0,1520,1520,-2880,1336,-17416,-92,787,-122,0
S,38286873,frombelow,34,0,1520,1520,-1368,-1744,-17304,15,583,-88,0
S,38296873,frombelow,34,0,1520,1520,1584,-1952,-16520,73,186,-136,0
S,38306873,frombelow,34,0,1520,1520,-1112,-4640,-14968,86,-132,-26,0
S,38316874,frombelow,34,0,1520,1520,216,368,-16320,114,-410,5,0
S,38326873,frombelow,34,0,1520,1520,-616,-224,-17920,147,-536,88,0
S,38336873,frombelow,34,0,1520,1520,56,-552,-18304,109,-565,86,0
S,38346873,frombelow,34,0,1520,1520,-4144,-560,-18536,61,-527,41,0
S,38356873,frombelow,34,0,1520,1520,296,-616,-17968,35,-491,1,0
S,38366873,frombelow,34,0,1520,1520,776,-1776,-17720,-19,-287,75,0
S,38376873,frombelow,34,0,1520,1520,-1208,-2272,-16768,-12,-81,-4,0
S,38386873,frombelow,34,0,1520,1520,-584,-424,-17464,28,159,-27,0
S,38396873,frombelow,34,0,1520,1520,656,-384,-17096,53,294,-46,0
S,38406873,frombelow,34,0,1520,1520,-1184,-1168,-16752,24,316,-82,0
S,38416873,frombelow,34,0,1520,1520,488,-1208,-18016,5,264,-63,0
S,38426873,frombelow,34,0,1520,1520,-360,-872,-17160,24,177,-43,0
S,38436873,frombelow,34,0,1520,1520,-576,-936,-16808,51,75,-25,0
S,38446873,frombelow,34,0,1520,1520,-360,-1088,-17032,61,-27,-29,0
S,38456873,frombelow,34,0,1520,1520,144,-896,-16984,52,-86,-24,0
S,38466873,frombelow,34,0,1520,1520,-216,-1096,-16976,45,-96,-16,0
S,38476873,frombelow,34,0,1520,1520,-176,-872,-17128,34,-61,-26,0
S,38486873,frombelow,34,0,1520,1520,-488,-888,-17280,33,-18,-26,0
S,38496873,frombelow,34,0,1520,1520,-232,-992,-17232,39,31,-29,0
S,38506873,frombelow,34,0,1520,1520,-552,-968,-16888,39,62,-34,0
S,38516873,frombelow,34,0,1520,1520,-744,-856,-16856,30,68,-31,0
E,39216256,fromabove,35,0,1520,1520,,,,,,,0
S,39216887,fromabove,35,0,1520,1520,-1632,-840,-17080,34,18,-26,0
S,39226877,fromabove,35,0,1520,1520,2784,176,-17112,40,38,-28,0
S,39236875,fromabove,35,0,1520,1520,-2016,-1104,-18416,50,264,161,0
S,39246876,fromabove,35,0,1520,1520,-2856,1936,-13376,182,575,32,0
S,39256876,fromabove,35,0,1520,1520,-3680,-4672,-15360,217,1008,-54,0
S,39266876,fromabove,35,0,1520,1520,-1704,-384,-16984,238,1398,-58,0
S,39276875,fromabove,35,0,1520,1520,696,200,-17840,164,1540,-2,0
S,39286875,fromabove,35,0,1520,1520,-3856,552,-17592,55,1406,-300,0
S,39296875,fromabove,35,0,1520,1520,4040,-1880,-13624,-108,1383,-66,0
S,39306875,fromabove,35,0,1520,1520,4024,-4680,-17184,-99,1080,-174,0
S,39316875,fromabove,35,0,1520,1520,-1336,88,-19256,-62,753,-135,0
S,39326875,fromabove,35,0,1520,1520,-2384,-10680,-12496,-67,280,-56,0
S,39336876,fromabove,35,0,1520,1520,-872,-3216,-16256,20,-168,-27,0
S,39346876,fromabove,35,0,1520,1520,-112,-2016,-14704,113,-478,-120,0
S,39356875,fromabove,35,0,1520,1520,3056,-8776,-20936,74,-641,224,0
S,39366875,fromabove,35,0,1520,1520,5448,-3256,-14848,105,-715,61,0
S,39376875,fromabove,35,0,1520,1520,-4968,256,-17504,71,-706,-72,0
S,39386875,fromabove,35,0,1520,1520,2448,296,-18888,32,-585,13,0
S,39396875,fromabove,35,0,1520,1520,2240,-3120,-15960,25,-301,-22,0
S,39406875,fromabove,35,0,1520,1520,1208,-2784,-17600,55,36,-9,0
S,39416875,fromabove,35,0,1520,1520,-552,-144,-17360,98,294,-38,0
S,39426876,fromabove,35,0,1520,1520,-712,-576,-16488,46,435,-57,0
S,39436875,fromabove,35,0,1520,1520,-864,-656,-16744,-29,392,-106,0
S,39446875,fromabove,35,0,1520,1520,632,-984,-17536,-42,317,-29,0
S,39456875,fromabove,35,0,1520,1520,-328,-760,-17080,-4,205,-40,0
S,39466875,fromabove,35,0,1520,1520,-672,-1080,-16872,59,95,-31,0
S,39476875,fromabove,35,0,1520,1520,-560,-1360,-16952,96,-18,-30,0
S,39486875,fromabove,35,0,1520,1520,-464,-808,-16888,87,-87,-25,0
S,39496876,fromabove,35,0,1520,1520,-384,-672,-17088,48,-115,-9,0
S,39506876,fromabove,35,0,1520,1520,-792,-704,-16992,17,-105,-31,0
S,39516875,fromabove,35,0,1520,1520,-512,-552,-17024,11,-60,-26,0
S,39526876,fromabove,35,0,1520,1520,-184,-880,-17112,37,8,-24,0
S,39536876,fromabove,35,0,1520,1520,-736,-1216,-16992,57,63,-31,0
S,39546876,fromabove,35,0,1520,1520,-472,-936,-17096,50,83,-34,0
S,39556875,fromabove,35,0,1520,1520,-384,-736,-17080,30,56,-25,0
S,39566875,fromabove,35,0,1520,1520,-240,-968,-17144,12,22,-29,0
S,39576876,fromabove,35,0,1520,1520,-528,-1000,-17112,28,2,-27,0
S,39586875,fromabove,35,0,1520,1520,-344,-896,-17064,54,-5,-27,0
S,39596875,fromabove,35,0,1520,1520,-264,-976,-17112,65,11,-29,0
S,39606876,fromabove,35,0,1520,1520,-400,-944,-17072,41,23,-33,0
S,39616876,fromabove,35,0,1520,1520,-528,-1000,-17104,18,39,-34,0
E,40316256,frombelow,36,0,1520,1520,,,,,,,0
S,40316886,frombelow,36,0,1520,1520,960,-944,-17080,43,30,-32,0
S,40326874,frombelow,36,0,1520,1520,1584,-1112,-16984,39,5,-68,0
S,40336873,frombelow,36,0,1520,1520,13888,-2808,-20600,72,-301,-180,0
S,40346873,frombelow,36,0,1520,1520,-8264,-13040,-6936,-65,-554,478,0
S,40356873,frombelow,36,0,1520,1520,-2880,-7288,-17136,-7,-1142,6,0
S,40366873,frombelow,36,0,1520,1520,2296,-1976,-17648,25,-1604,120,0
S,40376873,frombelow,36,0,1520,1520,4336,-1056,-11904,118,-1744,-59,0
S,40386873,frombelow,36,0,1520,1520,-136,2896,-17024,108,-1685,-29,0
S,40396873,frombelow,36,0,1520,1520,1816,448,-20720,41,-1544,249,0
S,40406873,frombelow,36,0,1520,1520,-1616,-664,-17328,-10,-1139,-171,0
S,40416873,frombelow,36,0,1520,1520,472,-5400,-17440,129,-532,-18,0
S,40426873,frombelow,36,0,1520,1520,-16,-2200,-16832,181,250,-25,0
S,40436873,frombelow,36,0,1520,1520,1488,-1328,-18512,139,787,-63,0
S,40446873,frombelow,36,0,1520,1520,-384,-2304,-17008,-43,1015,-47,0
S,40456873,frombelow,36,0,1520,1520,-672,-3776,-18200,-143,881,-320,0
S,40466873,frombelow,36,0,1520,1520,-408,-56,-17064,-200,924,-40,0
S,40476873,frombelow,36,0,1520,1520,-4736,304,-16976,-100,742,-130,0
S,40486873,frombelow,36,0,1520,1520,-3344,-360,-18392,38,490,-80,0
S,40496873,frombelow,36,0,1520,1520,1176,-1040,-16184,73,158,-88,0
S,40506873,frombelow,36,0,1520,1520,296,-2152,-15840,116,-160,-123,0
S,40516874,frombelow,36,0,1520,1520,96,-2048,-18576,82,-421,68,0
S,40526873,frombelow,36,0,1520,1520,-1248,-344,-18048,86,-553,96,0
S,40536874,frombelow,36,0,1520,1520,784,-1288,-16976,64,-546,100,0
S,40546873,frombelow,36,0,1520,1520,-3216,-1544,-18200,46,-532,-54,0
S,40556873,frombelow,36,0,1520,1520,640,-1304,-18472,29,-441,-27,0
S,40566873,frombelow,36,0,1520,1520,272,-2040,-17432,15,-257,88,0
S,40576873,frombelow,36,0,1520,1520,-1872,-1488,-16480,50,-44,-3,0
S,40586873,frombelow,36,0,1520,1520,-616,-744,-16840,76,165,-21,0
S,40596873,frombelow,36,0,1520,1520,560,-872,-17424,67,288,-48,0
S,40606873,frombelow,36,0,1520,1520,-960,-1072,-16832,10,282,-79,0
S,40616873,frombelow,36,0,1520,1520,312,-832,-17656,-18,238,-37,0
S,40626873,frombelow,36,0,1520,1520,-152,-944,-17504,3,145,-42,0
S,40636873,frombelow,36,0,1520,1520,-408,-1064,-17120,54,46,-27,0
S,40646873,frombelow,36,0,1520,1520,-560,-968,-16904,85,-37,-30,0
S,40656873,frombelow,36,0,1520,1520,-408,-896,-17016,69,-91,-25,0
S,40666873,frombelow,36,0,1520,1520,-56,-744,-17136,49,-99,-10,0
S,40676873,frombelow,36,0,1520,1520,-336,-992,-17000,27,-54,-18,0
S,40686873,frombelow,36,0,1520,1520,-616,-1008,-17056,27,8,-26,0
S,40696873,frombelow,36,0,1520,1520,-360,-816,-17360,35,69,-33,0
S,40706873,frombelow,36,0,1520,1520,-256,-1064,-17280,45,85,-32,0
S,40716873,frombelow,36,0,1520,1520,-584,-888,-16912,35,70,-29,0
E,41416256,fromabove,37,0,1520,1520,,,,,,,0
S,41416887,fromabove,37,0,1520,1520,-1584,-952,-17136,32,28,-31,0
S,41426877,fromabove,37,0,1520,1520,-8240,-1584,-17360,31,28,-37,0
S,41436876,fromabove,37,0,1520,1520,-7488,-88,-18360,60,250,149,0
S,41446876,fromabove,37,0,1520,1520,5120,2488,-12360,167,553,102,0
S,41456875,fromabove,37,0,1520,1520,-2424,-4568,-15992,229,1000,-51,0
S,41466876,fromabove,37,0,1520,1520,-1616,-2160,-16528,243,1353,-74,0
S,41476875,fromabove,37,0,1520,1520,-1448,-288,-18096,166,1520,-30,0
S,41486875,fromabove,37,0,1520,1520,-2040,416,-16600,52,1414,-263,0
S,41496875,fromabove,37,0,1520,1520,5032,88,-13680,-148,1359,-103,0
S,41506875,fromabove,37,0,1520,1520,208,2272,-18912,-172,1038,-184,0
S,41516876,fromabove,37,0,1520,1520,24,1880,-19832,-132,734,-134,0
S,41526875,fromabove,37,0,1520,1520,-3304,-10536,-12712,-142,307,4,0
S,41536875,fromabove,37,0,1520,1520,-528,-2280,-16384,-31,-123,-34,0
S,41546876,fromabove,37,0,1520,1520,408,-2760,-15416,89,-474,-135,0
S,41556875,fromabove,37,0,1520,1520,-1736,-6112,-19512,41,-631,264,0
S,41566875,fromabove,37,0,1520,1520,3584,0,-14856,103,-711,104,0
S,41576876,fromabove,37,0,1520,1520,-4272,-2408,-17288,85,-689,-91,0
S,41586875,fromabove,37,0,1520,1520,3944,-424,-18744,62,-553,44,0
S,41596876,fromabove,37,0,1520,1520,-5744,-4088,-16000,43,-310,-31,0
S,41606875,fromabove,37,0,1520,1520,-448,-248,-17064,63,64,-24,0
S,41616875,fromabove,37,0,1520,1520,880,-1216,-16784,84,296,-29,0
S,41626876,fromabove,37,0,1520,1520,-248,-984,-16472,30,442,-45,0
S,41636875,fromabove,37,0,1520,1520,-1000,-688,-16976,-20,410,-112,0
S,41646875,fromabove,37,0,1520,1520,904,-632,-17800,-34,328,-31,0
S,41656875,fromabove,37,0,1520,1520,-648,-1224,-17480,-9,229,-35,0
S,41666875,fromabove,37,0,1520,1520,-888,-1320,-17328,63,103,-23,0
S,41676875,fromabove,37,0,1520,1520,-800,-1024,-16944,91,-4,-21,0
S,41686875,fromabove,37,0,1520,1520,-384,-824,-17040,86,-85,-24,0
S,41696875,fromabove,37,0,1520,1520,-496,-864,-17096,52,-121,-18,0
S,41706875,fromabove,37,0,1520,1520,-1080,-960,-17080,21,-117,-10,0
S,41716875,fromabove,37,0,1520,1520,200,-1096,-17424,18,-73,-20,0
S,41726875,fromabove,37,0,1520,1520,-728,-1016,-17120,35,-13,-22,0
S,41736875,fromabove,37,0,1520,1520,-472,-1400,-17016,52,59,-31,0
S,41746876,fromabove,37,0,1520,1520,-520,-920,-16936,50,84,-30,0
S,41756876,fromabove,37,0,1520,1520,-304,-736,-16952,25,66,-37,0
S,41766876,fromabove,37,0,1520,1520,-400,-1000,-16920,13,37,-28,0
S,41776876,fromabove,37,0,1520,1520,-408,-1088,-17064,27,3,-34,0
S,41786875,fromabove,37,0,1520,1520,-408,-1000,-17024,54,-4,-26,0
S,41796876,fromabove,37,0,1520,1520,-360,-928,-17032,64,4,-27,0
S,41806875,fromabove,37,0,1520,1520,-360,-968,-17104,56,15,-26,0
S,41816875,fromabove,37,0,1520,1520,-536,-984,-17104,26,28,-32,0
E,42516256,frombelow,38,0,1520,1520,,,,,,,0
S,42516886,frombelow,38,0,1520,1520,944,-928,-17144,42,27,-25,0
S,42526874,frombelow,38,0,1520,1520,1120,-1144,-16864,49,7,-23,0
S,42536873,frombelow,38,0,1520,1520,2592,-8072,-21248,63,-287,-416,0
S,42546873,frombelow,38,0,1520,1520,-936,12816,-16296,-19,-425,358,0
S,42556873,frombelow,38,0,1520,1520,-10832,7152,-15696,58,-936,103,0
S,42566873,frombelow,38,0,1520,1520,-2016,-1000,-17232,29,-1480,38,0
S,42576873,frombelow,38,0,1520,1520,-104,-2528,-12968,92,-1708,-60,0
S,42586873,frombelow,38,0,1520,1520,4440,-5848,-21224,55,-1723,112,0
S,42596873,frombelow,38,0,1520,1520,-544,-7592,-19496,23,-1606,155,0
S,42606873,frombelow,38,0,1520,1520,2480,1904,-18088,-36,-1231,-114,0
S,42616873,frombelow,38,0,1520,1520,888,2544,-14696,130,-687,-23,0
S,42626873,frombelow,38,0,1520,1520,1040,-1648,-15840,158,78,-16,0
S,42636873,frombelow,38,0,1520,1520,1600,-1648,-18160,165,700,-16,0
S,42646873,frombelow,38,0,1520,1520,664,-1200,-16480,10,984,-6,0
S,42656873,frombelow,38,0,1520,1520,-3440,-1984,-16328,-141,933,-222,0
S,42666873,frombelow,38,0,1520,1520,3848,-2096,-14528,-199,973,-84,0
S,42676873,frombelow,38,0,1520,1520,-4704,0,-17344,-102,803,-104,0
S,42686873,frombelow,38,0,1520,1520,48,-2016,-17088,0,600,-74,0
S,42696873,frombelow,38,0,1520,1520,1976,-2008,-16872,57,200,-136,0
S,42706873,frombelow,38,0,1520,1520,-1720,-3840,-15376,68,-117,-45,0
S,42716873,frombelow,38,0,1520,1520,-616,-1048,-15904,83,-400,-10,0
S,42726873,frombelow,38,0,1520,1520,-800,-176,-17896,117,-526,114,0
S,42736873,frombelow,38,0,1520,1520,200,-312,-17976,96,-577,73,0
S,42746873,frombelow,38,0,1520,1520,-4008,-344,-18672,47,-535,55,0
S,42756874,frombelow,38,0,1520,1520,584,-1400,-17864,52,-509,3,0
S,42766873,frombelow,38,0,1520,1520,-288,-1600,-17280,12,-287,85,0
S,42776873,frombelow,38,0,1520,1520,416,-1512,-17224,40,-95,12,0
S,42786873,frombelow,38,0,1520,1520,-840,-792,-17584,81,152,-41,0
S,42796873,frombelow,38,0,1520,1520,-56,-616,-17024,77,284,-53,0
S,42806873,frombelow,38,0,1520,1520,-1376,-1272,-16896,16,322,-71,0
S,42816873,frombelow,38,0,1520,1520,376,-1512,-17864,-24,262,-92,0
S,42826873,frombelow,38,0,1520,1520,-464,-1008,-17320,-6,187,-39,0
S,42836873,frombelow,38,0,1520,1520,-704,-776,-17000,37,84,-33,0
S,42846873,frombelow,38,0,1520,1520,-544,-1088,-16952,86,-20,-34,0
S,42856873,frombelow,38,0,1520,1520,-136,-768,-17248,77,-78,-30,0
S,42866873,frombelow,38,0,1520,1520,-608,-928,-17112,58,-95,-22,0
S,42876873,frombelow,38,0,1520,1520,-48,-1600,-17232,27,-66,-19,0
S,42886873,frombelow,38,0,1520,1520,-8,-704,-17176,15,-26,-23,0
S,42896873,frombelow,38,0,1520,1520,-184,-928,-17128,23,36,-29,0
S,42906873,frombelow,38,0,1520,1520,-424,-1144,-17064,48,74,-32,0
S,42916873,frombelow,38,0,1520,1520,-928,-1144,-17008,42,73,-38,0
E,43616256,fromabove,39,0,1520,1520,,,,,,,0
S,43616887,fromabove,39,0,1520,1520,-1640,-912,-16896,37,23,-29,0
S,43626876,fromabove,39,0,1520,1520,-5576,-1912,-17088,38,25,-39,0
S,43636875,fromabove,39,0,1520,1520,-176,120,-19024,36,259,230,0
S,43646876,fromabove,39,0,1520,1520,-1880,-480,-12728,161,555,35,0
S,43656875,fromabove,39,0,1520,1520,344,-456,-16232,208,977,-64,0
S,43666876,fromabove,39,0,1520,1520,1664,1360,-17088,224,1357,-65,0
S,43676875,fromabove,39,0,1520,1520,-3224,-72,-17384,173,1523,-8,0
S,43686876,fromabove,39,0,1520,1520,-3240,576,-16672,62,1403,-291,0
S,43696875,fromabove,39,0,1520,1520,7664,-1424,-14104,-128,1366,-79,0
S,43706876,fromabove,39,0,1520,1520,1528,-3072,-17752,-156,1051,-165,0
S,43716875,fromabove,39,0,1520,1520,3456,-984,-19304,-118,759,-117,0
S,43726875,fromabove,39,0,1520,1520,-976,-9064,-12424,-130,299,30,0
S,43736875,fromabove,39,0,1520,1520,-184,-3720,-16584,-17,-136,-31,0
S,43746876,fromabove,39,0,1520,1520,-120,-2744,-15512,86,-449,-125,0
S,43756875,fromabove,39,0,1520,1520,-3440,-5272,-18392,54,-630,208,0
S,43766875,fromabove,39,0,1520,1520,3888,224,-14808,114,-717,72,0
S,43776875,fromabove,39,0,1520,1520,-3600,-2264,-17432,84,-681,-93,0
S,43786875,fromabove,39,0,1520,1520,696,-192,-18432,64,-572,19,0
S,43796876,fromabove,39,0,1520,1520,-2200,-1328,-16104,24,-313,-34,0
S,43806875,fromabove,39,0,1520,1520,1056,-224,-17304,46,-2,-45,0
S,43816876,fromabove,39,0,1520,1520,88,-584,-17080,96,292,-41,0
S,43826876,fromabove,39,0,1520,1520,-888,-1032,-16488,47,438,-53,0
S,43836875,fromabove,39,0,1520,1520,-1112,-696,-16896,-19,404,-98,0
S,43846875,fromabove,39,0,1520,1520,752,-952,-18336,-35,326,-36,0
S,43856875,fromabove,39,0,1520,1520,-384,-688,-17256,-9,216,-38,0
S,43866876,fromabove,39,0,1520,1520,-560,-1200,-16912,54,112,-28,0
S,43876875,fromabove,39,0,1520,1520,-768,-880,-16848,94,5,-28,0
S,43886875,fromabove,39,0,1520,1520,-352,-504,-17136,87,-88,-29,0
S,43896875,fromabove,39,0,1520,1520,-296,-1064,-16984,51,-124,-23,0
S,43906875,fromabove,39,0,1520,1520,-720,-1160,-17104,26,-114,-20,0
S,43916875,fromabove,39,0,1520,1520,72,-608,-17480,19,-70,-28,0
S,43926876,fromabove,39,0,1520,1520,-304,-1080,-17120,33,-11,-24,0
S,43936875,fromabove,39,0,1520,1520,-616,-1288,-16976,52,57,-25,0
S,43946876,fromabove,39,0,1520,1520,-552,-832,-17008,48,86,-35,0
S,43956876,fromabove,39,0,1520,1520,-136,-952,-17120,24,64,-39,0
S,43966876,fromabove,39,0,1520,1520,-408,-864,-17280,10,26,-21,0
S,43976876,fromabove,39,0,1520,1520,-544,-944,-17160,20,11,-30,0
S,43986875,fromabove,39,0,1520,1520,-216,-1112,-17064,50,-5,-34,0
S,43996876,fromabove,39,0,1520,1520,-384,-800,-17064,68,5,-27,0
S,44006875,fromabove,39,0,1520,1520,-320,-1024,-17072,54,17,-27,0
S,44016875,fromabove,39,0,1520,1520,-488,-904,-16992,23,31,-27,0
#META repeat_target=1483 idx=1
E,44717256,frombelow,40,0,1483,1520,,,,,,,0
S,44717885,frombelow,40,0,1483,1520,1672,-1080,-16968,37,24,-27,0
S,44727874,frombelow,40,0,1483,1520,-6456,-2456,-17152,38,-84,-246,0
S,44737873,frombelow,40,0,1483,1520,-528,-432,-19736,93,-343,-242,0
S,44747873,frombelow,40,0,1483,1520,14768,-5632,-21640,79,-813,71,0
S,44757873,frombelow,40,0,1483,1520,-2536,1136,-14632,25,-1454,120,0
S,44767873,frombelow,40,0,1483,1520,208,-4512,-15952,41,-1813,111,0
S,44777873,frombelow,40,0,1483,1520,9032,2816,-23096,-61,-1795,502,0
S,44787873,frombelow,40,0,1483,1520,-1184,-2072,-12640,-11,-1771,45,0
S,44797873,frombelow,40,0,1483,1520,4592,-224,-18904,64,-1473,88,0
S,44807873,frombelow,40,0,1483,1520,1416,-10088,-16952,30,-1047,-169,0
S,44817873,frombelow,40,0,1483,1520,4248,-2272,-17976,171,-440,41,0
S,44827873,frombelow,40,0,1483,1520,-1120,-3752,-16072,191,320,-23,0
S,44837873,frombelow,40,0,1483,1520,2584,232,-17472,111,792,-46,0
S,44847873,frombelow,40,0,1483,1520,-816,-736,-17112,-77,1013,-98,0
S,44857873,frombelow,40,0,1483,1520,-264,-2216,-18896,-162,902,-341,0
S,44867873,frombelow,40,0,1483,1520,-3704,248,-17120,-207,915,-28,0
S,44877873,frombelow,40,0,1483,1520,-3472,216,-17552,-82,714,-110,0
S,44887873,frombelow,40,0,1483,1520,-3352,304,-17720,46,456,-29,0
S,44897873,frombelow,40,0,1483,1520,1936,-2688,-15984,132,122,-206,0
S,44907873,frombelow,40,0,1483,1520,88,-2256,-15808,162,-212,-94,0
S,44917873,frombelow,40,0,1483,1520,2112,-2584,-18824,155,-428,18,0
S,44927873,frombelow,40,0,1483,1520,-8,-1032,-18376,130,-543,103,0
S,44937873,frombelow,40,0,1483,1520,1832,-728,-16984,73,-482,118,0
S,44947873,frombelow,40,0,1483,1520,1184,-2360,-16616,28,-450,-20,0
S,44957873,frombelow,40,0,1483,1520,8,-368,-18320,-5,-308,-7,0
S,44967873,frombelow,40,0,1483,1520,840,-432,-18336,-8,-156,-6,0
S,44977873,frombelow,40,0,1483,1520,-528,-1912,-16656,22,49,-22,0
S,44987873,frombelow,40,0,1483,1520,448,-328,-16952,77,217,-31,0
S,44997873,frombelow,40,0,1483,1520,1552,-1080,-17240,87,310,-62,0
S,45007873,frombelow,40,0,1483,1520,400,-960,-16816,44,278,-130,0
S,45017873,frombelow,40,0,1483,1520,-272,-1912,-17064,-16,260,-34,0
S,45027873,frombelow,40,0,1483,1520,200,-936,-17440,-1,189,-46,0
S,45037873,frombelow,40,0,1483,1520,-120,-960,-17232,37,95,-32,0
S,45047873,frombelow,40,0,1483,1520,-592,-1176,-17504,64,18,-31,0
S,45057873,frombelow,40,0,1483,1520,-80,-1096,-17368,69,-80,-53,0
S,45067873,frombelow,40,0,1483,1520,184,-656,-17160,40,-104,-20,0
S,45077873,frombelow,40,0,1483,1520,504,-1000,-17000,29,-106,-3,0
S,45087873,frombelow,40,0,1483,1520,200,-1160,-17008,34,-89,-25,0
S,45097873,frombelow,40,0,1483,1520,488,-856,-17056,41,-39,-23,0
S,45107873,frombelow,40,0,1483,1520,448,-1144,-17216,43,10,-30,0
S,45117873,frombelow,40,0,1483,1520,-448,-1032,-17240,45,54,-30,0
E,45817256,fromabove,41,0,1483,1520,,,,,,,0
S,45817887,fromabove,41,0,1483,1520,-1032,-1008,-17088,41,22,-30,0
S,45827876,fromabove,41,0,1483,1520,-1200,-344,-17752,43,25,-42,0
S,45837876,fromabove,41,0,1483,1520,2200,-3072,-18432,31,179,239,0
S,45847876,fromabove,41,0,1483,1520,-5168,-11808,-16792,109,421,-284,0
S,45857875,fromabove,41,0,1483,1520,-6136,-1280,-18992,219,861,-57,0
S,45867876,fromabove,41,0,1483,1520,1000,-2336,-18392,208,1343,-85,0
S,45877875,fromabove,41,0,1483,1520,-1472,-2504,-17768,106,1544,-67,0
S,45887875,fromabove,41,0,1483,1520,-984,-528,-16552,-116,1509,-380,0
S,45897876,fromabove,41,0,1483,1520,2032,-3384,-15864,-233,1467,-113,0
S,45907875,fromabove,41,0,1483,1520,3640,-1024,-19848,-169,1154,-179,0
S,45917875,fromabove,41,0,1483,1520,-768,-384,-17256,-88,807,-28,0
S,45927876,fromabove,41,0,1483,1520,1184,-7280,-13544,-49,351,-13,0
S,45937876,fromabove,41,0,1483,1520,360,-1408,-15656,56,-138,-49,0
S,45947876,fromabove,41,0,1483,1520,616,-1664,-14408,147,-479,-140,0
S,45957875,fromabove,41,0,1483,1520,4336,-7648,-19432,147,-669,137,0
S,45967876,fromabove,41,0,1483,1520,3600,-640,-16192,158,-722,107,0
S,45977875,fromabove,41,0,1483,1520,48,-1384,-17496,86,-658,-38,0
S,45987875,fromabove,41,0,1483,1520,1088,-2872,-18000,48,-582,-15,0
S,45997875,fromabove,41,0,1483,1520,952,-968,-17728,-11,-333,33,0
S,46007876,fromabove,41,0,1483,1520,1496,-328,-17392,13,-61,17,0
S,46017875,fromabove,41,0,1483,1520,-944,-304,-17040,74,202,-28,0
S,46027875,fromabove,41,0,1483,1520,1144,-824,-17352,78,406,-59,0
S,46037875,fromabove,41,0,1483,1520,-664,-600,-16768,34,424,-102,0
S,46047876,fromabove,41,0,1483,1520,1984,-776,-17392,-21,387,-44,0
S,46057875,fromabove,41,0,1483,1520,-216,-856,-17200,-19,295,-59,0
S,46067875,fromabove,41,0,1483,1520,528,-904,-17000,39,161,-33,0
S,46077876,fromabove,41,0,1483,1520,248,-1136,-16976,80,39,-44,0
S,46087875,fromabove,41,0,1483,1520,112,-904,-16968,84,-73,-26,0
S,46097875,fromabove,41,0,1483,1520,288,-872,-16984,47,-142,-20,0
S,46107876,fromabove,41,0,1483,1520,256,-920,-17024,23,-182,-16,0
S,46117876,fromabove,41,0,1483,1520,376,-752,-17216,20,-176,-7,0
S,46127875,fromabove,41,0,1483,1520,232,-576,-17288,30,-149,2,0
S,46137875,fromabove,41,0,1483,1520,-400,-360,-17384,50,-83,-12,0
S,46147876,fromabove,41,0,1483,1520,-40,-752,-17672,57,18,35,0
S,46157875,fromabove,41,0,1483,1520,-352,-1328,-17240,64,86,-36,0
S,46167875,fromabove,41,0,1483,1520,136,-744,-17208,26,129,-33,0
S,46177876,fromabove,41,0,1483,1520,-16,-960,-17008,3,114,-62,0
S,46187876,fromabove,41,0,1483,1520,80,-960,-17208,2,98,-37,0
S,46197875,fromabove,41,0,1483,1520,232,-1064,-17144,42,47,-28,0
S,46207875,fromabove,41,0,1483,1520,352,-984,-17032,61,12,-34,0
S,46217875,fromabove,41,0,1483,1520,160,-936,-17000,60,-27,-29,0
E,46917256,frombelow,42,0,1483,1520,,,,,,,0
S,46917886,frombelow,42,0,1483,1520,1712,-960,-16976,35,29,-28,0
S,46927874,frombelow,42,0,1483,1520,272,-616,-16944,41,6,-34,0
S,46937873,frombelow,42,0,1483,1520,11072,104,-20408,95,-247,-311,0
S,46947873,frombelow,42,0,1483,1520,-5264,-8808,-11488,39,-679,-266,0
S,46957873,frombelow,42,0,1483,1520,3712,-4040,-19368,63,-1264,-36,0
S,46967873,frombelow,42,0,1483,1520,1480,2288,-17456,25,-1744,84,0
S,46977873,frombelow,42,0,1483,1520,-2696,-664,-10816,102,-1846,-25,0
S,46987873,frombelow,42,0,1483,1520,-1640,2216,-19000,71,-1765,61,0
S,46997873,frombelow,42,0,1483,1520,-3360,-2304,-18856,30,-1663,222,0
S,47007873,frombelow,42,0,1483,1520,4384,6328,-18104,-12,-1277,-134,0
S,47017873,frombelow,42,0,1483,1520,-40,1072,-14048,139,-625,-107,0
S,47027873,frombelow,42,0,1483,1520,656,248,-15696,218,152,-37,0
S,47037873,frombelow,42,0,1483,1520,2176,-432,-17648,181,757,-72,0
S,47047873,frombelow,42,0,1483,1520,1104,-768,-16888,-17,1068,-23,0
S,47057873,frombelow,42,0,1483,1520,64,-2488,-17000,-148,971,-338,0
S,47067873,frombelow,42,0,1483,1520,-2664,-2592,-15096,-231,1033,-90,0
S,47077873,frombelow,42,0,1483,1520,-2160,-1272,-17264,-106,796,-188,0
S,47087873,frombelow,42,0,1483,1520,-912,480,-18248,1,517,-115,0
S,47097873,frombelow,42,0,1483,1520,408,1872,-12496,-18,135,167,0
S,47107873,frombelow,42,0,1483,1520,-888,1424,-16608,100,-239,-111,0
S,47117873,frombelow,42,0,1483,1520,544,376,-14616,139,-508,-87,0
S,47127873,frombelow,42,0,1483,1520,-1264,1888,-18728,145,-580,137,0
S,47137873,frombelow,42,0,1483,1520,1640,712,-17712,89,-551,164,0
S,47147873,frombelow,42,0,1483,1520,-1528,-2704,-17288,49,-531,47,0
S,47157873,frombelow,42,0,1483,1520,1096,2504,-17856,38,-415,-20,0
S,47167873,frombelow,42,0,1483,1520,1984,-1192,-16792,-7,-232,10,0
S,47177873,frombelow,42,0,1483,1520,-288,-1688,-16384,15,-2,-3,0
S,47187873,frombelow,42,0,1483,1520,1184,-304,-17312,72,206,-29,0
S,47197873,frombelow,42,0,1483,1520,-128,-336,-17208,76,304,-55,0
S,47207873,frombelow,42,0,1483,1520,-592,-1064,-16944,18,303,-131,0
S,47217873,frombelow,42,0,1483,1520,32,-704,-17032,-17,311,-36,0
S,47227873,frombelow,42,0,1483,1520,40,-808,-17264,12,229,-36,0
S,47237873,frombelow,42,0,1483,1520,208,-848,-17040,47,149,-37,0
S,47247873,frombelow,42,0,1483,1520,248,-824,-16992,69,41,-39,0
S,47257873,frombelow,42,0,1483,1520,-232,-1096,-16904,51,-43,-27,0
S,47267873,frombelow,42,0,1483,1520,840,-960,-16976,29,-113,-19,0
S,47277873,frombelow,42,0,1483,1520,192,-896,-16960,27,-124,-17,0
S,47287873,frombelow,42,0,1483,1520,208,-1400,-17136,38,-110,-19,0
S,47297873,frombelow,42,0,1483,1520,200,-1088,-17208,50,-66,-25,0
S,47307873,frombelow,42,0,1483,1520,224,-688,-17232,50,-14,-28,0
S,47317873,frombelow,42,0,1483,1520,-64,-856,-17088,44,40,-35,0
E,48017256,fromabove,43,0,1483,1520,,,,,,,0
S,48017887,fromabove,43,0,1483,1520,-1056,-960,-17008,41,22,-26,0
S,48027877,fromabove,43,0,1483,1520,-840,0,-17064,48,34,-11,0
S,48037875,fromabove,43,0,1483,1520,224,5072,-19328,44,227,209,0
S,48047875,fromabove,43,0,1483,1520,-184,-5896,-12624,163,516,-42,0
S,48057876,fromabove,43,0,1483,1520,1952,-1912,-16192,253,922,-113,0
S,48067875,fromabove,43,0,1483,1520,-568,-208,-15416,196,1460,-112,0
S,48077875,fromabove,43,0,1483,1520,-4840,-1192,-17488,108,1559,-123,0
S,48087876,fromabove,43,0,1483,1520,-920,1000,-19336,-22,1446,-480,0
S,48097875,fromabove,43,0,1483,1520,1416,-1880,-16528,-208,1481,-81,0
S,48107875,fromabove,43,0,1483,1520,-808,-1088,-20512,-130,1078,-157,0
S,48117876,fromabove,43,0,1483,1520,632,5760,-15040,-118,761,187,0
S,48127875,fromabove,43,0,1483,1520,-1864,848,-18136,-21,210,-11,0
S,48137875,fromabove,43,0,1483,1520,-776,-1704,-16416,59,-280,-4,0
S,48147875,fromabove,43,0,1483,1520,160,-360,-14336,167,-593,-79,0
S,48157875,fromabove,43,0,1483,1520,1744,-4904,-21208,168,-714,91,0
S,48167876,fromabove,43,0,1483,1520,4744,-992,-16728,127,-652,245,0
S,48177876,fromabove,43,0,1483,1520,1112,-1560,-14744,104,-653,-13,0
S,48187875,fromabove,43,0,1483,1520,4024,1360,-17744,38,-508,2,0
S,48197875,fromabove,43,0,1483,1520,3832,-3368,-16416,7,-256,-37,0
S,48207876,fromabove,43,0,1483,1520,-1704,-944,-17200,45,101,-13,0
S,48217875,fromabove,43,0,1483,1520,-784,-808,-16976,81,353,-34,0
S,48227876,fromabove,43,0,1483,1520,312,192,-17112,35,466,-66,0
S,48237875,fromabove,43,0,1483,1520,1088,-776,-17120,-24,401,-187,0
S,48247876,fromabove,43,0,1483,1520,744,-1720,-16872,-37,365,-50,0
S,48257876,fromabove,43,0,1483,1520,-192,-1152,-17240,18,244,-34,0
S,48267875,fromabove,43,0,1483,1520,-1376,-880,-17864,71,110,-42,0
S,48277875,fromabove,43,0,1483,1520,304,-1352,-17488,97,-18,-30,0
S,48287876,fromabove,43,0,1483,1520,56,-648,-17336,67,-118,-28,0
S,48297875,fromabove,43,0,1483,1520,-168,-1136,-17096,23,-177,-5,0
S,48307876,fromabove,43,0,1483,1520,368,-856,-16872,10,-194,-12,0
S,48317875,fromabove,43,0,1483,1520,320,-1152,-16944,26,-172,-9,0
S,48327875,fromabove,43,0,1483,1520,184,-856,-17008,48,-124,-16,0
S,48337875,fromabove,43,0,1483,1520,1000,-328,-17488,53,-27,39,0
S,48347875,fromabove,43,0,1483,1520,480,-1016,-17272,73,43,-21,0
S,48357876,fromabove,43,0,1483,1520,-184,-344,-16912,51,115,-31,0
S,48367876,fromabove,43,0,1483,1520,-72,-752,-17208,6,128,-47,0
S,48377875,fromabove,43,0,1483,1520,448,-968,-17192,-3,115,-60,0
S,48387875,fromabove,43,0,1483,1520,112,-1128,-17120,22,79,-39,0
S,48397875,fromabove,43,0,1483,1520,424,-864,-17088,55,42,-32,0
S,48407875,fromabove,43,0,1483,1520,296,-880,-17056,66,-12,-29,0
S,48417875,fromabove,43,0,1483,1520,176,-1008,-17112,54,-29,-27,0
E,49117256,frombelow,44,0,1483,1520,,,,,,,0
S,49117886,frombelow,44,0,1483,1520,1768,-984,-16936,33,32,-29,0
S,49127874,frombelow,44,0,1483,1520,-632,-1568,-17096,41,10,-43,0
S,49137873,frombelow,44,0,1483,1520,3512,-2400,-18912,111,-229,-329,0
S,49147873,frombelow,44,0,1483,1520,-3848,-7680,-8200,15,-646,-105,0
S,49157873,frombelow,44,0,1483,1520,2624,408,-18856,70,-1293,-42,0
S,49167873,frombelow,44,0,1483,1520,968,3368,-18568,32,-1750,78,0
S,49177873,frombelow,44,0,1483,1520,-744,-200,-11728,91,-1873,-10,0
S,49187873,frombelow,44,0,1483,1520,-2728,824,-21440,65,-1744,189,0
S,49197873,frombelow,44,0,1483,1520,-80,-4192,-19224,27,-1689,167,0
S,49207873,frombelow,44,0,1483,1520,-4656,6248,-18384,-23,-1200,-166,0
S,49217873,frombelow,44,0,1483,1520,1200,-3888,-16248,137,-657,-74,0
S,49227873,frombelow,44,0,1483,1520,440,24,-16672,209,171,-53,0
S,49237873,frombelow,44,0,1483,1520,1712,-752,-18016,183,713,-63,0
S,49247873,frombelow,44,0,1483,1520,1072,-680,-16920,-31,1056,-16,0
S,49257873,frombelow,44,0,1483,1520,-16,-3264,-15912,-152,955,-290,0
S,49267873,frombelow,44,0,1483,1520,-3840,-1920,-15128,-231,998,-92,0
S,49277873,frombelow,44,0,1483,1520,-1800,408,-16864,-110,791,-200,0
S,49287873,frombelow,44,0,1483,1520,-2536,1288,-17696,17,498,-144,0
S,49297873,frombelow,44,0,1483,1520,816,712,-15232,42,168,4,0
S,49307873,frombelow,44,0,1483,1520,-1112,-480,-16696,128,-222,-141,0
S,49317873,frombelow,44,0,1483,1520,-696,-856,-15936,141,-480,-56,0
S,49327873,frombelow,44,0,1483,1520,-1632,-1456,-17824,146,-578,131,0
S,49337873,frombelow,44,0,1483,1520,2424,376,-17768,103,-553,125,0
S,49347873,frombelow,44,0,1483,1520,-1288,-2840,-17568,49,-508,46,0
S,49357873,frombelow,44,0,1483,1520,0,-2536,-17864,25,-387,-16,0
S,49367873,frombelow,44,0,1483,1520,1880,-1768,-16896,-15,-224,-13,0
S,49377873,frombelow,44,0,1483,1520,1216,-2400,-16040,13,-9,-16,0
S,49387873,frombelow,44,0,1483,1520,-2208,-2512,-16904,72,199,-33,0
S,49397873,frombelow,44,0,1483,1520,520,-552,-17296,81,310,-52,0
S,49407873,frombelow,44,0,1483,1520,-712,-880,-16744,30,315,-125,0
S,49417873,frombelow,44,0,1483,1520,-112,-928,-17072,-13,311,-36,0
S,49427873,frombelow,44,0,1483,1520,560,-560,-16928,12,227,-43,0
S,49437873,frombelow,44,0,1483,1520,16,-1872,-16856,42,130,-30,0
S,49447873,frombelow,44,0,1483,1520,-192,-592,-17128,69,39,-25,0
S,49457873,frombelow,44,0,1483,1520,904,-480,-16984,60,-73,-52,0
S,49467873,frombelow,44,0,1483,1520,392,-920,-17208,42,-111,-13,0
S,49477873,frombelow,44,0,1483,1520,536,-1072,-17128,29,-120,6,0
S,49487873,frombelow,44,0,1483,1520,56,-888,-17120,33,-108,-24,0
S,49497873,frombelow,44,0,1483,1520,344,-664,-17248,44,-62,-20,0
S,49507873,frombelow,44,0,1483,1520,1184,-1096,-17032,45,-10,-21,0
S,49517873,frombelow,44,0,1483,1520,368,-1368,-16904,38,43,-21,0
E,50217256,fromabove,45,0,1483,1520,,,,,,,0
S,50217887,fromabove,45,0,1483,1520,-952,-976,-17032,38,20,-30,0
S,50227877,fromabove,45,0,1483,1520,3096,-4440,-16512,30,22,-63,0
S,50237875,fromabove,45,0,1483,1520,-984,960,-19104,48,257,196,0
S,50247876,fromabove,45,0,1483,1520,4232,1472,-9272,168,566,34,0
S,50257876,fromabove,45,0,1483,1520,2968,-360,-15744,252,1055,-105,0
S,50267875,fromabove,45,0,1483,1520,464,768,-14240,213,1445,-140,0
S,50277876,fromabove,45,0,1483,1520,-640,1032,-16768,49,1563,-123,0
S,50287875,fromabove,45,0,1483,1520,-4576,-280,-19728,-85,1419,-411,0
S,50297875,fromabove,45,0,1483,1520,-6520,-664,-17176,-202,1442,-110,0
S,50307875,fromabove,45,0,1483,1520,840,-432,-20288,-115,1077,-152,0
S,50317876,fromabove,45,0,1483,1520,-448,5432,-13928,-140,703,288,0
S,50327875,fromabove,45,0,1483,1520,-2968,328,-18920,-22,191,-7,0
S,50337875,fromabove,45,0,1483,1520,-1184,-680,-17456,57,-328,-21,0
S,50347875,fromabove,45,0,1483,1520,320,-392,-14696,156,-595,-74,0
S,50357876,fromabove,45,0,1483,1520,976,-32,-22192,184,-714,110,0
S,50367875,fromabove,45,0,1483,1520,5160,-1096,-17088,130,-635,270,0
S,50377876,fromabove,45,0,1483,1520,120,-360,-14560,114,-649,-2,0
S,50387875,fromabove,45,0,1483,1520,4272,1400,-17624,28,-470,-8,0
S,50397875,fromabove,45,0,1483,1520,520,-2488,-17480,4,-227,41,0
S,50407876,fromabove,45,0,1483,1520,1160,-2784,-16472,59,117,-15,0
S,50417875,fromabove,45,0,1483,1520,-40,-1248,-16848,87,378,-32,0
S,50427876,fromabove,45,0,1483,1520,-496,-400,-17032,41,486,-72,0
S,50437876,fromabove,45,0,1483,1520,336,-480,-17080,-24,424,-187,0
S,50447875,fromabove,45,0,1483,1520,-136,-1376,-17136,-35,383,-77,0
S,50457875,fromabove,45,0,1483,1520,-488,-1664,-17304,13,254,-48,0
S,50467875,fromabove,45,0,1483,1520,528,-904,-17480,72,112,-32,0
S,50477875,fromabove,45,0,1483,1520,-240,-952,-17432,95,-28,-34,0
S,50487875,fromabove,45,0,1483,1520,408,-1184,-17336,66,-145,-27,0
S,50497875,fromabove,45,0,1483,1520,184,-808,-16768,31,-192,-1,0
S,50507875,fromabove,45,0,1483,1520,496,-832,-17008,12,-210,-7,0
S,50517875,fromabove,45,0,1483,1520,1424,-1392,-16896,21,-194,-11,0
S,50527876,fromabove,45,0,1483,1520,1848,-1304,-16896,47,-156,-16,0
S,50537875,fromabove,45,0,1483,1520,544,832,-17192,58,-58,-20,0
S,50547875,fromabove,45,0,1483,1520,536,-424,-16824,62,27,-21,0
S,50557875,fromabove,45,0,1483,1520,280,-1064,-16864,50,113,-26,0
S,50567876,fromabove,45,0,1483,1520,-320,-704,-17000,15,136,-49,0
S,50577876,fromabove,45,0,1483,1520,216,-912,-17264,0,123,-45,0
S,50587875,fromabove,45,0,1483,1520,160,-1064,-17016,17,92,-36,0
S,50597875,fromabove,45,0,1483,1520,240,-1120,-16968,55,38,-31,0
S,50607875,fromabove,45,0,1483,1520,280,-896,-17056,61,-1,-28,0
S,50617875,fromabove,45,0,1483,1520,304,-1024,-17160,53,-35,-24,0
E,51317256,frombelow,46,0,1483,1520,,,,,,,0
S,51317886,frombelow,46,0,1483,1520,1648,-1064,-16944,35,26,-30,0
S,51327874,frombelow,46,0,1483,1520,1344,632,-17496,42,-52,-152,0
S,51337873,frombelow,46,0,1483,1520,1744,320,-17336,117,-263,-222,0
S,51347873,frombelow,46,0,1483,1520,2656,600,-12712,122,-787,-175,0
S,51357873,frombelow,46,0,1483,1520,4472,824,-18432,81,-1375,-2,0
S,51367873,frombelow,46,0,1483,1520,1312,-336,-15688,37,-1804,53,0
S,51377873,frombelow,46,0,1483,1520,592,7168,-13096,83,-1875,44,0
S,51387873,frombelow,46,0,1483,1520,1448,5496,-13272,7,-1742,74,0
S,51397873,frombelow,46,0,1483,1520,3920,-2152,-18552,15,-1617,229,0
S,51407873,frombelow,46,0,1483,1520,-2504,-7408,-17864,-72,-1145,-289,0
S,51417873,frombelow,46,0,1483,1520,3912,-816,-16760,168,-511,8,0
S,51427873,frombelow,46,0,1483,1520,-272,-4248,-15560,195,268,-17,0
S,51437873,frombelow,46,0,1483,1520,2880,-672,-18512,154,837,-59,0
S,51447873,frombelow,46,0,1483,1520,-656,-2392,-16976,-40,1078,-64,0
S,51457873,frombelow,46,0,1483,1520,944,-744,-19632,-149,954,-371,0
S,51467873,frombelow,46,0,1483,1520,192,-656,-16960,-217,984,-26,0
S,51477873,frombelow,46,0,1483,1520,-1984,-360,-17616,-96,744,-122,0
S,51487873,frombelow,46,0,1483,1520,-1344,1672,-18304,11,464,-75,0
S,51497874,frombelow,46,0,1483,1520,384,872,-12160,53,101,64,0
S,51507873,frombelow,46,0,1483,1520,48,192,-16472,110,-299,-55,0
S,51517873,frombelow,46,0,1483,1520,-784,2384,-15600,165,-562,-73,0
S,51527873,frombelow,46,0,1483,1520,-1688,-1504,-18304,144,-615,124,0
S,51537873,frombelow,46,0,1483,1520,1056,-288,-17984,76,-543,232,0
S,51547874,frombelow,46,0,1483,1520,360,-3048,-16096,60,-537,13,0
S,51557873,frombelow,46,0,1483,1520,1848,776,-17408,22,-414,-21,0
S,51567873,frombelow,46,0,1483,1520,3424,-1104,-16984,-2,-210,90,0
S,51577873,frombelow,46,0,1483,1520,-824,-2056,-16776,26,30,3,0
S,51587873,frombelow,46,0,1483,1520,-56,-1344,-17288,96,257,-37,0
S,51597873,frombelow,46,0,1483,1520,416,-384,-17280,79,359,-45,0
S,51607873,frombelow,46,0,1483,1520,-352,-832,-16688,13,348,-151,0
S,51617873,frombelow,46,0,1483,1520,-32,152,-16808,-8,331,-65,0
S,51627873,frombelow,46,0,1483,1520,784,-928,-17024,-3,223,-48,0
S,51637873,frombelow,46,0,1483,1520,784,-1208,-17208,46,126,-32,0
S,51647873,frombelow,46,0,1483,1520,280,-992,-17120,82,7,-34,0
S,51657873,frombelow,46,0,1483,1520,488,-864,-17224,75,-66,-20,0
S,51667873,frombelow,46,0,1483,1520,152,-840,-16944,42,-118,-12,0
S,51677873,frombelow,46,0,1483,1520,192,-896,-16944,26,-124,-23,0
S,51687873,frombelow,46,0,1483,1520,264,-888,-17024,20,-100,-19,0
S,51697873,frombelow,46,0,1483,1520,592,-1112,-17312,39,-76,-20,0
S,51707873,frombelow,46,0,1483,1520,680,-1088,-17120,48,-23,-24,0
S,51717873,frombelow,46,0,1483,1520,656,-1304,-17144,49,35,-22,0
E,52417256,fromabove,47,0,1483,1520,,,,,,,0
S,52417887,fromabove,47,0,1483,1520,-1056,-928,-17144,37,22,-33,0
S,52427877,fromabove,47,0,1483,1520,-256,-1144,-16912,32,29,-9,0
S,52437875,fromabove,47,0,1483,1520,-8,632,-18632,39,223,172,0
S,52447875,fromabove,47,0,1483,1520,3408,-4128,-12656,153,534,-73,0
S,52457875,fromabove,47,0,1483,1520,496,336,-15992,260,948,-108,0
S,52467876,fromabove,47,0,1483,1520,48,-2048,-15328,189,1461,-115,0
S,52477876,fromabove,47,0,1483,1520,1256,-1056,-17128,91,1564,-126,0
S,52487875,fromabove,47,0,1483,1520,-6792,-1464,-19544,-96,1467,-354,0
S,52497876,fromabove,47,0,1483,1520,6272,-456,-16088,-233,1497,-97,0
S,52507876,fromabove,47,0,1483,1520,2824,-2392,-19640,-136,1128,-99,0
S,52517876,fromabove,47,0,1483,1520,920,1632,-16496,-108,760,66,0
S,52527875,fromabove,47,0,1483,1520,-232,-280,-18896,-23,242,-19,0
S,52537875,fromabove,47,0,1483,1520,-872,-1744,-16280,46,-258,18,0
S,52547875,fromabove,47,0,1483,1520,872,-992,-14488,161,-604,-110,0
S,52557875,fromabove,47,0,1483,1520,3552,-7312,-21024,154,-726,116,0
S,52567876,fromabove,47,0,1483,1520,5288,-1616,-16384,127,-682,224,0
S,52577875,fromabove,47,0,1483,1520,-1792,-2712,-15008,106,-668,-22,0
S,52587876,fromabove,47,0,1483,1520,5616,-8,-17104,48,-564,-44,0
S,52597875,fromabove,47,0,1483,1520,-11008,-2864,-15528,15,-291,-37,0
S,52607875,fromabove,47,0,1483,1520,112,-2280,-16272,39,36,-12,0
S,52617875,fromabove,47,0,1483,1520,784,-3544,-17008,96,333,-35,0
S,52627875,fromabove,47,0,1483,1520,752,-864,-16744,65,479,-56,0
S,52637875,fromabove,47,0,1483,1520,-296,24,-16848,-8,441,-175,0
S,52647875,fromabove,47,0,1483,1520,-1384,352,-16616,-42,410,-65,0
S,52657875,fromabove,47,0,1483,1520,488,-1088,-17192,-1,284,-40,0
S,52667875,fromabove,47,0,1483,1520,1368,-632,-17296,50,154,-39,0
S,52677875,fromabove,47,0,1483,1520,472,-976,-17456,95,13,-22,0
S,52687875,fromabove,47,0,1483,1520,736,-456,-17064,82,-92,-25,0
S,52697875,fromabove,47,0,1483,1520,328,-1216,-17176,41,-165,-6,0
S,52707875,fromabove,47,0,1483,1520,160,-936,-17024,19,-193,-9,0
S,52717875,fromabove,47,0,1483,1520,64,-840,-16856,14,-189,-24,0
S,52727876,fromabove,47,0,1483,1520,184,-1048,-17272,27,-142,-21,0
S,52737875,fromabove,47,0,1483,1520,2968,-1112,-17352,53,-96,-16,0
S,52747876,fromabove,47,0,1483,1520,-448,-1304,-17160,66,30,28,0
S,52757876,fromabove,47,0,1483,1520,136,-1392,-16976,60,97,-24,0
S,52767875,fromabove,47,0,1483,1520,216,-904,-16992,24,140,-26,0
S,52777876,fromabove,47,0,1483,1520,248,-848,-16864,0,123,-64,0
S,52787875,fromabove,47,0,1483,1520,216,-1032,-16856,0,102,-42,0
S,52797876,fromabove,47,0,1483,1520,72,-992,-17008,37,58,-31,0
S,52807875,fromabove,47,0,1483,1520,240,-808,-17256,62,12,-29,0
S,52817875,fromabove,47,0,1483,1520,256,-888,-17064,63,-27,-31,0
E,53517256,frombelow,48,0,1483,1520,,,,,,,0
S,53517886,frombelow,48,0,1483,1520,1744,-1008,-16976,35,22,-29,0
S,53527874,frombelow,48,0,1483,1520,2528,-1312,-16920,48,15,-25,0
S,53537873,frombelow,48,0,1483,1520,-4888,-3328,-19728,121,-270,-310,0
S,53547873,frombelow,48,0,1483,1520,-3640,-11080,-11240,44,-702,-245,0
S,53557873,frombelow,48,0,1483,1520,2480,5680,-18848,69,-1334,-38,0
S,53567873,frombelow,48,0,1483,1520,1680,2640,-18016,13,-1767,91,0
S,53577873,frombelow,48,0,1483,1520,1520,-1904,-12272,59,-1904,30,0
S,53587873,frombelow,48,0,1483,1520,312,976,-18096,36,-1792,121,0
S,53597873,frombelow,48,0,1483,1520,9256,-4912,-17808,31,-1648,232,0
S,53607873,frombelow,48,0,1483,1520,2208,888,-18240,-45,-1194,-247,0
S,53617873,frombelow,48,0,1483,1520,3016,-4192,-16824,142,-606,-58,0
S,53627873,frombelow,48,0,1483,1520,-24,-3160,-16440,193,231,-35,0
S,53637873,frombelow,48,0,1483,1520,1904,-480,-18512,169,779,-62,0
S,53647873,frombelow,48,0,1483,1520,-224,-1952,-17184,-35,1089,-42,0
S,53657873,frombelow,48,0,1483,1520,368,-2184,-17320,-144,986,-312,0
S,53667873,frombelow,48,0,1483,1520,-248,-1728,-16264,-220,1015,-49,0
S,53677873,frombelow,48,0,1483,1520,-3040,136,-17240,-103,812,-166,0
S,53687873,frombelow,48,0,1483,1520,-1704,1240,-18040,22,492,-102,0
S,53697873,frombelow,48,0,1483,1520,-328,-1624,-11160,-21,128,223,0
S,53707873,frombelow,48,0,1483,1520,-2488,-2552,-15824,92,-282,-96,0
S,53717873,frombelow,48,0,1483,1520,584,-88,-15512,155,-522,-103,0
S,53727873,frombelow,48,0,1483,1520,-2696,-1200,-17768,145,-627,88,0
S,53737873,frombelow,48,0,1483,1520,1568,-472,-17792,82,-555,179,0
S,53747873,frombelow,48,0,1483,1520,104,-3608,-16432,40,-528,35,0
S,53757873,frombelow,48,0,1483,1520,1296,632,-17552,7,-391,-17,0
S,53767873,frombelow,48,0,1483,1520,1512,-816,-17224,-10,-215,35,0
S,53777873,frombelow,48,0,1483,1520,424,-88,-16296,30,-4,-58,0
S,53787873,frombelow,48,0,1483,1520,88,-1280,-16872,85,204,-55,0
S,53797873,frombelow,48,0,1483,1520,720,-640,-17488,81,318,-54,0
S,53807873,frombelow,48,0,1483,1520,-696,-744,-16840,27,305,-141,0
S,53817873,frombelow,48,0,1483,1520,-88,-640,-17024,-21,303,-26,0
S,53827873,frombelow,48,0,1483,1520,240,-1432,-17048,5,226,-29,0
S,53837873,frombelow,48,0,1483,1520,456,-1648,-16976,49,125,-29,0
S,53847873,frombelow,48,0,1483,1520,-24,-424,-17168,77,35,-22,0
S,53857873,frombelow,48,0,1483,1520,-136,-1152,-17120,58,-72,-47,0
S,53867873,frombelow,48,0,1483,1520,288,-1016,-17144,36,-116,-18,0
S,53877873,frombelow,48,0,1483,1520,528,-1312,-17112,24,-118,-1,0
S,53887873,frombelow,48,0,1483,1520,416,-896,-16960,41,-105,-25,0
S,53897873,frombelow,48,0,1483,1520,592,-800,-17056,47,-60,-24,0
S,53907873,frombelow,48,0,1483,1520,304,-896,-17112,42,-8,-40,0
S,53917873,frombelow,48,0,1483,1520,-512,-992,-17120,38,44,-32,0
E,54617256,fromabove,49,0,1483,1520,,,,,,,0
S,54617887,fromabove,49,0,1483,1520,-952,-912,-16984,32,22,-27,0
S,54627876,fromabove,49,0,1483,1520,-5528,-152,-17248,33,34,-13,0
S,54637875,fromabove,49,0,1483,1520,-7184,-2576,-19712,30,223,195,0
S,54647875,fromabove,49,0,1483,1520,-3200,-6696,-12280,79,453,-171,0
S,54657875,fromabove,49,0,1483,1520,4056,-3720,-18392,221,894,-84,0
S,54667875,fromabove,49,0,1483,1520,-1864,-2752,-15344,213,1349,-101,0
S,54677875,fromabove,49,0,1483,1520,1688,1232,-17968,93,1545,-62,0
S,54687875,fromabove,49,0,1483,1520,-4840,-1496,-16264,-117,1503,-252,0
S,54697875,fromabove,49,0,1483,1520,2216,976,-15512,-235,1455,-101,0
S,54707875,fromabove,49,0,1483,1520,64,-2048,-19248,-163,1178,-181,0
S,54717875,fromabove,49,0,1483,1520,360,400,-17928,-76,797,-91,0
S,54727875,fromabove,49,0,1483,1520,-312,-4064,-14856,-4,344,-152,0
S,54737875,fromabove,49,0,1483,1520,1384,256,-16096,50,-175,-28,0
S,54747875,fromabove,49,0,1483,1520,464,-2160,-14568,146,-524,-143,0
S,54757876,fromabove,49,0,1483,1520,-1768,-8504,-18600,104,-694,262,0
S,54767875,fromabove,49,0,1483,1520,4424,-104,-15192,138,-751,69,0
S,54777876,fromabove,49,0,1483,1520,816,-4320,-16688,73,-677,-49,0
S,54787875,fromabove,49,0,1483,1520,5008,-840,-17136,60,-589,-3,0
S,54797875,fromabove,49,0,1483,1520,-6040,-856,-16600,-6,-326,-18,0
S,54807875,fromabove,49,0,1483,1520,-920,608,-17344,31,-21,-14,0
S,54817875,fromabove,49,0,1483,1520,648,-112,-16904,91,242,-40,0
S,54827875,fromabove,49,0,1483,1520,968,-392,-16872,72,441,-58,0
S,54837875,fromabove,49,0,1483,1520,-24,-704,-17136,9,446,-120,0
S,54847876,fromabove,49,0,1483,1520,2592,-528,-16880,-29,415,-62,0
S,54857875,fromabove,49,0,1483,1520,-264,-864,-17192,-10,309,-47,0
S,54867875,fromabove,49,0,1483,1520,-496,-1416,-17048,44,171,-39,0
S,54877875,fromabove,49,0,1483,1520,616,-920,-16880,85,40,-33,0
S,54887876,fromabove,49,0,1483,1520,328,-784,-16928,90,-76,-20,0
S,54897876,fromabove,49,0,1483,1520,320,-728,-16904,44,-148,-12,0
S,54907876,fromabove,49,0,1483,1520,248,-912,-17024,25,-192,-8,0
S,54917876,fromabove,49,0,1483,1520,24,-944,-17328,21,-184,-15,0
S,54927875,fromabove,49,0,1483,1520,0,-1184,-17464,40,-166,-9,0
S,54937875,fromabove,49,0,1483,1520,600,-1920,-17256,51,-85,-14,0
S,54947876,fromabove,49,0,1483,1520,-1088,-1304,-16544,60,15,34,0
S,54957876,fromabove,49,0,1483,1520,200,-744,-17112,60,88,-34,0
S,54967876,fromabove,49,0,1483,1520,312,-992,-16936,32,130,-40,0
S,54977876,fromabove,49,0,1483,1520,280,-888,-16936,3,118,-67,0
S,54987876,fromabove,49,0,1483,1520,456,-856,-16984,2,103,-39,0
S,54997876,fromabove,49,0,1483,1520,224,-1016,-17072,39,67,-32,0
S,55007875,fromabove,49,0,1483,1520,208,-1024,-17056,61,19,-36,0
S,55017875,fromabove,49,0,1483,1520,192,-864,-17216,66,-21,-27,0
E,55717256,frombelow,50,0,1483,1520,,,,,,,0
S,55717886,frombelow,50,0,1483,1520,1656,-1104,-17008,37,24,-29,0
S,55727874,frombelow,50,0,1483,1520,3384,832,-17304,42,-68,-177,0
S,55737873,frombelow,50,0,1483,1520,6328,5256,-18056,109,-284,-227,0
S,55747873,frombelow,50,0,1483,1520,7656,-2000,-18360,78,-795,-36,0
S,55757873,frombelow,50,0,1483,1520,1392,2592,-16456,34,-1383,67,0
S,55767873,frombelow,50,0,1483,1520,1904,-4432,-17024,25,-1818,89,0
S,55777874,frombelow,50,0,1483,1520,2280,8312,-14992,54,-1877,80,0
S,55787873,frombelow,50,0,1483,1520,-4016,6112,-13056,-5,-1783,-24,0
S,55797873,frombelow,50,0,1483,1520,9208,-1904,-19216,37,-1609,248,0
S,55807873,frombelow,50,0,1483,1520,2256,-3728,-18248,-25,-1156,-223,0
S,55817873,frombelow,50,0,1483,1520,1720,-4928,-16536,181,-464,33,0
S,55827873,frombelow,50,0,1483,1520,448,-2360,-15448,217,294,-17,0
S,55837873,frombelow,50,0,1483,1520,2256,-96,-17792,137,853,-48,0
S,55847873,frombelow,50,0,1483,1520,-1032,-1528,-16992,-46,1098,-61,0
S,55857873,frombelow,50,0,1483,1520,416,-264,-19312,-170,971,-358,0
S,55867873,frombelow,50,0,1483,1520,-1888,-248,-16656,-219,994,-41,0
S,55877873,frombelow,50,0,1483,1520,-264,288,-17504,-101,756,-100,0
S,55887873,frombelow,50,0,1483,1520,-944,2248,-18712,13,465,-86,0
S,55897873,frombelow,50,0,1483,1520,-1424,-16,-11272,-3,90,222,0
S,55907873,frombelow,50,0,1483,1520,-128,2376,-15712,115,-286,-97,0
S,55917873,frombelow,50,0,1483,1520,1784,2360,-15896,155,-556,-65,0
S,55927873,frombelow,50,0,1483,1520,-3728,-312,-17928,137,-626,94,0
S,55937873,frombelow,50,0,1483,1520,704,-1928,-17384,79,-550,217,0
S,55947873,frombelow,50,0,1483,1520,-120,-3336,-15952,58,-523,3,0
S,55957873,frombelow,50,0,1483,1520,912,400,-17248,12,-402,-12,0
S,55967873,frombelow,50,0,1483,1520,1728,-1568,-17168,-9,-192,68,0
S,55977873,frombelow,50,0,1483,1520,744,-3472,-16376,33,11,-41,0
S,55987873,frombelow,50,0,1483,1520,-120,-888,-16920,92,246,-40,0
S,55997873,frombelow,50,0,1483,1520,536,-192,-17472,73,345,-48,0
S,56007873,frombelow,50,0,1483,1520,-312,-1168,-16904,21,317,-160,0
S,56017873,frombelow,50,0,1483,1520,640,-736,-16840,7,325,-11,0
S,56027873,frombelow,50,0,1483,1520,352,-1152,-17232,6,232,-34,0
S,56037873,frombelow,50,0,1483,1520,56,-1232,-17184,49,128,-36,0
S,56047873,frombelow,50,0,1483,1520,-64,-1288,-17296,74,23,-32,0
S,56057873,frombelow,50,0,1483,1520,144,-752,-17176,60,-83,-54,0
S,56067873,frombelow,50,0,1483,1520,400,-984,-17200,30,-130,-7,0
S,56077873,frombelow,50,0,1483,1520,384,-1208,-17080,19,-133,9,0
S,56087873,frombelow,50,0,1483,1520,280,-1032,-16848,38,-114,-20,0
S,56097873,frombelow,50,0,1483,1520,664,-632,-17248,42,-76,-25,0
S,56107873,frombelow,50,0,1483,1520,520,-592,-17320,54,-16,-12,0
S,56117873,frombelow,50,0,1483,1520,-560,-976,-17240,44,34,-32,0
E,56817256,fromabove,51,0,1483,1520,,,,,,,0
S,56817887,fromabove,51,0,1483,1520,-968,-840,-17232,39,22,-31,0
S,56827876,fromabove,51,0,1483,1520,-72,464,-17032,37,38,-46,0
S,56837875,fromabove,51,0,1483,1520,-704,-616,-19248,55,254,168,0
S,56847875,fromabove,51,0,1483,1520,3768,-904,-11696,184,593,32,0
S,56857876,fromabove,51,0,1483,1520,352,-3840,-14784,252,994,-120,0
S,56867875,fromabove,51,0,1483,1520,1928,-520,-16704,177,1439,-43,0
S,56877875,fromabove,51,0,1483,1520,912,1128,-16336,60,1547,-122,0
S,56887875,fromabove,51,0,1483,1520,-4016,1592,-17928,-94,1410,-357,0
S,56897875,fromabove,51,0,1483,1520,1576,-3808,-15552,-222,1437,-71,0
S,56907875,fromabove,51,0,1483,1520,1976,-1912,-19248,-125,1067,-149,0
S,56917876,fromabove,51,0,1483,1520,336,72,-17104,-71,731,-19,0
S,56927875,fromabove,51,0,1483,1520,1288,1240,-18320,2,224,-48,0
S,56937875,fromabove,51,0,1483,1520,32,-256,-16336,52,-252,0,0
S,56947875,fromabove,51,0,1483,1520,48,-656,-14280,154,-593,-118,0
S,56957875,fromabove,51,0,1483,1520,1592,-6008,-20608,178,-694,115,0
S,56967875,fromabove,51,0,1483,1520,4576,-248,-17216,134,-656,228,0
S,56977875,fromabove,51,0,1483,1520,-2088,-2432,-15432,92,-647,-7,0
S,56987875,fromabove,51,0,1483,1520,3480,-408,-17416,41,-545,-37,0
S,56997875,fromabove,51,0,1483,1520,7192,-688,-15792,-6,-301,-24,0
S,57007876,fromabove,51,0,1483,1520,-624,152,-16752,34,14,-5,0
S,57017875,fromabove,51,0,1483,1520,32,-1304,-16928,96,303,-32,0
S,57027875,fromabove,51,0,1483,1520,440,-1120,-16872,70,460,-55,0
S,57037875,fromabove,51,0,1483,1520,40,-552,-16688,3,438,-157,0
S,57047875,fromabove,51,0,1483,1520,680,-296,-16400,-33,419,-69,0
S,57057876,fromabove,51,0,1483,1520,736,-1072,-16936,3,290,-44,0
S,57067875,fromabove,51,0,1483,1520,840,-824,-17024,51,157,-38,0
S,57077875,fromabove,51,0,1483,1520,-360,-888,-17112,85,14,-43,0
S,57087875,fromabove,51,0,1483,1520,-40,-792,-17200,87,-103,-29,0
S,57097875,fromabove,51,0,1483,1520,192,-1112,-16936,38,-172,-3,0
S,57107875,fromabove,51,0,1483,1520,688,-904,-16808,24,-206,-10,0
S,57117875,fromabove,51,0,1483,1520,-72,-912,-17064,22,-192,-13,0
S,57127875,fromabove,51,0,1483,1520,-144,-1096,-17256,37,-159,-27,0
S,57137875,fromabove,51,0,1483,1520,880,-360,-17360,50,-87,-24,0
S,57147876,fromabove,51,0,1483,1520,-392,-1168,-16696,66,26,6,0
S,57157876,fromabove,51,0,1483,1520,144,-704,-17120,58,102,-32,0
S,57167876,fromabove,51,0,1483,1520,144,-704,-17072,30,140,-42,0
S,57177875,fromabove,51,0,1483,1520,240,-896,-16968,-3,127,-72,0
S,57187875,fromabove,51,0,1483,1520,184,-992,-16944,2,112,-39,0
S,57197876,fromabove,51,0,1483,1520,88,-1008,-17088,36,67,-41,0
S,57207875,fromabove,51,0,1483,1520,240,-864,-17168,66,12,-33,0
S,57217875,fromabove,51,0,1483,1520,320,-880,-16960,61,-24,-27,0
E,57917256,frombelow,52,0,1483,1520,,,,,,,0
S,57917886,frombelow,52,0,1483,1520,1664,-1040,-16984,33,18,-27,0
S,57927874,frombelow,52,0,1483,1520,4392,-1584,-16800,45,7,-31,0
S,57937873,frombelow,52,0,1483,1520,-2776,-4584,-18536,113,-240,-308,0
S,57947873,frombelow,52,0,1483,1520,-3816,-10848,-10160,6,-681,-167,0
S,57957873,frombelow,52,0,1483,1520,2480,4128,-19184,68,-1294,-48,0
S,57967873,frombelow,52,0,1483,1520,2568,3256,-17232,15,-1736,81,0
S,57977873,frombelow,52,0,1483,1520,880,976,-11216,80,-1867,34,0
S,57987873,frombelow,52,0,1483,1520,1088,-856,-19672,57,-1768,138,0
S,57997873,frombelow,52,0,1483,1520,1536,-4320,-19616,25,-1626,243,0
S,58007873,frombelow,52,0,1483,1520,-7552,-1288,-17056,-51,-1187,-291,0
S,58017873,frombelow,52,0,1483,1520,1032,816,-17448,140,-652,-66,0
S,58027873,frombelow,52,0,1483,1520,1344,-1384,-16056,201,138,-25,0
S,58037873,frombelow,52,0,1483,1520,1840,-2720,-18496,172,700,-54,0
S,58047873,frombelow,52,0,1483,1520,1136,-1080,-17336,-21,1016,-17,0
S,58057873,frombelow,52,0,1483,1520,-792,-2768,-15976,-145,949,-236,0
S,58067873,frombelow,52,0,1483,1520,1016,-2152,-15152,-220,995,-100,0
S,58077873,frombelow,52,0,1483,1520,-392,888,-16704,-98,805,-135,0
S,58087873,frombelow,52,0,1483,1520,-136,672,-17720,31,532,-109,0
S,58097873,frombelow,52,0,1483,1520,1864,-4768,-16104,87,189,-146,0
S,58107873,frombelow,52,0,1483,1520,-152,-2440,-16760,130,-159,-117,0
S,58117873,frombelow,52,0,1483,1520,-352,-1976,-16312,135,-434,-13,0
S,58127873,frombelow,52,0,1483,1520,-904,-496,-17144,149,-541,138,0
S,58137873,frombelow,52,0,1483,1520,2480,-16,-18360,106,-551,67,0
S,58147873,frombelow,52,0,1483,1520,-1608,-1656,-18776,32,-489,30,0
S,58157873,frombelow,52,0,1483,1520,2472,-1336,-18232,21,-391,-3,0
S,58167873,frombelow,52,0,1483,1520,56,-752,-17024,-8,-225,-11,0
S,58177874,frombelow,52,0,1483,1520,-640,-488,-16856,17,-7,0,0
S,58187873,frombelow,52,0,1483,1520,480,-16,-17328,71,150,-31,0
S,58197873,frombelow,52,0,1483,1520,1104,-1296,-16840,91,292,-50,0
S,58207873,frombelow,52,0,1483,1520,-296,-1000,-16832,45,306,-105,0
S,58217873,frombelow,52,0,1483,1520,2120,-552,-17248,-4,288,-46,0
S,58227873,frombelow,52,0,1483,1520,-584,-1272,-17128,0,232,-41,0
S,58237873,frombelow,52,0,1483,1520,304,-1032,-17128,32,142,-30,0
S,58247873,frombelow,52,0,1483,1520,-472,-1024,-16992,71,48,-30,0
S,58257873,frombelow,52,0,1483,1520,168,-496,-17032,71,-34,-30,0
S,58267873,frombelow,52,0,1483,1520,344,-776,-17096,49,-85,-13,0
S,58277873,frombelow,52,0,1483,1520,416,-976,-17152,32,-105,-22,0
S,58287873,frombelow,52,0,1483,1520,296,-1056,-17136,36,-87,-22,0
S,58297873,frombelow,52,0,1483,1520,392,-1152,-17328,35,-61,-21,0
S,58307873,frombelow,52,0,1483,1520,272,-1144,-17056,52,-22,-26,0
S,58317873,frombelow,52,0,1483,1520,400,-896,-16968,46,24,-25,0
E,59017256,fromabove,53,0,1483,1520,,,,,,,0
S,59017887,fromabove,53,0,1483,1520,-1088,-1016,-17176,40,28,-31,0
S,59027877,fromabove,53,0,1483,1520,-2208,-1368,-17136,33,31,-30,0
S,59037875,fromabove,53,0,1483,1520,-1712,192,-20328,30,202,165,0
S,59047875,fromabove,53,0,1483,1520,1624,-7960,-13944,49,461,-269,0
S,59057875,fromabove,53,0,1483,1520,-96,-3472,-18088,226,907,-82,0
S,59067875,fromabove,53,0,1483,1520,4528,-1384,-17000,241,1379,-118,0
S,59077875,fromabove,53,0,1483,1520,-1568,-416,-17696,96,1559,-102,0
S,59087875,fromabove,53,0,1483,1520,-2080,-1080,-18496,-80,1493,-406,0
S,59097876,fromabove,53,0,1483,1520,1328,-1712,-17032,-220,1494,-76,0
S,59107875,fromabove,53,0,1483,1520,-584,-1584,-20824,-168,1181,-151,0
S,59117875,fromabove,53,0,1483,1520,-784,1344,-17768,-100,799,-12,0
S,59127876,fromabove,53,0,1483,1520,1912,1552,-17384,-6,313,-105,0
S,59137875,fromabove,53,0,1483,1520,16,-336,-16072,43,-213,7,0
S,59147875,fromabove,53,0,1483,1520,-8,-512,-14056,147,-568,-111,0
S,59157875,fromabove,53,0,1483,1520,2432,-10480,-19376,130,-732,221,0
S,59167876,fromabove,53,0,1483,1520,5392,-1144,-15488,141,-756,101,0
S,59177875,fromabove,53,0,1483,1520,160,-4944,-15824,82,-691,-33,0
S,59187875,fromabove,53,0,1483,1520,2176,-744,-17496,52,-594,-14,0
S,59197875,fromabove,53,0,1483,1520,-816,-264,-16552,-12,-315,-14,0
S,59207876,fromabove,53,0,1483,1520,-8128,-2976,-16728,39,-33,-37,0
S,59217875,fromabove,53,0,1483,1520,-3368,520,-17960,71,293,-52,0
S,59227876,fromabove,53,0,1483,1520,944,-800,-17400,56,430,-62,0
S,59237876,fromabove,53,0,1483,1520,-728,200,-16680,1,422,-148,0
S,59247875,fromabove,53,0,1483,1520,-2736,200,-16496,-33,402,-68,0
S,59257876,fromabove,53,0,1483,1520,504,-1240,-17320,-13,288,-56,0
S,59267876,fromabove,53,0,1483,1520,416,-984,-17232,54,156,-36,0
S,59277875,fromabove,53,0,1483,1520,8,-1240,-17096,93,31,-23,0
S,59287875,fromabove,53,0,1483,1520,288,-632,-17104,79,-96,-27,0
S,59297876,fromabove,53,0,1483,1520,104,-936,-17120,42,-160,-1,0
S,59307875,fromabove,53,0,1483,1520,200,-768,-16808,18,-187,-11,0
S,59317875,fromabove,53,0,1483,1520,264,-704,-17040,18,-183,-22,0
S,59327875,fromabove,53,0,1483,1520,208,-1456,-17280,36,-152,-23,0
S,59337875,fromabove,53,0,1483,1520,-568,-1408,-17176,52,-80,-28,0
S,59347875,fromabove,53,0,1483,1520,136,-936,-16520,62,32,13,0
S,59357875,fromabove,53,0,1483,1520,400,-1064,-16920,65,104,-33,0
S,59367875,fromabove,53,0,1483,1520,144,-592,-17024,22,142,-36,0
S,59377875,fromabove,53,0,1483,1520,392,-880,-16944,-3,121,-63,0
S,59387875,fromabove,53,0,1483,1520,312,-976,-16856,8,96,-37,0
S,59397876,fromabove,53,0,1483,1520,376,-944,-17112,43,55,-31,0
S,59407875,fromabove,53,0,1483,1520,304,-872,-17160,65,3,-33,0
S,59417875,fromabove,53,0,1483,1520,272,-824,-17296,57,-23,-26,0
E,60117256,frombelow,54,0,1483,1520,,,,,,,0
S,60117885,frombelow,54,0,1483,1520,1864,-1064,-17064,36,25,-27,0
S,60127874,frombelow,54,0,1483,1520,-5512,-1264,-17448,46,-1,-45,0
S,60137873,frombelow,54,0,1483,1520,-2888,-3472,-18832,108,-218,-318,0
S,60147873,frombelow,54,0,1483,1520,-3288,-13240,-11464,55,-717,-258,0
S,60157873,frombelow,54,0,1483,1520,3584,968,-18824,75,-1294,-47,0
S,60167874,frombelow,54,0,1483,1520,1616,864,-16264,2,-1762,95,0
S,60177873,frombelow,54,0,1483,1520,1728,1256,-12704,85,-1878,-20,0
S,60187873,frombelow,54,0,1483,1520,224,4968,-15992,24,-1778,116,0
S,60197873,frombelow,54,0,1483,1520,2800,-2992,-18632,26,-1621,253,0
S,60207873,frombelow,54,0,1483,1520,3696,-1424,-17616,-13,-1224,-233,0
S,60217873,frombelow,54,0,1483,1520,768,-4568,-16744,145,-551,-65,0
S,60227873,frombelow,54,0,1483,1520,-208,-2952,-15800,216,180,-53,0
S,60237873,frombelow,54,0,1483,1520,720,-736,-17904,155,768,-57,0
S,60247873,frombelow,54,0,1483,1520,864,-1096,-16856,-41,1045,-18,0
S,60257873,frombelow,54,0,1483,1520,840,-1160,-17752,-163,933,-344,0
S,60267873,frombelow,54,0,1483,1520,-3416,-2464,-15416,-230,982,-71,0
S,60277873,frombelow,54,0,1483,1520,-1632,56,-16848,-107,768,-138,0
S,60287873,frombelow,54,0,1483,1520,-1496,928,-18432,21,507,-93,0
S,60297873,frombelow,54,0,1483,1520,3944,-4928,-15736,103,136,-85,0
S,60307873,frombelow,54,0,1483,1520,-1808,-2464,-16624,136,-205,-107,0
S,60317873,frombelow,54,0,1483,1520,496,0,-16384,164,-496,-33,0
S,60327873,frombelow,54,0,1483,1520,-1200,-280,-17408,148,-580,139,0
S,60337873,frombelow,54,0,1483,1520,2128,-264,-18112,90,-548,147,0
S,60347873,frombelow,54,0,1483,1520,-2776,-2648,-18168,30,-514,50,0
S,60357873,frombelow,54,0,1483,1520,536,1152,-18288,21,-406,-29,0
S,60367873,frombelow,54,0,1483,1520,2096,-600,-16872,-12,-215,16,0
S,60377873,frombelow,54,0,1483,1520,-1920,-1920,-16160,14,5,-15,0
S,60387873,frombelow,54,0,1483,1520,2256,-1872,-17048,86,226,-31,0
S,60397873,frombelow,54,0,1483,1520,552,-320,-17248,94,330,-55,0
S,60407873,frombelow,54,0,1483,1520,-576,-608,-16872,30,320,-144,0
S,60417873,frombelow,54,0,1483,1520,176,-224,-17224,-22,316,-50,0
S,60427873,frombelow,54,0,1483,1520,280,-1224,-17088,-3,226,-38,0
S,60437873,frombelow,54,0,1483,1520,720,-1480,-17016,49,141,-25,0
S,60447873,frombelow,54,0,1483,1520,416,-960,-16920,74,32,-35,0
S,60457873,frombelow,54,0,1483,1520,512,-832,-16960,69,-58,-24,0
S,60467873,frombelow,54,0,1483,1520,440,-1000,-16872,41,-131,-25,0
S,60477873,frombelow,54,0,1483,1520,256,-1016,-16920,26,-146,-9,0
S,60487873,frombelow,54,0,1483,1520,312,-1120,-17192,32,-120,-20,0
S,60497873,frombelow,54,0,1483,1520,472,-1240,-17208,40,-77,-22,0
S,60507873,frombelow,54,0,1483,1520,624,-1672,-17168,52,-24,-25,0
S,60517873,frombelow,54,0,1483,1520,-32,-864,-16944,44,32,-27,0
E,61217256,fromabove,55,0,1483,1520,,,,,,,0
S,61217887,fromabove,55,0,1483,1520,-944,-984,-17152,41,28,-27,0
S,61227877,fromabove,55,0,1483,1520,760,680,-16672,30,27,-49,0
S,61237875,fromabove,55,0,1483,1520,2184,4456,-18296,50,236,244,0
S,61247876,fromabove,55,0,1483,1520,480,-2720,-11784,152,555,1,0
S,61257875,fromabove,55,0,1483,1520,864,-2816,-15184,254,970,-146,0
S,61267876,fromabove,55,0,1483,1520,1576,-584,-14928,205,1467,-155,0
S,61277876,fromabove,55,0,1483,1520,-80,808,-16608,86,1554,-160,0
S,61287875,fromabove,55,0,1483,1520,680,1024,-19392,-101,1432,-408,0
S,61297875,fromabove,55,0,1483,1520,3664,-288,-16784,-215,1465,-80,0
S,61307875,fromabove,55,0,1483,1520,2168,-4128,-19608,-133,1077,-163,0
S,61317875,fromabove,55,0,1483,1520,944,3288,-15608,-126,732,172,0
S,61327876,fromabove,55,0,1483,1520,-2600,800,-18152,-30,181,-8,0
S,61337875,fromabove,55,0,1483,1520,-632,-2168,-16760,54,-305,-8,0
S,61347876,fromabove,55,0,1483,1520,112,-1848,-14136,162,-631,-115,0
S,61357875,fromabove,55,0,1483,1520,936,-5728,-21528,184,-717,101,0
S,61367875,fromabove,55,0,1483,1520,4912,-1072,-17352,128,-647,287,0
S,61377875,fromabove,55,0,1483,1520,2776,-672,-14552,110,-659,2,0
S,61387876,fromabove,55,0,1483,1520,3256,984,-17944,39,-488,-1,0
S,61397876,fromabove,55,0,1483,1520,1464,-2640,-16336,18,-225,-4,0
S,61407876,fromabove,55,0,1483,1520,32,-1400,-16400,53,116,-21,0
S,61417875,fromabove,55,0,1483,1520,88,-1408,-17048,80,382,-41,0
S,61427875,fromabove,55,0,1483,1520,-504,-336,-16928,35,481,-69,0
S,61437876,fromabove,55,0,1483,1520,1480,-1320,-17504,-30,416,-169,0
S,61447875,fromabove,55,0,1483,1520,-552,-1728,-17280,-34,377,-75,0
S,61457875,fromabove,55,0,1483,1520,136,-1504,-17344,20,250,-42,0
S,61467876,fromabove,55,0,1483,1520,208,-528,-17688,80,109,-42,0
S,61477876,fromabove,55,0,1483,1520,232,-1416,-17408,95,-31,-37,0
S,61487875,fromabove,55,0,1483,1520,432,-952,-17240,67,-131,-32,0
S,61497876,fromabove,55,0,1483,1520,-88,-744,-17064,30,-183,2,0
S,61507876,fromabove,55,0,1483,1520,1168,-856,-16864,14,-206,-7,0
S,61517875,fromabove,55,0,1483,1520,-400,-1536,-16816,26,-188,-8,0
S,61527876,fromabove,55,0,1483,1520,896,-624,-17000,49,-147,-25,0
S,61537875,fromabove,55,0,1483,1520,1112,-1144,-17392,53,-32,46,0
S,61547875,fromabove,55,0,1483,1520,-288,-1120,-17200,71,53,-28,0
S,61557875,fromabove,55,0,1483,1520,128,-1152,-16912,53,129,-29,0
S,61567876,fromabove,55,0,1483,1520,24,-856,-16912,8,159,-46,0
S,61577876,fromabove,55,0,1483,1520,296,-992,-17184,-9,128,-66,0
S,61587875,fromabove,55,0,1483,1520,216,-936,-17048,7,107,-41,0
S,61597875,fromabove,55,0,1483,1520,216,-944,-17064,47,52,-35,0
S,61607875,fromabove,55,0,1483,1520,320,-944,-17120,67,1,-27,0
S,61617875,fromabove,55,0,1483,1520,176,-904,-17136,52,-35,-31,0
E,62317256,frombelow,56,0,1483,1520,,,,,,,0
S,62317886,frombelow,56,0,1483,1520,1616,-888,-17056,31,28,-30,0
S,62327874,frombelow,56,0,1483,1520,2288,-2152,-16272,39,12,-30,0
S,62337873,frombelow,56,0,1483,1520,1432,-4144,-19712,109,-259,-318,0
S,62347873,frombelow,56,0,1483,1520,544,-5456,-14000,74,-713,-190,0
S,62357873,frombelow,56,0,1483,1520,4584,3360,-14464,35,-1383,49,0
S,62367873,frombelow,56,0,1483,1520,-480,-4536,-17304,0,-1858,94,0
S,62377873,frombelow,56,0,1483,1520,1336,5328,-14720,75,-1915,38,0
S,62387873,frombelow,56,0,1483,1520,-3600,8528,-13352,38,-1767,10,0
S,62397873,frombelow,56,0,1483,1520,2232,-192,-19584,45,-1625,205,0
S,62407873,frombelow,56,0,1483,1520,-104,-3728,-18688,-27,-1149,-212,0
S,62417873,frombelow,56,0,1483,1520,2520,-984,-16328,183,-526,38,0
S,62427873,frombelow,56,0,1483,1520,2280,-3632,-15344,198,334,-7,0
S,62437873,frombelow,56,0,1483,1520,2888,-992,-17968,129,848,-51,0
S,62447873,frombelow,56,0,1483,1520,-3000,-2064,-16704,-51,1107,-107,0
S,62457873,frombelow,56,0,1483,1520,2744,-1224,-20192,-165,968,-378,0
S,62467873,frombelow,56,0,1483,1520,-840,3248,-18160,-215,971,-34,0
S,62477873,frombelow,56,0,1483,1520,-2216,-344,-17680,-91,756,-93,0
S,62487873,frombelow,56,0,1483,1520,488,1312,-18352,-6,425,-41,0
S,62497873,frombelow,56,0,1483,1520,-3840,-2280,-10976,42,84,39,0
S,62507873,frombelow,56,0,1483,1520,280,-1952,-14808,99,-346,-34,0
S,62517873,frombelow,56,0,1483,1520,864,2904,-15888,162,-570,-71,0
S,62527873,frombelow,56,0,1483,1520,-3152,-1384,-18400,142,-640,38,0
S,62537873,frombelow,56,0,1483,1520,864,-784,-17704,68,-537,243,0
S,62547873,frombelow,56,0,1483,1520,-424,-1264,-15840,51,-526,5,0
S,62557873,frombelow,56,0,1483,1520,1248,-56,-16944,-2,-386,-31,0
S,62567873,frombelow,56,0,1483,1520,1624,-960,-17152,-9,-192,66,0
S,62577873,frombelow,56,0,1483,1520,-1024,-1320,-16672,49,48,-25,0
S,62587873,frombelow,56,0,1483,1520,272,-1104,-17560,88,254,-36,0
S,62597873,frombelow,56,0,1483,1520,408,-736,-17576,65,343,-52,0
S,62607873,frombelow,56,0,1483,1520,-40,-1032,-17000,13,317,-159,0
S,62617873,frombelow,56,0,1483,1520,-2368,-1896,-17352,-14,310,-28,0
S,62627873,frombelow,56,0,1483,1520,712,-1272,-17240,4,224,-37,0
S,62637873,frombelow,56,0,1483,1520,-128,-1168,-17408,59,115,-60,0
S,62647873,frombelow,56,0,1483,1520,-856,-952,-17456,74,14,-46,0
S,62657873,frombelow,56,0,1483,1520,416,-936,-16976,61,-79,-36,0
S,62667873,frombelow,56,0,1483,1520,416,-800,-17080,33,-131,-14,0
S,62677873,frombelow,56,0,1483,1520,448,-1128,-16928,26,-127,4,0
S,62687873,frombelow,56,0,1483,1520,328,-1088,-16960,40,-117,-20,0
S,62697873,frombelow,56,0,1483,1520,440,-704,-16920,46,-64,-17,0
S,62707873,frombelow,56,0,1483,1520,1368,-1112,-17024,54,-8,-28,0
S,62717873,frombelow,56,0,1483,1520,192,-480,-16968,44,42,-26,0
E,63417256,fromabove,57,0,1483,1520,,,,,,,0
S,63417887,fromabove,57,0,1483,1520,-880,-832,-17024,43,22,-23,0
S,63427877,fromabove,57,0,1483,1520,-264,352,-16928,36,31,-18,0
S,63437876,fromabove,57,0,1483,1520,-1536,1896,-21368,34,228,204,0
S,63447875,fromabove,57,0,1483,1520,528,-5432,-11432,111,456,-237,0
S,63457875,fromabove,57,0,1483,1520,4904,-2640,-17272,237,932,-112,0
S,63467876,fromabove,57,0,1483,1520,1344,-1904,-15272,203,1370,-111,0
S,63477875,fromabove,57,0,1483,1520,352,752,-17312,97,1533,-124,0
S,63487875,fromabove,57,0,1483,1520,-3240,-2544,-17528,-66,1460,-374,0
S,63497875,fromabove,57,0,1483,1520,7032,-2504,-15744,-217,1454,-90,0
S,63507875,fromabove,57,0,1483,1520,-1960,-3584,-21280,-141,1096,-149,0
S,63517876,fromabove,57,0,1483,1520,352,2552,-15712,-123,746,168,0
S,63527875,fromabove,57,0,1483,1520,2200,144,-19112,-26,251,-5,0
S,63537875,fromabove,57,0,1483,1520,-1720,-2008,-16384,48,-296,-2,0
S,63547875,fromabove,57,0,1483,1520,-216,-504,-14496,157,-576,-96,0
S,63557876,fromabove,57,0,1483,1520,1608,-4336,-21744,160,-717,112,0
S,63567876,fromabove,57,0,1483,1520,6152,-2008,-16264,117,-661,214,0
S,63577876,fromabove,57,0,1483,1520,2304,-944,-14520,112,-655,-23,0
S,63587875,fromabove,57,0,1483,1520,4688,1472,-18120,39,-475,-8,0
S,63597875,fromabove,57,0,1483,1520,976,-1608,-17000,10,-229,15,0
S,63607875,fromabove,57,0,1483,1520,-1376,-1312,-16768,52,128,-22,0
S,63617875,fromabove,57,0,1483,1520,728,-568,-16960,77,369,-39,0
S,63627875,fromabove,57,0,1483,1520,-16,-472,-16792,22,471,-70,0
S,63637875,fromabove,57,0,1483,1520,1016,-1240,-17376,-26,414,-179,0
S,63647875,fromabove,57,0,1483,1520,-1456,-2040,-17480,-29,365,-64,0
S,63657876,fromabove,57,0,1483,1520,200,-1432,-17696,23,243,-42,0
S,63667875,fromabove,57,0,1483,1520,480,-1192,-17536,77,106,-47,0
S,63677875,fromabove,57,0,1483,1520,-144,-1392,-17520,94,-21,-33,0
S,63687875,fromabove,57,0,1483,1520,256,-712,-17168,64,-131,-24,0
S,63697875,fromabove,57,0,1483,1520,-112,-1000,-16920,29,-178,-6,0
S,63707875,fromabove,57,0,1483,1520,560,-832,-16992,22,-193,-8,0
S,63717875,fromabove,57,0,1483,1520,-96,-760,-17088,30,-177,0,0
S,63727875,fromabove,57,0,1483,1520,40,-632,-17160,46,-139,-14,0
S,63737875,fromabove,57,0,1483,1520,1688,192,-17200,49,-25,29,0
S,63747875,fromabove,57,0,1483,1520,128,-1552,-17160,57,38,-31,0
S,63757875,fromabove,57,0,1483,1520,-72,-872,-17096,39,113,-35,0
S,63767875,fromabove,57,0,1483,1520,112,-976,-17152,7,126,-51,0
S,63777875,fromabove,57,0,1483,1520,176,-920,-17344,-1,108,-50,0
S,63787875,fromabove,57,0,1483,1520,96,-1040,-17096,20,87,-32,0
S,63797875,fromabove,57,0,1483,1520,352,-968,-17080,58,34,-31,0
S,63807875,fromabove,57,0,1483,1520,280,-912,-17000,60,-10,-27,0
S,63817875,fromabove,57,0,1483,1520,232,-792,-17152,43,-30,-23,0
E,64517256,frombelow,58,0,1483,1520,,,,,,,0
S,64517886,frombelow,58,0,1483,1520,1544,-992,-16936,36,26,-26,0
S,64527874,frombelow,58,0,1483,1520,2976,-1768,-16944,44,16,-24,0
S,64537873,frombelow,58,0,1483,1520,9248,-2096,-18608,100,-206,-314,0
S,64547873,frombelow,58,0,1483,1520,-4960,-10544,-8616,28,-671,-219,0
S,64557873,frombelow,58,0,1483,1520,4912,-5144,-18240,55,-1269,-34,0
S,64567873,frombelow,58,0,1483,1520,2368,2808,-16592,-4,-1760,102,0
S,64577873,frombelow,58,0,1483,1520,656,-552,-12312,93,-1891,-42,0
S,64587873,frombelow,58,0,1483,1520,-2208,528,-19096,54,-1787,82,0
S,64597873,frombelow,58,0,1483,1520,-864,-1856,-18728,38,-1673,157,0
S,64607873,frombelow,58,0,1483,1520,7352,5304,-17696,-10,-1276,-74,0
S,64617873,frombelow,58,0,1483,1520,1264,3344,-15504,142,-644,-83,0
S,64627873,frombelow,58,0,1483,1520,488,1104,-16432,225,135,-41,0
S,64637873,frombelow,58,0,1483,1520,1120,-1016,-17872,176,749,-79,0
S,64647873,frombelow,58,0,1483,1520,744,-1032,-16720,-30,1079,7,0
S,64657873,frombelow,58,0,1483,1520,8,-3760,-16504,-165,996,-307,0
S,64667873,frombelow,58,0,1483,1520,-928,-1632,-14112,-233,1055,-100,0
S,64677873,frombelow,58,0,1483,1520,-1944,248,-17088,-113,836,-174,0
S,64687873,frombelow,58,0,1483,1520,-552,760,-18688,3,551,-108,0
S,64697874,frombelow,58,0,1483,1520,3408,1792,-12728,70,181,6,0
S,64707873,frombelow,58,0,1483,1520,-552,592,-17792,109,-215,-7,0
S,64717873,frombelow,58,0,1483,1520,-1104,856,-14952,188,-508,-159,0
S,64727873,frombelow,58,0,1483,1520,1792,-2672,-19256,182,-574,143,0
S,64737873,frombelow,58,0,1483,1520,3016,1280,-17456,124,-579,71,0
S,64747873,frombelow,58,0,1483,1520,-1864,-1296,-18416,57,-545,12,0
S,64757873,frombelow,58,0,1483,1520,232,-1016,-17816,30,-450,-12,0
S,64767873,frombelow,58,0,1483,1520,1728,-1200,-17240,-36,-262,-11,0
S,64777873,frombelow,58,0,1483,1520,-104,-1696,-16648,-42,-55,-22,0
S,64787873,frombelow,58,0,1483,1520,752,-1320,-17280,45,165,-48,0
S,64797873,frombelow,58,0,1483,1520,72,-1176,-16784,81,306,-51,0
S,64807873,frombelow,58,0,1483,1520,-1096,-520,-16480,52,335,-122,0
S,64817873,frombelow,58,0,1483,1520,1080,-536,-16920,18,328,-41,0
S,64827873,frombelow,58,0,1483,1520,672,-1656,-16728,7,241,-45,0
S,64837873,frombelow,58,0,1483,1520,696,-1160,-16904,23,164,-33,0
S,64847873,frombelow,58,0,1483,1520,616,-720,-16944,57,52,-38,0
S,64857873,frombelow,58,0,1483,1520,328,-544,-16952,61,-43,-31,0
S,64867873,frombelow,58,0,1483,1520,448,-720,-17008,51,-111,-20,0
S,64877873,frombelow,58,0,1483,1520,248,-976,-16968,37,-123,-13,0
S,64887873,frombelow,58,0,1483,1520,528,-1128,-17144,42,-113,-17,0
S,64897873,frombelow,58,0,1483,1520,400,-848,-17128,36,-81,-26,0
S,64907873,frombelow,58,0,1483,1520,440,-864,-17184,35,-25,-14,0
S,64917873,frombelow,58,0,1483,1520,-120,-1040,-17040,43,31,-37,0
E,65617256,fromabove,59,0,1483,1520,,,,,,,0
S,65617887,fromabove,59,0,1483,1520,-984,-792,-17072,39,23,-28,0
S,65627876,fromabove,59,0,1483,1520,-424,-920,-17720,36,23,-26,0
S,65637876,fromabove,59,0,1483,1520,-6416,-4024,-18832,31,193,169,0
S,65647876,fromabove,59,0,1483,1520,-2912,-7000,-17072,23,443,-263,0
S,65657875,fromabove,59,0,1483,1520,-2024,-4352,-17792,216,858,-17,0
S,65667875,fromabove,59,0,1483,1520,3760,-2800,-17032,147,1383,-76,0
S,65677875,fromabove,59,0,1483,1520,-256,-1880,-17336,130,1523,-63,0
S,65687875,fromabove,59,0,1483,1520,-2552,16,-18608,-61,1487,-357,0
S,65697875,fromabove,59,0,1483,1520,1704,-2368,-16728,-212,1470,-130,0
S,65707875,fromabove,59,0,1483,1520,-3408,-968,-20584,-140,1157,-127,0
S,65717875,fromabove,59,0,1483,1520,-1760,-2464,-18968,-57,826,-153,0
S,65727875,fromabove,59,0,1483,1520,-704,-5144,-15000,6,337,-127,0
S,65737876,fromabove,59,0,1483,1520,680,-104,-15768,62,-143,-47,0
S,65747875,fromabove,59,0,1483,1520,136,-984,-14392,148,-519,-139,0
S,65757876,fromabove,59,0,1483,1520,464,-7752,-20016,86,-684,279,0
S,65767876,fromabove,59,0,1483,1520,5216,-2496,-15272,144,-736,74,0
S,65777875,fromabove,59,0,1483,1520,-2168,-1184,-18120,63,-674,-50,0
S,65787875,fromabove,59,0,1483,1520,2392,136,-17616,57,-602,-28,0
S,65797875,fromabove,59,0,1483,1520,-3752,-1296,-17248,-11,-341,-12,0
S,65807875,fromabove,59,0,1483,1520,520,248,-18104,28,-63,-10,0
S,65817875,fromabove,59,0,1483,1520,-1768,-3920,-16656,94,229,-24,0
S,65827876,fromabove,59,0,1483,1520,928,-912,-16824,75,412,-60,0
S,65837875,fromabove,59,0,1483,1520,-600,-512,-16832,12,424,-126,0
S,65847875,fromabove,59,0,1483,1520,2504,-264,-16952,-24,408,-35,0
S,65857875,fromabove,59,0,1483,1520,-136,-1288,-17080,-10,297,-36,0
S,65867875,fromabove,59,0,1483,1520,992,-720,-16904,46,183,-42,0
S,65877875,fromabove,59,0,1483,1520,552,-960,-16952,79,34,-37,0
S,65887875,fromabove,59,0,1483,1520,344,-792,-16936,82,-71,-30,0
S,65897875,fromabove,59,0,1483,1520,184,-832,-16968,40,-139,-12,0
S,65907875,fromabove,59,0,1483,1520,376,-1104,-16888,21,-170,-11,0
S,65917875,fromabove,59,0,1483,1520,328,-936,-17176,12,-172,-12,0
S,65927875,fromabove,59,0,1483,1520,712,-1192,-17192,27,-149,-11,0
S,65937875,fromabove,59,0,1483,1520,-336,296,-17320,51,-75,-3,0
S,65947875,fromabove,59,0,1483,1520,-544,-1168,-16496,61,19,-15,0
S,65957876,fromabove,59,0,1483,1520,848,-1232,-17192,56,90,-32,0
S,65967876,fromabove,59,0,1483,1520,280,-752,-16928,22,117,-38,0
S,65977875,fromabove,59,0,1483,1520,264,-912,-17056,-2,106,-54,0
S,65987876,fromabove,59,0,1483,1520,272,-1024,-16968,7,84,-33,0
S,65997876,fromabove,59,0,1483,1520,208,-1048,-17088,41,38,-29,0
S,66007875,fromabove,59,0,1483,1520,368,-944,-17192,64,0,-27,0
S,66017875,fromabove,59,0,1483,1520,232,-960,-17080,63,-24,-33,0
E,66717256,frombelow,60,0,1483,1520,,,,,,,0
S,66717886,frombelow,60,0,1483,1520,1824,-1088,-17048,38,24,-25,0
S,66727874,frombelow,60,0,1483,1520,-4904,-248,-17760,47,-66,-96,0
S,66737873,frombelow,60,0,1483,1520,6328,2992,-18640,115,-296,-234,0
S,66747873,frombelow,60,0,1483,1520,1224,-3840,-12984,89,-768,-208,0
S,66757873,frombelow,60,0,1483,1520,1368,3248,-17184,54,-1373,36,0
S,66767873,frombelow,60,0,1483,1520,-896,-4400,-16232,-8,-1795,112,0
S,66777874,frombelow,60,0,1483,1520,3584,10400,-13656,47,-1863,140,0
S,66787873,frombelow,60,0,1483,1520,-200,4544,-13856,26,-1790,4,0
S,66797873,frombelow,60,0,1483,1520,2008,-1656,-19176,44,-1609,209,0
S,66807873,frombelow,60,0,1483,1520,56,-3336,-17440,-44,-1162,-250,0
S,66817873,frombelow,60,0,1483,1520,1240,-1808,-16256,156,-565,-16,0
S,66827873,frombelow,60,0,1483,1520,408,-2376,-15248,205,266,-33,0
S,66837873,frombelow,60,0,1483,1520,2512,-488,-18288,160,785,-52,0
S,66847873,frombelow,60,0,1483,1520,-616,-1568,-17128,-46,1067,-77,0
S,66857873,frombelow,60,0,1483,1520,384,-2832,-18216,-154,975,-319,0
S,66867873,frombelow,60,0,1483,1520,-40,-400,-16552,-224,1005,-33,0
S,66877873,frombelow,60,0,1483,1520,-1704,832,-16928,-109,803,-131,0
S,66887873,frombelow,60,0,1483,1520,-1944,1936,-18352,18,496,-61,0
S,66897873,frombelow,60,0,1483,1520,3800,-1624,-14896,106,166,-94,0
S,66907873,frombelow,60,0,1483,1520,-1464,-592,-16872,142,-229,-49,0
S,66917873,frombelow,60,0,1483,1520,-624,-984,-15384,175,-478,-78,0
S,66927873,frombelow,60,0,1483,1520,-2184,-1432,-17256,146,-582,119,0
S,66937873,frombelow,60,0,1483,1520,2192,640,-18320,91,-549,118,0
S,66947873,frombelow,60,0,1483,1520,-1264,-2848,-17680,30,-519,42,0
S,66957873,frombelow,60,0,1483,1520,3272,-224,-18128,21,-390,-31,0
S,66967873,frombelow,60,0,1483,1520,1080,-520,-17072,-3,-240,3,0
S,66977873,frombelow,60,0,1483,1520,-1080,-912,-16600,12,-11,-34,0
S,66987873,frombelow,60,0,1483,1520,560,-1456,-17224,77,160,-40,0
S,66997873,frombelow,60,0,1483,1520,1992,-1336,-16928,90,293,-49,0
S,67007873,frombelow,60,0,1483,1520,-280,-384,-16728,31,291,-137,0
S,67017873,frombelow,60,0,1483,1520,1576,-664,-17056,-23,282,-37,0
S,67027873,frombelow,60,0,1483,1520,1048,-976,-17080,-8,224,-33,0
S,67037873,frombelow,60,0,1483,1520,96,-1216,-17112,45,132,-28,0
S,67047873,frombelow,60,0,1483,1520,-272,-808,-17136,76,38,-49,0
S,67057873,frombelow,60,0,1483,1520,104,-688,-17088,62,-40,-31,0
S,67067873,frombelow,60,0,1483,1520,224,-1000,-17128,37,-83,-25,0
S,67077873,frombelow,60,0,1483,1520,240,-1032,-16928,25,-96,-28,0
S,67087873,frombelow,60,0,1483,1520,184,-968,-17184,31,-81,-26,0
S,67097873,frombelow,60,0,1483,1520,464,-952,-17200,41,-52,-23,0
S,67107873,frombelow,60,0,1483,1520,312,-1232,-17264,51,-5,-28,0
S,67117873,frombelow,60,0,1483,1520,288,-1144,-16952,46,26,-25,0
E,67817256,fromabove,61,0,1483,1520,,,,,,,0
S,67817887,fromabove,61,0,1483,1520,-824,-1008,-17080,39,21,-29,0
S,67827876,fromabove,61,0,1483,1520,-2928,520,-16992,49,27,-12,0
S,67837875,fromabove,61,0,1483,1520,1992,-2992,-19168,50,220,188,0
S,67847875,fromabove,61,0,1483,1520,56,-2424,-11672,128,498,-161,0
S,67857876,fromabove,61,0,1483,1520,1952,-2240,-16416,251,968,-127,0
S,67867875,fromabove,61,0,1483,1520,-184,-2856,-15256,110,1456,-160,0
S,67877876,fromabove,61,0,1483,1520,2032,32,-16440,53,1568,-149,0
S,67887875,fromabove,61,0,1483,1520,-4824,-1912,-17128,-94,1438,-411,0
S,67897875,fromabove,61,0,1483,1520,-4416,-2632,-16008,-246,1490,-91,0
S,67907875,fromabove,61,0,1483,1520,7576,-5304,-20672,-156,1093,-131,0
S,67917876,fromabove,61,0,1483,1520,1536,1632,-14824,-140,752,206,0
S,67927875,fromabove,61,0,1483,1520,992,1464,-17720,-28,255,-26,0
S,67937875,fromabove,61,0,1483,1520,-696,-1680,-16376,47,-262,1,0
S,67947876,fromabove,61,0,1483,1520,704,-1112,-14376,156,-561,-102,0
S,67957875,fromabove,61,0,1483,1520,2056,-5528,-20640,173,-700,89,0
S,67967876,fromabove,61,0,1483,1520,6464,-1464,-15856,144,-688,188,0
S,67977875,fromabove,61,0,1483,1520,-832,-2416,-15224,102,-647,-22,0
S,67987875,fromabove,61,0,1483,1520,3856,-1128,-16896,58,-529,-24,0
S,67997875,fromabove,61,0,1483,1520,-464,-1176,-16584,-5,-303,-34,0
S,68007875,fromabove,61,0,1483,1520,-64,-2032,-16824,24,19,6,0
S,68017876,fromabove,61,0,1483,1520,-760,-2856,-16752,80,273,-43,0
S,68027875,fromabove,61,0,1483,1520,496,-1184,-16992,57,437,-55,0
S,68037875,fromabove,61,0,1483,1520,32,-408,-16800,8,408,-167,0
S,68047875,fromabove,61,0,1483,1520,-3192,488,-16808,-34,383,-69,0
S,68057876,fromabove,61,0,1483,1520,984,-1216,-17264,-1,280,-42,0
S,68067875,fromabove,61,0,1483,1520,288,-1240,-17408,56,136,-22,0
S,68077876,fromabove,61,0,1483,1520,216,-1272,-17176,89,16,-40,0
S,68087875,fromabove,61,0,1483,1520,-120,-984,-17056,75,-98,-19,0
S,68097875,fromabove,61,0,1483,1520,48,-832,-16880,35,-152,-14,0
S,68107875,fromabove,61,0,1483,1520,584,-880,-17000,19,-181,-15,0
S,68117875,fromabove,61,0,1483,1520,40,-944,-17080,21,-180,-25,0
S,68127876,fromabove,61,0,1483,1520,136,-1280,-17296,38,-141,-17,0
S,68137876,fromabove,61,0,1483,1520,-160,-944,-17080,50,-63,-5,0
S,68147876,fromabove,61,0,1483,1520,-632,-1288,-16536,62,33,-17,0
S,68157876,fromabove,61,0,1483,1520,288,-1504,-16992,54,106,-35,0
S,68167876,fromabove,61,0,1483,1520,376,-1040,-16912,16,133,-40,0
S,68177876,fromabove,61,0,1483,1520,456,-912,-17048,-12,113,-59,0
S,68187875,fromabove,61,0,1483,1520,176,-904,-16936,8,96,-34,0
S,68197875,fromabove,61,0,1483,1520,288,-1056,-16904,43,51,-30,0
S,68207875,fromabove,61,0,1483,1520,296,-792,-17176,64,0,-29,0
S,68217875,fromabove,61,0,1483,1520,504,-904,-17208,59,-29,-23,0
E,68917256,frombelow,62,0,1483,1520,,,,,,,0
S,68917886,frombelow,62,0,1483,1520,1760,-1096,-17088,33,14,-29,0
S,68927874,frombelow,62,0,1483,1520,1096,848,-17248,41,-66,-112,0
S,68937873,frombelow,62,0,1483,1520,872,-1560,-19712,119,-296,-283,0
S,68947873,frombelow,62,0,1483,1520,3472,1632,-16640,100,-778,-66,0
S,68957873,frombelow,62,0,1483,1520,1864,2944,-17376,62,-1335,2,0
S,68967873,frombelow,62,0,1483,1520,2344,-6272,-15496,3,-1805,101,0
S,68977874,frombelow,62,0,1483,1520,2064,40,-11544,70,-1886,5,0
S,68987873,frombelow,62,0,1483,1520,-4920,5064,-14992,12,-1797,-81,0
S,68997873,frombelow,62,0,1483,1520,1920,-784,-18592,22,-1633,228,0
S,69007873,frombelow,62,0,1483,1520,744,-2320,-17264,-34,-1188,-285,0
S,69017873,frombelow,62,0,1483,1520,2224,-3576,-16200,145,-471,16,0
S,69027873,frombelow,62,0,1483,1520,1744,-1912,-15064,243,274,-50,0
S,69037874,frombelow,62,0,1483,1520,2384,8,-17520,148,880,-62,0
S,69047873,frombelow,62,0,1483,1520,-2648,-1688,-16744,-43,1102,-103,0
S,69057873,frombelow,62,0,1483,1520,3816,-2248,-21416,-167,978,-306,0
S,69067873,frombelow,62,0,1483,1520,-168,784,-17520,-222,986,-37,0
S,69077873,frombelow,62,0,1483,1520,384,-216,-17856,-103,736,-90,0
S,69087873,frombelow,62,0,1483,1520,104,256,-18192,-8,431,-91,0
S,69097873,frombelow,62,0,1483,1520,-824,-5664,-13448,42,61,-62,0
S,69107874,frombelow,62,0,1483,1520,1432,-2288,-15808,70,-308,10,0
S,69117873,frombelow,62,0,1483,1520,1552,5448,-17344,126,-554,-16,0
S,69127873,frombelow,62,0,1483,1520,-3744,-1384,-18664,124,-631,60,0
S,69137873,frombelow,62,0,1483,1520,568,-1928,-17864,64,-528,236,0
S,69147873,frombelow,62,0,1483,1520,560,-3184,-15744,63,-496,-5,0
S,69157873,frombelow,62,0,1483,1520,-176,1040,-16736,8,-357,-15,0
S,69167873,frombelow,62,0,1483,1520,2824,-1160,-16728,-6,-193,32,0
S,69177873,frombelow,62,0,1483,1520,2656,-2128,-15744,34,14,-20,0
S,69187873,frombelow,62,0,1483,1520,1288,-288,-17064,95,225,-43,0
S,69197873,frombelow,62,0,1483,1520,672,-584,-17584,74,316,-45,0
S,69207873,frombelow,62,0,1483,1520,-336,-872,-17328,21,293,-153,0
S,69217873,frombelow,62,0,1483,1520,360,-904,-17032,-13,299,-27,0
S,69227873,frombelow,62,0,1483,1520,-312,-1272,-17272,7,221,-28,0
S,69237873,frombelow,62,0,1483,1520,328,-848,-17112,49,132,-33,0
S,69247873,frombelow,62,0,1483,1520,224,-1216,-17120,70,30,-27,0
S,69257873,frombelow,62,0,1483,1520,416,-992,-17112,61,-58,-20,0
S,69267873,frombelow,62,0,1483,1520,768,-864,-17136,33,-120,-22,0
S,69277873,frombelow,62,0,1483,1520,256,-1072,-17048,27,-122,-19,0
S,69287873,frombelow,62,0,1483,1520,440,-864,-17032,44,-97,-17,0
S,69297873,frombelow,62,0,1483,1520,336,-1096,-17192,45,-61,-22,0
S,69307873,frombelow,62,0,1483,1520,472,-1112,-17240,47,-15,-20,0
S,69317873,frombelow,62,0,1483,1520,328,-816,-17120,45,43,-35,0
E,70017256,fromabove,63,0,1483,1520,,,,,,,0
S,70017887,fromabove,63,0,1483,1520,-976,-904,-16984,39,25,-31,0
S,70027876,fromabove,63,0,1483,1520,-1136,-512,-17384,34,20,-38,0
S,70037875,fromabove,63,0,1483,1520,768,-7424,-18928,47,176,171,0
S,70047875,fromabove,63,0,1483,1520,-2768,-5392,-18256,27,436,-240,0
S,70057875,fromabove,63,0,1483,1520,376,-1128,-18624,229,832,-30,0
S,70067875,fromabove,63,0,1483,1520,-672,-3560,-17000,198,1360,-84,0
S,70077875,fromabove,63,0,1483,1520,856,240,-17648,135,1515,-42,0
S,70087875,fromabove,63,0,1483,1520,-1584,-864,-16680,-52,1492,-289,0
S,70097875,fromabove,63,0,1483,1520,6928,4808,-16536,-202,1443,-104,0
S,70107876,fromabove,63,0,1483,1520,4688,-640,-19440,-147,1173,-205,0
S,70117875,fromabove,63,0,1483,1520,-1944,-872,-18104,-54,843,-166,0
S,70127876,fromabove,63,0,1483,1520,184,-8544,-13200,-72,397,125,0
S,70137875,fromabove,63,0,1483,1520,-632,-2512,-16192,33,-79,-33,0
S,70147875,fromabove,63,0,1483,1520,344,-3048,-15384,130,-479,-115,0
S,70157876,fromabove,63,0,1483,1520,1456,4496,-19096,105,-674,234,0
S,70167875,fromabove,63,0,1483,1520,4032,832,-15888,142,-796,38,0
S,70177876,fromabove,63,0,1483,1520,-4904,-616,-19304,77,-645,22,0
S,70187875,fromabove,63,0,1483,1520,-640,-2272,-18112,60,-633,9,0
S,70197876,fromabove,63,0,1483,1520,2528,-1648,-17880,-16,-374,54,0
S,70207876,fromabove,63,0,1483,1520,984,-1680,-17712,10,-128,4,0
S,70217875,fromabove,63,0,1483,1520,-312,-1072,-16848,79,192,-39,0
S,70227876,fromabove,63,0,1483,1520,3688,-656,-17224,96,417,-61,0
S,70237875,fromabove,63,0,1483,1520,-336,-376,-17024,30,455,-88,0
S,70247875,fromabove,63,0,1483,1520,1056,-1584,-18112,-26,428,-43,0
S,70257876,fromabove,63,0,1483,1520,464,-392,-16992,-25,339,-57,0
S,70267876,fromabove,63,0,1483,1520,728,-1224,-16808,22,209,-43,0
S,70277875,fromabove,63,0,1483,1520,384,-880,-16768,76,67,-35,0
S,70287876,fromabove,63,0,1483,1520,72,-1392,-16648,92,-60,-41,0
S,70297875,fromabove,63,0,1483,1520,-32,-1544,-17032,57,-144,-18,0
S,70307875,fromabove,63,0,1483,1520,208,-728,-17168,27,-192,-13,0
S,70317875,fromabove,63,0,1483,1520,464,-872,-17376,18,-196,-3,0
S,70327876,fromabove,63,0,1483,1520,64,-568,-17192,24,-171,-16,0
S,70337876,fromabove,63,0,1483,1520,4792,-1064,-16920,40,-126,-19,0
S,70347875,fromabove,63,0,1483,1520,224,-688,-16944,58,3,38,0
S,70357875,fromabove,63,0,1483,1520,1032,-1216,-17048,74,73,-31,0
S,70367876,fromabove,63,0,1483,1520,216,-800,-17016,42,133,-33,0
S,70377876,fromabove,63,0,1483,1520,-88,-1056,-17072,6,133,-62,0
S,70387875,fromabove,63,0,1483,1520,376,-1128,-17224,-8,110,-46,0
S,70397875,fromabove,63,0,1483,1520,184,-944,-17120,23,74,-28,0
S,70407876,fromabove,63,0,1483,1520,232,-936,-17080,59,24,-37,0
S,70417875,fromabove,63,0,1483,1520,288,-904,-17096,67,-17,-30,0
E,71117256,frombelow,64,0,1483,1520,,,,,,,0
S,71117886,frombelow,64,0,1483,1520,1776,-1112,-16856,32,21,-31,0
S,71127874,frombelow,64,0,1483,1520,3480,-816,-17000,46,9,-18,0
S,71137873,frombelow,64,0,1483,1520,5448,-1568,-19184,99,-199,-333,0
S,71147873,frombelow,64,0,1483,1520,-7704,-1296,-5056,3,-603,141,0
S,71157873,frombelow,64,0,1483,1520,1296,-4032,-20536,66,-1272,-48,0
S,71167873,frombelow,64,0,1483,1520,-1448,4248,-18720,34,-1744,67,0
S,71177873,frombelow,64,0,1483,1520,-448,-240,-11704,92,-1896,3,0
S,71187873,frombelow,64,0,1483,1520,-2632,-4240,-23584,73,-1810,223,0
S,71197873,frombelow,64,0,1483,1520,616,-984,-19648,25,-1673,209,0
S,71207873,frombelow,64,0,1483,1520,-456,5312,-19192,-30,-1261,-236,0
S,71217873,frombelow,64,0,1483,1520,1744,-4800,-16664,137,-716,-89,0
S,71227873,frombelow,64,0,1483,1520,-120,2120,-16952,191,136,-40,0
S,71237873,frombelow,64,0,1483,1520,1240,48,-18240,177,690,-69,0
S,71247873,frombelow,64,0,1483,1520,816,-944,-16688,-57,1061,2,0
S,71257873,frombelow,64,0,1483,1520,-448,-2984,-15168,-154,993,-231,0
S,71267873,frombelow,64,0,1483,1520,1704,-2472,-14336,-227,1045,-121,0
S,71277873,frombelow,64,0,1483,1520,416,1344,-16496,-106,856,-188,0
S,71287873,frombelow,64,0,1483,1520,-928,192,-17872,18,576,-113,0
S,71297874,frombelow,64,0,1483,1520,256,1136,-14592,48,218,-44,0
S,71307873,frombelow,64,0,1483,1520,16,328,-16856,124,-172,-137,0
S,71317873,frombelow,64,0,1483,1520,-816,104,-15096,153,-456,-107,0
S,71327873,frombelow,64,0,1483,1520,1384,-24,-18856,158,-554,165,0
S,71337873,frombelow,64,0,1483,1520,3128,152,-17360,117,-599,47,0
S,71347873,frombelow,64,0,1483,1520,-2848,-840,-18416,43,-525,-1,0
S,71357873,frombelow,64,0,1483,1520,2808,-1784,-17984,27,-443,-1,0
S,71367873,frombelow,64,0,1483,1520,1008,-664,-16728,-3,-270,-14,0
S,71377873,frombelow,64,0,1483,1520,-304,-976,-17120,12,-34,-23,0
S,71387873,frombelow,64,0,1483,1520,2032,-1864,-17488,63,145,-24,0
S,71397873,frombelow,64,0,1483,1520,1824,-400,-16760,91,300,-53,0
S,71407873,frombelow,64,0,1483,1520,-528,-576,-16568,41,336,-100,0
S,71417873,frombelow,64,0,1483,1520,2064,-656,-16864,-7,328,-37,0
S,71427873,frombelow,64,0,1483,1520,568,-488,-16920,-16,245,-35,0
S,71437873,frombelow,64,0,1483,1520,-520,-1040,-17032,43,157,-33,0
S,71447873,frombelow,64,0,1483,1520,848,-992,-16784,71,60,-38,0
S,71457873,frombelow,64,0,1483,1520,-72,-952,-16968,68,-47,-50,0
S,71467873,frombelow,64,0,1483,1520,360,-816,-16968,41,-101,-25,0
S,71477873,frombelow,64,0,1483,1520,232,-928,-16992,29,-126,-2,0
S,71487873,frombelow,64,0,1483,1520,-336,-944,-17280,28,-110,-13,0
S,71497873,frombelow,64,0,1483,1520,528,-1008,-17376,44,-83,-19,0
S,71507873,frombelow,64,0,1483,1520,152,-736,-17200,48,-28,-30,0
S,71517873,frombelow,64,0,1483,1520,280,-824,-16976,42,28,-31,0
E,72217256,fromabove,65,0,1483,1520,,,,,,,0
S,72217887,fromabove,65,0,1483,1520,-952,-952,-17056,43,23,-31,0
S,72227876,fromabove,65,0,1483,1520,-3464,816,-16720,46,42,-14,0
S,72237876,fromabove,65,0,1483,1520,1128,-672,-20192,55,237,229,0
S,72247875,fromabove,65,0,1483,1520,2416,-4456,-11656,134,473,-180,0
S,72257875,fromabove,65,0,1483,1520,744,-4584,-16880,252,938,-97,0
S,72267876,fromabove,65,0,1483,1520,848,-2984,-15728,158,1388,-145,0
S,72277876,fromabove,65,0,1483,1520,-672,2392,-16872,99,1534,-135,0
S,72287875,fromabove,65,0,1483,1520,-2640,-1120,-17976,-57,1454,-355,0
S,72297875,fromabove,65,0,1483,1520,5288,-2344,-15624,-206,1471,-87,0
S,72307875,fromabove,65,0,1483,1520,-2232,-448,-20784,-134,1113,-148,0
S,72317876,fromabove,65,0,1483,1520,-240,2848,-16984,-87,772,24,0
S,72327875,fromabove,65,0,1483,1520,-112,400,-17296,1,302,-89,0
S,72337875,fromabove,65,0,1483,1520,-40,920,-16560,44,-182,-9,0
S,72347876,fromabove,65,0,1483,1520,-352,-1080,-14344,146,-511,-113,0
S,72357875,fromabove,65,0,1483,1520,4704,-8160,-19784,142,-668,158,0
S,72367875,fromabove,65,0,1483,1520,5944,-1424,-15536,135,-710,91,0
S,72377875,fromabove,65,0,1483,1520,1184,-1696,-16264,71,-650,-37,0
S,72387875,fromabove,65,0,1483,1520,3000,-480,-17440,47,-569,-29,0
S,72397875,fromabove,65,0,1483,1520,-8,-672,-16648,-15,-306,8,0
S,72407875,fromabove,65,0,1483,1520,-216,224,-17608,34,-25,12,0
S,72417876,fromabove,65,0,1483,1520,-992,1896,-16848,90,220,-46,0
S,72427875,fromabove,65,0,1483,1520,1024,-1016,-17248,71,411,-52,0
S,72437876,fromabove,65,0,1483,1520,-592,-960,-16912,23,417,-118,0
S,72447875,fromabove,65,0,1483,1520,1536,-672,-16744,-22,400,-62,0
S,72457875,fromabove,65,0,1483,1520,-672,-864,-17240,-8,290,-43,0
S,72467876,fromabove,65,0,1483,1520,784,-1048,-16960,41,157,-38,0
S,72477875,fromabove,65,0,1483,1520,376,-992,-16920,79,36,-44,0
S,72487876,fromabove,65,0,1483,1520,152,-720,-16960,76,-78,-24,0
S,72497875,fromabove,65,0,1483,1520,392,-856,-16896,49,-140,-14,0
S,72507875,fromabove,65,0,1483,1520,240,-952,-17088,30,-177,-18,0
S,72517875,fromabove,65,0,1483,1520,48,-792,-17160,19,-168,-9,0
S,72527875,fromabove,65,0,1483,1520,496,-752,-17392,37,-145,7,0
S,72537875,fromabove,65,0,1483,1520,-592,-1536,-17208,52,-89,-20,0
S,72547875,fromabove,65,0,1483,1520,-1744,-1568,-16584,56,21,1,0
S,72557875,fromabove,65,0,1483,1520,456,-480,-17208,54,86,-36,0
S,72567875,fromabove,65,0,1483,1520,560,-896,-17192,29,120,-46,0
S,72577875,fromabove,65,0,1483,1520,496,-832,-16992,-1,111,-54,0
S,72587875,fromabove,65,0,1483,1520,216,-1048,-17064,6,80,-39,0
S,72597876,fromabove,65,0,1483,1520,184,-1008,-17104,33,42,-33,0
S,72607875,fromabove,65,0,1483,1520,360,-872,-17024,60,-5,-33,0
S,72617875,fromabove,65,0,1483,1520,296,-920,-17120,64,-29,-23,0
E,73317256,frombelow,66,0,1483,1520,,,,,,,0
S,73317886,frombelow,66,0,1483,1520,1888,-1008,-17112,41,24,-28,0
S,73327874,frombelow,66,0,1483,1520,-4288,248,-17720,48,-66,-97,0
S,73337873,frombelow,66,0,1483,1520,-4392,-2568,-18312,118,-260,-279,0
S,73347873,frombelow,66,0,1483,1520,2560,-1368,-13216,86,-761,-200,0
S,73357873,frombelow,66,0,1483,1520,2544,4952,-18040,63,-1338,-27,0
S,73367873,frombelow,66,0,1483,1520,-248,-6032,-16200,0,-1814,106,0
S,73377873,frombelow,66,0,1483,1520,1312,4368,-14824,78,-1885,29,0
S,73387873,frombelow,66,0,1483,1520,2368,6544,-13328,4,-1789,45,0
S,73397873,frombelow,66,0,1483,1520,2696,-3576,-18856,44,-1639,196,0
S,73407873,frombelow,66,0,1483,1520,-40,-5296,-19312,-47,-1194,-229,0
S,73417873,frombelow,66,0,1483,1520,216,-6944,-16192,174,-521,1,0
S,73427873,frombelow,66,0,1483,1520,456,-1544,-15512,210,281,-45,0
S,73437873,frombelow,66,0,1483,1520,2936,-400,-17824,142,863,-55,0
S,73447873,frombelow,66,0,1483,1520,-224,-1208,-17008,-64,1118,-47,0
S,73457873,frombelow,66,0,1483,1520,1952,-1304,-19504,-156,989,-382,0
S,73467873,frombelow,66,0,1483,1520,-3824,-1808,-16912,-219,1022,-42,0
S,73477873,frombelow,66,0,1483,1520,-1144,544,-17880,-90,763,-101,0
S,73487873,frombelow,66,0,1483,1520,656,1616,-18232,-15,457,-81,0
S,73497873,frombelow,66,0,1483,1520,-2336,-1264,-14048,54,62,-155,0
S,73507873,frombelow,66,0,1483,1520,2648,-1640,-14904,83,-340,-36,0
S,73517873,frombelow,66,0,1483,1520,-232,-736,-14904,133,-607,-95,0
S,73527873,frombelow,66,0,1483,1520,-2128,1624,-20904,114,-656,115,0
S,73537873,frombelow,66,0,1483,1520,400,-480,-17584,51,-565,268,0
S,73547873,frombelow,66,0,1483,1520,960,-3712,-15352,56,-554,23,0
S,73557873,frombelow,66,0,1483,1520,1320,912,-16440,31,-431,-25,0
S,73567873,frombelow,66,0,1483,1520,1128,-2384,-16752,9,-209,91,0
S,73577873,frombelow,66,0,1483,1520,-784,-1704,-16576,57,32,-33,0
S,73587873,frombelow,66,0,1483,1520,-768,2168,-17200,104,270,-73,0
S,73597873,frombelow,66,0,1483,1520,-224,-744,-17336,70,381,-56,0
S,73607873,frombelow,66,0,1483,1520,-816,-1040,-17192,10,350,-180,0
S,73617873,frombelow,66,0,1483,1520,-2368,-800,-17304,-39,345,-47,0
S,73627873,frombelow,66,0,1483,1520,208,-1304,-17136,8,243,-43,0
S,73637873,frombelow,66,0,1483,1520,1192,-1448,-17464,54,149,-25,0
S,73647873,frombelow,66,0,1483,1520,-384,-872,-17416,79,39,-33,0
S,73657873,frombelow,66,0,1483,1520,112,-768,-17144,60,-60,-40,0
S,73667873,frombelow,66,0,1483,1520,400,-1104,-16968,25,-126,-22,0
S,73677873,frombelow,66,0,1483,1520,0,-832,-17064,18,-145,-9,0
S,73687873,frombelow,66,0,1483,1520,-648,-1008,-17408,26,-113,-10,0
S,73697873,frombelow,66,0,1483,1520,288,-600,-17424,45,-88,-16,0
S,73707873,frombelow,66,0,1483,1520,552,-800,-17272,56,-35,-27,0
S,73717873,frombelow,66,0,1483,1520,-472,-1400,-16808,43,28,-27,0
E,74417256,fromabove,67,0,1483,1520,,,,,,,0
S,74417887,fromabove,67,0,1483,1520,-1000,-928,-17064,36,30,-29,0
S,74427877,fromabove,67,0,1483,1520,1024,376,-17280,44,26,-7,0
S,74437875,fromabove,67,0,1483,1520,1240,1224,-19488,66,211,319,0
S,74447875,fromabove,67,0,1483,1520,1192,-9736,-12920,149,462,-145,0
S,74457876,fromabove,67,0,1483,1520,1896,-3048,-17576,233,881,-90,0
S,74467876,fromabove,67,0,1483,1520,64,-2192,-15872,160,1380,-93,0
S,74477876,fromabove,67,0,1483,1520,-2032,-3384,-17360,141,1564,-106,0
S,74487875,fromabove,67,0,1483,1520,-3936,-1560,-18256,-40,1508,-345,0
S,74497876,fromabove,67,0,1483,1520,1744,-1904,-15664,-172,1488,-70,0
S,74507875,fromabove,67,0,1483,1520,-1832,-360,-21048,-113,1129,-175,0
S,74517875,fromabove,67,0,1483,1520,1848,-4288,-16168,-53,816,16,0
S,74527876,fromabove,67,0,1483,1520,1928,1416,-17064,-2,304,-68,0
S,74537875,fromabove,67,0,1483,1520,632,1872,-15976,45,-186,-7,0
S,74547875,fromabove,67,0,1483,1520,24,-728,-14208,138,-560,-111,0
S,74557875,fromabove,67,0,1483,1520,1720,-12256,-19936,102,-704,284,0
S,74567876,fromabove,67,0,1483,1520,6992,-1000,-15256,142,-720,95,0
S,74577875,fromabove,67,0,1483,1520,1192,-3328,-16464,74,-672,-19,0
S,74587875,fromabove,67,0,1483,1520,5384,-288,-16880,47,-604,-22,0
S,74597875,fromabove,67,0,1483,1520,-1176,-528,-16456,-7,-325,-45,0
S,74607876,fromabove,67,0,1483,1520,864,-1320,-17240,20,-29,-9,0
S,74617876,fromabove,67,0,1483,1520,576,-784,-17208,102,268,-39,0
S,74627875,fromabove,67,0,1483,1520,-304,-696,-17000,75,462,-57,0
S,74637875,fromabove,67,0,1483,1520,-640,-400,-16936,7,455,-143,0
S,74647875,fromabove,67,0,1483,1520,2888,-632,-16584,-33,434,-56,0
S,74657876,fromabove,67,0,1483,1520,176,-888,-17072,-15,307,-45,0
S,74667875,fromabove,67,0,1483,1520,-136,-1096,-17032,40,179,-48,0
S,74677875,fromabove,67,0,1483,1520,-568,-1248,-17160,88,39,-35,0
S,74687875,fromabove,67,0,1483,1520,0,-888,-17104,92,-97,-52,0
S,74697876,fromabove,67,0,1483,1520,232,-600,-17144,51,-173,0,0
S,74707876,fromabove,67,0,1483,1520,336,-1272,-17032,23,-203,11,0
S,74717875,fromabove,67,0,1483,1520,-280,-728,-17184,15,-204,-2,0
S,74727876,fromabove,67,0,1483,1520,-704,-624,-17600,21,-173,-25,0
S,74737875,fromabove,67,0,1483,1520,2648,-664,-17296,45,-121,-20,0
S,74747876,fromabove,67,0,1483,1520,224,-824,-17296,60,14,39,0
S,74757875,fromabove,67,0,1483,1520,272,-744,-17336,68,86,-21,0
S,74767876,fromabove,67,0,1483,1520,296,-1064,-17096,39,133,-39,0
S,74777876,fromabove,67,0,1483,1520,104,-960,-16920,-1,128,-70,0
S,74787875,fromabove,67,0,1483,1520,56,-968,-16968,-2,110,-39,0
S,74797876,fromabove,67,0,1483,1520,344,-912,-17128,26,79,-34,0
S,74807876,fromabove,67,0,1483,1520,304,-912,-17168,64,19,-30,0
S,74817875,fromabove,67,0,1483,1520,216,-768,-17112,66,-20,-31,0
E,75517256,frombelow,68,0,1483,1520,,,,,,,0
S,75517886,frombelow,68,0,1483,1520,1728,-1056,-16960,32,25,-34,0
S,75527874,frombelow,68,0,1483,1520,-3368,-872,-17264,38,-98,-312,0
S,75537873,frombelow,68,0,1483,1520,-624,-2072,-18224,56,-352,-157,0
S,75547873,frombelow,68,0,1483,1520,12440,4160,-19168,84,-825,-1,0
S,75557873,frombelow,68,0,1483,1520,-1544,-2408,-14848,50,-1449,92,0
S,75567873,frombelow,68,0,1483,1520,1024,-3664,-15152,48,-1841,78,0
S,75577873,frombelow,68,0,1483,1520,11160,7048,-20680,-63,-1822,535,0
S,75587873,frombelow,68,0,1483,1520,-1088,72,-12600,-53,-1765,70,0
S,75597874,frombelow,68,0,1483,1520,1248,960,-19032,40,-1524,128,0
S,75607873,frombelow,68,0,1483,1520,216,-11336,-16624,4,-1025,-137,0
S,75617873,frombelow,68,0,1483,1520,2240,-832,-17224,177,-393,9,0
S,75627873,frombelow,68,0,1483,1520,-880,-2408,-15000,219,428,-38,0
S,75637873,frombelow,68,0,1483,1520,1920,-232,-17160,116,911,-50,0
S,75647873,frombelow,68,0,1483,1520,-1544,-1480,-16392,-67,1070,-153,0
S,75657873,frombelow,68,0,1483,1520,2576,-1952,-22072,-163,982,-261,0
S,75667873,frombelow,68,0,1483,1520,-3712,-1104,-18272,-210,947,-57,0
S,75677873,frombelow,68,0,1483,1520,472,-1728,-18376,-73,719,-103,0
S,75687873,frombelow,68,0,1483,1520,-1208,-2320,-18592,-5,397,-47,0
S,75697873,frombelow,68,0,1483,1520,-688,-8600,-13144,32,49,42,0
S,75707873,frombelow,68,0,1483,1520,1928,-2264,-15784,82,-339,24,0
S,75717873,frombelow,68,0,1483,1520,1096,808,-15456,122,-568,-32,0
S,75727874,frombelow,68,0,1483,1520,-4744,288,-18784,106,-668,37,0
S,75737873,frombelow,68,0,1483,1520,96,-2536,-17608,51,-545,243,0
S,75747873,frombelow,68,0,1483,1520,-648,-1336,-15776,51,-518,2,0
S,75757874,frombelow,68,0,1483,1520,2584,680,-16664,6,-356,6,0
S,75767873,frombelow,68,0,1483,1520,2856,-1352,-17256,4,-190,71,0
S,75777873,frombelow,68,0,1483,1520,-456,-488,-16360,51,22,-54,0
S,75787873,frombelow,68,0,1483,1520,-616,-776,-17016,88,233,-44,0
S,75797873,frombelow,68,0,1483,1520,368,-1040,-17592,73,337,-56,0
S,75807873,frombelow,68,0,1483,1520,-584,-880,-17160,16,318,-153,0
S,75817873,frombelow,68,0,1483,1520,704,-792,-17032,-48,311,-29,0
S,75827873,frombelow,68,0,1483,1520,80,-1224,-16952,7,238,-31,0
S,75837873,frombelow,68,0,1483,1520,-2104,-1048,-17160,52,130,-36,0
S,75847873,frombelow,68,0,1483,1520,296,-960,-17152,74,34,-36,0
S,75857873,frombelow,68,0,1483,1520,24,-1160,-17216,53,-72,-33,0
S,75867873,frombelow,68,0,1483,1520,760,-816,-17024,28,-120,-16,0
S,75877873,frombelow,68,0,1483,1520,96,-1080,-17080,27,-126,-4,0
S,75887873,frombelow,68,0,1483,1520,456,-1096,-16984,36,-106,-19,0
S,75897873,frombelow,68,0,1483,1520,416,-1064,-17056,43,-71,-24,0
S,75907873,frombelow,68,0,1483,1520,-56,-840,-17104,48,-15,-35,0
S,75917873,frombelow,68,0,1483,1520,720,-968,-17016,40,37,-28,0
E,76617256,fromabove,69,0,1483,1520,,,,,,,0
S,76617887,fromabove,69,0,1483,1520,-1048,-808,-17128,34,25,-31,0
S,76627877,fromabove,69,0,1483,1520,-1344,-408,-17432,39,29,-37,0
S,76637875,fromabove,69,0,1483,1520,6768,1600,-17928,32,186,186,0
S,76647875,fromabove,69,0,1483,1520,-4776,-6640,-17104,42,405,-314,0
S,76657875,fromabove,69,0,1483,1520,-4216,704,-20096,224,840,-38,0
S,76667875,fromabove,69,0,1483,1520,80,-2768,-17432,214,1315,-77,0
S,76677875,fromabove,69,0,1483,1520,384,408,-17816,151,1551,-22,0
S,76687875,fromabove,69,0,1483,1520,-856,-1944,-16728,-29,1536,-230,0
S,76697876,fromabove,69,0,1483,1520,6240,5200,-16800,-202,1480,-104,0
S,76707875,fromabove,69,0,1483,1520,-1872,-1848,-19440,-162,1212,-244,0
S,76717876,fromabove,69,0,1483,1520,1144,1840,-16080,-113,850,4,0
S,76727875,fromabove,69,0,1483,1520,4536,152,-19336,-27,375,-45,0
S,76737876,fromabove,69,0,1483,1520,-600,-728,-15784,34,-160,8,0
S,76747875,fromabove,69,0,1483,1520,32,-496,-15072,129,-531,-99,0
S,76757876,fromabove,69,0,1483,1520,1168,-2216,-18296,72,-697,359,0
S,76767875,fromabove,69,0,1483,1520,3800,712,-15696,151,-766,58,0
S,76777875,fromabove,69,0,1483,1520,-1184,-3480,-18032,84,-668,-27,0
S,76787875,fromabove,69,0,1483,1520,368,-568,-18776,69,-595,-20,0
S,76797876,fromabove,69,0,1483,1520,-3920,-1256,-16984,-13,-326,3,0
S,76807876,fromabove,69,0,1483,1520,536,264,-16944,23,-23,-32,0
S,76817875,fromabove,69,0,1483,1520,-424,-800,-16624,84,239,-36,0
S,76827876,fromabove,69,0,1483,1520,-120,-1120,-16872,75,451,-63,0
S,76837875,fromabove,69,0,1483,1520,-80,-456,-17312,22,450,-121,0
S,76847876,fromabove,69,0,1483,1520,2192,-392,-17192,-26,424,-50,0
S,76857875,fromabove,69,0,1483,1520,-752,-1144,-17472,-13,319,-48,0
S,76867876,fromabove,69,0,1483,1520,-480,-968,-17344,43,186,-46,0
S,76877876,fromabove,69,0,1483,1520,368,-840,-16672,83,57,-42,0
S,76887875,fromabove,69,0,1483,1520,-432,-712,-16848,78,-70,-28,0
S,76897876,fromabove,69,0,1483,1520,384,-640,-16776,49,-155,-15,0
S,76907875,fromabove,69,0,1483,1520,-80,-960,-16952,21,-199,-19,0
S,76917876,fromabove,69,0,1483,1520,136,-896,-17216,20,-191,-8,0
S,76927876,fromabove,69,0,1483,1520,168,-760,-17456,35,-167,7,0
S,76937875,fromabove,69,0,1483,1520,552,-1160,-17104,49,-116,-16,0
S,76947875,fromabove,69,0,1483,1520,472,-912,-17392,52,-14,31,0
S,76957876,fromabove,69,0,1483,1520,352,-1440,-17072,54,83,4,0
S,76967876,fromabove,69,0,1483,1520,208,-976,-17216,42,128,-34,0
S,76977875,fromabove,69,0,1483,1520,168,-1144,-17104,12,140,-63,0
S,76987875,fromabove,69,0,1483,1520,208,-976,-17472,5,122,-49,0
S,76997875,fromabove,69,0,1483,1520,216,-1000,-16992,21,82,-36,0
S,77007875,fromabove,69,0,1483,1520,176,-1096,-17104,55,24,-29,0
S,77017875,fromabove,69,0,1483,1520,280,-880,-17056,57,-19,-25,0
E,77717256,frombelow,70,0,1483,1520,,,,,,,0
S,77717886,frombelow,70,0,1483,1520,1768,-952,-17056,35,24,-29,0
S,77727874,frombelow,70,0,1483,1520,-7736,-352,-17888,43,-56,-85,0
S,77737873,frombelow,70,0,1483,1520,-7584,-2680,-18600,112,-246,-292,0
S,77747873,frombelow,70,0,1483,1520,200,-8688,-12616,85,-752,-231,0
S,77757873,frombelow,70,0,1483,1520,3312,4992,-19096,69,-1325,-39,0
S,77767873,frombelow,70,0,1483,1520,-312,-3032,-15936,-9,-1793,109,0
S,77777873,frombelow,70,0,1483,1520,3832,1168,-12264,85,-1892,-5,0
S,77787873,frombelow,70,0,1483,1520,64,5576,-15120,24,-1801,41,0
S,77797873,frombelow,70,0,1483,1520,5136,-2328,-18352,34,-1667,155,0
S,77807873,frombelow,70,0,1483,1520,-928,-680,-18520,-40,-1207,-205,0
S,77817873,frombelow,70,0,1483,1520,1048,-5040,-16416,149,-559,-35,0
S,77827873,frombelow,70,0,1483,1520,280,-1056,-15792,209,226,-56,0
S,77837873,frombelow,70,0,1483,1520,2416,-616,-18008,146,808,-49,0
S,77847873,frombelow,70,0,1483,1520,-400,-400,-17312,-57,1099,-29,0
S,77857873,frombelow,70,0,1483,1520,1904,-3056,-18384,-155,978,-373,0
S,77867873,frombelow,70,0,1483,1520,-544,-1856,-15656,-225,1041,-72,0
S,77877873,frombelow,70,0,1483,1520,-3624,-240,-17520,-110,805,-119,0
S,77887873,frombelow,70,0,1483,1520,-1832,1472,-18824,7,516,-115,0
S,77897873,frombelow,70,0,1483,1520,-176,-2392,-11312,-39,160,249,0
S,77907873,frombelow,70,0,1483,1520,264,664,-15816,73,-238,-4,0
S,77917873,frombelow,70,0,1483,1520,304,792,-14448,135,-536,-87,0
S,77927873,frombelow,70,0,1483,1520,-240,-32,-19040,150,-591,130,0
S,77937873,frombelow,70,0,1483,1520,2336,1336,-17440,86,-577,148,0
S,77947873,frombelow,70,0,1483,1520,-2360,-2008,-17040,41,-556,30,0
S,77957873,frombelow,70,0,1483,1520,-80,440,-17352,38,-434,-41,0
S,77967873,frombelow,70,0,1483,1520,1544,-744,-17104,12,-250,23,0
S,77977873,frombelow,70,0,1483,1520,-1104,-264,-16632,26,-21,13,0
S,77987873,frombelow,70,0,1483,1520,3080,-160,-17008,79,190,-67,0
S,77997873,frombelow,70,0,1483,1520,848,-824,-17288,73,311,-48,0
S,78007873,frombelow,70,0,1483,1520,-736,-440,-16904,18,325,-143,0
S,78017873,frombelow,70,0,1483,1520,-296,64,-16696,-21,329,-41,0
S,78027873,frombelow,70,0,1483,1520,512,-864,-16944,8,242,-43,0
S,78037873,frombelow,70,0,1483,1520,-592,-952,-17136,49,157,-38,0
S,78047873,frombelow,70,0,1483,1520,128,-736,-17080,71,50,-29,0
S,78057873,frombelow,70,0,1483,1520,288,-672,-17112,60,-56,-41,0
S,78067873,frombelow,70,0,1483,1520,200,-1136,-17008,33,-100,-12,0
S,78077873,frombelow,70,0,1483,1520,240,-880,-17096,25,-113,1,0
S,78087873,frombelow,70,0,1483,1520,720,-1048,-16920,35,-103,-19,0
S,78097873,frombelow,70,0,1483,1520,616,-792,-17088,45,-77,-24,0
S,78107873,frombelow,70,0,1483,1520,432,-656,-17016,49,-17,-40,0
S,78117873,frombelow,70,0,1483,1520,-184,-960,-17088,35,28,-32,0
E,78817256,fromabove,71,0,1483,1520,,,,,,,0
S,78817887,fromabove,71,0,1483,1520,-960,-904,-17120,36,20,-26,0
S,78827877,fromabove,71,0,1483,1520,-208,-344,-17096,42,22,-8,0
S,78837876,fromabove,71,0,1483,1520,192,3608,-18368,37,219,226,0
S,78847876,fromabove,71,0,1483,1520,3704,-5904,-12632,143,499,-72,0
S,78857875,fromabove,71,0,1483,1520,1280,-1792,-16008,243,921,-101,0
S,78867875,fromabove,71,0,1483,1520,2224,-1976,-15080,199,1432,-133,0
S,78877876,fromabove,71,0,1483,1520,1792,-112,-17488,118,1549,-123,0
S,78887875,fromabove,71,0,1483,1520,-2104,-1840,-18848,-60,1455,-404,0
S,78897875,fromabove,71,0,1483,1520,-136,-1784,-16080,-195,1468,-111,0
S,78907875,fromabove,71,0,1483,1520,-2368,-3448,-20920,-114,1112,-102,0
S,78917875,fromabove,71,0,1483,1520,-824,-1904,-17512,-67,790,-48,0
S,78927876,fromabove,71,0,1483,1520,1608,1064,-17424,19,282,-127,0
S,78937875,fromabove,71,0,1483,1520,136,912,-16344,49,-189,-11,0
S,78947876,fromabove,71,0,1483,1520,-664,-680,-14368,146,-558,-117,0
S,78957875,fromabove,71,0,1483,1520,-1272,-8464,-18776,94,-712,309,0
S,78967876,fromabove,71,0,1483,1520,5448,-1208,-15056,134,-748,95,0
S,78977876,fromabove,71,0,1483,1520,-1008,-2552,-17120,65,-689,-46,0
S,78987875,fromabove,71,0,1483,1520,4912,32,-17168,51,-611,-10,0
S,78997875,fromabove,71,0,1483,1520,-1472,616,-16936,-4,-336,-33,0
S,79007875,fromabove,71,0,1483,1520,1296,-136,-16904,21,-49,6,0
S,79017875,fromabove,71,0,1483,1520,760,-672,-17096,87,267,-38,0
S,79027875,fromabove,71,0,1483,1520,80,-1352,-17256,83,471,-53,0
S,79037875,fromabove,71,0,1483,1520,-184,-576,-16984,20,481,-113,0
S,79047875,fromabove,71,0,1483,1520,2448,-824,-17024,-30,447,-50,0
S,79057875,fromabove,71,0,1483,1520,-40,-824,-16976,-16,339,-42,0
S,79067876,fromabove,71,0,1483,1520,928,-168,-16752,35,198,-43,0
S,79077875,fromabove,71,0,1483,1520,-104,-1632,-16840,87,38,-63,0
S,79087875,fromabove,71,0,1483,1520,-624,-744,-16912,95,-87,-46,0
S,79097876,fromabove,71,0,1483,1520,320,-800,-17048,51,-175,-6,0
S,79107876,fromabove,71,0,1483,1520,-104,-1144,-17168,25,-206,1,0
S,79117876,fromabove,71,0,1483,1520,56,-784,-17264,14,-200,15,0
S,79127875,fromabove,71,0,1483,1520,-88,-1952,-17360,23,-180,-18,0
S,79137875,fromabove,71,0,1483,1520,784,-1328,-16952,39,-123,-20,0
S,79147875,fromabove,71,0,1483,1520,264,-1040,-17136,58,6,26,0
S,79157875,fromabove,71,0,1483,1520,72,-1168,-17040,67,79,-27,0
S,79167876,fromabove,71,0,1483,1520,368,-736,-16960,44,145,-43,0
S,79177875,fromabove,71,0,1483,1520,8,-856,-16880,4,143,-67,0
S,79187876,fromabove,71,0,1483,1520,432,-1000,-17272,-5,126,-44,0
S,79197876,fromabove,71,0,1483,1520,176,-1032,-17088,25,83,-35,0
S,79207876,fromabove,71,0,1483,1520,296,-976,-17104,61,32,-30,0
S,79217875,fromabove,71,0,1483,1520,432,-888,-16992,71,-17,-29,0
E,79917256,frombelow,72,0,1483,1520,,,,,,,0
S,79917886,frombelow,72,0,1483,1520,1776,-808,-16976,36,20,-30,0
S,79927874,frombelow,72,0,1483,1520,-10552,-1432,-17736,40,-16,-56,0
S,79937873,frombelow,72,0,1483,1520,-5832,-2200,-19320,123,-268,-288,0
S,79947873,frombelow,72,0,1483,1520,-3576,-7056,-11984,65,-736,-256,0
S,79957873,frombelow,72,0,1483,1520,4408,4288,-16336,57,-1332,-20,0
S,79967873,frombelow,72,0,1483,1520,848,-1112,-15888,3,-1767,104,0
S,79977873,frombelow,72,0,1483,1520,5232,1552,-12536,81,-1868,22,0
S,79987874,frombelow,72,0,1483,1520,-1920,3792,-16224,40,-1822,93,0
S,79997873,frombelow,72,0,1483,1520,6048,296,-18096,58,-1627,158,0
S,80007873,frombelow,72,0,1483,1520,-904,1544,-17192,-37,-1197,-269,0
S,80017873,frombelow,72,0,1483,1520,1952,-4912,-16200,142,-657,-71,0
S,80027873,frombelow,72,0,1483,1520,344,-1848,-15568,196,184,-56,0
S,80037873,frombelow,72,0,1483,1520,2240,1456,-17896,184,704,-76,0
S,80047873,frombelow,72,0,1483,1520,-744,-320,-17640,-31,1058,-24,0
S,80057873,frombelow,72,0,1483,1520,-1312,-3024,-15616,-159,1000,-247,0
S,80067873,frombelow,72,0,1483,1520,872,-2456,-14776,-226,1042,-101,0
S,80077873,frombelow,72,0,1483,1520,-208,1824,-16432,-101,842,-169,0
S,80087873,frombelow,72,0,1483,1520,1256,904,-17464,23,570,-71,0
S,80097873,frombelow,72,0,1483,1520,3448,-1712,-15576,103,216,-168,0
S,80107873,frombelow,72,0,1483,1520,128,-2400,-17016,134,-162,-86,0
S,80117873,frombelow,72,0,1483,1520,-848,-1040,-15344,149,-454,-71,0
S,80127873,frombelow,72,0,1483,1520,1096,296,-18856,168,-559,129,0
S,80137873,frombelow,72,0,1483,1520,2560,-1104,-17992,112,-594,49,0
S,80147874,frombelow,72,0,1483,1520,-3424,-760,-18920,33,-522,19,0
S,80157873,frombelow,72,0,1483,1520,1272,-2760,-18456,23,-446,5,0
S,80167873,frombelow,72,0,1483,1520,680,-1280,-17248,-4,-273,-14,0
S,80177873,frombelow,72,0,1483,1520,-864,-576,-17456,4,-31,-4,0
S,80187873,frombelow,72,0,1483,1520,2680,-1416,-17400,68,139,-12,0
S,80197873,frombelow,72,0,1483,1520,-600,-1152,-16728,87,289,-50,0
S,80207873,frombelow,72,0,1483,1520,-48,-304,-16640,38,315,-106,0
S,80217873,frombelow,72,0,1483,1520,2080,-568,-16856,-9,310,-41,0
S,80227873,frombelow,72,0,1483,1520,880,-528,-17000,-2,236,-25,0
S,80237873,frombelow,72,0,1483,1520,-32,-848,-17176,41,155,-31,0
S,80247873,frombelow,72,0,1483,1520,432,-960,-17040,68,51,-41,0
S,80257873,frombelow,72,0,1483,1520,432,-1088,-17056,61,-39,-32,0
S,80267873,frombelow,72,0,1483,1520,304,-928,-17048,36,-102,-27,0
S,80277873,frombelow,72,0,1483,1520,112,-1056,-17208,24,-119,-11,0
S,80287873,frombelow,72,0,1483,1520,200,-920,-17056,35,-109,-26,0
S,80297873,frombelow,72,0,1483,1520,512,-1112,-17032,43,-70,-25,0
S,80307873,frombelow,72,0,1483,1520,272,-1496,-17232,47,-18,-7,0
S,80317873,frombelow,72,0,1483,1520,-264,-1056,-16976,44,34,-28,0
E,81017256,fromabove,73,0,1483,1520,,,,,,,0
S,81017887,fromabove,73,0,1483,1520,-992,-864,-17136,36,28,-31,0
S,81027876,fromabove,73,0,1483,1520,-5640,-3872,-17008,33,36,-62,0
S,81037875,fromabove,73,0,1483,1520,208,-1064,-19592,44,279,81,0
S,81047876,fromabove,73,0,1483,1520,5080,632,-9536,186,612,-3,0
S,81057876,fromabove,73,0,1483,1520,1872,-1920,-14784,266,1062,-115,0
S,81067875,fromabove,73,0,1483,1520,1512,-2024,-14768,174,1470,-130,0
S,81077875,fromabove,73,0,1483,1520,1528,1016,-16352,34,1564,-120,0
S,81087875,fromabove,73,0,1483,1520,-136,-1768,-19504,-91,1419,-363,0
S,81097875,fromabove,73,0,1483,1520,-9656,-64,-17176,-207,1423,-85,0
S,81107876,fromabove,73,0,1483,1520,-1720,-1704,-20512,-85,1054,-216,0
S,81117875,fromabove,73,0,1483,1520,-1544,4672,-14192,-157,697,322,0
S,81127876,fromabove,73,0,1483,1520,-3096,16,-17448,-14,136,0,0
S,81137875,fromabove,73,0,1483,1520,-1864,-1952,-17472,64,-401,-28,0
S,81147876,fromabove,73,0,1483,1520,336,-656,-14440,158,-654,-66,0
S,81157876,fromabove,73,0,1483,1520,-1024,2632,-21656,179,-751,119,0
S,81167875,fromabove,73,0,1483,1520,3512,112,-18080,117,-627,318,0
S,81177876,fromabove,73,0,1483,1520,-992,16,-14864,103,-650,-1,0
S,81187876,fromabove,73,0,1483,1520,1472,-184,-17648,6,-414,35,0
S,81197876,fromabove,73,0,1483,1520,1200,376,-18192,30,-191,-28,0
S,81207875,fromabove,73,0,1483,1520,-664,-1496,-16600,80,158,-30,0
S,81217875,fromabove,73,0,1483,1520,168,-1312,-17096,74,419,-49,0
S,81227875,fromabove,73,0,1483,1520,-296,-232,-16856,27,488,-68,0
S,81237875,fromabove,73,0,1483,1520,1560,-1608,-17760,-25,437,-110,0
S,81247876,fromabove,73,0,1483,1520,352,-336,-16960,-22,361,-50,0
S,81257876,fromabove,73,0,1483,1520,-680,-912,-17184,32,242,-44,0
S,81267875,fromabove,73,0,1483,1520,-168,-872,-17032,82,93,-41,0
S,81277875,fromabove,73,0,1483,1520,-200,-864,-17344,91,-34,-46,0
S,81287875,fromabove,73,0,1483,1520,-112,-512,-17016,55,-137,-19,0
S,81297875,fromabove,73,0,1483,1520,216,-1208,-16936,25,-187,-11,0
S,81307875,fromabove,73,0,1483,1520,488,-1120,-17024,21,-206,-1,0
S,81317875,fromabove,73,0,1483,1520,32,-1456,-16984,29,-187,-7,0
S,81327876,fromabove,73,0,1483,1520,256,-360,-17064,49,-146,-5,0
S,81337875,fromabove,73,0,1483,1520,1104,-1216,-17512,48,-52,-5,0
S,81347875,fromabove,73,0,1483,1520,280,-1016,-16944,52,45,14,0
S,81357875,fromabove,73,0,1483,1520,-40,-576,-17152,57,125,-29,0
S,81367875,fromabove,73,0,1483,1520,136,-936,-17088,31,159,-46,0
S,81377875,fromabove,73,0,1483,1520,240,-944,-17176,0,141,-78,0
S,81387875,fromabove,73,0,1483,1520,240,-776,-17144,6,116,-42,0
S,81397875,fromabove,73,0,1483,1520,240,-1128,-17016,33,66,-41,0
S,81407875,fromabove,73,0,1483,1520,104,-944,-17016,62,8,-27,0
S,81417875,fromabove,73,0,1483,1520,312,-928,-17120,58,-34,-25,0
E,82117256,frombelow,74,0,1483,1520,,,,,,,0
S,82117886,frombelow,74,0,1483,1520,1744,-1072,-16952,33,30,-31,0
S,82127875,frombelow,74,0,1483,1520,-8072,320,-17624,39,-24,-85,0
S,82137873,frombelow,74,0,1483,1520,-808,-2288,-19440,110,-260,-279,0
S,82147873,frombelow,74,0,1483,1520,9312,-1984,-20112,92,-747,-40,0
S,82157873,frombelow,74,0,1483,1520,2360,2976,-15736,47,-1339,70,0
S,82167873,frombelow,74,0,1483,1520,-920,-6160,-16656,16,-1861,104,0
S,82177873,frombelow,74,0,1483,1520,-688,2088,-11952,89,-1916,51,0
S,82187873,frombelow,74,0,1483,1520,-1472,7344,-13992,42,-1799,14,0
S,82197873,frombelow,74,0,1483,1520,4184,528,-19216,42,-1635,262,0
S,82207873,frombelow,74,0,1483,1520,1392,-11080,-16392,-18,-1191,-201,0
S,82217873,frombelow,74,0,1483,1520,1344,-32,-15880,172,-476,35,0
S,82227873,frombelow,74,0,1483,1520,680,-1416,-14872,218,285,-25,0
S,82237873,frombelow,74,0,1483,1520,3248,208,-17200,132,867,-53,0
S,82247873,frombelow,74,0,1483,1520,-1080,-2000,-17048,-54,1095,-82,0
S,82257873,frombelow,74,0,1483,1520,2752,-1912,-21192,-166,977,-384,0
S,82267873,frombelow,74,0,1483,1520,-4784,720,-17264,-215,1012,-29,0
S,82277873,frombelow,74,0,1483,1520,-3120,-392,-17688,-106,780,-45,0
S,82287873,frombelow,74,0,1483,1520,-232,2296,-18480,1,479,-68,0
S,82297874,frombelow,74,0,1483,1520,0,-8328,-11016,18,94,79,0
S,82307873,frombelow,74,0,1483,1520,880,-400,-14640,76,-286,-6,0
S,82317873,frombelow,74,0,1483,1520,640,1536,-14512,135,-543,-82,0
S,82327873,frombelow,74,0,1483,1520,-2608,192,-17968,127,-601,83,0
S,82337873,frombelow,74,0,1483,1520,1120,-544,-17520,61,-542,201,0
S,82347873,frombelow,74,0,1483,1520,-488,-3224,-16256,39,-527,25,0
S,82357873,frombelow,74,0,1483,1520,1000,1168,-17088,31,-393,-41,0
S,82367873,frombelow,74,0,1483,1520,2152,-368,-17048,17,-229,7,0
S,82377873,frombelow,74,0,1483,1520,-136,-2816,-16056,28,-15,-21,0
S,82387873,frombelow,74,0,1483,1520,-496,-920,-17384,85,198,-45,0
S,82397873,frombelow,74,0,1483,1520,840,-672,-17304,77,301,-45,0
S,82407873,frombelow,74,0,1483,1520,-792,-656,-16952,15,304,-142,0
S,82417873,frombelow,74,0,1483,1520,-504,-656,-16624,-19,302,-42,0
S,82427873,frombelow,74,0,1483,1520,184,-912,-16904,12,225,-38,0
S,82437873,frombelow,74,0,1483,1520,792,-816,-17008,46,133,-31,0
S,82447873,frombelow,74,0,1483,1520,344,-888,-17112,75,34,-33,0
S,82457873,frombelow,74,0,1483,1520,576,-592,-17040,61,-47,-27,0
S,82467873,frombelow,74,0,1483,1520,800,-816,-17000,27,-105,-15,0
S,82477873,frombelow,74,0,1483,1520,-240,-1384,-17008,26,-115,-21,0
S,82487873,frombelow,74,0,1483,1520,552,-1008,-16888,40,-91,-19,0
S,82497873,frombelow,74,0,1483,1520,704,-928,-16976,49,-59,-19,0
S,82507873,frombelow,74,0,1483,1520,-104,-720,-17032,50,-4,-27,0
S,82517873,frombelow,74,0,1483,1520,288,-1312,-17024,41,37,-29,0
E,83217256,fromabove,75,0,1483,1520,,,,,,,0
S,83217887,fromabove,75,0,1483,1520,-968,-936,-17000,39,23,-31,0
S,83227877,fromabove,75,0,1483,1520,1768,-1856,-16944,37,24,1,0
S,83237875,fromabove,75,0,1483,1520,496,-2600,-19768,59,198,265,0
S,83247876,fromabove,75,0,1483,1520,-3008,-10776,-14712,91,457,-236,0
S,83257875,fromabove,75,0,1483,1520,-240,-4776,-17936,219,884,-54,0
S,83267875,fromabove,75,0,1483,1520,3344,-776,-15496,214,1383,-100,0
S,83277876,fromabove,75,0,1483,1520,-64,184,-18416,116,1546,-56,0
S,83287875,fromabove,75,0,1483,1520,-2856,-2352,-17240,-73,1466,-349,0
S,83297875,fromabove,75,0,1483,1520,5216,-3104,-15984,-210,1486,-83,0
S,83307875,fromabove,75,0,1483,1520,-864,-2280,-21096,-140,1154,-151,0
S,83317876,fromabove,75,0,1483,1520,304,2432,-18440,-63,821,-95,0
S,83327875,fromabove,75,0,1483,1520,-1224,-1688,-16000,13,311,-156,0
S,83337875,fromabove,75,0,1483,1520,1456,448,-16200,60,-164,-32,0
S,83347875,fromabove,75,0,1483,1520,32,-336,-14312,150,-544,-141,0
S,83357875,fromabove,75,0,1483,1520,-792,-8904,-19680,90,-696,287,0
S,83367876,fromabove,75,0,1483,1520,5408,-1944,-15304,139,-738,93,0
S,83377875,fromabove,75,0,1483,1520,-1296,-2136,-17720,72,-675,-50,0
S,83387876,fromabove,75,0,1483,1520,3888,-904,-17056,60,-607,-31,0
S,83397875,fromabove,75,0,1483,1520,-2904,-888,-16856,-11,-338,-14,0
S,83407876,fromabove,75,0,1483,1520,856,200,-17184,22,-50,1,0
S,83417875,fromabove,75,0,1483,1520,-8,-1448,-16760,92,249,-36,0
S,83427875,fromabove,75,0,1483,1520,784,-656,-16992,78,439,-53,0
S,83437875,fromabove,75,0,1483,1520,-184,-304,-16936,18,449,-128,0
S,83447875,fromabove,75,0,1483,1520,3240,-696,-16872,-26,420,-43,0
S,83457875,fromabove,75,0,1483,1520,16,-1080,-17208,-13,302,-42,0
S,83467875,fromabove,75,0,1483,1520,-624,-1120,-16960,40,183,-36,0
S,83477875,fromabove,75,0,1483,1520,88,-896,-16728,87,56,-30,0
S,83487875,fromabove,75,0,1483,1520,-120,-672,-17432,95,-74,-28,0
S,83497876,fromabove,75,0,1483,1520,1128,-2376,-16528,47,-146,14,0
S,83507876,fromabove,75,0,1483,1520,360,-56,-16792,17,-188,-10,0
S,83517875,fromabove,75,0,1483,1520,328,-1048,-17232,13,-183,0,0
S,83527875,fromabove,75,0,1483,1520,544,-856,-17424,35,-155,2,0
S,83537875,fromabove,75,0,1483,1520,-104,-288,-17368,49,-102,-8,0
S,83547875,fromabove,75,0,1483,1520,-944,-1864,-17056,64,15,24,0
S,83557876,fromabove,75,0,1483,1520,-40,-784,-17120,65,86,-33,0
S,83567876,fromabove,75,0,1483,1520,408,-712,-17112,37,132,-37,0
S,83577875,fromabove,75,0,1483,1520,272,-824,-17016,4,126,-66,0
S,83587875,fromabove,75,0,1483,1520,168,-1144,-16888,-2,101,-37,0
S,83597876,fromabove,75,0,1483,1520,344,-1080,-17232,28,64,-28,0
S,83607876,fromabove,75,0,1483,1520,416,-928,-17096,60,4,-36,0
S,83617875,fromabove,75,0,1483,1520,200,-832,-16992,65,-26,-27,0
E,84317256,frombelow,76,0,1483,1520,,,,,,,0
S,84317886,frombelow,76,0,1483,1520,1680,-1120,-16936,38,20,-24,0
S,84327875,frombelow,76,0,1483,1520,-5064,-1520,-17344,39,2,-40,0
S,84337873,frombelow,76,0,1483,1520,-7216,-3120,-19128,116,-249,-313,0
S,84347873,frombelow,76,0,1483,1520,-3296,-11824,-11384,15,-673,-202,0
S,84357873,frombelow,76,0,1483,1520,2864,3328,-18320,69,-1301,-53,0
S,84367873,frombelow,76,0,1483,1520,1048,2752,-15776,14,-1763,91,0
S,84377873,frombelow,76,0,1483,1520,2256,744,-11104,94,-1889,-1,0
S,84387873,frombelow,76,0,1483,1520,-1240,176,-19288,67,-1788,104,0
S,84397873,frombelow,76,0,1483,1520,-2360,-1272,-19176,30,-1633,256,0
S,84407873,frombelow,76,0,1483,1520,3712,3728,-17360,-39,-1217,-255,0
S,84417873,frombelow,76,0,1483,1520,2536,-4344,-16512,140,-638,-94,0
S,84427873,frombelow,76,0,1483,1520,-1224,-1064,-16176,199,180,-50,0
S,84437873,frombelow,76,0,1483,1520,1856,1584,-18440,164,728,-66,0
S,84447873,frombelow,76,0,1483,1520,-200,-728,-16928,-39,1057,-5,0
S,84457873,frombelow,76,0,1483,1520,-664,-4432,-16592,-151,976,-269,0
S,84467873,frombelow,76,0,1483,1520,-4088,-1792,-14960,-216,1027,-97,0
S,84477873,frombelow,76,0,1483,1520,-1240,1392,-16560,-103,821,-190,0
S,84487873,frombelow,76,0,1483,1520,-1696,1064,-17928,22,520,-114,0
S,84497873,frombelow,76,0,1483,1520,1680,4760,-12088,-12,182,157,0
S,84507873,frombelow,76,0,1483,1520,1936,1800,-16112,88,-215,-57,0
S,84517873,frombelow,76,0,1483,1520,-200,328,-14200,139,-481,-122,0
S,84527873,frombelow,76,0,1483,1520,-1184,1328,-18792,144,-563,139,0
S,84537873,frombelow,76,0,1483,1520,2136,928,-17648,91,-560,95,0
S,84547873,frombelow,76,0,1483,1520,-1240,-1608,-17728,37,-529,6,0
S,84557873,frombelow,76,0,1483,1520,2848,-816,-17880,30,-423,-27,0
S,84567873,frombelow,76,0,1483,1520,1208,-744,-16920,13,-255,2,0
S,84577873,frombelow,76,0,1483,1520,-1696,-1168,-16888,18,-29,-26,0
S,84587873,frombelow,76,0,1483,1520,7232,64,-17096,78,146,-26,0
S,84597873,frombelow,76,0,1483,1520,1616,-952,-16768,81,289,-44,0
S,84607873,frombelow,76,0,1483,1520,-888,-880,-16632,34,298,-110,0
S,84617873,frombelow,76,0,1483,1520,128,-224,-16560,-2,304,-46,0
S,84627873,frombelow,76,0,1483,1520,1472,-1192,-16792,-11,232,-37,0
S,84637873,frombelow,76,0,1483,1520,-88,-1080,-16976,44,146,-33,0
S,84647873,frombelow,76,0,1483,1520,-8,-280,-17160,70,45,-44,0
S,84657873,frombelow,76,0,1483,1520,464,-872,-16912,56,-34,-23,0
S,84667873,frombelow,76,0,1483,1520,440,-1288,-16864,33,-89,-16,0
S,84677873,frombelow,76,0,1483,1520,-224,-712,-16992,22,-110,-21,0
S,84687873,frombelow,76,0,1483,1520,472,-1312,-17048,35,-97,-25,0
S,84697873,frombelow,76,0,1483,1520,736,-960,-17240,49,-58,-22,0
S,84707873,frombelow,76,0,1483,1520,-176,-1016,-16728,46,-11,-23,0
S,84717873,frombelow,76,0,1483,1520,216,-840,-17208,45,35,-33,0
E,85417256,fromabove,77,0,1483,1520,,,,,,,0
S,85417887,fromabove,77,0,1483,1520,-872,-872,-17048,35,28,-31,0
S,85427877,fromabove,77,0,1483,1520,376,-288,-17112,40,34,2,0
S,85437875,fromabove,77,0,1483,1520,-3040,-168,-19088,21,232,271,0
S,85447875,fromabove,77,0,1483,1520,-296,-11272,-13664,55,423,-265,0
S,85457876,fromabove,77,0,1483,1520,-2984,-2632,-18912,212,889,-71,0
S,85467875,fromabove,77,0,1483,1520,2008,-2176,-17016,205,1353,-81,0
S,85477876,fromabove,77,0,1483,1520,3896,2528,-17192,129,1567,-82,0
S,85487875,fromabove,77,0,1483,1520,-1448,-2464,-17016,-72,1512,-305,0
S,85497875,fromabove,77,0,1483,1520,2880,-2600,-16048,-208,1487,-114,0
S,85507875,fromabove,77,0,1483,1520,152,-1760,-20600,-148,1180,-210,0
S,85517875,fromabove,77,0,1483,1520,24,-760,-17616,-83,811,-15,0
S,85527876,fromabove,77,0,1483,1520,1480,1800,-17456,-7,324,-115,0
S,85537876,fromabove,77,0,1483,1520,48,632,-15784,42,-198,2,0
S,85547875,fromabove,77,0,1483,1520,848,-712,-14736,150,-558,-131,0
S,85557875,fromabove,77,0,1483,1520,-1624,-9576,-19216,103,-725,263,0
S,85567876,fromabove,77,0,1483,1520,4568,-1168,-15440,133,-763,80,0
S,85577875,fromabove,77,0,1483,1520,1448,-5704,-16160,65,-684,-54,0
S,85587875,fromabove,77,0,1483,1520,5288,240,-17768,56,-583,-5,0
S,85597875,fromabove,77,0,1483,1520,-616,-40,-16376,3,-330,-40,0
S,85607876,fromabove,77,0,1483,1520,1104,-1424,-16616,28,-6,-25,0
S,85617876,fromabove,77,0,1483,1520,264,-1528,-16728,89,274,-47,0
S,85627876,fromabove,77,0,1483,1520,760,-1152,-16832,79,472,-57,0
S,85637875,fromabove,77,0,1483,1520,-384,-168,-16912,19,472,-143,0
S,85647876,fromabove,77,0,1483,1520,1016,416,-16480,-39,443,-63,0
S,85657876,fromabove,77,0,1483,1520,336,-1328,-17128,-16,321,-44,0
S,85667875,fromabove,77,0,1483,1520,-504,-1248,-16984,45,182,-41,0
S,85677875,fromabove,77,0,1483,1520,-424,-1232,-17016,81,45,-40,0
S,85687876,fromabove,77,0,1483,1520,-768,-176,-17168,79,-98,-47,0
S,85697876,fromabove,77,0,1483,1520,-232,-240,-17072,50,-168,-5,0
S,85707876,fromabove,77,0,1483,1520,312,-840,-16888,24,-203,-4,0
S,85717875,fromabove,77,0,1483,1520,-120,-984,-17072,21,-196,9,0
S,85727875,fromabove,77,0,1483,1520,632,-992,-17072,23,-179,-8,0
S,85737876,fromabove,77,0,1483,1520,1536,-344,-17184,46,-110,-11,0
S,85747876,fromabove,77,0,1483,1520,-480,-1016,-16712,58,6,13,0
S,85757876,fromabove,77,0,1483,1520,248,-1328,-17144,67,87,-31,0
S,85767875,fromabove,77,0,1483,1520,344,-696,-17112,42,137,-36,0
S,85777875,fromabove,77,0,1483,1520,208,-912,-16944,-7,128,-67,0
S,85787876,fromabove,77,0,1483,1520,336,-936,-17048,-8,114,-45,0
S,85797876,fromabove,77,0,1483,1520,56,-944,-17120,29,72,-34,0
S,85807875,fromabove,77,0,1483,1520,272,-904,-17064,65,24,-31,0
S,85817875,fromabove,77,0,1483,1520,312,-968,-17128,61,-27,-28,0
E,86517256,frombelow,78,0,1483,1520,,,,,,,0
S,86517886,frombelow,78,0,1483,1520,1768,-960,-17056,37,21,-30,0
S,86527874,frombelow,78,0,1483,1520,744,328,-17216,40,-90,-268,0
S,86537873,frombelow,78,0,1483,1520,2520,3256,-18768,108,-302,-234,0
S,86547873,frombelow,78,0,1483,1520,11240,-6680,-21312,81,-791,24,0
S,86557874,frombelow,78,0,1483,1520,432,3424,-15184,21,-1390,110,0
S,86567873,frombelow,78,0,1483,1520,1000,-5032,-16176,34,-1834,123,0
S,86577873,frombelow,78,0,1483,1520,352,11312,-16144,13,-1872,257,0
S,86587873,frombelow,78,0,1483,1520,-1696,3208,-12504,-15,-1775,54,0
S,86597873,frombelow,78,0,1483,1520,7088,-376,-18176,46,-1593,194,0
S,86607873,frombelow,78,0,1483,1520,936,-13832,-16056,-21,-1127,-298,0
S,86617873,frombelow,78,0,1483,1520,1832,-2520,-17240,190,-463,34,0
S,86627873,frombelow,78,0,1483,1520,-152,-4168,-14984,185,295,-16,0
S,86637873,frombelow,78,0,1483,1520,3736,-576,-17992,119,829,-44,0
S,86647873,frombelow,78,0,1483,1520,-992,-1496,-16944,-66,1037,-101,0
S,86657873,frombelow,78,0,1483,1520,1608,-1352,-20384,-154,938,-371,0
S,86667873,frombelow,78,0,1483,1520,-2608,776,-17464,-204,978,-16,0
S,86677873,frombelow,78,0,1483,1520,-3048,152,-17208,-90,741,-89,0
S,86687873,frombelow,78,0,1483,1520,-1592,1912,-18000,30,485,-65,0
S,86697874,frombelow,78,0,1483,1520,1056,4936,-11808,23,119,189,0
S,86707873,frombelow,78,0,1483,1520,1216,1880,-15184,131,-241,-129,0
S,86717873,frombelow,78,0,1483,1520,1752,536,-15048,145,-510,-56,0
S,86727873,frombelow,78,0,1483,1520,-2216,-224,-17688,130,-588,101,0
S,86737873,frombelow,78,0,1483,1520,1440,-848,-17152,69,-541,153,0
S,86747873,frombelow,78,0,1483,1520,-2504,-2696,-17096,26,-519,13,0
S,86757873,frombelow,78,0,1483,1520,1448,-416,-17632,14,-393,-37,0
S,86767873,frombelow,78,0,1483,1520,3112,-1352,-17000,5,-225,7,0
S,86777873,frombelow,78,0,1483,1520,-136,-2312,-16104,31,-8,-8,0
S,86787873,frombelow,78,0,1483,1520,1480,-1352,-17480,87,219,-35,0
S,86797873,frombelow,78,0,1483,1520,184,-848,-17168,84,325,-49,0
S,86807873,frombelow,78,0,1483,1520,-608,-864,-16576,23,324,-128,0
S,86817873,frombelow,78,0,1483,1520,792,-16,-16576,-14,325,-59,0
S,86827873,frombelow,78,0,1483,1520,440,-832,-16920,-2,239,-45,0
S,86837873,frombelow,78,0,1483,1520,-1312,-952,-17256,36,147,-30,0
S,86847873,frombelow,78,0,1483,1520,-104,-1192,-17008,75,42,-31,0
S,86857873,frombelow,78,0,1483,1520,232,-960,-17312,64,-63,-59,0
S,86867873,frombelow,78,0,1483,1520,88,-728,-17272,30,-115,-18,0
S,86877873,frombelow,78,0,1483,1520,432,-1088,-17200,24,-128,-3,0
S,86887873,frombelow,78,0,1483,1520,-456,-976,-17216,28,-108,-17,0
S,86897873,frombelow,78,0,1483,1520,384,-1072,-17264,42,-74,-21,0
S,86907873,frombelow,78,0,1483,1520,400,-1176,-17040,46,-27,-30,0
S,86917873,frombelow,78,0,1483,1520,-712,-1296,-17184,43,30,-24,0
E,87617256,fromabove,79,0,1483,1520,,,,,,,0
S,87617887,fromabove,79,0,1483,1520,-880,-848,-17048,35,28,-30,0
S,87627877,fromabove,79,0,1483,1520,368,488,-17248,28,26,-65,0
S,87637876,fromabove,79,0,1483,1520,-2224,2520,-19392,45,251,251,0
S,87647875,fromabove,79,0,1483,1520,4240,1800,-10296,154,577,-28,0
S,87657875,fromabove,79,0,1483,1520,2992,-1216,-15232,258,995,-127,0
S,87667876,fromabove,79,0,1483,1520,-2296,304,-14712,206,1480,-161,0
S,87677875,fromabove,79,0,1483,1520,-4296,1192,-17008,96,1592,-155,0
S,87687875,fromabove,79,0,1483,1520,56,-1752,-20784,-68,1456,-445,0
S,87697875,fromabove,79,0,1483,1520,-5656,-1672,-16600,-186,1497,-95,0
S,87707876,fromabove,79,0,1483,1520,824,-1632,-20816,-102,1078,-196,0
S,87717876,fromabove,79,0,1483,1520,-2680,1608,-12928,-192,767,406,0
S,87727876,fromabove,79,0,1483,1520,-4640,1840,-16208,-24,118,-8,0
S,87737876,fromabove,79,0,1483,1520,-1840,-1760,-17224,58,-368,-24,0
S,87747875,fromabove,79,0,1483,1520,480,-2216,-13736,160,-642,-63,0
S,87757875,fromabove,79,0,1483,1520,1432,-3184,-22480,179,-735,108,0
S,87767876,fromabove,79,0,1483,1520,4192,376,-17488,124,-624,296,0
S,87777875,fromabove,79,0,1483,1520,1464,-72,-14424,108,-642,-21,0
S,87787875,fromabove,79,0,1483,1520,3008,632,-17312,26,-492,-13,0
S,87797875,fromabove,79,0,1483,1520,560,-952,-17760,3,-254,32,0
S,87807875,fromabove,79,0,1483,1520,-440,-2800,-17088,42,68,-7,0
S,87817875,fromabove,79,0,1483,1520,-752,-2088,-17272,95,365,-33,0
S,87827876,fromabove,79,0,1483,1520,-224,-592,-16984,54,486,-55,0
S,87837875,fromabove,79,0,1483,1520,-232,8,-16928,-17,433,-183,0
S,87847875,fromabove,79,0,1483,1520,1512,-1056,-16664,-42,407,-45,0
S,87857875,fromabove,79,0,1483,1520,-600,-1736,-16912,1,280,-37,0
S,87867875,fromabove,79,0,1483,1520,1160,-960,-17184,65,153,-24,0
S,87877876,fromabove,79,0,1483,1520,-160,-744,-17472,96,-20,-87,0
S,87887875,fromabove,79,0,1483,1520,1528,-776,-17152,73,-120,-23,0
S,87897875,fromabove,79,0,1483,1520,208,-1584,-16976,30,-186,-3,0
S,87907875,fromabove,79,0,1483,1520,136,-944,-16920,14,-200,24,0
S,87917875,fromabove,79,0,1483,1520,216,-1160,-16824,17,-205,-24,0
S,87927875,fromabove,79,0,1483,1520,392,-1736,-17208,38,-143,-19,0
S,87937875,fromabove,79,0,1483,1520,896,-1352,-17280,57,-89,-18,0
S,87947876,fromabove,79,0,1483,1520,-216,-1584,-17360,59,34,18,0
S,87957875,fromabove,79,0,1483,1520,368,-1344,-17168,61,93,-25,0
S,87967875,fromabove,79,0,1483,1520,112,-888,-17016,21,138,-40,0
S,87977875,fromabove,79,0,1483,1520,544,-1008,-17240,4,126,-54,0
S,87987875,fromabove,79,0,1483,1520,496,-1136,-17008,12,98,-42,0
S,87997876,fromabove,79,0,1483,1520,-8,-1016,-17016,41,61,-30,0
S,88007875,fromabove,79,0,1483,1520,256,-984,-17176,63,9,-30,0
S,88017875,fromabove,79,0,1483,1520,464,-872,-17088,54,-27,-24,0
#META repeat_target=1557 idx=2
E,88718256,frombelow,80,0,1557,1520,,,,,,,0
S,88718886,frombelow,80,0,1557,1520,312,-944,-17144,38,22,-31,0
S,88728874,frombelow,80,0,1557,1520,-1992,-400,-16448,42,20,-24,0
S,88738873,frombelow,80,0,1557,1520,-2408,-7016,-22256,78,-239,-352,0
S,88748873,frombelow,80,0,1557,1520,4464,-224,-20264,76,-445,-52,0
S,88758873,frombelow,80,0,1557,1520,1176,-1656,-20552,48,-870,122,0
S,88768873,frombelow,80,0,1557,1520,-4464,456,-16240,61,-1322,50,0
S,88778873,frombelow,80,0,1557,1520,-448,-1528,-12992,98,-1499,-68,0
S,88788873,frombelow,80,0,1557,1520,7224,-10640,-21672,52,-1502,-4,0
S,88798873,frombelow,80,0,1557,1520,1072,-5976,-17704,24,-1340,73,0
S,88808873,frombelow,80,0,1557,1520,-472,2288,-19160,-14,-976,-27,0
S,88818873,frombelow,80,0,1557,1520,-856,-4400,-12912,93,-456,-7,0
S,88828873,frombelow,80,0,1557,1520,536,-384,-16840,91,174,-26,0
S,88838873,frombelow,80,0,1557,1520,-224,-424,-16880,125,596,-32,0
S,88848873,frombelow,80,0,1557,1520,-2344,-856,-16912,46,771,-54,0
S,88858873,frombelow,80,0,1557,1520,-2160,-1096,-17488,-38,665,-174,0
S,88868873,frombelow,80,0,1557,1520,544,-1264,-15816,-63,598,-49,0
S,88878873,frombelow,80,0,1557,1520,-528,-1120,-17088,-16,444,-61,0
S,88888873,frombelow,80,0,1557,1520,-1544,-1240,-17304,54,278,-39,0
S,88898873,frombelow,80,0,1557,1520,-400,-1272,-17144,79,71,-103,0
S,88908873,frombelow,80,0,1557,1520,-1040,-816,-16696,89,-124,-37,0
S,88918873,frombelow,80,0,1557,1520,-96,-944,-16736,58,-232,-11,0
S,88928873,frombelow,80,0,1557,1520,-856,-776,-17040,20,-263,9,0
S,88938873,frombelow,80,0,1557,1520,-1040,-752,-17272,10,-221,54,0
S,88948873,frombelow,80,0,1557,1520,-920,-1272,-16936,11,-178,-29,0
S,88958873,frombelow,80,0,1557,1520,-728,-1200,-17152,18,-82,-27,0
S,88968873,frombelow,80,0,1557,1520,-768,-952,-17128,42,30,-27,0
S,88978873,frombelow,80,0,1557,1520,-1256,-1368,-17000,59,105,-20,0
S,88988873,frombelow,80,0,1557,1520,-784,-944,-17008,55,134,-31,0
S,88998873,frombelow,80,0,1557,1520,-936,-712,-16944,38,119,-35,0
S,89008873,frombelow,80,0,1557,1520,-952,-864,-16784,34,84,-28,0
S,89018873,frombelow,80,0,1557,1520,-880,-992,-17200,32,32,-29,0
S,89028873,frombelow,80,0,1557,1520,-672,-832,-17064,41,-11,-31,0
S,89038873,frombelow,80,0,1557,1520,-920,-1112,-17232,49,-23,-26,0
S,89048873,frombelow,80,0,1557,1520,-912,-960,-17048,50,-16,-27,0
S,89058873,frombelow,80,0,1557,1520,-848,-976,-17168,47,7,-34,0
S,89068873,frombelow,80,0,1557,1520,-824,-1008,-17032,31,31,-30,0
S,89078873,frombelow,80,0,1557,1520,-952,-1024,-17024,26,50,-25,0
S,89088873,frombelow,80,0,1557,1520,-1072,-776,-17096,24,47,-29,0
S,89098873,frombelow,80,0,1557,1520,-872,-824,-17176,37,29,-26,0
S,89108873,frombelow,80,0,1557,1520,-824,-992,-17008,42,14,-25,0
S,89118873,frombelow,80,0,1557,1520,-880,-856,-17040,46,4,-31,0
E,89818256,fromabove,81,0,1557,1520,,,,,,,0
S,89818887,fromabove,81,0,1557,1520,-2200,-920,-16856,40,25,-26,0
S,89828877,fromabove,81,0,1557,1520,-2456,40,-17568,37,37,-29,0
S,89838876,fromabove,81,0,1557,1520,-4448,800,-18808,45,261,41,0
S,89848875,fromabove,81,0,1557,1520,-3800,856,-16440,117,602,-79,0
S,89858876,fromabove,81,0,1557,1520,-2528,5000,-18256,199,951,-65,0
S,89868876,fromabove,81,0,1557,1520,-2144,-392,-16848,181,1276,-94,0
S,89878875,fromabove,81,0,1557,1520,-3248,-1008,-17680,121,1382,-26,0
S,89888876,fromabove,81,0,1557,1520,-3048,-448,-18272,24,1247,-206,0
S,89898875,fromabove,81,0,1557,1520,-1688,632,-15536,-90,1124,-136,0
S,89908875,fromabove,81,0,1557,1520,-1232,-368,-16160,-56,901,-104,0
S,89918875,fromabove,81,0,1557,1520,-120,-472,-16792,16,575,-67,0
S,89928875,fromabove,81,0,1557,1520,6720,168,-18632,57,284,-38,0
S,89938875,fromabove,81,0,1557,1520,-2352,-2104,-16840,88,-44,-16,0
S,89948875,fromabove,81,0,1557,1520,-208,-968,-16632,84,-252,12,0
S,89958875,fromabove,81,0,1557,1520,-400,-2016,-17592,62,-318,38,0
S,89968876,fromabove,81,0,1557,1520,-1888,-960,-17624,30,-310,61,0
S,89978876,fromabove,81,0,1557,1520,-912,296,-17624,9,-294,11,0
S,89988875,fromabove,81,0,1557,1520,-1072,-1416,-16704,-1,-220,-26,0
S,89998875,fromabove,81,0,1557,1520,-1696,-368,-17208,7,-46,26,0
S,90008875,fromabove,81,0,1557,1520,-1344,-184,-17016,35,88,-8,0
S,90018875,fromabove,81,0,1557,1520,-1864,-120,-17136,73,205,-39,0
S,90028875,fromabove,81,0,1557,1520,-816,-1208,-16960,74,227,-32,0
S,90038875,fromabove,81,0,1557,1520,-800,-552,-17048,50,164,-43,0
S,90048875,fromabove,81,0,1557,1520,-1176,-928,-17176,18,61,-35,0
S,90058875,fromabove,81,0,1557,1520,-672,-760,-17280,7,-27,-31,0
S,90068875,fromabove,81,0,1557,1520,-1040,-1200,-17088,19,-62,-30,0
S,90078875,fromabove,81,0,1557,1520,-320,-1232,-16792,50,-55,-26,0
S,90088875,fromabove,81,0,1557,1520,-1032,-1232,-16896,71,-25,-25,0
S,90098876,fromabove,81,0,1557,1520,-824,-1056,-17064,70,28,-22,0
S,90108875,fromabove,81,0,1557,1520,-944,-960,-17048,47,60,-31,0
S,90118875,fromabove,81,0,1557,1520,-800,-896,-16960,20,54,-28,0
S,90128876,fromabove,81,0,1557,1520,-1016,-984,-17008,11,34,-30,0
S,90138875,fromabove,81,0,1557,1520,-960,-1136,-17104,15,8,-30,0
S,90148876,fromabove,81,0,1557,1520,-808,-1056,-17144,44,0,-29,0
S,90158875,fromabove,81,0,1557,1520,-888,-920,-17064,60,4,-31,0
S,90168875,fromabove,81,0,1557,1520,-1024,-824,-17016,71,21,-34,0
S,90178875,fromabove,81,0,1557,1520,-960,-984,-17168,57,37,-26,0
S,90188875,fromabove,81,0,1557,1520,-896,-768,-17168,24,34,-25,0
S,90198875,fromabove,81,0,1557,1520,-744,-928,-17088,15,29,-32,0
S,90208875,fromabove,81,0,1557,1520,-936,-1144,-17024,19,18,-29,0
S,90218875,fromabove,81,0,1557,1520,-968,-984,-17120,30,16,-29,0
E,90918256,frombelow,82,0,1557,1520,,,,,,,0
S,90918886,frombelow,82,0,1557,1520,216,-968,-17136,37,24,-28,0
S,90928874,frombelow,82,0,1557,1520,2456,-1552,-16720,48,8,-21,0
S,90938873,frombelow,82,0,1557,1520,472,-5416,-19264,43,-272,-539,0
S,90948873,frombelow,82,0,1557,1520,2432,-1664,-20608,58,-474,-108,0
S,90958873,frombelow,82,0,1557,1520,3976,4232,-19704,62,-873,-67,0
S,90968873,frombelow,82,0,1557,1520,-512,-2880,-16432,40,-1328,91,0
S,90978873,frombelow,82,0,1557,1520,2624,-5008,-13968,84,-1538,-48,0
S,90988873,frombelow,82,0,1557,1520,1080,-9016,-24080,37,-1513,83,0
S,90998873,frombelow,82,0,1557,1520,-1664,-1360,-15952,22,-1385,109,0
S,91008873,frombelow,82,0,1557,1520,2128,-2912,-17872,-41,-983,-152,0
S,91018873,frombelow,82,0,1557,1520,-2424,-2560,-14400,93,-555,-53,0
S,91028873,frombelow,82,0,1557,1520,-1472,-2456,-15336,103,159,-29,0
S,91038873,frombelow,82,0,1557,1520,-336,1096,-16552,139,574,-31,0
S,91048873,frombelow,82,0,1557,1520,-2776,-1464,-17560,47,808,-27,0
S,91058873,frombelow,82,0,1557,1520,-1688,-144,-16608,-47,728,-119,0
S,91068873,frombelow,82,0,1557,1520,1424,464,-16336,-64,628,-67,0
S,91078873,frombelow,82,0,1557,1520,-1920,-576,-17824,-36,492,-64,0
S,91088873,frombelow,82,0,1557,1520,-1888,-472,-17024,34,327,-33,0
S,91098873,frombelow,82,0,1557,1520,-216,-1112,-16464,98,97,-88,0
S,91108873,frombelow,82,0,1557,1520,-1136,-152,-16944,110,-94,-58,0
S,91118873,frombelow,82,0,1557,1520,-568,-640,-17056,70,-252,-1,0
S,91128873,frombelow,82,0,1557,1520,-792,-1160,-17528,27,-290,16,0
S,91138873,frombelow,82,0,1557,1520,-1456,-1104,-17392,14,-250,59,0
S,91148873,frombelow,82,0,1557,1520,-952,-1168,-17056,-2,-203,-29,0
S,91158873,frombelow,82,0,1557,1520,-1000,-1432,-17280,-4,-97,-12,0
S,91168873,frombelow,82,0,1557,1520,-576,-752,-17008,27,-3,-29,0
S,91178873,frombelow,82,0,1557,1520,-1024,-1368,-17056,46,101,-30,0
S,91188873,frombelow,82,0,1557,1520,-752,-800,-17240,60,144,-34,0
S,91198873,frombelow,82,0,1557,1520,-792,-944,-17088,65,138,-39,0
S,91208873,frombelow,82,0,1557,1520,-1080,-920,-17144,42,111,-30,0
S,91218873,frombelow,82,0,1557,1520,-1000,-896,-17296,33,48,-31,0
S,91228873,frombelow,82,0,1557,1520,-728,-792,-17120,28,-3,-33,0
S,91238873,frombelow,82,0,1557,1520,-1160,-1184,-16880,35,-30,-30,0
S,91248873,frombelow,82,0,1557,1520,-1032,-960,-17192,37,-26,-28,0
S,91258873,frombelow,82,0,1557,1520,-728,-936,-17136,47,-8,-29,0
S,91268873,frombelow,82,0,1557,1520,-792,-960,-17048,50,29,-31,0
S,91278873,frombelow,82,0,1557,1520,-920,-952,-16888,36,53,-32,0
S,91288873,frombelow,82,0,1557,1520,-968,-1024,-17128,34,58,-29,0
S,91298873,frombelow,82,0,1557,1520,-832,-800,-17176,29,45,-33,0
S,91308873,frombelow,82,0,1557,1520,-936,-824,-17176,30,21,-26,0
S,91318873,frombelow,82,0,1557,1520,-864,-928,-17104,38,4,-34,0
E,92018256,fromabove,83,0,1557,1520,,,,,,,0
S,92018887,fromabove,83,0,1557,1520,-2272,-896,-16992,33,30,-27,0
S,92028877,fromabove,83,0,1557,1520,-528,-3160,-16832,38,83,-5,0
S,92038875,fromabove,83,0,1557,1520,-3072,3264,-20064,38,275,-150,0
S,92048875,fromabove,83,0,1557,1520,-9672,-3680,-18696,175,610,-74,0
S,92058876,fromabove,83,0,1557,1520,-1456,1880,-17352,229,1041,-83,0
S,92068876,fromabove,83,0,1557,1520,-2832,1256,-16120,215,1331,-126,0
S,92078875,fromabove,83,0,1557,1520,-5376,1496,-17408,174,1403,-125,0
S,92088875,fromabove,83,0,1557,1520,-3184,-1416,-18064,49,1201,-323,0
S,92098876,fromabove,83,0,1557,1520,552,-232,-15672,-60,1142,-109,0
S,92108875,fromabove,83,0,1557,1520,664,-2384,-16192,-86,873,-84,0
S,92118875,fromabove,83,0,1557,1520,-368,440,-16968,-40,604,-47,0
S,92128875,fromabove,83,0,1557,1520,-1008,-1104,-16448,22,266,-55,0
S,92138875,fromabove,83,0,1557,1520,-552,-1168,-16392,71,-50,-31,0
S,92148875,fromabove,83,0,1557,1520,-528,-536,-16880,105,-290,7,0
S,92158876,fromabove,83,0,1557,1520,-56,-288,-17248,84,-342,40,0
S,92168876,fromabove,83,0,1557,1520,-2576,-1168,-17000,30,-347,44,0
S,92178876,fromabove,83,0,1557,1520,696,-656,-17344,-8,-320,0,0
S,92188875,fromabove,83,0,1557,1520,-776,-1072,-17016,-8,-248,-25,0
S,92198876,fromabove,83,0,1557,1520,832,-2360,-17336,2,-90,29,0
S,92208875,fromabove,83,0,1557,1520,-1400,-648,-16960,62,70,-6,0
S,92218875,fromabove,83,0,1557,1520,-752,-648,-17048,96,190,-35,0
S,92228876,fromabove,83,0,1557,1520,-552,-1016,-17080,76,228,-50,0
S,92238876,fromabove,83,0,1557,1520,-1168,-1072,-16784,15,175,-40,0
S,92248875,fromabove,83,0,1557,1520,-1272,-1056,-16944,-14,97,-26,0
S,92258875,fromabove,83,0,1557,1520,-688,-1056,-17192,4,-2,-29,0
S,92268875,fromabove,83,0,1557,1520,-896,-1032,-17152,47,-59,-25,0
S,92278875,fromabove,83,0,1557,1520,-888,-1224,-16976,96,-58,-32,0
S,92288875,fromabove,83,0,1557,1520,-1080,-808,-17072,86,-31,-27,0
S,92298875,fromabove,83,0,1557,1520,-632,-824,-17072,42,13,-27,0
S,92308875,fromabove,83,0,1557,1520,-984,-824,-17000,2,49,-34,0
S,92318875,fromabove,83,0,1557,1520,-1056,-1008,-17016,-10,68,-34,0
S,92328875,fromabove,83,0,1557,1520,-928,-920,-17176,23,57,-31,0
S,92338876,fromabove,83,0,1557,1520,-912,-976,-16936,57,31,-32,0
S,92348875,fromabove,83,0,1557,1520,-816,-960,-17032,63,3,-28,0
S,92358875,fromabove,83,0,1557,1520,-1048,-928,-17184,47,-17,-25,0
S,92368875,fromabove,83,0,1557,1520,-1056,-1064,-17064,29,-7,-35,0
S,92378875,fromabove,83,0,1557,1520,-1056,-968,-17112,26,24,-27,0
S,92388875,fromabove,83,0,1557,1520,-976,-1024,-17056,35,48,-31,0
S,92398875,fromabove,83,0,1557,1520,-896,-960,-17120,32,56,-31,0
S,92408875,fromabove,83,0,1557,1520,-888,-848,-17040,38,29,-29,0
S,92418876,fromabove,83,0,1557,1520,-944,-928,-17088,37,6,-30,0
E,93118256,frombelow,84,0,1557,1520,,,,,,,0
S,93118886,frombelow,84,0,1557,1520,304,-944,-17112,34,19,-34,0
S,93128874,frombelow,84,0,1557,1520,1880,-1592,-16440,46,-8,-34,0
S,93138873,frombelow,84,0,1557,1520,4104,-7368,-19504,52,-277,-481,0
S,93148873,frombelow,84,0,1557,1520,-4848,1008,-19384,90,-435,-144,0
S,93158873,frombelow,84,0,1557,1520,6216,816,-20464,54,-871,-34,0
S,93168873,frombelow,84,0,1557,1520,2328,504,-15896,45,-1319,75,0
S,93178873,frombelow,84,0,1557,1520,-2112,-5456,-12360,97,-1557,-15,0
S,93188873,frombelow,84,0,1557,1520,472,-11624,-23024,30,-1544,39,0
S,93198873,frombelow,84,0,1557,1520,-5560,-4016,-16616,20,-1423,88,0
S,93208873,frombelow,84,0,1557,1520,2224,4024,-17096,-41,-1026,-174,0
S,93218873,frombelow,84,0,1557,1520,1664,-2664,-13568,100,-547,-24,0
S,93228873,frombelow,84,0,1557,1520,1216,-656,-15224,113,123,-43,0
S,93238873,frombelow,84,0,1557,1520,912,2432,-16552,146,605,-23,0
S,93248873,frombelow,84,0,1557,1520,-2744,-368,-17472,48,821,-44,0
S,93258873,frombelow,84,0,1557,1520,-2248,-1120,-17256,-73,759,-140,0
S,93268873,frombelow,84,0,1557,1520,2928,216,-16384,-73,662,-79,0
S,93278873,frombelow,84,0,1557,1520,-2592,-760,-17656,-48,513,-57,0
S,93288873,frombelow,84,0,1557,1520,-1408,-1904,-16992,31,326,-45,0
S,93298874,frombelow,84,0,1557,1520,-1216,-1120,-16416,100,119,-76,0
S,93308873,frombelow,84,0,1557,1520,-1000,-456,-16520,118,-94,-66,0
S,93318873,frombelow,84,0,1557,1520,-416,-928,-17064,82,-230,-3,0
S,93328873,frombelow,84,0,1557,1520,-672,-1120,-17400,41,-269,14,0
S,93338873,frombelow,84,0,1557,1520,-1896,-1016,-17544,12,-237,57,0
S,93348873,frombelow,84,0,1557,1520,-696,-864,-17224,1,-200,-27,0
S,93358873,frombelow,84,0,1557,1520,-1224,-1440,-17032,-11,-112,-22,0
S,93368873,frombelow,84,0,1557,1520,-592,-1680,-16984,4,-8,-30,0
S,93378873,frombelow,84,0,1557,1520,-968,-1280,-16784,38,86,-30,0
S,93388873,frombelow,84,0,1557,1520,-760,-864,-17200,68,145,-35,0
S,93398873,frombelow,84,0,1557,1520,-672,-1096,-17016,68,135,-41,0
S,93408873,frombelow,84,0,1557,1520,-1112,-1096,-17104,56,110,-25,0
S,93418873,frombelow,84,0,1557,1520,-744,-768,-17264,38,48,-29,0
S,93428873,frombelow,84,0,1557,1520,-832,-808,-16968,29,0,-32,0
S,93438873,frombelow,84,0,1557,1520,-1024,-976,-16840,22,-33,-31,0
S,93448873,frombelow,84,0,1557,1520,-696,-1040,-17024,37,-30,-23,0
S,93458873,frombelow,84,0,1557,1520,-632,-1040,-17048,43,-10,-22,0
S,93468873,frombelow,84,0,1557,1520,-736,-1032,-17032,49,33,-30,0
S,93478873,frombelow,84,0,1557,1520,-1040,-760,-17048,55,56,-26,0
S,93488873,frombelow,84,0,1557,1520,-920,-864,-17176,35,58,-32,0
S,93498873,frombelow,84,0,1557,1520,-808,-880,-17192,30,33,-31,0
S,93508873,frombelow,84,0,1557,1520,-928,-928,-17176,25,11,-25,0
S,93518873,frombelow,84,0,1557,1520,-864,-864,-17048,29,-1,-28,0
E,94218256,fromabove,85,0,1557,1520,,,,,,,0
S,94218887,fromabove,85,0,1557,1520,-2312,-1000,-17024,38,27,-34,0
S,94228877,fromabove,85,0,1557,1520,-4168,-416,-17488,29,26,-33,0
S,94238876,fromabove,85,0,1557,1520,-5328,368,-18392,60,256,111,0
S,94248875,fromabove,85,0,1557,1520,-3312,1288,-14776,167,601,-61,0
S,94258875,fromabove,85,0,1557,1520,-792,-384,-19040,252,978,-17,0
S,94268876,fromabove,85,0,1557,1520,-5544,496,-17024,233,1301,-89,0
S,94278875,fromabove,85,0,1557,1520,1160,-288,-17632,192,1408,-47,0
S,94288875,fromabove,85,0,1557,1520,-4712,584,-17320,67,1273,-190,0
S,94298875,fromabove,85,0,1557,1520,2896,-176,-15704,-57,1127,-99,0
S,94308875,fromabove,85,0,1557,1520,-2736,-1880,-17432,-82,890,-51,0
S,94318875,fromabove,85,0,1557,1520,120,-1496,-17216,-22,602,-86,0
S,94328875,fromabove,85,0,1557,1520,-2056,-1064,-16784,19,293,-34,0
S,94338876,fromabove,85,0,1557,1520,-904,-608,-16640,71,-42,-32,0
S,94348876,fromabove,85,0,1557,1520,-512,-880,-17176,93,-246,-10,0
S,94358876,fromabove,85,0,1557,1520,-584,-944,-17728,89,-311,37,0
S,94368875,fromabove,85,0,1557,1520,-2344,-856,-17360,40,-321,24,0
S,94378875,fromabove,85,0,1557,1520,152,-640,-17256,7,-301,51,0
S,94388875,fromabove,85,0,1557,1520,-608,-1040,-16928,-14,-229,-6,0
S,94398876,fromabove,85,0,1557,1520,-1528,-904,-17344,-7,-65,5,0
S,94408876,fromabove,85,0,1557,1520,-232,-1464,-17136,46,80,-19,0
S,94418875,fromabove,85,0,1557,1520,-216,-1224,-16840,86,198,-41,0
S,94428876,fromabove,85,0,1557,1520,-824,-688,-17008,77,232,-49,0
S,94438875,fromabove,85,0,1557,1520,-184,-848,-17112,29,170,-37,0
S,94448875,fromabove,85,0,1557,1520,-1224,-920,-17240,-11,67,-34,0
S,94458875,fromabove,85,0,1557,1520,-760,-1136,-17200,1,-12,-25,0
S,94468875,fromabove,85,0,1557,1520,-1104,-1112,-16968,37,-63,-23,0
S,94478875,fromabove,85,0,1557,1520,-944,-848,-17048,81,-55,-19,0
S,94488875,fromabove,85,0,1557,1520,-824,-1480,-17008,91,-17,-25,0
S,94498875,fromabove,85,0,1557,1520,-936,-1120,-16928,60,23,-24,0
S,94508875,fromabove,85,0,1557,1520,-1136,-808,-17056,9,51,-25,0
S,94518875,fromabove,85,0,1557,1520,-1104,-1080,-17064,-8,61,-28,0
S,94528876,fromabove,85,0,1557,1520,-968,-872,-16888,10,49,-30,0
S,94538875,fromabove,85,0,1557,1520,-872,-896,-17168,37,28,-27,0
S,94548876,fromabove,85,0,1557,1520,-824,-960,-17104,71,1,-27,0
S,94558875,fromabove,85,0,1557,1520,-904,-928,-17176,84,-9,-32,0
S,94568876,fromabove,85,0,1557,1520,-960,-1032,-16976,52,0,-30,0
S,94578875,fromabove,85,0,1557,1520,-960,-1008,-17088,20,25,-29,0
S,94588875,fromabove,85,0,1557,1520,-1120,-920,-17088,12,42,-32,0
S,94598876,fromabove,85,0,1557,1520,-856,-936,-17040,28,52,-28,0
S,94608875,fromabove,85,0,1557,1520,-992,-976,-17040,49,39,-30,0
S,94618875,fromabove,85,0,1557,1520,-960,-1016,-17256,57,11,-33,0
E,95318256,frombelow,86,0,1557,1520,,,,,,,0
S,95318886,frombelow,86,0,1557,1520,328,-920,-17152,38,20,-30,0
S,95328874,frombelow,86,0,1557,1520,3240,-792,-16848,44,7,-34,0
S,95338873,frombelow,86,0,1557,1520,-7136,-3304,-19232,47,-268,-548,0
S,95348874,frombelow,86,0,1557,1520,-1200,-2520,-20312,92,-454,-187,0
S,95358873,frombelow,86,0,1557,1520,3280,296,-18368,57,-838,-100,0
S,95368873,frombelow,86,0,1557,1520,1880,-1720,-16200,47,-1269,77,0
S,95378873,frombelow,86,0,1557,1520,2088,-3744,-13736,80,-1502,-21,0
S,95388873,frombelow,86,0,1557,1520,-4536,-8488,-23632,45,-1487,36,0
S,95398873,frombelow,86,0,1557,1520,-4064,-2744,-16616,28,-1389,106,0
S,95408873,frombelow,86,0,1557,1520,4672,3928,-17600,-14,-1031,-137,0
S,95418873,frombelow,86,0,1557,1520,-912,-4752,-14400,85,-597,-78,0
S,95428873,frombelow,86,0,1557,1520,912,528,-15928,113,79,-35,0
S,95438873,frombelow,86,0,1557,1520,1360,-1256,-16528,147,522,-36,0
S,95448873,frombelow,86,0,1557,1520,-2048,-776,-17192,51,773,-16,0
S,95458873,frombelow,86,0,1557,1520,-1480,-760,-16680,-89,710,-132,0
S,95468873,frombelow,86,0,1557,1520,1816,328,-15816,-76,611,-63,0
S,95478873,frombelow,86,0,1557,1520,-1896,-992,-17448,-39,462,-55,0
S,95488873,frombelow,86,0,1557,1520,-896,-712,-17096,33,305,-39,0
S,95498873,frombelow,86,0,1557,1520,-1128,192,-16856,94,94,-107,0
S,95508873,frombelow,86,0,1557,1520,-1568,-664,-16952,124,-83,-52,0
S,95518873,frombelow,86,0,1557,1520,-648,-824,-17216,86,-213,-8,0
S,95528873,frombelow,86,0,1557,1520,-800,-976,-17288,47,-248,10,0
S,95538873,frombelow,86,0,1557,1520,-2016,-1008,-17384,15,-211,45,0
S,95548873,frombelow,86,0,1557,1520,-584,-760,-17088,-4,-182,-20,0
S,95558873,frombelow,86,0,1557,1520,-704,424,-17192,-15,-93,-30,0
S,95568873,frombelow,86,0,1557,1520,-816,-1688,-17176,8,-13,-28,0
S,95578873,frombelow,86,0,1557,1520,-968,-1256,-16720,33,88,-27,0
S,95588873,frombelow,86,0,1557,1520,-528,-800,-17032,63,131,-29,0
S,95598873,frombelow,86,0,1557,1520,-776,-1096,-17040,77,133,-36,0
S,95608873,frombelow,86,0,1557,1520,-760,-1024,-17088,61,96,-27,0
S,95618873,frombelow,86,0,1557,1520,-1208,-608,-17256,51,47,-26,0
S,95628873,frombelow,86,0,1557,1520,-904,-984,-17120,27,-2,-32,0
S,95638873,frombelow,86,0,1557,1520,-1104,-1032,-16992,17,-28,-33,0
S,95648873,frombelow,86,0,1557,1520,-816,-848,-17024,28,-15,-27,0
S,95658873,frombelow,86,0,1557,1520,-888,-976,-17200,44,13,-32,0
S,95668873,frombelow,86,0,1557,1520,-944,-816,-17080,50,42,-35,0
S,95678873,frombelow,86,0,1557,1520,-1032,-872,-16904,50,53,-30,0
S,95688873,frombelow,86,0,1557,1520,-1048,-704,-17168,36,44,-36,0
S,95698873,frombelow,86,0,1557,1520,-736,-1000,-17208,26,17,-33,0
S,95708873,frombelow,86,0,1557,1520,-648,-1080,-17160,25,6,-29,0
S,95718873,frombelow,86,0,1557,1520,-800,-1056,-17088,31,8,-29,0
E,96418256,fromabove,87,0,1557,1520,,,,,,,0
S,96418887,fromabove,87,0,1557,1520,-2264,-912,-16896,40,26,-32,0
S,96428876,fromabove,87,0,1557,1520,-4944,-1144,-17272,31,41,-40,0
S,96438875,fromabove,87,0,1557,1520,-7184,624,-18680,61,241,73,0
S,96448876,fromabove,87,0,1557,1520,-2568,2448,-12816,177,576,61,0
S,96458875,fromabove,87,0,1557,1520,-2736,296,-19048,254,982,-36,0
S,96468876,fromabove,87,0,1557,1520,-1880,-3984,-16480,238,1298,-45,0
S,96478875,fromabove,87,0,1557,1520,1424,424,-17640,184,1400,31,0
S,96488875,fromabove,87,0,1557,1520,-1776,104,-16768,65,1263,-199,0
S,96498876,fromabove,87,0,1557,1520,3152,1080,-15336,-38,1128,-66,0
S,96508875,fromabove,87,0,1557,1520,-2992,-3704,-16816,-59,873,-84,0
S,96518875,fromabove,87,0,1557,1520,-704,-512,-17664,-22,593,-80,0
S,96528875,fromabove,87,0,1557,1520,-776,-720,-16528,14,247,-41,0
S,96538875,fromabove,87,0,1557,1520,-1376,-784,-16592,58,-58,-31,0
S,96548875,fromabove,87,0,1557,1520,-1024,-792,-16864,90,-263,13,0
S,96558875,fromabove,87,0,1557,1520,-664,-1136,-17856,87,-306,54,0
S,96568875,fromabove,87,0,1557,1520,-1368,-976,-16984,48,-329,13,0
S,96578875,fromabove,87,0,1557,1520,-3616,-416,-17456,7,-294,-9,0
S,96588876,fromabove,87,0,1557,1520,-2112,1216,-17008,-13,-192,17,0
S,96598875,fromabove,87,0,1557,1520,-1440,-1544,-16648,1,-42,2,0
S,96608875,fromabove,87,0,1557,1520,-1104,-968,-17384,56,130,-19,0
S,96618875,fromabove,87,0,1557,1520,-816,-304,-17160,89,230,-34,0
S,96628875,fromabove,87,0,1557,1520,-1336,-608,-16816,68,247,-44,0
S,96638875,fromabove,87,0,1557,1520,-1280,-928,-17120,19,157,-46,0
S,96648875,fromabove,87,0,1557,1520,-1024,-944,-17224,-13,50,-32,0
S,96658875,fromabove,87,0,1557,1520,-688,-792,-17128,4,-50,-29,0
S,96668875,fromabove,87,0,1557,1520,-864,-1168,-16888,42,-78,-27,0
S,96678875,fromabove,87,0,1557,1520,-720,-1536,-17040,77,-56,-29,0
S,96688875,fromabove,87,0,1557,1520,-824,-1480,-17200,92,-7,-23,0
S,96698876,fromabove,87,0,1557,1520,-904,-784,-17104,61,46,-27,0
S,96708876,fromabove,87,0,1557,1520,-1168,-952,-17008,4,72,-32,0
S,96718875,fromabove,87,0,1557,1520,-888,-984,-17064,-17,67,-30,0
S,96728875,fromabove,87,0,1557,1520,-728,-1000,-16888,5,41,-26,0
S,96738875,fromabove,87,0,1557,1520,-928,-1056,-17032,49,11,-31,0
S,96748875,fromabove,87,0,1557,1520,-1016,-1104,-17072,74,-6,-30,0
S,96758875,fromabove,87,0,1557,1520,-824,-1024,-17240,83,-7,-28,0
S,96768876,fromabove,87,0,1557,1520,-1128,-768,-16968,56,10,-33,0
S,96778876,fromabove,87,0,1557,1520,-1040,-928,-17016,22,27,-28,0
S,96788875,fromabove,87,0,1557,1520,-872,-840,-17112,-4,42,-30,0
S,96798875,fromabove,87,0,1557,1520,-760,-1088,-17064,23,44,-27,0
S,96808875,fromabove,87,0,1557,1520,-1160,-1064,-17200,58,30,-24,0
S,96818875,fromabove,87,0,1557,1520,-960,-928,-17312,59,13,-30,0
E,97518256,frombelow,88,0,1557,1520,,,,,,,0
S,97518886,frombelow,88,0,1557,1520,256,-816,-17072,37,19,-32,0
S,97528874,frombelow,88,0,1557,1520,-856,728,-16992,41,2,-55,0
S,97538873,frombelow,88,0,1557,1520,-3496,1376,-22176,71,-269,-181,0
S,97548873,frombelow,88,0,1557,1520,8584,-1016,-20584,71,-502,-69,0
S,97558873,frombelow,88,0,1557,1520,176,-2144,-21944,53,-925,111,0
S,97568873,frombelow,88,0,1557,1520,-4400,344,-17328,59,-1328,47,0
S,97578873,frombelow,88,0,1557,1520,-704,-3504,-12632,123,-1480,-104,0
S,97588873,frombelow,88,0,1557,1520,8496,-1992,-18552,103,-1492,-59,0
S,97598873,frombelow,88,0,1557,1520,-3664,-4392,-19880,56,-1350,59,0
S,97608873,frombelow,88,0,1557,1520,112,1288,-19064,-27,-957,-92,0
S,97618873,frombelow,88,0,1557,1520,792,-1824,-12864,105,-418,29,0
S,97628873,frombelow,88,0,1557,1520,-640,8,-15336,120,231,-23,0
S,97638873,frombelow,88,0,1557,1520,-1016,3408,-17016,125,669,-30,0
S,97648873,frombelow,88,0,1557,1520,-2416,-248,-16752,37,804,-53,0
S,97658873,frombelow,88,0,1557,1520,-1720,-992,-18120,-20,691,-210,0
S,97668873,frombelow,88,0,1557,1520,1472,-1408,-16232,-92,637,-21,0
S,97678873,frombelow,88,0,1557,1520,-520,-88,-16704,-28,467,-39,0
S,97688873,frombelow,88,0,1557,1520,-1016,-1832,-17256,55,276,-30,0
S,97698873,frombelow,88,0,1557,1520,424,-1256,-16744,106,59,-44,0
S,97708873,frombelow,88,0,1557,1520,-312,-808,-16472,102,-154,-21,0
S,97718873,frombelow,88,0,1557,1520,-600,-592,-16528,68,-256,9,0
S,97728873,frombelow,88,0,1557,1520,-392,-824,-16608,27,-273,26,0
S,97738873,frombelow,88,0,1557,1520,-1400,-464,-17520,8,-246,0,0
S,97748873,frombelow,88,0,1557,1520,-552,-624,-17328,-6,-188,-24,0
S,97758873,frombelow,88,0,1557,1520,-688,-1592,-17168,-5,-89,-31,0
S,97768873,frombelow,88,0,1557,1520,-248,-816,-17200,21,15,-25,0
S,97778873,frombelow,88,0,1557,1520,-328,-528,-17224,48,91,-25,0
S,97788873,frombelow,88,0,1557,1520,-1000,-1384,-17136,63,131,-33,0
S,97798873,frombelow,88,0,1557,1520,-824,-1168,-16976,62,119,-36,0
S,97808873,frombelow,88,0,1557,1520,-1048,-976,-17032,49,87,-25,0
S,97818873,frombelow,88,0,1557,1520,-1152,-792,-17144,35,38,-24,0
S,97828873,frombelow,88,0,1557,1520,-824,-696,-17144,23,-6,-34,0
S,97838873,frombelow,88,0,1557,1520,-840,-960,-17096,30,-32,-24,0
S,97848873,frombelow,88,0,1557,1520,-1064,-1064,-17048,39,-20,-25,0
S,97858873,frombelow,88,0,1557,1520,-840,-1024,-17056,43,3,-31,0
S,97868873,frombelow,88,0,1557,1520,-992,-1008,-16984,49,30,-30,0
S,97878873,frombelow,88,0,1557,1520,-856,-872,-16896,46,47,-30,0
S,97888873,frombelow,88,0,1557,1520,-992,-944,-16944,35,51,-30,0
S,97898873,frombelow,88,0,1557,1520,-936,-1008,-17024,24,42,-33,0
S,97908873,frombelow,88,0,1557,1520,-1024,-808,-17184,27,18,-29,0
S,97918873,frombelow,88,0,1557,1520,-816,-840,-17040,35,10,-32,0
E,98618256,fromabove,89,0,1557,1520,,,,,,,0
S,98618887,fromabove,89,0,1557,1520,-2192,-976,-17048,32,23,-30,0
S,98628877,fromabove,89,0,1557,1520,4056,-3400,-16680,36,76,-6,0
S,98638876,fromabove,89,0,1557,1520,-784,2776,-18392,53,262,-13,0
S,98648875,fromabove,89,0,1557,1520,-8016,-1440,-17640,170,601,-102,0
S,98658875,fromabove,89,0,1557,1520,-5368,-696,-18136,250,1008,-99,0
S,98668875,fromabove,89,0,1557,1520,-4664,1384,-15920,246,1297,-137,0
S,98678875,fromabove,89,0,1557,1520,-2040,-104,-17088,176,1385,-101,0
S,98688875,fromabove,89,0,1557,1520,176,-2000,-18208,64,1202,-285,0
S,98698875,fromabove,89,0,1557,1520,1032,512,-15176,-49,1117,-78,0
S,98708875,fromabove,89,0,1557,1520,-352,-1520,-16136,-70,842,-96,0
S,98718875,fromabove,89,0,1557,1520,-144,-792,-17136,-39,564,-65,0
S,98728875,fromabove,89,0,1557,1520,-2272,-1256,-16992,15,271,-46,0
S,98738876,fromabove,89,0,1557,1520,-1304,-1064,-16752,66,-40,-24,0
S,98748875,fromabove,89,0,1557,1520,-848,-880,-16864,98,-255,-12,0
S,98758876,fromabove,89,0,1557,1520,-568,-512,-17304,86,-321,47,0
S,98768875,fromabove,89,0,1557,1520,-2112,-1184,-17184,28,-334,25,0
S,98778875,fromabove,89,0,1557,1520,448,840,-17480,-20,-302,41,0
S,98788875,fromabove,89,0,1557,1520,232,-552,-16864,-25,-237,-5,0
S,98798875,fromabove,89,0,1557,1520,-936,-1424,-16736,-2,-68,-5,0
S,98808876,fromabove,89,0,1557,1520,-320,-1616,-17272,55,89,-15,0
S,98818875,fromabove,89,0,1557,1520,-680,-1808,-16952,101,210,-44,0
S,98828875,fromabove,89,0,1557,1520,-1360,-336,-16832,72,235,-44,0
S,98838875,fromabove,89,0,1557,1520,-1104,-608,-16920,17,170,-41,0
S,98848875,fromabove,89,0,1557,1520,-1160,-1136,-17192,-15,65,-35,0
S,98858876,fromabove,89,0,1557,1520,-640,-1096,-17128,0,-39,-34,0
S,98868875,fromabove,89,0,1557,1520,-1032,-1056,-17024,45,-69,-25,0
S,98878875,fromabove,89,0,1557,1520,-1288,-1120,-16888,86,-55,-32,0
S,98888875,fromabove,89,0,1557,1520,-976,-624,-17328,89,-10,-32,0
S,98898876,fromabove,89,0,1557,1520,-1168,-640,-17160,51,24,-32,0
S,98908876,fromabove,89,0,1557,1520,-992,-1160,-17016,3,58,-28,0
S,98918876,fromabove,89,0,1557,1520,-1176,-856,-17088,-12,64,-26,0
S,98928876,fromabove,89,0,1557,1520,-864,-1056,-17160,10,44,-23,0
S,98938875,fromabove,89,0,1557,1520,-880,-1008,-17160,49,18,-29,0
S,98948875,fromabove,89,0,1557,1520,-976,-752,-17040,75,-3,-24,0
S,98958875,fromabove,89,0,1557,1520,-1048,-1144,-17120,71,-10,-28,0
S,98968876,fromabove,89,0,1557,1520,-1248,-960,-17104,37,11,-25,0
S,98978875,fromabove,89,0,1557,1520,-984,-1048,-17000,16,30,-29,0
S,98988875,fromabove,89,0,1557,1520,-984,-944,-17080,22,56,-24,0
S,98998875,fromabove,89,0,1557,1520,-888,-1096,-16992,29,53,-25,0
S,99008875,fromabove,89,0,1557,1520,-1000,-1032,-17016,48,33,-32,0
S,99018876,fromabove,89,0,1557,1520,-1064,-1016,-17184,46,6,-30,0
E,99718256,frombelow,90,0,1557,1520,,,,,,,0
S,99718886,frombelow,90,0,1557,1520,304,-968,-17072,35,19,-29,0
S,99728874,frombelow,90,0,1557,1520,-72,-1304,-16872,43,2,-24,0
S,99738873,frombelow,90,0,1557,1520,-13888,-1576,-18968,26,-265,-570,0
S,99748873,frombelow,90,0,1557,1520,-2072,1016,-19832,41,-445,-157,0
S,99758873,frombelow,90,0,1557,1520,2576,-1560,-20992,48,-833,-35,0
S,99768873,frombelow,90,0,1557,1520,-1152,-3648,-17632,43,-1284,83,0
S,99778873,frombelow,90,0,1557,1520,896,-4408,-12968,63,-1501,32,0
S,99788873,frombelow,90,0,1557,1520,2056,-13360,-22816,45,-1536,42,0
S,99798873,frombelow,90,0,1557,1520,-1584,-4344,-17840,22,-1397,103,0
S,99808873,frombelow,90,0,1557,1520,4888,1464,-18512,-19,-1064,-138,0
S,99818873,frombelow,90,0,1557,1520,-3504,-2448,-13920,77,-612,-125,0
S,99828873,frombelow,90,0,1557,1520,848,-3056,-16288,115,93,-40,0
S,99838873,frombelow,90,0,1557,1520,392,-464,-16824,156,546,-37,0
S,99848873,frombelow,90,0,1557,1520,-2880,-1160,-16904,52,819,-18,0
S,99858873,frombelow,90,0,1557,1520,-1616,-264,-16432,-60,746,-112,0
S,99868873,frombelow,90,0,1557,1520,1776,776,-15344,-80,657,-69,0
S,99878873,frombelow,90,0,1557,1520,-1928,-1128,-17264,-50,498,-79,0
S,99888873,frombelow,90,0,1557,1520,-600,-736,-17040,30,331,-49,0
S,99898873,frombelow,90,0,1557,1520,-520,-888,-16632,94,108,-92,0
S,99908873,frombelow,90,0,1557,1520,-4104,1464,-17032,120,-98,-65,0
S,99918873,frombelow,90,0,1557,1520,72,-1800,-17208,90,-234,-4,0
S,99928873,frombelow,90,0,1557,1520,-1184,-1256,-17592,45,-279,9,0
S,99938873,frombelow,90,0,1557,1520,-1784,-920,-17528,15,-246,68,0
S,99948873,frombelow,90,0,1557,1520,-440,-856,-16840,-6,-217,-24,0
S,99958873,frombelow,90,0,1557,1520,-792,-1256,-17176,-12,-113,-19,0
S,99968873,frombelow,90,0,1557,1520,-488,-680,-17232,-1,-21,-27,0
S,99978873,frombelow,90,0,1557,1520,-1472,-648,-16952,38,85,-29,0
S,99988873,frombelow,90,0,1557,1520,-1176,-1320,-16888,64,141,-35,0
S,99998873,frombelow,90,0,1557,1520,-800,-1048,-17096,69,134,-37,0
S,100008873,frombelow,90,0,1557,1520,-960,-1192,-17112,61,109,-29,0
S,100018873,frombelow,90,0,1557,1520,-944,-728,-17336,40,58,-29,0
S,100028873,frombelow,90,0,1557,1520,-1008,-944,-17152,34,1,-26,0
S,100038873,frombelow,90,0,1557,1520,-1032,-1064,-17048,19,-31,-27,0
S,100048873,frombelow,90,0,1557,1520,-1056,-992,-17016,32,-32,-29,0
S,100058873,frombelow,90,0,1557,1520,-832,-864,-17184,39,-17,-26,0
S,100068873,frombelow,90,0,1557,1520,-816,-1072,-16992,47,23,-27,0
S,100078873,frombelow,90,0,1557,1520,-1112,-1160,-17008,52,56,-30,0
S,100088873,frombelow,90,0,1557,1520,-664,-816,-17152,35,58,-27,0
S,100098873,frombelow,90,0,1557,1520,-872,-840,-17136,28,37,-29,0
S,100108873,frombelow,90,0,1557,1520,-872,-984,-17056,26,13,-33,0
S,100118873,frombelow,90,0,1557,1520,-944,-1000,-17120,33,5,-34,0
E,100818256,fromabove,91,0,1557,1520,,,,,,,0
S,100818888,fromabove,91,0,1557,1520,-2216,-832,-16952,36,26,-30,0
S,100828878,fromabove,91,0,1557,1520,-2912,-912,-17400,33,46,-39,0
S,100838877,fromabove,91,0,1557,1520,-3320,-416,-18760,61,252,166,0
S,100848876,fromabove,91,0,1557,1520,-2264,1000,-11640,174,570,99,0
S,100858876,fromabove,91,0,1557,1520,-3968,-3312,-17688,252,968,9,0
S,100868876,fromabove,91,0,1557,1520,-1904,-272,-16712,246,1287,-57,0
S,100878876,fromabove,91,0,1557,1520,-2680,-2232,-17192,177,1391,-8,0
S,100888876,fromabove,91,0,1557,1520,-3048,456,-16696,68,1251,-156,0
S,100898877,fromabove,91,0,1557,1520,1648,1088,-15504,-32,1103,-192,0
S,100908876,fromabove,91,0,1557,1520,-2768,-1720,-17384,-97,879,-75,0
S,100918876,fromabove,91,0,1557,1520,-1080,-3224,-17040,-73,662,-22,0
S,100928877,fromabove,91,0,1557,1520,-1336,-168,-16816,8,332,-59,0
S,100938876,fromabove,91,0,1557,1520,-1696,-328,-17600,66,13,-35,0
S,100948876,fromabove,91,0,1557,1520,-624,-1712,-17584,108,-250,2,0
S,100958876,fromabove,91,0,1557,1520,-488,-816,-17752,109,-348,38,0
S,100968876,fromabove,91,0,1557,1520,-2248,-904,-17176,57,-340,57,0
S,100978877,fromabove,91,0,1557,1520,-768,-640,-17176,8,-334,36,0
S,100988876,fromabove,91,0,1557,1520,-64,-840,-16720,-29,-252,-26,0
S,100998876,fromabove,91,0,1557,1520,-1096,-1032,-16992,-17,-90,3,0
S,101008876,fromabove,91,0,1557,1520,-1168,-1176,-17024,37,91,-5,0
S,101018876,fromabove,91,0,1557,1520,-912,-864,-16640,90,233,-39,0
S,101028876,fromabove,91,0,1557,1520,-1288,-976,-17008,92,279,-46,0
S,101038876,fromabove,91,0,1557,1520,-1288,-648,-17336,43,199,-47,0
S,101048876,fromabove,91,0,1557,1520,-1120,-976,-17168,-11,91,-41,0
S,101058876,fromabove,91,0,1557,1520,-936,-736,-17104,-9,-26,-31,0
S,101068876,fromabove,91,0,1557,1520,-912,-1112,-17056,28,-70,-30,0
S,101078876,fromabove,91,0,1557,1520,-1552,-664,-17056,77,-72,-32,0
S,101088876,fromabove,91,0,1557,1520,-992,-520,-16896,98,-35,-27,0
S,101098876,fromabove,91,0,1557,1520,-776,-800,-17040,79,15,-30,0
S,101108876,fromabove,91,0,1557,1520,-984,-888,-17008,18,63,-30,0
S,101118876,fromabove,91,0,1557,1520,-920,-944,-16992,-19,73,-34,0
S,101128876,fromabove,91,0,1557,1520,-920,-1016,-17120,-10,61,-24,0
S,101138876,fromabove,91,0,1557,1520,-1112,-1056,-17192,30,25,-26,0
S,101148876,fromabove,91,0,1557,1520,-864,-1048,-16864,66,2,-30,0
S,101158876,fromabove,91,0,1557,1520,-808,-1264,-17264,81,-10,-28,0
S,101168876,fromabove,91,0,1557,1520,-1272,-952,-16896,65,3,-34,0
S,101178876,fromabove,91,0,1557,1520,-1112,-1040,-17048,23,19,-32,0
S,101188876,fromabove,91,0,1557,1520,-832,-1088,-17160,8,47,-30,0
S,101198877,fromabove,91,0,1557,1520,-920,-1080,-17112,17,50,-29,0
S,101208876,fromabove,91,0,1557,1520,-1024,-1040,-16920,45,44,-29,0
S,101218876,fromabove,91,0,1557,1520,-984,-960,-17048,54,18,-31,0
E,101918256,frombelow,92,0,1557,1520,,,,,,,0
S,101918887,frombelow,92,0,1557,1520,248,-1048,-17088,33,22,-31,0
S,101928876,frombelow,92,0,1557,1520,-1288,744,-17160,46,0,-49,0
S,101938874,frombelow,92,0,1557,1520,-7112,-176,-22328,78,-258,-238,0
S,101948874,frombelow,92,0,1557,1520,3632,-2600,-21512,65,-484,-109,0
S,101958874,frombelow,92,0,1557,1520,6120,-3152,-21976,57,-875,33,0
S,101968874,frombelow,92,0,1557,1520,-712,-4312,-16280,47,-1296,99,0
S,101978874,frombelow,92,0,1557,1520,-56,-3392,-14272,97,-1518,-87,0
S,101988874,frombelow,92,0,1557,1520,-1824,-5336,-22080,60,-1543,-71,0
S,101998874,frombelow,92,0,1557,1520,-344,-7464,-18304,24,-1392,122,0
S,102008875,frombelow,92,0,1557,1520,7088,800,-18128,-45,-982,-175,0
S,102018874,frombelow,92,0,1557,1520,3056,-3344,-12520,108,-418,11,0
S,102028874,frombelow,92,0,1557,1520,184,-2040,-15112,119,247,-13,0
S,102038875,frombelow,92,0,1557,1520,8,776,-17072,133,677,-35,0
S,102048874,frombelow,92,0,1557,1520,-3368,-1384,-17120,19,815,-55,0
S,102058874,frombelow,92,0,1557,1520,-2128,-1168,-18568,-68,695,-225,0
S,102068874,frombelow,92,0,1557,1520,-1848,-408,-16648,-92,644,-26,0
S,102078874,frombelow,92,0,1557,1520,-2536,-1496,-16808,-39,474,-28,0
S,102088874,frombelow,92,0,1557,1520,-88,-1240,-17280,60,244,-76,0
S,102098874,frombelow,92,0,1557,1520,-152,-1200,-17192,108,27,-58,0
S,102108874,frombelow,92,0,1557,1520,-296,-984,-16616,112,-180,-24,0
S,102118874,frombelow,92,0,1557,1520,-568,-288,-16664,77,-289,7,0
S,102128874,frombelow,92,0,1557,1520,-176,-960,-16528,36,-291,38,0
S,102138874,frombelow,92,0,1557,1520,-1936,-576,-17696,-6,-272,-9,0
S,102148874,frombelow,92,0,1557,1520,-424,-640,-17352,-6,-198,-30,0
S,102158874,frombelow,92,0,1557,1520,-1408,-1248,-17032,-2,-98,-35,0
S,102168874,frombelow,92,0,1557,1520,-496,-1224,-17288,16,28,-30,0
S,102178874,frombelow,92,0,1557,1520,-1504,-984,-17096,43,104,-36,0
S,102188874,frombelow,92,0,1557,1520,-1216,-920,-16832,69,162,-35,0
S,102198874,frombelow,92,0,1557,1520,-712,-784,-17120,69,144,-37,0
S,102208874,frombelow,92,0,1557,1520,-976,-792,-17000,56,105,-31,0
S,102218874,frombelow,92,0,1557,1520,-1000,-1120,-16960,42,47,-33,0
S,102228874,frombelow,92,0,1557,1520,-920,-896,-17056,25,-7,-29,0
S,102238874,frombelow,92,0,1557,1520,-840,-776,-17208,20,-32,-25,0
S,102248874,frombelow,92,0,1557,1520,-832,-1072,-17048,33,-36,-30,0
S,102258874,frombelow,92,0,1557,1520,-976,-1152,-17128,41,-6,-26,0
S,102268874,frombelow,92,0,1557,1520,-776,-952,-17096,53,29,-28,0
S,102278875,frombelow,92,0,1557,1520,-976,-1016,-17120,53,57,-28,0
S,102288875,frombelow,92,0,1557,1520,-848,-736,-17128,38,61,-30,0
S,102298875,frombelow,92,0,1557,1520,-1024,-680,-17104,23,40,-27,0
S,102308874,frombelow,92,0,1557,1520,-880,-944,-17184,25,15,-28,0
S,102318874,frombelow,92,0,1557,1520,-896,-880,-17024,36,0,-32,0
E,103018256,fromabove,93,0,1557,1520,,,,,,,0
S,103018888,fromabove,93,0,1557,1520,-2176,-872,-17048,36,22,-28,0
S,103028878,fromabove,93,0,1557,1520,4648,-2344,-17112,30,69,6,0
S,103038876,fromabove,93,0,1557,1520,-248,2808,-18120,56,252,-15,0
S,103048876,fromabove,93,0,1557,1520,-6168,-3928,-16544,172,626,-87,0
S,103058876,fromabove,93,0,1557,1520,-4520,360,-18760,249,1019,-102,0
S,103068876,fromabove,93,0,1557,1520,-1624,1104,-15488,225,1322,-141,0
S,103078876,fromabove,93,0,1557,1520,-2112,-168,-16768,160,1393,-122,0
S,103088876,fromabove,93,0,1557,1520,-4240,-1440,-18536,48,1217,-273,0
S,103098877,fromabove,93,0,1557,1520,-2784,-2248,-16320,-56,1093,-142,0
S,103108876,fromabove,93,0,1557,1520,4616,-936,-16592,-58,844,-120,0
S,103118876,fromabove,93,0,1557,1520,432,-288,-17240,-16,547,-77,0
S,103128876,fromabove,93,0,1557,1520,-2384,-440,-16728,19,227,-34,0
S,103138876,fromabove,93,0,1557,1520,-600,-1248,-16552,68,-98,-20,0
S,103148876,fromabove,93,0,1557,1520,-384,-1208,-16632,93,-286,15,0
S,103158876,fromabove,93,0,1557,1520,-976,-480,-17416,69,-329,40,0
S,103168876,fromabove,93,0,1557,1520,-1680,-640,-17016,27,-350,27,0
S,103178876,fromabove,93,0,1557,1520,-1568,-728,-17440,-7,-318,-24,0
S,103188876,fromabove,93,0,1557,1520,-1144,-40,-17688,-18,-217,-1,0
S,103198876,fromabove,93,0,1557,1520,-600,-2024,-16496,23,-33,-4,0
S,103208876,fromabove,93,0,1557,1520,-1192,-1400,-16976,70,139,-29,0
S,103218876,fromabove,93,0,1557,1520,-448,-416,-17472,85,240,-37,0
S,103228876,fromabove,93,0,1557,1520,-1320,-1064,-16784,52,232,-46,0
S,103238876,fromabove,93,0,1557,1520,-664,-848,-16968,7,154,-43,0
S,103248876,fromabove,93,0,1557,1520,-944,-752,-17016,-13,41,-29,0
S,103258876,fromabove,93,0,1557,1520,-696,-1064,-17240,7,-40,-25,0
S,103268876,fromabove,93,0,1557,1520,-968,-1232,-17120,58,-72,-20,0
S,103278876,fromabove,93,0,1557,1520,808,-1080,-16912,94,-64,-22,0
S,103288876,fromabove,93,0,1557,1520,-1144,-776,-16968,84,-11,-20,0
S,103298876,fromabove,93,0,1557,1520,-784,-856,-17064,38,39,-31,0
S,103308876,fromabove,93,0,1557,1520,-1040,-608,-17120,-7,66,-30,0
S,103318876,fromabove,93,0,1557,1520,-984,-976,-17088,-17,68,-40,0
S,103328876,fromabove,93,0,1557,1520,-904,-1200,-17040,19,46,-27,0
S,103338877,fromabove,93,0,1557,1520,-1016,-1064,-17144,59,11,-31,0
S,103348876,fromabove,93,0,1557,1520,-960,-1112,-17168,72,-6,-27,0
S,103358876,fromabove,93,0,1557,1520,-984,-1080,-17144,62,-8,-30,0
S,103368876,fromabove,93,0,1557,1520,-1080,-1088,-16984,31,10,-30,0
S,103378876,fromabove,93,0,1557,1520,-984,-864,-16920,20,34,-30,0
S,103388877,fromabove,93,0,1557,1520,-1032,-992,-17056,16,57,-34,0
S,103398876,fromabove,93,0,1557,1520,-856,-1024,-17008,37,55,-31,0
S,103408877,fromabove,93,0,1557,1520,-1000,-920,-16992,47,25,-33,0
S,103418876,fromabove,93,0,1557,1520,-1072,-960,-17080,40,3,-32,0
E,104118256,frombelow,94,0,1557,1520,,,,,,,0
S,104118886,frombelow,94,0,1557,1520,240,-1096,-17088,37,17,-30,0
S,104128875,frombelow,94,0,1557,1520,-128,-664,-16224,47,-1,-50,0
S,104138875,frombelow,94,0,1557,1520,-2768,1208,-21408,68,-247,-268,0
S,104148874,frombelow,94,0,1557,1520,2808,-4024,-21608,55,-506,-87,0
S,104158874,frombelow,94,0,1557,1520,6480,-728,-21152,46,-870,-23,0
S,104168874,frombelow,94,0,1557,1520,-1112,-3552,-15152,47,-1321,101,0
S,104178875,frombelow,94,0,1557,1520,536,-5272,-13824,97,-1524,-56,0
S,104188875,frombelow,94,0,1557,1520,4336,1024,-18760,69,-1509,-13,0
S,104198875,frombelow,94,0,1557,1520,440,-3608,-17616,31,-1391,118,0
S,104208874,frombelow,94,0,1557,1520,7520,2408,-17416,-28,-986,-104,0
S,104218874,frombelow,94,0,1557,1520,-1256,-3248,-12584,101,-592,-20,0
S,104228874,frombelow,94,0,1557,1520,600,-2016,-14600,98,105,-29,0
S,104238874,frombelow,94,0,1557,1520,-440,-64,-16000,137,515,-27,0
S,104248874,frombelow,94,0,1557,1520,-3208,1544,-17008,50,765,-34,0
S,104258874,frombelow,94,0,1557,1520,-856,208,-16432,-67,718,-112,0
S,104268874,frombelow,94,0,1557,1520,-528,-1512,-18952,-65,584,-143,0
S,104278874,frombelow,94,0,1557,1520,-1632,-2304,-18208,-54,497,-40,0
S,104288874,frombelow,94,0,1557,1520,464,-936,-16656,21,338,-19,0
S,104298875,frombelow,94,0,1557,1520,-1656,-1368,-16888,94,154,-37,0
S,104308874,frombelow,94,0,1557,1520,-800,-2024,-16808,112,-12,-39,0
S,104318874,frombelow,94,0,1557,1520,-1184,-656,-17224,94,-156,-19,0
S,104328875,frombelow,94,0,1557,1520,-448,-1264,-17224,48,-201,13,0
S,104338874,frombelow,94,0,1557,1520,-1592,-1096,-17216,27,-193,31,0
S,104348874,frombelow,94,0,1557,1520,-448,-1088,-17032,-6,-174,-23,0
S,104358874,frombelow,94,0,1557,1520,-1776,-504,-16944,-11,-114,-29,0
S,104368874,frombelow,94,0,1557,1520,-312,-792,-16912,8,-45,-20,0
S,104378874,frombelow,94,0,1557,1520,-616,-1216,-16976,25,50,-30,0
S,104388874,frombelow,94,0,1557,1520,-448,-1112,-17216,58,102,-23,0
S,104398874,frombelow,94,0,1557,1520,-1552,-792,-17272,73,122,-32,0
S,104408874,frombelow,94,0,1557,1520,-1128,-792,-17080,57,103,-37,0
S,104418874,frombelow,94,0,1557,1520,-1256,-952,-17032,43,54,-31,0
S,104428875,frombelow,94,0,1557,1520,-816,-936,-16848,35,2,-30,0
S,104438874,frombelow,94,0,1557,1520,-1016,-1000,-17168,24,-20,-22,0
S,104448874,frombelow,94,0,1557,1520,-984,-1008,-17024,26,-12,-28,0
S,104458874,frombelow,94,0,1557,1520,-912,-1096,-17160,48,-2,-35,0
S,104468874,frombelow,94,0,1557,1520,-816,-952,-17064,53,40,-23,0
S,104478874,frombelow,94,0,1557,1520,-968,-904,-17072,54,55,-37,0
S,104488874,frombelow,94,0,1557,1520,-1072,-952,-17168,34,43,-30,0
S,104498874,frombelow,94,0,1557,1520,-984,-672,-17112,28,20,-34,0
S,104508874,frombelow,94,0,1557,1520,-848,-888,-17248,24,-1,-31,0
S,104518874,frombelow,94,0,1557,1520,-856,-968,-17104,33,10,-29,0
E,105218256,fromabove,95,0,1557,1520,,,,,,,0
S,105218888,fromabove,95,0,1557,1520,-2144,-832,-17016,37,28,-30,0
S,105228877,fromabove,95,0,1557,1520,-2352,-8,-17552,31,48,-50,0
S,105238876,fromabove,95,0,1557,1520,-1328,-1504,-18864,51,249,198,0
S,105248877,fromabove,95,0,1557,1520,2480,2224,-11272,192,546,76,0
S,105258876,fromabove,95,0,1557,1520,-480,-1528,-18264,253,936,5,0
S,105268876,fromabove,95,0,1557,1520,-2784,-352,-16104,237,1290,-62,0
S,105278876,fromabove,95,0,1557,1520,80,-568,-18376,185,1410,14,0
S,105288876,fromabove,95,0,1557,1520,-2712,-344,-16240,71,1278,-139,0
S,105298876,fromabove,95,0,1557,1520,5736,384,-14464,-41,1139,-91,0
S,105308876,fromabove,95,0,1557,1520,-4392,-2960,-17264,-77,919,-56,0
S,105318876,fromabove,95,0,1557,1520,-1760,-1960,-17168,-35,658,-98,0
S,105328876,fromabove,95,0,1557,1520,-1720,104,-16632,14,334,-69,0
S,105338876,fromabove,95,0,1557,1520,-1688,-776,-17240,69,15,-37,0
S,105348876,fromabove,95,0,1557,1520,-904,-1552,-17184,89,-257,-12,0
S,105358876,fromabove,95,0,1557,1520,-472,-1168,-17760,85,-342,25,0
S,105368876,fromabove,95,0,1557,1520,-1720,-864,-17064,35,-340,63,0
S,105378876,fromabove,95,0,1557,1520,1064,-1264,-16792,12,-353,2,0
S,105388876,fromabove,95,0,1557,1520,-2000,-1368,-16752,-3,-272,-17,0
S,105398876,fromabove,95,0,1557,1520,240,-1256,-17384,3,-116,14,0
S,105408877,fromabove,95,0,1557,1520,-2272,-496,-17056,48,43,1,0
S,105418876,fromabove,95,0,1557,1520,904,-1760,-16880,94,180,-37,0
S,105428876,fromabove,95,0,1557,1520,-720,-816,-17024,79,237,-57,0
S,105438876,fromabove,95,0,1557,1520,-1136,-1224,-16944,15,187,-37,0
S,105448876,fromabove,95,0,1557,1520,-1160,-896,-17064,-18,98,-31,0
S,105458876,fromabove,95,0,1557,1520,-760,-1000,-17296,-9,-11,-34,0
S,105468876,fromabove,95,0,1557,1520,-1008,-904,-16592,38,-59,-28,0
S,105478876,fromabove,95,0,1557,1520,-992,-1000,-16992,81,-66,-28,0
S,105488876,fromabove,95,0,1557,1520,-872,-80,-16992,93,-26,-27,0
S,105498876,fromabove,95,0,1557,1520,-864,-1152,-17152,71,24,-29,0
S,105508876,fromabove,95,0,1557,1520,-1064,-832,-17000,10,55,-29,0
S,105518876,fromabove,95,0,1557,1520,-896,-824,-17128,-13,69,-34,0
S,105528876,fromabove,95,0,1557,1520,-992,-752,-16920,4,59,-29,0
S,105538876,fromabove,95,0,1557,1520,-800,-928,-17184,42,20,-29,0
S,105548876,fromabove,95,0,1557,1520,-824,-1000,-16992,70,-2,-29,0
S,105558876,fromabove,95,0,1557,1520,-1152,-768,-17048,74,-10,-33,0
S,105568876,fromabove,95,0,1557,1520,-1096,-984,-17064,55,4,-28,0
S,105578876,fromabove,95,0,1557,1520,-864,-920,-17032,21,24,-31,0
S,105588876,fromabove,95,0,1557,1520,-920,-880,-17016,12,48,-28,0
S,105598876,fromabove,95,0,1557,1520,-808,-1056,-17168,28,55,-35,0
S,105608876,fromabove,95,0,1557,1520,-984,-904,-17096,47,40,-20,0
S,105618876,fromabove,95,0,1557,1520,-1032,-1008,-17040,49,19,-24,0
E,106318256,frombelow,96,0,1557,1520,,,,,,,0
S,106318886,frombelow,96,0,1557,1520,288,-880,-17192,37,13,-27,0
S,106328875,frombelow,96,0,1557,1520,-1056,-1696,-16944,46,3,-19,0
S,106338874,frombelow,96,0,1557,1520,-15224,-840,-18712,26,-242,-571,0
S,106348874,frombelow,96,0,1557,1520,-4128,-2232,-18680,61,-411,-184,0
S,106358874,frombelow,96,0,1557,1520,-632,-1144,-22192,75,-814,40,0
S,106368874,frombelow,96,0,1557,1520,2904,-3416,-16456,35,-1242,96,0
S,106378874,frombelow,96,0,1557,1520,1464,-5048,-14088,77,-1500,-16,0
S,106388874,frombelow,96,0,1557,1520,-4192,-9664,-23744,11,-1536,-17,0
S,106398874,frombelow,96,0,1557,1520,-2112,-1272,-18840,-9,-1407,136,0
S,106408874,frombelow,96,0,1557,1520,672,3680,-17640,-12,-1112,-32,0
S,106418874,frombelow,96,0,1557,1520,-1672,-5072,-12944,74,-609,-73,0
S,106428874,frombelow,96,0,1557,1520,2696,-2056,-16360,124,47,-31,0
S,106438874,frombelow,96,0,1557,1520,280,-528,-16104,166,572,-33,0
S,106448875,frombelow,96,0,1557,1520,-1424,-816,-17032,63,838,-11,0
S,106458874,frombelow,96,0,1557,1520,-2376,-456,-16784,-57,753,-117,0
S,106468874,frombelow,96,0,1557,1520,4560,-472,-15952,-87,673,-83,0
S,106478874,frombelow,96,0,1557,1520,-2144,-1656,-17440,-58,515,-74,0
S,106488874,frombelow,96,0,1557,1520,-1464,-1152,-16976,26,332,-54,0
S,106498874,frombelow,96,0,1557,1520,-696,-824,-16608,98,119,-89,0
S,106508874,frombelow,96,0,1557,1520,-1520,248,-16688,120,-104,-47,0
S,106518874,frombelow,96,0,1557,1520,-728,-712,-17192,98,-251,2,0
S,106528874,frombelow,96,0,1557,1520,-592,-1344,-17456,44,-297,9,0
S,106538874,frombelow,96,0,1557,1520,-1624,-888,-17384,19,-264,80,0
S,106548874,frombelow,96,0,1557,1520,-1120,-912,-17152,0,-226,-26,0
S,106558874,frombelow,96,0,1557,1520,-1160,-648,-17120,-10,-127,-21,0
S,106568874,frombelow,96,0,1557,1520,-400,-760,-17352,-1,-23,-25,0
S,106578874,frombelow,96,0,1557,1520,-1216,-1120,-17064,30,72,-21,0
S,106588874,frombelow,96,0,1557,1520,-776,-1088,-17008,61,150,-35,0
S,106598874,frombelow,96,0,1557,1520,-672,-880,-17120,70,153,-37,0
S,106608874,frombelow,96,0,1557,1520,-1288,-944,-17352,65,127,-28,0
S,106618874,frombelow,96,0,1557,1520,-992,-1016,-17432,45,63,-28,0
S,106628874,frombelow,96,0,1557,1520,-952,-904,-17048,37,3,-31,0
S,106638874,frombelow,96,0,1557,1520,-992,-1144,-17088,29,-28,-27,0
S,106648874,frombelow,96,0,1557,1520,-968,-960,-17168,30,-34,-31,0
S,106658874,frombelow,96,0,1557,1520,-768,-832,-17224,44,-8,-30,0
S,106668874,frombelow,96,0,1557,1520,-808,-952,-16984,49,26,-30,0
S,106678874,frombelow,96,0,1557,1520,-1032,-1096,-16904,53,58,-31,0
S,106688874,frombelow,96,0,1557,1520,-992,-880,-17144,36,56,-36,0
S,106698875,frombelow,96,0,1557,1520,-872,-864,-17112,26,36,-24,0
S,106708874,frombelow,96,0,1557,1520,-1072,-888,-17032,26,12,-30,0
S,106718874,frombelow,96,0,1557,1520,-880,-968,-17144,30,-7,-33,0
E,107418256,fromabove,97,0,1557,1520,,,,,,,0
S,107418888,fromabove,97,0,1557,1520,-2232,-1040,-16952,39,29,-31,0
S,107428878,fromabove,97,0,1557,1520,3376,-2136,-17168,32,59,10,0
S,107438876,fromabove,97,0,1557,1520,-672,1616,-18000,59,254,27,0
S,107448876,fromabove,97,0,1557,1520,-4776,-2192,-15392,166,602,-85,0
S,107458876,fromabove,97,0,1557,1520,-3576,-1160,-19040,237,1000,-66,0
S,107468876,fromabove,97,0,1557,1520,-856,800,-16168,254,1293,-94,0
S,107478877,fromabove,97,0,1557,1520,-2896,-1472,-17744,162,1406,-102,0
S,107488876,fromabove,97,0,1557,1520,-6024,-3904,-18864,51,1228,-260,0
S,107498876,fromabove,97,0,1557,1520,-400,-2472,-14704,-58,1122,-124,0
S,107508876,fromabove,97,0,1557,1520,-680,-320,-16136,-66,862,-115,0
S,107518876,fromabove,97,0,1557,1520,-312,-64,-17144,-33,573,-76,0
S,107528876,fromabove,97,0,1557,1520,-1576,-504,-16856,11,279,-35,0
S,107538876,fromabove,97,0,1557,1520,-1112,-1048,-16456,68,-53,-21,0
S,107548876,fromabove,97,0,1557,1520,-536,-1120,-16824,98,-267,-5,0
S,107558876,fromabove,97,0,1557,1520,-456,-456,-17312,91,-327,47,0
S,107568876,fromabove,97,0,1557,1520,-2592,-696,-17008,35,-346,24,0
S,107578876,fromabove,97,0,1557,1520,-2224,-1160,-17576,-11,-318,-7,0
S,107588876,fromabove,97,0,1557,1520,-240,-744,-17368,-33,-221,17,0
S,107598876,fromabove,97,0,1557,1520,-1192,-1896,-16720,-6,-52,14,0
S,107608876,fromabove,97,0,1557,1520,-960,-1536,-17256,58,116,-19,0
S,107618876,fromabove,97,0,1557,1520,-488,-960,-17152,98,232,-35,0
S,107628876,fromabove,97,0,1557,1520,-1648,-712,-17064,78,246,-48,0
S,107638876,fromabove,97,0,1557,1520,-1288,-1040,-16992,28,171,-45,0
S,107648876,fromabove,97,0,1557,1520,-1144,-584,-17216,-17,55,-36,0
S,107658876,fromabove,97,0,1557,1520,-816,-792,-17136,2,-32,-32,0
S,107668876,fromabove,97,0,1557,1520,-728,-1216,-16928,34,-82,-27,0
S,107678876,fromabove,97,0,1557,1520,-752,-1176,-16816,81,-61,-25,0
S,107688876,fromabove,97,0,1557,1520,-760,-1256,-17040,93,-14,-28,0
S,107698876,fromabove,97,0,1557,1520,-832,-1096,-17248,63,38,-35,0
S,107708876,fromabove,97,0,1557,1520,-936,-944,-16952,12,65,-29,0
S,107718876,fromabove,97,0,1557,1520,-896,-1240,-17040,-21,64,-28,0
S,107728876,fromabove,97,0,1557,1520,-856,-848,-17024,7,41,-33,0
S,107738877,fromabove,97,0,1557,1520,-1000,-952,-16968,45,11,-28,0
S,107748876,fromabove,97,0,1557,1520,-1040,-1000,-17136,77,-5,-29,0
S,107758876,fromabove,97,0,1557,1520,-1040,-888,-17248,82,0,-29,0
S,107768876,fromabove,97,0,1557,1520,-1080,-1064,-16952,50,3,-35,0
S,107778876,fromabove,97,0,1557,1520,-1128,-944,-17064,17,30,-32,0
S,107788877,fromabove,97,0,1557,1520,-896,-1000,-17064,4,44,-28,0
S,107798876,fromabove,97,0,1557,1520,-776,-936,-17112,23,47,-28,0
S,107808876,fromabove,97,0,1557,1520,-928,-896,-17120,53,33,-32,0
S,107818876,fromabove,97,0,1557,1520,-1144,-976,-16968,57,8,-30,0
E,108518256,frombelow,98,0,1557,1520,,,,,,,0
S,108518886,frombelow,98,0,1557,1520,240,-984,-17008,37,21,-31,0
S,108528875,frombelow,98,0,1557,1520,-376,-2224,-16008,47,0,-52,0
S,108538874,frombelow,98,0,1557,1520,-5456,-1488,-21768,70,-259,-377,0
S,108548874,frombelow,98,0,1557,1520,4880,-696,-20704,40,-454,-7,0
S,108558874,frombelow,98,0,1557,1520,5496,-248,-21256,50,-852,-2,0
S,108568874,frombelow,98,0,1557,1520,-2912,-2736,-16968,46,-1309,96,0
S,108578874,frombelow,98,0,1557,1520,440,-4168,-13440,85,-1512,-14,0
S,108588874,frombelow,98,0,1557,1520,-1240,-7632,-21776,69,-1524,-11,0
S,108598875,frombelow,98,0,1557,1520,1672,-5032,-17528,23,-1415,83,0
S,108608874,frombelow,98,0,1557,1520,1208,96,-18216,-36,-1002,-98,0
S,108618874,frombelow,98,0,1557,1520,1064,-352,-13552,94,-575,-21,0
S,108628874,frombelow,98,0,1557,1520,-488,-1008,-15224,125,157,-36,0
S,108638874,frombelow,98,0,1557,1520,720,400,-16592,150,599,-41,0
S,108648874,frombelow,98,0,1557,1520,-3392,-368,-16792,48,839,-56,0
S,108658874,frombelow,98,0,1557,1520,-2136,-752,-16872,-55,763,-201,0
S,108668874,frombelow,98,0,1557,1520,-1160,1272,-15520,-87,684,-102,0
S,108678874,frombelow,98,0,1557,1520,-472,-1400,-17040,-41,506,-72,0
S,108688874,frombelow,98,0,1557,1520,-1808,-1152,-16784,28,332,-71,0
S,108698874,frombelow,98,0,1557,1520,-808,-1048,-16640,97,104,-82,0
S,108708874,frombelow,98,0,1557,1520,-944,-200,-16544,125,-106,-61,0
S,108718874,frombelow,98,0,1557,1520,-272,-848,-16712,98,-259,9,0
S,108728874,frombelow,98,0,1557,1520,-600,-1200,-17616,44,-297,12,0
S,108738874,frombelow,98,0,1557,1520,-1768,-1104,-17536,13,-266,56,0
S,108748874,frombelow,98,0,1557,1520,-1592,-872,-17120,-5,-229,-25,0
S,108758874,frombelow,98,0,1557,1520,-1496,-1032,-17296,-15,-131,-32,0
S,108768874,frombelow,98,0,1557,1520,-240,-1656,-17240,-2,-35,-28,0
S,108778875,frombelow,98,0,1557,1520,-424,-1960,-16928,30,67,-50,0
S,108788874,frombelow,98,0,1557,1520,-776,-1296,-16664,62,137,-38,0
S,108798874,frombelow,98,0,1557,1520,-936,-568,-16824,71,149,-42,0
S,108808874,frombelow,98,0,1557,1520,-1040,-1032,-17064,60,123,-25,0
S,108818874,frombelow,98,0,1557,1520,-1032,-960,-17192,55,69,-27,0
S,108828875,frombelow,98,0,1557,1520,-904,-992,-17088,36,13,-30,0
S,108838874,frombelow,98,0,1557,1520,-856,-1048,-17104,26,-22,-27,0
S,108848874,frombelow,98,0,1557,1520,-1240,-1096,-17112,34,-29,-25,0
S,108858874,frombelow,98,0,1557,1520,-944,-976,-17120,36,-4,-29,0
S,108868874,frombelow,98,0,1557,1520,-1072,-808,-17248,48,29,-29,0
S,108878874,frombelow,98,0,1557,1520,-1120,-896,-17128,52,49,-33,0
S,108888874,frombelow,98,0,1557,1520,-1016,-944,-17008,45,41,-31,0
S,108898875,frombelow,98,0,1557,1520,-968,-816,-17136,30,34,-35,0
S,108908874,frombelow,98,0,1557,1520,-880,-952,-17104,27,8,-26,0
S,108918874,frombelow,98,0,1557,1520,-888,-920,-17192,33,-4,-30,0
E,109618256,fromabove,99,0,1557,1520,,,,,,,0
S,109618888,fromabove,99,0,1557,1520,-2264,-920,-17024,40,29,-31,0
S,109628878,fromabove,99,0,1557,1520,5488,-1480,-17264,33,47,5,0
S,109638876,fromabove,99,0,1557,1520,-4416,1992,-18728,62,271,-22,0
S,109648876,fromabove,99,0,1557,1520,-4992,2832,-15080,164,576,-42,0
S,109658876,fromabove,99,0,1557,1520,-4064,1512,-18592,240,1023,-78,0
S,109668877,fromabove,99,0,1557,1520,-5288,-768,-16352,259,1302,-58,0
S,109678876,fromabove,99,0,1557,1520,-3096,-1456,-17800,178,1430,-109,0
S,109688876,fromabove,99,0,1557,1520,-3088,-1632,-17968,64,1233,-250,0
S,109698876,fromabove,99,0,1557,1520,496,-872,-15088,-42,1144,-105,0
S,109708876,fromabove,99,0,1557,1520,-1632,-952,-16416,-72,868,-108,0
S,109718876,fromabove,99,0,1557,1520,-1072,-1776,-17544,-37,591,-104,0
S,109728876,fromabove,99,0,1557,1520,-3352,-144,-16352,8,242,-62,0
S,109738876,fromabove,99,0,1557,1520,-400,-1424,-16696,55,-72,-18,0
S,109748877,fromabove,99,0,1557,1520,-120,-736,-16864,101,-293,14,0
S,109758876,fromabove,99,0,1557,1520,-688,-1024,-17688,97,-349,44,0
S,109768876,fromabove,99,0,1557,1520,-2000,-976,-17080,49,-371,15,0
S,109778876,fromabove,99,0,1557,1520,-1264,-1256,-17376,10,-330,-14,0
S,109788876,fromabove,99,0,1557,1520,-88,-792,-17656,-27,-227,-4,0
S,109798876,fromabove,99,0,1557,1520,-192,-3056,-16504,-4,-51,6,0
S,109808876,fromabove,99,0,1557,1520,-2608,1120,-17368,53,128,-9,0
S,109818876,fromabove,99,0,1557,1520,-2080,-376,-16976,90,239,-28,0
S,109828876,fromabove,99,0,1557,1520,-1744,-1048,-16976,72,246,-47,0
S,109838876,fromabove,99,0,1557,1520,120,-1000,-17024,28,164,-41,0
S,109848876,fromabove,99,0,1557,1520,-1296,-392,-17064,-4,60,-32,0
S,109858876,fromabove,99,0,1557,1520,-896,-1032,-17160,5,-41,-27,0
S,109868876,fromabove,99,0,1557,1520,-1000,-1344,-17008,32,-75,-25,0
S,109878876,fromabove,99,0,1557,1520,-2248,-1496,-16976,89,-59,-21,0
S,109888876,fromabove,99,0,1557,1520,-632,-1200,-17024,93,-12,-20,0
S,109898876,fromabove,99,0,1557,1520,-1200,-672,-16960,53,41,-28,0
S,109908876,fromabove,99,0,1557,1520,-968,-1064,-17000,9,64,-35,0
S,109918876,fromabove,99,0,1557,1520,-1136,-808,-17128,-16,67,-21,0
S,109928876,fromabove,99,0,1557,1520,-872,-816,-17040,6,41,-29,0
S,109938876,fromabove,99,0,1557,1520,-912,-928,-17040,47,10,-28,0
S,109948876,fromabove,99,0,1557,1520,-1024,-1032,-17104,71,-5,-26,0
S,109958876,fromabove,99,0,1557,1520,-1040,-648,-17128,75,2,-33,0
S,109968876,fromabove,99,0,1557,1520,-960,-1056,-16992,44,7,-24,0
S,109978876,fromabove,99,0,1557,1520,-1088,-912,-16920,22,31,-26,0
S,109988876,fromabove,99,0,1557,1520,-1056,-1104,-17152,4,47,-28,0
S,109998876,fromabove,99,0,1557,1520,-808,-1072,-17112,21,56,-27,0
S,110008876,fromabove,99,0,1557,1520,-840,-1088,-17056,50,23,-29,0
S,110018876,fromabove,99,0,1557,1520,-1024,-1000,-17184,56,8,-27,0
E,110718256,frombelow,100,0,1557,1520,,,,,,,0
S,110718887,frombelow,100,0,1557,1520,160,-936,-17096,34,19,-34,0
S,110728875,frombelow,100,0,1557,1520,-32,-720,-16176,44,-3,-41,0
S,110738874,frombelow,100,0,1557,1520,5696,-7480,-20272,66,-268,-360,0
S,110748874,frombelow,100,0,1557,1520,-5584,-2080,-21344,58,-474,-157,0
S,110758874,frombelow,100,0,1557,1520,6624,-344,-21264,48,-855,-13,0
S,110768874,frombelow,100,0,1557,1520,3024,-608,-15152,37,-1295,66,0
S,110778874,frombelow,100,0,1557,1520,1144,-4720,-13648,100,-1521,-67,0
S,110788874,frombelow,100,0,1557,1520,-2848,-6536,-22296,68,-1537,-33,0
S,110798875,frombelow,100,0,1557,1520,-344,-2464,-17784,24,-1380,174,0
S,110808874,frombelow,100,0,1557,1520,4296,-3784,-17040,-43,-1022,-134,0
S,110818874,frombelow,100,0,1557,1520,2936,-3184,-13416,93,-516,5,0
S,110828874,frombelow,100,0,1557,1520,2080,-2232,-14912,119,147,-37,0
S,110838874,frombelow,100,0,1557,1520,928,1720,-16584,144,627,-33,0
S,110848874,frombelow,100,0,1557,1520,-2760,-800,-17264,50,807,-62,0
S,110858874,frombelow,100,0,1557,1520,-1384,-2504,-18288,-59,714,-154,0
S,110868874,frombelow,100,0,1557,1520,-2720,448,-16344,-92,648,-56,0
S,110878874,frombelow,100,0,1557,1520,-320,624,-16896,-42,474,-62,0
S,110888874,frombelow,100,0,1557,1520,-1376,-1472,-17024,39,282,-72,0
S,110898875,frombelow,100,0,1557,1520,-1416,-408,-16464,107,83,-72,0
S,110908875,frombelow,100,0,1557,1520,-1016,168,-16296,110,-129,-35,0
S,110918874,frombelow,100,0,1557,1520,-432,-128,-16688,87,-252,-5,0
S,110928874,frombelow,100,0,1557,1520,-80,-752,-16968,45,-284,16,0
S,110938875,frombelow,100,0,1557,1520,-2248,-880,-17776,13,-256,23,0
S,110948874,frombelow,100,0,1557,1520,-1040,-1136,-17616,-7,-204,-18,0
S,110958874,frombelow,100,0,1557,1520,-952,-1504,-17280,-9,-118,-32,0
S,110968874,frombelow,100,0,1557,1520,-416,-1152,-17152,8,-11,-29,0
S,110978874,frombelow,100,0,1557,1520,-1280,-1096,-16968,44,90,-34,0
S,110988874,frombelow,100,0,1557,1520,-1072,-1264,-16936,68,152,-33,0
S,110998875,frombelow,100,0,1557,1520,-504,-848,-17152,68,138,-39,0
S,111008874,frombelow,100,0,1557,1520,-1224,-1072,-16936,62,104,-30,0
S,111018874,frombelow,100,0,1557,1520,-1064,-688,-17184,45,49,-30,0
S,111028874,frombelow,100,0,1557,1520,-992,-904,-17120,29,-6,-29,0
S,111038874,frombelow,100,0,1557,1520,-968,-992,-16976,20,-35,-30,0
S,111048874,frombelow,100,0,1557,1520,-952,-1000,-17088,33,-23,-28,0
S,111058874,frombelow,100,0,1557,1520,-976,-968,-17160,43,3,-29,0
S,111068874,frombelow,100,0,1557,1520,-872,-984,-17112,49,35,-28,0
S,111078874,frombelow,100,0,1557,1520,-952,-1080,-17064,49,52,-25,0
S,111088874,frombelow,100,0,1557,1520,-1088,-624,-16968,41,51,-35,0
S,111098874,frombelow,100,0,1557,1520,-992,-848,-17160,25,24,-24,0
S,111108874,frombelow,100,0,1557,1520,-832,-1032,-17032,16,7,-32,0
S,111118874,frombelow,100,0,1557,1520,-800,-1016,-16976,27,-1,-23,0
E,111818256,fromabove,101,0,1557,1520,,,,,,,0
S,111818888,fromabove,101,0,1557,1520,-2192,-816,-16952,43,26,-27,0
S,111828879,fromabove,101,0,1557,1520,-3936,-336,-17472,37,45,-45,0
S,111838877,fromabove,101,0,1557,1520,-1744,-1472,-19088,49,249,222,0
S,111848878,fromabove,101,0,1557,1520,2472,4160,-11704,172,541,95,0
S,111858877,fromabove,101,0,1557,1520,1424,-800,-17120,263,901,-9,0
S,111868878,fromabove,101,0,1557,1520,-5832,-3000,-17240,223,1286,-66,0
S,111878877,fromabove,101,0,1557,1520,-3656,-1392,-18168,189,1380,39,0
S,111888877,fromabove,101,0,1557,1520,-2024,-1032,-17544,66,1280,-164,0
S,111898877,fromabove,101,0,1557,1520,2176,-1696,-16304,-40,1085,-164,0
S,111908877,fromabove,101,0,1557,1520,-3912,-1000,-17992,-92,914,-79,0
S,111918877,fromabove,101,0,1557,1520,-3256,-1392,-17736,-56,663,-54,0
S,111928877,fromabove,101,0,1557,1520,-4184,-968,-17480,21,387,-44,0
S,111938877,fromabove,101,0,1557,1520,-1968,-880,-17256,76,51,-46,0
S,111948877,fromabove,101,0,1557,1520,-1568,-1184,-17416,107,-196,-11,0
S,111958877,fromabove,101,0,1557,1520,-200,-1808,-17368,97,-313,29,0
S,111968877,fromabove,101,0,1557,1520,-1416,-1080,-17104,46,-329,61,0
S,111978878,fromabove,101,0,1557,1520,-1664,-488,-17040,5,-346,25,0
S,111988877,fromabove,101,0,1557,1520,120,-1280,-16632,-14,-280,0,0
S,111998877,fromabove,101,0,1557,1520,-4832,-736,-17688,-3,-133,-21,0
S,112008878,fromabove,101,0,1557,1520,-1152,888,-17272,47,34,9,0
S,112018877,fromabove,101,0,1557,1520,-1448,-992,-16448,91,190,-33,0
S,112028877,fromabove,101,0,1557,1520,-1216,-1080,-17112,88,263,-44,0
S,112038877,fromabove,101,0,1557,1520,-1152,-472,-17248,32,204,-44,0
S,112048877,fromabove,101,0,1557,1520,-1008,-920,-17368,-16,101,-37,0
S,112058877,fromabove,101,0,1557,1520,-1032,-1136,-17152,-12,-4,-29,0
S,112068877,fromabove,101,0,1557,1520,-944,-888,-17080,28,-74,-30,0
S,112078877,fromabove,101,0,1557,1520,-1064,-1112,-17128,75,-75,-30,0
S,112088877,fromabove,101,0,1557,1520,-936,-584,-16976,104,-35,-26,0
S,112098877,fromabove,101,0,1557,1520,-760,-1160,-17016,79,21,-27,0
S,112108877,fromabove,101,0,1557,1520,-1168,-936,-17024,24,63,-32,0
S,112118877,fromabove,101,0,1557,1520,-984,-1096,-17168,-24,68,-28,0
S,112128877,fromabove,101,0,1557,1520,-1080,-880,-17176,-8,53,-28,0
S,112138877,fromabove,101,0,1557,1520,-1136,-1008,-17112,31,20,-33,0
S,112148877,fromabove,101,0,1557,1520,-920,-1088,-17120,66,-1,-24,0
S,112158877,fromabove,101,0,1557,1520,-768,-664,-16984,88,-5,-25,0
S,112168877,fromabove,101,0,1557,1520,-1200,-1152,-17040,62,3,-27,0
S,112178877,fromabove,101,0,1557,1520,-984,-840,-17192,25,19,-28,0
S,112188878,fromabove,101,0,1557,1520,-800,-992,-17136,1,38,-21,0
S,112198877,fromabove,101,0,1557,1520,-872,-1016,-17000,12,52,-31,0
S,112208877,fromabove,101,0,1557,1520,-832,-816,-17072,48,38,-29,0
S,112218878,fromabove,101,0,1557,1520,-1152,-944,-17184,55,15,-26,0
E,112918256,frombelow,102,0,1557,1520,,,,,,,0
S,112918888,frombelow,102,0,1557,1520,200,-896,-17088,41,17,-25,0
S,112928876,frombelow,102,0,1557,1520,984,-2352,-16248,45,3,-37,0
S,112938875,frombelow,102,0,1557,1520,-656,-4424,-21648,80,-292,-539,0
S,112948875,frombelow,102,0,1557,1520,-816,-3296,-21616,85,-473,-142,0
S,112958875,frombelow,102,0,1557,1520,3432,-808,-18904,52,-850,-77,0
S,112968875,frombelow,102,0,1557,1520,160,-2208,-17072,45,-1282,66,0
S,112978875,frombelow,102,0,1557,1520,200,-4736,-13568,90,-1503,-13,0
S,112988875,frombelow,102,0,1557,1520,-3680,-5656,-23184,58,-1546,-29,0
S,112998875,frombelow,102,0,1557,1520,-904,-1152,-18280,-2,-1425,118,0
S,113008875,frombelow,102,0,1557,1520,7000,-56,-17240,-24,-1055,-80,0
S,113018875,frombelow,102,0,1557,1520,1648,-1352,-12600,97,-615,-10,0
S,113028875,frombelow,102,0,1557,1520,2360,-440,-15112,118,85,-35,0
S,113038875,frombelow,102,0,1557,1520,448,-544,-16000,144,522,-26,0
S,113048875,frombelow,102,0,1557,1520,-2064,-384,-17256,51,779,-26,0
S,113058875,frombelow,102,0,1557,1520,-376,-152,-16480,131,748,-127,0
S,113068875,frombelow,102,0,1557,1520,-496,-1800,-18672,-81,607,-144,0
S,113078875,frombelow,102,0,1557,1520,-1680,-1992,-18120,-62,514,-42,0
S,113088875,frombelow,102,0,1557,1520,-312,-1696,-16968,9,360,-32,0
S,113098875,frombelow,102,0,1557,1520,-1264,-952,-16576,98,171,-56,0
S,113108875,frombelow,102,0,1557,1520,-1616,-792,-16816,125,1,-46,0
S,113118875,frombelow,102,0,1557,1520,-856,-336,-17296,102,-172,-20,0
S,113128875,frombelow,102,0,1557,1520,-1016,-536,-17152,53,-231,16,0
S,113138875,frombelow,102,0,1557,1520,-1296,-840,-17056,18,-224,64,0
S,113148875,frombelow,102,0,1557,1520,-760,-952,-16656,-4,-219,-24,0
S,113158875,frombelow,102,0,1557,1520,-984,-608,-16928,-14,-130,-17,0
S,113168875,frombelow,102,0,1557,1520,-576,-848,-16872,1,-58,-29,0
S,113178875,frombelow,102,0,1557,1520,-1280,-992,-16944,27,41,-32,0
S,113188875,frombelow,102,0,1557,1520,-840,-248,-17104,61,106,-44,0
S,113198875,frombelow,102,0,1557,1520,-656,-776,-17096,76,135,-42,0
S,113208875,frombelow,102,0,1557,1520,-1928,-896,-17384,58,114,-37,0
S,113218875,frombelow,102,0,1557,1520,-824,-1000,-17168,47,62,-30,0
S,113228875,frombelow,102,0,1557,1520,-848,-984,-17048,29,14,-31,0
S,113238875,frombelow,102,0,1557,1520,-1056,-904,-17008,26,-17,-30,0
S,113248875,frombelow,102,0,1557,1520,-1040,-896,-17176,31,-19,-28,0
S,113258875,frombelow,102,0,1557,1520,-1000,-928,-17056,46,-4,-32,0
S,113268875,frombelow,102,0,1557,1520,-1032,-968,-17096,54,32,-30,0
S,113278875,frombelow,102,0,1557,1520,-1120,-976,-17008,54,50,-27,0
S,113288875,frombelow,102,0,1557,1520,-936,-1096,-17152,39,39,-28,0
S,113298875,frombelow,102,0,1557,1520,-856,-816,-16968,23,26,-34,0
S,113308875,frombelow,102,0,1557,1520,-1000,-800,-17080,27,12,-23,0
S,113318875,frombelow,102,0,1557,1520,-928,-880,-17056,29,8,-32,0
E,114018256,fromabove,103,0,1557,1520,,,,,,,0
S,114018888,fromabove,103,0,1557,1520,-2192,-856,-16992,40,28,-32,0
S,114028879,fromabove,103,0,1557,1520,3632,-632,-17560,34,27,-20,0
S,114038877,fromabove,103,0,1557,1520,392,1728,-18288,62,252,38,0
S,114048877,fromabove,103,0,1557,1520,-3592,2952,-13872,178,596,-30,0
S,114058877,fromabove,103,0,1557,1520,-1280,-944,-18752,262,1016,-70,0
S,114068877,fromabove,103,0,1557,1520,-3928,-3072,-15712,261,1308,-76,0
S,114078878,fromabove,103,0,1557,1520,-1384,-1248,-17896,175,1394,-92,0
S,114088877,fromabove,103,0,1557,1520,-3352,-1464,-17808,69,1228,-231,0
S,114098877,fromabove,103,0,1557,1520,-2680,-2328,-16120,-55,1111,-251,0
S,114108877,fromabove,103,0,1557,1520,-864,-992,-16528,-97,855,-98,0
S,114118877,fromabove,103,0,1557,1520,-1752,-1608,-17168,-46,594,-86,0
S,114128877,fromabove,103,0,1557,1520,-1208,-224,-16800,14,277,-34,0
S,114138877,fromabove,103,0,1557,1520,-1144,-480,-16968,79,-14,-34,0
S,114148877,fromabove,103,0,1557,1520,-424,-1496,-17032,116,-236,-6,0
S,114158877,fromabove,103,0,1557,1520,-624,-424,-17512,103,-292,35,0
S,114168877,fromabove,103,0,1557,1520,-1448,-384,-17080,33,-320,29,0
S,114178877,fromabove,103,0,1557,1520,584,-1600,-17056,-15,-311,39,0
S,114188877,fromabove,103,0,1557,1520,2176,-656,-17080,-34,-240,-9,0
S,114198877,fromabove,103,0,1557,1520,-1952,-768,-17256,-7,-99,-7,0
S,114208877,fromabove,103,0,1557,1520,496,-4080,-17024,55,67,-4,0
S,114218877,fromabove,103,0,1557,1520,176,-2504,-16752,98,188,-34,0
S,114228877,fromabove,103,0,1557,1520,-1496,-104,-16880,77,228,-48,0
S,114238877,fromabove,103,0,1557,1520,-1248,-808,-17144,19,163,-43,0
S,114248877,fromabove,103,0,1557,1520,-992,-1056,-17104,-15,66,-34,0
S,114258877,fromabove,103,0,1557,1520,-904,-1072,-17152,0,-26,-27,0
S,114268877,fromabove,103,0,1557,1520,-1056,-1128,-16944,34,-66,-29,0
S,114278877,fromabove,103,0,1557,1520,-1376,-1040,-16872,80,-50,-34,0
S,114288877,fromabove,103,0,1557,1520,-920,-1392,-17064,101,-7,-25,0
S,114298877,fromabove,103,0,1557,1520,-1128,-736,-16896,62,38,-35,0
S,114308877,fromabove,103,0,1557,1520,-976,-936,-17208,13,53,-33,0
S,114318877,fromabove,103,0,1557,1520,-1080,-888,-17112,-17,66,-29,0
S,114328877,fromabove,103,0,1557,1520,-872,-752,-17040,4,40,-27,0
S,114338877,fromabove,103,0,1557,1520,-792,-1080,-17128,43,21,-38,0
S,114348877,fromabove,103,0,1557,1520,-896,-1048,-17136,78,-1,-28,0
S,114358877,fromabove,103,0,1557,1520,-1016,-728,-17016,82,-8,-29,0
S,114368877,fromabove,103,0,1557,1520,-1008,-960,-17080,43,7,-29,0
S,114378877,fromabove,103,0,1557,1520,-1104,-752,-17048,13,27,-34,0
S,114388877,fromabove,103,0,1557,1520,-936,-944,-17048,4,51,-27,0
S,114398877,fromabove,103,0,1557,1520,-904,-912,-17088,28,51,-24,0
S,114408877,fromabove,103,0,1557,1520,-968,-1008,-17032,51,37,-29,0
S,114418877,fromabove,103,0,1557,1520,-1008,-920,-17136,55,13,-31,0
E,115118256,frombelow,104,0,1557,1520,,,,,,,0
S,115118887,frombelow,104,0,1557,1520,184,-880,-16952,36,23,-23,0
S,115128875,frombelow,104,0,1557,1520,0,-2280,-15808,47,0,-24,0
S,115138874,frombelow,104,0,1557,1520,8176,-8952,-19176,40,-258,-466,0
S,115148875,frombelow,104,0,1557,1520,-4288,-2080,-20456,112,-452,-198,0
S,115158874,frombelow,104,0,1557,1520,4400,-80,-19576,55,-860,-79,0
S,115168874,frombelow,104,0,1557,1520,2568,1632,-17304,38,-1269,41,0
S,115178875,frombelow,104,0,1557,1520,-160,-4064,-13568,89,-1508,-13,0
S,115188874,frombelow,104,0,1557,1520,-3088,-7400,-24448,28,-1534,-11,0
S,115198874,frombelow,104,0,1557,1520,-368,-3456,-18480,-8,-1409,133,0
S,115208874,frombelow,104,0,1557,1520,5208,-720,-17472,-19,-1108,-42,0
S,115218874,frombelow,104,0,1557,1520,-1272,-4632,-12816,85,-612,-61,0
S,115228874,frombelow,104,0,1557,1520,1112,-1696,-15712,130,56,-43,0
S,115238875,frombelow,104,0,1557,1520,576,-312,-16312,160,581,-32,0
S,115248875,frombelow,104,0,1557,1520,-1400,-440,-16952,68,843,-11,0
S,115258874,frombelow,104,0,1557,1520,-1896,-560,-16536,-7,789,-109,0
S,115268874,frombelow,104,0,1557,1520,5288,-888,-16872,-81,669,-59,0
S,115278874,frombelow,104,0,1557,1520,-2320,-1480,-17568,-63,543,-67,0
S,115288874,frombelow,104,0,1557,1520,-1392,-1112,-17016,24,350,-55,0
S,115298874,frombelow,104,0,1557,1520,-928,-784,-16792,101,135,-102,0
S,115308874,frombelow,104,0,1557,1520,-1048,-168,-16912,122,-103,-60,0
S,115318875,frombelow,104,0,1557,1520,-528,-1160,-17392,95,-255,5,0
S,115328875,frombelow,104,0,1557,1520,-800,-1224,-17640,45,-302,22,0
S,115338874,frombelow,104,0,1557,1520,-1704,-1000,-17224,14,-270,82,0
S,115348874,frombelow,104,0,1557,1520,-1656,-976,-17032,-4,-237,-22,0
S,115358874,frombelow,104,0,1557,1520,-1384,-216,-17096,-13,-140,-24,0
S,115368874,frombelow,104,0,1557,1520,-320,-1064,-17456,3,-29,-17,0
S,115378874,frombelow,104,0,1557,1520,-1768,-1176,-16744,29,67,-18,0
S,115388874,frombelow,104,0,1557,1520,-592,-880,-17224,59,145,-27,0
S,115398874,frombelow,104,0,1557,1520,-1112,-752,-17048,69,152,-34,0
S,115408874,frombelow,104,0,1557,1520,-800,-1024,-17376,61,133,-33,0
S,115418874,frombelow,104,0,1557,1520,-872,-1184,-17208,46,74,-31,0
S,115428874,frombelow,104,0,1557,1520,-1144,-656,-17192,32,18,-30,0
S,115438874,frombelow,104,0,1557,1520,-1120,-1152,-16960,26,-25,-35,0
S,115448874,frombelow,104,0,1557,1520,-984,-1008,-17104,16,-35,-25,0
S,115458874,frombelow,104,0,1557,1520,-912,-872,-17152,42,-11,-28,0
S,115468874,frombelow,104,0,1557,1520,-720,-920,-17040,56,24,-27,0
S,115478874,frombelow,104,0,1557,1520,-840,-1080,-16928,54,54,-36,0
S,115488874,frombelow,104,0,1557,1520,-936,-888,-17112,42,63,-30,0
S,115498874,frombelow,104,0,1557,1520,-936,-832,-17216,23,39,-27,0
S,115508874,frombelow,104,0,1557,1520,-904,-1008,-17120,19,12,-26,0
S,115518874,frombelow,104,0,1557,1520,-1008,-920,-17080,28,-5,-29,0
E,116218256,fromabove,105,0,1557,1520,,,,,,,0
S,116218888,fromabove,105,0,1557,1520,-2192,-880,-16936,39,31,-30,0
S,116228879,fromabove,105,0,1557,1520,512,-1496,-17312,38,48,1,0
S,116238877,fromabove,105,0,1557,1520,-3416,1352,-18320,59,244,52,0
S,116248877,fromabove,105,0,1557,1520,-3176,-416,-14856,155,592,-92,0
S,116258877,fromabove,105,0,1557,1520,-2320,640,-18520,248,987,-52,0
S,116268877,fromabove,105,0,1557,1520,-6480,264,-15536,253,1297,-104,0
S,116278877,fromabove,105,0,1557,1520,-2632,-504,-18640,179,1392,-49,0
S,116288877,fromabove,105,0,1557,1520,-3224,48,-17264,84,1237,-249,0
S,116298877,fromabove,105,0,1557,1520,712,-544,-15480,-46,1127,-175,0
S,116308877,fromabove,105,0,1557,1520,-3128,-2512,-16800,-86,882,-63,0
S,116318877,fromabove,105,0,1557,1520,-1304,-2144,-17264,-35,581,-79,0
S,116328877,fromabove,105,0,1557,1520,-2472,-248,-16984,22,281,-36,0
S,116338877,fromabove,105,0,1557,1520,-1112,-632,-16784,73,-58,-24,0
S,116348877,fromabove,105,0,1557,1520,-576,-1008,-17080,94,-284,-9,0
S,116358877,fromabove,105,0,1557,1520,-72,-1224,-17504,89,-350,50,0
S,116368878,fromabove,105,0,1557,1520,-2600,-904,-17216,42,-366,37,0
S,116378877,fromabove,105,0,1557,1520,-1720,-576,-17512,0,-349,-25,0
S,116388877,fromabove,105,0,1557,1520,888,-928,-16968,-18,-220,45,0
S,116398877,fromabove,105,0,1557,1520,-920,-736,-16360,15,-48,-17,0
S,116408877,fromabove,105,0,1557,1520,-2568,-808,-17528,58,143,-21,0
S,116418877,fromabove,105,0,1557,1520,-304,-448,-17136,84,246,-42,0
S,116428877,fromabove,105,0,1557,1520,-1536,-928,-16776,60,246,-56,0
S,116438877,fromabove,105,0,1557,1520,-544,-904,-16864,17,169,-46,0
S,116448877,fromabove,105,0,1557,1520,-1056,-1112,-17024,-15,54,-28,0
S,116458877,fromabove,105,0,1557,1520,-824,-680,-17112,17,-27,-27,0
S,116468877,fromabove,105,0,1557,1520,-1512,-992,-17152,52,-87,-29,0
S,116478877,fromabove,105,0,1557,1520,-1264,-1064,-17032,79,-70,-35,0
S,116488877,fromabove,105,0,1557,1520,-1048,-696,-17072,87,-16,-27,0
S,116498877,fromabove,105,0,1557,1520,-1064,-872,-17152,48,27,-25,0
S,116508877,fromabove,105,0,1557,1520,-1112,-1016,-17288,9,66,-28,0
S,116518877,fromabove,105,0,1557,1520,-1112,-856,-17112,-10,68,-31,0
S,116528878,fromabove,105,0,1557,1520,-896,-1024,-17128,11,44,-27,0
S,116538877,fromabove,105,0,1557,1520,-936,-968,-17056,43,15,-34,0
S,116548877,fromabove,105,0,1557,1520,-1016,-1144,-17200,77,-11,-20,0
S,116558877,fromabove,105,0,1557,1520,-992,-976,-17088,66,-15,-26,0
S,116568878,fromabove,105,0,1557,1520,-984,-976,-16952,38,11,-25,0
S,116578877,fromabove,105,0,1557,1520,-1168,-856,-16880,16,38,-33,0
S,116588877,fromabove,105,0,1557,1520,-872,-1000,-17176,15,50,-31,0
S,116598877,fromabove,105,0,1557,1520,-904,-1152,-17072,30,50,-29,0
S,116608877,fromabove,105,0,1557,1520,-968,-1096,-17120,45,34,-29,0
S,116618878,fromabove,105,0,1557,1520,-1016,-864,-16928,57,6,-29,0
E,117318256,frombelow,106,0,1557,1520,,,,,,,0
S,117318888,frombelow,106,0,1557,1520,192,-1160,-16984,38,16,-26,0
S,117328877,frombelow,106,0,1557,1520,584,-1128,-17136,35,4,-26,0
S,117338875,frombelow,106,0,1557,1520,-14808,216,-18264,43,-154,-307,0
S,117348875,frombelow,106,0,1557,1520,-9464,272,-18680,66,-332,-160,0
S,117358875,frombelow,106,0,1557,1520,-3128,-13560,-8520,-16,-762,58,0
S,117368875,frombelow,106,0,1557,1520,-2040,-3128,-17776,34,-1258,37,0
S,117378875,frombelow,106,0,1557,1520,2120,-1896,-14744,36,-1495,91,0
S,117388875,frombelow,106,0,1557,1520,-1936,-11912,-25104,-61,-1481,570,0
S,117398875,frombelow,106,0,1557,1520,-3504,-8184,-14616,-7,-1451,115,0
S,117408875,frombelow,106,0,1557,1520,4240,9312,-18192,0,-1135,-65,0
S,117418875,frombelow,106,0,1557,1520,-5240,-3168,-15056,99,-725,-70,0
S,117428875,frombelow,106,0,1557,1520,-608,1552,-17744,105,-23,-33,0
S,117438875,frombelow,106,0,1557,1520,-1360,-3152,-17152,155,448,-29,0
S,117448875,frombelow,106,0,1557,1520,-312,-1880,-16392,61,800,7,0
S,117458875,frombelow,106,0,1557,1520,-720,456,-16152,5,767,-74,0
S,117468875,frombelow,106,0,1557,1520,-384,-1792,-18904,-80,641,-158,0
S,117478875,frombelow,106,0,1557,1520,-1296,-1904,-17728,-69,548,-38,0
S,117488875,frombelow,106,0,1557,1520,-1632,-1704,-17064,4,398,-41,0
S,117498875,frombelow,106,0,1557,1520,-2656,-1056,-17224,83,179,-89,0
S,117508875,frombelow,106,0,1557,1520,-2128,-832,-17448,120,-12,-42,0
S,117518875,frombelow,106,0,1557,1520,-856,-776,-17376,92,-195,-13,0
S,117528875,frombelow,106,0,1557,1520,-880,-952,-17496,52,-259,21,0
S,117538875,frombelow,106,0,1557,1520,-1200,-1008,-16880,24,-250,81,0
S,117548875,frombelow,106,0,1557,1520,-544,-1248,-16808,0,-245,-27,0
S,117558875,frombelow,106,0,1557,1520,16,-1744,-16776,-11,-165,-27,0
S,117568875,frombelow,106,0,1557,1520,-624,-632,-17032,2,-65,-29,0
S,117578875,frombelow,106,0,1557,1520,-1864,-640,-17048,32,43,-27,0
S,117588875,frombelow,106,0,1557,1520,-144,-1040,-17080,59,123,-27,0
S,117598875,frombelow,106,0,1557,1520,-1088,-1072,-16984,70,140,-34,0
S,117608875,frombelow,106,0,1557,1520,-1024,-768,-17320,58,124,-35,0
S,117618875,frombelow,106,0,1557,1520,-896,-816,-17136,43,72,-28,0
S,117628875,frombelow,106,0,1557,1520,-920,-984,-16960,32,19,-35,0
S,117638875,frombelow,106,0,1557,1520,-1048,-1048,-16992,26,-18,-26,0
S,117648875,frombelow,106,0,1557,1520,-896,-792,-17024,34,-34,-22,0
S,117658875,frombelow,106,0,1557,1520,-720,-896,-17072,38,-23,-32,0
S,117668875,frombelow,106,0,1557,1520,-800,-1016,-16952,51,11,-27,0
S,117678875,frombelow,106,0,1557,1520,-1000,-976,-16968,48,47,-25,0
S,117688875,frombelow,106,0,1557,1520,-840,-688,-17136,39,56,-29,0
S,117698875,frombelow,106,0,1557,1520,-808,-1168,-17088,30,53,-31,0
S,117708875,frombelow,106,0,1557,1520,-960,-1184,-17032,24,31,-26,0
S,117718875,frombelow,106,0,1557,1520,-976,-968,-17008,32,9,-32,0
E,118418256,fromabove,107,0,1557,1520,,,,,,,0
S,118418888,fromabove,107,0,1557,1520,-2120,-728,-16880,38,26,-29,0
S,118428879,fromabove,107,0,1557,1520,-2736,-552,-17456,37,27,-32,0
S,118438877,fromabove,107,0,1557,1520,-2272,2304,-18072,58,246,37,0
S,118448877,fromabove,107,0,1557,1520,-2824,2408,-13896,163,579,-17,0
S,118458877,fromabove,107,0,1557,1520,-2744,-1896,-18552,253,979,-60,0
S,118468877,fromabove,107,0,1557,1520,-4376,-1816,-16648,244,1296,-70,0
S,118478877,fromabove,107,0,1557,1520,-1000,-888,-17488,164,1402,-37,0
S,118488878,fromabove,107,0,1557,1520,-3632,80,-16888,67,1257,-196,0
S,118498877,fromabove,107,0,1557,1520,5008,240,-15160,-54,1118,-136,0
S,118508877,fromabove,107,0,1557,1520,-1744,1160,-17216,-96,889,-43,0
S,118518877,fromabove,107,0,1557,1520,-480,-2096,-16816,-63,627,-98,0
S,118528877,fromabove,107,0,1557,1520,-1704,-632,-16760,9,283,-57,0
S,118538877,fromabove,107,0,1557,1520,-1296,-1128,-17080,78,-36,-36,0
S,118548877,fromabove,107,0,1557,1520,-200,-768,-17216,112,-283,-15,0
S,118558877,fromabove,107,0,1557,1520,-416,-544,-17760,116,-362,43,0
S,118568877,fromabove,107,0,1557,1520,-2096,-648,-17208,52,-354,41,0
S,118578877,fromabove,107,0,1557,1520,-24,-1488,-17120,11,-357,29,0
S,118588877,fromabove,107,0,1557,1520,-72,-776,-17184,-24,-249,-6,0
S,118598877,fromabove,107,0,1557,1520,192,-2480,-16944,-24,-89,10,0
S,118608877,fromabove,107,0,1557,1520,-712,-1504,-17160,43,94,-6,0
S,118618877,fromabove,107,0,1557,1520,-1040,-1240,-16760,92,221,-29,0
S,118628877,fromabove,107,0,1557,1520,-952,-1056,-17096,84,259,-41,0
S,118638877,fromabove,107,0,1557,1520,-1160,-776,-17168,36,190,-52,0
S,118648877,fromabove,107,0,1557,1520,-1144,-1000,-17184,-6,89,-26,0
S,118658877,fromabove,107,0,1557,1520,-800,-896,-17256,-2,-19,-29,0
S,118668877,fromabove,107,0,1557,1520,-1016,-1104,-17160,23,-61,-25,0
S,118678877,fromabove,107,0,1557,1520,-1608,-848,-17112,77,-72,-24,0
S,118688877,fromabove,107,0,1557,1520,-976,-792,-17000,93,-35,-30,0
S,118698877,fromabove,107,0,1557,1520,-888,-1248,-17008,70,18,-26,0
S,118708877,fromabove,107,0,1557,1520,-1048,-792,-17088,24,61,-33,0
S,118718877,fromabove,107,0,1557,1520,-856,-1048,-17096,-11,65,-27,0
S,118728877,fromabove,107,0,1557,1520,-792,-1160,-17136,-1,59,-32,0
S,118738877,fromabove,107,0,1557,1520,-1080,-1088,-17064,31,22,-27,0
S,118748877,fromabove,107,0,1557,1520,-968,-1056,-17008,67,-1,-33,0
S,118758877,fromabove,107,0,1557,1520,-872,-1240,-17104,81,-7,-24,0
S,118768877,fromabove,107,0,1557,1520,-1120,-1120,-17072,61,5,-37,0
S,118778877,fromabove,107,0,1557,1520,-1160,-1000,-17048,24,26,-30,0
S,118788877,fromabove,107,0,1557,1520,-816,-984,-17176,8,42,-26,0
S,118798877,fromabove,107,0,1557,1520,-960,-920,-17104,25,48,-33,0
S,118808877,fromabove,107,0,1557,1520,-968,-1072,-17008,44,35,-26,0
S,118818877,fromabove,107,0,1557,1520,-1056,-928,-16952,52,21,-35,0
E,119518256,frombelow,108,0,1557,1520,,,,,,,0
S,119518888,frombelow,108,0,1557,1520,208,-960,-17152,36,13,-27,0
S,119528876,frombelow,108,0,1557,1520,2368,-1520,-16176,44,-4,-31,0
S,119538875,frombelow,108,0,1557,1520,-1656,-2600,-18496,49,-271,-550,0
S,119548875,frombelow,108,0,1557,1520,-6008,-816,-18800,46,-436,-164,0
S,119558875,frombelow,108,0,1557,1520,7056,-32,-20784,52,-859,-48,0
S,119568875,frombelow,108,0,1557,1520,880,-64,-18160,47,-1267,46,0
S,119578875,frombelow,108,0,1557,1520,1632,-5424,-12304,69,-1509,20,0
S,119588875,frombelow,108,0,1557,1520,1784,-10328,-26320,7,-1539,164,0
S,119598875,frombelow,108,0,1557,1520,-2632,-600,-17776,29,-1404,76,0
S,119608875,frombelow,108,0,1557,1520,8408,-2784,-17336,-42,-1094,-145,0
S,119618875,frombelow,108,0,1557,1520,-6704,-2728,-13832,100,-590,-25,0
S,119628875,frombelow,108,0,1557,1520,-3064,-816,-16024,124,112,-40,0
S,119638875,frombelow,108,0,1557,1520,-48,552,-16944,144,607,-29,0
S,119648875,frombelow,108,0,1557,1520,-2432,-208,-16856,55,851,-34,0
S,119658875,frombelow,108,0,1557,1520,-1808,-896,-16912,-62,767,-139,0
S,119668875,frombelow,108,0,1557,1520,5872,96,-15872,-87,696,-86,0
S,119678875,frombelow,108,0,1557,1520,-1088,-1296,-16696,-54,535,-89,0
S,119688876,frombelow,108,0,1557,1520,-976,-1240,-16520,29,326,-91,0
S,119698875,frombelow,108,0,1557,1520,-1536,-1432,-17032,101,122,-106,0
S,119708875,frombelow,108,0,1557,1520,-1072,-320,-16536,126,-124,-47,0
S,119718875,frombelow,108,0,1557,1520,-208,-848,-16968,93,-269,14,0
S,119728875,frombelow,108,0,1557,1520,-584,-1072,-17592,38,-315,11,0
S,119738875,frombelow,108,0,1557,1520,-1944,-992,-17464,12,-283,81,0
S,119748875,frombelow,108,0,1557,1520,-1600,-616,-17336,0,-241,-31,0
S,119758875,frombelow,108,0,1557,1520,-1784,-1296,-17120,-15,-153,-37,0
S,119768875,frombelow,108,0,1557,1520,-560,-1344,-17352,-5,-33,-30,0
S,119778875,frombelow,108,0,1557,1520,-1768,-1128,-16808,40,73,-29,0
S,119788875,frombelow,108,0,1557,1520,-648,-496,-17064,64,152,-21,0
S,119798875,frombelow,108,0,1557,1520,-848,-800,-17080,73,143,-41,0
S,119808875,frombelow,108,0,1557,1520,-1264,-912,-17040,61,130,-25,0
S,119818875,frombelow,108,0,1557,1520,-832,-912,-17248,41,74,-30,0
S,119828875,frombelow,108,0,1557,1520,-848,-1024,-17160,32,13,-33,0
S,119838875,frombelow,108,0,1557,1520,-1088,-1080,-17080,31,-25,-27,0
S,119848875,frombelow,108,0,1557,1520,-1096,-944,-17056,30,-38,-29,0
S,119858875,frombelow,108,0,1557,1520,-816,-872,-17112,37,-24,-26,0
S,119868875,frombelow,108,0,1557,1520,-760,-1024,-17072,42,6,-32,0
S,119878875,frombelow,108,0,1557,1520,-904,-968,-16936,45,38,-31,0
S,119888875,frombelow,108,0,1557,1520,-912,-1056,-17128,44,55,-29,0
S,119898875,frombelow,108,0,1557,1520,-904,-904,-17040,30,50,-33,0
S,119908875,frombelow,108,0,1557,1520,-992,-856,-17040,28,38,-29,0
S,119918875,frombelow,108,0,1557,1520,-1136,-968,-17072,29,18,-25,0
E,120618256,fromabove,109,0,1557,1520,,,,,,,0
S,120618888,fromabove,109,0,1557,1520,-2280,-1040,-16928,33,33,-26,0
S,120628879,fromabove,109,0,1557,1520,3584,-704,-17688,37,36,-10,0
S,120638878,fromabove,109,0,1557,1520,-4896,-208,-18616,63,259,140,0
S,120648878,fromabove,109,0,1557,1520,-5792,2280,-14232,185,595,-31,0
S,120658878,fromabove,109,0,1557,1520,-3072,-4064,-18112,261,973,-8,0
S,120668877,fromabove,109,0,1557,1520,-5480,-432,-16720,241,1317,-74,0
S,120678877,fromabove,109,0,1557,1520,-736,0,-17488,183,1409,-28,0
S,120688877,fromabove,109,0,1557,1520,-3560,-568,-17368,74,1271,-160,0
S,120698877,fromabove,109,0,1557,1520,3144,1192,-15024,-49,1126,-146,0
S,120708877,fromabove,109,0,1557,1520,-544,-576,-16744,-98,891,-32,0
S,120718877,fromabove,109,0,1557,1520,152,-1656,-17528,-44,591,-103,0
S,120728877,fromabove,109,0,1557,1520,-2272,-1272,-16912,3,270,-15,0
S,120738877,fromabove,109,0,1557,1520,-1136,-1120,-16984,65,-80,-26,0
S,120748877,fromabove,109,0,1557,1520,-616,-1056,-17376,104,-278,9,0
S,120758877,fromabove,109,0,1557,1520,-520,-576,-17720,101,-338,52,0
S,120768878,fromabove,109,0,1557,1520,-1176,-688,-17032,60,-360,19,0
S,120778877,fromabove,109,0,1557,1520,-464,-888,-17528,4,-346,-10,0
S,120788877,fromabove,109,0,1557,1520,-2256,-128,-17128,-32,-231,-1,0
S,120798877,fromabove,109,0,1557,1520,-984,-2296,-16480,-7,-44,-12,0
S,120808877,fromabove,109,0,1557,1520,-328,-1288,-17144,44,126,-17,0
S,120818877,fromabove,109,0,1557,1520,-696,-672,-17104,88,243,-39,0
S,120828877,fromabove,109,0,1557,1520,-1528,-960,-17136,82,254,-54,0
S,120838877,fromabove,109,0,1557,1520,-464,-816,-17176,36,171,-54,0
S,120848877,fromabove,109,0,1557,1520,-1128,-912,-17080,-7,55,-34,0
S,120858877,fromabove,109,0,1557,1520,-648,-984,-17216,3,-36,-26,0
S,120868877,fromabove,109,0,1557,1520,-992,-1096,-17208,37,-79,-31,0
S,120878877,fromabove,109,0,1557,1520,-1040,-856,-17072,75,-60,-11,0
S,120888877,fromabove,109,0,1557,1520,-1280,-584,-17120,83,-15,-22,0
S,120898877,fromabove,109,0,1557,1520,-920,-1128,-16944,68,37,-27,0
S,120908877,fromabove,109,0,1557,1520,-968,-672,-17064,17,67,-28,0
S,120918877,fromabove,109,0,1557,1520,-1056,-848,-17208,-18,63,-29,0
S,120928877,fromabove,109,0,1557,1520,-992,-728,-16968,-1,39,-30,0
S,120938877,fromabove,109,0,1557,1520,-1024,-912,-17064,38,7,-29,0
S,120948877,fromabove,109,0,1557,1520,-864,-1072,-17120,68,-2,-22,0
S,120958877,fromabove,109,0,1557,1520,-904,-664,-17056,79,1,-23,0
S,120968878,fromabove,109,0,1557,1520,-960,-1168,-17056,65,17,-29,0
S,120978877,fromabove,109,0,1557,1520,-1112,-800,-17064,21,32,-30,0
S,120988877,fromabove,109,0,1557,1520,-928,-1064,-17104,-1,43,-27,0
S,120998877,fromabove,109,0,1557,1520,-832,-1128,-17064,17,39,-34,0
S,121008878,fromabove,109,0,1557,1520,-952,-976,-16960,41,33,-32,0
S,121018877,fromabove,109,0,1557,1520,-976,-1200,-16904,59,22,-29,0
E,121718256,frombelow,110,0,1557,1520,,,,,,,0
S,121718887,frombelow,110,0,1557,1520,208,-1096,-17160,39,11,-28,0
S,121728876,frombelow,110,0,1557,1520,3184,-888,-16768,41,1,-40,0
S,121738875,frombelow,110,0,1557,1520,7496,-8056,-18944,22,-244,-499,0
S,121748875,frombelow,110,0,1557,1520,-6288,-424,-20128,68,-443,-192,0
S,121758875,frombelow,110,0,1557,1520,1432,1904,-14128,62,-839,-151,0
S,121768875,frombelow,110,0,1557,1520,4880,1368,-16432,47,-1285,22,0
S,121778875,frombelow,110,0,1557,1520,432,-4400,-12816,76,-1517,9,0
S,121788875,frombelow,110,0,1557,1520,-5224,-7016,-23488,51,-1518,-10,0
S,121798875,frombelow,110,0,1557,1520,1824,-2968,-16840,29,-1421,140,0
S,121808875,frombelow,110,0,1557,1520,7864,3144,-17376,-33,-1055,-134,0
S,121818875,frombelow,110,0,1557,1520,-5320,-7120,-11624,93,-592,-48,0
S,121828875,frombelow,110,0,1557,1520,-176,-1248,-14920,116,155,-44,0
S,121838875,frombelow,110,0,1557,1520,600,-2008,-16384,164,604,-43,0
S,121848875,frombelow,110,0,1557,1520,-3144,-1016,-16976,52,851,-58,0
S,121858875,frombelow,110,0,1557,1520,-1456,-1776,-17344,-53,760,-193,0
S,121868875,frombelow,110,0,1557,1520,-720,-680,-15600,-92,714,-96,0
S,121878875,frombelow,110,0,1557,1520,1544,288,-16032,-38,543,-52,0
S,121888875,frombelow,110,0,1557,1520,-4416,-424,-16896,38,326,-89,0
S,121898875,frombelow,110,0,1557,1520,48,-1304,-16480,102,85,-65,0
S,121908875,frombelow,110,0,1557,1520,-736,-552,-16480,113,-144,-35,0
S,121918875,frombelow,110,0,1557,1520,-216,-776,-16504,89,-295,23,0
S,121928875,frombelow,110,0,1557,1520,-336,-720,-17072,37,-329,15,0
S,121938875,frombelow,110,0,1557,1520,-2440,-640,-17544,14,-302,19,0
S,121948875,frombelow,110,0,1557,1520,-208,-936,-17376,-7,-255,-21,0
S,121958875,frombelow,110,0,1557,1520,-528,-664,-17008,-6,-147,-30,0
S,121968875,frombelow,110,0,1557,1520,-408,-1368,-17240,1,-22,-29,0
S,121978875,frombelow,110,0,1557,1520,-336,-1568,-16896,41,90,-35,0
S,121988875,frombelow,110,0,1557,1520,-704,-1056,-16920,64,148,-32,0
S,121998875,frombelow,110,0,1557,1520,-640,-904,-17080,70,153,-44,0
S,122008875,frombelow,110,0,1557,1520,-1136,-1080,-17024,55,123,-34,0
S,122018875,frombelow,110,0,1557,1520,-976,-776,-17120,46,72,-25,0
S,122028875,frombelow,110,0,1557,1520,-840,-872,-17160,32,8,-32,0
S,122038875,frombelow,110,0,1557,1520,-840,-1120,-17152,24,-25,-33,0
S,122048875,frombelow,110,0,1557,1520,-944,-1040,-17056,33,-37,-24,0
S,122058875,frombelow,110,0,1557,1520,-968,-1000,-17112,36,-28,-27,0
S,122068875,frombelow,110,0,1557,1520,-872,-1072,-17152,51,9,-25,0
S,122078875,frombelow,110,0,1557,1520,-944,-1032,-17080,48,41,-31,0
S,122088875,frombelow,110,0,1557,1520,-952,-792,-17088,40,58,-29,0
S,122098875,frombelow,110,0,1557,1520,-840,-1080,-17072,27,57,-27,0
S,122108875,frombelow,110,0,1557,1520,-840,-912,-17096,21,36,-32,0
S,122118875,frombelow,110,0,1557,1520,-1008,-920,-17048,31,12,-28,0
E,122818256,fromabove,111,0,1557,1520,,,,,,,0
S,122818888,fromabove,111,0,1557,1520,-2120,-928,-16992,40,29,-31,0
S,122828879,fromabove,111,0,1557,1520,-5144,672,-16984,35,60,-29,0
S,122838877,fromabove,111,0,1557,1520,-2000,4856,-18800,47,276,-127,0
S,122848877,fromabove,111,0,1557,1520,-8408,-3168,-17272,168,625,-102,0
S,122858877,fromabove,111,0,1557,1520,-1432,5160,-18864,242,1059,-92,0
S,122868878,fromabove,111,0,1557,1520,-3640,2192,-15640,230,1321,-78,0
S,122878878,fromabove,111,0,1557,1520,-1960,592,-18424,141,1398,-108,0
S,122888877,fromabove,111,0,1557,1520,-4120,-1472,-16944,36,1166,-330,0
S,122898877,fromabove,111,0,1557,1520,-2824,-1144,-15416,-71,1134,-85,0
S,122908877,fromabove,111,0,1557,1520,2168,-1728,-16384,-95,843,-83,0
S,122918878,fromabove,111,0,1557,1520,160,-232,-17408,-41,560,-79,0
S,122928877,fromabove,111,0,1557,1520,-840,-2048,-16592,12,197,-68,0
S,122938877,fromabove,111,0,1557,1520,-368,-256,-15840,52,-130,-15,0
S,122948878,fromabove,111,0,1557,1520,200,304,-16112,97,-334,34,0
S,122958877,fromabove,111,0,1557,1520,-2024,-696,-17464,105,-380,33,0
S,122968877,fromabove,111,0,1557,1520,-920,-2280,-16656,68,-375,60,0
S,122978877,fromabove,111,0,1557,1520,504,-56,-17000,26,-323,-5,0
S,122988877,fromabove,111,0,1557,1520,-1280,-752,-17128,-9,-169,-18,0
S,122998877,fromabove,111,0,1557,1520,-640,-1752,-17280,16,34,-11,0
S,123008877,fromabove,111,0,1557,1520,-1408,-1992,-17048,72,220,-37,0
S,123018877,fromabove,111,0,1557,1520,-984,-928,-17360,64,290,-52,0
S,123028877,fromabove,111,0,1557,1520,-1216,-664,-16920,28,223,-70,0
S,123038877,fromabove,111,0,1557,1520,-1312,-968,-16848,-5,138,-37,0
S,123048877,fromabove,111,0,1557,1520,-1192,-1272,-16920,-1,25,-27,0
S,123058877,fromabove,111,0,1557,1520,-904,-888,-17368,39,-68,-26,0
S,123068877,fromabove,111,0,1557,1520,-360,-1152,-17160,81,-90,-21,0
S,123078877,fromabove,111,0,1557,1520,-552,-1112,-17160,91,-53,-21,0
S,123088877,fromabove,111,0,1557,1520,-1136,-928,-16920,66,3,-26,0
S,123098877,fromabove,111,0,1557,1520,-824,-872,-17040,21,54,-30,0
S,123108877,fromabove,111,0,1557,1520,-816,-840,-17056,-7,75,-32,0
S,123118878,fromabove,111,0,1557,1520,-1064,-912,-17064,2,66,-32,0
S,123128877,fromabove,111,0,1557,1520,-896,-1112,-17024,43,32,-26,0
S,123138877,fromabove,111,0,1557,1520,-864,-856,-17216,71,-2,-29,0
S,123148877,fromabove,111,0,1557,1520,-848,-936,-17088,69,-17,-26,0
S,123158877,fromabove,111,0,1557,1520,-1000,-880,-17088,45,-9,-30,0
S,123168877,fromabove,111,0,1557,1520,-976,-1040,-17008,32,19,-34,0
S,123178877,fromabove,111,0,1557,1520,-1016,-1048,-17064,24,54,-25,0
S,123188878,fromabove,111,0,1557,1520,-976,-904,-17056,20,57,-32,0
S,123198877,fromabove,111,0,1557,1520,-880,-1024,-17032,41,44,-30,0
S,123208877,fromabove,111,0,1557,1520,-824,-904,-17120,48,15,-30,0
S,123218877,fromabove,111,0,1557,1520,-1048,-992,-17056,43,-8,-31,0
E,123918256,frombelow,112,0,1557,1520,,,,,,,0
S,123918887,frombelow,112,0,1557,1520,224,-1064,-17160,38,18,-36,0
S,123928875,frombelow,112,0,1557,1520,2336,-1520,-16536,44,1,-37,0
S,123938874,frombelow,112,0,1557,1520,-4752,-2704,-18648,31,-270,-546,0
S,123948875,frombelow,112,0,1557,1520,-9392,352,-19648,76,-394,-195,0
S,123958875,frombelow,112,0,1557,1520,2104,960,-16200,61,-847,-122,0
S,123968875,frombelow,112,0,1557,1520,3104,160,-17976,56,-1262,28,0
S,123978875,frombelow,112,0,1557,1520,1048,-4920,-13616,64,-1503,14,0
S,123988875,frombelow,112,0,1557,1520,1992,-5344,-25608,3,-1466,287,0
S,123998875,frombelow,112,0,1557,1520,3256,96,-16192,42,-1414,68,0
S,124008874,frombelow,112,0,1557,1520,480,4112,-17360,-30,-1111,-79,0
S,124018874,frombelow,112,0,1557,1520,632,1328,-13144,95,-578,-27,0
S,124028875,frombelow,112,0,1557,1520,-6520,-5144,-15936,135,93,-9,0
S,124038874,frombelow,112,0,1557,1520,-1024,-424,-16768,140,610,-7,0
S,124048874,frombelow,112,0,1557,1520,-1720,-672,-16504,43,835,-34,0
S,124058874,frombelow,112,0,1557,1520,-1224,-1816,-17032,-59,734,-170,0
S,124068874,frombelow,112,0,1557,1520,336,1656,-15336,-94,689,-94,0
S,124078875,frombelow,112,0,1557,1520,256,1048,-16520,-46,509,-91,0
S,124088874,frombelow,112,0,1557,1520,-512,-944,-16864,43,309,-93,0
S,124098874,frombelow,112,0,1557,1520,-696,-456,-17144,105,101,-90,0
S,124108874,frombelow,112,0,1557,1520,-728,-568,-16664,112,-125,-29,0
S,124118874,frombelow,112,0,1557,1520,-240,-48,-16808,93,-262,10,0
S,124128874,frombelow,112,0,1557,1520,-504,-440,-17152,41,-305,11,0
S,124138874,frombelow,112,0,1557,1520,-2176,-832,-17432,10,-272,59,0
S,124148874,frombelow,112,0,1557,1520,-1184,-1224,-17560,-15,-226,-22,0
S,124158874,frombelow,112,0,1557,1520,-1896,-1056,-17088,-19,-141,-39,0
S,124168874,frombelow,112,0,1557,1520,-904,-1456,-17128,3,-27,-32,0
S,124178874,frombelow,112,0,1557,1520,-1840,-1344,-17104,32,78,-27,0
S,124188874,frombelow,112,0,1557,1520,-824,-1144,-17104,69,145,-35,0
S,124198875,frombelow,112,0,1557,1520,-464,-720,-17000,80,148,-41,0
S,124208874,frombelow,112,0,1557,1520,-1040,-864,-17032,66,127,-22,0
S,124218874,frombelow,112,0,1557,1520,-1072,-856,-17240,47,65,-26,0
S,124228874,frombelow,112,0,1557,1520,-904,-928,-17064,35,12,-31,0
S,124238874,frombelow,112,0,1557,1520,-840,-1016,-17136,22,-34,-22,0
S,124248874,frombelow,112,0,1557,1520,-1184,-1160,-17096,24,-36,-31,0
S,124258874,frombelow,112,0,1557,1520,-928,-1000,-17072,34,-20,-33,0
S,124268874,frombelow,112,0,1557,1520,-824,-832,-17048,46,8,-32,0
S,124278874,frombelow,112,0,1557,1520,-888,-1064,-17072,51,43,-27,0
S,124288874,frombelow,112,0,1557,1520,-896,-880,-16920,42,56,-32,0
S,124298874,frombelow,112,0,1557,1520,-872,-992,-17152,35,49,-32,0
S,124308874,frombelow,112,0,1557,1520,-880,-1080,-17080,29,28,-32,0
S,124318875,frombelow,112,0,1557,1520,-984,-1000,-17040,32,6,-32,0
E,125018256,fromabove,113,0,1557,1520,,,,,,,0
S,125018889,fromabove,113,0,1557,1520,-2184,-936,-16904,36,31,-27,0
S,125028879,fromabove,113,0,1557,1520,1736,-232,-17136,24,26,-33,0
S,125038878,fromabove,113,0,1557,1520,-4136,368,-18200,54,253,116,0
S,125048878,fromabove,113,0,1557,1520,-6656,1968,-13912,176,579,-24,0
S,125058878,fromabove,113,0,1557,1520,576,-1632,-18280,267,966,-21,0
S,125068877,fromabove,113,0,1557,1520,-6360,-1128,-15360,252,1290,-69,0
S,125078877,fromabove,113,0,1557,1520,1488,864,-18232,197,1383,-15,0
S,125088877,fromabove,113,0,1557,1520,-2584,-272,-16816,91,1276,-160,0
S,125098877,fromabove,113,0,1557,1520,2704,1272,-16256,-34,1108,-95,0
S,125108877,fromabove,113,0,1557,1520,-2960,-288,-16856,-84,890,-43,0
S,125118877,fromabove,113,0,1557,1520,-1472,-1648,-17096,-56,603,-86,0
S,125128877,fromabove,113,0,1557,1520,-2552,-616,-17592,8,309,-56,0
S,125138877,fromabove,113,0,1557,1520,-1544,-744,-17152,70,-38,-34,0
S,125148877,fromabove,113,0,1557,1520,-1104,-1528,-17408,90,-282,-5,0
S,125158877,fromabove,113,0,1557,1520,-392,-320,-18040,92,-362,41,0
S,125168878,fromabove,113,0,1557,1520,-1904,-1200,-17120,37,-366,62,0
S,125178878,fromabove,113,0,1557,1520,472,-320,-17344,3,-359,20,0
S,125188877,fromabove,113,0,1557,1520,-3280,-688,-17040,-14,-255,9,0
S,125198878,fromabove,113,0,1557,1520,-1016,-2760,-16584,10,-71,2,0
S,125208877,fromabove,113,0,1557,1520,-128,-1240,-17176,68,110,-18,0
S,125218877,fromabove,113,0,1557,1520,-728,528,-16984,96,248,-32,0
S,125228877,fromabove,113,0,1557,1520,-1160,-696,-16992,63,275,-48,0
S,125238877,fromabove,113,0,1557,1520,-952,-1000,-16992,-4,200,-59,0
S,125248877,fromabove,113,0,1557,1520,-1104,-856,-17312,-21,86,-30,0
S,125258877,fromabove,113,0,1557,1520,-856,-952,-17160,7,-23,-26,0
S,125268877,fromabove,113,0,1557,1520,-992,-1104,-16984,50,-81,-19,0
S,125278877,fromabove,113,0,1557,1520,-800,-1152,-16928,98,-79,-30,0
S,125288877,fromabove,113,0,1557,1520,-1048,-568,-17040,103,-34,-29,0
S,125298877,fromabove,113,0,1557,1520,-760,-1016,-17032,55,20,-31,0
S,125308877,fromabove,113,0,1557,1520,-880,-1032,-16800,0,64,-34,0
