t_ms,pwm,rpm,Fx,Fy,Fz,Tx,Ty,Tz,Current_mA,ADC_Current_mA
3009477,1000,1724.0,-0.8380,-0.0122,-0.0932,0.01041,-0.06511,-0.00401,0.0,
3009497,1000,1724.0,0.2410,-0.0862,-0.0332,0.00741,0.01689,-0.00101,0.0,
3009517,1000,1724.0,-0.1400,-0.1012,0.0298,0.00641,-0.01011,0.00199,0.0,
3009537,1000,1724.0,-0.3780,0.1868,-0.1182,-0.01859,-0.02611,0.00199,0.0,
3009557,1000,1724.0,0.5110,0.0658,0.0728,0.00141,0.03589,0.00099,0.0,
3009577,1000,1724.0,-0.6090,-0.0302,-0.1112,0.00941,-0.05411,-0.00001,0.0,
3009597,1000,1724.0,-0.4740,0.0878,-0.1312,0.00341,-0.03811,-0.00301,0.0,
3009617,1000,1724.0,-0.1970,0.1098,-0.0022,-0.00059,-0.01911,-0.00101,0.0,
3009637,1000,1724.0,-0.4400,0.0778,-0.0762,-0.01159,-0.03611,0.00199,0.0,
3009657,1000,1724.0,-0.3260,0.0568,-0.0732,0.00341,-0.02911,-0.00101,0.0,
3009677,1000,1724.0,-0.1550,0.0728,-0.0212,-0.00559,-0.01711,0.00599,0.0,
3009697,1000,1724.0,-0.2960,0.2618,0.0188,-0.02059,-0.02211,0.00499,0.0,
3009717,1000,1724.0,-0.0940,-0.0932,-0.0042,0.01041,-0.00811,-0.00101,0.0,
3009737,1000,1724.0,-0.5330,0.2188,-0.0792,-0.01059,-0.04011,-0.00001,0.0,
3009757,1000,1724.0,0.2290,0.1058,0.0928,-0.00959,0.01389,0.00299,0.0,
3009777,1000,1724.0,-0.2270,0.1738,-0.0402,-0.00459,-0.02011,0.00099,0.0,
3009797,1000,1724.0,0.0920,0.0948,-0.0382,-0.00659,-0.00211,0.00199,0.0,
3009817,1000,1724.0,-0.2270,0.1158,-0.0912,-0.00259,-0.02311,-0.00101,0.0,
3009837,1000,1724.0,-0.2360,-0.0772,-0.0822,0.00841,-0.02211,-0.00001,0.0,
3009857,1000,1724.0,-0.2600,-0.0142,-0.0602,0.00441,-0.02011,0.00099,0.0,
3009877,1000,1724.0,-0.1740,0.2018,-0.0202,-0.01359,-0.02511,0.00299,0.0,
3009897,1000,1724.0,-0.0050,0.0248,-0.0542,0.00241,-0.00411,-0.00201,0.0,
3009917,1000,1724.0,-0.2760,0.1808,0.0528,-0.01959,-0.02111,0.00399,0.0,
3009937,1000,1724.0,0.3030,-0.2392,0.0848,0.02641,0.00989,-0.00401,0.0,
3009957,1000,1724.0,-0.0460,-0.0062,0.0138,0.00441,-0.01111,-0.00201,0.0,
3009977,1000,1724.0,-0.2180,-0.0182,0.0938,0.00941,-0.02911,-0.00201,0.0,
3009997,1000,1724.0,0.1170,-0.1472,0.0518,0.01241,0.00489,-0.00201,0.0,
3010017,1000,1724.0,-0.3970,0.1748,-0.0522,-0.01459,-0.03011,-0.00001,0.0,
3010037,1000,1724.0,-0.6730,0.1978,-0.2442,-0.01759,-0.05111,0.00399,0.0,
3010057,1000,1724.0,-0.1880,0.0658,-0.0602,-0.00759,-0.01511,0.00199,0.0,
3010077,1000,1724.0,-0.0260,-0.0832,0.0248,0.00741,-0.00311,0.00199,0.0,
3010097,1000,1724.0,0.0200,-0.0502,0.0328,0.00741,0.00189,0.00099,0.0,
3010117,1000,1724.0,-0.1730,0.0708,-0.0992,-0.00859,-0.01211,0.00099,0.0,
3010137,1000,1724.0,-0.5530,0.1328,-0.1492,-0.01459,-0.04411,-0.00001,0.0,
3010157,1000,1724.0,-0.3050,0.0048,-0.0172,0.00141,-0.02311,-0.00001,0.0,
3010177,1000,1724.0,-0.0340,0.0818,0.0878,-0.00959,-0.00111,0.00099,0.0,
3010197,1000,1724.0,0.2310,-0.0902,0.0308,0.01041,0.01189,-0.00201,0.0,
3010217,1000,1724.0,-0.7560,0.2468,-0.1332,-0.01959,-0.05711,0.00299,0.0,
3010237,1000,1724.0,-0.8400,0.2658,-0.1522,-0.02259,-0.06811,0.00399,0.0,
3010257,1000,1724.0,-0.6970,0.0998,-0.2172,0.00041,-0.05411,-0.00101,0.0,
3010277,1000,1724.0,-0.2360,0.0128,-0.0452,0.00541,-0.02211,-0.00001,0.0,
3010297,1000,1724.0,-0.7780,0.1778,-0.0692,-0.01559,-0.06411,-0.00101,0.0,
3010317,1000,1724.0,-0.4820,0.2278,-0.1312,-0.00759,-0.03111,0.00099,0.0,
3010337,1000,1724.0,-0.7450,0.2108,-0.1512,-0.00459,-0.06011,-0.00001,0.0,
3010357,1000,1724.0,-0.6800,0.2728,-0.1922,-0.02159,-0.05411,0.00299,0.0,
3010377,1000,1724.0,0.5900,0.1308,0.0648,-0.01059,0.04189,0.00799,0.0,
3010397,1000,1724.0,-0.0960,-0.0592,-0.0712,0.01041,-0.01111,-0.00101,0.0,
3010417,1000,1724.0,-0.1720,0.1258,0.0088,-0.01159,-0.01611,0.00299,0.0,
3010437,1000,1724.0,-0.2260,-0.0802,-0.0542,0.02041,-0.02211,-0.00601,0.0,
3010457,1000,1724.0,-0.3960,-0.0422,-0.0302,0.01141,-0.03611,-0.00301,0.0,
3010477,1000,1724.0,-0.0340,0.0098,-0.0522,0.00341,-0.00611,-0.00001,0.0,
3010497,1000,1724.0,-0.1470,0.1778,-0.0322,-0.01159,-0.01611,0.00299,0.0,
3010517,1000,1724.0,0.0160,-0.0442,-0.0052,0.00441,0.00189,0.00099,0.0,
3010537,1000,1724.0,-0.2240,0.1698,-0.2112,-0.00459,-0.02311,-0.00101,0.0,
3010557,1000,1724.0,0.0250,0.0578,0.0298,-0.00859,-0.00011,0.00499,0.0,
3010577,1000,1724.0,-0.2240,0.0438,0.0778,0.00141,-0.02011,-0.00101,0.0,
3010597,1000,1724.0,0.1440,-0.0722,-0.0302,0.00841,0.00889,-0.00001,0.0,
3010617,1000,1724.0,-0.0650,0.0448,0.0078,0.00241,-0.00911,-0.00001,0.0,
3010637,1000,1724.0,-0.2260,-0.1282,-0.0472,0.01641,-0.02111,-0.00201,0.0,
3010657,1000,1724.0,0.3810,-0.0852,0.0478,0.00841,0.02589,0.00199,0.0,
3010677,1000,1724.0,-0.4650,-0.0392,-0.0452,0.01141,-0.04011,-0.00601,0.0,
3010697,1000,1724.0,-0.3160,-0.0612,0.0368,0.00841,-0.02611,-0.00001,0.0,
3010717,1000,1724.0,-0.1680,-0.1512,-0.0272,0.02041,-0.01711,-0.00201,0.0,
3010737,1000,1724.0,-0.4070,0.3118,-0.1832,-0.02459,-0.03311,0.00599,0.0,
3010757,1000,1724.0,0.4150,-0.1432,0.0088,0.01541,0.03289,0.00199,0.0,
3010777,1000,1724.0,-0.3240,0.1348,-0.0982,-0.00759,-0.02711,0.00099,0.0,
3010797,1000,1724.0,-0.3270,0.1258,-0.0422,-0.00459,-0.03011,-0.00001,0.0,
3010817,1000,1724.0,-0.7940,0.2648,-0.0342,-0.01459,-0.06511,-0.00001,0.0,
3010837,1000,1724.0,0.2540,0.0528,0.0438,-0.00759,0.02089,0.00299,0.0,
3010857,1000,1724.0,-0.2780,0.0178,-0.0142,0.00441,-0.02211,-0.00201,0.0,
3010877,1000,1724.0,0.0310,-0.0052,0.1108,0.00241,-0.00111,0.00099,0.0,
3010897,1000,1724.0,-0.4790,0.1008,-0.0742,0.00341,-0.04311,-0.00201,0.0,
3010917,1000,1724.0,-0.1100,-0.1022,0.0248,0.00741,-0.01011,-0.00101,0.0,
3010937,1000,1724.0,-0.2600,0.1268,0.1098,-0.00559,-0.02411,-0.00001,0.0,
3010957,1000,1724.0,-0.4560,0.1748,-0.3142,-0.01059,-0.03311,0.00399,0.0,
3010977,1000,1724.0,-0.5610,0.4938,-0.0972,-0.04459,-0.04311,0.00799,0.0,
3010997,1000,1724.0,-0.0820,-0.1432,-0.0082,0.01641,-0.01011,-0.00001,0.0,
3011017,1000,1724.0,-0.8590,0.2548,-0.0252,-0.02259,-0.06511,0.00699,0.0,
3011037,1000,1724.0,-0.0370,0.1178,-0.0762,-0.00059,-0.00411,-0.00201,0.0,
3011057,1000,1724.0,0.0720,-0.1152,-0.1132,0.00941,-0.00411,0.00399,0.0,
3011077,1000,1724.0,-0.3530,0.0388,-0.1322,0.00241,-0.03211,-0.00301,0.0,
3011097,1000,1724.0,-0.4750,0.0258,-0.1302,0.00441,-0.04311,-0.00101,0.0,
3011117,1000,1724.0,0.4140,-0.3012,0.0618,0.02541,0.03189,-0.00201,0.0,
3011137,1000,1724.0,-0.3900,0.1628,-0.1122,-0.01359,-0.02911,0.00099,0.0,
3011157,1000,1724.0,-0.6780,0.2118,-0.1262,-0.01259,-0.05211,0.00199,0.0,
3011177,1000,1724.0,0.1970,-0.0652,0.0208,0.00041,0.01089,0.00499,0.0,
3011197,1000,1724.0,0.4130,-0.2762,0.0408,0.02741,0.02289,-0.00301,0.0,
3011217,1000,1724.0,-0.3850,0.0428,-0.0262,0.00741,-0.03211,-0.00601,0.0,
3011237,1000,1724.0,-0.9770,0.4798,-0.1252,-0.03759,-0.07711,0.00199,0.0,
3011257,1000,1724.0,-0.7480,0.5408,-0.1802,-0.04259,-0.05711,0.00699,0.0,
3011277,1000,1724.0,0.3230,-0.0002,0.0718,-0.00259,0.02789,0.00399,0.0,
3011297,1000,1724.0,0.5500,0.0148,-0.0182,0.00041,0.04089,0.00099,0.0,
3011317,1000,1724.0,-0.1190,0.1878,0.0848,-0.01159,-0.01411,0.00399,0.0,
3011337,1000,1724.0,0.0320,0.0758,-0.1442,-0.00259,0.00189,-0.00101,0.0,
3011357,1000,1724.0,-0.2420,-0.2432,-0.2132,0.03141,-0.02511,-0.01001,0.0,
3011377,1000,1724.0,-0.6630,0.2058,-0.1372,-0.01059,-0.05011,-0.00001,0.0,
3011397,1000,1724.0,-0.4270,0.0938,-0.1142,-0.00859,-0.03711,0.00099,0.0,
3011417,1000,1724.0,-0.2620,0.0208,-0.0042,-0.00559,-0.01811,0.00399,0.0,
3011437,1000,1724.0,-0.3910,0.2188,0.0528,-0.00759,-0.03711,0.00099,0.0,
3011457,1000,1724.0,-0.0520,0.1558,-0.0532,-0.00759,-0.00511,-0.00001,0.0,
3011477,1000,1724.0,0.5770,-0.1492,0.1128,0.01241,0.03989,0.00299,0.0,
3011497,1000,1724.0,0.4700,-0.2052,-0.0222,0.01941,0.03889,-0.00201,0.0,
3011517,1000,1724.0,0.1830,-0.0352,0.0468,0.00441,0.00989,0.00499,0.0,
3011537,1000,1724.0,-0.7220,0.2248,-0.1282,-0.01359,-0.05811,0.00099,0.0,
3011557,1000,1724.0,0.0180,-0.0692,0.0258,0.01641,-0.00211,-0.00401,0.0,
3011577,1000,1724.0,-0.4470,0.4228,-0.1152,-0.02759,-0.03611,0.00399,0.0,
3011597,1000,1724.0,0.4280,0.0908,-0.0062,-0.00559,0.02589,0.00299,0.0,
3011617,1000,1724.0,-0.7830,0.2678,0.0048,-0.02459,-0.06511,0.00499,0.0,
3011637,1000,1724.0,0.4570,-0.1972,0.1308,0.02041,0.03189,-0.00201,0.0,
3011657,1000,1724.0,0.3040,0.0398,0.1018,-0.00759,0.01989,0.00799,0.0,
3011677,1000,1724.0,-0.0980,-0.1272,-0.1662,0.01541,-0.00811,-0.00201,0.0,
3011697,1000,1724.0,-0.3490,0.2438,-0.0752,-0.02159,-0.02511,0.00299,0.0,
3011717,1000,1724.0,0.3260,-0.0902,0.1338,0.00441,0.02189,0.00499,0.0,
3011737,1000,1724.0,0.5000,-0.2932,0.0198,0.02541,0.03589,-0.00101,0.0,
3011757,1000,1724.0,-0.1350,-0.0192,0.0568,0.00841,-0.01211,-0.00201,0.0,
3011777,1000,1724.0,-0.8610,0.2628,-0.0582,-0.01859,-0.07311,-0.00001,0.0,
3011797,1000,1724.0,-0.7910,0.0928,-0.1062,0.00141,-0.06511,-0.00401,0.0,
3011817,1000,1724.0,-0.7030,0.0668,-0.0942,0.00541,-0.05511,-0.00501,0.0,
3011837,1000,1724.0,-0.7260,-0.0092,-0.1542,0.01141,-0.06211,-0.00501,0.0,
3011857,1000,1724.0,-0.8070,0.3008,-0.1402,-0.01559,-0.06511,-0.00201,0.0,
3011877,1000,1724.0,-0.2150,-0.1072,-0.0502,0.02041,-0.02211,-0.00701,0.0,
3011897,1000,1724.0,-0.5810,0.1038,0.0618,-0.00059,-0.04911,-0.00001,0.0,
3011917,1000,1724.0,-0.3710,0.1718,-0.1452,-0.01059,-0.03811,0.00199,0.0,
3011937,1000,1724.0,-0.4050,0.0888,-0.0842,-0.00459,-0.03311,-0.00401,0.0,
3011957,1000,1724.0,-0.0970,-0.0272,-0.0192,0.01241,-0.01411,-0.00301,0.0,
3011977,1000,1724.0,-0.1720,0.2218,0.0738,-0.02059,-0.01611,0.00299,0.0,
3011997,1000,1724.0,-0.8000,0.1658,-0.0402,-0.01059,-0.06811,0.00099,0.0,
3012017,1000,1724.0,-0.0700,-0.1242,0.0968,0.01741,-0.00611,-0.00201,0.0,
3012037,1000,1724.0,0.0580,0.0638,0.0318,-0.00459,0.00489,0.00099,0.0,
3012057,1000,1724.0,-0.7280,0.2098,-0.1312,-0.01359,-0.06011,0.00299,0.0,
3012077,1000,1724.0,-0.1890,0.0708,-0.0542,0.00141,-0.02311,0.00099,0.0,
3012097,1000,1724.0,0.2550,0.0968,0.0218,-0.00659,0.01689,0.00499,0.0,
3012117,1000,1724.0,-0.2180,0.4908,-0.1472,-0.04759,-0.02111,0.01199,0.0,
3012137,1000,1724.0,0.0150,-0.2212,0.0378,0.02141,-0.00411,-0.00301,0.0,
3012157,1000,1724.0,-0.3800,0.1738,-0.0452,-0.00759,-0.03011,0.00099,0.0,
3012177,1000,1724.0,-0.1600,0.1438,-0.0392,-0.01259,-0.01611,0.00399,0.0,
3012197,1000,1724.0,-0.2620,0.3718,-0.0652,-0.04259,-0.02011,0.01299,0.0,
3012217,1000,1724.0,-0.7270,0.3608,-0.0832,-0.03359,-0.05611,0.00699,0.0,
3012237,1000,1724.0,-0.9180,0.2248,-0.0892,-0.00859,-0.07211,-0.00601,0.0,
3012257,1000,1724.0,-0.1830,-0.2082,-0.1732,0.03041,-0.02211,-0.00701,0.0,
3012277,1000,1724.0,-0.6550,0.0438,0.0458,0.01041,-0.05511,-0.00601,0.0,
3012297,1000,1724.0,-0.3770,0.1898,-0.0512,-0.01659,-0.03011,0.00299,0.0,
3012317,1000,1724.0,0.4930,-0.0452,-0.0572,0.00541,0.03589,-0.00101,0.0,
3012337,1000,1724.0,-0.5520,0.0928,-0.1072,0.00241,-0.04411,-0.00001,0.0,
3012357,1000,1724.0,-0.6980,0.2518,-0.1052,-0.01959,-0.05611,0.00399,0.0,
3012377,1000,1724.0,-0.4440,0.0868,-0.0282,0.00341,-0.04311,-0.00301,0.0,
3012397,1000,1724.0,-0.6920,0.1898,-0.0172,-0.00959,-0.05711,0.00299,0.0,
3012417,1000,1724.0,-0.4920,0.1388,-0.0342,-0.01159,-0.04111,0.00199,0.0,
3012437,1000,1724.0,0.4100,-0.2402,-0.0602,0.02341,0.02989,0.00099,0.0,
3012457,1000,1724.0,-0.0380,-0.0772,-0.0952,0.00941,-0.00411,0.00199,0.0,
3012477,1000,1724.0,0.0570,0.1568,-0.0942,-0.00559,0.00189,0.00299,0.0,
3012497,1000,1724.0,-0.0130,0.1848,-0.0142,-0.01059,-0.00911,0.00299,0.0,
3012517,1000,1724.0,-0.3540,0.1128,-0.0812,-0.00759,-0.02811,-0.00101,0.0,
3012537,1000,1724.0,-0.4190,0.0748,-0.0442,-0.00459,-0.03311,-0.00001,0.0,
3012557,1000,1724.0,0.0390,0.0288,-0.0442,0.00041,-0.00511,-0.00001,0.0,
3012577,1000,1724.0,-0.2440,0.1388,-0.2352,-0.00459,-0.02111,-0.00101,0.0,
3012597,1000,1724.0,-0.4700,-0.0202,-0.1962,0.01241,-0.03911,-0.00401,0.0,
3012617,1000,1724.0,-0.4960,0.0818,-0.0742,-0.00259,-0.04311,-0.00001,0.0,
3012637,1000,1724.0,0.0230,-0.0142,0.0958,0.00841,-0.00011,-0.00101,0.0,
3012657,1000,1724.0,-0.1430,0.1898,-0.0522,-0.00959,-0.01611,0.00199,0.0,
3012677,1000,1724.0,-0.0220,0.0568,-0.1142,0.00041,-0.00211,0.00199,0.0,
3012697,1000,1724.0,-0.3780,0.1198,-0.0812,-0.00659,-0.03311,-0.00001,0.0,
3012717,1000,1724.0,-0.1350,0.0638,-0.1482,-0.00159,-0.01211,-0.00501,0.0,
3012737,1000,1724.0,0.0820,-0.1562,0.0318,0.01141,0.00289,-0.00001,0.0,
3012757,1000,1724.0,-0.6390,0.0708,-0.1122,0.00441,-0.05711,-0.00401,0.0,
3012777,1000,1724.0,-0.0040,-0.0692,-0.0652,0.00241,0.00189,0.00399,0.0,
3012797,1000,1724.0,-0.0300,0.0798,-0.2142,-0.00859,-0.00711,0.00699,0.0,
3012817,1000,1724.0,-0.6820,0.1918,0.0588,-0.01359,-0.05511,-0.00001,0.0,
3012837,1000,1724.0,-0.2910,0.0298,-0.1042,-0.00259,-0.02511,0.00199,0.0,
3012857,1000,1724.0,0.0050,-0.0882,0.1558,0.00641,-0.00111,0.00099,0.0,
3012877,1000,1724.0,-0.5620,0.1848,-0.0682,-0.01559,-0.04511,0.00599,0.0,
3012897,1000,1724.0,0.3490,-0.0242,-0.1532,0.00241,0.02389,-0.00001,0.0,
3012917,1000,1724.0,-0.2740,0.1218,0.0458,0.00241,-0.02211,-0.00301,0.0,
3012937,1000,1724.0,-0.3860,0.2438,-0.1482,-0.01459,-0.03011,0.00299,0.0,
3012957,1000,1724.0,-0.0190,-0.0272,-0.0632,0.01141,-0.00611,-0.00101,0.0,
3012977,1000,1724.0,-0.7870,0.0588,-0.0592,-0.00359,-0.06311,0.00299,0.0,
3012997,1000,1724.0,-0.0150,0.0678,0.0348,-0.00759,-0.00811,0.00299,0.0,
3013017,1000,1724.0,0.4990,-0.1822,0.0868,0.01741,0.03389,-0.00001,0.0,
3013037,1000,1724.0,-0.1410,0.2868,-0.1522,-0.02259,-0.01211,0.00899,0.0,
3013057,1000,1724.0,0.2170,0.0168,0.0688,0.00241,0.01489,-0.00301,0.0,
3013077,1000,1724.0,-0.3260,0.0218,-0.0552,0.00441,-0.02511,-0.00101,0.0,
3013097,1000,1724.0,-0.2490,0.0988,-0.0182,-0.00059,-0.02411,-0.00301,0.0,
3013117,1000,1724.0,-0.0300,-0.1652,0.0288,0.01441,-0.00711,-0.00101,0.0,
3013137,1000,1724.0,-0.0150,0.0408,0.0158,-0.00259,-0.00611,0.00399,0.0,
3013157,1000,1724.0,0.0930,0.0268,-0.0112,-0.00059,0.00589,-0.00201,0.0,
3013177,1000,1724.0,-0.1530,-0.0542,0.0568,0.00541,-0.01811,0.00099,0.0,
3013197,1000,1724.0,-0.5500,0.0008,-0.0862,0.00741,-0.05011,-0.00201,0.0,
3013217,1000,1724.0,-0.1460,-0.0662,0.0968,0.00341,-0.01511,-0.00101,0.0,
3013237,1000,1724.0,-0.5950,0.1578,-0.1522,-0.01059,-0.04711,0.00399,0.0,
3013257,1000,1724.0,-0.1900,0.1968,-0.0982,-0.01759,-0.01711,0.00499,0.0,
3013277,1000,1724.0,0.0990,-0.0562,0.1588,0.00941,0.00289,-0.00001,0.0,
3013297,1000,1724.0,-0.3070,0.1158,0.1188,-0.00559,-0.02511,-0.00101,0.0,
3013317,1000,1724.0,0.0440,-0.0912,0.0608,0.00941,0.00189,-0.00301,0.0,
3013337,1000,1724.0,-0.3030,0.1948,0.0338,-0.01359,-0.02811,0.00099,0.0,
3013357,1000,1724.0,-0.1530,-0.0532,-0.1212,0.00741,-0.01911,-0.00301,0.0,
3013377,1000,1724.0,-0.1440,0.0158,0.0218,0.00341,-0.01211,-0.00001,0.0,
3013397,1000,1724.0,-0.1990,0.1888,-0.0872,-0.00959,-0.01711,-0.00301,0.0,
3013417,1000,1724.0,-0.2510,0.2668,-0.1502,-0.02859,-0.01611,0.00599,0.0,
3013437,1000,1724.0,-0.2850,0.1228,-0.0962,-0.00659,-0.02411,0.00199,0.0,
3013457,1000,1724.0,-0.4090,0.0318,-0.1552,0.00541,-0.03311,0.00199,0.0,
3013477,1000,1724.0,-0.3190,-0.0592,0.0778,0.00141,-0.02711,0.00199,0.0,
3013497,1000,1724.0,-0.1380,0.2488,-0.0452,-0.01559,-0.02011,0.00499,0.0,
3013517,1000,1724.0,-0.1010,0.0628,-0.0012,-0.00259,-0.01111,0.00199,0.0,
3013537,1000,1724.0,0.0080,-0.0772,0.0528,0.01241,-0.00211,-0.00401,0.0,
3013557,1000,1724.0,-0.2070,-0.0432,-0.0672,0.00341,-0.01511,-0.00201,0.0,
3013577,1000,1724.0,-0.2290,0.0688,-0.2852,0.00441,-0.02011,-0.00101,0.0,
3013597,1000,1724.0,-0.2450,-0.0332,-0.0472,0.00641,-0.02311,-0.00201,0.0,
3013617,1000,1724.0,-0.9220,0.1278,-0.1182,-0.01359,-0.07411,0.00399,0.0,
3013637,1000,1724.0,-0.2520,0.0848,0.0518,-0.00159,-0.02611,0.00399,0.0,
3013657,1000,1724.0,-0.4130,0.2188,0.0028,-0.01859,-0.03411,0.00399,0.0,
3013677,1000,1724.0,-0.0770,-0.0372,0.0428,0.00741,-0.01211,-0.00101,0.0,
3013697,1000,1724.0,-0.2140,0.0038,-0.1292,0.00041,-0.02011,0.00399,0.0,
3013717,1000,1724.0,-0.7420,0.1888,-0.0092,-0.01459,-0.06411,0.00399,0.0,
3013737,1000,1724.0,-0.3160,0.0478,-0.0492,0.00041,-0.02911,0.00199,0.0,
3013757,1000,1724.0,0.3560,0.1068,-0.0412,-0.00759,0.02589,-0.00101,0.0,
3013777,1000,1724.0,0.1910,-0.1272,0.0418,0.01641,0.00889,-0.00401,0.0,
3013797,1000,1724.0,0.4060,-0.3142,-0.1112,0.03041,0.02289,-0.00301,0.0,
3013817,1000,1724.0,0.1400,-0.0352,-0.1132,0.00341,0.01189,-0.00001,0.0,
3013837,1000,1724.0,-0.0710,0.2118,-0.1262,-0.01459,-0.01111,0.00499,0.0,
3013857,1000,1724.0,0.2930,-0.1142,0.1128,0.00941,0.02289,0.00199,0.0,
3013877,1000,1724.0,-0.1190,-0.1522,0.0068,0.01241,-0.01611,0.00199,0.0,
3013897,1000,1724.0,-0.1050,0.0848,-0.0092,-0.00759,-0.00711,-0.00001,0.0,
3013917,1000,1724.0,-0.5160,0.1558,-0.2052,-0.00659,-0.04611,0.00199,0.0,
3013937,1000,1724.0,0.0300,0.1048,-0.1392,0.00141,-0.00511,-0.00101,0.0,
3013957,1000,1724.0,-0.4340,0.1528,-0.0932,-0.01159,-0.03811,0.00199,0.0,
3013977,1000,1724.0,0.4310,-0.1342,0.0968,0.01541,0.02589,-0.00401,0.0,
3013997,1000,1724.0,-0.6030,0.2668,-0.2752,-0.01559,-0.05311,0.00299,0.0,
3014017,1000,1724.0,0.1140,-0.0182,0.0698,0.00941,0.00689,-0.00001,0.0,
3014037,1000,1724.0,0.1950,-0.1192,-0.0382,0.01241,0.01189,0.00299,0.0,
3014057,1000,1724.0,0.4100,-0.1842,0.0838,0.01941,0.02489,0.00099,0.0,
3014077,1000,1724.0,-0.0680,-0.1472,-0.1462,0.02141,-0.00611,-0.00201,0.0,
3014097,1000,1724.0,-0.1810,0.1148,-0.0662,-0.00659,-0.02211,0.00299,0.0,
3014117,1000,1724.0,0.4050,-0.0762,0.1138,0.00141,0.03289,0.00599,0.0,
3014137,1000,1724.0,-0.1390,0.0648,-0.0592,0.00741,-0.02011,-0.00501,0.0,
3014157,1000,1724.0,-0.4530,0.1708,0.0048,-0.01159,-0.03811,0.00199,0.0,
3014177,1000,1724.0,-0.0750,0.0578,0.0048,-0.00959,-0.00711,0.00599,0.0,
3014197,1000,1724.0,-0.0090,0.0268,-0.1422,-0.00159,-0.00611,-0.00001,0.0,
3014217,1000,1724.0,0.0310,-0.1002,-0.0212,0.01841,0.00089,-0.00201,0.0,
3014237,1000,1724.0,-0.2280,0.0648,-0.1112,0.00241,-0.02011,0.00099,0.0,
3014257,1000,1724.0,-0.2200,0.1818,-0.0752,-0.01659,-0.01811,0.00199,0.0,
3014277,1000,1724.0,-0.3540,0.1858,-0.1112,-0.01259,-0.03411,0.00199,0.0,
3014297,1000,1724.0,-0.1220,-0.0152,-0.0142,-0.00059,-0.01711,0.00099,0.0,
3014317,1000,1724.0,-0.0410,-0.1312,-0.1042,0.01241,-0.00111,-0.00201,0.0,
3014337,1000,1724.0,0.1050,-0.1812,0.0078,0.01541,0.00589,-0.00201,0.0,
3014357,1000,1724.0,-0.4470,0.1238,-0.0972,-0.00859,-0.03811,-0.00001,0.0,
3014377,1000,1724.0,-0.1190,0.2398,-0.0802,-0.02259,-0.01211,0.00399,0.0,
3014397,1000,1724.0,0.0480,-0.0862,0.1148,0.01041,0.00689,-0.00101,0.0,
3014417,1000,1724.0,-0.1000,-0.0032,-0.0052,0.00141,-0.01711,-0.00201,0.0,
3014437,1000,1724.0,-0.4120,0.0368,-0.1942,0.00441,-0.03211,-0.00101,0.0,
3014457,1000,1724.0,0.0710,0.0608,-0.0062,-0.01159,0.00189,0.00999,0.0,
3014477,1000,1724.0,-0.1120,-0.3302,-0.1482,0.03541,-0.00911,-0.00601,0.0,
3014497,1000,1724.0,0.0620,0.0308,-0.0292,-0.00559,0.00089,0.00299,0.0,
3014517,1000,1724.0,-0.1320,0.0228,-0.0622,0.00241,-0.01211,-0.00201,0.0,
3014537,1000,1724.0,0.0720,-0.2292,0.0158,0.02341,-0.00311,-0.00201,0.0,
3014557,1000,1724.0,0.1400,0.0278,-0.0572,-0.00159,0.00689,-0.00001,0.0,
3014577,1000,1724.0,-0.3010,0.1208,-0.0062,-0.00359,-0.03211,-0.00201,0.0,
3014597,1000,1724.0,-0.1330,-0.1862,0.0218,0.02341,-0.01711,-0.00601,0.0,
3014617,1000,1724.0,-0.3350,0.2848,-0.0652,-0.01959,-0.02911,0.00199,0.0,
3014637,1000,1724.0,-0.4440,0.1168,-0.0912,-0.00059,-0.04011,-0.00301,0.0,
3014657,1000,1724.0,-0.2150,-0.0262,-0.0522,0.00341,-0.01811,-0.00201,0.0,
3014677,1000,1724.0,0.0490,-0.2742,0.1338,0.02441,0.00289,-0.00301,0.0,
3014697,1000,1724.0,-0.6070,0.0528,-0.0502,-0.00059,-0.05011,-0.00101,0.0,
3014717,1000,1724.0,-0.3980,0.0658,0.0178,-0.00559,-0.03011,0.00299,0.0,
3014737,1000,1724.0,-0.2600,0.0858,0.0198,-0.00059,-0.02811,0.00099,0.0,
3014757,1000,1724.0,0.1930,0.0428,-0.0602,-0.01059,0.01689,0.00599,0.0,
3014777,1000,1724.0,-0.3520,0.2048,0.0078,-0.01459,-0.03311,0.00799,0.0,
3014797,1000,1724.0,0.3590,-0.2122,0.1168,0.01841,0.02689,-0.00701,0.0,
3014817,1000,1724.0,-0.7330,0.2698,-0.1392,-0.02159,-0.05611,0.00099,0.0,
3014837,1000,1724.0,-0.1820,0.1968,-0.0692,-0.02559,-0.01811,0.00599,0.0,
3014857,1000,1724.0,-0.4840,0.1258,-0.0272,-0.00859,-0.04011,0.00099,0.0,
3014877,1000,1724.0,0.4570,-0.1142,0.0508,0.01241,0.03189,-0.00101,0.0,
3014897,1000,1724.0,0.1720,-0.2812,-0.1112,0.03641,0.00789,-0.00901,0.0,
3014917,1000,1724.0,-0.6110,0.0348,0.0218,0.00741,-0.05411,-0.00601,0.0,
3014937,1000,1724.0,-0.4350,-0.0652,-0.0252,0.00941,-0.04011,-0.00501,0.0,
3014957,1000,1724.0,-0.1940,-0.0082,0.0508,0.00541,-0.01611,-0.00101,0.0,
3014977,1000,1724.0,-0.5830,0.2958,-0.0592,-0.02359,-0.05011,0.00499,0.0,
3014997,1000,1724.0,-0.7290,0.2198,-0.0392,-0.01659,-0.05911,0.00299,0.0,
3015017,1000,1724.0,-0.0530,0.0648,0.0008,-0.01059,-0.00511,0.00399,0.0,
3015037,1000,1724.0,0.3630,-0.2282,0.0328,0.02041,0.02689,-0.00401,0.0,
3015057,1000,1724.0,0.2420,0.1138,-0.0222,-0.01459,0.01389,0.00599,0.0,
3015077,1000,1724.0,-0.5040,0.5038,-0.1302,-0.04659,-0.03711,0.00799,0.0,
3015097,1000,1724.0,-0.6660,0.2288,-0.0782,-0.01459,-0.05911,0.00399,0.0,
3015117,1000,1724.0,0.2500,0.1208,0.1318,-0.01159,0.01389,0.00399,0.0,
3015137,1000,1724.0,0.3400,-0.1562,0.1248,0.01841,0.01789,-0.00001,0.0,
3015157,1000,1724.0,0.3720,-0.0762,0.0868,0.00741,0.02689,0.00099,0.0,
3015177,1000,1724.0,0.1320,0.0888,-0.0562,-0.01459,0.00989,0.01099,0.0,
3015197,1000,1724.0,0.0410,-0.0112,-0.0692,0.00941,-0.00011,-0.00201,0.0,
3015217,1000,1724.0,-0.4520,0.1088,-0.0662,-0.01459,-0.03411,0.00199,0.0,
3015237,1000,1724.0,0.0590,-0.3572,-0.0832,0.03641,-0.00411,-0.00901,0.0,
3015257,1000,1724.0,0.3680,-0.3332,0.2238,0.03841,0.02189,-0.00801,0.0,
3015277,1000,1724.0,-0.6040,0.1118,-0.1512,0.00141,-0.05311,-0.00401,0.0,
3015297,1000,1724.0,-0.8030,0.2118,-0.1122,-0.01759,-0.06511,0.00299,0.0,
3015317,1000,1724.0,-0.7060,0.1468,-0.1952,0.00141,-0.05711,-0.00301,0.0,
3015337,1000,1724.0,-0.5190,0.1378,-0.0922,0.00041,-0.04711,-0.00001,0.0,
3015357,1000,1724.0,-0.5630,0.0248,0.0128,-0.00059,-0.04711,-0.00001,0.0,
3015377,1000,1724.0,-0.8840,0.2058,-0.2392,-0.01459,-0.07311,0.00199,0.0,
3015397,1000,1724.0,-0.2440,0.1358,-0.0272,-0.01259,-0.02211,0.00099,0.0,
3015417,1000,1724.0,0.3860,0.0598,0.1398,-0.00159,0.02589,0.00399,0.0,
3015437,1000,1724.0,-0.4480,0.1708,-0.1272,-0.01459,-0.03611,-0.00001,0.0,
3015457,1000,1724.0,0.0460,-0.0692,0.1138,0.01241,-0.00111,-0.00401,0.0,
3015477,1000,1724.0,0.3770,0.0308,0.1158,-0.00359,0.02389,0.00399,0.0,
3015497,1000,1724.0,0.5310,-0.2892,-0.0072,0.03241,0.03689,-0.00601,0.0,
3015517,1000,1724.0,0.5320,-0.0282,0.0908,0.00641,0.04089,-0.00201,0.0,
3015537,1000,1724.0,0.4390,-0.1932,0.0888,0.02241,0.02989,-0.00401,0.0,
3015557,1000,1724.0,0.5900,-0.0722,0.0408,0.01041,0.04489,0.00199,0.0,
3015577,1000,1724.0,0.3900,-0.0772,-0.0652,0.01541,0.02889,-0.00401,0.0,
3015597,1000,1724.0,-0.1460,-0.0022,-0.1012,0.00441,-0.01911,-0.00001,0.0,
3015617,1000,1724.0,-0.3950,0.2808,-0.0782,-0.03259,-0.03011,0.00899,0.0,
3015637,1000,1724.0,0.3670,-0.1762,0.1518,0.00941,0.02589,0.00499,0.0,
3015657,1000,1724.0,0.4040,-0.0432,-0.0422,0.00441,0.02589,-0.00101,0.0,
3015677,1000,1724.0,-0.2810,0.0208,-0.0742,0.00541,-0.02111,-0.00301,0.0,
3015697,1000,1724.0,-0.5340,-0.1382,-0.0722,0.01941,-0.04611,-0.00801,0.0,
3015717,1000,1724.0,-0.8110,-0.0792,-0.0842,0.01541,-0.06611,-0.01101,0.0,
3015737,1000,1724.0,-0.7280,0.1778,-0.1732,-0.00959,-0.06111,-0.00201,0.0,
3015757,1000,1724.0,-0.2350,0.2188,-0.2082,-0.01559,-0.02611,-0.00001,0.0,
3015777,1000,1724.0,0.1950,-0.0552,0.0598,0.00541,0.00989,-0.00001,0.0,
3015797,1000,1724.0,-0.1750,0.1108,-0.0422,-0.00659,-0.02011,0.00099,0.0,
3015817,1000,1724.0,0.4240,-0.2962,0.0958,0.02541,0.03289,0.00199,0.0,
3015837,1000,1724.0,-0.5010,0.0888,-0.1222,0.00141,-0.04211,0.00299,0.0,
3015857,1000,1724.0,0.2160,-0.0302,0.0498,0.00441,0.01089,0.00199,0.0,
3015877,1000,1724.0,-0.5480,0.3418,-0.1382,-0.02359,-0.04211,0.00399,0.0,
3015897,1000,1724.0,0.0570,-0.1092,-0.0592,0.01241,0.00289,0.00099,0.0,
3015917,1000,1724.0,0.0620,-0.0012,-0.0642,0.00141,-0.00511,0.00199,0.0,
3015937,1000,1724.0,-0.4540,0.2448,-0.2392,-0.02459,-0.03411,0.00699,0.0,
3015957,1000,1724.0,-0.3210,0.1468,-0.0772,-0.01159,-0.02511,0.00399,0.0,
3015977,1000,1724.0,-0.0080,0.1668,-0.0252,-0.01059,-0.00311,0.00199,0.0,
3015997,1000,1724.0,-0.4640,0.1198,0.0088,-0.00959,-0.03911,-0.00101,0.0,
3016017,1000,1724.0,0.4050,-0.2282,-0.0392,0.02241,0.02689,-0.00101,0.0,
3016037,1000,1724.0,-0.4230,0.2748,-0.0582,-0.01959,-0.03611,0.00599,0.0,
3016057,1000,1724.0,0.3320,0.1198,0.0638,-0.01059,0.02089,0.00599,0.0,
3016077,1000,1724.0,-0.1010,0.1288,-0.0532,-0.00859,-0.01111,0.00699,0.0,
3016097,1000,1724.0,-0.0940,0.1478,-0.0622,-0.01259,-0.01011,0.00199,0.0,
3016117,1000,1724.0,0.6180,-0.2582,-0.0702,0.02041,0.04789,-0.00101,0.0,
3016137,1000,1724.0,0.0040,0.2538,0.0448,-0.02159,-0.00711,0.00499,0.0,
3016157,1000,1724.0,-0.3530,0.1168,0.0288,-0.00659,-0.03811,0.00299,0.0,
3016177,1000,1724.0,-0.5410,0.5218,-0.1342,-0.04759,-0.04411,0.01099,0.0,
3016197,1000,1724.0,-0.5520,0.2618,-0.1962,-0.01359,-0.04611,0.00099,0.0,
3016217,1000,1724.0,-0.4090,0.0308,-0.1342,0.00041,-0.04111,-0.00201,0.0,
3016237,1000,1724.0,0.1080,-0.2502,0.0838,0.02941,0.00489,-0.00901,0.0,
3016257,1000,1724.0,0.4210,-0.2472,0.0788,0.02441,0.03089,-0.00101,0.0,
3016277,1000,1724.0,-0.2850,0.1148,-0.1582,-0.00559,-0.03211,-0.00101,0.0,
3016297,1000,1724.0,0.0670,0.0298,0.0248,0.00241,-0.00311,-0.00201,0.0,
3016317,1000,1724.0,-0.1470,-0.0602,-0.0382,-0.00259,-0.01011,0.00199,0.0,
3016337,1000,1724.0,-0.7220,0.1968,-0.1442,-0.00259,-0.06611,-0.00201,0.0,
3016357,1000,1724.0,0.4620,-0.2512,-0.0982,0.01841,0.03289,0.00099,0.0,
3016377,1000,1724.0,-0.2310,0.1448,-0.0292,-0.01559,-0.02211,0.00599,0.0,
3016397,1000,1724.0,0.2130,0.1988,-0.0202,-0.01959,0.01189,0.00899,0.0,
3016417,1000,1724.0,0.2600,-0.0832,0.1058,0.00841,0.01589,-0.00001,0.0,
3016437,1000,1724.0,-0.7290,0.1968,-0.0792,-0.01959,-0.05711,0.00199,0.0,
3016457,1000,1724.0,-0.0850,0.0218,-0.0222,0.00141,-0.00811,0.00199,0.0,
3016477,1000,1724.0,-0.2310,-0.0532,-0.0312,0.01241,-0.02011,-0.00201,0.0,
3016497,1000,1724.0,0.3970,0.0018,0.0118,-0.00059,0.02689,0.00399,0.0,
3016517,1000,1724.0,-0.2240,0.1448,-0.0482,-0.01959,-0.01811,0.00999,0.0,
3016537,1000,1724.0,-0.7630,0.2918,0.0788,-0.01759,-0.06411,0.00399,0.0,
3016557,1000,1724.0,0.2710,-0.2212,0.0408,0.02341,0.01489,-0.00401,0.0,
3016577,1000,1724.0,0.2390,-0.0182,-0.1022,0.00141,0.01489,-0.00001,0.0,
3016597,1000,1724.0,-0.6920,0.4038,-0.0892,-0.03059,-0.06211,0.00499,0.0,
3016617,1000,1724.0,-0.2690,0.0358,-0.1662,0.00241,-0.03011,-0.00201,0.0,
3016637,1000,1724.0,0.0480,0.0878,-0.1142,-0.00159,0.00089,0.00199,0.0,
3016657,1000,1724.0,-0.2560,0.1878,0.0658,-0.01959,-0.02311,0.00699,0.0,
3016677,1000,1724.0,-0.1110,-0.0102,-0.1262,0.00841,-0.01111,-0.00401,0.0,
3016697,1000,1724.0,-0.3210,0.1028,-0.0372,-0.00859,-0.01811,0.00399,0.0,
3016717,1000,1724.0,0.4450,-0.1642,0.0068,0.01541,0.02789,-0.00101,0.0,
3016737,1000,1724.0,0.4600,-0.1702,0.0458,0.01441,0.03289,-0.00001,0.0,
3016757,1000,1724.0,0.3500,-0.0522,-0.0722,0.00341,0.02189,0.00099,0.0,
3016777,1000,1724.0,-0.4210,0.3928,-0.1202,-0.03759,-0.03811,0.00699,0.0,
3016797,1000,1724.0,-0.1550,-0.1282,0.0368,0.02541,-0.02111,-0.01101,0.0,
3016817,1000,1724.0,-0.8620,0.2908,-0.1072,-0.01459,-0.07111,-0.00001,0.0,
3016837,1000,1724.0,0.2430,-0.2072,0.0208,0.01641,0.01289,-0.00101,0.0,
3016857,1000,1724.0,-0.2060,0.2928,-0.1232,-0.02959,-0.01811,0.01199,0.0,
3016877,1000,1724.0,-0.5970,0.4198,-0.0822,-0.03959,-0.04411,0.00899,0.0,
3016897,1000,1724.0,0.3210,-0.0322,0.0028,0.00341,0.01889,0.00399,0.0,
3016917,1000,1724.0,0.1050,-0.0902,0.0878,0.00341,0.00389,0.00399,0.0,
3016937,1000,1724.0,-0.6600,0.1268,-0.1692,-0.01259,-0.04911,0.00199,0.0,
3016957,1000,1724.0,-0.1890,0.0978,-0.0042,-0.00059,-0.01611,-0.00001,0.0,
3016977,1000,1724.0,-0.3560,0.2378,-0.1032,-0.01959,-0.02811,0.00999,0.0,
3016997,1000,1724.0,-0.4850,0.0358,-0.0222,0.01041,-0.04611,-0.00101,0.0,
3017017,1000,1724.0,-0.7660,0.2738,-0.0912,-0.01459,-0.06511,-0.00001,0.0,
3017037,1000,1724.0,-0.7910,0.2348,-0.0312,-0.01659,-0.06611,0.00099,0.0,
3017057,1000,1724.0,-0.0600,0.0398,-0.1142,-0.00559,-0.00811,0.00199,0.0,
3017077,1000,1724.0,-0.1890,0.0168,-0.1072,0.01141,-0.01311,-0.00501,0.0,
3017097,1000,1724.0,-0.5630,0.2828,-0.0802,-0.01159,-0.04911,-0.00001,0.0,
3017117,1000,1724.0,-0.3420,0.0808,0.0308,0.00441,-0.03511,-0.00301,0.0,
3017137,1000,1724.0,0.1260,-0.1442,0.0098,0.00741,0.00589,-0.00001,0.0,
3017157,1000,1724.0,-0.1580,-0.2532,0.0258,0.03741,-0.01511,-0.00701,0.0,
3017177,1000,1724.0,-0.0770,-0.0602,-0.0332,0.00141,-0.01011,0.00199,0.0,
3017197,1000,1724.0,0.2920,-0.1582,0.1338,0.01341,0.01589,-0.00101,0.0,
3017217,1000,1724.0,0.0040,-0.0722,-0.1722,0.02041,-0.00611,-0.00601,0.0,
3017237,1000,1724.0,0.5370,-0.1232,0.0998,0.00941,0.03789,0.00299,0.0,
3017257,1000,1724.0,0.5930,-0.1262,-0.0512,0.00741,0.04689,0.00499,0.0,
3017277,1000,1724.0,0.6100,-0.1102,0.0668,0.01041,0.04489,0.00199,0.0,
3017297,1000,1724.0,0.6240,-0.1992,0.0928,0.01141,0.04789,-0.00001,0.0,
3017317,1000,1724.0,-0.2650,-0.0132,-0.1622,0.00941,-0.02611,-0.00301,0.0,
3017337,1000,1724.0,0.4300,-0.0932,-0.0372,0.00941,0.02689,-0.00001,0.0,
3017357,1000,1724.0,0.2160,-0.2402,0.1158,0.02241,0.00989,-0.00201,0.0,
3017377,1000,1724.0,-0.7260,0.2958,-0.1352,-0.02259,-0.06011,0.00299,0.0,
3017397,1000,1724.0,-0.1700,0.2648,-0.0712,-0.03459,-0.01011,0.01199,0.0,
3017417,1000,1724.0,0.3780,-0.2662,0.0858,0.02341,0.02289,0.00099,0.0,
3017437,1000,1724.0,0.3610,-0.2042,0.0588,0.02341,0.02089,-0.00301,0.0,
3017457,1000,1724.0,-0.0870,-0.1292,-0.0652,0.02141,-0.01711,-0.00401,0.0,
3017477,1000,1724.0,-0.2000,-0.0072,-0.0232,0.01341,-0.02111,-0.00301,0.0,
3017497,1000,1724.0,0.3910,-0.1872,-0.1162,0.01341,0.03289,0.00099,0.0,
3017517,1000,1724.0,0.6210,-0.2232,-0.0382,0.01841,0.04789,0.00099,0.0,
3017537,1000,1724.0,0.3790,-0.1502,-0.0612,0.01541,0.02389,0.00099,0.0,
3017557,1000,1724.0,0.2440,-0.0332,-0.0022,0.00441,0.01489,0.00199,0.0,
3017577,1000,1724.0,-0.7800,0.1158,-0.0642,-0.00459,-0.06211,-0.00101,0.0,
3017597,1000,1724.0,-0.6160,0.1528,-0.0872,-0.01459,-0.05311,0.00499,0.0,
3017617,1000,1724.0,-0.7990,0.2608,-0.1002,-0.01559,-0.06811,-0.00101,0.0,
3017637,1000,1724.0,-0.7660,0.2078,-0.1042,-0.00759,-0.06111,-0.00001,0.0,
3017657,1000,1724.0,-0.5160,0.1698,-0.0312,-0.00959,-0.04311,0.00299,0.0,
3017677,1000,1724.0,0.0520,0.2108,-0.0282,-0.02559,0.00489,0.00999,0.0,
3017697,1000,1724.0,-0.5780,0.0718,-0.1562,-0.00559,-0.04711,-0.00201,0.0,
3017717,1000,1724.0,-0.8170,0.1278,-0.0102,-0.00659,-0.06411,-0.00401,0.0,
3017737,1000,1724.0,-0.8230,0.3788,-0.1232,-0.02659,-0.06611,-0.00101,0.0,
3017757,1000,1724.0,0.1840,0.0708,-0.0932,-0.00659,0.01089,0.00399,0.0,
3017777,1000,1724.0,-0.7100,0.2798,-0.0882,-0.01359,-0.06211,0.00099,0.0,
3017797,1000,1724.0,-0.9090,0.3298,-0.1442,-0.01959,-0.07211,0.00399,0.0,
3017817,1000,1724.0,-0.1200,0.2038,-0.1122,-0.01259,-0.01611,0.00399,0.0,
3017837,1000,1724.0,0.3800,-0.2322,0.0398,0.02141,0.02889,0.00099,0.0,
3017857,1000,1724.0,0.2380,0.0098,-0.0212,-0.00659,0.01289,0.00499,0.0,
3017877,1000,1724.0,0.4960,-0.1912,0.1708,0.01441,0.03389,0.00199,0.0,
3017897,1000,1724.0,0.4760,-0.0322,0.0628,-0.00459,0.03489,0.00199,0.0,
3017917,1000,1724.0,-0.1260,-0.2932,-0.0832,0.03841,-0.01111,-0.00901,0.0,
3017937,1000,1724.0,0.4060,-0.2612,0.1408,0.02341,0.02789,-0.00401,0.0,
3017957,1000,1724.0,0.4050,-0.0372,-0.0312,0.00641,0.02789,-0.00101,0.0,
3017977,1000,1724.0,-0.2740,0.0978,-0.0232,-0.00459,-0.02311,0.00299,0.0,
3017997,1000,1724.0,0.2640,-0.1442,-0.0492,0.01241,0.01489,0.00099,0.0,
3018017,1000,1724.0,-0.9380,0.2098,0.0028,-0.00859,-0.07511,-0.00001,0.0,
3018037,1000,1724.0,-0.7040,0.1178,-0.0662,-0.00559,-0.05711,0.00299,0.0,
3018057,1000,1724.0,-0.8270,0.2488,-0.1552,-0.01759,-0.06211,0.00399,0.0,
3018077,1000,1724.0,-0.7920,0.1888,-0.0082,-0.01259,-0.06811,-0.00001,0.0,
3018097,1000,1724.0,0.1170,-0.1432,0.0908,0.02241,0.00589,-0.00701,0.0,
3018117,1000,1724.0,0.4200,-0.1542,0.0768,0.00841,0.02989,0.00299,0.0,
3018137,1000,1724.0,0.3120,-0.0712,0.0358,0.00941,0.01989,0.00099,0.0,
3018157,1000,1724.0,0.0910,0.0508,-0.1122,-0.01059,0.00489,0.00399,0.0,
3018177,1000,1724.0,0.0680,0.2038,0.0738,-0.01859,0.00489,0.00199,0.0,
3018197,1000,1724.0,-0.0140,0.1888,-0.0302,-0.01359,-0.00711,-0.00001,0.0,
3018217,1000,1724.0,0.3500,-0.2322,0.0228,0.01841,0.02489,0.00399,0.0,
3018237,1000,1724.0,0.1670,-0.1552,-0.0352,0.02541,0.00389,-0.00301,0.0,
3018257,1000,1724.0,-0.1810,0.1118,-0.0682,-0.00759,-0.01611,0.00199,0.0,
3018277,1000,1724.0,0.4490,-0.1322,0.0078,0.00341,0.03089,0.00099,0.0,
3018297,1000,1724.0,0.3270,-0.0252,-0.2432,-0.00159,0.02089,0.00599,0.0,
3018317,1000,1724.0,0.2520,-0.2302,-0.1292,0.02341,0.01389,-0.00101,0.0,
3018337,1000,1724.0,-0.7670,0.3528,-0.2102,-0.02659,-0.06311,0.00499,0.0,
3018357,1000,1724.0,-0.2730,0.2178,0.0018,-0.01859,-0.02711,0.00699,0.0,
3018377,1000,1724.0,0.3410,0.0688,-0.0802,-0.00059,0.02289,-0.00101,0.0,
3018397,1000,1724.0,-0.5220,0.0938,-0.1412,-0.00259,-0.04111,-0.00201,0.0,
3018417,1000,1724.0,-0.1900,-0.0512,-0.0532,0.01841,-0.02011,-0.00801,0.0,
3018437,1000,1724.0,-0.5260,0.2148,-0.0382,-0.01859,-0.05411,0.00299,0.0,
3018457,1000,1724.0,0.0200,0.2418,0.2378,-0.01759,0.00689,-0.00001,0.0,
3018477,1000,1724.0,-0.7560,0.2688,-0.1622,-0.02159,-0.06111,0.00799,0.0,
3018497,1000,1724.0,-0.8490,0.1368,-0.1022,-0.00559,-0.07311,-0.00301,0.0,
3018517,1000,1724.0,-0.8830,0.1748,-0.1582,-0.01359,-0.07211,-0.00001,0.0,
3018537,1000,1724.0,-0.6640,0.2778,-0.1712,-0.02359,-0.05611,0.00299,0.0,
3018557,1000,1724.0,-0.8440,0.1458,-0.1312,-0.00559,-0.06611,-0.00001,0.0,
3018577,1000,1724.0,0.2910,0.1238,-0.0752,-0.01359,0.02089,0.00299,0.0,
3018597,1000,1724.0,0.4570,-0.2772,0.1648,0.02641,0.02589,-0.00301,0.0,
3018617,1000,1724.0,0.4810,-0.1112,0.0828,0.00441,0.04389,0.00599,0.0,
3018637,1000,1724.0,0.5960,-0.2532,0.0788,0.02041,0.03989,0.00199,0.0,
3018657,1000,1724.0,-0.2070,-0.0592,-0.0662,0.01241,-0.01911,-0.00301,0.0,
3018677,1000,1724.0,-0.7070,0.4748,-0.2242,-0.03359,-0.06111,0.00499,0.0,
3018697,1000,1724.0,-0.2240,0.2248,-0.1802,-0.01859,-0.02111,0.00399,0.0,
3018717,1000,1724.0,0.2820,0.1978,-0.0212,-0.02359,0.02089,0.00799,0.0,
3018737,1000,1724.0,0.3400,-0.0712,0.0258,0.00741,0.01789,-0.00001,0.0,
3018757,1000,1724.0,0.3940,-0.0622,0.0448,0.01041,0.02489,-0.00001,0.0,
3018777,1000,1724.0,0.2390,-0.3102,-0.0602,0.03141,0.01389,-0.00401,0.0,
3018797,1000,1724.0,0.3780,-0.0942,0.0618,0.00841,0.02889,-0.00101,0.0,
3018817,1000,1724.0,-0.7700,0.0778,-0.0502,0.00041,-0.06211,-0.00501,0.0,
3018837,1000,1724.0,-0.7190,0.3028,-0.1232,-0.02459,-0.06311,0.00499,0.0,
3018857,1000,1724.0,-0.2960,0.1308,-0.1252,-0.00759,-0.03211,0.00599,0.0,
3018877,1000,1724.0,0.3480,-0.1092,-0.0162,0.00741,0.02989,0.00199,0.0,
3018897,1000,1724.0,0.0490,-0.2682,-0.0612,0.03241,-0.00111,-0.00601,0.0,
3018917,1000,1724.0,-0.8730,0.3108,-0.1362,-0.01859,-0.07211,-0.00101,0.0,
3018937,1000,1724.0,-0.0640,0.2368,-0.0002,-0.01859,-0.01011,0.00699,0.0,
3018957,1000,1724.0,-0.4620,0.2168,-0.1312,-0.01859,-0.03611,0.00399,0.0,
3018977,1000,1724.0,-0.0840,0.1378,-0.2652,-0.00559,-0.01311,0.00399,0.0,
3018997,1000,1724.0,-0.4810,0.1168,-0.0522,-0.01259,-0.03311,0.00599,0.0,
3019017,1000,1724.0,0.0490,-0.1642,-0.0052,0.01841,-0.00511,-0.00301,0.0,
3019037,1000,1724.0,-0.5360,-0.0002,-0.1432,0.01541,-0.04511,-0.00701,0.0,
3019057,1000,1724.0,-0.4880,0.2178,-0.1162,-0.01059,-0.04811,-0.00001,0.0,
3019077,1000,1724.0,0.3880,-0.3562,0.1038,0.03041,0.02589,-0.00301,0.0,
3019097,1000,1724.0,0.6750,-0.2612,0.0648,0.02341,0.05089,-0.00201,0.0,
3019117,1000,1724.0,-0.3630,0.1358,-0.0912,-0.00659,-0.03311,-0.00001,0.0,
3019137,1000,1724.0,-0.6630,0.3868,-0.0452,-0.03059,-0.05311,0.00299,0.0,
3019157,1000,1724.0,-0.6360,0.2918,-0.0792,-0.01459,-0.04511,0.00099,0.0,
3019177,1000,1724.0,-0.6150,0.2648,-0.0662,-0.01959,-0.05311,0.00399,0.0,
3019197,1000,1724.0,-0.7570,0.2138,-0.1462,-0.00459,-0.06411,-0.00601,0.0,
3019217,1000,1724.0,-0.4250,0.3608,-0.0252,-0.03759,-0.03111,0.00899,0.0,
3019237,1000,1724.0,-0.2330,0.4178,0.0048,-0.03859,-0.02311,0.00699,0.0,
3019257,1000,1724.0,0.3320,-0.1412,0.0558,0.01241,0.02389,-0.00001,0.0,
3019277,1000,1724.0,-0.2250,0.4698,0.0178,-0.04059,-0.02111,0.01099,0.0,
3019297,1000,1724.0,0.3400,0.0818,-0.0532,-0.01659,0.02989,0.00799,0.0,
3019317,1000,1724.0,0.5920,-0.1702,0.0498,0.01641,0.04189,0.00299,0.0,
3019337,1000,1724.0,-0.4080,-0.1152,0.0298,0.02141,-0.03711,-0.00701,0.0,
3019357,1000,1724.0,-0.1030,-0.1452,-0.0452,0.02441,-0.01911,-0.00401,0.0,
3019377,1000,1724.0,-0.2320,-0.0892,0.0998,0.01741,-0.02211,-0.00201,0.0,
3019397,1000,1724.0,-0.6000,0.2158,-0.0632,-0.01459,-0.05211,0.00199,0.0,
3019417,1000,1724.0,0.4530,-0.1052,0.0648,0.01041,0.03089,0.00099,0.0,
3019437,1000,1724.0,-0.4340,-0.0542,0.0588,0.01141,-0.03611,-0.00401,0.0,
3019457,1000,1724.0,-0.9060,0.4088,0.0128,-0.03259,-0.07611,0.00499,0.0,
3019477,1000,1724.0,-0.4280,0.2958,-0.0502,-0.00559,-0.03911,-0.00501,0.0,
3019497,1000,1724.0,-0.9310,0.1158,-0.1322,-0.00059,-0.07711,-0.00301,0.0,
3019517,1000,1724.0,0.2850,-0.1882,-0.1592,0.03141,0.01589,-0.00801,0.0,
3019537,1000,1724.0,0.4360,-0.2762,-0.0142,0.02741,0.02689,-0.00201,0.0,
3019557,1000,1724.0,-0.0550,-0.0902,-0.0922,0.00441,-0.00211,0.00199,0.0,
3019577,1000,1724.0,-0.7440,0.1618,-0.1392,-0.00559,-0.05411,-0.00201,0.0,
3019597,1000,1724.0,-0.1260,-0.1902,-0.1942,0.03241,-0.01711,-0.01201,0.0,
3019617,1000,1724.0,-0.8670,0.1878,-0.1702,-0.01459,-0.06911,0.00099,0.0,
3019637,1000,1724.0,-0.8800,0.3218,-0.0682,-0.02859,-0.06511,0.00199,0.0,
3019657,1000,1724.0,-0.7210,0.1438,-0.1212,-0.00459,-0.06211,-0.00301,0.0,
3019677,1000,1724.0,0.2580,-0.3822,-0.0152,0.04641,0.01489,-0.01001,0.0,
3019697,1000,1724.0,0.5090,-0.2332,-0.0352,0.01641,0.03489,0.00099,0.0,
3019717,1000,1724.0,-0.4840,0.2648,-0.1572,-0.02359,-0.03611,0.00899,0.0,
3019737,1000,1724.0,-0.8020,0.0998,-0.0812,-0.00159,-0.06511,-0.00101,0.0,
3019757,1000,1724.0,-0.7150,0.3118,-0.1622,-0.02059,-0.05811,0.00099,0.0,
3019777,1000,1724.0,-0.2010,0.2128,-0.2022,-0.02159,-0.01611,0.00699,0.0,
3019797,1000,1724.0,0.6170,-0.1602,0.0288,0.00741,0.04589,0.00199,0.0,
3019817,1000,1724.0,0.1880,0.0178,-0.0132,-0.00859,0.01089,0.00599,0.0,
3019837,1000,1724.0,0.1980,0.1698,-0.1192,-0.01559,0.01189,0.00499,0.0,
3019857,1000,1724.0,0.0200,0.1888,0.0308,-0.01359,0.00189,0.00499,0.0,
3019877,1000,1724.0,-0.8760,0.3598,-0.1822,-0.02259,-0.07411,0.00299,0.0,
3019897,1000,1724.0,-0.6190,0.2038,-0.0282,-0.01659,-0.05011,0.00099,0.0,
3019917,1000,1724.0,-0.1060,-0.3722,-0.1112,0.04041,-0.01811,-0.00701,0.0,
3019937,1000,1724.0,-0.3320,0.3128,-0.2162,-0.02159,-0.02311,0.00199,0.0,
3019957,1000,1724.0,0.5340,-0.0022,0.0228,0.00041,0.03889,0.00399,0.0,
3019977,1000,1724.0,-0.6440,0.1818,-0.1812,-0.01159,-0.05311,0.00199,0.0,
3019997,1000,1724.0,-0.2570,-0.0862,0.0178,0.01841,-0.02411,-0.00601,0.0,
3020017,1000,1724.0,0.3560,-0.2432,-0.0072,0.02741,0.02289,-0.00101,0.0,
3020037,1000,1724.0,-0.0500,-0.0572,0.0328,0.00741,-0.00611,-0.00001,0.0,
3020057,1000,1724.0,-0.7730,0.0318,-0.1092,0.00041,-0.06111,-0.00201,0.0,
3020077,1000,1724.0,-0.3660,0.0398,-0.1632,0.00041,-0.03711,-0.00101,0.0,
3020097,1000,1724.0,0.1590,-0.0262,0.0388,0.00241,0.00889,0.00299,0.0,
3020117,1000,1724.0,-0.8270,0.4058,-0.1562,-0.03059,-0.06611,0.00699,0.0,
3020137,1000,1724.0,-0.2980,-0.0432,0.0088,0.01241,-0.02411,-0.00601,0.0,
3020157,1000,1724.0,0.3920,-0.2152,0.0608,0.01641,0.02789,-0.00001,0.0,
3020177,1000,1724.0,0.0750,-0.0162,-0.1052,0.00341,-0.00111,-0.00001,0.0,
3020197,1000,1724.0,-0.6460,0.1088,-0.1082,-0.00359,-0.05211,-0.00501,0.0,
3020217,1000,1724.0,0.3990,-0.0902,-0.0562,0.01041,0.01489,-0.05501,0.0,
3020237,1000,1724.0,0.2890,-0.6232,-0.3112,0.06041,-0.00811,-0.15301,0.0,
3020257,1000,1724.0,-0.0550,-0.9572,-0.1212,0.08441,-0.04711,-0.16501,0.0,
3020277,1000,1724.0,-0.0510,-0.5572,-0.4992,0.05641,-0.03811,-0.12501,0.0,
3020297,1000,1724.0,-0.6690,0.0258,-1.2242,-0.00559,-0.07711,-0.09701,0.0,
3020317,1000,1724.0,-1.0470,-0.0632,-1.5952,0.01341,-0.12711,-0.09201,0.0,
3020337,1000,1724.0,0.4980,-0.3622,-0.6972,0.04041,0.04789,-0.07401,0.0,
3020357,1000,1724.0,-0.2450,-0.3902,-1.7192,0.02641,-0.03711,-0.05101,0.0,
3020377,1000,1724.0,0.1800,0.1188,-0.8072,-0.01959,0.01989,-0.05601,0.0,
3020397,1000,1724.0,-0.7100,0.1278,-2.5312,-0.00159,-0.10411,-0.05901,0.0,
3020417,1000,1724.0,0.2650,-0.1322,-1.6392,-0.03159,0.01289,-0.04901,0.0,
3020437,1000,1724.0,0.0490,0.3648,-1.3192,-0.01359,0.03789,-0.04701,0.0,
3020457,1000,1724.0,-0.2070,-0.2602,-2.0432,0.01441,-0.01911,-0.05301,0.0,
3020477,1000,1724.0,-0.5100,0.0688,-3.2722,0.01741,-0.08111,-0.05301,0.0,
3020497,1000,1724.0,-0.7340,-0.0422,-2.2352,-0.02259,-0.08911,-0.04201,0.0,
3020517,1000,1724.0,-0.5010,-0.1832,-2.1492,0.00641,-0.02511,-0.05601,0.0,
3020537,1000,1724.0,0.4410,-0.1622,-2.4292,0.00341,0.03789,-0.04701,0.0,
3020557,1000,1724.0,-0.0810,0.3678,-1.3042,-0.02959,0.05689,-0.03901,0.0,
3020577,1000,1724.0,-0.0900,-0.1802,-2.6622,0.02341,0.00189,-0.05001,0.0,
3020597,1000,1724.0,0.7120,0.1278,-2.4672,-0.02459,0.05889,-0.04501,0.0,
3020617,1000,1724.0,-1.8040,0.6418,-2.8732,-0.00759,-0.16511,-0.04601,0.0,
3020637,1000,1724.0,-1.3100,0.0518,-3.1472,0.02741,-0.11911,-0.06401,0.0,
3020657,1000,1724.0,-0.8210,-0.2182,-2.6392,0.02141,-0.18811,-0.04201,0.0,
3020677,1000,1724.0,-1.0860,0.5828,-2.9532,-0.03759,-0.03811,-0.06301,0.0,
3020697,1000,1724.0,-0.3990,-0.4492,-2.4272,0.04841,-0.03411,-0.05301,0.0,
3020717,1000,1724.0,-0.0790,0.1618,-2.4482,-0.01459,-0.01011,-0.05901,0.0,
3020737,1000,1724.0,-0.8020,-0.1152,-3.1482,0.02541,-0.00711,-0.03201,0.0,
3020757,1000,1724.0,-0.9630,-0.5992,-2.4632,0.00941,-0.05311,-0.05901,0.0,
3020777,1000,1724.0,-0.9560,0.7518,-2.4792,-0.00159,-0.16011,-0.05201,0.0,
3020797,1000,1724.0,1.4730,-0.3132,-2.5902,0.01841,0.18889,-0.03801,0.0,
3020817,1000,1724.0,0.2520,0.3588,-2.3732,-0.06759,0.01789,-0.03601,0.0,
3020837,1000,1724.0,-1.9740,0.2538,-3.0052,0.00141,-0.18211,-0.05101,0.0,
3020857,1000,1724.0,1.7360,0.7978,-2.0092,-0.08559,0.16489,-0.05601,0.0,
3020877,1000,1724.0,-0.9900,-0.6982,-2.8812,0.06241,-0.03411,-0.05001,0.0,
3020897,1000,1724.0,-0.3800,0.1668,-2.4502,-0.00659,-0.05911,-0.06401,0.0,
3020917,1000,1724.0,-0.5470,0.0158,-2.0442,0.00041,-0.04111,-0.03301,0.0,
3020937,1000,1724.0,-0.9550,1.0278,-3.8192,-0.07659,-0.07611,-0.06501,0.0,
3020957,1000,1724.0,-0.0330,-0.2642,-2.4832,0.01941,-0.01711,-0.03501,0.0,
3020977,1000,1724.0,-0.6730,0.2498,-2.3352,-0.03359,-0.04111,-0.04301,0.0,
3020997,1000,1724.0,-1.3880,0.4668,-4.8342,-0.00959,-0.11111,-0.07301,0.0,
3021017,1000,1724.0,-0.3070,0.0138,-2.5202,0.00341,-0.04611,-0.06101,0.0,
3021037,1000,1724.0,-0.0440,-0.6942,-3.5352,0.09041,-0.03311,-0.06901,0.0,
3021057,1000,1724.0,-0.8950,-0.0962,-3.3592,0.00141,-0.08411,-0.03601,0.0,
3021077,1000,1724.0,1.0620,-0.0992,-2.2912,-0.01559,0.08889,-0.05801,0.0,
3021097,1000,1724.0,-0.2540,0.6478,-4.0622,-0.01759,-0.06511,-0.04601,0.0,
3021117,1000,1724.0,0.5910,0.3688,-2.5502,-0.04159,0.03889,-0.05501,0.0,
3021137,1000,1724.0,-0.9450,-1.1812,-2.1362,0.10841,-0.06811,-0.07201,0.0,
3021157,1000,1724.0,0.1030,0.1228,-2.8812,-0.00859,-0.02211,-0.03301,0.0,
3021177,1000,1724.0,1.1010,-0.2042,-2.6422,0.01141,0.12789,-0.06201,0.0,
3021197,1000,1724.0,-0.1430,-0.1482,-2.6802,-0.00559,0.04789,-0.03601,0.0,
3021217,1000,1724.0,-0.1680,-0.4852,-2.3632,0.04041,-0.07211,-0.06201,0.0,
3021237,1000,1724.0,-0.1520,0.1248,-3.3592,0.03041,0.00789,-0.05901,0.0,
3021257,1000,1724.0,-0.9330,0.4848,-2.5762,-0.05159,-0.07311,-0.03301,0.0,
3021277,1000,1724.0,-0.8730,-0.7652,-2.9092,0.05641,0.04389,-0.05701,0.0,
3021297,1000,1724.0,0.0140,0.7718,-2.6792,-0.05759,-0.01611,-0.05601,0.0,
3021317,1000,1724.0,-1.0690,-0.2842,-2.4652,0.03241,-0.11811,-0.05001,0.0,
3021337,1000,1724.0,1.8690,-0.1552,-2.4532,0.01041,0.18489,-0.06001,0.0,
3021357,1000,1724.0,-0.6880,0.0398,-3.1372,0.01541,-0.05611,-0.04601,0.0,
3021377,1000,1724.0,0.6630,-0.1632,-2.1792,0.00741,0.05789,-0.04501,0.0,
3021397,1000,1724.0,0.1810,-0.6372,-3.2912,0.05841,0.04089,-0.04401,0.0,
3021417,1000,1724.0,0.3550,0.8048,-2.7532,-0.08559,0.04089,-0.05601,0.0,
3021437,1000,1724.0,-1.0860,-0.9012,-2.6342,0.08841,-0.05411,-0.04801,0.0,
3021457,1000,1724.0,-0.1740,0.1218,-3.7042,0.01441,-0.01911,-0.05001,0.0,
3021477,1000,1724.0,-0.2190,0.0848,-3.2872,-0.00359,0.00889,-0.05201,0.0,
3021497,1000,1724.0,0.0220,0.3998,-2.7152,-0.01359,-0.04011,-0.06801,0.0,
3021517,1000,1724.0,-0.8380,0.2128,-2.5402,-0.03359,-0.06311,-0.03501,0.0,
3021537,1000,1724.0,-0.6370,1.3088,-3.3032,-0.07659,-0.06511,-0.05301,0.0,
3021557,1000,1724.0,0.2410,-0.6532,-2.7432,0.07441,0.00489,-0.06701,0.0,
3021577,1000,1724.0,-0.5080,0.5158,-2.6512,-0.04159,-0.07611,-0.04101,0.0,
3021597,1000,1724.0,0.3160,-0.1522,-4.2232,0.02741,0.00989,-0.06601,0.0,
3021617,1000,1724.0,-0.6770,0.9338,-2.6802,-0.09259,-0.01711,-0.03701,0.0,
3021637,1000,1724.0,1.0820,0.5798,-2.8012,-0.05159,0.05989,-0.06001,0.0,
3021657,1000,1724.0,-0.7240,-0.5402,-2.5142,0.03441,-0.06511,-0.05401,0.0,
3021677,1000,1724.0,-1.1500,0.7678,-3.7252,-0.03259,-0.10211,-0.04401,0.0,
3021697,1000,1724.0,1.5090,0.2568,-2.2222,-0.02559,0.17389,-0.07401,0.0,
3021717,1000,1724.0,0.9040,0.1108,-2.1972,-0.01859,0.09989,-0.03601,0.0,
3021737,1000,1724.0,-0.9220,0.1978,-3.2382,0.00441,-0.10411,-0.04801,0.0,
3021757,1000,1724.0,1.3720,-0.1782,-1.5272,-0.00559,0.17489,-0.05701,0.0,
3021777,1000,1724.0,0.1310,-0.4412,-1.8332,0.03641,0.03689,-0.03701,0.0,
3021797,1000,1724.0,-0.6050,0.8458,-3.3472,-0.03459,-0.03911,-0.06901,0.0,
3021817,1000,1724.0,-0.2810,-0.7592,-1.7722,0.06241,-0.02011,-0.03601,0.0,
3021837,1000,1724.0,-0.1070,0.6588,-3.2492,-0.04459,-0.02811,-0.06801,0.0,
3021857,1000,1724.0,-0.4090,-0.1122,-2.5612,0.04441,-0.02311,-0.04801,0.0,
3021877,1000,1724.0,-2.3410,-0.9012,-3.2512,0.06241,-0.23111,-0.02201,0.0,
3021897,1000,1724.0,-0.2610,-0.2582,-4.7492,0.06441,-0.04711,-0.07801,0.0,
3021917,1000,1724.0,0.1090,0.7818,-2.1752,-0.07759,0.02789,-0.05701,0.0,
3021937,1000,1724.0,-0.9460,0.8068,-3.1392,-0.06959,-0.10411,-0.04601,0.0,
3021957,1000,1724.0,0.1240,-1.1482,-3.3492,0.09141,-0.00511,-0.05601,0.0,
3021977,1000,1724.0,-0.6290,0.7998,-3.1952,-0.04859,-0.06911,-0.04501,0.0,
3021997,1000,1724.0,0.3560,0.6428,-2.6662,-0.08459,0.03389,-0.05501,0.0,
3022017,1000,1724.0,0.6150,-0.2782,-2.3352,0.03941,0.07089,-0.04401,0.0,
3022037,1000,1724.0,-0.5730,0.1398,-3.0942,0.01041,-0.09411,-0.06501,0.0,
3022057,1000,1724.0,1.0010,-0.2552,-1.6562,-0.00259,0.16289,-0.06801,0.0,
3022077,1000,1724.0,0.3960,0.2888,-1.8322,-0.03259,0.03589,-0.04801,0.0,
3022097,1000,1724.0,0.0700,-0.4602,-2.7172,0.03841,0.01889,-0.05901,0.0,
3022117,1000,1724.0,-0.4880,0.8788,-2.1502,-0.04059,-0.01511,-0.04301,0.0,
3022137,1000,1724.0,0.4710,0.2178,-2.6762,-0.02659,0.05489,-0.04401,0.0,
3022157,1000,1724.0,-1.8840,0.2318,-2.9372,0.01841,-0.14011,-0.05701,0.0,
3022177,1000,1724.0,-0.6680,0.0678,-2.9772,0.01541,-0.05911,-0.03601,0.0,
3022197,1000,1724.0,-0.4280,0.7038,-4.4252,-0.03759,-0.06311,-0.05301,0.0,
3022217,1000,1724.0,0.1770,-0.1242,-2.3492,0.02041,0.05489,-0.05101,0.0,
3022237,1000,1724.0,-1.7870,0.3418,-3.0072,-0.00559,-0.18111,-0.03001,0.0,
3022257,1000,1724.0,-0.3730,0.0158,-3.1902,0.00641,-0.05711,-0.07501,0.0,
3022277,1000,1724.0,0.3480,0.1258,-3.7832,-0.00759,0.04789,-0.05701,0.0,
3022297,1000,1724.0,-1.1320,0.8768,-2.6312,-0.06959,-0.14011,-0.05101,0.0,
3022317,1000,1724.0,-0.0030,0.2198,-2.6152,-0.01559,0.03489,-0.05801,0.0,
3022337,1000,1724.0,0.3250,0.0858,-2.7952,-0.02159,0.09289,-0.05001,0.0,
3022357,1000,1724.0,0.3640,-0.0622,-1.2382,-0.00359,-0.04711,-0.05201,0.0,
3022377,1000,1724.0,-0.0860,0.9188,-2.7182,-0.05259,0.02589,-0.06301,0.0,
3022397,1000,1724.0,0.4950,0.3908,-2.2322,-0.03159,0.05489,-0.04701,0.0,
3022417,1000,1724.0,-0.2120,-0.0102,-1.8942,-0.00959,0.02189,-0.05801,0.0,
3022437,1000,1724.0,-0.3990,0.2598,-2.8252,-0.02259,0.03489,-0.04201,0.0,
3022457,1000,1724.0,1.0570,-0.5802,-2.2932,0.04541,0.05389,-0.05501,0.0,
3022477,1000,1724.0,-1.3860,0.0698,-3.0022,0.04441,-0.08411,-0.04301,0.0,
3022497,1000,1724.0,-0.3650,0.1888,-3.6672,-0.02659,-0.02511,-0.04601,0.0,
3022517,1000,1724.0,0.1440,-0.8652,-2.5502,0.09041,0.02589,-0.05701,0.0,
3022537,1000,1724.0,-1.5660,0.1088,-3.2042,0.01541,-0.18111,-0.05501,0.0,
3022557,1000,1724.0,-0.9370,0.6248,-3.0682,-0.03659,-0.07711,-0.04401,0.0,
3022577,1000,1724.0,0.7070,-0.1992,-2.7462,0.01241,0.08989,-0.04901,0.0,
3022597,1000,1724.0,-0.9260,0.1768,-3.3412,0.00241,-0.11711,-0.04701,0.0,
3022617,1000,1724.0,-0.1460,-0.1402,-2.5632,0.00241,-0.04811,-0.04401,0.0,
3022637,1000,1724.0,0.1210,-0.3642,-2.8122,-0.01559,0.07889,-0.05701,0.0,
3022657,1000,1724.0,0.4820,1.3418,-2.2212,-0.07959,0.00589,-0.05901,0.0,
3022677,1000,1724.0,-0.4700,-0.7202,-3.4082,0.05541,-0.02211,-0.04901,0.0,
3022697,1000,1724.0,0.7280,0.6388,-2.0442,-0.06259,0.06889,-0.06401,0.0,
3022717,1000,1724.0,0.4690,-0.0642,-2.1952,-0.01759,0.13989,-0.05901,0.0,
3022737,1000,1724.0,-0.4080,0.1988,-2.9222,0.00841,-0.05011,-0.04701,0.0,
3022757,1000,1724.0,0.5180,0.2658,-2.8052,-0.01559,-0.00311,-0.06101,0.0,
3022777,1000,1724.0,-0.2970,0.1208,-2.1702,-0.00559,0.00789,-0.03701,0.0,
3022797,1000,1724.0,-0.1770,0.7188,-3.1782,-0.04659,-0.01811,-0.06301,0.0,
3022817,1000,1724.0,-0.3450,0.1718,-2.8892,-0.02059,-0.01411,-0.03801,0.0,
3022837,1000,1724.0,-1.2730,-0.6912,-3.6692,0.09441,-0.10311,-0.04401,0.0,
3022857,1000,1724.0,-0.7310,-0.1502,-2.6612,-0.00159,-0.06011,-0.04601,0.0,
3022877,1000,1724.0,-0.5840,-0.5282,-2.7842,0.06441,-0.03311,-0.06101,0.0,
3022897,1000,1724.0,-1.2170,0.1688,-4.1812,0.03641,-0.16511,-0.05001,0.0,
3022917,1000,1724.0,-0.7890,0.6148,-2.2402,-0.05859,-0.07611,-0.06001,0.0,
3022937,1000,1724.0,-0.0710,-0.4902,-3.0002,0.04341,-0.02311,-0.02601,0.0,
3022957,1000,1724.0,0.1330,1.4448,-2.8242,-0.10759,-0.02111,-0.07501,0.0,
3022977,1000,1724.0,0.0040,-0.0702,-3.0422,-0.00559,0.01789,-0.04101,0.0,
3022997,1000,1724.0,0.6900,-0.4742,-2.6672,0.02141,0.04089,-0.05801,0.0,
3023017,1000,1724.0,1.9520,0.0448,-1.8592,-0.02359,0.22689,-0.07001,0.0,
3023037,1000,1724.0,-0.1720,-0.4952,-3.2422,0.04941,0.06389,-0.05201,0.0,
3023057,1000,1724.0,0.1000,-0.3492,-3.3662,0.03441,-0.06411,-0.06301,0.0,
3023077,1000,1724.0,0.2780,0.0698,-1.2572,-0.00859,0.07489,-0.06001,0.0,
3023097,1000,1724.0,-0.6260,0.1788,-3.5642,0.00141,-0.05911,-0.05401,0.0,
3023117,1000,1724.0,0.5450,0.1608,-2.9662,-0.00259,0.04189,-0.06801,0.0,
3023137,1000,1724.0,-0.6030,-0.6542,-2.8772,0.06841,-0.03311,-0.03001,0.0,
3023157,1000,1724.0,-0.7580,0.0438,-2.6772,0.03541,-0.08011,-0.06901,0.0,
3023177,1000,1724.0,-0.6520,0.0518,-2.1932,-0.00759,-0.02511,-0.04101,0.0,
3023197,1000,1724.0,-2.0760,-0.1062,-4.0642,0.02641,-0.17511,-0.04501,0.0,
3023217,1000,1724.0,0.2220,0.1628,-2.6562,0.00041,0.01389,-0.04101,0.0,
3023237,1000,1724.0,-1.2440,0.4858,-2.8032,-0.00159,-0.13311,-0.08001,0.0,
3023257,1000,1724.0,0.6210,-0.8972,-3.5242,0.08341,0.04789,-0.06601,0.0,
3023277,1000,1724.0,-0.6700,0.7028,-2.7382,-0.02559,-0.06711,-0.04401,0.0,
3023297,1000,1724.0,-0.1730,-0.3162,-2.3462,0.02741,-0.00811,-0.05401,0.0,
3023317,1000,1724.0,0.8770,0.3818,-2.7272,-0.04659,0.07789,-0.06101,0.0,
3023337,1000,1724.0,0.5430,0.2018,-2.5322,-0.01759,0.05589,-0.04301,0.0,
3023357,1000,1724.0,-0.5780,0.5318,-3.7282,-0.04059,-0.04311,-0.05201,0.0,
3023377,1000,1724.0,0.7210,-0.1542,-1.2932,-0.00959,0.12389,-0.06201,0.0,
3023397,1000,1724.0,0.6960,-0.1102,-2.6912,0.01641,0.06589,-0.05301,0.0,
3023417,1000,1724.0,-0.5550,-0.0772,-3.1192,0.00941,-0.06711,-0.06401,0.0,
3023437,1000,1724.0,0.3770,0.1458,-2.3482,-0.00859,0.07889,-0.05301,0.0,
3023457,1000,1724.0,-0.3680,0.5178,-2.6972,-0.04359,-0.04611,-0.05701,0.0,
3023477,1000,1724.0,0.3620,-0.1502,-2.3922,0.01241,0.00989,-0.04201,0.0,
3023497,1000,1724.0,-1.0240,0.8878,-3.1622,-0.04659,-0.05011,-0.04201,0.0,
3023517,1000,1724.0,-0.8670,-0.8792,-3.1142,0.08841,-0.09011,-0.06701,0.0,
3023537,1000,1724.0,-0.8010,0.2518,-2.5852,-0.00959,-0.05811,-0.04001,0.0,
3023557,1000,1724.0,-0.4710,-0.2532,-4.4872,0.04341,-0.06511,-0.05001,0.0,
3023577,1000,1724.0,-0.3410,0.3628,-3.2422,-0.03159,-0.01511,-0.05001,0.0,
3023597,1000,1724.0,-0.9660,0.2018,-2.1532,0.01841,-0.10811,-0.05701,0.0,
3023617,1000,1724.0,0.8460,-0.3872,-3.3822,0.01941,0.04989,-0.05201,0.0,
3023637,1000,1724.0,0.1170,0.3178,-2.8122,0.00841,-0.01211,-0.06301,0.0,
3023657,1000,1724.0,0.3850,0.1428,-3.4232,-0.01059,0.04789,-0.05201,0.0,
3023677,1000,1724.0,0.8050,0.5208,-1.9502,-0.06059,0.08389,-0.05801,0.0,
3023697,1000,1724.0,0.8650,0.0788,-1.3642,-0.01159,0.07989,-0.04501,0.0,
3023717,1000,1724.0,-0.4870,-0.1492,-3.3892,0.00141,-0.02411,-0.05201,0.0,
3023737,1000,1724.0,0.1320,0.1138,-2.4522,-0.01359,0.04689,-0.05701,0.0,
3023757,1000,1724.0,0.5740,0.9208,-1.8812,-0.07059,0.07089,-0.05401,0.0,
3023777,1000,1724.0,-0.0800,0.3178,-3.0592,0.00841,-0.03611,-0.05601,0.0,
3023797,1000,1724.0,-0.2070,-0.2732,-2.4122,-0.02559,0.01389,-0.05601,0.0,
3023817,1000,1724.0,0.5470,0.7828,-3.3312,-0.04759,0.03889,-0.04501,0.0,
3023837,1000,1724.0,-1.2580,-0.4922,-2.6602,0.05541,-0.10911,-0.05001,0.0,
3023857,1000,1724.0,-0.8870,1.2468,-4.1622,-0.08159,-0.19111,-0.02901,0.0,
3023877,1000,1724.0,-0.6750,-0.0342,-3.4362,0.02341,0.01789,-0.05901,0.0,
3023897,1000,1724.0,-0.8240,0.1468,-2.6482,-0.00559,-0.06111,-0.03901,0.0,
3023917,1000,1724.0,-0.8430,0.0288,-3.3342,-0.01059,-0.08111,-0.06001,0.0,
3023937,1000,1724.0,0.2510,-0.1362,-2.2802,0.04341,-0.02411,-0.04801,0.0,
3023957,1000,1724.0,-0.6010,0.1568,-3.0492,-0.01459,-0.05011,-0.05501,0.0,
3023977,1000,1724.0,0.5560,0.5188,-2.5422,-0.03859,0.05489,-0.05601,0.0,
3023997,1000,1724.0,-0.2980,-0.4992,-1.3822,0.03941,-0.02011,-0.04001,0.0,
3024017,1000,1724.0,-0.5710,1.1498,-3.3112,-0.07759,-0.05111,-0.06801,0.0,
3024037,1000,1724.0,0.0790,0.8768,-2.9662,-0.07859,0.03989,-0.05301,0.0,
3024057,1000,1724.0,0.9130,-0.5382,-1.8832,0.02541,0.11989,-0.03101,0.0,
3024077,1000,1724.0,-1.1810,0.1038,-3.0372,-0.06459,-0.04011,-0.06201,0.0,
3024097,1000,1724.0,-0.6690,0.5418,-2.7452,0.01741,-0.11311,-0.06401,0.0,
3024117,1000,1724.0,-0.0850,0.5558,-2.6702,-0.06959,-0.00411,-0.06001,0.0,
3024137,1000,1724.0,-1.0950,0.0678,-2.8132,0.03741,-0.07211,-0.06201,0.0,
3024157,1000,1724.0,0.4060,0.5658,-2.8922,-0.06259,-0.07911,-0.04201,0.0,
3024177,1000,1724.0,-0.0000,-0.3182,-3.2012,0.05841,-0.00811,-0.05101,0.0,
3024197,1000,1724.0,-1.1580,0.3168,-2.9892,-0.02959,-0.01911,-0.05101,0.0,
3024217,1000,1724.0,-1.2580,0.0478,-3.1302,0.00841,-0.12911,-0.04601,0.0,
3024237,1000,1724.0,-0.4060,-0.0872,-3.4382,0.02341,-0.01411,-0.03701,0.0,
3024257,1000,1724.0,0.1580,-0.6132,-2.4812,0.06241,0.01789,-0.06601,0.0,
3024277,1000,1724.0,-0.4490,0.2408,-2.6112,-0.01859,-0.04511,-0.01401,0.0,
3024297,1000,1724.0,0.0290,0.0478,-2.6682,-0.00259,0.00089,-0.00701,0.0,
3024317,1000,1724.0,0.3230,0.1418,-3.2372,0.02741,0.02989,-0.01301,0.0,
3024337,1000,1724.0,0.5900,1.0618,-2.8412,-0.06259,0.07889,-0.03101,0.0,
3024357,1000,1724.0,-0.3230,0.1458,-1.9392,0.02041,0.02489,-0.02101,0.0,
3024377,1000,1724.0,0.6390,0.8398,-1.6832,-0.07559,0.08889,-0.02201,0.0,
3024397,1000,1724.0,0.7390,-0.1382,-2.4702,-0.00959,0.07289,-0.01701,0.0,
3024417,1000,1724.0,0.6490,-0.2652,-2.7752,0.04741,0.07789,-0.05401,0.0,
3024437,1000,1724.0,-0.0790,1.2228,-2.8952,-0.11459,-0.00011,-0.03001,0.0,
3024457,1000,1724.0,-0.9600,0.0228,-2.4692,0.03241,-0.05511,-0.04301,0.0,
3024477,1000,1724.0,-0.0580,0.2318,-2.1272,-0.02759,-0.08811,-0.02901,0.0,
3024497,1000,1724.0,-1.3240,0.5538,-3.2612,-0.01459,-0.03611,-0.05001,0.0,
3024517,1000,1724.0,-1.2670,0.4418,-3.9172,-0.00559,-0.11711,-0.01401,0.0,
3024537,1000,1724.0,-0.5100,0.7778,-3.1482,-0.05359,-0.04711,-0.06101,0.0,
3024557,1000,1724.0,0.6990,-0.0312,-2.5712,0.02241,0.05189,-0.04701,0.0,
3024577,1000,1724.0,-0.9320,-0.8112,-3.4162,0.06841,-0.13511,-0.03001,0.0,
3024597,1000,1724.0,-0.4440,-0.3852,-3.9332,0.05141,-0.00611,-0.05501,0.0,
3024617,1000,1724.0,-0.1190,0.3688,-2.7502,-0.06659,-0.01911,-0.03901,0.0,
3024637,1000,1724.0,-0.5110,-0.2172,-3.1102,0.05841,-0.06011,-0.05101,0.0,
3024657,1000,1724.0,0.0360,0.6238,-2.7212,-0.02359,0.01389,-0.05701,0.0,
3024677,1000,1724.0,0.2990,-0.2612,-2.2272,-0.00359,0.03789,-0.03201,0.0,
3024697,1000,1724.0,0.8050,-0.4282,-2.4532,0.02941,0.13489,-0.04901,0.0,
3024717,1000,1724.0,-0.1600,0.1048,-3.0902,0.01741,-0.06111,-0.03701,0.0,
3024737,1000,1724.0,-0.3040,-0.5122,-3.3802,0.03841,-0.01111,-0.06101,0.0,
3024757,1000,1724.0,-0.3240,0.3268,-2.3452,-0.00959,-0.02511,-0.03601,0.0,
3024777,1000,1724.0,-0.7440,-0.2852,-2.8502,0.03841,-0.05711,-0.05001,0.0,
3024797,1000,1724.0,0.7750,-0.1912,-2.3062,0.00441,0.07789,-0.03901,0.0,
3024817,1000,1724.0,-1.2160,0.3438,-4.1462,0.00841,-0.13411,-0.05101,0.0,
3024837,1000,1724.0,-0.7360,-0.4252,-2.3212,0.03741,-0.07611,-0.04101,0.0,
3024857,1000,1724.0,-0.3390,0.4878,-2.9792,-0.03359,-0.02711,-0.04701,0.0,
3024877,1000,1724.0,-0.9720,0.4758,-4.0952,-0.02759,-0.11711,-0.03501,0.0,
3024897,1000,1724.0,-0.1630,0.2098,-4.0872,-0.01759,-0.02711,-0.05001,0.0,
3024917,1000,1724.0,-0.5140,-0.2012,-2.1162,0.01641,-0.00911,-0.04901,0.0,
3024937,1000,1724.0,0.4230,1.0348,-2.8362,-0.05259,0.00689,-0.02601,0.0,
3024957,1000,1724.0,0.7430,-1.4772,-3.0822,0.11541,0.07089,-0.05901,0.0,
3024977,1000,1724.0,0.8730,1.0368,-3.8072,-0.07159,0.10989,-0.04401,0.0,
3024997,1000,1724.0,0.0130,-0.4792,-2.4232,0.03341,0.11089,-0.04701,0.0,
3025017,1000,1724.0,0.0750,0.3238,-2.8662,-0.04559,0.01389,-0.02701,0.0,
3025037,1000,1724.0,0.4880,-0.0012,-2.8452,0.00941,-0.00111,-0.03401,0.0,
3025057,1000,1724.0,0.0140,0.9908,-2.1702,-0.06659,0.04289,-0.04301,0.0,
3025077,1000,1724.0,-0.0290,0.3918,-2.8972,-0.02559,0.00389,-0.05001,0.0,
3025097,1000,1724.0,-0.5780,-0.2972,-2.9412,0.03841,-0.03611,-0.06401,0.0,
3025117,1000,1724.0,-1.4490,-0.1422,-3.2522,0.01641,-0.12111,-0.02801,0.0,
3025137,1000,1724.0,-0.9510,-0.3862,-4.3062,0.04541,-0.08511,-0.05001,0.0,
3025157,1000,1724.0,0.4520,0.2228,-2.2272,-0.03159,0.05589,-0.04601,0.0,
3025177,1000,1724.0,-1.3280,0.1698,-3.9462,0.01241,-0.15111,-0.04901,0.0,
3025197,1000,1724.0,-0.1450,0.5948,-4.0542,-0.03559,-0.03411,-0.03601,0.0,
3025217,1000,1724.0,-0.6150,-1.2792,-3.3342,0.05841,-0.06611,-0.04101,0.0,
3025237,1000,1724.0,-0.0030,-0.0172,-2.5852,0.01641,-0.00811,-0.05901,0.0,
3025257,1000,1724.0,-0.5150,1.1128,-2.9472,-0.05359,-0.06211,-0.04101,0.0,
3025277,1000,1724.0,-0.5660,-0.1942,-2.5582,0.01241,-0.03311,-0.03801,0.0,
3025297,1000,1724.0,1.1470,0.1078,-2.8452,-0.02559,0.14389,-0.03301,0.0,
3025317,1000,1724.0,-0.1860,0.1088,-2.2922,-0.01059,-0.01011,-0.03901,0.0,
3025337,1000,1724.0,-0.1000,-0.3402,-3.7042,0.04541,-0.03211,-0.05201,0.0,
3025357,1000,1724.0,0.0750,-0.0062,-1.4642,0.02441,0.03789,-0.07501,0.0,
3025377,1000,1724.0,0.1090,-0.1932,-3.6622,0.01741,0.02089,-0.02001,0.0,
3025397,1000,1724.0,-0.0570,-0.4602,-2.8142,0.03741,-0.02111,-0.04501,0.0,
3025417,1000,1724.0,-1.0150,0.3438,-3.3402,-0.02659,-0.06611,-0.02601,0.0,
3025437,1000,1724.0,0.4560,0.4908,-3.9212,-0.04259,0.01689,-0.04501,0.0,
3025457,1000,1724.0,0.0440,0.3828,-2.6072,-0.03559,-0.03711,-0.05701,0.0,
3025477,1000,1724.0,-1.0390,0.2868,-2.7782,-0.00659,-0.05011,-0.03701,0.0,
3025497,1000,1724.0,-1.1290,-0.0202,-4.2142,0.03241,-0.10011,-0.05601,0.0,
3025517,1000,1724.0,0.6210,0.6428,-3.2552,-0.05759,0.03089,-0.04801,0.0,
3025537,1000,1724.0,-0.0610,-0.7702,-2.9142,0.07041,0.00889,-0.03901,0.0,
3025557,1000,1724.0,-0.5720,0.9968,-2.5672,-0.10159,-0.10011,-0.05901,0.0,
3025577,1000,1724.0,0.6240,0.2428,-2.3962,-0.04159,0.07889,-0.03701,0.0,
3025597,1000,1724.0,1.0970,-0.5982,-3.1342,0.03641,0.12289,-0.04801,0.0,
3025617,1000,1724.0,0.0570,-0.3192,-2.7812,0.01741,0.02489,-0.04601,0.0,
3025637,1000,1724.0,-0.5940,0.1558,-2.8562,0.02841,-0.04611,-0.05501,0.0,
3025657,1000,1724.0,0.3070,0.2658,-1.8662,-0.01159,0.03489,-0.04501,0.0,
3025677,1000,1724.0,-0.7610,-0.0642,-3.0162,0.01141,-0.03811,-0.04701,0.0,
3025697,1000,1724.0,-1.2480,0.5908,-3.8382,-0.02659,-0.13411,-0.04101,0.0,
3025717,1000,1724.0,-0.4220,0.1418,-2.9152,0.01941,-0.00511,-0.05401,0.0,
3025737,1000,1724.0,-0.8940,-0.1712,-3.2972,0.01741,-0.05711,-0.03501,0.0,
3025757,1000,1724.0,-0.0590,-0.1092,-2.8382,0.06041,-0.06911,-0.04901,0.0,
3025777,1000,1724.0,-1.1570,-0.0282,-3.5352,0.00841,-0.03811,-0.05101,0.0,
3025797,1000,1724.0,0.1900,0.1738,-3.8332,-0.02359,0.02089,-0.04501,0.0,
3025817,1000,1724.0,-0.7940,0.7218,-3.5552,-0.06159,-0.08611,-0.04401,0.0,
3025837,1000,1724.0,0.2160,-0.0192,-2.8492,0.03041,-0.00711,-0.04501,0.0,
3025857,1000,1724.0,-0.6820,0.2018,-2.7392,-0.02459,-0.00811,-0.04701,0.0,
3025877,1000,1724.0,-0.1010,1.0198,-2.8502,-0.06559,-0.05311,-0.06201,0.0,
3025897,1000,1724.0,0.3400,-0.0752,-2.5362,-0.00759,0.05189,-0.05301,0.0,
3025917,1000,1724.0,-0.0060,0.4788,-3.4932,-0.05159,0.01789,-0.04101,0.0,
3025937,1000,1724.0,-0.1220,0.1548,-3.0322,-0.01959,-0.01111,-0.01401,0.0,
3025957,1000,1724.0,0.6120,-0.3672,-0.9462,0.02941,0.11389,-0.05801,0.0,
3025977,1000,1724.0,0.1640,-0.0082,-2.7462,-0.00359,0.02589,-0.04201,0.0,
3025997,1000,1724.0,-0.7120,-0.3492,-3.8842,0.05041,-0.06111,-0.05601,0.0,
3026017,1000,1724.0,0.0900,0.6328,-2.7672,-0.05559,0.02189,-0.02501,0.0,
3026037,1000,1724.0,-0.5680,-0.4052,-2.7712,0.06941,-0.06311,-0.04301,0.0,
3026057,1000,1724.0,-0.2440,-0.1892,-2.9702,0.02241,-0.03411,-0.05301,0.0,
3026077,1000,1724.0,-0.7340,0.8888,-3.7432,-0.05359,-0.08411,-0.03301,0.0,
3026097,1000,1724.0,-0.4550,0.0658,-3.5462,0.01441,-0.03511,-0.05201,0.0,
3026117,1000,1724.0,-1.3600,-0.4762,-3.6292,0.02841,-0.12711,-0.03301,0.0,
3026137,1000,1724.0,-0.0230,0.8388,-3.4652,-0.03559,-0.08111,-0.05101,0.0,
3026157,1000,1724.0,0.2510,-0.2482,-3.1992,-0.00659,0.04689,-0.04401,0.0,
3026177,1000,1724.0,0.4260,0.4498,-3.0572,-0.03059,0.02989,-0.05201,0.0,
3026197,1000,1724.0,0.0640,0.3158,-2.4292,-0.02159,0.00289,-0.03401,0.0,
3026217,1000,1724.0,-0.2650,0.2478,-3.2202,-0.03659,-0.02511,-0.04901,0.0,
3026237,1000,1724.0,-0.5440,0.2678,-4.0122,-0.00759,-0.07711,-0.05001,0.0,
3026257,1000,1724.0,1.2480,-0.1532,-0.0102,-0.00859,0.15589,-0.03901,0.0,
3026277,1000,1724.0,0.0550,0.1478,-3.2462,-0.00459,0.03389,-0.03301,0.0,
3026297,1000,1724.0,-0.0160,-0.5582,-3.1292,0.04141,0.00489,-0.04101,0.0,
3026317,1000,1724.0,0.0460,-0.1462,-2.9552,0.04141,0.03989,-0.04601,0.0,
3026337,1000,1724.0,-0.2900,-0.2462,-2.8352,0.02241,-0.02911,-0.03701,0.0,
3026357,1000,1724.0,-1.7530,0.3178,-2.5092,-0.01259,-0.13111,-0.03801,0.0,
3026377,1000,1724.0,0.0140,-0.0322,-3.5832,-0.00659,-0.00811,-0.04101,0.0,
3026397,1000,1724.0,-1.5520,0.7188,-4.6082,-0.02159,-0.17111,-0.04901,0.0,
3026417,1000,1724.0,-0.2170,-0.2142,-3.2422,0.03241,-0.02011,-0.04901,0.0,
3026437,1000,1724.0,-1.1590,0.4508,-4.0072,-0.04559,-0.13411,-0.03601,0.0,
3026457,1000,1724.0,0.9410,-0.7932,-2.4332,0.06341,0.05989,-0.04101,0.0,
3026477,1000,1724.0,-0.2090,0.1418,-2.8102,-0.00359,-0.00111,-0.05001,0.0,
3026497,1000,1724.0,0.2940,-0.0772,-2.8322,-0.00459,-0.00811,-0.03201,0.0,
3026517,1000,1724.0,0.5530,0.2988,-3.0452,-0.03559,0.05889,-0.05601,0.0,
3026537,1000,1724.0,0.0540,0.6028,-3.2582,-0.02859,-0.01111,-0.04701,0.0,
3026557,1000,1724.0,-0.2170,0.5728,-1.3652,-0.06959,0.04189,-0.01601,0.0,
3026577,1000,1724.0,-0.0620,0.7638,-2.8182,-0.05859,-0.00711,-0.03801,0.0,
3026597,1000,1724.0,-1.3670,0.5808,-3.9702,-0.02259,-0.13311,-0.04801,0.0,
3026617,1000,1724.0,0.0060,-0.1582,-2.3342,0.00541,0.07289,-0.05001,0.0,
3026637,1000,1724.0,0.0160,0.3778,-3.2842,-0.00459,0.00589,-0.04701,0.0,
3026657,1000,1724.0,-0.5460,-1.1492,-2.7872,0.11841,-0.02511,-0.04201,0.0,
3026677,1000,1724.0,-0.0400,0.0128,-2.5372,0.00941,-0.01511,-0.06601,0.0,
3026697,1000,1724.0,-1.2060,0.2218,-4.9852,0.00341,-0.08511,-0.02701,0.0,
3026717,1000,1724.0,-0.2850,-0.4162,-2.6572,0.04341,-0.03111,-0.03601,0.0,
3026737,1000,1724.0,-0.2280,0.0778,-3.7432,0.01641,-0.06311,-0.05101,0.0,
3026757,1000,1724.0,-1.4580,0.6708,-2.6872,-0.03159,-0.18711,-0.05701,0.0,
3026777,1000,1724.0,-1.1410,-0.0052,-3.4462,0.00141,-0.03811,-0.04101,0.0,
3026797,1000,1724.0,0.2590,-0.0392,-3.1282,-0.01259,0.01289,-0.04801,0.0,
3026817,1000,1724.0,-0.4310,0.1988,-3.0542,-0.01959,-0.04311,-0.04001,0.0,
3026837,1000,1724.0,-0.0150,0.2148,-3.0952,-0.03759,0.01989,-0.05501,0.0,
3026857,1000,1724.0,0.0140,0.5588,-2.2622,-0.02159,0.02189,-0.05001,0.0,
3026877,1000,1724.0,-0.7700,0.3388,-2.2462,-0.04559,-0.04611,-0.04101,0.0,
3026897,1000,1724.0,-0.3790,0.2798,-3.4902,-0.03359,-0.04411,-0.04401,0.0,
3026917,1000,1724.0,1.2020,0.4348,-2.5452,-0.01659,0.14089,-0.04101,0.0,
3026937,1000,1724.0,-0.4330,0.9398,-3.0902,-0.08859,-0.00711,-0.04201,0.0,
3026957,1000,1724.0,0.1820,0.3348,-3.0302,-0.01759,0.01689,-0.02601,0.0,
3026977,1000,1724.0,-0.5700,-0.1252,-3.0902,0.00841,-0.04511,-0.03501,0.0,
3026997,1000,1724.0,-0.0310,-0.4702,-3.6492,0.05741,-0.00411,-0.05301,0.0,
3027017,1000,1724.0,-1.7630,1.0668,-3.7872,-0.05959,-0.14611,-0.03801,0.0,
3027037,1000,1724.0,-0.2050,-0.5592,-3.1602,0.09041,-0.06811,-0.07101,0.0,
3027057,1000,1724.0,0.5610,-0.2322,-2.9082,0.00941,-0.01011,-0.05201,0.0,
3027077,1000,1724.0,0.0860,0.4228,-3.4802,-0.03159,0.06689,-0.03301,0.0,
3027097,1000,1724.0,0.1420,-0.7482,-3.3122,0.09141,-0.06211,-0.05301,0.0,
3027117,1000,1724.0,-1.0660,0.8778,-2.8012,-0.05159,-0.09611,-0.06901,0.0,
3027137,1000,1724.0,-0.2510,0.7208,-3.4162,-0.05559,-0.03711,-0.04201,0.0,
3027157,1000,1724.0,0.5100,-0.3072,-1.7932,0.00241,0.06689,-0.03901,0.0,
3027177,1000,1724.0,0.3760,0.1098,-3.1792,-0.01259,0.03989,-0.05501,0.0,
3027197,1000,1724.0,0.8750,0.6798,-2.8312,-0.05259,0.06589,-0.04401,0.0,
3027217,1000,1724.0,1.0420,0.0788,-1.6252,0.00141,0.12489,-0.05101,0.0,
3027237,1000,1724.0,0.5900,-0.4632,-2.3082,0.02841,0.08089,-0.03601,0.0,
3027257,1000,1724.0,-1.0890,-0.0292,-3.2232,-0.00259,-0.07211,-0.03601,0.0,
3027277,1000,1724.0,-0.9700,1.3618,-2.9772,-0.07559,-0.08111,-0.05801,0.0,
3027297,1000,1724.0,0.9820,-0.2872,-3.6182,0.01741,0.08989,-0.03701,0.0,
3027317,1000,1724.0,-0.5840,0.0808,-3.3282,0.03041,-0.05111,-0.05001,0.0,
3027337,1000,1724.0,-1.5660,0.1318,-3.6142,0.02041,-0.14311,-0.05101,0.0,
3027357,1000,1724.0,0.0420,-0.8922,-2.0372,0.07841,-0.08411,-0.03301,0.0,
3027377,1000,1724.0,-1.6340,0.2148,-3.7492,-0.03959,-0.04411,-0.03901,0.0,
3027397,1000,1724.0,-1.1020,0.0598,-3.7222,0.03041,-0.15211,-0.04101,0.0,
3027417,1000,1724.0,0.6740,-0.4242,-2.9952,0.02941,0.04789,-0.06501,0.0,
3027437,1000,1724.0,0.0060,0.1888,-2.2792,-0.02759,-0.00911,-0.02101,0.0,
3027457,1000,1724.0,-0.6190,-0.0722,-2.4122,0.00541,-0.08211,-0.04701,0.0,
3027477,1000,1724.0,0.4350,0.2538,-3.6812,-0.02459,0.06789,-0.04101,0.0,
3027497,1000,1724.0,0.3040,-0.2832,-3.5022,0.02841,0.02089,-0.05801,0.0,
3027517,1000,1724.0,1.2300,-0.0432,-0.9262,-0.03059,0.14289,-0.02501,0.0,
3027537,1000,1724.0,-0.1310,0.3578,-3.2492,-0.04059,-0.01511,-0.05501,0.0,
3027557,1000,1724.0,0.6450,-0.0212,-3.1092,-0.01159,0.08689,-0.05101,0.0,
3027577,1000,1724.0,-0.6210,0.3938,-3.3562,-0.01959,-0.06011,-0.06101,0.0,
3027597,1000,1724.0,-0.3420,-0.0142,-3.6582,0.03441,-0.02411,-0.03601,0.0,
3027617,1000,1724.0,-0.2420,-0.4042,-2.4932,0.05341,-0.03511,-0.04801,0.0,
3027637,1000,1724.0,-1.1230,0.3748,-4.2842,0.00141,-0.09211,-0.04201,0.0,
3027657,1000,1724.0,0.0300,0.5748,-2.7922,-0.06059,-0.06211,-0.02001,0.0,
3027677,1000,1724.0,-0.7750,-1.5562,-2.9782,0.11641,0.01789,-0.04001,0.0,
3027697,1000,1724.0,-1.2300,0.3088,-4.0162,-0.00259,-0.14511,-0.06501,0.0,
3027717,1000,1724.0,-0.7910,0.3888,-3.2232,0.00341,-0.08211,-0.04401,0.0,
3027737,1000,1724.0,0.2350,-0.2172,-2.2992,0.02841,0.02389,-0.05701,0.0,
3027757,1000,1724.0,-0.0630,-0.8882,-2.7062,0.08041,-0.05611,-0.04601,0.0,
3027777,1000,1724.0,0.4570,-0.2562,-3.1362,-0.01059,0.05689,-0.04301,0.0,
3027797,1000,1724.0,-0.0340,-0.3002,-3.6872,0.02741,0.01989,-0.04001,0.0,
3027817,1000,1724.0,0.4900,0.4128,-1.8762,-0.02159,0.06189,-0.06301,0.0,
3027837,1000,1724.0,0.4190,-0.1272,-2.5442,-0.03859,0.06389,-0.03801,0.0,
3027857,1000,1724.0,-0.8100,0.2968,-3.1672,-0.02559,-0.04611,-0.04401,0.0,
3027877,1000,1724.0,-0.5920,0.0288,-3.6522,-0.01059,-0.01011,-0.04501,0.0,
3027897,1000,1724.0,-0.7570,0.5408,-3.2042,-0.03659,-0.06211,-0.04001,0.0,
3027917,1000,1724.0,0.8550,0.3108,-2.6112,-0.02159,0.08489,-0.05001,0.0,
3027937,1000,1724.0,-1.0960,-0.7082,-3.0672,0.07341,-0.10811,-0.04901,0.0,
3027957,1000,1724.0,0.0260,-0.3672,-3.6602,0.05041,-0.00811,-0.04501,0.0,
3027977,1000,1724.0,-0.3000,0.0208,-3.1542,0.00441,-0.00611,-0.04301,0.0,
3027997,1000,1724.0,-1.6310,0.0318,-4.0552,0.01141,-0.17311,-0.04901,0.0,
3028017,1000,1724.0,-1.7480,0.9368,-3.4062,-0.06659,-0.14011,-0.02001,0.0,
3028037,1000,1724.0,0.4390,-0.3672,-2.6572,0.03941,0.03989,-0.06301,0.0,
3028057,1000,1724.0,0.2530,-0.6772,-2.9292,0.04941,-0.02111,-0.04901,0.0,
3028077,1000,1724.0,-0.5300,0.9818,-3.2122,-0.07159,-0.04911,-0.04101,0.0,
3028097,1000,1724.0,-0.0510,0.2768,-3.1082,0.00241,-0.00311,-0.06101,0.0,
3028117,1000,1724.0,0.4840,-0.3562,-2.6012,0.02741,0.05189,-0.05701,0.0,
3028137,1000,1724.0,0.9410,0.0958,-2.3402,-0.00459,0.08489,-0.05601,0.0,
3028157,1000,1724.0,0.8250,0.3988,-2.9332,-0.04959,0.08089,-0.02701,0.0,
3028177,1000,1724.0,-0.8640,1.2818,-3.1212,-0.09259,-0.04211,-0.04501,0.0,
3028197,1000,1724.0,1.2120,-0.3922,-2.5932,0.00541,0.13489,-0.02701,0.0,
3028217,1000,1724.0,0.2920,-0.0142,-3.2972,0.01041,0.01089,-0.02201,0.0,
3028237,1000,1724.0,-1.0360,-0.0752,-3.0462,0.02941,-0.04711,-0.03301,0.0,
3028257,1000,1724.0,0.2470,-0.5052,-3.7262,0.04541,0.04089,-0.00801,0.0,
3028277,1000,1724.0,-0.6500,1.0438,-4.1552,-0.05959,-0.08211,-0.05201,0.0,
3028297,1000,1724.0,-1.1660,-0.1322,-3.4912,0.01441,-0.10111,-0.02301,0.0,
3028317,1000,1724.0,-0.3550,-0.3352,-4.0782,0.06541,-0.03911,-0.02301,0.0,
3028337,1000,1724.0,0.5780,0.2328,-4.2612,-0.00659,0.03989,-0.02301,0.0,
3028357,1000,1724.0,-0.1190,0.8448,-3.5202,-0.06259,-0.06911,-0.04501,0.0,
3028377,1000,1724.0,-0.7240,-0.3332,-3.8162,0.03141,-0.03611,-0.01901,0.0,
3028397,1000,1724.0,-0.4140,-0.2852,-3.2092,0.05341,-0.01611,-0.03301,0.0,
3028417,1000,1724.0,1.0940,-0.8382,-2.2452,0.08041,0.11289,-0.03801,0.0,
3028437,1000,1724.0,-0.1860,-0.3572,-3.7482,0.02541,0.00789,-0.03701,0.0,
3028457,1000,1724.0,0.6510,-0.8112,-3.6732,0.07641,0.06989,-0.04801,0.0,
3028477,1000,1724.0,0.2000,0.0618,-2.6672,0.02041,0.04689,-0.03101,0.0,
3028497,1000,1724.0,0.3350,0.1078,-3.6042,0.01241,0.03489,-0.03201,0.0,
3028517,1000,1724.0,-0.6200,0.3818,-2.8632,-0.02859,-0.01511,-0.03901,0.0,
3028537,1000,1724.0,-1.1370,0.3548,-5.2612,0.02741,-0.12711,-0.03301,0.0,
3028557,1000,1724.0,-1.1540,0.5408,-3.2732,-0.02859,-0.10211,-0.03901,0.0,
3028577,1000,1724.0,-0.4770,-0.4852,-4.2062,0.02941,-0.01511,-0.04701,0.0,
3028597,1000,1724.0,-0.8060,-0.0922,-4.5252,0.02841,-0.09211,-0.04101,0.0,
3028617,1000,1724.0,-0.4400,0.3188,-3.7702,-0.02659,-0.05211,-0.02601,0.0,
3028637,1000,1724.0,-0.1200,-0.2292,-3.8812,0.02441,0.01889,-0.03701,0.0,
3028657,1000,1724.0,-0.2560,-0.9452,-3.1212,0.08041,-0.02111,-0.03901,0.0,
3028677,1000,1724.0,0.2490,-0.3332,-3.7792,0.02841,0.02389,-0.03701,0.0,
3028697,1000,1724.0,-0.7460,-0.1292,-3.5292,0.00641,-0.05811,-0.01701,0.0,
3028717,1000,1724.0,-0.0680,-0.5782,-2.9012,0.05541,0.00889,-0.02601,0.0,
3028737,1000,1724.0,1.3970,-0.5612,-2.7952,0.04241,0.12589,-0.03201,0.0,
3028757,1000,1724.0,0.1640,0.8788,-3.8552,-0.08559,0.01289,-0.01901,0.0,
3028777,1000,1724.0,0.5070,0.2598,-3.4862,-0.01559,0.03889,-0.02301,0.0,
3028797,1000,1724.0,0.1870,0.1338,-3.5102,-0.04059,0.03489,-0.02301,0.0,
3028817,1000,1724.0,-1.9910,-0.0652,-3.9402,0.03841,-0.16611,-0.03301,0.0,
3028837,1000,1724.0,-0.7800,-0.8942,-4.2152,0.06941,-0.11311,-0.02301,0.0,
3028857,1000,1724.0,-0.0400,-0.4642,-4.2222,0.02741,-0.00611,-0.02201,0.0,
3028877,1000,1724.0,0.0460,-0.8522,-4.4072,0.07441,0.03289,-0.02601,0.0,
3028897,1000,1724.0,-0.2410,0.5068,-3.8012,-0.02259,-0.13111,-0.01801,0.0,
3028917,1000,1724.0,-0.1770,-0.4002,-3.4622,0.02841,-0.01211,-0.03101,0.0,
3028937,1000,1724.0,0.1920,-0.1502,-4.0992,0.01941,0.02389,-0.03501,0.0,
3028957,1000,1724.0,0.5800,0.1278,-3.4442,0.00941,0.01089,-0.06301,0.0,
3028977,1000,1724.0,0.7670,-1.1422,-4.2052,0.06741,0.11589,-0.02201,0.0,
3028997,1000,1724.0,0.3110,-0.2632,-3.2862,0.04541,0.01589,-0.04401,0.0,
3029017,1000,1724.0,0.8860,-1.4702,-2.6312,0.13541,0.11989,-0.05201,0.0,
3029037,1000,1724.0,-0.4890,-0.1292,-3.6292,0.01241,-0.02811,-0.01501,0.0,
3029057,1000,1724.0,-0.3850,0.0388,-3.7812,0.00141,-0.03511,-0.05301,0.0,
3029077,1000,1724.0,-0.2730,0.7808,-4.3142,-0.08359,0.00189,-0.02101,0.0,
3029097,1000,1724.0,-1.1180,0.4238,-3.0572,-0.03559,-0.09311,-0.02801,0.0,
3029117,1000,1724.0,-0.2150,0.0888,-3.7262,-0.00059,-0.03911,-0.03901,0.0,
3029137,1000,1724.0,-1.2400,0.1028,-5.2962,-0.00059,-0.13811,-0.03301,0.0,
3029157,1000,1724.0,-0.4530,0.4128,-3.4722,-0.02259,-0.06711,-0.01901,0.0,
3029177,1000,1724.0,-0.2390,-0.0462,-3.9142,-0.00859,0.00289,-0.01001,0.0,
3029197,1000,1724.0,-0.3660,-0.8722,-3.8822,0.05841,-0.06011,-0.03901,0.0,
3029217,1000,1724.0,-0.3820,0.6648,-3.2142,-0.06959,-0.01811,-0.03001,0.0,
3029237,1000,1724.0,-0.2630,0.6418,-5.0452,-0.04359,-0.02411,-0.04701,0.0,
3029257,1000,1724.0,1.4190,-0.2472,-2.4812,-0.03159,0.15089,-0.03201,0.0,
3029277,1000,1724.0,0.0440,-0.5952,-3.0772,0.04241,0.04089,-0.03401,0.0,
3029297,1000,1724.0,-0.8730,-0.5372,-4.7322,0.05041,0.00389,-0.03501,0.0,
3029317,1000,1724.0,-0.4360,0.0698,-2.1182,0.00441,-0.06811,-0.02201,0.0,
3029337,1000,1724.0,0.0730,0.2738,-4.6772,-0.00059,0.03189,-0.04601,0.0,
3029357,1000,1724.0,-1.8320,0.3128,-3.8962,-0.03059,-0.15211,-0.03801,0.0,
3029377,1000,1724.0,-0.5450,0.3888,-3.7502,-0.00659,-0.15011,-0.05001,0.0,
3029397,1000,1724.0,-0.6770,-0.2632,-4.4412,0.04441,-0.09011,-0.03501,0.0,
3029417,1000,1724.0,-0.4830,0.3468,-4.2482,-0.02559,0.03489,-0.05201,0.0,
3029437,1000,1724.0,-0.5680,0.2218,-3.5502,0.01241,-0.10511,-0.03801,0.0,
3029457,1000,1724.0,-1.3360,0.6808,-4.6712,-0.05059,-0.11111,-0.04001,0.0,
3029477,1000,1724.0,-0.9200,0.0818,-3.6372,-0.00459,-0.06411,-0.01101,0.0,
3029497,1000,1724.0,0.2980,1.3028,-4.6332,-0.08459,0.00089,-0.03501,0.0,
3029517,1000,1724.0,0.0510,0.4138,-2.5482,-0.01959,0.00089,-0.04501,0.0,
3029537,1000,1724.0,-0.0770,0.3118,-3.9022,-0.03059,-0.03011,-0.02501,0.0,
3029557,1000,1724.0,0.9440,1.4488,-3.1632,-0.12259,0.13189,-0.05501,0.0,
3029577,1000,1724.0,0.8850,0.8478,-4.0432,-0.07759,0.07789,-0.04801,0.0,
3029597,1000,1724.0,-0.2600,0.5678,-4.1892,-0.03159,0.00189,-0.03001,0.0,
3029617,1000,1724.0,0.2110,-0.3982,-3.1602,0.02341,0.04589,-0.05001,0.0,
3029637,1000,1724.0,-0.3000,-0.0032,-3.1462,0.02441,-0.02611,-0.02801,0.0,
3029657,1000,1724.0,-0.2880,0.6508,-4.4332,-0.02959,-0.00111,-0.05401,0.0,
3029677,1000,1724.0,-0.4380,0.3808,-3.9412,-0.03059,-0.11011,-0.02801,0.0,
3029697,1000,1724.0,-0.7460,0.8568,-4.2362,-0.04359,-0.05611,-0.05401,0.0,
3029717,1000,1724.0,-1.4640,0.7038,-4.3932,-0.08159,-0.02411,-0.03601,0.0,
3029737,1000,1724.0,-1.6650,0.9318,-4.6502,-0.07959,-0.16911,-0.05701,0.0,
3029757,1000,1724.0,-1.1610,1.9788,-3.5612,-0.10059,-0.10511,-0.04401,0.0,
3029777,1000,1724.0,-0.9010,0.3598,-3.3842,-0.00359,-0.06611,-0.04101,0.0,
3029797,1000,1724.0,-0.8460,-0.2552,-3.3842,0.02841,-0.05411,-0.02401,0.0,
3029817,1000,1724.0,1.3380,1.2038,-4.2162,-0.05959,0.15089,-0.04101,0.0,
3029837,1000,1724.0,0.1890,0.5438,-3.9122,-0.03059,0.01989,-0.03201,0.0,
3029857,1000,1724.0,1.5880,-0.3072,-1.9552,-0.00759,0.21289,-0.03501,0.0,
3029877,1000,1724.0,-0.4550,0.1988,-4.5252,-0.00559,-0.00211,-0.03401,0.0,
3029897,1000,1724.0,0.3920,0.6338,-3.8312,-0.10859,0.11689,-0.02201,0.0,
3029917,1000,1724.0,-0.4540,0.6468,-4.1552,0.00141,-0.01311,-0.01801,0.0,
3029937,1000,1724.0,0.8360,-0.1972,-3.6652,0.02441,0.10589,-0.03101,0.0,
3029957,1000,1724.0,0.2090,-0.4342,-3.6732,0.02741,0.01689,-0.02201,0.0,
3029977,1000,1724.0,-0.3090,0.8548,-4.0432,-0.03759,-0.10711,-0.02701,0.0,
3029997,1000,1724.0,-0.2500,0.1108,-5.5062,-0.03259,0.01589,-0.02601,0.0,
3030017,1000,1724.0,0.2610,0.5138,-2.8932,-0.03559,0.08289,-0.03101,0.0,
3030037,1000,1724.0,-0.6250,0.6258,-4.8372,-0.04659,-0.06311,-0.03301,0.0,
3030057,1000,1724.0,0.1290,-0.6512,-3.9182,0.04141,-0.00111,-0.03001,0.0,
3030077,1000,1724.0,-0.3240,-0.0812,-3.7062,0.01641,0.02989,-0.01501,0.0,
3030097,1000,1724.0,0.3080,0.5568,-3.0022,-0.02259,0.04989,-0.03801,0.0,
3030117,1000,1724.0,-0.9830,-0.5582,-3.3452,0.05741,-0.04511,-0.03301,0.0,
3030137,1000,1724.0,-0.0460,0.1428,-3.2192,-0.01459,0.01289,-0.01401,0.0,
3030157,1000,1724.0,0.9320,-0.0442,-3.3532,-0.00559,0.14289,-0.04901,0.0,
3030177,1000,1724.0,0.1220,0.3288,-3.7562,-0.05259,0.03789,-0.00201,0.0,
3030197,1000,1724.0,0.2900,-0.4832,-3.1682,0.03041,0.05889,-0.03601,0.0,
3030217,1000,1724.0,-1.1690,-0.0322,-4.2442,0.02741,-0.07411,-0.02201,0.0,
3030237,1000,1724.0,-1.1650,0.1318,-4.4882,0.00041,-0.07911,-0.00901,0.0,
3030257,1000,1724.0,0.2020,-0.0782,-4.2422,0.00441,0.03989,-0.03201,0.0,
3030277,1000,1724.0,-0.0320,-0.4812,-3.5482,0.05141,-0.06311,-0.02201,0.0,
3030297,1000,1724.0,-0.7430,-0.0332,-5.3842,0.02141,-0.09211,-0.02701,0.0,
3030317,1000,1724.0,0.3980,0.0818,-3.9422,-0.06059,0.12089,-0.02501,0.0,
3030337,1000,1724.0,0.3990,-0.4392,-4.0152,0.00141,0.02189,-0.03101,0.0,
3030357,1000,1724.0,0.3800,0.7428,-3.2312,-0.07659,0.02589,-0.02501,0.0,
3030377,1000,1724.0,-0.1720,-0.6712,-3.2852,0.06341,0.01289,-0.03701,0.0,
3030397,1000,1724.0,0.0070,-0.1212,-3.3962,0.02041,-0.01311,-0.01401,0.0,
3030417,1000,1724.0,-0.0970,0.0918,-4.2132,0.00541,0.01289,-0.02401,0.0,
3030437,1000,1724.0,-0.0150,-0.0622,-2.7102,0.03241,-0.00911,-0.03201,0.0,
3030457,1000,1724.0,0.2530,0.5598,-3.0742,-0.02159,0.04589,-0.04401,0.0,
3030477,1000,1724.0,-0.4010,-0.1132,-3.5982,-0.00059,-0.01811,-0.04001,0.0,
3030497,1000,1724.0,-0.5650,0.0598,-4.2682,0.02741,-0.05511,-0.02201,0.0,
3030517,1000,1724.0,-0.8340,-0.5692,-4.0372,0.05441,-0.05711,-0.03301,0.0,
3030537,1000,1724.0,-0.2440,-0.2222,-3.5192,0.00541,-0.01111,-0.02301,0.0,
3030557,1000,1724.0,-0.6930,-0.3492,-3.7302,0.02841,-0.05211,-0.02101,0.0,
3030577,1000,1724.0,-0.3300,-0.5392,-4.3442,0.07141,-0.10811,-0.03001,0.0,
3030597,1000,1724.0,0.2800,-0.3422,-4.2422,0.00641,0.02789,-0.03501,0.0,
3030617,1000,1724.0,-0.8800,-0.6842,-3.9712,0.03041,-0.01311,-0.02101,0.0,
3030637,1000,1724.0,0.6670,-0.0672,-4.2002,-0.03759,0.01489,-0.04201,0.0,
3030657,1000,1724.0,0.0950,-0.8462,-4.0992,0.04141,-0.01311,-0.04801,0.0,
3030677,1000,1724.0,-0.6950,0.4018,-3.9512,-0.03259,-0.06911,-0.00301,0.0,
3030697,1000,1724.0,0.8990,0.0738,-2.1552,-0.02259,0.07389,-0.03101,0.0,
3030717,1000,1724.0,0.7240,-1.2782,-3.7652,0.10741,0.08189,-0.02901,0.0,
3030737,1000,1724.0,-1.0760,-0.3812,-3.7492,0.04441,-0.12011,-0.02001,0.0,
3030757,1000,1724.0,0.0370,0.0828,-3.7432,-0.00159,-0.00011,-0.05401,0.0,
3030777,1000,1724.0,0.6450,-1.0482,-3.2872,0.09041,0.09089,-0.00701,0.0,
3030797,1000,1724.0,-0.5380,-0.8072,-3.8712,0.08241,-0.05111,-0.05301,0.0,
3030817,1000,1724.0,-1.1550,-0.7812,-3.9662,0.07341,-0.10811,-0.01601,0.0,
3030837,1000,1724.0,-0.3080,-0.8582,-4.1092,0.08841,-0.02811,-0.03601,0.0,
3030857,1000,1724.0,-1.3160,-0.2882,-3.7972,0.06241,-0.15011,-0.03801,0.0,
3030877,1000,1724.0,-1.3070,-0.9642,-4.3792,0.06641,-0.22411,-0.02001,0.0,
3030897,1000,1724.0,-0.9810,0.2298,-5.4222,-0.01359,-0.04311,-0.02801,0.0,
3030917,1000,1724.0,0.2020,-0.6892,-4.0842,0.04441,0.02589,-0.02801,0.0,
3030937,1000,1724.0,-0.4640,0.5548,-3.9012,-0.06559,-0.07711,-0.01501,0.0,
3030957,1000,1724.0,0.2340,0.3468,-3.7462,-0.06459,0.02089,-0.04101,0.0,
3030977,1000,1724.0,-0.3510,-1.0442,-4.4352,0.11241,-0.03111,-0.03301,0.0,
3030997,1000,1724.0,0.1650,-0.3062,-4.0392,-0.00859,0.00589,-0.01501,0.0,
3031017,1000,1724.0,-0.0650,0.1548,-2.6592,-0.01559,0.00989,-0.02501,0.0,
3031037,1000,1724.0,0.2110,-0.3002,-4.0182,0.03841,-0.02011,-0.02601,0.0,
3031057,1000,1724.0,0.5610,0.2158,-2.8592,-0.06259,0.06889,-0.03901,0.0,
3031077,1000,1724.0,-0.3500,0.1628,-4.1402,0.01941,-0.03411,-0.03201,0.0,
3031097,1000,1724.0,-0.1320,-0.1022,-3.4692,-0.00759,-0.03311,-0.02901,0.0,
3031117,1000,1724.0,-0.5040,-0.4152,-3.3072,0.09541,-0.04311,-0.05601,0.0,
3031137,1000,1724.0,-1.9300,-0.5392,-4.0622,0.07741,-0.17611,-0.03101,0.0,
3031157,1000,1724.0,-1.4350,0.0128,-4.4612,-0.00659,-0.13511,-0.03401,0.0,
3031177,1000,1724.0,-0.3670,-0.5102,-3.2032,0.04141,-0.09011,-0.03701,0.0,
3031197,1000,1724.0,-0.7960,-0.1762,-4.7522,0.06041,-0.07411,-0.03101,0.0,
3031217,1000,1724.0,-0.6810,-0.3892,-4.5142,0.01541,-0.01411,-0.05201,0.0,
3031237,1000,1724.0,0.3970,-0.7342,-4.0832,0.04041,0.01489,-0.06201,0.0,
3031257,1000,1724.0,0.5750,0.1848,-3.2602,-0.01859,0.01889,-0.04001,0.0,
3031277,1000,1724.0,-0.5300,0.6918,-4.2982,-0.03859,-0.04311,-0.03801,0.0,
3031297,1000,1724.0,1.0290,-0.1842,-2.9132,-0.01159,0.06589,-0.02401,0.0,
3031317,1000,1724.0,0.2600,0.1718,-4.3122,0.00241,0.01789,-0.02401,0.0,
3031337,1000,1724.0,-0.3600,0.4778,-2.6452,-0.04759,-0.07411,-0.01501,0.0,
3031357,1000,1724.0,1.1440,0.8168,-3.4102,-0.06159,0.14989,-0.03801,0.0,
3031377,1000,1724.0,0.4670,0.0928,-3.5052,-0.02659,0.05089,-0.04201,0.0,
3031397,1000,1724.0,-1.0070,0.9108,-3.9932,-0.04059,-0.08411,-0.04401,0.0,
3031417,1000,1724.0,0.1820,-0.4352,-3.1732,0.03641,0.02589,-0.02401,0.0,
3031437,1000,1724.0,-1.1600,0.2988,-3.6302,0.00341,-0.08911,-0.03601,0.0,
3031457,1000,1724.0,-0.5720,0.0798,-4.2282,0.00741,-0.06211,-0.02801,0.0,
3031477,1000,1724.0,-1.6110,0.0248,-5.0932,0.05841,-0.17211,-0.04301,0.0,
3031497,1000,1724.0,0.1030,0.3128,-3.8242,0.01041,-0.01411,-0.04101,0.0,
3031517,1000,1724.0,-0.3340,-1.0892,-3.9952,0.05741,-0.00711,-0.03401,0.0,
3031537,1000,1724.0,0.7720,0.5928,-3.8552,-0.02559,0.04089,-0.05001,0.0,
3031557,1000,1724.0,0.4830,0.1568,-4.8412,-0.01359,0.06989,-0.05301,0.0,
3031577,1000,1724.0,-0.9360,-0.1292,-3.9802,0.01541,-0.05911,-0.03301,0.0,
3031597,1000,1724.0,1.2590,0.5648,-1.9732,-0.05959,0.12989,-0.02901,0.0,
3031617,1000,1724.0,-0.4780,0.5228,-4.1462,-0.01659,-0.01011,-0.03001,0.0,
3031637,1000,1724.0,-0.0570,-0.3282,-3.4562,0.01041,-0.00511,-0.02701,0.0,
3031657,1000,1724.0,1.9390,1.3358,-3.0402,-0.14259,0.22889,-0.02101,0.0,
3031677,1000,1724.0,-0.2610,1.3088,-3.5882,-0.10659,-0.01011,-0.02601,0.0,
3031697,1000,1724.0,1.2650,-0.1722,-3.7922,-0.01459,0.09889,-0.02801,0.0,
3031717,1000,1724.0,0.3570,0.6128,-3.6232,-0.00559,0.06589,-0.02201,0.0,
3031737,1000,1724.0,-0.6060,0.1888,-4.1842,-0.00759,-0.03711,-0.01701,0.0,
3031757,1000,1724.0,-1.4080,-0.1032,-3.5432,0.02441,-0.13411,-0.04801,0.0,
3031777,1000,1724.0,-1.7870,-0.0992,-4.5002,0.05241,-0.16411,-0.04201,0.0,
3031797,1000,1724.0,-0.3400,0.4998,-4.3932,-0.01759,-0.01911,-0.02501,0.0,
3031817,1000,1724.0,-0.0040,-0.0382,-3.7002,-0.01259,0.06689,-0.03401,0.0,
3031837,1000,1724.0,0.3000,-0.0712,-3.6992,0.00741,0.03389,-0.03201,0.0,
3031857,1000,1724.0,0.5440,1.3488,-4.1322,-0.08959,0.07989,-0.04201,0.0,
3031877,1000,1724.0,-0.0310,-0.1742,-3.8822,0.03341,0.02989,-0.03801,0.0,
3031897,1000,1724.0,1.2130,0.3018,-4.0212,0.00241,0.14789,-0.04101,0.0,
3031917,1000,1724.0,-0.0340,0.4858,-2.9242,-0.02559,0.01889,-0.02501,0.0,
3031937,1000,1724.0,0.1790,1.4298,-4.4092,-0.10559,0.06789,-0.02401,0.0,
3031957,1000,1724.0,0.7980,1.4738,-3.4612,-0.11359,0.11589,-0.03901,0.0,
3031977,1000,1724.0,0.1790,1.2918,-4.2622,-0.12059,0.04689,-0.03501,0.0,
3031997,1000,1724.0,0.5500,1.2118,-3.2792,-0.08459,0.08489,-0.02501,0.0,
3032017,1000,1724.0,-0.7490,1.3688,-3.5142,-0.09859,-0.03611,-0.02701,0.0,
3032037,1000,1724.0,0.2540,0.4828,-4.0102,-0.00659,0.04789,-0.02801,0.0,
3032057,1000,1724.0,-1.2480,1.1758,-4.3832,-0.07959,-0.09711,-0.03301,0.0,
3032077,1000,1724.0,-1.7830,0.8688,-4.0172,-0.03259,-0.17211,-0.02301,0.0,
3032097,1000,1724.0,-0.1180,-0.5242,-3.7812,0.04941,-0.03011,-0.01901,0.0,
3032117,1000,1724.0,0.0630,0.5058,-3.9502,-0.02259,0.06589,-0.03801,0.0,
3032137,1000,1724.0,0.1930,0.4308,-4.0762,-0.01759,0.02489,-0.06201,0.0,
3032157,1000,1724.0,1.2570,-0.7082,-2.4602,0.04341,0.13589,-0.06001,0.0,
3032177,1000,1724.0,-1.1720,0.2478,-3.9632,-0.00159,-0.07411,-0.01101,0.0,
3032197,1000,1724.0,0.4760,0.5148,-3.7172,-0.02459,0.12089,-0.03501,0.0,
3032217,1000,1724.0,0.2660,0.6968,-4.1282,-0.04359,0.06489,-0.00001,0.0,
3032237,1000,1724.0,-0.4560,-0.9242,-4.2162,0.07341,-0.06911,-0.03701,0.0,
3032257,1000,1724.0,0.2590,0.5058,-2.9942,-0.02859,0.06489,-0.00601,0.0,
3032277,1000,1724.0,0.8090,0.0848,-3.9462,-0.02559,0.08689,-0.01101,0.0,
3032297,1000,1724.0,0.0600,-0.0392,-3.7282,0.00741,-0.00011,-0.02901,0.0,
3032317,1000,1724.0,-0.5820,0.5988,-5.3122,-0.02659,-0.02011,-0.02001,0.0,
3032337,1000,1724.0,-1.0520,0.0788,-3.8982,-0.02659,-0.06911,0.02499,0.0,
3032357,1000,1724.0,0.0480,-0.8442,-4.6052,0.06041,-0.02311,-0.04801,0.0,
3032377,1000,1724.0,-2.4620,0.5648,-5.7952,0.01041,-0.21711,-0.01401,0.0,
3032397,1000,1724.0,-0.3880,0.0518,-4.4562,0.00041,-0.03311,-0.00901,0.0,
3032417,1000,1724.0,-0.3460,-0.5612,-3.6672,0.05641,-0.01711,-0.03101,0.0,
3032437,1000,1724.0,-0.2410,0.2638,-4.8262,-0.00159,-0.06011,-0.02801,0.0,
3032457,1000,1724.0,0.5610,-0.0592,-3.6972,-0.02559,0.04289,-0.00001,0.0,
3032477,1000,1724.0,-0.3830,0.2428,-4.9512,0.00241,-0.00411,-0.00701,0.0,
3032497,1000,1724.0,0.9210,0.4218,-2.5142,-0.02459,0.10889,-0.05201,0.0,
3032517,1000,1724.0,0.5250,0.0598,-4.3502,-0.04759,0.03489,-0.01901,0.0,
3032537,1000,1724.0,-0.8970,0.6898,-4.5382,-0.03859,-0.09111,-0.01501,0.0,
3032557,1000,1724.0,1.5860,-0.9842,-3.9242,0.06541,0.18489,-0.03501,0.0,
3032577,1000,1724.0,-0.8120,-0.3432,-4.7162,0.05341,-0.04611,-0.02101,0.0,
3032597,1000,1724.0,0.0870,0.2148,-4.1592,-0.00759,0.01289,-0.01401,0.0,
3032617,1000,1724.0,-0.4670,0.4098,-4.4822,-0.03659,-0.02811,-0.01301,0.0,
3032637,1000,1724.0,-0.7590,0.4228,-5.1172,-0.04159,-0.07911,-0.02401,0.0,
3032657,1000,1724.0,-0.2860,-0.2912,-4.0272,0.04141,-0.02611,-0.01701,0.0,
3032677,1000,1724.0,-1.1400,0.4528,-5.1472,-0.01159,-0.08711,-0.02301,0.0,
3032697,1000,1724.0,-0.5910,-0.4342,-4.7422,0.03041,-0.07211,-0.00501,0.0,
3032717,1000,1724.0,-0.4600,1.3728,-4.8102,-0.08959,-0.03211,-0.01201,0.0,
3032737,1000,1724.0,0.5940,-0.1742,-4.9992,0.03441,0.08389,-0.04501,0.0,
3032757,1000,1724.0,0.2580,-0.4912,-2.9982,0.02341,0.02289,-0.02301,0.0,
3032777,1000,1724.0,-0.7840,0.3588,-4.6702,-0.02259,-0.05211,-0.00601,0.0,
3032797,1000,1724.0,0.8670,0.8298,-3.6212,-0.06959,0.14989,-0.01501,0.0,
3032817,1000,1724.0,-0.0250,-0.9602,-4.9222,0.08341,-0.00911,-0.03201,0.0,
3032837,1000,1724.0,-0.0460,1.0778,-2.4792,-0.12259,0.09989,-0.01201,0.0,
3032857,1000,1724.0,0.4600,1.3588,-4.3682,-0.08359,0.03689,-0.01601,0.0,
3032877,1000,1724.0,-1.0460,-0.9102,-4.1982,0.08441,-0.13311,-0.04301,0.0,
3032897,1000,1724.0,0.3260,0.0618,-5.5242,0.02341,0.03889,-0.01701,0.0,
3032917,1000,1724.0,-0.9380,-0.2342,-3.8502,0.01541,-0.15411,-0.00201,0.0,
3032937,1000,1724.0,-1.0880,0.0108,-5.0152,-0.00159,-0.03811,-0.01501,0.0,
3032957,1000,1724.0,0.2600,-0.1592,-4.5792,0.04741,0.00289,-0.02501,0.0,
3032977,1000,1724.0,-0.1670,0.4558,-5.5452,-0.02859,-0.02811,-0.01801,0.0,
3032997,1000,1724.0,-0.5900,-0.9112,-3.9382,0.04541,-0.06711,-0.02401,0.0,
3033017,1000,1724.0,-0.8330,-0.2082,-4.2592,0.03741,-0.05311,-0.00701,0.0,
3033037,1000,1724.0,0.4190,0.2618,-4.2072,-0.00459,0.05089,-0.03001,0.0,
3033057,1000,1724.0,0.3980,0.1438,-5.0352,-0.02459,0.04589,-0.01401,0.0,
3033077,1000,1724.0,-0.8190,0.3638,-4.7872,-0.02759,-0.06211,-0.02301,0.0,
3033097,1000,1724.0,1.0800,1.2038,-2.7032,-0.12659,0.14889,-0.01001,0.0,
3033117,1000,1724.0,1.0080,-0.2272,-4.4772,0.02941,0.08989,-0.00401,0.0,
3033137,1000,1724.0,-0.3940,-0.5682,-3.7192,0.06941,0.00389,-0.03501,0.0,
3033157,1000,1724.0,-0.4090,1.0558,-4.8502,-0.09759,0.00189,-0.02601,0.0,
3033177,1000,1724.0,-0.4280,0.2288,-4.5142,0.01641,-0.04911,-0.02301,0.0,
3033197,1000,1724.0,-1.0340,-0.2032,-4.2102,0.03341,-0.08511,-0.03401,0.0,
3033217,1000,1724.0,-1.2520,0.3338,-5.0952,-0.02059,-0.15911,-0.02501,0.0,
3033237,1000,1724.0,-0.1240,-0.5512,-5.0172,0.07041,0.01689,-0.01801,0.0,
3033257,1000,1724.0,-0.2070,0.2318,-4.1472,0.00841,-0.00311,0.00499,0.0,
3033277,1000,1724.0,-0.9930,-0.1252,-4.1812,0.01641,-0.08611,-0.02601,0.0,
3033297,1000,1724.0,-0.1610,0.4038,-4.0072,-0.02159,-0.02011,-0.02801,0.0,
3033317,1000,1724.0,0.5350,0.0248,-4.8572,-0.00959,0.04389,-0.00901,0.0,
3033337,1000,1724.0,0.1780,0.4908,-4.2152,-0.04459,0.06389,-0.01801,0.0,
3033357,1000,1724.0,-0.4540,0.0958,-4.0062,0.02041,-0.01511,-0.02801,0.0,
3033377,1000,1724.0,-0.3870,-0.8982,-4.8252,0.07641,-0.04311,-0.03301,0.0,
3033397,1000,1724.0,1.4460,1.3968,-3.7092,-0.12059,0.20289,0.00599,0.0,
3033417,1000,1724.0,0.4770,0.5108,-4.4782,-0.03859,0.05389,-0.03301,0.0,
3033437,1000,1724.0,0.3520,-0.0262,-3.7782,-0.01859,0.02189,-0.02901,0.0,
3033457,1000,1724.0,-0.0380,0.7508,-4.2432,-0.00859,0.02089,-0.01701,0.0,
3033477,1000,1724.0,-0.4240,0.0348,-4.5592,-0.00559,-0.03811,0.01099,0.0,
3033497,1000,1724.0,-0.8500,0.2828,-4.6022,-0.00859,-0.06211,-0.02701,0.0,
3033517,1000,1724.0,-1.2980,-0.0222,-4.7322,0.03741,-0.24411,-0.03701,0.0,
3033537,1000,1724.0,0.7460,-0.3512,-5.0922,0.03241,0.12689,-0.02201,0.0,
3033557,1000,1724.0,-0.9590,-1.8412,-5.0422,0.15541,-0.03211,-0.02301,0.0,
3033577,1000,1724.0,-1.6690,0.5288,-4.3032,-0.03059,-0.20111,-0.02101,0.0,
3033597,1000,1724.0,0.9070,-0.1852,-3.1842,0.02441,0.14089,-0.01201,0.0,
3033617,1000,1724.0,-0.2340,-0.0092,-4.8302,-0.01359,-0.01711,-0.01501,0.0,
3033637,1000,1724.0,-0.1890,-0.2192,-4.8692,-0.00859,-0.01111,-0.01501,0.0,
3033657,1000,1724.0,0.0520,0.8968,-4.3062,-0.07659,0.03489,-0.02301,0.0,
3033677,1000,1724.0,-0.7600,-0.5112,-4.6042,0.06741,-0.06811,-0.01201,0.0,
3033697,1000,1724.0,0.1540,0.0428,-3.5202,-0.00859,0.04689,-0.03501,0.0,
3033717,1000,1724.0,0.1580,0.8668,-3.8562,-0.05559,0.04489,-0.00701,0.0,
3033737,1000,1724.0,-0.6000,0.3468,-4.9102,-0.01859,-0.06811,-0.03401,0.0,
3033757,1000,1724.0,0.3870,-0.2592,-4.9962,0.01741,0.04189,-0.00001,0.0,
3033777,1000,1724.0,-0.4150,0.5328,-3.9662,-0.01059,-0.00111,-0.02501,0.0,
3033797,1000,1724.0,-0.8120,-0.3212,-5.4862,0.01341,-0.06311,-0.02601,0.0,
3033817,1000,1724.0,-1.2890,-0.6072,-5.2332,0.09441,-0.19811,-0.03201,0.0,
3033837,1000,1724.0,-0.2580,-0.1142,-3.9682,0.01941,-0.00111,-0.01201,0.0,
3033857,1000,1724.0,-0.5870,1.1788,-4.8172,-0.10159,-0.02011,-0.01101,0.0,
3033877,1000,1724.0,-0.3620,-0.6352,-3.9602,0.06741,-0.05511,-0.03001,0.0,
3033897,1000,1724.0,0.0380,-0.0112,-4.7162,0.01241,0.03689,0.00199,0.0,
3033917,1000,1724.0,0.0670,-0.1522,-4.6582,0.03341,-0.01811,-0.01501,0.0,
3033937,1000,1724.0,0.3400,0.1648,-3.5482,-0.03559,0.07089,-0.02101,0.0,
3033957,1000,1724.0,0.6210,-0.5262,-3.9482,0.00341,0.11489,-0.01601,0.0,
3033977,1000,1724.0,-0.5100,0.9868,-4.8902,-0.01959,-0.07611,-0.04501,0.0,
3033997,1000,1724.0,0.4590,0.1418,-3.8132,-0.01559,0.07289,-0.02501,0.0,
3034017,1000,1724.0,0.6540,-0.8272,-4.0482,0.04741,0.10489,-0.01201,0.0,
3034037,1000,1724.0,-0.9240,0.8018,-4.2822,-0.05159,-0.08211,-0.01601,0.0,
3034057,1000,1724.0,-0.3200,0.3608,-4.3552,0.02741,-0.04411,-0.04201,0.0,
3034077,1000,1724.0,-0.3860,-0.1162,-4.6132,0.00341,-0.01211,-0.01001,0.0,
3034097,1000,1724.0,-0.9870,0.7968,-5.4622,-0.08059,-0.05911,-0.01901,0.0,
3034117,1000,1724.0,-0.4820,0.6578,-5.6102,-0.03259,-0.07811,-0.01901,0.0,
3034137,1000,1724.0,-0.4260,-0.4442,-4.5602,0.05041,-0.06311,-0.02201,0.0,
3034157,1000,1724.0,-0.5950,0.6468,-4.4922,-0.02459,0.00189,-0.01001,0.0,
3034177,1000,1724.0,0.6280,0.0728,-3.0912,0.00041,0.01989,-0.02301,0.0,
3034197,1000,1724.0,0.2380,-0.3632,-4.3262,-0.00359,0.04389,-0.01901,0.0,
3034217,1000,1724.0,-0.4750,0.5728,-5.1242,-0.01059,-0.02611,-0.01701,0.0,
3034237,1000,1724.0,1.3080,0.6188,-4.2692,-0.04859,0.13889,-0.01301,0.0,
3034257,1000,1724.0,-0.3750,-1.0042,-2.8252,0.05341,0.00389,-0.01101,0.0,
3034277,1000,1724.0,-0.2370,0.4928,-4.2212,-0.04359,-0.00511,-0.00101,0.0,
3034297,1000,1724.0,-0.1450,0.0518,-4.0282,0.00441,0.03089,-0.02601,0.0,
3034317,1000,1724.0,-0.4480,-0.1012,-4.2072,0.01741,-0.03011,-0.02401,0.0,
3034337,1000,1724.0,-0.6510,0.0488,-5.5862,0.02141,-0.05011,-0.02301,0.0,
3034357,1000,1724.0,-0.1180,-0.1482,-3.9542,0.01341,0.01389,-0.01501,0.0,
3034377,1000,1724.0,-0.5820,-0.7592,-4.8012,0.06541,-0.06011,-0.01501,0.0,
3034397,1000,1724.0,-0.5460,0.5798,-6.3672,-0.04459,-0.04511,-0.01401,0.0,
3034417,1000,1724.0,0.0620,0.6118,-4.5982,-0.03959,0.00489,-0.02001,0.0,
3034437,1000,1724.0,0.1630,0.1528,-4.7952,-0.02459,0.00189,-0.00901,0.0,
3034457,1000,1724.0,-0.4290,-0.8732,-4.4762,0.09141,-0.02811,-0.01701,0.0,
3034477,1000,1724.0,-0.4300,1.0118,-3.5812,-0.04059,-0.03011,-0.04201,0.0,
3034497,1000,1724.0,0.1500,-0.2632,-4.4962,-0.00059,0.00589,-0.00801,0.0,
3034517,1000,1724.0,-0.6010,-0.5122,-4.2302,0.03841,-0.01211,-0.01601,0.0,
3034537,1000,1724.0,1.0660,1.6568,-4.4252,-0.13859,0.15689,-0.02201,0.0,
3034557,1000,1724.0,-0.3420,-0.8232,-3.5412,0.06541,-0.04211,-0.02601,0.0,
3034577,1000,1724.0,-0.5710,-0.3642,-4.8702,0.03741,0.02589,0.01199,0.0,
3034597,1000,1724.0,0.2440,0.2608,-3.4692,0.00241,0.04589,-0.02301,0.0,
3034617,1000,1724.0,-0.3730,-0.4902,-4.5692,0.04541,-0.05911,-0.02401,0.0,
3034637,1000,1724.0,0.3340,1.0438,-4.3712,-0.06959,0.03689,-0.01101,0.0,
3034657,1000,1724.0,0.0520,-0.3272,-4.5682,0.05041,-0.05711,-0.02101,0.0,
3034677,1000,1724.0,-1.1440,-0.6192,-4.4692,0.03441,-0.08211,-0.02201,0.0,
3034697,1000,1724.0,-0.2000,0.3698,-5.6742,0.01841,0.02189,-0.03401,0.0,
3034717,1000,1724.0,-0.9090,-0.2222,-5.2892,0.00641,-0.10511,-0.03001,0.0,
3034737,1000,1724.0,-0.6280,0.6228,-4.5122,-0.01959,-0.06111,-0.01901,0.0,
3034757,1000,1724.0,0.0100,0.2418,-3.7782,-0.04559,0.03289,-0.01801,0.0,
3034777,1000,1724.0,0.2290,-0.0752,-4.6932,0.00841,0.01289,-0.01701,0.0,
3034797,1000,1724.0,0.6020,0.9018,-5.3902,-0.03959,0.06389,-0.00401,0.0,
3034817,1000,1724.0,-1.2930,0.3038,-5.1742,-0.00459,-0.11011,-0.00701,0.0,
3034837,1000,1724.0,0.7640,-0.5112,-2.7512,0.02141,0.11789,-0.03901,0.0,
3034857,1000,1724.0,0.2450,-0.4832,-3.5872,0.04141,0.03989,-0.01901,0.0,
3034877,1000,1724.0,-0.6560,1.1518,-4.4952,-0.04559,-0.00411,-0.03701,0.0,
3034897,1000,1724.0,-0.1400,0.5748,-4.0012,-0.06259,-0.01911,0.00599,0.0,
3034917,1000,1724.0,-0.5100,-0.3402,-4.4362,0.02741,-0.00611,-0.03001,0.0,
3034937,1000,1724.0,-0.2750,-0.4502,-3.9162,0.05641,-0.01011,-0.00201,0.0,
3034957,1000,1724.0,0.0180,1.0938,-5.0082,-0.02759,-0.07911,-0.01101,0.0,
3034977,1000,1724.0,-1.3360,0.5408,-5.3452,-0.06259,-0.10311,-0.03201,0.0,
3034997,1000,1724.0,-0.8550,0.1618,-4.6422,-0.02959,0.01089,-0.01901,0.0,
3035017,1000,1724.0,-0.7860,0.1828,-5.7132,0.01641,-0.10311,-0.02401,0.0,
3035037,1000,1724.0,0.9240,-1.0282,-3.7882,0.07341,0.06689,-0.01001,0.0,
3035057,1000,1724.0,-0.7920,-0.2712,-4.6312,0.01441,-0.04611,-0.02401,0.0,
3035077,1000,1724.0,-0.7090,1.0478,-4.2562,-0.08759,-0.08411,-0.02501,0.0,
3035097,1000,1724.0,0.7580,-0.9752,-4.5762,0.10941,0.07789,-0.01901,0.0,
3035117,1000,1724.0,-0.3100,0.0858,-4.7222,0.00941,-0.03611,-0.01701,0.0,
3035137,1000,1724.0,0.0140,0.1998,-4.7592,-0.05559,0.05889,-0.00001,0.0,
3035157,1000,1724.0,0.0190,-0.1702,-2.7042,0.05341,0.01189,-0.03201,0.0,
3035177,1000,1724.0,0.7780,-0.0012,-4.4912,0.02141,0.05889,-0.03301,0.0,
3035197,1000,1724.0,-0.4300,-0.0592,-4.4352,-0.01759,-0.00011,-0.00401,0.0,
3035217,1000,1724.0,0.0080,0.6158,-4.5732,-0.04159,0.01089,-0.01501,0.0,
3035237,1000,1724.0,0.1060,-0.3152,-4.4182,0.04941,0.02489,-0.03601,0.0,
3035257,1000,1724.0,-1.2950,-0.5562,-5.1402,0.06041,-0.11711,-0.00601,0.0,
3035277,1000,1724.0,-0.9250,0.0238,-4.4842,0.00141,-0.07211,-0.00301,0.0,
3035297,1000,1724.0,0.5660,0.4598,-4.8442,-0.04559,0.06189,-0.02601,0.0,
3035317,1000,1724.0,-1.7540,-0.2022,-4.6272,0.03441,-0.18611,-0.01901,0.0,
3035337,1000,1724.0,0.2370,0.1748,-4.5612,0.02341,0.02089,-0.03901,0.0,
3035357,1000,1724.0,0.2190,-0.5212,-4.6592,0.04441,0.02689,-0.02001,0.0,
3035377,1000,1724.0,-0.6110,0.1818,-5.4002,-0.00459,-0.08111,-0.02701,0.0,
3035397,1000,1724.0,0.5580,0.0608,-3.4992,-0.02859,0.11289,0.00999,0.0,
3035417,1000,1724.0,-0.4240,-0.0442,-4.1132,0.03141,0.00389,-0.04101,0.0,
3035437,1000,1724.0,1.0480,0.7608,-4.6282,-0.07759,0.06589,-0.02801,0.0,
3035457,1000,1724.0,0.2110,0.3608,-4.3782,-0.01659,0.05889,-0.00601,0.0,
3035477,1000,1724.0,-0.6440,-0.8542,-4.4502,0.09941,-0.02711,-0.03301,0.0,
3035497,1000,1724.0,0.0330,-0.5782,-3.8052,0.06641,0.05089,-0.03001,0.0,
3035517,1000,1724.0,-0.5490,0.4798,-2.8622,-0.03359,-0.02911,-0.01801,0.0,
3035537,1000,1724.0,-0.7370,1.0558,-5.3772,-0.08759,-0.06611,-0.01701,0.0,
3035557,1000,1724.0,-1.3920,-0.0932,-4.6172,0.03341,-0.07911,-0.01201,0.0,
3035577,1000,1724.0,-0.9300,-0.5892,-4.4212,0.07241,-0.08411,-0.02701,0.0,
3035597,1000,1724.0,-0.2130,0.6678,-4.8852,-0.04359,-0.01711,-0.01701,0.0,
3035617,1000,1724.0,-0.5490,0.5878,-5.4552,-0.02059,-0.04911,-0.01301,0.0,
3035637,1000,1724.0,0.2130,-0.9632,-3.9222,0.05241,0.04989,-0.01301,0.0,
3035657,1000,1724.0,0.6810,0.6298,-4.6182,-0.04859,0.05089,-0.03901,0.0,
3035677,1000,1724.0,0.6300,0.1058,-4.9762,-0.00659,0.02889,-0.02101,0.0,
3035697,1000,1724.0,-0.4750,-0.1812,-5.1972,0.02041,0.00789,0.00799,0.0,
3035717,1000,1724.0,-1.5960,0.4388,-4.0342,-0.02959,-0.08711,-0.02601,0.0,
3035737,1000,1724.0,0.7670,-0.4792,-4.0472,0.06941,0.03089,-0.03701,0.0,
3035757,1000,1724.0,-0.4040,0.6498,-4.5022,-0.07559,0.00289,0.00699,0.0,
3035777,1000,1724.0,-1.3470,0.7938,-5.1802,-0.06459,-0.09311,-0.00601,0.0,
3035797,1000,1724.0,-0.1580,-0.2382,-3.0922,0.00441,0.09289,-0.01201,0.0,
3035817,1000,1724.0,-0.4260,-0.6812,-4.2282,0.06741,-0.06711,-0.02901,0.0,
3035837,1000,1724.0,-0.4680,0.7428,-4.0702,-0.02459,-0.01811,-0.00701,0.0,
3035857,1000,1724.0,-0.1490,-0.1722,-5.2792,0.02241,0.00689,-0.01501,0.0,
3035877,1000,1724.0,-0.6940,-0.3882,-4.3062,0.02641,-0.05411,-0.03201,0.0,
3035897,1000,1724.0,-0.0630,0.1038,-4.1282,0.01941,0.02089,-0.01601,0.0,
3035917,1000,1724.0,-1.3090,1.1478,-5.4512,-0.05959,-0.14411,-0.00601,0.0,
3035937,1000,1724.0,-0.8920,-1.4752,-3.6932,0.08341,-0.07011,-0.01001,0.0,
3035957,1000,1724.0,-0.5150,0.7248,-4.4802,-0.04459,-0.03211,-0.01401,0.0,
3035977,1000,1724.0,0.1380,0.7518,-5.3242,-0.02959,-0.03511,-0.04301,0.0,
3035997,1000,1724.0,-0.0800,-0.7232,-4.8482,0.05741,0.01189,-0.02701,0.0,
3036017,1000,1724.0,-1.4350,1.5858,-4.2902,-0.09559,-0.12011,-0.03601,0.0,
3036037,1000,1724.0,0.2610,-0.9322,-3.6842,0.08641,0.07989,-0.02001,0.0,
3036057,1000,1724.0,-0.0240,-0.5362,-4.7362,0.03941,-0.00811,-0.02601,0.0,
3036077,1000,1724.0,-0.3290,1.0038,-4.6842,-0.10359,0.00289,-0.00401,0.0,
3036097,1000,1724.0,-0.1710,1.4478,-4.2092,-0.11159,0.04889,-0.03001,0.0,
3036117,1000,1724.0,0.0830,-0.8462,-3.7242,0.06241,0.04689,-0.01601,0.0,
3036137,1000,1724.0,-0.0520,-0.3012,-4.1762,0.07741,-0.04211,-0.02301,0.0,
3036157,1000,1724.0,-1.1100,0.7578,-4.9142,-0.04659,-0.07211,-0.02401,0.0,
3036177,1000,1724.0,-0.2820,0.0388,-4.5782,0.01841,0.01189,-0.02501,0.0,
3036197,1000,1724.0,0.4670,-0.5312,-3.2312,0.06741,0.06289,-0.00801,0.0,
3036217,1000,1724.0,-1.6200,0.3608,-5.8782,-0.01859,-0.12511,0.01099,0.0,
3036237,1000,1724.0,-0.4610,-0.2712,-4.9452,0.03941,-0.03811,-0.01301,0.0,
3036257,1000,1724.0,0.3740,-0.0612,-4.2442,0.02941,0.05389,-0.00401,0.0,
3036277,1000,1724.0,-0.7640,0.4488,-5.9872,-0.00959,-0.08311,-0.00901,0.0,
3036297,1000,1724.0,-0.9200,-0.1922,-4.7002,0.03741,-0.05911,0.00399,0.0,
3036317,1000,1724.0,-0.4490,0.8778,-5.4212,-0.11159,-0.02311,0.00699,0.0,
3036337,1000,1724.0,-0.2110,1.1168,-4.8762,-0.12859,0.00689,0.01599,0.0,
3036357,1000,1724.0,-0.4540,-0.3612,-5.0472,0.03941,-0.03311,-0.02601,0.0,
3036377,1000,1724.0,-0.4570,-0.4432,-5.7482,0.04641,-0.01811,-0.01401,0.0,
3036397,1000,1724.0,1.0630,0.2948,-4.1832,-0.00859,0.15089,-0.00601,0.0,
3036417,1000,1724.0,0.6640,1.3028,-3.9242,-0.09159,0.09289,-0.00601,0.0,
3036437,1000,1724.0,-0.4170,-0.8422,-5.3652,0.09241,-0.00811,-0.00001,0.0,
3036457,1000,1724.0,-0.2800,0.2068,-4.6172,-0.00459,0.02989,-0.00401,0.0,
3036477,1000,1724.0,0.1000,0.0988,-6.3092,-0.02059,0.02489,0.00399,0.0,
3036497,1000,1724.0,-0.7530,-0.3852,-4.1242,0.05141,-0.05711,0.01499,0.0,
3036517,1000,1724.0,-1.5230,0.5178,-5.9242,0.00841,-0.14511,-0.00701,0.0,
3036537,1000,1724.0,0.0830,0.2738,-5.5702,-0.02759,0.00389,-0.02301,0.0,
3036557,1000,1724.0,-1.2150,-0.8432,-5.3572,0.10141,-0.06211,-0.01701,0.0,
3036577,1000,1724.0,-1.6540,-0.4262,-6.4212,0.02441,-0.17111,0.03399,0.0,
3036597,1000,1724.0,0.3340,0.7618,-6.1322,-0.05159,0.00989,-0.01301,0.0,
3036617,1000,1724.0,-0.0680,-0.5412,-4.3272,0.05141,0.04389,-0.03201,0.0,
3036637,1000,1724.0,-0.0080,0.0028,-5.6362,0.01141,0.01489,-0.02101,0.0,
3036657,1000,1724.0,0.1360,0.6388,-4.5682,-0.05359,0.00889,0.00899,0.0,
3036677,1000,1724.0,0.4120,-0.1142,-4.4842,0.00741,0.07689,0.00399,0.0,
3036697,1000,1724.0,0.7790,-0.7792,-4.6162,0.04841,0.12989,-0.02301,0.0,
3036717,1000,1724.0,-0.1880,-0.1222,-4.6162,0.00441,0.02889,-0.01201,0.0,
3036737,1000,1724.0,-0.2410,1.2268,-6.0892,-0.06459,-0.01511,0.00499,0.0,
3036757,1000,1724.0,-0.7990,-0.6122,-4.8612,0.06941,-0.05011,-0.00101,0.0,
3036777,1000,1724.0,-0.6320,-0.1662,-4.9452,0.01841,-0.02411,-0.02601,0.0,
3036797,1000,1724.0,-1.5330,-0.0612,-5.3202,0.03441,-0.11311,-0.01901,0.0,
3036817,1000,1724.0,-0.7350,-0.4262,-5.9662,0.06841,-0.05311,0.01399,0.0,
3036837,1000,1724.0,-0.0550,0.2988,-4.6532,-0.01859,0.01689,-0.00901,0.0,
3036857,1000,1724.0,0.3520,0.4098,-4.8272,-0.05559,0.02189,0.00299,0.0,
3036877,1000,1724.0,-0.7440,-0.3952,-5.8532,0.06341,-0.02011,-0.00801,0.0,
3036897,1000,1724.0,0.6390,-0.3272,-4.6732,-0.00659,0.05589,-0.01001,0.0,
3036917,1000,1724.0,-0.2780,0.5758,-5.3172,-0.04659,-0.02111,0.01699,0.0,
3036937,1000,1724.0,0.7610,-0.5652,-4.4322,0.04141,0.10089,-0.04001,0.0,
3036957,1000,1724.0,0.1700,0.3008,-5.7912,0.00741,0.00589,-0.02301,0.0,
3036977,1000,1724.0,0.5790,0.2088,-4.1722,-0.04859,0.02589,0.01199,0.0,
3036997,1000,1724.0,1.6100,-0.3522,-4.4042,0.03841,0.21289,-0.00301,0.0,
3037017,1000,1724.0,0.7950,-0.4692,-4.5642,0.03341,0.11089,-0.01401,0.0,
3037037,1000,1724.0,-1.3680,0.4218,-6.0222,-0.02559,-0.10011,-0.01301,0.0,
3037057,1000,1724.0,-0.9100,0.9578,-4.0972,-0.04259,-0.03011,-0.00401,0.0,
3037077,1000,1724.0,0.4610,-0.4232,-5.2042,0.02941,0.08489,-0.00301,0.0,
3037097,1000,1724.0,0.1430,-0.2742,-4.8642,0.03041,0.02889,-0.00901,0.0,
3037117,1000,1724.0,-2.7720,0.1918,-6.6232,0.00941,-0.19211,0.02299,0.0,
3037137,1000,1724.0,0.0560,0.3978,-4.9932,-0.04359,0.01389,0.00099,0.0,
3037157,1000,1724.0,-0.5420,0.6088,-5.9592,-0.04159,-0.03911,-0.01301,0.0,
3037177,1000,1724.0,-1.0440,0.5608,-6.7032,-0.01559,-0.08611,0.01499,0.0,
3037197,1000,1724.0,-1.3250,-0.4882,-5.3552,0.07041,-0.12411,-0.02501,0.0,
3037217,1000,1724.0,0.2480,0.9368,-4.9882,-0.11459,0.00389,0.00899,0.0,
3037237,1000,1724.0,0.6110,-0.7812,-5.3172,0.07041,0.06389,0.00299,0.0,
3037257,1000,1724.0,1.0330,0.1588,-5.8732,0.00941,0.12689,-0.02601,0.0,
3037277,1000,1724.0,-0.2490,0.7608,-5.9882,-0.06759,-0.01611,0.00299,0.0,
3037297,1000,1724.0,0.4380,-0.9172,-3.3112,0.03941,0.09189,0.00199,0.0,
3037317,1000,1724.0,0.7800,-0.0972,-5.0682,-0.00159,0.11289,-0.01201,0.0,
3037337,1000,1724.0,-0.0250,-0.3112,-5.5492,0.07041,-0.00711,-0.01701,0.0,
3037357,1000,1724.0,0.0330,1.1378,-5.4012,-0.08059,0.05489,0.02199,0.0,
3037377,1000,1724.0,-1.1940,0.2548,-5.1642,-0.03059,-0.06611,-0.02501,0.0,
3037397,1000,1724.0,-0.5620,-0.3972,-5.0732,0.01441,-0.04711,0.00099,0.0,
3037417,1000,1724.0,-1.7090,0.1918,-5.3522,0.04841,-0.13011,-0.00101,0.0,
3037437,1000,1724.0,-1.2680,0.6588,-6.1112,-0.06559,-0.08211,0.01799,0.0,
3037457,1000,1724.0,-1.1280,-0.5192,-4.7212,0.05941,-0.07111,-0.01601,0.0,
3037477,1000,1724.0,0.3600,-0.2462,-5.7682,0.05441,-0.00211,-0.02101,0.0,
3037497,1000,1724.0,-0.1010,0.0738,-4.9282,0.02341,0.02889,-0.02001,0.0,
3037517,1000,1724.0,0.2500,0.1238,-5.3852,-0.01859,0.01789,-0.01201,0.0,
3037537,1000,1724.0,-0.2080,-0.5882,-5.1492,0.03841,-0.01411,0.00999,0.0,
3037557,1000,1724.0,-0.5090,-0.0492,-4.9232,-0.01459,0.00589,-0.00601,0.0,
3037577,1000,1724.0,0.2770,0.4788,-5.6012,-0.02759,0.02889,-0.02101,0.0,
3037597,1000,1724.0,-0.1010,0.5948,-4.5812,-0.06059,-0.03311,-0.00001,0.0,
3037617,1000,1724.0,0.0650,-0.4052,-4.6282,0.01341,0.05089,-0.00101,0.0,
3037637,1000,1724.0,0.8940,0.3968,-5.6872,-0.03859,0.08889,-0.01201,0.0,
3037657,1000,1724.0,-0.5200,0.5088,-4.2422,-0.02259,0.02189,0.01399,0.0,
3037677,1000,1724.0,-0.1270,0.7988,-4.6852,-0.06559,0.01289,0.00199,0.0,
3037697,1000,1724.0,0.0360,-1.1782,-4.9822,0.07341,0.09489,-0.03301,0.0,
3037717,1000,1724.0,0.3160,0.5458,-5.3892,0.00641,0.01289,0.00699,0.0,
3037737,1000,1724.0,-1.2050,0.5268,-5.0062,-0.00559,-0.07311,-0.01301,0.0,
3037757,1000,1724.0,-0.1650,-0.2292,-5.1842,-0.00359,0.01489,0.00799,0.0,
3037777,1000,1724.0,-0.6800,-0.2842,-5.2792,0.05241,-0.11411,-0.00201,0.0,
3037797,1000,1724.0,-0.9080,0.7558,-6.3842,-0.02859,-0.08811,-0.00101,0.0,
3037817,1000,1724.0,-0.8330,0.0008,-4.6342,0.01841,-0.00011,-0.02201,0.0,
3037837,1000,1724.0,-2.0580,-0.0772,-7.8952,0.02841,-0.18611,0.03699,0.0,
3037857,1000,1724.0,-0.3180,0.2608,-5.0142,-0.01659,-0.02011,-0.03101,0.0,
3037877,1000,1724.0,-1.0030,0.0348,-5.3202,0.01041,-0.06011,-0.01801,0.0,
3037897,1000,1724.0,0.0460,1.3118,-5.8532,-0.07259,-0.01611,0.01299,0.0,
3037917,1000,1724.0,1.3640,-1.1612,-4.0672,0.05941,0.12789,-0.00701,0.0,
3037937,1000,1724.0,-0.7570,0.1908,-5.7432,-0.00759,-0.06111,-0.02201,0.0,
3037957,1000,1724.0,0.2550,0.9488,-5.1732,-0.06559,0.06189,-0.00401,0.0,
3037977,1000,1724.0,0.4580,0.0088,-4.4232,-0.01859,0.10589,0.01899,0.0,
3037997,1000,1724.0,0.7140,-0.2622,-4.8712,0.01341,0.07589,-0.00701,0.0,
3038017,1000,1724.0,0.3800,0.4728,-5.3632,-0.03159,0.03589,-0.01501,0.0,
3038037,1000,1724.0,-0.4100,-0.3472,-5.0672,0.01541,-0.01211,0.00699,0.0,
3038057,1000,1724.0,0.0110,0.2518,-4.7672,-0.05059,0.02389,-0.01301,0.0,
3038077,1000,1724.0,-0.5830,-0.5462,-4.7222,0.07441,-0.00711,0.01199,0.0,
3038097,1000,1724.0,-0.5130,0.6158,-5.7022,-0.02159,-0.04711,-0.02001,0.0,
3038117,1000,1724.0,0.3690,-0.2342,-4.6302,0.03141,0.04689,-0.01201,0.0,
3038137,1000,1724.0,-1.9160,-1.0282,-5.5042,0.09941,-0.13711,0.01399,0.0,
3038157,1000,1724.0,0.6410,-0.0982,-5.5242,-0.00459,0.07589,0.00199,0.0,
3038177,1000,1724.0,-0.2640,0.4888,-4.6452,-0.00259,-0.01311,-0.01601,0.0,
3038197,1000,1724.0,-2.0000,0.1548,-5.7322,-0.01859,-0.16811,-0.00501,0.0,
3038217,1000,1724.0,0.1030,-1.2732,-5.9592,0.07841,0.00389,0.00199,0.0,
3038237,1000,1724.0,1.5540,-0.3092,-4.6582,0.03741,0.10389,0.00699,0.0,
3038257,1000,1724.0,-0.6490,0.1878,-6.3272,0.00441,-0.03911,-0.02301,0.0,
3038277,1000,1724.0,-0.5460,-0.2722,-4.1842,-0.00159,-0.01811,-0.00401,0.0,
3038297,1000,1724.0,0.7220,0.3258,-6.3362,-0.04159,0.08789,-0.00301,0.0,
3038317,1000,1724.0,-0.3250,-0.3382,-4.3072,0.03941,0.07289,0.00299,0.0,
3038337,1000,1724.0,-0.2760,0.2548,-5.2952,-0.01859,-0.02111,-0.01301,0.0,
3038357,1000,1724.0,0.2220,0.2078,-5.4982,-0.01259,-0.05411,-0.00201,0.0,
3038377,1000,1724.0,1.7110,0.9358,-4.4792,-0.05659,0.25689,-0.00201,0.0,
3038397,1000,1724.0,0.8180,0.6788,-5.1232,-0.02959,0.09589,-0.03401,0.0,
3038417,1000,1724.0,-1.0670,0.2738,-5.6592,0.02541,-0.10211,0.00099,0.0,
3038437,1000,1724.0,-1.1880,-1.3432,-4.7222,0.08241,-0.05311,-0.00401,0.0,
3038457,1000,1724.0,0.0530,0.9978,-5.6632,-0.08559,0.02189,-0.00901,0.0,
3038477,1000,1724.0,0.6640,0.6758,-5.0682,-0.03159,0.06689,0.00099,0.0,
3038497,1000,1724.0,-1.0630,-0.8682,-5.4742,0.11341,-0.07211,0.00799,0.0,
3038517,1000,1724.0,-0.6340,0.2838,-6.4822,-0.03459,-0.03611,-0.02601,0.0,
3038537,1000,1724.0,0.2300,-0.6482,-4.3622,0.09441,-0.05411,-0.00801,0.0,
3038557,1000,1724.0,-1.7340,0.5658,-5.6672,-0.01459,-0.08011,0.02399,0.0,
3038577,1000,1724.0,-0.8300,-0.5132,-5.3082,0.05641,-0.03911,-0.01701,0.0,
3038597,1000,1724.0,0.1470,1.0428,-5.7692,-0.08859,0.02589,0.00299,0.0,
3038617,1000,1724.0,-0.2470,-0.3012,-4.8082,0.03341,0.00689,-0.01401,0.0,
3038637,1000,1724.0,0.0930,-0.0872,-4.8442,-0.00259,-0.00111,-0.00701,0.0,
3038657,1000,1724.0,0.0530,-0.6352,-5.6432,0.05541,-0.00111,-0.00001,0.0,
3038677,1000,1724.0,0.0190,0.5338,-3.6922,-0.07759,0.05389,-0.01301,0.0,
3038697,1000,1724.0,0.5030,0.2378,-5.3242,-0.01159,0.06289,-0.01201,0.0,
3038717,1000,1724.0,-0.9680,0.2728,-6.2672,0.00241,-0.09611,-0.01301,0.0,
3038737,1000,1724.0,1.2200,-0.9992,-3.1592,0.05141,0.14589,-0.00101,0.0,
3038757,1000,1724.0,0.0970,0.0548,-5.2142,-0.00959,0.02989,-0.00501,0.0,
3038777,1000,1724.0,-0.1480,0.3258,-5.6572,-0.01159,-0.02011,-0.00601,0.0,
3038797,1000,1724.0,-0.6760,-0.1552,-5.5212,0.04041,0.02489,-0.00901,0.0,
3038817,1000,1724.0,0.4440,0.8548,-5.8652,-0.09359,0.06689,-0.00501,0.0,
3038837,1000,1724.0,-0.1420,-0.1482,-4.2282,0.04041,-0.00311,-0.01601,0.0,
3038857,1000,1724.0,-2.0190,-1.3752,-5.9182,0.10841,-0.19311,0.02599,0.0,
3038877,1000,1724.0,0.1690,0.8388,-6.1662,-0.06459,0.02989,-0.01601,0.0,
3038897,1000,1724.0,-0.8490,-0.1322,-5.3272,0.06241,-0.03411,-0.00201,0.0,
3038917,1000,1724.0,-0.7880,0.3808,-6.1592,0.01641,-0.11811,0.00999,0.0,
3038937,1000,1724.0,-0.6490,-0.2162,-5.2032,0.01341,-0.10611,-0.02901,0.0,
3038957,1000,1724.0,-1.2740,-0.2622,-5.4182,0.01941,-0.03911,0.02899,0.0,
3038977,1000,1724.0,0.8840,0.4318,-4.9532,0.00841,0.07589,-0.01201,0.0,
3038997,1000,1724.0,1.1860,0.7148,-4.9562,-0.03959,0.10789,-0.00901,0.0,
3039017,1000,1724.0,-1.1960,-0.1372,-5.8932,0.02241,-0.07111,-0.00401,0.0,
3039037,1000,1724.0,1.3720,-0.7772,-3.9952,0.04141,0.17089,-0.01501,0.0,
3039057,1000,1724.0,0.0840,0.2418,-4.8302,-0.01759,0.01389,-0.00801,0.0,
3039077,1000,1724.0,-0.1610,-0.0162,-5.6612,-0.00459,0.00089,-0.00301,0.0,
3039097,1000,1724.0,-0.0230,0.3888,-5.1952,-0.04759,0.07189,-0.00901,0.0,
3039117,1000,1724.0,-0.2210,-0.2522,-4.9992,0.01741,0.00189,-0.01501,0.0,
3039137,1000,1724.0,0.1940,0.7958,-4.8792,-0.06759,0.01589,0.00199,0.0,
3039157,1000,1724.0,-0.3240,-0.2562,-5.0802,0.03441,-0.00311,-0.00901,0.0,
3039177,1000,1724.0,-0.1090,0.3218,-5.4992,-0.01059,-0.01011,-0.02201,0.0,
3039197,1000,1724.0,-0.4330,0.0038,-4.6112,0.01341,0.00689,-0.01301,0.0,
3039217,1000,1724.0,-0.8160,0.1898,-5.9032,0.01041,-0.04611,0.02699,0.0,
3039237,1000,1724.0,0.1380,-0.0282,-5.4662,0.01641,-0.00811,-0.02901,0.0,
3039257,1000,1724.0,-0.8300,-1.1612,-4.3812,0.09841,-0.06411,-0.01701,0.0,
3039277,1000,1724.0,-0.6120,-0.2712,-5.8372,0.01541,-0.03411,0.01599,0.0,
3039297,1000,1724.0,0.1320,1.1178,-5.4942,-0.04159,0.00689,0.00699,0.0,
3039317,1000,1724.0,-0.3990,-0.1002,-4.6682,0.01641,-0.01011,-0.02101,0.0,
3039337,1000,1724.0,-1.3290,-0.8932,-6.2582,0.07841,-0.11011,-0.01701,0.0,
3039357,1000,1724.0,1.0760,0.3238,-4.7652,-0.05459,0.08089,0.00299,0.0,
3039377,1000,1724.0,-0.8840,-0.1782,-6.0092,0.06741,-0.06111,-0.00501,0.0,
3039397,1000,1724.0,0.6160,-0.2922,-4.3762,-0.01159,0.07189,-0.01201,0.0,
3039417,1000,1724.0,0.2690,0.9998,-4.9432,-0.07459,0.04689,-0.02901,0.0,
3039437,1000,1724.0,0.4160,-0.1882,-5.2272,0.01441,0.06289,0.00999,0.0,
3039457,1000,1724.0,0.4600,-0.3512,-6.1522,0.04341,0.09689,-0.01301,0.0,
3039477,1000,1724.0,-0.3780,0.3428,-4.5482,-0.01459,-0.07411,-0.01101,0.0,
3039497,1000,1724.0,-0.1090,-0.2112,-5.3892,-0.00559,0.05089,0.01499,0.0,
3039517,1000,1724.0,-1.3930,0.9728,-5.3392,-0.05359,-0.11111,-0.01801,0.0,
3039537,1000,1724.0,-0.6190,0.3228,-6.3902,-0.00859,-0.06611,-0.02601,0.0,
3039557,1000,1724.0,0.2720,-0.8462,-5.0222,0.08741,0.04989,0.00099,0.0,
3039577,1000,1724.0,-1.5920,-0.5262,-6.4632,0.02741,-0.14511,0.00399,0.0,
3039597,1000,1724.0,-0.2680,0.6578,-5.4112,-0.05259,-0.02411,-0.02101,0.0,
3039617,1000,1724.0,-0.3210,0.6718,-5.0032,0.00141,-0.02311,-0.01101,0.0,
3039637,1000,1724.0,0.5540,-0.5412,-4.8662,0.05641,0.06489,0.00499,0.0,
3039657,1000,1724.0,-1.0500,0.4178,-4.7222,-0.04659,-0.09111,-0.00201,0.0,
3039677,1000,1724.0,-0.4510,0.8678,-5.6512,-0.02959,0.03789,-0.01501,0.0,
3039697,1000,1724.0,0.9460,-0.8742,-4.9962,0.05541,0.04489,-0.00901,0.0,
3039717,1000,1724.0,0.2610,0.1358,-4.9082,-0.02959,0.05489,0.00399,0.0,
3039737,1000,1724.0,0.5730,-0.3712,-4.2042,0.01241,0.08089,-0.00901,0.0,
3039757,1000,1724.0,-0.1720,0.0138,-5.2992,0.00441,0.03489,0.00099,0.0,
3039777,1000,1724.0,0.2500,-0.4102,-5.3572,0.01141,0.01989,-0.02001,0.0,
3039797,1000,1724.0,-0.9890,-0.0212,-5.1232,0.02341,-0.09111,-0.00801,0.0,
3039817,1000,1724.0,0.5090,-0.3852,-4.7542,0.05941,0.07489,-0.00401,0.0,
3039837,1000,1724.0,-0.2560,0.5738,-5.5632,-0.04959,-0.00011,-0.00001,0.0,
3039857,1000,1724.0,0.2760,0.4048,-5.2082,-0.05159,0.03989,-0.00901,0.0,
3039877,1000,1724.0,-0.9060,-1.1332,-5.5202,0.13641,-0.06811,-0.00901,0.0,
3039897,1000,1724.0,-0.5750,0.3398,-5.2342,-0.04259,-0.05611,-0.00301,0.0,
3039917,1000,1724.0,0.3770,-0.4032,-5.3092,0.03641,0.04789,0.00899,0.0,
3039937,1000,1724.0,-1.2630,-0.2762,-4.9272,0.02341,-0.08411,-0.01101,0.0,
3039957,1000,1724.0,-0.4030,0.1898,-5.9922,-0.00059,-0.05011,-0.02701,0.0,
3039977,1000,1724.0,0.2910,0.4288,-4.6882,-0.04359,0.01489,0.01799,0.0,
3039997,1000,1724.0,-0.2670,-0.2902,-5.6432,0.04241,-0.01311,-0.00201,0.0,
3040017,1000,1724.0,-0.6080,-0.1722,-4.9162,-0.00259,-0.04511,-0.00601,0.0,
3040037,1000,1724.0,0.1370,0.7778,-5.0412,-0.03359,0.04089,-0.00701,0.0,
3040057,1000,1724.0,0.8870,0.4188,-5.1052,0.01441,0.11289,-0.00501,0.0,
3040077,1000,1724.0,0.3660,0.1018,-6.4732,-0.02459,0.15389,-0.00401,0.0,
3040097,1000,1724.0,-0.3310,-0.3162,-4.0612,0.01741,-0.08011,-0.00501,0.0,
3040117,1000,1724.0,0.3300,-0.5482,-5.2072,0.06741,0.05289,0.00299,0.0,
3040137,1000,1724.0,0.6890,0.7808,-4.5532,-0.06059,0.08789,-0.01301,0.0,
3040157,1000,1724.0,-0.1110,1.4088,-6.6142,-0.08359,0.03989,-0.00901,0.0,
3040177,1000,1724.0,-2.2160,-1.2682,-5.7332,0.10141,-0.18511,-0.00701,0.0,
3040197,1000,1724.0,-1.0780,0.2918,-5.8272,-0.04959,-0.10911,-0.01301,0.0,
3040217,1000,1724.0,0.8430,0.8598,-4.5812,-0.06359,0.08189,0.03499,0.0,
3040237,1000,1724.0,-1.4640,0.5748,-7.3202,0.00641,-0.09011,-0.00201,0.0,
3040257,1000,1724.0,0.4240,-0.6312,-5.4112,0.04341,-0.01311,0.03299,0.0,
3040277,1000,1724.0,-0.2170,0.8338,-5.4282,-0.07459,0.04689,-0.00801,0.0,
3040297,1000,1724.0,-0.0240,-0.7952,-5.9702,0.10041,-0.08311,0.03699,0.0,
3040317,1000,1724.0,-0.5240,0.6188,-6.2592,-0.01459,0.08489,0.00699,0.0,
3040337,1000,1724.0,0.1090,-0.3032,-5.3662,0.01341,0.01989,-0.01101,0.0,
3040357,1000,1724.0,1.9510,-0.0532,-3.9672,-0.04059,0.18589,0.00799,0.0,
3040377,1000,1724.0,0.6600,1.0338,-6.7462,-0.02659,0.14289,0.02299,0.0,
3040397,1000,1724.0,-3.2550,-2.2682,-6.5152,0.16841,-0.27911,-0.00701,0.0,
3040417,1000,1724.0,0.2540,-1.2412,-5.5222,0.11841,0.03289,-0.00501,0.0,
3040437,1000,1724.0,0.9480,1.7088,-6.0962,-0.13059,0.15489,0.02499,0.0,
3040457,1000,1724.0,0.3850,0.3778,-5.4382,-0.05759,0.01289,-0.00301,0.0,
3040477,1000,1724.0,-4.2360,-0.5482,-8.0462,0.03841,-0.40911,0.00399,0.0,
3040497,1000,1724.0,0.7420,-0.1262,-6.3372,0.08041,0.11989,0.00899,0.0,
3040517,1000,1724.0,0.8380,-0.1762,-5.8732,0.01941,0.05389,0.03099,0.0,
3040537,1000,1724.0,-2.1590,-0.7262,-6.9972,-0.00059,-0.17211,0.01699,0.0,
3040557,1000,1724.0,-0.7800,2.6158,-6.6072,-0.16159,-0.05411,-0.06301,0.0,
3040577,1000,1724.0,1.3970,0.9088,-6.3352,-0.05959,0.24589,-0.00601,0.0,
3040597,1000,1724.0,1.0260,-1.4352,-5.9942,0.09141,0.06189,0.00299,0.0,
3040617,1000,1724.0,0.6720,-1.1652,-3.8762,0.05741,0.03589,0.03199,0.0,
3040637,1000,1724.0,-1.1170,2.0588,-6.3652,-0.08059,0.02589,0.00599,0.0,
3040657,1000,1724.0,1.0070,-2.5992,-5.7742,0.20841,0.15189,0.00799,0.0,
3040677,1000,1724.0,1.1040,-1.5762,-4.7402,0.07741,0.10589,-0.00001,0.0,
3040697,1000,1724.0,0.8760,1.5528,-5.1982,-0.09159,0.08389,-0.00701,0.0,
3040717,1000,1724.0,-0.7380,1.5228,-5.5772,-0.12359,-0.02911,-0.00801,0.0,
3040737,1000,1724.0,-1.7090,-2.2842,-6.9732,0.20241,-0.14211,0.03199,0.0,
3040757,1000,1724.0,0.2050,-0.8792,-6.3272,0.07541,0.05689,0.00499,0.0,
3040777,1000,1724.0,-0.7810,-0.0092,-6.2142,0.01741,-0.03511,-0.00001,0.0,
3040797,1000,1724.0,-0.5930,-1.8532,-6.4332,0.10841,-0.11211,0.02099,0.0,
3040817,1000,1724.0,0.1650,1.4358,-6.1712,-0.10359,-0.05711,-0.00101,0.0,
3040837,1000,1724.0,-0.6820,1.7208,-7.5942,-0.11059,0.08289,-0.04901,0.0,
3040857,1000,1724.0,-0.2510,-1.3122,-6.0902,0.09841,-0.03711,-0.02101,0.0,
3040877,1000,1724.0,-0.2370,-1.6002,-5.9042,0.06941,-0.07211,0.05799,0.0,
3040897,1000,1724.0,-1.3710,2.3098,-6.8802,-0.11059,0.07789,0.00999,0.0,
3040917,1000,1724.0,-0.1250,-0.9792,-4.7492,0.11141,0.01689,-0.03501,0.0,
3040937,1000,1724.0,0.3710,-1.4392,-5.2632,0.07541,-0.04811,-0.02201,0.0,
3040957,1000,1724.0,2.6850,0.1478,-5.1622,-0.05259,0.31389,0.00499,0.0,
3040977,1000,1724.0,-0.7640,1.1498,-4.8642,-0.05559,-0.01211,0.01899,0.0,
3040997,1000,1724.0,-2.6980,-2.0112,-6.6962,0.16741,-0.28611,-0.00901,0.0,
3041017,1000,1724.0,-1.3510,-1.4822,-5.6622,0.11141,-0.05011,0.01099,0.0,
3041037,1000,1724.0,1.1140,0.1738,-5.4372,-0.01359,0.18889,0.01699,0.0,
3041057,1000,1724.0,0.7790,-0.0742,-7.4372,0.02841,0.01089,0.00799,0.0,
3041077,1000,1724.0,-3.2550,1.1008,-7.2562,-0.09459,-0.37111,-0.03001,0.0,
3041097,1000,1724.0,-0.8720,0.4568,-5.4232,-0.04159,0.00889,-0.01301,0.0,
3041117,1000,1724.0,0.6620,-0.5152,-5.9432,0.03541,0.04989,0.00399,0.0,
3041137,1000,1724.0,-1.3560,-1.8162,-8.4352,0.12641,-0.11411,0.05299,0.0,
3041157,1000,1724.0,-1.4500,2.0208,-6.6892,-0.11259,-0.12311,-0.00501,0.0,
3041177,1000,1724.0,0.1370,0.7948,-5.9102,-0.08259,0.17989,-0.02301,0.0,
3041197,1000,1724.0,1.0090,-1.4652,-5.6742,0.11641,0.12889,-0.02401,0.0,
3041217,1000,1724.0,1.3640,0.4458,-5.4372,-0.08059,0.12589,0.00399,0.0,
3041237,1000,1724.0,-0.6720,1.2428,-6.7732,-0.01459,-0.07511,0.00199,0.0,
3041257,1000,1724.0,-2.0920,-2.1502,-4.2922,0.16241,-0.10911,0.01399,0.0,
3041277,1000,1724.0,-0.4730,-2.0532,-5.4322,0.15141,-0.00211,0.01999,0.0,
3041297,1000,1724.0,1.8620,1.5718,-5.4862,-0.04959,0.20189,0.01499,0.0,
3041317,1000,1724.0,-0.5830,0.8778,-6.6932,-0.10359,-0.06711,-0.00001,0.0,
3041337,1000,1724.0,-3.0860,-0.6022,-6.5172,0.00441,-0.29911,-0.02101,0.0,
3041357,1000,1724.0,0.0350,-0.5882,-5.7802,0.03141,0.04789,0.00499,0.0,
3041377,1000,1724.0,-0.0740,-0.2082,-7.0422,0.06841,0.00389,0.00599,0.0,
3041397,1000,1724.0,-1.3070,-1.4122,-7.2782,0.14741,-0.16111,0.01799,0.0,
3041417,1000,1724.0,-2.2580,1.6418,-5.5952,-0.16559,-0.17511,0.02399,0.0,
3041437,1000,1724.0,0.0350,1.8758,-6.3572,-0.11759,0.05889,-0.03301,0.0,
3041457,1000,1724.0,1.8900,-0.1472,-5.9082,-0.00059,0.14089,-0.01901,0.0,
3041477,1000,1724.0,0.5880,-0.8722,-6.5352,0.00641,0.01089,0.02399,0.0,
3041497,1000,1724.0,-0.2410,1.4908,-5.9462,-0.06159,0.12389,0.01799,0.0,
3041517,1000,1724.0,-2.2630,0.4258,-5.0562,0.00641,-0.14711,-0.00201,0.0,
3041537,1000,1724.0,0.4740,-1.7622,-6.1812,0.17441,0.03989,0.00799,0.0,
3041557,1000,1724.0,2.1140,0.7188,-6.1312,-0.04659,0.25089,0.01599,0.0,
3041577,1000,1724.0,-0.3390,1.5908,-5.9082,-0.18259,0.02289,-0.02001,0.0,
3041597,1000,1724.0,-1.9680,-0.4972,-6.1932,0.01541,-0.25111,-0.02301,0.0,
3041617,1000,1724.0,-0.5180,-0.7182,-5.9122,0.09641,-0.02011,0.02899,0.0,
3041637,1000,1724.0,0.2260,-0.3332,-6.0792,0.04441,0.11589,0.03299,0.0,
3041657,1000,1724.0,-0.2100,-0.7702,-6.7242,0.10441,-0.05711,-0.00201,0.0,
3041677,1000,1724.0,-3.5020,0.6198,-6.7202,-0.05059,-0.39711,0.00199,0.0,
3041697,1000,1724.0,0.8280,1.3588,-5.8862,-0.09559,0.09289,0.01399,0.0,
3041717,1000,1724.0,1.0680,0.1108,-6.4982,-0.05959,0.14589,-0.01201,0.0,
3041737,1000,1724.0,-0.2980,-2.0892,-5.8262,0.13741,-0.08011,0.00499,0.0,
3041757,1000,1724.0,-2.0740,1.2608,-6.8452,-0.05459,-0.17011,0.01499,0.0,
3041777,1000,1724.0,1.3020,1.1808,-4.7892,-0.05159,0.22589,0.04199,0.0,
3041797,1000,1724.0,0.9570,-2.4282,-3.8822,0.19441,0.13989,-0.01901,0.0,
3041817,1000,1724.0,2.0850,-0.5082,-6.1552,-0.00859,0.17089,-0.01601,0.0,
3041837,1000,1724.0,-0.4970,3.1238,-6.4552,-0.25559,-0.00011,0.00699,0.0,
3041857,1000,1724.0,-1.2680,0.7738,-6.1622,-0.05659,-0.08811,0.01099,0.0,
3041877,1000,1724.0,-1.6100,-1.5632,-6.5902,0.15941,-0.13411,0.01599,0.0,
3041897,1000,1724.0,0.5690,0.2978,-4.7782,0.03241,0.12589,0.00699,0.0,
3041917,1000,1724.0,-1.1400,-0.0712,-7.6642,0.01941,-0.11211,0.00299,0.0,
3041937,1000,1724.0,-1.1010,0.0838,-6.7712,0.00241,-0.14011,0.02799,0.0,
3041957,1000,1724.0,-0.8820,0.2458,-6.2752,-0.04559,-0.04511,-0.01001,0.0,
3041977,1000,1724.0,0.3730,0.6158,-6.1812,-0.08159,0.01489,-0.01301,0.0,
3041997,1000,1724.0,-0.3450,-2.0682,-6.5132,0.16841,-0.01811,0.01099,0.0,
3042017,1000,1724.0,-0.8700,-0.1102,-6.4802,0.05641,-0.07111,0.04799,0.0,
3042037,1000,1724.0,-1.0960,1.7218,-5.3762,-0.07859,-0.02511,0.01199,0.0,
3042057,1000,1724.0,1.2510,0.0258,-4.6612,-0.06959,0.10389,-0.00101,0.0,
3042077,1000,1724.0,2.0500,-2.2412,-6.5332,0.11541,0.16689,-0.02001,0.0,
3042097,1000,1724.0,0.6130,2.7448,-5.3542,-0.22159,0.13589,0.02099,0.0,
3042117,1000,1724.0,-1.6810,1.6758,-6.6592,-0.05259,-0.13311,0.00499,0.0,
3042137,1000,1724.0,-1.1710,-2.0122,-6.2002,0.14541,-0.05611,0.01099,0.0,
3042157,1000,1724.0,0.7840,-0.6462,-5.7312,0.08741,0.16189,0.01899,0.0,
3042177,1000,1724.0,-0.4860,1.8758,-7.3482,-0.11659,-0.01411,0.02599,0.0,
3042197,1000,1724.0,-1.4170,0.0558,-5.8782,-0.03359,-0.17811,-0.00401,0.0,
3042217,1000,1724.0,-1.1480,-0.7352,-6.5372,0.02541,-0.10511,-0.01301,0.0,
3042237,1000,1724.0,0.7530,0.9988,-5.8352,-0.04959,0.12489,0.01799,0.0,
3042257,1000,1724.0,0.0790,-1.0432,-6.8892,0.15941,-0.03111,-0.00901,0.0,
3042277,1000,1724.0,-2.9020,-1.0822,-6.0442,0.12441,-0.30111,0.02799,0.0,
3042297,1000,1724.0,-0.8590,1.5588,-6.3372,-0.15859,-0.04211,0.02199,0.0,
3042317,1000,1724.0,1.8220,0.3428,-4.4752,-0.11459,0.19789,-0.00201,0.0,
3042337,1000,1724.0,1.5880,-1.7102,-6.7722,0.10241,0.08189,-0.01801,0.0,
3042357,1000,1724.0,-0.5750,0.7478,-6.2972,-0.06259,-0.00011,0.00199,0.0,
3042377,1000,1724.0,-0.9440,1.9678,-6.0032,-0.15559,0.00089,0.01999,0.0,
3042397,1000,1724.0,0.1290,-1.8542,-4.9892,0.16541,0.03589,0.01999,0.0,
3042417,1000,1724.0,1.5300,-1.2022,-6.7332,0.11541,0.13589,0.00299,0.0,
3042437,1000,1724.0,-0.0570,2.6898,-6.2192,-0.19759,0.06389,0.00999,0.0,
3042457,1000,1724.0,-2.9620,1.0538,-6.9642,-0.12559,-0.27711,0.00499,0.0,
3042477,1000,1724.0,-0.3310,-0.8982,-6.2742,0.05941,-0.04111,0.01199,0.0,
3042497,1000,1724.0,2.0730,0.2438,-5.5962,0.07341,0.27689,0.00999,0.0,
3042517,1000,1724.0,-2.2020,-0.6412,-7.0962,0.08841,-0.18011,0.01999,0.0,
3042537,1000,1724.0,-1.7250,-0.7242,-5.8512,0.03841,-0.16011,0.01099,0.0,
3042557,1000,1724.0,-0.2520,-0.1482,-5.8382,0.00841,0.00289,0.00699,0.0,
3042577,1000,1724.0,2.5130,1.2158,-5.1512,-0.15559,0.19589,-0.00401,0.0,
3042597,1000,1724.0,0.6900,-0.4342,-6.4092,-0.00359,0.07189,-0.01601,0.0,
3042617,1000,1724.0,-1.9460,0.8198,-6.3782,-0.05759,-0.08111,0.01699,0.0,
3042637,1000,1724.0,0.3730,0.8668,-5.4222,-0.02559,0.02589,0.00799,0.0,
3042657,1000,1724.0,1.2800,-1.1972,-4.7482,0.08541,0.10589,0.02299,0.0,
3042677,1000,1724.0,1.4220,-2.2722,-6.8972,0.13041,0.15389,0.00599,0.0,
3042697,1000,1724.0,-0.7080,1.6258,-6.7722,-0.19459,0.03389,-0.00601,0.0,
3042717,1000,1724.0,-0.6580,2.5588,-6.5892,-0.14059,-0.12211,-0.00601,0.0,
3042737,1000,1724.0,-0.2240,-1.3492,-5.8372,0.08941,0.01389,0.03099,0.0,
3042757,1000,1724.0,0.2870,-2.3232,-6.5962,0.20841,0.13189,0.04299,0.0,
3042777,1000,1724.0,-2.6240,0.4068,-7.4322,0.03741,-0.18411,-0.03001,0.0,
3042797,1000,1724.0,-1.1290,0.5428,-5.6952,-0.05959,-0.12011,0.02899,0.0,
3042817,1000,1724.0,0.3770,0.1728,-6.5302,-0.03959,0.02389,0.00899,0.0,
3042837,1000,1724.0,1.8660,1.1948,-5.9682,-0.13159,0.21989,0.02399,0.0,
3042857,1000,1724.0,0.1420,-0.0822,-5.3582,-0.01359,0.00589,-0.04501,0.0,
3042877,1000,1724.0,-1.1380,-0.3282,-5.8642,0.04441,-0.08511,0.02499,0.0,
3042897,1000,1724.0,-0.0730,0.8248,-6.5952,-0.04259,0.07389,0.04499,0.0,
3042917,1000,1724.0,1.7890,0.2798,-4.0132,-0.06459,0.15889,-0.01201,0.0,
3042937,1000,1724.0,0.7440,-2.5232,-6.4032,0.13141,0.03889,-0.05001,0.0,
3042957,1000,1724.0,0.5970,0.6468,-5.4322,-0.07559,0.09189,0.01399,0.0,
3042977,1000,1724.0,-0.0930,1.7648,-5.9382,-0.10459,0.04989,0.01599,0.0,
3042997,1000,1724.0,-1.2260,-1.2852,-6.1702,0.10841,-0.12811,0.03599,0.0,
3043017,1000,1724.0,-0.1420,-1.8672,-5.6372,0.14041,-0.02811,0.01599,0.0,
3043037,1000,1724.0,-1.0200,-0.2742,-7.1232,0.06041,0.05489,0.00699,0.0,
3043057,1000,1724.0,-2.0970,1.8148,-7.8962,-0.10859,-0.21311,0.03699,0.0,
3043077,1000,1724.0,0.4470,-0.0442,-6.2062,-0.05759,-0.02111,0.00499,0.0,
3043097,1000,1724.0,2.3550,0.1868,-5.2682,-0.02159,0.30189,-0.01601,0.0,
3043117,1000,1724.0,0.6010,-0.1742,-6.6602,0.03641,0.05689,-0.00101,0.0,
3043137,1000,1724.0,-0.2620,-0.7132,-6.5152,0.05341,-0.00811,0.03199,0.0,
3043157,1000,1724.0,-1.6370,0.5688,-7.3932,-0.04259,-0.09011,0.02299,0.0,
3043177,1000,1724.0,2.5330,1.0558,-3.1052,-0.10659,0.25889,-0.02601,0.0,
3043197,1000,1724.0,1.4130,-1.2232,-6.3202,0.04441,0.16789,-0.01501,0.0,
3043217,1000,1724.0,1.2890,0.0448,-4.6042,-0.02759,0.14989,0.03099,0.0,
3043237,1000,1724.0,-0.8550,1.2748,-6.1422,-0.07259,-0.03111,-0.01401,0.0,
3043257,1000,1724.0,-0.7940,0.0218,-5.8292,0.01641,-0.11511,-0.00001,0.0,
3043277,1000,1724.0,-0.3500,-2.5442,-5.9032,0.17541,-0.01211,0.03699,0.0,
3043297,1000,1724.0,-0.7140,-0.4092,-7.1132,0.04841,0.00689,0.02999,0.0,
3043317,1000,1724.0,-1.5850,1.6268,-7.1392,-0.05859,-0.14711,-0.04001,0.0,
3043337,1000,1724.0,-0.3280,-0.3312,-4.6892,-0.05559,-0.08011,0.02499,0.0,
3043357,1000,1724.0,1.9970,-0.3912,-6.1802,0.00841,0.19789,0.02999,0.0,
3043377,1000,1724.0,0.0480,-0.5732,-7.0562,0.10141,0.04689,0.00899,0.0,
3043397,1000,1724.0,-2.8570,-0.5472,-6.6252,0.05041,-0.25411,-0.00901,0.0,
3043417,1000,1724.0,-0.3100,0.2458,-6.4302,-0.05259,0.00889,0.02499,0.0,
3043437,1000,1724.0,1.7520,1.0968,-4.6722,-0.09959,0.23289,0.03599,0.0,
3043457,1000,1724.0,0.5550,-0.1342,-6.6372,0.04341,0.04389,-0.02401,0.0,
3043477,1000,1724.0,0.8690,-0.4162,-5.8172,0.00141,0.08789,-0.00401,0.0,
3043497,1000,1724.0,-0.5660,1.6628,-6.0982,-0.15559,0.06189,0.02599,0.0,
3043517,1000,1724.0,0.8960,0.0698,-4.4102,0.03841,0.07289,-0.00701,0.0,
3043537,1000,1724.0,0.9330,-0.6692,-6.3552,0.09341,0.04389,0.02899,0.0,
3043557,1000,1724.0,-0.0480,-0.9432,-5.1582,0.08941,0.03989,-0.00701,0.0,
3043577,1000,1724.0,-1.8470,2.6928,-7.0882,-0.18759,-0.10311,-0.02801,0.0,
3043597,1000,1724.0,-0.8220,1.0418,-6.3572,-0.10859,-0.18311,0.01099,0.0,
3043617,1000,1724.0,1.4500,-0.6662,-5.7382,0.06941,0.07489,0.03699,0.0,
3043637,1000,1724.0,0.0300,-0.3902,-5.4982,-0.00159,0.08589,0.00199,0.0,
3043657,1000,1724.0,-2.8850,-1.5642,-7.5682,0.18841,-0.26711,-0.01301,0.0,
3043677,1000,1724.0,-0.6650,-0.0122,-5.2852,-0.02659,-0.06611,0.03599,0.0,
3043697,1000,1724.0,1.2640,1.0448,-5.2732,-0.04159,0.12889,0.03099,0.0,
3043717,1000,1724.0,1.6990,0.0888,-5.6412,-0.01859,0.16089,-0.01301,0.0,
3043737,1000,1724.0,-0.4310,-0.5192,-6.9402,0.00141,-0.03111,-0.03301,0.0,
3043757,1000,1724.0,-2.3420,-0.0692,-6.6662,-0.01559,-0.15511,0.02999,0.0,
3043777,1000,1724.0,1.6070,0.7638,-3.6662,-0.00359,0.18789,0.03499,0.0,
3043797,1000,1724.0,0.9260,0.2398,-5.6992,0.03241,0.09189,0.00399,0.0,
3043817,1000,1724.0,-0.0880,-2.5172,-6.3732,0.20141,-0.00111,0.00699,0.0,
3043837,1000,1724.0,-0.7210,1.8898,-6.9092,-0.17959,-0.00611,-0.01801,0.0,
3043857,1000,1724.0,-0.2190,2.2398,-6.8442,-0.14859,-0.04411,-0.02801,0.0,
3043877,1000,1724.0,0.2290,0.3768,-6.2862,-0.04459,-0.02011,0.02099,0.0,
3043897,1000,1724.0,-1.3640,-2.1822,-7.0742,0.16341,-0.14211,0.03199,0.0,
3043917,1000,1724.0,-1.4140,0.4608,-6.2242,0.03641,-0.07411,-0.02501,0.0,
3043937,1000,1724.0,-1.6050,-0.9512,-5.9262,0.15241,-0.10811,-0.00001,0.0,
3043957,1000,1724.0,1.8020,-0.2172,-6.3092,-0.00959,0.12589,0.02899,0.0,
3043977,1000,1724.0,0.9320,0.6418,-3.8732,-0.12259,0.14289,0.00399,0.0,
3043997,1000,1724.0,-1.1020,-0.6002,-6.9262,0.05841,-0.11511,-0.05501,0.0,
3044017,1000,1724.0,-0.2870,-1.2822,-5.8562,0.10741,0.01889,-0.00101,0.0,
3044037,1000,1724.0,0.9520,0.4738,-4.8742,-0.02959,0.16789,0.05799,0.0,
3044057,1000,1724.0,-0.2620,0.9218,-4.9992,-0.03559,0.01889,0.01599,0.0,
3044077,1000,1724.0,-0.4480,-0.3832,-6.8992,0.03141,-0.09311,-0.04401,0.0,
3044097,1000,1724.0,-0.4130,-1.2742,-6.0772,0.05041,-0.00911,0.01399,0.0,
3044117,1000,1724.0,-0.4520,0.4838,-6.5852,-0.05959,0.03189,0.00699,0.0,
3044137,1000,1724.0,0.2150,1.6798,-6.1642,-0.14159,0.03189,0.00899,0.0,
3044157,1000,1724.0,-0.5810,-2.0082,-5.2442,0.19541,-0.10111,0.01299,0.0,
3044177,1000,1724.0,-1.6340,-0.7502,-6.5812,0.14241,-0.06111,0.02899,0.0,
3044197,1000,1724.0,0.0810,-0.0912,-7.1632,0.00941,0.04289,0.01299,0.0,
3044217,1000,1724.0,-0.6950,-0.3432,-6.9132,-0.04059,-0.10611,0.04699,0.0,
3044237,1000,1724.0,0.9540,0.6928,-6.4962,-0.10559,0.11089,0.04099,0.0,
3044257,1000,1724.0,0.1220,-0.3532,-5.4132,0.02241,0.03589,0.04399,0.0,
3044277,1000,1724.0,-0.8710,-2.4412,-6.3452,0.17541,-0.03611,0.04899,0.0,
3044297,1000,1724.0,0.1270,-0.3752,-7.6312,-0.00359,0.03489,0.03299,0.0,
3044317,1000,1724.0,0.7660,1.6768,-6.0862,-0.07359,0.08689,0.00299,0.0,
3044337,1000,1724.0,0.4500,0.1648,-7.2992,-0.03659,0.07689,0.01699,0.0,
3044357,1000,1724.0,-0.8490,0.9448,-5.3672,-0.09459,-0.03011,0.03399,0.0,
3044377,1000,1724.0,-1.3700,-0.6162,-7.9072,0.02941,-0.08411,0.02399,0.0,
3044397,1000,1724.0,-0.5890,-1.5252,-8.2862,0.16141,-0.11311,0.01899,0.0,
3044417,1000,1724.0,-0.1300,0.8218,-6.5422,-0.04059,-0.01811,0.00799,0.0,
3044437,1000,1724.0,-0.9880,1.0578,-6.5672,-0.12259,-0.01711,-0.00601,0.0,
3044457,1000,1724.0,-0.7110,-0.8752,-7.1702,0.14241,-0.02311,0.04299,0.0,
3044477,1000,1724.0,1.8800,-0.4002,-6.4132,-0.03659,0.16089,0.03799,0.0,
3044497,1000,1724.0,0.4850,-0.0992,-6.7412,-0.03859,0.06589,0.02599,0.0,
3044517,1000,1724.0,-0.5290,0.0378,-6.4602,0.05441,-0.01311,0.00399,0.0,
3044537,1000,1724.0,-0.1100,0.6048,-6.5762,-0.05359,0.01989,0.00399,0.0,
3044557,1000,1724.0,1.1920,0.1028,-5.8562,-0.00859,0.20589,0.05399,0.0,
3044577,1000,1724.0,-1.2690,-1.0972,-8.0142,0.05041,-0.05011,0.04399,0.0,
3044597,1000,1724.0,-0.1430,0.3788,-7.5962,0.01341,-0.05911,-0.02001,0.0,
3044617,1000,1724.0,-0.1200,0.1928,-7.5152,0.00041,-0.01811,0.01299,0.0,
3044637,1000,1724.0,0.1030,-0.0022,-6.0792,-0.02859,0.09889,0.07099,0.0,
3044657,1000,1724.0,-0.0990,-0.1492,-6.5622,-0.02959,0.04789,0.01299,0.0,
3044677,1000,1724.0,-1.3280,-0.7902,-8.8632,0.08741,-0.20311,0.01099,0.0,
3044697,1000,1724.0,0.1680,0.2608,-7.1062,0.06241,-0.03611,0.01599,0.0,
3044717,1000,1724.0,0.2220,0.1708,-8.0532,-0.11059,0.05589,0.01799,0.0,
3044737,1000,1724.0,-0.7560,0.3178,-6.1652,0.02641,-0.00811,0.00699,0.0,
3044757,1000,1724.0,1.1820,-0.8342,-6.8012,0.07141,0.11089,0.03499,0.0,
3044777,1000,1724.0,0.9800,0.2418,-7.2722,-0.05459,0.07189,0.03799,0.0,
3044797,1000,1724.0,0.6360,0.2888,-4.8572,-0.02059,0.15289,0.03199,0.0,
3044817,1000,1724.0,-1.3500,-0.0992,-6.7722,-0.00959,-0.05211,0.00499,0.0,
3044837,1000,1724.0,1.3700,0.6558,-6.6832,-0.02559,0.12189,0.00699,0.0,
3044857,1000,1724.0,0.0280,0.0818,-7.5032,-0.01059,0.04889,0.05599,0.0,
3044877,1000,1724.0,-1.4420,-0.7242,-8.0412,0.04341,-0.08611,0.03899,0.0,
3044897,1000,1724.0,-0.3460,0.1718,-6.7282,-0.04459,-0.02211,-0.00901,0.0,
3044917,1000,1724.0,-0.0840,0.4338,-6.1082,0.02341,-0.01511,0.01599,0.0,
3044937,1000,1724.0,0.0890,0.8398,-7.3202,-0.01559,0.00089,0.02399,0.0,
3044957,1000,1724.0,-1.1650,-0.8842,-7.5602,-0.03059,-0.09811,0.03099,0.0,
3044977,1000,1724.0,-1.2530,-0.4162,-7.0692,0.08641,-0.06611,0.04099,0.0,
3044997,1000,1724.0,1.2900,-0.1842,-7.4242,-0.01659,0.08489,0.00999,0.0,
3045017,1000,1724.0,1.0550,1.2808,-6.2712,-0.09759,0.11589,0.00199,0.0,
3045037,1000,1724.0,-1.2220,-0.3762,-7.1222,0.08241,-0.05911,0.02899,0.0,
3045057,1000,1724.0,0.0960,-0.5072,-6.6952,0.00041,0.06189,0.04299,0.0,
3045077,1000,1724.0,1.4810,-0.3302,-6.5892,0.01341,0.16489,0.04399,0.0,
3045097,1000,1724.0,-0.2750,-0.4872,-6.6922,0.05041,0.04789,0.02399,0.0,
3045117,1000,1724.0,-0.5660,0.8928,-6.1222,-0.02559,-0.05311,-0.02701,0.0,
3045137,1000,1724.0,0.0950,-0.0602,-7.8512,-0.01759,0.03389,0.00599,0.0,
3045157,1000,1724.0,-1.5330,-1.0772,-8.3382,0.07241,-0.06911,0.10199,0.0,
3045177,1000,1724.0,-0.0260,-0.3302,-6.9802,0.04041,0.01189,0.03299,0.0,
3045197,1000,1724.0,-0.6580,0.9468,-6.1212,-0.04859,-0.08511,-0.03101,0.0,
3045217,1000,1724.0,-0.3060,-0.2552,-7.2352,0.09141,-0.04311,0.00699,0.0,
3045237,1000,1724.0,0.2060,0.8978,-7.0882,-0.15259,0.06489,0.02799,0.0,
3045257,1000,1724.0,-0.3320,-0.1112,-7.6352,0.03041,0.07989,0.06999,0.0,
3045277,1000,1724.0,0.1700,-1.3572,-7.2632,0.11841,-0.03811,-0.00201,0.0,
3045297,1000,1724.0,1.1510,0.6858,-5.9812,-0.09659,0.09589,-0.00701,0.0,
3045317,1000,1724.0,0.0210,0.0198,-6.4112,0.01641,0.09089,0.02799,0.0,
3045337,1000,1724.0,0.0170,-1.0632,-6.6102,0.08941,0.08389,0.03599,0.0,
3045357,1000,1724.0,0.4610,-0.3332,-6.8782,0.03041,0.07289,0.03299,0.0,
3045377,1000,1724.0,-0.0960,-0.8312,-7.5192,0.00841,-0.01111,0.01599,0.0,
3045397,1000,1724.0,-1.4500,0.0728,-7.3752,0.04841,-0.08011,0.01999,0.0,
3045417,1000,1724.0,-0.2920,1.2318,-8.3402,-0.03459,-0.02611,0.01999,0.0,
3045437,1000,1724.0,0.7200,-1.0652,-6.9332,0.03541,0.07389,0.03099,0.0,
3045457,1000,1724.0,-1.0020,-0.9522,-8.3492,0.09541,-0.08311,0.03299,0.0,
3045477,1000,1724.0,-1.3890,0.1968,-6.7962,-0.04959,-0.11811,0.00199,0.0,
3045497,1000,1724.0,0.6210,0.4748,-6.9502,0.04041,0.09089,0.03199,0.0,
3045517,1000,1724.0,0.2980,0.4348,-7.5552,-0.03759,0.01589,0.00499,0.0,
3045537,1000,1724.0,0.6110,-0.6152,-7.1602,-0.03559,0.09389,-0.00201,0.0,
3045557,1000,1724.0,-1.0810,-0.6382,-7.3702,0.05841,0.00789,0.05599,0.0,
3045577,1000,1724.0,1.0040,0.0798,-6.2052,-0.01359,0.06789,0.04299,0.0,
3045597,1000,1724.0,1.3820,1.1388,-6.4402,-0.10259,0.13789,0.00199,0.0,
3045617,1000,1724.0,-0.9130,-0.3952,-5.3642,0.00041,-0.03311,-0.00401,0.0,
3045637,1000,1724.0,-0.3890,-0.1662,-7.9312,0.05741,-0.00111,0.02599,0.0,
3045657,1000,1724.0,0.1540,-0.3132,-6.6062,0.06541,0.00889,0.04399,0.0,
3045677,1000,1724.0,0.1250,-0.7302,-6.6342,-0.00359,0.12389,0.03599,0.0,
3045697,1000,1724.0,-2.7680,-0.0122,-6.6122,0.00741,-0.20911,0.03899,0.0,
3045717,1000,1724.0,-0.9640,0.7388,-7.4912,-0.05859,-0.09611,-0.01101,0.0,
3045737,1000,1724.0,1.0660,0.0168,-6.2952,0.07141,0.11089,0.02599,0.0,
3045757,1000,1724.0,-0.4270,-0.9712,-8.1642,0.05341,-0.01911,0.04299,0.0,
3045777,1000,1724.0,-0.6650,0.6578,-7.2822,-0.14059,-0.01011,0.02199,0.0,
3045797,1000,1724.0,-0.3700,0.3118,-6.5002,0.04241,-0.04811,-0.00101,0.0,
3045817,1000,1724.0,1.4820,-1.1462,-6.9352,0.10041,0.14489,-0.00101,0.0,
3045837,1000,1724.0,1.5440,0.6148,-7.0242,-0.07059,0.16689,0.02599,0.0,
3045857,1000,1724.0,-2.7650,0.4708,-8.7962,-0.06359,-0.11911,0.05699,0.0,
3045877,1000,1724.0,1.0280,-0.9042,-5.3462,0.06841,0.03389,0.01999,0.0,
3045897,1000,1724.0,0.8200,-0.3422,-5.6682,0.05841,0.06689,-0.01401,0.0,
3045917,1000,1724.0,0.2610,-0.0772,-6.5832,-0.01459,0.06789,0.01499,0.0,
3045937,1000,1724.0,-1.6560,0.4628,-7.9882,0.00641,-0.15311,0.03699,0.0,
3045957,1000,1724.0,-0.4090,-0.6052,-7.1272,0.03641,-0.01311,0.03099,0.0,
3045977,1000,1724.0,0.4430,-1.6072,-5.0162,0.11641,0.12189,0.04199,0.0,
3045997,1000,1724.0,-1.5810,0.4008,-7.6072,-0.00659,-0.14211,0.01199,0.0,
3046017,1000,1724.0,-1.0000,0.8368,-8.2252,-0.07259,-0.10611,-0.00701,0.0,
3046037,1000,1724.0,0.1170,-0.4752,-6.7452,0.06141,0.06389,0.03099,0.0,
3046057,1000,1724.0,-0.0810,0.0808,-7.9602,-0.05659,-0.02711,0.05299,0.0,
3046077,1000,1724.0,0.2080,0.1868,-6.2222,-0.00859,0.03489,0.01899,0.0,
3046097,1000,1724.0,-1.2800,-1.6172,-6.9582,0.15041,-0.09011,0.00499,0.0,
3046117,1000,1724.0,1.9830,1.4778,-7.0322,-0.14959,0.20989,-0.01201,0.0,
3046137,1000,1724.0,0.1590,0.7898,-7.3952,-0.06459,0.02889,0.04399,0.0,
3046157,1000,1724.0,-1.0640,-0.9262,-7.0992,0.03841,0.01189,0.04399,0.0,
3046177,1000,1724.0,0.6740,0.0678,-6.2882,0.01841,0.05589,-0.00501,0.0,
3046197,1000,1724.0,1.0680,-0.6022,-7.5152,-0.00559,0.14589,0.00899,0.0,
3046217,1000,1724.0,-0.8010,0.8548,-6.9892,0.00241,-0.05011,0.02199,0.0,
3046237,1000,1724.0,-0.7100,0.5998,-7.3292,-0.02259,-0.16411,0.01299,0.0,
3046257,1000,1724.0,-0.5480,-2.4022,-5.2692,0.14841,-0.01011,0.03999,0.0,
3046277,1000,1724.0,-0.9760,-0.3762,-8.2352,0.02241,0.06289,0.04599,0.0,
3046297,1000,1724.0,-1.2830,1.4158,-8.4602,-0.09259,-0.16011,-0.01201,0.0,
3046317,1000,1724.0,-0.2000,0.8988,-7.2952,0.02141,-0.07411,-0.00301,0.0,
3046337,1000,1724.0,0.5030,-1.2342,-5.9172,0.02541,0.10489,0.05399,0.0,
3046357,1000,1724.0,0.2870,-0.5372,-6.2162,-0.03959,0.07689,0.04399,0.0,
3046377,1000,1724.0,-0.2370,-0.1752,-7.0482,0.09941,-0.00511,0.02699,0.0,
3046397,1000,1724.0,-0.5800,0.6568,-7.9132,-0.00559,-0.08111,-0.02101,0.0,
3046417,1000,1724.0,2.2580,1.0408,-5.7932,-0.15859,0.25489,0.02699,0.0,
3046437,1000,1724.0,-0.5020,-0.3252,-7.2502,-0.03159,0.01589,0.04099,0.0,
3046457,1000,1724.0,0.0140,-0.1302,-7.1222,0.01941,0.08589,0.04699,0.0,
3046477,1000,1724.0,1.1720,-0.1382,-5.8632,0.01941,0.05989,0.01099,0.0,
3046497,1000,1724.0,-0.5250,0.5068,-8.0382,-0.02659,0.01389,0.00399,0.0,
3046517,1000,1724.0,-1.0520,0.2648,-6.3782,-0.00159,-0.07311,0.03499,0.0,
3046537,1000,1724.0,-0.0120,-0.7472,-7.7022,0.03541,-0.07811,0.02999,0.0,
3046557,1000,1724.0,0.0090,-1.3952,-6.1822,0.20241,0.06089,0.04099,0.0,
3046577,1000,1724.0,-0.7750,0.0368,-6.9962,-0.07259,0.01789,0.02299,0.0,
3046597,1000,1724.0,-1.4080,1.8838,-7.8212,-0.13059,-0.14411,0.03199,0.0,
3046617,1000,1724.0,-0.4290,-0.5082,-6.6232,0.09341,-0.02411,0.02699,0.0,
3046637,1000,1724.0,0.3000,-1.7312,-6.8082,0.13541,0.06689,0.00099,0.0,
3046657,1000,1724.0,0.2820,0.3198,-6.1312,-0.04859,0.03689,0.04499,0.0,
3046677,1000,1724.0,-1.4560,0.3368,-6.6292,-0.05559,-0.09611,0.03999,0.0,
3046697,1000,1724.0,0.4010,0.7898,-7.3992,-0.02059,0.03889,0.00199,0.0,
3046717,1000,1724.0,1.8320,-0.3982,-7.5342,-0.03159,0.19889,-0.01101,0.0,
3046737,1000,1724.0,-0.3500,-0.0722,-6.2292,-0.01759,0.01689,0.02399,0.0,
3046757,1000,1724.0,-0.8440,-0.3592,-6.7182,0.04641,-0.00511,0.05499,0.0,
3046777,1000,1724.0,-0.1750,-0.5072,-6.8352,0.03041,0.01089,0.00899,0.0,
3046797,1000,1724.0,0.7370,-0.4782,-7.5162,0.09441,0.08489,0.04099,0.0,
3046817,1000,1724.0,-1.7710,0.8348,-8.0912,-0.09359,-0.14911,-0.01001,0.0,
3046837,1000,1724.0,-0.4070,-0.8092,-6.4992,0.10441,-0.11311,0.00899,0.0,
3046857,1000,1724.0,-0.5380,-1.5042,-7.5812,0.13841,-0.01911,0.06099,0.0,
3046877,1000,1724.0,0.1930,0.8158,-7.0762,-0.13159,0.09789,0.05699,0.0,
3046897,1000,1724.0,-0.0020,1.1988,-7.2102,-0.04759,-0.03211,-0.00701,0.0,
3046917,1000,1724.0,-0.7320,-1.6122,-7.5032,0.16741,-0.04411,-0.02001,0.0,
3046937,1000,1724.0,0.5660,-0.6222,-6.9002,0.05541,0.06789,0.03099,0.0,
3046957,1000,1724.0,0.7280,0.5738,-4.1562,-0.14959,0.10389,0.07599,0.0,
3046977,1000,1724.0,0.1000,0.0848,-7.8352,-0.02659,0.07089,0.03699,0.0,
3046997,1000,1724.0,0.4860,-0.5192,-7.5242,0.09941,0.03989,-0.03801,0.0,
3047017,1000,1724.0,1.4260,0.5058,-5.4712,-0.07459,0.16489,-0.02301,0.0,
3047037,1000,1724.0,-0.7520,0.2698,-5.8162,0.01741,-0.02211,0.08899,0.0,
3047057,1000,1724.0,-1.9620,-0.1762,-7.9922,-0.02559,-0.13711,0.01899,0.0,
3047077,1000,1724.0,0.9100,-0.3702,-7.8492,0.04841,0.10289,0.01399,0.0,
3047097,1000,1724.0,-0.2760,0.0268,-6.9942,0.03141,-0.00411,0.01299,0.0,
3047117,1000,1724.0,0.0180,1.7448,-7.8192,-0.16959,0.00189,0.02999,0.0,
3047137,1000,1724.0,-1.4680,-0.0682,-6.9522,0.02441,-0.15111,0.02799,0.0,
3047157,1000,1724.0,-0.5820,-1.9692,-7.1382,0.14641,-0.01211,0.02599,0.0,
3047177,1000,1724.0,1.9630,0.2708,-7.4122,-0.00359,0.17289,0.02499,0.0,
3047197,1000,1724.0,-0.7260,1.2138,-7.9022,-0.09059,-0.04811,0.02299,0.0,
3047217,1000,1724.0,0.4970,-0.4652,-6.3342,0.02141,0.09789,0.00399,0.0,
3047237,1000,1724.0,0.8270,-0.5462,-6.6382,0.03141,0.08289,0.00799,0.0,
3047257,1000,1724.0,0.8410,-0.1462,-5.5862,-0.04859,0.10689,0.02399,0.0,
3047277,1000,1724.0,0.2270,0.3708,-6.8052,0.01041,0.06989,0.05699,0.0,
3047297,1000,1724.0,-0.3950,-0.0932,-7.5852,-0.00359,-0.00411,0.00799,0.0,
3047317,1000,1724.0,0.3100,1.4568,-6.4152,-0.09659,0.06989,-0.00301,0.0,
3047337,1000,1724.0,-0.8390,-0.4652,-6.7802,0.04641,-0.06411,0.02899,0.0,
3047357,1000,1724.0,-0.6820,-0.0972,-6.8492,0.00141,-0.06511,0.01999,0.0,
3047377,1000,1724.0,-0.1640,-0.7572,-8.0572,0.11941,0.01989,0.02499,0.0,
3047397,1000,1724.0,-1.1630,-0.3342,-6.8232,-0.03059,-0.03411,0.05099,0.0,
3047417,1000,1724.0,0.2060,2.2898,-7.9102,-0.17559,-0.00011,0.01099,0.0,
3047437,1000,1724.0,-1.5400,-0.3012,-7.4292,0.07541,-0.16811,0.01699,0.0,
3047457,1000,1724.0,-0.4530,-2.1972,-8.0782,0.16641,-0.01811,-0.00001,0.0,
3047477,1000,1724.0,-0.1150,-0.1592,-6.2882,-0.02359,0.03589,0.04799,0.0,
3047497,1000,1724.0,1.4700,1.2748,-6.2932,-0.17059,0.16089,0.04799,0.0,
3047517,1000,1724.0,-0.5040,0.5058,-6.8692,0.04341,-0.00011,0.00099,0.0,
3047537,1000,1724.0,0.7050,-0.8732,-7.0972,0.07341,0.04889,-0.02501,0.0,
3047557,1000,1724.0,0.7780,-0.7352,-7.4192,0.01541,0.12089,0.02599,0.0,
3047577,1000,1724.0,-0.5290,-0.2412,-6.2912,0.00041,0.00189,0.09599,0.0,
3047597,1000,1724.0,0.0310,0.0688,-7.0032,-0.01759,0.04389,0.00399,0.0,
3047617,1000,1724.0,0.7240,-1.0872,-7.5372,0.17941,0.05989,-0.03201,0.0,
3047637,1000,1724.0,-1.9280,0.4688,-6.7502,-0.05259,-0.15711,0.00699,0.0,
3047657,1000,1724.0,-1.5060,0.8968,-7.7052,-0.12159,-0.13911,0.05499,0.0,
3047677,1000,1724.0,-0.4970,-0.9002,-7.5412,0.08741,-0.03211,0.05499,0.0,
3047697,1000,1724.0,0.2960,-1.2152,-7.6072,0.13041,0.05789,-0.00101,0.0,
3047717,1000,1724.0,-0.7150,2.0238,-6.2372,-0.16459,-0.07711,0.02799,0.0,
3047737,1000,1724.0,-0.4140,0.8008,-6.5432,-0.15759,0.00189,0.02599,0.0,
3047757,1000,1724.0,0.1880,-1.1402,-6.2742,0.13741,0.04489,0.01399,0.0,
3047777,1000,1724.0,0.6550,-1.4082,-7.8312,0.12541,0.04889,0.02099,0.0,
3047797,1000,1724.0,0.6050,0.6348,-6.8252,-0.08059,0.11289,0.03899,0.0,
3047817,1000,1724.0,-0.1990,0.9318,-6.5712,-0.04359,0.06589,0.02399,0.0,
3047837,1000,1724.0,-0.1450,0.1468,-7.1682,-0.04359,0.03589,0.00199,0.0,
3047857,1000,1724.0,0.2040,0.2078,-7.3002,0.05141,0.02589,0.01599,0.0,
3047877,1000,1724.0,-0.8920,-0.5442,-7.7802,0.02141,-0.07311,0.03699,0.0,
3047897,1000,1724.0,-0.9970,0.7018,-7.5772,-0.07259,-0.12211,0.02699,0.0,
3047917,1000,1724.0,-1.5440,-0.3412,-6.9872,0.03141,-0.03811,0.00899,0.0,
3047937,1000,1724.0,0.4540,0.6818,-8.2682,-0.01659,0.06589,0.03499,0.0,
3047957,1000,1724.0,0.5370,0.5138,-7.4112,-0.01359,0.01789,0.02999,0.0,
3047977,1000,1724.0,-0.4960,-0.5752,-7.2192,-0.01859,0.00689,-0.03001,0.0,
3047997,1000,1724.0,-0.7600,-1.4122,-6.8772,0.15341,-0.07111,0.03499,0.0,
3048017,1000,1724.0,0.3750,0.1638,-6.5082,-0.05259,0.07689,0.05399,0.0,
3048037,1000,1724.0,2.3800,1.7608,-5.4252,-0.16759,0.30689,0.03399,0.0,
3048057,1000,1724.0,-1.1410,-0.9312,-7.5132,0.13841,-0.07011,-0.02601,0.0,
3048077,1000,1724.0,-0.6550,-1.2382,-6.9562,0.04641,-0.05711,-0.01501,0.0,
3048097,1000,1724.0,1.7590,0.8938,-7.1462,-0.07659,0.18189,0.08299,0.0,
3048117,1000,1724.0,-0.8200,0.0028,-6.3462,-0.01559,-0.01011,0.08699,0.0,
3048137,1000,1724.0,-0.3980,-0.2542,-5.8672,0.04041,0.00789,-0.05101,0.0,
3048157,1000,1724.0,-1.1540,0.7478,-8.5122,-0.04059,-0.08311,-0.02101,0.0,
3048177,1000,1724.0,-0.9060,0.1598,-8.4272,-0.01859,-0.08511,0.07399,0.0,
3048197,1000,1724.0,0.3900,0.2798,-6.9822,0.02441,-0.01411,0.06599,0.0,
3048217,1000,1724.0,-0.9800,-1.1252,-6.8072,-0.00159,-0.03811,-0.01901,0.0,
3048237,1000,1724.0,-0.0820,-0.3602,-5.7932,0.08641,0.04989,0.01199,0.0,
3048257,1000,1724.0,0.8980,1.9978,-7.9132,-0.20459,0.07089,0.07599,0.0,
3048277,1000,1724.0,0.1150,-0.3612,-8.0542,0.04441,0.12589,0.07799,0.0,
3048297,1000,1724.0,0.2860,0.0178,-7.3042,-0.05859,0.05789,0.05099,0.0,
3048317,1000,1724.0,-0.3670,0.6138,-7.8202,-0.01459,-0.06511,0.04899,0.0,
3048337,1000,1724.0,1.5190,0.4098,-8.2122,-0.03759,0.21889,0.07799,0.0,
3048357,1000,1724.0,-0.3400,-0.1812,-7.3642,0.02041,0.01189,0.03899,0.0,
3048377,1000,1724.0,-0.5620,0.5148,-8.6132,-0.02859,-0.01111,0.03499,0.0,
3048397,1000,1724.0,-2.1200,-1.0662,-7.3152,0.10841,-0.13311,0.04199,0.0,
3048417,1000,1724.0,0.5590,0.0258,-8.7712,0.01141,0.05389,0.01799,0.0,
3048437,1000,1724.0,-0.2890,0.0078,-8.4912,-0.00859,0.03489,0.03699,0.0,
3048457,1000,1724.0,-1.4640,-0.0272,-8.1712,0.00341,-0.13511,0.04299,0.0,
3048477,1000,1724.0,-0.5090,-0.0182,-8.6072,0.00841,-0.02711,0.04299,0.0,
3048497,1000,1724.0,0.3280,0.0798,-7.6882,-0.03659,-0.02011,0.02799,0.0,
3048517,1000,1724.0,-0.4790,0.1848,-8.6162,-0.01959,-0.00811,0.03799,0.0,
3048537,1000,1724.0,0.0610,1.2018,-8.8652,-0.10959,0.05289,0.04899,0.0,
3048557,1000,1724.0,0.7930,-0.5942,-8.2562,0.04141,0.08889,0.03299,0.0,
3048577,1000,1724.0,0.4690,-0.1572,-7.4772,-0.00059,0.11289,0.04699,0.0,
3048597,1000,1724.0,-0.4090,-0.4432,-8.5122,0.02441,0.03489,0.03199,0.0,
3048617,1000,1724.0,0.8080,-0.9202,-8.2632,0.08241,0.04189,0.03899,0.0,
3048637,1000,1724.0,-0.9780,-0.0582,-8.3052,0.05641,-0.03711,0.03699,0.0,
3048657,1000,1724.0,-0.3160,-0.3102,-8.5462,0.02141,-0.00511,0.03099,0.0,
3048677,1000,1724.0,-0.9540,-0.1192,-8.0832,0.01041,-0.05611,0.03499,0.0,
3048697,1000,1724.0,-0.3810,-0.6632,-9.9042,0.08641,-0.04611,0.03899,0.0,
3048717,1000,1724.0,-1.5970,-0.4282,-8.8192,0.02141,-0.14411,0.05099,0.0,
3048737,1000,1724.0,-0.2910,0.0968,-8.2392,-0.04759,0.01989,0.06599,0.0,
3048757,1000,1724.0,0.5720,-0.0402,-9.7022,0.00041,0.01689,0.04099,0.0,
3048777,1000,1724.0,-0.9710,0.2608,-8.2522,-0.02759,-0.06411,0.04299,0.0,
3048797,1000,1724.0,0.7180,-0.8992,-8.2072,0.01641,0.09289,0.05399,0.0,
3048817,1000,1724.0,0.0150,-0.4782,-9.1952,0.01341,0.04989,0.03799,0.0,
3048837,1000,1724.0,0.0770,-1.5082,-6.1232,0.11341,0.03989,0.03599,0.0,
3048857,1000,1724.0,0.6000,-0.1112,-8.1262,0.01141,0.08289,0.06299,0.0,
3048877,1000,1724.0,0.5340,0.1688,-7.8002,-0.00659,0.12689,0.03099,0.0,
3048897,1000,1724.0,0.1050,-0.1012,-7.6922,0.00941,0.06289,0.06099,0.0,
3048917,1000,1724.0,0.3450,0.1688,-7.2662,-0.00359,0.05089,0.05899,0.0,
3048937,1000,1724.0,-0.7000,-0.0362,-7.8502,0.03141,-0.02511,0.05799,0.0,
3048957,1000,1724.0,-0.5610,-0.2532,-8.8512,0.00141,-0.03911,0.05199,0.0,
3048977,1000,1724.0,0.1100,0.1098,-8.7962,-0.00159,0.05689,0.04299,0.0,
3048997,1000,1724.0,-0.2770,0.4608,-8.4412,-0.04059,-0.01911,0.05099,0.0,
3049017,1000,1724.0,-0.1440,-0.3712,-7.1642,0.00641,0.02789,0.04499,0.0,
3049037,1000,1724.0,0.0650,-0.1602,-8.4152,-0.00459,0.04389,0.04699,0.0,
3049057,1000,1724.0,-0.8100,0.5618,-9.9292,-0.05659,-0.07211,0.03499,0.0,
3049077,1000,1724.0,0.6640,0.2108,-8.5902,-0.01259,0.09489,0.03299,0.0,
3049097,1000,1724.0,1.3790,-0.1642,-7.1572,0.02741,0.14889,0.03299,0.0,
3049117,1000,1724.0,0.4650,0.5158,-7.6452,-0.03059,0.12289,0.03099,0.0,
3049137,1000,1724.0,-0.2630,0.5958,-7.3422,-0.04759,0.04189,0.06799,0.0,
3049157,1000,1724.0,1.3120,0.3348,-8.0072,-0.05459,0.16589,0.04499,0.0,
3049177,1000,1724.0,-0.6760,-0.0462,-7.3622,0.02141,0.00689,0.05299,0.0,
3049197,1000,1724.0,-0.2320,0.8288,-8.1202,-0.07159,0.03389,0.05999,0.0,
3049217,1000,1724.0,0.0040,0.0218,-8.9012,-0.00259,0.04789,0.05399,0.0,
3049237,1000,1724.0,-0.6260,0.1378,-8.7692,0.03041,0.00489,0.05199,0.0,
3049257,1000,1724.0,-1.0530,0.2558,-8.8272,-0.01059,-0.08011,0.03099,0.0,
3049277,1000,1724.0,-0.1770,-0.4732,-8.2282,0.02741,0.01789,0.04099,0.0,
3049297,1000,1724.0,-0.9630,-0.2242,-9.4232,0.03741,-0.11111,0.02999,0.0,
3049317,1000,1724.0,-0.5590,0.3198,-8.5232,-0.02959,-0.04711,0.01999,0.0,
3049337,1000,1724.0,-0.7380,0.3878,-8.6322,-0.00259,-0.02811,0.02299,0.0,
3049357,1000,1724.0,0.7000,0.0538,-8.7962,-0.01759,0.09189,0.04099,0.0,
3049377,1000,1724.0,-0.1170,-0.2092,-8.0082,0.02141,-0.00511,0.03499,0.0,
3049397,1000,1724.0,0.7060,0.3858,-8.4922,-0.05759,0.08189,0.04299,0.0,
3049417,1000,1724.0,0.2810,-0.0322,-8.3742,-0.01659,0.05189,0.03699,0.0,
3049437,1000,1724.0,0.8090,-0.3392,-7.5512,0.01041,0.11189,0.05699,0.0,
3049457,1000,1724.0,0.8120,0.5948,-8.7092,-0.05659,0.12589,0.04899,0.0,
3049477,1000,1724.0,-0.7070,-0.6732,-8.6742,0.08241,-0.03211,0.03099,0.0,
3049497,1000,1724.0,-1.0350,-0.4332,-9.2662,0.02941,-0.06111,0.05099,0.0,
3049517,1000,1724.0,0.0470,-0.7762,-8.1512,0.09641,0.02389,0.03099,0.0,
3049537,1000,1724.0,-0.9670,-0.9462,-8.4222,0.08041,-0.10411,0.03999,0.0,
3049557,1000,1724.0,-0.5370,-0.0342,-8.5102,-0.00359,-0.03811,0.03899,0.0,
3049577,1000,1724.0,0.0940,0.0368,-8.6382,0.02441,0.05489,0.02999,0.0,
3049597,1000,1724.0,-0.6110,-0.2872,-7.7062,-0.00259,-0.09311,0.04899,0.0,
3049617,1000,1724.0,-0.6740,-0.9322,-8.7082,0.05641,-0.04811,0.03799,0.0,
3049637,1000,1724.0,-0.8020,-0.0372,-7.4512,-0.03659,-0.01611,0.04299,0.0,
3049657,1000,1724.0,0.5620,0.2738,-7.7102,-0.03759,0.01789,0.03699,0.0,
3049677,1000,1724.0,1.3930,-0.5682,-7.9582,0.04941,0.15189,0.04099,0.0,
3049697,1000,1724.0,-0.0290,0.4808,-7.4872,-0.06359,0.04489,0.04499,0.0,
3049717,1000,1724.0,0.1040,-0.9152,-7.1552,0.07441,0.07189,0.05399,0.0,
3049737,1000,1724.0,0.1340,0.0448,-8.9582,-0.00359,0.00189,0.04899,0.0,
3049757,1000,1724.0,0.1750,-0.1262,-7.9862,0.04741,0.02689,0.03699,0.0,
3049777,1000,1724.0,-1.8150,-0.6832,-8.7072,0.05841,-0.11711,0.05399,0.0,
3049797,1000,1724.0,-0.5610,-0.0092,-8.2062,0.02141,-0.02011,0.03799,0.0,
3049817,1000,1724.0,0.4570,0.3688,-7.2922,-0.01459,0.04589,0.05599,0.0,
3049837,1000,1724.0,-1.5600,-0.5122,-9.9462,0.03841,-0.14911,0.04399,0.0,
3049857,1000,1724.0,-0.3970,0.0008,-7.8312,0.00741,-0.02211,0.05799,0.0,
3049877,1000,1724.0,0.5010,-0.5482,-7.9492,0.02441,0.10089,0.04999,0.0,
3049897,1000,1724.0,0.2160,0.1918,-7.8062,-0.03559,0.07289,0.05299,0.0,
3049917,1000,1724.0,-0.2830,0.6588,-8.3672,-0.07059,0.03689,0.04999,0.0,
3049937,1000,1724.0,-0.5170,0.3958,-8.9672,-0.03959,0.06789,0.03399,0.0,
3049957,1000,1724.0,1.5040,-0.4142,-7.6562,0.03541,0.10489,0.05299,0.0,
3049977,1000,1724.0,0.3220,0.5058,-7.6742,-0.03459,0.06889,0.04599,0.0,
3049997,1000,1724.0,1.0880,-0.4992,-9.2632,0.06341,0.12889,0.02899,0.0,
3050017,1000,1724.0,0.0440,1.8798,-8.1712,-0.08259,0.05689,0.03699,0.0,
3050037,1000,1724.0,0.2810,-0.0932,-8.7572,-0.04459,0.05289,0.05399,0.0,
3050057,1000,1724.0,-0.5440,0.7068,-8.3702,-0.03959,0.01589,0.03599,0.0,
3050077,1000,1724.0,-1.0180,0.5988,-9.2592,-0.03459,-0.08011,0.04499,0.0,
3050097,1000,1724.0,-0.6390,-0.3342,-9.0102,0.00041,-0.02111,0.04999,0.0,
3050117,1000,1724.0,-0.4250,0.6698,-8.1832,-0.06659,0.04389,0.05399,0.0,
3050137,1000,1724.0,-0.3520,0.2168,-8.4832,-0.02759,-0.00811,0.05299,0.0,
3050157,1000,1724.0,-1.1070,0.0758,-8.8152,0.01241,-0.05911,0.03299,0.0,
3050177,1000,1724.0,-0.2210,-1.0912,-7.6922,0.09341,0.01589,0.04499,0.0,
3050197,1000,1724.0,0.1020,0.2058,-8.4412,-0.02659,-0.01311,0.04199,0.0,
3050217,1000,1724.0,0.4320,-0.6082,-7.3312,0.06041,0.07689,0.03599,0.0,
3050237,1000,1724.0,0.2520,0.7428,-7.6952,-0.05859,0.07589,0.05999,0.0,
3050257,1000,1724.0,0.6300,-0.3252,-7.6292,0.02941,0.09189,0.04199,0.0,
3050277,1000,1724.0,-0.0470,-0.2242,-7.8182,0.01141,0.02689,0.04099,0.0,
3050297,1000,1724.0,-0.0490,-0.1942,-7.0952,0.00241,0.03689,0.03999,0.0,
3050317,1000,1724.0,0.5820,-0.7632,-8.6252,0.03941,0.08489,0.05399,0.0,
3050337,1000,1724.0,-0.7250,0.1758,-8.3132,0.01441,-0.06011,0.02299,0.0,
3050357,1000,1724.0,-0.4760,0.0158,-8.3042,-0.00359,-0.00011,0.04599,0.0,
3050377,1000,1724.0,-1.3540,0.3058,-8.7052,-0.01459,-0.11411,0.04999,0.0,
3050397,1000,1724.0,-1.2510,-0.0392,-8.4992,0.01541,-0.12911,0.02199,0.0,
3050417,1000,1724.0,-0.1430,-0.5162,-8.6332,0.04041,-0.00011,0.02999,0.0,
3050437,1000,1724.0,-1.2640,-0.8862,-8.8752,0.07441,-0.12411,0.05399,0.0,
3050457,1000,1724.0,-0.0080,-0.1502,-8.6012,0.00641,0.00789,0.03599,0.0,
3050477,1000,1724.0,-1.0220,0.8628,-7.9982,-0.04359,-0.05911,0.04899,0.0,
3050497,1000,1724.0,0.9840,-1.1492,-8.0712,0.06341,0.13689,0.05499,0.0,
3050517,1000,1724.0,0.5000,0.4628,-9.6542,-0.08659,0.07489,0.07199,0.0,
3050537,1000,1724.0,0.5340,-0.3072,-7.9932,0.03841,0.08189,0.05499,0.0,
3050557,1000,1724.0,-0.2090,-0.3032,-6.6432,0.03841,0.04289,0.03899,0.0,
3050577,1000,1724.0,-0.4220,0.0848,-9.1832,0.02241,0.00089,0.03799,0.0,
3050597,1000,1724.0,0.3260,0.8228,-8.0772,-0.04559,0.10389,0.05499,0.0,
3050617,1000,1724.0,0.3580,-0.2382,-8.3392,0.03641,0.06089,0.02199,0.0,
3050637,1000,1724.0,-0.3220,-0.2362,-8.1432,0.01641,0.00189,0.04799,0.0,
3050657,1000,1724.0,-0.7680,1.2998,-8.8212,-0.11059,-0.03111,0.05299,0.0,
3050677,1000,1724.0,-1.6980,0.2188,-8.8432,-0.00059,-0.09111,0.03199,0.0,
3050697,1000,1724.0,-0.0120,0.6478,-8.7282,-0.03259,0.02589,0.05399,0.0,
3050717,1000,1724.0,1.6750,-0.1182,-7.5072,-0.00559,0.19089,0.03899,0.0,
3050737,1000,1724.0,-0.8230,0.3048,-9.5412,-0.02959,-0.07611,0.04599,0.0,
3050757,1000,1724.0,-0.0650,-0.4012,-7.4472,0.06241,0.02889,0.03999,0.0,
3050777,1000,1724.0,1.3150,0.4918,-8.3352,-0.05759,0.14189,0.07699,0.0,
3050797,1000,1724.0,0.1590,-0.5472,-7.3632,0.07741,0.05789,0.04899,0.0,
3050817,1000,1724.0,0.9140,0.8808,-8.3422,-0.05259,0.10789,0.03899,0.0,
3050837,1000,1724.0,0.4960,-0.7932,-8.2402,0.05941,0.06889,0.04599,0.0,
3050857,1000,1724.0,0.2730,-0.1792,-6.2352,-0.03159,0.16689,0.03899,0.0,
3050877,1000,1724.0,0.5820,-0.2122,-8.1312,0.00741,0.07189,0.05399,0.0,
3050897,1000,1724.0,0.0720,-0.5212,-8.4242,0.03041,0.01389,0.05699,0.0,
3050917,1000,1724.0,1.0910,0.7388,-7.1102,-0.05159,0.17189,0.06299,0.0,
3050937,1000,1724.0,-0.3440,-0.7772,-8.1002,0.05541,0.00389,0.04399,0.0,
3050957,1000,1724.0,-1.3430,0.3798,-7.9762,-0.02559,-0.11511,0.03899,0.0,
3050977,1000,1724.0,0.0910,0.3278,-9.4602,0.02341,-0.01311,0.02799,0.0,
3050997,1000,1724.0,-1.4380,-1.2032,-9.8522,0.10341,-0.12011,0.03699,0.0,
3051017,1000,1724.0,0.4420,0.0238,-8.5342,0.02441,0.04089,0.03699,0.0,
3051037,1000,1724.0,-1.8060,0.1338,-8.6242,0.00641,-0.16011,0.04599,0.0,
3051057,1000,1724.0,1.2260,-0.4442,-9.2202,0.00841,0.09989,0.03899,0.0,
3051077,1000,1724.0,0.1840,-0.6102,-9.9462,0.03041,0.03389,0.02399,0.0,
3051097,1000,1724.0,0.6950,0.1328,-8.7762,-0.03359,0.06989,0.05599,0.0,
3051117,1000,1724.0,-0.2850,-1.1752,-7.3172,0.10941,-0.00611,0.03999,0.0,
3051137,1000,1724.0,0.0930,0.2218,-8.6162,-0.05659,0.06689,0.04499,0.0,
3051157,1000,1724.0,-0.2920,0.3718,-6.7102,-0.03559,0.03289,0.03999,0.0,
3051177,1000,1724.0,0.3050,-0.5792,-8.5922,0.03941,0.14189,0.05999,0.0,
3051197,1000,1724.0,0.6710,-0.5362,-7.8082,0.05341,-0.01311,0.03599,0.0,
3051217,1000,1724.0,0.4520,0.0428,-7.4102,0.01441,0.09489,0.04199,0.0,
3051237,1000,1724.0,0.7060,0.2558,-8.1722,0.01441,0.11189,0.03699,0.0,
3051257,1000,1724.0,0.3830,-0.9242,-7.2482,0.09041,0.07189,0.05099,0.0,
3051277,1000,1724.0,-0.0870,-0.2492,-8.3902,0.03341,-0.00011,0.05499,0.0,
3051297,1000,1724.0,-1.5050,1.3148,-8.6232,-0.11459,-0.10711,0.05299,0.0,
3051317,1000,1724.0,0.6240,0.0658,-7.7802,-0.00259,0.11489,0.04499,0.0,
3051337,1000,1724.0,-0.8180,1.2558,-7.6162,-0.11659,-0.06311,0.06899,0.0,
3051357,1000,1724.0,0.0220,0.4998,-8.8592,-0.03459,0.01189,0.02999,0.0,
3051377,1000,1724.0,-0.0270,-0.2512,-8.7492,0.03141,0.03989,0.04799,0.0,
3051397,1000,1724.0,-0.3120,-0.0812,-8.3172,0.02541,-0.02411,0.03399,0.0,
3051417,1000,1724.0,-0.0320,0.5778,-7.7652,-0.05659,0.04689,0.05799,0.0,
3051437,1000,1724.0,1.0700,-0.8672,-8.2052,0.04041,0.13589,0.03299,0.0,
3051457,1000,1724.0,1.0520,1.4108,-8.4952,-0.12659,0.16089,0.05799,0.0,
3051477,1000,1724.0,-0.0220,-0.6272,-7.6692,0.04541,0.02789,0.05299,0.0,
3051497,1000,1724.0,-0.3430,0.5328,-9.2802,-0.04459,-0.00611,0.05399,0.0,
3051517,1000,1724.0,0.8970,-0.4992,-7.1182,0.02441,0.12189,0.03399,0.0,
3051537,1000,1724.0,0.7100,0.2958,-8.2752,-0.01059,0.05289,0.04999,0.0,
3051557,1000,1724.0,-0.5090,-0.2222,-9.0302,0.03241,-0.04111,0.04499,0.0,
3051577,1000,1724.0,0.5450,0.4498,-8.7042,-0.01559,0.10189,0.03499,0.0,
3051597,1000,1724.0,-1.4360,-1.0782,-8.2212,0.11341,-0.10811,0.02199,0.0,
3051617,1000,1724.0,-0.9020,-0.7462,-7.6552,0.05341,-0.04811,0.04299,0.0,
3051637,1000,1724.0,-1.0490,0.4108,-8.3692,-0.02059,-0.06611,0.04199,0.0,
3051657,1000,1724.0,-0.7760,-0.3352,-8.2522,0.03541,-0.01811,0.05699,0.0,
3051677,1000,1724.0,0.2360,0.1678,-8.6322,-0.01159,0.05289,0.07199,0.0,
3051697,1000,1724.0,-0.7690,0.4618,-7.6182,-0.04259,-0.04211,0.07799,0.0,
3051717,1000,1724.0,-0.6740,0.3278,-9.2232,-0.01359,-0.04211,0.03099,0.0,
3051737,1000,1724.0,-0.3920,0.0068,-8.0712,-0.02759,-0.03911,0.05999,0.0,
3051757,1000,1724.0,-0.2120,-0.0522,-8.1552,0.05341,-0.01511,0.03999,0.0,
3051777,1000,1724.0,-0.6630,-0.1232,-7.7662,-0.00759,-0.01011,0.01499,0.0,
3051797,1000,1724.0,-0.7150,0.2528,-8.5802,-0.01359,0.00489,0.04699,0.0,
3051817,1000,1724.0,0.7840,-0.0512,-8.0992,-0.02059,0.09489,0.05699,0.0,
3051837,1000,1724.0,0.5070,-0.4232,-7.7282,0.01241,0.08289,0.03999,0.0,
3051857,1000,1724.0,0.3570,0.4388,-8.8262,-0.05259,0.05389,0.05899,0.0,
3051877,1000,1724.0,1.1000,0.4148,-8.6962,-0.03459,0.16989,0.04399,0.0,
3051897,1000,1724.0,0.9300,0.7148,-7.5292,-0.04559,0.13089,0.06699,0.0,
3051917,1000,1724.0,-1.6080,-0.1042,-9.3632,0.01941,-0.06311,0.03499,0.0,
3051937,1000,1724.0,0.7170,-0.2972,-8.3952,0.03241,0.07389,0.04599,0.0,
3051957,1000,1724.0,-0.0490,-1.6132,-7.8202,0.13241,0.03989,0.03999,0.0,
3051977,1000,1724.0,-0.6020,0.6888,-8.1342,-0.02959,-0.01411,0.04499,0.0,
3051997,1000,1724.0,-0.3430,-0.7822,-8.4062,0.03141,-0.05311,0.04399,0.0,
3052017,1000,1724.0,-0.9130,0.0728,-8.4722,0.00241,-0.03611,0.04999,0.0,
3052037,1000,1724.0,-1.3580,0.4748,-7.2862,-0.02259,-0.04511,0.05299,0.0,
3052057,1000,1724.0,-1.0500,-0.1752,-8.8452,0.00541,-0.13011,0.04599,0.0,
3052077,1000,1724.0,-0.6440,-0.2522,-8.9722,0.02641,-0.02711,0.03099,0.0,
3052097,1000,1724.0,-0.1710,0.2528,-7.4402,-0.02659,0.02189,0.04999,0.0,
3052117,1000,1724.0,0.2380,-0.1782,-8.7832,0.04341,0.00489,0.03899,0.0,
3052137,1000,1724.0,0.0200,-0.8032,-8.1052,0.07841,0.06589,0.03799,0.0,
3052157,1000,1724.0,-0.8960,0.0558,-8.8782,-0.01659,-0.05011,0.04299,0.0,
3052177,1000,1724.0,0.7710,0.3788,-8.7642,-0.04059,0.08189,0.04599,0.0,
3052197,1000,1724.0,0.0400,0.6568,-7.4852,-0.08359,0.04989,0.05099,0.0,
3052217,1000,1724.0,-0.4470,0.6918,-8.9642,-0.07759,0.06089,0.04599,0.0,
3052237,1000,1724.0,0.7070,0.2198,-8.4122,0.00841,0.08289,0.04999,0.0,
3052257,1000,1724.0,0.3100,0.5238,-8.1662,-0.05259,0.06789,0.08199,0.0,
3052277,1000,1724.0,0.0090,0.3458,-8.7672,-0.01659,0.04689,0.10199,0.0,
3052297,1000,1724.0,0.6300,-0.4302,-8.6552,0.03241,0.15689,0.10299,0.0,
3052317,1000,1724.0,-1.3870,-0.3762,-8.6202,0.06641,-0.12011,0.06099,0.0,
3052337,1000,1724.0,-0.4820,0.1678,-10.1002,-0.01459,0.02089,0.07699,0.0,
3052357,1000,1724.0,-0.7740,0.1958,-9.3482,-0.00559,-0.03011,0.07999,0.0,
3052377,1000,1724.0,-1.0100,-0.9502,-9.5442,0.07841,-0.06311,0.08199,0.0,
3052397,1000,1724.0,0.6420,0.8768,-9.9282,-0.08759,0.11389,0.08499,0.0,
3052417,1000,1724.0,-1.3470,-1.3342,-10.2462,0.11641,-0.09911,0.06199,0.0,
3052437,1000,1724.0,-1.0780,1.0528,-9.6692,-0.05559,-0.07511,0.08599,0.0,
3052457,1000,1724.0,0.4970,-1.2382,-9.1332,0.08741,0.08189,0.06999,0.0,
3052477,1000,1724.0,-0.9440,-0.3832,-10.6882,0.03241,-0.06111,0.07199,0.0,
3052497,1000,1724.0,-0.0560,0.4848,-9.8902,-0.00959,0.01189,0.05899,0.0,
3052517,1000,1724.0,-0.4710,-0.2312,-10.0652,-0.01159,-0.01411,0.06899,0.0,
3052537,1000,1724.0,-0.3490,-0.8752,-11.1612,0.08241,-0.00711,0.07899,0.0,
3052557,1000,1724.0,-0.3100,0.9858,-9.0722,-0.09059,0.01889,0.07199,0.0,
3052577,1000,1724.0,0.1850,-0.8722,-9.2032,0.03841,0.04789,0.07799,0.0,
3052597,1000,1724.0,1.0990,0.3628,-8.9732,-0.02359,0.15289,0.06499,0.0,
3052617,1000,1724.0,-0.1180,0.3888,-10.3382,-0.06559,0.09789,0.07599,0.0,
3052637,1000,1724.0,0.9080,-0.2752,-9.3382,0.02541,0.03089,0.06599,0.0,
3052657,1000,1724.0,0.4390,-0.4852,-8.9152,0.02241,0.13289,0.07199,0.0,
3052677,1000,1724.0,-0.1470,0.5298,-10.2282,-0.02959,0.01489,0.08299,0.0,
3052697,1000,1724.0,0.2460,-0.5172,-9.3692,0.03641,0.06889,0.04199,0.0,
3052717,1000,1724.0,0.8030,0.0388,-9.5712,-0.00359,0.11889,0.10199,0.0,
3052737,1000,1724.0,-0.3190,-0.3002,-10.1002,0.02441,0.00589,0.05899,0.0,
3052757,1000,1724.0,-0.6820,0.1618,-9.8222,-0.00259,-0.01311,0.08299,0.0,
3052777,1000,1724.0,0.5840,0.7358,-9.7962,-0.04359,0.10789,0.07899,0.0,
3052797,1000,1724.0,-1.1630,0.3468,-9.4352,-0.00459,-0.06711,0.05999,0.0,
3052817,1000,1724.0,0.1270,-0.4202,-9.1272,0.03541,0.05889,0.08599,0.0,
3052837,1000,1724.0,-0.1920,-0.5732,-10.7392,0.04641,0.00589,0.06399,0.0,
3052857,1000,1724.0,-0.4860,0.7398,-9.6862,-0.04459,0.02789,0.07899,0.0,
3052877,1000,1724.0,-0.1720,-0.5682,-9.5962,0.04541,0.01489,0.08199,0.0,
3052897,1000,1724.0,-0.8460,-0.0742,-9.9432,0.01741,-0.04311,0.07299,0.0,
3052917,1000,1724.0,-0.6920,0.8428,-9.9392,-0.07459,-0.04811,0.07399,0.0,
3052937,1000,1724.0,0.3130,-0.0662,-11.1092,0.04141,0.08589,0.06899,0.0,
3052957,1000,1724.0,0.5200,0.2008,-9.4822,-0.04959,0.07189,0.07699,0.0,
3052977,1000,1724.0,-0.0160,-0.3952,-10.1912,0.03441,0.01589,0.06599,0.0,
3052997,1000,1724.0,0.3730,0.1968,-10.1582,-0.02959,0.08289,0.08299,0.0,
3053017,1000,1724.0,0.7550,-0.7742,-8.0632,0.06941,0.12289,0.05799,0.0,
3053037,1000,1724.0,0.6510,0.1568,-9.6402,-0.02259,0.07489,0.07199,0.0,
3053057,1000,1724.0,-0.4380,-0.3192,-10.3112,0.01241,0.06289,0.07099,0.0,
3053077,1000,1724.0,0.9860,-0.1302,-9.2972,0.01541,0.07489,0.07399,0.0,
3053097,1000,1724.0,-0.6390,0.0418,-8.3932,-0.01359,-0.01111,0.05999,0.0,
3053117,1000,1724.0,0.7140,0.7098,-9.4312,-0.03759,0.11289,0.05999,0.0,
3053137,1000,1724.0,-0.7250,0.1478,-10.1042,-0.05559,0.06089,0.06099,0.0,
3053157,1000,1724.0,0.4130,-0.0582,-9.7112,0.02741,0.01989,0.09099,0.0,
3053177,1000,1724.0,0.3300,-0.3522,-9.8432,0.01841,0.07189,0.05899,0.0,
3053197,1000,1724.0,0.7210,0.3028,-9.4872,-0.00059,0.11389,0.07099,0.0,
3053217,1000,1724.0,-1.0770,-0.2822,-9.6812,0.02341,-0.01411,0.06799,0.0,
3053237,1000,1724.0,0.4330,0.0278,-10.2412,-0.01459,0.07689,0.09499,0.0,
3053257,1000,1724.0,-0.4210,0.1388,-10.2022,0.01741,-0.00811,0.04899,0.0,
3053277,1000,1724.0,-0.8420,-0.5972,-9.2442,0.05741,-0.05311,0.07799,0.0,
3053297,1000,1724.0,0.5070,-0.1572,-10.0142,0.03041,0.09489,0.06199,0.0,
3053317,1000,1724.0,-1.9580,0.0738,-10.8592,-0.00859,-0.13611,0.07599,0.0,
3053337,1000,1724.0,-0.3730,0.3258,-9.6662,0.00441,-0.02811,0.04999,0.0,
3053357,1000,1724.0,-0.0630,-0.7052,-9.1372,-0.00159,-0.02911,0.08999,0.0,
3053377,1000,1724.0,-0.7080,0.3158,-10.8542,0.02041,0.02689,0.07099,0.0,
3053397,1000,1724.0,0.8720,-0.5582,-9.7332,0.04441,0.07589,0.05899,0.0,
3053417,1000,1724.0,0.2720,0.6158,-9.5332,-0.05159,0.04689,0.07199,0.0,
3053437,1000,1724.0,0.2730,-1.2872,-9.9582,0.07541,0.09789,0.07299,0.0,
3053457,1000,1724.0,0.5420,-0.2902,-9.7452,0.01641,0.11689,0.05899,0.0,
3053477,1000,1724.0,0.3840,0.6718,-9.2402,-0.03659,-0.01211,0.07099,0.0,
3053497,1000,1724.0,0.6500,-0.9782,-8.8902,0.06041,0.14889,0.06399,0.0,
3053517,1000,1724.0,0.7710,0.9038,-10.0742,-0.09159,0.09889,0.08499,0.0,
3053537,1000,1724.0,-1.1110,0.1248,-9.8882,-0.01759,-0.07311,0.07499,0.0,
3053557,1000,1724.0,0.3460,-0.1482,-8.6072,0.01141,0.09789,0.06199,0.0,
3053577,1000,1724.0,-0.3490,0.3028,-11.1572,0.00141,0.00289,0.07099,0.0,
3053597,1000,1724.0,0.0210,-0.5422,-9.4102,0.04341,0.01489,0.06799,0.0,
3053617,1000,1724.0,0.4630,0.0898,-8.8312,0.02841,0.11789,0.07399,0.0,
3053637,1000,1724.0,0.0340,-1.5002,-10.0992,0.11041,0.02889,0.05399,0.0,
3053657,1000,1724.0,-0.5150,0.1748,-9.7632,0.01641,-0.06611,0.07899,0.0,
3053677,1000,1724.0,-0.8530,-1.3812,-9.9042,0.11241,0.00189,0.05499,0.0,
3053697,1000,1724.0,-0.6980,1.1708,-10.7612,-0.04959,-0.04911,0.07599,0.0,
3053717,1000,1724.0,-1.0590,-0.6312,-9.8842,0.04441,-0.04211,0.09099,0.0,
3053737,1000,1724.0,0.1570,0.2368,-10.1722,-0.01659,0.00289,0.06799,0.0,
3053757,1000,1724.0,-0.7240,-0.5932,-9.5132,0.01841,-0.07411,0.09199,0.0,
3053777,1000,1724.0,0.6880,-0.2252,-10.5162,0.04441,0.14589,0.06899,0.0,
3053797,1000,1724.0,0.1090,-0.7132,-9.3982,0.01741,0.00289,0.08799,0.0,
3053817,1000,1724.0,0.5310,-0.2242,-9.4332,0.03441,0.08989,0.05099,0.0,
3053837,1000,1724.0,-0.0160,-0.4602,-9.8552,0.00341,0.04889,0.09499,0.0,
3053857,1000,1724.0,-0.1950,-0.1352,-9.2482,0.01641,0.01389,0.05799,0.0,
3053877,1000,1724.0,0.6870,0.3738,-10.3022,-0.04959,0.11289,0.08699,0.0,
3053897,1000,1724.0,-0.5150,-0.3252,-9.8872,0.04741,-0.02811,0.04999,0.0,
3053917,1000,1724.0,0.0400,0.3988,-7.9842,-0.05059,0.07189,0.07799,0.0,
3053937,1000,1724.0,-0.7040,0.4048,-9.9942,-0.04059,-0.00411,0.07399,0.0,
3053957,1000,1724.0,0.1510,-0.2002,-9.4812,0.00541,0.04989,0.06799,0.0,
3053977,1000,1724.0,0.9930,0.1048,-9.9322,-0.02459,0.13589,0.07899,0.0,
3053997,1000,1724.0,0.0740,-0.6752,-9.5792,0.07541,0.05889,0.07699,0.0,
3054017,1000,1724.0,-0.2070,0.9218,-9.5002,-0.09659,0.00589,0.06499,0.0,
3054037,1000,1724.0,0.2490,-0.8412,-10.0312,0.07041,0.09689,0.08299,0.0,
3054057,1000,1724.0,-0.8400,0.3438,-10.1432,-0.00359,-0.04311,0.07099,0.0,
3054077,1000,1724.0,-0.3320,0.2308,-9.2222,-0.02859,-0.00311,0.05599,0.0,
3054097,1000,1724.0,-1.2430,0.1728,-10.9932,-0.00659,-0.06911,0.09199,0.0,
3054117,1000,1724.0,-1.4530,-0.0332,-9.1382,0.00141,-0.09611,0.07299,0.0,
3054137,1000,1724.0,0.5310,0.4798,-9.8612,-0.02659,0.10889,0.06899,0.0,
3054157,1000,1724.0,-1.9670,0.3838,-10.4702,-0.03859,-0.16111,0.09899,0.0,
3054177,1000,1724.0,-0.7830,0.1188,-10.1902,0.01541,-0.04211,0.05499,0.0,
3054197,1000,1724.0,-0.3260,-0.3622,-9.3092,0.01941,-0.03811,0.07099,0.0,
3054217,1000,1724.0,0.2670,-0.6802,-11.2732,0.08041,0.08889,0.07099,0.0,
3054237,1000,1724.0,0.3370,-0.1152,-9.9812,0.00241,0.06789,0.06799,0.0,
3054257,1000,1724.0,-0.6150,-0.5842,-9.4992,0.04741,-0.04011,0.06399,0.0,
3054277,1000,1724.0,0.7360,0.4058,-9.4252,-0.03059,0.15089,0.08199,0.0,
3054297,1000,1724.0,-0.1140,0.3008,-9.9232,-0.01859,-0.01211,0.07299,0.0,
3054317,1000,1724.0,-0.4810,-0.4372,-9.1382,0.03041,-0.00211,0.08999,0.0,
3054337,1000,1724.0,2.1590,0.5498,-9.2222,-0.04059,0.22889,0.05899,0.0,
3054357,1000,1724.0,-0.3110,-0.5552,-8.6032,0.04241,0.03689,0.07499,0.0,
3054377,1000,1724.0,-0.7340,0.1508,-10.2712,-0.01259,-0.04411,0.06599,0.0,
3054397,1000,1724.0,0.9550,0.2478,-9.1542,-0.00859,0.15889,0.08599,0.0,
3054417,1000,1724.0,0.2370,1.2178,-10.1142,-0.10759,0.08889,0.06199,0.0,
3054437,1000,1724.0,0.1550,-0.5522,-9.8432,0.04741,0.02189,0.07999,0.0,
3054457,1000,1724.0,-0.2460,0.5208,-8.9002,-0.04059,0.02989,0.06699,0.0,
3054477,1000,1724.0,0.6320,-0.3242,-10.1582,0.01541,0.10589,0.09499,0.0,
3054497,1000,1724.0,0.0070,1.2258,-9.9302,-0.04059,0.00289,0.04199,0.0,
3054517,1000,1724.0,-0.5530,-0.2752,-10.3102,-0.04059,0.04489,0.08899,0.0,
3054537,1000,1724.0,-1.0860,0.4188,-9.8132,-0.01559,-0.07611,0.05299,0.0,
3054557,1000,1724.0,0.1940,-0.6972,-9.7662,0.04041,0.08289,0.08399,0.0,
3054577,1000,1724.0,-0.3540,0.3348,-9.8292,-0.00159,-0.14711,0.06599,0.0,
3054597,1000,1724.0,-0.9300,-1.0772,-8.9312,0.08241,0.01289,0.06099,0.0,
3054617,1000,1724.0,0.5140,1.2328,-10.5762,-0.07759,0.08789,0.07699,0.0,
3054637,1000,1724.0,-0.7150,-0.6972,-10.3322,0.07041,-0.03011,0.05999,0.0,
3054657,1000,1724.0,-0.1520,0.3498,-9.1082,-0.03059,-0.01711,0.10299,0.0,
3054677,1000,1724.0,-0.1590,-0.1952,-9.1862,0.03241,0.03689,0.05499,0.0,
3054697,1000,1724.0,0.1860,-0.2952,-9.7232,-0.01259,0.07489,0.09499,0.0,
3054717,1000,1724.0,0.3470,-0.4842,-9.8432,0.05441,0.05589,0.05899,0.0,
3054737,1000,1724.0,-0.3890,0.5168,-10.2382,-0.02259,0.01489,0.06799,0.0,
3054757,1000,1724.0,0.7790,-0.5622,-8.7222,0.04341,0.12589,0.06899,0.0,
3054777,1000,1724.0,0.3280,0.3118,-10.5732,-0.03759,0.07889,0.07399,0.0,
3054797,1000,1724.0,0.1840,-0.3722,-8.8792,0.02341,0.06689,0.07699,0.0,
3054817,1000,1724.0,-0.5920,-0.3662,-9.0312,0.02441,-0.01611,0.06999,0.0,
3054837,1000,1724.0,1.4600,0.2968,-9.9962,-0.02859,0.15589,0.06199,0.0,
3054857,1000,1724.0,-0.5330,-0.4012,-9.3522,0.04541,0.01389,0.07299,0.0,
3054877,1000,1724.0,-0.3710,0.7398,-9.6422,-0.06859,0.01289,0.09599,0.0,
3054897,1000,1724.0,0.3130,-1.1962,-10.0082,0.08941,0.06789,0.06999,0.0,
3054917,1000,1724.0,0.5080,0.2468,-8.4222,-0.02459,0.05589,0.07599,0.0,
3054937,1000,1724.0,-0.6630,0.1038,-11.2012,-0.00859,-0.02111,0.06699,0.0,
3054957,1000,1724.0,-0.4190,-0.1302,-10.6012,0.03041,-0.00111,0.05599,0.0,
3054977,1000,1724.0,-0.2470,-0.1422,-9.7052,0.00041,0.01089,0.09199,0.0,
3054997,1000,1724.0,-1.4100,0.5468,-9.6272,-0.03059,-0.11611,0.04799,0.0,
3055017,1000,1724.0,-1.2830,0.6598,-10.3952,-0.07059,-0.06911,0.10599,0.0,
3055037,1000,1724.0,-0.0850,0.4098,-10.8692,-0.01659,0.03989,0.06199,0.0,
3055057,1000,1724.0,-0.5110,-0.7932,-9.6542,0.06241,-0.06011,0.06499,0.0,
3055077,1000,1724.0,-1.1160,-0.6422,-10.2622,0.04841,-0.05411,0.06399,0.0,
3055097,1000,1724.0,0.1380,1.2228,-10.8232,-0.08859,0.02689,0.08399,0.0,
3055117,1000,1724.0,-0.5280,-0.7102,-8.6872,0.02741,0.03389,0.06899,0.0,
3055137,1000,1724.0,1.3470,0.0298,-10.1132,-0.00159,0.14489,0.08699,0.0,
3055157,1000,1724.0,-0.7610,0.1128,-9.7672,-0.00459,-0.03911,0.04299,0.0,
3055177,1000,1724.0,0.5740,-0.2112,-8.2502,-0.01059,0.12389,0.08599,0.0,
3055197,1000,1724.0,0.2950,-0.3162,-9.6942,0.04241,0.06389,0.06099,0.0,
3055217,1000,1724.0,-0.4960,0.6738,-10.3002,-0.02659,-0.01011,0.06299,0.0,
3055237,1000,1724.0,0.3240,0.3528,-9.1052,-0.02859,0.08889,0.07399,0.0,
3055257,1000,1724.0,-0.3930,-0.2232,-9.2392,0.02041,0.02889,0.08699,0.0,
3055277,1000,1724.0,0.4570,-0.2912,-10.2542,0.01141,0.07989,0.08899,0.0,
3055297,1000,1724.0,-0.6730,0.1368,-9.8362,0.00641,0.01489,0.05899,0.0,
3055317,1000,1724.0,0.1020,0.3068,-9.3782,-0.00359,0.04789,0.08399,0.0,
3055337,1000,1724.0,0.0730,-0.2882,-10.2372,0.03741,0.02189,0.05899,0.0,
3055357,1000,1724.0,-0.6530,0.4998,-9.8922,-0.02959,-0.00011,0.08399,0.0,
3055377,1000,1724.0,-0.7610,0.0938,-9.8822,-0.03659,-0.02011,0.09199,0.0,
3055397,1000,1724.0,-0.5410,0.2328,-9.9672,0.02541,-0.03311,0.05499,0.0,
3055417,1000,1724.0,-0.9910,0.0638,-10.4322,0.04441,-0.17011,0.05799,0.0,
3055437,1000,1724.0,0.6390,0.1818,-9.3852,-0.06759,0.18089,0.06299,0.0,
3055457,1000,1724.0,-1.2490,-0.3692,-9.6332,0.04141,-0.07011,0.08399,0.0,
3055477,1000,1724.0,-0.0680,0.2038,-11.3932,-0.02159,-0.01111,0.05799,0.0,
3055497,1000,1724.0,0.1710,-0.0272,-8.9862,0.00841,0.04889,0.06999,0.0,
3055517,1000,1724.0,-0.7600,0.0688,-9.9752,-0.00259,-0.00411,0.07099,0.0,
3055537,1000,1724.0,0.6770,-0.0752,-10.0772,-0.01059,0.05889,0.08199,0.0,
3055557,1000,1724.0,0.9730,0.6368,-9.4582,-0.03259,0.12289,0.04499,0.0,
3055577,1000,1724.0,-0.7220,-0.0312,-10.1292,0.02541,-0.03111,0.08099,0.0,
3055597,1000,1724.0,0.7830,0.2548,-8.7892,-0.05359,0.11389,0.06899,0.0,
3055617,1000,1724.0,0.5290,-0.8462,-10.0122,0.05541,0.12589,0.08399,0.0,
3055637,1000,1724.0,-1.0700,1.1958,-10.4182,-0.08259,-0.01211,0.04999,0.0,
3055657,1000,1724.0,1.2660,-0.6082,-8.9032,0.05741,0.09489,0.06299,0.0,
3055677,1000,1724.0,-0.0610,-0.3602,-9.3852,0.03641,0.05989,0.08499,0.0,
3055697,1000,1724.0,0.0300,-0.1852,-9.4932,0.00841,0.04189,0.07199,0.0,
3055717,1000,1724.0,0.0020,1.0088,-8.7812,-0.00759,0.03089,0.06699,0.0,
3055737,1000,1724.0,-0.3450,-0.7912,-11.1442,0.03241,0.01889,0.08099,0.0,
3055757,1000,1724.0,0.1220,0.7358,-9.2272,-0.06559,0.05089,0.07699,0.0,
3055777,1000,1724.0,-1.9630,-0.5482,-10.0212,0.07941,-0.10511,0.07399,0.0,
3055797,1000,1724.0,-0.5090,0.3498,-9.6972,0.01241,-0.00111,0.06499,0.0,
3055817,1000,1724.0,0.6010,-0.1892,-9.0252,0.00441,0.09489,0.05999,0.0,
3055837,1000,1724.0,-1.0360,-0.1942,-11.0492,0.05441,-0.07411,0.09799,0.0,
3055857,1000,1724.0,-1.3940,0.3538,-10.4312,-0.02259,-0.07811,0.05799,0.0,
3055877,1000,1724.0,0.6510,0.1938,-9.4902,-0.02659,0.11189,0.08499,0.0,
3055897,1000,1724.0,-1.0140,-0.5152,-10.7442,0.05341,-0.07511,0.07499,0.0,
3055917,1000,1724.0,0.3470,1.2978,-8.7322,-0.10059,0.05389,0.08999,0.0,
3055937,1000,1724.0,0.0550,-0.6032,-10.1482,0.04741,0.03989,0.06699,0.0,
3055957,1000,1724.0,0.3570,0.4468,-9.6542,-0.03459,0.05189,0.06899,0.0,
3055977,1000,1724.0,0.0390,0.1708,-9.4312,-0.04259,0.05289,0.06199,0.0,
3055997,1000,1724.0,-0.5150,-0.5312,-9.1282,0.04841,-0.02311,0.08099,0.0,
3056017,1000,1724.0,0.2570,0.9478,-9.7292,-0.08759,0.15189,0.06199,0.0,
3056037,1000,1724.0,1.1940,-0.2122,-10.3422,-0.02459,0.16889,0.06799,0.0,
3056057,1000,1724.0,-0.2390,0.4548,-9.5232,-0.00459,-0.06311,0.07699,0.0,
3056077,1000,1724.0,1.0310,0.1328,-8.8942,-0.01459,0.14789,0.06099,0.0,
3056097,1000,1724.0,0.4610,-0.0082,-9.6682,-0.01559,0.09589,0.08599,0.0,
3056117,1000,1724.0,-0.7900,0.3568,-9.9062,-0.01059,-0.01011,0.05599,0.0,
3056137,1000,1724.0,0.8320,0.5348,-9.7932,-0.02159,0.09989,0.08099,0.0,
3056157,1000,1724.0,-0.8420,-1.4862,-9.6402,0.11141,0.01289,0.07799,0.0,
3056177,1000,1724.0,-0.1030,0.6468,-9.7132,-0.02459,-0.01811,0.05199,0.0,
3056197,1000,1724.0,-0.2000,-0.1592,-9.8022,0.00241,0.05489,0.07799,0.0,
3056217,1000,1724.0,-2.0350,0.5478,-9.8322,0.00941,-0.13311,0.06099,0.0,
3056237,1000,1724.0,1.0350,0.6778,-9.0692,-0.05059,0.06289,0.09299,0.0,
3056257,1000,1724.0,-1.2670,-0.4612,-11.1612,0.03141,0.00489,0.12699,0.0,
3056277,1000,1724.0,-0.1300,0.1308,-10.1822,0.02241,0.02889,0.13199,0.0,
3056297,1000,1724.0,0.3960,-0.3562,-11.6642,0.04041,0.06889,0.12399,0.0,
3056317,1000,1724.0,-1.0090,-0.0932,-10.8312,0.02841,-0.11111,0.12999,0.0,
3056337,1000,1724.0,0.3030,0.0558,-11.4942,0.03141,0.08089,0.10799,0.0,
3056357,1000,1724.0,0.1890,0.0308,-11.8672,-0.01059,0.08589,0.11299,0.0,
3056377,1000,1724.0,-0.6600,0.1828,-12.2282,-0.02259,-0.02711,0.06299,0.0,
3056397,1000,1724.0,-0.2000,-0.2022,-10.9952,0.01541,0.02589,0.10299,0.0,
3056417,1000,1724.0,0.1650,0.3038,-11.5442,-0.02059,0.06089,0.08099,0.0,
3056437,1000,1724.0,-0.0230,1.3068,-12.5742,-0.10359,0.01489,0.08999,0.0,
3056457,1000,1724.0,0.9260,0.0608,-11.3192,-0.01559,0.14089,0.08999,0.0,
3056477,1000,1724.0,-0.6160,-0.5942,-12.0512,0.07441,-0.00411,0.10699,0.0,
3056497,1000,1724.0,1.6780,-0.5002,-11.2702,-0.01659,0.19989,0.11799,0.0,
3056517,1000,1724.0,0.3630,-0.0642,-9.9982,-0.03259,0.08389,0.09599,0.0,
3056537,1000,1724.0,-0.8260,0.6798,-11.3792,-0.06559,0.04189,0.09299,0.0,
3056557,1000,1724.0,0.4540,0.0528,-10.5752,-0.00459,0.02389,0.10199,0.0,
3056577,1000,1724.0,0.2790,0.0268,-11.2162,-0.01459,0.08289,0.09699,0.0,
3056597,1000,1724.0,0.0870,-0.0302,-11.0612,0.01341,0.04289,0.09999,0.0,
3056617,1000,1724.0,0.5370,0.4338,-11.9892,-0.04259,0.20489,0.09499,0.0,
3056637,1000,1724.0,-0.4590,0.1488,-11.9862,0.01641,-0.05011,0.09399,0.0,
3056657,1000,1724.0,0.5480,-0.6132,-10.6832,0.04741,0.06289,0.09799,0.0,
3056677,1000,1724.0,0.1000,0.4468,-10.8242,-0.04659,0.05889,0.09299,0.0,
3056697,1000,1724.0,-0.6560,0.2258,-10.5792,-0.02859,-0.01111,0.10099,0.0,
3056717,1000,1724.0,-0.0350,0.1648,-11.1132,-0.02959,0.01489,0.08499,0.0,
3056737,1000,1724.0,-0.4990,-0.6922,-10.7172,0.06941,0.02889,0.12299,0.0,
3056757,1000,1724.0,0.4660,-0.9612,-11.8932,0.10141,0.11989,0.10299,0.0,
3056777,1000,1724.0,0.5890,1.0108,-11.3622,-0.07259,0.10189,0.09699,0.0,
3056797,1000,1724.0,-0.8950,0.1148,-11.7112,-0.01559,-0.04011,0.11899,0.0,
3056817,1000,1724.0,-1.5230,0.6518,-12.4712,-0.03559,-0.07311,0.09899,0.0,
3056837,1000,1724.0,0.6000,0.3098,-11.1772,-0.02159,0.01389,0.10699,0.0,
3056857,1000,1724.0,-1.3370,-1.2852,-11.2932,0.11941,-0.00611,0.06799,0.0,
3056877,1000,1724.0,-0.0470,-0.1382,-11.2442,0.02641,0.04389,0.11199,0.0,
3056897,1000,1724.0,-0.1540,0.2278,-11.8932,-0.00859,0.02989,0.09499,0.0,
3056917,1000,1724.0,-0.1600,-0.4352,-11.1382,0.00941,-0.04211,0.12099,0.0,
3056937,1000,1724.0,-1.1540,0.3868,-11.5302,-0.01059,-0.01111,0.11899,0.0,
3056957,1000,1724.0,-0.4590,-0.3122,-10.8092,0.00141,0.03089,0.09199,0.0,
3056977,1000,1724.0,-1.3190,-0.0142,-11.6002,0.02241,-0.09911,0.08499,0.0,
3056997,1000,1724.0,-0.4500,-0.1812,-11.3922,-0.00659,0.01989,0.10499,0.0,
3057017,1000,1724.0,0.4880,0.6828,-11.6972,-0.03959,0.05389,0.10299,0.0,
3057037,1000,1724.0,0.2080,1.0338,-12.2212,-0.08759,0.04189,0.11499,0.0,
3057057,1000,1724.0,-0.3850,0.2288,-11.8422,0.00841,0.02489,0.08299,0.0,
3057077,1000,1724.0,-0.9130,-0.3182,-11.4112,0.05541,-0.05911,0.09599,0.0,
3057097,1000,1724.0,0.5430,-1.6962,-10.5152,0.07741,0.14189,0.07499,0.0,
3057117,1000,1724.0,1.0850,-0.3072,-11.4192,-0.00359,0.13389,0.09599,0.0,
3057137,1000,1724.0,-0.8970,0.2968,-11.4162,-0.00659,-0.00311,0.11899,0.0,
3057157,1000,1724.0,0.2910,0.5788,-11.1802,-0.05559,0.00489,0.11199,0.0,
3057177,1000,1724.0,0.4810,0.8588,-11.8432,-0.07259,0.08289,0.12299,0.0,
3057197,1000,1724.0,0.7160,-1.1212,-10.5562,0.10341,0.11689,0.07799,0.0,
3057217,1000,1724.0,0.9560,-0.0512,-11.8612,-0.03759,0.18889,0.10999,0.0,
3057237,1000,1724.0,-1.1880,-0.4262,-11.7362,0.04441,-0.02311,0.08999,0.0,
3057257,1000,1724.0,-0.4640,-0.2442,-11.1152,-0.00859,-0.00411,0.10899,0.0,
3057277,1000,1724.0,-0.2640,0.4308,-10.4242,-0.01859,0.01589,0.10299,0.0,
3057297,1000,1724.0,0.2240,0.3898,-11.8812,-0.03259,0.05189,0.10499,0.0,
3057317,1000,1724.0,0.4880,0.8298,-11.3482,-0.03859,0.00489,0.10299,0.0,
3057337,1000,1724.0,-0.0330,-0.5532,-11.4602,0.05841,0.05289,0.10999,0.0,
3057357,1000,1724.0,-0.5510,-0.9782,-11.3002,0.09141,0.00189,0.08499,0.0,
3057377,1000,1724.0,0.4060,-0.2352,-11.3412,0.00041,0.07089,0.07899,0.0,
3057397,1000,1724.0,-1.1440,-0.0062,-11.5032,-0.01159,-0.04811,0.11699,0.0,
3057417,1000,1724.0,-0.8230,0.8498,-11.0352,-0.09259,0.00389,0.13399,0.0,
3057437,1000,1724.0,1.4790,-0.5172,-10.5672,0.05341,0.10289,0.11899,0.0,
3057457,1000,1724.0,-0.1770,-0.2372,-11.9422,0.02141,0.07389,0.10299,0.0,
3057477,1000,1724.0,0.0640,-0.4172,-11.1562,0.05741,0.06089,0.07499,0.0,
3057497,1000,1724.0,-0.4740,0.1218,-11.7402,0.03541,-0.04111,0.07699,0.0,
3057517,1000,1724.0,-1.0190,0.0858,-11.3602,-0.01759,-0.14411,0.10599,0.0,
3057537,1000,1724.0,-0.3200,-0.3262,-10.7772,0.01541,0.07289,0.11899,0.0,
3057557,1000,1724.0,0.4320,0.7008,-12.0982,-0.07259,0.07289,0.08999,0.0,
3057577,1000,1724.0,-0.8540,-1.2472,-11.6842,0.11641,-0.02111,0.11099,0.0,
3057597,1000,1724.0,0.4750,-0.6902,-11.7702,0.06041,0.10689,0.11899,0.0,
3057617,1000,1724.0,-0.5600,0.1878,-11.4992,0.01241,0.01089,0.10899,0.0,
3057637,1000,1724.0,0.3120,-0.2522,-11.1832,-0.01559,0.05789,0.11099,0.0,
3057657,1000,1724.0,-0.4730,1.2768,-11.1462,-0.09559,-0.01611,0.10499,0.0,
3057677,1000,1724.0,-1.0750,0.2248,-10.7402,-0.02259,-0.02011,0.10199,0.0,
3057697,1000,1724.0,1.0110,-0.3872,-11.1642,0.02841,0.12989,0.10399,0.0,
3057717,1000,1724.0,-0.3360,-0.1582,-11.5592,-0.00459,0.03489,0.09599,0.0,
3057737,1000,1724.0,-0.0290,-1.2452,-11.9522,0.13541,0.04889,0.08199,0.0,
3057757,1000,1724.0,-0.3030,0.4118,-11.0362,-0.01359,0.01489,0.10899,0.0,
3057777,1000,1724.0,0.1710,-0.8052,-11.4472,0.08741,0.04889,0.09799,0.0,
3057797,1000,1724.0,-0.8770,0.5788,-11.6732,-0.05259,-0.04211,0.11099,0.0,
3057817,1000,1724.0,0.2350,0.2488,-10.4792,-0.03759,0.06789,0.09499,0.0,
3057837,1000,1724.0,0.2540,-0.2172,-12.6752,-0.02559,0.11989,0.09399,0.0,
3057857,1000,1724.0,-0.9150,-0.5792,-10.7972,0.06641,-0.07011,0.10399,0.0,
3057877,1000,1724.0,0.6310,-1.0542,-10.6102,0.09541,0.13289,0.08199,0.0,
3057897,1000,1724.0,0.3750,0.4838,-11.1932,-0.02759,0.08889,0.11699,0.0,
3057917,1000,1724.0,0.6380,1.3828,-11.4592,-0.10759,0.11289,0.11299,0.0,
3057937,1000,1724.0,-0.4240,0.4758,-11.1172,-0.03259,0.02789,0.12099,0.0,
3057957,1000,1724.0,-0.3410,0.6618,-10.8192,-0.04259,0.02089,0.09599,0.0,
3057977,1000,1724.0,-0.5100,-0.3132,-11.0452,0.01341,0.01789,0.07199,0.0,
3057997,1000,1724.0,0.2290,0.2368,-11.8552,0.00641,0.07489,0.09099,0.0,
3058017,1000,1724.0,-1.6100,0.2008,-11.5002,-0.02059,-0.11211,0.08199,0.0,
3058037,1000,1724.0,0.7610,-0.7832,-11.9592,0.06041,0.09589,0.10099,0.0,
3058057,1000,1724.0,0.4950,0.6388,-11.2282,-0.04259,0.06389,0.12299,0.0,
3058077,1000,1724.0,-0.0100,0.1238,-11.8452,-0.02959,0.02089,0.11099,0.0,
3058097,1000,1724.0,-0.2640,0.5708,-12.3002,-0.07059,0.01289,0.13199,0.0,
3058117,1000,1724.0,-1.6000,-0.5452,-12.1492,0.04041,-0.08611,0.09799,0.0,
3058137,1000,1724.0,0.8630,-0.4112,-10.8922,0.00741,0.13389,0.10599,0.0,
3058157,1000,1724.0,0.2990,0.2948,-11.5422,-0.01959,0.09289,0.10799,0.0,
3058177,1000,1724.0,0.2360,-0.5182,-12.1032,0.03841,0.03189,0.07799,0.0,
3058197,1000,1724.0,-0.5010,1.7558,-10.6532,-0.08959,-0.04011,0.08899,0.0,
3058217,1000,1724.0,0.2050,0.1548,-11.1602,0.00541,0.06889,0.10099,0.0,
3058237,1000,1724.0,-0.4950,0.1038,-10.6462,-0.01659,-0.00311,0.12699,0.0,
3058257,1000,1724.0,0.3710,0.6078,-11.3712,-0.01859,0.05489,0.07199,0.0,
3058277,1000,1724.0,-0.5500,-0.8942,-11.4352,0.06341,0.01789,0.08699,0.0,
3058297,1000,1724.0,0.4430,-0.3772,-11.4092,0.02041,0.07489,0.09099,0.0,
3058317,1000,1724.0,-0.5500,-0.4002,-11.9602,0.03041,0.00389,0.11799,0.0,
3058337,1000,1724.0,-0.0030,-0.1232,-10.9202,-0.01059,0.03189,0.11399,0.0,
3058357,1000,1724.0,-0.4200,0.6628,-10.9292,-0.08059,0.01689,0.11799,0.0,
3058377,1000,1724.0,1.1590,-0.2802,-11.4172,0.00941,0.15089,0.11999,0.0,
3058397,1000,1724.0,-0.2480,-0.5502,-10.2282,0.04941,0.03489,0.11199,0.0,
3058417,1000,1724.0,0.1680,-0.9132,-10.5222,0.09841,0.11789,0.10299,0.0,
3058437,1000,1724.0,0.2830,0.2998,-11.3572,-0.03359,0.09889,0.09899,0.0,
3058457,1000,1724.0,-0.9020,0.0598,-10.6532,-0.01559,-0.03311,0.10899,0.0,
3058477,1000,1724.0,-0.1560,0.2288,-11.6682,-0.01959,0.07289,0.10699,0.0,
3058497,1000,1724.0,-0.2460,1.1968,-11.2462,-0.08059,0.03989,0.10299,0.0,
3058517,1000,1724.0,-0.0530,-0.5502,-11.8652,0.05841,0.02689,0.08099,0.0,
3058537,1000,1724.0,-0.0090,-0.2092,-12.6002,0.05641,0.01489,0.10099,0.0,
3058557,1000,1724.0,1.1330,0.1468,-12.0622,0.01441,0.09889,0.06099,0.0,
3058577,1000,1724.0,0.0880,-0.3902,-11.3492,0.04741,-0.02911,0.10399,0.0,
3058597,1000,1724.0,-0.9110,-0.0612,-11.4092,-0.00659,-0.00111,0.09799,0.0,
3058617,1000,1724.0,-1.3220,0.1688,-11.4242,-0.05059,-0.04711,0.11399,0.0,
3058637,1000,1724.0,-0.2340,0.1788,-11.3512,-0.04759,0.04489,0.11099,0.0,
3058657,1000,1724.0,0.0690,-0.9062,-11.2082,0.00141,-0.01211,0.10399,0.0,
3058677,1000,1724.0,-0.1670,-0.4602,-11.5032,0.07941,0.11989,0.09999,0.0,
3058697,1000,1724.0,1.2870,-0.2572,-12.0432,0.06241,0.13489,0.10199,0.0,
3058717,1000,1724.0,-1.3560,1.6608,-12.0142,-0.09559,-0.14811,0.07699,0.0,
3058737,1000,1724.0,0.0640,0.7148,-10.8222,-0.05459,0.00989,0.09599,0.0,
3058757,1000,1724.0,-1.0080,0.7688,-12.2112,-0.05559,-0.07611,0.09299,0.0,
3058777,1000,1724.0,-0.3070,-1.5562,-11.2992,0.07041,0.03689,0.08499,0.0,
3058797,1000,1724.0,0.9740,-0.8382,-10.8422,0.06241,0.14789,0.09199,0.0,
3058817,1000,1724.0,-0.4830,-0.2392,-11.5672,0.02741,-0.02511,0.09699,0.0,
3058837,1000,1724.0,1.9230,-0.9022,-9.5852,0.04341,0.22489,0.12899,0.0,
3058857,1000,1724.0,0.0920,-0.0182,-11.0542,0.03141,0.04089,0.12599,0.0,
3058877,1000,1724.0,-0.8910,0.6988,-11.9652,-0.06059,0.03189,0.13499,0.0,
3058897,1000,1724.0,0.7580,0.0758,-10.4462,0.00941,0.06089,0.09499,0.0,
3058917,1000,1724.0,0.5020,0.3978,-11.0572,-0.08459,0.12389,0.09899,0.0,
3058937,1000,1724.0,-0.4570,-0.5342,-11.4192,0.04941,0.02689,0.08499,0.0,
3058957,1000,1724.0,0.2090,0.3738,-11.3352,-0.03959,0.11489,0.10899,0.0,
3058977,1000,1724.0,-0.5650,0.6658,-11.5142,0.04341,-0.03711,0.08799,0.0,
3058997,1000,1724.0,0.7440,0.7608,-11.2482,-0.05759,0.08489,0.09999,0.0,
3059017,1000,1724.0,0.3780,-0.6392,-12.2722,0.05741,0.08489,0.12099,0.0,
3059037,1000,1724.0,-0.5090,-0.2112,-10.8392,-0.01059,0.01289,0.10799,0.0,
3059057,1000,1724.0,0.5660,-0.7252,-10.4482,0.04841,0.07789,0.10299,0.0,
3059077,1000,1724.0,-1.2230,-1.0472,-11.7342,0.08341,-0.08111,0.11199,0.0,
3059097,1000,1724.0,-1.0260,-0.0392,-10.8352,0.00941,-0.07511,0.07599,0.0,
3059117,1000,1724.0,0.8050,-0.2452,-10.5622,0.03441,0.09789,0.08899,0.0,
3059137,1000,1724.0,-1.0990,0.1678,-12.5202,0.00841,-0.09911,0.10799,0.0,
3059157,1000,1724.0,-0.2660,-0.4432,-11.2742,0.04741,0.04689,0.11899,0.0,
3059177,1000,1724.0,0.5460,0.7848,-11.1392,-0.11259,0.07989,0.13799,0.0,
3059197,1000,1724.0,-0.1890,-0.5292,-11.5612,0.05841,0.07689,0.09299,0.0,
3059217,1000,1724.0,-0.1080,0.8568,-12.2782,-0.08359,0.03689,0.09199,0.0,
3059237,1000,1724.0,-0.6270,-0.0152,-10.6472,0.01341,-0.02411,0.09499,0.0,
3059257,1000,1724.0,0.0280,1.2718,-11.2712,-0.13159,-0.03811,0.05199,0.0,
3059277,1000,1724.0,-0.3570,0.3048,-12.2312,-0.00959,0.03789,0.10299,0.0,
3059297,1000,1724.0,0.1020,0.8018,-11.0042,-0.09659,0.00589,0.10099,0.0,
3059317,1000,1724.0,1.0000,-1.0822,-10.9132,0.07741,0.11289,0.09999,0.0,
3059337,1000,1724.0,0.2180,-0.2122,-11.3982,0.00741,0.08289,0.12299,0.0,
3059357,1000,1724.0,0.2850,-0.8492,-12.1412,0.07541,0.06089,0.08999,0.0,
3059377,1000,1724.0,0.9990,-0.1212,-9.8762,-0.02659,0.13289,0.10399,0.0,
3059397,1000,1724.0,0.1670,-0.2352,-11.3672,0.02841,0.06289,0.09799,0.0,
3059417,1000,1724.0,-1.3900,-0.0012,-11.4622,0.00141,-0.07311,0.10599,0.0,
3059437,1000,1724.0,0.6910,0.3788,-8.8202,-0.06859,0.14989,0.11199,0.0,
3059457,1000,1724.0,0.0850,-0.2952,-11.9002,0.03341,0.05889,0.08999,0.0,
3059477,1000,1724.0,0.5710,0.2008,-11.3632,-0.01659,0.09389,0.11199,0.0,
3059497,1000,1724.0,0.1240,-0.5932,-10.4952,0.09441,0.07289,0.08499,0.0,
3059517,1000,1724.0,0.4470,0.9678,-11.6762,-0.07659,0.05389,0.10499,0.0,
3059537,1000,1724.0,-1.3310,-0.6542,-11.0222,0.04341,-0.05111,0.10499,0.0,
3059557,1000,1724.0,-0.9690,-0.3292,-11.8972,0.02041,-0.04811,0.10999,0.0,
3059577,1000,1724.0,-0.4410,0.1708,-11.3062,-0.02959,0.00089,0.09599,0.0,
3059597,1000,1724.0,-0.7320,-0.2992,-12.0962,0.00841,0.00489,0.09299,0.0,
3059617,1000,1724.0,-1.5800,0.0798,-11.6222,0.00841,-0.12111,0.10799,0.0,
3059637,1000,1724.0,0.1520,-0.4272,-10.9822,0.05341,0.02389,0.09399,0.0,
3059657,1000,1724.0,-0.2810,0.3898,-11.6622,-0.01659,0.02689,0.10399,0.0,
3059677,1000,1724.0,-0.0980,-0.2652,-11.2502,0.03741,-0.01711,0.09199,0.0,
3059697,1000,1724.0,0.5530,0.0078,-11.2502,-0.02159,0.11189,0.10899,0.0,
3059717,1000,1724.0,0.0390,0.0138,-11.4172,-0.04659,0.12789,0.10199,0.0,
3059737,1000,1724.0,-0.0270,0.4148,-11.0242,-0.07259,0.02889,0.10399,0.0,
3059757,1000,1724.0,0.5260,0.4568,-12.1472,-0.00859,0.09189,0.07999,0.0,
3059777,1000,1724.0,0.3360,0.5038,-11.4502,-0.02459,0.04189,0.10299,0.0,
3059797,1000,1724.0,0.2760,0.1638,-10.8902,0.00341,0.04989,0.08599,0.0,
3059817,1000,1724.0,0.8370,0.3518,-11.4592,-0.04259,0.07889,0.10199,0.0,
3059837,1000,1724.0,0.1460,-0.6722,-11.3682,0.03741,0.03389,0.07299,0.0,
3059857,1000,1724.0,0.3910,-0.4522,-10.2692,-0.01359,0.11889,0.11699,0.0,
3059877,1000,1724.0,-0.1180,-0.5412,-11.1162,0.02941,0.03789,0.09799,0.0,
3059897,1000,1724.0,-0.5710,0.0168,-11.0032,-0.02159,-0.01511,0.10099,0.0,
3059917,1000,1724.0,-0.4030,1.2508,-11.2562,-0.07759,0.05689,0.10999,0.0,
3059937,1000,1724.0,0.0390,0.0188,-11.2382,-0.00359,0.04189,0.11099,0.0,
3059957,1000,1724.0,0.3480,-0.0352,-11.7132,0.00341,0.09789,0.13099,0.0,
3059977,1000,1724.0,-0.2100,-0.2972,-11.2742,0.05041,0.05289,0.09499,0.0,
3059997,1000,1724.0,-0.7550,0.1388,-11.8632,0.00941,0.00189,0.09799,0.0,
3060017,1000,1724.0,0.7350,0.5128,-11.6492,-0.05559,0.09689,0.08799,0.0,
3060037,1000,1724.0,-1.8430,0.1048,-12.4232,0.01241,-0.11811,0.09799,0.0,
3060057,1000,1724.0,-1.0130,-0.0022,-11.4762,-0.00859,-0.08811,0.10399,0.0,
3060077,1000,1724.0,0.0160,-0.3812,-11.2952,0.03941,0.00789,0.08999,0.0,
3060097,1000,1724.0,-0.6350,-0.6732,-10.9872,0.06641,-0.02911,0.09699,0.0,
3060117,1000,1724.0,0.6000,-0.2212,-11.5842,0.00541,0.06989,0.09299,0.0,
3060137,1000,1724.0,-0.1630,-1.5042,-10.9202,0.10941,0.01989,0.12099,0.0,
3060157,1000,1724.0,-0.2420,0.1788,-11.4982,-0.03459,0.00089,0.09999,0.0,
3060177,1000,1724.0,0.4140,-1.3722,-10.7222,0.08741,0.06989,0.11699,0.0,
3060197,1000,1724.0,-0.1550,0.3138,-11.4442,-0.01359,0.02089,0.10099,0.0,
3060217,1000,1724.0,0.0700,0.2998,-10.8452,-0.04959,0.01589,0.09399,0.0,
3060237,1000,1724.0,-0.4230,-0.3222,-11.0602,0.03841,-0.02411,0.08499,0.0,
3060257,1000,1724.0,-0.8430,-0.0402,-12.4762,0.03141,-0.04511,0.09399,0.0,
3060277,1000,1724.0,1.1120,-0.2172,-10.5202,-0.00059,0.19189,0.10099,0.0,
3060297,1000,1724.0,-0.0790,0.2048,-12.3152,-0.03959,0.07289,0.17199,0.0,
3060317,1000,1724.0,0.8760,0.7428,-12.3812,-0.07359,0.15589,0.14399,0.0,
3060337,1000,1724.0,0.4370,-0.3402,-10.3622,0.00241,0.06089,0.13399,0.0,
3060357,1000,1724.0,-1.0630,-0.0262,-12.9472,0.03941,-0.03911,0.11999,0.0,
3060377,1000,1724.0,0.2370,0.5638,-13.0142,-0.07459,0.07789,0.13499,0.0,
3060397,1000,1724.0,-0.1100,-0.0342,-12.3232,0.01641,0.06689,0.11999,0.0,
3060417,1000,1724.0,0.1250,0.5678,-12.6472,-0.07159,0.06489,0.14899,0.0,
3060437,1000,1724.0,-0.3060,-0.0702,-12.4122,-0.00959,0.01789,0.13899,0.0,
3060457,1000,1724.0,0.2760,0.1768,-13.4452,0.01441,0.08889,0.12099,0.0,
3060477,1000,1724.0,0.0120,-0.6722,-12.3632,0.03841,0.03489,0.11499,0.0,
3060497,1000,1724.0,-0.2230,0.3128,-13.5772,-0.03159,0.03189,0.12099,0.0,
3060517,1000,1724.0,-0.5380,0.4588,-13.0942,-0.02759,0.04589,0.13999,0.0,
3060537,1000,1724.0,-0.2920,0.1858,-12.6722,-0.01059,-0.00011,0.11799,0.0,
3060557,1000,1724.0,0.8660,0.2118,-12.8272,-0.01759,0.12489,0.12699,0.0,
3060577,1000,1724.0,-0.6540,-0.1422,-13.0832,0.00741,-0.00311,0.12099,0.0,
3060597,1000,1724.0,-0.7520,-0.5632,-13.1262,0.05341,-0.04911,0.12199,0.0,
3060617,1000,1724.0,1.4020,0.1278,-12.1292,0.02741,0.10689,0.13399,0.0,
3060637,1000,1724.0,-0.9140,0.7258,-13.9802,-0.09859,0.05789,0.12999,0.0,
3060657,1000,1724.0,0.0150,-0.7052,-12.8612,0.05641,0.04989,0.12899,0.0,
3060677,1000,1724.0,-0.6790,0.6818,-12.4132,-0.04759,-0.03211,0.12199,0.0,
3060697,1000,1724.0,-0.3850,-0.1262,-12.9282,0.00941,-0.05811,0.11699,0.0,
3060717,1000,1724.0,0.5960,-0.1252,-13.4772,0.01741,0.17989,0.12899,0.0,
3060737,1000,1724.0,-0.2640,0.1028,-13.1102,-0.00259,0.03489,0.12699,0.0,
3060757,1000,1724.0,-1.1510,-0.4132,-13.1442,0.01741,-0.05111,0.13399,0.0,
3060777,1000,1724.0,-0.5040,0.3158,-12.7332,-0.01559,0.00689,0.10399,0.0,
3060797,1000,1724.0,-0.3010,0.3388,-13.0522,-0.00259,0.00689,0.14299,0.0,
3060817,1000,1724.0,0.5020,-0.1872,-12.5192,-0.01659,0.11989,0.11799,0.0,
3060837,1000,1724.0,-1.3830,0.0058,-13.4522,0.02641,-0.07611,0.14099,0.0,
3060857,1000,1724.0,1.1870,0.8148,-12.8372,-0.11059,0.18189,0.13199,0.0,
3060877,1000,1724.0,-1.0200,0.1668,-13.0322,-0.02259,-0.03011,0.13799,0.0,
3060897,1000,1724.0,0.2610,-1.3042,-12.9102,0.13741,0.05989,0.12099,0.0,
3060917,1000,1724.0,-1.3660,0.6678,-12.8112,-0.07259,0.01089,0.13799,0.0,
3060937,1000,1724.0,0.7870,-0.2032,-12.2402,-0.01259,0.04789,0.13699,0.0,
3060957,1000,1724.0,-0.1440,0.6808,-12.5272,-0.02559,0.06889,0.14599,0.0,
3060977,1000,1724.0,-0.1400,0.1538,-13.3482,-0.05359,0.03589,0.14699,0.0,
3060997,1000,1724.0,-0.2330,0.2038,-12.8572,-0.03959,0.09789,0.10499,0.0,
3061017,1000,1724.0,-0.1920,-0.2102,-11.8872,0.04641,0.05089,0.13999,0.0,
3061037,1000,1724.0,0.6390,-0.6942,-12.8092,0.05641,0.00389,0.13699,0.0,
3061057,1000,1724.0,0.2170,0.6848,-11.7462,-0.05859,0.12389,0.13499,0.0,
3061077,1000,1724.0,-0.8950,-0.1512,-13.8522,0.01641,-0.04711,0.12699,0.0,
3061097,1000,1724.0,-0.3300,0.3338,-12.5752,-0.01959,0.01789,0.14299,0.0,
3061117,1000,1724.0,-0.2540,-0.6022,-13.0932,0.05641,0.07589,0.12499,0.0,
3061137,1000,1724.0,0.7980,0.7438,-12.7532,-0.09459,0.11489,0.13399,0.0,
3061157,1000,1724.0,-1.2300,-1.3532,-11.8212,0.11841,-0.05311,0.12799,0.0,
3061177,1000,1724.0,0.6870,0.6048,-12.9362,-0.07859,0.15789,0.14099,0.0,
3061197,1000,1724.0,-0.4100,0.5538,-12.3442,-0.00459,0.03089,0.11899,0.0,
3061217,1000,1724.0,0.1370,-1.0122,-13.4382,0.08441,0.06889,0.12299,0.0,
3061237,1000,1724.0,0.5220,-0.2642,-12.5542,0.01941,0.10389,0.13099,0.0,
3061257,1000,1724.0,-0.4260,0.1148,-13.5912,-0.01759,0.01689,0.12799,0.0,
3061277,1000,1724.0,0.4430,0.1898,-12.7062,-0.00559,0.10689,0.12599,0.0,
3061297,1000,1724.0,-1.1820,0.5668,-12.6832,0.02241,-0.09611,0.11799,0.0,
3061317,1000,1724.0,-0.0900,-0.8762,-13.5422,-0.01459,0.01889,0.15299,0.0,
3061337,1000,1724.0,-0.0760,0.3248,-12.4632,0.00941,0.12489,0.12799,0.0,
3061357,1000,1724.0,-0.3330,-0.1712,-13.5072,0.01841,0.01589,0.11299,0.0,
3061377,1000,1724.0,0.3740,0.3848,-12.3202,-0.01459,0.09789,0.14799,0.0,
3061397,1000,1724.0,-0.1700,-0.2802,-13.4172,0.01341,0.06389,0.11499,0.0,
3061417,1000,1724.0,-0.9150,-0.5612,-12.8612,0.03941,-0.05511,0.14799,0.0,
3061437,1000,1724.0,0.0940,0.1408,-13.2582,-0.00659,0.08789,0.12299,0.0,
3061457,1000,1724.0,0.3480,-0.2522,-13.4472,-0.01359,0.07689,0.14499,0.0,
3061477,1000,1724.0,1.0030,0.3058,-13.0702,-0.02659,0.14389,0.14399,0.0,
3061497,1000,1724.0,0.1520,0.8238,-13.0652,-0.07759,0.05189,0.14999,0.0,
3061517,1000,1724.0,-0.6750,-0.8572,-12.3162,0.09441,-0.06211,0.10699,0.0,
3061537,1000,1724.0,-1.5760,0.6678,-13.4902,-0.08159,-0.02911,0.14299,0.0,
3061557,1000,1724.0,-0.0350,-0.0712,-12.7022,-0.00359,0.03589,0.11199,0.0,
3061577,1000,1724.0,-0.6200,0.3828,-13.0572,-0.04459,0.03689,0.13899,0.0,
3061597,1000,1724.0,0.5410,0.2368,-12.7972,-0.00459,-0.00211,0.12899,0.0,
3061617,1000,1724.0,-0.9860,-1.2782,-13.5512,0.07541,-0.01311,0.11999,0.0,
3061637,1000,1724.0,0.4680,0.6808,-13.0132,-0.05159,0.11789,0.12199,0.0,
3061657,1000,1724.0,-1.3610,-0.0082,-13.3112,0.00741,-0.08311,0.13499,0.0,
3061677,1000,1724.0,-0.1750,0.8378,-13.9442,-0.09759,0.02589,0.12599,0.0,
3061697,1000,1724.0,-0.8530,-0.7472,-12.7932,0.05541,-0.03411,0.13799,0.0,
3061717,1000,1724.0,-0.2320,0.9228,-12.5612,-0.13159,0.05889,0.12999,0.0,
3061737,1000,1724.0,-0.7660,-0.0342,-13.4022,0.01641,-0.04211,0.12199,0.0,
3061757,1000,1724.0,1.5520,0.4648,-11.9492,-0.07059,0.20789,0.14199,0.0,
3061777,1000,1724.0,-0.8250,-0.4312,-13.2352,0.03741,-0.06711,0.12099,0.0,
3061797,1000,1724.0,0.9240,-1.3012,-12.3542,0.05441,0.12089,0.13599,0.0,
3061817,1000,1724.0,0.0970,0.6978,-12.8892,-0.07959,0.08289,0.12499,0.0,
3061837,1000,1724.0,0.2740,-0.2212,-13.0002,0.04341,0.02489,0.12399,0.0,
3061857,1000,1724.0,0.6640,-0.4022,-12.9082,0.03441,0.12689,0.10999,0.0,
3061877,1000,1724.0,-0.3290,0.8588,-13.2202,-0.10159,0.02389,0.13799,0.0,
3061897,1000,1724.0,0.6260,-1.3542,-12.7492,0.10241,0.19589,0.10299,0.0,
3061917,1000,1724.0,1.0020,0.2058,-11.7092,-0.01159,0.12589,0.12599,0.0,
3061937,1000,1724.0,-0.1230,-0.2672,-12.7982,0.02341,-0.03011,0.11399,0.0,
3061957,1000,1724.0,-0.2160,0.5758,-12.2972,-0.02559,0.08589,0.12599,0.0,
3061977,1000,1724.0,-0.4080,0.0998,-13.1222,-0.01959,0.01289,0.11899,0.0,
3061997,1000,1724.0,-0.3450,0.6338,-13.2912,-0.06759,0.02989,0.13799,0.0,
3062017,1000,1724.0,0.2140,0.2088,-12.4432,0.00241,0.09989,0.12199,0.0,
3062037,1000,1724.0,0.7310,-0.4362,-13.0082,0.01441,0.09989,0.11699,0.0,
3062057,1000,1724.0,-0.3090,0.3088,-12.6502,-0.05559,0.00089,0.13799,0.0,
3062077,1000,1724.0,0.4680,-0.1252,-12.8192,0.02541,0.12689,0.10999,0.0,
3062097,1000,1724.0,0.0690,0.2968,-11.9342,-0.00059,0.09089,0.14099,0.0,
3062117,1000,1724.0,-0.4260,0.5968,-13.5072,-0.04759,0.01289,0.11999,0.0,
3062137,1000,1724.0,0.3850,-0.5952,-12.1462,0.03841,0.06689,0.11799,0.0,
3062157,1000,1724.0,-1.1340,-0.0452,-13.3552,0.00741,-0.05011,0.12299,0.0,
3062177,1000,1724.0,0.0460,-0.8852,-12.8072,0.08241,0.05389,0.13699,0.0,
3062197,1000,1724.0,-0.5560,-0.0852,-12.7542,0.00741,0.00889,0.13499,0.0,
3062217,1000,1724.0,-0.2700,-0.4132,-13.4722,0.03241,0.01689,0.12099,0.0,
3062237,1000,1724.0,0.2160,-0.1712,-11.9922,0.02241,0.07689,0.13299,0.0,
3062257,1000,1724.0,-0.8720,0.2788,-13.9122,-0.03759,-0.02711,0.12999,0.0,
3062277,1000,1724.0,-0.2410,-0.8142,-12.2222,0.04141,0.01789,0.13399,0.0,
3062297,1000,1724.0,-0.3100,0.0238,-12.7752,-0.00259,0.04689,0.13899,0.0,
3062317,1000,1724.0,-0.9480,-0.4822,-13.2252,0.04741,-0.05111,0.11499,0.0,
3062337,1000,1724.0,-0.0340,0.9888,-12.7252,-0.07259,0.04789,0.15899,0.0,
3062357,1000,1724.0,0.1140,-1.1962,-13.3952,0.09141,0.04589,0.11799,0.0,
3062377,1000,1724.0,-0.4070,0.4928,-12.9472,-0.05359,-0.00111,0.13999,0.0,
3062397,1000,1724.0,0.2990,0.0238,-12.9872,0.01641,0.05489,0.14099,0.0,
3062417,1000,1724.0,-0.3090,-0.6082,-12.6272,0.05141,0.02489,0.11199,0.0,
3062437,1000,1724.0,0.1550,0.1408,-13.5862,-0.01959,0.06289,0.13399,0.0,
3062457,1000,1724.0,-0.4100,-0.1352,-12.6902,0.02441,0.01589,0.11899,0.0,
3062477,1000,1724.0,-0.2420,0.1128,-12.3932,-0.03859,0.05189,0.13399,0.0,
3062497,1000,1724.0,0.2190,0.1888,-13.0112,-0.00159,0.04689,0.12899,0.0,
3062517,1000,1724.0,0.2620,0.2568,-11.8822,-0.03359,0.07689,0.14399,0.0,
3062537,1000,1724.0,-0.6170,-0.6992,-13.0812,0.06141,-0.01211,0.12999,0.0,
3062557,1000,1724.0,1.0240,0.1588,-12.3742,-0.03259,0.16789,0.10799,0.0,
3062577,1000,1724.0,-1.2570,0.8178,-13.1092,-0.07859,-0.04311,0.13799,0.0,
3062597,1000,1724.0,-0.4790,0.0138,-13.2452,0.02241,-0.00711,0.12099,0.0,
3062617,1000,1724.0,-0.0220,1.1758,-12.8092,-0.11459,0.09089,0.14399,0.0,
3062637,1000,1724.0,0.3320,-0.8702,-12.4262,0.03941,0.04989,0.12299,0.0,
3062657,1000,1724.0,0.2260,-0.4652,-13.1112,0.04441,0.12389,0.11399,0.0,
3062677,1000,1724.0,-0.1250,-0.1982,-11.9352,0.01041,-0.01411,0.13999,0.0,
3062697,1000,1724.0,0.8840,-0.6722,-13.1142,0.05641,0.14589,0.11299,0.0,
3062717,1000,1724.0,-0.2790,0.2928,-12.6642,-0.04159,0.03789,0.13999,0.0,
3062737,1000,1724.0,-0.6440,0.4348,-12.9312,-0.03559,0.04689,0.11999,0.0,
3062757,1000,1724.0,1.0720,-0.2402,-13.2402,0.00541,0.07989,0.11699,0.0,
3062777,1000,1724.0,-0.7930,-0.0032,-12.2612,0.00541,-0.05311,0.11199,0.0,
3062797,1000,1724.0,0.8040,-0.2882,-13.2502,0.00141,0.16889,0.13699,0.0,
3062817,1000,1724.0,-0.7820,-0.2412,-12.0102,0.02541,-0.05511,0.11599,0.0,
3062837,1000,1724.0,-0.0720,0.6018,-13.4522,-0.06859,0.05889,0.12499,0.0,
3062857,1000,1724.0,-0.0290,-0.6592,-12.1642,0.04541,0.03889,0.13499,0.0,
3062877,1000,1724.0,-0.3590,-0.2202,-13.6102,0.00941,0.04689,0.11199,0.0,
3062897,1000,1724.0,1.1090,0.6518,-12.7032,-0.06259,0.13389,0.14399,0.0,
3062917,1000,1724.0,-1.2930,-0.2852,-12.9672,0.03941,-0.07511,0.10499,0.0,
3062937,1000,1724.0,0.4210,-0.4732,-13.1002,0.03641,0.07889,0.12799,0.0,
3062957,1000,1724.0,-0.5050,1.1388,-12.1772,-0.10059,-0.07411,0.12599,0.0,
3062977,1000,1724.0,-0.3200,-1.1712,-13.9662,0.06941,0.11189,0.12399,0.0,
3062997,1000,1724.0,0.0520,0.8668,-12.1352,-0.04859,0.06989,0.11999,0.0,
3063017,1000,1724.0,-0.2060,-0.5642,-13.3622,0.03641,0.02889,0.13099,0.0,
3063037,1000,1724.0,0.5030,0.2528,-12.5302,0.00941,-0.01911,0.12499,0.0,
3063057,1000,1724.0,-1.3090,0.9368,-12.8932,-0.11159,-0.00811,0.12699,0.0,
3063077,1000,1724.0,0.0590,-0.1782,-12.7142,0.02741,0.09589,0.13899,0.0,
3063097,1000,1724.0,-0.8180,-0.8782,-13.0622,0.04241,-0.04611,0.11999,0.0,
3063117,1000,1724.0,-0.0890,-0.3012,-14.0672,0.03241,0.04689,0.11499,0.0,
3063137,1000,1724.0,0.5650,0.8378,-12.5612,-0.07659,0.12789,0.14799,0.0,
3063157,1000,1724.0,-0.7940,-0.9312,-12.8552,0.05241,-0.04711,0.10899,0.0,
3063177,1000,1724.0,-0.0030,1.2108,-12.9872,-0.08059,0.07889,0.12999,0.0,
3063197,1000,1724.0,-0.5370,-1.1132,-11.9012,0.08141,0.01089,0.13099,0.0,
3063217,1000,1724.0,0.0760,-0.4072,-13.1402,0.04141,0.02989,0.11699,0.0,
3063237,1000,1724.0,-0.2920,0.4208,-12.6432,-0.01759,-0.00011,0.12399,0.0,
3063257,1000,1724.0,-0.2200,-0.5562,-12.3792,0.05041,0.08389,0.12299,0.0,
3063277,1000,1724.0,-0.1320,0.5608,-12.9772,-0.05259,0.02689,0.15299,0.0,
3063297,1000,1724.0,-0.2160,-0.4972,-12.7492,0.03141,0.05889,0.11599,0.0,
3063317,1000,1724.0,0.8040,-0.2982,-13.1772,0.01441,0.10789,0.11599,0.0,
3063337,1000,1724.0,-0.2840,0.6878,-12.5492,-0.04659,0.09789,0.14199,0.0,
3063357,1000,1724.0,0.5840,-0.1732,-12.9182,-0.00059,0.05189,0.12599,0.0,
3063377,1000,1724.0,0.1350,0.1048,-12.7912,-0.03159,0.02889,0.13199,0.0,
3063397,1000,1724.0,-0.0510,1.0388,-11.7652,-0.06959,0.13389,0.13699,0.0,
3063417,1000,1724.0,0.6820,-1.0072,-11.9742,0.06841,0.12689,0.11799,0.0,
3063437,1000,1724.0,-0.6370,1.7708,-13.2222,-0.12359,-0.02211,0.13499,0.0,
3063457,1000,1724.0,1.1100,-1.8522,-12.4252,0.12541,0.16289,0.10499,0.0,
3063477,1000,1724.0,0.2090,0.2358,-12.2032,0.00141,0.08289,0.14099,0.0,
3063497,1000,1724.0,-1.1470,0.8098,-13.5152,-0.07059,-0.03911,0.11199,0.0,
3063517,1000,1724.0,0.9180,0.0508,-12.2522,-0.01259,0.14389,0.13999,0.0,
3063537,1000,1724.0,-0.3770,0.2208,-12.7892,-0.01259,0.03389,0.12199,0.0,
3063557,1000,1724.0,-0.0870,-0.6182,-13.2432,0.02641,0.06189,0.12899,0.0,
3063577,1000,1724.0,1.3330,0.7978,-12.3162,-0.03059,0.17389,0.11599,0.0,
3063597,1000,1724.0,-0.6350,-0.4682,-13.2282,0.02041,-0.02411,0.13699,0.0,
3063617,1000,1724.0,-0.2310,0.2558,-12.8502,-0.01459,0.05289,0.12799,0.0,
3063637,1000,1724.0,-0.6240,0.3548,-12.8632,-0.00559,-0.06311,0.11999,0.0,
3063657,1000,1724.0,0.4030,-0.3632,-12.7202,-0.01759,0.12189,0.12999,0.0,
3063677,1000,1724.0,-0.5140,0.4708,-12.6092,-0.03959,0.02489,0.12999,0.0,
3063697,1000,1724.0,-0.6630,0.0248,-13.2542,-0.00159,-0.04511,0.11499,0.0,
3063717,1000,1724.0,-1.2490,1.7028,-13.8902,-0.15159,-0.02811,0.13999,0.0,
3063737,1000,1724.0,1.3330,-0.5882,-12.1932,0.05941,0.15989,0.10299,0.0,
3063757,1000,1724.0,-1.6530,0.3238,-13.3102,-0.05659,-0.08211,0.14899,0.0,
3063777,1000,1724.0,0.6500,0.5138,-13.3642,-0.03259,0.09689,0.12199,0.0,
3063797,1000,1724.0,0.7720,-0.3292,-12.2792,0.01041,0.13989,0.12399,0.0,
3063817,1000,1724.0,-1.3200,0.6148,-13.1362,-0.04359,-0.08311,0.14099,0.0,
3063837,1000,1724.0,-0.7960,-0.1752,-12.8672,0.02441,-0.03411,0.11999,0.0,
3063857,1000,1724.0,0.9410,0.7878,-12.6642,-0.09159,0.16789,0.13699,0.0,
3063877,1000,1724.0,-0.2820,-0.3892,-12.8332,0.03041,0.01989,0.12199,0.0,
3063897,1000,1724.0,0.7830,0.8658,-12.9542,-0.10059,0.13289,0.12899,0.0,
3063917,1000,1724.0,-0.0140,-1.0642,-12.0292,0.09041,0.04789,0.11899,0.0,
3063937,1000,1724.0,-0.7570,1.1818,-14.6002,-0.06859,-0.06311,0.12799,0.0,
3063957,1000,1724.0,0.2560,-0.9862,-12.1842,0.01741,0.15589,0.12299,0.0,
3063977,1000,1724.0,0.1580,1.0898,-13.2272,-0.08159,0.00289,0.12299,0.0,
3063997,1000,1724.0,0.3660,-1.0532,-12.5772,0.06441,0.06589,0.14499,0.0,
3064017,1000,1724.0,-0.0200,-0.5672,-12.4562,0.04041,0.04089,0.12199,0.0,
3064037,1000,1724.0,-0.7220,0.3498,-12.8792,-0.01659,0.01089,0.12099,0.0,
3064057,1000,1724.0,0.7660,-0.6742,-12.0202,0.03641,0.10289,0.11999,0.0,
3064077,1000,1724.0,-0.0920,-0.2182,-12.4142,0.00741,0.06989,0.12899,0.0,
3064097,1000,1724.0,-0.8940,-0.6472,-13.2612,0.05441,-0.07311,0.12499,0.0,
3064117,1000,1724.0,1.4720,0.5718,-12.7962,-0.02259,0.21089,0.11799,0.0,
3064137,1000,1724.0,-0.7410,-0.4592,-12.3952,0.02341,-0.03111,0.14399,0.0,
3064157,1000,1724.0,-0.5970,0.3208,-12.9482,-0.02859,0.06189,0.10999,0.0,
3064177,1000,1724.0,0.5490,0.0618,-12.1622,-0.03059,0.04189,0.13899,0.0,
3064197,1000,1724.0,-0.5520,-0.2772,-13.1572,0.04541,0.02589,0.12999,0.0,
3064217,1000,1724.0,0.7750,-0.0572,-12.5602,0.00541,0.12889,0.13699,0.0,
3064237,1000,1724.0,-0.4200,0.1288,-12.5372,0.00241,0.08489,0.13999,0.0,
3064257,1000,1724.0,-0.0380,-0.0522,-11.8952,-0.02859,0.03589,0.13199,0.0,
3064277,1000,1724.0,0.3350,-0.5702,-13.3532,0.03141,0.03089,0.13099,0.0,
3064297,1000,1724.0,-1.4350,0.9048,-12.0252,-0.04759,-0.03711,0.10399,0.0,
3064317,1000,1724.0,-0.0220,-0.3362,-12.8812,0.04941,0.03789,0.06199,0.0,
3064337,1000,1724.0,-0.5210,-1.1312,-10.9332,0.03441,-0.01811,0.05999,0.0,
3064357,1000,1724.0,-0.6270,-0.4042,-10.6112,0.05041,-0.03111,0.05099,0.0,
3064377,1000,1724.0,-0.5450,-1.3682,-10.8002,0.07941,-0.00311,0.01299,0.0,
3064397,1000,1724.0,-0.2120,0.3598,-9.8772,-0.02059,0.00089,0.01999,0.0,
3064417,1000,1724.0,-0.7610,0.0838,-9.2872,0.00841,-0.04611,0.02199,0.0,
3064437,1000,1724.0,-1.4180,-1.0122,-7.4302,0.10141,-0.11611,0.00399,0.0,
3064457,1000,1724.0,0.0810,-0.3822,-8.5952,0.00241,-0.00211,0.00499,0.0,
3064477,1000,1724.0,-0.8420,-0.5032,-8.2472,0.07141,0.00189,-0.01001,0.0,
3064497,1000,1724.0,-0.9850,-0.3932,-7.6342,0.04841,-0.03111,-0.00201,0.0,
3064517,1000,1724.0,-0.6990,1.9268,-7.2872,-0.11759,-0.01611,-0.00301,0.0,
3064537,1000,1724.0,-0.4350,0.8728,-8.0102,-0.03059,-0.00111,-0.02401,0.0,
3064557,1000,1724.0,-0.4100,-1.1362,-5.8642,0.03641,-0.02611,-0.01501,0.0,
3064577,1000,1724.0,-0.7060,1.2578,-6.6782,-0.03759,-0.07211,-0.04601,0.0,
3064597,1000,1724.0,0.9770,-0.9322,-4.5642,0.06941,0.05189,-0.04601,0.0,
3064617,1000,1724.0,1.0880,0.5408,-5.8142,-0.06359,0.12689,-0.04201,0.0,
3064637,1000,1724.0,-1.0280,0.2808,-5.4862,-0.00959,-0.06811,-0.03501,0.0,
3064657,1000,1724.0,0.3180,0.5908,-3.4392,-0.09559,0.05489,-0.03901,0.0,
3064677,1000,1724.0,0.0890,-1.0722,-3.2612,0.08841,0.02689,-0.07001,0.0,
3064697,1000,1724.0,-0.6990,-0.0162,-4.7102,0.01141,-0.05511,-0.04101,0.0,
3064717,1000,1724.0,1.1110,0.6898,-3.1152,-0.06359,0.15289,-0.06001,0.0,
3064737,1000,1724.0,0.1040,0.7818,-3.6942,-0.04559,0.03589,-0.05001,0.0,
3064757,1000,1724.0,0.5650,-0.1722,-3.9362,0.02341,0.04189,-0.05001,0.0,
3064777,1000,1724.0,-0.3490,0.2598,-4.2402,-0.00559,-0.01111,-0.03901,0.0,
3064797,1000,1724.0,-1.4090,-0.4272,-3.8862,0.02541,-0.14011,-0.04801,0.0,
3064817,1000,1724.0,-0.7230,0.6908,-3.9042,-0.03959,-0.05811,-0.05301,0.0,
3064837,1000,1724.0,-0.5440,0.0168,-5.0402,0.02841,-0.09611,-0.05201,0.0,
3064857,1000,1724.0,-0.5300,-0.1482,-3.8612,0.02141,-0.03011,-0.06401,0.0,
3064877,1000,1724.0,0.1440,-1.0202,-3.6952,0.07341,-0.01811,-0.06001,0.0,
3064897,1000,1724.0,0.9360,1.1518,-2.3642,-0.08759,0.10889,-0.06101,0.0,
3064917,1000,1724.0,0.0680,0.0168,-3.4482,-0.03459,0.02189,-0.04901,0.0,
3064937,1000,1724.0,-0.7300,-0.3752,-3.7622,0.02041,-0.07511,-0.05201,0.0,
3064957,1000,1724.0,0.4030,0.1168,-1.8852,-0.01359,0.09589,-0.05701,0.0,
3064977,1000,1724.0,0.1590,1.4048,-3.9262,-0.11159,0.02089,-0.05001,0.0,
3064997,1000,1724.0,0.0660,0.3078,-3.0262,-0.01759,-0.01111,-0.05201,0.0,
3065017,1000,1724.0,-1.6100,-0.7112,-3.0302,0.08941,-0.12011,-0.04601,0.0,
3065037,1000,1724.0,-0.8960,-0.2762,-3.2622,0.04441,-0.11211,-0.05001,0.0,
3065057,1000,1724.0,-0.2200,0.3618,-4.0902,-0.01359,-0.03011,-0.05001,0.0,
3065077,1000,1724.0,-0.9880,-0.2022,-3.3642,0.03541,-0.09111,-0.05001,0.0,
3065097,1000,1724.0,-0.3730,0.2168,-3.3192,-0.00759,-0.02311,-0.04401,0.0,
3065117,1000,1724.0,-0.1940,0.2358,-3.4502,-0.01359,-0.04111,-0.05801,0.0,
3065137,1000,1724.0,-0.3090,-0.9762,-1.9372,0.06041,-0.04411,-0.06701,0.0,
3065157,1000,1724.0,0.7860,0.6238,-3.4812,-0.06159,0.09889,-0.05001,0.0,
3065177,1000,1724.0,-0.6070,0.4938,-3.4772,-0.01459,-0.05011,-0.05401,0.0,
3065197,1000,1724.0,1.0490,-0.5322,-1.5562,0.02041,0.08889,-0.06801,0.0,
3065217,1000,1724.0,0.1060,0.2748,-3.0702,-0.02459,0.02189,-0.04601,0.0,
3065237,1000,1724.0,0.0360,0.2798,-3.1772,-0.02159,0.01089,-0.05401,0.0,
3065257,1000,1724.0,-0.8820,0.2058,-3.4122,-0.00459,-0.08011,-0.05401,0.0,
3065277,1000,1724.0,-0.4980,0.3438,-3.2962,-0.01759,-0.02711,-0.04701,0.0,
3065297,1000,1724.0,-0.3330,-0.7362,-2.9022,0.06041,-0.03311,-0.04701,0.0,
3065317,1000,1724.0,-0.8920,-0.5062,-3.9862,0.04841,-0.12211,-0.05001,0.0,
3065337,1000,1724.0,-0.7190,-0.0932,-3.3622,0.01641,-0.09311,-0.06001,0.0,
3065357,1000,1724.0,-0.6040,0.3838,-3.3472,-0.01859,-0.05111,-0.03701,0.0,
3065377,1000,1724.0,-0.2730,-1.1012,-2.8222,0.10841,-0.03711,-0.07801,0.0,
3065397,1000,1724.0,0.4570,0.9938,-2.7512,-0.06359,0.02589,-0.05101,0.0,
3065417,1000,1724.0,-0.4150,-0.9512,-3.3022,0.07541,-0.04311,-0.03901,0.0,
3065437,1000,1724.0,1.1680,0.7548,-2.3062,-0.09759,0.15389,-0.04101,0.0,
3065457,1000,1724.0,0.3680,-0.6202,-2.2332,0.04541,0.02689,-0.05001,0.0,
3065477,1000,1724.0,-0.8580,0.7898,-3.4912,-0.02159,-0.04511,-0.04301,0.0,
3065497,1000,1724.0,0.8260,0.2038,-1.5992,-0.03859,0.06589,-0.07001,0.0,
3065517,1000,1724.0,-1.1460,-0.2902,-3.8732,0.04741,-0.06111,-0.04801,0.0,
3065537,1000,1724.0,0.0320,-0.0282,-2.9032,-0.01459,-0.01411,-0.05201,0.0,
3065557,1000,1724.0,-1.4620,-0.6752,-2.9622,0.08041,-0.13611,-0.04901,0.0,
3065577,1000,1724.0,0.7590,0.9088,-3.3552,-0.08459,0.07789,-0.05401,0.0,
3065597,1000,1724.0,-0.3310,-0.2762,-2.7972,0.03941,-0.11511,-0.03701,0.0,
3065617,1000,1724.0,-1.1710,0.1558,-3.3262,-0.00259,-0.03811,-0.06501,0.0,
3065637,1000,1724.0,-0.6900,-0.4412,-2.8092,0.04041,-0.08811,-0.02501,0.0,
3065657,1000,1724.0,-0.2610,0.5448,-3.6462,-0.01659,-0.03811,-0.06701,0.0,
3065677,1000,1724.0,0.3460,0.7188,-3.1122,-0.03259,0.09189,-0.04101,0.0,
3065697,1000,1724.0,-0.3020,-0.6162,-3.2502,0.01541,-0.07711,-0.05201,0.0,
3065717,1000,1724.0,0.2600,-0.4042,-2.2282,0.03741,0.02289,-0.04301,0.0,
3065737,1000,1724.0,1.3560,0.0038,-2.3602,-0.04559,0.18489,-0.04001,0.0,
3065757,1000,1724.0,-0.3200,0.7588,-2.7912,-0.02359,0.01889,-0.05001,0.0,
3065777,1000,1724.0,-0.1450,-0.9662,-3.1112,0.09141,-0.03711,-0.06401,0.0,
3065797,1000,1724.0,-0.5860,-0.1352,-2.7002,-0.00459,-0.05011,-0.05701,0.0,
3065817,1000,1724.0,0.4920,0.0118,-2.3032,0.02541,0.07289,-0.06101,0.0,
3065837,1000,1724.0,0.8590,0.3528,-3.0362,-0.01559,0.06589,-0.07001,0.0,
3065857,1000,1724.0,-2.1340,0.0848,-4.0742,-0.04059,-0.22111,-0.02201,0.0,
3065877,1000,1724.0,-1.4040,-0.5242,-3.0362,0.06341,-0.12111,-0.07201,0.0,
3065897,1000,1724.0,0.7570,0.4348,-2.4202,-0.04459,-0.02711,-0.04201,0.0,
3065917,1000,1724.0,-1.6230,-0.3332,-3.8932,0.05941,-0.04911,-0.04201,0.0,
3065937,1000,1724.0,-0.7850,-0.1392,-2.8482,-0.01759,-0.09611,-0.06801,0.0,
3065957,1000,1724.0,-0.0980,-1.4392,-2.8242,0.12941,-0.04411,-0.06001,0.0,
3065977,1000,1724.0,1.3920,0.2068,-2.3172,-0.04759,0.15389,-0.03501,0.0,
3065997,1000,1724.0,0.1460,1.1668,-2.7032,-0.07359,0.08689,-0.07001,0.0,
3066017,1000,1724.0,-0.3180,-0.8062,-3.1972,0.06041,-0.06911,-0.04201,0.0,
3066037,1000,1724.0,1.6310,-1.6472,-1.4242,0.12541,0.13689,-0.04401,0.0,
3066057,1000,1724.0,0.2230,-0.1252,-2.7852,-0.01559,-0.03511,-0.05301,0.0,
3066077,1000,1724.0,-0.4850,0.3298,-2.9272,-0.01359,-0.03211,-0.03301,0.0,
3066097,1000,1724.0,-1.2390,0.5458,-3.2372,-0.00159,-0.03711,-0.07801,0.0,
3066117,1000,1724.0,0.1490,0.8448,-2.8112,-0.07759,0.02889,-0.04601,0.0,
3066137,1000,1724.0,0.8550,0.0598,-2.7242,-0.01859,0.03589,-0.04501,0.0,
3066157,1000,1724.0,-1.2640,-1.0802,-3.1562,0.12741,-0.14811,-0.03001,0.0,
3066177,1000,1724.0,-1.4610,-0.3392,-3.4102,0.00541,-0.16611,-0.06001,0.0,
3066197,1000,1724.0,-1.2000,0.0398,-2.3302,-0.00659,-0.13411,-0.07801,0.0,
3066217,1000,1724.0,-0.3750,0.0758,-3.1382,-0.01059,-0.03511,-0.05301,0.0,
3066237,1000,1724.0,1.0630,-0.2762,-3.4032,0.03841,0.10689,-0.02901,0.0,
3066257,1000,1724.0,1.1030,1.9968,-2.9942,-0.14959,0.13489,-0.04001,0.0,
3066277,1000,1724.0,-0.1240,-0.3042,-2.3072,0.00941,-0.00411,-0.06201,0.0,
3066297,1000,1724.0,-1.7980,-0.7352,-2.8422,0.06341,-0.09811,-0.06301,0.0,
3066317,1000,1724.0,-0.1460,-0.8062,-2.6962,0.06841,-0.12311,-0.04001,0.0,
3066337,1000,1724.0,1.0740,-0.2232,-2.3112,-0.01559,0.06389,-0.06301,0.0,
3066357,1000,1724.0,0.9410,-0.1742,-2.4222,0.00441,0.08889,-0.04001,0.0,
3066377,1000,1724.0,0.7830,-0.4892,-2.9892,0.03441,0.14189,-0.02001,0.0,
3066397,1000,1724.0,-1.1920,0.0068,-2.3822,0.03241,-0.09311,-0.05401,0.0,
3066417,1000,1724.0,-0.3970,0.5898,-3.5462,-0.00359,0.00489,-0.08101,0.0,
3066437,1000,1724.0,-0.0060,1.2438,-2.6722,-0.09559,0.02589,-0.07001,0.0,
3066457,1000,1724.0,-0.9750,-0.1422,-2.5712,0.04441,-0.09211,-0.04501,0.0,
3066477,1000,1724.0,-0.4890,-0.9872,-3.2772,0.08241,-0.08711,-0.05201,0.0,
3066497,1000,1724.0,-0.0740,-0.7042,-3.4212,0.03741,-0.04211,-0.06101,0.0,
3066517,1000,1724.0,-0.1400,0.3648,-2.5952,-0.03959,-0.05211,-0.03301,0.0,
3066537,1000,1724.0,-0.5150,-1.1292,-3.3742,0.09541,-0.10011,-0.06501,0.0,
3066557,1000,1724.0,-0.2000,-1.6022,-2.9452,0.15541,-0.07911,-0.04101,0.0,
3066577,1000,1724.0,0.2940,0.3148,-2.8092,-0.02359,-0.01011,-0.08101,0.0,
3066597,1000,1724.0,0.1620,-0.1342,-2.3882,-0.00959,-0.00211,-0.05101,0.0,
3066617,1000,1724.0,-0.2450,-0.1542,-2.6142,-0.00559,-0.02511,-0.06801,0.0,
3066637,1000,1724.0,1.7820,0.0628,-2.0152,-0.06959,0.19789,-0.06101,0.0,
3066657,1000,1724.0,-1.1240,-0.3942,-2.6372,0.05641,-0.07611,-0.05601,0.0,
3066677,1000,1724.0,-1.0440,0.2938,-2.9312,0.00041,-0.06011,-0.05701,0.0,
3066697,1000,1724.0,-0.0560,0.5608,-2.5322,-0.02859,0.01989,-0.06201,0.0,
3066717,1000,1724.0,-0.2510,1.6058,-2.3382,-0.11659,-0.00111,-0.05001,0.0,
3066737,1000,1724.0,1.0670,0.4858,-2.9112,-0.01359,0.11189,-0.03601,0.0,
3066757,1000,1724.0,-0.8740,0.9128,-2.8242,-0.02659,-0.02911,-0.03001,0.0,
3066777,1000,1724.0,0.0700,-0.0622,-2.1692,0.00941,0.03289,-0.03601,0.0,
3066797,1000,1724.0,-0.2240,-0.8142,-2.8822,0.04241,0.01089,-0.05301,0.0,
3066817,1000,1724.0,-0.8820,-0.4932,-2.7782,0.02641,-0.10711,-0.05801,0.0,
3066837,1000,1724.0,-0.5070,0.5818,-2.7702,-0.05359,-0.02711,-0.06501,0.0,
3066857,1000,1724.0,-1.6340,-0.8842,-3.7492,0.10041,-0.14711,-0.06501,0.0,
3066877,1000,1724.0,-0.2960,0.2738,-2.4952,-0.00359,-0.08411,-0.05101,0.0,
3066897,1000,1724.0,-0.7810,0.0138,-3.2502,0.02741,-0.09011,-0.05001,0.0,
3066917,1000,1724.0,0.8150,-0.3682,-2.7142,0.02941,0.02789,-0.05701,0.0,
3066937,1000,1724.0,1.2620,-0.2512,-2.5402,-0.01759,0.04689,-0.06301,0.0,
3066957,1000,1724.0,0.9990,-0.8972,-3.0852,0.05041,0.06189,-0.04501,0.0,
3066977,1000,1724.0,-0.4600,-0.2422,-2.9622,0.03941,-0.09011,-0.05201,0.0,
3066997,1000,1724.0,1.3300,-1.5942,-1.6142,0.05941,0.15989,-0.05401,0.0,
3067017,1000,1724.0,-0.7050,-0.5942,-2.3812,0.04941,-0.06611,-0.04401,0.0,
3067037,1000,1724.0,-1.4050,-1.0852,-3.2172,0.06941,-0.09411,-0.06901,0.0,
3067057,1000,1724.0,-1.2380,-0.2732,-2.4992,-0.03059,-0.11811,-0.05401,0.0,
3067077,1000,1724.0,-0.7580,0.0618,-2.3622,-0.01159,-0.10211,-0.04601,0.0,
3067097,1000,1724.0,-0.9010,-0.4452,-2.9012,0.09141,-0.11711,-0.05601,0.0,
3067117,1000,1724.0,-1.5110,-0.0182,-2.8602,0.10441,-0.23311,-0.02101,0.0,
3067137,1000,1724.0,0.4130,-0.2152,-2.4802,-0.00359,0.04789,-0.04301,0.0,
3067157,1000,1724.0,0.4210,-0.3072,-3.5212,0.04341,0.07589,-0.04901,0.0,
3067177,1000,1724.0,0.1080,-0.3722,-3.1462,0.02641,-0.05011,-0.06201,0.0,
3067197,1000,1724.0,0.3060,-0.0302,-2.6302,-0.00059,0.01489,-0.04301,0.0,
3067217,1000,1724.0,0.1960,0.0718,-3.4612,0.03341,0.04789,-0.05901,0.0,
3067237,1000,1724.0,-0.9170,0.1278,-1.9532,-0.01059,-0.09011,-0.05901,0.0,
3067257,1000,1724.0,-0.6470,0.0578,-2.9002,-0.00359,-0.03011,-0.05401,0.0,
3067277,1000,1724.0,-0.0020,0.1848,-2.7492,-0.02859,-0.01011,-0.06001,0.0,
3067297,1000,1724.0,0.2400,1.7628,-1.9012,-0.18859,0.02989,-0.07101,0.0,
3067317,1000,1724.0,-0.1110,0.8558,-3.1532,-0.05159,-0.01211,-0.04001,0.0,
3067337,1000,1724.0,-0.5040,0.7338,-2.8452,-0.03759,-0.00511,-0.07901,0.0,
3067357,1000,1724.0,0.2730,-0.4972,-1.5482,0.04241,0.02589,-0.04101,0.0,
3067377,1000,1724.0,-0.4510,0.9968,-2.5302,-0.07459,-0.01411,-0.05301,0.0,
3067397,1000,1724.0,-0.1600,-0.7152,-2.9282,0.04741,0.01189,-0.05201,0.0,
3067417,1000,1724.0,0.6730,0.1978,-3.0172,0.00241,0.02289,-0.04001,0.0,
3067437,1000,1724.0,0.4400,0.6758,-2.8172,-0.02559,0.05789,-0.07001,0.0,
3067457,1000,1724.0,-0.0440,-0.2872,-3.0752,0.01941,0.09989,-0.04601,0.0,
3067477,1000,1724.0,-0.5250,-0.1672,-3.4802,0.05941,-0.00811,-0.02901,0.0,
3067497,1000,1724.0,-0.2130,0.1108,-3.0802,-0.02759,-0.00711,-0.02201,0.0,
3067517,1000,1724.0,-0.4330,-0.0562,-3.4812,0.02941,-0.00011,-0.02701,0.0,
3067537,1000,1724.0,-0.7580,1.1538,-3.4302,-0.06459,-0.05811,-0.04901,0.0,
3067557,1000,1724.0,-0.6170,0.5938,-3.1532,-0.03259,-0.03511,-0.05801,0.0,
3067577,1000,1724.0,-0.1950,0.7798,-2.8082,-0.06659,0.00689,-0.06601,0.0,
3067597,1000,1724.0,0.4190,0.1388,-2.1652,-0.02559,0.05489,-0.06801,0.0,
3067617,1000,1724.0,-0.1520,0.6998,-3.3142,-0.02859,-0.00611,-0.04301,0.0,
3067637,1000,1724.0,0.2520,0.8928,-2.9922,-0.07859,0.07889,-0.03901,0.0,
3067657,1000,1724.0,0.1970,0.0368,-1.9332,0.00241,-0.00311,-0.07201,0.0,
3067677,1000,1724.0,0.7320,0.0868,-2.9122,-0.03959,0.10789,-0.05201,0.0,
3067697,1000,1724.0,0.5460,0.1588,-3.1282,-0.03759,0.08289,-0.08401,0.0,
3067717,1000,1724.0,0.3390,0.0998,-2.5682,-0.00459,0.00989,-0.06501,0.0,
3067737,1000,1724.0,0.1380,0.3788,-2.9932,-0.05659,0.04789,-0.05601,0.0,
3067757,1000,1724.0,-0.2190,-0.0372,-2.9312,0.00741,0.04789,-0.06401,0.0,
3067777,1000,1724.0,-2.2140,0.2138,-3.4502,0.02841,-0.17011,-0.05501,0.0,
3067797,1000,1724.0,-0.4720,0.1258,-2.6912,-0.02159,-0.04011,-0.05001,0.0,
3067817,1000,1724.0,-1.2500,0.4488,-2.8032,0.00641,-0.10311,-0.05401,0.0,
3067837,1000,1724.0,-1.6040,1.3818,-3.5132,-0.06059,-0.13811,-0.05701,0.0,
3067857,1000,1724.0,-0.5590,0.7168,-2.7612,-0.04659,-0.06011,-0.03301,0.0,
3067877,1000,1724.0,0.0340,0.3438,-2.6112,-0.03659,-0.00211,-0.06501,0.0,
3067897,1000,1724.0,-0.1570,1.3048,-4.0782,-0.07959,-0.03011,-0.05401,0.0,
3067917,1000,1724.0,-0.2310,0.2178,-3.0962,0.02041,-0.00511,-0.04701,0.0,
3067937,1000,1724.0,-0.0660,0.1588,-2.9592,0.01941,-0.00911,-0.05501,0.0,
3067957,1000,1724.0,0.1540,0.0448,-2.3932,0.00041,0.02989,-0.05401,0.0,
3067977,1000,1724.0,0.3910,-0.0232,-3.4912,0.00641,0.03189,-0.04701,0.0,
3067997,1000,1724.0,0.7940,0.3408,-2.8092,-0.03059,0.05789,-0.06101,0.0,
3068017,1000,1724.0,1.1830,-0.3392,-1.7472,0.02841,0.13689,-0.06401,0.0,
3068037,1000,1724.0,0.1130,0.4048,-3.0632,-0.05359,-0.00411,-0.05601,0.0,
3068057,1000,1724.0,0.7520,-0.6162,-2.9532,0.03941,0.05389,-0.06101,0.0,
3068077,1000,1724.0,0.6710,-0.6762,-2.7612,0.06941,0.07189,-0.05201,0.0,
3068097,1000,1724.0,-0.1370,-0.1902,-2.9142,0.02541,-0.01811,-0.05001,0.0,
3068117,1000,1724.0,0.2800,-1.0452,-2.7762,0.05341,0.04589,-0.05001,0.0,
3068137,1000,1724.0,-1.3140,-0.3242,-3.8632,0.05041,-0.12211,-0.03701,0.0,
3068157,1000,1724.0,-0.0260,-0.8752,-2.9312,0.06841,-0.03311,-0.04801,0.0,
3068177,1000,1724.0,-0.5880,-0.2162,-3.0802,0.04341,-0.05011,-0.05201,0.0,
3068197,1000,1724.0,-1.8210,-0.5042,-4.0902,0.05741,-0.20111,-0.05401,0.0,
3068217,1000,1724.0,0.1850,0.4748,-3.0382,-0.11159,0.00689,-0.03001,0.0,
3068237,1000,1724.0,-0.8740,-0.5752,-3.0962,0.04241,-0.11911,-0.05401,0.0,
3068257,1000,1724.0,-0.2340,0.3738,-3.1402,-0.03359,-0.04311,-0.04201,0.0,
3068277,1000,1724.0,-1.4600,-0.0512,-2.0662,-0.01359,-0.10511,-0.04001,0.0,
3068297,1000,1724.0,0.0630,-0.6092,-2.5842,0.03641,-0.01411,-0.04801,0.0,
3068317,1000,1724.0,0.0990,0.2368,-1.7862,-0.04059,0.01289,-0.04701,0.0,
3068337,1000,1724.0,-0.2010,0.7868,-2.3912,-0.03259,-0.01211,-0.03501,0.0,
3068357,1000,1724.0,-0.8140,0.6708,-2.9682,-0.05559,-0.05411,-0.04401,0.0,
3068377,1000,1724.0,0.1970,1.0428,-2.0032,-0.09759,0.05089,-0.04701,0.0,
3068397,1000,1724.0,-0.6290,0.9568,-3.2972,-0.06359,-0.08111,-0.04901,0.0,
3068417,1000,1724.0,-0.5120,1.2028,-2.4562,-0.09259,-0.02211,-0.06201,0.0,
3068437,1000,1724.0,-0.0620,1.2048,-2.5692,-0.06859,0.00789,-0.06101,0.0,
3068457,1000,1724.0,-0.3090,0.7258,-2.6252,-0.05259,-0.04811,-0.05201,0.0,
3068477,1000,1724.0,0.4190,0.3128,-2.8692,-0.02559,-0.01711,-0.06701,0.0,
3068497,1000,1724.0,-1.8120,0.6288,-3.2822,0.01041,-0.12011,-0.03901,0.0,
3068517,1000,1724.0,-0.8930,0.4768,-3.1012,-0.01659,-0.10811,-0.04601,0.0,
3068537,1000,1724.0,-1.7100,-0.9082,-2.9772,0.09041,-0.18411,-0.06101,0.0,
3068557,1000,1724.0,-1.3050,-0.0312,-3.2122,0.05141,-0.20911,-0.04401,0.0,
3068577,1000,1724.0,-0.9630,-0.3392,-2.9192,0.07441,-0.06211,-0.05801,0.0,
3068597,1000,1724.0,-1.1270,-1.1882,-2.9242,0.09141,-0.10711,-0.05201,0.0,
3068617,1000,1724.0,0.2050,0.1618,-3.3372,-0.02559,-0.04511,-0.03901,0.0,
3068637,1000,1724.0,-0.0480,0.0288,-3.0632,0.01241,0.00789,-0.05001,0.0,
3068657,1000,1724.0,-0.6260,-0.2552,-3.3942,0.04541,-0.04411,-0.04901,0.0,
3068677,1000,1724.0,0.7710,0.4418,-1.8732,-0.07659,0.06689,-0.05601,0.0,
3068697,1000,1724.0,0.0800,-0.2462,-3.3302,0.04041,0.00589,-0.04301,0.0,
3068717,1000,1724.0,0.2590,0.6858,-2.9142,-0.02659,0.04989,-0.04901,0.0,
3068737,1000,1724.0,0.1960,0.8488,-1.3002,-0.07859,0.05989,-0.03701,0.0,
3068757,1000,1724.0,0.2570,0.0048,-2.8182,0.01041,0.04189,-0.01901,0.0,
3068777,1000,1724.0,-0.1210,-0.5762,-2.9592,0.04941,-0.00011,-0.04901,0.0,
3068797,1000,1724.0,0.3260,0.8288,-2.1292,-0.04759,0.04389,-0.03801,0.0,
3068817,1000,1724.0,-0.1360,0.4278,-2.9022,-0.04759,0.00089,-0.02601,0.0,
3068837,1000,1724.0,-0.0590,-0.5782,-2.7852,0.07241,-0.01611,-0.04601,0.0,
3068857,1000,1724.0,-0.2520,-0.2622,-2.9252,-0.00259,-0.08711,-0.03701,0.0,
3068877,1000,1724.0,-0.8930,0.1458,-3.7912,0.01441,-0.01811,-0.02601,0.0,
3068897,1000,1724.0,-0.7230,-0.2692,-2.4172,0.04741,-0.06611,-0.05301,0.0,
3068917,1000,1724.0,-0.2200,0.9078,-3.8702,-0.05559,-0.08711,-0.03301,0.0,
3068937,1000,1724.0,-1.0440,-0.5292,-2.5962,0.04141,-0.08511,-0.03901,0.0,
3068957,1000,1724.0,-0.7050,0.2918,-3.4722,-0.02659,-0.05711,-0.04101,0.0,
3068977,1000,1724.0,1.5060,-0.9242,-2.5152,0.07641,0.10789,-0.01601,0.0,
3068997,1000,1724.0,-0.0300,-0.2282,-2.7492,0.01741,0.01089,-0.05101,0.0,
3069017,1000,1724.0,-0.1970,-0.1302,-3.2602,0.04941,-0.03111,-0.05901,0.0,
3069037,1000,1724.0,0.0490,-0.7462,-2.6852,0.02941,0.04389,-0.04501,0.0,
3069057,1000,1724.0,0.1440,-0.0122,-2.5832,-0.00459,0.01989,-0.04301,0.0,
3069077,1000,1724.0,-0.1450,-0.4262,-3.7132,0.03841,0.04589,-0.04301,0.0,
3069097,1000,1724.0,0.2060,0.2128,-1.2762,-0.01659,0.01289,-0.04001,0.0,
3069117,1000,1724.0,-0.3090,0.1898,-3.8032,-0.01659,-0.02411,-0.03801,0.0,
3069137,1000,1724.0,0.1790,-0.0942,-3.1592,-0.00059,0.02389,-0.04201,0.0,
3069157,1000,1724.0,-0.4380,-0.1062,-2.3282,0.01941,-0.08511,-0.04801,0.0,
3069177,1000,1724.0,-0.6150,0.5398,-3.8962,-0.02359,-0.06711,-0.04801,0.0,
3069197,1000,1724.0,-0.7220,-0.4462,-2.8082,0.01541,-0.01211,-0.05301,0.0,
3069217,1000,1724.0,-1.2640,0.3708,-2.9172,-0.02359,-0.13011,-0.03001,0.0,
3069237,1000,1724.0,0.1070,-0.1612,-3.7712,0.02941,0.00289,-0.04001,0.0,
3069257,1000,1724.0,-0.2570,-0.2212,-3.8122,0.02841,-0.02011,-0.06201,0.0,
3069277,1000,1724.0,-0.4970,0.6288,-3.8822,-0.03959,-0.05511,-0.03501,0.0,
3069297,1000,1724.0,0.4570,-0.4352,-2.3612,-0.00359,0.03189,-0.04201,0.0,
3069317,1000,1724.0,-0.2280,0.0458,-3.5852,0.04241,-0.03811,-0.05301,0.0,
3069337,1000,1724.0,1.1410,1.0428,-2.8102,-0.09059,0.13389,-0.03501,0.0,
3069357,1000,1724.0,-0.1260,0.0458,-2.4302,0.00541,-0.00411,-0.04601,0.0,
3069377,1000,1724.0,-0.9760,-0.0052,-3.2642,0.00941,0.00289,-0.04401,0.0,
3069397,1000,1724.0,0.3720,-0.3112,-1.5202,0.01941,-0.00211,-0.04501,0.0,
3069417,1000,1724.0,0.4020,0.6268,-3.7952,-0.05259,0.04689,-0.05601,0.0,
3069437,1000,1724.0,-0.4680,-0.8042,-3.5132,0.07641,-0.00311,-0.04601,0.0,
3069457,1000,1724.0,-0.2470,-0.2772,-2.8492,0.05341,-0.08011,-0.04501,0.0,
3069477,1000,1724.0,-0.5180,0.0048,-3.6772,-0.04059,-0.07411,-0.04001,0.0,
3069497,1000,1724.0,-0.8510,0.0978,-4.0472,0.00841,-0.01611,-0.05201,0.0,
3069517,1000,1724.0,-1.9500,0.4448,-3.6192,-0.00559,-0.20911,-0.03101,0.0,
3069537,1000,1724.0,-0.4480,1.0788,-3.6272,-0.07459,-0.06611,-0.05901,0.0,
3069557,1000,1724.0,0.5590,0.0388,-3.9232,-0.00359,0.06689,-0.05301,0.0,
3069577,1000,1724.0,-0.5290,-0.8332,-3.6162,0.07141,-0.09211,-0.04801,0.0,
3069597,1000,1724.0,0.0490,0.2258,-2.5172,-0.02059,-0.01111,-0.04401,0.0,
3069617,1000,1724.0,0.1370,-0.2562,-3.3242,-0.00759,0.03389,-0.05001,0.0,
3069637,1000,1724.0,0.3930,-0.1452,-2.6612,0.03141,0.01889,-0.03901,0.0,
3069657,1000,1724.0,0.3340,0.1198,-3.1792,-0.03759,0.04989,-0.04801,0.0,
3069677,1000,1724.0,-1.2330,-0.3222,-2.6842,0.01641,-0.03511,-0.05301,0.0,
3069697,1000,1724.0,2.4170,-0.3322,-2.4312,0.01541,0.15289,-0.03801,0.0,
3069717,1000,1724.0,-0.4630,0.0248,-3.5392,0.01741,-0.03111,-0.03601,0.0,
3069737,1000,1724.0,-0.3000,-0.2272,-3.3122,0.03541,-0.03611,-0.03301,0.0,
3069757,1000,1724.0,-0.4680,-0.0762,-2.9322,0.03141,-0.05711,-0.06301,0.0,
3069777,1000,1724.0,-0.1770,0.2368,-3.2652,-0.02859,-0.03711,-0.02201,0.0,
3069797,1000,1724.0,-0.7300,-0.1192,-3.7752,0.03941,-0.01911,-0.05401,0.0,
3069817,1000,1724.0,-1.1710,-0.0852,-3.5082,0.02941,-0.09911,-0.04301,0.0,
3069837,1000,1724.0,-0.7240,-0.8312,-3.2502,0.06541,-0.08011,-0.02801,0.0,
3069857,1000,1724.0,0.6920,0.6298,-3.2462,-0.07359,0.08489,-0.04501,0.0,
3069877,1000,1724.0,-0.9920,0.2248,-3.8602,0.00941,-0.12111,-0.06101,0.0,
3069897,1000,1724.0,-0.9380,0.1118,-2.9182,0.01741,-0.08911,-0.04001,0.0,
3069917,1000,1724.0,0.3340,0.3038,-2.8462,-0.03759,0.03789,-0.04501,0.0,
3069937,1000,1724.0,-0.4100,-0.7182,-3.0992,0.03841,-0.05911,-0.04601,0.0,
3069957,1000,1724.0,0.2060,0.7708,-3.8182,-0.04959,-0.01011,-0.05101,0.0,
3069977,1000,1724.0,-0.1050,0.3998,-2.9142,-0.03559,0.02389,-0.04601,0.0,
3069997,1000,1724.0,0.9650,-0.3942,-2.5692,0.04541,0.07689,-0.07501,0.0,
3070017,1000,1724.0,0.4610,0.0968,-3.3722,-0.02359,0.06289,-0.03501,0.0,
3070037,1000,1724.0,0.1090,-0.3542,-3.3782,0.05141,0.01889,-0.04901,0.0,
3070057,1000,1724.0,0.1830,-0.3072,-2.1912,0.00141,0.04489,-0.04201,0.0,
3070077,1000,1724.0,-0.1410,1.0988,-3.3702,-0.01859,-0.00711,-0.04001,0.0,
3070097,1000,1724.0,-0.9130,-0.0512,-2.5062,-0.02059,-0.06911,-0.03401,0.0,
3070117,1000,1724.0,-0.8160,-0.0062,-4.0642,0.02041,-0.05111,-0.05001,0.0,
3070137,1000,1724.0,-0.8370,-0.5022,-2.9752,0.05641,-0.08511,-0.03901,0.0,
3070157,1000,1724.0,0.1410,-0.6152,-3.3942,0.03641,0.01589,-0.03901,0.0,
3070177,1000,1724.0,-1.1420,0.1418,-4.3532,-0.00159,-0.10311,-0.04601,0.0,
3070197,1000,1724.0,-0.2200,-0.3302,-2.4542,0.02041,-0.02611,-0.03701,0.0,
3070217,1000,1724.0,-0.6790,0.4228,-2.8432,-0.03359,-0.03811,-0.04101,0.0,
3070237,1000,1724.0,-0.6270,-0.9582,-4.1722,0.08341,-0.11411,-0.06401,0.0,
3070257,1000,1724.0,0.0590,-0.1912,-3.7572,0.01441,-0.02211,-0.03101,0.0,
3070277,1000,1724.0,-0.4930,0.2658,-2.7952,-0.03459,-0.00911,-0.05501,0.0,
3070297,1000,1724.0,0.6540,-0.4252,-2.8702,0.04041,0.01689,-0.04301,0.0,
3070317,1000,1724.0,0.9980,-0.4572,-3.2852,0.04641,0.08289,-0.05701,0.0,
3070337,1000,1724.0,0.2560,0.8388,-3.5662,-0.07559,0.02189,-0.03601,0.0,
3070357,1000,1724.0,0.1930,-0.7242,-2.7882,0.06141,0.14089,-0.04001,0.0,
3070377,1000,1724.0,0.3920,0.0038,-3.0492,-0.02359,-0.02311,-0.06401,0.0,
3070397,1000,1724.0,-0.3710,0.2888,-2.7312,0.01141,-0.02711,-0.04301,0.0,
3070417,1000,1724.0,-0.3670,-0.5982,-3.3092,0.03541,-0.00611,-0.04801,0.0,
3070437,1000,1724.0,-0.6160,-0.0572,-3.0182,0.03841,-0.04811,-0.04401,0.0,
3070457,1000,1724.0,-0.1670,-0.5812,-2.5432,0.06341,-0.01511,-0.04501,0.0,
3070477,1000,1724.0,-1.4300,0.0038,-4.3052,0.00441,-0.14311,-0.02601,0.0,
3070497,1000,1724.0,-0.4170,-0.1902,-3.3222,0.01941,-0.04911,-0.04401,0.0,
3070517,1000,1724.0,-0.2450,-0.1232,-2.2262,0.03341,-0.02511,-0.04501,0.0,
3070537,1000,1724.0,-1.6190,0.2408,-5.2272,-0.02459,-0.17011,-0.05601,0.0,
3070557,1000,1724.0,0.3880,-0.6682,-3.2022,0.04641,0.05089,-0.03301,0.0,
3070577,1000,1724.0,0.6060,-0.1352,-3.1452,0.02841,-0.00011,-0.04001,0.0,
3070597,1000,1724.0,-0.2590,0.0648,-2.9372,-0.01059,-0.01411,-0.05101,0.0,
3070617,1000,1724.0,0.0060,0.0978,-2.5742,-0.02059,-0.00011,-0.05601,0.0,
3070637,1000,1724.0,0.3190,0.8928,-3.4132,-0.05659,0.02389,-0.05901,0.0,
3070657,1000,1724.0,0.3830,0.0968,-3.5222,-0.04259,0.13489,-0.02901,0.0,
3070677,1000,1724.0,-0.0190,-0.0512,-1.2532,0.02341,0.01089,-0.04901,0.0,
3070697,1000,1724.0,0.8420,0.2198,-3.6552,-0.02859,-0.00411,-0.04501,0.0,
3070717,1000,1724.0,-0.0310,0.5468,-2.1442,-0.00559,0.03689,-0.05301,0.0,
3070737,1000,1724.0,-0.7550,0.0678,-4.1802,0.00441,-0.05111,-0.04901,0.0,
3070757,1000,1724.0,-0.0190,-0.6172,-3.4962,0.06841,0.01489,-0.04501,0.0,
3070777,1000,1724.0,-0.6420,0.0088,-3.6772,0.01441,-0.06611,-0.04901,0.0,
3070797,1000,1724.0,-0.9710,-0.1062,-3.6422,0.01341,-0.08511,-0.03201,0.0,
3070817,1000,1724.0,0.1570,-0.0772,-2.7372,0.01141,0.03289,-0.03701,0.0,
3070837,1000,1724.0,-1.4060,0.2608,-3.8252,-0.02559,-0.15111,-0.02801,0.0,
3070857,1000,1724.0,-0.3640,0.0038,-3.7412,0.01041,-0.05911,-0.06601,0.0,
3070877,1000,1724.0,-0.3560,-0.9042,-3.3892,0.07441,-0.06111,-0.05201,0.0,
3070897,1000,1724.0,-0.0890,-0.0022,-3.4422,0.00841,-0.01311,-0.02301,0.0,
3070917,1000,1724.0,0.9310,-0.0532,-1.5422,-0.02459,0.10989,-0.03301,0.0,
3070937,1000,1724.0,-0.2310,0.4158,-2.8242,-0.03259,-0.02211,-0.06301,0.0,
3070957,1000,1724.0,0.5500,-1.0122,-3.3902,0.05141,0.17289,-0.04101,0.0,
3070977,1000,1724.0,0.2600,0.3778,-2.8512,-0.03459,-0.04111,-0.05501,0.0,
3070997,1000,1724.0,0.2230,-0.3162,-2.3902,0.03241,0.01589,-0.03501,0.0,
3071017,1000,1724.0,0.2340,-0.4172,-3.2122,0.05041,0.04289,-0.05401,0.0,
3071037,1000,1724.0,-0.2780,0.1128,-2.5702,0.00941,-0.02411,-0.05201,0.0,
3071057,1000,1724.0,-0.0870,-0.7942,-4.4522,0.04941,-0.00711,-0.03601,0.0,
3071077,1000,1724.0,-1.2080,-0.1522,-3.1792,0.03941,-0.09711,-0.05001,0.0,
3071097,1000,1724.0,-0.8480,0.0398,-3.7952,0.01641,-0.08711,-0.03501,0.0,
3071117,1000,1724.0,-0.1790,-0.2742,-2.9792,0.01841,-0.00811,-0.04001,0.0,
3071137,1000,1724.0,-1.1190,-0.7882,-4.1352,0.06741,-0.14711,-0.02601,0.0,
3071157,1000,1724.0,-0.6900,0.1898,-2.6392,-0.02959,-0.05311,-0.03801,0.0,
3071177,1000,1724.0,0.2890,-0.1452,-2.9482,0.06341,-0.01711,-0.06201,0.0,
3071197,1000,1724.0,0.2260,-0.6222,-3.9472,0.01741,0.03589,-0.03801,0.0,
3071217,1000,1724.0,-0.1170,-0.6032,-3.2772,0.03041,-0.02911,-0.05001,0.0,
3071237,1000,1724.0,0.2180,0.2608,-2.3342,-0.03159,0.02689,-0.04701,0.0,
3071257,1000,1724.0,-0.3350,-0.4292,-2.6192,0.03141,0.08489,-0.05001,0.0,
3071277,1000,1724.0,0.5810,0.3468,-3.4622,-0.05359,0.04889,-0.05501,0.0,
3071297,1000,1724.0,0.6310,1.0998,-3.5682,-0.07259,-0.03011,-0.04301,0.0,
3071317,1000,1724.0,1.0280,-0.2232,-2.6982,0.00741,0.10989,-0.03901,0.0,
3071337,1000,1724.0,-0.4010,0.0248,-2.9772,0.02441,-0.03211,-0.04801,0.0,
3071357,1000,1724.0,0.2770,-0.3692,-2.5372,0.02441,0.03889,-0.03701,0.0,
3071377,1000,1724.0,-1.1360,-0.2202,-4.4622,0.04641,-0.09411,-0.04601,0.0,
3071397,1000,1724.0,-0.6460,-0.3352,-2.9322,0.04041,-0.04511,-0.05401,0.0,
3071417,1000,1724.0,-0.1770,0.1768,-3.0452,-0.01059,-0.01811,-0.05301,0.0,
3071437,1000,1724.0,-0.9700,0.0048,-4.4122,0.00741,-0.11911,-0.03101,0.0,
3071457,1000,1724.0,0.2200,-0.9002,-3.1332,0.06941,0.00789,-0.04501,0.0,
3071477,1000,1724.0,-0.4770,0.9448,-2.7202,-0.08159,-0.06111,-0.04601,0.0,
3071497,1000,1724.0,-0.9680,-0.8412,-3.5202,0.08541,-0.07811,-0.05701,0.0,
3071517,1000,1724.0,-0.0930,1.1328,-3.3132,-0.07559,-0.05011,-0.04501,0.0,
3071537,1000,1724.0,0.0970,-0.0172,-4.1322,-0.00859,0.00289,-0.04401,0.0,
3071557,1000,1724.0,1.3720,0.0248,-1.4232,-0.04859,0.14589,-0.03101,0.0,
3071577,1000,1724.0,-0.6350,-0.2152,-3.1332,0.01741,0.02489,-0.05101,0.0,
3071597,1000,1724.0,0.3880,0.3328,-3.3062,-0.02759,-0.05811,-0.03801,0.0,
3071617,1000,1724.0,0.5310,0.4008,-3.0692,-0.01759,0.06789,-0.06301,0.0,
3071637,1000,1724.0,-0.1080,-0.5052,-3.1482,0.02341,0.00089,-0.03401,0.0,
3071657,1000,1724.0,-0.2250,0.4598,-3.0242,-0.03759,-0.03811,-0.04201,0.0,
3071677,1000,1724.0,-0.5070,0.0518,-3.2642,0.03541,-0.03411,-0.06001,0.0,
3071697,1000,1724.0,-0.7760,0.7448,-4.0142,-0.06859,-0.07011,-0.02101,0.0,
3071717,1000,1724.0,0.3600,-0.1962,-2.8812,0.01341,0.04289,-0.04501,0.0,
3071737,1000,1724.0,-1.9550,0.1948,-3.7432,0.01441,-0.17811,-0.04401,0.0,
3071757,1000,1724.0,-0.4170,-0.1042,-3.4032,0.01641,-0.05411,-0.05101,0.0,
3071777,1000,1724.0,0.2290,-0.5062,-2.8622,0.03341,0.01189,-0.04701,0.0,
3071797,1000,1724.0,-0.4640,0.2518,-2.9552,-0.00959,-0.03011,-0.04201,0.0,
3071817,1000,1724.0,-0.9490,0.0148,-3.7912,0.01441,-0.09311,-0.05701,0.0,
3071837,1000,1724.0,-0.3570,0.4498,-3.8802,-0.04559,-0.03811,-0.04301,0.0,
3071857,1000,1724.0,0.6990,-1.0682,-2.7142,0.08141,0.04689,-0.04201,0.0,
3071877,1000,1724.0,0.1210,0.3848,-2.5262,-0.03659,0.05389,-0.03801,0.0,
3071897,1000,1724.0,-0.7170,0.1518,-3.5862,-0.00159,-0.08111,-0.04801,0.0,
3071917,1000,1724.0,1.6990,0.1988,-3.0742,-0.03359,0.17089,-0.02601,0.0,
3071937,1000,1724.0,-0.2860,-0.1412,-2.8552,0.00741,-0.02611,-0.05401,0.0,
3071957,1000,1724.0,0.0150,-0.0772,-2.6252,0.01241,0.01789,-0.05701,0.0,
3071977,1000,1724.0,-0.1390,0.1838,-2.2602,0.00141,-0.00911,-0.04501,0.0,
3071997,1000,1724.0,-0.9230,-0.1042,-4.1692,0.01941,-0.03211,-0.03001,0.0,
3072017,1000,1724.0,0.5140,-0.0242,-3.2092,-0.02659,0.03789,-0.05301,0.0,
3072037,1000,1724.0,-0.7510,-0.1622,-3.0362,0.04641,-0.04911,-0.04701,0.0,
3072057,1000,1724.0,-0.3220,0.4508,-3.4322,-0.04359,-0.03711,-0.03301,0.0,
3072077,1000,1724.0,-0.1760,-0.3852,-3.2742,0.02641,-0.01711,-0.04701,0.0,
3072097,1000,1724.0,-0.4910,0.1958,-2.7152,0.00841,-0.06611,-0.04801,0.0,
3072117,1000,1724.0,-0.7250,-0.2372,-4.8372,0.04841,-0.06911,-0.04801,0.0,
3072137,1000,1724.0,0.2380,0.7528,-3.4822,-0.06659,-0.01111,-0.04701,0.0,
3072157,1000,1724.0,-0.4760,-0.3022,-3.4442,0.03141,-0.07311,-0.06201,0.0,
3072177,1000,1724.0,0.6860,-0.7072,-2.0622,0.01541,0.08189,-0.01701,0.0,
3072197,1000,1724.0,-0.6580,0.2998,-2.7982,-0.00059,-0.05011,-0.03801,0.0,
3072217,1000,1724.0,0.5510,-0.5332,-3.4472,0.04041,0.07689,-0.06901,0.0,
3072237,1000,1724.0,0.0580,-0.1672,-2.8362,-0.00159,0.02589,-0.02501,0.0,
3072257,1000,1724.0,-1.0940,-0.3542,-1.9742,0.03141,-0.10811,-0.06001,0.0,
3072277,1000,1724.0,0.9930,0.3458,-2.7962,-0.04259,0.09989,-0.02801,0.0,
3072297,1000,1724.0,-0.3870,-0.1712,-3.3032,0.03241,-0.02511,-0.04701,0.0,
3072317,1000,1724.0,-0.2880,-0.1172,-3.3402,0.00641,-0.02911,-0.05101,0.0,
3072337,1000,1724.0,-0.5080,0.5508,-3.8472,-0.04959,-0.01711,-0.03201,0.0,
3072357,1000,1724.0,-1.0070,-0.2962,-3.4672,0.05341,-0.09111,-0.04901,0.0,
3072377,1000,1724.0,-0.3620,0.0318,-3.5272,-0.02659,-0.02711,-0.04401,0.0,
3072397,1000,1724.0,-0.6560,0.1078,-2.9762,-0.00159,-0.06911,-0.04101,0.0,
3072417,1000,1724.0,-0.0800,0.1488,-4.8622,-0.01259,-0.01511,-0.04901,0.0,
3072437,1000,1724.0,-0.5090,-0.0522,-3.8512,-0.01259,-0.04411,-0.04701,0.0,
3072457,1000,1724.0,-0.6160,0.3828,-3.4722,-0.00659,-0.09511,-0.04901,0.0,
3072477,1000,1724.0,-0.4230,-0.1452,-2.9512,-0.00559,-0.05511,-0.05901,0.0,
3072497,1000,1724.0,-0.0520,-0.3302,-2.5942,0.02841,-0.00711,-0.04701,0.0,
3072517,1000,1724.0,0.5110,-0.1682,-3.9652,0.02641,0.04489,-0.03401,0.0,
3072537,1000,1724.0,0.2590,0.0468,-2.7872,-0.03559,0.02489,-0.04301,0.0,
3072557,1000,1724.0,-1.1160,0.0378,-1.7582,-0.00559,-0.12311,-0.04501,0.0,
3072577,1000,1724.0,0.4320,-0.5492,-2.8702,0.03841,0.08689,-0.04501,0.0,
3072597,1000,1724.0,0.1220,-0.1022,-3.4912,0.00041,-0.00111,-0.04801,0.0,
3072617,1000,1724.0,-0.3170,-1.1502,-3.5152,0.11441,0.04189,-0.05501,0.0,
3072637,1000,1724.0,0.8420,0.4638,-2.9942,-0.04759,0.02089,-0.03001,0.0,
3072657,1000,1724.0,-0.8640,-0.8682,-2.6202,0.09441,-0.07311,-0.05001,0.0,
3072677,1000,1724.0,-0.8140,0.3218,-4.0852,-0.02359,-0.04711,-0.04801,0.0,
3072697,1000,1724.0,-0.4400,-0.3502,-3.1952,0.05741,-0.12311,-0.01601,0.0,
3072717,1000,1724.0,-1.3450,0.1798,-4.3432,-0.01259,-0.11311,-0.05501,0.0,
3072737,1000,1724.0,-0.2380,0.4828,-3.4832,-0.03059,0.04389,-0.03801,0.0,
3072757,1000,1724.0,-0.9080,-0.2262,-3.7952,0.03741,-0.11711,-0.03401,0.0,
3072777,1000,1724.0,-0.0950,-0.4392,-2.8722,0.00441,-0.03311,-0.01801,0.0,
3072797,1000,1724.0,-0.2610,-0.0952,-3.5912,0.00341,-0.00011,-0.01701,0.0,
3072817,1000,1724.0,-0.3800,0.3888,-3.1132,-0.04159,-0.08111,-0.03301,0.0,
3072837,1000,1724.0,0.5890,-0.0332,-4.0292,0.00341,0.06289,-0.05801,0.0,
3072857,1000,1724.0,-0.9430,-0.8042,-2.3992,0.06041,-0.07011,-0.00801,0.0,
3072877,1000,1724.0,0.7690,0.4668,-3.6132,-0.06359,0.08689,-0.02701,0.0,
3072897,1000,1724.0,1.5540,0.2208,-3.9792,-0.03659,0.15289,-0.03801,0.0,
3072917,1000,1724.0,-0.5430,-0.2692,-4.0042,0.00241,0.02989,-0.02401,0.0,
3072937,1000,1724.0,0.2410,-0.5332,-2.4982,0.03541,-0.02911,-0.03901,0.0,
3072957,1000,1724.0,-0.1510,0.3468,-3.6792,-0.02059,0.00389,-0.02701,0.0,
3072977,1000,1724.0,-0.1750,-0.5912,-4.1662,0.08041,-0.00811,-0.04201,0.0,
3072997,1000,1724.0,-0.8800,0.2918,-4.1222,-0.02659,-0.10011,-0.01901,0.0,
3073017,1000,1724.0,-0.2410,-1.2332,-3.2122,0.10541,-0.06511,-0.01301,0.0,
3073037,1000,1724.0,-0.6750,-0.5172,-3.6962,0.02041,0.03189,-0.02401,0.0,
3073057,1000,1724.0,-1.3680,-0.0642,-4.7442,0.02041,-0.14311,-0.02101,0.0,
3073077,1000,1724.0,-0.3910,-0.7242,-3.2702,0.07441,-0.02711,-0.03201,0.0,
3073097,1000,1724.0,0.2660,-0.2682,-4.0332,-0.02759,0.01389,-0.03101,0.0,
3073117,1000,1724.0,-0.8770,0.4088,-4.1472,-0.02259,-0.08511,-0.03301,0.0,
3073137,1000,1724.0,1.0920,0.5688,-4.1132,-0.07959,0.08889,-0.04001,0.0,
3073157,1000,1724.0,0.2550,0.5298,-3.5232,-0.07059,0.05789,-0.04001,0.0,
3073177,1000,1724.0,0.1210,-0.0132,-3.5392,-0.03159,0.00589,-0.03901,0.0,
3073197,1000,1724.0,0.3140,-0.1042,-4.1472,-0.01859,0.04589,-0.04401,0.0,
3073217,1000,1724.0,-0.4980,-0.7902,-4.5922,0.01141,0.07489,-0.01501,0.0,
3073237,1000,1724.0,0.7760,0.0028,-1.5692,-0.01659,0.03689,-0.01501,0.0,
3073257,1000,1724.0,0.5590,-0.2762,-3.7112,-0.00959,0.09089,-0.00101,0.0,
3073277,1000,1724.0,-0.4320,-0.3542,-2.9852,0.00741,-0.01511,-0.00901,0.0,
3073297,1000,1724.0,-0.5360,-1.1072,-3.6562,0.06841,-0.01911,-0.01401,0.0,
3073317,1000,1724.0,-0.9890,-0.2002,-2.9712,0.04341,-0.08811,-0.02501,0.0,
3073337,1000,1724.0,-0.0960,-0.1912,-3.5752,0.00441,0.03089,-0.03501,0.0,
3073357,1000,1724.0,-2.1560,-0.8122,-4.5742,0.05741,-0.20311,-0.01701,0.0,
3073377,1000,1724.0,-0.3210,0.4108,-3.8692,-0.03559,-0.02811,-0.02901,0.0,
3073397,1000,1724.0,0.7890,0.2328,-3.6542,-0.03859,0.08389,-0.03601,0.0,
3073417,1000,1724.0,-0.7600,0.2168,-4.7992,-0.02659,-0.09311,-0.03401,0.0,
3073437,1000,1724.0,-0.3740,0.7128,-3.7482,-0.04859,-0.06511,-0.03401,0.0,
3073457,1000,1724.0,0.3310,0.2928,-4.2732,-0.02059,0.03689,-0.04501,0.0,
3073477,1000,1724.0,-0.6830,1.0748,-3.5902,-0.08459,-0.08011,-0.05601,0.0,
3073497,1000,1724.0,0.5670,0.7298,-4.0732,-0.07659,0.03689,-0.03101,0.0,
3073517,1000,1724.0,-0.5580,-0.7252,-4.8802,0.06341,-0.01411,-0.03401,0.0,
3073537,1000,1724.0,0.6370,0.8428,-3.4002,-0.05059,0.04289,-0.03201,0.0,
3073557,1000,1724.0,0.2390,0.5618,-3.2592,-0.03459,0.02489,-0.03901,0.0,
3073577,1000,1724.0,-0.0820,0.1808,-4.1062,-0.00359,0.00989,-0.03601,0.0,
3073597,1000,1724.0,0.6420,0.0698,-3.7022,0.02841,0.09789,-0.04101,0.0,
3073617,1000,1724.0,-0.2820,0.0948,-3.2692,-0.04559,-0.06211,-0.02701,0.0,
3073637,1000,1724.0,-0.5270,0.3868,-3.8682,-0.02659,-0.01111,-0.03001,0.0,
3073657,1000,1724.0,-0.9870,-0.4052,-4.5672,0.05241,-0.06411,-0.02001,0.0,
3073677,1000,1724.0,-1.5220,-1.4702,-4.5402,0.13341,-0.13311,-0.02201,0.0,
3073697,1000,1724.0,-0.9640,-0.0852,-3.3152,0.00841,-0.06011,-0.02301,0.0,
3073717,1000,1724.0,-1.2420,-0.9282,-4.0562,0.10541,-0.12311,-0.04301,0.0,
3073737,1000,1724.0,-0.8630,-0.9672,-4.1902,0.09641,-0.06711,-0.02301,0.0,
3073757,1000,1724.0,-0.8620,-0.1162,-4.7512,0.03141,-0.10311,-0.03701,0.0,
3073777,1000,1724.0,0.1590,-1.0062,-4.0352,0.06441,-0.01411,-0.05201,0.0,
3073797,1000,1724.0,0.3220,0.9198,-2.8512,-0.06659,0.03789,-0.03401,0.0,
3073817,1000,1724.0,-0.6280,0.3858,-3.9052,-0.04159,-0.06411,-0.05301,0.0,
3073837,1000,1724.0,0.0730,0.2538,-3.9492,-0.03259,0.03389,-0.06701,0.0,
3073857,1000,1724.0,0.6350,-0.1322,-3.9002,0.01041,0.08589,-0.03301,0.0,
3073877,1000,1724.0,-0.1610,-0.8032,-2.8802,0.05441,0.01389,-0.06001,0.0,
3073897,1000,1724.0,0.0450,-0.2512,-3.9312,0.01741,0.03289,-0.01401,0.0,
3073917,1000,1724.0,-0.2660,0.4798,-2.7052,0.02341,-0.04711,-0.05601,0.0,
3073937,1000,1724.0,-1.1950,-0.0012,-4.7372,-0.00059,-0.03511,-0.04801,0.0,
3073957,1000,1724.0,-1.2290,0.8018,-3.6752,-0.06759,-0.09511,-0.00201,0.0,
3073977,1000,1724.0,0.0700,-0.0042,-3.6902,0.01341,0.00989,-0.05201,0.0,
3073997,1000,1724.0,0.7910,0.7048,-4.2732,-0.06259,0.07289,-0.03901,0.0,
3074017,1000,1724.0,-1.6520,0.4838,-4.5602,-0.01259,-0.18511,-0.02701,0.0,
3074037,1000,1724.0,1.4750,0.1348,-3.2142,-0.05559,0.15489,-0.03301,0.0,
3074057,1000,1724.0,-0.3660,0.3958,-4.8812,-0.03159,0.00289,-0.02301,0.0,
3074077,1000,1724.0,-0.4710,0.9148,-3.3462,-0.05559,-0.06811,-0.03001,0.0,
3074097,1000,1724.0,0.3130,-0.1092,-4.2432,0.00441,0.06889,-0.03201,0.0,
3074117,1000,1724.0,0.8670,-0.3882,-2.7102,0.04141,0.08289,-0.00901,0.0,
3074137,1000,1724.0,0.4670,-0.2512,-3.2612,0.00141,0.07289,-0.02601,0.0,
3074157,1000,1724.0,1.0050,0.6298,-3.8802,-0.07559,0.10589,-0.01001,0.0,
3074177,1000,1724.0,0.9610,0.9388,-4.1032,-0.06859,0.10289,-0.01901,0.0,
3074197,1000,1724.0,0.8830,-0.5722,-3.6092,0.01941,0.09389,-0.03801,0.0,
3074217,1000,1724.0,-1.0900,0.6478,-2.9182,-0.05159,-0.12111,-0.02401,0.0,
3074237,1000,1724.0,-0.1320,0.0898,-3.5582,-0.02359,-0.00011,-0.02601,0.0,
3074257,1000,1724.0,-1.5820,-0.6112,-5.3852,0.08641,-0.14111,-0.04401,0.0,
3074277,1000,1724.0,-0.8810,-0.3712,-3.8862,0.03741,-0.09711,-0.02301,0.0,
3074297,1000,1724.0,0.0250,-0.5832,-4.7142,0.08541,-0.00311,-0.04601,0.0,
3074317,1000,1724.0,-0.3920,-0.4052,-5.2472,0.04541,-0.05411,-0.03001,0.0,
3074337,1000,1724.0,-1.1140,-0.4492,-3.7732,0.07041,-0.10711,-0.04101,0.0,
3074357,1000,1724.0,-0.8050,0.2608,-4.7502,0.00541,-0.12411,-0.05201,0.0,
3074377,1000,1724.0,0.6350,-1.7182,-2.8672,0.12941,0.03289,-0.05101,0.0,
3074397,1000,1724.0,0.2050,0.7388,-4.1662,-0.05959,0.03289,-0.04301,0.0,
3074417,1000,1724.0,-0.4870,0.7038,-4.3772,-0.03959,-0.02411,-0.05701,0.0,
3074437,1000,1724.0,0.5940,-0.1792,-3.3882,0.00941,0.05889,-0.04801,0.0,
3074457,1000,1724.0,0.0220,-0.9342,-2.5572,0.08741,0.03189,-0.05601,0.0,
3074477,1000,1724.0,-0.5190,0.3068,-4.2592,0.01341,-0.03511,-0.05001,0.0,
3074497,1000,1724.0,-0.3690,0.3268,-3.2162,-0.01559,0.02889,-0.03101,0.0,
3074517,1000,1724.0,-0.1620,-0.2612,-5.0582,0.04041,-0.00811,-0.05301,0.0,
3074537,1000,1724.0,0.2180,0.9738,-3.6632,-0.08159,0.02689,-0.02401,0.0,
3074557,1000,1724.0,-0.6310,-0.0172,-4.1302,0.01141,-0.05411,-0.03701,0.0,
3074577,1000,1724.0,-0.1360,-0.0962,-3.9872,-0.00359,-0.00511,-0.02701,0.0,
3074597,1000,1724.0,0.3360,0.5658,-4.5852,-0.05459,0.05889,-0.03201,0.0,
3074617,1000,1724.0,-2.3600,0.2118,-3.5092,0.01641,-0.24911,-0.06001,0.0,
3074637,1000,1724.0,0.7600,-0.2172,-4.1562,0.00341,0.09289,-0.01001,0.0,
3074657,1000,1724.0,-0.0550,-0.4662,-3.5632,0.03341,0.01489,-0.00101,0.0,
3074677,1000,1724.0,-0.2290,1.0178,-4.5382,-0.08159,-0.04711,-0.03101,0.0,
3074697,1000,1724.0,0.0940,-0.8082,-2.6112,0.04541,0.03989,-0.00201,0.0,
3074717,1000,1724.0,0.3490,-0.2252,-3.3562,0.02441,0.03089,-0.02301,0.0,
3074737,1000,1724.0,0.7120,0.3198,-2.9992,-0.05959,0.07389,-0.01701,0.0,
3074757,1000,1724.0,-0.4370,-0.3332,-3.9342,0.00941,-0.01011,-0.03901,0.0,
3074777,1000,1724.0,-0.1850,0.3008,-3.2212,-0.03959,-0.01711,-0.02701,0.0,
3074797,1000,1724.0,-1.0260,-0.4122,-3.8882,0.05141,-0.07911,-0.05101,0.0,
3074817,1000,1724.0,-0.3730,0.2728,-4.1162,-0.05159,-0.03511,-0.02101,0.0,
3074837,1000,1724.0,0.3210,0.1308,-4.3052,-0.01259,-0.00011,-0.02901,0.0,
3074857,1000,1724.0,-1.5000,-0.3342,-4.2042,0.02941,-0.14411,-0.00801,0.0,
3074877,1000,1724.0,-0.5920,-0.1862,-3.9572,0.03041,-0.08211,-0.03301,0.0,
3074897,1000,1724.0,-0.0560,0.3548,-3.9882,-0.01259,-0.01411,-0.03401,0.0,
3074917,1000,1724.0,-1.1990,-0.3962,-4.7912,0.04741,-0.12611,-0.02001,0.0,
3074937,1000,1724.0,-0.5000,0.8448,-3.8902,-0.05759,-0.06611,-0.03801,0.0,
3074957,1000,1724.0,-0.8330,-0.3942,-4.5032,0.03341,-0.06211,-0.06301,0.0,
3074977,1000,1724.0,0.9940,-1.2242,-3.6112,0.07241,0.05989,-0.04501,0.0,
3074997,1000,1724.0,0.2340,0.8338,-3.8252,-0.02859,0.05589,-0.05901,0.0,
3075017,1000,1724.0,-0.4780,0.0238,-3.5672,0.00341,-0.01711,-0.05101,0.0,
3075037,1000,1724.0,0.3420,-0.7672,-2.7032,0.07141,0.05989,-0.04101,0.0,
3075057,1000,1724.0,-0.3480,0.3608,-4.2872,-0.05159,0.00789,-0.02401,0.0,
3075077,1000,1724.0,-0.5340,0.7548,-3.7992,-0.00659,-0.02411,-0.04401,0.0,
3075097,1000,1724.0,-0.1210,0.4648,-4.2142,-0.05059,0.05789,-0.02801,0.0,
3075117,1000,1724.0,-0.5960,0.1598,-2.8752,-0.01559,-0.05111,-0.03601,0.0,
3075137,1000,1724.0,0.1590,-0.1812,-3.3072,0.00141,0.04989,-0.04101,0.0,
3075157,1000,1724.0,-1.4570,-0.1372,-4.9262,0.05341,-0.13211,-0.05701,0.0,
3075177,1000,1724.0,0.2940,-0.4582,-4.0592,0.01741,0.04789,-0.03601,0.0,
3075197,1000,1724.0,-0.0170,-0.2072,-4.0502,0.00141,0.04189,-0.03101,0.0,
3075217,1000,1724.0,-0.8380,-0.4182,-4.9502,0.03841,-0.13211,-0.05201,0.0,
3075237,1000,1724.0,0.3310,-1.7862,-3.2192,0.10641,0.05389,-0.00901,0.0,
3075257,1000,1724.0,-1.0320,0.7068,-4.7432,-0.05459,-0.05911,-0.01501,0.0,
3075277,1000,1724.0,-0.1430,-0.1382,-3.0632,0.01041,-0.02511,-0.02301,0.0,
3075297,1000,1724.0,0.1510,-1.5012,-3.4632,0.10441,0.03189,-0.02701,0.0,
3075317,1000,1724.0,-0.6420,0.2948,-4.1282,-0.02959,-0.05211,-0.02701,0.0,
3075337,1000,1724.0,0.2920,0.2718,-3.8142,-0.05259,0.01689,-0.02001,0.0,
3075357,1000,1724.0,-0.2270,-0.1222,-3.5182,-0.01359,-0.00411,-0.02901,0.0,
3075377,1000,1724.0,1.2560,-0.0242,-3.3502,-0.04059,0.10589,-0.03601,0.0,
3075397,1000,1724.0,-0.9680,-0.4652,-3.4802,0.04941,-0.09311,-0.02101,0.0,
3075417,1000,1724.0,-0.7020,0.0798,-4.6382,0.00141,-0.06411,-0.04501,0.0,
3075437,1000,1724.0,0.8340,0.3128,-3.5462,-0.02559,0.07889,-0.03201,0.0,
3075457,1000,1724.0,-1.2670,0.4568,-4.1212,-0.01659,-0.14611,-0.01501,0.0,
3075477,1000,1724.0,-0.6950,-0.5662,-4.4952,0.01841,-0.07911,-0.02001,0.0,
3075497,1000,1724.0,0.5420,1.1078,-4.2422,-0.06559,0.03789,-0.03001,0.0,
3075517,1000,1724.0,-0.8700,0.3568,-3.7612,-0.00959,-0.10211,-0.01801,0.0,
3075537,1000,1724.0,0.1120,1.1938,-3.6762,-0.10559,0.03189,-0.02601,0.0,
3075557,1000,1724.0,0.3490,-0.4202,-4.2322,0.03441,0.04489,-0.02401,0.0,
3075577,1000,1724.0,1.0190,0.8338,-4.2192,-0.06659,0.07289,-0.04101,0.0,
3075597,1000,1724.0,0.9410,0.3948,-3.7852,-0.07759,0.14889,-0.02001,0.0,
3075617,1000,1724.0,1.2670,-1.3162,-2.6422,0.11241,0.16589,-0.04201,0.0,
3075637,1000,1724.0,0.6380,-1.0222,-3.3802,0.04941,0.21389,-0.02601,0.0,
3075657,1000,1724.0,-0.3890,-0.2982,-3.3222,0.06041,-0.07311,-0.02301,0.0,
3075677,1000,1724.0,-0.3690,-0.2702,-3.7902,0.02941,-0.00211,-0.02801,0.0,
3075697,1000,1724.0,-0.8080,-0.1132,-3.9942,0.02141,-0.03311,-0.03301,0.0,
3075717,1000,1724.0,-0.4110,0.0298,-4.2792,0.00441,-0.07611,-0.01701,0.0,
3075737,1000,1724.0,0.2120,-1.5012,-3.7402,0.09841,0.03489,-0.02901,0.0,
3075757,1000,1724.0,-1.1890,-0.5512,-4.5852,0.06841,-0.13711,-0.02901,0.0,
3075777,1000,1724.0,-0.4080,-0.2572,-3.8812,0.01541,-0.04911,-0.02601,0.0,
3075797,1000,1724.0,-0.3240,-0.5612,-4.7232,0.02741,-0.02611,-0.04001,0.0,
3075817,1000,1724.0,-1.1330,-1.8052,-4.4692,0.15041,-0.15411,-0.05901,0.0,
3075837,1000,1724.0,-0.4300,-0.0982,-3.7402,-0.00459,-0.04311,-0.02001,0.0,
3075857,1000,1724.0,-0.7610,-0.7162,-3.6762,0.08241,-0.10011,-0.07101,0.0,
3075877,1000,1724.0,0.0050,-1.5582,-3.6712,0.12141,0.00489,-0.03301,0.0,
3075897,1000,1724.0,-0.1710,-0.4462,-4.6812,0.04741,-0.02611,-0.04001,0.0,
3075917,1000,1724.0,-0.0260,0.0568,-3.6502,0.01041,0.03189,-0.03001,0.0,
3075937,1000,1724.0,-0.4490,0.2348,-1.6362,-0.02659,0.05189,-0.03801,0.0,
3075957,1000,1724.0,0.3400,0.6408,-3.8852,-0.09859,0.03489,-0.03901,0.0,
3075977,1000,1724.0,-0.3240,1.3188,-3.7022,-0.06759,-0.04811,-0.00801,0.0,
3075997,1000,1724.0,0.0260,0.5548,-3.9432,-0.03759,0.02389,-0.02701,0.0,
3076017,1000,1724.0,-0.3430,0.5048,-4.1552,-0.02659,-0.00611,-0.04101,0.0,
3076037,1000,1724.0,-0.2120,0.9158,-3.2482,-0.05459,0.00689,-0.02501,0.0,
3076057,1000,1724.0,-1.4420,-0.1392,-5.3832,0.04441,-0.13111,-0.02201,0.0,
3076077,1000,1724.0,-0.3140,0.0018,-3.6602,0.01341,-0.00911,-0.03101,0.0,
3076097,1000,1724.0,-0.3460,0.9108,-3.8852,-0.06059,-0.00411,-0.02701,0.0,
3076117,1000,1724.0,-0.4280,0.3308,-4.8512,0.00341,-0.06411,-0.01401,0.0,
3076137,1000,1724.0,-0.4920,-1.3662,-3.9662,0.09541,-0.05911,-0.01701,0.0,
3076157,1000,1724.0,0.5670,1.3878,-3.4582,-0.14059,0.02589,-0.02601,0.0,
3076177,1000,1724.0,0.8180,-0.3822,-3.6232,0.01941,0.10789,-0.03101,0.0,
3076197,1000,1724.0,0.6950,-0.4022,-4.2052,0.02641,0.03789,-0.04901,0.0,
3076217,1000,1724.0,0.0940,-0.2352,-4.5272,-0.01859,0.01089,-0.02701,0.0,
3076237,1000,1724.0,1.4010,-0.8892,-1.6242,0.03841,0.16389,-0.01001,0.0,
3076257,1000,1724.0,0.0620,-1.2172,-3.8512,0.09341,0.01989,-0.02701,0.0,
3076277,1000,1724.0,-0.1230,-1.0452,-4.0112,0.07341,-0.00111,-0.01501,0.0,
3076297,1000,1724.0,0.3210,-0.3102,-3.9262,0.05141,0.03089,-0.03001,0.0,
3076317,1000,1724.0,-0.3340,-1.1492,-4.7272,0.08741,-0.03211,-0.03801,0.0,
3076337,1000,1724.0,0.4380,-0.5052,-3.7212,0.04041,0.02589,-0.02101,0.0,
3076357,1000,1724.0,-1.2350,-0.6392,-4.0062,0.08541,-0.11311,-0.04701,0.0,
3076377,1000,1724.0,-0.7490,0.3728,-4.7242,-0.02559,-0.10111,-0.03101,0.0,
3076397,1000,1724.0,0.9210,-0.5902,-3.7402,0.04741,0.08889,-0.03901,0.0,
3076417,1000,1724.0,-2.5320,0.9858,-4.7992,-0.08059,-0.24211,-0.03201,0.0,
3076437,1000,1724.0,0.1350,-0.5802,-4.4492,0.07741,0.00289,-0.04301,0.0,
3076457,1000,1724.0,-0.5350,-0.2112,-4.0472,0.02641,-0.05211,-0.04901,0.0,
3076477,1000,1724.0,-0.6740,0.5638,-3.2952,-0.02859,-0.04111,-0.03001,0.0,
3076497,1000,1724.0,0.3930,-0.1672,-3.3282,0.04741,0.07089,-0.04301,0.0,
3076517,1000,1724.0,0.1910,0.7498,-3.7592,-0.05359,0.03889,-0.04301,0.0,
3076537,1000,1724.0,0.4080,1.2948,-3.6992,-0.11759,0.06889,-0.03501,0.0,
3076557,1000,1724.0,0.4150,2.0878,-2.6762,-0.13659,0.07389,-0.04801,0.0,
3076577,1000,1724.0,-0.4840,0.9358,-4.2332,-0.07859,-0.05011,-0.03801,0.0,
3076597,1000,1724.0,0.0190,0.8068,-3.1502,-0.04159,0.08289,-0.02101,0.0,
3076617,1000,1724.0,-0.2670,1.0158,-5.0512,-0.05259,-0.00111,-0.03201,0.0,
3076637,1000,1724.0,-0.3420,-0.5772,-3.4842,0.06341,0.00489,-0.03201,0.0,
3076657,1000,1724.0,-0.8600,0.6208,-3.3502,-0.00359,-0.04311,-0.02601,0.0,
3076677,1000,1724.0,-1.2960,-0.1112,-4.1232,0.02341,-0.09711,-0.02301,0.0,
3076697,1000,1724.0,-0.2430,-0.9742,-3.7842,0.10241,-0.06211,-0.03401,0.0,
3076717,1000,1724.0,-1.5920,0.1228,-4.1442,-0.00659,-0.07911,-0.01701,0.0,
3076737,1000,1724.0,-0.6820,0.4978,-4.3662,-0.04059,-0.07911,-0.03501,0.0,
3076757,1000,1724.0,-0.6270,-0.3602,-4.4702,0.03941,-0.04811,-0.02101,0.0,
3076777,1000,1724.0,1.2810,0.6338,-4.6772,-0.09059,0.05189,-0.01501,0.0,
3076797,1000,1724.0,-0.5730,-0.4262,-3.5972,0.04141,-0.02411,-0.00401,0.0,
3076817,1000,1724.0,0.6310,0.1038,-4.0072,-0.01359,0.05189,0.00199,0.0,
3076837,1000,1724.0,1.1880,1.0298,-3.9602,-0.08059,0.11389,-0.03401,0.0,
3076857,1000,1724.0,0.1950,-1.0322,-4.4292,0.05641,0.05189,-0.00401,0.0,
3076877,1000,1724.0,-0.3490,0.8608,-3.9852,-0.06759,-0.02811,-0.01401,0.0,
3076897,1000,1724.0,1.1690,-1.1312,-3.7192,0.08041,0.14389,-0.04301,0.0,
3076917,1000,1724.0,-0.0310,0.5828,-3.8742,-0.04359,0.00189,0.00799,0.0,
3076937,1000,1724.0,0.7940,0.1128,-5.1882,0.00141,0.05189,-0.04301,0.0,
3076957,1000,1724.0,-1.5130,-0.9342,-4.9992,0.10141,-0.10211,-0.00401,0.0,
3076977,1000,1724.0,-0.0110,0.6568,-4.2322,-0.03959,0.00489,-0.01801,0.0,
3076997,1000,1724.0,-0.4540,0.1978,-4.6042,0.00241,-0.09311,-0.02301,0.0,
3077017,1000,1724.0,-1.1120,-0.5952,-6.1302,0.04141,-0.00411,0.00199,0.0,
3077037,1000,1724.0,-1.2320,-0.9832,-4.0852,0.08241,-0.13311,-0.02401,0.0,
3077057,1000,1724.0,0.1040,0.4728,-4.0452,-0.05759,0.01189,-0.00801,0.0,
3077077,1000,1724.0,-0.5210,-1.1172,-4.9612,0.06941,-0.00311,-0.03401,0.0,
3077097,1000,1724.0,-0.3770,0.9758,-4.2012,-0.04359,-0.03211,-0.03301,0.0,
3077117,1000,1724.0,0.2450,-1.0402,-5.1742,0.07441,-0.03611,-0.02101,0.0,
3077137,1000,1724.0,0.9520,-0.3222,-2.8172,0.01641,0.12089,-0.01701,0.0,
3077157,1000,1724.0,0.5580,-0.2572,-4.8962,0.01841,0.08789,-0.02201,0.0,
3077177,1000,1724.0,-0.1870,0.2868,-4.9112,-0.04159,-0.04611,-0.04001,0.0,
3077197,1000,1724.0,0.9030,0.8788,-4.5142,-0.06459,0.10789,-0.01701,0.0,
3077217,1000,1724.0,-0.0760,-0.6252,-4.3442,0.04341,0.04289,-0.01401,0.0,
3077237,1000,1724.0,-1.0780,-0.1282,-4.6252,0.02241,-0.10711,-0.01601,0.0,
3077257,1000,1724.0,-0.5510,-0.1592,-4.3092,0.06841,-0.05111,-0.03501,0.0,
3077277,1000,1724.0,-0.2440,0.1978,-5.2092,-0.02159,-0.02111,-0.01501,0.0,
3077297,1000,1724.0,-0.4010,-0.5682,-4.1742,0.06841,-0.04011,-0.02101,0.0,
3077317,1000,1724.0,-1.2390,-0.6492,-4.3762,0.04941,-0.10811,-0.03001,0.0,
3077337,1000,1724.0,-0.0110,0.7238,-5.4882,-0.05059,0.00389,-0.00901,0.0,
3077357,1000,1724.0,-0.5020,-1.1972,-4.6102,0.09041,-0.04711,-0.02901,0.0,
3077377,1000,1724.0,0.1370,0.9768,-5.2092,-0.03859,0.07489,-0.03301,0.0,
3077397,1000,1724.0,0.2510,0.1668,-4.1202,-0.06459,0.03489,-0.02301,0.0,
3077417,1000,1724.0,0.3350,0.1728,-4.0692,0.01441,-0.02511,-0.01501,0.0,
3077437,1000,1724.0,1.7400,-0.2082,-4.0272,-0.01559,0.21389,-0.02501,0.0,
3077457,1000,1724.0,-0.8520,1.1258,-4.4432,-0.07759,-0.01911,-0.01601,0.0,
3077477,1000,1724.0,0.0130,0.6728,-5.5232,-0.04159,-0.00711,-0.01301,0.0,
3077497,1000,1724.0,-0.6170,-0.3462,-3.8852,0.03641,-0.00811,-0.02501,0.0,
3077517,1000,1724.0,-0.1800,-0.0552,-5.5742,0.00341,-0.00311,-0.02901,0.0,
3077537,1000,1724.0,-0.4630,-0.0882,-4.3592,0.02541,-0.00811,-0.02201,0.0,
3077557,1000,1724.0,-1.0810,-0.0422,-5.5002,0.01241,-0.11411,-0.01501,0.0,
3077577,1000,1724.0,0.3460,-0.3992,-4.2982,0.02141,0.05089,-0.03401,0.0,
3077597,1000,1724.0,-0.6470,0.0558,-5.5482,0.01841,-0.06311,-0.01801,0.0,
3077617,1000,1724.0,-1.0870,-0.8262,-4.7642,0.05541,-0.13311,-0.01901,0.0,
3077637,1000,1724.0,-0.2100,0.1348,-5.0212,0.01241,0.00789,-0.02801,0.0,
3077657,1000,1724.0,0.1670,0.2228,-4.8252,0.00541,-0.00811,-0.04001,0.0,
3077677,1000,1724.0,0.4840,-1.4462,-1.4482,0.06041,0.09489,-0.01901,0.0,
3077697,1000,1724.0,-0.4620,0.4938,-5.2232,-0.01259,0.00789,-0.01901,0.0,
3077717,1000,1724.0,1.0650,-0.2052,-4.1542,-0.00459,0.04589,-0.01301,0.0,
3077737,1000,1724.0,-0.1200,-0.7492,-3.8802,0.05641,0.00889,-0.02301,0.0,
3077757,1000,1724.0,0.0230,0.5798,-5.6652,-0.02459,0.03989,-0.01301,0.0,
3077777,1000,1724.0,-0.0920,-0.6832,-4.1332,0.03841,-0.01211,-0.01901,0.0,
3077797,1000,1724.0,-1.6010,-0.6232,-5.0242,0.02441,-0.13511,-0.02701,0.0,
3077817,1000,1724.0,-0.5420,0.1788,-6.8132,-0.00259,-0.03611,-0.01901,0.0,
3077837,1000,1724.0,0.2580,0.7748,-4.4682,-0.06159,0.03789,-0.02401,0.0,
3077857,1000,1724.0,-1.7600,-0.7082,-4.6902,0.07741,-0.18911,-0.01901,0.0,
3077877,1000,1724.0,-0.1680,0.0128,-5.4452,0.00841,-0.02311,-0.03001,0.0,
3077897,1000,1724.0,0.6640,0.5108,-3.5112,-0.04159,0.05389,-0.00701,0.0,
3077917,1000,1724.0,-0.7050,-0.0762,-5.5522,0.01641,-0.04311,-0.02801,0.0,
3077937,1000,1724.0,0.2600,0.1038,-3.7532,-0.00759,0.03789,-0.02001,0.0,
3077957,1000,1724.0,0.6640,0.4098,-4.2112,-0.02859,0.10389,-0.00801,0.0,
3077977,1000,1724.0,0.4840,-0.3762,-3.9412,0.01541,0.05489,-0.01201,0.0,
3077997,1000,1724.0,-0.5200,0.5018,-5.0552,-0.00859,-0.00211,-0.03401,0.0,
3078017,1000,1724.0,0.1740,0.3968,-4.4962,-0.02859,0.01389,-0.03501,0.0,
3078037,1000,1724.0,-0.3700,-0.5662,-4.6302,0.04241,-0.04711,-0.02901,0.0,
3078057,1000,1724.0,-0.3330,-0.3982,-4.8252,0.03541,-0.00711,-0.01601,0.0,
3078077,1000,1724.0,-0.0240,-0.2002,-4.1012,0.02241,0.01589,-0.03101,0.0,
3078097,1000,1724.0,-1.8140,-0.5192,-5.7932,0.02641,-0.21811,-0.02301,0.0,
3078117,1000,1724.0,0.6130,0.3308,-4.9272,-0.02959,0.05189,-0.01401,0.0,
3078137,1000,1724.0,-0.3450,-0.2112,-4.0432,0.00741,0.04389,-0.00901,0.0,
3078157,1000,1724.0,-0.9540,-0.0532,-5.1952,0.02541,-0.16011,-0.02101,0.0,
3078177,1000,1724.0,-0.0250,-0.3622,-4.6742,0.03741,0.01789,-0.02901,0.0,
3078197,1000,1724.0,0.7630,0.3288,-5.1692,0.01041,0.09689,-0.01901,0.0,
3078217,1000,1724.0,-0.0000,-0.4882,-3.3972,0.01241,-0.02211,-0.02401,0.0,
3078237,1000,1724.0,0.6400,-0.4632,-4.6952,0.06341,0.07289,-0.04901,0.0,
3078257,1000,1724.0,0.8640,0.7058,-4.1732,-0.06459,0.11789,-0.00601,0.0,
3078277,1000,1724.0,-0.0980,-0.7812,-4.3902,0.04241,0.03089,-0.01401,0.0,
3078297,1000,1724.0,-0.9630,0.2138,-3.9202,0.01141,-0.05111,-0.02501,0.0,
3078317,1000,1724.0,0.2150,0.3888,-4.4512,-0.06359,0.03289,-0.02601,0.0,
3078337,1000,1724.0,-1.4200,-0.1912,-5.1472,0.04541,-0.13811,-0.01301,0.0,
3078357,1000,1724.0,0.2370,-0.0742,-5.7592,0.00341,0.04989,-0.01501,0.0,
3078377,1000,1724.0,-0.1050,0.4358,-4.1172,-0.01959,-0.00111,-0.02901,0.0,
3078397,1000,1724.0,-0.7470,-0.1272,-5.6182,0.01341,-0.10011,-0.02101,0.0,
3078417,1000,1724.0,0.0320,0.0348,-5.1492,0.01641,0.00989,0.00199,0.0,
3078437,1000,1724.0,-0.4500,0.3208,-4.9472,-0.02259,-0.02211,-0.04701,0.0,
3078457,1000,1724.0,-0.9110,0.0198,-4.5312,-0.01259,-0.08411,-0.02601,0.0,
3078477,1000,1724.0,0.3590,0.0148,-3.7802,0.01441,0.05889,-0.00501,0.0,
3078497,1000,1724.0,0.5040,-1.1872,-4.4382,0.10141,0.02989,-0.02501,0.0,
3078517,1000,1724.0,-0.0410,0.8938,-4.5542,-0.07659,0.02689,-0.02501,0.0,
3078537,1000,1724.0,0.3150,-0.4302,-4.5152,0.01841,0.07689,-0.03701,0.0,
3078557,1000,1724.0,0.7330,-0.1962,-3.8252,0.02541,0.05189,-0.01801,0.0,
3078577,1000,1724.0,-0.8320,-0.2632,-3.5472,0.03741,-0.03811,-0.01201,0.0,
3078597,1000,1724.0,-0.7680,-0.1282,-5.3692,0.00441,-0.02311,-0.02101,0.0,
3078617,1000,1724.0,0.1750,-0.3102,-4.8372,0.04341,0.02389,-0.01601,0.0,
3078637,1000,1724.0,-0.4610,0.7088,-4.2192,-0.02559,-0.07211,-0.01601,0.0,
3078657,1000,1724.0,-0.2770,-0.0122,-5.6652,-0.01259,0.00189,-0.02001,0.0,
3078677,1000,1724.0,-0.0600,0.2238,-4.4862,-0.02059,0.02889,-0.01101,0.0,
3078697,1000,1724.0,-0.8890,-0.6632,-5.5032,0.11541,-0.12311,-0.03401,0.0,
3078717,1000,1724.0,-0.1340,0.4468,-5.0352,-0.07259,-0.00111,-0.02101,0.0,
3078737,1000,1724.0,-0.6560,-0.1902,-4.8502,-0.00459,-0.05211,-0.02101,0.0,
3078757,1000,1724.0,-0.0140,0.0178,-4.1122,0.01541,-0.01511,-0.02801,0.0,
3078777,1000,1724.0,0.5110,-0.3332,-5.0822,0.04841,0.08089,-0.01601,0.0,
3078797,1000,1724.0,-0.3220,0.0258,-3.3492,0.00141,-0.02711,-0.01501,0.0,
3078817,1000,1724.0,0.0950,-1.1102,-4.9892,0.08041,0.10489,-0.03001,0.0,
3078837,1000,1724.0,0.5160,1.1248,-4.7732,-0.05659,0.04289,-0.02201,0.0,
3078857,1000,1724.0,-0.0900,0.3918,-4.2402,-0.02859,-0.01911,-0.03101,0.0,
3078877,1000,1724.0,0.0620,-0.3222,-3.5162,0.00741,0.04089,-0.00601,0.0,
3078897,1000,1724.0,-0.4730,0.1708,-4.4442,0.02241,-0.00611,-0.02201,0.0,
3078917,1000,1724.0,0.4580,-0.3122,-4.5702,0.01941,0.04389,-0.02401,0.0,
3078937,1000,1724.0,-0.7110,-0.0962,-5.5602,-0.01659,-0.04011,-0.00501,0.0,
3078957,1000,1724.0,-0.3190,-0.1382,-5.0522,0.02241,-0.02311,-0.02201,0.0,
3078977,1000,1724.0,-0.2540,0.0998,-4.3422,0.01141,0.00689,-0.03901,0.0,
3078997,1000,1724.0,-1.3250,-0.1342,-5.9372,0.00441,-0.12511,-0.00901,0.0,
3079017,1000,1724.0,-0.6380,0.5118,-5.2652,-0.02559,-0.07411,-0.03301,0.0,
3079037,1000,1724.0,0.6220,0.0168,-4.1742,0.01541,0.08189,-0.01801,0.0,
3079057,1000,1724.0,-0.5220,0.4758,-4.9202,-0.03659,-0.06111,-0.02101,0.0,
3079077,1000,1724.0,0.3440,-0.7622,-4.8392,0.04941,0.02889,-0.02201,0.0,
3079097,1000,1724.0,-0.1710,0.0398,-4.7772,0.01641,0.00389,-0.02201,0.0,
3079117,1000,1724.0,-0.2480,-0.1422,-3.1602,-0.00259,-0.00611,-0.02401,0.0,
3079137,1000,1724.0,0.2320,0.0788,-4.6832,-0.01959,0.08089,-0.01401,0.0,
3079157,1000,1724.0,0.2130,-0.5212,-4.5582,0.02641,0.03489,-0.02601,0.0,
3079177,1000,1724.0,-0.2790,-0.2652,-4.2212,0.01041,0.00589,-0.00801,0.0,
3079197,1000,1724.0,-1.9090,0.3548,-3.9392,0.02941,-0.10711,-0.01501,0.0,
3079217,1000,1724.0,-0.1890,-0.4842,-4.5292,0.04241,-0.00011,-0.03201,0.0,
3079237,1000,1724.0,0.2970,-0.4382,-4.9662,0.04341,0.02989,-0.02401,0.0,
3079257,1000,1724.0,0.0090,-0.1162,-4.5702,0.01141,0.00789,0.00399,0.0,
3079277,1000,1724.0,0.2830,-0.4582,-4.0712,0.04441,0.03989,-0.04401,0.0,
3079297,1000,1724.0,-1.7440,-0.2502,-5.4942,0.01641,-0.17011,-0.01301,0.0,
3079317,1000,1724.0,0.3310,0.1438,-5.4612,0.02541,0.03789,-0.00701,0.0,
3079337,1000,1724.0,-1.0510,-0.8592,-4.2272,0.05041,-0.11211,-0.04001,0.0,
3079357,1000,1724.0,-1.0230,-0.5752,-5.0372,0.02841,-0.08011,-0.02801,0.0,
3079377,1000,1724.0,1.7710,1.2238,-4.3322,-0.07959,0.17689,-0.01601,0.0,
3079397,1000,1724.0,-0.8580,-0.2372,-6.0372,0.02341,-0.09811,-0.02101,0.0,
3079417,1000,1724.0,0.9380,-0.3182,-2.9122,-0.00759,0.11589,-0.00901,0.0,
3079437,1000,1724.0,0.3100,1.0308,-4.1342,-0.10759,0.09089,-0.02701,0.0,
3079457,1000,1724.0,-0.3310,-0.5402,-5.4612,0.06441,-0.08111,-0.01501,0.0,
3079477,1000,1724.0,0.0330,-0.3022,-3.2342,0.03741,0.07189,-0.02501,0.0,
3079497,1000,1724.0,-0.5160,-0.0282,-4.5982,0.00041,-0.01011,-0.01201,0.0,
3079517,1000,1724.0,-0.2620,-0.6362,-4.6492,0.07341,-0.04111,-0.01001,0.0,
3079537,1000,1724.0,0.3260,0.6178,-3.8952,-0.05859,0.08589,-0.01001,0.0,
3079557,1000,1724.0,-1.7080,0.5558,-5.2672,-0.04359,-0.12411,-0.03001,0.0,
3079577,1000,1724.0,-0.0190,-1.0792,-4.5022,0.07341,-0.07511,-0.00501,0.0,
3079597,1000,1724.0,-0.6920,-0.4362,-4.4622,0.09041,0.01289,-0.02101,0.0,
3079617,1000,1724.0,-0.8170,0.2738,-6.7552,-0.01159,-0.06911,-0.02801,0.0,
3079637,1000,1724.0,-0.3140,-0.0402,-4.7202,-0.00459,-0.06611,-0.02801,0.0,
3079657,1000,1724.0,0.5120,-0.9812,-4.5922,0.08741,0.07389,-0.00501,0.0,
3079677,1000,1724.0,-0.2890,0.4098,-4.6092,-0.09059,-0.02511,-0.03901,0.0,
3079697,1000,1724.0,-1.0050,1.3998,-4.9252,-0.07659,-0.14911,-0.02901,0.0,
3079717,1000,1724.0,0.7730,-1.1212,-4.5452,0.07841,0.13489,-0.00101,0.0,
3079737,1000,1724.0,0.6670,-0.2692,-4.2582,0.02641,0.07989,-0.03601,0.0,
3079757,1000,1724.0,-0.3830,0.0058,-4.8022,0.00341,-0.06111,-0.04001,0.0,
3079777,1000,1724.0,0.6610,0.0538,-3.1292,-0.01959,0.10489,-0.01201,0.0,
3079797,1000,1724.0,0.0430,-1.0132,-5.0212,0.09041,0.02589,-0.02301,0.0,
3079817,1000,1724.0,-0.9440,-0.0022,-3.9672,0.02641,-0.06611,-0.03201,0.0,
3079837,1000,1724.0,-0.4090,0.0688,-4.1852,-0.01559,0.00389,-0.02801,0.0,
3079857,1000,1724.0,0.3260,-0.4542,-4.7672,0.05441,0.04189,-0.00501,0.0,
3079877,1000,1724.0,-0.3660,-0.5752,-4.7062,0.06741,-0.08711,-0.02101,0.0,
3079897,1000,1724.0,-1.4100,0.5388,-4.7682,-0.04359,-0.06911,-0.01001,0.0,
3079917,1000,1724.0,-0.1720,0.2178,-6.1132,0.00741,-0.01311,-0.01401,0.0,
3079937,1000,1724.0,-0.7290,-0.0912,-5.0672,0.01341,-0.07011,-0.01601,0.0,
3079957,1000,1724.0,0.1060,0.7888,-4.5012,-0.08059,-0.03111,-0.02701,0.0,
3079977,1000,1724.0,-0.7100,-0.7612,-4.5152,0.07541,0.01889,-0.03301,0.0,
3079997,1000,1724.0,-0.3920,-0.7072,-4.8512,0.05041,-0.07711,-0.00601,0.0,
3080017,1000,1724.0,0.4620,0.3858,-4.9772,-0.03159,0.07589,-0.03101,0.0,
3080037,1000,1724.0,0.5420,-0.3562,-4.8282,0.02441,0.07489,-0.02901,0.0,
3080057,1000,1724.0,-0.1960,0.1178,-5.0462,-0.02259,-0.02611,-0.01101,0.0,
3080077,1000,1724.0,0.3770,0.5478,-3.6502,-0.04859,0.07989,0.00099,0.0,
3080097,1000,1724.0,0.0390,-0.9262,-4.1362,0.07841,0.01089,-0.02401,0.0,
3080117,1000,1724.0,-0.3960,0.2918,-4.6972,-0.03259,-0.01211,-0.01201,0.0,
3080137,1000,1724.0,-0.4470,0.4268,-4.4042,-0.00459,-0.02711,-0.02701,0.0,
3080157,1000,1724.0,-0.5530,-1.2522,-4.0062,0.09041,-0.04411,-0.00801,0.0,
3080177,1000,1724.0,-0.4100,-0.8682,-5.0542,0.07341,0.00089,-0.02301,0.0,
3080197,1000,1724.0,-0.5570,0.4538,-5.2212,-0.01359,-0.07511,-0.01701,0.0,
3080217,1000,1724.0,-0.3860,0.0598,-4.0442,-0.00859,-0.04811,-0.01201,0.0,
3080237,1000,1724.0,0.2530,-1.4642,-5.0192,0.08941,0.03789,-0.02201,0.0,
3080257,1000,1724.0,-0.1590,-0.0892,-4.8402,0.03041,-0.03911,-0.03001,0.0,
3080277,1000,1724.0,-0.5810,0.3678,-4.8942,-0.02459,-0.08811,-0.02001,0.0,
3080297,1000,1724.0,-0.5170,-0.3672,-4.6992,0.01641,0.00189,-0.01401,0.0,
3080317,1000,1724.0,1.0320,-0.4482,-3.7692,0.02541,0.10889,-0.03801,0.0,
3080337,1000,1724.0,0.8350,0.0668,-4.9552,-0.02259,0.03289,-0.03001,0.0,
3080357,1000,1724.0,-0.5350,0.5198,-5.5732,-0.03959,-0.02911,-0.01901,0.0,
3080377,1000,1724.0,0.2460,-0.4492,-3.1652,0.02541,0.07889,-0.03901,0.0,
3080397,1000,1724.0,0.2360,-0.1452,-4.7502,0.03441,0.03589,-0.02101,0.0,
3080417,1000,1724.0,-0.0190,0.7418,-4.8782,-0.06959,0.02089,0.01099,0.0,
3080437,1000,1724.0,-0.4570,-0.8082,-4.0602,0.06641,-0.02811,-0.04301,0.0,
3080457,1000,1724.0,0.1850,-0.4292,-4.8222,0.04541,0.01889,-0.01601,0.0,
3080477,1000,1724.0,-0.6210,-0.2852,-4.0042,0.04041,-0.05911,-0.01501,0.0,
3080497,1000,1724.0,-0.8230,-0.2222,-4.6662,0.06341,-0.12011,-0.04201,0.0,
3080517,1000,1724.0,-0.7850,0.2758,-5.6132,-0.05959,-0.01211,-0.01101,0.0,
3080537,1000,1724.0,-0.3050,0.3918,-4.1862,-0.00859,-0.03311,-0.01601,0.0,
3080557,1000,1724.0,-1.2180,-1.7942,-4.9942,0.15141,-0.12311,-0.01601,0.0,
3080577,1000,1724.0,-0.5240,0.5308,-4.4412,-0.04759,-0.08711,-0.01801,0.0,
3080597,1000,1724.0,0.6220,0.0168,-4.8552,0.01341,0.11189,-0.00801,0.0,
3080617,1000,1724.0,0.5500,-0.8092,-4.2602,0.04541,0.04589,-0.04001,0.0,
3080637,1000,1724.0,-0.5770,0.3538,-4.2282,-0.05959,-0.04911,-0.02001,0.0,
3080657,1000,1724.0,-0.5820,0.8038,-5.1422,-0.05859,-0.04911,-0.01801,0.0,
3080677,1000,1724.0,0.9950,-1.5672,-4.2902,0.10041,0.12589,-0.01301,0.0,
3080697,1000,1724.0,-0.1550,-0.1072,-3.8252,0.00641,0.01289,-0.03501,0.0,
3080717,1000,1724.0,-0.7310,0.5398,-4.7182,-0.07059,0.00589,-0.01401,0.0,
3080737,1000,1724.0,0.7700,-1.0312,-4.6362,0.08941,0.00589,-0.02301,0.0,
3080757,1000,1724.0,-0.1030,-0.6912,-5.3702,0.08241,0.04489,-0.01101,0.0,
3080777,1000,1724.0,-0.8590,0.7038,-4.5452,-0.04059,-0.04311,0.00299,0.0,
3080797,1000,1724.0,-0.7420,-0.5182,-4.9752,0.02641,-0.20011,0.00799,0.0,
3080817,1000,1724.0,-0.7110,-0.0852,-5.5222,0.04041,-0.00811,0.01299,0.0,
3080837,1000,1724.0,-0.2440,-0.1992,-5.0522,0.01241,0.07089,0.00399,0.0,
3080857,1000,1724.0,-1.3660,-0.4672,-4.6662,0.03641,-0.15611,-0.01001,0.0,
3080877,1000,1724.0,-0.3710,-0.8612,-5.9232,0.08041,-0.03411,-0.02301,0.0,
3080897,1000,1724.0,-0.0020,0.3658,-4.2772,-0.05659,0.01189,-0.00501,0.0,
3080917,1000,1724.0,0.2570,-0.1492,-5.9712,0.04341,-0.02111,-0.03301,0.0,
3080937,1000,1724.0,0.7130,-0.5412,-4.1672,0.04041,0.09689,-0.01101,0.0,
3080957,1000,1724.0,0.6600,1.0408,-4.8822,-0.09059,0.10289,0.01299,0.0,
3080977,1000,1724.0,1.1240,0.6278,-4.8892,-0.06759,0.14489,0.00099,0.0,
3080997,1000,1724.0,-0.3470,0.2158,-5.1062,-0.01459,-0.00511,-0.00001,0.0,
3081017,1000,1724.0,-0.8820,-0.5402,-5.6992,0.04141,-0.05711,-0.02501,0.0,
3081037,1000,1724.0,-0.1840,-0.1732,-5.3122,0.02841,-0.00311,-0.01501,0.0,
3081057,1000,1724.0,-0.1080,0.2188,-4.8962,-0.03359,0.00089,0.00499,0.0,
3081077,1000,1724.0,-0.8080,-0.3152,-5.2972,0.04541,-0.07211,-0.00301,0.0,
3081097,1000,1724.0,-1.0880,0.2628,-6.0792,0.00541,-0.07311,-0.00001,0.0,
3081117,1000,1724.0,0.1380,-0.3152,-5.2522,0.01541,-0.02611,-0.01701,0.0,
3081137,1000,1724.0,-0.7990,-0.3542,-4.7012,0.03241,0.01089,-0.00901,0.0,
3081157,1000,1724.0,-1.2310,-0.0892,-6.0402,0.02041,-0.12911,-0.00401,0.0,
3081177,1000,1724.0,0.3530,-0.0802,-5.1512,0.00141,-0.00311,-0.00401,0.0,
3081197,1000,1724.0,-0.0720,-0.4302,-5.5682,0.04141,0.01389,-0.01801,0.0,
3081217,1000,1724.0,0.4230,-0.2362,-4.6462,-0.00359,0.03689,-0.01201,0.0,
3081237,1000,1724.0,-0.3360,1.2028,-6.2972,-0.10159,-0.01111,-0.00401,0.0,
3081257,1000,1724.0,-0.1310,0.1128,-4.5062,-0.01159,-0.01811,-0.01201,0.0,
3081277,1000,1724.0,1.4570,-2.2232,-3.7362,0.16741,0.18789,-0.01601,0.0,
3081297,1000,1724.0,0.2700,0.4228,-5.4772,-0.05359,0.06189,-0.00501,0.0,
3081317,1000,1724.0,0.8880,0.8918,-5.7112,-0.08859,0.06789,-0.02201,0.0,
3081337,1000,1724.0,-0.7680,-0.6522,-5.5822,0.08041,-0.02811,-0.00501,0.0,
3081357,1000,1724.0,-0.7170,0.0598,-5.3632,0.01941,-0.04511,-0.02301,0.0,
3081377,1000,1724.0,0.2480,-0.1212,-5.0492,-0.02559,0.03089,0.01299,0.0,
3081397,1000,1724.0,-2.9680,-0.2882,-6.8402,0.03241,-0.27911,0.01599,0.0,
3081417,1000,1724.0,-0.3690,0.1928,-6.8042,0.02441,-0.14111,-0.02201,0.0,
3081437,1000,1724.0,-0.2250,0.6398,-5.0532,-0.06059,0.06689,-0.03001,0.0,
3081457,1000,1724.0,0.5030,-1.5132,-6.6952,0.14441,0.00589,-0.00101,0.0,
3081477,1000,1724.0,-0.0370,-0.1662,-4.8012,0.00841,0.03489,0.00799,0.0,
3081497,1000,1724.0,-0.1040,0.2918,-6.0542,-0.03659,-0.01311,-0.00601,0.0,
3081517,1000,1724.0,0.5150,-1.2212,-4.9272,0.10741,0.05889,-0.01401,0.0,
3081537,1000,1724.0,0.9190,-0.7592,-4.6162,0.06541,0.11289,-0.01701,0.0,
3081557,1000,1724.0,-0.0420,0.4418,-5.5982,-0.04859,-0.02611,-0.02201,0.0,
3081577,1000,1724.0,0.3590,0.9678,-4.5472,-0.09859,0.08289,0.00799,0.0,
3081597,1000,1724.0,0.1150,-0.2342,-5.6582,0.01541,0.06089,0.00399,0.0,
3081617,1000,1724.0,-0.3820,-1.1942,-5.8202,0.09241,-0.01811,-0.00401,0.0,
3081637,1000,1724.0,0.6040,0.4938,-4.5472,-0.03259,0.02989,-0.00801,0.0,
3081657,1000,1724.0,-0.7540,-0.2802,-5.4472,0.02841,-0.05711,-0.00301,0.0,
3081677,1000,1724.0,-1.7050,-0.3142,-5.6572,0.02841,-0.11611,-0.01701,0.0,
3081697,1000,1724.0,-0.0040,-0.7352,-6.1232,0.08541,-0.00711,-0.01001,0.0,
3081717,1000,1724.0,-0.2210,0.5578,-4.6562,-0.05059,-0.02211,-0.00701,0.0,
3081737,1000,1724.0,-0.6540,-0.4162,-5.6532,0.04041,-0.03211,0.00899,0.0,
3081757,1000,1724.0,0.9590,-0.6142,-4.5372,0.02541,0.09989,-0.01801,0.0,
3081777,1000,1724.0,-0.2790,-0.7482,-5.7662,0.04741,-0.00411,-0.01201,0.0,
3081797,1000,1724.0,-0.6660,-0.4172,-4.8882,0.04941,-0.04511,-0.00901,0.0,
3081817,1000,1724.0,1.1300,0.3978,-4.7782,-0.05759,0.12089,-0.00201,0.0,
3081837,1000,1724.0,-0.0860,0.0078,-4.9042,-0.02659,0.02189,-0.01101,0.0,
3081857,1000,1724.0,-0.7470,-0.0042,-5.8632,0.02141,-0.04411,-0.00701,0.0,
3081877,1000,1724.0,0.8830,0.2028,-4.3312,-0.04159,0.11089,-0.00301,0.0,
3081897,1000,1724.0,-0.1330,-0.1882,-5.4102,0.02941,0.00389,-0.01301,0.0,
3081917,1000,1724.0,0.5010,0.1018,-4.6732,0.00841,0.04889,-0.01601,0.0,
3081937,1000,1724.0,-0.5670,-0.3972,-6.1762,0.02441,-0.02611,-0.02201,0.0,
3081957,1000,1724.0,1.0540,-0.5132,-5.0472,0.03241,0.11189,-0.01201,0.0,
3081977,1000,1724.0,-1.1560,0.4648,-5.4252,-0.02559,-0.09211,0.03899,0.0,
3081997,1000,1724.0,-1.6060,0.4708,-6.4332,-0.05459,-0.17511,-0.02501,0.0,
3082017,1000,1724.0,-0.0210,-0.6442,-4.7772,0.04941,-0.01111,-0.03201,0.0,
3082037,1000,1724.0,-0.3550,-0.1072,-5.0622,0.02341,-0.01111,-0.00601,0.0,
3082057,1000,1724.0,0.9890,0.0898,-5.7912,-0.01759,0.06689,0.00799,0.0,
3082077,1000,1724.0,0.3720,-0.5182,-4.9802,0.03741,0.04989,-0.02001,0.0,
3082097,1000,1724.0,-0.9320,-0.4762,-6.4192,0.06341,-0.07511,-0.02201,0.0,
3082117,1000,1724.0,1.8220,-0.1662,-3.6862,-0.00659,0.18789,-0.01101,0.0,
3082137,1000,1724.0,-0.2200,1.0738,-5.1222,-0.08259,0.01089,-0.00401,0.0,
3082157,1000,1724.0,1.0330,-1.1602,-6.0682,0.08641,0.09889,-0.01001,0.0,
3082177,1000,1724.0,-0.0470,-0.5982,-4.8872,0.06741,0.04289,-0.01601,0.0,
3082197,1000,1724.0,0.1160,0.4518,-6.5172,-0.06559,-0.00211,-0.01101,0.0,
3082217,1000,1724.0,-1.9840,0.4098,-5.2422,-0.01959,-0.16511,0.00399,0.0,
3082237,1000,1724.0,0.0070,0.2028,-6.0472,0.02241,-0.01411,-0.02801,0.0,
3082257,1000,1724.0,-1.4860,0.9268,-5.9602,-0.09459,-0.12111,-0.01701,0.0,
3082277,1000,1724.0,-0.1700,-1.0452,-6.3612,0.05941,-0.03511,0.01499,0.0,
3082297,1000,1724.0,-0.6090,-0.7592,-5.3002,0.07141,-0.08211,0.00299,0.0,
3082317,1000,1724.0,-0.9900,1.0488,-5.7512,-0.09559,-0.07811,-0.01901,0.0,
3082337,1000,1724.0,0.7840,-1.4142,-5.0062,0.10641,0.04789,-0.01901,0.0,
3082357,1000,1724.0,0.9940,0.1888,-4.9472,-0.01859,0.13989,0.00599,0.0,
3082377,1000,1724.0,0.5210,0.6888,-5.1242,-0.07859,0.07089,-0.01501,0.0,
3082397,1000,1724.0,-1.4190,0.4338,-5.0532,-0.03259,-0.12711,0.00399,0.0,
3082417,1000,1724.0,0.1110,-0.6232,-4.8182,0.07641,0.08389,0.00399,0.0,
3082437,1000,1724.0,-0.1000,0.5948,-5.3072,-0.07859,0.02389,-0.00801,0.0,
3082457,1000,1724.0,0.1000,0.6718,-4.9102,-0.05659,-0.01611,-0.00801,0.0,
3082477,1000,1724.0,-1.5560,-0.1722,-7.2432,0.03941,-0.11411,-0.01701,0.0,
3082497,1000,1724.0,-0.1940,-0.0482,-5.5292,0.00641,-0.01711,-0.00601,0.0,
3082517,1000,1724.0,1.0620,-0.6742,-5.8562,0.06041,0.08489,-0.01401,0.0,
3082537,1000,1724.0,-0.7240,-0.0632,-6.8602,0.03141,-0.06811,0.00099,0.0,
3082557,1000,1724.0,-1.0870,-0.1312,-5.0282,-0.02959,-0.08111,-0.01701,0.0,
3082577,1000,1724.0,0.5360,-0.0232,-5.6652,0.01041,0.05389,-0.02501,0.0,
3082597,1000,1724.0,1.5390,0.0248,-4.3362,0.01841,0.17489,-0.01101,0.0,
3082617,1000,1724.0,-0.0610,-0.1032,-5.8442,-0.00459,0.07189,0.00099,0.0,
3082637,1000,1724.0,-0.2520,-0.3712,-5.3342,0.01841,-0.03411,-0.01401,0.0,
3082657,1000,1724.0,0.4980,-0.8292,-4.5632,0.02241,0.12889,0.00099,0.0,
3082677,1000,1724.0,-0.3470,0.2868,-5.3942,0.02541,-0.02611,-0.02101,0.0,
3082697,1000,1724.0,0.0100,0.3828,-5.0562,-0.03159,-0.00811,-0.00401,0.0,
3082717,1000,1724.0,-0.3560,0.0078,-5.1102,-0.03059,-0.00611,0.00099,0.0,
3082737,1000,1724.0,-0.8720,-0.2532,-5.4332,0.04141,-0.04811,-0.01001,0.0,
3082757,1000,1724.0,-0.3090,-0.3942,-5.7732,0.02441,-0.00711,-0.01901,0.0,
3082777,1000,1724.0,-0.8070,-0.1472,-5.5052,0.04041,-0.10011,-0.00401,0.0,
3082797,1000,1724.0,-0.6160,0.1308,-5.1102,-0.01859,-0.03811,-0.00101,0.0,
3082817,1000,1724.0,-0.1950,-0.3122,-5.7642,0.02541,0.01089,-0.00301,0.0,
3082837,1000,1724.0,0.6350,0.2838,-4.9342,-0.04959,0.04789,-0.02001,0.0,
3082857,1000,1724.0,-0.3260,-0.4252,-5.4892,0.02841,-0.00611,-0.01201,0.0,
3082877,1000,1724.0,-0.8510,-0.3812,-4.4512,0.02841,-0.06411,-0.00801,0.0,
3082897,1000,1724.0,0.5460,-0.2692,-4.8732,-0.01959,0.08889,-0.02201,0.0,
3082917,1000,1724.0,-0.8070,-0.5862,-4.9352,0.07141,-0.04611,-0.01601,0.0,
3082937,1000,1724.0,-0.8090,0.2708,-5.6952,-0.01259,-0.06011,-0.00701,0.0,
3082957,1000,1724.0,0.1740,0.5788,-4.2582,-0.04859,0.04889,0.00199,0.0,
3082977,1000,1724.0,0.2490,-0.9322,-3.7862,0.06141,0.04389,0.00199,0.0,
3082997,1000,1724.0,0.1200,-0.4462,-5.2542,0.02341,0.02089,-0.01501,0.0,
3083017,1000,1724.0,-0.4420,-0.0792,-6.5142,0.03641,-0.02511,-0.00601,0.0,
3083037,1000,1724.0,-0.2090,-0.3002,-4.9712,0.03441,-0.00511,0.00599,0.0,
3083057,1000,1724.0,-0.6190,-0.1512,-4.9312,0.01441,-0.05311,-0.02001,0.0,
3083077,1000,1724.0,-1.0730,0.1148,-6.1572,-0.03459,-0.10111,-0.02601,0.0,
3083097,1000,1724.0,-0.7140,-0.3212,-5.5332,-0.01559,-0.07411,0.03299,0.0,
3083117,1000,1724.0,0.8220,-0.3712,-5.2502,0.02441,0.08589,-0.00201,0.0,
3083137,1000,1724.0,-0.6150,0.2338,-6.3152,-0.03359,-0.06311,-0.02701,0.0,
3083157,1000,1724.0,-0.5470,0.6428,-5.5202,-0.05659,-0.06711,-0.02301,0.0,
3083177,1000,1724.0,0.4170,-0.2622,-6.3302,0.03041,0.04989,0.00199,0.0,
3083197,1000,1724.0,1.7220,-0.7962,-3.7262,0.03341,0.20289,-0.00601,0.0,
3083217,1000,1724.0,0.2140,-0.0262,-5.5062,-0.00259,0.03989,-0.00701,0.0,
3083237,1000,1724.0,-0.8150,-0.3382,-5.3552,0.05041,-0.09411,-0.01101,0.0,
3083257,1000,1724.0,1.3830,0.7028,-5.2372,-0.06259,0.16389,-0.02201,0.0,
3083277,1000,1724.0,-0.9760,1.2278,-6.5902,-0.12359,-0.04011,0.01199,0.0,
3083297,1000,1724.0,-0.3340,-0.5212,-5.0642,0.05841,-0.00611,-0.00101,0.0,
3083317,1000,1724.0,-0.8870,-1.5762,-5.9952,0.12141,-0.10011,-0.00601,0.0,
3083337,1000,1724.0,-1.1770,0.4538,-5.7312,-0.03959,-0.09911,-0.01601,0.0,
3083357,1000,1724.0,0.3220,-0.1262,-5.7482,0.04041,-0.03311,-0.00801,0.0,
3083377,1000,1724.0,-1.2090,0.0448,-5.6992,-0.02459,-0.05211,-0.01701,0.0,
3083397,1000,1724.0,0.5660,0.7228,-6.0812,-0.06259,0.04689,-0.02701,0.0,
3083417,1000,1724.0,0.1900,-0.0272,-4.9282,0.00641,0.03789,0.03599,0.0,
3083437,1000,1724.0,0.2040,0.2598,-4.2892,-0.04959,0.15489,-0.01601,0.0,
3083457,1000,1724.0,1.1140,0.0198,-5.8632,-0.02459,0.09089,-0.03601,0.0,
3083477,1000,1724.0,-0.1820,-0.0882,-4.3652,0.05441,-0.03611,0.00399,0.0,
3083497,1000,1724.0,1.0460,1.1448,-4.8422,-0.06959,0.11589,-0.02001,0.0,
3083517,1000,1724.0,0.4320,-0.2952,-4.7682,-0.02059,0.04889,0.00899,0.0,
3083537,1000,1724.0,0.1360,-0.8322,-5.3322,0.05941,0.02689,-0.02201,0.0,
3083557,1000,1724.0,-2.2960,0.2628,-7.0352,0.00741,-0.17111,0.01199,0.0,
3083577,1000,1724.0,0.1830,-0.1992,-6.6212,0.01741,-0.00511,0.00599,0.0,
3083597,1000,1724.0,-0.8300,0.1898,-5.3622,-0.01959,-0.04111,-0.01901,0.0,
3083617,1000,1724.0,-2.6280,-0.4962,-6.5272,0.03341,-0.22011,-0.01001,0.0,
3083637,1000,1724.0,0.7800,-0.1262,-5.1332,0.03341,0.05589,-0.01001,0.0,
3083657,1000,1724.0,-0.3220,0.1598,-5.2852,0.00941,-0.02911,0.00599,0.0,
3083677,1000,1724.0,0.5870,-1.4662,-4.2402,0.10541,0.09789,-0.01701,0.0,
3083697,1000,1724.0,-0.5790,0.3498,-5.2212,-0.05759,-0.02711,-0.01001,0.0,
3083717,1000,1724.0,0.0210,0.0928,-5.1922,-0.01359,0.02789,-0.01101,0.0,
3083737,1000,1724.0,1.2010,0.0848,-4.1682,0.00941,0.11189,-0.01801,0.0,
3083757,1000,1724.0,0.2060,-0.7082,-5.4472,0.05441,0.05989,0.00999,0.0,
3083777,1000,1724.0,0.2200,-0.4102,-4.7712,-0.01959,0.03189,-0.00501,0.0,
3083797,1000,1724.0,-1.1690,0.5788,-4.9542,-0.01759,-0.09911,-0.00801,0.0,
3083817,1000,1724.0,-0.9550,0.2448,-6.2422,-0.00659,-0.08711,-0.01001,0.0,
3083837,1000,1724.0,0.5230,-0.1212,-5.3142,-0.01659,0.06489,-0.00801,0.0,
3083857,1000,1724.0,-1.4000,-0.4502,-4.9932,0.05541,-0.10611,-0.00001,0.0,
3083877,1000,1724.0,-1.5070,-0.6752,-6.4012,0.08041,-0.11411,-0.00801,0.0,
3083897,1000,1724.0,0.3590,0.0218,-5.2412,-0.00959,0.03589,-0.01701,0.0,
3083917,1000,1724.0,-0.8700,-0.8962,-5.1932,0.07041,-0.08111,0.00599,0.0,
3083937,1000,1724.0,-0.0360,0.1878,-5.0522,-0.00259,-0.00111,-0.01801,0.0,
3083957,1000,1724.0,-0.3960,-0.2002,-4.5922,-0.02259,-0.02311,-0.00501,0.0,
3083977,1000,1724.0,-1.0690,0.0208,-6.2442,-0.00559,-0.09011,0.00499,0.0,
3083997,1000,1724.0,0.1140,-0.4372,-4.8992,0.04641,0.03089,-0.00401,0.0,
3084017,1000,1724.0,0.2190,-0.3682,-4.7722,0.00641,0.05889,-0.00201,0.0,
3084037,1000,1724.0,0.2590,-0.2692,-4.2492,0.04841,0.06089,-0.04301,0.0,
3084057,1000,1724.0,-0.2180,0.3878,-5.5132,-0.01959,-0.01711,-0.01101,0.0,
3084077,1000,1724.0,-0.5460,-0.4322,-5.9052,0.01841,-0.04911,-0.00901,0.0,
3084097,1000,1724.0,-0.2690,0.0318,-5.2442,-0.01359,0.01789,-0.00101,0.0,
3084117,1000,1724.0,-0.9620,-0.2842,-5.9322,0.03541,-0.07111,0.00299,0.0,
3084137,1000,1724.0,-0.6570,-0.1392,-5.1422,0.01841,-0.04411,-0.03001,0.0,
3084157,1000,1724.0,-0.9500,-0.6982,-6.8332,0.06441,-0.10911,-0.00401,0.0,
3084177,1000,1724.0,-0.4430,0.4688,-6.2592,-0.03759,-0.05011,0.00499,0.0,
3084197,1000,1724.0,0.0140,0.6098,-5.4282,-0.04559,-0.05511,0.00899,0.0,
3084217,1000,1724.0,-1.4430,-0.1152,-5.7522,-0.02159,-0.08211,-0.02401,0.0,
3084237,1000,1724.0,0.6630,-1.0072,-5.8322,0.05741,0.06289,0.02199,0.0,
3084257,1000,1724.0,0.6120,0.1498,-4.1392,-0.00559,0.07989,-0.00301,0.0,
3084277,1000,1724.0,0.8440,-0.1472,-4.9072,0.01441,0.16289,-0.05001,0.0,
3084297,1000,1724.0,-0.9450,-0.3382,-5.3962,0.07041,-0.05611,-0.01101,0.0,
3084317,1000,1724.0,0.1600,-0.0532,-5.5552,0.00441,-0.00511,-0.01901,0.0,
3084337,1000,1724.0,0.1180,0.6728,-4.7902,-0.09259,0.04289,0.00799,0.0,
3084357,1000,1724.0,-0.9830,0.2408,-5.1352,-0.00459,-0.05911,0.00099,0.0,
3084377,1000,1724.0,0.8040,0.1648,-5.3742,0.00141,0.05989,-0.00801,0.0,
3084397,1000,1724.0,-0.6190,0.8578,-5.6402,-0.08959,-0.08011,-0.02601,0.0,
3084417,1000,1724.0,-1.0620,-0.7622,-7.4902,0.07741,-0.09111,-0.02401,0.0,
3084437,1000,1724.0,-0.5510,-0.2412,-5.1412,0.02441,-0.01011,0.00499,0.0,
3084457,1000,1724.0,-0.2940,0.6558,-5.8572,-0.05259,-0.05211,-0.00401,0.0,
3084477,1000,1724.0,0.1000,-0.5182,-5.7182,0.06241,-0.00511,-0.01101,0.0,
3084497,1000,1724.0,0.2170,-0.5352,-5.1102,0.03541,0.03089,-0.03001,0.0,
3084517,1000,1724.0,-0.5280,0.3978,-6.4532,-0.03559,-0.04011,-0.00401,0.0,
3084537,1000,1724.0,0.2540,-0.1922,-4.5582,0.02441,0.04389,0.00699,0.0,
3084557,1000,1724.0,0.8540,-0.8782,-4.2082,0.07541,0.12389,0.00399,0.0,
3084577,1000,1724.0,0.6570,-0.4722,-5.2752,0.00241,0.12489,-0.01801,0.0,
3084597,1000,1724.0,-0.7290,0.3748,-5.3932,-0.05859,-0.03711,-0.01801,0.0,
3084617,1000,1724.0,-0.3100,0.9688,-5.7812,-0.01959,-0.03511,-0.00201,0.0,
3084637,1000,1724.0,-0.9270,-0.8832,-6.4152,0.08741,-0.07811,-0.00001,0.0,
3084657,1000,1724.0,-0.2620,-1.1112,-5.8712,0.05041,-0.02411,-0.00601,0.0,
3084677,1000,1724.0,-1.1900,0.5978,-5.0372,-0.04959,-0.07711,-0.00201,0.0,
3084697,1000,1724.0,-0.6370,0.5738,-6.4702,0.00141,-0.12111,-0.01801,0.0,
3084717,1000,1724.0,0.1740,-0.7462,-4.9342,0.06041,0.05389,-0.00501,0.0,
3084737,1000,1724.0,-0.2800,-0.4852,-4.9232,0.00341,0.00289,-0.01001,0.0,
3084757,1000,1724.0,-0.2590,0.3668,-5.2542,-0.03259,-0.00511,0.00299,0.0,
3084777,1000,1724.0,0.7970,-0.1172,-5.2302,-0.00259,0.08589,-0.00601,0.0,
3084797,1000,1724.0,0.4070,-0.5842,-5.2512,0.05541,0.05489,0.01099,0.0,
3084817,1000,1724.0,-0.2830,-0.0102,-5.2692,-0.00959,0.03589,0.01199,0.0,
3084837,1000,1724.0,-0.5320,0.6188,-4.3422,-0.02159,-0.05111,0.01099,0.0,
3084857,1000,1724.0,1.6200,0.0668,-5.9492,-0.05859,0.20289,0.02899,0.0,
3084877,1000,1724.0,-1.4210,-0.9832,-6.9402,0.19341,-0.10911,-0.01201,0.0,
3084897,1000,1724.0,-0.8250,1.2908,-5.9702,-0.19159,-0.03511,0.03599,0.0,
3084917,1000,1724.0,1.6810,-1.3082,-5.6102,0.08041,0.13289,0.00299,0.0,
3084937,1000,1724.0,-2.4260,0.3588,-6.5322,0.03241,-0.22111,-0.00901,0.0,
3084957,1000,1724.0,-2.0750,-0.2612,-7.0262,-0.00359,-0.12611,0.04399,0.0,
3084977,1000,1724.0,1.3980,0.6108,-6.4312,-0.07059,0.09589,-0.00701,0.0,
3084997,1000,1724.0,0.3390,0.7218,-5.9802,-0.01759,-0.01311,-0.07001,0.0,
3085017,1000,1724.0,-1.2200,0.0008,-5.0092,-0.04359,-0.05011,0.05699,0.0,
3085037,1000,1724.0,0.8570,-0.3642,-6.2462,0.03841,0.12289,0.01299,0.0,
3085057,1000,1724.0,1.2030,0.4478,-5.9252,0.01641,0.09589,-0.00301,0.0,
3085077,1000,1724.0,0.6860,-1.5912,-5.2102,0.08141,0.05589,-0.02501,0.0,
3085097,1000,1724.0,-0.7810,1.1478,-5.5772,-0.12359,-0.08011,-0.01501,0.0,
3085117,1000,1724.0,0.9840,0.1418,-6.1562,-0.02259,0.17489,0.03399,0.0,
3085137,1000,1724.0,-0.1730,-2.0492,-5.1962,0.18041,-0.00611,0.02499,0.0,
3085157,1000,1724.0,-1.7870,0.2108,-7.9132,0.05741,-0.10111,-0.02001,0.0,
3085177,1000,1724.0,-0.4500,2.3908,-6.9132,-0.20459,-0.06311,0.02799,0.0,
3085197,1000,1724.0,1.2270,-0.9452,-5.9502,0.02541,0.10389,0.00999,0.0,
3085217,1000,1724.0,-0.7480,-1.8012,-6.1992,0.09241,-0.04811,-0.02301,0.0,
3085237,1000,1724.0,-2.2960,0.6608,-7.1742,0.01841,-0.20611,0.00399,0.0,
3085257,1000,1724.0,-0.1590,0.5718,-6.2272,-0.02659,-0.02311,0.07199,0.0,
3085277,1000,1724.0,1.5460,-1.5972,-6.0162,0.09741,0.17189,0.00399,0.0,
3085297,1000,1724.0,1.3150,0.3568,-5.8642,-0.06359,0.14289,-0.04001,0.0,
3085317,1000,1724.0,-0.2590,0.7068,-4.9142,-0.09959,-0.00611,0.00699,0.0,
3085337,1000,1724.0,0.1020,-0.4232,-6.4362,0.02641,0.01989,0.03399,0.0,
3085357,1000,1724.0,-0.0090,-0.6582,-6.0772,0.06041,0.09889,0.01799,0.0,
3085377,1000,1724.0,-0.8390,-1.9162,-4.9152,0.14441,-0.00011,-0.02901,0.0,
3085397,1000,1724.0,-0.3010,0.0758,-5.5802,0.03041,-0.04811,0.01699,0.0,
3085417,1000,1724.0,0.3990,2.8718,-7.4212,-0.25759,0.07389,0.01599,0.0,
3085437,1000,1724.0,-0.2350,-1.7802,-6.1372,0.08541,0.04889,0.00899,0.0,
3085457,1000,1724.0,-1.1760,-1.2002,-7.1582,0.13041,-0.14911,-0.02001,0.0,
3085477,1000,1724.0,-1.9130,0.7978,-6.9782,-0.01559,-0.18311,0.03299,0.0,
3085497,1000,1724.0,0.2010,-0.1062,-5.9382,-0.05659,0.04589,0.04399,0.0,
3085517,1000,1724.0,0.6970,-1.2182,-6.6102,0.06341,0.07389,-0.04701,0.0,
3085537,1000,1724.0,2.0670,1.6148,-6.9722,-0.11459,0.16389,-0.03501,0.0,
3085557,1000,1724.0,0.0360,0.9928,-6.2402,-0.06159,0.05789,0.03599,0.0,
3085577,1000,1724.0,-1.0690,-1.6532,-5.9092,0.05641,0.02489,0.04999,0.0,
3085597,1000,1724.0,1.7440,-0.8572,-4.9392,0.08841,0.08389,-0.05401,0.0,
3085617,1000,1724.0,0.0710,0.0838,-5.4032,0.00641,0.07189,-0.01501,0.0,
3085637,1000,1724.0,-0.0470,0.4348,-5.3682,-0.03959,0.02989,0.04599,0.0,
3085657,1000,1724.0,0.8990,1.0548,-6.7332,-0.04559,0.01389,-0.01201,0.0,
3085677,1000,1724.0,-1.3010,-1.6382,-5.0312,0.13741,-0.04811,0.00999,0.0,
3085697,1000,1724.0,-1.4740,-2.1382,-6.7302,0.19341,-0.03511,0.03599,0.0,
3085717,1000,1724.0,-1.7270,1.1458,-7.5622,-0.07859,-0.21111,0.02299,0.0,
3085737,1000,1724.0,0.0410,1.2608,-6.7122,-0.18159,0.05489,0.01299,0.0,
3085757,1000,1724.0,-0.0660,-1.5712,-5.6692,0.12441,0.01389,-0.01601,0.0,
3085777,1000,1724.0,0.6140,-0.4002,-5.8012,0.06041,0.02989,-0.02501,0.0,
3085797,1000,1724.0,-1.1190,1.1498,-5.8772,-0.05559,-0.05711,0.01599,0.0,
3085817,1000,1724.0,-0.5650,-1.0822,-6.3202,0.02441,-0.02911,0.03499,0.0,
3085837,1000,1724.0,2.9910,-0.4682,-5.4742,0.01341,0.28989,-0.03801,0.0,
3085857,1000,1724.0,0.5560,1.2228,-5.2772,-0.09159,0.10889,-0.03101,0.0,
3085877,1000,1724.0,-1.2040,0.7768,-6.1992,-0.10559,-0.08011,0.01199,0.0,
3085897,1000,1724.0,-0.3720,-0.6872,-5.7052,0.05441,-0.01811,0.01499,0.0,
3085917,1000,1724.0,0.0170,0.0168,-7.8382,0.09141,0.08389,0.01999,0.0,
3085937,1000,1724.0,-2.1650,-0.5812,-6.6422,0.08841,-0.18411,-0.02001,0.0,
3085957,1000,1724.0,-2.0430,-0.3782,-6.8462,-0.01659,-0.26611,0.00799,0.0,
3085977,1000,1724.0,0.2870,1.1978,-6.7162,-0.15459,0.04289,0.00399,0.0,
3085997,1000,1724.0,-0.2800,-1.1832,-6.3142,0.11041,0.03589,0.01699,0.0,
3086017,1000,1724.0,-1.0250,-2.4772,-5.7302,0.22641,-0.14211,-0.02201,0.0,
3086037,1000,1724.0,-0.5760,0.8528,-6.3352,-0.04259,0.01389,0.00899,0.0,
3086057,1000,1724.0,0.2550,1.0268,-5.8212,-0.09259,0.07089,0.03599,0.0,
3086077,1000,1724.0,1.4160,-0.9142,-4.0502,0.00141,0.12389,-0.02201,0.0,
3086097,1000,1724.0,0.2170,-0.0372,-6.9622,0.01141,0.03189,-0.07701,0.0,
3086117,1000,1724.0,-0.1480,0.6988,-6.0522,-0.05959,0.04789,0.01899,0.0,
3086137,1000,1724.0,0.0190,-1.3762,-5.2052,0.09741,0.02589,0.05799,0.0,
3086157,1000,1724.0,-0.2740,0.6078,-6.3402,0.03441,-0.01411,-0.01201,0.0,
3086177,1000,1724.0,-1.0670,-0.3202,-5.8362,0.01841,-0.01611,-0.03601,0.0,
3086197,1000,1724.0,-1.3170,0.5488,-7.1542,-0.09159,-0.17411,0.04399,0.0,
3086217,1000,1724.0,0.1920,0.7328,-8.1292,-0.08259,-0.09211,0.00199,0.0,
3086237,1000,1724.0,-1.1820,-0.0832,-6.4212,0.08041,0.03289,0.00199,0.0,
3086257,1000,1724.0,-0.2500,-2.6872,-6.0682,0.17441,0.06189,0.01499,0.0,
3086277,1000,1724.0,-0.0360,-0.3422,-4.9972,0.05341,-0.01211,0.01599,0.0,
3086297,1000,1724.0,0.8790,1.3648,-5.7882,-0.09859,0.07389,0.01399,0.0,
3086317,1000,1724.0,0.9240,-0.0252,-6.0862,-0.06759,0.14489,-0.00701,0.0,
3086337,1000,1724.0,-1.0260,-2.4302,-6.0912,0.16641,-0.08111,-0.04501,0.0,
3086357,1000,1724.0,-0.7060,0.9488,-5.5862,-0.05259,-0.02011,0.02299,0.0,
3086377,1000,1724.0,-0.0680,0.4328,-6.7342,-0.00959,0.03989,0.04699,0.0,
3086397,1000,1724.0,-0.5200,-1.5832,-5.2792,0.09441,-0.05511,-0.00901,0.0,
3086417,1000,1724.0,-0.0460,0.7878,-6.4602,-0.04759,-0.02211,-0.05901,0.0,
3086437,1000,1724.0,-0.6260,0.6378,-7.7452,-0.03859,0.00089,0.02299,0.0,
3086457,1000,1724.0,-1.0880,0.2468,-6.5042,-0.05259,-0.17111,0.03999,0.0,
3086477,1000,1724.0,-1.9890,-0.6482,-5.8472,0.11541,-0.10111,-0.00601,0.0,
3086497,1000,1724.0,-0.6910,-0.3112,-5.9622,0.05041,0.04689,-0.03401,0.0,
3086517,1000,1724.0,0.7750,-0.0622,-5.5292,-0.00559,0.05489,0.03199,0.0,
3086537,1000,1724.0,1.5490,1.3318,-5.7852,-0.13859,0.05289,0.01899,0.0,
3086557,1000,1724.0,0.9520,-0.1882,-5.4932,0.01041,0.19489,-0.02201,0.0,
3086577,1000,1724.0,-0.7340,-3.1742,-5.8102,0.23641,-0.07011,0.00599,0.0,
3086597,1000,1724.0,-0.5860,-0.1802,-6.9002,0.03241,-0.01911,0.01699,0.0,
3086617,1000,1724.0,-0.4920,1.3648,-5.6862,-0.08159,0.03089,0.01699,0.0,
3086637,1000,1724.0,-0.7230,-0.5632,-7.0182,0.01441,-0.11611,-0.02801,0.0,
3086657,1000,1724.0,-0.3580,-0.6862,-6.3692,0.11441,-0.03311,-0.05801,0.0,
3086677,1000,1724.0,-0.9420,0.3948,-6.8372,-0.01759,-0.03411,0.04399,0.0,
3086697,1000,1724.0,-1.7560,0.2638,-6.3372,-0.07759,-0.15811,0.02999,0.0,
3086717,1000,1724.0,-0.1130,-0.3722,-5.8172,0.06741,-0.02211,-0.01801,0.0,
3086737,1000,1724.0,1.1500,0.0768,-5.6042,0.02441,0.18289,-0.03401,0.0,
3086757,1000,1724.0,0.7570,0.1678,-5.5462,-0.08059,0.10589,0.04499,0.0,
3086777,1000,1724.0,1.4210,0.8198,-6.0532,-0.08159,0.08789,-0.01701,0.0,
3086797,1000,1724.0,-1.0670,0.7368,-4.8322,0.00941,-0.00911,-0.00901,0.0,
3086817,1000,1724.0,-0.4800,-2.3022,-5.4602,0.19941,0.04889,0.02699,0.0,
3086837,1000,1724.0,-0.5880,-0.9972,-6.5362,0.02941,-0.04811,0.01099,0.0,
3086857,1000,1724.0,-1.4300,2.1978,-6.3772,-0.18759,-0.13111,0.01099,0.0,
3086877,1000,1724.0,0.1530,0.5558,-6.9902,-0.04259,0.02589,-0.00001,0.0,
3086897,1000,1724.0,-0.3490,-2.5702,-5.8082,0.21441,-0.02911,-0.01301,0.0,
3086917,1000,1724.0,-1.2320,0.0148,-6.3552,0.01941,-0.11211,0.01199,0.0,
3086937,1000,1724.0,-1.0670,0.5368,-5.7602,-0.06359,-0.08411,0.03499,0.0,
3086957,1000,1724.0,0.2560,-1.2882,-6.7882,0.11741,-0.01511,-0.01601,0.0,
3086977,1000,1724.0,0.9920,-0.2432,-5.9092,0.00741,0.14389,-0.04001,0.0,
3086997,1000,1724.0,0.0430,0.7298,-5.2582,-0.09159,0.06389,-0.01301,0.0,
3087017,1000,1724.0,0.9380,-0.2662,-6.0432,-0.01559,0.06289,0.03599,0.0,
3087037,1000,1724.0,-0.5030,-0.4602,-5.2922,0.11041,-0.01311,0.00699,0.0,
3087057,1000,1724.0,-0.8510,-0.2572,-6.2322,0.05541,0.00589,-0.02701,0.0,
3087077,1000,1724.0,-1.5690,0.0338,-6.2082,-0.07959,-0.12911,-0.00301,0.0,
3087097,1000,1724.0,-0.5360,0.6008,-7.6902,-0.06759,-0.06811,0.01499,0.0,
3087117,1000,1724.0,-0.5320,1.3798,-5.7942,-0.03459,0.01189,0.00499,0.0,
3087137,1000,1724.0,-1.8060,-2.7202,-5.6292,0.23941,-0.13511,-0.01701,0.0,
3087157,1000,1724.0,-0.6790,-0.5772,-6.7202,0.00941,-0.08411,0.00599,0.0,
3087177,1000,1724.0,0.6130,1.6868,-5.8682,-0.13259,0.10489,0.03999,0.0,
3087197,1000,1724.0,-0.2640,-0.0452,-6.1672,-0.00559,-0.05911,-0.03101,0.0,
3087217,1000,1724.0,0.1240,-1.6482,-5.7692,0.10641,0.00289,-0.07401,0.0,
3087237,1000,1724.0,0.2700,0.7578,-4.9672,-0.07959,0.13989,0.03499,0.0,
3087257,1000,1724.0,0.3590,-0.9062,-4.7282,0.06541,0.12089,0.04899,0.0,
3087277,1000,1724.0,-0.3900,0.5938,-6.9382,0.05641,-0.11511,-0.04101,0.0,
3087297,1000,1724.0,0.3810,0.4218,-5.6432,-0.06259,0.14389,-0.03001,0.0,
3087317,1000,1724.0,-0.5150,0.4238,-6.6142,-0.11859,-0.00111,0.03199,0.0,
3087337,1000,1724.0,-0.6470,0.2088,-7.6992,0.00141,-0.22511,0.00099,0.0,
3087357,1000,1724.0,-2.1160,0.7138,-5.8062,0.04041,-0.02011,-0.00301,0.0,
3087377,1000,1724.0,-1.5090,-2.2232,-6.9892,0.17741,-0.05211,0.00599,0.0,
3087397,1000,1724.0,0.7690,-0.1452,-7.0022,-0.01359,-0.00811,0.01699,0.0,
3087417,1000,1724.0,0.4580,1.3458,-7.6422,-0.08459,-0.00011,-0.00901,0.0,
3087437,1000,1724.0,-0.9940,-1.1282,-6.6952,0.03141,-0.07211,-0.00001,0.0,
3087457,1000,1724.0,0.5040,-2.2412,-4.1282,0.15441,0.11789,0.01099,0.0,
3087477,1000,1724.0,0.9620,0.7738,-5.9642,-0.03159,0.13589,0.03399,0.0,
3087497,1000,1724.0,-0.4760,0.3728,-5.1372,0.02341,-0.00911,0.02399,0.0,
3087517,1000,1724.0,-0.4870,-0.0342,-5.5402,-0.01759,-0.02811,-0.03801,0.0,
3087537,1000,1724.0,1.1020,0.1218,-6.5162,-0.02659,0.12489,-0.02901,0.0,
3087557,1000,1724.0,0.4130,0.7328,-5.9422,-0.06959,0.03589,0.03899,0.0,
3087577,1000,1724.0,-1.6570,-1.2392,-6.5742,0.08341,-0.10211,0.01899,0.0,
3087597,1000,1724.0,-1.6150,-0.0972,-7.3842,0.07441,-0.08211,-0.01301,0.0,
3087617,1000,1724.0,-0.2000,1.1488,-6.1552,-0.09959,0.02389,0.00199,0.0,
3087637,1000,1724.0,1.2490,0.0468,-7.1942,-0.10059,0.01589,0.02199,0.0,
3087657,1000,1724.0,-0.3880,0.3678,-7.1552,-0.01559,0.05589,-0.01301,0.0,
3087677,1000,1724.0,-0.6360,-1.0472,-5.3262,0.08241,-0.07411,-0.01701,0.0,
3087697,1000,1724.0,1.4930,-2.2702,-6.1022,0.14341,0.13089,0.04099,0.0,
3087717,1000,1724.0,1.3070,-0.0612,-5.9762,-0.00859,0.17489,0.01699,0.0,
3087737,1000,1724.0,0.3030,1.1998,-5.9552,-0.09159,0.06089,0.00899,0.0,
3087757,1000,1724.0,0.2340,-0.4462,-4.9022,0.04141,0.02489,-0.02701,0.0,
3087777,1000,1724.0,0.2990,0.0798,-6.8342,-0.01359,0.08389,0.03399,0.0,
3087797,1000,1724.0,-1.3830,0.9678,-5.7972,-0.07459,-0.03211,0.03499,0.0,
3087817,1000,1724.0,-1.9120,-0.3162,-7.1302,0.05441,-0.22411,0.00299,0.0,
3087837,1000,1724.0,-0.3550,-0.5652,-6.9472,0.07141,-0.02811,-0.01001,0.0,
3087857,1000,1724.0,2.1660,1.3878,-5.0062,-0.12759,0.21089,0.01899,0.0,
3087877,1000,1724.0,-1.0550,-0.8652,-7.4892,-0.02359,-0.06911,0.01099,0.0,
3087897,1000,1724.0,-0.9380,-0.1892,-5.7122,0.08341,-0.11311,-0.01201,0.0,
3087917,1000,1724.0,0.6270,0.3598,-6.9502,-0.01159,0.15089,0.03399,0.0,
3087937,1000,1724.0,0.2300,-0.8992,-5.4182,-0.04959,0.12889,-0.00601,0.0,
3087957,1000,1724.0,0.5110,1.3398,-4.6802,-0.16959,0.00489,-0.00901,0.0,
3087977,1000,1724.0,1.7950,1.0348,-5.7002,-0.02959,0.13089,0.00699,0.0,
3087997,1000,1724.0,0.1110,-1.6512,-4.9762,0.15141,0.05489,0.00599,0.0,
3088017,1000,1724.0,-0.7790,0.2288,-6.1832,-0.01559,-0.00011,0.02799,0.0,
3088037,1000,1724.0,-0.3050,1.8218,-6.2502,-0.12459,0.02389,0.00299,0.0,
3088057,1000,1724.0,-1.2700,-0.8612,-5.9972,0.09941,-0.13111,0.00899,0.0,
3088077,1000,1724.0,-1.3140,0.1508,-6.3332,-0.03959,-0.12011,0.00199,0.0,
3088097,1000,1724.0,0.4300,1.0098,-7.8122,-0.06159,0.10989,0.00099,0.0,
3088117,1000,1724.0,-1.3270,-1.2132,-6.4652,0.14241,-0.17011,0.06199,0.0,
3088137,1000,1724.0,-1.1970,-0.6762,-6.5592,0.12341,-0.12311,-0.00701,0.0,
3088157,1000,1724.0,1.3340,0.7718,-6.5742,-0.11159,0.15189,-0.01001,0.0,
3088177,1000,1724.0,0.6920,-0.6742,-5.7292,-0.05759,0.05489,0.00199,0.0,
3088197,1000,1724.0,0.0220,-0.5982,-6.8592,0.07241,-0.00111,-0.00401,0.0,
3088217,1000,1724.0,-0.6650,0.7818,-5.6502,0.02141,0.03189,0.01299,0.0,
3088237,1000,1724.0,-0.0320,-0.8292,-4.5932,0.02641,0.06989,-0.00001,0.0,
3088257,1000,1724.0,-0.5340,-1.3432,-5.2092,0.08141,-0.04411,0.04799,0.0,
3088277,1000,1724.0,1.5850,1.7218,-6.4162,-0.10759,0.17889,-0.01601,0.0,
3088297,1000,1724.0,-1.9200,0.7608,-6.4242,-0.03259,-0.20111,-0.03201,0.0,
3088317,1000,1724.0,-1.5050,-1.3032,-6.7752,0.05741,-0.11811,0.01399,0.0,
3088337,1000,1724.0,-0.2910,0.7468,-5.9982,-0.01959,0.06089,0.03299,0.0,
3088357,1000,1724.0,-1.3030,-0.5342,-5.9802,0.10041,-0.17111,-0.00501,0.0,
3088377,1000,1724.0,-1.6970,-0.1642,-7.0722,-0.00059,-0.22511,-0.02901,0.0,
3088397,1000,1724.0,1.3100,1.4448,-6.1032,-0.15259,0.19489,0.00899,0.0,
3088417,1000,1724.0,1.5220,1.0178,-7.3732,-0.08859,0.16389,0.01099,0.0,
3088437,1000,1724.0,-1.6210,-2.1142,-5.4912,0.22641,-0.20311,-0.01001,0.0,
3088457,1000,1724.0,-0.2270,0.6668,-5.2402,-0.05059,0.09289,-0.01201,0.0,
3088477,1000,1724.0,1.4890,0.1138,-6.4072,-0.05359,0.19789,0.02299,0.0,
3088497,1000,1724.0,1.4040,-0.7142,-5.3622,0.06541,0.12689,-0.00701,0.0,
3088517,1000,1724.0,-1.1850,1.2988,-6.0742,-0.04359,-0.03311,-0.03101,0.0,
3088537,1000,1724.0,-1.0340,-0.4582,-5.8912,0.02641,-0.02911,0.06199,0.0,
3088557,1000,1724.0,-1.5240,-1.9982,-6.4012,0.16441,-0.16111,0.02799,0.0,
3088577,1000,1724.0,0.3650,0.2088,-5.7712,-0.02659,0.08589,0.00299,0.0,
3088597,1000,1724.0,-2.2290,1.1888,-7.6432,-0.07059,-0.20811,-0.02301,0.0,
3088617,1000,1724.0,0.7270,-1.5352,-4.8132,0.11541,0.00589,0.01699,0.0,
3088637,1000,1724.0,1.2280,0.6868,-5.4922,-0.02459,0.22189,0.02199,0.0,
3088657,1000,1724.0,-1.1600,-1.2732,-6.1692,0.11941,-0.10111,0.00299,0.0,
3088677,1000,1724.0,-0.9400,-1.0972,-6.2652,0.05541,-0.08911,-0.00001,0.0,
3088697,1000,1724.0,1.4330,2.8798,-7.8052,-0.26259,0.23789,-0.01201,0.0,
3088717,1000,1724.0,1.9810,-1.1012,-3.6742,-0.00359,0.16289,0.02499,0.0,
3088737,1000,1724.0,-1.3790,-1.7412,-5.8872,0.12841,-0.08411,-0.01901,0.0,
3088757,1000,1724.0,0.3960,1.6008,-5.6102,-0.05259,0.07389,0.00399,0.0,
3088777,1000,1724.0,0.8690,-0.3962,-5.9902,0.06141,0.10889,0.03999,0.0,
3088797,1000,1724.0,-0.2950,-1.3012,-6.7062,-0.04959,-0.05111,-0.01001,0.0,
3088817,1000,1724.0,-0.6850,2.3458,-5.7482,-0.12459,0.00789,-0.00801,0.0,
3088837,1000,1724.0,-0.8130,0.4788,-7.9542,-0.00259,-0.09211,0.06799,0.0,
3088857,1000,1724.0,-0.0750,0.3018,-8.0122,-0.00659,-0.02111,0.03599,0.0,
3088877,1000,1724.0,0.7390,0.1868,-6.4102,0.06641,0.01789,-0.00101,0.0,
3088897,1000,1724.0,-1.5230,0.3548,-7.6192,-0.02359,-0.11811,0.01599,0.0,
3088917,1000,1724.0,-0.9230,-0.3922,-6.3582,-0.02859,0.02189,0.01499,0.0,
3088937,1000,1724.0,-0.0340,0.1388,-7.2012,-0.00559,0.08189,0.03499,0.0,
3088957,1000,1724.0,1.7570,1.2508,-7.3242,-0.16259,0.13689,0.04499,0.0,
3088977,1000,1724.0,0.9010,-0.3562,-6.0682,0.04041,0.07889,0.01799,0.0,
3088997,1000,1724.0,-2.3180,-2.0962,-6.4632,0.14341,-0.14111,0.00699,0.0,
3089017,1000,1724.0,0.5480,-0.6442,-6.7302,0.02741,0.00489,-0.00601,0.0,
3089037,1000,1724.0,1.6090,2.0698,-8.1992,-0.14959,0.21089,0.05799,0.0,
3089057,1000,1724.0,-0.1740,0.5128,-6.5922,-0.02659,0.06589,0.04299,0.0,
3089077,1000,1724.0,0.3400,0.2498,-7.6102,0.02541,-0.00311,-0.00601,0.0,
3089097,1000,1724.0,-0.7150,-1.0652,-6.0952,0.08841,-0.09111,0.00099,0.0,
3089117,1000,1724.0,-0.6830,-1.4952,-7.8392,0.05841,-0.00211,0.05699,0.0,
3089137,1000,1724.0,-0.8830,0.4538,-8.4422,0.00441,-0.07511,0.04299,0.0,
3089157,1000,1724.0,-1.0140,1.2798,-7.9712,-0.08759,-0.02711,0.00899,0.0,
3089177,1000,1724.0,-0.0180,-0.2012,-6.3042,0.08841,0.11289,0.01699,0.0,
3089197,1000,1724.0,-1.0470,0.5358,-7.1532,-0.09459,-0.11811,0.01799,0.0,
3089217,1000,1724.0,0.3880,-0.1972,-7.0152,-0.05659,-0.00511,0.03499,0.0,
3089237,1000,1724.0,-0.3110,-0.4592,-7.8482,0.08841,-0.00611,0.04099,0.0,
3089257,1000,1724.0,-0.1190,-1.6952,-5.7232,0.10141,0.04689,0.00699,0.0,
3089277,1000,1724.0,0.8580,1.8988,-7.1762,-0.18059,0.15689,0.03699,0.0,
3089297,1000,1724.0,0.1950,1.5318,-7.8342,-0.11959,0.05389,0.00299,0.0,
3089317,1000,1724.0,0.7540,0.3198,-6.3622,-0.03259,0.10089,0.01499,0.0,
3089337,1000,1724.0,0.2840,-1.8982,-6.3462,0.17041,0.05189,0.01599,0.0,
3089357,1000,1724.0,-0.0520,-0.6332,-7.8992,-0.02359,-0.00711,0.02099,0.0,
3089377,1000,1724.0,-1.3260,1.1498,-9.1232,-0.03559,-0.10711,0.03799,0.0,
3089397,1000,1724.0,-0.1760,1.5348,-7.0492,-0.08459,0.01289,0.00299,0.0,
3089417,1000,1724.0,0.3280,0.1808,-6.1912,-0.02459,0.09989,0.00499,0.0,
3089437,1000,1724.0,-1.2840,-0.9742,-7.5972,0.13541,-0.09511,0.04799,0.0,
3089457,1000,1724.0,0.4830,-0.5762,-7.2442,-0.04859,-0.00611,0.03499,0.0,
3089477,1000,1724.0,-0.1200,0.1908,-7.2242,-0.01859,-0.04111,-0.00801,0.0,
3089497,1000,1724.0,-0.2230,-0.0232,-8.4892,0.04141,0.01689,0.04299,0.0,
3089517,1000,1724.0,0.0950,0.1958,-6.2402,-0.04259,0.12689,0.02999,0.0,
3089537,1000,1724.0,0.0790,0.5478,-6.9282,-0.05559,0.08489,0.03999,0.0,
3089557,1000,1724.0,0.3590,-0.2842,-6.7072,-0.01759,-0.01411,0.00199,0.0,
3089577,1000,1724.0,-0.2210,-0.8882,-6.8452,0.12241,-0.02711,0.00699,0.0,
3089597,1000,1724.0,0.6360,-1.1142,-7.5452,0.04841,0.06389,0.02399,0.0,
3089617,1000,1724.0,0.9080,0.7728,-7.6052,-0.11759,0.18289,0.02699,0.0,
3089637,1000,1724.0,0.4630,0.5438,-6.2912,0.06241,0.07989,0.05499,0.0,
3089657,1000,1724.0,-0.4090,-0.2862,-6.7752,-0.03159,0.04889,-0.01401,0.0,
3089677,1000,1724.0,-1.7910,-0.4712,-7.0462,0.04841,-0.15311,0.00999,0.0,
3089697,1000,1724.0,-1.0030,-0.9582,-8.3392,0.09341,-0.12711,0.04499,0.0,
3089717,1000,1724.0,0.8730,0.3708,-7.4772,-0.07059,0.11289,0.03299,0.0,
3089737,1000,1724.0,-0.5290,0.3598,-7.6372,-0.00059,-0.02111,0.00399,0.0,
3089757,1000,1724.0,-1.5860,0.2638,-6.4202,-0.03159,-0.07011,0.02199,0.0,
3089777,1000,1724.0,0.7290,1.1948,-6.8722,-0.04959,0.10289,0.03699,0.0,
3089797,1000,1724.0,0.0410,-1.4842,-7.8032,0.08641,-0.05411,0.00399,0.0,
3089817,1000,1724.0,0.4080,-1.2272,-7.4042,0.07941,0.04889,0.02799,0.0,
3089837,1000,1724.0,-1.0300,-0.3912,-7.1302,0.06241,0.00089,0.01699,0.0,
3089857,1000,1724.0,1.1380,0.6918,-6.9952,-0.12659,0.11689,0.02999,0.0,
3089877,1000,1724.0,0.7160,1.1548,-6.1062,-0.05459,0.13789,0.03899,0.0,
3089897,1000,1724.0,0.5460,-0.2672,-6.5802,0.09441,0.09189,-0.00601,0.0,
3089917,1000,1724.0,0.2780,-1.0612,-7.2342,0.06941,0.04989,0.00899,0.0,
3089937,1000,1724.0,-1.0250,-0.5132,-7.9712,0.01241,-0.06411,0.02299,0.0,
3089957,1000,1724.0,-1.5350,0.4508,-7.3122,-0.07959,-0.11511,0.04899,0.0,
3089977,1000,1724.0,0.3760,0.6178,-7.0152,0.03941,0.07689,0.00699,0.0,
3089997,1000,1724.0,-0.0110,1.0818,-6.5752,-0.05959,0.03789,0.01699,0.0,
3090017,1000,1724.0,-1.0290,-0.3332,-6.3922,-0.02659,0.00289,0.03699,0.0,
3090037,1000,1724.0,-0.9330,-0.5872,-8.8692,0.06141,-0.11411,0.04499,0.0,
3090057,1000,1724.0,0.2630,-1.0742,-8.0902,0.03841,-0.02311,-0.00201,0.0,
3090077,1000,1724.0,-0.4640,-0.6832,-6.3692,0.14641,-0.05411,0.00099,0.0,
3090097,1000,1724.0,-0.3700,1.2488,-6.4052,-0.11959,0.02389,0.01299,0.0,
3090117,1000,1724.0,-0.0790,1.1828,-7.9052,-0.17059,0.08989,0.02099,0.0,
3090137,1000,1724.0,1.2520,-0.5322,-7.0482,0.06441,0.11289,0.05799,0.0,
3090157,1000,1724.0,0.2990,-0.9292,-6.6722,0.07841,0.02989,0.00299,0.0,
3090177,1000,1724.0,0.2150,-1.2552,-6.7582,0.11241,0.02089,-0.00201,0.0,
3090197,1000,1724.0,-0.9920,-0.0112,-7.2792,-0.05659,-0.08211,0.02799,0.0,
3090217,1000,1724.0,-0.9090,0.9448,-6.4542,-0.06759,0.01289,0.04799,0.0,
3090237,1000,1724.0,1.0200,-0.0932,-6.1972,0.07741,0.17389,0.02599,0.0,
3090257,1000,1724.0,0.6100,0.1048,-6.7642,-0.02459,0.08989,-0.00101,0.0,
3090277,1000,1724.0,-3.4200,-0.2922,-8.3492,0.06241,-0.31011,0.04099,0.0,
3090297,1000,1724.0,-1.3580,-0.4692,-7.3642,0.02941,-0.17211,0.03299,0.0,
3090317,1000,1724.0,1.3590,-0.9822,-6.6312,0.04241,0.15789,-0.00001,0.0,
3090337,1000,1724.0,-0.6230,-0.3152,-6.8222,0.09941,-0.01111,0.02599,0.0,
3090357,1000,1724.0,-1.0820,1.0668,-7.4002,-0.10559,-0.04511,0.03199,0.0,
3090377,1000,1724.0,0.5070,1.4608,-7.3432,-0.14659,0.08689,0.02499,0.0,
3090397,1000,1724.0,-0.0670,-2.1782,-8.8462,0.14041,-0.07211,0.01299,0.0,
3090417,1000,1724.0,0.2880,-2.0812,-5.3692,0.11641,0.06589,0.01199,0.0,
3090437,1000,1724.0,0.3840,0.5458,-6.5932,-0.00359,0.05889,0.01399,0.0,
3090457,1000,1724.0,0.3390,1.3888,-6.9872,-0.17159,0.13989,0.03799,0.0,
3090477,1000,1724.0,0.6280,0.8368,-6.7432,-0.02759,0.05789,0.02299,0.0,
3090497,1000,1724.0,0.7380,-0.5872,-6.7892,0.04041,0.11689,0.00499,0.0,
3090517,1000,1724.0,0.0990,-2.2672,-6.6402,0.13741,0.03889,0.01599,0.0,
3090537,1000,1724.0,-1.1660,0.5598,-8.8582,0.00441,-0.10311,0.06999,0.0,
3090557,1000,1724.0,0.2920,-0.6162,-6.6712,-0.02959,0.03389,0.03399,0.0,
3090577,1000,1724.0,-0.6940,0.3398,-7.9542,-0.00259,-0.02711,-0.02601,0.0,
3090597,1000,1724.0,-0.8020,-0.0462,-7.0252,0.05641,-0.00211,0.00799,0.0,
3090617,1000,1724.0,-0.1480,0.6798,-7.3372,-0.04059,0.04189,0.05799,0.0,
3090637,1000,1724.0,0.1600,0.3358,-7.7142,-0.04459,-0.04611,0.05599,0.0,
3090657,1000,1724.0,0.0600,-1.8412,-7.7552,0.08941,-0.03311,-0.00901,0.0,
3090677,1000,1724.0,-1.6170,-1.6602,-6.3492,0.18041,-0.10711,-0.00401,0.0,
3090697,1000,1724.0,0.6270,1.8328,-5.9352,-0.17259,0.05889,0.01499,0.0,
3090717,1000,1724.0,1.3520,2.8658,-6.5742,-0.24859,0.18589,0.02899,0.0,
3090737,1000,1724.0,0.1630,-0.9172,-7.3312,0.10241,0.08389,0.04499,0.0,
3090757,1000,1724.0,0.5240,-2.0772,-6.9512,0.10041,0.12889,-0.00401,0.0,
3090777,1000,1724.0,0.1150,-0.5382,-6.8532,0.05041,-0.01111,-0.00101,0.0,
3090797,1000,1724.0,-1.0800,1.0508,-8.4622,-0.05959,-0.13911,0.02999,0.0,
3090817,1000,1724.0,0.5440,0.1418,-6.8672,-0.02459,0.11189,0.04099,0.0,
3090837,1000,1724.0,0.9460,0.2548,-7.4392,-0.00959,0.14189,0.02099,0.0,
3090857,1000,1724.0,-0.9630,-0.2232,-7.0952,-0.01159,-0.00911,0.00499,0.0,
3090877,1000,1724.0,-2.4540,0.9998,-10.3812,-0.03559,-0.24711,0.03899,0.0,
3090897,1000,1724.0,-1.1460,-0.1582,-6.0332,0.04641,-0.18211,0.03599,0.0,
3090917,1000,1724.0,1.7750,-2.1322,-6.7322,0.09541,0.17889,-0.00401,0.0,
3090937,1000,1724.0,-0.7800,-0.4712,-7.4362,0.11641,-0.04311,0.03599,0.0,
3090957,1000,1724.0,-0.8890,1.1468,-6.9332,-0.11759,-0.03011,0.01499,0.0,
3090977,1000,1724.0,-0.1350,3.2968,-7.5542,-0.26959,0.07989,0.03499,0.0,
3090997,1000,1724.0,0.0400,-1.9672,-7.5722,0.16941,-0.02811,0.03599,0.0,
3091017,1000,1724.0,1.3560,-2.9592,-5.2522,0.20841,0.13289,0.01099,0.0,
3091037,1000,1724.0,-0.2060,0.0238,-6.6702,-0.01359,0.00189,0.01199,0.0,
3091057,1000,1724.0,-0.9270,1.5418,-6.8352,-0.15559,0.03189,0.02799,0.0,
3091077,1000,1724.0,2.0630,0.5358,-7.0442,-0.04359,0.18089,0.02599,0.0,
3091097,1000,1724.0,1.5980,-0.2482,-7.4452,0.04441,0.19589,0.00299,0.0,
3091117,1000,1724.0,-1.9670,-0.5712,-8.0632,0.01641,-0.13411,0.01099,0.0,
3091137,1000,1724.0,-2.1340,0.0048,-7.2692,0.01541,-0.18511,0.03899,0.0,
3091157,1000,1724.0,0.5070,-0.0442,-7.0542,-0.07359,0.02489,0.03499,0.0,
3091177,1000,1724.0,1.1130,-0.7332,-7.5792,0.08641,0.07989,-0.00901,0.0,
3091197,1000,1724.0,-0.0040,0.1558,-8.0792,0.06441,0.03989,0.00799,0.0,
3091217,1000,1724.0,-1.5910,1.0668,-7.4712,-0.11659,-0.04011,0.02399,0.0,
3091237,1000,1724.0,0.1880,0.9128,-7.8212,-0.09359,0.01689,0.04499,0.0,
3091257,1000,1724.0,-0.8480,-3.3452,-5.3112,0.24641,-0.07411,0.01899,0.0,
3091277,1000,1724.0,1.1930,-2.2162,-6.8912,0.17841,0.06689,0.00599,0.0,
3091297,1000,1724.0,0.3890,1.9308,-7.9142,-0.13059,0.05489,0.00899,0.0,
3091317,1000,1724.0,-0.9380,1.0048,-6.0332,-0.13759,-0.02811,0.03199,0.0,
3091337,1000,1724.0,1.7380,0.0348,-6.2162,0.03741,0.22389,0.04899,0.0,
3091357,1000,1724.0,1.2060,-1.4092,-7.4922,0.09641,0.19789,0.00699,0.0,
3091377,1000,1724.0,-0.0260,-1.0042,-5.8762,0.04241,0.00089,0.02899,0.0,
3091397,1000,1724.0,-2.9070,-0.0812,-7.5862,0.05341,-0.30311,0.01999,0.0,
3091417,1000,1724.0,-0.6630,0.7358,-6.7542,-0.11959,-0.03011,0.03299,0.0,
3091437,1000,1724.0,2.1540,-0.0682,-8.1942,0.00841,0.23389,-0.00801,0.0,
3091457,1000,1724.0,0.0920,-0.6232,-7.3062,0.04741,0.09789,0.01299,0.0,
3091477,1000,1724.0,-3.0870,0.9938,-8.1702,-0.02659,-0.25911,0.04899,0.0,
3091497,1000,1724.0,-0.4970,0.2848,-6.1612,-0.00559,-0.08111,0.02199,0.0,
3091517,1000,1724.0,1.3430,-2.2612,-6.2532,0.06941,0.07889,0.01099,0.0,
3091537,1000,1724.0,-1.0470,-1.7342,-8.2052,0.18041,-0.04411,0.00599,0.0,
3091557,1000,1724.0,0.6020,1.9158,-9.0582,-0.15859,0.10889,0.02799,0.0,
3091577,1000,1724.0,0.2100,2.0138,-5.5852,-0.16859,0.06989,0.04699,0.0,
3091597,1000,1724.0,0.0720,-0.8612,-6.0762,0.04741,0.11389,0.03299,0.0,
3091617,1000,1724.0,-0.2510,-1.2172,-6.4372,0.06441,-0.06011,-0.00301,0.0,
3091637,1000,1724.0,-0.4930,-0.7692,-6.9652,0.10041,-0.05611,0.00599,0.0,
3091657,1000,1724.0,-0.7110,-0.0392,-6.6392,0.02341,-0.04511,0.05499,0.0,
3091677,1000,1724.0,0.7800,0.4668,-7.2822,-0.06359,0.13389,0.03099,0.0,
3091697,1000,1724.0,0.6690,0.5988,-7.2832,-0.04559,0.11289,0.00099,0.0,
3091717,1000,1724.0,-1.6930,-1.4562,-6.9692,0.10441,-0.07911,0.00899,0.0,
3091737,1000,1724.0,-1.3180,-0.0732,-6.1542,0.03641,-0.08011,0.07399,0.0,
3091757,1000,1724.0,-0.0810,-0.7342,-6.5032,0.01241,0.00789,0.04099,0.0,
3091777,1000,1724.0,-0.2320,-1.6562,-10.1842,0.11341,-0.04511,-0.02101,0.0,
3091797,1000,1724.0,-0.3180,-0.9952,-7.3372,0.15041,-0.02411,-0.00801,0.0,
3091817,1000,1724.0,-0.6760,2.1598,-7.1692,-0.19459,-0.05111,0.01399,0.0,
3091837,1000,1724.0,0.4680,2.0908,-6.7292,-0.19159,0.13089,0.04899,0.0,
3091857,1000,1724.0,-0.0640,-1.8612,-6.7942,0.16241,0.01789,0.04899,0.0,
3091877,1000,1724.0,0.4570,-1.3972,-7.8472,0.04241,0.04689,0.01599,0.0,
3091897,1000,1724.0,-0.0980,-0.0332,-7.5312,0.01441,0.11089,-0.01101,0.0,
3091917,1000,1724.0,-0.6840,0.0138,-5.2492,-0.01059,-0.11211,0.00699,0.0,
3091937,1000,1724.0,1.1790,0.7988,-7.1432,-0.05659,0.11589,0.02899,0.0,
3091957,1000,1724.0,1.5280,-0.4212,-6.5342,0.04441,0.24889,0.03099,0.0,
3091977,1000,1724.0,0.3210,-0.3612,-7.1752,-0.03159,0.06889,0.01899,0.0,
3091997,1000,1724.0,-1.9640,-0.7032,-6.9792,0.13341,-0.19511,0.02799,0.0,
3092017,1000,1724.0,-2.5660,-0.6882,-7.3782,0.02641,-0.20711,0.02399,0.0,
3092037,1000,1724.0,1.6110,-0.5842,-8.6002,0.00741,0.11689,0.03299,0.0,
3092057,1000,1724.0,0.7580,-0.9342,-6.5372,0.12641,0.13589,0.02099,0.0,
3092077,1000,1724.0,-2.0890,1.9538,-7.4232,-0.14059,-0.14711,0.02699,0.0,
3092097,1000,1724.0,-1.3350,1.1978,-6.4422,-0.09659,-0.07611,0.01599,0.0,
3092117,1000,1724.0,0.5620,-2.3932,-6.9132,0.12541,0.03389,0.05099,0.0,
3092137,1000,1724.0,1.0360,-2.0872,-7.5402,0.19141,0.05189,0.00399,0.0,
3092157,1000,1724.0,-0.3050,-0.2142,-7.9532,0.02341,-0.01611,-0.00601,0.0,
3092177,1000,1724.0,-0.5460,0.8138,-6.3382,-0.09359,0.02189,-0.00001,0.0,
3092197,1000,1724.0,1.2840,0.2208,-6.2372,-0.05859,0.27089,0.05699,0.0,
3092217,1000,1724.0,0.5000,0.2418,-6.2562,-0.04959,0.10089,0.02999,0.0,
3092237,1000,1724.0,0.0210,-0.1732,-6.0082,0.00641,-0.00511,0.01099,0.0,
3092257,1000,1724.0,-2.0520,-0.1562,-8.1262,0.03741,-0.19111,0.03899,0.0,
3092277,1000,1724.0,-0.5860,-0.5362,-7.0442,-0.01659,-0.01711,0.02299,0.0,
3092297,1000,1724.0,0.0920,0.5878,-8.4652,-0.04759,0.03389,0.01699,0.0,
3092317,1000,1724.0,-0.8140,-0.1512,-7.4462,0.05941,-0.06611,0.00699,0.0,
3092337,1000,1724.0,-1.0630,1.7218,-6.4172,-0.09259,-0.06011,0.03399,0.0,
3092357,1000,1724.0,-0.6010,-0.4192,-7.4932,0.00041,-0.02811,0.03099,0.0,
3092377,1000,1724.0,-0.1670,-0.9212,-8.0962,0.00641,-0.02111,0.02799,0.0,
3092397,1000,1724.0,0.2900,-0.8602,-7.3492,0.11441,0.00989,0.03799,0.0,
3092417,1000,1724.0,-0.4580,-0.0072,-7.7292,-0.00059,-0.04011,0.00099,0.0,
3092437,1000,1724.0,0.6070,1.4448,-5.9912,-0.09259,0.07389,-0.00801,0.0,
3092457,1000,1724.0,0.5660,-1.0422,-4.9702,0.07341,0.17789,0.01599,0.0,
3092477,1000,1724.0,1.5060,-1.0642,-7.7522,0.00841,0.20489,0.04199,0.0,
3092497,1000,1724.0,0.4600,0.4028,-7.4322,0.02241,0.01889,0.00399,0.0,
3092517,1000,1724.0,-0.7510,-1.1592,-7.4472,0.11341,-0.10611,0.02999,0.0,
3092537,1000,1724.0,-0.3620,0.7108,-6.6852,-0.08259,0.02489,0.02099,0.0,
3092557,1000,1724.0,-0.8280,0.1878,-6.4772,-0.00559,-0.02911,0.00399,0.0,
3092577,1000,1724.0,-0.1360,1.0038,-7.5902,-0.11159,0.04689,0.03499,0.0,
3092597,1000,1724.0,-0.4710,-0.4252,-7.4862,0.14041,-0.03111,0.02999,0.0,
3092617,1000,1724.0,-0.3760,-0.7332,-8.3172,-0.02659,-0.07211,0.01899,0.0,
3092637,1000,1724.0,-0.1070,-1.2892,-7.1362,0.05841,-0.02811,0.00599,0.0,
3092657,1000,1724.0,-0.1890,-1.0562,-5.8462,0.09941,0.01589,0.02499,0.0,
3092677,1000,1724.0,1.1470,0.9828,-7.4162,-0.10059,0.12589,0.01499,0.0,
3092697,1000,1724.0,0.8200,1.5588,-7.1652,-0.06659,0.12289,0.01399,0.0,
3092717,1000,1724.0,-0.0010,-0.0052,-6.0132,-0.04059,0.09289,0.03099,0.0,
3092737,1000,1724.0,0.5180,-0.9612,-6.1552,0.05441,0.07689,0.02199,0.0,
3092757,1000,1724.0,0.5580,-1.2152,-7.0862,0.09541,0.00089,0.00099,0.0,
3092777,1000,1724.0,-0.2210,0.9108,-6.7042,-0.09059,-0.00011,0.00999,0.0,
3092797,1000,1724.0,-1.0370,-0.8462,-7.5032,0.13541,-0.03311,0.04699,0.0,
3092817,1000,1724.0,-0.2450,1.4788,-7.4392,-0.16659,0.04889,0.03099,0.0,
3092837,1000,1724.0,1.2040,0.9338,-5.7722,-0.07559,0.14189,0.02899,0.0,
3092857,1000,1724.0,-2.0490,-0.4422,-9.4232,0.02941,-0.22011,0.09899,0.0,
3092877,1000,1724.0,-0.5140,0.4098,-7.8392,-0.03159,-0.00611,0.04599,0.0,
3092897,1000,1724.0,0.3230,0.3258,-8.3522,-0.04059,0.03489,0.03699,0.0,
3092917,1000,1724.0,0.3610,-1.0072,-7.9322,0.05841,0.03689,0.06499,0.0,
3092937,1000,1724.0,0.3950,0.3498,-8.5472,-0.04259,0.05689,0.02999,0.0,
3092957,1000,1724.0,-0.5190,0.3698,-8.3962,-0.01059,0.02689,0.04199,0.0,
3092977,1000,1724.0,0.8280,-0.8852,-7.4972,0.03941,0.04689,0.03099,0.0,
3092997,1000,1724.0,0.0020,-0.3662,-7.8842,0.02441,0.01589,0.04399,0.0,
3093017,1000,1724.0,-0.0130,0.2538,-9.0492,-0.03059,0.06289,0.04199,0.0,
3093037,1000,1724.0,-0.0990,-0.5002,-8.2982,0.03541,0.02889,0.02799,0.0,
3093057,1000,1724.0,-0.0540,0.3208,-8.3182,0.02341,-0.00611,0.02899,0.0,
3093077,1000,1724.0,-1.0980,-0.2252,-7.7952,-0.01959,-0.05811,0.04299,0.0,
3093097,1000,1724.0,-1.5920,-0.0372,-9.3692,0.02741,-0.10511,0.03099,0.0,
3093117,1000,1724.0,-1.0150,-0.5732,-9.2122,0.05041,-0.07511,0.06199,0.0,
3093137,1000,1724.0,0.8260,0.2038,-8.3972,-0.04459,0.11089,0.04599,0.0,
3093157,1000,1724.0,-0.0830,-0.2582,-8.0892,0.01241,-0.01411,0.03899,0.0,
3093177,1000,1724.0,0.4480,0.1288,-8.9992,-0.04359,0.04189,0.04399,0.0,
3093197,1000,1724.0,-0.0580,-1.1322,-8.5282,0.06941,0.02789,0.06199,0.0,
3093217,1000,1724.0,0.8180,0.8288,-8.5492,-0.05459,0.09889,0.04999,0.0,
3093237,1000,1724.0,0.7100,-0.9092,-6.7582,0.08041,0.07189,0.03299,0.0,
3093257,1000,1724.0,-0.6650,0.2268,-8.3292,-0.05159,0.02889,0.04799,0.0,
3093277,1000,1724.0,1.0360,0.5428,-8.5992,-0.04559,0.07589,0.06099,0.0,
3093297,1000,1724.0,0.7950,-0.8602,-7.1922,0.05041,0.11389,0.02699,0.0,
3093317,1000,1724.0,-0.4330,0.0238,-7.8842,-0.02359,0.03889,0.05899,0.0,
3093337,1000,1724.0,0.3570,-0.9412,-8.1102,0.06541,0.07889,0.02599,0.0,
3093357,1000,1724.0,-0.6490,-0.0792,-6.6792,-0.00559,0.03889,0.05399,0.0,
3093377,1000,1724.0,-0.5600,-0.1522,-8.4292,0.02141,-0.01611,0.04499,0.0,
3093397,1000,1724.0,-1.1060,0.9858,-7.9592,-0.09059,-0.07711,0.07099,0.0,
3093417,1000,1724.0,-0.0640,1.0278,-9.2352,-0.04659,-0.00011,0.03599,0.0,
3093437,1000,1724.0,0.5010,-0.5302,-7.4932,0.00741,0.07989,0.05899,0.0,
3093457,1000,1724.0,-2.0700,-0.0252,-9.0612,0.01641,-0.18511,0.05099,0.0,
3093477,1000,1724.0,-0.8000,0.3678,-8.0852,-0.00059,-0.04911,0.04699,0.0,
3093497,1000,1724.0,0.1790,0.0228,-9.6732,0.01841,0.07289,0.03999,0.0,
3093517,1000,1724.0,-0.7720,-0.5532,-8.8022,0.02741,-0.08411,0.03799,0.0,
3093537,1000,1724.0,0.1420,0.1418,-8.9312,-0.01659,0.03389,0.04299,0.0,
3093557,1000,1724.0,0.0950,-0.1962,-7.8362,-0.02259,0.08389,0.05699,0.0,
3093577,1000,1724.0,-0.0280,-0.2162,-9.1922,-0.03559,0.04889,0.05199,0.0,
3093597,1000,1724.0,-0.2650,0.2338,-8.7102,-0.04159,0.01489,0.05199,0.0,
3093617,1000,1724.0,0.7230,-0.5502,-7.5382,0.04341,0.09589,0.03599,0.0,
3093637,1000,1724.0,0.3290,0.3428,-8.4362,-0.07659,0.12789,0.05199,0.0,
3093657,1000,1724.0,-0.4340,0.0048,-7.5532,-0.02359,-0.00511,0.07299,0.0,
3093677,1000,1724.0,1.4740,-0.2902,-8.0172,-0.00359,0.13189,0.05899,0.0,
3093697,1000,1724.0,-0.3290,-0.0122,-8.7242,0.00541,0.03089,0.04299,0.0,
3093717,1000,1724.0,-0.5960,-0.5892,-9.0572,0.05741,-0.02411,0.05099,0.0,
3093737,1000,1724.0,0.0330,-0.7062,-9.2702,0.07641,0.04389,0.04299,0.0,
3093757,1000,1724.0,-1.3730,-0.0022,-9.3212,0.00841,-0.09911,0.05299,0.0,
3093777,1000,1724.0,-0.6760,-0.8862,-8.4602,0.07241,-0.07311,0.04199,0.0,
3093797,1000,1724.0,0.6760,0.3218,-9.5572,-0.04559,0.10289,0.04299,0.0,
3093817,1000,1724.0,-0.4680,-0.0872,-9.1232,0.02141,-0.06611,0.05499,0.0,
3093837,1000,1724.0,-1.0650,0.1558,-8.9332,-0.02459,-0.08711,0.03599,0.0,
3093857,1000,1724.0,-0.1160,-1.0932,-7.4802,0.08041,0.02589,0.06699,0.0,
3093877,1000,1724.0,0.8170,-0.3892,-8.6862,0.02941,0.06589,0.04099,0.0,
3093897,1000,1724.0,0.8670,0.0598,-8.3012,-0.02959,0.09189,0.02699,0.0,
3093917,1000,1724.0,0.6820,-0.3362,-7.7332,0.00141,0.07289,0.02499,0.0,
3093937,1000,1724.0,-0.4100,-0.9062,-7.6812,0.02841,0.10589,0.04599,0.0,
3093957,1000,1724.0,0.5510,0.2648,-7.6592,-0.01559,0.05389,0.04999,0.0,
3093977,1000,1724.0,0.2140,-0.5952,-7.7872,0.06741,-0.00211,0.02299,0.0,
3093997,1000,1724.0,-0.8360,-0.9672,-7.4042,0.04941,0.01489,0.04799,0.0,
3094017,1000,1724.0,-0.2000,-0.1232,-8.3532,0.01041,0.01389,0.05099,0.0,
3094037,1000,1724.0,0.0120,0.0238,-8.1012,-0.01559,0.02289,0.05599,0.0,
3094057,1000,1724.0,-0.7730,0.3818,-9.1712,-0.00659,-0.02911,0.03099,0.0,
3094077,1000,1724.0,-0.5220,0.0138,-7.0262,-0.00059,-0.03511,0.07199,0.0,
3094097,1000,1724.0,1.3420,-0.9042,-9.5642,0.08841,0.11589,0.05199,0.0,
3094117,1000,1724.0,-1.3620,0.2218,-9.0972,-0.03759,-0.11111,0.04599,0.0,
3094137,1000,1724.0,-0.2840,-0.5092,-7.9002,0.05441,-0.00611,0.03999,0.0,
3094157,1000,1724.0,-0.7660,0.2898,-7.4532,0.00541,-0.07211,0.03599,0.0,
3094177,1000,1724.0,0.5260,-0.8122,-8.1712,0.03741,0.05289,0.01199,0.0,
3094197,1000,1724.0,-0.7700,-0.5422,-8.8492,0.03841,-0.04411,0.03299,0.0,
3094217,1000,1724.0,-0.1150,0.5028,-8.8132,-0.04859,0.02989,0.03599,0.0,
3094237,1000,1724.0,0.3410,-0.5522,-6.7842,0.02141,0.09189,0.04699,0.0,
3094257,1000,1724.0,0.0380,0.1108,-7.9202,-0.03259,0.06289,0.03299,0.0,
3094277,1000,1724.0,-0.9210,0.6508,-9.5262,-0.04859,-0.08711,0.02899,0.0,
3094297,1000,1724.0,0.5230,-0.2062,-6.9332,-0.00959,0.12389,0.04999,0.0,
3094317,1000,1724.0,0.6070,0.2418,-9.0242,-0.04359,0.09489,0.05999,0.0,
3094337,1000,1724.0,0.5170,1.0538,-8.7482,-0.06559,0.06189,0.05799,0.0,
3094357,1000,1724.0,1.4260,-0.6472,-8.2002,0.06641,0.16589,0.05699,0.0,
3094377,1000,1724.0,-0.0240,0.2198,-7.8942,-0.01559,0.03489,0.03999,0.0,
3094397,1000,1724.0,-0.1020,-0.5562,-8.6842,0.07841,-0.02211,0.04799,0.0,
3094417,1000,1724.0,-1.2110,-0.2692,-9.6732,-0.02759,-0.00011,0.04499,0.0,
3094437,1000,1724.0,-0.7690,-0.2102,-8.9332,0.02041,-0.01011,0.04699,0.0,
3094457,1000,1724.0,-0.4590,-0.8242,-8.4522,0.07141,-0.00611,0.04399,0.0,
3094477,1000,1724.0,-0.5640,0.1908,-9.2062,-0.01959,-0.07711,0.04399,0.0,
3094497,1000,1724.0,0.2720,-0.3532,-8.5992,0.03541,0.05889,0.04299,0.0,
3094517,1000,1724.0,-1.2280,0.9128,-8.7522,-0.06559,-0.10511,0.04999,0.0,
3094537,1000,1724.0,1.0230,0.4008,-7.7092,-0.07059,0.13989,0.04599,0.0,
3094557,1000,1724.0,0.4070,-0.7272,-8.4252,0.04741,0.05889,0.04899,0.0,
3094577,1000,1724.0,0.1370,0.2398,-8.6582,-0.01159,0.02189,0.04999,0.0,
3094597,1000,1724.0,0.5060,-0.4952,-6.9772,0.04641,0.15289,0.03999,0.0,
3094617,1000,1724.0,0.2470,-0.4052,-8.1232,0.03941,0.05589,0.05499,0.0,
3094637,1000,1724.0,0.4640,-0.5092,-8.3532,0.03641,0.04489,0.02699,0.0,
3094657,1000,1724.0,0.6400,-0.3592,-7.3252,0.03741,0.13489,0.03299,0.0,
3094677,1000,1724.0,-0.2430,-0.1952,-8.0202,0.02341,0.03089,0.04099,0.0,
3094697,1000,1724.0,-0.4490,0.5138,-7.8202,-0.05959,-0.00111,0.06799,0.0,
3094717,1000,1724.0,-0.3910,-0.0282,-8.2142,0.00541,0.01389,0.03799,0.0,
3094737,1000,1724.0,-0.7370,0.0458,-8.5112,-0.00059,-0.03911,0.05499,0.0,
3094757,1000,1724.0,-0.7810,0.2078,-7.0132,-0.01859,-0.03111,0.05099,0.0,
3094777,1000,1724.0,-0.4110,-0.0352,-8.9442,-0.01959,-0.09411,0.05799,0.0,
3094797,1000,1724.0,0.4420,0.0118,-8.6432,-0.04859,0.08689,0.05299,0.0,
3094817,1000,1724.0,-1.0940,0.2708,-7.9682,0.01041,-0.01611,0.04899,0.0,
3094837,1000,1724.0,0.4380,-0.4832,-8.5502,0.03841,0.04789,0.02699,0.0,
3094857,1000,1724.0,0.0810,-0.7132,-8.1702,0.06541,0.03989,0.04299,0.0,
3094877,1000,1724.0,-0.5360,-0.8142,-8.9522,0.07441,-0.01011,0.05399,0.0,
3094897,1000,1724.0,1.0420,-0.0782,-7.8722,0.00041,0.11689,0.04199,0.0,
3094917,1000,1724.0,0.8050,-0.0922,-7.5572,0.01941,0.10489,0.02399,0.0,
3094937,1000,1724.0,-1.0930,-0.0872,-8.2872,-0.01159,-0.06411,0.06599,0.0,
3094957,1000,1724.0,0.0840,0.1918,-7.4752,-0.00159,0.04889,0.03999,0.0,
3094977,1000,1724.0,-0.6640,0.1418,-7.9692,-0.02459,-0.00011,0.06099,0.0,
3094997,1000,1724.0,0.8980,0.2838,-7.7492,-0.03159,0.04889,0.02799,0.0,
3095017,1000,1724.0,-0.4010,0.1908,-8.8442,0.00841,0.01289,0.04099,0.0,
3095037,1000,1724.0,-0.3300,0.4758,-8.5152,-0.05959,-0.02111,0.04099,0.0,
3095057,1000,1724.0,-0.4990,0.3428,-8.4862,-0.03359,-0.03211,0.04199,0.0,
3095077,1000,1724.0,-0.6200,-0.1352,-8.8682,0.01341,-0.13611,0.05799,0.0,
3095097,1000,1724.0,-0.6020,-0.2622,-8.7462,0.02041,-0.01211,0.02199,0.0,
3095117,1000,1724.0,-0.4240,-0.9602,-8.8352,0.08341,0.03389,0.01699,0.0,
3095137,1000,1724.0,-1.1330,-1.0932,-9.2022,0.08041,-0.07311,0.04299,0.0,
3095157,1000,1724.0,-0.1740,-0.0072,-8.2062,-0.01859,0.00489,0.03499,0.0,
3095177,1000,1724.0,0.1050,-0.4962,-8.5262,0.04741,0.05389,0.04399,0.0,
3095197,1000,1724.0,-0.2470,0.6758,-8.7552,-0.07559,0.00689,0.03799,0.0,
3095217,1000,1724.0,0.6530,0.3308,-8.7652,-0.03759,0.07989,0.07599,0.0,
3095237,1000,1724.0,-1.0550,-0.4922,-7.6772,0.06341,-0.08011,0.04899,0.0,
3095257,1000,1724.0,0.7070,0.5468,-8.0262,-0.06059,0.13189,0.04499,0.0,
3095277,1000,1724.0,0.1400,-0.4212,-8.9992,0.05341,0.02489,0.04299,0.0,
3095297,1000,1724.0,0.6850,-0.2852,-7.9772,0.01441,0.10789,0.05399,0.0,
3095317,1000,1724.0,0.3790,-0.1422,-9.6662,0.01241,0.05589,0.04799,0.0,
3095337,1000,1724.0,-0.5690,-0.4822,-8.0742,0.02041,-0.02311,0.03799,0.0,
3095357,1000,1724.0,-0.5150,-0.0002,-9.4172,-0.00059,-0.02011,0.03499,0.0,
3095377,1000,1724.0,-1.1780,-0.8842,-10.7402,0.09741,-0.11811,0.02099,0.0,
3095397,1000,1724.0,-1.0710,-0.1592,-8.6172,0.02141,-0.05911,0.04399,0.0,
3095417,1000,1724.0,-0.0470,-0.6762,-8.1342,0.04241,0.00689,0.03299,0.0,
3095437,1000,1724.0,-0.1200,0.5328,-9.1952,-0.05559,-0.02511,0.03299,0.0,
3095457,1000,1724.0,-0.5720,0.7268,-8.1602,-0.06759,-0.04911,0.01799,0.0,
3095477,1000,1724.0,-0.8650,0.1968,-8.7702,-0.02059,-0.04211,0.04899,0.0,
3095497,1000,1724.0,0.0710,-0.6022,-7.1472,0.05441,0.00789,0.03399,0.0,
3095517,1000,1724.0,-0.0410,0.0258,-9.2032,-0.00659,0.03989,0.04499,0.0,
3095537,1000,1724.0,-0.0640,-0.5202,-8.0922,0.03241,0.01089,0.05399,0.0,
3095557,1000,1724.0,0.7290,-0.1252,-6.8232,0.01141,0.10789,0.02599,0.0,
3095577,1000,1724.0,1.8720,0.0698,-8.4782,-0.00659,0.19489,0.04299,0.0,
3095597,1000,1724.0,-0.6670,-0.0962,-8.4752,0.01941,-0.02511,0.03799,0.0,
3095617,1000,1724.0,-0.0460,-0.7932,-8.1912,0.07141,0.05589,0.03499,0.0,
3095637,1000,1724.0,-0.2030,-0.6752,-7.6042,0.07841,0.03289,0.06099,0.0,
3095657,1000,1724.0,-0.7960,0.9628,-7.9482,-0.06659,-0.02911,0.04399,0.0,
3095677,1000,1724.0,-1.4280,-0.4612,-9.4262,0.04541,-0.11111,0.05099,0.0,
3095697,1000,1724.0,0.0020,0.0668,-7.9782,0.00541,-0.05811,0.03699,0.0,
3095717,1000,1724.0,-0.5910,0.5338,-7.2752,-0.07459,0.05389,0.05599,0.0,
3095737,1000,1724.0,-0.9310,0.5788,-9.4772,-0.04659,-0.08211,0.03299,0.0,
3095757,1000,1724.0,-0.5100,0.4258,-7.8832,-0.01759,-0.01011,0.05599,0.0,
3095777,1000,1724.0,-0.3930,0.1858,-8.1172,-0.00259,-0.01211,0.04299,0.0,
3095797,1000,1724.0,0.6000,-0.8582,-7.4462,0.01841,0.08489,0.03199,0.0,
3095817,1000,1724.0,1.1560,0.9998,-8.1382,-0.07359,0.15689,0.01599,0.0,
3095837,1000,1724.0,0.6670,-0.1762,-9.3262,-0.00459,0.14989,0.04999,0.0,
3095857,1000,1724.0,0.5270,-0.3832,-6.8572,0.03541,0.02689,0.03299,0.0,
3095877,1000,1724.0,-0.1420,-0.8822,-8.1532,0.07041,0.07789,0.04799,0.0,
3095897,1000,1724.0,-0.1630,0.9618,-8.8272,-0.06059,0.02989,0.04799,0.0,
3095917,1000,1724.0,-0.5670,0.2338,-6.8272,-0.01159,0.02489,0.04199,0.0,
3095937,1000,1724.0,-0.1650,0.5728,-8.7632,-0.03459,0.00489,0.04599,0.0,
3095957,1000,1724.0,-0.7450,0.5398,-8.3212,-0.04959,-0.03511,0.06899,0.0,
3095977,1000,1724.0,-1.6850,0.0888,-9.0972,0.01641,-0.10611,0.04799,0.0,
3095997,1000,1724.0,-0.6850,0.0078,-8.5642,-0.01059,-0.01411,0.04799,0.0,
3096017,1000,1724.0,0.4830,-0.4982,-8.2642,0.03341,0.09289,0.04199,0.0,
3096037,1000,1724.0,-1.1110,-0.5412,-8.8832,0.04241,-0.07711,0.05999,0.0,
3096057,1000,1724.0,-0.2870,-1.1522,-9.8452,0.09041,0.05089,0.04099,0.0,
3096077,1000,1724.0,0.8340,-0.4482,-8.3832,-0.00359,0.12589,0.05499,0.0,
3096097,1000,1724.0,-0.7780,0.1978,-9.2322,0.00641,-0.06911,0.02799,0.0,
3096117,1000,1724.0,0.6210,-0.3832,-7.8442,0.02041,0.09089,0.04599,0.0,
3096137,1000,1724.0,-0.6290,0.4758,-8.2002,-0.02559,-0.01411,0.04899,0.0,
3096157,1000,1724.0,-0.0650,0.3848,-8.8962,-0.03959,0.03789,0.07099,0.0,
3096177,1000,1724.0,0.9280,-0.5962,-7.7952,0.04641,0.11689,0.02699,0.0,
3096197,1000,1724.0,0.6530,0.7638,-8.5402,-0.08559,0.10089,0.05999,0.0,
3096217,1000,1724.0,-0.0180,0.0878,-8.3542,-0.01559,0.07289,0.04699,0.0,
3096237,1000,1724.0,0.5930,-0.0812,-7.7892,0.00241,0.07189,0.02999,0.0,
3096257,1000,1724.0,-0.0060,0.1078,-8.8082,0.00341,0.02089,0.05099,0.0,
3096277,1000,1724.0,-1.0820,-0.0862,-8.5802,0.01641,-0.04411,0.04799,0.0,
3096297,1000,1724.0,-0.2030,-0.1422,-9.6922,0.02841,0.01689,0.03099,0.0,
3096317,1000,1724.0,0.7280,-0.4912,-7.9502,0.04041,0.07989,0.03899,0.0,
3096337,1000,1724.0,-1.7220,-0.2462,-9.1262,0.00041,-0.12111,0.04799,0.0,
3096357,1000,1724.0,-0.1190,0.3368,-9.9122,-0.01459,0.00489,0.03399,0.0,
3096377,1000,1724.0,-0.9110,0.0438,-8.1552,0.01641,-0.04011,0.02899,0.0,
3096397,1000,1724.0,-0.9940,0.5748,-8.5822,-0.05659,-0.09211,0.04999,0.0,
3096417,1000,1724.0,-1.2720,-0.5872,-8.3292,0.04641,-0.06911,0.05399,0.0,
3096437,1000,1724.0,-0.1530,0.2318,-7.5652,-0.01459,0.03989,0.06199,0.0,
3096457,1000,1724.0,1.3630,0.0478,-8.4722,-0.01759,0.11589,0.04799,0.0,
3096477,1000,1724.0,1.3150,-0.2612,-7.9922,-0.01959,0.16089,0.05899,0.0,
3096497,1000,1724.0,-0.5960,-0.3192,-7.6112,0.01641,0.00589,0.05399,0.0,
3096517,1000,1724.0,0.5800,-0.0292,-8.2432,-0.03859,0.18089,0.06599,0.0,
3096537,1000,1724.0,0.5340,-0.2832,-8.2632,0.04741,0.04589,0.04199,0.0,
3096557,1000,1724.0,-0.4390,-0.6182,-7.8012,0.03541,0.01189,0.03999,0.0,
3096577,1000,1724.0,-0.0100,-1.1342,-8.1802,0.10341,0.04189,0.05899,0.0,
3096597,1000,1724.0,-0.3490,-0.2572,-8.1212,0.00341,-0.00411,0.03899,0.0,
3096617,1000,1724.0,-0.1850,-0.4812,-8.3032,0.02141,0.01489,0.02599,0.0,
3096637,1000,1724.0,-1.4690,-0.2952,-8.6322,0.04441,-0.14611,0.03499,0.0,
3096657,1000,1724.0,-1.1830,0.3488,-7.9862,-0.02959,-0.08211,0.04899,0.0,
3096677,1000,1724.0,-1.4790,0.4148,-7.7492,-0.03659,-0.07211,0.05299,0.0,
3096697,1000,1724.0,-0.3230,-0.6742,-9.0652,0.05741,-0.01911,0.05699,0.0,
3096717,1000,1724.0,-0.9980,0.9268,-7.8262,-0.06959,-0.06011,0.03299,0.0,
3096737,1000,1724.0,-0.1480,-0.0272,-7.9442,-0.00259,0.00689,0.02699,0.0,
3096757,1000,1724.0,-0.4100,-0.9872,-7.7032,0.05441,0.01589,0.02799,0.0,
3096777,1000,1724.0,0.1930,0.0478,-8.3582,-0.01759,0.05389,0.04899,0.0,
3096797,1000,1724.0,0.6300,0.7378,-8.1292,-0.04359,0.12189,0.03399,0.0,
3096817,1000,1724.0,0.3320,-0.9852,-6.4822,0.06241,0.10389,0.04199,0.0,
3096837,1000,1724.0,0.0820,-0.4042,-8.4992,0.02041,0.05289,0.03799,0.0,
3096857,1000,1724.0,0.5380,0.6638,-8.6902,-0.03659,0.05889,0.10499,0.0,
3096877,1000,1724.0,-1.2560,1.0008,-9.0342,-0.03559,-0.02911,0.06699,0.0,
3096897,1000,1724.0,-0.4640,-0.3512,-9.2112,0.01341,0.00089,0.09499,0.0,
3096917,1000,1724.0,0.4150,-0.5142,-9.2942,0.01841,0.09189,0.06699,0.0,
3096937,1000,1724.0,-1.6830,1.3048,-10.9352,-0.08659,-0.11011,0.07599,0.0,
3096957,1000,1724.0,0.3820,-0.7592,-9.2472,0.04941,0.05989,0.06899,0.0,
3096977,1000,1724.0,0.2650,0.7138,-11.0452,-0.05259,0.06889,0.06999,0.0,
3096997,1000,1724.0,-0.7870,0.1448,-10.8962,-0.00059,-0.06511,0.06099,0.0,
3097017,1000,1724.0,-0.3000,0.1208,-8.8632,-0.01159,-0.00311,0.05999,0.0,
3097037,1000,1724.0,-0.3390,-0.0062,-11.1532,0.03341,-0.03211,0.07599,0.0,
3097057,1000,1724.0,0.5980,-0.0942,-9.7482,-0.02659,0.14989,0.06899,0.0,
3097077,1000,1724.0,-0.8790,0.4708,-9.6592,-0.02659,-0.05611,0.08599,0.0,
3097097,1000,1724.0,0.6150,-0.8082,-9.6352,0.04341,0.12289,0.06699,0.0,
3097117,1000,1724.0,1.0480,-0.2332,-7.8152,-0.00659,0.15589,0.07099,0.0,
3097137,1000,1724.0,-0.1280,0.6388,-9.9502,-0.03159,0.05589,0.05299,0.0,
3097157,1000,1724.0,-0.8430,0.2568,-10.3112,-0.01059,-0.05011,0.08299,0.0,
3097177,1000,1724.0,0.0010,-0.5052,-9.1532,0.04341,0.07189,0.05999,0.0,
3097197,1000,1724.0,0.3360,0.5668,-10.5112,-0.06159,0.08189,0.09599,0.0,
3097217,1000,1724.0,-0.3050,0.2498,-9.4682,-0.02159,0.01789,0.06399,0.0,
3097237,1000,1724.0,-0.6360,-0.2612,-10.0432,0.05241,0.01089,0.06299,0.0,
3097257,1000,1724.0,-0.1750,-0.5672,-9.4992,0.03841,0.04089,0.07299,0.0,
3097277,1000,1724.0,0.2290,0.2598,-10.5722,-0.02359,0.02689,0.06699,0.0,
3097297,1000,1724.0,-1.2200,-1.1322,-9.7252,0.09841,-0.02511,0.08699,0.0,
3097317,1000,1724.0,-0.0310,0.7708,-9.9602,-0.06559,0.02589,0.07599,0.0,
3097337,1000,1724.0,-1.1060,0.2508,-10.2452,-0.02759,-0.03711,0.07399,0.0,
3097357,1000,1724.0,-0.2540,0.2798,-9.0232,0.00641,-0.11011,0.04799,0.0,
3097377,1000,1724.0,-0.6420,-0.0182,-9.9822,-0.04359,0.06089,0.08499,0.0,
3097397,1000,1724.0,0.4380,-1.0032,-10.6142,0.10241,0.06389,0.06299,0.0,
3097417,1000,1724.0,-0.7070,1.1138,-9.4652,-0.11259,-0.08011,0.06199,0.0,
3097437,1000,1724.0,-0.1240,-0.9572,-10.0512,0.06741,0.04789,0.08599,0.0,
3097457,1000,1724.0,-1.0720,1.1388,-10.4672,-0.07359,-0.05711,0.05199,0.0,
3097477,1000,1724.0,0.8770,-0.3672,-9.1902,-0.02759,0.11589,0.07499,0.0,
3097497,1000,1724.0,-0.8540,0.7448,-9.7572,-0.04659,-0.02411,0.07099,0.0,
3097517,1000,1724.0,0.6370,-0.1222,-10.3212,0.01141,0.07189,0.07299,0.0,
3097537,1000,1724.0,0.6440,-0.2162,-9.6462,-0.02659,0.12189,0.07999,0.0,
3097557,1000,1724.0,0.2000,-0.4562,-9.4072,0.03041,0.06289,0.06899,0.0,
3097577,1000,1724.0,-0.7840,-0.2152,-9.2882,0.00541,0.03289,0.05599,0.0,
3097597,1000,1724.0,0.6780,0.0768,-9.6952,-0.00559,0.02489,0.07899,0.0,
3097617,1000,1724.0,0.0050,-0.2192,-9.5242,0.01541,0.06789,0.06299,0.0,
3097637,1000,1724.0,-0.0640,-0.2012,-8.9162,0.01441,0.01789,0.08399,0.0,
3097657,1000,1724.0,-0.0070,-0.4652,-10.3602,0.04941,0.04189,0.07499,0.0,
3097677,1000,1724.0,-0.3870,0.5198,-9.6862,-0.02859,-0.05511,0.07499,0.0,
3097697,1000,1724.0,-0.0120,-1.0642,-9.6422,0.06741,0.09989,0.08099,0.0,
3097717,1000,1724.0,-2.0510,-0.4972,-11.9952,0.05441,-0.17111,0.06399,0.0,
3097737,1000,1724.0,0.2240,0.6598,-10.2332,-0.07159,0.05889,0.07599,0.0,
3097757,1000,1724.0,-0.4830,-0.0302,-8.6422,0.00741,-0.00411,0.07299,0.0,
3097777,1000,1724.0,-0.2930,-0.4192,-10.1932,-0.01159,-0.04611,0.06799,0.0,
3097797,1000,1724.0,-0.1960,0.1478,-10.1372,0.01841,0.00089,0.06399,0.0,
3097817,1000,1724.0,0.2850,0.4768,-9.4772,-0.05059,0.07389,0.08399,0.0,
3097837,1000,1724.0,-0.6940,-0.0902,-9.5202,-0.00559,-0.05611,0.03699,0.0,
3097857,1000,1724.0,-0.1190,-0.1182,-10.1492,-0.00659,0.02189,0.08799,0.0,
3097877,1000,1724.0,1.1670,-0.2652,-9.8922,-0.00059,0.13689,0.06799,0.0,
3097897,1000,1724.0,0.3740,-0.0802,-10.1632,-0.01159,0.07289,0.07499,0.0,
3097917,1000,1724.0,-0.3120,-0.4232,-8.8622,0.04841,0.01289,0.05899,0.0,
3097937,1000,1724.0,1.0080,0.4808,-9.9002,-0.05459,0.12389,0.06599,0.0,
3097957,1000,1724.0,0.2810,-0.5662,-8.4382,0.03041,0.12289,0.06499,0.0,
3097977,1000,1724.0,-0.0000,-0.2552,-9.8392,0.00941,-0.00011,0.05899,0.0,
3097997,1000,1724.0,0.2460,0.1858,-9.3362,-0.00259,0.04489,0.08399,0.0,
3098017,1000,1724.0,-1.1280,0.5028,-10.3192,-0.00059,-0.00911,0.05999,0.0,
3098037,1000,1724.0,0.3600,-0.1402,-8.8032,-0.00659,0.05889,0.06599,0.0,
3098057,1000,1724.0,0.2160,-1.0182,-10.3022,0.07941,0.07689,0.07199,0.0,
3098077,1000,1724.0,-1.3510,0.6438,-10.0112,-0.01259,-0.07511,0.07699,0.0,
3098097,1000,1724.0,-0.9620,-0.0232,-11.2582,-0.02359,-0.04811,0.06899,0.0,
3098117,1000,1724.0,0.8430,0.2288,-8.6312,0.00641,0.12189,0.09599,0.0,
3098137,1000,1724.0,-0.9990,-0.8452,-10.3552,0.07041,-0.06111,0.04599,0.0,
3098157,1000,1724.0,0.0300,0.0858,-9.9572,-0.00159,0.02689,0.07899,0.0,
3098177,1000,1724.0,-0.4340,-0.0792,-9.6032,0.03541,-0.02611,0.05699,0.0,
3098197,1000,1724.0,-0.0970,-0.4222,-9.8102,0.02841,0.02489,0.05799,0.0,
3098217,1000,1724.0,-0.2790,0.0188,-10.1742,-0.00759,0.01289,0.08499,0.0,
3098237,1000,1724.0,0.7310,0.0878,-9.6552,-0.02059,0.09089,0.05499,0.0,
3098257,1000,1724.0,0.1180,-0.1622,-8.4812,-0.01459,0.04889,0.06999,0.0,
3098277,1000,1724.0,0.3220,0.4278,-9.7572,-0.01259,0.06789,0.05099,0.0,
3098297,1000,1724.0,-0.5170,-0.0202,-10.4002,-0.01159,0.00389,0.08299,0.0,
3098317,1000,1724.0,0.6290,0.1778,-9.2572,-0.02559,0.11989,0.06299,0.0,
3098337,1000,1724.0,0.5850,-0.2402,-8.7782,-0.00259,0.10089,0.07099,0.0,
3098357,1000,1724.0,-0.0820,0.9768,-10.3422,-0.07659,0.03189,0.07599,0.0,
3098377,1000,1724.0,0.1030,-0.0242,-8.8832,-0.00259,0.08889,0.05599,0.0,
3098397,1000,1724.0,1.2250,-0.7932,-9.5602,0.05441,0.13689,0.06699,0.0,
3098417,1000,1724.0,-1.2470,-0.1462,-9.9982,0.00241,-0.08911,0.06399,0.0,
3098437,1000,1724.0,-0.0120,0.3108,-9.6472,0.02341,0.06789,0.07899,0.0,
3098457,1000,1724.0,-0.5910,-0.0492,-9.5982,-0.03559,0.00589,0.07499,0.0,
3098477,1000,1724.0,0.2060,-0.4352,-10.2852,0.05841,0.03789,0.07699,0.0,
3098497,1000,1724.0,-1.8460,-0.0302,-9.9392,-0.00159,-0.09711,0.06399,0.0,
3098517,1000,1724.0,-0.1990,0.1418,-9.8782,-0.01259,0.00889,0.07199,0.0,
3098537,1000,1724.0,-1.1890,-1.0792,-9.5532,0.12041,-0.05411,0.06499,0.0,
3098557,1000,1724.0,0.4160,0.4348,-11.5842,-0.02959,0.03289,0.06699,0.0,
3098577,1000,1724.0,-0.4830,-1.1082,-9.1002,0.06441,0.01589,0.07199,0.0,
3098597,1000,1724.0,-0.2190,0.5698,-9.2912,-0.01659,-0.00011,0.07699,0.0,
3098617,1000,1724.0,-0.1760,-1.0882,-11.4462,0.03641,0.01889,0.07899,0.0,
3098637,1000,1724.0,-0.2790,0.7628,-8.1352,-0.03859,0.00789,0.07099,0.0,
3098657,1000,1724.0,-0.8090,0.1348,-9.7192,-0.01059,-0.02911,0.05599,0.0,
3098677,1000,1724.0,1.1590,-0.7732,-9.8952,0.01741,0.14789,0.08199,0.0,
3098697,1000,1724.0,0.1880,0.3008,-9.6542,-0.02259,0.07089,0.06999,0.0,
3098717,1000,1724.0,-0.5740,-0.3472,-10.6422,0.03641,0.03589,0.06499,0.0,
3098737,1000,1724.0,0.1280,0.1188,-9.0542,-0.03059,0.00389,0.07699,0.0,
3098757,1000,1724.0,0.3780,-0.3022,-9.3492,0.03341,0.09289,0.06299,0.0,
3098777,1000,1724.0,-0.2480,-0.0272,-8.9712,-0.01159,0.03089,0.08199,0.0,
3098797,1000,1724.0,0.5110,-0.1482,-9.6402,0.00841,0.09289,0.05599,0.0,
3098817,1000,1724.0,0.1100,-0.1792,-10.4482,0.00541,0.07889,0.08299,0.0,
3098837,1000,1724.0,0.1380,0.2378,-9.2912,-0.02859,0.01089,0.06599,0.0,
3098857,1000,1724.0,-0.2880,0.2328,-9.0162,-0.01059,0.04289,0.06299,0.0,
3098877,1000,1724.0,-0.6320,-0.9982,-9.7342,0.07941,-0.03211,0.06299,0.0,
3098897,1000,1724.0,0.2820,0.4998,-9.4832,-0.06159,0.07489,0.06799,0.0,
3098917,1000,1724.0,-0.7530,-0.2972,-10.2442,0.02241,-0.04511,0.06499,0.0,
3098937,1000,1724.0,-0.1580,1.2338,-11.2722,-0.10059,0.05189,0.10899,0.0,
3098957,1000,1724.0,-0.5850,0.1538,-9.2472,-0.01459,0.00989,0.04199,0.0,
3098977,1000,1724.0,-1.3080,0.4428,-9.8992,-0.01759,-0.11311,0.09699,0.0,
3098997,1000,1724.0,-0.3080,0.1778,-10.3762,-0.03759,0.00889,0.06499,0.0,
3099017,1000,1724.0,0.6820,-0.6122,-9.0302,0.05441,0.05389,0.06999,0.0,
3099037,1000,1724.0,-0.6050,0.1188,-9.7962,-0.01259,0.05089,0.08599,0.0,
3099057,1000,1724.0,0.6410,-0.3612,-9.9682,0.02541,0.07589,0.06099,0.0,
3099077,1000,1724.0,-1.0850,0.0008,-10.2612,0.03241,-0.06111,0.06699,0.0,
3099097,1000,1724.0,0.0030,0.2788,-10.1222,-0.04759,0.11289,0.06599,0.0,
3099117,1000,1724.0,0.1900,-0.4462,-9.7402,0.07041,0.08189,0.07699,0.0,
3099137,1000,1724.0,0.7980,-0.9102,-9.6252,0.03341,0.03189,0.06999,0.0,
3099157,1000,1724.0,0.4950,0.6988,-9.5752,-0.06059,0.10789,0.06599,0.0,
3099177,1000,1724.0,0.3240,0.0478,-9.2912,-0.01159,0.08889,0.07899,0.0,
3099197,1000,1724.0,-1.1080,-0.0892,-10.0872,0.01441,-0.06111,0.05899,0.0,
3099217,1000,1724.0,0.1120,0.2158,-10.1602,-0.02059,0.06689,0.06999,0.0,
3099237,1000,1724.0,-0.7160,-0.1492,-7.9082,0.00241,0.01189,0.08199,0.0,
3099257,1000,1724.0,0.7950,0.7668,-10.1152,-0.06459,0.08889,0.05299,0.0,
3099277,1000,1724.0,0.6030,-0.7352,-9.7662,0.06941,0.11089,0.07399,0.0,
3099297,1000,1724.0,-0.2660,0.4868,-9.0642,-0.03659,0.00889,0.07399,0.0,
3099317,1000,1724.0,-0.6420,0.0338,-10.9572,-0.00359,-0.01411,0.04999,0.0,
3099337,1000,1724.0,-0.2960,0.5988,-10.3052,-0.04759,0.00789,0.08899,0.0,
3099357,1000,1724.0,-0.3260,-0.1102,-10.1602,0.00941,0.02589,0.05899,0.0,
3099377,1000,1724.0,0.0050,0.2628,-9.4422,-0.01759,0.05089,0.07699,0.0,
3099397,1000,1724.0,-0.0880,-0.5512,-10.6122,0.04641,-0.04611,0.05499,0.0,
3099417,1000,1724.0,-0.3270,-0.1652,-10.2062,0.02641,0.03389,0.06499,0.0,
3099437,1000,1724.0,0.6060,-0.4092,-9.5092,0.01741,0.10489,0.07499,0.0,
3099457,1000,1724.0,-0.7690,0.5908,-9.4582,-0.01959,-0.05211,0.06499,0.0,
3099477,1000,1724.0,-0.0340,-0.8122,-9.0312,0.05041,0.02889,0.04799,0.0,
3099497,1000,1724.0,-0.1160,0.2008,-9.8692,-0.02659,0.04589,0.08599,0.0,
3099517,1000,1724.0,0.5540,0.1158,-9.4332,-0.00459,0.10289,0.06499,0.0,
3099537,1000,1724.0,-1.0020,0.0388,-9.6312,0.01141,-0.05011,0.06399,0.0,
3099557,1000,1724.0,-0.8750,-0.3122,-10.6422,0.01241,-0.04811,0.07199,0.0,
3099577,1000,1724.0,1.8200,0.8578,-9.3922,-0.06559,0.22589,0.07499,0.0,
3099597,1000,1724.0,0.0170,-0.6012,-9.4532,0.03941,0.05289,0.05299,0.0,
3099617,1000,1724.0,0.1740,0.1228,-9.2002,-0.02459,0.07689,0.08799,0.0,
3099637,1000,1724.0,-0.1130,-0.4032,-9.5692,0.04241,0.04089,0.04399,0.0,
3099657,1000,1724.0,-1.1770,-0.0312,-9.1682,-0.00859,-0.05111,0.08799,0.0,
3099677,1000,1724.0,-0.2940,0.5748,-10.4122,-0.05459,0.02889,0.06199,0.0,
3099697,1000,1724.0,-1.3320,-0.9802,-10.6132,0.08441,-0.10011,0.06699,0.0,
3099717,1000,1724.0,-0.3240,0.0488,-9.3492,0.00541,0.00989,0.06599,0.0,
3099737,1000,1724.0,0.6180,-0.6922,-9.1642,0.04141,0.08789,0.05899,0.0,
3099757,1000,1724.0,-1.4450,-0.4772,-11.4802,0.03841,-0.08711,0.06899,0.0,
3099777,1000,1724.0,-0.1620,0.0408,-10.4062,-0.00259,0.02489,0.04999,0.0,
3099797,1000,1724.0,-0.4080,0.0708,-9.2212,-0.03059,-0.00411,0.07099,0.0,
3099817,1000,1724.0,-0.9330,-0.0992,-10.7732,0.03641,-0.07711,0.04999,0.0,
3099837,1000,1724.0,0.5380,-0.4782,-9.7312,0.02241,0.06689,0.06499,0.0,
3099857,1000,1724.0,-0.4450,0.4538,-9.7612,-0.04959,-0.01211,0.08199,0.0,
3099877,1000,1724.0,0.4910,-0.1122,-9.9052,0.00641,0.09989,0.06799,0.0,
3099897,1000,1724.0,-0.3430,-0.2232,-9.7122,0.02041,0.01189,0.05999,0.0,
3099917,1000,1724.0,-0.3560,0.4518,-9.6662,-0.04859,0.00789,0.07799,0.0,
3099937,1000,1724.0,0.9210,-0.5542,-9.6422,0.01041,0.20689,0.07099,0.0,
3099957,1000,1724.0,-0.8880,-0.3932,-9.2832,0.03241,-0.07111,0.08999,0.0,
3099977,1000,1724.0,1.5970,-0.9872,-9.3992,0.05341,0.19589,0.06599,0.0,
3099997,1000,1724.0,-0.3890,0.1678,-8.8382,0.00241,0.04489,0.06499,0.0,
3100017,1000,1724.0,0.1300,0.0408,-9.7642,-0.00259,0.06289,0.07599,0.0,
3100037,1000,1724.0,-0.6440,-0.2162,-10.7392,0.02941,-0.01611,0.05799,0.0,
3100057,1000,1724.0,-0.9470,-0.1862,-9.5402,-0.00459,-0.05411,0.06099,0.0,
3100077,1000,1724.0,-0.5350,0.6208,-9.5512,-0.01859,0.01689,0.09199,0.0,
3100097,1000,1724.0,-0.3110,-0.1702,-9.3752,-0.02059,-0.00011,0.06499,0.0,
3100117,1000,1724.0,-1.5770,-0.4572,-9.9152,0.05741,-0.09511,0.07599,0.0,
3100137,1000,1724.0,-0.0930,0.2888,-11.6052,-0.04159,0.02189,0.07199,0.0,
3100157,1000,1724.0,0.0130,-0.4082,-8.7122,0.01541,0.01289,0.05799,0.0,
3100177,1000,1724.0,-1.1370,0.0848,-10.6102,-0.00159,-0.03711,0.06799,0.0,
3100197,1000,1724.0,0.6410,0.2058,-10.6402,-0.04559,0.10689,0.08199,0.0,
3100217,1000,1724.0,0.1410,0.3228,-9.5462,-0.02459,-0.01611,0.05699,0.0,
3100237,1000,1724.0,0.2200,-1.1322,-9.3672,0.07541,0.16389,0.05099,0.0,
3100257,1000,1724.0,0.5210,0.7028,-9.7892,-0.04459,0.01489,0.08599,0.0,
3100277,1000,1724.0,0.3570,-0.5492,-9.5512,0.01641,0.05989,0.05999,0.0,
3100297,1000,1724.0,0.9510,-0.0582,-7.7802,-0.00059,0.16289,0.07099,0.0,
3100317,1000,1724.0,0.4450,0.8478,-10.3172,-0.07459,0.08889,0.07099,0.0,
3100337,1000,1724.0,-0.0730,-0.6792,-9.9252,0.04741,0.03489,0.08799,0.0,
3100357,1000,1724.0,-0.3340,0.5358,-8.6042,-0.04259,0.03389,0.05399,0.0,
3100377,1000,1724.0,0.9080,-0.9292,-10.5602,0.09741,0.14589,0.07699,0.0,
3100397,1000,1724.0,-0.7660,0.8458,-9.9792,-0.05859,-0.02911,0.05599,0.0,
3100417,1000,1724.0,-0.3690,-0.4762,-9.4282,0.03341,0.02889,0.07699,0.0,
3100437,1000,1724.0,-0.8290,0.4478,-9.5712,-0.02259,-0.02511,0.07599,0.0,
3100457,1000,1724.0,0.0480,-0.4432,-9.5582,0.01441,0.00789,0.06999,0.0,
3100477,1000,1724.0,-1.8270,0.4048,-10.2562,0.01441,-0.06211,0.05799,0.0,
3100497,1000,1724.0,-0.0900,-0.7652,-9.5302,0.05141,0.02789,0.07699,0.0,
3100517,1000,1724.0,-1.2380,0.5248,-10.3622,-0.01059,-0.05611,0.06399,0.0,
3100537,1000,1724.0,-0.5810,-0.6742,-10.3562,0.03241,-0.01211,0.06499,0.0,
3100557,1000,1724.0,-0.1080,0.9818,-9.5252,-0.07359,0.00489,0.08299,0.0,
3100577,1000,1724.0,0.2230,-1.6522,-8.9382,0.11041,0.07689,0.06599,0.0,
3100597,1000,1724.0,-0.2930,1.2168,-11.5992,-0.08959,-0.02911,0.07299,0.0,
3100617,1000,1724.0,0.5600,0.2588,-9.5922,-0.03459,0.11789,0.06899,0.0,
3100637,1000,1724.0,-0.5120,-0.3712,-9.9082,0.03041,-0.05011,0.04699,0.0,
3100657,1000,1724.0,0.9410,0.7108,-9.0632,-0.05959,0.15089,0.06599,0.0,
3100677,1000,1724.0,-0.2020,-0.0012,-8.7752,-0.01559,0.02989,0.06599,0.0,
3100697,1000,1724.0,-0.3560,-0.2392,-10.4912,0.00341,-0.00311,0.07399,0.0,
3100717,1000,1724.0,0.8510,-0.4362,-8.5002,0.01641,0.17689,0.07799,0.0,
3100737,1000,1724.0,1.1880,0.4818,-9.5062,-0.03159,0.17389,0.05199,0.0,
3100757,1000,1724.0,-0.5070,-0.5272,-10.4582,0.04741,-0.02211,0.06699,0.0,
3100777,1000,1724.0,1.0780,0.0378,-8.1562,-0.01059,0.20789,0.07399,0.0,
3100797,1000,1724.0,-0.6850,-0.1122,-10.2672,0.01541,-0.05711,0.07199,0.0,
3100817,1000,1724.0,-0.5340,-0.7942,-9.7702,0.05541,0.00989,0.08399,0.0,
3100837,1000,1724.0,-0.0760,0.0598,-9.9782,-0.01559,0.02489,0.06699,0.0,
3100857,1000,1724.0,-0.9250,0.2248,-9.5392,-0.01359,-0.03911,0.07899,0.0,
3100877,1000,1724.0,-0.2970,-0.0892,-10.1192,0.04741,0.02089,0.07399,0.0,
3100897,1000,1724.0,-1.8150,-0.4432,-10.5642,-0.02359,-0.14011,0.15799,0.0,
3100917,1000,1724.0,-0.0850,-0.2472,-10.6452,0.02141,0.04089,0.11599,0.0,
3100937,1000,1724.0,-0.2850,-0.3092,-10.8102,0.02741,0.01389,0.09499,0.0,
3100957,1000,1724.0,-1.0440,0.4378,-12.2302,-0.07159,-0.08411,0.11899,0.0,
3100977,1000,1724.0,-0.2600,-0.0962,-10.7082,-0.00259,0.00389,0.09599,0.0,
3100997,1000,1724.0,-0.5810,-0.7132,-11.7672,0.06941,-0.03611,0.10399,0.0,
3101017,1000,1724.0,0.4820,-0.6892,-11.6842,0.00641,0.07989,0.12799,0.0,
3101037,1000,1724.0,-0.5290,-0.0302,-11.5732,-0.00859,0.00089,0.09199,0.0,
3101057,1000,1724.0,0.4940,-0.5272,-12.2472,-0.01559,0.03489,0.10499,0.0,
3101077,1000,1724.0,1.4870,-1.1462,-10.7932,0.06841,0.22989,0.09299,0.0,
3101097,1000,1724.0,0.4250,-0.7322,-11.5212,0.05941,0.09789,0.10299,0.0,
3101117,1000,1724.0,-0.3830,0.2668,-10.5602,-0.01859,0.03589,0.10199,0.0,
3101137,1000,1724.0,0.8710,-0.4052,-10.8242,0.05841,0.11189,0.08499,0.0,
3101157,1000,1724.0,0.2670,1.2828,-11.2962,-0.14059,0.10489,0.11299,0.0,
3101177,1000,1724.0,-0.3230,1.2218,-10.8712,-0.09459,0.03089,0.09699,0.0,
3101197,1000,1724.0,-0.0730,0.4378,-11.0112,-0.02059,0.06389,0.09699,0.0,
3101217,1000,1724.0,-0.0080,0.1958,-10.3112,-0.01359,0.07889,0.09499,0.0,
3101237,1000,1724.0,0.4110,-0.1632,-10.9972,0.01241,0.14089,0.06999,0.0,
3101257,1000,1724.0,0.4780,-0.8412,-11.5052,0.06841,0.07489,0.10599,0.0,
3101277,1000,1724.0,-0.9750,0.5748,-11.3202,-0.03859,-0.02611,0.10499,0.0,
3101297,1000,1724.0,0.5890,-0.0112,-11.4482,0.00941,0.12089,0.11699,0.0,
3101317,1000,1724.0,-1.5200,0.5068,-12.3052,-0.04259,-0.10811,0.13199,0.0,
3101337,1000,1724.0,-0.2640,-0.3052,-12.0832,0.02441,-0.01111,0.10199,0.0,
3101357,1000,1724.0,0.8360,-0.5332,-11.8802,0.03841,0.11589,0.09399,0.0,
3101377,1000,1724.0,-0.0610,-0.6652,-12.2432,0.02841,-0.00511,0.08699,0.0,
3101397,1000,1724.0,-1.4920,-0.9072,-11.6232,0.08741,-0.10211,0.06599,0.0,
3101417,1000,1724.0,-1.1330,0.1868,-11.5682,-0.02559,-0.03911,0.10899,0.0,
3101437,1000,1724.0,0.2310,-0.5442,-11.3202,0.05841,0.06289,0.08199,0.0,
3101457,1000,1724.0,0.4630,0.3158,-11.2512,-0.02459,0.06189,0.09799,0.0,
3101477,1000,1724.0,1.1590,0.5808,-10.7782,-0.04659,0.16989,0.14799,0.0,
3101497,1000,1724.0,0.8820,-0.9012,-11.0462,0.07141,0.09989,0.09499,0.0,
3101517,1000,1724.0,-0.4530,0.2088,-10.7812,-0.01559,0.10289,0.11799,0.0,
3101537,1000,1724.0,-0.4330,-0.3762,-10.8372,0.03241,-0.01311,0.09599,0.0,
3101557,1000,1724.0,0.8570,-1.2732,-10.8062,0.08941,0.10589,0.07599,0.0,
3101577,1000,1724.0,-0.8660,0.5878,-10.5872,-0.04659,-0.02511,0.08599,0.0,
3101597,1000,1724.0,-0.2600,-0.1552,-12.0192,-0.00359,0.00989,0.08799,0.0,
3101617,1000,1724.0,-0.6600,0.4708,-11.2662,-0.03559,0.00189,0.09499,0.0,
3101637,1000,1724.0,-0.0670,0.7578,-11.8532,-0.07459,0.04989,0.10799,0.0,
3101657,1000,1724.0,-0.4230,-0.3192,-12.3622,0.02641,-0.01711,0.10199,0.0,
3101677,1000,1724.0,0.4210,0.1638,-11.6572,-0.02659,0.10989,0.09799,0.0,
3101697,1000,1724.0,0.5300,-0.1122,-12.3592,0.02541,0.09889,0.08999,0.0,
3101717,1000,1724.0,0.7240,-0.4882,-11.5482,0.03341,0.11289,0.10299,0.0,
3101737,1000,1724.0,-0.7270,0.3318,-11.8052,-0.03959,-0.01311,0.09299,0.0,
3101757,1000,1724.0,0.0730,-0.5322,-11.1812,0.02241,0.05489,0.09999,0.0,
3101777,1000,1724.0,-0.7550,0.0508,-10.3982,-0.00659,-0.02311,0.09899,0.0,
3101797,1000,1724.0,-0.7530,0.2898,-11.7802,-0.03059,-0.01611,0.10599,0.0,
3101817,1000,1724.0,0.2040,-1.2422,-10.2682,0.07141,-0.00211,0.09799,0.0,
3101837,1000,1724.0,-0.1130,0.3808,-10.9112,-0.03759,0.10889,0.09699,0.0,
3101857,1000,1724.0,-0.6600,-0.1482,-11.4892,0.03641,-0.06211,0.08599,0.0,
3101877,1000,1724.0,-0.4220,-0.4342,-11.4152,0.06941,0.03189,0.08899,0.0,
3101897,1000,1724.0,0.5440,-0.0952,-10.7602,-0.00159,0.08689,0.11299,0.0,
3101917,1000,1724.0,-1.4770,-0.2332,-11.9712,0.07441,-0.11011,0.07899,0.0,
3101937,1000,1724.0,-0.1060,1.8098,-11.6022,-0.18259,0.07589,0.11699,0.0,
3101957,1000,1724.0,0.8360,-0.4502,-11.5692,0.02941,0.14089,0.10699,0.0,
3101977,1000,1724.0,-0.1040,0.1738,-11.4722,-0.05959,0.02289,0.10699,0.0,
3101997,1000,1724.0,-0.7680,0.0198,-12.5742,-0.03659,0.02889,0.10599,0.0,
3102017,1000,1724.0,0.1540,-0.4922,-11.0922,0.02341,0.04089,0.09899,0.0,
3102037,1000,1724.0,0.4350,-0.7272,-12.2572,0.09641,0.09389,0.09399,0.0,
3102057,1000,1724.0,-0.1870,-0.4042,-11.6632,0.02141,0.00689,0.09899,0.0,
3102077,1000,1724.0,0.3520,-0.4982,-11.0162,0.07241,0.04289,0.07799,0.0,
3102097,1000,1724.0,-0.9140,0.3448,-11.8492,-0.03759,-0.01211,0.10499,0.0,
3102117,1000,1724.0,-0.3210,-1.2132,-10.9472,0.08741,0.06989,0.09999,0.0,
3102137,1000,1724.0,-0.4960,-0.2772,-11.0862,0.02941,-0.10011,0.11199,0.0,
3102157,1000,1724.0,0.8210,-1.0502,-10.3972,0.04541,0.14189,0.08699,0.0,
3102177,1000,1724.0,-0.4390,-0.4972,-10.2142,0.03141,0.03089,0.10399,0.0,
3102197,1000,1724.0,-0.0770,-0.3622,-10.9142,-0.00459,0.01789,0.09899,0.0,
3102217,1000,1724.0,0.2960,-0.6222,-10.1782,0.04241,0.12389,0.09499,0.0,
3102237,1000,1724.0,0.2460,1.2308,-11.1142,-0.09259,0.05989,0.10399,0.0,
3102257,1000,1724.0,-0.2890,0.3738,-11.5492,-0.02759,0.00889,0.10599,0.0,
3102277,1000,1724.0,0.1230,-0.0712,-11.6802,0.01841,0.07589,0.10599,0.0,
3102297,1000,1724.0,0.7570,0.6038,-11.7092,-0.03459,0.12289,0.10999,0.0,
3102317,1000,1724.0,-1.2800,0.2108,-11.6022,-0.01759,-0.04511,0.09399,0.0,
3102337,1000,1724.0,-0.0280,0.8508,-12.2002,-0.06159,0.03989,0.09599,0.0,
3102357,1000,1724.0,-0.3550,-0.1572,-11.7002,0.01641,0.01089,0.08899,0.0,
3102377,1000,1724.0,-0.2380,-0.1102,-11.8622,0.00541,0.01889,0.09099,0.0,
3102397,1000,1724.0,-0.2240,0.3768,-12.0722,-0.02959,-0.08711,0.09599,0.0,
3102417,1000,1724.0,-0.1380,0.2858,-11.5242,-0.03859,0.06789,0.07099,0.0,
3102437,1000,1724.0,-0.5360,-0.1132,-11.5552,0.00241,0.05589,0.10699,0.0,
3102457,1000,1724.0,0.7910,-0.2962,-11.6022,0.00341,0.09589,0.10599,0.0,
3102477,1000,1724.0,-0.2890,0.1718,-12.6992,-0.01059,0.00989,0.09699,0.0,
3102497,1000,1724.0,0.6030,0.4098,-10.7312,-0.06859,0.09889,0.14199,0.0,
3102517,1000,1724.0,0.4460,-1.7932,-10.7172,0.12341,0.04789,0.08899,0.0,
3102537,1000,1724.0,0.4140,0.9578,-11.5462,-0.09459,0.10789,0.12099,0.0,
3102557,1000,1724.0,-1.0250,-0.9572,-9.9412,0.07441,-0.05911,0.10799,0.0,
3102577,1000,1724.0,-0.8120,0.2968,-10.9352,-0.03259,-0.07111,0.07699,0.0,
3102597,1000,1724.0,-0.4400,-0.3022,-10.6152,0.00541,0.03489,0.09999,0.0,
3102617,1000,1724.0,-0.0090,-0.3542,-10.8042,0.00141,0.01089,0.09699,0.0,
3102637,1000,1724.0,0.2040,-0.5442,-10.9362,0.03841,0.06589,0.09399,0.0,
3102657,1000,1724.0,0.3120,-0.2612,-11.1942,0.00841,0.07789,0.10799,0.0,
3102677,1000,1724.0,0.8840,-0.9252,-11.6672,0.07241,0.14989,0.11699,0.0,
3102697,1000,1724.0,-0.1520,-0.1532,-11.3742,0.00841,0.11689,0.10199,0.0,
3102717,1000,1724.0,1.4500,-0.4342,-10.7042,0.05341,0.15289,0.11499,0.0,
3102737,1000,1724.0,0.7510,-0.2372,-12.3212,0.02441,0.06889,0.09899,0.0,
3102757,1000,1724.0,1.1450,-1.1232,-10.7582,0.10341,0.17389,0.09799,0.0,
3102777,1000,1724.0,-0.5040,0.5438,-12.5762,-0.02159,0.01289,0.09099,0.0,
3102797,1000,1724.0,-0.1440,0.1538,-11.8482,-0.01659,0.02789,0.07699,0.0,
3102817,1000,1724.0,-0.1420,-0.2522,-10.8762,0.02141,0.03989,0.10399,0.0,
3102837,1000,1724.0,0.3510,0.1188,-11.4192,-0.00559,0.08689,0.09399,0.0,
3102857,1000,1724.0,-1.0130,-0.1882,-10.7762,-0.00359,-0.01611,0.08599,0.0,
3102877,1000,1724.0,-0.6520,-0.0192,-11.6692,0.01141,-0.02711,0.09699,0.0,
3102897,1000,1724.0,-0.0710,-0.4772,-10.5752,0.04041,0.03989,0.09899,0.0,
3102917,1000,1724.0,0.4420,0.1398,-11.0422,-0.01059,0.02789,0.11099,0.0,
3102937,1000,1724.0,-0.2290,-0.3152,-11.7662,0.05541,0.09089,0.09899,0.0,
3102957,1000,1724.0,-0.9900,-0.3272,-11.1752,0.03441,-0.05711,0.09399,0.0,
3102977,1000,1724.0,0.4030,-0.4892,-11.3062,0.04941,0.06089,0.10299,0.0,
3102997,1000,1724.0,-0.7600,-0.4032,-10.8902,0.00641,-0.08711,0.09099,0.0,
3103017,1000,1724.0,-0.0200,0.5028,-12.7802,-0.01759,0.02089,0.10899,0.0,
3103037,1000,1724.0,-0.8580,0.1498,-11.6922,-0.04459,0.03289,0.09999,0.0,
3103057,1000,1724.0,0.2290,-1.2192,-10.7522,0.02441,0.03689,0.09299,0.0,
3103077,1000,1724.0,0.4600,0.6468,-12.0492,-0.05759,0.07089,0.07499,0.0,
3103097,1000,1724.0,0.7370,-0.7922,-10.5772,0.05841,0.10389,0.09499,0.0,
3103117,1000,1724.0,-0.7130,-0.5292,-11.8292,0.04541,-0.08211,0.08199,0.0,
3103137,1000,1724.0,1.5970,0.4218,-11.3772,-0.02459,0.21089,0.09299,0.0,
3103157,1000,1724.0,-0.6510,-0.3712,-12.5612,0.03841,-0.02311,0.11399,0.0,
3103177,1000,1724.0,1.2630,0.1028,-11.4592,-0.01359,0.11689,0.09199,0.0,
3103197,1000,1724.0,0.9680,0.1568,-11.4782,-0.01459,0.12989,0.09399,0.0,
3103217,1000,1724.0,-0.4030,-0.1722,-12.4562,0.03541,0.02189,0.08399,0.0,
3103237,1000,1724.0,0.1340,-0.1582,-10.3482,-0.01759,0.09989,0.09899,0.0,
3103257,1000,1724.0,0.5020,-0.0502,-11.4802,-0.04959,0.10889,0.11499,0.0,
3103277,1000,1724.0,0.4650,-0.4462,-11.5882,0.02341,0.11089,0.08899,0.0,
3103297,1000,1724.0,-0.3870,1.0988,-10.4332,-0.09959,0.05589,0.08799,0.0,
3103317,1000,1724.0,0.3830,-0.1382,-11.3022,-0.00859,0.12689,0.11099,0.0,
3103337,1000,1724.0,-0.2760,0.5858,-11.4622,-0.01759,-0.00311,0.09999,0.0,
3103357,1000,1724.0,0.3930,-0.5592,-10.8022,0.05941,0.08589,0.09799,0.0,
3103377,1000,1724.0,-0.4820,1.6018,-11.2962,-0.11059,0.03689,0.10899,0.0,
3103397,1000,1724.0,0.1140,0.5928,-11.4162,-0.02759,0.05189,0.09599,0.0,
3103417,1000,1724.0,0.0100,-0.8042,-11.7052,0.08741,0.04189,0.09099,0.0,
3103437,1000,1724.0,-0.4850,0.0918,-10.6452,0.02641,0.01789,0.08599,0.0,
3103457,1000,1724.0,-0.2590,0.0978,-11.4882,-0.03959,0.04089,0.11399,0.0,
3103477,1000,1724.0,-1.0570,-0.4372,-11.3242,0.06041,-0.03211,0.09699,0.0,
3103497,1000,1724.0,-0.6440,0.2098,-11.2692,0.00041,-0.02311,0.10599,0.0,
3103517,1000,1724.0,-0.6110,-0.1002,-11.4352,-0.00159,-0.00511,0.08899,0.0,
3103537,1000,1724.0,0.0590,-0.3862,-11.4982,0.03441,0.04689,0.09299,0.0,
3103557,1000,1724.0,-0.1260,0.3608,-11.2122,-0.03859,0.03989,0.10999,0.0,
3103577,1000,1724.0,0.4230,-0.7952,-11.1512,0.06241,0.09089,0.10199,0.0,
3103597,1000,1724.0,-0.6020,-0.3262,-11.7262,0.00941,-0.00011,0.12099,0.0,
3103617,1000,1724.0,-0.7170,-1.0442,-10.7972,0.07441,-0.04011,0.09099,0.0,
3103637,1000,1724.0,0.1030,-0.0242,-11.0962,0.02141,0.09689,0.10899,0.0,
3103657,1000,1724.0,-0.2190,-0.9842,-12.2012,0.05141,0.00489,0.11299,0.0,
3103677,1000,1724.0,0.0700,0.6298,-10.7592,-0.05559,0.08689,0.10499,0.0,
3103697,1000,1724.0,-0.1100,-1.2862,-12.3642,0.11041,0.03289,0.12799,0.0,
3103717,1000,1724.0,-0.0160,0.2458,-11.4082,-0.01659,-0.01011,0.09599,0.0,
3103737,1000,1724.0,0.4910,-0.4732,-11.5592,0.03641,0.10089,0.10599,0.0,
3103757,1000,1724.0,0.2650,0.1878,-11.9672,-0.00659,0.01189,0.10499,0.0,
3103777,1000,1724.0,0.8500,-0.8562,-10.6732,0.05241,0.06589,0.06199,0.0,
3103797,1000,1724.0,0.2150,0.1768,-11.7952,-0.06459,0.06089,0.11099,0.0,
3103817,1000,1724.0,-0.7720,-0.8252,-11.8482,0.05941,-0.03211,0.08499,0.0,
3103837,1000,1724.0,-0.5680,-0.2762,-11.3092,0.00841,-0.00511,0.08599,0.0,
3103857,1000,1724.0,0.1780,-0.7832,-11.8382,0.02541,0.07189,0.09799,0.0,
3103877,1000,1724.0,-0.7230,-0.3292,-11.9872,0.01741,-0.02511,0.09899,0.0,
3103897,1000,1724.0,0.0980,0.2788,-11.7212,-0.04059,0.10689,0.10899,0.0,
3103917,1000,1724.0,0.7060,-0.1312,-10.9982,-0.05259,0.07789,0.11799,0.0,
3103937,1000,1724.0,-0.3130,0.0068,-11.8392,0.03541,-0.01611,0.10799,0.0,
3103957,1000,1724.0,0.5710,0.0588,-11.6272,0.00741,0.07589,0.11699,0.0,
3103977,1000,1724.0,0.6640,0.0488,-10.7932,0.02241,0.10989,0.10299,0.0,
3103997,1000,1724.0,1.1360,-0.7612,-11.9232,0.04841,0.13989,0.08999,0.0,
3104017,1000,1724.0,-0.2670,-0.2632,-11.3002,0.04141,0.02089,0.10599,0.0,
3104037,1000,1724.0,-1.0040,-0.4152,-11.1872,0.03641,-0.01711,0.08599,0.0,
3104057,1000,1724.0,-0.1390,-0.2382,-10.9392,-0.01259,0.06189,0.08799,0.0,
3104077,1000,1724.0,-1.4600,0.2368,-11.9912,-0.00459,-0.07811,0.08099,0.0,
3104097,1000,1724.0,-1.3180,-0.1332,-10.9082,-0.00459,-0.05011,0.08799,0.0,
3104117,1000,1724.0,-0.1400,-0.0702,-10.8902,0.00441,0.00089,0.09499,0.0,
3104137,1000,1724.0,-0.7310,0.4078,-10.7942,-0.03059,-0.02411,0.08999,0.0,
3104157,1000,1724.0,-0.7580,0.8958,-11.0522,-0.06159,-0.04211,0.07499,0.0,
3104177,1000,1724.0,-0.2820,0.3908,-11.2542,0.00841,0.00989,0.10299,0.0,
3104197,1000,1724.0,-0.2930,-0.9942,-11.9622,0.08641,-0.03311,0.11199,0.0,
3104217,1000,1724.0,0.5140,0.8878,-10.2632,-0.04059,0.10089,0.10699,0.0,
3104237,1000,1724.0,0.8870,-0.1682,-11.3442,0.01641,0.15689,0.10799,0.0,
3104257,1000,1724.0,0.0190,0.2388,-11.5332,-0.04359,0.03589,0.10399,0.0,
3104277,1000,1724.0,0.3730,-0.4902,-10.9292,0.02041,0.13889,0.10799,0.0,
3104297,1000,1724.0,-0.0640,-0.5102,-12.4152,0.02941,0.08089,0.11399,0.0,
3104317,1000,1724.0,-0.6710,-0.0122,-11.1232,-0.00659,0.00589,0.10499,0.0,
3104337,1000,1724.0,-0.3110,0.0048,-11.5952,-0.02259,0.07089,0.10899,0.0,
3104357,1000,1724.0,-0.9580,0.0298,-11.9352,-0.02559,-0.03811,0.11299,0.0,
3104377,1000,1724.0,1.5230,0.6858,-10.3092,-0.08359,0.17989,0.09499,0.0,
3104397,1000,1724.0,-0.7190,0.0568,-11.3942,-0.02159,-0.00511,0.10999,0.0,
3104417,1000,1724.0,0.0630,-0.5402,-11.6042,0.04441,0.05289,0.10099,0.0,
3104437,1000,1724.0,0.5920,-0.5812,-11.8042,0.07341,0.11489,0.11299,0.0,
3104457,1000,1724.0,0.4040,-1.2212,-11.1882,0.09141,0.08789,0.09399,0.0,
3104477,1000,1724.0,-1.1030,0.2788,-11.9872,-0.02659,-0.04511,0.09899,0.0,
3104497,1000,1724.0,0.7170,-0.2762,-11.6502,0.01141,0.13089,0.11199,0.0,
3104517,1000,1724.0,0.0960,1.3728,-11.8212,-0.10459,0.03789,0.10399,0.0,
3104537,1000,1724.0,-0.3510,-0.4572,-11.4902,0.03641,-0.00411,0.10399,0.0,
3104557,1000,1724.0,-0.8170,0.3308,-11.0592,-0.04159,-0.04311,0.12199,0.0,
3104577,1000,1724.0,-0.7030,-0.4312,-11.0952,0.06341,-0.01811,0.07699,0.0,
3104597,1000,1724.0,0.9530,-0.7882,-10.7892,0.02341,0.11289,0.09499,0.0,
3104617,1000,1724.0,-1.9300,-0.1112,-11.6092,-0.00259,-0.15111,0.08499,0.0,
3104637,1000,1724.0,0.3750,-0.8562,-11.1192,0.02741,0.08189,0.08999,0.0,
3104657,1000,1724.0,0.9090,-1.2252,-10.7952,0.08841,0.06089,0.09999,0.0,
3104677,1000,1724.0,-0.8470,-1.7922,-12.3862,0.12041,0.01989,0.09899,0.0,
3104697,1000,1724.0,-0.8830,-1.1702,-11.2032,0.09841,-0.01611,0.09299,0.0,
3104717,1000,1724.0,-0.1770,0.7548,-11.0632,-0.07759,0.01889,0.11399,0.0,
3104737,1000,1724.0,-0.0570,0.1598,-12.0062,-0.00259,-0.00711,0.09199,0.0,
3104757,1000,1724.0,0.1050,-0.3682,-10.5832,0.00141,0.03489,0.11999,0.0,
3104777,1000,1724.0,-0.2790,0.7598,-11.5082,-0.02959,-0.02811,0.07799,0.0,
3104797,1000,1724.0,0.3870,-1.0882,-11.1962,0.10441,0.02889,0.08899,0.0,
3104817,1000,1724.0,-0.6870,0.5028,-10.7582,-0.00259,-0.06811,0.08199,0.0,
3104837,1000,1724.0,0.5910,0.0028,-11.5582,0.00541,0.08589,0.08699,0.0,
3104857,1000,1724.0,0.1490,0.2098,-10.6672,-0.04159,0.01889,0.07599,0.0,
3104877,1000,1724.0,0.2090,-0.5522,-11.1032,0.02641,0.05689,0.07999,0.0,
3104897,1000,1724.0,0.0550,-1.0342,-11.5172,0.06941,0.07689,0.11499,0.0,
3104917,1000,1724.0,0.0370,0.3138,-12.4042,-0.03059,0.06989,0.15199,0.0,
3104937,1000,1724.0,0.5510,-0.4132,-12.0572,-0.00159,0.11689,0.13899,0.0,
3104957,1000,1724.0,-1.5320,-0.5752,-13.2062,0.04241,-0.02911,0.14099,0.0,
3104977,1000,1724.0,1.5920,-0.2192,-10.9502,0.02541,0.14489,0.14199,0.0,
3104997,1000,1724.0,-0.4780,0.5718,-12.6512,-0.05459,-0.00211,0.12999,0.0,
3105017,1000,1724.0,0.7070,-0.3722,-12.4612,0.04041,0.13789,0.13699,0.0,
3105037,1000,1724.0,0.5620,-0.4842,-13.3622,0.07441,0.11489,0.11299,0.0,
3105057,1000,1724.0,0.0660,0.1018,-12.3592,-0.04659,0.06589,0.13599,0.0,
3105077,1000,1724.0,0.3600,-0.8172,-13.5582,0.06141,0.06989,0.13099,0.0,
3105097,1000,1724.0,0.4620,-0.7712,-11.8412,0.08541,0.10689,0.13599,0.0,
3105117,1000,1724.0,-0.2450,1.0318,-14.7452,-0.06559,0.04089,0.12199,0.0,
3105137,1000,1724.0,0.3180,-1.0302,-12.0012,0.07041,0.07089,0.11599,0.0,
3105157,1000,1724.0,-0.6350,0.5228,-13.5782,-0.03859,0.01189,0.14399,0.0,
3105177,1000,1724.0,0.1320,-0.2402,-12.3752,0.04641,0.06189,0.11599,0.0,
3105197,1000,1724.0,0.3870,0.2518,-12.3052,-0.04859,0.10989,0.13299,0.0,
3105217,1000,1724.0,0.0680,-0.8572,-13.3042,0.08541,0.03789,0.12499,0.0,
3105237,1000,1724.0,-0.4860,-0.1362,-12.5742,-0.00159,0.02189,0.11599,0.0,
3105257,1000,1724.0,1.0740,-0.8792,-12.8002,0.08241,0.13089,0.12999,0.0,
3105277,1000,1724.0,-0.4010,0.8118,-13.8242,-0.04959,0.00289,0.09899,0.0,
3105297,1000,1724.0,-0.1880,-0.1072,-12.8112,-0.01559,0.04089,0.14599,0.0,
3105317,1000,1724.0,0.2860,-0.0762,-12.6752,0.02841,0.06489,0.10399,0.0,
3105337,1000,1724.0,-1.3380,-0.1382,-13.4512,-0.03059,-0.08011,0.13399,0.0,
3105357,1000,1724.0,0.8480,0.2368,-12.4262,-0.03559,0.09789,0.12299,0.0,
3105377,1000,1724.0,-1.3550,0.1658,-13.3612,0.00341,0.00989,0.12799,0.0,
3105397,1000,1724.0,0.6800,-0.1262,-12.6362,-0.01859,0.06689,0.11599,0.0,
3105417,1000,1724.0,-0.0170,0.1818,-13.8712,-0.00159,0.06289,0.12299,0.0,
3105437,1000,1724.0,0.2950,0.0068,-12.4012,-0.01559,0.08189,0.12699,0.0,
3105457,1000,1724.0,-0.2630,0.1688,-13.9302,-0.00059,0.00989,0.09799,0.0,
3105477,1000,1724.0,1.2500,-0.3232,-12.0532,-0.01659,0.13189,0.14199,0.0,
3105497,1000,1724.0,-0.6450,0.3248,-12.4642,0.00241,0.01589,0.12099,0.0,
3105517,1000,1724.0,1.1120,-0.8782,-13.0672,0.05641,0.12389,0.09999,0.0,
3105537,1000,1724.0,-0.8560,-0.0232,-12.5372,-0.02459,0.00289,0.13399,0.0,
3105557,1000,1724.0,0.4820,-0.1762,-13.6092,0.02141,0.07489,0.11999,0.0,
3105577,1000,1724.0,-0.0730,-0.0382,-11.9772,0.00241,0.07389,0.12099,0.0,
3105597,1000,1724.0,0.3500,0.2198,-13.8002,-0.02759,0.08189,0.11199,0.0,
3105617,1000,1724.0,0.2820,0.1028,-12.1622,-0.00959,0.08389,0.12799,0.0,
3105637,1000,1724.0,0.2860,-0.2742,-13.0712,-0.01259,0.09489,0.11299,0.0,
3105657,1000,1724.0,0.1490,0.9118,-12.0742,-0.08859,0.07489,0.13199,0.0,
3105677,1000,1724.0,-0.5600,-0.7212,-13.6202,0.05241,-0.01611,0.11299,0.0,
3105697,1000,1724.0,0.0600,0.0578,-12.2012,-0.01059,0.08889,0.14599,0.0,
3105717,1000,1724.0,0.3130,0.3158,-12.6752,-0.04859,0.09689,0.12599,0.0,
3105737,1000,1724.0,-0.1830,-0.3102,-12.7562,0.01641,0.02289,0.11899,0.0,
3105757,1000,1724.0,-0.0010,0.9978,-13.2292,-0.06759,0.07889,0.12199,0.0,
3105777,1000,1724.0,0.0720,-1.2582,-12.2542,0.07441,0.06089,0.13199,0.0,
3105797,1000,1724.0,-0.5350,0.3838,-13.6422,-0.04859,0.04689,0.11699,0.0,
3105817,1000,1724.0,0.6730,-0.6032,-11.8792,0.03441,0.08389,0.13699,0.0,
3105837,1000,1724.0,-0.1700,0.2258,-13.1882,-0.02359,0.04389,0.10499,0.0,
3105857,1000,1724.0,-0.1280,0.5338,-12.9062,-0.04959,0.04889,0.13699,0.0,
3105877,1000,1724.0,0.5630,-0.7242,-12.2822,0.07041,0.08289,0.12399,0.0,
3105897,1000,1724.0,-0.7360,0.0318,-12.8942,-0.00559,-0.02611,0.12499,0.0,
3105917,1000,1724.0,0.3630,-0.3662,-12.1162,0.02141,0.08489,0.12899,0.0,
3105937,1000,1724.0,-0.7950,0.0678,-13.4402,-0.01859,0.01189,0.12799,0.0,
3105957,1000,1724.0,0.3030,0.0818,-13.8712,0.00241,0.06489,0.12799,0.0,
3105977,1000,1724.0,0.3270,-0.9492,-12.5972,0.07841,0.09089,0.13399,0.0,
3105997,1000,1724.0,-1.4650,-0.1032,-13.0132,0.01341,-0.10311,0.12499,0.0,
3106017,1000,1724.0,-0.9270,-0.4142,-14.2942,0.05041,-0.03311,0.11999,0.0,
3106037,1000,1724.0,0.4860,0.1538,-12.0002,-0.03659,0.10589,0.13399,0.0,
3106057,1000,1724.0,-1.0980,-0.0352,-13.6152,0.02641,-0.07211,0.11099,0.0,
3106077,1000,1724.0,-1.3360,-0.9842,-12.7202,0.06141,-0.07311,0.13199,0.0,
3106097,1000,1724.0,1.9780,-0.5692,-12.6152,0.04141,0.18589,0.13399,0.0,
3106117,1000,1724.0,-1.1670,0.1388,-13.4172,0.00741,-0.00211,0.10399,0.0,
3106137,1000,1724.0,-0.1790,0.2948,-13.1332,-0.03859,0.01989,0.14299,0.0,
3106157,1000,1724.0,0.3540,-0.9412,-12.3992,0.07241,0.10389,0.14199,0.0,
3106177,1000,1724.0,-1.0450,0.5318,-13.2502,-0.08559,-0.02811,0.12199,0.0,
3106197,1000,1724.0,1.3890,-0.6392,-11.9652,0.06541,0.15789,0.13299,0.0,
3106217,1000,1724.0,-1.2540,-0.5182,-12.7032,0.06041,-0.03111,0.12599,0.0,
3106237,1000,1724.0,0.5830,0.5028,-13.2212,-0.06659,0.09389,0.12599,0.0,
3106257,1000,1724.0,0.3690,-0.9402,-12.2542,0.08641,0.08889,0.12299,0.0,
3106277,1000,1724.0,-0.6520,0.7278,-13.2042,-0.06259,-0.03811,0.12199,0.0,
3106297,1000,1724.0,0.8360,0.0538,-12.1002,-0.02059,0.15289,0.11399,0.0,
3106317,1000,1724.0,0.5150,-1.1782,-13.3492,0.08841,0.07989,0.12599,0.0,
3106337,1000,1724.0,-0.8960,-0.3902,-12.6852,0.05641,-0.01611,0.12599,0.0,
3106357,1000,1724.0,2.2470,-1.4332,-13.0622,0.09541,0.24389,0.12499,0.0,
3106377,1000,1724.0,-0.8210,0.6458,-12.2412,-0.06659,-0.00111,0.12799,0.0,
3106397,1000,1724.0,-0.6680,-0.1392,-12.8082,0.02041,0.07989,0.14999,0.0,
3106417,1000,1724.0,1.4020,-0.0742,-11.7942,-0.02459,0.10689,0.10599,0.0,
3106437,1000,1724.0,0.3940,-0.1192,-12.9482,0.00741,0.09089,0.13799,0.0,
3106457,1000,1724.0,-0.7440,-0.2002,-12.2722,0.04141,-0.00211,0.11199,0.0,
3106477,1000,1724.0,-0.0830,0.7408,-13.0292,-0.07259,0.13989,0.14899,0.0,
3106497,1000,1724.0,0.2890,0.5718,-11.9862,-0.01959,-0.00111,0.12899,0.0,
3106517,1000,1724.0,-0.4770,-0.4282,-13.7982,-0.00259,0.02189,0.13599,0.0,
3106537,1000,1724.0,0.1130,0.0938,-11.7122,0.00241,0.07889,0.10399,0.0,
3106557,1000,1724.0,-0.6800,-0.3192,-13.6512,0.05641,-0.01011,0.13099,0.0,
3106577,1000,1724.0,0.9870,0.4668,-12.8472,-0.04859,0.12589,0.12499,0.0,
3106597,1000,1724.0,-1.2400,0.3078,-12.9442,-0.02959,-0.04211,0.13799,0.0,
3106617,1000,1724.0,1.0650,-0.0962,-12.3952,-0.00059,0.12989,0.13299,0.0,
3106637,1000,1724.0,-0.1440,-0.0052,-12.1232,0.00941,0.06889,0.09599,0.0,
3106657,1000,1724.0,-0.2340,0.0968,-13.9882,-0.01159,0.00989,0.14199,0.0,
3106677,1000,1724.0,-0.4830,-0.2302,-11.9902,0.01841,0.01689,0.12099,0.0,
3106697,1000,1724.0,0.2340,0.3418,-13.2512,-0.03259,0.06189,0.12699,0.0,
3106717,1000,1724.0,-0.2120,0.4598,-12.6312,-0.03859,0.03289,0.14699,0.0,
3106737,1000,1724.0,-0.5510,-0.7412,-13.1212,0.06241,0.02389,0.09899,0.0,
3106757,1000,1724.0,0.0130,0.9998,-12.7972,-0.07059,0.02489,0.11999,0.0,
3106777,1000,1724.0,-1.2400,-0.4482,-14.3992,0.01941,-0.07311,0.10899,0.0,
3106797,1000,1724.0,-0.2940,0.2728,-12.8842,0.00041,0.03289,0.12499,0.0,
3106817,1000,1724.0,1.2850,0.8158,-12.7162,-0.11659,0.16889,0.14299,0.0,
3106837,1000,1724.0,-0.2260,-0.7992,-12.2892,0.06441,0.03289,0.10899,0.0,
3106857,1000,1724.0,-0.4870,-0.4882,-12.9242,0.03441,-0.00411,0.14199,0.0,
3106877,1000,1724.0,0.2610,-0.3562,-12.5592,0.00441,0.10589,0.10899,0.0,
3106897,1000,1724.0,-0.6240,0.8668,-13.8222,-0.06259,-0.00411,0.12599,0.0,
3106917,1000,1724.0,1.1670,0.5078,-12.4192,-0.05859,0.16189,0.13999,0.0,
3106937,1000,1724.0,-0.6640,-0.2902,-13.3252,0.04441,-0.01011,0.10799,0.0,
3106957,1000,1724.0,0.0360,0.4368,-12.6692,-0.03859,0.03289,0.12499,0.0,
3106977,1000,1724.0,0.3480,0.0088,-12.4552,0.01041,0.10589,0.11199,0.0,
3106997,1000,1724.0,-0.0060,0.1828,-12.1412,-0.02759,0.04089,0.11899,0.0,
3107017,1000,1724.0,0.3550,-0.4712,-12.4152,0.00841,0.09889,0.15499,0.0,
3107037,1000,1724.0,0.0280,-0.4842,-13.0892,0.06341,0.07289,0.11999,0.0,
3107057,1000,1724.0,-0.0970,0.6498,-12.6832,-0.07359,0.07889,0.14899,0.0,
3107077,1000,1724.0,1.0120,-0.1802,-11.7832,0.02541,0.16489,0.10499,0.0,
3107097,1000,1724.0,-1.1450,-0.4952,-12.6982,0.05241,-0.03411,0.14099,0.0,
3107117,1000,1724.0,0.3880,-0.3742,-13.3202,-0.00359,0.07589,0.12299,0.0,
3107137,1000,1724.0,0.0810,0.4548,-11.9392,-0.01359,0.08389,0.11199,0.0,
3107157,1000,1724.0,0.2800,-0.5302,-13.2512,0.02541,0.11789,0.12999,0.0,
3107177,1000,1724.0,-0.9750,-1.0212,-12.4932,0.11741,-0.07111,0.10699,0.0,
3107197,1000,1724.0,0.2370,0.2608,-13.6722,-0.02859,0.11989,0.13499,0.0,
3107217,1000,1724.0,0.0680,0.0128,-12.4332,0.02041,0.04189,0.11499,0.0,
3107237,1000,1724.0,-0.3800,0.3178,-13.3262,0.01741,-0.00711,0.12599,0.0,
3107257,1000,1724.0,-0.0720,-0.4922,-11.9972,-0.01859,0.04689,0.13399,0.0,
3107277,1000,1724.0,-0.4880,0.4908,-13.5612,-0.00759,0.01189,0.10599,0.0,
3107297,1000,1724.0,-0.6260,-0.5542,-11.8022,0.02941,0.01089,0.13999,0.0,
3107317,1000,1724.0,0.5850,0.2298,-13.4162,0.01041,0.01889,0.11799,0.0,
3107337,1000,1724.0,-0.7380,-0.0042,-12.4252,-0.02659,0.05989,0.12699,0.0,
3107357,1000,1724.0,-0.6280,-0.7592,-12.9752,0.06941,0.01889,0.12999,0.0,
3107377,1000,1724.0,-1.1840,0.8328,-14.6532,-0.08259,-0.09911,0.12999,0.0,
3107397,1000,1724.0,0.8400,-0.5312,-12.6742,0.05141,0.10989,0.10799,0.0,
3107417,1000,1724.0,0.0140,-0.7652,-11.9492,0.04341,0.09789,0.13799,0.0,
3107437,1000,1724.0,-0.9990,0.4738,-13.7492,-0.04159,-0.07211,0.12299,0.0,
3107457,1000,1724.0,0.0500,-0.5382,-12.4262,0.02241,0.08089,0.10999,0.0,
3107477,1000,1724.0,0.2910,0.0078,-12.6862,0.00941,0.06889,0.12999,0.0,
3107497,1000,1724.0,0.1100,-0.3872,-12.6072,0.01041,0.05289,0.12499,0.0,
3107517,1000,1724.0,0.0090,0.8528,-13.0752,-0.08759,0.01689,0.11299,0.0,
3107537,1000,1724.0,0.4520,-0.2352,-13.0672,0.03841,0.11389,0.11899,0.0,
3107557,1000,1724.0,-0.6290,-0.7212,-12.1862,0.03941,-0.01911,0.11099,0.0,
3107577,1000,1724.0,0.6890,0.3148,-13.3152,-0.02059,0.10289,0.13099,0.0,
3107597,1000,1724.0,-0.2030,-0.7062,-12.3152,0.00241,0.04389,0.13599,0.0,
3107617,1000,1724.0,0.9530,0.8608,-13.5932,-0.05859,0.24989,0.09799,0.0,
3107637,1000,1724.0,1.0380,-0.4712,-11.9412,-0.01059,0.11189,0.13099,0.0,
3107657,1000,1724.0,-0.4330,-0.0122,-13.1242,0.01441,-0.03311,0.10399,0.0,
3107677,1000,1724.0,-0.2390,-0.1332,-10.5622,-0.00059,0.06589,0.13099,0.0,
3107697,1000,1724.0,0.5980,1.4498,-12.8952,-0.13059,0.10089,0.10999,0.0,
3107717,1000,1724.0,0.3390,-0.4732,-12.7302,0.02341,0.06089,0.14999,0.0,
3107737,1000,1724.0,0.3160,0.1118,-13.1042,-0.01659,0.09189,0.11499,0.0,
3107757,1000,1724.0,0.2800,-0.4912,-12.7442,0.00541,0.11289,0.14199,0.0,
3107777,1000,1724.0,-0.4450,0.3188,-13.6832,-0.01859,-0.00211,0.09799,0.0,
3107797,1000,1724.0,0.0480,-0.5862,-11.4232,0.04241,0.08289,0.14599,0.0,
3107817,1000,1724.0,-0.1930,1.0578,-14.5112,-0.07259,-0.00311,0.11599,0.0,
3107837,1000,1724.0,0.7780,-0.6812,-11.8482,0.05141,0.08089,0.13899,0.0,
3107857,1000,1724.0,-1.2260,0.2788,-13.4362,-0.02159,-0.01111,0.11599,0.0,
3107877,1000,1724.0,-0.2680,-0.7102,-12.3772,0.05541,0.01689,0.10499,0.0,
3107897,1000,1724.0,-0.4910,0.2018,-13.3372,-0.02659,0.02189,0.13799,0.0,
3107917,1000,1724.0,-0.1630,-0.5002,-12.5442,0.02341,-0.04811,0.11199,0.0,
3107937,1000,1724.0,-0.7760,0.5818,-13.0742,-0.03059,-0.03211,0.14399,0.0,
3107957,1000,1724.0,0.0050,-0.8642,-12.1862,0.03441,0.08389,0.10999,0.0,
3107977,1000,1724.0,-1.5970,0.2408,-14.1512,-0.01959,-0.05711,0.15199,0.0,
3107997,1000,1724.0,0.4050,-0.3942,-12.2402,0.03141,0.04089,0.11099,0.0,
3108017,1000,1724.0,-0.2600,0.2058,-12.9682,-0.01159,0.07789,0.12499,0.0,
3108037,1000,1724.0,0.1460,-0.7432,-12.5582,0.02941,-0.00311,0.12699,0.0,
3108057,1000,1724.0,0.1120,0.1578,-13.7652,-0.00259,0.09289,0.12799,0.0,
3108077,1000,1724.0,-0.3020,0.3068,-12.5832,-0.04059,-0.00011,0.12099,0.0,
3108097,1000,1724.0,0.5800,-0.8952,-12.3302,0.07041,0.09389,0.11999,0.0,
3108117,1000,1724.0,-0.8820,0.3838,-11.8552,-0.02259,-0.03211,0.13299,0.0,
3108137,1000,1724.0,0.4580,-0.0612,-12.4622,-0.03259,0.09289,0.12999,0.0,
3108157,1000,1724.0,-0.4880,-0.0522,-13.0062,0.01441,0.01789,0.13399,0.0,
3108177,1000,1724.0,0.1400,-0.1812,-12.3292,0.02041,0.06189,0.11699,0.0,
3108197,1000,1724.0,-0.3210,0.1578,-13.1802,-0.04559,0.03989,0.13499,0.0,
3108217,1000,1724.0,1.9160,-0.1922,-12.2582,0.01841,0.25089,0.12399,0.0,
3108237,1000,1724.0,-1.3000,-0.5842,-13.0542,0.01741,0.00189,0.13299,0.0,
3108257,1000,1724.0,0.3680,0.1658,-12.6412,-0.00559,-0.00311,0.10399,0.0,
3108277,1000,1724.0,-0.4440,-0.6522,-12.1102,0.02941,0.07389,0.14599,0.0,
3108297,1000,1724.0,0.5710,-0.7422,-12.7512,0.05441,0.10889,0.11499,0.0,
3108317,1000,1724.0,-0.4340,0.0488,-13.5652,-0.01059,-0.00711,0.12199,0.0,
3108337,1000,1724.0,0.0010,-0.2072,-11.2342,0.02341,0.05489,0.11399,0.0,
3108357,1000,1724.0,-0.1410,0.6248,-13.3032,-0.05059,0.06589,0.12499,0.0,
3108377,1000,1724.0,0.2400,-0.4332,-12.0462,0.01141,0.02689,0.10199,0.0,
3108397,1000,1724.0,-0.6670,-0.3042,-13.2562,0.02041,0.01689,0.13699,0.0,
3108417,1000,1724.0,0.4370,0.1228,-12.3892,-0.02159,0.07289,0.10799,0.0,
3108437,1000,1724.0,-0.5860,-0.3892,-13.4102,0.01841,-0.02111,0.14499,0.0,
3108457,1000,1724.0,-0.5230,0.3108,-12.3432,-0.05859,0.03689,0.12599,0.0,
3108477,1000,1724.0,1.2160,0.4078,-12.9792,-0.03959,0.12489,0.13299,0.0,
3108497,1000,1724.0,-1.2380,-0.5222,-12.8162,0.03341,-0.02911,0.11699,0.0,
3108517,1000,1724.0,-0.6180,-0.2812,-13.3662,0.01341,-0.06511,0.11399,0.0,
3108537,1000,1724.0,-0.7320,0.2478,-12.7372,-0.03859,-0.02111,0.12499,0.0,
3108557,1000,1724.0,-0.6090,0.3878,-12.6292,-0.06659,0.02289,0.13699,0.0,
3108577,1000,1724.0,1.0340,-0.1682,-12.1512,-0.00759,0.09289,0.13799,0.0,
3108597,1000,1724.0,0.3630,0.5668,-13.2392,-0.06359,0.09089,0.09699,0.0,
3108617,1000,1724.0,-0.1850,-0.6582,-12.4972,0.06441,0.03189,0.12699,0.0,
3108637,1000,1724.0,1.3580,-0.4872,-12.6232,0.03541,0.17789,0.13199,0.0,
3108657,1000,1724.0,0.3990,0.0118,-12.3232,-0.03759,0.07589,0.10699,0.0,
3108677,1000,1724.0,0.4040,0.9458,-12.7182,-0.05259,0.17689,0.12199,0.0,
3108697,1000,1724.0,0.1680,-0.9582,-12.8162,0.06741,-0.02611,0.11799,0.0,
3108717,1000,1724.0,-0.9810,0.2588,-12.2182,-0.03359,-0.00211,0.12599,0.0,
3108737,1000,1724.0,1.1650,-0.9292,-12.6132,0.08041,0.11689,0.11699,0.0,
3108757,1000,1724.0,0.5090,0.5078,-12.4242,-0.05159,0.19689,0.13099,0.0,
3108777,1000,1724.0,0.0290,-0.7992,-12.6772,0.08441,0.02589,0.10699,0.0,
3108797,1000,1724.0,-0.0370,0.1848,-11.0262,-0.05459,0.01689,0.12399,0.0,
3108817,1000,1724.0,-0.4790,-0.7842,-13.0422,0.10141,0.00389,0.09799,0.0,
3108837,1000,1724.0,-1.2180,-0.1872,-12.4942,0.01341,-0.03111,0.14399,0.0,
3108857,1000,1724.0,-0.0650,-0.1142,-13.2472,-0.00359,0.05289,0.11799,0.0,
3108877,1000,1724.0,-0.9300,0.5828,-12.0722,-0.05659,-0.00311,0.14699,0.0,
3108897,1000,1724.0,0.4910,-1.1642,-13.0462,0.09441,0.07489,0.11899,0.0,
3108917,1000,1724.0,-0.2930,0.4658,-10.9632,-0.04659,0.02589,0.05099,0.0,
3108937,1000,1724.0,-1.7190,-0.5162,-12.5462,0.04841,-0.13811,0.06599,0.0,
3108957,1000,1724.0,0.4670,-0.3772,-11.5972,0.00241,0.06089,0.02999,0.0,
3108977,1000,1724.0,-0.1320,-0.0202,-8.9742,0.00641,-0.00911,-0.00701,0.0,
3108997,1000,1724.0,-0.5230,-0.5122,-9.3952,0.02641,-0.01611,0.04899,0.0,
3109017,1000,1724.0,0.1460,0.5178,-8.8202,-0.05759,0.02689,0.00199,0.0,
3109037,1000,1724.0,0.0970,-0.5422,-8.5472,0.04641,0.04789,-0.00001,0.0,
3109057,1000,1724.0,0.5740,0.6898,-8.5342,-0.08859,0.10689,-0.00501,0.0,
3109077,1000,1724.0,0.2990,-0.0622,-6.8192,-0.00659,0.02089,-0.01601,0.0,
3109097,1000,1724.0,-0.9150,-0.6752,-6.7022,0.03141,-0.07411,-0.02201,0.0,
3109117,1000,1724.0,0.9260,0.0098,-6.9342,-0.03659,0.17389,0.00399,0.0,
3109137,1000,1724.0,0.5110,-1.4592,-6.3692,0.15241,0.07389,0.01299,0.0,
3109157,1000,1724.0,-2.1220,-1.2882,-6.7182,0.05441,-0.22911,-0.01501,0.0,
3109177,1000,1724.0,-1.3900,1.1768,-5.8892,-0.04459,-0.07811,-0.06101,0.0,
3109197,1000,1724.0,-1.7720,-0.5912,-5.8932,0.04641,-0.11811,-0.02501,0.0,
3109217,1000,1724.0,-0.5700,0.4268,-5.2972,-0.03659,-0.12311,-0.04001,0.0,
3109237,1000,1724.0,-0.9010,-0.0972,-6.2892,0.02641,-0.02011,-0.04701,0.0,
3109257,1000,1724.0,-0.0720,-1.3102,-4.4492,0.11041,-0.01011,-0.03701,0.0,
3109277,1000,1724.0,-1.4410,-0.4492,-5.0802,0.05541,-0.16511,-0.06301,0.0,
3109297,1000,1724.0,0.3870,0.9418,-4.4362,-0.08059,0.11189,-0.05401,0.0,
3109317,1000,1724.0,-0.8410,-0.6262,-4.9252,0.05041,-0.12211,-0.05801,0.0,
3109337,1000,1724.0,-0.4890,-0.4732,-4.1292,0.01341,-0.00811,-0.05001,0.0,
3109357,1000,1724.0,0.6560,-0.0602,-3.3262,-0.01259,0.10189,-0.06001,0.0,
3109377,1000,1724.0,-0.2520,-0.6082,-4.0552,0.06141,-0.05511,-0.05501,0.0,
3109397,1000,1724.0,0.1590,0.0688,-4.5642,-0.00859,0.01389,-0.06001,0.0,
3109417,1000,1724.0,-1.2190,-0.4252,-3.3462,0.02741,-0.07011,-0.05701,0.0,
3109437,1000,1724.0,-0.4100,-0.8442,-4.0162,0.05841,-0.03911,-0.04101,0.0,
3109457,1000,1724.0,-0.3990,0.7948,-3.8382,-0.06459,-0.02611,-0.06101,0.0,
3109477,1000,1724.0,-1.4310,-0.6242,-3.2832,0.06741,-0.17511,-0.05501,0.0,
3109497,1000,1724.0,-0.9690,-0.5582,-3.6492,0.05241,-0.10211,-0.05301,0.0,
3109517,1000,1724.0,-0.2810,-0.4052,-3.8152,0.01641,0.06589,-0.04601,0.0,
3109537,1000,1724.0,-0.2260,0.6338,-2.2622,-0.03159,-0.06111,-0.05101,0.0,
3109557,1000,1724.0,0.7460,-0.3522,-3.4282,0.02641,0.08989,-0.05101,0.0,
3109577,1000,1724.0,1.5270,-0.0992,-2.8502,-0.01059,0.17789,-0.04501,0.0,
3109597,1000,1724.0,-0.4590,0.2888,-2.3172,-0.00659,0.02689,-0.06001,0.0,
3109617,1000,1724.0,0.2330,-0.3292,-2.3602,-0.00659,-0.03611,-0.04901,0.0,
3109637,1000,1724.0,-0.7080,0.1998,-2.6052,-0.01359,-0.00911,-0.04701,0.0,
3109657,1000,1724.0,-1.5490,0.2518,-4.9752,0.01241,-0.14811,-0.05901,0.0,
3109677,1000,1724.0,-0.1920,-0.3022,-3.6892,0.03241,-0.03511,-0.06001,0.0,
3109697,1000,1724.0,-0.4250,0.5068,-3.0812,-0.03659,-0.03111,-0.05701,0.0,
3109717,1000,1724.0,-0.2220,-0.3612,-3.8962,0.02941,-0.06111,-0.04501,0.0,
3109737,1000,1724.0,0.3110,-0.9842,-2.8832,0.09041,-0.00211,-0.07901,0.0,
3109757,1000,1724.0,0.1930,0.5958,-3.7882,-0.04859,0.04989,-0.04101,0.0,
3109777,1000,1724.0,0.9600,-0.1242,-3.3752,-0.01059,0.05789,-0.05001,0.0,
3109797,1000,1724.0,-0.4170,-0.0972,-2.5352,0.01041,0.02589,-0.05501,0.0,
3109817,1000,1724.0,0.4090,-0.2502,-2.4652,0.01141,0.06089,-0.04701,0.0,
3109837,1000,1724.0,0.0100,-0.7232,-3.2742,0.03641,0.04089,-0.05701,0.0,
3109857,1000,1724.0,0.1390,1.4038,-3.0162,-0.11759,0.02989,-0.04901,0.0,
3109877,1000,1724.0,-0.0870,-0.0832,-3.6342,0.03641,0.01789,-0.05201,0.0,
3109897,1000,1724.0,-0.1180,-0.5142,-2.8722,0.06241,-0.12111,-0.05601,0.0,
3109917,1000,1724.0,-0.9950,0.2958,-3.1802,-0.03859,-0.09711,-0.04701,0.0,
3109937,1000,1724.0,-0.7620,-0.0132,-3.6422,0.00041,0.00189,-0.07301,0.0,
3109957,1000,1724.0,-0.0930,0.4148,-3.8272,-0.04759,-0.00211,-0.02601,0.0,
3109977,1000,1724.0,0.1760,-0.7572,-3.1062,0.05841,-0.01711,-0.06201,0.0,
3109997,1000,1724.0,0.0070,-0.2622,-2.3152,0.02441,-0.00611,-0.05101,0.0,
3110017,1000,1724.0,0.9600,-1.3952,-2.2922,0.09241,0.07489,-0.05901,0.0,
3110037,1000,1724.0,-0.1280,1.0278,-3.1152,-0.06959,0.02889,-0.04901,0.0,
3110057,1000,1724.0,-0.9810,-0.6802,-3.0382,0.03541,-0.09211,-0.05701,0.0,
3110077,1000,1724.0,-0.0360,0.5178,-2.0522,-0.02759,0.06589,-0.04901,0.0,
3110097,1000,1724.0,0.8240,0.0098,-3.1532,-0.01059,0.06089,-0.05001,0.0,
3110117,1000,1724.0,-0.6020,-0.8302,-2.5742,0.09141,-0.04711,-0.06001,0.0,
3110137,1000,1724.0,-0.4140,0.3798,-3.4622,-0.03459,-0.02511,-0.04301,0.0,
3110157,1000,1724.0,-0.7050,-0.8152,-3.3542,0.07641,-0.05911,-0.04301,0.0,
3110177,1000,1724.0,-0.0420,-0.0842,-2.4122,0.00141,0.00089,-0.05101,0.0,
3110197,1000,1724.0,-2.2770,-0.3702,-3.9712,0.06141,-0.23911,-0.06001,0.0,
3110217,1000,1724.0,0.0790,-0.3942,-3.8062,0.03941,-0.02611,-0.07001,0.0,
3110237,1000,1724.0,-0.2470,-0.0472,-2.8732,0.02841,0.01389,-0.04201,0.0,
3110257,1000,1724.0,-0.0890,-0.1032,-3.0402,0.00541,-0.06211,-0.08201,0.0,
3110277,1000,1724.0,0.3690,-0.6362,-2.0472,0.04341,0.04489,-0.03901,0.0,
3110297,1000,1724.0,-0.4530,0.9128,-3.3562,-0.05359,-0.03711,-0.05001,0.0,
3110317,1000,1724.0,0.5970,-1.2032,-2.2642,0.08041,0.08089,-0.06901,0.0,
3110337,1000,1724.0,-0.2530,-0.3342,-2.6962,0.00541,0.01789,-0.04701,0.0,
3110357,1000,1724.0,-0.3510,0.3118,-1.5872,-0.01059,0.03889,-0.05101,0.0,
3110377,1000,1724.0,1.3140,0.2968,-2.7642,-0.02959,0.06889,-0.04901,0.0,
3110397,1000,1724.0,-0.1460,-0.7292,-2.2742,0.06941,-0.06111,-0.04501,0.0,
3110417,1000,1724.0,-0.2940,-0.5872,-3.3662,0.07341,0.01689,-0.05301,0.0,
3110437,1000,1724.0,-0.4920,0.0918,-2.5922,-0.02459,-0.03711,-0.03801,0.0,
3110457,1000,1724.0,-0.9520,-0.2052,-3.1872,0.01441,-0.12111,-0.04101,0.0,
3110477,1000,1724.0,-1.2020,-2.0142,-3.0782,0.18141,-0.13711,-0.06001,0.0,
3110497,1000,1724.0,-0.2470,0.2548,-3.4072,-0.03759,-0.01211,-0.04101,0.0,
3110517,1000,1724.0,-0.4320,1.0128,-3.7682,-0.08859,0.01089,-0.03301,0.0,
3110537,1000,1724.0,0.3480,-0.2202,-2.7622,0.03641,-0.02511,-0.07901,0.0,
3110557,1000,1724.0,1.1320,-0.7852,-2.0832,0.05941,0.07689,-0.05601,0.0,
3110577,1000,1724.0,-0.3960,0.3028,-2.9702,-0.05259,0.02989,-0.03501,0.0,
3110597,1000,1724.0,-0.1610,0.8928,-3.4242,-0.07059,-0.02611,-0.05601,0.0,
3110617,1000,1724.0,1.0940,-0.8052,-1.8732,0.08241,0.13789,-0.06701,0.0,
3110637,1000,1724.0,-0.4980,0.3788,-2.9292,-0.02659,-0.02411,-0.05501,0.0,
3110657,1000,1724.0,-0.4400,0.2148,-2.9322,-0.04459,-0.08211,-0.04401,0.0,
3110677,1000,1724.0,-0.8220,-0.4882,-3.5142,-0.00359,-0.04111,-0.04601,0.0,
3110697,1000,1724.0,-0.6190,-0.2012,-3.3692,0.05141,-0.02611,-0.05901,0.0,
3110717,1000,1724.0,-0.5450,0.6988,-3.1422,-0.03959,-0.03211,-0.05401,0.0,
3110737,1000,1724.0,-0.6820,0.0168,-3.4632,0.02041,-0.09511,-0.05101,0.0,
3110757,1000,1724.0,-1.1900,-0.4332,-2.9062,0.03741,-0.12911,-0.03401,0.0,
3110777,1000,1724.0,-0.7820,-0.9022,-2.5732,0.04941,-0.06911,-0.05701,0.0,
3110797,1000,1724.0,-0.4150,-0.1422,-3.5202,0.00541,-0.06711,-0.06201,0.0,
3110817,1000,1724.0,0.9590,-0.0682,-1.6902,0.03341,0.12389,-0.05101,0.0,
3110837,1000,1724.0,0.1720,0.8688,-3.1262,-0.07559,0.04089,-0.03801,0.0,
3110857,1000,1724.0,0.8140,1.1708,-2.1492,-0.13559,0.14089,-0.05101,0.0,
3110877,1000,1724.0,0.6030,-0.4562,-2.7532,0.02041,0.07789,-0.05601,0.0,
3110897,1000,1724.0,-0.8900,-1.7922,-2.5942,0.14141,-0.08711,-0.05801,0.0,
3110917,1000,1724.0,0.9210,-0.9042,-3.0472,0.08441,0.07889,-0.05901,0.0,
3110937,1000,1724.0,-0.1470,-0.0632,-3.0062,-0.02859,-0.04511,-0.03401,0.0,
3110957,1000,1724.0,0.7140,0.0588,-4.1172,-0.02459,0.00189,-0.06001,0.0,
3110977,1000,1724.0,-1.1170,-0.1792,-3.5102,0.02841,-0.07111,-0.03101,0.0,
3110997,1000,1724.0,-0.2350,0.2888,-2.9242,-0.01259,0.01489,-0.06401,0.0,
3111017,1000,1724.0,0.2350,0.5658,-2.7352,-0.02459,0.05089,-0.07001,0.0,
3111037,1000,1724.0,-0.3220,0.3048,-3.1552,0.00641,-0.02311,-0.02801,0.0,
3111057,1000,1724.0,-0.6320,-0.0202,-2.9272,-0.00559,-0.06811,-0.01601,0.0,
3111077,1000,1724.0,-1.0440,0.0868,-3.3622,-0.02059,-0.11311,-0.04201,0.0,
3111097,1000,1724.0,0.5220,-1.2672,-2.1092,0.03941,0.04489,-0.06001,0.0,
3111117,1000,1724.0,-0.6690,-1.3242,-2.5782,0.09141,-0.08811,-0.07801,0.0,
3111137,1000,1724.0,-1.5750,-2.3362,-3.1392,0.21141,-0.14211,-0.06801,0.0,
3111157,1000,1724.0,0.8250,-0.0722,-1.8582,-0.04659,0.12889,-0.02601,0.0,
3111177,1000,1724.0,-0.3200,1.1868,-2.3262,-0.11859,0.00589,-0.03901,0.0,
3111197,1000,1724.0,0.2350,2.0068,-3.1302,-0.14959,0.02689,-0.02001,0.0,
3111217,1000,1724.0,0.1230,0.7878,-2.6552,-0.04059,0.06089,-0.04801,0.0,
3111237,1000,1724.0,0.0480,0.4868,-2.6292,-0.00259,0.02289,-0.05901,0.0,
3111257,1000,1724.0,-1.1660,0.8058,-3.5052,-0.04159,-0.04811,-0.05501,0.0,
3111277,1000,1724.0,-1.3210,0.7748,-3.0982,-0.05359,-0.09811,-0.08101,0.0,
3111297,1000,1724.0,-0.1090,-0.6952,-2.6082,0.03441,-0.00511,-0.05601,0.0,
3111317,1000,1724.0,-1.0700,0.0618,-3.0262,-0.00559,-0.13211,-0.04301,0.0,
3111337,1000,1724.0,-0.1570,-0.5782,-3.5282,0.03541,-0.02011,-0.01301,0.0,
3111357,1000,1724.0,-0.2460,-0.2152,-2.9412,0.00041,-0.07311,-0.04801,0.0,
3111377,1000,1724.0,0.2200,-0.5422,-2.7842,0.02441,-0.02311,-0.04801,0.0,
3111397,1000,1724.0,0.2720,-1.1632,-2.7232,0.08041,0.01989,-0.07801,0.0,
3111417,1000,1724.0,-0.3650,-1.6532,-1.7272,0.12841,-0.02611,-0.05301,0.0,
3111437,1000,1724.0,-1.0990,-0.8412,-3.3242,0.07941,-0.07811,-0.05101,0.0,
3111457,1000,1724.0,-0.5120,-0.2712,-1.8242,-0.01659,-0.03511,-0.05201,0.0,
3111477,1000,1724.0,0.7610,0.1408,-1.8362,-0.07659,0.04789,-0.05301,0.0,
3111497,1000,1724.0,-1.0450,0.5358,-3.5752,-0.06859,-0.08311,-0.04901,0.0,
3111517,1000,1724.0,0.1930,1.1978,-2.3772,-0.08959,-0.01311,-0.05001,0.0,
3111537,1000,1724.0,-0.2260,-1.0182,-3.0732,0.11241,0.01089,-0.03901,0.0,
3111557,1000,1724.0,-0.7480,0.0838,-3.0102,0.05541,-0.05111,-0.06201,0.0,
3111577,1000,1724.0,-0.3480,0.2338,-3.3612,0.00541,-0.05711,-0.06001,0.0,
3111597,1000,1724.0,0.8230,-0.4042,-3.0042,0.04241,0.14489,-0.06401,0.0,
3111617,1000,1724.0,-0.5300,-0.0902,-2.8662,-0.01659,0.01589,-0.04401,0.0,
3111637,1000,1724.0,-0.8000,0.3428,-5.0442,0.00141,-0.06311,-0.05901,0.0,
3111657,1000,1724.0,-0.2940,1.1818,-2.7382,-0.06959,0.00089,-0.02301,0.0,
3111677,1000,1724.0,-0.1560,0.9518,-2.6692,-0.07759,0.04189,-0.03501,0.0,
3111697,1000,1724.0,-1.1300,0.7038,-3.1552,-0.10259,-0.07011,-0.03201,0.0,
3111717,1000,1724.0,0.3610,0.5218,-1.7872,-0.08659,0.05089,-0.05901,0.0,
3111737,1000,1724.0,0.1920,0.9698,-2.9792,-0.12459,0.01889,-0.04401,0.0,
3111757,1000,1724.0,-0.6730,-1.3322,-2.3932,0.08441,-0.02011,-0.07101,0.0,
3111777,1000,1724.0,0.4590,-0.3322,-1.8372,0.02741,0.04789,-0.06001,0.0,
3111797,1000,1724.0,0.0340,-1.2612,-2.3302,0.14641,0.10089,-0.06601,0.0,
3111817,1000,1724.0,-0.2430,-0.0712,-2.0172,-0.00359,-0.03411,-0.05701,0.0,
3111837,1000,1724.0,0.4760,-0.7762,-2.1562,0.02841,0.04289,-0.06001,0.0,
3111857,1000,1724.0,-0.2280,0.1788,-3.2652,-0.01059,-0.04511,-0.04601,0.0,
3111877,1000,1724.0,0.0110,0.4718,-2.1102,-0.02059,-0.05711,-0.03601,0.0,
3111897,1000,1724.0,-0.8050,-0.3382,-2.9922,0.05641,-0.04211,-0.03201,0.0,
3111917,1000,1724.0,-0.7640,-0.1892,-2.5442,0.03441,-0.02711,-0.02301,0.0,
3111937,1000,1724.0,-0.7590,0.1078,-4.2712,-0.01559,-0.09211,-0.04101,0.0,
3111957,1000,1724.0,-0.2280,-0.6532,-3.0202,0.03441,-0.01511,-0.03201,0.0,
3111977,1000,1724.0,0.0920,0.3348,-2.3472,-0.06459,-0.00011,-0.04401,0.0,
3111997,1000,1724.0,-1.3500,-0.5172,-3.2662,0.05341,-0.13611,-0.06101,0.0,
3112017,1000,1724.0,-0.8250,-1.0582,-2.1142,0.04941,-0.01611,-0.05501,0.0,
3112037,1000,1724.0,-0.1450,-1.1912,-2.7082,0.07941,0.03189,-0.05601,0.0,
3112057,1000,1724.0,-0.3710,-1.5512,-2.9352,0.09141,-0.01611,-0.05201,0.0,
3112077,1000,1724.0,0.0660,-0.3802,-2.1162,0.02641,-0.02411,-0.06801,0.0,
3112097,1000,1724.0,0.2870,0.1598,-2.6052,-0.03359,0.05689,-0.05801,0.0,
3112117,1000,1724.0,-0.0700,0.1398,-2.8432,-0.00159,0.01889,-0.05501,0.0,
3112137,1000,1724.0,0.2540,-0.4282,-2.4092,-0.01259,0.05989,-0.06901,0.0,
3112157,1000,1724.0,-0.2140,-0.6682,-3.2582,0.03441,-0.01411,-0.04601,0.0,
3112177,1000,1724.0,0.4960,-0.3152,-2.5052,0.04741,0.06489,-0.04701,0.0,
3112197,1000,1724.0,-1.2150,0.4638,-3.0832,-0.00059,-0.07911,-0.04101,0.0,
3112217,1000,1724.0,0.2180,-0.1402,-2.5382,0.02241,0.07689,-0.01201,0.0,
3112237,1000,1724.0,-0.4610,0.5418,-3.5562,-0.03959,-0.02511,-0.02701,0.0,
3112257,1000,1724.0,-0.8790,0.1258,-3.1222,-0.00159,-0.07211,-0.02401,0.0,
3112277,1000,1724.0,-0.2630,0.6248,-2.2462,-0.04059,-0.00611,-0.03801,0.0,
3112297,1000,1724.0,0.0520,0.9178,-2.9292,-0.07259,0.03089,-0.03401,0.0,
3112317,1000,1724.0,0.2960,0.7078,-2.8462,-0.06459,0.05789,-0.02701,0.0,
3112337,1000,1724.0,0.4690,0.1148,-2.6042,-0.03959,0.03289,-0.04701,0.0,
3112357,1000,1724.0,-0.2110,0.4348,-2.8752,-0.04159,0.04789,-0.02801,0.0,
3112377,1000,1724.0,-0.0140,-0.2142,-2.8512,0.01441,0.03589,-0.03801,0.0,
3112397,1000,1724.0,0.0140,-0.2692,-2.4212,0.01941,0.06589,-0.04301,0.0,
3112417,1000,1724.0,0.1830,-0.4702,-2.8192,0.02841,0.09889,-0.04801,0.0,
3112437,1000,1724.0,0.4670,-0.4362,-2.4222,0.01741,0.01789,-0.07301,0.0,
3112457,1000,1724.0,0.3190,0.5848,-2.5112,-0.06959,0.04289,-0.04301,0.0,
3112477,1000,1724.0,0.8860,-0.1032,-1.8942,0.01441,0.09289,-0.06201,0.0,
3112497,1000,1724.0,-0.0000,-0.3202,-2.5192,0.02941,0.04689,-0.07001,0.0,
3112517,1000,1724.0,-0.2320,0.3898,-3.0242,-0.04359,-0.00911,-0.05401,0.0,
3112537,1000,1724.0,-0.1140,-0.4502,-2.4072,0.08941,-0.06111,-0.06201,0.0,
3112557,1000,1724.0,-1.2830,-0.4062,-2.8722,0.06841,-0.10511,-0.05201,0.0,
3112577,1000,1724.0,0.0020,-0.5722,-2.3342,0.06541,0.00889,-0.03801,0.0,
3112597,1000,1724.0,-0.4240,-0.4442,-2.9592,0.05441,-0.05811,-0.05201,0.0,
3112617,1000,1724.0,-0.7960,-0.6732,-3.6212,0.07541,-0.10711,-0.05101,0.0,
3112637,1000,1724.0,-0.4650,-0.5372,-2.6152,0.08341,-0.10411,-0.05601,0.0,
3112657,1000,1724.0,-0.8300,-0.5832,-2.9062,0.06441,-0.04611,-0.05201,0.0,
3112677,1000,1724.0,-1.2360,-0.2662,-3.8802,-0.00859,-0.12711,-0.06601,0.0,
3112697,1000,1724.0,-0.2490,-0.5012,-3.0572,0.03141,-0.05411,-0.02801,0.0,
3112717,1000,1724.0,0.8620,-0.3092,-2.6522,0.00741,0.10289,-0.05201,0.0,
3112737,1000,1724.0,-0.5640,0.3038,-3.1062,-0.00159,0.01189,-0.04701,0.0,
3112757,1000,1724.0,-0.7100,-0.4582,-2.3512,0.01541,-0.08411,-0.04101,0.0,
3112777,1000,1724.0,0.4730,-0.4732,-3.1062,-0.00259,0.06989,-0.02301,0.0,
3112797,1000,1724.0,-0.3770,-0.1952,-2.7592,0.03441,-0.01111,-0.04001,0.0,
3112817,1000,1724.0,-0.5380,0.3568,-2.9762,-0.02459,-0.02111,-0.04801,0.0,
3112837,1000,1724.0,1.1010,0.6758,-2.4292,-0.08359,0.17089,-0.03801,0.0,
3112857,1000,1724.0,0.0970,0.3398,-3.1702,-0.06859,0.02489,-0.04501,0.0,
3112877,1000,1724.0,0.0170,0.4668,-3.0092,-0.04559,0.01989,-0.05201,0.0,
3112897,1000,1724.0,-1.2600,0.5228,-3.1212,-0.00459,-0.07211,-0.06101,0.0,
3112917,1000,1724.0,-0.1090,0.6838,-2.8022,-0.08259,0.04389,-0.03201,0.0,
3112937,1000,1724.0,-0.8610,0.1708,-2.9032,-0.04459,-0.08611,-0.05101,0.0,
3112957,1000,1724.0,-0.1540,0.3938,-2.3842,-0.01259,-0.03411,-0.04201,0.0,
3112977,1000,1724.0,0.0600,-0.4692,-3.4932,0.03941,0.03989,-0.05501,0.0,
3112997,1000,1724.0,-0.4540,-1.4442,-3.1102,0.09441,-0.02311,-0.03301,0.0,
3113017,1000,1724.0,-0.7440,-0.6532,-2.5452,0.05441,-0.10511,-0.05001,0.0,
3113037,1000,1724.0,0.1280,-0.8192,-2.4782,0.03341,0.03789,-0.04501,0.0,
3113057,1000,1724.0,-0.3100,-0.7132,-2.5712,0.05941,-0.02911,-0.04501,0.0,
3113077,1000,1724.0,1.5280,-1.3222,-2.5512,0.03141,0.15289,-0.03001,0.0,
3113097,1000,1724.0,0.9060,-0.5052,-2.5622,0.01541,0.06589,-0.06701,0.0,
3113117,1000,1724.0,-0.1300,-0.1092,-3.0792,0.02241,-0.00111,-0.04301,0.0,
3113137,1000,1724.0,1.7670,0.2368,-1.5162,-0.08059,0.20189,-0.04201,0.0,
3113157,1000,1724.0,0.2990,-0.5992,-2.8852,0.03941,0.02789,-0.04201,0.0,
3113177,1000,1724.0,0.4040,1.1488,-3.3792,-0.09059,0.01689,-0.06401,0.0,
3113197,1000,1724.0,-0.2120,1.2308,-2.8022,-0.08059,0.02989,-0.03901,0.0,
3113217,1000,1724.0,-0.4430,0.1008,-3.6992,-0.01259,-0.01311,-0.04501,0.0,
3113237,1000,1724.0,-0.8420,0.0818,-3.5432,-0.00359,-0.07811,-0.05201,0.0,
3113257,1000,1724.0,-1.2670,0.3648,-3.1412,0.00941,-0.10411,-0.06801,0.0,
3113277,1000,1724.0,0.0680,-0.1692,-3.3922,0.02641,0.02789,-0.04001,0.0,
3113297,1000,1724.0,0.3100,-0.3602,-3.1452,0.02141,0.02289,-0.05601,0.0,
3113317,1000,1724.0,-0.0550,-0.2592,-3.1832,0.00641,-0.06011,-0.02201,0.0,
3113337,1000,1724.0,0.8060,-0.3192,-2.2162,0.05541,0.01589,-0.06701,0.0,
3113357,1000,1724.0,-0.2360,-0.0962,-2.6322,-0.02259,0.03989,-0.01301,0.0,
3113377,1000,1724.0,0.4920,-0.5192,-2.1982,-0.01059,0.01589,-0.04901,0.0,
3113397,1000,1724.0,0.1580,-0.6802,-3.1282,0.02441,0.01489,-0.03301,0.0,
3113417,1000,1724.0,-0.8710,0.0758,-3.0292,0.05441,-0.11611,-0.06501,0.0,
3113437,1000,1724.0,1.2090,0.0358,-1.6382,-0.04359,0.18789,-0.02901,0.0,
3113457,1000,1724.0,0.4190,-0.5442,-3.0402,0.04341,0.05689,-0.01501,0.0,
3113477,1000,1724.0,-0.2490,-0.3152,-3.4782,0.01341,-0.05011,-0.05601,0.0,
3113497,1000,1724.0,1.0560,0.1088,-2.5542,-0.00859,0.16289,-0.01901,0.0,
3113517,1000,1724.0,-0.2770,-0.0302,-3.4582,0.01741,-0.02711,-0.05701,0.0,
3113537,1000,1724.0,-0.7640,-0.1372,-2.6872,0.02341,-0.06111,-0.02601,0.0,
3113557,1000,1724.0,-1.0240,-0.1212,-3.6412,0.03041,-0.10411,-0.04601,0.0,
3113577,1000,1724.0,0.0770,-0.2562,-3.3952,0.02241,-0.00911,-0.04401,0.0,
3113597,1000,1724.0,-0.1960,-0.4222,-2.6372,0.02441,-0.01711,-0.03601,0.0,
3113617,1000,1724.0,-0.3780,-0.8752,-3.8822,0.07341,-0.06811,-0.03401,0.0,
3113637,1000,1724.0,0.1450,0.1548,-3.0922,-0.03359,-0.00211,-0.05701,0.0,
3113657,1000,1724.0,-0.3670,-1.0402,-2.9172,0.08441,-0.03211,-0.05501,0.0,
3113677,1000,1724.0,0.0480,0.5308,-2.4812,-0.03459,-0.00111,-0.04801,0.0,
3113697,1000,1724.0,-0.0740,-0.7172,-2.4602,0.02941,-0.00511,-0.05301,0.0,
3113717,1000,1724.0,0.4710,-0.6432,-3.3432,0.04241,0.03789,-0.03101,0.0,
3113737,1000,1724.0,0.7530,1.3708,-2.4582,-0.13359,0.10189,-0.04901,0.0,
3113757,1000,1724.0,0.9260,-0.6662,-2.5632,0.03641,0.09489,-0.03901,0.0,
3113777,1000,1724.0,0.0470,-0.6502,-2.9712,0.04041,0.05589,-0.02301,0.0,
3113797,1000,1724.0,-0.6430,-0.2112,-2.7142,0.04041,-0.08511,-0.06201,0.0,
3113817,1000,1724.0,-0.7080,0.0938,-4.6792,0.00941,-0.04911,-0.02401,0.0,
3113837,1000,1724.0,-0.5190,-0.2442,-3.8392,0.02041,-0.02511,-0.04101,0.0,
3113857,1000,1724.0,-0.3080,-0.4662,-2.9632,0.05641,-0.11111,-0.02601,0.0,
3113877,1000,1724.0,-0.6100,-0.6302,-4.2602,0.02641,0.03489,-0.04901,0.0,
3113897,1000,1724.0,-1.0000,0.3768,-3.6132,-0.02459,-0.10211,-0.05801,0.0,
3113917,1000,1724.0,-1.3230,-0.4922,-3.2292,0.00541,-0.14911,-0.02601,0.0,
3113937,1000,1724.0,-0.8840,0.0128,-3.1032,0.02441,-0.10711,-0.07001,0.0,
3113957,1000,1724.0,0.0310,0.5328,-2.5572,-0.01759,-0.02111,-0.04001,0.0,
3113977,1000,1724.0,1.2660,-1.2982,-3.4892,0.09141,0.12689,-0.05301,0.0,
3113997,1000,1724.0,0.2410,0.5048,-3.2752,-0.05359,0.01089,-0.05601,0.0,
3114017,1000,1724.0,-0.4640,-0.0122,-2.9702,-0.00259,-0.02611,-0.03901,0.0,
3114037,1000,1724.0,0.7950,-0.0532,-3.2902,0.00041,0.08489,-0.06201,0.0,
3114057,1000,1724.0,-0.5840,-0.1212,-2.5652,0.00141,-0.01511,-0.04201,0.0,
3114077,1000,1724.0,-1.1850,0.2068,-3.8482,0.01541,-0.02811,-0.04501,0.0,
3114097,1000,1724.0,-0.2820,-0.4162,-2.3652,0.00541,-0.06711,-0.04101,0.0,
3114117,1000,1724.0,-0.3780,-0.6542,-3.8422,0.07741,-0.02511,-0.06101,0.0,
3114137,1000,1724.0,0.3490,-0.4132,-3.5632,0.01141,0.03989,-0.02201,0.0,
3114157,1000,1724.0,-0.7810,-0.1472,-3.7992,0.02141,-0.14911,-0.03301,0.0,
3114177,1000,1724.0,-0.1480,-0.5122,-3.0772,0.04041,0.00789,-0.02601,0.0,
3114197,1000,1724.0,-0.2250,-0.3612,-3.5072,0.04941,0.01089,-0.06101,0.0,
3114217,1000,1724.0,-0.8630,0.2518,-3.4712,-0.03659,-0.08911,-0.02301,0.0,
3114237,1000,1724.0,-0.5190,-0.5422,-3.6922,0.02741,-0.03411,-0.03701,0.0,
3114257,1000,1724.0,-0.2080,-0.3662,-3.5042,0.04741,-0.00611,-0.04201,0.0,
3114277,1000,1724.0,1.6130,0.4668,-2.5892,-0.07659,0.14889,-0.04901,0.0,
3114297,1000,1724.0,1.1070,-0.7042,-3.2842,0.05641,0.08289,-0.04401,0.0,
3114317,1000,1724.0,-0.7240,-0.3322,-3.5692,0.04941,-0.04211,-0.05301,0.0,
3114337,1000,1724.0,-0.1700,0.7718,-2.4112,-0.07259,0.03489,-0.05901,0.0,
3114357,1000,1724.0,0.0470,0.1698,-2.9742,-0.00359,0.00589,-0.04301,0.0,
3114377,1000,1724.0,-0.1360,-0.2442,-3.1652,0.01141,0.00889,-0.04401,0.0,
3114397,1000,1724.0,-0.5710,-0.1522,-3.1482,0.01141,-0.02511,-0.06101,0.0,
3114417,1000,1724.0,-0.2550,0.5708,-3.9262,-0.05059,-0.02311,-0.03401,0.0,
3114437,1000,1724.0,0.4190,-0.4572,-2.9312,0.04541,0.04389,-0.05701,0.0,
3114457,1000,1724.0,-0.5840,-0.8192,-3.9632,0.07141,-0.07011,-0.03501,0.0,
3114477,1000,1724.0,-0.5210,-0.9692,-3.6792,0.10541,-0.04111,-0.04401,0.0,
3114497,1000,1724.0,0.7770,-0.3602,-2.5402,0.01741,0.08789,-0.05001,0.0,
3114517,1000,1724.0,-1.6760,-0.4712,-4.3592,0.06841,-0.16711,-0.03901,0.0,
3114537,1000,1724.0,0.1120,0.8328,-2.7952,-0.05859,-0.03711,-0.05501,0.0,
3114557,1000,1724.0,-0.4130,-0.2492,-3.2082,0.00941,-0.01011,-0.04301,0.0,
3114577,1000,1724.0,0.7320,0.0148,-2.8712,0.01641,0.06289,-0.03801,0.0,
3114597,1000,1724.0,0.6630,0.3708,-2.9232,-0.03659,0.05989,-0.04101,0.0,
3114617,1000,1724.0,-0.2460,-0.2702,-3.7812,0.02641,-0.01611,-0.04001,0.0,
3114637,1000,1724.0,1.3420,-0.3502,-2.6982,0.00941,0.14989,-0.03401,0.0,
3114657,1000,1724.0,0.8960,-0.4372,-2.7342,0.01341,0.11689,-0.06301,0.0,
3114677,1000,1724.0,-0.4790,0.2148,-3.1032,-0.01759,-0.03111,-0.02101,0.0,
3114697,1000,1724.0,-0.2060,0.6188,-3.1422,-0.06459,0.00089,-0.04101,0.0,
3114717,1000,1724.0,-0.3270,0.0158,-4.1512,0.02541,-0.01811,-0.04901,0.0,
3114737,1000,1724.0,-1.1180,-0.2542,-3.7702,0.00141,-0.09711,-0.02901,0.0,
3114757,1000,1724.0,-1.8320,0.8858,-3.8912,-0.07759,-0.17311,-0.03401,0.0,
3114777,1000,1724.0,-0.8550,0.2198,-3.2552,-0.03259,-0.07011,-0.04401,0.0,
3114797,1000,1724.0,0.6950,-0.0642,-2.8372,-0.00059,0.07389,-0.03801,0.0,
3114817,1000,1724.0,-0.5150,-0.6532,-3.6912,0.05341,-0.08311,-0.04701,0.0,
3114837,1000,1724.0,-0.2800,-0.4742,-3.3622,0.04241,-0.03411,-0.04801,0.0,
3114857,1000,1724.0,0.2940,0.1468,-2.5582,-0.02659,0.02389,-0.03901,0.0,
3114877,1000,1724.0,0.5180,-0.5512,-3.2722,0.06041,0.06889,-0.04901,0.0,
3114897,1000,1724.0,-0.7110,0.0188,-2.8222,0.00141,-0.05011,-0.04101,0.0,
3114917,1000,1724.0,-0.0400,0.1828,-2.8472,-0.01959,0.08489,-0.03101,0.0,
3114937,1000,1724.0,0.5600,-0.4082,-3.0912,0.04341,-0.01911,-0.05101,0.0,
3114957,1000,1724.0,-0.1490,0.1218,-3.5622,-0.02459,0.00889,-0.02901,0.0,
3114977,1000,1724.0,0.0880,-0.5132,-2.7942,0.04941,0.03589,-0.05901,0.0,
3114997,1000,1724.0,-0.6500,-0.0392,-2.9262,-0.00159,-0.02811,-0.02501,0.0,
3115017,1000,1724.0,-0.3350,-0.2002,-2.3522,0.01341,-0.02011,-0.06301,0.0,
3115037,1000,1724.0,-0.9730,0.1378,-4.5002,0.01841,-0.08511,-0.05701,0.0,
3115057,1000,1724.0,-1.4520,-0.8352,-3.6012,0.07341,-0.14011,-0.02601,0.0,
3115077,1000,1724.0,-0.1200,-0.4192,-3.3102,0.04141,-0.01811,-0.04601,0.0,
3115097,1000,1724.0,0.4000,0.0898,-2.8832,-0.01959,0.04189,-0.04401,0.0,
3115117,1000,1724.0,-1.5240,-0.0052,-3.8972,0.02141,-0.16411,-0.05901,0.0,
3115137,1000,1724.0,0.0360,0.2918,-3.2262,0.00641,0.00589,-0.03601,0.0,
3115157,1000,1724.0,-0.9200,0.7718,-4.6312,-0.07059,-0.03811,-0.03101,0.0,
3115177,1000,1724.0,-0.7420,0.9248,-2.9992,-0.06759,-0.10711,-0.05301,0.0,
3115197,1000,1724.0,-0.0760,-0.8442,-3.6762,0.06841,0.02589,-0.04501,0.0,
3115217,1000,1724.0,-0.9950,0.5758,-2.5382,-0.10459,-0.01811,-0.04301,0.0,
3115237,1000,1724.0,0.3010,0.6648,-3.0552,-0.01859,-0.01011,-0.05401,0.0,
3115257,1000,1724.0,0.1260,0.0668,-3.4812,-0.01359,0.02589,-0.02901,0.0,
3115277,1000,1724.0,1.3030,-0.4132,-3.2962,0.00341,0.12889,-0.03101,0.0,
3115297,1000,1724.0,-1.0490,0.4098,-2.4672,0.00241,-0.01311,-0.03301,0.0,
3115317,1000,1724.0,0.4770,0.0258,-2.3762,-0.04259,0.00289,-0.02601,0.0,
3115337,1000,1724.0,-0.0650,-0.7832,-3.2772,0.07841,0.01789,-0.05101,0.0,
3115357,1000,1724.0,-0.7650,0.8578,-4.5492,-0.04759,-0.07311,-0.03301,0.0,
3115377,1000,1724.0,-1.3480,0.1888,-3.2542,0.01441,-0.10911,-0.06001,0.0,
3115397,1000,1724.0,0.0520,0.1758,-3.2922,-0.01059,0.01989,-0.04201,0.0,
3115417,1000,1724.0,-1.9660,0.1778,-4.4262,0.00841,-0.18311,-0.03001,0.0,
3115437,1000,1724.0,-0.5620,-0.1242,-2.9452,0.01641,-0.04811,-0.05101,0.0,
3115457,1000,1724.0,0.6050,-0.2142,-3.6252,0.01941,0.07289,-0.05001,0.0,
3115477,1000,1724.0,-0.7950,0.4178,-3.7472,-0.03259,-0.09511,-0.04901,0.0,
3115497,1000,1724.0,-0.0600,0.0798,-3.7292,0.00241,0.00689,-0.02701,0.0,
3115517,1000,1724.0,0.0960,-0.0842,-3.1472,0.01041,0.00789,-0.04801,0.0,
3115537,1000,1724.0,0.6390,-0.5762,-2.2062,0.00041,0.01889,-0.03201,0.0,
3115557,1000,1724.0,0.8760,0.5718,-3.1362,-0.04759,0.10489,-0.04301,0.0,
3115577,1000,1724.0,0.5340,-0.6652,-3.8192,0.05241,0.06889,-0.06101,0.0,
3115597,1000,1724.0,0.1580,0.6648,-3.1332,-0.06459,0.07989,-0.03901,0.0,
3115617,1000,1724.0,-0.8500,0.2678,-1.9222,-0.05759,-0.06011,-0.03901,0.0,
3115637,1000,1724.0,-0.0180,-0.1482,-2.9522,0.02341,-0.05311,-0.04201,0.0,
3115657,1000,1724.0,-0.1800,-0.8502,-3.5192,0.10241,0.01889,-0.04901,0.0,
3115677,1000,1724.0,0.3390,0.1788,-3.3162,-0.01359,0.01489,-0.03101,0.0,
3115697,1000,1724.0,0.2600,-0.6192,-2.9022,0.05941,0.03989,-0.03801,0.0,
3115717,1000,1724.0,-1.9490,-0.6662,-4.2482,0.07441,-0.18611,-0.03601,0.0,
3115737,1000,1724.0,-1.0650,0.0048,-3.4812,0.00441,-0.08011,-0.03801,0.0,
3115757,1000,1724.0,0.1500,-0.3862,-3.1412,0.03441,0.04489,-0.03201,0.0,
3115777,1000,1724.0,-1.4100,-0.4052,-3.9192,0.05741,-0.15911,-0.05701,0.0,
3115797,1000,1724.0,-0.6430,0.6818,-3.7082,-0.03759,-0.05811,-0.03801,0.0,
3115817,1000,1724.0,0.0750,-0.4552,-3.4202,0.02441,0.04789,-0.05001,0.0,
3115837,1000,1724.0,-0.0840,0.5268,-1.8292,-0.04059,-0.06211,-0.05401,0.0,
3115857,1000,1724.0,0.6190,-0.5812,-2.9642,0.03041,0.04689,-0.02601,0.0,
3115877,1000,1724.0,0.1720,0.4688,-3.5392,-0.01659,0.02689,-0.06501,0.0,
3115897,1000,1724.0,0.4120,-0.4052,-3.6582,-0.00859,0.16489,-0.03401,0.0,
3115917,1000,1724.0,0.0720,0.2428,-1.2162,-0.00359,-0.02011,-0.04701,0.0,
3115937,1000,1724.0,0.3260,-0.2772,-3.4402,0.01341,-0.00711,-0.05101,0.0,
3115957,1000,1724.0,0.4060,0.0848,-2.7512,0.00041,0.08789,-0.05301,0.0,
3115977,1000,1724.0,-0.4090,0.1388,-3.8322,0.00041,-0.01811,-0.05701,0.0,
3115997,1000,1724.0,-0.3380,0.1818,-3.6622,-0.02259,-0.01011,-0.03401,0.0,
3116017,1000,1724.0,-0.4840,0.0008,-3.6422,0.01741,-0.05111,-0.04001,0.0,
3116037,1000,1724.0,-0.2490,-0.0322,-3.6392,0.01041,-0.02711,-0.05201,0.0,
3116057,1000,1724.0,-0.0520,-0.2892,-3.2082,0.01941,0.00689,-0.03901,0.0,
3116077,1000,1724.0,-0.9930,-1.4762,-4.0272,0.16241,-0.10511,-0.04001,0.0,
3116097,1000,1724.0,-1.0740,0.9158,-4.1032,-0.09859,-0.11211,-0.04101,0.0,
3116117,1000,1724.0,-0.1650,-1.0462,-3.2012,0.10541,-0.03611,-0.05101,0.0,
3116137,1000,1724.0,0.1830,-0.7762,-2.6422,0.08641,0.03589,-0.06001,0.0,
3116157,1000,1724.0,-1.1170,0.5158,-3.2342,-0.02859,-0.12511,-0.05001,0.0,
3116177,1000,1724.0,0.9840,-0.5372,-3.3332,0.01541,0.11289,-0.04101,0.0,
3116197,1000,1724.0,0.3490,0.2488,-2.9582,-0.01559,0.03889,-0.04901,0.0,
3116217,1000,1724.0,-1.5190,0.2198,-3.2992,-0.04759,-0.04411,-0.04101,0.0,
3116237,1000,1724.0,0.0670,-0.4182,-3.6892,0.06041,-0.05311,-0.04601,0.0,
3116257,1000,1724.0,0.7570,-0.1312,-2.5792,0.01241,0.10089,-0.05201,0.0,
3116277,1000,1724.0,0.6360,-0.9322,-2.6092,0.06341,0.06489,-0.04401,0.0,
3116297,1000,1724.0,-0.4530,-0.3712,-4.0822,0.03641,-0.04011,-0.04501,0.0,
3116317,1000,1724.0,-0.0500,-0.1792,-2.5952,0.00441,0.00589,-0.06701,0.0,
3116337,1000,1724.0,0.3890,0.2048,-4.0752,-0.00159,0.03889,-0.03501,0.0,
3116357,1000,1724.0,-0.1260,0.1938,-2.4182,-0.03259,-0.00511,-0.04801,0.0,
3116377,1000,1724.0,-0.5260,-0.7202,-3.2912,0.07241,-0.05011,-0.05001,0.0,
3116397,1000,1724.0,-0.5670,0.0058,-3.7092,0.01341,-0.04811,-0.04701,0.0,
3116417,1000,1724.0,-0.3690,-0.1862,-3.1992,0.00641,-0.03611,-0.03901,0.0,
3116437,1000,1724.0,-0.1580,-1.0742,-4.3632,0.06241,-0.03811,-0.03501,0.0,
3116457,1000,1724.0,-1.6120,-0.1352,-3.6472,0.01041,-0.14411,-0.04401,0.0,
3116477,1000,1724.0,0.0100,-0.3562,-3.0832,0.03141,-0.00311,-0.06701,0.0,
3116497,1000,1724.0,-0.1550,0.0768,-3.6042,0.01741,-0.05411,-0.04901,0.0,
3116517,1000,1724.0,-0.2060,-0.5942,-2.8382,0.01641,-0.02411,-0.03701,0.0,
3116537,1000,1724.0,0.3520,-0.5822,-3.2552,0.03441,0.03689,-0.03901,0.0,
3116557,1000,1724.0,0.6330,0.6988,-3.2642,-0.02259,0.06789,-0.05501,0.0,
3116577,1000,1724.0,-0.4870,0.0518,-2.4402,-0.01359,-0.03411,-0.04001,0.0,
3116597,1000,1724.0,-0.6470,-0.5622,-3.2612,0.05141,-0.05511,-0.03101,0.0,
3116617,1000,1724.0,0.7410,-0.2272,-2.6272,0.01841,0.09589,-0.04301,0.0,
3116637,1000,1724.0,-0.1710,-0.4582,-3.1702,0.02741,-0.00411,-0.04401,0.0,
3116657,1000,1724.0,-0.6890,-0.2982,-2.8322,0.03341,-0.06611,-0.04601,0.0,
3116677,1000,1724.0,0.6220,0.3838,-3.2672,-0.04959,0.08389,-0.04401,0.0,
3116697,1000,1724.0,-0.6190,-0.3992,-4.3052,0.05541,-0.05311,-0.04001,0.0,
3116717,1000,1724.0,-0.9370,0.6418,-3.6472,-0.04659,-0.07911,-0.04701,0.0,
3116737,1000,1724.0,0.4110,-0.3212,-3.7382,0.01941,0.02689,-0.04801,0.0,
3116757,1000,1724.0,0.0160,0.2328,-3.4012,-0.00759,-0.01511,-0.04101,0.0,
3116777,1000,1724.0,-0.8160,0.1128,-3.6962,0.00641,-0.07611,-0.04301,0.0,
3116797,1000,1724.0,-0.3310,-0.4392,-3.0952,0.02141,-0.06411,-0.05101,0.0,
3116817,1000,1724.0,0.0450,0.0958,-2.7082,0.00541,-0.00311,-0.03401,0.0,
3116837,1000,1724.0,0.4730,-0.2622,-3.3182,0.02341,0.03889,-0.04801,0.0,
3116857,1000,1724.0,0.6440,-0.6972,-3.5372,0.06841,0.06089,-0.06001,0.0,
3116877,1000,1724.0,0.9500,-0.0742,-2.6702,0.00141,0.09389,-0.04401,0.0,
3116897,1000,1724.0,0.5950,-0.0802,-3.1332,-0.00059,0.04389,-0.03601,0.0,
3116917,1000,1724.0,1.0320,-0.2252,-2.9362,0.00041,0.12489,-0.03601,0.0,
3116937,1000,1724.0,0.3490,0.4858,-3.8372,-0.02959,0.07089,-0.04601,0.0,
3116957,1000,1724.0,-0.3680,-0.0142,-3.2162,0.04641,-0.01311,-0.03901,0.0,
3116977,1000,1724.0,-0.1610,-0.7812,-1.7472,0.04441,0.00989,-0.05301,0.0,
3116997,1000,1724.0,-0.7880,0.1308,-2.5952,0.00441,-0.06611,-0.04901,0.0,
3117017,1000,1724.0,-0.7980,-0.4202,-4.5392,0.02441,-0.04811,-0.04301,0.0,
3117037,1000,1724.0,-0.3550,0.1258,-3.6842,0.00341,-0.12211,-0.02801,0.0,
3117057,1000,1724.0,-0.1500,-0.7062,-3.4642,0.07041,-0.04611,-0.06501,0.0,
3117077,1000,1724.0,-0.8610,0.6818,-3.2482,-0.05559,0.00489,-0.02801,0.0,
3117097,1000,1724.0,-0.1160,-0.3792,-3.8702,0.04141,-0.03411,-0.04401,0.0,
3117117,1000,1724.0,0.8300,0.1768,-3.3402,-0.00459,0.03889,-0.03801,0.0,
3117137,1000,1724.0,0.5750,0.6108,-3.5042,-0.05259,0.05889,-0.04501,0.0,
3117157,1000,1724.0,-0.6560,-0.3992,-3.1842,0.02741,-0.04611,-0.05401,0.0,
3117177,1000,1724.0,1.2130,0.3368,-3.8412,-0.02659,0.10989,-0.05401,0.0,
3117197,1000,1724.0,-0.4800,-0.1232,-2.4272,-0.00359,-0.02711,-0.06101,0.0,
3117217,1000,1724.0,0.5500,-0.3072,-2.7692,-0.00959,0.09189,-0.01801,0.0,
3117237,1000,1724.0,0.5030,-0.9102,-3.4982,0.07141,0.04989,-0.05501,0.0,
3117257,1000,1724.0,0.6450,1.2658,-3.8722,-0.12759,0.06789,-0.04801,0.0,
3117277,1000,1724.0,-1.0860,-0.1242,-1.7702,0.00341,-0.08411,-0.03701,0.0,
3117297,1000,1724.0,0.2130,-0.0742,-2.9242,-0.01259,0.05089,-0.04701,0.0,
3117317,1000,1724.0,-0.8340,0.2868,-3.2052,0.01041,-0.05111,-0.03901,0.0,
3117337,1000,1724.0,-0.5840,-0.0272,-4.3622,0.01741,-0.05511,-0.04601,0.0,
3117357,1000,1724.0,-1.1110,-0.5892,-3.5032,0.07741,-0.09611,-0.03101,0.0,
3117377,1000,1724.0,0.1860,0.0298,-2.9882,0.00141,0.04089,-0.02501,0.0,
3117397,1000,1724.0,-1.0420,0.2908,-4.5752,-0.02359,-0.09711,-0.00201,0.0,
3117417,1000,1724.0,-0.9600,-0.8972,-3.7422,0.07641,-0.12211,-0.04301,0.0,
3117437,1000,1724.0,0.0550,0.2248,-3.3232,-0.00259,0.04989,-0.02201,0.0,
3117457,1000,1724.0,-1.1170,0.3338,-3.9442,-0.02459,-0.10911,-0.02401,0.0,
3117477,1000,1724.0,-0.4860,-0.2932,-3.7332,0.02441,-0.07511,-0.06701,0.0,
3117497,1000,1724.0,-0.2050,0.2028,-3.0882,-0.05559,0.02689,-0.01101,0.0,
3117517,1000,1724.0,0.5820,-0.1422,-3.0472,0.02741,0.03589,-0.01801,0.0,
3117537,1000,1724.0,1.0750,-0.5772,-3.5322,0.03441,0.09789,-0.03501,0.0,
3117557,1000,1724.0,0.0590,-0.2462,-3.8522,0.01541,0.04289,-0.04201,0.0,
3117577,1000,1724.0,0.8290,-0.7842,-1.7422,0.06741,0.11089,-0.01901,0.0,
3117597,1000,1724.0,-0.1710,-1.0522,-3.9702,0.05541,-0.05011,-0.03201,0.0,
3117617,1000,1724.0,0.1720,-0.3472,-3.5912,0.01441,0.02589,-0.01601,0.0,
3117637,1000,1724.0,-0.6020,0.6348,-4.2292,-0.01459,-0.03911,-0.03801,0.0,
3117657,1000,1724.0,-0.1290,0.8598,-4.3822,-0.05959,-0.00111,-0.01201,0.0,
3117677,1000,1724.0,0.2820,-0.1962,-3.3802,0.02941,0.04489,-0.03201,0.0,
3117697,1000,1724.0,-1.4280,0.3988,-4.9942,-0.02659,-0.14511,-0.02701,0.0,
3117717,1000,1724.0,-0.7600,-0.0802,-5.3032,0.02541,-0.04811,-0.02301,0.0,
3117737,1000,1724.0,-0.4250,-1.3292,-3.4872,0.13141,-0.03211,-0.03001,0.0,
3117757,1000,1724.0,-1.1030,-0.1962,-5.0802,0.01141,-0.17611,-0.03001,0.0,
3117777,1000,1724.0,-0.8390,-1.2292,-3.2402,0.12541,-0.07111,-0.04101,0.0,
3117797,1000,1724.0,-1.3030,-0.9042,-3.6172,0.08541,-0.08911,-0.03901,0.0,
3117817,1000,1724.0,0.1550,-0.6772,-2.7032,0.06241,-0.05211,-0.04601,0.0,
3117837,1000,1724.0,0.3410,-0.1162,-3.8552,0.03341,0.06989,-0.03201,0.0,
3117857,1000,1724.0,-0.6320,-0.3832,-3.7062,0.04141,-0.00211,-0.05001,0.0,
3117877,1000,1724.0,-0.4390,-0.1162,-3.7582,0.03041,0.09089,-0.04101,0.0,
3117897,1000,1724.0,0.0300,0.2368,-2.7692,-0.05959,-0.00411,-0.02901,0.0,
3117917,1000,1724.0,0.3410,-0.0562,-4.2222,0.01841,0.00689,-0.05401,0.0,
3117937,1000,1724.0,-0.3690,0.0218,-3.0572,0.01441,0.00189,-0.03401,0.0,
3117957,1000,1724.0,-0.9930,-0.6702,-5.3472,0.03941,-0.10111,-0.04501,0.0,
3117977,1000,1724.0,-0.9200,-0.3272,-3.6332,0.02341,-0.09411,-0.05401,0.0,
3117997,1000,1724.0,-1.9290,-0.1182,-4.4972,0.00941,-0.20711,-0.03701,0.0,
3118017,1000,1724.0,-1.0180,0.0668,-5.1262,-0.02059,-0.09011,-0.02401,0.0,
3118037,1000,1724.0,0.3250,-0.4092,-3.3982,0.04341,0.00989,-0.04001,0.0,
3118057,1000,1724.0,-0.5860,-0.6062,-4.2582,0.07841,-0.09111,-0.05001,0.0,
3118077,1000,1724.0,0.3430,-0.4302,-4.8152,0.00941,-0.01511,-0.03301,0.0,
3118097,1000,1724.0,-0.7580,-0.3222,-3.0322,0.06541,-0.01711,-0.04401,0.0,
3118117,1000,1724.0,-0.0360,0.4648,-4.0622,-0.01959,0.00489,-0.02601,0.0,
3118137,1000,1724.0,-0.7500,-0.9222,-2.7922,0.08741,-0.06311,-0.03601,0.0,
3118157,1000,1724.0,0.5010,0.6048,-3.8332,-0.06759,0.13689,-0.01301,0.0,
3118177,1000,1724.0,1.4370,-0.3332,-2.7822,0.03941,0.17689,-0.04001,0.0,
3118197,1000,1724.0,0.6500,-0.6302,-3.2182,0.06741,0.07789,-0.03101,0.0,
3118217,1000,1724.0,-0.9110,0.1998,-3.7242,-0.00959,-0.08911,-0.02401,0.0,
3118237,1000,1724.0,0.9260,-0.3072,-3.8132,0.02241,0.15889,-0.03901,0.0,
3118257,1000,1724.0,-1.0040,0.1818,-4.8642,0.00441,-0.10811,-0.03901,0.0,
3118277,1000,1724.0,0.0590,-0.3962,-3.9582,0.01241,-0.00911,-0.04301,0.0,
3118297,1000,1724.0,-1.5260,-1.4392,-3.5962,0.11141,-0.11611,-0.02001,0.0,
3118317,1000,1724.0,0.0470,-0.4312,-5.3292,0.04041,-0.02411,-0.05301,0.0,
3118337,1000,1724.0,-0.2180,0.0908,-3.9722,0.00941,-0.02211,-0.05001,0.0,
3118357,1000,1724.0,-1.7910,0.3828,-4.3172,-0.02759,-0.17211,-0.03801,0.0,
3118377,1000,1724.0,0.2810,0.7828,-4.2942,-0.04159,0.02589,-0.03101,0.0,
3118397,1000,1724.0,-0.1520,-0.1722,-4.1212,0.02241,-0.01511,-0.03201,0.0,
3118417,1000,1724.0,-0.1970,0.4528,-3.9672,-0.00859,0.02689,-0.04601,0.0,
3118437,1000,1724.0,1.3180,0.4618,-3.1212,-0.04059,0.12389,-0.01501,0.0,
3118457,1000,1724.0,-0.3770,-1.0512,-3.2102,0.10641,-0.02511,-0.03601,0.0,
3118477,1000,1724.0,0.9670,-0.1072,-2.0692,-0.02359,0.14189,-0.04601,0.0,
3118497,1000,1724.0,0.2700,0.1428,-4.0152,-0.01459,0.03589,-0.04601,0.0,
3118517,1000,1724.0,-1.0850,-0.2532,-3.7192,0.01241,-0.10211,-0.02501,0.0,
3118537,1000,1724.0,0.0890,-0.0452,-3.7402,-0.02659,0.03489,-0.04101,0.0,
3118557,1000,1724.0,-1.3960,-0.5262,-3.7832,0.05341,-0.12811,-0.03301,0.0,
3118577,1000,1724.0,-0.3080,-0.2212,-4.7022,0.00641,-0.07911,-0.04101,0.0,
3118597,1000,1724.0,-0.3890,-1.6172,-3.8502,0.14841,-0.03411,-0.04201,0.0,
3118617,1000,1724.0,-0.9010,-0.9352,-3.5322,0.09541,-0.09511,-0.05101,0.0,
3118637,1000,1724.0,0.7050,-0.4832,-3.7552,0.05741,0.01989,-0.04401,0.0,
3118657,1000,1724.0,-1.1730,-1.2932,-4.6922,0.09841,-0.04411,-0.01501,0.0,
3118677,1000,1724.0,-0.4090,-0.2212,-3.5112,0.02741,-0.01311,-0.02901,0.0,
3118697,1000,1724.0,-1.1800,0.9208,-5.3082,-0.03059,-0.08511,-0.05501,0.0,
3118717,1000,1724.0,-0.1080,-0.0042,-4.1082,0.04641,0.01589,-0.01801,0.0,
3118737,1000,1724.0,-0.3320,0.2968,-3.7772,-0.08359,0.02589,-0.02701,0.0,
3118757,1000,1724.0,0.0800,0.2868,-3.6282,0.01641,-0.00111,-0.03501,0.0,
3118777,1000,1724.0,1.4130,-0.2972,-3.7892,0.00741,0.13989,-0.03801,0.0,
3118797,1000,1724.0,0.5300,0.8718,-3.6242,-0.11159,0.05989,-0.03001,0.0,
3118817,1000,1724.0,-0.0380,-0.5662,-3.9972,0.05341,0.01789,-0.02901,0.0,
3118837,1000,1724.0,1.9060,-0.3082,-2.0072,0.00041,0.18089,-0.03301,0.0,
3118857,1000,1724.0,-0.5680,-0.9022,-3.7852,0.07941,-0.05111,-0.05401,0.0,
3118877,1000,1724.0,-0.1240,-0.7802,-3.9442,0.07341,-0.04511,-0.04601,0.0,
3118897,1000,1724.0,-0.9910,0.2388,-4.3012,0.01741,-0.08911,-0.04301,0.0,
3118917,1000,1724.0,-1.9310,-0.7832,-3.9812,0.07541,-0.16711,-0.02201,0.0,
3118937,1000,1724.0,0.0090,-0.5232,-3.4272,0.04441,-0.07011,-0.02901,0.0,
3118957,1000,1724.0,-1.3760,-0.1292,-4.9392,0.05641,-0.05311,-0.03001,0.0,
3118977,1000,1724.0,-0.9040,-0.5662,-4.3822,0.06541,-0.05611,-0.04001,0.0,
3118997,1000,1724.0,-1.3200,0.4808,-4.2072,-0.00159,-0.10711,-0.03401,0.0,
3119017,1000,1724.0,0.2920,0.4848,-4.5662,-0.01359,0.00889,-0.02901,0.0,
3119037,1000,1724.0,-0.2740,-0.2962,-4.2582,0.06241,0.01389,-0.05001,0.0,
3119057,1000,1724.0,-0.0930,1.8158,-4.0452,-0.15259,-0.00111,-0.04601,0.0,
3119077,1000,1724.0,0.9620,1.0898,-2.8102,-0.07659,0.14289,-0.03301,0.0,
3119097,1000,1724.0,0.1970,0.7288,-3.5662,-0.04059,0.02189,-0.03701,0.0,
3119117,1000,1724.0,-0.9730,0.4208,-4.6682,-0.02659,-0.07311,-0.03301,0.0,
3119137,1000,1724.0,0.1730,0.6658,-3.9162,-0.00259,0.05789,-0.05401,0.0,
3119157,1000,1724.0,-1.3370,0.3818,-3.5842,-0.03659,-0.12411,-0.03101,0.0,
3119177,1000,1724.0,-0.9590,-0.3962,-3.6552,0.03241,-0.07811,-0.03401,0.0,
3119197,1000,1724.0,-1.5190,-0.8442,-2.9992,0.08641,-0.12111,-0.03701,0.0,
3119217,1000,1724.0,-0.9090,-0.5502,-4.3782,0.07141,-0.09111,-0.04201,0.0,
3119237,1000,1724.0,-0.4750,-0.3752,-3.6342,0.04141,-0.13711,-0.04801,0.0,
3119257,1000,1724.0,-1.9370,-0.8822,-4.1922,0.06841,-0.10611,-0.03401,0.0,
3119277,1000,1724.0,-1.1440,-0.0392,-4.2882,0.00841,-0.12511,-0.03801,0.0,
3119297,1000,1724.0,0.3220,0.2298,-4.9582,-0.00859,-0.01711,-0.03401,0.0,
3119317,1000,1724.0,-0.3950,-0.3082,-4.0622,0.00141,-0.00411,-0.05301,0.0,
3119337,1000,1724.0,0.5570,1.4718,-3.3202,-0.08559,0.07989,-0.01901,0.0,
3119357,1000,1724.0,-0.7200,0.2058,-3.8152,-0.00059,-0.09611,-0.03301,0.0,
3119377,1000,1724.0,1.0730,-0.2512,-3.0762,0.00941,0.12689,-0.04001,0.0,
3119397,1000,1724.0,0.0520,1.2358,-4.5462,-0.08159,0.07089,-0.03901,0.0,
3119417,1000,1724.0,-0.0950,-0.0472,-3.8022,-0.00159,0.01689,-0.01201,0.0,
3119437,1000,1724.0,1.0980,0.2818,-3.3702,-0.04259,0.18589,-0.03001,0.0,
3119457,1000,1724.0,0.3490,-0.3862,-3.3862,0.04741,0.07989,-0.03501,0.0,
3119477,1000,1724.0,0.1800,-0.7322,-4.1472,0.04341,0.00689,-0.03101,0.0,
3119497,1000,1724.0,0.4940,0.2658,-4.0232,-0.02759,0.09489,-0.03401,0.0,
3119517,1000,1724.0,-0.1030,-0.0422,-3.6332,0.02041,-0.06511,-0.04701,0.0,
3119537,1000,1724.0,-0.6110,-0.4692,-4.9832,0.02341,-0.07011,-0.03701,0.0,
3119557,1000,1724.0,-0.8590,-0.0232,-4.4482,-0.00559,-0.10411,-0.02301,0.0,
3119577,1000,1724.0,-0.8730,-0.6912,-3.5172,0.05841,-0.08911,-0.02101,0.0,
3119597,1000,1724.0,-1.7740,0.1398,-5.3012,-0.03059,-0.15911,-0.04001,0.0,
3119617,1000,1724.0,-0.0070,-1.2632,-2.9992,0.09741,-0.01011,-0.02501,0.0,
3119637,1000,1724.0,-0.2040,-1.6052,-4.5562,0.13841,-0.01311,-0.02901,0.0,
3119657,1000,1724.0,-0.5480,-0.4552,-3.6802,0.03541,-0.04811,-0.02901,0.0,
3119677,1000,1724.0,1.1330,-1.4922,-1.5212,0.09641,0.16689,-0.01601,0.0,
3119697,1000,1724.0,1.5870,-0.6992,-3.8402,0.05141,0.18389,-0.02201,0.0,
3119717,1000,1724.0,0.4460,-0.1092,-4.5402,0.00541,0.04989,-0.03501,0.0,
3119737,1000,1724.0,-0.5000,0.9088,-3.1612,-0.07659,0.03189,-0.02201,0.0,
3119757,1000,1724.0,0.1740,1.1528,-3.9762,-0.10859,0.05589,-0.03301,0.0,
3119777,1000,1724.0,-0.2300,-0.4462,-3.8392,0.04141,0.00589,-0.04901,0.0,
3119797,1000,1724.0,0.1840,-0.0452,-4.3852,-0.00659,0.02989,-0.01901,0.0,
3119817,1000,1724.0,0.5310,0.3918,-4.6172,-0.03859,0.07889,-0.03001,0.0,
3119837,1000,1724.0,0.5540,-0.5572,-4.7322,0.04441,0.03389,-0.04301,0.0,
3119857,1000,1724.0,-0.7450,0.3108,-4.8622,-0.04859,-0.05711,-0.01501,0.0,
3119877,1000,1724.0,-0.3700,-0.7082,-4.1702,0.05941,-0.06211,-0.04401,0.0,
3119897,1000,1724.0,0.3220,-1.5262,-3.7512,0.12041,0.00789,-0.02801,0.0,
3119917,1000,1724.0,0.4480,-0.3902,-3.1352,0.01541,0.01289,-0.04501,0.0,
3119937,1000,1724.0,-0.4540,-1.0092,-4.1122,0.07641,-0.02111,-0.02001,0.0,
3119957,1000,1724.0,0.6460,-0.7202,-4.2372,0.05341,0.04489,-0.03701,0.0,
3119977,1000,1724.0,1.2440,-0.2332,-3.5312,-0.02959,0.13689,-0.02201,0.0,
3119997,1000,1724.0,-0.3430,0.2788,-2.7112,-0.05559,0.02889,-0.01601,0.0,
3120017,1000,1724.0,-0.4160,0.0878,-4.1682,-0.00359,-0.05611,-0.02301,0.0,
3120037,1000,1724.0,1.5130,0.1928,-3.0362,-0.02159,0.19089,-0.03501,0.0,
3120057,1000,1724.0,-0.3900,0.1238,-4.1562,-0.01059,-0.00811,-0.03001,0.0,
3120077,1000,1724.0,-0.3150,1.0168,-4.0662,-0.09659,-0.01711,-0.02301,0.0,
3120097,1000,1724.0,0.3090,0.0408,-3.7502,0.01741,0.06889,-0.01301,0.0,
3120117,1000,1724.0,-0.4210,0.0988,-4.0252,-0.03259,-0.01311,-0.02301,0.0,
3120137,1000,1724.0,-0.6590,0.9298,-5.5962,-0.04159,-0.05111,-0.02001,0.0,
3120157,1000,1724.0,-0.1440,-0.6002,-3.3872,0.05941,-0.01911,-0.04301,0.0,
3120177,1000,1724.0,-0.4310,0.5008,-4.0772,-0.04859,-0.04211,-0.02201,0.0,
3120197,1000,1724.0,-0.8500,0.7568,-4.9082,-0.06359,-0.10011,-0.02701,0.0,
3120217,1000,1724.0,1.4100,-0.3712,-3.5002,0.00041,0.09389,-0.03301,0.0,
3120237,1000,1724.0,1.1660,0.1108,-3.7032,-0.04659,0.09089,-0.02801,0.0,
3120257,1000,1724.0,-0.4150,0.2058,-3.4542,-0.01659,-0.05311,-0.04101,0.0,
3120277,1000,1724.0,0.0510,0.1688,-2.4372,-0.05259,0.03389,-0.01501,0.0,
3120297,1000,1724.0,1.1690,-0.4342,-3.4182,0.01441,0.09489,-0.03701,0.0,
3120317,1000,1724.0,-0.6000,-0.7042,-4.7922,0.05941,-0.06011,-0.02401,0.0,
3120337,1000,1724.0,-0.1940,-0.6912,-3.4272,0.07041,-0.00211,-0.02501,0.0,
3120357,1000,1724.0,-0.3590,0.2968,-4.4082,-0.02959,-0.02411,-0.02401,0.0,
3120377,1000,1724.0,0.1740,-0.4262,-3.2432,0.05141,0.02089,-0.02301,0.0,
3120397,1000,1724.0,-0.8820,-0.5242,-4.9822,0.04941,-0.07711,-0.01001,0.0,
3120417,1000,1724.0,-0.6560,0.3608,-3.4612,-0.03559,-0.03211,-0.02801,0.0,
3120437,1000,1724.0,0.3580,-0.2222,-4.2312,0.04541,0.05089,-0.02901,0.0,
3120457,1000,1724.0,0.1450,0.3568,-4.5892,-0.04559,0.00389,-0.02501,0.0,
3120477,1000,1724.0,-0.5160,1.6968,-3.8112,-0.14259,-0.01911,-0.01801,0.0,
3120497,1000,1724.0,0.9320,0.4688,-3.5382,-0.05759,0.09789,-0.03401,0.0,
3120517,1000,1724.0,0.9560,0.4528,-2.1302,-0.06659,0.07589,-0.05801,0.0,
3120537,1000,1724.0,0.9940,0.6698,-3.8942,-0.06159,0.10889,-0.03301,0.0,
3120557,1000,1724.0,-0.3990,0.0248,-4.1452,0.01941,-0.04011,-0.04301,0.0,
3120577,1000,1724.0,-0.1900,-0.5632,-3.3632,0.03841,0.03989,-0.03101,0.0,
3120597,1000,1724.0,-1.1180,-0.5852,-3.9562,0.06441,-0.09711,-0.03501,0.0,
3120617,1000,1724.0,-0.7970,-0.3992,-4.0942,0.06441,-0.07711,-0.05001,0.0,
3120637,1000,1724.0,-0.4830,-0.8022,-3.3812,0.07441,-0.04311,-0.03401,0.0,
3120657,1000,1724.0,0.0480,-1.3042,-5.9012,0.11441,-0.01911,-0.04301,0.0,
3120677,1000,1724.0,-0.9350,-0.6232,-3.8132,0.07141,-0.12511,-0.02801,0.0,
3120697,1000,1724.0,-1.0430,-0.9042,-4.5152,0.07841,-0.05411,-0.03901,0.0,
3120717,1000,1724.0,-0.2450,-0.9892,-4.5652,0.07741,-0.02711,-0.04201,0.0,
3120737,1000,1724.0,0.2500,-0.0042,-4.9712,-0.00759,0.00689,-0.03201,0.0,
3120757,1000,1724.0,-1.2210,0.0548,-3.7362,0.00941,-0.07111,-0.05101,0.0,
3120777,1000,1724.0,0.8800,-1.2962,-3.7322,0.06941,0.03589,-0.01801,0.0,
3120797,1000,1724.0,0.3410,0.6348,-3.7622,-0.03459,0.03789,-0.04901,0.0,
3120817,1000,1724.0,0.1020,-0.0562,-3.7672,-0.00559,0.07589,-0.03801,0.0,
3120837,1000,1724.0,-0.0160,-0.0522,-3.7622,0.01741,0.01889,-0.04001,0.0,
3120857,1000,1724.0,-0.7100,0.0148,-3.5132,0.02441,-0.04911,-0.04101,0.0,
3120877,1000,1724.0,-0.2960,-0.5552,-2.2372,0.06441,0.03589,-0.05201,0.0,
3120897,1000,1724.0,-0.1360,-0.4302,-3.0972,0.04441,-0.01311,-0.05201,0.0,
3120917,1000,1724.0,-0.5030,-1.1672,-4.5822,0.09741,-0.00811,-0.05501,0.0,
3120937,1000,1724.0,-2.2910,0.0268,-4.1782,0.01541,-0.19711,-0.03801,0.0,
3120957,1000,1724.0,-1.2100,-0.2202,-3.8212,0.01841,-0.11511,-0.04601,0.0,
3120977,1000,1724.0,0.5980,-0.9322,-3.6752,0.07941,-0.02911,-0.05201,0.0,
3120997,1000,1724.0,-2.3790,-0.4962,-5.3752,0.07541,-0.16911,-0.04501,0.0,
3121017,1000,1724.0,-1.1540,0.2038,-3.8642,-0.03559,-0.11511,-0.03001,0.0,
3121037,1000,1724.0,0.2640,-1.5232,-4.8362,0.14641,0.01489,-0.04901,0.0,
3121057,1000,1724.0,0.5100,-0.4812,-3.9862,0.01841,0.08089,-0.05501,0.0,
3121077,1000,1724.0,-0.1780,0.2688,-4.7362,0.02141,0.02489,-0.01901,0.0,
3121097,1000,1724.0,-0.2550,-0.6612,-4.3832,0.01941,-0.02911,-0.04501,0.0,
3121117,1000,1724.0,0.2240,-0.3022,-1.2632,0.03741,0.08189,-0.05301,0.0,
3121137,1000,1724.0,0.3130,-0.6912,-3.9252,0.05341,0.09389,-0.03501,0.0,
3121157,1000,1724.0,0.1630,-0.5262,-3.9052,0.05741,-0.00511,-0.05201,0.0,
3121177,1000,1724.0,0.1890,0.5368,-3.6332,-0.03959,0.08889,-0.05701,0.0,
3121197,1000,1724.0,-0.6470,-0.2612,-4.2012,0.04041,-0.05011,-0.05401,0.0,
3121217,1000,1724.0,-0.8160,0.1748,-3.6592,-0.01559,-0.09311,-0.05001,0.0,
3121237,1000,1724.0,-1.7170,0.3358,-3.8832,-0.01259,-0.12811,-0.03401,0.0,
3121257,1000,1724.0,-1.1780,-0.6142,-5.0812,0.05841,-0.13311,-0.04801,0.0,
3121277,1000,1724.0,-0.4850,-0.4882,-3.0912,0.02541,-0.11611,-0.02901,0.0,
3121297,1000,1724.0,-0.8390,-0.7442,-4.4342,0.06641,-0.02211,-0.04801,0.0,
3121317,1000,1724.0,0.0920,-1.9742,-4.6282,0.18141,-0.00611,-0.04001,0.0,
3121337,1000,1724.0,0.7550,-0.5912,-4.7202,0.04241,0.02789,-0.04501,0.0,
3121357,1000,1724.0,-0.2370,-0.7902,-4.5862,0.08841,0.07989,-0.01401,0.0,
3121377,1000,1724.0,-0.3700,-1.3482,-2.9572,0.08241,-0.00511,0.00299,0.0,
3121397,1000,1724.0,-0.3100,-0.1472,-4.1732,-0.00159,-0.08811,-0.01701,0.0,
3121417,1000,1724.0,0.0980,0.7568,-3.6072,-0.07559,0.06489,-0.01301,0.0,
3121437,1000,1724.0,0.8390,-0.3642,-3.9552,0.03041,0.08389,-0.01801,0.0,
3121457,1000,1724.0,0.6710,0.1638,-4.3492,-0.05559,0.06789,-0.00401,0.0,
3121477,1000,1724.0,0.1530,-0.4972,-3.9292,0.04241,0.04789,-0.00501,0.0,
3121497,1000,1724.0,0.0380,-0.0322,-4.4692,0.00441,0.02189,-0.01301,0.0,
3121517,1000,1724.0,0.5600,0.1088,-4.3802,-0.00859,0.04489,-0.02601,0.0,
3121537,1000,1724.0,-1.5960,-1.2692,-5.3592,0.12741,-0.15111,-0.04101,0.0,
3121557,1000,1724.0,-0.5930,0.6568,-4.5422,-0.04259,-0.03811,0.00499,0.0,
3121577,1000,1724.0,-0.8050,-0.1112,-5.5232,0.00441,-0.06011,-0.02901,0.0,
3121597,1000,1724.0,0.4050,-0.3412,-4.1782,0.02641,0.04289,-0.01501,0.0,
3121617,1000,1724.0,-0.6660,0.5468,-5.1572,-0.02359,-0.08011,-0.02201,0.0,
3121637,1000,1724.0,-0.8090,-0.3542,-4.0442,0.00741,-0.02811,-0.00701,0.0,
3121657,1000,1724.0,0.2180,-0.5182,-4.1502,0.00241,0.07789,-0.02901,0.0,
3121677,1000,1724.0,-0.8280,0.4618,-5.2492,-0.04059,0.01589,-0.01001,0.0,
3121697,1000,1724.0,0.3410,-0.4852,-4.9242,0.05341,-0.01111,-0.02901,0.0,
3121717,1000,1724.0,-0.3820,0.0228,-3.5192,-0.01059,0.01989,-0.02101,0.0,
3121737,1000,1724.0,0.4740,0.4368,-4.5952,-0.04859,0.05689,-0.01301,0.0,
3121757,1000,1724.0,-0.6790,-0.6492,-4.2352,0.06941,-0.05111,-0.03001,0.0,
3121777,1000,1724.0,-0.4630,-0.3812,-4.8202,0.02741,-0.02211,-0.01301,0.0,
3121797,1000,1724.0,-1.4410,0.8418,-5.0432,-0.04759,-0.13611,-0.01301,0.0,
3121817,1000,1724.0,0.5990,-0.6282,-3.6942,0.02941,0.08589,-0.04401,0.0,
3121837,1000,1724.0,-1.2400,0.0368,-5.7792,-0.01359,-0.14411,-0.00001,0.0,
3121857,1000,1724.0,-0.3240,0.2628,-5.5282,0.01541,-0.05611,-0.03801,0.0,
3121877,1000,1724.0,-0.5890,-0.9322,-5.2482,0.07641,-0.01911,-0.02601,0.0,
3121897,1000,1724.0,-0.0680,0.7808,-4.1422,-0.07359,-0.02111,-0.01701,0.0,
3121917,1000,1724.0,-0.5000,-1.0392,-4.6362,0.07141,-0.03211,-0.00501,0.0,
3121937,1000,1724.0,-0.7120,-0.1582,-5.1192,0.00441,-0.03611,-0.01101,0.0,
3121957,1000,1724.0,0.7730,-0.0472,-4.5212,-0.01459,0.12589,-0.03401,0.0,
3121977,1000,1724.0,0.5620,-0.0732,-3.4762,-0.00159,0.05389,-0.01001,0.0,
3121997,1000,1724.0,-0.0430,-0.4712,-4.6542,0.01041,0.00489,-0.00701,0.0,
3122017,1000,1724.0,0.9060,-0.9732,-3.4402,0.08141,0.08489,-0.03701,0.0,
3122037,1000,1724.0,-0.6050,-0.2442,-5.2512,0.03441,-0.02311,-0.01501,0.0,
3122057,1000,1724.0,-0.3650,0.6598,-4.9062,-0.07859,-0.01411,0.00499,0.0,
3122077,1000,1724.0,-1.8360,-0.8722,-4.6332,0.10041,-0.17611,-0.03901,0.0,
3122097,1000,1724.0,-0.1080,-0.2982,-5.6882,0.02441,-0.01311,-0.01201,0.0,
3122117,1000,1724.0,-0.2410,0.0818,-4.6882,-0.03659,-0.03011,-0.00501,0.0,
3122137,1000,1724.0,-0.3370,-0.4302,-5.7332,0.08941,-0.00511,-0.04801,0.0,
3122157,1000,1724.0,0.2940,0.3738,-4.7472,-0.06359,-0.00511,-0.02801,0.0,
3122177,1000,1724.0,-0.6760,0.6308,-5.0862,-0.06359,-0.05911,-0.01901,0.0,
3122197,1000,1724.0,-0.3050,-0.9062,-4.1312,0.05641,0.03589,-0.02901,0.0,
3122217,1000,1724.0,1.0910,-0.4152,-5.0912,0.05841,0.05389,-0.02201,0.0,
3122237,1000,1724.0,0.9910,0.0878,-3.2512,-0.03059,0.09489,-0.01901,0.0,
3122257,1000,1724.0,1.0190,-0.2662,-4.3092,-0.01059,0.13689,-0.01801,0.0,
3122277,1000,1724.0,1.2530,-0.7772,-4.6752,0.06641,0.14089,-0.01801,0.0,
3122297,1000,1724.0,-0.6980,-0.0962,-5.5082,0.01141,-0.04811,-0.00701,0.0,
3122317,1000,1724.0,-0.4250,-0.2032,-3.5572,-0.01759,0.00389,-0.02901,0.0,
3122337,1000,1724.0,-1.2700,-0.0552,-4.7032,0.01741,-0.11111,-0.00701,0.0,
3122357,1000,1724.0,0.0520,-0.2812,-3.9062,0.00441,0.04189,0.00399,0.0,
3122377,1000,1724.0,-1.6140,0.2008,-5.9192,-0.03659,-0.12811,0.00299,0.0,
3122397,1000,1724.0,-0.2090,0.8118,-5.6252,-0.03059,-0.04711,-0.01901,0.0,
3122417,1000,1724.0,0.1610,-1.1472,-3.6962,0.10641,-0.02411,-0.02201,0.0,
3122437,1000,1724.0,-1.3840,1.1888,-6.2762,-0.12659,-0.05811,-0.01001,0.0,
3122457,1000,1724.0,-1.0090,-0.8362,-4.5832,0.10441,-0.07911,-0.03401,0.0,
3122477,1000,1724.0,0.6240,-1.0392,-5.5312,0.07241,0.07689,-0.01701,0.0,
3122497,1000,1724.0,-0.2550,0.7998,-3.3682,-0.07659,0.03589,-0.03801,0.0,
3122517,1000,1724.0,1.7040,-0.1522,-4.6002,-0.05259,0.19189,-0.00901,0.0,
3122537,1000,1724.0,0.0440,-0.7602,-3.9292,0.08541,-0.02611,-0.01701,0.0,
3122557,1000,1724.0,1.2990,-0.0782,-4.5192,-0.00859,0.15189,-0.02601,0.0,
3122577,1000,1724.0,0.0810,0.2968,-4.1262,-0.03759,0.05989,-0.00701,0.0,
3122597,1000,1724.0,-0.8120,0.3808,-4.8332,-0.01659,-0.08611,-0.04201,0.0,
3122617,1000,1724.0,-0.7330,-0.5762,-4.3032,0.05741,-0.03711,-0.02001,0.0,
3122637,1000,1724.0,0.7250,-0.8622,-4.9272,0.07441,0.07089,-0.01301,0.0,
3122657,1000,1724.0,-0.1850,0.0868,-4.7722,0.02541,-0.03111,-0.04901,0.0,
3122677,1000,1724.0,-1.0710,-0.4812,-4.4762,0.02941,-0.10111,-0.04401,0.0,
3122697,1000,1724.0,-0.6800,-0.4282,-6.5642,0.04141,-0.04711,-0.00801,0.0,
3122717,1000,1724.0,-0.3720,-0.0572,-4.6682,0.00441,-0.08811,-0.01901,0.0,
3122737,1000,1724.0,-0.6900,-0.8742,-4.8622,0.09541,0.00889,-0.02801,0.0,
3122757,1000,1724.0,0.4230,0.6628,-4.4612,-0.06559,0.01689,-0.03201,0.0,
3122777,1000,1724.0,0.2400,-0.4262,-4.6782,0.07341,0.02389,-0.02601,0.0,
3122797,1000,1724.0,-0.3820,-1.4732,-4.4002,0.08041,0.11389,-0.00501,0.0,
3122817,1000,1724.0,0.5440,0.6438,-5.0922,-0.04759,0.07489,-0.03901,0.0,
3122837,1000,1724.0,0.8930,0.5978,-2.1922,-0.05959,0.01689,-0.00701,0.0,
3122857,1000,1724.0,0.5640,-0.4892,-4.7382,0.03441,0.09889,-0.02101,0.0,
3122877,1000,1724.0,-0.4850,-0.2852,-4.5232,0.00441,0.00089,-0.02201,0.0,
3122897,1000,1724.0,0.3200,0.2308,-5.2582,-0.00859,0.03989,-0.01601,0.0,
3122917,1000,1724.0,-1.6120,0.3638,-5.2462,-0.01559,-0.13911,-0.05101,0.0,
3122937,1000,1724.0,-0.8370,-0.1852,-4.7992,0.02641,-0.05111,-0.02301,0.0,
3122957,1000,1724.0,0.0870,0.0108,-4.2132,-0.00659,0.03989,-0.01201,0.0,
3122977,1000,1724.0,-1.1200,-0.3432,-6.0392,0.04241,-0.13811,-0.02801,0.0,
3122997,1000,1724.0,-0.2430,-0.1372,-5.0772,0.03341,-0.00111,-0.02301,0.0,
3123017,1000,1724.0,-0.1430,-0.3402,-3.9512,0.03941,-0.02411,-0.02301,0.0,
3123037,1000,1724.0,-0.0000,0.3618,-4.9672,-0.00759,-0.03511,-0.03201,0.0,
3123057,1000,1724.0,0.5160,-1.3802,-4.1842,0.11941,0.05689,-0.01001,0.0,
3123077,1000,1724.0,0.9260,0.4998,-5.1082,-0.07959,0.09689,-0.01101,0.0,
3123097,1000,1724.0,0.2580,-0.2212,-3.4412,-0.00759,0.14489,-0.02901,0.0,
3123117,1000,1724.0,-0.0580,-0.1002,-4.6032,0.00341,0.01089,-0.00101,0.0,
3123137,1000,1724.0,-0.4080,-0.4072,-3.8642,0.03741,-0.07511,-0.02401,0.0,
3123157,1000,1724.0,-0.1980,-0.2032,-5.0802,0.01041,0.03589,-0.01401,0.0,
3123177,1000,1724.0,-0.1380,-0.3882,-4.6782,0.02941,-0.00011,-0.01301,0.0,
3123197,1000,1724.0,0.1720,-0.6392,-4.7042,0.05841,0.01389,-0.03401,0.0,
3123217,1000,1724.0,-0.2980,-0.1372,-5.6702,0.01041,0.00689,-0.00701,0.0,
3123237,1000,1724.0,-1.1130,-0.4112,-5.4122,0.04841,-0.12511,-0.02401,0.0,
3123257,1000,1724.0,0.2900,0.1028,-4.4102,-0.01059,0.02789,-0.03101,0.0,
3123277,1000,1724.0,0.1280,-0.1092,-4.2432,-0.02759,0.01589,-0.00701,0.0,
3123297,1000,1724.0,-0.2520,0.3778,-5.7692,-0.02859,-0.04211,-0.02401,0.0,
3123317,1000,1724.0,0.1760,0.6708,-4.5852,-0.02559,-0.00311,-0.02201,0.0,
3123337,1000,1724.0,0.9310,-1.0842,-4.8902,0.00041,0.14489,0.01499,0.0,
3123357,1000,1724.0,-0.3310,-0.1152,-3.7942,-0.00459,-0.01511,-0.03101,0.0,
3123377,1000,1724.0,0.7170,0.4668,-3.7382,-0.02259,0.07489,-0.01101,0.0,
3123397,1000,1724.0,0.4740,-0.0542,-4.9452,0.01341,0.13889,-0.01001,0.0,
3123417,1000,1724.0,-1.6460,0.0838,-4.7992,0.00741,-0.12711,-0.04301,0.0,
3123437,1000,1724.0,0.8210,-0.2092,-4.3892,0.01141,0.08089,-0.00701,0.0,
3123457,1000,1724.0,-1.0710,0.0558,-4.8262,0.03641,-0.10311,-0.02001,0.0,
3123477,1000,1724.0,-1.5160,-0.1052,-5.0312,0.01241,-0.09511,-0.01301,0.0,
3123497,1000,1724.0,-0.5540,0.3348,-4.2592,-0.03859,-0.03311,-0.02601,0.0,
3123517,1000,1724.0,-1.0730,0.1848,-6.1752,0.01241,-0.13011,-0.02401,0.0,
3123537,1000,1724.0,-0.6190,0.7318,-4.3132,-0.08459,-0.04511,-0.01801,0.0,
3123557,1000,1724.0,0.4760,-0.8072,-3.9642,0.03341,0.08089,-0.02101,0.0,
3123577,1000,1724.0,-0.5550,0.1978,-5.6012,-0.01159,-0.06511,-0.02001,0.0,
3123597,1000,1724.0,0.3850,0.2308,-5.1832,-0.00859,0.03889,-0.02701,0.0,
3123617,1000,1724.0,0.0350,-0.6702,-4.9052,-0.01159,0.05389,-0.03301,0.0,
3123637,1000,1724.0,0.3600,-0.2112,-3.6072,0.02841,0.04889,-0.02601,0.0,
3123657,1000,1724.0,-0.3720,0.3458,-4.6292,-0.02359,0.00189,-0.02001,0.0,
3123677,1000,1724.0,1.0020,0.0118,-4.4072,-0.02859,0.11289,-0.00501,0.0,
3123697,1000,1724.0,-0.5800,-0.1592,-5.6352,0.04341,-0.00411,-0.02001,0.0,
3123717,1000,1724.0,-1.2850,-0.4012,-4.4062,0.01741,-0.10911,-0.00101,0.0,
3123737,1000,1724.0,0.1310,-0.2352,-4.2012,0.02541,-0.00411,-0.04001,0.0,
3123757,1000,1724.0,-1.3500,-0.2552,-5.6602,0.05441,-0.09711,-0.01201,0.0,
3123777,1000,1724.0,-0.4640,-0.7302,-5.1592,0.05541,-0.02111,-0.02201,0.0,
3123797,1000,1724.0,-0.2770,-0.3252,-4.3982,0.00241,-0.04411,-0.03501,0.0,
3123817,1000,1724.0,-0.4890,0.3198,-4.7452,-0.00259,-0.06711,-0.01601,0.0,
3123837,1000,1724.0,0.4940,-1.5202,-3.9302,0.09341,0.07789,-0.02401,0.0,
3123857,1000,1724.0,-0.7930,-0.2732,-5.1362,0.01441,-0.06511,-0.04001,0.0,
3123877,1000,1724.0,1.0290,0.6948,-4.3352,-0.03559,0.06089,-0.02601,0.0,
3123897,1000,1724.0,0.8700,0.0498,-4.6012,-0.03659,0.09389,-0.02601,0.0,
3123917,1000,1724.0,-0.7290,-0.3462,-3.5312,0.02741,-0.04311,-0.01501,0.0,
3123937,1000,1724.0,0.5300,-0.6862,-4.9852,0.03441,0.11689,-0.00401,0.0,
3123957,1000,1724.0,1.1630,0.8868,-4.5732,-0.04359,0.04689,-0.02401,0.0,
3123977,1000,1724.0,-0.3250,-0.0232,-5.2472,0.01041,0.03389,-0.03501,0.0,
3123997,1000,1724.0,-1.6430,-0.3922,-4.6022,0.03541,-0.13111,-0.00701,0.0,
3124017,1000,1724.0,-0.3480,-0.0662,-5.4012,0.00941,-0.04011,-0.01101,0.0,
3124037,1000,1724.0,0.1870,-0.5242,-4.3212,0.06841,0.03189,-0.04501,0.0,
3124057,1000,1724.0,-1.6030,-0.3792,-5.6992,0.01741,-0.14211,-0.02601,0.0,
3124077,1000,1724.0,0.1540,0.2848,-4.6032,-0.00159,-0.01511,-0.03101,0.0,
3124097,1000,1724.0,0.2710,0.0338,-4.2222,-0.00759,0.04289,0.00799,0.0,
3124117,1000,1724.0,-0.2340,-1.0132,-3.4312,0.04441,-0.01811,-0.04301,0.0,
3124137,1000,1724.0,1.0040,1.0478,-5.2282,-0.08859,0.10389,-0.01501,0.0,
3124157,1000,1724.0,-0.3210,0.4448,-5.0452,-0.04359,0.04689,-0.01301,0.0,
3124177,1000,1724.0,1.0270,-0.5572,-4.1692,0.01441,0.04489,-0.04201,0.0,
3124197,1000,1724.0,-0.3660,-0.1892,-3.8672,0.01041,-0.00811,-0.00301,0.0,
3124217,1000,1724.0,-0.0270,-0.8962,-4.2742,0.07941,0.01689,-0.02101,0.0,
3124237,1000,1724.0,0.6240,0.3488,-4.4172,-0.04959,0.02589,-0.02401,0.0,
3124257,1000,1724.0,-0.7740,0.1938,-5.9462,-0.01459,-0.04311,-0.02101,0.0,
3124277,1000,1724.0,-0.8990,0.2938,-4.8102,-0.03159,-0.01311,-0.01901,0.0,
3124297,1000,1724.0,-2.3790,-0.1122,-6.2402,0.00941,-0.24411,0.00499,0.0,
3124317,1000,1724.0,-1.5920,-0.1032,-4.8852,0.03741,-0.10211,-0.01701,0.0,
3124337,1000,1724.0,0.3320,-0.0102,-4.5522,-0.00959,0.04289,-0.04101,0.0,
3124357,1000,1724.0,-1.3290,0.5208,-4.7892,-0.03359,-0.15111,-0.01901,0.0,
3124377,1000,1724.0,-0.3370,-0.6712,-3.7222,0.02841,0.01789,0.00099,0.0,
3124397,1000,1724.0,-0.2420,-1.0012,-4.7202,0.10941,-0.04611,-0.04601,0.0,
3124417,1000,1724.0,0.4440,0.9758,-4.1362,-0.08359,0.06089,-0.01801,0.0,
3124437,1000,1724.0,0.3210,-0.2592,-4.5232,-0.02759,0.09289,-0.00201,0.0,
3124457,1000,1724.0,0.3620,-0.4112,-4.8172,0.05241,0.02889,-0.05001,0.0,
3124477,1000,1724.0,0.7000,-0.0052,-4.0122,-0.00959,0.07789,-0.01401,0.0,
3124497,1000,1724.0,-0.3550,-0.9622,-4.0082,0.05641,-0.01211,-0.03201,0.0,
3124517,1000,1724.0,0.1680,0.2708,-5.5432,-0.03959,0.00289,-0.02901,0.0,
3124537,1000,1724.0,0.3830,0.4738,-5.7962,0.01041,0.01689,-0.01801,0.0,
3124557,1000,1724.0,-0.3630,-1.0782,-4.0632,0.07941,-0.03611,-0.01001,0.0,
3124577,1000,1724.0,-1.2630,0.5568,-5.4682,-0.05859,-0.09411,-0.02201,0.0,
3124597,1000,1724.0,-0.4160,-0.4332,-4.9872,0.07241,-0.04311,-0.01201,0.0,
3124617,1000,1724.0,-0.5780,-0.1752,-5.1832,0.02641,-0.04811,-0.05001,0.0,
3124637,1000,1724.0,-0.7100,0.4798,-5.5042,-0.05859,-0.04111,-0.00201,0.0,
3124657,1000,1724.0,0.3120,-0.5102,-2.9222,0.02441,0.06689,-0.00901,0.0,
3124677,1000,1724.0,0.2970,-0.0632,-4.6002,-0.01159,0.04389,-0.01901,0.0,
3124697,1000,1724.0,-0.3300,0.6288,-5.0022,-0.06659,0.06489,-0.03301,0.0,
3124717,1000,1724.0,1.0020,-1.0422,-3.3192,0.07841,0.07189,-0.02001,0.0,
3124737,1000,1724.0,-0.0590,-0.2992,-5.3092,0.04541,0.00089,-0.02701,0.0,
3124757,1000,1724.0,-1.5650,0.9708,-4.3562,-0.08359,-0.09611,-0.01201,0.0,
3124777,1000,1724.0,-0.5200,-1.4592,-4.4932,0.12641,-0.12611,-0.01701,0.0,
3124797,1000,1724.0,-0.1650,0.4648,-6.0202,-0.03859,-0.05211,-0.02301,0.0,
3124817,1000,1724.0,-1.1810,0.4838,-5.4922,-0.02759,0.01089,-0.02801,0.0,
3124837,1000,1724.0,-0.7380,-0.6092,-4.3952,0.04241,-0.07911,-0.01801,0.0,
3124857,1000,1724.0,0.2550,-0.6132,-5.3362,0.04241,0.00889,-0.01601,0.0,
3124877,1000,1724.0,0.1120,-0.3842,-4.4862,0.02041,0.03689,-0.02401,0.0,
3124897,1000,1724.0,0.3100,-0.1722,-4.6632,-0.00259,0.02189,-0.02901,0.0,
3124917,1000,1724.0,0.0600,0.0368,-4.8822,0.00841,0.04489,-0.00201,0.0,
3124937,1000,1724.0,0.6030,-1.6122,-4.4152,0.12941,0.07189,-0.01901,0.0,
3124957,1000,1724.0,-0.0580,0.2338,-3.9172,-0.02059,0.02489,-0.03401,0.0,
3124977,1000,1724.0,0.3590,0.0788,-4.4342,-0.03659,0.06589,-0.00301,0.0,
3124997,1000,1724.0,-0.4680,-1.4732,-4.1432,0.11641,-0.02211,-0.04001,0.0,
3125017,1000,1724.0,-1.5300,0.3988,-6.4602,-0.01059,-0.11911,-0.01601,0.0,
3125037,1000,1724.0,-1.1210,0.4418,-4.3322,-0.02759,-0.08011,-0.01001,0.0,
3125057,1000,1724.0,-0.6510,-0.0822,-5.4202,0.00141,-0.04311,-0.01601,0.0,
3125077,1000,1724.0,-1.3030,-0.1752,-5.7502,0.01941,-0.15011,-0.03301,0.0,
3125097,1000,1724.0,0.2970,-0.0912,-4.9722,0.01041,0.05189,-0.00101,0.0,
3125117,1000,1724.0,0.4460,-0.6602,-3.8042,0.02941,0.03689,-0.02501,0.0,
3125137,1000,1724.0,0.7800,-0.5452,-4.6502,0.05441,0.04389,-0.05101,0.0,
3125157,1000,1724.0,0.6160,-0.4042,-4.7132,-0.00959,0.07689,-0.00401,0.0,
3125177,1000,1724.0,-1.8950,0.5458,-5.5552,-0.02459,-0.16511,0.00699,0.0,
3125197,1000,1724.0,1.1870,-0.5802,-3.5502,0.07141,0.17189,-0.04701,0.0,
3125217,1000,1724.0,0.0640,-0.9642,-3.8982,0.05441,0.02189,-0.03001,0.0,
3125237,1000,1724.0,0.3820,0.3408,-4.8192,0.00141,0.04789,-0.01301,0.0,
3125257,1000,1724.0,0.6560,-0.1682,-3.8842,-0.01059,0.06289,-0.01201,0.0,
3125277,1000,1724.0,-0.6870,-0.0812,-4.9902,0.00541,-0.03011,-0.02501,0.0,
3125297,1000,1724.0,-1.3320,0.7138,-5.0972,-0.04659,-0.09611,-0.00401,0.0,
3125317,1000,1724.0,0.2520,-0.0022,-4.8232,0.00641,-0.05911,0.00299,0.0,
3125337,1000,1724.0,-1.2900,-0.4272,-5.2572,0.01841,-0.07611,-0.04201,0.0,
3125357,1000,1724.0,-1.1990,0.3438,-5.2322,-0.01059,-0.05211,-0.01601,0.0,
3125377,1000,1724.0,-1.0700,0.3678,-5.1442,-0.03959,-0.13511,-0.01401,0.0,
3125397,1000,1724.0,-0.4150,-0.0162,-3.2682,-0.02259,0.00789,0.00199,0.0,
3125417,1000,1724.0,-0.2850,-0.0562,-5.4072,0.01041,0.00489,-0.00701,0.0,
3125437,1000,1724.0,0.3130,0.5448,-4.4812,-0.06059,0.07289,-0.00701,0.0,
3125457,1000,1724.0,-0.7400,0.2708,-4.9972,-0.03359,-0.06711,-0.00301,0.0,
3125477,1000,1724.0,-0.3870,-0.5282,-5.0132,0.04841,-0.01811,-0.00501,0.0,
3125497,1000,1724.0,1.0370,-0.5412,-4.1492,0.02841,0.14189,0.00599,0.0,
3125517,1000,1724.0,-0.4590,0.4868,-4.8992,-0.03259,-0.00811,0.00799,0.0,
3125537,1000,1724.0,-0.9680,0.0608,-5.6852,-0.02159,-0.06911,0.00499,0.0,
3125557,1000,1724.0,-0.7390,0.3898,-6.3902,-0.01759,-0.06711,-0.01001,0.0,
3125577,1000,1724.0,-0.7420,-0.2022,-5.2332,0.02441,-0.04411,-0.01101,0.0,
3125597,1000,1724.0,-1.4450,-0.7762,-5.8822,0.04841,-0.11711,0.01699,0.0,
3125617,1000,1724.0,-0.1310,-0.5212,-7.2062,0.06841,-0.06711,-0.05601,0.0,
3125637,1000,1724.0,-0.3600,0.0878,-5.2892,0.00841,-0.08611,-0.01301,0.0,
3125657,1000,1724.0,-0.0140,0.0928,-5.3302,-0.02359,0.04389,-0.00101,0.0,
3125677,1000,1724.0,0.3820,1.0038,-4.4692,-0.10459,0.06589,0.01299,0.0,
3125697,1000,1724.0,-0.0440,-0.5972,-4.1092,0.05541,0.02589,-0.01301,0.0,
3125717,1000,1724.0,-0.2040,-0.6362,-5.7042,0.05341,-0.00511,-0.02401,0.0,
3125737,1000,1724.0,0.8750,-0.0332,-5.2472,-0.02459,0.10489,-0.01601,0.0,
3125757,1000,1724.0,-1.5660,0.2308,-5.4832,-0.00159,-0.11111,0.00199,0.0,
3125777,1000,1724.0,0.3630,-0.4272,-4.1522,0.01941,0.05189,-0.00401,0.0,
3125797,1000,1724.0,1.0370,-0.1902,-4.4572,0.01341,0.10989,-0.02101,0.0,
3125817,1000,1724.0,0.1410,-0.7742,-6.0202,0.06141,0.02789,-0.00101,0.0,
3125837,1000,1724.0,-0.5310,-0.3202,-6.1992,0.04941,-0.05211,-0.00101,0.0,
3125857,1000,1724.0,-0.2800,0.3568,-6.2852,-0.03559,-0.02611,0.00199,0.0,
3125877,1000,1724.0,-1.5240,0.4028,-5.4272,-0.02659,-0.10611,-0.00401,0.0,
3125897,1000,1724.0,-0.2340,-0.1872,-5.4382,0.02341,-0.03111,-0.02301,0.0,
3125917,1000,1724.0,1.2440,-0.9712,-6.4572,0.06541,0.07889,-0.02401,0.0,
3125937,1000,1724.0,-0.6720,0.6228,-4.3442,-0.04659,-0.05411,-0.00101,0.0,
3125957,1000,1724.0,-1.3450,0.6218,-5.9272,-0.05959,-0.08811,0.00899,0.0,
3125977,1000,1724.0,0.9780,-0.6692,-4.6192,0.02241,0.13289,-0.02801,0.0,
3125997,1000,1724.0,0.1430,-0.5992,-5.2572,0.06141,0.04389,-0.01801,0.0,
3126017,1000,1724.0,0.5540,0.5488,-5.3962,-0.03659,0.06389,-0.00601,0.0,
3126037,1000,1724.0,0.6580,0.1708,-4.3452,-0.00359,0.08089,-0.00301,0.0,
3126057,1000,1724.0,0.4830,-0.6652,-4.8242,0.04841,0.05689,-0.03601,0.0,
3126077,1000,1724.0,0.3000,-0.4502,-4.3582,0.05241,0.00689,-0.02201,0.0,
3126097,1000,1724.0,-1.7700,-0.3602,-7.8632,0.06041,-0.10111,0.01499,0.0,
3126117,1000,1724.0,-0.7460,0.6698,-5.5542,-0.06059,-0.06811,0.01299,0.0,
3126137,1000,1724.0,-0.3530,0.3198,-5.7052,-0.02859,-0.02411,-0.00401,0.0,
3126157,1000,1724.0,-0.9060,-0.1762,-6.5642,0.08141,-0.09811,0.00699,0.0,
3126177,1000,1724.0,-0.1280,-0.0872,-4.8952,0.00841,0.02689,-0.03101,0.0,
3126197,1000,1724.0,0.0940,0.0498,-5.9282,-0.01659,-0.02111,-0.05801,0.0,
3126217,1000,1724.0,1.1670,-0.6122,-4.7672,0.05141,0.12389,0.01699,0.0,
3126237,1000,1724.0,1.4280,-0.4632,-4.7122,0.01841,0.16489,0.02399,0.0,
3126257,1000,1724.0,0.0270,0.1968,-6.2202,-0.02459,0.02489,-0.01101,0.0,
3126277,1000,1724.0,-0.0020,-0.2732,-4.7482,-0.00059,0.08789,-0.01601,0.0,
3126297,1000,1724.0,-0.9760,0.4278,-6.8912,-0.01159,-0.07711,-0.02501,0.0,
3126317,1000,1724.0,0.0220,0.1168,-5.6252,0.01641,-0.02111,-0.02801,0.0,
3126337,1000,1724.0,-1.5030,-0.2832,-5.7042,0.01041,-0.16511,0.01299,0.0,
3126357,1000,1724.0,-0.7220,-0.4332,-5.9702,0.03441,-0.04611,-0.00501,0.0,
3126377,1000,1724.0,-0.8690,-0.0202,-5.3822,-0.00059,-0.09911,-0.01201,0.0,
3126397,1000,1724.0,-1.3680,-0.2342,-5.8042,0.04341,-0.08511,-0.00001,0.0,
3126417,1000,1724.0,0.7100,-0.3262,-5.4352,0.00341,0.05489,0.00299,0.0,
3126437,1000,1724.0,-0.2650,-0.6392,-5.0802,0.03841,0.00789,-0.00001,0.0,
3126457,1000,1724.0,-0.4300,-0.6122,-4.7472,0.06641,0.06589,-0.02701,0.0,
3126477,1000,1724.0,-0.3580,0.0828,-5.4742,-0.01359,-0.02111,-0.00301,0.0,
3126497,1000,1724.0,0.3300,-0.0642,-5.7492,-0.00559,-0.02411,-0.01201,0.0,
3126517,1000,1724.0,0.3810,-0.7242,-3.8932,0.03341,0.07689,-0.00001,0.0,
3126537,1000,1724.0,-0.4880,0.2298,-4.8982,-0.01859,-0.02811,-0.00701,0.0,
3126557,1000,1724.0,0.2200,0.1498,-4.8362,-0.02159,0.02189,0.00199,0.0,
3126577,1000,1724.0,0.1430,0.2928,-6.3102,0.00341,0.05989,-0.00601,0.0,
3126597,1000,1724.0,-0.9840,-0.2112,-6.1222,0.00241,-0.08811,0.00099,0.0,
3126617,1000,1724.0,1.1070,-0.1962,-4.8582,-0.01159,0.09789,-0.00801,0.0,
3126637,1000,1724.0,-1.0110,-0.8412,-6.5542,0.08841,-0.09411,-0.02101,0.0,
3126657,1000,1724.0,0.6050,-0.5482,-5.5432,0.04441,0.04089,-0.01401,0.0,
3126677,1000,1724.0,-0.3470,0.3698,-5.0642,-0.06059,-0.03411,0.01399,0.0,
3126697,1000,1724.0,-0.3140,-0.2322,-5.5332,0.00341,-0.00611,-0.00801,0.0,
3126717,1000,1724.0,0.4620,-1.0272,-5.1742,0.08141,0.04989,-0.00301,0.0,
3126737,1000,1724.0,0.8800,-0.8502,-4.9912,0.09741,0.07789,-0.02501,0.0,
3126757,1000,1724.0,0.5360,0.6568,-4.6332,-0.07759,0.14289,-0.00901,0.0,
3126777,1000,1724.0,-0.5960,0.0218,-4.9612,0.01341,-0.08611,0.00499,0.0,
3126797,1000,1724.0,0.4040,-1.1552,-4.2572,0.09041,0.08289,-0.00801,0.0,
3126817,1000,1724.0,0.3920,0.5998,-5.9772,-0.04059,0.05289,-0.01901,0.0,
3126837,1000,1724.0,-0.7510,0.3078,-5.9852,0.00641,-0.03311,-0.01001,0.0,
3126857,1000,1724.0,-0.4600,0.3888,-5.9972,-0.03059,-0.02011,0.00799,0.0,
3126877,1000,1724.0,-1.5310,-0.6572,-6.3052,0.04341,-0.16111,-0.01401,0.0,
3126897,1000,1724.0,0.0590,0.1298,-6.9692,-0.03159,-0.03111,-0.01001,0.0,
3126917,1000,1724.0,-1.3370,-1.1922,-5.4742,0.10141,-0.09311,-0.01001,0.0,
3126937,1000,1724.0,-0.7720,-0.3082,-5.9242,0.05641,-0.08711,0.00199,0.0,
3126957,1000,1724.0,0.8210,2.4048,-5.8232,-0.18359,0.03989,-0.02501,0.0,
3126977,1000,1724.0,-0.5330,0.1998,-6.0832,-0.01859,0.05789,-0.00001,0.0,
3126997,1000,1724.0,1.0440,-1.1292,-3.8512,0.04041,0.06389,-0.00101,0.0,
3127017,1000,1724.0,0.6030,-0.7312,-5.5542,0.06141,0.07689,-0.01801,0.0,
3127037,1000,1724.0,0.3300,-0.2612,-5.1242,0.02641,0.04389,-0.01101,0.0,
3127057,1000,1724.0,-0.1800,0.0988,-4.8442,-0.02059,0.01289,0.00399,0.0,
3127077,1000,1724.0,-0.5790,-0.4722,-5.6882,0.02741,0.00689,-0.00501,0.0,
3127097,1000,1724.0,-0.4430,-0.2012,-4.9972,-0.00859,-0.00711,0.00699,0.0,
3127117,1000,1724.0,-0.4590,0.1738,-5.2962,0.00641,-0.03411,-0.00201,0.0,
3127137,1000,1724.0,-1.3500,0.0968,-6.4582,0.02941,-0.10711,-0.00601,0.0,
3127157,1000,1724.0,-0.0680,-0.1272,-5.0342,0.01841,0.00289,0.00199,0.0,
3127177,1000,1724.0,0.3710,-0.3352,-5.3892,0.01041,0.01589,-0.00901,0.0,
3127197,1000,1724.0,-0.2570,-0.7852,-5.4922,0.05641,-0.01411,-0.01401,0.0,
3127217,1000,1724.0,0.2030,0.3508,-4.8782,-0.05059,0.04989,-0.00301,0.0,
3127237,1000,1724.0,1.3100,0.7908,-5.7842,-0.08359,0.10689,-0.00001,0.0,
3127257,1000,1724.0,0.8510,-0.8302,-4.6472,0.03241,0.09089,-0.01401,0.0,
3127277,1000,1724.0,-1.3860,-0.3382,-5.2672,0.02241,-0.05311,-0.01001,0.0,
3127297,1000,1724.0,-0.0080,-0.2662,-4.7072,0.02641,-0.00611,-0.01301,0.0,
3127317,1000,1724.0,-0.0780,0.6458,-5.6152,-0.05159,-0.00111,-0.00401,0.0,
3127337,1000,1724.0,-0.2500,-0.0752,-4.5772,0.00241,0.02789,0.00199,0.0,
3127357,1000,1724.0,0.7100,-0.5042,-5.4412,0.06541,0.09789,0.01199,0.0,
3127377,1000,1724.0,-0.3900,-0.4892,-4.9372,0.04741,-0.03811,-0.02901,0.0,
3127397,1000,1724.0,-1.0610,-0.4432,-6.2002,0.03641,-0.02911,-0.01701,0.0,
3127417,1000,1724.0,-2.9850,0.1558,-7.0202,0.01441,-0.29311,-0.00201,0.0,
3127437,1000,1724.0,0.5330,-1.2602,-5.9292,0.09241,0.04589,-0.00701,0.0,
3127457,1000,1724.0,1.3380,-0.2172,-5.6922,-0.02159,0.12589,-0.00901,0.0,
3127477,1000,1724.0,-0.7060,-1.3392,-5.6582,0.12341,-0.10111,-0.01001,0.0,
3127497,1000,1724.0,1.2140,0.5628,-5.6972,-0.05759,0.14089,-0.01001,0.0,
3127517,1000,1724.0,0.0050,0.8668,-5.7672,-0.09459,0.01389,-0.01901,0.0,
3127537,1000,1724.0,1.4010,0.0758,-3.4962,-0.01359,0.19389,0.00099,0.0,
3127557,1000,1724.0,0.3040,0.1808,-5.2202,-0.01659,0.09389,0.00399,0.0,
3127577,1000,1724.0,-0.0880,-0.7122,-5.4862,0.06041,0.03189,-0.03401,0.0,
3127597,1000,1724.0,0.3330,-0.4022,-4.4922,0.01641,-0.01411,-0.00201,0.0,
3127617,1000,1724.0,-1.5350,0.3358,-6.8552,-0.00559,-0.11911,-0.00101,0.0,
3127637,1000,1724.0,-1.3550,0.4568,-5.7782,-0.02559,-0.08611,0.00299,0.0,
3127657,1000,1724.0,-0.4160,-0.0352,-5.1652,0.00941,-0.09711,-0.01301,0.0,
3127677,1000,1724.0,-0.7670,0.2898,-5.8992,0.05141,-0.05311,-0.00601,0.0,
3127697,1000,1724.0,-0.0400,-0.4232,-5.5372,0.03141,0.03589,-0.00301,0.0,
3127717,1000,1724.0,-1.3210,-0.5482,-5.5262,0.03441,-0.14211,-0.03201,0.0,
3127737,1000,1724.0,-0.0860,1.0208,-5.5302,-0.08259,0.03689,-0.01401,0.0,
3127757,1000,1724.0,-0.8590,-0.1442,-5.1002,0.01741,-0.05911,-0.01001,0.0,
3127777,1000,1724.0,0.7500,-0.1022,-4.7052,-0.01859,0.11589,-0.00201,0.0,
3127797,1000,1724.0,-0.0370,0.4458,-5.3872,-0.05659,0.03689,0.00299,0.0,
3127817,1000,1724.0,0.4280,-0.2662,-5.4352,-0.02359,0.05689,-0.01701,0.0,
3127837,1000,1724.0,0.6210,-0.5052,-5.5582,0.01041,0.09289,0.00399,0.0,
3127857,1000,1724.0,-0.4760,-0.3662,-4.9962,0.06541,-0.03511,-0.01701,0.0,
3127877,1000,1724.0,-0.5400,-0.0812,-5.6622,0.00641,-0.08811,-0.00301,0.0,
3127897,1000,1724.0,-0.6910,-0.1872,-5.7802,0.01841,-0.03611,-0.00001,0.0,
3127917,1000,1724.0,-0.3880,-0.4672,-5.8262,0.04641,-0.00211,-0.00201,0.0,
3127937,1000,1724.0,-0.3620,0.2808,-4.6802,-0.03459,-0.01211,0.00199,0.0,
3127957,1000,1724.0,-0.5850,-0.0232,-5.2022,-0.00159,-0.03311,-0.01601,0.0,
3127977,1000,1724.0,-1.1690,-0.5402,-5.3222,0.03641,-0.10611,0.00199,0.0,
3127997,1000,1724.0,0.1510,-0.7722,-5.3672,0.04341,0.00589,-0.01301,0.0,
3128017,1000,1724.0,-0.0440,0.1448,-5.5032,-0.06459,0.05589,-0.00401,0.0,
3128037,1000,1724.0,0.3870,-0.5382,-3.1802,0.03241,0.06489,-0.00101,0.0,
3128057,1000,1724.0,-0.0220,1.1948,-5.8032,-0.09059,0.01689,-0.01401,0.0,
3128077,1000,1724.0,0.5320,0.9968,-4.8552,-0.07459,0.08789,-0.00401,0.0,
3128097,1000,1724.0,-0.4260,-0.4992,-5.6282,0.02241,-0.01711,-0.01301,0.0,
3128117,1000,1724.0,-0.0580,0.0298,-6.2282,-0.04059,0.02189,0.01299,0.0,
3128137,1000,1724.0,-1.7710,-0.3272,-5.1032,0.05241,-0.15711,-0.02501,0.0,
3128157,1000,1724.0,-0.4500,0.1668,-5.5442,-0.00059,-0.05111,-0.00201,0.0,
3128177,1000,1724.0,-0.9240,-0.0532,-6.4122,0.01041,-0.06311,-0.00201,0.0,
3128197,1000,1724.0,-0.7810,-0.3942,-5.5962,0.03941,-0.05811,-0.01001,0.0,
3128217,1000,1724.0,0.7400,-0.4022,-5.5872,0.00441,0.06189,0.01499,0.0,
3128237,1000,1724.0,-0.3260,0.7528,-6.1412,-0.04259,-0.02511,-0.03801,0.0,
3128257,1000,1724.0,-0.5650,-0.6172,-4.5592,0.08541,0.05589,0.01599,0.0,
3128277,1000,1724.0,0.2470,-0.2982,-5.3292,-0.01459,0.03889,-0.00301,0.0,
3128297,1000,1724.0,0.8070,-0.0052,-5.6392,-0.01259,0.01089,-0.00801,0.0,
3128317,1000,1724.0,0.0340,-0.0632,-4.0642,-0.00459,0.06289,0.00299,0.0,
3128337,1000,1724.0,-0.5850,-0.0292,-4.5422,0.04141,-0.02111,-0.01001,0.0,
3128357,1000,1724.0,0.7190,0.5868,-5.3162,-0.06459,0.06389,-0.01601,0.0,
3128377,1000,1724.0,-1.4030,-0.3852,-5.8872,0.01941,-0.10411,0.00799,0.0,
3128397,1000,1724.0,-1.3160,-0.4312,-6.3972,0.03341,-0.09911,0.00799,0.0,
3128417,1000,1724.0,0.7340,-0.4392,-6.3262,0.04041,0.06589,-0.01501,0.0,
3128437,1000,1724.0,-1.0700,0.1368,-5.9362,0.00241,-0.17211,-0.02901,0.0,
3128457,1000,1724.0,-0.4810,-0.1732,-6.0572,-0.00059,-0.03911,-0.01101,0.0,
3128477,1000,1724.0,0.3040,-0.9352,-5.0942,0.07241,0.09689,-0.00101,0.0,
3128497,1000,1724.0,0.6320,-0.0662,-5.4542,-0.01159,0.06489,0.01299,0.0,
3128517,1000,1724.0,0.0860,0.4688,-5.5852,-0.04859,0.02689,-0.01001,0.0,
3128537,1000,1724.0,0.4100,-0.1382,-4.4672,0.00941,0.05989,-0.01901,0.0,
3128557,1000,1724.0,-0.2390,-0.2192,-4.4362,0.02441,0.01089,-0.00301,0.0,
3128577,1000,1724.0,-0.2630,-0.7702,-4.9062,0.00441,0.02489,-0.00001,0.0,
3128597,1000,1724.0,1.0330,0.3288,-6.1292,-0.02659,0.06389,-0.00201,0.0,
3128617,1000,1724.0,-0.6610,-0.2772,-5.4572,0.08041,-0.02811,-0.00701,0.0,
3128637,1000,1724.0,-1.0760,0.0108,-4.7012,0.01341,-0.04911,0.00699,0.0,
3128657,1000,1724.0,-0.0080,0.4398,-4.2412,-0.06159,0.01889,-0.01401,0.0,
3128677,1000,1724.0,-2.0900,0.1838,-6.8962,-0.02959,-0.16411,-0.01201,0.0,
3128697,1000,1724.0,-1.1360,0.1008,-5.1052,-0.02159,-0.09711,-0.00001,0.0,
3128717,1000,1724.0,0.3210,-0.1182,-5.8702,0.02441,0.00589,-0.01401,0.0,
3128737,1000,1724.0,0.2170,0.3418,-5.4662,-0.03059,-0.00711,-0.01801,0.0,
3128757,1000,1724.0,0.1810,-0.2772,-5.6002,-0.00359,0.03989,-0.01001,0.0,
3128777,1000,1724.0,-0.3260,-0.2582,-5.5992,0.00241,-0.01011,0.01399,0.0,
3128797,1000,1724.0,0.6340,1.3528,-4.3632,-0.09659,0.09489,-0.01801,0.0,
3128817,1000,1724.0,0.5120,-0.0692,-5.2442,0.00641,0.06689,-0.00801,0.0,
3128837,1000,1724.0,-0.3760,-0.6412,-5.4022,0.03441,0.02589,0.01399,0.0,
3128857,1000,1724.0,0.0540,-0.2722,-5.3752,-0.04759,0.04889,-0.00801,0.0,
3128877,1000,1724.0,0.3340,0.5038,-6.0002,0.03841,-0.01611,-0.00601,0.0,
3128897,1000,1724.0,-0.5020,-0.2632,-5.4322,0.01041,-0.00311,-0.01001,0.0,
3128917,1000,1724.0,-2.1310,0.2408,-6.5442,0.01541,-0.17111,-0.00301,0.0,
3128937,1000,1724.0,-0.4090,0.3208,-6.2142,-0.00859,-0.03611,-0.02701,0.0,
3128957,1000,1724.0,0.2940,-1.0212,-5.4092,0.05841,0.03689,0.00399,0.0,
3128977,1000,1724.0,-0.7200,-0.8722,-5.7722,0.05041,-0.07211,0.01299,0.0,
3128997,1000,1724.0,-0.2980,0.5308,-5.5512,-0.04659,-0.09511,-0.02401,0.0,
3129017,1000,1724.0,-0.3870,0.1378,-5.0552,0.00341,-0.05511,-0.01301,0.0,
3129037,1000,1724.0,1.4050,0.3638,-4.5772,-0.02259,0.21589,-0.02401,0.0,
3129057,1000,1724.0,0.1750,-0.4072,-5.1972,0.02441,0.08389,0.00399,0.0,
3129077,1000,1724.0,0.3220,-0.2552,-5.2102,-0.02659,0.10689,-0.00901,0.0,
3129097,1000,1724.0,0.1350,0.4568,-5.4402,-0.04059,0.02389,-0.00601,0.0,
3129117,1000,1724.0,-0.6690,-0.1482,-5.2562,0.02541,-0.05511,-0.02001,0.0,
3129137,1000,1724.0,0.0090,-0.5612,-5.3152,0.06341,0.01289,-0.01001,0.0,
3129157,1000,1724.0,-1.2410,0.2108,-6.2132,-0.00859,-0.16111,0.00799,0.0,
3129177,1000,1724.0,-0.6890,0.0418,-5.7852,-0.02359,-0.03311,-0.00301,0.0,
3129197,1000,1724.0,0.0570,-0.1752,-5.0472,0.02441,0.05489,-0.00401,0.0,
3129217,1000,1724.0,-1.0990,-0.4272,-5.5442,0.06041,-0.10211,-0.02301,0.0,
3129237,1000,1724.0,-0.0640,0.5028,-4.6202,-0.05659,0.02989,-0.01101,0.0,
3129257,1000,1724.0,0.4110,-0.2092,-5.7152,0.01341,0.05289,0.00499,0.0,
3129277,1000,1724.0,0.2410,0.0238,-5.2352,-0.02559,0.02589,-0.01101,0.0,
3129297,1000,1724.0,0.5780,0.1378,-4.2672,-0.06859,0.08189,-0.00101,0.0,
3129317,1000,1724.0,-0.4510,-0.3122,-4.7682,0.02941,-0.04211,-0.01301,0.0,
3129337,1000,1724.0,0.3260,-0.3362,-4.7112,0.03141,0.06889,-0.01401,0.0,
3129357,1000,1724.0,-0.0430,0.2748,-5.8192,-0.01659,0.03189,-0.00901,0.0,
3129377,1000,1724.0,-0.0900,0.0788,-5.3522,-0.01359,0.01389,0.00799,0.0,
3129397,1000,1724.0,-0.9770,-0.7882,-5.2202,0.07641,-0.05911,0.01599,0.0,
3129417,1000,1724.0,-0.4060,-0.2692,-5.8702,0.02041,-0.02511,0.01499,0.0,
3129437,1000,1724.0,-0.0940,0.2348,-6.7712,-0.02159,-0.00811,0.02299,0.0,
3129457,1000,1724.0,-1.0040,-0.6952,-7.7512,0.04441,-0.11311,0.01199,0.0,
3129477,1000,1724.0,-1.0070,0.7288,-5.8652,-0.02759,-0.03911,-0.00801,0.0,
3129497,1000,1724.0,-0.1470,-1.7572,-6.1872,0.09641,-0.07111,0.03599,0.0,
3129517,1000,1724.0,1.2120,0.9628,-5.3192,-0.08959,0.17589,-0.04901,0.0,
3129537,1000,1724.0,-0.0390,-0.0052,-6.7372,0.00941,-0.01611,0.00899,0.0,
3129557,1000,1724.0,-0.9480,-0.3402,-6.6882,0.04241,-0.03611,0.04699,0.0,
3129577,1000,1724.0,1.2980,0.2518,-5.0752,-0.05359,0.22489,-0.01401,0.0,
3129597,1000,1724.0,0.4470,-0.1452,-5.8332,-0.01359,0.01189,-0.01201,0.0,
3129617,1000,1724.0,0.4230,1.7468,-6.3582,-0.15159,0.09189,0.05599,0.0,
3129637,1000,1724.0,-2.2630,-0.8192,-6.7542,0.09141,-0.13411,-0.02301,0.0,
3129657,1000,1724.0,-1.3420,-1.6592,-6.3852,0.16141,-0.16011,-0.01301,0.0,
3129677,1000,1724.0,0.3810,1.7498,-6.6212,-0.16759,0.09289,0.03499,0.0,
3129697,1000,1724.0,-1.6560,-0.4812,-5.4912,0.04441,-0.16411,-0.01201,0.0,
3129717,1000,1724.0,-1.7340,-2.2052,-7.4232,0.21941,-0.14711,-0.03101,0.0,
3129737,1000,1724.0,0.7440,1.2628,-5.7332,-0.04359,0.11789,0.05899,0.0,
3129757,1000,1724.0,0.6690,0.3928,-6.1002,-0.09159,0.03389,0.02499,0.0,
3129777,1000,1724.0,-0.8710,0.3978,-5.5102,-0.07559,-0.02711,-0.04101,0.0,
3129797,1000,1724.0,-0.1440,0.0918,-6.5892,0.03341,0.01589,0.00299,0.0,
3129817,1000,1724.0,1.1820,-0.9502,-6.2232,0.03941,0.13389,0.05999,0.0,
3129837,1000,1724.0,-1.3070,0.0528,-5.5322,-0.01259,-0.07311,-0.01801,0.0,
3129857,1000,1724.0,0.8510,-0.3732,-5.7782,0.08041,0.12589,-0.02501,0.0,
3129877,1000,1724.0,1.7350,-0.9732,-6.0702,0.03541,0.13089,0.02899,0.0,
3129897,1000,1724.0,-0.9320,1.5548,-5.9552,-0.14959,-0.01611,0.03199,0.0,
3129917,1000,1724.0,-0.7100,-1.0892,-6.1662,0.09041,-0.01411,0.00299,0.0,
3129937,1000,1724.0,-0.8880,-2.1592,-6.9742,0.20341,-0.13011,0.00599,0.0,
3129957,1000,1724.0,0.8510,2.3388,-6.2572,-0.25659,0.09089,0.02499,0.0,
3129977,1000,1724.0,-1.9210,-0.5752,-5.7442,0.07441,-0.17911,-0.01301,0.0,
3129997,1000,1724.0,-0.6070,-2.5002,-7.0552,0.22141,-0.01311,0.01299,0.0,
3130017,1000,1724.0,-0.0830,0.7958,-5.5812,-0.04859,0.02589,0.01899,0.0,
3130037,1000,1724.0,-0.0570,0.1898,-6.7732,-0.06559,-0.02211,-0.00501,0.0,
3130057,1000,1724.0,1.2430,-0.0932,-3.6532,-0.05559,0.20989,0.01799,0.0,
3130077,1000,1724.0,0.1020,0.1358,-6.8302,0.00141,0.12789,-0.02301,0.0,
3130097,1000,1724.0,-0.6050,-0.9092,-6.0552,0.06541,-0.14911,0.03599,0.0,
3130117,1000,1724.0,-0.5210,-0.6522,-5.1382,0.04741,0.05289,0.03599,0.0,
3130137,1000,1724.0,-0.1380,1.8828,-8.4982,-0.09159,0.03089,-0.02101,0.0,
3130157,1000,1724.0,1.2320,-0.7132,-5.0162,-0.02859,0.04689,0.00499,0.0,
3130177,1000,1724.0,-1.3090,1.0298,-6.8682,-0.08259,-0.05711,0.06699,0.0,
3130197,1000,1724.0,-0.4060,-1.3042,-6.9522,0.14741,-0.03411,-0.01801,0.0,
3130217,1000,1724.0,-0.9720,-1.1232,-6.4942,0.05041,-0.08211,-0.00801,0.0,
3130237,1000,1724.0,0.3640,2.3688,-6.9762,-0.22559,0.01689,-0.00301,0.0,
3130257,1000,1724.0,-0.7880,-0.2422,-5.7922,0.06541,-0.05111,-0.00301,0.0,
3130277,1000,1724.0,0.1490,-2.7152,-5.5712,0.22141,0.03289,-0.00501,0.0,
3130297,1000,1724.0,1.0830,0.6328,-5.4842,-0.06459,0.18589,0.02999,0.0,
3130317,1000,1724.0,0.5280,-0.4052,-6.4462,0.00441,0.02889,-0.00401,0.0,
3130337,1000,1724.0,0.5830,-0.0462,-6.1822,-0.04959,0.11389,-0.01801,0.0,
3130357,1000,1724.0,0.0320,0.5408,-5.2252,-0.01659,0.08989,-0.00201,0.0,
3130377,1000,1724.0,-0.6250,-0.4032,-6.3352,0.06341,-0.11511,0.04399,0.0,
3130397,1000,1724.0,-0.7870,-0.1692,-4.9462,0.00641,0.00989,0.01999,0.0,
3130417,1000,1724.0,-0.4360,0.0318,-8.4662,-0.03859,-0.04311,-0.02901,0.0,
3130437,1000,1724.0,0.4560,-0.2422,-7.3152,-0.02459,-0.02811,0.03399,0.0,
3130457,1000,1724.0,-0.3360,0.7748,-5.6482,-0.04059,0.01289,0.02899,0.0,
3130477,1000,1724.0,-1.7140,-1.3142,-7.3922,0.11241,-0.13311,-0.02801,0.0,
3130497,1000,1724.0,-0.1220,-0.9482,-5.9932,0.01641,-0.04711,0.01699,0.0,
3130517,1000,1724.0,0.8200,2.6708,-7.4952,-0.21159,0.09889,0.01099,0.0,
3130537,1000,1724.0,0.1770,-1.1062,-5.6602,0.10441,0.04089,-0.06001,0.0,
3130557,1000,1724.0,0.6010,-2.9512,-4.8402,0.22941,0.12489,0.00399,0.0,
3130577,1000,1724.0,1.1690,1.6638,-4.9122,-0.07659,0.17089,0.01999,0.0,
3130597,1000,1724.0,-0.8810,0.9638,-6.3422,-0.10659,-0.10611,-0.01901,0.0,
3130617,1000,1724.0,-0.6100,-1.6502,-5.5972,0.06441,0.01089,-0.00301,0.0,
3130637,1000,1724.0,-0.1970,0.2348,-7.3082,0.01441,0.01189,0.00199,0.0,
3130657,1000,1724.0,-3.0890,-0.3472,-7.5892,0.05541,-0.29311,0.04799,0.0,
3130677,1000,1724.0,-1.0010,0.3068,-5.5702,-0.01959,-0.08511,0.02399,0.0,
3130697,1000,1724.0,0.6730,0.4598,-7.5372,-0.04259,0.11989,-0.07401,0.0,
3130717,1000,1724.0,1.1550,-0.1552,-6.3992,-0.04259,0.02889,0.03599,0.0,
3130737,1000,1724.0,-0.1400,-0.3892,-6.1112,0.00941,0.03689,0.04699,0.0,
3130757,1000,1724.0,-1.6050,-0.9372,-6.6212,0.09441,-0.12511,-0.04301,0.0,
3130777,1000,1724.0,2.9730,-1.3902,-4.1722,0.02541,0.25589,0.01699,0.0,
3130797,1000,1724.0,0.3610,2.8548,-6.6142,-0.28359,0.09789,0.03799,0.0,
3130817,1000,1724.0,-0.6510,-0.2322,-6.4422,0.03041,-0.05011,-0.02701,0.0,
3130837,1000,1724.0,1.2610,-2.1232,-5.7122,0.18441,0.16089,-0.00101,0.0,
3130857,1000,1724.0,2.0010,0.2308,-5.3782,0.00241,0.21789,0.03399,0.0,
3130877,1000,1724.0,-1.3520,1.1288,-6.9522,-0.12359,-0.15411,-0.02601,0.0,
3130897,1000,1724.0,-1.1780,-1.6632,-6.0172,0.11841,-0.09011,-0.00301,0.0,
3130917,1000,1724.0,-0.0200,-0.4262,-6.2572,0.02741,0.05689,0.01799,0.0,
3130937,1000,1724.0,-2.1230,-0.3712,-6.7862,0.03841,-0.17811,0.02899,0.0,
3130957,1000,1724.0,-2.4480,0.5818,-6.1212,-0.02659,-0.24311,-0.01101,0.0,
3130977,1000,1724.0,2.1260,-0.2302,-6.8222,0.05841,0.26889,-0.03301,0.0,
3130997,1000,1724.0,0.2760,-0.1142,-6.0852,-0.04759,0.00089,0.00499,0.0,
3131017,1000,1724.0,-0.1220,0.4358,-6.3452,-0.07359,-0.00711,0.01799,0.0,
3131037,1000,1724.0,0.1280,-0.6952,-5.3022,0.11141,0.05789,-0.01001,0.0,
3131057,1000,1724.0,1.4520,-0.9472,-6.0622,-0.02659,0.11789,0.02299,0.0,
3131077,1000,1724.0,0.3790,1.8528,-5.7762,-0.22159,0.08889,-0.00701,0.0,
3131097,1000,1724.0,-0.5260,0.3608,-5.9382,0.02441,-0.01011,0.00399,0.0,
3131117,1000,1724.0,-0.0470,-1.7402,-6.5022,0.18241,0.02489,0.02699,0.0,
3131137,1000,1724.0,-1.6170,0.9058,-7.0742,-0.08059,-0.08711,-0.00001,0.0,
3131157,1000,1724.0,-0.1530,0.5308,-6.1822,-0.05559,-0.07911,-0.01101,0.0,
3131177,1000,1724.0,-0.1890,-1.6842,-6.6392,0.11841,-0.00511,0.00599,0.0,
3131197,1000,1724.0,-0.9390,-0.0232,-8.1952,-0.02959,-0.05911,-0.00901,0.0,
3131217,1000,1724.0,-1.5760,-0.2542,-6.8722,0.06041,-0.13511,0.03499,0.0,
3131237,1000,1724.0,-0.1790,-1.2312,-6.1422,0.11941,0.01089,0.03499,0.0,
3131257,1000,1724.0,1.5440,0.6488,-4.8622,-0.06959,0.16389,-0.05701,0.0,
3131277,1000,1724.0,-0.0040,0.1818,-4.4032,-0.05459,0.00789,0.00799,0.0,
3131297,1000,1724.0,-0.7550,-0.9122,-7.2642,0.10541,-0.05011,0.03099,0.0,
3131317,1000,1724.0,0.8260,1.6038,-5.4242,-0.08259,0.13789,-0.04701,0.0,
3131337,1000,1724.0,0.3070,-1.6792,-5.9322,0.07341,0.03689,-0.00701,0.0,
3131357,1000,1724.0,0.3240,1.6388,-6.3952,-0.15759,0.07089,0.04299,0.0,
3131377,1000,1724.0,-1.1840,0.8778,-5.6312,0.01441,-0.09711,-0.02701,0.0,
3131397,1000,1724.0,-1.0460,-2.8222,-7.0152,0.22041,-0.06011,0.02699,0.0,
3131417,1000,1724.0,0.6820,0.7678,-7.2842,-0.07759,0.11389,0.03699,0.0,
3131437,1000,1724.0,-1.1090,1.4228,-7.0692,-0.08959,-0.16811,-0.00001,0.0,
3131457,1000,1724.0,-0.2080,-1.2912,-6.2872,0.06641,-0.03111,-0.02701,0.0,
3131477,1000,1724.0,0.2990,-0.1072,-5.8092,0.05341,0.05989,0.01099,0.0,
3131497,1000,1724.0,-0.3200,0.8638,-7.5232,-0.05459,-0.04711,0.04799,0.0,
3131517,1000,1724.0,-0.3160,-0.5982,-6.3502,0.02341,0.00489,0.01599,0.0,
3131537,1000,1724.0,1.3460,-0.3282,-5.8752,0.01441,0.16489,-0.02301,0.0,
3131557,1000,1724.0,1.1120,0.1688,-4.7372,-0.04359,0.14289,0.03499,0.0,
3131577,1000,1724.0,-3.1210,0.8638,-5.8912,0.00641,-0.25811,0.04299,0.0,
3131597,1000,1724.0,-1.7120,-0.3342,-6.5172,0.01741,-0.10911,-0.03401,0.0,
3131617,1000,1724.0,0.6440,-0.1472,-6.4922,-0.03459,0.06889,0.02699,0.0,
3131637,1000,1724.0,-0.7680,0.8658,-7.5432,-0.09059,-0.07811,0.01199,0.0,
3131657,1000,1724.0,-1.3250,1.1238,-5.1982,-0.05059,-0.06511,-0.00501,0.0,
3131677,1000,1724.0,-1.0300,-3.4122,-6.8552,0.28641,-0.07111,0.02999,0.0,
3131697,1000,1724.0,0.8080,0.5358,-6.7422,-0.04859,0.07189,0.01899,0.0,
3131717,1000,1724.0,-1.8730,1.2788,-5.7632,-0.12159,-0.15711,-0.01501,0.0,
3131737,1000,1724.0,0.4200,-1.3662,-6.8412,0.08241,0.03789,0.00499,0.0,
3131757,1000,1724.0,1.0880,-0.1212,-5.3462,0.04641,0.16989,0.02499,0.0,
3131777,1000,1724.0,-0.4870,0.2108,-4.8772,-0.01759,0.00489,0.01599,0.0,
3131797,1000,1724.0,0.6710,-0.1582,-4.6492,0.01741,0.11589,0.00099,0.0,
3131817,1000,1724.0,2.3980,0.6228,-6.1372,-0.04659,0.22089,-0.01301,0.0,
3131837,1000,1724.0,-0.5670,-1.0892,-5.8912,0.07441,-0.01411,0.02399,0.0,
3131857,1000,1724.0,-3.6810,-0.7582,-7.2312,0.09141,-0.28711,0.03599,0.0,
3131877,1000,1724.0,0.3610,0.5658,-6.3112,-0.01859,-0.06011,-0.01401,0.0,
3131897,1000,1724.0,0.8130,-0.2092,-5.8752,-0.04159,0.17489,0.02099,0.0,
3131917,1000,1724.0,-1.6130,0.4448,-8.3482,-0.03859,-0.14611,0.00299,0.0,
3131937,1000,1724.0,-1.0130,1.0298,-6.7692,0.01041,-0.14811,-0.05401,0.0,
3131957,1000,1724.0,1.2980,-1.6952,-5.7262,0.12641,0.17189,0.04899,0.0,
3131977,1000,1724.0,-0.1600,0.2488,-5.6392,-0.07159,0.04289,0.00399,0.0,
3131997,1000,1724.0,0.0310,1.0278,-5.2952,-0.10859,0.01389,-0.02701,0.0,
3132017,1000,1724.0,0.9500,-2.4722,-6.3812,0.21441,0.10089,0.03299,0.0,
3132037,1000,1724.0,1.2410,-0.3812,-5.4822,-0.01459,0.20189,0.03299,0.0,
3132057,1000,1724.0,-0.8050,0.5218,-5.3242,-0.01459,-0.06111,-0.01101,0.0,
3132077,1000,1724.0,1.3880,-0.8672,-6.3822,0.08341,0.14189,0.01799,0.0,
3132097,1000,1724.0,0.4160,0.3258,-4.6202,-0.06659,0.06889,-0.00501,0.0,
3132117,1000,1724.0,-2.6210,-0.3902,-6.8792,0.04741,-0.21711,0.01599,0.0,
3132137,1000,1724.0,-1.5320,-0.8102,-7.0462,0.11641,-0.15311,0.01199,0.0,
3132157,1000,1724.0,-0.4710,-0.5002,-6.9842,0.02141,-0.03611,-0.01801,0.0,
3132177,1000,1724.0,0.2060,0.6888,-5.9212,-0.16059,-0.01111,0.02899,0.0,
3132197,1000,1724.0,-1.7480,1.3758,-5.2452,-0.02659,-0.13511,0.00499,0.0,
3132217,1000,1724.0,0.4040,-0.9282,-5.2902,0.07141,0.07389,0.01299,0.0,
3132237,1000,1724.0,0.7140,-0.3942,-5.5182,-0.00959,0.11789,0.00599,0.0,
3132257,1000,1724.0,0.1700,1.1378,-6.6312,-0.08759,-0.01711,-0.02201,0.0,
3132277,1000,1724.0,2.1090,-0.4652,-5.1712,0.04341,0.21989,0.04099,0.0,
3132297,1000,1724.0,-0.0710,-2.3852,-5.7782,0.16241,0.04289,0.02199,0.0,
3132317,1000,1724.0,-1.5770,0.1658,-6.5172,-0.00259,-0.09611,0.00199,0.0,
3132337,1000,1724.0,-1.5250,0.7868,-6.1982,-0.05259,-0.10411,0.02899,0.0,
3132357,1000,1724.0,-0.0030,0.4368,-6.9082,-0.05159,0.00489,-0.00801,0.0,
3132377,1000,1724.0,-1.3230,-0.2892,-6.3402,0.00441,-0.08611,0.00999,0.0,
3132397,1000,1724.0,-2.1610,-0.5342,-6.6262,0.11641,-0.17611,0.02899,0.0,
3132417,1000,1724.0,-0.9790,0.3478,-6.9822,-0.04359,-0.11611,-0.02401,0.0,
3132437,1000,1724.0,0.6830,0.6938,-6.6182,-0.14559,0.06189,0.00599,0.0,
3132457,1000,1724.0,-0.3250,0.3738,-7.2132,-0.02759,0.05689,0.04799,0.0,
3132477,1000,1724.0,-1.7610,0.6308,-4.3932,0.02041,-0.14911,-0.02501,0.0,
3132497,1000,1724.0,0.0700,-0.1862,-6.2912,-0.01859,0.03989,0.01499,0.0,
3132517,1000,1724.0,1.7930,-0.3422,-5.2692,-0.01059,0.24589,0.03399,0.0,
3132537,1000,1724.0,-0.7440,1.1768,-5.1162,-0.06659,-0.06311,-0.05201,0.0,
3132557,1000,1724.0,-0.2750,-1.3512,-5.9422,0.08341,-0.02511,0.02499,0.0,
3132577,1000,1724.0,-0.5800,-1.2552,-6.9622,0.10041,0.01689,0.04199,0.0,
3132597,1000,1724.0,-1.6660,0.4398,-6.2982,-0.02559,-0.13211,0.00599,0.0,
3132617,1000,1724.0,0.0500,-0.8612,-5.1162,0.02441,-0.07111,0.01399,0.0,
3132637,1000,1724.0,0.4010,0.1688,-8.7222,0.01441,0.12589,0.00699,0.0,
3132657,1000,1724.0,-1.3930,-0.3422,-5.8232,0.08141,-0.09511,0.01699,0.0,
3132677,1000,1724.0,-0.9110,-0.8132,-5.8942,0.09041,-0.08411,-0.00101,0.0,
3132697,1000,1724.0,1.0430,-0.3142,-5.8622,-0.01259,0.13489,-0.00001,0.0,
3132717,1000,1724.0,1.2930,0.0208,-5.6832,-0.05259,0.16189,-0.00201,0.0,
3132737,1000,1724.0,-1.4960,-0.5452,-6.7682,0.07041,-0.19411,0.00799,0.0,
3132757,1000,1724.0,1.6710,-0.3722,-5.1562,0.03241,0.19989,0.01499,0.0,
3132777,1000,1724.0,0.7590,0.7958,-5.2012,-0.08459,0.11489,0.01999,0.0,
3132797,1000,1724.0,-0.4990,0.4298,-5.5752,-0.02759,-0.03211,-0.01501,0.0,
3132817,1000,1724.0,-0.4280,-0.5382,-6.3732,0.07041,-0.00411,-0.00901,0.0,
3132837,1000,1724.0,-0.0270,-1.0822,-6.5922,0.10341,0.02489,0.06699,0.0,
3132857,1000,1724.0,-1.6120,-0.9052,-6.7962,0.07341,-0.10511,-0.01901,0.0,
3132877,1000,1724.0,-1.5120,0.6448,-7.4802,-0.04959,-0.15211,-0.01501,0.0,
3132897,1000,1724.0,0.7850,-0.2132,-5.8762,-0.02559,0.06489,0.03199,0.0,
3132917,1000,1724.0,-0.8890,0.0238,-6.8882,0.06341,-0.07311,-0.00201,0.0,
3132937,1000,1724.0,-2.1590,-1.1882,-5.4542,0.08941,-0.08111,0.02399,0.0,
3132957,1000,1724.0,2.1730,0.3118,-5.6402,-0.01059,0.16689,-0.01201,0.0,
3132977,1000,1724.0,1.7100,0.8768,-6.2842,-0.10259,0.14889,-0.02101,0.0,
3132997,1000,1724.0,-1.1850,-2.3052,-4.5322,0.15941,0.06189,0.02599,0.0,
3133017,1000,1724.0,-0.6140,0.0448,-6.9782,0.02841,-0.09911,-0.00001,0.0,
3133037,1000,1724.0,1.6410,1.5148,-5.9862,-0.11659,0.12489,0.02099,0.0,
3133057,1000,1724.0,-1.1140,-0.6412,-5.8762,-0.01959,-0.00211,0.00899,0.0,
3133077,1000,1724.0,-0.8730,0.7428,-7.5922,0.00941,-0.10011,-0.02501,0.0,
3133097,1000,1724.0,0.3900,-0.7842,-5.1782,0.10041,0.04589,0.05199,0.0,
3133117,1000,1724.0,-2.1940,-2.4462,-7.5772,0.13841,-0.18411,0.02199,0.0,
3133137,1000,1724.0,0.4120,0.5638,-6.9772,-0.02559,0.00089,-0.04801,0.0,
3133157,1000,1724.0,1.2650,0.3078,-6.6562,-0.07359,0.13089,0.03299,0.0,
3133177,1000,1724.0,-0.2290,-1.2292,-6.8592,0.11041,-0.05611,0.00399,0.0,
3133197,1000,1724.0,-1.9610,-0.6822,-4.6032,0.08441,-0.10411,-0.02301,0.0,
3133217,1000,1724.0,0.9070,-0.5672,-5.5412,0.00441,0.16989,0.04199,0.0,
3133237,1000,1724.0,1.7490,0.3588,-5.3612,-0.03159,0.12489,0.00099,0.0,
3133257,1000,1724.0,-1.0740,0.2758,-6.0882,0.01441,-0.04711,-0.01001,0.0,
3133277,1000,1724.0,0.4970,-0.7872,-5.7702,0.08641,0.06989,0.02599,0.0,
3133297,1000,1724.0,-0.5280,1.0868,-5.6642,-0.08159,-0.09711,-0.00801,0.0,
3133317,1000,1724.0,-0.9150,0.2348,-6.1992,-0.08759,-0.05411,0.00999,0.0,
3133337,1000,1724.0,-1.0530,-0.4262,-6.4122,0.04741,-0.01311,0.00299,0.0,
3133357,1000,1724.0,-1.6160,0.4488,-7.9702,-0.00959,-0.12011,0.03699,0.0,
3133377,1000,1724.0,-0.2480,-1.0252,-6.2562,0.04741,0.00289,0.02099,0.0,
3133397,1000,1724.0,-0.4320,0.1358,-6.0412,0.02441,-0.01911,-0.03101,0.0,
3133417,1000,1724.0,1.5230,0.2688,-6.4462,-0.03759,0.14589,0.04899,0.0,
3133437,1000,1724.0,-0.2340,-0.8392,-6.5282,-0.00859,0.00989,0.05199,0.0,
3133457,1000,1724.0,0.5530,-0.5432,-6.9352,-0.00059,0.05289,0.05999,0.0,
3133477,1000,1724.0,2.1730,-0.1762,-6.1492,-0.01759,0.26589,0.03899,0.0,
3133497,1000,1724.0,1.1050,-1.2352,-6.0342,0.03541,0.11389,0.03299,0.0,
3133517,1000,1724.0,0.5170,-0.9222,-6.9592,0.06641,0.19589,0.02699,0.0,
3133537,1000,1724.0,-2.3080,0.2268,-7.1702,0.04541,-0.16211,0.03399,0.0,
3133557,1000,1724.0,0.6600,0.9278,-7.6212,-0.13459,0.07589,0.02199,0.0,
3133577,1000,1724.0,-0.6560,1.2198,-8.0962,-0.03959,-0.09511,-0.03701,0.0,
3133597,1000,1724.0,-0.9030,0.2828,-7.4212,0.03641,-0.17611,0.01499,0.0,
3133617,1000,1724.0,-0.1190,-1.5542,-6.7512,0.02841,0.02089,0.02399,0.0,
3133637,1000,1724.0,-0.4240,0.0678,-7.0212,0.01241,0.02089,0.03999,0.0,
3133657,1000,1724.0,0.2220,-1.1122,-7.2312,0.03741,0.05089,0.07699,0.0,
3133677,1000,1724.0,0.4270,1.5148,-6.5792,-0.13759,0.09989,0.04899,0.0,
3133697,1000,1724.0,-0.3090,0.2948,-7.9812,0.00441,-0.00311,-0.00901,0.0,
3133717,1000,1724.0,1.0730,-0.8592,-5.7302,0.02841,0.13189,-0.04401,0.0,
3133737,1000,1724.0,-1.0120,-0.5892,-7.0352,0.08341,-0.02811,0.02499,0.0,
3133757,1000,1724.0,-0.1320,-0.3452,-7.2872,0.01541,-0.03411,0.05399,0.0,
3133777,1000,1724.0,0.7540,-0.9032,-6.4672,0.01041,0.10789,0.03899,0.0,
3133797,1000,1724.0,0.4710,-0.5412,-6.9462,0.05441,0.08289,0.01699,0.0,
3133817,1000,1724.0,-0.9360,-1.2392,-7.0112,0.07641,-0.07011,0.01699,0.0,
3133837,1000,1724.0,-2.3240,0.6638,-8.8232,-0.03759,-0.11011,0.02899,0.0,
3133857,1000,1724.0,-0.2840,1.8558,-7.0192,-0.13659,-0.06111,0.00999,0.0,
3133877,1000,1724.0,0.7950,-0.5892,-7.4142,0.01341,0.07689,0.01199,0.0,
3133897,1000,1724.0,0.0910,-0.5532,-7.4982,0.07341,-0.02611,0.03099,0.0,
3133917,1000,1724.0,-1.1100,-0.1412,-6.1862,-0.01659,-0.04511,0.00699,0.0,
3133937,1000,1724.0,-0.2930,-0.9292,-6.8992,0.00541,-0.04211,0.01999,0.0,
3133957,1000,1724.0,1.3700,-0.3622,-7.3872,0.07441,0.17089,0.04599,0.0,
3133977,1000,1724.0,0.9870,0.3318,-5.5922,-0.04559,0.12989,0.05999,0.0,
3133997,1000,1724.0,0.4150,0.3998,-7.3702,-0.00759,0.08989,-0.02101,0.0,
3134017,1000,1724.0,-0.5840,-0.2332,-7.8632,0.01441,0.03389,-0.00201,0.0,
3134037,1000,1724.0,-0.6340,-1.1412,-6.1782,0.06941,-0.04811,0.01399,0.0,
3134057,1000,1724.0,-0.2650,0.4898,-6.5712,-0.02459,-0.05811,0.03299,0.0,
3134077,1000,1724.0,-0.3850,-0.0802,-8.2792,-0.03259,-0.04611,0.04599,0.0,
3134097,1000,1724.0,0.5420,-1.8812,-6.2192,0.16641,0.09389,0.02699,0.0,
3134117,1000,1724.0,-1.3400,0.2428,-8.2982,-0.02359,-0.12511,0.02199,0.0,
3134137,1000,1724.0,-1.1410,1.4108,-8.4322,-0.14759,-0.01811,0.01299,0.0,
3134157,1000,1724.0,0.2110,1.4278,-6.6052,-0.12959,0.02189,0.02099,0.0,
3134177,1000,1724.0,0.4590,-0.8722,-7.2272,0.06241,0.04489,0.01499,0.0,
3134197,1000,1724.0,1.5580,-1.2562,-5.5852,0.08741,0.14989,0.00399,0.0,
3134217,1000,1724.0,-1.0890,-0.7012,-7.5112,0.01341,-0.04611,0.00499,0.0,
3134237,1000,1724.0,-0.7400,-0.7582,-6.7142,-0.00259,-0.08711,0.03599,0.0,
3134257,1000,1724.0,1.2280,-0.3122,-6.1542,0.02141,0.20289,0.05299,0.0,
3134277,1000,1724.0,0.4640,0.5258,-7.0022,-0.04059,0.11789,0.05399,0.0,
3134297,1000,1724.0,0.1560,-0.0402,-7.1302,-0.00059,0.04589,-0.01401,0.0,
3134317,1000,1724.0,-0.6940,-0.8232,-8.1292,0.13841,-0.06111,-0.01001,0.0,
3134337,1000,1724.0,-2.5310,-0.6662,-6.7272,0.00441,-0.21611,0.02999,0.0,
3134357,1000,1724.0,-0.6250,0.7048,-6.9072,-0.08359,-0.03211,0.03399,0.0,
3134377,1000,1724.0,-1.0820,-1.3692,-8.3842,0.11241,-0.11611,0.04299,0.0,
3134397,1000,1724.0,0.1820,-0.8102,-7.3002,0.04641,0.04789,0.02799,0.0,
3134417,1000,1724.0,-0.0220,-0.1962,-6.6532,0.06741,-0.00411,0.03499,0.0,
3134437,1000,1724.0,0.1100,1.2688,-7.8642,-0.19959,0.03289,0.01399,0.0,
3134457,1000,1724.0,0.9510,1.6878,-6.1172,-0.12159,0.10589,0.00799,0.0,
3134477,1000,1724.0,1.0150,-2.2282,-6.2822,0.17341,0.13089,0.02399,0.0,
3134497,1000,1724.0,0.9960,-1.6832,-7.8072,0.04341,0.20189,0.00499,0.0,
3134517,1000,1724.0,-0.3890,-0.4892,-7.1092,0.05741,-0.07011,0.00599,0.0,
3134537,1000,1724.0,-1.4860,0.2668,-7.1052,-0.01359,-0.14111,0.05399,0.0,
3134557,1000,1724.0,0.7510,0.8068,-7.0732,-0.05759,0.13189,0.01599,0.0,
3134577,1000,1724.0,-0.1980,0.5718,-6.6192,-0.06159,0.07089,0.01499,0.0,
3134597,1000,1724.0,0.1840,-0.0462,-7.2132,-0.00459,0.05189,0.01399,0.0,
3134617,1000,1724.0,-2.9010,0.8488,-7.1092,0.03041,-0.25811,0.04999,0.0,
3134637,1000,1724.0,-1.1700,0.3458,-8.2492,-0.07559,-0.13011,0.03499,0.0,
3134657,1000,1724.0,0.2250,-0.9422,-6.4472,0.03941,0.02289,-0.01501,0.0,
3134677,1000,1724.0,-0.3840,-1.3732,-7.1642,0.11441,-0.01511,0.02099,0.0,
3134697,1000,1724.0,-0.8780,-0.2052,-8.2462,-0.01359,-0.01011,0.04499,0.0,
3134717,1000,1724.0,0.1000,1.0768,-6.2422,-0.06059,0.07489,0.02199,0.0,
3134737,1000,1724.0,1.5490,1.4208,-6.3252,-0.14159,0.19589,0.02699,0.0,
3134757,1000,1724.0,1.0570,-0.0212,-6.3262,0.00541,0.12689,0.00599,0.0,
3134777,1000,1724.0,0.1790,-0.4892,-7.9992,0.03941,0.02889,0.02599,0.0,
3134797,1000,1724.0,-0.0820,-1.7712,-6.5512,0.09741,-0.02911,-0.04501,0.0,
3134817,1000,1724.0,-0.0590,-0.3402,-7.1342,0.03641,0.01189,0.06499,0.0,
3134837,1000,1724.0,-1.3740,0.5448,-7.7322,-0.01859,-0.04811,0.07599,0.0,
3134857,1000,1724.0,-0.1160,1.5068,-6.3002,-0.16859,0.02189,0.00199,0.0,
3134877,1000,1724.0,0.7190,-0.0142,-8.0602,0.03141,0.11889,-0.01101,0.0,
3134897,1000,1724.0,-2.2730,-0.6852,-7.5772,0.04541,-0.16511,0.00999,0.0,
3134917,1000,1724.0,-1.4780,1.5338,-7.4162,-0.10659,-0.17311,0.02999,0.0,
3134937,1000,1724.0,0.8340,-1.0702,-8.1242,0.09841,0.05789,0.04199,0.0,
3134957,1000,1724.0,0.7650,-2.0492,-6.1032,0.10341,0.10989,0.02899,0.0,
3134977,1000,1724.0,0.0180,-0.8322,-7.1192,0.10641,0.03689,0.01399,0.0,
3134997,1000,1724.0,-1.9620,1.6768,-7.1312,-0.16759,-0.11611,0.01299,0.0,
3135017,1000,1724.0,0.0420,1.4818,-6.2472,-0.13959,0.04589,0.01699,0.0,
3135037,1000,1724.0,0.4980,0.1958,-6.2862,0.03541,0.09289,0.02099,0.0,
3135057,1000,1724.0,1.1580,-0.4082,-7.7932,0.00741,0.16089,0.04299,0.0,
3135077,1000,1724.0,0.6880,0.5258,-7.7742,-0.02659,0.07489,-0.00201,0.0,
3135097,1000,1724.0,-1.5620,-2.0842,-7.8452,0.12841,-0.16111,0.01499,0.0,
3135117,1000,1724.0,-1.3240,-0.8962,-7.5112,0.04041,-0.11411,0.03899,0.0,
3135137,1000,1724.0,-0.7470,0.5468,-5.9402,-0.01359,-0.05411,0.02899,0.0,
3135157,1000,1724.0,1.0410,0.4648,-7.6292,-0.09559,0.09189,0.00899,0.0,
3135177,1000,1724.0,1.7660,0.0218,-6.7702,0.03341,0.22989,0.02699,0.0,
3135197,1000,1724.0,-1.5740,0.2888,-7.8172,-0.01859,-0.09911,0.02899,0.0,
3135217,1000,1724.0,-1.1390,0.4718,-6.9202,-0.10259,-0.11811,0.02199,0.0,
3135237,1000,1724.0,0.6160,0.1978,-6.6202,0.00041,0.04489,0.02099,0.0,
3135257,1000,1724.0,0.4490,-1.6462,-7.6312,0.12741,0.08289,0.00899,0.0,
3135277,1000,1724.0,0.9290,-1.1242,-5.9602,0.07141,0.06189,0.01599,0.0,
3135297,1000,1724.0,-0.2550,0.3328,-6.0852,-0.01159,0.04089,0.05399,0.0,
3135317,1000,1724.0,-0.5860,1.1308,-6.7602,-0.16759,0.01289,0.02799,0.0,
3135337,1000,1724.0,-0.1490,-0.5012,-6.6972,0.07941,0.07389,0.03399,0.0,
3135357,1000,1724.0,-0.1630,0.3358,-8.6322,-0.03059,0.03389,0.00999,0.0,
3135377,1000,1724.0,-0.3790,-0.1402,-8.0202,-0.00059,-0.06411,-0.00801,0.0,
3135397,1000,1724.0,-1.2030,-1.0862,-8.7122,0.12341,-0.18011,0.01299,0.0,
3135417,1000,1724.0,-2.5270,-1.6362,-7.0932,0.09941,-0.18911,0.03799,0.0,
3135437,1000,1724.0,-0.3350,0.1498,-6.4462,-0.05959,0.01689,0.03399,0.0,
3135457,1000,1724.0,1.3820,0.3448,-7.1412,-0.05759,0.17989,0.02699,0.0,
3135477,1000,1724.0,1.0800,-0.1122,-7.0052,-0.01659,0.14389,0.00599,0.0,
3135497,1000,1724.0,-0.7530,1.1018,-7.2872,-0.01959,-0.03411,0.04399,0.0,
3135517,1000,1724.0,0.1510,1.0758,-6.1672,-0.12159,0.04689,0.00999,0.0,
3135537,1000,1724.0,-0.0370,0.4088,-7.4392,-0.06159,0.00889,0.02699,0.0,
3135557,1000,1724.0,0.3340,-2.7272,-7.6672,0.19741,0.12989,0.00999,0.0,
3135577,1000,1724.0,0.3200,-1.7062,-6.6812,0.08741,0.04689,0.02599,0.0,
3135597,1000,1724.0,-0.5520,1.1058,-6.3062,-0.06559,-0.04211,0.04099,0.0,
3135617,1000,1724.0,-0.6830,0.9618,-6.4062,-0.07259,-0.03111,0.03199,0.0,
3135637,1000,1724.0,-0.7970,0.6578,-7.6722,-0.04459,-0.08811,0.02299,0.0,
3135657,1000,1724.0,-0.3740,0.0948,-7.8182,0.02941,0.07489,0.02799,0.0,
3135677,1000,1724.0,0.1740,-0.1082,-8.3812,-0.08259,0.02989,-0.00801,0.0,
3135697,1000,1724.0,0.6430,-1.0592,-7.6832,0.07741,0.04789,0.00899,0.0,
3135717,1000,1724.0,-0.9700,-0.9382,-6.4472,0.09941,-0.11011,0.06199,0.0,
3135737,1000,1724.0,0.2720,0.1268,-7.1962,-0.04859,0.01989,0.01499,0.0,
3135757,1000,1724.0,1.4920,0.0688,-5.9762,-0.02159,0.21489,0.01699,0.0,
3135777,1000,1724.0,0.4250,-1.2012,-5.2662,0.03341,0.11889,0.01299,0.0,
3135797,1000,1724.0,0.1740,0.1268,-7.5742,0.03341,0.09289,0.03599,0.0,
3135817,1000,1724.0,-0.9500,1.2828,-7.4502,-0.08559,-0.01411,0.03299,0.0,
3135837,1000,1724.0,0.1220,-0.1062,-6.9132,-0.04959,0.02489,0.01999,0.0,
3135857,1000,1724.0,0.3040,-1.4802,-7.9832,0.14741,-0.00611,0.01399,0.0,
3135877,1000,1724.0,-1.5260,-1.4082,-7.0062,0.08341,-0.12611,0.01199,0.0,
3135897,1000,1724.0,-0.9250,-0.3932,-6.9372,-0.01459,-0.08711,0.02499,0.0,
3135917,1000,1724.0,-0.9710,0.9158,-7.6792,-0.08459,-0.08411,0.01999,0.0,
3135937,1000,1724.0,-0.3390,-0.6822,-6.3152,0.04841,0.02189,0.03799,0.0,
3135957,1000,1724.0,0.6320,0.8888,-7.4612,-0.06659,0.21789,0.04399,0.0,
3135977,1000,1724.0,1.8690,1.1668,-8.1412,-0.11559,0.13689,-0.01001,0.0,
3135997,1000,1724.0,0.9040,-0.2352,-5.8732,-0.02859,0.10889,-0.00801,0.0,
3136017,1000,1724.0,-1.8630,-1.5152,-6.5122,0.17541,-0.14711,0.03099,0.0,
3136037,1000,1724.0,-1.4330,-1.0692,-7.5392,0.01941,-0.15211,0.01499,0.0,
3136057,1000,1724.0,1.0160,-0.2022,-6.9342,0.02441,0.13389,0.03599,0.0,
3136077,1000,1724.0,0.0980,-0.7252,-7.0112,0.06741,0.09489,0.04699,0.0,
3136097,1000,1724.0,-1.0510,0.9718,-6.6062,-0.09759,-0.02311,0.01699,0.0,
3136117,1000,1724.0,-1.5790,1.7238,-8.3842,-0.09159,-0.14411,0.01199,0.0,
3136137,1000,1724.0,-1.6210,-0.1982,-7.7662,-0.01959,-0.12411,-0.00101,0.0,
3136157,1000,1724.0,0.1000,-0.7482,-6.9442,0.05141,0.01289,0.02199,0.0,
3136177,1000,1724.0,0.1340,-1.9012,-7.2152,0.14141,0.00989,0.02299,0.0,
3136197,1000,1724.0,0.9040,-0.6702,-6.8642,-0.00259,0.06689,0.01999,0.0,
3136217,1000,1724.0,0.2880,0.2638,-6.3862,-0.01759,0.03189,0.00099,0.0,
3136237,1000,1724.0,-2.3080,0.5908,-5.0202,-0.10959,-0.05211,0.04299,0.0,
3136257,1000,1724.0,1.2990,0.4108,-7.4432,-0.03459,0.09389,0.00099,0.0,
3136277,1000,1724.0,1.5030,0.3728,-8.2702,-0.00859,0.17589,0.00499,0.0,
3136297,1000,1724.0,0.3880,-0.6692,-7.1042,0.04441,0.09089,0.02699,0.0,
3136317,1000,1724.0,-3.3010,0.0568,-8.2742,0.02841,-0.27511,0.02299,0.0,
3136337,1000,1724.0,-1.0580,-0.9992,-6.3552,0.04641,-0.09111,0.02699,0.0,
3136357,1000,1724.0,-0.2080,-1.5712,-6.1452,0.06141,-0.05211,0.00499,0.0,
3136377,1000,1724.0,-0.0560,-1.1412,-7.5362,0.10541,-0.03311,0.00399,0.0,
3136397,1000,1724.0,-0.0860,-0.0712,-7.9512,0.00541,0.05389,0.04499,0.0,
3136417,1000,1724.0,1.5310,2.4638,-8.3772,-0.16759,0.15589,0.02199,0.0,
3136437,1000,1724.0,-1.0520,0.5148,-6.9742,-0.05859,-0.00411,0.02499,0.0,
3136457,1000,1724.0,-0.5660,-0.9862,-5.9192,-0.00659,0.00589,0.02299,0.0,
3136477,1000,1724.0,0.9310,-0.0782,-6.6022,0.00941,0.05189,0.00399,0.0,
3136497,1000,1724.0,1.0690,-1.1692,-6.2092,0.05241,0.03489,-0.00401,0.0,
3136517,1000,1724.0,-1.2070,-0.0452,-6.8992,0.01341,-0.07311,0.03899,0.0,
3136537,1000,1724.0,-1.5300,0.0218,-7.3302,-0.00659,-0.06111,0.06299,0.0,
3136557,1000,1724.0,0.6640,0.1808,-7.3702,-0.06759,0.08189,0.01999,0.0,
3136577,1000,1724.0,-0.4970,0.5658,-7.3592,-0.03659,0.08189,0.00699,0.0,
3136597,1000,1724.0,-0.8550,-0.1672,-8.4252,0.03541,-0.10211,0.01699,0.0,
3136617,1000,1724.0,-1.1980,-0.0022,-7.1322,0.00541,-0.13211,0.02599,0.0,
3136637,1000,1724.0,-0.7530,-1.8322,-6.4752,0.14941,-0.07211,0.03299,0.0,
3136657,1000,1724.0,0.8160,-1.1702,-6.8102,-0.03659,0.11789,0.00199,0.0,
3136677,1000,1724.0,1.2220,-1.2552,-6.9812,0.09841,0.13289,0.03999,0.0,
3136697,1000,1724.0,-0.4690,0.3188,-8.4822,-0.01159,-0.02311,0.02199,0.0,
3136717,1000,1724.0,1.6100,2.7488,-6.1202,-0.24459,0.25889,0.01899,0.0,
3136737,1000,1724.0,-0.3530,-0.3172,-6.5882,0.06441,0.04389,0.01899,0.0,
3136757,1000,1724.0,-1.0680,-0.1162,-7.0022,-0.01059,-0.03111,0.02799,0.0,
3136777,1000,1724.0,0.9140,-0.3582,-5.6322,0.01641,0.05689,0.01599,0.0,
3136797,1000,1724.0,-0.7150,-0.5202,-8.2292,-0.01359,-0.08611,0.03499,0.0,
3136817,1000,1724.0,-1.3830,0.0308,-8.4302,-0.01059,-0.12411,0.04199,0.0,
3136837,1000,1724.0,-1.8490,-0.2322,-7.8032,0.07841,-0.16111,0.02899,0.0,
3136857,1000,1724.0,1.4840,1.6188,-7.5382,-0.15659,0.17289,0.00499,0.0,
3136877,1000,1724.0,1.0160,1.1508,-6.7542,-0.12559,0.15089,0.01699,0.0,
3136897,1000,1724.0,-0.2940,0.0598,-5.6262,-0.01759,0.01489,0.03899,0.0,
3136917,1000,1724.0,-0.3230,-0.9572,-6.4972,0.00641,0.03989,0.02199,0.0,
3136937,1000,1724.0,-0.2230,-1.3142,-6.6602,0.11341,-0.05211,0.00799,0.0,
3136957,1000,1724.0,0.4580,-1.4322,-6.2972,0.04741,0.07389,0.02399,0.0,
3136977,1000,1724.0,0.6030,-0.5462,-7.9542,0.04941,0.07689,0.01599,0.0,
3136997,1000,1724.0,0.0260,0.8288,-6.3172,-0.06759,-0.00311,0.01499,0.0,
3137017,1000,1724.0,-1.3040,0.8088,-7.4622,-0.11259,-0.00611,0.01699,0.0,
3137037,1000,1724.0,-1.4870,-0.0562,-8.0992,0.02441,-0.06111,0.05699,0.0,
3137057,1000,1724.0,0.1140,-0.5502,-7.0842,0.01941,0.01489,0.02399,0.0,
3137077,1000,1724.0,0.6430,-0.1412,-7.0112,0.03041,-0.02111,-0.00101,0.0,
3137097,1000,1724.0,-0.7110,-0.5012,-7.8422,0.04241,-0.12211,0.01999,0.0,
3137117,1000,1724.0,-0.6220,-1.1232,-6.4632,0.00341,-0.05011,0.01599,0.0,
3137137,1000,1724.0,-0.3200,-0.4872,-6.6802,0.01841,0.05589,0.03699,0.0,
3137157,1000,1724.0,2.2620,-0.3732,-7.3792,0.04941,0.26589,0.03099,0.0,
3137177,1000,1724.0,0.8230,0.2568,-6.7672,-0.03659,0.12689,0.02799,0.0,
3137197,1000,1724.0,0.2480,0.9508,-5.6472,-0.01359,0.06189,0.04399,0.0,
3137217,1000,1724.0,-2.0750,0.3668,-6.2642,-0.06259,-0.14111,0.00299,0.0,
3137237,1000,1724.0,-0.8780,-0.3712,-6.5792,-0.00859,-0.06711,-0.00001,0.0,
3137257,1000,1724.0,-1.5730,-2.3612,-9.0922,0.15341,-0.16511,0.02099,0.0,
3137277,1000,1724.0,0.7150,-0.5952,-8.3582,0.03541,0.04589,0.05099,0.0,
3137297,1000,1724.0,2.1700,0.4438,-7.0662,-0.01359,0.17489,0.03499,0.0,
3137317,1000,1724.0,-1.9660,0.7868,-7.9692,-0.11859,-0.10111,0.00299,0.0,
3137337,1000,1724.0,-0.7290,0.8578,-5.8532,-0.05759,0.04489,0.01499,0.0,
3137357,1000,1724.0,0.3690,-0.2252,-5.8352,0.00641,0.04389,0.00599,0.0,
3137377,1000,1724.0,1.3990,0.2828,-6.8722,-0.09859,0.24289,0.01199,0.0,
3137397,1000,1724.0,0.5390,-0.9512,-7.6512,0.11441,-0.04411,0.04199,0.0,
3137417,1000,1724.0,-1.0170,-1.6782,-7.0852,0.11341,-0.06911,0.02499,0.0,
3137437,1000,1724.0,0.1720,0.8338,-7.6392,-0.08759,0.07489,0.07399,0.0,
3137457,1000,1724.0,0.4520,0.6408,-8.8502,-0.01459,0.10489,0.08299,0.0,
3137477,1000,1724.0,-0.2590,-0.2642,-8.3212,-0.01859,0.00489,0.02899,0.0,
3137497,1000,1724.0,-1.1970,-0.5772,-9.0742,0.04141,-0.10611,0.04199,0.0,
3137517,1000,1724.0,-0.5420,0.3178,-9.4022,-0.04159,-0.03211,0.04699,0.0,
3137537,1000,1724.0,-0.0150,-0.5292,-7.5982,0.03141,0.03389,0.04599,0.0,
3137557,1000,1724.0,-0.6900,0.1688,-8.5472,-0.03759,-0.10811,0.01599,0.0,
3137577,1000,1724.0,0.2240,-0.4482,-8.6152,0.01241,0.02189,0.04299,0.0,
3137597,1000,1724.0,0.0280,-0.0502,-8.9882,0.00041,0.03989,0.04199,0.0,
3137617,1000,1724.0,1.0520,-0.1722,-6.4052,-0.02159,0.09889,0.03399,0.0,
3137637,1000,1724.0,0.5260,-0.2192,-8.0992,-0.00359,0.03989,0.02899,0.0,
3137657,1000,1724.0,-0.1180,-0.5322,-7.8832,0.04841,-0.00011,0.03899,0.0,
3137677,1000,1724.0,0.8290,0.2018,-7.4932,-0.02759,0.09189,0.03499,0.0,
3137697,1000,1724.0,-0.7300,-0.3872,-8.9592,0.03741,-0.02211,0.06099,0.0,
3137717,1000,1724.0,-0.5000,-0.5832,-7.7742,0.04941,-0.04011,0.03999,0.0,
3137737,1000,1724.0,-1.1010,-0.8082,-9.0872,0.08241,-0.11011,0.03699,0.0,
3137757,1000,1724.0,-1.2980,-0.4742,-8.9472,0.03541,-0.07711,0.04299,0.0,
3137777,1000,1724.0,0.0790,-1.3692,-7.6532,0.08741,0.03689,0.05199,0.0,
3137797,1000,1724.0,-0.8200,0.2968,-9.3212,-0.02959,-0.08411,0.03499,0.0,
3137817,1000,1724.0,-0.0960,-1.3992,-8.4122,0.08341,-0.01111,0.02099,0.0,
3137837,1000,1724.0,-0.4960,0.6418,-8.4332,-0.07859,-0.00111,0.03899,0.0,
3137857,1000,1724.0,0.4140,0.1648,-8.6802,-0.02159,0.08289,0.04599,0.0,
3137877,1000,1724.0,-0.0200,-0.2042,-7.7072,-0.00059,0.02389,0.03799,0.0,
3137897,1000,1724.0,-0.7040,-0.2812,-8.2822,0.01541,-0.03311,0.06299,0.0,
3137917,1000,1724.0,0.8290,0.2508,-8.1442,-0.03659,0.14189,0.04999,0.0,
3137937,1000,1724.0,-0.2050,0.8998,-7.6992,-0.04559,0.03689,0.04399,0.0,
3137957,1000,1724.0,0.8250,-0.4962,-7.6512,0.02441,0.14889,0.04099,0.0,
3137977,1000,1724.0,-1.1790,-0.4212,-8.4712,0.02041,-0.08511,0.05099,0.0,
3137997,1000,1724.0,0.1770,-0.0342,-7.0662,-0.00259,0.05089,0.05399,0.0,
3138017,1000,1724.0,-0.5170,0.7558,-9.1862,-0.02759,-0.02111,0.02899,0.0,
3138037,1000,1724.0,-1.0260,-0.1942,-9.0602,-0.00459,-0.08211,0.05599,0.0,
3138057,1000,1724.0,-0.1280,-0.0602,-8.2512,0.00941,0.01189,0.03999,0.0,
3138077,1000,1724.0,0.1140,0.4628,-7.9702,-0.04459,0.03689,0.04699,0.0,
3138097,1000,1724.0,0.5870,-1.8952,-7.3432,0.11541,0.11089,0.04299,0.0,
3138117,1000,1724.0,1.4820,1.6148,-8.0682,-0.14559,0.17189,0.03499,0.0,
3138137,1000,1724.0,-0.0820,-0.2672,-8.5362,0.01241,0.03289,0.04099,0.0,
3138157,1000,1724.0,0.4630,-0.6082,-6.4852,-0.00559,0.14489,0.04399,0.0,
3138177,1000,1724.0,-0.4050,0.3558,-7.6702,-0.05259,0.04789,0.04599,0.0,
3138197,1000,1724.0,0.1620,0.3388,-8.8982,-0.04459,0.04589,0.04199,0.0,
3138217,1000,1724.0,-0.2730,-0.7032,-7.3392,0.06441,0.02989,0.03599,0.0,
3138237,1000,1724.0,0.3810,-0.1952,-8.4272,0.00541,0.09789,0.04299,0.0,
3138257,1000,1724.0,-1.8560,0.1238,-7.2072,-0.00259,-0.10911,0.05799,0.0,
3138277,1000,1724.0,-0.5020,0.4408,-8.4322,-0.04859,-0.00211,0.04599,0.0,
3138297,1000,1724.0,-1.0300,0.0488,-8.8812,0.00841,-0.06511,0.04199,0.0,
3138317,1000,1724.0,-0.9410,-0.2492,-7.9992,0.01441,-0.06811,0.04499,0.0,
3138337,1000,1724.0,0.8860,0.1658,-9.1262,-0.00659,0.08089,0.06399,0.0,
3138357,1000,1724.0,-0.0860,-0.5102,-6.9522,0.01641,0.02789,0.06099,0.0,
3138377,1000,1724.0,0.2090,-0.9402,-8.3402,0.08841,0.03589,0.04799,0.0,
3138397,1000,1724.0,1.0080,0.7558,-8.5962,-0.07359,0.12889,0.04499,0.0,
3138417,1000,1724.0,1.3250,-0.8342,-6.8342,0.06141,0.14589,0.03499,0.0,
3138437,1000,1724.0,0.5250,0.0788,-8.1922,-0.01359,0.09889,0.03299,0.0,
3138457,1000,1724.0,1.0510,-0.2522,-7.9542,0.01541,0.15389,0.04599,0.0,
3138477,1000,1724.0,0.7700,-0.6222,-7.9332,0.02141,0.08489,0.04299,0.0,
3138497,1000,1724.0,-0.6200,0.2048,-8.0932,-0.05659,0.00289,0.04999,0.0,
3138517,1000,1724.0,0.0800,-0.0972,-8.5632,0.01641,0.05489,0.04899,0.0,
3138537,1000,1724.0,-0.3600,-0.5752,-7.5412,0.03341,-0.00711,0.04299,0.0,
3138557,1000,1724.0,-1.2320,-0.3862,-8.9002,0.04841,-0.10211,0.01599,0.0,
3138577,1000,1724.0,-0.7960,-0.4372,-8.6212,0.02441,-0.13711,0.04199,0.0,
3138597,1000,1724.0,-0.8210,-0.1402,-8.4392,0.00141,0.02489,0.03099,0.0,
3138617,1000,1724.0,-0.1940,-0.1302,-8.0352,0.00341,0.00789,0.04099,0.0,
3138637,1000,1724.0,-0.8650,-0.6462,-7.3462,0.00141,-0.08511,0.04299,0.0,
3138657,1000,1724.0,0.6080,-0.3032,-8.8852,0.02141,0.08889,0.04099,0.0,
3138677,1000,1724.0,-0.3650,0.9508,-8.5682,-0.05859,-0.00611,0.02499,0.0,
3138697,1000,1724.0,0.8390,-1.0002,-6.9732,0.04741,0.12989,0.03599,0.0,
3138717,1000,1724.0,-0.4830,-0.1042,-8.3252,0.01941,-0.02011,0.03699,0.0,
3138737,1000,1724.0,-0.6010,-0.1572,-8.7882,0.00941,-0.06011,0.03599,0.0,
3138757,1000,1724.0,0.4100,0.4718,-8.5152,-0.03759,0.09689,0.03199,0.0,
3138777,1000,1724.0,-0.8510,0.4718,-8.8532,-0.02959,-0.06211,0.02999,0.0,
3138797,1000,1724.0,0.6910,-0.9812,-8.4062,0.07041,0.00689,0.02399,0.0,
3138817,1000,1724.0,-1.1340,-0.1962,-9.1372,-0.03159,-0.03211,0.05599,0.0,
3138837,1000,1724.0,-0.8340,-0.9632,-9.2162,0.06541,-0.07111,0.03799,0.0,
3138857,1000,1724.0,-0.2220,-0.3912,-8.6772,0.04341,-0.01511,0.03999,0.0,
3138877,1000,1724.0,0.4130,-0.3652,-9.0532,-0.00359,0.04389,0.00999,0.0,
3138897,1000,1724.0,-0.1380,-0.6482,-8.4482,0.03241,0.01689,0.05399,0.0,
3138917,1000,1724.0,0.2460,-0.4672,-8.1792,0.00941,0.01989,0.05899,0.0,
3138937,1000,1724.0,1.3370,0.3388,-8.5872,-0.02759,0.16089,0.03499,0.0,
3138957,1000,1724.0,-0.7000,-0.4212,-8.2982,0.01841,-0.00911,0.05199,0.0,
3138977,1000,1724.0,-0.8580,-0.3442,-9.3082,0.02141,-0.07111,0.04699,0.0,
3138997,1000,1724.0,0.4410,0.4008,-7.8052,-0.02359,0.11689,0.04999,0.0,
3139017,1000,1724.0,-0.4130,-0.8972,-9.3102,0.06541,0.01089,0.04899,0.0,
3139037,1000,1724.0,-0.1270,0.0568,-8.6632,-0.02059,-0.01411,0.04599,0.0,
3139057,1000,1724.0,-1.3430,-0.0112,-9.2352,0.05241,-0.11411,0.05799,0.0,
3139077,1000,1724.0,-0.5320,0.4538,-8.3752,-0.05159,-0.03711,0.03999,0.0,
3139097,1000,1724.0,-1.6730,-0.6272,-8.8902,0.03341,-0.13311,0.04099,0.0,
3139117,1000,1724.0,0.3290,0.2488,-9.3132,-0.03859,0.03589,0.04699,0.0,
3139137,1000,1724.0,-0.0150,-0.0252,-8.1142,0.01141,-0.02111,0.05199,0.0,
3139157,1000,1724.0,0.2260,-0.5572,-9.1592,0.02841,0.04689,0.04199,0.0,
3139177,1000,1724.0,1.0710,0.2528,-6.6362,0.00541,0.13789,0.03899,0.0,
3139197,1000,1724.0,0.8640,-0.3582,-8.4212,-0.00359,0.12189,0.05799,0.0,
3139217,1000,1724.0,-0.0560,-0.9172,-9.2592,0.07641,0.02789,0.03299,0.0,
3139237,1000,1724.0,0.5250,0.0208,-6.7322,0.00941,0.12789,0.03999,0.0,
3139257,1000,1724.0,1.0160,0.5208,-9.1552,-0.04559,0.13989,0.04199,0.0,
3139277,1000,1724.0,-0.4860,-0.0182,-8.4512,-0.01459,-0.00411,0.03399,0.0,
3139297,1000,1724.0,-1.5560,-0.9162,-8.9722,0.07241,-0.05411,0.05499,0.0,
3139317,1000,1724.0,-0.7980,0.4258,-10.2202,-0.03259,-0.02511,0.06099,0.0,
3139337,1000,1724.0,-0.0370,-0.1052,-8.4792,0.00641,-0.03911,0.04199,0.0,
3139357,1000,1724.0,-1.1650,-0.2472,-9.4312,0.00441,-0.01611,0.05599,0.0,
3139377,1000,1724.0,-0.7830,0.0068,-8.6662,-0.00959,-0.04911,0.03599,0.0,
3139397,1000,1724.0,-0.4700,0.6428,-8.5402,-0.07659,0.00189,0.06299,0.0,
3139417,1000,1724.0,-1.3120,-0.0312,-9.0332,-0.08159,-0.06811,0.03999,0.0,
3139437,1000,1724.0,0.1690,0.5028,-9.1662,-0.00559,0.00189,0.01999,0.0,
3139457,1000,1724.0,0.1810,0.1688,-7.3652,-0.02359,0.05989,0.06599,0.0,
3139477,1000,1724.0,1.3360,-0.6572,-7.1772,0.02441,0.18389,0.03999,0.0,
3139497,1000,1724.0,0.6890,0.1298,-8.5732,-0.01559,0.12389,0.05499,0.0,
3139517,1000,1724.0,-0.1240,-0.6352,-8.8422,0.07441,0.00389,0.03599,0.0,
3139537,1000,1724.0,1.0200,0.2798,-7.6572,-0.05459,0.13789,0.05299,0.0,
3139557,1000,1724.0,-0.2380,-0.7972,-9.3512,0.09541,0.05789,0.05699,0.0,
3139577,1000,1724.0,1.0110,0.2018,-8.2012,-0.03359,0.13689,0.04399,0.0,
3139597,1000,1724.0,-0.3240,-0.2152,-9.3322,0.03641,-0.02511,0.04199,0.0,
3139617,1000,1724.0,-1.0120,0.3158,-9.1082,-0.03659,-0.06511,0.05999,0.0,
3139637,1000,1724.0,0.2430,-0.4582,-8.1832,0.06041,-0.01011,0.03999,0.0,
3139657,1000,1724.0,-0.5380,-0.2332,-9.9222,0.00441,0.05589,0.04499,0.0,
3139677,1000,1724.0,-0.3790,-0.6422,-8.4282,0.05141,-0.00611,0.05199,0.0,
3139697,1000,1724.0,-0.4480,-0.2102,-8.8902,0.02141,-0.02811,0.03399,0.0,
3139717,1000,1724.0,0.4450,0.1548,-7.7292,-0.04459,0.10689,0.05099,0.0,
3139737,1000,1724.0,0.1060,1.5318,-8.5062,-0.13759,0.07989,0.03799,0.0,
3139757,1000,1724.0,-0.2650,0.4308,-9.5772,-0.02259,-0.10211,0.04599,0.0,
3139777,1000,1724.0,0.8360,0.1148,-6.2012,-0.01459,0.13389,0.03299,0.0,
3139797,1000,1724.0,0.0610,-0.1982,-8.8632,0.01241,0.04189,0.03799,0.0,
3139817,1000,1724.0,-0.2670,1.0948,-9.3222,-0.07159,-0.00711,0.03699,0.0,
3139837,1000,1724.0,-0.1690,-1.3062,-7.4112,0.12941,0.03589,0.03199,0.0,
3139857,1000,1724.0,-0.1670,-0.5042,-9.8132,0.04941,-0.00311,0.03699,0.0,
3139877,1000,1724.0,0.1300,0.4198,-8.0002,-0.05959,0.04389,0.04199,0.0,
3139897,1000,1724.0,-0.7360,-0.8382,-9.4172,0.09141,-0.05611,0.02599,0.0,
3139917,1000,1724.0,-1.1550,-0.4892,-8.7772,0.03641,-0.09211,0.01999,0.0,
3139937,1000,1724.0,0.3450,-0.3242,-7.8722,-0.00059,0.00489,0.04899,0.0,
3139957,1000,1724.0,-1.5390,-0.1432,-8.9382,0.04941,-0.07411,0.03999,0.0,
3139977,1000,1724.0,-0.0190,-0.0642,-8.7152,-0.00059,0.01389,0.02599,0.0,
3139997,1000,1724.0,-0.0520,-0.3282,-8.1312,0.00341,0.00489,0.04699,0.0,
3140017,1000,1724.0,-0.1260,-0.6202,-9.0252,0.01141,0.10289,0.05699,0.0,
3140037,1000,1724.0,0.2020,0.5698,-7.6862,-0.05559,0.06489,0.04099,0.0,
3140057,1000,1724.0,-0.4860,0.4998,-8.2122,-0.01459,-0.09711,0.03799,0.0,
3140077,1000,1724.0,0.4560,0.5298,-8.4732,-0.05359,0.07889,0.03999,0.0,
3140097,1000,1724.0,0.2370,0.0198,-8.2242,0.01241,0.06889,0.04999,0.0,
3140117,1000,1724.0,-0.5890,-0.1792,-8.5492,0.02141,-0.03311,0.04299,0.0,
3140137,1000,1724.0,0.6170,0.4428,-9.0302,-0.02759,0.07689,0.04199,0.0,
3140157,1000,1724.0,-0.1720,-1.0252,-8.7812,0.11541,-0.02211,0.04299,0.0,
3140177,1000,1724.0,0.1710,0.0768,-8.0752,-0.00259,0.03589,0.03899,0.0,
3140197,1000,1724.0,-1.7280,-0.1962,-9.2032,0.01641,-0.12411,0.03899,0.0,
3140217,1000,1724.0,-0.3320,-0.1602,-8.3672,0.03441,0.00089,0.04799,0.0,
3140237,1000,1724.0,0.8280,-1.5302,-8.6322,0.11841,0.00589,0.04499,0.0,
3140257,1000,1724.0,-1.1610,-1.1512,-8.8702,0.07441,-0.00511,0.04899,0.0,
3140277,1000,1724.0,0.0650,-0.3072,-8.8602,0.05041,0.02489,0.04799,0.0,
3140297,1000,1724.0,-0.2910,-0.4672,-8.5042,0.02241,-0.00011,0.03899,0.0,
3140317,1000,1724.0,-0.7650,0.4778,-8.6372,-0.06759,0.00589,0.04599,0.0,
3140337,1000,1724.0,-0.6840,0.2438,-9.5802,-0.05359,0.00589,0.05299,0.0,
3140357,1000,1724.0,0.8940,0.2098,-7.9302,-0.02559,0.01589,0.05599,0.0,
3140377,1000,1724.0,-0.3480,0.6278,-7.6302,-0.04759,0.04289,0.03999,0.0,
3140397,1000,1724.0,-0.6240,0.1618,-8.8492,-0.02959,-0.03111,0.05999,0.0,
3140417,1000,1724.0,-0.0540,-0.1702,-8.5022,0.02141,0.00789,0.03699,0.0,
3140437,1000,1724.0,-0.3860,-0.5722,-8.1642,0.04441,0.05789,0.05199,0.0,
3140457,1000,1724.0,-0.5380,-0.0452,-8.0392,0.02641,-0.02311,0.02899,0.0,
3140477,1000,1724.0,0.1860,-0.2432,-9.1332,0.01941,0.03789,0.03599,0.0,
3140497,1000,1724.0,-0.1790,-0.6412,-9.0052,0.04741,-0.02711,0.04399,0.0,
3140517,1000,1724.0,-0.5420,-0.0132,-8.8892,-0.00659,-0.00711,0.04899,0.0,
3140537,1000,1724.0,-0.6750,0.3968,-9.2622,0.00241,-0.08011,0.03699,0.0,
3140557,1000,1724.0,-0.0270,-0.9952,-9.5722,0.08841,0.02089,0.03799,0.0,
3140577,1000,1724.0,0.2230,-0.5332,-8.7702,0.05041,0.04889,0.03799,0.0,
3140597,1000,1724.0,0.1880,-0.8632,-8.9432,0.06741,0.04289,0.05799,0.0,
3140617,1000,1724.0,-0.1970,-0.4672,-7.5902,0.00041,0.09789,0.04199,0.0,
3140637,1000,1724.0,0.9690,0.6398,-8.0632,-0.05759,0.11389,0.05399,0.0,
3140657,1000,1724.0,-0.4060,-0.0002,-8.7242,0.00641,-0.07211,0.05099,0.0,
3140677,1000,1724.0,0.8630,0.2048,-6.6522,-0.01959,0.12489,0.05799,0.0,
3140697,1000,1724.0,-0.7210,-0.3992,-8.8462,0.02341,-0.00011,0.03999,0.0,
3140717,1000,1724.0,-1.0630,0.3848,-8.7122,-0.01659,-0.07611,0.04299,0.0,
3140737,1000,1724.0,-1.0290,0.6628,-8.6312,-0.02759,-0.08111,0.05399,0.0,
3140757,1000,1724.0,-0.6080,-0.2762,-8.4422,0.02541,-0.02311,0.05799,0.0,
3140777,1000,1724.0,0.2560,0.3118,-8.4392,-0.04559,0.05289,0.04199,0.0,
3140797,1000,1724.0,-1.5630,0.0368,-8.6112,0.00041,-0.13111,0.03599,0.0,
3140817,1000,1724.0,-0.9610,-0.3412,-8.6062,0.01441,-0.06111,0.04599,0.0,
3140837,1000,1724.0,-0.2120,-0.5162,-9.7672,0.03641,-0.03411,0.02099,0.0,
3140857,1000,1724.0,-0.6500,-0.0952,-8.5342,0.00241,-0.00211,0.04099,0.0,
3140877,1000,1724.0,0.2280,-0.6952,-8.8132,0.05741,0.06289,0.03699,0.0,
3140897,1000,1724.0,0.7450,-0.5922,-7.1682,0.00841,0.11689,0.02499,0.0,
3140917,1000,1724.0,-0.0230,-1.1842,-7.2842,0.07041,0.14889,0.03499,0.0,
3140937,1000,1724.0,0.0640,-0.4262,-8.3372,0.05141,0.03289,0.02499,0.0,
3140957,1000,1724.0,0.1200,0.2308,-7.7902,-0.03459,-0.00311,0.05499,0.0,
3140977,1000,1724.0,-0.1540,-0.5602,-6.1102,0.04641,0.08489,0.03999,0.0,
3140997,1000,1724.0,-0.0130,0.3918,-8.5512,-0.05059,0.02389,0.03999,0.0,
3141017,1000,1724.0,0.3400,0.1188,-7.8032,-0.02259,0.04189,0.04099,0.0,
3141037,1000,1724.0,-1.2900,0.3618,-8.9782,-0.02759,-0.07811,0.04299,0.0,
3141057,1000,1724.0,-0.3900,-0.3182,-8.5802,0.02341,-0.01211,0.05999,0.0,
3141077,1000,1724.0,-0.7230,-0.0812,-6.6782,0.01041,-0.04211,0.03199,0.0,
3141097,1000,1724.0,-1.1040,0.8178,-9.8412,-0.06459,-0.11611,0.04799,0.0,
3141117,1000,1724.0,-0.1520,-0.3632,-7.8972,0.00541,-0.00011,0.03499,0.0,
3141137,1000,1724.0,-0.2410,0.6728,-7.9382,-0.06659,0.03489,0.03899,0.0,
3141157,1000,1724.0,0.7770,0.1678,-7.5722,-0.02659,0.04389,0.04399,0.0,
3141177,1000,1724.0,0.3680,0.2058,-7.4772,-0.02659,0.05189,0.04899,0.0,
3141197,1000,1724.0,0.4110,0.6548,-7.9382,-0.04859,0.05789,0.03299,0.0,
3141217,1000,1724.0,-0.0550,-0.4862,-7.0832,0.06841,0.10189,0.04199,0.0,
3141237,1000,1724.0,-0.1930,0.0998,-7.2972,-0.02659,0.00589,0.03499,0.0,
3141257,1000,1724.0,-0.3430,-0.1622,-8.1012,0.06941,-0.04711,0.02799,0.0,
3141277,1000,1724.0,-0.7030,-0.6312,-8.0402,0.09641,-0.03811,0.04799,0.0,
3141297,1000,1724.0,-0.8620,-0.7662,-8.8512,0.04441,-0.04211,0.05399,0.0,
3141317,1000,1724.0,0.5970,-0.0722,-7.8122,0.01341,0.09389,0.04199,0.0,
3141337,1000,1724.0,-0.3040,-0.9322,-8.7732,0.10241,-0.04411,0.02799,0.0,
3141357,1000,1724.0,-0.3600,-0.7302,-8.7742,0.07441,-0.02711,0.01099,0.0,
3141377,1000,1724.0,-0.1280,-1.0122,-8.4912,0.07041,0.01789,0.04399,0.0,
3141397,1000,1724.0,0.6850,0.4878,-8.2602,-0.02959,0.06089,0.04199,0.0,
3141417,1000,1724.0,0.4680,-0.2382,-8.5682,0.01941,0.06989,0.04099,0.0,
3141437,1000,1724.0,1.0910,-0.3122,-7.1062,-0.00659,0.12989,0.08199,0.0,
3141457,1000,1724.0,0.1990,0.5498,-8.9212,-0.05759,0.06089,0.10699,0.0,
3141477,1000,1724.0,0.1710,0.4748,-9.1102,-0.04359,0.06189,0.08499,0.0,
3141497,1000,1724.0,-0.7390,-0.6302,-9.2282,0.03741,0.00389,0.07299,0.0,
3141517,1000,1724.0,1.1980,-0.2962,-8.8572,0.04041,0.14489,0.08299,0.0,
3141537,1000,1724.0,-1.4890,-0.1622,-9.3662,0.02041,-0.08011,0.05799,0.0,
3141557,1000,1724.0,0.1980,-1.1512,-9.8782,0.08141,0.04289,0.07199,0.0,
3141577,1000,1724.0,-1.2840,-0.0392,-10.6962,0.01141,-0.08811,0.07499,0.0,
3141597,1000,1724.0,-0.2680,0.0818,-9.4732,-0.01359,0.00089,0.08299,0.0,
3141617,1000,1724.0,-0.6970,-0.4212,-10.1042,0.01341,0.00289,0.04799,0.0,
3141637,1000,1724.0,-0.9010,-0.4932,-11.0892,0.05141,-0.10711,0.07599,0.0,
3141657,1000,1724.0,-0.1450,-0.6672,-9.4152,0.03841,0.02489,0.07299,0.0,
3141677,1000,1724.0,0.7180,-0.5322,-9.6162,0.02341,0.12889,0.07799,0.0,
3141697,1000,1724.0,0.1030,0.4188,-10.0762,-0.01459,0.01289,0.05799,0.0,
3141717,1000,1724.0,0.1570,-0.0662,-9.4162,-0.02259,0.07289,0.08499,0.0,
3141737,1000,1724.0,0.1260,0.2638,-9.6672,-0.03759,0.06189,0.06899,0.0,
3141757,1000,1724.0,-0.2620,-0.0202,-9.5952,-0.00859,0.02989,0.05899,0.0,
3141777,1000,1724.0,-0.4260,0.0838,-9.1582,-0.02059,0.03989,0.08499,0.0,
3141797,1000,1724.0,0.9450,0.0678,-10.1232,-0.00359,0.13089,0.05999,0.0,
3141817,1000,1724.0,-0.1290,-0.9432,-8.5212,0.04841,0.06489,0.05899,0.0,
3141837,1000,1724.0,-0.7400,0.7308,-10.0142,-0.02759,-0.02911,0.08899,0.0,
3141857,1000,1724.0,0.3000,-0.3612,-9.9892,0.00841,0.06489,0.03999,0.0,
3141877,1000,1724.0,-1.1980,0.2008,-10.0962,-0.02159,-0.08011,0.10299,0.0,
3141897,1000,1724.0,-0.1530,-0.1242,-10.4232,0.00541,0.02489,0.07099,0.0,
3141917,1000,1724.0,0.5670,0.3938,-9.6512,-0.06259,0.09989,0.07499,0.0,
3141937,1000,1724.0,-1.1230,-0.3862,-10.3412,0.03341,-0.07011,0.06499,0.0,
3141957,1000,1724.0,-0.6960,-0.9982,-9.1962,0.05941,-0.06311,0.08099,0.0,
3141977,1000,1724.0,-0.0470,-0.4602,-9.8142,0.04641,0.00289,0.06799,0.0,
3141997,1000,1724.0,-0.9500,0.5508,-11.1852,-0.04559,-0.02511,0.05699,0.0,
3142017,1000,1724.0,0.2890,-0.5882,-9.2682,0.02341,0.07889,0.09199,0.0,
3142037,1000,1724.0,0.1570,-0.6902,-9.5302,0.03441,0.04489,0.06699,0.0,
3142057,1000,1724.0,0.3640,-0.5762,-9.5352,0.06141,0.06889,0.05899,0.0,
3142077,1000,1724.0,0.1560,-0.2782,-8.8572,-0.02159,0.06189,0.09699,0.0,
3142097,1000,1724.0,0.2310,-0.2482,-10.1842,0.02641,0.07589,0.07399,0.0,
3142117,1000,1724.0,0.3330,-0.5992,-8.4202,0.04341,0.10989,0.05599,0.0,
3142137,1000,1724.0,-0.2130,-0.1452,-10.3042,0.01241,0.02489,0.08099,0.0,
3142157,1000,1724.0,0.3270,-0.2022,-10.3332,-0.00959,0.08389,0.07299,0.0,
3142177,1000,1724.0,-0.5830,-0.2932,-8.6192,0.04041,-0.01311,0.07299,0.0,
3142197,1000,1724.0,0.0890,-0.1972,-10.6512,0.00341,0.06389,0.07099,0.0,
3142217,1000,1724.0,0.0820,-0.6262,-9.4752,0.04241,0.04189,0.06999,0.0,
3142237,1000,1724.0,-0.9940,-0.6982,-10.2922,0.06641,-0.04111,0.08199,0.0,
3142257,1000,1724.0,-0.3880,0.7108,-9.4402,-0.07759,-0.01411,0.05099,0.0,
3142277,1000,1724.0,0.3990,0.2948,-10.0732,0.02041,0.00989,0.09499,0.0,
3142297,1000,1724.0,-0.7140,-0.3002,-11.0202,-0.04759,0.00789,0.06899,0.0,
3142317,1000,1724.0,-1.3340,0.0298,-9.3772,0.00641,-0.08911,0.06099,0.0,
3142337,1000,1724.0,0.8030,0.0868,-10.2712,-0.02759,0.09589,0.06399,0.0,
3142357,1000,1724.0,-0.8520,0.2198,-10.4052,-0.00359,-0.03011,0.07899,0.0,
3142377,1000,1724.0,0.2710,-0.3552,-9.2342,0.00141,0.03289,0.05899,0.0,
3142397,1000,1724.0,0.3880,-0.3812,-10.2332,-0.01159,0.09189,0.08199,0.0,
3142417,1000,1724.0,0.7700,0.0558,-8.2062,0.00341,0.11989,0.05999,0.0,
3142437,1000,1724.0,0.2880,0.0248,-9.3752,-0.03159,0.07189,0.08899,0.0,
3142457,1000,1724.0,-0.5870,-0.2672,-10.7142,0.02041,-0.00411,0.06999,0.0,
3142477,1000,1724.0,0.2590,-0.1882,-8.5062,0.02641,0.08089,0.05299,0.0,
3142497,1000,1724.0,0.0610,-0.4462,-9.1232,0.02241,0.05789,0.10299,0.0,
3142517,1000,1724.0,-0.3250,-0.4712,-9.7302,0.02941,0.00389,0.07199,0.0,
3142537,1000,1724.0,-0.5450,-0.2152,-9.5952,0.03441,-0.02511,0.05599,0.0,
3142557,1000,1724.0,-0.5410,-0.1112,-9.9052,0.01941,-0.00411,0.08599,0.0,
3142577,1000,1724.0,-0.0460,-0.3792,-10.9852,0.01541,-0.02711,0.06599,0.0,
3142597,1000,1724.0,-1.0480,0.0228,-10.7212,0.01741,0.01789,0.06899,0.0,
3142617,1000,1724.0,-1.0670,-1.2532,-9.3192,0.10841,-0.07411,0.06899,0.0,
3142637,1000,1724.0,-0.6190,-0.3572,-9.8432,0.00941,-0.01911,0.07299,0.0,
3142657,1000,1724.0,0.1810,0.0518,-10.2522,0.00341,0.04289,0.08199,0.0,
3142677,1000,1724.0,-0.6990,0.0858,-10.3992,-0.01559,-0.03111,0.06799,0.0,
3142697,1000,1724.0,-0.2370,-0.3452,-9.6172,0.00341,0.00589,0.06499,0.0,
3142717,1000,1724.0,0.2460,0.2278,-9.0592,-0.02359,0.06189,0.06599,0.0,
3142737,1000,1724.0,0.4070,0.2608,-9.3482,-0.02259,0.06889,0.04799,0.0,
3142757,1000,1724.0,0.1160,-0.0642,-10.2972,-0.01559,0.03989,0.07899,0.0,
3142777,1000,1724.0,1.3840,0.0908,-8.8342,-0.00559,0.18989,0.05499,0.0,
3142797,1000,1724.0,0.6900,0.0528,-9.5592,-0.02859,0.11289,0.07899,0.0,
3142817,1000,1724.0,-0.5860,0.0868,-10.0502,-0.00659,-0.02511,0.06199,0.0,
3142837,1000,1724.0,0.4550,0.1448,-9.6342,-0.03159,0.13089,0.08199,0.0,
3142857,1000,1724.0,-0.4790,0.1778,-9.2232,-0.00359,-0.01011,0.06099,0.0,
3142877,1000,1724.0,0.7650,0.2618,-9.6942,-0.03959,0.10089,0.07399,0.0,
3142897,1000,1724.0,-1.1330,-0.1432,-10.1122,0.02741,-0.03811,0.07099,0.0,
3142917,1000,1724.0,0.2600,0.0738,-9.1772,-0.02159,0.06089,0.08299,0.0,
3142937,1000,1724.0,-0.1290,-0.3982,-10.3872,0.05741,0.03789,0.07199,0.0,
3142957,1000,1724.0,-0.5570,0.1478,-10.7242,-0.04959,-0.02511,0.07299,0.0,
3142977,1000,1724.0,-0.7420,-0.3852,-9.4722,0.06341,-0.02711,0.05999,0.0,
3142997,1000,1724.0,-0.1170,-0.5432,-9.6322,0.03441,0.01389,0.08099,0.0,
3143017,1000,1724.0,-0.3600,0.0188,-11.6302,-0.01459,-0.01711,0.07099,0.0,
3143037,1000,1724.0,-0.0830,-0.6002,-9.4562,0.04241,0.03689,0.06399,0.0,
3143057,1000,1724.0,-0.1000,-0.2172,-10.3362,0.02241,0.01989,0.07099,0.0,
3143077,1000,1724.0,0.2250,-0.4242,-9.7382,0.00541,0.04989,0.07699,0.0,
3143097,1000,1724.0,-0.2880,0.2478,-9.2562,-0.01959,0.02289,0.06299,0.0,
3143117,1000,1724.0,-0.0340,0.5978,-10.5922,-0.04959,0.02589,0.06699,0.0,
3143137,1000,1724.0,1.1640,-0.7542,-8.8442,0.04941,0.19089,0.07999,0.0,
3143157,1000,1724.0,-0.3480,0.5848,-9.3542,-0.05959,-0.00611,0.04799,0.0,
3143177,1000,1724.0,-0.8680,-0.8652,-9.0812,0.06241,-0.02911,0.06699,0.0,
3143197,1000,1724.0,0.2530,0.7028,-9.9642,-0.03059,0.08689,0.05599,0.0,
3143217,1000,1724.0,-0.3140,-0.0862,-9.0142,-0.00459,0.03989,0.05899,0.0,
3143237,1000,1724.0,-0.0060,-0.2782,-10.1942,0.01041,0.05489,0.09799,0.0,
3143257,1000,1724.0,0.0510,-0.2342,-9.8182,0.01741,0.03989,0.06399,0.0,
3143277,1000,1724.0,-0.6330,-0.3692,-9.1582,0.02141,-0.01211,0.07399,0.0,
3143297,1000,1724.0,-0.5840,0.3788,-9.9532,-0.03659,-0.01711,0.05999,0.0,
3143317,1000,1724.0,-0.7090,-0.3782,-12.2762,0.04541,-0.07311,0.08299,0.0,
3143337,1000,1724.0,-0.3620,-0.0592,-10.5022,-0.00159,0.00989,0.05399,0.0,
3143357,1000,1724.0,0.3350,-0.7022,-8.9732,0.04741,0.08789,0.07799,0.0,
3143377,1000,1724.0,0.3370,0.4868,-9.5722,-0.05759,0.03589,0.07399,0.0,
3143397,1000,1724.0,0.1190,-1.1062,-8.8832,0.08841,0.05489,0.05499,0.0,
3143417,1000,1724.0,-0.4040,0.1688,-9.8322,-0.00859,0.01089,0.06899,0.0,
3143437,1000,1724.0,0.2590,0.4228,-10.1272,-0.04359,0.08189,0.06599,0.0,
3143457,1000,1724.0,0.3020,-0.0092,-9.0522,-0.00759,0.08089,0.07799,0.0,
3143477,1000,1724.0,-0.6880,-0.1322,-9.3532,-0.00159,0.05089,0.07599,0.0,
3143497,1000,1724.0,1.5270,-0.3502,-9.7232,0.01141,0.11289,0.06999,0.0,
3143517,1000,1724.0,0.5060,0.0768,-8.7692,-0.00559,0.12389,0.08999,0.0,
3143537,1000,1724.0,-0.4040,0.3088,-9.3852,-0.03859,0.01689,0.05499,0.0,
3143557,1000,1724.0,-0.2060,0.0568,-10.6152,0.00341,0.00589,0.07799,0.0,
3143577,1000,1724.0,-0.2420,-0.3662,-9.4652,0.01641,0.03889,0.06599,0.0,
3143597,1000,1724.0,-0.1160,-0.0282,-9.8592,-0.02559,0.03789,0.08599,0.0,
3143617,1000,1724.0,-0.9140,0.2408,-11.0052,-0.02459,-0.06411,0.06699,0.0,
3143637,1000,1724.0,1.0120,-0.8622,-10.1522,0.02841,0.11089,0.08499,0.0,
3143657,1000,1724.0,0.4020,-0.1402,-8.6832,0.02241,0.08289,0.05299,0.0,
3143677,1000,1724.0,-0.3290,-0.4752,-10.2012,0.01741,-0.03711,0.06599,0.0,
3143697,1000,1724.0,-0.7690,-0.1262,-10.3982,0.01641,-0.03011,0.06699,0.0,
3143717,1000,1724.0,-0.2880,0.2258,-9.7312,-0.02759,0.02089,0.06499,0.0,
3143737,1000,1724.0,-0.2920,0.2638,-9.8512,-0.03259,-0.00911,0.07499,0.0,
3143757,1000,1724.0,-0.2180,-0.5412,-10.1362,0.04041,0.01889,0.07499,0.0,
3143777,1000,1724.0,-0.0770,-0.1462,-9.6462,-0.03859,0.08089,0.07399,0.0,
3143797,1000,1724.0,1.0230,-0.7812,-9.5502,0.09141,0.10989,0.05899,0.0,
3143817,1000,1724.0,0.2260,-0.3232,-8.8842,0.00241,0.06389,0.07699,0.0,
3143837,1000,1724.0,-0.0940,-0.6162,-9.4832,0.05841,0.05989,0.06599,0.0,
3143857,1000,1724.0,0.2310,-0.0992,-9.5412,0.00141,0.06689,0.06699,0.0,
3143877,1000,1724.0,0.2610,-0.3582,-9.9302,0.02441,0.06789,0.09399,0.0,
3143897,1000,1724.0,-0.6150,0.1408,-8.9352,-0.01659,-0.00511,0.06399,0.0,
3143917,1000,1724.0,-0.9550,0.5288,-10.7552,-0.03359,-0.06811,0.06899,0.0,
3143937,1000,1724.0,-0.6970,-1.0632,-10.4002,0.07741,-0.01511,0.07099,0.0,
3143957,1000,1724.0,0.2950,0.1138,-9.1742,-0.03159,0.05789,0.05299,0.0,
3143977,1000,1724.0,-1.7370,0.0028,-10.1032,0.02241,-0.12411,0.07799,0.0,
3143997,1000,1724.0,0.7670,0.4098,-10.1452,-0.08859,0.08389,0.06599,0.0,
3144017,1000,1724.0,-0.2920,-0.0302,-9.8362,-0.00859,0.05989,0.08499,0.0,
3144037,1000,1724.0,0.0790,0.1028,-10.2132,-0.02359,0.00389,0.05999,0.0,
3144057,1000,1724.0,0.5250,-0.5022,-9.9232,0.03641,0.08989,0.05799,0.0,
3144077,1000,1724.0,-0.6990,-0.2302,-10.4992,0.02941,0.02889,0.06599,0.0,
3144097,1000,1724.0,1.2010,0.5158,-8.7102,-0.07359,0.11289,0.07199,0.0,
3144117,1000,1724.0,0.2700,-0.5182,-9.9112,0.04541,0.08189,0.05999,0.0,
3144137,1000,1724.0,0.7230,-0.0742,-8.8012,0.01041,0.07189,0.07599,0.0,
3144157,1000,1724.0,-0.2810,-0.7112,-8.7552,0.03641,0.06889,0.06399,0.0,
3144177,1000,1724.0,0.2040,0.9578,-10.2562,-0.00959,0.05289,0.05299,0.0,
3144197,1000,1724.0,-0.6300,-0.5192,-9.9252,0.02141,-0.01311,0.06799,0.0,
3144217,1000,1724.0,-0.6030,-0.0912,-9.2022,0.02641,0.01189,0.07799,0.0,
3144237,1000,1724.0,-0.1420,-0.4812,-10.2912,0.00841,0.03089,0.08499,0.0,
3144257,1000,1724.0,-0.1100,0.7648,-9.4872,-0.05259,0.03689,0.07399,0.0,
3144277,1000,1724.0,-2.6760,-0.1042,-10.6072,-0.00059,-0.20611,0.07099,0.0,
3144297,1000,1724.0,-0.5890,0.4548,-10.3502,-0.01459,-0.01311,0.07899,0.0,
3144317,1000,1724.0,-0.5310,0.3778,-9.9392,-0.04459,-0.00011,0.05899,0.0,
3144337,1000,1724.0,-0.7060,-0.5542,-10.9182,0.02441,-0.07511,0.06899,0.0,
3144357,1000,1724.0,0.9310,0.2308,-9.6252,-0.04359,0.11089,0.08499,0.0,
3144377,1000,1724.0,0.9670,-0.2392,-10.1202,0.03041,0.13689,0.06399,0.0,
3144397,1000,1724.0,1.0990,-0.7442,-9.4632,0.02941,0.09789,0.05499,0.0,
3144417,1000,1724.0,0.6310,-0.1512,-9.3252,-0.01859,0.08689,0.08499,0.0,
3144437,1000,1724.0,0.1210,-0.3742,-9.9272,0.01841,0.08789,0.06099,0.0,
3144457,1000,1724.0,0.6740,-0.7612,-7.9082,0.07641,0.14589,0.07499,0.0,
3144477,1000,1724.0,-0.9580,-0.1612,-9.4062,0.00241,-0.03811,0.04899,0.0,
3144497,1000,1724.0,-0.4110,0.7278,-10.3272,-0.02759,0.00489,0.07499,0.0,
3144517,1000,1724.0,-1.4960,-0.8942,-9.2822,0.06841,-0.05511,0.07899,0.0,
3144537,1000,1724.0,-0.6100,1.1028,-10.9062,-0.07759,-0.00611,0.08299,0.0,
3144557,1000,1724.0,-0.2440,0.0068,-9.9992,-0.02059,0.02289,0.07299,0.0,
3144577,1000,1724.0,-0.8150,-0.9662,-10.3422,0.09341,-0.05611,0.08399,0.0,
3144597,1000,1724.0,-1.9560,-0.3672,-10.4722,0.03441,-0.14611,0.08199,0.0,
3144617,1000,1724.0,0.8510,0.6398,-9.2892,-0.07359,0.13489,0.06499,0.0,
3144637,1000,1724.0,-0.6150,-0.9332,-10.7322,0.08541,-0.05111,0.08199,0.0,
3144657,1000,1724.0,-0.3000,-0.6172,-10.3682,0.00641,-0.00711,0.06699,0.0,
3144677,1000,1724.0,-0.2680,-0.0012,-9.4692,0.02741,-0.00111,0.06999,0.0,
3144697,1000,1724.0,0.0910,-0.2732,-9.9452,0.00341,0.05189,0.04599,0.0,
3144717,1000,1724.0,0.2020,-0.0992,-9.5312,0.01041,0.02989,0.04699,0.0,
3144737,1000,1724.0,0.3000,-0.7542,-9.2532,0.05841,0.06189,0.07399,0.0,
3144757,1000,1724.0,0.5040,0.4008,-8.8882,-0.08159,0.18389,0.08299,0.0,
3144777,1000,1724.0,1.4640,-0.5992,-8.9182,0.03341,0.07889,0.06799,0.0,
3144797,1000,1724.0,0.3660,-0.0662,-9.5732,0.00041,0.10589,0.08399,0.0,
3144817,1000,1724.0,-0.2160,0.8308,-9.9942,-0.05159,0.03289,0.04799,0.0,
3144837,1000,1724.0,0.0990,-1.1302,-9.8762,0.08341,0.07389,0.09099,0.0,
3144857,1000,1724.0,0.9630,0.1098,-9.6312,-0.02859,0.12389,0.06399,0.0,
3144877,1000,1724.0,-2.2730,-0.0852,-10.2322,0.02041,-0.14611,0.09599,0.0,
3144897,1000,1724.0,-0.8780,-0.3662,-10.5892,0.03941,-0.06211,0.03899,0.0,
3144917,1000,1724.0,0.7440,0.0338,-8.8102,-0.02059,0.09689,0.09699,0.0,
3144937,1000,1724.0,-0.6640,-0.7932,-10.4492,0.05141,-0.04311,0.06299,0.0,
3144957,1000,1724.0,-0.7200,0.4598,-10.2932,-0.02759,-0.03811,0.07299,0.0,
3144977,1000,1724.0,-0.6300,-0.2052,-10.0372,0.04141,-0.07411,0.05199,0.0,
3144997,1000,1724.0,0.2860,-0.4742,-9.6922,0.02141,0.07889,0.07999,0.0,
3145017,1000,1724.0,0.7840,-0.4892,-10.1212,0.02541,0.12289,0.04599,0.0,
3145037,1000,1724.0,-0.3220,0.1418,-9.7192,-0.01559,0.00889,0.07999,0.0,
3145057,1000,1724.0,0.4160,-0.2552,-10.1042,-0.00559,0.16889,0.06099,0.0,
3145077,1000,1724.0,0.4530,0.8718,-9.3442,-0.08859,0.11589,0.06799,0.0,
3145097,1000,1724.0,-0.1120,-0.7112,-9.3772,0.06241,-0.02411,0.05899,0.0,
3145117,1000,1724.0,0.5600,0.7978,-9.5842,-0.04359,0.09589,0.07299,0.0,
3145137,1000,1724.0,-0.1000,-0.0612,-9.8682,-0.00259,0.07289,0.06199,0.0,
3145157,1000,1724.0,-0.1180,-0.4352,-9.6952,0.01641,0.01589,0.07399,0.0,
3145177,1000,1724.0,-0.2500,0.5058,-10.5132,-0.01959,0.03089,0.06299,0.0,
3145197,1000,1724.0,-0.5320,-0.5322,-9.6592,0.03741,-0.02111,0.07699,0.0,
3145217,1000,1724.0,-0.3300,-0.4422,-8.8872,0.03541,0.03689,0.05799,0.0,
3145237,1000,1724.0,-1.1590,0.0688,-10.3962,-0.00859,-0.08611,0.09599,0.0,
3145257,1000,1724.0,0.3170,-1.3612,-10.2972,0.13141,0.06689,0.06699,0.0,
3145277,1000,1724.0,-0.1520,1.7188,-10.7292,-0.18859,-0.02811,0.08499,0.0,
3145297,1000,1724.0,-0.8730,-1.3772,-9.5792,0.13941,0.00089,0.06799,0.0,
3145317,1000,1724.0,-0.0510,-0.1132,-10.0012,-0.02059,0.00089,0.07099,0.0,
3145337,1000,1724.0,-0.8200,0.7068,-10.4982,-0.04459,-0.00211,0.07799,0.0,
3145357,1000,1724.0,0.6030,0.1368,-9.0602,-0.05559,0.08289,0.08199,0.0,
3145377,1000,1724.0,0.4140,-0.6832,-10.3222,0.04941,0.13089,0.05999,0.0,
3145397,1000,1724.0,0.7970,0.1548,-9.4222,-0.00159,0.04989,0.07099,0.0,
3145417,1000,1724.0,0.8410,0.0298,-8.8202,-0.02859,0.12189,0.06299,0.0,
3145437,1000,1724.0,0.1250,-0.3922,-8.7032,-0.00459,0.08589,0.08899,0.0,
3145457,1000,1724.0,-0.1350,-0.3532,-10.2862,0.03841,0.02789,0.10899,0.0,
3145477,1000,1724.0,-0.5990,0.7358,-10.1292,-0.07159,-0.00411,0.12899,0.0,
3145497,1000,1724.0,0.2050,0.1588,-11.0512,-0.01559,0.07789,0.11199,0.0,
3145517,1000,1724.0,-0.2390,-0.4262,-10.7782,0.00141,-0.00011,0.10399,0.0,
3145537,1000,1724.0,-0.7700,-0.1452,-11.8552,-0.00759,-0.04311,0.11499,0.0,
3145557,1000,1724.0,-1.3560,-0.3252,-11.1162,0.00441,-0.11211,0.08699,0.0,
3145577,1000,1724.0,-0.2840,-0.8772,-11.5272,0.06341,-0.05811,0.09299,0.0,
3145597,1000,1724.0,-1.0170,-1.1962,-12.6242,0.09141,0.03489,0.11599,0.0,
3145617,1000,1724.0,0.0150,-1.7092,-11.4182,0.14941,0.03289,0.09099,0.0,
3145637,1000,1724.0,0.3600,-1.4252,-11.8612,0.09741,0.04989,0.09699,0.0,
3145657,1000,1724.0,0.4680,0.1868,-12.2402,-0.01759,0.07089,0.09599,0.0,
3145677,1000,1724.0,0.8000,-0.7952,-11.7492,0.06441,0.10489,0.12199,0.0,
3145697,1000,1724.0,-1.1950,0.5348,-12.1142,-0.04059,-0.08011,0.11199,0.0,
3145717,1000,1724.0,-0.7730,0.3568,-11.4612,-0.05859,-0.02311,0.11999,0.0,
3145737,1000,1724.0,-0.2190,-0.1422,-11.5572,0.01541,0.02689,0.09099,0.0,
3145757,1000,1724.0,-0.5090,0.4958,-11.8142,-0.07059,-0.00511,0.09699,0.0,
3145777,1000,1724.0,0.8330,-0.3472,-11.1192,0.00241,0.13389,0.06899,0.0,
3145797,1000,1724.0,-0.5780,-0.4602,-11.2422,0.02741,0.02189,0.08699,0.0,
3145817,1000,1724.0,-0.4070,-0.5952,-11.0202,0.06041,0.02589,0.09399,0.0,
3145837,1000,1724.0,1.0250,-0.9042,-11.2032,0.08541,0.16789,0.08599,0.0,
3145857,1000,1724.0,0.1080,0.4748,-11.0752,-0.04059,0.07689,0.10599,0.0,
3145877,1000,1724.0,0.1480,1.0188,-11.0992,-0.10159,0.12489,0.12699,0.0,
3145897,1000,1724.0,1.3750,-0.0122,-11.5482,-0.01259,0.13489,0.11299,0.0,
3145917,1000,1724.0,-0.2000,0.9708,-10.6852,-0.06759,0.05789,0.11999,0.0,
3145937,1000,1724.0,-0.3640,-0.1252,-11.6302,0.00241,0.04789,0.11099,0.0,
3145957,1000,1724.0,-0.6100,0.6398,-11.4262,-0.06259,-0.04911,0.09799,0.0,
3145977,1000,1724.0,0.5030,-0.3872,-11.1402,0.04941,0.06089,0.11299,0.0,
3145997,1000,1724.0,-0.1230,-0.6952,-11.3292,0.02741,0.14089,0.07699,0.0,
3146017,1000,1724.0,-0.2370,0.7198,-11.3502,-0.04659,-0.00711,0.09299,0.0,
3146037,1000,1724.0,-0.5940,-0.2212,-11.5312,0.00541,0.00689,0.06899,0.0,
3146057,1000,1724.0,0.4630,-0.9292,-10.7482,0.05041,0.07889,0.11099,0.0,
3146077,1000,1724.0,-1.1370,0.8448,-11.8162,-0.07459,-0.10811,0.10299,0.0,
3146097,1000,1724.0,0.9900,-0.7992,-11.0982,0.05641,0.12089,0.09299,0.0,
3146117,1000,1724.0,0.7470,0.1978,-11.5472,-0.04459,0.08489,0.09799,0.0,
3146137,1000,1724.0,-0.6400,0.0408,-12.1362,-0.03559,-0.08111,0.13399,0.0,
3146157,1000,1724.0,-0.1340,0.3358,-11.1912,-0.04659,0.04489,0.10399,0.0,
3146177,1000,1724.0,-1.0650,-0.4792,-12.0022,0.07841,-0.03411,0.09999,0.0,
3146197,1000,1724.0,0.3410,-1.8972,-11.3832,0.10941,0.03189,0.10299,0.0,
3146217,1000,1724.0,0.5710,-1.0022,-11.4462,0.07441,0.10789,0.09199,0.0,
3146237,1000,1724.0,-0.1210,-0.7692,-12.1042,0.02041,0.02489,0.09099,0.0,
3146257,1000,1724.0,0.2950,-1.2022,-9.9802,0.07241,0.16589,0.08799,0.0,
3146277,1000,1724.0,-0.5290,-0.7962,-11.6682,0.03641,0.00289,0.10699,0.0,
3146297,1000,1724.0,-0.8550,-0.1102,-11.8832,-0.01259,-0.12811,0.12299,0.0,
3146317,1000,1724.0,1.1240,-0.7152,-9.9612,0.03941,0.19189,0.10599,0.0,
3146337,1000,1724.0,-0.2060,-0.4662,-12.9612,0.01541,-0.01211,0.09999,0.0,
3146357,1000,1724.0,-0.6490,0.0708,-11.4222,-0.02059,-0.04011,0.09999,0.0,
3146377,1000,1724.0,-0.0930,-0.4332,-11.2782,0.02341,0.04289,0.11599,0.0,
3146397,1000,1724.0,-0.9680,-0.1692,-11.6382,0.02641,-0.04911,0.09099,0.0,
3146417,1000,1724.0,0.3920,-0.7862,-10.6512,0.06141,0.08489,0.08499,0.0,
3146437,1000,1724.0,-0.7790,0.2228,-11.9192,0.01941,-0.04211,0.08599,0.0,
3146457,1000,1724.0,0.7170,-0.6682,-11.3212,0.01541,0.07389,0.10299,0.0,
3146477,1000,1724.0,0.3220,-0.4262,-11.0662,0.04741,0.06889,0.08799,0.0,
3146497,1000,1724.0,0.1080,1.2818,-11.3622,-0.12459,-0.00611,0.08899,0.0,
3146517,1000,1724.0,-0.7630,0.0498,-10.9492,0.00041,-0.01411,0.09899,0.0,
3146537,1000,1724.0,0.5270,-0.5922,-10.6612,0.01041,0.07989,0.11399,0.0,
3146557,1000,1724.0,-0.8290,0.6298,-11.7372,-0.07159,-0.03311,0.09599,0.0,
3146577,1000,1724.0,0.3520,-0.3522,-11.7152,0.00641,0.11189,0.09799,0.0,
3146597,1000,1724.0,0.3630,-0.4642,-11.1702,0.03041,0.10589,0.09499,0.0,
3146617,1000,1724.0,-0.0680,-0.4292,-10.7242,-0.01559,0.09789,0.09499,0.0,
3146637,1000,1724.0,0.2410,-0.4962,-10.5982,0.03241,0.11789,0.10199,0.0,
3146657,1000,1724.0,0.5790,-0.6182,-11.2632,0.05541,0.09289,0.09999,0.0,
3146677,1000,1724.0,0.8720,0.1168,-10.9022,-0.00959,0.16989,0.10399,0.0,
3146697,1000,1724.0,0.8570,0.3348,-11.3992,-0.00959,0.13889,0.10199,0.0,
3146717,1000,1724.0,-0.0180,0.1938,-10.2302,-0.00359,0.02889,0.10599,0.0,
3146737,1000,1724.0,0.7500,0.5108,-11.1622,-0.03659,0.15589,0.10699,0.0,
3146757,1000,1724.0,0.1790,1.1498,-10.8982,-0.14459,0.09489,0.12099,0.0,
3146777,1000,1724.0,-0.7430,0.2068,-10.7212,-0.00159,-0.00311,0.11699,0.0,
3146797,1000,1724.0,-0.2110,-0.6772,-12.5532,0.06741,0.03889,0.08099,0.0,
3146817,1000,1724.0,-0.4490,-0.4472,-10.5732,0.00941,0.04689,0.09499,0.0,
3146837,1000,1724.0,-0.4670,0.0268,-11.7792,0.01041,0.03589,0.07799,0.0,
3146857,1000,1724.0,-1.7300,-0.5152,-13.0562,0.02541,-0.11311,0.09899,0.0,
3146877,1000,1724.0,-0.3000,-0.6372,-11.1712,0.04441,0.00489,0.11099,0.0,
3146897,1000,1724.0,0.0600,-0.3822,-11.1002,0.02641,0.07089,0.08699,0.0,
3146917,1000,1724.0,-1.1570,-0.2582,-12.2092,0.03741,-0.09911,0.09199,0.0,
3146937,1000,1724.0,0.1520,-0.1552,-11.5462,0.00741,0.04289,0.09399,0.0,
3146957,1000,1724.0,-0.0350,-0.5072,-11.2552,0.01341,0.05089,0.12199,0.0,
3146977,1000,1724.0,-0.0010,1.0388,-12.5452,-0.11259,0.02689,0.10899,0.0,
3146997,1000,1724.0,0.3090,-0.7192,-11.8292,0.05441,0.05189,0.11399,0.0,
3147017,1000,1724.0,0.2430,-0.3972,-12.6522,-0.00759,0.08689,0.09599,0.0,
3147037,1000,1724.0,0.2400,0.6228,-12.3682,-0.04859,0.07189,0.10299,0.0,
3147057,1000,1724.0,-0.4150,-0.8382,-10.5452,0.05341,0.01289,0.11499,0.0,
3147077,1000,1724.0,-0.4580,-0.3912,-11.6872,0.01241,0.00289,0.08899,0.0,
3147097,1000,1724.0,0.0470,0.0728,-10.9772,-0.02059,0.13289,0.09699,0.0,
3147117,1000,1724.0,0.4600,0.1498,-10.8552,-0.03859,0.01489,0.08299,0.0,
3147137,1000,1724.0,0.3570,-0.3542,-11.3832,0.00141,0.06389,0.07599,0.0,
3147157,1000,1724.0,0.2490,-0.7542,-9.0852,0.05641,0.07189,0.10299,0.0,
3147177,1000,1724.0,-0.4770,-0.9892,-11.4562,0.07141,0.00589,0.09499,0.0,
3147197,1000,1724.0,0.5280,0.4198,-11.3772,-0.04259,0.07289,0.09599,0.0,
3147217,1000,1724.0,-0.5110,-0.7762,-9.8942,0.05341,-0.02011,0.08599,0.0,
3147237,1000,1724.0,0.4040,0.1698,-12.3182,-0.05659,0.07689,0.11099,0.0,
3147257,1000,1724.0,-0.5350,-0.3272,-11.0412,0.01441,-0.01211,0.10099,0.0,
3147277,1000,1724.0,-1.6270,-0.9772,-11.1652,0.10541,-0.11411,0.09599,0.0,
3147297,1000,1724.0,-1.0170,-0.9022,-11.5902,0.08141,-0.06011,0.08999,0.0,
3147317,1000,1724.0,-0.6660,-0.6722,-10.6312,0.05341,-0.10411,0.10699,0.0,
3147337,1000,1724.0,-1.4530,-0.3342,-11.8972,0.03141,-0.02311,0.10399,0.0,
3147357,1000,1724.0,0.2300,-0.7552,-11.3912,0.04441,0.04689,0.09099,0.0,
3147377,1000,1724.0,-1.2480,-0.2362,-11.0202,0.00041,-0.08511,0.10799,0.0,
3147397,1000,1724.0,0.0130,-0.2932,-11.7362,0.02941,0.00989,0.08799,0.0,
3147417,1000,1724.0,0.1380,-0.8982,-11.0932,0.06041,0.02489,0.10499,0.0,
3147437,1000,1724.0,-0.5930,-0.2992,-11.1412,-0.00759,0.01189,0.09499,0.0,
3147457,1000,1724.0,0.7040,0.7458,-11.6122,-0.09159,0.11489,0.09799,0.0,
3147477,1000,1724.0,0.1080,0.1298,-11.6352,-0.04259,0.05589,0.09299,0.0,
3147497,1000,1724.0,-0.9870,0.1608,-11.6962,-0.03259,-0.02911,0.10299,0.0,
3147517,1000,1724.0,1.3440,-0.5912,-10.6342,0.01341,0.17089,0.08499,0.0,
3147537,1000,1724.0,0.1420,0.2598,-10.9982,-0.00159,0.07089,0.07399,0.0,
3147557,1000,1724.0,-0.0880,0.5208,-11.6362,-0.06459,0.01089,0.10299,0.0,
3147577,1000,1724.0,1.2970,0.0408,-10.9632,-0.02059,0.18089,0.07899,0.0,
3147597,1000,1724.0,-0.2520,0.9508,-11.4852,-0.06159,0.00089,0.09199,0.0,
3147617,1000,1724.0,0.0310,0.6188,-10.7292,-0.03159,0.08789,0.08599,0.0,
3147637,1000,1724.0,0.9510,0.4618,-11.5312,-0.06559,0.07389,0.10899,0.0,
3147657,1000,1724.0,-0.5020,-0.2162,-11.5322,0.01841,0.03089,0.08899,0.0,
3147677,1000,1724.0,-0.2550,-0.4602,-11.3932,0.03941,0.00089,0.09599,0.0,
3147697,1000,1724.0,-0.4800,0.4278,-12.8732,0.00241,-0.06011,0.10299,0.0,
3147717,1000,1724.0,-0.7450,0.1148,-11.4772,-0.05059,-0.00411,0.09499,0.0,
3147737,1000,1724.0,-0.9160,-0.2582,-11.8402,-0.00359,0.07589,0.09199,0.0,
3147757,1000,1724.0,-1.4080,0.2828,-11.9912,-0.03159,-0.08711,0.09799,0.0,
3147777,1000,1724.0,-1.1320,0.2368,-11.2852,-0.03759,-0.04611,0.09399,0.0,
3147797,1000,1724.0,0.2890,-0.1102,-11.4652,0.03041,0.11789,0.09899,0.0,
3147817,1000,1724.0,-1.4410,0.4428,-11.4532,-0.05259,-0.08211,0.10499,0.0,
3147837,1000,1724.0,0.1210,0.2858,-11.1482,-0.04159,0.05889,0.10999,0.0,
3147857,1000,1724.0,0.3460,1.3188,-11.8912,-0.09759,0.11089,0.10599,0.0,
3147877,1000,1724.0,-0.2340,-0.4612,-10.7562,0.01841,0.01989,0.09699,0.0,
3147897,1000,1724.0,1.0150,0.4868,-11.4882,-0.05259,0.14589,0.10099,0.0,
3147917,1000,1724.0,0.2570,-0.4252,-11.5502,0.03141,0.13989,0.09899,0.0,
3147937,1000,1724.0,0.9990,-0.2282,-10.5612,0.00041,0.08089,0.10399,0.0,
3147957,1000,1724.0,0.0170,-0.2952,-10.9332,0.00841,0.08889,0.09499,0.0,
3147977,1000,1724.0,0.1940,-0.2022,-11.0222,0.00241,0.06989,0.10399,0.0,
3147997,1000,1724.0,-0.0870,0.6748,-11.5502,-0.06259,0.11189,0.08799,0.0,
3148017,1000,1724.0,0.1900,0.8238,-11.1032,-0.07559,0.05389,0.08099,0.0,
3148037,1000,1724.0,-0.1680,0.2878,-10.7482,-0.05759,0.00289,0.09499,0.0,
3148057,1000,1724.0,-0.8870,-0.0172,-9.9772,0.04041,0.01589,0.08099,0.0,
3148077,1000,1724.0,-0.5450,0.0518,-11.6022,-0.01359,0.01189,0.09899,0.0,
3148097,1000,1724.0,-0.1650,0.0878,-11.0372,0.00341,0.03689,0.06899,0.0,
3148117,1000,1724.0,-1.0140,1.1078,-10.8472,-0.09859,-0.03411,0.10499,0.0,
3148137,1000,1724.0,0.0540,0.1528,-11.7382,-0.01959,0.03589,0.09099,0.0,
3148157,1000,1724.0,0.5160,0.0718,-10.7742,-0.02859,0.09189,0.09299,0.0,
3148177,1000,1724.0,-0.3740,0.3708,-11.6572,-0.02659,0.00689,0.10499,0.0,
3148197,1000,1724.0,-0.7530,-0.4572,-11.6082,0.04041,-0.02111,0.10199,0.0,
3148217,1000,1724.0,0.8870,-0.4132,-11.3042,0.00741,0.12489,0.11299,0.0,
3148237,1000,1724.0,-0.5840,-0.0612,-12.1502,-0.00359,0.04989,0.10099,0.0,
3148257,1000,1724.0,0.1690,-0.1472,-11.4652,0.00241,0.01989,0.08599,0.0,
3148277,1000,1724.0,-0.2940,0.1978,-10.9502,-0.03559,0.07589,0.10399,0.0,
3148297,1000,1724.0,-0.1040,-0.2102,-12.0502,0.00441,0.05389,0.08999,0.0,
3148317,1000,1724.0,-0.1930,-0.5192,-10.7682,0.02441,0.07589,0.12099,0.0,
3148337,1000,1724.0,-0.3360,0.5358,-10.9842,-0.02259,-0.02511,0.11699,0.0,
3148357,1000,1724.0,0.5800,-0.1112,-11.1322,0.00841,0.12089,0.08499,0.0,
3148377,1000,1724.0,1.0910,-0.3962,-11.1182,0.01941,0.16089,0.11199,0.0,
3148397,1000,1724.0,-0.7380,-0.3712,-12.0412,0.02341,-0.02111,0.09499,0.0,
3148417,1000,1724.0,0.6280,0.0528,-11.1852,-0.03959,0.12889,0.09399,0.0,
3148437,1000,1724.0,-0.3300,0.0688,-11.1422,-0.02959,0.07589,0.08199,0.0,
3148457,1000,1724.0,-0.3050,-0.2002,-12.1772,-0.00159,0.00189,0.10699,0.0,
3148477,1000,1724.0,-0.1430,-0.5282,-10.5912,0.02741,0.08989,0.11199,0.0,
3148497,1000,1724.0,-0.2800,-0.2392,-11.5832,-0.00259,0.04489,0.11999,0.0,
3148517,1000,1724.0,0.2270,-0.0282,-11.4852,-0.02359,0.09689,0.09899,0.0,
3148537,1000,1724.0,-0.1100,-0.2002,-11.2392,0.01441,0.03389,0.10499,0.0,
3148557,1000,1724.0,-0.8350,0.4358,-11.5992,-0.04459,-0.02111,0.11999,0.0,
3148577,1000,1724.0,-0.2990,-0.0562,-11.2772,0.00741,0.02889,0.08799,0.0,
3148597,1000,1724.0,-0.9170,-0.1032,-12.3262,0.01341,-0.05111,0.10399,0.0,
3148617,1000,1724.0,0.3730,-0.4092,-11.1912,0.04741,0.06589,0.10499,0.0,
3148637,1000,1724.0,-1.0610,-0.1832,-11.7012,0.04941,-0.03711,0.08899,0.0,
3148657,1000,1724.0,-1.3980,0.2448,-11.8672,0.02441,-0.13111,0.09399,0.0,
3148677,1000,1724.0,0.5510,0.3178,-11.5382,-0.04859,0.08489,0.10099,0.0,
3148697,1000,1724.0,0.6490,-0.5162,-11.1102,-0.00459,0.14289,0.10699,0.0,
3148717,1000,1724.0,-0.0070,0.2668,-11.5592,-0.03259,0.01789,0.08399,0.0,
3148737,1000,1724.0,0.3270,-1.3152,-12.5052,0.07741,0.10189,0.10199,0.0,
3148757,1000,1724.0,-0.4830,-0.7792,-11.4912,0.00641,0.06289,0.11499,0.0,
3148777,1000,1724.0,0.2520,0.0458,-10.6942,-0.03859,0.11689,0.12199,0.0,
3148797,1000,1724.0,-0.0630,-0.4282,-12.0902,-0.01859,0.06989,0.10699,0.0,
3148817,1000,1724.0,-0.3480,0.2358,-11.4922,-0.05059,0.01189,0.11599,0.0,
3148837,1000,1724.0,1.3390,0.5348,-11.1432,-0.05759,0.19689,0.07899,0.0,
3148857,1000,1724.0,1.0430,0.1918,-11.5422,-0.03359,0.14789,0.09999,0.0,
3148877,1000,1724.0,0.3070,-0.4362,-11.0332,0.05541,0.08089,0.10399,0.0,
3148897,1000,1724.0,-0.3170,-0.3352,-11.0262,0.02541,0.03189,0.11499,0.0,
3148917,1000,1724.0,-0.0440,-0.9162,-11.6602,0.10241,0.08389,0.08899,0.0,
3148937,1000,1724.0,0.1640,-0.1922,-10.6482,0.03541,0.07189,0.09499,0.0,
3148957,1000,1724.0,-0.3070,-0.8312,-12.4492,0.06141,0.01989,0.09899,0.0,
3148977,1000,1724.0,-0.2650,-0.3492,-11.2182,-0.02559,0.02789,0.11599,0.0,
3148997,1000,1724.0,-0.4370,0.0138,-11.9432,0.02741,0.04889,0.10499,0.0,
3149017,1000,1724.0,0.0900,-0.7552,-12.1912,0.07041,0.02389,0.11099,0.0,
3149037,1000,1724.0,-1.7060,0.4038,-13.1872,-0.04759,-0.10111,0.12499,0.0,
3149057,1000,1724.0,0.7790,-0.1942,-11.3202,0.00141,0.12789,0.11199,0.0,
3149077,1000,1724.0,-0.5980,-0.1112,-12.3262,0.00741,-0.06111,0.09999,0.0,
3149097,1000,1724.0,-1.6520,0.1008,-11.2092,-0.00859,-0.11911,0.07599,0.0,
3149117,1000,1724.0,0.2070,-0.7052,-11.3182,0.04341,0.06789,0.08899,0.0,
3149137,1000,1724.0,-0.3040,-0.0322,-11.5582,0.00541,-0.02111,0.08199,0.0,
3149157,1000,1724.0,0.1130,-0.5402,-11.2082,0.04141,0.01989,0.09799,0.0,
3149177,1000,1724.0,0.7230,-1.4172,-11.2302,0.09141,0.12589,0.09199,0.0,
3149197,1000,1724.0,-0.5900,-0.5122,-11.3922,0.04541,0.01989,0.09599,0.0,
3149217,1000,1724.0,0.0180,-0.8182,-11.0392,0.02541,0.04889,0.09399,0.0,
3149237,1000,1724.0,0.1540,-0.8862,-11.6832,0.02441,0.09389,0.09599,0.0,
3149257,1000,1724.0,-0.5450,-0.4362,-11.5752,0.00841,0.10989,0.11399,0.0,
3149277,1000,1724.0,1.1330,-0.7232,-10.3652,-0.01759,0.16989,0.13299,0.0,
3149297,1000,1724.0,0.5310,-0.5122,-11.0282,0.05741,0.04089,0.10699,0.0,
3149317,1000,1724.0,0.5050,-0.1852,-10.6302,0.01041,0.10989,0.11399,0.0,
3149337,1000,1724.0,-1.0950,0.3498,-10.8932,-0.03759,-0.03111,0.14099,0.0,
3149357,1000,1724.0,0.4220,-0.1282,-11.0172,0.01341,0.07389,0.11099,0.0,
3149377,1000,1724.0,0.2260,-0.3232,-10.3982,0.02441,0.05289,0.12299,0.0,
3149397,1000,1724.0,-0.8790,0.4068,-11.7092,-0.03859,-0.01811,0.11399,0.0,
3149417,1000,1724.0,-0.5430,-0.6172,-11.6342,0.03941,0.00489,0.12699,0.0,
3149437,1000,1724.0,-1.1390,-0.2252,-11.5042,0.03041,-0.06311,0.10299,0.0,
3149457,1000,1724.0,-0.8020,-1.2712,-11.3442,0.12841,-0.02911,0.09099,0.0,
3149477,1000,1724.0,0.0120,-1.2142,-11.5132,0.09841,0.06889,0.16499,0.0,
3149497,1000,1724.0,-0.3710,-0.1162,-12.3822,-0.02959,-0.00611,0.14199,0.0,
3149517,1000,1724.0,-0.4960,0.1258,-12.9112,0.00241,-0.00111,0.13699,0.0,
3149537,1000,1724.0,0.5640,0.0578,-12.5002,-0.02159,0.08089,0.13199,0.0,
3149557,1000,1724.0,-0.5410,-0.2182,-13.0892,0.02541,-0.05711,0.14499,0.0,
3149577,1000,1724.0,-0.1800,-1.1682,-12.5182,0.02541,0.07089,0.11199,0.0,
3149597,1000,1724.0,0.6600,-0.1692,-12.9632,0.05941,0.12789,0.11699,0.0,
3149617,1000,1724.0,-0.7510,0.2218,-12.7802,-0.03459,-0.05811,0.13399,0.0,
3149637,1000,1724.0,0.5840,-0.0572,-13.9832,-0.00559,0.12889,0.11999,0.0,
3149657,1000,1724.0,0.8300,0.0618,-12.8652,-0.03459,0.13189,0.14199,0.0,
3149677,1000,1724.0,0.4470,-0.4742,-12.4052,0.06441,0.09289,0.11399,0.0,
3149697,1000,1724.0,1.0770,-0.7502,-13.0262,0.04841,0.14489,0.12899,0.0,
3149717,1000,1724.0,-0.6850,-0.0202,-12.5962,-0.00359,-0.01811,0.11499,0.0,
3149737,1000,1724.0,1.0420,-2.0262,-12.7702,0.16541,0.15689,0.12699,0.0,
3149757,1000,1724.0,0.3010,0.9228,-12.5752,-0.10159,0.06389,0.11499,0.0,
3149777,1000,1724.0,-0.9160,-0.5182,-13.1022,0.02541,0.05889,0.13499,0.0,
3149797,1000,1724.0,0.9180,0.6168,-12.4072,-0.03159,0.02689,0.12899,0.0,
3149817,1000,1724.0,0.5390,-0.3662,-12.7132,-0.03159,0.09889,0.13599,0.0,
3149837,1000,1724.0,1.0320,-0.3762,-13.1992,0.04441,0.09989,0.09699,0.0,
3149857,1000,1724.0,-0.4110,0.4668,-12.8602,-0.09459,0.13289,0.16399,0.0,
3149877,1000,1724.0,0.0350,0.2688,-12.8012,-0.00159,0.03189,0.10199,0.0,
3149897,1000,1724.0,-0.1970,0.0898,-13.1212,-0.05359,-0.00411,0.15299,0.0,
3149917,1000,1724.0,-0.0610,-0.6632,-11.8352,0.07941,0.04489,0.09699,0.0,
3149937,1000,1724.0,-0.2940,0.3198,-12.5642,-0.07859,0.06389,0.14499,0.0,
3149957,1000,1724.0,-1.2430,-0.2772,-13.0332,0.01641,-0.06211,0.12899,0.0,
3149977,1000,1724.0,1.6320,-1.0982,-12.3312,0.06841,0.21889,0.11399,0.0,
3149997,1000,1724.0,-0.3390,-0.1352,-12.8992,0.02141,0.00089,0.11699,0.0,
3150017,1000,1724.0,-0.4720,-0.4382,-12.8672,0.01941,0.01589,0.12699,0.0,
3150037,1000,1724.0,-0.8270,0.6948,-13.1812,-0.05359,-0.00311,0.12899,0.0,
3150057,1000,1724.0,-0.1720,0.0238,-12.6782,-0.04159,0.05589,0.13799,0.0,
3150077,1000,1724.0,0.3620,-0.1272,-13.1122,0.01341,0.06489,0.10099,0.0,
3150097,1000,1724.0,-0.5060,-0.0472,-12.3862,-0.00359,0.03489,0.13099,0.0,
3150117,1000,1724.0,-0.7700,-0.1972,-13.1852,0.01541,-0.01711,0.12099,0.0,
3150137,1000,1724.0,-0.6260,0.7518,-12.6512,-0.06259,0.00389,0.10999,0.0,
3150157,1000,1724.0,-0.5750,-0.5422,-12.3362,0.04141,-0.07211,0.12299,0.0,
3150177,1000,1724.0,-0.4110,0.9238,-13.9082,-0.04059,0.00289,0.11999,0.0,
3150197,1000,1724.0,-0.8240,-0.3232,-12.5142,-0.01559,0.07689,0.11899,0.0,
3150217,1000,1724.0,-1.1120,-0.2862,-13.6222,0.04341,-0.05911,0.12099,0.0,
3150237,1000,1724.0,-1.0730,0.0558,-12.7422,-0.03159,-0.02311,0.11299,0.0,
3150257,1000,1724.0,1.0030,0.0318,-12.4232,-0.03259,0.15589,0.13499,0.0,
3150277,1000,1724.0,-1.7220,-0.1292,-13.6802,0.01841,-0.10511,0.13499,0.0,
3150297,1000,1724.0,-0.3890,0.1308,-12.3542,0.00941,-0.00911,0.10299,0.0,
3150317,1000,1724.0,0.6710,0.5368,-12.9322,-0.06259,0.13489,0.14299,0.0,
3150337,1000,1724.0,-0.9560,0.2518,-13.2142,-0.01759,-0.06711,0.12299,0.0,
3150357,1000,1724.0,0.8760,0.1288,-13.1572,-0.04259,0.11389,0.13299,0.0,
3150377,1000,1724.0,-0.4000,-0.5002,-12.1482,0.03541,0.00889,0.10399,0.0,
3150397,1000,1724.0,-0.5100,0.2348,-14.1152,-0.00759,0.03489,0.14599,0.0,
3150417,1000,1724.0,-0.5210,0.1468,-12.8902,0.00341,0.00189,0.09799,0.0,
3150437,1000,1724.0,0.5140,-0.3022,-12.6492,0.02941,0.07389,0.13299,0.0,
3150457,1000,1724.0,-1.2370,-0.4322,-12.5592,0.00041,0.05089,0.14899,0.0,
3150477,1000,1724.0,0.4620,0.3978,-12.7552,-0.01859,0.05889,0.11799,0.0,
3150497,1000,1724.0,0.2590,-0.8292,-12.0592,0.03341,0.03589,0.14699,0.0,
3150517,1000,1724.0,0.8830,-0.5522,-12.8642,0.05541,0.11389,0.08599,0.0,
3150537,1000,1724.0,0.6580,-0.7822,-11.6242,0.03541,0.15989,0.14999,0.0,
3150557,1000,1724.0,-0.6820,-0.6252,-13.9392,0.06741,-0.05011,0.10599,0.0,
3150577,1000,1724.0,0.8630,0.6418,-11.7222,-0.07159,0.18489,0.14999,0.0,
3150597,1000,1724.0,0.3040,-0.0702,-13.2932,-0.01559,0.03989,0.10599,0.0,
3150617,1000,1724.0,-0.7780,-0.7602,-12.5672,0.08741,0.00189,0.14599,0.0,
3150637,1000,1724.0,0.2070,0.2038,-12.4512,-0.02659,0.08689,0.11499,0.0,
3150657,1000,1724.0,0.2110,-0.9892,-12.5202,0.06341,0.09489,0.13499,0.0,
3150677,1000,1724.0,-0.8950,-0.1872,-13.9992,-0.00059,0.00789,0.11999,0.0,
3150697,1000,1724.0,0.6440,-0.6552,-10.4632,0.03941,0.08389,0.14199,0.0,
3150717,1000,1724.0,-0.2940,0.2108,-13.0842,-0.00059,-0.00711,0.11899,0.0,
3150737,1000,1724.0,0.1070,-0.0712,-11.6622,-0.00859,0.09589,0.13799,0.0,
3150757,1000,1724.0,-0.5410,0.2768,-13.7452,-0.03959,-0.05711,0.11799,0.0,
3150777,1000,1724.0,0.3080,-0.2832,-12.4752,0.07641,0.08089,0.12099,0.0,
3150797,1000,1724.0,-0.9820,-0.0612,-13.7852,-0.04059,0.03089,0.12199,0.0,
3150817,1000,1724.0,-0.4690,-0.1392,-12.3552,0.02141,-0.00011,0.11799,0.0,
3150837,1000,1724.0,0.3640,-0.8592,-13.3002,0.07541,0.08689,0.11099,0.0,
3150857,1000,1724.0,-0.2190,1.0098,-12.2132,-0.10959,0.03589,0.12599,0.0,
3150877,1000,1724.0,-1.4180,-0.2632,-13.4112,0.03441,-0.06211,0.13299,0.0,
3150897,1000,1724.0,-0.6880,0.7448,-12.6952,-0.07559,-0.04011,0.11999,0.0,
3150917,1000,1724.0,-0.3170,0.2228,-13.6642,-0.04659,0.05789,0.13399,0.0,
3150937,1000,1724.0,0.4990,-0.9332,-12.4442,0.06741,0.06689,0.11399,0.0,
3150957,1000,1724.0,-0.7920,0.3188,-13.5182,-0.05059,-0.00711,0.12799,0.0,
3150977,1000,1724.0,-0.3540,-0.2302,-11.9822,0.04541,0.03089,0.10399,0.0,
3150997,1000,1724.0,-0.0280,-0.3812,-14.1432,-0.01359,0.04689,0.13699,0.0,
3151017,1000,1724.0,0.4270,0.1858,-12.2202,-0.02059,0.08189,0.10599,0.0,
3151037,1000,1724.0,-0.4450,0.0858,-13.0682,-0.03159,0.01889,0.13099,0.0,
3151057,1000,1724.0,-0.1540,-0.3022,-13.3852,0.01041,0.08689,0.12799,0.0,
3151077,1000,1724.0,-0.3550,0.3948,-12.0172,-0.06359,0.03989,0.11399,0.0,
3151097,1000,1724.0,0.4760,0.0438,-12.8872,-0.02459,0.03089,0.13899,0.0,
3151117,1000,1724.0,1.5450,-0.9242,-11.7752,0.05241,0.21189,0.11799,0.0,
3151137,1000,1724.0,0.4380,-0.2462,-12.8222,0.00041,0.08589,0.13099,0.0,
3151157,1000,1724.0,-0.5150,0.0248,-13.3282,0.02041,-0.02811,0.11999,0.0,
3151177,1000,1724.0,0.6430,0.2588,-11.7962,-0.05659,0.14989,0.12999,0.0,
3151197,1000,1724.0,0.6870,-0.1222,-13.3732,-0.01159,0.09889,0.13899,0.0,
3151217,1000,1724.0,-0.8700,-0.6972,-12.2662,0.04741,-0.02111,0.11099,0.0,
3151237,1000,1724.0,0.0540,-0.7622,-12.7502,0.07441,0.08689,0.12999,0.0,
3151257,1000,1724.0,-0.4360,-0.1542,-12.6852,0.02341,0.02689,0.11799,0.0,
3151277,1000,1724.0,0.2580,-1.0912,-12.9742,0.06941,0.08289,0.11599,0.0,
3151297,1000,1724.0,-0.9360,-0.1352,-12.7292,0.04541,-0.01311,0.11999,0.0,
3151317,1000,1724.0,-0.3880,-0.4962,-12.3962,0.05141,-0.01011,0.12799,0.0,
3151337,1000,1724.0,0.2720,-0.1822,-12.7302,-0.03459,0.09489,0.13899,0.0,
3151357,1000,1724.0,0.1760,-0.5062,-12.8842,0.03941,0.00589,0.12999,0.0,
3151377,1000,1724.0,-0.8720,-0.0512,-13.6972,0.03541,-0.02711,0.11599,0.0,
3151397,1000,1724.0,0.2370,-0.6062,-12.9772,-0.00759,0.14089,0.13699,0.0,
3151417,1000,1724.0,-2.0380,0.3868,-13.1922,-0.01359,-0.12911,0.12599,0.0,
3151437,1000,1724.0,-0.3200,-0.1322,-12.8832,-0.00959,0.02589,0.12599,0.0,
3151457,1000,1724.0,0.9900,0.6938,-12.0322,-0.07159,0.12789,0.12999,0.0,
3151477,1000,1724.0,-1.5990,-1.4862,-13.2612,0.11941,-0.11111,0.12499,0.0,
3151497,1000,1724.0,-0.3160,0.6258,-12.8602,-0.05559,0.02889,0.13399,0.0,
3151517,1000,1724.0,-1.0620,-0.0262,-13.2582,-0.00559,-0.00611,0.11999,0.0,
3151537,1000,1724.0,0.2760,-0.4762,-13.1992,0.03741,0.03889,0.11999,0.0,
3151557,1000,1724.0,0.0020,-0.9552,-12.4602,0.04641,0.03789,0.13899,0.0,
3151577,1000,1724.0,-0.3950,-0.0062,-12.6232,0.01341,0.03889,0.12299,0.0,
3151597,1000,1724.0,-0.8590,-0.7882,-13.2092,0.02941,-0.02511,0.12999,0.0,
3151617,1000,1724.0,-0.2780,0.5818,-12.8432,-0.04259,0.01889,0.09199,0.0,
3151637,1000,1724.0,-0.4690,-0.4902,-13.1842,0.00841,0.00889,0.13099,0.0,
3151657,1000,1724.0,0.2720,0.2418,-12.5082,-0.02759,0.12489,0.08899,0.0,
3151677,1000,1724.0,0.1720,0.2758,-12.5612,-0.05159,0.07289,0.13999,0.0,
3151697,1000,1724.0,0.0670,-0.3932,-12.3022,0.04441,-0.02211,0.09699,0.0,
3151717,1000,1724.0,1.4610,-0.7712,-12.1642,0.01541,0.24389,0.16499,0.0,
3151737,1000,1724.0,1.0720,-0.1112,-13.0432,-0.01059,0.11089,0.09799,0.0,
3151757,1000,1724.0,-0.7730,-0.8042,-13.2572,0.06241,-0.01211,0.13399,0.0,
3151777,1000,1724.0,-0.0760,0.7188,-12.6432,-0.06559,0.06789,0.12199,0.0,
3151797,1000,1724.0,0.5340,-0.7812,-12.7972,0.03341,0.11489,0.14499,0.0,
3151817,1000,1724.0,-0.3950,-0.1902,-11.8662,0.00541,-0.02611,0.11299,0.0,
3151837,1000,1724.0,0.2220,-0.6352,-13.1792,0.04441,0.12089,0.13699,0.0,
3151857,1000,1724.0,-0.1870,0.3378,-12.2502,-0.02959,0.02689,0.12399,0.0,
3151877,1000,1724.0,0.7510,-0.8632,-12.9352,0.01941,0.10789,0.12399,0.0,
3151897,1000,1724.0,0.4430,-1.0612,-12.7132,0.09441,0.08589,0.13099,0.0,
3151917,1000,1724.0,-0.2380,-0.1362,-13.3862,0.04841,0.03689,0.09599,0.0,
3151937,1000,1724.0,-0.0660,-0.3782,-12.4502,0.00241,0.03989,0.13199,0.0,
3151957,1000,1724.0,-0.4670,-0.2182,-12.4762,-0.00959,-0.05411,0.12699,0.0,
3151977,1000,1724.0,-0.9660,-0.2542,-13.0362,0.00941,-0.07011,0.14499,0.0,
3151997,1000,1724.0,0.2290,0.4118,-13.0022,-0.04259,0.15289,0.12399,0.0,
3152017,1000,1724.0,-2.6780,-0.1112,-13.4432,0.00141,-0.17111,0.13499,0.0,
3152037,1000,1724.0,0.4400,-0.1712,-12.8832,0.02541,0.08289,0.12299,0.0,
3152057,1000,1724.0,-0.6920,-0.9722,-11.9652,0.06641,0.01089,0.14099,0.0,
3152077,1000,1724.0,-0.3420,-0.4882,-13.7992,0.03441,0.00589,0.11799,0.0,
3152097,1000,1724.0,-0.4620,0.2108,-12.2912,-0.03559,0.01889,0.15099,0.0,
3152117,1000,1724.0,-0.6070,0.0478,-13.5412,-0.01159,-0.00811,0.11399,0.0,
3152137,1000,1724.0,-0.4780,-0.8492,-12.6192,0.06641,-0.01711,0.13899,0.0,
3152157,1000,1724.0,0.5700,0.4248,-13.2132,-0.04959,0.10989,0.09799,0.0,
3152177,1000,1724.0,-0.9550,-0.0262,-13.2192,-0.00059,-0.03611,0.13999,0.0,
3152197,1000,1724.0,1.2900,-0.7342,-12.1782,0.02741,0.14589,0.11499,0.0,
3152217,1000,1724.0,-0.0190,0.4978,-13.4062,-0.04859,0.07189,0.12299,0.0,
3152237,1000,1724.0,-0.3700,-0.2942,-12.6862,0.04741,0.00889,0.11299,0.0,
3152257,1000,1724.0,1.1770,0.2018,-12.6692,-0.04959,0.17889,0.12099,0.0,
3152277,1000,1724.0,-0.1270,-0.0992,-12.0892,0.04141,0.00589,0.10599,0.0,
3152297,1000,1724.0,-0.2380,0.0508,-13.3772,0.00241,0.06389,0.14399,0.0,
3152317,1000,1724.0,0.3180,0.9038,-12.2782,-0.09859,0.09489,0.09999,0.0,
3152337,1000,1724.0,-0.1760,-0.4892,-12.7442,0.01141,0.06189,0.13899,0.0,
3152357,1000,1724.0,0.0090,-0.4982,-12.3912,0.04141,0.03789,0.12099,0.0,
3152377,1000,1724.0,1.3600,-0.8752,-12.4372,0.04241,0.21689,0.11799,0.0,
3152397,1000,1724.0,0.0240,0.2618,-12.4302,-0.02759,0.02989,0.12299,0.0,
3152417,1000,1724.0,-0.2260,-0.3242,-13.5812,0.01341,0.01189,0.10399,0.0,
3152437,1000,1724.0,0.6610,-0.0412,-11.7982,-0.00759,0.14489,0.14399,0.0,
3152457,1000,1724.0,-0.3590,-0.7822,-13.5962,0.10341,0.01189,0.10299,0.0,
3152477,1000,1724.0,0.7850,-0.2582,-12.3012,-0.03959,0.12889,0.14999,0.0,
3152497,1000,1724.0,0.1610,-0.5912,-13.2022,0.07041,0.06589,0.10599,0.0,
3152517,1000,1724.0,0.3970,0.2358,-12.4682,-0.05059,0.09489,0.13099,0.0,
3152537,1000,1724.0,-0.7980,-0.3462,-12.8802,0.02941,-0.00111,0.12399,0.0,
3152557,1000,1724.0,-1.7370,0.0278,-12.9942,-0.00859,-0.09211,0.11999,0.0,
3152577,1000,1724.0,-0.3880,-0.3912,-12.7092,0.03841,0.02489,0.10899,0.0,
3152597,1000,1724.0,0.3740,0.0038,-12.2242,-0.02659,0.10789,0.12599,0.0,
3152617,1000,1724.0,-1.0120,0.5768,-13.5092,-0.02959,-0.04411,0.10799,0.0,
3152637,1000,1724.0,-1.4300,0.1278,-12.7462,-0.03859,-0.06311,0.15199,0.0,
3152657,1000,1724.0,1.2130,0.3258,-13.3082,-0.04259,0.15489,0.11399,0.0,
3152677,1000,1724.0,-0.3480,-0.6592,-12.4762,0.04841,-0.00111,0.12099,0.0,
3152697,1000,1724.0,0.0880,-0.0082,-13.2562,-0.01659,0.05089,0.12999,0.0,
3152717,1000,1724.0,-0.4790,0.2078,-12.4052,-0.00359,-0.07511,0.11599,0.0,
3152737,1000,1724.0,-1.8640,-0.1842,-13.3222,-0.03159,-0.01611,0.11599,0.0,
3152757,1000,1724.0,-1.0070,-0.0232,-13.0752,0.02341,-0.02611,0.12599,0.0,
3152777,1000,1724.0,0.1110,0.0678,-12.4652,-0.04959,0.06289,0.12799,0.0,
3152797,1000,1724.0,-0.8680,-0.2742,-13.6912,0.01041,0.00389,0.11999,0.0,
3152817,1000,1724.0,0.2020,0.3148,-12.5982,0.00341,0.06989,0.14699,0.0,
3152837,1000,1724.0,0.4150,-0.9182,-12.3532,0.03141,0.03389,0.10799,0.0,
3152857,1000,1724.0,1.4210,0.0668,-12.4842,-0.01459,0.18989,0.14499,0.0,
3152877,1000,1724.0,-0.7510,0.3018,-12.1672,-0.01959,-0.00711,0.09199,0.0,
3152897,1000,1724.0,0.2470,-0.7312,-13.3732,0.05441,0.06889,0.10999,0.0,
3152917,1000,1724.0,0.9170,0.0688,-11.7572,-0.02059,0.15289,0.12599,0.0,
3152937,1000,1724.0,0.8550,-0.7032,-12.4352,0.04441,0.12389,0.13299,0.0,
3152957,1000,1724.0,0.2600,0.8478,-12.6352,-0.08259,0.05989,0.11499,0.0,
3152977,1000,1724.0,-0.0660,-0.4392,-11.6982,0.02741,0.08789,0.13699,0.0,
3152997,1000,1724.0,-0.8690,0.5008,-13.5432,-0.05359,-0.02611,0.10499,0.0,
3153017,1000,1724.0,-1.6290,-1.4242,-12.9352,0.08941,-0.04211,0.13499,0.0,
3153037,1000,1724.0,1.4640,1.2148,-12.9772,-0.07459,0.17589,0.12799,0.0,
3153057,1000,1724.0,-0.9330,-0.2202,-12.2322,-0.01459,0.01789,0.12099,0.0,
3153077,1000,1724.0,1.2120,-0.5552,-12.2052,0.02241,0.12989,0.13099,0.0,
3153097,1000,1724.0,-0.2920,-0.7882,-12.2802,0.04841,-0.00411,0.11499,0.0,
3153117,1000,1724.0,0.1780,1.1408,-12.6692,-0.04859,0.02289,0.12599,0.0,
3153137,1000,1724.0,0.2980,-0.8582,-12.4832,0.04641,0.15589,0.12399,0.0,
3153157,1000,1724.0,-0.3530,0.5018,-13.4682,-0.04959,-0.01611,0.13399,0.0,
3153177,1000,1724.0,-0.3010,0.0238,-13.6352,-0.00659,0.02089,0.11199,0.0,
3153197,1000,1724.0,1.0980,-0.1432,-12.3452,-0.01659,0.16589,0.12499,0.0,
3153217,1000,1724.0,-1.3330,-0.6622,-12.8762,0.05741,-0.08211,0.09199,0.0,
3153237,1000,1724.0,-0.0360,0.2348,-12.8702,-0.02559,0.01389,0.12999,0.0,
3153257,1000,1724.0,0.6440,0.3448,-12.4202,-0.08559,0.15989,0.11999,0.0,
3153277,1000,1724.0,-1.0840,0.2168,-12.9482,-0.01059,-0.09711,0.12599,0.0,
3153297,1000,1724.0,-0.4320,0.0298,-13.3242,-0.04959,0.03089,0.11999,0.0,
3153317,1000,1724.0,-0.6420,-1.1992,-12.2872,0.12441,-0.02511,0.12299,0.0,
3153337,1000,1724.0,-0.4790,0.1808,-12.4752,-0.02659,0.01389,0.11499,0.0,
3153357,1000,1724.0,1.2670,-0.9372,-12.7052,0.03941,0.18589,0.13799,0.0,
3153377,1000,1724.0,-0.1900,0.0328,-12.4232,-0.00959,0.02089,0.11699,0.0,
3153397,1000,1724.0,1.6240,-1.1022,-12.3622,0.06641,0.22389,0.13299,0.0,
3153417,1000,1724.0,-0.8210,0.3308,-13.1462,-0.01759,0.04889,0.10099,0.0,
3153437,1000,1724.0,-0.9550,-1.1552,-12.6732,0.08441,-0.08211,0.13999,0.0,
3153457,1000,1724.0,1.2290,0.1738,-11.8422,-0.01859,0.19389,0.10799,0.0,
3153477,1000,1724.0,-1.0770,-0.3632,-11.6682,0.01341,-0.03911,0.11099,0.0,
3153497,1000,1724.0,-0.7350,0.0078,-12.9582,-0.00259,-0.02611,0.05999,0.0,
3153517,1000,1724.0,0.3360,-0.1722,-10.0192,0.02741,0.10889,0.06899,0.0,
3153537,1000,1724.0,0.2890,-1.0602,-12.0312,0.08141,0.08389,0.06199,0.0,
3153557,1000,1724.0,-0.3100,-1.1012,-9.3532,0.06441,0.01289,0.01199,0.0,
3153577,1000,1724.0,-0.4240,0.0578,-9.7722,0.01341,-0.00811,0.01499,0.0,
3153597,1000,1724.0,0.2620,-0.3272,-8.5082,0.01041,0.04589,-0.00101,0.0,
3153617,1000,1724.0,-0.3760,-0.8982,-7.8642,0.04541,-0.00711,0.01599,0.0,
3153637,1000,1724.0,-1.1710,-0.3452,-10.5142,0.03841,-0.09511,-0.00401,0.0,
3153657,1000,1724.0,0.0850,0.5528,-7.8202,-0.06059,0.00589,0.00799,0.0,
3153677,1000,1724.0,0.2480,0.9458,-7.3022,-0.03859,0.00489,0.00899,0.0,
3153697,1000,1724.0,-1.2030,0.4698,-6.5562,-0.07159,-0.10811,-0.04501,0.0,
3153717,1000,1724.0,-0.3000,0.4578,-6.3632,-0.06259,-0.02911,0.03499,0.0,
3153737,1000,1724.0,-0.0070,-1.4942,-6.3222,0.16041,0.02089,0.01299,0.0,
3153757,1000,1724.0,0.6540,0.2338,-4.5712,-0.05659,0.07689,-0.06601,0.0,
3153777,1000,1724.0,-1.0000,-0.2042,-3.8512,-0.00059,-0.04111,-0.02701,0.0,
3153797,1000,1724.0,-0.5360,-0.7122,-5.6392,0.06641,-0.04511,-0.06201,0.0,
3153817,1000,1724.0,0.4470,-0.3922,-4.4842,0.02741,0.06889,-0.06001,0.0,
3153837,1000,1724.0,0.4840,-0.9192,-4.9292,0.08041,0.06689,-0.05201,0.0,
3153857,1000,1724.0,-0.2090,0.3258,-5.2782,-0.07259,-0.02811,-0.04301,0.0,
3153877,1000,1724.0,-0.3230,-0.1932,-3.9312,0.04641,0.00689,-0.04401,0.0,
3153897,1000,1724.0,-0.4620,-0.8222,-4.6212,0.07141,-0.04211,-0.07001,0.0,
3153917,1000,1724.0,-0.6730,0.0228,-4.2342,-0.00059,-0.05611,-0.04601,0.0,
3153937,1000,1724.0,-1.2210,0.6198,-5.0242,-0.00759,-0.14011,-0.06701,0.0,
3153957,1000,1724.0,-0.5670,-0.7102,-3.5382,0.04841,-0.08711,-0.03901,0.0,
3153977,1000,1724.0,0.3370,-1.2332,-3.6452,0.06841,0.04289,-0.05401,0.0,
3153997,1000,1724.0,1.5980,0.2538,-2.9922,-0.06359,0.18289,-0.03801,0.0,
3154017,1000,1724.0,-0.1440,0.2558,-3.6362,-0.02959,0.00489,-0.04601,0.0,
3154037,1000,1724.0,-0.5950,0.3888,-3.7282,-0.03759,-0.04611,-0.03601,0.0,
3154057,1000,1724.0,-0.3750,0.5178,-3.2292,-0.05159,0.02389,-0.04401,0.0,
3154077,1000,1724.0,-1.6840,-0.1022,-4.6332,0.00841,-0.14511,-0.05401,0.0,
3154097,1000,1724.0,0.1950,-0.5102,-3.3582,0.05141,0.02189,-0.04301,0.0,
3154117,1000,1724.0,-1.1350,0.2908,-3.6702,-0.01259,-0.10611,-0.05101,0.0,
3154137,1000,1724.0,-0.1290,-0.3032,-3.2902,0.02641,-0.04011,-0.05401,0.0,
3154157,1000,1724.0,0.8750,-0.0782,-3.1982,-0.00559,0.03589,-0.05801,0.0,
3154177,1000,1724.0,-0.5360,-0.0932,-3.5252,-0.01759,-0.03211,-0.06101,0.0,
3154197,1000,1724.0,0.2630,-0.3262,-3.8552,0.01141,0.02589,-0.05301,0.0,
3154217,1000,1724.0,0.0530,0.7328,-2.7772,-0.07059,0.05289,-0.05101,0.0,
3154237,1000,1724.0,0.2590,-0.8022,-2.2992,0.05241,0.13589,-0.06101,0.0,
3154257,1000,1724.0,-0.3350,-0.3002,-3.4612,0.03741,-0.05711,-0.05801,0.0,
3154277,1000,1724.0,0.3650,-0.7322,-3.1132,0.04141,-0.00111,-0.04601,0.0,
3154297,1000,1724.0,-0.0970,-0.3912,-3.9202,0.03741,0.01389,-0.03301,0.0,
3154317,1000,1724.0,-0.0620,-0.4202,-3.6302,0.04141,-0.03511,-0.04801,0.0,
3154337,1000,1724.0,-0.3580,-0.1922,-2.7942,0.01941,-0.00611,-0.04401,0.0,
3154357,1000,1724.0,-1.3090,-0.5222,-3.9472,0.04541,-0.16811,-0.04801,0.0,
3154377,1000,1724.0,-0.8320,-0.2352,-3.8812,0.02341,-0.09011,-0.05601,0.0,
3154397,1000,1724.0,0.0640,-0.0892,-3.1492,0.00941,0.03189,-0.06601,0.0,
3154417,1000,1724.0,0.0930,0.2438,-3.5082,-0.02159,-0.01011,-0.06201,0.0,
3154437,1000,1724.0,0.8450,-0.8752,-2.3562,0.03341,0.06489,-0.04101,0.0,
3154457,1000,1724.0,-1.0740,-0.5402,-2.5862,0.01841,-0.00011,-0.05001,0.0,
3154477,1000,1724.0,0.6710,0.4188,-2.6732,-0.06659,0.01589,-0.05001,0.0,
3154497,1000,1724.0,0.0520,-0.9462,-2.6802,0.05941,0.02789,-0.05001,0.0,
3154517,1000,1724.0,0.1680,-0.8622,-2.7192,0.07941,0.01189,-0.06401,0.0,
3154537,1000,1724.0,-1.1510,-0.2832,-3.9612,0.04441,-0.17011,-0.02301,0.0,
3154557,1000,1724.0,-0.5100,0.1348,-3.0412,0.00541,-0.07011,-0.06901,0.0,
3154577,1000,1724.0,-0.6750,-0.0192,-3.6852,0.00141,0.04189,-0.03201,0.0,
3154597,1000,1724.0,-0.5170,-0.1012,-3.9472,0.01641,-0.11311,-0.06801,0.0,
3154617,1000,1724.0,-0.0360,0.1148,-2.3692,-0.04759,0.02689,-0.02001,0.0,
3154637,1000,1724.0,-0.0610,-0.5082,-3.0472,0.03741,0.00389,-0.06901,0.0,
3154657,1000,1724.0,1.1880,-0.2262,-2.5912,-0.02159,0.08789,-0.04801,0.0,
3154677,1000,1724.0,-0.5760,-0.3002,-1.1312,0.01741,-0.00511,-0.05601,0.0,
3154697,1000,1724.0,-0.0010,1.0208,-3.4682,-0.07159,-0.00111,-0.05301,0.0,
3154717,1000,1724.0,0.2970,-1.2182,-2.2772,0.07041,0.08889,-0.05301,0.0,
3154737,1000,1724.0,0.7380,0.6158,-2.8332,-0.05659,0.08989,-0.04401,0.0,
3154757,1000,1724.0,-0.1110,-0.9802,-3.8012,0.06241,-0.00611,-0.06601,0.0,
3154777,1000,1724.0,-0.7820,-0.2862,-3.2112,0.05341,-0.03211,-0.04401,0.0,
3154797,1000,1724.0,-0.9320,0.3508,-3.5102,0.00341,-0.10211,-0.04901,0.0,
3154817,1000,1724.0,-0.3850,-1.0502,-3.4612,0.08641,-0.07811,-0.08401,0.0,
3154837,1000,1724.0,0.0060,-0.1772,-3.7342,0.04041,-0.05511,-0.01901,0.0,
3154857,1000,1724.0,-0.1230,0.7998,-3.2142,-0.05559,0.05689,-0.07501,0.0,
3154877,1000,1724.0,-0.7110,-0.7882,-3.1872,0.04641,-0.07411,-0.05001,0.0,
3154897,1000,1724.0,0.8890,0.2128,-1.8762,-0.06159,0.07689,-0.02701,0.0,
3154917,1000,1724.0,0.9750,0.1248,-2.9862,-0.01659,0.11689,-0.06501,0.0,
3154937,1000,1724.0,-1.3490,1.0398,-3.5922,-0.08759,-0.12511,-0.06101,0.0,
3154957,1000,1724.0,0.7510,-0.6272,-2.1852,0.01641,0.06989,-0.04001,0.0,
3154977,1000,1724.0,-0.5930,-0.7812,-3.2722,0.06341,-0.01411,-0.05001,0.0,
3154997,1000,1724.0,-0.6380,-0.2642,-2.6232,0.03341,-0.03211,-0.06201,0.0,
3155017,1000,1724.0,-1.0200,-0.0112,-3.0672,-0.01359,-0.10511,-0.03001,0.0,
3155037,1000,1724.0,0.1680,-0.5562,-3.3352,0.06141,-0.01611,-0.03401,0.0,
3155057,1000,1724.0,-0.0940,-0.8912,-2.4872,0.08041,-0.10711,-0.06601,0.0,
3155077,1000,1724.0,-2.4160,-0.0792,-3.0172,-0.00259,-0.14711,-0.03901,0.0,
3155097,1000,1724.0,-0.4300,0.4798,-3.3662,-0.04459,-0.02511,-0.02301,0.0,
3155117,1000,1724.0,0.6170,-0.3232,-2.8292,0.02041,0.03289,-0.06501,0.0,
3155137,1000,1724.0,-0.3330,-0.0292,-2.1662,-0.01359,0.05389,-0.08301,0.0,
3155157,1000,1724.0,-0.3990,-0.7012,-2.6082,0.04541,-0.04711,-0.04501,0.0,
3155177,1000,1724.0,0.8370,0.3038,-2.4902,-0.07659,-0.00111,-0.03601,0.0,
3155197,1000,1724.0,1.1960,0.3668,-2.2782,-0.08059,0.15889,-0.02901,0.0,
3155217,1000,1724.0,0.5350,-0.7582,-2.8822,0.07541,0.07089,-0.04601,0.0,
3155237,1000,1724.0,-0.6140,-0.1512,-3.0862,0.06541,-0.03911,-0.06701,0.0,
3155257,1000,1724.0,-2.2690,0.5158,-4.1792,0.00541,-0.26111,-0.08501,0.0,
3155277,1000,1724.0,-0.6330,-0.2272,-3.4112,-0.01459,-0.10011,-0.04501,0.0,
3155297,1000,1724.0,0.3160,-1.9372,-2.4272,0.13941,0.01189,-0.05801,0.0,
3155317,1000,1724.0,-0.0630,-0.7292,-3.5232,0.07141,-0.02411,-0.02601,0.0,
3155337,1000,1724.0,0.8030,-0.6432,-2.5052,0.03941,0.05489,-0.05501,0.0,
3155357,1000,1724.0,-0.5460,1.2248,-3.4442,-0.08659,-0.00311,-0.03401,0.0,
3155377,1000,1724.0,-0.9090,0.8858,-2.9642,-0.08759,-0.04111,-0.04801,0.0,
3155397,1000,1724.0,0.6990,0.2858,-2.5342,-0.04859,0.10589,-0.05801,0.0,
3155417,1000,1724.0,1.8710,0.9038,-2.4422,-0.10159,0.17989,-0.05901,0.0,
3155437,1000,1724.0,0.2070,0.2758,-3.2622,0.01541,0.03889,-0.07601,0.0,
3155457,1000,1724.0,-0.5900,-0.6772,-2.6442,0.10641,-0.12711,-0.04901,0.0,
3155477,1000,1724.0,-2.1430,-0.6582,-3.3482,0.05641,-0.14411,-0.05001,0.0,
3155497,1000,1724.0,-0.7390,0.2348,-3.8762,-0.00759,-0.13611,-0.02701,0.0,
3155517,1000,1724.0,-1.7430,-0.5222,-3.2072,-0.00459,-0.15411,-0.04001,0.0,
3155537,1000,1724.0,0.4860,-1.5812,-2.6032,0.08341,0.07389,-0.05101,0.0,
3155557,1000,1724.0,0.1820,-0.8422,-3.0982,0.07041,-0.01411,-0.05701,0.0,
3155577,1000,1724.0,0.4470,-1.7842,-2.3552,0.13741,0.03489,-0.05901,0.0,
3155597,1000,1724.0,-0.0830,0.3878,-3.4482,-0.01759,-0.00911,-0.06401,0.0,
3155617,1000,1724.0,1.0540,1.4278,-1.9932,-0.13159,0.15889,-0.04901,0.0,
3155637,1000,1724.0,0.0600,-0.0222,-2.5902,0.00941,0.05689,-0.02901,0.0,
3155657,1000,1724.0,-0.3230,1.4798,-2.4972,-0.10759,0.00789,-0.02501,0.0,
3155677,1000,1724.0,0.1350,0.5898,-2.5632,-0.05559,0.06989,-0.01601,0.0,
3155697,1000,1724.0,0.2150,0.5688,-3.4912,-0.09259,0.04089,-0.05901,0.0,
3155717,1000,1724.0,-0.0370,0.4438,-3.0052,-0.04759,0.02689,-0.07101,0.0,
3155737,1000,1724.0,-1.2180,0.8958,-4.5222,-0.06059,-0.11511,-0.06401,0.0,
3155757,1000,1724.0,-1.3180,-1.0882,-3.0842,0.13641,-0.12811,-0.07701,0.0,
3155777,1000,1724.0,-0.8070,-0.5592,-2.3192,0.08441,-0.06811,-0.08001,0.0,
3155797,1000,1724.0,-1.4520,0.3148,-3.8912,0.02641,-0.19811,-0.08401,0.0,
3155817,1000,1724.0,-0.8590,0.6888,-2.8062,-0.05559,-0.06511,-0.05601,0.0,
3155837,1000,1724.0,-1.1660,0.3928,-3.1732,-0.02459,-0.11811,-0.06701,0.0,
3155857,1000,1724.0,0.0990,0.3858,-2.9472,-0.05159,0.01689,-0.06501,0.0,
3155877,1000,1724.0,0.0370,-0.5592,-2.5162,0.01941,-0.00011,-0.02001,0.0,
3155897,1000,1724.0,-0.9040,-0.3732,-3.2072,0.02741,-0.07911,-0.05701,0.0,
3155917,1000,1724.0,-0.1310,-0.2342,-3.2892,0.02041,-0.03211,-0.04601,0.0,
3155937,1000,1724.0,0.3150,0.0438,-2.8202,-0.01159,0.00789,-0.05201,0.0,
3155957,1000,1724.0,0.7200,-0.3712,-2.7742,0.01141,0.04889,-0.06001,0.0,
3155977,1000,1724.0,0.1990,-0.4612,-3.4122,0.04841,-0.09311,-0.07901,0.0,
3155997,1000,1724.0,0.0990,-0.8602,-3.2002,0.06341,0.06489,-0.06601,0.0,
3156017,1000,1724.0,-1.4880,-1.4742,-3.0472,0.12541,-0.15511,-0.04901,0.0,
3156037,1000,1724.0,-0.6120,-0.6072,-3.6092,0.05941,-0.06011,-0.05801,0.0,
3156057,1000,1724.0,-0.1390,-0.4992,-3.1022,0.05541,-0.03611,-0.06401,0.0,
3156077,1000,1724.0,-0.6070,0.2818,-3.0862,0.01041,-0.08011,-0.06501,0.0,
3156097,1000,1724.0,-0.1990,0.1938,-2.0422,-0.05159,0.01589,-0.07001,0.0,
3156117,1000,1724.0,-1.1510,0.3448,-2.8202,-0.04759,-0.05411,-0.05101,0.0,
3156137,1000,1724.0,-1.4590,1.0628,-3.2882,-0.08759,-0.10311,-0.07101,0.0,
3156157,1000,1724.0,0.6530,0.5938,-3.0232,-0.07759,0.09689,-0.04901,0.0,
3156177,1000,1724.0,-0.3730,-0.3522,-3.3342,0.00841,0.00089,-0.05401,0.0,
3156197,1000,1724.0,-1.2860,-0.3452,-2.8542,0.02341,-0.08711,-0.05401,0.0,
3156217,1000,1724.0,-0.3920,0.1208,-3.3602,-0.00559,0.01489,-0.04601,0.0,
3156237,1000,1724.0,-0.4290,0.2528,-2.8382,0.01341,-0.00011,-0.06301,0.0,
3156257,1000,1724.0,0.2680,0.7018,-3.9282,-0.07859,0.07189,-0.04901,0.0,
3156277,1000,1724.0,-0.7800,0.0338,-3.1052,-0.03159,-0.05011,-0.04001,0.0,
3156297,1000,1724.0,0.2870,0.3678,-3.1942,-0.08959,0.06089,-0.03401,0.0,
3156317,1000,1724.0,-0.0810,0.5568,-3.5802,-0.06259,0.05089,-0.03501,0.0,
3156337,1000,1724.0,0.4850,0.8138,-2.4832,-0.07559,0.09889,-0.03301,0.0,
3156357,1000,1724.0,0.3440,-0.0172,-2.6552,-0.00559,0.06689,-0.03501,0.0,
3156377,1000,1724.0,0.7370,-0.1822,-2.9552,0.04241,0.09289,-0.02901,0.0,
3156397,1000,1724.0,0.6590,-0.6532,-1.7992,0.03241,0.11689,-0.02301,0.0,
3156417,1000,1724.0,0.1830,0.2398,-3.3992,-0.03959,0.07489,-0.05401,0.0,
3156437,1000,1724.0,-0.7920,-0.0802,-3.1402,0.01441,-0.06811,-0.03701,0.0,
3156457,1000,1724.0,0.8910,-0.0972,-2.8662,0.00641,0.08089,-0.02901,0.0,
3156477,1000,1724.0,0.5650,-0.4532,-3.5612,0.03641,0.03489,-0.04801,0.0,
3156497,1000,1724.0,0.7440,0.1268,-2.7002,-0.01659,0.00489,-0.05301,0.0,
3156517,1000,1724.0,-2.1020,-0.5192,-4.0062,0.05641,-0.13011,-0.05301,0.0,
3156537,1000,1724.0,0.3390,-0.1802,-3.2982,0.00341,-0.01211,-0.03601,0.0,
3156557,1000,1724.0,-0.6950,-1.5112,-3.5742,0.14841,-0.12111,-0.04701,0.0,
3156577,1000,1724.0,-0.7210,0.1198,-3.5212,0.06841,-0.08911,-0.03201,0.0,
3156597,1000,1724.0,-0.2060,-0.4752,-2.3912,0.00341,-0.00411,-0.04501,0.0,
3156617,1000,1724.0,-0.0410,-0.5042,-3.3032,0.06241,-0.03111,-0.03801,0.0,
3156637,1000,1724.0,0.4170,-1.3292,-2.1672,0.07941,0.03789,-0.05501,0.0,
3156657,1000,1724.0,0.9910,-0.6242,-2.8702,0.04141,0.04389,-0.05701,0.0,
3156677,1000,1724.0,0.5600,-0.3172,-3.0102,0.06541,0.04089,-0.05401,0.0,
3156697,1000,1724.0,0.7110,-0.1902,-1.6662,-0.00359,0.09889,-0.06001,0.0,
3156717,1000,1724.0,-0.9600,1.2678,-2.9342,-0.08459,-0.07911,-0.05701,0.0,
3156737,1000,1724.0,-0.5000,-0.5732,-2.7572,0.03141,-0.04011,-0.06101,0.0,
3156757,1000,1724.0,-0.1840,0.3278,-2.8112,0.01041,0.01589,-0.03401,0.0,
3156777,1000,1724.0,-0.3900,-0.2692,-3.1882,0.05741,-0.02811,-0.05801,0.0,
3156797,1000,1724.0,0.4490,0.0788,-2.2082,0.03041,0.03389,-0.03501,0.0,
3156817,1000,1724.0,0.2210,0.1688,-3.0792,-0.02059,0.09289,-0.05001,0.0,
3156837,1000,1724.0,-0.7630,-0.8472,-3.3472,0.05641,-0.03911,-0.04201,0.0,
3156857,1000,1724.0,-0.3150,0.8948,-3.5662,-0.11059,-0.01311,-0.04101,0.0,
3156877,1000,1724.0,-0.7600,0.1728,-2.7512,-0.02059,0.00089,-0.04701,0.0,
3156897,1000,1724.0,0.2370,-0.2972,-2.8262,0.02141,0.02289,-0.05001,0.0,
3156917,1000,1724.0,0.6190,-0.9952,-2.1872,0.03441,0.05789,-0.04301,0.0,
3156937,1000,1724.0,0.5330,-1.0192,-2.6222,0.02141,0.06789,-0.05301,0.0,
3156957,1000,1724.0,0.7610,-0.7152,-2.4522,0.05041,0.06989,-0.03401,0.0,
3156977,1000,1724.0,-0.8190,-0.0702,-3.2002,0.00641,-0.05511,-0.02901,0.0,
3156997,1000,1724.0,0.7120,-0.9622,-1.6782,0.04341,0.09589,-0.01901,0.0,
3157017,1000,1724.0,-1.2160,-0.7772,-3.1612,0.03941,-0.09011,-0.04201,0.0,
3157037,1000,1724.0,-0.8650,-0.4842,-3.2262,0.02541,-0.09811,-0.03901,0.0,
3157057,1000,1724.0,0.0820,-0.5092,-3.3732,0.06641,-0.03411,-0.05801,0.0,
3157077,1000,1724.0,0.6640,0.0508,-3.6482,-0.02059,0.04989,-0.03901,0.0,
3157097,1000,1724.0,0.9710,0.0138,-3.1542,-0.01659,0.00689,-0.04501,0.0,
3157117,1000,1724.0,-0.2680,0.2228,-3.7372,-0.04259,-0.01711,-0.05801,0.0,
3157137,1000,1724.0,0.2080,0.3308,-2.9312,-0.03259,-0.00811,-0.06601,0.0,
3157157,1000,1724.0,-0.9640,0.1708,-3.8522,0.01841,-0.10611,-0.04701,0.0,
3157177,1000,1724.0,0.5200,0.7678,-2.4012,-0.06559,0.08389,-0.03001,0.0,
3157197,1000,1724.0,0.6360,0.0218,-2.7112,-0.04059,0.07189,-0.04601,0.0,
3157217,1000,1724.0,0.4500,0.8618,-3.0572,-0.03059,-0.03011,-0.03601,0.0,
3157237,1000,1724.0,0.5610,-0.4782,-1.7062,0.01141,0.08689,-0.04101,0.0,
3157257,1000,1724.0,-0.2650,0.5678,-2.3162,-0.01159,-0.00911,-0.03201,0.0,
3157277,1000,1724.0,-0.2950,-1.0452,-2.6912,0.05441,-0.00511,-0.04101,0.0,
3157297,1000,1724.0,-0.2270,0.6348,-2.0102,-0.05359,-0.01611,-0.04801,0.0,
3157317,1000,1724.0,-0.1440,0.7958,-3.1362,-0.02359,-0.03311,-0.03601,0.0,
3157337,1000,1724.0,0.1960,-0.6602,-2.5352,0.02541,0.00489,-0.04101,0.0,
3157357,1000,1724.0,0.2990,0.3148,-3.0202,-0.04959,-0.00211,-0.04201,0.0,
3157377,1000,1724.0,-0.9800,0.2028,-3.5642,-0.03459,-0.11911,-0.03501,0.0,
3157397,1000,1724.0,0.3380,0.5278,-2.9832,-0.07859,-0.02011,-0.03901,0.0,
3157417,1000,1724.0,-0.9200,0.2028,-3.5432,-0.01259,-0.03811,-0.03301,0.0,
3157437,1000,1724.0,0.3160,0.1768,-3.2752,-0.03259,0.02689,-0.04701,0.0,
3157457,1000,1724.0,0.8190,0.3538,-3.3422,-0.06259,0.06289,-0.04101,0.0,
3157477,1000,1724.0,-0.5880,0.8038,-3.8412,-0.08659,-0.02211,-0.03701,0.0,
3157497,1000,1724.0,-0.6880,0.2368,-2.7152,-0.02959,-0.05811,-0.03101,0.0,
3157517,1000,1724.0,-1.2030,-0.1622,-2.9682,-0.00559,-0.07211,-0.04301,0.0,
3157537,1000,1724.0,0.4280,-0.2912,-1.3142,-0.04559,0.06389,-0.01701,0.0,
3157557,1000,1724.0,0.1690,0.1018,-2.6862,-0.02059,0.01189,-0.05001,0.0,
3157577,1000,1724.0,-1.6120,-0.5452,-2.3902,0.05841,-0.13411,-0.03301,0.0,
3157597,1000,1724.0,0.4370,-0.4922,-1.8022,-0.03859,0.05889,-0.04101,0.0,
3157617,1000,1724.0,-0.5630,-0.2522,-2.8432,0.00641,-0.06511,-0.04501,0.0,
3157637,1000,1724.0,-0.8430,0.2918,-3.0662,-0.02859,-0.09011,-0.05001,0.0,
3157657,1000,1724.0,-0.9310,-0.3592,-2.3412,0.04041,-0.07511,-0.06001,0.0,
3157677,1000,1724.0,-0.5390,0.6978,-4.4262,-0.08659,-0.03911,-0.04501,0.0,
3157697,1000,1724.0,-0.1830,0.5318,-3.0732,-0.06259,-0.03711,-0.06501,0.0,
3157717,1000,1724.0,-0.7210,1.0008,-3.7562,-0.05359,-0.07011,-0.05101,0.0,
3157737,1000,1724.0,-1.0020,-0.0262,-3.0682,-0.00459,-0.06511,-0.04201,0.0,
3157757,1000,1724.0,-0.7290,0.4098,-3.0282,-0.07659,-0.08511,-0.04801,0.0,
3157777,1000,1724.0,-0.9740,-0.8702,-2.8182,0.06641,-0.07211,-0.04701,0.0,
3157797,1000,1724.0,-0.2250,0.2018,-3.3092,-0.01259,-0.00111,-0.05501,0.0,
3157817,1000,1724.0,0.5050,-0.8692,-2.3372,0.01541,0.03089,-0.04101,0.0,
3157837,1000,1724.0,0.3290,-1.4012,-2.6802,0.09441,0.03489,-0.06101,0.0,
3157857,1000,1724.0,0.2020,-0.9522,-2.4282,0.05841,0.02189,-0.05101,0.0,
3157877,1000,1724.0,-0.6130,-0.1702,-3.1662,0.04841,-0.02511,-0.04601,0.0,
3157897,1000,1724.0,0.0400,-0.4832,-2.7512,0.05041,0.06489,-0.07001,0.0,
3157917,1000,1724.0,-0.7090,-0.7772,-3.1782,0.07941,-0.04111,-0.04901,0.0,
3157937,1000,1724.0,-0.1880,-0.5102,-3.1692,0.07341,-0.00211,-0.03801,0.0,
3157957,1000,1724.0,-0.1700,0.3448,-3.3332,-0.00059,0.02889,-0.04201,0.0,
3157977,1000,1724.0,-0.7690,0.3838,-3.1232,-0.01859,-0.02311,-0.03701,0.0,
3157997,1000,1724.0,0.2110,-0.1282,-2.5602,0.00641,0.05989,-0.03101,0.0,
3158017,1000,1724.0,-1.9740,-0.9062,-4.0992,0.07341,-0.22611,-0.02801,0.0,
3158037,1000,1724.0,-0.3390,-0.2282,-3.3452,-0.00059,-0.03511,-0.05301,0.0,
3158057,1000,1724.0,-0.1170,0.6968,-3.1542,-0.04359,-0.01211,-0.03101,0.0,
3158077,1000,1724.0,-0.7150,-0.7102,-2.6952,0.06541,-0.08911,-0.05401,0.0,
3158097,1000,1724.0,0.7580,0.2088,-3.2032,-0.05659,0.06689,-0.03701,0.0,
3158117,1000,1724.0,0.7560,-0.6362,-3.6792,0.08341,0.06289,-0.05801,0.0,
3158137,1000,1724.0,1.8870,-0.2302,-1.5472,-0.01659,0.20789,-0.03801,0.0,
3158157,1000,1724.0,0.8110,0.2508,-2.8892,0.00841,0.08289,-0.03201,0.0,
3158177,1000,1724.0,-0.5830,-0.0822,-3.2732,0.00041,-0.04311,-0.02701,0.0,
3158197,1000,1724.0,-0.5770,-0.4712,-2.7662,0.03641,0.01189,-0.04601,0.0,
3158217,1000,1724.0,-1.0070,0.4448,-4.5212,-0.03259,-0.08511,-0.03101,0.0,
3158237,1000,1724.0,0.1580,-0.1262,-2.6352,0.00741,0.01789,-0.03401,0.0,
3158257,1000,1724.0,-1.4720,-0.5182,-3.2072,0.05441,-0.14811,-0.04401,0.0,
3158277,1000,1724.0,-1.4960,-0.5542,-4.2992,0.05841,-0.12311,-0.04601,0.0,
3158297,1000,1724.0,-0.1050,0.5898,-2.9422,-0.04059,0.01889,-0.03601,0.0,
3158317,1000,1724.0,-0.6290,-1.1692,-3.8072,0.10141,-0.11111,-0.05901,0.0,
3158337,1000,1724.0,0.6660,0.0738,-3.3132,-0.02259,0.06489,-0.04301,0.0,
3158357,1000,1724.0,0.5620,-0.2102,-2.1162,0.00741,0.01189,-0.04701,0.0,
3158377,1000,1724.0,-0.9030,-0.1522,-3.9332,-0.01359,-0.07011,-0.03401,0.0,
3158397,1000,1724.0,-0.4140,0.7248,-3.5952,-0.03959,-0.00111,-0.05601,0.0,
3158417,1000,1724.0,-0.1400,-0.1552,-2.9072,-0.00359,0.01889,-0.05501,0.0,
3158437,1000,1724.0,-0.3080,0.4498,-2.2732,-0.04459,0.03189,-0.03701,0.0,
3158457,1000,1724.0,-0.5780,-0.2122,-2.8732,0.00541,-0.02711,-0.04701,0.0,
3158477,1000,1724.0,0.0710,-0.2752,-2.9672,0.03141,0.00589,-0.04001,0.0,
3158497,1000,1724.0,-1.1380,0.1518,-4.2502,-0.01159,-0.09111,-0.04301,0.0,
3158517,1000,1724.0,-0.6520,-0.1132,-3.9352,-0.02059,-0.06311,-0.02001,0.0,
3158537,1000,1724.0,-0.5560,-0.5192,-3.4562,0.04941,-0.02911,-0.05601,0.0,
3158557,1000,1724.0,-0.8670,-0.3032,-4.1632,0.03241,-0.12111,-0.03501,0.0,
3158577,1000,1724.0,-1.0310,-0.1562,-4.2422,0.01841,-0.11911,-0.06301,0.0,
3158597,1000,1724.0,-0.1290,0.5158,-3.5122,-0.03559,-0.02411,-0.04501,0.0,
3158617,1000,1724.0,0.2700,-0.1912,-3.0452,0.01541,0.01089,-0.04601,0.0,
3158637,1000,1724.0,0.1790,0.4428,-3.8132,-0.07859,0.05589,-0.03501,0.0,
3158657,1000,1724.0,-0.6630,0.1678,-2.2872,-0.02159,-0.05911,-0.04601,0.0,
3158677,1000,1724.0,-0.1560,-0.0262,-3.1062,-0.00759,0.00989,-0.03901,0.0,
3158697,1000,1724.0,-0.7100,-0.0582,-3.0492,0.00041,-0.04111,-0.04501,0.0,
3158717,1000,1724.0,-0.9080,-0.7312,-3.1152,0.10841,-0.05911,-0.06601,0.0,
3158737,1000,1724.0,-1.2320,-0.6692,-3.3562,0.06941,-0.09411,-0.04601,0.0,
3158757,1000,1724.0,-1.3700,-0.0002,-3.6722,0.00141,-0.13111,-0.03701,0.0,
3158777,1000,1724.0,-0.6290,0.2078,-3.4562,-0.01959,-0.05911,-0.03601,0.0,
3158797,1000,1724.0,-1.6540,0.2628,-4.1752,-0.03559,-0.16711,-0.03101,0.0,
3158817,1000,1724.0,-1.1050,0.4088,-4.9042,-0.01959,-0.13611,-0.05701,0.0,
3158837,1000,1724.0,0.0790,-0.2232,-3.3932,0.00841,0.02889,-0.03901,0.0,
3158857,1000,1724.0,-0.5350,0.5068,-3.0122,-0.02059,-0.10611,-0.03901,0.0,
3158877,1000,1724.0,-0.2620,-0.3582,-3.8522,0.00641,-0.03511,-0.05401,0.0,
3158897,1000,1724.0,0.7800,-0.0222,-2.9212,0.00141,0.09989,-0.05101,0.0,
3158917,1000,1724.0,0.2800,0.3618,-2.8942,-0.03359,0.06589,-0.04601,0.0,
3158937,1000,1724.0,0.7230,-0.5952,-2.9642,-0.00959,0.10189,-0.03601,0.0,
3158957,1000,1724.0,-0.0230,0.2088,-2.6422,0.00341,0.01589,-0.03001,0.0,
3158977,1000,1724.0,0.0630,0.6138,-3.7372,-0.04759,0.01689,-0.04201,0.0,
3158997,1000,1724.0,-0.6450,-0.2192,-3.1612,0.02541,-0.03011,-0.03601,0.0,
3159017,1000,1724.0,-1.0470,-0.5862,-2.8102,0.07541,-0.06911,-0.04601,0.0,
3159037,1000,1724.0,-1.9770,0.1778,-5.1702,-0.00259,-0.20311,-0.04201,0.0,
3159057,1000,1724.0,-0.2970,-0.5592,-3.3232,0.02841,-0.05111,-0.04301,0.0,
3159077,1000,1724.0,-0.4170,-0.2192,-3.1252,0.01541,-0.02511,-0.04001,0.0,
3159097,1000,1724.0,-0.5020,-0.6082,-4.3062,0.04841,-0.08211,-0.05001,0.0,
3159117,1000,1724.0,0.3790,-0.5952,-2.4032,0.04041,0.02889,-0.06601,0.0,
3159137,1000,1724.0,-0.4050,-0.4772,-3.3132,0.04341,-0.04811,-0.03201,0.0,
3159157,1000,1724.0,1.2970,-0.5162,-3.1652,0.03541,0.11489,-0.05201,0.0,
3159177,1000,1724.0,-0.1160,0.2878,-2.5262,-0.04559,0.01989,-0.04701,0.0,
3159197,1000,1724.0,-0.1130,-0.0402,-4.0822,-0.00159,0.04689,-0.05001,0.0,
3159217,1000,1724.0,0.9100,-0.5552,-2.5412,0.01941,0.04289,-0.03501,0.0,
3159237,1000,1724.0,-0.4270,0.2338,-3.2152,-0.00959,-0.02211,-0.05801,0.0,
3159257,1000,1724.0,-0.9710,0.4638,-3.6922,-0.02659,-0.07711,-0.02801,0.0,
3159277,1000,1724.0,0.2180,0.3928,-3.1562,-0.03759,0.02489,-0.03201,0.0,
3159297,1000,1724.0,-1.2740,-1.0532,-3.3062,0.10441,-0.10711,-0.04201,0.0,
3159317,1000,1724.0,-0.9590,-0.4892,-3.5422,0.04441,-0.08111,-0.04001,0.0,
3159337,1000,1724.0,-0.9960,-0.1752,-4.1622,0.01041,-0.10811,-0.05101,0.0,
3159357,1000,1724.0,-0.0140,-0.5432,-3.3112,0.03141,-0.00711,-0.03301,0.0,
3159377,1000,1724.0,-0.7370,0.0398,-3.3882,-0.00959,-0.08111,-0.03701,0.0,
3159397,1000,1724.0,1.0080,0.0938,-2.9762,-0.01459,0.10289,-0.05701,0.0,
3159417,1000,1724.0,-0.3190,-0.6022,-1.9042,0.04741,-0.02711,-0.04201,0.0,
3159437,1000,1724.0,-0.3480,0.5898,-3.6792,-0.07659,-0.04911,-0.03501,0.0,
3159457,1000,1724.0,1.1100,0.4828,-1.8262,-0.05559,0.15189,-0.04401,0.0,
3159477,1000,1724.0,0.1680,-0.0412,-3.7902,0.01141,0.01189,-0.05001,0.0,
3159497,1000,1724.0,0.9240,0.1158,-3.2982,-0.01559,0.12189,-0.04801,0.0,
3159517,1000,1724.0,0.6820,-0.3222,-3.4222,0.02441,0.04089,-0.04201,0.0,
3159537,1000,1724.0,-1.3230,-0.4422,-3.7212,0.04841,-0.10011,-0.04601,0.0,
3159557,1000,1724.0,0.2650,-0.0752,-3.8892,0.00141,0.02889,-0.03001,0.0,
3159577,1000,1724.0,-0.3090,-0.5972,-3.9432,0.07141,-0.11111,-0.05501,0.0,
3159597,1000,1724.0,-0.6070,0.0808,-3.7512,0.00241,-0.00511,-0.02801,0.0,
3159617,1000,1724.0,-0.4770,-0.5772,-3.4682,0.05041,-0.05211,-0.04901,0.0,
3159637,1000,1724.0,0.1180,0.0468,-3.3402,-0.02059,-0.01511,-0.04401,0.0,
3159657,1000,1724.0,-0.2010,-0.4422,-2.7632,0.02541,0.00589,-0.04301,0.0,
3159677,1000,1724.0,-1.2020,0.2558,-3.8622,-0.02859,-0.10911,-0.03701,0.0,
3159697,1000,1724.0,0.5460,-0.4112,-2.5042,-0.00059,0.08889,-0.03201,0.0,
3159717,1000,1724.0,1.1660,-0.2422,-2.8392,0.00141,0.11689,-0.04001,0.0,
3159737,1000,1724.0,-0.4900,-0.1532,-3.1022,-0.00559,-0.04011,-0.05401,0.0,
3159757,1000,1724.0,-0.3210,0.3078,-3.3412,-0.03259,-0.01111,-0.03401,0.0,
3159777,1000,1724.0,-1.1450,0.4058,-3.2512,-0.06059,-0.07211,-0.04201,0.0,
3159797,1000,1724.0,-0.7790,-0.4532,-3.0072,0.09741,-0.13311,-0.04901,0.0,
3159817,1000,1724.0,-1.8840,0.5298,-3.9792,-0.07059,-0.13211,-0.03901,0.0,
3159837,1000,1724.0,-1.1900,0.2738,-3.2632,-0.04659,-0.08711,-0.02601,0.0,
3159857,1000,1724.0,0.4710,-0.6462,-3.5912,0.06841,0.02789,-0.03901,0.0,
3159877,1000,1724.0,-0.1200,-1.2702,-3.2102,0.08741,-0.09311,-0.05101,0.0,
3159897,1000,1724.0,-0.8120,0.6038,-3.8892,-0.01459,-0.07611,-0.04101,0.0,
3159917,1000,1724.0,0.7820,-0.3432,-3.6522,0.00141,0.07489,-0.03301,0.0,
3159937,1000,1724.0,1.4190,-0.8982,-2.1162,0.06441,0.14889,-0.03701,0.0,
3159957,1000,1724.0,0.0420,-0.5372,-3.5542,0.05441,0.02489,-0.05501,0.0,
3159977,1000,1724.0,-0.5020,0.2398,-3.4112,-0.04559,-0.06411,-0.03201,0.0,
3159997,1000,1724.0,-0.5080,-0.4522,-2.7642,0.03141,0.00689,-0.06301,0.0,
3160017,1000,1724.0,0.0490,0.8298,-3.6392,-0.09359,0.02289,-0.03301,0.0,
3160037,1000,1724.0,0.0650,-0.2132,-3.3182,0.00641,-0.01511,-0.04101,0.0,
3160057,1000,1724.0,-0.8090,-0.1412,-4.0862,0.01241,-0.07311,-0.03901,0.0,
3160077,1000,1724.0,-0.8260,-0.3012,-4.2192,0.05141,-0.09911,-0.05501,0.0,
3160097,1000,1724.0,-0.0510,0.2218,-2.9022,-0.03859,-0.05611,-0.03501,0.0,
3160117,1000,1724.0,-1.1640,0.7118,-3.2892,-0.05659,-0.05011,-0.02601,0.0,
3160137,1000,1724.0,-0.0130,-1.4692,-3.6422,0.11541,-0.00311,-0.04901,0.0,
3160157,1000,1724.0,0.2530,-0.3332,-3.0222,-0.00959,-0.01211,-0.03201,0.0,
3160177,1000,1724.0,-0.4670,0.2328,-4.0232,-0.01659,0.05289,-0.05201,0.0,
3160197,1000,1724.0,1.1740,0.3308,-3.2032,-0.01659,0.01389,-0.04801,0.0,
3160217,1000,1724.0,0.0810,-0.1812,-2.3702,-0.01259,0.01689,-0.03601,0.0,
3160237,1000,1724.0,0.1850,-0.1472,-2.3432,0.00141,0.07789,-0.03701,0.0,
3160257,1000,1724.0,-0.4180,0.3458,-3.0582,-0.02459,-0.04811,-0.05301,0.0,
3160277,1000,1724.0,-0.0550,0.5568,-3.5862,-0.03059,-0.00011,-0.06001,0.0,
3160297,1000,1724.0,-1.4280,0.5758,-4.2772,-0.03659,-0.11711,-0.03601,0.0,
3160317,1000,1724.0,-0.0830,-0.2042,-3.6702,0.00941,-0.01811,-0.05201,0.0,
3160337,1000,1724.0,-0.8990,0.5978,-3.5272,-0.04259,-0.06811,-0.04301,0.0,
3160357,1000,1724.0,-0.7840,0.3528,-4.1922,-0.01559,-0.11511,-0.06001,0.0,
3160377,1000,1724.0,-0.6720,-0.1252,-4.3662,-0.00559,-0.05911,-0.04601,0.0,
3160397,1000,1724.0,0.4120,-0.2352,-2.7192,0.00141,0.04689,-0.04201,0.0,
3160417,1000,1724.0,-0.2840,-0.6882,-2.5822,0.04241,-0.01711,-0.02901,0.0,
3160437,1000,1724.0,0.1540,-0.7662,-3.1222,0.01941,0.00589,-0.02701,0.0,
3160457,1000,1724.0,0.1010,0.6748,-2.8692,-0.04359,0.02589,-0.06001,0.0,
3160477,1000,1724.0,0.3020,0.2168,-3.7512,-0.03259,0.05089,-0.03401,0.0,
3160497,1000,1724.0,-0.2050,-0.2372,-3.0132,0.01741,-0.01911,-0.03501,0.0,
3160517,1000,1724.0,-0.6400,0.0558,-3.1532,-0.00559,-0.05411,-0.05901,0.0,
3160537,1000,1724.0,0.0410,-0.3912,-2.8792,0.03541,-0.00011,-0.03701,0.0,
3160557,1000,1724.0,-0.5580,-0.0152,-3.7682,0.02941,-0.06411,-0.04501,0.0,
3160577,1000,1724.0,0.8010,-0.3322,-3.4882,0.01041,0.07089,-0.03901,0.0,
3160597,1000,1724.0,-0.7240,-0.4922,-4.0042,0.02741,-0.10911,-0.05001,0.0,
3160617,1000,1724.0,0.3100,-0.4142,-3.7622,0.00841,0.01189,-0.02701,0.0,
3160637,1000,1724.0,-1.0550,0.4988,-3.3952,-0.05959,-0.07711,-0.04301,0.0,
3160657,1000,1724.0,0.2540,-1.1772,-3.0102,0.09741,-0.02911,-0.05701,0.0,
3160677,1000,1724.0,0.4020,0.2648,-3.2892,-0.02559,0.05189,-0.04601,0.0,
3160697,1000,1724.0,-0.8670,-0.2422,-3.2582,0.01541,-0.06111,-0.04201,0.0,
3160717,1000,1724.0,0.4190,0.1168,-2.2642,-0.03059,0.06789,-0.04501,0.0,
3160737,1000,1724.0,0.6690,0.1688,-3.2822,-0.01859,0.07489,-0.03301,0.0,
3160757,1000,1724.0,-0.1470,-0.2592,-3.3302,-0.00059,0.03889,-0.04401,0.0,
3160777,1000,1724.0,-0.6220,-0.2732,-4.2592,0.01341,-0.03811,-0.01901,0.0,
3160797,1000,1724.0,-0.3670,0.2848,-3.4972,-0.03359,-0.00411,-0.05201,0.0,
3160817,1000,1724.0,-0.5860,0.1768,-2.9512,-0.01359,-0.07111,-0.04601,0.0,
3160837,1000,1724.0,-1.6950,-0.5922,-5.3972,0.07841,-0.19511,-0.06201,0.0,
3160857,1000,1724.0,-0.3360,-0.2962,-2.9252,-0.02059,-0.07511,-0.03301,0.0,
3160877,1000,1724.0,-0.6170,-0.0072,-3.4452,0.00841,-0.01011,-0.05001,0.0,
3160897,1000,1724.0,-0.5510,-0.0222,-3.8122,-0.00459,-0.06111,-0.03901,0.0,
3160917,1000,1724.0,0.9640,0.0488,-2.5652,-0.04459,0.08789,-0.03901,0.0,
3160937,1000,1724.0,-1.1130,-0.1482,-3.5762,0.01541,-0.07911,-0.04601,0.0,
3160957,1000,1724.0,1.0060,0.4618,-2.7862,-0.04859,0.10689,-0.04401,0.0,
3160977,1000,1724.0,0.1700,0.2848,-2.0542,-0.03759,0.04289,-0.04801,0.0,
3160997,1000,1724.0,-0.2930,-0.2432,-3.1302,0.01441,-0.01911,-0.03101,0.0,
3161017,1000,1724.0,-0.0490,0.6588,-3.6212,-0.02859,0.01389,-0.05001,0.0,
3161037,1000,1724.0,-1.0770,-0.5162,-3.0052,0.03041,-0.08111,-0.03401,0.0,
3161057,1000,1724.0,-0.2830,-0.1512,-4.1972,-0.01259,-0.01611,-0.03301,0.0,
3161077,1000,1724.0,-0.4170,-0.2562,-3.2682,0.03841,-0.03011,-0.05101,0.0,
3161097,1000,1724.0,-0.7290,-1.2072,-3.2472,0.08741,-0.09111,-0.02901,0.0,
3161117,1000,1724.0,-0.8120,0.1368,-3.9272,-0.02459,-0.09911,-0.05001,0.0,
3161137,1000,1724.0,0.4620,0.6928,-3.5982,-0.06259,0.01289,-0.05201,0.0,
3161157,1000,1724.0,-0.1170,-0.1792,-4.0912,0.00141,-0.02611,-0.06201,0.0,
3161177,1000,1724.0,-0.5180,-0.3612,-3.5142,0.03341,-0.03911,-0.05601,0.0,
3161197,1000,1724.0,1.3500,0.0988,-1.0822,-0.05159,0.15089,-0.03501,0.0,
3161217,1000,1724.0,0.2500,-0.2442,-3.5592,0.02641,0.03989,-0.05201,0.0,
3161237,1000,1724.0,-0.3910,0.8008,-3.4792,-0.07659,-0.01411,-0.02501,0.0,
3161257,1000,1724.0,-0.0230,0.2118,-2.6062,-0.02059,0.09089,-0.03901,0.0,
3161277,1000,1724.0,-1.1410,-0.5382,-3.7802,0.04141,-0.10111,-0.03401,0.0,
3161297,1000,1724.0,0.5020,-0.1282,-3.1182,0.00941,0.01989,-0.04901,0.0,
3161317,1000,1724.0,-2.0720,0.0418,-4.0742,0.01341,-0.14011,-0.03701,0.0,
3161337,1000,1724.0,-1.1290,-0.3262,-3.8742,0.02541,-0.10411,-0.04501,0.0,
3161357,1000,1724.0,-1.0720,0.0238,-3.3382,-0.01159,-0.09811,-0.04801,0.0,
3161377,1000,1724.0,-1.0960,-0.4062,-2.8202,0.02141,-0.15711,-0.03901,0.0,
3161397,1000,1724.0,-0.0280,-0.0342,-3.8912,0.00041,0.00189,-0.05801,0.0,
3161417,1000,1724.0,-0.5660,0.3028,-3.5092,-0.02559,-0.03711,-0.05001,0.0,
3161437,1000,1724.0,1.1060,0.3918,-2.7682,-0.03559,0.10489,-0.05701,0.0,
3161457,1000,1724.0,1.1790,-0.1242,-3.0362,-0.01359,0.12789,-0.02601,0.0,
3161477,1000,1724.0,-0.6160,-0.5222,-3.0022,0.03241,-0.05611,-0.05301,0.0,
3161497,1000,1724.0,1.2910,-0.9582,-2.4992,0.04641,0.14789,-0.04201,0.0,
3161517,1000,1724.0,0.4710,0.7958,-2.6802,-0.07259,0.07989,-0.03201,0.0,
3161537,1000,1724.0,-0.2050,-0.2812,-3.5212,0.02841,-0.02211,-0.05901,0.0,
3161557,1000,1724.0,-2.3180,-0.5472,-4.6792,0.07341,-0.19311,-0.05801,0.0,
3161577,1000,1724.0,-1.4680,0.4818,-3.9472,-0.03659,-0.10311,-0.02001,0.0,
3161597,1000,1724.0,-0.5460,-0.2512,-3.5402,0.03341,-0.12511,-0.05001,0.0,
3161617,1000,1724.0,-1.6130,0.3348,-4.3242,-0.05259,-0.09911,-0.04001,0.0,
3161637,1000,1724.0,-0.3470,0.4608,-3.4172,-0.04859,-0.03911,-0.06301,0.0,
3161657,1000,1724.0,-0.7810,0.0598,-4.1142,0.00141,-0.05411,-0.03101,0.0,
3161677,1000,1724.0,0.9420,-0.4962,-2.0712,-0.00659,0.16489,-0.07301,0.0,
3161697,1000,1724.0,1.2670,0.0198,-2.7312,-0.00359,0.06589,-0.04101,0.0,
3161717,1000,1724.0,0.8990,-0.4122,-3.2102,0.03441,0.08889,-0.04101,0.0,
3161737,1000,1724.0,-0.0160,-0.6372,-2.9702,0.06341,0.05089,-0.06001,0.0,
3161757,1000,1724.0,-0.7250,-0.0152,-4.1212,-0.02559,-0.04311,-0.03101,0.0,
3161777,1000,1724.0,0.1600,-0.6892,-3.2682,0.05241,0.02589,-0.05601,0.0,
3161797,1000,1724.0,-1.2950,-0.2512,-2.7532,0.04741,-0.13111,-0.04401,0.0,
3161817,1000,1724.0,-1.0990,-0.5832,-3.4592,0.06941,-0.10211,-0.05101,0.0,
3161837,1000,1724.0,0.0680,-0.6832,-3.1242,0.02241,0.00589,-0.02701,0.0,
3161857,1000,1724.0,-2.9230,0.2158,-4.2972,-0.00659,-0.25911,-0.04001,0.0,
3161877,1000,1724.0,0.3210,0.8258,-3.3042,-0.05959,-0.02511,-0.05001,0.0,
3161897,1000,1724.0,0.2740,-0.0572,-3.7592,0.01941,-0.00811,-0.03201,0.0,
3161917,1000,1724.0,1.3800,0.2648,-2.7722,-0.05159,0.14389,-0.05701,0.0,
3161937,1000,1724.0,-0.1090,0.4558,-3.4562,-0.05959,0.00489,-0.03401,0.0,
3161957,1000,1724.0,0.4790,-0.1862,-3.0462,0.00041,0.06189,-0.01901,0.0,
3161977,1000,1724.0,0.2570,-0.1122,-2.5252,0.00841,0.02789,-0.02801,0.0,
3161997,1000,1724.0,0.3180,0.2678,-3.7822,-0.02359,0.08389,-0.03001,0.0,
3162017,1000,1724.0,-1.1140,0.0678,-3.7712,-0.00259,-0.07511,-0.03701,0.0,
3162037,1000,1724.0,-1.4130,0.0628,-5.1002,-0.01459,-0.10111,-0.01401,0.0,
3162057,1000,1724.0,-0.2030,-0.3782,-3.6912,0.05941,-0.03211,-0.03301,0.0,
3162077,1000,1724.0,0.6740,-0.5782,-3.4922,0.02341,0.06989,-0.01701,0.0,
3162097,1000,1724.0,-0.5020,-0.0542,-5.4812,0.00941,-0.05711,-0.02601,0.0,
3162117,1000,1724.0,0.2610,0.4088,-4.0242,-0.00759,-0.00311,-0.05501,0.0,
3162137,1000,1724.0,-0.7650,0.1438,-4.1462,-0.00259,-0.08211,-0.02701,0.0,
3162157,1000,1724.0,-0.7770,-0.0832,-4.3782,-0.01559,-0.06211,-0.03401,0.0,
3162177,1000,1724.0,0.5290,0.3988,-2.3222,-0.08659,0.11089,0.00299,0.0,
3162197,1000,1724.0,-0.5780,0.0058,-4.0572,0.02241,-0.04811,-0.02701,0.0,
3162217,1000,1724.0,2.0110,-1.1462,-3.2612,0.08441,0.21589,-0.04201,0.0,
3162237,1000,1724.0,-0.4050,-0.3922,-3.6252,0.01341,-0.01011,-0.02301,0.0,
3162257,1000,1724.0,-0.4190,-1.1712,-3.3952,0.13041,-0.00611,-0.04701,0.0,
3162277,1000,1724.0,-0.7120,-0.0072,-4.0762,0.01241,-0.03711,-0.02301,0.0,
3162297,1000,1724.0,-0.2490,-0.3642,-3.5812,0.02841,-0.02311,-0.02501,0.0,
3162317,1000,1724.0,-1.6400,0.4698,-4.0482,0.00441,-0.12211,-0.05801,0.0,
3162337,1000,1724.0,-1.1400,-0.6662,-4.6172,0.05241,-0.17411,-0.02801,0.0,
3162357,1000,1724.0,0.1180,0.3798,-3.5642,-0.05259,-0.02411,-0.03401,0.0,
3162377,1000,1724.0,-0.2260,-1.0682,-3.4402,0.08141,0.00089,-0.02301,0.0,
3162397,1000,1724.0,1.1140,-0.8582,-3.9822,0.04841,0.06489,-0.00901,0.0,
3162417,1000,1724.0,1.1950,0.5978,-4.0222,-0.06359,0.14989,-0.02901,0.0,
3162437,1000,1724.0,0.3240,-1.1412,-3.6822,0.09941,0.04089,-0.03301,0.0,
3162457,1000,1724.0,0.5370,-0.2622,-3.8532,0.01541,0.12289,-0.02101,0.0,
3162477,1000,1724.0,0.1240,-0.4842,-4.1852,0.03641,0.03889,-0.05101,0.0,
3162497,1000,1724.0,-0.3210,0.6318,-3.7842,-0.04959,0.01589,-0.03501,0.0,
3162517,1000,1724.0,-1.0100,-0.2842,-3.6042,0.05041,-0.08211,-0.02101,0.0,
3162537,1000,1724.0,-1.6550,-0.3102,-4.5772,0.04141,-0.13811,-0.03501,0.0,
3162557,1000,1724.0,-0.4230,-0.5142,-5.1272,0.02541,-0.04311,-0.03101,0.0,
3162577,1000,1724.0,-0.8590,-0.8482,-3.4662,0.07241,-0.07811,-0.02701,0.0,
3162597,1000,1724.0,-1.3110,-0.4742,-4.2592,0.05241,-0.11511,-0.03901,0.0,
3162617,1000,1724.0,-0.6400,-0.3392,-4.4392,-0.01859,-0.04111,-0.03501,0.0,
3162637,1000,1724.0,0.0400,0.0068,-3.5372,0.00941,0.01789,-0.03901,0.0,
3162657,1000,1724.0,0.6900,0.6228,-4.3932,-0.06959,0.08889,-0.05601,0.0,
3162677,1000,1724.0,-0.9180,0.3458,-4.3112,-0.04159,-0.05911,-0.02901,0.0,
3162697,1000,1724.0,0.3320,0.3618,-1.9952,-0.03359,0.09289,-0.06301,0.0,
3162717,1000,1724.0,-0.9310,0.1328,-4.1132,-0.00159,-0.06411,-0.06901,0.0,
3162737,1000,1724.0,-0.2460,-0.3062,-4.2312,0.00841,-0.02611,-0.03901,0.0,
3162757,1000,1724.0,-2.2940,-0.1232,-4.8052,0.04941,-0.14211,-0.02701,0.0,
3162777,1000,1724.0,-1.6830,-0.6672,-3.8462,0.08041,-0.16211,-0.03201,0.0,
3162797,1000,1724.0,0.4290,-0.8752,-3.4432,0.04141,0.05189,-0.03301,0.0,
3162817,1000,1724.0,-2.3510,-1.1592,-4.8592,0.10841,-0.22811,-0.02001,0.0,
3162837,1000,1724.0,-0.7530,-0.9082,-4.4852,0.10441,-0.08511,-0.03001,0.0,
3162857,1000,1724.0,0.1480,-1.1132,-3.8172,0.05341,0.02689,-0.02501,0.0,
3162877,1000,1724.0,-0.4070,-0.0592,-4.3312,0.05041,-0.04611,-0.03901,0.0,
3162897,1000,1724.0,0.3310,0.9388,-3.1872,-0.07259,0.06489,-0.02301,0.0,
3162917,1000,1724.0,-0.1490,0.0498,-3.1272,-0.00159,-0.00111,-0.04401,0.0,
3162937,1000,1724.0,1.8180,0.2238,-3.8372,-0.05359,0.22589,-0.01901,0.0,
3162957,1000,1724.0,0.5210,0.0328,-4.0132,0.01241,0.03689,-0.05201,0.0,
3162977,1000,1724.0,0.5700,0.0468,-4.2892,0.01141,0.04289,-0.06001,0.0,
3162997,1000,1724.0,-0.9950,0.0488,-5.2252,0.02941,-0.09711,-0.03301,0.0,
3163017,1000,1724.0,-0.4460,-0.3342,-4.3122,0.03441,-0.07111,-0.03201,0.0,
3163037,1000,1724.0,0.1660,-0.6302,-4.1692,0.04741,0.01189,-0.04801,0.0,
3163057,1000,1724.0,-1.1770,0.3438,-4.8272,-0.06159,-0.12311,-0.00501,0.0,
3163077,1000,1724.0,-0.6250,0.1988,-3.6552,-0.03359,-0.07611,-0.02201,0.0,
3163097,1000,1724.0,-0.4390,-0.6032,-4.1032,-0.01259,0.00389,-0.03801,0.0,
3163117,1000,1724.0,1.3510,0.3728,-2.7352,-0.04659,0.12689,-0.00601,0.0,
3163137,1000,1724.0,0.3560,-0.2882,-3.1362,0.00741,0.06389,-0.01401,0.0,
3163157,1000,1724.0,0.3910,0.2238,-3.4882,-0.00059,0.04989,-0.03201,0.0,
3163177,1000,1724.0,-0.2830,0.2168,-3.5922,-0.00059,0.01589,-0.03801,0.0,
3163197,1000,1724.0,0.4430,-0.5102,-4.3122,0.02641,0.04389,-0.03401,0.0,
3163217,1000,1724.0,-1.0280,0.5398,-4.6832,-0.01059,-0.08611,-0.04301,0.0,
3163237,1000,1724.0,-1.1150,-0.3712,-4.2822,0.01641,-0.10811,-0.02401,0.0,
3163257,1000,1724.0,-0.8010,-0.0582,-4.4842,0.02241,-0.09311,-0.03401,0.0,
3163277,1000,1724.0,0.5930,-0.3262,-3.9482,0.00941,0.03689,-0.03601,0.0,
3163297,1000,1724.0,-0.4570,-0.1222,-5.3212,0.01241,-0.08111,-0.03801,0.0,
3163317,1000,1724.0,0.3640,-0.5562,-3.9992,-0.00559,0.03889,-0.02001,0.0,
3163337,1000,1724.0,0.2310,-0.7832,-3.4082,0.03341,0.00389,-0.03301,0.0,
3163357,1000,1724.0,1.6880,-0.4802,-2.9722,-0.00459,0.16589,-0.04001,0.0,
3163377,1000,1724.0,-0.6110,0.7428,-4.1532,-0.08359,-0.02111,-0.02701,0.0,
3163397,1000,1724.0,0.3510,0.3178,-3.7982,-0.04859,0.08189,-0.01701,0.0,
3163417,1000,1724.0,1.3090,-0.2952,-3.2872,0.01841,0.10289,-0.03701,0.0,
3163437,1000,1724.0,-0.0200,-0.4022,-3.8522,0.06641,0.02389,-0.03001,0.0,
3163457,1000,1724.0,-0.4990,0.3748,-3.8122,0.01141,-0.04811,-0.05801,0.0,
3163477,1000,1724.0,-0.8920,-0.4872,-4.2652,0.07541,-0.18611,-0.03101,0.0,
3163497,1000,1724.0,-0.2270,-0.2602,-4.4002,0.04841,-0.01211,-0.04201,0.0,
3163517,1000,1724.0,-1.0630,0.0838,-4.8042,-0.01059,-0.04011,-0.03001,0.0,
3163537,1000,1724.0,-0.5710,0.0438,-4.1132,-0.00659,-0.09511,-0.01601,0.0,
3163557,1000,1724.0,0.3680,0.2168,-3.5192,-0.03159,0.03689,-0.04201,0.0,
3163577,1000,1724.0,-0.2780,-0.4192,-4.5822,0.00641,-0.01111,-0.01401,0.0,
3163597,1000,1724.0,1.4840,-0.2322,-2.3602,-0.02459,0.15089,-0.02401,0.0,
3163617,1000,1724.0,1.2790,0.1538,-4.1362,-0.04659,0.12889,-0.02501,0.0,
3163637,1000,1724.0,-0.0140,0.5588,-4.5862,-0.03859,-0.00511,-0.02801,0.0,
3163657,1000,1724.0,1.4620,-0.7392,-2.4222,0.02941,0.17589,-0.03601,0.0,
3163677,1000,1724.0,-0.6520,0.3958,-3.8082,-0.00159,-0.02911,-0.03501,0.0,
3163697,1000,1724.0,-0.5650,0.3028,-4.4472,-0.02759,-0.04811,-0.02001,0.0,
3163717,1000,1724.0,-0.6010,0.1368,-4.2962,-0.00459,-0.05711,-0.02501,0.0,
3163737,1000,1724.0,0.0280,0.4258,-4.1812,-0.00859,-0.00811,-0.03001,0.0,
3163757,1000,1724.0,-1.6000,0.1238,-4.6882,0.01741,-0.16511,-0.04301,0.0,
3163777,1000,1724.0,0.0320,0.3438,-4.1942,-0.02259,-0.03211,-0.03001,0.0,
3163797,1000,1724.0,0.1960,0.2568,-4.3772,-0.05459,0.06689,-0.00601,0.0,
3163817,1000,1724.0,-0.8190,-0.4612,-4.6772,0.03541,-0.10311,-0.02201,0.0,
3163837,1000,1724.0,1.1040,0.2428,-3.5142,-0.06759,0.14089,-0.00901,0.0,
3163857,1000,1724.0,0.4680,0.4068,-3.1102,-0.05359,0.06689,-0.01901,0.0,
3163877,1000,1724.0,-0.5450,-0.1572,-4.0242,0.01141,-0.04011,-0.02501,0.0,
3163897,1000,1724.0,0.2700,-0.0662,-4.0962,-0.00959,0.06089,-0.02801,0.0,
3163917,1000,1724.0,0.2100,0.0288,-4.0112,0.00741,0.01789,-0.03501,0.0,
3163937,1000,1724.0,0.2290,0.3908,-3.6582,-0.01459,0.01289,-0.05601,0.0,
3163957,1000,1724.0,-2.5130,0.9458,-4.6392,-0.07259,-0.22211,-0.01401,0.0,
3163977,1000,1724.0,-0.7420,-0.3512,-3.7992,0.01541,-0.07911,-0.02901,0.0,
3163997,1000,1724.0,0.2000,0.3758,-4.6702,-0.01959,-0.03111,-0.04301,0.0,
3164017,1000,1724.0,-1.1030,0.4738,-3.9512,-0.02159,-0.11011,-0.04301,0.0,
3164037,1000,1724.0,-0.0150,-0.1182,-4.0102,-0.01459,0.00689,-0.03701,0.0,
3164057,1000,1724.0,-0.0230,-0.8052,-4.2982,0.05341,0.02289,-0.01101,0.0,
3164077,1000,1724.0,0.1780,-0.3672,-2.7102,0.00441,0.06589,-0.03101,0.0,
3164097,1000,1724.0,-0.8530,0.5018,-4.1682,-0.07059,-0.04411,-0.01901,0.0,
3164117,1000,1724.0,-1.2970,-0.3512,-4.0442,0.04341,-0.10311,-0.02401,0.0,
3164137,1000,1724.0,-1.6160,-0.0812,-4.2552,0.02141,-0.09811,-0.03501,0.0,
3164157,1000,1724.0,-1.1350,-0.4042,-4.2222,0.04541,-0.06811,-0.03001,0.0,
3164177,1000,1724.0,-0.0010,-0.0352,-3.7982,0.03141,0.00489,-0.03901,0.0,
3164197,1000,1724.0,-1.8280,-0.0232,-5.1732,0.01441,-0.14911,-0.03601,0.0,
3164217,1000,1724.0,-0.7680,-0.0122,-4.2852,0.04241,-0.10611,-0.05901,0.0,
3164237,1000,1724.0,-0.4330,-0.0912,-3.7992,0.01441,-0.05711,-0.04501,0.0,
3164257,1000,1724.0,0.0920,-0.1562,-4.4352,0.03041,0.00389,-0.02501,0.0,
3164277,1000,1724.0,-0.7140,-0.6732,-3.8582,0.04341,-0.04911,-0.04101,0.0,
3164297,1000,1724.0,0.6780,0.4038,-3.7772,-0.01659,0.05989,-0.03701,0.0,
3164317,1000,1724.0,0.5830,-1.1802,-4.2612,0.07741,0.06989,-0.06301,0.0,
3164337,1000,1724.0,0.2180,0.0748,-3.9302,-0.04959,0.06089,-0.02301,0.0,
3164357,1000,1724.0,0.9750,-1.0912,-3.3542,0.10141,0.10489,-0.06101,0.0,
3164377,1000,1724.0,-0.6500,-0.6452,-4.4062,0.04041,-0.02611,-0.02501,0.0,
3164397,1000,1724.0,-0.1010,-0.3812,-3.9202,0.07341,-0.03211,-0.04201,0.0,
3164417,1000,1724.0,0.1630,0.0918,-2.9692,0.00441,0.04989,-0.03701,0.0,
3164437,1000,1724.0,-2.3860,0.2518,-5.4862,0.02041,-0.23311,-0.03001,0.0,
3164457,1000,1724.0,0.0170,-1.4082,-3.5152,0.09941,-0.01411,-0.03401,0.0,
3164477,1000,1724.0,-0.4760,-0.0892,-3.3942,0.01641,-0.01011,-0.03601,0.0,
3164497,1000,1724.0,-0.9070,-0.7192,-4.5322,0.06241,-0.09511,-0.03401,0.0,
3164517,1000,1724.0,0.2450,-0.4232,-3.7552,0.00841,0.05289,-0.02601,0.0,
3164537,1000,1724.0,0.2070,-1.3712,-3.9072,0.11441,0.01889,-0.03101,0.0,
3164557,1000,1724.0,1.3640,-1.3422,-4.1272,0.08841,0.14589,-0.02401,0.0,
3164577,1000,1724.0,0.6310,-0.9022,-3.5082,0.04441,0.11289,-0.03501,0.0,
3164597,1000,1724.0,0.8520,-0.5422,-3.5802,0.04741,0.09289,-0.04601,0.0,
3164617,1000,1724.0,0.7440,-0.3992,-4.0002,0.01341,0.07089,-0.02301,0.0,
3164637,1000,1724.0,0.5770,-0.1542,-3.6832,0.01941,0.05989,-0.05301,0.0,
3164657,1000,1724.0,-1.0380,0.9728,-5.6972,-0.06659,-0.07911,-0.03601,0.0,
3164677,1000,1724.0,-0.8980,-0.0632,-4.3112,0.00541,-0.09511,-0.02901,0.0,
3164697,1000,1724.0,-0.4960,0.0958,-4.2402,-0.01259,-0.06111,-0.04501,0.0,
3164717,1000,1724.0,0.2450,0.3098,-3.8562,-0.04259,0.04289,-0.03401,0.0,
3164737,1000,1724.0,-0.5760,-0.1612,-3.6522,0.00941,-0.05211,-0.03101,0.0,
3164757,1000,1724.0,-0.0360,-0.0662,-4.5922,-0.04159,0.01289,-0.02901,0.0,
3164777,1000,1724.0,0.4260,-0.5932,-3.9612,0.03541,0.03889,-0.02001,0.0,
3164797,1000,1724.0,0.3990,-0.5632,-1.0912,0.00741,0.11089,-0.01201,0.0,
3164817,1000,1724.0,0.6290,-0.4982,-4.2562,0.01241,0.08089,-0.00901,0.0,
3164837,1000,1724.0,0.6600,-0.5502,-3.9562,0.03541,0.07089,-0.02701,0.0,
3164857,1000,1724.0,0.3540,0.0158,-3.9172,-0.00459,0.07289,-0.01001,0.0,
3164877,1000,1724.0,-0.8810,-0.0512,-4.9612,0.01041,-0.06311,-0.03301,0.0,
3164897,1000,1724.0,-0.5790,0.4068,-4.0092,-0.04859,-0.05011,-0.02101,0.0,
3164917,1000,1724.0,-0.0300,-0.3102,-4.0462,0.05741,0.01689,-0.03501,0.0,
3164937,1000,1724.0,-0.5590,-0.4992,-4.3532,0.06641,-0.06411,-0.03201,0.0,
3164957,1000,1724.0,-0.9850,0.0528,-5.1322,-0.03459,-0.10111,-0.03201,0.0,
3164977,1000,1724.0,-0.7240,-0.1812,-3.8822,0.03841,-0.07911,-0.03401,0.0,
3164997,1000,1724.0,-0.3250,0.0158,-2.9022,-0.02059,-0.03011,-0.01901,0.0,
3165017,1000,1724.0,0.3820,-0.6032,-4.0072,0.01741,0.03089,-0.03001,0.0,
3165037,1000,1724.0,0.3450,0.8548,-3.2012,-0.09459,0.10489,-0.03201,0.0,
3165057,1000,1724.0,-0.3500,-0.0252,-4.5232,-0.01759,-0.02111,-0.03201,0.0,
3165077,1000,1724.0,0.1210,-0.2132,-4.2982,-0.00059,0.01589,-0.03701,0.0,
3165097,1000,1724.0,0.5940,0.9738,-3.3042,-0.07759,0.08189,-0.04301,0.0,
3165117,1000,1724.0,-0.2020,0.2628,-3.6822,-0.01659,-0.01711,-0.04801,0.0,
3165137,1000,1724.0,-0.3040,0.4698,-4.1202,-0.06259,-0.00711,-0.03801,0.0,
3165157,1000,1724.0,-0.7980,0.4908,-5.4772,-0.01259,-0.06411,-0.03501,0.0,
3165177,1000,1724.0,-2.3020,0.3908,-3.8042,-0.01459,-0.19611,-0.02501,0.0,
3165197,1000,1724.0,-1.4520,0.3078,-4.5042,-0.02859,-0.12711,-0.03501,0.0,
3165217,1000,1724.0,-0.9890,-0.8342,-4.1912,0.11341,-0.08211,-0.03401,0.0,
3165237,1000,1724.0,-0.4740,0.2478,-3.6162,-0.01459,-0.03211,0.01299,0.0,
3165257,1000,1724.0,-0.1690,-0.7602,-3.7602,0.05841,-0.01111,-0.03801,0.0,
3165277,1000,1724.0,0.4560,0.1398,-2.2152,-0.03159,0.08989,-0.00501,0.0,
3165297,1000,1724.0,-0.8810,-0.3732,-3.8562,0.05441,0.00589,-0.03401,0.0,
3165317,1000,1724.0,-0.6900,0.2238,-4.0832,-0.01659,-0.14411,-0.03401,0.0,
3165337,1000,1724.0,0.3870,-0.0522,-3.1022,-0.00159,0.11489,-0.01801,0.0,
3165357,1000,1724.0,-0.3870,0.4508,-5.1742,-0.02659,-0.03411,-0.05201,0.0,
3165377,1000,1724.0,0.3350,0.4318,-4.3732,-0.03059,0.01189,-0.05001,0.0,
3165397,1000,1724.0,-1.1410,-0.4312,-4.9532,0.05541,-0.10611,-0.04301,0.0,
3165417,1000,1724.0,-0.2990,0.7548,-4.2412,-0.04859,-0.02511,-0.03801,0.0,
3165437,1000,1724.0,0.2480,-0.0662,-3.9642,-0.01759,0.00889,-0.03101,0.0,
3165457,1000,1724.0,-0.8210,-0.2992,-4.5492,0.06641,-0.12511,-0.04101,0.0,
3165477,1000,1724.0,-0.1090,0.1988,-4.2572,-0.00759,-0.02011,-0.03701,0.0,
3165497,1000,1724.0,-0.9630,-0.6312,-3.6592,0.04641,-0.07311,-0.03701,0.0,
3165517,1000,1724.0,-1.2010,-0.3442,-3.7862,0.01141,-0.06911,-0.00501,0.0,
3165537,1000,1724.0,1.3370,-0.8692,-3.7212,0.09741,0.12189,-0.04801,0.0,
3165557,1000,1724.0,0.5930,-0.3112,-3.0952,0.02341,0.06289,-0.01601,0.0,
3165577,1000,1724.0,-0.3130,-0.7852,-3.2432,0.07341,0.02889,-0.03701,0.0,
3165597,1000,1724.0,-1.0210,0.5288,-3.9942,-0.03359,-0.06111,-0.04101,0.0,
3165617,1000,1724.0,-1.1230,0.2368,-3.8962,-0.00859,-0.08511,-0.03001,0.0,
3165637,1000,1724.0,-2.0420,0.1968,-5.6042,0.02141,-0.16711,-0.05401,0.0,
3165657,1000,1724.0,-0.9860,0.2938,-4.3392,-0.02559,-0.06511,-0.03201,0.0,
3165677,1000,1724.0,0.8480,0.1878,-3.8482,-0.02359,0.07789,-0.03101,0.0,
3165697,1000,1724.0,-1.6000,0.0108,-6.0412,0.00441,-0.16711,-0.01901,0.0,
3165717,1000,1724.0,-0.7500,0.2778,-3.3292,-0.04659,-0.06111,-0.02601,0.0,
3165737,1000,1724.0,0.0550,-0.0442,-3.9682,-0.00759,0.01989,-0.03501,0.0,
3165757,1000,1724.0,0.8910,-0.4452,-4.3592,0.01141,0.06989,-0.02501,0.0,
3165777,1000,1724.0,0.4510,-0.5812,-2.3172,0.02041,0.05489,-0.03601,0.0,
3165797,1000,1724.0,1.3540,-0.7162,-3.7602,0.04641,0.13089,-0.03601,0.0,
3165817,1000,1724.0,1.3020,-0.5732,-3.8302,0.01941,0.12489,-0.02701,0.0,
3165837,1000,1724.0,-0.1550,0.5238,-3.8642,-0.03559,0.02889,-0.03601,0.0,
3165857,1000,1724.0,-0.4950,-0.2202,-4.6442,0.02041,-0.03611,-0.02201,0.0,
3165877,1000,1724.0,-0.5030,-0.4352,-4.1012,0.04341,-0.03211,-0.04001,0.0,
3165897,1000,1724.0,0.5320,0.4338,-3.8942,-0.03659,-0.02811,-0.01901,0.0,
3165917,1000,1724.0,-0.8080,-0.4582,-4.2162,0.03841,0.00689,-0.04001,0.0,
3165937,1000,1724.0,-0.7920,-0.6822,-4.8302,0.04041,-0.12811,-0.00301,0.0,
3165957,1000,1724.0,1.1300,-1.0712,-4.2852,0.07041,0.13089,-0.00601,0.0,
3165977,1000,1724.0,-0.2350,0.1808,-3.7102,-0.00159,-0.01611,-0.01101,0.0,
3165997,1000,1724.0,1.1070,0.0428,-3.7352,-0.01459,0.08389,-0.01501,0.0,
3166017,1000,1724.0,-0.8320,-0.7182,-4.3332,0.05341,-0.04311,-0.02901,0.0,
3166037,1000,1724.0,-0.3540,0.0738,-4.5562,-0.04459,-0.01011,0.00699,0.0,
3166057,1000,1724.0,0.1600,-0.1592,-4.3022,0.02441,0.06689,-0.03301,0.0,
3166077,1000,1724.0,0.3160,0.3578,-4.4992,-0.06759,0.03789,0.00299,0.0,
3166097,1000,1724.0,-0.5200,0.4128,-4.1422,-0.01359,-0.02411,-0.02701,0.0,
3166117,1000,1724.0,-0.1950,-0.6342,-4.2772,0.05341,0.00089,-0.00901,0.0,
3166137,1000,1724.0,-0.6180,0.3258,-5.4302,-0.05159,-0.03811,-0.01301,0.0,
3166157,1000,1724.0,0.1650,0.8848,-6.1382,-0.04559,0.00289,-0.00101,0.0,
3166177,1000,1724.0,-0.8130,-0.6802,-4.2982,0.04041,-0.09011,-0.01501,0.0,
3166197,1000,1724.0,0.1640,-0.1462,-4.8432,-0.00459,-0.00911,-0.03701,0.0,
3166217,1000,1724.0,-0.5940,0.8448,-5.2602,-0.03459,-0.03111,-0.02701,0.0,
3166237,1000,1724.0,-0.7780,-0.7422,-4.7012,0.02941,-0.07211,-0.00701,0.0,
3166257,1000,1724.0,1.0960,-0.3442,-4.7032,0.03741,0.13189,-0.02601,0.0,
3166277,1000,1724.0,1.3850,0.0008,-5.0332,-0.04859,0.14789,0.00499,0.0,
3166297,1000,1724.0,-0.1380,-0.2012,-2.3882,-0.01159,0.03089,-0.01701,0.0,
3166317,1000,1724.0,-0.1220,0.7828,-4.6922,-0.05259,0.02689,-0.00901,0.0,
3166337,1000,1724.0,0.4630,-0.3452,-5.0482,-0.00959,0.05489,-0.00401,0.0,
3166357,1000,1724.0,-1.1690,-1.1252,-5.1752,0.10841,-0.09311,-0.03301,0.0,
3166377,1000,1724.0,0.3220,0.0598,-4.4662,-0.00859,0.05589,-0.01201,0.0,
3166397,1000,1724.0,0.1090,-0.6672,-4.9742,0.07141,-0.03011,-0.02501,0.0,
3166417,1000,1724.0,-0.5410,0.6428,-5.0512,-0.06959,-0.04611,-0.01201,0.0,
3166437,1000,1724.0,-0.5620,-0.2422,-5.5062,-0.01759,-0.02111,-0.00901,0.0,
3166457,1000,1724.0,-0.2910,-0.0102,-4.6772,0.00541,-0.07111,-0.02701,0.0,
3166477,1000,1724.0,1.4440,-0.5542,-4.4212,0.03641,0.17789,-0.01001,0.0,
3166497,1000,1724.0,-0.2140,-0.3002,-4.9972,-0.01559,0.08689,-0.01501,0.0,
3166517,1000,1724.0,-0.4980,0.4828,-3.6722,-0.03159,-0.10111,-0.03001,0.0,
3166537,1000,1724.0,0.4900,0.6128,-4.1592,-0.08359,0.11889,-0.01001,0.0,
3166557,1000,1724.0,0.0390,-0.4532,-4.5152,0.03741,0.00789,-0.01201,0.0,
3166577,1000,1724.0,-0.0940,0.2018,-5.3632,0.00641,-0.00911,-0.04001,0.0,
3166597,1000,1724.0,-1.0840,-0.2162,-5.4152,0.01341,-0.06211,-0.00301,0.0,
3166617,1000,1724.0,-0.5930,0.0928,-5.3542,-0.02959,-0.04411,-0.00801,0.0,
3166637,1000,1724.0,-0.8670,0.4538,-4.6812,-0.00259,-0.06911,-0.03201,0.0,
3166657,1000,1724.0,-1.4450,-0.0472,-6.3162,-0.01959,-0.14211,-0.01201,0.0,
3166677,1000,1724.0,-1.0690,-0.5882,-5.0252,0.07041,-0.11111,-0.04601,0.0,
3166697,1000,1724.0,-0.1700,0.2668,-5.0662,-0.04059,0.01289,-0.02101,0.0,
3166717,1000,1724.0,-0.0860,-0.1942,-3.4992,-0.00159,0.00489,-0.02101,0.0,
3166737,1000,1724.0,-0.5780,0.1368,-4.9052,-0.00459,-0.02711,-0.00801,0.0,
3166757,1000,1724.0,0.6420,-1.0662,-3.5132,0.05541,0.10989,-0.02101,0.0,
3166777,1000,1724.0,-0.7390,0.4038,-4.2372,-0.01459,-0.04611,-0.04201,0.0,
3166797,1000,1724.0,-0.2180,0.0018,-5.5732,-0.00959,0.01289,0.01599,0.0,
3166817,1000,1724.0,0.0190,-1.2912,-4.5632,0.09841,0.01289,-0.03201,0.0,
3166837,1000,1724.0,-0.6860,-0.1942,-5.2742,0.02941,-0.06011,-0.01901,0.0,
3166857,1000,1724.0,0.3260,0.7368,-4.8042,-0.05159,0.00589,-0.02101,0.0,
3166877,1000,1724.0,0.6080,-0.5112,-4.5832,0.02641,0.06589,-0.02101,0.0,
3166897,1000,1724.0,0.1280,-0.4562,-5.7292,0.00141,-0.00711,-0.02101,0.0,
3166917,1000,1724.0,0.4710,-0.5912,-4.5582,0.05541,0.03289,-0.00601,0.0,
3166937,1000,1724.0,-0.2550,0.2878,-3.9642,-0.02759,-0.00511,-0.03401,0.0,
3166957,1000,1724.0,0.3370,-0.1242,-4.4192,-0.00759,0.05389,-0.03101,0.0,
3166977,1000,1724.0,-0.0670,-1.0382,-4.5412,0.07941,0.01489,-0.01101,0.0,
3166997,1000,1724.0,0.8680,0.3488,-4.9672,-0.04559,0.11989,-0.01601,0.0,
3167017,1000,1724.0,-0.7410,-0.2792,-4.1102,0.02641,-0.03011,-0.03901,0.0,
3167037,1000,1724.0,-0.0360,-0.1272,-4.6332,-0.00759,0.00089,-0.00501,0.0,
3167057,1000,1724.0,-0.4040,-0.7742,-5.3092,0.06841,0.00189,-0.00501,0.0,
3167077,1000,1724.0,-1.4690,-0.0522,-5.3892,0.02341,-0.12011,-0.02901,0.0,
3167097,1000,1724.0,-0.6610,0.3818,-5.5382,-0.02959,-0.10011,-0.03701,0.0,
3167117,1000,1724.0,-0.4280,-0.1592,-4.4182,0.00741,-0.00411,-0.01001,0.0,
3167137,1000,1724.0,-1.1830,-0.9522,-4.3322,0.04041,-0.11511,-0.03401,0.0,
3167157,1000,1724.0,-0.9470,-0.1602,-4.9462,0.04441,-0.07211,-0.03501,0.0,
3167177,1000,1724.0,-0.5030,0.8368,-4.8592,-0.06759,-0.05111,-0.00801,0.0,
3167197,1000,1724.0,-0.2000,-0.9892,-3.4592,0.03041,0.01689,-0.05801,0.0,
3167217,1000,1724.0,0.0760,-0.6532,-5.1872,0.04441,0.03789,-0.01101,0.0,
3167237,1000,1724.0,-0.1720,-0.4482,-4.2192,0.01241,-0.00811,-0.01301,0.0,
3167257,1000,1724.0,0.0170,0.4028,-4.1462,-0.04959,0.04989,-0.03101,0.0,
3167277,1000,1724.0,0.4490,-0.5782,-4.1182,0.05441,0.04289,-0.01701,0.0,
3167297,1000,1724.0,-0.6000,-0.1862,-5.1002,0.04641,-0.03811,-0.02001,0.0,
3167317,1000,1724.0,-1.6120,-0.2842,-5.1412,-0.00359,-0.12511,-0.01101,0.0,
3167337,1000,1724.0,-1.0800,0.3858,-4.9252,-0.02959,-0.10311,-0.01501,0.0,
3167357,1000,1724.0,0.0050,-0.1712,-5.0692,0.02241,-0.00311,-0.02501,0.0,
3167377,1000,1724.0,-0.9190,0.2148,-5.7692,-0.03759,-0.08211,-0.01701,0.0,
3167397,1000,1724.0,0.2160,-0.3552,-4.0052,-0.00659,0.06889,-0.02901,0.0,
3167417,1000,1724.0,0.4750,-0.3662,-4.4212,0.04441,0.01589,-0.02901,0.0,
3167437,1000,1724.0,1.6280,-0.3102,-4.1112,-0.02159,0.15089,-0.01101,0.0,
3167457,1000,1724.0,0.7070,-1.1312,-3.2362,0.07641,0.09689,-0.03201,0.0,
3167477,1000,1724.0,-0.2490,0.6008,-4.6082,-0.03559,0.01389,-0.01001,0.0,
3167497,1000,1724.0,-1.1400,0.2218,-3.7822,-0.02359,-0.08111,-0.02101,0.0,
3167517,1000,1724.0,0.4980,0.2578,-5.3442,-0.03059,0.08589,-0.01101,0.0,
3167537,1000,1724.0,-0.3010,-1.1842,-4.3902,0.10741,-0.00511,-0.01501,0.0,
3167557,1000,1724.0,-2.1640,-0.0972,-5.0222,0.02941,-0.21011,-0.01401,0.0,
3167577,1000,1724.0,-0.0770,0.1728,-4.2312,-0.04359,0.01389,-0.01301,0.0,
3167597,1000,1724.0,-0.1800,-0.4772,-4.6682,0.05541,-0.09411,-0.04601,0.0,
3167617,1000,1724.0,-0.8100,0.3768,-5.0102,-0.05459,-0.03911,-0.02001,0.0,
3167637,1000,1724.0,-1.3680,-0.2462,-5.1132,0.00441,-0.09411,-0.01101,0.0,
3167657,1000,1724.0,-0.5850,-0.5592,-4.3842,0.04041,-0.09111,-0.03401,0.0,
3167677,1000,1724.0,0.1760,-0.2382,-4.2822,0.00441,0.15689,-0.02601,0.0,
3167697,1000,1724.0,0.3630,-0.9252,-4.8542,0.03441,0.04289,-0.00801,0.0,
3167717,1000,1724.0,-0.0930,-0.5072,-4.5802,0.06641,-0.03611,-0.03201,0.0,
3167737,1000,1724.0,-0.6110,0.6948,-4.6652,-0.02859,0.00689,-0.01401,0.0,
3167757,1000,1724.0,-0.2580,-0.4932,-5.2002,0.00941,-0.04711,-0.01301,0.0,
3167777,1000,1724.0,0.0730,-0.3412,-4.3382,0.03841,0.01889,-0.02001,0.0,
3167797,1000,1724.0,-1.4030,0.0198,-5.9512,0.00941,-0.11311,-0.01801,0.0,
3167817,1000,1724.0,-0.3600,-0.1072,-5.4952,-0.00459,-0.05111,-0.00701,0.0,
3167837,1000,1724.0,0.2910,-0.4012,-4.7942,0.03741,0.05689,-0.05101,0.0,
3167857,1000,1724.0,0.2080,-0.4952,-4.4672,0.01541,-0.02811,-0.02001,0.0,
3167877,1000,1724.0,0.1090,0.0398,-4.0942,0.00841,-0.02311,-0.01101,0.0,
3167897,1000,1724.0,0.3950,-0.7842,-4.8092,-0.00159,0.15189,-0.02401,0.0,
3167917,1000,1724.0,0.5090,0.0868,-4.8442,0.01341,-0.00111,-0.04101,0.0,
3167937,1000,1724.0,0.5940,0.1708,-4.9472,-0.01859,0.08289,-0.00001,0.0,
3167957,1000,1724.0,0.1000,-1.1742,-3.0832,0.08741,0.03089,-0.01101,0.0,
3167977,1000,1724.0,-0.4320,0.8908,-4.5292,-0.01959,0.00289,-0.01801,0.0,
3167997,1000,1724.0,-0.0770,0.5488,-4.2172,-0.06959,-0.03211,-0.01701,0.0,
3168017,1000,1724.0,-1.5380,-1.1312,-4.2412,0.06241,-0.07511,-0.02601,0.0,
3168037,1000,1724.0,-0.8400,0.1588,-7.6462,0.02041,-0.09711,-0.01401,0.0,
3168057,1000,1724.0,0.3580,-0.8432,-4.2082,0.05241,0.01189,-0.00901,0.0,
3168077,1000,1724.0,-0.5450,-0.2192,-4.4862,0.00141,-0.02911,-0.03401,0.0,
3168097,1000,1724.0,-0.6170,0.0838,-5.9142,0.00041,-0.08311,-0.03201,0.0,
3168117,1000,1724.0,-0.7190,-0.7942,-4.6622,0.06041,-0.07311,-0.01701,0.0,
3168137,1000,1724.0,-1.3640,0.3438,-5.3502,-0.03959,-0.08111,-0.02701,0.0,
3168157,1000,1724.0,0.8350,-0.0772,-4.8212,-0.01859,0.11189,-0.02701,0.0,
3168177,1000,1724.0,0.6660,-0.6222,-3.0752,0.03241,0.05489,-0.02101,0.0,
3168197,1000,1724.0,-0.4390,-0.0002,-4.3982,-0.02259,0.02589,-0.00101,0.0,
3168217,1000,1724.0,0.3540,-0.6642,-4.4412,0.08141,-0.00111,-0.02601,0.0,
3168237,1000,1724.0,0.6200,0.6528,-4.3592,-0.08659,0.06189,-0.02101,0.0,
3168257,1000,1724.0,-1.3550,-0.4002,-5.9432,0.07241,-0.10411,-0.02801,0.0,
3168277,1000,1724.0,-1.5650,-0.2402,-4.3432,0.01641,-0.21911,-0.01301,0.0,
3168297,1000,1724.0,-0.9880,0.3688,-5.4752,0.03841,-0.08311,-0.02101,0.0,
3168317,1000,1724.0,-0.4550,0.1018,-5.1482,-0.06259,0.03389,-0.02101,0.0,
3168337,1000,1724.0,-0.9680,-0.4972,-5.0862,0.01941,-0.10811,-0.03601,0.0,
3168357,1000,1724.0,0.0390,-0.0432,-5.6342,0.02141,0.02589,-0.01301,0.0,
3168377,1000,1724.0,0.1770,0.2548,-4.8672,-0.02859,0.01689,-0.02801,0.0,
3168397,1000,1724.0,1.0590,-0.1262,-3.0222,-0.03059,0.12389,-0.04701,0.0,
3168417,1000,1724.0,0.7470,-0.6882,-4.8322,0.04741,0.09689,-0.00901,0.0,
3168437,1000,1724.0,-0.0710,-0.1972,-4.9122,-0.00159,-0.02411,-0.00501,0.0,
3168457,1000,1724.0,-0.2820,-0.7362,-3.8392,0.07841,0.02389,-0.02201,0.0,
3168477,1000,1724.0,0.3180,0.1178,-6.5492,-0.00459,0.03089,-0.02601,0.0,
3168497,1000,1724.0,0.3860,-0.5152,-4.1292,0.07341,0.00489,-0.01301,0.0,
3168517,1000,1724.0,-1.9390,-0.9992,-5.4342,0.05741,-0.12311,-0.01801,0.0,
3168537,1000,1724.0,-0.5210,-1.3362,-4.9062,0.10041,-0.04611,-0.01301,0.0,
3168557,1000,1724.0,0.0380,0.3428,-5.3112,-0.04059,-0.00611,-0.03301,0.0,
3168577,1000,1724.0,-1.0010,0.0598,-4.8842,-0.05659,-0.12011,-0.01801,0.0,
3168597,1000,1724.0,-0.6210,-0.0402,-4.7802,0.05641,0.02189,-0.02401,0.0,
3168617,1000,1724.0,-0.1310,0.2388,-3.4362,-0.06859,-0.04111,-0.01101,0.0,
3168637,1000,1724.0,0.7060,0.0218,-3.8032,0.00541,0.07589,-0.03801,0.0,
3168657,1000,1724.0,1.1550,-0.1272,-3.9272,-0.01059,0.14389,-0.01101,0.0,
3168677,1000,1724.0,-1.6480,-0.4712,-5.2382,0.03841,-0.17411,-0.00901,0.0,
3168697,1000,1724.0,-0.9350,0.8308,-4.7512,-0.02359,-0.01911,-0.02401,0.0,
3168717,1000,1724.0,-0.6980,-0.1122,-4.8162,-0.00359,-0.01611,-0.01801,0.0,
3168737,1000,1724.0,-0.5430,-0.4232,-4.6002,0.03641,-0.06411,-0.02801,0.0,
3168757,1000,1724.0,-1.0940,0.9738,-5.4552,-0.09459,-0.09311,0.01599,0.0,
3168777,1000,1724.0,-0.3000,-0.5642,-6.2962,0.05041,-0.02711,-0.02201,0.0,
3168797,1000,1724.0,-0.1770,0.0018,-4.6422,0.00141,-0.02511,-0.03901,0.0,
3168817,1000,1724.0,1.3590,1.3378,-4.7442,-0.14159,0.13589,-0.00301,0.0,
3168837,1000,1724.0,-0.8340,-0.7602,-4.2012,0.04841,-0.09411,-0.01501,0.0,
3168857,1000,1724.0,0.0430,-0.3912,-4.8552,0.01741,0.01489,-0.02801,0.0,
3168877,1000,1724.0,1.4880,0.8538,-4.2242,-0.09259,0.16889,-0.01001,0.0,
3168897,1000,1724.0,-0.4590,-0.0242,-5.3322,0.00941,-0.05411,-0.03201,0.0,
3168917,1000,1724.0,0.5800,-0.0272,-3.2852,-0.00559,0.09789,0.00399,0.0,
3168937,1000,1724.0,-0.7590,-0.5772,-4.6872,0.04741,-0.03111,-0.00501,0.0,
3168957,1000,1724.0,-0.6530,-0.1912,-4.7672,0.01841,-0.07611,-0.01801,0.0,
3168977,1000,1724.0,-0.0270,-0.7542,-4.3302,0.05541,0.02889,-0.02101,0.0,
3168997,1000,1724.0,-1.8680,0.4078,-5.9952,-0.05159,-0.19011,0.01099,0.0,
3169017,1000,1724.0,-0.3370,-0.7002,-3.9312,0.08241,-0.03111,-0.02801,0.0,
3169037,1000,1724.0,-0.3040,-1.2352,-4.2312,0.04741,-0.00611,-0.02701,0.0,
3169057,1000,1724.0,-0.0940,1.3038,-5.4042,-0.13359,-0.04411,-0.02101,0.0,
3169077,1000,1724.0,-0.0740,-0.3602,-4.3222,0.01941,0.01389,-0.00101,0.0,
3169097,1000,1724.0,0.2430,-1.4202,-5.2782,0.07841,0.03189,-0.01101,0.0,
3169117,1000,1724.0,0.6980,1.1218,-3.8042,-0.08859,0.09689,-0.02701,0.0,
3169137,1000,1724.0,0.4550,0.1528,-3.5442,-0.02459,0.06489,-0.01801,0.0,
3169157,1000,1724.0,-0.2560,-0.5122,-5.1682,0.04741,-0.00511,-0.02001,0.0,
3169177,1000,1724.0,-0.4070,0.2148,-3.7682,0.00341,-0.01311,-0.01201,0.0,
3169197,1000,1724.0,-0.0640,-1.1812,-5.3192,0.08541,-0.00211,-0.01901,0.0,
3169217,1000,1724.0,-0.7950,0.1888,-5.2152,-0.01159,-0.03911,-0.02101,0.0,
3169237,1000,1724.0,-0.5830,-0.2022,-5.1552,0.02941,-0.06811,-0.00901,0.0,
3169257,1000,1724.0,-0.1450,-0.9932,-5.5712,0.06941,-0.01311,-0.02201,0.0,
3169277,1000,1724.0,-0.0250,0.2148,-4.7152,-0.02559,0.03489,-0.02601,0.0,
3169297,1000,1724.0,0.6710,-0.0172,-4.4312,-0.04159,0.03589,-0.02501,0.0,
3169317,1000,1724.0,-1.0820,0.7288,-4.2752,-0.06859,-0.06411,-0.00601,0.0,
3169337,1000,1724.0,0.3000,-0.1552,-4.0382,0.00041,0.01289,-0.02001,0.0,
3169357,1000,1724.0,1.5310,-0.8412,-3.6532,0.04941,0.17889,-0.03701,0.0,
3169377,1000,1724.0,0.5680,0.4768,-4.8512,-0.06859,0.08689,-0.01001,0.0,
3169397,1000,1724.0,-0.6840,-0.8602,-4.8822,0.10341,-0.08711,-0.01601,0.0,
3169417,1000,1724.0,-0.6230,-0.8082,-4.7052,0.06841,0.00689,-0.02201,0.0,
3169437,1000,1724.0,-0.9000,0.0948,-5.0852,-0.01859,-0.07311,-0.02201,0.0,
3169457,1000,1724.0,-0.7980,-0.2992,-4.8462,0.04341,-0.08611,-0.02601,0.0,
3169477,1000,1724.0,-0.5740,0.4798,-5.4082,-0.04659,-0.03811,-0.00001,0.0,
3169497,1000,1724.0,-0.6410,-0.6432,-5.2952,0.04741,-0.06811,-0.02501,0.0,
3169517,1000,1724.0,0.1780,-1.2392,-4.7142,0.11541,-0.01311,-0.02701,0.0,
3169537,1000,1724.0,0.7010,0.3678,-4.3152,-0.06959,0.06189,-0.03301,0.0,
3169557,1000,1724.0,-1.5010,0.0698,-4.5592,-0.03759,-0.02211,-0.01301,0.0,
3169577,1000,1724.0,-0.0810,0.4928,-4.5242,-0.00159,-0.06911,-0.02501,0.0,
3169597,1000,1724.0,1.4830,-0.0022,-4.5272,-0.02959,0.18489,-0.02501,0.0,
3169617,1000,1724.0,0.0480,0.7178,-3.6252,-0.07959,0.02089,-0.01601,0.0,
3169637,1000,1724.0,-0.9670,0.1788,-4.9442,0.00941,-0.05711,-0.01401,0.0,
3169657,1000,1724.0,-0.4540,-0.8272,-4.9232,0.07841,-0.02811,-0.01401,0.0,
3169677,1000,1724.0,0.0340,0.6678,-4.2432,-0.05659,0.03189,-0.02301,0.0,
3169697,1000,1724.0,-0.1590,0.0198,-5.0742,0.02241,-0.00711,-0.02901,0.0,
3169717,1000,1724.0,-1.5150,-0.2412,-5.9802,0.02541,-0.14111,-0.00101,0.0,
3169737,1000,1724.0,-0.4040,-0.3962,-4.7072,0.01741,-0.00811,-0.03801,0.0,
3169757,1000,1724.0,-0.7730,-0.9752,-4.4062,0.06441,-0.09811,-0.00301,0.0,
3169777,1000,1724.0,0.9250,0.8548,-4.7482,-0.07059,0.08589,-0.01701,0.0,
3169797,1000,1724.0,0.0560,-0.0122,-4.5022,-0.02659,0.05389,-0.02701,0.0,
3169817,1000,1724.0,-0.0630,-0.6782,-5.0092,0.03641,-0.01611,-0.02001,0.0,
3169837,1000,1724.0,0.1690,-0.1932,-4.7392,0.00641,0.10989,-0.04001,0.0,
3169857,1000,1724.0,0.3340,-0.0972,-4.6662,-0.04759,0.05789,-0.00601,0.0,
3169877,1000,1724.0,0.6090,-0.2232,-4.4742,0.03841,0.03489,-0.00701,0.0,
3169897,1000,1724.0,-1.7780,0.3938,-4.2422,-0.01259,-0.11311,-0.02101,0.0,
3169917,1000,1724.0,-1.2380,-0.8172,-5.9292,0.04941,-0.14111,-0.04601,0.0,
3169937,1000,1724.0,-0.0140,-0.3252,-4.7722,0.02741,0.01889,-0.00301,0.0,
3169957,1000,1724.0,-1.8120,0.1228,-5.3362,0.00941,-0.16011,0.00699,0.0,
3169977,1000,1724.0,-0.0210,-1.5082,-4.6012,0.09941,-0.02311,-0.01501,0.0,
3169997,1000,1724.0,-0.0460,0.1748,-5.2152,-0.01559,0.01589,-0.00501,0.0,
3170017,1000,1724.0,1.1490,0.4288,-4.4572,-0.02559,0.14689,-0.00401,0.0,
3170037,1000,1724.0,0.1130,-0.0002,-5.2502,-0.01859,0.04989,0.00999,0.0,
3170057,1000,1724.0,0.0680,0.0838,-5.5592,-0.07359,0.07389,0.00499,0.0,
3170077,1000,1724.0,0.4020,-0.3452,-4.4642,0.02841,0.01189,-0.01201,0.0,
3170097,1000,1724.0,-0.3980,0.6428,-4.7652,-0.04959,0.01989,-0.00401,0.0,
3170117,1000,1724.0,-0.1730,-0.3602,-5.0482,0.04441,-0.00111,-0.01601,0.0,
3170137,1000,1724.0,-0.8560,-0.3332,-5.3572,0.05241,-0.10411,0.01199,0.0,
3170157,1000,1724.0,-1.0800,0.1028,-6.5852,-0.00359,-0.09211,-0.00601,0.0,
3170177,1000,1724.0,-0.5880,-1.2372,-5.8872,0.03041,0.00689,0.00499,0.0,
3170197,1000,1724.0,-0.4380,0.2738,-5.7592,-0.02859,-0.08411,-0.00201,0.0,
3170217,1000,1724.0,-0.6110,-1.0842,-5.9942,0.09241,-0.03811,-0.00801,0.0,
3170237,1000,1724.0,-0.0980,0.0078,-5.5232,-0.01259,0.00689,-0.01701,0.0,
3170257,1000,1724.0,1.5800,1.2748,-4.5462,-0.11659,0.20089,-0.01601,0.0,
3170277,1000,1724.0,0.4330,0.4898,-5.6302,-0.05659,0.08789,0.00799,0.0,
3170297,1000,1724.0,-0.4020,-0.2042,-5.4382,0.01741,-0.02211,-0.00201,0.0,
3170317,1000,1724.0,1.1220,-0.1332,-4.5952,-0.00859,0.16589,-0.00601,0.0,
3170337,1000,1724.0,-0.0610,-0.1452,-5.3792,0.00041,0.00189,0.00099,0.0,
3170357,1000,1724.0,-0.0510,0.1318,-5.5692,0.00541,-0.05811,-0.01801,0.0,
3170377,1000,1724.0,-2.6950,-0.1302,-6.4362,0.01441,-0.16211,-0.00401,0.0,
3170397,1000,1724.0,-0.0780,-0.4032,-6.0202,0.03241,0.00789,-0.00801,0.0,
3170417,1000,1724.0,-1.1260,-0.5852,-5.4302,0.06841,-0.08011,-0.01601,0.0,
3170437,1000,1724.0,0.3860,0.2328,-4.6502,-0.03259,0.04589,0.00199,0.0,
3170457,1000,1724.0,-0.2190,-0.6052,-5.0142,0.00141,0.03089,-0.00501,0.0,
3170477,1000,1724.0,-0.4240,0.4318,-5.7172,-0.00759,-0.05111,-0.00901,0.0,
3170497,1000,1724.0,0.7010,0.0428,-5.5722,-0.06559,0.09689,-0.01701,0.0,
3170517,1000,1724.0,-0.3850,0.0628,-3.6312,-0.01459,0.00589,0.00099,0.0,
3170537,1000,1724.0,-0.3200,-0.1832,-5.3362,0.00741,-0.02211,-0.00201,0.0,
3170557,1000,1724.0,0.8700,-0.4312,-5.0312,0.02941,0.10289,-0.01201,0.0,
3170577,1000,1724.0,-0.0090,0.4018,-4.7142,-0.02759,-0.00711,-0.00101,0.0,
3170597,1000,1724.0,-0.2380,-0.1292,-6.3322,0.02641,-0.00411,-0.01501,0.0,
3170617,1000,1724.0,-1.3540,-0.6982,-5.0602,0.05341,-0.07411,0.00699,0.0,
3170637,1000,1724.0,-0.6710,0.1578,-5.7082,-0.01659,-0.03811,-0.01501,0.0,
3170657,1000,1724.0,0.3850,-0.6722,-5.5002,0.08041,-0.09411,0.01199,0.0,
3170677,1000,1724.0,-1.5130,-0.5452,-6.1462,0.02541,-0.06211,-0.01401,0.0,
3170697,1000,1724.0,-0.4010,-1.0392,-5.9952,0.07141,0.00389,-0.02301,0.0,
3170717,1000,1724.0,-0.0680,0.2828,-5.9522,-0.04859,-0.01411,-0.00501,0.0,
3170737,1000,1724.0,1.5710,-0.9482,-3.0642,0.04041,0.25289,-0.02201,0.0,
3170757,1000,1724.0,0.1080,0.5928,-5.4692,-0.03159,0.03889,0.00499,0.0,
3170777,1000,1724.0,0.2400,0.5498,-5.0252,-0.03359,-0.02911,-0.00601,0.0,
3170797,1000,1724.0,0.0190,0.8188,-5.5672,-0.08159,0.04689,-0.01901,0.0,
3170817,1000,1724.0,-0.5910,-0.1532,-4.9892,0.01141,-0.02811,-0.00601,0.0,
3170837,1000,1724.0,0.3780,-0.3282,-5.3812,0.02641,0.04389,0.00599,0.0,
3170857,1000,1724.0,-1.4800,-0.6052,-6.0572,0.03941,-0.15911,-0.00001,0.0,
3170877,1000,1724.0,-0.5690,0.1658,-5.9632,-0.02059,-0.07411,-0.02101,0.0,
3170897,1000,1724.0,-0.6830,-0.9562,-6.4332,0.09341,-0.05111,0.00399,0.0,
3170917,1000,1724.0,0.0060,0.2698,-5.6732,-0.00559,0.00589,0.00099,0.0,
3170937,1000,1724.0,0.0130,0.1658,-5.1282,-0.02559,0.01689,-0.02101,0.0,
3170957,1000,1724.0,-0.4450,0.1168,-5.3182,0.00441,0.04589,0.00899,0.0,
3170977,1000,1724.0,0.6300,-0.6982,-4.8892,0.03541,0.01689,-0.00501,0.0,
3170997,1000,1724.0,0.7510,0.0658,-5.2122,-0.01259,0.08689,-0.00101,0.0,
3171017,1000,1724.0,0.0560,-0.6982,-5.2832,0.01741,0.04689,0.00799,0.0,
3171037,1000,1724.0,0.0260,-0.2412,-6.6092,-0.01959,-0.02911,-0.02201,0.0,
3171057,1000,1724.0,-0.6710,0.9118,-5.4912,-0.03959,-0.02011,-0.00901,0.0,
3171077,1000,1724.0,-0.5830,-0.9022,-5.1092,0.07541,-0.07011,-0.00901,0.0,
3171097,1000,1724.0,-1.6610,0.9068,-6.7352,-0.04859,-0.14711,-0.00601,0.0,
3171117,1000,1724.0,-0.0800,0.0588,-5.2832,-0.00359,-0.00011,-0.01201,0.0,
3171137,1000,1724.0,-0.7250,-0.0662,-5.4592,0.01541,-0.02811,0.00499,0.0,
3171157,1000,1724.0,0.2600,-0.5192,-5.3022,0.02041,0.02689,0.00299,0.0,
3171177,1000,1724.0,0.5810,-0.4802,-4.4302,-0.00559,0.05589,-0.00601,0.0,
3171197,1000,1724.0,-0.9080,-0.4332,-5.1522,0.04741,-0.07911,-0.01201,0.0,
3171217,1000,1724.0,0.2880,-0.6442,-4.6782,0.02141,0.08489,-0.01201,0.0,
3171237,1000,1724.0,-0.0080,0.3178,-5.4762,-0.03859,0.02489,-0.01301,0.0,
3171257,1000,1724.0,-0.1310,0.0038,-4.5602,-0.02759,0.07289,0.00399,0.0,
3171277,1000,1724.0,0.4680,0.3898,-5.5432,-0.03259,0.03589,0.00599,0.0,
3171297,1000,1724.0,-0.4640,-0.3282,-5.0192,0.02841,-0.03411,-0.00801,0.0,
3171317,1000,1724.0,-0.4390,0.2218,-6.3572,0.00341,-0.02811,-0.02301,0.0,
3171337,1000,1724.0,-0.1150,0.0158,-7.0602,-0.01259,-0.06911,0.01599,0.0,
3171357,1000,1724.0,-0.6650,-0.0782,-5.4122,0.00941,0.00689,-0.00901,0.0,
3171377,1000,1724.0,-0.8520,0.0768,-6.0382,0.00541,-0.08011,-0.02401,0.0,
3171397,1000,1724.0,-0.0090,-0.3512,-5.6902,0.00341,0.00689,-0.01901,0.0,
3171417,1000,1724.0,-0.2660,0.6768,-6.4622,-0.07959,0.00789,0.00599,0.0,
3171437,1000,1724.0,-0.5560,-0.4932,-5.8592,0.04941,-0.02611,0.00099,0.0,
3171457,1000,1724.0,1.6360,-0.0602,-3.5452,-0.00659,0.16189,-0.00201,0.0,
3171477,1000,1724.0,0.1950,-0.7382,-4.6052,0.04841,0.04789,-0.01501,0.0,
3171497,1000,1724.0,-0.6900,-0.9002,-5.0802,0.07041,-0.02711,-0.01101,0.0,
3171517,1000,1724.0,-0.4770,0.1038,-4.8252,-0.00959,0.00089,-0.00901,0.0,
3171537,1000,1724.0,0.2630,0.6068,-7.3162,-0.05659,0.03889,-0.00401,0.0,
3171557,1000,1724.0,0.2350,0.1808,-5.8282,0.00741,-0.05711,0.00599,0.0,
3171577,1000,1724.0,-2.3830,-0.4232,-5.3302,0.00341,-0.11611,0.00099,0.0,
3171597,1000,1724.0,-0.2900,-0.2122,-6.4022,-0.00359,-0.01611,0.00299,0.0,
3171617,1000,1724.0,0.2150,0.5038,-5.9862,-0.05459,-0.00511,-0.02601,0.0,
3171637,1000,1724.0,-0.2150,-2.1472,-3.9542,0.16941,-0.01211,-0.00101,0.0,
3171657,1000,1724.0,0.3190,-0.1272,-5.9212,0.03141,0.01789,-0.02001,0.0,
3171677,1000,1724.0,0.9330,0.6088,-5.3672,-0.07159,0.10689,-0.00401,0.0,
3171697,1000,1724.0,0.3660,-0.1042,-3.6662,-0.00159,0.12789,-0.02401,0.0,
3171717,1000,1724.0,-0.3810,0.9348,-6.1272,-0.06259,0.02989,-0.00601,0.0,
3171737,1000,1724.0,0.5070,-0.3862,-5.5892,0.00841,0.06689,-0.01101,0.0,
3171757,1000,1724.0,-1.4940,-0.2622,-5.8422,-0.01059,-0.13511,0.00599,0.0,
3171777,1000,1724.0,-1.1690,0.1598,-6.1282,-0.00459,-0.11311,-0.02101,0.0,
3171797,1000,1724.0,-1.0050,0.0428,-6.7932,0.03241,-0.07311,0.00399,0.0,
3171817,1000,1724.0,-0.5880,-1.2882,-5.4232,0.12841,-0.11711,-0.03701,0.0,
3171837,1000,1724.0,0.3200,0.6558,-5.8762,-0.05859,0.04289,-0.01001,0.0,
3171857,1000,1724.0,-0.4890,0.1848,-6.0042,-0.01959,-0.01011,0.00299,0.0,
3171877,1000,1724.0,0.9770,0.4848,-4.3352,-0.04759,0.13489,0.01799,0.0,
3171897,1000,1724.0,1.0650,-0.4512,-5.0392,0.03241,0.13389,-0.00501,0.0,
3171917,1000,1724.0,-0.1370,-0.5262,-5.5602,0.04241,0.03789,-0.02201,0.0,
3171937,1000,1724.0,-0.5210,-0.6122,-5.4882,0.03641,-0.01911,-0.00901,0.0,
3171957,1000,1724.0,-0.6650,-0.4002,-5.5752,0.03941,-0.05511,-0.01501,0.0,
3171977,1000,1724.0,-0.3570,-0.3402,-5.5972,0.01041,-0.03411,-0.00801,0.0,
3171997,1000,1724.0,-1.0420,-0.2532,-6.7162,0.03941,-0.11011,-0.01201,0.0,
3172017,1000,1724.0,-0.4980,-0.2142,-5.6102,0.00541,-0.02011,-0.00401,0.0,
3172037,1000,1724.0,0.3800,-0.0812,-5.4462,0.00041,0.05489,-0.00101,0.0,
3172057,1000,1724.0,-0.5320,0.3988,-6.0992,-0.03159,-0.03511,-0.01701,0.0,
3172077,1000,1724.0,-0.2100,0.0738,-4.6452,-0.00959,0.01189,-0.02001,0.0,
3172097,1000,1724.0,-0.3800,-0.5932,-4.0412,0.05441,-0.01611,-0.00901,0.0,
3172117,1000,1724.0,0.1590,-0.6202,-4.9152,0.02141,0.07089,-0.00101,0.0,
3172137,1000,1724.0,-0.1650,-0.1822,-5.1022,0.02041,0.01689,-0.00101,0.0,
3172157,1000,1724.0,-0.3510,0.3368,-4.4822,-0.04259,-0.02611,-0.00701,0.0,
3172177,1000,1724.0,-0.5260,-0.2532,-6.2342,0.03441,-0.02811,0.00199,0.0,
3172197,1000,1724.0,-0.3710,0.1398,-4.7112,-0.00659,-0.02411,-0.01601,0.0,
3172217,1000,1724.0,-0.3750,-0.8692,-5.1992,0.05641,-0.06711,-0.01101,0.0,
3172237,1000,1724.0,-0.9790,0.0018,-7.4192,0.00841,-0.02911,-0.00501,0.0,
3172257,1000,1724.0,-0.5450,-0.7482,-5.7592,0.07841,-0.03711,-0.00701,0.0,
3172277,1000,1724.0,0.2340,-0.2132,-5.3822,-0.01959,0.02689,-0.00901,0.0,
3172297,1000,1724.0,-0.4820,-0.2452,-4.8532,-0.01859,-0.01811,-0.01901,0.0,
3172317,1000,1724.0,0.3410,-0.4632,-4.4752,0.01441,0.08789,-0.00101,0.0,
3172337,1000,1724.0,0.1430,-0.3802,-5.2612,0.02841,-0.02311,-0.00901,0.0,
3172357,1000,1724.0,0.6220,0.0688,-5.6412,-0.00959,0.08889,-0.01001,0.0,
3172377,1000,1724.0,-0.2380,0.2178,-5.5402,-0.00259,0.01689,0.00399,0.0,
3172397,1000,1724.0,-0.1490,-0.5282,-4.9282,0.03841,-0.00011,0.00199,0.0,
3172417,1000,1724.0,-0.2300,-0.5202,-5.6692,0.05241,-0.00411,-0.02501,0.0,
3172437,1000,1724.0,-1.1400,-0.3762,-5.4752,0.03841,-0.08011,-0.01801,0.0,
3172457,1000,1724.0,0.2560,0.4428,-6.1532,-0.04859,0.03289,0.01099,0.0,
3172477,1000,1724.0,0.1720,-0.1142,-6.5022,0.01841,-0.00111,0.00699,0.0,
3172497,1000,1724.0,0.1580,-0.8072,-4.8252,0.04341,0.02989,-0.02301,0.0,
3172517,1000,1724.0,-0.3050,-0.2772,-5.6462,0.02741,-0.04311,-0.03301,0.0,
3172537,1000,1724.0,-0.4890,0.3228,-4.1992,-0.04259,-0.02011,0.00299,0.0,
3172557,1000,1724.0,0.6580,-0.2822,-5.1922,0.01241,0.06689,0.00199,0.0,
3172577,1000,1724.0,1.6370,-0.3492,-5.4382,0.02641,0.14989,-0.01301,0.0,
3172597,1000,1724.0,-0.2570,-0.1992,-5.0402,-0.02459,0.11989,-0.00701,0.0,
3172617,1000,1724.0,-0.5850,-0.1562,-3.7912,0.06841,-0.09611,-0.00201,0.0,
3172637,1000,1724.0,-1.1110,0.4078,-5.4392,-0.05159,-0.05011,-0.00801,0.0,
3172657,1000,1724.0,-1.1380,0.8938,-5.7732,-0.06759,-0.11511,-0.00801,0.0,
3172677,1000,1724.0,-0.6310,-1.0402,-6.2002,0.09641,-0.04511,-0.01001,0.0,
3172697,1000,1724.0,0.3720,-1.4192,-5.6142,0.11041,0.05489,0.00399,0.0,
3172717,1000,1724.0,-0.8480,0.0318,-5.8412,-0.01559,-0.11811,-0.01201,0.0,
3172737,1000,1724.0,-0.0210,-0.3092,-5.7312,-0.01459,0.00389,-0.01101,0.0,
3172757,1000,1724.0,-0.6580,-0.0642,-5.5602,0.01741,-0.04611,-0.00801,0.0,
3172777,1000,1724.0,0.9970,1.2958,-4.5202,-0.06959,0.12089,-0.03401,0.0,
3172797,1000,1724.0,1.4760,0.7718,-5.0452,-0.10959,0.16089,-0.00401,0.0,
3172817,1000,1724.0,-0.6340,0.0478,-6.2502,0.03941,-0.01011,-0.01001,0.0,
3172837,1000,1724.0,-0.1730,-0.5412,-5.5862,0.04241,0.01589,-0.00501,0.0,
3172857,1000,1724.0,-0.3400,-1.2322,-5.5142,0.06041,-0.02311,0.02799,0.0,
3172877,1000,1724.0,-1.1980,0.7798,-5.5312,-0.06459,-0.11611,0.00199,0.0,
3172897,1000,1724.0,-0.9650,0.4088,-5.9202,0.00341,-0.18211,-0.01501,0.0,
3172917,1000,1724.0,-0.5970,-0.8612,-7.2052,0.11541,-0.03911,-0.02001,0.0,
3172937,1000,1724.0,-0.4820,-0.4082,-5.4662,-0.01859,-0.00511,-0.01001,0.0,
3172957,1000,1724.0,-0.2700,0.6588,-5.8752,-0.04459,-0.03411,-0.00801,0.0,
3172977,1000,1724.0,0.0860,-0.1422,-4.3652,-0.02859,0.05889,-0.01101,0.0,
3172997,1000,1724.0,0.1530,-0.3242,-4.4062,0.00741,0.02489,-0.00201,0.0,
3173017,1000,1724.0,0.6880,-0.5672,-5.3642,0.02541,0.16189,-0.01901,0.0,
3173037,1000,1724.0,1.0400,-0.7692,-5.0242,0.05041,0.11089,-0.01101,0.0,
3173057,1000,1724.0,-0.2990,0.1288,-4.5742,-0.00759,-0.03311,-0.00801,0.0,
3173077,1000,1724.0,-2.0880,0.2128,-6.5302,0.01041,-0.15511,-0.00601,0.0,
3173097,1000,1724.0,-0.4490,-0.0312,-4.9922,0.01841,-0.04911,0.00299,0.0,
3173117,1000,1724.0,0.2830,-0.6072,-4.9872,0.04841,0.04789,-0.01401,0.0,
3173137,1000,1724.0,-1.2780,0.2088,-6.1202,-0.00259,-0.12011,-0.01501,0.0,
3173157,1000,1724.0,-1.4520,-0.7152,-5.6192,0.07941,-0.11011,-0.00601,0.0,
3173177,1000,1724.0,-0.3990,0.2258,-5.2402,-0.04059,-0.02211,-0.01801,0.0,
3173197,1000,1724.0,-0.2530,-0.0342,-4.7412,-0.01559,-0.01911,0.00599,0.0,
3173217,1000,1724.0,0.5450,-0.2502,-4.8152,-0.01759,0.05989,-0.01101,0.0,
3173237,1000,1724.0,1.1990,-0.5322,-5.9122,0.01141,0.13789,-0.01701,0.0,
3173257,1000,1724.0,0.7710,-0.3852,-5.4642,0.03241,0.09189,-0.02101,0.0,
3173277,1000,1724.0,-0.7070,1.0398,-4.8082,-0.06859,-0.02711,0.00799,0.0,
3173297,1000,1724.0,-0.0540,-0.1182,-5.9822,0.00741,0.00789,0.00099,0.0,
3173317,1000,1724.0,-0.4010,-0.7172,-4.1612,0.05241,0.01589,0.00199,0.0,
3173337,1000,1724.0,-0.3170,-0.2782,-6.2482,0.02341,0.00389,-0.02101,0.0,
3173357,1000,1724.0,-0.7150,-0.3902,-5.9712,0.02841,-0.06711,0.00399,0.0,
3173377,1000,1724.0,-1.2380,-0.1722,-6.1342,0.02741,-0.13911,0.01499,0.0,
3173397,1000,1724.0,-1.6390,-0.1992,-5.9022,0.03341,-0.12911,-0.01301,0.0,
3173417,1000,1724.0,0.4130,0.4318,-6.2562,-0.05859,0.05689,-0.01701,0.0,
3173437,1000,1724.0,0.8140,-0.8042,-4.5372,0.04841,0.02689,0.01399,0.0,
3173457,1000,1724.0,-0.3550,0.0708,-6.1652,-0.00559,-0.02511,-0.02301,0.0,
3173477,1000,1724.0,1.2080,-0.2912,-5.0122,0.00641,0.12289,-0.00701,0.0,
3173497,1000,1724.0,-0.3170,-0.1522,-4.7292,0.00241,0.01489,-0.01001,0.0,
3173517,1000,1724.0,0.6700,0.4768,-4.5862,-0.02359,0.10189,0.00199,0.0,
3173537,1000,1724.0,-0.6440,-0.4902,-5.2612,0.02241,-0.01211,0.00699,0.0,
3173557,1000,1724.0,-0.2700,0.0448,-5.7402,-0.01359,-0.02611,-0.03101,0.0,
3173577,1000,1724.0,-1.2800,0.2648,-6.1592,-0.00959,-0.12211,-0.00801,0.0,
3173597,1000,1724.0,-0.3330,-0.1982,-6.2242,0.03441,-0.00611,-0.00001,0.0,
3173617,1000,1724.0,-0.9400,0.4648,-6.1262,-0.03459,-0.09311,0.00999,0.0,
3173637,1000,1724.0,-0.2860,-0.9712,-6.3062,0.08741,-0.00011,-0.01101,0.0,
3173657,1000,1724.0,-0.7240,-0.1592,-5.1292,0.02041,-0.04711,-0.02401,0.0,
3173677,1000,1724.0,0.5310,-0.0622,-4.7892,-0.01159,0.05789,-0.00501,0.0,
3173697,1000,1724.0,-0.4520,0.0528,-5.5832,-0.01259,-0.00911,-0.00201,0.0,
3173717,1000,1724.0,0.6030,-0.5772,-5.2252,0.01641,0.07289,-0.00401,0.0,
3173737,1000,1724.0,0.6960,-0.5712,-4.0912,0.01841,0.10689,-0.01001,0.0,
3173757,1000,1724.0,0.6450,-0.3302,-4.5852,0.00241,0.07489,0.00099,0.0,
3173777,1000,1724.0,-0.4370,0.1058,-5.0972,-0.01159,-0.02011,-0.01201,0.0,
3173797,1000,1724.0,-0.4920,0.5128,-6.3442,-0.02559,-0.03111,-0.00901,0.0,
3173817,1000,1724.0,-0.8560,-0.6252,-4.1522,0.06141,-0.05911,-0.00301,0.0,
3173837,1000,1724.0,-1.1480,-0.1022,-6.0042,0.01741,-0.09611,0.00799,0.0,
3173857,1000,1724.0,-0.3880,-0.3752,-6.1632,0.01941,-0.03511,-0.00301,0.0,
3173877,1000,1724.0,0.0280,-0.4752,-5.3922,0.04941,-0.03211,-0.01001,0.0,
3173897,1000,1724.0,-0.2990,-0.1282,-4.7252,-0.02459,0.04289,0.01099,0.0,
3173917,1000,1724.0,0.1390,-0.0122,-5.0002,-0.01559,-0.00211,-0.01901,0.0,
3173937,1000,1724.0,1.1430,-0.5052,-5.3122,0.00641,0.13089,-0.01601,0.0,
3173957,1000,1724.0,0.2510,-0.4482,-6.1672,0.03341,0.03089,-0.01501,0.0,
3173977,1000,1724.0,1.0340,-0.4752,-5.2742,0.05141,0.15089,0.02599,0.0,
3173997,1000,1724.0,-0.5270,1.1698,-5.0072,-0.11959,0.00189,0.02099,0.0,
3174017,1000,1724.0,0.2920,-0.5982,-5.7452,0.03441,0.03689,-0.00301,0.0,
3174037,1000,1724.0,-0.6490,0.3708,-6.4252,-0.05359,-0.03011,0.02199,0.0,
3174057,1000,1724.0,0.0730,-0.3752,-6.7412,0.05841,0.00389,-0.00001,0.0,
3174077,1000,1724.0,-0.9880,-0.9322,-5.6492,0.05641,-0.13311,0.03299,0.0,
3174097,1000,1724.0,-1.2380,1.5588,-7.8492,-0.10459,-0.04611,-0.00901,0.0,
3174117,1000,1724.0,-0.8070,-3.0362,-5.6332,0.24841,-0.02811,0.01999,0.0,
3174137,1000,1724.0,-0.7670,1.4468,-6.5562,-0.05759,-0.10011,-0.00101,0.0,
3174157,1000,1724.0,1.5530,-0.9492,-5.5482,0.00041,0.21489,0.01399,0.0,
3174177,1000,1724.0,0.2720,-0.9372,-6.0762,0.01041,0.13589,0.01899,0.0,
3174197,1000,1724.0,-0.9820,0.3118,-6.3002,0.04141,-0.16111,-0.00301,0.0,
3174217,1000,1724.0,1.4600,-0.6362,-4.5312,0.00141,0.20089,0.04199,0.0,
3174237,1000,1724.0,0.8520,0.7858,-6.5102,-0.11459,0.10689,-0.03201,0.0,
3174257,1000,1724.0,-1.2350,0.6758,-6.7072,-0.01259,-0.09811,0.01599,0.0,
3174277,1000,1724.0,-0.3440,-0.7252,-6.5122,0.07941,-0.01811,0.03899,0.0,
3174297,1000,1724.0,0.4530,-0.4602,-6.7992,0.04241,0.08089,-0.03801,0.0,
3174317,1000,1724.0,-0.2040,1.3668,-6.2292,-0.12459,-0.03311,0.02499,0.0,
3174337,1000,1724.0,-1.1020,-0.1812,-6.7542,0.03141,-0.12511,-0.00001,0.0,
3174357,1000,1724.0,-0.4150,-0.7202,-7.2952,0.02441,0.01789,-0.00001,0.0,
3174377,1000,1724.0,-1.5450,-0.1322,-6.5182,0.03441,-0.11511,0.02599,0.0,
3174397,1000,1724.0,1.0260,1.8788,-6.8152,-0.17959,0.02989,-0.01401,0.0,
3174417,1000,1724.0,2.1870,-1.3742,-5.8572,0.04241,0.27789,0.00699,0.0,
3174437,1000,1724.0,-0.3160,-0.6682,-5.3862,0.08541,0.01789,0.01899,0.0,
3174457,1000,1724.0,-0.8000,0.4478,-5.2722,-0.02159,0.02389,0.00599,0.0,
3174477,1000,1724.0,1.9800,0.3608,-6.4272,-0.10459,0.16989,0.02899,0.0,
3174497,1000,1724.0,0.3230,-0.6822,-5.8882,0.04541,-0.00011,-0.03001,0.0,
3174517,1000,1724.0,-3.1220,0.9168,-8.4042,-0.02559,-0.23811,0.01799,0.0,
3174537,1000,1724.0,-1.2930,-0.9962,-6.7822,0.06541,-0.11011,0.02099,0.0,
3174557,1000,1724.0,0.9150,0.8288,-6.8282,-0.06559,0.09689,-0.02301,0.0,
3174577,1000,1724.0,-1.1300,-0.8972,-7.6542,0.03641,-0.10611,0.04599,0.0,
3174597,1000,1724.0,-1.3980,-0.1742,-5.9802,0.02441,-0.15111,-0.01401,0.0,
3174617,1000,1724.0,1.2390,-0.5302,-5.7612,0.06541,0.13189,0.01399,0.0,
3174637,1000,1724.0,-0.0620,-0.8082,-6.0942,0.03441,0.04889,0.03299,0.0,
3174657,1000,1724.0,0.8820,2.4278,-5.4732,-0.23859,0.06689,-0.02801,0.0,
3174677,1000,1724.0,0.3740,-1.2882,-6.3822,0.11241,0.07689,0.01399,0.0,
3174697,1000,1724.0,-0.1050,-1.9742,-5.6822,0.15241,0.07889,0.03399,0.0,
3174717,1000,1724.0,-0.9620,1.9958,-5.0382,-0.15159,-0.09011,-0.01401,0.0,
3174737,1000,1724.0,1.3360,-0.8322,-6.5022,0.05141,0.14489,0.01899,0.0,
3174757,1000,1724.0,-1.0570,-0.3692,-6.2622,0.05341,-0.06211,-0.00401,0.0,
3174777,1000,1724.0,-2.4350,0.7218,-5.9552,-0.01859,-0.21511,0.00099,0.0,
3174797,1000,1724.0,-0.0250,-0.4062,-8.4462,0.03241,-0.02311,0.02899,0.0,
3174817,1000,1724.0,-0.0820,-0.6962,-7.0422,0.00941,-0.03511,-0.00301,0.0,
3174837,1000,1724.0,-2.3050,0.5488,-6.8192,-0.07559,-0.15911,0.00099,0.0,
3174857,1000,1724.0,0.8980,-0.7682,-7.4012,0.11041,0.05389,0.03799,0.0,
3174877,1000,1724.0,1.5510,-0.7122,-4.2312,0.04541,0.20389,-0.00401,0.0,
3174897,1000,1724.0,-0.4030,-0.0092,-5.7602,-0.03859,-0.00411,0.00399,0.0,
3174917,1000,1724.0,0.8660,0.2238,-7.0852,-0.01459,0.04389,0.00299,0.0,
3174937,1000,1724.0,0.3460,-1.2962,-4.3742,0.13041,0.15689,0.03399,0.0,
3174957,1000,1724.0,-2.1920,-1.0342,-7.0522,0.07241,-0.19111,0.00999,0.0,
3174977,1000,1724.0,0.3630,1.3358,-6.0012,-0.10759,0.02789,-0.01301,0.0,
3174997,1000,1724.0,-0.3840,-0.2352,-6.2142,0.02341,-0.00911,0.01999,0.0,
3175017,1000,1724.0,-2.6420,-1.1752,-6.4022,0.14941,-0.23111,-0.00401,0.0,
3175037,1000,1724.0,0.8700,1.4038,-6.0802,-0.05859,0.01089,0.03599,0.0,
3175057,1000,1724.0,0.4090,-0.3122,-6.8732,-0.05359,0.10989,0.01399,0.0,
3175077,1000,1724.0,-1.4550,-0.0862,-6.9032,-0.03159,-0.13111,-0.03901,0.0,
3175097,1000,1724.0,-0.4650,0.7798,-5.3212,-0.04759,0.00489,0.03499,0.0,
3175117,1000,1724.0,0.2700,-1.3542,-5.7582,0.11841,0.06289,0.00399,0.0,
3175137,1000,1724.0,-0.1340,1.4428,-6.6112,-0.12359,0.06889,-0.05801,0.0,
3175157,1000,1724.0,0.9000,-0.0542,-6.2002,-0.02859,0.03489,0.03399,0.0,
3175177,1000,1724.0,-0.4110,-0.1382,-6.2612,0.05641,-0.04411,-0.01201,0.0,
3175197,1000,1724.0,-0.1970,-0.5662,-5.2102,0.09041,0.06589,0.01399,0.0,
3175217,1000,1724.0,-0.7380,-0.4182,-6.9472,-0.01059,-0.07111,0.02499,0.0,
3175237,1000,1724.0,-0.5710,1.2418,-8.4332,-0.08159,-0.14411,-0.01401,0.0,
3175257,1000,1724.0,-0.7170,-1.2932,-6.4992,0.08541,-0.01611,0.00999,0.0,
3175277,1000,1724.0,-1.6750,-0.4262,-6.6172,0.02741,-0.11311,0.03199,0.0,
3175297,1000,1724.0,-0.0770,0.9148,-6.0452,-0.07959,-0.06911,-0.01601,0.0,
3175317,1000,1724.0,1.0880,-0.5312,-6.1162,-0.01559,0.10589,-0.00201,0.0,
3175337,1000,1724.0,-0.2280,-0.4542,-6.1472,0.08441,0.01889,-0.02001,0.0,
3175357,1000,1724.0,0.6980,0.1918,-5.2822,-0.00559,0.05289,0.01399,0.0,
3175377,1000,1724.0,0.4750,-0.4812,-5.9702,-0.02859,0.06689,0.00399,0.0,
3175397,1000,1724.0,0.9040,1.0368,-4.3172,-0.10159,0.11289,-0.03501,0.0,
3175417,1000,1724.0,-0.9920,0.5628,-6.8812,-0.04459,-0.03711,0.02799,0.0,
3175437,1000,1724.0,-0.5640,-1.3672,-5.9202,0.12241,-0.05411,0.01699,0.0,
3175457,1000,1724.0,-0.9360,0.9098,-5.2702,-0.06059,-0.00111,0.00699,0.0,
3175477,1000,1724.0,-1.5240,-0.6482,-7.5322,0.03441,-0.17911,-0.00201,0.0,
3175497,1000,1724.0,0.4500,0.2348,-5.6062,0.01041,0.03189,0.00399,0.0,
3175517,1000,1724.0,-0.2930,-0.9152,-6.0052,0.11441,0.04989,0.02199,0.0,
3175537,1000,1724.0,-0.7940,-0.5532,-7.2552,0.04741,-0.12611,-0.00201,0.0,
3175557,1000,1724.0,0.4180,1.2388,-6.2432,-0.13859,0.04189,-0.00001,0.0,
3175577,1000,1724.0,-0.6950,-1.3462,-7.2672,0.11041,-0.07311,0.01799,0.0,
3175597,1000,1724.0,0.1160,-1.1012,-5.0182,0.10341,0.05489,-0.01501,0.0,
3175617,1000,1724.0,1.5860,0.7948,-5.1452,-0.10159,0.20189,0.01699,0.0,
3175637,1000,1724.0,0.9640,-0.9892,-5.6042,0.09641,0.12789,-0.00501,0.0,
3175657,1000,1724.0,0.0380,1.1508,-5.4662,-0.09459,0.03989,-0.00601,0.0,
3175677,1000,1724.0,0.0820,-1.4472,-5.4072,0.10541,0.04989,0.04899,0.0,
3175697,1000,1724.0,-0.9010,-0.5272,-7.2562,0.04841,-0.12811,-0.00801,0.0,
3175717,1000,1724.0,-0.8090,0.9128,-5.8942,-0.09759,-0.06411,0.00699,0.0,
3175737,1000,1724.0,-0.9710,-0.6912,-6.4732,0.01141,-0.03711,0.01299,0.0,
3175757,1000,1724.0,-0.4610,-0.0422,-7.0112,0.07041,-0.03811,-0.00101,0.0,
3175777,1000,1724.0,-1.5240,-1.2582,-6.3722,0.06941,-0.09911,0.01299,0.0,
3175797,1000,1724.0,-0.3510,-0.1252,-5.6452,-0.01059,-0.11311,-0.01701,0.0,
3175817,1000,1724.0,1.2460,0.3828,-5.3062,-0.00859,0.18989,0.02699,0.0,
3175837,1000,1724.0,-0.5940,-1.2062,-3.2702,0.06241,0.02889,0.01199,0.0,
3175857,1000,1724.0,0.2870,0.2068,-6.4252,-0.04859,0.03389,-0.01101,0.0,
3175877,1000,1724.0,1.6900,1.6268,-6.6442,-0.15659,0.14589,0.02699,0.0,
3175897,1000,1724.0,-0.6240,-1.3252,-5.0692,0.05841,0.00289,-0.01501,0.0,
3175917,1000,1724.0,-1.0470,0.1378,-6.0842,0.00141,-0.03611,-0.00101,0.0,
3175937,1000,1724.0,1.9080,-0.5842,-5.2982,0.03641,0.12289,0.04599,0.0,
3175957,1000,1724.0,-2.7070,-0.0692,-7.6722,0.02441,-0.17411,-0.03601,0.0,
3175977,1000,1724.0,-0.7750,1.2718,-6.3302,-0.08659,-0.03211,-0.01001,0.0,
3175997,1000,1724.0,-0.4630,-0.7682,-7.7922,0.07741,-0.08111,0.04999,0.0,
3176017,1000,1724.0,-1.7700,0.3248,-6.9102,-0.00759,-0.16211,-0.00301,0.0,
3176037,1000,1724.0,-0.5780,0.3588,-6.0992,-0.09459,-0.04111,-0.00201,0.0,
3176057,1000,1724.0,1.8730,0.0988,-6.5792,0.02141,0.14789,0.01099,0.0,
3176077,1000,1724.0,0.8900,-0.1052,-5.9692,0.01241,0.19789,0.00799,0.0,
3176097,1000,1724.0,-0.4320,-1.0292,-6.2162,0.05641,0.00489,0.00099,0.0,
3176117,1000,1724.0,2.5140,0.3998,-7.0362,-0.00459,0.24489,0.00499,0.0,
3176137,1000,1724.0,-0.5210,0.5248,-5.2412,-0.06459,0.00789,-0.00901,0.0,
3176157,1000,1724.0,-2.4540,-2.1462,-6.7632,0.17241,-0.20111,-0.00301,0.0,
3176177,1000,1724.0,0.7590,0.4098,-6.4442,-0.03359,0.09489,0.02999,0.0,
3176197,1000,1724.0,-1.3610,1.0138,-7.0892,-0.10659,-0.14411,0.01699,0.0,
3176217,1000,1724.0,-1.3560,-0.0102,-7.2512,-0.00759,-0.12211,-0.01901,0.0,
3176237,1000,1724.0,0.0510,0.5588,-5.0252,0.02341,0.09989,0.04199,0.0,
3176257,1000,1724.0,-0.7720,-1.7312,-6.6292,0.13741,-0.16111,0.01799,0.0,
3176277,1000,1724.0,-0.8050,0.7558,-5.7642,-0.05959,-0.03411,-0.00401,0.0,
3176297,1000,1724.0,1.6510,0.3168,-5.8782,-0.05259,0.19689,0.01899,0.0,
3176317,1000,1724.0,0.8680,-1.0652,-6.3102,0.06441,0.02389,0.01099,0.0,
3176337,1000,1724.0,-0.7190,0.1228,-5.5502,0.01341,0.05189,0.01199,0.0,
3176357,1000,1724.0,0.1330,-1.0062,-5.1572,0.04341,0.04789,0.01099,0.0,
3176377,1000,1724.0,-0.7500,-0.1932,-5.8252,0.01041,-0.09211,-0.03301,0.0,
3176397,1000,1724.0,-0.4550,0.3448,-6.4912,0.01241,0.04189,0.00799,0.0,
3176417,1000,1724.0,-1.1470,-2.4512,-6.4412,0.22941,-0.09211,0.01499,0.0,
3176437,1000,1724.0,-0.4990,1.1288,-8.5142,-0.10559,-0.06611,-0.00201,0.0,
3176457,1000,1724.0,-0.6750,0.8578,-6.7292,-0.08359,-0.08311,0.01099,0.0,
3176477,1000,1724.0,-1.3820,-0.7542,-6.2882,0.02441,-0.10211,-0.00001,0.0,
3176497,1000,1724.0,0.9730,-0.9202,-5.1822,0.09241,0.10989,0.03199,0.0,
3176517,1000,1724.0,0.0240,0.2498,-5.8802,-0.03959,0.03589,0.02499,0.0,
3176537,1000,1724.0,-0.0520,0.5338,-6.5702,-0.03059,0.01789,-0.01301,0.0,
3176557,1000,1724.0,1.3110,-0.1912,-5.3042,-0.00959,0.18689,-0.01101,0.0,
3176577,1000,1724.0,-0.1810,-1.5652,-5.5412,0.14741,0.00889,0.02799,0.0,
3176597,1000,1724.0,-0.6080,1.0658,-6.2102,-0.06559,-0.00711,-0.00701,0.0,
3176617,1000,1724.0,-0.2940,-0.5232,-6.4812,-0.02659,-0.01411,0.00699,0.0,
3176637,1000,1724.0,-0.4230,0.4158,-7.2302,-0.03559,-0.05611,0.00799,0.0,
3176657,1000,1724.0,-1.8890,0.3698,-7.3802,0.02141,-0.09711,0.01099,0.0,
3176677,1000,1724.0,-0.8690,-3.4572,-6.5802,0.21941,-0.13311,-0.00501,0.0,
3176697,1000,1724.0,1.6590,1.7808,-5.2672,-0.14859,0.14889,0.01299,0.0,
3176717,1000,1724.0,-0.9380,-0.3732,-5.8652,0.02641,-0.03711,-0.00301,0.0,
3176737,1000,1724.0,0.3820,-2.3522,-3.1192,0.13541,0.05689,0.01299,0.0,
3176757,1000,1724.0,1.7360,0.5868,-6.1752,-0.04159,0.23389,0.00199,0.0,
3176777,1000,1724.0,-0.7910,0.0038,-6.7882,-0.02559,-0.15911,0.00099,0.0,
3176797,1000,1724.0,-0.3260,-0.1432,-5.5892,-0.03659,0.07189,-0.00601,0.0,
3176817,1000,1724.0,0.2660,0.1378,-7.2852,0.02941,0.09289,0.01599,0.0,
3176837,1000,1724.0,-0.4450,-0.8912,-5.4662,0.11741,-0.07011,0.01599,0.0,
3176857,1000,1724.0,-2.1650,1.8948,-7.6032,-0.21559,-0.08211,-0.01801,0.0,
3176877,1000,1724.0,0.8350,-0.7292,-6.5942,0.02441,0.01689,0.00299,0.0,
3176897,1000,1724.0,-0.7040,0.6268,-7.0762,-0.01359,-0.12711,0.01299,0.0,
3176917,1000,1724.0,-1.8840,-0.5662,-7.0652,0.03441,-0.07311,0.01099,0.0,
3176937,1000,1724.0,1.8630,-1.7152,-6.1832,0.06641,0.11189,-0.01701,0.0,
3176957,1000,1724.0,0.6950,1.6508,-5.1262,-0.14059,0.06989,0.01599,0.0,
3176977,1000,1724.0,-0.7920,-0.3572,-5.0902,-0.01259,0.10089,0.01399,0.0,
3176997,1000,1724.0,-0.0760,-1.1032,-5.5162,0.12941,-0.05211,0.01199,0.0,
3177017,1000,1724.0,1.7810,1.0548,-6.0562,-0.07659,0.20889,0.00799,0.0,
3177037,1000,1724.0,-1.8500,0.6058,-6.9742,-0.08759,-0.15411,0.00599,0.0,
3177057,1000,1724.0,-0.7090,-1.1812,-7.0412,0.07941,-0.08811,-0.01801,0.0,
3177077,1000,1724.0,0.3420,0.2548,-6.9252,-0.00559,0.10489,0.02499,0.0,
3177097,1000,1724.0,-2.3680,-1.4792,-6.7592,0.11241,-0.26811,-0.00401,0.0,
3177117,1000,1724.0,-0.9050,1.9648,-6.8882,-0.18159,-0.05411,-0.01501,0.0,
3177137,1000,1724.0,1.6650,-0.2282,-5.5672,0.00841,0.18689,0.01099,0.0,
3177157,1000,1724.0,-0.7020,-0.4662,-5.4322,0.01341,-0.09811,0.01499,0.0,
3177177,1000,1724.0,-0.1570,1.4428,-6.1692,-0.09859,0.07689,-0.00501,0.0,
3177197,1000,1724.0,2.1190,-2.6772,-4.2652,0.13541,0.22789,-0.00901,0.0,
3177217,1000,1724.0,1.3040,0.4788,-5.4192,-0.07959,0.09589,0.01399,0.0,
3177237,1000,1724.0,-1.7570,0.9238,-6.2772,-0.04059,-0.08911,-0.00201,0.0,
3177257,1000,1724.0,-0.4370,-2.6602,-6.1512,0.21941,-0.02911,0.04399,0.0,
3177277,1000,1724.0,0.7710,1.1258,-8.0492,-0.03459,0.00189,-0.02601,0.0,
3177297,1000,1724.0,-1.6410,1.7498,-6.8182,-0.20359,-0.12911,-0.01501,0.0,
3177317,1000,1724.0,0.0540,-1.3702,-6.7432,0.07741,0.05989,0.02599,0.0,
3177337,1000,1724.0,0.2110,0.2118,-5.9132,-0.00159,0.05489,0.00599,0.0,
3177357,1000,1724.0,-0.2670,-0.8572,-5.7482,0.01541,-0.08911,-0.01401,0.0,
3177377,1000,1724.0,0.0030,0.2178,-6.8262,-0.02359,0.01489,-0.00301,0.0,
3177397,1000,1724.0,1.7810,-0.0982,-5.7322,-0.00759,0.26889,-0.00401,0.0,
3177417,1000,1724.0,-1.1290,0.2988,-6.7522,0.00341,-0.11311,0.01899,0.0,
3177437,1000,1724.0,0.4050,1.2508,-6.5502,-0.08459,0.08589,0.02499,0.0,
3177457,1000,1724.0,1.6080,-0.0172,-6.4612,-0.04859,0.17089,-0.01201,0.0,
3177477,1000,1724.0,-0.9040,-1.0122,-6.1062,0.04441,-0.12411,-0.00201,0.0,
3177497,1000,1724.0,-0.9690,1.0658,-7.7962,-0.04359,-0.03611,0.04799,0.0,
3177517,1000,1724.0,-0.8560,-1.1692,-7.2362,0.06641,-0.08111,0.01399,0.0,
3177537,1000,1724.0,0.7790,-0.0902,-5.3912,-0.00859,0.07289,-0.04301,0.0,
3177557,1000,1724.0,-0.2210,2.3808,-6.9892,-0.18359,0.02089,0.02599,0.0,
3177577,1000,1724.0,-0.1070,-0.7522,-6.1492,0.05841,-0.00211,-0.00801,0.0,
3177597,1000,1724.0,0.3450,-0.3522,-5.2742,-0.01059,0.16889,0.01299,0.0,
3177617,1000,1724.0,0.1550,0.6978,-7.0702,-0.08859,-0.11411,0.00299,0.0,
3177637,1000,1724.0,0.1190,-0.0302,-4.6332,-0.04459,0.05689,-0.00601,0.0,
3177657,1000,1724.0,0.5920,-0.6262,-6.5282,0.03941,0.12789,0.00899,0.0,
3177677,1000,1724.0,-1.3710,-0.6782,-7.4012,0.10141,-0.12011,0.02899,0.0,
3177697,1000,1724.0,-1.7640,1.1638,-5.7292,-0.09359,-0.09211,-0.00301,0.0,
3177717,1000,1724.0,0.7780,-1.1462,-7.7182,0.05641,0.08689,-0.02501,0.0,
3177737,1000,1724.0,-1.5750,-1.1562,-5.7262,0.10741,-0.15811,0.04899,0.0,
3177757,1000,1724.0,-1.7870,1.9168,-6.5082,-0.11959,-0.21111,0.00599,0.0,
3177777,1000,1724.0,0.2600,-2.4052,-6.7162,0.09741,0.03089,0.00199,0.0,
3177797,1000,1724.0,1.6740,1.3528,-5.4102,-0.10059,0.16989,-0.01801,0.0,
3177817,1000,1724.0,-0.4030,1.8848,-6.3382,-0.12659,0.01489,0.01599,0.0,
3177837,1000,1724.0,-0.2670,-2.5462,-5.7572,0.19241,0.01289,-0.00201,0.0,
3177857,1000,1724.0,1.0870,0.3728,-5.8822,-0.01259,0.16189,0.01299,0.0,
3177877,1000,1724.0,-1.5240,1.0698,-6.2342,-0.06259,-0.13511,-0.02301,0.0,
3177897,1000,1724.0,-0.3940,-1.2952,-6.2462,0.06141,-0.03411,0.00399,0.0,
3177917,1000,1724.0,-0.7800,0.6728,-6.2802,-0.02059,0.05389,0.03299,0.0,
3177937,1000,1724.0,-3.8560,-0.0812,-8.5442,-0.00259,-0.37711,0.01899,0.0,
3177957,1000,1724.0,0.0100,-0.2472,-7.4952,-0.02859,0.03189,-0.00701,0.0,
3177977,1000,1724.0,0.6450,-0.2952,-6.0492,0.08041,0.10089,0.03399,0.0,
3177997,1000,1724.0,-2.4750,-1.5732,-7.6732,0.15041,-0.31311,0.04799,0.0,
3178017,1000,1724.0,-1.3100,-0.6572,-6.8232,0.08141,-0.12011,0.03299,0.0,
3178037,1000,1724.0,-1.7050,-1.2852,-7.2012,0.08141,-0.15611,0.01399,0.0,
3178057,1000,1724.0,0.9980,-0.7592,-6.4312,0.01841,0.05589,0.00299,0.0,
3178077,1000,1724.0,1.2530,-0.0882,-7.3452,-0.01659,0.09689,0.04099,0.0,
3178097,1000,1724.0,1.9080,-2.3972,-6.2002,0.14041,0.14689,0.01999,0.0,
3178117,1000,1724.0,-0.3100,0.5438,-7.5252,-0.01459,0.02889,0.02599,0.0,
3178137,1000,1724.0,-1.9720,1.6968,-6.5922,-0.17259,-0.11111,0.02799,0.0,
3178157,1000,1724.0,-0.0720,0.0258,-6.3172,-0.01259,0.06989,0.01999,0.0,
3178177,1000,1724.0,-0.4090,-0.4162,-8.1042,0.12841,-0.01011,0.02299,0.0,
3178197,1000,1724.0,-0.6920,-0.3262,-7.1162,-0.01559,-0.06011,0.02299,0.0,
3178217,1000,1724.0,-1.0730,1.2568,-6.7462,-0.11059,-0.07711,0.02299,0.0,
3178237,1000,1724.0,-1.5990,-0.2562,-8.0322,-0.00159,-0.17611,0.03199,0.0,
3178257,1000,1724.0,-1.6440,-1.3442,-7.1292,0.03341,-0.09411,0.02399,0.0,
3178277,1000,1724.0,0.1160,-1.1212,-7.3282,0.12541,0.01289,0.02199,0.0,
3178297,1000,1724.0,2.7160,-0.3632,-7.0342,-0.01959,0.26989,0.00799,0.0,
3178317,1000,1724.0,1.0320,1.6068,-5.9922,-0.14959,0.18189,0.01999,0.0,
3178337,1000,1724.0,-1.4170,1.2528,-6.4852,-0.03759,-0.08611,0.02199,0.0,
3178357,1000,1724.0,-0.5880,0.7628,-7.4282,-0.07659,0.01989,0.01899,0.0,
3178377,1000,1724.0,1.2050,-0.6352,-6.9442,0.03941,0.12589,0.00399,0.0,
3178397,1000,1724.0,-1.0750,-2.5132,-7.3382,0.18341,-0.08111,0.02299,0.0,
3178417,1000,1724.0,0.0360,-1.4622,-7.9382,0.08241,-0.00511,0.05199,0.0,
3178437,1000,1724.0,-0.6420,0.6178,-6.9602,0.01341,-0.09111,0.03999,0.0,
3178457,1000,1724.0,-1.3020,0.6338,-7.7532,-0.07859,-0.08511,0.00199,0.0,
3178477,1000,1724.0,-0.5580,-1.0402,-6.8332,0.05241,-0.03111,-0.01601,0.0,
3178497,1000,1724.0,-1.0000,-0.2832,-6.2372,0.08241,0.02889,0.01699,0.0,
3178517,1000,1724.0,1.4320,0.5198,-7.9552,-0.11059,0.11389,0.04399,0.0,
3178537,1000,1724.0,2.1610,1.2048,-4.5572,-0.13959,0.24289,0.02799,0.0,
3178557,1000,1724.0,-0.4580,-1.4792,-8.4822,0.13441,-0.04111,0.03599,0.0,
3178577,1000,1724.0,-0.4820,-1.5762,-7.4312,0.09541,-0.05911,0.03499,0.0,
3178597,1000,1724.0,1.3720,-0.9942,-6.0802,0.08741,0.14189,-0.03601,0.0,
3178617,1000,1724.0,-0.2370,-1.4282,-7.5912,0.05641,-0.02011,-0.02101,0.0,
3178637,1000,1724.0,-0.8580,1.1388,-6.1102,-0.05659,0.02589,0.04999,0.0,
3178657,1000,1724.0,-1.0930,1.8818,-8.7452,-0.09059,-0.01611,0.07399,0.0,
3178677,1000,1724.0,-0.4000,-0.2532,-7.5352,-0.03159,0.01489,-0.00101,0.0,
3178697,1000,1724.0,-0.4320,-0.6162,-7.5802,0.10241,-0.00111,0.00099,0.0,
3178717,1000,1724.0,-1.0680,-2.0952,-7.9622,0.13241,-0.11711,0.01399,0.0,
3178737,1000,1724.0,-0.2780,-0.6962,-6.6812,0.04241,-0.08311,0.01099,0.0,
3178757,1000,1724.0,0.1340,-0.0982,-7.5662,0.02441,-0.00611,0.02399,0.0,
3178777,1000,1724.0,0.4530,-0.9642,-7.1382,0.01241,0.07689,0.02799,0.0,
3178797,1000,1724.0,0.1950,0.7268,-6.2952,-0.04059,0.17789,0.03599,0.0,
3178817,1000,1724.0,0.1680,0.4508,-6.1282,-0.03959,-0.00411,-0.01201,0.0,
3178837,1000,1724.0,1.2720,2.2518,-6.8122,-0.26159,0.20489,0.00799,0.0,
3178857,1000,1724.0,-0.1650,-0.5162,-7.6102,0.07341,0.04289,0.04399,0.0,
3178877,1000,1724.0,-2.2690,-0.8982,-7.3502,0.05941,-0.18511,0.03699,0.0,
3178897,1000,1724.0,-1.0190,-1.9592,-7.9962,0.16441,-0.09411,-0.00601,0.0,
3178917,1000,1724.0,-0.1550,-0.7722,-6.7262,0.06541,-0.01311,0.03699,0.0,
3178937,1000,1724.0,-0.5210,-0.2742,-6.3262,-0.04259,-0.00111,0.03499,0.0,
3178957,1000,1724.0,-1.4610,0.3778,-8.7072,-0.02259,-0.16411,0.03799,0.0,
3178977,1000,1724.0,-0.1670,1.8258,-7.1202,-0.15259,0.01489,0.01899,0.0,
3178997,1000,1724.0,-0.0400,0.4648,-7.5842,-0.03759,0.05789,0.00399,0.0,
3179017,1000,1724.0,0.1060,-0.8772,-6.8202,0.11341,0.06389,0.03599,0.0,
3179037,1000,1724.0,0.8070,-1.2612,-6.9712,0.07641,0.11589,0.03499,0.0,
3179057,1000,1724.0,1.1280,-0.3452,-6.5582,0.00041,0.09789,0.02699,0.0,
3179077,1000,1724.0,0.1460,-0.5592,-6.3592,-0.03159,0.05189,0.03799,0.0,
3179097,1000,1724.0,-2.0490,-1.4052,-6.4312,0.05941,-0.13711,-0.00001,0.0,
3179117,1000,1724.0,0.9590,0.2648,-6.5402,0.04541,0.11489,0.00299,0.0,
3179137,1000,1724.0,0.4380,0.2238,-7.5322,0.00041,0.06289,-0.00001,0.0,
3179157,1000,1724.0,-0.4930,1.5068,-8.4002,-0.13659,0.03889,0.03999,0.0,
3179177,1000,1724.0,-0.1980,0.0478,-7.2192,0.02541,0.04489,0.05699,0.0,
3179197,1000,1724.0,-1.4620,-0.9812,-8.0962,0.02241,-0.14511,0.01299,0.0,
3179217,1000,1724.0,-0.7990,-0.5272,-6.4512,-0.02059,-0.02411,0.02399,0.0,
3179237,1000,1724.0,-0.1330,-2.4212,-6.5462,0.18841,-0.02411,0.02299,0.0,
3179257,1000,1724.0,1.3090,-0.5972,-7.1922,0.05041,0.02689,-0.00201,0.0,
3179277,1000,1724.0,0.6700,0.3878,-6.2882,0.00241,0.06389,0.02199,0.0,
3179297,1000,1724.0,-0.0710,0.1638,-7.1312,-0.09459,0.04989,0.00399,0.0,
3179317,1000,1724.0,0.7670,0.6098,-6.3522,-0.07059,0.15689,0.02299,0.0,
3179337,1000,1724.0,-0.2550,-1.0272,-7.7692,0.12741,0.10989,0.02499,0.0,
3179357,1000,1724.0,-0.0330,0.1718,-8.1982,-0.06059,0.05289,0.02199,0.0,
3179377,1000,1724.0,1.6150,0.6128,-8.2152,-0.03559,0.11089,0.04099,0.0,
3179397,1000,1724.0,0.1790,-0.9352,-7.0052,0.08741,-0.09311,0.03099,0.0,
3179417,1000,1724.0,-2.6400,-1.6962,-6.6982,0.10141,-0.13911,0.01299,0.0,
3179437,1000,1724.0,-2.3200,-0.7382,-8.5362,0.08241,-0.20311,0.00399,0.0,
3179457,1000,1724.0,1.2540,-0.2332,-7.0302,-0.03459,0.10689,0.01399,0.0,
3179477,1000,1724.0,0.3930,0.3598,-7.3542,0.03741,0.09289,0.02699,0.0,
3179497,1000,1724.0,-0.5240,1.7188,-8.4912,-0.12059,-0.01411,0.04499,0.0,
3179517,1000,1724.0,1.1240,-0.3032,-6.4562,-0.04559,0.14189,0.02599,0.0,
3179537,1000,1724.0,-0.5130,-0.1782,-6.9482,0.04441,-0.00511,0.01099,0.0,
3179557,1000,1724.0,1.3240,-1.5972,-7.6502,0.05441,0.17989,0.01399,0.0,
3179577,1000,1724.0,0.8310,-1.5302,-5.5462,0.08541,0.07389,0.02099,0.0,
3179597,1000,1724.0,0.9220,-0.2872,-6.5722,0.01441,0.06989,0.04799,0.0,
3179617,1000,1724.0,-0.6230,0.1448,-6.7902,-0.07859,-0.03511,0.01199,0.0,
3179637,1000,1724.0,-2.3770,0.5588,-6.6862,0.00741,-0.15111,0.01599,0.0,
3179657,1000,1724.0,-1.1020,-0.1382,-8.6692,0.05641,-0.04211,0.00899,0.0,
3179677,1000,1724.0,0.5820,1.8228,-7.8812,-0.17759,-0.03011,0.01499,0.0,
3179697,1000,1724.0,0.0600,0.1518,-7.2872,-0.02059,0.08689,0.02699,0.0,
3179717,1000,1724.0,-2.2000,-1.3952,-7.4082,0.06341,-0.12211,0.06099,0.0,
3179737,1000,1724.0,-0.5110,-0.9222,-6.3732,0.03241,-0.01911,0.04499,0.0,
3179757,1000,1724.0,0.3010,-1.2492,-6.7312,0.14341,-0.00111,-0.01401,0.0,
3179777,1000,1724.0,-0.1200,-0.6382,-7.6232,0.01341,-0.01511,-0.01201,0.0,
3179797,1000,1724.0,1.9800,-0.3572,-4.9982,0.03841,0.22389,0.03699,0.0,
3179817,1000,1724.0,0.2390,0.0758,-6.9982,0.00341,0.02889,0.01099,0.0,
3179837,1000,1724.0,0.6240,1.2548,-7.5532,-0.13859,0.10989,0.02399,0.0,
3179857,1000,1724.0,0.7640,1.0878,-8.2552,-0.05859,0.17889,0.04099,0.0,
3179877,1000,1724.0,-0.9490,-1.0602,-7.9822,0.09141,-0.01111,0.02599,0.0,
3179897,1000,1724.0,0.6070,-0.3772,-6.6252,0.06041,-0.03511,0.02099,0.0,
3179917,1000,1724.0,-1.4640,-1.1172,-7.5452,0.09441,-0.10511,0.01399,0.0,
3179937,1000,1724.0,-0.3640,-0.9282,-6.5052,-0.02359,-0.03611,0.02499,0.0,
3179957,1000,1724.0,-1.1250,-1.3472,-8.9782,0.16641,-0.08011,0.01999,0.0,
3179977,1000,1724.0,0.8590,0.3058,-8.2942,-0.04759,0.14489,0.00199,0.0,
3179997,1000,1724.0,1.2280,1.1148,-7.7842,-0.10759,0.14689,0.01799,0.0,
3180017,1000,1724.0,-0.0650,0.3268,-6.5662,-0.00759,0.01489,0.04899,0.0,
3180037,1000,1724.0,0.6340,-0.7252,-5.5492,0.00441,0.13989,0.00999,0.0,
3180057,1000,1724.0,0.0490,-0.3602,-6.6082,0.01241,0.03389,0.01599,0.0,
3180077,1000,1724.0,-0.9640,-0.8412,-6.9772,0.01841,-0.08211,0.02499,0.0,
3180097,1000,1724.0,0.4270,-0.7482,-7.2202,0.02241,0.08489,0.04099,0.0,
3180117,1000,1724.0,0.1490,-0.7572,-5.8532,0.11741,-0.01011,0.05499,0.0,
3180137,1000,1724.0,1.0950,0.2538,-7.2992,-0.09259,0.09789,0.01699,0.0,
3180157,1000,1724.0,-2.6350,1.6268,-9.3322,-0.13759,-0.20011,-0.02201,0.0,
3180177,1000,1724.0,-0.4600,-0.3112,-7.4382,0.04741,-0.00311,0.00099,0.0,
3180197,1000,1724.0,-0.2750,-0.2392,-7.3092,0.04941,-0.04711,0.03399,0.0,
3180217,1000,1724.0,-0.5270,0.8188,-7.0862,-0.04059,0.03889,0.03199,0.0,
3180237,1000,1724.0,1.1630,-1.4002,-5.9732,0.05541,0.08289,0.04699,0.0,
3180257,1000,1724.0,0.9430,-0.8222,-7.3412,0.04341,0.12889,0.05999,0.0,
3180277,1000,1724.0,-1.6070,-0.4152,-7.4692,0.03141,0.00089,0.01199,0.0,
3180297,1000,1724.0,-0.7900,-1.2252,-6.9262,0.05341,-0.07611,-0.00901,0.0,
3180317,1000,1724.0,0.3690,0.6198,-6.5772,-0.00959,-0.01111,0.00199,0.0,
3180337,1000,1724.0,0.5180,1.1888,-8.4932,-0.01559,0.04289,0.02399,0.0,
3180357,1000,1724.0,0.3330,0.3718,-7.1192,-0.04259,0.06489,0.04199,0.0,
3180377,1000,1724.0,0.2920,0.3078,-6.6222,-0.03559,0.10789,0.03399,0.0,
3180397,1000,1724.0,-1.5950,-0.2682,-8.9322,-0.04859,-0.07311,0.03699,0.0,
3180417,1000,1724.0,-2.4430,-2.0502,-6.5432,0.13041,-0.23911,0.02399,0.0,
3180437,1000,1724.0,-1.0500,-0.2452,-7.1442,0.03941,-0.08611,0.02799,0.0,
3180457,1000,1724.0,0.5820,-0.2672,-8.5332,-0.02259,-0.01711,0.00499,0.0,
3180477,1000,1724.0,0.8670,0.3508,-7.1172,-0.00559,0.02689,0.01099,0.0,
3180497,1000,1724.0,-1.2280,-0.3122,-7.9052,0.04941,0.01389,0.02199,0.0,
3180517,1000,1724.0,0.4880,-0.4532,-5.5802,-0.04659,0.04489,0.02099,0.0,
3180537,1000,1724.0,0.7110,0.9238,-6.7522,-0.03959,0.10689,0.02199,0.0,
3180557,1000,1724.0,1.2790,-0.2742,-5.8232,-0.02759,0.15989,0.03199,0.0,
3180577,1000,1724.0,0.5230,-0.7812,-6.3462,0.02941,0.11789,0.04399,0.0,
3180597,1000,1724.0,-0.3100,-1.1482,-6.8792,0.16141,-0.00711,0.03799,0.0,
3180617,1000,1724.0,-0.9260,-0.4592,-7.1462,-0.04459,-0.08411,0.01699,0.0,
3180637,1000,1724.0,-1.9540,-0.3262,-9.1862,0.04741,-0.18711,0.01099,0.0,
3180657,1000,1724.0,-0.9790,0.0448,-7.5272,0.03341,-0.09811,0.00899,0.0,
3180677,1000,1724.0,0.9970,0.0508,-7.3122,-0.03459,0.13389,0.02099,0.0,
3180697,1000,1724.0,0.5420,1.0568,-8.4682,-0.07459,0.04689,0.01199,0.0,
3180717,1000,1724.0,-1.2580,0.5358,-6.2652,-0.06659,-0.04711,0.01899,0.0,
3180737,1000,1724.0,-0.4610,-0.4702,-6.6502,0.08541,0.01189,0.03799,0.0,
3180757,1000,1724.0,0.4280,-0.4512,-7.1332,0.01641,0.02689,0.01399,0.0,
3180777,1000,1724.0,1.0110,-0.5312,-6.8112,-0.04659,0.09789,0.01999,0.0,
3180797,1000,1724.0,-0.2200,-0.9292,-7.9242,0.07541,0.08189,0.04899,0.0,
3180817,1000,1724.0,1.0900,-1.3952,-6.3662,0.09941,0.06289,0.03199,0.0,
3180837,1000,1724.0,0.4900,0.3498,-7.2182,-0.05259,0.09689,0.00799,0.0,
3180857,1000,1724.0,-1.6100,1.7838,-9.1802,-0.07859,-0.15511,0.01099,0.0,
3180877,1000,1724.0,-0.1380,-0.2722,-6.7402,0.01941,-0.08111,-0.00401,0.0,
3180897,1000,1724.0,0.6900,-0.1562,-6.5532,0.01541,0.11289,0.02599,0.0,
3180917,1000,1724.0,-1.6690,-0.9302,-7.8932,0.03941,-0.06911,0.02399,0.0,
3180937,1000,1724.0,-0.8710,-0.4232,-7.3232,-0.03759,-0.07111,0.02799,0.0,
3180957,1000,1724.0,0.6320,-0.8302,-6.9382,0.05741,0.09289,0.04499,0.0,
3180977,1000,1724.0,-0.7250,-1.0552,-8.5082,0.09141,-0.07711,0.02399,0.0,
3180997,1000,1724.0,0.7270,0.6158,-5.6542,-0.04459,0.05389,-0.00201,0.0,
3181017,1000,1724.0,0.5510,0.4818,-6.2482,-0.03659,0.10089,0.00299,0.0,
3181037,1000,1724.0,-1.3760,-0.4302,-7.4352,-0.02559,-0.07011,-0.01001,0.0,
3181057,1000,1724.0,-1.4110,0.4658,-6.6492,0.03741,-0.01711,0.03699,0.0,
3181077,1000,1724.0,-0.1780,1.0708,-6.9442,-0.07459,0.05489,0.05699,0.0,
3181097,1000,1724.0,1.5070,-0.5452,-6.4382,-0.01159,0.09889,0.03999,0.0,
3181117,1000,1724.0,-0.0300,-0.8542,-7.4102,0.12541,0.06089,0.02799,0.0,
3181137,1000,1724.0,-1.1300,-1.3292,-7.9442,0.04941,-0.10511,0.01299,0.0,
3181157,1000,1724.0,-1.5630,0.0058,-7.7412,-0.03959,-0.12211,0.00399,0.0,
3181177,1000,1724.0,-0.8950,-0.1142,-7.4972,0.03841,-0.08611,0.00899,0.0,
3181197,1000,1724.0,-0.6360,1.0018,-7.6012,-0.10259,-0.05511,0.01299,0.0,
3181217,1000,1724.0,0.9400,-0.2092,-6.6832,0.07441,0.09789,0.01399,0.0,
3181237,1000,1724.0,1.4840,0.3788,-5.4862,-0.10359,0.19789,0.02499,0.0,
3181257,1000,1724.0,0.9830,-0.2132,-7.5402,-0.07759,0.17889,0.02999,0.0,
3181277,1000,1724.0,-0.4960,-0.3372,-7.7472,0.06041,-0.04411,0.06199,0.0,
3181297,1000,1724.0,-1.9450,-0.7302,-7.3002,0.03941,-0.10211,0.02199,0.0,
3181317,1000,1724.0,-0.1380,-0.5552,-7.6432,0.05541,-0.02211,0.01899,0.0,
3181337,1000,1724.0,1.4760,-0.1552,-6.8692,-0.01559,0.11089,0.03599,0.0,
3181357,1000,1724.0,-0.5600,-0.6832,-6.6892,0.04241,-0.00911,0.01199,0.0,
3181377,1000,1724.0,-0.5220,-0.0642,-8.1132,0.03641,-0.02711,0.01499,0.0,
3181397,1000,1724.0,-1.0780,0.2868,-7.1362,-0.07859,-0.06611,-0.01101,0.0,
3181417,1000,1724.0,-1.1760,1.3658,-7.3872,-0.08059,-0.12511,0.02099,0.0,
3181437,1000,1724.0,0.1300,-0.5972,-8.0442,0.09141,0.03489,0.02699,0.0,
3181457,1000,1724.0,1.4030,-1.7072,-5.9692,0.06541,0.17289,0.04199,0.0,
3181477,1000,1724.0,0.7520,-0.2402,-7.4242,-0.00159,0.12089,0.04799,0.0,
3181497,1000,1724.0,-1.4340,0.9388,-7.3862,-0.15359,-0.11111,0.02499,0.0,
3181517,1000,1724.0,-1.0240,-0.6282,-5.8642,0.02441,-0.04411,0.01999,0.0,
3181537,1000,1724.0,0.8530,-0.5272,-6.0772,0.11641,0.13489,0.00299,0.0,
3181557,1000,1724.0,0.9310,1.0138,-7.7812,-0.07559,-0.01411,-0.03201,0.0,
3181577,1000,1724.0,1.2060,0.2558,-7.1002,-0.00559,0.19489,0.02599,0.0,
3181597,1000,1724.0,-0.7240,-1.0922,-8.5972,0.13741,-0.04211,0.03199,0.0,
3181617,1000,1724.0,-1.3600,-0.2062,-8.0472,-0.05759,-0.07011,0.04599,0.0,
3181637,1000,1724.0,-0.8010,0.0518,-6.4872,-0.02859,-0.03611,0.03499,0.0,
3181657,1000,1724.0,0.1660,-1.8032,-7.9422,0.12941,-0.01811,0.02699,0.0,
3181677,1000,1724.0,1.6130,-0.9302,-8.6352,0.03441,0.10489,-0.01501,0.0,
3181697,1000,1724.0,1.3490,-0.5832,-6.7182,0.09741,0.12789,0.02899,0.0,
3181717,1000,1724.0,0.4430,0.9658,-6.7432,-0.15859,0.04989,0.02199,0.0,
3181737,1000,1724.0,-0.1660,1.3928,-6.5642,-0.09659,0.00389,-0.00601,0.0,
3181757,1000,1724.0,-1.0950,-0.6472,-7.0352,0.07541,0.04189,0.02399,0.0,
3181777,1000,1724.0,0.9840,-1.1682,-6.9022,0.01741,0.07889,0.01799,0.0,
3181797,1000,1724.0,2.4190,0.8048,-6.5482,-0.05059,0.24789,0.04999,0.0,
3181817,1000,1724.0,0.2220,-1.5142,-7.4242,0.09341,0.05389,0.05199,0.0,
3181837,1000,1724.0,-1.3290,-0.4412,-6.5892,0.04641,-0.17211,0.04199,0.0,
3181857,1000,1724.0,-1.6920,0.9688,-7.6802,0.01841,-0.19011,0.03299,0.0,
3181877,1000,1724.0,-0.2750,-0.7232,-7.7452,-0.05259,0.06189,-0.00401,0.0,
3181897,1000,1724.0,-0.8570,-1.3002,-7.0092,0.11941,-0.05411,-0.01401,0.0,
3181917,1000,1724.0,-0.2930,0.3378,-7.4852,-0.02559,0.00889,0.01699,0.0,
3181937,1000,1724.0,-0.7420,1.5678,-7.1722,-0.14159,-0.05511,0.04099,0.0,
3181957,1000,1724.0,-0.1510,0.0008,-6.4532,0.01141,0.00189,0.00599,0.0,
3181977,1000,1724.0,-0.2820,0.0078,-8.3762,-0.03459,-0.00511,0.01099,0.0,
3181997,1000,1724.0,-0.2510,-0.6442,-6.9922,0.02041,0.01589,0.09899,0.0,
3182017,1000,1724.0,0.3390,1.3058,-6.2142,-0.12159,0.10089,0.09099,0.0,
3182037,1000,1724.0,-0.2520,-0.4242,-8.3872,0.00941,0.03089,0.05399,0.0,
3182057,1000,1724.0,-0.1210,0.0128,-9.6882,0.03641,0.01689,0.05699,0.0,
3182077,1000,1724.0,-0.2840,0.2328,-8.7222,-0.03559,0.02389,0.05699,0.0,
3182097,1000,1724.0,-0.0640,-0.2922,-8.9362,-0.01659,0.02889,0.06999,0.0,
3182117,1000,1724.0,0.1010,-0.1882,-9.2792,-0.00159,0.03689,0.05199,0.0,
3182137,1000,1724.0,-0.0340,-0.2222,-8.7602,0.07141,-0.09111,0.03299,0.0,
3182157,1000,1724.0,-0.6240,-0.0482,-9.1352,-0.00459,0.04289,0.05399,0.0,
3182177,1000,1724.0,-1.1300,0.2058,-8.8272,-0.04459,-0.04611,0.07099,0.0,
3182197,1000,1724.0,0.2460,-0.5192,-7.9752,0.02541,0.03189,0.03099,0.0,
3182217,1000,1724.0,0.3990,0.4528,-8.0232,-0.02959,0.06689,0.04899,0.0,
3182237,1000,1724.0,-1.1790,0.3588,-8.7402,-0.03459,-0.06711,0.05599,0.0,
3182257,1000,1724.0,1.9400,-0.8752,-8.4062,0.03241,0.25489,0.06899,0.0,
3182277,1000,1724.0,-0.2020,-0.3982,-6.9072,0.05541,0.01489,0.02899,0.0,
3182297,1000,1724.0,-0.5230,-1.0292,-8.4942,0.08341,-0.00711,0.04699,0.0,
3182317,1000,1724.0,0.1330,-0.5362,-9.2332,0.04641,0.08289,0.04899,0.0,
3182337,1000,1724.0,-0.6340,-0.8932,-7.7802,0.08841,-0.00511,0.05599,0.0,
3182357,1000,1724.0,0.0950,0.6048,-9.3612,0.00941,-0.00511,0.03599,0.0,
3182377,1000,1724.0,-0.7460,-0.7512,-8.1412,-0.02159,0.03289,0.05699,0.0,
3182397,1000,1724.0,-0.3730,-0.6572,-8.6782,0.06241,0.00089,0.05099,0.0,
3182417,1000,1724.0,-0.4130,-0.3972,-10.0302,0.02841,0.01289,0.04599,0.0,
3182437,1000,1724.0,-1.1660,0.5748,-8.2072,-0.04359,-0.15111,0.03299,0.0,
3182457,1000,1724.0,-0.5860,0.0368,-8.4582,-0.01659,-0.00211,0.03999,0.0,
3182477,1000,1724.0,-0.0630,-0.0932,-8.0542,-0.03959,0.02889,0.05299,0.0,
3182497,1000,1724.0,0.2540,0.1588,-7.6062,-0.04859,0.05489,0.05899,0.0,
3182517,1000,1724.0,-0.1530,0.4808,-8.4162,-0.05159,0.03089,0.04699,0.0,
3182537,1000,1724.0,-0.7240,-0.0832,-8.4012,-0.00859,-0.04611,0.05399,0.0,
3182557,1000,1724.0,0.3240,-0.6312,-6.9592,0.01741,0.09789,0.01799,0.0,
3182577,1000,1724.0,-0.4440,0.6458,-8.0442,-0.03859,-0.02011,0.04099,0.0,
3182597,1000,1724.0,0.1770,-0.3072,-7.9792,0.01241,0.02589,0.03999,0.0,
3182617,1000,1724.0,-0.5710,-0.2622,-8.1952,0.03241,0.01089,0.04699,0.0,
3182637,1000,1724.0,-1.9210,-0.0102,-7.5612,-0.01259,-0.14511,0.04799,0.0,
3182657,1000,1724.0,-0.4540,0.0098,-8.5202,0.00341,-0.07511,0.03599,0.0,
3182677,1000,1724.0,-1.0560,0.2248,-9.5672,0.00041,-0.02411,0.01999,0.0,
3182697,1000,1724.0,-0.4160,-0.6542,-7.9442,0.03641,-0.03611,0.05099,0.0,
3182717,1000,1724.0,0.4770,0.0978,-9.0152,-0.03259,0.03889,0.03599,0.0,
3182737,1000,1724.0,-0.8390,-0.3732,-8.0422,0.01541,-0.06311,0.00899,0.0,
3182757,1000,1724.0,0.1090,-0.3702,-8.1892,0.01341,0.08389,0.02999,0.0,
3182777,1000,1724.0,0.9920,-0.2372,-8.5452,-0.00459,0.09489,0.03199,0.0,
3182797,1000,1724.0,1.7710,-0.3082,-6.9252,-0.01459,0.19589,0.04699,0.0,
3182817,1000,1724.0,1.0830,-0.9692,-7.1822,0.07341,0.11489,0.01599,0.0,
3182837,1000,1724.0,0.2050,-0.5792,-8.5412,0.03141,0.04189,0.03299,0.0,
3182857,1000,1724.0,0.4000,0.0258,-7.5902,-0.00659,0.08689,0.04999,0.0,
3182877,1000,1724.0,-0.2430,-0.0582,-7.9092,-0.00259,0.02889,0.04899,0.0,
3182897,1000,1724.0,0.2730,-0.5542,-7.8112,0.05541,0.05489,0.03699,0.0,
3182917,1000,1724.0,0.0710,0.6038,-7.8352,-0.05659,0.00989,0.05399,0.0,
3182937,1000,1724.0,0.3840,-1.0692,-8.5642,0.04641,0.05289,0.05499,0.0,
3182957,1000,1724.0,0.4760,-0.2072,-9.1102,-0.00559,0.04689,0.03799,0.0,
3182977,1000,1724.0,0.0630,-0.3422,-8.3712,0.03641,0.02889,0.04799,0.0,
3182997,1000,1724.0,1.2000,0.0848,-8.8832,-0.01559,0.10989,0.04699,0.0,
3183017,1000,1724.0,-0.6900,0.4658,-8.0662,-0.06159,-0.02211,0.05299,0.0,
3183037,1000,1724.0,0.5210,-0.1382,-8.2162,-0.02359,0.09789,0.04999,0.0,
3183057,1000,1724.0,-0.6570,0.2998,-9.3172,-0.02659,0.03989,0.03099,0.0,
3183077,1000,1724.0,0.7450,-0.1242,-8.4292,-0.02159,0.02289,0.04799,0.0,
3183097,1000,1724.0,1.5760,0.3928,-8.0052,-0.02659,0.18989,0.04999,0.0,
3183117,1000,1724.0,-0.4020,0.1978,-8.7702,-0.01259,-0.00011,0.04299,0.0,
3183137,1000,1724.0,-0.4290,-0.0002,-9.1972,0.01141,-0.02211,0.05299,0.0,
3183157,1000,1724.0,-1.0870,-0.4642,-9.2022,0.05541,-0.07911,0.04199,0.0,
3183177,1000,1724.0,-1.4830,-0.5452,-9.5432,0.06041,-0.13211,0.07099,0.0,
3183197,1000,1724.0,0.2250,-0.4562,-8.6582,0.02941,0.05089,0.03799,0.0,
3183217,1000,1724.0,-2.1190,0.2448,-9.2482,-0.02659,-0.18311,0.05199,0.0,
3183237,1000,1724.0,0.1250,0.0068,-9.2032,-0.00759,0.01289,0.04099,0.0,
3183257,1000,1724.0,-0.0780,-1.7002,-8.1212,0.08941,0.00089,0.03999,0.0,
3183277,1000,1724.0,0.9830,-0.0242,-9.3462,0.00141,0.11189,0.01999,0.0,
3183297,1000,1724.0,-0.0230,-0.5892,-7.8812,0.04441,0.03289,0.02699,0.0,
3183317,1000,1724.0,0.6960,-0.7212,-6.8352,0.03041,0.07089,0.03499,0.0,
3183337,1000,1724.0,1.9330,-0.4432,-8.1592,0.03941,0.24589,0.01799,0.0,
3183357,1000,1724.0,-0.1000,-0.0702,-7.7092,0.01641,0.00989,0.03699,0.0,
3183377,1000,1724.0,0.0440,-0.4752,-8.3152,0.03041,0.04189,0.05699,0.0,
3183397,1000,1724.0,-0.4670,-0.0132,-8.4112,-0.01159,-0.00611,0.02899,0.0,
3183417,1000,1724.0,-1.0350,-0.8992,-8.4682,0.07541,-0.08911,0.05299,0.0,
3183437,1000,1724.0,0.3600,0.1148,-8.5532,0.01941,0.04089,0.02599,0.0,
3183457,1000,1724.0,-1.6260,0.2408,-8.5042,-0.04259,-0.12011,0.05499,0.0,
3183477,1000,1724.0,-0.2360,-0.1912,-9.2472,0.00641,-0.00311,0.04299,0.0,
3183497,1000,1724.0,-0.9540,-0.1292,-7.3282,-0.02959,-0.09811,0.03899,0.0,
3183517,1000,1724.0,0.1400,0.7698,-7.9252,-0.04059,0.03989,0.04499,0.0,
3183537,1000,1724.0,-0.4420,-0.3232,-8.4822,-0.00959,-0.00311,0.06399,0.0,
3183557,1000,1724.0,0.1470,0.2068,-7.6192,-0.04659,0.06589,0.03899,0.0,
3183577,1000,1724.0,0.7710,0.3618,-7.2952,-0.04259,0.15089,0.01999,0.0,
3183597,1000,1724.0,0.1280,0.6378,-8.0452,-0.07159,0.04389,0.05399,0.0,
3183617,1000,1724.0,1.2940,-0.1812,-7.4982,-0.01159,0.15389,0.06299,0.0,
3183637,1000,1724.0,-0.0090,-0.3542,-7.9672,0.01241,0.03889,0.04299,0.0,
3183657,1000,1724.0,-1.4090,0.3788,-8.5132,-0.00459,-0.07411,0.03999,0.0,
3183677,1000,1724.0,-0.3960,0.1538,-7.2252,-0.02559,0.01789,0.04399,0.0,
3183697,1000,1724.0,-2.4840,-1.3522,-8.9832,0.10841,-0.21411,0.02899,0.0,
3183717,1000,1724.0,-1.1410,-0.0122,-9.0542,0.00441,-0.06411,0.04799,0.0,
3183737,1000,1724.0,-0.4650,-0.7832,-7.3342,0.07241,-0.00011,0.03499,0.0,
3183757,1000,1724.0,0.4270,-0.7552,-8.4192,0.01041,0.04689,0.03999,0.0,
3183777,1000,1724.0,-1.4010,-0.2212,-7.1742,-0.00259,-0.07311,0.03099,0.0,
3183797,1000,1724.0,-0.5880,0.3798,-8.4402,-0.03559,0.01189,0.04599,0.0,
3183817,1000,1724.0,0.3320,-0.6042,-8.3332,0.02541,0.01189,0.03899,0.0,
3183837,1000,1724.0,1.1060,-0.2382,-7.5212,-0.02659,0.14289,0.04299,0.0,
3183857,1000,1724.0,0.6020,-0.7312,-7.4132,0.03641,0.07489,0.03699,0.0,
3183877,1000,1724.0,-0.2530,0.1768,-8.6552,-0.00559,0.03589,0.02199,0.0,
3183897,1000,1724.0,0.7820,0.1748,-8.1502,-0.00759,0.04289,0.05299,0.0,
3183917,1000,1724.0,-1.1450,-0.3242,-8.9192,0.00441,-0.03311,0.04999,0.0,
3183937,1000,1724.0,-0.6540,-0.5352,-8.7972,0.08141,-0.06711,0.01999,0.0,
3183957,1000,1724.0,-0.7040,-0.2872,-8.7772,0.03241,-0.03811,0.03599,0.0,
3183977,1000,1724.0,-0.2080,-0.2432,-8.6242,0.02041,0.01789,0.04199,0.0,
3183997,1000,1724.0,0.1780,-0.3892,-9.3412,0.04141,-0.01911,0.03899,0.0,
3184017,1000,1724.0,0.3670,-0.2322,-9.2392,0.02441,0.00089,0.03099,0.0,
3184037,1000,1724.0,0.7200,0.3138,-8.4172,-0.04359,0.09489,0.04299,0.0,
3184057,1000,1724.0,0.8000,-0.0092,-8.3902,0.00441,0.09589,0.04899,0.0,
3184077,1000,1724.0,0.6930,-0.3802,-8.1212,0.01841,0.07689,0.03499,0.0,
3184097,1000,1724.0,-0.5750,0.7618,-8.9992,-0.07559,0.02689,0.04899,0.0,
3184117,1000,1724.0,1.3660,-0.4122,-8.1132,0.04241,0.09789,0.02999,0.0,
3184137,1000,1724.0,1.1840,-0.2942,-7.8372,0.01141,0.13689,0.05299,0.0,
3184157,1000,1724.0,-0.2280,0.1048,-9.0612,-0.00559,0.02389,0.03499,0.0,
3184177,1000,1724.0,-0.7740,0.4838,-9.0592,-0.04559,-0.05711,0.05599,0.0,
3184197,1000,1724.0,-0.8860,0.4648,-8.6732,-0.03359,-0.03511,0.04399,0.0,
3184217,1000,1724.0,-0.6250,0.2418,-10.4182,-0.02059,0.04089,0.03999,0.0,
3184237,1000,1724.0,-1.2810,-0.3872,-9.1142,0.03941,-0.12811,0.03799,0.0,
3184257,1000,1724.0,0.0750,0.1998,-8.8572,-0.01159,0.04889,0.06199,0.0,
3184277,1000,1724.0,-0.6840,0.1698,-8.7372,-0.00759,0.00189,0.04499,0.0,
3184297,1000,1724.0,-0.4320,-1.0422,-9.7412,0.08341,-0.03811,0.05099,0.0,
3184317,1000,1724.0,-0.0040,0.6078,-7.6692,-0.04059,0.04789,0.03199,0.0,
3184337,1000,1724.0,0.2960,0.0358,-8.2532,-0.01059,0.04589,0.04399,0.0,
3184357,1000,1724.0,0.9960,-0.5212,-7.9262,0.01641,0.13389,0.03899,0.0,
3184377,1000,1724.0,0.2120,0.6708,-7.3252,-0.03359,0.04389,0.03099,0.0,
3184397,1000,1724.0,0.3600,-0.4922,-8.0982,0.01641,0.07489,0.03499,0.0,
3184417,1000,1724.0,0.0220,-0.3182,-8.3432,0.02941,0.05589,0.04999,0.0,
3184437,1000,1724.0,0.2430,-0.1242,-7.9522,0.02341,0.02089,0.05799,0.0,
3184457,1000,1724.0,0.3800,-1.1032,-9.0662,0.11241,0.02389,0.03899,0.0,
3184477,1000,1724.0,-2.3640,0.3788,-8.6902,-0.05059,-0.18611,0.04799,0.0,
3184497,1000,1724.0,0.9500,-0.4252,-8.2382,0.03441,0.06689,0.03699,0.0,
3184517,1000,1724.0,0.1440,-0.1312,-8.0882,0.01241,0.02689,0.04599,0.0,
3184537,1000,1724.0,0.3310,-0.5942,-8.7262,0.02441,0.00389,0.03099,0.0,
3184557,1000,1724.0,-0.2000,-0.2512,-8.6482,0.02741,0.01289,0.04199,0.0,
3184577,1000,1724.0,-1.0200,0.1448,-8.0642,-0.01759,-0.06211,0.05399,0.0,
3184597,1000,1724.0,1.4260,-1.0082,-7.2312,0.01941,0.13689,0.03699,0.0,
3184617,1000,1724.0,-0.4140,-0.6722,-8.0972,0.03041,0.01589,0.04099,0.0,
3184637,1000,1724.0,-0.2950,0.2728,-8.1442,-0.03659,-0.00011,0.05499,0.0,
3184657,1000,1724.0,0.6340,-0.4722,-7.7942,0.01941,0.12089,0.03599,0.0,
3184677,1000,1724.0,-0.5680,-0.3532,-7.7312,0.01641,-0.01811,0.02499,0.0,
3184697,1000,1724.0,-1.1970,-0.0532,-8.1312,0.01041,-0.06911,0.02399,0.0,
3184717,1000,1724.0,0.2790,0.1978,-8.2942,-0.02159,0.07589,0.03499,0.0,
3184737,1000,1724.0,-0.8490,-0.0842,-9.4312,-0.00559,-0.05411,0.04699,0.0,
3184757,1000,1724.0,-0.9800,-0.9572,-8.6392,0.07641,-0.06411,0.04499,0.0,
3184777,1000,1724.0,-0.5340,-0.0862,-8.8102,-0.00159,-0.05011,0.02099,0.0,
3184797,1000,1724.0,-1.7950,-0.1532,-8.5282,0.00941,-0.09711,0.04399,0.0,
3184817,1000,1724.0,-1.3360,-0.1022,-8.2162,0.02441,-0.06111,0.04299,0.0,
3184837,1000,1724.0,0.1430,-0.0442,-8.3832,0.00241,0.04889,0.01799,0.0,
3184857,1000,1724.0,-0.8860,0.5728,-8.4582,-0.06459,-0.00111,0.03699,0.0,
3184877,1000,1724.0,-1.0950,0.9238,-9.1852,-0.08959,-0.03711,0.03499,0.0,
3184897,1000,1724.0,-0.4580,-0.2052,-6.7942,0.01141,0.02589,0.03799,0.0,
3184917,1000,1724.0,0.9480,-0.2222,-8.9642,-0.01359,0.15889,0.05099,0.0,
3184937,1000,1724.0,-1.1230,0.3648,-8.9492,-0.03959,-0.06311,0.03499,0.0,
3184957,1000,1724.0,-1.6620,1.0848,-8.5172,-0.05259,-0.13711,0.03299,0.0,
3184977,1000,1724.0,-0.7350,-0.2112,-10.0862,0.01041,-0.04811,0.03799,0.0,
3184997,1000,1724.0,-0.5830,0.1128,-8.5122,0.00541,-0.04411,0.03399,0.0,
3185017,1000,1724.0,-0.4010,-0.1582,-8.7622,0.01441,-0.02711,0.04499,0.0,
3185037,1000,1724.0,0.0940,-0.7832,-9.5762,0.04541,-0.03711,0.04799,0.0,
3185057,1000,1724.0,-0.0160,-0.8932,-8.3402,0.05341,0.01789,0.04099,0.0,
3185077,1000,1724.0,0.8160,-0.2892,-7.7892,-0.00959,0.07589,0.04899,0.0,
3185097,1000,1724.0,0.3750,-0.3362,-7.5032,-0.00459,0.10089,0.04599,0.0,
3185117,1000,1724.0,-0.4640,-0.5122,-8.1382,0.02541,-0.04711,0.02099,0.0,
3185137,1000,1724.0,-0.1620,-0.3822,-7.3512,0.01741,0.03689,0.03499,0.0,
3185157,1000,1724.0,0.5400,0.3548,-7.4882,-0.03959,0.10389,0.02899,0.0,
3185177,1000,1724.0,-0.9370,-0.0542,-8.2892,-0.00659,-0.05911,0.05399,0.0,
3185197,1000,1724.0,-1.3160,-0.0872,-7.8612,0.00241,-0.08711,0.03299,0.0,
3185217,1000,1724.0,-0.0150,0.2578,-8.6602,-0.01659,0.02489,0.04199,0.0,
3185237,1000,1724.0,-0.5350,0.5578,-7.9992,-0.06059,-0.06411,0.05499,0.0,
3185257,1000,1724.0,-1.6770,-0.4012,-8.7462,0.02741,-0.07811,0.03999,0.0,
3185277,1000,1724.0,0.1990,0.1058,-8.4802,0.00041,0.03689,0.02799,0.0,
3185297,1000,1724.0,0.0100,-0.5152,-7.7342,0.02441,0.05689,0.03199,0.0,
3185317,1000,1724.0,0.0860,-0.0502,-7.7382,-0.04659,0.03889,0.05099,0.0,
3185337,1000,1724.0,0.2450,-0.0652,-8.9512,0.00741,0.07789,0.04599,0.0,
3185357,1000,1724.0,1.3040,-0.0692,-7.8452,-0.02959,0.15189,0.03499,0.0,
3185377,1000,1724.0,-0.5140,0.0048,-7.0382,-0.01559,0.09889,0.06399,0.0,
3185397,1000,1724.0,0.2700,-0.1622,-8.5252,-0.00459,0.07689,0.04299,0.0,
3185417,1000,1724.0,-0.5230,-0.4902,-9.0622,0.02941,-0.01611,0.04299,0.0,
3185437,1000,1724.0,-1.1470,0.4938,-9.5252,-0.02359,-0.07211,0.03599,0.0,
3185457,1000,1724.0,-1.1280,0.6748,-9.2722,-0.05859,-0.06511,0.04899,0.0,
3185477,1000,1724.0,0.0520,-0.2962,-8.3152,-0.01159,0.02989,0.05399,0.0,
3185497,1000,1724.0,-1.3300,-0.7242,-10.6722,0.04141,-0.11511,0.03899,0.0,
3185517,1000,1724.0,-1.1280,0.6018,-8.9342,-0.05559,-0.07211,0.03099,0.0,
3185537,1000,1724.0,-0.4620,-0.2532,-8.5172,0.03941,-0.00011,0.05399,0.0,
3185557,1000,1724.0,-0.6820,-0.2022,-8.8362,0.00441,-0.06511,0.03099,0.0,
3185577,1000,1724.0,-0.8310,-0.0482,-8.4092,-0.00859,-0.03311,0.03699,0.0,
3185597,1000,1724.0,0.7580,-0.3672,-7.5412,0.05041,0.12289,0.03299,0.0,
3185617,1000,1724.0,-0.3910,-0.3252,-7.9632,-0.00559,0.07789,0.04599,0.0,
3185637,1000,1724.0,-0.3550,0.0458,-8.8782,-0.01159,-0.05211,0.04899,0.0,
3185657,1000,1724.0,-1.3660,0.5328,-8.0152,-0.03259,-0.09111,0.05499,0.0,
3185677,1000,1724.0,-1.1490,-0.0322,-9.0332,0.00941,-0.05211,0.03999,0.0,
3185697,1000,1724.0,-0.6640,-0.1232,-9.0962,0.02541,-0.06211,0.04799,0.0,
3185717,1000,1724.0,-0.5230,0.2258,-7.6482,-0.02159,-0.02011,0.03899,0.0,
3185737,1000,1724.0,-1.0960,1.2178,-9.2342,-0.09259,-0.08011,0.06599,0.0,
3185757,1000,1724.0,-0.6300,-0.3782,-8.7112,-0.00259,-0.03611,0.03099,0.0,
3185777,1000,1724.0,0.3020,-0.0972,-7.9922,0.00241,0.05589,0.05299,0.0,
3185797,1000,1724.0,1.1260,0.7048,-8.0502,-0.06659,0.14689,0.05899,0.0,
3185817,1000,1724.0,1.5160,-0.3632,-7.5362,0.00941,0.18889,0.06199,0.0,
3185837,1000,1724.0,-0.1350,-0.1762,-8.1402,0.00741,0.13989,0.05099,0.0,
3185857,1000,1724.0,-0.6230,-0.0642,-7.7382,0.02641,-0.05311,0.04299,0.0,
3185877,1000,1724.0,0.3600,0.6578,-7.9532,-0.08159,0.07489,0.04799,0.0,
3185897,1000,1724.0,0.3420,-0.6092,-8.1342,0.03741,0.10389,0.05899,0.0,
3185917,1000,1724.0,0.2100,0.0618,-7.8282,-0.00559,-0.03711,0.05399,0.0,
3185937,1000,1724.0,-1.0590,0.0778,-9.2412,-0.03759,-0.07511,0.04399,0.0,
3185957,1000,1724.0,-1.4980,0.9448,-9.0862,-0.07659,-0.02211,0.04099,0.0,
3185977,1000,1724.0,-0.8570,-0.9062,-8.7302,0.09941,-0.07911,0.04299,0.0,
3185997,1000,1724.0,-0.2370,-1.2272,-8.9952,0.06141,0.01389,0.04299,0.0,
3186017,1000,1724.0,0.4230,-0.3952,-9.3062,0.01641,0.08789,0.12099,0.0,
3186037,1000,1724.0,-0.8680,0.2278,-9.1632,-0.04559,-0.04711,0.08999,0.0,
3186057,1000,1724.0,0.3940,-0.3602,-9.5032,0.02141,0.10189,0.06399,0.0,
3186077,1000,1724.0,-0.2160,0.0578,-9.7822,-0.01159,0.00689,0.07599,0.0,
3186097,1000,1724.0,0.8220,-1.2592,-7.1292,0.05541,0.17589,0.06999,0.0,
3186117,1000,1724.0,0.2420,0.2838,-9.4602,-0.01059,0.07789,0.09499,0.0,
3186137,1000,1724.0,0.7940,-0.6502,-9.8222,0.02641,0.13489,0.03799,0.0,
3186157,1000,1724.0,-0.2630,-0.3732,-9.3612,0.04041,0.00489,0.07299,0.0,
3186177,1000,1724.0,-1.3200,0.5228,-9.6852,-0.01959,-0.06211,0.06199,0.0,
3186197,1000,1724.0,-1.3860,0.4348,-10.7292,-0.05659,-0.09811,0.07299,0.0,
3186217,1000,1724.0,-0.2140,0.1698,-10.6302,0.01241,-0.05311,0.05999,0.0,
3186237,1000,1724.0,-0.1490,-0.0762,-11.4282,-0.05159,0.06389,0.07699,0.0,
3186257,1000,1724.0,-1.0770,-0.2182,-9.4242,0.01741,-0.04911,0.06199,0.0,
3186277,1000,1724.0,0.6590,0.0028,-9.7552,-0.02159,0.09889,0.05899,0.0,
3186297,1000,1724.0,0.0390,-0.3822,-9.5272,0.02641,0.04689,0.06099,0.0,
3186317,1000,1724.0,-1.2350,-0.5462,-9.8912,0.02841,-0.04211,0.08299,0.0,
3186337,1000,1724.0,0.5480,0.8458,-9.5142,-0.08159,0.13289,0.06799,0.0,
3186357,1000,1724.0,0.9730,-0.6092,-8.8242,0.03741,0.15589,0.08999,0.0,
3186377,1000,1724.0,-0.2620,-0.5602,-9.7962,0.03041,-0.00511,0.05299,0.0,
3186397,1000,1724.0,-0.9380,0.6558,-9.2402,-0.02559,-0.02111,0.07799,0.0,
3186417,1000,1724.0,-0.5600,-0.7502,-9.5382,0.04741,0.00289,0.07099,0.0,
3186437,1000,1724.0,-0.7370,0.7118,-9.7012,-0.05159,-0.04011,0.06099,0.0,
3186457,1000,1724.0,-0.4080,-0.1772,-10.2752,0.00441,0.00989,0.07699,0.0,
3186477,1000,1724.0,0.1960,0.0308,-10.8312,0.00241,0.03189,0.06299,0.0,
3186497,1000,1724.0,-1.2760,-0.4582,-10.3532,0.01441,-0.07411,0.08599,0.0,
3186517,1000,1724.0,-0.5580,-0.0272,-9.6792,-0.02559,-0.07611,0.06299,0.0,
3186537,1000,1724.0,0.3710,-0.9692,-9.8222,0.06641,0.07089,0.05199,0.0,
3186557,1000,1724.0,0.5900,-0.3092,-9.7822,0.02141,0.11389,0.06699,0.0,
3186577,1000,1724.0,1.1280,-0.8042,-8.4322,0.02841,0.13189,0.06899,0.0,
3186597,1000,1724.0,0.7560,-0.1052,-9.7852,0.00341,0.11489,0.06799,0.0,
3186617,1000,1724.0,0.5070,-0.4772,-9.6202,0.03241,0.08589,0.07399,0.0,
3186637,1000,1724.0,0.8560,-0.4752,-8.9842,0.04341,0.12789,0.05799,0.0,
3186657,1000,1724.0,-0.0630,0.6068,-10.3352,-0.04959,0.07889,0.07199,0.0,
3186677,1000,1724.0,-0.5190,0.2858,-10.2212,-0.01059,0.01989,0.07299,0.0,
3186697,1000,1724.0,-0.1510,-0.5562,-9.4522,0.04141,0.03689,0.07099,0.0,
3186717,1000,1724.0,-0.4140,0.1628,-10.2312,-0.02159,0.02289,0.07699,0.0,
3186737,1000,1724.0,-0.5330,-0.8342,-9.6162,0.03241,-0.00511,0.08199,0.0,
3186757,1000,1724.0,-0.4990,0.1478,-9.7722,-0.00959,-0.00811,0.05699,0.0,
3186777,1000,1724.0,-1.0910,-0.4752,-9.2542,0.06141,-0.08411,0.05599,0.0,
3186797,1000,1724.0,0.1120,-0.0812,-10.2302,-0.03059,0.02589,0.06599,0.0,
3186817,1000,1724.0,-0.4800,-0.8862,-10.9192,0.08441,-0.02511,0.06499,0.0,
3186837,1000,1724.0,0.0470,0.1298,-8.5892,-0.03959,0.04289,0.07999,0.0,
3186857,1000,1724.0,-0.0750,0.0318,-10.4552,-0.02459,0.03389,0.08099,0.0,
3186877,1000,1724.0,0.5500,-0.3882,-9.2922,-0.00859,0.10189,0.05999,0.0,
3186897,1000,1724.0,-0.0520,-0.6432,-9.4742,0.03841,0.06489,0.07899,0.0,
3186917,1000,1724.0,-0.1650,-1.1702,-10.3212,0.09741,0.02989,0.06199,0.0,
3186937,1000,1724.0,0.1180,0.8738,-8.6582,-0.07259,0.07689,0.06799,0.0,
3186957,1000,1724.0,0.7710,-1.4992,-8.9152,0.10141,0.16689,0.05899,0.0,
3186977,1000,1724.0,-0.3020,0.1318,-10.0742,-0.00659,-0.04911,0.06399,0.0,
3186997,1000,1724.0,0.1590,0.9128,-9.6512,-0.08059,0.10989,0.08099,0.0,
3187017,1000,1724.0,-1.3950,-0.6162,-10.0082,0.05341,-0.09311,0.05999,0.0,
3187037,1000,1724.0,-0.4990,-0.4862,-9.6742,0.02741,-0.00011,0.05499,0.0,
3187057,1000,1724.0,-1.2900,-0.4762,-10.1402,0.03841,-0.20611,0.08199,0.0,
3187077,1000,1724.0,-0.7650,0.1528,-10.3072,-0.01859,0.05889,0.04699,0.0,
3187097,1000,1724.0,-0.3400,-0.1292,-10.3082,0.03341,-0.00011,0.06899,0.0,
3187117,1000,1724.0,0.1480,0.3268,-9.9732,-0.07159,0.02189,0.07599,0.0,
3187137,1000,1724.0,-0.5850,0.4588,-9.2252,-0.05759,-0.00111,0.06699,0.0,
3187157,1000,1724.0,-0.6350,0.1698,-10.1702,-0.02559,-0.01211,0.06999,0.0,
3187177,1000,1724.0,0.8550,-0.5042,-9.1802,0.02141,0.14489,0.06999,0.0,
3187197,1000,1724.0,-0.8480,-0.2452,-9.7302,0.01241,0.00589,0.06999,0.0,
3187217,1000,1724.0,-0.6170,0.6678,-9.6812,-0.03759,-0.01211,0.08099,0.0,
3187237,1000,1724.0,-0.2360,-0.9332,-9.3192,0.05141,0.04989,0.05499,0.0,
3187257,1000,1724.0,-0.4710,0.4118,-9.9902,-0.03659,0.00489,0.09799,0.0,
3187277,1000,1724.0,-0.0750,0.5028,-9.8892,-0.06759,0.00189,0.06399,0.0,
3187297,1000,1724.0,-2.2200,-0.1702,-10.6102,0.03941,-0.12011,0.08099,0.0,
3187317,1000,1724.0,-1.3580,0.4138,-10.2682,-0.03659,-0.10711,0.04899,0.0,
3187337,1000,1724.0,-1.6310,-0.7532,-10.7242,0.08341,-0.13711,0.05099,0.0,
3187357,1000,1724.0,0.2940,0.4818,-9.9222,-0.01459,0.00689,0.06099,0.0,
3187377,1000,1724.0,-0.8860,0.3668,-9.4702,-0.09659,-0.02911,0.06099,0.0,
3187397,1000,1724.0,0.5080,-0.5792,-9.6412,0.03441,0.07989,0.07999,0.0,
3187417,1000,1724.0,1.0600,0.2408,-9.4742,-0.04859,0.13989,0.06299,0.0,
3187437,1000,1724.0,0.6960,-0.3062,-8.6872,0.00741,0.11689,0.07899,0.0,
3187457,1000,1724.0,-0.6890,0.1678,-10.7022,-0.01159,-0.03311,0.06399,0.0,
3187477,1000,1724.0,0.5300,-0.1942,-8.1552,0.00141,0.12489,0.06699,0.0,
3187497,1000,1724.0,-0.2380,0.4648,-9.3202,-0.01559,0.03089,0.07599,0.0,
3187517,1000,1724.0,0.4020,-1.0112,-10.3472,0.05441,0.07189,0.06799,0.0,
3187537,1000,1724.0,-1.0480,-0.3422,-9.6382,0.03141,-0.04511,0.08399,0.0,
3187557,1000,1724.0,-0.3520,-0.6722,-9.7292,0.03941,0.02489,0.07699,0.0,
3187577,1000,1724.0,-0.6570,-0.0702,-9.8252,0.02041,-0.09511,0.06499,0.0,
3187597,1000,1724.0,-0.7720,-0.5332,-12.1882,0.05241,0.02589,0.05899,0.0,
3187617,1000,1724.0,-1.2270,-0.7642,-10.3572,0.03441,-0.12211,0.06699,0.0,
3187637,1000,1724.0,0.8820,-0.4632,-9.6962,0.03041,0.12089,0.07099,0.0,
3187657,1000,1724.0,-0.1900,0.2318,-9.3372,-0.04859,0.02989,0.07599,0.0,
3187677,1000,1724.0,-0.3270,-0.3022,-10.4532,0.06941,-0.03311,0.03699,0.0,
3187697,1000,1724.0,-0.5400,0.2408,-8.8562,-0.04659,-0.01211,0.06299,0.0,
3187717,1000,1724.0,0.9510,0.2188,-9.6642,-0.04359,0.16189,0.07699,0.0,
3187737,1000,1724.0,-0.2270,-0.1602,-8.2552,-0.00659,0.01889,0.06299,0.0,
3187757,1000,1724.0,-0.1810,-0.2282,-9.9402,0.00941,0.02389,0.06499,0.0,
3187777,1000,1724.0,0.7010,1.1298,-9.3942,-0.10259,0.15289,0.07499,0.0,
3187797,1000,1724.0,0.4090,-1.2322,-10.4082,0.11241,0.06989,0.06799,0.0,
3187817,1000,1724.0,-0.5400,0.4058,-8.9932,-0.03859,-0.02211,0.06999,0.0,
3187837,1000,1724.0,-0.9090,-0.2682,-10.4132,0.03141,-0.01611,0.05899,0.0,
3187857,1000,1724.0,-1.5380,-0.6662,-9.7892,0.05341,-0.10311,0.08499,0.0,
3187877,1000,1724.0,0.4270,-0.1832,-10.0242,0.01341,0.07289,0.07299,0.0,
3187897,1000,1724.0,-1.0460,-0.2302,-10.5752,-0.00859,-0.05611,0.07299,0.0,
3187917,1000,1724.0,-0.2490,-0.2132,-10.2442,0.03041,-0.01611,0.06199,0.0,
3187937,1000,1724.0,-0.7430,-0.2822,-10.8722,0.00241,-0.07111,0.08299,0.0,
3187957,1000,1724.0,-0.1220,-0.3852,-10.1062,-0.01759,0.01889,0.05699,0.0,
3187977,1000,1724.0,-0.0630,0.1908,-9.6622,-0.03259,0.07689,0.06199,0.0,
3187997,1000,1724.0,0.2900,-0.2672,-9.9822,0.01941,0.00189,0.07099,0.0,
3188017,1000,1724.0,0.8820,-0.4382,-8.6892,-0.00759,0.13089,0.06699,0.0,
3188037,1000,1724.0,0.4870,-0.4272,-8.3742,0.01441,0.09389,0.06699,0.0,
3188057,1000,1724.0,-0.8060,-0.3762,-10.1072,0.01541,-0.02011,0.07599,0.0,
3188077,1000,1724.0,0.9960,-0.8812,-8.5092,0.06541,0.15089,0.05799,0.0,
3188097,1000,1724.0,0.1410,0.3688,-10.5592,-0.00259,0.04189,0.06899,0.0,
3188117,1000,1724.0,-0.9130,-0.3182,-9.7852,0.00041,-0.01111,0.05799,0.0,
3188137,1000,1724.0,-0.2890,0.2568,-10.2462,0.01241,-0.02011,0.09799,0.0,
3188157,1000,1724.0,-1.1690,-0.0302,-9.8272,-0.00559,-0.04511,0.06699,0.0,
3188177,1000,1724.0,-0.3390,0.0388,-10.1032,-0.00059,-0.03511,0.07699,0.0,
3188197,1000,1724.0,-1.4500,-0.5112,-11.2482,0.06741,-0.08211,0.04699,0.0,
3188217,1000,1724.0,-0.1020,0.2818,-9.6352,-0.04159,0.01589,0.08799,0.0,
3188237,1000,1724.0,-0.8040,-1.0142,-8.9592,0.07741,-0.02611,0.05399,0.0,
3188257,1000,1724.0,0.6120,1.1978,-10.0482,-0.11759,0.07789,0.08899,0.0,
3188277,1000,1724.0,0.7530,-0.3682,-9.5612,0.01241,0.11289,0.04899,0.0,
3188297,1000,1724.0,0.1150,-0.4032,-10.1442,0.02941,0.03289,0.06499,0.0,
3188317,1000,1724.0,1.0270,0.1548,-9.4112,-0.04859,0.17389,0.07799,0.0,
3188337,1000,1724.0,0.1970,-0.2822,-8.3952,0.01941,0.06789,0.06099,0.0,
3188357,1000,1724.0,-0.2500,0.3408,-10.6222,-0.03059,0.00289,0.06899,0.0,
3188377,1000,1724.0,0.9450,-0.4272,-9.1852,0.03041,0.12989,0.05699,0.0,
3188397,1000,1724.0,-1.3970,0.5958,-8.8662,-0.05859,-0.04011,0.08599,0.0,
3188417,1000,1724.0,0.1480,-0.2042,-10.3152,0.01241,0.03689,0.07399,0.0,
3188437,1000,1724.0,-0.8040,-0.2992,-9.9462,0.00741,-0.00811,0.07899,0.0,
3188457,1000,1724.0,-0.2900,-0.6742,-10.0302,0.07041,-0.00411,0.05699,0.0,
3188477,1000,1724.0,-0.5630,-0.5762,-10.1872,0.05541,-0.01411,0.05599,0.0,
3188497,1000,1724.0,-0.6810,0.3748,-10.3372,-0.01159,-0.07811,0.08699,0.0,
3188517,1000,1724.0,-0.1200,-1.2082,-10.4772,0.05341,0.05489,0.06699,0.0,
3188537,1000,1724.0,-1.2830,1.0898,-10.5162,-0.07859,-0.12611,0.05199,0.0,
3188557,1000,1724.0,0.6820,-1.4322,-9.3392,0.07341,0.09389,0.06399,0.0,
3188577,1000,1724.0,0.0980,0.2208,-9.1212,-0.03059,0.03889,0.06699,0.0,
3188597,1000,1724.0,-0.0830,-0.1352,-9.9402,-0.00359,0.03289,0.08499,0.0,
3188617,1000,1724.0,1.0640,0.1458,-9.4432,-0.03259,0.17289,0.05699,0.0,
3188637,1000,1724.0,-0.1180,0.0628,-9.0052,-0.02559,0.03289,0.06199,0.0,
3188657,1000,1724.0,0.2410,-0.5552,-10.0862,0.03441,0.07089,0.07099,0.0,
3188677,1000,1724.0,0.0380,0.7468,-10.0272,-0.03859,0.09889,0.05899,0.0,
3188697,1000,1724.0,-0.6630,-0.1832,-10.0292,-0.01859,-0.02511,0.09699,0.0,
3188717,1000,1724.0,-0.5230,0.0738,-8.9682,-0.02659,-0.05511,0.05299,0.0,
3188737,1000,1724.0,-0.7240,-0.4562,-10.3732,0.08341,0.02889,0.07599,0.0,
3188757,1000,1724.0,-1.4200,-0.3422,-9.7952,0.00741,-0.11111,0.06699,0.0,
3188777,1000,1724.0,-0.2100,0.1388,-10.0192,0.00741,0.00189,0.06399,0.0,
3188797,1000,1724.0,-0.7900,-0.2072,-10.9542,0.00541,-0.08511,0.06999,0.0,
3188817,1000,1724.0,0.0960,-0.2352,-9.3482,0.03641,0.07789,0.06999,0.0,
3188837,1000,1724.0,-0.9540,-0.2742,-9.8212,-0.04859,-0.03311,0.06699,0.0,
3188857,1000,1724.0,1.2090,0.5958,-10.2572,-0.05459,0.14989,0.07899,0.0,
3188877,1000,1724.0,-0.1710,-0.3232,-10.1932,0.02441,0.03089,0.05699,0.0,
3188897,1000,1724.0,-1.2400,-0.1602,-10.2752,0.00241,-0.05111,0.08199,0.0,
3188917,1000,1724.0,1.9980,-0.2382,-8.3712,0.01141,0.23189,0.04299,0.0,
3188937,1000,1724.0,-0.7440,0.3518,-9.1462,-0.01659,-0.02311,0.06199,0.0,
3188957,1000,1724.0,-0.1630,-0.0852,-9.9942,-0.00859,0.02189,0.06999,0.0,
3188977,1000,1724.0,-0.2380,-0.2982,-8.4942,0.00341,0.03389,0.06599,0.0,
3188997,1000,1724.0,-0.7980,-0.1282,-10.3752,0.03641,-0.02111,0.06299,0.0,
3189017,1000,1724.0,0.1940,-0.1272,-10.8872,0.01441,-0.00211,0.06299,0.0,
3189037,1000,1724.0,-1.6830,-0.7102,-10.0592,0.03641,-0.05211,0.08199,0.0,
3189057,1000,1724.0,-1.5650,0.3108,-10.2452,-0.01159,-0.08911,0.06599,0.0,
3189077,1000,1724.0,0.0180,-0.9202,-9.2452,0.04941,-0.00311,0.08099,0.0,
3189097,1000,1724.0,-0.6860,-0.3282,-11.1212,-0.01659,-0.04311,0.07099,0.0,
3189117,1000,1724.0,-0.3920,0.3588,-10.1972,-0.03559,-0.05211,0.07099,0.0,
3189137,1000,1724.0,-0.2650,-0.1062,-9.5172,0.03241,0.02289,0.05599,0.0,
3189157,1000,1724.0,0.5760,-0.3382,-9.5652,-0.01059,0.08389,0.06299,0.0,
3189177,1000,1724.0,0.0280,0.2328,-8.8032,-0.04659,0.04689,0.06799,0.0,
3189197,1000,1724.0,-0.1290,-0.4662,-10.4182,0.03341,0.02489,0.07099,0.0,
3189217,1000,1724.0,0.0340,0.2858,-9.9432,-0.04459,0.08289,0.06899,0.0,
3189237,1000,1724.0,0.8810,-0.6522,-8.1862,0.02441,0.13789,0.06699,0.0,
3189257,1000,1724.0,0.4150,-0.1752,-10.2682,-0.01159,0.08189,0.08799,0.0,
3189277,1000,1724.0,0.1570,0.0628,-10.3672,0.01641,0.06889,0.05399,0.0,
3189297,1000,1724.0,-0.8500,-0.0152,-8.9212,-0.00659,-0.03711,0.07799,0.0,
3189317,1000,1724.0,-0.5470,0.0608,-9.4832,-0.01159,-0.10611,0.07099,0.0,
3189337,1000,1724.0,-0.9340,-0.5032,-10.9382,0.03941,0.02089,0.05999,0.0,
3189357,1000,1724.0,-0.5080,-0.1532,-10.2552,0.02041,-0.01211,0.08299,0.0,
3189377,1000,1724.0,-0.9620,-0.2752,-9.7192,0.01341,-0.05011,0.06299,0.0,
3189397,1000,1724.0,-0.0270,-0.0072,-10.3142,0.00141,-0.03511,0.07799,0.0,
3189417,1000,1724.0,-0.1660,-0.5392,-9.7092,-0.00059,0.10489,0.05099,0.0,
3189437,1000,1724.0,-0.0420,0.6708,-10.2602,-0.04059,-0.00011,0.07099,0.0,
3189457,1000,1724.0,1.0900,-1.4752,-9.0642,0.08241,0.14489,0.06999,0.0,
3189477,1000,1724.0,0.5400,-0.0002,-9.4282,-0.00359,0.08089,0.05199,0.0,
3189497,1000,1724.0,-0.0300,-0.1892,-10.0002,0.00941,0.04989,0.07899,0.0,
3189517,1000,1724.0,0.6480,0.2528,-9.3382,-0.05459,0.12689,0.07899,0.0,
3189537,1000,1724.0,0.0700,-0.3222,-10.0092,0.02841,0.03689,0.04699,0.0,
3189557,1000,1724.0,0.2630,-0.4782,-10.0672,0.02841,0.05689,0.06699,0.0,
3189577,1000,1724.0,0.7900,-0.2482,-9.3492,0.02841,0.13189,0.05899,0.0,
3189597,1000,1724.0,-0.5480,-0.3862,-10.1692,0.02441,0.00889,0.06999,0.0,
3189617,1000,1724.0,0.3240,-0.1932,-9.4202,-0.00859,-0.00711,0.06899,0.0,
3189637,1000,1724.0,-1.2930,-0.4172,-10.1922,0.03641,0.00689,0.08399,0.0,
3189657,1000,1724.0,-0.2180,-1.3562,-9.1392,0.08241,-0.01711,0.06099,0.0,
3189677,1000,1724.0,-1.8620,0.1588,-10.8112,0.00341,-0.15111,0.05699,0.0,
3189697,1000,1724.0,1.2430,-0.4802,-10.8102,0.02541,0.10589,0.07699,0.0,
3189717,1000,1724.0,-0.0940,-0.2192,-8.7132,0.02041,0.02189,0.06499,0.0,
3189737,1000,1724.0,-0.8670,-1.0192,-9.8322,0.05941,-0.02411,0.07999,0.0,
3189757,1000,1724.0,0.7330,0.1108,-9.8192,-0.03259,0.12789,0.05999,0.0,
3189777,1000,1724.0,-0.0280,-0.2562,-9.5912,0.00341,0.05989,0.08499,0.0,
3189797,1000,1724.0,-0.6580,-0.3252,-10.3182,0.02241,-0.02411,0.06899,0.0,
3189817,1000,1724.0,1.7490,-0.0052,-8.7692,-0.01759,0.21589,0.06699,0.0,
3189837,1000,1724.0,-0.8050,-0.3302,-9.7332,-0.00459,-0.01111,0.06499,0.0,
3189857,1000,1724.0,0.7100,-0.2582,-10.0062,0.02741,0.08489,0.08499,0.0,
3189877,1000,1724.0,-0.3340,0.0788,-9.8132,-0.01859,0.03589,0.04199,0.0,
3189897,1000,1724.0,0.0830,0.4128,-10.0462,-0.03159,0.03589,0.07599,0.0,
3189917,1000,1724.0,-1.2140,0.0438,-9.6002,0.00341,-0.11511,0.04799,0.0,
3189937,1000,1724.0,-0.9650,-0.1322,-10.5592,0.00041,0.02189,0.07799,0.0,
3189957,1000,1724.0,-2.4190,-0.7942,-10.1462,0.08041,-0.16611,0.04399,0.0,
3189977,1000,1724.0,0.5690,0.2658,-9.3642,-0.01959,0.05689,0.06699,0.0,
3189997,1000,1724.0,-1.1560,-0.7382,-9.9482,0.06041,-0.00111,0.07999,0.0,
3190017,1000,1724.0,0.2230,-0.5782,-11.2312,0.00141,0.02589,0.08199,0.0,
3190037,1000,1724.0,-0.2420,0.1538,-10.1502,0.01441,-0.00811,0.12199,0.0,
3190057,1000,1724.0,2.1120,-0.8472,-11.1302,0.06441,0.27489,0.11099,0.0,
3190077,1000,1724.0,1.0120,-1.2312,-9.6722,0.09941,0.16189,0.11199,0.0,
3190097,1000,1724.0,-0.3530,-0.5132,-11.7492,0.04341,0.01189,0.09799,0.0,
3190117,1000,1724.0,1.1670,-0.5442,-10.2812,0.01241,0.20489,0.10699,0.0,
3190137,1000,1724.0,0.7330,-0.0132,-10.1622,0.00841,0.13489,0.06999,0.0,
3190157,1000,1724.0,-0.8910,-0.3962,-11.5522,0.00341,-0.02911,0.10299,0.0,
3190177,1000,1724.0,-0.5170,0.5348,-11.0982,-0.06459,0.04089,0.11899,0.0,
3190197,1000,1724.0,-0.2460,-0.5302,-11.0742,0.04041,0.04489,0.09599,0.0,
3190217,1000,1724.0,0.3990,-0.9322,-11.1272,0.04041,-0.01411,0.12499,0.0,
3190237,1000,1724.0,-1.6660,0.3128,-11.5972,-0.03359,-0.01711,0.10799,0.0,
3190257,1000,1724.0,-0.9190,0.4778,-11.4432,-0.05359,-0.04011,0.09299,0.0,
3190277,1000,1724.0,-0.7940,0.5568,-11.0392,-0.07259,-0.03711,0.10299,0.0,
3190297,1000,1724.0,0.2860,-1.7412,-11.6342,0.12441,-0.00711,0.09999,0.0,
3190317,1000,1724.0,-1.6230,-0.6632,-11.2112,0.07641,-0.00511,0.09399,0.0,
3190337,1000,1724.0,-0.5450,-0.7472,-10.9652,0.04041,0.00789,0.10099,0.0,
3190357,1000,1724.0,0.1090,-1.2282,-11.5492,0.10141,0.04789,0.09599,0.0,
3190377,1000,1724.0,-0.1030,-1.0472,-10.6662,0.05941,0.03989,0.10999,0.0,
3190397,1000,1724.0,-0.7750,0.5978,-11.8172,-0.07159,-0.01611,0.11499,0.0,
3190417,1000,1724.0,1.1940,-0.1082,-11.3072,0.00041,0.13089,0.08599,0.0,
3190437,1000,1724.0,-0.5910,0.1838,-9.8822,-0.02859,0.00189,0.11499,0.0,
3190457,1000,1724.0,-1.2790,-0.3512,-12.0742,0.03541,-0.06511,0.10599,0.0,
3190477,1000,1724.0,0.9610,-0.4202,-11.0342,0.03241,0.16989,0.12099,0.0,
3190497,1000,1724.0,0.3570,-0.3502,-11.0352,0.01541,0.07689,0.10399,0.0,
3190517,1000,1724.0,0.1080,-0.3042,-11.7642,-0.04759,0.13189,0.11399,0.0,
3190537,1000,1724.0,-0.3380,-0.3852,-11.4782,0.01841,0.00089,0.10999,0.0,
3190557,1000,1724.0,0.7680,-0.2442,-11.1422,-0.00359,0.07989,0.09199,0.0,
3190577,1000,1724.0,-0.7340,-0.8812,-12.2502,0.04841,0.00289,0.12199,0.0,
3190597,1000,1724.0,0.1420,-0.7602,-12.0332,0.03041,0.00289,0.09599,0.0,
3190617,1000,1724.0,-0.4260,-0.2162,-12.1422,0.03641,0.00089,0.11099,0.0,
3190637,1000,1724.0,-0.6040,-1.2462,-12.1302,0.04441,0.07489,0.10199,0.0,
3190657,1000,1724.0,-0.7790,-0.6712,-12.0422,0.03541,-0.05111,0.09099,0.0,
3190677,1000,1724.0,-1.0100,0.2748,-12.4252,-0.04059,-0.03111,0.11899,0.0,
3190697,1000,1724.0,-0.5140,-0.2332,-10.8332,0.00541,0.01289,0.09999,0.0,
3190717,1000,1724.0,-0.6490,-0.6042,-12.1132,0.02141,-0.05811,0.11999,0.0,
3190737,1000,1724.0,0.0550,-0.6352,-11.5102,0.04841,0.03789,0.14199,0.0,
3190757,1000,1724.0,-0.5150,-0.2462,-11.2802,0.02241,0.02189,0.10399,0.0,
3190777,1000,1724.0,0.5850,-0.7012,-12.1272,0.04041,0.08989,0.10899,0.0,
3190797,1000,1724.0,0.3360,-0.8342,-11.4162,0.04741,0.07589,0.09699,0.0,
3190817,1000,1724.0,0.5510,-1.2672,-11.4222,0.08341,0.16189,0.08599,0.0,
3190837,1000,1724.0,0.3250,-0.5182,-11.2062,0.01541,0.03289,0.09899,0.0,
3190857,1000,1724.0,0.5670,-0.8742,-10.7882,0.06741,0.10489,0.08899,0.0,
3190877,1000,1724.0,-1.3160,0.2318,-11.1992,-0.02059,-0.01411,0.10099,0.0,
3190897,1000,1724.0,-1.2380,-0.4682,-11.5082,0.01041,-0.01011,0.09799,0.0,
3190917,1000,1724.0,-0.0520,0.1628,-10.3532,-0.04159,-0.00311,0.10199,0.0,
3190937,1000,1724.0,-0.2080,0.2518,-11.8332,-0.03659,0.06389,0.10399,0.0,
3190957,1000,1724.0,-1.2900,0.9458,-11.0352,-0.07659,-0.05511,0.10199,0.0,
3190977,1000,1724.0,-0.2860,0.4208,-11.3152,-0.04659,0.00089,0.10499,0.0,
3190997,1000,1724.0,0.8660,-0.0292,-11.0902,-0.00059,0.12889,0.11699,0.0,
3191017,1000,1724.0,-1.3590,0.5558,-11.5862,-0.05259,-0.08811,0.10799,0.0,
3191037,1000,1724.0,-0.5540,-0.1162,-12.3732,0.01841,-0.01311,0.11699,0.0,
3191057,1000,1724.0,1.0990,-0.2742,-10.8712,0.00441,0.16889,0.09099,0.0,
3191077,1000,1724.0,0.9080,-0.1452,-11.2392,-0.01959,0.08189,0.09899,0.0,
3191097,1000,1724.0,0.6410,-0.7962,-11.7142,0.04841,0.11289,0.10399,0.0,
3191117,1000,1724.0,-0.2220,-1.7002,-11.5832,0.12041,0.10289,0.10399,0.0,
3191137,1000,1724.0,0.0710,0.2978,-11.2662,-0.02659,0.01889,0.10899,0.0,
3191157,1000,1724.0,-0.6150,-0.7612,-11.2822,0.04241,0.02989,0.11299,0.0,
3191177,1000,1724.0,0.1260,1.0168,-10.8882,-0.09859,0.07389,0.09999,0.0,
3191197,1000,1724.0,-0.6890,0.6158,-10.8542,-0.09159,0.06389,0.10399,0.0,
3191217,1000,1724.0,0.5940,-0.2362,-10.6932,0.01241,0.10289,0.09299,0.0,
3191237,1000,1724.0,-0.4330,0.2598,-10.5342,-0.01359,-0.07411,0.08299,0.0,
3191257,1000,1724.0,-0.1790,-0.6242,-9.6152,0.05941,0.07089,0.09599,0.0,
3191277,1000,1724.0,0.0330,0.7148,-11.1592,-0.05759,0.04689,0.07299,0.0,
3191297,1000,1724.0,0.3480,-1.2582,-10.9732,0.08541,0.10289,0.08499,0.0,
3191317,1000,1724.0,-0.5690,-0.0282,-10.9522,0.00141,-0.00311,0.09999,0.0,
3191337,1000,1724.0,0.3210,0.0498,-11.3682,-0.01459,0.07189,0.07599,0.0,
3191357,1000,1724.0,0.2190,-0.8292,-10.8872,0.07141,0.06489,0.07499,0.0,
3191377,1000,1724.0,-0.8060,0.3848,-11.7012,-0.02659,-0.05911,0.10299,0.0,
3191397,1000,1724.0,-0.5690,0.0658,-11.2112,-0.01659,-0.00811,0.08799,0.0,
3191417,1000,1724.0,0.1100,0.6128,-11.7332,0.00741,-0.01311,0.09199,0.0,
3191437,1000,1724.0,-1.1580,1.1928,-11.8562,-0.12259,-0.01811,0.11099,0.0,
3191457,1000,1724.0,-0.1720,0.0258,-11.7972,0.00341,0.03189,0.10399,0.0,
3191477,1000,1724.0,0.5620,0.2458,-11.3852,-0.01959,0.06589,0.06899,0.0,
3191497,1000,1724.0,-0.1620,1.4058,-10.7952,-0.12859,0.06389,0.09999,0.0,
3191517,1000,1724.0,-0.1870,-0.2442,-11.1642,-0.01659,0.08789,0.08599,0.0,
3191537,1000,1724.0,0.6140,0.3488,-11.2812,-0.01759,0.04589,0.10699,0.0,
3191557,1000,1724.0,0.2590,-0.2982,-10.6392,0.01741,0.10789,0.09899,0.0,
3191577,1000,1724.0,0.7320,-0.4192,-11.0742,-0.00159,0.12589,0.09199,0.0,
3191597,1000,1724.0,-0.0670,-0.6002,-11.6382,0.03441,0.05689,0.07899,0.0,
3191617,1000,1724.0,0.9000,-0.3982,-10.6862,0.02841,0.15289,0.08799,0.0,
3191637,1000,1724.0,-0.2740,-0.0792,-12.1842,-0.01459,0.05689,0.08299,0.0,
3191657,1000,1724.0,-0.4310,-0.4802,-11.3992,-0.00459,0.05689,0.10599,0.0,
3191677,1000,1724.0,-0.3310,-0.8192,-11.1592,0.06941,0.03089,0.09399,0.0,
3191697,1000,1724.0,-0.7400,0.6518,-11.6772,-0.06059,0.00489,0.09899,0.0,
3191717,1000,1724.0,-0.7190,0.1148,-10.9772,0.01441,-0.05511,0.11299,0.0,
3191737,1000,1724.0,-0.9970,0.1358,-11.9562,-0.02959,0.01989,0.11899,0.0,
3191757,1000,1724.0,-0.4760,-0.4472,-11.2102,0.02241,-0.02311,0.10299,0.0,
3191777,1000,1724.0,-0.6490,0.6178,-11.5802,-0.05559,-0.01811,0.10999,0.0,
3191797,1000,1724.0,-0.5290,0.2118,-12.0142,-0.03359,-0.05211,0.09899,0.0,
3191817,1000,1724.0,-0.0560,0.0988,-10.8722,0.00541,0.00889,0.09899,0.0,
3191837,1000,1724.0,-0.5370,0.1678,-11.3402,0.00641,0.06689,0.09799,0.0,
3191857,1000,1724.0,0.5540,-0.0772,-12.1712,0.01241,0.09689,0.06999,0.0,
3191877,1000,1724.0,0.2130,-0.5862,-10.9602,0.03641,0.07889,0.11099,0.0,
3191897,1000,1724.0,0.8420,0.7568,-12.0592,-0.07659,0.12489,0.09399,0.0,
3191917,1000,1724.0,1.6760,0.3038,-11.1502,-0.04559,0.20589,0.06799,0.0,
3191937,1000,1724.0,-0.1000,-0.1232,-11.0282,-0.00159,0.05989,0.09199,0.0,
3191957,1000,1724.0,-0.4220,0.6308,-12.3002,-0.06259,0.02389,0.10399,0.0,
3191977,1000,1724.0,1.9300,-0.4762,-10.1012,0.01841,0.22789,0.09199,0.0,
3191997,1000,1724.0,-1.5250,1.3168,-11.9802,-0.09059,-0.05411,0.07399,0.0,
3192017,1000,1724.0,-1.0530,0.8098,-11.3272,-0.07959,0.01189,0.10299,0.0,
3192037,1000,1724.0,-0.2580,0.0248,-10.3412,-0.00359,-0.00011,0.08799,0.0,
3192057,1000,1724.0,-0.3240,1.0318,-12.0382,-0.07059,-0.00011,0.07099,0.0,
3192077,1000,1724.0,-1.1510,0.4768,-11.4992,-0.06059,-0.04011,0.10599,0.0,
3192097,1000,1724.0,-1.2010,0.2938,-12.1662,0.00141,-0.09811,0.09099,0.0,
3192117,1000,1724.0,-0.4280,0.8168,-12.0072,-0.05359,-0.02911,0.09399,0.0,
3192137,1000,1724.0,-0.6650,-0.2882,-11.3112,0.01041,0.09489,0.10299,0.0,
3192157,1000,1724.0,-1.5630,-1.1252,-13.8512,0.10441,-0.09411,0.10399,0.0,
3192177,1000,1724.0,-0.7750,-0.3222,-11.3062,0.02241,-0.00511,0.08799,0.0,
3192197,1000,1724.0,1.3870,0.2288,-11.5262,-0.04759,0.18889,0.09499,0.0,
3192217,1000,1724.0,0.4770,0.5598,-13.0552,-0.05759,0.08889,0.10299,0.0,
3192237,1000,1724.0,0.1240,-1.0862,-10.4962,0.08741,0.02189,0.08699,0.0,
3192257,1000,1724.0,0.3080,0.2448,-11.9082,-0.00759,0.08889,0.10899,0.0,
3192277,1000,1724.0,0.6360,0.8358,-11.8702,-0.07659,0.11389,0.10199,0.0,
3192297,1000,1724.0,-0.5480,0.2448,-11.2222,-0.03959,0.00889,0.10699,0.0,
3192317,1000,1724.0,0.0890,1.8168,-11.8272,-0.15259,0.05989,0.08499,0.0,
3192337,1000,1724.0,0.8830,-0.1482,-10.7212,-0.02159,0.13489,0.09599,0.0,
3192357,1000,1724.0,-0.8470,0.3498,-11.6212,-0.03759,0.01089,0.09599,0.0,
3192377,1000,1724.0,-0.3760,-0.3932,-11.6612,0.04141,0.06289,0.08899,0.0,
3192397,1000,1724.0,-0.7990,0.5668,-11.0692,-0.02359,-0.00011,0.08699,0.0,
3192417,1000,1724.0,0.2370,0.3418,-12.0012,-0.04359,0.08989,0.09699,0.0,
3192437,1000,1724.0,-0.0950,-0.0912,-11.0572,-0.02259,0.05689,0.08399,0.0,
3192457,1000,1724.0,-0.9310,-0.4832,-12.7032,0.02341,-0.04311,0.09999,0.0,
3192477,1000,1724.0,-0.2480,-0.4172,-11.3912,0.02141,-0.01811,0.08499,0.0,
3192497,1000,1724.0,0.3260,-0.8122,-10.6212,0.04941,0.10489,0.09099,0.0,
3192517,1000,1724.0,-1.2620,-0.5142,-12.3592,0.07241,-0.08711,0.08599,0.0,
3192537,1000,1724.0,-0.4010,0.1318,-11.0452,-0.00259,-0.02211,0.07899,0.0,
3192557,1000,1724.0,0.2390,-0.6082,-11.0322,0.03541,0.05689,0.11499,0.0,
3192577,1000,1724.0,-0.0380,0.6338,-12.4242,-0.06459,0.02589,0.10499,0.0,
3192597,1000,1724.0,0.3330,-0.0892,-10.4402,0.00741,0.03589,0.09099,0.0,
3192617,1000,1724.0,0.4240,0.2928,-10.8092,-0.05759,0.05889,0.09999,0.0,
3192637,1000,1724.0,0.6170,0.1538,-10.9052,-0.00659,0.07889,0.08199,0.0,
3192657,1000,1724.0,-0.1920,0.2238,-11.1232,-0.01259,0.04189,0.10299,0.0,
3192677,1000,1724.0,0.2430,0.1078,-11.7472,-0.01759,0.06189,0.09599,0.0,
3192697,1000,1724.0,0.9830,-0.1322,-9.9012,-0.01659,0.15989,0.10399,0.0,
3192717,1000,1724.0,-0.5200,-0.2802,-11.6982,-0.00459,0.02389,0.09799,0.0,
3192737,1000,1724.0,0.8000,-0.2382,-11.3322,0.01441,0.10489,0.08299,0.0,
3192757,1000,1724.0,-0.5830,-0.5932,-11.2842,0.03541,0.00389,0.09999,0.0,
3192777,1000,1724.0,0.1920,-0.4742,-11.4982,0.02441,0.05189,0.09699,0.0,
3192797,1000,1724.0,0.3200,-0.3622,-10.6742,0.03141,0.11389,0.08299,0.0,
3192817,1000,1724.0,-1.9780,-0.0092,-11.3472,-0.00259,-0.14911,0.11099,0.0,
3192837,1000,1724.0,-0.5570,-0.0352,-11.6262,-0.00659,-0.01611,0.08799,0.0,
3192857,1000,1724.0,-0.1110,0.0988,-10.3652,-0.02959,0.05789,0.10399,0.0,
3192877,1000,1724.0,-1.8240,-0.6132,-12.0302,0.04241,-0.14811,0.08699,0.0,
3192897,1000,1724.0,-0.6160,-0.0172,-11.4982,-0.00959,-0.01911,0.09599,0.0,
3192917,1000,1724.0,-0.4000,-0.6222,-10.3292,0.03441,0.01089,0.09999,0.0,
3192937,1000,1724.0,-0.6600,-0.2972,-11.6452,-0.01959,-0.01911,0.10699,0.0,
3192957,1000,1724.0,-0.2990,-0.4822,-10.3322,0.02941,0.04889,0.10299,0.0,
3192977,1000,1724.0,0.8520,-0.4082,-11.5362,-0.00859,0.10289,0.10299,0.0,
3192997,1000,1724.0,0.9540,-0.7332,-11.0692,0.01841,0.22689,0.08099,0.0,
3193017,1000,1724.0,0.8080,-0.2892,-10.5842,0.03341,0.06889,0.09699,0.0,
3193037,1000,1724.0,0.5470,-0.9772,-11.3842,0.06741,0.05689,0.10199,0.0,
3193057,1000,1724.0,1.2540,-0.6482,-10.0202,0.02941,0.17089,0.11099,0.0,
3193077,1000,1724.0,-0.0200,-0.3562,-11.6772,0.03741,0.00489,0.08999,0.0,
3193097,1000,1724.0,0.5930,-0.7662,-11.3672,0.05441,0.06489,0.08799,0.0,
3193117,1000,1724.0,-0.6870,0.6468,-10.3592,-0.05259,0.00889,0.09799,0.0,
3193137,1000,1724.0,-0.7130,-1.0152,-11.4512,0.05641,-0.04511,0.09399,0.0,
3193157,1000,1724.0,-0.3990,-0.2302,-10.6042,0.01641,0.00389,0.08999,0.0,
3193177,1000,1724.0,-1.6880,0.2198,-11.4242,-0.00759,-0.13111,0.10499,0.0,
3193197,1000,1724.0,-1.1290,-0.5172,-11.3402,0.03141,-0.07111,0.08099,0.0,
3193217,1000,1724.0,-2.0830,0.3998,-10.5852,-0.04159,-0.13811,0.09299,0.0,
3193237,1000,1724.0,-0.7660,-0.1382,-11.4562,-0.00159,-0.04911,0.08199,0.0,
3193257,1000,1724.0,-1.3400,-0.0812,-11.1372,-0.00259,-0.08611,0.09799,0.0,
3193277,1000,1724.0,0.3740,-0.5762,-10.2402,0.02141,0.09489,0.07299,0.0,
3193297,1000,1724.0,0.2450,-0.5972,-10.7322,0.00841,0.06189,0.09799,0.0,
3193317,1000,1724.0,0.4860,-0.5232,-10.5912,0.03441,0.14689,0.08399,0.0,
3193337,1000,1724.0,-0.0380,0.2748,-10.8162,-0.03059,-0.04011,0.10599,0.0,
3193357,1000,1724.0,1.3080,-0.5952,-10.4662,0.01141,0.17389,0.11399,0.0,
3193377,1000,1724.0,0.2110,0.6958,-10.7862,-0.04859,0.07189,0.10999,0.0,
3193397,1000,1724.0,0.4000,-0.6422,-11.8842,0.04641,0.02389,0.07599,0.0,
3193417,1000,1724.0,0.4040,0.5838,-10.4312,-0.08559,0.11389,0.11599,0.0,
3193437,1000,1724.0,0.5590,0.2108,-11.1552,-0.00659,0.10589,0.11199,0.0,
3193457,1000,1724.0,-0.3190,-0.6492,-11.0762,0.03541,-0.01811,0.09899,0.0,
3193477,1000,1724.0,-1.7270,0.1868,-10.3502,-0.01859,-0.07811,0.09099,0.0,
3193497,1000,1724.0,-0.6890,-0.2392,-11.6572,-0.00159,0.00089,0.10899,0.0,
3193517,1000,1724.0,-1.0180,-0.4422,-10.7842,0.03341,-0.05011,0.10199,0.0,
3193537,1000,1724.0,-0.4770,-1.0252,-11.2092,0.05541,-0.01511,0.09999,0.0,
3193557,1000,1724.0,-1.1260,0.1658,-11.4332,-0.01859,-0.05111,0.10799,0.0,
3193577,1000,1724.0,-0.6090,-0.5062,-10.7992,0.01241,0.02989,0.09699,0.0,
3193597,1000,1724.0,-1.0940,-0.6232,-11.6442,0.03041,-0.07411,0.07899,0.0,
3193617,1000,1724.0,0.3380,-0.7162,-10.3352,0.03641,0.04489,0.09599,0.0,
3193637,1000,1724.0,-0.6060,-0.3632,-10.5492,0.00941,0.01789,0.09799,0.0,
3193657,1000,1724.0,0.8690,-0.6292,-10.8622,0.00941,0.09889,0.09099,0.0,
3193677,1000,1724.0,0.4300,-0.2252,-10.1762,0.02641,0.05889,0.09199,0.0,
3193697,1000,1724.0,-0.7100,0.4818,-11.6342,-0.04059,-0.01211,0.08599,0.0,
3193717,1000,1724.0,0.9650,0.5178,-10.4222,-0.07059,0.16089,0.10299,0.0,
3193737,1000,1724.0,0.6510,0.3928,-9.9932,-0.04259,0.09889,0.08899,0.0,
3193757,1000,1724.0,-0.2040,-0.4552,-11.5242,0.03641,-0.01211,0.08199,0.0,
3193777,1000,1724.0,0.9480,0.0068,-10.5342,-0.02059,0.18689,0.10299,0.0,
3193797,1000,1724.0,-0.7220,0.6518,-10.7742,-0.04059,-0.00111,0.09399,0.0,
3193817,1000,1724.0,-0.2640,-0.8722,-11.4982,0.07341,0.00889,0.09399,0.0,
3193837,1000,1724.0,-1.3370,-0.0372,-10.9462,0.01741,-0.06311,0.09199,0.0,
3193857,1000,1724.0,-0.7200,0.3068,-11.9412,-0.02459,0.00289,0.09599,0.0,
3193877,1000,1724.0,-0.1510,-0.2132,-11.4722,0.02941,0.03389,0.09499,0.0,
3193897,1000,1724.0,0.2240,-0.2122,-11.6292,0.01641,0.02289,0.09299,0.0,
3193917,1000,1724.0,-0.5740,0.4008,-11.9492,-0.03359,-0.01411,0.10399,0.0,
3193937,1000,1724.0,0.1380,-0.6102,-10.9412,0.05341,0.07089,0.09099,0.0,
3193957,1000,1724.0,0.2280,-0.0992,-12.0792,0.01541,0.07789,0.10099,0.0,
3193977,1000,1724.0,-0.4490,-0.0242,-10.7702,-0.01659,0.01789,0.10999,0.0,
3193997,1000,1724.0,-0.5980,-0.6582,-11.6832,0.04641,0.01189,0.08799,0.0,
3194017,1000,1724.0,1.8580,0.6628,-10.9302,-0.10859,0.25189,0.11399,0.0,
3194037,1000,1724.0,0.3350,0.2778,-10.4442,-0.06259,0.10989,0.15099,0.0,
3194057,1000,1724.0,0.0200,-0.7232,-13.0202,0.03141,0.04389,0.15099,0.0,
3194077,1000,1724.0,1.4740,-0.2572,-11.5952,0.01241,0.19289,0.12599,0.0,
3194097,1000,1724.0,-0.9690,-0.1912,-12.2752,0.02741,-0.00811,0.12099,0.0,
3194117,1000,1724.0,0.2970,0.1548,-12.8752,-0.01459,0.07789,0.12199,0.0,
3194137,1000,1724.0,-0.2700,-0.4572,-13.0512,0.01541,0.03489,0.11599,0.0,
3194157,1000,1724.0,-0.0400,-0.7362,-11.7532,0.06241,0.00889,0.11999,0.0,
3194177,1000,1724.0,-0.0190,-0.6872,-14.3162,0.00941,0.07189,0.13199,0.0,
3194197,1000,1724.0,-1.3680,-0.1772,-12.9342,0.01641,-0.10011,0.11599,0.0,
3194217,1000,1724.0,0.5350,-0.1342,-13.5052,-0.00559,0.07189,0.11599,0.0,
3194237,1000,1724.0,-0.4890,0.0058,-11.9682,0.00041,0.01489,0.10299,0.0,
3194257,1000,1724.0,-0.2810,-0.1252,-14.3812,0.02041,0.02689,0.13099,0.0,
3194277,1000,1724.0,0.0640,0.1628,-12.6412,-0.08659,0.02589,0.11799,0.0,
3194297,1000,1724.0,-0.1100,-0.3222,-12.5422,0.04741,0.04989,0.11099,0.0,
3194317,1000,1724.0,-0.8420,-0.5802,-12.5532,-0.00159,-0.01011,0.12899,0.0,
3194337,1000,1724.0,0.7400,-0.1632,-12.4832,0.02141,0.09789,0.11699,0.0,
3194357,1000,1724.0,-0.6590,-0.3802,-12.7722,0.00641,0.00989,0.14099,0.0,
3194377,1000,1724.0,1.3080,1.2058,-13.1092,-0.11559,0.20389,0.12799,0.0,
3194397,1000,1724.0,0.3820,-0.9542,-12.1662,0.05441,0.07689,0.12099,0.0,
3194417,1000,1724.0,0.1130,0.9668,-13.1452,-0.07159,0.12289,0.12699,0.0,
3194437,1000,1724.0,0.0820,-1.0932,-12.7472,0.08341,0.05289,0.12299,0.0,
3194457,1000,1724.0,0.2400,0.1928,-12.7932,-0.03059,0.08489,0.12399,0.0,
3194477,1000,1724.0,-0.4760,-0.8512,-12.2842,0.02941,0.04189,0.11999,0.0,
3194497,1000,1724.0,1.0260,0.8458,-13.2412,-0.06759,0.16689,0.11399,0.0,
3194517,1000,1724.0,-0.1920,-0.4322,-11.9992,0.02141,0.03389,0.12599,0.0,
3194537,1000,1724.0,-0.2880,0.7308,-13.7612,-0.04559,0.03389,0.12699,0.0,
3194557,1000,1724.0,-0.3530,-0.8472,-12.4042,0.08541,0.02089,0.13299,0.0,
3194577,1000,1724.0,-0.4740,0.1798,-13.4312,-0.04159,0.00789,0.12099,0.0,
3194597,1000,1724.0,1.0180,-0.3172,-11.6772,-0.02659,0.14589,0.13199,0.0,
3194617,1000,1724.0,-1.8940,0.3168,-13.8512,-0.01759,-0.13511,0.11699,0.0,
3194637,1000,1724.0,-0.7260,-1.0962,-12.9782,0.07541,-0.00911,0.11099,0.0,
3194657,1000,1724.0,0.4720,0.3478,-12.7172,-0.02459,0.07289,0.11899,0.0,
3194677,1000,1724.0,-1.7710,-0.4992,-13.2922,0.04641,-0.11911,0.12299,0.0,
3194697,1000,1724.0,0.9580,0.0908,-13.2812,-0.04359,0.13589,0.13299,0.0,
3194717,1000,1724.0,0.8750,-0.3242,-11.8922,0.00641,0.04889,0.10999,0.0,
3194737,1000,1724.0,-0.0590,0.1158,-14.2912,-0.02459,0.14489,0.13599,0.0,
3194757,1000,1724.0,-0.1550,-0.7442,-12.0362,0.05941,-0.01711,0.12299,0.0,
3194777,1000,1724.0,-0.3400,0.7688,-13.8922,-0.06659,0.05889,0.10399,0.0,
3194797,1000,1724.0,0.1220,-0.7232,-11.7432,0.07941,0.06489,0.14499,0.0,
3194817,1000,1724.0,1.1760,0.0968,-13.3902,-0.07559,0.19989,0.12599,0.0,
3194837,1000,1724.0,0.0960,-0.3712,-12.7552,0.01241,-0.01311,0.13699,0.0,
3194857,1000,1724.0,-0.1890,-0.0502,-12.9092,-0.00059,0.07589,0.11799,0.0,
3194877,1000,1724.0,0.8800,-0.8212,-12.3272,0.04441,0.12689,0.12399,0.0,
3194897,1000,1724.0,-0.9410,0.2048,-14.0032,-0.01059,-0.02011,0.11699,0.0,
3194917,1000,1724.0,0.0080,-0.7452,-11.6302,0.04941,0.08089,0.12799,0.0,
3194937,1000,1724.0,-0.8970,0.1858,-13.0552,-0.01159,0.01589,0.11799,0.0,
3194957,1000,1724.0,-0.0260,-0.6412,-12.6032,0.03241,0.01889,0.14199,0.0,
3194977,1000,1724.0,0.3530,0.2238,-13.1452,-0.00859,0.13389,0.13299,0.0,
3194997,1000,1724.0,-0.4260,-0.4892,-11.1032,0.04141,0.00489,0.11499,0.0,
3195017,1000,1724.0,-0.3010,-0.0572,-13.3222,-0.01159,0.01389,0.12299,0.0,
3195037,1000,1724.0,0.0590,-0.1312,-12.6092,0.00241,0.08589,0.12199,0.0,
3195057,1000,1724.0,-0.6730,0.0518,-12.9012,-0.01959,-0.02211,0.14099,0.0,
3195077,1000,1724.0,-0.4780,-0.3162,-13.9232,0.02941,0.02889,0.12199,0.0,
3195097,1000,1724.0,-0.0390,-0.0532,-12.9822,0.02341,-0.05011,0.12799,0.0,
3195117,1000,1724.0,-0.1790,-0.6012,-12.9252,0.05441,0.02489,0.12099,0.0,
3195137,1000,1724.0,0.3230,-0.1172,-13.3622,-0.04459,0.15789,0.12699,0.0,
3195157,1000,1724.0,-1.8640,-1.1242,-13.5522,0.10741,-0.16311,0.13099,0.0,
3195177,1000,1724.0,-0.1930,-0.4682,-12.6332,0.02241,0.03689,0.10699,0.0,
3195197,1000,1724.0,-0.4960,0.4798,-12.4012,-0.05159,0.05189,0.11499,0.0,
3195217,1000,1724.0,0.6360,-0.8922,-13.3562,0.06341,0.04389,0.12699,0.0,
3195237,1000,1724.0,-0.2090,0.2988,-12.8632,-0.06059,0.05789,0.11499,0.0,
3195257,1000,1724.0,0.0480,0.1098,-12.7472,-0.03059,0.05789,0.12599,0.0,
3195277,1000,1724.0,0.2510,-0.0012,-13.5212,0.00641,0.05789,0.11999,0.0,
3195297,1000,1724.0,0.0660,-0.3482,-12.8422,0.00341,0.02789,0.10399,0.0,
3195317,1000,1724.0,0.0980,-0.3642,-13.2582,-0.01359,0.09489,0.11599,0.0,
3195337,1000,1724.0,0.6930,-1.5282,-12.4762,0.16441,0.06189,0.10699,0.0,
3195357,1000,1724.0,0.4040,-0.0042,-12.5982,-0.04759,0.12889,0.12399,0.0,
3195377,1000,1724.0,-0.0120,-0.5232,-11.5922,0.01741,0.03589,0.12399,0.0,
3195397,1000,1724.0,0.2850,0.3528,-13.0462,-0.01759,0.15289,0.11899,0.0,
3195417,1000,1724.0,0.2840,-0.7102,-12.2812,0.00441,0.10789,0.12399,0.0,
3195437,1000,1724.0,0.3190,0.5778,-13.2582,-0.02359,0.00989,0.12199,0.0,
3195457,1000,1724.0,0.3290,-0.9522,-10.8472,0.06441,0.09889,0.11799,0.0,
3195477,1000,1724.0,-0.0850,0.5358,-13.2282,-0.05359,0.05889,0.12099,0.0,
3195497,1000,1724.0,-1.1110,-1.0572,-12.6352,0.07441,-0.02911,0.13399,0.0,
3195517,1000,1724.0,-0.4290,0.2748,-13.0972,-0.03259,0.01889,0.12299,0.0,
3195537,1000,1724.0,-1.4490,0.0368,-13.1272,0.02741,-0.07111,0.10999,0.0,
3195557,1000,1724.0,0.4950,-1.3142,-12.7692,0.08541,0.09689,0.13299,0.0,
3195577,1000,1724.0,-1.3550,0.0378,-13.1072,-0.00559,-0.07411,0.13399,0.0,
3195597,1000,1724.0,-0.5480,0.0798,-14.6802,0.00341,-0.00411,0.12999,0.0,
3195617,1000,1724.0,-0.3360,-0.2172,-12.1582,-0.01759,-0.01111,0.13099,0.0,
3195637,1000,1724.0,-0.8910,-0.0842,-13.9362,-0.01559,0.01289,0.13999,0.0,
3195657,1000,1724.0,0.5060,-0.3942,-12.1182,0.00641,0.08989,0.11499,0.0,
3195677,1000,1724.0,-0.4490,-0.8222,-14.2152,0.08841,0.02289,0.11799,0.0,
3195697,1000,1724.0,0.0460,0.1808,-11.8412,-0.01459,0.06089,0.10799,0.0,
3195717,1000,1724.0,1.0580,-1.5552,-13.3972,0.08541,0.11789,0.13399,0.0,
3195737,1000,1724.0,0.1320,0.6508,-12.8372,-0.06859,0.06689,0.11099,0.0,
3195757,1000,1724.0,0.6580,-0.8632,-12.5332,0.03041,0.09989,0.14799,0.0,
3195777,1000,1724.0,0.1290,0.4948,-12.2442,-0.05959,0.07489,0.10199,0.0,
3195797,1000,1724.0,-0.1750,-0.0922,-13.6972,0.00541,0.02389,0.11999,0.0,
3195817,1000,1724.0,1.8740,-0.4892,-11.3002,0.01941,0.23889,0.11799,0.0,
3195837,1000,1724.0,0.9350,-0.3722,-12.6582,0.00141,0.12689,0.12799,0.0,
3195857,1000,1724.0,-0.3350,0.1418,-12.7512,-0.00659,0.01389,0.12199,0.0,
3195877,1000,1724.0,1.2750,0.1018,-12.6382,-0.02159,0.19689,0.11699,0.0,
3195897,1000,1724.0,-0.0440,0.0108,-11.6812,-0.00559,0.08389,0.10799,0.0,
3195917,1000,1724.0,0.7600,-1.0422,-13.0002,0.07241,0.07689,0.11499,0.0,
3195937,1000,1724.0,0.5680,0.4938,-12.8002,-0.03859,0.09989,0.11999,0.0,
3195957,1000,1724.0,-0.8020,0.5198,-12.6652,-0.04959,0.00589,0.14899,0.0,
3195977,1000,1724.0,-0.7590,-0.3332,-12.8552,0.02341,-0.01211,0.12599,0.0,
3195997,1000,1724.0,-0.8720,-0.0482,-12.4012,0.01041,-0.00611,0.10999,0.0,
3196017,1000,1724.0,0.7560,0.1408,-13.0272,-0.03459,0.09189,0.14499,0.0,
3196037,1000,1724.0,-1.4470,-0.3372,-12.6262,0.03241,-0.05811,0.12299,0.0,
3196057,1000,1724.0,-1.0230,-0.3272,-14.2622,0.04541,-0.09511,0.12699,0.0,
3196077,1000,1724.0,1.0220,-0.3922,-12.0732,0.03141,0.10489,0.12299,0.0,
3196097,1000,1724.0,-0.5470,-0.2192,-13.0562,0.01941,0.05589,0.13199,0.0,
3196117,1000,1724.0,-1.3000,0.2948,-14.1032,-0.01159,-0.08911,0.09399,0.0,
3196137,1000,1724.0,0.5110,-0.5702,-12.8672,0.03941,0.07589,0.12799,0.0,
3196157,1000,1724.0,-0.5780,-0.5742,-11.8742,0.02441,0.06189,0.11999,0.0,
3196177,1000,1724.0,0.7690,0.1998,-13.9142,-0.01359,0.03989,0.14199,0.0,
3196197,1000,1724.0,0.1900,-0.4362,-11.4872,-0.00359,0.10989,0.10399,0.0,
3196217,1000,1724.0,0.3230,-0.3022,-13.1672,0.04841,0.07189,0.13699,0.0,
3196237,1000,1724.0,0.9970,-0.1542,-12.3772,-0.02959,0.13789,0.10699,0.0,
3196257,1000,1724.0,0.2340,-0.0522,-13.0602,-0.00459,0.07689,0.13699,0.0,
3196277,1000,1724.0,-0.3210,-0.3372,-12.7792,0.02141,0.08589,0.12599,0.0,
3196297,1000,1724.0,2.2970,0.2328,-11.9742,-0.07859,0.23389,0.13199,0.0,
3196317,1000,1724.0,-0.9780,-0.4832,-12.4042,0.02541,-0.01811,0.12099,0.0,
3196337,1000,1724.0,0.9170,0.1508,-12.9232,-0.03959,0.12489,0.12399,0.0,
3196357,1000,1724.0,0.6770,-0.3632,-12.6132,0.04241,0.12789,0.12399,0.0,
3196377,1000,1724.0,0.5280,0.3338,-12.8192,-0.01359,0.11689,0.11499,0.0,
3196397,1000,1724.0,0.7880,-0.4602,-12.6662,0.01841,0.05289,0.11399,0.0,
3196417,1000,1724.0,-0.3640,-0.0132,-12.0722,0.00141,0.03589,0.11099,0.0,
3196437,1000,1724.0,-1.1570,-0.2172,-12.9832,0.02041,-0.04511,0.10599,0.0,
3196457,1000,1724.0,1.2810,0.1618,-12.6022,-0.02759,0.18289,0.10699,0.0,
3196477,1000,1724.0,-0.2780,-0.3472,-13.6072,0.00641,0.02489,0.14599,0.0,
3196497,1000,1724.0,0.1590,0.1138,-12.1292,-0.02559,0.06089,0.12999,0.0,
3196517,1000,1724.0,0.9360,-0.4262,-12.2092,0.04041,0.14389,0.12199,0.0,
3196537,1000,1724.0,-2.0430,0.8968,-12.8592,-0.10759,-0.14011,0.13499,0.0,
3196557,1000,1724.0,0.2710,-0.2552,-13.0052,0.01941,0.08589,0.12299,0.0,
3196577,1000,1724.0,-1.1070,-0.3942,-14.0472,0.02941,-0.04411,0.11599,0.0,
3196597,1000,1724.0,-0.5250,0.2368,-12.7692,-0.02559,0.00389,0.10999,0.0,
3196617,1000,1724.0,-0.7620,-1.1152,-12.1422,0.07741,-0.00511,0.14399,0.0,
3196637,1000,1724.0,0.1420,-0.1802,-13.4822,0.01441,0.04189,0.11499,0.0,
3196657,1000,1724.0,0.1400,0.2118,-11.5932,-0.04959,0.04389,0.10599,0.0,
3196677,1000,1724.0,0.6080,-0.7032,-13.2362,0.07841,0.10289,0.11799,0.0,
3196697,1000,1724.0,-0.5640,0.0828,-11.9052,-0.01659,-0.01111,0.11499,0.0,
3196717,1000,1724.0,1.2730,0.1668,-12.5052,-0.06559,0.18789,0.14599,0.0,
3196737,1000,1724.0,-0.1330,-1.0202,-11.7892,0.07241,0.04189,0.12199,0.0,
3196757,1000,1724.0,0.5450,0.5248,-13.7532,-0.07859,0.08389,0.12599,0.0,
3196777,1000,1724.0,1.1380,-1.7342,-11.8412,0.13441,0.17689,0.11999,0.0,
3196797,1000,1724.0,0.1290,0.1968,-12.3632,-0.00759,0.06589,0.12299,0.0,
3196817,1000,1724.0,0.5210,-1.2482,-12.9742,0.09741,0.08389,0.10799,0.0,
3196837,1000,1724.0,0.4800,-0.1742,-12.2492,0.03241,0.10589,0.12599,0.0,
3196857,1000,1724.0,-0.7260,0.7378,-12.5072,-0.09359,0.00989,0.13399,0.0,
3196877,1000,1724.0,-0.7250,-0.0862,-12.8272,-0.00159,0.01189,0.12099,0.0,
3196897,1000,1724.0,-0.5680,-0.6442,-12.4512,0.04641,0.00289,0.11399,0.0,
3196917,1000,1724.0,-0.2170,0.5608,-12.9762,-0.05159,0.03189,0.12099,0.0,
3196937,1000,1724.0,-0.9700,-0.5422,-13.0582,0.01441,-0.02911,0.11199,0.0,
3196957,1000,1724.0,-0.4020,0.6578,-13.2822,-0.05559,-0.01011,0.11799,0.0,
3196977,1000,1724.0,0.0900,-0.3772,-12.7272,0.07841,-0.02311,0.09699,0.0,
3196997,1000,1724.0,-0.9040,0.0848,-12.2302,-0.05959,0.06489,0.13599,0.0,
3197017,1000,1724.0,-0.6450,-0.0202,-14.7342,0.01541,-0.03011,0.11499,0.0,
3197037,1000,1724.0,0.8120,-1.1052,-11.8082,0.06641,0.11889,0.12199,0.0,
3197057,1000,1724.0,0.7150,0.5608,-12.5012,-0.05059,0.11789,0.12299,0.0,
3197077,1000,1724.0,-1.2090,-0.7052,-13.3502,0.03541,-0.05611,0.11999,0.0,
3197097,1000,1724.0,-0.4650,0.5288,-12.7362,-0.03359,0.00889,0.11699,0.0,
3197117,1000,1724.0,-1.3220,0.2908,-12.1582,-0.03159,-0.05811,0.11399,0.0,
3197137,1000,1724.0,1.1240,-0.8812,-13.2002,0.05541,0.12589,0.13799,0.0,
3197157,1000,1724.0,0.5370,0.0308,-12.2482,-0.01559,0.07889,0.11999,0.0,
3197177,1000,1724.0,0.2570,0.0448,-12.5202,-0.00259,0.08789,0.11699,0.0,
3197197,1000,1724.0,-0.0570,-0.6652,-12.2382,0.04941,0.06389,0.12199,0.0,
3197217,1000,1724.0,-0.4000,-0.1272,-13.3562,0.01941,0.01189,0.08799,0.0,
3197237,1000,1724.0,-1.0470,-0.1452,-12.2822,-0.01859,0.00989,0.15099,0.0,
3197257,1000,1724.0,1.3050,0.0878,-12.7702,0.00241,0.19889,0.11299,0.0,
3197277,1000,1724.0,-1.0820,-0.1132,-12.9402,0.02341,-0.01911,0.13099,0.0,
3197297,1000,1724.0,0.1930,-0.2012,-12.4682,-0.02659,0.01789,0.12899,0.0,
3197317,1000,1724.0,0.1720,-0.1392,-12.1312,-0.01659,0.10989,0.12899,0.0,
3197337,1000,1724.0,0.0720,-0.8872,-12.3382,0.08941,0.03589,0.11499,0.0,
3197357,1000,1724.0,-0.5000,-0.0402,-12.9442,-0.02359,0.00889,0.12199,0.0,
3197377,1000,1724.0,-0.5300,-0.5132,-13.2892,0.04541,0.01089,0.11599,0.0,
3197397,1000,1724.0,-0.1830,0.1858,-12.4332,-0.04359,0.03389,0.13199,0.0,
3197417,1000,1724.0,1.1800,-0.7812,-12.3232,0.03541,0.15589,0.12999,0.0,
3197437,1000,1724.0,-1.3920,-0.2942,-13.2312,0.02841,-0.08711,0.12599,0.0,
3197457,1000,1724.0,-0.1300,0.3008,-12.5622,-0.03259,0.02989,0.12899,0.0,
3197477,1000,1724.0,-0.5950,-0.1992,-13.7012,0.03841,-0.00811,0.10199,0.0,
3197497,1000,1724.0,-0.3300,-1.0702,-12.0892,0.04441,0.01189,0.13399,0.0,
3197517,1000,1724.0,0.4160,-0.2242,-13.2082,0.03741,0.08089,0.10499,0.0,
3197537,1000,1724.0,-0.8340,0.2208,-13.0222,-0.06359,-0.00811,0.13099,0.0,
3197557,1000,1724.0,-0.1110,0.1888,-13.2352,-0.02659,0.04789,0.11499,0.0,
3197577,1000,1724.0,-0.1000,0.0708,-11.7702,-0.03259,0.05589,0.12199,0.0,
3197597,1000,1724.0,-0.2300,-0.4442,-13.1492,0.05941,0.00489,0.10799,0.0,
3197617,1000,1724.0,0.1580,-0.4482,-11.3312,0.00841,0.10989,0.13499,0.0,
3197637,1000,1724.0,0.7420,0.6638,-13.1522,-0.05859,0.08889,0.09799,0.0,
3197657,1000,1724.0,-0.4210,-0.8212,-12.4992,0.05941,0.03089,0.13299,0.0,
3197677,1000,1724.0,-0.2660,1.2448,-13.3262,-0.10559,0.06589,0.10699,0.0,
3197697,1000,1724.0,-0.1340,-1.4842,-11.0652,0.09741,0.06189,0.13399,0.0,
3197717,1000,1724.0,0.2500,-0.2442,-13.4322,0.01241,0.06489,0.11399,0.0,
3197737,1000,1724.0,0.1900,-0.1882,-11.7292,0.02141,0.07989,0.12399,0.0,
3197757,1000,1724.0,-0.7080,0.1318,-13.0022,-0.00359,0.00789,0.12699,0.0,
3197777,1000,1724.0,-1.0020,0.1718,-12.8462,-0.00459,-0.02711,0.11599,0.0,
3197797,1000,1724.0,-1.2200,-0.4442,-13.1272,0.04641,-0.12311,0.12199,0.0,
3197817,1000,1724.0,-1.1540,-0.0452,-12.9922,0.02541,-0.06111,0.12499,0.0,
3197837,1000,1724.0,-0.7080,0.5828,-13.1392,-0.08759,0.04589,0.11799,0.0,
3197857,1000,1724.0,-0.6300,-1.5372,-13.1742,0.13441,-0.01011,0.10899,0.0,
3197877,1000,1724.0,0.4710,0.3468,-12.8022,-0.05959,0.08189,0.12099,0.0,
3197897,1000,1724.0,-0.7390,-0.0092,-12.2002,-0.00559,0.01289,0.13699,0.0,
3197917,1000,1724.0,-1.1220,0.2628,-13.4862,-0.03659,-0.08411,0.10699,0.0,
3197937,1000,1724.0,-0.3020,0.7008,-12.6832,-0.06559,0.02589,0.11899,0.0,
3197957,1000,1724.0,-1.0200,-0.2802,-12.2032,0.01141,-0.04511,0.12899,0.0,
3197977,1000,1724.0,0.8790,-0.2812,-13.4672,-0.01059,0.12589,0.11399,0.0,
3197997,1000,1724.0,0.0700,-0.6872,-11.2272,0.01341,0.02589,0.10199,0.0,
3198017,1000,1724.0,-1.1160,0.5798,-13.6592,-0.04259,0.03689,0.14199,0.0,
3198037,1000,1724.0,1.5870,-1.1792,-11.5492,0.05041,0.12389,0.09899,0.0,
3198057,1000,1724.0,-0.4960,1.0938,-13.0552,-0.08859,0.04889,0.13199,0.0,
3198077,1000,1724.0,-0.2600,-0.5682,-11.2152,0.03741,0.02489,0.03999,0.0,
3198097,1000,1724.0,0.5040,-0.8392,-9.7912,0.05941,0.09889,0.09399,0.0,
3198117,1000,1724.0,-0.8970,-1.0612,-9.7812,0.08441,-0.07311,0.01999,0.0,
3198137,1000,1724.0,-0.9370,0.7528,-9.6152,-0.06059,-0.00011,0.04699,0.0,
3198157,1000,1724.0,-1.8180,0.0218,-9.8712,0.01041,-0.18711,0.05899,0.0,
3198177,1000,1724.0,-0.1350,-0.2392,-8.7112,-0.00159,0.01689,0.04199,0.0,
3198197,1000,1724.0,-0.5830,0.2158,-7.6282,-0.04059,-0.01211,0.05099,0.0,
3198217,1000,1724.0,0.8360,0.3388,-6.0112,-0.02859,0.13389,0.00899,0.0,
3198237,1000,1724.0,-0.4850,-0.6722,-7.8732,0.05541,-0.05911,0.00099,0.0,
3198257,1000,1724.0,-0.5090,0.1158,-6.6382,-0.02759,-0.01911,0.01999,0.0,
3198277,1000,1724.0,0.5430,-0.7822,-5.0922,0.01941,0.10689,0.00999,0.0,
3198297,1000,1724.0,0.0310,-0.2332,-5.2762,0.01841,0.01589,0.01299,0.0,
3198317,1000,1724.0,0.3240,0.3358,-4.1672,-0.02459,0.08489,0.01499,0.0,
3198337,1000,1724.0,-1.0110,-0.8552,-5.5452,0.04141,-0.11311,-0.00401,0.0,
3198357,1000,1724.0,-0.3710,0.2958,-3.5092,-0.01759,-0.00411,0.00099,0.0,
3198377,1000,1724.0,-0.8410,-0.3202,-4.2882,-0.01159,-0.08111,0.00499,0.0,
3198397,1000,1724.0,0.2880,0.0568,-3.7042,0.00941,0.01589,-0.00201,0.0,
3198417,1000,1724.0,-0.2960,-0.0642,-2.8102,0.00141,-0.00011,-0.01001,0.0,
3198437,1000,1724.0,0.0290,-0.5422,-3.0292,0.01541,0.01389,-0.00701,0.0,
3198457,1000,1724.0,-0.8910,-0.1782,-2.7432,0.00841,-0.05011,-0.00401,0.0,
3198477,1000,1724.0,-0.8940,0.1578,-2.8582,-0.00759,-0.07211,-0.00201,0.0,
3198497,1000,1724.0,-0.3130,-0.1922,-2.3602,0.00841,-0.03311,-0.01101,0.0,
3198517,1000,1724.0,-0.8730,-0.1782,-2.2522,0.00141,-0.06311,-0.00301,0.0,
3198537,1000,1724.0,-0.5220,0.3798,-2.0012,-0.03859,-0.03611,-0.00001,0.0,
3198557,1000,1724.0,0.1370,-0.4892,-1.5812,0.03541,0.01589,-0.00901,0.0,
3198577,1000,1724.0,-0.7930,-0.0422,-1.9592,-0.00359,-0.07111,-0.00601,0.0,
3198597,1000,1724.0,0.4790,-0.2842,-1.6352,0.01241,0.04789,-0.00301,0.0,
3198617,1000,1724.0,0.0840,-0.6002,-1.5252,0.03241,0.00589,-0.00901,0.0,
3198637,1000,1724.0,-0.6030,-0.4202,-1.3092,0.01741,-0.04011,-0.00401,0.0,
3198657,1000,1724.0,0.1630,-0.2842,-1.2892,0.00541,0.00689,-0.00401,0.0,
3198677,1000,1724.0,0.2910,0.0258,-1.4452,-0.00459,0.01789,-0.00401,0.0,
3198697,1000,1724.0,0.4490,0.2128,-1.3142,-0.02759,0.02889,-0.00601,0.0,
3198717,1000,1724.0,-0.1250,-0.4692,-1.3722,0.04841,0.00789,-0.01301,0.0,
3198737,1000,1724.0,-0.2620,-1.2522,-0.9432,0.04841,-0.02111,-0.00601,0.0,
3198757,1000,1724.0,-0.8160,-0.5952,-0.6342,0.04841,-0.06411,-0.01101,0.0,
3198777,1000,1724.0,0.1150,1.2178,-1.1252,-0.08359,-0.00111,-0.00501,0.0,
3198797,1000,1724.0,0.1450,0.1558,-1.4982,-0.02459,0.00989,-0.00801,0.0,
3198817,1000,1724.0,-0.1930,-2.1442,-0.7392,0.15141,-0.01811,-0.00901,0.0,
3198837,1000,1724.0,-0.3380,-0.3862,-0.5822,0.03241,-0.04211,-0.00801,0.0,
3198857,1000,1724.0,0.6190,0.9608,-1.1752,-0.08559,0.05189,-0.00201,0.0,
3198877,1000,1724.0,0.5670,-0.6402,-1.1592,0.03841,0.04789,-0.01201,0.0,
3198897,1000,1724.0,0.0810,-0.7462,-0.4522,0.04441,-0.00311,-0.00501,0.0,
3198917,1000,1724.0,0.0270,-0.4352,-0.8662,0.02041,0.01089,-0.00601,0.0,
3198937,1000,1724.0,-0.1590,-0.2292,-0.6652,0.02441,-0.02211,-0.00801,0.0,
3198957,1000,1724.0,0.7470,0.4158,-0.9882,-0.04259,0.05689,-0.00501,0.0,
3198977,1000,1724.0,-0.7760,-0.8952,-0.8452,0.06341,-0.06611,-0.00901,0.0,
3198997,1000,1724.0,-0.7680,0.0148,-0.7982,-0.00459,-0.07211,-0.00501,0.0,
3199017,1000,1724.0,-0.0800,-0.6182,-0.6572,0.03841,-0.01211,-0.00401,0.0,
3199037,1000,1724.0,-0.0520,0.3218,-0.7742,-0.04259,-0.01311,-0.00301,0.0,
3199057,1000,1724.0,-0.4180,-0.2572,-0.8792,0.01641,-0.03711,-0.00201,0.0,
3199077,1000,1724.0,-0.0560,-0.0952,-0.6802,-0.00559,-0.01111,-0.00901,0.0,
3199097,1000,1724.0,-0.5120,-0.5892,-0.3902,0.04441,-0.04211,-0.01001,0.0,
3199117,1000,1724.0,-0.3480,0.2118,-0.7422,-0.02059,-0.03011,-0.01101,0.0,
3199137,1000,1724.0,0.1220,-0.5262,-0.5492,0.04041,0.00389,-0.01401,0.0,
3199157,1000,1724.0,-0.5730,0.0438,-0.6482,-0.00959,-0.03711,-0.00701,0.0,
3199177,1000,1724.0,-1.0900,0.0548,-0.6402,-0.01759,-0.09311,-0.00601,0.0,
3199197,1000,1724.0,-0.0810,-0.3962,-0.6722,0.02541,-0.00511,-0.00801,0.0,
3199217,1000,1724.0,-0.0900,0.0888,-0.5342,-0.02059,-0.01111,-0.00501,0.0,
3199237,1000,1724.0,-0.1060,-0.2832,-0.5482,0.00841,-0.01711,-0.00301,0.0,
3199257,1000,1724.0,0.3150,-0.3522,-0.5482,0.02341,0.03289,-0.00801,0.0,
3199277,1000,1724.0,-0.5480,-0.0652,-0.5652,0.00041,-0.05411,-0.00601,0.0,
3199297,1000,1724.0,0.0500,-0.4682,-0.5192,0.03141,0.00189,-0.00301,0.0,
3199317,1000,1724.0,0.3080,-0.1812,-0.5202,0.00341,0.02589,-0.00501,0.0,
3199337,1000,1724.0,-0.1830,-0.0662,-0.5492,-0.00159,-0.02311,-0.00901,0.0,
3199357,1000,1724.0,-0.1860,-0.4142,-0.5962,0.02941,-0.02011,-0.01001,0.0,
3199377,1000,1724.0,0.1720,-0.2012,-0.4272,-0.00159,0.01289,-0.00701,0.0,
3199397,1000,1724.0,-0.9730,-0.1952,-0.6662,0.00841,-0.08411,-0.00701,0.0,
3199417,1000,1724.0,0.1330,-0.4212,-0.5392,0.01941,0.01289,-0.00401,0.0,
3199437,1000,1724.0,-0.6070,-0.2482,-0.4672,0.01941,-0.04811,-0.01401,0.0,
3199457,1000,1724.0,-0.8280,-0.0312,-0.4632,-0.00559,-0.07011,-0.00701,0.0,
3199477,1000,1724.0,-0.6310,0.0178,-0.7272,-0.01259,-0.05311,-0.00401,0.0,
3199497,1000,1724.0,-0.5660,-0.0532,-0.4782,-0.00159,-0.05011,-0.00701,0.0,
3199517,1000,1724.0,-0.4680,0.1838,-0.5402,-0.03259,-0.03311,0.00599,0.0,
3199537,1000,1724.0,0.1590,-0.1102,-0.4752,-0.00659,0.00489,-0.00101,0.0,
3199557,1000,1724.0,0.3370,-0.3892,-0.4192,0.01541,0.02189,-0.00601,0.0,
3199577,1000,1724.0,0.6680,-0.5472,-0.5182,0.03241,0.05089,-0.00901,0.0,
3199597,1000,1724.0,0.2590,-0.4502,-0.3822,0.02941,0.02189,-0.00801,0.0,
3199617,1000,1724.0,0.2330,-0.3432,-0.4322,0.02541,0.00989,-0.00901,0.0,
3199637,1000,1724.0,-0.5200,-0.3972,-0.5152,0.02941,-0.04411,-0.01301,0.0,
3199657,1000,1724.0,-0.1770,-0.1272,-0.3972,0.00741,-0.01811,-0.00701,0.0,
3199677,1000,1724.0,0.4950,-0.3902,-0.3962,0.02341,0.03589,-0.00701,0.0,
3199697,1000,1724.0,-0.5730,-0.1582,-0.4502,0.00541,-0.04811,-0.00901,0.0,
3199717,1000,1724.0,0.1430,-0.3252,-0.3462,0.00841,0.00289,-0.00601,0.0,
3199737,1000,1724.0,0.4160,-0.3402,-0.3122,0.01641,0.03189,-0.00401,0.0,
3199757,1000,1724.0,0.5040,-0.3132,-0.5262,0.01541,0.03189,-0.00701,0.0,
3199777,1000,1724.0,0.6420,-0.4052,-0.4012,0.02141,0.04589,-0.00201,0.0,
3199797,1000,1724.0,0.1100,0.0208,-0.4462,-0.02459,0.00789,0.00399,0.0,
3199817,1000,1724.0,0.4190,-0.3812,-0.4152,0.01641,0.03089,-0.00601,0.0,
3199837,1000,1724.0,0.4210,-0.5212,-0.1962,0.03841,0.02389,-0.01301,0.0,
3199857,1000,1724.0,-0.6520,-0.1242,-0.4082,0.00241,-0.05911,-0.01201,0.0,
3199877,1000,1724.0,0.1840,-0.2532,-0.3632,0.00641,0.01389,-0.00901,0.0,
3199897,1000,1724.0,0.2890,-0.6852,-0.6592,0.05041,0.02289,-0.01301,0.0,
3199917,1000,1724.0,-0.0020,-0.4862,-0.3292,0.04341,-0.00911,-0.01301,0.0,
3199937,1000,1724.0,0.4640,-0.5382,-0.2882,0.03741,0.03289,-0.01001,0.0,
3199957,1000,1724.0,-0.7310,-0.1642,-0.4532,0.01141,-0.05811,-0.01001,0.0,
3199977,1000,1724.0,-0.7070,0.0248,-0.4642,-0.01559,-0.06111,-0.00001,0.0,
3199997,1000,1724.0,-0.7810,-0.2602,-0.5532,0.01041,-0.06311,-0.01601,0.0,
3200017,1000,1724.0,-0.6200,-0.0112,-0.5632,-0.00559,-0.05611,-0.00901,0.0,
3200037,1000,1724.0,0.2930,-0.4052,-0.2512,0.02341,0.01789,-0.01001,0.0,
3200057,1000,1724.0,0.0270,0.1918,-0.5122,-0.03759,0.00189,0.00499,0.0,
3200077,1000,1724.0,-0.3160,0.1438,-0.5762,-0.02959,-0.02211,0.00299,0.0,
3200097,1000,1724.0,-0.6720,-0.0432,-0.5532,-0.00659,-0.05111,0.00899,0.0,
3200117,1000,1724.0,0.0190,-0.3542,-0.3192,0.01341,-0.00711,-0.00901,0.0,
3200137,1000,1724.0,-0.1170,-0.2452,-0.6252,0.00641,-0.00911,-0.00301,0.0,
3200157,1000,1724.0,-0.7020,0.0608,-0.6042,-0.01759,-0.05711,-0.00001,0.0,
3200177,1000,1724.0,-0.1740,0.0748,-0.5252,-0.02859,-0.01611,-0.00501,0.0,
3200197,1000,1724.0,0.4100,-0.4762,-0.4252,0.02641,0.02589,-0.00201,0.0,
3200217,1000,1724.0,-0.0120,-0.2632,-0.3992,0.01441,-0.00511,-0.00401,0.0,
3200237,1000,1724.0,-0.7130,0.1488,-0.4652,-0.02459,-0.06211,-0.00201,0.0,
3200257,1000,1724.0,-0.2480,-0.1852,-0.4362,0.00341,-0.02311,0.00199,0.0,
3200277,1000,1724.0,-0.5410,0.0158,-0.5422,-0.02259,-0.04511,-0.00601,0.0,
3200297,1000,1724.0,-0.6540,0.0048,-0.6712,-0.00959,-0.05111,-0.00001,0.0,
3200317,1000,1724.0,0.3810,-0.3992,-0.4292,0.02741,0.02389,-0.00901,0.0,
3200337,1000,1724.0,-0.6140,-0.0022,-0.5232,-0.00259,-0.05311,-0.01301,0.0,
3200357,1000,1724.0,-0.2570,-0.0902,-0.3972,0.00541,-0.02311,0.00399,0.0,
3200377,1000,1724.0,0.3860,-0.3562,-0.3632,0.01741,0.02989,-0.00401,0.0,
3200397,1000,1724.0,-0.2680,0.0438,-0.3402,-0.02459,-0.02511,0.01099,0.0,
3200417,1000,1724.0,-0.6870,-0.0112,-0.5212,-0.00959,-0.04711,-0.00601,0.0,
3200437,1000,1724.0,-0.6290,-0.2062,-0.5182,0.01241,-0.05511,-0.01801,0.0,
3200457,1000,1724.0,-0.8350,-0.0352,-0.4172,-0.00359,-0.06411,-0.01701,0.0,
3200477,1000,1724.0,-0.8150,0.0478,-0.5682,-0.01159,-0.06411,-0.00801,0.0,
3200497,1000,1724.0,-0.7330,-0.2352,-0.6862,0.02441,-0.06611,-0.01001,0.0,
3200517,1000,1724.0,0.2560,-0.4642,-0.3282,0.02441,0.01889,-0.00201,0.0,
3200537,1000,1724.0,0.4060,-0.5112,-0.3622,0.03241,0.02489,-0.01301,0.0,
3200557,1000,1724.0,-0.7690,-0.0992,-0.5742,0.00141,-0.05711,-0.00701,0.0,
3200577,1000,1724.0,-0.2190,-0.1492,-0.4402,0.00441,-0.01611,-0.01001,0.0,
3200597,1000,1724.0,-0.4260,-0.2842,-0.5512,0.02041,-0.03911,-0.00801,0.0,
3200617,1000,1724.0,-0.4630,0.0828,-0.4772,-0.02559,-0.04211,-0.00301,0.0,
3200637,1000,1724.0,0.4970,-0.4782,-0.3402,0.03341,0.03989,-0.00801,0.0,
3200657,1000,1724.0,-0.7080,0.0398,-0.4802,-0.00959,-0.05411,-0.00701,0.0,
3200677,1000,1724.0,-0.5890,-0.0052,-0.5112,-0.01159,-0.04511,-0.00501,0.0,
3200697,1000,1724.0,0.2470,-0.6072,-0.2912,0.04241,0.01789,-0.01101,0.0,
3200717,1000,1724.0,0.3900,-0.3922,-0.4562,0.02541,0.02989,-0.01201,0.0,
3200737,1000,1724.0,0.5430,-0.5892,-0.3042,0.03441,0.04589,-0.00701,0.0,
3200757,1000,1724.0,0.3700,-0.3132,-0.4102,0.01741,0.02289,-0.00401,0.0,
3200777,1000,1724.0,-0.0020,-0.2842,-0.4922,0.01041,-0.00211,-0.00801,0.0,
3200797,1000,1724.0,0.3200,-0.3122,-0.2642,0.01241,0.02389,-0.00901,0.0,
3200817,1000,1724.0,0.1090,-0.5032,-0.2772,0.03441,0.00389,-0.01301,0.0,
3200837,1000,1724.0,-0.6760,-0.0962,-0.4592,0.01041,-0.05511,-0.01301,0.0,
3200857,1000,1724.0,-0.1570,-0.1752,-0.4202,-0.00059,-0.01311,-0.00501,0.0,
3200877,1000,1724.0,-0.6810,-0.1842,-0.3782,0.01241,-0.06311,-0.01201,0.0,
3200897,1000,1724.0,-0.7050,-0.0102,-0.3862,-0.00759,-0.05711,-0.00601,0.0,
3200917,1000,1724.0,-0.0900,-0.2902,-0.4002,0.00941,-0.01611,-0.00601,0.0,
3200937,1000,1724.0,0.5700,-0.3832,-0.1832,0.01741,0.04189,-0.00601,0.0,
3200957,1000,1724.0,0.4910,-0.2502,-0.4702,0.00941,0.03589,-0.00201,0.0,
3200977,1000,1724.0,-0.2350,-0.3192,-0.3532,0.02541,-0.02311,-0.01301,0.0,
3200997,1000,1724.0,0.4110,-0.3312,-0.3192,0.01241,0.02789,-0.00501,0.0,
3201017,1000,1724.0,0.5530,-0.4412,-0.2932,0.02541,0.03489,-0.00701,0.0,
3201037,1000,1724.0,0.4840,-0.4132,-0.4542,0.02241,0.03489,-0.00501,0.0,
3201057,1000,1724.0,0.1170,-0.3432,-0.3992,0.02541,0.00689,-0.00901,0.0,
3201077,1000,1724.0,0.2830,-0.4192,-0.4022,0.02641,0.01089,-0.01201,0.0,
3201097,1000,1724.0,0.4940,-0.3942,-0.3932,0.01641,0.03489,-0.00501,0.0,
3201117,1000,1724.0,0.1920,-0.2382,-0.3422,0.01641,0.00789,-0.01201,0.0,
3201137,1000,1724.0,-0.2980,-0.1612,-0.4012,0.00241,-0.02511,-0.00801,0.0,
3201157,1000,1724.0,-0.2560,-0.1622,-0.3292,-0.00059,-0.01711,-0.00501,0.0,
3201177,1000,1724.0,-0.2080,-0.0562,-0.4732,-0.00959,-0.02111,-0.00301,0.0,
3201197,1000,1724.0,-0.5580,0.0408,-0.3462,-0.01259,-0.04511,-0.00501,0.0,
3201217,1000,1724.0,-0.1830,-0.3042,-0.4482,0.01841,-0.01811,-0.00701,0.0,
3201237,1000,1724.0,-0.1710,-0.1032,-0.4482,-0.01259,-0.01411,0.00099,0.0,
3201257,1000,1724.0,-0.2250,-0.2312,-0.3622,0.00841,-0.01811,-0.00601,0.0,
3201277,1000,1724.0,-0.2180,0.0008,-0.4342,-0.00859,-0.01811,-0.00201,0.0,
3201297,1000,1724.0,-0.1400,-0.2152,-0.4872,0.01041,-0.01711,-0.01001,0.0,
3201317,1000,1724.0,-0.0960,-0.1062,-0.3802,0.01041,-0.01411,-0.00701,0.0,
3201337,1000,1724.0,-0.5960,-0.1372,-0.4492,0.00041,-0.05011,-0.00501,0.0,
3201357,1000,1724.0,0.1230,-0.1142,-0.5742,-0.00259,0.00789,-0.00401,0.0,
3201377,1000,1724.0,-0.3770,-0.2762,-0.3882,0.02041,-0.03111,-0.01101,0.0,
3201397,1000,1724.0,0.1820,-0.2832,-0.3212,0.00641,0.01189,-0.00701,0.0,
3201417,1000,1724.0,0.1670,-0.3032,-0.3402,0.02741,0.00189,-0.01201,0.0,
3201437,1000,1724.0,-0.7890,0.1688,-0.5752,-0.02259,-0.06211,-0.00701,0.0,
3201457,1000,1724.0,-0.1050,-0.1172,-0.5422,-0.00059,-0.00911,-0.00601,0.0,
3201477,1000,1724.0,0.6440,-0.2982,-0.3362,0.01341,0.04589,-0.00501,0.0,
3201497,1000,1724.0,-0.3820,-0.1952,-0.6312,0.01241,-0.03311,-0.01101,0.0,
3201517,1000,1724.0,-0.1010,-0.2642,-0.3652,0.00741,-0.00911,-0.00701,0.0,
3201537,1000,1724.0,-0.1540,-0.1242,-0.4052,0.00341,-0.02011,-0.01001,0.0,
3201557,1000,1724.0,-0.0220,-0.2442,-0.4922,0.00341,-0.00411,-0.00301,0.0,
3201577,1000,1724.0,0.2460,-0.3482,-0.4852,0.01641,0.01389,-0.00901,0.0,
3201597,1000,1724.0,-0.7980,-0.0662,-0.2832,0.00241,-0.06711,-0.01001,0.0,
3201617,1000,1724.0,-0.8500,-0.1542,-0.3742,0.01141,-0.06911,-0.00901,0.0,
3201637,1000,1724.0,-0.8230,0.0828,-0.3252,-0.02159,-0.06411,-0.00201,0.0,
3201657,1000,1724.0,-0.3630,-0.0402,-0.5642,-0.00959,-0.03011,-0.00601,0.0,
3201677,1000,1724.0,-0.0970,-0.2982,-0.3832,0.01241,-0.01211,-0.00501,0.0,
3201697,1000,1724.0,0.4430,-0.2982,-0.3652,0.01041,0.03089,-0.00401,0.0,
3201717,1000,1724.0,-0.2910,-0.2612,-0.1842,0.00841,-0.02811,-0.00601,0.0,
3201737,1000,1724.0,-0.3920,-0.1892,-0.3412,0.00141,-0.03011,-0.00501,0.0,
3201757,1000,1724.0,0.2070,-0.3962,-0.3412,0.02541,0.00789,-0.01101,0.0,
3201777,1000,1724.0,0.0820,-0.1832,-0.3852,0.00341,0.00389,-0.00601,0.0,
3201797,1000,1724.0,-0.2530,-0.1852,-0.4182,0.00641,-0.02811,-0.00601,0.0,
3201817,1000,1724.0,-0.0140,-0.2142,-0.3762,0.00241,-0.00811,-0.00401,0.0,
3201837,1000,1724.0,-0.3330,-0.1402,-0.4272,0.00241,-0.02611,-0.00401,0.0,
3201857,1000,1724.0,-0.3030,-0.1542,-0.5162,0.01341,-0.03811,-0.01001,0.0,
3201877,1000,1724.0,-0.0540,-0.0362,-0.5102,-0.01459,-0.00511,-0.00201,0.0,
3201897,1000,1724.0,0.2520,-0.2952,-0.4042,0.01341,0.01589,-0.00801,0.0,
3201917,1000,1724.0,-0.1720,-0.0932,-0.3792,-0.00059,-0.02111,-0.00801,0.0,
3201937,1000,1724.0,-0.0120,-0.3142,-0.4292,0.01541,-0.00211,-0.00601,0.0,
3201957,1000,1724.0,-0.2160,-0.1652,-0.6202,0.00741,-0.02711,-0.00701,0.0,
3201977,1000,1724.0,-0.4460,-0.2722,-0.4982,0.01241,-0.04011,-0.00901,0.0,
3201997,1000,1724.0,-0.7330,-0.0052,-0.4602,-0.00659,-0.05911,-0.00401,0.0,
3202017,1000,1724.0,-0.1560,0.2348,-0.5552,-0.03359,-0.00911,-0.00201,0.0,
3202037,1000,1724.0,-0.6010,-0.0762,-0.4442,-0.00159,-0.04711,-0.01001,0.0,
3202057,1000,1724.0,-0.0090,-0.2852,-0.3632,0.01641,-0.00511,-0.00701,0.0,
3202077,1000,1724.0,-0.8590,-0.0242,-0.4652,-0.01559,-0.06411,-0.00201,0.0,
3202097,1000,1724.0,-0.0410,-0.0992,-0.4342,0.00041,-0.00511,-0.00401,0.0,
3202117,1000,1724.0,0.0430,-0.2332,-0.3702,0.00541,-0.00011,-0.00601,0.0,
3202137,1000,1724.0,-0.3750,-0.1342,-0.3712,0.00141,-0.03211,-0.00501,0.0,
3202157,1000,1724.0,-0.1680,-0.3862,-0.4102,0.02341,-0.01611,-0.01001,0.0,
3202177,1000,1724.0,0.1060,-0.2772,-0.5002,0.00941,0.00589,-0.00501,0.0,
3202197,1000,1724.0,-0.7440,-0.2352,-0.4752,0.01341,-0.05411,-0.01101,0.0,
3202217,1000,1724.0,0.1310,-0.1202,-0.4182,-0.00159,0.01089,-0.00401,0.0,
3202237,1000,1724.0,-0.1060,-0.4092,-0.3602,0.02741,-0.01211,-0.01201,0.0,
3202257,1000,1724.0,-0.0170,-0.1712,-0.4652,0.00441,-0.00911,-0.00501,0.0,
3202277,1000,1724.0,-0.6410,0.0128,-0.4462,-0.01559,-0.05511,-0.00401,0.0,
3202297,1000,1724.0,-0.2010,-0.1312,-0.4142,0.00241,-0.01511,-0.00801,0.0,
3202317,1000,1724.0,0.2570,-0.3712,-0.4072,0.02341,0.01489,-0.00901,0.0,
3202337,1000,1724.0,-0.3770,-0.0202,-0.3942,-0.01259,-0.02711,-0.00001,0.0,
3202357,1000,1724.0,-0.5050,-0.2042,-0.5472,0.00541,-0.04611,-0.00801,0.0,
3202377,1000,1724.0,-0.1460,-0.0122,-0.4862,-0.01159,-0.01311,-0.00501,0.0,
3202397,1000,1724.0,0.2290,-0.2072,-0.2482,0.00141,0.01289,-0.00601,0.0,
3202417,1000,1724.0,-0.1370,-0.0912,-0.3842,-0.00459,-0.01311,-0.00401,0.0,
3202437,1000,1724.0,-0.2460,-0.3372,-0.4102,0.01641,-0.01711,-0.00701,0.0,
3202457,1000,1724.0,0.4410,-0.3162,-0.4192,0.01341,0.03089,-0.00901,0.0,
3202477,1000,1724.0,-0.5880,-0.0742,-0.5192,-0.00159,-0.04911,-0.01201,0.0,
3202497,1000,1724.0,-0.4850,0.0348,-0.5202,-0.01359,-0.04411,-0.00401,0.0,
3202517,1000,1724.0,0.1040,-0.1862,-0.4152,0.01041,-0.00011,-0.00901,0.0,
3202537,1000,1724.0,-0.2510,-0.4212,-0.4932,0.02441,-0.02611,-0.01301,0.0,
3202557,1000,1724.0,-0.2730,-0.2222,-0.5322,0.00541,-0.02011,-0.00601,0.0,
3202577,1000,1724.0,-0.3390,-0.1132,-0.3702,-0.00559,-0.02911,-0.00401,0.0,
3202597,1000,1724.0,-0.1360,-0.2742,-0.3642,0.00841,-0.01011,-0.00701,0.0,
3202617,1000,1724.0,-0.3470,-0.0662,-0.3162,-0.00959,-0.02711,-0.00401,0.0,
3202637,1000,1724.0,0.1820,-0.1512,-0.3122,0.00041,0.01489,-0.00501,0.0,
3202657,1000,1724.0,-0.6490,-0.1152,-0.4112,0.00841,-0.05411,-0.00801,0.0,
3202677,1000,1724.0,0.0010,-0.2052,-0.3692,0.00641,-0.00711,-0.00401,0.0,
3202697,1000,1724.0,-0.1490,-0.1962,-0.7072,0.00441,-0.01411,-0.00501,0.0,
3202717,1000,1724.0,-0.1950,-0.1092,-0.3232,0.00041,-0.01911,-0.00701,0.0,
3202737,1000,1724.0,0.0640,-0.3162,-0.2292,0.01541,0.00289,-0.00601,0.0,
3202757,1000,1724.0,-0.4060,-0.1032,-0.4392,-0.00159,-0.03311,-0.00901,0.0,
3202777,1000,1724.0,-0.2340,-0.2792,-0.4042,0.01241,-0.01711,-0.00601,0.0,
3202797,1000,1724.0,0.0550,-0.2752,-0.4212,0.01541,-0.00311,-0.00801,0.0,
3202817,1000,1724.0,-0.0480,-0.2282,-0.5102,0.01141,-0.00911,-0.00901,0.0,
3202837,1000,1724.0,-0.2050,-0.1232,-0.4412,-0.00559,-0.01911,-0.00401,0.0,
3202857,1000,1724.0,-0.2080,-0.2032,-0.4312,0.00941,-0.02011,-0.01101,0.0,
3202877,1000,1724.0,-0.3970,-0.2182,-0.4942,0.01241,-0.03711,-0.00801,0.0,
3202897,1000,1724.0,-0.2720,-0.1442,-0.2392,0.00841,-0.02011,-0.01001,0.0,
3202917,1000,1724.0,-0.2410,-0.2352,-0.4672,0.00841,-0.02211,-0.00601,0.0,
3202937,1000,1724.0,-0.1230,-0.1842,-0.2862,0.00241,-0.01011,-0.00601,0.0,
3202957,1000,1724.0,-0.1710,-0.1842,-0.4212,0.00341,-0.01811,-0.00501,0.0,
3202977,1000,1724.0,-0.3600,-0.3332,-0.3732,0.01341,-0.03111,-0.00901,0.0,
3202997,1000,1724.0,-0.2050,-0.0552,-0.3122,0.00041,-0.01611,-0.00801,0.0,
3203017,1000,1724.0,-0.1880,-0.0942,-0.4032,0.00141,-0.02111,-0.00601,0.0,
3203037,1000,1724.0,-0.1000,0.1418,-0.4372,-0.02459,-0.01211,0.00199,0.0,
3203057,1000,1724.0,-0.0630,-0.3232,-0.3072,0.01541,-0.00811,-0.00801,0.0,
3203077,1000,1724.0,-0.3710,-0.1482,-0.4242,-0.00159,-0.03511,-0.00801,0.0,
3203097,1000,1724.0,-0.2180,-0.1792,-0.5292,0.00541,-0.01711,-0.00801,0.0,
3203117,1000,1724.0,-0.1580,-0.3852,-0.4642,0.01741,-0.01211,-0.00801,0.0,
3203137,1000,1724.0,-0.2880,0.1978,-0.4072,-0.03159,-0.02211,-0.00001,0.0,
3203157,1000,1724.0,-0.1100,-0.0182,-0.4072,-0.01459,-0.01111,-0.00201,0.0,
3203177,1000,1724.0,0.1650,-0.2772,-0.4052,0.00941,0.00889,-0.00401,0.0,
3203197,1000,1724.0,-0.6340,-0.1182,-0.6322,-0.00259,-0.05111,-0.00401,0.0,
3203217,1000,1724.0,0.1130,-0.4692,-0.1642,0.03041,0.00889,-0.00901,0.0,
3203237,1000,1724.0,-0.0200,-0.0292,-0.3732,-0.00959,-0.00511,-0.00001,0.0,
3203257,1000,1724.0,-0.4740,0.0228,-0.4722,-0.01259,-0.03911,-0.00401,0.0,
3203277,1000,1724.0,-0.2760,-0.0482,-0.4842,-0.01559,-0.02611,0.00099,0.0,
3203297,1000,1724.0,-0.0520,-0.2412,-0.4392,0.00941,-0.00411,-0.00701,0.0,
3203317,1000,1724.0,-0.1090,-0.1122,-0.4592,0.00541,-0.01111,-0.00701,0.0,
3203337,1000,1724.0,-0.2320,-0.1552,-0.5242,0.00341,-0.02611,-0.00401,0.0,
3203357,1000,1724.0,0.0800,-0.1502,-0.4422,0.00441,0.00089,-0.00501,0.0,
3203377,1000,1724.0,0.0940,-0.0742,-0.3402,-0.00459,-0.00211,-0.00401,0.0,
3203397,1000,1724.0,-0.1560,-0.1792,-0.5332,0.00141,-0.01511,-0.00501,0.0,
3203417,1000,1724.0,0.2910,-0.3122,-0.3072,0.01341,0.01489,-0.00501,0.0,
3203437,1000,1724.0,-0.3110,-0.1942,-0.3772,0.00241,-0.02711,-0.00601,0.0,
3203457,1000,1724.0,-0.3970,0.1148,-0.3832,-0.01559,-0.03711,-0.00201,0.0,
3203477,1000,1724.0,-0.2890,-0.1762,-0.3722,0.00541,-0.02611,-0.00501,0.0,
3203497,1000,1724.0,-0.1470,-0.4102,-0.3012,0.02141,-0.01111,-0.01101,0.0,
3203517,1000,1724.0,-0.1930,-0.1352,-0.5962,-0.00559,-0.01311,-0.00601,0.0,
3203537,1000,1724.0,-0.5690,-0.0052,-0.6182,-0.00559,-0.04711,-0.00801,0.0,
3203557,1000,1724.0,-0.0660,-0.1432,-0.3352,0.00341,-0.01411,-0.00501,0.0,
3203577,1000,1724.0,0.0920,-0.2132,-0.4452,0.00441,0.00189,-0.00501,0.0,
3203597,1000,1724.0,-0.0400,-0.2002,-0.3772,0.00541,-0.00211,-0.00101,0.0,
3203617,1000,1724.0,-0.8030,-0.0672,-0.5142,-0.00059,-0.06711,-0.00801,0.0,
3203637,1000,1724.0,0.1750,-0.1962,-0.3872,0.00341,0.01389,-0.00501,0.0,
3203657,1000,1724.0,-0.1590,-0.2492,-0.4252,0.00641,-0.01211,-0.00501,0.0,
3203677,1000,1724.0,-0.3040,-0.1302,-0.3852,0.00841,-0.03411,-0.01001,0.0,
3203697,1000,1724.0,-0.2180,-0.0612,-0.4852,-0.00559,-0.02011,-0.00601,0.0,
3203717,1000,1724.0,-0.2390,-0.2992,-0.4422,0.01441,-0.02611,-0.00701,0.0,
3203737,1000,1724.0,-0.1640,-0.0732,-0.4362,0.00241,-0.02011,-0.00701,0.0,
3203757,1000,1724.0,-0.2330,-0.2252,-0.5482,0.01241,-0.02611,-0.01001,0.0,
3203777,1000,1724.0,-0.1140,-0.1672,-0.4192,-0.00059,-0.01111,-0.00301,0.0,
3203797,1000,1724.0,-0.0190,-0.1012,-0.3682,-0.00159,-0.00911,-0.00801,0.0,
3203817,1000,1724.0,-0.0750,-0.2012,-0.3822,0.00741,-0.00811,-0.00601,0.0,
3203837,1000,1724.0,-0.1530,-0.3092,-0.4682,0.01541,-0.01711,-0.01101,0.0,
3203857,1000,1724.0,-0.1420,-0.1572,-0.4572,0.00241,-0.01311,-0.00601,0.0,
3203877,1000,1724.0,-0.1110,-0.1822,-0.4092,0.00641,-0.01611,-0.01001,0.0,
3203897,1000,1724.0,-0.3820,-0.0982,-0.4702,-0.00159,-0.03711,-0.01001,0.0,
3203917,1000,1724.0,0.3060,-0.4542,-0.1562,0.02741,0.01489,-0.01001,0.0,
3203937,1000,1724.0,-0.4800,-0.3352,-0.4812,0.02441,-0.03811,-0.01101,0.0,
3203957,1000,1724.0,-0.0380,-0.1872,-0.4112,-0.00259,-0.00411,-0.00301,0.0,
3203977,1000,1724.0,0.3620,-0.4622,-0.2322,0.02641,0.02089,-0.01101,0.0,
3203997,1000,1724.0,-0.5850,0.0798,-0.4782,-0.02259,-0.05011,-0.00201,0.0,
3204017,1000,1724.0,0.5120,-0.4882,-0.2002,0.02641,0.03789,-0.00601,0.0,
3204037,1000,1724.0,-0.6070,0.0228,-0.4612,-0.00559,-0.04611,-0.01001,0.0,
3204057,1000,1724.0,-0.6200,0.0928,-0.5092,-0.02159,-0.04811,-0.00401,0.0,
3204077,1000,1724.0,-0.2190,-0.0202,-0.3482,-0.01459,-0.02011,0.00199,0.0,
3204097,1000,1724.0,-0.3110,-0.1442,-0.5182,0.00341,-0.02611,-0.00601,0.0,
3204117,1000,1724.0,0.2970,-0.3292,-0.3862,0.00541,0.01889,-0.00101,0.0,
3204137,1000,1724.0,-0.5550,-0.0312,-0.4282,-0.00259,-0.04911,-0.00801,0.0,
3204157,1000,1724.0,0.4600,-0.4032,-0.3522,0.01941,0.02989,-0.00401,0.0,
3204177,1000,1724.0,0.3100,-0.3112,-0.3832,0.01241,0.01789,-0.00901,0.0,
3204197,1000,1724.0,0.3960,-0.4712,-0.3812,0.02741,0.03189,-0.00901,0.0,
3204217,1000,1724.0,-0.2380,-0.2482,-0.3392,0.01641,-0.02411,-0.01201,0.0,
3204237,1000,1724.0,0.0680,-0.2192,-0.2542,0.00841,0.00489,-0.00701,0.0,
3204257,1000,1724.0,0.0590,-0.3132,-0.2502,0.01541,-0.00011,-0.00601,0.0,
3204277,1000,1724.0,-0.1940,-0.0712,-0.4192,-0.00559,-0.01811,-0.00401,0.0,
3204297,1000,1724.0,-0.2510,-0.1582,-0.4552,0.00141,-0.02011,-0.00501,0.0,
3204317,1000,1724.0,-0.1630,-0.2422,-0.4162,0.00741,-0.01511,-0.00601,0.0,
3204337,1000,1724.0,-0.1820,-0.4172,-0.4942,0.02541,-0.01511,-0.01101,0.0,
3204357,1000,1724.0,-0.2730,-0.1122,-0.4132,-0.00159,-0.02111,-0.00501,0.0,
3204377,1000,1724.0,0.0060,-0.3132,-0.3722,0.01641,-0.00611,-0.00801,0.0,
3204397,1000,1724.0,-0.1600,-0.0752,-0.4412,-0.00359,-0.01811,-0.00501,0.0,
3204417,1000,1724.0,-0.1540,-0.1672,-0.4482,0.00441,-0.02011,-0.00601,0.0,
3204437,1000,1724.0,-0.2800,-0.2382,-0.3132,0.01341,-0.02611,-0.01001,0.0,
3204457,1000,1724.0,-0.1360,-0.0812,-0.4752,-0.01059,-0.00911,-0.00401,0.0,
3204477,1000,1724.0,-0.1850,-0.1392,-0.4042,-0.00059,-0.01511,-0.00701,0.0,
3204497,1000,1724.0,-0.0290,-0.2412,-0.2842,0.01041,-0.00511,-0.00701,0.0,
3204517,1000,1724.0,-0.2310,-0.0302,-0.3042,-0.01259,-0.01711,0.00199,0.0,
3204537,1000,1724.0,-0.1220,-0.2652,-0.3572,0.01541,-0.01311,-0.00901,0.0,
3204557,1000,1724.0,0.1650,-0.2952,-0.2562,0.00441,0.01189,-0.00101,0.0,
3204577,1000,1724.0,-0.1120,-0.1262,-0.2652,-0.00259,-0.01411,-0.00401,0.0,
3204597,1000,1724.0,-0.3390,-0.1932,-0.4102,0.01441,-0.03511,-0.01101,0.0,
3204617,1000,1724.0,0.0430,-0.2052,-0.2772,0.00641,0.00089,-0.00601,0.0,
3204637,1000,1724.0,0.4140,-0.4072,-0.2932,0.02341,0.02989,-0.01001,0.0,
3204657,1000,1724.0,0.5010,-0.3402,-0.2082,0.01541,0.03089,-0.00501,0.0,
3204677,1000,1724.0,0.0270,-0.1682,-0.4142,-0.00859,0.00289,-0.00301,0.0,
3204697,1000,1724.0,-0.1670,-0.0832,-0.4752,-0.01159,-0.00911,-0.00301,0.0,
3204717,1000,1724.0,0.2820,-0.0842,-0.4162,-0.01059,0.02489,-0.00201,0.0,
3204737,1000,1724.0,0.0500,-0.2172,-0.4902,-0.00159,0.00489,-0.00101,0.0,
3204757,1000,1724.0,0.2620,-0.2722,-0.3732,0.01441,0.01289,-0.00801,0.0,
3204777,1000,1724.0,0.4070,-0.3352,-0.1992,0.01341,0.02989,-0.00501,0.0,
3204797,1000,1724.0,0.5420,-0.4162,-0.1802,0.02041,0.03989,-0.00601,0.0,
3204817,1000,1724.0,0.5700,-0.3732,-0.2602,0.01841,0.04489,-0.00101,0.0,
3204837,1000,1724.0,-0.1990,-0.1602,-0.4332,0.00441,-0.02111,-0.00601,0.0,
3204857,1000,1724.0,-0.7050,-0.0772,-0.4022,0.00041,-0.05511,-0.00701,0.0,
3204877,1000,1724.0,-0.7400,-0.2662,-0.4002,0.01641,-0.06111,-0.01001,0.0,
3204897,1000,1724.0,-0.8340,0.0518,-0.3562,-0.01559,-0.06911,-0.00601,0.0,
3204917,1000,1724.0,-0.5370,-0.1652,-0.4912,0.00541,-0.04511,-0.00901,0.0,
3204937,1000,1724.0,-0.7290,0.1318,-0.5262,-0.02459,-0.05811,-0.00001,0.0,
3204957,1000,1724.0,-0.1050,-0.0852,-0.3652,-0.00759,-0.01411,-0.00301,0.0,
3204977,1000,1724.0,0.4270,-0.3082,-0.3172,0.01841,0.02689,-0.00501,0.0,
3204997,1000,1724.0,0.2420,-0.4952,-0.2962,0.04141,0.00589,-0.00901,0.0,
3205017,1000,1724.0,0.0510,-0.2942,-0.2262,0.02341,-0.00311,-0.00901,0.0,
3205037,1000,1724.0,-0.6570,0.0208,-0.3712,-0.01259,-0.05411,-0.00501,0.0,
3205057,1000,1724.0,-0.7130,-0.0712,-0.5162,0.00041,-0.06911,-0.00901,0.0,
3205077,1000,1724.0,-0.6410,-0.0642,-0.4612,0.00041,-0.05711,-0.01001,0.0,
3205097,1000,1724.0,0.0340,-0.2842,-0.3402,0.00841,-0.00011,-0.00501,0.0,
3205117,1000,1724.0,-0.5720,-0.3992,-0.4452,0.02641,-0.05011,-0.01101,0.0,
3205137,1000,1724.0,-0.4840,0.0638,-0.3932,-0.01459,-0.04011,-0.00201,0.0,
3205157,1000,1724.0,0.4860,-0.3882,-0.1562,0.02141,0.03389,-0.00501,0.0,
3205177,1000,1724.0,-0.3460,-0.2012,-0.3632,0.00741,-0.02611,-0.00801,0.0,
3205197,1000,1724.0,0.4370,-0.4492,-0.3062,0.02441,0.02789,-0.00901,0.0,
3205217,1000,1724.0,-0.0930,-0.2022,-0.4402,0.00641,-0.00911,-0.00601,0.0,
3205237,1000,1724.0,-0.1260,-0.3802,-0.3162,0.01841,-0.00811,-0.01001,0.0,
3205257,1000,1724.0,-0.0570,-0.1282,-0.5212,-0.01059,-0.01111,-0.00101,0.0,
3205277,1000,1724.0,-0.2130,-0.3702,-0.4432,0.02341,-0.01611,-0.00801,0.0,
3205297,1000,1724.0,-0.2420,-0.2272,-0.3872,0.00641,-0.01811,-0.00401,0.0,
3205317,1000,1724.0,-0.4020,-0.1482,-0.5132,0.00441,-0.03311,-0.00601,0.0,
3205337,1000,1724.0,-0.2220,-0.0872,-0.3362,-0.00459,-0.02411,-0.00401,0.0,
3205357,1000,1724.0,0.2650,-0.2712,-0.4672,0.00641,0.01789,-0.00201,0.0,
3205377,1000,1724.0,0.3870,-0.3672,-0.2132,0.01541,0.02589,-0.00801,0.0,
3205397,1000,1724.0,-0.1540,-0.2702,-0.4422,0.01541,-0.02011,-0.01001,0.0,
3205417,1000,1724.0,-0.7140,-0.2232,-0.4232,0.00541,-0.05711,-0.01201,0.0,
3205437,1000,1724.0,-0.1270,-0.3412,-0.1942,0.02541,-0.01511,-0.01201,0.0,
3205457,1000,1724.0,-0.0870,-0.3492,-0.3102,0.01741,-0.00811,-0.00801,0.0,
3205477,1000,1724.0,-0.8470,0.0528,-0.6172,-0.00959,-0.06811,-0.00701,0.0,
3205497,1000,1724.0,-0.8400,-0.0392,-0.5112,-0.00459,-0.06311,-0.00701,0.0,
3205517,1000,1724.0,-0.5760,-0.3602,-0.4302,0.02941,-0.04811,-0.01701,0.0,
3205537,1000,1724.0,-0.6390,0.1058,-0.5902,-0.02059,-0.05211,-0.00601,0.0,
3205557,1000,1724.0,-0.7400,0.0528,-0.4882,-0.00759,-0.06311,-0.00401,0.0,
3205577,1000,1724.0,-0.3370,-0.0182,-0.4202,-0.01859,-0.02811,0.00199,0.0,
3205597,1000,1724.0,0.2590,-0.2072,-0.4172,0.00041,0.02089,-0.00301,0.0,
3205617,1000,1724.0,0.4390,-0.2792,-0.3162,0.01041,0.02789,-0.00501,0.0,
3205637,1000,1724.0,-0.3880,-0.1592,-0.3402,0.00541,-0.02811,-0.00501,0.0,
3205657,1000,1724.0,-0.8130,-0.0652,-0.4552,-0.00559,-0.06311,-0.00701,0.0,
3205677,1000,1724.0,0.2860,-0.3582,-0.4122,0.01541,0.02089,-0.00401,0.0,
3205697,1000,1724.0,0.0270,-0.1772,-0.3652,-0.00259,-0.00011,-0.00301,0.0,
3205717,1000,1724.0,-0.3230,-0.2072,-0.4622,0.00741,-0.03011,-0.00501,0.0,
3205737,1000,1724.0,-0.8790,-0.0022,-0.5222,-0.00859,-0.06511,-0.00601,0.0,
3205757,1000,1724.0,0.0090,-0.1182,-0.3332,-0.00259,-0.00511,-0.00101,0.0,
3205777,1000,1724.0,-0.0550,-0.3642,-0.3662,0.02141,-0.00711,-0.00901,0.0,
3205797,1000,1724.0,-0.4670,-0.1342,-0.5022,0.00541,-0.04011,-0.00901,0.0,
3205817,1000,1724.0,-0.7000,0.0698,-0.4652,-0.01959,-0.05411,-0.00301,0.0,
3205837,1000,1724.0,0.5590,-0.3792,-0.3742,0.01841,0.04289,-0.00501,0.0,
3205857,1000,1724.0,0.3600,-0.3182,-0.2032,0.01241,0.02689,-0.00601,0.0,
3205877,1000,1724.0,0.3370,-0.3802,-0.2882,0.02241,0.02189,-0.00801,0.0,
3205897,1000,1724.0,0.4770,-0.4082,-0.5092,0.02941,0.03389,-0.00601,0.0,
3205917,1000,1724.0,0.3250,-0.3862,-0.3602,0.02441,0.01889,-0.01101,0.0,
3205937,1000,1724.0,-0.0080,-0.2072,-0.4192,0.01041,-0.00511,-0.00701,0.0,
3205957,1000,1724.0,-0.7730,0.0748,-0.5142,-0.02859,-0.06211,-0.00101,0.0,
3205977,1000,1724.0,0.3000,-0.2342,-0.2432,0.01141,0.01789,-0.00501,0.0,
3205997,1000,1724.0,0.3330,-0.3152,-0.2432,0.00941,0.02489,-0.00501,0.0,
3206017,1000,1724.0,-0.2360,-0.2932,-0.4602,0.01741,-0.02611,-0.01201,0.0,
3206037,1000,1724.0,-0.2640,-0.2302,-0.2352,0.00441,-0.01911,-0.00601,0.0,
3206057,1000,1724.0,-0.2790,-0.2182,-0.3752,0.00941,-0.02511,-0.00601,0.0,
3206077,1000,1724.0,-0.7940,0.0258,-0.4142,-0.01659,-0.06411,-0.00201,0.0,
3206097,1000,1724.0,0.5710,-0.5132,-0.2022,0.02741,0.04589,-0.00801,0.0,
3206117,1000,1724.0,-0.5330,-0.2082,-0.4972,0.00741,-0.04211,-0.01101,0.0,
3206137,1000,1724.0,0.1280,-0.3422,-0.2922,0.00941,0.01289,-0.00201,0.0,
3206157,1000,1724.0,0.4280,-0.2062,-0.1782,0.00141,0.03189,-0.00201,0.0,
3206177,1000,1724.0,0.2140,-0.3352,-0.5082,0.02241,0.00789,-0.00801,0.0,
3206197,1000,1724.0,-0.7170,-0.0562,-0.3782,-0.00359,-0.06111,-0.01001,0.0,
3206217,1000,1724.0,-0.8620,0.1018,-0.4792,-0.01359,-0.07311,-0.00701,0.0,
3206237,1000,1724.0,-0.7030,-0.0222,-0.5282,0.00241,-0.06211,-0.01201,0.0,
3206257,1000,1724.0,-0.7990,-0.1332,-0.3082,0.00441,-0.06411,-0.00701,0.0,
3206277,1000,1724.0,-0.7340,0.0548,-0.4312,-0.02159,-0.05411,-0.00001,0.0,
3206297,1000,1724.0,-0.4730,0.0328,-0.5402,-0.02459,-0.03811,-0.00301,0.0,
3206317,1000,1724.0,0.3490,-0.4992,-0.3882,0.03741,0.02389,-0.01201,0.0,
3206337,1000,1724.0,-0.6960,-0.0662,-0.4602,0.00041,-0.05911,-0.00801,0.0,
3206357,1000,1724.0,0.3930,-0.1452,-0.2312,0.00141,0.02389,-0.00601,0.0,
3206377,1000,1724.0,0.1250,-0.5622,-0.2832,0.03941,0.00789,-0.01601,0.0,
3206397,1000,1724.0,-0.5760,-0.2862,-0.3382,0.02941,-0.04711,-0.01501,0.0,
3206417,1000,1724.0,-0.8290,0.1658,-0.4562,-0.02759,-0.07311,-0.00501,0.0,
3206437,1000,1724.0,0.5000,-0.4722,-0.2892,0.02041,0.03689,-0.00401,0.0,
3206457,1000,1724.0,0.2220,-0.3972,-0.2652,0.02441,0.01389,-0.00701,0.0,
3206477,1000,1724.0,0.2370,-0.2652,-0.3542,-0.00159,0.01889,0.00099,0.0,
3206497,1000,1724.0,0.2030,0.0028,-0.3032,-0.01959,0.01889,-0.00201,0.0,
3206517,1000,1724.0,0.4810,-0.3962,-0.3552,0.02141,0.02889,-0.00801,0.0,
3206537,1000,1724.0,0.2580,-0.3432,-0.2762,0.02341,0.01689,-0.01001,0.0,
3206557,1000,1724.0,-0.6380,-0.2882,-0.5662,0.02441,-0.05711,-0.01201,0.0,
3206577,1000,1724.0,-0.3710,-0.2382,-0.4452,0.01641,-0.03711,-0.01101,0.0,
3206597,1000,1724.0,0.4250,-0.2622,-0.4382,0.01141,0.02989,-0.00601,0.0,
3206617,1000,1724.0,-0.3380,0.0708,-0.4332,-0.02259,-0.02211,0.00099,0.0,
3206637,1000,1724.0,-0.0190,-0.3472,-0.3932,0.02341,-0.00711,-0.00701,0.0,
3206657,1000,1724.0,0.4510,-0.2692,-0.1642,0.01141,0.02989,-0.00801,0.0,
3206677,1000,1724.0,-0.7400,-0.0802,-0.4242,-0.00959,-0.05611,-0.00601,0.0,
3206697,1000,1724.0,-0.0600,-0.2512,-0.3172,0.00941,-0.01511,-0.00901,0.0,
3206717,1000,1724.0,-0.1660,-0.1302,-0.1792,0.00241,-0.01711,-0.00601,0.0,
3206737,1000,1724.0,-0.8740,-0.1692,-0.5222,0.00641,-0.06811,-0.01001,0.0,
3206757,1000,1724.0,-0.0000,-0.3842,-0.3802,0.03041,-0.00611,-0.01001,0.0,
3206777,1000,1724.0,-0.1580,-0.1872,-0.3522,0.01041,-0.01811,-0.01101,0.0,
3206797,1000,1724.0,-0.6720,0.0148,-0.4322,-0.00259,-0.05511,-0.00701,0.0,
3206817,1000,1724.0,-0.7140,0.0548,-0.4102,-0.01259,-0.05711,-0.00701,0.0,
3206837,1000,1724.0,0.1480,-0.1422,-0.3912,-0.00659,0.01089,-0.00101,0.0,
3206857,1000,1724.0,0.2200,-0.3952,-0.3352,0.02241,0.01089,-0.00901,0.0,
3206877,1000,1724.0,-0.1200,-0.1212,-0.3962,-0.00459,-0.01511,-0.00201,0.0,
3206897,1000,1724.0,0.0350,-0.4822,-0.2852,0.03541,0.00289,-0.01201,0.0,
3206917,1000,1724.0,-0.8600,0.0328,-0.4742,-0.00759,-0.07311,-0.00901,0.0,
3206937,1000,1724.0,-0.0770,0.0198,-0.4322,-0.01859,-0.01411,-0.00401,0.0,
3206957,1000,1724.0,0.4640,-0.3972,-0.5032,0.02041,0.03489,-0.00901,0.0,
3206977,1000,1724.0,0.5420,-0.3532,-0.1462,0.01541,0.03889,-0.00601,0.0,
3206997,1000,1724.0,0.4660,-0.5142,-0.2692,0.02641,0.03489,-0.00901,0.0,
3207017,1000,1724.0,0.4970,-0.2542,-0.3802,0.01441,0.03289,-0.00601,0.0,
3207037,1000,1724.0,-0.0390,-0.3022,-0.2632,0.01741,-0.00511,-0.01101,0.0,
3207057,1000,1724.0,-0.5860,-0.0582,-0.4992,-0.01459,-0.04411,0.00099,0.0,
3207077,1000,1724.0,0.3280,-0.3192,-0.4142,0.01841,0.02089,-0.00901,0.0,
3207097,1000,1724.0,0.5130,-0.4132,-0.2672,0.02041,0.04089,-0.00701,0.0,
3207117,1000,1724.0,-0.6310,0.0988,-0.5132,-0.02059,-0.05211,-0.00201,0.0,
3207137,1000,1724.0,-0.6460,-0.0382,-0.4772,-0.01159,-0.04711,-0.00301,0.0,
3207157,1000,1724.0,0.0400,-0.2012,-0.4162,-0.00359,0.00189,-0.00201,0.0,
3207177,1000,1724.0,-0.0130,-0.2892,-0.4142,0.01641,-0.00411,-0.00601,0.0,
3207197,1000,1724.0,0.4430,-0.5812,-0.4392,0.04041,0.02789,-0.01301,0.0,
3207217,1000,1724.0,0.4270,-0.4582,-0.3202,0.01841,0.03089,-0.00601,0.0,
3207237,1000,1724.0,0.5280,-0.3652,-0.2942,0.02341,0.03489,-0.01101,0.0,
3207257,1000,1724.0,0.5910,-0.4582,-0.2492,0.02841,0.04589,-0.00801,0.0,
3207277,1000,1724.0,-0.6930,-0.0762,-0.5862,0.00041,-0.05711,-0.00801,0.0,
3207297,1000,1724.0,-0.0930,-0.3452,-0.4122,0.02041,-0.01911,-0.01001,0.0,
3207317,1000,1724.0,-0.2430,-0.2302,-0.3792,0.01641,-0.01911,-0.01101,0.0,
3207337,1000,1724.0,0.3970,-0.3972,-0.0542,0.01841,0.02589,-0.00701,0.0,
3207357,1000,1724.0,0.0020,0.0508,-0.2672,-0.03159,0.00489,0.00499,0.0,
3207377,1000,1724.0,-0.4370,0.0298,-0.4912,-0.02359,-0.03511,-0.00101,0.0,
3207397,1000,1724.0,0.3270,-0.2602,-0.2502,0.01541,0.01589,-0.00801,0.0,
3207417,1000,1724.0,-0.6520,-0.0522,-0.3392,-0.00159,-0.05111,-0.00701,0.0,
3207437,1000,1724.0,-0.7580,0.0538,-0.4082,-0.01459,-0.05911,-0.00401,0.0,
3207457,1000,1724.0,-0.8010,0.1988,-0.3562,-0.03159,-0.06311,-0.00001,0.0,
3207477,1000,1724.0,-0.0550,-0.3612,-0.3532,0.02041,-0.00811,-0.00901,0.0,
3207497,1000,1724.0,0.3850,-0.0782,-0.3282,-0.00459,0.02589,-0.00301,0.0,
3207517,1000,1724.0,-0.0720,-0.0352,-0.4552,-0.01759,-0.00611,-0.00001,0.0,
3207537,1000,1724.0,0.3040,-0.3382,-0.2962,0.01841,0.01989,-0.00601,0.0,
3207557,1000,1724.0,-0.2840,0.0468,-0.3422,-0.02359,-0.02311,-0.00401,0.0,
3207577,1000,1724.0,-0.9200,-0.1422,-0.4152,0.00741,-0.08011,-0.00601,0.0,
3207597,1000,1724.0,-0.4970,-0.3502,-0.2682,0.02641,-0.04411,-0.01101,0.0,
3207617,1000,1724.0,0.3320,-0.4562,-0.2752,0.03241,0.02389,-0.01101,0.0,
3207637,1000,1724.0,-0.7340,-0.0342,-0.4102,-0.00459,-0.06411,-0.00801,0.0,
3207657,1000,1724.0,-0.5710,-0.2142,-0.4822,0.01341,-0.05211,-0.01301,0.0,
3207677,1000,1724.0,0.4090,-0.3202,-0.2882,0.01841,0.02489,-0.00901,0.0,
3207697,1000,1724.0,0.3070,-0.4912,-0.3632,0.03641,0.01789,-0.01101,0.0,
3207717,1000,1724.0,0.3130,-0.3642,-0.2902,0.02441,0.02289,-0.01101,0.0,
3207737,1000,1724.0,0.3470,-0.6282,-0.4452,0.04541,0.02689,-0.01401,0.0,
3207757,1000,1724.0,-0.6740,-0.1812,-0.4242,0.01641,-0.05711,-0.01201,0.0,
3207777,1000,1724.0,-0.9360,-0.1402,-0.3582,0.00941,-0.07811,-0.01201,0.0,
3207797,1000,1724.0,-0.8290,-0.0682,-0.3972,0.00141,-0.06811,-0.00801,0.0,
3207817,1000,1724.0,0.4190,-0.3572,-0.2462,0.01641,0.03589,-0.00401,0.0,
3207837,1000,1724.0,-0.0480,-0.2292,-0.4022,0.01041,-0.01311,-0.00901,0.0,
3207857,1000,1724.0,-0.4230,-0.1132,-0.4122,-0.00059,-0.03011,-0.00501,0.0,
3207877,1000,1724.0,0.1440,-0.1832,-0.3412,0.00041,0.00889,-0.00801,0.0,
3207897,1000,1724.0,-0.2550,0.0408,-0.4742,-0.02859,-0.01911,0.00599,0.0,
3207917,1000,1724.0,0.5040,-0.3992,-0.3372,0.02341,0.03789,-0.00701,0.0,
3207937,1000,1724.0,-0.1350,-0.4682,-0.4682,0.04041,-0.01911,-0.01401,0.0,
3207957,1000,1724.0,0.2830,-0.2422,-0.4182,0.01741,0.01289,-0.00801,0.0,
3207977,1000,1724.0,-0.5950,-0.0162,-0.3842,0.00041,-0.05111,-0.00801,0.0,
3207997,1000,1724.0,-0.6980,-0.0072,-0.3922,0.00041,-0.05411,-0.00801,0.0,
3208017,1000,1724.0,-0.3010,-0.3032,-0.4132,0.02841,-0.02911,-0.01301,0.0,
3208037,1000,1724.0,-0.6500,-0.0462,-0.3402,-0.00159,-0.05211,-0.00701,0.0,
3208057,1000,1724.0,-0.4250,-0.0742,-0.4222,-0.01059,-0.03611,-0.00201,0.0,
3208077,1000,1724.0,0.2920,-0.1282,-0.2572,-0.00459,0.01889,-0.00001,0.0,
3208097,1000,1724.0,0.2270,-0.4232,-0.2622,0.02541,0.01489,-0.00901,0.0,
3208117,1000,1724.0,-0.2290,-0.6562,-0.3252,0.05041,-0.01811,-0.01401,0.0,
3208137,1000,1724.0,-0.7070,0.1298,-0.5582,-0.02259,-0.05511,-0.00401,0.0,
3208157,1000,1724.0,0.0060,-0.2242,-0.3572,0.00341,-0.00411,-0.00401,0.0,
3208177,1000,1724.0,-0.6100,-0.1942,-0.4162,0.00741,-0.05211,-0.01001,0.0,
3208197,1000,1724.0,-0.3630,-0.3322,-0.3262,0.02141,-0.03111,-0.01201,0.0,
3208217,1000,1724.0,-0.6160,0.0248,-0.4222,-0.01259,-0.05011,-0.00401,0.0,
3208237,1000,1724.0,-0.6170,-0.0432,-0.4922,-0.01059,-0.04811,-0.00101,0.0,
3208257,1000,1724.0,-0.2640,-0.3722,-0.3582,0.02441,-0.02311,-0.01101,0.0,
3208277,1000,1724.0,0.3550,-0.2302,-0.2612,0.00741,0.01989,-0.00301,0.0,
3208297,1000,1724.0,0.5210,-0.2662,-0.3312,0.00841,0.03789,-0.00401,0.0,
3208317,1000,1724.0,0.4050,-0.2172,-0.1302,0.00141,0.02789,-0.00101,0.0,
3208337,1000,1724.0,-0.1900,-0.1212,-0.4682,-0.00459,-0.01311,-0.00201,0.0,
3208357,1000,1724.0,0.0760,-0.2992,-0.3702,0.01341,0.00189,-0.00901,0.0,
3208377,1000,1724.0,-0.4220,0.0738,-0.4392,-0.02659,-0.03511,0.00399,0.0,
3208397,1000,1724.0,-0.5520,0.1598,-0.3082,-0.03059,-0.03911,0.00099,0.0,
3208417,1000,1724.0,0.3170,-0.2742,-0.2432,0.00241,0.02189,-0.00201,0.0,
3208437,1000,1724.0,0.5070,-0.3802,-0.3852,0.01841,0.03289,-0.00801,0.0,
3208457,1000,1724.0,-0.2730,-0.1282,-0.4592,-0.00159,-0.01911,-0.00301,0.0,
3208477,1000,1724.0,0.1850,-0.3592,-0.4142,0.02641,0.00589,-0.01201,0.0,
3208497,1000,1724.0,0.3460,-0.3762,-0.3212,0.01941,0.02189,-0.00501,0.0,
3208517,1000,1724.0,-0.7860,0.0798,-0.4572,-0.01559,-0.06311,-0.00101,0.0,
3208537,1000,1724.0,-0.2940,-0.2732,-0.3862,0.02741,-0.03011,-0.01701,0.0,
3208557,1000,1724.0,0.2750,-0.4552,-0.5042,0.03141,0.01789,-0.01201,0.0,
3208577,1000,1724.0,-0.3620,-0.1302,-0.3372,0.00041,-0.03111,-0.00601,0.0,
3208597,1000,1724.0,-0.5770,0.0928,-0.4522,-0.01659,-0.04911,-0.00401,0.0,
3208617,1000,1724.0,0.4460,-0.2342,-0.3792,0.00241,0.03089,0.00099,0.0,
3208637,1000,1724.0,-0.3910,-0.1652,-0.4452,-0.00159,-0.02811,-0.00201,0.0,
3208657,1000,1724.0,-0.7890,0.0818,-0.4432,-0.02059,-0.06411,-0.00301,0.0,
3208677,1000,1724.0,-0.1930,-0.0692,-0.3132,-0.00459,-0.01411,-0.00701,0.0,
3208697,1000,1724.0,0.6850,-0.4832,-0.3102,0.02641,0.04889,-0.00701,0.0,
3208717,1000,1724.0,-0.6490,-0.1492,-0.3562,-0.00359,-0.04911,-0.00201,0.0,
3208737,1000,1724.0,-0.6940,-0.2462,-0.4502,0.01541,-0.05611,-0.00901,0.0,
3208757,1000,1724.0,-0.6030,-0.0822,-0.4092,-0.00459,-0.04811,-0.00501,0.0,
3208777,1000,1724.0,-0.8530,0.0078,-0.4442,-0.00459,-0.06911,-0.01001,0.0,
3208797,1000,1724.0,-0.7780,-0.1652,-0.5242,0.00641,-0.06411,-0.01101,0.0,
3208817,1000,1724.0,-0.6750,0.0918,-0.3182,-0.01259,-0.05211,-0.00701,0.0,
3208837,1000,1724.0,-0.6290,-0.2872,-0.4522,0.01841,-0.05011,-0.01201,0.0,
3208857,1000,1724.0,0.3140,-0.1512,-0.3632,-0.00259,0.02689,-0.00401,0.0,
3208877,1000,1724.0,0.5360,-0.3152,-0.2732,0.01641,0.03489,-0.00601,0.0,
3208897,1000,1724.0,-0.7480,-0.1822,-0.4862,0.01141,-0.06411,-0.01201,0.0,
3208917,1000,1724.0,-0.0130,-0.2582,-0.4582,0.00941,-0.00311,-0.00801,0.0,
3208937,1000,1724.0,-0.5310,0.0218,-0.3762,-0.00759,-0.04711,-0.00901,0.0,
3208957,1000,1724.0,-0.3190,0.0498,-0.5082,-0.01859,-0.02711,-0.00201,0.0,
3208977,1000,1724.0,0.5690,-0.4362,-0.1802,0.02241,0.04089,-0.00601,0.0,
3208997,1000,1724.0,-0.6290,-0.1642,-0.4272,0.00541,-0.04911,-0.00701,0.0,
3209017,1000,1724.0,-0.2720,-0.2392,-0.3652,0.01341,-0.02411,-0.00701,0.0,
3209037,1000,1724.0,-0.3260,-0.2152,-0.3742,0.00241,-0.02911,-0.00301,0.0,
3209057,1000,1724.0,-0.2030,-0.1982,-0.4302,0.01141,-0.01411,-0.00901,0.0,
3209077,1000,1724.0,-0.2660,-0.0322,-0.4522,-0.00859,-0.02311,-0.00601,0.0,
3209097,1000,1724.0,-0.2500,-0.3482,-0.3512,0.02341,-0.01411,-0.01101,0.0,
3209117,1000,1724.0,-0.6610,-0.0562,-0.4212,-0.00259,-0.05011,-0.00301,0.0,
3209137,1000,1724.0,0.5570,-0.2592,-0.2892,0.01141,0.03889,-0.00801,0.0,
3209157,1000,1724.0,-0.4530,-0.0752,-0.4162,-0.00359,-0.03611,-0.00401,0.0,
3209177,1000,1724.0,-0.1180,-0.0592,-0.4312,-0.01159,-0.01211,-0.00201,0.0,
3209197,1000,1724.0,-0.1650,-0.1382,-0.2632,0.00441,-0.01311,-0.00801,0.0,
3209217,1000,1724.0,0.2370,-0.2202,-0.2952,-0.00059,0.01589,-0.00101,0.0,
3209237,1000,1724.0,0.5500,-0.4562,-0.2382,0.02141,0.04089,-0.00701,0.0,
3209257,1000,1724.0,-0.7630,-0.1942,-0.1922,0.00841,-0.06311,-0.01301,0.0,
3209277,1000,1724.0,-0.8670,-0.0022,-0.4052,-0.00359,-0.07411,-0.01201,0.0,
3209297,1000,1724.0,-0.8110,-0.0972,-0.4982,0.00441,-0.06711,-0.01301,0.0,
3209317,1000,1724.0,0.0980,-0.3062,-0.2392,0.01941,-0.00011,-0.00601,0.0,
3209337,1000,1724.0,0.1970,-0.4142,-0.3892,0.02941,0.00789,-0.01101,0.0,
3209357,1000,1724.0,-0.5550,0.0748,-0.4082,-0.00759,-0.04711,-0.00901,0.0,
3209377,1000,1724.0,0.1500,-0.3022,-0.4452,0.00541,0.00989,-0.00301,0.0,
3209397,1000,1724.0,-0.3870,-0.1102,-0.4112,0.00141,-0.03411,-0.00601,0.0,
3209417,1000,1724.0,-0.6030,-0.0752,-0.4372,0.00141,-0.05311,-0.01001,0.0,
3209437,1000,1724.0,-0.7660,-0.0872,-0.3292,-0.00259,-0.05811,-0.00701,0.0,
3209457,1000,1724.0,-0.4970,0.0188,-0.4772,-0.01359,-0.04211,-0.00401,0.0,
3209477,1000,1724.0,-0.6490,-0.2162,-0.3182,0.01241,-0.05511,-0.01201,0.0,
3209497,1000,1724.0,0.3870,-0.4622,-0.3582,0.02841,0.02189,-0.01101,0.0,
3209517,1000,1724.0,-0.3860,-0.2052,-0.3832,0.00441,-0.03811,-0.00901,0.0,
3209537,1000,1724.0,0.3030,-0.2602,-0.2392,0.00641,0.01389,-0.00401,0.0,
3209557,1000,1724.0,-0.4820,0.1358,-0.4532,-0.02759,-0.03711,0.00299,0.0,
3209577,1000,1724.0,-0.4560,0.0048,-0.4842,-0.01659,-0.04111,0.00199,0.0,
3209597,1000,1724.0,-0.5030,0.0538,-0.5032,-0.02259,-0.03711,0.00199,0.0,
3209617,1000,1724.0,0.4900,-0.2322,-0.2872,0.00741,0.02689,-0.00401,0.0,
3209637,1000,1724.0,-0.4680,-0.1422,-0.4472,0.01041,-0.04411,-0.01401,0.0,
3209657,1000,1724.0,0.1490,-0.1952,-0.3032,-0.00259,0.01189,-0.00401,0.0,
3209677,1000,1724.0,0.4590,-0.3392,-0.2552,0.01641,0.02889,-0.00601,0.0,
3209697,1000,1724.0,0.6300,-0.5232,-0.2922,0.02841,0.04289,-0.00801,0.0,
3209717,1000,1724.0,0.4440,-0.4392,-0.2682,0.02241,0.03189,-0.00801,0.0,
3209737,1000,1724.0,0.4980,-0.4332,-0.2872,0.01641,0.03589,-0.00501,0.0,
3209757,1000,1724.0,-0.0780,-0.0642,-0.2792,-0.00459,-0.01011,-0.00201,0.0,
3209777,1000,1724.0,-0.2970,-0.3042,-0.3982,0.02541,-0.03511,-0.01301,0.0,
3209797,1000,1724.0,0.5320,-0.3672,-0.2092,0.02341,0.03589,-0.01001,0.0,
3209817,1000,1724.0,-0.1640,-0.1562,-0.4112,0.00341,-0.01211,-0.00501,0.0,
3209837,1000,1724.0,-0.6140,0.1378,-0.2822,-0.02659,-0.04911,-0.00101,0.0,
3209857,1000,1724.0,-0.7500,0.1348,-0.2452,-0.01959,-0.05911,-0.00401,0.0,
3209877,1000,1724.0,-0.8840,0.1028,-0.2302,-0.01559,-0.07211,-0.00501,0.0,
3209897,1000,1724.0,-0.4860,-0.0222,-0.3962,-0.01659,-0.03711,-0.00101,0.0,
3209917,1000,1724.0,-0.1880,0.0958,-0.3682,-0.03159,-0.01711,0.00199,0.0,
3209937,1000,1724.0,-0.1050,-0.0022,-0.3582,-0.01559,-0.01111,-0.00101,0.0,
3209957,1000,1724.0,0.5830,-0.4732,-0.2692,0.02741,0.04389,-0.00701,0.0,
3209977,1000,1724.0,-0.0660,-0.4132,-0.4282,0.03241,-0.01311,-0.01801,0.0,
3209997,1000,1724.0,0.3390,-0.3772,-0.2252,0.02641,0.01889,-0.01101,0.0,
3210017,1000,1724.0,-0.8250,-0.0622,-0.4172,-0.00259,-0.06511,-0.00901,0.0,
3210037,1000,1724.0,-0.7760,-0.0722,-0.5262,-0.00759,-0.05511,-0.00101,0.0,
3210057,1000,1724.0,-0.0070,-0.2012,-0.2892,0.00841,-0.00511,-0.00801,0.0,
3210077,1000,1724.0,-0.0520,-0.2792,-0.2482,0.01241,-0.00111,-0.00701,0.0,
3210097,1000,1724.0,-0.2450,-0.1032,-0.3492,-0.00359,-0.02211,-0.00701,0.0,
3210117,1000,1724.0,0.0100,-0.0072,-0.3012,-0.00659,-0.00811,-0.00601,0.0,
3210137,1000,1724.0,-0.1500,-0.2602,-0.4612,0.00941,-0.01411,-0.00701,0.0,
3210157,1000,1724.0,-0.2180,-0.3892,-0.3472,0.03241,-0.01911,-0.01301,0.0,
3210177,1000,1724.0,0.2420,-0.3232,-0.3942,0.01641,0.01289,-0.00501,0.0,
3210197,1000,1724.0,-0.1670,-0.1072,-0.5132,-0.00459,-0.01811,-0.00401,0.0,
3210217,1000,1724.0,-0.0970,-0.1052,-0.3962,0.00341,-0.01611,-0.01101,0.0,
3210237,1000,1724.0,-0.2380,-0.0122,-0.3532,-0.00659,-0.02311,-0.00601,0.0,
3210257,1000,1724.0,-0.0050,-0.2342,-0.3762,0.00841,-0.00811,-0.00501,0.0,
3210277,1000,1724.0,-0.0690,-0.1882,-0.2952,0.00441,-0.00711,-0.00501,0.0,
3210297,1000,1724.0,0.0260,-0.1042,-0.3432,-0.00259,-0.00211,-0.00801,0.0,
3210317,1000,1724.0,-0.5040,-0.0242,-0.3782,-0.00759,-0.04511,-0.00601,0.0,
3210337,1000,1724.0,-0.0870,-0.2482,-0.2872,0.00441,-0.00611,-0.00601,0.0,
3210357,1000,1724.0,-0.1820,-0.0822,-0.2962,-0.00259,-0.01511,-0.00601,0.0,
3210377,1000,1724.0,-0.1410,-0.2412,-0.1732,0.00741,-0.01811,-0.00801,0.0,
3210397,1000,1724.0,-0.0660,-0.0402,-0.3042,-0.00359,-0.00911,-0.00601,0.0,
3210417,1000,1724.0,0.1840,-0.4402,-0.3382,0.03041,0.01089,-0.01101,0.0,
3210437,1000,1724.0,-0.3350,-0.1332,-0.3792,-0.00059,-0.02611,-0.00601,0.0,
3210457,1000,1724.0,-0.3570,-0.1982,-0.3532,0.00541,-0.03011,-0.00801,0.0,
3210477,1000,1724.0,-0.3810,-0.1142,-0.5102,-0.00159,-0.03211,-0.00801,0.0,
3210497,1000,1724.0,0.0450,-0.2032,-0.2782,0.00541,-0.00411,-0.00601,0.0,
3210517,1000,1724.0,-0.1500,-0.1122,-0.3462,0.00041,-0.01211,-0.00801,0.0,
3210537,1000,1724.0,-0.1890,-0.1302,-0.4152,-0.00059,-0.02011,-0.00401,0.0,
3210557,1000,1724.0,0.0520,-0.2512,-0.4622,0.00741,-0.00111,-0.00501,0.0,
3210577,1000,1724.0,-0.5760,0.0068,-0.5072,-0.00759,-0.04911,-0.00301,0.0,
3210597,1000,1724.0,-0.2190,-0.1742,-0.3752,0.00241,-0.02011,-0.00201,0.0,
3210617,1000,1724.0,-0.0350,-0.2142,-0.3512,0.01041,-0.00411,-0.00701,0.0,
3210637,1000,1724.0,-0.1340,-0.1772,-0.4692,-0.00159,-0.01811,-0.01001,0.0,
3210657,1000,1724.0,-0.3460,-0.1112,-0.5482,0.00141,-0.03111,-0.00801,0.0,
3210677,1000,1724.0,-0.0120,-0.0502,-0.2782,-0.00659,-0.00411,-0.00401,0.0,
3210697,1000,1724.0,0.0180,-0.2712,-0.4512,0.01841,-0.00311,-0.01201,0.0,
3210717,1000,1724.0,-0.2210,-0.2122,-0.5132,0.00541,-0.01911,-0.00701,0.0,
3210737,1000,1724.0,-0.1850,-0.1202,-0.3542,0.00341,-0.02111,-0.01001,0.0,
3210757,1000,1724.0,-0.0890,-0.2232,-0.2642,0.00641,-0.01311,-0.00501,0.0,
3210777,1000,1724.0,-0.1860,-0.1042,-0.4062,-0.00559,-0.01511,-0.00501,0.0,
3210797,1000,1724.0,0.2110,-0.2752,-0.3862,0.01041,0.01089,-0.00601,0.0,
3210817,1000,1724.0,-0.3960,-0.0942,-0.5072,-0.00359,-0.03511,-0.00601,0.0,
3210837,1000,1724.0,-0.2970,-0.2432,-0.4322,0.00841,-0.02411,-0.00401,0.0,
3210857,1000,1724.0,-0.0150,-0.1742,-0.2862,0.00341,-0.00211,-0.00601,0.0,
3210877,1000,1724.0,-0.1340,0.0508,-0.3662,-0.02359,-0.01411,0.00299,0.0,
3210897,1000,1724.0,-0.2090,-0.1872,-0.4072,0.00741,-0.01911,-0.00801,0.0,
3210917,1000,1724.0,-0.1840,-0.0702,-0.3852,-0.00559,-0.01611,-0.00501,0.0,
3210937,1000,1724.0,0.3920,-0.5142,-0.3012,0.03441,0.02389,-0.01201,0.0,
3210957,1000,1724.0,-0.7540,0.1438,-0.5342,-0.01659,-0.06511,-0.00401,0.0,
3210977,1000,1724.0,-0.1410,-0.3162,-0.1672,0.01141,-0.01811,-0.00701,0.0,
3210997,1000,1724.0,-0.2810,-0.2212,-0.3082,0.01241,-0.02711,-0.00901,0.0,
3211017,1000,1724.0,-0.0220,-0.1222,-0.4102,0.00141,-0.00511,-0.00601,0.0,
3211037,1000,1724.0,-0.2150,-0.2952,-0.2062,0.01641,-0.02011,-0.01001,0.0,
3211057,1000,1724.0,-0.0920,-0.0152,-0.3892,-0.00459,-0.01311,-0.00901,0.0,
3211077,1000,1724.0,-0.1850,-0.0892,-0.3632,-0.00459,-0.02011,-0.00201,0.0,
3211097,1000,1724.0,-0.1120,-0.0732,-0.3052,-0.00159,-0.01011,-0.00701,0.0,
3211117,1000,1724.0,0.0680,-0.2792,-0.3052,0.01441,0.00189,-0.00801,0.0,
3211137,1000,1724.0,-0.0230,-0.2842,-0.2472,0.01441,-0.00411,-0.00701,0.0,
3211157,1000,1724.0,-0.0350,-0.2712,-0.4092,0.01741,-0.01011,-0.00601,0.0,
3211177,1000,1724.0,-0.3180,-0.1792,-0.2582,0.00241,-0.03111,-0.00301,0.0,
3211197,1000,1724.0,-0.2720,-0.1522,-0.5652,0.00541,-0.02411,-0.00701,0.0,
3211217,1000,1724.0,-0.1030,-0.2142,-0.4542,0.01141,-0.01011,-0.01001,0.0,
3211237,1000,1724.0,0.1110,-0.1622,-0.3412,0.00441,0.00489,-0.00501,0.0,
3211257,1000,1724.0,0.1470,-0.1042,-0.2152,-0.00559,0.00689,-0.00301,0.0,
