t_epoch,phase,sweep_idx,a_cmd_us,b_cmd_us,a_cmd_norm,b_cmd_norm,t_fc_us,servo1_raw,servo2_raw,servo3_raw,servo4_raw,servo5_raw,servo6_raw,servo7_raw,servo8_raw
1785437793.169358,idle_pre,0,1000,1000,0.0,0.0,1484921463,1000,1000,1000,1000,0,0,0,0
1785437793.1894543,idle_pre,0,1000,1000,0.0,0.0,1484941171,1000,1000,1000,1000,0,0,0,0
1785437793.207338,idle_pre,0,1000,1000,0.0,0.0,1484960865,1000,1000,1000,1000,0,0,0,0
1785437793.2250876,idle_pre,0,1000,1000,0.0,0.0,1484978109,1000,1000,1000,1000,0,0,0,0
1785437793.2473972,idle_pre,0,1000,1000,0.0,0.0,1485001507,1000,1000,1000,1000,0,0,0,0
1785437793.2671475,idle_pre,0,1000,1000,0.0,0.0,1485018758,1000,1000,1000,1000,0,0,0,0
1785437793.2901769,idle_pre,0,1000,1000,0.0,0.0,1485040960,1000,1000,1000,1000,0,0,0,0
1785437793.3056958,idle_pre,0,1000,1000,0.0,0.0,1485058149,1000,1000,1000,1000,0,0,0,0
1785437793.3260765,idle_pre,0,1000,1000,0.0,0.0,1485079080,1000,1000,1000,1000,0,0,0,0
1785437793.3470745,idle_pre,0,1000,1000,0.0,0.0,1485101245,1000,1000,1000,1000,0,0,0,0
1785437793.3657813,idle_pre,0,1000,1000,0.0,0.0,1485118480,1000,1000,1000,1000,0,0,0,0
1785437793.3891618,idle_pre,0,1000,1000,0.0,0.0,1485140644,1000,1000,1000,1000,0,0,0,0
1785437793.407078,idle_pre,0,1000,1000,0.0,0.0,1485161578,1000,1000,1000,1000,0,0,0,0
1785437793.4260788,idle_pre,0,1000,1000,0.0,0.0,1485178828,1000,1000,1000,1000,0,0,0,0
1785437793.447078,idle_pre,0,1000,1000,0.0,0.0,1485200988,1000,1000,1000,1000,0,0,0,0
1785437793.467084,idle_pre,0,1000,1000,0.0,0.0,1485220686,1000,1000,1000,1000,0,0,0,0
1785437793.4891717,idle_pre,0,1000,1000,0.0,0.0,1485239160,1000,1000,1000,1000,0,0,0,0
1785437793.5051029,idle_pre,0,1000,1000,0.0,0.0,1485258857,1000,1000,1000,1000,0,0,0,0
1785437793.5263052,idle_pre,0,1000,1000,0.0,0.0,1485281026,1000,1000,1000,1000,0,0,0,0
1785437793.5471165,idle_pre,0,1000,1000,0.0,0.0,1485300726,1000,1000,1000,1000,0,0,0,0
1785437793.5658736,idle_pre,0,1000,1000,0.0,0.0,1485319194,1000,1000,1000,1000,0,0,0,0
1785437793.5892131,idle_pre,0,1000,1000,0.0,0.0,1485338904,1000,1000,1000,1000,0,0,0,0
1785437793.607111,idle_pre,0,1000,1000,0.0,0.0,1485361064,1000,1000,1000,1000,0,0,0,0
1785437793.6261861,idle_pre,0,1000,1000,0.0,0.0,1485380769,1000,1000,1000,1000,0,0,0,0
1785437793.647339,idle_pre,0,1000,1000,0.0,0.0,1485401704,1000,1000,1000,1000,0,0,0,0
1785437793.6666958,idle_pre,0,1000,1000,0.0,0.0,1485418950,1000,1000,1000,1000,0,0,0,0
1785437793.6894047,idle_pre,0,1000,1000,0.0,0.0,1485438642,1000,1000,1000,1000,0,0,0,0
1785437793.7051454,idle_pre,0,1000,1000,0.0,0.0,1485458351,1000,1000,1000,1000,0,0,0,0
1785437793.7251587,idle_pre,0,1000,1000,0.0,0.0,1485479280,1000,1000,1000,1000,0,0,0,0
1785437793.7471354,idle_pre,0,1000,1000,0.0,0.0,1485501444,1000,1000,1000,1000,0,0,0,0
1785437793.7664416,idle_pre,0,1000,1000,0.0,0.0,1485518691,1000,1000,1000,1000,0,0,0,0
1785437793.7915437,idle_pre,0,1000,1000,0.0,0.0,1485540849,1000,1000,1000,1000,0,0,0,0
1785437793.806101,idle_pre,0,1000,1000,0.0,0.0,1485558093,1000,1000,1000,1000,0,0,0,0
1785437793.8280845,idle_pre,0,1000,1000,0.0,0.0,1485581487,1000,1000,1000,1000,0,0,0,0
1785437793.8460944,idle_pre,0,1000,1000,0.0,0.0,1485598726,1000,1000,1000,1000,0,0,0,0
1785437793.8688056,idle_pre,0,1000,1000,0.0,0.0,1485620886,1000,1000,1000,1000,0,0,0,0
1785437793.8851554,idle_pre,0,1000,1000,0.0,0.0,1485638128,1000,1000,1000,1000,0,0,0,0
1785437793.906682,idle_pre,0,1000,1000,0.0,0.0,1485659064,1000,1000,1000,1000,0,0,0,0
1785437793.9271019,idle_pre,0,1000,1000,0.0,0.0,1485681540,1000,1000,1000,1000,0,0,0,0
1785437793.946105,idle_pre,0,1000,1000,0.0,0.0,1485699701,1000,1000,1000,1000,0,0,0,0
1785437793.9682794,idle_pre,0,1000,1000,0.0,0.0,1485721863,1000,1000,1000,1000,0,0,0,0
1785437793.9887013,idle_pre,0,1000,1000,0.0,0.0,1485739105,1000,1000,1000,1000,0,0,0,0
1785437794.0060983,idle_pre,0,1000,1000,0.0,0.0,1485760036,1000,1000,1000,1000,0,0,0,0
1785437794.027098,idle_pre,0,1000,1000,0.0,0.0,1485779748,1000,1000,1000,1000,0,0,0,0
1785437794.0472417,idle_pre,0,1000,1000,0.0,0.0,1485801910,1000,1000,1000,1000,0,0,0,0
1785437794.0708616,idle_pre,0,1000,1000,0.0,0.0,1485821634,1000,1000,1000,1000,0,0,0,0
1785437794.0892031,idle_pre,0,1000,1000,0.0,0.0,1485840077,1000,1000,1000,1000,0,0,0,0
1785437794.1071737,idle_pre,0,1000,1000,0.0,0.0,1485859783,1000,1000,1000,1000,0,0,0,0
1785437794.125119,idle_pre,0,1000,1000,0.0,0.0,1485879500,1000,1000,1000,1000,0,0,0,0
1785437794.1461153,idle_pre,0,1000,1000,0.0,0.0,1485899182,1000,1000,1000,1000,0,0,0,0
1785437794.1659005,idle_pre,0,1000,1000,0.0,0.0,1485917666,1000,1000,1000,1000,0,0,0,0
1785437794.1902199,idle_pre,0,1000,1000,0.0,0.0,1485939823,1000,1000,1000,1000,0,0,0,0
1785437794.2051108,idle_pre,0,1000,1000,0.0,0.0,1485959519,1000,1000,1000,1000,0,0,0,0
1785437794.2259226,idle_pre,0,1000,1000,0.0,0.0,1485979220,1000,1000,1000,1000,0,0,0,0
1785437794.2461066,idle_pre,0,1000,1000,0.0,0.0,1486000155,1000,1000,1000,1000,0,0,0,0
1785437794.2686207,idle_pre,0,1000,1000,0.0,0.0,1486019870,1000,1000,1000,1000,0,0,0,0
1785437794.289192,idle_pre,0,1000,1000,0.0,0.0,1486039562,1000,1000,1000,1000,0,0,0,0
1785437794.3071382,idle_pre,0,1000,1000,0.0,0.0,1486061727,1000,1000,1000,1000,0,0,0,0
1785437794.3261094,idle_pre,0,1000,1000,0.0,0.0,1486080199,1000,1000,1000,1000,0,0,0,0
1785437794.3451152,idle_pre,0,1000,1000,0.0,0.0,1486097437,1000,1000,1000,1000,0,0,0,0
1785437794.366884,idle_pre,0,1000,1000,0.0,0.0,1486119599,1000,1000,1000,1000,0,0,0,0
1785437794.3902092,idle_pre,0,1000,1000,0.0,0.0,1486141766,1000,1000,1000,1000,0,0,0,0
1785437794.405209,idle_pre,0,1000,1000,0.0,0.0,1486157773,1000,1000,1000,1000,0,0,0,0
1785437794.4271832,idle_pre,0,1000,1000,0.0,0.0,1486179946,1000,1000,1000,1000,0,0,0,0
1785437794.4454818,idle_pre,0,1000,1000,0.0,0.0,1486199642,1000,1000,1000,1000,0,0,0,0
1785437794.467092,idle_pre,0,1000,1000,0.0,0.0,1486219343,1000,1000,1000,1000,0,0,0,0
1785437794.4909878,idle_pre,0,1000,1000,0.0,0.0,1486239047,1000,1000,1000,1000,0,0,0,0
1785437794.506115,idle_pre,0,1000,1000,0.0,0.0,1486259988,1000,1000,1000,1000,0,0,0,0
1785437794.5276418,idle_pre,0,1000,1000,0.0,0.0,1486282148,1000,1000,1000,1000,0,0,0,0
1785437794.5451531,idle_pre,0,1000,1000,0.0,0.0,1486299382,1000,1000,1000,1000,0,0,0,0
1785437794.5688913,idle_pre,0,1000,1000,0.0,0.0,1486321559,1000,1000,1000,1000,0,0,0,0
1785437794.5864089,idle_pre,0,1000,1000,0.0,0.0,1486340026,1000,1000,1000,1000,0,0,0,0
1785437794.607117,idle_pre,0,1000,1000,0.0,0.0,1486359727,1000,1000,1000,1000,0,0,0,0
1785437794.6263597,idle_pre,0,1000,1000,0.0,0.0,1486379424,1000,1000,1000,1000,0,0,0,0
1785437794.6482086,idle_pre,0,1000,1000,0.0,0.0,1486401593,1000,1000,1000,1000,0,0,0,0
1785437794.6671813,idle_pre,0,1000,1000,0.0,0.0,1486420066,1000,1000,1000,1000,0,0,0,0
1785437794.6902258,idle_pre,0,1000,1000,0.0,0.0,1486439762,1000,1000,1000,1000,0,0,0,0
1785437794.7051432,idle_pre,0,1000,1000,0.0,0.0,1486459467,1000,1000,1000,1000,0,0,0,0
1785437794.7261517,idle_pre,0,1000,1000,0.0,0.0,1486479169,1000,1000,1000,1000,0,0,0,0
1785437794.7472122,idle_pre,0,1000,1000,0.0,0.0,1486500108,1000,1000,1000,1000,0,0,0,0
1785437794.7669678,idle_pre,0,1000,1000,0.0,0.0,1486519799,1000,1000,1000,1000,0,0,0,0
1785437794.7911057,idle_pre,0,1000,1000,0.0,0.0,1486541971,1000,1000,1000,1000,0,0,0,0
1785437794.8051662,idle_pre,0,1000,1000,0.0,0.0,1486559213,1000,1000,1000,1000,0,0,0,0
1785437794.8261404,idle_pre,0,1000,1000,0.0,0.0,1486580150,1000,1000,1000,1000,0,0,0,0
1785437794.8451884,idle_pre,0,1000,1000,0.0,0.0,1486599843,1000,1000,1000,1000,0,0,0,0
1785437794.8685908,idle_pre,0,1000,1000,0.0,0.0,1486622013,1000,1000,1000,1000,0,0,0,0
1785437794.88514,idle_pre,0,1000,1000,0.0,0.0,1486639247,1000,1000,1000,1000,0,0,0,0
1785437794.9061415,idle_pre,0,1000,1000,0.0,0.0,1486660181,1000,1000,1000,1000,0,0,0,0
1785437794.9271302,idle_pre,0,1000,1000,0.0,0.0,1486679883,1000,1000,1000,1000,0,0,0,0
1785437794.9461353,idle_pre,0,1000,1000,0.0,0.0,1486700817,1000,1000,1000,1000,0,0,0,0
1785437794.9691024,idle_pre,0,1000,1000,0.0,0.0,1486720518,1000,1000,1000,1000,0,0,0,0
1785437794.9894395,idle_pre,0,1000,1000,0.0,0.0,1486740222,1000,1000,1000,1000,0,0,0,0
1785437795.0051582,idle_pre,0,1000,1000,0.0,0.0,1486758694,1000,1000,1000,1000,0,0,0,0
1785437795.0261962,idle_pre,0,1000,1000,0.0,0.0,1486780859,1000,1000,1000,1000,0,0,0,0
1785437795.047211,idle_pre,0,1000,1000,0.0,0.0,1486800589,1000,1000,1000,1000,0,0,0,0
1785437795.0692742,idle_pre,0,1000,1000,0.0,0.0,1486820258,1000,1000,1000,1000,0,0,0,0
1785437795.0902333,idle_pre,0,1000,1000,0.0,0.0,1486841198,1000,1000,1000,1000,0,0,0,0
1785437795.1051393,idle_pre,0,1000,1000,0.0,0.0,1486858433,1000,1000,1000,1000,0,0,0,0
1785437795.1261353,idle_pre,0,1000,1000,0.0,0.0,1486880601,1000,1000,1000,1000,0,0,0,0
1785437795.1479895,idle_pre,0,1000,1000,0.0,0.0,1486900301,1000,1000,1000,1000,0,0,0,0
1785437795.1703737,idle_pre,0,1000,1000,0.0,0.0,1486921252,1000,1000,1000,1000,0,0,0,0
1785437795.1851575,idle_pre,0,1000,1000,0.0,0.0,1486938476,1000,1000,1000,1000,0,0,0,0
1785437795.2074275,idle_pre,0,1000,1000,0.0,0.0,1486960638,1000,1000,1000,1000,0,0,0,0
1785437795.2251744,idle_pre,0,1000,1000,0.0,0.0,1486977879,1000,1000,1000,1000,0,0,0,0
1785437795.2465765,idle_pre,0,1000,1000,0.0,0.0,1487000045,1000,1000,1000,1000,0,0,0,0
1785437795.2685182,idle_pre,0,1000,1000,0.0,0.0,1487020988,1000,1000,1000,1000,0,0,0,0
1785437795.2892792,idle_pre,0,1000,1000,0.0,0.0,1487040684,1000,1000,1000,1000,0,0,0,0
1785437795.307167,idle_pre,0,1000,1000,0.0,0.0,1487060386,1000,1000,1000,1000,0,0,0,0
1785437795.3252482,idle_pre,0,1000,1000,0.0,0.0,1487077643,1000,1000,1000,1000,0,0,0,0
1785437795.347143,idle_pre,0,1000,1000,0.0,0.0,1487101017,1000,1000,1000,1000,0,0,0,0
1785437795.3658574,idle_pre,0,1000,1000,0.0,0.0,1487118262,1000,1000,1000,1000,0,0,0,0
1785437795.3892455,idle_pre,0,1000,1000,0.0,0.0,1487140435,1000,1000,1000,1000,0,0,0,0
1785437795.4071436,idle_pre,0,1000,1000,0.0,0.0,1487160124,1000,1000,1000,1000,0,0,0,0
1785437795.4251747,idle_pre,0,1000,1000,0.0,0.0,1487178596,1000,1000,1000,1000,0,0,0,0
1785437795.4461632,idle_pre,0,1000,1000,0.0,0.0,1487200759,1000,1000,1000,1000,0,0,0,0
1785437795.466069,idle_pre,0,1000,1000,0.0,0.0,1487218006,1000,1000,1000,1000,0,0,0,0
1785437795.4892387,idle_pre,0,1000,1000,0.0,0.0,1487240164,1000,1000,1000,1000,0,0,0,0
1785437795.505152,idle_pre,0,1000,1000,0.0,0.0,1487258634,1000,1000,1000,1000,0,0,0,0
1785437795.5251544,idle_pre,0,1000,1000,0.0,0.0,1487278340,1000,1000,1000,1000,0,0,0,0
1785437795.5471709,idle_pre,0,1000,1000,0.0,0.0,1487300504,1000,1000,1000,1000,0,0,0,0
1785437795.5660086,idle_pre,0,1000,1000,0.0,0.0,1487317746,1000,1000,1000,1000,0,0,0,0
1785437795.5892575,idle_pre,0,1000,1000,0.0,0.0,1487338678,1000,1000,1000,1000,0,0,0,0
1785437795.6072497,idle_pre,0,1000,1000,0.0,0.0,1487360844,1000,1000,1000,1000,0,0,0,0
1785437795.625213,idle_pre,0,1000,1000,0.0,0.0,1487378088,1000,1000,1000,1000,0,0,0,0
1785437795.646275,idle_pre,0,1000,1000,0.0,0.0,1487400251,1000,1000,1000,1000,0,0,0,0
1785437795.6664724,idle_pre,0,1000,1000,0.0,0.0,1487418713,1000,1000,1000,1000,0,0,0,0
1785437795.6893425,idle_pre,0,1000,1000,0.0,0.0,1487440884,1000,1000,1000,1000,0,0,0,0
1785437795.7051876,idle_pre,0,1000,1000,0.0,0.0,1487458123,1000,1000,1000,1000,0,0,0,0
1785437795.7271793,idle_pre,0,1000,1000,0.0,0.0,1487480293,1000,1000,1000,1000,0,0,0,0
1785437795.7456985,idle_pre,0,1000,1000,0.0,0.0,1487498761,1000,1000,1000,1000,0,0,0,0
1785437795.766894,idle_pre,0,1000,1000,0.0,0.0,1487518466,1000,1000,1000,1000,0,0,0,0
1785437795.791474,idle_pre,0,1000,1000,0.0,0.0,1487543094,1000,1000,1000,1000,0,0,0,0
1785437795.8061752,idle_pre,0,1000,1000,0.0,0.0,1487560329,1000,1000,1000,1000,0,0,0,0
1785437795.8279238,idle_pre,0,1000,1000,0.0,0.0,1487581261,1000,1000,1000,1000,0,0,0,0
1785437795.8452115,idle_pre,0,1000,1000,0.0,0.0,1487598500,1000,1000,1000,1000,0,0,0,0
1785437795.8693888,idle_pre,0,1000,1000,0.0,0.0,1487620664,1000,1000,1000,1000,0,0,0,0
1785437795.8852043,idle_pre,0,1000,1000,0.0,0.0,1487637902,1000,1000,1000,1000,0,0,0,0
1785437795.9066842,idle_pre,0,1000,1000,0.0,0.0,1487660101,1000,1000,1000,1000,0,0,0,0
1785437795.9271708,idle_pre,0,1000,1000,0.0,0.0,1487681009,1000,1000,1000,1000,0,0,0,0
1785437795.9459634,idle_pre,0,1000,1000,0.0,0.0,1487699475,1000,1000,1000,1000,0,0,0,0
1785437795.966888,idle_pre,0,1000,1000,0.0,0.0,1487719175,1000,1000,1000,1000,0,0,0,0
1785437795.9893394,idle_pre,0,1000,1000,0.0,0.0,1487741339,1000,1000,1000,1000,0,0,0,0
1785437796.0051684,idle_pre,0,1000,1000,0.0,0.0,1487759815,1000,1000,1000,1000,0,0,0,0
1785437796.026173,idle_pre,0,1000,1000,0.0,0.0,1487779517,1000,1000,1000,1000,0,0,0,0
1785437796.0471647,idle_pre,0,1000,1000,0.0,0.0,1487801684,1000,1000,1000,1000,0,0,0,0
1785437796.0690818,idle_pre,0,1000,1000,0.0,0.0,1487818938,1000,1000,1000,1000,0,0,0,0
1785437796.0902476,idle_pre,0,1000,1000,0.0,0.0,1487838620,1000,1000,1000,1000,0,0,0,0
1785437796.1052244,idle_pre,0,1000,1000,0.0,0.0,1487859550,1000,1000,1000,1000,0,0,0,0
1785437796.1261675,idle_pre,0,1000,1000,0.0,0.0,1487879256,1000,1000,1000,1000,0,0,0,0
1785437796.1451755,idle_pre,0,1000,1000,0.0,0.0,1487898967,1000,1000,1000,1000,0,0,0,0
1785437796.1670136,idle_pre,0,1000,1000,0.0,0.0,1487921128,1000,1000,1000,1000,0,0,0,0
1785437796.1903632,idle_pre,0,1000,1000,0.0,0.0,1487939594,1000,1000,1000,1000,0,0,0,0
1785437796.2052188,idle_pre,0,1000,1000,0.0,0.0,1487959302,1000,1000,1000,1000,0,0,0,0
1785437796.2261994,idle_pre,0,1000,1000,0.0,0.0,1487979007,1000,1000,1000,1000,0,0,0,0
1785437796.2471871,idle_pre,0,1000,1000,0.0,0.0,1488001168,1000,1000,1000,1000,0,0,0,0
1785437796.2671354,idle_pre,0,1000,1000,0.0,0.0,1488019633,1000,1000,1000,1000,0,0,0,0
1785437796.2903135,idle_pre,0,1000,1000,0.0,0.0,1488041799,1000,1000,1000,1000,0,0,0,0
1785437796.3051925,idle_pre,0,1000,1000,0.0,0.0,1488059045,1000,1000,1000,1000,0,0,0,0
1785437796.3262477,idle_pre,0,1000,1000,0.0,0.0,1488078741,1000,1000,1000,1000,0,0,0,0
1785437796.345179,idle_pre,0,1000,1000,0.0,0.0,1488099676,1000,1000,1000,1000,0,0,0,0
1785437796.3669035,idle_pre,0,1000,1000,0.0,0.0,1488119377,1000,1000,1000,1000,0,0,0,0
1785437796.3902597,idle_pre,0,1000,1000,0.0,0.0,1488141541,1000,1000,1000,1000,0,0,0,0
1785437796.4052823,idle_pre,0,1000,1000,0.0,0.0,1488158791,1000,1000,1000,1000,0,0,0,0
1785437796.4262333,idle_pre,0,1000,1000,0.0,0.0,1488179727,1000,1000,1000,1000,0,0,0,0
1785437796.4485903,idle_pre,0,1000,1000,0.0,0.0,1488201883,1000,1000,1000,1000,0,0,0,0
1785437796.4671524,idle_pre,0,1000,1000,0.0,0.0,1488219126,1000,1000,1000,1000,0,0,0,0
1785437796.4908178,idle_pre,0,1000,1000,0.0,0.0,1488241281,1000,1000,1000,1000,0,0,0,0
1785437796.507492,idle_pre,0,1000,1000,0.0,0.0,1488259756,1000,1000,1000,1000,0,0,0,0
1785437796.525293,idle_pre,0,1000,1000,0.0,0.0,1488279494,1000,1000,1000,1000,0,0,0,0
1785437796.5469227,idle_pre,0,1000,1000,0.0,0.0,1488299166,1000,1000,1000,1000,0,0,0,0
1785437796.5686858,idle_pre,0,1000,1000,0.0,0.0,1488321329,1000,1000,1000,1000,0,0,0,0
1785437796.5894217,idle_pre,0,1000,1000,0.0,0.0,1488339796,1000,1000,1000,1000,0,0,0,0
1785437796.6072419,idle_pre,0,1000,1000,0.0,0.0,1488359502,1000,1000,1000,1000,0,0,0,0
1785437796.625838,idle_pre,0,1000,1000,0.0,0.0,1488379242,1000,1000,1000,1000,0,0,0,0
1785437796.6465833,idle_pre,0,1000,1000,0.0,0.0,1488398901,1000,1000,1000,1000,0,0,0,0
1785437796.6672072,idle_pre,0,1000,1000,0.0,0.0,1488418629,1000,1000,1000,1000,0,0,0,0
1785437796.690431,idle_pre,0,1000,1000,0.0,0.0,1488442003,1000,1000,1000,1000,0,0,0,0
1785437796.7055497,idle_pre,0,1000,1000,0.0,0.0,1488459245,1000,1000,1000,1000,0,0,0,0
1785437796.7262998,idle_pre,0,1000,1000,0.0,0.0,1488478956,1000,1000,1000,1000,0,0,0,0
1785437796.7472463,idle_pre,0,1000,1000,0.0,0.0,1488501108,1000,1000,1000,1000,0,0,0,0
1785437796.7661822,idle_pre,0,1000,1000,0.0,0.0,1488519579,1000,1000,1000,1000,0,0,0,0
1785437796.7893157,idle_pre,0,1000,1000,0.0,0.0,1488539286,1000,1000,1000,1000,0,0,0,0
1785437796.805398,idle_pre,0,1000,1000,0.0,0.0,1488558992,1000,1000,1000,1000,0,0,0,0
1785437796.8262403,idle_pre,0,1000,1000,0.0,0.0,1488578693,1000,1000,1000,1000,0,0,0,0
1785437796.847356,idle_pre,0,1000,1000,0.0,0.0,1488599620,1000,1000,1000,1000,0,0,0,0
1785437796.866294,idle_pre,0,1000,1000,0.0,0.0,1488619325,1000,1000,1000,1000,0,0,0,0
1785437796.8903027,idle_pre,0,1000,1000,0.0,0.0,1488641485,1000,1000,1000,1000,0,0,0,0
1785437796.9054692,idle_pre,0,1000,1000,0.0,0.0,1488658726,1000,1000,1000,1000,0,0,0,0
1785437796.9262087,idle_pre,0,1000,1000,0.0,0.0,1488679657,1000,1000,1000,1000,0,0,0,0
1785437796.9472942,idle_pre,0,1000,1000,0.0,0.0,1488696896,1000,1000,1000,1000,0,0,0,0
1785437796.966962,idle_pre,0,1000,1000,0.0,0.0,1488720304,1000,1000,1000,1000,0,0,0,0
1785437796.9884763,idle_pre,0,1000,1000,0.0,0.0,1488740003,1000,1000,1000,1000,0,0,0,0
1785437797.006484,idle_pre,0,1000,1000,0.0,0.0,1488759699,1000,1000,1000,1000,0,0,0,0
1785437797.027223,idle_pre,0,1000,1000,0.0,0.0,1488780635,1000,1000,1000,1000,0,0,0,0
1785437797.0452907,idle_pre,0,1000,1000,0.0,0.0,1488797872,1000,1000,1000,1000,0,0,0,0
1785437797.0705152,idle_pre,0,1000,1000,0.0,0.0,1488820038,1000,1000,1000,1000,0,0,0,0
1785437797.088766,idle_pre,0,1000,1000,0.0,0.0,1488839738,1000,1000,1000,1000,0,0,0,0
1785437797.1061988,idle_pre,0,1000,1000,0.0,0.0,1488860678,1000,1000,1000,1000,0,0,0,0
1785437797.1282458,idle_pre,0,1000,1000,0.0,0.0,1488882841,1000,1000,1000,1000,0,0,0,0
1785437797.1461983,idle_pre,0,1000,1000,0.0,0.0,1488900080,1000,1000,1000,1000,0,0,0,0
1785437797.1687524,idle_pre,0,1000,1000,0.0,0.0,1488919782,1000,1000,1000,1000,0,0,0,0
1785437797.188426,idle_pre,0,1000,1000,0.0,0.0,1488938250,1000,1000,1000,1000,0,0,0,0
1785437797.2073357,idle_pre,0,1000,1000,0.0,0.0,1488960421,1000,1000,1000,1000,0,0,0,0
1785437797.2271652,idle_pre,0,1000,1000,0.0,0.0,1488980150,1000,1000,1000,1000,0,0,0,0
1785437797.2464705,idle_pre,0,1000,1000,0.0,0.0,1488999821,1000,1000,1000,1000,0,0,0,0
1785437797.2686553,idle_pre,0,1000,1000,0.0,0.0,1489020758,1000,1000,1000,1000,0,0,0,0
1785437797.289158,idle_pre,0,1000,1000,0.0,0.0,1489040463,1000,1000,1000,1000,0,0,0,0
1785437797.306557,idle_pre,0,1000,1000,0.0,0.0,1489060164,1000,1000,1000,1000,0,0,0,0
1785437797.3263845,idle_pre,0,1000,1000,0.0,0.0,1489079887,1000,1000,1000,1000,0,0,0,0
1785437797.3473232,idle_pre,0,1000,1000,0.0,0.0,1489100794,1000,1000,1000,1000,0,0,0,0
1785437797.3683698,idle_pre,0,1000,1000,0.0,0.0,1489120497,1000,1000,1000,1000,0,0,0,0
1785437797.3898406,idle_pre,0,1000,1000,0.0,0.0,1489140206,1000,1000,1000,1000,0,0,0,0
1785437797.407284,idle_pre,0,1000,1000,0.0,0.0,1489159902,1000,1000,1000,1000,0,0,0,0
1785437797.4263017,idle_pre,0,1000,1000,0.0,0.0,1489179600,1000,1000,1000,1000,0,0,0,0
1785437797.445212,idle_pre,0,1000,1000,0.0,0.0,1489198117,1000,1000,1000,1000,0,0,0,0
1785437797.467323,idle_pre,0,1000,1000,0.0,0.0,1489220239,1000,1000,1000,1000,0,0,0,0
1785437797.4904747,idle_pre,0,1000,1000,0.0,0.0,1489239946,1000,1000,1000,1000,0,0,0,0
1785437797.5052185,idle_pre,0,1000,1000,0.0,0.0,1489259640,1000,1000,1000,1000,0,0,0,0
1785437797.5272555,idle_pre,0,1000,1000,0.0,0.0,1489280578,1000,1000,1000,1000,0,0,0,0
1785437797.5452187,idle_pre,0,1000,1000,0.0,0.0,1489297826,1000,1000,1000,1000,0,0,0,0
1785437797.5683753,idle_pre,0,1000,1000,0.0,0.0,1489319985,1000,1000,1000,1000,0,0,0,0
1785437797.5894039,idle_pre,0,1000,1000,0.0,0.0,1489339684,1000,1000,1000,1000,0,0,0,0
1785437797.6072264,idle_pre,0,1000,1000,0.0,0.0,1489360617,1000,1000,1000,1000,0,0,0,0
1785437797.6252346,idle_pre,0,1000,1000,0.0,0.0,1489377904,1000,1000,1000,1000,0,0,0,0
1785437797.646501,idle_pre,0,1000,1000,0.0,0.0,1489400022,1000,1000,1000,1000,0,0,0,0
1785437797.6662264,idle_pre,0,1000,1000,0.0,0.0,1489419727,1000,1000,1000,1000,0,0,0,0
1785437797.6894128,idle_pre,0,1000,1000,0.0,0.0,1489440659,1000,1000,1000,1000,0,0,0,0
1785437797.7072363,idle_pre,0,1000,1000,0.0,0.0,1489460359,1000,1000,1000,1000,0,0,0,0
1785437797.725309,idle_pre,0,1000,1000,0.0,0.0,1489477603,1000,1000,1000,1000,0,0,0,0
1785437797.7464292,idle_pre,0,1000,1000,0.0,0.0,1489499763,1000,1000,1000,1000,0,0,0,0
1785437797.769521,idle_pre,0,1000,1000,0.0,0.0,1489520698,1000,1000,1000,1000,0,0,0,0
1785437797.7895432,idle_pre,0,1000,1000,0.0,0.0,1489540397,1000,1000,1000,1000,0,0,0,0
1785437797.8079627,idle_pre,0,1000,1000,0.0,0.0,1489560104,1000,1000,1000,1000,0,0,0,0
1785437797.8252907,idle_pre,0,1000,1000,0.0,0.0,1489579807,1000,1000,1000,1000,0,0,0,0
1785437797.8473165,idle_pre,0,1000,1000,0.0,0.0,1489600739,1000,1000,1000,1000,0,0,0,0
1785437797.8661902,idle_pre,0,1000,1000,0.0,0.0,1489617985,1000,1000,1000,1000,0,0,0,0
1785437797.8898416,idle_pre,0,1000,1000,0.0,0.0,1489640143,1000,1000,1000,1000,0,0,0,0
1785437797.9073532,idle_pre,0,1000,1000,0.0,0.0,1489659845,1000,1000,1000,1000,0,0,0,0
1785437797.9261353,idle_pre,0,1000,1000,0.0,0.0,1489677086,1000,1000,1000,1000,0,0,0,0
1785437797.9462295,idle_pre,0,1000,1000,0.0,0.0,1489700484,1000,1000,1000,1000,0,0,0,0
1785437797.9671872,idle_pre,0,1000,1000,0.0,0.0,1489718955,1000,1000,1000,1000,0,0,0,0
1785437797.989328,idle_pre,0,1000,1000,0.0,0.0,1489738658,1000,1000,1000,1000,0,0,0,0
1785437798.0074248,idle_pre,0,1000,1000,0.0,0.0,1489760818,1000,1000,1000,1000,0,0,0,0
1785437798.0252874,idle_pre,0,1000,1000,0.0,0.0,1489779298,1000,1000,1000,1000,0,0,0,0
1785437798.0463288,idle_pre,0,1000,1000,0.0,0.0,1489799023,1000,1000,1000,1000,0,0,0,0
1785437798.0705013,idle_pre,0,1000,1000,0.0,0.0,1489821182,1000,1000,1000,1000,0,0,0,0
1785437798.0893881,idle_pre,0,1000,1000,0.0,0.0,1489840869,1000,1000,1000,1000,0,0,0,0
1785437798.105606,idle_pre,0,1000,1000,0.0,0.0,1489859329,1000,1000,1000,1000,0,0,0,0
1785437798.1262372,idle_pre,0,1000,1000,0.0,0.0,1489879032,1000,1000,1000,1000,0,0,0,0
1785437798.1473384,idle_pre,0,1000,1000,0.0,0.0,1489901202,1000,1000,1000,1000,0,0,0,0
1785437798.1666617,idle_pre,0,1000,1000,0.0,0.0,1489918434,1000,1000,1000,1000,0,0,0,0
1785437798.1904783,idle_pre,0,1000,1000,0.0,0.0,1489941837,1000,1000,1000,1000,0,0,0,0
1785437798.205289,idle_pre,0,1000,1000,0.0,0.0,1489959077,1000,1000,1000,1000,0,0,0,0
1785437798.22624,idle_pre,0,1000,1000,0.0,0.0,1489978777,1000,1000,1000,1000,0,0,0,0
1785437798.2475076,idle_pre,0,1000,1000,0.0,0.0,1490000941,1000,1000,1000,1000,0,0,0,0
1785437798.2671793,idle_pre,0,1000,1000,0.0,0.0,1490020640,1000,1000,1000,1000,0,0,0,0
1785437798.2904437,idle_pre,0,1000,1000,0.0,0.0,1490041579,1000,1000,1000,1000,0,0,0,0
1785437798.3053253,idle_pre,0,1000,1000,0.0,0.0,1490058814,1000,1000,1000,1000,0,0,0,0
1785437798.3263218,idle_pre,0,1000,1000,0.0,0.0,1490078520,1000,1000,1000,1000,0,0,0,0
1785437798.3473332,idle_pre,0,1000,1000,0.0,0.0,1490100679,1000,1000,1000,1000,0,0,0,0
1785437798.3659515,idle_pre,0,1000,1000,0.0,0.0,1490119198,1000,1000,1000,1000,0,0,0,0
1785437798.390475,idle_pre,0,1000,1000,0.0,0.0,1490141323,1000,1000,1000,1000,0,0,0,0
1785437798.4052424,idle_pre,0,1000,1000,0.0,0.0,1490158560,1000,1000,1000,1000,0,0,0,0
1785437798.4262574,idle_pre,0,1000,1000,0.0,0.0,1490180723,1000,1000,1000,1000,0,0,0,0
1785437798.44829,idle_pre,0,1000,1000,0.0,0.0,1490201659,1000,1000,1000,1000,0,0,0,0
1785437798.4672685,idle_pre,0,1000,1000,0.0,0.0,1490218895,1000,1000,1000,1000,0,0,0,0
1785437798.4907384,idle_pre,0,1000,1000,0.0,0.0,1490241063,1000,1000,1000,1000,0,0,0,0
1785437798.5054708,idle_pre,0,1000,1000,0.0,0.0,1490258343,1000,1000,1000,1000,0,0,0,0
1785437798.5269685,idle_pre,0,1000,1000,0.0,0.0,1490279237,1000,1000,1000,1000,0,0,0,0
1785437798.5458012,idle_pre,0,1000,1000,0.0,0.0,1490298947,1000,1000,1000,1000,0,0,0,0
1785437798.568406,idle_pre,0,1000,1000,0.0,0.0,1490321108,1000,1000,1000,1000,0,0,0,0
1785437798.5895646,idle_pre,0,1000,1000,0.0,0.0,1490340846,1000,1000,1000,1000,0,0,0,0
1785437798.607264,idle_pre,0,1000,1000,0.0,0.0,1490361736,1000,1000,1000,1000,0,0,0,0
1785437798.625248,idle_pre,0,1000,1000,0.0,0.0,1490378978,1000,1000,1000,1000,0,0,0,0
1785437798.646771,idle_pre,0,1000,1000,0.0,0.0,1490398704,1000,1000,1000,1000,0,0,0,0
1785437798.6672883,idle_pre,0,1000,1000,0.0,0.0,1490420844,1000,1000,1000,1000,0,0,0,0
1785437798.6904542,idle_pre,0,1000,1000,0.0,0.0,1490441777,1000,1000,1000,1000,0,0,0,0
1785437798.706276,idle_pre,0,1000,1000,0.0,0.0,1490459024,1000,1000,1000,1000,0,0,0,0
1785437798.7272563,idle_pre,0,1000,1000,0.0,0.0,1490481178,1000,1000,1000,1000,0,0,0,0
1785437798.7452812,idle_pre,0,1000,1000,0.0,0.0,1490498428,1000,1000,1000,1000,0,0,0,0
1785437798.7669694,idle_pre,0,1000,1000,0.0,0.0,1490519353,1000,1000,1000,1000,0,0,0,0
1785437798.7852738,idle_pre,0,1000,1000,0.0,0.0,1490539068,1000,1000,1000,1000,0,0,0,0
1785437798.8062863,idle_pre,0,1000,1000,0.0,0.0,1490558766,1000,1000,1000,1000,0,0,0,0
1785437798.8276184,idle_pre,0,1000,1000,0.0,0.0,1490580924,1000,1000,1000,1000,0,0,0,0
1785437798.84534,idle_pre,0,1000,1000,0.0,0.0,1490598168,1000,1000,1000,1000,0,0,0,0
1785437798.8686829,idle_pre,0,1000,1000,0.0,0.0,1490621566,1000,1000,1000,1000,0,0,0,0
1785437798.8887248,idle_pre,0,1000,1000,0.0,0.0,1490638798,1000,1000,1000,1000,0,0,0,0
1785437798.906329,idle_pre,0,1000,1000,0.0,0.0,1490658504,1000,1000,1000,1000,0,0,0,0
1785437798.9272795,idle_pre,0,1000,1000,0.0,0.0,1490680676,1000,1000,1000,1000,0,0,0,0
1785437798.9452856,idle_pre,0,1000,1000,0.0,0.0,1490699142,1000,1000,1000,1000,0,0,0,0
1785437798.9670494,idle_pre,0,1000,1000,0.0,0.0,1490720072,1000,1000,1000,1000,0,0,0,0
1785437798.9852908,idle_pre,0,1000,1000,0.0,0.0,1490739773,1000,1000,1000,1000,0,0,0,0
1785437799.0063303,idle_pre,0,1000,1000,0.0,0.0,1490759482,1000,1000,1000,1000,0,0,0,0
1785437799.0272696,idle_pre,0,1000,1000,0.0,0.0,1490781641,1000,1000,1000,1000,0,0,0,0
1785437799.045298,idle_pre,0,1000,1000,0.0,0.0,1490797655,1000,1000,1000,1000,0,0,0,0
1785437799.0706103,idle_pre,0,1000,1000,0.0,0.0,1490822300,1000,1000,1000,1000,0,0,0,0
1785437799.0894048,idle_pre,0,1000,1000,0.0,0.0,1490839532,1000,1000,1000,1000,0,0,0,0
1785437799.1083052,idle_pre,0,1000,1000,0.0,0.0,1490861688,1000,1000,1000,1000,0,0,0,0
1785437799.1262844,idle_pre,0,1000,1000,0.0,0.0,1490880154,1000,1000,1000,1000,0,0,0,0
1785437799.148003,idle_pre,0,1000,1000,0.0,0.0,1490902322,1000,1000,1000,1000,0,0,0,0
1785437799.1660268,idle_pre,0,1000,1000,0.0,0.0,1490919558,1000,1000,1000,1000,0,0,0,0
1785437799.1902816,idle_pre,0,1000,1000,0.0,0.0,1490941727,1000,1000,1000,1000,0,0,0,0
1785437799.2063184,idle_pre,0,1000,1000,0.0,0.0,1490960195,1000,1000,1000,1000,0,0,0,0
1785437799.2277203,idle_pre,0,1000,1000,0.0,0.0,1490979898,1000,1000,1000,1000,0,0,0,0
1785437799.2463067,idle_pre,0,1000,1000,0.0,0.0,1490999603,1000,1000,1000,1000,0,0,0,0
1785437799.268664,idle_pre,0,1000,1000,0.0,0.0,1491021764,1000,1000,1000,1000,0,0,0,0
1785437799.2886972,idle_pre,0,1000,1000,0.0,0.0,1491040235,1000,1000,1000,1000,0,0,0,0
1785437799.3067002,idle_pre,0,1000,1000,0.0,0.0,1491059934,1000,1000,1000,1000,0,0,0,0
1785437799.3274827,idle_pre,0,1000,1000,0.0,0.0,1491079643,1000,1000,1000,1000,0,0,0,0
1785437799.3453147,idle_pre,0,1000,1000,0.0,0.0,1491099342,1000,1000,1000,1000,0,0,0,0
1785437799.3673222,idle_pre,0,1000,1000,0.0,0.0,1491120277,1000,1000,1000,1000,0,0,0,0
1785437799.3893604,idle_pre,0,1000,1000,0.0,0.0,1491139979,1000,1000,1000,1000,0,0,0,0
1785437799.4073377,idle_pre,0,1000,1000,0.0,0.0,1491159686,1000,1000,1000,1000,0,0,0,0
1785437799.4253495,idle_pre,0,1000,1000,0.0,0.0,1491179383,1000,1000,1000,1000,0,0,0,0
1785437799.4462981,idle_pre,0,1000,1000,0.0,0.0,1491200316,1000,1000,1000,1000,0,0,0,0
1785437799.466365,idle_pre,0,1000,1000,0.0,0.0,1491217556,1000,1000,1000,1000,0,0,0,0
1785437799.4895144,idle_pre,0,1000,1000,0.0,0.0,1491239725,1000,1000,1000,1000,0,0,0,0
1785437799.507284,idle_pre,0,1000,1000,0.0,0.0,1491259423,1000,1000,1000,1000,0,0,0,0
1785437799.525343,idle_pre,0,1000,1000,0.0,0.0,1491276667,1000,1000,1000,1000,0,0,0,0
1785437799.546278,idle_pre,0,1000,1000,0.0,0.0,1491300053,1000,1000,1000,1000,0,0,0,0
1785437799.5684364,idle_pre,0,1000,1000,0.0,0.0,1491319789,1000,1000,1000,1000,0,0,0,0
1785437799.589362,idle_pre,0,1000,1000,0.0,0.0,1491339461,1000,1000,1000,1000,0,0,0,0
1785437799.6073718,idle_pre,0,1000,1000,0.0,0.0,1491359187,1000,1000,1000,1000,0,0,0,0
1785437799.6253192,idle_pre,0,1000,1000,0.0,0.0,1491380106,1000,1000,1000,1000,0,0,0,0
1785437799.646512,idle_pre,0,1000,1000,0.0,0.0,1491399803,1000,1000,1000,1000,0,0,0,0
1785437799.666299,idle_pre,0,1000,1000,0.0,0.0,1491419502,1000,1000,1000,1000,0,0,0,0
1785437799.6888943,idle_pre,0,1000,1000,0.0,0.0,1491439206,1000,1000,1000,1000,0,0,0,0
1785437799.7073114,idle_pre,0,1000,1000,0.0,0.0,1491460138,1000,1000,1000,1000,0,0,0,0
1785437799.7252953,idle_pre,0,1000,1000,0.0,0.0,1491479842,1000,1000,1000,1000,0,0,0,0
1785437799.7488472,idle_pre,0,1000,1000,0.0,0.0,1491502006,1000,1000,1000,1000,0,0,0,0
1785437799.7669966,idle_pre,0,1000,1000,0.0,0.0,1491519245,1000,1000,1000,1000,0,0,0,0
1785437799.7911236,idle_pre,0,1000,1000,0.0,0.0,1491542646,1000,1000,1000,1000,0,0,0,0
1785437799.8053164,idle_pre,0,1000,1000,0.0,0.0,1491557431,1000,1000,1000,1000,0,0,0,0
1785437799.8279076,idle_pre,0,1000,1000,0.0,0.0,1491582048,1000,1000,1000,1000,0,0,0,0
1785437799.845395,idle_pre,0,1000,1000,0.0,0.0,1491599289,1000,1000,1000,1000,0,0,0,0
1785437799.8687968,idle_pre,0,1000,1000,0.0,0.0,1491620222,1000,1000,1000,1000,0,0,0,0
1785437799.8897781,idle_pre,0,1000,1000,0.0,0.0,1491639925,1000,1000,1000,1000,0,0,0,0
1785437799.9074259,idle_pre,0,1000,1000,0.0,0.0,1491659624,1000,1000,1000,1000,0,0,0,0
1785437799.926133,idle_pre,0,1000,1000,0.0,0.0,1491679329,1000,1000,1000,1000,0,0,0,0
1785437799.9463289,idle_pre,0,1000,1000,0.0,0.0,1491700261,1000,1000,1000,1000,0,0,0,0
1785437799.9685478,idle_pre,0,1000,1000,0.0,0.0,1491717497,1000,1000,1000,1000,0,0,0,0
1785437799.9854057,idle_pre,0,1000,1000,0.0,0.0,1491738434,1000,1000,1000,1000,0,0,0,0
1785437800.0076365,idle_pre,0,1000,1000,0.0,0.0,1491760595,1000,1000,1000,1000,0,0,0,0
1785437800.0263255,idle_pre,0,1000,1000,0.0,0.0,1491780294,1000,1000,1000,1000,0,0,0,0
1785437800.0473022,idle_pre,0,1000,1000,0.0,0.0,1491801231,1000,1000,1000,1000,0,0,0,0
1785437800.0692647,idle_pre,0,1000,1000,0.0,0.0,1491820983,1000,1000,1000,1000,0,0,0,0
1785437800.0885565,idle_pre,0,1000,1000,0.0,0.0,1491838178,1000,1000,1000,1000,0,0,0,0
1785437800.1063025,idle_pre,0,1000,1000,0.0,0.0,1491860342,1000,1000,1000,1000,0,0,0,0
1785437800.1273015,idle_pre,0,1000,1000,0.0,0.0,1491881274,1000,1000,1000,1000,0,0,0,0
1785437800.1456308,idle_pre,0,1000,1000,0.0,0.0,1491898511,1000,1000,1000,1000,0,0,0,0
1785437800.1685004,idle_pre,0,1000,1000,0.0,0.0,1491920697,1000,1000,1000,1000,0,0,0,0
1785437800.1853538,idle_pre,0,1000,1000,0.0,0.0,1491937919,1000,1000,1000,1000,0,0,0,0
1785437800.207311,idle_pre,0,1000,1000,0.0,0.0,1491961325,1000,1000,1000,1000,0,0,0,0
1785437800.2264183,idle_pre,0,1000,1000,0.0,0.0,1491978558,1000,1000,1000,1000,0,0,0,0
1785437800.247398,idle_pre,0,1000,1000,0.0,0.0,1492000719,1000,1000,1000,1000,0,0,0,0
1785437800.266245,idle_pre,0,1000,1000,0.0,0.0,1492017965,1000,1000,1000,1000,0,0,0,0
1785437800.289436,idle_pre,0,1000,1000,0.0,0.0,1492038890,1000,1000,1000,1000,0,0,0,0
1785437800.3053253,idle_pre,0,1000,1000,0.0,0.0,1492058591,1000,1000,1000,1000,0,0,0,0
1785437800.3266168,idle_pre,0,1000,1000,0.0,0.0,1492080755,1000,1000,1000,1000,0,0,0,0
1785437800.3473096,idle_pre,0,1000,1000,0.0,0.0,1492100497,1000,1000,1000,1000,0,0,0,0
1785437800.3660738,idle_pre,0,1000,1000,0.0,0.0,1492118931,1000,1000,1000,1000,0,0,0,0
1785437800.3904312,idle_pre,0,1000,1000,0.0,0.0,1492141103,1000,1000,1000,1000,0,0,0,0
1785437800.4053135,idle_pre,0,1000,1000,0.0,0.0,1492158335,1000,1000,1000,1000,0,0,0,0
1785437800.4263637,idle_pre,0,1000,1000,0.0,0.0,1492180504,1000,1000,1000,1000,0,0,0,0
1785437800.44821,idle_pre,0,1000,1000,0.0,0.0,1492201438,1000,1000,1000,1000,0,0,0,0
1785437800.467732,idle_pre,0,1000,1000,0.0,0.0,1492221148,1000,1000,1000,1000,0,0,0,0
1785437800.4853232,idle_pre,0,1000,1000,0.0,0.0,1492238373,1000,1000,1000,1000,0,0,0,0
1785437800.5081093,idle_pre,0,1000,1000,0.0,0.0,1492260544,1000,1000,1000,1000,0,0,0,0
1785437800.5253692,idle_pre,0,1000,1000,0.0,0.0,1492277782,1000,1000,1000,1000,0,0,0,0
1785437800.5465899,idle_pre,0,1000,1000,0.0,0.0,1492298721,1000,1000,1000,1000,0,0,0,0
1785437800.5689077,idle_pre,0,1000,1000,0.0,0.0,1492320883,1000,1000,1000,1000,0,0,0,0
1785437800.5892751,idle_pre,0,1000,1000,0.0,0.0,1492340585,1000,1000,1000,1000,0,0,0,0
1785437800.60836,idle_pre,0,1000,1000,0.0,0.0,1492360287,1000,1000,1000,1000,0,0,0,0
1785437800.626339,idle_pre,0,1000,1000,0.0,0.0,1492378753,1000,1000,1000,1000,0,0,0,0
1785437800.6473324,idle_pre,0,1000,1000,0.0,0.0,1492400921,1000,1000,1000,1000,0,0,0,0
1785437800.6663263,idle_pre,0,1000,1000,0.0,0.0,1492418168,1000,1000,1000,1000,0,0,0,0
1785437800.690276,idle_pre,0,1000,1000,0.0,0.0,1492440324,1000,1000,1000,1000,0,0,0,0
1785437800.7074065,idle_pre,0,1000,1000,0.0,0.0,1492461264,1000,1000,1000,1000,0,0,0,0
1785437800.7253273,idle_pre,0,1000,1000,0.0,0.0,1492478497,1000,1000,1000,1000,0,0,0,0
1785437800.7463198,idle_pre,0,1000,1000,0.0,0.0,1492500657,1000,1000,1000,1000,0,0,0,0
1785437800.766031,idle_pre,0,1000,1000,0.0,0.0,1492517902,1000,1000,1000,1000,0,0,0,0
1785437800.7894206,idle_pre,0,1000,1000,0.0,0.0,1492538838,1000,1000,1000,1000,0,0,0,0
1785437800.8073182,idle_pre,0,1000,1000,0.0,0.0,1492561000,1000,1000,1000,1000,0,0,0,0
1785437800.8253207,idle_pre,0,1000,1000,0.0,0.0,1492578254,1000,1000,1000,1000,0,0,0,0
1785437800.847393,idle_pre,0,1000,1000,0.0,0.0,1492600404,1000,1000,1000,1000,0,0,0,0
1785437800.8689227,idle_pre,0,1000,1000,0.0,0.0,1492618872,1000,1000,1000,1000,0,0,0,0
1785437800.889594,idle_pre,0,1000,1000,0.0,0.0,1492641045,1000,1000,1000,1000,0,0,0,0
1785437800.9077613,idle_pre,0,1000,1000,0.0,0.0,1492660741,1000,1000,1000,1000,0,0,0,0
1785437800.9253848,idle_pre,0,1000,1000,0.0,0.0,1492677988,1000,1000,1000,1000,0,0,0,0
1785437800.9463587,idle_pre,0,1000,1000,0.0,0.0,1492698918,1000,1000,1000,1000,0,0,0,0
1785437800.9672832,idle_pre,0,1000,1000,0.0,0.0,1492718618,1000,1000,1000,1000,0,0,0,0
1785437800.9853861,idle_pre,0,1000,1000,0.0,0.0,1492739571,1000,1000,1000,1000,0,0,0,0
1785437801.0063653,idle_pre,0,1000,1000,0.0,0.0,1492759261,1000,1000,1000,1000,0,0,0,0
1785437801.0281074,idle_pre,0,1000,1000,0.0,0.0,1492781424,1000,1000,1000,1000,0,0,0,0
1785437801.0453794,idle_pre,0,1000,1000,0.0,0.0,1492797428,1000,1000,1000,1000,0,0,0,0
1785437801.0694363,idle_pre,0,1000,1000,0.0,0.0,1492819587,1000,1000,1000,1000,0,0,0,0
1785437801.091451,idle_pre,0,1000,1000,0.0,0.0,1492841777,1000,1000,1000,1000,0,0,0,0
1785437801.107592,idle_pre,0,1000,1000,0.0,0.0,1492861462,1000,1000,1000,1000,0,0,0,0
1785437801.127688,idle_pre,0,1000,1000,0.0,0.0,1492882399,1000,1000,1000,1000,0,0,0,0
1785437801.1453712,idle_pre,0,1000,1000,0.0,0.0,1492899628,1000,1000,1000,1000,0,0,0,0
1785437801.1698115,idle_pre,0,1000,1000,0.0,0.0,1492921800,1000,1000,1000,1000,0,0,0,0
1785437801.1853979,idle_pre,0,1000,1000,0.0,0.0,1492939032,1000,1000,1000,1000,0,0,0,0
1785437801.2066767,idle_pre,0,1000,1000,0.0,0.0,1492959974,1000,1000,1000,1000,0,0,0,0
1785437801.2278225,idle_pre,0,1000,1000,0.0,0.0,1492979673,1000,1000,1000,1000,0,0,0,0
1785437801.246101,idle_pre,0,1000,1000,0.0,0.0,1492999379,1000,1000,1000,1000,0,0,0,0
1785437801.2672856,idle_pre,0,1000,1000,0.0,0.0,1493019079,1000,1000,1000,1000,0,0,0,0
1785437801.2904162,idle_pre,0,1000,1000,0.0,0.0,1493038777,1000,1000,1000,1000,0,0,0,0
1785437801.305351,idle_pre,0,1000,1000,0.0,0.0,1493059712,1000,1000,1000,1000,0,0,0,0
1785437801.3263419,idle_pre,0,1000,1000,0.0,0.0,1493079420,1000,1000,1000,1000,0,0,0,0
1785437801.3473787,idle_pre,0,1000,1000,0.0,0.0,1493101580,1000,1000,1000,1000,0,0,0,0
1785437801.3670819,idle_pre,0,1000,1000,0.0,0.0,1493118826,1000,1000,1000,1000,0,0,0,0
1785437801.390423,idle_pre,0,1000,1000,0.0,0.0,1493139754,1000,1000,1000,1000,0,0,0,0
1785437801.4063392,idle_pre,0,1000,1000,0.0,0.0,1493159457,1000,1000,1000,1000,0,0,0,0
1785437801.4258268,idle_pre,0,1000,1000,0.0,0.0,1493179164,1000,1000,1000,1000,0,0,0,0
1785437801.4464831,idle_pre,0,1000,1000,0.0,0.0,1493198860,1000,1000,1000,1000,0,0,0,0
1785437801.467198,idle_pre,0,1000,1000,0.0,0.0,1493219794,1000,1000,1000,1000,0,0,0,0
1785437801.4905326,idle_pre,0,1000,1000,0.0,0.0,1493241993,1000,1000,1000,1000,0,0,0,0
1785437801.5053816,idle_pre,0,1000,1000,0.0,0.0,1493259200,1000,1000,1000,1000,0,0,0,0
1785437801.526354,idle_pre,0,1000,1000,0.0,0.0,1493278905,1000,1000,1000,1000,0,0,0,0
1785437801.5473514,idle_pre,0,1000,1000,0.0,0.0,1493299841,1000,1000,1000,1000,0,0,0,0
1785437801.5668507,idle_pre,0,1000,1000,0.0,0.0,1493319550,1000,1000,1000,1000,0,0,0,0
1785437801.590778,idle_pre,0,1000,1000,0.0,0.0,1493341698,1000,1000,1000,1000,0,0,0,0
1785437801.605348,idle_pre,0,1000,1000,0.0,0.0,1493358940,1000,1000,1000,1000,0,0,0,0
1785437801.6263745,idle_pre,0,1000,1000,0.0,0.0,1493379873,1000,1000,1000,1000,0,0,0,0
1785437801.645351,idle_pre,0,1000,1000,0.0,0.0,1493399583,1000,1000,1000,1000,0,0,0,0
1785437801.667368,idle_pre,0,1000,1000,0.0,0.0,1493419288,1000,1000,1000,1000,0,0,0,0
1785437801.6904466,idle_pre,0,1000,1000,0.0,0.0,1493441462,1000,1000,1000,1000,0,0,0,0
1785437801.705351,idle_pre,0,1000,1000,0.0,0.0,1493457461,1000,1000,1000,1000,0,0,0,0
1785437801.7290468,idle_pre,0,1000,1000,0.0,0.0,1493482082,1000,1000,1000,1000,0,0,0,0
1785437801.7463691,idle_pre,0,1000,1000,0.0,0.0,1493499319,1000,1000,1000,1000,0,0,0,0
1785437801.7693446,idle_pre,0,1000,1000,0.0,0.0,1493521485,1000,1000,1000,1000,0,0,0,0
1785437801.789656,idle_pre,0,1000,1000,0.0,0.0,1493542449,1000,1000,1000,1000,0,0,0,0
1785437801.8075545,idle_pre,0,1000,1000,0.0,0.0,1493559660,1000,1000,1000,1000,0,0,0,0
1785437801.8253753,idle_pre,0,1000,1000,0.0,0.0,1493579358,1000,1000,1000,1000,0,0,0,0
1785437801.8469732,idle_pre,0,1000,1000,0.0,0.0,1493599060,1000,1000,1000,1000,0,0,0,0
1785437801.8687685,idle_pre,0,1000,1000,0.0,0.0,1493619999,1000,1000,1000,1000,0,0,0,0
1785437801.889586,idle_pre,0,1000,1000,0.0,0.0,1493639706,1000,1000,1000,1000,0,0,0,0
1785437801.9074214,idle_pre,0,1000,1000,0.0,0.0,1493659449,1000,1000,1000,1000,0,0,0,0
1785437801.9258103,idle_pre,0,1000,1000,0.0,0.0,1493679104,1000,1000,1000,1000,0,0,0,0
1785437801.9464028,idle_pre,0,1000,1000,0.0,0.0,1493698811,1000,1000,1000,1000,0,0,0,0
1785437801.9685824,idle_pre,0,1000,1000,0.0,0.0,1493719742,1000,1000,1000,1000,0,0,0,0
1785437801.98543,idle_pre,0,1000,1000,0.0,0.0,1493739729,1000,1000,1000,1000,0,0,0,0
1785437802.006402,idle_pre,0,1000,1000,0.0,0.0,1493760371,1000,1000,1000,1000,0,0,0,0
1785437802.027397,idle_pre,0,1000,1000,0.0,0.0,1493780080,1000,1000,1000,1000,0,0,0,0
1785437802.0454166,idle_pre,0,1000,1000,0.0,0.0,1493799777,1000,1000,1000,1000,0,0,0,0
1785437802.06929,idle_pre,0,1000,1000,0.0,0.0,1493820711,1000,1000,1000,1000,0,0,0,0
1785437802.0853872,idle_pre,0,1000,1000,0.0,0.0,1493837960,1000,1000,1000,1000,0,0,0,0
1785437802.1065693,idle_pre,0,1000,1000,0.0,0.0,1493860121,1000,1000,1000,1000,0,0,0,0
1785437802.127452,idle_pre,0,1000,1000,0.0,0.0,1493879827,1000,1000,1000,1000,0,0,0,0
1785437802.145365,idle_pre,0,1000,1000,0.0,0.0,1493898288,1000,1000,1000,1000,0,0,0,0
1785437802.168584,idle_pre,0,1000,1000,0.0,0.0,1493920452,1000,1000,1000,1000,0,0,0,0
1785437802.1885235,idle_pre,0,1000,1000,0.0,0.0,1493940160,1000,1000,1000,1000,0,0,0,0
1785437802.2063892,idle_pre,0,1000,1000,0.0,0.0,1493959863,1000,1000,1000,1000,0,0,0,0
1785437802.2274616,idle_pre,0,1000,1000,0.0,0.0,1493980797,1000,1000,1000,1000,0,0,0,0
1785437802.24637,idle_pre,0,1000,1000,0.0,0.0,1494000495,1000,1000,1000,1000,0,0,0,0
1785437802.2685363,idle_pre,0,1000,1000,0.0,0.0,1494020200,1000,1000,1000,1000,0,0,0,0
1785437802.285369,idle_pre,0,1000,1000,0.0,0.0,1494037437,1000,1000,1000,1000,0,0,0,0
1785437802.3064134,idle_pre,0,1000,1000,0.0,0.0,1494060842,1000,1000,1000,1000,0,0,0,0
1785437802.3273928,idle_pre,0,1000,1000,0.0,0.0,1494080534,1000,1000,1000,1000,0,0,0,0
1785437802.3453681,idle_pre,0,1000,1000,0.0,0.0,1494097777,1000,1000,1000,1000,0,0,0,0
1785437802.368548,idle_pre,0,1000,1000,0.0,0.0,1494119942,1000,1000,1000,1000,0,0,0,0
1785437802.3854237,idle_pre,0,1000,1000,0.0,0.0,1494138410,1000,1000,1000,1000,0,0,0,0
1785437802.4064674,idle_pre,0,1000,1000,0.0,0.0,1494160575,1000,1000,1000,1000,0,0,0,0
1785437802.4282525,idle_pre,0,1000,1000,0.0,0.0,1494182754,1000,1000,1000,1000,0,0,0,0
1785437802.4463933,idle_pre,0,1000,1000,0.0,0.0,1494199984,1000,1000,1000,1000,0,0,0,0
1785437802.468961,idle_pre,0,1000,1000,0.0,0.0,1494220916,1000,1000,1000,1000,0,0,0,0
1785437802.485382,idle_pre,0,1000,1000,0.0,0.0,1494238164,1000,1000,1000,1000,0,0,0,0
1785437802.5070782,idle_pre,0,1000,1000,0.0,0.0,1494260338,1000,1000,1000,1000,0,0,0,0
1785437802.5274222,idle_pre,0,1000,1000,0.0,0.0,1494280021,1000,1000,1000,1000,0,0,0,0
1785437802.5468023,idle_pre,0,1000,1000,0.0,0.0,1494300962,1000,1000,1000,1000,0,0,0,0
1785437802.5685282,idle_pre,0,1000,1000,0.0,0.0,1494320660,1000,1000,1000,1000,0,0,0,0
1785437802.589389,idle_pre,0,1000,1000,0.0,0.0,1494340362,1000,1000,1000,1000,0,0,0,0
1785437802.607379,idle_pre,0,1000,1000,0.0,0.0,1494360062,1000,1000,1000,1000,0,0,0,0
1785437802.6254854,idle_pre,0,1000,1000,0.0,0.0,1494379783,1000,1000,1000,1000,0,0,0,0
1785437802.6463957,idle_pre,0,1000,1000,0.0,0.0,1494400742,1000,1000,1000,1000,0,0,0,0
1785437802.6688714,idle_pre,0,1000,1000,0.0,0.0,1494420401,1000,1000,1000,1000,0,0,0,0
1785437802.689514,idle_pre,0,1000,1000,0.0,0.0,1494440104,1000,1000,1000,1000,0,0,0,0
1785437802.7074223,idle_pre,0,1000,1000,0.0,0.0,1494459813,1000,1000,1000,1000,0,0,0,0
1785437802.7256422,idle_pre,0,1000,1000,0.0,0.0,1494478304,1000,1000,1000,1000,0,0,0,0
1785437802.746403,idle_pre,0,1000,1000,0.0,0.0,1494500438,1000,1000,1000,1000,0,0,0,0
1785437802.7663314,idle_pre,0,1000,1000,0.0,0.0,1494517681,1000,1000,1000,1000,0,0,0,0
1785437802.7897146,idle_pre,0,1000,1000,0.0,0.0,1494539848,1000,1000,1000,1000,0,0,0,0
1785437802.8074534,idle_pre,0,1000,1000,0.0,0.0,1494560779,1000,1000,1000,1000,0,0,0,0
1785437802.8255281,idle_pre,0,1000,1000,0.0,0.0,1494578020,1000,1000,1000,1000,0,0,0,0
1785437802.8463888,idle_pre,0,1000,1000,0.0,0.0,1494600182,1000,1000,1000,1000,0,0,0,0
1785437802.8687615,idle_pre,0,1000,1000,0.0,0.0,1494619890,1000,1000,1000,1000,0,0,0,0
1785437802.88947,idle_pre,0,1000,1000,0.0,0.0,1494640825,1000,1000,1000,1000,0,0,0,0
1785437802.9073865,idle_pre,0,1000,1000,0.0,0.0,1494660520,1000,1000,1000,1000,0,0,0,0
1785437802.926411,idle_pre,0,1000,1000,0.0,0.0,1494680224,1000,1000,1000,1000,0,0,0,0
1785437802.9464486,idle_pre,0,1000,1000,0.0,0.0,1494699930,1000,1000,1000,1000,0,0,0,0
1785437802.9662914,idle_pre,0,1000,1000,0.0,0.0,1494718399,1000,1000,1000,1000,0,0,0,0
1785437802.9895148,idle_pre,0,1000,1000,0.0,0.0,1494740562,1000,1000,1000,1000,0,0,0,0
1785437803.0074334,idle_pre,0,1000,1000,0.0,0.0,1494761494,1000,1000,1000,1000,0,0,0,0
1785437803.0255504,idle_pre,0,1000,1000,0.0,0.0,1494778738,1000,1000,1000,1000,0,0,0,0
1785437803.0469296,idle_pre,0,1000,1000,0.0,0.0,1494798471,1000,1000,1000,1000,0,0,0,0
1785437803.0719664,idle_pre,0,1000,1000,0.0,0.0,1494821836,1000,1000,1000,1000,0,0,0,0
1785437803.0895464,idle_pre,0,1000,1000,0.0,0.0,1494839078,1000,1000,1000,1000,0,0,0,0
1785437803.1080594,idle_pre,0,1000,1000,0.0,0.0,1494861245,1000,1000,1000,1000,0,0,0,0
1785437803.1255336,idle_pre,0,1000,1000,0.0,0.0,1494878477,1000,1000,1000,1000,0,0,0,0
1785437803.1474211,idle_pre,0,1000,1000,0.0,0.0,1494899407,1000,1000,1000,1000,0,0,0,0
1785437803.16633,A1850_B1850,1,1850,1850,0.85,0.85,1494919109,1850,1850,1000,1000,0,0,0,0
1785437803.1905174,A1850_B1850,1,1850,1850,0.85,0.85,1494941283,1850,1850,1000,1000,0,0,0,0
1785437803.2064798,A1850_B1850,1,1850,1850,0.85,0.85,1494958517,1850,1850,1000,1000,0,0,0,0
1785437803.2274044,A1850_B1850,1,1850,1850,0.85,0.85,1494979455,1850,1850,1000,1000,0,0,0,0
1785437803.245846,A1850_B1850,1,1850,1850,0.85,0.85,1494999156,1850,1850,1000,1000,0,0,0,0
1785437803.2674289,A1850_B1850,1,1850,1850,0.85,0.85,1495018867,1850,1850,1000,1000,0,0,0,0
1785437803.2904985,A1850_B1850,1,1850,1850,0.85,0.85,1495041018,1850,1850,1000,1000,0,0,0,0
1785437803.3054044,A1850_B1850,1,1850,1850,0.85,0.85,1495059491,1850,1850,1000,1000,0,0,0,0
1785437803.3264968,A1850_B1850,1,1850,1850,0.85,0.85,1495079229,1850,1850,1000,1000,0,0,0,0
1785437803.3474045,A1850_B1850,1,1850,1850,0.85,0.85,1495101361,1850,1850,1000,1000,0,0,0,0
1785437803.3661146,A1850_B1850,1,1850,1850,0.85,0.85,1495118597,1850,1850,1000,1000,0,0,0,0
1785437803.3898463,A1850_B1850,1,1850,1850,0.85,0.85,1495138303,1850,1850,1000,1000,0,0,0,0
1785437803.4054224,A1850_B1850,1,1850,1850,0.85,0.85,1495159232,1850,1850,1000,1000,0,0,0,0
1785437803.426506,A1850_B1850,1,1850,1850,0.85,0.85,1495178939,1850,1850,1000,1000,0,0,0,0
1785437803.4474425,A1850_B1850,1,1850,1850,0.85,0.85,1495201102,1850,1850,1000,1000,0,0,0,0
1785437803.4664083,A1850_B1850,1,1850,1850,0.85,0.85,1495218344,1850,1850,1000,1000,0,0,0,0
1785437803.4905317,A1850_B1850,1,1850,1850,0.85,0.85,1495241739,1850,1850,1000,1000,0,0,0,0
1785437803.5054207,A1850_B1850,1,1850,1850,0.85,0.85,1495258985,1850,1850,1000,1000,0,0,0,0
1785437803.5267456,A1850_B1850,1,1850,1850,0.85,0.85,1495281181,1850,1850,1000,1000,0,0,0,0
1785437803.5475173,A1850_B1850,1,1850,1850,0.85,0.85,1495300847,1850,1850,1000,1000,0,0,0,0
1785437803.56774,A1850_B1850,1,1850,1850,0.85,0.85,1495319314,1850,1850,1000,1000,0,0,0,0
1785437803.5905309,A1850_B1850,1,1850,1850,0.85,0.85,1495341481,1850,1850,1000,1000,0,0,0,0
1785437803.6054242,A1850_B1850,1,1850,1850,0.85,0.85,1495358725,1850,1850,1000,1000,0,0,0,0
1785437803.6265306,A1850_B1850,1,1850,1850,0.85,0.85,1495380885,1850,1850,1000,1000,0,0,0,0
1785437803.6474724,A1850_B1850,1,1850,1850,0.85,0.85,1495401820,1850,1850,1000,1000,0,0,0,0
1785437803.6665719,A1850_B1850,1,1850,1850,0.85,0.85,1495419093,1850,1850,1000,1000,0,0,0,0
1785437803.6907616,A1850_B1850,1,1850,1850,0.85,0.85,1495441222,1850,1850,1000,1000,0,0,0,0
1785437803.7069235,A1850_B1850,1,1850,1850,0.85,0.85,1495460926,1850,1850,1000,1000,0,0,0,0
1785437803.7285602,A1850_B1850,1,1850,1850,0.85,0.85,1495481861,1850,1850,1000,1000,0,0,0,0
1785437803.7465267,A1850_B1850,1,1850,1850,0.85,0.85,1495499103,1850,1850,1000,1000,0,0,0,0
1785437803.7693336,A1850_B1850,1,1850,1850,0.85,0.85,1495521270,1850,1850,1000,1000,0,0,0,0
1785437803.7854168,A1850_B1850,1,1850,1850,0.85,0.85,1495538500,1850,1850,1000,1000,0,0,0,0
1785437803.8074455,A1850_B1850,1,1850,1850,0.85,0.85,1495559435,1850,1850,1000,1000,0,0,0,0
1785437803.8254166,A1850_B1850,1,1850,1850,0.85,0.85,1495579144,1850,1850,1000,1000,0,0,0,0
1785437803.847183,A1850_B1850,1,1850,1850,0.85,0.85,1495601307,1850,1850,1000,1000,0,0,0,0
1785437803.8689213,A1850_B1850,1,1850,1850,0.85,0.85,1495621011,1850,1850,1000,1000,0,0,0,0
1785437803.8893132,A1850_B1850,1,1850,1850,0.85,0.85,1495639477,1850,1850,1000,1000,0,0,0,0
1785437803.9075277,A1850_B1850,1,1850,1850,0.85,0.85,1495661649,1850,1850,1000,1000,0,0,0,0
1785437803.9254372,A1850_B1850,1,1850,1850,0.85,0.85,1495678882,1850,1850,1000,1000,0,0,0,0
1785437803.947718,A1850_B1850,1,1850,1850,0.85,0.85,1495701043,1850,1850,1000,1000,0,0,0,0
1785437803.9666705,A1850_B1850,1,1850,1850,0.85,0.85,1495718293,1850,1850,1000,1000,0,0,0,0
1785437803.9895263,A1850_B1850,1,1850,1850,0.85,0.85,1495739225,1850,1850,1000,1000,0,0,0,0
1785437804.0077343,A1850_B1850,1,1850,1850,0.85,0.85,1495760154,1850,1850,1000,1000,0,0,0,0
1785437804.0265648,A1850_B1850,1,1850,1850,0.85,0.85,1495779854,1850,1850,1000,1000,0,0,0,0
1785437804.0478497,A1850_B1850,1,1850,1850,0.85,0.85,1495802021,1850,1850,1000,1000,0,0,0,0
1785437804.0683455,A1850_B1850,1,1850,1850,0.85,0.85,1495819255,1850,1850,1000,1000,0,0,0,0
1785437804.0895345,A1850_B1850,1,1850,1850,0.85,0.85,1495840195,1850,1850,1000,1000,0,0,0,0
1785437804.107549,A1850_B1850,1,1850,1850,0.85,0.85,1495859894,1850,1850,1000,1000,0,0,0,0
1785437804.1255083,A1850_B1850,1,1850,1850,0.85,0.85,1495879597,1850,1850,1000,1000,0,0,0,0
1785437804.1475675,A1850_B1850,1,1850,1850,0.85,0.85,1495901765,1850,1850,1000,1000,0,0,0,0
1785437804.1672368,A1850_B1850,1,1850,1850,0.85,0.85,1495917776,1850,1850,1000,1000,0,0,0,0
1785437804.1895366,A1850_B1850,1,1850,1850,0.85,0.85,1495939938,1850,1850,1000,1000,0,0,0,0
1785437804.2076645,A1850_B1850,1,1850,1850,0.85,0.85,1495959646,1850,1850,1000,1000,0,0,0,0
1785437804.2264433,A1850_B1850,1,1850,1850,0.85,0.85,1495979340,1850,1850,1000,1000,0,0,0,0
1785437804.247541,A1850_B1850,1,1850,1850,0.85,0.85,1496000277,1850,1850,1000,1000,0,0,0,0
1785437804.2664232,A1850_B1850,1,1850,1850,0.85,0.85,1496017516,1850,1850,1000,1000,0,0,0,0
1785437804.2895339,A1850_B1850,1,1850,1850,0.85,0.85,1496039681,1850,1850,1000,1000,0,0,0,0
1785437804.3056264,A1850_B1850,1,1850,1850,0.85,0.85,1496059380,1850,1850,1000,1000,0,0,0,0
1785437804.327589,A1850_B1850,1,1850,1850,0.85,0.85,1496080351,1850,1850,1000,1000,0,0,0,0
1785437804.3456442,A1850_B1850,1,1850,1850,0.85,0.85,1496097551,1850,1850,1000,1000,0,0,0,0
1785437804.3703265,A1850_B1850,1,1850,1850,0.85,0.85,1496122183,1850,1850,1000,1000,0,0,0,0
1785437804.3895218,A1850_B1850,1,1850,1850,0.85,0.85,1496139423,1850,1850,1000,1000,0,0,0,0
1785437804.4083443,A1850_B1850,1,1850,1850,0.85,0.85,1496160383,1850,1850,1000,1000,0,0,0,0
1785437804.426478,A1850_B1850,1,1850,1850,0.85,0.85,1496180057,1850,1850,1000,1000,0,0,0,0
1785437804.448513,A1850_B1850,1,1850,1850,0.85,0.85,1496202233,1850,1850,1000,1000,0,0,0,0
1785437804.4696763,A1850_B1850,1,1850,1850,0.85,0.85,1496219461,1850,1850,1000,1000,0,0,0,0
1785437804.4854474,A1850_B1850,1,1850,1850,0.85,0.85,1496237936,1850,1850,1000,1000,0,0,0,0
1785437804.5069225,A1850_B1850,1,1850,1850,0.85,0.85,1496260096,1850,1850,1000,1000,0,0,0,0
1785437804.5274394,A1850_B1850,1,1850,1850,0.85,0.85,1496279807,1850,1850,1000,1000,0,0,0,0
1785437804.5463512,A1850_B1850,1,1850,1850,0.85,0.85,1496299501,1850,1850,1000,1000,0,0,0,0
1785437804.5686452,A1850_B1850,1,1850,1850,0.85,0.85,1496320446,1850,1850,1000,1000,0,0,0,0
1785437804.5889966,A1850_B1850,1,1850,1850,0.85,0.85,1496340140,1850,1850,1000,1000,0,0,0,0
1785437804.6054463,A1850_B1850,1,1850,1850,0.85,0.85,1496359848,1850,1850,1000,1000,0,0,0,0
1785437804.6275911,A1850_B1850,1,1850,1850,0.85,0.85,1496379547,1850,1850,1000,1000,0,0,0,0
1785437804.6457283,A1850_B1850,1,1850,1850,0.85,0.85,1496399245,1850,1850,1000,1000,0,0,0,0
1785437804.6672199,A1850_B1850,1,1850,1850,0.85,0.85,1496420176,1850,1850,1000,1000,0,0,0,0
1785437804.6905694,A1850_B1850,1,1850,1850,0.85,0.85,1496439889,1850,1850,1000,1000,0,0,0,0
1785437804.706459,A1850_B1850,1,1850,1850,0.85,0.85,1496459580,1850,1850,1000,1000,0,0,0,0
1785437804.725453,A1850_B1850,1,1850,1850,0.85,0.85,1496479285,1850,1850,1000,1000,0,0,0,0
1785437804.746612,A1850_B1850,1,1850,1850,0.85,0.85,1496500215,1850,1850,1000,1000,0,0,0,0
1785437804.766201,A1850_B1850,1,1850,1850,0.85,0.85,1496519925,1850,1850,1000,1000,0,0,0,0
1785437804.790655,A1850_B1850,1,1850,1850,0.85,0.85,1496539622,1850,1850,1000,1000,0,0,0,0
1785437804.8054497,A1850_B1850,1,1850,1850,0.85,0.85,1496559326,1850,1850,1000,1000,0,0,0,0
1785437804.8265014,A1850_B1850,1,1850,1850,0.85,0.85,1496580258,1850,1850,1000,1000,0,0,0,0
1785437804.8474917,A1850_B1850,1,1850,1850,0.85,0.85,1496599977,1850,1850,1000,1000,0,0,0,0
1785437804.8673875,A1850_B1850,1,1850,1850,0.85,0.85,1496619661,1850,1850,1000,1000,0,0,0,0
1785437804.8905544,A1850_B1850,1,1850,1850,0.85,0.85,1496641831,1850,1850,1000,1000,0,0,0,0
1785437804.9054513,A1850_B1850,1,1850,1850,0.85,0.85,1496657835,1850,1850,1000,1000,0,0,0,0
1785437804.926452,A1850_B1850,1,1850,1850,0.85,0.85,1496680047,1850,1850,1000,1000,0,0,0,0
1785437804.9455023,A1850_B1850,1,1850,1850,0.85,0.85,1496699705,1850,1850,1000,1000,0,0,0,0
1785437804.9673424,A1850_B1850,1,1850,1850,0.85,0.85,1496719404,1850,1850,1000,1000,0,0,0,0
1785437804.9854538,A1850_B1850,1,1850,1850,0.85,0.85,1496737879,1850,1850,1000,1000,0,0,0,0
1785437805.0074568,A1850_B1850,1,1850,1850,0.85,0.85,1496760045,1850,1850,1000,1000,0,0,0,0
1785437805.0254748,A1850_B1850,1,1850,1850,0.85,0.85,1496778511,1850,1850,1000,1000,0,0,0,0
1785437805.0464807,A1850_B1850,1,1850,1850,0.85,0.85,1496800677,1850,1850,1000,1000,0,0,0,0
1785437805.0718465,A1850_B1850,1,1850,1850,0.85,0.85,1496822846,1850,1850,1000,1000,0,0,0,0
1785437805.089693,A1850_B1850,1,1850,1850,0.85,0.85,1496838856,1850,1850,1000,1000,0,0,0,0
1785437805.1078646,A1850_B1850,1,1850,1850,0.85,0.85,1496861019,1850,1850,1000,1000,0,0,0,0
1785437805.1282256,A1850_B1850,1,1850,1850,0.85,0.85,1496880720,1850,1850,1000,1000,0,0,0,0
1785437805.1455817,A1850_B1850,1,1850,1850,0.85,0.85,1496897962,1850,1850,1000,1000,0,0,0,0
1785437805.1677563,A1850_B1850,1,1850,1850,0.85,0.85,1496921356,1850,1850,1000,1000,0,0,0,0
1785437805.1898293,A1850_B1850,1,1850,1850,0.85,0.85,1496941060,1850,1850,1000,1000,0,0,0,0
1785437805.2075732,A1850_B1850,1,1850,1850,0.85,0.85,1496960761,1850,1850,1000,1000,0,0,0,0
1785437805.2260664,A1850_B1850,1,1850,1850,0.85,0.85,1496978009,1850,1850,1000,1000,0,0,0,0
1785437805.2464924,A1850_B1850,1,1850,1850,0.85,0.85,1496998938,1850,1850,1000,1000,0,0,0,0
1785437805.2686474,A1850_B1850,1,1850,1850,0.85,0.85,1497021099,1850,1850,1000,1000,0,0,0,0
1785437805.2854676,A1850_B1850,1,1850,1850,0.85,0.85,1497038339,1850,1850,1000,1000,0,0,0,0
1785437805.306468,A1850_B1850,1,1850,1850,0.85,0.85,1497060501,1850,1850,1000,1000,0,0,0,0
1785437805.3274665,A1850_B1850,1,1850,1850,0.85,0.85,1497081433,1850,1850,1000,1000,0,0,0,0
1785437805.3464816,A1850_B1850,1,1850,1850,0.85,0.85,1497098684,1850,1850,1000,1000,0,0,0,0
1785437805.3661804,A1850_B1850,1,1850,1850,0.85,0.85,1497118378,1850,1850,1000,1000,0,0,0,0
1785437805.3895624,A1850_B1850,1,1850,1850,0.85,0.85,1497140547,1850,1850,1000,1000,0,0,0,0
1785437805.40547,A1850_B1850,1,1850,1850,0.85,0.85,1497157781,1850,1850,1000,1000,0,0,0,0
1785437805.4264698,A1850_B1850,1,1850,1850,0.85,0.85,1497178730,1850,1850,1000,1000,0,0,0,0
1785437805.4474826,A1850_B1850,1,1850,1850,0.85,0.85,1497200885,1850,1850,1000,1000,0,0,0,0
1785437805.4664435,A1850_B1850,1,1850,1850,0.85,0.85,1497218125,1850,1850,1000,1000,0,0,0,0
1785437805.4895792,A1850_B1850,1,1850,1850,0.85,0.85,1497240288,1850,1850,1000,1000,0,0,0,0
1785437805.507733,A1850_B1850,1,1850,1850,0.85,0.85,1497261219,1850,1850,1000,1000,0,0,0,0
1785437805.527938,A1850_B1850,1,1850,1850,0.85,0.85,1497280922,1850,1850,1000,1000,0,0,0,0
1785437805.5464754,A1850_B1850,1,1850,1850,0.85,0.85,1497300625,1850,1850,1000,1000,0,0,0,0
1785437805.5686474,A1850_B1850,1,1850,1850,0.85,0.85,1497320325,1850,1850,1000,1000,0,0,0,0
1785437805.5895672,A1850_B1850,1,1850,1850,0.85,0.85,1497338798,1850,1850,1000,1000,0,0,0,0
1785437805.605477,A1850_B1850,1,1850,1850,0.85,0.85,1497358496,1850,1850,1000,1000,0,0,0,0
1785437805.6267607,A1850_B1850,1,1850,1850,0.85,0.85,1497380670,1850,1850,1000,1000,0,0,0,0
1785437805.6474957,A1850_B1850,1,1850,1850,0.85,0.85,1497400364,1850,1850,1000,1000,0,0,0,0
1785437805.6665516,A1850_B1850,1,1850,1850,0.85,0.85,1497418851,1850,1850,1000,1000,0,0,0,0
1785437805.6905954,A1850_B1850,1,1850,1850,0.85,0.85,1497441006,1850,1850,1000,1000,0,0,0,0
1785437805.7065086,A1850_B1850,1,1850,1850,0.85,0.85,1497460709,1850,1850,1000,1000,0,0,0,0
1785437805.7289443,A1850_B1850,1,1850,1850,0.85,0.85,1497482871,1850,1850,1000,1000,0,0,0,0
1785437805.746503,A1850_B1850,1,1850,1850,0.85,0.85,1497498876,1850,1850,1000,1000,0,0,0,0
1785437805.769443,A1850_B1850,1,1850,1850,0.85,0.85,1497521046,1850,1850,1000,1000,0,0,0,0
1785437805.7908008,A1850_B1850,1,1850,1850,0.85,0.85,1497540744,1850,1850,1000,1000,0,0,0,0
1785437805.805523,A1850_B1850,1,1850,1850,0.85,0.85,1497557990,1850,1850,1000,1000,0,0,0,0
1785437805.8270676,A1850_B1850,1,1850,1850,0.85,0.85,1497581393,1850,1850,1000,1000,0,0,0,0
1785437805.8475044,A1850_B1850,1,1850,1850,0.85,0.85,1497601087,1850,1850,1000,1000,0,0,0,0
1785437805.867258,A1850_B1850,1,1850,1850,0.85,0.85,1497618320,1850,1850,1000,1000,0,0,0,0
1785437805.8905659,A1850_B1850,1,1850,1850,0.85,0.85,1497640489,1850,1850,1000,1000,0,0,0,0
1785437805.9057753,A1850_B1850,1,1850,1850,0.85,0.85,1497658962,1850,1850,1000,1000,0,0,0,0
1785437805.9264996,A1850_B1850,1,1850,1850,0.85,0.85,1497678672,1850,1850,1000,1000,0,0,0,0
1785437805.947576,A1850_B1850,1,1850,1850,0.85,0.85,1497700831,1850,1850,1000,1000,0,0,0,0
1785437805.966198,A1850_B1850,1,1850,1850,0.85,0.85,1497718065,1850,1850,1000,1000,0,0,0,0
1785437805.9895742,A1850_B1850,1,1850,1850,0.85,0.85,1497739006,1850,1850,1000,1000,0,0,0,0
1785437806.0075433,A1850_B1850,1,1850,1850,0.85,0.85,1497761165,1850,1850,1000,1000,0,0,0,0
1785437806.0265,A1850_B1850,1,1850,1850,0.85,0.85,1497779638,1850,1850,1000,1000,0,0,0,0
1785437806.0464995,A1850_B1850,1,1850,1850,0.85,0.85,1497799336,1850,1850,1000,1000,0,0,0,0
1785437806.0683713,A1850_B1850,1,1850,1850,0.85,0.85,1497819040,1850,1850,1000,1000,0,0,0,0
1785437806.089686,A1850_B1850,1,1850,1850,0.85,0.85,1497839977,1850,1850,1000,1000,0,0,0,0
1785437806.1075332,A1850_B1850,1,1850,1850,0.85,0.85,1497859676,1850,1850,1000,1000,0,0,0,0
1785437806.125539,A1850_B1850,1,1850,1850,0.85,0.85,1497879377,1850,1850,1000,1000,0,0,0,0
1785437806.1465392,A1850_B1850,1,1850,1850,0.85,0.85,1497899080,1850,1850,1000,1000,0,0,0,0
1785437806.1693652,A1850_B1850,1,1850,1850,0.85,0.85,1497920034,1850,1850,1000,1000,0,0,0,0
1785437806.1897593,A1850_B1850,1,1850,1850,0.85,0.85,1497939713,1850,1850,1000,1000,0,0,0,0
1785437806.2076628,A1850_B1850,1,1850,1850,0.85,0.85,1497961882,1850,1850,1000,1000,0,0,0,0
1785437806.2255328,A1850_B1850,1,1850,1850,0.85,0.85,1497979120,1850,1850,1000,1000,0,0,0,0
1785437806.246697,A1850_B1850,1,1850,1850,0.85,0.85,1497998827,1850,1850,1000,1000,0,0,0,0
1785437806.2664502,A1850_B1850,1,1850,1850,0.85,0.85,1498019759,1850,1850,1000,1000,0,0,0,0
1785437806.289589,A1850_B1850,1,1850,1850,0.85,0.85,1498039458,1850,1850,1000,1000,0,0,0,0
1785437806.307502,A1850_B1850,1,1850,1850,0.85,0.85,1498061626,1850,1850,1000,1000,0,0,0,0
1785437806.3256953,A1850_B1850,1,1850,1850,0.85,0.85,1498078870,1850,1850,1000,1000,0,0,0,0
1785437806.3481107,A1850_B1850,1,1850,1850,0.85,0.85,1498102262,1850,1850,1000,1000,0,0,0,0
1785437806.3672364,A1850_B1850,1,1850,1850,0.85,0.85,1498119500,1850,1850,1000,1000,0,0,0,0
1785437806.3915663,A1850_B1850,1,1850,1850,0.85,0.85,1498141668,1850,1850,1000,1000,0,0,0,0
1785437806.4065313,A1850_B1850,1,1850,1850,0.85,0.85,1498158906,1850,1850,1000,1000,0,0,0,0
1785437806.4259472,A1850_B1850,1,1850,1850,0.85,0.85,1498177377,1850,1850,1000,1000,0,0,0,0
1785437806.445509,A1850_B1850,1,1850,1850,0.85,0.85,1498199537,1850,1850,1000,1000,0,0,0,0
1785437806.4699461,A1850_B1850,1,1850,1850,0.85,0.85,1498221754,1850,1850,1000,1000,0,0,0,0
1785437806.4885898,A1850_B1850,1,1850,1850,0.85,0.85,1498241410,1850,1850,1000,1000,0,0,0,0
1785437806.5066786,A1850_B1850,1,1850,1850,0.85,0.85,1498259877,1850,1850,1000,1000,0,0,0,0
1785437806.526868,A1850_B1850,1,1850,1850,0.85,0.85,1498279581,1850,1850,1000,1000,0,0,0,0
1785437806.547525,A1850_B1850,1,1850,1850,0.85,0.85,1498301747,1850,1850,1000,1000,0,0,0,0
1785437806.5667806,A1850_B1850,1,1850,1850,0.85,0.85,1498318992,1850,1850,1000,1000,0,0,0,0
1785437806.588699,A1850_B1850,1,1850,1850,0.85,0.85,1498339922,1850,1850,1000,1000,0,0,0,0
1785437806.6075244,A1850_B1850,1,1850,1850,0.85,0.85,1498359624,1850,1850,1000,1000,0,0,0,0
1785437806.625704,A1850_B1850,1,1850,1850,0.85,0.85,1498379325,1850,1850,1000,1000,0,0,0,0
1785437806.646524,A1850_B1850,1,1850,1850,0.85,0.85,1498399032,1850,1850,1000,1000,0,0,0,0
1785437806.668966,A1850_B1850,1,1850,1850,0.85,0.85,1498419962,1850,1850,1000,1000,0,0,0,0
1785437806.6888008,A1850_B1850,1,1850,1850,0.85,0.85,1498439694,1850,1850,1000,1000,0,0,0,0
1785437806.7065241,A1850_B1850,1,1850,1850,0.85,0.85,1498459362,1850,1850,1000,1000,0,0,0,0
1785437806.7256517,A1850_B1850,1,1850,1850,0.85,0.85,1498479065,1850,1850,1000,1000,0,0,0,0
1785437806.7465804,A1850_B1850,1,1850,1850,0.85,0.85,1498500001,1850,1850,1000,1000,0,0,0,0
1785437806.7686715,A1850_B1850,1,1850,1850,0.85,0.85,1498519705,1850,1850,1000,1000,0,0,0,0
1785437806.7887175,A1850_B1850,1,1850,1850,0.85,0.85,1498539397,1850,1850,1000,1000,0,0,0,0
1785437806.8075275,A1850_B1850,1,1850,1850,0.85,0.85,1498561566,1850,1850,1000,1000,0,0,0,0
1785437806.8258562,A1850_B1850,1,1850,1850,0.85,0.85,1498578808,1850,1850,1000,1000,0,0,0,0
1785437806.846559,A1850_B1850,1,1850,1850,0.85,0.85,1498599741,1850,1850,1000,1000,0,0,0,0
1785437806.86891,A1850_B1850,1,1850,1850,0.85,0.85,1498621904,1850,1850,1000,1000,0,0,0,0
1785437806.888699,A1850_B1850,1,1850,1850,0.85,0.85,1498639149,1850,1850,1000,1000,0,0,0,0
1785437806.906521,A1850_B1850,1,1850,1850,0.85,0.85,1498658853,1850,1850,1000,1000,0,0,0,0
1785437806.9256482,A1850_B1850,1,1850,1850,0.85,0.85,1498679786,1850,1850,1000,1000,0,0,0,0
1785437806.9465215,A1850_B1850,1,1850,1850,0.85,0.85,1498699482,1850,1850,1000,1000,0,0,0,0
1785437806.9686782,A1850_B1850,1,1850,1850,0.85,0.85,1498721653,1850,1850,1000,1000,0,0,0,0
1785437806.9888167,A1850_B1850,1,1850,1850,0.85,0.85,1498738887,1850,1850,1000,1000,0,0,0,0
1785437807.0075216,A1850_B1850,1,1850,1850,0.85,0.85,1498759825,1850,1850,1000,1000,0,0,0,0
1785437807.02565,A1850_B1850,1,1850,1850,0.85,0.85,1498779803,1850,1850,1000,1000,0,0,0,0
1785437807.046546,A1850_B1850,1,1850,1850,0.85,0.85,1498800460,1850,1850,1000,1000,0,0,0,0
1785437807.0715437,A1850_B1850,1,1850,1850,0.85,0.85,1498822635,1850,1850,1000,1000,0,0,0,0
1785437807.0918913,A1850_B1850,1,1850,1850,0.85,0.85,1498842328,1850,1850,1000,1000,0,0,0,0
1785437807.1079266,A1850_B1850,1,1850,1850,0.85,0.85,1498860800,1850,1850,1000,1000,0,0,0,0
1785437807.125797,A1850_B1850,1,1850,1850,0.85,0.85,1498878038,1850,1850,1000,1000,0,0,0,0
1785437807.1471705,A1850_B1850,1,1850,1850,0.85,0.85,1498900203,1850,1850,1000,1000,0,0,0,0
1785437807.168776,A1850_B1850,1,1850,1850,0.85,0.85,1498919902,1850,1850,1000,1000,0,0,0,0
1785437807.18984,A1850_B1850,1,1850,1850,0.85,0.85,1498940839,1850,1850,1000,1000,0,0,0,0
1785437807.2075799,A1850_B1850,1,1850,1850,0.85,0.85,1498960541,1850,1850,1000,1000,0,0,0,0
1785437807.2258637,A1850_B1850,1,1850,1850,0.85,0.85,1498977778,1850,1850,1000,1000,0,0,0,0
1785437807.2468498,A1850_B1850,1,1850,1850,0.85,0.85,1498999948,1850,1850,1000,1000,0,0,0,0
1785437807.2690706,A1850_B1850,1,1850,1850,0.85,0.85,1499020877,1850,1850,1000,1000,0,0,0,0
1785437807.288646,A1850_B1850,1,1850,1850,0.85,0.85,1499038120,1850,1850,1000,1000,0,0,0,0
1785437807.306942,A1850_B1850,1,1850,1850,0.85,0.85,1499060278,1850,1850,1000,1000,0,0,0,0
1785437807.3283155,A1850_B1850,1,1850,1850,0.85,0.85,1499082455,1850,1850,1000,1000,0,0,0,0
1785437807.3456535,A1850_B1850,1,1850,1850,0.85,0.85,1499098460,1850,1850,1000,1000,0,0,0,0
1785437807.3673716,A1850_B1850,1,1850,1850,0.85,0.85,1499120617,1850,1850,1000,1000,0,0,0,0
1785437807.3886445,A1850_B1850,1,1850,1850,0.85,0.85,1499137864,1850,1850,1000,1000,0,0,0,0
1785437807.4066622,A1850_B1850,1,1850,1850,0.85,0.85,1499160059,1850,1850,1000,1000,0,0,0,0
1785437807.4275305,A1850_B1850,1,1850,1850,0.85,0.85,1499180984,1850,1850,1000,1000,0,0,0,0
1785437807.445537,A1850_B1850,1,1850,1850,0.85,0.85,1499198200,1850,1850,1000,1000,0,0,0,0
1785437807.468925,A1850_B1850,1,1850,1850,0.85,0.85,1499220359,1850,1850,1000,1000,0,0,0,0
1785437807.4889479,A1850_B1850,1,1850,1850,0.85,0.85,1499240066,1850,1850,1000,1000,0,0,0,0
1785437807.506715,A1850_B1850,1,1850,1850,0.85,0.85,1499261008,1850,1850,1000,1000,0,0,0,0
1785437807.527572,A1850_B1850,1,1850,1850,0.85,0.85,1499280699,1850,1850,1000,1000,0,0,0,0
1785437807.546753,A1850_B1850,1,1850,1850,0.85,0.85,1499300404,1850,1850,1000,1000,0,0,0,0
1785437807.56651,A1850_B1850,1,1850,1850,0.85,0.85,1499320109,1850,1850,1000,1000,0,0,0,0
1785437807.5886264,A1850_B1850,1,1850,1850,0.85,0.85,1499337345,1850,1850,1000,1000,0,0,0,0
1785437807.6067061,A1850_B1850,1,1850,1850,0.85,0.85,1499360737,1850,1850,1000,1000,0,0,0,0
1785437807.6275392,A1850_B1850,1,1850,1850,0.85,0.85,1499380440,1850,1850,1000,1000,0,0,0,0
1785437807.6455643,A1850_B1850,1,1850,1850,0.85,0.85,1499397684,1850,1850,1000,1000,0,0,0,0
1785437807.6709027,A1850_B1850,1,1850,1850,0.85,0.85,1499422312,1850,1850,1000,1000,0,0,0,0
1785437807.6919577,A1850_B1850,1,1850,1850,0.85,0.85,1499440778,1850,1850,1000,1000,0,0,0,0
1785437807.7067122,A1850_B1850,1,1850,1850,0.85,0.85,1499460483,1850,1850,1000,1000,0,0,0,0
1785437807.7282424,A1850_B1850,1,1850,1850,0.85,0.85,1499480184,1850,1850,1000,1000,0,0,0,0
1785437807.745592,A1850_B1850,1,1850,1850,0.85,0.85,1499497433,1850,1850,1000,1000,0,0,0,0
1785437807.7701359,A1850_B1850,1,1850,1850,0.85,0.85,1499520821,1850,1850,1000,1000,0,0,0,0
1785437807.788637,A1850_B1850,1,1850,1850,0.85,0.85,1499538064,1850,1850,1000,1000,0,0,0,0
1785437807.8070722,A1850_B1850,1,1850,1850,0.85,0.85,1499560225,1850,1850,1000,1000,0,0,0,0
1785437807.8277779,A1850_B1850,1,1850,1850,0.85,0.85,1499579932,1850,1850,1000,1000,0,0,0,0
1785437807.8468587,A1850_B1850,1,1850,1850,0.85,0.85,1499600865,1850,1850,1000,1000,0,0,0,0
1785437807.8690197,A1850_B1850,1,1850,1850,0.85,0.85,1499620566,1850,1850,1000,1000,0,0,0,0
1785437807.8890276,A1850_B1850,1,1850,1850,0.85,0.85,1499640284,1850,1850,1000,1000,0,0,0,0
1785437807.90656,A1850_B1850,1,1850,1850,0.85,0.85,1499659979,1850,1850,1000,1000,0,0,0,0
1785437807.9277554,A1850_B1850,1,1850,1850,0.85,0.85,1499680902,1850,1850,1000,1000,0,0,0,0
1785437807.9455557,A1850_B1850,1,1850,1850,0.85,0.85,1499698142,1850,1850,1000,1000,0,0,0,0
1785437807.9672663,A1850_B1850,1,1850,1850,0.85,0.85,1499720305,1850,1850,1000,1000,0,0,0,0
1785437807.985235,A1850_B1850,1,1850,1850,0.85,0.85,1499737546,1850,1850,1000,1000,0,0,0,0
1785437808.006598,A1850_B1850,1,1850,1850,0.85,0.85,1499758491,1850,1850,1000,1000,0,0,0,0
1785437808.0256848,A1850_B1850,1,1850,1850,0.85,0.85,1499778185,1850,1850,1000,1000,0,0,0,0
1785437808.046557,A1850_B1850,1,1850,1850,0.85,0.85,1499799117,1850,1850,1000,1000,0,0,0,0
1785437808.0685287,A1850_B1850,1,1850,1850,0.85,0.85,1499818825,1850,1850,1000,1000,0,0,0,0
1785437808.089837,A1850_B1850,1,1850,1850,0.85,0.85,1499840987,1850,1850,1000,1000,0,0,0,0
1785437808.107762,A1850_B1850,1,1850,1850,0.85,0.85,1499861920,1850,1850,1000,1000,0,0,0,0
1785437808.1256173,A1850_B1850,1,1850,1850,0.85,0.85,1499879156,1850,1850,1000,1000,0,0,0,0
1785437808.14774,A1850_B1850,1,1850,1850,0.85,0.85,1499901363,1850,1850,1000,1000,0,0,0,0
1785437808.1674135,A1850_B1850,1,1850,1850,0.85,0.85,1499918559,1850,1850,1000,1000,0,0,0,0
1785437808.1908402,A1850_B1850,1,1850,1850,0.85,0.85,1499941971,1850,1850,1000,1000,0,0,0,0
1785437808.2056427,A1850_B1850,1,1850,1850,0.85,0.85,1499959192,1850,1850,1000,1000,0,0,0,0
1785437808.2265997,A1850_B1850,1,1850,1850,0.85,0.85,1499978907,1850,1850,1000,1000,0,0,0,0
1785437808.2456803,A1850_B1850,1,1850,1850,0.85,0.85,1499998600,1850,1850,1000,1000,0,0,0,0
1785437808.2676206,A1850_B1850,1,1850,1850,0.85,0.85,1500019534,1850,1850,1000,1000,0,0,0,0
1785437808.2908006,A1850_B1850,1,1850,1850,0.85,0.85,1500041700,1850,1850,1000,1000,0,0,0,0
1785437808.3056276,A1850_B1850,1,1850,1850,0.85,0.85,1500058944,1850,1850,1000,1000,0,0,0,0
1785437808.3266654,A1850_B1850,1,1850,1850,0.85,0.85,1500078646,1850,1850,1000,1000,0,0,0,0
1785437808.349984,A1850_B1850,1,1850,1850,0.85,0.85,1500102041,1850,1850,1000,1000,0,0,0,0
1785437808.3673031,A1850_B1850,1,1850,1850,0.85,0.85,1500119277,1850,1850,1000,1000,0,0,0,0
1785437808.3914466,A1850_B1850,1,1850,1850,0.85,0.85,1500141440,1850,1850,1000,1000,0,0,0,0
1785437808.4070427,A1850_B1850,1,1850,1850,0.85,0.85,1500161148,1850,1850,1000,1000,0,0,0,0
1785437808.4255657,A1850_B1850,1,1850,1850,0.85,0.85,1500178426,1850,1850,1000,1000,0,0,0,0
1785437808.4479902,A1850_B1850,1,1850,1850,0.85,0.85,1500201784,1850,1850,1000,1000,0,0,0,0
1785437808.4665618,A1850_B1850,1,1850,1850,0.85,0.85,1500219021,1850,1850,1000,1000,0,0,0,0
1785437808.490002,A1850_B1850,1,1850,1850,0.85,0.85,1500241192,1850,1850,1000,1000,0,0,0,0
1785437808.5075853,A1850_B1850,1,1850,1850,0.85,0.85,1500260890,1850,1850,1000,1000,0,0,0,0
1785437808.5264907,A1850_B1850,1,1850,1850,0.85,0.85,1500279358,1850,1850,1000,1000,0,0,0,0
1785437808.5467968,A1850_B1850,1,1850,1850,0.85,0.85,1500299067,1850,1850,1000,1000,0,0,0,0
1785437808.5673006,A1850_B1850,1,1850,1850,0.85,0.85,1500318763,1850,1850,1000,1000,0,0,0,0
1785437808.590701,A1850_B1850,1,1850,1850,0.85,0.85,1500340925,1850,1850,1000,1000,0,0,0,0
1785437808.6055715,A1850_B1850,1,1850,1850,0.85,0.85,1500359401,1850,1850,1000,1000,0,0,0,0
1785437808.626571,A1850_B1850,1,1850,1850,0.85,0.85,1500379104,1850,1850,1000,1000,0,0,0,0
1785437808.6475897,A1850_B1850,1,1850,1850,0.85,0.85,1500401263,1850,1850,1000,1000,0,0,0,0
1785437808.6676354,A1850_B1850,1,1850,1850,0.85,0.85,1500418509,1850,1850,1000,1000,0,0,0,0
1785437808.6896806,A1850_B1850,1,1850,1850,0.85,0.85,1500439438,1850,1850,1000,1000,0,0,0,0
1785437808.7055926,A1850_B1850,1,1850,1850,0.85,0.85,1500459144,1850,1850,1000,1000,0,0,0,0
1785437808.7265782,A1850_B1850,1,1850,1850,0.85,0.85,1500478850,1850,1850,1000,1000,0,0,0,0
1785437808.747696,A1850_B1850,1,1850,1850,0.85,0.85,1500501009,1850,1850,1000,1000,0,0,0,0
1785437808.766289,A1850_B1850,1,1850,1850,0.85,0.85,1500519476,1850,1850,1000,1000,0,0,0,0
1785437808.790662,A1850_B1850,1,1850,1850,0.85,0.85,1500541649,1850,1850,1000,1000,0,0,0,0
1785437808.805594,A1850_B1850,1,1850,1850,0.85,0.85,1500558881,1850,1850,1000,1000,0,0,0,0
1785437808.8270364,A1850_B1850,1,1850,1850,0.85,0.85,1500581056,1850,1850,1000,1000,0,0,0,0
1785437808.8477604,A1850_B1850,1,1850,1850,0.85,0.85,1500601992,1850,1850,1000,1000,0,0,0,0
1785437808.8675551,A1850_B1850,1,1850,1850,0.85,0.85,1500619226,1850,1850,1000,1000,0,0,0,0
1785437808.8886678,A1850_B1850,1,1850,1850,0.85,0.85,1500638959,1850,1850,1000,1000,0,0,0,0
1785437808.9068239,A1850_B1850,1,1850,1850,0.85,0.85,1500658630,1850,1850,1000,1000,0,0,0,0
1785437808.9255936,A1850_B1850,1,1850,1850,0.85,0.85,1500679559,1850,1850,1000,1000,0,0,0,0
1785437808.9466288,A1850_B1850,1,1850,1850,0.85,0.85,1500699269,1850,1850,1000,1000,0,0,0,0
1785437808.968756,A1850_B1850,1,1850,1850,0.85,0.85,1500721426,1850,1850,1000,1000,0,0,0,0
1785437808.9886951,A1850_B1850,1,1850,1850,0.85,0.85,1500738670,1850,1850,1000,1000,0,0,0,0
1785437809.0065877,A1850_B1850,1,1850,1850,0.85,0.85,1500759597,1850,1850,1000,1000,0,0,0,0
1785437809.0287058,A1850_B1850,1,1850,1850,0.85,0.85,1500781812,1850,1850,1000,1000,0,0,0,0
1785437809.0465863,A1850_B1850,1,1850,1850,0.85,0.85,1500800235,1850,1850,1000,1000,0,0,0,0
1785437809.070875,A1850_B1850,1,1850,1850,0.85,0.85,1500822405,1850,1850,1000,1000,0,0,0,0
1785437809.0886817,A1850_B1850,1,1850,1850,0.85,0.85,1500839647,1850,1850,1000,1000,0,0,0,0
1785437809.1074998,A1850_B1850,1,1850,1850,0.85,0.85,1500859343,1850,1850,1000,1000,0,0,0,0
1785437809.1256104,A1850_B1850,1,1850,1850,0.85,0.85,1500877823,1850,1850,1000,1000,0,0,0,0
1785437809.1469188,A1850_B1850,1,1850,1850,0.85,0.85,1500899982,1850,1850,1000,1000,0,0,0,0
1785437809.168821,A1850_B1850,1,1850,1850,0.85,0.85,1500919738,1850,1850,1000,1000,0,0,0,0
1785437809.1894433,A1850_B1850,1,1850,1850,0.85,0.85,1500939385,1850,1850,1000,1000,0,0,0,0
1785437809.2066329,A1850_B1850,1,1850,1850,0.85,0.85,1500960321,1850,1850,1000,1000,0,0,0,0
1785437809.228642,A1850_B1850,1,1850,1850,0.85,0.85,1500982480,1850,1850,1000,1000,0,0,0,0
1785437809.2493699,A1850_B1850,1,1850,1850,0.85,0.85,1500999728,1850,1850,1000,1000,0,0,0,0
1785437809.2668965,A1850_B1850,1,1850,1850,0.85,0.85,1501019426,1850,1850,1000,1000,0,0,0,0
1785437809.290713,A1850_B1850,1,1850,1850,0.85,0.85,1501040359,1850,1850,1000,1000,0,0,0,0
1785437809.30662,A1850_B1850,1,1850,1850,0.85,0.85,1501060059,1850,1850,1000,1000,0,0,0,0
1785437809.3276339,A1850_B1850,1,1850,1850,0.85,0.85,1501079771,1850,1850,1000,1000,0,0,0,0
1785437809.3456461,A1850_B1850,1,1850,1850,0.85,0.85,1501099467,1850,1850,1000,1000,0,0,0,0
1785437809.367366,A1850_B1850,1,1850,1850,0.85,0.85,1501120397,1850,1850,1000,1000,0,0,0,0
1785437809.3908632,A1850_B1850,1,1850,1850,0.85,0.85,1501140100,1850,1850,1000,1000,0,0,0,0
1785437809.4056933,A1850_B1850,1,1850,1850,0.85,0.85,1501159809,1850,1850,1000,1000,0,0,0,0
1785437809.4276578,A1850_B1850,1,1850,1850,0.85,0.85,1501179505,1850,1850,1000,1000,0,0,0,0
1785437809.4456034,A1850_B1850,1,1850,1850,0.85,0.85,1501197980,1850,1850,1000,1000,0,0,0,0
1785437809.4675584,A1850_B1850,1,1850,1850,0.85,0.85,1501220141,1850,1850,1000,1000,0,0,0,0
1785437809.4906957,A1850_B1850,1,1850,1850,0.85,0.85,1501239852,1850,1850,1000,1000,0,0,0,0
1785437809.5066261,A1850_B1850,1,1850,1850,0.85,0.85,1501259547,1850,1850,1000,1000,0,0,0,0
1785437809.5276783,A1850_B1850,1,1850,1850,0.85,0.85,1501280481,1850,1850,1000,1000,0,0,0,0
1785437809.5456064,A1850_B1850,1,1850,1850,0.85,0.85,1501297723,1850,1850,1000,1000,0,0,0,0
1785437809.5673304,A1850_B1850,1,1850,1850,0.85,0.85,1501319887,1850,1850,1000,1000,0,0,0,0
1785437809.588704,A1850_B1850,1,1850,1850,0.85,0.85,1501339585,1850,1850,1000,1000,0,0,0,0
1785437809.6068459,A1850_B1850,1,1850,1850,0.85,0.85,1501360524,1850,1850,1000,1000,0,0,0,0
1785437809.6276698,A1850_B1850,1,1850,1850,0.85,0.85,1501380241,1850,1850,1000,1000,0,0,0,0
1785437809.6456232,A1850_B1850,1,1850,1850,0.85,0.85,1501397466,1850,1850,1000,1000,0,0,0,0
1785437809.6675825,A1850_B1850,1,1850,1850,0.85,0.85,1501419622,1850,1850,1000,1000,0,0,0,0
1785437809.6917737,A1850_B1850,1,1850,1850,0.85,0.85,1501439327,1850,1850,1000,1000,0,0,0,0
1785437809.7066245,A1850_B1850,1,1850,1850,0.85,0.85,1501460283,1850,1850,1000,1000,0,0,0,0
1785437809.7280638,A1850_B1850,1,1850,1850,0.85,0.85,1501479971,1850,1850,1000,1000,0,0,0,0
1785437809.7456424,A1850_B1850,1,1850,1850,0.85,0.85,1501499667,1850,1850,1000,1000,0,0,0,0
1785437809.7697415,A1850_B1850,1,1850,1850,0.85,0.85,1501521836,1850,1850,1000,1000,0,0,0,0
1785437809.7887006,A1850_B1850,1,1850,1850,0.85,0.85,1501537845,1850,1850,1000,1000,0,0,0,0
1785437809.806945,A1850_B1850,1,1850,1850,0.85,0.85,1501560011,1850,1850,1000,1000,0,0,0,0
1785437809.8276465,A1850_B1850,1,1850,1850,0.85,0.85,1501579711,1850,1850,1000,1000,0,0,0,0
1785437809.8462887,A1850_B1850,1,1850,1850,0.85,0.85,1501599411,1850,1850,1000,1000,0,0,0,0
1785437809.8675525,A1850_B1850,1,1850,1850,0.85,0.85,1501620349,1850,1850,1000,1000,0,0,0,0
1785437809.8891637,A1850_B1850,1,1850,1850,0.85,0.85,1501640053,1850,1850,1000,1000,0,0,0,0
1785437809.9067085,A1850_B1850,1,1850,1850,0.85,0.85,1501659747,1850,1850,1000,1000,0,0,0,0
1785437809.9276426,A1850_B1850,1,1850,1850,0.85,0.85,1501679454,1850,1850,1000,1000,0,0,0,0
1785437809.946614,A1850_B1850,1,1850,1850,0.85,0.85,1501700386,1850,1850,1000,1000,0,0,0,0
1785437809.9687655,A1850_B1850,1,1850,1850,0.85,0.85,1501720089,1850,1850,1000,1000,0,0,0,0
1785437809.988699,A1850_B1850,1,1850,1850,0.85,0.85,1501739788,1850,1850,1000,1000,0,0,0,0
1785437810.0066721,A1850_B1850,1,1850,1850,0.85,0.85,1501759487,1850,1850,1000,1000,0,0,0,0
1785437810.0256355,A1850_B1850,1,1850,1850,0.85,0.85,1501777967,1850,1850,1000,1000,0,0,0,0
1785437810.0468683,A1850_B1850,1,1850,1850,0.85,0.85,1501800129,1850,1850,1000,1000,0,0,0,0
1785437810.0709305,A1850_B1850,1,1850,1850,0.85,0.85,1501821060,1850,1850,1000,1000,0,0,0,0
1785437810.0887215,A1850_B1850,1,1850,1850,0.85,0.85,1501838299,1850,1850,1000,1000,0,0,0,0
1785437810.107642,A1850_B1850,1,1850,1850,0.85,0.85,1501860470,1850,1850,1000,1000,0,0,0,0
1785437810.1256855,A1850_B1850,1,1850,1850,0.85,0.85,1501878940,1850,1850,1000,1000,0,0,0,0
1785437810.1466362,A1850_B1850,1,1850,1850,0.85,0.85,1501898645,1850,1850,1000,1000,0,0,0,0
1785437810.1689405,A1850_B1850,1,1850,1850,0.85,0.85,1501920805,1850,1850,1000,1000,0,0,0,0
1785437810.1897237,A1850_B1850,1,1850,1850,0.85,0.85,1501940512,1850,1850,1000,1000,0,0,0,0
1785437810.207655,A1850_B1850,1,1850,1850,0.85,0.85,1501961438,1850,1850,1000,1000,0,0,0,0
1785437810.2260017,A1850_B1850,1,1850,1850,0.85,0.85,1501978678,1850,1850,1000,1000,0,0,0,0
1785437810.2466338,A1850_B1850,1,1850,1850,0.85,0.85,1502000843,1850,1850,1000,1000,0,0,0,0
1785437810.2688293,A1850_B1850,1,1850,1850,0.85,0.85,1502020548,1850,1850,1000,1000,0,0,0,0
1785437810.2887678,A1850_B1850,1,1850,1850,0.85,0.85,1502039024,1850,1850,1000,1000,0,0,0,0
1785437810.3077002,A1850_B1850,1,1850,1850,0.85,0.85,1502061180,1850,1850,1000,1000,0,0,0,0
1785437810.3256412,A1850_B1850,1,1850,1850,0.85,0.85,1502078423,1850,1850,1000,1000,0,0,0,0
1785437810.349413,A1850_B1850,1,1850,1850,0.85,0.85,1502103053,1850,1850,1000,1000,0,0,0,0
1785437810.367522,A1850_B1850,1,1850,1850,0.85,0.85,1502119061,1850,1850,1000,1000,0,0,0,0
1785437810.391308,A1850_B1850,1,1850,1850,0.85,0.85,1502141223,1850,1850,1000,1000,0,0,0,0
1785437810.4056602,A1850_B1850,1,1850,1850,0.85,0.85,1502158459,1850,1850,1000,1000,0,0,0,0
1785437810.427966,A1850_B1850,1,1850,1850,0.85,0.85,1502180631,1850,1850,1000,1000,0,0,0,0
1785437810.445735,A1850_B1850,1,1850,1850,0.85,0.85,1502197868,1850,1850,1000,1000,0,0,0,0
1785437810.4679334,A1850_B1850,1,1850,1850,0.85,0.85,1502218806,1850,1850,1000,1000,0,0,0,0
1785437810.4907246,A1850_B1850,1,1850,1850,0.85,0.85,1502240971,1850,1850,1000,1000,0,0,0,0
1785437810.506399,A1850_B1850,1,1850,1850,0.85,0.85,1502258206,1850,1850,1000,1000,0,0,0,0
1785437810.5266325,A1850_B1850,1,1850,1850,0.85,0.85,1502280374,1850,1850,1000,1000,0,0,0,0
1785437810.546233,A1850_B1850,1,1850,1850,0.85,0.85,1502298846,1850,1850,1000,1000,0,0,0,0
1785437810.5674372,A1850_B1850,1,1850,1850,0.85,0.85,1502321010,1850,1850,1000,1000,0,0,0,0
1785437810.5887253,A1850_B1850,1,1850,1850,0.85,0.85,1502338246,1850,1850,1000,1000,0,0,0,0
1785437810.6076374,A1850_B1850,1,1850,1850,0.85,0.85,1502360410,1850,1850,1000,1000,0,0,0,0
1785437810.626638,A1850_B1850,1,1850,1850,0.85,0.85,1502378885,1850,1850,1000,1000,0,0,0,0
1785437810.6476398,A1850_B1850,1,1850,1850,0.85,0.85,1502401046,1850,1850,1000,1000,0,0,0,0
1785437810.6666167,A1850_B1850,1,1850,1850,0.85,0.85,1502418287,1850,1850,1000,1000,0,0,0,0
1785437810.6898384,A1850_B1850,1,1850,1850,0.85,0.85,1502440449,1850,1850,1000,1000,0,0,0,0
1785437810.7077184,A1850_B1850,1,1850,1850,0.85,0.85,1502461384,1850,1850,1000,1000,0,0,0,0
1785437810.7262497,A1850_B1850,1,1850,1850,0.85,0.85,1502478625,1850,1850,1000,1000,0,0,0,0
1785437810.7477133,A1850_B1850,1,1850,1850,0.85,0.85,1502500801,1850,1850,1000,1000,0,0,0,0
1785437810.7663438,A1850_B1850,1,1850,1850,0.85,0.85,1502518029,1850,1850,1000,1000,0,0,0,0
1785437810.7897236,A1850_B1850,1,1850,1850,0.85,0.85,1502538966,1850,1850,1000,1000,0,0,0,0
1785437810.8078046,A1850_B1850,1,1850,1850,0.85,0.85,1502561127,1850,1850,1000,1000,0,0,0,0
1785437810.8266444,A1850_B1850,1,1850,1850,0.85,0.85,1502580834,1850,1850,1000,1000,0,0,0,0
1785437810.8476665,A1850_B1850,1,1850,1850,0.85,0.85,1502600532,1850,1850,1000,1000,0,0,0,0
1785437810.8665688,A1850_B1850,1,1850,1850,0.85,0.85,1502619006,1850,1850,1000,1000,0,0,0,0
1785437810.8897972,A1850_B1850,1,1850,1850,0.85,0.85,1502638707,1850,1850,1000,1000,0,0,0,0
1785437810.9056764,A1850_B1850,1,1850,1850,0.85,0.85,1502658406,1850,1850,1000,1000,0,0,0,0
1785437810.9266489,A1850_B1850,1,1850,1850,0.85,0.85,1502680575,1850,1850,1000,1000,0,0,0,0
1785437810.9476664,A1850_B1850,1,1850,1850,0.85,0.85,1502701504,1850,1850,1000,1000,0,0,0,0
1785437810.9664063,A1850_B1850,1,1850,1850,0.85,0.85,1502718744,1850,1850,1000,1000,0,0,0,0
1785437810.9898567,A1850_B1850,1,1850,1850,0.85,0.85,1502740921,1850,1850,1000,1000,0,0,0,0
1785437811.0088353,A1850_B1850,1,1850,1850,0.85,0.85,1502760609,1850,1850,1000,1000,0,0,0,0
1785437811.0296617,A1850_B1850,1,1850,1850,0.85,0.85,1502781546,1850,1850,1000,1000,0,0,0,0
1785437811.046673,A1850_B1850,1,1850,1850,0.85,0.85,1502798786,1850,1850,1000,1000,0,0,0,0
1785437811.0712163,A1850_B1850,1,1850,1850,0.85,0.85,1502822189,1850,1850,1000,1000,0,0,0,0
1785437811.088795,A1850_B1850,1,1850,1850,0.85,0.85,1502839419,1850,1850,1000,1000,0,0,0,0
1785437811.1073897,A1850_B1850,1,1850,1850,0.85,0.85,1502859126,1850,1850,1000,1000,0,0,0,0
1785437811.127748,A1850_B1850,1,1850,1850,0.85,0.85,1502880058,1850,1850,1000,1000,0,0,0,0
1785437811.1467922,A1850_B1850,1,1850,1850,0.85,0.85,1502899755,1850,1850,1000,1000,0,0,0,0
1785437811.1693823,A1850_B1850,1,1850,1850,0.85,0.85,1502921927,1850,1850,1000,1000,0,0,0,0
1785437811.18932,A1850_B1850,1,1850,1850,0.85,0.85,1502939172,1850,1850,1000,1000,0,0,0,0
1785437811.20668,A1850_B1850,1,1850,1850,0.85,0.85,1502958869,1850,1850,1000,1000,0,0,0,0
1785437811.2282088,A1850_B1850,1,1850,1850,0.85,0.85,1502979805,1850,1850,1000,1000,0,0,0,0
1785437811.245709,A1850_B1850,1,1850,1850,0.85,0.85,1502999504,1850,1850,1000,1000,0,0,0,0
1785437811.2675936,A1850_B1850,1,1850,1850,0.85,0.85,1503019259,1850,1850,1000,1000,0,0,0,0
1785437811.2907417,A1850_B1850,1,1850,1850,0.85,0.85,1503041367,1850,1850,1000,1000,0,0,0,0
1785437811.3058014,A1850_B1850,1,1850,1850,0.85,0.85,1503059845,1850,1850,1000,1000,0,0,0,0
1785437811.3267348,A1850_B1850,1,1850,1850,0.85,0.85,1503079543,1850,1850,1000,1000,0,0,0,0
1785437811.3467183,A1850_B1850,1,1850,1850,0.85,0.85,1503099253,1850,1850,1000,1000,0,0,0,0
1785437811.3663924,A1850_B1850,1,1850,1850,0.85,0.85,1503118979,1850,1850,1000,1000,0,0,0,0
1785437811.389785,A1850_B1850,1,1850,1850,0.85,0.85,1503139879,1850,1850,1000,1000,0,0,0,0
1785437811.4079757,A1850_B1850,1,1850,1850,0.85,0.85,1503159584,1850,1850,1000,1000,0,0,0,0
1785437811.426317,A1850_B1850,1,1850,1850,0.85,0.85,1503179291,1850,1850,1000,1000,0,0,0,0
1785437811.4467292,A1850_B1850,1,1850,1850,0.85,0.85,1503198991,1850,1850,1000,1000,0,0,0,0
1785437811.4692461,A1850_B1850,1,1850,1850,0.85,0.85,1503219960,1850,1850,1000,1000,0,0,0,0
1785437811.4897747,A1850_B1850,1,1850,1850,0.85,0.85,1503239623,1850,1850,1000,1000,0,0,0,0
1785437811.5077212,A1850_B1850,1,1850,1850,0.85,0.85,1503261791,1850,1850,1000,1000,0,0,0,0
1785437811.5256796,A1850_B1850,1,1850,1850,0.85,0.85,1503279029,1850,1850,1000,1000,0,0,0,0
1785437811.546722,A1850_B1850,1,1850,1850,0.85,0.85,1503299966,1850,1850,1000,1000,0,0,0,0
1785437811.5663707,A1850_B1850,1,1850,1850,0.85,0.85,1503319663,1850,1850,1000,1000,0,0,0,0
1785437811.589766,A1850_B1850,1,1850,1850,0.85,0.85,1503339371,1850,1850,1000,1000,0,0,0,0
1785437811.6076925,A1850_B1850,1,1850,1850,0.85,0.85,1503361566,1850,1850,1000,1000,0,0,0,0
1785437811.6258764,A1850_B1850,1,1850,1850,0.85,0.85,1503380011,1850,1850,1000,1000,0,0,0,0
1785437811.647686,A1850_B1850,1,1850,1850,0.85,0.85,1503399707,1850,1850,1000,1000,0,0,0,0
1785437811.6676536,A1850_B1850,1,1850,1850,0.85,0.85,1503419411,1850,1850,1000,1000,0,0,0,0
1785437811.6916578,A1850_B1850,1,1850,1850,0.85,0.85,1503441571,1850,1850,1000,1000,0,0,0,0
1785437811.706682,A1850_B1850,1,1850,1850,0.85,0.85,1503460039,1850,1850,1000,1000,0,0,0,0
1785437811.7280138,A1850_B1850,1,1850,1850,0.85,0.85,1503479744,1850,1850,1000,1000,0,0,0,0
1785437811.7457364,A1850_B1850,1,1850,1850,0.85,0.85,1503499451,1850,1850,1000,1000,0,0,0,0
1785437811.7680786,A1850_B1850,1,1850,1850,0.85,0.85,1503519154,1850,1850,1000,1000,0,0,0,0
1785437811.7912073,A1850_B1850,1,1850,1850,0.85,0.85,1503538855,1850,1850,1000,1000,0,0,0,0
1785437811.8067973,A1850_B1850,1,1850,1850,0.85,0.85,1503559786,1850,1850,1000,1000,0,0,0,0
1785437811.827713,A1850_B1850,1,1850,1850,0.85,0.85,1503579494,1850,1850,1000,1000,0,0,0,0
1785437811.8462074,A1850_B1850,1,1850,1850,0.85,0.85,1503599193,1850,1850,1000,1000,0,0,0,0
1785437811.8688369,A1850_B1850,1,1850,1850,0.85,0.85,1503621351,1850,1850,1000,1000,0,0,0,0
1785437811.8888874,A1850_B1850,1,1850,1850,0.85,0.85,1503639828,1850,1850,1000,1000,0,0,0,0
1785437811.9077914,A1850_B1850,1,1850,1850,0.85,0.85,1503659537,1850,1850,1000,1000,0,0,0,0
1785437811.9258704,A1850_B1850,1,1850,1850,0.85,0.85,1503679231,1850,1850,1000,1000,0,0,0,0
1785437811.9477277,A1850_B1850,1,1850,1850,0.85,0.85,1503701396,1850,1850,1000,1000,0,0,0,0
1785437811.9674025,A1850_B1850,1,1850,1850,0.85,0.85,1503719883,1850,1850,1000,1000,0,0,0,0
1785437811.9910388,A1850_B1850,1,1850,1850,0.85,0.85,1503742032,1850,1850,1000,1000,0,0,0,0
1785437812.0058076,A1850_B1850,1,1850,1850,0.85,0.85,1503759272,1850,1850,1000,1000,0,0,0,0
1785437812.026701,A1850_B1850,1,1850,1850,0.85,0.85,1503778980,1850,1850,1000,1000,0,0,0,0
1785437812.0476844,A1850_B1850,1,1850,1850,0.85,0.85,1503799913,1850,1850,1000,1000,0,0,0,0
1785437812.0686743,A1850_B1850,1,1850,1850,0.85,0.85,1503817154,1850,1850,1000,1000,0,0,0,0
1785437812.0907643,A1850_B1850,1,1850,1850,0.85,0.85,1503840547,1850,1850,1000,1000,0,0,0,0
1785437812.1058097,A1850_B1850,1,1850,1850,0.85,0.85,1503857783,1850,1850,1000,1000,0,0,0,0
1785437812.1267598,A1850_B1850,1,1850,1850,0.85,0.85,1503879946,1850,1850,1000,1000,0,0,0,0
1785437812.1477196,A1850_B1850,1,1850,1850,0.85,0.85,1503900880,1850,1850,1000,1000,0,0,0,0
1785437812.167451,A1850_B1850,1,1850,1850,0.85,0.85,1503920588,1850,1850,1000,1000,0,0,0,0
1785437812.1907895,A1850_B1850,1,1850,1850,0.85,0.85,1503940295,1850,1850,1000,1000,0,0,0,0
1785437812.205969,A1850_B1850,1,1850,1850,0.85,0.85,1503959993,1850,1850,1000,1000,0,0,0,0
1785437812.2267454,A1850_B1850,1,1850,1850,0.85,0.85,1503978464,1850,1850,1000,1000,0,0,0,0
1785437812.247737,A1850_B1850,1,1850,1850,0.85,0.85,1504000628,1850,1850,1000,1000,0,0,0,0
1785437812.266743,A1850_B1850,1,1850,1850,0.85,0.85,1504017863,1850,1850,1000,1000,0,0,0,0
1785437812.2908263,A1850_B1850,1,1850,1850,0.85,0.85,1504040031,1850,1850,1000,1000,0,0,0,0
1785437812.3058636,A1850_B1850,1,1850,1850,0.85,0.85,1504058497,1850,1850,1000,1000,0,0,0,0
1785437812.3267326,A1850_B1850,1,1850,1850,0.85,0.85,1504080669,1850,1850,1000,1000,0,0,0,0
1785437812.3491106,A1850_B1850,1,1850,1850,0.85,0.85,1504102837,1850,1850,1000,1000,0,0,0,0
1785437812.3674576,A1850_B1850,1,1850,1850,0.85,0.85,1504120067,1850,1850,1000,1000,0,0,0,0
1785437812.391815,A1850_B1850,1,1850,1850,0.85,0.85,1504141006,1850,1850,1000,1000,0,0,0,0
1785437812.4082117,A1850_B1850,1,1850,1850,0.85,0.85,1504160712,1850,1850,1000,1000,0,0,0,0
1785437812.4258816,A1850_B1850,1,1850,1850,0.85,0.85,1504177951,1850,1850,1000,1000,0,0,0,0
1785437812.4476607,A1850_B1850,1,1850,1850,0.85,0.85,1504200114,1850,1850,1000,1000,0,0,0,0
1785437812.4681845,A1850_B1850,1,1850,1850,0.85,0.85,1504221046,1850,1850,1000,1000,0,0,0,0
1785437812.490872,A1850_B1850,1,1850,1850,0.85,0.85,1504240753,1850,1850,1000,1000,0,0,0,0
1785437812.50625,A1850_B1850,1,1850,1850,0.85,0.85,1504257987,1850,1850,1000,1000,0,0,0,0
1785437812.526836,A1850_B1850,1,1850,1850,0.85,0.85,1504280158,1850,1850,1000,1000,0,0,0,0
1785437812.5479257,A1850_B1850,1,1850,1850,0.85,0.85,1504299852,1850,1850,1000,1000,0,0,0,0
1785437812.5664604,A1850_B1850,1,1850,1850,0.85,0.85,1504318325,1850,1850,1000,1000,0,0,0,0
1785437812.589884,A1850_B1850,1,1850,1850,0.85,0.85,1504340486,1850,1850,1000,1000,0,0,0,0
1785437812.6077027,A1850_B1850,1,1850,1850,0.85,0.85,1504360194,1850,1850,1000,1000,0,0,0,0
1785437812.626985,A1850_B1850,1,1850,1850,0.85,0.85,1504379892,1850,1850,1000,1000,0,0,0,0
1785437812.647979,A1850_B1850,1,1850,1850,0.85,0.85,1504400838,1850,1850,1000,1000,0,0,0,0
1785437812.6666586,A1850_B1850,1,1850,1850,0.85,0.85,1504418072,1850,1850,1000,1000,0,0,0,0
1785437812.6899154,A1850_B1850,1,1850,1850,0.85,0.85,1504440228,1850,1850,1000,1000,0,0,0,0
1785437812.7057488,A1850_B1850,1,1850,1850,0.85,0.85,1504457473,1850,1850,1000,1000,0,0,0,0
1785437812.7277272,A1850_B1850,1,1850,1850,0.85,0.85,1504480880,1850,1850,1000,1000,0,0,0,0
1785437812.7457268,A1850_B1850,1,1850,1850,0.85,0.85,1504498122,1850,1850,1000,1000,0,0,0,0
1785437812.7688863,A1850_B1850,1,1850,1850,0.85,0.85,1504520272,1850,1850,1000,1000,0,0,0,0
1785437812.7898982,A1850_B1850,1,1850,1850,0.85,0.85,1504539975,1850,1850,1000,1000,0,0,0,0
1785437812.8077388,A1850_B1850,1,1850,1850,0.85,0.85,1504560911,1850,1850,1000,1000,0,0,0,0
1785437812.825762,A1850_B1850,1,1850,1850,0.85,0.85,1504578145,1850,1850,1000,1000,0,0,0,0
1785437812.8468537,A1850_B1850,1,1850,1850,0.85,0.85,1504600311,1850,1850,1000,1000,0,0,0,0
1785437812.8667672,A1850_B1850,1,1850,1850,0.85,0.85,1504617551,1850,1850,1000,1000,0,0,0,0
1785437812.8899589,A1850_B1850,1,1850,1850,0.85,0.85,1504640966,1850,1850,1000,1000,0,0,0,0
1785437812.9057126,A1850_B1850,1,1850,1850,0.85,0.85,1504658190,1850,1850,1000,1000,0,0,0,0
1785437812.9257932,A1850_B1850,1,1850,1850,0.85,0.85,1504677898,1850,1850,1000,1000,0,0,0,0
1785437812.9477873,A1850_B1850,1,1850,1850,0.85,0.85,1504700056,1850,1850,1000,1000,0,0,0,0
1785437812.966439,A1850_B1850,1,1850,1850,0.85,0.85,1504718525,1850,1850,1000,1000,0,0,0,0
1785437812.9922955,A1850_B1850,1,1850,1850,0.85,0.85,1504743156,1850,1850,1000,1000,0,0,0,0
1785437813.0068505,A1850_B1850,1,1850,1850,0.85,0.85,1504760392,1850,1850,1000,1000,0,0,0,0
1785437813.0283065,A1850_B1850,1,1850,1850,0.85,0.85,1504780096,1850,1850,1000,1000,0,0,0,0
1785437813.0457194,A1850_B1850,1,1850,1850,0.85,0.85,1504798565,1850,1850,1000,1000,0,0,0,0
1785437813.0725453,A1850_B1850,1,1850,1850,0.85,0.85,1504820734,1850,1850,1000,1000,0,0,0,0
1785437813.0887983,A1850_B1850,1,1850,1850,0.85,0.85,1504839203,1850,1850,1000,1000,0,0,0,0
1785437813.107207,A1850_B1850,1,1850,1850,0.85,0.85,1504858904,1850,1850,1000,1000,0,0,0,0
1785437813.1283705,A1850_B1850,1,1850,1850,0.85,0.85,1504881072,1850,1850,1000,1000,0,0,0,0
1785437813.1468763,A1850_B1850,1,1850,1850,0.85,0.85,1504899541,1850,1850,1000,1000,0,0,0,0
1785437813.1690183,A1850_B1850,1,1850,1850,0.85,0.85,1504921705,1850,1850,1000,1000,0,0,0,0
1785437813.1888254,A1850_B1850,1,1850,1850,0.85,0.85,1504938947,1850,1850,1000,1000,0,0,0,0
1785437813.2078302,A1850_B1850,1,1850,1850,0.85,0.85,1504961110,1850,1850,1000,1000,0,0,0,0
1785437813.2257295,A1850_B1850,1,1850,1850,0.85,0.85,1504979584,1850,1850,1000,1000,0,0,0,0
1785437813.2467942,A1850_B1850,1,1850,1850,0.85,0.85,1504999286,1850,1850,1000,1000,0,0,0,0
1785437813.2695606,A1850_B1850,1,1850,1850,0.85,0.85,1505021450,1850,1850,1000,1000,0,0,0,0
1785437813.2898197,A1850_B1850,1,1850,1850,0.85,0.85,1505038689,1850,1850,1000,1000,0,0,0,0
1785437813.3080857,A1850_B1850,1,1850,1850,0.85,0.85,1505062086,1850,1850,1000,1000,0,0,0,0
1785437813.325745,A1850_B1850,1,1850,1850,0.85,0.85,1505079322,1850,1850,1000,1000,0,0,0,0
1785437813.3467417,A1850_B1850,1,1850,1850,0.85,0.85,1505099028,1850,1850,1000,1000,0,0,0,0
1785437813.3689806,A1850_B1850,1,1850,1850,0.85,0.85,1505121191,1850,1850,1000,1000,0,0,0,0
1785437813.3890824,A1850_B1850,1,1850,1850,0.85,0.85,1505138436,1850,1850,1000,1000,0,0,0,0
1785437813.4079576,A1850_B1850,1,1850,1850,0.85,0.85,1505161831,1850,1850,1000,1000,0,0,0,0
1785437813.4257696,A1850_B1850,1,1850,1850,0.85,0.85,1505179063,1850,1850,1000,1000,0,0,0,0
1785437813.447873,A1850_B1850,1,1850,1850,0.85,0.85,1505201230,1850,1850,1000,1000,0,0,0,0
1785437813.4681678,A1850_B1850,1,1850,1850,0.85,0.85,1505220942,1850,1850,1000,1000,0,0,0,0
1785437813.491115,A1850_B1850,1,1850,1850,0.85,0.85,1505241865,1850,1850,1000,1000,0,0,0,0
1785437813.5057476,A1850_B1850,1,1850,1850,0.85,0.85,1505259106,1850,1850,1000,1000,0,0,0,0
1785437813.5267704,A1850_B1850,1,1850,1850,0.85,0.85,1505278814,1850,1850,1000,1000,0,0,0,0
1785437813.5459068,A1850_B1850,1,1850,1850,0.85,0.85,1505298561,1850,1850,1000,1000,0,0,0,0
1785437813.5675075,A1850_B1850,1,1850,1850,0.85,0.85,1505319446,1850,1850,1000,1000,0,0,0,0
1785437813.590965,A1850_B1850,1,1850,1850,0.85,0.85,1505341633,1850,1850,1000,1000,0,0,0,0
1785437813.6058333,A1850_B1850,1,1850,1850,0.85,0.85,1505358847,1850,1850,1000,1000,0,0,0,0
1785437813.6268613,A1850_B1850,1,1850,1850,0.85,0.85,1505378561,1850,1850,1000,1000,0,0,0,0
1785437813.649211,A1850_B1850,1,1850,1850,0.85,0.85,1505401955,1850,1850,1000,1000,0,0,0,0
1785437813.6681561,A1850_B1850,1,1850,1850,0.85,0.85,1505419193,1850,1850,1000,1000,0,0,0,0
1785437813.6919427,A1850_B1850,1,1850,1850,0.85,0.85,1505441354,1850,1850,1000,1000,0,0,0,0
1785437813.7084901,A1850_B1850,1,1850,1850,0.85,0.85,1505461054,1850,1850,1000,1000,0,0,0,0
1785437813.7257617,A1850_B1850,1,1850,1850,0.85,0.85,1505479521,1850,1850,1000,1000,0,0,0,0
1785437813.7479239,A1850_B1850,1,1850,1850,0.85,0.85,1505501701,1850,1850,1000,1000,0,0,0,0
1785437813.7677417,A1850_B1850,1,1850,1850,0.85,0.85,1505521399,1850,1850,1000,1000,0,0,0,0
1785437813.7908432,A1850_B1850,1,1850,1850,0.85,0.85,1505541099,1850,1850,1000,1000,0,0,0,0
1785437813.8066642,A1850_B1850,1,1850,1850,0.85,0.85,1505559601,1850,1850,1000,1000,0,0,0,0
1785437813.8277578,A1850_B1850,1,1850,1850,0.85,0.85,1505581738,1850,1850,1000,1000,0,0,0,0
1785437813.845749,A1850_B1850,1,1850,1850,0.85,0.85,1505598972,1850,1850,1000,1000,0,0,0,0
1785437813.8689446,A1850_B1850,1,1850,1850,0.85,0.85,1505621134,1850,1850,1000,1000,0,0,0,0
1785437813.8888655,A1850_B1850,1,1850,1850,0.85,0.85,1505639606,1850,1850,1000,1000,0,0,0,0
1785437813.9078054,A1850_B1850,1,1850,1850,0.85,0.85,1505661777,1850,1850,1000,1000,0,0,0,0
1785437813.9267642,A1850_B1850,1,1850,1850,0.85,0.85,1505679013,1850,1850,1000,1000,0,0,0,0
1785437813.9477472,A1850_B1850,1,1850,1850,0.85,0.85,1505701176,1850,1850,1000,1000,0,0,0,0
1785437813.9664567,A1850_B1850,1,1850,1850,0.85,0.85,1505718418,1850,1850,1000,1000,0,0,0,0
1785437813.9898603,A1850_B1850,1,1850,1850,0.85,0.85,1505739351,1850,1850,1000,1000,0,0,0,0
1785437814.0057523,A1850_B1850,1,1850,1850,0.85,0.85,1505759052,1850,1850,1000,1000,0,0,0,0
1785437814.0267932,A1850_B1850,1,1850,1850,0.85,0.85,1505778757,1850,1850,1000,1000,0,0,0,0
1785437814.0478039,A1850_B1850,1,1850,1850,0.85,0.85,1505800920,1850,1850,1000,1000,0,0,0,0
1785437814.0686455,A1850_B1850,1,1850,1850,0.85,0.85,1505819389,1850,1850,1000,1000,0,0,0,0
1785437814.0908682,A1850_B1850,1,1850,1850,0.85,0.85,1505841871,1850,1850,1000,1000,0,0,0,0
1785437814.106021,A1850_B1850,1,1850,1850,0.85,0.85,1505860028,1850,1850,1000,1000,0,0,0,0
1785437814.1268027,A1850_B1850,1,1850,1850,0.85,0.85,1505879727,1850,1850,1000,1000,0,0,0,0
1785437814.147807,A1850_B1850,1,1850,1850,0.85,0.85,1505901891,1850,1850,1000,1000,0,0,0,0
1785437814.1665428,A1850_B1850,1,1850,1850,0.85,0.85,1505917908,1850,1850,1000,1000,0,0,0,0
1785437814.1898663,A1850_B1850,1,1850,1850,0.85,0.85,1505940069,1850,1850,1000,1000,0,0,0,0
1785437814.2058263,A1850_B1850,1,1850,1850,0.85,0.85,1505959770,1850,1850,1000,1000,0,0,0,0
1785437814.226787,A1850_B1850,1,1850,1850,0.85,0.85,1505979469,1850,1850,1000,1000,0,0,0,0
1785437814.24776,A1850_B1850,1,1850,1850,0.85,0.85,1506000400,1850,1850,1000,1000,0,0,0,0
1785437814.2667289,A1850_B1850,1,1850,1850,0.85,0.85,1506017644,1850,1850,1000,1000,0,0,0,0
1785437814.2908423,A1850_B1850,1,1850,1850,0.85,0.85,1506039854,1850,1850,1000,1000,0,0,0,0
1785437814.3058193,A1850_B1850,1,1850,1850,0.85,0.85,1506059522,1850,1850,1000,1000,0,0,0,0
1785437814.3267658,A1850_B1850,1,1850,1850,0.85,0.85,1506080442,1850,1850,1000,1000,0,0,0,0
1785437814.3482985,A1850_B1850,1,1850,1850,0.85,0.85,1506100152,1850,1850,1000,1000,0,0,0,0
1785437814.3665082,A1850_B1850,1,1850,1850,0.85,0.85,1506119852,1850,1850,1000,1000,0,0,0,0
1785437814.3910155,A1850_B1850,1,1850,1850,0.85,0.85,1506142022,1850,1850,1000,1000,0,0,0,0
1785437814.4058187,A1850_B1850,1,1850,1850,0.85,0.85,1506158026,1850,1850,1000,1000,0,0,0,0
1785437814.427632,A1850_B1850,1,1850,1850,0.85,0.85,1506180197,1850,1850,1000,1000,0,0,0,0
1785437814.4471028,A1850_B1850,1,1850,1850,0.85,0.85,1506199890,1850,1850,1000,1000,0,0,0,0
1785437814.4694338,A1850_B1850,1,1850,1850,0.85,0.85,1506222058,1850,1850,1000,1000,0,0,0,0
1785437814.4895325,A1850_B1850,1,1850,1850,0.85,0.85,1506240534,1850,1850,1000,1000,0,0,0,0
1785437814.5068324,A1850_B1850,1,1850,1850,0.85,0.85,1506260237,1850,1850,1000,1000,0,0,0,0
1785437814.527835,A1850_B1850,1,1850,1850,0.85,0.85,1506279932,1850,1850,1000,1000,0,0,0,0
1785437814.5458114,A1850_B1850,1,1850,1850,0.85,0.85,1506299637,1850,1850,1000,1000,0,0,0,0
1785437814.5690553,A1850_B1850,1,1850,1850,0.85,0.85,1506320567,1850,1850,1000,1000,0,0,0,0
1785437814.5899453,A1850_B1850,1,1850,1850,0.85,0.85,1506340270,1850,1850,1000,1000,0,0,0,0
1785437814.6078324,A1850_B1850,1,1850,1850,0.85,0.85,1506359988,1850,1850,1000,1000,0,0,0,0
1785437814.6257796,A1850_B1850,1,1850,1850,0.85,0.85,1506379674,1850,1850,1000,1000,0,0,0,0
1785437814.646771,A1850_B1850,1,1850,1850,0.85,0.85,1506400605,1850,1850,1000,1000,0,0,0,0
1785437814.6667154,A1850_B1850,1,1850,1850,0.85,0.85,1506417847,1850,1850,1000,1000,0,0,0,0
1785437814.6899095,A1850_B1850,1,1850,1850,0.85,0.85,1506440015,1850,1850,1000,1000,0,0,0,0
1785437814.7078261,A1850_B1850,1,1850,1850,0.85,0.85,1506459714,1850,1850,1000,1000,0,0,0,0
1785437814.7258809,A1850_B1850,1,1850,1850,0.85,0.85,1506479414,1850,1850,1000,1000,0,0,0,0
1785437814.747774,A1850_B1850,1,1850,1850,0.85,0.85,1506500354,1850,1850,1000,1000,0,0,0,0
1785437814.7667165,A1850_B1850,1,1850,1850,0.85,0.85,1506520054,1850,1850,1000,1000,0,0,0,0
1785437814.7899044,A1850_B1850,1,1850,1850,0.85,0.85,1506539751,1850,1850,1000,1000,0,0,0,0
1785437814.807776,A1850_B1850,1,1850,1850,0.85,0.85,1506559460,1850,1850,1000,1000,0,0,0,0
1785437814.8268378,A1850_B1850,1,1850,1850,0.85,0.85,1506580399,1850,1850,1000,1000,0,0,0,0
1785437814.8457918,A1850_B1850,1,1850,1850,0.85,0.85,1506597631,1850,1850,1000,1000,0,0,0,0
1785437814.867801,A1850_B1850,1,1850,1850,0.85,0.85,1506619792,1850,1850,1000,1000,0,0,0,0
1785437814.8888574,A1850_B1850,1,1850,1850,0.85,0.85,1506639495,1850,1850,1000,1000,0,0,0,0
1785437814.9067745,A1850_B1850,1,1850,1850,0.85,0.85,1506660436,1850,1850,1000,1000,0,0,0,0
1785437814.9277742,A1850_B1850,1,1850,1850,0.85,0.85,1506680137,1850,1850,1000,1000,0,0,0,0
1785437814.945806,A1850_B1850,1,1850,1850,0.85,0.85,1506699833,1850,1850,1000,1000,0,0,0,0
1785437814.9703844,A1850_B1850,1,1850,1850,0.85,0.85,1506722007,1850,1850,1000,1000,0,0,0,0
1785437814.989861,A1850_B1850,1,1850,1850,0.85,0.85,1506740474,1850,1850,1000,1000,0,0,0,0
1785437815.0089078,A1850_B1850,1,1850,1850,0.85,0.85,1506762639,1850,1850,1000,1000,0,0,0,0
1785437815.0274994,A1850_B1850,1,1850,1850,0.85,0.85,1506782340,1850,1850,1000,1000,0,0,0,0
1785437815.0479953,A1850_B1850,1,1850,1850,0.85,0.85,1506802051,1850,1850,1000,1000,0,0,0,0
1785437815.0691166,A1850_B1850,1,1850,1850,0.85,0.85,1506818049,1850,1850,1000,1000,0,0,0,0
1785437815.0908601,A1850_B1850,1,1850,1850,0.85,0.85,1506840215,1850,1850,1000,1000,0,0,0,0
1785437815.1072965,A1850_B1850,1,1850,1850,0.85,0.85,1506861152,1850,1850,1000,1000,0,0,0,0
1785437815.1278794,A1850_B1850,1,1850,1850,0.85,0.85,1506880857,1850,1850,1000,1000,0,0,0,0
1785437815.1463766,A1850_B1850,1,1850,1850,0.85,0.85,1506898090,1850,1850,1000,1000,0,0,0,0
1785437815.1675417,A1850_B1850,1,1850,1850,0.85,0.85,1506919021,1850,1850,1000,1000,0,0,0,0
1785437815.189972,A1850_B1850,1,1850,1850,0.85,0.85,1506941186,1850,1850,1000,1000,0,0,0,0
1785437815.2058067,A1850_B1850,1,1850,1850,0.85,0.85,1506958430,1850,1850,1000,1000,0,0,0,0
1785437815.2267883,A1850_B1850,1,1850,1850,0.85,0.85,1506980594,1850,1850,1000,1000,0,0,0,0
1785437815.2478151,A1850_B1850,1,1850,1850,0.85,0.85,1507001532,1850,1850,1000,1000,0,0,0,0
1785437815.267713,A1850_B1850,1,1850,1850,0.85,0.85,1507018767,1850,1850,1000,1000,0,0,0,0
1785437815.2908697,A1850_B1850,1,1850,1850,0.85,0.85,1507040927,1850,1850,1000,1000,0,0,0,0
1785437815.3057873,A1850_B1850,1,1850,1850,0.85,0.85,1507058202,1850,1850,1000,1000,0,0,0,0
1785437815.3267896,A1850_B1850,1,1850,1850,0.85,0.85,1507077875,1850,1850,1000,1000,0,0,0,0
1785437815.345941,A1850_B1850,1,1850,1850,0.85,0.85,1507098810,1850,1850,1000,1000,0,0,0,0
1785437815.3678343,A1850_B1850,1,1850,1850,0.85,0.85,1507120977,1850,1850,1000,1000,0,0,0,0
1785437815.390961,A1850_B1850,1,1850,1850,0.85,0.85,1507140669,1850,1850,1000,1000,0,0,0,0
1785437815.4057941,A1850_B1850,1,1850,1850,0.85,0.85,1507157912,1850,1850,1000,1000,0,0,0,0
1785437815.426799,A1850_B1850,1,1850,1850,0.85,0.85,1507178846,1850,1850,1000,1000,0,0,0,0
1785437815.4478204,A1850_B1850,1,1850,1850,0.85,0.85,1507201011,1850,1850,1000,1000,0,0,0,0
1785437815.4677875,A1850_B1850,1,1850,1850,0.85,0.85,1507220720,1850,1850,1000,1000,0,0,0,0
1785437815.4909718,A1850_B1850,1,1850,1850,0.85,0.85,1507240420,1850,1850,1000,1000,0,0,0,0
1785437815.5059958,A1850_B1850,1,1850,1850,0.85,0.85,1507258889,1850,1850,1000,1000,0,0,0,0
1785437815.5269115,A1850_B1850,1,1850,1850,0.85,0.85,1507278594,1850,1850,1000,1000,0,0,0,0
1785437815.5459473,A1850_B1850,1,1850,1850,0.85,0.85,1507298293,1850,1850,1000,1000,0,0,0,0
1785437815.567532,A1850_B1850,1,1850,1850,0.85,0.85,1507320456,1850,1850,1000,1000,0,0,0,0
1785437815.5889025,A1850_B1850,1,1850,1850,0.85,0.85,1507338927,1850,1850,1000,1000,0,0,0,0
1785437815.6078644,A1850_B1850,1,1850,1850,0.85,0.85,1507361128,1850,1850,1000,1000,0,0,0,0
1785437815.625939,A1850_B1850,1,1850,1850,0.85,0.85,1507378337,1850,1850,1000,1000,0,0,0,0
1785437815.6468945,A1850_B1850,1,1850,1850,0.85,0.85,1507400496,1850,1850,1000,1000,0,0,0,0
1785437815.6699877,A1850_B1850,1,1850,1850,0.85,0.85,1507421431,1850,1850,1000,1000,0,0,0,0
1785437815.6913352,A1850_B1850,1,1850,1850,0.85,0.85,1507441137,1850,1850,1000,1000,0,0,0,0
1785437815.705816,A1850_B1850,1,1850,1850,0.85,0.85,1507458371,1850,1850,1000,1000,0,0,0,0
1785437815.727769,A1850_B1850,1,1850,1850,0.85,0.85,1507480535,1850,1850,1000,1000,0,0,0,0
1785437815.7458024,A1850_B1850,1,1850,1850,0.85,0.85,1507499016,1850,1850,1000,1000,0,0,0,0
1785437815.7678623,A1850_B1850,1,1850,1850,0.85,0.85,1507521175,1850,1850,1000,1000,0,0,0,0
1785437815.7909014,A1850_B1850,1,1850,1850,0.85,0.85,1507540877,1850,1850,1000,1000,0,0,0,0
1785437815.8063002,A1850_B1850,1,1850,1850,0.85,0.85,1507558114,1850,1850,1000,1000,0,0,0,0
1785437815.8268068,A1850_B1850,1,1850,1850,0.85,0.85,1507579049,1850,1850,1000,1000,0,0,0,0
1785437815.8478243,A1850_B1850,1,1850,1850,0.85,0.85,1507601212,1850,1850,1000,1000,0,0,0,0
1785437815.8667388,A1850_B1850,1,1850,1850,0.85,0.85,1507618452,1850,1850,1000,1000,0,0,0,0
1785437815.890249,A1850_B1850,1,1850,1850,0.85,0.85,1507640633,1850,1850,1000,1000,0,0,0,0
1785437815.9057848,A1850_B1850,1,1850,1850,0.85,0.85,1507659093,1850,1850,1000,1000,0,0,0,0
1785437815.9268088,A1850_B1850,1,1850,1850,0.85,0.85,1507681273,1850,1850,1000,1000,0,0,0,0
1785437815.947855,A1850_B1850,1,1850,1850,0.85,0.85,1507700963,1850,1850,1000,1000,0,0,0,0
1785437815.9669633,A1850_B1850,1,1850,1850,0.85,0.85,1507718197,1850,1850,1000,1000,0,0,0,0
1785437815.9899244,A1850_B1850,1,1850,1850,0.85,0.85,1507737902,1850,1850,1000,1000,0,0,0,0
1785437816.005899,A1850_B1850,1,1850,1850,0.85,0.85,1507758836,1850,1850,1000,1000,0,0,0,0
1785437816.0267236,A1850_B1850,1,1850,1850,0.85,0.85,1507778571,1850,1850,1000,1000,0,0,0,0
1785437816.0478418,A1850_B1850,1,1850,1850,0.85,0.85,1507800706,1850,1850,1000,1000,0,0,0,0
1785437816.0686862,A1850_B1850,1,1850,1850,0.85,0.85,1507817938,1850,1850,1000,1000,0,0,0,0
1785437816.0898988,A1850_B1850,1,1850,1850,0.85,0.85,1507838876,1850,1850,1000,1000,0,0,0,0
1785437816.1078134,A1850_B1850,1,1850,1850,0.85,0.85,1507859807,1850,1850,1000,1000,0,0,0,0
1785437816.1268146,A1850_B1850,1,1850,1850,0.85,0.85,1507879507,1850,1850,1000,1000,0,0,0,0
1785437816.147814,A1850_B1850,1,1850,1850,0.85,0.85,1507901675,1850,1850,1000,1000,0,0,0,0
1785437816.1666346,A1850_B1850,1,1850,1850,0.85,0.85,1507916449,1850,1850,1000,1000,0,0,0,0
1785437816.1900063,A1850_B1850,1,1850,1850,0.85,0.85,1507939851,1850,1850,1000,1000,0,0,0,0
1785437816.2058356,A1850_B1850,1,1850,1850,0.85,0.85,1507959551,1850,1850,1000,1000,0,0,0,0
1785437816.227002,A1850_B1850,1,1850,1850,0.85,0.85,1507979256,1850,1850,1000,1000,0,0,0,0
1785437816.2478316,A1850_B1850,1,1850,1850,0.85,0.85,1507998956,1850,1850,1000,1000,0,0,0,0
1785437816.2667537,A1850_B1850,1,1850,1850,0.85,0.85,1508019883,1850,1850,1000,1000,0,0,0,0
1785437816.289905,A1850_B1850,1,1850,1850,0.85,0.85,1508039588,1850,1850,1000,1000,0,0,0,0
1785437816.3088713,A1850_B1850,1,1850,1850,0.85,0.85,1508061752,1850,1850,1000,1000,0,0,0,0
1785437816.3270092,A1850_B1850,1,1850,1850,0.85,0.85,1508078998,1850,1850,1000,1000,0,0,0,0
1785437816.3484664,A1850_B1850,1,1850,1850,0.85,0.85,1508102400,1850,1850,1000,1000,0,0,0,0
1785437816.366548,A1850_B1850,1,1850,1850,0.85,0.85,1508119630,1850,1850,1000,1000,0,0,0,0
1785437816.3907564,A1850_B1850,1,1850,1850,0.85,0.85,1508139334,1850,1850,1000,1000,0,0,0,0
1785437816.4058266,A1850_B1850,1,1850,1850,0.85,0.85,1508159034,1850,1850,1000,1000,0,0,0,0
1785437816.4274013,A1850_B1850,1,1850,1850,0.85,0.85,1508179974,1850,1850,1000,1000,0,0,0,0
1785437816.4478421,A1850_B1850,1,1850,1850,0.85,0.85,1508202137,1850,1850,1000,1000,0,0,0,0
1785437816.4675384,A1850_B1850,1,1850,1850,0.85,0.85,1508219376,1850,1850,1000,1000,0,0,0,0
1785437816.4899251,A1850_B1850,1,1850,1850,0.85,0.85,1508239081,1850,1850,1000,1000,0,0,0,0
1785437816.5078688,A1850_B1850,1,1850,1850,0.85,0.85,1508260013,1850,1850,1000,1000,0,0,0,0
1785437816.525898,A1850_B1850,1,1850,1850,0.85,0.85,1508279713,1850,1850,1000,1000,0,0,0,0
1785437816.547245,A1850_B1850,1,1850,1850,0.85,0.85,1508299417,1850,1850,1000,1000,0,0,0,0
1785437816.5694826,A1850_B1850,1,1850,1850,0.85,0.85,1508321575,1850,1850,1000,1000,0,0,0,0
1785437816.5899339,A1850_B1850,1,1850,1850,0.85,0.85,1508340045,1850,1850,1000,1000,0,0,0,0
1785437816.6078706,A1850_B1850,1,1850,1850,0.85,0.85,1508359749,1850,1850,1000,1000,0,0,0,0
1785437816.626858,A1850_B1850,1,1850,1850,0.85,0.85,1508379456,1850,1850,1000,1000,0,0,0,0
1785437816.6458693,A1850_B1850,1,1850,1850,0.85,0.85,1508399166,1850,1850,1000,1000,0,0,0,0
1785437816.6694434,A1850_B1850,1,1850,1850,0.85,0.85,1508420095,1850,1850,1000,1000,0,0,0,0
1785437816.690945,A1850_B1850,1,1850,1850,0.85,0.85,1508439791,1850,1850,1000,1000,0,0,0,0
1785437816.705855,A1850_B1850,1,1850,1850,0.85,0.85,1508459497,1850,1850,1000,1000,0,0,0,0
1785437816.7278504,A1850_B1850,1,1850,1850,0.85,0.85,1508481662,1850,1850,1000,1000,0,0,0,0
1785437816.7458706,A1850_B1850,1,1850,1850,0.85,0.85,1508500148,1850,1850,1000,1000,0,0,0,0
1785437816.7676258,A1850_B1850,1,1850,1850,0.85,0.85,1508519876,1850,1850,1000,1000,0,0,0,0
1785437816.7909935,A1850_B1850,1,1850,1850,0.85,0.85,1508542001,1850,1850,1000,1000,0,0,0,0
1785437816.8058505,A1850_B1850,1,1850,1850,0.85,0.85,1508559237,1850,1850,1000,1000,0,0,0,0
1785437816.827017,A1850_B1850,1,1850,1850,0.85,0.85,1508578939,1850,1850,1000,1000,0,0,0,0
1785437816.8458407,A1850_B1850,1,1850,1850,0.85,0.85,1508597409,1850,1850,1000,1000,0,0,0,0
1785437816.8677924,A1850_B1850,1,1850,1850,0.85,0.85,1508619578,1850,1850,1000,1000,0,0,0,0
1785437816.888926,A1850_B1850,1,1850,1850,0.85,0.85,1508639280,1850,1850,1000,1000,0,0,0,0
1785437816.907892,A1850_B1850,1,1850,1850,0.85,0.85,1508661437,1850,1850,1000,1000,0,0,0,0
1785437816.9258788,A1850_B1850,1,1850,1850,0.85,0.85,1508677455,1850,1850,1000,1000,0,0,0,0
1785437816.949198,A1850_B1850,1,1850,1850,0.85,0.85,1508702117,1850,1850,1000,1000,0,0,0,0
1785437816.967563,A1850_B1850,1,1850,1850,0.85,0.85,1508719317,1850,1850,1000,1000,0,0,0,0
1785437816.991968,A1850_B1850,1,1850,1850,0.85,0.85,1508741483,1850,1850,1000,1000,0,0,0,0
1785437817.0068526,A1850_B1850,1,1850,1850,0.85,0.85,1508759956,1850,1850,1000,1000,0,0,0,0
1785437817.0280216,A1850_B1850,1,1850,1850,0.85,0.85,1508779697,1850,1850,1000,1000,0,0,0,0
1785437817.0458865,A1850_B1850,1,1850,1850,0.85,0.85,1508799358,1850,1850,1000,1000,0,0,0,0
1785437817.070395,A1850_B1850,1,1850,1850,0.85,0.85,1508821532,1850,1850,1000,1000,0,0,0,0
1785437817.090289,A1850_B1850,1,1850,1850,0.85,0.85,1508839998,1850,1850,1000,1000,0,0,0,0
1785437817.1078463,A1850_B1850,1,1850,1850,0.85,0.85,1508857231,1850,1850,1000,1000,0,0,0,0
1785437817.1263742,A1850_B1850,1,1850,1850,0.85,0.85,1508878167,1850,1850,1000,1000,0,0,0,0
1785437817.1468487,A1850_B1850,1,1850,1850,0.85,0.85,1508900335,1850,1850,1000,1000,0,0,0,0
1785437817.1691816,A1850_B1850,1,1850,1850,0.85,0.85,1508920082,1850,1850,1000,1000,0,0,0,0
1785437817.1889806,A1850_B1850,1,1850,1850,0.85,0.85,1508938508,1850,1850,1000,1000,0,0,0,0
1785437817.2068636,A1850_B1850,1,1850,1850,0.85,0.85,1508960672,1850,1850,1000,1000,0,0,0,0
1785437817.2278786,A1850_B1850,1,1850,1850,0.85,0.85,1508980374,1850,1850,1000,1000,0,0,0,0
1785437817.246851,A1850_B1850,1,1850,1850,0.85,0.85,1509000073,1850,1850,1000,1000,0,0,0,0
1785437817.2692301,A1850_B1850,1,1850,1850,0.85,0.85,1509021008,1850,1850,1000,1000,0,0,0,0
1785437817.2889779,A1850_B1850,1,1850,1850,0.85,0.85,1509038249,1850,1850,1000,1000,0,0,0,0
1785437817.306868,A1850_B1850,1,1850,1850,0.85,0.85,1509060466,1850,1850,1000,1000,0,0,0,0
1785437817.325868,A1850_B1850,1,1850,1850,0.85,0.85,1509077660,1850,1850,1000,1000,0,0,0,0
1785437817.347109,A1850_B1850,1,1850,1850,0.85,0.85,1509101056,1850,1850,1000,1000,0,0,0,0
1785437817.3691921,A1850_B1850,1,1850,1850,0.85,0.85,1509120753,1850,1850,1000,1000,0,0,0,0
1785437817.388973,A1850_B1850,1,1850,1850,0.85,0.85,1509137995,1850,1850,1000,1000,0,0,0,0
1785437817.4068644,A1850_B1850,1,1850,1850,0.85,0.85,1509160155,1850,1850,1000,1000,0,0,0,0
1785437817.4278874,A1850_B1850,1,1850,1850,0.85,0.85,1509181090,1850,1850,1000,1000,0,0,0,0
1785437817.4468586,A1850_B1850,1,1850,1850,0.85,0.85,1509200799,1850,1850,1000,1000,0,0,0,0
1785437817.4668965,A1850_B1850,1,1850,1850,0.85,0.85,1509218037,1850,1850,1000,1000,0,0,0,0
1785437817.4905238,A1850_B1850,1,1850,1850,0.85,0.85,1509240195,1850,1850,1000,1000,0,0,0,0
1785437817.5058625,A1850_B1850,1,1850,1850,0.85,0.85,1509257437,1850,1850,1000,1000,0,0,0,0
1785437817.5269356,A1850_B1850,1,1850,1850,0.85,0.85,1509280842,1850,1850,1000,1000,0,0,0,0
1785437817.5459788,A1850_B1850,1,1850,1850,0.85,0.85,1509298071,1850,1850,1000,1000,0,0,0,0
1785437817.5691078,A1850_B1850,1,1850,1850,0.85,0.85,1509320235,1850,1850,1000,1000,0,0,0,0
1785437817.5890517,A1850_B1850,1,1850,1850,0.85,0.85,1509339940,1850,1850,1000,1000,0,0,0,0
1785437817.606941,A1850_B1850,1,1850,1850,0.85,0.85,1509358413,1850,1850,1000,1000,0,0,0,0
1785437817.6290448,A1850_B1850,1,1850,1850,0.85,0.85,1509380574,1850,1850,1000,1000,0,0,0,0
1785437817.646886,A1850_B1850,1,1850,1850,0.85,0.85,1509400277,1850,1850,1000,1000,0,0,0,0
1785437817.669884,A1850_B1850,1,1850,1850,0.85,0.85,1509422450,1850,1850,1000,1000,0,0,0,0
1785437817.6894705,A1850_B1850,1,1850,1850,0.85,0.85,1509438448,1850,1850,1000,1000,0,0,0,0
1785437817.708219,A1850_B1850,1,1850,1850,0.85,0.85,1509460615,1850,1850,1000,1000,0,0,0,0
1785437817.7260063,A1850_B1850,1,1850,1850,0.85,0.85,1509477859,1850,1850,1000,1000,0,0,0,0
1785437817.7472491,A1850_B1850,1,1850,1850,0.85,0.85,1509500024,1850,1850,1000,1000,0,0,0,0
1785437817.76904,A1850_B1850,1,1850,1850,0.85,0.85,1509520990,1850,1850,1000,1000,0,0,0,0
1785437817.7898278,A1850_B1850,1,1850,1850,0.85,0.85,1509540660,1850,1850,1000,1000,0,0,0,0
1785437817.808873,A1850_B1850,1,1850,1850,0.85,0.85,1509562822,1850,1850,1000,1000,0,0,0,0
1785437817.8268929,A1850_B1850,1,1850,1850,0.85,0.85,1509580106,1850,1850,1000,1000,0,0,0,0
1785437817.847869,A1850_B1850,1,1850,1850,0.85,0.85,1509600998,1850,1850,1000,1000,0,0,0,0
1785437817.8668993,A1850_B1850,1,1850,1850,0.85,0.85,1509618233,1850,1850,1000,1000,0,0,0,0
1785437817.8909585,A1850_B1850,1,1850,1850,0.85,0.85,1509640406,1850,1850,1000,1000,0,0,0,0
1785437817.906927,A1850_B1850,1,1850,1850,0.85,0.85,1509660104,1850,1850,1000,1000,0,0,0,0
1785437817.9283144,A1850_B1850,1,1850,1850,0.85,0.85,1509681037,1850,1850,1000,1000,0,0,0,0
1785437817.946889,A1850_B1850,1,1850,1850,0.85,0.85,1509700737,1850,1850,1000,1000,0,0,0,0
1785437817.9666798,A1850_B1850,1,1850,1850,0.85,0.85,1509717988,1850,1850,1000,1000,0,0,0,0
1785437817.989998,A1850_B1850,1,1850,1850,0.85,0.85,1509740142,1850,1850,1000,1000,0,0,0,0
1785437818.0060074,A1850_B1850,1,1850,1850,0.85,0.85,1509758611,1850,1850,1000,1000,0,0,0,0
1785437818.028115,A1850_B1850,1,1850,1850,0.85,0.85,1509780781,1850,1850,1000,1000,0,0,0,0
1785437818.04599,A1850_B1850,1,1850,1850,0.85,0.85,1509798025,1850,1850,1000,1000,0,0,0,0
1785437818.07099,A1850_B1850,1,1850,1850,0.85,0.85,1509820188,1850,1850,1000,1000,0,0,0,0
1785437818.0899732,A1850_B1850,1,1850,1850,0.85,0.85,1509838655,1850,1850,1000,1000,0,0,0,0
1785437818.107949,A1850_B1850,1,1850,1850,0.85,0.85,1509860817,1850,1850,1000,1000,0,0,0,0
1785437818.1270626,A1850_B1850,1,1850,1850,0.85,0.85,1509879288,1850,1850,1000,1000,0,0,0,0
1785437818.14797,A1850_B1850,1,1850,1850,0.85,0.85,1509901456,1850,1850,1000,1000,0,0,0,0
1785437818.1668518,A1850_B1850,1,1850,1850,0.85,0.85,1509918691,1850,1850,1000,1000,0,0,0,0
1785437818.1900346,A1850_B1850,1,1850,1850,0.85,0.85,1509939626,1850,1850,1000,1000,0,0,0,0
1785437818.2078924,A1850_B1850,1,1850,1850,0.85,0.85,1509961791,1850,1850,1000,1000,0,0,0,0
1785437818.2263741,A1850_B1850,1,1850,1850,0.85,0.85,1509979030,1850,1850,1000,1000,0,0,0,0
1785437818.2479222,A1850_B1850,1,1850,1850,0.85,0.85,1510001195,1850,1850,1000,1000,0,0,0,0
1785437818.266913,A1850_B1850,1,1850,1850,0.85,0.85,1510019670,1850,1850,1000,1000,0,0,0,0
1785437818.2899888,A1850_B1850,1,1850,1850,0.85,0.85,1510039370,1850,1850,1000,1000,0,0,0,0
1785437818.3089042,A1850_B1850,1,1850,1850,0.85,0.85,1510061539,1850,1850,1000,1000,0,0,0,0
1785437818.326882,A1850_B1850,1,1850,1850,0.85,0.85,1510078797,1850,1850,1000,1000,0,0,0,0
1785437818.3481743,A1850_B1850,1,1850,1850,0.85,0.85,1510098478,1850,1850,1000,1000,0,0,0,0
1785437818.3667216,A1850_B1850,1,1850,1850,0.85,0.85,1510119406,1850,1850,1000,1000,0,0,0,0
1785437818.3904305,A1850_B1850,1,1850,1850,0.85,0.85,1510139112,1850,1850,1000,1000,0,0,0,0
1785437818.4078858,A1850_B1850,1,1850,1850,0.85,0.85,1510161280,1850,1850,1000,1000,0,0,0,0
1785437818.427039,A1850_B1850,1,1850,1850,0.85,0.85,1510180988,1850,1850,1000,1000,0,0,0,0
1785437818.447906,A1850_B1850,1,1850,1850,0.85,0.85,1510199489,1850,1850,1000,1000,0,0,0,0
1785437818.4673645,A1850_B1850,1,1850,1850,0.85,0.85,1510219155,1850,1850,1000,1000,0,0,0,0
1785437818.4900925,A1850_B1850,1,1850,1850,0.85,0.85,1510238881,1850,1850,1000,1000,0,0,0,0
1785437818.5078914,A1850_B1850,1,1850,1850,0.85,0.85,1510261018,1850,1850,1000,1000,0,0,0,0
1785437818.525894,A1850_B1850,1,1850,1850,0.85,0.85,1510279513,1850,1850,1000,1000,0,0,0,0
1785437818.5469902,A1850_B1850,1,1850,1850,0.85,0.85,1510299194,1850,1850,1000,1000,0,0,0,0
1785437818.5691004,A1850_B1850,1,1850,1850,0.85,0.85,1510321401,1850,1850,1000,1000,0,0,0,0
1785437818.590195,A1850_B1850,1,1850,1850,0.85,0.85,1510341085,1850,1850,1000,1000,0,0,0,0
1785437818.608302,A1850_B1850,1,1850,1850,0.85,0.85,1510361996,1850,1850,1000,1000,0,0,0,0
1785437818.625986,A1850_B1850,1,1850,1850,0.85,0.85,1510379233,1850,1850,1000,1000,0,0,0,0
1785437818.6470325,A1850_B1850,1,1850,1850,0.85,0.85,1510398937,1850,1850,1000,1000,0,0,0,0
1785437818.6693614,A1850_B1850,1,1850,1850,0.85,0.85,1510421102,1850,1850,1000,1000,0,0,0,0
1785437818.6890118,A1850_B1850,1,1850,1850,0.85,0.85,1510439575,1850,1850,1000,1000,0,0,0,0
1785437818.7080226,A1850_B1850,1,1850,1850,0.85,0.85,1510461740,1850,1850,1000,1000,0,0,0,0
1785437818.7259965,A1850_B1850,1,1850,1850,0.85,0.85,1510478978,1850,1850,1000,1000,0,0,0,0
1785437818.7479382,A1850_B1850,1,1850,1850,0.85,0.85,1510501145,1850,1850,1000,1000,0,0,0,0
1785437818.767806,A1850_B1850,1,1850,1850,0.85,0.85,1510519608,1850,1850,1000,1000,0,0,0,0
1785437818.7910614,A1850_B1850,1,1850,1850,0.85,0.85,1510541781,1850,1850,1000,1000,0,0,0,0
1785437818.8059058,A1850_B1850,1,1850,1850,0.85,0.85,1510559018,1850,1850,1000,1000,0,0,0,0
1785437818.8270972,A1850_B1850,1,1850,1850,0.85,0.85,1510578724,1850,1850,1000,1000,0,0,0,0
1785437818.845904,A1850_B1850,1,1850,1850,0.85,0.85,1510599654,1850,1850,1000,1000,0,0,0,0
1785437818.867929,A1850_B1850,1,1850,1850,0.85,0.85,1510619353,1850,1850,1000,1000,0,0,0,0
1785437818.8912272,A1850_B1850,1,1850,1850,0.85,0.85,1510641524,1850,1850,1000,1000,0,0,0,0
1785437818.905976,A1850_B1850,1,1850,1850,0.85,0.85,1510658762,1850,1850,1000,1000,0,0,0,0
1785437818.927001,A1850_B1850,1,1850,1850,0.85,0.85,1510679690,1850,1850,1000,1000,0,0,0,0
1785437818.9494722,A1850_B1850,1,1850,1850,0.85,0.85,1510701864,1850,1850,1000,1000,0,0,0,0
1785437818.9677594,A1850_B1850,1,1850,1850,0.85,0.85,1510719098,1850,1850,1000,1000,0,0,0,0
1785437818.9916763,A1850_B1850,1,1850,1850,0.85,0.85,1510741266,1850,1850,1000,1000,0,0,0,0
1785437819.0059588,A1850_B1850,1,1850,1850,0.85,0.85,1510758501,1850,1850,1000,1000,0,0,0,0
1785437819.027909,A1850_B1850,1,1850,1850,0.85,0.85,1510779436,1850,1850,1000,1000,0,0,0,0
1785437819.045909,A1850_B1850,1,1850,1850,0.85,0.85,1510799135,1850,1850,1000,1000,0,0,0,0
1785437819.0703819,A1850_B1850,1,1850,1850,0.85,0.85,1510821305,1850,1850,1000,1000,0,0,0,0
1785437819.0905478,A1850_B1850,1,1850,1850,0.85,0.85,1510841012,1850,1850,1000,1000,0,0,0,0
1785437819.1081014,A1850_B1850,1,1850,1850,0.85,0.85,1510861947,1850,1850,1000,1000,0,0,0,0
1785437819.1270006,A1850_B1850,1,1850,1850,0.85,0.85,1510876713,1850,1850,1000,1000,0,0,0,0
1785437819.1480043,A1850_B1850,1,1850,1850,0.85,0.85,1510900116,1850,1850,1000,1000,0,0,0,0
1785437819.1666873,A1850_B1850,1,1850,1850,0.85,0.85,1510919817,1850,1850,1000,1000,0,0,0,0
1785437819.191237,A1850_B1850,1,1850,1850,0.85,0.85,1510941980,1850,1850,1000,1000,0,0,0,0
1785437819.2059941,A1850_B1850,1,1850,1850,0.85,0.85,1510957997,1850,1850,1000,1000,0,0,0,0
1785437819.2269194,A1850_B1850,1,1850,1850,0.85,0.85,1510980159,1850,1850,1000,1000,0,0,0,0
1785437819.2480261,A1850_B1850,1,1850,1850,0.85,0.85,1510999861,1850,1850,1000,1000,0,0,0,0
1785437819.2668512,A1850_B1850,1,1850,1850,0.85,0.85,1511019558,1850,1850,1000,1000,0,0,0,0
1785437819.2899997,A1850_B1850,1,1850,1850,0.85,0.85,1511040486,1850,1850,1000,1000,0,0,0,0
1785437819.305918,A1850_B1850,1,1850,1850,0.85,0.85,1511057753,1850,1850,1000,1000,0,0,0,0
1785437819.3269367,A1850_B1850,1,1850,1850,0.85,0.85,1511079895,1850,1850,1000,1000,0,0,0,0
1785437819.348105,A1850_B1850,1,1850,1850,0.85,0.85,1511099607,1850,1850,1000,1000,0,0,0,0
1785437819.3666341,A1850_B1850,1,1850,1850,0.85,0.85,1511118067,1850,1850,1000,1000,0,0,0,0
1785437819.3900068,A1850_B1850,1,1850,1850,0.85,0.85,1511140239,1850,1850,1000,1000,0,0,0,0
1785437819.4080586,A1850_B1850,1,1850,1850,0.85,0.85,1511159935,1850,1850,1000,1000,0,0,0,0
1785437819.4269211,A1850_B1850,1,1850,1850,0.85,0.85,1511179633,1850,1850,1000,1000,0,0,0,0
1785437819.4480174,A1850_B1850,1,1850,1850,0.85,0.85,1511200574,1850,1850,1000,1000,0,0,0,0
1785437819.466903,A1850_B1850,1,1850,1850,0.85,0.85,1511217812,1850,1850,1000,1000,0,0,0,0
1785437819.4903135,A1850_B1850,1,1850,1850,0.85,0.85,1511239981,1850,1850,1000,1000,0,0,0,0
1785437819.506408,A1850_B1850,1,1850,1850,0.85,0.85,1511259684,1850,1850,1000,1000,0,0,0,0
1785437819.5269647,A1850_B1850,1,1850,1850,0.85,0.85,1511280609,1850,1850,1000,1000,0,0,0,0
1785437819.548019,A1850_B1850,1,1850,1850,0.85,0.85,1511300318,1850,1850,1000,1000,0,0,0,0
1785437819.5667136,A1850_B1850,1,1850,1850,0.85,0.85,1511320017,1850,1850,1000,1000,0,0,0,0
1785437819.5924847,A1850_B1850,1,1850,1850,0.85,0.85,1511342186,1850,1850,1000,1000,0,0,0,0
1785437819.6069267,A1850_B1850,1,1850,1850,0.85,0.85,1511360652,1850,1850,1000,1000,0,0,0,0
1785437819.6287684,A1850_B1850,1,1850,1850,0.85,0.85,1511380357,1850,1850,1000,1000,0,0,0,0
1785437819.647087,A1850_B1850,1,1850,1850,0.85,0.85,1511400054,1850,1850,1000,1000,0,0,0,0
1785437819.6677687,A1850_B1850,1,1850,1850,0.85,0.85,1511419758,1850,1850,1000,1000,0,0,0,0
1785437819.691473,A1850_B1850,1,1850,1850,0.85,0.85,1511440697,1850,1850,1000,1000,0,0,0,0
1785437819.7064345,A1850_B1850,1,1850,1850,0.85,0.85,1511457931,1850,1850,1000,1000,0,0,0,0
1785437819.7276485,A1850_B1850,1,1850,1850,0.85,0.85,1511480102,1850,1850,1000,1000,0,0,0,0
1785437819.7480042,A1850_B1850,1,1850,1850,0.85,0.85,1511499802,1850,1850,1000,1000,0,0,0,0
1785437819.7675369,A1850_B1850,1,1850,1850,0.85,0.85,1511519498,1850,1850,1000,1000,0,0,0,0
1785437819.7913704,A1850_B1850,1,1850,1850,0.85,0.85,1511540442,1850,1850,1000,1000,0,0,0,0
1785437819.806571,A1850_B1850,1,1850,1850,0.85,0.85,1511560142,1850,1850,1000,1000,0,0,0,0
1785437819.8271885,A1850_B1850,1,1850,1850,0.85,0.85,1511579839,1850,1850,1000,1000,0,0,0,0
1785437819.8480473,A1850_B1850,1,1850,1850,0.85,0.85,1511599541,1850,1850,1000,1000,0,0,0,0
1785437819.867887,A1850_B1850,1,1850,1850,0.85,0.85,1511620511,1850,1850,1000,1000,0,0,0,0
1785437819.891038,A1850_B1850,1,1850,1850,0.85,0.85,1511640183,1850,1850,1000,1000,0,0,0,0
1785437819.9059389,A1850_B1850,1,1850,1850,0.85,0.85,1511659877,1850,1850,1000,1000,0,0,0,0
1785437819.9269593,A1850_B1850,1,1850,1850,0.85,0.85,1511679582,1850,1850,1000,1000,0,0,0,0
1785437819.9459777,A1850_B1850,1,1850,1850,0.85,0.85,1511698054,1850,1850,1000,1000,0,0,0,0
1785437819.9676895,A1850_B1850,1,1850,1850,0.85,0.85,1511720222,1850,1850,1000,1000,0,0,0,0
1785437819.9910252,A1850_B1850,1,1850,1850,0.85,0.85,1511739919,1850,1850,1000,1000,0,0,0,0
1785437820.0059404,A1850_B1850,1,1850,1850,0.85,0.85,1511759642,1850,1850,1000,1000,0,0,0,0
1785437820.0279412,A1850_B1850,1,1850,1850,0.85,0.85,1511780566,1850,1850,1000,1000,0,0,0,0
1785437820.0459824,A1850_B1850,1,1850,1850,0.85,0.85,1511797799,1850,1850,1000,1000,0,0,0,0
1785437820.0698252,A1850_B1850,1,1850,1850,0.85,0.85,1511819963,1850,1850,1000,1000,0,0,0,0
1785437820.0910387,A1850_B1850,1,1850,1850,0.85,0.85,1511839669,1850,1850,1000,1000,0,0,0,0
1785437820.106944,A1850_B1850,1,1850,1850,0.85,0.85,1511860631,1850,1850,1000,1000,0,0,0,0
1785437820.127059,A1850_B1850,1,1850,1850,0.85,0.85,1511880300,1850,1850,1000,1000,0,0,0,0
1785437820.146021,A1850_B1850,1,1850,1850,0.85,0.85,1511898772,1850,1850,1000,1000,0,0,0,0
1785437820.1677887,A1850_B1850,1,1850,1850,0.85,0.85,1511920940,1850,1850,1000,1000,0,0,0,0
1785437820.1910815,A1850_B1850,1,1850,1850,0.85,0.85,1511940637,1850,1850,1000,1000,0,0,0,0
1785437820.2059505,A1850_B1850,1,1850,1850,0.85,0.85,1511959109,1850,1850,1000,1000,0,0,0,0
1785437820.2279751,A1850_B1850,1,1850,1850,0.85,0.85,1511981274,1850,1850,1000,1000,0,0,0,0
1785437820.2460203,A1850_B1850,1,1850,1850,0.85,0.85,1511998519,1850,1850,1000,1000,0,0,0,0
1785437820.2705426,A1850_B1850,1,1850,1850,0.85,0.85,1512020675,1850,1850,1000,1000,0,0,0,0
1785437820.2900538,A1850_B1850,1,1850,1850,0.85,0.85,1512039164,1850,1850,1000,1000,0,0,0,0
1785437820.3086367,A1850_B1850,1,1850,1850,0.85,0.85,1512061318,1850,1850,1000,1000,0,0,0,0
1785437820.32596,A1850_B1850,1,1850,1850,0.85,0.85,1512078555,1850,1850,1000,1000,0,0,0,0
1785437820.347981,A1850_B1850,1,1850,1850,0.85,0.85,1512100718,1850,1850,1000,1000,0,0,0,0
1785437820.366681,A1850_B1850,1,1850,1850,0.85,0.85,1512119189,1850,1850,1000,1000,0,0,0,0
1785437820.3905482,A1850_B1850,1,1850,1850,0.85,0.85,1512141359,1850,1850,1000,1000,0,0,0,0
1785437820.4079733,A1850_B1850,1,1850,1850,0.85,0.85,1512161059,1850,1850,1000,1000,0,0,0,0
1785437820.4267979,A1850_B1850,1,1850,1850,0.85,0.85,1512178295,1850,1850,1000,1000,0,0,0,0
1785437820.4479568,A1850_B1850,1,1850,1850,0.85,0.85,1512200470,1850,1850,1000,1000,0,0,0,0
1785437820.4669278,A1850_B1850,1,1850,1850,0.85,0.85,1512218931,1850,1850,1000,1000,0,0,0,0
1785437820.4901302,A1850_B1850,1,1850,1850,0.85,0.85,1512241098,1850,1850,1000,1000,0,0,0,0
1785437820.5060346,A1850_B1850,1,1850,1850,0.85,0.85,1512258337,1850,1850,1000,1000,0,0,0,0
1785437820.5269613,A1850_B1850,1,1850,1850,0.85,0.85,1512280496,1850,1850,1000,1000,0,0,0,0
1785437820.5479598,A1850_B1850,1,1850,1850,0.85,0.85,1512301430,1850,1850,1000,1000,0,0,0,0
1785437820.567685,A1850_B1850,1,1850,1850,0.85,0.85,1512318682,1850,1850,1000,1000,0,0,0,0
1785437820.5912735,A1850_B1850,1,1850,1850,0.85,0.85,1512340843,1850,1850,1000,1000,0,0,0,0
1785437820.6059787,A1850_B1850,1,1850,1850,0.85,0.85,1512358103,1850,1850,1000,1000,0,0,0,0
1785437820.6269813,A1850_B1850,1,1850,1850,0.85,0.85,1512379061,1850,1850,1000,1000,0,0,0,0
1785437820.6460555,A1850_B1850,1,1850,1850,0.85,0.85,1512398719,1850,1850,1000,1000,0,0,0,0
1785437820.6670089,A1850_B1850,1,1850,1850,0.85,0.85,1512418418,1850,1850,1000,1000,0,0,0,0
1785437820.6910918,A1850_B1850,1,1850,1850,0.85,0.85,1512440583,1850,1850,1000,1000,0,0,0,0
1785437820.7060494,A1850_B1850,1,1850,1850,0.85,0.85,1512459054,1850,1850,1000,1000,0,0,0,0
1785437820.728086,A1850_B1850,1,1850,1850,0.85,0.85,1512481218,1850,1850,1000,1000,0,0,0,0
1785437820.7470171,A1850_B1850,1,1850,1850,0.85,0.85,1512498463,1850,1850,1000,1000,0,0,0,0
1785437820.7691634,A1850_B1850,1,1850,1850,0.85,0.85,1512520625,1850,1850,1000,1000,0,0,0,0
1785437820.7901156,A1850_B1850,1,1850,1850,0.85,0.85,1512539096,1850,1850,1000,1000,0,0,0,0
1785437820.8070114,A1850_B1850,1,1850,1850,0.85,0.85,1512558804,1850,1850,1000,1000,0,0,0,0
1785437820.8260043,A1850_B1850,1,1850,1850,0.85,0.85,1512578522,1850,1850,1000,1000,0,0,0,0
1785437820.8470316,A1850_B1850,1,1850,1850,0.85,0.85,1512600660,1850,1850,1000,1000,0,0,0,0
1785437820.8669615,A1850_B1850,1,1850,1850,0.85,0.85,1512619171,1850,1850,1000,1000,0,0,0,0
1785437820.8910637,A1850_B1850,1,1850,1850,0.85,0.85,1512641298,1850,1850,1000,1000,0,0,0,0
1785437820.9060566,A1850_B1850,1,1850,1850,0.85,0.85,1512658540,1850,1850,1000,1000,0,0,0,0
1785437820.9269776,A1850_B1850,1,1850,1850,0.85,0.85,1512680701,1850,1850,1000,1000,0,0,0,0
1785437820.9489098,A1850_B1850,1,1850,1850,0.85,0.85,1512701641,1850,1850,1000,1000,0,0,0,0
1785437820.9676857,A1850_B1850,1,1850,1850,0.85,0.85,1512718883,1850,1850,1000,1000,0,0,0,0
1785437820.9914594,A1850_B1850,1,1850,1850,0.85,0.85,1512741041,1850,1850,1000,1000,0,0,0,0
1785437821.0059745,A1850_B1850,1,1850,1850,0.85,0.85,1512758287,1850,1850,1000,1000,0,0,0,0
1785437821.0278366,A1850_B1850,1,1850,1850,0.85,0.85,1512781687,1850,1850,1000,1000,0,0,0,0
1785437821.0463302,A1850_B1850,1,1850,1850,0.85,0.85,1512798921,1850,1850,1000,1000,0,0,0,0
1785437821.0713444,A1850_B1850,1,1850,1850,0.85,0.85,1512821085,1850,1850,1000,1000,0,0,0,0
1785437821.090188,A1850_B1850,1,1850,1850,0.85,0.85,1512840793,1850,1850,1000,1000,0,0,0,0
1785437821.1079817,A1850_B1850,1,1850,1850,0.85,0.85,1512860495,1850,1850,1000,1000,0,0,0,0
1785437821.1266887,A1850_B1850,1,1850,1850,0.85,0.85,1512878963,1850,1850,1000,1000,0,0,0,0
1785437821.147977,A1850_B1850,1,1850,1850,0.85,0.85,1512899891,1850,1850,1000,1000,0,0,0,0
1785437821.1667404,A1850_B1850,1,1850,1850,0.85,0.85,1512919597,1850,1850,1000,1000,0,0,0,0
1785437821.1911438,A1850_B1850,1,1850,1850,0.85,0.85,1512941762,1850,1850,1000,1000,0,0,0,0
1785437821.2069926,A1850_B1850,1,1850,1850,0.85,0.85,1512959005,1850,1850,1000,1000,0,0,0,0
1785437821.2280228,A1850_B1850,1,1850,1850,0.85,0.85,1512979933,1850,1850,1000,1000,0,0,0,0
1785437821.2469823,A1850_B1850,1,1850,1850,0.85,0.85,1512999630,1850,1850,1000,1000,0,0,0,0
1785437821.2669868,A1850_B1850,1,1850,1850,0.85,0.85,1513019341,1850,1850,1000,1000,0,0,0,0
1785437821.2900875,A1850_B1850,1,1850,1850,0.85,0.85,1513039041,1850,1850,1000,1000,0,0,0,0
1785437821.3079853,A1850_B1850,1,1850,1850,0.85,0.85,1513059979,1850,1850,1000,1000,0,0,0,0
1785437821.325988,A1850_B1850,1,1850,1850,0.85,0.85,1513079675,1850,1850,1000,1000,0,0,0,0
1785437821.3479893,A1850_B1850,1,1850,1850,0.85,0.85,1513101839,1850,1850,1000,1000,0,0,0,0
1785437821.366699,A1850_B1850,1,1850,1850,0.85,0.85,1513119080,1850,1850,1000,1000,0,0,0,0
1785437821.3900938,A1850_B1850,1,1850,1850,0.85,0.85,1513140012,1850,1850,1000,1000,0,0,0,0
1785437821.4080048,A1850_B1850,1,1850,1850,0.85,0.85,1513159713,1850,1850,1000,1000,0,0,0,0
1785437821.4269884,A1850_B1850,1,1850,1850,0.85,0.85,1513179429,1850,1850,1000,1000,0,0,0,0
1785437821.448033,A1850_B1850,1,1850,1850,0.85,0.85,1513201584,1850,1850,1000,1000,0,0,0,0
1785437821.4670353,A1850_B1850,1,1850,1850,0.85,0.85,1513217597,1850,1850,1000,1000,0,0,0,0
1785437821.4901407,A1850_B1850,1,1850,1850,0.85,0.85,1513239757,1850,1850,1000,1000,0,0,0,0
1785437821.508065,A1850_B1850,1,1850,1850,0.85,0.85,1513259464,1850,1850,1000,1000,0,0,0,0
1785437821.525999,A1850_B1850,1,1850,1850,0.85,0.85,1513279164,1850,1850,1000,1000,0,0,0,0
1785437821.547992,A1850_B1850,1,1850,1850,0.85,0.85,1513300095,1850,1850,1000,1000,0,0,0,0
1785437821.5667033,A1850_B1850,1,1850,1850,0.85,0.85,1513319795,1850,1850,1000,1000,0,0,0,0
1785437821.5900939,A1850_B1850,1,1850,1850,0.85,0.85,1513339500,1850,1850,1000,1000,0,0,0,0
1785437821.609076,A1850_B1850,1,1850,1850,0.85,0.85,1513361665,1850,1850,1000,1000,0,0,0,0
1785437821.6293535,A1850_B1850,1,1850,1850,0.85,0.85,1513382604,1850,1850,1000,1000,0,0,0,0
1785437821.648675,A1850_B1850,1,1850,1850,0.85,0.85,1513402304,1850,1850,1000,1000,0,0,0,0
1785437821.6669998,A1850_B1850,1,1850,1850,0.85,0.85,1513419538,1850,1850,1000,1000,0,0,0,0
1785437821.6908727,A1850_B1850,1,1850,1850,0.85,0.85,1513441707,1850,1850,1000,1000,0,0,0,0
1785437821.7066362,A1850_B1850,1,1850,1850,0.85,0.85,1513457711,1850,1850,1000,1000,0,0,0,0
1785437821.7285147,A1850_B1850,1,1850,1850,0.85,0.85,1513479876,1850,1850,1000,1000,0,0,0,0
1785437821.7469888,A1850_B1850,1,1850,1850,0.85,0.85,1513499587,1850,1850,1000,1000,0,0,0,0
1785437821.7693958,A1850_B1850,1,1850,1850,0.85,0.85,1513521756,1850,1850,1000,1000,0,0,0,0
1785437821.7891128,A1850_B1850,1,1850,1850,0.85,0.85,1513536524,1850,1850,1000,1000,0,0,0,0
1785437821.808068,A1850_B1850,1,1850,1850,0.85,0.85,1513559920,1850,1850,1000,1000,0,0,0,0
1785437821.8261852,A1850_B1850,1,1850,1850,0.85,0.85,1513579625,1850,1850,1000,1000,0,0,0,0
1785437821.8476338,A1850_B1850,1,1850,1850,0.85,0.85,1513599322,1850,1850,1000,1000,0,0,0,0
1785437821.8694136,A1850_B1850,1,1850,1850,0.85,0.85,1513621525,1850,1850,1000,1000,0,0,0,0
1785437821.890204,A1850_B1850,1,1850,1850,0.85,0.85,1513639965,1850,1850,1000,1000,0,0,0,0
1785437821.908326,A1850_B1850,1,1850,1850,0.85,0.85,1513662123,1850,1850,1000,1000,0,0,0,0
1785437821.9275103,A1850_B1850,1,1850,1850,0.85,0.85,1513679368,1850,1850,1000,1000,0,0,0,0
1785437821.9460833,A1850_B1850,1,1850,1850,0.85,0.85,1513699062,1850,1850,1000,1000,0,0,0,0
1785437821.9677153,A1850_B1850,1,1850,1850,0.85,0.85,1513719998,1850,1850,1000,1000,0,0,0,0
1785437821.9910874,A1850_B1850,1,1850,1850,0.85,0.85,1513739704,1850,1850,1000,1000,0,0,0,0
1785437822.0060256,A1850_B1850,1,1850,1850,0.85,0.85,1513759413,1850,1850,1000,1000,0,0,0,0
1785437822.0280302,A1850_B1850,1,1850,1850,0.85,0.85,1513781568,1850,1850,1000,1000,0,0,0,0
1785437822.046366,A1850_B1850,1,1850,1850,0.85,0.85,1513800039,1850,1850,1000,1000,0,0,0,0
1785437822.0701268,A1850_B1850,1,1850,1850,0.85,0.85,1513819742,1850,1850,1000,1000,0,0,0,0
1785437822.0900865,A1850_B1850,1,1850,1850,0.85,0.85,1513839446,1850,1850,1000,1000,0,0,0,0
1785437822.1080062,A1850_B1850,1,1850,1850,0.85,0.85,1513861658,1850,1850,1000,1000,0,0,0,0
1785437822.1262655,A1850_B1850,1,1850,1850,0.85,0.85,1513880085,1850,1850,1000,1000,0,0,0,0
1785437822.147062,A1850_B1850,1,1850,1850,0.85,0.85,1513897318,1850,1850,1000,1000,0,0,0,0
1785437822.166788,A1850_B1850,1,1850,1850,0.85,0.85,1513918255,1850,1850,1000,1000,0,0,0,0
1785437822.1911178,A1850_B1850,1,1850,1850,0.85,0.85,1513940418,1850,1850,1000,1000,0,0,0,0
1785437822.2060432,A1850_B1850,1,1850,1850,0.85,0.85,1513957661,1850,1850,1000,1000,0,0,0,0
1785437822.2280161,A1850_B1850,1,1850,1850,0.85,0.85,1513981048,1850,1850,1000,1000,0,0,0,0
1785437822.2460268,A1850_B1850,1,1850,1850,0.85,0.85,1513998302,1850,1850,1000,1000,0,0,0,0
1785437822.2679958,A1850_B1850,1,1850,1850,0.85,0.85,1514020456,1850,1850,1000,1000,0,0,0,0
1785437822.292194,A1850_B1850,1,1850,1850,0.85,0.85,1514042625,1850,1850,1000,1000,0,0,0,0
1785437822.308513,A1850_B1850,1,1850,1850,0.85,0.85,1514061101,1850,1850,1000,1000,0,0,0,0
1785437822.326016,A1850_B1850,1,1850,1850,0.85,0.85,1514078337,1850,1850,1000,1000,0,0,0,0
1785437822.3479066,A1850_B1850,1,1850,1850,0.85,0.85,1514100497,1850,1850,1000,1000,0,0,0,0
1785437822.366769,A1850_B1850,1,1850,1850,0.85,0.85,1514120206,1850,1850,1000,1000,0,0,0,0
1785437822.3902857,A1850_B1850,1,1850,1850,0.85,0.85,1514138707,1850,1850,1000,1000,0,0,0,0
1785437822.4080875,A1850_B1850,1,1850,1850,0.85,0.85,1514160843,1850,1850,1000,1000,0,0,0,0
1785437822.426692,A1850_B1850,1,1850,1850,0.85,0.85,1514178076,1850,1850,1000,1000,0,0,0,0
1785437822.4470203,A1850_B1850,1,1850,1850,0.85,0.85,1514200270,1850,1850,1000,1000,0,0,0,0
1785437822.469232,A1850_B1850,1,1850,1850,0.85,0.85,1514221170,1850,1850,1000,1000,0,0,0,0
1785437822.4891331,A1850_B1850,1,1850,1850,0.85,0.85,1514238413,1850,1850,1000,1000,0,0,0,0
1785437822.50703,A1850_B1850,1,1850,1850,0.85,0.85,1514260580,1850,1850,1000,1000,0,0,0,0
1785437822.5280232,A1850_B1850,1,1850,1850,0.85,0.85,1514280280,1850,1850,1000,1000,0,0,0,0
1785437822.5470316,A1850_B1850,1,1850,1850,0.85,0.85,1514297523,1850,1850,1000,1000,0,0,0,0
1785437822.569228,A1850_B1850,1,1850,1850,0.85,0.85,1514320924,1850,1850,1000,1000,0,0,0,0
1785437822.5891464,A1850_B1850,1,1850,1850,0.85,0.85,1514338156,1850,1850,1000,1000,0,0,0,0
1785437822.6070185,A1850_B1850,1,1850,1850,0.85,0.85,1514360321,1850,1850,1000,1000,0,0,0,0
1785437822.6280384,A1850_B1850,1,1850,1850,0.85,0.85,1514380028,1850,1850,1000,1000,0,0,0,0
1785437822.6472225,A1850_B1850,1,1850,1850,0.85,0.85,1514400963,1850,1850,1000,1000,0,0,0,0
1785437822.6695025,A1850_B1850,1,1850,1850,0.85,0.85,1514420657,1850,1850,1000,1000,0,0,0,0
1785437822.689733,A1850_B1850,1,1850,1850,0.85,0.85,1514440365,1850,1850,1000,1000,0,0,0,0
1785437822.7070718,A1850_B1850,1,1850,1850,0.85,0.85,1514460064,1850,1850,1000,1000,0,0,0,0
1785437822.7280607,A1850_B1850,1,1850,1850,0.85,0.85,1514481004,1850,1850,1000,1000,0,0,0,0
1785437822.747083,A1850_B1850,1,1850,1850,0.85,0.85,1514500702,1850,1850,1000,1000,0,0,0,0
1785437822.7673695,A1850_B1850,1,1850,1850,0.85,0.85,1514517945,1850,1850,1000,1000,0,0,0,0
1785437822.7892933,A1850_B1850,1,1850,1850,0.85,0.85,1514537641,1850,1850,1000,1000,0,0,0,0
1785437822.8072627,A1850_B1850,1,1850,1850,0.85,0.85,1514558577,1850,1850,1000,1000,0,0,0,0
1785437822.828426,A1850_B1850,1,1850,1850,0.85,0.85,1514580739,1850,1850,1000,1000,0,0,0,0
1785437822.8460789,A1850_B1850,1,1850,1850,0.85,0.85,1514597990,1850,1850,1000,1000,0,0,0,0
1785437822.8694587,A1850_B1850,1,1850,1850,0.85,0.85,1514620206,1850,1850,1000,1000,0,0,0,0
1785437822.889206,A1850_B1850,1,1850,1850,0.85,0.85,1514638616,1850,1850,1000,1000,0,0,0,0
1785437822.9071624,A1850_B1850,1,1850,1850,0.85,0.85,1514660787,1850,1850,1000,1000,0,0,0,0
1785437822.9299226,A1850_B1850,1,1850,1850,0.85,0.85,1514682951,1850,1850,1000,1000,0,0,0,0
1785437822.9470696,A1850_B1850,1,1850,1850,0.85,0.85,1514700193,1850,1850,1000,1000,0,0,0,0
1785437822.9701784,A1850_B1850,1,1850,1850,0.85,0.85,1514721124,1850,1850,1000,1000,0,0,0,0
1785437822.9915428,A1850_B1850,1,1850,1850,0.85,0.85,1514740823,1850,1850,1000,1000,0,0,0,0
1785437823.0079367,A1850_B1850,1,1850,1850,0.85,0.85,1514760530,1850,1850,1000,1000,0,0,0,0
1785437823.0260386,A1850_B1850,1,1850,1850,0.85,0.85,1514777766,1850,1850,1000,1000,0,0,0,0
1785437823.0477386,A1850_B1850,1,1850,1850,0.85,0.85,1514801179,1850,1850,1000,1000,0,0,0,0
1785437823.071383,A1850_B1850,1,1850,1850,0.85,0.85,1514820864,1850,1850,1000,1000,0,0,0,0
1785437823.0898368,A1850_B1850,1,1850,1850,0.85,0.85,1514840568,1850,1850,1000,1000,0,0,0,0
1785437823.1070821,A1850_B1850,1,1850,1850,0.85,0.85,1514860268,1850,1850,1000,1000,0,0,0,0
1785437823.1283176,A1850_B1850,1,1850,1850,0.85,0.85,1514880009,1850,1850,1000,1000,0,0,0,0
1785437823.146143,A1850_B1850,1,1850,1850,0.85,0.85,1514898436,1850,1850,1000,1000,0,0,0,0
1785437823.1692677,A1850_B1850,1,1850,1850,0.85,0.85,1514921837,1850,1850,1000,1000,0,0,0,0
1785437823.190149,A1850_B1850,1,1850,1850,0.85,0.85,1514939079,1850,1850,1000,1000,0,0,0,0
1785437823.2080758,A1850_B1850,1,1850,1850,0.85,0.85,1514961240,1850,1850,1000,1000,0,0,0,0
1785437823.226345,A1850_B1850,1,1850,1850,0.85,0.85,1514979713,1850,1850,1000,1000,0,0,0,0
1785437823.2470517,A1850_B1850,1,1850,1850,0.85,0.85,1514999410,1850,1850,1000,1000,0,0,0,0
1785437823.2670898,A1850_B1850,1,1850,1850,0.85,0.85,1515019146,1850,1850,1000,1000,0,0,0,0
1785437823.2901335,A1850_B1850,1,1850,1850,0.85,0.85,1515038818,1850,1850,1000,1000,0,0,0,0
1785437823.3080468,A1850_B1850,1,1850,1850,0.85,0.85,1515059754,1850,1850,1000,1000,0,0,0,0
1785437823.3261456,A1850_B1850,1,1850,1850,0.85,0.85,1515079451,1850,1850,1000,1000,0,0,0,0
1785437823.348066,A1850_B1850,1,1850,1850,0.85,0.85,1515101628,1850,1850,1000,1000,0,0,0,0
1785437823.3670785,A1850_B1850,1,1850,1850,0.85,0.85,1515118858,1850,1850,1000,1000,0,0,0,0
1785437823.3902156,A1850_B1850,1,1850,1850,0.85,0.85,1515138565,1850,1850,1000,1000,0,0,0,0
1785437823.408091,A1850_B1850,1,1850,1850,0.85,0.85,1515159493,1850,1850,1000,1000,0,0,0,0
1785437823.4261565,A1850_B1850,1,1850,1850,0.85,0.85,1515179196,1850,1850,1000,1000,0,0,0,0
1785437823.4470935,A1850_B1850,1,1850,1850,0.85,0.85,1515198900,1850,1850,1000,1000,0,0,0,0
1785437823.4671266,A1850_B1850,1,1850,1850,0.85,0.85,1515218602,1850,1850,1000,1000,0,0,0,0
1785437823.4901419,A1850_B1850,1,1850,1850,0.85,0.85,1515239534,1850,1850,1000,1000,0,0,0,0
1785437823.5061693,A1850_B1850,1,1850,1850,0.85,0.85,1515259237,1850,1850,1000,1000,0,0,0,0
1785437823.528077,A1850_B1850,1,1850,1850,0.85,0.85,1515281405,1850,1850,1000,1000,0,0,0,0
1785437823.5461903,A1850_B1850,1,1850,1850,0.85,0.85,1515298646,1850,1850,1000,1000,0,0,0,0
1785437823.5677578,A1850_B1850,1,1850,1850,0.85,0.85,1515319576,1850,1850,1000,1000,0,0,0,0
1785437823.5925212,A1850_B1850,1,1850,1850,0.85,0.85,1515341744,1850,1850,1000,1000,0,0,0,0
1785437823.6070757,A1850_B1850,1,1850,1850,0.85,0.85,1515358985,1850,1850,1000,1000,0,0,0,0
1785437823.6285431,A1850_B1850,1,1850,1850,0.85,0.85,1515381145,1850,1850,1000,1000,0,0,0,0
1785437823.6462517,A1850_B1850,1,1850,1850,0.85,0.85,1515399661,1850,1850,1000,1000,0,0,0,0
1785437823.670504,A1850_B1850,1,1850,1850,0.85,0.85,1515421791,1850,1850,1000,1000,0,0,0,0
1785437823.6898699,A1850_B1850,1,1850,1850,0.85,0.85,1515439019,1850,1850,1000,1000,0,0,0,0
1785437823.7080722,A1850_B1850,1,1850,1850,0.85,0.85,1515461187,1850,1850,1000,1000,0,0,0,0
1785437823.7271173,A1850_B1850,1,1850,1850,0.85,0.85,1515479659,1850,1850,1000,1000,0,0,0,0
1785437823.748067,A1850_B1850,1,1850,1850,0.85,0.85,1515501824,1850,1850,1000,1000,0,0,0,0
1785437823.7671509,A1850_B1850,1,1850,1850,0.85,0.85,1515519068,1850,1850,1000,1000,0,0,0,0
1785437823.7902672,A1850_B1850,1,1850,1850,0.85,0.85,1515538770,1850,1850,1000,1000,0,0,0,0
1785437823.8060653,A1850_B1850,1,1850,1850,0.85,0.85,1515559696,1850,1850,1000,1000,0,0,0,0
1785437823.8280914,A1850_B1850,1,1850,1850,0.85,0.85,1515579398,1850,1850,1000,1000,0,0,0,0
1785437823.8471992,A1850_B1850,1,1850,1850,0.85,0.85,1515599103,1850,1850,1000,1000,0,0,0,0
1785437823.8695364,A1850_B1850,1,1850,1850,0.85,0.85,1515621297,1850,1850,1000,1000,0,0,0,0
1785437823.889248,A1850_B1850,1,1850,1850,0.85,0.85,1515639739,1850,1850,1000,1000,0,0,0,0
1785437823.9072354,A1850_B1850,1,1850,1850,0.85,0.85,1515659440,1850,1850,1000,1000,0,0,0,0
1785437823.9261663,A1850_B1850,1,1850,1850,0.85,0.85,1515679137,1850,1850,1000,1000,0,0,0,0
1785437823.9472113,A1850_B1850,1,1850,1850,0.85,0.85,1515698851,1850,1850,1000,1000,0,0,0,0
1785437823.9693108,A1850_B1850,1,1850,1850,0.85,0.85,1515719778,1850,1850,1000,1000,0,0,0,0
1785437823.9892182,A1850_B1850,1,1850,1850,0.85,0.85,1515739475,1850,1850,1000,1000,0,0,0,0
1785437824.008438,A1850_B1850,1,1850,1850,0.85,0.85,1515761652,1850,1850,1000,1000,0,0,0,0
1785437824.0262406,A1850_B1850,1,1850,1850,0.85,0.85,1515778889,1850,1850,1000,1000,0,0,0,0
1785437824.0472586,A1850_B1850,1,1850,1850,0.85,0.85,1515798588,1850,1850,1000,1000,0,0,0,0
1785437824.071258,A1850_B1850,1,1850,1850,0.85,0.85,1515819521,1850,1850,1000,1000,0,0,0,0
1785437824.0891628,A1850_B1850,1,1850,1850,0.85,0.85,1515839220,1850,1850,1000,1000,0,0,0,0
1785437824.107172,A1850_B1850,1,1850,1850,0.85,0.85,1515858927,1850,1850,1000,1000,0,0,0,0
1785437824.1273415,A1850_B1850,1,1850,1850,0.85,0.85,1515881095,1850,1850,1000,1000,0,0,0,0
1785437824.148187,A1850_B1850,1,1850,1850,0.85,0.85,1515899568,1850,1850,1000,1000,0,0,0,0
1785437824.1668692,A1850_B1850,1,1850,1850,0.85,0.85,1515916802,1850,1850,1000,1000,0,0,0,0
1785437824.1911976,A1850_B1850,1,1850,1850,0.85,0.85,1515940202,1850,1850,1000,1000,0,0,0,0
1785437824.2060905,A1850_B1850,1,1850,1850,0.85,0.85,1515957439,1850,1850,1000,1000,0,0,0,0
1785437824.2271771,A1850_B1850,1,1850,1850,0.85,0.85,1515979600,1850,1850,1000,1000,0,0,0,0
1785437824.2491167,A1850_B1850,1,1850,1850,0.85,0.85,1516000529,1850,1850,1000,1000,0,0,0,0
1785437824.2681515,A1850_B1850,1,1850,1850,0.85,0.85,1516020238,1850,1850,1000,1000,0,0,0,0
1785437824.2915976,A1850_B1850,1,1850,1850,0.85,0.85,1516039939,1850,1850,1000,1000,0,0,0,0
1785437824.3061094,A1850_B1850,1,1850,1850,0.85,0.85,1516059640,1850,1850,1000,1000,0,0,0,0
1785437824.3281002,A1850_B1850,1,1850,1850,0.85,0.85,1516080572,1850,1850,1000,1000,0,0,0,0
1785437824.3461046,A1850_B1850,1,1850,1850,0.85,0.85,1516097816,1850,1850,1000,1000,0,0,0,0
1785437824.368201,A1850_B1850,1,1850,1850,0.85,0.85,1516119982,1850,1850,1000,1000,0,0,0,0
1785437824.3913672,A1850_B1850,1,1850,1850,0.85,0.85,1516142146,1850,1850,1000,1000,0,0,0,0
1785437824.4067786,A1850_B1850,1,1850,1850,0.85,0.85,1516158152,1850,1850,1000,1000,0,0,0,0
1785437824.4270847,A1850_B1850,1,1850,1850,0.85,0.85,1516180327,1850,1850,1000,1000,0,0,0,0
1785437824.448226,A1850_B1850,1,1850,1850,0.85,0.85,1516200024,1850,1850,1000,1000,0,0,0,0
1785437824.4670742,A1850_B1850,1,1850,1850,0.85,0.85,1516219725,1850,1850,1000,1000,0,0,0,0
1785437824.4901974,A1850_B1850,1,1850,1850,0.85,0.85,1516240650,1850,1850,1000,1000,0,0,0,0
1785437824.5082562,A1850_B1850,1,1850,1850,0.85,0.85,1516260361,1850,1850,1000,1000,0,0,0,0
1785437824.527104,A1850_B1850,1,1850,1850,0.85,0.85,1516280063,1850,1850,1000,1000,0,0,0,0
1785437824.5482135,A1850_B1850,1,1850,1850,0.85,0.85,1516302227,1850,1850,1000,1000,0,0,0,0
1785437824.5668466,A1850_B1850,1,1850,1850,0.85,0.85,1516318234,1850,1850,1000,1000,0,0,0,0
1785437824.5901728,A1850_B1850,1,1850,1850,0.85,0.85,1516340401,1850,1850,1000,1000,0,0,0,0
1785437824.606102,A1850_B1850,1,1850,1850,0.85,0.85,1516357639,1850,1850,1000,1000,0,0,0,0
1785437824.6273277,A1850_B1850,1,1850,1850,0.85,0.85,1516379801,1850,1850,1000,1000,0,0,0,0
1785437824.6482227,A1850_B1850,1,1850,1850,0.85,0.85,1516400737,1850,1850,1000,1000,0,0,0,0
1785437824.667105,A1850_B1850,1,1850,1850,0.85,0.85,1516418006,1850,1850,1000,1000,0,0,0,0
1785437824.6902213,A1850_B1850,1,1850,1850,0.85,0.85,1516440145,1850,1850,1000,1000,0,0,0,0
1785437824.708222,A1850_B1850,1,1850,1850,0.85,0.85,1516459850,1850,1850,1000,1000,0,0,0,0
1785437824.727121,A1850_B1850,1,1850,1850,0.85,0.85,1516479541,1850,1850,1000,1000,0,0,0,0
1785437824.7482312,A1850_B1850,1,1850,1850,0.85,0.85,1516500481,1850,1850,1000,1000,0,0,0,0
1785437824.7670138,A1850_B1850,1,1850,1850,0.85,0.85,1516517721,1850,1850,1000,1000,0,0,0,0
1785437824.7902145,A1850_B1850,1,1850,1850,0.85,0.85,1516539915,1850,1850,1000,1000,0,0,0,0
1785437824.806095,A1850_B1850,1,1850,1850,0.85,0.85,1516559584,1850,1850,1000,1000,0,0,0,0
1785437824.8270974,A1850_B1850,1,1850,1850,0.85,0.85,1516580522,1850,1850,1000,1000,0,0,0,0
1785437824.8482833,A1850_B1850,1,1850,1850,0.85,0.85,1516600220,1850,1850,1000,1000,0,0,0,0
1785437824.8674653,A1850_B1850,1,1850,1850,0.85,0.85,1516619923,1850,1850,1000,1000,0,0,0,0
1785437824.892667,A1850_B1850,1,1850,1850,0.85,0.85,1516642098,1850,1850,1000,1000,0,0,0,0
1785437824.9072292,A1850_B1850,1,1850,1850,0.85,0.85,1516660562,1850,1850,1000,1000,0,0,0,0
1785437824.9288974,A1850_B1850,1,1850,1850,0.85,0.85,1516680264,1850,1850,1000,1000,0,0,0,0
1785437824.9463084,A1850_B1850,1,1850,1850,0.85,0.85,1516697507,1850,1850,1000,1000,0,0,0,0
1785437824.9704604,A1850_B1850,1,1850,1850,0.85,0.85,1516722135,1850,1850,1000,1000,0,0,0,0
1785437824.9894962,A1850_B1850,1,1850,1850,0.85,0.85,1516738135,1850,1850,1000,1000,0,0,0,0
1785437825.007815,A1850_B1850,1,1850,1850,0.85,0.85,1516760335,1850,1850,1000,1000,0,0,0,0
1785437825.028138,A1850_B1850,1,1850,1850,0.85,0.85,1516780009,1850,1850,1000,1000,0,0,0,0
1785437825.0471475,A1850_B1850,1,1850,1850,0.85,0.85,1516799711,1850,1850,1000,1000,0,0,0,0
1785437825.0714407,A1850_B1850,1,1850,1850,0.85,0.85,1516820652,1850,1850,1000,1000,0,0,0,0
1785437825.0896442,A1850_B1850,1,1850,1850,0.85,0.85,1516840345,1850,1850,1000,1000,0,0,0,0
1785437825.1081471,A1850_B1850,1,1850,1850,0.85,0.85,1516860046,1850,1850,1000,1000,0,0,0,0
1785437825.126187,A1850_B1850,1,1850,1850,0.85,0.85,1516879749,1850,1850,1000,1000,0,0,0,0
1785437825.148126,A1850_B1850,1,1850,1850,0.85,0.85,1516900694,1850,1850,1000,1000,0,0,0,0
1785437825.1676333,A1850_B1850,1,1850,1850,0.85,0.85,1516920380,1850,1850,1000,1000,0,0,0,0
1785437825.1901126,A1850_B1850,1,1850,1850,0.85,0.85,1516938854,1850,1850,1000,1000,0,0,0,0
1785437825.2072217,A1850_B1850,1,1850,1850,0.85,0.85,1516958565,1850,1850,1000,1000,0,0,0,0
1785437825.2282655,A1850_B1850,1,1850,1850,0.85,0.85,1516980723,1850,1850,1000,1000,0,0,0,0
1785437825.2461102,A1850_B1850,1,1850,1850,0.85,0.85,1516999193,1850,1850,1000,1000,0,0,0,0
1785437825.2681139,A1850_B1850,1,1850,1850,0.85,0.85,1517018892,1850,1850,1000,1000,0,0,0,0
1785437825.2911928,A1850_B1850,1,1850,1850,0.85,0.85,1517041078,1850,1850,1000,1000,0,0,0,0
1785437825.3061109,A1850_B1850,1,1850,1850,0.85,0.85,1517058300,1850,1850,1000,1000,0,0,0,0
1785437825.3281155,A1850_B1850,1,1850,1850,0.85,0.85,1517081696,1850,1850,1000,1000,0,0,0,0
1785437825.3461478,A1850_B1850,1,1850,1850,0.85,0.85,1517098933,1850,1850,1000,1000,0,0,0,0
1785437825.368339,A1850_B1850,1,1850,1850,0.85,0.85,1517118644,1850,1850,1000,1000,0,0,0,0
1785437825.391316,A1850_B1850,1,1850,1850,0.85,0.85,1517140819,1850,1850,1000,1000,0,0,0,0
1785437825.4061337,A1850_B1850,1,1850,1850,0.85,0.85,1517159299,1850,1850,1000,1000,0,0,0,0
1785437825.4271166,A1850_B1850,1,1850,1850,0.85,0.85,1517178977,1850,1850,1000,1000,0,0,0,0
1785437825.4461296,A1850_B1850,1,1850,1850,0.85,0.85,1517198680,1850,1850,1000,1000,0,0,0,0
1785437825.4680874,A1850_B1850,1,1850,1850,0.85,0.85,1517220839,1850,1850,1000,1000,0,0,0,0
1785437825.490023,A1850_B1850,1,1850,1850,0.85,0.85,1517240547,1850,1850,1000,1000,0,0,0,0
1785437825.5081453,A1850_B1850,1,1850,1850,0.85,0.85,1517261479,1850,1850,1000,1000,0,0,0,0
1785437825.526137,A1850_B1850,1,1850,1850,0.85,0.85,1517278727,1850,1850,1000,1000,0,0,0,0
1785437825.5471241,A1850_B1850,1,1850,1850,0.85,0.85,1517298423,1850,1850,1000,1000,0,0,0,0
1785437825.5704038,A1850_B1850,1,1850,1850,0.85,0.85,1517320583,1850,1850,1000,1000,0,0,0,0
1785437825.5903687,A1850_B1850,1,1850,1850,0.85,0.85,1517339058,1850,1850,1000,1000,0,0,0,0
1785437825.6087265,A1850_B1850,1,1850,1850,0.85,0.85,1517361217,1850,1850,1000,1000,0,0,0,0
1785437825.626165,A1850_B1850,1,1850,1850,0.85,0.85,1517378460,1850,1850,1000,1000,0,0,0,0
1785437825.6482105,A1850_B1850,1,1850,1850,0.85,0.85,1517400622,1850,1850,1000,1000,0,0,0,0
1785437825.6671045,A1850_B1850,1,1850,1850,0.85,0.85,1517419097,1850,1850,1000,1000,0,0,0,0
1785437825.6906524,A1850_B1850,1,1850,1850,0.85,0.85,1517441265,1850,1850,1000,1000,0,0,0,0
1785437825.7081544,A1850_B1850,1,1850,1850,0.85,0.85,1517460971,1850,1850,1000,1000,0,0,0,0
1785437825.7269285,A1850_B1850,1,1850,1850,0.85,0.85,1517478206,1850,1850,1000,1000,0,0,0,0
1785437825.7471726,A1850_B1850,1,1850,1850,0.85,0.85,1517499138,1850,1850,1000,1000,0,0,0,0
1785437825.7693598,A1850_B1850,1,1850,1850,0.85,0.85,1517521303,1850,1850,1000,1000,0,0,0,0
1785437825.789211,A1850_B1850,1,1850,1850,0.85,0.85,1517538540,1850,1850,1000,1000,0,0,0,0
1785437825.8071418,A1850_B1850,1,1850,1850,0.85,0.85,1517560704,1850,1850,1000,1000,0,0,0,0
1785437825.8281696,A1850_B1850,1,1850,1850,0.85,0.85,1517581639,1850,1850,1000,1000,0,0,0,0
1785437825.8471367,A1850_B1850,1,1850,1850,0.85,0.85,1517598883,1850,1850,1000,1000,0,0,0,0
1785437825.8685684,A1850_B1850,1,1850,1850,0.85,0.85,1517621042,1850,1850,1000,1000,0,0,0,0
1785437825.8892698,A1850_B1850,1,1850,1850,0.85,0.85,1517638291,1850,1850,1000,1000,0,0,0,0
1785437825.9077704,A1850_B1850,1,1850,1850,0.85,0.85,1517659216,1850,1850,1000,1000,0,0,0,0
1785437825.9264228,A1850_B1850,1,1850,1850,0.85,0.85,1517678966,1850,1850,1000,1000,0,0,0,0
1785437825.947419,A1850_B1850,1,1850,1850,0.85,0.85,1517701085,1850,1850,1000,1000,0,0,0,0
1785437825.969587,A1850_B1850,1,1850,1850,0.85,0.85,1517720784,1850,1850,1000,1000,0,0,0,0
1785437825.9892366,A1850_B1850,1,1850,1850,0.85,0.85,1517739252,1850,1850,1000,1000,0,0,0,0
1785437826.0071557,A1850_B1850,1,1850,1850,0.85,0.85,1517759013,1850,1850,1000,1000,0,0,0,0
1785437826.0281787,A1850_B1850,1,1850,1850,0.85,0.85,1517781124,1850,1850,1000,1000,0,0,0,0
1785437826.047576,A1850_B1850,1,1850,1850,0.85,0.85,1517800832,1850,1850,1000,1000,0,0,0,0
1785437826.0713265,A1850_B1850,1,1850,1850,0.85,0.85,1517821765,1850,1850,1000,1000,0,0,0,0
1785437826.0902333,A1850_B1850,1,1850,1850,0.85,0.85,1517839010,1850,1850,1000,1000,0,0,0,0
1785437826.1061754,A1850_B1850,1,1850,1850,0.85,0.85,1517858710,1850,1850,1000,1000,0,0,0,0
1785437826.1275182,A1850_B1850,1,1850,1850,0.85,0.85,1517880866,1850,1850,1000,1000,0,0,0,0
1785437826.1482465,A1850_B1850,1,1850,1850,0.85,0.85,1517900638,1850,1850,1000,1000,0,0,0,0
1785437826.1669476,A1850_B1850,1,1850,1850,0.85,0.85,1517919043,1850,1850,1000,1000,0,0,0,0
1785437826.1912413,A1850_B1850,1,1850,1850,0.85,0.85,1517939977,1850,1850,1000,1000,0,0,0,0
1785437826.20615,A1850_B1850,1,1850,1850,0.85,0.85,1517959693,1850,1850,1000,1000,0,0,0,0
1785437826.227166,A1850_B1850,1,1850,1850,0.85,0.85,1517979383,1850,1850,1000,1000,0,0,0,0
1785437826.2489672,A1850_B1850,1,1850,1850,0.85,0.85,1518000310,1850,1850,1000,1000,0,0,0,0
1785437826.2671814,A1850_B1850,1,1850,1850,0.85,0.85,1518017551,1850,1850,1000,1000,0,0,0,0
1785437826.291962,A1850_B1850,1,1850,1850,0.85,0.85,1518042224,1850,1850,1000,1000,0,0,0,0
1785437826.306139,A1850_B1850,1,1850,1850,0.85,0.85,1518059423,1850,1850,1000,1000,0,0,0,0
1785437826.327774,A1850_B1850,1,1850,1850,0.85,0.85,1518079120,1850,1850,1000,1000,0,0,0,0
1785437826.348167,A1850_B1850,1,1850,1850,0.85,0.85,1518100057,1850,1850,1000,1000,0,0,0,0
1785437826.3682218,A1850_B1850,1,1850,1850,0.85,0.85,1518119756,1850,1850,1000,1000,0,0,0,0
1785437826.3912318,A1850_B1850,1,1850,1850,0.85,0.85,1518139465,1850,1850,1000,1000,0,0,0,0
1785437826.4066122,A1850_B1850,1,1850,1850,0.85,0.85,1518159160,1850,1850,1000,1000,0,0,0,0
1785437826.4271767,A1850_B1850,1,1850,1850,0.85,0.85,1518180105,1850,1850,1000,1000,0,0,0,0
1785437826.4481518,A1850_B1850,1,1850,1850,0.85,0.85,1518199808,1850,1850,1000,1000,0,0,0,0
1785437826.4671266,A1850_B1850,1,1850,1850,0.85,0.85,1518219505,1850,1850,1000,1000,0,0,0,0
1785437826.4902408,A1850_B1850,1,1850,1850,0.85,0.85,1518239204,1850,1850,1000,1000,0,0,0,0
1785437826.508162,A1850_B1850,1,1850,1850,0.85,0.85,1518260139,1850,1850,1000,1000,0,0,0,0
1785437826.5261717,A1850_B1850,1,1850,1850,0.85,0.85,1518279843,1850,1850,1000,1000,0,0,0,0
1785437826.5471623,A1850_B1850,1,1850,1850,0.85,0.85,1518299542,1850,1850,1000,1000,0,0,0,0
1785437826.5671406,A1850_B1850,1,1850,1850,0.85,0.85,1518319242,1850,1850,1000,1000,0,0,0,0
1785437826.5902586,A1850_B1850,1,1850,1850,0.85,0.85,1518340178,1850,1850,1000,1000,0,0,0,0
1785437826.6081562,A1850_B1850,1,1850,1850,0.85,0.85,1518359879,1850,1850,1000,1000,0,0,0,0
1785437826.6261678,A1850_B1850,1,1850,1850,0.85,0.85,1518379581,1850,1850,1000,1000,0,0,0,0
1785437826.6481695,A1850_B1850,1,1850,1850,0.85,0.85,1518401745,1850,1850,1000,1000,0,0,0,0
1785437826.6671846,A1850_B1850,1,1850,1850,0.85,0.85,1518417755,1850,1850,1000,1000,0,0,0,0
1785437826.690269,A1850_B1850,1,1850,1850,0.85,0.85,1518439917,1850,1850,1000,1000,0,0,0,0
1785437826.7082973,A1850_B1850,1,1850,1850,0.85,0.85,1518459624,1850,1850,1000,1000,0,0,0,0
1785437826.72716,A1850_B1850,1,1850,1850,0.85,0.85,1518479327,1850,1850,1000,1000,0,0,0,0
1785437826.7481918,A1850_B1850,1,1850,1850,0.85,0.85,1518500258,1850,1850,1000,1000,0,0,0,0
1785437826.7669256,A1850_B1850,1,1850,1850,0.85,0.85,1518517502,1850,1850,1000,1000,0,0,0,0
1785437826.7908182,A1850_B1850,1,1850,1850,0.85,0.85,1518539666,1850,1850,1000,1000,0,0,0,0
1785437826.8081636,A1850_B1850,1,1850,1850,0.85,0.85,1518561823,1850,1850,1000,1000,0,0,0,0
1785437826.8261907,A1850_B1850,1,1850,1850,0.85,0.85,1518576604,1850,1850,1000,1000,0,0,0,0
1785437826.8482263,A1850_B1850,1,1850,1850,0.85,0.85,1518600005,1850,1850,1000,1000,0,0,0,0
1785437826.8671052,A1850_B1850,1,1850,1850,0.85,0.85,1518619705,1850,1850,1000,1000,0,0,0,0
1785437826.892421,A1850_B1850,1,1850,1850,0.85,0.85,1518641896,1850,1850,1000,1000,0,0,0,0
1785437826.9071643,A1850_B1850,1,1850,1850,0.85,0.85,1518659105,1850,1850,1000,1000,0,0,0,0
1785437826.9263673,A1850_B1850,1,1850,1850,0.85,0.85,1518677583,1850,1850,1000,1000,0,0,0,0
1785437826.9488056,A1850_B1850,1,1850,1850,0.85,0.85,1518702210,1850,1850,1000,1000,0,0,0,0
1785437826.9673004,A1850_B1850,1,1850,1850,0.85,0.85,1518719445,1850,1850,1000,1000,0,0,0,0
1785437826.9921613,A1850_B1850,1,1850,1850,0.85,0.85,1518741614,1850,1850,1000,1000,0,0,0,0
1785437827.007564,A1850_B1850,1,1850,1850,0.85,0.85,1518760086,1850,1850,1000,1000,0,0,0,0
1785437827.0282056,A1850_B1850,1,1850,1850,0.85,0.85,1518779787,1850,1850,1000,1000,0,0,0,0
1785437827.0469959,A1850_B1850,1,1850,1850,0.85,0.85,1518799483,1850,1850,1000,1000,0,0,0,0
1785437827.0703275,A1850_B1850,1,1850,1850,0.85,0.85,1518819190,1850,1850,1000,1000,0,0,0,0
1785437827.0915596,A1850_B1850,1,1850,1850,0.85,0.85,1518840121,1850,1850,1000,1000,0,0,0,0
1785437827.1062093,A1850_B1850,1,1850,1850,0.85,0.85,1518859832,1850,1850,1000,1000,0,0,0,0
1785437827.1272128,A1850_B1850,1,1850,1850,0.85,0.85,1518879551,1850,1850,1000,1000,0,0,0,0
1785437827.1481714,A1850_B1850,1,1850,1850,0.85,0.85,1518901692,1850,1850,1000,1000,0,0,0,0
1785437827.1679423,A1850_B1850,1,1850,1850,0.85,0.85,1518920164,1850,1850,1000,1000,0,0,0,0
1785437827.191296,A1850_B1850,1,1850,1850,0.85,0.85,1518939918,1850,1850,1000,1000,0,0,0,0
1785437827.2062678,A1850_B1850,1,1850,1850,0.85,0.85,1518958335,1850,1850,1000,1000,0,0,0,0
1785437827.227176,A1850_B1850,1,1850,1850,0.85,0.85,1518980537,1850,1850,1000,1000,0,0,0,0
1785437827.2461681,A1850_B1850,1,1850,1850,0.85,0.85,1518997739,1850,1850,1000,1000,0,0,0,0
1785437827.2684567,A1850_B1850,1,1850,1850,0.85,0.85,1519021142,1850,1850,1000,1000,0,0,0,0
1785437827.2913413,A1850_B1850,1,1850,1850,0.85,0.85,1519040838,1850,1850,1000,1000,0,0,0,0
1785437827.3062172,A1850_B1850,1,1850,1850,0.85,0.85,1519058084,1850,1850,1000,1000,0,0,0,0
1785437827.3271956,A1850_B1850,1,1850,1850,0.85,0.85,1519080238,1850,1850,1000,1000,0,0,0,0
1785437827.3481767,A1850_B1850,1,1850,1850,0.85,0.85,1519101179,1850,1850,1000,1000,0,0,0,0
1785437827.3679333,A1850_B1850,1,1850,1850,0.85,0.85,1519120884,1850,1850,1000,1000,0,0,0,0
1785437827.3916078,A1850_B1850,1,1850,1850,0.85,0.85,1519140582,1850,1850,1000,1000,0,0,0,0
1785437827.4062178,A1850_B1850,1,1850,1850,0.85,0.85,1519157821,1850,1850,1000,1000,0,0,0,0
1785437827.4272358,A1850_B1850,1,1850,1850,0.85,0.85,1519178755,1850,1850,1000,1000,0,0,0,0
1785437827.44618,A1850_B1850,1,1850,1850,0.85,0.85,1519198454,1850,1850,1000,1000,0,0,0,0
1785437827.4681418,A1850_B1850,1,1850,1850,0.85,0.85,1519220618,1850,1850,1000,1000,0,0,0,0
1785437827.491316,A1850_B1850,1,1850,1850,0.85,0.85,1519240320,1850,1850,1000,1000,0,0,0,0
1785437827.5062666,A1850_B1850,1,1850,1850,0.85,0.85,1519258818,1850,1850,1000,1000,0,0,0,0
1785437827.5272448,A1850_B1850,1,1850,1850,0.85,0.85,1519278494,1850,1850,1000,1000,0,0,0,0
1785437827.5494308,A1850_B1850,1,1850,1850,0.85,0.85,1519300659,1850,1850,1000,1000,0,0,0,0
1785437827.567898,A1850_B1850,1,1850,1850,0.85,0.85,1519320361,1850,1850,1000,1000,0,0,0,0
1785437827.5918374,A1850_B1850,1,1850,1850,0.85,0.85,1519341300,1850,1850,1000,1000,0,0,0,0
1785437827.608535,A1850_B1850,1,1850,1850,0.85,0.85,1519361001,1850,1850,1000,1000,0,0,0,0
1785437827.6262841,A1850_B1850,1,1850,1850,0.85,0.85,1519378242,1850,1850,1000,1000,0,0,0,0
1785437827.6481056,A1850_B1850,1,1850,1850,0.85,0.85,1519400402,1850,1850,1000,1000,0,0,0,0
1785437827.6679606,A1850_B1850,1,1850,1850,0.85,0.85,1519420109,1850,1850,1000,1000,0,0,0,0
1785437827.691319,A1850_B1850,1,1850,1850,0.85,0.85,1519441043,1850,1850,1000,1000,0,0,0,0
1785437827.7070315,A1850_B1850,1,1850,1850,0.85,0.85,1519460748,1850,1850,1000,1000,0,0,0,0
1785437827.7285266,A1850_B1850,1,1850,1850,0.85,0.85,1519480459,1850,1850,1000,1000,0,0,0,0
1785437827.7466877,A1850_B1850,1,1850,1850,0.85,0.85,1519500150,1850,1850,1000,1000,0,0,0,0
1785437827.7679117,A1850_B1850,1,1850,1850,0.85,0.85,1519518618,1850,1850,1000,1000,0,0,0,0
1785437827.7916312,A1850_B1850,1,1850,1850,0.85,0.85,1519540781,1850,1850,1000,1000,0,0,0,0
1785437827.806213,A1850_B1850,1,1850,1850,0.85,0.85,1519558023,1850,1850,1000,1000,0,0,0,0
1785437827.8272014,A1850_B1850,1,1850,1850,0.85,0.85,1519580184,1850,1850,1000,1000,0,0,0,0
1785437827.848339,A1850_B1850,1,1850,1850,0.85,0.85,1519601147,1850,1850,1000,1000,0,0,0,0
1785437827.8671281,A1850_B1850,1,1850,1850,0.85,0.85,1519618365,1850,1850,1000,1000,0,0,0,0
1785437827.891326,A1850_B1850,1,1850,1850,0.85,0.85,1519640523,1850,1850,1000,1000,0,0,0,0
1785437827.9072242,A1850_B1850,1,1850,1850,0.85,0.85,1519660239,1850,1850,1000,1000,0,0,0,0
1785437827.9282258,A1850_B1850,1,1850,1850,0.85,0.85,1519681208,1850,1850,1000,1000,0,0,0,0
1785437827.947387,A1850_B1850,1,1850,1850,0.85,0.85,1519700864,1850,1850,1000,1000,0,0,0,0
1785437827.9695442,A1850_B1850,1,1850,1850,0.85,0.85,1519720560,1850,1850,1000,1000,0,0,0,0
1785437827.9893858,A1850_B1850,1,1850,1850,0.85,0.85,1519737803,1850,1850,1000,1000,0,0,0,0
1785437828.0082483,A1850_B1850,1,1850,1850,0.85,0.85,1519761202,1850,1850,1000,1000,0,0,0,0
1785437828.027289,A1850_B1850,1,1850,1850,0.85,0.85,1519780905,1850,1850,1000,1000,0,0,0,0
1785437828.0482397,A1850_B1850,1,1850,1850,0.85,0.85,1519800606,1850,1850,1000,1000,0,0,0,0
1785437828.0701225,A1850_B1850,1,1850,1850,0.85,0.85,1519820310,1850,1850,1000,1000,0,0,0,0
1785437828.0894122,A1850_B1850,1,1850,1850,0.85,0.85,1519838776,1850,1850,1000,1000,0,0,0,0
1785437828.1072876,A1850_B1850,1,1850,1850,0.85,0.85,1519858487,1850,1850,1000,1000,0,0,0,0
1785437828.1282337,A1850_B1850,1,1850,1850,0.85,0.85,1519880642,1850,1850,1000,1000,0,0,0,0
1785437828.1464689,A1850_B1850,1,1850,1850,0.85,0.85,1519897893,1850,1850,1000,1000,0,0,0,0
1785437828.1695309,A1850_B1850,1,1850,1850,0.85,0.85,1519921288,1850,1850,1000,1000,0,0,0,0
1785437828.1893325,A1850_B1850,1,1850,1850,0.85,0.85,1519938524,1850,1850,1000,1000,0,0,0,0
1785437828.2095482,A1850_B1850,1,1850,1850,0.85,0.85,1519961915,1850,1850,1000,1000,0,0,0,0
1785437828.2272396,A1850_B1850,1,1850,1850,0.85,0.85,1519979161,1850,1850,1000,1000,0,0,0,0
1785437828.2488716,A1850_B1850,1,1850,1850,0.85,0.85,1520001317,1850,1850,1000,1000,0,0,0,0
1785437828.2671454,A1850_B1850,1,1850,1850,0.85,0.85,1520019792,1850,1850,1000,1000,0,0,0,0
1785437828.2913735,A1850_B1850,1,1850,1850,0.85,0.85,1520041967,1850,1850,1000,1000,0,0,0,0
1785437828.3062165,A1850_B1850,1,1850,1850,0.85,0.85,1520059197,1850,1850,1000,1000,0,0,0,0
1785437828.3276544,A1850_B1850,1,1850,1850,0.85,0.85,1520078900,1850,1850,1000,1000,0,0,0,0
1785437828.3486187,A1850_B1850,1,1850,1850,0.85,0.85,1520098600,1850,1850,1000,1000,0,0,0,0
1785437828.3678193,A1850_B1850,1,1850,1850,0.85,0.85,1520119538,1850,1850,1000,1000,0,0,0,0
1785437828.3923652,A1850_B1850,1,1850,1850,0.85,0.85,1520141701,1850,1850,1000,1000,0,0,0,0
1785437828.4072132,A1850_B1850,1,1850,1850,0.85,0.85,1520158948,1850,1850,1000,1000,0,0,0,0
1785437828.4282117,A1850_B1850,1,1850,1850,0.85,0.85,1520181111,1850,1850,1000,1000,0,0,0,0
1785437828.4463065,A1850_B1850,1,1850,1850,0.85,0.85,1520199578,1850,1850,1000,1000,0,0,0,0
1785437828.4696333,A1850_B1850,1,1850,1850,0.85,0.85,1520221740,1850,1850,1000,1000,0,0,0,0
1785437828.4903007,A1850_B1850,1,1850,1850,0.85,0.85,1520238986,1850,1850,1000,1000,0,0,0,0
1785437828.5082197,A1850_B1850,1,1850,1850,0.85,0.85,1520261148,1850,1850,1000,1000,0,0,0,0
1785437828.5267515,A1850_B1850,1,1850,1850,0.85,0.85,1520279617,1850,1850,1000,1000,0,0,0,0
1785437828.5472486,A1850_B1850,1,1850,1850,0.85,0.85,1520299333,1850,1850,1000,1000,0,0,0,0
1785437828.5670276,A1850_B1850,1,1850,1850,0.85,0.85,1520319021,1850,1850,1000,1000,0,0,0,0
1785437828.5903559,A1850_B1850,1,1850,1850,0.85,0.85,1520341198,1850,1850,1000,1000,0,0,0,0
1785437828.6082513,A1850_B1850,1,1850,1850,0.85,0.85,1520359662,1850,1850,1000,1000,0,0,0,0
1785437828.62631,A1850_B1850,1,1850,1850,0.85,0.85,1520379359,1850,1850,1000,1000,0,0,0,0
1785437828.6472414,A1850_B1850,1,1850,1850,0.85,0.85,1520399059,1850,1850,1000,1000,0,0,0,0
1785437828.669632,A1850_B1850,1,1850,1850,0.85,0.85,1520421229,1850,1850,1000,1000,0,0,0,0
1785437828.6903324,A1850_B1850,1,1850,1850,0.85,0.85,1520439700,1850,1850,1000,1000,0,0,0,0
1785437828.7082753,A1850_B1850,1,1850,1850,0.85,0.85,1520461866,1850,1850,1000,1000,0,0,0,0
1785437828.7274547,A1850_B1850,1,1850,1850,0.85,0.85,1520479101,1850,1850,1000,1000,0,0,0,0
1785437828.7472212,A1850_B1850,1,1850,1850,0.85,0.85,1520498808,1850,1850,1000,1000,0,0,0,0
1785437828.767055,A1850_B1850,1,1850,1850,0.85,0.85,1520519741,1850,1850,1000,1000,0,0,0,0
1785437828.79048,A1850_B1850,1,1850,1850,0.85,0.85,1520539438,1850,1850,1000,1000,0,0,0,0
1785437828.8088517,A1850_B1850,1,1850,1850,0.85,0.85,1520561604,1850,1850,1000,1000,0,0,0,0
1785437828.82642,A1850_B1850,1,1850,1850,0.85,0.85,1520578845,1850,1850,1000,1000,0,0,0,0
1785437828.8473723,A1850_B1850,1,1850,1850,0.85,0.85,1520599780,1850,1850,1000,1000,0,0,0,0
1785437828.8708956,A1850_B1850,1,1850,1850,0.85,0.85,1520621945,1850,1850,1000,1000,0,0,0,0
1785437828.89036,A1850_B1850,1,1850,1850,0.85,0.85,1520639182,1850,1850,1000,1000,0,0,0,0
1785437828.9088545,A1850_B1850,1,1850,1850,0.85,0.85,1520661350,1850,1850,1000,1000,0,0,0,0
1785437828.9267335,A1850_B1850,1,1850,1850,0.85,0.85,1520679816,1850,1850,1000,1000,0,0,0,0
1785437828.948371,A1850_B1850,1,1850,1850,0.85,0.85,1520699564,1850,1850,1000,1000,0,0,0,0
1785437828.9670491,A1850_B1850,1,1850,1850,0.85,0.85,1520719223,1850,1850,1000,1000,0,0,0,0
1785437828.9909015,A1850_B1850,1,1850,1850,0.85,0.85,1520741399,1850,1850,1000,1000,0,0,0,0
1785437829.0087206,A1850_B1850,1,1850,1850,0.85,0.85,1520761098,1850,1850,1000,1000,0,0,0,0
1785437829.0272942,A1850_B1850,1,1850,1850,0.85,0.85,1520779557,1850,1850,1000,1000,0,0,0,0
1785437829.0482802,A1850_B1850,1,1850,1850,0.85,0.85,1520801726,1850,1850,1000,1000,0,0,0,0
1785437829.069637,A1850_B1850,1,1850,1850,0.85,0.85,1520818969,1850,1850,1000,1000,0,0,0,0
1785437829.0905323,A1850_B1850,1,1850,1850,0.85,0.85,1520838672,1850,1850,1000,1000,0,0,0,0
1785437829.108378,A1850_B1850,1,1850,1850,0.85,0.85,1520859604,1850,1850,1000,1000,0,0,0,0
1785437829.1263094,A1850_B1850,1,1850,1850,0.85,0.85,1520879340,1850,1850,1000,1000,0,0,0,0
1785437829.1476429,A1850_B1850,1,1850,1850,0.85,0.85,1520899008,1850,1850,1000,1000,0,0,0,0
1785437829.1694384,A1850_B1850,1,1850,1850,0.85,0.85,1520921195,1850,1850,1000,1000,0,0,0,0
1785437829.1913676,A1850_B1850,1,1850,1850,0.85,0.85,1520939638,1850,1850,1000,1000,0,0,0,0
1785437829.2069633,A1850_B1850,1,1850,1850,0.85,0.85,1520956884,1850,1850,1000,1000,0,0,0,0
1785437829.2274117,A1850_B1850,1,1850,1850,0.85,0.85,1520980279,1850,1850,1000,1000,0,0,0,0
1785437829.2463365,A1850_B1850,1,1850,1850,0.85,0.85,1520997517,1850,1850,1000,1000,0,0,0,0
1785437829.2684295,A1850_B1850,1,1850,1850,0.85,0.85,1521019710,1850,1850,1000,1000,0,0,0,0
1785437829.291346,A1850_B1850,1,1850,1850,0.85,0.85,1521040611,1850,1850,1000,1000,0,0,0,0
1785437829.3063066,A1850_B1850,1,1850,1850,0.85,0.85,1521057852,1850,1850,1000,1000,0,0,0,0
1785437829.3273516,A1850_B1850,1,1850,1850,0.85,0.85,1521080021,1850,1850,1000,1000,0,0,0,0
1785437829.3482404,A1850_B1850,1,1850,1850,0.85,0.85,1521099722,1850,1850,1000,1000,0,0,0,0
1785437829.36805,A1850_B1850,1,1850,1850,0.85,0.85,1521120652,1850,1850,1000,1000,0,0,0,0
1785437829.3913212,A1850_B1850,1,1850,1850,0.85,0.85,1521140360,1850,1850,1000,1000,0,0,0,0
1785437829.4067233,A1850_B1850,1,1850,1850,0.85,0.85,1521157594,1850,1850,1000,1000,0,0,0,0
1785437829.4275591,A1850_B1850,1,1850,1850,0.85,0.85,1521179764,1850,1850,1000,1000,0,0,0,0
1785437829.4462454,A1850_B1850,1,1850,1850,0.85,0.85,1521198239,1850,1850,1000,1000,0,0,0,0
1785437829.4696648,A1850_B1850,1,1850,1850,0.85,0.85,1521220402,1850,1850,1000,1000,0,0,0,0
1785437829.489466,A1850_B1850,1,1850,1850,0.85,0.85,1521237637,1850,1850,1000,1000,0,0,0,0
1785437829.5082471,A1850_B1850,1,1850,1850,0.85,0.85,1521259800,1850,1850,1000,1000,0,0,0,0
1785437829.5263052,A1850_B1850,1,1850,1850,0.85,0.85,1521278271,1850,1850,1000,1000,0,0,0,0
1785437829.547349,A1850_B1850,1,1850,1850,0.85,0.85,1521300438,1850,1850,1000,1000,0,0,0,0
1785437829.5709293,A1850_B1850,1,1850,1850,0.85,0.85,1521322604,1850,1850,1000,1000,0,0,0,0
1785437829.5918562,A1850_B1850,1,1850,1850,0.85,0.85,1521342307,1850,1850,1000,1000,0,0,0,0
1785437829.6067264,A1850_B1850,1,1850,1850,0.85,0.85,1521358321,1850,1850,1000,1000,0,0,0,0
1785437829.628069,A1850_B1850,1,1850,1850,0.85,0.85,1521380484,1850,1850,1000,1000,0,0,0,0
1785437829.6484098,A1850_B1850,1,1850,1850,0.85,0.85,1521400181,1850,1850,1000,1000,0,0,0,0
1785437829.6683714,A1850_B1850,1,1850,1850,0.85,0.85,1521419882,1850,1850,1000,1000,0,0,0,0
1785437829.691899,A1850_B1850,1,1850,1850,0.85,0.85,1521440847,1850,1850,1000,1000,0,0,0,0
1785437829.7069519,A1850_B1850,1,1850,1850,0.85,0.85,1521458057,1850,1850,1000,1000,0,0,0,0
1785437829.7275226,A1850_B1850,1,1850,1850,0.85,0.85,1521480225,1850,1850,1000,1000,0,0,0,0
1785437829.7472746,A1850_B1850,1,1850,1850,0.85,0.85,1521499924,1850,1850,1000,1000,0,0,0,0
1785437829.7696414,A1850_B1850,1,1850,1850,0.85,0.85,1521519627,1850,1850,1000,1000,0,0,0,0
1785437829.7893877,A1850_B1850,1,1850,1850,0.85,0.85,1521538098,1850,1850,1000,1000,0,0,0,0
1785437829.80732,A1850_B1850,1,1850,1850,0.85,0.85,1521560260,1850,1850,1000,1000,0,0,0,0
1785437829.8283548,A1850_B1850,1,1850,1850,0.85,0.85,1521579972,1850,1850,1000,1000,0,0,0,0
1785437829.8462605,A1850_B1850,1,1850,1850,0.85,0.85,1521599664,1850,1850,1000,1000,0,0,0,0
1785437829.8682177,A1850_B1850,1,1850,1850,0.85,0.85,1521620600,1850,1850,1000,1000,0,0,0,0
1785437829.8893692,A1850_B1850,1,1850,1850,0.85,0.85,1521637846,1850,1850,1000,1000,0,0,0,0
1785437829.907336,A1850_B1850,1,1850,1850,0.85,0.85,1521660006,1850,1850,1000,1000,0,0,0,0
1785437829.9284656,A1850_B1850,1,1850,1850,0.85,0.85,1521679708,1850,1850,1000,1000,0,0,0,0
1785437829.9462621,A1850_B1850,1,1850,1850,0.85,0.85,1521698176,1850,1850,1000,1000,0,0,0,0
1785437829.969516,A1850_B1850,1,1850,1850,0.85,0.85,1521720343,1850,1850,1000,1000,0,0,0,0
1785437829.9896352,A1850_B1850,1,1850,1850,0.85,0.85,1521740045,1850,1850,1000,1000,0,0,0,0
1785437830.0073097,A1850_B1850,1,1850,1850,0.85,0.85,1521759746,1850,1850,1000,1000,0,0,0,0
1785437830.0283806,A1850_B1850,1,1850,1850,0.85,0.85,1521780685,1850,1850,1000,1000,0,0,0,0
1785437830.0463104,A1850_B1850,1,1850,1850,0.85,0.85,1521797919,1850,1850,1000,1000,0,0,0,0
1785437830.0703094,A1850_B1850,1,1850,1850,0.85,0.85,1521820099,1850,1850,1000,1000,0,0,0,0
1785437830.0894127,A1850_B1850,1,1850,1850,0.85,0.85,1521839787,1850,1850,1000,1000,0,0,0,0
1785437830.107339,A1850_B1850,1,1850,1850,0.85,0.85,1521860726,1850,1850,1000,1000,0,0,0,0
1785437830.126423,A1850_B1850,1,1850,1850,0.85,0.85,1521877966,1850,1850,1000,1000,0,0,0,0
1785437830.1484396,A1850_B1850,1,1850,1850,0.85,0.85,1521900126,1850,1850,1000,1000,0,0,0,0
1785437830.1670215,A1850_B1850,1,1850,1850,0.85,0.85,1521919830,1850,1850,1000,1000,0,0,0,0
1785437830.1927507,A1850_B1850,1,1850,1850,0.85,0.85,1521943227,1850,1850,1000,1000,0,0,0,0
1785437830.2084455,A1850_B1850,1,1850,1850,0.85,0.85,1521960458,1850,1850,1000,1000,0,0,0,0
1785437830.229025,A1850_B1850,1,1850,1850,0.85,0.85,1521981396,1850,1850,1000,1000,0,0,0,0
1785437830.2462769,A1850_B1850,1,1850,1850,0.85,0.85,1521998637,1850,1850,1000,1000,0,0,0,0
1785437830.270863,A1850_B1850,1,1850,1850,0.85,0.85,1522020801,1850,1850,1000,1000,0,0,0,0
1785437830.2894008,A1850_B1850,1,1850,1850,0.85,0.85,1522039272,1850,1850,1000,1000,0,0,0,0
1785437830.3079233,A1850_B1850,1,1850,1850,0.85,0.85,1522061447,1850,1850,1000,1000,0,0,0,0
1785437830.327513,A1850_B1850,1,1850,1850,0.85,0.85,1522078678,1850,1850,1000,1000,0,0,0,0
1785437830.348356,A1850_B1850,1,1850,1850,0.85,0.85,1522100845,1850,1850,1000,1000,0,0,0,0
1785437830.3674517,A1850_B1850,1,1850,1850,0.85,0.85,1522119311,1850,1850,1000,1000,0,0,0,0
1785437830.3903759,A1850_B1850,1,1850,1850,0.85,0.85,1522139052,1850,1850,1000,1000,0,0,0,0
1785437830.4083126,A1850_B1850,1,1850,1850,0.85,0.85,1522161188,1850,1850,1000,1000,0,0,0,0
1785437830.4262776,A1850_B1850,1,1850,1850,0.85,0.85,1522178420,1850,1850,1000,1000,0,0,0,0
1785437830.4472804,A1850_B1850,1,1850,1850,0.85,0.85,1522198122,1850,1850,1000,1000,0,0,0,0
1785437830.4696848,A1850_B1850,1,1850,1850,0.85,0.85,1522221518,1850,1850,1000,1000,0,0,0,0
1785437830.4903653,A1850_B1850,1,1850,1850,0.85,0.85,1522238759,1850,1850,1000,1000,0,0,0,0
1785437830.5083125,A1850_B1850,1,1850,1850,0.85,0.85,1522260920,1850,1850,1000,1000,0,0,0,0
1785437830.5262833,A1850_B1850,1,1850,1850,0.85,0.85,1522278161,1850,1850,1000,1000,0,0,0,0
1785437830.5472808,A1850_B1850,1,1850,1850,0.85,0.85,1522299102,1850,1850,1000,1000,0,0,0,0
1785437830.5671062,A1850_B1850,1,1850,1850,0.85,0.85,1522318806,1850,1850,1000,1000,0,0,0,0
1785437830.5906882,A1850_B1850,1,1850,1850,0.85,0.85,1522340965,1850,1850,1000,1000,0,0,0,0
1785437830.608304,A1850_B1850,1,1850,1850,0.85,0.85,1522360669,1850,1850,1000,1000,0,0,0,0
1785437830.626302,A1850_B1850,1,1850,1850,0.85,0.85,1522379140,1850,1850,1000,1000,0,0,0,0
1785437830.6472836,A1850_B1850,1,1850,1850,0.85,0.85,1522398835,1850,1850,1000,1000,0,0,0,0
1785437830.6697886,A1850_B1850,1,1850,1850,0.85,0.85,1522421007,1850,1850,1000,1000,0,0,0,0
1785437830.690402,A1850_B1850,1,1850,1850,0.85,0.85,1522440708,1850,1850,1000,1000,0,0,0,0
1785437830.7093298,A1850_B1850,1,1850,1850,0.85,0.85,1522461642,1850,1850,1000,1000,0,0,0,0
1785437830.7273014,A1850_B1850,1,1850,1850,0.85,0.85,1522478876,1850,1850,1000,1000,0,0,0,0
1785437830.746288,A1850_B1850,1,1850,1850,0.85,0.85,1522498579,1850,1850,1000,1000,0,0,0,0
1785437830.7680213,A1850_B1850,1,1850,1850,0.85,0.85,1522520750,1850,1850,1000,1000,0,0,0,0
1785437830.789443,A1850_B1850,1,1850,1850,0.85,0.85,1522539218,1850,1850,1000,1000,0,0,0,0
1785437830.808467,A1850_B1850,1,1850,1850,0.85,0.85,1522561377,1850,1850,1000,1000,0,0,0,0
1785437830.8263297,A1850_B1850,1,1850,1850,0.85,0.85,1522578620,1850,1850,1000,1000,0,0,0,0
1785437830.8473065,A1850_B1850,1,1850,1850,0.85,0.85,1522600791,1850,1850,1000,1000,0,0,0,0
1785437830.8707352,A1850_B1850,1,1850,1850,0.85,0.85,1522621715,1850,1850,1000,1000,0,0,0,0
1785437830.8903925,A1850_B1850,1,1850,1850,0.85,0.85,1522638973,1850,1850,1000,1000,0,0,0,0
1785437830.908771,A1850_B1850,1,1850,1850,0.85,0.85,1522661125,1850,1850,1000,1000,0,0,0,0
1785437830.9262977,A1850_B1850,1,1850,1850,0.85,0.85,1522678360,1850,1850,1000,1000,0,0,0,0
1785437830.9480262,A1850_B1850,1,1850,1850,0.85,0.85,1522701767,1850,1850,1000,1000,0,0,0,0
1785437830.9670095,A1850_B1850,1,1850,1850,0.85,0.85,1522719001,1850,1850,1000,1000,0,0,0,0
1785437830.9913757,A1850_B1850,1,1850,1850,0.85,0.85,1522741171,1850,1850,1000,1000,0,0,0,0
1785437831.0076451,A1850_B1850,1,1850,1850,0.85,0.85,1522760874,1850,1850,1000,1000,0,0,0,0
1785437831.028298,A1850_B1850,1,1850,1850,0.85,0.85,1522781799,1850,1850,1000,1000,0,0,0,0
1785437831.046597,A1850_B1850,1,1850,1850,0.85,0.85,1522799042,1850,1850,1000,1000,0,0,0,0
1785437831.0704098,A1850_B1850,1,1850,1850,0.85,0.85,1522818740,1850,1850,1000,1000,0,0,0,0
1785437831.0913968,A1850_B1850,1,1850,1850,0.85,0.85,1522840944,1850,1850,1000,1000,0,0,0,0
1785437831.1065335,A1850_B1850,1,1850,1850,0.85,0.85,1522858146,1850,1850,1000,1000,0,0,0,0
1785437831.1273408,A1850_B1850,1,1850,1850,0.85,0.85,1522879083,1850,1850,1000,1000,0,0,0,0
1785437831.1483462,A1850_B1850,1,1850,1850,0.85,0.85,1522901245,1850,1850,1000,1000,0,0,0,0
1785437831.168108,A1850_B1850,1,1850,1850,0.85,0.85,1522918485,1850,1850,1000,1000,0,0,0,0
1785437831.1895428,A1850_B1850,1,1850,1850,0.85,0.85,1522938193,1850,1850,1000,1000,0,0,0,0
1785437831.207517,A1850_B1850,1,1850,1850,0.85,0.85,1522959121,1850,1850,1000,1000,0,0,0,0
1785437831.2264693,A1850_B1850,1,1850,1850,0.85,0.85,1522980054,1850,1850,1000,1000,0,0,0,0
1785437831.2483644,A1850_B1850,1,1850,1850,0.85,0.85,1522999761,1850,1850,1000,1000,0,0,0,0
1785437831.2673535,A1850_B1850,1,1850,1850,0.85,0.85,1523019458,1850,1850,1000,1000,0,0,0,0
1785437831.29147,A1850_B1850,1,1850,1850,0.85,0.85,1523040388,1850,1850,1000,1000,0,0,0,0
1785437831.306585,A1850_B1850,1,1850,1850,0.85,0.85,1523060098,1850,1850,1000,1000,0,0,0,0
1785437831.3274002,A1850_B1850,1,1850,1850,0.85,0.85,1523079792,1850,1850,1000,1000,0,0,0,0
1785437831.3483956,A1850_B1850,1,1850,1850,0.85,0.85,1523099502,1850,1850,1000,1000,0,0,0,0
1785437831.3670247,A1850_B1850,1,1850,1850,0.85,0.85,1523119198,1850,1850,1000,1000,0,0,0,0
1785437831.3904326,A1850_B1850,1,1850,1850,0.85,0.85,1523140131,1850,1850,1000,1000,0,0,0,0
1785437831.406326,A1850_B1850,1,1850,1850,0.85,0.85,1523159838,1850,1850,1000,1000,0,0,0,0
1785437831.4278176,A1850_B1850,1,1850,1850,0.85,0.85,1523179548,1850,1850,1000,1000,0,0,0,0
1785437831.448345,A1850_B1850,1,1850,1850,0.85,0.85,1523201704,1850,1850,1000,1000,0,0,0,0
1785437831.4672744,A1850_B1850,1,1850,1850,0.85,0.85,1523217714,1850,1850,1000,1000,0,0,0,0
1785437831.4914033,A1850_B1850,1,1850,1850,0.85,0.85,1523239881,1850,1850,1000,1000,0,0,0,0
1785437831.5063179,A1850_B1850,1,1850,1850,0.85,0.85,1523259580,1850,1850,1000,1000,0,0,0,0
1785437831.527313,A1850_B1850,1,1850,1850,0.85,0.85,1523279279,1850,1850,1000,1000,0,0,0,0
1785437831.549184,A1850_B1850,1,1850,1850,0.85,0.85,1523302687,1850,1850,1000,1000,0,0,0,0
1785437831.5683198,A1850_B1850,1,1850,1850,0.85,0.85,1523319914,1850,1850,1000,1000,0,0,0,0
1785437831.5894003,A1850_B1850,1,1850,1850,0.85,0.85,1523339625,1850,1850,1000,1000,0,0,0,0
1785437831.608566,A1850_B1850,1,1850,1850,0.85,0.85,1523361786,1850,1850,1000,1000,0,0,0,0
1785437831.6270976,A1850_B1850,1,1850,1850,0.85,0.85,1523380261,1850,1850,1000,1000,0,0,0,0
1785437831.6483529,A1850_B1850,1,1850,1850,0.85,0.85,1523399961,1850,1850,1000,1000,0,0,0,0
1785437831.668333,A1850_B1850,1,1850,1850,0.85,0.85,1523419661,1850,1850,1000,1000,0,0,0,0
1785437831.6914265,A1850_B1850,1,1850,1850,0.85,0.85,1523441851,1850,1850,1000,1000,0,0,0,0
1785437831.7067316,A1850_B1850,1,1850,1850,0.85,0.85,1523457850,1850,1850,1000,1000,0,0,0,0
1785437831.727325,A1850_B1850,1,1850,1850,0.85,0.85,1523480004,1850,1850,1000,1000,0,0,0,0
1785437831.7483203,A1850_B1850,1,1850,1850,0.85,0.85,1523499707,1850,1850,1000,1000,0,0,0,0
1785437831.7670734,A1850_B1850,1,1850,1850,0.85,0.85,1523519405,1850,1850,1000,1000,0,0,0,0
1785437831.7904212,A1850_B1850,1,1850,1850,0.85,0.85,1523540336,1850,1850,1000,1000,0,0,0,0
1785437831.8083212,A1850_B1850,1,1850,1850,0.85,0.85,1523560035,1850,1850,1000,1000,0,0,0,0
1785437831.827401,A1850_B1850,1,1850,1850,0.85,0.85,1523579743,1850,1850,1000,1000,0,0,0,0
1785437831.8473253,A1850_B1850,1,1850,1850,0.85,0.85,1523599441,1850,1850,1000,1000,0,0,0,0
1785437831.8672926,A1850_B1850,1,1850,1850,0.85,0.85,1523616685,1850,1850,1000,1000,0,0,0,0
1785437831.890403,A1850_B1850,1,1850,1850,0.85,0.85,1523640076,1850,1850,1000,1000,0,0,0,0
1785437831.9083247,A1850_B1850,1,1850,1850,0.85,0.85,1523659817,1850,1850,1000,1000,0,0,0,0
1785437831.9263256,A1850_B1850,1,1850,1850,0.85,0.85,1523679478,1850,1850,1000,1000,0,0,0,0
1785437831.9484468,A1850_B1850,1,1850,1850,0.85,0.85,1523699183,1850,1850,1000,1000,0,0,0,0
1785437831.9671319,A1850_B1850,1,1850,1850,0.85,0.85,1523720172,1850,1850,1000,1000,0,0,0,0
1785437831.9914508,A1850_B1850,1,1850,1850,0.85,0.85,1523739825,1850,1850,1000,1000,0,0,0,0
1785437832.007355,A1850_B1850,1,1850,1850,0.85,0.85,1523759522,1850,1850,1000,1000,0,0,0,0
1785437832.0283287,A1850_B1850,1,1850,1850,0.85,0.85,1523781693,1850,1850,1000,1000,0,0,0,0
1785437832.046363,A1850_B1850,1,1850,1850,0.85,0.85,1523797697,1850,1850,1000,1000,0,0,0,0
1785437832.0702307,A1850_B1850,1,1850,1850,0.85,0.85,1523819862,1850,1850,1000,1000,0,0,0,0
1785437832.0896764,A1850_B1850,1,1850,1850,0.85,0.85,1523839562,1850,1850,1000,1000,0,0,0,0
1785437832.1073306,A1850_B1850,1,1850,1850,0.85,0.85,1523859284,1850,1850,1000,1000,0,0,0,0
1785437832.1283298,A1850_B1850,1,1850,1850,0.85,0.85,1523880202,1850,1850,1000,1000,0,0,0,0
1785437832.1465287,A1850_B1850,1,1850,1850,0.85,0.85,1523897443,1850,1850,1000,1000,0,0,0,0
1785437832.168324,A1850_B1850,1,1850,1850,0.85,0.85,1523919607,1850,1850,1000,1000,0,0,0,0
1785437832.1927054,A1850_B1850,1,1850,1850,0.85,0.85,1523941782,1850,1850,1000,1000,0,0,0,0
1785437832.2074168,A1850_B1850,1,1850,1850,0.85,0.85,1523960237,1850,1850,1000,1000,0,0,0,0
1785437832.2289011,A1850_B1850,1,1850,1850,0.85,0.85,1523977487,1850,1850,1000,1000,0,0,0,0
1785437832.246411,A1850_B1850,1,1850,1850,0.85,0.85,1523998415,1850,1850,1000,1000,0,0,0,0
1785437832.2706623,A1850_B1850,1,1850,1850,0.85,0.85,1524020577,1850,1850,1000,1000,0,0,0,0
1785437832.2894895,A1850_B1850,1,1850,1850,0.85,0.85,1524037824,1850,1850,1000,1000,0,0,0,0
1785437832.307608,A1850_B1850,1,1850,1850,0.85,0.85,1524058755,1850,1850,1000,1000,0,0,0,0
1785437832.3283615,A1850_B1850,1,1850,1850,0.85,0.85,1524080932,1850,1850,1000,1000,0,0,0,0
1785437832.347085,A1850_B1850,1,1850,1850,0.85,0.85,1524100619,1850,1850,1000,1000,0,0,0,0
1785437832.3680727,A1850_B1850,1,1850,1850,0.85,0.85,1524120322,1850,1850,1000,1000,0,0,0,0
1785437832.3905034,A1850_B1850,1,1850,1850,0.85,0.85,1524141252,1850,1850,1000,1000,0,0,0,0
1785437832.406341,A1850_B1850,1,1850,1850,0.85,0.85,1524158495,1850,1850,1000,1000,0,0,0,0
1785437832.4273465,A1850_B1850,1,1850,1850,0.85,0.85,1524180659,1850,1850,1000,1000,0,0,0,0
1785437832.4483674,A1850_B1850,1,1850,1850,0.85,0.85,1524200359,1850,1850,1000,1000,0,0,0,0
1785437832.4683053,A1850_B1850,1,1850,1850,0.85,0.85,1524218835,1850,1850,1000,1000,0,0,0,0
1785437832.491437,A1850_B1850,1,1850,1850,0.85,0.85,1524241001,1850,1850,1000,1000,0,0,0,0
1785437832.5064034,A1850_B1850,1,1850,1850,0.85,0.85,1524258236,1850,1850,1000,1000,0,0,0,0
1785437832.5273476,A1850_B1850,1,1850,1850,0.85,0.85,1524280395,1850,1850,1000,1000,0,0,0,0
1785437832.5463593,A1850_B1850,1,1850,1850,0.85,0.85,1524298873,1850,1850,1000,1000,0,0,0,0
1785437832.5683172,A1850_B1850,1,1850,1850,0.85,0.85,1524321042,1850,1850,1000,1000,0,0,0,0
1785437832.5914693,A1850_B1850,1,1850,1850,0.85,0.85,1524340739,1850,1850,1000,1000,0,0,0,0
1785437832.6064122,A1850_B1850,1,1850,1850,0.85,0.85,1524357985,1850,1850,1000,1000,0,0,0,0
1785437832.6273546,A1850_B1850,1,1850,1850,0.85,0.85,1524378910,1850,1850,1000,1000,0,0,0,0
1785437832.6483605,A1850_B1850,1,1850,1850,0.85,0.85,1524401083,1850,1850,1000,1000,0,0,0,0
1785437832.6683216,A1850_B1850,1,1850,1850,0.85,0.85,1524420778,1850,1850,1000,1000,0,0,0,0
1785437832.6914568,A1850_B1850,1,1850,1850,0.85,0.85,1524440481,1850,1850,1000,1000,0,0,0,0
1785437832.7067673,A1850_B1850,1,1850,1850,0.85,0.85,1524460187,1850,1850,1000,1000,0,0,0,0
1785437832.7275233,A1850_B1850,1,1850,1850,0.85,0.85,1524478654,1850,1850,1000,1000,0,0,0,0
1785437832.746376,A1850_B1850,1,1850,1850,0.85,0.85,1524498355,1850,1850,1000,1000,0,0,0,0
1785437832.7680671,A1850_B1850,1,1850,1850,0.85,0.85,1524520520,1850,1850,1000,1000,0,0,0,0
1785437832.789441,A1850_B1850,1,1850,1850,0.85,0.85,1524537765,1850,1850,1000,1000,0,0,0,0
1785437832.8083556,A1850_B1850,1,1850,1850,0.85,0.85,1524561156,1850,1850,1000,1000,0,0,0,0
1785437832.8264139,A1850_B1850,1,1850,1850,0.85,0.85,1524578396,1850,1850,1000,1000,0,0,0,0
1785437832.8473737,A1850_B1850,1,1850,1850,0.85,0.85,1524600564,1850,1850,1000,1000,0,0,0,0
1785437832.8706462,A1850_B1850,1,1850,1850,0.85,0.85,1524622733,1850,1850,1000,1000,0,0,0,0
1785437832.8918734,A1850_B1850,1,1850,1850,0.85,0.85,1524641203,1850,1850,1000,1000,0,0,0,0
1785437832.908632,A1850_B1850,1,1850,1850,0.85,0.85,1524660899,1850,1850,1000,1000,0,0,0,0
1785437832.9264467,A1850_B1850,1,1850,1850,0.85,0.85,1524678144,1850,1850,1000,1000,0,0,0,0
1785437832.948096,A1850_B1850,1,1850,1850,0.85,0.85,1524700302,1850,1850,1000,1000,0,0,0,0
1785437832.9700673,A1850_B1850,1,1850,1850,0.85,0.85,1524721245,1850,1850,1000,1000,0,0,0,0
1785437832.99058,A1850_B1850,1,1850,1850,0.85,0.85,1524740948,1850,1850,1000,1000,0,0,0,0
1785437833.0083635,A1850_B1850,1,1850,1850,0.85,0.85,1524760650,1850,1850,1000,1000,0,0,0,0
1785437833.0270162,A1850_B1850,1,1850,1850,0.85,0.85,1524780349,1850,1850,1000,1000,0,0,0,0
1785437833.0473676,A1850_B1850,1,1850,1850,0.85,0.85,1524798817,1850,1850,1000,1000,0,0,0,0
1785437833.071679,A1850_B1850,1,1850,1850,0.85,0.85,1524820982,1850,1850,1000,1000,0,0,0,0
1785437833.0894475,A1850_B1850,1,1850,1850,0.85,0.85,1524838222,1850,1850,1000,1000,0,0,0,0
1785437833.1083672,A1850_B1850,1,1850,1850,0.85,0.85,1524860383,1850,1850,1000,1000,0,0,0,0
1785437833.1283863,A1850_B1850,1,1850,1850,0.85,0.85,1524881322,1850,1850,1000,1000,0,0,0,0
1785437833.1474936,A1850_B1850,1,1850,1850,0.85,0.85,1524898562,1850,1850,1000,1000,0,0,0,0
1785437833.168257,A1850_B1850,1,1850,1850,0.85,0.85,1524920721,1850,1850,1000,1000,0,0,0,0
1785437833.1905165,A1850_B1850,1,1850,1850,0.85,0.85,1524940423,1850,1850,1000,1000,0,0,0,0
1785437833.207423,A1850_B1850,1,1850,1850,0.85,0.85,1524958895,1850,1850,1000,1000,0,0,0,0
1785437833.2264576,A1850_B1850,1,1850,1850,0.85,0.85,1524978614,1850,1850,1000,1000,0,0,0,0
1785437833.2486112,A1850_B1850,1,1850,1850,0.85,0.85,1525002000,1850,1850,1000,1000,0,0,0,0
1785437833.2673507,A1850_B1850,1,1850,1850,0.85,0.85,1525019233,1850,1850,1000,1000,0,0,0,0
1785437833.2914915,A1850_B1850,1,1850,1850,0.85,0.85,1525041400,1850,1850,1000,1000,0,0,0,0
1785437833.3074217,A1850_B1850,1,1850,1850,0.85,0.85,1525059870,1850,1850,1000,1000,0,0,0,0
1785437833.3285434,A1850_B1850,1,1850,1850,0.85,0.85,1525079598,1850,1850,1000,1000,0,0,0,0
1785437833.3464866,A1850_B1850,1,1850,1850,0.85,0.85,1525099273,1850,1850,1000,1000,0,0,0,0
1785437833.3681111,A1850_B1850,1,1850,1850,0.85,0.85,1525118980,1850,1850,1000,1000,0,0,0,0
1785437833.3894827,A1850_B1850,1,1850,1850,0.85,0.85,1525137449,1850,1850,1000,1000,0,0,0,0
1785437833.407395,A1850_B1850,1,1850,1850,0.85,0.85,1525159612,1850,1850,1000,1000,0,0,0,0
1785437833.4284303,A1850_B1850,1,1850,1850,0.85,0.85,1525181783,1850,1850,1000,1000,0,0,0,0
1785437833.4464204,A1850_B1850,1,1850,1850,0.85,0.85,1525199019,1850,1850,1000,1000,0,0,0,0
1785437833.4698384,A1850_B1850,1,1850,1850,0.85,0.85,1525219957,1850,1850,1000,1000,0,0,0,0
1785437833.4894657,A1850_B1850,1,1850,1850,0.85,0.85,1525239650,1850,1850,1000,1000,0,0,0,0
1785437833.507512,A1850_B1850,1,1850,1850,0.85,0.85,1525259354,1850,1850,1000,1000,0,0,0,0
1785437833.529351,A1850_B1850,1,1850,1850,0.85,0.85,1525281524,1850,1850,1000,1000,0,0,0,0
1785437833.5473773,A1850_B1850,1,1850,1850,0.85,0.85,1525298764,1850,1850,1000,1000,0,0,0,0
1785437833.569837,A1850_B1850,1,1850,1850,0.85,0.85,1525322161,1850,1850,1000,1000,0,0,0,0
1785437833.5894613,A1850_B1850,1,1850,1850,0.85,0.85,1525339394,1850,1850,1000,1000,0,0,0,0
1785437833.6083505,A1850_B1850,1,1850,1850,0.85,0.85,1525361562,1850,1850,1000,1000,0,0,0,0
1785437833.6277018,A1850_B1850,1,1850,1850,0.85,0.85,1525378803,1850,1850,1000,1000,0,0,0,0
1785437833.6483815,A1850_B1850,1,1850,1850,0.85,0.85,1525399732,1850,1850,1000,1000,0,0,0,0
1785437833.6681833,A1850_B1850,1,1850,1850,0.85,0.85,1525419431,1850,1850,1000,1000,0,0,0,0
1785437833.69252,A1850_B1850,1,1850,1850,0.85,0.85,1525441603,1850,1850,1000,1000,0,0,0,0
1785437833.7073948,A1850_B1850,1,1850,1850,0.85,0.85,1525458843,1850,1850,1000,1000,0,0,0,0
1785437833.7284095,A1850_B1850,1,1850,1850,0.85,0.85,1525479777,1850,1850,1000,1000,0,0,0,0
1785437833.746586,A1850_B1850,1,1850,1850,0.85,0.85,1525499473,1850,1850,1000,1000,0,0,0,0
1785437833.7680967,A1850_B1850,1,1850,1850,0.85,0.85,1525519180,1850,1850,1000,1000,0,0,0,0
1785437833.791511,A1850_B1850,1,1850,1850,0.85,0.85,1525541340,1850,1850,1000,1000,0,0,0,0
1785437833.806497,A1850_B1850,1,1850,1850,0.85,0.85,1525559816,1850,1850,1000,1000,0,0,0,0
1785437833.8274052,A1850_B1850,1,1850,1850,0.85,0.85,1525579521,1850,1850,1000,1000,0,0,0,0
1785437833.846493,A1850_B1850,1,1850,1850,0.85,0.85,1525599219,1850,1850,1000,1000,0,0,0,0
1785437833.8683279,A1850_B1850,1,1850,1850,0.85,0.85,1525618926,1850,1850,1000,1000,0,0,0,0
1785437833.890049,A1850_B1850,1,1850,1850,0.85,0.85,1525639855,1850,1850,1000,1000,0,0,0,0
1785437833.9084828,A1850_B1850,1,1850,1850,0.85,0.85,1525659556,1850,1850,1000,1000,0,0,0,0
1785437833.9265292,A1850_B1850,1,1850,1850,0.85,0.85,1525679256,1850,1850,1000,1000,0,0,0,0
1785437833.9473891,A1850_B1850,1,1850,1850,0.85,0.85,1525698964,1850,1850,1000,1000,0,0,0,0
1785437833.9695408,A1850_B1850,1,1850,1850,0.85,0.85,1525719894,1850,1850,1000,1000,0,0,0,0
1785437833.9904928,A1850_B1850,1,1850,1850,0.85,0.85,1525739593,1850,1850,1000,1000,0,0,0,0
1785437834.008463,A1850_B1850,1,1850,1850,0.85,0.85,1525761764,1850,1850,1000,1000,0,0,0,0
1785437834.0265014,A1850_B1850,1,1850,1850,0.85,0.85,1525779007,1850,1850,1000,1000,0,0,0,0
1785437834.0474172,A1850_B1850,1,1850,1850,0.85,0.85,1525799938,1850,1850,1000,1000,0,0,0,0
1785437834.0695746,A1850_B1850,1,1850,1850,0.85,0.85,1525819635,1850,1850,1000,1000,0,0,0,0
1785437834.0905325,A1850_B1850,1,1850,1850,0.85,0.85,1525839341,1850,1850,1000,1000,0,0,0,0
1785437834.1084392,A1850_B1850,1,1850,1850,0.85,0.85,1525861502,1850,1850,1000,1000,0,0,0,0
1785437834.1267073,A1850_B1850,1,1850,1850,0.85,0.85,1525878743,1850,1850,1000,1000,0,0,0,0
1785437834.1474028,A1850_B1850,1,1850,1850,0.85,0.85,1525899676,1850,1850,1000,1000,0,0,0,0
1785437834.171305,A1850_B1850,1,1850,1850,0.85,0.85,1525921845,1850,1850,1000,1000,0,0,0,0
1785437834.1905172,A1850_B1850,1,1850,1850,0.85,0.85,1525939086,1850,1850,1000,1000,0,0,0,0
1785437834.2094047,A1850_B1850,1,1850,1850,0.85,0.85,1525961250,1850,1850,1000,1000,0,0,0,0
1785437834.2287927,A1850_B1850,1,1850,1850,0.85,0.85,1525982186,1850,1850,1000,1000,0,0,0,0
1785437834.2471685,A1850_B1850,1,1850,1850,0.85,0.85,1525998186,1850,1850,1000,1000,0,0,0,0
1785437834.2708013,A1850_B1850,1,1850,1850,0.85,0.85,1526020354,1850,1850,1000,1000,0,0,0,0
1785437834.2909307,A1850_B1850,1,1850,1850,0.85,0.85,1526040059,1850,1850,1000,1000,0,0,0,0
1785437834.308425,A1850_B1850,1,1850,1850,0.85,0.85,1526059757,1850,1850,1000,1000,0,0,0,0
1785437834.3271458,A1850_B1850,1,1850,1850,0.85,0.85,1526078228,1850,1850,1000,1000,0,0,0,0
1785437834.3481033,A1850_B1850,1,1850,1850,0.85,0.85,1526100393,1850,1850,1000,1000,0,0,0,0
1785437834.369592,A1850_B1850,1,1850,1850,0.85,0.85,1526120102,1850,1850,1000,1000,0,0,0,0
1785437834.389516,A1850_B1850,1,1850,1850,0.85,0.85,1526139798,1850,1850,1000,1000,0,0,0,0
1785437834.408412,A1850_B1850,1,1850,1850,0.85,0.85,1526160729,1850,1850,1000,1000,0,0,0,0
1785437834.4275236,A1850_B1850,1,1850,1850,0.85,0.85,1526180433,1850,1850,1000,1000,0,0,0,0
1785437834.4484365,A1850_B1850,1,1850,1850,0.85,0.85,1526200144,1850,1850,1000,1000,0,0,0,0
1785437834.4703114,A1850_B1850,1,1850,1850,0.85,0.85,1526219836,1850,1850,1000,1000,0,0,0,0
1785437834.4907727,A1850_B1850,1,1850,1850,0.85,0.85,1526240772,1850,1850,1000,1000,0,0,0,0
1785437834.506411,A1850_B1850,1,1850,1850,0.85,0.85,1526258014,1850,1850,1000,1000,0,0,0,0
1785437834.5281012,A1850_B1850,1,1850,1850,0.85,0.85,1526280178,1850,1850,1000,1000,0,0,0,0
1785437834.548422,A1850_B1850,1,1850,1850,0.85,0.85,1526299879,1850,1850,1000,1000,0,0,0,0
1785437834.5671253,A1850_B1850,1,1850,1850,0.85,0.85,1526318356,1850,1850,1000,1000,0,0,0,0
1785437834.591497,A1850_B1850,1,1850,1850,0.85,0.85,1526340513,1850,1850,1000,1000,0,0,0,0
1785437834.6064122,A1850_B1850,1,1850,1850,0.85,0.85,1526357754,1850,1850,1000,1000,0,0,0,0
1785437834.6276786,A1850_B1850,1,1850,1850,0.85,0.85,1526379915,1850,1850,1000,1000,0,0,0,0
1785437834.6495001,A1850_B1850,1,1850,1850,0.85,0.85,1526400857,1850,1850,1000,1000,0,0,0,0
1785437834.6684823,A1850_B1850,1,1850,1850,0.85,0.85,1526420554,1850,1850,1000,1000,0,0,0,0
1785437834.689524,A1850_B1850,1,1850,1850,0.85,0.85,1526437795,1850,1850,1000,1000,0,0,0,0
1785437834.707541,A1850_B1850,1,1850,1850,0.85,0.85,1526459963,1850,1850,1000,1000,0,0,0,0
1785437834.726475,A1850_B1850,1,1850,1850,0.85,0.85,1526478429,1850,1850,1000,1000,0,0,0,0
1785437834.7476964,A1850_B1850,1,1850,1850,0.85,0.85,1526500593,1850,1850,1000,1000,0,0,0,0
1785437834.7700531,A1850_B1850,1,1850,1850,0.85,0.85,1526520298,1850,1850,1000,1000,0,0,0,0
1785437834.7896109,A1850_B1850,1,1850,1850,0.85,0.85,1526540003,1850,1850,1000,1000,0,0,0,0
1785437834.808417,A1850_B1850,1,1850,1850,0.85,0.85,1526560978,1850,1850,1000,1000,0,0,0,0
1785437834.8275142,A1850_B1850,1,1850,1850,0.85,0.85,1526580632,1850,1850,1000,1000,0,0,0,0
1785437834.849595,A1850_B1850,1,1850,1850,0.85,0.85,1526602801,1850,1850,1000,1000,0,0,0,0
1785437834.8717434,A1850_B1850,1,1850,1850,0.85,0.85,1526622504,1850,1850,1000,1000,0,0,0,0
1785437834.891851,A1850_B1850,1,1850,1850,0.85,0.85,1526640976,1850,1850,1000,1000,0,0,0,0
1785437834.908448,A1850_B1850,1,1850,1850,0.85,0.85,1526660672,1850,1850,1000,1000,0,0,0,0
1785437834.92643,A1850_B1850,1,1850,1850,0.85,0.85,1526677917,1850,1850,1000,1000,0,0,0,0
1785437834.9478464,A1850_B1850,1,1850,1850,0.85,0.85,1526700100,1850,1850,1000,1000,0,0,0,0
1785437834.9696267,A1850_B1850,1,1850,1850,0.85,0.85,1526719781,1850,1850,1000,1000,0,0,0,0
1785437834.990283,A1850_B1850,1,1850,1850,0.85,0.85,1526740736,1850,1850,1000,1000,0,0,0,0
1785437835.0084262,A1850_B1850,1,1850,1850,0.85,0.85,1526760423,1850,1850,1000,1000,0,0,0,0
1785437835.0264595,A1850_B1850,1,1850,1850,0.85,0.85,1526777661,1850,1850,1000,1000,0,0,0,0
1785437835.0484726,A1850_B1850,1,1850,1850,0.85,0.85,1526799824,1850,1850,1000,1000,0,0,0,0
1785437835.069716,A1850_B1850,1,1850,1850,0.85,0.85,1526818291,1850,1850,1000,1000,0,0,0,0
1785437835.0915475,A1850_B1850,1,1850,1850,0.85,0.85,1526840471,1850,1850,1000,1000,0,0,0,0
1785437835.107429,A1850_B1850,1,1850,1850,0.85,0.85,1526860161,1850,1850,1000,1000,0,0,0,0
1785437835.1284308,A1850_B1850,1,1850,1850,0.85,0.85,1526879864,1850,1850,1000,1000,0,0,0,0
1785437835.1464405,A1850_B1850,1,1850,1850,0.85,0.85,1526898339,1850,1850,1000,1000,0,0,0,0
1785437835.1682,A1850_B1850,1,1850,1850,0.85,0.85,1526920497,1850,1850,1000,1000,0,0,0,0
1785437835.1895344,A1850_B1850,1,1850,1850,0.85,0.85,1526937737,1850,1850,1000,1000,0,0,0,0
1785437835.207453,A1850_B1850,1,1850,1850,0.85,0.85,1526959901,1850,1850,1000,1000,0,0,0,0
1785437835.2285256,A1850_B1850,1,1850,1850,0.85,0.85,1526980835,1850,1850,1000,1000,0,0,0,0
1785437835.2464366,A1850_B1850,1,1850,1850,0.85,0.85,1526998081,1850,1850,1000,1000,0,0,0,0
1785437835.2702665,A1850_B1850,1,1850,1850,0.85,0.85,1527021475,1850,1850,1000,1000,0,0,0,0
1785437835.2897727,A1850_B1850,1,1850,1850,0.85,0.85,1527038751,1850,1850,1000,1000,0,0,0,0
1785437835.3074763,A1850_B1850,1,1850,1850,0.85,0.85,1527060879,1850,1850,1000,1000,0,0,0,0
1785437835.326473,A1850_B1850,1,1850,1850,0.85,0.85,1527079348,1850,1850,1000,1000,0,0,0,0
1785437835.3474598,A1850_B1850,1,1850,1850,0.85,0.85,1527099048,1850,1850,1000,1000,0,0,0,0
1785437835.36721,A1850_B1850,1,1850,1850,0.85,0.85,1527118749,1850,1850,1000,1000,0,0,0,0
1785437835.390622,A1850_B1850,1,1850,1850,0.85,0.85,1527140920,1850,1850,1000,1000,0,0,0,0
1785437835.4064763,A1850_B1850,1,1850,1850,0.85,0.85,1527159390,1850,1850,1000,1000,0,0,0,0
1785437835.4264872,A1850_B1850,1,1850,1850,0.85,0.85,1527179092,1850,1850,1000,1000,0,0,0,0
1785437835.448471,A1850_B1850,1,1850,1850,0.85,0.85,1527201272,1850,1850,1000,1000,0,0,0,0
1785437835.468053,A1850_B1850,1,1850,1850,0.85,0.85,1527218495,1850,1850,1000,1000,0,0,0,0
1785437835.49069,A1850_B1850,1,1850,1850,0.85,0.85,1527239474,1850,1850,1000,1000,0,0,0,0
1785437835.5093274,A1850_B1850,1,1850,1850,0.85,0.85,1527261589,1850,1850,1000,1000,0,0,0,0
1785437835.5274444,A1850_B1850,1,1850,1850,0.85,0.85,1527278832,1850,1850,1000,1000,0,0,0,0
1785437835.5488274,A1850_B1850,1,1850,1850,0.85,0.85,1527301001,1850,1850,1000,1000,0,0,0,0
1785437835.567161,A1850_B1850,1,1850,1850,0.85,0.85,1527319470,1850,1850,1000,1000,0,0,0,0
1785437835.591528,A1850_B1850,1,1850,1850,0.85,0.85,1527341639,1850,1850,1000,1000,0,0,0,0
1785437835.6076944,A1850_B1850,1,1850,1850,0.85,0.85,1527358874,1850,1850,1000,1000,0,0,0,0
1785437835.6284711,A1850_B1850,1,1850,1850,0.85,0.85,1527381045,1850,1850,1000,1000,0,0,0,0
1785437835.6473475,A1850_B1850,1,1850,1850,0.85,0.85,1527398279,1850,1850,1000,1000,0,0,0,0
1785437835.6711314,A1850_B1850,1,1850,1850,0.85,0.85,1527421682,1850,1850,1000,1000,0,0,0,0
1785437835.6905487,A1850_B1850,1,1850,1850,0.85,0.85,1527438919,1850,1850,1000,1000,0,0,0,0
1785437835.7084582,A1850_B1850,1,1850,1850,0.85,0.85,1527461083,1850,1850,1000,1000,0,0,0,0
1785437835.726483,A1850_B1850,1,1850,1850,0.85,0.85,1527478316,1850,1850,1000,1000,0,0,0,0
1785437835.7484632,A1850_B1850,1,1850,1850,0.85,0.85,1527501709,1850,1850,1000,1000,0,0,0,0
1785437835.7681744,A1850_B1850,1,1850,1850,0.85,0.85,1527518956,1850,1850,1000,1000,0,0,0,0
1785437835.7915516,A1850_B1850,1,1850,1850,0.85,0.85,1527541118,1850,1850,1000,1000,0,0,0,0
1785437835.80649,A1850_B1850,1,1850,1850,0.85,0.85,1527558408,1850,1850,1000,1000,0,0,0,0
1785437835.8274512,A1850_B1850,1,1850,1850,0.85,0.85,1527579295,1850,1850,1000,1000,0,0,0,0
1785437835.8464491,A1850_B1850,1,1850,1850,0.85,0.85,1527598996,1850,1850,1000,1000,0,0,0,0
1785437835.8683743,A1850_B1850,1,1850,1850,0.85,0.85,1527621208,1850,1850,1000,1000,0,0,0,0
1785437835.8915493,A1850_B1850,1,1850,1850,0.85,0.85,1527640859,1850,1850,1000,1000,0,0,0,0
1785437835.9065456,A1850_B1850,1,1850,1850,0.85,0.85,1527659328,1850,1850,1000,1000,0,0,0,0
1785437835.9285169,A1850_B1850,1,1850,1850,0.85,0.85,1527681493,1850,1850,1000,1000,0,0,0,0
1785437835.946638,A1850_B1850,1,1850,1850,0.85,0.85,1527698734,1850,1850,1000,1000,0,0,0,0
1785437835.9682236,A1850_B1850,1,1850,1850,0.85,0.85,1527720899,1850,1850,1000,1000,0,0,0,0
1785437835.9915419,A1850_B1850,1,1850,1850,0.85,0.85,1527741832,1850,1850,1000,1000,0,0,0,0
1785437836.0074575,A1850_B1850,1,1850,1850,0.85,0.85,1527759080,1850,1850,1000,1000,0,0,0,0
1785437836.0277212,A1850_B1850,1,1850,1850,0.85,0.85,1527778775,1850,1850,1000,1000,0,0,0,0
1785437836.0464664,A1850_B1850,1,1850,1850,0.85,0.85,1527798474,1850,1850,1000,1000,0,0,0,0
1785437836.0705373,A1850_B1850,1,1850,1850,0.85,0.85,1527819409,1850,1850,1000,1000,0,0,0,0
1785437836.0895452,A1850_B1850,1,1850,1850,0.85,0.85,1527839113,1850,1850,1000,1000,0,0,0,0
1785437836.1084611,A1850_B1850,1,1850,1850,0.85,0.85,1527861282,1850,1850,1000,1000,0,0,0,0
1785437836.1265287,A1850_B1850,1,1850,1850,0.85,0.85,1527878517,1850,1850,1000,1000,0,0,0,0
1785437836.1474617,A1850_B1850,1,1850,1850,0.85,0.85,1527899451,1850,1850,1000,1000,0,0,0,0
1785437836.170836,A1850_B1850,1,1850,1850,0.85,0.85,1527921616,1850,1850,1000,1000,0,0,0,0
1785437836.1905591,A1850_B1850,1,1850,1850,0.85,0.85,1527938857,1850,1850,1000,1000,0,0,0,0
1785437836.2088695,A1850_B1850,1,1850,1850,0.85,0.85,1527961020,1850,1850,1000,1000,0,0,0,0
1785437836.226529,A1850_B1850,1,1850,1850,0.85,0.85,1527979490,1850,1850,1000,1000,0,0,0,0
1785437836.2482154,A1850_B1850,1,1850,1850,0.85,0.85,1527999196,1850,1850,1000,1000,0,0,0,0
1785437836.2698526,A1850_B1850,1,1850,1850,0.85,0.85,1528020149,1850,1850,1000,1000,0,0,0,0
1785437836.2906725,A1850_B1850,1,1850,1850,0.85,0.85,1528039829,1850,1850,1000,1000,0,0,0,0
1785437836.3085473,A1850_B1850,1,1850,1850,0.85,0.85,1528059540,1850,1850,1000,1000,0,0,0,0
1785437836.327156,A1850_B1850,1,1850,1850,0.85,0.85,1528076774,1850,1850,1000,1000,0,0,0,0
1785437836.347534,A1850_B1850,1,1850,1850,0.85,0.85,1528100167,1850,1850,1000,1000,0,0,0,0
1785437836.369676,A1850_B1850,1,1850,1850,0.85,0.85,1528119872,1850,1850,1000,1000,0,0,0,0
1785437836.3895798,A1850_B1850,1,1850,1850,0.85,0.85,1528139575,1850,1850,1000,1000,0,0,0,0
1785437836.4074926,A1850_B1850,1,1850,1850,0.85,0.85,1528159276,1850,1850,1000,1000,0,0,0,0
1785437836.4284964,A1850_B1850,1,1850,1850,0.85,0.85,1528180205,1850,1850,1000,1000,0,0,0,0
1785437836.4476876,A1850_B1850,1,1850,1850,0.85,0.85,1528199908,1850,1850,1000,1000,0,0,0,0
1785437836.4701266,A1850_B1850,1,1850,1850,0.85,0.85,1528222078,1850,1850,1000,1000,0,0,0,0
1785437836.4898224,A1850_B1850,1,1850,1850,0.85,0.85,1528239312,1850,1850,1000,1000,0,0,0,0
1785437836.5074868,A1850_B1850,1,1850,1850,0.85,0.85,1528260242,1850,1850,1000,1000,0,0,0,0
1785437836.526647,A1850_B1850,1,1850,1850,0.85,0.85,1528279966,1850,1850,1000,1000,0,0,0,0
1785437836.546547,A1850_B1850,1,1850,1850,0.85,0.85,1528299701,1850,1850,1000,1000,0,0,0,0
1785437836.569928,A1850_B1850,1,1850,1850,0.85,0.85,1528321820,1850,1850,1000,1000,0,0,0,0
1785437836.5895963,A1850_B1850,1,1850,1850,0.85,0.85,1528337825,1850,1850,1000,1000,0,0,0,0
1785437836.6085188,A1850_B1850,1,1850,1850,0.85,0.85,1528359993,1850,1850,1000,1000,0,0,0,0
1785437836.6274896,A1850_B1850,1,1850,1850,0.85,0.85,1528379694,1850,1850,1000,1000,0,0,0,0
1785437836.6484802,A1850_B1850,1,1850,1850,0.85,0.85,1528399441,1850,1850,1000,1000,0,0,0,0
1785437836.6687508,A1850_B1850,1,1850,1850,0.85,0.85,1528420326,1850,1850,1000,1000,0,0,0,0
1785437836.6896853,A1850_B1850,1,1850,1850,0.85,0.85,1528440030,1850,1850,1000,1000,0,0,0,0
1785437836.7075303,A1850_B1850,1,1850,1850,0.85,0.85,1528459736,1850,1850,1000,1000,0,0,0,0
1785437836.7285128,A1850_B1850,1,1850,1850,0.85,0.85,1528479434,1850,1850,1000,1000,0,0,0,0
1785437836.7464836,A1850_B1850,1,1850,1850,0.85,0.85,1528497904,1850,1850,1000,1000,0,0,0,0
1785437836.7696414,A1850_B1850,1,1850,1850,0.85,0.85,1528520070,1850,1850,1000,1000,0,0,0,0
1785437836.7895648,A1850_B1850,1,1850,1850,0.85,0.85,1528539806,1850,1850,1000,1000,0,0,0,0
1785437836.8075008,A1850_B1850,1,1850,1850,0.85,0.85,1528559475,1850,1850,1000,1000,0,0,0,0
1785437836.829775,A1850_B1850,1,1850,1850,0.85,0.85,1528582879,1850,1850,1000,1000,0,0,0,0
1785437836.8475008,A1850_B1850,1,1850,1850,0.85,0.85,1528600107,1850,1850,1000,1000,0,0,0,0
1785437836.8702998,A1850_B1850,1,1850,1850,0.85,0.85,1528622279,1850,1850,1000,1000,0,0,0,0
1785437836.8896377,A1850_B1850,1,1850,1850,0.85,0.85,1528639513,1850,1850,1000,1000,0,0,0,0
1785437836.9086466,A1850_B1850,1,1850,1850,0.85,0.85,1528660447,1850,1850,1000,1000,0,0,0,0
1785437836.927023,A1850_B1850,1,1850,1850,0.85,0.85,1528680183,1850,1850,1000,1000,0,0,0,0
1785437836.9484887,A1850_B1850,1,1850,1850,0.85,0.85,1528699861,1850,1850,1000,1000,0,0,0,0
1785437836.96818,A1850_B1850,1,1850,1850,0.85,0.85,1528719557,1850,1850,1000,1000,0,0,0,0
1785437836.9915814,A1850_B1850,1,1850,1850,0.85,0.85,1528739259,1850,1850,1000,1000,0,0,0,0
1785437837.0064943,A1850_B1850,1,1850,1850,0.85,0.85,1528757730,1850,1850,1000,1000,0,0,0,0
1785437837.0284941,A1850_B1850,1,1850,1850,0.85,0.85,1528779900,1850,1850,1000,1000,0,0,0,0
1785437837.046512,A1850_B1850,1,1850,1850,0.85,0.85,1528799595,1850,1850,1000,1000,0,0,0,0
1785437837.0705817,A1850_B1850,1,1850,1850,0.85,0.85,1528819314,1850,1850,1000,1000,0,0,0,0
1785437837.0917003,A1850_B1850,1,1850,1850,0.85,0.85,1528840232,1850,1850,1000,1000,0,0,0,0
1785437837.1074939,A1850_B1850,1,1850,1850,0.85,0.85,1528859935,1850,1850,1000,1000,0,0,0,0
1785437837.1266534,A1850_B1850,1,1850,1850,0.85,0.85,1528879633,1850,1850,1000,1000,0,0,0,0
1785437837.1475139,A1850_B1850,1,1850,1850,0.85,0.85,1528899337,1850,1850,1000,1000,0,0,0,0
1785437837.167259,A1850_B1850,1,1850,1850,0.85,0.85,1528917816,1850,1850,1000,1000,0,0,0,0
1785437837.1905913,A1850_B1850,1,1850,1850,0.85,0.85,1528940004,1850,1850,1000,1000,0,0,0,0
1785437837.2085435,A1850_B1850,1,1850,1850,0.85,0.85,1528959683,1850,1850,1000,1000,0,0,0,0
1785437837.226499,A1850_B1850,1,1850,1850,0.85,0.85,1528979381,1850,1850,1000,1000,0,0,0,0
1785437837.2485065,A1850_B1850,1,1850,1850,0.85,0.85,1529000314,1850,1850,1000,1000,0,0,0,0
1785437837.2676075,A1850_B1850,1,1850,1850,0.85,0.85,1529017552,1850,1850,1000,1000,0,0,0,0
1785437837.2906623,A1850_B1850,1,1850,1850,0.85,0.85,1529038485,1850,1850,1000,1000,0,0,0,0
1785437837.3085349,A1850_B1850,1,1850,1850,0.85,0.85,1529060649,1850,1850,1000,1000,0,0,0,0
1785437837.3265355,A1850_B1850,1,1850,1850,0.85,0.85,1529077898,1850,1850,1000,1000,0,0,0,0
1785437837.3475022,A1850_B1850,1,1850,1850,0.85,0.85,1529098826,1850,1850,1000,1000,0,0,0,0
1785437837.3673048,A1850_B1850,1,1850,1850,0.85,0.85,1529118528,1850,1850,1000,1000,0,0,0,0
1785437837.3906121,A1850_B1850,1,1850,1850,0.85,0.85,1529140689,1850,1850,1000,1000,0,0,0,0
1785437837.4085665,A1850_B1850,1,1850,1850,0.85,0.85,1529160390,1850,1850,1000,1000,0,0,0,0
1785437837.4266443,A1850_B1850,1,1850,1850,0.85,0.85,1529178867,1850,1850,1000,1000,0,0,0,0
1785437837.4485438,A1850_B1850,1,1850,1850,0.85,0.85,1529201030,1850,1850,1000,1000,0,0,0,0
1785437837.4676821,A1850_B1850,1,1850,1850,0.85,0.85,1529218268,1850,1850,1000,1000,0,0,0,0
1785437837.4906123,A1850_B1850,1,1850,1850,0.85,0.85,1529240429,1850,1850,1000,1000,0,0,0,0
1785437837.5095503,A1850_B1850,1,1850,1850,0.85,0.85,1529261366,1850,1850,1000,1000,0,0,0,0
1785437837.529102,A1850_B1850,1,1850,1850,0.85,0.85,1529281076,1850,1850,1000,1000,0,0,0,0
1785437837.5465264,A1850_B1850,1,1850,1850,0.85,0.85,1529298308,1850,1850,1000,1000,0,0,0,0
1785437837.5703678,A1850_B1850,1,1850,1850,0.85,0.85,1529320472,1850,1850,1000,1000,0,0,0,0
1785437837.589599,A1850_B1850,1,1850,1850,0.85,0.85,1529341409,1850,1850,1000,1000,0,0,0,0
1785437837.6085358,A1850_B1850,1,1850,1850,0.85,0.85,1529361115,1850,1850,1000,1000,0,0,0,0
1785437837.6275918,A1850_B1850,1,1850,1850,0.85,0.85,1529380820,1850,1850,1000,1000,0,0,0,0
1785437837.64867,A1850_B1850,1,1850,1850,0.85,0.85,1529400517,1850,1850,1000,1000,0,0,0,0
1785437837.668156,A1850_B1850,1,1850,1850,0.85,0.85,1529417755,1850,1850,1000,1000,0,0,0,0
1785437837.6906266,A1850_B1850,1,1850,1850,0.85,0.85,1529438689,1850,1850,1000,1000,0,0,0,0
1785437837.7086215,A1850_B1850,1,1850,1850,0.85,0.85,1529460847,1850,1850,1000,1000,0,0,0,0
1785437837.7285135,A1850_B1850,1,1850,1850,0.85,0.85,1529480551,1850,1850,1000,1000,0,0,0,0
1785437837.7475667,A1850_B1850,1,1850,1850,0.85,0.85,1529500252,1850,1850,1000,1000,0,0,0,0
1785437837.769674,A1850_B1850,1,1850,1850,0.85,0.85,1529521189,1850,1850,1000,1000,0,0,0,0
1785437837.7910435,A1850_B1850,1,1850,1850,0.85,0.85,1529540913,1850,1850,1000,1000,0,0,0,0
1785437837.806513,A1850_B1850,1,1850,1850,0.85,0.85,1529558136,1850,1850,1000,1000,0,0,0,0
1785437837.8275142,A1850_B1850,1,1850,1850,0.85,0.85,1529580294,1850,1850,1000,1000,0,0,0,0
1785437837.8485148,A1850_B1850,1,1850,1850,0.85,0.85,1529601234,1850,1850,1000,1000,0,0,0,0
1785437837.8674479,A1850_B1850,1,1850,1850,0.85,0.85,1529618465,1850,1850,1000,1000,0,0,0,0
1785437837.8916247,A1850_B1850,1,1850,1850,0.85,0.85,1529640629,1850,1850,1000,1000,0,0,0,0
1785437837.9065187,A1850_B1850,1,1850,1850,0.85,0.85,1529657894,1850,1850,1000,1000,0,0,0,0
1785437837.9275196,A1850_B1850,1,1850,1850,0.85,0.85,1529678812,1850,1850,1000,1000,0,0,0,0
1785437837.948522,A1850_B1850,1,1850,1850,0.85,0.85,1529700977,1850,1850,1000,1000,0,0,0,0
1785437837.9682548,A1850_B1850,1,1850,1850,0.85,0.85,1529720673,1850,1850,1000,1000,0,0,0,0
1785437837.9916034,A1850_B1850,1,1850,1850,0.85,0.85,1529740406,1850,1850,1000,1000,0,0,0,0
1785437838.0067303,A1850_B1850,1,1850,1850,0.85,0.85,1529758879,1850,1850,1000,1000,0,0,0,0
1785437838.0276184,A1850_B1850,1,1850,1850,0.85,0.85,1529778548,1850,1850,1000,1000,0,0,0,0
1785437838.0465221,A1850_B1850,1,1850,1850,0.85,0.85,1529798255,1850,1850,1000,1000,0,0,0,0
1785437838.0704737,A1850_B1850,1,1850,1850,0.85,0.85,1529820416,1850,1850,1000,1000,0,0,0,0
1785437838.0916314,A1850_B1850,1,1850,1850,0.85,0.85,1529841350,1850,1850,1000,1000,0,0,0,0
1785437838.1065257,A1850_B1850,1,1850,1850,0.85,0.85,1529858590,1850,1850,1000,1000,0,0,0,0
1785437838.1298635,A1850_B1850,1,1850,1850,0.85,0.85,1529880753,1850,1850,1000,1000,0,0,0,0
1785437838.1475315,A1850_B1850,1,1850,1850,0.85,0.85,1529900456,1850,1850,1000,1000,0,0,0,0
1785437838.170543,A1850_B1850,1,1850,1850,0.85,0.85,1529921397,1850,1850,1000,1000,0,0,0,0
1785437838.189628,A1850_B1850,1,1850,1850,0.85,0.85,1529938625,1850,1850,1000,1000,0,0,0,0
1785437838.2087693,A1850_B1850,1,1850,1850,0.85,0.85,1529960792,1850,1850,1000,1000,0,0,0,0
1785437838.22654,A1850_B1850,1,1850,1850,0.85,0.85,1529978034,1850,1850,1000,1000,0,0,0,0
1785437838.2481003,A1850_B1850,1,1850,1850,0.85,0.85,1529998976,1850,1850,1000,1000,0,0,0,0
1785437838.2690055,A1850_B1850,1,1850,1850,0.85,0.85,1530021136,1850,1850,1000,1000,0,0,0,0
1785437838.290653,A1850_B1850,1,1850,1850,0.85,0.85,1530039604,1850,1850,1000,1000,0,0,0,0
1785437838.3085494,A1850_B1850,1,1850,1850,0.85,0.85,1530061773,1850,1850,1000,1000,0,0,0,0
1785437838.3265703,A1850_B1850,1,1850,1850,0.85,0.85,1530079008,1850,1850,1000,1000,0,0,0,0
1785437838.347796,A1850_B1850,1,1850,1850,0.85,0.85,1530099946,1850,1850,1000,1000,0,0,0,0
1785437838.3682907,A1850_B1850,1,1850,1850,0.85,0.85,1530119641,1850,1850,1000,1000,0,0,0,0
1785437838.3920043,A1850_B1850,1,1850,1850,0.85,0.85,1530141821,1850,1850,1000,1000,0,0,0,0
1785437838.4076748,A1850_B1850,1,1850,1850,0.85,0.85,1530159049,1850,1850,1000,1000,0,0,0,0
1785437838.428642,A1850_B1850,1,1850,1850,0.85,0.85,1530179986,1850,1850,1000,1000,0,0,0,0
1785437838.4472136,A1850_B1850,1,1850,1850,0.85,0.85,1530199686,1850,1850,1000,1000,0,0,0,0
1785437838.4685254,A1850_B1850,1,1850,1850,0.85,0.85,1530219384,1850,1850,1000,1000,0,0,0,0
1785437838.489781,A1850_B1850,1,1850,1850,0.85,0.85,1530239089,1850,1850,1000,1000,0,0,0,0
1785437838.507797,A1850_B1850,1,1850,1850,0.85,0.85,1530260020,1850,1850,1000,1000,0,0,0,0
1785437838.5285785,A1850_B1850,1,1850,1850,0.85,0.85,1530279725,1850,1850,1000,1000,0,0,0,0
1785437838.5466566,A1850_B1850,1,1850,1850,0.85,0.85,1530299426,1850,1850,1000,1000,0,0,0,0
1785437838.569742,A1850_B1850,1,1850,1850,0.85,0.85,1530321589,1850,1850,1000,1000,0,0,0,0
1785437838.5902019,A1850_B1850,1,1850,1850,0.85,0.85,1530338835,1850,1850,1000,1000,0,0,0,0
1785437838.6076436,A1850_B1850,1,1850,1850,0.85,0.85,1530359787,1850,1850,1000,1000,0,0,0,0
1785437838.6266618,A1850_B1850,1,1850,1850,0.85,0.85,1530379496,1850,1850,1000,1000,0,0,0,0
1785437838.6475477,A1850_B1850,1,1850,1850,0.85,0.85,1530399171,1850,1850,1000,1000,0,0,0,0
1785437838.6677604,A1850_B1850,1,1850,1850,0.85,0.85,1530418878,1850,1850,1000,1000,0,0,0,0
1785437838.6916525,A1850_B1850,1,1850,1850,0.85,0.85,1530439807,1850,1850,1000,1000,0,0,0,0
1785437838.7066753,A1850_B1850,1,1850,1850,0.85,0.85,1530459504,1850,1850,1000,1000,0,0,0,0
1785437838.7275517,A1850_B1850,1,1850,1850,0.85,0.85,1530479209,1850,1850,1000,1000,0,0,0,0
1785437838.7485673,A1850_B1850,1,1850,1850,0.85,0.85,1530501369,1850,1850,1000,1000,0,0,0,0
1785437838.7673855,A1850_B1850,1,1850,1850,0.85,0.85,1530519859,1850,1850,1000,1000,0,0,0,0
1785437838.7929275,A1850_B1850,1,1850,1850,0.85,0.85,1530542015,1850,1850,1000,1000,0,0,0,0
1785437838.8075874,A1850_B1850,1,1850,1850,0.85,0.85,1530559246,1850,1850,1000,1000,0,0,0,0
1785437838.8273795,A1850_B1850,1,1850,1850,0.85,0.85,1530578958,1850,1850,1000,1000,0,0,0,0
1785437838.8489497,A1850_B1850,1,1850,1850,0.85,0.85,1530599884,1850,1850,1000,1000,0,0,0,0
1785437838.8675845,A1850_B1850,1,1850,1850,0.85,0.85,1530619590,1850,1850,1000,1000,0,0,0,0
1785437838.8915043,A1850_B1850,1,1850,1850,0.85,0.85,1530641757,1850,1850,1000,1000,0,0,0,0
1785437838.908098,A1850_B1850,1,1850,1850,0.85,0.85,1530658995,1850,1850,1000,1000,0,0,0,0
1785437838.9285889,A1850_B1850,1,1850,1850,0.85,0.85,1530679930,1850,1850,1000,1000,0,0,0,0
1785437838.9478912,A1850_B1850,1,1850,1850,0.85,0.85,1530699622,1850,1850,1000,1000,0,0,0,0
1785437838.9697108,A1850_B1850,1,1850,1850,0.85,0.85,1530721795,1850,1850,1000,1000,0,0,0,0
1785437838.9900928,A1850_B1850,1,1850,1850,0.85,0.85,1530739033,1850,1850,1000,1000,0,0,0,0
1785437839.007666,A1850_B1850,1,1850,1850,0.85,0.85,1530759968,1850,1850,1000,1000,0,0,0,0
1785437839.0285673,A1850_B1850,1,1850,1850,0.85,0.85,1530779667,1850,1850,1000,1000,0,0,0,0
1785437839.0465727,A1850_B1850,1,1850,1850,0.85,0.85,1530799371,1850,1850,1000,1000,0,0,0,0
1785437839.0707693,A1850_B1850,1,1850,1850,0.85,0.85,1530819080,1850,1850,1000,1000,0,0,0,0
1785437839.0916626,A1850_B1850,1,1850,1850,0.85,0.85,1530840005,1850,1850,1000,1000,0,0,0,0
1785437839.1076674,A1850_B1850,1,1850,1850,0.85,0.85,1530859713,1850,1850,1000,1000,0,0,0,0
1785437839.1277752,A1850_B1850,1,1850,1850,0.85,0.85,1530879404,1850,1850,1000,1000,0,0,0,0
1785437839.146597,A1850_B1850,1,1850,1850,0.85,0.85,1530899114,1850,1850,1000,1000,0,0,0,0
1785437839.1684272,A1850_B1850,1,1850,1850,0.85,0.85,1530918813,1850,1850,1000,1000,0,0,0,0
1785437839.1916573,A1850_B1850,1,1850,1850,0.85,0.85,1530939748,1850,1850,1000,1000,0,0,0,0
1785437839.206575,A1850_B1850,1,1850,1850,0.85,0.85,1530959449,1850,1850,1000,1000,0,0,0,0
1785437839.2285655,A1850_B1850,1,1850,1850,0.85,0.85,1530981616,1850,1850,1000,1000,0,0,0,0
1785437839.246784,A1850_B1850,1,1850,1850,0.85,0.85,1530998856,1850,1850,1000,1000,0,0,0,0
1785437839.2687163,A1850_B1850,1,1850,1850,0.85,0.85,1531019789,1850,1850,1000,1000,0,0,0,0
1785437839.2916992,A1850_B1850,1,1850,1850,0.85,0.85,1531040722,1850,1850,1000,1000,0,0,0,0
1785437839.3065782,A1850_B1850,1,1850,1850,0.85,0.85,1531057964,1850,1850,1000,1000,0,0,0,0
1785437839.327712,A1850_B1850,1,1850,1850,0.85,0.85,1531080129,1850,1850,1000,1000,0,0,0,0
1785437839.3466895,A1850_B1850,1,1850,1850,0.85,0.85,1531099832,1850,1850,1000,1000,0,0,0,0
1785437839.3684232,A1850_B1850,1,1850,1850,0.85,0.85,1531120759,1850,1850,1000,1000,0,0,0,0
1785437839.3916945,A1850_B1850,1,1850,1850,0.85,0.85,1531140464,1850,1850,1000,1000,0,0,0,0
1785437839.406626,A1850_B1850,1,1850,1850,0.85,0.85,1531157708,1850,1850,1000,1000,0,0,0,0
1785437839.4285738,A1850_B1850,1,1850,1850,0.85,0.85,1531179867,1850,1850,1000,1000,0,0,0,0
1785437839.446607,A1850_B1850,1,1850,1850,0.85,0.85,1531198340,1850,1850,1000,1000,0,0,0,0
1785437839.4686656,A1850_B1850,1,1850,1850,0.85,0.85,1531220501,1850,1850,1000,1000,0,0,0,0
1785437839.4923959,A1850_B1850,1,1850,1850,0.85,0.85,1531240216,1850,1850,1000,1000,0,0,0,0
1785437839.5066288,A1850_B1850,1,1850,1850,0.85,0.85,1531257444,1850,1850,1000,1000,0,0,0,0
1785437839.528897,A1850_B1850,1,1850,1850,0.85,0.85,1531280843,1850,1850,1000,1000,0,0,0,0
1785437839.5465925,A1850_B1850,1,1850,1850,0.85,0.85,1531298080,1850,1850,1000,1000,0,0,0,0
1785437839.5707047,A1850_B1850,1,1850,1850,0.85,0.85,1531320247,1850,1850,1000,1000,0,0,0,0
1785437839.5910523,A1850_B1850,1,1850,1850,0.85,0.85,1531339956,1850,1850,1000,1000,0,0,0,0
1785437839.6089177,A1850_B1850,1,1850,1850,0.85,0.85,1531360882,1850,1850,1000,1000,0,0,0,0
1785437839.6276038,A1850_B1850,1,1850,1850,0.85,0.85,1531380589,1850,1850,1000,1000,0,0,0,0
1785437839.650833,A1850_B1850,1,1850,1850,0.85,0.85,1531402746,1850,1850,1000,1000,0,0,0,0
1785437839.6702254,A1850_B1850,1,1850,1850,0.85,0.85,1531419993,1850,1850,1000,1000,0,0,0,0
1785437839.6897388,A1850_B1850,1,1850,1850,0.85,0.85,1531438458,1850,1850,1000,1000,0,0,0,0
1785437839.707655,A1850_B1850,1,1850,1850,0.85,0.85,1531460621,1850,1850,1000,1000,0,0,0,0
1785437839.7286863,A1850_B1850,1,1850,1850,0.85,0.85,1531480329,1850,1850,1000,1000,0,0,0,0
1785437839.7476099,A1850_B1850,1,1850,1850,0.85,0.85,1531500043,1850,1850,1000,1000,0,0,0,0
1785437839.770168,A1850_B1850,1,1850,1850,0.85,0.85,1531520965,1850,1850,1000,1000,0,0,0,0
1785437839.7906713,A1850_B1850,1,1850,1850,0.85,0.85,1531540663,1850,1850,1000,1000,0,0,0,0
1785437839.8065858,A1850_B1850,1,1850,1850,0.85,0.85,1531557905,1850,1850,1000,1000,0,0,0,0
1785437839.827584,A1850_B1850,1,1850,1850,0.85,0.85,1531580069,1850,1850,1000,1000,0,0,0,0
1785437839.8486936,A1850_B1850,1,1850,1850,0.85,0.85,1531601005,1850,1850,1000,1000,0,0,0,0
1785437839.8675165,A1850_B1850,1,1850,1850,0.85,0.85,1531618240,1850,1850,1000,1000,0,0,0,0
1785437839.8918018,A1850_B1850,1,1850,1850,0.85,0.85,1531640409,1850,1850,1000,1000,0,0,0,0
1785437839.9066021,A1850_B1850,1,1850,1850,0.85,0.85,1531660113,1850,1850,1000,1000,0,0,0,0
1785437839.9278443,A1850_B1850,1,1850,1850,0.85,0.85,1531679809,1850,1850,1000,1000,0,0,0,0
1785437839.9488883,A1850_B1850,1,1850,1850,0.85,0.85,1531700743,1850,1850,1000,1000,0,0,0,0
1785437839.9683387,A1850_B1850,1,1850,1850,0.85,0.85,1531720453,1850,1850,1000,1000,0,0,0,0
1785437839.9896991,A1850_B1850,1,1850,1850,0.85,0.85,1531737688,1850,1850,1000,1000,0,0,0,0
1785437840.0076902,A1850_B1850,1,1850,1850,0.85,0.85,1531759853,1850,1850,1000,1000,0,0,0,0
1785437840.02686,A1850_B1850,1,1850,1850,0.85,0.85,1531778320,1850,1850,1000,1000,0,0,0,0
1785437840.047609,A1850_B1850,1,1850,1850,0.85,0.85,1531800507,1850,1850,1000,1000,0,0,0,0
1785437840.0718029,A1850_B1850,1,1850,1850,0.85,0.85,1531820193,1850,1850,1000,1000,0,0,0,0
1785437840.0897174,A1850_B1850,1,1850,1850,0.85,0.85,1531839890,1850,1850,1000,1000,0,0,0,0
1785437840.1076221,A1850_B1850,1,1850,1850,0.85,0.85,1531860824,1850,1850,1000,1000,0,0,0,0
1785437840.1296482,A1850_B1850,1,1850,1850,0.85,0.85,1531880553,1850,1850,1000,1000,0,0,0,0
1785437840.1476135,A1850_B1850,1,1850,1850,0.85,0.85,1531900227,1850,1850,1000,1000,0,0,0,0
1785437840.1703727,A1850_B1850,1,1850,1850,0.85,0.85,1531919929,1850,1850,1000,1000,0,0,0,0
1785437840.1896927,A1850_B1850,1,1850,1850,0.85,0.85,1531938404,1850,1850,1000,1000,0,0,0,0
1785437840.2086415,A1850_B1850,1,1850,1850,0.85,0.85,1531960576,1850,1850,1000,1000,0,0,0,0
1785437840.2265959,A1850_B1850,1,1850,1850,0.85,0.85,1531977804,1850,1850,1000,1000,0,0,0,0
1785437840.2478294,A1850_B1850,1,1850,1850,0.85,0.85,1531999975,1850,1850,1000,1000,0,0,0,0
1785437840.269987,A1850_B1850,1,1850,1850,0.85,0.85,1532020908,1850,1850,1000,1000,0,0,0,0
1785437840.2907848,A1850_B1850,1,1850,1850,0.85,0.85,1532038147,1850,1850,1000,1000,0,0,0,0
1785437840.3103137,A1850_B1850,1,1850,1850,0.85,0.85,1532061543,1850,1850,1000,1000,0,0,0,0
1785437840.327626,A1850_B1850,1,1850,1850,0.85,0.85,1532078781,1850,1850,1000,1000,0,0,0,0
1785437840.3486505,A1850_B1850,1,1850,1850,0.85,0.85,1532100953,1850,1850,1000,1000,0,0,0,0
1785437840.367549,A1850_B1850,1,1850,1850,0.85,0.85,1532119417,1850,1850,1000,1000,0,0,0,0
1785437840.3906834,A1850_B1850,1,1850,1850,0.85,0.85,1532139119,1850,1850,1000,1000,0,0,0,0
1785437840.408662,A1850_B1850,1,1850,1850,0.85,0.85,1532161283,1850,1850,1000,1000,0,0,0,0
1785437840.4276805,A1850_B1850,1,1850,1850,0.85,0.85,1532178530,1850,1850,1000,1000,0,0,0,0
1785437840.4487288,A1850_B1850,1,1850,1850,0.85,0.85,1532201916,1850,1850,1000,1000,0,0,0,0
1785437840.4675648,A1850_B1850,1,1850,1850,0.85,0.85,1532219157,1850,1850,1000,1000,0,0,0,0
1785437840.4907792,A1850_B1850,1,1850,1850,0.85,0.85,1532238862,1850,1850,1000,1000,0,0,0,0
1785437840.5086293,A1850_B1850,1,1850,1850,0.85,0.85,1532261023,1850,1850,1000,1000,0,0,0,0
1785437840.5266397,A1850_B1850,1,1850,1850,0.85,0.85,1532279497,1850,1850,1000,1000,0,0,0,0
1785437840.5486362,A1850_B1850,1,1850,1850,0.85,0.85,1532301668,1850,1850,1000,1000,0,0,0,0
1785437840.567352,A1850_B1850,1,1850,1850,0.85,0.85,1532318899,1850,1850,1000,1000,0,0,0,0
1785437840.5907905,A1850_B1850,1,1850,1850,0.85,0.85,1532338609,1850,1850,1000,1000,0,0,0,0
1785437840.6087239,A1850_B1850,1,1850,1850,0.85,0.85,1532359535,1850,1850,1000,1000,0,0,0,0
1785437840.6276362,A1850_B1850,1,1850,1850,0.85,0.85,1532379237,1850,1850,1000,1000,0,0,0,0
1785437840.64883,A1850_B1850,1,1850,1850,0.85,0.85,1532401399,1850,1850,1000,1000,0,0,0,0
1785437840.6676242,A1850_B1850,1,1850,1850,0.85,0.85,1532418643,1850,1850,1000,1000,0,0,0,0
1785437840.6907074,A1850_B1850,1,1850,1850,0.85,0.85,1532438352,1850,1850,1000,1000,0,0,0,0
1785437840.7067306,A1850_B1850,1,1850,1850,0.85,0.85,1532459278,1850,1850,1000,1000,0,0,0,0
1785437840.7292492,A1850_B1850,1,1850,1850,0.85,0.85,1532481460,1850,1850,1000,1000,0,0,0,0
1785437840.7466137,A1850_B1850,1,1850,1850,0.85,0.85,1532498688,1850,1850,1000,1000,0,0,0,0
1785437840.7683158,A1850_B1850,1,1850,1850,0.85,0.85,1532520847,1850,1850,1000,1000,0,0,0,0
1785437840.7929251,A1850_B1850,1,1850,1850,0.85,0.85,1532541783,1850,1850,1000,1000,0,0,0,0
1785437840.8076148,A1850_B1850,1,1850,1850,0.85,0.85,1532559020,1850,1850,1000,1000,0,0,0,0
1785437840.8291075,A1850_B1850,1,1850,1850,0.85,0.85,1532581189,1850,1850,1000,1000,0,0,0,0
1785437840.848913,A1850_B1850,1,1850,1850,0.85,0.85,1532600886,1850,1850,1000,1000,0,0,0,0
1785437840.867599,A1850_B1850,1,1850,1850,0.85,0.85,1532619358,1850,1850,1000,1000,0,0,0,0
1785437840.8912864,A1850_B1850,1,1850,1850,0.85,0.85,1532639059,1850,1850,1000,1000,0,0,0,0
1785437840.9086668,A1850_B1850,1,1850,1850,0.85,0.85,1532661228,1850,1850,1000,1000,0,0,0,0
1785437840.928244,A1850_B1850,1,1850,1850,0.85,0.85,1532680932,1850,1850,1000,1000,0,0,0,0
1785437840.9486184,A1850_B1850,1,1850,1850,0.85,0.85,1532699429,1850,1850,1000,1000,0,0,0,0
1785437840.9678051,A1850_B1850,1,1850,1850,0.85,0.85,1532719100,1850,1850,1000,1000,0,0,0,0
1785437840.990773,A1850_B1850,1,1850,1850,0.85,0.85,1532738809,1850,1850,1000,1000,0,0,0,0
1785437841.008642,A1850_B1850,1,1850,1850,0.85,0.85,1532760968,1850,1850,1000,1000,0,0,0,0
1785437841.0266604,A1850_B1850,1,1850,1850,0.85,0.85,1532779438,1850,1850,1000,1000,0,0,0,0
1785437841.0476205,A1850_B1850,1,1850,1850,0.85,0.85,1532799145,1850,1850,1000,1000,0,0,0,0
1785437841.0719492,A1850_B1850,1,1850,1850,0.85,0.85,1532821303,1850,1850,1000,1000,0,0,0,0
1785437841.0908017,A1850_B1850,1,1850,1850,0.85,0.85,1532838551,1850,1850,1000,1000,0,0,0,0
1785437841.1088326,A1850_B1850,1,1850,1850,0.85,0.85,1532861948,1850,1850,1000,1000,0,0,0,0
1785437841.1270978,A1850_B1850,1,1850,1850,0.85,0.85,1532879185,1850,1850,1000,1000,0,0,0,0
1785437841.147666,A1850_B1850,1,1850,1850,0.85,0.85,1532898887,1850,1850,1000,1000,0,0,0,0
1785437841.1673758,A1850_B1850,1,1850,1850,0.85,0.85,1532918585,1850,1850,1000,1000,0,0,0,0
1785437841.1918397,A1850_B1850,1,1850,1850,0.85,0.85,1532941994,1850,1850,1000,1000,0,0,0,0
1785437841.2066648,A1850_B1850,1,1850,1850,0.85,0.85,1532959221,1850,1850,1000,1000,0,0,0,0
1785437841.2276402,A1850_B1850,1,1850,1850,0.85,0.85,1532978928,1850,1850,1000,1000,0,0,0,0
1785437841.2486627,A1850_B1850,1,1850,1850,0.85,0.85,1533001091,1850,1850,1000,1000,0,0,0,0
1785437841.2685513,A1850_B1850,1,1850,1850,0.85,0.85,1533019557,1850,1850,1000,1000,0,0,0,0
1785437841.2917304,A1850_B1850,1,1850,1850,0.85,0.85,1533041722,1850,1850,1000,1000,0,0,0,0
1785437841.3066483,A1850_B1850,1,1850,1850,0.85,0.85,1533057734,1850,1850,1000,1000,0,0,0,0
1785437841.327652,A1850_B1850,1,1850,1850,0.85,0.85,1533079940,1850,1850,1000,1000,0,0,0,0
1785437841.346636,A1850_B1850,1,1850,1850,0.85,0.85,1533099599,1850,1850,1000,1000,0,0,0,0
1785437841.3683827,A1850_B1850,1,1850,1850,0.85,0.85,1533120535,1850,1850,1000,1000,0,0,0,0
1785437841.3917146,A1850_B1850,1,1850,1850,0.85,0.85,1533140240,1850,1850,1000,1000,0,0,0,0
1785437841.406662,A1850_B1850,1,1850,1850,0.85,0.85,1533157476,1850,1850,1000,1000,0,0,0,0
1785437841.4301076,A1850_B1850,1,1850,1850,0.85,0.85,1533182106,1850,1850,1000,1000,0,0,0,0
1785437841.4476383,A1850_B1850,1,1850,1850,0.85,0.85,1533200571,1850,1850,1000,1000,0,0,0,0
1785437841.470945,A1850_B1850,1,1850,1850,0.85,0.85,1533220277,1850,1850,1000,1000,0,0,0,0
1785437841.4907315,A1850_B1850,1,1850,1850,0.85,0.85,1533239988,1850,1850,1000,1000,0,0,0,0
1785437841.5068834,A1850_B1850,1,1850,1850,0.85,0.85,1533259690,1850,1850,1000,1000,0,0,0,0
1785437841.5288491,A1850_B1850,1,1850,1850,0.85,0.85,1533280614,1850,1850,1000,1000,0,0,0,0
1785437841.5466695,A1850_B1850,1,1850,1850,0.85,0.85,1533297852,1850,1850,1000,1000,0,0,0,0
1785437841.570357,A1850_B1850,1,1850,1850,0.85,0.85,1533320025,1850,1850,1000,1000,0,0,0,0
1785437841.5917506,A1850_B1850,1,1850,1850,0.85,0.85,1533339723,1850,1850,1000,1000,0,0,0,0
1785437841.6074386,A1850_B1850,1,1850,1850,0.85,0.85,1533359420,1850,1850,1000,1000,0,0,0,0
1785437841.6278684,A1850_B1850,1,1850,1850,0.85,0.85,1533380359,1850,1850,1000,1000,0,0,0,0
1785437841.6486769,A1850_B1850,1,1850,1850,0.85,0.85,1533400065,1850,1850,1000,1000,0,0,0,0
1785437841.6687033,A1850_B1850,1,1850,1850,0.85,0.85,1533419763,1850,1850,1000,1000,0,0,0,0
1785437841.6917727,A1850_B1850,1,1850,1850,0.85,0.85,1533441925,1850,1850,1000,1000,0,0,0,0
1785437841.7076714,A1850_B1850,1,1850,1850,0.85,0.85,1533460397,1850,1850,1000,1000,0,0,0,0
1785437841.7286649,A1850_B1850,1,1850,1850,0.85,0.85,1533480102,1850,1850,1000,1000,0,0,0,0
1785437841.7466874,A1850_B1850,1,1850,1850,0.85,0.85,1533499798,1850,1850,1000,1000,0,0,0,0
1785437841.768352,A1850_B1850,1,1850,1850,0.85,0.85,1533519504,1850,1850,1000,1000,0,0,0,0
1785437841.789832,A1850_B1850,1,1850,1850,0.85,0.85,1533537980,1850,1850,1000,1000,0,0,0,0
1785437841.8076496,A1850_B1850,1,1850,1850,0.85,0.85,1533560141,1850,1850,1000,1000,0,0,0,0
1785437841.8286595,A1850_B1850,1,1850,1850,0.85,0.85,1533579840,1850,1850,1000,1000,0,0,0,0
1785437841.8466673,A1850_B1850,1,1850,1850,0.85,0.85,1533599585,1850,1850,1000,1000,0,0,0,0
1785437841.8700564,A1850_B1850,1,1850,1850,0.85,0.85,1533620475,1850,1850,1000,1000,0,0,0,0
1785437841.889786,A1850_B1850,1,1850,1850,0.85,0.85,1533640185,1850,1850,1000,1000,0,0,0,0
1785437841.9086678,A1850_B1850,1,1850,1850,0.85,0.85,1533659880,1850,1850,1000,1000,0,0,0,0
1785437841.9276757,A1850_B1850,1,1850,1850,0.85,0.85,1533679579,1850,1850,1000,1000,0,0,0,0
1785437841.9486551,A1850_B1850,1,1850,1850,0.85,0.85,1533700517,1850,1850,1000,1000,0,0,0,0
1785437841.967379,A1850_B1850,1,1850,1850,0.85,0.85,1533717757,1850,1850,1000,1000,0,0,0,0
1785437841.9909801,A1850_B1850,1,1850,1850,0.85,0.85,1533739924,1850,1850,1000,1000,0,0,0,0
1785437842.0066502,A1850_B1850,1,1850,1850,0.85,0.85,1533759621,1850,1850,1000,1000,0,0,0,0
1785437842.027653,A1850_B1850,1,1850,1850,0.85,0.85,1533780551,1850,1850,1000,1000,0,0,0,0
1785437842.048669,A1850_B1850,1,1850,1850,0.85,0.85,1533800260,1850,1850,1000,1000,0,0,0,0
1785437842.0696545,A1850_B1850,1,1850,1850,0.85,0.85,1533819967,1850,1850,1000,1000,0,0,0,0
1785437842.0907464,A1850_B1850,1,1850,1850,0.85,0.85,1533839661,1850,1850,1000,1000,0,0,0,0
1785437842.109833,A1850_B1850,1,1850,1850,0.85,0.85,1533860592,1850,1850,1000,1000,0,0,0,0
1785437842.1277742,A1850_B1850,1,1850,1850,0.85,0.85,1533880300,1850,1850,1000,1000,0,0,0,0
1785437842.1491866,A1850_B1850,1,1850,1850,0.85,0.85,1533900003,1850,1850,1000,1000,0,0,0,0
1785437842.167421,A1850_B1850,1,1850,1850,0.85,0.85,1533919700,1850,1850,1000,1000,0,0,0,0
1785437842.1917624,A1850_B1850,1,1850,1850,0.85,0.85,1533939404,1850,1850,1000,1000,0,0,0,0
1785437842.2066739,A1850_B1850,1,1850,1850,0.85,0.85,1533957874,1850,1850,1000,1000,0,0,0,0
1785437842.2280245,A1850_B1850,1,1850,1850,0.85,0.85,1533980042,1850,1850,1000,1000,0,0,0,0
1785437842.248664,A1850_B1850,1,1850,1850,0.85,0.85,1533999741,1850,1850,1000,1000,0,0,0,0
1785437842.2683587,A1850_B1850,1,1850,1850,0.85,0.85,1534019445,1850,1850,1000,1000,0,0,0,0
1785437842.2907462,A1850_B1850,1,1850,1850,0.85,0.85,1534040385,1850,1850,1000,1000,0,0,0,0
1785437842.3086817,A1850_B1850,1,1850,1850,0.85,0.85,1534061313,1850,1850,1000,1000,0,0,0,0
1785437842.3266716,A1850_B1850,1,1850,1850,0.85,0.85,1534078549,1850,1850,1000,1000,0,0,0,0
1785437842.3476813,A1850_B1850,1,1850,1850,0.85,0.85,1534100723,1850,1850,1000,1000,0,0,0,0
1785437842.3698509,A1850_B1850,1,1850,1850,0.85,0.85,1534120422,1850,1850,1000,1000,0,0,0,0
1785437842.3907518,A1850_B1850,1,1850,1850,0.85,0.85,1534138896,1850,1850,1000,1000,0,0,0,0
1785437842.408665,A1850_B1850,1,1850,1850,0.85,0.85,1534161053,1850,1850,1000,1000,0,0,0,0
1785437842.4276826,A1850_B1850,1,1850,1850,0.85,0.85,1534180758,1850,1850,1000,1000,0,0,0,0
1785437842.4467094,A1850_B1850,1,1850,1850,0.85,0.85,1534198000,1850,1850,1000,1000,0,0,0,0
1785437842.4686103,A1850_B1850,1,1850,1850,0.85,0.85,1534218975,1850,1850,1000,1000,0,0,0,0
1785437842.4917624,A1850_B1850,1,1850,1850,0.85,0.85,1534241095,1850,1850,1000,1000,0,0,0,0
1785437842.506686,A1850_B1850,1,1850,1850,0.85,0.85,1534258337,1850,1850,1000,1000,0,0,0,0
1785437842.5286922,A1850_B1850,1,1850,1850,0.85,0.85,1534280501,1850,1850,1000,1000,0,0,0,0
1785437842.5466716,A1850_B1850,1,1850,1850,0.85,0.85,1534298976,1850,1850,1000,1000,0,0,0,0
1785437842.56851,A1850_B1850,1,1850,1850,0.85,0.85,1534318673,1850,1850,1000,1000,0,0,0,0
1785437842.5925355,A1850_B1850,1,1850,1850,0.85,0.85,1534340878,1850,1850,1000,1000,0,0,0,0
1785437842.6077116,A1850_B1850,1,1850,1850,0.85,0.85,1534360574,1850,1850,1000,1000,0,0,0,0
1785437842.628713,A1850_B1850,1,1850,1850,0.85,0.85,1534381492,1850,1850,1000,1000,0,0,0,0
1785437842.6467087,A1850_B1850,1,1850,1850,0.85,0.85,1534398709,1850,1850,1000,1000,0,0,0,0
1785437842.6687078,A1850_B1850,1,1850,1850,0.85,0.85,1534420883,1850,1850,1000,1000,0,0,0,0
1785437842.6917906,A1850_B1850,1,1850,1850,0.85,0.85,1534440576,1850,1850,1000,1000,0,0,0,0
1785437842.7067256,A1850_B1850,1,1850,1850,0.85,0.85,1534459052,1850,1850,1000,1000,0,0,0,0
1785437842.7287197,A1850_B1850,1,1850,1850,0.85,0.85,1534481215,1850,1850,1000,1000,0,0,0,0
1785437842.7466948,A1850_B1850,1,1850,1850,0.85,0.85,1534498454,1850,1850,1000,1000,0,0,0,0
1785437842.7683828,A1850_B1850,1,1850,1850,0.85,0.85,1534520618,1850,1850,1000,1000,0,0,0,0
1785437842.7927175,A1850_B1850,1,1850,1850,0.85,0.85,1534541552,1850,1850,1000,1000,0,0,0,0
1785437842.8076982,A1850_B1850,1,1850,1850,0.85,0.85,1534558792,1850,1850,1000,1000,0,0,0,0
1785437842.8289223,A1850_B1850,1,1850,1850,0.85,0.85,1534580964,1850,1850,1000,1000,0,0,0,0
1785437842.8470294,A1850_B1850,1,1850,1850,0.85,0.85,1534598196,1850,1850,1000,1000,0,0,0,0
1785437842.8707068,A1850_B1850,1,1850,1850,0.85,0.85,1534621598,1850,1850,1000,1000,0,0,0,0
1785437842.8912683,A1850_B1850,1,1850,1850,0.85,0.85,1534641303,1850,1850,1000,1000,0,0,0,0
1785437842.9086814,A1850_B1850,1,1850,1850,0.85,0.85,1534661010,1850,1850,1000,1000,0,0,0,0
1785437842.9277067,A1850_B1850,1,1850,1850,0.85,0.85,1534680709,1850,1850,1000,1000,0,0,0,0
1785437842.9501565,A1850_B1850,1,1850,1850,0.85,0.85,1534700404,1850,1850,1000,1000,0,0,0,0
1785437842.969842,A1850_B1850,1,1850,1850,0.85,0.85,1534721331,1850,1850,1000,1000,0,0,0,0
1785437842.9897673,A1850_B1850,1,1850,1850,0.85,0.85,1534738576,1850,1850,1000,1000,0,0,0,0
1785437843.007702,A1850_B1850,1,1850,1850,0.85,0.85,1534760741,1850,1850,1000,1000,0,0,0,0
1785437843.028693,A1850_B1850,1,1850,1850,0.85,0.85,1534780439,1850,1850,1000,1000,0,0,0,0
1785437843.0477085,A1850_B1850,1,1850,1850,0.85,0.85,1534798919,1850,1850,1000,1000,0,0,0,0
1785437843.0721939,A1850_B1850,1,1850,1850,0.85,0.85,1534821100,1850,1850,1000,1000,0,0,0,0
1785437843.0897746,A1850_B1850,1,1850,1850,0.85,0.85,1534838317,1850,1850,1000,1000,0,0,0,0
1785437843.1077168,A1850_B1850,1,1850,1850,0.85,0.85,1534860528,1850,1850,1000,1000,0,0,0,0
1785437843.1267743,A1850_B1850,1,1850,1850,0.85,0.85,1534878954,1850,1850,1000,1000,0,0,0,0
1785437843.14818,A1850_B1850,1,1850,1850,0.85,0.85,1534901130,1850,1850,1000,1000,0,0,0,0
1785437843.1674404,A1850_B1850,1,1850,1850,0.85,0.85,1534918354,1850,1850,1000,1000,0,0,0,0
1785437843.1917963,A1850_B1850,1,1850,1850,0.85,0.85,1534940523,1850,1850,1000,1000,0,0,0,0
1785437843.2067146,A1850_B1850,1,1850,1850,0.85,0.85,1534958995,1850,1850,1000,1000,0,0,0,0
1785437843.2289479,A1850_B1850,1,1850,1850,0.85,0.85,1534981160,1850,1850,1000,1000,0,0,0,0
1785437843.2476954,A1850_B1850,1,1850,1850,0.85,0.85,1534998397,1850,1850,1000,1000,0,0,0,0
1785437843.2700715,A1850_B1850,1,1850,1850,0.85,0.85,1535020566,1850,1850,1000,1000,0,0,0,0
1785437843.2897801,A1850_B1850,1,1850,1850,0.85,0.85,1535039067,1850,1850,1000,1000,0,0,0,0
1785437843.3078058,A1850_B1850,1,1850,1850,0.85,0.85,1535061219,1850,1850,1000,1000,0,0,0,0
1785437843.3266938,A1850_B1850,1,1850,1850,0.85,0.85,1535079674,1850,1850,1000,1000,0,0,0,0
1785437843.3476973,A1850_B1850,1,1850,1850,0.85,0.85,1535099376,1850,1850,1000,1000,0,0,0,0
1785437843.3698537,A1850_B1850,1,1850,1850,0.85,0.85,1535121543,1850,1850,1000,1000,0,0,0,0
1785437843.3898718,A1850_B1850,1,1850,1850,0.85,0.85,1535137583,1850,1850,1000,1000,0,0,0,0
1785437843.4077187,A1850_B1850,1,1850,1850,0.85,0.85,1535159708,1850,1850,1000,1000,0,0,0,0
1785437843.4299653,A1850_B1850,1,1850,1850,0.85,0.85,1535181873,1850,1850,1000,1000,0,0,0,0
1785437843.4477055,A1850_B1850,1,1850,1850,0.85,0.85,1535199111,1850,1850,1000,1000,0,0,0,0
1785437843.4706783,A1850_B1850,1,1850,1850,0.85,0.85,1535220049,1850,1850,1000,1000,0,0,0,0
1785437843.4898076,A1850_B1850,1,1850,1850,0.85,0.85,1535239746,1850,1850,1000,1000,0,0,0,0
1785437843.508789,A1850_B1850,1,1850,1850,0.85,0.85,1535261919,1850,1850,1000,1000,0,0,0,0
1785437843.5268135,A1850_B1850,1,1850,1850,0.85,0.85,1535279161,1850,1850,1000,1000,0,0,0,0
1785437843.5481758,A1850_B1850,1,1850,1850,0.85,0.85,1535300094,1850,1850,1000,1000,0,0,0,0
1785437843.5700223,A1850_B1850,1,1850,1850,0.85,0.85,1535319792,1850,1850,1000,1000,0,0,0,0
1785437843.5910025,A1850_B1850,1,1850,1850,0.85,0.85,1535339489,1850,1850,1000,1000,0,0,0,0
1785437843.6088324,A1850_B1850,1,1850,1850,0.85,0.85,1535361660,1850,1850,1000,1000,0,0,0,0
1785437843.6267743,A1850_B1850,1,1850,1850,0.85,0.85,1535376427,1850,1850,1000,1000,0,0,0,0
1785437843.6487608,A1850_B1850,1,1850,1850,0.85,0.85,1535399828,1850,1850,1000,1000,0,0,0,0
1785437843.6677356,A1850_B1850,1,1850,1850,0.85,0.85,1535419531,1850,1850,1000,1000,0,0,0,0
1785437843.690908,A1850_B1850,1,1850,1850,0.85,0.85,1535439234,1850,1850,1000,1000,0,0,0,0
1785437843.7088163,A1850_B1850,1,1850,1850,0.85,0.85,1535458939,1850,1850,1000,1000,0,0,0,0
1785437843.7277658,A1850_B1850,1,1850,1850,0.85,0.85,1535479871,1850,1850,1000,1000,0,0,0,0
1785437843.7489848,A1850_B1850,1,1850,1850,0.85,0.85,1535502035,1850,1850,1000,1000,0,0,0,0
1785437843.7674367,A1850_B1850,1,1850,1850,0.85,0.85,1535519275,1850,1850,1000,1000,0,0,0,0
1785437843.7908955,A1850_B1850,1,1850,1850,0.85,0.85,1535538990,1850,1850,1000,1000,0,0,0,0
1785437843.8067434,A1850_B1850,1,1850,1850,0.85,0.85,1535557448,1850,1850,1000,1000,0,0,0,0
1785437843.8288157,A1850_B1850,1,1850,1850,0.85,0.85,1535579611,1850,1850,1000,1000,0,0,0,0
1785437843.846739,A1850_B1850,1,1850,1850,0.85,0.85,1535599312,1850,1850,1000,1000,0,0,0,0
1785437843.8686574,A1850_B1850,1,1850,1850,0.85,0.85,1535619019,1850,1850,1000,1000,0,0,0,0
1785437843.8917983,A1850_B1850,1,1850,1850,0.85,0.85,1535639978,1850,1850,1000,1000,0,0,0,0
1785437843.9077268,A1850_B1850,1,1850,1850,0.85,0.85,1535659654,1850,1850,1000,1000,0,0,0,0
1785437843.9288292,A1850_B1850,1,1850,1850,0.85,0.85,1535681828,1850,1850,1000,1000,0,0,0,0
1785437843.946712,A1850_B1850,1,1850,1850,0.85,0.85,1535699057,1850,1850,1000,1000,0,0,0,0
1785437843.9684246,A1850_B1850,1,1850,1850,0.85,0.85,1535719996,1850,1850,1000,1000,0,0,0,0
1785437843.989795,A1850_B1850,1,1850,1850,0.85,0.85,1535739690,1850,1850,1000,1000,0,0,0,0
1785437844.0077157,A1850_B1850,1,1850,1850,0.85,0.85,1535759392,1850,1850,1000,1000,0,0,0,0
1785437844.0287728,A1850_B1850,1,1850,1850,0.85,0.85,1535781572,1850,1850,1000,1000,0,0,0,0
1785437844.0468478,A1850_B1850,1,1850,1850,0.85,0.85,1535797572,1850,1850,1000,1000,0,0,0,0
1785437844.0706303,A1850_B1850,1,1850,1850,0.85,0.85,1535819731,1850,1850,1000,1000,0,0,0,0
1785437844.0933876,A1850_B1850,1,1850,1850,0.85,0.85,1535841904,1850,1850,1000,1000,0,0,0,0
1785437844.1096346,A1850_B1850,1,1850,1850,0.85,0.85,1535861598,1850,1850,1000,1000,0,0,0,0
1785437844.1277807,A1850_B1850,1,1850,1850,0.85,0.85,1535880069,1850,1850,1000,1000,0,0,0,0
1785437844.1494834,A1850_B1850,1,1850,1850,0.85,0.85,1535902237,1850,1850,1000,1000,0,0,0,0
1785437844.1674786,A1850_B1850,1,1850,1850,0.85,0.85,1535919472,1850,1850,1000,1000,0,0,0,0
1785437844.1916702,A1850_B1850,1,1850,1850,0.85,0.85,1535941650,1850,1850,1000,1000,0,0,0,0
1785437844.207746,A1850_B1850,1,1850,1850,0.85,0.85,1535960113,1850,1850,1000,1000,0,0,0,0
1785437844.2287486,A1850_B1850,1,1850,1850,0.85,0.85,1535979814,1850,1850,1000,1000,0,0,0,0
1785437844.247827,A1850_B1850,1,1850,1850,0.85,0.85,1535999515,1850,1850,1000,1000,0,0,0,0
1785437844.2711053,A1850_B1850,1,1850,1850,0.85,0.85,1536021684,1850,1850,1000,1000,0,0,0,0
1785437844.290841,A1850_B1850,1,1850,1850,0.85,0.85,1536038925,1850,1850,1000,1000,0,0,0,0
1785437844.3087287,A1850_B1850,1,1850,1850,0.85,0.85,1536059856,1850,1850,1000,1000,0,0,0,0
1785437844.3267486,A1850_B1850,1,1850,1850,0.85,0.85,1536078324,1850,1850,1000,1000,0,0,0,0
1785437844.3478372,A1850_B1850,1,1850,1850,0.85,0.85,1536100508,1850,1850,1000,1000,0,0,0,0
1785437844.3698862,A1850_B1850,1,1850,1850,0.85,0.85,1536120188,1850,1850,1000,1000,0,0,0,0
1785437844.391023,A1850_B1850,1,1850,1850,0.85,0.85,1536138664,1850,1850,1000,1000,0,0,0,0
1785437844.4089344,A1850_B1850,1,1850,1850,0.85,0.85,1536160829,1850,1850,1000,1000,0,0,0,0
1785437844.4268212,A1850_B1850,1,1850,1850,0.85,0.85,1536178066,1850,1850,1000,1000,0,0,0,0
1785437844.4478433,A1850_B1850,1,1850,1850,0.85,0.85,1536200229,1850,1850,1000,1000,0,0,0,0
1785437844.4702034,A1850_B1850,1,1850,1850,0.85,0.85,1536221165,1850,1850,1000,1000,0,0,0,0
1785437844.4898245,A1850_B1850,1,1850,1850,0.85,0.85,1536238402,1850,1850,1000,1000,0,0,0,0
1785437844.5087388,A1850_B1850,1,1850,1850,0.85,0.85,1536260572,1850,1850,1000,1000,0,0,0,0
1785437844.5268102,A1850_B1850,1,1850,1850,0.85,0.85,1536277815,1850,1850,1000,1000,0,0,0,0
1785437844.5487804,A1850_B1850,1,1850,1850,0.85,0.85,1536299973,1850,1850,1000,1000,0,0,0,0
1785437844.5685744,A1850_B1850,1,1850,1850,0.85,0.85,1536320907,1850,1850,1000,1000,0,0,0,0
1785437844.591821,A1850_B1850,1,1850,1850,0.85,0.85,1536340607,1850,1850,1000,1000,0,0,0,0
1785437844.6067364,A1850_B1850,1,1850,1850,0.85,0.85,1536357877,1850,1850,1000,1000,0,0,0,0
1785437844.6279016,A1850_B1850,1,1850,1850,0.85,0.85,1536380015,1850,1850,1000,1000,0,0,0,0
1785437844.6467817,A1850_B1850,1,1850,1850,0.85,0.85,1536398532,1850,1850,1000,1000,0,0,0,0
1785437844.6688907,A1850_B1850,1,1850,1850,0.85,0.85,1536420647,1850,1850,1000,1000,0,0,0,0
1785437844.6918728,A1850_B1850,1,1850,1850,0.85,0.85,1536440348,1850,1850,1000,1000,0,0,0,0
1785437844.7068615,A1850_B1850,1,1850,1850,0.85,0.85,1536457591,1850,1850,1000,1000,0,0,0,0
1785437844.7287705,A1850_B1850,1,1850,1850,0.85,0.85,1536480992,1850,1850,1000,1000,0,0,0,0
1785437844.7467687,A1850_B1850,1,1850,1850,0.85,0.85,1536498239,1850,1850,1000,1000,0,0,0,0
1785437844.7711082,A1850_B1850,1,1850,1850,0.85,0.85,1536522858,1850,1850,1000,1000,0,0,0,0
1785437844.7929194,A1850_B1850,1,1850,1850,0.85,0.85,1536542564,1850,1850,1000,1000,0,0,0,0
1785437844.8095415,A1850_B1850,1,1850,1850,0.85,0.85,1536561031,1850,1850,1000,1000,0,0,0,0
1785437844.8267567,A1850_B1850,1,1850,1850,0.85,0.85,1536578264,1850,1850,1000,1000,0,0,0,0
1785437844.8492308,A1850_B1850,1,1850,1850,0.85,0.85,1536600428,1850,1850,1000,1000,0,0,0,0
1785437844.8689725,A1850_B1850,1,1850,1850,0.85,0.85,1536620181,1850,1850,1000,1000,0,0,0,0
1785437844.891415,A1850_B1850,1,1850,1850,0.85,0.85,1536641074,1850,1850,1000,1000,0,0,0,0
1785437844.9089549,A1850_B1850,1,1850,1850,0.85,0.85,1536660771,1850,1850,1000,1000,0,0,0,0
1785437844.9276257,A1850_B1850,1,1850,1850,0.85,0.85,1536680476,1850,1850,1000,1000,0,0,0,0
1785437844.9478755,A1850_B1850,1,1850,1850,0.85,0.85,1536700181,1850,1850,1000,1000,0,0,0,0
1785437844.968483,A1850_B1850,1,1850,1850,0.85,0.85,1536718645,1850,1850,1000,1000,0,0,0,0
1785437844.9920902,A1850_B1850,1,1850,1850,0.85,0.85,1536740809,1850,1850,1000,1000,0,0,0,0
1785437845.006766,A1850_B1850,1,1850,1850,0.85,0.85,1536758053,1850,1850,1000,1000,0,0,0,0
1785437845.027768,A1850_B1850,1,1850,1850,0.85,0.85,1536780209,1850,1850,1000,1000,0,0,0,0
1785437845.0488477,A1850_B1850,1,1850,1850,0.85,0.85,1536801150,1850,1850,1000,1000,0,0,0,0
1785437845.0698712,A1850_B1850,1,1850,1850,0.85,0.85,1536818387,1850,1850,1000,1000,0,0,0,0
1785437845.0908585,A1850_B1850,1,1850,1850,0.85,0.85,1536840554,1850,1850,1000,1000,0,0,0,0
1785437845.1068141,A1850_B1850,1,1850,1850,0.85,0.85,1536857799,1850,1850,1000,1000,0,0,0,0
1785437845.1278012,A1850_B1850,1,1850,1850,0.85,0.85,1536879955,1850,1850,1000,1000,0,0,0,0
1785437845.1489475,A1850_B1850,1,1850,1850,0.85,0.85,1536900888,1850,1850,1000,1000,0,0,0,0
1785437845.1675115,A1850_B1850,1,1850,1850,0.85,0.85,1536918132,1850,1850,1000,1000,0,0,0,0
1785437845.190866,A1850_B1850,1,1850,1850,0.85,0.85,1536940291,1850,1850,1000,1000,0,0,0,0
1785437845.2089713,A1850_B1850,1,1850,1850,0.85,0.85,1536959999,1850,1850,1000,1000,0,0,0,0
1785437845.227811,A1850_B1850,1,1850,1850,0.85,0.85,1536978467,1850,1850,1000,1000,0,0,0,0
1785437845.246398,A1850_B1850,1,1850,1850,0.85,0.85,1536998171,1850,1850,1000,1000,0,0,0,0
1785437845.267695,A1850_B1850,1,1850,1850,0.85,0.85,1537017868,1850,1850,1000,1000,0,0,0,0
1785437845.290853,A1850_B1850,1,1850,1850,0.85,0.85,1537040035,1850,1850,1000,1000,0,0,0,0
1785437845.306761,A1850_B1850,1,1850,1850,0.85,0.85,1537058504,1850,1850,1000,1000,0,0,0,0
1785437845.32778,A1850_B1850,1,1850,1850,0.85,0.85,1537075771,1850,1850,1000,1000,0,0,0,0
1785437845.3488595,A1850_B1850,1,1850,1850,0.85,0.85,1537101610,1850,1850,1000,1000,0,0,0,0
1785437845.3683507,A1850_B1850,1,1850,1850,0.85,0.85,1537118854,1850,1850,1000,1000,0,0,0,0
1785437845.3926768,A1850_B1850,1,1850,1850,0.85,0.85,1537141007,1850,1850,1000,1000,0,0,0,0
1785437845.40794,A1850_B1850,1,1850,1850,0.85,0.85,1537159477,1850,1850,1000,1000,0,0,0,0
1785437845.4297564,A1850_B1850,1,1850,1850,0.85,0.85,1537181646,1850,1850,1000,1000,0,0,0,0
1785437845.4477618,A1850_B1850,1,1850,1850,0.85,0.85,1537198886,1850,1850,1000,1000,0,0,0,0
1785437845.470774,A1850_B1850,1,1850,1850,0.85,0.85,1537221081,1850,1850,1000,1000,0,0,0,0
1785437845.4898899,A1850_B1850,1,1850,1850,0.85,0.85,1537239518,1850,1850,1000,1000,0,0,0,0
1785437845.5088685,A1850_B1850,1,1850,1850,0.85,0.85,1537261727,1850,1850,1000,1000,0,0,0,0
1785437845.5276985,A1850_B1850,1,1850,1850,0.85,0.85,1537281397,1850,1850,1000,1000,0,0,0,0
1785437845.5487778,A1850_B1850,1,1850,1850,0.85,0.85,1537301093,1850,1850,1000,1000,0,0,0,0
1785437845.5692139,A1850_B1850,1,1850,1850,0.85,0.85,1537319563,1850,1850,1000,1000,0,0,0,0
1785437845.591868,A1850_B1850,1,1850,1850,0.85,0.85,1537341726,1850,1850,1000,1000,0,0,0,0
1785437845.6072423,A1850_B1850,1,1850,1850,0.85,0.85,1537358965,1850,1850,1000,1000,0,0,0,0
1785437845.627787,A1850_B1850,1,1850,1850,0.85,0.85,1537378670,1850,1850,1000,1000,0,0,0,0
1785437845.6489036,A1850_B1850,1,1850,1850,0.85,0.85,1537399604,1850,1850,1000,1000,0,0,0,0
1785437845.6677403,A1850_B1850,1,1850,1850,0.85,0.85,1537419307,1850,1850,1000,1000,0,0,0,0
1785437845.6908884,A1850_B1850,1,1850,1850,0.85,0.85,1537439012,1850,1850,1000,1000,0,0,0,0
1785437845.7088494,A1850_B1850,1,1850,1850,0.85,0.85,1537461164,1850,1850,1000,1000,0,0,0,0
1785437845.7269287,A1850_B1850,1,1850,1850,0.85,0.85,1537479638,1850,1850,1000,1000,0,0,0,0
1785437845.7478187,A1850_B1850,1,1850,1850,0.85,0.85,1537499344,1850,1850,1000,1000,0,0,0,0
1785437845.7675347,A1850_B1850,1,1850,1850,0.85,0.85,1537519048,1850,1850,1000,1000,0,0,0,0
1785437845.7918773,A1850_B1850,1,1850,1850,0.85,0.85,1537541211,1850,1850,1000,1000,0,0,0,0
1785437845.8068216,A1850_B1850,1,1850,1850,0.85,0.85,1537558446,1850,1850,1000,1000,0,0,0,0
1785437845.8288195,A1850_B1850,1,1850,1850,0.85,0.85,1537581844,1850,1850,1000,1000,0,0,0,0
1785437845.846829,A1850_B1850,1,1850,1850,0.85,0.85,1537599083,1850,1850,1000,1000,0,0,0,0
1785437845.8687391,A1850_B1850,1,1850,1850,0.85,0.85,1537618783,1850,1850,1000,1000,0,0,0,0
1785437845.891899,A1850_B1850,1,1850,1850,0.85,0.85,1537640957,1850,1850,1000,1000,0,0,0,0
1785437845.9077833,A1850_B1850,1,1850,1850,0.85,0.85,1537659430,1850,1850,1000,1000,0,0,0,0
1785437845.928821,A1850_B1850,1,1850,1850,0.85,0.85,1537681584,1850,1850,1000,1000,0,0,0,0
1785437845.9471323,A1850_B1850,1,1850,1850,0.85,0.85,1537698825,1850,1850,1000,1000,0,0,0,0
1785437845.968583,A1850_B1850,1,1850,1850,0.85,0.85,1537718533,1850,1850,1000,1000,0,0,0,0
1785437845.9901793,A1850_B1850,1,1850,1850,0.85,0.85,1537739466,1850,1850,1000,1000,0,0,0,0
1785437846.0069947,A1850_B1850,1,1850,1850,0.85,0.85,1537759163,1850,1850,1000,1000,0,0,0,0
1785437846.02882,A1850_B1850,1,1850,1850,0.85,0.85,1537781325,1850,1850,1000,1000,0,0,0,0
1785437846.0467834,A1850_B1850,1,1850,1850,0.85,0.85,1537798577,1850,1850,1000,1000,0,0,0,0
1785437846.0739224,A1850_B1850,1,1850,1850,0.85,0.85,1537821970,1850,1850,1000,1000,0,0,0,0
1785437846.0929673,A1850_B1850,1,1850,1850,0.85,0.85,1537841671,1850,1850,1000,1000,0,0,0,0
1785437846.1077876,A1850_B1850,1,1850,1850,0.85,0.85,1537858906,1850,1850,1000,1000,0,0,0,0
1785437846.1291504,A1850_B1850,1,1850,1850,0.85,0.85,1537881124,1850,1850,1000,1000,0,0,0,0
1785437846.1467843,A1850_B1850,1,1850,1850,0.85,0.85,1537899541,1850,1850,1000,1000,0,0,0,0
1785437846.1694736,A1850_B1850,1,1850,1850,0.85,0.85,1537919243,1850,1850,1000,1000,0,0,0,0
1785437846.1898942,A1850_B1850,1,1850,1850,0.85,0.85,1537938975,1850,1850,1000,1000,0,0,0,0
1785437846.2088013,A1850_B1850,1,1850,1850,0.85,0.85,1537961119,1850,1850,1000,1000,0,0,0,0
1785437846.227681,A1850_B1850,1,1850,1850,0.85,0.85,1537979616,1850,1850,1000,1000,0,0,0,0
1785437846.2488477,A1850_B1850,1,1850,1850,0.85,0.85,1538001744,1850,1850,1000,1000,0,0,0,0
1785437846.2683823,A1850_B1850,1,1850,1850,0.85,0.85,1538018992,1850,1850,1000,1000,0,0,0,0
1785437846.2908926,A1850_B1850,1,1850,1850,0.85,0.85,1538038688,1850,1850,1000,1000,0,0,0,0
1785437846.3089266,A1850_B1850,1,1850,1850,0.85,0.85,1538059631,1850,1850,1000,1000,0,0,0,0
1785437846.3267963,A1850_B1850,1,1850,1850,0.85,0.85,1538079336,1850,1850,1000,1000,0,0,0,0
1785437846.3478353,A1850_B1850,1,1850,1850,0.85,0.85,1538100257,1850,1850,1000,1000,0,0,0,0
1785437846.369971,A1850_B1850,1,1850,1850,0.85,0.85,1538119976,1850,1850,1000,1000,0,0,0,0
1785437846.3908765,A1850_B1850,1,1850,1850,0.85,0.85,1538139660,1850,1850,1000,1000,0,0,0,0
1785437846.406795,A1850_B1850,1,1850,1850,0.85,0.85,1538158179,1850,1850,1000,1000,0,0,0,0
1785437846.4278076,A1850_B1850,1,1850,1850,0.85,0.85,1538180298,1850,1850,1000,1000,0,0,0,0
1785437846.4487953,A1850_B1850,1,1850,1850,0.85,0.85,1538200005,1850,1850,1000,1000,0,0,0,0
1785437846.467769,A1850_B1850,1,1850,1850,0.85,0.85,1538219701,1850,1850,1000,1000,0,0,0,0
1785437846.4919038,A1850_B1850,1,1850,1850,0.85,0.85,1538240636,1850,1850,1000,1000,0,0,0,0
1785437846.5067995,A1850_B1850,1,1850,1850,0.85,0.85,1538257877,1850,1850,1000,1000,0,0,0,0
1785437846.5277982,A1850_B1850,1,1850,1850,0.85,0.85,1538280041,1850,1850,1000,1000,0,0,0,0
1785437846.5488074,A1850_B1850,1,1850,1850,0.85,0.85,1538299743,1850,1850,1000,1000,0,0,0,0
1785437846.568501,A1850_B1850,1,1850,1850,0.85,0.85,1538320678,1850,1850,1000,1000,0,0,0,0
1785437846.5899088,A1850_B1850,1,1850,1850,0.85,0.85,1538337916,1850,1850,1000,1000,0,0,0,0
1785437846.6078038,A1850_B1850,1,1850,1850,0.85,0.85,1538360085,1850,1850,1000,1000,0,0,0,0
1785437846.6268077,A1850_B1850,1,1850,1850,0.85,0.85,1538379804,1850,1850,1000,1000,0,0,0,0
1785437846.6478167,A1850_B1850,1,1850,1850,0.85,0.85,1538400711,1850,1850,1000,1000,0,0,0,0
1785437846.667774,A1850_B1850,1,1850,1850,0.85,0.85,1538417960,1850,1850,1000,1000,0,0,0,0
1785437846.691909,A1850_B1850,1,1850,1850,0.85,0.85,1538440125,1850,1850,1000,1000,0,0,0,0
1785437846.7068188,A1850_B1850,1,1850,1850,0.85,0.85,1538459821,1850,1850,1000,1000,0,0,0,0
1785437846.7278442,A1850_B1850,1,1850,1850,0.85,0.85,1538479538,1850,1850,1000,1000,0,0,0,0
1785437846.7499397,A1850_B1850,1,1850,1850,0.85,0.85,1538502924,1850,1850,1000,1000,0,0,0,0
1785437846.7686765,A1850_B1850,1,1850,1850,0.85,0.85,1538520168,1850,1850,1000,1000,0,0,0,0
1785437846.7925136,A1850_B1850,1,1850,1850,0.85,0.85,1538542329,1850,1850,1000,1000,0,0,0,0
1785437846.8068407,A1850_B1850,1,1850,1850,0.85,0.85,1538559562,1850,1850,1000,1000,0,0,0,0
1785437846.8285887,A1850_B1850,1,1850,1850,0.85,0.85,1538580524,1850,1850,1000,1000,0,0,0,0
1785437846.8488286,A1850_B1850,1,1850,1850,0.85,0.85,1538600206,1850,1850,1000,1000,0,0,0,0
1785437846.8691072,A1850_B1850,1,1850,1850,0.85,0.85,1538619904,1850,1850,1000,1000,0,0,0,0
1785437846.8921413,A1850_B1850,1,1850,1850,0.85,0.85,1538639605,1850,1850,1000,1000,0,0,0,0
1785437846.9075384,A1850_B1850,1,1850,1850,0.85,0.85,1538660542,1850,1850,1000,1000,0,0,0,0
1785437846.9298434,A1850_B1850,1,1850,1850,0.85,0.85,1538682705,1850,1850,1000,1000,0,0,0,0
1785437846.9478133,A1850_B1850,1,1850,1850,0.85,0.85,1538699945,1850,1850,1000,1000,0,0,0,0
1785437846.969975,A1850_B1850,1,1850,1850,0.85,0.85,1538719651,1850,1850,1000,1000,0,0,0,0
1785437846.989952,A1850_B1850,1,1850,1850,0.85,0.85,1538738117,1850,1850,1000,1000,0,0,0,0
1785437847.007863,A1850_B1850,1,1850,1850,0.85,0.85,1538760280,1850,1850,1000,1000,0,0,0,0
1785437847.0288303,A1850_B1850,1,1850,1850,0.85,0.85,1538779988,1850,1850,1000,1000,0,0,0,0
1785437847.0468466,A1850_B1850,1,1850,1850,0.85,0.85,1538799679,1850,1850,1000,1000,0,0,0,0
1785437847.0709138,A1850_B1850,1,1850,1850,0.85,0.85,1538820615,1850,1850,1000,1000,0,0,0,0
1785437847.0899081,A1850_B1850,1,1850,1850,0.85,0.85,1538837861,1850,1850,1000,1000,0,0,0,0
1785437847.107864,A1850_B1850,1,1850,1850,0.85,0.85,1538860025,1850,1850,1000,1000,0,0,0,0
1785437847.1288192,A1850_B1850,1,1850,1850,0.85,0.85,1538879727,1850,1850,1000,1000,0,0,0,0
1785437847.1468253,A1850_B1850,1,1850,1850,0.85,0.85,1538898197,1850,1850,1000,1000,0,0,0,0
1785437847.1701458,A1850_B1850,1,1850,1850,0.85,0.85,1538920363,1850,1850,1000,1000,0,0,0,0
1785437847.1899357,A1850_B1850,1,1850,1850,0.85,0.85,1538940099,1850,1850,1000,1000,0,0,0,0
1785437847.2081332,A1850_B1850,1,1850,1850,0.85,0.85,1538959764,1850,1850,1000,1000,0,0,0,0
1785437847.2288678,A1850_B1850,1,1850,1850,0.85,0.85,1538980701,1850,1850,1000,1000,0,0,0,0
1785437847.2469296,A1850_B1850,1,1850,1850,0.85,0.85,1538997938,1850,1850,1000,1000,0,0,0,0
1785437847.2687554,A1850_B1850,1,1850,1850,0.85,0.85,1539020104,1850,1850,1000,1000,0,0,0,0
1785437847.289913,A1850_B1850,1,1850,1850,0.85,0.85,1539039803,1850,1850,1000,1000,0,0,0,0
1785437847.3078475,A1850_B1850,1,1850,1850,0.85,0.85,1539059510,1850,1850,1000,1000,0,0,0,0
1785437847.326844,A1850_B1850,1,1850,1850,0.85,0.85,1539077980,1850,1850,1000,1000,0,0,0,0
1785437847.348868,A1850_B1850,1,1850,1850,0.85,0.85,1539101379,1850,1850,1000,1000,0,0,0,0
1785437847.3675396,A1850_B1850,1,1850,1850,0.85,0.85,1539118612,1850,1850,1000,1000,0,0,0,0
1785437847.3909378,A1850_B1850,1,1850,1850,0.85,0.85,1539140781,1850,1850,1000,1000,0,0,0,0
1785437847.4101646,A1850_B1850,1,1850,1850,0.85,0.85,1539160480,1850,1850,1000,1000,0,0,0,0
1785437847.4278772,A1850_B1850,1,1850,1850,0.85,0.85,1539178959,1850,1850,1000,1000,0,0,0,0
1785437847.449263,A1850_B1850,1,1850,1850,0.85,0.85,1539201115,1850,1850,1000,1000,0,0,0,0
1785437847.4677818,A1850_B1850,1,1850,1850,0.85,0.85,1539218359,1850,1850,1000,1000,0,0,0,0
1785437847.4918506,A1850_B1850,1,1850,1850,0.85,0.85,1539240520,1850,1850,1000,1000,0,0,0,0
1785437847.506835,A1850_B1850,1,1850,1850,0.85,0.85,1539258997,1850,1850,1000,1000,0,0,0,0
1785437847.5281732,A1850_B1850,1,1850,1850,0.85,0.85,1539281162,1850,1850,1000,1000,0,0,0,0
1785437847.5488575,A1850_B1850,1,1850,1850,0.85,0.85,1539300860,1850,1850,1000,1000,0,0,0,0
1785437847.568154,A1850_B1850,1,1850,1850,0.85,0.85,1539318104,1850,1850,1000,1000,0,0,0,0
1785437847.5909138,A1850_B1850,1,1850,1850,0.85,0.85,1539339030,1850,1850,1000,1000,0,0,0,0
1785437847.6072762,A1850_B1850,1,1850,1850,0.85,0.85,1539358731,1850,1850,1000,1000,0,0,0,0
1785437847.6278448,A1850_B1850,1,1850,1850,0.85,0.85,1539378442,1850,1850,1000,1000,0,0,0,0
1785437847.6489174,A1850_B1850,1,1850,1850,0.85,0.85,1539400598,1850,1850,1000,1000,0,0,0,0
1785437847.668826,A1850_B1850,1,1850,1850,0.85,0.85,1539419120,1850,1850,1000,1000,0,0,0,0
1785437847.69194,A1850_B1850,1,1850,1850,0.85,0.85,1539441235,1850,1850,1000,1000,0,0,0,0
1785437847.7068496,A1850_B1850,1,1850,1850,0.85,0.85,1539458481,1850,1850,1000,1000,0,0,0,0
1785437847.727872,A1850_B1850,1,1850,1850,0.85,0.85,1539480634,1850,1850,1000,1000,0,0,0,0
1785437847.7468393,A1850_B1850,1,1850,1850,0.85,0.85,1539499109,1850,1850,1000,1000,0,0,0,0
1785437847.7686136,A1850_B1850,1,1850,1850,0.85,0.85,1539518814,1850,1850,1000,1000,0,0,0,0
1785437847.7919512,A1850_B1850,1,1850,1850,0.85,0.85,1539540977,1850,1850,1000,1000,0,0,0,0
1785437847.8068838,A1850_B1850,1,1850,1850,0.85,0.85,1539558220,1850,1850,1000,1000,0,0,0,0
1785437847.828867,A1850_B1850,1,1850,1850,0.85,0.85,1539581617,1850,1850,1000,1000,0,0,0,0
1785437847.8471594,A1850_B1850,1,1850,1850,0.85,0.85,1539598855,1850,1850,1000,1000,0,0,0,0
1785437847.8689084,A1850_B1850,1,1850,1850,0.85,0.85,1539618558,1850,1850,1000,1000,0,0,0,0
1785437847.8919866,A1850_B1850,1,1850,1850,0.85,0.85,1539640748,1850,1850,1000,1000,0,0,0,0
1785437847.906875,A1850_B1850,1,1850,1850,0.85,0.85,1539659191,1850,1850,1000,1000,0,0,0,0
1785437847.928003,A1850_B1850,1,1850,1850,0.85,0.85,1539678893,1850,1850,1000,1000,0,0,0,0
1785437847.9468737,A1850_B1850,1,1850,1850,0.85,0.85,1539698598,1850,1850,1000,1000,0,0,0,0
1785437847.9686174,A1850_B1850,1,1850,1850,0.85,0.85,1539720759,1850,1850,1000,1000,0,0,0,0
1785437847.9919572,A1850_B1850,1,1850,1850,0.85,0.85,1539741698,1850,1850,1000,1000,0,0,0,0
1785437848.007244,A1850_B1850,1,1850,1850,0.85,0.85,1539758934,1850,1850,1000,1000,0,0,0,0
1785437848.0288465,A1850_B1850,1,1850,1850,0.85,0.85,1539781098,1850,1850,1000,1000,0,0,0,0
1785437848.0468488,A1850_B1850,1,1850,1850,0.85,0.85,1539798341,1850,1850,1000,1000,0,0,0,0
1785437848.0707712,A1850_B1850,1,1850,1850,0.85,0.85,1539820498,1850,1850,1000,1000,0,0,0,0
1785437848.092785,A1850_B1850,1,1850,1850,0.85,0.85,1539841469,1850,1850,1000,1000,0,0,0,0
1785437848.1092384,A1850_B1850,1,1850,1850,0.85,0.85,1539861141,1850,1850,1000,1000,0,0,0,0
1785437848.1296055,A1850_B1850,1,1850,1850,0.85,0.85,1539880841,1850,1850,1000,1000,0,0,0,0
1785437848.1468506,A1850_B1850,1,1850,1850,0.85,0.85,1539898083,1850,1850,1000,1000,0,0,0,0
1785437848.169329,A1850_B1850,1,1850,1850,0.85,0.85,1539919013,1850,1850,1000,1000,0,0,0,0
1785437848.1913958,A1850_B1850,1,1850,1850,0.85,0.85,1539941186,1850,1850,1000,1000,0,0,0,0
1785437848.207764,A1850_B1850,1,1850,1850,0.85,0.85,1539958419,1850,1850,1000,1000,0,0,0,0
1785437848.228875,A1850_B1850,1,1850,1850,0.85,0.85,1539980586,1850,1850,1000,1000,0,0,0,0
1785437848.2472095,A1850_B1850,1,1850,1850,0.85,0.85,1539999050,1850,1850,1000,1000,0,0,0,0
1785437848.2694569,A1850_B1850,1,1850,1850,0.85,0.85,1540021218,1850,1850,1000,1000,0,0,0,0
1785437848.2899551,A1850_B1850,1,1850,1850,0.85,0.85,1540038456,1850,1850,1000,1000,0,0,0,0
1785437848.307859,A1850_B1850,1,1850,1850,0.85,0.85,1540060619,1850,1850,1000,1000,0,0,0,0
1785437848.328855,A1850_B1850,1,1850,1850,0.85,0.85,1540081559,1850,1850,1000,1000,0,0,0,0
1785437848.3478694,A1850_B1850,1,1850,1850,0.85,0.85,1540098805,1850,1850,1000,1000,0,0,0,0
1785437848.3700206,A1850_B1850,1,1850,1850,0.85,0.85,1540119730,1850,1850,1000,1000,0,0,0,0
1785437848.3905134,A1850_B1850,1,1850,1850,0.85,0.85,1540139440,1850,1850,1000,1000,0,0,0,0
1785437848.4079354,A1850_B1850,1,1850,1850,0.85,0.85,1540159139,1850,1850,1000,1000,0,0,0,0
1785437848.4288573,A1850_B1850,1,1850,1850,0.85,0.85,1540180069,1850,1850,1000,1000,0,0,0,0
1785437848.4469252,A1850_B1850,1,1850,1850,0.85,0.85,1540199767,1850,1850,1000,1000,0,0,0,0
1785437848.4703395,A1850_B1850,1,1850,1850,0.85,0.85,1540219480,1850,1850,1000,1000,0,0,0,0
1785437848.4902742,A1850_B1850,1,1850,1850,0.85,0.85,1540239178,1850,1850,1000,1000,0,0,0,0
1785437848.507869,A1850_B1850,1,1850,1850,0.85,0.85,1540260105,1850,1850,1000,1000,0,0,0,0
1785437848.5288916,A1850_B1850,1,1850,1850,0.85,0.85,1540279813,1850,1850,1000,1000,0,0,0,0
1785437848.547932,A1850_B1850,1,1850,1850,0.85,0.85,1540299511,1850,1850,1000,1000,0,0,0,0
1785437848.5703976,A1850_B1850,1,1850,1850,0.85,0.85,1540321676,1850,1850,1000,1000,0,0,0,0
1785437848.5904133,A1850_B1850,1,1850,1850,0.85,0.85,1540337687,1850,1850,1000,1000,0,0,0,0
1785437848.6084335,A1850_B1850,1,1850,1850,0.85,0.85,1540359848,1850,1850,1000,1000,0,0,0,0
1785437848.6268642,A1850_B1850,1,1850,1850,0.85,0.85,1540379552,1850,1850,1000,1000,0,0,0,0
1785437848.6478655,A1850_B1850,1,1850,1850,0.85,0.85,1540399259,1850,1850,1000,1000,0,0,0,0
1785437848.670495,A1850_B1850,1,1850,1850,0.85,0.85,1540420186,1850,1850,1000,1000,0,0,0,0
1785437848.6899753,A1850_B1850,1,1850,1850,0.85,0.85,1540439886,1850,1850,1000,1000,0,0,0,0
1785437848.7078853,A1850_B1850,1,1850,1850,0.85,0.85,1540459592,1850,1850,1000,1000,0,0,0,0
1785437848.7299397,A1850_B1850,1,1850,1850,0.85,0.85,1540481755,1850,1850,1000,1000,0,0,0,0
1785437848.747898,A1850_B1850,1,1850,1850,0.85,0.85,1540500227,1850,1850,1000,1000,0,0,0,0
1785437848.7705667,A1850_B1850,1,1850,1850,0.85,0.85,1540522401,1850,1850,1000,1000,0,0,0,0
1785437848.7904112,A1850_B1850,1,1850,1850,0.85,0.85,1540539630,1850,1850,1000,1000,0,0,0,0
1785437848.8089018,A1850_B1850,1,1850,1850,0.85,0.85,1540561797,1850,1850,1000,1000,0,0,0,0
1785437848.8269455,A1850_B1850,1,1850,1850,0.85,0.85,1540579034,1850,1850,1000,1000,0,0,0,0
1785437848.848234,A1850_B1850,1,1850,1850,0.85,0.85,1540599971,1850,1850,1000,1000,0,0,0,0
1785437848.870329,A1850_B1850,1,1850,1850,0.85,0.85,1540619671,1850,1850,1000,1000,0,0,0,0
1785437848.8906984,A1850_B1850,1,1850,1850,0.85,0.85,1540639375,1850,1850,1000,1000,0,0,0,0
1785437848.9079103,A1850_B1850,1,1850,1850,0.85,0.85,1540659098,1850,1850,1000,1000,0,0,0,0
1785437848.928953,A1850_B1850,1,1850,1850,0.85,0.85,1540680013,1850,1850,1000,1000,0,0,0,0
1785437848.9469445,A1850_B1850,1,1850,1850,0.85,0.85,1540699712,1850,1850,1000,1000,0,0,0,0
1785437848.9686224,A1850_B1850,1,1850,1850,0.85,0.85,1540719417,1850,1850,1000,1000,0,0,0,0
1785437848.991994,A1850_B1850,1,1850,1850,0.85,0.85,1540741581,1850,1850,1000,1000,0,0,0,0
1785437849.0079067,A1850_B1850,1,1850,1850,0.85,0.85,1540760049,1850,1850,1000,1000,0,0,0,0
1785437849.0289695,A1850_B1850,1,1850,1850,0.85,0.85,1540779750,1850,1850,1000,1000,0,0,0,0
1785437849.0470684,A1850_B1850,1,1850,1850,0.85,0.85,1540799458,1850,1850,1000,1000,0,0,0,0
1785437849.0709822,A1850_B1850,1,1850,1850,0.85,0.85,1540819177,1850,1850,1000,1000,0,0,0,0
1785437849.0909815,A1850_B1850,1,1850,1850,0.85,0.85,1540840088,1850,1850,1000,1000,0,0,0,0
1785437849.1088803,A1850_B1850,1,1850,1850,0.85,0.85,1540859811,1850,1850,1000,1000,0,0,0,0
1785437849.126931,A1850_B1850,1,1850,1850,0.85,0.85,1540879499,1850,1850,1000,1000,0,0,0,0
1785437849.1488912,A1850_B1850,1,1850,1850,0.85,0.85,1540901702,1850,1850,1000,1000,0,0,0,0
1785437849.1676438,A1850_B1850,1,1850,1850,0.85,0.85,1540917671,1850,1850,1000,1000,0,0,0,0
1785437849.1910787,A1850_B1850,1,1850,1850,0.85,0.85,1540939834,1850,1850,1000,1000,0,0,0,0
1785437849.2089856,A1850_B1850,1,1850,1850,0.85,0.85,1540959538,1850,1850,1000,1000,0,0,0,0
1785437849.2270408,A1850_B1850,1,1850,1850,0.85,0.85,1540979241,1850,1850,1000,1000,0,0,0,0
1785437849.2478874,A1850_B1850,1,1850,1850,0.85,0.85,1541000168,1850,1850,1000,1000,0,0,0,0
1785437849.2679088,A1850_B1850,1,1850,1850,0.85,0.85,1541019873,1850,1850,1000,1000,0,0,0,0
1785437849.290987,A1850_B1850,1,1850,1850,0.85,0.85,1541039578,1850,1850,1000,1000,0,0,0,0
1785437849.3068862,A1850_B1850,1,1850,1850,0.85,0.85,1541059275,1850,1850,1000,1000,0,0,0,0
1785437849.3269253,A1850_B1850,1,1850,1850,0.85,0.85,1541076550,1850,1850,1000,1000,0,0,0,0
1785437849.348932,A1850_B1850,1,1850,1850,0.85,0.85,1541099911,1850,1850,1000,1000,0,0,0,0
1785437849.3676088,A1850_B1850,1,1850,1850,0.85,0.85,1541118381,1850,1850,1000,1000,0,0,0,0
1785437849.3910198,A1850_B1850,1,1850,1850,0.85,0.85,1541140547,1850,1850,1000,1000,0,0,0,0
1785437849.4097266,A1850_B1850,1,1850,1850,0.85,0.85,1541160248,1850,1850,1000,1000,0,0,0,0
1785437849.4269598,A1850_B1850,1,1850,1850,0.85,0.85,1541178745,1850,1850,1000,1000,0,0,0,0
1785437849.4493864,A1850_B1850,1,1850,1850,0.85,0.85,1541200884,1850,1850,1000,1000,0,0,0,0
1785437849.4678888,A1850_B1850,1,1850,1850,0.85,0.85,1541218148,1850,1850,1000,1000,0,0,0,0
1785437849.4914215,A1850_B1850,1,1850,1850,0.85,0.85,1541240288,1850,1850,1000,1000,0,0,0,0
1785437849.5088952,A1850_B1850,1,1850,1850,0.85,0.85,1541261224,1850,1850,1000,1000,0,0,0,0
1785437849.5279732,A1850_B1850,1,1850,1850,0.85,0.85,1541278460,1850,1850,1000,1000,0,0,0,0
1785437849.5489151,A1850_B1850,1,1850,1850,0.85,0.85,1541300636,1850,1850,1000,1000,0,0,0,0
1785437849.5680826,A1850_B1850,1,1850,1850,0.85,0.85,1541320335,1850,1850,1000,1000,0,0,0,0
1785437849.5910342,A1850_B1850,1,1850,1850,0.85,0.85,1541337574,1850,1850,1000,1000,0,0,0,0
1785437849.6088963,A1850_B1850,1,1850,1850,0.85,0.85,1541361000,1850,1850,1000,1000,0,0,0,0
1785437849.6271472,A1850_B1850,1,1850,1850,0.85,0.85,1541378207,1850,1850,1000,1000,0,0,0,0
1785437849.647897,A1850_B1850,1,1850,1850,0.85,0.85,1541400387,1850,1850,1000,1000,0,0,0,0
1785437849.6706376,A1850_B1850,1,1850,1850,0.85,0.85,1541420086,1850,1850,1000,1000,0,0,0,0
1785437849.6901128,A1850_B1850,1,1850,1850,0.85,0.85,1541438546,1850,1850,1000,1000,0,0,0,0
1785437849.707924,A1850_B1850,1,1850,1850,0.85,0.85,1541460710,1850,1850,1000,1000,0,0,0,0
1785437849.7270436,A1850_B1850,1,1850,1850,0.85,0.85,1541477948,1850,1850,1000,1000,0,0,0,0
1785437849.7479134,A1850_B1850,1,1850,1850,0.85,0.85,1541500114,1850,1850,1000,1000,0,0,0,0
1785437849.7700615,A1850_B1850,1,1850,1850,0.85,0.85,1541521070,1850,1850,1000,1000,0,0,0,0
1785437849.7900789,A1850_B1850,1,1850,1850,0.85,0.85,1541538282,1850,1850,1000,1000,0,0,0,0
1785437849.8089526,A1850_B1850,1,1850,1850,0.85,0.85,1541560456,1850,1850,1000,1000,0,0,0,0
1785437849.8272576,A1850_B1850,1,1850,1850,0.85,0.85,1541580152,1850,1850,1000,1000,0,0,0,0
1785437849.847922,A1850_B1850,1,1850,1850,0.85,0.85,1541598621,1850,1850,1000,1000,0,0,0,0
1785437849.869031,A1850_B1850,1,1850,1850,0.85,0.85,1541620789,1850,1850,1000,1000,0,0,0,0
1785437849.8922396,A1850_B1850,1,1850,1850,0.85,0.85,1541640491,1850,1850,1000,1000,0,0,0,0
1785437849.9070563,A1850_B1850,1,1850,1850,0.85,0.85,1541657737,1850,1850,1000,1000,0,0,0,0
1785437849.9279523,A1850_B1850,1,1850,1850,0.85,0.85,1541678664,1850,1850,1000,1000,0,0,0,0
1785437849.947035,A1850_B1850,1,1850,1850,0.85,0.85,1541698364,1850,1850,1000,1000,0,0,0,0
1785437849.9686487,A1850_B1850,1,1850,1850,0.85,0.85,1541720531,1850,1850,1000,1000,0,0,0,0
1785437849.9922335,A1850_B1850,1,1850,1850,0.85,0.85,1541740231,1850,1850,1000,1000,0,0,0,0
1785437850.007059,A1850_B1850,1,1850,1850,0.85,0.85,1541758704,1850,1850,1000,1000,0,0,0,0
1785437850.0279326,A1850_B1850,1,1850,1850,0.85,0.85,1541778404,1850,1850,1000,1000,0,0,0,0
1785437850.0498672,A1850_B1850,1,1850,1850,0.85,0.85,1541800572,1850,1850,1000,1000,0,0,0,0
1785437850.071694,A1850_B1850,1,1850,1850,0.85,0.85,1541822735,1850,1850,1000,1000,0,0,0,0
1785437850.0910378,A1850_B1850,1,1850,1850,0.85,0.85,1541841207,1850,1850,1000,1000,0,0,0,0
1785437850.109157,A1850_B1850,1,1850,1850,0.85,0.85,1541860912,1850,1850,1000,1000,0,0,0,0
1785437850.1270325,A1850_B1850,1,1850,1850,0.85,0.85,1541878157,1850,1850,1000,1000,0,0,0,0
1785437850.1488686,A1850_B1850,1,1850,1850,0.85,0.85,1541900311,1850,1850,1000,1000,0,0,0,0
1785437850.1691606,A1850_B1850,1,1850,1850,0.85,0.85,1541920040,1850,1850,1000,1000,0,0,0,0
1785437850.1920252,A1850_B1850,1,1850,1850,0.85,0.85,1541940961,1850,1850,1000,1000,0,0,0,0
1785437850.2077367,A1850_B1850,1,1850,1850,0.85,0.85,1541960658,1850,1850,1000,1000,0,0,0,0
1785437850.2299466,A1850_B1850,1,1850,1850,0.85,0.85,1541982814,1850,1850,1000,1000,0,0,0,0
1785437850.2480307,A1850_B1850,1,1850,1850,0.85,0.85,1542000055,1850,1850,1000,1000,0,0,0,0
1785437850.2703006,A1850_B1850,1,1850,1850,0.85,0.85,1542020994,1850,1850,1000,1000,0,0,0,0
1785437850.2900035,A1850_B1850,1,1850,1850,0.85,0.85,1542038226,1850,1850,1000,1000,0,0,0,0
1785437850.3080518,A1850_B1850,1,1850,1850,0.85,0.85,1542060389,1850,1850,1000,1000,0,0,0,0
1785437850.328919,A1850_B1850,1,1850,1850,0.85,0.85,1542080096,1850,1850,1000,1000,0,0,0,0
1785437850.3469207,A1850_B1850,1,1850,1850,0.85,0.85,1542098562,1850,1850,1000,1000,0,0,0,0
1785437850.3687518,A1850_B1850,1,1850,1850,0.85,0.85,1542119493,1850,1850,1000,1000,0,0,0,0
1785437850.390009,A1850_B1850,1,1850,1850,0.85,0.85,1542139203,1850,1850,1000,1000,0,0,0,0
1785437850.4092875,A1850_B1850,1,1850,1850,0.85,0.85,1542161371,1850,1850,1000,1000,0,0,0,0
1785437850.4269247,A1850_B1850,1,1850,1850,0.85,0.85,1542178603,1850,1850,1000,1000,0,0,0,0
1785437850.4490016,A1850_B1850,1,1850,1850,0.85,0.85,1542199536,1850,1850,1000,1000,0,0,0,0
1785437850.4678879,A1850_B1850,1,1850,1850,0.85,0.85,1542219233,1850,1850,1000,1000,0,0,0,0
1785437850.4911523,A1850_B1850,1,1850,1850,0.85,0.85,1542238959,1850,1850,1000,1000,0,0,0,0
1785437850.5089324,A1850_B1850,1,1850,1850,0.85,0.85,1542261108,1850,1850,1000,1000,0,0,0,0
1785437850.5280578,A1850_B1850,1,1850,1850,0.85,0.85,1542279576,1850,1850,1000,1000,0,0,0,0
1785437850.549451,A1850_B1850,1,1850,1850,0.85,0.85,1542301742,1850,1850,1000,1000,0,0,0,0
1785437850.5676324,A1850_B1850,1,1850,1850,0.85,0.85,1542318984,1850,1850,1000,1000,0,0,0,0
1785437850.59122,A1850_B1850,1,1850,1850,0.85,0.85,1542338690,1850,1850,1000,1000,0,0,0,0
1785437850.607403,A1850_B1850,1,1850,1850,0.85,0.85,1542359624,1850,1850,1000,1000,0,0,0,0
1785437850.6284564,A1850_B1850,1,1850,1850,0.85,0.85,1542379320,1850,1850,1000,1000,0,0,0,0
1785437850.648931,A1850_B1850,1,1850,1850,0.85,0.85,1542401491,1850,1850,1000,1000,0,0,0,0
1785437850.6679199,A1850_B1850,1,1850,1850,0.85,0.85,1542418731,1850,1850,1000,1000,0,0,0,0
1785437850.69258,A1850_B1850,1,1850,1850,0.85,0.85,1542442121,1850,1850,1000,1000,0,0,0,0
1785437850.7094102,A1850_B1850,1,1850,1850,0.85,0.85,1542459357,1850,1850,1000,1000,0,0,0,0
1785437850.7298362,A1850_B1850,1,1850,1850,0.85,0.85,1542481528,1850,1850,1000,1000,0,0,0,0
1785437850.7493637,A1850_B1850,1,1850,1850,0.85,0.85,1542501231,1850,1850,1000,1000,0,0,0,0
1785437850.7712317,A1850_B1850,1,1850,1850,0.85,0.85,1542522161,1850,1850,1000,1000,0,0,0,0
1785437850.7900198,A1850_B1850,1,1850,1850,0.85,0.85,1542539397,1850,1850,1000,1000,0,0,0,0
1785437850.8086812,A1850_B1850,1,1850,1850,0.85,0.85,1542561571,1850,1850,1000,1000,0,0,0,0
1785437850.8290455,A1850_B1850,1,1850,1850,0.85,0.85,1542581269,1850,1850,1000,1000,0,0,0,0
1785437850.848008,A1850_B1850,1,1850,1850,0.85,0.85,1542599741,1850,1850,1000,1000,0,0,0,0
1785437850.8704123,A1850_B1850,1,1850,1850,0.85,0.85,1542621902,1850,1850,1000,1000,0,0,0,0
1785437850.8905838,A1850_B1850,1,1850,1850,0.85,0.85,1542639156,1850,1850,1000,1000,0,0,0,0
1785437850.9080634,A1850_B1850,1,1850,1850,0.85,0.85,1542658849,1850,1850,1000,1000,0,0,0,0
1785437850.9291975,A1850_B1850,1,1850,1850,0.85,0.85,1542679776,1850,1850,1000,1000,0,0,0,0
1785437850.9469762,A1850_B1850,1,1850,1850,0.85,0.85,1542699479,1850,1850,1000,1000,0,0,0,0
1785437850.9702408,A1850_B1850,1,1850,1850,0.85,0.85,1542721646,1850,1850,1000,1000,0,0,0,0
1785437850.9922268,A1850_B1850,1,1850,1850,0.85,0.85,1542741344,1850,1850,1000,1000,0,0,0,0
1785437851.0080569,A1850_B1850,1,1850,1850,0.85,0.85,1542758591,1850,1850,1000,1000,0,0,0,0
1785437851.0293148,A1850_B1850,1,1850,1850,0.85,0.85,1542782014,1850,1850,1000,1000,0,0,0,0
1785437851.0469663,A1850_B1850,1,1850,1850,0.85,0.85,1542799217,1850,1850,1000,1000,0,0,0,0
1785437851.0710835,A1850_B1850,1,1850,1850,0.85,0.85,1542818921,1850,1850,1000,1000,0,0,0,0
1785437851.0921397,A1850_B1850,1,1850,1850,0.85,0.85,1542841091,1850,1850,1000,1000,0,0,0,0
1785437851.1069477,A1850_B1850,1,1850,1850,0.85,0.85,1542859555,1850,1850,1000,1000,0,0,0,0
1785437851.1290543,A1850_B1850,1,1850,1850,0.85,0.85,1542881726,1850,1850,1000,1000,0,0,0,0
1785437851.1470008,A1850_B1850,1,1850,1850,0.85,0.85,1542898968,1850,1850,1000,1000,0,0,0,0
1785437851.1687472,A1850_B1850,1,1850,1850,0.85,0.85,1542918671,1850,1850,1000,1000,0,0,0,0
1785437851.1922517,A1850_B1850,1,1850,1850,0.85,0.85,1542942060,1850,1850,1000,1000,0,0,0,0
1785437851.2080164,A1850_B1850,1,1850,1850,0.85,0.85,1542959354,1850,1850,1000,1000,0,0,0,0
1785437851.229055,A1850_B1850,1,1850,1850,0.85,0.85,1542981461,1850,1850,1000,1000,0,0,0,0
1785437851.2469542,A1850_B1850,1,1850,1850,0.85,0.85,1542998712,1850,1850,1000,1000,0,0,0,0
1785437851.2689312,A1850_B1850,1,1850,1850,0.85,0.85,1543019640,1850,1850,1000,1000,0,0,0,0
1785437851.2900937,A1850_B1850,1,1850,1850,0.85,0.85,1543039343,1850,1850,1000,1000,0,0,0,0
1785437851.3090823,A1850_B1850,1,1850,1850,0.85,0.85,1543061503,1850,1850,1000,1000,0,0,0,0
1785437851.327016,A1850_B1850,1,1850,1850,0.85,0.85,1543078750,1850,1850,1000,1000,0,0,0,0
1785437851.347953,A1850_B1850,1,1850,1850,0.85,0.85,1543099676,1850,1850,1000,1000,0,0,0,0
1785437851.3713598,A1850_B1850,1,1850,1850,0.85,0.85,1543119382,1850,1850,1000,1000,0,0,0,0
1785437851.3910766,A1850_B1850,1,1850,1850,0.85,0.85,1543140316,1850,1850,1000,1000,0,0,0,0
1785437851.409564,A1850_B1850,1,1850,1850,0.85,0.85,1543160025,1850,1850,1000,1000,0,0,0,0
1785437851.4269714,A1850_B1850,1,1850,1850,0.85,0.85,1543179724,1850,1850,1000,1000,0,0,0,0
1785437851.4489105,A1850_B1850,1,1850,1850,0.85,0.85,1543200649,1850,1850,1000,1000,0,0,0,0
1785437851.4679446,A1850_B1850,1,1850,1850,0.85,0.85,1543217894,1850,1850,1000,1000,0,0,0,0
1785437851.4914265,A1850_B1850,1,1850,1850,0.85,0.85,1543240056,1850,1850,1000,1000,0,0,0,0
1785437851.5089755,A1850_B1850,1,1850,1850,0.85,0.85,1543259765,1850,1850,1000,1000,0,0,0,0
1785437851.5279386,A1850_B1850,1,1850,1850,0.85,0.85,1543280697,1850,1850,1000,1000,0,0,0,0
1785437851.5489616,A1850_B1850,1,1850,1850,0.85,0.85,1543300396,1850,1850,1000,1000,0,0,0,0
1785437851.5677123,A1850_B1850,1,1850,1850,0.85,0.85,1543320105,1850,1850,1000,1000,0,0,0,0
1785437851.5920444,A1850_B1850,1,1850,1850,0.85,0.85,1543339807,1850,1850,1000,1000,0,0,0,0
1785437851.60698,A1850_B1850,1,1850,1850,0.85,0.85,1543358274,1850,1850,1000,1000,0,0,0,0
1785437851.6279643,A1850_B1850,1,1850,1850,0.85,0.85,1543380431,1850,1850,1000,1000,0,0,0,0
1785437851.6489902,A1850_B1850,1,1850,1850,0.85,0.85,1543400136,1850,1850,1000,1000,0,0,0,0
1785437851.669093,A1850_B1850,1,1850,1850,0.85,0.85,1543419839,1850,1850,1000,1000,0,0,0,0
1785437851.6922843,A1850_B1850,1,1850,1850,0.85,0.85,1543440774,1850,1850,1000,1000,0,0,0,0
1785437851.7069724,A1850_B1850,1,1850,1850,0.85,0.85,1543458018,1850,1850,1000,1000,0,0,0,0
1785437851.7279882,A1850_B1850,1,1850,1850,0.85,0.85,1543480175,1850,1850,1000,1000,0,0,0,0
1785437851.7469974,A1850_B1850,1,1850,1850,0.85,0.85,1543497418,1850,1850,1000,1000,0,0,0,0
1785437851.76768,A1850_B1850,1,1850,1850,0.85,0.85,1543517120,1850,1850,1000,1000,0,0,0,0
1785437851.792063,A1850_B1850,1,1850,1850,0.85,0.85,1543540511,1850,1850,1000,1000,0,0,0,0
1785437851.8069863,A1850_B1850,1,1850,1850,0.85,0.85,1543557756,1850,1850,1000,1000,0,0,0,0
1785437851.8279803,A1850_B1850,1,1850,1850,0.85,0.85,1543579922,1850,1850,1000,1000,0,0,0,0
1785437851.8492324,A1850_B1850,1,1850,1850,0.85,0.85,1543602091,1850,1850,1000,1000,0,0,0,0
1785437851.868903,A1850_B1850,1,1850,1850,0.85,0.85,1543620552,1850,1850,1000,1000,0,0,0,0
1785437851.8920517,A1850_B1850,1,1850,1850,0.85,0.85,1543640257,1850,1850,1000,1000,0,0,0,0
1785437851.9080577,A1850_B1850,1,1850,1850,0.85,0.85,1543659968,1850,1850,1000,1000,0,0,0,0
1785437851.9269745,A1850_B1850,1,1850,1850,0.85,0.85,1543679675,1850,1850,1000,1000,0,0,0,0
1785437851.9480586,A1850_B1850,1,1850,1850,0.85,0.85,1543700643,1850,1850,1000,1000,0,0,0,0
1785437851.9704392,A1850_B1850,1,1850,1850,0.85,0.85,1543720294,1850,1850,1000,1000,0,0,0,0
1785437851.990169,A1850_B1850,1,1850,1850,0.85,0.85,1543737537,1850,1850,1000,1000,0,0,0,0
1785437852.0080178,A1850_B1850,1,1850,1850,0.85,0.85,1543759726,1850,1850,1000,1000,0,0,0,0
1785437852.030766,A1850_B1850,1,1850,1850,0.85,0.85,1543783112,1850,1850,1000,1000,0,0,0,0
1785437852.048014,A1850_B1850,1,1850,1850,0.85,0.85,1543800331,1850,1850,1000,1000,0,0,0,0
1785437852.0726488,A1850_B1850,1,1850,1850,0.85,0.85,1543822503,1850,1850,1000,1000,0,0,0,0
1785437852.0901206,A1850_B1850,1,1850,1850,0.85,0.85,1543839736,1850,1850,1000,1000,0,0,0,0
1785437852.1091313,A1850_B1850,1,1850,1850,0.85,0.85,1543860673,1850,1850,1000,1000,0,0,0,0
1785437852.1270685,A1850_B1850,1,1850,1850,0.85,0.85,1543877911,1850,1850,1000,1000,0,0,0,0
1785437852.1483612,A1850_B1850,1,1850,1850,0.85,0.85,1543900084,1850,1850,1000,1000,0,0,0,0
1785437852.1703818,A1850_B1850,1,1850,1850,0.85,0.85,1543919782,1850,1850,1000,1000,0,0,0,0
1785437852.1912954,A1850_B1850,1,1850,1850,0.85,0.85,1543940720,1850,1850,1000,1000,0,0,0,0
1785437852.2099955,A1850_B1850,1,1850,1850,0.85,0.85,1543960421,1850,1850,1000,1000,0,0,0,0
1785437852.2285929,A1850_B1850,1,1850,1850,0.85,0.85,1543980123,1850,1850,1000,1000,0,0,0,0
1785437852.2489965,A1850_B1850,1,1850,1850,0.85,0.85,1543999827,1850,1850,1000,1000,0,0,0,0
1785437852.2679315,A1850_B1850,1,1850,1850,0.85,0.85,1544018297,1850,1850,1000,1000,0,0,0,0
1785437852.2910664,A1850_B1850,1,1850,1850,0.85,0.85,1544040453,1850,1850,1000,1000,0,0,0,0
1785437852.3089838,A1850_B1850,1,1850,1850,0.85,0.85,1544060160,1850,1850,1000,1000,0,0,0,0
1785437852.327997,A1850_B1850,1,1850,1850,0.85,0.85,1544079860,1850,1850,1000,1000,0,0,0,0
1785437852.349259,A1850_B1850,1,1850,1850,0.85,0.85,1544100789,1850,1850,1000,1000,0,0,0,0
1785437852.3677177,A1850_B1850,1,1850,1850,0.85,0.85,1544118038,1850,1850,1000,1000,0,0,0,0
1785437852.3910892,A1850_B1850,1,1850,1850,0.85,0.85,1544138971,1850,1850,1000,1000,0,0,0,0
1785437852.4089863,A1850_B1850,1,1850,1850,0.85,0.85,1544161127,1850,1850,1000,1000,0,0,0,0
1785437852.4272184,A1850_B1850,1,1850,1850,0.85,0.85,1544178376,1850,1850,1000,1000,0,0,0,0
1785437852.4490054,A1850_B1850,1,1850,1850,0.85,0.85,1544201773,1850,1850,1000,1000,0,0,0,0
1785437852.4679728,A1850_B1850,1,1850,1850,0.85,0.85,1544219013,1850,1850,1000,1000,0,0,0,0
1785437852.491082,A1850_B1850,1,1850,1850,0.85,0.85,1544238712,1850,1850,1000,1000,0,0,0,0
1785437852.5090187,A1850_B1850,1,1850,1850,0.85,0.85,1544260874,1850,1850,1000,1000,0,0,0,0
1785437852.5279949,A1850_B1850,1,1850,1850,0.85,0.85,1544279345,1850,1850,1000,1000,0,0,0,0
1785437852.5490005,A1850_B1850,1,1850,1850,0.85,0.85,1544301507,1850,1850,1000,1000,0,0,0,0
1785437852.567744,A1850_B1850,1,1850,1850,0.85,0.85,1544318750,1850,1850,1000,1000,0,0,0,0
1785437852.5910952,A1850_B1850,1,1850,1850,0.85,0.85,1544340912,1850,1850,1000,1000,0,0,0,0
1785437852.6089995,A1850_B1850,1,1850,1850,0.85,0.85,1544358153,1850,1850,1000,1000,0,0,0,0
1785437852.6269996,A1850_B1850,1,1850,1850,0.85,0.85,1544379100,1850,1850,1000,1000,0,0,0,0
1785437852.6490166,A1850_B1850,1,1850,1850,0.85,0.85,1544401249,1850,1850,1000,1000,0,0,0,0
1785437852.6679723,A1850_B1850,1,1850,1850,0.85,0.85,1544418490,1850,1850,1000,1000,0,0,0,0
1785437852.6910965,A1850_B1850,1,1850,1850,0.85,0.85,1544440656,1850,1850,1000,1000,0,0,0,0
1785437852.7103262,A1850_B1850,1,1850,1850,0.85,0.85,1544461619,1850,1850,1000,1000,0,0,0,0
1785437852.7280025,A1850_B1850,1,1850,1850,0.85,0.85,1544478826,1850,1850,1000,1000,0,0,0,0
1785437852.749579,A1850_B1850,1,1850,1850,0.85,0.85,1544500997,1850,1850,1000,1000,0,0,0,0
1785437852.7677755,A1850_B1850,1,1850,1850,0.85,0.85,1544518232,1850,1850,1000,1000,0,0,0,0
1785437852.7918136,A1850_B1850,1,1850,1850,0.85,0.85,1544539169,1850,1850,1000,1000,0,0,0,0
1785437852.8090017,A1850_B1850,1,1850,1850,0.85,0.85,1544561334,1850,1850,1000,1000,0,0,0,0
1785437852.8279371,A1850_B1850,1,1850,1850,0.85,0.85,1544578600,1850,1850,1000,1000,0,0,0,0
1785437852.8491125,A1850_B1850,1,1850,1850,0.85,0.85,1544600741,1850,1850,1000,1000,0,0,0,0
1785437852.8688672,A1850_B1850,1,1850,1850,0.85,0.85,1544619208,1850,1850,1000,1000,0,0,0,0
1785437852.890445,A1850_B1850,1,1850,1850,0.85,0.85,1544641366,1850,1850,1000,1000,0,0,0,0
1785437852.9070287,A1850_B1850,1,1850,1850,0.85,0.85,1544658610,1850,1850,1000,1000,0,0,0,0
1785437852.9291117,A1850_B1850,1,1850,1850,0.85,0.85,1544680781,1850,1850,1000,1000,0,0,0,0
1785437852.947005,A1850_B1850,1,1850,1850,0.85,0.85,1544699250,1850,1850,1000,1000,0,0,0,0
1785437852.9687176,A1850_B1850,1,1850,1850,0.85,0.85,1544718991,1850,1850,1000,1000,0,0,0,0
1785437852.9921582,A1850_B1850,1,1850,1850,0.85,0.85,1544741111,1850,1850,1000,1000,0,0,0,0
1785437853.007041,A1850_B1850,1,1850,1850,0.85,0.85,1544758351,1850,1850,1000,1000,0,0,0,0
1785437853.0280514,A1850_B1850,1,1850,1850,0.85,0.85,1544779289,1850,1850,1000,1000,0,0,0,0
1785437853.0470295,A1850_B1850,1,1850,1850,0.85,0.85,1544798988,1850,1850,1000,1000,0,0,0,0
1785437853.0711207,A1850_B1850,1,1850,1850,0.85,0.85,1544821154,1850,1850,1000,1000,0,0,0,0
1785437853.090166,A1850_B1850,1,1850,1850,0.85,0.85,1544838391,1850,1850,1000,1000,0,0,0,0
1785437853.1090574,A1850_B1850,1,1850,1850,0.85,0.85,1544861789,1850,1850,1000,1000,0,0,0,0
1785437853.127122,A1850_B1850,1,1850,1850,0.85,0.85,1544879040,1850,1850,1000,1000,0,0,0,0
1785437853.1490614,A1850_B1850,1,1850,1850,0.85,0.85,1544901192,1850,1850,1000,1000,0,0,0,0
1785437853.1692944,A1850_B1850,1,1850,1850,0.85,0.85,1544920934,1850,1850,1000,1000,0,0,0,0
1785437853.1921332,A1850_B1850,1,1850,1850,0.85,0.85,1544941832,1850,1850,1000,1000,0,0,0,0
1785437853.2070794,A1850_B1850,1,1850,1850,0.85,0.85,1544959066,1850,1850,1000,1000,0,0,0,0
1785437853.2285552,A1850_B1850,1,1850,1850,0.85,0.85,1544981233,1850,1850,1000,1000,0,0,0,0
1785437853.2470407,A1850_B1850,1,1850,1850,0.85,0.85,1544998471,1850,1850,1000,1000,0,0,0,0
1785437853.268953,A1850_B1850,1,1850,1850,0.85,0.85,1545020636,1850,1850,1000,1000,0,0,0,0
1785437853.2921202,A1850_B1850,1,1850,1850,0.85,0.85,1545041569,1850,1850,1000,1000,0,0,0,0
1785437853.3071089,A1850_B1850,1,1850,1850,0.85,0.85,1545058811,1850,1850,1000,1000,0,0,0,0
1785437853.329036,A1850_B1850,1,1850,1850,0.85,0.85,1545080984,1850,1850,1000,1000,0,0,0,0
1785437853.3470352,A1850_B1850,1,1850,1850,0.85,0.85,1545098213,1850,1850,1000,1000,0,0,0,0
1785437853.3687296,A1850_B1850,1,1850,1850,0.85,0.85,1545119147,1850,1850,1000,1000,0,0,0,0
1785437853.392773,A1850_B1850,1,1850,1850,0.85,0.85,1545142546,1850,1850,1000,1000,0,0,0,0
1785437853.4093354,A1850_B1850,1,1850,1850,0.85,0.85,1545159780,1850,1850,1000,1000,0,0,0,0
1785437853.4270341,A1850_B1850,1,1850,1850,0.85,0.85,1545179507,1850,1850,1000,1000,0,0,0,0
1785437853.4487865,A1850_B1850,1,1850,1850,0.85,0.85,1545199185,1850,1850,1000,1000,0,0,0,0
1785437853.470561,A1850_B1850,1,1850,1850,0.85,0.85,1545220126,1850,1850,1000,1000,0,0,0,0
1785437853.4912522,A1850_B1850,1,1850,1850,0.85,0.85,1545239824,1850,1850,1000,1000,0,0,0,0
1785437853.5091083,A1850_B1850,1,1850,1850,0.85,0.85,1545259525,1850,1850,1000,1000,0,0,0,0
1785437853.527739,A1850_B1850,1,1850,1850,0.85,0.85,1545279230,1850,1850,1000,1000,0,0,0,0
1785437853.5490267,A1850_B1850,1,1850,1850,0.85,0.85,1545300161,1850,1850,1000,1000,0,0,0,0
1785437853.5677385,A1850_B1850,1,1850,1850,0.85,0.85,1545319866,1850,1850,1000,1000,0,0,0,0
1785437853.5911086,A1850_B1850,1,1850,1850,0.85,0.85,1545339563,1850,1850,1000,1000,0,0,0,0
1785437853.6090543,A1850_B1850,1,1850,1850,0.85,0.85,1545361730,1850,1850,1000,1000,0,0,0,0
1785437853.628029,A1850_B1850,1,1850,1850,0.85,0.85,1545380205,1850,1850,1000,1000,0,0,0,0
1785437853.6490283,A1850_B1850,1,1850,1850,0.85,0.85,1545399903,1850,1850,1000,1000,0,0,0,0
1785437853.6689992,A1850_B1850,1,1850,1850,0.85,0.85,1545419603,1850,1850,1000,1000,0,0,0,0
1785437853.6911316,A1850_B1850,1,1850,1850,0.85,0.85,1545439305,1850,1850,1000,1000,0,0,0,0
1785437853.7070467,A1850_B1850,1,1850,1850,0.85,0.85,1545457780,1850,1850,1000,1000,0,0,0,0
1785437853.7281199,A1850_B1850,1,1850,1850,0.85,0.85,1545479941,1850,1850,1000,1000,0,0,0,0
1785437853.74905,A1850_B1850,1,1850,1850,0.85,0.85,1545499645,1850,1850,1000,1000,0,0,0,0
1785437853.7677681,A1850_B1850,1,1850,1850,0.85,0.85,1545519346,1850,1850,1000,1000,0,0,0,0
1785437853.7918892,A1850_B1850,1,1850,1850,0.85,0.85,1545540279,1850,1850,1000,1000,0,0,0,0
1785437853.8072302,A1850_B1850,1,1850,1850,0.85,0.85,1545559985,1850,1850,1000,1000,0,0,0,0
1785437853.8280342,A1850_B1850,1,1850,1850,0.85,0.85,1545579686,1850,1850,1000,1000,0,0,0,0
1785437853.84966,A1850_B1850,1,1850,1850,0.85,0.85,1545601852,1850,1850,1000,1000,0,0,0,0
1785437853.8689945,A1850_B1850,1,1850,1850,0.85,0.85,1545620322,1850,1850,1000,1000,0,0,0,0
1785437853.8902433,A1850_B1850,1,1850,1850,0.85,0.85,1545637566,1850,1850,1000,1000,0,0,0,0
1785437853.9080594,A1850_B1850,1,1850,1850,0.85,0.85,1545659724,1850,1850,1000,1000,0,0,0,0
1785437853.9291255,A1850_B1850,1,1850,1850,0.85,0.85,1545681889,1850,1850,1000,1000,0,0,0,0
1785437853.9470751,A1850_B1850,1,1850,1850,0.85,0.85,1545699134,1850,1850,1000,1000,0,0,0,0
1785437853.970247,A1850_B1850,1,1850,1850,0.85,0.85,1545720062,1850,1850,1000,1000,0,0,0,0
1785437853.9901628,A1850_B1850,1,1850,1850,0.85,0.85,1545739760,1850,1850,1000,1000,0,0,0,0
1785437854.0080783,A1850_B1850,1,1850,1850,0.85,0.85,1545759464,1850,1850,1000,1000,0,0,0,0
1785437854.0301092,A1850_B1850,1,1850,1850,0.85,0.85,1545781634,1850,1850,1000,1000,0,0,0,0
1785437854.0481179,A1850_B1850,1,1850,1850,0.85,0.85,1545800103,1850,1850,1000,1000,0,0,0,0
1785437854.0726266,A1850_B1850,1,1850,1850,0.85,0.85,1545822275,1850,1850,1000,1000,0,0,0,0
1785437854.0901785,A1850_B1850,1,1850,1850,0.85,0.85,1545839504,1850,1850,1000,1000,0,0,0,0
1785437854.1091204,A1850_B1850,1,1850,1850,0.85,0.85,1545861677,1850,1850,1000,1000,0,0,0,0
1785437854.1278594,A1850_B1850,1,1850,1850,0.85,0.85,1545880145,1850,1850,1000,1000,0,0,0,0
1785437854.1492355,A1850_B1850,1,1850,1850,0.85,0.85,1545899844,1850,1850,1000,1000,0,0,0,0
1785437854.1687381,A1850_B1850,1,1850,1850,0.85,0.85,1545919547,1850,1850,1000,1000,0,0,0,0
1785437854.1932046,A1850_B1850,1,1850,1850,0.85,0.85,1545941711,1850,1850,1000,1000,0,0,0,0
1785437854.2070968,A1850_B1850,1,1850,1850,0.85,0.85,1545957726,1850,1850,1000,1000,0,0,0,0
1785437854.229088,A1850_B1850,1,1850,1850,0.85,0.85,1545979932,1850,1850,1000,1000,0,0,0,0
1785437854.2470682,A1850_B1850,1,1850,1850,0.85,0.85,1545999585,1850,1850,1000,1000,0,0,0,0
1785437854.2689831,A1850_B1850,1,1850,1850,0.85,0.85,1546019292,1850,1850,1000,1000,0,0,0,0
1785437854.292154,A1850_B1850,1,1850,1850,0.85,0.85,1546040220,1850,1850,1000,1000,0,0,0,0
1785437854.3080726,A1850_B1850,1,1850,1850,0.85,0.85,1546059958,1850,1850,1000,1000,0,0,0,0
1785437854.329331,A1850_B1850,1,1850,1850,0.85,0.85,1546082093,1850,1850,1000,1000,0,0,0,0
1785437854.3471072,A1850_B1850,1,1850,1850,0.85,0.85,1546099367,1850,1850,1000,1000,0,0,0,0
1785437854.3688018,A1850_B1850,1,1850,1850,0.85,0.85,1546120258,1850,1850,1000,1000,0,0,0,0
1785437854.3921647,A1850_B1850,1,1850,1850,0.85,0.85,1546139967,1850,1850,1000,1000,0,0,0,0
1785437854.4070532,A1850_B1850,1,1850,1850,0.85,0.85,1546158434,1850,1850,1000,1000,0,0,0,0
1785437854.4291153,A1850_B1850,1,1850,1850,0.85,0.85,1546180597,1850,1850,1000,1000,0,0,0,0
1785437854.4470935,A1850_B1850,1,1850,1850,0.85,0.85,1546197840,1850,1850,1000,1000,0,0,0,0
1785437854.471018,A1850_B1850,1,1850,1850,0.85,0.85,1546221234,1850,1850,1000,1000,0,0,0,0
1785437854.4911656,A1850_B1850,1,1850,1850,0.85,0.85,1546240939,1850,1850,1000,1000,0,0,0,0
1785437854.5090692,A1850_B1850,1,1850,1850,0.85,0.85,1546260639,1850,1850,1000,1000,0,0,0,0
1785437854.5280826,A1850_B1850,1,1850,1850,0.85,0.85,1546280343,1850,1850,1000,1000,0,0,0,0
1785437854.5480824,A1850_B1850,1,1850,1850,0.85,0.85,1546298811,1850,1850,1000,1000,0,0,0,0
1785437854.5679705,A1850_B1850,1,1850,1850,0.85,0.85,1546318518,1850,1850,1000,1000,0,0,0,0
1785437854.5911431,A1850_B1850,1,1850,1850,0.85,0.85,1546340679,1850,1850,1000,1000,0,0,0,0
1785437854.6071029,A1850_B1850,1,1850,1850,0.85,0.85,1546357921,1850,1850,1000,1000,0,0,0,0
1785437854.6291122,A1850_B1850,1,1850,1850,0.85,0.85,1546381322,1850,1850,1000,1000,0,0,0,0
1785437854.647063,A1850_B1850,1,1850,1850,0.85,0.85,1546398560,1850,1850,1000,1000,0,0,0,0
1785437854.6722677,A1850_B1850,1,1850,1850,0.85,0.85,1546423195,1850,1850,1000,1000,0,0,0,0
1785437854.6912286,A1850_B1850,1,1850,1850,0.85,0.85,1546440419,1850,1850,1000,1000,0,0,0,0
1785437854.7097836,A1850_B1850,1,1850,1850,0.85,0.85,1546461356,1850,1850,1000,1000,0,0,0,0
1785437854.7274225,A1850_B1850,1,1850,1850,0.85,0.85,1546478614,1850,1850,1000,1000,0,0,0,0
1785437854.7492301,A1850_B1850,1,1850,1850,0.85,0.85,1546500765,1850,1850,1000,1000,0,0,0,0
1785437854.7678251,A1850_B1850,1,1850,1850,0.85,0.85,1546518003,1850,1850,1000,1000,0,0,0,0
1785437854.791801,A1850_B1850,1,1850,1850,0.85,0.85,1546541402,1850,1850,1000,1000,0,0,0,0
1785437854.809077,A1850_B1850,1,1850,1850,0.85,0.85,1546561101,1850,1850,1000,1000,0,0,0,0
1785437854.8280523,A1850_B1850,1,1850,1850,0.85,0.85,1546580803,1850,1850,1000,1000,0,0,0,0
1785437854.849091,A1850_B1850,1,1850,1850,0.85,0.85,1546600503,1850,1850,1000,1000,0,0,0,0
1785437854.8684697,A1850_B1850,1,1850,1850,0.85,0.85,1546620209,1850,1850,1000,1000,0,0,0,0
1785437854.8911672,A1850_B1850,1,1850,1850,0.85,0.85,1546638686,1850,1850,1000,1000,0,0,0,0
1785437854.9091663,A1850_B1850,1,1850,1850,0.85,0.85,1546660838,1850,1850,1000,1000,0,0,0,0
1785437854.9290743,A1850_B1850,1,1850,1850,0.85,0.85,1546680536,1850,1850,1000,1000,0,0,0,0
1785437854.9480863,A1850_B1850,1,1850,1850,0.85,0.85,1546700274,1850,1850,1000,1000,0,0,0,0
1785437854.970258,A1850_B1850,1,1850,1850,0.85,0.85,1546721220,1850,1850,1000,1000,0,0,0,0
1785437854.9911556,A1850_B1850,1,1850,1850,0.85,0.85,1546740874,1850,1850,1000,1000,0,0,0,0
1785437855.0071042,A1850_B1850,1,1850,1850,0.85,0.85,1546758125,1850,1850,1000,1000,0,0,0,0
1785437855.0280926,A1850_B1850,1,1850,1850,0.85,0.85,1546780290,1850,1850,1000,1000,0,0,0,0
1785437855.0491326,A1850_B1850,1,1850,1850,0.85,0.85,1546801216,1850,1850,1000,1000,0,0,0,0
1785437855.0705013,A1850_B1850,1,1850,1850,0.85,0.85,1546818453,1850,1850,1000,1000,0,0,0,0
1785437855.0921876,A1850_B1850,1,1850,1850,0.85,0.85,1546840618,1850,1850,1000,1000,0,0,0,0
1785437855.1071088,A1850_B1850,1,1850,1850,0.85,0.85,1546857860,1850,1850,1000,1000,0,0,0,0
1785437855.129115,A1850_B1850,1,1850,1850,0.85,0.85,1546881256,1850,1850,1000,1000,0,0,0,0
1785437855.1491938,A1850_B1850,1,1850,1850,0.85,0.85,1546900962,1850,1850,1000,1000,0,0,0,0
1785437855.168857,A1850_B1850,1,1850,1850,0.85,0.85,1546920659,1850,1850,1000,1000,0,0,0,0
1785437855.1921926,A1850_B1850,1,1850,1850,0.85,0.85,1546940367,1850,1850,1000,1000,0,0,0,0
1785437855.2071922,A1850_B1850,1,1850,1850,0.85,0.85,1546958837,1850,1850,1000,1000,0,0,0,0
1785437855.2281947,A1850_B1850,1,1850,1850,0.85,0.85,1546978538,1850,1850,1000,1000,0,0,0,0
1785437855.2470999,A1850_B1850,1,1850,1850,0.85,0.85,1546998277,1850,1850,1000,1000,0,0,0,0
1785437855.268066,A1850_B1850,1,1850,1850,0.85,0.85,1547017946,1850,1850,1000,1000,0,0,0,0
1785437855.2922115,A1850_B1850,1,1850,1850,0.85,0.85,1547041332,1850,1850,1000,1000,0,0,0,0
1785437855.307092,A1850_B1850,1,1850,1850,0.85,0.85,1547058575,1850,1850,1000,1000,0,0,0,0
1785437855.3304732,A1850_B1850,1,1850,1850,0.85,0.85,1547083215,1850,1850,1000,1000,0,0,0,0
1785437855.348084,A1850_B1850,1,1850,1850,0.85,0.85,1547100442,1850,1850,1000,1000,0,0,0,0
1785437855.371836,A1850_B1850,1,1850,1850,0.85,0.85,1547121375,1850,1850,1000,1000,0,0,0,0
1785437855.3928277,A1850_B1850,1,1850,1850,0.85,0.85,1547141083,1850,1850,1000,1000,0,0,0,0
1785437855.407088,A1850_B1850,1,1850,1850,0.85,0.85,1547159545,1850,1850,1000,1000,0,0,0,0
1785437855.4289267,A1850_B1850,1,1850,1850,0.85,0.85,1547179249,1850,1850,1000,1000,0,0,0,0
1785437855.4470816,A1850_B1850,1,1850,1850,0.85,0.85,1547198958,1850,1850,1000,1000,0,0,0,0
1785437855.4694705,A1850_B1850,1,1850,1850,0.85,0.85,1547219910,1850,1850,1000,1000,0,0,0,0
1785437855.4922678,A1850_B1850,1,1850,1850,0.85,0.85,1547242056,1850,1850,1000,1000,0,0,0,0
1785437855.5078068,A1850_B1850,1,1850,1850,0.85,0.85,1547259291,1850,1850,1000,1000,0,0,0,0
1785437855.528324,A1850_B1850,1,1850,1850,0.85,0.85,1547279003,1850,1850,1000,1000,0,0,0,0
1785437855.5480855,A1850_B1850,1,1850,1850,0.85,0.85,1547298697,1850,1850,1000,1000,0,0,0,0
1785437855.5703847,A1850_B1850,1,1850,1850,0.85,0.85,1547319630,1850,1850,1000,1000,0,0,0,0
1785437855.5902863,A1850_B1850,1,1850,1850,0.85,0.85,1547339334,1850,1850,1000,1000,0,0,0,0
1785437855.6081097,A1850_B1850,1,1850,1850,0.85,0.85,1547359043,1850,1850,1000,1000,0,0,0,0
1785437855.6291358,A1850_B1850,1,1850,1850,0.85,0.85,1547381196,1850,1850,1000,1000,0,0,0,0
1785437855.6472123,A1850_B1850,1,1850,1850,0.85,0.85,1547399671,1850,1850,1000,1000,0,0,0,0
1785437855.669575,A1850_B1850,1,1850,1850,0.85,0.85,1547419368,1850,1850,1000,1000,0,0,0,0
1785437855.6906922,A1850_B1850,1,1850,1850,0.85,0.85,1547439075,1850,1850,1000,1000,0,0,0,0
1785437855.7081301,A1850_B1850,1,1850,1850,0.85,0.85,1547458776,1850,1850,1000,1000,0,0,0,0
1785437855.729106,A1850_B1850,1,1850,1850,0.85,0.85,1547479731,1850,1850,1000,1000,0,0,0,0
1785437855.7479355,A1850_B1850,1,1850,1850,0.85,0.85,1547499405,1850,1850,1000,1000,0,0,0,0
1785437855.7702737,A1850_B1850,1,1850,1850,0.85,0.85,1547521577,1850,1850,1000,1000,0,0,0,0
1785437855.7905154,A1850_B1850,1,1850,1850,0.85,0.85,1547538812,1850,1850,1000,1000,0,0,0,0
1785437855.8081498,A1850_B1850,1,1850,1850,0.85,0.85,1547559748,1850,1850,1000,1000,0,0,0,0
1785437855.8291407,A1850_B1850,1,1850,1850,0.85,0.85,1547579448,1850,1850,1000,1000,0,0,0,0
1785437855.8472533,A1850_B1850,1,1850,1850,0.85,0.85,1547599158,1850,1850,1000,1000,0,0,0,0
1785437855.8690407,A1850_B1850,1,1850,1850,0.85,0.85,1547621349,1850,1850,1000,1000,0,0,0,0
1785437855.8903098,A1850_B1850,1,1850,1850,0.85,0.85,1547639788,1850,1850,1000,1000,0,0,0,0
1785437855.9081142,A1850_B1850,1,1850,1850,0.85,0.85,1547659489,1850,1850,1000,1000,0,0,0,0
1785437855.9291258,A1850_B1850,1,1850,1850,0.85,0.85,1547681658,1850,1850,1000,1000,0,0,0,0
1785437855.9473035,A1850_B1850,1,1850,1850,0.85,0.85,1547698898,1850,1850,1000,1000,0,0,0,0
1785437855.9689038,A1850_B1850,1,1850,1850,0.85,0.85,1547719828,1850,1850,1000,1000,0,0,0,0
1785437855.9935086,A1850_B1850,1,1850,1850,0.85,0.85,1547741996,1850,1850,1000,1000,0,0,0,0
1785437856.0081046,A1850_B1850,1,1850,1850,0.85,0.85,1547759234,1850,1850,1000,1000,0,0,0,0
1785437856.0298357,A1850_B1850,1,1850,1850,0.85,0.85,1547781397,1850,1850,1000,1000,0,0,0,0
1785437856.0498643,A1850_B1850,1,1850,1850,0.85,0.85,1547802337,1850,1850,1000,1000,0,0,0,0
1785437856.0737953,A1850_B1850,1,1850,1850,0.85,0.85,1547822036,1850,1850,1000,1000,0,0,0,0
1785437856.0902932,A1850_B1850,1,1850,1850,0.85,0.85,1547839275,1850,1850,1000,1000,0,0,0,0
1785437856.108752,A1850_B1850,1,1850,1850,0.85,0.85,1547858979,1850,1850,1000,1000,0,0,0,0
1785437856.1291797,A1850_B1850,1,1850,1850,0.85,0.85,1547878675,1850,1850,1000,1000,0,0,0,0
1785437856.1482067,A1850_B1850,1,1850,1850,0.85,0.85,1547899607,1850,1850,1000,1000,0,0,0,0
1785437856.1703181,A1850_B1850,1,1850,1850,0.85,0.85,1547921777,1850,1850,1000,1000,0,0,0,0
1785437856.19068,A1850_B1850,1,1850,1850,0.85,0.85,1547939018,1850,1850,1000,1000,0,0,0,0
1785437856.2083995,A1850_B1850,1,1850,1850,0.85,0.85,1547958715,1850,1850,1000,1000,0,0,0,0
1785437856.229184,A1850_B1850,1,1850,1850,0.85,0.85,1547979651,1850,1850,1000,1000,0,0,0,0
1785437856.2472646,A1850_B1850,1,1850,1850,0.85,0.85,1547999355,1850,1850,1000,1000,0,0,0,0
1785437856.269332,A1850_B1850,1,1850,1850,0.85,0.85,1548019072,1850,1850,1000,1000,0,0,0,0
1785437856.2914734,A1850_B1850,1,1850,1850,0.85,0.85,1548038760,1850,1850,1000,1000,0,0,0,0
1785437856.3091595,A1850_B1850,1,1850,1850,0.85,0.85,1548059689,1850,1850,1000,1000,0,0,0,0
1785437856.3271184,A1850_B1850,1,1850,1850,0.85,0.85,1548079395,1850,1850,1000,1000,0,0,0,0
1785437856.3482478,A1850_B1850,1,1850,1850,0.85,0.85,1548099097,1850,1850,1000,1000,0,0,0,0
1785437856.3681412,A1850_B1850,1,1850,1850,0.85,0.85,1548118794,1850,1850,1000,1000,0,0,0,0
1785437856.3913329,A1850_B1850,1,1850,1850,0.85,0.85,1548139726,1850,1850,1000,1000,0,0,0,0
1785437856.4091203,A1850_B1850,1,1850,1850,0.85,0.85,1548159434,1850,1850,1000,1000,0,0,0,0
1785437856.427119,A1850_B1850,1,1850,1850,0.85,0.85,1548177906,1850,1850,1000,1000,0,0,0,0
1785437856.448213,A1850_B1850,1,1850,1850,0.85,0.85,1548200066,1850,1850,1000,1000,0,0,0,0
1785437856.4705265,A1850_B1850,1,1850,1850,0.85,0.85,1548219772,1850,1850,1000,1000,0,0,0,0
1785437856.491389,A1850_B1850,1,1850,1850,0.85,0.85,1548240707,1850,1850,1000,1000,0,0,0,0
1785437856.5093713,A1850_B1850,1,1850,1850,0.85,0.85,1548260405,1850,1850,1000,1000,0,0,0,0
1785437856.5271347,A1850_B1850,1,1850,1850,0.85,0.85,1548277651,1850,1850,1000,1000,0,0,0,0
1785437856.5483358,A1850_B1850,1,1850,1850,0.85,0.85,1548299811,1850,1850,1000,1000,0,0,0,0
1785437856.5678344,A1850_B1850,1,1850,1850,0.85,0.85,1548318277,1850,1850,1000,1000,0,0,0,0
1785437856.592209,A1850_B1850,1,1850,1850,0.85,0.85,1548340483,1850,1850,1000,1000,0,0,0,0
1785437856.6071575,A1850_B1850,1,1850,1850,0.85,0.85,1548357691,1850,1850,1000,1000,0,0,0,0
1785437856.6291344,A1850_B1850,1,1850,1850,0.85,0.85,1548379854,1850,1850,1000,1000,0,0,0,0
1785437856.6471558,A1850_B1850,1,1850,1850,0.85,0.85,1548397089,1850,1850,1000,1000,0,0,0,0
1785437856.6693738,A1850_B1850,1,1850,1850,0.85,0.85,1548420483,1850,1850,1000,1000,0,0,0,0
1785437856.6929648,A1850_B1850,1,1850,1850,0.85,0.85,1548442657,1850,1850,1000,1000,0,0,0,0
1785437856.7096179,A1850_B1850,1,1850,1850,0.85,0.85,1548459930,1850,1850,1000,1000,0,0,0,0
1785437856.7271369,A1850_B1850,1,1850,1850,0.85,0.85,1548479591,1850,1850,1000,1000,0,0,0,0
1785437856.7490234,A1850_B1850,1,1850,1850,0.85,0.85,1548500525,1850,1850,1000,1000,0,0,0,0
1785437856.7678432,A1850_B1850,1,1850,1850,0.85,0.85,1548517770,1850,1850,1000,1000,0,0,0,0
1785437856.7915518,A1850_B1850,1,1850,1850,0.85,0.85,1548539929,1850,1850,1000,1000,0,0,0,0
1785437856.809351,A1850_B1850,1,1850,1850,0.85,0.85,1548559633,1850,1850,1000,1000,0,0,0,0
1785437856.8277938,A1850_B1850,1,1850,1850,0.85,0.85,1548578102,1850,1850,1000,1000,0,0,0,0
1785437856.8481326,A1850_B1850,1,1850,1850,0.85,0.85,1548600269,1850,1850,1000,1000,0,0,0,0
1785437856.8703961,A1850_B1850,1,1850,1850,0.85,0.85,1548619978,1850,1850,1000,1000,0,0,0,0
1785437856.8902156,A1850_B1850,1,1850,1850,0.85,0.85,1548639674,1850,1850,1000,1000,0,0,0,0
1785437856.9081979,A1850_B1850,1,1850,1850,0.85,0.85,1548660601,1850,1850,1000,1000,0,0,0,0
1785437856.9292307,A1850_B1850,1,1850,1850,0.85,0.85,1548680305,1850,1850,1000,1000,0,0,0,0
1785437856.9481387,A1850_B1850,1,1850,1850,0.85,0.85,1548700008,1850,1850,1000,1000,0,0,0,0
1785437856.970625,A1850_B1850,1,1850,1850,0.85,0.85,1548722179,1850,1850,1000,1000,0,0,0,0
1785437856.9902234,A1850_B1850,1,1850,1850,0.85,0.85,1548738184,1850,1850,1000,1000,0,0,0,0
1785437857.0081367,A1850_B1850,1,1850,1850,0.85,0.85,1548760344,1850,1850,1000,1000,0,0,0,0
1785437857.029401,A1850_B1850,1,1850,1850,0.85,0.85,1548780049,1850,1850,1000,1000,0,0,0,0
1785437857.0471544,A1850_B1850,1,1850,1850,0.85,0.85,1548799747,1850,1850,1000,1000,0,0,0,0
1785437857.072575,A1850_B1850,1,1850,1850,0.85,0.85,1548820683,1850,1850,1000,1000,0,0,0,0
1785437857.0902305,A1850_B1850,1,1850,1850,0.85,0.85,1548837945,1850,1850,1000,1000,0,0,0,0
1785437857.1081424,A1850_B1850,1,1850,1850,0.85,0.85,1548860091,1850,1850,1000,1000,0,0,0,0
1785437857.129411,A1850_B1850,1,1850,1850,0.85,0.85,1548879787,1850,1850,1000,1000,0,0,0,0
1785437857.148273,A1850_B1850,1,1850,1850,0.85,0.85,1548900724,1850,1850,1000,1000,0,0,0,0
1785437857.1704204,A1850_B1850,1,1850,1850,0.85,0.85,1548920425,1850,1850,1000,1000,0,0,0,0
1785437857.191266,A1850_B1850,1,1850,1850,0.85,0.85,1548940127,1850,1850,1000,1000,0,0,0,0
1785437857.2071757,A1850_B1850,1,1850,1850,0.85,0.85,1548959832,1850,1850,1000,1000,0,0,0,0
1785437857.2282245,A1850_B1850,1,1850,1850,0.85,0.85,1548980761,1850,1850,1000,1000,0,0,0,0
1785437857.2472725,A1850_B1850,1,1850,1850,0.85,0.85,1548998014,1850,1850,1000,1000,0,0,0,0
1785437857.2706997,A1850_B1850,1,1850,1850,0.85,0.85,1549020169,1850,1850,1000,1000,0,0,0,0
1785437857.290273,A1850_B1850,1,1850,1850,0.85,0.85,1549039869,1850,1850,1000,1000,0,0,0,0
1785437857.3081818,A1850_B1850,1,1850,1850,0.85,0.85,1549060802,1850,1850,1000,1000,0,0,0,0
1785437857.3302424,A1850_B1850,1,1850,1850,0.85,0.85,1549082974,1850,1850,1000,1000,0,0,0,0
1785437857.3481855,A1850_B1850,1,1850,1850,0.85,0.85,1549100205,1850,1850,1000,1000,0,0,0,0
1785437857.370773,A1850_B1850,1,1850,1850,0.85,0.85,1549119908,1850,1850,1000,1000,0,0,0,0
1785437857.3902323,A1850_B1850,1,1850,1850,0.85,0.85,1549139617,1850,1850,1000,1000,0,0,0,0
1785437857.409267,A1850_B1850,1,1850,1850,0.85,0.85,1549160544,1850,1850,1000,1000,0,0,0,0
1785437857.4278607,A1850_B1850,1,1850,1850,0.85,0.85,1549179015,1850,1850,1000,1000,0,0,0,0
1785437857.4491925,A1850_B1850,1,1850,1850,0.85,0.85,1549201226,1850,1850,1000,1000,0,0,0,0
1785437857.4691336,A1850_B1850,1,1850,1850,0.85,0.85,1549220887,1850,1850,1000,1000,0,0,0,0
1785437857.492242,A1850_B1850,1,1850,1850,0.85,0.85,1549241819,1850,1850,1000,1000,0,0,0,0
1785437857.5075,A1850_B1850,1,1850,1850,0.85,0.85,1549259057,1850,1850,1000,1000,0,0,0,0
1785437857.5281625,A1850_B1850,1,1850,1850,0.85,0.85,1549278759,1850,1850,1000,1000,0,0,0,0
1785437857.5492024,A1850_B1850,1,1850,1850,0.85,0.85,1549300925,1850,1850,1000,1000,0,0,0,0
1785437857.5678635,A1850_B1850,1,1850,1850,0.85,0.85,1549318161,1850,1850,1000,1000,0,0,0,0
1785437857.5912418,A1850_B1850,1,1850,1850,0.85,0.85,1549339136,1850,1850,1000,1000,0,0,0,0
1785437857.6091616,A1850_B1850,1,1850,1850,0.85,0.85,1549361260,1850,1850,1000,1000,0,0,0,0
1785437857.6271806,A1850_B1850,1,1850,1850,0.85,0.85,1549378503,1850,1850,1000,1000,0,0,0,0
1785437857.648162,A1850_B1850,1,1850,1850,0.85,0.85,1549400667,1850,1850,1000,1000,0,0,0,0
1785437857.668289,A1850_B1850,1,1850,1850,0.85,0.85,1549419130,1850,1850,1000,1000,0,0,0,0
1785437857.6912646,A1850_B1850,1,1850,1850,0.85,0.85,1549438852,1850,1850,1000,1000,0,0,0,0
1785437857.7091947,A1850_B1850,1,1850,1850,0.85,0.85,1549461002,1850,1850,1000,1000,0,0,0,0
1785437857.7271855,A1850_B1850,1,1850,1850,0.85,0.85,1549478308,1850,1850,1000,1000,0,0,0,0
1785437857.7492816,A1850_B1850,1,1850,1850,0.85,0.85,1549501644,1850,1850,1000,1000,0,0,0,0
1785437857.7678828,A1850_B1850,1,1850,1850,0.85,0.85,1549518876,1850,1850,1000,1000,0,0,0,0
1785437857.7913952,A1850_B1850,1,1850,1850,0.85,0.85,1549541044,1850,1850,1000,1000,0,0,0,0
1785437857.809313,A1850_B1850,1,1850,1850,0.85,0.85,1549560745,1850,1850,1000,1000,0,0,0,0
1785437857.8271787,A1850_B1850,1,1850,1850,0.85,0.85,1549579211,1850,1850,1000,1000,0,0,0,0
1785437857.8481948,A1850_B1850,1,1850,1850,0.85,0.85,1549598915,1850,1850,1000,1000,0,0,0,0
1785437857.8680983,A1850_B1850,1,1850,1850,0.85,0.85,1549618623,1850,1850,1000,1000,0,0,0,0
1785437857.8912485,A1850_B1850,1,1850,1850,0.85,0.85,1549640783,1850,1850,1000,1000,0,0,0,0
1785437857.909195,A1850_B1850,1,1850,1850,0.85,0.85,1549661722,1850,1850,1000,1000,0,0,0,0
1785437857.9271872,A1850_B1850,1,1850,1850,0.85,0.85,1549678964,1850,1850,1000,1000,0,0,0,0
1785437857.9491875,A1850_B1850,1,1850,1850,0.85,0.85,1549701120,1850,1850,1000,1000,0,0,0,0
1785437857.9681187,A1850_B1850,1,1850,1850,0.85,0.85,1549718364,1850,1850,1000,1000,0,0,0,0
1785437857.9912484,A1850_B1850,1,1850,1850,0.85,0.85,1549739291,1850,1850,1000,1000,0,0,0,0
1785437858.0100496,A1850_B1850,1,1850,1850,0.85,0.85,1549761461,1850,1850,1000,1000,0,0,0,0
1785437858.0286875,A1850_B1850,1,1850,1850,0.85,0.85,1549778708,1850,1850,1000,1000,0,0,0,0
1785437858.0471709,A1850_B1850,1,1850,1850,0.85,0.85,1549798399,1850,1850,1000,1000,0,0,0,0
1785437858.073296,A1850_B1850,1,1850,1850,0.85,0.85,1549821804,1850,1850,1000,1000,0,0,0,0
1785437858.0902686,A1850_B1850,1,1850,1850,0.85,0.85,1549839033,1850,1850,1000,1000,0,0,0,0
1785437858.108452,A1850_B1850,1,1850,1850,0.85,0.85,1549858740,1850,1850,1000,1000,0,0,0,0
1785437858.129188,A1850_B1850,1,1850,1850,0.85,0.85,1549880913,1850,1850,1000,1000,0,0,0,0
1785437858.1478376,A1850_B1850,1,1850,1850,0.85,0.85,1549899373,1850,1850,1000,1000,0,0,0,0
1785437858.1689236,A1850_B1850,1,1850,1850,0.85,0.85,1549919081,1850,1850,1000,1000,0,0,0,0
1785437858.192289,A1850_B1850,1,1850,1850,0.85,0.85,1549941241,1850,1850,1000,1000,0,0,0,0
1785437858.2072108,A1850_B1850,1,1850,1850,0.85,0.85,1549958482,1850,1850,1000,1000,0,0,0,0
1785437858.2287862,A1850_B1850,1,1850,1850,0.85,0.85,1549978185,1850,1850,1000,1000,0,0,0,0
1785437858.2492228,A1850_B1850,1,1850,1850,0.85,0.85,1550001575,1850,1850,1000,1000,0,0,0,0
1785437858.269167,A1850_B1850,1,1850,1850,0.85,0.85,1550018848,1850,1850,1000,1000,0,0,0,0
1785437858.2923026,A1850_B1850,1,1850,1850,0.85,0.85,1550040983,1850,1850,1000,1000,0,0,0,0
1785437858.3072236,A1850_B1850,1,1850,1850,0.85,0.85,1550058225,1850,1850,1000,1000,0,0,0,0
1785437858.3282213,A1850_B1850,1,1850,1850,0.85,0.85,1550079158,1850,1850,1000,1000,0,0,0,0
1785437858.347345,A1850_B1850,1,1850,1850,0.85,0.85,1550098865,1850,1850,1000,1000,0,0,0,0
1785437858.3691673,A1850_B1850,1,1850,1850,0.85,0.85,1550121020,1850,1850,1000,1000,0,0,0,0
1785437858.3922956,A1850_B1850,1,1850,1850,0.85,0.85,1550140745,1850,1850,1000,1000,0,0,0,0
1785437858.4071844,A1850_B1850,1,1850,1850,0.85,0.85,1550159194,1850,1850,1000,1000,0,0,0,0
1785437858.428184,A1850_B1850,1,1850,1850,0.85,0.85,1550178904,1850,1850,1000,1000,0,0,0,0
1785437858.4492059,A1850_B1850,1,1850,1850,0.85,0.85,1550199833,1850,1850,1000,1000,0,0,0,0
1785437858.4691424,A1850_B1850,1,1850,1850,0.85,0.85,1550219568,1850,1850,1000,1000,0,0,0,0
1785437858.4923139,A1850_B1850,1,1850,1850,0.85,0.85,1550241729,1850,1850,1000,1000,0,0,0,0
1785437858.5074716,A1850_B1850,1,1850,1850,0.85,0.85,1550257727,1850,1850,1000,1000,0,0,0,0
1785437858.5284593,A1850_B1850,1,1850,1850,0.85,0.85,1550279869,1850,1850,1000,1000,0,0,0,0
1785437858.5471938,A1850_B1850,1,1850,1850,0.85,0.85,1550299574,1850,1850,1000,1000,0,0,0,0
1785437858.5689,A1850_B1850,1,1850,1850,0.85,0.85,1550319277,1850,1850,1000,1000,0,0,0,0
1785437858.5922704,A1850_B1850,1,1850,1850,0.85,0.85,1550340207,1850,1850,1000,1000,0,0,0,0
1785437858.6074831,A1850_B1850,1,1850,1850,0.85,0.85,1550359911,1850,1850,1000,1000,0,0,0,0
1785437858.6306589,A1850_B1850,1,1850,1850,0.85,0.85,1550382078,1850,1850,1000,1000,0,0,0,0
1785437858.6482067,A1850_B1850,1,1850,1850,0.85,0.85,1550399321,1850,1850,1000,1000,0,0,0,0
1785437858.6713436,A1850_B1850,1,1850,1850,0.85,0.85,1550420247,1850,1850,1000,1000,0,0,0,0
1785437858.6913257,A1850_B1850,1,1850,1850,0.85,0.85,1550442421,1850,1850,1000,1000,0,0,0,0
1785437858.7094293,A1850_B1850,1,1850,1850,0.85,0.85,1550459651,1850,1850,1000,1000,0,0,0,0
1785437858.7272055,A1850_B1850,1,1850,1850,0.85,0.85,1550479358,1850,1850,1000,1000,0,0,0,0
1785437858.7489355,A1850_B1850,1,1850,1850,0.85,0.85,1550500287,1850,1850,1000,1000,0,0,0,0
1785437858.770631,A1850_B1850,1,1850,1850,0.85,0.85,1550519995,1850,1850,1000,1000,0,0,0,0
1785437858.7913547,A1850_B1850,1,1850,1850,0.85,0.85,1550539692,1850,1850,1000,1000,0,0,0,0
1785437858.8092895,A1850_B1850,1,1850,1850,0.85,0.85,1550559400,1850,1850,1000,1000,0,0,0,0
1785437858.8277738,A1850_B1850,1,1850,1850,0.85,0.85,1550579098,1850,1850,1000,1000,0,0,0,0
1785437858.8482344,A1850_B1850,1,1850,1850,0.85,0.85,1550600034,1850,1850,1000,1000,0,0,0,0
1785437858.8705828,A1850_B1850,1,1850,1850,0.85,0.85,1550619732,1850,1850,1000,1000,0,0,0,0
1785437858.8902934,A1850_B1850,1,1850,1850,0.85,0.85,1550639437,1850,1850,1000,1000,0,0,0,0
1785437858.9082143,A1850_B1850,1,1850,1850,0.85,0.85,1550659140,1850,1850,1000,1000,0,0,0,0
1785437858.9292047,A1850_B1850,1,1850,1850,0.85,0.85,1550680069,1850,1850,1000,1000,0,0,0,0
1785437858.9472194,A1850_B1850,1,1850,1850,0.85,0.85,1550699769,1850,1850,1000,1000,0,0,0,0
1785437858.9689126,A1850_B1850,1,1850,1850,0.85,0.85,1550719473,1850,1850,1000,1000,0,0,0,0
1785437858.9902875,A1850_B1850,1,1850,1850,0.85,0.85,1550739173,1850,1850,1000,1000,0,0,0,0
1785437859.008205,A1850_B1850,1,1850,1850,0.85,0.85,1550760138,1850,1850,1000,1000,0,0,0,0
1785437859.029204,A1850_B1850,1,1850,1850,0.85,0.85,1550779814,1850,1850,1000,1000,0,0,0,0
1785437859.0472023,A1850_B1850,1,1850,1850,0.85,0.85,1550799515,1850,1850,1000,1000,0,0,0,0
1785437859.0727391,A1850_B1850,1,1850,1850,0.85,0.85,1550821680,1850,1850,1000,1000,0,0,0,0
1785437859.0903108,A1850_B1850,1,1850,1850,0.85,0.85,1550840159,1850,1850,1000,1000,0,0,0,0
1785437859.1082993,A1850_B1850,1,1850,1850,0.85,0.85,1550859847,1850,1850,1000,1000,0,0,0,0
1785437859.1293156,A1850_B1850,1,1850,1850,0.85,0.85,1550879558,1850,1850,1000,1000,0,0,0,0
1785437859.1486542,A1850_B1850,1,1850,1850,0.85,0.85,1550899297,1850,1850,1000,1000,0,0,0,0
1785437859.1704516,A1850_B1850,1,1850,1850,0.85,0.85,1550920193,1850,1850,1000,1000,0,0,0,0
1785437859.1903317,A1850_B1850,1,1850,1850,0.85,0.85,1550939889,1850,1850,1000,1000,0,0,0,0
1785437859.2084432,A1850_B1850,1,1850,1850,0.85,0.85,1550959622,1850,1850,1000,1000,0,0,0,0
1785437859.2292857,A1850_B1850,1,1850,1850,0.85,0.85,1550981776,1850,1850,1000,1000,0,0,0,0
1785437859.247355,A1850_B1850,1,1850,1850,0.85,0.85,1550997766,1850,1850,1000,1000,0,0,0,0
1785437859.2707942,A1850_B1850,1,1850,1850,0.85,0.85,1551019931,1850,1850,1000,1000,0,0,0,0
1785437859.2913473,A1850_B1850,1,1850,1850,0.85,0.85,1551039671,1850,1850,1000,1000,0,0,0,0
1785437859.3104274,A1850_B1850,1,1850,1850,0.85,0.85,1551061795,1850,1850,1000,1000,0,0,0,0
1785437859.3282728,A1850_B1850,1,1850,1850,0.85,0.85,1551080267,1850,1850,1000,1000,0,0,0,0
1785437859.3497753,A1850_B1850,1,1850,1850,0.85,0.85,1551099975,1850,1850,1000,1000,0,0,0,0
1785437859.367945,A1850_B1850,1,1850,1850,0.85,0.85,1551119678,1850,1850,1000,1000,0,0,0,0
1785437859.3922985,A1850_B1850,1,1850,1850,0.85,0.85,1551141842,1850,1850,1000,1000,0,0,0,0
1785437859.4072728,A1850_B1850,1,1850,1850,0.85,0.85,1551156616,1850,1850,1000,1000,0,0,0,0
1785437859.4289024,A1850_B1850,1,1850,1850,0.85,0.85,1551180038,1850,1850,1000,1000,0,0,0,0
1785437859.448652,A1850_B1850,1,1850,1850,0.85,0.85,1551200947,1850,1850,1000,1000,0,0,0,0
1785437859.4706175,A1850_B1850,1,1850,1850,0.85,0.85,1551220649,1850,1850,1000,1000,0,0,0,0
1785437859.4907353,A1850_B1850,1,1850,1850,0.85,0.85,1551237907,1850,1850,1000,1000,0,0,0,0
1785437859.5082273,A1850_B1850,1,1850,1850,0.85,0.85,1551258825,1850,1850,1000,1000,0,0,0,0
1785437859.5292196,A1850_B1850,1,1850,1850,0.85,0.85,1551280990,1850,1850,1000,1000,0,0,0,0
1785437859.5472348,A1850_B1850,1,1850,1850,0.85,0.85,1551298225,1850,1850,1000,1000,0,0,0,0
1785437859.568939,A1850_B1850,1,1850,1850,0.85,0.85,1551320409,1850,1850,1000,1000,0,0,0,0
1785437859.5925117,A1850_B1850,1,1850,1850,0.85,0.85,1551341322,1850,1850,1000,1000,0,0,0,0
1785437859.6072466,A1850_B1850,1,1850,1850,0.85,0.85,1551358566,1850,1850,1000,1000,0,0,0,0
1785437859.6282358,A1850_B1850,1,1850,1850,0.85,0.85,1551380725,1850,1850,1000,1000,0,0,0,0
1785437859.6472223,A1850_B1850,1,1850,1850,0.85,0.85,1551397974,1850,1850,1000,1000,0,0,0,0
1785437859.669337,A1850_B1850,1,1850,1850,0.85,0.85,1551420134,1850,1850,1000,1000,0,0,0,0
1785437859.690324,A1850_B1850,1,1850,1850,0.85,0.85,1551438604,1850,1850,1000,1000,0,0,0,0
1785437859.7072556,A1850_B1850,1,1850,1850,0.85,0.85,1551458306,1850,1850,1000,1000,0,0,0,0
1785437859.7294745,A1850_B1850,1,1850,1850,0.85,0.85,1551480463,1850,1850,1000,1000,0,0,0,0
1785437859.7472277,A1850_B1850,1,1850,1850,0.85,0.85,1551497708,1850,1850,1000,1000,0,0,0,0
1785437859.770399,A1850_B1850,1,1850,1850,0.85,0.85,1551521102,1850,1850,1000,1000,0,0,0,0
1785437859.7913163,A1850_B1850,1,1850,1850,0.85,0.85,1551540806,1850,1850,1000,1000,0,0,0,0
1785437859.8094027,A1850_B1850,1,1850,1850,0.85,0.85,1551560526,1850,1850,1000,1000,0,0,0,0
1785437859.8272316,A1850_B1850,1,1850,1850,0.85,0.85,1551577747,1850,1850,1000,1000,0,0,0,0
1785437859.8482647,A1850_B1850,1,1850,1850,0.85,0.85,1551598683,1850,1850,1000,1000,0,0,0,0
1785437859.8681629,A1850_B1850,1,1850,1850,0.85,0.85,1551618383,1850,1850,1000,1000,0,0,0,0
1785437859.8917441,A1850_B1850,1,1850,1850,0.85,0.85,1551640556,1850,1850,1000,1000,0,0,0,0
1785437859.9096487,A1850_B1850,1,1850,1850,0.85,0.85,1551660251,1850,1850,1000,1000,0,0,0,0
1785437859.9272752,A1850_B1850,1,1850,1850,0.85,0.85,1551678725,1850,1850,1000,1000,0,0,0,0
1785437859.9483047,A1850_B1850,1,1850,1850,0.85,0.85,1551700885,1850,1850,1000,1000,0,0,0,0
1785437859.9716225,A1850_B1850,1,1850,1850,0.85,0.85,1551723072,1850,1850,1000,1000,0,0,0,0
1785437859.9935782,A1850_B1850,1,1850,1850,0.85,0.85,1551742770,1850,1850,1000,1000,0,0,0,0
1785437860.0086882,A1850_B1850,1,1850,1850,0.85,0.85,1551758766,1850,1850,1000,1000,0,0,0,0
1785437860.0272386,A1850_B1850,1,1850,1850,0.85,0.85,1551778492,1850,1850,1000,1000,0,0,0,0
1785437860.049171,A1850_B1850,1,1850,1850,0.85,0.85,1551800625,1850,1850,1000,1000,0,0,0,0
1785437860.0701375,A1850_B1850,1,1850,1850,0.85,0.85,1551820337,1850,1850,1000,1000,0,0,0,0
1785437860.0919127,A1850_B1850,1,1850,1850,0.85,0.85,1551841272,1850,1850,1000,1000,0,0,0,0
1785437860.108351,A1850_B1850,1,1850,1850,0.85,0.85,1551858498,1850,1850,1000,1000,0,0,0,0
1785437860.1292384,A1850_B1850,1,1850,1850,0.85,0.85,1551880665,1850,1850,1000,1000,0,0,0,0
1785437860.1477494,A1850_B1850,1,1850,1850,0.85,0.85,1551897908,1850,1850,1000,1000,0,0,0,0
1785437860.1689892,A1850_B1850,1,1850,1850,0.85,0.85,1551917609,1850,1850,1000,1000,0,0,0,0
1785437860.1923409,A1850_B1850,1,1850,1850,0.85,0.85,1551941005,1850,1850,1000,1000,0,0,0,0
1785437860.2073555,A1850_B1850,1,1850,1850,0.85,0.85,1551958245,1850,1850,1000,1000,0,0,0,0
1785437860.2295225,A1850_B1850,1,1850,1850,0.85,0.85,1551980410,1850,1850,1000,1000,0,0,0,0
1785437860.2482836,A1850_B1850,1,1850,1850,0.85,0.85,1552000113,1850,1850,1000,1000,0,0,0,0
1785437860.2706206,A1850_B1850,1,1850,1850,0.85,0.85,1552021076,1850,1850,1000,1000,0,0,0,0
1785437860.2913873,A1850_B1850,1,1850,1850,0.85,0.85,1552040750,1850,1850,1000,1000,0,0,0,0
1785437860.307585,A1850_B1850,1,1850,1850,0.85,0.85,1552057991,1850,1850,1000,1000,0,0,0,0
1785437860.3282945,A1850_B1850,1,1850,1850,0.85,0.85,1552080151,1850,1850,1000,1000,0,0,0,0
1785437860.3492737,A1850_B1850,1,1850,1850,0.85,0.85,1552101083,1850,1850,1000,1000,0,0,0,0
1785437860.3684714,A1850_B1850,1,1850,1850,0.85,0.85,1552118323,1850,1850,1000,1000,0,0,0,0
1785437860.3923533,A1850_B1850,1,1850,1850,0.85,0.85,1552140489,1850,1850,1000,1000,0,0,0,0
1785437860.4073653,A1850_B1850,1,1850,1850,0.85,0.85,1552157725,1850,1850,1000,1000,0,0,0,0
1785437860.4282904,A1850_B1850,1,1850,1850,0.85,0.85,1552178660,1850,1850,1000,1000,0,0,0,0
1785437860.4494345,A1850_B1850,1,1850,1850,0.85,0.85,1552201089,1850,1850,1000,1000,0,0,0,0
1785437860.4692147,A1850_B1850,1,1850,1850,0.85,0.85,1552219303,1850,1850,1000,1000,0,0,0,0
1785437860.4923773,A1850_B1850,1,1850,1850,0.85,0.85,1552241462,1850,1850,1000,1000,0,0,0,0
1785437860.5072563,A1850_B1850,1,1850,1850,0.85,0.85,1552258698,1850,1850,1000,1000,0,0,0,0
1785437860.5282967,A1850_B1850,1,1850,1850,0.85,0.85,1552279634,1850,1850,1000,1000,0,0,0,0
1785437860.5492558,A1850_B1850,1,1850,1850,0.85,0.85,1552301797,1850,1850,1000,1000,0,0,0,0
1785437860.5679624,A1850_B1850,1,1850,1850,0.85,0.85,1552319042,1850,1850,1000,1000,0,0,0,0
1785437860.5923376,A1850_B1850,1,1850,1850,0.85,0.85,1552341199,1850,1850,1000,1000,0,0,0,0
1785437860.6074193,A1850_B1850,1,1850,1850,0.85,0.85,1552359678,1850,1850,1000,1000,0,0,0,0
1785437860.6283069,A1850_B1850,1,1850,1850,0.85,0.85,1552379400,1850,1850,1000,1000,0,0,0,0
1785437860.6501443,A1850_B1850,1,1850,1850,0.85,0.85,1552401538,1850,1850,1000,1000,0,0,0,0
1785437860.669346,A1850_B1850,1,1850,1850,0.85,0.85,1552418779,1850,1850,1000,1000,0,0,0,0
1785437860.692644,A1850_B1850,1,1850,1850,0.85,0.85,1552442181,1850,1850,1000,1000,0,0,0,0
1785437860.7072926,A1850_B1850,1,1850,1850,0.85,0.85,1552459419,1850,1850,1000,1000,0,0,0,0
1785437860.7291155,A1850_B1850,1,1850,1850,0.85,0.85,1552481584,1850,1850,1000,1000,0,0,0,0
1785437860.7486756,A1850_B1850,1,1850,1850,0.85,0.85,1552498821,1850,1850,1000,1000,0,0,0,0
1785437860.7704287,A1850_B1850,1,1850,1850,0.85,0.85,1552519771,1850,1850,1000,1000,0,0,0,0
1785437860.7910466,A1850_B1850,1,1850,1850,0.85,0.85,1552539458,1850,1850,1000,1000,0,0,0,0
1785437860.8102605,A1850_B1850,1,1850,1850,0.85,0.85,1552561618,1850,1850,1000,1000,0,0,0,0
1785437860.829259,A1850_B1850,1,1850,1850,0.85,0.85,1552581317,1850,1850,1000,1000,0,0,0,0
1785437860.847369,A1850_B1850,1,1850,1850,0.85,0.85,1552599793,1850,1850,1000,1000,0,0,0,0
1785437860.8706918,A1850_B1850,1,1850,1850,0.85,0.85,1552621961,1850,1850,1000,1000,0,0,0,0
1785437860.8914013,A1850_B1850,1,1850,1850,0.85,0.85,1552639205,1850,1850,1000,1000,0,0,0,0
1785437860.9092643,A1850_B1850,1,1850,1850,0.85,0.85,1552661359,1850,1850,1000,1000,0,0,0,0
1785437860.9276462,A1850_B1850,1,1850,1850,0.85,0.85,1552678599,1850,1850,1000,1000,0,0,0,0
1785437860.9482677,A1850_B1850,1,1850,1850,0.85,0.85,1552699545,1850,1850,1000,1000,0,0,0,0
1785437860.968069,A1850_B1850,1,1850,1850,0.85,0.85,1552719233,1850,1850,1000,1000,0,0,0,0
1785437860.9913683,A1850_B1850,1,1850,1850,0.85,0.85,1552738940,1850,1850,1000,1000,0,0,0,0
1785437861.0092695,A1850_B1850,1,1850,1850,0.85,0.85,1552761107,1850,1850,1000,1000,0,0,0,0
1785437861.0273583,A1850_B1850,1,1850,1850,0.85,0.85,1552779576,1850,1850,1000,1000,0,0,0,0
1785437861.0492837,A1850_B1850,1,1850,1850,0.85,0.85,1552801737,1850,1850,1000,1000,0,0,0,0
1785437861.0704985,A1850_B1850,1,1850,1850,0.85,0.85,1552818978,1850,1850,1000,1000,0,0,0,0
1785437861.091374,A1850_B1850,1,1850,1850,0.85,0.85,1552838684,1850,1850,1000,1000,0,0,0,0
1785437861.1093836,A1850_B1850,1,1850,1850,0.85,0.85,1552859616,1850,1850,1000,1000,0,0,0,0
1785437861.1274369,A1850_B1850,1,1850,1850,0.85,0.85,1552879324,1850,1850,1000,1000,0,0,0,0
1785437861.1482897,A1850_B1850,1,1850,1850,0.85,0.85,1552899019,1850,1850,1000,1000,0,0,0,0
1785437861.1681495,A1850_B1850,1,1850,1850,0.85,0.85,1552918715,1850,1850,1000,1000,0,0,0,0
1785437861.1913738,A1850_B1850,1,1850,1850,0.85,0.85,1552939656,1850,1850,1000,1000,0,0,0,0
1785437861.2082987,A1850_B1850,1,1850,1850,0.85,0.85,1552959355,1850,1850,1000,1000,0,0,0,0
1785437861.229283,A1850_B1850,1,1850,1850,0.85,0.85,1552981515,1850,1850,1000,1000,0,0,0,0
1785437861.2474477,A1850_B1850,1,1850,1850,0.85,0.85,1552998759,1850,1850,1000,1000,0,0,0,0
1785437861.271228,A1850_B1850,1,1850,1850,0.85,0.85,1553022163,1850,1850,1000,1000,0,0,0,0
1785437861.29137,A1850_B1850,1,1850,1850,0.85,0.85,1553039419,1850,1850,1000,1000,0,0,0,0
1785437861.3102694,A1850_B1850,1,1850,1850,0.85,0.85,1553061557,1850,1850,1000,1000,0,0,0,0
1785437861.3283844,A1850_B1850,1,1850,1850,0.85,0.85,1553078799,1850,1850,1000,1000,0,0,0,0
1785437861.3499434,A1850_B1850,1,1850,1850,0.85,0.85,1553102201,1850,1850,1000,1000,0,0,0,0
1785437861.3681843,A1850_B1850,1,1850,1850,0.85,0.85,1553119433,1850,1850,1000,1000,0,0,0,0
1785437861.3920546,A1850_B1850,1,1850,1850,0.85,0.85,1553139143,1850,1850,1000,1000,0,0,0,0
1785437861.4093156,A1850_B1850,1,1850,1850,0.85,0.85,1553161309,1850,1850,1000,1000,0,0,0,0
1785437861.4284344,A1850_B1850,1,1850,1850,0.85,0.85,1553179774,1850,1850,1000,1000,0,0,0,0
1785437861.4493234,A1850_B1850,1,1850,1850,0.85,0.85,1553199478,1850,1850,1000,1000,0,0,0,0
1785437861.468724,A1850_B1850,1,1850,1850,0.85,0.85,1553217945,1850,1850,1000,1000,0,0,0,0
1785437861.4915183,A1850_B1850,1,1850,1850,0.85,0.85,1553240113,1850,1850,1000,1000,0,0,0,0
1785437861.509299,A1850_B1850,1,1850,1850,0.85,0.85,1553259812,1850,1850,1000,1000,0,0,0,0
1785437861.5273159,A1850_B1850,1,1850,1850,0.85,0.85,1553278281,1850,1850,1000,1000,0,0,0,0
1785437861.549309,A1850_B1850,1,1850,1850,0.85,0.85,1553300451,1850,1850,1000,1000,0,0,0,0
1785437861.5710976,A1850_B1850,1,1850,1850,0.85,0.85,1553320153,1850,1850,1000,1000,0,0,0,0
1785437861.5915613,A1850_B1850,1,1850,1850,0.85,0.85,1553339852,1850,1850,1000,1000,0,0,0,0
1785437861.6095245,A1850_B1850,1,1850,1850,0.85,0.85,1553360785,1850,1850,1000,1000,0,0,0,0
1785437861.627286,A1850_B1850,1,1850,1850,0.85,0.85,1553378028,1850,1850,1000,1000,0,0,0,0
1785437861.6484513,A1850_B1850,1,1850,1850,0.85,0.85,1553400192,1850,1850,1000,1000,0,0,0,0
1785437861.6682642,A1850_B1850,1,1850,1850,0.85,0.85,1553417428,1850,1850,1000,1000,0,0,0,0
1785437861.6924734,A1850_B1850,1,1850,1850,0.85,0.85,1553440828,1850,1850,1000,1000,0,0,0,0
1785437861.7073016,A1850_B1850,1,1850,1850,0.85,0.85,1553458065,1850,1850,1000,1000,0,0,0,0
1785437861.7284374,A1850_B1850,1,1850,1850,0.85,0.85,1553480236,1850,1850,1000,1000,0,0,0,0
1785437861.7493887,A1850_B1850,1,1850,1850,0.85,0.85,1553499930,1850,1850,1000,1000,0,0,0,0
1785437861.7691038,A1850_B1850,1,1850,1850,0.85,0.85,1553519632,1850,1850,1000,1000,0,0,0,0
1785437861.7923813,A1850_B1850,1,1850,1850,0.85,0.85,1553540566,1850,1850,1000,1000,0,0,0,0
1785437861.8084362,A1850_B1850,1,1850,1850,0.85,0.85,1553560275,1850,1850,1000,1000,0,0,0,0
1785437861.8273954,A1850_B1850,1,1850,1850,0.85,0.85,1553577544,1850,1850,1000,1000,0,0,0,0
1785437861.848441,A1850_B1850,1,1850,1850,0.85,0.85,1553599674,1850,1850,1000,1000,0,0,0,0
1785437861.868229,A1850_B1850,1,1850,1850,0.85,0.85,1553618143,1850,1850,1000,1000,0,0,0,0
1785437861.8925116,A1850_B1850,1,1850,1850,0.85,0.85,1553640312,1850,1850,1000,1000,0,0,0,0
1785437861.9074209,A1850_B1850,1,1850,1850,0.85,0.85,1553657548,1850,1850,1000,1000,0,0,0,0
1785437861.928603,A1850_B1850,1,1850,1850,0.85,0.85,1553679711,1850,1850,1000,1000,0,0,0,0
1785437861.9508536,A1850_B1850,1,1850,1850,0.85,0.85,1553703112,1850,1850,1000,1000,0,0,0,0
1785437861.969239,A1850_B1850,1,1850,1850,0.85,0.85,1553720350,1850,1850,1000,1000,0,0,0,0
1785437861.9931147,A1850_B1850,1,1850,1850,0.85,0.85,1553742518,1850,1850,1000,1000,0,0,0,0
1785437862.0073392,A1850_B1850,1,1850,1850,0.85,0.85,1553759751,1850,1850,1000,1000,0,0,0,0
1785437862.0296042,A1850_B1850,1,1850,1850,0.85,0.85,1553780713,1850,1850,1000,1000,0,0,0,0
1785437862.0491352,A1850_B1850,1,1850,1850,0.85,0.85,1553800395,1850,1850,1000,1000,0,0,0,0
1785437862.0726044,A1850_B1850,1,1850,1850,0.85,0.85,1553820097,1850,1850,1000,1000,0,0,0,0
1785437862.091545,A1850_B1850,1,1850,1850,0.85,0.85,1553839793,1850,1850,1000,1000,0,0,0,0
1785437862.1094723,A1850_B1850,1,1850,1850,0.85,0.85,1553860734,1850,1850,1000,1000,0,0,0,0
1785437862.1278017,A1850_B1850,1,1850,1850,0.85,0.85,1553877969,1850,1850,1000,1000,0,0,0,0
1785437862.148306,A1850_B1850,1,1850,1850,0.85,0.85,1553900167,1850,1850,1000,1000,0,0,0,0
1785437862.170665,A1850_B1850,1,1850,1850,0.85,0.85,1553919836,1850,1850,1000,1000,0,0,0,0
1785437862.1904006,A1850_B1850,1,1850,1850,0.85,0.85,1553938304,1850,1850,1000,1000,0,0,0,0
1785437862.2083304,A1850_B1850,1,1850,1850,0.85,0.85,1553960468,1850,1850,1000,1000,0,0,0,0
1785437862.2294173,A1850_B1850,1,1850,1850,0.85,0.85,1553980171,1850,1850,1000,1000,0,0,0,0
1785437862.2473056,A1850_B1850,1,1850,1850,0.85,0.85,1553997425,1850,1850,1000,1000,0,0,0,0
1785437862.2692423,A1850_B1850,1,1850,1850,0.85,0.85,1554020802,1850,1850,1000,1000,0,0,0,0
1785437862.2904072,A1850_B1850,1,1850,1850,0.85,0.85,1554038047,1850,1850,1000,1000,0,0,0,0
1785437862.3083112,A1850_B1850,1,1850,1850,0.85,0.85,1554060213,1850,1850,1000,1000,0,0,0,0
1785437862.3294044,A1850_B1850,1,1850,1850,0.85,0.85,1554079915,1850,1850,1000,1000,0,0,0,0
1785437862.347327,A1850_B1850,1,1850,1850,0.85,0.85,1554099610,1850,1850,1000,1000,0,0,0,0
1785437862.3707128,A1850_B1850,1,1850,1850,0.85,0.85,1554120551,1850,1850,1000,1000,0,0,0,0
1785437862.3904583,A1850_B1850,1,1850,1850,0.85,0.85,1554137795,1850,1850,1000,1000,0,0,0,0
1785437862.4084172,A1850_B1850,1,1850,1850,0.85,0.85,1554159947,1850,1850,1000,1000,0,0,0,0
1785437862.4273424,A1850_B1850,1,1850,1850,0.85,0.85,1554179654,1850,1850,1000,1000,0,0,0,0
1785437862.4483695,A1850_B1850,1,1850,1850,0.85,0.85,1554200592,1850,1850,1000,1000,0,0,0,0
1785437862.4709032,A1850_B1850,1,1850,1850,0.85,0.85,1554221519,1850,1850,1000,1000,0,0,0,0
1785437862.4905038,A1850_B1850,1,1850,1850,0.85,0.85,1554238758,1850,1850,1000,1000,0,0,0,0
1785437862.5083702,A1850_B1850,1,1850,1850,0.85,0.85,1554258463,1850,1850,1000,1000,0,0,0,0
1785437862.529438,A1850_B1850,1,1850,1850,0.85,0.85,1554280641,1850,1850,1000,1000,0,0,0,0
1785437862.5473623,A1850_B1850,1,1850,1850,0.85,0.85,1554299105,1850,1850,1000,1000,0,0,0,0
1785437862.5706334,A1850_B1850,1,1850,1850,0.85,0.85,1554321259,1850,1850,1000,1000,0,0,0,0
1785437862.5903993,A1850_B1850,1,1850,1850,0.85,0.85,1554338504,1850,1850,1000,1000,0,0,0,0
1785437862.610807,A1850_B1850,1,1850,1850,0.85,0.85,1554360664,1850,1850,1000,1000,0,0,0,0
1785437862.628338,A1850_B1850,1,1850,1850,0.85,0.85,1554379137,1850,1850,1000,1000,0,0,0,0
1785437862.649928,A1850_B1850,1,1850,1850,0.85,0.85,1554401300,1850,1850,1000,1000,0,0,0,0
1785437862.6682994,A1850_B1850,1,1850,1850,0.85,0.85,1554418540,1850,1850,1000,1000,0,0,0,0
1785437862.6924963,A1850_B1850,1,1850,1850,0.85,0.85,1554440711,1850,1850,1000,1000,0,0,0,0
1785437862.7073398,A1850_B1850,1,1850,1850,0.85,0.85,1554459182,1850,1850,1000,1000,0,0,0,0
1785437862.728778,A1850_B1850,1,1850,1850,0.85,0.85,1554478880,1850,1850,1000,1000,0,0,0,0
1785437862.749343,A1850_B1850,1,1850,1850,0.85,0.85,1554501074,1850,1850,1000,1000,0,0,0,0
1785437862.7688708,A1850_B1850,1,1850,1850,0.85,0.85,1554520752,1850,1850,1000,1000,0,0,0,0
1785437862.7924094,A1850_B1850,1,1850,1850,0.85,0.85,1554541681,1850,1850,1000,1000,0,0,0,0
1785437862.8073583,A1850_B1850,1,1850,1850,0.85,0.85,1554558926,1850,1850,1000,1000,0,0,0,0
1785437862.8293269,A1850_B1850,1,1850,1850,0.85,0.85,1554581092,1850,1850,1000,1000,0,0,0,0
1785437862.8473415,A1850_B1850,1,1850,1850,0.85,0.85,1554598326,1850,1850,1000,1000,0,0,0,0
1785437862.8707175,A1850_B1850,1,1850,1850,0.85,0.85,1554621719,1850,1850,1000,1000,0,0,0,0
1785437862.8914096,A1850_B1850,1,1850,1850,0.85,0.85,1554638966,1850,1850,1000,1000,0,0,0,0
1785437862.9093318,A1850_B1850,1,1850,1850,0.85,0.85,1554661127,1850,1850,1000,1000,0,0,0,0
1785437862.9283316,A1850_B1850,1,1850,1850,0.85,0.85,1554680824,1850,1850,1000,1000,0,0,0,0
1785437862.9473674,A1850_B1850,1,1850,1850,0.85,0.85,1554699299,1850,1850,1000,1000,0,0,0,0
1785437862.9690516,A1850_B1850,1,1850,1850,0.85,0.85,1554719040,1850,1850,1000,1000,0,0,0,0
1785437862.9904256,A1850_B1850,1,1850,1850,0.85,0.85,1554738701,1850,1850,1000,1000,0,0,0,0
1785437863.0093515,A1850_B1850,1,1850,1850,0.85,0.85,1554760867,1850,1850,1000,1000,0,0,0,0
1785437863.0273342,A1850_B1850,1,1850,1850,0.85,0.85,1554779335,1850,1850,1000,1000,0,0,0,0
1785437863.0483656,A1850_B1850,1,1850,1850,0.85,0.85,1554799050,1850,1850,1000,1000,0,0,0,0
1785437863.0726886,A1850_B1850,1,1850,1850,0.85,0.85,1554821205,1850,1850,1000,1000,0,0,0,0
1785437863.0915163,A1850_B1850,1,1850,1850,0.85,0.85,1554840918,1850,1850,1000,1000,0,0,0,0
1785437863.1093962,A1850_B1850,1,1850,1850,0.85,0.85,1554861841,1850,1850,1000,1000,0,0,0,0
1785437863.1275563,A1850_B1850,1,1850,1850,0.85,0.85,1554879080,1850,1850,1000,1000,0,0,0,0
1785437863.148336,A1850_B1850,1,1850,1850,0.85,0.85,1554898782,1850,1850,1000,1000,0,0,0,0
1785437863.168639,ramp_down,1,1744,1744,0.744,0.744,1554918486,1744,1850,1000,1000,0,0,0,0
1785437863.1904979,ramp_down,1,1744,1744,0.744,0.744,1554938190,1744,1744,1000,1000,0,0,0,0
1785437863.2104535,ramp_down,1,1638,1638,0.638,0.638,1554961580,1744,1744,1000,1000,0,0,0,0
1785437863.2279484,ramp_down,1,1638,1638,0.638,0.638,1554978818,1638,1638,1000,1000,0,0,0,0
1785437863.2503192,ramp_down,1,1638,1638,0.638,0.638,1554998529,1638,1638,1000,1000,0,0,0,0
1785437863.2720344,ramp_down,1,1531,1531,0.531,0.531,1555023153,1531,1531,1000,1000,0,0,0,0
1785437863.2915022,ramp_down,1,1531,1531,0.531,0.531,1555039157,1531,1531,1000,1000,0,0,0,0
1785437863.310359,ramp_down,1,1425,1425,0.425,0.425,1555061327,1531,1531,1000,1000,0,0,0,0
1785437863.3273857,ramp_down,1,1425,1425,0.425,0.425,1555078557,1425,1425,1000,1000,0,0,0,0
1785437863.349483,ramp_down,1,1425,1425,0.425,0.425,1555100726,1425,1425,1000,1000,0,0,0,0
1785437863.3683333,ramp_down,1,1319,1319,0.319,0.319,1555119193,1425,1425,1000,1000,0,0,0,0
1785437863.3922527,ramp_down,1,1319,1319,0.319,0.319,1555141372,1319,1319,1000,1000,0,0,0,0
1785437863.408703,ramp_down,1,1319,1319,0.319,0.319,1555161068,1319,1319,1000,1000,0,0,0,0
1785437863.4294517,ramp_down,1,1212,1212,0.212,0.212,1555180773,1212,1319,1000,1000,0,0,0,0
1785437863.4484348,ramp_down,1,1212,1212,0.212,0.212,1555199235,1212,1212,1000,1000,0,0,0,0
1785437863.4693127,ramp_down,1,1106,1106,0.106,0.106,1555218965,1212,1212,1000,1000,0,0,0,0
1785437863.4924743,ramp_down,1,1106,1106,0.106,0.106,1555239874,1106,1106,1000,1000,0,0,0,0
1785437863.507446,ramp_down,1,1106,1106,0.106,0.106,1555259572,1106,1106,1000,1000,0,0,0,0
1785437863.5283756,ramp_down,1,1000,1000,0.0,0.0,1555279282,1106,1106,1000,1000,0,0,0,0
1785437863.5493705,ramp_down,1,1000,1000,0.0,0.0,1555300211,1000,1000,1000,1000,0,0,0,0
1785437863.5691702,idle_post,0,1000,1000,0.0,0.0,1555319912,1000,1000,1000,1000,0,0,0,0
1785437863.5927963,idle_post,0,1000,1000,0.0,0.0,1555342080,1000,1000,1000,1000,0,0,0,0
1785437863.6073782,idle_post,0,1000,1000,0.0,0.0,1555359320,1000,1000,1000,1000,0,0,0,0
1785437863.6284075,idle_post,0,1000,1000,0.0,0.0,1555380245,1000,1000,1000,1000,0,0,0,0
1785437863.6493654,idle_post,0,1000,1000,0.0,0.0,1555399956,1000,1000,1000,1000,0,0,0,0
1785437863.6683183,idle_post,0,1000,1000,0.0,0.0,1555419651,1000,1000,1000,1000,0,0,0,0
1785437863.6924696,idle_post,0,1000,1000,0.0,0.0,1555441823,1000,1000,1000,1000,0,0,0,0
1785437863.7073748,idle_post,0,1000,1000,0.0,0.0,1555457836,1000,1000,1000,1000,0,0,0,0
1785437863.7283561,idle_post,0,1000,1000,0.0,0.0,1555479991,1000,1000,1000,1000,0,0,0,0
1785437863.7494125,idle_post,0,1000,1000,0.0,0.0,1555499691,1000,1000,1000,1000,0,0,0,0
1785437863.7690744,idle_post,0,1000,1000,0.0,0.0,1555519396,1000,1000,1000,1000,0,0,0,0
1785437863.7914555,idle_post,0,1000,1000,0.0,0.0,1555540348,1000,1000,1000,1000,0,0,0,0
1785437863.8075104,idle_post,0,1000,1000,0.0,0.0,1555557571,1000,1000,1000,1000,0,0,0,0
1785437863.8284347,idle_post,0,1000,1000,0.0,0.0,1555579734,1000,1000,1000,1000,0,0,0,0
1785437863.849373,idle_post,0,1000,1000,0.0,0.0,1555599439,1000,1000,1000,1000,0,0,0,0
1785437863.868286,idle_post,0,1000,1000,0.0,0.0,1555616726,1000,1000,1000,1000,0,0,0,0
1785437863.8924823,idle_post,0,1000,1000,0.0,0.0,1555640070,1000,1000,1000,1000,0,0,0,0
1785437863.9074132,idle_post,0,1000,1000,0.0,0.0,1555659773,1000,1000,1000,1000,0,0,0,0
1785437863.9309633,idle_post,0,1000,1000,0.0,0.0,1555681939,1000,1000,1000,1000,0,0,0,0
1785437863.9484377,idle_post,0,1000,1000,0.0,0.0,1555700408,1000,1000,1000,1000,0,0,0,0
1785437863.9713318,idle_post,0,1000,1000,0.0,0.0,1555722582,1000,1000,1000,1000,0,0,0,0
1785437863.992745,idle_post,0,1000,1000,0.0,0.0,1555739814,1000,1000,1000,1000,0,0,0,0
1785437864.007382,idle_post,0,1000,1000,0.0,0.0,1555759513,1000,1000,1000,1000,0,0,0,0
1785437864.0291822,idle_post,0,1000,1000,0.0,0.0,1555779216,1000,1000,1000,1000,0,0,0,0
1785437864.0493836,idle_post,0,1000,1000,0.0,0.0,1555800151,1000,1000,1000,1000,0,0,0,0
1785437864.071697,idle_post,0,1000,1000,0.0,0.0,1555819872,1000,1000,1000,1000,0,0,0,0
1785437864.0925586,idle_post,0,1000,1000,0.0,0.0,1555839561,1000,1000,1000,1000,0,0,0,0
1785437864.1078901,idle_post,0,1000,1000,0.0,0.0,1555859258,1000,1000,1000,1000,0,0,0,0
1785437864.1283662,idle_post,0,1000,1000,0.0,0.0,1555880198,1000,1000,1000,1000,0,0,0,0
1785437864.1478226,idle_post,0,1000,1000,0.0,0.0,1555897426,1000,1000,1000,1000,0,0,0,0
1785437864.1681285,idle_post,0,1000,1000,0.0,0.0,1555919597,1000,1000,1000,1000,0,0,0,0
1785437864.1914678,idle_post,0,1000,1000,0.0,0.0,1555939298,1000,1000,1000,1000,0,0,0,0
1785437864.2093801,idle_post,0,1000,1000,0.0,0.0,1555960226,1000,1000,1000,1000,0,0,0,0
1785437864.2283735,idle_post,0,1000,1000,0.0,0.0,1555979930,1000,1000,1000,1000,0,0,0,0
1785437864.2496707,idle_post,0,1000,1000,0.0,0.0,1556002102,1000,1000,1000,1000,0,0,0,0
1785437864.2683492,idle_post,0,1000,1000,0.0,0.0,1556019330,1000,1000,1000,1000,0,0,0,0
1785437864.2914557,idle_post,0,1000,1000,0.0,0.0,1556040266,1000,1000,1000,1000,0,0,0,0
1785437864.307471,idle_post,0,1000,1000,0.0,0.0,1556057509,1000,1000,1000,1000,0,0,0,0
1785437864.3293955,idle_post,0,1000,1000,0.0,0.0,1556079691,1000,1000,1000,1000,0,0,0,0
1785437864.3474023,idle_post,0,1000,1000,0.0,0.0,1556099374,1000,1000,1000,1000,0,0,0,0
1785437864.3691301,idle_post,0,1000,1000,0.0,0.0,1556120311,1000,1000,1000,1000,0,0,0,0
1785437864.392527,idle_post,0,1000,1000,0.0,0.0,1556140012,1000,1000,1000,1000,0,0,0,0
1785437864.4084082,idle_post,0,1000,1000,0.0,0.0,1556159715,1000,1000,1000,1000,0,0,0,0
1785437864.4294193,idle_post,0,1000,1000,0.0,0.0,1556179419,1000,1000,1000,1000,0,0,0,0
1785437864.447407,idle_post,0,1000,1000,0.0,0.0,1556197891,1000,1000,1000,1000,0,0,0,0
1785437864.469548,idle_post,0,1000,1000,0.0,0.0,1556220053,1000,1000,1000,1000,0,0,0,0
1785437864.4905066,idle_post,0,1000,1000,0.0,0.0,1556238517,1000,1000,1000,1000,0,0,0,0
1785437864.5084763,idle_post,0,1000,1000,0.0,0.0,1556260685,1000,1000,1000,1000,0,0,0,0
1785437864.527527,idle_post,0,1000,1000,0.0,0.0,1556277926,1000,1000,1000,1000,0,0,0,0
1785437864.5494044,idle_post,0,1000,1000,0.0,0.0,1556301317,1000,1000,1000,1000,0,0,0,0
1785437864.5681336,idle_post,0,1000,1000,0.0,0.0,1556318562,1000,1000,1000,1000,0,0,0,0
1785437864.591525,idle_post,0,1000,1000,0.0,0.0,1556340729,1000,1000,1000,1000,0,0,0,0
1785437864.610505,idle_post,0,1000,1000,0.0,0.0,1556360426,1000,1000,1000,1000,0,0,0,0
1785437864.6284423,idle_post,0,1000,1000,0.0,0.0,1556378897,1000,1000,1000,1000,0,0,0,0
1785437864.64993,idle_post,0,1000,1000,0.0,0.0,1556401062,1000,1000,1000,1000,0,0,0,0
1785437864.668377,idle_post,0,1000,1000,0.0,0.0,1556418303,1000,1000,1000,1000,0,0,0,0
1785437864.6922455,idle_post,0,1000,1000,0.0,0.0,1556440467,1000,1000,1000,1000,0,0,0,0
1785437864.70944,idle_post,0,1000,1000,0.0,0.0,1556461402,1000,1000,1000,1000,0,0,0,0
1785437864.7286377,idle_post,0,1000,1000,0.0,0.0,1556478641,1000,1000,1000,1000,0,0,0,0
1785437864.7494628,idle_post,0,1000,1000,0.0,0.0,1556500816,1000,1000,1000,1000,0,0,0,0
1785437864.7686448,idle_post,0,1000,1000,0.0,0.0,1556518043,1000,1000,1000,1000,0,0,0,0
1785437864.7919295,idle_post,0,1000,1000,0.0,0.0,1556540215,1000,1000,1000,1000,0,0,0,0
1785437864.8093896,idle_post,0,1000,1000,0.0,0.0,1556561144,1000,1000,1000,1000,0,0,0,0
1785437864.8273897,idle_post,0,1000,1000,0.0,0.0,1556578380,1000,1000,1000,1000,0,0,0,0
1785437864.848493,idle_post,0,1000,1000,0.0,0.0,1556600547,1000,1000,1000,1000,0,0,0,0
1785437864.8707693,idle_post,0,1000,1000,0.0,0.0,1556620250,1000,1000,1000,1000,0,0,0,0
1785437864.891475,idle_post,0,1000,1000,0.0,0.0,1556638745,1000,1000,1000,1000,0,0,0,0
1785437864.9094262,idle_post,0,1000,1000,0.0,0.0,1556660888,1000,1000,1000,1000,0,0,0,0
1785437864.92764,idle_post,0,1000,1000,0.0,0.0,1556678154,1000,1000,1000,1000,0,0,0,0
1785437864.9483924,idle_post,0,1000,1000,0.0,0.0,1556700289,1000,1000,1000,1000,0,0,0,0
1785437864.9705527,idle_post,0,1000,1000,0.0,0.0,1556721220,1000,1000,1000,1000,0,0,0,0
1785437864.9908986,idle_post,0,1000,1000,0.0,0.0,1556738460,1000,1000,1000,1000,0,0,0,0
1785437865.0093973,idle_post,0,1000,1000,0.0,0.0,1556760625,1000,1000,1000,1000,0,0,0,0
1785437865.0273952,idle_post,0,1000,1000,0.0,0.0,1556777867,1000,1000,1000,1000,0,0,0,0
1785437865.0494006,idle_post,0,1000,1000,0.0,0.0,1556801261,1000,1000,1000,1000,0,0,0,0
1785437865.0727146,idle_post,0,1000,1000,0.0,0.0,1556820991,1000,1000,1000,1000,0,0,0,0
1785437865.0914829,idle_post,0,1000,1000,0.0,0.0,1556840667,1000,1000,1000,1000,0,0,0,0
1785437865.1094,idle_post,0,1000,1000,0.0,0.0,1556860368,1000,1000,1000,1000,0,0,0,0
1785437865.127507,idle_post,0,1000,1000,0.0,0.0,1556878843,1000,1000,1000,1000,0,0,0,0
1785437865.1484907,idle_post,0,1000,1000,0.0,0.0,1556898545,1000,1000,1000,1000,0,0,0,0
1785437865.1707084,idle_post,0,1000,1000,0.0,0.0,1556920705,1000,1000,1000,1000,0,0,0,0
1785437865.1905055,idle_post,0,1000,1000,0.0,0.0,1556937953,1000,1000,1000,1000,0,0,0,0
1785437865.2094135,idle_post,0,1000,1000,0.0,0.0,1556961336,1000,1000,1000,1000,0,0,0,0
1785437865.2274506,idle_post,0,1000,1000,0.0,0.0,1556978581,1000,1000,1000,1000,0,0,0,0
1785437865.2484307,idle_post,0,1000,1000,0.0,0.0,1557000745,1000,1000,1000,1000,0,0,0,0
1785437865.271744,idle_post,0,1000,1000,0.0,0.0,1557020448,1000,1000,1000,1000,0,0,0,0
1785437865.2915084,idle_post,0,1000,1000,0.0,0.0,1557037688,1000,1000,1000,1000,0,0,0,0
1785437865.3098748,idle_post,0,1000,1000,0.0,0.0,1557061087,1000,1000,1000,1000,0,0,0,0
1785437865.327447,idle_post,0,1000,1000,0.0,0.0,1557078323,1000,1000,1000,1000,0,0,0,0
1785437865.3492975,idle_post,0,1000,1000,0.0,0.0,1557100482,1000,1000,1000,1000,0,0,0,0
1785437865.3695636,idle_post,0,1000,1000,0.0,0.0,1557120189,1000,1000,1000,1000,0,0,0,0
1785437865.391767,idle_post,0,1000,1000,0.0,0.0,1557141130,1000,1000,1000,1000,0,0,0,0
1785437865.4095855,idle_post,0,1000,1000,0.0,0.0,1557160832,1000,1000,1000,1000,0,0,0,0
1785437865.4279683,idle_post,0,1000,1000,0.0,0.0,1557178068,1000,1000,1000,1000,0,0,0,0
1785437865.4485455,idle_post,0,1000,1000,0.0,0.0,1557200229,1000,1000,1000,1000,0,0,0,0
1785437865.4706354,idle_post,0,1000,1000,0.0,0.0,1557221165,1000,1000,1000,1000,0,0,0,0
1785437865.4908178,idle_post,0,1000,1000,0.0,0.0,1557239652,1000,1000,1000,1000,0,0,0,0
1785437865.5094373,idle_post,0,1000,1000,0.0,0.0,1557261797,1000,1000,1000,1000,0,0,0,0
1785437865.5284321,idle_post,0,1000,1000,0.0,0.0,1557279037,1000,1000,1000,1000,0,0,0,0
1785437865.5494676,idle_post,0,1000,1000,0.0,0.0,1557301205,1000,1000,1000,1000,0,0,0,0
1785437865.568171,idle_post,0,1000,1000,0.0,0.0,1557319670,1000,1000,1000,1000,0,0,0,0
1785437865.5915294,idle_post,0,1000,1000,0.0,0.0,1557339373,1000,1000,1000,1000,0,0,0,0
1785437865.6074388,idle_post,0,1000,1000,0.0,0.0,1557359076,1000,1000,1000,1000,0,0,0,0
1785437865.6284595,idle_post,0,1000,1000,0.0,0.0,1557378777,1000,1000,1000,1000,0,0,0,0
1785437865.6494465,idle_post,0,1000,1000,0.0,0.0,1557399715,1000,1000,1000,1000,0,0,0,0
1785437865.6696389,idle_post,0,1000,1000,0.0,0.0,1557419411,1000,1000,1000,1000,0,0,0,0
1785437865.6915252,idle_post,0,1000,1000,0.0,0.0,1557439117,1000,1000,1000,1000,0,0,0,0
1785437865.7094357,idle_post,0,1000,1000,0.0,0.0,1557461283,1000,1000,1000,1000,0,0,0,0
1785437865.728569,idle_post,0,1000,1000,0.0,0.0,1557479750,1000,1000,1000,1000,0,0,0,0
1785437865.749824,idle_post,0,1000,1000,0.0,0.0,1557501914,1000,1000,1000,1000,0,0,0,0
1785437865.7681847,idle_post,0,1000,1000,0.0,0.0,1557519154,1000,1000,1000,1000,0,0,0,0
1785437865.7915378,idle_post,0,1000,1000,0.0,0.0,1557538863,1000,1000,1000,1000,0,0,0,0
1785437865.807429,idle_post,0,1000,1000,0.0,0.0,1557559793,1000,1000,1000,1000,0,0,0,0
1785437865.8284948,idle_post,0,1000,1000,0.0,0.0,1557579494,1000,1000,1000,1000,0,0,0,0
1785437865.8494244,idle_post,0,1000,1000,0.0,0.0,1557601666,1000,1000,1000,1000,0,0,0,0
1785437865.8684165,idle_post,0,1000,1000,0.0,0.0,1557618898,1000,1000,1000,1000,0,0,0,0
1785437865.892548,idle_post,0,1000,1000,0.0,0.0,1557639831,1000,1000,1000,1000,0,0,0,0
1785437865.907426,idle_post,0,1000,1000,0.0,0.0,1557659530,1000,1000,1000,1000,0,0,0,0
1785437865.9284272,idle_post,0,1000,1000,0.0,0.0,1557679237,1000,1000,1000,1000,0,0,0,0
1785437865.9501143,idle_post,0,1000,1000,0.0,0.0,1557701399,1000,1000,1000,1000,0,0,0,0
1785437865.9681442,idle_post,0,1000,1000,0.0,0.0,1557719871,1000,1000,1000,1000,0,0,0,0
1785437865.9930668,idle_post,0,1000,1000,0.0,0.0,1557742038,1000,1000,1000,1000,0,0,0,0
1785437866.00743,idle_post,0,1000,1000,0.0,0.0,1557759273,1000,1000,1000,1000,0,0,0,0
1785437866.0289488,idle_post,0,1000,1000,0.0,0.0,1557778981,1000,1000,1000,1000,0,0,0,0
1785437866.0496962,idle_post,0,1000,1000,0.0,0.0,1557799912,1000,1000,1000,1000,0,0,0,0
1785437866.0716763,idle_post,0,1000,1000,0.0,0.0,1557819652,1000,1000,1000,1000,0,0,0,0
1785437866.092641,idle_post,0,1000,1000,0.0,0.0,1557841781,1000,1000,1000,1000,0,0,0,0
1785437866.1078238,idle_post,0,1000,1000,0.0,0.0,1557859017,1000,1000,1000,1000,0,0,0,0
1785437866.1289506,idle_post,0,1000,1000,0.0,0.0,1557881184,1000,1000,1000,1000,0,0,0,0
1785437866.1494691,idle_post,0,1000,1000,0.0,0.0,1557899658,1000,1000,1000,1000,0,0,0,0
1785437866.1691186,idle_post,0,1000,1000,0.0,0.0,1557919354,1000,1000,1000,1000,0,0,0,0
1785437866.1925526,idle_post,0,1000,1000,0.0,0.0,1557941545,1000,1000,1000,1000,0,0,0,0
1785437866.2084475,idle_post,0,1000,1000,0.0,0.0,1557958782,1000,1000,1000,1000,0,0,0,0
1785437866.2294526,idle_post,0,1000,1000,0.0,0.0,1557979695,1000,1000,1000,1000,0,0,0,0
1785437866.2474356,idle_post,0,1000,1000,0.0,0.0,1557999396,1000,1000,1000,1000,0,0,0,0
1785437866.26936,idle_post,0,1000,1000,0.0,0.0,1558019101,1000,1000,1000,1000,0,0,0,0
1785437866.2925186,idle_post,0,1000,1000,0.0,0.0,1558041261,1000,1000,1000,1000,0,0,0,0
1785437866.307453,idle_post,0,1000,1000,0.0,0.0,1558059728,1000,1000,1000,1000,0,0,0,0
1785437866.3294406,idle_post,0,1000,1000,0.0,0.0,1558079436,1000,1000,1000,1000,0,0,0,0
1785437866.3474874,idle_post,0,1000,1000,0.0,0.0,1558099140,1000,1000,1000,1000,0,0,0,0
1785437866.369155,idle_post,0,1000,1000,0.0,0.0,1558118844,1000,1000,1000,1000,0,0,0,0
1785437866.3925383,idle_post,0,1000,1000,0.0,0.0,1558139774,1000,1000,1000,1000,0,0,0,0
1785437866.408938,idle_post,0,1000,1000,0.0,0.0,1558159473,1000,1000,1000,1000,0,0,0,0
1785437866.4294808,idle_post,0,1000,1000,0.0,0.0,1558181642,1000,1000,1000,1000,0,0,0,0
1785437866.4484437,idle_post,0,1000,1000,0.0,0.0,1558198884,1000,1000,1000,1000,0,0,0,0
1785437866.4683886,idle_post,0,1000,1000,0.0,0.0,1558219814,1000,1000,1000,1000,0,0,0,0
1785437866.4915466,idle_post,0,1000,1000,0.0,0.0,1558239511,1000,1000,1000,1000,0,0,0,0
1785437866.507492,idle_post,0,1000,1000,0.0,0.0,1558257989,1000,1000,1000,1000,0,0,0,0
1785437866.527462,idle_post,0,1000,1000,0.0,0.0,1558277699,1000,1000,1000,1000,0,0,0,0
1785437866.5494704,idle_post,0,1000,1000,0.0,0.0,1558299851,1000,1000,1000,1000,0,0,0,0
1785437866.5681782,idle_post,0,1000,1000,0.0,0.0,1558318320,1000,1000,1000,1000,0,0,0,0
1785437866.591696,idle_post,0,1000,1000,0.0,0.0,1558340485,1000,1000,1000,1000,0,0,0,0
1785437866.6102684,idle_post,0,1000,1000,0.0,0.0,1558360189,1000,1000,1000,1000,0,0,0,0
1785437866.6274717,idle_post,0,1000,1000,0.0,0.0,1558377427,1000,1000,1000,1000,0,0,0,0
1785437866.6499064,idle_post,0,1000,1000,0.0,0.0,1558400831,1000,1000,1000,1000,0,0,0,0
1785437866.6687875,idle_post,0,1000,1000,0.0,0.0,1558420533,1000,1000,1000,1000,0,0,0,0
1785437866.6905587,idle_post,0,1000,1000,0.0,0.0,1558437771,1000,1000,1000,1000,0,0,0,0
1785437866.7096412,idle_post,0,1000,1000,0.0,0.0,1558459931,1000,1000,1000,1000,0,0,0,0
1785437866.7285151,idle_post,0,1000,1000,0.0,0.0,1558480874,1000,1000,1000,1000,0,0,0,0
1785437866.7494571,idle_post,0,1000,1000,0.0,0.0,1558500567,1000,1000,1000,1000,0,0,0,0
1785437866.768156,idle_post,0,1000,1000,0.0,0.0,1558517808,1000,1000,1000,1000,0,0,0,0
1785437866.7925344,idle_post,0,1000,1000,0.0,0.0,1558539973,1000,1000,1000,1000,0,0,0,0
1785437866.807551,idle_post,0,1000,1000,0.0,0.0,1558557209,1000,1000,1000,1000,0,0,0,0
1785437866.828453,idle_post,0,1000,1000,0.0,0.0,1558580608,1000,1000,1000,1000,0,0,0,0
1785437866.849541,idle_post,0,1000,1000,0.0,0.0,1558600306,1000,1000,1000,1000,0,0,0,0
1785437866.8693979,idle_post,0,1000,1000,0.0,0.0,1558620009,1000,1000,1000,1000,0,0,0,0
1785437866.8925476,idle_post,0,1000,1000,0.0,0.0,1558639710,1000,1000,1000,1000,0,0,0,0
1785437866.9075725,idle_post,0,1000,1000,0.0,0.0,1558658181,1000,1000,1000,1000,0,0,0,0
1785437866.928461,idle_post,0,1000,1000,0.0,0.0,1558680347,1000,1000,1000,1000,0,0,0,0
1785437866.9494607,idle_post,0,1000,1000,0.0,0.0,1558700052,1000,1000,1000,1000,0,0,0,0
1785437866.9683084,idle_post,0,1000,1000,0.0,0.0,1558719749,1000,1000,1000,1000,0,0,0,0
1785437866.9926085,idle_post,0,1000,1000,0.0,0.0,1558740683,1000,1000,1000,1000,0,0,0,0
1785437867.0076568,idle_post,0,1000,1000,0.0,0.0,1558757925,1000,1000,1000,1000,0,0,0,0
1785437867.0294611,idle_post,0,1000,1000,0.0,0.0,1558780091,1000,1000,1000,1000,0,0,0,0
1785437867.0485399,idle_post,0,1000,1000,0.0,0.0,1558799789,1000,1000,1000,1000,0,0,0,0
1785437867.0728848,idle_post,0,1000,1000,0.0,0.0,1558820729,1000,1000,1000,1000,0,0,0,0
1785437867.0915449,idle_post,0,1000,1000,0.0,0.0,1558840426,1000,1000,1000,1000,0,0,0,0
1785437867.107662,idle_post,0,1000,1000,0.0,0.0,1558857665,1000,1000,1000,1000,0,0,0,0
1785437867.1285412,idle_post,0,1000,1000,0.0,0.0,1558879835,1000,1000,1000,1000,0,0,0,0
1785437867.149541,idle_post,0,1000,1000,0.0,0.0,1558900764,1000,1000,1000,1000,0,0,0,0
1785437867.1683438,idle_post,0,1000,1000,0.0,0.0,1558918009,1000,1000,1000,1000,0,0,0,0
1785437867.1925642,idle_post,0,1000,1000,0.0,0.0,1558940167,1000,1000,1000,1000,0,0,0,0
1785437867.2077541,idle_post,0,1000,1000,0.0,0.0,1558959888,1000,1000,1000,1000,0,0,0,0
1785437867.2307684,idle_post,0,1000,1000,0.0,0.0,1558980799,1000,1000,1000,1000,0,0,0,0
1785437867.2484908,idle_post,0,1000,1000,0.0,0.0,1559000503,1000,1000,1000,1000,0,0,0,0
1785437867.271658,idle_post,0,1000,1000,0.0,0.0,1559022677,1000,1000,1000,1000,0,0,0,0
1785437867.2916708,idle_post,0,1000,1000,0.0,0.0,1559039909,1000,1000,1000,1000,0,0,0,0
1785437867.3075857,idle_post,0,1000,1000,0.0,0.0,1559058378,1000,1000,1000,1000,0,0,0,0
1785437867.329679,idle_post,0,1000,1000,0.0,0.0,1559080565,1000,1000,1000,1000,0,0,0,0
1785437867.3488107,idle_post,0,1000,1000,0.0,0.0,1559100251,1000,1000,1000,1000,0,0,0,0
1785437867.3706343,idle_post,0,1000,1000,0.0,0.0,1559119960,1000,1000,1000,1000,0,0,0,0
1785437867.3915956,idle_post,0,1000,1000,0.0,0.0,1559140884,1000,1000,1000,1000,0,0,0,0
1785437867.4094937,idle_post,0,1000,1000,0.0,0.0,1559160588,1000,1000,1000,1000,0,0,0,0
1785437867.4278474,idle_post,0,1000,1000,0.0,0.0,1559177825,1000,1000,1000,1000,0,0,0,0
1785437867.448583,idle_post,0,1000,1000,0.0,0.0,1559199991,1000,1000,1000,1000,0,0,0,0
1785437867.4708896,idle_post,0,1000,1000,0.0,0.0,1559219696,1000,1000,1000,1000,0,0,0,0
1785437867.4905636,idle_post,0,1000,1000,0.0,0.0,1559238164,1000,1000,1000,1000,0,0,0,0
1785437867.508574,idle_post,0,1000,1000,0.0,0.0,1559259100,1000,1000,1000,1000,0,0,0,0
1785437867.5294821,idle_post,0,1000,1000,0.0,0.0,1559281257,1000,1000,1000,1000,0,0,0,0
1785437867.547482,idle_post,0,1000,1000,0.0,0.0,1559298504,1000,1000,1000,1000,0,0,0,0
1785437867.569281,idle_post,0,1000,1000,0.0,0.0,1559318205,1000,1000,1000,1000,0,0,0,0
1785437867.5907233,idle_post,0,1000,1000,0.0,0.0,1559339133,1000,1000,1000,1000,0,0,0,0
1785437867.6086218,idle_post,0,1000,1000,0.0,0.0,1559358835,1000,1000,1000,1000,0,0,0,0
1785437867.6283052,idle_post,0,1000,1000,0.0,0.0,1559378585,1000,1000,1000,1000,0,0,0,0
1785437867.6475058,idle_post,0,1000,1000,0.0,0.0,1559398242,1000,1000,1000,1000,0,0,0,0
1785437867.6708913,idle_post,0,1000,1000,0.0,0.0,1559421645,1000,1000,1000,1000,0,0,0,0
1785437867.6906078,idle_post,0,1000,1000,0.0,0.0,1559438873,1000,1000,1000,1000,0,0,0,0
1785437867.708852,idle_post,0,1000,1000,0.0,0.0,1559458583,1000,1000,1000,1000,0,0,0,0
1785437867.7295945,idle_post,0,1000,1000,0.0,0.0,1559480742,1000,1000,1000,1000,0,0,0,0
1785437867.748595,idle_post,0,1000,1000,0.0,0.0,1559499214,1000,1000,1000,1000,0,0,0,0
1785437867.7706804,idle_post,0,1000,1000,0.0,0.0,1559521376,1000,1000,1000,1000,0,0,0,0
1785437867.7905788,idle_post,0,1000,1000,0.0,0.0,1559538621,1000,1000,1000,1000,0,0,0,0
1785437867.8089445,idle_post,0,1000,1000,0.0,0.0,1559560779,1000,1000,1000,1000,0,0,0,0
1785437867.8295286,idle_post,0,1000,1000,0.0,0.0,1559581722,1000,1000,1000,1000,0,0,0,0
1785437867.847488,idle_post,0,1000,1000,0.0,0.0,1559598957,1000,1000,1000,1000,0,0,0,0
1785437867.8708644,idle_post,0,1000,1000,0.0,0.0,1559621122,1000,1000,1000,1000,0,0,0,0
1785437867.8906317,idle_post,0,1000,1000,0.0,0.0,1559638359,1000,1000,1000,1000,0,0,0,0
1785437867.9086,idle_post,0,1000,1000,0.0,0.0,1559659290,1000,1000,1000,1000,0,0,0,0
1785437867.9306324,idle_post,0,1000,1000,0.0,0.0,1559681459,1000,1000,1000,1000,0,0,0,0
1785437867.9504263,idle_post,0,1000,1000,0.0,0.0,1559701161,1000,1000,1000,1000,0,0,0,0
1785437867.972249,idle_post,0,1000,1000,0.0,0.0,1559720861,1000,1000,1000,1000,0,0,0,0
1785437867.9924917,idle_post,0,1000,1000,0.0,0.0,1559741803,1000,1000,1000,1000,0,0,0,0
1785437868.0075204,idle_post,0,1000,1000,0.0,0.0,1559759037,1000,1000,1000,1000,0,0,0,0
1785437868.0287445,idle_post,0,1000,1000,0.0,0.0,1559778740,1000,1000,1000,1000,0,0,0,0
1785437868.049676,idle_post,0,1000,1000,0.0,0.0,1559800902,1000,1000,1000,1000,0,0,0,0
1785437868.0710561,idle_post,0,1000,1000,0.0,0.0,1559819392,1000,1000,1000,1000,0,0,0,0
1785437868.0919762,idle_post,0,1000,1000,0.0,0.0,1559839081,1000,1000,1000,1000,0,0,0,0
1785437868.1085346,idle_post,0,1000,1000,0.0,0.0,1559858783,1000,1000,1000,1000,0,0,0,0
1785437868.1297498,idle_post,0,1000,1000,0.0,0.0,1559880939,1000,1000,1000,1000,0,0,0,0
1785437868.1475205,idle_post,0,1000,1000,0.0,0.0,1559898186,1000,1000,1000,1000,0,0,0,0
1785437868.169387,idle_post,0,1000,1000,0.0,0.0,1559919118,1000,1000,1000,1000,0,0,0,0
1785437868.1927078,idle_post,0,1000,1000,0.0,0.0,1559941278,1000,1000,1000,1000,0,0,0,0
1785437868.207544,idle_post,0,1000,1000,0.0,0.0,1559958518,1000,1000,1000,1000,0,0,0,0
1785437868.228502,idle_post,0,1000,1000,0.0,0.0,1559978231,1000,1000,1000,1000,0,0,0,0
1785437868.248506,idle_post,0,1000,1000,0.0,0.0,1559999151,1000,1000,1000,1000,0,0,0,0
1785437868.2684367,idle_post,0,1000,1000,0.0,0.0,1560018855,1000,1000,1000,1000,0,0,0,0
1785437868.2917998,idle_post,0,1000,1000,0.0,0.0,1560041019,1000,1000,1000,1000,0,0,0,0
1785437868.309621,idle_post,0,1000,1000,0.0,0.0,1560060721,1000,1000,1000,1000,0,0,0,0
1785437868.3275025,idle_post,0,1000,1000,0.0,0.0,1560079215,1000,1000,1000,1000,0,0,0,0
1785437868.348502,idle_post,0,1000,1000,0.0,0.0,1560098917,1000,1000,1000,1000,0,0,0,0
1785437868.3707545,idle_post,0,1000,1000,0.0,0.0,1560121069,1000,1000,1000,1000,0,0,0,0
1785437868.391612,idle_post,0,1000,1000,0.0,0.0,1560140764,1000,1000,1000,1000,0,0,0,0
1785437868.4096248,idle_post,0,1000,1000,0.0,0.0,1560161694,1000,1000,1000,1000,0,0,0,0
1785437868.4275413,idle_post,0,1000,1000,0.0,0.0,1560178939,1000,1000,1000,1000,0,0,0,0
1785437868.448516,idle_post,0,1000,1000,0.0,0.0,1560198637,1000,1000,1000,1000,0,0,0,0
1785437868.4685018,idle_post,0,1000,1000,0.0,0.0,1560218337,1000,1000,1000,1000,0,0,0,0
1785437868.491667,idle_post,0,1000,1000,0.0,0.0,1560239272,1000,1000,1000,1000,0,0,0,0
1785437868.5097377,idle_post,0,1000,1000,0.0,0.0,1560258985,1000,1000,1000,1000,0,0,0,0
1785437868.527609,idle_post,0,1000,1000,0.0,0.0,1560279907,1000,1000,1000,1000,0,0,0,0
1785437868.5509837,idle_post,0,1000,1000,0.0,0.0,1560302074,1000,1000,1000,1000,0,0,0,0
1785437868.5692296,idle_post,0,1000,1000,0.0,0.0,1560319315,1000,1000,1000,1000,0,0,0,0
1785437868.5934227,idle_post,0,1000,1000,0.0,0.0,1560342715,1000,1000,1000,1000,0,0,0,0
1785437868.608511,idle_post,0,1000,1000,0.0,0.0,1560359945,1000,1000,1000,1000,0,0,0,0
1785437868.6297874,idle_post,0,1000,1000,0.0,0.0,1560379654,1000,1000,1000,1000,0,0,0,0
1785437868.6475513,idle_post,0,1000,1000,0.0,0.0,1560399355,1000,1000,1000,1000,0,0,0,0
1785437868.67013,idle_post,0,1000,1000,0.0,0.0,1560420284,1000,1000,1000,1000,0,0,0,0
1785437868.6926143,idle_post,0,1000,1000,0.0,0.0,1560439993,1000,1000,1000,1000,0,0,0,0
1785437868.7086022,idle_post,0,1000,1000,0.0,0.0,1560459687,1000,1000,1000,1000,0,0,0,0
1785437868.7295368,idle_post,0,1000,1000,0.0,0.0,1560479397,1000,1000,1000,1000,0,0,0,0
1785437868.7481189,idle_post,0,1000,1000,0.0,0.0,1560500327,1000,1000,1000,1000,0,0,0,0
1785437868.7692976,idle_post,0,1000,1000,0.0,0.0,1560520027,1000,1000,1000,1000,0,0,0,0
1785437868.792741,idle_post,0,1000,1000,0.0,0.0,1560542200,1000,1000,1000,1000,0,0,0,0
1785437868.8075507,idle_post,0,1000,1000,0.0,0.0,1560559435,1000,1000,1000,1000,0,0,0,0
1785437868.8288853,idle_post,0,1000,1000,0.0,0.0,1560580361,1000,1000,1000,1000,0,0,0,0
1785437868.84954,idle_post,0,1000,1000,0.0,0.0,1560600067,1000,1000,1000,1000,0,0,0,0
1785437868.869527,idle_post,0,1000,1000,0.0,0.0,1560619768,1000,1000,1000,1000,0,0,0,0
1785437868.8927512,idle_post,0,1000,1000,0.0,0.0,1560641930,1000,1000,1000,1000,0,0,0,0
1785437868.9075212,idle_post,0,1000,1000,0.0,0.0,1560657948,1000,1000,1000,1000,0,0,0,0
1785437868.9285212,idle_post,0,1000,1000,0.0,0.0,1560680123,1000,1000,1000,1000,0,0,0,0
1785437868.9495337,idle_post,0,1000,1000,0.0,0.0,1560699807,1000,1000,1000,1000,0,0,0,0
1785437868.9682393,idle_post,0,1000,1000,0.0,0.0,1560719517,1000,1000,1000,1000,0,0,0,0
1785437868.9926255,idle_post,0,1000,1000,0.0,0.0,1560740441,1000,1000,1000,1000,0,0,0,0
1785437869.0075421,idle_post,0,1000,1000,0.0,0.0,1560757687,1000,1000,1000,1000,0,0,0,0
1785437869.0286236,idle_post,0,1000,1000,0.0,0.0,1560779851,1000,1000,1000,1000,0,0,0,0
1785437869.0496352,idle_post,0,1000,1000,0.0,0.0,1560799552,1000,1000,1000,1000,0,0,0,0
1785437869.0716283,idle_post,0,1000,1000,0.0,0.0,1560819281,1000,1000,1000,1000,0,0,0,0
1785437869.091622,idle_post,0,1000,1000,0.0,0.0,1560840199,1000,1000,1000,1000,0,0,0,0
1785437869.1076958,idle_post,0,1000,1000,0.0,0.0,1560859891,1000,1000,1000,1000,0,0,0,0
1785437869.1286428,idle_post,0,1000,1000,0.0,0.0,1560879594,1000,1000,1000,1000,0,0,0,0
1785437869.1476274,idle_post,0,1000,1000,0.0,0.0,1560899296,1000,1000,1000,1000,0,0,0,0
1785437869.1709044,idle_post,0,1000,1000,0.0,0.0,1560920224,1000,1000,1000,1000,0,0,0,0
1785437869.1906595,idle_post,0,1000,1000,0.0,0.0,1560939925,1000,1000,1000,1000,0,0,0,0
1785437869.2085435,idle_post,0,1000,1000,0.0,0.0,1560959639,1000,1000,1000,1000,0,0,0,0
1785437869.23076,idle_post,0,1000,1000,0.0,0.0,1560981792,1000,1000,1000,1000,0,0,0,0
1785437869.2485664,idle_post,0,1000,1000,0.0,0.0,1561000260,1000,1000,1000,1000,0,0,0,0
1785437869.2714658,idle_post,0,1000,1000,0.0,0.0,1561022433,1000,1000,1000,1000,0,0,0,0
1785437869.2907262,idle_post,0,1000,1000,0.0,0.0,1561039673,1000,1000,1000,1000,0,0,0,0
1785437869.309554,idle_post,0,1000,1000,0.0,0.0,1561059367,1000,1000,1000,1000,0,0,0,0
1785437869.3275735,idle_post,0,1000,1000,0.0,0.0,1561077842,1000,1000,1000,1000,0,0,0,0
1785437869.3489006,idle_post,0,1000,1000,0.0,0.0,1561100008,1000,1000,1000,1000,0,0,0,0
1785437869.3706994,idle_post,0,1000,1000,0.0,0.0,1561119722,1000,1000,1000,1000,0,0,0,0
1785437869.3914323,idle_post,0,1000,1000,0.0,0.0,1561139411,1000,1000,1000,1000,0,0,0,0
1785437869.41054,idle_post,0,1000,1000,0.0,0.0,1561162812,1000,1000,1000,1000,0,0,0,0
1785437869.4285424,idle_post,0,1000,1000,0.0,0.0,1561180053,1000,1000,1000,1000,0,0,0,0
1785437869.4495437,idle_post,0,1000,1000,0.0,0.0,1561199756,1000,1000,1000,1000,0,0,0,0
1785437869.4684968,idle_post,0,1000,1000,0.0,0.0,1561219449,1000,1000,1000,1000,0,0,0,0
1785437869.4916294,idle_post,0,1000,1000,0.0,0.0,1561240378,1000,1000,1000,1000,0,0,0,0
1785437869.509541,idle_post,0,1000,1000,0.0,0.0,1561260093,1000,1000,1000,1000,0,0,0,0
1785437869.5286703,idle_post,0,1000,1000,0.0,0.0,1561278557,1000,1000,1000,1000,0,0,0,0
1785437869.5497203,idle_post,0,1000,1000,0.0,0.0,1561300727,1000,1000,1000,1000,0,0,0,0
1785437869.568275,idle_post,0,1000,1000,0.0,0.0,1561317968,1000,1000,1000,1000,0,0,0,0
1785437869.5916457,idle_post,0,1000,1000,0.0,0.0,1561338928,1000,1000,1000,1000,0,0,0,0
1785437869.607572,idle_post,0,1000,1000,0.0,0.0,1561358592,1000,1000,1000,1000,0,0,0,0
1785437869.6296291,idle_post,0,1000,1000,0.0,0.0,1561380761,1000,1000,1000,1000,0,0,0,0
1785437869.647566,idle_post,0,1000,1000,0.0,0.0,1561398013,1000,1000,1000,1000,0,0,0,0
1785437869.6696804,idle_post,0,1000,1000,0.0,0.0,1561418932,1000,1000,1000,1000,0,0,0,0
1785437869.692686,idle_post,0,1000,1000,0.0,0.0,1561441103,1000,1000,1000,1000,0,0,0,0
1785437869.7085996,idle_post,0,1000,1000,0.0,0.0,1561460804,1000,1000,1000,1000,0,0,0,0
1785437869.7296143,idle_post,0,1000,1000,0.0,0.0,1561480503,1000,1000,1000,1000,0,0,0,0
1785437869.7486105,idle_post,0,1000,1000,0.0,0.0,1561497742,1000,1000,1000,1000,0,0,0,0
1785437869.768617,idle_post,0,1000,1000,0.0,0.0,1561518676,1000,1000,1000,1000,0,0,0,0
1785437869.7916908,idle_post,0,1000,1000,0.0,0.0,1561540852,1000,1000,1000,1000,0,0,0,0
1785437869.8095715,idle_post,0,1000,1000,0.0,0.0,1561560539,1000,1000,1000,1000,0,0,0,0
1785437869.8276112,idle_post,0,1000,1000,0.0,0.0,1561577789,1000,1000,1000,1000,0,0,0,0
1785437869.8505003,idle_post,0,1000,1000,0.0,0.0,1561601183,1000,1000,1000,1000,0,0,0,0
1785437869.8685026,idle_post,0,1000,1000,0.0,0.0,1561618413,1000,1000,1000,1000,0,0,0,0
1785437869.8916388,idle_post,0,1000,1000,0.0,0.0,1561640578,1000,1000,1000,1000,0,0,0,0
1785437869.9104984,idle_post,0,1000,1000,0.0,0.0,1561662750,1000,1000,1000,1000,0,0,0,0
1785437869.9285574,idle_post,0,1000,1000,0.0,0.0,1561678754,1000,1000,1000,1000,0,0,0,0
1785437869.9499269,idle_post,0,1000,1000,0.0,0.0,1561700924,1000,1000,1000,1000,0,0,0,0
1785437869.9721513,idle_post,0,1000,1000,0.0,0.0,1561720623,1000,1000,1000,1000,0,0,0,0
1785437869.990641,idle_post,0,1000,1000,0.0,0.0,1561737864,1000,1000,1000,1000,0,0,0,0
1785437870.0092683,idle_post,0,1000,1000,0.0,0.0,1561761259,1000,1000,1000,1000,0,0,0,0
1785437870.0297432,idle_post,0,1000,1000,0.0,0.0,1561780969,1000,1000,1000,1000,0,0,0,0
1785437870.0490143,idle_post,0,1000,1000,0.0,0.0,1561800667,1000,1000,1000,1000,0,0,0,0
1785437870.0736904,idle_post,0,1000,1000,0.0,0.0,1561822827,1000,1000,1000,1000,0,0,0,0
1785437870.0917459,idle_post,0,1000,1000,0.0,0.0,1561838834,1000,1000,1000,1000,0,0,0,0
1785437870.109562,idle_post,0,1000,1000,0.0,0.0,1561861000,1000,1000,1000,1000,0,0,0,0
1785437870.127655,idle_post,0,1000,1000,0.0,0.0,1561878235,1000,1000,1000,1000,0,0,0,0
1785437870.1485872,idle_post,0,1000,1000,0.0,0.0,1561900400,1000,1000,1000,1000,0,0,0,0
1785437870.1709611,idle_post,0,1000,1000,0.0,0.0,1561921333,1000,1000,1000,1000,0,0,0,0
1785437870.1917684,idle_post,0,1000,1000,0.0,0.0,1561938573,1000,1000,1000,1000,0,0,0,0
1785437870.2097633,idle_post,0,1000,1000,0.0,0.0,1561960754,1000,1000,1000,1000,0,0,0,0
1785437870.227568,idle_post,0,1000,1000,0.0,0.0,1561977990,1000,1000,1000,1000,0,0,0,0
1785437870.2485704,idle_post,0,1000,1000,0.0,0.0,1561998921,1000,1000,1000,1000,0,0,0,0
1785437870.2709484,idle_post,0,1000,1000,0.0,0.0,1562021080,1000,1000,1000,1000,0,0,0,0
1785437870.2906551,idle_post,0,1000,1000,0.0,0.0,1562038315,1000,1000,1000,1000,0,0,0,0
1785437870.3095968,idle_post,0,1000,1000,0.0,0.0,1562060479,1000,1000,1000,1000,0,0,0,0
1785437870.327572,idle_post,0,1000,1000,0.0,0.0,1562078953,1000,1000,1000,1000,0,0,0,0
1785437870.3486197,idle_post,0,1000,1000,0.0,0.0,1562098651,1000,1000,1000,1000,0,0,0,0
1785437870.3712332,idle_post,0,1000,1000,0.0,0.0,1562120821,1000,1000,1000,1000,0,0,0,0
1785437870.391651,idle_post,0,1000,1000,0.0,0.0,1562140520,1000,1000,1000,1000,0,0,0,0
1785437870.4096274,idle_post,0,1000,1000,0.0,0.0,1562161449,1000,1000,1000,1000,0,0,0,0
1785437870.4275868,idle_post,0,1000,1000,0.0,0.0,1562178689,1000,1000,1000,1000,0,0,0,0
1785437870.44857,idle_post,0,1000,1000,0.0,0.0,1562198401,1000,1000,1000,1000,0,0,0,0
1785437870.468531,idle_post,0,1000,1000,0.0,0.0,1562218104,1000,1000,1000,1000,0,0,0,0
1785437870.4926598,idle_post,0,1000,1000,0.0,0.0,1562240262,1000,1000,1000,1000,0,0,0,0
1785437870.5076375,idle_post,0,1000,1000,0.0,0.0,1562258740,1000,1000,1000,1000,0,0,0,0
1785437870.5286398,idle_post,0,1000,1000,0.0,0.0,1562275975,1000,1000,1000,1000,0,0,0,0
1785437870.55084,idle_post,0,1000,1000,0.0,0.0,1562301830,1000,1000,1000,1000,0,0,0,0
1785437870.571615,idle_post,0,1000,1000,0.0,0.0,1562321532,1000,1000,1000,1000,0,0,0,0
1785437870.591663,idle_post,0,1000,1000,0.0,0.0,1562341237,1000,1000,1000,1000,0,0,0,0
1785437870.6076071,idle_post,0,1000,1000,0.0,0.0,1562359704,1000,1000,1000,1000,0,0,0,0
1785437870.629734,idle_post,0,1000,1000,0.0,0.0,1562381872,1000,1000,1000,1000,0,0,0,0
1785437870.6476033,idle_post,0,1000,1000,0.0,0.0,1562399152,1000,1000,1000,1000,0,0,0,0
1785437870.6700447,idle_post,0,1000,1000,0.0,0.0,1562418810,1000,1000,1000,1000,0,0,0,0
1785437870.6926777,idle_post,0,1000,1000,0.0,0.0,1562439747,1000,1000,1000,1000,0,0,0,0
1785437870.7084854,idle_post,0,1000,1000,0.0,0.0,1562459449,1000,1000,1000,1000,0,0,0,0
1785437870.7296221,idle_post,0,1000,1000,0.0,0.0,1562481610,1000,1000,1000,1000,0,0,0,0
1785437870.7477124,idle_post,0,1000,1000,0.0,0.0,1562498856,1000,1000,1000,1000,0,0,0,0
1785437870.7707837,idle_post,0,1000,1000,0.0,0.0,1562519792,1000,1000,1000,1000,0,0,0,0
1785437870.7906954,idle_post,0,1000,1000,0.0,0.0,1562539491,1000,1000,1000,1000,0,0,0,0
1785437870.808599,idle_post,0,1000,1000,0.0,0.0,1562559192,1000,1000,1000,1000,0,0,0,0
1785437870.8298464,idle_post,0,1000,1000,0.0,0.0,1562581349,1000,1000,1000,1000,0,0,0,0
1785437870.847627,idle_post,0,1000,1000,0.0,0.0,1562599830,1000,1000,1000,1000,0,0,0,0
1785437870.8695729,idle_post,0,1000,1000,0.0,0.0,1562619526,1000,1000,1000,1000,0,0,0,0
1785437870.890714,idle_post,0,1000,1000,0.0,0.0,1562639230,1000,1000,1000,1000,0,0,0,0
1785437870.9085975,idle_post,0,1000,1000,0.0,0.0,1562658928,1000,1000,1000,1000,0,0,0,0
1785437870.927593,idle_post,0,1000,1000,0.0,0.0,1562676251,1000,1000,1000,1000,0,0,0,0
1785437870.94969,idle_post,0,1000,1000,0.0,0.0,1562699570,1000,1000,1000,1000,0,0,0,0
1785437870.9683115,idle_post,0,1000,1000,0.0,0.0,1562719268,1000,1000,1000,1000,0,0,0,0
1785437870.992704,idle_post,0,1000,1000,0.0,0.0,1562741433,1000,1000,1000,1000,0,0,0,0
1785437871.0086117,idle_post,0,1000,1000,0.0,0.0,1562759903,1000,1000,1000,1000,0,0,0,0
1785437871.0296822,idle_post,0,1000,1000,0.0,0.0,1562779611,1000,1000,1000,1000,0,0,0,0
1785437871.0485957,idle_post,0,1000,1000,0.0,0.0,1562799312,1000,1000,1000,1000,0,0,0,0
1785437871.0729373,idle_post,0,1000,1000,0.0,0.0,1562821508,1000,1000,1000,1000,0,0,0,0
1785437871.0907266,idle_post,0,1000,1000,0.0,0.0,1562838711,1000,1000,1000,1000,0,0,0,0
1785437871.108594,idle_post,0,1000,1000,0.0,0.0,1562859651,1000,1000,1000,1000,0,0,0,0
1785437871.1276538,idle_post,0,1000,1000,0.0,0.0,1562879348,1000,1000,1000,1000,0,0,0,0
1785437871.1496515,idle_post,0,1000,1000,0.0,0.0,1562901510,1000,1000,1000,1000,0,0,0,0
1785437871.1683843,idle_post,0,1000,1000,0.0,0.0,1562918779,1000,1000,1000,1000,0,0,0,0
1785437871.1916952,idle_post,0,1000,1000,0.0,0.0,1562939690,1000,1000,1000,1000,0,0,0,0
1785437871.2108297,idle_post,0,1000,1000,0.0,0.0,1562961851,1000,1000,1000,1000,0,0,0,0
1785437871.2286,idle_post,0,1000,1000,0.0,0.0,1562979096,1000,1000,1000,1000,0,0,0,0
1785437871.2508268,idle_post,0,1000,1000,0.0,0.0,1563001265,1000,1000,1000,1000,0,0,0,0
1785437871.2723558,idle_post,0,1000,1000,0.0,0.0,1563022190,1000,1000,1000,1000,0,0,0,0
1785437871.2907164,idle_post,0,1000,1000,0.0,0.0,1563039427,1000,1000,1000,1000,0,0,0,0
1785437871.3093143,idle_post,0,1000,1000,0.0,0.0,1563059131,1000,1000,1000,1000,0,0,0,0
1785437871.3296056,idle_post,0,1000,1000,0.0,0.0,1563081298,1000,1000,1000,1000,0,0,0,0
1785437871.3487794,idle_post,0,1000,1000,0.0,0.0,1563099770,1000,1000,1000,1000,0,0,0,0
1785437871.370792,idle_post,0,1000,1000,0.0,0.0,1563119482,1000,1000,1000,1000,0,0,0,0
1785437871.3912191,idle_post,0,1000,1000,0.0,0.0,1563139170,1000,1000,1000,1000,0,0,0,0
1785437871.4086156,idle_post,0,1000,1000,0.0,0.0,1563158871,1000,1000,1000,1000,0,0,0,0
1785437871.429612,idle_post,0,1000,1000,0.0,0.0,1563179815,1000,1000,1000,1000,0,0,0,0
1785437871.4476082,idle_post,0,1000,1000,0.0,0.0,1563199505,1000,1000,1000,1000,0,0,0,0
1785437871.4714465,idle_post,0,1000,1000,0.0,0.0,1563221670,1000,1000,1000,1000,0,0,0,0
1785437871.4927216,idle_post,0,1000,1000,0.0,0.0,1563241375,1000,1000,1000,1000,0,0,0,0
1785437871.5087373,idle_post,0,1000,1000,0.0,0.0,1563259852,1000,1000,1000,1000,0,0,0,0
1785437871.5298877,idle_post,0,1000,1000,0.0,0.0,1563282007,1000,1000,1000,1000,0,0,0,0
1785437871.547686,idle_post,0,1000,1000,0.0,0.0,1563298026,1000,1000,1000,1000,0,0,0,0
1785437871.5693352,idle_post,0,1000,1000,0.0,0.0,1563320178,1000,1000,1000,1000,0,0,0,0
1785437871.592721,idle_post,0,1000,1000,0.0,0.0,1563339880,1000,1000,1000,1000,0,0,0,0
1785437871.6076188,idle_post,0,1000,1000,0.0,0.0,1563358350,1000,1000,1000,1000,0,0,0,0
1785437871.6296134,idle_post,0,1000,1000,0.0,0.0,1563380516,1000,1000,1000,1000,0,0,0,0
1785437871.64772,idle_post,0,1000,1000,0.0,0.0,1563397761,1000,1000,1000,1000,0,0,0,0
1785437871.669742,idle_post,0,1000,1000,0.0,0.0,1563419921,1000,1000,1000,1000,0,0,0,0
1785437871.692803,idle_post,0,1000,1000,0.0,0.0,1563440856,1000,1000,1000,1000,0,0,0,0
1785437871.7076297,idle_post,0,1000,1000,0.0,0.0,1563458101,1000,1000,1000,1000,0,0,0,0
1785437871.72863,idle_post,0,1000,1000,0.0,0.0,1563480259,1000,1000,1000,1000,0,0,0,0
1785437871.7477212,idle_post,0,1000,1000,0.0,0.0,1563497498,1000,1000,1000,1000,0,0,0,0
1785437871.769429,idle_post,0,1000,1000,0.0,0.0,1563520896,1000,1000,1000,1000,0,0,0,0
1785437871.7927303,idle_post,0,1000,1000,0.0,0.0,1563540591,1000,1000,1000,1000,0,0,0,0
1785437871.8076742,idle_post,0,1000,1000,0.0,0.0,1563557840,1000,1000,1000,1000,0,0,0,0
1785437871.8306553,idle_post,0,1000,1000,0.0,0.0,1563582467,1000,1000,1000,1000,0,0,0,0
1785437871.848652,idle_post,0,1000,1000,0.0,0.0,1563599710,1000,1000,1000,1000,0,0,0,0
1785437871.8723433,idle_post,0,1000,1000,0.0,0.0,1563623103,1000,1000,1000,1000,0,0,0,0
1785437871.8917592,idle_post,0,1000,1000,0.0,0.0,1563640336,1000,1000,1000,1000,0,0,0,0
1785437871.9103425,idle_post,0,1000,1000,0.0,0.0,1563662506,1000,1000,1000,1000,0,0,0,0
1785437871.9276998,idle_post,0,1000,1000,0.0,0.0,1563679747,1000,1000,1000,1000,0,0,0,0
1785437871.9498024,idle_post,0,1000,1000,0.0,0.0,1563700675,1000,1000,1000,1000,0,0,0,0
1785437871.9683735,idle_post,0,1000,1000,0.0,0.0,1563717919,1000,1000,1000,1000,0,0,0,0
1785437871.9921603,idle_post,0,1000,1000,0.0,0.0,1563740081,1000,1000,1000,1000,0,0,0,0
1785437872.0096238,idle_post,0,1000,1000,0.0,0.0,1563759788,1000,1000,1000,1000,0,0,0,0
1785437872.0284753,idle_post,0,1000,1000,0.0,0.0,1563778258,1000,1000,1000,1000,0,0,0,0
1785437872.0506322,idle_post,0,1000,1000,0.0,0.0,1563800421,1000,1000,1000,1000,0,0,0,0
1785437872.0715208,idle_post,0,1000,1000,0.0,0.0,1563820124,1000,1000,1000,1000,0,0,0,0
1785437872.0927634,idle_post,0,1000,1000,0.0,0.0,1563839856,1000,1000,1000,1000,0,0,0,0
1785437872.1077218,idle_post,0,1000,1000,0.0,0.0,1563858294,1000,1000,1000,1000,0,0,0,0
1785437872.1287491,idle_post,0,1000,1000,0.0,0.0,1563880459,1000,1000,1000,1000,0,0,0,0
1785437872.1496441,idle_post,0,1000,1000,0.0,0.0,1563900159,1000,1000,1000,1000,0,0,0,0
1785437872.1695285,idle_post,0,1000,1000,0.0,0.0,1563919868,1000,1000,1000,1000,0,0,0,0
1785437872.1929345,idle_post,0,1000,1000,0.0,0.0,1563940794,1000,1000,1000,1000,0,0,0,0
1785437872.2077353,idle_post,0,1000,1000,0.0,0.0,1563958041,1000,1000,1000,1000,0,0,0,0
1785437872.2286549,idle_post,0,1000,1000,0.0,0.0,1563980203,1000,1000,1000,1000,0,0,0,0
1785437872.249635,idle_post,0,1000,1000,0.0,0.0,1563999912,1000,1000,1000,1000,0,0,0,0
1785437872.2691443,idle_post,0,1000,1000,0.0,0.0,1564018384,1000,1000,1000,1000,0,0,0,0
1785437872.2927463,idle_post,0,1000,1000,0.0,0.0,1564040539,1000,1000,1000,1000,0,0,0,0
1785437872.307755,idle_post,0,1000,1000,0.0,0.0,1564057776,1000,1000,1000,1000,0,0,0,0
1785437872.3296387,idle_post,0,1000,1000,0.0,0.0,1564079946,1000,1000,1000,1000,0,0,0,0
1785437872.3486352,idle_post,0,1000,1000,0.0,0.0,1564097197,1000,1000,1000,1000,0,0,0,0
1785437872.370796,idle_post,0,1000,1000,0.0,0.0,1564120595,1000,1000,1000,1000,0,0,0,0
1785437872.3917496,idle_post,0,1000,1000,0.0,0.0,1564140284,1000,1000,1000,1000,0,0,0,0
1785437872.407895,idle_post,0,1000,1000,0.0,0.0,1564159990,1000,1000,1000,1000,0,0,0,0
1785437872.4286358,idle_post,0,1000,1000,0.0,0.0,1564180914,1000,1000,1000,1000,0,0,0,0
1785437872.4496367,idle_post,0,1000,1000,0.0,0.0,1564200613,1000,1000,1000,1000,0,0,0,0
1785437872.4689608,idle_post,0,1000,1000,0.0,0.0,1564217861,1000,1000,1000,1000,0,0,0,0
1785437872.4927468,idle_post,0,1000,1000,0.0,0.0,1564240056,1000,1000,1000,1000,0,0,0,0
1785437872.5079026,idle_post,0,1000,1000,0.0,0.0,1564259725,1000,1000,1000,1000,0,0,0,0
1785437872.5286589,idle_post,0,1000,1000,0.0,0.0,1564280656,1000,1000,1000,1000,0,0,0,0
1785437872.550763,idle_post,0,1000,1000,0.0,0.0,1564301592,1000,1000,1000,1000,0,0,0,0
1785437872.5693598,idle_post,0,1000,1000,0.0,0.0,1564318832,1000,1000,1000,1000,0,0,0,0
1785437872.5930288,idle_post,0,1000,1000,0.0,0.0,1564341000,1000,1000,1000,1000,0,0,0,0
1785437872.6077738,idle_post,0,1000,1000,0.0,0.0,1564358231,1000,1000,1000,1000,0,0,0,0
1785437872.6294909,idle_post,0,1000,1000,0.0,0.0,1564381659,1000,1000,1000,1000,0,0,0,0
1785437872.6490674,idle_post,0,1000,1000,0.0,0.0,1564398868,1000,1000,1000,1000,0,0,0,0
1785437872.6711621,idle_post,0,1000,1000,0.0,0.0,1564421040,1000,1000,1000,1000,0,0,0,0
1785437872.6914039,idle_post,0,1000,1000,0.0,0.0,1564438271,1000,1000,1000,1000,0,0,0,0
1785437872.7087774,idle_post,0,1000,1000,0.0,0.0,1564459207,1000,1000,1000,1000,0,0,0,0
1785437872.728781,idle_post,0,1000,1000,0.0,0.0,1564481371,1000,1000,1000,1000,0,0,0,0
1785437872.747663,idle_post,0,1000,1000,0.0,0.0,1564498607,1000,1000,1000,1000,0,0,0,0
1785437872.7696304,idle_post,0,1000,1000,0.0,0.0,1564520774,1000,1000,1000,1000,0,0,0,0
1785437872.792811,idle_post,0,1000,1000,0.0,0.0,1564541710,1000,1000,1000,1000,0,0,0,0
1785437872.8087692,idle_post,0,1000,1000,0.0,0.0,1564558954,1000,1000,1000,1000,0,0,0,0
1785437872.8297713,idle_post,0,1000,1000,0.0,0.0,1564581147,1000,1000,1000,1000,0,0,0,0
1785437872.848786,idle_post,0,1000,1000,0.0,0.0,1564600816,1000,1000,1000,1000,0,0,0,0
1785437872.8686295,idle_post,0,1000,1000,0.0,0.0,1564619283,1000,1000,1000,1000,0,0,0,0
1785437872.8919246,idle_post,0,1000,1000,0.0,0.0,1564638986,1000,1000,1000,1000,0,0,0,0
1785437872.9096835,idle_post,0,1000,1000,0.0,0.0,1564661157,1000,1000,1000,1000,0,0,0,0
1785437872.927688,idle_post,0,1000,1000,0.0,0.0,1564678389,1000,1000,1000,1000,0,0,0,0
1785437872.9497414,idle_post,0,1000,1000,0.0,0.0,1564701787,1000,1000,1000,1000,0,0,0,0
1785437872.968394,idle_post,0,1000,1000,0.0,0.0,1564719021,1000,1000,1000,1000,0,0,0,0
1785437872.9918518,idle_post,0,1000,1000,0.0,0.0,1564738729,1000,1000,1000,1000,0,0,0,0
1785437873.0096672,idle_post,0,1000,1000,0.0,0.0,1564760895,1000,1000,1000,1000,0,0,0,0
1785437873.0287642,idle_post,0,1000,1000,0.0,0.0,1564779361,1000,1000,1000,1000,0,0,0,0
1785437873.047695,idle_post,0,1000,1000,0.0,0.0,1564799064,1000,1000,1000,1000,0,0,0,0
1785437873.071876,idle_post,0,1000,1000,0.0,0.0,1564818774,1000,1000,1000,1000,0,0,0,0
1785437873.090776,idle_post,0,1000,1000,0.0,0.0,1564838485,1000,1000,1000,1000,0,0,0,0
1785437873.1076589,idle_post,0,1000,1000,0.0,0.0,1564858189,1000,1000,1000,1000,0,0,0,0
1785437873.1296716,idle_post,0,1000,1000,0.0,0.0,1564881566,1000,1000,1000,1000,0,0,0,0
1785437873.1477737,idle_post,0,1000,1000,0.0,0.0,1564898806,1000,1000,1000,1000,0,0,0,0
1785437873.1709745,idle_post,0,1000,1000,0.0,0.0,1564920975,1000,1000,1000,1000,0,0,0,0
1785437873.191869,idle_post,0,1000,1000,0.0,0.0,1564938222,1000,1000,1000,1000,0,0,0,0
1785437873.2106419,idle_post,0,1000,1000,0.0,0.0,1564961608,1000,1000,1000,1000,0,0,0,0
1785437873.2287676,idle_post,0,1000,1000,0.0,0.0,1564978852,1000,1000,1000,1000,0,0,0,0
1785437873.2501302,idle_post,0,1000,1000,0.0,0.0,1565001015,1000,1000,1000,1000,0,0,0,0
1785437873.2686224,idle_post,0,1000,1000,0.0,0.0,1565018258,1000,1000,1000,1000,0,0,0,0
1785437873.2924984,idle_post,0,1000,1000,0.0,0.0,1565041653,1000,1000,1000,1000,0,0,0,0
1785437873.308647,idle_post,0,1000,1000,0.0,0.0,1565058883,1000,1000,1000,1000,0,0,0,0
1785437873.3297904,idle_post,0,1000,1000,0.0,0.0,1565081053,1000,1000,1000,1000,0,0,0,0
1785437873.3483384,idle_post,0,1000,1000,0.0,0.0,1565098304,1000,1000,1000,1000,0,0,0,0
1785437873.3694208,idle_post,0,1000,1000,0.0,0.0,1565119223,1000,1000,1000,1000,0,0,0,0
1785437873.3911238,idle_post,0,1000,1000,0.0,0.0,1565141394,1000,1000,1000,1000,0,0,0,0
1785437873.4076846,idle_post,0,1000,1000,0.0,0.0,1565158626,1000,1000,1000,1000,0,0,0,0
1785437873.4298506,idle_post,0,1000,1000,0.0,0.0,1565180791,1000,1000,1000,1000,0,0,0,0
1785437873.4476676,idle_post,0,1000,1000,0.0,0.0,1565199262,1000,1000,1000,1000,0,0,0,0
1785437873.4700518,idle_post,0,1000,1000,0.0,0.0,1565218971,1000,1000,1000,1000,0,0,0,0
1785437873.4930222,idle_post,0,1000,1000,0.0,0.0,1565241129,1000,1000,1000,1000,0,0,0,0
1785437873.5076873,idle_post,0,1000,1000,0.0,0.0,1565258373,1000,1000,1000,1000,0,0,0,0
1785437873.5286736,idle_post,0,1000,1000,0.0,0.0,1565279301,1000,1000,1000,1000,0,0,0,0
1785437873.54806,idle_post,0,1000,1000,0.0,0.0,1565299008,1000,1000,1000,1000,0,0,0,0
1785437873.5693853,idle_post,0,1000,1000,0.0,0.0,1565319938,1000,1000,1000,1000,0,0,0,0
1785437873.5929515,idle_post,0,1000,1000,0.0,0.0,1565342105,1000,1000,1000,1000,0,0,0,0
1785437873.607673,idle_post,0,1000,1000,0.0,0.0,1565359340,1000,1000,1000,1000,0,0,0,0
1785437873.6286933,idle_post,0,1000,1000,0.0,0.0,1565380282,1000,1000,1000,1000,0,0,0,0
1785437873.6498134,idle_post,0,1000,1000,0.0,0.0,1565399986,1000,1000,1000,1000,0,0,0,0
1785437873.6697347,idle_post,0,1000,1000,0.0,0.0,1565419680,1000,1000,1000,1000,0,0,0,0
1785437873.6935985,idle_post,0,1000,1000,0.0,0.0,1565441847,1000,1000,1000,1000,0,0,0,0
1785437873.7086997,idle_post,0,1000,1000,0.0,0.0,1565460321,1000,1000,1000,1000,0,0,0,0
1785437873.7277708,idle_post,0,1000,1000,0.0,0.0,1565477554,1000,1000,1000,1000,0,0,0,0
1785437873.7486954,idle_post,0,1000,1000,0.0,0.0,1565499715,1000,1000,1000,1000,0,0,0,0
1785437873.7709677,idle_post,0,1000,1000,0.0,0.0,1565521889,1000,1000,1000,1000,0,0,0,0
1785437873.790802,idle_post,0,1000,1000,0.0,0.0,1565536663,1000,1000,1000,1000,0,0,0,0
1785437873.809814,idle_post,0,1000,1000,0.0,0.0,1565560060,1000,1000,1000,1000,0,0,0,0
1785437873.8277824,idle_post,0,1000,1000,0.0,0.0,1565579756,1000,1000,1000,1000,0,0,0,0
1785437873.8488998,idle_post,0,1000,1000,0.0,0.0,1565599473,1000,1000,1000,1000,0,0,0,0
1785437873.872027,idle_post,0,1000,1000,0.0,0.0,1565619167,1000,1000,1000,1000,0,0,0,0
1785437873.891784,idle_post,0,1000,1000,0.0,0.0,1565640096,1000,1000,1000,1000,0,0,0,0
1785437873.9102726,idle_post,0,1000,1000,0.0,0.0,1565662264,1000,1000,1000,1000,0,0,0,0
1785437873.9277232,idle_post,0,1000,1000,0.0,0.0,1565679499,1000,1000,1000,1000,0,0,0,0
1785437873.9494982,idle_post,0,1000,1000,0.0,0.0,1565701672,1000,1000,1000,1000,0,0,0,0
1785437873.9686868,idle_post,0,1000,1000,0.0,0.0,1565720141,1000,1000,1000,1000,0,0,0,0
1785437873.992891,idle_post,0,1000,1000,0.0,0.0,1565739838,1000,1000,1000,1000,0,0,0,0
1785437874.0085843,idle_post,0,1000,1000,0.0,0.0,1565759537,1000,1000,1000,1000,0,0,0,0
1785437874.0300825,idle_post,0,1000,1000,0.0,0.0,1565781711,1000,1000,1000,1000,0,0,0,0
1785437874.0477169,idle_post,0,1000,1000,0.0,0.0,1565797724,1000,1000,1000,1000,0,0,0,0
1785437874.072156,idle_post,0,1000,1000,0.0,0.0,1565819880,1000,1000,1000,1000,0,0,0,0
1785437874.0907722,idle_post,0,1000,1000,0.0,0.0,1565839580,1000,1000,1000,1000,0,0,0,0
1785437874.1087098,idle_post,0,1000,1000,0.0,0.0,1565859283,1000,1000,1000,1000,0,0,0,0
1785437874.1297636,idle_post,0,1000,1000,0.0,0.0,1565880215,1000,1000,1000,1000,0,0,0,0
1785437874.1487057,idle_post,0,1000,1000,0.0,0.0,1565899915,1000,1000,1000,1000,0,0,0,0
1785437874.1712563,idle_post,0,1000,1000,0.0,0.0,1565922089,1000,1000,1000,1000,0,0,0,0
1785437874.1907985,idle_post,0,1000,1000,0.0,0.0,1565939322,1000,1000,1000,1000,0,0,0,0
1785437874.2086966,idle_post,0,1000,1000,0.0,0.0,1565960256,1000,1000,1000,1000,0,0,0,0
1785437874.2278087,idle_post,0,1000,1000,0.0,0.0,1565977501,1000,1000,1000,1000,0,0,0,0
1785437874.249708,idle_post,0,1000,1000,0.0,0.0,1565999656,1000,1000,1000,1000,0,0,0,0
1785437874.268699,idle_post,0,1000,1000,0.0,0.0,1566019355,1000,1000,1000,1000,0,0,0,0
1785437874.2927866,idle_post,0,1000,1000,0.0,0.0,1566040300,1000,1000,1000,1000,0,0,0,0
1785437874.3079102,idle_post,0,1000,1000,0.0,0.0,1566059998,1000,1000,1000,1000,0,0,0,0
1785437874.328703,idle_post,0,1000,1000,0.0,0.0,1566079696,1000,1000,1000,1000,0,0,0,0
1785437874.349742,idle_post,0,1000,1000,0.0,0.0,1566101864,1000,1000,1000,1000,0,0,0,0
1785437874.3684106,idle_post,0,1000,1000,0.0,0.0,1566117872,1000,1000,1000,1000,0,0,0,0
1785437874.3917806,idle_post,0,1000,1000,0.0,0.0,1566140044,1000,1000,1000,1000,0,0,0,0
1785437874.4077153,idle_post,0,1000,1000,0.0,0.0,1566159736,1000,1000,1000,1000,0,0,0,0
1785437874.4287128,idle_post,0,1000,1000,0.0,0.0,1566179437,1000,1000,1000,1000,0,0,0,0
1785437874.4477599,idle_post,0,1000,1000,0.0,0.0,1566196679,1000,1000,1000,1000,0,0,0,0
1785437874.471109,idle_post,0,1000,1000,0.0,0.0,1566220076,1000,1000,1000,1000,0,0,0,0
1785437874.4908392,idle_post,0,1000,1000,0.0,0.0,1566239778,1000,1000,1000,1000,0,0,0,0
1785437874.5087152,idle_post,0,1000,1000,0.0,0.0,1566259473,1000,1000,1000,1000,0,0,0,0
1785437874.530728,idle_post,0,1000,1000,0.0,0.0,1566279189,1000,1000,1000,1000,0,0,0,0
1785437874.548745,idle_post,0,1000,1000,0.0,0.0,1566300119,1000,1000,1000,1000,0,0,0,0
1785437874.571205,idle_post,0,1000,1000,0.0,0.0,1566321053,1000,1000,1000,1000,0,0,0,0
1785437874.590786,idle_post,0,1000,1000,0.0,0.0,1566338295,1000,1000,1000,1000,0,0,0,0
1785437874.609431,idle_post,0,1000,1000,0.0,0.0,1566360450,1000,1000,1000,1000,0,0,0,0
1785437874.6297107,idle_post,0,1000,1000,0.0,0.0,1566381394,1000,1000,1000,1000,0,0,0,0
1785437874.6489637,idle_post,0,1000,1000,0.0,0.0,1566401105,1000,1000,1000,1000,0,0,0,0
1785437874.6723957,idle_post,0,1000,1000,0.0,0.0,1566420793,1000,1000,1000,1000,0,0,0,0
1785437874.691392,idle_post,0,1000,1000,0.0,0.0,1566438032,1000,1000,1000,1000,0,0,0,0
1785437874.7087183,idle_post,0,1000,1000,0.0,0.0,1566460196,1000,1000,1000,1000,0,0,0,0
1785437874.729743,idle_post,0,1000,1000,0.0,0.0,1566481126,1000,1000,1000,1000,0,0,0,0
1785437874.7477114,idle_post,0,1000,1000,0.0,0.0,1566498365,1000,1000,1000,1000,0,0,0,0
1785437874.7694623,idle_post,0,1000,1000,0.0,0.0,1566520531,1000,1000,1000,1000,0,0,0,0
1785437874.7928145,idle_post,0,1000,1000,0.0,0.0,1566540231,1000,1000,1000,1000,0,0,0,0
1785437874.808971,idle_post,0,1000,1000,0.0,0.0,1566558712,1000,1000,1000,1000,0,0,0,0
1785437874.829779,idle_post,0,1000,1000,0.0,0.0,1566580875,1000,1000,1000,1000,0,0,0,0
1785437874.8477974,idle_post,0,1000,1000,0.0,0.0,1566598115,1000,1000,1000,1000,0,0,0,0
1785437874.8697329,idle_post,0,1000,1000,0.0,0.0,1566620270,1000,1000,1000,1000,0,0,0,0
1785437874.892851,idle_post,0,1000,1000,0.0,0.0,1566641211,1000,1000,1000,1000,0,0,0,0
1785437874.9077694,idle_post,0,1000,1000,0.0,0.0,1566658440,1000,1000,1000,1000,0,0,0,0
1785437874.9299452,idle_post,0,1000,1000,0.0,0.0,1566680612,1000,1000,1000,1000,0,0,0,0
1785437874.9478564,idle_post,0,1000,1000,0.0,0.0,1566697854,1000,1000,1000,1000,0,0,0,0
1785437874.9709537,idle_post,0,1000,1000,0.0,0.0,1566721247,1000,1000,1000,1000,0,0,0,0
1785437874.9918487,idle_post,0,1000,1000,0.0,0.0,1566738488,1000,1000,1000,1000,0,0,0,0
1785437875.0097413,idle_post,0,1000,1000,0.0,0.0,1566760648,1000,1000,1000,1000,0,0,0,0
1785437875.0287516,idle_post,0,1000,1000,0.0,0.0,1566780352,1000,1000,1000,1000,0,0,0,0
1785437875.0478582,idle_post,0,1000,1000,0.0,0.0,1566798861,1000,1000,1000,1000,0,0,0,0
1785437875.0722337,idle_post,0,1000,1000,0.0,0.0,1566820996,1000,1000,1000,1000,0,0,0,0
1785437875.0908103,idle_post,0,1000,1000,0.0,0.0,1566838232,1000,1000,1000,1000,0,0,0,0
1785437875.1097388,idle_post,0,1000,1000,0.0,0.0,1566860388,1000,1000,1000,1000,0,0,0,0
1785437875.1288087,idle_post,0,1000,1000,0.0,0.0,1566878861,1000,1000,1000,1000,0,0,0,0
1785437875.1477244,idle_post,0,1000,1000,0.0,0.0,1566898563,1000,1000,1000,1000,0,0,0,0
1785437875.1699364,idle_post,0,1000,1000,0.0,0.0,1566920726,1000,1000,1000,1000,0,0,0,0
1785437875.1941638,idle_post,0,1000,1000,0.0,0.0,1566942905,1000,1000,1000,1000,0,0,0,0
1785437875.2087338,idle_post,0,1000,1000,0.0,0.0,1566957714,1000,1000,1000,1000,0,0,0,0
1785437875.2301989,idle_post,0,1000,1000,0.0,0.0,1566981067,1000,1000,1000,1000,0,0,0,0
1785437875.247729,idle_post,0,1000,1000,0.0,0.0,1566998309,1000,1000,1000,1000,0,0,0,0
1785437875.2724915,idle_post,0,1000,1000,0.0,0.0,1567020470,1000,1000,1000,1000,0,0,0,0
1785437875.29211,idle_post,0,1000,1000,0.0,0.0,1567041413,1000,1000,1000,1000,0,0,0,0
1785437875.3092442,idle_post,0,1000,1000,0.0,0.0,1567061143,1000,1000,1000,1000,0,0,0,0
1785437875.3297608,idle_post,0,1000,1000,0.0,0.0,1567080818,1000,1000,1000,1000,0,0,0,0
1785437875.348723,idle_post,0,1000,1000,0.0,0.0,1567100515,1000,1000,1000,1000,0,0,0,0
1785437875.3696573,idle_post,0,1000,1000,0.0,0.0,1567120215,1000,1000,1000,1000,0,0,0,0
1785437875.3918307,idle_post,0,1000,1000,0.0,0.0,1567138685,1000,1000,1000,1000,0,0,0,0
1785437875.4098282,idle_post,0,1000,1000,0.0,0.0,1567160847,1000,1000,1000,1000,0,0,0,0
1785437875.4277973,idle_post,0,1000,1000,0.0,0.0,1567178088,1000,1000,1000,1000,0,0,0,0
1785437875.449752,idle_post,0,1000,1000,0.0,0.0,1567200249,1000,1000,1000,1000,0,0,0,0
1785437875.469695,idle_post,0,1000,1000,0.0,0.0,1567218724,1000,1000,1000,1000,0,0,0,0
1785437875.4931395,idle_post,0,1000,1000,0.0,0.0,1567240884,1000,1000,1000,1000,0,0,0,0
1785437875.5087352,idle_post,0,1000,1000,0.0,0.0,1567260584,1000,1000,1000,1000,0,0,0,0
1785437875.5277698,idle_post,0,1000,1000,0.0,0.0,1567277829,1000,1000,1000,1000,0,0,0,0
1785437875.5487382,idle_post,0,1000,1000,0.0,0.0,1567298761,1000,1000,1000,1000,0,0,0,0
1785437875.5709107,idle_post,0,1000,1000,0.0,0.0,1567320923,1000,1000,1000,1000,0,0,0,0
1785437875.5908227,idle_post,0,1000,1000,0.0,0.0,1567339396,1000,1000,1000,1000,0,0,0,0
1785437875.6097527,idle_post,0,1000,1000,0.0,0.0,1567361560,1000,1000,1000,1000,0,0,0,0
1785437875.6279671,idle_post,0,1000,1000,0.0,0.0,1567378801,1000,1000,1000,1000,0,0,0,0
1785437875.648838,idle_post,0,1000,1000,0.0,0.0,1567399735,1000,1000,1000,1000,0,0,0,0
1785437875.6713564,idle_post,0,1000,1000,0.0,0.0,1567421898,1000,1000,1000,1000,0,0,0,0
1785437875.690839,idle_post,0,1000,1000,0.0,0.0,1567439136,1000,1000,1000,1000,0,0,0,0
1785437875.708748,idle_post,0,1000,1000,0.0,0.0,1567458839,1000,1000,1000,1000,0,0,0,0
1785437875.7278016,idle_post,0,1000,1000,0.0,0.0,1567479777,1000,1000,1000,1000,0,0,0,0
1785437875.748752,idle_post,0,1000,1000,0.0,0.0,1567499475,1000,1000,1000,1000,0,0,0,0
1785437875.7709239,idle_post,0,1000,1000,0.0,0.0,1567521643,1000,1000,1000,1000,0,0,0,0
1785437875.7909756,idle_post,0,1000,1000,0.0,0.0,1567538879,1000,1000,1000,1000,0,0,0,0
1785437875.8097858,idle_post,0,1000,1000,0.0,0.0,1567559815,1000,1000,1000,1000,0,0,0,0
1785437875.827773,idle_post,0,1000,1000,0.0,0.0,1567579511,1000,1000,1000,1000,0,0,0,0
1785437875.8487644,idle_post,0,1000,1000,0.0,0.0,1567599216,1000,1000,1000,1000,0,0,0,0
1785437875.8718493,idle_post,0,1000,1000,0.0,0.0,1567621383,1000,1000,1000,1000,0,0,0,0
1785437875.890832,idle_post,0,1000,1000,0.0,0.0,1567639858,1000,1000,1000,1000,0,0,0,0
1785437875.9099717,idle_post,0,1000,1000,0.0,0.0,1567662051,1000,1000,1000,1000,0,0,0,0
1785437875.9282157,idle_post,0,1000,1000,0.0,0.0,1567679256,1000,1000,1000,1000,0,0,0,0
1785437875.9505706,idle_post,0,1000,1000,0.0,0.0,1567701428,1000,1000,1000,1000,0,0,0,0
1785437875.9699628,idle_post,0,1000,1000,0.0,0.0,1567718659,1000,1000,1000,1000,0,0,0,0
1785437875.9929469,idle_post,0,1000,1000,0.0,0.0,1567739594,1000,1000,1000,1000,0,0,0,0
1785437876.0084078,idle_post,0,1000,1000,0.0,0.0,1567759295,1000,1000,1000,1000,0,0,0,0
1785437876.0287824,idle_post,0,1000,1000,0.0,0.0,1567779034,1000,1000,1000,1000,0,0,0,0
1785437876.0498064,idle_post,0,1000,1000,0.0,0.0,1567801163,1000,1000,1000,1000,0,0,0,0
1785437876.0708306,idle_post,0,1000,1000,0.0,0.0,1567819636,1000,1000,1000,1000,0,0,0,0
1785437876.0918512,idle_post,0,1000,1000,0.0,0.0,1567839347,1000,1000,1000,1000,0,0,0,0
1785437876.1097872,idle_post,0,1000,1000,0.0,0.0,1567861502,1000,1000,1000,1000,0,0,0,0
1785437876.1287563,idle_post,0,1000,1000,0.0,0.0,1567878744,1000,1000,1000,1000,0,0,0,0
1785437876.1497903,idle_post,0,1000,1000,0.0,0.0,1567899674,1000,1000,1000,1000,0,0,0,0
1785437876.168508,idle_post,0,1000,1000,0.0,0.0,1567919371,1000,1000,1000,1000,0,0,0,0
1785437876.1918743,idle_post,0,1000,1000,0.0,0.0,1567939076,1000,1000,1000,1000,0,0,0,0
1785437876.2097719,idle_post,0,1000,1000,0.0,0.0,1567961240,1000,1000,1000,1000,0,0,0,0
1785437876.2278068,idle_post,0,1000,1000,0.0,0.0,1567979715,1000,1000,1000,1000,0,0,0,0
1785437876.249765,idle_post,0,1000,1000,0.0,0.0,1568001880,1000,1000,1000,1000,0,0,0,0
1785437876.2686932,idle_post,0,1000,1000,0.0,0.0,1568019114,1000,1000,1000,1000,0,0,0,0
1785437876.2903004,idle_post,0,1000,1000,0.0,0.0,1568041280,1000,1000,1000,1000,0,0,0,0
1785437876.3088102,idle_post,0,1000,1000,0.0,0.0,1568059750,1000,1000,1000,1000,0,0,0,0
1785437876.3298001,idle_post,0,1000,1000,0.0,0.0,1568079453,1000,1000,1000,1000,0,0,0,0
1785437876.3487625,idle_post,0,1000,1000,0.0,0.0,1568099156,1000,1000,1000,1000,0,0,0,0
1785437876.3687053,idle_post,0,1000,1000,0.0,0.0,1568118856,1000,1000,1000,1000,0,0,0,0
1785437876.3919168,idle_post,0,1000,1000,0.0,0.0,1568139793,1000,1000,1000,1000,0,0,0,0
1785437876.407771,idle_post,0,1000,1000,0.0,0.0,1568159493,1000,1000,1000,1000,0,0,0,0
1785437876.4288049,idle_post,0,1000,1000,0.0,0.0,1568179199,1000,1000,1000,1000,0,0,0,0
1785437876.4498405,idle_post,0,1000,1000,0.0,0.0,1568201359,1000,1000,1000,1000,0,0,0,0
1785437876.4687622,idle_post,0,1000,1000,0.0,0.0,1568219867,1000,1000,1000,1000,0,0,0,0
1785437876.4949682,idle_post,0,1000,1000,0.0,0.0,1568241999,1000,1000,1000,1000,0,0,0,0
1785437876.5108335,idle_post,0,1000,1000,0.0,0.0,1568261707,1000,1000,1000,1000,0,0,0,0
1785437876.528809,idle_post,0,1000,1000,0.0,0.0,1568278955,1000,1000,1000,1000,0,0,0,0
1785437876.5506127,idle_post,0,1000,1000,0.0,0.0,1568302337,1000,1000,1000,1000,0,0,0,0
1785437876.5723164,idle_post,0,1000,1000,0.0,0.0,1568322038,1000,1000,1000,1000,0,0,0,0
1785437876.590853,idle_post,0,1000,1000,0.0,0.0,1568338041,1000,1000,1000,1000,0,0,0,0
1785437876.609719,idle_post,0,1000,1000,0.0,0.0,1568360236,1000,1000,1000,1000,0,0,0,0
1785437876.6293151,idle_post,0,1000,1000,0.0,0.0,1568379941,1000,1000,1000,1000,0,0,0,0
1785437876.6498551,idle_post,0,1000,1000,0.0,0.0,1568400848,1000,1000,1000,1000,0,0,0,0
1785437876.6694086,idle_post,0,1000,1000,0.0,0.0,1568418085,1000,1000,1000,1000,0,0,0,0
1785437876.6919084,idle_post,0,1000,1000,0.0,0.0,1568440289,1000,1000,1000,1000,0,0,0,0
1785437876.708907,idle_post,0,1000,1000,0.0,0.0,1568459954,1000,1000,1000,1000,0,0,0,0
1785437876.7277744,idle_post,0,1000,1000,0.0,0.0,1568477192,1000,1000,1000,1000,0,0,0,0
1785437876.7487774,idle_post,0,1000,1000,0.0,0.0,1568500602,1000,1000,1000,1000,0,0,0,0
1785437876.7709355,idle_post,0,1000,1000,0.0,0.0,1568520289,1000,1000,1000,1000,0,0,0,0
1785437876.7918594,idle_post,0,1000,1000,0.0,0.0,1568539991,1000,1000,1000,1000,0,0,0,0
1785437876.8097904,idle_post,0,1000,1000,0.0,0.0,1568559693,1000,1000,1000,1000,0,0,0,0
1785437876.8278146,idle_post,0,1000,1000,0.0,0.0,1568578169,1000,1000,1000,1000,0,0,0,0
1785437876.8487794,idle_post,0,1000,1000,0.0,0.0,1568600331,1000,1000,1000,1000,0,0,0,0
1785437876.8693845,idle_post,0,1000,1000,0.0,0.0,1568620027,1000,1000,1000,1000,0,0,0,0
1785437876.892142,idle_post,0,1000,1000,0.0,0.0,1568639728,1000,1000,1000,1000,0,0,0,0
1785437876.9098158,idle_post,0,1000,1000,0.0,0.0,1568660672,1000,1000,1000,1000,0,0,0,0
1785437876.9279516,idle_post,0,1000,1000,0.0,0.0,1568677908,1000,1000,1000,1000,0,0,0,0
1785437876.9498055,idle_post,0,1000,1000,0.0,0.0,1568700067,1000,1000,1000,1000,0,0,0,0
1785437876.9696474,idle_post,0,1000,1000,0.0,0.0,1568719766,1000,1000,1000,1000,0,0,0,0
1785437876.992952,idle_post,0,1000,1000,0.0,0.0,1568740706,1000,1000,1000,1000,0,0,0,0
1785437877.0078273,idle_post,0,1000,1000,0.0,0.0,1568757942,1000,1000,1000,1000,0,0,0,0
1785437877.0288143,idle_post,0,1000,1000,0.0,0.0,1568780107,1000,1000,1000,1000,0,0,0,0
1785437877.0478344,idle_post,0,1000,1000,0.0,0.0,1568799811,1000,1000,1000,1000,0,0,0,0
1785437877.0719435,idle_post,0,1000,1000,0.0,0.0,1568820745,1000,1000,1000,1000,0,0,0,0
1785437877.093152,idle_post,0,1000,1000,0.0,0.0,1568840446,1000,1000,1000,1000,0,0,0,0
1785437877.1087577,idle_post,0,1000,1000,0.0,0.0,1568857692,1000,1000,1000,1000,0,0,0,0
1785437877.1298153,idle_post,0,1000,1000,0.0,0.0,1568879863,1000,1000,1000,1000,0,0,0,0
1785437877.1478126,idle_post,0,1000,1000,0.0,0.0,1568898319,1000,1000,1000,1000,0,0,0,0
1785437877.1697037,idle_post,0,1000,1000,0.0,0.0,1568920483,1000,1000,1000,1000,0,0,0,0
1785437877.1938505,idle_post,0,1000,1000,0.0,0.0,1568942653,1000,1000,1000,1000,0,0,0,0
1785437877.2094574,idle_post,0,1000,1000,0.0,0.0,1568962359,1000,1000,1000,1000,0,0,0,0
1785437877.227793,idle_post,0,1000,1000,0.0,0.0,1568978359,1000,1000,1000,1000,0,0,0,0
1785437877.2497141,idle_post,0,1000,1000,0.0,0.0,1569000521,1000,1000,1000,1000,0,0,0,0
1785437877.2687335,idle_post,0,1000,1000,0.0,0.0,1569017770,1000,1000,1000,1000,0,0,0,0
1785437877.2929142,idle_post,0,1000,1000,0.0,0.0,1569042397,1000,1000,1000,1000,0,0,0,0
1785437877.3086824,idle_post,0,1000,1000,0.0,0.0,1569058400,1000,1000,1000,1000,0,0,0,0
1785437877.3298097,idle_post,0,1000,1000,0.0,0.0,1569080567,1000,1000,1000,1000,0,0,0,0
1785437877.3481631,idle_post,0,1000,1000,0.0,0.0,1569097830,1000,1000,1000,1000,0,0,0,0
1785437877.3695302,idle_post,0,1000,1000,0.0,0.0,1569119975,1000,1000,1000,1000,0,0,0,0
1785437877.392929,idle_post,0,1000,1000,0.0,0.0,1569140902,1000,1000,1000,1000,0,0,0,0
1785437877.4078658,idle_post,0,1000,1000,0.0,0.0,1569158146,1000,1000,1000,1000,0,0,0,0
1785437877.429837,idle_post,0,1000,1000,0.0,0.0,1569180305,1000,1000,1000,1000,0,0,0,0
1785437877.44883,idle_post,0,1000,1000,0.0,0.0,1569200008,1000,1000,1000,1000,0,0,0,0
1785437877.471,idle_post,0,1000,1000,0.0,0.0,1569219713,1000,1000,1000,1000,0,0,0,0
1785437877.490981,idle_post,0,1000,1000,0.0,0.0,1569238182,1000,1000,1000,1000,0,0,0,0
1785437877.5088007,idle_post,0,1000,1000,0.0,0.0,1569260344,1000,1000,1000,1000,0,0,0,0
1785437877.5298107,idle_post,0,1000,1000,0.0,0.0,1569280050,1000,1000,1000,1000,0,0,0,0
1785437877.5479124,idle_post,0,1000,1000,0.0,0.0,1569299749,1000,1000,1000,1000,0,0,0,0
1785437877.5709922,idle_post,0,1000,1000,0.0,0.0,1569320682,1000,1000,1000,1000,0,0,0,0
1785437877.591041,idle_post,0,1000,1000,0.0,0.0,1569337925,1000,1000,1000,1000,0,0,0,0
1785437877.6088028,idle_post,0,1000,1000,0.0,0.0,1569358865,1000,1000,1000,1000,0,0,0,0
1785437877.6298032,idle_post,0,1000,1000,0.0,0.0,1569381020,1000,1000,1000,1000,0,0,0,0
1785437877.6488492,idle_post,0,1000,1000,0.0,0.0,1569400726,1000,1000,1000,1000,0,0,0,0
1785437877.6714084,idle_post,0,1000,1000,0.0,0.0,1569421655,1000,1000,1000,1000,0,0,0,0
1785437877.6911,idle_post,0,1000,1000,0.0,0.0,1569438891,1000,1000,1000,1000,0,0,0,0
1785437877.7089076,idle_post,0,1000,1000,0.0,0.0,1569458634,1000,1000,1000,1000,0,0,0,0
1785437877.7279248,idle_post,0,1000,1000,0.0,0.0,1569478302,1000,1000,1000,1000,0,0,0,0
1785437877.7488506,idle_post,0,1000,1000,0.0,0.0,1569499275,1000,1000,1000,1000,0,0,0,0
1785437877.7709868,idle_post,0,1000,1000,0.0,0.0,1569521399,1000,1000,1000,1000,0,0,0,0
1785437877.7910335,idle_post,0,1000,1000,0.0,0.0,1569538638,1000,1000,1000,1000,0,0,0,0
1785437877.8088126,idle_post,0,1000,1000,0.0,0.0,1569560803,1000,1000,1000,1000,0,0,0,0
1785437877.831038,idle_post,0,1000,1000,0.0,0.0,1569581755,1000,1000,1000,1000,0,0,0,0
1785437877.848875,idle_post,0,1000,1000,0.0,0.0,1569598978,1000,1000,1000,1000,0,0,0,0
1785437877.871695,idle_post,0,1000,1000,0.0,0.0,1569621138,1000,1000,1000,1000,0,0,0,0
1785437877.8910098,idle_post,0,1000,1000,0.0,0.0,1569638390,1000,1000,1000,1000,0,0,0,0
1785437877.9096582,idle_post,0,1000,1000,0.0,0.0,1569659310,1000,1000,1000,1000,0,0,0,0
1785437877.9285896,idle_post,0,1000,1000,0.0,0.0,1569679017,1000,1000,1000,1000,0,0,0,0
1785437877.9498165,idle_post,0,1000,1000,0.0,0.0,1569701183,1000,1000,1000,1000,0,0,0,0
1785437877.9694612,idle_post,0,1000,1000,0.0,0.0,1569718416,1000,1000,1000,1000,0,0,0,0
1785437877.9929483,idle_post,0,1000,1000,0.0,0.0,1569741811,1000,1000,1000,1000,0,0,0,0
1785437878.008277,idle_post,0,1000,1000,0.0,0.0,1569759052,1000,1000,1000,1000,0,0,0,0
1785437878.0292127,idle_post,0,1000,1000,0.0,0.0,1569778758,1000,1000,1000,1000,0,0,0,0
1785437878.0498552,idle_post,0,1000,1000,0.0,0.0,1569800916,1000,1000,1000,1000,0,0,0,0
1785437878.0707207,idle_post,0,1000,1000,0.0,0.0,1569818160,1000,1000,1000,1000,0,0,0,0
1785437878.0911934,idle_post,0,1000,1000,0.0,0.0,1569841563,1000,1000,1000,1000,0,0,0,0
1785437878.108956,idle_post,0,1000,1000,0.0,0.0,1569858796,1000,1000,1000,1000,0,0,0,0
1785437878.1298575,idle_post,0,1000,1000,0.0,0.0,1569880962,1000,1000,1000,1000,0,0,0,0
1785437878.1489427,idle_post,0,1000,1000,0.0,0.0,1569900657,1000,1000,1000,1000,0,0,0,0
1785437878.1691375,idle_post,0,1000,1000,0.0,0.0,1569919127,1000,1000,1000,1000,0,0,0,0
1785437878.1920185,idle_post,0,1000,1000,0.0,0.0,1569938834,1000,1000,1000,1000,0,0,0,0
1785437878.207844,idle_post,0,1000,1000,0.0,0.0,1569958536,1000,1000,1000,1000,0,0,0,0
1785437878.2278373,idle_post,0,1000,1000,0.0,0.0,1569978285,1000,1000,1000,1000,0,0,0,0
1785437878.2498503,idle_post,0,1000,1000,0.0,0.0,1570001641,1000,1000,1000,1000,0,0,0,0
1785437878.2691996,idle_post,0,1000,1000,0.0,0.0,1570018871,1000,1000,1000,1000,0,0,0,0
1785437878.2922697,idle_post,0,1000,1000,0.0,0.0,1570041040,1000,1000,1000,1000,0,0,0,0
1785437878.3098905,idle_post,0,1000,1000,0.0,0.0,1570060739,1000,1000,1000,1000,0,0,0,0
1785437878.3278875,idle_post,0,1000,1000,0.0,0.0,1570079210,1000,1000,1000,1000,0,0,0,0
1785437878.3490105,idle_post,0,1000,1000,0.0,0.0,1570098914,1000,1000,1000,1000,0,0,0,0
1785437878.3685381,idle_post,0,1000,1000,0.0,0.0,1570118620,1000,1000,1000,1000,0,0,0,0
1785437878.3920221,idle_post,0,1000,1000,0.0,0.0,1570140775,1000,1000,1000,1000,0,0,0,0
1785437878.4098432,idle_post,0,1000,1000,0.0,0.0,1570161714,1000,1000,1000,1000,0,0,0,0
1785437878.4278743,idle_post,0,1000,1000,0.0,0.0,1570178960,1000,1000,1000,1000,0,0,0,0
1785437878.4498475,idle_post,0,1000,1000,0.0,0.0,1570201118,1000,1000,1000,1000,0,0,0,0
1785437878.468832,idle_post,0,1000,1000,0.0,0.0,1570218359,1000,1000,1000,1000,0,0,0,0
1785437878.492011,idle_post,0,1000,1000,0.0,0.0,1570239292,1000,1000,1000,1000,0,0,0,0
1785437878.5107007,idle_post,0,1000,1000,0.0,0.0,1570261455,1000,1000,1000,1000,0,0,0,0
1785437878.5303023,idle_post,0,1000,1000,0.0,0.0,1570281159,1000,1000,1000,1000,0,0,0,0
1785437878.5478375,idle_post,0,1000,1000,0.0,0.0,1570298394,1000,1000,1000,1000,0,0,0,0
1785437878.5717602,idle_post,0,1000,1000,0.0,0.0,1570321798,1000,1000,1000,1000,0,0,0,0
1785437878.5909436,idle_post,0,1000,1000,0.0,0.0,1570339028,1000,1000,1000,1000,0,0,0,0
1785437878.6091921,idle_post,0,1000,1000,0.0,0.0,1570359973,1000,1000,1000,1000,0,0,0,0
1785437878.6301038,idle_post,0,1000,1000,0.0,0.0,1570379665,1000,1000,1000,1000,0,0,0,0
1785437878.6485493,idle_post,0,1000,1000,0.0,0.0,1570399366,1000,1000,1000,1000,0,0,0,0
1785437878.6698973,idle_post,0,1000,1000,0.0,0.0,1570420304,1000,1000,1000,1000,0,0,0,0
1785437878.6911147,idle_post,0,1000,1000,0.0,0.0,1570440013,1000,1000,1000,1000,0,0,0,0
1785437878.7078555,idle_post,0,1000,1000,0.0,0.0,1570459705,1000,1000,1000,1000,0,0,0,0
1785437878.728853,idle_post,0,1000,1000,0.0,0.0,1570479406,1000,1000,1000,1000,0,0,0,0
1785437878.7499359,idle_post,0,1000,1000,0.0,0.0,1570499118,1000,1000,1000,1000,0,0,0,0
1785437878.7695441,idle_post,0,1000,1000,0.0,0.0,1570520044,1000,1000,1000,1000,0,0,0,0
1785437878.7930374,idle_post,0,1000,1000,0.0,0.0,1570542215,1000,1000,1000,1000,0,0,0,0
1785437878.8078408,idle_post,0,1000,1000,0.0,0.0,1570559445,1000,1000,1000,1000,0,0,0,0
1785437878.8288689,idle_post,0,1000,1000,0.0,0.0,1570579151,1000,1000,1000,1000,0,0,0,0
1785437878.849963,idle_post,0,1000,1000,0.0,0.0,1570600085,1000,1000,1000,1000,0,0,0,0
1785437878.8688416,idle_post,0,1000,1000,0.0,0.0,1570619787,1000,1000,1000,1000,0,0,0,0
1785437878.8930848,idle_post,0,1000,1000,0.0,0.0,1570641950,1000,1000,1000,1000,0,0,0,0
1785437878.9086587,idle_post,0,1000,1000,0.0,0.0,1570659187,1000,1000,1000,1000,0,0,0,0
1785437878.9288464,idle_post,0,1000,1000,0.0,0.0,1570680123,1000,1000,1000,1000,0,0,0,0
1785437878.9499578,idle_post,0,1000,1000,0.0,0.0,1570699829,1000,1000,1000,1000,0,0,0,0
1785437878.9695635,idle_post,0,1000,1000,0.0,0.0,1570719581,1000,1000,1000,1000,0,0,0,0
1785437878.9930975,idle_post,0,1000,1000,0.0,0.0,1570741689,1000,1000,1000,1000,0,0,0,0
1785437879.00785,idle_post,0,1000,1000,0.0,0.0,1570757701,1000,1000,1000,1000,0,0,0,0
1785437879.029147,idle_post,0,1000,1000,0.0,0.0,1570779901,1000,1000,1000,1000,0,0,0,0
1785437879.0501108,idle_post,0,1000,1000,0.0,0.0,1570802028,1000,1000,1000,1000,0,0,0,0
1785437879.071482,idle_post,0,1000,1000,0.0,0.0,1570819270,1000,1000,1000,1000,0,0,0,0
1785437879.0930922,idle_post,0,1000,1000,0.0,0.0,1570840199,1000,1000,1000,1000,0,0,0,0
1785437879.1083891,idle_post,0,1000,1000,0.0,0.0,1570859903,1000,1000,1000,1000,0,0,0,0
1785437879.1288905,idle_post,0,1000,1000,0.0,0.0,1570879601,1000,1000,1000,1000,0,0,0,0
1785437879.151011,idle_post,0,1000,1000,0.0,0.0,1570901770,1000,1000,1000,1000,0,0,0,0
1785437879.1696103,idle_post,0,1000,1000,0.0,0.0,1570920283,1000,1000,1000,1000,0,0,0,0
1785437879.1934822,idle_post,0,1000,1000,0.0,0.0,1570942416,1000,1000,1000,1000,0,0,0,0
1785437879.2079098,idle_post,0,1000,1000,0.0,0.0,1570959639,1000,1000,1000,1000,0,0,0,0
1785437879.229764,idle_post,0,1000,1000,0.0,0.0,1570979352,1000,1000,1000,1000,0,0,0,0
1785437879.2478588,idle_post,0,1000,1000,0.0,0.0,1570996613,1000,1000,1000,1000,0,0,0,0
1785437879.2701714,idle_post,0,1000,1000,0.0,0.0,1571019981,1000,1000,1000,1000,0,0,0,0
1785437879.2920299,idle_post,0,1000,1000,0.0,0.0,1571039685,1000,1000,1000,1000,0,0,0,0
1785437879.309865,idle_post,0,1000,1000,0.0,0.0,1571059397,1000,1000,1000,1000,0,0,0,0
1785437879.328066,idle_post,0,1000,1000,0.0,0.0,1571076621,1000,1000,1000,1000,0,0,0,0
1785437879.3498607,idle_post,0,1000,1000,0.0,0.0,1571100022,1000,1000,1000,1000,0,0,0,0
1785437879.3687332,idle_post,0,1000,1000,0.0,0.0,1571119726,1000,1000,1000,1000,0,0,0,0
1785437879.391955,idle_post,0,1000,1000,0.0,0.0,1571139429,1000,1000,1000,1000,0,0,0,0
1785437879.409881,idle_post,0,1000,1000,0.0,0.0,1571159138,1000,1000,1000,1000,0,0,0,0
1785437879.4288785,idle_post,0,1000,1000,0.0,0.0,1571180060,1000,1000,1000,1000,0,0,0,0
1785437879.449879,idle_post,0,1000,1000,0.0,0.0,1571199761,1000,1000,1000,1000,0,0,0,0
1785437879.4688387,idle_post,0,1000,1000,0.0,0.0,1571219504,1000,1000,1000,1000,0,0,0,0
1785437879.4919531,idle_post,0,1000,1000,0.0,0.0,1571239168,1000,1000,1000,1000,0,0,0,0
1785437879.5098703,idle_post,0,1000,1000,0.0,0.0,1571260105,1000,1000,1000,1000,0,0,0,0
1785437879.5279193,idle_post,0,1000,1000,0.0,0.0,1571279804,1000,1000,1000,1000,0,0,0,0
1785437879.5477035,idle_post,0,1000,1000,0.0,0.0,1571299510,1000,1000,1000,1000,0,0,0,0
1785437879.568609,idle_post,0,1000,1000,0.0,0.0,1571319205,1000,1000,1000,1000,0,0,0,0
1785437879.5919504,idle_post,0,1000,1000,0.0,0.0,1571340138,1000,1000,1000,1000,0,0,0,0
1785437879.6098673,idle_post,0,1000,1000,0.0,0.0,1571361074,1000,1000,1000,1000,0,0,0,0
1785437879.6288965,idle_post,0,1000,1000,0.0,0.0,1571380772,1000,1000,1000,1000,0,0,0,0
1785437879.6498675,idle_post,0,1000,1000,0.0,0.0,1571400475,1000,1000,1000,1000,0,0,0,0
1785437879.6702538,idle_post,0,1000,1000,0.0,0.0,1571420183,1000,1000,1000,1000,0,0,0,0
1785437879.690976,idle_post,0,1000,1000,0.0,0.0,1571438648,1000,1000,1000,1000,0,0,0,0
1785437879.7088873,idle_post,0,1000,1000,0.0,0.0,1571458356,1000,1000,1000,1000,0,0,0,0
1785437879.7298841,idle_post,0,1000,1000,0.0,0.0,1571480515,1000,1000,1000,1000,0,0,0,0
1785437879.7483468,idle_post,0,1000,1000,0.0,0.0,1571500221,1000,1000,1000,1000,0,0,0,0
1785437879.7710304,idle_post,0,1000,1000,0.0,0.0,1571521148,1000,1000,1000,1000,0,0,0,0
1785437879.7910266,idle_post,0,1000,1000,0.0,0.0,1571538398,1000,1000,1000,1000,0,0,0,0
1785437879.8089025,idle_post,0,1000,1000,0.0,0.0,1571560554,1000,1000,1000,1000,0,0,0,0
1785437879.8306844,idle_post,0,1000,1000,0.0,0.0,1571580257,1000,1000,1000,1000,0,0,0,0
1785437879.8480182,idle_post,0,1000,1000,0.0,0.0,1571598725,1000,1000,1000,1000,0,0,0,0
1785437879.872324,idle_post,0,1000,1000,0.0,0.0,1571620893,1000,1000,1000,1000,0,0,0,0
1785437879.8909776,idle_post,0,1000,1000,0.0,0.0,1571638131,1000,1000,1000,1000,0,0,0,0
1785437879.9094696,idle_post,0,1000,1000,0.0,0.0,1571660296,1000,1000,1000,1000,0,0,0,0
1785437879.929881,idle_post,0,1000,1000,0.0,0.0,1571681233,1000,1000,1000,1000,0,0,0,0
1785437879.9491081,idle_post,0,1000,1000,0.0,0.0,1571700940,1000,1000,1000,1000,0,0,0,0
1785437879.9710586,idle_post,0,1000,1000,0.0,0.0,1571720639,1000,1000,1000,1000,0,0,0,0
1785437879.9913456,idle_post,0,1000,1000,0.0,0.0,1571737901,1000,1000,1000,1000,0,0,0,0
1785437880.0089316,idle_post,0,1000,1000,0.0,0.0,1571758810,1000,1000,1000,1000,0,0,0,0
1785437880.029904,idle_post,0,1000,1000,0.0,0.0,1571780974,1000,1000,1000,1000,0,0,0,0
1785437880.0479248,idle_post,0,1000,1000,0.0,0.0,1571798215,1000,1000,1000,1000,0,0,0,0
1785437880.0731516,idle_post,0,1000,1000,0.0,0.0,1571820373,1000,1000,1000,1000,0,0,0,0
1785437880.092016,idle_post,0,1000,1000,0.0,0.0,1571837615,1000,1000,1000,1000,0,0,0,0
1785437880.1104102,idle_post,0,1000,1000,0.0,0.0,1571861016,1000,1000,1000,1000,0,0,0,0
1785437880.128962,idle_post,0,1000,1000,0.0,0.0,1571880709,1000,1000,1000,1000,0,0,0,0
1785437880.1479387,idle_post,0,1000,1000,0.0,0.0,1571897961,1000,1000,1000,1000,0,0,0,0
1785437880.1698778,idle_post,0,1000,1000,0.0,0.0,1571920158,1000,1000,1000,1000,0,0,0,0
1785437880.19303,idle_post,0,1000,1000,0.0,0.0,1571941049,1000,1000,1000,1000,0,0,0,0
1785437880.2079298,idle_post,0,1000,1000,0.0,0.0,1571958288,1000,1000,1000,1000,0,0,0,0
1785437880.2299395,idle_post,0,1000,1000,0.0,0.0,1571980455,1000,1000,1000,1000,0,0,0,0
1785437880.248932,idle_post,0,1000,1000,0.0,0.0,1572000157,1000,1000,1000,1000,0,0,0,0
1785437880.271697,idle_post,0,1000,1000,0.0,0.0,1572021091,1000,1000,1000,1000,0,0,0,0
1785437880.2919865,idle_post,0,1000,1000,0.0,0.0,1572040794,1000,1000,1000,1000,0,0,0,0
1785437880.309956,idle_post,0,1000,1000,0.0,0.0,1572060492,1000,1000,1000,1000,0,0,0,0
1785437880.3278923,idle_post,0,1000,1000,0.0,0.0,1572077738,1000,1000,1000,1000,0,0,0,0
1785437880.3489113,idle_post,0,1000,1000,0.0,0.0,1572098677,1000,1000,1000,1000,0,0,0,0
1785437880.3686264,idle_post,0,1000,1000,0.0,0.0,1572118370,1000,1000,1000,1000,0,0,0,0
1785437880.3919933,idle_post,0,1000,1000,0.0,0.0,1572140530,1000,1000,1000,1000,0,0,0,0
1785437880.4098918,idle_post,0,1000,1000,0.0,0.0,1572160237,1000,1000,1000,1000,0,0,0,0
1785437880.427897,idle_post,0,1000,1000,0.0,0.0,1572178712,1000,1000,1000,1000,0,0,0,0
1785437880.4488974,idle_post,0,1000,1000,0.0,0.0,1572198409,1000,1000,1000,1000,0,0,0,0
1785437880.4724007,idle_post,0,1000,1000,0.0,0.0,1572223043,1000,1000,1000,1000,0,0,0,0
1785437880.4920487,idle_post,0,1000,1000,0.0,0.0,1572240277,1000,1000,1000,1000,0,0,0,0
1785437880.510659,idle_post,0,1000,1000,0.0,0.0,1572261207,1000,1000,1000,1000,0,0,0,0
1785437880.5302973,idle_post,0,1000,1000,0.0,0.0,1572280915,1000,1000,1000,1000,0,0,0,0
1785437880.5479152,idle_post,0,1000,1000,0.0,0.0,1572298148,1000,1000,1000,1000,0,0,0,0
1785437880.5723512,idle_post,0,1000,1000,0.0,0.0,1572320335,1000,1000,1000,1000,0,0,0,0
1785437880.592409,idle_post,0,1000,1000,0.0,0.0,1572341253,1000,1000,1000,1000,0,0,0,0
1785437880.608918,idle_post,0,1000,1000,0.0,0.0,1572358486,1000,1000,1000,1000,0,0,0,0
1785437880.6299276,idle_post,0,1000,1000,0.0,0.0,1572379423,1000,1000,1000,1000,0,0,0,0
1785437880.6490839,idle_post,0,1000,1000,0.0,0.0,1572399124,1000,1000,1000,1000,0,0,0,0
1785437880.670319,idle_post,0,1000,1000,0.0,0.0,1572421318,1000,1000,1000,1000,0,0,0,0
1785437880.691013,idle_post,0,1000,1000,0.0,0.0,1572439758,1000,1000,1000,1000,0,0,0,0
1785437880.7099323,idle_post,0,1000,1000,0.0,0.0,1572459462,1000,1000,1000,1000,0,0,0,0
1785437880.7299287,idle_post,0,1000,1000,0.0,0.0,1572481627,1000,1000,1000,1000,0,0,0,0
1785437880.748911,idle_post,0,1000,1000,0.0,0.0,1572498863,1000,1000,1000,1000,0,0,0,0
1785437880.7712424,idle_post,0,1000,1000,0.0,0.0,1572522303,1000,1000,1000,1000,0,0,0,0
1785437880.7920163,idle_post,0,1000,1000,0.0,0.0,1572539498,1000,1000,1000,1000,0,0,0,0
1785437880.8079078,idle_post,0,1000,1000,0.0,0.0,1572559202,1000,1000,1000,1000,0,0,0,0
1785437880.8289375,idle_post,0,1000,1000,0.0,0.0,1572578905,1000,1000,1000,1000,0,0,0,0
1785437880.8479118,idle_post,0,1000,1000,0.0,0.0,1572599838,1000,1000,1000,1000,0,0,0,0
1785437880.8713653,idle_post,0,1000,1000,0.0,0.0,1572619539,1000,1000,1000,1000,0,0,0,0
1785437880.8910367,idle_post,0,1000,1000,0.0,0.0,1572639284,1000,1000,1000,1000,0,0,0,0
1785437880.908911,idle_post,0,1000,1000,0.0,0.0,1572658949,1000,1000,1000,1000,0,0,0,0
1785437880.9299262,idle_post,0,1000,1000,0.0,0.0,1572678640,1000,1000,1000,1000,0,0,0,0
1785437880.948915,idle_post,0,1000,1000,0.0,0.0,1572699577,1000,1000,1000,1000,0,0,0,0
1785437880.9714425,idle_post,0,1000,1000,0.0,0.0,1572721742,1000,1000,1000,1000,0,0,0,0
1785437880.9909937,idle_post,0,1000,1000,0.0,0.0,1572738987,1000,1000,1000,1000,0,0,0,0
1785437881.0089467,idle_post,0,1000,1000,0.0,0.0,1572758685,1000,1000,1000,1000,0,0,0,0
1785437881.0279114,idle_post,0,1000,1000,0.0,0.0,1572779616,1000,1000,1000,1000,0,0,0,0
1785437881.0489469,idle_post,0,1000,1000,0.0,0.0,1572799329,1000,1000,1000,1000,0,0,0,0
1785437881.0732963,idle_post,0,1000,1000,0.0,0.0,1572821483,1000,1000,1000,1000,0,0,0,0
1785437881.0910633,idle_post,0,1000,1000,0.0,0.0,1572838726,1000,1000,1000,1000,0,0,0,0
1785437881.1105533,idle_post,0,1000,1000,0.0,0.0,1572862124,1000,1000,1000,1000,0,0,0,0
1785437881.1291063,idle_post,0,1000,1000,0.0,0.0,1572879360,1000,1000,1000,1000,0,0,0,0
1785437881.1511426,idle_post,0,1000,1000,0.0,0.0,1572901522,1000,1000,1000,1000,0,0,0,0
1785437881.1698995,idle_post,0,1000,1000,0.0,0.0,1572921242,1000,1000,1000,1000,0,0,0,0
1785437881.1935155,idle_post,0,1000,1000,0.0,0.0,1572942169,1000,1000,1000,1000,0,0,0,0
1785437881.2082868,idle_post,0,1000,1000,0.0,0.0,1572959401,1000,1000,1000,1000,0,0,0,0
1785437881.2295885,idle_post,0,1000,1000,0.0,0.0,1572979100,1000,1000,1000,1000,0,0,0,0
1785437881.2499378,idle_post,0,1000,1000,0.0,0.0,1573001270,1000,1000,1000,1000,0,0,0,0
1785437881.2704122,idle_post,0,1000,1000,0.0,0.0,1573019736,1000,1000,1000,1000,0,0,0,0
1785437881.2930326,idle_post,0,1000,1000,0.0,0.0,1573041903,1000,1000,1000,1000,0,0,0,0
1785437881.308342,idle_post,0,1000,1000,0.0,0.0,1573059141,1000,1000,1000,1000,0,0,0,0
1785437881.3296132,idle_post,0,1000,1000,0.0,0.0,1573078845,1000,1000,1000,1000,0,0,0,0
1785437881.3479457,idle_post,0,1000,1000,0.0,0.0,1573099778,1000,1000,1000,1000,0,0,0,0
1785437881.3711183,idle_post,0,1000,1000,0.0,0.0,1573119488,1000,1000,1000,1000,0,0,0,0
1785437881.3920233,idle_post,0,1000,1000,0.0,0.0,1573139207,1000,1000,1000,1000,0,0,0,0
1785437881.4109251,idle_post,0,1000,1000,0.0,0.0,1573161342,1000,1000,1000,1000,0,0,0,0
1785437881.4290404,idle_post,0,1000,1000,0.0,0.0,1573179812,1000,1000,1000,1000,0,0,0,0
1785437881.4479287,idle_post,0,1000,1000,0.0,0.0,1573199563,1000,1000,1000,1000,0,0,0,0
1785437881.4699273,idle_post,0,1000,1000,0.0,0.0,1573219221,1000,1000,1000,1000,0,0,0,0
1785437881.4910362,idle_post,0,1000,1000,0.0,0.0,1573238919,1000,1000,1000,1000,0,0,0,0
1785437881.5079386,idle_post,0,1000,1000,0.0,0.0,1573259856,1000,1000,1000,1000,0,0,0,0
1785437881.530024,idle_post,0,1000,1000,0.0,0.0,1573279563,1000,1000,1000,1000,0,0,0,0
1785437881.54796,idle_post,0,1000,1000,0.0,0.0,1573299255,1000,1000,1000,1000,0,0,0,0
1785437881.5710988,idle_post,0,1000,1000,0.0,0.0,1573321423,1000,1000,1000,1000,0,0,0,0
1785437881.5930278,idle_post,0,1000,1000,0.0,0.0,1573338662,1000,1000,1000,1000,0,0,0,0
1785437881.60894,idle_post,0,1000,1000,0.0,0.0,1573359609,1000,1000,1000,1000,0,0,0,0
1785437881.6301556,idle_post,0,1000,1000,0.0,0.0,1573380538,1000,1000,1000,1000,0,0,0,0
1785437881.648963,idle_post,0,1000,1000,0.0,0.0,1573400231,1000,1000,1000,1000,0,0,0,0
1785437881.669016,idle_post,0,1000,1000,0.0,0.0,1573417476,1000,1000,1000,1000,0,0,0,0
1785437881.6920328,idle_post,0,1000,1000,0.0,0.0,1573439635,1000,1000,1000,1000,0,0,0,0
1785437881.709944,idle_post,0,1000,1000,0.0,0.0,1573460572,1000,1000,1000,1000,0,0,0,0
1785437881.7279358,idle_post,0,1000,1000,0.0,0.0,1573477812,1000,1000,1000,1000,0,0,0,0
1785437881.7499752,idle_post,0,1000,1000,0.0,0.0,1573499976,1000,1000,1000,1000,0,0,0,0
1785437881.768648,idle_post,0,1000,1000,0.0,0.0,1573519673,1000,1000,1000,1000,0,0,0,0
1785437881.792021,idle_post,0,1000,1000,0.0,0.0,1573540609,1000,1000,1000,1000,0,0,0,0
1785437881.8108351,idle_post,0,1000,1000,0.0,0.0,1573560310,1000,1000,1000,1000,0,0,0,0
1785437881.8289952,idle_post,0,1000,1000,0.0,0.0,1573580017,1000,1000,1000,1000,0,0,0,0
1785437881.8503385,idle_post,0,1000,1000,0.0,0.0,1573599712,1000,1000,1000,1000,0,0,0,0
1785437881.8688831,idle_post,0,1000,1000,0.0,0.0,1573618189,1000,1000,1000,1000,0,0,0,0
1785437881.8926358,idle_post,0,1000,1000,0.0,0.0,1573640350,1000,1000,1000,1000,0,0,0,0
1785437881.909942,idle_post,0,1000,1000,0.0,0.0,1573660054,1000,1000,1000,1000,0,0,0,0
1785437881.9294052,idle_post,0,1000,1000,0.0,0.0,1573679755,1000,1000,1000,1000,0,0,0,0
1785437881.9499652,idle_post,0,1000,1000,0.0,0.0,1573700695,1000,1000,1000,1000,0,0,0,0
1785437881.9696574,idle_post,0,1000,1000,0.0,0.0,1573720394,1000,1000,1000,1000,0,0,0,0
1785437881.9904406,idle_post,0,1000,1000,0.0,0.0,1573740138,1000,1000,1000,1000,0,0,0,0
1785437882.0079474,idle_post,0,1000,1000,0.0,0.0,1573759793,1000,1000,1000,1000,0,0,0,0
1785437882.0300126,idle_post,0,1000,1000,0.0,0.0,1573780728,1000,1000,1000,1000,0,0,0,0
1785437882.0489788,idle_post,0,1000,1000,0.0,0.0,1573800427,1000,1000,1000,1000,0,0,0,0
1785437882.0726178,idle_post,0,1000,1000,0.0,0.0,1573820132,1000,1000,1000,1000,0,0,0,0
1785437882.0921218,idle_post,0,1000,1000,0.0,0.0,1573839834,1000,1000,1000,1000,0,0,0,0
1785437882.1101596,idle_post,0,1000,1000,0.0,0.0,1573860767,1000,1000,1000,1000,0,0,0,0
1785437882.128017,idle_post,0,1000,1000,0.0,0.0,1573878007,1000,1000,1000,1000,0,0,0,0
1785437882.1495776,idle_post,0,1000,1000,0.0,0.0,1573900168,1000,1000,1000,1000,0,0,0,0
1785437882.1688306,idle_post,0,1000,1000,0.0,0.0,1573919874,1000,1000,1000,1000,0,0,0,0
1785437882.1931622,idle_post,0,1000,1000,0.0,0.0,1573940903,1000,1000,1000,1000,0,0,0,0
1785437882.2079914,idle_post,0,1000,1000,0.0,0.0,1573958081,1000,1000,1000,1000,0,0,0,0
1785437882.2290194,idle_post,0,1000,1000,0.0,0.0,1573980208,1000,1000,1000,1000,0,0,0,0
1785437882.2500324,idle_post,0,1000,1000,0.0,0.0,1573999915,1000,1000,1000,1000,0,0,0,0
1785437882.2699115,idle_post,0,1000,1000,0.0,0.0,1574020856,1000,1000,1000,1000,0,0,0,0
1785437882.2931054,idle_post,0,1000,1000,0.0,0.0,1574040546,1000,1000,1000,1000,0,0,0,0
1785437882.3079934,idle_post,0,1000,1000,0.0,0.0,1574057795,1000,1000,1000,1000,0,0,0,0
1785437882.3291478,idle_post,0,1000,1000,0.0,0.0,1574079956,1000,1000,1000,1000,0,0,0,0
1785437882.3484504,idle_post,0,1000,1000,0.0,0.0,1574099660,1000,1000,1000,1000,0,0,0,0
1785437882.369734,idle_post,0,1000,1000,0.0,0.0,1574120583,1000,1000,1000,1000,0,0,0,0
1785437882.3930438,idle_post,0,1000,1000,0.0,0.0,1574140288,1000,1000,1000,1000,0,0,0,0
1785437882.4080257,idle_post,0,1000,1000,0.0,0.0,1574157529,1000,1000,1000,1000,0,0,0,0
1785437882.428969,idle_post,0,1000,1000,0.0,0.0,1574179691,1000,1000,1000,1000,0,0,0,0
1785437882.4511662,idle_post,0,1000,1000,0.0,0.0,1574200625,1000,1000,1000,1000,0,0,0,0
1785437882.4699714,idle_post,0,1000,1000,0.0,0.0,1574220327,1000,1000,1000,1000,0,0,0,0
1785437882.493612,idle_post,0,1000,1000,0.0,0.0,1574240038,1000,1000,1000,1000,0,0,0,0
1785437882.5079784,idle_post,0,1000,1000,0.0,0.0,1574259735,1000,1000,1000,1000,0,0,0,0
1785437882.5299401,idle_post,0,1000,1000,0.0,0.0,1574280665,1000,1000,1000,1000,0,0,0,0
1785437882.547993,idle_post,0,1000,1000,0.0,0.0,1574297909,1000,1000,1000,1000,0,0,0,0
1785437882.5701408,idle_post,0,1000,1000,0.0,0.0,1574320072,1000,1000,1000,1000,0,0,0,0
1785437882.5921602,idle_post,0,1000,1000,0.0,0.0,1574339771,1000,1000,1000,1000,0,0,0,0
1785437882.6099656,idle_post,0,1000,1000,0.0,0.0,1574360712,1000,1000,1000,1000,0,0,0,0
1785437882.6293268,idle_post,0,1000,1000,0.0,0.0,1574377958,1000,1000,1000,1000,0,0,0,0
1785437882.6494758,idle_post,0,1000,1000,0.0,0.0,1574398882,1000,1000,1000,1000,0,0,0,0
1785437882.6714475,idle_post,0,1000,1000,0.0,0.0,1574421043,1000,1000,1000,1000,0,0,0,0
1785437882.691174,idle_post,0,1000,1000,0.0,0.0,1574438287,1000,1000,1000,1000,0,0,0,0
1785437882.7089808,idle_post,0,1000,1000,0.0,0.0,1574459219,1000,1000,1000,1000,0,0,0,0
1785437882.7299871,idle_post,0,1000,1000,0.0,0.0,1574481421,1000,1000,1000,1000,0,0,0,0
1785437882.7491012,idle_post,0,1000,1000,0.0,0.0,1574498618,1000,1000,1000,1000,0,0,0,0
1785437882.7696815,idle_post,0,1000,1000,0.0,0.0,1574520782,1000,1000,1000,1000,0,0,0,0
1785437882.791147,idle_post,0,1000,1000,0.0,0.0,1574539253,1000,1000,1000,1000,0,0,0,0
1785437882.8089797,idle_post,0,1000,1000,0.0,0.0,1574558989,1000,1000,1000,1000,0,0,0,0
1785437882.829972,idle_post,0,1000,1000,0.0,0.0,1574581122,1000,1000,1000,1000,0,0,0,0
1785437882.848064,idle_post,0,1000,1000,0.0,0.0,1574598366,1000,1000,1000,1000,0,0,0,0
1785437882.871365,idle_post,0,1000,1000,0.0,0.0,1574621760,1000,1000,1000,1000,0,0,0,0
1785437882.891518,idle_post,0,1000,1000,0.0,0.0,1574638998,1000,1000,1000,1000,0,0,0,0
1785437882.9090323,idle_post,0,1000,1000,0.0,0.0,1574658710,1000,1000,1000,1000,0,0,0,0
1785437882.930014,idle_post,0,1000,1000,0.0,0.0,1574680864,1000,1000,1000,1000,0,0,0,0
1785437882.9489803,idle_post,0,1000,1000,0.0,0.0,1574699335,1000,1000,1000,1000,0,0,0,0
1785437882.9711518,idle_post,0,1000,1000,0.0,0.0,1574721500,1000,1000,1000,1000,0,0,0,0
1785437882.9911995,idle_post,0,1000,1000,0.0,0.0,1574738737,1000,1000,1000,1000,0,0,0,0
1785437883.0090206,idle_post,0,1000,1000,0.0,0.0,1574758480,1000,1000,1000,1000,0,0,0,0
1785437883.0299773,idle_post,0,1000,1000,0.0,0.0,1574781834,1000,1000,1000,1000,0,0,0,0
1785437883.0481057,idle_post,0,1000,1000,0.0,0.0,1574799074,1000,1000,1000,1000,0,0,0,0
1785437883.0733147,idle_post,0,1000,1000,0.0,0.0,1574821240,1000,1000,1000,1000,0,0,0,0
1785437883.0911534,idle_post,0,1000,1000,0.0,0.0,1574838487,1000,1000,1000,1000,0,0,0,0
1785437883.111525,idle_post,0,1000,1000,0.0,0.0,1574861875,1000,1000,1000,1000,0,0,0,0
1785437883.1313848,idle_post,0,1000,1000,0.0,0.0,1574881581,1000,1000,1000,1000,0,0,0,0
1785437883.1490042,idle_post,0,1000,1000,0.0,0.0,1574898814,1000,1000,1000,1000,0,0,0,0
1785437883.1720204,idle_post,0,1000,1000,0.0,0.0,1574920986,1000,1000,1000,1000,0,0,0,0
1785437883.1911721,idle_post,0,1000,1000,0.0,0.0,1574938220,1000,1000,1000,1000,0,0,0,0
1785437883.209913,idle_post,0,1000,1000,0.0,0.0,1574961633,1000,1000,1000,1000,0,0,0,0
1785437883.2294667,idle_post,0,1000,1000,0.0,0.0,1574981323,1000,1000,1000,1000,0,0,0,0
1785437883.2491827,idle_post,0,1000,1000,0.0,0.0,1574998557,1000,1000,1000,1000,0,0,0,0
1785437883.2717853,idle_post,0,1000,1000,0.0,0.0,1575020726,1000,1000,1000,1000,0,0,0,0
1785437883.2916625,idle_post,0,1000,1000,0.0,0.0,1575039193,1000,1000,1000,1000,0,0,0,0
1785437883.3091476,idle_post,0,1000,1000,0.0,0.0,1575061357,1000,1000,1000,1000,0,0,0,0
1785437883.3280303,idle_post,0,1000,1000,0.0,0.0,1575078599,1000,1000,1000,1000,0,0,0,0
1785437883.3491902,idle_post,0,1000,1000,0.0,0.0,1575100766,1000,1000,1000,1000,0,0,0,0
1785437883.3711898,idle_post,0,1000,1000,0.0,0.0,1575121699,1000,1000,1000,1000,0,0,0,0
1785437883.3921738,idle_post,0,1000,1000,0.0,0.0,1575138933,1000,1000,1000,1000,0,0,0,0
1785437883.4099956,idle_post,0,1000,1000,0.0,0.0,1575161101,1000,1000,1000,1000,0,0,0,0
1785437883.4280894,idle_post,0,1000,1000,0.0,0.0,1575178340,1000,1000,1000,1000,0,0,0,0
1785437883.4493556,idle_post,0,1000,1000,0.0,0.0,1575199271,1000,1000,1000,1000,0,0,0,0
1785437883.4689567,idle_post,0,1000,1000,0.0,0.0,1575218974,1000,1000,1000,1000,0,0,0,0
1785437883.492433,idle_post,0,1000,1000,0.0,0.0,1575241140,1000,1000,1000,1000,0,0,0,0
1785437883.5100749,idle_post,0,1000,1000,0.0,0.0,1575260841,1000,1000,1000,1000,0,0,0,0
1785437883.5279975,idle_post,0,1000,1000,0.0,0.0,1575279310,1000,1000,1000,1000,0,0,0,0
1785437883.5491896,idle_post,0,1000,1000,0.0,0.0,1575299016,1000,1000,1000,1000,0,0,0,0
1785437883.5711532,idle_post,0,1000,1000,0.0,0.0,1575321179,1000,1000,1000,1000,0,0,0,0
1785437883.5922124,idle_post,0,1000,1000,0.0,0.0,1575340882,1000,1000,1000,1000,0,0,0,0
1785437883.610004,idle_post,0,1000,1000,0.0,0.0,1575361823,1000,1000,1000,1000,0,0,0,0
1785437883.6279988,idle_post,0,1000,1000,0.0,0.0,1575379084,1000,1000,1000,1000,0,0,0,0
1785437883.649522,idle_post,0,1000,1000,0.0,0.0,1575399990,1000,1000,1000,1000,0,0,0,0
1785437883.669014,idle_post,0,1000,1000,0.0,0.0,1575419692,1000,1000,1000,1000,0,0,0,0
1785437883.692232,idle_post,0,1000,1000,0.0,0.0,1575439390,1000,1000,1000,1000,0,0,0,0
1785437883.710008,idle_post,0,1000,1000,0.0,0.0,1575460323,1000,1000,1000,1000,0,0,0,0
1785437883.728137,idle_post,0,1000,1000,0.0,0.0,1575480024,1000,1000,1000,1000,0,0,0,0
1785437883.7500272,idle_post,0,1000,1000,0.0,0.0,1575499760,1000,1000,1000,1000,0,0,0,0
1785437883.7699642,idle_post,0,1000,1000,0.0,0.0,1575519433,1000,1000,1000,1000,0,0,0,0
1785437883.7939615,idle_post,0,1000,1000,0.0,0.0,1575540361,1000,1000,1000,1000,0,0,0,0
1785437883.8110194,idle_post,0,1000,1000,0.0,0.0,1575562533,1000,1000,1000,1000,0,0,0,0
1785437883.830481,idle_post,0,1000,1000,0.0,0.0,1575582233,1000,1000,1000,1000,0,0,0,0
1785437883.8500018,idle_post,0,1000,1000,0.0,0.0,1575599469,1000,1000,1000,1000,0,0,0,0
1785437883.8689377,idle_post,0,1000,1000,0.0,0.0,1575616715,1000,1000,1000,1000,0,0,0,0
1785437883.892902,idle_post,0,1000,1000,0.0,0.0,1575640104,1000,1000,1000,1000,0,0,0,0
1785437883.9097006,idle_post,0,1000,1000,0.0,0.0,1575659821,1000,1000,1000,1000,0,0,0,0
1785437883.928955,idle_post,0,1000,1000,0.0,0.0,1575679509,1000,1000,1000,1000,0,0,0,0
1785437883.9501226,idle_post,0,1000,1000,0.0,0.0,1575699217,1000,1000,1000,1000,0,0,0,0
1785437883.9689765,idle_post,0,1000,1000,0.0,0.0,1575717684,1000,1000,1000,1000,0,0,0,0
1785437883.9931965,idle_post,0,1000,1000,0.0,0.0,1575739857,1000,1000,1000,1000,0,0,0,0
1785437884.0080101,idle_post,0,1000,1000,0.0,0.0,1575759548,1000,1000,1000,1000,0,0,0,0
1785437884.0290108,idle_post,0,1000,1000,0.0,0.0,1575779249,1000,1000,1000,1000,0,0,0,0
1785437884.05112,idle_post,0,1000,1000,0.0,0.0,1575802648,1000,1000,1000,1000,0,0,0,0
1785437884.0719461,idle_post,0,1000,1000,0.0,0.0,1575819890,1000,1000,1000,1000,0,0,0,0
1785437884.093501,idle_post,0,1000,1000,0.0,0.0,1575842051,1000,1000,1000,1000,0,0,0,0
1785437884.108033,idle_post,0,1000,1000,0.0,0.0,1575859287,1000,1000,1000,1000,0,0,0,0
1785437884.1290667,idle_post,0,1000,1000,0.0,0.0,1575880222,1000,1000,1000,1000,0,0,0,0
1785437884.150145,idle_post,0,1000,1000,0.0,0.0,1575899927,1000,1000,1000,1000,0,0,0,0
1785437884.1687691,idle_post,0,1000,1000,0.0,0.0,1575919624,1000,1000,1000,1000,0,0,0,0
1785437884.1932275,idle_post,0,1000,1000,0.0,0.0,1575941791,1000,1000,1000,1000,0,0,0,0
1785437884.2081718,idle_post,0,1000,1000,0.0,0.0,1575957800,1000,1000,1000,1000,0,0,0,0
1785437884.2301977,idle_post,0,1000,1000,0.0,0.0,1575979974,1000,1000,1000,1000,0,0,0,0
1785437884.2491379,idle_post,0,1000,1000,0.0,0.0,1575999663,1000,1000,1000,1000,0,0,0,0
1785437884.271546,idle_post,0,1000,1000,0.0,0.0,1576021832,1000,1000,1000,1000,0,0,0,0
1785437884.2921834,idle_post,0,1000,1000,0.0,0.0,1576040304,1000,1000,1000,1000,0,0,0,0
1785437884.3081343,idle_post,0,1000,1000,0.0,0.0,1576057540,1000,1000,1000,1000,0,0,0,0
1785437884.3290884,idle_post,0,1000,1000,0.0,0.0,1576079706,1000,1000,1000,1000,0,0,0,0
1785437884.3502553,idle_post,0,1000,1000,0.0,0.0,1576101870,1000,1000,1000,1000,0,0,0,0
1785437884.368756,idle_post,0,1000,1000,0.0,0.0,1576117879,1000,1000,1000,1000,0,0,0,0
1785437884.393382,idle_post,0,1000,1000,0.0,0.0,1576140049,1000,1000,1000,1000,0,0,0,0
1785437884.408098,idle_post,0,1000,1000,0.0,0.0,1576159746,1000,1000,1000,1000,0,0,0,0
1785437884.431625,idle_post,0,1000,1000,0.0,0.0,1576181908,1000,1000,1000,1000,0,0,0,0
1785437884.449031,idle_post,0,1000,1000,0.0,0.0,1576200378,1000,1000,1000,1000,0,0,0,0
1785437884.4721167,idle_post,0,1000,1000,0.0,0.0,1576222548,1000,1000,1000,1000,0,0,0,0
1785437884.4934342,idle_post,0,1000,1000,0.0,0.0,1576242250,1000,1000,1000,1000,0,0,0,0
1785437884.5080357,idle_post,0,1000,1000,0.0,0.0,1576259486,1000,1000,1000,1000,0,0,0,0
1785437884.5296018,idle_post,0,1000,1000,0.0,0.0,1576279189,1000,1000,1000,1000,0,0,0,0
1785437884.550273,idle_post,0,1000,1000,0.0,0.0,1576300126,1000,1000,1000,1000,0,0,0,0
1785437884.5698988,idle_post,0,1000,1000,0.0,0.0,1576319824,1000,1000,1000,1000,0,0,0,0
1785437884.5931885,idle_post,0,1000,1000,0.0,0.0,1576339531,1000,1000,1000,1000,0,0,0,0
1785437884.6087127,idle_post,0,1000,1000,0.0,0.0,1576359230,1000,1000,1000,1000,0,0,0,0
1785437884.6290495,idle_post,0,1000,1000,0.0,0.0,1576380168,1000,1000,1000,1000,0,0,0,0
1785437884.6500309,idle_post,0,1000,1000,0.0,0.0,1576401098,1000,1000,1000,1000,0,0,0,0
1785437884.669123,idle_post,0,1000,1000,0.0,0.0,1576418336,1000,1000,1000,1000,0,0,0,0
1785437884.693266,idle_post,0,1000,1000,0.0,0.0,1576440499,1000,1000,1000,1000,0,0,0,0
1785437884.7100675,idle_post,0,1000,1000,0.0,0.0,1576461429,1000,1000,1000,1000,0,0,0,0
1785437884.7280571,idle_post,0,1000,1000,0.0,0.0,1576478695,1000,1000,1000,1000,0,0,0,0
1785437884.7490883,idle_post,0,1000,1000,0.0,0.0,1576500834,1000,1000,1000,1000,0,0,0,0
1785437884.7687414,idle_post,0,1000,1000,0.0,0.0,1576518143,1000,1000,1000,1000,0,0,0,0
1785437884.792116,idle_post,0,1000,1000,0.0,0.0,1576540236,1000,1000,1000,1000,0,0,0,0
1785437884.8102672,idle_post,0,1000,1000,0.0,0.0,1576561171,1000,1000,1000,1000,0,0,0,0
1785437884.8280346,idle_post,0,1000,1000,0.0,0.0,1576578409,1000,1000,1000,1000,0,0,0,0
1785437884.850036,idle_post,0,1000,1000,0.0,0.0,1576600580,1000,1000,1000,1000,0,0,0,0
1785437884.8689878,idle_post,0,1000,1000,0.0,0.0,1576617819,1000,1000,1000,1000,0,0,0,0
1785437884.8921187,idle_post,0,1000,1000,0.0,0.0,1576638751,1000,1000,1000,1000,0,0,0,0
1785437884.9100595,idle_post,0,1000,1000,0.0,0.0,1576660935,1000,1000,1000,1000,0,0,0,0
1785437884.9290376,idle_post,0,1000,1000,0.0,0.0,1576680622,1000,1000,1000,1000,0,0,0,0
1785437884.9500782,idle_post,0,1000,1000,0.0,0.0,1576700321,1000,1000,1000,1000,0,0,0,0
1785437884.968847,idle_post,0,1000,1000,0.0,0.0,1576718820,1000,1000,1000,1000,0,0,0,0
1785437884.992168,idle_post,0,1000,1000,0.0,0.0,1576740956,1000,1000,1000,1000,0,0,0,0
1785437885.0100706,idle_post,0,1000,1000,0.0,0.0,1576760703,1000,1000,1000,1000,0,0,0,0
1785437885.0281985,idle_post,0,1000,1000,0.0,0.0,1576777901,1000,1000,1000,1000,0,0,0,0
1785437885.0500836,idle_post,0,1000,1000,0.0,0.0,1576801287,1000,1000,1000,1000,0,0,0,0
1785437885.0711615,idle_post,0,1000,1000,0.0,0.0,1576818535,1000,1000,1000,1000,0,0,0,0
1785437885.0943499,idle_post,0,1000,1000,0.0,0.0,1576840699,1000,1000,1000,1000,0,0,0,0
1785437885.1090457,idle_post,0,1000,1000,0.0,0.0,1576860395,1000,1000,1000,1000,0,0,0,0
1785437885.1284797,idle_post,0,1000,1000,0.0,0.0,1576878868,1000,1000,1000,1000,0,0,0,0
1785437885.148056,idle_post,0,1000,1000,0.0,0.0,1576898574,1000,1000,1000,1000,0,0,0,0
1785437885.1723466,idle_post,0,1000,1000,0.0,0.0,1576920739,1000,1000,1000,1000,0,0,0,0
1785437885.1911447,idle_post,0,1000,1000,0.0,0.0,1576937976,1000,1000,1000,1000,0,0,0,0
1785437885.2095382,idle_post,0,1000,1000,0.0,0.0,1576958912,1000,1000,1000,1000,0,0,0,0
1785437885.2300506,idle_post,0,1000,1000,0.0,0.0,1576981080,1000,1000,1000,1000,0,0,0,0
1785437885.248914,idle_post,0,1000,1000,0.0,0.0,1576998313,1000,1000,1000,1000,0,0,0,0
1785437885.271454,idle_post,0,1000,1000,0.0,0.0,1577020483,1000,1000,1000,1000,0,0,0,0
1785437885.2915905,idle_post,0,1000,1000,0.0,0.0,1577037753,1000,1000,1000,1000,0,0,0,0
1785437885.309149,idle_post,0,1000,1000,0.0,0.0,1577058653,1000,1000,1000,1000,0,0,0,0
1785437885.330201,idle_post,0,1000,1000,0.0,0.0,1577080820,1000,1000,1000,1000,0,0,0,0
1785437885.348111,idle_post,0,1000,1000,0.0,0.0,1577098053,1000,1000,1000,1000,0,0,0,0
1785437885.3720932,idle_post,0,1000,1000,0.0,0.0,1577121455,1000,1000,1000,1000,0,0,0,0
1785437885.3921666,idle_post,0,1000,1000,0.0,0.0,1577138691,1000,1000,1000,1000,0,0,0,0
1785437885.410609,idle_post,0,1000,1000,0.0,0.0,1577160855,1000,1000,1000,1000,0,0,0,0
1785437885.4290924,idle_post,0,1000,1000,0.0,0.0,1577180586,1000,1000,1000,1000,0,0,0,0
1785437885.448122,idle_post,0,1000,1000,0.0,0.0,1577197802,1000,1000,1000,1000,0,0,0,0
1785437885.4713027,idle_post,0,1000,1000,0.0,0.0,1577218727,1000,1000,1000,1000,0,0,0,0
1785437885.4911633,idle_post,0,1000,1000,0.0,0.0,1577238426,1000,1000,1000,1000,0,0,0,0
1785437885.5100818,idle_post,0,1000,1000,0.0,0.0,1577260593,1000,1000,1000,1000,0,0,0,0
1785437885.5281045,idle_post,0,1000,1000,0.0,0.0,1577277842,1000,1000,1000,1000,0,0,0,0
1785437885.54907,idle_post,0,1000,1000,0.0,0.0,1577298768,1000,1000,1000,1000,0,0,0,0
1785437885.5714455,idle_post,0,1000,1000,0.0,0.0,1577320940,1000,1000,1000,1000,0,0,0,0
1785437885.5921543,idle_post,0,1000,1000,0.0,0.0,1577340633,1000,1000,1000,1000,0,0,0,0
1785437885.6100643,idle_post,0,1000,1000,0.0,0.0,1577360336,1000,1000,1000,1000,0,0,0,0
1785437885.6281571,idle_post,0,1000,1000,0.0,0.0,1577378807,1000,1000,1000,1000,0,0,0,0
1785437885.6493182,idle_post,0,1000,1000,0.0,0.0,1577400975,1000,1000,1000,1000,0,0,0,0
1785437885.6714928,idle_post,0,1000,1000,0.0,0.0,1577419447,1000,1000,1000,1000,0,0,0,0
1785437885.691197,idle_post,0,1000,1000,0.0,0.0,1577439143,1000,1000,1000,1000,0,0,0,0
1785437885.7100816,idle_post,0,1000,1000,0.0,0.0,1577461314,1000,1000,1000,1000,0,0,0,0
1785437885.7280889,idle_post,0,1000,1000,0.0,0.0,1577479784,1000,1000,1000,1000,0,0,0,0
1785437885.7490752,idle_post,0,1000,1000,0.0,0.0,1577499480,1000,1000,1000,1000,0,0,0,0
1785437885.772978,idle_post,0,1000,1000,0.0,0.0,1577521649,1000,1000,1000,1000,0,0,0,0
1785437885.792151,idle_post,0,1000,1000,0.0,0.0,1577538885,1000,1000,1000,1000,0,0,0,0
1785437885.8103857,idle_post,0,1000,1000,0.0,0.0,1577559827,1000,1000,1000,1000,0,0,0,0
1785437885.8280802,idle_post,0,1000,1000,0.0,0.0,1577579526,1000,1000,1000,1000,0,0,0,0
1785437885.8499212,idle_post,0,1000,1000,0.0,0.0,1577601693,1000,1000,1000,1000,0,0,0,0
1785437885.8696828,idle_post,0,1000,1000,0.0,0.0,1577621397,1000,1000,1000,1000,0,0,0,0
1785437885.8932126,idle_post,0,1000,1000,0.0,0.0,1577639868,1000,1000,1000,1000,0,0,0,0
1785437885.9089863,idle_post,0,1000,1000,0.0,0.0,1577659573,1000,1000,1000,1000,0,0,0,0
1785437885.9300902,idle_post,0,1000,1000,0.0,0.0,1577681728,1000,1000,1000,1000,0,0,0,0
1785437885.9484854,idle_post,0,1000,1000,0.0,0.0,1577698971,1000,1000,1000,1000,0,0,0,0
1785437885.9697983,idle_post,0,1000,1000,0.0,0.0,1577719904,1000,1000,1000,1000,0,0,0,0
1785437885.993277,idle_post,0,1000,1000,0.0,0.0,1577739603,1000,1000,1000,1000,0,0,0,0
1785437886.0080898,idle_post,0,1000,1000,0.0,0.0,1577759302,1000,1000,1000,1000,0,0,0,0
1785437886.0290875,idle_post,0,1000,1000,0.0,0.0,1577779034,1000,1000,1000,1000,0,0,0,0
1785437886.0500953,idle_post,0,1000,1000,0.0,0.0,1577798708,1000,1000,1000,1000,0,0,0,0
1785437886.0709643,idle_post,0,1000,1000,0.0,0.0,1577819642,1000,1000,1000,1000,0,0,0,0
1785437886.0921624,idle_post,0,1000,1000,0.0,0.0,1577839344,1000,1000,1000,1000,0,0,0,0
1785437886.108078,idle_post,0,1000,1000,0.0,0.0,1577859044,1000,1000,1000,1000,0,0,0,0
1785437886.1290858,idle_post,0,1000,1000,0.0,0.0,1577878748,1000,1000,1000,1000,0,0,0,0
1785437886.1500926,idle_post,0,1000,1000,0.0,0.0,1577899680,1000,1000,1000,1000,0,0,0,0
1785437886.1693234,idle_post,0,1000,1000,0.0,0.0,1577919381,1000,1000,1000,1000,0,0,0,0
1785437886.1934052,idle_post,0,1000,1000,0.0,0.0,1577941550,1000,1000,1000,1000,0,0,0,0
1785437886.2083433,idle_post,0,1000,1000,0.0,0.0,1577958785,1000,1000,1000,1000,0,0,0,0
1785437886.2291658,idle_post,0,1000,1000,0.0,0.0,1577979723,1000,1000,1000,1000,0,0,0,0
1785437886.2501507,idle_post,0,1000,1000,0.0,0.0,1578001881,1000,1000,1000,1000,0,0,0,0
1785437886.2690537,idle_post,0,1000,1000,0.0,0.0,1578019122,1000,1000,1000,1000,0,0,0,0
1785437886.292217,idle_post,0,1000,1000,0.0,0.0,1578038826,1000,1000,1000,1000,0,0,0,0
1785437886.3081012,idle_post,0,1000,1000,0.0,0.0,1578059758,1000,1000,1000,1000,0,0,0,0
1785437886.3290887,idle_post,0,1000,1000,0.0,0.0,1578079458,1000,1000,1000,1000,0,0,0,0
1785437886.348156,idle_post,0,1000,1000,0.0,0.0,1578099167,1000,1000,1000,1000,0,0,0,0
1785437886.3713434,idle_post,0,1000,1000,0.0,0.0,1578121327,1000,1000,1000,1000,0,0,0,0
1785437886.391618,idle_post,0,1000,1000,0.0,0.0,1578139796,1000,1000,1000,1000,0,0,0,0
1785437886.4115486,idle_post,0,1000,1000,0.0,0.0,1578161967,1000,1000,1000,1000,0,0,0,0
1785437886.4291396,idle_post,0,1000,1000,0.0,0.0,1578179203,1000,1000,1000,1000,0,0,0,0
1785437886.4507837,idle_post,0,1000,1000,0.0,0.0,1578201397,1000,1000,1000,1000,0,0,0,0
1785437886.4691286,idle_post,0,1000,1000,0.0,0.0,1578219835,1000,1000,1000,1000,0,0,0,0
1785437886.4934416,idle_post,0,1000,1000,0.0,0.0,1578242008,1000,1000,1000,1000,0,0,0,0
1785437886.5081017,idle_post,0,1000,1000,0.0,0.0,1578259241,1000,1000,1000,1000,0,0,0,0
1785437886.529761,idle_post,0,1000,1000,0.0,0.0,1578281417,1000,1000,1000,1000,0,0,0,0
1785437886.5500975,idle_post,0,1000,1000,0.0,0.0,1578299875,1000,1000,1000,1000,0,0,0,0
1785437886.5700977,idle_post,0,1000,1000,0.0,0.0,1578319579,1000,1000,1000,1000,0,0,0,0
1785437886.593252,idle_post,0,1000,1000,0.0,0.0,1578341746,1000,1000,1000,1000,0,0,0,0
1785437886.6084995,idle_post,0,1000,1000,0.0,0.0,1578358987,1000,1000,1000,1000,0,0,0,0
1785437886.630095,idle_post,0,1000,1000,0.0,0.0,1578378689,1000,1000,1000,1000,0,0,0,0
1785437886.6481144,idle_post,0,1000,1000,0.0,0.0,1578399620,1000,1000,1000,1000,0,0,0,0
1785437886.6702225,idle_post,0,1000,1000,0.0,0.0,1578420554,1000,1000,1000,1000,0,0,0,0
1785437886.6932282,idle_post,0,1000,1000,0.0,0.0,1578440253,1000,1000,1000,1000,0,0,0,0
1785437886.709117,idle_post,0,1000,1000,0.0,0.0,1578459958,1000,1000,1000,1000,0,0,0,0
1785437886.73037,idle_post,0,1000,1000,0.0,0.0,1578480886,1000,1000,1000,1000,0,0,0,0
1785437886.7481005,idle_post,0,1000,1000,0.0,0.0,1578498127,1000,1000,1000,1000,0,0,0,0
1785437886.7698646,idle_post,0,1000,1000,0.0,0.0,1578520321,1000,1000,1000,1000,0,0,0,0
1785437886.7912996,idle_post,0,1000,1000,0.0,0.0,1578539997,1000,1000,1000,1000,0,0,0,0
1785437886.808111,idle_post,0,1000,1000,0.0,0.0,1578557236,1000,1000,1000,1000,0,0,0,0
1785437886.8301015,idle_post,0,1000,1000,0.0,0.0,1578580634,1000,1000,1000,1000,0,0,0,0
1785437886.8481197,idle_post,0,1000,1000,0.0,0.0,1578597872,1000,1000,1000,1000,0,0,0,0
1785437886.8692534,idle_post,0,1000,1000,0.0,0.0,1578620036,1000,1000,1000,1000,0,0,0,0
1785437886.89222,idle_post,0,1000,1000,0.0,0.0,1578639734,1000,1000,1000,1000,0,0,0,0
1785437886.9101305,idle_post,0,1000,1000,0.0,0.0,1578660674,1000,1000,1000,1000,0,0,0,0
1785437886.9281037,idle_post,0,1000,1000,0.0,0.0,1578677906,1000,1000,1000,1000,0,0,0,0
1785437886.9491072,idle_post,0,1000,1000,0.0,0.0,1578700072,1000,1000,1000,1000,0,0,0,0
1785437886.968821,idle_post,0,1000,1000,0.0,0.0,1578719775,1000,1000,1000,1000,0,0,0,0
1785437886.9922082,idle_post,0,1000,1000,0.0,0.0,1578740711,1000,1000,1000,1000,0,0,0,0
1785437887.0101216,idle_post,0,1000,1000,0.0,0.0,1578760409,1000,1000,1000,1000,0,0,0,0
1785437887.028254,idle_post,0,1000,1000,0.0,0.0,1578777653,1000,1000,1000,1000,0,0,0,0
1785437887.0501747,idle_post,0,1000,1000,0.0,0.0,1578799855,1000,1000,1000,1000,0,0,0,0
1785437887.071402,idle_post,0,1000,1000,0.0,0.0,1578818288,1000,1000,1000,1000,0,0,0,0
1785437887.0921898,idle_post,0,1000,1000,0.0,0.0,1578840450,1000,1000,1000,1000,0,0,0,0
1785437887.1107814,idle_post,0,1000,1000,0.0,0.0,1578860154,1000,1000,1000,1000,0,0,0,0
1785437887.12811,idle_post,0,1000,1000,0.0,0.0,1578877395,1000,1000,1000,1000,0,0,0,0
1785437887.150557,idle_post,0,1000,1000,0.0,0.0,1578900790,1000,1000,1000,1000,0,0,0,0
1785437887.169149,idle_post,0,1000,1000,0.0,0.0,1578918026,1000,1000,1000,1000,0,0,0,0
1785437887.1927202,idle_post,0,1000,1000,0.0,0.0,1578940210,1000,1000,1000,1000,0,0,0,0
1785437887.2101405,idle_post,0,1000,1000,0.0,0.0,1578959896,1000,1000,1000,1000,0,0,0,0
1785437887.229398,idle_post,0,1000,1000,0.0,0.0,1578980837,1000,1000,1000,1000,0,0,0,0
1785437887.250129,idle_post,0,1000,1000,0.0,0.0,1579000537,1000,1000,1000,1000,0,0,0,0
1785437887.269327,idle_post,0,1000,1000,0.0,0.0,1579017777,1000,1000,1000,1000,0,0,0,0
1785437887.2922046,idle_post,0,1000,1000,0.0,0.0,1579039934,1000,1000,1000,1000,0,0,0,0
1785437887.3102427,idle_post,0,1000,1000,0.0,0.0,1579060877,1000,1000,1000,1000,0,0,0,0
1785437887.3281372,idle_post,0,1000,1000,0.0,0.0,1579078107,1000,1000,1000,1000,0,0,0,0
1785437887.3491323,idle_post,0,1000,1000,0.0,0.0,1579100290,1000,1000,1000,1000,0,0,0,0
1785437887.3713706,idle_post,0,1000,1000,0.0,0.0,1579119974,1000,1000,1000,1000,0,0,0,0
1785437887.3922317,idle_post,0,1000,1000,0.0,0.0,1579137216,1000,1000,1000,1000,0,0,0,0
1785437887.4081879,idle_post,0,1000,1000,0.0,0.0,1579158156,1000,1000,1000,1000,0,0,0,0
1785437887.429222,idle_post,0,1000,1000,0.0,0.0,1579180309,1000,1000,1000,1000,0,0,0,0
1785437887.4482746,idle_post,0,1000,1000,0.0,0.0,1579197551,1000,1000,1000,1000,0,0,0,0
1785437887.4715693,idle_post,0,1000,1000,0.0,0.0,1579219734,1000,1000,1000,1000,0,0,0,0
1785437887.49123,idle_post,0,1000,1000,0.0,0.0,1579238186,1000,1000,1000,1000,0,0,0,0
1785437887.5101666,idle_post,0,1000,1000,0.0,0.0,1579260347,1000,1000,1000,1000,0,0,0,0
1785437887.5284278,idle_post,0,1000,1000,0.0,0.0,1579280053,1000,1000,1000,1000,0,0,0,0
1785437887.5492063,idle_post,0,1000,1000,0.0,0.0,1579299752,1000,1000,1000,1000,0,0,0,0
1785437887.57129,idle_post,0,1000,1000,0.0,0.0,1579320688,1000,1000,1000,1000,0,0,0,0
1785437887.5912373,idle_post,0,1000,1000,0.0,0.0,1579337930,1000,1000,1000,1000,0,0,0,0
1785437887.609129,idle_post,0,1000,1000,0.0,0.0,1579360091,1000,1000,1000,1000,0,0,0,0
1785437887.6281648,idle_post,0,1000,1000,0.0,0.0,1579379797,1000,1000,1000,1000,0,0,0,0
1785437887.6491623,idle_post,0,1000,1000,0.0,0.0,1579400728,1000,1000,1000,1000,0,0,0,0
1785437887.6720126,idle_post,0,1000,1000,0.0,0.0,1579421664,1000,1000,1000,1000,0,0,0,0
1785437887.6912682,idle_post,0,1000,1000,0.0,0.0,1579438904,1000,1000,1000,1000,0,0,0,0
1785437887.7093124,idle_post,0,1000,1000,0.0,0.0,1579458603,1000,1000,1000,1000,0,0,0,0
1785437887.731528,idle_post,0,1000,1000,0.0,0.0,1579480764,1000,1000,1000,1000,0,0,0,0
1785437887.7492175,idle_post,0,1000,1000,0.0,0.0,1579499235,1000,1000,1000,1000,0,0,0,0
1785437887.7720494,idle_post,0,1000,1000,0.0,0.0,1579521401,1000,1000,1000,1000,0,0,0,0
1785437887.7912726,idle_post,0,1000,1000,0.0,0.0,1579538662,1000,1000,1000,1000,0,0,0,0
1785437887.8103008,idle_post,0,1000,1000,0.0,0.0,1579560802,1000,1000,1000,1000,0,0,0,0
1785437887.8281357,idle_post,0,1000,1000,0.0,0.0,1579579272,1000,1000,1000,1000,0,0,0,0
1785437887.8496096,idle_post,0,1000,1000,0.0,0.0,1579598983,1000,1000,1000,1000,0,0,0,0
1785437887.8715334,idle_post,0,1000,1000,0.0,0.0,1579621145,1000,1000,1000,1000,0,0,0,0
1785437887.8921356,idle_post,0,1000,1000,0.0,0.0,1579638380,1000,1000,1000,1000,0,0,0,0
1785437887.9101942,idle_post,0,1000,1000,0.0,0.0,1579661777,1000,1000,1000,1000,0,0,0,0
1785437887.9285245,idle_post,0,1000,1000,0.0,0.0,1579679023,1000,1000,1000,1000,0,0,0,0
1785437887.9491441,idle_post,0,1000,1000,0.0,0.0,1579698723,1000,1000,1000,1000,0,0,0,0
1785437887.9713166,idle_post,0,1000,1000,0.0,0.0,1579720885,1000,1000,1000,1000,0,0,0,0
1785437887.9916658,idle_post,0,1000,1000,0.0,0.0,1579739357,1000,1000,1000,1000,0,0,0,0
1785437888.009203,idle_post,0,1000,1000,0.0,0.0,1579759061,1000,1000,1000,1000,0,0,0,0
1785437888.0301447,idle_post,0,1000,1000,0.0,0.0,1579781216,1000,1000,1000,1000,0,0,0,0
1785437888.0481656,idle_post,0,1000,1000,0.0,0.0,1579798493,1000,1000,1000,1000,0,0,0,0
1785437888.0720277,idle_post,0,1000,1000,0.0,0.0,1579819393,1000,1000,1000,1000,0,0,0,0
1785437888.0912201,idle_post,0,1000,1000,0.0,0.0,1579839103,1000,1000,1000,1000,0,0,0,0
1785437888.1091855,idle_post,0,1000,1000,0.0,0.0,1579858802,1000,1000,1000,1000,0,0,0,0
1785437888.1301427,idle_post,0,1000,1000,0.0,0.0,1579880964,1000,1000,1000,1000,0,0,0,0
1785437888.1481438,idle_post,0,1000,1000,0.0,0.0,1579898200,1000,1000,1000,1000,0,0,0,0
1785437888.1714401,idle_post,0,1000,1000,0.0,0.0,1579921599,1000,1000,1000,1000,0,0,0,0
1785437888.1916864,idle_post,0,1000,1000,0.0,0.0,1579938851,1000,1000,1000,1000,0,0,0,0
1785437888.2092602,idle_post,0,1000,1000,0.0,0.0,1579958542,1000,1000,1000,1000,0,0,0,0
1785437888.2301996,idle_post,0,1000,1000,0.0,0.0,1579980708,1000,1000,1000,1000,0,0,0,0
1785437888.2481456,idle_post,0,1000,1000,0.0,0.0,1579999181,1000,1000,1000,1000,0,0,0,0
1785437888.2701037,idle_post,0,1000,1000,0.0,0.0,1580018876,1000,1000,1000,1000,0,0,0,0
1785437888.2912307,idle_post,0,1000,1000,0.0,0.0,1580038579,1000,1000,1000,1000,0,0,0,0
1785437888.3091755,idle_post,0,1000,1000,0.0,0.0,1580060744,1000,1000,1000,1000,0,0,0,0
1785437888.3301523,idle_post,0,1000,1000,0.0,0.0,1580081690,1000,1000,1000,1000,0,0,0,0
1785437888.3481636,idle_post,0,1000,1000,0.0,0.0,1580098921,1000,1000,1000,1000,0,0,0,0
1785437888.3713145,idle_post,0,1000,1000,0.0,0.0,1580121081,1000,1000,1000,1000,0,0,0,0
1785437888.391256,idle_post,0,1000,1000,0.0,0.0,1580138330,1000,1000,1000,1000,0,0,0,0
1785437888.4092078,idle_post,0,1000,1000,0.0,0.0,1580159259,1000,1000,1000,1000,0,0,0,0
1785437888.4309726,idle_post,0,1000,1000,0.0,0.0,1580181417,1000,1000,1000,1000,0,0,0,0
1785437888.448222,idle_post,0,1000,1000,0.0,0.0,1580198659,1000,1000,1000,1000,0,0,0,0
1785437888.4725597,idle_post,0,1000,1000,0.0,0.0,1580220824,1000,1000,1000,1000,0,0,0,0
1785437888.4912539,idle_post,0,1000,1000,0.0,0.0,1580239301,1000,1000,1000,1000,0,0,0,0
1785437888.5101619,idle_post,0,1000,1000,0.0,0.0,1580261465,1000,1000,1000,1000,0,0,0,0
1785437888.5294006,idle_post,0,1000,1000,0.0,0.0,1580278701,1000,1000,1000,1000,0,0,0,0
1785437888.5501974,idle_post,0,1000,1000,0.0,0.0,1580300870,1000,1000,1000,1000,0,0,0,0
1785437888.5696425,idle_post,0,1000,1000,0.0,0.0,1580319336,1000,1000,1000,1000,0,0,0,0
1785437888.592247,idle_post,0,1000,1000,0.0,0.0,1580339036,1000,1000,1000,1000,0,0,0,0
1785437888.61016,idle_post,0,1000,1000,0.0,0.0,1580361197,1000,1000,1000,1000,0,0,0,0
1785437888.6282523,idle_post,0,1000,1000,0.0,0.0,1580378440,1000,1000,1000,1000,0,0,0,0
1785437888.649173,idle_post,0,1000,1000,0.0,0.0,1580399377,1000,1000,1000,1000,0,0,0,0
1785437888.67155,idle_post,0,1000,1000,0.0,0.0,1580421535,1000,1000,1000,1000,0,0,0,0
1785437888.6922433,idle_post,0,1000,1000,0.0,0.0,1580440009,1000,1000,1000,1000,0,0,0,0
1785437888.7101636,idle_post,0,1000,1000,0.0,0.0,1580459713,1000,1000,1000,1000,0,0,0,0
1785437888.7283099,idle_post,0,1000,1000,0.0,0.0,1580479411,1000,1000,1000,1000,0,0,0,0
1785437888.749199,idle_post,0,1000,1000,0.0,0.0,1580500345,1000,1000,1000,1000,0,0,0,0
1785437888.7713776,idle_post,0,1000,1000,0.0,0.0,1580520073,1000,1000,1000,1000,0,0,0,0
1785437888.7913713,idle_post,0,1000,1000,0.0,0.0,1580539753,1000,1000,1000,1000,0,0,0,0
1785437888.8101647,idle_post,0,1000,1000,0.0,0.0,1580559452,1000,1000,1000,1000,0,0,0,0
1785437888.8283353,idle_post,0,1000,1000,0.0,0.0,1580577970,1000,1000,1000,1000,0,0,0,0
1785437888.8491669,idle_post,0,1000,1000,0.0,0.0,1580600089,1000,1000,1000,1000,0,0,0,0
1785437888.8715417,idle_post,0,1000,1000,0.0,0.0,1580619792,1000,1000,1000,1000,0,0,0,0
1785437888.892249,idle_post,0,1000,1000,0.0,0.0,1580639490,1000,1000,1000,1000,0,0,0,0
1785437888.910166,idle_post,0,1000,1000,0.0,0.0,1580660423,1000,1000,1000,1000,0,0,0,0
1785437888.9283636,idle_post,0,1000,1000,0.0,0.0,1580677671,1000,1000,1000,1000,0,0,0,0
1785437888.9492998,idle_post,0,1000,1000,0.0,0.0,1580699832,1000,1000,1000,1000,0,0,0,0
1785437888.9690359,idle_post,0,1000,1000,0.0,0.0,1580719528,1000,1000,1000,1000,0,0,0,0
1785437888.9932818,idle_post,0,1000,1000,0.0,0.0,1580739233,1000,1000,1000,1000,0,0,0,0
1785437889.0083792,idle_post,0,1000,1000,0.0,0.0,1580757706,1000,1000,1000,1000,0,0,0,0
1785437889.03017,idle_post,0,1000,1000,0.0,0.0,1580779877,1000,1000,1000,1000,0,0,0,0
1785437889.0484037,idle_post,0,1000,1000,0.0,0.0,1580799564,1000,1000,1000,1000,0,0,0,0
1785437889.07507,idle_post,0,1000,1000,0.0,0.0,1580821734,1000,1000,1000,1000,0,0,0,0
1785437889.092254,idle_post,0,1000,1000,0.0,0.0,1580840204,1000,1000,1000,1000,0,0,0,0
1785437889.1109746,idle_post,0,1000,1000,0.0,0.0,1580862375,1000,1000,1000,1000,0,0,0,0
1785437889.1309164,idle_post,0,1000,1000,0.0,0.0,1580882074,1000,1000,1000,1000,0,0,0,0
1785437889.1483536,idle_post,0,1000,1000,0.0,0.0,1580899307,1000,1000,1000,1000,0,0,0,0
1785437889.1725924,idle_post,0,1000,1000,0.0,0.0,1580920243,1000,1000,1000,1000,0,0,0,0
1785437889.1927934,idle_post,0,1000,1000,0.0,0.0,1580939954,1000,1000,1000,1000,0,0,0,0
1785437889.2102032,idle_post,0,1000,1000,0.0,0.0,1580959652,1000,1000,1000,1000,0,0,0,0
1785437889.228809,idle_post,0,1000,1000,0.0,0.0,1580979357,1000,1000,1000,1000,0,0,0,0
1785437889.2492766,idle_post,0,1000,1000,0.0,0.0,1581000284,1000,1000,1000,1000,0,0,0,0
1785437889.2703776,idle_post,0,1000,1000,0.0,0.0,1581020000,1000,1000,1000,1000,0,0,0,0
1785437889.2925506,idle_post,0,1000,1000,0.0,0.0,1581039689,1000,1000,1000,1000,0,0,0,0
1785437889.3101957,idle_post,0,1000,1000,0.0,0.0,1581059390,1000,1000,1000,1000,0,0,0,0
1785437889.3297641,idle_post,0,1000,1000,0.0,0.0,1581080323,1000,1000,1000,1000,0,0,0,0
1785437889.3502014,idle_post,0,1000,1000,0.0,0.0,1581100030,1000,1000,1000,1000,0,0,0,0
1785437889.3689804,idle_post,0,1000,1000,0.0,0.0,1581119726,1000,1000,1000,1000,0,0,0,0
1785437889.3924167,idle_post,0,1000,1000,0.0,0.0,1581139424,1000,1000,1000,1000,0,0,0,0
1785437889.4082086,idle_post,0,1000,1000,0.0,0.0,1581157900,1000,1000,1000,1000,0,0,0,0
1785437889.4292843,idle_post,0,1000,1000,0.0,0.0,1581180068,1000,1000,1000,1000,0,0,0,0
1785437889.4502428,idle_post,0,1000,1000,0.0,0.0,1581199765,1000,1000,1000,1000,0,0,0,0
1785437889.4691694,idle_post,0,1000,1000,0.0,0.0,1581219501,1000,1000,1000,1000,0,0,0,0
1785437889.4933221,idle_post,0,1000,1000,0.0,0.0,1581240400,1000,1000,1000,1000,0,0,0,0
1785437889.508233,idle_post,0,1000,1000,0.0,0.0,1581257640,1000,1000,1000,1000,0,0,0,0
1785437889.5293853,idle_post,0,1000,1000,0.0,0.0,1581279806,1000,1000,1000,1000,0,0,0,0
1785437889.5502617,idle_post,0,1000,1000,0.0,0.0,1581299508,1000,1000,1000,1000,0,0,0,0
1785437889.568944,idle_post,0,1000,1000,0.0,0.0,1581319255,1000,1000,1000,1000,0,0,0,0
1785437889.5926023,idle_post,0,1000,1000,0.0,0.0,1581340148,1000,1000,1000,1000,0,0,0,0
1785437889.60823,idle_post,0,1000,1000,0.0,0.0,1581357381,1000,1000,1000,1000,0,0,0,0
1785437889.629313,idle_post,0,1000,1000,0.0,0.0,1581379546,1000,1000,1000,1000,0,0,0,0
1785437889.650213,idle_post,0,1000,1000,0.0,0.0,1581401714,1000,1000,1000,1000,0,0,0,0
1785437889.6698332,idle_post,0,1000,1000,0.0,0.0,1581417724,1000,1000,1000,1000,0,0,0,0
1785437889.6933448,idle_post,0,1000,1000,0.0,0.0,1581441116,1000,1000,1000,1000,0,0,0,0
1785437889.7082083,idle_post,0,1000,1000,0.0,0.0,1581458358,1000,1000,1000,1000,0,0,0,0
1785437889.731447,idle_post,0,1000,1000,0.0,0.0,1581482993,1000,1000,1000,1000,0,0,0,0
1785437889.7493138,idle_post,0,1000,1000,0.0,0.0,1581500219,1000,1000,1000,1000,0,0,0,0
1785437889.7718694,idle_post,0,1000,1000,0.0,0.0,1581521162,1000,1000,1000,1000,0,0,0,0
1785437889.791281,idle_post,0,1000,1000,0.0,0.0,1581538395,1000,1000,1000,1000,0,0,0,0
1785437889.8101501,idle_post,0,1000,1000,0.0,0.0,1581560562,1000,1000,1000,1000,0,0,0,0
1785437889.8282368,idle_post,0,1000,1000,0.0,0.0,1581577799,1000,1000,1000,1000,0,0,0,0
1785437889.8494148,idle_post,0,1000,1000,0.0,0.0,1581598735,1000,1000,1000,1000,0,0,0,0
1785437889.8717608,idle_post,0,1000,1000,0.0,0.0,1581620904,1000,1000,1000,1000,0,0,0,0
1785437889.8919425,idle_post,0,1000,1000,0.0,0.0,1581638135,1000,1000,1000,1000,0,0,0,0
1785437889.9092038,idle_post,0,1000,1000,0.0,0.0,1581660304,1000,1000,1000,1000,0,0,0,0
1785437889.9302952,idle_post,0,1000,1000,0.0,0.0,1581681229,1000,1000,1000,1000,0,0,0,0
1785437889.9482183,idle_post,0,1000,1000,0.0,0.0,1581698472,1000,1000,1000,1000,0,0,0,0
1785437889.9700162,idle_post,0,1000,1000,0.0,0.0,1581720656,1000,1000,1000,1000,0,0,0,0
1785437889.993402,idle_post,0,1000,1000,0.0,0.0,1581740341,1000,1000,1000,1000,0,0,0,0
1785437890.009247,idle_post,0,1000,1000,0.0,0.0,1581758810,1000,1000,1000,1000,0,0,0,0
1785437890.0305622,idle_post,0,1000,1000,0.0,0.0,1581780976,1000,1000,1000,1000,0,0,0,0
1785437890.0484369,idle_post,0,1000,1000,0.0,0.0,1581798216,1000,1000,1000,1000,0,0,0,0
1785437890.0721104,idle_post,0,1000,1000,0.0,0.0,1581820376,1000,1000,1000,1000,0,0,0,0
1785437890.0914097,idle_post,0,1000,1000,0.0,0.0,1581838870,1000,1000,1000,1000,0,0,0,0
1785437890.1095667,idle_post,0,1000,1000,0.0,0.0,1581861018,1000,1000,1000,1000,0,0,0,0
1785437890.1303287,idle_post,0,1000,1000,0.0,0.0,1581880727,1000,1000,1000,1000,0,0,0,0
1785437890.1482673,idle_post,0,1000,1000,0.0,0.0,1581897957,1000,1000,1000,1000,0,0,0,0
1785437890.1700656,idle_post,0,1000,1000,0.0,0.0,1581918888,1000,1000,1000,1000,0,0,0,0
1785437890.1934757,idle_post,0,1000,1000,0.0,0.0,1581941054,1000,1000,1000,1000,0,0,0,0
1785437890.2092323,idle_post,0,1000,1000,0.0,0.0,1581960761,1000,1000,1000,1000,0,0,0,0
1785437890.2303703,idle_post,0,1000,1000,0.0,0.0,1581980459,1000,1000,1000,1000,0,0,0,0
1785437890.2492194,idle_post,0,1000,1000,0.0,0.0,1581997706,1000,1000,1000,1000,0,0,0,0
1785437890.2701607,idle_post,0,1000,1000,0.0,0.0,1582018633,1000,1000,1000,1000,0,0,0,0
1785437890.2912965,idle_post,0,1000,1000,0.0,0.0,1582038335,1000,1000,1000,1000,0,0,0,0
1785437890.3092194,idle_post,0,1000,1000,0.0,0.0,1582060541,1000,1000,1000,1000,0,0,0,0
1785437890.3303657,idle_post,0,1000,1000,0.0,0.0,1582080198,1000,1000,1000,1000,0,0,0,0
1785437890.3482437,idle_post,0,1000,1000,0.0,0.0,1582098677,1000,1000,1000,1000,0,0,0,0
1785437890.3699899,idle_post,0,1000,1000,0.0,0.0,1582120847,1000,1000,1000,1000,0,0,0,0
1785437890.3945303,idle_post,0,1000,1000,0.0,0.0,1582143009,1000,1000,1000,1000,0,0,0,0
1785437890.4092686,idle_post,0,1000,1000,0.0,0.0,1582160238,1000,1000,1000,1000,0,0,0,0
1785437890.4308128,idle_post,0,1000,1000,0.0,0.0,1582181174,1000,1000,1000,1000,0,0,0,0
1785437890.4483078,idle_post,0,1000,1000,0.0,0.0,1582198411,1000,1000,1000,1000,0,0,0,0
1785437890.4726195,idle_post,0,1000,1000,0.0,0.0,1582220577,1000,1000,1000,1000,0,0,0,0
1785437890.4913554,idle_post,0,1000,1000,0.0,0.0,1582237825,1000,1000,1000,1000,0,0,0,0
1785437890.5095725,idle_post,0,1000,1000,0.0,0.0,1582258749,1000,1000,1000,1000,0,0,0,0
1785437890.5333447,idle_post,0,1000,1000,0.0,0.0,1582280923,1000,1000,1000,1000,0,0,0,0
1785437890.548948,idle_post,0,1000,1000,0.0,0.0,1582298157,1000,1000,1000,1000,0,0,0,0
1785437890.5700617,idle_post,0,1000,1000,0.0,0.0,1582320321,1000,1000,1000,1000,0,0,0,0
1785437890.5907114,idle_post,0,1000,1000,0.0,0.0,1582341248,1000,1000,1000,1000,0,0,0,0
1785437890.6087306,idle_post,0,1000,1000,0.0,0.0,1582358521,1000,1000,1000,1000,0,0,0,0
1785437890.6293008,idle_post,0,1000,1000,0.0,0.0,1582380655,1000,1000,1000,1000,0,0,0,0
1785437890.6503003,idle_post,0,1000,1000,0.0,0.0,1582400359,1000,1000,1000,1000,0,0,0,0
1785437890.6702216,idle_post,0,1000,1000,0.0,0.0,1582418828,1000,1000,1000,1000,0,0,0,0
1785437890.693494,idle_post,0,1000,1000,0.0,0.0,1582440996,1000,1000,1000,1000,0,0,0,0
1785437890.7096922,idle_post,0,1000,1000,0.0,0.0,1582459462,1000,1000,1000,1000,0,0,0,0
1785437890.728274,idle_post,0,1000,1000,0.0,0.0,1582479164,1000,1000,1000,1000,0,0,0,0
1785437890.7496517,idle_post,0,1000,1000,0.0,0.0,1582498872,1000,1000,1000,1000,0,0,0,0
1785437890.7714224,idle_post,0,1000,1000,0.0,0.0,1582519813,1000,1000,1000,1000,0,0,0,0
1785437890.7913337,idle_post,0,1000,1000,0.0,0.0,1582539503,1000,1000,1000,1000,0,0,0,0
1785437890.8102567,idle_post,0,1000,1000,0.0,0.0,1582561671,1000,1000,1000,1000,0,0,0,0
1785437890.8282883,idle_post,0,1000,1000,0.0,0.0,1582578904,1000,1000,1000,1000,0,0,0,0
1785437890.8493512,idle_post,0,1000,1000,0.0,0.0,1582599842,1000,1000,1000,1000,0,0,0,0
1785437890.8691936,idle_post,0,1000,1000,0.0,0.0,1582619540,1000,1000,1000,1000,0,0,0,0
1785437890.892337,idle_post,0,1000,1000,0.0,0.0,1582639243,1000,1000,1000,1000,0,0,0,0
1785437890.910248,idle_post,0,1000,1000,0.0,0.0,1582661417,1000,1000,1000,1000,0,0,0,0
1785437890.9282558,idle_post,0,1000,1000,0.0,0.0,1582677417,1000,1000,1000,1000,0,0,0,0
1785437890.9492795,idle_post,0,1000,1000,0.0,0.0,1582699581,1000,1000,1000,1000,0,0,0,0
1785437890.9689698,idle_post,0,1000,1000,0.0,0.0,1582719285,1000,1000,1000,1000,0,0,0,0
1785437890.9933307,idle_post,0,1000,1000,0.0,0.0,1582741449,1000,1000,1000,1000,0,0,0,0
1785437891.0082889,idle_post,0,1000,1000,0.0,0.0,1582757457,1000,1000,1000,1000,0,0,0,0
1785437891.0316308,idle_post,0,1000,1000,0.0,0.0,1582782091,1000,1000,1000,1000,0,0,0,0
1785437891.0515625,idle_post,0,1000,1000,0.0,0.0,1582801838,1000,1000,1000,1000,0,0,0,0
1785437891.0725372,idle_post,0,1000,1000,0.0,0.0,1582821494,1000,1000,1000,1000,0,0,0,0
1785437891.094001,idle_post,0,1000,1000,0.0,0.0,1582842424,1000,1000,1000,1000,0,0,0,0
1785437891.1082778,idle_post,0,1000,1000,0.0,0.0,1582859659,1000,1000,1000,1000,0,0,0,0
1785437891.1301696,idle_post,0,1000,1000,0.0,0.0,1582879362,1000,1000,1000,1000,0,0,0,0
1785437891.1482892,idle_post,0,1000,1000,0.0,0.0,1582899063,1000,1000,1000,1000,0,0,0,0
1785437891.171957,idle_post,0,1000,1000,0.0,0.0,1582918768,1000,1000,1000,1000,0,0,0,0
1785437891.1933873,idle_post,0,1000,1000,0.0,0.0,1582939703,1000,1000,1000,1000,0,0,0,0
1785437891.2089963,idle_post,0,1000,1000,0.0,0.0,1582959401,1000,1000,1000,1000,0,0,0,0
1785437891.229291,idle_post,0,1000,1000,0.0,0.0,1582979105,1000,1000,1000,1000,0,0,0,0
1785437891.2502813,idle_post,0,1000,1000,0.0,0.0,1583001265,1000,1000,1000,1000,0,0,0,0
1785437891.2692425,idle_post,0,1000,1000,0.0,0.0,1583019742,1000,1000,1000,1000,0,0,0,0
1785437891.2933538,idle_post,0,1000,1000,0.0,0.0,1583041902,1000,1000,1000,1000,0,0,0,0
1785437891.309273,idle_post,0,1000,1000,0.0,0.0,1583059144,1000,1000,1000,1000,0,0,0,0
1785437891.3303285,idle_post,0,1000,1000,0.0,0.0,1583081308,1000,1000,1000,1000,0,0,0,0
1785437891.3483298,idle_post,0,1000,1000,0.0,0.0,1583099783,1000,1000,1000,1000,0,0,0,0
1785437891.3700182,idle_post,0,1000,1000,0.0,0.0,1583119482,1000,1000,1000,1000,0,0,0,0
1785437891.3916485,idle_post,0,1000,1000,0.0,0.0,1583139179,1000,1000,1000,1000,0,0,0,0
1785437891.409288,idle_post,0,1000,1000,0.0,0.0,1583158884,1000,1000,1000,1000,0,0,0,0
1785437891.430326,idle_post,0,1000,1000,0.0,0.0,1583179822,1000,1000,1000,1000,0,0,0,0
1785437891.4483848,idle_post,0,1000,1000,0.0,0.0,1583199521,1000,1000,1000,1000,0,0,0,0
1785437891.4692602,idle_post,0,1000,1000,0.0,0.0,1583219224,1000,1000,1000,1000,0,0,0,0
1785437891.4935288,idle_post,0,1000,1000,0.0,0.0,1583241393,1000,1000,1000,1000,0,0,0,0
1785437891.5093622,idle_post,0,1000,1000,0.0,0.0,1583259857,1000,1000,1000,1000,0,0,0,0
1785437891.5303624,idle_post,0,1000,1000,0.0,0.0,1583279557,1000,1000,1000,1000,0,0,0,0
1785437891.5494702,idle_post,0,1000,1000,0.0,0.0,1583299261,1000,1000,1000,1000,0,0,0,0
1785437891.5714707,idle_post,0,1000,1000,0.0,0.0,1583321427,1000,1000,1000,1000,0,0,0,0
1785437891.5918097,idle_post,0,1000,1000,0.0,0.0,1583339897,1000,1000,1000,1000,0,0,0,0
1785437891.6095,idle_post,0,1000,1000,0.0,0.0,1583359636,1000,1000,1000,1000,0,0,0,0
1785437891.6290555,idle_post,0,1000,1000,0.0,0.0,1583379299,1000,1000,1000,1000,0,0,0,0
1785437891.6510694,idle_post,0,1000,1000,0.0,0.0,1583401466,1000,1000,1000,1000,0,0,0,0
1785437891.6692693,idle_post,0,1000,1000,0.0,0.0,1583416243,1000,1000,1000,1000,0,0,0,0
1785437891.6933858,idle_post,0,1000,1000,0.0,0.0,1583439640,1000,1000,1000,1000,0,0,0,0
1785437891.711643,idle_post,0,1000,1000,0.0,0.0,1583463037,1000,1000,1000,1000,0,0,0,0
1785437891.7293315,idle_post,0,1000,1000,0.0,0.0,1583480270,1000,1000,1000,1000,0,0,0,0
1785437891.7508836,idle_post,0,1000,1000,0.0,0.0,1583502458,1000,1000,1000,1000,0,0,0,0
1785437891.7733073,idle_post,0,1000,1000,0.0,0.0,1583520910,1000,1000,1000,1000,0,0,0,0
1785437891.7933547,idle_post,0,1000,1000,0.0,0.0,1583540608,1000,1000,1000,1000,0,0,0,0
1785437891.8082902,idle_post,0,1000,1000,0.0,0.0,1583557855,1000,1000,1000,1000,0,0,0,0
1785437891.8295672,idle_post,0,1000,1000,0.0,0.0,1583580018,1000,1000,1000,1000,0,0,0,0
1785437891.849361,idle_post,0,1000,1000,0.0,0.0,1583597256,1000,1000,1000,1000,0,0,0,0
1785437891.8716636,idle_post,0,1000,1000,0.0,0.0,1583620651,1000,1000,1000,1000,0,0,0,0
1785437891.8917797,idle_post,0,1000,1000,0.0,0.0,1583637888,1000,1000,1000,1000,0,0,0,0
1785437891.9093275,idle_post,0,1000,1000,0.0,0.0,1583660056,1000,1000,1000,1000,0,0,0,0
1785437891.9303076,idle_post,0,1000,1000,0.0,0.0,1583679760,1000,1000,1000,1000,0,0,0,0
1785437891.9482923,idle_post,0,1000,1000,0.0,0.0,1583698233,1000,1000,1000,1000,0,0,0,0
1785437891.9700036,idle_post,0,1000,1000,0.0,0.0,1583720389,1000,1000,1000,1000,0,0,0,0
1785437891.9934242,idle_post,0,1000,1000,0.0,0.0,1583740094,1000,1000,1000,1000,0,0,0,0
1785437892.0093827,idle_post,0,1000,1000,0.0,0.0,1583759798,1000,1000,1000,1000,0,0,0,0
1785437892.0305567,idle_post,0,1000,1000,0.0,0.0,1583780727,1000,1000,1000,1000,0,0,0,0
1785437892.0482929,idle_post,0,1000,1000,0.0,0.0,1583797973,1000,1000,1000,1000,0,0,0,0
1785437892.0721881,idle_post,0,1000,1000,0.0,0.0,1583820166,1000,1000,1000,1000,0,0,0,0
1785437892.0933747,idle_post,0,1000,1000,0.0,0.0,1583839842,1000,1000,1000,1000,0,0,0,0
1785437892.1083493,idle_post,0,1000,1000,0.0,0.0,1583858309,1000,1000,1000,1000,0,0,0,0
1785437892.130292,idle_post,0,1000,1000,0.0,0.0,1583880471,1000,1000,1000,1000,0,0,0,0
1785437892.1483006,idle_post,0,1000,1000,0.0,0.0,1583897712,1000,1000,1000,1000,0,0,0,0
1785437892.170038,idle_post,0,1000,1000,0.0,0.0,1583919881,1000,1000,1000,1000,0,0,0,0
1785437892.1935368,idle_post,0,1000,1000,0.0,0.0,1583940808,1000,1000,1000,1000,0,0,0,0
1785437892.2083213,idle_post,0,1000,1000,0.0,0.0,1583958051,1000,1000,1000,1000,0,0,0,0
1785437892.22994,idle_post,0,1000,1000,0.0,0.0,1583980213,1000,1000,1000,1000,0,0,0,0
1785437892.2483034,idle_post,0,1000,1000,0.0,0.0,1583997453,1000,1000,1000,1000,0,0,0,0
1785437892.270418,idle_post,0,1000,1000,0.0,0.0,1584020847,1000,1000,1000,1000,0,0,0,0
1785437892.293383,idle_post,0,1000,1000,0.0,0.0,1584040545,1000,1000,1000,1000,0,0,0,0
1785437892.3083248,idle_post,0,1000,1000,0.0,0.0,1584057788,1000,1000,1000,1000,0,0,0,0
1785437892.330306,idle_post,0,1000,1000,0.0,0.0,1584079963,1000,1000,1000,1000,0,0,0,0
1785437892.348305,idle_post,0,1000,1000,0.0,0.0,1584098437,1000,1000,1000,1000,0,0,0,0
1785437892.3700578,idle_post,0,1000,1000,0.0,0.0,1584120585,1000,1000,1000,1000,0,0,0,0
1785437892.3942862,idle_post,0,1000,1000,0.0,0.0,1584142758,1000,1000,1000,1000,0,0,0,0
1785437892.4093473,idle_post,0,1000,1000,0.0,0.0,1584159996,1000,1000,1000,1000,0,0,0,0
1785437892.4306033,idle_post,0,1000,1000,0.0,0.0,1584180927,1000,1000,1000,1000,0,0,0,0
1785437892.4482827,idle_post,0,1000,1000,0.0,0.0,1584198164,1000,1000,1000,1000,0,0,0,0
1785437892.470894,idle_post,0,1000,1000,0.0,0.0,1584220365,1000,1000,1000,1000,0,0,0,0
1785437892.493373,idle_post,0,1000,1000,0.0,0.0,1584240038,1000,1000,1000,1000,0,0,0,0
1785437892.5095913,idle_post,0,1000,1000,0.0,0.0,1584259731,1000,1000,1000,1000,0,0,0,0
1785437892.5302913,idle_post,0,1000,1000,0.0,0.0,1584280674,1000,1000,1000,1000,0,0,0,0
1785437892.548742,idle_post,0,1000,1000,0.0,0.0,1584297907,1000,1000,1000,1000,0,0,0,0
1785437892.5700073,idle_post,0,1000,1000,0.0,0.0,1584320076,1000,1000,1000,1000,0,0,0,0
1785437892.5913303,idle_post,0,1000,1000,0.0,0.0,1584339822,1000,1000,1000,1000,0,0,0,0
1785437892.608293,idle_post,0,1000,1000,0.0,0.0,1584358244,1000,1000,1000,1000,0,0,0,0
1785437892.6292949,idle_post,0,1000,1000,0.0,0.0,1584380416,1000,1000,1000,1000,0,0,0,0
1785437892.653481,idle_post,0,1000,1000,0.0,0.0,1584400115,1000,1000,1000,1000,0,0,0,0
1785437892.6692808,idle_post,0,1000,1000,0.0,0.0,1584419814,1000,1000,1000,1000,0,0,0,0
1785437892.6924193,idle_post,0,1000,1000,0.0,0.0,1584440747,1000,1000,1000,1000,0,0,0,0
1785437892.7083397,idle_post,0,1000,1000,0.0,0.0,1584455530,1000,1000,1000,1000,0,0,0,0
1785437892.7293732,idle_post,0,1000,1000,0.0,0.0,1584478926,1000,1000,1000,1000,0,0,0,0
1785437892.7503786,idle_post,0,1000,1000,0.0,0.0,1584501082,1000,1000,1000,1000,0,0,0,0
1785437892.7690423,idle_post,0,1000,1000,0.0,0.0,1584518325,1000,1000,1000,1000,0,0,0,0
1785437892.7908037,idle_post,0,1000,1000,0.0,0.0,1584541726,1000,1000,1000,1000,0,0,0,0
1785437892.808482,idle_post,0,1000,1000,0.0,0.0,1584558970,1000,1000,1000,1000,0,0,0,0
1785437892.8294353,idle_post,0,1000,1000,0.0,0.0,1584578673,1000,1000,1000,1000,0,0,0,0
1785437892.8504071,idle_post,0,1000,1000,0.0,0.0,1584600823,1000,1000,1000,1000,0,0,0,0
1785437892.8727348,idle_post,0,1000,1000,0.0,0.0,1584621760,1000,1000,1000,1000,0,0,0,0
1785437892.8918595,idle_post,0,1000,1000,0.0,0.0,1584639007,1000,1000,1000,1000,0,0,0,0
1785437892.909327,idle_post,0,1000,1000,0.0,0.0,1584658705,1000,1000,1000,1000,0,0,0,0
1785437892.9283285,idle_post,0,1000,1000,0.0,0.0,1584678433,1000,1000,1000,1000,0,0,0,0
1785437892.949354,idle_post,0,1000,1000,0.0,0.0,1584699337,1000,1000,1000,1000,0,0,0,0
1785437892.9715493,idle_post,0,1000,1000,0.0,0.0,1584721496,1000,1000,1000,1000,0,0,0,0
1785437892.991451,idle_post,0,1000,1000,0.0,0.0,1584738739,1000,1000,1000,1000,0,0,0,0
1785437893.009328,idle_post,0,1000,1000,0.0,0.0,1584758443,1000,1000,1000,1000,0,0,0,0
1785437893.0315695,idle_post,0,1000,1000,0.0,0.0,1584781840,1000,1000,1000,1000,0,0,0,0
1785437893.0496933,idle_post,0,1000,1000,0.0,0.0,1584799081,1000,1000,1000,1000,0,0,0,0
1785437893.0743332,idle_post,0,1000,1000,0.0,0.0,1584821241,1000,1000,1000,1000,0,0,0,0
1785437893.0937831,idle_post,0,1000,1000,0.0,0.0,1584840942,1000,1000,1000,1000,0,0,0,0
1785437893.1083574,idle_post,0,1000,1000,0.0,0.0,1584859414,1000,1000,1000,1000,0,0,0,0
1785437893.133432,idle_post,0,1000,1000,0.0,0.0,1584881582,1000,1000,1000,1000,0,0,0,0
1785437893.1497626,idle_post,0,1000,1000,0.0,0.0,1584898823,1000,1000,1000,1000,0,0,0,0
1785437893.1722567,idle_post,0,1000,1000,0.0,0.0,1584920989,1000,1000,1000,1000,0,0,0,0
1785437893.192354,idle_post,0,1000,1000,0.0,0.0,1584938260,1000,1000,1000,1000,0,0,0,0
1785437893.2106118,idle_post,0,1000,1000,0.0,0.0,1584961616,1000,1000,1000,1000,0,0,0,0
1785437893.2284482,idle_post,0,1000,1000,0.0,0.0,1584978859,1000,1000,1000,1000,0,0,0,0
1785437893.2503998,idle_post,0,1000,1000,0.0,0.0,1585001022,1000,1000,1000,1000,0,0,0,0
1785437893.269382,idle_post,0,1000,1000,0.0,0.0,1585018266,1000,1000,1000,1000,0,0,0,0
1785437893.292559,idle_post,0,1000,1000,0.0,0.0,1585039204,1000,1000,1000,1000,0,0,0,0
1785437893.310368,idle_post,0,1000,1000,0.0,0.0,1585061374,1000,1000,1000,1000,0,0,0,0
1785437893.328334,idle_post,0,1000,1000,0.0,0.0,1585078598,1000,1000,1000,1000,0,0,0,0
1785437893.349341,idle_post,0,1000,1000,0.0,0.0,1585100764,1000,1000,1000,1000,0,0,0,0
1785437893.3691103,idle_post,0,1000,1000,0.0,0.0,1585119236,1000,1000,1000,1000,0,0,0,0
1785437893.3923974,idle_post,0,1000,1000,0.0,0.0,1585138939,1000,1000,1000,1000,0,0,0,0
1785437893.4083118,idle_post,0,1000,1000,0.0,0.0,1585158637,1000,1000,1000,1000,0,0,0,0
1785437893.4303987,idle_post,0,1000,1000,0.0,0.0,1585180801,1000,1000,1000,1000,0,0,0,0
1785437893.4483314,idle_post,0,1000,1000,0.0,0.0,1585199276,1000,1000,1000,1000,0,0,0,0
1785437893.4717474,idle_post,0,1000,1000,0.0,0.0,1585221438,1000,1000,1000,1000,0,0,0,0
1785437893.4915507,idle_post,0,1000,1000,0.0,0.0,1585238679,1000,1000,1000,1000,0,0,0,0
1785437893.509356,idle_post,0,1000,1000,0.0,0.0,1585260848,1000,1000,1000,1000,0,0,0,0
1785437893.5304027,idle_post,0,1000,1000,0.0,0.0,1585281781,1000,1000,1000,1000,0,0,0,0
1785437893.5483286,idle_post,0,1000,1000,0.0,0.0,1585299018,1000,1000,1000,1000,0,0,0,0
1785437893.5700507,idle_post,0,1000,1000,0.0,0.0,1585318718,1000,1000,1000,1000,0,0,0,0
1785437893.591428,idle_post,0,1000,1000,0.0,0.0,1585338417,1000,1000,1000,1000,0,0,0,0
1785437893.6094277,idle_post,0,1000,1000,0.0,0.0,1585359352,1000,1000,1000,1000,0,0,0,0
1785437893.6304164,idle_post,0,1000,1000,0.0,0.0,1585381516,1000,1000,1000,1000,0,0,0,0
1785437893.648463,idle_post,0,1000,1000,0.0,0.0,1585398755,1000,1000,1000,1000,0,0,0,0
1785437893.6704159,idle_post,0,1000,1000,0.0,0.0,1585420926,1000,1000,1000,1000,0,0,0,0
1785437893.6916611,idle_post,0,1000,1000,0.0,0.0,1585441857,1000,1000,1000,1000,0,0,0,0
1785437893.7093923,idle_post,0,1000,1000,0.0,0.0,1585459098,1000,1000,1000,1000,0,0,0,0
1785437893.7312107,idle_post,0,1000,1000,0.0,0.0,1585482493,1000,1000,1000,1000,0,0,0,0
1785437893.7483687,idle_post,0,1000,1000,0.0,0.0,1585499731,1000,1000,1000,1000,0,0,0,0
1785437893.7736185,idle_post,0,1000,1000,0.0,0.0,1585521898,1000,1000,1000,1000,0,0,0,0
1785437893.7914276,idle_post,0,1000,1000,0.0,0.0,1585537902,1000,1000,1000,1000,0,0,0,0
1785437893.8100839,idle_post,0,1000,1000,0.0,0.0,1585560066,1000,1000,1000,1000,0,0,0,0
1785437893.8303785,idle_post,0,1000,1000,0.0,0.0,1585579806,1000,1000,1000,1000,0,0,0,0
1785437893.8491156,idle_post,0,1000,1000,0.0,0.0,1585599471,1000,1000,1000,1000,0,0,0,0
1785437893.8702972,idle_post,0,1000,1000,0.0,0.0,1585620407,1000,1000,1000,1000,0,0,0,0
1785437893.8919153,idle_post,0,1000,1000,0.0,0.0,1585640108,1000,1000,1000,1000,0,0,0,0
1785437893.9094274,idle_post,0,1000,1000,0.0,0.0,1585659813,1000,1000,1000,1000,0,0,0,0
1785437893.9304428,idle_post,0,1000,1000,0.0,0.0,1585679513,1000,1000,1000,1000,0,0,0,0
1785437893.9484396,idle_post,0,1000,1000,0.0,0.0,1585699214,1000,1000,1000,1000,0,0,0,0
1785437893.9698136,idle_post,0,1000,1000,0.0,0.0,1585720146,1000,1000,1000,1000,0,0,0,0
1785437893.9934134,idle_post,0,1000,1000,0.0,0.0,1585739853,1000,1000,1000,1000,0,0,0,0
1785437894.0084434,idle_post,0,1000,1000,0.0,0.0,1585759546,1000,1000,1000,1000,0,0,0,0
1785437894.0293498,idle_post,0,1000,1000,0.0,0.0,1585779263,1000,1000,1000,1000,0,0,0,0
1785437894.0485985,idle_post,0,1000,1000,0.0,0.0,1585797761,1000,1000,1000,1000,0,0,0,0
1785437894.0722353,idle_post,0,1000,1000,0.0,0.0,1585819891,1000,1000,1000,1000,0,0,0,0
1785437894.093643,idle_post,0,1000,1000,0.0,0.0,1585842057,1000,1000,1000,1000,0,0,0,0
1785437894.1084418,idle_post,0,1000,1000,0.0,0.0,1585859290,1000,1000,1000,1000,0,0,0,0
1785437894.1303334,idle_post,0,1000,1000,0.0,0.0,1585880248,1000,1000,1000,1000,0,0,0,0
1785437894.1487014,idle_post,0,1000,1000,0.0,0.0,1585899930,1000,1000,1000,1000,0,0,0,0
1785437894.1701567,idle_post,0,1000,1000,0.0,0.0,1585919626,1000,1000,1000,1000,0,0,0,0
1785437894.1934671,idle_post,0,1000,1000,0.0,0.0,1585941798,1000,1000,1000,1000,0,0,0,0
1785437894.2093613,idle_post,0,1000,1000,0.0,0.0,1585960265,1000,1000,1000,1000,0,0,0,0
1785437894.2285872,idle_post,0,1000,1000,0.0,0.0,1585979975,1000,1000,1000,1000,0,0,0,0
1785437894.2498152,idle_post,0,1000,1000,0.0,0.0,1585999675,1000,1000,1000,1000,0,0,0,0
1785437894.2717965,idle_post,0,1000,1000,0.0,0.0,1586021831,1000,1000,1000,1000,0,0,0,0
1785437894.2915604,idle_post,0,1000,1000,0.0,0.0,1586037839,1000,1000,1000,1000,0,0,0,0
1785437894.3104937,idle_post,0,1000,1000,0.0,0.0,1586060014,1000,1000,1000,1000,0,0,0,0
1785437894.3287597,idle_post,0,1000,1000,0.0,0.0,1586079706,1000,1000,1000,1000,0,0,0,0
1785437894.351671,idle_post,0,1000,1000,0.0,0.0,1586101872,1000,1000,1000,1000,0,0,0,0
1785437894.3701286,idle_post,0,1000,1000,0.0,0.0,1586120352,1000,1000,1000,1000,0,0,0,0
1785437894.394048,idle_post,0,1000,1000,0.0,0.0,1586142513,1000,1000,1000,1000,0,0,0,0
1785437894.4084592,idle_post,0,1000,1000,0.0,0.0,1586159749,1000,1000,1000,1000,0,0,0,0
1785437894.4303224,idle_post,0,1000,1000,0.0,0.0,1586179446,1000,1000,1000,1000,0,0,0,0
1785437894.4485307,idle_post,0,1000,1000,0.0,0.0,1586197918,1000,1000,1000,1000,0,0,0,0
1785437894.4707792,idle_post,0,1000,1000,0.0,0.0,1586220091,1000,1000,1000,1000,0,0,0,0
1785437894.493479,idle_post,0,1000,1000,0.0,0.0,1586239793,1000,1000,1000,1000,0,0,0,0
1785437894.5093133,idle_post,0,1000,1000,0.0,0.0,1586259485,1000,1000,1000,1000,0,0,0,0
1785437894.5313816,idle_post,0,1000,1000,0.0,0.0,1586280426,1000,1000,1000,1000,0,0,0,0
1785437894.5494661,idle_post,0,1000,1000,0.0,0.0,1586300127,1000,1000,1000,1000,0,0,0,0
1785437894.5703418,idle_post,0,1000,1000,0.0,0.0,1586319830,1000,1000,1000,1000,0,0,0,0
1785437894.5925312,idle_post,0,1000,1000,0.0,0.0,1586339526,1000,1000,1000,1000,0,0,0,0
1785437894.610355,idle_post,0,1000,1000,0.0,0.0,1586359235,1000,1000,1000,1000,0,0,0,0
1785437894.6294944,idle_post,0,1000,1000,0.0,0.0,1586380172,1000,1000,1000,1000,0,0,0,0
1785437894.6503785,idle_post,0,1000,1000,0.0,0.0,1586399866,1000,1000,1000,1000,0,0,0,0
1785437894.6694221,idle_post,0,1000,1000,0.0,0.0,1586419566,1000,1000,1000,1000,0,0,0,0
1785437894.692606,idle_post,0,1000,1000,0.0,0.0,1586439268,1000,1000,1000,1000,0,0,0,0
1785437894.708361,idle_post,0,1000,1000,0.0,0.0,1586457740,1000,1000,1000,1000,0,0,0,0
1785437894.7297497,idle_post,0,1000,1000,0.0,0.0,1586481157,1000,1000,1000,1000,0,0,0,0
1785437894.7505016,idle_post,0,1000,1000,0.0,0.0,1586500837,1000,1000,1000,1000,0,0,0,0
1785437894.7691715,idle_post,0,1000,1000,0.0,0.0,1586518079,1000,1000,1000,1000,0,0,0,0
1785437894.7934692,idle_post,0,1000,1000,0.0,0.0,1586541475,1000,1000,1000,1000,0,0,0,0
1785437894.8085165,idle_post,0,1000,1000,0.0,0.0,1586558712,1000,1000,1000,1000,0,0,0,0
1785437894.829511,idle_post,0,1000,1000,0.0,0.0,1586580876,1000,1000,1000,1000,0,0,0,0
1785437894.8503916,idle_post,0,1000,1000,0.0,0.0,1586600582,1000,1000,1000,1000,0,0,0,0
1785437894.8694153,idle_post,0,1000,1000,0.0,0.0,1586617823,1000,1000,1000,1000,0,0,0,0
1785437894.8926203,idle_post,0,1000,1000,0.0,0.0,1586638751,1000,1000,1000,1000,0,0,0,0
1785437894.908379,idle_post,0,1000,1000,0.0,0.0,1586658452,1000,1000,1000,1000,0,0,0,0
1785437894.9294608,idle_post,0,1000,1000,0.0,0.0,1586680622,1000,1000,1000,1000,0,0,0,0
1785437894.9503903,idle_post,0,1000,1000,0.0,0.0,1586700323,1000,1000,1000,1000,0,0,0,0
1785437894.969156,idle_post,0,1000,1000,0.0,0.0,1586718794,1000,1000,1000,1000,0,0,0,0
1785437894.992594,idle_post,0,1000,1000,0.0,0.0,1586740962,1000,1000,1000,1000,0,0,0,0
1785437895.0115514,idle_post,0,1000,1000,0.0,0.0,1586760665,1000,1000,1000,1000,0,0,0,0
1785437895.0294783,idle_post,0,1000,1000,0.0,0.0,1586780359,1000,1000,1000,1000,0,0,0,0
1785437895.0510943,idle_post,0,1000,1000,0.0,0.0,1586801298,1000,1000,1000,1000,0,0,0,0
1785437895.0714662,idle_post,0,1000,1000,0.0,0.0,1586818531,1000,1000,1000,1000,0,0,0,0
1785437895.0934935,idle_post,0,1000,1000,0.0,0.0,1586840734,1000,1000,1000,1000,0,0,0,0
1785437895.1084418,idle_post,0,1000,1000,0.0,0.0,1586857938,1000,1000,1000,1000,0,0,0,0
1785437895.1298375,idle_post,0,1000,1000,0.0,0.0,1586878872,1000,1000,1000,1000,0,0,0,0
1785437895.1495402,idle_post,0,1000,1000,0.0,0.0,1586898572,1000,1000,1000,1000,0,0,0,0
1785437895.171747,idle_post,0,1000,1000,0.0,0.0,1586920742,1000,1000,1000,1000,0,0,0,0
1785437895.192705,idle_post,0,1000,1000,0.0,0.0,1586940477,1000,1000,1000,1000,0,0,0,0
1785437895.2099109,idle_post,0,1000,1000,0.0,0.0,1586958913,1000,1000,1000,1000,0,0,0,0
1785437895.2304685,idle_post,0,1000,1000,0.0,0.0,1586981082,1000,1000,1000,1000,0,0,0,0
1785437895.2483835,idle_post,0,1000,1000,0.0,0.0,1586998313,1000,1000,1000,1000,0,0,0,0
1785437895.270371,idle_post,0,1000,1000,0.0,0.0,1587020481,1000,1000,1000,1000,0,0,0,0
1785437895.2936106,idle_post,0,1000,1000,0.0,0.0,1587041409,1000,1000,1000,1000,0,0,0,0
1785437895.3083763,idle_post,0,1000,1000,0.0,0.0,1587058651,1000,1000,1000,1000,0,0,0,0
1785437895.3293755,idle_post,0,1000,1000,0.0,0.0,1587080822,1000,1000,1000,1000,0,0,0,0
1785437895.3487422,idle_post,0,1000,1000,0.0,0.0,1587098062,1000,1000,1000,1000,0,0,0,0
1785437895.370088,idle_post,0,1000,1000,0.0,0.0,1587117790,1000,1000,1000,1000,0,0,0,0
1785437895.3935502,idle_post,0,1000,1000,0.0,0.0,1587141150,1000,1000,1000,1000,0,0,0,0
1785437895.408773,idle_post,0,1000,1000,0.0,0.0,1587158392,1000,1000,1000,1000,0,0,0,0
1785437895.4305081,idle_post,0,1000,1000,0.0,0.0,1587180557,1000,1000,1000,1000,0,0,0,0
1785437895.4484496,idle_post,0,1000,1000,0.0,0.0,1587197799,1000,1000,1000,1000,0,0,0,0
1785437895.470415,idle_post,0,1000,1000,0.0,0.0,1587218727,1000,1000,1000,1000,0,0,0,0
1785437895.4937055,idle_post,0,1000,1000,0.0,0.0,1587240899,1000,1000,1000,1000,0,0,0,0
1785437895.5093844,idle_post,0,1000,1000,0.0,0.0,1587260595,1000,1000,1000,1000,0,0,0,0
1785437895.530508,idle_post,0,1000,1000,0.0,0.0,1587280301,1000,1000,1000,1000,0,0,0,0
1785437895.5484838,idle_post,0,1000,1000,0.0,0.0,1587298768,1000,1000,1000,1000,0,0,0,0
1785437895.5701735,idle_post,0,1000,1000,0.0,0.0,1587318470,1000,1000,1000,1000,0,0,0,0
1785437895.593578,idle_post,0,1000,1000,0.0,0.0,1587340634,1000,1000,1000,1000,0,0,0,0
1785437895.6083984,idle_post,0,1000,1000,0.0,0.0,1587357881,1000,1000,1000,1000,0,0,0,0
1785437895.6304905,idle_post,0,1000,1000,0.0,0.0,1587381275,1000,1000,1000,1000,0,0,0,0
1785437895.648411,idle_post,0,1000,1000,0.0,0.0,1587398511,1000,1000,1000,1000,0,0,0,0
1785437895.6710062,idle_post,0,1000,1000,0.0,0.0,1587420677,1000,1000,1000,1000,0,0,0,0
1785437895.6949008,idle_post,0,1000,1000,0.0,0.0,1587442847,1000,1000,1000,1000,0,0,0,0
1785437895.7094424,idle_post,0,1000,1000,0.0,0.0,1587458846,1000,1000,1000,1000,0,0,0,0
1785437895.7309308,idle_post,0,1000,1000,0.0,0.0,1587478552,1000,1000,1000,1000,0,0,0,0
1785437895.748419,idle_post,0,1000,1000,0.0,0.0,1587499484,1000,1000,1000,1000,0,0,0,0
1785437895.7722278,idle_post,0,1000,1000,0.0,0.0,1587521658,1000,1000,1000,1000,0,0,0,0
1785437895.7920501,idle_post,0,1000,1000,0.0,0.0,1587538893,1000,1000,1000,1000,0,0,0,0
1785437895.8104534,idle_post,0,1000,1000,0.0,0.0,1587559824,1000,1000,1000,1000,0,0,0,0
1785437895.8294346,idle_post,0,1000,1000,0.0,0.0,1587579520,1000,1000,1000,1000,0,0,0,0
1785437895.8504329,idle_post,0,1000,1000,0.0,0.0,1587601691,1000,1000,1000,1000,0,0,0,0
1785437895.8697813,idle_post,0,1000,1000,0.0,0.0,1587618929,1000,1000,1000,1000,0,0,0,0
1785437895.89158,idle_post,0,1000,1000,0.0,0.0,1587639860,1000,1000,1000,1000,0,0,0,0
1785437895.908648,idle_post,0,1000,1000,0.0,0.0,1587659567,1000,1000,1000,1000,0,0,0,0
1785437895.930463,idle_post,0,1000,1000,0.0,0.0,1587681726,1000,1000,1000,1000,0,0,0,0
1785437895.9494584,idle_post,0,1000,1000,0.0,0.0,1587698976,1000,1000,1000,1000,0,0,0,0
1785437895.9715965,idle_post,0,1000,1000,0.0,0.0,1587719902,1000,1000,1000,1000,0,0,0,0
1785437895.9915273,idle_post,0,1000,1000,0.0,0.0,1587739602,1000,1000,1000,1000,0,0,0,0
1785437896.0094004,idle_post,0,1000,1000,0.0,0.0,1587759301,1000,1000,1000,1000,0,0,0,0
1785437896.0284104,idle_post,0,1000,1000,0.0,0.0,1587779012,1000,1000,1000,1000,0,0,0,0
1785437896.0493982,idle_post,0,1000,1000,0.0,0.0,1587799965,1000,1000,1000,1000,0,0,0,0
1785437896.0735378,idle_post,0,1000,1000,0.0,0.0,1587819642,1000,1000,1000,1000,0,0,0,0
1785437896.0914843,idle_post,0,1000,1000,0.0,0.0,1587839343,1000,1000,1000,1000,0,0,0,0
1785437896.1094391,idle_post,0,1000,1000,0.0,0.0,1587859075,1000,1000,1000,1000,0,0,0,0
1785437896.130409,idle_post,0,1000,1000,0.0,0.0,1587879983,1000,1000,1000,1000,0,0,0,0
1785437896.1494138,idle_post,0,1000,1000,0.0,0.0,1587899680,1000,1000,1000,1000,0,0,0,0
1785437896.171963,idle_post,0,1000,1000,0.0,0.0,1587921843,1000,1000,1000,1000,0,0,0,0
1785437896.1914968,idle_post,0,1000,1000,0.0,0.0,1587939088,1000,1000,1000,1000,0,0,0,0
1785437896.209811,idle_post,0,1000,1000,0.0,0.0,1587958792,1000,1000,1000,1000,0,0,0,0
1785437896.2284393,idle_post,0,1000,1000,0.0,0.0,1587979724,1000,1000,1000,1000,0,0,0,0
1785437896.2494707,idle_post,0,1000,1000,0.0,0.0,1587999423,1000,1000,1000,1000,0,0,0,0
1785437896.2693517,idle_post,0,1000,1000,0.0,0.0,1588019130,1000,1000,1000,1000,0,0,0,0
1785437896.2935524,idle_post,0,1000,1000,0.0,0.0,1588041283,1000,1000,1000,1000,0,0,0,0
1785437896.308463,idle_post,0,1000,1000,0.0,0.0,1588059757,1000,1000,1000,1000,0,0,0,0
1785437896.3320296,idle_post,0,1000,1000,0.0,0.0,1588081923,1000,1000,1000,1000,0,0,0,0
1785437896.3494425,idle_post,0,1000,1000,0.0,0.0,1588099167,1000,1000,1000,1000,0,0,0,0
1785437896.372318,idle_post,0,1000,1000,0.0,0.0,1588121327,1000,1000,1000,1000,0,0,0,0
1785437896.391488,idle_post,0,1000,1000,0.0,0.0,1588139798,1000,1000,1000,1000,0,0,0,0
1785437896.4107985,idle_post,0,1000,1000,0.0,0.0,1588161970,1000,1000,1000,1000,0,0,0,0
1785437896.4284086,idle_post,0,1000,1000,0.0,0.0,1588179205,1000,1000,1000,1000,0,0,0,0
1785437896.4499185,idle_post,0,1000,1000,0.0,0.0,1588198904,1000,1000,1000,1000,0,0,0,0
1785437896.4706526,idle_post,0,1000,1000,0.0,0.0,1588219841,1000,1000,1000,1000,0,0,0,0
1785437896.4936123,idle_post,0,1000,1000,0.0,0.0,1588239542,1000,1000,1000,1000,0,0,0,0
1785437896.509056,idle_post,0,1000,1000,0.0,0.0,1588259247,1000,1000,1000,1000,0,0,0,0
1785437896.5294821,idle_post,0,1000,1000,0.0,0.0,1588278944,1000,1000,1000,1000,0,0,0,0
1785437896.5504258,idle_post,0,1000,1000,0.0,0.0,1588299879,1000,1000,1000,1000,0,0,0,0
1785437896.5691314,idle_post,0,1000,1000,0.0,0.0,1588319579,1000,1000,1000,1000,0,0,0,0
1785437896.5925007,idle_post,0,1000,1000,0.0,0.0,1588339290,1000,1000,1000,1000,0,0,0,0
1785437896.6104362,idle_post,0,1000,1000,0.0,0.0,1588361445,1000,1000,1000,1000,0,0,0,0
1785437896.6294327,idle_post,0,1000,1000,0.0,0.0,1588379917,1000,1000,1000,1000,0,0,0,0
1785437896.6507869,idle_post,0,1000,1000,0.0,0.0,1588402087,1000,1000,1000,1000,0,0,0,0
1785437896.6695812,idle_post,0,1000,1000,0.0,0.0,1588419332,1000,1000,1000,1000,0,0,0,0
1785437896.6925392,idle_post,0,1000,1000,0.0,0.0,1588439024,1000,1000,1000,1000,0,0,0,0
1785437896.7104251,idle_post,0,1000,1000,0.0,0.0,1588459959,1000,1000,1000,1000,0,0,0,0
1785437896.7284205,idle_post,0,1000,1000,0.0,0.0,1588479656,1000,1000,1000,1000,0,0,0,0
1785437896.7504437,idle_post,0,1000,1000,0.0,0.0,1588500590,1000,1000,1000,1000,0,0,0,0
1785437896.7691557,idle_post,0,1000,1000,0.0,0.0,1588517843,1000,1000,1000,1000,0,0,0,0
1785437896.7925346,idle_post,0,1000,1000,0.0,0.0,1588539996,1000,1000,1000,1000,0,0,0,0
1785437896.810462,idle_post,0,1000,1000,0.0,0.0,1588560929,1000,1000,1000,1000,0,0,0,0
1785437896.829459,idle_post,0,1000,1000,0.0,0.0,1588580631,1000,1000,1000,1000,0,0,0,0
1785437896.8505404,idle_post,0,1000,1000,0.0,0.0,1588600362,1000,1000,1000,1000,0,0,0,0
1785437896.869499,idle_post,0,1000,1000,0.0,0.0,1588617573,1000,1000,1000,1000,0,0,0,0
1785437896.8925955,idle_post,0,1000,1000,0.0,0.0,1588638508,1000,1000,1000,1000,0,0,0,0
1785437896.9104617,idle_post,0,1000,1000,0.0,0.0,1588660672,1000,1000,1000,1000,0,0,0,0
1785437896.9284546,idle_post,0,1000,1000,0.0,0.0,1588677912,1000,1000,1000,1000,0,0,0,0
1785437896.9505365,idle_post,0,1000,1000,0.0,0.0,1588700080,1000,1000,1000,1000,0,0,0,0
1785437896.9692612,idle_post,0,1000,1000,0.0,0.0,1588717315,1000,1000,1000,1000,0,0,0,0
1785437896.992692,idle_post,0,1000,1000,0.0,0.0,1588740709,1000,1000,1000,1000,0,0,0,0
1785437897.0114868,idle_post,0,1000,1000,0.0,0.0,1588762884,1000,1000,1000,1000,0,0,0,0
1785437897.0294402,idle_post,0,1000,1000,0.0,0.0,1588780113,1000,1000,1000,1000,0,0,0,0
1785437897.051332,idle_post,0,1000,1000,0.0,0.0,1588799821,1000,1000,1000,1000,0,0,0,0
1785437897.0757823,idle_post,0,1000,1000,0.0,0.0,1588820747,1000,1000,1000,1000,0,0,0,0
1785437897.0933118,idle_post,0,1000,1000,0.0,0.0,1588840450,1000,1000,1000,1000,0,0,0,0
1785437897.1089444,idle_post,0,1000,1000,0.0,0.0,1588860155,1000,1000,1000,1000,0,0,0,0
1785437897.1306553,idle_post,0,1000,1000,0.0,0.0,1588879862,1000,1000,1000,1000,0,0,0,0
1785437897.1492991,idle_post,0,1000,1000,0.0,0.0,1588898375,1000,1000,1000,1000,0,0,0,0
1785437897.1716452,idle_post,0,1000,1000,0.0,0.0,1588920494,1000,1000,1000,1000,0,0,0,0
1785437897.1915278,idle_post,0,1000,1000,0.0,0.0,1588937734,1000,1000,1000,1000,0,0,0,0
1785437897.2104397,idle_post,0,1000,1000,0.0,0.0,1588959899,1000,1000,1000,1000,0,0,0,0
1785437897.228464,idle_post,0,1000,1000,0.0,0.0,1588978368,1000,1000,1000,1000,0,0,0,0
1785437897.2494633,idle_post,0,1000,1000,0.0,0.0,1589000532,1000,1000,1000,1000,0,0,0,0
1785437897.2718575,idle_post,0,1000,1000,0.0,0.0,1589020231,1000,1000,1000,1000,0,0,0,0
1785437897.2925258,idle_post,0,1000,1000,0.0,0.0,1589039941,1000,1000,1000,1000,0,0,0,0
1785437897.310453,idle_post,0,1000,1000,0.0,0.0,1589060865,1000,1000,1000,1000,0,0,0,0
1785437897.3284438,idle_post,0,1000,1000,0.0,0.0,1589078122,1000,1000,1000,1000,0,0,0,0
1785437897.349476,idle_post,0,1000,1000,0.0,0.0,1589100268,1000,1000,1000,1000,0,0,0,0
1785437897.3716002,idle_post,0,1000,1000,0.0,0.0,1589120019,1000,1000,1000,1000,0,0,0,0
1785437897.3915362,idle_post,0,1000,1000,0.0,0.0,1589138450,1000,1000,1000,1000,0,0,0,0
1785437897.4107203,idle_post,0,1000,1000,0.0,0.0,1589160604,1000,1000,1000,1000,0,0,0,0
1785437897.4284408,idle_post,0,1000,1000,0.0,0.0,1589177847,1000,1000,1000,1000,0,0,0,0
1785437897.450442,idle_post,0,1000,1000,0.0,0.0,1589200020,1000,1000,1000,1000,0,0,0,0
1785437897.4704401,idle_post,0,1000,1000,0.0,0.0,1589218486,1000,1000,1000,1000,0,0,0,0
1785437897.4935355,idle_post,0,1000,1000,0.0,0.0,1589240652,1000,1000,1000,1000,0,0,0,0
1785437897.5084484,idle_post,0,1000,1000,0.0,0.0,1589257887,1000,1000,1000,1000,0,0,0,0
1785437897.5294895,idle_post,0,1000,1000,0.0,0.0,1589280060,1000,1000,1000,1000,0,0,0,0
1785437897.5485647,idle_post,0,1000,1000,0.0,0.0,1589298529,1000,1000,1000,1000,0,0,0,0
1785437897.5701776,idle_post,0,1000,1000,0.0,0.0,1589320731,1000,1000,1000,1000,0,0,0,0
1785437897.5935295,idle_post,0,1000,1000,0.0,0.0,1589340389,1000,1000,1000,1000,0,0,0,0
1785437897.6086972,idle_post,0,1000,1000,0.0,0.0,1589357628,1000,1000,1000,1000,0,0,0,0
1785437897.6304505,idle_post,0,1000,1000,0.0,0.0,1589381024,1000,1000,1000,1000,0,0,0,0
1785437897.6484501,idle_post,0,1000,1000,0.0,0.0,1589398268,1000,1000,1000,1000,0,0,0,0
1785437897.6706228,idle_post,0,1000,1000,0.0,0.0,1589420427,1000,1000,1000,1000,0,0,0,0
1785437897.6912243,idle_post,0,1000,1000,0.0,0.0,1589442598,1000,1000,1000,1000,0,0,0,0
1785437897.7084725,idle_post,0,1000,1000,0.0,0.0,1589459833,1000,1000,1000,1000,0,0,0,0
1785437897.730561,idle_post,0,1000,1000,0.0,0.0,1589480768,1000,1000,1000,1000,0,0,0,0
1785437897.7484715,idle_post,0,1000,1000,0.0,0.0,1589495552,1000,1000,1000,1000,0,0,0,0
1785437897.7704883,idle_post,0,1000,1000,0.0,0.0,1589518948,1000,1000,1000,1000,0,0,0,0
1785437897.793536,idle_post,0,1000,1000,0.0,0.0,1589541107,1000,1000,1000,1000,0,0,0,0
1785437897.8094747,idle_post,0,1000,1000,0.0,0.0,1589560816,1000,1000,1000,1000,0,0,0,0
1785437897.8304894,idle_post,0,1000,1000,0.0,0.0,1589581742,1000,1000,1000,1000,0,0,0,0
1785437897.8488264,idle_post,0,1000,1000,0.0,0.0,1589598982,1000,1000,1000,1000,0,0,0,0
1785437897.8704162,idle_post,0,1000,1000,0.0,0.0,1589618698,1000,1000,1000,1000,0,0,0,0
1785437897.8936713,idle_post,0,1000,1000,0.0,0.0,1589640840,1000,1000,1000,1000,0,0,0,0
1785437897.9085019,idle_post,0,1000,1000,0.0,0.0,1589659356,1000,1000,1000,1000,0,0,0,0
1785437897.929483,idle_post,0,1000,1000,0.0,0.0,1589679028,1000,1000,1000,1000,0,0,0,0
1785437897.9505062,idle_post,0,1000,1000,0.0,0.0,1589701180,1000,1000,1000,1000,0,0,0,0
1785437897.9692526,idle_post,0,1000,1000,0.0,0.0,1589718423,1000,1000,1000,1000,0,0,0,0
1785437897.9928205,idle_post,0,1000,1000,0.0,0.0,1589739357,1000,1000,1000,1000,0,0,0,0
1785437898.0084906,idle_post,0,1000,1000,0.0,0.0,1589759061,1000,1000,1000,1000,0,0,0,0
1785437898.0294983,idle_post,0,1000,1000,0.0,0.0,1589778762,1000,1000,1000,1000,0,0,0,0
1785437898.048477,idle_post,0,1000,1000,0.0,0.0,1589798467,1000,1000,1000,1000,0,0,0,0
1785437898.0737896,idle_post,0,1000,1000,0.0,0.0,1589821862,1000,1000,1000,1000,0,0,0,0
1785437898.091589,idle_post,0,1000,1000,0.0,0.0,1589839104,1000,1000,1000,1000,0,0,0,0
1785437898.1094687,idle_post,0,1000,1000,0.0,0.0,1589858800,1000,1000,1000,1000,0,0,0,0
1785437898.130466,idle_post,0,1000,1000,0.0,0.0,1589880965,1000,1000,1000,1000,0,0,0,0
1785437898.1494803,idle_post,0,1000,1000,0.0,0.0,1589899433,1000,1000,1000,1000,0,0,0,0
1785437898.1717079,idle_post,0,1000,1000,0.0,0.0,1589921626,1000,1000,1000,1000,0,0,0,0
1785437898.1916378,idle_post,0,1000,1000,0.0,0.0,1589938842,1000,1000,1000,1000,0,0,0,0
1785437898.2097538,idle_post,0,1000,1000,0.0,0.0,1589961008,1000,1000,1000,1000,0,0,0,0
1785437898.2305012,idle_post,0,1000,1000,0.0,0.0,1589979478,1000,1000,1000,1000,0,0,0,0
1785437898.2484717,idle_post,0,1000,1000,0.0,0.0,1589999184,1000,1000,1000,1000,0,0,0,0
1785437898.2718475,idle_post,0,1000,1000,0.0,0.0,1590021335,1000,1000,1000,1000,0,0,0,0
1785437898.2915542,idle_post,0,1000,1000,0.0,0.0,1590038608,1000,1000,1000,1000,0,0,0,0
1785437898.309488,idle_post,0,1000,1000,0.0,0.0,1590060746,1000,1000,1000,1000,0,0,0,0
1785437898.3315794,idle_post,0,1000,1000,0.0,0.0,1590081678,1000,1000,1000,1000,0,0,0,0
1785437898.3494751,idle_post,0,1000,1000,0.0,0.0,1590098920,1000,1000,1000,1000,0,0,0,0
1785437898.3721619,idle_post,0,1000,1000,0.0,0.0,1590121084,1000,1000,1000,1000,0,0,0,0
1785437898.3915527,idle_post,0,1000,1000,0.0,0.0,1590138350,1000,1000,1000,1000,0,0,0,0
1785437898.410269,idle_post,0,1000,1000,0.0,0.0,1590159258,1000,1000,1000,1000,0,0,0,0
1785437898.4313262,idle_post,0,1000,1000,0.0,0.0,1590181423,1000,1000,1000,1000,0,0,0,0
1785437898.4500618,idle_post,0,1000,1000,0.0,0.0,1590201126,1000,1000,1000,1000,0,0,0,0
1785437898.4719574,idle_post,0,1000,1000,0.0,0.0,1590220835,1000,1000,1000,1000,0,0,0,0
1785437898.492262,idle_post,0,1000,1000,0.0,0.0,1590239301,1000,1000,1000,1000,0,0,0,0
1785437898.5102482,idle_post,0,1000,1000,0.0,0.0,1590261461,1000,1000,1000,1000,0,0,0,0
1785437898.5305662,idle_post,0,1000,1000,0.0,0.0,1590281161,1000,1000,1000,1000,0,0,0,0
1785437898.5485158,idle_post,0,1000,1000,0.0,0.0,1590298404,1000,1000,1000,1000,0,0,0,0
1785437898.570553,idle_post,0,1000,1000,0.0,0.0,1590319338,1000,1000,1000,1000,0,0,0,0
1785437898.593599,idle_post,0,1000,1000,0.0,0.0,1590341498,1000,1000,1000,1000,0,0,0,0
1785437898.6094995,idle_post,0,1000,1000,0.0,0.0,1590358743,1000,1000,1000,1000,0,0,0,0
1785437898.630912,idle_post,0,1000,1000,0.0,0.0,1590380959,1000,1000,1000,1000,0,0,0,0
1785437898.648478,idle_post,0,1000,1000,0.0,0.0,1590399375,1000,1000,1000,1000,0,0,0,0
1785437898.6707184,idle_post,0,1000,1000,0.0,0.0,1590419079,1000,1000,1000,1000,0,0,0,0
1785437898.6935859,idle_post,0,1000,1000,0.0,0.0,1590441236,1000,1000,1000,1000,0,0,0,0
1785437898.7085161,idle_post,0,1000,1000,0.0,0.0,1590458479,1000,1000,1000,1000,0,0,0,0
1785437898.7305048,idle_post,0,1000,1000,0.0,0.0,1590479418,1000,1000,1000,1000,0,0,0,0
1785437898.748489,idle_post,0,1000,1000,0.0,0.0,1590499117,1000,1000,1000,1000,0,0,0,0
1785437898.7701883,idle_post,0,1000,1000,0.0,0.0,1590520048,1000,1000,1000,1000,0,0,0,0
1785437898.7935789,idle_post,0,1000,1000,0.0,0.0,1590539752,1000,1000,1000,1000,0,0,0,0
1785437898.809507,idle_post,0,1000,1000,0.0,0.0,1590559452,1000,1000,1000,1000,0,0,0,0
1785437898.8305223,idle_post,0,1000,1000,0.0,0.0,1590580385,1000,1000,1000,1000,0,0,0,0
1785437898.8485913,idle_post,0,1000,1000,0.0,0.0,1590597624,1000,1000,1000,1000,0,0,0,0
1785437898.8704908,idle_post,0,1000,1000,0.0,0.0,1590619791,1000,1000,1000,1000,0,0,0,0
1785437898.8916476,idle_post,0,1000,1000,0.0,0.0,1590639515,1000,1000,1000,1000,0,0,0,0
1785437898.9098313,idle_post,0,1000,1000,0.0,0.0,1590660466,1000,1000,1000,1000,0,0,0,0
1785437898.930604,idle_post,0,1000,1000,0.0,0.0,1590680131,1000,1000,1000,1000,0,0,0,0
1785437898.9485166,idle_post,0,1000,1000,0.0,0.0,1590699830,1000,1000,1000,1000,0,0,0,0
1785437898.9730759,idle_post,0,1000,1000,0.0,0.0,1590721997,1000,1000,1000,1000,0,0,0,0
1785437898.9926,idle_post,0,1000,1000,0.0,0.0,1590740501,1000,1000,1000,1000,0,0,0,0
1785437899.011085,idle_post,0,1000,1000,0.0,0.0,1590760167,1000,1000,1000,1000,0,0,0,0
1785437899.0285914,idle_post,0,1000,1000,0.0,0.0,1590777406,1000,1000,1000,1000,0,0,0,0
1785437899.0509295,idle_post,0,1000,1000,0.0,0.0,1590802063,1000,1000,1000,1000,0,0,0,0
1785437899.0716662,idle_post,0,1000,1000,0.0,0.0,1590816812,1000,1000,1000,1000,0,0,0,0
1785437899.0930862,idle_post,0,1000,1000,0.0,0.0,1590840206,1000,1000,1000,1000,0,0,0,0
1785437899.1105,idle_post,0,1000,1000,0.0,0.0,1590859911,1000,1000,1000,1000,0,0,0,0
1785437899.1297839,idle_post,0,1000,1000,0.0,0.0,1590879636,1000,1000,1000,1000,0,0,0,0
1785437899.150583,idle_post,0,1000,1000,0.0,0.0,1590899314,1000,1000,1000,1000,0,0,0,0
1785437899.1694107,idle_post,0,1000,1000,0.0,0.0,1590917783,1000,1000,1000,1000,0,0,0,0
1785437899.1911619,idle_post,0,1000,1000,0.0,0.0,1590939952,1000,1000,1000,1000,0,0,0,0
1785437899.208511,idle_post,0,1000,1000,0.0,0.0,1590959651,1000,1000,1000,1000,0,0,0,0
1785437899.2295158,idle_post,0,1000,1000,0.0,0.0,1590979352,1000,1000,1000,1000,0,0,0,0
1785437899.2505352,idle_post,0,1000,1000,0.0,0.0,1591000288,1000,1000,1000,1000,0,0,0,0
1785437899.2704277,idle_post,0,1000,1000,0.0,0.0,1591019988,1000,1000,1000,1000,0,0,0,0
1785437899.2907376,idle_post,0,1000,1000,0.0,0.0,1591039692,1000,1000,1000,1000,0,0,0,0
1785437899.308501,idle_post,0,1000,1000,0.0,0.0,1591059388,1000,1000,1000,1000,0,0,0,0
1785437899.3295038,idle_post,0,1000,1000,0.0,0.0,1591080353,1000,1000,1000,1000,0,0,0,0
1785437899.3486292,idle_post,0,1000,1000,0.0,0.0,1591097564,1000,1000,1000,1000,0,0,0,0
1785437899.3716626,idle_post,0,1000,1000,0.0,0.0,1591119728,1000,1000,1000,1000,0,0,0,0
1785437899.3916059,idle_post,0,1000,1000,0.0,0.0,1591139439,1000,1000,1000,1000,0,0,0,0
1785437899.410504,idle_post,0,1000,1000,0.0,0.0,1591160368,1000,1000,1000,1000,0,0,0,0
1785437899.4287293,idle_post,0,1000,1000,0.0,0.0,1591180066,1000,1000,1000,1000,0,0,0,0
1785437899.4496272,idle_post,0,1000,1000,0.0,0.0,1591199765,1000,1000,1000,1000,0,0,0,0
1785437899.471932,idle_post,0,1000,1000,0.0,0.0,1591219467,1000,1000,1000,1000,0,0,0,0
1785437899.4916112,idle_post,0,1000,1000,0.0,0.0,1591237944,1000,1000,1000,1000,0,0,0,0
1785437899.5095115,idle_post,0,1000,1000,0.0,0.0,1591260104,1000,1000,1000,1000,0,0,0,0
1785437899.5285141,idle_post,0,1000,1000,0.0,0.0,1591279810,1000,1000,1000,1000,0,0,0,0
1785437899.5495117,idle_post,0,1000,1000,0.0,0.0,1591299509,1000,1000,1000,1000,0,0,0,0
1785437899.571668,idle_post,0,1000,1000,0.0,0.0,1591320444,1000,1000,1000,1000,0,0,0,0
1785437899.5916035,idle_post,0,1000,1000,0.0,0.0,1591337681,1000,1000,1000,1000,0,0,0,0
1785437899.611252,idle_post,0,1000,1000,0.0,0.0,1591362311,1000,1000,1000,1000,0,0,0,0
1785437899.6295118,idle_post,0,1000,1000,0.0,0.0,1591379547,1000,1000,1000,1000,0,0,0,0
1785437899.651604,idle_post,0,1000,1000,0.0,0.0,1591399293,1000,1000,1000,1000,0,0,0,0
1785437899.6705556,idle_post,0,1000,1000,0.0,0.0,1591420186,1000,1000,1000,1000,0,0,0,0
1785437899.6918004,idle_post,0,1000,1000,0.0,0.0,1591442352,1000,1000,1000,1000,0,0,0,0
1785437899.7085416,idle_post,0,1000,1000,0.0,0.0,1591459585,1000,1000,1000,1000,0,0,0,0
1785437899.7303975,idle_post,0,1000,1000,0.0,0.0,1591479289,1000,1000,1000,1000,0,0,0,0
1785437899.7485404,idle_post,0,1000,1000,0.0,0.0,1591497759,1000,1000,1000,1000,0,0,0,0
1785437899.7704985,idle_post,0,1000,1000,0.0,0.0,1591518697,1000,1000,1000,1000,0,0,0,0
1785437899.7906945,idle_post,0,1000,1000,0.0,0.0,1591540867,1000,1000,1000,1000,0,0,0,0
1785437899.8091497,idle_post,0,1000,1000,0.0,0.0,1591558103,1000,1000,1000,1000,0,0,0,0
1785437899.829519,idle_post,0,1000,1000,0.0,0.0,1591580268,1000,1000,1000,1000,0,0,0,0
1785437899.8505454,idle_post,0,1000,1000,0.0,0.0,1591601200,1000,1000,1000,1000,0,0,0,0
1785437899.869566,idle_post,0,1000,1000,0.0,0.0,1591618433,1000,1000,1000,1000,0,0,0,0
1785437899.8926284,idle_post,0,1000,1000,0.0,0.0,1591640606,1000,1000,1000,1000,0,0,0,0
1785437899.9105847,idle_post,0,1000,1000,0.0,0.0,1591660303,1000,1000,1000,1000,0,0,0,0
1785437899.9295592,idle_post,0,1000,1000,0.0,0.0,1591678775,1000,1000,1000,1000,0,0,0,0
1785437899.950555,idle_post,0,1000,1000,0.0,0.0,1591700935,1000,1000,1000,1000,0,0,0,0
1785437899.9694834,idle_post,0,1000,1000,0.0,0.0,1591718177,1000,1000,1000,1000,0,0,0,0
1785437899.992691,idle_post,0,1000,1000,0.0,0.0,1591740348,1000,1000,1000,1000,0,0,0,0
1785437900.01062,idle_post,0,1000,1000,0.0,0.0,1591761274,1000,1000,1000,1000,0,0,0,0
1785437900.0286639,idle_post,0,1000,1000,0.0,0.0,1591778510,1000,1000,1000,1000,0,0,0,0
1785437900.050591,idle_post,0,1000,1000,0.0,0.0,1591800724,1000,1000,1000,1000,0,0,0,0
1785437900.0715806,idle_post,0,1000,1000,0.0,0.0,1591817920,1000,1000,1000,1000,0,0,0,0
1785437900.0939252,idle_post,0,1000,1000,0.0,0.0,1591841331,1000,1000,1000,1000,0,0,0,0
1785437900.1105525,idle_post,0,1000,1000,0.0,0.0,1591861022,1000,1000,1000,1000,0,0,0,0
1785437900.129557,idle_post,0,1000,1000,0.0,0.0,1591880726,1000,1000,1000,1000,0,0,0,0
1785437900.1505587,idle_post,0,1000,1000,0.0,0.0,1591900419,1000,1000,1000,1000,0,0,0,0
1785437900.1703737,idle_post,0,1000,1000,0.0,0.0,1591918892,1000,1000,1000,1000,0,0,0,0
1785437900.192709,idle_post,0,1000,1000,0.0,0.0,1591938591,1000,1000,1000,1000,0,0,0,0
1785437900.208696,idle_post,0,1000,1000,0.0,0.0,1591958313,1000,1000,1000,1000,0,0,0,0
1785437900.2295341,idle_post,0,1000,1000,0.0,0.0,1591980458,1000,1000,1000,1000,0,0,0,0
1785437900.2487712,idle_post,0,1000,1000,0.0,0.0,1591998929,1000,1000,1000,1000,0,0,0,0
1785437900.2719092,idle_post,0,1000,1000,0.0,0.0,1592021095,1000,1000,1000,1000,0,0,0,0
1785437900.2926152,idle_post,0,1000,1000,0.0,0.0,1592040798,1000,1000,1000,1000,0,0,0,0
1785437900.3119414,idle_post,0,1000,1000,0.0,0.0,1592062968,1000,1000,1000,1000,0,0,0,0
1785437900.3295553,idle_post,0,1000,1000,0.0,0.0,1592077741,1000,1000,1000,1000,0,0,0,0
1785437900.351126,idle_post,0,1000,1000,0.0,0.0,1592101137,1000,1000,1000,1000,0,0,0,0
1785437900.3693614,idle_post,0,1000,1000,0.0,0.0,1592118369,1000,1000,1000,1000,0,0,0,0
1785437900.393849,idle_post,0,1000,1000,0.0,0.0,1592140583,1000,1000,1000,1000,0,0,0,0
1785437900.4101064,idle_post,0,1000,1000,0.0,0.0,1592160244,1000,1000,1000,1000,0,0,0,0
1785437900.4305778,idle_post,0,1000,1000,0.0,0.0,1592181175,1000,1000,1000,1000,0,0,0,0
1785437900.4495687,idle_post,0,1000,1000,0.0,0.0,1592198411,1000,1000,1000,1000,0,0,0,0
1785437900.4719348,idle_post,0,1000,1000,0.0,0.0,1592220581,1000,1000,1000,1000,0,0,0,0
1785437900.4920378,idle_post,0,1000,1000,0.0,0.0,1592240285,1000,1000,1000,1000,0,0,0,0
1785437900.5096552,idle_post,0,1000,1000,0.0,0.0,1592258755,1000,1000,1000,1000,0,0,0,0
1785437900.5305572,idle_post,0,1000,1000,0.0,0.0,1592280922,1000,1000,1000,1000,0,0,0,0
1785437900.5485678,idle_post,0,1000,1000,0.0,0.0,1592298154,1000,1000,1000,1000,0,0,0,0
1785437900.5703971,idle_post,0,1000,1000,0.0,0.0,1592320323,1000,1000,1000,1000,0,0,0,0
1785437900.5936396,idle_post,0,1000,1000,0.0,0.0,1592341255,1000,1000,1000,1000,0,0,0,0
1785437900.6085443,idle_post,0,1000,1000,0.0,0.0,1592358491,1000,1000,1000,1000,0,0,0,0
1785437900.629636,idle_post,0,1000,1000,0.0,0.0,1592380660,1000,1000,1000,1000,0,0,0,0
1785437900.648543,idle_post,0,1000,1000,0.0,0.0,1592397904,1000,1000,1000,1000,0,0,0,0
1785437900.6707118,idle_post,0,1000,1000,0.0,0.0,1592418830,1000,1000,1000,1000,0,0,0,0
1785437900.6916854,idle_post,0,1000,1000,0.0,0.0,1592441001,1000,1000,1000,1000,0,0,0,0
1785437900.7090328,idle_post,0,1000,1000,0.0,0.0,1592458237,1000,1000,1000,1000,0,0,0,0
1785437900.7308073,idle_post,0,1000,1000,0.0,0.0,1592480400,1000,1000,1000,1000,0,0,0,0
1785437900.7487857,idle_post,0,1000,1000,0.0,0.0,1592498868,1000,1000,1000,1000,0,0,0,0
1785437900.770494,idle_post,0,1000,1000,0.0,0.0,1592521038,1000,1000,1000,1000,0,0,0,0
1785437900.7937484,idle_post,0,1000,1000,0.0,0.0,1592541972,1000,1000,1000,1000,0,0,0,0
1785437900.80856,idle_post,0,1000,1000,0.0,0.0,1592559221,1000,1000,1000,1000,0,0,0,0
1785437900.829645,idle_post,0,1000,1000,0.0,0.0,1592578911,1000,1000,1000,1000,0,0,0,0
1785437900.8485591,idle_post,0,1000,1000,0.0,0.0,1592597381,1000,1000,1000,1000,0,0,0,0
1785437900.8706431,idle_post,0,1000,1000,0.0,0.0,1592619542,1000,1000,1000,1000,0,0,0,0
1785437900.8936706,idle_post,0,1000,1000,0.0,0.0,1592641706,1000,1000,1000,1000,0,0,0,0
1785437900.9085891,idle_post,0,1000,1000,0.0,0.0,1592658985,1000,1000,1000,1000,0,0,0,0
1785437900.9305735,idle_post,0,1000,1000,0.0,0.0,1592679887,1000,1000,1000,1000,0,0,0,0
1785437900.9486284,idle_post,0,1000,1000,0.0,0.0,1592699582,1000,1000,1000,1000,0,0,0,0
1785437900.9728768,idle_post,0,1000,1000,0.0,0.0,1592721746,1000,1000,1000,1000,0,0,0,0
1785437900.9928257,idle_post,0,1000,1000,0.0,0.0,1592738990,1000,1000,1000,1000,0,0,0,0
1785437901.009149,idle_post,0,1000,1000,0.0,0.0,1592757462,1000,1000,1000,1000,0,0,0,0
1785437901.0308547,idle_post,0,1000,1000,0.0,0.0,1592779624,1000,1000,1000,1000,0,0,0,0
1785437901.0486052,idle_post,0,1000,1000,0.0,0.0,1592799335,1000,1000,1000,1000,0,0,0,0
1785437901.0732186,idle_post,0,1000,1000,0.0,0.0,1592821498,1000,1000,1000,1000,0,0,0,0
1785437901.0929987,idle_post,0,1000,1000,0.0,0.0,1592839988,1000,1000,1000,1000,0,0,0,0
1785437901.1107926,idle_post,0,1000,1000,0.0,0.0,1592859660,1000,1000,1000,1000,0,0,0,0
1785437901.1292317,idle_post,0,1000,1000,0.0,0.0,1592879366,1000,1000,1000,1000,0,0,0,0
1785437901.1501281,idle_post,0,1000,1000,0.0,0.0,1592899066,1000,1000,1000,1000,0,0,0,0
1785437901.1720648,idle_post,0,1000,1000,0.0,0.0,1592918766,1000,1000,1000,1000,0,0,0,0
1785437901.191661,idle_post,0,1000,1000,0.0,0.0,1592939700,1000,1000,1000,1000,0,0,0,0
1785437901.2095795,idle_post,0,1000,1000,0.0,0.0,1592959406,1000,1000,1000,1000,0,0,0,0
1785437901.2307317,idle_post,0,1000,1000,0.0,0.0,1592981569,1000,1000,1000,1000,0,0,0,0
1785437901.249577,idle_post,0,1000,1000,0.0,0.0,1592998812,1000,1000,1000,1000,0,0,0,0
1785437901.2720551,idle_post,0,1000,1000,0.0,0.0,1593022211,1000,1000,1000,1000,0,0,0,0
1785437901.2917094,idle_post,0,1000,1000,0.0,0.0,1593039445,1000,1000,1000,1000,0,0,0,0
1785437901.3095744,idle_post,0,1000,1000,0.0,0.0,1593059148,1000,1000,1000,1000,0,0,0,0
1785437901.3307223,idle_post,0,1000,1000,0.0,0.0,1593081306,1000,1000,1000,1000,0,0,0,0
1785437901.348585,idle_post,0,1000,1000,0.0,0.0,1593099783,1000,1000,1000,1000,0,0,0,0
1785437901.3718767,idle_post,0,1000,1000,0.0,0.0,1593121949,1000,1000,1000,1000,0,0,0,0
1785437901.3917122,idle_post,0,1000,1000,0.0,0.0,1593139179,1000,1000,1000,1000,0,0,0,0
1785437901.4095702,idle_post,0,1000,1000,0.0,0.0,1593158909,1000,1000,1000,1000,0,0,0,0
1785437901.4307098,idle_post,0,1000,1000,0.0,0.0,1593179822,1000,1000,1000,1000,0,0,0,0
1785437901.449842,idle_post,0,1000,1000,0.0,0.0,1593199516,1000,1000,1000,1000,0,0,0,0
1785437901.4720762,idle_post,0,1000,1000,0.0,0.0,1593221696,1000,1000,1000,1000,0,0,0,0
1785437901.4916697,idle_post,0,1000,1000,0.0,0.0,1593238924,1000,1000,1000,1000,0,0,0,0
1785437901.5103593,idle_post,0,1000,1000,0.0,0.0,1593259862,1000,1000,1000,1000,0,0,0,0
1785437901.5285804,idle_post,0,1000,1000,0.0,0.0,1593279557,1000,1000,1000,1000,0,0,0,0
1785437901.5496273,idle_post,0,1000,1000,0.0,0.0,1593299264,1000,1000,1000,1000,0,0,0,0
1785437901.571888,idle_post,0,1000,1000,0.0,0.0,1593321426,1000,1000,1000,1000,0,0,0,0
1785437901.592032,idle_post,0,1000,1000,0.0,0.0,1593339895,1000,1000,1000,1000,0,0,0,0
1785437901.6121244,idle_post,0,1000,1000,0.0,0.0,1593362098,1000,1000,1000,1000,0,0,0,0
1785437901.6295953,idle_post,0,1000,1000,0.0,0.0,1593379302,1000,1000,1000,1000,0,0,0,0
1785437901.6514993,idle_post,0,1000,1000,0.0,0.0,1593401468,1000,1000,1000,1000,0,0,0,0
1785437901.6708148,idle_post,0,1000,1000,0.0,0.0,1593419940,1000,1000,1000,1000,0,0,0,0
1785437901.6938078,idle_post,0,1000,1000,0.0,0.0,1593439643,1000,1000,1000,1000,0,0,0,0
1785437901.7086594,idle_post,0,1000,1000,0.0,0.0,1593459337,1000,1000,1000,1000,0,0,0,0
1785437901.730184,idle_post,0,1000,1000,0.0,0.0,1593479080,1000,1000,1000,1000,0,0,0,0
1785437901.7505825,idle_post,0,1000,1000,0.0,0.0,1593499984,1000,1000,1000,1000,0,0,0,0
1785437901.7702713,idle_post,0,1000,1000,0.0,0.0,1593519707,1000,1000,1000,1000,0,0,0,0
1785437901.7936692,idle_post,0,1000,1000,0.0,0.0,1593540620,1000,1000,1000,1000,0,0,0,0
1785437901.80908,idle_post,0,1000,1000,0.0,0.0,1593560319,1000,1000,1000,1000,0,0,0,0
1785437901.8297124,idle_post,0,1000,1000,0.0,0.0,1593580026,1000,1000,1000,1000,0,0,0,0
1785437901.8506649,idle_post,0,1000,1000,0.0,0.0,1593599723,1000,1000,1000,1000,0,0,0,0
1785437901.869584,idle_post,0,1000,1000,0.0,0.0,1593618189,1000,1000,1000,1000,0,0,0,0
1785437901.8930993,idle_post,0,1000,1000,0.0,0.0,1593640350,1000,1000,1000,1000,0,0,0,0
1785437901.9106061,idle_post,0,1000,1000,0.0,0.0,1593660068,1000,1000,1000,1000,0,0,0,0
1785437901.9290617,idle_post,0,1000,1000,0.0,0.0,1593679756,1000,1000,1000,1000,0,0,0,0
1785437901.9496129,idle_post,0,1000,1000,0.0,0.0,1593700686,1000,1000,1000,1000,0,0,0,0
1785437901.9693227,idle_post,0,1000,1000,0.0,0.0,1593717932,1000,1000,1000,1000,0,0,0,0
1785437901.9926944,idle_post,0,1000,1000,0.0,0.0,1593740104,1000,1000,1000,1000,0,0,0,0
1785437902.0105922,idle_post,0,1000,1000,0.0,0.0,1593759798,1000,1000,1000,1000,0,0,0,0
1785437902.0286381,idle_post,0,1000,1000,0.0,0.0,1593778269,1000,1000,1000,1000,0,0,0,0
1785437902.0506215,idle_post,0,1000,1000,0.0,0.0,1593800429,1000,1000,1000,1000,0,0,0,0
1785437902.0715168,idle_post,0,1000,1000,0.0,0.0,1593820141,1000,1000,1000,1000,0,0,0,0
1785437902.0927598,idle_post,0,1000,1000,0.0,0.0,1593839839,1000,1000,1000,1000,0,0,0,0
1785437902.1107006,idle_post,0,1000,1000,0.0,0.0,1593860772,1000,1000,1000,1000,0,0,0,0
1785437902.1286123,idle_post,0,1000,1000,0.0,0.0,1593878018,1000,1000,1000,1000,0,0,0,0
1785437902.1496773,idle_post,0,1000,1000,0.0,0.0,1593900207,1000,1000,1000,1000,0,0,0,0
1785437902.1693463,idle_post,0,1000,1000,0.0,0.0,1593919878,1000,1000,1000,1000,0,0,0,0
1785437902.1927066,idle_post,0,1000,1000,0.0,0.0,1593940810,1000,1000,1000,1000,0,0,0,0
1785437902.2106357,idle_post,0,1000,1000,0.0,0.0,1593960511,1000,1000,1000,1000,0,0,0,0
1785437902.2287428,idle_post,0,1000,1000,0.0,0.0,1593977752,1000,1000,1000,1000,0,0,0,0
1785437902.2506018,idle_post,0,1000,1000,0.0,0.0,1593999916,1000,1000,1000,1000,0,0,0,0
1785437902.2695353,idle_post,0,1000,1000,0.0,0.0,1594018387,1000,1000,1000,1000,0,0,0,0
1785437902.2919455,idle_post,0,1000,1000,0.0,0.0,1594043019,1000,1000,1000,1000,0,0,0,0
1785437902.309617,idle_post,0,1000,1000,0.0,0.0,1594060251,1000,1000,1000,1000,0,0,0,0
1785437902.3311486,idle_post,0,1000,1000,0.0,0.0,1594079987,1000,1000,1000,1000,0,0,0,0
1785437902.3486028,idle_post,0,1000,1000,0.0,0.0,1594097201,1000,1000,1000,1000,0,0,0,0
1785437902.3727648,idle_post,0,1000,1000,0.0,0.0,1594120591,1000,1000,1000,1000,0,0,0,0
1785437902.3916988,idle_post,0,1000,1000,0.0,0.0,1594137841,1000,1000,1000,1000,0,0,0,0
1785437902.409871,idle_post,0,1000,1000,0.0,0.0,1594159999,1000,1000,1000,1000,0,0,0,0
1785437902.430681,idle_post,0,1000,1000,0.0,0.0,1594179694,1000,1000,1000,1000,0,0,0,0
1785437902.4493277,idle_post,0,1000,1000,0.0,0.0,1594198213,1000,1000,1000,1000,0,0,0,0
1785437902.470605,idle_post,0,1000,1000,0.0,0.0,1594220340,1000,1000,1000,1000,0,0,0,0
1785437902.4918816,idle_post,0,1000,1000,0.0,0.0,1594240041,1000,1000,1000,1000,0,0,0,0
1785437902.5086253,idle_post,0,1000,1000,0.0,0.0,1594259736,1000,1000,1000,1000,0,0,0,0
1785437902.530639,idle_post,0,1000,1000,0.0,0.0,1594280667,1000,1000,1000,1000,0,0,0,0
1785437902.549604,idle_post,0,1000,1000,0.0,0.0,1594300371,1000,1000,1000,1000,0,0,0,0
1785437902.571792,idle_post,0,1000,1000,0.0,0.0,1594320073,1000,1000,1000,1000,0,0,0,0
1785437902.5921519,idle_post,0,1000,1000,0.0,0.0,1594339770,1000,1000,1000,1000,0,0,0,0
1785437902.6107497,idle_post,0,1000,1000,0.0,0.0,1594360705,1000,1000,1000,1000,0,0,0,0
1785437902.6286077,idle_post,0,1000,1000,0.0,0.0,1594377981,1000,1000,1000,1000,0,0,0,0
1785437902.6496289,idle_post,0,1000,1000,0.0,0.0,1594400114,1000,1000,1000,1000,0,0,0,0
1785437902.6720421,idle_post,0,1000,1000,0.0,0.0,1594419816,1000,1000,1000,1000,0,0,0,0
1785437902.6917162,idle_post,0,1000,1000,0.0,0.0,1594438290,1000,1000,1000,1000,0,0,0,0
1785437902.7106264,idle_post,0,1000,1000,0.0,0.0,1594460452,1000,1000,1000,1000,0,0,0,0
1785437902.7286296,idle_post,0,1000,1000,0.0,0.0,1594477689,1000,1000,1000,1000,0,0,0,0
1785437902.7496967,idle_post,0,1000,1000,0.0,0.0,1594499852,1000,1000,1000,1000,0,0,0,0
1785437902.7718508,idle_post,0,1000,1000,0.0,0.0,1594520815,1000,1000,1000,1000,0,0,0,0
1785437902.791755,idle_post,0,1000,1000,0.0,0.0,1594538030,1000,1000,1000,1000,0,0,0,0
1785437902.8096337,idle_post,0,1000,1000,0.0,0.0,1594558967,1000,1000,1000,1000,0,0,0,0
1785437902.828631,idle_post,0,1000,1000,0.0,0.0,1594578657,1000,1000,1000,1000,0,0,0,0
1785437902.8496253,idle_post,0,1000,1000,0.0,0.0,1594600833,1000,1000,1000,1000,0,0,0,0
1785437902.872008,idle_post,0,1000,1000,0.0,0.0,1594621765,1000,1000,1000,1000,0,0,0,0
1785437902.8917656,idle_post,0,1000,1000,0.0,0.0,1594639002,1000,1000,1000,1000,0,0,0,0
1785437902.908646,idle_post,0,1000,1000,0.0,0.0,1594658700,1000,1000,1000,1000,0,0,0,0
1785437902.9296205,idle_post,0,1000,1000,0.0,0.0,1594678407,1000,1000,1000,1000,0,0,0,0
1785437902.9518676,idle_post,0,1000,1000,0.0,0.0,1594701795,1000,1000,1000,1000,0,0,0,0
1785437902.9703305,idle_post,0,1000,1000,0.0,0.0,1594719038,1000,1000,1000,1000,0,0,0,0
1785437902.9916816,idle_post,0,1000,1000,0.0,0.0,1594741203,1000,1000,1000,1000,0,0,0,0
1785437903.008634,idle_post,0,1000,1000,0.0,0.0,1594758441,1000,1000,1000,1000,0,0,0,0
1785437903.0305338,idle_post,0,1000,1000,0.0,0.0,1594779378,1000,1000,1000,1000,0,0,0,0
1785437903.048621,idle_post,0,1000,1000,0.0,0.0,1594799077,1000,1000,1000,1000,0,0,0,0
1785437903.07327,idle_post,0,1000,1000,0.0,0.0,1594821248,1000,1000,1000,1000,0,0,0,0
1785437903.0916402,idle_post,0,1000,1000,0.0,0.0,1594840958,1000,1000,1000,1000,0,0,0,0
1785437903.1094215,idle_post,0,1000,1000,0.0,0.0,1594859420,1000,1000,1000,1000,0,0,0,0
1785437903.1296554,idle_post,0,1000,1000,0.0,0.0,1594879119,1000,1000,1000,1000,0,0,0,0
1785437903.1510084,idle_post,0,1000,1000,0.0,0.0,1594901279,1000,1000,1000,1000,0,0,0,0
1785437903.1695883,idle_post,0,1000,1000,0.0,0.0,1594918532,1000,1000,1000,1000,0,0,0,0
1785437903.1927617,idle_post,0,1000,1000,0.0,0.0,1594938225,1000,1000,1000,1000,0,0,0,0
1785437903.2106962,idle_post,0,1000,1000,0.0,0.0,1594961624,1000,1000,1000,1000,0,0,0,0
1785437903.2296748,idle_post,0,1000,1000,0.0,0.0,1594978864,1000,1000,1000,1000,0,0,0,0
1785437903.250642,idle_post,0,1000,1000,0.0,0.0,1595001024,1000,1000,1000,1000,0,0,0,0
1785437903.2706409,idle_post,0,1000,1000,0.0,0.0,1595020725,1000,1000,1000,1000,0,0,0,0
1785437903.291738,idle_post,0,1000,1000,0.0,0.0,1595039196,1000,1000,1000,1000,0,0,0,0
1785437903.309671,idle_post,0,1000,1000,0.0,0.0,1595058896,1000,1000,1000,1000,0,0,0,0
1785437903.331104,idle_post,0,1000,1000,0.0,0.0,1595081071,1000,1000,1000,1000,0,0,0,0
1785437903.3486335,idle_post,0,1000,1000,0.0,0.0,1595098300,1000,1000,1000,1000,0,0,0,0
1785437903.3718364,idle_post,0,1000,1000,0.0,0.0,1595121697,1000,1000,1000,1000,0,0,0,0
1785437903.3917763,idle_post,0,1000,1000,0.0,0.0,1595138940,1000,1000,1000,1000,0,0,0,0
1785437903.40965,idle_post,0,1000,1000,0.0,0.0,1595158642,1000,1000,1000,1000,0,0,0,0
1785437903.4313111,idle_post,0,1000,1000,0.0,0.0,1595180817,1000,1000,1000,1000,0,0,0,0
1785437903.4496734,idle_post,0,1000,1000,0.0,0.0,1595199277,1000,1000,1000,1000,0,0,0,0
1785437903.4718516,idle_post,0,1000,1000,0.0,0.0,1595221437,1000,1000,1000,1000,0,0,0,0
1785437903.4917362,idle_post,0,1000,1000,0.0,0.0,1595238713,1000,1000,1000,1000,0,0,0,0
1785437903.5096586,idle_post,0,1000,1000,0.0,0.0,1595260848,1000,1000,1000,1000,0,0,0,0
1785437903.5311239,idle_post,0,1000,1000,0.0,0.0,1595281805,1000,1000,1000,1000,0,0,0,0
1785437903.5486424,idle_post,0,1000,1000,0.0,0.0,1595299019,1000,1000,1000,1000,0,0,0,0
1785437903.5717995,idle_post,0,1000,1000,0.0,0.0,1595321187,1000,1000,1000,1000,0,0,0,0
1785437903.591722,idle_post,0,1000,1000,0.0,0.0,1595338418,1000,1000,1000,1000,0,0,0,0
1785437903.609639,idle_post,0,1000,1000,0.0,0.0,1595359351,1000,1000,1000,1000,0,0,0,0
1785437903.631509,idle_post,0,1000,1000,0.0,0.0,1595381556,1000,1000,1000,1000,0,0,0,0
1785437903.6505215,idle_post,0,1000,1000,0.0,0.0,1595398784,1000,1000,1000,1000,0,0,0,0
1785437903.6697366,idle_post,0,1000,1000,0.0,0.0,1595418460,1000,1000,1000,1000,0,0,0,0
1785437903.6938062,idle_post,0,1000,1000,0.0,0.0,1595441859,1000,1000,1000,1000,0,0,0,0
1785437903.7086508,idle_post,0,1000,1000,0.0,0.0,1595459104,1000,1000,1000,1000,0,0,0,0
1785437903.7299771,idle_post,0,1000,1000,0.0,0.0,1595478808,1000,1000,1000,1000,0,0,0,0
1785437903.7506454,idle_post,0,1000,1000,0.0,0.0,1595500971,1000,1000,1000,1000,0,0,0,0
1785437903.7700417,idle_post,0,1000,1000,0.0,0.0,1595519433,1000,1000,1000,1000,0,0,0,0
1785437903.7927337,idle_post,0,1000,1000,0.0,0.0,1595539139,1000,1000,1000,1000,0,0,0,0
1785437903.8106465,idle_post,0,1000,1000,0.0,0.0,1595560075,1000,1000,1000,1000,0,0,0,0
1785437903.8286645,idle_post,0,1000,1000,0.0,0.0,1595579771,1000,1000,1000,1000,0,0,0,0
1785437903.8496878,idle_post,0,1000,1000,0.0,0.0,1595599477,1000,1000,1000,1000,0,0,0,0
1785437903.8721154,idle_post,0,1000,1000,0.0,0.0,1595619183,1000,1000,1000,1000,0,0,0,0
1785437903.892759,idle_post,0,1000,1000,0.0,0.0,1595640105,1000,1000,1000,1000,0,0,0,0
1785437903.9106493,idle_post,0,1000,1000,0.0,0.0,1595659833,1000,1000,1000,1000,0,0,0,0
1785437903.9296556,idle_post,0,1000,1000,0.0,0.0,1595679522,1000,1000,1000,1000,0,0,0,0
1785437903.9487038,idle_post,0,1000,1000,0.0,0.0,1595699214,1000,1000,1000,1000,0,0,0,0
1785437903.96938,idle_post,0,1000,1000,0.0,0.0,1595717690,1000,1000,1000,1000,0,0,0,0
1785437903.992971,idle_post,0,1000,1000,0.0,0.0,1595739844,1000,1000,1000,1000,0,0,0,0
1785437904.010738,idle_post,0,1000,1000,0.0,0.0,1595759556,1000,1000,1000,1000,0,0,0,0
1785437904.0288677,idle_post,0,1000,1000,0.0,0.0,1595779252,1000,1000,1000,1000,0,0,0,0
1785437904.0496528,idle_post,0,1000,1000,0.0,0.0,1595800184,1000,1000,1000,1000,0,0,0,0
1785437904.0739906,idle_post,0,1000,1000,0.0,0.0,1595819893,1000,1000,1000,1000,0,0,0,0
1785437904.0927618,idle_post,0,1000,1000,0.0,0.0,1595839593,1000,1000,1000,1000,0,0,0,0
1785437904.1107783,idle_post,0,1000,1000,0.0,0.0,1595861753,1000,1000,1000,1000,0,0,0,0
1785437904.1290286,idle_post,0,1000,1000,0.0,0.0,1595877765,1000,1000,1000,1000,0,0,0,0
1785437904.1496909,idle_post,0,1000,1000,0.0,0.0,1595899927,1000,1000,1000,1000,0,0,0,0
1785437904.169415,idle_post,0,1000,1000,0.0,0.0,1595919632,1000,1000,1000,1000,0,0,0,0
1785437904.1927924,idle_post,0,1000,1000,0.0,0.0,1595939332,1000,1000,1000,1000,0,0,0,0
1785437904.213218,idle_post,0,1000,1000,0.0,0.0,1595960265,1000,1000,1000,1000,0,0,0,0
1785437904.228798,idle_post,0,1000,1000,0.0,0.0,1595979972,1000,1000,1000,1000,0,0,0,0
1785437904.24976,idle_post,0,1000,1000,0.0,0.0,1595999691,1000,1000,1000,1000,0,0,0,0
1785437904.2733145,idle_post,0,1000,1000,0.0,0.0,1596021834,1000,1000,1000,1000,0,0,0,0
1785437904.292783,idle_post,0,1000,1000,0.0,0.0,1596040303,1000,1000,1000,1000,0,0,0,0
1785437904.31127,idle_post,0,1000,1000,0.0,0.0,1596060010,1000,1000,1000,1000,0,0,0,0
1785437904.3287194,idle_post,0,1000,1000,0.0,0.0,1596079712,1000,1000,1000,1000,0,0,0,0
1785437904.3506176,idle_post,0,1000,1000,0.0,0.0,1596099414,1000,1000,1000,1000,0,0,0,0
1785437904.3694434,idle_post,0,1000,1000,0.0,0.0,1596116673,1000,1000,1000,1000,0,0,0,0
1785437904.3932323,idle_post,0,1000,1000,0.0,0.0,1596140045,1000,1000,1000,1000,0,0,0,0
1785437904.410701,idle_post,0,1000,1000,0.0,0.0,1596159755,1000,1000,1000,1000,0,0,0,0
1785437904.4294295,idle_post,0,1000,1000,0.0,0.0,1596179451,1000,1000,1000,1000,0,0,0,0
1785437904.449666,idle_post,0,1000,1000,0.0,0.0,1596199151,1000,1000,1000,1000,0,0,0,0
1785437904.4718351,idle_post,0,1000,1000,0.0,0.0,1596220085,1000,1000,1000,1000,0,0,0,0
1785437904.4918118,idle_post,0,1000,1000,0.0,0.0,1596239815,1000,1000,1000,1000,0,0,0,0
1785437904.5107458,idle_post,0,1000,1000,0.0,0.0,1596259493,1000,1000,1000,1000,0,0,0,0
1785437904.5296726,idle_post,0,1000,1000,0.0,0.0,1596279195,1000,1000,1000,1000,0,0,0,0
1785437904.5506682,idle_post,0,1000,1000,0.0,0.0,1596300122,1000,1000,1000,1000,0,0,0,0
1785437904.5704668,idle_post,0,1000,1000,0.0,0.0,1596319834,1000,1000,1000,1000,0,0,0,0
1785437904.5917926,idle_post,0,1000,1000,0.0,0.0,1596339526,1000,1000,1000,1000,0,0,0,0
1785437904.6096709,idle_post,0,1000,1000,0.0,0.0,1596359228,1000,1000,1000,1000,0,0,0,0
1785437904.6287456,idle_post,0,1000,1000,0.0,0.0,1596377701,1000,1000,1000,1000,0,0,0,0
1785437904.6499703,idle_post,0,1000,1000,0.0,0.0,1596399871,1000,1000,1000,1000,0,0,0,0
1785437904.6724167,idle_post,0,1000,1000,0.0,0.0,1596419569,1000,1000,1000,1000,0,0,0,0
1785437904.6927888,idle_post,0,1000,1000,0.0,0.0,1596439268,1000,1000,1000,1000,0,0,0,0
1785437904.710768,idle_post,0,1000,1000,0.0,0.0,1596460202,1000,1000,1000,1000,0,0,0,0
1785437904.728904,idle_post,0,1000,1000,0.0,0.0,1596479907,1000,1000,1000,1000,0,0,0,0
1785437904.7496781,idle_post,0,1000,1000,0.0,0.0,1596499616,1000,1000,1000,1000,0,0,0,0
1785437904.7720478,idle_post,0,1000,1000,0.0,0.0,1596521770,1000,1000,1000,1000,0,0,0,0
1785437904.792765,idle_post,0,1000,1000,0.0,0.0,1596540248,1000,1000,1000,1000,0,0,0,0
1785437904.8087096,idle_post,0,1000,1000,0.0,0.0,1596557483,1000,1000,1000,1000,0,0,0,0
1785437904.8297195,idle_post,0,1000,1000,0.0,0.0,1596580876,1000,1000,1000,1000,0,0,0,0
1785437904.8506827,idle_post,0,1000,1000,0.0,0.0,1596600599,1000,1000,1000,1000,0,0,0,0
1785437904.8695939,idle_post,0,1000,1000,0.0,0.0,1596617820,1000,1000,1000,1000,0,0,0,0
1785437904.8910184,idle_post,0,1000,1000,0.0,0.0,1596641213,1000,1000,1000,1000,0,0,0,0
1785437904.9087555,idle_post,0,1000,1000,0.0,0.0,1596658455,1000,1000,1000,1000,0,0,0,0
1785437904.932367,idle_post,0,1000,1000,0.0,0.0,1596683089,1000,1000,1000,1000,0,0,0,0
1785437904.949694,idle_post,0,1000,1000,0.0,0.0,1596700322,1000,1000,1000,1000,0,0,0,0
1785437904.9724908,idle_post,0,1000,1000,0.0,0.0,1596721252,1000,1000,1000,1000,0,0,0,0
1785437904.9918036,idle_post,0,1000,1000,0.0,0.0,1596738495,1000,1000,1000,1000,0,0,0,0
1785437905.010952,idle_post,0,1000,1000,0.0,0.0,1596760658,1000,1000,1000,1000,0,0,0,0
1785437905.0286965,idle_post,0,1000,1000,0.0,0.0,1596777901,1000,1000,1000,1000,0,0,0,0
1785437905.050137,idle_post,0,1000,1000,0.0,0.0,1596801297,1000,1000,1000,1000,0,0,0,0
1785437905.074013,idle_post,0,1000,1000,0.0,0.0,1596821003,1000,1000,1000,1000,0,0,0,0
1785437905.092862,idle_post,0,1000,1000,0.0,0.0,1596840710,1000,1000,1000,1000,0,0,0,0
1785437905.109934,idle_post,0,1000,1000,0.0,0.0,1596857942,1000,1000,1000,1000,0,0,0,0
1785437905.1297405,idle_post,0,1000,1000,0.0,0.0,1596878876,1000,1000,1000,1000,0,0,0,0
1785437905.1511216,idle_post,0,1000,1000,0.0,0.0,1596901034,1000,1000,1000,1000,0,0,0,0
1785437905.169436,idle_post,0,1000,1000,0.0,0.0,1596918276,1000,1000,1000,1000,0,0,0,0
1785437905.1927965,idle_post,0,1000,1000,0.0,0.0,1596940439,1000,1000,1000,1000,0,0,0,0
1785437905.2107267,idle_post,0,1000,1000,0.0,0.0,1596961370,1000,1000,1000,1000,0,0,0,0
1785437905.228718,idle_post,0,1000,1000,0.0,0.0,1596978613,1000,1000,1000,1000,0,0,0,0
1785437905.24977,idle_post,0,1000,1000,0.0,0.0,1597000777,1000,1000,1000,1000,0,0,0,0
1785437905.26963,idle_post,0,1000,1000,0.0,0.0,1597018025,1000,1000,1000,1000,0,0,0,0
1785437905.2928066,idle_post,0,1000,1000,0.0,0.0,1597037721,1000,1000,1000,1000,0,0,0,0
1785437905.3110588,idle_post,0,1000,1000,0.0,0.0,1597061116,1000,1000,1000,1000,0,0,0,0
1785437905.3287177,idle_post,0,1000,1000,0.0,0.0,1597078351,1000,1000,1000,1000,0,0,0,0
1785437905.3506994,idle_post,0,1000,1000,0.0,0.0,1597100528,1000,1000,1000,1000,0,0,0,0
1785437905.3694105,idle_post,0,1000,1000,0.0,0.0,1597117759,1000,1000,1000,1000,0,0,0,0
1785437905.3930576,idle_post,0,1000,1000,0.0,0.0,1597141158,1000,1000,1000,1000,0,0,0,0
1785437905.4107926,idle_post,0,1000,1000,0.0,0.0,1597160858,1000,1000,1000,1000,0,0,0,0
1785437905.4289336,idle_post,0,1000,1000,0.0,0.0,1597178097,1000,1000,1000,1000,0,0,0,0
1785437905.44981,idle_post,0,1000,1000,0.0,0.0,1597200260,1000,1000,1000,1000,0,0,0,0
1785437905.4706762,idle_post,0,1000,1000,0.0,0.0,1597218790,1000,1000,1000,1000,0,0,0,0
1785437905.4919868,idle_post,0,1000,1000,0.0,0.0,1597238437,1000,1000,1000,1000,0,0,0,0
1785437905.5096998,idle_post,0,1000,1000,0.0,0.0,1597260598,1000,1000,1000,1000,0,0,0,0
1785437905.5307035,idle_post,0,1000,1000,0.0,0.0,1597280303,1000,1000,1000,1000,0,0,0,0
1785437905.5487866,idle_post,0,1000,1000,0.0,0.0,1597298772,1000,1000,1000,1000,0,0,0,0
1785437905.571893,idle_post,0,1000,1000,0.0,0.0,1597320934,1000,1000,1000,1000,0,0,0,0
1785437905.5927846,idle_post,0,1000,1000,0.0,0.0,1597340638,1000,1000,1000,1000,0,0,0,0
1785437905.6116083,idle_post,0,1000,1000,0.0,0.0,1597360342,1000,1000,1000,1000,0,0,0,0
1785437905.6297228,idle_post,0,1000,1000,0.0,0.0,1597378815,1000,1000,1000,1000,0,0,0,0
1785437905.6510198,idle_post,0,1000,1000,0.0,0.0,1597400981,1000,1000,1000,1000,0,0,0,0
1785437905.6698565,idle_post,0,1000,1000,0.0,0.0,1597418215,1000,1000,1000,1000,0,0,0,0
1785437905.6938097,idle_post,0,1000,1000,0.0,0.0,1597440422,1000,1000,1000,1000,0,0,0,0
1785437905.7101495,idle_post,0,1000,1000,0.0,0.0,1597458850,1000,1000,1000,1000,0,0,0,0
1785437905.730711,idle_post,0,1000,1000,0.0,0.0,1597481020,1000,1000,1000,1000,0,0,0,0
1785437905.7495081,idle_post,0,1000,1000,0.0,0.0,1597498252,1000,1000,1000,1000,0,0,0,0
1785437905.7704222,idle_post,0,1000,1000,0.0,0.0,1597520421,1000,1000,1000,1000,0,0,0,0
1785437905.7922,idle_post,0,1000,1000,0.0,0.0,1597541351,1000,1000,1000,1000,0,0,0,0
1785437905.808858,idle_post,0,1000,1000,0.0,0.0,1597558594,1000,1000,1000,1000,0,0,0,0
1785437905.8307915,idle_post,0,1000,1000,0.0,0.0,1597579545,1000,1000,1000,1000,0,0,0,0
1785437905.8490357,idle_post,0,1000,1000,0.0,0.0,1597599226,1000,1000,1000,1000,0,0,0,0
1785437905.8706455,idle_post,0,1000,1000,0.0,0.0,1597618928,1000,1000,1000,1000,0,0,0,0
1785437905.89158,idle_post,0,1000,1000,0.0,0.0,1597639864,1000,1000,1000,1000,0,0,0,0
1785437905.9088032,idle_post,0,1000,1000,0.0,0.0,1597659564,1000,1000,1000,1000,0,0,0,0
1785437905.929716,idle_post,0,1000,1000,0.0,0.0,1597679267,1000,1000,1000,1000,0,0,0,0
1785437905.9493058,idle_post,0,1000,1000,0.0,0.0,1597698971,1000,1000,1000,1000,0,0,0,0
1785437905.9704967,idle_post,0,1000,1000,0.0,0.0,1597718673,1000,1000,1000,1000,0,0,0,0
1785437905.9908342,idle_post,0,1000,1000,0.0,0.0,1597739608,1000,1000,1000,1000,0,0,0,0
1785437906.0088227,idle_post,0,1000,1000,0.0,0.0,1597759306,1000,1000,1000,1000,0,0,0,0
1785437906.0297518,idle_post,0,1000,1000,0.0,0.0,1597779012,1000,1000,1000,1000,0,0,0,0
1785437906.050719,idle_post,0,1000,1000,0.0,0.0,1597801176,1000,1000,1000,1000,0,0,0,0
1785437906.0726244,idle_post,0,1000,1000,0.0,0.0,1597819649,1000,1000,1000,1000,0,0,0,0
1785437906.091695,idle_post,0,1000,1000,0.0,0.0,1597841816,1000,1000,1000,1000,0,0,0,0
1785437906.108862,idle_post,0,1000,1000,0.0,0.0,1597859046,1000,1000,1000,1000,0,0,0,0
1785437906.1297617,idle_post,0,1000,1000,0.0,0.0,1597878749,1000,1000,1000,1000,0,0,0,0
1785437906.1493883,idle_post,0,1000,1000,0.0,0.0,1597899687,1000,1000,1000,1000,0,0,0,0
1785437906.170955,idle_post,0,1000,1000,0.0,0.0,1597919397,1000,1000,1000,1000,0,0,0,0
1785437906.1917918,idle_post,0,1000,1000,0.0,0.0,1597941547,1000,1000,1000,1000,0,0,0,0
1785437906.2093258,idle_post,0,1000,1000,0.0,0.0,1597958815,1000,1000,1000,1000,0,0,0,0
1785437906.2298636,idle_post,0,1000,1000,0.0,0.0,1597979725,1000,1000,1000,1000,0,0,0,0
1785437906.252063,idle_post,0,1000,1000,0.0,0.0,1598001885,1000,1000,1000,1000,0,0,0,0
1785437906.2706883,idle_post,0,1000,1000,0.0,0.0,1598019131,1000,1000,1000,1000,0,0,0,0
1785437906.2916265,idle_post,0,1000,1000,0.0,0.0,1598041296,1000,1000,1000,1000,0,0,0,0
1785437906.3110662,idle_post,0,1000,1000,0.0,0.0,1598059761,1000,1000,1000,1000,0,0,0,0
1785437906.3288782,idle_post,0,1000,1000,0.0,0.0,1598079461,1000,1000,1000,1000,0,0,0,0
1785437906.3506308,idle_post,0,1000,1000,0.0,0.0,1598101675,1000,1000,1000,1000,0,0,0,0
1785437906.372982,idle_post,0,1000,1000,0.0,0.0,1598121362,1000,1000,1000,1000,0,0,0,0
1785437906.393219,idle_post,0,1000,1000,0.0,0.0,1598139798,1000,1000,1000,1000,0,0,0,0
1785437906.4109104,idle_post,0,1000,1000,0.0,0.0,1598161970,1000,1000,1000,1000,0,0,0,0
1785437906.4293,idle_post,0,1000,1000,0.0,0.0,1598179202,1000,1000,1000,1000,0,0,0,0
1785437906.4497316,idle_post,0,1000,1000,0.0,0.0,1598201372,1000,1000,1000,1000,0,0,0,0
1785437906.4720738,idle_post,0,1000,1000,0.0,0.0,1598219841,1000,1000,1000,1000,0,0,0,0
1785437906.4919157,idle_post,0,1000,1000,0.0,0.0,1598239540,1000,1000,1000,1000,0,0,0,0
1785437906.510086,idle_post,0,1000,1000,0.0,0.0,1598259248,1000,1000,1000,1000,0,0,0,0
1785437906.53087,idle_post,0,1000,1000,0.0,0.0,1598281409,1000,1000,1000,1000,0,0,0,0
1785437906.5497577,idle_post,0,1000,1000,0.0,0.0,1598299876,1000,1000,1000,1000,0,0,0,0
1785437906.5723066,idle_post,0,1000,1000,0.0,0.0,1598322044,1000,1000,1000,1000,0,0,0,0
1785437906.5928168,idle_post,0,1000,1000,0.0,0.0,1598339283,1000,1000,1000,1000,0,0,0,0
1785437906.6099381,idle_post,0,1000,1000,0.0,0.0,1598358989,1000,1000,1000,1000,0,0,0,0
1785437906.6308465,idle_post,0,1000,1000,0.0,0.0,1598378692,1000,1000,1000,1000,0,0,0,0
1785437906.6487644,idle_post,0,1000,1000,0.0,0.0,1598399620,1000,1000,1000,1000,0,0,0,0
1785437906.6747346,idle_post,0,1000,1000,0.0,0.0,1598421787,1000,1000,1000,1000,0,0,0,0
1785437906.691843,idle_post,0,1000,1000,0.0,0.0,1598439023,1000,1000,1000,1000,0,0,0,0
1785437906.7108443,idle_post,0,1000,1000,0.0,0.0,1598461193,1000,1000,1000,1000,0,0,0,0
1785437906.7297447,idle_post,0,1000,1000,0.0,0.0,1598479659,1000,1000,1000,1000,0,0,0,0
1785437906.750895,idle_post,0,1000,1000,0.0,0.0,1598501827,1000,1000,1000,1000,0,0,0,0
1785437906.7704577,idle_post,0,1000,1000,0.0,0.0,1598519063,1000,1000,1000,1000,0,0,0,0
1785437906.791911,idle_post,0,1000,1000,0.0,0.0,1598538771,1000,1000,1000,1000,0,0,0,0
1785437906.809742,idle_post,0,1000,1000,0.0,0.0,1598559700,1000,1000,1000,1000,0,0,0,0
1785437906.8308644,idle_post,0,1000,1000,0.0,0.0,1598579405,1000,1000,1000,1000,0,0,0,0
1785437906.8487918,idle_post,0,1000,1000,0.0,0.0,1598597874,1000,1000,1000,1000,0,0,0,0
1785437906.8723218,idle_post,0,1000,1000,0.0,0.0,1598620036,1000,1000,1000,1000,0,0,0,0
1785437906.8918447,idle_post,0,1000,1000,0.0,0.0,1598639743,1000,1000,1000,1000,0,0,0,0
1785437906.9121296,idle_post,0,1000,1000,0.0,0.0,1598663143,1000,1000,1000,1000,0,0,0,0
1785437906.929788,idle_post,0,1000,1000,0.0,0.0,1598680370,1000,1000,1000,1000,0,0,0,0
1785437906.9514747,idle_post,0,1000,1000,0.0,0.0,1598702545,1000,1000,1000,1000,0,0,0,0
1785437906.9729342,idle_post,0,1000,1000,0.0,0.0,1598719778,1000,1000,1000,1000,0,0,0,0
1785437906.9918425,idle_post,0,1000,1000,0.0,0.0,1598738270,1000,1000,1000,1000,0,0,0,0
1785437907.0104396,idle_post,0,1000,1000,0.0,0.0,1598760410,1000,1000,1000,1000,0,0,0,0
1785437907.0307493,idle_post,0,1000,1000,0.0,0.0,1598780125,1000,1000,1000,1000,0,0,0,0
1785437907.0500393,idle_post,0,1000,1000,0.0,0.0,1598799822,1000,1000,1000,1000,0,0,0,0
1785437907.0743446,idle_post,0,1000,1000,0.0,0.0,1598820757,1000,1000,1000,1000,0,0,0,0
1785437907.0924191,idle_post,0,1000,1000,0.0,0.0,1598840460,1000,1000,1000,1000,0,0,0,0
1785437907.1097531,idle_post,0,1000,1000,0.0,0.0,1598860161,1000,1000,1000,1000,0,0,0,0
1785437907.1291935,idle_post,0,1000,1000,0.0,0.0,1598877392,1000,1000,1000,1000,0,0,0,0
1785437907.148758,idle_post,0,1000,1000,0.0,0.0,1598898336,1000,1000,1000,1000,0,0,0,0
1785437907.1707108,idle_post,0,1000,1000,0.0,0.0,1598920491,1000,1000,1000,1000,0,0,0,0
1785437907.1916783,idle_post,0,1000,1000,0.0,0.0,1598940193,1000,1000,1000,1000,0,0,0,0
1785437907.210777,idle_post,0,1000,1000,0.0,0.0,1598959904,1000,1000,1000,1000,0,0,0,0
1785437907.2297566,idle_post,0,1000,1000,0.0,0.0,1598980830,1000,1000,1000,1000,0,0,0,0
1785437907.2488832,idle_post,0,1000,1000,0.0,0.0,1598998075,1000,1000,1000,1000,0,0,0,0
1785437907.2707286,idle_post,0,1000,1000,0.0,0.0,1599020232,1000,1000,1000,1000,0,0,0,0
1785437907.2916877,idle_post,0,1000,1000,0.0,0.0,1599039940,1000,1000,1000,1000,0,0,0,0
1785437907.3087814,idle_post,0,1000,1000,0.0,0.0,1599059635,1000,1000,1000,1000,0,0,0,0
1785437907.3308363,idle_post,0,1000,1000,0.0,0.0,1599080570,1000,1000,1000,1000,0,0,0,0
1785437907.3488302,idle_post,0,1000,1000,0.0,0.0,1599097826,1000,1000,1000,1000,0,0,0,0
1785437907.3704932,idle_post,0,1000,1000,0.0,0.0,1599119983,1000,1000,1000,1000,0,0,0,0
1785437907.3908715,idle_post,0,1000,1000,0.0,0.0,1599139678,1000,1000,1000,1000,0,0,0,0
1785437907.4099658,idle_post,0,1000,1000,0.0,0.0,1599160609,1000,1000,1000,1000,0,0,0,0
1785437907.430829,idle_post,0,1000,1000,0.0,0.0,1599180314,1000,1000,1000,1000,0,0,0,0
1785437907.4488611,idle_post,0,1000,1000,0.0,0.0,1599197553,1000,1000,1000,1000,0,0,0,0
1785437907.470853,idle_post,0,1000,1000,0.0,0.0,1599219715,1000,1000,1000,1000,0,0,0,0
1785437907.491889,idle_post,0,1000,1000,0.0,0.0,1599238194,1000,1000,1000,1000,0,0,0,0
1785437907.5107996,idle_post,0,1000,1000,0.0,0.0,1599260352,1000,1000,1000,1000,0,0,0,0
1785437907.5288568,idle_post,0,1000,1000,0.0,0.0,1599277594,1000,1000,1000,1000,0,0,0,0
1785437907.5522509,idle_post,0,1000,1000,0.0,0.0,1599302222,1000,1000,1000,1000,0,0,0,0
1785437907.5738428,idle_post,0,1000,1000,0.0,0.0,1599323182,1000,1000,1000,1000,0,0,0,0
1785437907.5918295,idle_post,0,1000,1000,0.0,0.0,1599342858,1000,1000,1000,1000,0,0,0,0
1785437907.609812,idle_post,0,1000,1000,0.0,0.0,1599360100,1000,1000,1000,1000,0,0,0,0
1785437907.6310973,idle_post,0,1000,1000,0.0,0.0,1599379801,1000,1000,1000,1000,0,0,0,0
1785437907.6487744,idle_post,0,1000,1000,0.0,0.0,1599398269,1000,1000,1000,1000,0,0,0,0
1785437907.6726882,idle_post,0,1000,1000,0.0,0.0,1599420431,1000,1000,1000,1000,0,0,0,0
1785437907.692487,idle_post,0,1000,1000,0.0,0.0,1599440164,1000,1000,1000,1000,0,0,0,0
1785437907.7108576,idle_post,0,1000,1000,0.0,0.0,1599459836,1000,1000,1000,1000,0,0,0,0
1785437907.7296236,idle_post,0,1000,1000,0.0,0.0,1599478306,1000,1000,1000,1000,0,0,0,0
1785437907.7507749,idle_post,0,1000,1000,0.0,0.0,1599500474,1000,1000,1000,1000,0,0,0,0
1785437907.7700155,idle_post,0,1000,1000,0.0,0.0,1599517710,1000,1000,1000,1000,0,0,0,0
1785437907.7919724,idle_post,0,1000,1000,0.0,0.0,1599539878,1000,1000,1000,1000,0,0,0,0
1785437907.8087919,idle_post,0,1000,1000,0.0,0.0,1599557145,1000,1000,1000,1000,0,0,0,0
1785437907.8297749,idle_post,0,1000,1000,0.0,0.0,1599580508,1000,1000,1000,1000,0,0,0,0
1785437907.8508008,idle_post,0,1000,1000,0.0,0.0,1599601444,1000,1000,1000,1000,0,0,0,0
1785437907.8707218,idle_post,0,1000,1000,0.0,0.0,1599618683,1000,1000,1000,1000,0,0,0,0
1785437907.8917503,idle_post,0,1000,1000,0.0,0.0,1599640850,1000,1000,1000,1000,0,0,0,0
1785437907.908789,idle_post,0,1000,1000,0.0,0.0,1599659316,1000,1000,1000,1000,0,0,0,0
1785437907.9297988,idle_post,0,1000,1000,0.0,0.0,1599679024,1000,1000,1000,1000,0,0,0,0
1785437907.9507775,idle_post,0,1000,1000,0.0,0.0,1599701185,1000,1000,1000,1000,0,0,0,0
1785437907.9695196,idle_post,0,1000,1000,0.0,0.0,1599718435,1000,1000,1000,1000,0,0,0,0
1785437907.9910061,idle_post,0,1000,1000,0.0,0.0,1599741819,1000,1000,1000,1000,0,0,0,0
1785437908.0088046,idle_post,0,1000,1000,0.0,0.0,1599759056,1000,1000,1000,1000,0,0,0,0
1785437908.0302978,idle_post,0,1000,1000,0.0,0.0,1599781229,1000,1000,1000,1000,0,0,0,0
1785437908.0508623,idle_post,0,1000,1000,0.0,0.0,1599800928,1000,1000,1000,1000,0,0,0,0
1785437908.0726776,idle_post,0,1000,1000,0.0,0.0,1599820629,1000,1000,1000,1000,0,0,0,0
1785437908.0920308,idle_post,0,1000,1000,0.0,0.0,1599841565,1000,1000,1000,1000,0,0,0,0
1785437908.1088657,idle_post,0,1000,1000,0.0,0.0,1599858801,1000,1000,1000,1000,0,0,0,0
1785437908.129923,idle_post,0,1000,1000,0.0,0.0,1599880973,1000,1000,1000,1000,0,0,0,0
1785437908.1488016,idle_post,0,1000,1000,0.0,0.0,1599898205,1000,1000,1000,1000,0,0,0,0
1785437908.17205,idle_post,0,1000,1000,0.0,0.0,1599921603,1000,1000,1000,1000,0,0,0,0
1785437908.1919782,idle_post,0,1000,1000,0.0,0.0,1599938839,1000,1000,1000,1000,0,0,0,0
1785437908.2108126,idle_post,0,1000,1000,0.0,0.0,1599961009,1000,1000,1000,1000,0,0,0,0
1785437908.228791,idle_post,0,1000,1000,0.0,0.0,1599978247,1000,1000,1000,1000,0,0,0,0
1785437908.2498105,idle_post,0,1000,1000,0.0,0.0,1599999175,1000,1000,1000,1000,0,0,0,0
1785437908.2731252,idle_post,0,1000,1000,0.0,0.0,1600021340,1000,1000,1000,1000,0,0,0,0
1785437908.2942507,idle_post,0,1000,1000,0.0,0.0,1600041072,1000,1000,1000,1000,0,0,0,0
1785437908.3088748,idle_post,0,1000,1000,0.0,0.0,1600058282,1000,1000,1000,1000,0,0,0,0
1785437908.331087,idle_post,0,1000,1000,0.0,0.0,1600081694,1000,1000,1000,1000,0,0,0,0
1785437908.349589,idle_post,0,1000,1000,0.0,0.0,1600098923,1000,1000,1000,1000,0,0,0,0
1785437908.370783,idle_post,0,1000,1000,0.0,0.0,1600121087,1000,1000,1000,1000,0,0,0,0
1785437908.3920097,idle_post,0,1000,1000,0.0,0.0,1600140790,1000,1000,1000,1000,0,0,0,0
1785437908.4094055,idle_post,0,1000,1000,0.0,0.0,1600159258,1000,1000,1000,1000,0,0,0,0
1785437908.4300387,idle_post,0,1000,1000,0.0,0.0,1600178961,1000,1000,1000,1000,0,0,0,0
1785437908.4498527,idle_post,0,1000,1000,0.0,0.0,1600198665,1000,1000,1000,1000,0,0,0,0
1785437908.472282,idle_post,0,1000,1000,0.0,0.0,1600220822,1000,1000,1000,1000,0,0,0,0
1785437908.4919052,idle_post,0,1000,1000,0.0,0.0,1600239348,1000,1000,1000,1000,0,0,0,0
1785437908.509799,idle_post,0,1000,1000,0.0,0.0,1600259036,1000,1000,1000,1000,0,0,0,0
1785437908.5308104,idle_post,0,1000,1000,0.0,0.0,1600281165,1000,1000,1000,1000,0,0,0,0
1785437908.548796,idle_post,0,1000,1000,0.0,0.0,1600298404,1000,1000,1000,1000,0,0,0,0
1785437908.5705194,idle_post,0,1000,1000,0.0,0.0,1600318107,1000,1000,1000,1000,0,0,0,0
1785437908.5918808,idle_post,0,1000,1000,0.0,0.0,1600339034,1000,1000,1000,1000,0,0,0,0
1785437908.60982,idle_post,0,1000,1000,0.0,0.0,1600358742,1000,1000,1000,1000,0,0,0,0
1785437908.6308188,idle_post,0,1000,1000,0.0,0.0,1600380902,1000,1000,1000,1000,0,0,0,0
1785437908.6488,idle_post,0,1000,1000,0.0,0.0,1600398142,1000,1000,1000,1000,0,0,0,0
1785437908.6722143,idle_post,0,1000,1000,0.0,0.0,1600421544,1000,1000,1000,1000,0,0,0,0
1785437908.6908963,idle_post,0,1000,1000,0.0,0.0,1600441240,1000,1000,1000,1000,0,0,0,0
1785437908.7098808,idle_post,0,1000,1000,0.0,0.0,1600458482,1000,1000,1000,1000,0,0,0,0
1785437908.7313309,idle_post,0,1000,1000,0.0,0.0,1600480648,1000,1000,1000,1000,0,0,0,0
1785437908.7488055,idle_post,0,1000,1000,0.0,0.0,1600499118,1000,1000,1000,1000,0,0,0,0
1785437908.7705238,idle_post,0,1000,1000,0.0,0.0,1600518857,1000,1000,1000,1000,0,0,0,0
1785437908.7919269,idle_post,0,1000,1000,0.0,0.0,1600538522,1000,1000,1000,1000,0,0,0,0
1785437908.8098218,idle_post,0,1000,1000,0.0,0.0,1600560680,1000,1000,1000,1000,0,0,0,0
1785437908.830835,idle_post,0,1000,1000,0.0,0.0,1600581616,1000,1000,1000,1000,0,0,0,0
1785437908.8489459,idle_post,0,1000,1000,0.0,0.0,1600596395,1000,1000,1000,1000,0,0,0,0
1785437908.8722255,idle_post,0,1000,1000,0.0,0.0,1600619794,1000,1000,1000,1000,0,0,0,0
1785437908.892909,idle_post,0,1000,1000,0.0,0.0,1600639490,1000,1000,1000,1000,0,0,0,0
1785437908.9119294,idle_post,0,1000,1000,0.0,0.0,1600661705,1000,1000,1000,1000,0,0,0,0
1785437908.9298832,idle_post,0,1000,1000,0.0,0.0,1600680126,1000,1000,1000,1000,0,0,0,0
1785437908.951655,idle_post,0,1000,1000,0.0,0.0,1600702297,1000,1000,1000,1000,0,0,0,0
1785437908.973045,idle_post,0,1000,1000,0.0,0.0,1600722005,1000,1000,1000,1000,0,0,0,0
1785437908.9919178,idle_post,0,1000,1000,0.0,0.0,1600739232,1000,1000,1000,1000,0,0,0,0
1785437909.0106864,idle_post,0,1000,1000,0.0,0.0,1600760168,1000,1000,1000,1000,0,0,0,0
1785437909.0308607,idle_post,0,1000,1000,0.0,0.0,1600779873,1000,1000,1000,1000,0,0,0,0
1785437909.0498807,idle_post,0,1000,1000,0.0,0.0,1600799573,1000,1000,1000,1000,0,0,0,0
1785437909.074163,idle_post,0,1000,1000,0.0,0.0,1600821743,1000,1000,1000,1000,0,0,0,0
1785437909.0925915,idle_post,0,1000,1000,0.0,0.0,1600840210,1000,1000,1000,1000,0,0,0,0
1785437909.1098335,idle_post,0,1000,1000,0.0,0.0,1600859944,1000,1000,1000,1000,0,0,0,0
1785437909.130922,idle_post,0,1000,1000,0.0,0.0,1600879615,1000,1000,1000,1000,0,0,0,0
1785437909.1488616,idle_post,0,1000,1000,0.0,0.0,1600899313,1000,1000,1000,1000,0,0,0,0
1785437909.1706288,idle_post,0,1000,1000,0.0,0.0,1600920246,1000,1000,1000,1000,0,0,0,0
1785437909.1909168,idle_post,0,1000,1000,0.0,0.0,1600939960,1000,1000,1000,1000,0,0,0,0
1785437909.2088232,idle_post,0,1000,1000,0.0,0.0,1600959667,1000,1000,1000,1000,0,0,0,0
1785437909.2298226,idle_post,0,1000,1000,0.0,0.0,1600979359,1000,1000,1000,1000,0,0,0,0
1785437909.2489233,idle_post,0,1000,1000,0.0,0.0,1600996593,1000,1000,1000,1000,0,0,0,0
1785437909.2707553,idle_post,0,1000,1000,0.0,0.0,1601019996,1000,1000,1000,1000,0,0,0,0
1785437909.2917533,idle_post,0,1000,1000,0.0,0.0,1601039696,1000,1000,1000,1000,0,0,0,0
1785437909.3088255,idle_post,0,1000,1000,0.0,0.0,1601059391,1000,1000,1000,1000,0,0,0,0
1785437909.333398,idle_post,0,1000,1000,0.0,0.0,1601079098,1000,1000,1000,1000,0,0,0,0
1785437909.3492846,idle_post,0,1000,1000,0.0,0.0,1601100036,1000,1000,1000,1000,0,0,0,0
1785437909.370598,idle_post,0,1000,1000,0.0,0.0,1601119731,1000,1000,1000,1000,0,0,0,0
1785437909.3917413,idle_post,0,1000,1000,0.0,0.0,1601139432,1000,1000,1000,1000,0,0,0,0
1785437909.4088526,idle_post,0,1000,1000,0.0,0.0,1601159133,1000,1000,1000,1000,0,0,0,0
1785437909.429854,idle_post,0,1000,1000,0.0,0.0,1601180074,1000,1000,1000,1000,0,0,0,0
1785437909.4488912,idle_post,0,1000,1000,0.0,0.0,1601199769,1000,1000,1000,1000,0,0,0,0
1785437909.4708226,idle_post,0,1000,1000,0.0,0.0,1601219470,1000,1000,1000,1000,0,0,0,0
1785437909.4919856,idle_post,0,1000,1000,0.0,0.0,1601239175,1000,1000,1000,1000,0,0,0,0
1785437909.5109072,idle_post,0,1000,1000,0.0,0.0,1601260110,1000,1000,1000,1000,0,0,0,0
1785437909.528926,idle_post,0,1000,1000,0.0,0.0,1601279808,1000,1000,1000,1000,0,0,0,0
1785437909.5499382,idle_post,0,1000,1000,0.0,0.0,1601299514,1000,1000,1000,1000,0,0,0,0
1785437909.5729425,idle_post,0,1000,1000,0.0,0.0,1601321682,1000,1000,1000,1000,0,0,0,0
1785437909.5929685,idle_post,0,1000,1000,0.0,0.0,1601340147,1000,1000,1000,1000,0,0,0,0
1785437909.611037,idle_post,0,1000,1000,0.0,0.0,1601359867,1000,1000,1000,1000,0,0,0,0
1785437909.631335,idle_post,0,1000,1000,0.0,0.0,1601382018,1000,1000,1000,1000,0,0,0,0
1785437909.6507404,idle_post,0,1000,1000,0.0,0.0,1601401725,1000,1000,1000,1000,0,0,0,0
1785437909.6699238,idle_post,0,1000,1000,0.0,0.0,1601420192,1000,1000,1000,1000,0,0,0,0
1785437909.6917148,idle_post,0,1000,1000,0.0,0.0,1601439890,1000,1000,1000,1000,0,0,0,0
1785437909.7098544,idle_post,0,1000,1000,0.0,0.0,1601459588,1000,1000,1000,1000,0,0,0,0
1785437909.7308946,idle_post,0,1000,1000,0.0,0.0,1601481759,1000,1000,1000,1000,0,0,0,0
1785437909.7488828,idle_post,0,1000,1000,0.0,0.0,1601497761,1000,1000,1000,1000,0,0,0,0
1785437909.7722127,idle_post,0,1000,1000,0.0,0.0,1601519928,1000,1000,1000,1000,0,0,0,0
1785437909.7919161,idle_post,0,1000,1000,0.0,0.0,1601539628,1000,1000,1000,1000,0,0,0,0
1785437909.8098595,idle_post,0,1000,1000,0.0,0.0,1601559333,1000,1000,1000,1000,0,0,0,0
1785437909.8309162,idle_post,0,1000,1000,0.0,0.0,1601580269,1000,1000,1000,1000,0,0,0,0
1785437909.849844,idle_post,0,1000,1000,0.0,0.0,1601599969,1000,1000,1000,1000,0,0,0,0
1785437909.8707738,idle_post,0,1000,1000,0.0,0.0,1601618444,1000,1000,1000,1000,0,0,0,0
1785437909.8919196,idle_post,0,1000,1000,0.0,0.0,1601638142,1000,1000,1000,1000,0,0,0,0
1785437909.9098408,idle_post,0,1000,1000,0.0,0.0,1601660304,1000,1000,1000,1000,0,0,0,0
1785437909.9308434,idle_post,0,1000,1000,0.0,0.0,1601681239,1000,1000,1000,1000,0,0,0,0
1785437909.9488637,idle_post,0,1000,1000,0.0,0.0,1601698480,1000,1000,1000,1000,0,0,0,0
1785437909.9720275,idle_post,0,1000,1000,0.0,0.0,1601720644,1000,1000,1000,1000,0,0,0,0
1785437909.9919236,idle_post,0,1000,1000,0.0,0.0,1601737879,1000,1000,1000,1000,0,0,0,0
1785437910.0098433,idle_post,0,1000,1000,0.0,0.0,1601758820,1000,1000,1000,1000,0,0,0,0
1785437910.030873,idle_post,0,1000,1000,0.0,0.0,1601780980,1000,1000,1000,1000,0,0,0,0
1785437910.0498643,idle_post,0,1000,1000,0.0,0.0,1601800686,1000,1000,1000,1000,0,0,0,0
1785437910.0739708,idle_post,0,1000,1000,0.0,0.0,1601820389,1000,1000,1000,1000,0,0,0,0
1785437910.0929308,idle_post,0,1000,1000,0.0,0.0,1601838863,1000,1000,1000,1000,0,0,0,0
1785437910.1088657,idle_post,0,1000,1000,0.0,0.0,1601858553,1000,1000,1000,1000,0,0,0,0
1785437910.129874,idle_post,0,1000,1000,0.0,0.0,1601880726,1000,1000,1000,1000,0,0,0,0
1785437910.150909,idle_post,0,1000,1000,0.0,0.0,1601900421,1000,1000,1000,1000,0,0,0,0
1785437910.1697917,idle_post,0,1000,1000,0.0,0.0,1601917667,1000,1000,1000,1000,0,0,0,0
1785437910.192473,idle_post,0,1000,1000,0.0,0.0,1601941057,1000,1000,1000,1000,0,0,0,0
1785437910.209887,idle_post,0,1000,1000,0.0,0.0,1601960777,1000,1000,1000,1000,0,0,0,0
1785437910.2321503,idle_post,0,1000,1000,0.0,0.0,1601982930,1000,1000,1000,1000,0,0,0,0
1785437910.249912,idle_post,0,1000,1000,0.0,0.0,1602000164,1000,1000,1000,1000,0,0,0,0
1785437910.2727063,idle_post,0,1000,1000,0.0,0.0,1602021101,1000,1000,1000,1000,0,0,0,0
1785437910.2919347,idle_post,0,1000,1000,0.0,0.0,1602038336,1000,1000,1000,1000,0,0,0,0
1785437910.3112864,idle_post,0,1000,1000,0.0,0.0,1602060499,1000,1000,1000,1000,0,0,0,0
1785437910.3288934,idle_post,0,1000,1000,0.0,0.0,1602077763,1000,1000,1000,1000,0,0,0,0
1785437910.3501868,idle_post,0,1000,1000,0.0,0.0,1602101140,1000,1000,1000,1000,0,0,0,0
1785437910.3722668,idle_post,0,1000,1000,0.0,0.0,1602120846,1000,1000,1000,1000,0,0,0,0
1785437910.3926651,idle_post,0,1000,1000,0.0,0.0,1602140545,1000,1000,1000,1000,0,0,0,0
1785437910.4098887,idle_post,0,1000,1000,0.0,0.0,1602160244,1000,1000,1000,1000,0,0,0,0
1785437910.4309084,idle_post,0,1000,1000,0.0,0.0,1602181173,1000,1000,1000,1000,0,0,0,0
1785437910.4490187,idle_post,0,1000,1000,0.0,0.0,1602198413,1000,1000,1000,1000,0,0,0,0
1785437910.4723415,idle_post,0,1000,1000,0.0,0.0,1602220652,1000,1000,1000,1000,0,0,0,0
1785437910.4939907,idle_post,0,1000,1000,0.0,0.0,1602240281,1000,1000,1000,1000,0,0,0,0
1785437910.509965,idle_post,0,1000,1000,0.0,0.0,1602258755,1000,1000,1000,1000,0,0,0,0
1785437910.5309324,idle_post,0,1000,1000,0.0,0.0,1602280922,1000,1000,1000,1000,0,0,0,0
1785437910.5498734,idle_post,0,1000,1000,0.0,0.0,1602300619,1000,1000,1000,1000,0,0,0,0
1785437910.5696747,idle_post,0,1000,1000,0.0,0.0,1602317866,1000,1000,1000,1000,0,0,0,0
1785437910.5930161,idle_post,0,1000,1000,0.0,0.0,1602338791,1000,1000,1000,1000,0,0,0,0
1785437910.610868,idle_post,0,1000,1000,0.0,0.0,1602360982,1000,1000,1000,1000,0,0,0,0
1785437910.6289744,idle_post,0,1000,1000,0.0,0.0,1602378198,1000,1000,1000,1000,0,0,0,0
1785437910.6498997,idle_post,0,1000,1000,0.0,0.0,1602400362,1000,1000,1000,1000,0,0,0,0
1785437910.672325,idle_post,0,1000,1000,0.0,0.0,1602421293,1000,1000,1000,1000,0,0,0,0
1785437910.6930556,idle_post,0,1000,1000,0.0,0.0,1602438532,1000,1000,1000,1000,0,0,0,0
1785437910.7108998,idle_post,0,1000,1000,0.0,0.0,1602460699,1000,1000,1000,1000,0,0,0,0
1785437910.7289896,idle_post,0,1000,1000,0.0,0.0,1602477942,1000,1000,1000,1000,0,0,0,0
1785437910.7498717,idle_post,0,1000,1000,0.0,0.0,1602497692,1000,1000,1000,1000,0,0,0,0
1785437910.7706833,idle_post,0,1000,1000,0.0,0.0,1602518626,1000,1000,1000,1000,0,0,0,0
1785437910.792083,idle_post,0,1000,1000,0.0,0.0,1602538272,1000,1000,1000,1000,0,0,0,0
1785437910.8099062,idle_post,0,1000,1000,0.0,0.0,1602560442,1000,1000,1000,1000,0,0,0,0
1785437910.8308759,idle_post,0,1000,1000,0.0,0.0,1602581375,1000,1000,1000,1000,0,0,0,0
1785437910.8490803,idle_post,0,1000,1000,0.0,0.0,1602598613,1000,1000,1000,1000,0,0,0,0
1785437910.870816,idle_post,0,1000,1000,0.0,0.0,1602619545,1000,1000,1000,1000,0,0,0,0
1785437910.8918839,idle_post,0,1000,1000,0.0,0.0,1602641709,1000,1000,1000,1000,0,0,0,0
1785437910.90989,idle_post,0,1000,1000,0.0,0.0,1602658961,1000,1000,1000,1000,0,0,0,0
1785437910.931884,idle_post,0,1000,1000,0.0,0.0,1602681114,1000,1000,1000,1000,0,0,0,0
1785437910.9513521,idle_post,0,1000,1000,0.0,0.0,1602702053,1000,1000,1000,1000,0,0,0,0
1785437910.9696765,idle_post,0,1000,1000,0.0,0.0,1602719292,1000,1000,1000,1000,0,0,0,0
1785437910.9949903,idle_post,0,1000,1000,0.0,0.0,1602741464,1000,1000,1000,1000,0,0,0,0
1785437911.0100775,idle_post,0,1000,1000,0.0,0.0,1602761160,1000,1000,1000,1000,0,0,0,0
1785437911.0311115,idle_post,0,1000,1000,0.0,0.0,1602779650,1000,1000,1000,1000,0,0,0,0
1785437911.0496187,idle_post,0,1000,1000,0.0,0.0,1602799325,1000,1000,1000,1000,0,0,0,0
1785437911.073537,idle_post,0,1000,1000,0.0,0.0,1602821504,1000,1000,1000,1000,0,0,0,0
1785437911.0919962,idle_post,0,1000,1000,0.0,0.0,1602838728,1000,1000,1000,1000,0,0,0,0
1785437911.1110947,idle_post,0,1000,1000,0.0,0.0,1602859667,1000,1000,1000,1000,0,0,0,0
1785437911.1289227,idle_post,0,1000,1000,0.0,0.0,1602879368,1000,1000,1000,1000,0,0,0,0
1785437911.1498754,idle_post,0,1000,1000,0.0,0.0,1602899069,1000,1000,1000,1000,0,0,0,0
1785437911.1722803,idle_post,0,1000,1000,0.0,0.0,1602921231,1000,1000,1000,1000,0,0,0,0
1785437911.191991,idle_post,0,1000,1000,0.0,0.0,1602939701,1000,1000,1000,1000,0,0,0,0
1785437911.2098868,idle_post,0,1000,1000,0.0,0.0,1602959406,1000,1000,1000,1000,0,0,0,0
1785437911.2291236,idle_post,0,1000,1000,0.0,0.0,1602979105,1000,1000,1000,1000,0,0,0,0
1785437911.249904,idle_post,0,1000,1000,0.0,0.0,1602998808,1000,1000,1000,1000,0,0,0,0
1785437911.2723722,idle_post,0,1000,1000,0.0,0.0,1603019742,1000,1000,1000,1000,0,0,0,0
1785437911.2923248,idle_post,0,1000,1000,0.0,0.0,1603039446,1000,1000,1000,1000,0,0,0,0
1785437911.3110313,idle_post,0,1000,1000,0.0,0.0,1603061614,1000,1000,1000,1000,0,0,0,0
1785437911.3291547,idle_post,0,1000,1000,0.0,0.0,1603078853,1000,1000,1000,1000,0,0,0,0
1785437911.350001,idle_post,0,1000,1000,0.0,0.0,1603099780,1000,1000,1000,1000,0,0,0,0
1785437911.3730683,idle_post,0,1000,1000,0.0,0.0,1603121952,1000,1000,1000,1000,0,0,0,0
1785437911.3930407,idle_post,0,1000,1000,0.0,0.0,1603139187,1000,1000,1000,1000,0,0,0,0
1785437911.409002,idle_post,0,1000,1000,0.0,0.0,1603158888,1000,1000,1000,1000,0,0,0,0
1785437911.4300501,idle_post,0,1000,1000,0.0,0.0,1603178593,1000,1000,1000,1000,0,0,0,0
1785437911.4511778,idle_post,0,1000,1000,0.0,0.0,1603201995,1000,1000,1000,1000,0,0,0,0
1785437911.470979,idle_post,0,1000,1000,0.0,0.0,1603219225,1000,1000,1000,1000,0,0,0,0
1785437911.4913106,idle_post,0,1000,1000,0.0,0.0,1603241393,1000,1000,1000,1000,0,0,0,0
1785437911.508925,idle_post,0,1000,1000,0.0,0.0,1603258638,1000,1000,1000,1000,0,0,0,0
1785437911.5323908,idle_post,0,1000,1000,0.0,0.0,1603282024,1000,1000,1000,1000,0,0,0,0
1785437911.5499187,idle_post,0,1000,1000,0.0,0.0,1603299264,1000,1000,1000,1000,0,0,0,0
1785437911.5728688,idle_post,0,1000,1000,0.0,0.0,1603321429,1000,1000,1000,1000,0,0,0,0
1785437911.5939305,idle_post,0,1000,1000,0.0,0.0,1603341136,1000,1000,1000,1000,0,0,0,0
1785437911.6089265,idle_post,0,1000,1000,0.0,0.0,1603359598,1000,1000,1000,1000,0,0,0,0
1785437911.630995,idle_post,0,1000,1000,0.0,0.0,1603379305,1000,1000,1000,1000,0,0,0,0
1785437911.6489336,idle_post,0,1000,1000,0.0,0.0,1603399007,1000,1000,1000,1000,0,0,0,0
1785437911.6715367,idle_post,0,1000,1000,0.0,0.0,1603421176,1000,1000,1000,1000,0,0,0,0
1785437911.6918142,idle_post,0,1000,1000,0.0,0.0,1603439647,1000,1000,1000,1000,0,0,0,0
1785437911.7097373,idle_post,0,1000,1000,0.0,0.0,1603459346,1000,1000,1000,1000,0,0,0,0
1785437911.7299237,idle_post,0,1000,1000,0.0,0.0,1603479047,1000,1000,1000,1000,0,0,0,0
1785437911.75015,idle_post,0,1000,1000,0.0,0.0,1603498783,1000,1000,1000,1000,0,0,0,0
1785437911.7706642,idle_post,0,1000,1000,0.0,0.0,1603519683,1000,1000,1000,1000,0,0,0,0
1785437911.7918031,idle_post,0,1000,1000,0.0,0.0,1603541848,1000,1000,1000,1000,0,0,0,0
1785437911.8109438,idle_post,0,1000,1000,0.0,0.0,1603561547,1000,1000,1000,1000,0,0,0,0
1785437911.8299112,idle_post,0,1000,1000,0.0,0.0,1603578795,1000,1000,1000,1000,0,0,0,0
1785437911.8509743,idle_post,0,1000,1000,0.0,0.0,1603599726,1000,1000,1000,1000,0,0,0,0
1785437911.8698714,idle_post,0,1000,1000,0.0,0.0,1603619426,1000,1000,1000,1000,0,0,0,0
1785437911.8930209,idle_post,0,1000,1000,0.0,0.0,1603640376,1000,1000,1000,1000,0,0,0,0
1785437911.9090545,idle_post,0,1000,1000,0.0,0.0,1603657605,1000,1000,1000,1000,0,0,0,0
1785437911.9301298,idle_post,0,1000,1000,0.0,0.0,1603679761,1000,1000,1000,1000,0,0,0,0
1785437911.9509332,idle_post,0,1000,1000,0.0,0.0,1603700699,1000,1000,1000,1000,0,0,0,0
1785437911.9696739,idle_post,0,1000,1000,0.0,0.0,1603717933,1000,1000,1000,1000,0,0,0,0
1785437911.993012,idle_post,0,1000,1000,0.0,0.0,1603740099,1000,1000,1000,1000,0,0,0,0
1785437912.0109618,idle_post,0,1000,1000,0.0,0.0,1603759799,1000,1000,1000,1000,0,0,0,0
1785437912.0299454,idle_post,0,1000,1000,0.0,0.0,1603780742,1000,1000,1000,1000,0,0,0,0
1785437912.0489397,idle_post,0,1000,1000,0.0,0.0,1603797978,1000,1000,1000,1000,0,0,0,0
1785437912.0728185,idle_post,0,1000,1000,0.0,0.0,1603820137,1000,1000,1000,1000,0,0,0,0
1785437912.0920231,idle_post,0,1000,1000,0.0,0.0,1603839842,1000,1000,1000,1000,0,0,0,0
1785437912.1099627,idle_post,0,1000,1000,0.0,0.0,1603860776,1000,1000,1000,1000,0,0,0,0
1785437912.1290126,idle_post,0,1000,1000,0.0,0.0,1603878015,1000,1000,1000,1000,0,0,0,0
1785437912.1509302,idle_post,0,1000,1000,0.0,0.0,1603900181,1000,1000,1000,1000,0,0,0,0
1785437912.169689,idle_post,0,1000,1000,0.0,0.0,1603919878,1000,1000,1000,1000,0,0,0,0
1785437912.1930215,idle_post,0,1000,1000,0.0,0.0,1603940821,1000,1000,1000,1000,0,0,0,0
1785437912.2118235,idle_post,0,1000,1000,0.0,0.0,1603960515,1000,1000,1000,1000,0,0,0,0
1785437912.2299352,idle_post,0,1000,1000,0.0,0.0,1603980238,1000,1000,1000,1000,0,0,0,0
1785437912.2515197,idle_post,0,1000,1000,0.0,0.0,1604002392,1000,1000,1000,1000,0,0,0,0
1785437912.2698739,idle_post,0,1000,1000,0.0,0.0,1604017160,1000,1000,1000,1000,0,0,0,0
1785437912.2939246,idle_post,0,1000,1000,0.0,0.0,1604040554,1000,1000,1000,1000,0,0,0,0
1785437912.3089607,idle_post,0,1000,1000,0.0,0.0,1604057800,1000,1000,1000,1000,0,0,0,0
1785437912.33027,idle_post,0,1000,1000,0.0,0.0,1604079963,1000,1000,1000,1000,0,0,0,0
1785437912.3509629,idle_post,0,1000,1000,0.0,0.0,1604099666,1000,1000,1000,1000,0,0,0,0
1785437912.370966,idle_post,0,1000,1000,0.0,0.0,1604120598,1000,1000,1000,1000,0,0,0,0
1785437912.3933904,idle_post,0,1000,1000,0.0,0.0,1604140301,1000,1000,1000,1000,0,0,0,0
1785437912.409946,idle_post,0,1000,1000,0.0,0.0,1604160000,1000,1000,1000,1000,0,0,0,0
1785437912.430944,idle_post,0,1000,1000,0.0,0.0,1604179701,1000,1000,1000,1000,0,0,0,0
1785437912.448967,idle_post,0,1000,1000,0.0,0.0,1604198171,1000,1000,1000,1000,0,0,0,0
1785437912.472338,idle_post,0,1000,1000,0.0,0.0,1604220336,1000,1000,1000,1000,0,0,0,0
1785437912.49304,idle_post,0,1000,1000,0.0,0.0,1604240037,1000,1000,1000,1000,0,0,0,0
1785437912.5114884,idle_post,0,1000,1000,0.0,0.0,1604262204,1000,1000,1000,1000,0,0,0,0
1785437912.5289843,idle_post,0,1000,1000,0.0,0.0,1604278256,1000,1000,1000,1000,0,0,0,0
1785437912.5499406,idle_post,0,1000,1000,0.0,0.0,1604300374,1000,1000,1000,1000,0,0,0,0
1785437912.5696697,idle_post,0,1000,1000,0.0,0.0,1604317615,1000,1000,1000,1000,0,0,0,0
1785437912.5933998,idle_post,0,1000,1000,0.0,0.0,1604339776,1000,1000,1000,1000,0,0,0,0
1785437912.6111522,idle_post,0,1000,1000,0.0,0.0,1604360710,1000,1000,1000,1000,0,0,0,0
1785437912.6290135,idle_post,0,1000,1000,0.0,0.0,1604377963,1000,1000,1000,1000,0,0,0,0
1785437912.6503582,idle_post,0,1000,1000,0.0,0.0,1604400116,1000,1000,1000,1000,0,0,0,0
1785437912.672421,idle_post,0,1000,1000,0.0,0.0,1604419822,1000,1000,1000,1000,0,0,0,0
1785437912.69304,idle_post,0,1000,1000,0.0,0.0,1604440751,1000,1000,1000,1000,0,0,0,0
1785437912.711005,idle_post,0,1000,1000,0.0,0.0,1604460454,1000,1000,1000,1000,0,0,0,0
1785437912.7289562,idle_post,0,1000,1000,0.0,0.0,1604477699,1000,1000,1000,1000,0,0,0,0
1785437912.7500858,idle_post,0,1000,1000,0.0,0.0,1604499886,1000,1000,1000,1000,0,0,0,0
1785437912.7696514,idle_post,0,1000,1000,0.0,0.0,1604518327,1000,1000,1000,1000,0,0,0,0
1785437912.7918284,idle_post,0,1000,1000,0.0,0.0,1604540499,1000,1000,1000,1000,0,0,0,0
1785437912.8093278,idle_post,0,1000,1000,0.0,0.0,1604560196,1000,1000,1000,1000,0,0,0,0
1785437912.8309357,idle_post,0,1000,1000,0.0,0.0,1604579895,1000,1000,1000,1000,0,0,0,0
1785437912.848974,idle_post,0,1000,1000,0.0,0.0,1604597139,1000,1000,1000,1000,0,0,0,0
1785437912.873472,idle_post,0,1000,1000,0.0,0.0,1604623002,1000,1000,1000,1000,0,0,0,0
1785437912.8923268,idle_post,0,1000,1000,0.0,0.0,1604641466,1000,1000,1000,1000,0,0,0,0
1785437912.9107866,idle_post,0,1000,1000,0.0,0.0,1604661170,1000,1000,1000,1000,0,0,0,0
1785437912.9289384,idle_post,0,1000,1000,0.0,0.0,1604678409,1000,1000,1000,1000,0,0,0,0
1785437912.9509387,idle_post,0,1000,1000,0.0,0.0,1604700607,1000,1000,1000,1000,0,0,0,0
1785437912.969647,idle_post,0,1000,1000,0.0,0.0,1604719040,1000,1000,1000,1000,0,0,0,0
1785437912.9934156,idle_post,0,1000,1000,0.0,0.0,1604741210,1000,1000,1000,1000,0,0,0,0
1785437913.0114286,idle_post,0,1000,1000,0.0,0.0,1604760920,1000,1000,1000,1000,0,0,0,0
1785437913.030004,idle_post,0,1000,1000,0.0,0.0,1604780615,1000,1000,1000,1000,0,0,0,0
1785437913.051942,idle_post,0,1000,1000,0.0,0.0,1604801546,1000,1000,1000,1000,0,0,0,0
1785437913.0730615,idle_post,0,1000,1000,0.0,0.0,1604818786,1000,1000,1000,1000,0,0,0,0
1785437913.0919077,idle_post,0,1000,1000,0.0,0.0,1604840953,1000,1000,1000,1000,0,0,0,0
1785437913.1090136,idle_post,0,1000,1000,0.0,0.0,1604858190,1000,1000,1000,1000,0,0,0,0
1785437913.1299458,idle_post,0,1000,1000,0.0,0.0,1604879126,1000,1000,1000,1000,0,0,0,0
1785437913.1509476,idle_post,0,1000,1000,0.0,0.0,1604901322,1000,1000,1000,1000,0,0,0,0
1785437913.170915,idle_post,0,1000,1000,0.0,0.0,1604918530,1000,1000,1000,1000,0,0,0,0
1785437913.1930962,idle_post,0,1000,1000,0.0,0.0,1604940692,1000,1000,1000,1000,0,0,0,0
1785437913.2095604,idle_post,0,1000,1000,0.0,0.0,1604959158,1000,1000,1000,1000,0,0,0,0
1785437913.2299452,idle_post,0,1000,1000,0.0,0.0,1604978863,1000,1000,1000,1000,0,0,0,0
1785437913.2490053,idle_post,0,1000,1000,0.0,0.0,1604998567,1000,1000,1000,1000,0,0,0,0
1785437913.2698834,idle_post,0,1000,1000,0.0,0.0,1605018264,1000,1000,1000,1000,0,0,0,0
1785437913.2910366,idle_post,0,1000,1000,0.0,0.0,1605041667,1000,1000,1000,1000,0,0,0,0
1785437913.3089674,idle_post,0,1000,1000,0.0,0.0,1605058940,1000,1000,1000,1000,0,0,0,0
1785437913.3301234,idle_post,0,1000,1000,0.0,0.0,1605078606,1000,1000,1000,1000,0,0,0,0
1785437913.3510172,idle_post,0,1000,1000,0.0,0.0,1605100771,1000,1000,1000,1000,0,0,0,0
1785437913.3696673,idle_post,0,1000,1000,0.0,0.0,1605119240,1000,1000,1000,1000,0,0,0,0
1785437913.3930817,idle_post,0,1000,1000,0.0,0.0,1605138943,1000,1000,1000,1000,0,0,0,0
1785437913.408961,idle_post,0,1000,1000,0.0,0.0,1605158645,1000,1000,1000,1000,0,0,0,0
1785437913.430032,idle_post,0,1000,1000,0.0,0.0,1605180806,1000,1000,1000,1000,0,0,0,0
1785437913.4510224,idle_post,0,1000,1000,0.0,0.0,1605201739,1000,1000,1000,1000,0,0,0,0
1785437913.469913,idle_post,0,1000,1000,0.0,0.0,1605218983,1000,1000,1000,1000,0,0,0,0
1785437913.4910731,idle_post,0,1000,1000,0.0,0.0,1605241178,1000,1000,1000,1000,0,0,0,0
1785437913.5090044,idle_post,0,1000,1000,0.0,0.0,1605258387,1000,1000,1000,1000,0,0,0,0
1785437913.5300024,idle_post,0,1000,1000,0.0,0.0,1605278096,1000,1000,1000,1000,0,0,0,0
1785437913.5517764,idle_post,0,1000,1000,0.0,0.0,1605301482,1000,1000,1000,1000,0,0,0,0
1785437913.5697236,idle_post,0,1000,1000,0.0,0.0,1605318722,1000,1000,1000,1000,0,0,0,0
1785437913.594429,idle_post,0,1000,1000,0.0,0.0,1605340932,1000,1000,1000,1000,0,0,0,0
1785437913.6089947,idle_post,0,1000,1000,0.0,0.0,1605358129,1000,1000,1000,1000,0,0,0,0
1785437913.6305923,idle_post,0,1000,1000,0.0,0.0,1605379060,1000,1000,1000,1000,0,0,0,0
1785437913.651009,idle_post,0,1000,1000,0.0,0.0,1605401245,1000,1000,1000,1000,0,0,0,0
1785437913.6709518,idle_post,0,1000,1000,0.0,0.0,1605418461,1000,1000,1000,1000,0,0,0,0
1785437913.6910796,idle_post,0,1000,1000,0.0,0.0,1605440632,1000,1000,1000,1000,0,0,0,0
1785437913.7096517,idle_post,0,1000,1000,0.0,0.0,1605459099,1000,1000,1000,1000,0,0,0,0
1785437913.7300131,idle_post,0,1000,1000,0.0,0.0,1605478834,1000,1000,1000,1000,0,0,0,0
1785437913.750987,idle_post,0,1000,1000,0.0,0.0,1605500972,1000,1000,1000,1000,0,0,0,0
1785437913.7696922,idle_post,0,1000,1000,0.0,0.0,1605518232,1000,1000,1000,1000,0,0,0,0
1785437913.7930508,idle_post,0,1000,1000,0.0,0.0,1605539142,1000,1000,1000,1000,0,0,0,0
1785437913.8109715,idle_post,0,1000,1000,0.0,0.0,1605561305,1000,1000,1000,1000,0,0,0,0
1785437913.8301055,idle_post,0,1000,1000,0.0,0.0,1605578548,1000,1000,1000,1000,0,0,0,0
1785437913.8511703,idle_post,0,1000,1000,0.0,0.0,1605600708,1000,1000,1000,1000,0,0,0,0
1785437913.870588,idle_post,0,1000,1000,0.0,0.0,1605619212,1000,1000,1000,1000,0,0,0,0
1785437913.893079,idle_post,0,1000,1000,0.0,0.0,1605638882,1000,1000,1000,1000,0,0,0,0
1785437913.9109695,idle_post,0,1000,1000,0.0,0.0,1605659815,1000,1000,1000,1000,0,0,0,0
1785437913.9289694,idle_post,0,1000,1000,0.0,0.0,1605679512,1000,1000,1000,1000,0,0,0,0
1785437913.9490118,idle_post,0,1000,1000,0.0,0.0,1605699216,1000,1000,1000,1000,0,0,0,0
1785437913.9723692,idle_post,0,1000,1000,0.0,0.0,1605720159,1000,1000,1000,1000,0,0,0,0
1785437913.9931645,idle_post,0,1000,1000,0.0,0.0,1605739862,1000,1000,1000,1000,0,0,0,0
1785437914.0110636,idle_post,0,1000,1000,0.0,0.0,1605759569,1000,1000,1000,1000,0,0,0,0
1785437914.0299711,idle_post,0,1000,1000,0.0,0.0,1605779258,1000,1000,1000,1000,0,0,0,0
1785437914.050992,idle_post,0,1000,1000,0.0,0.0,1605800196,1000,1000,1000,1000,0,0,0,0
1785437914.0718575,idle_post,0,1000,1000,0.0,0.0,1605819892,1000,1000,1000,1000,0,0,0,0
1785437914.0930886,idle_post,0,1000,1000,0.0,0.0,1605839599,1000,1000,1000,1000,0,0,0,0
1785437914.1089902,idle_post,0,1000,1000,0.0,0.0,1605859300,1000,1000,1000,1000,0,0,0,0
1785437914.1310062,idle_post,0,1000,1000,0.0,0.0,1605880233,1000,1000,1000,1000,0,0,0,0
1785437914.1491,idle_post,0,1000,1000,0.0,0.0,1605899943,1000,1000,1000,1000,0,0,0,0
1785437914.1708667,idle_post,0,1000,1000,0.0,0.0,1605919633,1000,1000,1000,1000,0,0,0,0
1785437914.1922567,idle_post,0,1000,1000,0.0,0.0,1605941803,1000,1000,1000,1000,0,0,0,0
1785437914.2100098,idle_post,0,1000,1000,0.0,0.0,1605960275,1000,1000,1000,1000,0,0,0,0
1785437914.2315466,idle_post,0,1000,1000,0.0,0.0,1605979977,1000,1000,1000,1000,0,0,0,0
1785437914.2517674,idle_post,0,1000,1000,0.0,0.0,1606002155,1000,1000,1000,1000,0,0,0,0
1785437914.270075,idle_post,0,1000,1000,0.0,0.0,1606019372,1000,1000,1000,1000,0,0,0,0
1785437914.2936606,idle_post,0,1000,1000,0.0,0.0,1606039078,1000,1000,1000,1000,0,0,0,0
1785437914.3109844,idle_post,0,1000,1000,0.0,0.0,1606060017,1000,1000,1000,1000,0,0,0,0
1785437914.3301904,idle_post,0,1000,1000,0.0,0.0,1606079713,1000,1000,1000,1000,0,0,0,0
1785437914.350986,idle_post,0,1000,1000,0.0,0.0,1606099419,1000,1000,1000,1000,0,0,0,0
1785437914.370358,idle_post,0,1000,1000,0.0,0.0,1606119136,1000,1000,1000,1000,0,0,0,0
1785437914.393148,idle_post,0,1000,1000,0.0,0.0,1606140051,1000,1000,1000,1000,0,0,0,0
1785437914.411832,idle_post,0,1000,1000,0.0,0.0,1606162221,1000,1000,1000,1000,0,0,0,0
1785437914.4300008,idle_post,0,1000,1000,0.0,0.0,1606179454,1000,1000,1000,1000,0,0,0,0
1785437914.450995,idle_post,0,1000,1000,0.0,0.0,1606201618,1000,1000,1000,1000,0,0,0,0
1785437914.4709294,idle_post,0,1000,1000,0.0,0.0,1606220121,1000,1000,1000,1000,0,0,0,0
1785437914.4919024,idle_post,0,1000,1000,0.0,0.0,1606239797,1000,1000,1000,1000,0,0,0,0
1785437914.5090063,idle_post,0,1000,1000,0.0,0.0,1606259512,1000,1000,1000,1000,0,0,0,0
1785437914.5300186,idle_post,0,1000,1000,0.0,0.0,1606279194,1000,1000,1000,1000,0,0,0,0
1785437914.5490305,idle_post,0,1000,1000,0.0,0.0,1606297673,1000,1000,1000,1000,0,0,0,0
1785437914.5709274,idle_post,0,1000,1000,0.0,0.0,1606319829,1000,1000,1000,1000,0,0,0,0
1785437914.5913014,idle_post,0,1000,1000,0.0,0.0,1606342011,1000,1000,1000,1000,0,0,0,0
1785437914.6090307,idle_post,0,1000,1000,0.0,0.0,1606359233,1000,1000,1000,1000,0,0,0,0
1785437914.6310172,idle_post,0,1000,1000,0.0,0.0,1606380170,1000,1000,1000,1000,0,0,0,0
1785437914.6500185,idle_post,0,1000,1000,0.0,0.0,1606399874,1000,1000,1000,1000,0,0,0,0
1785437914.6725118,idle_post,0,1000,1000,0.0,0.0,1606419575,1000,1000,1000,1000,0,0,0,0
1785437914.6926777,idle_post,0,1000,1000,0.0,0.0,1606439273,1000,1000,1000,1000,0,0,0,0
1785437914.7102456,idle_post,0,1000,1000,0.0,0.0,1606460248,1000,1000,1000,1000,0,0,0,0
1785437914.7290227,idle_post,0,1000,1000,0.0,0.0,1606477457,1000,1000,1000,1000,0,0,0,0
1785437914.7500212,idle_post,0,1000,1000,0.0,0.0,1606499611,1000,1000,1000,1000,0,0,0,0
1785437914.7721748,idle_post,0,1000,1000,0.0,0.0,1606521778,1000,1000,1000,1000,0,0,0,0
1785437914.7920942,idle_post,0,1000,1000,0.0,0.0,1606536564,1000,1000,1000,1000,0,0,0,0
1785437914.8123267,idle_post,0,1000,1000,0.0,0.0,1606562418,1000,1000,1000,1000,0,0,0,0
1785437914.8300097,idle_post,0,1000,1000,0.0,0.0,1606579647,1000,1000,1000,1000,0,0,0,0
1785437914.8531528,idle_post,0,1000,1000,0.0,0.0,1606601818,1000,1000,1000,1000,0,0,0,0
1785437914.8736582,idle_post,0,1000,1000,0.0,0.0,1606622757,1000,1000,1000,1000,0,0,0,0
1785437914.893089,idle_post,0,1000,1000,0.0,0.0,1606639990,1000,1000,1000,1000,0,0,0,0
1785437914.9116452,idle_post,0,1000,1000,0.0,0.0,1606660931,1000,1000,1000,1000,0,0,0,0
1785437914.931574,idle_post,0,1000,1000,0.0,0.0,1606680625,1000,1000,1000,1000,0,0,0,0
1785437914.9490018,idle_post,0,1000,1000,0.0,0.0,1606697870,1000,1000,1000,1000,0,0,0,0
1785437914.9710808,idle_post,0,1000,1000,0.0,0.0,1606718797,1000,1000,1000,1000,0,0,0,0
1785437914.9918861,idle_post,0,1000,1000,0.0,0.0,1606740972,1000,1000,1000,1000,0,0,0,0
1785437915.0097978,idle_post,0,1000,1000,0.0,0.0,1606758205,1000,1000,1000,1000,0,0,0,0
1785437915.0306268,idle_post,0,1000,1000,0.0,0.0,1606780367,1000,1000,1000,1000,0,0,0,0
1785437915.0510402,idle_post,0,1000,1000,0.0,0.0,1606801296,1000,1000,1000,1000,0,0,0,0
1785437915.0721073,idle_post,0,1000,1000,0.0,0.0,1606818538,1000,1000,1000,1000,0,0,0,0
1785437915.0911102,idle_post,0,1000,1000,0.0,0.0,1606840707,1000,1000,1000,1000,0,0,0,0
1785437915.1100082,idle_post,0,1000,1000,0.0,0.0,1606860402,1000,1000,1000,1000,0,0,0,0
1785437915.1310108,idle_post,0,1000,1000,0.0,0.0,1606880109,1000,1000,1000,1000,0,0,0,0
1785437915.1490107,idle_post,0,1000,1000,0.0,0.0,1606898580,1000,1000,1000,1000,0,0,0,0
1785437915.170818,idle_post,0,1000,1000,0.0,0.0,1606920748,1000,1000,1000,1000,0,0,0,0
1785437915.1921067,idle_post,0,1000,1000,0.0,0.0,1606938010,1000,1000,1000,1000,0,0,0,0
1785437915.2100205,idle_post,0,1000,1000,0.0,0.0,1606960147,1000,1000,1000,1000,0,0,0,0
1785437915.2310207,idle_post,0,1000,1000,0.0,0.0,1606981092,1000,1000,1000,1000,0,0,0,0
1785437915.2490373,idle_post,0,1000,1000,0.0,0.0,1606998318,1000,1000,1000,1000,0,0,0,0
1785437915.2726247,idle_post,0,1000,1000,0.0,0.0,1607020482,1000,1000,1000,1000,0,0,0,0
1785437915.2920966,idle_post,0,1000,1000,0.0,0.0,1607037725,1000,1000,1000,1000,0,0,0,0
1785437915.3113363,idle_post,0,1000,1000,0.0,0.0,1607061125,1000,1000,1000,1000,0,0,0,0
1785437915.3300333,idle_post,0,1000,1000,0.0,0.0,1607080828,1000,1000,1000,1000,0,0,0,0
1785437915.351073,idle_post,0,1000,1000,0.0,0.0,1607100525,1000,1000,1000,1000,0,0,0,0
1785437915.3697267,idle_post,0,1000,1000,0.0,0.0,1607117762,1000,1000,1000,1000,0,0,0,0
1785437915.3931117,idle_post,0,1000,1000,0.0,0.0,1607138695,1000,1000,1000,1000,0,0,0,0
1785437915.4090161,idle_post,0,1000,1000,0.0,0.0,1607158398,1000,1000,1000,1000,0,0,0,0
1785437915.4300222,idle_post,0,1000,1000,0.0,0.0,1607180563,1000,1000,1000,1000,0,0,0,0
1785437915.4510415,idle_post,0,1000,1000,0.0,0.0,1607200265,1000,1000,1000,1000,0,0,0,0
1785437915.4700036,idle_post,0,1000,1000,0.0,0.0,1607218737,1000,1000,1000,1000,0,0,0,0
1785437915.4931676,idle_post,0,1000,1000,0.0,0.0,1607240904,1000,1000,1000,1000,0,0,0,0
1785437915.512109,idle_post,0,1000,1000,0.0,0.0,1607260604,1000,1000,1000,1000,0,0,0,0
1785437915.5320554,idle_post,0,1000,1000,0.0,0.0,1607282775,1000,1000,1000,1000,0,0,0,0
1785437915.5500627,idle_post,0,1000,1000,0.0,0.0,1607298777,1000,1000,1000,1000,0,0,0,0
1785437915.572708,idle_post,0,1000,1000,0.0,0.0,1607320951,1000,1000,1000,1000,0,0,0,0
1785437915.5921383,idle_post,0,1000,1000,0.0,0.0,1607338183,1000,1000,1000,1000,0,0,0,0
1785437915.611222,idle_post,0,1000,1000,0.0,0.0,1607360346,1000,1000,1000,1000,0,0,0,0
1785437915.630393,idle_post,0,1000,1000,0.0,0.0,1607377584,1000,1000,1000,1000,0,0,0,0
1785437915.6501231,idle_post,0,1000,1000,0.0,0.0,1607398513,1000,1000,1000,1000,0,0,0,0
1785437915.672428,idle_post,0,1000,1000,0.0,0.0,1607420685,1000,1000,1000,1000,0,0,0,0
1785437915.6928117,idle_post,0,1000,1000,0.0,0.0,1607440387,1000,1000,1000,1000,0,0,0,0
1785437915.7100763,idle_post,0,1000,1000,0.0,0.0,1607460092,1000,1000,1000,1000,0,0,0,0
1785437915.7312422,idle_post,0,1000,1000,0.0,0.0,1607481021,1000,1000,1000,1000,0,0,0,0
1785437915.749206,idle_post,0,1000,1000,0.0,0.0,1607498268,1000,1000,1000,1000,0,0,0,0
1785437915.770786,idle_post,0,1000,1000,0.0,0.0,1607520453,1000,1000,1000,1000,0,0,0,0
1785437915.791917,idle_post,0,1000,1000,0.0,0.0,1607540127,1000,1000,1000,1000,0,0,0,0
1785437915.810133,idle_post,0,1000,1000,0.0,0.0,1607558600,1000,1000,1000,1000,0,0,0,0
1785437915.831316,idle_post,0,1000,1000,0.0,0.0,1607580758,1000,1000,1000,1000,0,0,0,0
1785437915.8500347,idle_post,0,1000,1000,0.0,0.0,1607600463,1000,1000,1000,1000,0,0,0,0
1785437915.8701751,idle_post,0,1000,1000,0.0,0.0,1607617707,1000,1000,1000,1000,0,0,0,0
1785437915.893129,idle_post,0,1000,1000,0.0,0.0,1607641102,1000,1000,1000,1000,0,0,0,0
1785437915.9091976,idle_post,0,1000,1000,0.0,0.0,1607655900,1000,1000,1000,1000,0,0,0,0
1785437915.9291291,idle_post,0,1000,1000,0.0,0.0,1607679272,1000,1000,1000,1000,0,0,0,0
1785437915.9500558,idle_post,0,1000,1000,0.0,0.0,1607698977,1000,1000,1000,1000,0,0,0,0
1785437915.972459,idle_post,0,1000,1000,0.0,0.0,1607721136,1000,1000,1000,1000,0,0,0,0
1785437915.9931233,idle_post,0,1000,1000,0.0,0.0,1607739605,1000,1000,1000,1000,0,0,0,0
1785437916.0110917,idle_post,0,1000,1000,0.0,0.0,1607761771,1000,1000,1000,1000,0,0,0,0
1785437916.02915,idle_post,0,1000,1000,0.0,0.0,1607779017,1000,1000,1000,1000,0,0,0,0
1785437916.050511,idle_post,0,1000,1000,0.0,0.0,1607798719,1000,1000,1000,1000,0,0,0,0
1785437916.0727751,idle_post,0,1000,1000,0.0,0.0,1607819647,1000,1000,1000,1000,0,0,0,0
1785437916.0919218,idle_post,0,1000,1000,0.0,0.0,1607841811,1000,1000,1000,1000,0,0,0,0
1785437916.1091917,idle_post,0,1000,1000,0.0,0.0,1607859055,1000,1000,1000,1000,0,0,0,0
1785437916.1310594,idle_post,0,1000,1000,0.0,0.0,1607881216,1000,1000,1000,1000,0,0,0,0
1785437916.1491585,idle_post,0,1000,1000,0.0,0.0,1607899687,1000,1000,1000,1000,0,0,0,0
1785437916.1710129,idle_post,0,1000,1000,0.0,0.0,1607919395,1000,1000,1000,1000,0,0,0,0
1785437916.192425,idle_post,0,1000,1000,0.0,0.0,1607941551,1000,1000,1000,1000,0,0,0,0
1785437916.210055,idle_post,0,1000,1000,0.0,0.0,1607958791,1000,1000,1000,1000,0,0,0,0
1785437916.231372,idle_post,0,1000,1000,0.0,0.0,1607979732,1000,1000,1000,1000,0,0,0,0
1785437916.2496731,idle_post,0,1000,1000,0.0,0.0,1607999439,1000,1000,1000,1000,0,0,0,0
1785437916.2730002,idle_post,0,1000,1000,0.0,0.0,1608021600,1000,1000,1000,1000,0,0,0,0
1785437916.2939725,idle_post,0,1000,1000,0.0,0.0,1608041299,1000,1000,1000,1000,0,0,0,0
1785437916.31015,idle_post,0,1000,1000,0.0,0.0,1608059764,1000,1000,1000,1000,0,0,0,0
1785437916.3311212,idle_post,0,1000,1000,0.0,0.0,1608079476,1000,1000,1000,1000,0,0,0,0
1785437916.3495834,idle_post,0,1000,1000,0.0,0.0,1608099169,1000,1000,1000,1000,0,0,0,0
1785437916.3715005,idle_post,0,1000,1000,0.0,0.0,1608121336,1000,1000,1000,1000,0,0,0,0
1785437916.3921473,idle_post,0,1000,1000,0.0,0.0,1608139828,1000,1000,1000,1000,0,0,0,0
1785437916.4101448,idle_post,0,1000,1000,0.0,0.0,1608159516,1000,1000,1000,1000,0,0,0,0
1785437916.4310503,idle_post,0,1000,1000,0.0,0.0,1608181681,1000,1000,1000,1000,0,0,0,0
1785437916.4501557,idle_post,0,1000,1000,0.0,0.0,1608198914,1000,1000,1000,1000,0,0,0,0
1785437916.4724498,idle_post,0,1000,1000,0.0,0.0,1608218613,1000,1000,1000,1000,0,0,0,0
1785437916.493345,idle_post,0,1000,1000,0.0,0.0,1608239552,1000,1000,1000,1000,0,0,0,0
1785437916.510165,idle_post,0,1000,1000,0.0,0.0,1608259250,1000,1000,1000,1000,0,0,0,0
1785437916.5290568,idle_post,0,1000,1000,0.0,0.0,1608278955,1000,1000,1000,1000,0,0,0,0
1785437916.5504248,idle_post,0,1000,1000,0.0,0.0,1608301122,1000,1000,1000,1000,0,0,0,0
1785437916.5723405,idle_post,0,1000,1000,0.0,0.0,1608319594,1000,1000,1000,1000,0,0,0,0
1785437916.592203,idle_post,0,1000,1000,0.0,0.0,1608339287,1000,1000,1000,1000,0,0,0,0
1785437916.6102154,idle_post,0,1000,1000,0.0,0.0,1608358994,1000,1000,1000,1000,0,0,0,0
1785437916.6311445,idle_post,0,1000,1000,0.0,0.0,1608381163,1000,1000,1000,1000,0,0,0,0
1785437916.6511352,idle_post,0,1000,1000,0.0,0.0,1608399632,1000,1000,1000,1000,0,0,0,0
1785437916.672499,idle_post,0,1000,1000,0.0,0.0,1608421790,1000,1000,1000,1000,0,0,0,0
1785437916.6932852,idle_post,0,1000,1000,0.0,0.0,1608439047,1000,1000,1000,1000,0,0,0,0
1785437916.7092123,idle_post,0,1000,1000,0.0,0.0,1608458731,1000,1000,1000,1000,0,0,0,0
1785437916.7302027,idle_post,0,1000,1000,0.0,0.0,1608479672,1000,1000,1000,1000,0,0,0,0
1785437916.7510958,idle_post,0,1000,1000,0.0,0.0,1608501829,1000,1000,1000,1000,0,0,0,0
1785437916.769831,idle_post,0,1000,1000,0.0,0.0,1608519072,1000,1000,1000,1000,0,0,0,0
1785437916.7919593,idle_post,0,1000,1000,0.0,0.0,1608541241,1000,1000,1000,1000,0,0,0,0
1785437916.8094795,idle_post,0,1000,1000,0.0,0.0,1608559714,1000,1000,1000,1000,0,0,0,0
1785437916.830176,idle_post,0,1000,1000,0.0,0.0,1608579416,1000,1000,1000,1000,0,0,0,0
1785437916.8520935,idle_post,0,1000,1000,0.0,0.0,1608601580,1000,1000,1000,1000,0,0,0,0
1785437916.8711255,idle_post,0,1000,1000,0.0,0.0,1608621283,1000,1000,1000,1000,0,0,0,0
1785437916.8921728,idle_post,0,1000,1000,0.0,0.0,1608639751,1000,1000,1000,1000,0,0,0,0
1785437916.9111633,idle_post,0,1000,1000,0.0,0.0,1608661912,1000,1000,1000,1000,0,0,0,0
1785437916.9290726,idle_post,0,1000,1000,0.0,0.0,1608677926,1000,1000,1000,1000,0,0,0,0
1785437916.9504402,idle_post,0,1000,1000,0.0,0.0,1608700083,1000,1000,1000,1000,0,0,0,0
1785437916.9723961,idle_post,0,1000,1000,0.0,0.0,1608719789,1000,1000,1000,1000,0,0,0,0
1785437916.992772,idle_post,0,1000,1000,0.0,0.0,1608740729,1000,1000,1000,1000,0,0,0,0
1785437917.0104947,idle_post,0,1000,1000,0.0,0.0,1608760434,1000,1000,1000,1000,0,0,0,0
1785437917.0300698,idle_post,0,1000,1000,0.0,0.0,1608780125,1000,1000,1000,1000,0,0,0,0
1785437917.0511754,idle_post,0,1000,1000,0.0,0.0,1608799829,1000,1000,1000,1000,0,0,0,0
1785437917.0721712,idle_post,0,1000,1000,0.0,0.0,1608817066,1000,1000,1000,1000,0,0,0,0
1785437917.0920062,idle_post,0,1000,1000,0.0,0.0,1608840456,1000,1000,1000,1000,0,0,0,0
1785437917.1100721,idle_post,0,1000,1000,0.0,0.0,1608860161,1000,1000,1000,1000,0,0,0,0
1785437917.1312404,idle_post,0,1000,1000,0.0,0.0,1608879866,1000,1000,1000,1000,0,0,0,0
1785437917.149101,idle_post,0,1000,1000,0.0,0.0,1608899570,1000,1000,1000,1000,0,0,0,0
1785437917.170864,idle_post,0,1000,1000,0.0,0.0,1608920500,1000,1000,1000,1000,0,0,0,0
1785437917.191994,idle_post,0,1000,1000,0.0,0.0,1608940206,1000,1000,1000,1000,0,0,0,0
1785437917.209097,idle_post,0,1000,1000,0.0,0.0,1608957443,1000,1000,1000,1000,0,0,0,0
1785437917.2313237,idle_post,0,1000,1000,0.0,0.0,1608982069,1000,1000,1000,1000,0,0,0,0
1785437917.249119,idle_post,0,1000,1000,0.0,0.0,1608998080,1000,1000,1000,1000,0,0,0,0
1785437917.2725816,idle_post,0,1000,1000,0.0,0.0,1609020241,1000,1000,1000,1000,0,0,0,0
1785437917.293164,idle_post,0,1000,1000,0.0,0.0,1609039945,1000,1000,1000,1000,0,0,0,0
1785437917.311275,idle_post,0,1000,1000,0.0,0.0,1609059684,1000,1000,1000,1000,0,0,0,0
1785437917.3291388,idle_post,0,1000,1000,0.0,0.0,1609078117,1000,1000,1000,1000,0,0,0,0
1785437917.350121,idle_post,0,1000,1000,0.0,0.0,1609100281,1000,1000,1000,1000,0,0,0,0
1785437917.3698905,idle_post,0,1000,1000,0.0,0.0,1609117518,1000,1000,1000,1000,0,0,0,0
1785437917.3934035,idle_post,0,1000,1000,0.0,0.0,1609139692,1000,1000,1000,1000,0,0,0,0
1785437917.4111793,idle_post,0,1000,1000,0.0,0.0,1609160616,1000,1000,1000,1000,0,0,0,0
1785437917.4292731,idle_post,0,1000,1000,0.0,0.0,1609177870,1000,1000,1000,1000,0,0,0,0
1785437917.4512906,idle_post,0,1000,1000,0.0,0.0,1609200021,1000,1000,1000,1000,0,0,0,0
1785437917.4702911,idle_post,0,1000,1000,0.0,0.0,1609219725,1000,1000,1000,1000,0,0,0,0
1785437917.4936664,idle_post,0,1000,1000,0.0,0.0,1609240653,1000,1000,1000,1000,0,0,0,0
1785437917.5120385,idle_post,0,1000,1000,0.0,0.0,1609260357,1000,1000,1000,1000,0,0,0,0
1785437917.5301015,idle_post,0,1000,1000,0.0,0.0,1609280083,1000,1000,1000,1000,0,0,0,0
1785437917.55163,idle_post,0,1000,1000,0.0,0.0,1609302228,1000,1000,1000,1000,0,0,0,0
1785437917.569803,idle_post,0,1000,1000,0.0,0.0,1609318241,1000,1000,1000,1000,0,0,0,0
1785437917.594298,idle_post,0,1000,1000,0.0,0.0,1609340403,1000,1000,1000,1000,0,0,0,0
1785437917.610416,idle_post,0,1000,1000,0.0,0.0,1609360101,1000,1000,1000,1000,0,0,0,0
1785437917.6311066,idle_post,0,1000,1000,0.0,0.0,1609379806,1000,1000,1000,1000,0,0,0,0
1785437917.6502423,idle_post,0,1000,1000,0.0,0.0,1609400738,1000,1000,1000,1000,0,0,0,0
1785437917.6732485,idle_post,0,1000,1000,0.0,0.0,1609420441,1000,1000,1000,1000,0,0,0,0
1785437917.692219,idle_post,0,1000,1000,0.0,0.0,1609437709,1000,1000,1000,1000,0,0,0,0
1785437917.7111216,idle_post,0,1000,1000,0.0,0.0,1609459849,1000,1000,1000,1000,0,0,0,0
1785437917.7291439,idle_post,0,1000,1000,0.0,0.0,1609477086,1000,1000,1000,1000,0,0,0,0
1785437917.750124,idle_post,0,1000,1000,0.0,0.0,1609500479,1000,1000,1000,1000,0,0,0,0
1785437917.772557,idle_post,0,1000,1000,0.0,0.0,1609520178,1000,1000,1000,1000,0,0,0,0
1785437917.7932355,idle_post,0,1000,1000,0.0,0.0,1609539883,1000,1000,1000,1000,0,0,0,0
1785437917.8114288,idle_post,0,1000,1000,0.0,0.0,1609559606,1000,1000,1000,1000,0,0,0,0
1785437917.829158,idle_post,0,1000,1000,0.0,0.0,1609578129,1000,1000,1000,1000,0,0,0,0
1785437917.8501096,idle_post,0,1000,1000,0.0,0.0,1609600221,1000,1000,1000,1000,0,0,0,0
1785437917.8724766,idle_post,0,1000,1000,0.0,0.0,1609619929,1000,1000,1000,1000,0,0,0,0
1785437917.8922017,idle_post,0,1000,1000,0.0,0.0,1609639621,1000,1000,1000,1000,0,0,0,0
1785437917.9111009,idle_post,0,1000,1000,0.0,0.0,1609660591,1000,1000,1000,1000,0,0,0,0
1785437917.929115,idle_post,0,1000,1000,0.0,0.0,1609677794,1000,1000,1000,1000,0,0,0,0
1785437917.9501019,idle_post,0,1000,1000,0.0,0.0,1609698730,1000,1000,1000,1000,0,0,0,0
1785437917.9723043,idle_post,0,1000,1000,0.0,0.0,1609720929,1000,1000,1000,1000,0,0,0,0
1785437917.992188,idle_post,0,1000,1000,0.0,0.0,1609738141,1000,1000,1000,1000,0,0,0,0
1785437918.0101032,idle_post,0,1000,1000,0.0,0.0,1609759066,1000,1000,1000,1000,0,0,0,0
1785437918.0291893,idle_post,0,1000,1000,0.0,0.0,1609778765,1000,1000,1000,1000,0,0,0,0
1785437918.0501153,idle_post,0,1000,1000,0.0,0.0,1609800931,1000,1000,1000,1000,0,0,0,0
1785437918.074869,idle_post,0,1000,1000,0.0,0.0,1609820644,1000,1000,1000,1000,0,0,0,0
1785437918.092227,idle_post,0,1000,1000,0.0,0.0,1609839105,1000,1000,1000,1000,0,0,0,0
1785437918.111108,idle_post,0,1000,1000,0.0,0.0,1609861294,1000,1000,1000,1000,0,0,0,0
1785437918.129162,idle_post,0,1000,1000,0.0,0.0,1609878512,1000,1000,1000,1000,0,0,0,0
1785437918.1525908,idle_post,0,1000,1000,0.0,0.0,1609903144,1000,1000,1000,1000,0,0,0,0
1785437918.1709158,idle_post,0,1000,1000,0.0,0.0,1609919147,1000,1000,1000,1000,0,0,0,0
1785437918.1928859,idle_post,0,1000,1000,0.0,0.0,1609938848,1000,1000,1000,1000,0,0,0,0
1785437918.2115161,idle_post,0,1000,1000,0.0,0.0,1609961014,1000,1000,1000,1000,0,0,0,0
1785437918.2291172,idle_post,0,1000,1000,0.0,0.0,1609978254,1000,1000,1000,1000,0,0,0,0
1785437918.2514405,idle_post,0,1000,1000,0.0,0.0,1610001668,1000,1000,1000,1000,0,0,0,0
1785437918.2712514,idle_post,0,1000,1000,0.0,0.0,1610018894,1000,1000,1000,1000,0,0,0,0
1785437918.2919934,idle_post,0,1000,1000,0.0,0.0,1610041055,1000,1000,1000,1000,0,0,0,0
1785437918.3099697,idle_post,0,1000,1000,0.0,0.0,1610058292,1000,1000,1000,1000,0,0,0,0
1785437918.3311138,idle_post,0,1000,1000,0.0,0.0,1610081690,1000,1000,1000,1000,0,0,0,0
1785437918.3491523,idle_post,0,1000,1000,0.0,0.0,1610098927,1000,1000,1000,1000,0,0,0,0
1785437918.3723154,idle_post,0,1000,1000,0.0,0.0,1610121092,1000,1000,1000,1000,0,0,0,0
1785437918.3924937,idle_post,0,1000,1000,0.0,0.0,1610138335,1000,1000,1000,1000,0,0,0,0
1785437918.4117763,idle_post,0,1000,1000,0.0,0.0,1610161734,1000,1000,1000,1000,0,0,0,0
1785437918.4301152,idle_post,0,1000,1000,0.0,0.0,1610178970,1000,1000,1000,1000,0,0,0,0
1785437918.4511173,idle_post,0,1000,1000,0.0,0.0,1610201133,1000,1000,1000,1000,0,0,0,0
1785437918.4705224,idle_post,0,1000,1000,0.0,0.0,1610218381,1000,1000,1000,1000,0,0,0,0
1785437918.4932067,idle_post,0,1000,1000,0.0,0.0,1610238077,1000,1000,1000,1000,0,0,0,0
1785437918.5091248,idle_post,0,1000,1000,0.0,0.0,1610259009,1000,1000,1000,1000,0,0,0,0
1785437918.530181,idle_post,0,1000,1000,0.0,0.0,1610278708,1000,1000,1000,1000,0,0,0,0
1785437918.5513024,idle_post,0,1000,1000,0.0,0.0,1610300873,1000,1000,1000,1000,0,0,0,0
1785437918.5698361,idle_post,0,1000,1000,0.0,0.0,1610318113,1000,1000,1000,1000,0,0,0,0
1785437918.5913115,idle_post,0,1000,1000,0.0,0.0,1610341510,1000,1000,1000,1000,0,0,0,0
1785437918.6093051,idle_post,0,1000,1000,0.0,0.0,1610358745,1000,1000,1000,1000,0,0,0,0
1785437918.630126,idle_post,0,1000,1000,0.0,0.0,1610378481,1000,1000,1000,1000,0,0,0,0
1785437918.6501231,idle_post,0,1000,1000,0.0,0.0,1610400614,1000,1000,1000,1000,0,0,0,0
1785437918.6725495,idle_post,0,1000,1000,0.0,0.0,1610421549,1000,1000,1000,1000,0,0,0,0
1785437918.6923366,idle_post,0,1000,1000,0.0,0.0,1610438789,1000,1000,1000,1000,0,0,0,0
1785437918.7104108,idle_post,0,1000,1000,0.0,0.0,1610460952,1000,1000,1000,1000,0,0,0,0
1785437918.7292058,idle_post,0,1000,1000,0.0,0.0,1610478192,1000,1000,1000,1000,0,0,0,0
1785437918.7491713,idle_post,0,1000,1000,0.0,0.0,1610499122,1000,1000,1000,1000,0,0,0,0
1785437918.772339,idle_post,0,1000,1000,0.0,0.0,1610521285,1000,1000,1000,1000,0,0,0,0
1785437918.7922442,idle_post,0,1000,1000,0.0,0.0,1610538530,1000,1000,1000,1000,0,0,0,0
1785437918.812214,idle_post,0,1000,1000,0.0,0.0,1610560695,1000,1000,1000,1000,0,0,0,0
1785437918.8301525,idle_post,0,1000,1000,0.0,0.0,1610579165,1000,1000,1000,1000,0,0,0,0
1785437918.8518538,idle_post,0,1000,1000,0.0,0.0,1610601326,1000,1000,1000,1000,0,0,0,0
1785437918.8701103,idle_post,0,1000,1000,0.0,0.0,1610618579,1000,1000,1000,1000,0,0,0,0
1785437918.8943372,idle_post,0,1000,1000,0.0,0.0,1610640733,1000,1000,1000,1000,0,0,0,0
1785437918.9091961,idle_post,0,1000,1000,0.0,0.0,1610659203,1000,1000,1000,1000,0,0,0,0
1785437918.9311275,idle_post,0,1000,1000,0.0,0.0,1610681373,1000,1000,1000,1000,0,0,0,0
1785437918.9503052,idle_post,0,1000,1000,0.0,0.0,1610699837,1000,1000,1000,1000,0,0,0,0
1785437918.9733074,idle_post,0,1000,1000,0.0,0.0,1610722010,1000,1000,1000,1000,0,0,0,0
1785437918.9932404,idle_post,0,1000,1000,0.0,0.0,1610739244,1000,1000,1000,1000,0,0,0,0
1785437919.0097322,idle_post,0,1000,1000,0.0,0.0,1610760185,1000,1000,1000,1000,0,0,0,0
1785437919.0301473,idle_post,0,1000,1000,0.0,0.0,1610779878,1000,1000,1000,1000,0,0,0,0
1785437919.0512443,idle_post,0,1000,1000,0.0,0.0,1610799580,1000,1000,1000,1000,0,0,0,0
1785437919.0724401,idle_post,0,1000,1000,0.0,0.0,1610819282,1000,1000,1000,1000,0,0,0,0
1785437919.09322,idle_post,0,1000,1000,0.0,0.0,1610838993,1000,1000,1000,1000,0,0,0,0
1785437919.11114,idle_post,0,1000,1000,0.0,0.0,1610859918,1000,1000,1000,1000,0,0,0,0
1785437919.1291401,idle_post,0,1000,1000,0.0,0.0,1610879617,1000,1000,1000,1000,0,0,0,0
1785437919.1501381,idle_post,0,1000,1000,0.0,0.0,1610899321,1000,1000,1000,1000,0,0,0,0
1785437919.1700456,idle_post,0,1000,1000,0.0,0.0,1610919027,1000,1000,1000,1000,0,0,0,0
1785437919.193293,idle_post,0,1000,1000,0.0,0.0,1610939962,1000,1000,1000,1000,0,0,0,0
1785437919.2111683,idle_post,0,1000,1000,0.0,0.0,1610959665,1000,1000,1000,1000,0,0,0,0
1785437919.2291477,idle_post,0,1000,1000,0.0,0.0,1610979388,1000,1000,1000,1000,0,0,0,0
1785437919.2511413,idle_post,0,1000,1000,0.0,0.0,1611001526,1000,1000,1000,1000,0,0,0,0
1785437919.2703617,idle_post,0,1000,1000,0.0,0.0,1611020001,1000,1000,1000,1000,0,0,0,0
1785437919.2932646,idle_post,0,1000,1000,0.0,0.0,1611039708,1000,1000,1000,1000,0,0,0,0
1785437919.3112817,idle_post,0,1000,1000,0.0,0.0,1611061868,1000,1000,1000,1000,0,0,0,0
1785437919.330224,idle_post,0,1000,1000,0.0,0.0,1611079108,1000,1000,1000,1000,0,0,0,0
1785437919.349235,idle_post,0,1000,1000,0.0,0.0,1611097580,1000,1000,1000,1000,0,0,0,0
1785437919.370881,idle_post,0,1000,1000,0.0,0.0,1611119736,1000,1000,1000,1000,0,0,0,0
1785437919.3925805,idle_post,0,1000,1000,0.0,0.0,1611139438,1000,1000,1000,1000,0,0,0,0
1785437919.4111485,idle_post,0,1000,1000,0.0,0.0,1611161603,1000,1000,1000,1000,0,0,0,0
1785437919.4293563,idle_post,0,1000,1000,0.0,0.0,1611177619,1000,1000,1000,1000,0,0,0,0
1785437919.4512072,idle_post,0,1000,1000,0.0,0.0,1611199778,1000,1000,1000,1000,0,0,0,0
1785437919.4700959,idle_post,0,1000,1000,0.0,0.0,1611219482,1000,1000,1000,1000,0,0,0,0
1785437919.4932396,idle_post,0,1000,1000,0.0,0.0,1611239185,1000,1000,1000,1000,0,0,0,0
1785437919.511634,idle_post,0,1000,1000,0.0,0.0,1611260114,1000,1000,1000,1000,0,0,0,0
1785437919.529153,idle_post,0,1000,1000,0.0,0.0,1611279817,1000,1000,1000,1000,0,0,0,0
1785437919.551312,idle_post,0,1000,1000,0.0,0.0,1611301989,1000,1000,1000,1000,0,0,0,0
1785437919.5698617,idle_post,0,1000,1000,0.0,0.0,1611319222,1000,1000,1000,1000,0,0,0,0
1785437919.5937455,idle_post,0,1000,1000,0.0,0.0,1611340152,1000,1000,1000,1000,0,0,0,0
1785437919.6111577,idle_post,0,1000,1000,0.0,0.0,1611359857,1000,1000,1000,1000,0,0,0,0
1785437919.6301434,idle_post,0,1000,1000,0.0,0.0,1611379558,1000,1000,1000,1000,0,0,0,0
1785437919.651271,idle_post,0,1000,1000,0.0,0.0,1611401724,1000,1000,1000,1000,0,0,0,0
1785437919.6701877,idle_post,0,1000,1000,0.0,0.0,1611416502,1000,1000,1000,1000,0,0,0,0
1785437919.6926024,idle_post,0,1000,1000,0.0,0.0,1611439898,1000,1000,1000,1000,0,0,0,0
1785437919.709176,idle_post,0,1000,1000,0.0,0.0,1611459599,1000,1000,1000,1000,0,0,0,0
1785437919.7301888,idle_post,0,1000,1000,0.0,0.0,1611479311,1000,1000,1000,1000,0,0,0,0
1785437919.7511916,idle_post,0,1000,1000,0.0,0.0,1611499007,1000,1000,1000,1000,0,0,0,0
1785437919.7709286,idle_post,0,1000,1000,0.0,0.0,1611519933,1000,1000,1000,1000,0,0,0,0
1785437919.7912672,idle_post,0,1000,1000,0.0,0.0,1611539637,1000,1000,1000,1000,0,0,0,0
1785437919.8091886,idle_post,0,1000,1000,0.0,0.0,1611559342,1000,1000,1000,1000,0,0,0,0
1785437919.830176,idle_post,0,1000,1000,0.0,0.0,1611579042,1000,1000,1000,1000,0,0,0,0
1785437919.8512304,idle_post,0,1000,1000,0.0,0.0,1611599980,1000,1000,1000,1000,0,0,0,0
1785437919.8701005,idle_post,0,1000,1000,0.0,0.0,1611619672,1000,1000,1000,1000,0,0,0,0
1785437919.8916945,idle_post,0,1000,1000,0.0,0.0,1611641846,1000,1000,1000,1000,0,0,0,0
1785437919.9091868,idle_post,0,1000,1000,0.0,0.0,1611659081,1000,1000,1000,1000,0,0,0,0
1785437919.9301932,idle_post,0,1000,1000,0.0,0.0,1611680018,1000,1000,1000,1000,0,0,0,0
1785437919.9511673,idle_post,0,1000,1000,0.0,0.0,1611700953,1000,1000,1000,1000,0,0,0,0
1785437919.9710078,idle_post,0,1000,1000,0.0,0.0,1611720650,1000,1000,1000,1000,0,0,0,0
1785437919.9912705,idle_post,0,1000,1000,0.0,0.0,1611740353,1000,1000,1000,1000,0,0,0,0
1785437920.0095751,idle_post,0,1000,1000,0.0,0.0,1611760056,1000,1000,1000,1000,0,0,0,0
1785437920.0302362,idle_post,0,1000,1000,0.0,0.0,1611778526,1000,1000,1000,1000,0,0,0,0
1785437920.0491683,idle_post,0,1000,1000,0.0,0.0,1611798263,1000,1000,1000,1000,0,0,0,0
1785437920.073248,idle_post,0,1000,1000,0.0,0.0,1611820392,1000,1000,1000,1000,0,0,0,0
1785437920.0920527,idle_post,0,1000,1000,0.0,0.0,1611840095,1000,1000,1000,1000,0,0,0,0
1785437920.1091728,idle_post,0,1000,1000,0.0,0.0,1611858566,1000,1000,1000,1000,0,0,0,0
1785437920.130286,idle_post,0,1000,1000,0.0,0.0,1611880728,1000,1000,1000,1000,0,0,0,0
1785437920.1521745,idle_post,0,1000,1000,0.0,0.0,1611900430,1000,1000,1000,1000,0,0,0,0
1785437920.1709995,idle_post,0,1000,1000,0.0,0.0,1611920134,1000,1000,1000,1000,0,0,0,0
1785437920.1920705,idle_post,0,1000,1000,0.0,0.0,1611941069,1000,1000,1000,1000,0,0,0,0
1785437920.2091935,idle_post,0,1000,1000,0.0,0.0,1611958309,1000,1000,1000,1000,0,0,0,0
1785437920.2310548,idle_post,0,1000,1000,0.0,0.0,1611980469,1000,1000,1000,1000,0,0,0,0
1785437920.2491868,idle_post,0,1000,1000,0.0,0.0,1611997716,1000,1000,1000,1000,0,0,0,0
1785437920.2730231,idle_post,0,1000,1000,0.0,0.0,1612021111,1000,1000,1000,1000,0,0,0,0
1785437920.2931867,idle_post,0,1000,1000,0.0,0.0,1612040813,1000,1000,1000,1000,0,0,0,0
1785437920.311244,idle_post,0,1000,1000,0.0,0.0,1612060511,1000,1000,1000,1000,0,0,0,0
1785437920.3291814,idle_post,0,1000,1000,0.0,0.0,1612077753,1000,1000,1000,1000,0,0,0,0
1785437920.35118,idle_post,0,1000,1000,0.0,0.0,1612101145,1000,1000,1000,1000,0,0,0,0
1785437920.3698893,idle_post,0,1000,1000,0.0,0.0,1612118394,1000,1000,1000,1000,0,0,0,0
1785437920.393264,idle_post,0,1000,1000,0.0,0.0,1612140545,1000,1000,1000,1000,0,0,0,0
1785437920.4111814,idle_post,0,1000,1000,0.0,0.0,1612160251,1000,1000,1000,1000,0,0,0,0
1785437920.430504,idle_post,0,1000,1000,0.0,0.0,1612178726,1000,1000,1000,1000,0,0,0,0
1785437920.4511948,idle_post,0,1000,1000,0.0,0.0,1612200883,1000,1000,1000,1000,0,0,0,0
1785437920.4703176,idle_post,0,1000,1000,0.0,0.0,1612218129,1000,1000,1000,1000,0,0,0,0
1785437920.493271,idle_post,0,1000,1000,0.0,0.0,1612240288,1000,1000,1000,1000,0,0,0,0
1785437920.5111845,idle_post,0,1000,1000,0.0,0.0,1612261224,1000,1000,1000,1000,0,0,0,0
1785437920.5291865,idle_post,0,1000,1000,0.0,0.0,1612278465,1000,1000,1000,1000,0,0,0,0
1785437920.5503643,idle_post,0,1000,1000,0.0,0.0,1612300629,1000,1000,1000,1000,0,0,0,0
1785437920.5699162,idle_post,0,1000,1000,0.0,0.0,1612317869,1000,1000,1000,1000,0,0,0,0
1785437920.5932753,idle_post,0,1000,1000,0.0,0.0,1612337567,1000,1000,1000,1000,0,0,0,0
1785437920.6111934,idle_post,0,1000,1000,0.0,0.0,1612360971,1000,1000,1000,1000,0,0,0,0
1785437920.630185,idle_post,0,1000,1000,0.0,0.0,1612380670,1000,1000,1000,1000,0,0,0,0
1785437920.6511862,idle_post,0,1000,1000,0.0,0.0,1612400371,1000,1000,1000,1000,0,0,0,0
1785437920.6702223,idle_post,0,1000,1000,0.0,0.0,1612417607,1000,1000,1000,1000,0,0,0,0
1785437920.6933722,idle_post,0,1000,1000,0.0,0.0,1612438545,1000,1000,1000,1000,0,0,0,0
1785437920.7092469,idle_post,0,1000,1000,0.0,0.0,1612458245,1000,1000,1000,1000,0,0,0,0
1785437920.7302375,idle_post,0,1000,1000,0.0,0.0,1612480410,1000,1000,1000,1000,0,0,0,0
1785437920.7512121,idle_post,0,1000,1000,0.0,0.0,1612500118,1000,1000,1000,1000,0,0,0,0
1785437920.7699022,idle_post,0,1000,1000,0.0,0.0,1612518585,1000,1000,1000,1000,0,0,0,0
1785437920.7923465,idle_post,0,1000,1000,0.0,0.0,1612540749,1000,1000,1000,1000,0,0,0,0
1785437920.8102262,idle_post,0,1000,1000,0.0,0.0,1612560453,1000,1000,1000,1000,0,0,0,0
1785437920.831907,idle_post,0,1000,1000,0.0,0.0,1612580160,1000,1000,1000,1000,0,0,0,0
1785437920.849297,idle_post,0,1000,1000,0.0,0.0,1612598668,1000,1000,1000,1000,0,0,0,0
1785437920.8726838,idle_post,0,1000,1000,0.0,0.0,1612620785,1000,1000,1000,1000,0,0,0,0
1785437920.8922977,idle_post,0,1000,1000,0.0,0.0,1612638031,1000,1000,1000,1000,0,0,0,0
1785437920.9108126,idle_post,0,1000,1000,0.0,0.0,1612660192,1000,1000,1000,1000,0,0,0,0
1785437920.931238,idle_post,0,1000,1000,0.0,0.0,1612681127,1000,1000,1000,1000,0,0,0,0
1785437920.950092,idle_post,0,1000,1000,0.0,0.0,1612698361,1000,1000,1000,1000,0,0,0,0
1785437920.9723933,idle_post,0,1000,1000,0.0,0.0,1612721766,1000,1000,1000,1000,0,0,0,0
1785437920.9926875,idle_post,0,1000,1000,0.0,0.0,1612739010,1000,1000,1000,1000,0,0,0,0
1785437921.0101964,idle_post,0,1000,1000,0.0,0.0,1612758711,1000,1000,1000,1000,0,0,0,0
1785437921.0312114,idle_post,0,1000,1000,0.0,0.0,1612779638,1000,1000,1000,1000,0,0,0,0
1785437921.0492988,idle_post,0,1000,1000,0.0,0.0,1612799339,1000,1000,1000,1000,0,0,0,0
1785437921.0735142,idle_post,0,1000,1000,0.0,0.0,1612819044,1000,1000,1000,1000,0,0,0,0
1785437921.0912988,idle_post,0,1000,1000,0.0,0.0,1612841202,1000,1000,1000,1000,0,0,0,0
1785437921.109304,idle_post,0,1000,1000,0.0,0.0,1612859673,1000,1000,1000,1000,0,0,0,0
1785437921.1302278,idle_post,0,1000,1000,0.0,0.0,1612879373,1000,1000,1000,1000,0,0,0,0
1785437921.1492941,idle_post,0,1000,1000,0.0,0.0,1612899093,1000,1000,1000,1000,0,0,0,0
1785437921.171322,idle_post,0,1000,1000,0.0,0.0,1612918778,1000,1000,1000,1000,0,0,0,0
1785437921.1921008,idle_post,0,1000,1000,0.0,0.0,1612938479,1000,1000,1000,1000,0,0,0,0
1785437921.2093115,idle_post,0,1000,1000,0.0,0.0,1612959415,1000,1000,1000,1000,0,0,0,0
1785437921.230207,idle_post,0,1000,1000,0.0,0.0,1612979121,1000,1000,1000,1000,0,0,0,0
1785437921.251265,idle_post,0,1000,1000,0.0,0.0,1613001283,1000,1000,1000,1000,0,0,0,0
1785437921.271195,idle_post,0,1000,1000,0.0,0.0,1613020988,1000,1000,1000,1000,0,0,0,0
1785437921.2920885,idle_post,0,1000,1000,0.0,0.0,1613041921,1000,1000,1000,1000,0,0,0,0
1785437921.3093064,idle_post,0,1000,1000,0.0,0.0,1613059159,1000,1000,1000,1000,0,0,0,0
1785437921.3302436,idle_post,0,1000,1000,0.0,0.0,1613078858,1000,1000,1000,1000,0,0,0,0
1785437921.349302,idle_post,0,1000,1000,0.0,0.0,1613098587,1000,1000,1000,1000,0,0,0,0
1785437921.3709385,idle_post,0,1000,1000,0.0,0.0,1613119494,1000,1000,1000,1000,0,0,0,0
1785437921.392094,idle_post,0,1000,1000,0.0,0.0,1613141664,1000,1000,1000,1000,0,0,0,0
1785437921.4094741,idle_post,0,1000,1000,0.0,0.0,1613158898,1000,1000,1000,1000,0,0,0,0
1785437921.4309745,idle_post,0,1000,1000,0.0,0.0,1613181067,1000,1000,1000,1000,0,0,0,0
1785437921.452579,idle_post,0,1000,1000,0.0,0.0,1613202003,1000,1000,1000,1000,0,0,0,0
1785437921.4711888,idle_post,0,1000,1000,0.0,0.0,1613219237,1000,1000,1000,1000,0,0,0,0
1785437921.4925306,idle_post,0,1000,1000,0.0,0.0,1613238964,1000,1000,1000,1000,0,0,0,0
1785437921.5119972,idle_post,0,1000,1000,0.0,0.0,1613261106,1000,1000,1000,1000,0,0,0,0
1785437921.5293236,idle_post,0,1000,1000,0.0,0.0,1613279575,1000,1000,1000,1000,0,0,0,0
1785437921.551045,idle_post,0,1000,1000,0.0,0.0,1613299283,1000,1000,1000,1000,0,0,0,0
1785437921.5724447,idle_post,0,1000,1000,0.0,0.0,1613321442,1000,1000,1000,1000,0,0,0,0
1785437921.594344,idle_post,0,1000,1000,0.0,0.0,1613341148,1000,1000,1000,1000,0,0,0,0
1785437921.6102521,idle_post,0,1000,1000,0.0,0.0,1613359609,1000,1000,1000,1000,0,0,0,0
1785437921.6312413,idle_post,0,1000,1000,0.0,0.0,1613381824,1000,1000,1000,1000,0,0,0,0
1785437921.6496918,idle_post,0,1000,1000,0.0,0.0,1613399019,1000,1000,1000,1000,0,0,0,0
1785437921.6717205,idle_post,0,1000,1000,0.0,0.0,1613421184,1000,1000,1000,1000,0,0,0,0
1785437921.6914566,idle_post,0,1000,1000,0.0,0.0,1613439659,1000,1000,1000,1000,0,0,0,0
1785437921.7092662,idle_post,0,1000,1000,0.0,0.0,1613459359,1000,1000,1000,1000,0,0,0,0
1785437921.7303467,idle_post,0,1000,1000,0.0,0.0,1613479060,1000,1000,1000,1000,0,0,0,0
1785437921.7512286,idle_post,0,1000,1000,0.0,0.0,1613501224,1000,1000,1000,1000,0,0,0,0
1785437921.769938,idle_post,0,1000,1000,0.0,0.0,1613518466,1000,1000,1000,1000,0,0,0,0
1785437921.7934263,idle_post,0,1000,1000,0.0,0.0,1613539401,1000,1000,1000,1000,0,0,0,0
1785437921.809265,idle_post,0,1000,1000,0.0,0.0,1613559096,1000,1000,1000,1000,0,0,0,0
1785437921.8307145,idle_post,0,1000,1000,0.0,0.0,1613581263,1000,1000,1000,1000,0,0,0,0
1785437921.8517187,idle_post,0,1000,1000,0.0,0.0,1613602201,1000,1000,1000,1000,0,0,0,0
1785437921.8702457,idle_post,0,1000,1000,0.0,0.0,1613619436,1000,1000,1000,1000,0,0,0,0
1785437921.8913713,idle_post,0,1000,1000,0.0,0.0,1613641600,1000,1000,1000,1000,0,0,0,0
1785437921.9094656,idle_post,0,1000,1000,0.0,0.0,1613658836,1000,1000,1000,1000,0,0,0,0
1785437921.9304855,idle_post,0,1000,1000,0.0,0.0,1613681020,1000,1000,1000,1000,0,0,0,0
1785437921.951272,idle_post,0,1000,1000,0.0,0.0,1613699476,1000,1000,1000,1000,0,0,0,0
1785437921.9711034,idle_post,0,1000,1000,0.0,0.0,1613720405,1000,1000,1000,1000,0,0,0,0
1785437921.9923623,idle_post,0,1000,1000,0.0,0.0,1613737645,1000,1000,1000,1000,0,0,0,0
1785437922.010522,idle_post,0,1000,1000,0.0,0.0,1613759821,1000,1000,1000,1000,0,0,0,0
1785437922.0313215,idle_post,0,1000,1000,0.0,0.0,1613779512,1000,1000,1000,1000,0,0,0,0
1785437922.0492413,idle_post,0,1000,1000,0.0,0.0,1613797990,1000,1000,1000,1000,0,0,0,0
1785437922.0743728,idle_post,0,1000,1000,0.0,0.0,1613820153,1000,1000,1000,1000,0,0,0,0
1785437922.093053,idle_post,0,1000,1000,0.0,0.0,1613839855,1000,1000,1000,1000,0,0,0,0
1785437922.1103349,idle_post,0,1000,1000,0.0,0.0,1613859553,1000,1000,1000,1000,0,0,0,0
1785437922.132313,idle_post,0,1000,1000,0.0,0.0,1613880489,1000,1000,1000,1000,0,0,0,0
1785437922.1503315,idle_post,0,1000,1000,0.0,0.0,1613900190,1000,1000,1000,1000,0,0,0,0
1785437922.172847,idle_post,0,1000,1000,0.0,0.0,1613919892,1000,1000,1000,1000,0,0,0,0
1785437922.1923347,idle_post,0,1000,1000,0.0,0.0,1613939590,1000,1000,1000,1000,0,0,0,0
1785437922.2111976,idle_post,0,1000,1000,0.0,0.0,1613960526,1000,1000,1000,1000,0,0,0,0
1785437922.2292445,idle_post,0,1000,1000,0.0,0.0,1613977767,1000,1000,1000,1000,0,0,0,0
1785437922.2505927,idle_post,0,1000,1000,0.0,0.0,1613999931,1000,1000,1000,1000,0,0,0,0
1785437922.272878,idle_post,0,1000,1000,0.0,0.0,1614022097,1000,1000,1000,1000,0,0,0,0
1785437922.2940776,idle_post,0,1000,1000,0.0,0.0,1614040567,1000,1000,1000,1000,0,0,0,0
1785437922.3123055,idle_post,0,1000,1000,0.0,0.0,1614062727,1000,1000,1000,1000,0,0,0,0
1785437922.330311,idle_post,0,1000,1000,0.0,0.0,1614079978,1000,1000,1000,1000,0,0,0,0
1785437922.351506,idle_post,0,1000,1000,0.0,0.0,1614099676,1000,1000,1000,1000,0,0,0,0
1785437922.3699472,idle_post,0,1000,1000,0.0,0.0,1614118146,1000,1000,1000,1000,0,0,0,0
1785437922.393373,idle_post,0,1000,1000,0.0,0.0,1614140307,1000,1000,1000,1000,0,0,0,0
1785437922.411524,idle_post,0,1000,1000,0.0,0.0,1614160012,1000,1000,1000,1000,0,0,0,0
1785437922.4302669,idle_post,0,1000,1000,0.0,0.0,1614179711,1000,1000,1000,1000,0,0,0,0
1785437922.4492483,idle_post,0,1000,1000,0.0,0.0,1614198180,1000,1000,1000,1000,0,0,0,0
1785437922.4711988,idle_post,0,1000,1000,0.0,0.0,1614220343,1000,1000,1000,1000,0,0,0,0
1785437922.4929066,idle_post,0,1000,1000,0.0,0.0,1614240066,1000,1000,1000,1000,0,0,0,0
1785437922.510488,idle_post,0,1000,1000,0.0,0.0,1614259746,1000,1000,1000,1000,0,0,0,0
1785437922.5313404,idle_post,0,1000,1000,0.0,0.0,1614280686,1000,1000,1000,1000,0,0,0,0
1785437922.5492768,idle_post,0,1000,1000,0.0,0.0,1614297923,1000,1000,1000,1000,0,0,0,0
1785437922.5709538,idle_post,0,1000,1000,0.0,0.0,1614320093,1000,1000,1000,1000,0,0,0,0
1785437922.5913608,idle_post,0,1000,1000,0.0,0.0,1614339788,1000,1000,1000,1000,0,0,0,0
1785437922.6102672,idle_post,0,1000,1000,0.0,0.0,1614360729,1000,1000,1000,1000,0,0,0,0
1785437922.631422,idle_post,0,1000,1000,0.0,0.0,1614380428,1000,1000,1000,1000,0,0,0,0
1785437922.65027,idle_post,0,1000,1000,0.0,0.0,1614400132,1000,1000,1000,1000,0,0,0,0
1785437922.670528,idle_post,0,1000,1000,0.0,0.0,1614419860,1000,1000,1000,1000,0,0,0,0
1785437922.6933444,idle_post,0,1000,1000,0.0,0.0,1614439533,1000,1000,1000,1000,0,0,0,0
1785437922.7113748,idle_post,0,1000,1000,0.0,0.0,1614460464,1000,1000,1000,1000,0,0,0,0
1785437922.7292635,idle_post,0,1000,1000,0.0,0.0,1614477702,1000,1000,1000,1000,0,0,0,0
1785437922.750269,idle_post,0,1000,1000,0.0,0.0,1614499870,1000,1000,1000,1000,0,0,0,0
1785437922.7738962,idle_post,0,1000,1000,0.0,0.0,1614522033,1000,1000,1000,1000,0,0,0,0
1785437922.7933486,idle_post,0,1000,1000,0.0,0.0,1614540502,1000,1000,1000,1000,0,0,0,0
1785437922.8124201,idle_post,0,1000,1000,0.0,0.0,1614562672,1000,1000,1000,1000,0,0,0,0
1785437922.8313067,idle_post,0,1000,1000,0.0,0.0,1614579925,1000,1000,1000,1000,0,0,0,0
1785437922.8492785,idle_post,0,1000,1000,0.0,0.0,1614599607,1000,1000,1000,1000,0,0,0,0
1785437922.8741229,idle_post,0,1000,1000,0.0,0.0,1614620541,1000,1000,1000,1000,0,0,0,0
1785437922.8923845,idle_post,0,1000,1000,0.0,0.0,1614637784,1000,1000,1000,1000,0,0,0,0
1785437922.9109688,idle_post,0,1000,1000,0.0,0.0,1614659949,1000,1000,1000,1000,0,0,0,0
1785437922.931453,idle_post,0,1000,1000,0.0,0.0,1614679652,1000,1000,1000,1000,0,0,0,0
1785437922.9502416,idle_post,0,1000,1000,0.0,0.0,1614700587,1000,1000,1000,1000,0,0,0,0
1785437922.9736288,idle_post,0,1000,1000,0.0,0.0,1614720295,1000,1000,1000,1000,0,0,0,0
1785437922.9933639,idle_post,0,1000,1000,0.0,0.0,1614738756,1000,1000,1000,1000,0,0,0,0
1785437923.011309,idle_post,0,1000,1000,0.0,0.0,1614760922,1000,1000,1000,1000,0,0,0,0
1785437923.0293553,idle_post,0,1000,1000,0.0,0.0,1614778163,1000,1000,1000,1000,0,0,0,0
1785437923.0502923,idle_post,0,1000,1000,0.0,0.0,1614799104,1000,1000,1000,1000,0,0,0,0
1785437923.0747027,idle_post,0,1000,1000,0.0,0.0,1614821261,1000,1000,1000,1000,0,0,0,0
1785437923.0923686,idle_post,0,1000,1000,0.0,0.0,1614838497,1000,1000,1000,1000,0,0,0,0
1785437923.11027,idle_post,0,1000,1000,0.0,0.0,1614860663,1000,1000,1000,1000,0,0,0,0
1785437923.129267,idle_post,0,1000,1000,0.0,0.0,1614879135,1000,1000,1000,1000,0,0,0,0
1785437923.1503088,idle_post,0,1000,1000,0.0,0.0,1614898836,1000,1000,1000,1000,0,0,0,0
1785437923.17252,idle_post,0,1000,1000,0.0,0.0,1614921000,1000,1000,1000,1000,0,0,0,0
1785437923.1923835,idle_post,0,1000,1000,0.0,0.0,1614938236,1000,1000,1000,1000,0,0,0,0
1785437923.2113483,idle_post,0,1000,1000,0.0,0.0,1614961641,1000,1000,1000,1000,0,0,0,0
1785437923.2292888,idle_post,0,1000,1000,0.0,0.0,1614978874,1000,1000,1000,1000,0,0,0,0
1785437923.2503636,idle_post,0,1000,1000,0.0,0.0,1614998578,1000,1000,1000,1000,0,0,0,0
1785437923.2727792,idle_post,0,1000,1000,0.0,0.0,1615020766,1000,1000,1000,1000,0,0,0,0
1785437923.2924004,idle_post,0,1000,1000,0.0,0.0,1615039210,1000,1000,1000,1000,0,0,0,0
1785437923.3102806,idle_post,0,1000,1000,0.0,0.0,1615058912,1000,1000,1000,1000,0,0,0,0
1785437923.3293357,idle_post,0,1000,1000,0.0,0.0,1615078663,1000,1000,1000,1000,0,0,0,0
1785437923.3506927,idle_post,0,1000,1000,0.0,0.0,1615100783,1000,1000,1000,1000,0,0,0,0
1785437923.3724713,idle_post,0,1000,1000,0.0,0.0,1615121713,1000,1000,1000,1000,0,0,0,0
1785437923.3923743,idle_post,0,1000,1000,0.0,0.0,1615138959,1000,1000,1000,1000,0,0,0,0
1785437923.4113054,idle_post,0,1000,1000,0.0,0.0,1615161124,1000,1000,1000,1000,0,0,0,0
1785437923.4292777,idle_post,0,1000,1000,0.0,0.0,1615178357,1000,1000,1000,1000,0,0,0,0
1785437923.4502802,idle_post,0,1000,1000,0.0,0.0,1615200517,1000,1000,1000,1000,0,0,0,0
1785437923.4738488,idle_post,0,1000,1000,0.0,0.0,1615221456,1000,1000,1000,1000,0,0,0,0
1785437923.4933684,idle_post,0,1000,1000,0.0,0.0,1615241164,1000,1000,1000,1000,0,0,0,0
1785437923.5092976,idle_post,0,1000,1000,0.0,0.0,1615258396,1000,1000,1000,1000,0,0,0,0
1785437923.5312498,idle_post,0,1000,1000,0.0,0.0,1615280562,1000,1000,1000,1000,0,0,0,0
1785437923.5492802,idle_post,0,1000,1000,0.0,0.0,1615299029,1000,1000,1000,1000,0,0,0,0
